; Generated by plotter-processor
; Page 2/20
; Motion profile: safe
; Draw feed: 1000.000 mm/min
; Travel feed: 3000.000 mm/min
; Z feed: 500.000 mm/min
; Pen Z: down=1.000 up=5.000
; Down settle: 100 ms
; Estimated ideal time: 648.803648 s
G21
G90
G0 Z5.000 F500.000
G0 X25.054 Y203.404 F3000.000
G1 Z1.000 F500.000
G4 P100
G1 X25.213 Y203.139 F1000.000
G1 X25.540 Y202.935
G1 X25.920 Y202.866
G1 X26.291 Y202.936
G1 X26.577 Y203.111
G1 X26.777 Y203.380
G1 X26.996 Y204.300
G1 X27.002 Y204.607
G1 X26.416 Y204.641
G1 X28.291 Y204.668
G1 X27.080 Y204.690
G1 X27.190 Y206.470
G1 X27.683 Y206.602
G1 X29.229 Y206.516
G1 X27.661 Y206.602
G1 X27.190 Y206.470
G1 X26.840 Y206.554
G1 X26.174 Y206.424
G1 X25.836 Y206.255
G1 X25.628 Y206.003
G1 X25.574 Y205.659
G1 X25.672 Y205.362
G0 Z5.000 F500.000
G0 X28.931 Y203.506 F3000.000
G1 Z1.000 F500.000
G4 P100
G1 X29.607 Y203.692 F1000.000
G1 X29.994 Y204.026
G1 X30.071 Y204.277
G1 X30.026 Y204.528
G1 X29.887 Y204.681
G1 X29.656 Y204.744
G1 X29.259 Y204.615
G1 X28.965 Y204.229
G1 X28.869 Y203.743
G1 X28.992 Y203.197
G1 X29.321 Y202.931
G1 X29.799 Y202.897
G1 X30.199 Y203.096
G1 X30.416 Y203.462
G0 Z5.000 F500.000
G0 X32.007 Y203.260 F3000.000
G1 Z1.000 F500.000
G4 P100
G1 X32.231 Y204.506 F1000.000
G1 X31.796 Y204.758
G1 X31.414 Y204.601
G1 X31.093 Y204.261
G1 X30.896 Y203.807
G1 X30.859 Y203.327
G1 X30.956 Y203.054
G1 X31.148 Y202.913
G1 X31.392 Y202.924
G1 X31.702 Y203.185
G1 X32.007 Y203.260
G1 X32.044 Y202.964
G0 Z5.000 F500.000
G0 X32.956 Y204.749 F3000.000
G1 Z1.000 F500.000
G4 P100
G1 X33.429 Y204.718 F1000.000
G1 X33.561 Y204.829
G1 X33.592 Y205.416
G1 X33.898 Y206.361
G1 X34.194 Y206.727
G1 X34.525 Y206.729
G1 X34.653 Y206.416
G1 X34.609 Y205.946
G1 X34.001 Y204.832
G1 X34.352 Y204.761
G1 X34.772 Y204.842
G1 X34.352 Y204.761
G1 X33.561 Y204.829
G1 X33.473 Y204.734
G1 X33.464 Y203.960
G1 X33.555 Y203.348
G1 X33.789 Y203.003
G1 X34.252 Y202.923
G1 X34.623 Y203.169
G0 Z5.000 F500.000
G0 X35.585 Y204.822 F3000.000
G1 Z1.000 F500.000
G4 P100
G1 X35.423 Y204.659 F1000.000
G1 X35.295 Y204.147
G1 X35.270 Y203.193
G1 X35.397 Y203.026
G1 X35.566 Y203.036
G1 X36.001 Y203.482
G1 X36.330 Y203.597
G1 X36.373 Y202.957
G1 X36.330 Y203.597
G1 X36.654 Y204.766
G0 Z5.000 F500.000
G0 X37.863 Y204.817 F3000.000
G1 Z1.000 F500.000
G4 P100
G1 X37.713 Y204.661 F1000.000
G1 X37.557 Y203.978
G1 X37.643 Y203.457
G1 X37.599 Y202.930
G1 X37.643 Y203.457
G1 X37.942 Y203.647
G1 X38.390 Y204.379
G1 X38.925 Y204.649
G1 X38.837 Y204.539
G1 X39.025 Y203.933
G1 X38.979 Y203.841
G1 X39.230 Y204.021
G1 X39.371 Y203.998
G1 X39.631 Y203.591
G1 X39.796 Y203.506
G1 X40.378 Y203.651
G1 X40.753 Y203.888
G1 X40.931 Y204.233
G1 X40.858 Y204.584
G1 X40.630 Y204.730
G1 X40.317 Y204.715
G1 X40.046 Y204.549
G1 X39.842 Y204.256
G1 X39.734 Y203.802
G1 X39.798 Y203.346
G1 X40.113 Y202.963
G1 X40.467 Y202.881
G1 X40.838 Y202.950
G1 X41.126 Y203.159
G1 X41.281 Y203.462
G0 Z5.000 F500.000
G0 X87.967 Y205.599 F3000.000
G1 Z1.000 F500.000
G4 P100
G1 X88.038 Y205.904 F1000.000
G1 X87.983 Y206.206
G1 X87.668 Y206.532
G1 X86.857 Y206.595
G1 X86.162 Y206.328
G1 X85.969 Y206.091
G1 X85.873 Y205.768
G1 X85.975 Y205.324
G1 X86.365 Y204.869
G1 X86.976 Y204.891
G1 X86.365 Y204.869
G1 X86.245 Y204.713
G1 X85.661 Y204.436
G1 X85.397 Y203.893
G1 X85.434 Y203.506
G1 X85.586 Y203.275
G1 X85.856 Y203.102
G1 X86.751 Y202.941
G1 X87.971 Y203.061
G1 X88.464 Y203.222
G1 X88.694 Y203.401
G0 Z5.000 F500.000
G0 X90.686 Y204.378 F3000.000
G1 Z1.000 F500.000
G4 P100
G1 X90.663 Y204.638 F1000.000
G1 X90.545 Y204.708
G1 X90.228 Y204.644
G1 X89.805 Y204.246
G1 X89.463 Y204.673
G1 X89.065 Y204.673
G1 X88.926 Y204.397
G1 X89.048 Y204.661
G1 X89.333 Y204.720
G1 X89.537 Y204.617
G1 X89.805 Y204.246
G1 X89.727 Y203.360
G1 X89.141 Y202.926
G1 X88.886 Y202.921
G1 X88.692 Y203.055
G1 X88.642 Y203.324
G1 X88.738 Y203.562
G1 X88.650 Y203.162
G1 X88.865 Y202.927
G1 X89.216 Y202.955
G1 X89.727 Y203.360
G1 X90.103 Y202.960
G1 X90.580 Y202.920
G1 X91.020 Y203.261
G1 X91.236 Y204.044
G1 X91.436 Y204.325
G1 X92.416 Y204.733
G1 X92.692 Y204.592
G1 X92.807 Y204.243
G1 X92.677 Y203.575
G1 X92.255 Y203.040
G1 X91.919 Y202.885
G1 X91.569 Y202.886
G1 X91.430 Y203.238
G1 X91.180 Y203.133
G1 X91.023 Y202.945
G1 X90.678 Y202.034
G1 X90.532 Y201.280
G1 X90.597 Y200.783
G1 X90.865 Y200.617
G1 X91.181 Y200.848
G1 X91.394 Y201.592
G1 X91.569 Y202.886
G1 X91.430 Y203.238
G1 X91.586 Y204.378
G1 X91.524 Y204.669
G1 X91.601 Y204.781
G0 Z5.000 F500.000
G0 X93.837 Y203.506 F3000.000
G1 Z1.000 F500.000
G4 P100
G1 X94.512 Y203.692 F1000.000
G1 X94.900 Y204.026
G1 X94.977 Y204.277
G1 X94.932 Y204.528
G1 X94.793 Y204.681
G1 X94.562 Y204.744
G1 X94.164 Y204.615
G1 X93.871 Y204.229
G1 X93.774 Y203.743
G1 X93.897 Y203.197
G1 X94.227 Y202.931
G1 X94.704 Y202.897
G1 X95.105 Y203.096
G1 X95.321 Y203.462
G0 Z5.000 F500.000
G0 X96.791 Y204.117 F3000.000
G1 Z1.000 F500.000
G4 P100
G1 X96.866 Y204.479 F1000.000
G1 X96.658 Y204.722
G1 X96.279 Y204.691
G1 X95.947 Y204.400
G1 X95.789 Y204.033
G1 X95.750 Y203.596
G1 X95.843 Y203.245
G1 X96.050 Y203.013
G1 X96.626 Y202.906
G1 X97.118 Y203.212
G1 X97.235 Y203.477
G1 X97.252 Y204.609
G1 X97.408 Y204.788
G1 X97.818 Y204.717
G1 X97.957 Y204.829
G1 X97.971 Y205.337
G1 X98.238 Y206.242
G1 X98.502 Y206.661
G1 X98.809 Y206.776
G1 X99.022 Y206.561
G1 X99.025 Y206.031
G1 X98.396 Y204.832
G1 X98.747 Y204.761
G1 X99.168 Y204.842
G1 X98.747 Y204.761
G1 X97.957 Y204.829
G1 X97.869 Y204.734
G1 X97.879 Y203.690
G1 X98.056 Y203.131
G1 X98.322 Y202.936
G1 X98.690 Y202.933
G1 X99.270 Y203.399
G1 X100.458 Y203.798
G1 X100.700 Y204.084
G1 X100.735 Y204.431
G1 X100.575 Y204.674
G1 X100.251 Y204.741
G1 X99.878 Y204.569
G1 X99.617 Y204.168
G1 X99.546 Y203.714
G1 X99.683 Y203.172
G1 X100.018 Y202.924
G1 X100.489 Y202.900
G1 X100.875 Y203.096
G1 X101.091 Y203.462
G0 Z5.000 F500.000
G0 X102.781 Y204.705 F3000.000
G1 Z1.000 F500.000
G4 P100
G1 X103.162 Y206.719 F1000.000
G1 X103.351 Y207.027
G1 X103.691 Y207.058
G1 X103.846 Y206.712
G1 X103.817 Y206.078
G1 X103.282 Y204.476
G1 X102.817 Y204.197
G1 X102.706 Y204.388
G1 X102.740 Y204.749
G1 X102.270 Y204.691
G1 X101.952 Y204.486
G1 X101.703 Y204.153
G1 X101.577 Y203.765
G1 X101.554 Y203.387
G1 X101.715 Y202.987
G1 X101.929 Y202.905
G1 X102.250 Y202.978
G1 X102.822 Y203.323
G1 X103.008 Y202.889
G1 X102.821 Y203.330
G1 X102.817 Y204.197
G0 Z5.000 F500.000
G0 X105.081 Y203.108 F3000.000
G1 Z1.000 F500.000
G4 P100
G1 X105.759 Y204.040 F1000.000
G1 X105.999 Y204.214
G1 X106.114 Y204.694
G1 X106.280 Y204.849
G1 X106.114 Y204.694
G1 X105.999 Y204.214
G1 X106.469 Y203.591
G1 X106.549 Y203.191
G1 X106.327 Y202.900
G1 X105.919 Y202.901
G0 Z5.000 F500.000
G0 X107.317 Y204.749 F3000.000
G1 Z1.000 F500.000
G4 P100
G1 X107.789 Y204.718 F1000.000
G1 X107.922 Y204.829
G1 X107.953 Y205.416
G1 X108.259 Y206.361
G1 X108.554 Y206.727
G1 X108.886 Y206.729
G1 X109.013 Y206.416
G1 X108.970 Y205.946
G1 X108.361 Y204.832
G1 X108.712 Y204.761
G1 X109.133 Y204.842
G1 X108.712 Y204.761
G1 X107.922 Y204.829
G1 X107.834 Y204.734
G1 X107.824 Y203.960
G1 X107.916 Y203.348
G1 X108.149 Y203.003
G1 X108.613 Y202.923
G1 X108.984 Y203.169
G0 Z5.000 F500.000
G0 X109.914 Y204.817 F3000.000
G1 Z1.000 F500.000
G4 P100
G1 X109.764 Y204.661 F1000.000
G1 X109.608 Y203.978
G1 X109.694 Y203.457
G1 X109.650 Y202.930
G1 X109.694 Y203.457
G1 X109.993 Y203.647
G1 X110.440 Y204.379
G1 X110.976 Y204.649
G1 X110.888 Y204.539
G1 X111.076 Y203.933
G1 X111.030 Y203.841
G1 X111.281 Y204.021
G1 X111.421 Y203.998
G1 X111.681 Y203.591
G1 X111.847 Y203.506
G1 X112.429 Y203.651
G1 X112.804 Y203.888
G1 X112.982 Y204.233
G1 X112.909 Y204.584
G1 X112.681 Y204.730
G1 X112.368 Y204.715
G1 X112.097 Y204.549
G1 X111.893 Y204.256
G1 X111.785 Y203.802
G1 X111.849 Y203.346
G1 X112.163 Y202.963
G1 X112.517 Y202.881
G1 X112.889 Y202.950
G1 X113.176 Y203.159
G1 X113.331 Y203.462
G0 Z5.000 F500.000
G0 X113.421 Y203.108 F3000.000
G1 Z1.000 F500.000
G4 P100
G1 X114.099 Y204.040 F1000.000
G1 X114.339 Y204.214
G1 X114.454 Y204.694
G1 X114.620 Y204.849
G1 X114.454 Y204.694
G1 X114.339 Y204.214
G1 X114.809 Y203.591
G1 X114.889 Y203.191
G1 X114.667 Y202.900
G1 X114.259 Y202.901
G0 Z5.000 F500.000
G0 X115.556 Y203.108 F3000.000
G1 Z1.000 F500.000
G4 P100
G1 X116.234 Y204.040 F1000.000
G1 X116.474 Y204.214
G1 X116.589 Y204.694
G1 X116.755 Y204.849
G1 X116.589 Y204.694
G1 X116.474 Y204.214
G1 X116.944 Y203.591
G1 X117.024 Y203.191
G1 X116.802 Y202.900
G1 X116.394 Y202.901
G0 Z5.000 F500.000
G0 X119.561 Y204.378 F3000.000
G1 Z1.000 F500.000
G4 P100
G1 X119.824 Y204.437 F1000.000
G1 X120.216 Y204.710
G1 X120.526 Y204.702
G1 X120.758 Y204.407
G1 X120.753 Y203.879
G1 X120.514 Y203.334
G1 X120.106 Y202.964
G1 X119.544 Y202.886
G1 X119.405 Y203.238
G1 X119.020 Y202.983
G1 X118.681 Y202.125
G1 X118.516 Y201.382
G1 X118.544 Y200.851
G1 X118.767 Y200.623
G1 X118.961 Y200.647
G1 X119.122 Y200.792
G1 X119.349 Y201.484
G1 X119.544 Y202.886
G1 X119.405 Y203.238
G1 X119.561 Y204.378
G1 X119.499 Y204.669
G1 X119.576 Y204.781
G0 Z5.000 F500.000
G0 X121.840 Y204.155 F3000.000
G1 Z1.000 F500.000
G4 P100
G1 X121.994 Y204.475 F1000.000
G1 X122.223 Y204.651
G1 X122.612 Y204.700
G1 X122.922 Y204.551
G1 X123.063 Y204.290
G1 X123.122 Y203.872
G1 X123.026 Y203.386
G1 X122.828 Y203.073
G1 X122.337 Y202.921
G1 X121.965 Y203.084
G1 X121.784 Y203.576
G1 X121.840 Y204.155
G0 Z5.000 F500.000
G0 X123.969 Y202.896 F3000.000
G1 Z1.000 F500.000
G4 P100
G1 X124.272 Y204.603 F1000.000
G1 X124.370 Y204.742
G0 Z5.000 F500.000
G0 X125.627 Y204.810 F3000.000
G1 Z1.000 F500.000
G4 P100
G1 X125.464 Y204.556 F1000.000
G1 X125.351 Y204.034
G1 X125.378 Y202.935
G1 X125.385 Y203.457
G1 X125.757 Y203.685
G1 X126.134 Y204.349
G1 X126.696 Y204.539
G1 X126.718 Y204.634
G1 X126.584 Y202.972
G0 Z5.000 F500.000
G0 X127.487 Y204.749 F3000.000
G1 Z1.000 F500.000
G4 P100
G1 X127.959 Y204.718 F1000.000
G1 X128.092 Y204.829
G1 X128.123 Y205.416
G1 X128.429 Y206.361
G1 X128.724 Y206.727
G1 X129.056 Y206.729
G1 X129.183 Y206.416
G1 X129.140 Y205.946
G1 X128.531 Y204.832
G1 X128.882 Y204.761
G1 X129.303 Y204.842
G1 X128.882 Y204.761
G1 X128.092 Y204.829
G1 X128.004 Y204.734
G1 X127.994 Y203.960
G1 X128.086 Y203.348
G1 X128.319 Y203.003
G1 X128.783 Y202.923
G1 X129.154 Y203.169
G0 Z5.000 F500.000
G0 X124.421 Y205.694 F3000.000
G1 Z1.000 F500.000
G4 P100
G1 X124.555 Y205.716 F1000.000
G0 Z5.000 F500.000
G0 X26.219 Y189.040 F3000.000
G1 Z1.000 F500.000
G4 P100
G1 X26.746 Y188.945 F1000.000
G1 X26.834 Y189.047
G1 X26.746 Y188.945
G1 X26.488 Y187.424
G1 X26.327 Y187.213
G1 X26.069 Y187.151
G1 X25.783 Y187.258
G1 X25.567 Y187.503
G1 X25.348 Y188.390
G1 X25.485 Y189.637
G1 X25.936 Y190.591
G1 X26.622 Y191.162
G1 X27.505 Y191.331
G1 X27.928 Y191.255
G1 X28.254 Y191.074
G1 X28.474 Y190.804
G1 X28.579 Y190.448
G1 X28.517 Y189.913
G1 X28.260 Y189.474
G1 X27.823 Y189.161
G1 X27.253 Y189.003
G1 X26.833 Y189.055
G1 X26.897 Y189.936
G1 X27.044 Y190.295
G0 Z5.000 F500.000
G0 X30.507 Y187.980 F3000.000
G1 Z1.000 F500.000
G4 P100
G1 X30.731 Y189.227 F1000.000
G1 X30.296 Y189.479
G1 X29.914 Y189.321
G1 X29.593 Y188.982
G1 X29.396 Y188.528
G1 X29.359 Y188.048
G1 X29.456 Y187.775
G1 X29.648 Y187.633
G1 X29.892 Y187.645
G1 X30.202 Y187.905
G1 X30.507 Y187.980
G1 X30.544 Y187.685
G0 Z5.000 F500.000
G0 X32.088 Y189.538 F3000.000
G1 Z1.000 F500.000
G4 P100
G1 X31.938 Y189.382 F1000.000
G1 X31.782 Y188.698
G1 X31.868 Y188.178
G1 X31.824 Y187.651
G1 X31.868 Y188.178
G1 X32.163 Y188.362
G1 X32.694 Y189.163
G1 X33.062 Y189.260
G1 X33.150 Y189.369
G1 X33.062 Y189.260
G1 X33.250 Y188.654
G1 X33.204 Y188.561
G1 X33.455 Y188.742
G0 Z5.000 F500.000
G0 X35.132 Y187.980 F3000.000
G1 Z1.000 F500.000
G4 P100
G1 X35.356 Y189.227 F1000.000
G1 X34.921 Y189.479
G1 X34.539 Y189.321
G1 X34.218 Y188.982
G1 X34.021 Y188.528
G1 X33.984 Y188.048
G1 X34.081 Y187.775
G1 X34.273 Y187.633
G1 X34.517 Y187.645
G1 X34.827 Y187.905
G1 X35.132 Y187.980
G1 X35.169 Y187.685
G0 Z5.000 F500.000
G0 X37.282 Y187.092 F3000.000
G1 Z1.000 F500.000
G4 P100
G1 X36.947 Y187.011 F1000.000
G1 X36.267 Y186.290
G1 X36.077 Y185.751
G1 X36.232 Y185.400
G1 X36.537 Y185.358
G1 X36.813 Y185.551
G1 X37.055 Y185.976
G1 X37.282 Y186.689
G1 X37.282 Y187.092
G1 X37.457 Y187.548
G1 X37.426 Y187.870
G1 X36.892 Y187.636
G1 X36.653 Y187.630
G1 X36.412 Y187.810
G1 X36.326 Y188.169
G1 X36.398 Y188.623
G1 X36.604 Y189.034
G1 X36.916 Y189.340
G1 X37.276 Y189.481
G1 X37.699 Y189.226
G1 X37.426 Y187.870
G0 Z5.000 F500.000
G0 X39.108 Y189.538 F3000.000
G1 Z1.000 F500.000
G4 P100
G1 X38.958 Y189.382 F1000.000
G1 X38.802 Y188.698
G1 X38.888 Y188.178
G1 X38.844 Y187.651
G1 X38.888 Y188.178
G1 X39.183 Y188.362
G1 X39.714 Y189.163
G1 X40.082 Y189.260
G1 X40.170 Y189.369
G1 X40.082 Y189.260
G1 X40.270 Y188.654
G1 X40.224 Y188.561
G1 X40.475 Y188.742
G0 Z5.000 F500.000
G0 X42.152 Y187.980 F3000.000
G1 Z1.000 F500.000
G4 P100
G1 X42.376 Y189.227 F1000.000
G1 X41.941 Y189.479
G1 X41.559 Y189.321
G1 X41.238 Y188.982
G1 X41.041 Y188.528
G1 X41.004 Y188.048
G1 X41.101 Y187.775
G1 X41.293 Y187.633
G1 X41.537 Y187.645
G1 X41.847 Y187.905
G1 X42.152 Y187.980
G1 X42.189 Y187.685
G0 Z5.000 F500.000
G0 X43.545 Y189.098 F3000.000
G1 Z1.000 F500.000
G4 P100
G1 X43.808 Y189.157 F1000.000
G1 X44.201 Y189.430
G1 X44.510 Y189.422
G1 X44.744 Y189.121
G1 X44.734 Y188.585
G1 X44.490 Y188.042
G1 X44.084 Y187.681
G1 X43.528 Y187.607
G1 X43.389 Y187.958
G1 X43.008 Y187.710
G1 X42.679 Y186.888
G1 X42.506 Y186.154
G1 X42.516 Y185.615
G1 X42.710 Y185.356
G1 X42.918 Y185.356
G1 X43.094 Y185.495
G1 X43.333 Y186.205
G1 X43.528 Y187.607
G1 X43.389 Y187.958
G1 X43.545 Y189.098
G1 X43.501 Y189.436
G1 X43.852 Y189.682
G1 X44.197 Y189.726
G1 X45.783 Y189.410
G1 X46.286 Y189.495
G1 X46.821 Y190.206
G1 X47.130 Y190.946
G1 X47.136 Y191.586
G1 X47.003 Y191.782
G1 X46.822 Y191.828
G1 X46.469 Y191.580
G1 X46.155 Y190.825
G1 X45.940 Y189.830
G1 X45.972 Y189.406
G1 X45.866 Y189.105
G1 X45.845 Y188.507
G1 X45.950 Y188.185
G1 X45.904 Y187.678
G1 X45.950 Y188.185
G1 X46.256 Y188.379
G1 X46.712 Y189.115
G1 X47.165 Y189.254
G1 X47.232 Y188.913
G1 X47.112 Y187.675
G0 Z5.000 F500.000
G0 X49.780 Y188.630 F3000.000
G1 Z1.000 F500.000
G4 P100
G1 X50.033 Y188.725 F1000.000
G1 X50.208 Y188.916
G1 X50.855 Y190.323
G1 X51.000 Y191.347
G1 X50.918 Y191.673
G1 X50.754 Y191.817
G1 X50.395 Y191.702
G1 X50.095 Y191.161
G1 X49.811 Y190.125
G1 X49.682 Y188.962
G1 X49.780 Y188.630
G1 X49.741 Y188.179
G1 X49.958 Y187.763
G1 X50.430 Y187.636
G1 X50.691 Y187.729
G1 X50.847 Y187.897
G0 Z5.000 F500.000
G0 X52.372 Y187.980 F3000.000
G1 Z1.000 F500.000
G4 P100
G1 X52.596 Y189.227 F1000.000
G1 X52.161 Y189.479
G1 X51.779 Y189.321
G1 X51.458 Y188.982
G1 X51.261 Y188.528
G1 X51.224 Y188.048
G1 X51.321 Y187.775
G1 X51.513 Y187.633
G1 X51.757 Y187.645
G1 X52.067 Y187.905
G1 X52.372 Y187.980
G1 X52.409 Y187.685
G0 Z5.000 F500.000
G0 X53.985 Y189.543 F3000.000
G1 Z1.000 F500.000
G4 P100
G1 X53.800 Y189.318 F1000.000
G1 X53.625 Y188.377
G1 X53.661 Y187.950
G1 X53.848 Y187.732
G1 X54.106 Y187.825
G1 X54.413 Y188.210
G1 X54.705 Y188.339
G1 X55.042 Y189.484
G1 X54.705 Y188.339
G1 X54.757 Y188.019
G1 X54.628 Y187.291
G1 X54.515 Y187.094
G1 X54.052 Y186.918
G1 X53.477 Y186.264
G1 X53.306 Y185.725
G1 X53.471 Y185.394
G1 X53.833 Y185.381
G1 X54.143 Y185.692
G1 X54.513 Y186.692
G1 X54.515 Y187.094
G0 Z5.000 F500.000
G0 X56.045 Y188.911 F3000.000
G1 Z1.000 F500.000
G4 P100
G1 X56.207 Y189.219 F1000.000
G1 X56.439 Y189.379
G1 X56.836 Y189.416
G1 X57.131 Y189.255
G1 X57.316 Y188.578
G1 X57.213 Y188.086
G1 X57.006 Y187.779
G1 X56.517 Y187.642
G1 X56.150 Y187.815
G1 X55.975 Y188.333
G1 X56.045 Y188.911
G0 Z5.000 F500.000
G0 X58.635 Y189.543 F3000.000
G1 Z1.000 F500.000
G4 P100
G1 X58.473 Y189.379 F1000.000
G1 X58.345 Y188.868
G1 X58.320 Y187.914
G1 X58.447 Y187.747
G1 X58.616 Y187.757
G1 X59.051 Y188.202
G1 X59.380 Y188.317
G1 X59.423 Y187.678
G1 X59.380 Y188.317
G1 X59.657 Y189.440
G1 X60.385 Y189.516
G1 X60.798 Y189.455
G1 X60.886 Y189.550
G1 X60.984 Y190.415
G1 X61.220 Y191.076
G1 X61.494 Y191.432
G1 X61.814 Y191.473
G1 X61.970 Y191.195
G1 X61.941 Y190.695
G1 X61.326 Y189.553
G1 X61.677 Y189.482
G1 X62.097 Y189.562
G1 X61.677 Y189.482
G1 X60.886 Y189.550
G1 X60.798 Y189.455
G1 X60.790 Y188.652
G1 X60.885 Y188.055
G1 X61.120 Y187.719
G1 X61.577 Y187.643
G1 X61.948 Y187.890
G0 Z5.000 F500.000
G0 X85.067 Y189.470 F3000.000
G1 Z1.000 F500.000
G4 P100
G1 X85.539 Y189.438 F1000.000
G1 X85.672 Y189.550
G1 X85.703 Y190.137
G1 X86.009 Y191.082
G1 X86.304 Y191.447
G1 X86.636 Y191.449
G1 X86.763 Y191.137
G1 X86.720 Y190.666
G1 X86.111 Y189.553
G1 X86.462 Y189.482
G1 X86.883 Y189.562
G1 X86.462 Y189.482
G1 X85.672 Y189.550
G1 X85.584 Y189.455
G1 X85.607 Y188.317
G1 X85.747 Y187.889
G1 X85.989 Y187.674
G1 X86.419 Y187.657
G1 X86.734 Y187.890
G1 X87.246 Y187.622
G1 X87.560 Y189.411
G1 X87.781 Y189.487
G1 X88.123 Y189.422
G1 X88.358 Y189.516
G1 X88.779 Y189.455
G1 X88.867 Y189.550
G1 X88.893 Y190.115
G1 X89.191 Y191.056
G1 X89.463 Y191.423
G1 X89.775 Y191.482
G1 X89.945 Y191.224
G1 X89.926 Y190.709
G1 X89.306 Y189.553
G1 X89.657 Y189.482
G1 X90.078 Y189.562
G1 X89.657 Y189.482
G1 X88.867 Y189.550
G1 X88.779 Y189.455
G1 X88.780 Y188.498
G1 X88.911 Y187.947
G1 X89.211 Y187.664
G1 X89.656 Y187.671
G1 X89.881 Y187.817
G1 X90.360 Y188.478
G1 X91.007 Y188.800
G1 X91.465 Y189.616
G1 X91.762 Y190.393
G1 X91.885 Y191.077
G1 X91.832 Y191.612
G1 X91.597 Y191.826
G1 X91.347 Y191.758
G1 X91.139 Y191.507
G1 X90.739 Y190.333
G1 X90.567 Y188.991
G1 X90.666 Y188.630
G1 X90.616 Y188.236
G1 X90.733 Y187.906
G1 X91.006 Y187.666
G1 X91.402 Y187.654
G1 X91.641 Y187.776
G1 X91.980 Y188.164
G1 X93.010 Y188.527
G1 X93.243 Y188.812
G1 X93.275 Y189.152
G1 X93.122 Y189.390
G1 X92.798 Y189.462
G1 X92.423 Y189.295
G1 X92.159 Y188.895
G1 X92.085 Y188.442
G1 X92.219 Y187.899
G1 X92.551 Y187.647
G1 X93.022 Y187.620
G1 X93.415 Y187.817
G1 X93.631 Y188.183
G0 Z5.000 F500.000
G0 X93.914 Y187.643 F3000.000
G1 Z1.000 F500.000
G4 P100
G1 X96.082 Y191.767 F1000.000
G0 Z5.000 F500.000
G0 X96.833 Y189.406 F3000.000
G1 Z1.000 F500.000
G4 P100
G1 X97.215 Y189.559 F1000.000
G1 X97.889 Y190.627
G1 X98.031 Y191.407
G1 X97.961 Y191.664
G1 X97.799 Y191.816
G1 X97.556 Y191.794
G1 X97.342 Y191.599
G1 X96.954 Y190.599
G1 X96.714 Y188.974
G1 X96.711 Y188.456
G1 X96.811 Y188.185
G1 X96.764 Y187.678
G1 X96.811 Y188.185
G1 X97.116 Y188.379
G1 X97.536 Y189.080
G1 X97.881 Y189.255
G1 X98.035 Y189.245
G1 X98.091 Y189.001
G1 X98.014 Y187.564
G1 X98.964 Y188.152
G1 X99.756 Y188.374
G1 X100.144 Y188.630
G1 X100.298 Y188.932
G1 X100.259 Y189.255
G1 X100.057 Y189.433
G1 X99.738 Y189.449
G1 X99.386 Y189.239
G1 X99.158 Y188.833
G1 X99.107 Y188.413
G1 X99.256 Y187.875
G1 X99.592 Y187.640
G1 X100.063 Y187.624
G1 X100.446 Y187.827
G1 X100.651 Y188.183
G0 Z5.000 F500.000
G0 X102.243 Y187.980 F3000.000
G1 Z1.000 F500.000
G4 P100
G1 X102.467 Y189.227 F1000.000
G1 X102.032 Y189.479
G1 X101.650 Y189.321
G1 X101.329 Y188.982
G1 X101.132 Y188.528
G1 X101.095 Y188.048
G1 X101.192 Y187.775
G1 X101.384 Y187.633
G1 X101.628 Y187.645
G1 X101.938 Y187.905
G1 X102.243 Y187.980
G1 X102.280 Y187.685
G0 Z5.000 F500.000
G0 X104.691 Y189.426 F3000.000
G1 Z1.000 F500.000
G4 P100
G1 X105.072 Y191.439 F1000.000
G1 X105.261 Y191.747
G1 X105.601 Y191.779
G1 X105.756 Y191.433
G1 X105.727 Y190.799
G1 X105.192 Y189.196
G1 X104.727 Y188.918
G1 X104.616 Y189.109
G1 X104.650 Y189.470
G1 X104.180 Y189.412
G1 X103.862 Y189.206
G1 X103.613 Y188.874
G1 X103.487 Y188.485
G1 X103.464 Y188.107
G1 X103.625 Y187.707
G1 X103.839 Y187.625
G1 X104.160 Y187.698
G1 X104.732 Y188.044
G1 X104.918 Y187.609
G1 X104.731 Y188.051
G1 X104.727 Y188.918
G0 Z5.000 F500.000
G0 X105.959 Y187.617 F3000.000
G1 Z1.000 F500.000
G4 P100
G1 X106.262 Y189.324 F1000.000
G1 X106.360 Y189.462
G0 Z5.000 F500.000
G0 X107.617 Y189.531 F3000.000
G1 Z1.000 F500.000
G4 P100
G1 X107.454 Y189.277 F1000.000
G1 X107.341 Y188.755
G1 X107.368 Y187.656
G1 X107.375 Y188.178
G1 X107.747 Y188.406
G1 X108.124 Y189.069
G1 X108.686 Y189.260
G1 X108.708 Y189.355
G1 X108.574 Y187.692
G0 Z5.000 F500.000
G0 X110.678 Y187.092 F3000.000
G1 Z1.000 F500.000
G4 P100
G1 X110.343 Y187.011 F1000.000
G1 X109.662 Y186.290
G1 X109.472 Y185.751
G1 X109.628 Y185.400
G1 X109.939 Y185.360
G1 X110.214 Y185.557
G1 X110.454 Y185.983
G1 X110.684 Y186.717
G1 X110.678 Y187.092
G1 X110.853 Y187.548
G1 X110.822 Y187.870
G1 X110.063 Y187.626
G1 X109.820 Y187.791
G1 X109.723 Y188.125
G1 X109.775 Y188.560
G1 X109.955 Y188.967
G1 X110.235 Y189.284
G1 X110.577 Y189.462
G1 X110.735 Y189.475
G1 X111.094 Y189.233
G1 X110.822 Y187.870
G1 X110.861 Y187.727
G1 X111.326 Y187.647
G1 X111.771 Y187.829
G1 X112.449 Y188.761
G1 X112.689 Y188.935
G1 X112.804 Y189.414
G1 X112.970 Y189.570
G1 X112.804 Y189.414
G1 X112.689 Y188.935
G1 X113.159 Y188.312
G1 X113.239 Y187.911
G1 X113.017 Y187.620
G1 X112.609 Y187.621
G0 Z5.000 F500.000
G0 X114.099 Y187.643 F3000.000
G1 Z1.000 F500.000
G4 P100
G1 X116.267 Y191.767 F1000.000
G0 Z5.000 F500.000
G0 X116.974 Y189.125 F3000.000
G1 Z1.000 F500.000
G4 P100
G1 X117.278 Y189.203 F1000.000
G1 X117.628 Y189.465
G1 X117.941 Y189.366
G1 X118.147 Y189.165
G1 X118.271 Y188.798
G1 X118.252 Y188.347
G1 X118.112 Y187.972
G1 X117.866 Y187.716
G1 X117.496 Y187.625
G1 X117.153 Y187.772
G1 X116.960 Y188.119
G1 X116.905 Y188.658
G1 X116.985 Y189.869
G1 X117.232 Y190.967
G1 X117.552 Y191.647
G1 X117.924 Y191.826
G1 X118.167 Y191.609
G1 X118.202 Y191.103
G1 X118.049 Y190.524
G1 X117.629 Y189.738
G1 X117.628 Y189.465
G0 Z5.000 F500.000
G0 X119.205 Y188.732 F3000.000
G1 Z1.000 F500.000
G4 P100
G1 X119.328 Y189.105 F1000.000
G1 X119.552 Y189.341
G1 X119.913 Y189.428
G1 X120.263 Y189.322
G1 X120.439 Y189.066
G1 X120.518 Y188.636
G1 X120.442 Y188.168
G1 X120.288 Y187.863
G1 X119.834 Y187.648
G1 X119.413 Y187.754
G1 X119.203 Y188.152
G1 X119.205 Y188.732
G0 Z5.000 F500.000
G0 X122.671 Y189.426 F3000.000
G1 Z1.000 F500.000
G4 P100
G1 X123.052 Y191.439 F1000.000
G1 X123.241 Y191.747
G1 X123.581 Y191.779
G1 X123.736 Y191.433
G1 X123.707 Y190.799
G1 X123.172 Y189.196
G1 X122.707 Y188.918
G1 X122.596 Y189.109
G1 X122.630 Y189.470
G1 X122.160 Y189.412
G1 X121.842 Y189.206
G1 X121.593 Y188.874
G1 X121.467 Y188.485
G1 X121.444 Y188.107
G1 X121.605 Y187.707
G1 X121.819 Y187.625
G1 X122.140 Y187.698
G1 X122.712 Y188.044
G1 X122.898 Y187.609
G1 X122.711 Y188.051
G1 X122.707 Y188.918
G0 Z5.000 F500.000
G0 X124.411 Y189.543 F3000.000
G1 Z1.000 F500.000
G4 P100
G1 X124.226 Y189.318 F1000.000
G1 X124.051 Y188.377
G1 X124.087 Y187.950
G1 X124.274 Y187.732
G1 X124.532 Y187.825
G1 X124.839 Y188.210
G1 X125.131 Y188.339
G1 X125.468 Y189.484
G1 X125.131 Y188.339
G1 X125.182 Y188.019
G1 X125.054 Y187.291
G1 X124.940 Y187.094
G1 X124.478 Y186.918
G1 X123.902 Y186.264
G1 X123.732 Y185.725
G1 X123.897 Y185.394
G1 X124.258 Y185.381
G1 X124.569 Y185.692
G1 X124.939 Y186.692
G1 X124.940 Y187.094
G0 Z5.000 F500.000
G0 X126.215 Y186.821 F3000.000
G1 Z1.000 F500.000
G4 P100
G1 X126.515 Y187.907 F1000.000
G0 Z5.000 F500.000
G0 X87.676 Y190.414 F3000.000
G1 Z1.000 F500.000
G4 P100
G1 X87.810 Y190.436 F1000.000
G0 Z5.000 F500.000
G0 X106.411 Y190.414 F3000.000
G1 Z1.000 F500.000
G4 P100
G1 X106.545 Y190.436 F1000.000
G0 Z5.000 F500.000
G0 X126.681 Y189.243 F3000.000
G1 Z1.000 F500.000
G4 P100
G1 X126.681 Y189.245 F1000.000
G0 Z5.000 F500.000
G0 X85.506 Y178.533 F3000.000
G1 Z1.000 F500.000
G4 P100
G1 X85.758 Y178.628 F1000.000
G1 X85.934 Y178.819
G1 X86.581 Y180.226
G1 X86.726 Y181.250
G1 X86.644 Y181.576
G1 X86.480 Y181.720
G1 X86.237 Y181.691
G1 X86.029 Y181.491
G1 X85.628 Y180.442
G1 X85.409 Y178.952
G1 X85.519 Y177.922
G1 X85.773 Y177.602
G1 X86.192 Y177.545
G1 X86.470 Y177.670
G1 X86.820 Y178.067
G1 X87.784 Y178.384
G1 X88.043 Y178.637
G1 X88.128 Y178.953
G1 X88.022 Y179.242
G1 X87.756 Y179.364
G1 X87.369 Y179.275
G1 X87.065 Y178.945
G1 X86.927 Y178.455
G1 X86.992 Y177.955
G1 X87.153 Y177.691
G1 X87.447 Y177.533
G1 X87.826 Y177.516
G1 X88.163 Y177.647
G1 X88.404 Y177.909
G1 X88.837 Y178.873
G1 X89.579 Y179.172
G1 X90.228 Y180.108
G1 X90.446 Y180.675
G1 X90.517 Y181.210
G1 X90.438 Y181.587
G1 X90.210 Y181.732
G1 X89.923 Y181.602
G1 X89.652 Y181.169
G1 X89.146 Y179.444
G1 X89.174 Y179.033
G1 X89.007 Y178.286
G1 X89.005 Y177.167
G1 X89.105 Y176.281
G1 X89.292 Y175.971
G1 X89.598 Y176.030
G1 X89.768 Y176.402
G1 X89.651 Y178.275
G1 X89.762 Y178.378
G1 X90.551 Y178.433
G0 Z5.000 F500.000
G0 X90.517 Y179.373 F3000.000
G1 Z1.000 F500.000
G4 P100
G1 X90.989 Y179.341 F1000.000
G1 X91.122 Y179.453
G1 X91.153 Y180.040
G1 X91.459 Y180.985
G1 X91.754 Y181.350
G1 X92.086 Y181.352
G1 X92.213 Y181.040
G1 X92.170 Y180.569
G1 X91.561 Y179.456
G1 X91.912 Y179.385
G1 X92.333 Y179.465
G1 X91.912 Y179.385
G1 X91.122 Y179.453
G1 X91.034 Y179.358
G1 X91.024 Y178.584
G1 X91.116 Y177.972
G1 X91.349 Y177.626
G1 X91.813 Y177.546
G1 X92.184 Y177.793
G0 Z5.000 F500.000
G0 X92.574 Y177.546 F3000.000
G1 Z1.000 F500.000
G4 P100
G1 X94.742 Y181.670 F1000.000
G0 Z5.000 F500.000
G0 X96.306 Y178.740 F3000.000
G1 Z1.000 F500.000
G4 P100
G1 X96.381 Y179.102 F1000.000
G1 X96.173 Y179.345
G1 X95.794 Y179.315
G1 X95.462 Y179.023
G1 X95.304 Y178.657
G1 X95.265 Y178.220
G1 X95.358 Y177.869
G1 X95.565 Y177.637
G1 X95.886 Y177.522
G1 X96.247 Y177.557
G1 X96.562 Y177.751
G1 X96.838 Y178.163
G1 X97.444 Y178.185
G1 X98.031 Y178.439
G1 X98.258 Y178.728
G1 X98.280 Y179.076
G1 X98.113 Y179.305
G1 X97.779 Y179.362
G1 X97.412 Y179.178
G1 X97.162 Y178.778
G1 X97.096 Y178.331
G1 X97.237 Y177.790
G1 X97.568 Y177.548
G1 X98.039 Y177.524
G1 X98.425 Y177.720
G1 X98.641 Y178.086
G0 Z5.000 F500.000
G0 X99.452 Y179.434 F3000.000
G1 Z1.000 F500.000
G4 P100
G1 X99.289 Y179.180 F1000.000
G1 X99.176 Y178.658
G1 X99.203 Y177.559
G1 X99.210 Y178.081
G1 X99.582 Y178.309
G1 X99.959 Y178.972
G1 X100.521 Y179.163
G1 X100.543 Y179.258
G1 X100.409 Y177.595
G0 Z5.000 F500.000
G0 X101.312 Y179.373 F3000.000
G1 Z1.000 F500.000
G4 P100
G1 X101.784 Y179.341 F1000.000
G1 X101.917 Y179.453
G1 X101.939 Y179.997
G1 X102.222 Y180.919
G1 X102.495 Y181.313
G1 X102.818 Y181.387
G1 X102.994 Y181.135
G1 X102.977 Y180.619
G1 X102.356 Y179.456
G1 X102.707 Y179.385
G1 X103.128 Y179.465
G1 X102.707 Y179.385
G1 X101.917 Y179.453
G1 X101.829 Y179.358
G1 X101.838 Y178.321
G1 X102.012 Y177.760
G1 X102.282 Y177.560
G1 X102.650 Y177.556
G1 X103.230 Y178.023
G1 X104.418 Y178.421
G1 X104.660 Y178.708
G1 X104.695 Y179.055
G1 X104.535 Y179.297
G1 X104.211 Y179.364
G1 X103.838 Y179.193
G1 X103.577 Y178.792
G1 X103.506 Y178.338
G1 X103.643 Y177.796
G1 X103.978 Y177.548
G1 X104.449 Y177.524
G1 X104.835 Y177.720
G1 X105.051 Y178.086
G0 Z5.000 F500.000
G0 X105.874 Y179.441 F3000.000
G1 Z1.000 F500.000
G4 P100
G1 X105.724 Y179.285 F1000.000
G1 X105.568 Y178.601
G1 X105.654 Y178.081
G1 X105.610 Y177.554
G1 X105.654 Y178.081
G1 X105.948 Y178.265
G1 X106.480 Y179.066
G1 X106.848 Y179.163
G1 X106.936 Y179.272
G1 X106.848 Y179.163
G1 X107.036 Y178.557
G1 X106.990 Y178.464
G1 X107.241 Y178.645
G0 Z5.000 F500.000
G0 X107.609 Y177.546 F3000.000
G1 Z1.000 F500.000
G4 P100
G1 X109.777 Y181.670 F1000.000
G0 Z5.000 F500.000
G0 X110.694 Y179.441 F3000.000
G1 Z1.000 F500.000
G4 P100
G1 X110.544 Y179.285 F1000.000
G1 X110.388 Y178.601
G1 X110.474 Y178.081
G1 X110.430 Y177.554
G1 X110.474 Y178.081
G1 X110.773 Y178.271
G1 X111.220 Y179.003
G1 X111.756 Y179.272
G1 X111.668 Y179.163
G1 X111.856 Y178.557
G1 X111.810 Y178.464
G1 X111.856 Y178.557
G1 X112.171 Y178.649
G1 X112.331 Y177.713
G1 X112.404 Y177.543
G1 X112.566 Y177.533
G1 X112.830 Y179.220
G1 X112.930 Y179.365
G0 Z5.000 F500.000
G0 X114.768 Y176.995 F3000.000
G1 Z1.000 F500.000
G4 P100
G1 X114.433 Y176.914 F1000.000
G1 X113.752 Y176.193
G1 X113.562 Y175.654
G1 X113.718 Y175.303
G1 X114.022 Y175.261
G1 X114.299 Y175.454
G1 X114.541 Y175.879
G1 X114.767 Y176.592
G1 X114.768 Y176.995
G1 X114.943 Y177.451
G1 X114.912 Y177.773
G1 X114.377 Y177.539
G1 X114.138 Y177.533
G1 X113.898 Y177.713
G1 X113.812 Y178.072
G1 X113.884 Y178.526
G1 X114.090 Y178.937
G1 X114.402 Y179.243
G1 X114.762 Y179.384
G1 X115.185 Y179.129
G1 X114.912 Y177.773
G0 Z5.000 F500.000
G0 X116.428 Y179.309 F3000.000
G1 Z1.000 F500.000
G4 P100
G1 X116.810 Y179.462 F1000.000
G1 X117.478 Y180.516
G1 X117.627 Y181.295
G1 X117.563 Y181.555
G1 X117.408 Y181.714
G1 X117.191 Y181.713
G1 X117.001 Y181.582
G1 X116.670 Y180.916
G1 X116.403 Y179.784
G1 X116.428 Y179.309
G1 X116.322 Y179.015
G1 X116.299 Y178.454
G1 X116.406 Y178.088
G1 X116.359 Y177.581
G1 X116.406 Y178.088
G1 X116.711 Y178.282
G1 X117.168 Y179.018
G1 X117.621 Y179.157
G1 X117.688 Y178.816
G1 X117.568 Y177.578
G0 Z5.000 F500.000
G0 X118.472 Y179.373 F3000.000
G1 Z1.000 F500.000
G4 P100
G1 X118.944 Y179.341 F1000.000
G1 X119.077 Y179.453
G1 X119.108 Y180.040
G1 X119.414 Y180.985
G1 X119.709 Y181.350
G1 X120.041 Y181.352
G1 X120.168 Y181.040
G1 X120.125 Y180.569
G1 X119.516 Y179.456
G1 X119.867 Y179.385
G1 X120.288 Y179.465
G1 X119.867 Y179.385
G1 X119.077 Y179.453
G1 X118.989 Y179.358
G1 X118.979 Y178.584
G1 X119.071 Y177.972
G1 X119.304 Y177.626
G1 X119.768 Y177.546
G1 X120.139 Y177.793
G0 Z5.000 F500.000
G0 X120.529 Y177.546 F3000.000
G1 Z1.000 F500.000
G4 P100
G1 X122.697 Y181.670 F1000.000
G0 Z5.000 F500.000
G0 X123.057 Y176.985 F3000.000
G1 Z1.000 F500.000
G4 P100
G1 X123.042 Y176.533 F1000.000
G1 X122.678 Y175.571
G1 X122.361 Y175.277
G1 X122.001 Y175.306
G1 X121.853 Y175.666
G1 X122.037 Y176.186
G1 X122.568 Y176.787
G1 X122.790 Y176.950
G1 X123.057 Y176.985
G1 X123.166 Y177.175
G1 X123.474 Y179.311
G1 X123.772 Y179.477
G1 X124.351 Y179.611
G1 X124.955 Y179.562
G1 X124.745 Y179.262
G1 X124.599 Y178.620
G1 X124.553 Y178.067
G1 X124.651 Y177.728
G1 X124.768 Y177.635
G1 X124.937 Y177.677
G1 X125.332 Y178.105
G1 X125.660 Y178.220
G1 X125.704 Y177.581
G1 X125.660 Y178.220
G1 X125.961 Y179.370
G1 X126.106 Y179.415
G1 X126.184 Y179.276
G1 X126.370 Y177.679
G1 X127.148 Y178.675
G1 X127.379 Y178.838
G1 X127.494 Y179.317
G1 X127.660 Y179.473
G1 X127.494 Y179.317
G1 X127.379 Y178.838
G1 X127.849 Y178.215
G1 X127.929 Y177.814
G1 X127.707 Y177.523
G1 X127.299 Y177.524
G0 Z5.000 F500.000
G0 X128.697 Y179.373 F3000.000
G1 Z1.000 F500.000
G4 P100
G1 X129.169 Y179.341 F1000.000
G1 X129.302 Y179.453
G1 X129.333 Y180.040
G1 X129.639 Y180.985
G1 X129.934 Y181.350
G1 X130.266 Y181.352
G1 X130.393 Y181.040
G1 X130.350 Y180.569
G1 X129.741 Y179.456
G1 X130.092 Y179.385
G1 X130.513 Y179.465
G1 X130.092 Y179.385
G1 X129.302 Y179.453
G1 X129.214 Y179.358
G1 X129.238 Y178.213
G1 X129.381 Y177.785
G1 X129.626 Y177.575
G1 X130.049 Y177.560
G1 X130.364 Y177.793
G1 X130.884 Y177.529
G1 X131.208 Y179.336
G1 X131.433 Y179.409
G1 X132.205 Y179.071
G1 X132.579 Y179.050
G1 X132.855 Y179.218
G1 X133.290 Y179.807
G1 X133.596 Y180.424
G1 X133.737 Y181.012
G1 X133.705 Y181.506
G1 X133.484 Y181.727
G1 X133.180 Y181.627
G1 X132.911 Y181.229
G1 X132.379 Y179.458
G1 X132.404 Y179.033
G1 X132.238 Y178.300
G1 X132.234 Y177.189
G1 X132.333 Y176.288
G1 X132.522 Y175.971
G1 X132.828 Y176.030
G1 X132.998 Y176.402
G1 X132.881 Y178.275
G1 X132.992 Y178.378
G1 X133.781 Y178.433
G0 Z5.000 F500.000
G0 X134.411 Y179.446 F3000.000
G1 Z1.000 F500.000
G4 P100
G1 X134.226 Y179.221 F1000.000
G1 X134.051 Y178.280
G1 X134.087 Y177.853
G1 X134.274 Y177.635
G1 X134.532 Y177.728
G1 X134.839 Y178.113
G1 X135.131 Y178.242
G1 X135.468 Y179.387
G1 X135.131 Y178.242
G1 X135.182 Y177.922
G1 X135.054 Y177.194
G1 X134.940 Y176.997
G1 X134.478 Y176.821
G1 X133.902 Y176.167
G1 X133.732 Y175.628
G1 X133.897 Y175.297
G1 X134.258 Y175.284
G1 X134.569 Y175.595
G1 X134.939 Y176.595
G1 X134.940 Y176.997
G0 Z5.000 F500.000
G0 X136.215 Y176.724 F3000.000
G1 Z1.000 F500.000
G4 P100
G1 X136.515 Y177.810 F1000.000
G0 Z5.000 F500.000
G0 X112.981 Y180.317 F3000.000
G1 Z1.000 F500.000
G4 P100
G1 X113.115 Y180.339 F1000.000
G0 Z5.000 F500.000
G0 X123.497 Y180.317 F3000.000
G1 Z1.000 F500.000
G4 P100
G1 X123.631 Y180.339 F1000.000
G0 Z5.000 F500.000
G0 X131.306 Y180.317 F3000.000
G1 Z1.000 F500.000
G4 P100
G1 X131.440 Y180.339 F1000.000
G0 Z5.000 F500.000
G0 X136.681 Y179.146 F3000.000
G1 Z1.000 F500.000
G4 P100
G1 X136.681 Y179.148 F1000.000
G0 Z5.000 F500.000
G0 X85.579 Y168.936 F3000.000
G1 Z1.000 F500.000
G4 P100
G1 X85.838 Y168.980 F1000.000
G1 X86.040 Y169.131
G1 X86.725 Y170.211
G1 X86.922 Y171.113
G1 X86.869 Y171.437
G1 X86.707 Y171.617
G1 X86.389 Y171.557
G1 X86.109 Y171.178
G1 X85.810 Y170.415
G1 X85.550 Y169.339
G1 X85.579 Y168.936
G1 X85.455 Y168.640
G1 X85.404 Y168.050
G1 X85.428 Y166.742
G1 X85.554 Y166.045
G1 X85.818 Y165.852
G1 X86.060 Y165.999
G1 X86.182 Y166.378
G1 X86.056 Y168.178
G1 X86.182 Y168.283
G1 X87.038 Y168.303
G1 X87.012 Y167.489
G1 X87.151 Y167.436
G1 X87.415 Y169.123
G1 X87.515 Y169.268
G0 Z5.000 F500.000
G0 X88.784 Y169.344 F3000.000
G1 Z1.000 F500.000
G4 P100
G1 X88.634 Y169.188 F1000.000
G1 X88.478 Y168.504
G1 X88.564 Y167.984
G1 X88.520 Y167.457
G1 X88.564 Y167.984
G1 X88.863 Y168.174
G1 X89.310 Y168.906
G1 X89.846 Y169.175
G1 X89.758 Y169.066
G1 X89.946 Y168.460
G1 X89.900 Y168.367
G1 X90.151 Y168.548
G1 X90.248 Y168.499
G1 X90.262 Y167.651
G1 X90.326 Y167.635
G1 X91.004 Y168.567
G1 X91.244 Y168.741
G1 X91.359 Y169.220
G1 X91.525 Y169.376
G1 X91.359 Y169.220
G1 X91.244 Y168.741
G1 X91.714 Y168.118
G1 X91.794 Y167.717
G1 X91.572 Y167.426
G1 X91.164 Y167.427
G0 Z5.000 F500.000
G0 X92.562 Y169.276 F3000.000
G1 Z1.000 F500.000
G4 P100
G1 X93.034 Y169.244 F1000.000
G1 X93.167 Y169.356
G1 X93.198 Y169.943
G1 X93.504 Y170.888
G1 X93.799 Y171.253
G1 X94.131 Y171.255
G1 X94.258 Y170.943
G1 X94.215 Y170.472
G1 X93.606 Y169.359
G1 X93.957 Y169.288
G1 X94.378 Y169.368
G1 X93.957 Y169.288
G1 X93.167 Y169.356
G1 X93.079 Y169.261
G1 X93.069 Y168.487
G1 X93.161 Y167.875
G1 X93.394 Y167.529
G1 X93.858 Y167.449
G1 X94.229 Y167.696
G0 Z5.000 F500.000
G0 X94.854 Y168.702 F3000.000
G1 Z1.000 F500.000
G4 P100
G1 X95.838 Y168.797 F1000.000
G0 Z5.000 F500.000
G0 X96.981 Y168.436 F3000.000
G1 Z1.000 F500.000
G4 P100
G1 X97.251 Y168.544 F1000.000
G1 X97.435 Y168.766
G1 X97.869 Y169.622
G1 X98.123 Y170.377
G1 X98.161 Y171.376
G1 X98.002 Y171.604
G1 X97.732 Y171.604
G1 X97.517 Y171.412
G1 X97.311 Y171.008
G1 X96.960 Y169.621
G1 X96.926 Y168.085
G1 X97.148 Y167.578
G1 X97.623 Y167.441
G1 X97.892 Y167.535
G1 X98.048 Y167.703
G1 X98.407 Y167.441
G1 X98.586 Y168.719
G1 X98.765 Y169.268
G0 Z5.000 F500.000
G0 X100.022 Y169.337 F3000.000
G1 Z1.000 F500.000
G4 P100
G1 X99.859 Y169.083 F1000.000
G1 X99.746 Y168.561
G1 X99.773 Y167.462
G1 X99.780 Y167.984
G1 X100.152 Y168.212
G1 X100.529 Y168.875
G1 X101.091 Y169.066
G1 X101.113 Y169.161
G1 X100.966 Y167.551
G1 X101.063 Y167.393
G1 X101.977 Y167.960
G1 X102.767 Y168.183
G1 X103.154 Y168.441
G1 X103.305 Y168.745
G1 X103.264 Y169.061
G1 X103.062 Y169.239
G1 X102.743 Y169.255
G1 X102.391 Y169.045
G1 X102.163 Y168.639
G1 X102.112 Y168.219
G1 X102.261 Y167.681
G1 X102.597 Y167.446
G1 X103.068 Y167.430
G1 X103.451 Y167.633
G1 X103.656 Y167.989
G0 Z5.000 F500.000
G0 X105.621 Y168.609 F3000.000
G1 Z1.000 F500.000
G4 P100
G1 X106.675 Y168.592 F1000.000
G1 X106.672 Y167.779
G1 X106.534 Y167.408
G0 Z5.000 F500.000
G0 X110.463 Y169.212 F3000.000
G1 Z1.000 F500.000
G4 P100
G1 X110.845 Y169.365 F1000.000
G1 X111.513 Y170.419
G1 X111.662 Y171.198
G1 X111.598 Y171.458
G1 X111.443 Y171.617
G1 X111.226 Y171.616
G1 X111.036 Y171.485
G1 X110.705 Y170.819
G1 X110.438 Y169.687
G1 X110.463 Y169.212
G1 X110.357 Y168.918
G1 X110.334 Y168.357
G1 X110.441 Y167.991
G1 X110.394 Y167.484
G1 X110.441 Y167.991
G1 X110.746 Y168.185
G1 X111.203 Y168.921
G1 X111.656 Y169.060
G1 X111.723 Y168.719
G1 X111.603 Y167.481
G0 Z5.000 F500.000
G0 X113.908 Y167.786 F3000.000
G1 Z1.000 F500.000
G4 P100
G1 X114.132 Y169.033 F1000.000
G1 X113.697 Y169.285
G1 X113.315 Y169.127
G1 X112.994 Y168.788
G1 X112.797 Y168.334
G1 X112.760 Y167.854
G1 X112.857 Y167.581
G1 X113.049 Y167.439
G1 X113.293 Y167.451
G1 X113.603 Y167.711
G1 X113.908 Y167.786
G1 X113.945 Y167.491
G0 Z5.000 F500.000
G0 X115.477 Y169.337 F3000.000
G1 Z1.000 F500.000
G4 P100
G1 X115.314 Y169.083 F1000.000
G1 X115.201 Y168.561
G1 X115.228 Y167.462
G1 X115.235 Y167.984
G1 X115.607 Y168.212
G1 X115.984 Y168.875
G1 X116.546 Y169.066
G1 X116.568 Y169.161
G1 X116.434 Y167.498
G0 Z5.000 F500.000
G0 X118.538 Y166.898 F3000.000
G1 Z1.000 F500.000
G4 P100
G1 X118.203 Y166.817 F1000.000
G1 X117.522 Y166.096
G1 X117.332 Y165.557
G1 X117.488 Y165.206
G1 X117.875 Y165.194
G1 X118.200 Y165.552
G1 X118.524 Y166.446
G1 X118.538 Y166.898
G1 X118.715 Y167.376
G1 X118.682 Y167.676
G1 X118.039 Y167.422
G1 X117.668 Y167.616
G1 X117.598 Y168.187
G1 X117.847 Y168.822
G1 X118.130 Y169.117
G1 X118.459 Y169.274
G1 X118.922 Y169.083
G1 X118.685 Y167.528
G1 X118.988 Y167.356
G1 X119.726 Y167.362
G1 X119.978 Y167.459
G1 X120.138 Y168.676
G1 X120.325 Y169.268
G0 Z5.000 F500.000
G0 X121.582 Y169.337 F3000.000
G1 Z1.000 F500.000
G4 P100
G1 X121.419 Y169.083 F1000.000
G1 X121.306 Y168.561
G1 X121.333 Y167.462
G1 X121.340 Y167.984
G1 X121.712 Y168.212
G1 X122.089 Y168.875
G1 X122.651 Y169.066
G1 X122.673 Y169.161
G1 X122.539 Y167.498
G0 Z5.000 F500.000
G0 X124.643 Y166.898 F3000.000
G1 Z1.000 F500.000
G4 P100
G1 X124.308 Y166.817 F1000.000
G1 X123.627 Y166.096
G1 X123.437 Y165.557
G1 X123.593 Y165.206
G1 X123.897 Y165.164
G1 X124.174 Y165.357
G1 X124.416 Y165.782
G1 X124.642 Y166.495
G1 X124.643 Y166.898
G1 X124.818 Y167.354
G1 X124.787 Y167.676
G1 X124.252 Y167.442
G1 X124.013 Y167.436
G1 X123.773 Y167.616
G1 X123.687 Y167.975
G1 X123.759 Y168.429
G1 X123.965 Y168.840
G1 X124.277 Y169.146
G1 X124.637 Y169.287
G1 X125.060 Y169.032
G1 X124.787 Y167.676
G0 Z5.000 F500.000
G0 X127.354 Y167.423 F3000.000
G1 Z1.000 F500.000
G4 P100
G1 X127.657 Y169.130 F1000.000
G1 X127.755 Y169.268
G0 Z5.000 F500.000
G0 X129.012 Y169.337 F3000.000
G1 Z1.000 F500.000
G4 P100
G1 X128.849 Y169.083 F1000.000
G1 X128.736 Y168.561
G1 X128.763 Y167.462
G1 X128.770 Y167.984
G1 X129.142 Y168.212
G1 X129.519 Y168.875
G1 X130.081 Y169.066
G1 X130.103 Y169.161
G1 X129.969 Y167.498
G0 Z5.000 F500.000
G0 X132.371 Y169.232 F3000.000
G1 Z1.000 F500.000
G4 P100
G1 X132.752 Y171.245 F1000.000
G1 X132.941 Y171.553
G1 X133.281 Y171.585
G1 X133.436 Y171.239
G1 X133.407 Y170.605
G1 X132.866 Y168.989
G1 X132.407 Y168.724
G1 X132.296 Y168.915
G1 X132.337 Y169.273
G1 X131.881 Y169.225
G1 X131.591 Y169.056
G1 X131.189 Y168.406
G1 X131.133 Y168.000
G1 X131.229 Y167.611
G1 X131.391 Y167.458
G1 X131.620 Y167.442
G1 X132.412 Y167.850
G1 X132.598 Y167.415
G1 X132.411 Y167.857
G1 X132.432 Y168.834
G1 X133.537 Y168.061
G1 X133.895 Y168.061
G1 X134.445 Y168.236
G1 X134.777 Y168.516
G1 X134.877 Y168.870
G1 X134.735 Y169.179
G1 X134.388 Y169.268
G1 X134.013 Y169.101
G1 X133.749 Y168.701
G1 X133.675 Y168.248
G1 X133.809 Y167.705
G1 X134.141 Y167.453
G1 X134.612 Y167.426
G1 X135.005 Y167.623
G1 X135.221 Y167.989
G0 Z5.000 F500.000
G0 X136.032 Y169.337 F3000.000
G1 Z1.000 F500.000
G4 P100
G1 X135.869 Y169.083 F1000.000
G1 X135.756 Y168.561
G1 X135.783 Y167.462
G1 X135.790 Y167.984
G1 X136.162 Y168.212
G1 X136.539 Y168.875
G1 X137.101 Y169.066
G1 X137.123 Y169.161
G1 X136.989 Y167.498
G0 Z5.000 F500.000
G0 X137.892 Y169.276 F3000.000
G1 Z1.000 F500.000
G4 P100
G1 X138.364 Y169.244 F1000.000
G1 X138.497 Y169.356
G1 X138.526 Y169.936
G1 X138.827 Y170.875
G1 X139.117 Y171.246
G1 X139.450 Y171.264
G1 X139.587 Y170.958
G1 X139.547 Y170.479
G1 X138.936 Y169.359
G1 X139.287 Y169.288
G1 X139.708 Y169.368
G1 X139.287 Y169.288
G1 X138.497 Y169.356
G1 X138.409 Y169.261
G1 X138.476 Y167.923
G1 X138.642 Y167.600
G1 X138.911 Y167.449
G1 X139.293 Y167.480
G1 X139.559 Y167.696
G1 X139.756 Y167.635
G1 X140.434 Y168.567
G1 X140.674 Y168.741
G1 X140.789 Y169.220
G1 X140.955 Y169.376
G1 X140.789 Y169.220
G1 X140.674 Y168.741
G1 X141.144 Y168.118
G1 X141.224 Y167.717
G1 X141.002 Y167.426
G1 X140.594 Y167.427
G0 Z5.000 F500.000
G0 X142.065 Y166.627 F3000.000
G1 Z1.000 F500.000
G4 P100
G1 X142.365 Y167.713 F1000.000
G0 Z5.000 F500.000
G0 X87.566 Y170.220 F3000.000
G1 Z1.000 F500.000
G4 P100
G1 X87.700 Y170.242 F1000.000
G0 Z5.000 F500.000
G0 X98.816 Y170.220 F3000.000
G1 Z1.000 F500.000
G4 P100
G1 X98.950 Y170.242 F1000.000
G0 Z5.000 F500.000
G0 X106.675 Y168.592 F3000.000
G1 Z1.000 F500.000
G4 P100
G1 X106.754 Y168.660 F1000.000
G1 X106.868 Y169.813
G0 Z5.000 F500.000
G0 X106.754 Y168.660 F3000.000
G1 Z1.000 F500.000
G4 P100
G1 X107.798 Y168.633 F1000.000
G0 Z5.000 F500.000
G0 X120.376 Y170.220 F3000.000
G1 Z1.000 F500.000
G4 P100
G1 X120.510 Y170.242 F1000.000
G0 Z5.000 F500.000
G0 X127.806 Y170.220 F3000.000
G1 Z1.000 F500.000
G4 P100
G1 X127.940 Y170.242 F1000.000
G0 Z5.000 F500.000
G0 X142.531 Y169.049 F3000.000
G1 Z1.000 F500.000
G4 P100
G1 X142.531 Y169.051 F1000.000
G0 Z5.000 F500.000
G0 X85.067 Y159.179 F3000.000
G1 Z1.000 F500.000
G4 P100
G1 X85.539 Y159.147 F1000.000
G1 X85.672 Y159.259
G1 X85.703 Y159.846
G1 X86.009 Y160.791
G1 X86.304 Y161.156
G1 X86.636 Y161.158
G1 X86.763 Y160.846
G1 X86.720 Y160.375
G1 X86.111 Y159.262
G1 X86.462 Y159.191
G1 X86.883 Y159.271
G1 X86.462 Y159.191
G1 X85.672 Y159.259
G1 X85.584 Y159.164
G1 X85.574 Y158.390
G1 X85.666 Y157.778
G1 X85.899 Y157.432
G1 X86.363 Y157.352
G1 X86.734 Y157.599
G0 Z5.000 F500.000
G0 X88.433 Y157.689 F3000.000
G1 Z1.000 F500.000
G4 P100
G1 X88.657 Y158.936 F1000.000
G1 X88.222 Y159.188
G1 X87.840 Y159.030
G1 X87.519 Y158.691
G1 X87.322 Y158.237
G1 X87.285 Y157.757
G1 X87.382 Y157.484
G1 X87.574 Y157.342
G1 X87.818 Y157.354
G1 X88.128 Y157.614
G1 X88.433 Y157.689
G1 X88.470 Y157.394
G0 Z5.000 F500.000
G0 X89.804 Y158.834 F3000.000
G1 Z1.000 F500.000
G4 P100
G1 X90.108 Y158.912 F1000.000
G1 X90.458 Y159.174
G1 X90.771 Y159.075
G1 X90.977 Y158.874
G1 X91.101 Y158.507
G1 X91.082 Y158.056
G1 X90.942 Y157.681
G1 X90.696 Y157.425
G1 X90.326 Y157.334
G1 X89.983 Y157.481
G1 X89.790 Y157.828
G1 X89.735 Y158.367
G1 X89.815 Y159.578
G1 X90.062 Y160.676
G1 X90.382 Y161.356
G1 X90.754 Y161.535
G1 X90.997 Y161.318
G1 X91.032 Y160.812
G1 X90.879 Y160.233
G1 X90.459 Y159.447
G1 X90.458 Y159.174
G0 Z5.000 F500.000
G0 X91.646 Y157.538 F3000.000
G1 Z1.000 F500.000
G4 P100
G1 X92.324 Y158.470 F1000.000
G1 X92.564 Y158.644
G1 X92.679 Y159.123
G1 X92.845 Y159.279
G1 X92.679 Y159.123
G1 X92.564 Y158.644
G1 X93.034 Y158.021
G1 X93.114 Y157.620
G1 X92.892 Y157.329
G1 X92.484 Y157.330
G0 Z5.000 F500.000
G0 X93.955 Y156.530 F3000.000
G1 Z1.000 F500.000
G4 P100
G1 X94.255 Y157.616 F1000.000
G0 Z5.000 F500.000
G0 X96.391 Y157.538 F3000.000
G1 Z1.000 F500.000
G4 P100
G1 X97.069 Y158.470 F1000.000
G1 X97.309 Y158.644
G1 X97.424 Y159.123
G1 X97.590 Y159.279
G1 X97.424 Y159.123
G1 X97.309 Y158.644
G1 X97.779 Y158.021
G1 X97.859 Y157.620
G1 X97.637 Y157.329
G1 X97.229 Y157.330
G0 Z5.000 F500.000
G0 X99.071 Y158.807 F3000.000
G1 Z1.000 F500.000
G4 P100
G1 X99.334 Y158.866 F1000.000
G1 X99.726 Y159.139
G1 X100.036 Y159.131
G1 X100.268 Y158.837
G1 X100.263 Y158.309
G1 X100.024 Y157.763
G1 X99.616 Y157.393
G1 X99.054 Y157.316
G1 X98.915 Y157.667
G1 X98.530 Y157.413
G1 X98.191 Y156.555
G1 X98.026 Y155.812
G1 X98.054 Y155.281
G1 X98.277 Y155.053
G1 X98.471 Y155.076
G1 X98.632 Y155.222
G1 X98.859 Y155.914
G1 X99.054 Y157.316
G1 X98.915 Y157.667
G1 X99.071 Y158.807
G1 X99.009 Y159.099
G1 X99.086 Y159.210
G0 Z5.000 F500.000
G0 X102.433 Y157.689 F3000.000
G1 Z1.000 F500.000
G4 P100
G1 X102.657 Y158.936 F1000.000
G1 X102.222 Y159.188
G1 X101.840 Y159.030
G1 X101.519 Y158.691
G1 X101.322 Y158.237
G1 X101.285 Y157.757
G1 X101.382 Y157.484
G1 X101.574 Y157.342
G1 X101.818 Y157.354
G1 X102.128 Y157.614
G1 X102.433 Y157.689
G1 X102.470 Y157.394
G0 Z5.000 F500.000
G0 X104.661 Y158.546 F3000.000
G1 Z1.000 F500.000
G4 P100
G1 X104.742 Y158.872 F1000.000
G1 X104.581 Y159.128
G1 X104.246 Y159.156
G1 X103.918 Y158.955
G1 X103.628 Y158.297
G1 X103.635 Y157.910
G1 X103.754 Y157.606
G1 X104.077 Y157.365
G1 X104.525 Y157.341
G1 X104.907 Y157.547
G1 X105.105 Y157.907
G0 Z5.000 F500.000
G0 X105.414 Y157.326 F3000.000
G1 Z1.000 F500.000
G4 P100
G1 X105.717 Y159.033 F1000.000
G1 X105.815 Y159.171
G0 Z5.000 F500.000
G0 X107.072 Y159.240 F3000.000
G1 Z1.000 F500.000
G4 P100
G1 X106.909 Y158.986 F1000.000
G1 X106.796 Y158.464
G1 X106.823 Y157.365
G1 X106.830 Y157.887
G1 X107.202 Y158.115
G1 X107.579 Y158.778
G1 X108.141 Y158.969
G1 X108.163 Y159.064
G1 X108.029 Y157.401
G0 Z5.000 F500.000
G0 X110.133 Y156.801 F3000.000
G1 Z1.000 F500.000
G4 P100
G1 X109.798 Y156.720 F1000.000
G1 X109.117 Y155.999
G1 X108.927 Y155.460
G1 X109.083 Y155.109
G1 X109.387 Y155.067
G1 X109.664 Y155.260
G1 X109.906 Y155.685
G1 X110.132 Y156.398
G1 X110.133 Y156.801
G1 X110.308 Y157.257
G1 X110.277 Y157.579
G1 X109.742 Y157.345
G1 X109.503 Y157.339
G1 X109.263 Y157.519
G1 X109.177 Y157.878
G1 X109.249 Y158.332
G1 X109.455 Y158.743
G1 X109.767 Y159.049
G1 X110.127 Y159.190
G1 X110.550 Y158.935
G1 X110.277 Y157.579
G0 Z5.000 F500.000
G0 X111.400 Y156.530 F3000.000
G1 Z1.000 F500.000
G4 P100
G1 X111.700 Y157.616 F1000.000
G0 Z5.000 F500.000
G0 X114.376 Y158.339 F3000.000
G1 Z1.000 F500.000
G4 P100
G1 X114.646 Y158.447 F1000.000
G1 X114.830 Y158.669
G1 X115.264 Y159.525
G1 X115.518 Y160.280
G1 X115.556 Y161.279
G1 X115.397 Y161.507
G1 X115.127 Y161.507
G1 X114.912 Y161.315
G1 X114.706 Y160.911
G1 X114.355 Y159.524
G1 X114.321 Y157.988
G1 X114.543 Y157.481
G1 X115.018 Y157.344
G1 X115.287 Y157.438
G1 X115.443 Y157.606
G1 X115.802 Y157.344
G1 X115.981 Y158.622
G1 X116.160 Y159.171
G0 Z5.000 F500.000
G0 X117.417 Y159.240 F3000.000
G1 Z1.000 F500.000
G4 P100
G1 X117.254 Y158.986 F1000.000
G1 X117.141 Y158.464
G1 X117.168 Y157.365
G1 X117.175 Y157.887
G1 X117.547 Y158.115
G1 X117.924 Y158.778
G1 X118.486 Y158.969
G1 X118.508 Y159.064
G1 X118.361 Y157.454
G1 X118.458 Y157.296
G1 X119.372 Y157.863
G1 X120.149 Y158.081
G1 X120.534 Y158.328
G1 X120.690 Y158.604
G1 X120.681 Y158.910
G1 X120.529 Y159.107
G1 X120.248 Y159.173
G1 X119.827 Y158.989
G1 X119.552 Y158.521
G1 X119.567 Y157.782
G1 X119.761 Y157.473
G1 X120.135 Y157.318
G1 X120.582 Y157.369
G1 X120.891 Y157.583
G1 X121.132 Y157.997
G1 X122.328 Y157.460
G1 X122.735 Y157.856
G1 X123.158 Y158.486
G1 X123.384 Y158.644
G1 X123.499 Y159.123
G1 X123.665 Y159.279
G1 X123.499 Y159.123
G1 X123.384 Y158.644
G1 X123.854 Y158.021
G1 X123.934 Y157.620
G1 X123.712 Y157.329
G1 X123.304 Y157.330
G0 Z5.000 F500.000
G0 X125.146 Y158.807 F3000.000
G1 Z1.000 F500.000
G4 P100
G1 X125.409 Y158.866 F1000.000
G1 X125.801 Y159.139
G1 X126.111 Y159.131
G1 X126.343 Y158.837
G1 X126.338 Y158.309
G1 X126.099 Y157.763
G1 X125.691 Y157.393
G1 X125.129 Y157.316
G1 X124.990 Y157.667
G1 X124.605 Y157.413
G1 X124.266 Y156.555
G1 X124.101 Y155.812
G1 X124.129 Y155.281
G1 X124.352 Y155.053
G1 X124.546 Y155.076
G1 X124.707 Y155.222
G1 X124.934 Y155.914
G1 X125.129 Y157.316
G1 X124.990 Y157.667
G1 X125.146 Y158.807
G1 X125.084 Y159.099
G1 X125.161 Y159.210
G0 Z5.000 F500.000
G0 X128.508 Y157.689 F3000.000
G1 Z1.000 F500.000
G4 P100
G1 X128.732 Y158.936 F1000.000
G1 X128.297 Y159.188
G1 X127.915 Y159.030
G1 X127.594 Y158.691
G1 X127.397 Y158.237
G1 X127.360 Y157.757
G1 X127.457 Y157.484
G1 X127.649 Y157.342
G1 X127.893 Y157.354
G1 X128.203 Y157.614
G1 X128.508 Y157.689
G1 X128.545 Y157.394
G0 Z5.000 F500.000
G0 X130.736 Y158.546 F3000.000
G1 Z1.000 F500.000
G4 P100
G1 X130.817 Y158.872 F1000.000
G1 X130.656 Y159.128
G1 X130.321 Y159.156
G1 X129.993 Y158.955
G1 X129.703 Y158.297
G1 X129.710 Y157.910
G1 X129.829 Y157.606
G1 X130.152 Y157.365
G1 X130.600 Y157.341
G1 X130.982 Y157.547
G1 X131.180 Y157.907
G0 Z5.000 F500.000
G0 X131.489 Y157.326 F3000.000
G1 Z1.000 F500.000
G4 P100
G1 X131.792 Y159.033 F1000.000
G1 X131.890 Y159.171
G0 Z5.000 F500.000
G0 X133.147 Y159.240 F3000.000
G1 Z1.000 F500.000
G4 P100
G1 X132.984 Y158.986 F1000.000
G1 X132.871 Y158.464
G1 X132.898 Y157.365
G1 X132.905 Y157.887
G1 X133.277 Y158.115
G1 X133.654 Y158.778
G1 X134.216 Y158.969
G1 X134.238 Y159.064
G1 X134.104 Y157.401
G0 Z5.000 F500.000
G0 X136.208 Y156.801 F3000.000
G1 Z1.000 F500.000
G4 P100
G1 X135.873 Y156.720 F1000.000
G1 X135.192 Y155.999
G1 X135.002 Y155.460
G1 X135.158 Y155.109
G1 X135.462 Y155.067
G1 X135.739 Y155.260
G1 X135.981 Y155.685
G1 X136.207 Y156.398
G1 X136.208 Y156.801
G1 X136.383 Y157.257
G1 X136.352 Y157.579
G1 X135.817 Y157.345
G1 X135.578 Y157.339
G1 X135.338 Y157.519
G1 X135.252 Y157.878
G1 X135.324 Y158.332
G1 X135.530 Y158.743
G1 X135.842 Y159.049
G1 X136.202 Y159.190
G1 X136.625 Y158.935
G1 X136.352 Y157.579
G0 Z5.000 F500.000
G0 X94.421 Y158.952 F3000.000
G1 Z1.000 F500.000
G4 P100
G1 X94.421 Y158.954 F1000.000
G0 Z5.000 F500.000
G0 X105.866 Y160.123 F3000.000
G1 Z1.000 F500.000
G4 P100
G1 X106.000 Y160.145 F1000.000
G0 Z5.000 F500.000
G0 X111.866 Y158.952 F3000.000
G1 Z1.000 F500.000
G4 P100
G1 X111.866 Y158.954 F1000.000
G0 Z5.000 F500.000
G0 X116.211 Y160.123 F3000.000
G1 Z1.000 F500.000
G4 P100
G1 X116.345 Y160.145 F1000.000
G0 Z5.000 F500.000
G0 X131.941 Y160.123 F3000.000
G1 Z1.000 F500.000
G4 P100
G1 X132.075 Y160.145 F1000.000
G0 Z5.000 F500.000
G0 X27.010 Y144.771 F3000.000
G1 Z1.000 F500.000
G4 P100
G1 X26.812 Y143.697 F1000.000
G1 X27.403 Y143.609
G1 X28.293 Y144.239
G1 X28.484 Y144.631
G1 X28.501 Y145.046
G1 X28.391 Y145.330
G1 X28.177 Y145.550
G1 X27.479 Y145.762
G1 X26.658 Y145.645
G1 X25.993 Y145.203
G1 X25.572 Y144.504
G1 X25.393 Y143.589
G1 X25.472 Y142.719
G1 X25.814 Y142.185
G1 X26.251 Y142.091
G1 X26.525 Y142.336
G1 X26.719 Y143.592
G1 X26.338 Y143.645
G1 X26.719 Y143.592
G1 X26.812 Y143.697
G1 X27.403 Y143.609
G1 X27.844 Y143.130
G1 X28.292 Y142.344
G1 X28.647 Y142.111
G1 X28.952 Y142.094
G1 X29.246 Y142.197
G1 X29.584 Y142.487
G1 X29.729 Y142.762
G0 Z5.000 F500.000
G0 X30.145 Y143.973 F3000.000
G1 Z1.000 F500.000
G4 P100
G1 X29.983 Y143.809 F1000.000
G1 X29.855 Y143.297
G1 X29.830 Y142.344
G1 X29.957 Y142.176
G1 X30.126 Y142.186
G1 X30.561 Y142.632
G1 X30.890 Y142.747
G1 X30.933 Y142.107
G1 X30.890 Y142.747
G1 X31.214 Y143.916
G0 Z5.000 F500.000
G0 X32.411 Y143.960 F3000.000
G1 Z1.000 F500.000
G4 P100
G1 X32.248 Y143.706 F1000.000
G1 X32.135 Y143.185
G1 X32.162 Y142.085
G1 X32.169 Y142.608
G1 X32.541 Y142.835
G1 X32.918 Y143.499
G1 X33.480 Y143.689
G1 X33.502 Y143.785
G1 X33.368 Y142.122
G0 Z5.000 F500.000
G0 X36.109 Y143.560 F3000.000
G1 Z1.000 F500.000
G4 P100
G1 X36.367 Y143.604 F1000.000
G1 X36.570 Y143.755
G1 X37.254 Y144.834
G1 X37.451 Y145.737
G1 X37.398 Y146.061
G1 X37.237 Y146.240
G1 X36.918 Y146.181
G1 X36.641 Y145.808
G1 X36.345 Y145.059
G1 X36.085 Y143.999
G1 X36.109 Y143.560
G1 X35.944 Y142.856
G1 X35.936 Y141.760
G1 X36.036 Y140.822
G1 X36.226 Y140.497
G1 X36.532 Y140.556
G1 X36.702 Y140.929
G1 X36.586 Y142.801
G1 X36.697 Y142.905
G1 X37.485 Y142.959
G0 Z5.000 F500.000
G0 X37.706 Y142.945 F3000.000
G1 Z1.000 F500.000
G4 P100
G1 X37.832 Y143.476 F1000.000
G1 X38.106 Y143.781
G1 X38.628 Y143.833
G1 X38.942 Y143.569
G1 X39.051 Y143.102
G1 X39.003 Y142.704
G1 X38.869 Y142.359
G1 X38.644 Y142.145
G1 X38.237 Y142.073
G1 X37.936 Y142.193
G1 X37.763 Y142.484
G1 X37.706 Y142.945
G0 Z5.000 F500.000
G0 X40.338 Y143.968 F3000.000
G1 Z1.000 F500.000
G4 P100
G1 X40.188 Y143.812 F1000.000
G1 X40.032 Y143.128
G1 X40.118 Y142.608
G1 X40.074 Y142.080
G1 X40.118 Y142.608
G1 X40.413 Y142.792
G1 X40.944 Y143.592
G1 X41.312 Y143.689
G1 X41.400 Y143.799
G1 X41.312 Y143.689
G1 X41.500 Y143.084
G1 X41.454 Y142.991
G1 X41.705 Y143.172
G0 Z5.000 F500.000
G0 X42.630 Y143.982 F3000.000
G1 Z1.000 F500.000
G4 P100
G1 X42.454 Y143.793 F1000.000
G1 X42.318 Y143.180
G1 X42.349 Y142.098
G1 X42.393 Y142.615
G1 X42.697 Y142.813
G1 X43.106 Y143.526
G1 X43.512 Y143.693
G1 X43.616 Y143.472
G1 X43.573 Y142.927
G1 X43.658 Y142.642
G1 X43.587 Y142.083
G1 X43.658 Y142.642
G1 X43.954 Y142.837
G1 X44.403 Y143.551
G1 X44.861 Y143.675
G1 X44.914 Y143.306
G1 X44.798 Y142.105
G0 Z5.000 F500.000
G0 X47.102 Y142.410 F3000.000
G1 Z1.000 F500.000
G4 P100
G1 X47.326 Y143.656 F1000.000
G1 X46.891 Y143.909
G1 X46.509 Y143.751
G1 X46.188 Y143.411
G1 X45.991 Y142.957
G1 X45.954 Y142.478
G1 X46.051 Y142.204
G1 X46.243 Y142.063
G1 X46.487 Y142.074
G1 X46.797 Y142.335
G1 X47.102 Y142.410
G1 X47.139 Y142.115
G0 Z5.000 F500.000
G0 X48.051 Y143.899 F3000.000
G1 Z1.000 F500.000
G4 P100
G1 X48.524 Y143.868 F1000.000
G1 X48.656 Y143.980
G1 X48.687 Y144.567
G1 X48.993 Y145.512
G1 X49.289 Y145.877
G1 X49.620 Y145.879
G1 X49.748 Y145.567
G1 X49.704 Y145.096
G1 X49.096 Y143.982
G1 X49.447 Y143.912
G1 X49.867 Y143.992
G1 X49.447 Y143.912
G1 X48.656 Y143.980
G1 X48.568 Y143.885
G1 X48.558 Y143.293
G1 X48.610 Y142.646
G1 X48.791 Y142.235
G1 X49.136 Y142.062
G1 X49.557 Y142.154
G1 X49.783 Y142.486
G1 X49.911 Y143.764
G1 X50.072 Y143.939
G1 X50.482 Y143.867
G1 X50.621 Y143.980
G1 X50.631 Y144.466
G1 X50.885 Y145.352
G1 X51.146 Y145.791
G1 X51.437 Y145.929
G1 X51.677 Y145.739
G1 X51.696 Y145.210
G1 X51.541 Y144.769
G1 X51.134 Y144.226
G1 X51.061 Y143.982
G1 X51.412 Y143.912
G1 X51.832 Y143.992
G1 X51.412 Y143.912
G1 X50.621 Y143.980
G1 X50.533 Y143.885
G1 X50.550 Y142.783
G1 X50.766 Y142.224
G1 X51.240 Y142.062
G1 X51.516 Y142.151
G1 X51.683 Y142.320
G1 X52.216 Y142.065
G1 X52.395 Y143.343
G1 X52.574 Y143.892
G0 Z5.000 F500.000
G0 X53.831 Y143.960 F3000.000
G1 Z1.000 F500.000
G4 P100
G1 X53.668 Y143.706 F1000.000
G1 X53.555 Y143.185
G1 X53.582 Y142.085
G1 X53.589 Y142.608
G1 X53.961 Y142.835
G1 X54.338 Y143.499
G1 X54.900 Y143.689
G1 X54.922 Y143.785
G1 X54.788 Y142.122
G0 Z5.000 F500.000
G0 X56.892 Y141.521 F3000.000
G1 Z1.000 F500.000
G4 P100
G1 X56.557 Y141.441 F1000.000
G1 X55.877 Y140.720
G1 X55.687 Y140.181
G1 X55.842 Y139.829
G1 X56.147 Y139.788
G1 X56.423 Y139.981
G1 X56.665 Y140.405
G1 X56.892 Y141.119
G1 X56.892 Y141.521
G1 X57.067 Y141.978
G1 X57.036 Y142.300
G1 X56.502 Y142.066
G1 X56.263 Y142.059
G1 X56.022 Y142.240
G1 X55.936 Y142.599
G1 X56.008 Y143.053
G1 X56.214 Y143.464
G1 X56.526 Y143.770
G1 X56.886 Y143.910
G1 X57.309 Y143.656
G1 X57.036 Y142.300
G0 Z5.000 F500.000
G0 X52.625 Y144.844 F3000.000
G1 Z1.000 F500.000
G4 P100
G1 X52.760 Y144.866 F1000.000
G0 Z5.000 F500.000
G0 X85.489 Y143.555 F3000.000
G1 Z1.000 F500.000
G4 P100
G1 X85.793 Y143.633 F1000.000
G1 X86.143 Y143.894
G1 X86.456 Y143.796
G1 X86.662 Y143.595
G1 X86.786 Y143.228
G1 X86.767 Y142.777
G1 X86.627 Y142.402
G1 X86.381 Y142.145
G1 X86.011 Y142.054
G1 X85.668 Y142.202
G1 X85.475 Y142.549
G1 X85.420 Y143.088
G1 X85.500 Y144.299
G1 X85.747 Y145.397
G1 X86.067 Y146.077
G1 X86.439 Y146.256
G1 X86.682 Y146.039
G1 X86.717 Y145.532
G1 X86.564 Y144.954
G1 X86.144 Y144.168
G1 X86.143 Y143.894
G0 Z5.000 F500.000
G0 X87.767 Y143.361 F3000.000
G1 Z1.000 F500.000
G4 P100
G1 X87.933 Y143.660 F1000.000
G1 X88.168 Y143.813
G1 X88.566 Y143.843
G1 X88.851 Y143.679
G1 X89.031 Y143.000
G1 X88.926 Y142.509
G1 X88.716 Y142.204
G1 X88.225 Y142.072
G1 X87.861 Y142.250
G1 X87.689 Y142.784
G1 X87.767 Y143.361
G0 Z5.000 F500.000
G0 X90.126 Y143.059 F3000.000
G1 Z1.000 F500.000
G4 P100
G1 X90.378 Y143.155 F1000.000
G1 X90.554 Y143.345
G1 X91.201 Y144.753
G1 X91.346 Y145.777
G1 X91.264 Y146.103
G1 X91.100 Y146.246
G1 X90.741 Y146.132
G1 X90.441 Y145.590
G1 X90.156 Y144.555
G1 X90.028 Y143.392
G1 X90.126 Y143.059
G1 X90.087 Y142.608
G1 X90.304 Y142.192
G1 X90.776 Y142.066
G1 X91.037 Y142.158
G1 X91.193 Y142.327
G0 Z5.000 F500.000
G0 X92.816 Y143.855 F3000.000
G1 Z1.000 F500.000
G4 P100
G1 X93.197 Y145.869 F1000.000
G1 X93.386 Y146.177
G1 X93.726 Y146.208
G1 X93.881 Y145.863
G1 X93.852 Y145.229
G1 X93.317 Y143.626
G1 X92.852 Y143.348
G1 X92.741 Y143.539
G1 X92.775 Y143.899
G1 X92.305 Y143.842
G1 X91.987 Y143.636
G1 X91.738 Y143.303
G1 X91.612 Y142.915
G1 X91.589 Y142.537
G1 X91.750 Y142.137
G1 X91.964 Y142.055
G1 X92.285 Y142.128
G1 X92.857 Y142.473
G1 X93.043 Y142.039
G1 X92.856 Y142.481
G1 X92.852 Y143.348
G0 Z5.000 F500.000
G0 X93.965 Y141.250 F3000.000
G1 Z1.000 F500.000
G4 P100
G1 X94.265 Y142.337 F1000.000
G0 Z5.000 F500.000
G0 X96.694 Y142.046 F3000.000
G1 Z1.000 F500.000
G4 P100
G1 X97.026 Y143.835 F1000.000
G1 X97.251 Y143.917
G1 X97.593 Y143.852
G1 X97.828 Y143.946
G1 X98.249 Y143.885
G1 X98.337 Y143.980
G1 X98.350 Y144.481
G1 X98.612 Y145.379
G1 X98.857 Y145.786
G1 X99.130 Y145.928
G1 X99.387 Y145.753
G1 X99.414 Y145.225
G1 X99.257 Y144.769
G1 X98.850 Y144.226
G1 X98.776 Y143.982
G1 X99.127 Y143.912
G1 X99.548 Y143.992
G1 X99.127 Y143.912
G1 X98.337 Y143.980
G1 X98.249 Y143.885
G1 X98.247 Y142.965
G1 X98.360 Y142.423
G1 X98.601 Y142.130
G1 X99.049 Y142.078
G1 X99.399 Y142.320
G0 Z5.000 F500.000
G0 X101.098 Y142.410 F3000.000
G1 Z1.000 F500.000
G4 P100
G1 X101.306 Y143.686 F1000.000
G1 X100.951 Y143.908
G1 X100.779 Y143.885
G1 X100.435 Y143.697
G1 X100.149 Y143.355
G1 X99.978 Y142.922
G1 X99.950 Y142.478
G1 X100.069 Y142.176
G1 X100.325 Y142.048
G1 X100.535 Y142.101
G1 X100.813 Y142.345
G1 X101.098 Y142.410
G1 X101.161 Y141.999
G1 X101.239 Y142.001
G1 X102.096 Y142.837
G1 X102.796 Y143.200
G1 X103.342 Y144.172
G1 X103.662 Y145.158
G1 X103.677 Y145.964
G1 X103.559 Y146.190
G1 X103.366 Y146.258
G1 X103.116 Y146.147
G1 X102.904 Y145.833
G1 X102.508 Y144.512
G1 X102.389 Y143.363
G1 X102.486 Y143.059
G1 X102.444 Y142.623
G1 X102.633 Y142.223
G1 X102.847 Y142.088
G1 X103.114 Y142.063
G1 X103.391 Y142.155
G1 X103.553 Y142.327
G1 X103.912 Y142.065
G1 X104.179 Y143.782
G1 X104.437 Y143.940
G1 X104.807 Y143.834
G1 X105.917 Y143.154
G1 X106.222 Y143.321
G1 X106.222 Y143.731
G1 X106.032 Y143.879
G1 X105.736 Y143.866
G1 X105.469 Y143.701
G1 X105.263 Y143.410
G1 X105.157 Y142.645
G1 X105.267 Y142.345
G1 X105.476 Y142.144
G1 X105.825 Y142.043
G1 X106.189 Y142.106
G1 X106.477 Y142.316
G1 X106.630 Y142.627
G0 Z5.000 F500.000
G0 X106.820 Y141.250 F3000.000
G1 Z1.000 F500.000
G4 P100
G1 X107.120 Y142.337 F1000.000
G0 Z5.000 F500.000
G0 X97.146 Y144.844 F3000.000
G1 Z1.000 F500.000
G4 P100
G1 X97.280 Y144.866 F1000.000
G0 Z5.000 F500.000
G0 X104.321 Y144.844 F3000.000
G1 Z1.000 F500.000
G4 P100
G1 X104.455 Y144.866 F1000.000
G0 Z5.000 F500.000
G0 X84.966 Y132.162 F3000.000
G1 Z1.000 F500.000
G4 P100
G1 X85.644 Y133.094 F1000.000
G1 X85.884 Y133.268
G1 X85.999 Y133.747
G1 X86.165 Y133.902
G1 X85.999 Y133.747
G1 X85.884 Y133.268
G1 X86.354 Y132.644
G1 X86.434 Y132.244
G1 X86.212 Y131.953
G1 X85.804 Y131.954
G0 Z5.000 F500.000
G0 X87.394 Y131.949 F3000.000
G1 Z1.000 F500.000
G4 P100
G1 X87.697 Y133.657 F1000.000
G1 X87.795 Y133.795
G0 Z5.000 F500.000
G0 X89.052 Y133.863 F3000.000
G1 Z1.000 F500.000
G4 P100
G1 X88.889 Y133.609 F1000.000
G1 X88.776 Y133.088
G1 X88.803 Y131.988
G1 X88.810 Y132.511
G1 X89.182 Y132.738
G1 X89.559 Y133.402
G1 X90.121 Y133.592
G1 X90.143 Y133.688
G1 X90.009 Y132.025
G0 Z5.000 F500.000
G0 X92.113 Y131.424 F3000.000
G1 Z1.000 F500.000
G4 P100
G1 X91.778 Y131.344 F1000.000
G1 X91.097 Y130.623
G1 X90.907 Y130.084
G1 X91.063 Y129.732
G1 X91.367 Y129.691
G1 X91.644 Y129.884
G1 X91.886 Y130.308
G1 X92.112 Y131.022
G1 X92.113 Y131.424
G1 X92.288 Y131.881
G1 X92.257 Y132.203
G1 X91.722 Y131.969
G1 X91.483 Y131.962
G1 X91.243 Y132.143
G1 X91.157 Y132.502
G1 X91.229 Y132.956
G1 X91.435 Y133.367
G1 X91.747 Y133.673
G1 X92.107 Y133.813
G1 X92.530 Y133.559
G1 X92.257 Y132.203
G0 Z5.000 F500.000
G0 X93.746 Y132.962 F3000.000
G1 Z1.000 F500.000
G4 P100
G1 X93.998 Y133.058 F1000.000
G1 X94.177 Y133.255
G1 X94.837 Y134.712
G1 X94.961 Y135.731
G1 X94.865 Y136.038
G1 X94.677 Y136.159
G1 X94.427 Y136.091
G1 X94.219 Y135.839
G1 X93.819 Y134.666
G1 X93.647 Y133.324
G1 X93.746 Y132.962
G1 X93.696 Y132.569
G1 X93.813 Y132.238
G1 X94.086 Y131.998
G1 X94.482 Y131.987
G1 X94.721 Y132.109
G1 X95.060 Y132.497
G1 X96.090 Y132.860
G1 X96.323 Y133.144
G1 X96.355 Y133.484
G1 X96.202 Y133.723
G1 X95.878 Y133.795
G1 X95.503 Y133.627
G1 X95.239 Y133.228
G1 X95.165 Y132.775
G1 X95.299 Y132.232
G1 X95.631 Y131.980
G1 X96.102 Y131.952
G1 X96.495 Y132.149
G1 X96.711 Y132.516
G0 Z5.000 F500.000
G0 X96.994 Y131.976 F3000.000
G1 Z1.000 F500.000
G4 P100
G1 X99.162 Y136.100 F1000.000
G0 Z5.000 F500.000
G0 X100.946 Y133.758 F3000.000
G1 Z1.000 F500.000
G4 P100
G1 X101.327 Y135.772 F1000.000
G1 X101.516 Y136.080
G1 X101.856 Y136.111
G1 X102.011 Y135.766
G1 X101.982 Y135.132
G1 X101.447 Y133.529
G1 X100.982 Y133.251
G1 X100.871 Y133.442
G1 X100.905 Y133.802
G1 X100.435 Y133.745
G1 X100.117 Y133.539
G1 X99.868 Y133.206
G1 X99.742 Y132.818
G1 X99.719 Y132.440
G1 X99.880 Y132.040
G1 X100.094 Y131.958
G1 X100.415 Y132.031
G1 X100.987 Y132.376
G1 X101.173 Y131.942
G1 X100.986 Y132.384
G1 X100.982 Y133.251
G0 Z5.000 F500.000
G0 X102.302 Y133.022 F3000.000
G1 Z1.000 F500.000
G4 P100
G1 X102.419 Y133.412 F1000.000
G1 X102.639 Y133.663
G1 X103.018 Y133.761
G1 X103.344 Y133.672
G1 X103.536 Y133.419
G1 X103.623 Y132.990
G1 X103.420 Y132.231
G1 X103.069 Y132.002
G1 X102.771 Y131.979
G1 X102.541 Y132.069
G1 X102.318 Y132.443
G1 X102.302 Y133.022
G0 Z5.000 F500.000
G0 X104.941 Y133.876 F3000.000
G1 Z1.000 F500.000
G4 P100
G1 X104.758 Y133.658 F1000.000
G1 X104.589 Y132.796
G1 X104.600 Y132.330
G1 X104.746 Y132.083
G1 X105.007 Y132.131
G1 X105.351 Y132.531
G1 X105.685 Y132.650
G1 X105.729 Y132.010
G1 X105.685 Y132.650
G1 X105.944 Y133.735
G1 X106.154 Y133.868
G1 X107.009 Y133.458
G1 X107.313 Y133.536
G1 X107.663 Y133.797
G1 X108.092 Y133.611
G1 X108.275 Y133.282
G1 X108.310 Y132.839
G1 X108.196 Y132.395
G1 X107.949 Y132.082
G1 X107.582 Y131.955
G1 X107.210 Y132.085
G1 X107.003 Y132.424
G1 X106.939 Y132.962
G1 X107.017 Y134.180
G1 X107.262 Y135.286
G1 X107.582 Y135.974
G1 X107.959 Y136.159
G1 X108.202 Y135.942
G1 X108.237 Y135.435
G1 X108.084 Y134.857
G1 X107.664 Y134.071
G1 X107.663 Y133.797
G0 Z5.000 F500.000
G0 X109.391 Y132.962 F3000.000
G1 Z1.000 F500.000
G4 P100
G1 X109.643 Y133.058 F1000.000
G1 X109.822 Y133.255
G1 X110.482 Y134.712
G1 X110.606 Y135.731
G1 X110.510 Y136.038
G1 X110.322 Y136.159
G1 X110.072 Y136.091
G1 X109.864 Y135.839
G1 X109.464 Y134.666
G1 X109.292 Y133.324
G1 X109.391 Y132.962
G1 X109.341 Y132.569
G1 X109.458 Y132.238
G1 X109.731 Y131.998
G1 X110.127 Y131.987
G1 X110.366 Y132.109
G1 X110.705 Y132.497
G1 X111.735 Y132.860
G1 X111.968 Y133.144
G1 X112.000 Y133.484
G1 X111.847 Y133.723
G1 X111.523 Y133.795
G1 X111.148 Y133.627
G1 X110.884 Y133.228
G1 X110.810 Y132.775
G1 X110.944 Y132.232
G1 X111.276 Y131.980
G1 X111.747 Y131.952
G1 X112.140 Y132.149
G1 X112.356 Y132.516
G0 Z5.000 F500.000
G0 X112.639 Y131.976 F3000.000
G1 Z1.000 F500.000
G4 P100
G1 X114.807 Y136.100 F1000.000
G0 Z5.000 F500.000
G0 X115.468 Y133.807 F3000.000
G1 Z1.000 F500.000
G4 P100
G1 X115.405 Y133.738 F1000.000
G1 X115.470 Y132.343
G1 X115.534 Y132.106
G1 X115.685 Y132.007
G1 X115.960 Y132.167
G1 X116.380 Y132.988
G1 X116.591 Y133.119
G1 X116.905 Y133.113
G1 X116.708 Y133.656
G1 X116.742 Y133.785
G1 X116.711 Y133.646
G1 X116.914 Y133.155
G1 X116.840 Y133.077
G1 X116.591 Y133.119
G1 X116.723 Y132.828
G1 X116.758 Y132.231
G1 X116.884 Y132.014
G1 X117.133 Y132.066
G1 X118.060 Y133.778
G0 Z5.000 F500.000
G0 X118.967 Y133.366 F3000.000
G1 Z1.000 F500.000
G4 P100
G1 X119.179 Y133.642 F1000.000
G1 X119.479 Y133.750
G1 X119.825 Y133.719
G1 X120.042 Y133.541
G1 X120.186 Y132.859
G1 X120.072 Y132.378
G1 X119.842 Y132.081
G1 X119.349 Y131.978
G1 X118.995 Y132.188
G1 X118.844 Y132.760
G1 X118.967 Y133.366
G0 Z5.000 F500.000
G0 X121.479 Y133.871 F3000.000
G1 Z1.000 F500.000
G4 P100
G1 X121.329 Y133.715 F1000.000
G1 X121.173 Y133.031
G1 X121.259 Y132.511
G1 X121.215 Y131.983
G1 X121.259 Y132.511
G1 X121.553 Y132.695
G1 X122.085 Y133.495
G1 X122.453 Y133.592
G1 X122.541 Y133.702
G1 X122.453 Y133.592
G1 X122.641 Y132.987
G1 X122.595 Y132.894
G1 X122.846 Y133.075
G0 Z5.000 F500.000
G0 X124.621 Y133.758 F3000.000
G1 Z1.000 F500.000
G4 P100
G1 X125.002 Y135.772 F1000.000
G1 X125.191 Y136.080
G1 X125.531 Y136.111
G1 X125.686 Y135.766
G1 X125.657 Y135.132
G1 X125.122 Y133.529
G1 X124.657 Y133.251
G1 X124.546 Y133.442
G1 X124.580 Y133.802
G1 X124.110 Y133.745
G1 X123.792 Y133.539
G1 X123.543 Y133.206
G1 X123.417 Y132.818
G1 X123.394 Y132.440
G1 X123.555 Y132.040
G1 X123.769 Y131.958
G1 X124.090 Y132.031
G1 X124.662 Y132.376
G1 X124.848 Y131.942
G1 X124.661 Y132.384
G1 X124.657 Y133.251
G0 Z5.000 F500.000
G0 X125.596 Y132.162 F3000.000
G1 Z1.000 F500.000
G4 P100
G1 X126.274 Y133.094 F1000.000
G1 X126.514 Y133.268
G1 X126.629 Y133.747
G1 X126.795 Y133.902
G1 X126.629 Y133.747
G1 X126.514 Y133.268
G1 X126.984 Y132.644
G1 X127.064 Y132.244
G1 X126.842 Y131.953
G1 X126.434 Y131.954
G0 Z5.000 F500.000
G0 X128.159 Y133.229 F3000.000
G1 Z1.000 F500.000
G4 P100
G1 X129.143 Y133.324 F1000.000
G0 Z5.000 F500.000
G0 X130.145 Y133.123 F3000.000
G1 Z1.000 F500.000
G4 P100
G1 X130.281 Y133.475 F1000.000
G1 X130.508 Y133.688
G1 X130.894 Y133.758
G1 X131.215 Y133.635
G1 X131.377 Y133.378
G1 X131.448 Y132.947
G1 X131.363 Y132.473
G1 X131.190 Y132.163
G1 X130.713 Y131.976
G1 X130.321 Y132.106
G1 X130.122 Y132.542
G1 X130.145 Y133.123
G0 Z5.000 F500.000
G0 X132.722 Y133.863 F3000.000
G1 Z1.000 F500.000
G4 P100
G1 X132.559 Y133.609 F1000.000
G1 X132.446 Y133.088
G1 X132.473 Y131.988
G1 X132.480 Y132.511
G1 X132.852 Y132.738
G1 X133.229 Y133.402
G1 X133.791 Y133.592
G1 X133.813 Y133.688
G1 X133.666 Y132.071
G1 X133.750 Y131.917
G1 X133.852 Y131.922
G1 X134.654 Y132.744
G1 X135.341 Y133.113
G1 X135.683 Y133.673
G1 X136.034 Y134.468
G1 X136.218 Y135.191
G1 X136.224 Y135.810
G1 X136.035 Y136.134
G1 X135.667 Y136.064
G1 X135.357 Y135.548
G1 X135.060 Y134.501
G1 X134.923 Y133.309
G1 X135.021 Y132.962
G1 X134.982 Y132.511
G1 X135.193 Y132.100
G1 X135.671 Y131.969
G1 X135.932 Y132.061
G1 X136.088 Y132.230
G0 Z5.000 F500.000
G0 X136.876 Y133.876 F3000.000
G1 Z1.000 F500.000
G4 P100
G1 X136.691 Y133.651 F1000.000
G1 X136.516 Y132.709
G1 X136.552 Y132.283
G1 X136.739 Y132.065
G1 X136.997 Y132.158
G1 X137.304 Y132.542
G1 X137.596 Y132.672
G1 X137.933 Y133.817
G1 X137.596 Y132.672
G1 X137.647 Y132.352
G1 X137.519 Y131.623
G1 X137.405 Y131.427
G1 X136.943 Y131.250
G1 X136.367 Y130.597
G1 X136.197 Y130.058
G1 X136.362 Y129.727
G1 X136.723 Y129.714
G1 X137.034 Y130.024
G1 X137.404 Y131.024
G1 X137.405 Y131.427
G0 Z5.000 F500.000
G0 X87.846 Y134.747 F3000.000
G1 Z1.000 F500.000
G4 P100
G1 X87.980 Y134.769 F1000.000
G0 Z5.000 F500.000
G0 X85.731 Y123.779 F3000.000
G1 Z1.000 F500.000
G4 P100
G1 X85.568 Y123.615 F1000.000
G1 X85.441 Y123.103
G1 X85.416 Y122.150
G1 X85.542 Y121.982
G1 X85.711 Y121.992
G1 X86.147 Y122.438
G1 X86.475 Y122.553
G1 X86.519 Y121.913
G1 X86.475 Y122.553
G1 X86.800 Y123.722
G0 Z5.000 F500.000
G0 X87.997 Y123.766 F3000.000
G1 Z1.000 F500.000
G4 P100
G1 X87.834 Y123.512 F1000.000
G1 X87.721 Y122.991
G1 X87.748 Y121.891
G1 X87.755 Y122.414
G1 X88.127 Y122.641
G1 X88.504 Y123.305
G1 X89.066 Y123.495
G1 X89.088 Y123.591
G1 X88.954 Y121.928
G0 Z5.000 F500.000
G0 X91.356 Y123.661 F3000.000
G1 Z1.000 F500.000
G4 P100
G1 X91.737 Y125.675 F1000.000
G1 X91.926 Y125.983
G1 X92.266 Y126.014
G1 X92.421 Y125.669
G1 X92.392 Y125.035
G1 X91.851 Y123.419
G1 X91.392 Y123.154
G1 X91.281 Y123.345
G1 X91.322 Y123.703
G1 X90.866 Y123.654
G1 X90.576 Y123.486
G1 X90.174 Y122.836
G1 X90.118 Y122.430
G1 X90.214 Y122.041
G1 X90.376 Y121.887
G1 X90.605 Y121.872
G1 X91.397 Y122.279
G1 X91.583 Y121.845
G1 X91.396 Y122.287
G1 X91.417 Y123.264
G1 X92.522 Y122.490
G1 X92.880 Y122.490
G1 X93.430 Y122.665
G1 X93.762 Y122.945
G1 X93.862 Y123.300
G1 X93.720 Y123.609
G1 X93.373 Y123.698
G1 X92.998 Y123.530
G1 X92.734 Y123.131
G1 X92.660 Y122.678
G1 X92.794 Y122.135
G1 X93.126 Y121.883
G1 X93.597 Y121.855
G1 X93.990 Y122.052
G1 X94.206 Y122.419
G0 Z5.000 F500.000
G0 X95.029 Y123.774 F3000.000
G1 Z1.000 F500.000
G4 P100
G1 X94.879 Y123.618 F1000.000
G1 X94.723 Y122.934
G1 X94.809 Y122.414
G1 X94.765 Y121.886
G1 X94.809 Y122.414
G1 X95.108 Y122.604
G1 X95.555 Y123.335
G1 X96.091 Y123.605
G1 X96.003 Y123.495
G1 X96.191 Y122.890
G1 X96.145 Y122.797
G1 X96.191 Y122.890
G1 X96.557 Y123.014
G1 X97.111 Y122.865
G1 X97.393 Y122.983
G1 X97.940 Y123.918
G1 X98.280 Y124.928
G1 X98.305 Y125.756
G1 X98.194 Y125.986
G1 X98.006 Y126.064
G1 X97.752 Y125.962
G1 X97.532 Y125.645
G1 X97.130 Y124.296
G1 X97.014 Y123.285
G1 X97.111 Y122.865
G1 X97.054 Y122.537
G1 X97.278 Y122.008
G1 X97.753 Y121.871
G1 X98.022 Y121.964
G1 X98.178 Y122.133
G1 X98.537 Y121.871
G1 X98.716 Y123.149
G1 X98.895 Y123.698
G0 Z5.000 F500.000
G0 X100.152 Y123.766 F3000.000
G1 Z1.000 F500.000
G4 P100
G1 X99.989 Y123.512 F1000.000
G1 X99.876 Y122.991
G1 X99.903 Y121.891
G1 X99.910 Y122.414
G1 X100.282 Y122.641
G1 X100.659 Y123.305
G1 X101.221 Y123.495
G1 X101.243 Y123.591
G1 X101.096 Y121.981
G1 X101.193 Y121.823
G1 X102.107 Y122.390
G1 X102.897 Y122.613
G1 X103.284 Y122.871
G1 X103.435 Y123.175
G1 X103.394 Y123.490
G1 X103.192 Y123.669
G1 X102.873 Y123.685
G1 X102.521 Y123.474
G1 X102.293 Y123.069
G1 X102.242 Y122.649
G1 X102.391 Y122.111
G1 X102.727 Y121.876
G1 X103.198 Y121.860
G1 X103.581 Y122.062
G1 X103.786 Y122.419
G0 Z5.000 F500.000
G0 X104.050 Y121.056 F3000.000
G1 Z1.000 F500.000
G4 P100
G1 X104.350 Y122.143 F1000.000
G0 Z5.000 F500.000
G0 X106.486 Y122.065 F3000.000
G1 Z1.000 F500.000
G4 P100
G1 X107.164 Y122.997 F1000.000
G1 X107.404 Y123.171
G1 X107.519 Y123.650
G1 X107.685 Y123.805
G1 X107.519 Y123.650
G1 X107.404 Y123.171
G1 X107.874 Y122.547
G1 X107.954 Y122.147
G1 X107.732 Y121.856
G1 X107.324 Y121.857
G0 Z5.000 F500.000
G0 X108.722 Y123.705 F3000.000
G1 Z1.000 F500.000
G4 P100
G1 X109.194 Y123.674 F1000.000
G1 X109.327 Y123.786
G1 X109.358 Y124.373
G1 X109.664 Y125.318
G1 X109.959 Y125.683
G1 X110.291 Y125.685
G1 X110.418 Y125.373
G1 X110.375 Y124.902
G1 X109.766 Y123.788
G1 X110.117 Y123.718
G1 X110.538 Y123.798
G1 X110.117 Y123.718
G1 X109.327 Y123.786
G1 X109.239 Y123.691
G1 X109.229 Y122.916
G1 X109.321 Y122.305
G1 X109.554 Y121.959
G1 X110.018 Y121.879
G1 X110.389 Y122.126
G0 Z5.000 F500.000
G0 X111.319 Y123.774 F3000.000
G1 Z1.000 F500.000
G4 P100
G1 X111.169 Y123.618 F1000.000
G1 X111.013 Y122.934
G1 X111.099 Y122.414
G1 X111.055 Y121.886
G1 X111.099 Y122.414
G1 X111.398 Y122.604
G1 X111.845 Y123.335
G1 X112.381 Y123.605
G1 X112.293 Y123.495
G1 X112.481 Y122.890
G1 X112.435 Y122.797
G1 X112.481 Y122.890
G1 X112.796 Y122.982
G1 X112.956 Y122.046
G1 X113.029 Y121.876
G1 X113.184 Y121.861
G1 X113.503 Y123.663
G1 X113.902 Y123.760
G1 X114.471 Y123.653
G1 X114.888 Y123.685
G1 X115.517 Y124.461
G1 X115.762 Y124.993
G1 X115.858 Y125.479
G1 X115.797 Y125.882
G1 X115.589 Y126.060
G1 X115.355 Y126.015
G1 X115.147 Y125.805
G1 X114.767 Y124.785
G1 X114.538 Y123.195
G1 X114.536 Y122.691
G1 X114.636 Y122.419
G1 X114.589 Y121.913
G1 X114.636 Y122.419
G1 X114.946 Y122.619
G1 X115.416 Y123.391
G1 X115.819 Y123.611
G1 X116.075 Y123.552
G1 X116.191 Y123.284
G1 X116.076 Y122.867
G1 X115.589 Y122.382
G1 X115.679 Y122.108
G1 X115.892 Y121.936
G1 X116.192 Y121.877
G1 X116.406 Y121.951
G1 X116.949 Y122.406
G1 X117.675 Y122.602
G1 X118.053 Y122.834
G1 X118.230 Y123.131
G1 X118.214 Y123.457
G1 X118.030 Y123.655
G1 X117.707 Y123.691
G1 X117.346 Y123.495
G1 X117.107 Y123.097
G1 X117.046 Y122.663
G1 X117.187 Y122.123
G1 X117.518 Y121.880
G1 X117.989 Y121.857
G1 X118.375 Y122.052
G1 X118.591 Y122.419
G0 Z5.000 F500.000
G0 X118.855 Y121.056 F3000.000
G1 Z1.000 F500.000
G4 P100
G1 X119.155 Y122.143 F1000.000
G0 Z5.000 F500.000
G0 X98.946 Y124.650 F3000.000
G1 Z1.000 F500.000
G4 P100
G1 X99.080 Y124.672 F1000.000
G0 Z5.000 F500.000
G0 X113.606 Y124.650 F3000.000
G1 Z1.000 F500.000
G4 P100
G1 X113.740 Y124.672 F1000.000
G0 Z5.000 F500.000
G0 X84.966 Y111.968 F3000.000
G1 Z1.000 F500.000
G4 P100
G1 X85.644 Y112.900 F1000.000
G1 X85.884 Y113.074
G1 X85.999 Y113.553
G1 X86.165 Y113.708
G1 X85.999 Y113.553
G1 X85.884 Y113.074
G1 X86.354 Y112.450
G1 X86.434 Y112.050
G1 X86.212 Y111.759
G1 X85.804 Y111.760
G0 Z5.000 F500.000
G0 X87.866 Y113.682 F3000.000
G1 Z1.000 F500.000
G4 P100
G1 X87.681 Y113.457 F1000.000
G1 X87.506 Y112.522
G1 X87.541 Y112.080
G1 X87.725 Y111.870
G1 X88.003 Y111.988
G1 X88.300 Y112.354
G1 X88.610 Y112.456
G1 X88.654 Y111.816
G1 X88.610 Y112.456
G1 X88.935 Y113.625
G1 X89.243 Y113.622
G1 X89.956 Y113.237
G1 X90.225 Y113.299
G1 X90.584 Y113.559
G1 X90.822 Y113.588
G1 X91.023 Y113.495
G1 X91.147 Y113.288
G1 X91.104 Y112.577
G1 X90.694 Y111.954
G1 X90.359 Y111.764
G1 X89.997 Y111.734
G1 X89.800 Y112.097
G1 X89.544 Y111.988
G1 X89.383 Y111.785
G1 X89.046 Y110.886
G1 X88.903 Y110.147
G1 X88.960 Y109.656
G1 X89.220 Y109.476
G1 X89.544 Y109.695
G1 X89.759 Y110.422
G1 X89.939 Y111.745
G1 X89.800 Y112.097
G1 X89.956 Y113.237
G1 X89.894 Y113.529
G1 X89.971 Y113.640
G0 Z5.000 F500.000
G0 X92.207 Y112.366 F3000.000
G1 Z1.000 F500.000
G4 P100
G1 X92.882 Y112.552 F1000.000
G1 X93.270 Y112.885
G1 X93.347 Y113.136
G1 X93.302 Y113.387
G1 X93.163 Y113.541
G1 X92.932 Y113.603
G1 X92.534 Y113.474
G1 X92.241 Y113.089
G1 X92.144 Y112.603
G1 X92.267 Y112.057
G1 X92.597 Y111.791
G1 X93.074 Y111.757
G1 X93.475 Y111.955
G1 X93.691 Y112.322
G0 Z5.000 F500.000
G0 X94.514 Y113.677 F3000.000
G1 Z1.000 F500.000
G4 P100
G1 X94.364 Y113.521 F1000.000
G1 X94.208 Y112.837
G1 X94.294 Y112.317
G1 X94.250 Y111.789
G1 X94.294 Y112.317
G1 X94.593 Y112.507
G1 X95.040 Y113.238
G1 X95.576 Y113.508
G1 X95.488 Y113.398
G1 X95.676 Y112.793
G1 X95.630 Y112.700
G1 X95.881 Y112.881
G1 X95.978 Y112.831
G1 X95.992 Y111.984
G1 X96.056 Y111.968
G1 X96.734 Y112.900
G1 X96.974 Y113.074
G1 X97.089 Y113.553
G1 X97.255 Y113.708
G1 X97.089 Y113.553
G1 X96.974 Y113.074
G1 X97.444 Y112.450
G1 X97.524 Y112.050
G1 X97.302 Y111.759
G1 X96.894 Y111.760
G0 Z5.000 F500.000
G0 X99.571 Y112.976 F3000.000
G1 Z1.000 F500.000
G4 P100
G1 X99.652 Y113.302 F1000.000
G1 X99.491 Y113.557
G1 X99.156 Y113.585
G1 X98.828 Y113.385
G1 X98.538 Y112.727
G1 X98.545 Y112.340
G1 X98.664 Y112.035
G1 X98.987 Y111.795
G1 X99.435 Y111.771
G1 X99.817 Y111.976
G1 X100.015 Y112.336
G0 Z5.000 F500.000
G0 X100.764 Y113.677 F3000.000
G1 Z1.000 F500.000
G4 P100
G1 X100.614 Y113.521 F1000.000
G1 X100.458 Y112.837
G1 X100.544 Y112.317
G1 X100.500 Y111.789
G1 X100.544 Y112.317
G1 X100.843 Y112.507
G1 X101.290 Y113.238
G1 X101.826 Y113.508
G1 X101.738 Y113.398
G1 X101.926 Y112.793
G1 X101.880 Y112.700
G1 X101.926 Y112.793
G1 X102.241 Y112.885
G1 X102.401 Y111.949
G1 X102.474 Y111.779
G1 X102.599 Y111.755
G1 X102.977 Y113.590
G1 X103.343 Y113.583
G1 X104.081 Y113.237
G1 X104.337 Y113.293
G1 X104.815 Y113.588
G1 X105.052 Y113.558
G1 X105.217 Y113.409
G1 X105.301 Y113.117
G1 X105.262 Y112.689
G1 X104.868 Y111.998
G1 X104.533 Y111.781
G1 X104.159 Y111.729
G1 X104.064 Y111.745
G1 X103.925 Y112.097
G1 X103.664 Y111.984
G1 X103.499 Y111.765
G1 X103.167 Y110.872
G1 X103.027 Y110.140
G1 X103.089 Y109.649
G1 X103.345 Y109.476
G1 X103.669 Y109.695
G1 X103.884 Y110.422
G1 X104.064 Y111.745
G1 X103.925 Y112.097
G1 X104.081 Y113.237
G1 X104.019 Y113.529
G1 X104.096 Y113.640
G0 Z5.000 F500.000
G0 X106.042 Y113.608 F3000.000
G1 Z1.000 F500.000
G4 P100
G1 X106.514 Y113.577 F1000.000
G1 X106.647 Y113.689
G1 X106.678 Y114.276
G1 X106.984 Y115.221
G1 X107.279 Y115.586
G1 X107.611 Y115.588
G1 X107.738 Y115.276
G1 X107.695 Y114.805
G1 X107.086 Y113.691
G1 X107.437 Y113.621
G1 X107.858 Y113.701
G1 X107.437 Y113.621
G1 X106.647 Y113.689
G1 X106.559 Y113.594
G1 X106.549 Y112.819
G1 X106.641 Y112.208
G1 X106.874 Y111.862
G1 X107.338 Y111.782
G1 X107.709 Y112.029
G0 Z5.000 F500.000
G0 X108.080 Y110.959 F3000.000
G1 Z1.000 F500.000
G4 P100
G1 X108.380 Y112.046 F1000.000
G0 Z5.000 F500.000
G0 X110.516 Y111.968 F3000.000
G1 Z1.000 F500.000
G4 P100
G1 X111.194 Y112.900 F1000.000
G1 X111.434 Y113.074
G1 X111.549 Y113.553
G1 X111.715 Y113.708
G1 X111.549 Y113.553
G1 X111.434 Y113.074
G1 X111.904 Y112.450
G1 X111.984 Y112.050
G1 X111.762 Y111.759
G1 X111.354 Y111.760
G0 Z5.000 F500.000
G0 X113.416 Y113.682 F3000.000
G1 Z1.000 F500.000
G4 P100
G1 X113.233 Y113.464 F1000.000
G1 X113.064 Y112.602
G1 X113.075 Y112.136
G1 X113.221 Y111.889
G1 X113.482 Y111.937
G1 X113.826 Y112.337
G1 X114.160 Y112.456
G1 X114.204 Y111.816
G1 X114.160 Y112.456
G1 X114.419 Y113.541
G1 X114.629 Y113.674
G1 X115.484 Y113.264
G1 X115.788 Y113.342
G1 X116.138 Y113.603
G1 X116.567 Y113.417
G1 X116.750 Y113.088
G1 X116.785 Y112.645
G1 X116.671 Y112.201
G1 X116.424 Y111.888
G1 X116.057 Y111.761
G1 X115.685 Y111.891
G1 X115.478 Y112.230
G1 X115.414 Y112.768
G1 X115.492 Y113.986
G1 X115.737 Y115.092
G1 X116.057 Y115.780
G1 X116.434 Y115.965
G1 X116.677 Y115.748
G1 X116.712 Y115.241
G1 X116.559 Y114.663
G1 X116.139 Y113.877
G1 X116.138 Y113.603
G0 Z5.000 F500.000
G0 X117.326 Y111.968 F3000.000
G1 Z1.000 F500.000
G4 P100
G1 X118.004 Y112.900 F1000.000
G1 X118.244 Y113.074
G1 X118.359 Y113.553
G1 X118.525 Y113.708
G1 X118.359 Y113.553
G1 X118.244 Y113.074
G1 X118.714 Y112.450
G1 X118.794 Y112.050
G1 X118.572 Y111.759
G1 X118.164 Y111.760
G0 Z5.000 F500.000
G0 X120.841 Y112.976 F3000.000
G1 Z1.000 F500.000
G4 P100
G1 X120.922 Y113.302 F1000.000
G1 X120.761 Y113.557
G1 X120.426 Y113.585
G1 X120.098 Y113.385
G1 X119.808 Y112.727
G1 X119.815 Y112.340
G1 X119.934 Y112.035
G1 X120.257 Y111.795
G1 X120.705 Y111.771
G1 X121.087 Y111.976
G1 X121.285 Y112.336
G0 Z5.000 F500.000
G0 X122.034 Y113.677 F3000.000
G1 Z1.000 F500.000
G4 P100
G1 X121.884 Y113.521 F1000.000
G1 X121.728 Y112.837
G1 X121.814 Y112.317
G1 X121.770 Y111.789
G1 X121.814 Y112.317
G1 X122.113 Y112.507
G1 X122.560 Y113.238
G1 X123.096 Y113.508
G1 X123.008 Y113.398
G1 X123.196 Y112.793
G1 X123.150 Y112.700
G1 X123.196 Y112.793
G1 X123.511 Y112.885
G1 X123.671 Y111.949
G1 X123.744 Y111.779
G1 X123.869 Y111.755
G1 X124.247 Y113.590
G1 X124.613 Y113.583
G1 X125.351 Y113.237
G1 X125.607 Y113.293
G1 X126.085 Y113.588
G1 X126.322 Y113.558
G1 X126.487 Y113.409
G1 X126.571 Y113.117
G1 X126.532 Y112.689
G1 X126.138 Y111.998
G1 X125.803 Y111.781
G1 X125.429 Y111.729
G1 X125.334 Y111.745
G1 X125.195 Y112.097
G1 X124.934 Y111.984
G1 X124.769 Y111.765
G1 X124.437 Y110.872
G1 X124.297 Y110.140
G1 X124.359 Y109.649
G1 X124.615 Y109.476
G1 X124.939 Y109.695
G1 X125.154 Y110.422
G1 X125.334 Y111.745
G1 X125.195 Y112.097
G1 X125.351 Y113.237
G1 X125.289 Y113.529
G1 X125.366 Y113.640
G0 Z5.000 F500.000
G0 X127.312 Y113.608 F3000.000
G1 Z1.000 F500.000
G4 P100
G1 X127.784 Y113.577 F1000.000
G1 X127.917 Y113.689
G1 X127.948 Y114.276
G1 X128.254 Y115.221
G1 X128.549 Y115.586
G1 X128.881 Y115.588
G1 X129.008 Y115.276
G1 X128.965 Y114.805
G1 X128.356 Y113.691
G1 X128.707 Y113.621
G1 X129.128 Y113.701
G1 X128.707 Y113.621
G1 X127.917 Y113.689
G1 X127.829 Y113.594
G1 X127.819 Y112.819
G1 X127.911 Y112.208
G1 X128.144 Y111.862
G1 X128.608 Y111.782
G1 X128.979 Y112.029
G0 Z5.000 F500.000
G0 X103.051 Y114.553 F3000.000
G1 Z1.000 F500.000
G4 P100
G1 X103.185 Y114.575 F1000.000
G0 Z5.000 F500.000
G0 X124.321 Y114.553 F3000.000
G1 Z1.000 F500.000
G4 P100
G1 X124.455 Y114.575 F1000.000
G0 Z5.000 F500.000
G0 X25.017 Y99.396 F3000.000
G1 Z1.000 F500.000
G4 P100
G1 X25.293 Y99.802 F1000.000
G1 X25.686 Y100.091
G1 X26.068 Y100.151
G1 X26.305 Y99.980
G1 X26.293 Y98.988
G1 X26.377 Y98.695
G1 X25.999 Y96.556
G1 X26.377 Y98.695
G1 X26.692 Y98.900
G1 X27.249 Y99.856
G1 X27.807 Y100.151
G1 X28.122 Y100.107
G1 X28.310 Y99.911
G1 X28.438 Y98.866
G1 X28.003 Y96.559
G1 X28.438 Y98.866
G1 X28.754 Y99.056
G1 X29.269 Y99.885
G1 X29.729 Y100.140
G1 X30.180 Y100.058
G1 X30.359 Y99.671
G1 X29.963 Y97.397
G1 X30.043 Y96.790
G1 X30.355 Y96.548
G1 X30.801 Y96.547
G1 X31.215 Y96.789
G1 X31.490 Y97.194
G0 Z5.000 F500.000
G0 X32.642 Y96.840 F3000.000
G1 Z1.000 F500.000
G4 P100
G1 X32.866 Y98.086 F1000.000
G1 X32.431 Y98.339
G1 X32.049 Y98.181
G1 X31.728 Y97.841
G1 X31.531 Y97.387
G1 X31.494 Y96.907
G1 X31.591 Y96.634
G1 X31.783 Y96.493
G1 X32.027 Y96.504
G1 X32.337 Y96.765
G1 X32.642 Y96.840
G1 X32.679 Y96.544
G0 Z5.000 F500.000
G0 X33.591 Y98.329 F3000.000
G1 Z1.000 F500.000
G4 P100
G1 X34.064 Y98.298 F1000.000
G1 X34.196 Y98.410
G1 X34.227 Y98.996
G1 X34.533 Y99.941
G1 X34.829 Y100.307
G1 X35.160 Y100.309
G1 X35.288 Y99.997
G1 X35.244 Y99.526
G1 X34.636 Y98.412
G1 X34.987 Y98.341
G1 X35.407 Y98.422
G1 X34.987 Y98.341
G1 X34.196 Y98.410
G1 X34.108 Y98.314
G1 X34.098 Y97.679
G1 X34.156 Y97.047
G1 X34.346 Y96.648
G1 X34.705 Y96.490
G1 X35.128 Y96.604
G1 X35.337 Y96.932
G1 X35.729 Y98.121
G1 X36.370 Y98.382
G1 X37.017 Y99.345
G1 X37.224 Y100.177
G1 X37.173 Y100.479
G1 X37.016 Y100.665
G1 X36.799 Y100.674
G1 X36.605 Y100.549
G1 X36.269 Y99.887
G1 X35.997 Y98.740
G1 X36.022 Y98.265
G1 X35.917 Y97.972
G1 X35.893 Y97.410
G1 X36.000 Y97.045
G1 X35.954 Y96.537
G1 X36.000 Y97.045
G1 X36.306 Y97.239
G1 X36.762 Y97.975
G1 X37.215 Y98.113
G1 X37.282 Y97.773
G1 X37.162 Y96.535
G0 Z5.000 F500.000
G0 X85.506 Y97.489 F3000.000
G1 Z1.000 F500.000
G4 P100
G1 X85.764 Y97.589 F1000.000
G1 X85.941 Y97.788
G1 X86.606 Y99.267
G1 X86.718 Y100.286
G1 X86.612 Y100.582
G1 X86.415 Y100.688
G1 X86.147 Y100.586
G1 X85.920 Y100.256
G1 X85.510 Y98.833
G1 X85.408 Y97.894
G1 X85.506 Y97.489
G1 X85.451 Y97.139
G1 X85.729 Y96.586
G1 X86.192 Y96.502
G1 X86.573 Y96.757
G1 X86.932 Y96.495
G1 X87.221 Y98.264
G1 X87.446 Y98.346
G1 X87.788 Y98.281
G1 X88.023 Y98.375
G1 X88.444 Y98.314
G1 X88.532 Y98.410
G1 X88.545 Y98.910
G1 X88.807 Y99.809
G1 X89.052 Y100.215
G1 X89.325 Y100.358
G1 X89.582 Y100.183
G1 X89.609 Y99.654
G1 X89.452 Y99.199
G1 X89.045 Y98.656
G1 X88.971 Y98.412
G1 X89.322 Y98.341
G1 X89.743 Y98.422
G1 X89.322 Y98.341
G1 X88.532 Y98.410
G1 X88.444 Y98.314
G1 X88.455 Y97.263
G1 X88.635 Y96.705
G1 X88.904 Y96.514
G1 X89.272 Y96.515
G1 X89.845 Y96.979
G1 X91.033 Y97.378
G1 X91.275 Y97.664
G1 X91.310 Y98.011
G1 X91.150 Y98.254
G1 X90.826 Y98.321
G1 X90.453 Y98.149
G1 X90.192 Y97.748
G1 X90.121 Y97.294
G1 X90.258 Y96.752
G1 X90.593 Y96.504
G1 X91.064 Y96.480
G1 X91.450 Y96.676
G1 X91.666 Y97.042
G0 Z5.000 F500.000
G0 X92.489 Y98.397 F3000.000
G1 Z1.000 F500.000
G4 P100
G1 X92.339 Y98.241 F1000.000
G1 X92.183 Y97.558
G1 X92.269 Y97.037
G1 X92.225 Y96.510
G1 X92.269 Y97.037
G1 X92.563 Y97.222
G1 X93.095 Y98.022
G1 X93.463 Y98.119
G1 X93.551 Y98.229
G1 X93.463 Y98.119
G1 X93.651 Y97.514
G1 X93.605 Y97.421
G1 X93.856 Y97.601
G0 Z5.000 F500.000
G0 X95.533 Y96.840 F3000.000
G1 Z1.000 F500.000
G4 P100
G1 X95.741 Y98.116 F1000.000
G1 X95.386 Y98.338
G1 X95.221 Y98.317
G1 X94.876 Y98.132
G1 X94.588 Y97.791
G1 X94.415 Y97.359
G1 X94.384 Y96.914
G1 X94.504 Y96.605
G1 X94.760 Y96.478
G1 X94.970 Y96.530
G1 X95.248 Y96.775
G1 X95.533 Y96.840
G1 X95.596 Y96.429
G1 X95.674 Y96.430
G1 X96.531 Y97.267
G1 X97.231 Y97.630
G1 X97.774 Y98.595
G1 X98.094 Y99.573
G1 X98.115 Y100.380
G1 X98.004 Y100.610
G1 X97.823 Y100.688
G1 X97.487 Y100.507
G1 X97.191 Y99.896
G1 X96.936 Y98.898
G1 X96.823 Y97.807
G1 X96.921 Y97.489
G1 X96.882 Y97.038
G1 X97.099 Y96.622
G1 X97.571 Y96.495
G1 X97.832 Y96.588
G1 X97.988 Y96.757
G0 Z5.000 F500.000
G0 X102.469 Y99.098 F3000.000
G1 Z1.000 F500.000
G4 P100
G1 X102.511 Y99.693 F1000.000
G1 X102.187 Y100.099
G1 X101.522 Y100.185
G1 X100.909 Y99.933
G1 X100.610 Y99.593
G1 X100.430 Y99.139
G1 X100.213 Y97.015
G1 X99.883 Y96.779
G1 X99.444 Y96.683
G1 X99.883 Y96.779
G1 X100.213 Y97.015
G1 X101.588 Y96.593
G1 X102.192 Y96.556
G1 X102.732 Y96.781
G1 X103.050 Y97.194
G0 Z5.000 F500.000
G0 X104.203 Y96.840 F3000.000
G1 Z1.000 F500.000
G4 P100
G1 X104.427 Y98.086 F1000.000
G1 X103.992 Y98.339
G1 X103.610 Y98.181
G1 X103.289 Y97.841
G1 X103.092 Y97.387
G1 X103.055 Y96.907
G1 X103.152 Y96.634
G1 X103.344 Y96.493
G1 X103.588 Y96.504
G1 X103.898 Y96.765
G1 X104.203 Y96.840
G1 X104.240 Y96.544
G0 Z5.000 F500.000
G0 X105.479 Y98.932 F3000.000
G1 Z1.000 F500.000
G4 P100
G1 X105.382 Y99.266 F1000.000
G1 X105.448 Y99.608
G1 X105.654 Y99.851
G1 X106.003 Y100.018
G1 X106.934 Y100.157
G1 X107.317 Y100.060
G1 X107.747 Y100.179
G1 X109.146 Y100.087
G1 X107.754 Y100.179
G1 X107.317 Y100.060
G1 X106.796 Y96.432
G1 X106.869 Y96.353
G1 X107.150 Y96.359
G1 X108.512 Y96.958
G1 X109.754 Y97.361
G1 X110.014 Y97.651
G1 X110.055 Y98.011
G1 X109.883 Y98.261
G1 X109.534 Y98.316
G1 X109.177 Y98.129
G1 X108.929 Y97.727
G1 X108.866 Y97.287
G1 X109.007 Y96.746
G1 X109.338 Y96.504
G1 X109.809 Y96.480
G1 X110.195 Y96.676
G1 X110.411 Y97.042
G0 Z5.000 F500.000
G0 X110.562 Y99.601 F3000.000
G1 Z1.000 F500.000
G4 P100
G1 X111.098 Y100.099 F1000.000
G1 X111.395 Y100.167
G1 X111.696 Y100.111
G1 X112.013 Y99.799
G1 X112.440 Y98.783
G1 X112.778 Y98.960
G1 X113.922 Y100.219
G1 X112.778 Y98.960
G1 X112.440 Y98.783
G1 X112.394 Y98.278
G1 X112.007 Y98.053
G1 X111.033 Y96.850
G1 X110.626 Y96.493
G1 X111.033 Y96.850
G1 X112.007 Y98.053
G1 X112.394 Y98.278
G1 X112.563 Y97.998
G1 X112.883 Y96.949
G1 X113.173 Y96.592
G1 X113.528 Y96.511
G1 X113.883 Y96.612
G1 X114.291 Y96.954
G1 X114.479 Y97.298
G1 X115.308 Y96.574
G1 X115.701 Y96.481
G1 X115.982 Y98.184
G1 X116.080 Y98.322
G0 Z5.000 F500.000
G0 X117.337 Y98.390 F3000.000
G1 Z1.000 F500.000
G4 P100
G1 X117.174 Y98.136 F1000.000
G1 X117.061 Y97.614
G1 X117.088 Y96.515
G1 X117.095 Y97.037
G1 X117.467 Y97.265
G1 X117.844 Y97.929
G1 X118.406 Y98.119
G1 X118.428 Y98.214
G1 X118.281 Y96.597
G1 X118.365 Y96.443
G1 X118.467 Y96.449
G1 X119.269 Y97.271
G1 X119.967 Y97.649
G1 X120.390 Y98.383
G1 X120.717 Y99.204
G1 X120.855 Y99.936
G1 X120.793 Y100.492
G1 X120.531 Y100.688
G1 X120.277 Y100.586
G1 X120.057 Y100.269
G1 X119.655 Y98.920
G1 X119.539 Y97.909
G1 X119.636 Y97.489
G1 X119.579 Y97.160
G1 X119.803 Y96.632
G1 X120.278 Y96.494
G1 X120.547 Y96.588
G1 X120.703 Y96.757
G1 X121.062 Y96.495
G1 X121.241 Y97.773
G1 X121.420 Y98.322
G0 Z5.000 F500.000
G0 X122.677 Y98.390 F3000.000
G1 Z1.000 F500.000
G4 P100
G1 X122.514 Y98.136 F1000.000
G1 X122.401 Y97.614
G1 X122.428 Y96.515
G1 X122.435 Y97.037
G1 X122.807 Y97.265
G1 X123.184 Y97.929
G1 X123.746 Y98.119
G1 X123.768 Y98.214
G1 X123.621 Y96.605
G1 X123.718 Y96.447
G1 X124.632 Y97.013
G1 X125.422 Y97.237
G1 X125.809 Y97.495
G1 X125.960 Y97.798
G1 X125.919 Y98.114
G1 X125.717 Y98.292
G1 X125.398 Y98.308
G1 X125.046 Y98.098
G1 X124.818 Y97.692
G1 X124.767 Y97.273
G1 X124.916 Y96.734
G1 X125.252 Y96.500
G1 X125.723 Y96.483
G1 X126.106 Y96.686
G1 X126.311 Y97.042
G0 Z5.000 F500.000
G0 X126.594 Y96.503 F3000.000
G1 Z1.000 F500.000
G4 P100
G1 X128.762 Y100.626 F1000.000
G0 Z5.000 F500.000
G0 X129.469 Y97.985 F3000.000
G1 Z1.000 F500.000
G4 P100
G1 X129.773 Y98.062 F1000.000
G1 X130.123 Y98.324
G1 X130.436 Y98.226
G1 X130.642 Y98.024
G1 X130.766 Y97.658
G1 X130.747 Y97.207
G1 X130.607 Y96.831
G1 X130.361 Y96.575
G1 X129.991 Y96.484
G1 X129.648 Y96.631
G1 X129.455 Y96.979
G1 X129.400 Y97.518
G1 X129.480 Y98.728
G1 X129.727 Y99.827
G1 X130.047 Y100.507
G1 X130.419 Y100.686
G1 X130.662 Y100.468
G1 X130.697 Y99.962
G1 X130.544 Y99.384
G1 X130.124 Y98.598
G1 X130.123 Y98.324
G0 Z5.000 F500.000
G0 X131.851 Y97.489 F3000.000
G1 Z1.000 F500.000
G4 P100
G1 X132.103 Y97.585 F1000.000
G1 X132.279 Y97.775
G1 X132.926 Y99.183
G1 X133.071 Y100.206
G1 X132.989 Y100.532
G1 X132.825 Y100.676
G1 X132.466 Y100.561
G1 X132.166 Y100.020
G1 X131.881 Y98.984
G1 X131.753 Y97.821
G1 X131.851 Y97.489
G1 X131.812 Y97.038
G1 X132.029 Y96.622
G1 X132.501 Y96.495
G1 X132.762 Y96.588
G1 X132.918 Y96.757
G0 Z5.000 F500.000
G0 X133.358 Y96.899 F3000.000
G1 Z1.000 F500.000
G4 P100
G1 X133.304 Y97.440 F1000.000
G1 X133.519 Y98.061
G1 X133.950 Y98.280
G1 X134.388 Y98.181
G1 X134.564 Y97.925
G1 X134.643 Y97.495
G1 X134.567 Y97.028
G1 X134.413 Y96.723
G1 X134.174 Y96.549
G1 X133.770 Y96.509
G1 X133.511 Y96.638
G1 X133.358 Y96.899
G0 Z5.000 F500.000
G0 X136.576 Y97.697 F3000.000
G1 Z1.000 F500.000
G4 P100
G1 X136.651 Y98.059 F1000.000
G1 X136.443 Y98.302
G1 X136.064 Y98.272
G1 X135.732 Y97.980
G1 X135.574 Y97.613
G1 X135.535 Y97.176
G1 X135.628 Y96.825
G1 X135.835 Y96.593
G1 X136.332 Y96.475
G1 X136.800 Y96.677
G1 X136.996 Y96.965
G1 X137.308 Y98.095
G1 X137.435 Y98.216
G1 X137.923 Y98.358
G1 X138.311 Y98.842
G1 X138.627 Y99.412
G1 X138.786 Y99.936
G1 X138.776 Y100.409
G1 X138.589 Y100.666
G1 X138.346 Y100.662
G1 X138.125 Y100.477
G1 X137.733 Y99.494
G1 X137.485 Y97.848
G1 X137.480 Y97.321
G1 X137.581 Y97.042
G1 X137.534 Y96.537
G1 X137.581 Y97.042
G1 X137.891 Y97.243
G1 X138.381 Y98.035
G1 X138.838 Y98.239
G1 X139.091 Y98.083
G1 X139.118 Y97.717
G1 X138.538 Y96.941
G1 X138.753 Y96.604
G1 X139.195 Y96.510
G0 Z5.000 F500.000
G0 X87.341 Y99.274 F3000.000
G1 Z1.000 F500.000
G4 P100
G1 X87.475 Y99.296 F1000.000
G0 Z5.000 F500.000
G0 X116.131 Y99.274 F3000.000
G1 Z1.000 F500.000
G4 P100
G1 X116.265 Y99.296 F1000.000
G0 Z5.000 F500.000
G0 X121.471 Y99.274 F3000.000
G1 Z1.000 F500.000
G4 P100
G1 X121.605 Y99.296 F1000.000
G0 Z5.000 F500.000
G0 X85.516 Y87.565 F3000.000
G1 Z1.000 F500.000
G4 P100
G1 X86.570 Y87.548 F1000.000
G1 X86.567 Y86.735
G1 X86.429 Y86.364
G0 Z5.000 F500.000
G0 X90.512 Y88.293 F3000.000
G1 Z1.000 F500.000
G4 P100
G1 X90.349 Y88.039 F1000.000
G1 X90.236 Y87.517
G1 X90.263 Y86.418
G1 X90.270 Y86.940
G1 X90.642 Y87.168
G1 X91.019 Y87.832
G1 X91.581 Y88.022
G1 X91.603 Y88.117
G1 X91.469 Y86.455
G0 Z5.000 F500.000
G0 X93.773 Y86.743 F3000.000
G1 Z1.000 F500.000
G4 P100
G1 X93.997 Y87.989 F1000.000
G1 X93.562 Y88.242
G1 X93.180 Y88.084
G1 X92.859 Y87.744
G1 X92.662 Y87.290
G1 X92.625 Y86.810
G1 X92.722 Y86.537
G1 X92.914 Y86.396
G1 X93.158 Y86.407
G1 X93.468 Y86.668
G1 X93.773 Y86.743
G1 X93.810 Y86.447
G0 Z5.000 F500.000
G0 X94.722 Y88.232 F3000.000
G1 Z1.000 F500.000
G4 P100
G1 X95.194 Y88.201 F1000.000
G1 X95.327 Y88.313
G1 X95.337 Y88.799
G1 X95.590 Y89.685
G1 X95.852 Y90.123
G1 X96.142 Y90.261
G1 X96.383 Y90.072
G1 X96.401 Y89.543
G1 X96.247 Y89.102
G1 X95.840 Y88.559
G1 X95.766 Y88.315
G1 X96.117 Y88.244
G1 X96.538 Y88.325
G1 X96.117 Y88.244
G1 X95.327 Y88.313
G1 X95.239 Y88.217
G1 X95.256 Y87.115
G1 X95.472 Y86.557
G1 X95.945 Y86.395
G1 X96.222 Y86.483
G1 X96.389 Y86.652
G1 X96.922 Y86.398
G1 X97.101 Y87.676
G1 X97.280 Y88.225
G0 Z5.000 F500.000
G0 X98.261 Y88.210 F3000.000
G1 Z1.000 F500.000
G4 P100
G1 X98.284 Y86.784 F1000.000
G1 X98.450 Y86.446
G1 X98.645 Y86.454
G1 X98.816 Y86.586
G1 X99.558 Y88.099
G1 X99.806 Y88.244
G1 X100.185 Y87.188
G1 X100.452 Y86.989
G1 X101.020 Y87.129
G1 X101.393 Y87.356
G1 X101.579 Y87.672
G1 X101.540 Y88.024
G1 X101.335 Y88.198
G1 X101.023 Y88.211
G1 X100.740 Y88.066
G1 X100.523 Y87.791
G1 X100.396 Y87.147
G1 X100.492 Y86.719
G1 X100.724 Y86.471
G1 X101.078 Y86.366
G1 X101.474 Y86.425
G1 X101.772 Y86.631
G1 X101.936 Y86.945
G0 Z5.000 F500.000
G0 X103.664 Y89.626 F3000.000
G1 Z1.000 F500.000
G4 P100
G1 X104.378 Y90.015 F1000.000
G1 X105.345 Y90.157
G1 X106.122 Y89.997
G1 X106.663 Y89.562
G1 X106.917 Y88.846
G1 X106.831 Y87.837
G1 X106.447 Y87.085
G1 X105.821 Y86.601
G1 X104.853 Y86.397
G1 X104.373 Y86.427
G1 X104.132 Y86.555
G1 X104.351 Y88.171
G1 X104.549 Y89.004
G1 X104.658 Y89.108
G0 Z5.000 F500.000
G0 X108.130 Y88.470 F3000.000
G1 Z1.000 F500.000
G4 P100
G1 X108.310 Y89.056 F1000.000
G1 X108.602 Y89.527
G1 X108.998 Y89.871
G1 X109.464 Y90.057
G1 X109.989 Y90.070
G1 X110.443 Y89.895
G1 X110.779 Y89.553
G1 X110.973 Y89.066
G1 X110.984 Y88.163
G1 X110.736 Y87.340
G1 X110.263 Y86.743
G1 X109.636 Y86.442
G1 X108.905 Y86.477
G1 X108.359 Y86.876
G1 X108.100 Y87.537
G1 X108.130 Y88.470
G0 Z5.000 F500.000
G0 X114.558 Y88.989 F3000.000
G1 Z1.000 F500.000
G4 P100
G1 X114.616 Y89.598 F1000.000
G1 X114.294 Y90.004
G1 X113.642 Y90.083
G1 X112.976 Y89.810
G1 X112.547 Y89.358
G1 X112.266 Y88.745
G1 X112.159 Y87.967
G1 X112.253 Y87.332
G1 X112.687 Y86.737
G1 X113.427 Y86.441
G1 X114.532 Y86.501
G1 X115.142 Y86.705
G1 X115.332 Y86.870
G0 Z5.000 F500.000
G0 X115.102 Y89.504 F3000.000
G1 Z1.000 F500.000
G4 P100
G1 X115.638 Y90.002 F1000.000
G1 X115.935 Y90.070
G1 X116.236 Y90.014
G1 X116.553 Y89.702
G1 X116.980 Y88.686
G1 X117.318 Y88.863
G1 X118.462 Y90.122
G1 X117.318 Y88.863
G1 X116.980 Y88.686
G1 X116.934 Y88.181
G1 X116.547 Y87.956
G1 X115.573 Y86.753
G1 X115.166 Y86.396
G1 X115.573 Y86.753
G1 X116.547 Y87.956
G1 X116.934 Y88.181
G1 X117.103 Y87.901
G1 X117.423 Y86.852
G1 X117.713 Y86.495
G1 X118.053 Y86.414
G1 X118.384 Y86.495
G1 X118.782 Y86.803
G1 X118.953 Y87.104
G0 Z5.000 F500.000
G0 X120.514 Y87.429 F3000.000
G1 Z1.000 F500.000
G4 P100
G1 X120.478 Y88.071 F1000.000
G1 X120.585 Y88.726
G1 X120.819 Y89.277
G1 X121.165 Y89.701
G1 X121.628 Y89.988
G1 X122.158 Y90.088
G1 X122.658 Y89.991
G1 X123.059 Y89.705
G1 X123.365 Y89.080
G1 X123.387 Y88.222
G1 X123.163 Y87.405
G1 X122.714 Y86.791
G1 X122.080 Y86.453
G1 X121.356 Y86.459
G1 X120.809 Y86.808
G1 X120.514 Y87.429
G0 Z5.000 F500.000
G0 X124.043 Y89.299 F3000.000
G1 Z1.000 F500.000
G4 P100
G1 X124.319 Y89.705 F1000.000
G1 X124.712 Y89.994
G1 X125.094 Y90.054
G1 X125.331 Y89.883
G1 X125.318 Y88.891
G1 X125.403 Y88.598
G1 X125.024 Y86.459
G1 X125.403 Y88.598
G1 X125.718 Y88.803
G1 X126.274 Y89.759
G1 X126.833 Y90.054
G1 X127.148 Y90.010
G1 X127.336 Y89.814
G1 X127.463 Y88.769
G1 X127.029 Y86.462
G1 X127.463 Y88.769
G1 X127.780 Y88.959
G1 X128.295 Y89.788
G1 X128.755 Y90.043
G1 X129.206 Y89.961
G1 X129.384 Y89.574
G1 X128.988 Y87.300
G1 X129.069 Y86.693
G1 X129.381 Y86.451
G1 X129.827 Y86.450
G1 X130.240 Y86.692
G1 X130.515 Y87.097
G0 Z5.000 F500.000
G0 X130.203 Y89.299 F3000.000
G1 Z1.000 F500.000
G4 P100
G1 X130.479 Y89.705 F1000.000
G1 X130.872 Y89.994
G1 X131.254 Y90.054
G1 X131.491 Y89.883
G1 X131.478 Y88.891
G1 X131.563 Y88.598
G1 X131.184 Y86.459
G1 X131.563 Y88.598
G1 X131.878 Y88.803
G1 X132.434 Y89.759
G1 X132.993 Y90.054
G1 X133.308 Y90.010
G1 X133.496 Y89.814
G1 X133.623 Y88.769
G1 X133.189 Y86.462
G1 X133.623 Y88.769
G1 X133.940 Y88.959
G1 X134.455 Y89.788
G1 X134.915 Y90.043
G1 X135.366 Y89.961
G1 X135.544 Y89.574
G1 X135.148 Y87.300
G1 X135.229 Y86.693
G1 X135.541 Y86.451
G1 X135.987 Y86.450
G1 X136.400 Y86.692
G1 X136.675 Y87.097
G0 Z5.000 F500.000
G0 X139.459 Y89.001 F3000.000
G1 Z1.000 F500.000
G4 P100
G1 X139.501 Y89.596 F1000.000
G1 X139.177 Y90.002
G1 X138.512 Y90.088
G1 X137.899 Y89.836
G1 X137.600 Y89.496
G1 X137.420 Y89.042
G1 X137.203 Y86.918
G1 X136.873 Y86.682
G1 X136.434 Y86.586
G1 X136.873 Y86.682
G1 X137.203 Y86.918
G1 X138.578 Y86.496
G1 X139.182 Y86.459
G1 X139.722 Y86.684
G1 X140.040 Y87.097
G0 Z5.000 F500.000
G0 X87.693 Y87.590 F3000.000
G1 Z1.000 F500.000
G4 P100
G1 X86.649 Y87.617 F1000.000
G0 Z5.000 F500.000
G0 X86.570 Y87.548 F3000.000
G1 Z1.000 F500.000
G4 P100
G1 X86.649 Y87.617 F1000.000
G1 X86.763 Y88.769
G0 Z5.000 F500.000
G0 X97.331 Y89.177 F3000.000
G1 Z1.000 F500.000
G4 P100
G1 X97.465 Y89.199 F1000.000
G0 Z5.000 F500.000
G0 X86.566 Y78.091 F3000.000
G1 Z1.000 F500.000
G4 P100
G1 X86.947 Y80.105 F1000.000
G1 X87.136 Y80.413
G1 X87.476 Y80.444
G1 X87.631 Y80.098
G1 X87.602 Y79.464
G1 X87.067 Y77.862
G1 X86.602 Y77.583
G1 X86.491 Y77.774
G1 X86.525 Y78.135
G1 X86.055 Y78.078
G1 X85.737 Y77.872
G1 X85.488 Y77.539
G1 X85.362 Y77.151
G1 X85.339 Y76.773
G1 X85.500 Y76.373
G1 X85.714 Y76.291
G1 X86.035 Y76.364
G1 X86.607 Y76.709
G1 X86.793 Y76.275
G1 X86.606 Y76.716
G1 X86.602 Y77.583
G0 Z5.000 F500.000
G0 X87.834 Y76.282 F3000.000
G1 Z1.000 F500.000
G4 P100
G1 X88.188 Y78.098 F1000.000
G1 X88.374 Y78.130
G1 X88.465 Y77.981
G1 X88.681 Y76.438
G1 X89.458 Y77.437
G1 X89.689 Y77.600
G1 X89.804 Y78.080
G1 X89.970 Y78.235
G1 X89.804 Y78.080
G1 X89.689 Y77.600
G1 X90.159 Y76.977
G1 X90.239 Y76.577
G1 X90.017 Y76.286
G1 X89.609 Y76.287
G0 Z5.000 F500.000
G0 X91.451 Y77.764 F3000.000
G1 Z1.000 F500.000
G4 P100
G1 X91.714 Y77.823 F1000.000
G1 X92.106 Y78.096
G1 X92.416 Y78.088
G1 X92.648 Y77.793
G1 X92.643 Y77.265
G1 X92.404 Y76.720
G1 X91.996 Y76.350
G1 X91.434 Y76.272
G1 X91.295 Y76.624
G1 X90.910 Y76.369
G1 X90.571 Y75.511
G1 X90.406 Y74.768
G1 X90.434 Y74.237
G1 X90.657 Y74.009
G1 X90.851 Y74.033
G1 X91.012 Y74.178
G1 X91.239 Y74.870
G1 X91.434 Y76.272
G1 X91.295 Y76.624
G1 X91.451 Y77.764
G1 X91.389 Y78.055
G1 X91.466 Y78.167
G0 Z5.000 F500.000
G0 X93.851 Y77.295 F3000.000
G1 Z1.000 F500.000
G4 P100
G1 X94.103 Y77.391 F1000.000
G1 X94.279 Y77.581
G1 X94.926 Y78.989
G1 X95.071 Y80.012
G1 X94.989 Y80.338
G1 X94.825 Y80.482
G1 X94.466 Y80.367
G1 X94.166 Y79.826
G1 X93.881 Y78.790
G1 X93.753 Y77.627
G1 X93.851 Y77.295
G1 X93.812 Y76.844
G1 X94.029 Y76.428
G1 X94.501 Y76.301
G1 X94.762 Y76.394
G1 X94.918 Y76.563
G0 Z5.000 F500.000
G0 X96.443 Y76.646 F3000.000
G1 Z1.000 F500.000
G4 P100
G1 X96.667 Y77.892 F1000.000
G1 X96.232 Y78.145
G1 X95.850 Y77.987
G1 X95.529 Y77.647
G1 X95.332 Y77.193
G1 X95.295 Y76.713
G1 X95.392 Y76.440
G1 X95.584 Y76.299
G1 X95.828 Y76.310
G1 X96.138 Y76.571
G1 X96.443 Y76.646
G1 X96.480 Y76.350
G0 Z5.000 F500.000
G0 X98.056 Y78.208 F3000.000
G1 Z1.000 F500.000
G4 P100
G1 X97.871 Y77.984 F1000.000
G1 X97.696 Y77.042
G1 X97.732 Y76.615
G1 X97.919 Y76.397
G1 X98.177 Y76.490
G1 X98.484 Y76.875
G1 X98.776 Y77.005
G1 X99.113 Y78.150
G1 X98.776 Y77.005
G1 X98.827 Y76.684
G1 X98.699 Y75.956
G1 X98.585 Y75.759
G1 X98.123 Y75.583
G1 X97.547 Y74.929
G1 X97.377 Y74.391
G1 X97.542 Y74.060
G1 X97.903 Y74.046
G1 X98.214 Y74.357
G1 X98.584 Y75.357
G1 X98.585 Y75.759
G0 Z5.000 F500.000
G0 X101.402 Y76.892 F3000.000
G1 Z1.000 F500.000
G4 P100
G1 X102.077 Y77.078 F1000.000
G1 X102.465 Y77.412
G1 X102.542 Y77.663
G1 X102.497 Y77.914
G1 X102.358 Y78.067
G1 X102.127 Y78.130
G1 X101.729 Y78.001
G1 X101.436 Y77.615
G1 X101.339 Y77.129
G1 X101.462 Y76.583
G1 X101.792 Y76.317
G1 X102.269 Y76.284
G1 X102.670 Y76.482
G1 X102.886 Y76.848
G0 Z5.000 F500.000
G0 X104.148 Y74.646 F3000.000
G1 Z1.000 F500.000
G4 P100
G1 X104.378 Y76.470 F1000.000
G1 X103.756 Y76.290
G1 X103.518 Y76.347
G1 X103.341 Y76.641
G1 X103.353 Y77.135
G1 X103.533 Y77.597
G1 X103.845 Y77.953
G1 X104.269 Y78.143
G1 X104.734 Y78.062
G1 X104.905 Y78.340
G1 X104.734 Y78.062
G1 X104.378 Y76.470
G0 Z5.000 F500.000
G0 X106.241 Y78.208 F3000.000
G1 Z1.000 F500.000
G4 P100
G1 X106.058 Y77.990 F1000.000
G1 X105.889 Y77.129
G1 X105.900 Y76.663
G1 X106.046 Y76.416
G1 X106.307 Y76.464
G1 X106.651 Y76.863
G1 X106.985 Y76.983
G1 X107.029 Y76.343
G1 X106.985 Y76.983
G1 X107.244 Y78.068
G1 X107.465 Y78.218
G1 X107.995 Y77.890
G1 X109.127 Y76.510
G1 X109.291 Y76.652
G1 X109.496 Y77.922
G1 X109.121 Y78.148
G1 X108.701 Y77.991
G1 X108.321 Y77.559
G1 X108.138 Y76.976
G1 X108.175 Y76.564
G1 X108.368 Y76.324
G1 X108.659 Y76.305
G1 X108.983 Y76.571
G1 X109.288 Y76.646
G1 X109.325 Y76.350
G0 Z5.000 F500.000
G0 X110.237 Y78.135 F3000.000
G1 Z1.000 F500.000
G4 P100
G1 X110.709 Y78.104 F1000.000
G1 X110.842 Y78.216
G1 X110.852 Y78.702
G1 X111.105 Y79.588
G1 X111.367 Y80.026
G1 X111.657 Y80.164
G1 X111.898 Y79.975
G1 X111.916 Y79.446
G1 X111.762 Y79.005
G1 X111.355 Y78.462
G1 X111.281 Y78.218
G1 X111.632 Y78.147
G1 X112.053 Y78.228
G1 X111.632 Y78.147
G1 X110.842 Y78.216
G1 X110.754 Y78.120
G1 X110.771 Y77.018
G1 X110.987 Y76.460
G1 X111.460 Y76.298
G1 X111.737 Y76.386
G1 X111.904 Y76.555
G1 X112.437 Y76.301
G1 X112.616 Y77.579
G1 X112.795 Y78.128
G0 Z5.000 F500.000
G0 X113.985 Y77.947 F3000.000
G1 Z1.000 F500.000
G4 P100
G1 X114.261 Y78.072 F1000.000
G1 X114.580 Y78.076
G1 X114.800 Y77.968
G1 X114.952 Y77.738
G1 X115.033 Y77.301
G1 X114.967 Y76.869
G1 X114.817 Y76.546
G1 X114.585 Y76.363
G1 X114.067 Y76.340
G1 X113.762 Y76.664
G1 X113.707 Y77.326
G1 X113.804 Y77.692
G1 X113.985 Y77.947
G0 Z5.000 F500.000
G0 X116.307 Y78.196 F3000.000
G1 Z1.000 F500.000
G4 P100
G1 X116.144 Y77.942 F1000.000
G1 X116.031 Y77.420
G1 X116.058 Y76.321
G1 X116.065 Y76.843
G1 X116.437 Y77.071
G1 X116.814 Y77.735
G1 X117.376 Y77.925
G1 X117.398 Y78.020
G1 X117.264 Y76.358
G0 Z5.000 F500.000
G0 X88.286 Y79.080 F3000.000
G1 Z1.000 F500.000
G4 P100
G1 X88.420 Y79.102 F1000.000
G0 Z5.000 F500.000
G0 X112.846 Y79.080 F3000.000
G1 Z1.000 F500.000
G4 P100
G1 X112.980 Y79.102 F1000.000
G0 Z5.000 F500.000
G0 X25.022 Y60.937 F3000.000
G1 Z1.000 F500.000
G4 P100
G1 X25.965 Y61.149 F1000.000
G1 X26.255 Y61.037
G1 X26.773 Y61.034
G1 X26.248 Y61.038
G1 X25.963 Y61.156
G1 X26.436 Y64.574
G1 X26.129 Y64.681
G1 X25.620 Y64.650
G1 X26.129 Y64.681
G1 X26.436 Y64.574
G1 X26.726 Y64.685
G1 X27.329 Y64.699
G0 Z5.000 F500.000
G0 X28.205 Y62.939 F3000.000
G1 Z1.000 F500.000
G4 P100
G1 X28.029 Y62.749 F1000.000
G1 X27.893 Y62.136
G1 X27.924 Y61.054
G1 X27.968 Y61.571
G1 X28.272 Y61.770
G1 X28.681 Y62.482
G1 X29.087 Y62.649
G1 X29.191 Y62.428
G1 X29.148 Y61.883
G1 X29.233 Y61.598
G1 X29.162 Y61.039
G1 X29.233 Y61.598
G1 X29.529 Y61.793
G1 X29.978 Y62.507
G1 X30.436 Y62.632
G1 X30.489 Y62.263
G1 X30.373 Y61.061
G0 Z5.000 F500.000
G0 X32.677 Y61.366 F3000.000
G1 Z1.000 F500.000
G4 P100
G1 X32.901 Y62.613 F1000.000
G1 X32.466 Y62.865
G1 X32.084 Y62.707
G1 X31.763 Y62.368
G1 X31.566 Y61.914
G1 X31.529 Y61.434
G1 X31.626 Y61.161
G1 X31.818 Y61.019
G1 X32.062 Y61.031
G1 X32.372 Y61.291
G1 X32.677 Y61.366
G1 X32.714 Y61.071
G0 Z5.000 F500.000
G0 X34.827 Y60.478 F3000.000
G1 Z1.000 F500.000
G4 P100
G1 X34.492 Y60.397 F1000.000
G1 X33.812 Y59.676
G1 X33.622 Y59.137
G1 X33.777 Y58.786
G1 X34.089 Y58.746
G1 X34.368 Y58.949
G1 X34.608 Y59.382
G1 X34.838 Y60.125
G1 X34.827 Y60.478
G1 X35.002 Y60.934
G1 X34.971 Y61.257
G1 X34.219 Y61.011
G1 X33.978 Y61.165
G1 X33.873 Y61.489
G1 X33.915 Y61.910
G1 X34.077 Y62.310
G1 X34.340 Y62.632
G1 X34.656 Y62.825
G1 X34.878 Y62.863
G1 X35.243 Y62.619
G1 X34.972 Y61.136
G1 X36.845 Y61.740
G1 X37.225 Y61.955
G1 X37.425 Y62.246
G1 X37.426 Y62.587
G1 X37.248 Y62.799
G1 X36.926 Y62.843
G1 X36.561 Y62.656
G1 X36.314 Y62.254
G1 X36.250 Y61.814
G1 X36.391 Y61.273
G1 X36.722 Y61.031
G1 X37.193 Y61.007
G1 X37.579 Y61.203
G1 X37.796 Y61.569
G0 Z5.000 F500.000
G0 X37.886 Y61.215 F3000.000
G1 Z1.000 F500.000
G4 P100
G1 X38.563 Y62.147 F1000.000
G1 X38.804 Y62.321
G1 X38.918 Y62.800
G1 X39.084 Y62.956
G1 X38.918 Y62.800
G1 X38.804 Y62.321
G1 X39.274 Y61.698
G1 X39.354 Y61.298
G1 X39.132 Y61.006
G1 X38.723 Y61.007
G0 Z5.000 F500.000
G0 X85.259 Y61.003 F3000.000
G1 Z1.000 F500.000
G4 P100
G1 X85.562 Y62.710 F1000.000
G1 X85.660 Y62.848
G0 Z5.000 F500.000
G0 X86.917 Y62.917 F3000.000
G1 Z1.000 F500.000
G4 P100
G1 X86.754 Y62.663 F1000.000
G1 X86.641 Y62.141
G1 X86.668 Y61.042
G1 X86.675 Y61.564
G1 X87.047 Y61.792
G1 X87.424 Y62.455
G1 X87.986 Y62.646
G1 X88.008 Y62.741
G1 X87.861 Y61.124
G1 X87.945 Y60.970
G1 X88.047 Y60.975
G1 X88.849 Y61.798
G1 X89.547 Y62.176
G1 X89.970 Y62.910
G1 X90.297 Y63.730
G1 X90.435 Y64.463
G1 X90.373 Y65.019
G1 X90.111 Y65.215
G1 X89.857 Y65.113
G1 X89.637 Y64.796
G1 X89.235 Y63.446
G1 X89.119 Y62.435
G1 X89.216 Y62.016
G1 X89.159 Y61.687
G1 X89.383 Y61.158
G1 X89.858 Y61.021
G1 X90.127 Y61.115
G1 X90.283 Y61.283
G1 X90.642 Y61.021
G1 X90.821 Y62.299
G1 X91.000 Y62.848
G0 Z5.000 F500.000
G0 X92.257 Y62.917 F3000.000
G1 Z1.000 F500.000
G4 P100
G1 X92.094 Y62.663 F1000.000
G1 X91.981 Y62.141
G1 X92.008 Y61.042
G1 X92.015 Y61.564
G1 X92.387 Y61.792
G1 X92.764 Y62.455
G1 X93.326 Y62.646
G1 X93.348 Y62.741
G1 X93.201 Y61.131
G1 X93.298 Y60.973
G1 X94.212 Y61.540
G1 X95.002 Y61.763
G1 X95.389 Y62.021
G1 X95.540 Y62.325
G1 X95.499 Y62.641
G1 X95.297 Y62.819
G1 X94.978 Y62.835
G1 X94.626 Y62.625
G1 X94.398 Y62.219
G1 X94.347 Y61.799
G1 X94.496 Y61.261
G1 X94.832 Y61.026
G1 X95.303 Y61.010
G1 X95.686 Y61.213
G1 X95.891 Y61.569
G0 Z5.000 F500.000
G0 X98.039 Y62.924 F3000.000
G1 Z1.000 F500.000
G4 P100
G1 X97.889 Y62.768 F1000.000
G1 X97.733 Y62.084
G1 X97.819 Y61.564
G1 X97.775 Y61.037
G1 X97.819 Y61.564
G1 X98.113 Y61.748
G1 X98.645 Y62.549
G1 X99.013 Y62.646
G1 X99.101 Y62.756
G1 X99.013 Y62.646
G1 X99.201 Y62.040
G1 X99.155 Y61.947
G1 X99.406 Y62.128
G0 Z5.000 F500.000
G0 X101.083 Y61.366 F3000.000
G1 Z1.000 F500.000
G4 P100
G1 X101.303 Y62.626 F1000.000
G1 X100.916 Y62.868
G1 X100.448 Y62.677
G1 X100.173 Y62.374
G1 X99.994 Y61.991
G1 X99.926 Y61.558
G1 X100.002 Y61.210
G1 X100.163 Y61.045
G1 X100.383 Y61.008
G1 X100.785 Y61.295
G1 X101.083 Y61.366
G1 X101.187 Y60.959
G1 X101.357 Y60.939
G1 X101.931 Y61.215
G1 X102.609 Y62.147
G1 X102.849 Y62.321
G1 X102.964 Y62.800
G1 X103.130 Y62.956
G1 X102.964 Y62.800
G1 X102.849 Y62.321
G1 X103.319 Y61.698
G1 X103.399 Y61.298
G1 X103.177 Y61.006
G1 X102.769 Y61.007
G0 Z5.000 F500.000
G0 X104.167 Y62.856 F3000.000
G1 Z1.000 F500.000
G4 P100
G1 X104.639 Y62.824 F1000.000
G1 X104.772 Y62.936
G1 X104.794 Y63.480
G1 X105.077 Y64.402
G1 X105.350 Y64.796
G1 X105.673 Y64.870
G1 X105.849 Y64.618
G1 X105.832 Y64.102
G1 X105.211 Y62.939
G1 X105.562 Y62.868
G1 X105.983 Y62.948
G1 X105.562 Y62.868
G1 X104.772 Y62.936
G1 X104.684 Y62.841
G1 X104.693 Y61.804
G1 X104.867 Y61.244
G1 X105.137 Y61.043
G1 X105.505 Y61.040
G1 X106.085 Y61.506
G1 X107.273 Y61.904
G1 X107.515 Y62.191
G1 X107.550 Y62.538
G1 X107.390 Y62.780
G1 X107.066 Y62.847
G1 X106.693 Y62.676
G1 X106.432 Y62.275
G1 X106.361 Y61.821
G1 X106.498 Y61.279
G1 X106.833 Y61.031
G1 X107.304 Y61.007
G1 X107.690 Y61.203
G1 X107.906 Y61.569
G0 Z5.000 F500.000
G0 X108.729 Y62.924 F3000.000
G1 Z1.000 F500.000
G4 P100
G1 X108.579 Y62.768 F1000.000
G1 X108.423 Y62.084
G1 X108.509 Y61.564
G1 X108.465 Y61.037
G1 X108.509 Y61.564
G1 X108.803 Y61.748
G1 X109.335 Y62.549
G1 X109.703 Y62.646
G1 X109.791 Y62.756
G1 X109.703 Y62.646
G1 X109.891 Y62.040
G1 X109.845 Y61.947
G1 X110.096 Y62.128
G0 Z5.000 F500.000
G0 X112.146 Y62.189 F3000.000
G1 Z1.000 F500.000
G4 P100
G1 X113.200 Y62.172 F1000.000
G1 X113.197 Y61.359
G1 X113.059 Y60.988
G0 Z5.000 F500.000
G0 X117.154 Y62.924 F3000.000
G1 Z1.000 F500.000
G4 P100
G1 X117.004 Y62.768 F1000.000
G1 X116.848 Y62.084
G1 X116.934 Y61.564
G1 X116.890 Y61.037
G1 X116.934 Y61.564
G1 X117.228 Y61.748
G1 X117.760 Y62.549
G1 X118.128 Y62.646
G1 X118.216 Y62.756
G1 X118.128 Y62.646
G1 X118.316 Y62.040
G1 X118.270 Y61.947
G1 X118.521 Y62.128
G0 Z5.000 F500.000
G0 X119.069 Y62.032 F3000.000
G1 Z1.000 F500.000
G4 P100
G1 X119.184 Y62.446 F1000.000
G1 X119.402 Y62.708
G1 X119.793 Y62.814
G1 X120.101 Y62.737
G1 X120.303 Y62.492
G1 X120.396 Y62.073
G1 X120.223 Y61.328
G1 X119.901 Y61.068
G1 X119.347 Y61.102
G1 X119.106 Y61.447
G1 X119.069 Y62.032
G0 Z5.000 F500.000
G0 X121.052 Y62.856 F3000.000
G1 Z1.000 F500.000
G4 P100
G1 X121.524 Y62.824 F1000.000
G1 X121.657 Y62.936
G1 X121.688 Y63.523
G1 X121.994 Y64.468
G1 X122.289 Y64.833
G1 X122.621 Y64.835
G1 X122.748 Y64.523
G1 X122.705 Y64.052
G1 X122.096 Y62.939
G1 X122.447 Y62.868
G1 X122.868 Y62.948
G1 X122.447 Y62.868
G1 X121.657 Y62.936
G1 X121.569 Y62.841
G1 X121.559 Y62.067
G1 X121.651 Y61.455
G1 X121.884 Y61.109
G1 X122.348 Y61.029
G1 X122.719 Y61.276
G0 Z5.000 F500.000
G0 X124.418 Y61.366 F3000.000
G1 Z1.000 F500.000
G4 P100
G1 X124.642 Y62.613 F1000.000
G1 X124.207 Y62.865
G1 X123.825 Y62.707
G1 X123.504 Y62.368
G1 X123.307 Y61.914
G1 X123.270 Y61.434
G1 X123.367 Y61.161
G1 X123.559 Y61.019
G1 X123.803 Y61.031
G1 X124.113 Y61.291
G1 X124.418 Y61.366
G1 X124.455 Y61.071
G0 Z5.000 F500.000
G0 X125.367 Y62.856 F3000.000
G1 Z1.000 F500.000
G4 P100
G1 X125.839 Y62.824 F1000.000
G1 X125.972 Y62.936
G1 X125.994 Y63.480
G1 X126.277 Y64.402
G1 X126.550 Y64.796
G1 X126.873 Y64.870
G1 X127.049 Y64.618
G1 X127.032 Y64.102
G1 X126.411 Y62.939
G1 X126.762 Y62.868
G1 X127.183 Y62.948
G1 X126.762 Y62.868
G1 X125.972 Y62.936
G1 X125.884 Y62.841
G1 X125.893 Y61.804
G1 X126.067 Y61.244
G1 X126.337 Y61.043
G1 X126.705 Y61.040
G1 X127.285 Y61.506
G1 X128.473 Y61.904
G1 X128.715 Y62.191
G1 X128.750 Y62.538
G1 X128.590 Y62.780
G1 X128.266 Y62.847
G1 X127.893 Y62.676
G1 X127.632 Y62.275
G1 X127.561 Y61.821
G1 X127.698 Y61.279
G1 X128.033 Y61.031
G1 X128.504 Y61.007
G1 X128.890 Y61.203
G1 X129.106 Y61.569
G0 Z5.000 F500.000
G0 X130.796 Y62.812 F3000.000
G1 Z1.000 F500.000
G4 P100
G1 X131.177 Y64.825 F1000.000
G1 X131.366 Y65.133
G1 X131.706 Y65.165
G1 X131.861 Y64.819
G1 X131.832 Y64.185
G1 X131.297 Y62.582
G1 X130.832 Y62.304
G1 X130.721 Y62.495
G1 X130.755 Y62.856
G1 X130.285 Y62.798
G1 X129.967 Y62.592
G1 X129.718 Y62.260
G1 X129.592 Y61.871
G1 X129.569 Y61.493
G1 X129.730 Y61.093
G1 X129.944 Y61.012
G1 X130.265 Y61.084
G1 X130.837 Y61.430
G1 X131.023 Y60.995
G1 X130.836 Y61.437
G1 X130.832 Y62.304
G0 Z5.000 F500.000
G0 X85.711 Y63.800 F3000.000
G1 Z1.000 F500.000
G4 P100
G1 X85.845 Y63.822 F1000.000
G0 Z5.000 F500.000
G0 X91.051 Y63.800 F3000.000
G1 Z1.000 F500.000
G4 P100
G1 X91.185 Y63.822 F1000.000
G0 Z5.000 F500.000
G0 X113.200 Y62.172 F3000.000
G1 Z1.000 F500.000
G4 P100
G1 X113.279 Y62.240 F1000.000
G1 X113.393 Y63.393
G0 Z5.000 F500.000
G0 X113.279 Y62.240 F3000.000
G1 Z1.000 F500.000
G4 P100
G1 X114.323 Y62.214 F1000.000
G0 Z5.000 F500.000
G0 X85.259 Y50.906 F3000.000
G1 Z1.000 F500.000
G4 P100
G1 X85.562 Y52.613 F1000.000
G1 X85.660 Y52.751
G0 Z5.000 F500.000
G0 X86.917 Y52.820 F3000.000
G1 Z1.000 F500.000
G4 P100
G1 X86.754 Y52.566 F1000.000
G1 X86.641 Y52.044
G1 X86.668 Y50.945
G1 X86.675 Y51.467
G1 X87.047 Y51.695
G1 X87.424 Y52.358
G1 X87.986 Y52.549
G1 X88.008 Y52.644
G1 X87.861 Y51.027
G1 X87.945 Y50.873
G1 X88.047 Y50.878
G1 X88.849 Y51.701
G1 X89.547 Y52.079
G1 X89.970 Y52.813
G1 X90.297 Y53.633
G1 X90.435 Y54.366
G1 X90.373 Y54.922
G1 X90.111 Y55.118
G1 X89.857 Y55.016
G1 X89.637 Y54.699
G1 X89.235 Y53.349
G1 X89.119 Y52.338
G1 X89.216 Y51.919
G1 X89.159 Y51.590
G1 X89.383 Y51.061
G1 X89.858 Y50.924
G1 X90.127 Y51.018
G1 X90.283 Y51.186
G1 X90.642 Y50.924
G1 X90.821 Y52.202
G1 X91.000 Y52.751
G0 Z5.000 F500.000
G0 X92.257 Y52.820 F3000.000
G1 Z1.000 F500.000
G4 P100
G1 X92.094 Y52.566 F1000.000
G1 X91.981 Y52.044
G1 X92.008 Y50.945
G1 X92.015 Y51.467
G1 X92.387 Y51.695
G1 X92.764 Y52.358
G1 X93.326 Y52.549
G1 X93.348 Y52.644
G1 X93.201 Y51.034
G1 X93.298 Y50.876
G1 X94.212 Y51.443
G1 X95.002 Y51.666
G1 X95.389 Y51.924
G1 X95.540 Y52.228
G1 X95.499 Y52.544
G1 X95.297 Y52.722
G1 X94.978 Y52.738
G1 X94.626 Y52.528
G1 X94.398 Y52.122
G1 X94.347 Y51.702
G1 X94.496 Y51.164
G1 X94.832 Y50.929
G1 X95.303 Y50.913
G1 X95.686 Y51.116
G1 X95.891 Y51.472
G0 Z5.000 F500.000
G0 X98.039 Y52.827 F3000.000
G1 Z1.000 F500.000
G4 P100
G1 X97.889 Y52.671 F1000.000
G1 X97.733 Y51.987
G1 X97.819 Y51.467
G1 X97.775 Y50.940
G1 X97.819 Y51.467
G1 X98.113 Y51.651
G1 X98.645 Y52.452
G1 X99.013 Y52.549
G1 X99.101 Y52.659
G1 X99.013 Y52.549
G1 X99.201 Y51.943
G1 X99.155 Y51.850
G1 X99.406 Y52.031
G0 Z5.000 F500.000
G0 X101.083 Y51.269 F3000.000
G1 Z1.000 F500.000
G4 P100
G1 X101.303 Y52.529 F1000.000
G1 X100.916 Y52.771
G1 X100.448 Y52.580
G1 X100.173 Y52.277
G1 X99.994 Y51.894
G1 X99.926 Y51.461
G1 X100.002 Y51.113
G1 X100.163 Y50.948
G1 X100.383 Y50.911
G1 X100.785 Y51.198
G1 X101.083 Y51.269
G1 X101.187 Y50.862
G1 X101.357 Y50.842
G1 X101.931 Y51.118
G1 X102.609 Y52.050
G1 X102.849 Y52.224
G1 X102.964 Y52.703
G1 X103.130 Y52.859
G1 X102.964 Y52.703
G1 X102.849 Y52.224
G1 X103.319 Y51.601
G1 X103.399 Y51.201
G1 X103.177 Y50.909
G1 X102.769 Y50.910
G0 Z5.000 F500.000
G0 X104.167 Y52.759 F3000.000
G1 Z1.000 F500.000
G4 P100
G1 X104.639 Y52.727 F1000.000
G1 X104.772 Y52.839
G1 X104.794 Y53.383
G1 X105.077 Y54.305
G1 X105.350 Y54.699
G1 X105.673 Y54.773
G1 X105.849 Y54.521
G1 X105.832 Y54.005
G1 X105.211 Y52.842
G1 X105.562 Y52.771
G1 X105.983 Y52.851
G1 X105.562 Y52.771
G1 X104.772 Y52.839
G1 X104.684 Y52.744
G1 X104.693 Y51.707
G1 X104.867 Y51.147
G1 X105.137 Y50.946
G1 X105.505 Y50.943
G1 X106.085 Y51.409
G1 X107.273 Y51.807
G1 X107.515 Y52.094
G1 X107.550 Y52.441
G1 X107.390 Y52.683
G1 X107.066 Y52.750
G1 X106.693 Y52.579
G1 X106.432 Y52.178
G1 X106.361 Y51.724
G1 X106.498 Y51.182
G1 X106.833 Y50.934
G1 X107.304 Y50.910
G1 X107.690 Y51.106
G1 X107.906 Y51.472
G0 Z5.000 F500.000
G0 X108.729 Y52.827 F3000.000
G1 Z1.000 F500.000
G4 P100
G1 X108.579 Y52.671 F1000.000
G1 X108.423 Y51.987
G1 X108.509 Y51.467
G1 X108.465 Y50.940
G1 X108.509 Y51.467
G1 X108.803 Y51.651
G1 X109.335 Y52.452
G1 X109.703 Y52.549
G1 X109.791 Y52.659
G1 X109.703 Y52.549
G1 X109.891 Y51.943
G1 X109.845 Y51.850
G1 X110.096 Y52.031
G0 Z5.000 F500.000
G0 X112.146 Y52.092 F3000.000
G1 Z1.000 F500.000
G4 P100
G1 X113.200 Y52.075 F1000.000
G1 X113.197 Y51.262
G1 X113.059 Y50.891
G0 Z5.000 F500.000
G0 X117.923 Y51.269 F3000.000
G1 Z1.000 F500.000
G4 P100
G1 X118.147 Y52.516 F1000.000
G1 X117.712 Y52.768
G1 X117.330 Y52.610
G1 X117.009 Y52.271
G1 X116.812 Y51.817
G1 X116.775 Y51.337
G1 X116.872 Y51.064
G1 X117.064 Y50.922
G1 X117.308 Y50.934
G1 X117.618 Y51.194
G1 X117.923 Y51.269
G1 X117.960 Y50.974
G0 Z5.000 F500.000
G0 X119.492 Y52.820 F3000.000
G1 Z1.000 F500.000
G4 P100
G1 X119.329 Y52.566 F1000.000
G1 X119.216 Y52.044
G1 X119.243 Y50.945
G1 X119.250 Y51.467
G1 X119.622 Y51.695
G1 X119.999 Y52.358
G1 X120.561 Y52.549
G1 X120.583 Y52.644
G1 X120.449 Y50.981
G0 Z5.000 F500.000
G0 X122.631 Y52.126 F3000.000
G1 Z1.000 F500.000
G4 P100
G1 X122.706 Y52.488 F1000.000
G1 X122.498 Y52.731
G1 X122.119 Y52.701
G1 X121.787 Y52.409
G1 X121.629 Y52.043
G1 X121.590 Y51.606
G1 X121.683 Y51.255
G1 X121.890 Y51.023
G1 X122.387 Y50.905
G1 X122.855 Y51.106
G1 X123.051 Y51.395
G1 X123.363 Y52.524
G1 X123.490 Y52.645
G1 X123.978 Y52.788
G1 X124.362 Y53.266
G1 X124.680 Y53.835
G1 X124.838 Y54.350
G1 X124.837 Y54.819
G1 X124.658 Y55.091
G1 X124.442 Y55.106
G1 X124.246 Y54.984
G1 X123.910 Y54.330
G1 X123.634 Y53.177
G1 X123.658 Y52.695
G1 X123.528 Y51.847
G1 X123.636 Y51.474
G1 X123.589 Y50.967
G1 X123.636 Y51.474
G1 X123.941 Y51.669
G1 X124.398 Y52.404
G1 X124.851 Y52.543
G1 X124.918 Y52.202
G1 X124.798 Y50.964
G0 Z5.000 F500.000
G0 X126.013 Y51.343 F3000.000
G1 Z1.000 F500.000
G4 P100
G1 X125.967 Y51.891 F1000.000
G1 X126.188 Y52.502
G1 X126.625 Y52.711
G1 X127.054 Y52.606
G1 X127.227 Y52.348
G1 X127.303 Y51.918
G1 X127.225 Y51.451
G1 X127.069 Y51.147
G1 X126.834 Y50.979
G1 X126.422 Y50.940
G1 X126.165 Y51.072
G1 X126.013 Y51.343
G0 Z5.000 F500.000
G0 X128.589 Y52.827 F3000.000
G1 Z1.000 F500.000
G4 P100
G1 X128.439 Y52.671 F1000.000
G1 X128.283 Y51.987
G1 X128.369 Y51.467
G1 X128.325 Y50.940
G1 X128.369 Y51.467
G1 X128.668 Y51.657
G1 X129.115 Y52.389
G1 X129.651 Y52.659
G1 X129.563 Y52.549
G1 X129.751 Y51.943
G1 X129.705 Y51.850
G1 X129.956 Y52.031
G1 X130.096 Y52.008
G1 X130.356 Y51.601
G1 X130.522 Y51.516
G1 X131.104 Y51.661
G1 X131.479 Y51.898
G1 X131.657 Y52.243
G1 X131.584 Y52.594
G1 X131.356 Y52.739
G1 X131.043 Y52.724
G1 X130.772 Y52.559
G1 X130.568 Y52.266
G1 X130.460 Y51.812
G1 X130.524 Y51.355
G1 X130.838 Y50.973
G1 X131.192 Y50.891
G1 X131.564 Y50.960
G1 X131.851 Y51.169
G1 X132.006 Y51.472
G0 Z5.000 F500.000
G0 X133.696 Y52.715 F3000.000
G1 Z1.000 F500.000
G4 P100
G1 X134.077 Y54.728 F1000.000
G1 X134.266 Y55.036
G1 X134.606 Y55.068
G1 X134.761 Y54.722
G1 X134.732 Y54.088
G1 X134.197 Y52.485
G1 X133.732 Y52.207
G1 X133.621 Y52.398
G1 X133.655 Y52.759
G1 X133.185 Y52.701
G1 X132.867 Y52.495
G1 X132.618 Y52.163
G1 X132.492 Y51.774
G1 X132.469 Y51.396
G1 X132.630 Y50.996
G1 X132.844 Y50.915
G1 X133.165 Y50.987
G1 X133.737 Y51.333
G1 X133.923 Y50.898
G1 X133.736 Y51.340
G1 X133.732 Y52.207
G0 Z5.000 F500.000
G0 X85.845 Y53.725 F3000.000
G1 Z1.000 F500.000
G4 P100
G1 X85.711 Y53.703 F1000.000
G0 Z5.000 F500.000
G0 X91.051 Y53.703 F3000.000
G1 Z1.000 F500.000
G4 P100
G1 X91.185 Y53.725 F1000.000
G0 Z5.000 F500.000
G0 X113.200 Y52.075 F3000.000
G1 Z1.000 F500.000
G4 P100
G1 X113.279 Y52.143 F1000.000
G1 X113.393 Y53.296
G0 Z5.000 F500.000
G0 X113.279 Y52.143 F3000.000
G1 Z1.000 F500.000
G4 P100
G1 X114.323 Y52.117 F1000.000
G0 Z5.000 F500.000
G0 X84.966 Y41.021 F3000.000
G1 Z1.000 F500.000
G4 P100
G1 X85.644 Y41.953 F1000.000
G1 X85.884 Y42.127
G1 X85.999 Y42.606
G1 X86.165 Y42.762
G1 X85.999 Y42.606
G1 X85.884 Y42.127
G1 X86.354 Y41.504
G1 X86.434 Y41.104
G1 X86.212 Y40.812
G1 X85.804 Y40.813
G0 Z5.000 F500.000
G0 X88.273 Y39.173 F3000.000
G1 Z1.000 F500.000
G4 P100
G1 X88.503 Y40.997 F1000.000
G1 X87.881 Y40.817
G1 X87.643 Y40.874
G1 X87.466 Y41.167
G1 X87.478 Y41.661
G1 X87.658 Y42.124
G1 X87.970 Y42.480
G1 X88.394 Y42.670
G1 X88.859 Y42.588
G1 X89.030 Y42.867
G1 X88.859 Y42.588
G1 X88.503 Y40.997
G0 Z5.000 F500.000
G0 X90.366 Y42.735 F3000.000
G1 Z1.000 F500.000
G4 P100
G1 X90.183 Y42.517 F1000.000
G1 X90.014 Y41.656
G1 X90.025 Y41.190
G1 X90.171 Y40.943
G1 X90.432 Y40.991
G1 X90.776 Y41.390
G1 X91.110 Y41.509
G1 X91.154 Y40.870
G1 X91.110 Y41.509
G1 X91.369 Y42.594
G1 X91.590 Y42.745
G1 X92.120 Y42.417
G1 X93.252 Y41.036
G1 X93.416 Y41.179
G1 X93.621 Y42.448
G1 X93.246 Y42.674
G1 X92.826 Y42.518
G1 X92.446 Y42.086
G1 X92.263 Y41.503
G1 X92.300 Y41.090
G1 X92.493 Y40.851
G1 X92.784 Y40.832
G1 X93.108 Y41.097
G1 X93.413 Y41.172
G1 X93.450 Y40.877
G0 Z5.000 F500.000
G0 X94.994 Y42.730 F3000.000
G1 Z1.000 F500.000
G4 P100
G1 X94.844 Y42.574 F1000.000
G1 X94.688 Y41.890
G1 X94.774 Y41.370
G1 X94.730 Y40.843
G1 X94.774 Y41.370
G1 X95.073 Y41.560
G1 X95.520 Y42.292
G1 X96.056 Y42.562
G1 X95.968 Y42.452
G1 X96.156 Y41.846
G1 X96.110 Y41.753
G1 X96.361 Y41.934
G1 X96.501 Y41.911
G1 X96.761 Y41.504
G1 X96.927 Y41.419
G1 X97.509 Y41.564
G1 X97.884 Y41.801
G1 X98.062 Y42.146
G1 X97.989 Y42.497
G1 X97.761 Y42.642
G1 X97.448 Y42.627
G1 X97.177 Y42.462
G1 X96.973 Y42.169
G1 X96.865 Y41.715
G1 X96.929 Y41.258
G1 X97.243 Y40.876
G1 X97.597 Y40.794
G1 X97.969 Y40.863
G1 X98.256 Y41.072
G1 X98.411 Y41.375
G0 Z5.000 F500.000
G0 X98.929 Y42.088 F3000.000
G1 Z1.000 F500.000
G4 P100
G1 X99.913 Y42.183 F1000.000
G0 Z5.000 F500.000
G0 X100.993 Y42.667 F3000.000
G1 Z1.000 F500.000
G4 P100
G1 X100.930 Y42.597 F1000.000
G1 X100.995 Y41.203
G1 X101.059 Y40.965
G1 X101.210 Y40.867
G1 X101.485 Y41.026
G1 X101.905 Y41.847
G1 X102.116 Y41.978
G1 X102.430 Y41.973
G1 X102.233 Y42.516
G1 X102.267 Y42.645
G1 X102.236 Y42.506
G1 X102.439 Y42.014
G1 X102.365 Y41.936
G1 X102.116 Y41.978
G1 X102.248 Y41.688
G1 X102.283 Y41.090
G1 X102.409 Y40.873
G1 X102.658 Y40.926
G1 X103.585 Y42.637
G0 Z5.000 F500.000
G0 X104.749 Y42.730 F3000.000
G1 Z1.000 F500.000
G4 P100
G1 X104.599 Y42.574 F1000.000
G1 X104.443 Y41.890
G1 X104.529 Y41.370
G1 X104.485 Y40.843
G1 X104.529 Y41.370
G1 X104.823 Y41.554
G1 X105.355 Y42.355
G1 X105.723 Y42.452
G1 X105.811 Y42.562
G1 X105.723 Y42.452
G1 X105.911 Y41.846
G1 X105.865 Y41.753
G1 X106.116 Y41.934
G0 Z5.000 F500.000
G0 X107.793 Y41.172 F3000.000
G1 Z1.000 F500.000
G4 P100
G1 X108.017 Y42.419 F1000.000
G1 X107.582 Y42.671
G1 X107.200 Y42.513
G1 X106.879 Y42.174
G1 X106.682 Y41.720
G1 X106.645 Y41.240
G1 X106.742 Y40.967
G1 X106.934 Y40.825
G1 X107.178 Y40.837
G1 X107.488 Y41.097
G1 X107.793 Y41.172
G1 X107.830 Y40.877
G0 Z5.000 F500.000
G0 X109.186 Y42.291 F3000.000
G1 Z1.000 F500.000
G4 P100
G1 X109.449 Y42.349 F1000.000
G1 X109.841 Y42.622
G1 X110.151 Y42.614
G1 X110.383 Y42.320
G1 X110.378 Y41.792
G1 X110.139 Y41.246
G1 X109.731 Y40.876
G1 X109.169 Y40.799
G1 X109.030 Y41.150
G1 X108.645 Y40.896
G1 X108.306 Y40.038
G1 X108.141 Y39.295
G1 X108.169 Y38.764
G1 X108.392 Y38.536
G1 X108.586 Y38.559
G1 X108.747 Y38.705
G1 X108.974 Y39.397
G1 X109.169 Y40.799
G1 X109.030 Y41.150
G1 X109.186 Y42.291
G1 X109.124 Y42.582
G1 X109.201 Y42.693
G1 X109.492 Y42.854
G1 X109.833 Y42.844
G1 X111.402 Y42.294
G1 X111.814 Y42.332
G1 X112.354 Y42.645
G1 X112.601 Y42.592
G1 X112.758 Y42.404
G1 X112.756 Y41.686
G1 X112.356 Y41.031
G1 X112.022 Y40.827
G1 X111.654 Y40.784
G1 X111.574 Y40.799
G1 X111.435 Y41.150
G1 X111.174 Y41.037
G1 X111.009 Y40.819
G1 X110.667 Y39.890
G1 X110.534 Y39.142
G1 X110.616 Y38.670
G1 X110.907 Y38.533
G1 X111.203 Y38.794
G1 X111.408 Y39.555
G1 X111.574 Y40.799
G1 X111.435 Y41.150
G1 X111.591 Y42.291
G1 X111.529 Y42.582
G1 X111.606 Y42.693
G0 Z5.000 F500.000
G0 X113.842 Y41.419 F3000.000
G1 Z1.000 F500.000
G4 P100
G1 X114.517 Y41.605 F1000.000
G1 X114.905 Y41.939
G1 X114.982 Y42.190
G1 X114.937 Y42.440
G1 X114.798 Y42.594
G1 X114.567 Y42.657
G1 X114.169 Y42.528
G1 X113.876 Y42.142
G1 X113.779 Y41.656
G1 X113.902 Y41.110
G1 X114.232 Y40.844
G1 X114.709 Y40.810
G1 X115.110 Y41.009
G1 X115.326 Y41.375
G0 Z5.000 F500.000
G0 X117.016 Y42.618 F3000.000
G1 Z1.000 F500.000
G4 P100
G1 X117.397 Y44.631 F1000.000
G1 X117.586 Y44.939
G1 X117.926 Y44.971
G1 X118.081 Y44.625
G1 X118.052 Y43.991
G1 X117.517 Y42.388
G1 X117.052 Y42.110
G1 X116.941 Y42.301
G1 X116.975 Y42.662
G1 X116.505 Y42.604
G1 X116.187 Y42.398
G1 X115.938 Y42.066
G1 X115.812 Y41.677
G1 X115.789 Y41.299
G1 X115.950 Y40.899
G1 X116.164 Y40.818
G1 X116.485 Y40.890
G1 X117.057 Y41.236
G1 X117.243 Y40.801
G1 X117.056 Y41.243
G1 X117.052 Y42.110
G0 Z5.000 F500.000
G0 X120.049 Y42.730 F3000.000
G1 Z1.000 F500.000
G4 P100
G1 X119.899 Y42.574 F1000.000
G1 X119.743 Y41.890
G1 X119.829 Y41.370
G1 X119.785 Y40.843
G1 X119.829 Y41.370
G1 X120.123 Y41.554
G1 X120.655 Y42.355
G1 X121.023 Y42.452
G1 X121.111 Y42.562
G1 X121.023 Y42.452
G1 X121.211 Y41.846
G1 X121.165 Y41.753
G1 X121.416 Y41.934
G0 Z5.000 F500.000
G0 X123.093 Y41.172 F3000.000
G1 Z1.000 F500.000
G4 P100
G1 X123.313 Y42.432 F1000.000
G1 X122.926 Y42.674
G1 X122.458 Y42.483
G1 X122.183 Y42.180
G1 X122.004 Y41.797
G1 X121.936 Y41.364
G1 X122.012 Y41.016
G1 X122.173 Y40.851
G1 X122.393 Y40.814
G1 X122.795 Y41.101
G1 X123.093 Y41.172
G1 X123.197 Y40.765
G1 X123.367 Y40.745
G1 X123.941 Y41.021
G1 X124.619 Y41.953
G1 X124.859 Y42.127
G1 X124.974 Y42.606
G1 X125.140 Y42.762
G1 X124.974 Y42.606
G1 X124.859 Y42.127
G1 X125.329 Y41.504
G1 X125.409 Y41.104
G1 X125.187 Y40.812
G1 X124.779 Y40.813
G0 Z5.000 F500.000
G0 X126.177 Y42.662 F3000.000
G1 Z1.000 F500.000
G4 P100
G1 X126.649 Y42.630 F1000.000
G1 X126.782 Y42.742
G1 X126.804 Y43.286
G1 X127.087 Y44.208
G1 X127.360 Y44.602
G1 X127.683 Y44.676
G1 X127.859 Y44.424
G1 X127.842 Y43.908
G1 X127.221 Y42.745
G1 X127.572 Y42.674
G1 X127.993 Y42.754
G1 X127.572 Y42.674
G1 X126.782 Y42.742
G1 X126.694 Y42.647
G1 X126.703 Y41.610
G1 X126.877 Y41.050
G1 X127.147 Y40.849
G1 X127.515 Y40.846
G1 X128.095 Y41.312
G1 X129.283 Y41.710
G1 X129.525 Y41.997
G1 X129.560 Y42.344
G1 X129.400 Y42.586
G1 X129.076 Y42.653
G1 X128.703 Y42.482
G1 X128.442 Y42.081
G1 X128.371 Y41.627
G1 X128.508 Y41.085
G1 X128.843 Y40.837
G1 X129.314 Y40.813
G1 X129.700 Y41.009
G1 X129.916 Y41.375
G0 Z5.000 F500.000
G0 X130.739 Y42.730 F3000.000
G1 Z1.000 F500.000
G4 P100
G1 X130.589 Y42.574 F1000.000
G1 X130.433 Y41.890
G1 X130.519 Y41.370
G1 X130.475 Y40.843
G1 X130.519 Y41.370
G1 X130.813 Y41.554
G1 X131.345 Y42.355
G1 X131.713 Y42.452
G1 X131.801 Y42.562
G1 X131.713 Y42.452
G1 X131.901 Y41.846
G1 X131.855 Y41.753
G1 X132.106 Y41.934
G0 Z5.000 F500.000
G0 X84.734 Y14.730 F3000.000
G1 Z1.000 F500.000
G4 P100
G1 X84.005 Y14.709 F1000.000
G1 X83.597 Y14.835
G1 X83.278 Y14.700
G1 X83.597 Y14.835
G1 X83.728 Y15.040
G1 X84.343 Y15.531
G1 X84.578 Y15.900
G1 X84.625 Y16.245
G1 X84.410 Y16.568
G1 X83.960 Y16.634
G1 X83.582 Y16.452
G1 X83.442 Y16.083
G0 Z5.000 F500.000
G0 X84.000 Y32.633 F3000.000
G1 Z1.000 F500.000
G4 P100
G1 X143.986 Y32.633 F1000.000
G0 Z5.000 F500.000
G0 X143.986 Y68.107 F3000.000
G1 Z1.000 F500.000
G4 P100
G1 X143.986 Y32.633 F1000.000
G0 Z5.000 F500.000
G0 X84.000 Y68.107 F3000.000
G1 Z1.000 F500.000
G4 P100
G1 X84.000 Y32.633 F1000.000
G0 Z5.000 F500.000
G0 X84.000 Y68.107 F3000.000
G1 Z1.000 F500.000
G4 P100
G1 X143.986 Y68.107 F1000.000
G0 Z5.000 F500.000
G0 X143.986 Y103.580 F3000.000
G1 Z1.000 F500.000
G4 P100
G1 X143.986 Y68.107 F1000.000
G0 Z5.000 F500.000
G0 X84.000 Y103.580 F3000.000
G1 Z1.000 F500.000
G4 P100
G1 X84.000 Y68.107 F1000.000
G0 Z5.000 F500.000
G0 X84.000 Y103.580 F3000.000
G1 Z1.000 F500.000
G4 P100
G1 X143.986 Y103.580 F1000.000
G0 Z5.000 F500.000
G0 X143.986 Y149.150 F3000.000
G1 Z1.000 F500.000
G4 P100
G1 X143.986 Y103.580 F1000.000
G0 Z5.000 F500.000
G0 X84.000 Y149.150 F3000.000
G1 Z1.000 F500.000
G4 P100
G1 X84.000 Y103.580 F1000.000
G0 Z5.000 F500.000
G0 X84.000 Y149.150 F3000.000
G1 Z1.000 F500.000
G4 P100
G1 X143.986 Y149.150 F1000.000
G0 Z5.000 F500.000
G0 X143.986 Y194.721 F3000.000
G1 Z1.000 F500.000
G4 P100
G1 X143.986 Y149.150 F1000.000
G0 Z5.000 F500.000
G0 X143.986 Y210.000 F3000.000
G1 Z1.000 F500.000
G4 P100
G1 X143.986 Y194.721 F1000.000
G0 Z5.000 F500.000
G0 X84.000 Y194.721 F3000.000
G1 Z1.000 F500.000
G4 P100
G1 X84.000 Y149.150 F1000.000
G0 Z5.000 F500.000
G0 X84.000 Y194.721 F3000.000
G1 Z1.000 F500.000
G4 P100
G1 X143.986 Y194.721 F1000.000
G0 Z5.000 F500.000
G0 X84.000 Y210.000 F3000.000
G1 Z1.000 F500.000
G4 P100
G1 X84.000 Y194.721 F1000.000
G0 Z5.000 F500.000
G0 X84.000 Y210.000 F3000.000
G1 Z1.000 F500.000
G4 P100
G1 X143.986 Y210.000 F1000.000
G0 Z5.000 F500.000
G0 X24.014 Y210.000 F3000.000
G1 Z1.000 F500.000
G4 P100
G1 X24.014 Y194.721 F1000.000
G0 Z5.000 F500.000
G0 X24.014 Y194.721 F3000.000
G1 Z1.000 F500.000
G4 P100
G1 X24.014 Y149.150 F1000.000
G0 Z5.000 F500.000
G0 X24.014 Y149.150 F3000.000
G1 Z1.000 F500.000
G4 P100
G1 X24.014 Y103.580 F1000.000
G0 Z5.000 F500.000
G0 X24.014 Y103.580 F3000.000
G1 Z1.000 F500.000
G4 P100
G1 X24.014 Y68.107 F1000.000
G0 Z5.000 F500.000
G0 X24.014 Y68.107 F3000.000
G1 Z1.000 F500.000
G4 P100
G1 X24.014 Y32.633 F1000.000
G0 Z5.000 F500.000
G0 X24.014 Y32.633 F3000.000
G1 Z1.000 F500.000
G4 P100
G1 X84.000 Y32.633 F1000.000
G0 Z5.000 F500.000
G0 X24.014 Y68.107 F3000.000
G1 Z1.000 F500.000
G4 P100
G1 X84.000 Y68.107 F1000.000
G0 Z5.000 F500.000
G0 X24.014 Y103.580 F3000.000
G1 Z1.000 F500.000
G4 P100
G1 X84.000 Y103.580 F1000.000
G0 Z5.000 F500.000
G0 X24.014 Y149.150 F3000.000
G1 Z1.000 F500.000
G4 P100
G1 X84.000 Y149.150 F1000.000
G0 Z5.000 F500.000
G0 X24.014 Y194.721 F3000.000
G1 Z1.000 F500.000
G4 P100
G1 X84.000 Y194.721 F1000.000
G0 Z5.000 F500.000
G0 X24.014 Y210.000 F3000.000
G1 Z1.000 F500.000
G4 P100
G1 X84.000 Y210.000 F1000.000
G0 Z5.000 F500.000
M400
M84
; End
