; Generated by plotter-processor
; Page 1/3
; Motion profile: safe
; Draw feed: 1000.000 mm/min
; Travel feed: 3000.000 mm/min
; Z feed: 500.000 mm/min
; Pen Z: down=1.000 up=5.000
; Down settle: 100 ms
; Estimated ideal time: 1227.082461 s
G21
G90
G0 Z5.000 F500.000
G0 X16.019 Y284.319 F3000.000
G1 Z1.000 F500.000
G4 P100
G1 X16.450 Y287.350 F1000.000
G1 X16.506 Y288.100
G1 X16.455 Y288.311
G1 X16.300 Y288.381
G1 X15.909 Y288.216
G1 X15.213 Y287.569
G1 X15.059 Y287.653
G1 X14.994 Y287.844
G1 X15.169 Y288.281
G1 X15.838 Y288.928
G1 X16.206 Y289.099
G1 X16.575 Y289.156
G1 X16.879 Y289.102
G1 X17.103 Y288.938
G1 X17.241 Y288.669
G1 X17.288 Y288.300
G1 X17.163 Y287.331
G1 X17.541 Y288.196
G1 X17.962 Y288.753
G1 X18.428 Y289.055
G1 X18.938 Y289.156
G1 X19.301 Y289.084
G1 X19.578 Y288.869
G1 X19.754 Y288.522
G1 X19.812 Y288.056
G1 X19.756 Y287.544
G1 X20.095 Y288.284
G1 X20.488 Y288.781
G1 X20.938 Y289.062
G1 X21.450 Y289.156
G1 X21.837 Y289.086
G1 X22.122 Y288.875
G1 X22.298 Y288.538
G1 X22.356 Y288.087
G1 X21.894 Y285.631
G1 X21.831 Y285.094
G1 X21.953 Y284.700
G1 X22.294 Y284.569
G1 X22.697 Y284.706
G1 X23.331 Y285.250
G1 X23.459 Y285.175
G1 X23.506 Y284.969
G1 X23.388 Y284.581
G1 X22.744 Y284.006
G1 X22.075 Y283.825
G1 X21.602 Y283.904
G1 X21.244 Y284.141
G1 X21.019 Y284.510
G1 X20.944 Y284.988
G1 X21.456 Y287.925
G1 X21.372 Y288.253
G1 X21.131 Y288.363
G1 X20.830 Y288.268
G1 X20.516 Y287.984
G1 X20.202 Y287.482
G1 X19.903 Y286.731
G1 X19.278 Y283.953
G1 X18.925 Y283.825
G1 X18.616 Y283.925
G1 X18.519 Y284.300
G1 X19.050 Y287.900
G1 X18.959 Y288.250
G1 X18.688 Y288.363
G1 X18.377 Y288.276
G1 X18.056 Y288.016
G1 X17.735 Y287.534
G1 X17.422 Y286.784
G1 X17.138 Y285.745
G1 X16.778 Y283.950
G1 X16.450 Y283.825
G1 X16.119 Y283.928
G1 X16.019 Y284.319
G0 Z5.000 F500.000
G0 X22.994 Y284.875 F3000.000
G1 Z1.000 F500.000
G4 P100
G1 X23.250 Y286.419 F1000.000
G1 X23.400 Y286.694
G1 X23.700 Y286.769
G1 X23.939 Y286.716
G1 X24.019 Y286.556
G1 X23.750 Y284.900
G1 X23.800 Y284.613
G1 X23.969 Y284.512
G1 X24.250 Y284.669
G1 X24.700 Y285.163
G1 X24.869 Y285.250
G1 X24.997 Y285.175
G1 X25.044 Y284.969
G1 X24.925 Y284.581
G1 X24.327 Y284.014
G1 X23.769 Y283.825
G1 X23.418 Y283.897
G1 X23.178 Y284.113
G1 X23.040 Y284.447
G1 X22.994 Y284.875
G0 Z5.000 F500.000
G0 X23.819 Y287.181 F3000.000
G1 Z1.000 F500.000
G4 P100
G1 X23.425 Y287.303 F1000.000
G1 X23.294 Y287.644
G1 X23.466 Y288.009
G1 X23.894 Y288.156
G1 X24.269 Y288.044
G1 X24.412 Y287.725
G1 X24.250 Y287.328
G1 X23.819 Y287.181
G0 Z5.000 F500.000
G0 X24.950 Y286.613 F3000.000
G1 Z1.000 F500.000
G4 P100
G1 X25.172 Y286.748 F1000.000
G1 X25.450 Y286.794
G1 X25.925 Y286.666
G1 X26.250 Y286.294
G1 X26.672 Y286.669
G1 X27.131 Y286.794
G1 X27.503 Y286.681
G1 X27.631 Y286.319
G1 X27.525 Y285.878
G1 X27.269 Y285.719
G1 X27.081 Y285.775
G1 X26.969 Y286.050
G1 X26.881 Y286.087
G1 X26.722 Y285.947
G1 X26.578 Y285.575
G1 X26.554 Y284.834
G1 X26.826 Y284.521
G1 X27.280 Y284.523
G1 X28.175 Y285.250
G1 X28.303 Y285.175
G1 X28.350 Y284.969
G1 X28.231 Y284.581
G1 X27.628 Y284.041
G1 X27.279 Y283.879
G1 X26.888 Y283.825
G1 X26.322 Y283.944
G1 X25.931 Y284.281
G1 X25.542 Y283.944
G1 X25.088 Y283.831
G1 X24.780 Y283.881
G1 X24.544 Y284.031
G1 X24.394 Y284.264
G1 X24.344 Y284.562
G1 X24.488 Y285.069
G1 X24.661 Y285.214
G1 X25.062 Y285.220
G1 X25.119 Y285.094
G1 X25.088 Y284.681
G1 X25.128 Y284.541
G1 X25.250 Y284.494
G1 X25.478 Y284.634
G1 X25.659 Y285.019
G1 X25.731 Y285.556
G1 X25.675 Y285.934
G1 X25.538 Y286.087
G1 X25.438 Y286.053
G1 X25.275 Y285.778
G1 X25.056 Y285.719
G1 X24.838 Y285.816
G1 X24.756 Y286.113
G1 X24.805 Y286.397
G1 X24.950 Y286.613
G0 Z5.000 F500.000
G0 X27.795 Y285.573 F3000.000
G1 Z1.000 F500.000
G4 P100
G1 X28.148 Y286.293 F1000.000
G1 X28.434 Y286.550
G1 X28.777 Y286.714
G1 X29.163 Y286.769
G1 X29.489 Y286.715
G1 X29.744 Y286.553
G1 X29.908 Y286.299
G1 X29.963 Y285.969
G1 X29.885 Y285.568
G1 X29.653 Y285.228
G1 X29.237 Y284.951
G1 X28.606 Y284.738
G1 X28.833 Y284.522
G1 X29.200 Y284.450
G1 X29.841 Y284.647
G1 X30.631 Y285.250
G1 X30.759 Y285.175
G1 X30.806 Y284.969
G1 X30.688 Y284.581
G1 X30.034 Y284.062
G1 X29.598 Y283.884
G1 X29.131 Y283.825
G1 X28.548 Y283.914
G1 X28.113 Y284.181
G1 X27.841 Y284.603
G1 X27.750 Y285.156
G1 X27.795 Y285.573
G0 Z5.000 F500.000
G0 X28.506 Y285.238 F3000.000
G1 Z1.000 F500.000
G4 P100
G1 X29.088 Y285.488 F1000.000
G1 X29.247 Y285.677
G1 X29.300 Y285.894
G1 X29.234 Y286.084
G1 X29.056 Y286.156
G1 X28.843 Y286.089
G1 X28.666 Y285.887
G1 X28.506 Y285.238
G0 Z5.000 F500.000
G0 X30.272 Y285.332 F3000.000
G1 Z1.000 F500.000
G4 P100
G1 X30.431 Y285.778 F1000.000
G1 X30.684 Y286.167
G1 X31.016 Y286.478
G1 X31.410 Y286.695
G1 X31.850 Y286.800
G1 X32.023 Y287.924
G1 X32.303 Y288.872
G1 X32.690 Y289.516
G1 X32.922 Y289.678
G1 X33.181 Y289.731
G1 X33.427 Y289.670
G1 X33.628 Y289.488
G1 X33.762 Y289.181
G1 X33.806 Y288.750
G1 X33.720 Y287.991
G1 X33.463 Y287.113
G1 X32.544 Y285.188
G1 X32.653 Y284.669
G1 X32.869 Y284.512
G1 X33.213 Y284.663
G1 X33.681 Y285.163
G1 X33.850 Y285.250
G1 X33.978 Y285.175
G1 X34.025 Y284.969
G1 X33.906 Y284.581
G1 X33.344 Y284.047
G1 X33.039 Y283.880
G1 X32.738 Y283.825
G1 X32.319 Y283.964
G1 X32.013 Y284.381
G1 X31.553 Y283.938
G1 X31.094 Y283.825
G1 X30.746 Y283.896
G1 X30.466 Y284.109
G1 X30.280 Y284.437
G1 X30.219 Y284.850
G1 X30.272 Y285.332
G0 Z5.000 F500.000
G0 X31.000 Y284.913 F3000.000
G1 Z1.000 F500.000
G4 P100
G1 X31.078 Y284.570 F1000.000
G1 X31.313 Y284.456
G1 X31.550 Y284.553
G1 X31.850 Y284.913
G1 X31.800 Y286.156
G1 X31.485 Y285.988
G1 X31.228 Y285.697
G1 X31.057 Y285.324
G1 X31.000 Y284.913
G0 Z5.000 F500.000
G0 X32.550 Y286.169 F3000.000
G1 Z1.000 F500.000
G4 P100
G1 X33.075 Y287.544 F1000.000
G1 X33.250 Y288.619
G1 X33.209 Y288.988
G1 X33.113 Y289.119
G1 X32.994 Y289.013
G1 X32.875 Y288.697
G1 X32.672 Y287.594
G1 X32.550 Y286.169
G0 Z5.000 F500.000
G0 X35.416 Y287.356 F3000.000
G1 Z1.000 F500.000
G4 P100
G1 X35.659 Y288.262 F1000.000
G1 X35.997 Y289.031
G1 X36.418 Y289.556
G1 X36.656 Y289.688
G1 X36.913 Y289.731
G1 X37.180 Y289.662
G1 X37.384 Y289.453
G1 X37.513 Y289.115
G1 X37.556 Y288.656
G1 X37.453 Y287.853
G1 X37.144 Y286.931
G1 X36.658 Y285.955
G1 X36.025 Y284.988
G1 X36.169 Y284.622
G1 X36.431 Y284.512
G1 X36.881 Y284.659
G1 X37.544 Y285.250
G1 X37.672 Y285.175
G1 X37.719 Y284.969
G1 X37.600 Y284.581
G1 X37.016 Y284.038
G1 X36.679 Y283.878
G1 X36.300 Y283.825
G1 X35.821 Y283.950
G1 X35.484 Y284.325
G1 X35.285 Y284.898
G1 X35.219 Y285.619
G1 X35.416 Y287.356
G0 Z5.000 F500.000
G0 X35.981 Y285.831 F3000.000
G1 Z1.000 F500.000
G4 P100
G1 X36.688 Y287.297 F1000.000
G1 X36.884 Y287.999
G1 X36.950 Y288.637
G1 X36.906 Y288.994
G1 X36.775 Y289.113
G1 X36.622 Y288.983
G1 X36.450 Y288.594
G1 X36.131 Y287.306
G1 X35.981 Y285.831
G0 Z5.000 F500.000
G0 X37.632 Y286.194 F3000.000
G1 Z1.000 F500.000
G4 P100
G1 X37.978 Y286.509 F1000.000
G1 X38.374 Y286.713
G1 X38.794 Y286.781
G1 X38.978 Y286.728
G1 X39.056 Y286.538
G1 X39.561 Y286.508
G1 X39.638 Y286.344
G1 X39.400 Y284.719
G1 X39.447 Y284.569
G1 X39.569 Y284.512
G1 X39.856 Y284.666
G1 X40.313 Y285.163
G1 X40.481 Y285.250
G1 X40.609 Y285.175
G1 X40.656 Y284.969
G1 X40.538 Y284.581
G1 X39.994 Y284.044
G1 X39.711 Y283.880
G1 X39.438 Y283.825
G1 X39.059 Y283.966
G1 X38.800 Y284.350
G1 X38.433 Y283.956
G1 X37.981 Y283.825
G1 X37.633 Y283.895
G1 X37.363 Y284.106
G1 X37.189 Y284.431
G1 X37.131 Y284.844
G1 X37.189 Y285.330
G1 X37.363 Y285.791
G1 X37.632 Y286.194
G0 Z5.000 F500.000
G0 X38.044 Y285.500 F3000.000
G1 Z1.000 F500.000
G4 P100
G1 X37.913 Y284.837 F1000.000
G1 X37.991 Y284.550
G1 X38.206 Y284.456
G1 X38.469 Y284.619
G1 X38.650 Y285.050
G1 X38.881 Y286.200
G1 X38.397 Y286.003
G1 X38.044 Y285.500
G0 Z5.000 F500.000
G0 X40.213 Y285.591 F3000.000
G1 Z1.000 F500.000
G4 P100
G1 X40.419 Y286.419 F1000.000
G1 X40.594 Y286.688
G1 X40.950 Y286.769
G1 X41.141 Y286.725
G1 X41.194 Y286.594
G1 X40.900 Y284.962
G1 X40.933 Y284.784
G1 X41.031 Y284.725
G1 X41.266 Y284.913
G1 X41.566 Y285.481
G1 X42.028 Y286.688
G1 X42.338 Y286.769
G1 X42.538 Y286.731
G1 X42.594 Y286.606
G1 X42.269 Y284.525
G1 X43.206 Y285.188
G1 X43.350 Y285.238
G1 X43.478 Y285.159
G1 X43.525 Y284.962
G1 X43.481 Y284.738
G1 X43.344 Y284.594
G1 X42.144 Y283.788
G1 X41.870 Y282.632
G1 X41.522 Y281.753
G1 X41.085 Y281.198
G1 X40.544 Y281.012
G1 X40.255 Y281.062
G1 X40.025 Y281.209
G1 X39.875 Y281.437
G1 X39.825 Y281.725
G1 X39.959 Y282.325
G1 X40.459 Y283.028
G1 X41.494 Y283.938
G1 X41.613 Y284.744
G1 X41.263 Y284.059
G1 X41.031 Y283.884
G1 X40.788 Y283.825
G1 X40.532 Y283.890
G1 X40.328 Y284.084
G1 X40.195 Y284.376
G1 X40.213 Y285.591
G0 Z5.000 F500.000
G0 X41.350 Y283.188 F3000.000
G1 Z1.000 F500.000
G4 P100
G1 X40.653 Y282.447 F1000.000
G1 X40.491 Y282.134
G1 X40.478 Y281.688
G1 X40.613 Y281.619
G1 X40.778 Y281.709
G1 X40.963 Y281.981
G1 X41.350 Y283.188
G0 Z5.000 F500.000
G0 X43.357 Y284.217 F3000.000
G1 Z1.000 F500.000
G4 P100
G1 X43.188 Y284.488 F1000.000
G1 X43.050 Y285.137
G1 X43.095 Y285.587
G1 X43.231 Y285.984
G1 X43.447 Y286.316
G1 X43.731 Y286.566
G1 X44.067 Y286.723
G1 X44.438 Y286.775
G1 X44.866 Y286.693
G1 X45.203 Y286.447
G1 X45.434 Y286.080
G1 X45.544 Y285.637
G1 X46.331 Y285.775
G1 X46.456 Y285.694
G1 X46.455 Y285.248
G1 X46.319 Y285.131
G1 X45.494 Y284.981
G1 X45.317 Y284.509
G1 X45.025 Y284.141
G1 X44.652 Y283.904
G1 X44.231 Y283.825
G1 X43.884 Y283.870
G1 X43.357 Y284.217
G0 Z5.000 F500.000
G0 X44.112 Y284.533 F3000.000
G1 Z1.000 F500.000
G4 P100
G1 X44.468 Y284.528 F1000.000
G1 X44.628 Y284.650
G1 X44.825 Y285.119
G1 X44.528 Y285.462
G1 X44.444 Y286.113
G1 X44.184 Y286.052
G1 X43.997 Y285.872
G1 X43.873 Y285.582
G1 X43.865 Y284.891
G1 X44.112 Y284.533
G0 Z5.000 F500.000
G0 X45.963 Y284.731 F3000.000
G1 Z1.000 F500.000
G4 P100
G1 X46.025 Y285.591 F1000.000
G1 X46.231 Y286.419
G1 X46.406 Y286.688
G1 X46.763 Y286.769
G1 X46.953 Y286.725
G1 X47.006 Y286.594
G1 X46.838 Y285.837
G1 X46.744 Y284.778
G1 X46.844 Y284.725
G1 X47.078 Y284.913
G1 X47.378 Y285.481
G1 X47.841 Y286.688
G1 X48.150 Y286.769
G1 X48.350 Y286.734
G1 X48.406 Y286.606
G1 X48.075 Y284.762
G1 X48.125 Y284.578
G1 X48.256 Y284.512
G1 X48.553 Y284.666
G1 X49.013 Y285.163
G1 X49.181 Y285.250
G1 X49.309 Y285.175
G1 X49.356 Y284.969
G1 X49.238 Y284.581
G1 X48.659 Y284.038
G1 X48.329 Y283.878
G1 X47.956 Y283.825
G1 X47.696 Y283.883
G1 X47.516 Y284.056
G1 X47.375 Y284.706
G1 X47.056 Y284.053
G1 X46.836 Y283.882
G1 X46.600 Y283.825
G1 X46.345 Y283.890
G1 X46.141 Y284.084
G1 X46.007 Y284.376
G1 X45.963 Y284.731
G0 Z5.000 F500.000
G0 X49.180 Y284.834 F3000.000
G1 Z1.000 F500.000
G4 P100
G1 X49.119 Y286.175 F1000.000
G1 X48.622 Y286.244
G1 X48.556 Y286.462
G1 X48.627 Y286.725
G1 X48.838 Y286.812
G1 X49.194 Y286.812
G1 X49.519 Y288.069
G1 X50.047 Y288.975
G1 X50.368 Y289.228
G1 X50.713 Y289.312
G1 X50.947 Y289.255
G1 X51.125 Y289.081
G1 X51.238 Y288.820
G1 X51.224 Y288.031
G1 X51.072 Y287.594
G1 X50.463 Y286.812
G1 X51.306 Y286.769
G1 X51.306 Y286.418
G1 X51.173 Y286.283
G1 X50.644 Y286.175
G1 X49.881 Y286.175
G1 X49.907 Y285.134
G1 X50.022 Y284.775
G1 X50.220 Y284.578
G1 X50.506 Y284.512
G1 X50.981 Y284.675
G1 X51.638 Y285.250
G1 X51.766 Y285.175
G1 X51.813 Y284.969
G1 X51.694 Y284.581
G1 X51.106 Y284.038
G1 X50.764 Y283.878
G1 X50.375 Y283.825
G1 X49.817 Y283.937
G1 X49.419 Y284.273
G1 X49.180 Y284.834
G0 Z5.000 F500.000
G0 X49.944 Y286.906 F3000.000
G1 Z1.000 F500.000
G4 P100
G1 X50.266 Y287.245 F1000.000
G1 X50.635 Y288.001
G1 X50.647 Y288.620
G1 X50.544 Y288.712
G1 X50.334 Y288.478
G1 X50.116 Y287.828
G1 X49.944 Y286.906
G0 Z5.000 F500.000
G0 X53.206 Y286.419 F3000.000
G1 Z1.000 F500.000
G4 P100
G1 X53.391 Y286.684 F1000.000
G1 X53.925 Y286.738
G1 X53.975 Y286.619
G1 X53.719 Y285.269
G1 X54.181 Y286.144
G1 X54.684 Y286.625
G1 X55.138 Y286.769
G1 X55.442 Y286.667
G1 X55.544 Y286.363
G1 X55.438 Y285.656
G1 X55.477 Y285.492
G1 X55.594 Y285.438
G1 X55.794 Y285.506
G1 X56.213 Y285.794
G1 X56.341 Y285.722
G1 X56.388 Y285.531
G1 X56.263 Y285.169
G1 X55.853 Y284.859
G1 X55.356 Y284.731
G1 X55.065 Y284.773
G1 X54.853 Y284.900
G1 X54.724 Y285.098
G1 X54.713 Y285.712
G1 X54.644 Y285.812
G1 X54.397 Y285.603
G1 X54.094 Y285.050
G1 X53.691 Y283.928
G1 X53.406 Y283.825
G1 X53.204 Y283.887
G1 X53.072 Y284.075
G1 X52.975 Y284.875
G1 X53.033 Y285.667
G1 X53.206 Y286.419
G0 Z5.000 F500.000
G0 X55.758 Y285.573 F3000.000
G1 Z1.000 F500.000
G4 P100
G1 X56.110 Y286.293 F1000.000
G1 X56.397 Y286.550
G1 X56.740 Y286.714
G1 X57.125 Y286.769
G1 X57.452 Y286.715
G1 X57.706 Y286.553
G1 X57.870 Y286.299
G1 X57.925 Y285.969
G1 X57.848 Y285.568
G1 X57.616 Y285.228
G1 X57.199 Y284.951
G1 X56.569 Y284.738
G1 X56.795 Y284.522
G1 X57.163 Y284.450
G1 X57.803 Y284.647
G1 X58.594 Y285.250
G1 X58.722 Y285.175
G1 X58.769 Y284.969
G1 X58.650 Y284.581
G1 X57.997 Y284.062
G1 X57.560 Y283.884
G1 X57.094 Y283.825
G1 X56.511 Y283.914
G1 X56.075 Y284.181
G1 X55.803 Y284.603
G1 X55.713 Y285.156
G1 X55.758 Y285.573
G0 Z5.000 F500.000
G0 X56.469 Y285.238 F3000.000
G1 Z1.000 F500.000
G4 P100
G1 X57.050 Y285.488 F1000.000
G1 X57.209 Y285.677
G1 X57.263 Y285.894
G1 X57.197 Y286.084
G1 X57.019 Y286.156
G1 X56.805 Y286.089
G1 X56.628 Y285.887
G1 X56.469 Y285.238
G0 Z5.000 F500.000
G0 X58.239 Y285.330 F3000.000
G1 Z1.000 F500.000
G4 P100
G1 X58.413 Y285.791 F1000.000
G1 X58.682 Y286.194
G1 X59.028 Y286.509
G1 X59.424 Y286.713
G1 X59.844 Y286.781
G1 X60.028 Y286.728
G1 X60.106 Y286.538
G1 X60.603 Y286.516
G1 X60.669 Y286.331
G1 X60.394 Y284.525
G1 X61.319 Y285.188
G1 X61.463 Y285.238
G1 X61.591 Y285.159
G1 X61.638 Y284.962
G1 X61.594 Y284.738
G1 X61.456 Y284.594
G1 X60.269 Y283.788
G1 X59.995 Y282.632
G1 X59.647 Y281.753
G1 X59.210 Y281.198
G1 X58.669 Y281.012
G1 X58.380 Y281.062
G1 X58.150 Y281.209
G1 X58.000 Y281.437
G1 X57.950 Y281.725
G1 X58.038 Y282.185
G1 X58.300 Y282.678
G1 X58.803 Y283.246
G1 X59.613 Y283.931
G1 X59.650 Y284.175
G1 X59.372 Y283.916
G1 X59.031 Y283.825
G1 X58.683 Y283.895
G1 X58.413 Y284.106
G1 X58.239 Y284.431
G1 X58.181 Y284.844
G1 X58.239 Y285.330
G0 Z5.000 F500.000
G0 X58.963 Y284.837 F3000.000
G1 Z1.000 F500.000
G4 P100
G1 X59.041 Y284.550 F1000.000
G1 X59.256 Y284.456
G1 X59.531 Y284.631
G1 X59.719 Y285.131
G1 X59.919 Y286.200
G1 X59.444 Y286.003
G1 X59.094 Y285.500
G1 X58.963 Y284.837
G0 Z5.000 F500.000
G0 X59.469 Y283.188 F3000.000
G1 Z1.000 F500.000
G4 P100
G1 X58.775 Y282.444 F1000.000
G1 X58.616 Y282.133
G1 X58.603 Y281.688
G1 X58.738 Y281.619
G1 X58.904 Y281.712
G1 X59.091 Y281.994
G1 X59.469 Y283.188
G0 Z5.000 F500.000
G0 X61.498 Y283.887 F3000.000
G1 Z1.000 F500.000
G4 P100
G1 X61.366 Y284.075 F1000.000
G1 X61.269 Y284.875
G1 X61.327 Y285.667
G1 X61.500 Y286.419
G1 X61.684 Y286.684
G1 X62.044 Y286.769
G1 X62.219 Y286.738
G1 X62.269 Y286.619
G1 X62.013 Y285.269
G1 X62.475 Y286.144
G1 X62.978 Y286.625
G1 X63.431 Y286.769
G1 X63.736 Y286.667
G1 X63.838 Y286.363
G1 X63.731 Y285.656
G1 X63.770 Y285.492
G1 X63.888 Y285.438
G1 X64.088 Y285.506
G1 X64.506 Y285.794
G1 X64.634 Y285.722
G1 X64.681 Y285.531
G1 X64.556 Y285.169
G1 X64.147 Y284.859
G1 X63.650 Y284.731
G1 X63.359 Y284.773
G1 X63.147 Y284.900
G1 X63.018 Y285.098
G1 X63.006 Y285.712
G1 X62.938 Y285.812
G1 X62.691 Y285.603
G1 X62.388 Y285.050
G1 X61.984 Y283.928
G1 X61.700 Y283.825
G1 X61.498 Y283.887
G0 Z5.000 F500.000
G0 X64.097 Y284.603 F3000.000
G1 Z1.000 F500.000
G4 P100
G1 X64.006 Y285.156 F1000.000
G1 X64.188 Y285.959
G1 X64.404 Y286.293
G1 X64.691 Y286.550
G1 X65.034 Y286.714
G1 X65.419 Y286.769
G1 X65.745 Y286.715
G1 X66.000 Y286.553
G1 X66.164 Y286.299
G1 X66.219 Y285.969
G1 X66.141 Y285.568
G1 X65.909 Y285.228
G1 X65.493 Y284.951
G1 X64.863 Y284.738
G1 X65.089 Y284.522
G1 X65.456 Y284.450
G1 X66.097 Y284.647
G1 X66.888 Y285.250
G1 X67.016 Y285.175
G1 X67.062 Y284.969
G1 X66.944 Y284.581
G1 X66.291 Y284.062
G1 X65.854 Y283.884
G1 X65.388 Y283.825
G1 X64.805 Y283.914
G1 X64.369 Y284.181
G1 X64.097 Y284.603
G0 Z5.000 F500.000
G0 X64.763 Y285.238 F3000.000
G1 Z1.000 F500.000
G4 P100
G1 X65.344 Y285.488 F1000.000
G1 X65.503 Y285.677
G1 X65.556 Y285.894
G1 X65.491 Y286.084
G1 X65.312 Y286.156
G1 X65.099 Y286.089
G1 X64.922 Y285.887
G1 X64.763 Y285.238
G0 Z5.000 F500.000
G0 X66.275 Y284.650 F3000.000
G1 Z1.000 F500.000
G4 P100
G1 X66.875 Y285.450 F1000.000
G1 X67.406 Y286.562
G1 X67.589 Y286.769
G1 X67.900 Y286.837
G1 X68.144 Y286.806
G1 X68.213 Y286.706
G1 X68.006 Y286.044
G1 X68.072 Y285.837
G1 X68.578 Y285.109
G1 X68.669 Y284.531
G1 X69.556 Y285.250
G1 X69.684 Y285.175
G1 X69.731 Y284.969
G1 X69.612 Y284.581
G1 X69.016 Y284.053
G1 X67.719 Y283.688
G1 X67.222 Y283.837
G1 X67.050 Y284.175
G1 X67.169 Y284.456
G1 X67.519 Y284.575
G1 X67.875 Y284.538
G1 X67.803 Y284.844
G1 X67.450 Y285.356
G1 X67.066 Y284.744
G1 X66.650 Y284.281
G1 X66.412 Y284.169
G1 X66.250 Y284.241
G1 X66.188 Y284.419
G1 X66.275 Y284.650
G0 Z5.000 F500.000
G0 X68.856 Y284.419 F3000.000
G1 Z1.000 F500.000
G4 P100
G1 X68.944 Y284.650 F1000.000
G1 X69.544 Y285.450
G1 X70.075 Y286.562
G1 X70.258 Y286.769
G1 X70.569 Y286.837
G1 X70.812 Y286.806
G1 X70.881 Y286.706
G1 X70.675 Y286.044
G1 X70.741 Y285.837
G1 X71.247 Y285.109
G1 X71.338 Y284.531
G1 X72.225 Y285.250
G1 X72.353 Y285.175
G1 X72.400 Y284.969
G1 X72.281 Y284.581
G1 X71.684 Y284.053
G1 X70.388 Y283.688
G1 X69.891 Y283.837
G1 X69.719 Y284.175
G1 X69.838 Y284.456
G1 X70.188 Y284.575
G1 X70.544 Y284.538
G1 X70.472 Y284.844
G1 X70.119 Y285.356
G1 X69.734 Y284.744
G1 X69.319 Y284.281
G1 X69.081 Y284.169
G1 X68.919 Y284.241
G1 X68.856 Y284.419
G0 Z5.000 F500.000
G0 X71.934 Y284.447 F3000.000
G1 Z1.000 F500.000
G4 P100
G1 X71.888 Y284.875 F1000.000
G1 X71.959 Y285.597
G1 X72.144 Y286.419
G1 X72.294 Y286.694
G1 X72.594 Y286.769
G1 X72.833 Y286.716
G1 X72.912 Y286.556
G1 X72.644 Y284.900
G1 X72.694 Y284.613
G1 X72.862 Y284.512
G1 X73.144 Y284.669
G1 X73.594 Y285.163
G1 X73.763 Y285.250
G1 X73.891 Y285.175
G1 X73.938 Y284.969
G1 X73.819 Y284.581
G1 X73.220 Y284.014
G1 X72.662 Y283.825
G1 X72.312 Y283.897
G1 X72.072 Y284.113
G1 X71.934 Y284.447
G0 Z5.000 F500.000
G0 X72.713 Y287.181 F3000.000
G1 Z1.000 F500.000
G4 P100
G1 X72.319 Y287.303 F1000.000
G1 X72.188 Y287.644
G1 X72.359 Y288.009
G1 X72.787 Y288.156
G1 X73.162 Y288.044
G1 X73.306 Y287.725
G1 X73.144 Y287.328
G1 X72.713 Y287.181
G0 Z5.000 F500.000
G0 X73.734 Y286.316 F3000.000
G1 Z1.000 F500.000
G4 P100
G1 X74.019 Y286.566 F1000.000
G1 X74.355 Y286.723
G1 X74.725 Y286.775
G1 X75.154 Y286.693
G1 X75.491 Y286.447
G1 X75.721 Y286.080
G1 X75.831 Y285.637
G1 X76.619 Y285.775
G1 X76.744 Y285.694
G1 X76.742 Y285.248
G1 X76.606 Y285.131
G1 X75.781 Y284.981
G1 X75.605 Y284.509
G1 X75.312 Y284.141
G1 X74.939 Y283.904
G1 X74.519 Y283.825
G1 X74.171 Y283.870
G1 X73.645 Y284.217
G1 X73.475 Y284.488
G1 X73.337 Y285.137
G1 X73.383 Y285.587
G1 X73.519 Y285.984
G1 X73.734 Y286.316
G0 Z5.000 F500.000
G0 X74.160 Y285.582 F3000.000
G1 Z1.000 F500.000
G4 P100
G1 X74.119 Y285.194 F1000.000
G1 X74.253 Y284.669
G1 X74.399 Y284.533
G1 X74.755 Y284.528
G1 X74.916 Y284.650
G1 X75.112 Y285.119
G1 X74.816 Y285.462
G1 X74.731 Y286.113
G1 X74.471 Y286.052
G1 X74.284 Y285.872
G1 X74.160 Y285.582
G0 Z5.000 F500.000
G0 X76.320 Y285.667 F3000.000
G1 Z1.000 F500.000
G4 P100
G1 X76.494 Y286.419 F1000.000
G1 X76.678 Y286.684
G1 X77.037 Y286.769
G1 X77.212 Y286.738
G1 X77.262 Y286.619
G1 X77.006 Y285.269
G1 X77.469 Y286.144
G1 X77.972 Y286.625
G1 X78.425 Y286.769
G1 X78.730 Y286.667
G1 X78.831 Y286.363
G1 X78.575 Y284.762
G1 X78.620 Y284.575
G1 X78.756 Y284.512
G1 X79.053 Y284.666
G1 X79.512 Y285.163
G1 X79.681 Y285.250
G1 X79.809 Y285.175
G1 X79.856 Y284.969
G1 X79.737 Y284.581
G1 X79.159 Y284.038
G1 X78.829 Y283.878
G1 X78.177 Y283.871
G1 X77.975 Y284.009
G1 X77.853 Y284.235
G1 X77.812 Y284.544
G1 X77.981 Y285.712
G1 X77.912 Y285.812
G1 X77.684 Y285.603
G1 X77.384 Y285.050
G1 X76.978 Y283.928
G1 X76.694 Y283.825
G1 X76.491 Y283.887
G1 X76.359 Y284.075
G1 X76.262 Y284.875
G1 X76.320 Y285.667
G0 Z5.000 F500.000
G0 X81.062 Y285.762 F3000.000
G1 Z1.000 F500.000
G4 P100
G1 X81.147 Y286.012 F1000.000
G1 X81.394 Y286.106
G1 X82.675 Y286.231
G1 X82.916 Y286.153
G1 X83.000 Y285.887
G1 X82.919 Y285.627
G1 X82.675 Y285.519
G1 X81.394 Y285.394
G1 X81.153 Y285.481
G1 X81.062 Y285.762
G0 Z5.000 F500.000
G0 X84.777 Y284.204 F3000.000
G1 Z1.000 F500.000
G4 P100
G1 X85.287 Y285.144 F1000.000
G1 X85.308 Y286.575
G1 X85.419 Y286.700
G1 X85.794 Y286.806
G1 X85.984 Y286.753
G1 X86.056 Y286.312
G1 X86.450 Y286.672
G1 X86.862 Y286.781
G1 X87.180 Y286.711
G1 X87.434 Y286.500
G1 X87.601 Y286.175
G1 X87.656 Y285.762
G1 X87.550 Y285.119
G1 X87.256 Y284.550
G1 X87.475 Y284.512
G1 X87.869 Y284.663
G1 X88.519 Y285.250
G1 X88.647 Y285.175
G1 X88.694 Y284.969
G1 X88.575 Y284.581
G1 X87.997 Y284.038
G1 X87.666 Y283.878
G1 X87.294 Y283.825
G1 X86.994 Y283.884
G1 X86.756 Y284.062
G1 X86.392 Y283.887
G1 X86.012 Y283.825
G1 X85.880 Y282.718
G1 X85.644 Y281.809
G1 X85.289 Y281.202
G1 X85.061 Y281.051
G1 X84.800 Y281.000
G1 X84.506 Y281.061
G1 X84.300 Y281.244
G1 X84.178 Y281.534
G1 X84.137 Y281.919
G1 X84.208 Y282.582
G1 X84.419 Y283.347
G1 X84.777 Y284.204
G0 Z5.000 F500.000
G0 X84.850 Y282.981 F3000.000
G1 Z1.000 F500.000
G4 P100
G1 X84.694 Y282.025 F1000.000
G1 X84.741 Y281.719
G1 X84.850 Y281.613
G1 X85.005 Y281.796
G1 X85.131 Y282.347
G1 X85.275 Y284.175
G1 X84.850 Y282.981
G0 Z5.000 F500.000
G0 X86.044 Y284.425 F3000.000
G1 Z1.000 F500.000
G4 P100
G1 X86.459 Y284.672 F1000.000
G1 X86.762 Y285.159
G1 X86.875 Y285.769
G1 X86.800 Y286.053
G1 X86.600 Y286.150
G1 X86.352 Y286.031
G1 X86.056 Y285.675
G1 X86.044 Y284.425
G0 Z5.000 F500.000
G0 X88.106 Y284.844 F3000.000
G1 Z1.000 F500.000
G4 P100
G1 X88.164 Y285.330 F1000.000
G1 X88.337 Y285.791
G1 X88.607 Y286.194
G1 X88.953 Y286.509
G1 X89.349 Y286.713
G1 X89.769 Y286.781
G1 X89.953 Y286.728
G1 X90.031 Y286.538
G1 X90.536 Y286.508
G1 X90.612 Y286.344
G1 X90.375 Y284.719
G1 X90.422 Y284.569
G1 X90.544 Y284.512
G1 X90.831 Y284.666
G1 X91.287 Y285.163
G1 X91.456 Y285.250
G1 X91.584 Y285.175
G1 X91.631 Y284.969
G1 X91.512 Y284.581
G1 X90.969 Y284.044
G1 X90.412 Y283.825
G1 X90.034 Y283.966
G1 X89.775 Y284.350
G1 X89.408 Y283.956
G1 X88.956 Y283.825
G1 X88.608 Y283.895
G1 X88.337 Y284.106
G1 X88.164 Y284.431
G1 X88.106 Y284.844
G0 Z5.000 F500.000
G0 X88.966 Y284.550 F3000.000
G1 Z1.000 F500.000
G4 P100
G1 X89.181 Y284.456 F1000.000
G1 X89.444 Y284.619
G1 X89.625 Y285.050
G1 X89.856 Y286.200
G1 X89.372 Y286.003
G1 X89.019 Y285.500
G1 X88.887 Y284.837
G1 X88.966 Y284.550
G0 Z5.000 F500.000
G0 X91.044 Y284.844 F3000.000
G1 Z1.000 F500.000
G4 P100
G1 X91.102 Y285.330 F1000.000
G1 X91.275 Y285.791
G1 X91.545 Y286.194
G1 X91.891 Y286.509
G1 X92.287 Y286.713
G1 X92.706 Y286.781
G1 X92.891 Y286.728
G1 X92.969 Y286.538
G1 X93.466 Y286.516
G1 X93.531 Y286.331
G1 X93.256 Y284.525
G1 X94.181 Y285.188
G1 X94.325 Y285.238
G1 X94.453 Y285.159
G1 X94.500 Y284.962
G1 X94.456 Y284.738
G1 X94.319 Y284.594
G1 X93.131 Y283.788
G1 X92.857 Y282.632
G1 X92.509 Y281.753
G1 X92.073 Y281.198
G1 X91.815 Y281.059
G1 X91.242 Y281.062
G1 X91.012 Y281.209
G1 X90.862 Y281.437
G1 X90.812 Y281.725
G1 X90.900 Y282.185
G1 X91.162 Y282.678
G1 X91.666 Y283.246
G1 X92.475 Y283.931
G1 X92.512 Y284.175
G1 X92.234 Y283.916
G1 X91.894 Y283.825
G1 X91.545 Y283.895
G1 X91.275 Y284.106
G1 X91.102 Y284.431
G1 X91.044 Y284.844
G0 Z5.000 F500.000
G0 X91.903 Y284.550 F3000.000
G1 Z1.000 F500.000
G4 P100
G1 X92.119 Y284.456 F1000.000
G1 X92.394 Y284.631
G1 X92.581 Y285.131
G1 X92.781 Y286.200
G1 X92.306 Y286.003
G1 X91.956 Y285.500
G1 X91.825 Y284.837
G1 X91.903 Y284.550
G0 Z5.000 F500.000
G0 X92.331 Y283.188 F3000.000
G1 Z1.000 F500.000
G4 P100
G1 X91.637 Y282.444 F1000.000
G1 X91.478 Y282.133
G1 X91.466 Y281.688
G1 X91.600 Y281.619
G1 X91.766 Y281.712
G1 X91.953 Y281.994
G1 X92.331 Y283.188
G0 Z5.000 F500.000
G0 X94.387 Y284.181 F3000.000
G1 Z1.000 F500.000
G4 P100
G1 X94.116 Y284.603 F1000.000
G1 X94.025 Y285.156
G1 X94.206 Y285.959
G1 X94.423 Y286.293
G1 X94.709 Y286.550
G1 X95.052 Y286.714
G1 X95.437 Y286.769
G1 X95.764 Y286.715
G1 X96.019 Y286.553
G1 X96.183 Y286.299
G1 X96.237 Y285.969
G1 X96.160 Y285.568
G1 X95.928 Y285.228
G1 X95.512 Y284.951
G1 X94.881 Y284.738
G1 X95.108 Y284.522
G1 X95.475 Y284.450
G1 X95.776 Y284.499
G1 X96.116 Y284.647
G1 X96.906 Y285.250
G1 X97.034 Y285.175
G1 X97.081 Y284.969
G1 X96.962 Y284.581
G1 X96.309 Y284.062
G1 X95.873 Y283.884
G1 X95.406 Y283.825
G1 X94.823 Y283.914
G1 X94.387 Y284.181
G0 Z5.000 F500.000
G0 X94.781 Y285.238 F3000.000
G1 Z1.000 F500.000
G4 P100
G1 X95.362 Y285.488 F1000.000
G1 X95.522 Y285.677
G1 X95.575 Y285.894
G1 X95.509 Y286.084
G1 X95.331 Y286.156
G1 X95.118 Y286.089
G1 X94.941 Y285.887
G1 X94.781 Y285.238
G0 Z5.000 F500.000
G0 X98.350 Y286.637 F3000.000
G1 Z1.000 F500.000
G4 P100
G1 X98.281 Y286.850 F1000.000
G1 X98.362 Y287.100
G1 X98.603 Y287.250
G1 X99.637 Y287.506
G1 X99.909 Y287.413
G1 X99.981 Y286.988
G1 X99.600 Y284.212
G1 X99.464 Y283.922
G1 X99.156 Y283.825
G1 X98.881 Y283.919
G1 X98.762 Y284.212
G1 X99.100 Y286.694
G1 X98.537 Y286.544
G1 X98.350 Y286.637
G0 Z5.000 F500.000
G0 X19.221 Y271.094 F3000.000
G1 Z1.000 F500.000
G4 P100
G1 X19.142 Y270.835 F1000.000
G1 X18.712 Y270.452
G1 X18.267 Y270.331
G1 X17.951 Y270.384
G1 X17.712 Y270.542
G1 X17.562 Y270.788
G1 X17.512 Y271.106
G1 X17.854 Y273.065
G1 X17.779 Y273.277
G1 X17.567 Y273.356
G1 X17.317 Y273.290
G1 X17.067 Y273.090
G1 X16.826 Y272.741
G1 X16.415 Y271.553
G1 X16.185 Y270.415
G1 X15.967 Y270.331
G1 X15.746 Y270.400
G1 X15.679 Y270.660
G1 X15.963 Y272.681
G1 X15.970 Y273.322
G1 X15.867 Y273.369
G1 X15.606 Y273.258
G1 X15.142 Y272.827
G1 X15.040 Y272.883
G1 X15.021 Y273.146
G1 X15.567 Y273.733
G1 X16.092 Y273.885
G1 X16.292 Y273.850
G1 X16.435 Y273.744
G1 X16.550 Y273.331
G1 X16.483 Y272.631
G1 X16.720 Y273.173
G1 X17.012 Y273.567
G1 X17.361 Y273.806
G1 X17.767 Y273.885
G1 X18.066 Y273.837
G1 X18.281 Y273.692
G1 X18.411 Y273.465
G1 X18.454 Y273.173
G1 X18.146 Y271.535
G1 X18.104 Y271.177
G1 X18.185 Y270.915
G1 X18.413 Y270.827
G1 X18.681 Y270.919
G1 X19.104 Y271.281
G1 X19.221 Y271.094
G0 Z5.000 F500.000
G0 X19.350 Y271.006 F3000.000
G1 Z1.000 F500.000
G4 P100
G1 X19.402 Y270.815 F1000.000
G1 X19.546 Y270.752
G1 X19.721 Y270.860
G1 X19.996 Y271.915
G1 X19.673 Y271.783
G1 X19.438 Y271.448
G1 X19.350 Y271.006
G0 Z5.000 F500.000
G0 X18.983 Y271.642 F3000.000
G1 Z1.000 F500.000
G4 P100
G1 X19.394 Y272.121 F1000.000
G1 X19.658 Y272.257
G1 X19.938 Y272.302
G1 X20.060 Y272.267
G1 X20.113 Y272.140
G1 X20.449 Y272.120
G1 X20.500 Y272.010
G1 X20.373 Y270.827
G1 X20.454 Y270.790
G1 X20.646 Y270.892
G1 X21.062 Y271.281
G1 X21.179 Y271.094
G1 X21.100 Y270.835
G1 X20.738 Y270.477
G1 X20.367 Y270.331
G1 X20.115 Y270.425
G1 X19.942 Y270.681
G1 X19.697 Y270.419
G1 X19.396 Y270.331
G1 X19.164 Y270.378
G1 X18.868 Y270.735
G1 X18.829 Y271.010
G1 X18.983 Y271.642
G0 Z5.000 F500.000
G0 X20.690 Y271.944 F3000.000
G1 Z1.000 F500.000
G4 P100
G1 X20.693 Y272.265 F1000.000
G1 X21.071 Y272.323
G1 X21.288 Y273.160
G1 X21.640 Y273.765
G1 X21.854 Y273.933
G1 X22.240 Y273.951
G1 X22.358 Y273.835
G1 X22.458 Y273.448
G1 X22.323 Y272.844
G1 X21.917 Y272.323
G1 X22.383 Y272.323
G1 X22.479 Y272.294
G1 X22.508 Y272.185
G1 X22.391 Y271.970
G1 X21.529 Y271.898
G1 X21.521 Y271.573
G1 X21.623 Y270.965
G1 X21.755 Y270.833
G1 X21.946 Y270.790
G1 X22.262 Y270.898
G1 X22.700 Y271.281
G1 X22.817 Y271.094
G1 X22.738 Y270.835
G1 X22.346 Y270.473
G1 X21.858 Y270.331
G1 X21.486 Y270.406
G1 X21.221 Y270.630
G1 X21.061 Y271.004
G1 X21.021 Y271.898
G1 X20.690 Y271.944
G0 Z5.000 F500.000
G0 X21.571 Y272.385 F3000.000
G1 Z1.000 F500.000
G4 P100
G1 X21.940 Y272.863 F1000.000
G1 X22.062 Y273.344
G1 X21.971 Y273.590
G1 X21.831 Y273.433
G1 X21.685 Y273.000
G1 X21.571 Y272.385
G0 Z5.000 F500.000
G0 X22.775 Y272.240 F3000.000
G1 Z1.000 F500.000
G4 P100
G1 X23.013 Y272.294 F1000.000
G1 X23.140 Y272.265
G1 X23.175 Y272.177
G1 X23.000 Y270.967
G1 X23.067 Y270.931
G1 X23.223 Y271.056
G1 X23.731 Y272.240
G1 X23.938 Y272.294
G1 X24.071 Y272.271
G1 X24.108 Y272.185
G1 X23.921 Y270.833
G1 X24.008 Y270.790
G1 X24.206 Y270.892
G1 X24.625 Y271.281
G1 X24.742 Y271.094
G1 X24.663 Y270.835
G1 X24.277 Y270.473
G1 X23.808 Y270.331
G1 X23.515 Y270.485
G1 X23.421 Y270.919
G1 X23.208 Y270.483
G1 X22.904 Y270.331
G1 X22.734 Y270.374
G1 X22.598 Y270.504
G1 X22.479 Y270.935
G1 X22.521 Y271.508
G1 X22.658 Y272.060
G1 X22.775 Y272.240
G0 Z5.000 F500.000
G0 X24.451 Y271.559 F3000.000
G1 Z1.000 F500.000
G4 P100
G1 X24.567 Y272.060 F1000.000
G1 X24.690 Y272.238
G1 X24.929 Y272.294
G1 X25.079 Y272.194
G1 X24.908 Y271.294
G1 X25.217 Y271.877
G1 X25.552 Y272.198
G1 X25.854 Y272.294
G1 X26.057 Y272.226
G1 X26.125 Y272.023
G1 X26.080 Y271.443
G1 X26.158 Y271.406
G1 X26.571 Y271.644
G1 X26.688 Y271.469
G1 X26.604 Y271.227
G1 X26.331 Y271.021
G1 X26.000 Y270.935
G1 X25.665 Y271.048
G1 X25.525 Y271.656
G1 X25.360 Y271.517
G1 X25.158 Y271.148
G1 X24.890 Y270.400
G1 X24.700 Y270.331
G1 X24.477 Y270.498
G1 X24.413 Y271.031
G1 X24.451 Y271.559
G0 Z5.000 F500.000
G0 X26.246 Y271.010 F3000.000
G1 Z1.000 F500.000
G4 P100
G1 X26.400 Y271.642 F1000.000
G1 X26.810 Y272.121
G1 X27.354 Y272.302
G1 X27.477 Y272.267
G1 X27.529 Y272.140
G1 X27.866 Y272.120
G1 X27.917 Y272.010
G1 X27.790 Y270.827
G1 X27.871 Y270.790
G1 X28.062 Y270.892
G1 X28.479 Y271.281
G1 X28.596 Y271.094
G1 X28.517 Y270.835
G1 X28.154 Y270.477
G1 X27.783 Y270.331
G1 X27.531 Y270.425
G1 X27.358 Y270.681
G1 X27.114 Y270.419
G1 X26.812 Y270.331
G1 X26.580 Y270.378
G1 X26.284 Y270.735
G1 X26.246 Y271.010
G0 Z5.000 F500.000
G0 X26.819 Y270.815 F3000.000
G1 Z1.000 F500.000
G4 P100
G1 X26.963 Y270.752 F1000.000
G1 X27.138 Y270.860
G1 X27.413 Y271.915
G1 X27.090 Y271.783
G1 X26.854 Y271.448
G1 X26.767 Y271.006
G1 X26.819 Y270.815
G0 Z5.000 F500.000
G0 X28.332 Y271.047 F3000.000
G1 Z1.000 F500.000
G4 P100
G1 X28.288 Y271.527 F1000.000
G1 X28.419 Y272.685
G1 X28.581 Y273.290
G1 X28.806 Y273.802
G1 X29.087 Y274.152
G1 X29.417 Y274.269
G1 X29.595 Y274.222
G1 X29.731 Y274.083
G1 X29.846 Y273.552
G1 X29.777 Y273.017
G1 X29.247 Y271.751
G1 X28.825 Y271.106
G1 X28.921 Y270.863
G1 X29.096 Y270.790
G1 X29.396 Y270.887
G1 X29.837 Y271.281
G1 X29.954 Y271.094
G1 X29.875 Y270.835
G1 X29.485 Y270.473
G1 X29.008 Y270.331
G1 X28.689 Y270.415
G1 X28.465 Y270.665
G1 X28.332 Y271.047
G0 Z5.000 F500.000
G0 X28.796 Y271.669 F3000.000
G1 Z1.000 F500.000
G4 P100
G1 X29.267 Y272.646 F1000.000
G1 X29.442 Y273.540
G1 X29.413 Y273.777
G1 X29.325 Y273.856
G1 X29.108 Y273.510
G1 X28.896 Y272.652
G1 X28.796 Y271.669
G0 Z5.000 F500.000
G0 X30.572 Y272.265 F3000.000
G1 Z1.000 F500.000
G4 P100
G1 X30.950 Y272.323 F1000.000
G1 X31.167 Y273.160
G1 X31.519 Y273.765
G1 X31.733 Y273.933
G1 X32.119 Y273.951
G1 X32.238 Y273.835
G1 X32.338 Y273.448
G1 X32.202 Y272.844
G1 X31.796 Y272.323
G1 X32.263 Y272.323
G1 X32.358 Y272.294
G1 X32.388 Y272.185
G1 X32.270 Y271.970
G1 X31.408 Y271.898
G1 X31.400 Y271.573
G1 X31.502 Y270.965
G1 X31.634 Y270.833
G1 X31.825 Y270.790
G1 X32.142 Y270.898
G1 X32.579 Y271.281
G1 X32.696 Y271.094
G1 X32.617 Y270.835
G1 X32.225 Y270.473
G1 X31.738 Y270.331
G1 X31.366 Y270.406
G1 X31.100 Y270.630
G1 X30.941 Y271.004
G1 X30.900 Y271.898
G1 X30.569 Y271.944
G1 X30.572 Y272.265
G0 Z5.000 F500.000
G0 X31.450 Y272.385 F3000.000
G1 Z1.000 F500.000
G4 P100
G1 X31.819 Y272.863 F1000.000
G1 X31.942 Y273.344
G1 X31.850 Y273.590
G1 X31.710 Y273.433
G1 X31.565 Y273.000
G1 X31.450 Y272.385
G0 Z5.000 F500.000
G0 X32.752 Y272.148 F3000.000
G1 Z1.000 F500.000
G4 P100
G1 X33.237 Y272.294 F1000.000
G1 X33.455 Y272.258
G1 X33.734 Y271.981
G1 X33.719 Y271.493
G1 X33.565 Y271.267
G1 X33.287 Y271.082
G1 X32.867 Y270.940
G1 X33.018 Y270.796
G1 X33.263 Y270.748
G1 X33.690 Y270.879
G1 X34.217 Y271.281
G1 X34.333 Y271.094
G1 X34.254 Y270.835
G1 X33.819 Y270.490
G1 X33.528 Y270.371
G1 X32.828 Y270.391
G1 X32.538 Y270.569
G1 X32.356 Y270.850
G1 X32.296 Y271.219
G1 X32.417 Y271.754
G1 X32.752 Y272.148
G0 Z5.000 F500.000
G0 X32.906 Y271.706 F3000.000
G1 Z1.000 F500.000
G4 P100
G1 X32.800 Y271.273 F1000.000
G1 X33.188 Y271.440
G1 X33.329 Y271.710
G1 X33.285 Y271.837
G1 X33.167 Y271.885
G1 X32.906 Y271.706
G0 Z5.000 F500.000
G0 X34.142 Y271.856 F3000.000
G1 Z1.000 F500.000
G4 P100
G1 X34.271 Y272.190 F1000.000
G1 X34.604 Y272.310
G1 X34.921 Y272.225
G1 X35.138 Y271.977
G1 X35.419 Y272.227
G1 X35.725 Y272.310
G1 X35.973 Y272.235
G1 X36.058 Y271.994
G1 X35.987 Y271.700
G1 X35.817 Y271.594
G1 X35.692 Y271.631
G1 X35.558 Y271.840
G1 X35.452 Y271.746
G1 X35.317 Y271.177
G1 X35.410 Y270.875
G1 X35.667 Y270.769
G1 X35.973 Y270.879
G1 X36.421 Y271.281
G1 X36.538 Y271.094
G1 X36.458 Y270.835
G1 X36.056 Y270.475
G1 X35.562 Y270.331
G1 X35.185 Y270.410
G1 X34.925 Y270.635
G1 X34.666 Y270.410
G1 X34.362 Y270.335
G1 X34.000 Y270.469
G1 X33.867 Y270.823
G1 X33.963 Y271.160
G1 X34.233 Y271.290
G1 X34.346 Y271.261
G1 X34.362 Y270.902
G1 X34.471 Y270.777
G1 X34.623 Y270.871
G1 X34.744 Y271.127
G1 X34.792 Y271.485
G1 X34.754 Y271.738
G1 X34.663 Y271.840
G1 X34.487 Y271.633
G1 X34.342 Y271.594
G1 X34.196 Y271.658
G1 X34.142 Y271.856
G0 Z5.000 F500.000
G0 X36.004 Y272.090 F3000.000
G1 Z1.000 F500.000
G4 P100
G1 X36.051 Y272.265 F1000.000
G1 X36.429 Y272.323
G1 X36.646 Y273.160
G1 X36.998 Y273.765
G1 X37.212 Y273.933
G1 X37.598 Y273.951
G1 X37.717 Y273.835
G1 X37.817 Y273.448
G1 X37.681 Y272.844
G1 X37.275 Y272.323
G1 X37.742 Y272.323
G1 X37.837 Y272.294
G1 X37.867 Y272.185
G1 X37.749 Y271.970
G1 X36.888 Y271.898
G1 X36.879 Y271.573
G1 X36.981 Y270.965
G1 X37.113 Y270.833
G1 X37.304 Y270.790
G1 X37.621 Y270.898
G1 X38.058 Y271.281
G1 X38.175 Y271.094
G1 X38.096 Y270.835
G1 X37.704 Y270.473
G1 X37.217 Y270.331
G1 X36.845 Y270.406
G1 X36.579 Y270.630
G1 X36.420 Y271.004
G1 X36.379 Y271.898
G1 X36.048 Y271.944
G1 X36.004 Y272.090
G0 Z5.000 F500.000
G0 X36.929 Y272.385 F3000.000
G1 Z1.000 F500.000
G4 P100
G1 X37.298 Y272.863 F1000.000
G1 X37.421 Y273.344
G1 X37.329 Y273.590
G1 X37.190 Y273.433
G1 X37.044 Y273.000
G1 X36.929 Y272.385
G0 Z5.000 F500.000
G0 X39.131 Y272.367 F3000.000
G1 Z1.000 F500.000
G4 P100
G1 X39.336 Y273.119 F1000.000
G1 X39.606 Y273.729
G1 X39.923 Y274.134
G1 X40.271 Y274.269
G1 X40.445 Y274.225
G1 X40.577 Y274.094
G1 X40.688 Y273.623
G1 X40.614 Y273.122
G1 X40.395 Y272.600
G1 X40.029 Y272.056
G1 X39.517 Y271.490
G1 X39.504 Y269.892
G1 X39.600 Y269.440
G1 X39.694 Y269.548
G1 X39.725 Y269.873
G1 X39.598 Y271.281
G1 X39.800 Y271.490
G1 X40.604 Y271.519
G1 X40.721 Y271.344
G1 X40.592 Y271.097
G1 X40.204 Y271.015
G1 X39.917 Y271.052
G1 X40.042 Y269.960
G1 X40.005 Y269.564
G1 X39.896 Y269.273
G1 X39.727 Y269.095
G1 X39.513 Y269.035
G1 X39.256 Y269.142
G1 X39.085 Y269.460
G1 X38.990 Y269.994
G1 X39.002 Y271.549
G1 X39.131 Y272.367
G0 Z5.000 F500.000
G0 X39.592 Y272.044 F3000.000
G1 Z1.000 F500.000
G4 P100
G1 X40.104 Y272.833 F1000.000
G1 X40.288 Y273.602
G1 X40.183 Y273.856
G1 X39.998 Y273.602
G1 X39.592 Y272.044
G0 Z5.000 F500.000
G0 X40.648 Y272.685 F3000.000
G1 Z1.000 F500.000
G4 P100
G1 X41.035 Y273.802 F1000.000
G1 X41.316 Y274.152
G1 X41.646 Y274.269
G1 X41.824 Y274.222
G1 X41.960 Y274.083
G1 X42.075 Y273.552
G1 X42.006 Y273.017
G1 X41.476 Y271.751
G1 X41.054 Y271.106
G1 X41.150 Y270.863
G1 X41.325 Y270.790
G1 X41.625 Y270.887
G1 X41.954 Y271.223
G1 X42.067 Y271.281
G1 X42.152 Y271.231
G1 X42.104 Y270.835
G1 X41.715 Y270.473
G1 X41.238 Y270.331
G1 X40.918 Y270.415
G1 X40.694 Y270.665
G1 X40.561 Y271.047
G1 X40.517 Y271.527
G1 X40.648 Y272.685
G0 Z5.000 F500.000
G0 X41.025 Y271.669 F3000.000
G1 Z1.000 F500.000
G4 P100
G1 X41.496 Y272.646 F1000.000
G1 X41.671 Y273.540
G1 X41.642 Y273.777
G1 X41.554 Y273.856
G1 X41.337 Y273.510
G1 X41.125 Y272.652
G1 X41.025 Y271.669
G0 Z5.000 F500.000
G0 X41.904 Y271.771 F3000.000
G1 Z1.000 F500.000
G4 P100
G1 X42.238 Y272.158 F1000.000
G1 X42.708 Y272.298
G1 X42.994 Y272.243
G1 X43.219 Y272.079
G1 X43.446 Y271.540
G1 X43.971 Y271.631
G1 X44.054 Y271.577
G1 X44.053 Y271.280
G1 X43.963 Y271.202
G1 X43.413 Y271.102
G1 X43.295 Y270.787
G1 X43.100 Y270.542
G1 X42.851 Y270.384
G1 X42.571 Y270.331
G1 X42.144 Y270.452
G1 X41.875 Y270.773
G1 X41.783 Y271.206
G1 X41.904 Y271.771
G0 Z5.000 F500.000
G0 X42.304 Y271.244 F3000.000
G1 Z1.000 F500.000
G4 P100
G1 X42.394 Y270.894 F1000.000
G1 X42.604 Y270.773
G1 X42.835 Y270.881
G1 X42.967 Y271.194
G1 X42.769 Y271.423
G1 X42.713 Y271.856
G1 X42.415 Y271.696
G1 X42.304 Y271.244
G0 Z5.000 F500.000
G0 X43.733 Y271.906 F3000.000
G1 Z1.000 F500.000
G4 P100
G1 X43.808 Y272.244 F1000.000
G1 X44.021 Y272.298
G1 X44.181 Y272.250
G1 X44.292 Y270.844
G1 X44.813 Y272.085
G1 X44.923 Y272.254
G1 X45.079 Y272.298
G1 X45.235 Y272.252
G1 X45.279 Y272.090
G1 X45.338 Y270.844
G1 X45.713 Y271.435
G1 X45.650 Y271.723
G1 X45.713 Y271.998
G1 X45.883 Y272.215
G1 X46.129 Y272.298
G1 X46.325 Y272.212
G1 X46.400 Y271.965
G1 X46.300 Y271.535
G1 X46.875 Y271.623
G1 X47.004 Y271.469
G1 X46.954 Y271.267
G1 X46.804 Y271.160
G1 X46.396 Y271.098
G1 X46.050 Y271.148
G1 X45.498 Y270.419
G1 X45.229 Y270.331
G1 X44.977 Y270.460
G1 X44.850 Y271.190
G1 X44.619 Y270.656
G1 X44.415 Y270.402
G1 X44.175 Y270.331
G1 X43.906 Y270.465
G1 X43.783 Y270.885
G1 X43.733 Y271.906
G0 Z5.000 F500.000
G0 X47.823 Y271.045 F3000.000
G1 Z1.000 F500.000
G4 P100
G1 X47.775 Y271.581 F1000.000
G1 X47.908 Y272.750
G1 X48.072 Y273.334
G1 X48.298 Y273.825
G1 X48.579 Y274.158
G1 X48.908 Y274.269
G1 X49.081 Y274.228
G1 X49.217 Y274.104
G1 X49.333 Y273.677
G1 X49.204 Y272.998
G1 X48.775 Y272.290
G1 X49.028 Y272.221
G1 X49.229 Y272.058
G1 X49.438 Y271.540
G1 X49.962 Y271.631
G1 X50.046 Y271.577
G1 X50.046 Y271.279
G1 X49.404 Y271.102
G1 X49.090 Y270.544
G1 X48.846 Y270.384
G1 X48.579 Y270.331
G1 X48.216 Y270.411
G1 X47.967 Y270.652
G1 X47.823 Y271.045
G0 Z5.000 F500.000
G0 X48.385 Y270.898 F3000.000
G1 Z1.000 F500.000
G4 P100
G1 X48.596 Y270.773 F1000.000
G1 X48.825 Y270.881
G1 X48.958 Y271.194
G1 X48.760 Y271.423
G1 X48.708 Y271.881
G1 X48.410 Y271.712
G1 X48.296 Y271.260
G1 X48.385 Y270.898
G0 Z5.000 F500.000
G0 X48.325 Y272.006 F3000.000
G1 Z1.000 F500.000
G4 P100
G1 X48.765 Y272.896 F1000.000
G1 X48.929 Y273.581
G1 X48.898 Y273.785
G1 X48.812 Y273.856
G1 X48.631 Y273.608
G1 X48.450 Y272.935
G1 X48.325 Y272.006
G0 Z5.000 F500.000
G0 X49.775 Y271.754 F3000.000
G1 Z1.000 F500.000
G4 P100
G1 X50.110 Y272.148 F1000.000
G1 X50.596 Y272.294
G1 X50.814 Y272.258
G1 X51.093 Y271.981
G1 X51.078 Y271.493
G1 X50.923 Y271.267
G1 X50.645 Y271.082
G1 X50.225 Y270.940
G1 X50.376 Y270.796
G1 X50.621 Y270.748
G1 X51.048 Y270.879
G1 X51.575 Y271.281
G1 X51.692 Y271.094
G1 X51.612 Y270.835
G1 X51.177 Y270.490
G1 X50.886 Y270.371
G1 X50.186 Y270.391
G1 X49.896 Y270.569
G1 X49.715 Y270.850
G1 X49.654 Y271.219
G1 X49.775 Y271.754
G0 Z5.000 F500.000
G0 X50.158 Y271.273 F3000.000
G1 Z1.000 F500.000
G4 P100
G1 X50.546 Y271.440 F1000.000
G1 X50.688 Y271.710
G1 X50.644 Y271.837
G1 X50.383 Y271.841
G1 X50.265 Y271.706
G1 X50.158 Y271.273
G0 Z5.000 F500.000
G0 X51.414 Y271.549 F3000.000
G1 Z1.000 F500.000
G4 P100
G1 X51.749 Y273.119 F1000.000
G1 X52.019 Y273.729
G1 X52.336 Y274.134
G1 X52.683 Y274.269
G1 X52.858 Y274.225
G1 X52.990 Y274.094
G1 X53.100 Y273.623
G1 X53.027 Y273.122
G1 X52.807 Y272.600
G1 X52.441 Y272.056
G1 X51.929 Y271.490
G1 X51.917 Y269.892
G1 X52.013 Y269.440
G1 X52.106 Y269.548
G1 X52.138 Y269.873
G1 X52.010 Y271.281
G1 X52.212 Y271.490
G1 X53.017 Y271.519
G1 X53.133 Y271.344
G1 X53.004 Y271.097
G1 X52.617 Y271.015
G1 X52.329 Y271.052
G1 X52.454 Y269.960
G1 X52.418 Y269.564
G1 X52.308 Y269.273
G1 X52.140 Y269.095
G1 X51.925 Y269.035
G1 X51.668 Y269.142
G1 X51.498 Y269.460
G1 X51.371 Y270.744
G1 X51.414 Y271.549
G0 Z5.000 F500.000
G0 X52.004 Y272.044 F3000.000
G1 Z1.000 F500.000
G4 P100
G1 X52.517 Y272.833 F1000.000
G1 X52.700 Y273.602
G1 X52.596 Y273.856
G1 X52.410 Y273.602
G1 X52.004 Y272.044
G0 Z5.000 F500.000
G0 X53.292 Y272.158 F3000.000
G1 Z1.000 F500.000
G4 P100
G1 X53.763 Y272.298 F1000.000
G1 X54.048 Y272.243
G1 X54.273 Y272.079
G1 X54.500 Y271.540
G1 X55.025 Y271.631
G1 X55.108 Y271.577
G1 X55.107 Y271.280
G1 X55.017 Y271.202
G1 X54.467 Y271.102
G1 X54.349 Y270.787
G1 X54.154 Y270.542
G1 X53.905 Y270.384
G1 X53.625 Y270.331
G1 X53.198 Y270.452
G1 X52.929 Y270.773
G1 X52.838 Y271.206
G1 X52.958 Y271.771
G1 X53.292 Y272.158
G0 Z5.000 F500.000
G0 X53.469 Y271.696 F3000.000
G1 Z1.000 F500.000
G4 P100
G1 X53.358 Y271.244 F1000.000
G1 X53.448 Y270.894
G1 X53.658 Y270.773
G1 X53.890 Y270.881
G1 X54.021 Y271.194
G1 X53.823 Y271.423
G1 X53.767 Y271.856
G1 X53.469 Y271.696
G0 Z5.000 F500.000
G0 X54.826 Y271.559 F3000.000
G1 Z1.000 F500.000
G4 P100
G1 X54.942 Y272.060 F1000.000
G1 X55.065 Y272.238
G1 X55.304 Y272.294
G1 X55.454 Y272.194
G1 X55.283 Y271.294
G1 X55.592 Y271.877
G1 X55.927 Y272.198
G1 X56.229 Y272.294
G1 X56.432 Y272.226
G1 X56.500 Y272.023
G1 X56.455 Y271.443
G1 X56.533 Y271.406
G1 X56.946 Y271.644
G1 X57.063 Y271.469
G1 X56.979 Y271.227
G1 X56.706 Y271.021
G1 X56.375 Y270.935
G1 X56.040 Y271.048
G1 X55.900 Y271.656
G1 X55.735 Y271.517
G1 X55.533 Y271.148
G1 X55.265 Y270.400
G1 X55.075 Y270.331
G1 X54.852 Y270.498
G1 X54.788 Y271.031
G1 X54.826 Y271.559
G0 Z5.000 F500.000
G0 X56.613 Y271.219 F3000.000
G1 Z1.000 F500.000
G4 P100
G1 X56.733 Y271.754 F1000.000
G1 X57.069 Y272.148
G1 X57.554 Y272.294
G1 X57.772 Y272.258
G1 X58.051 Y271.981
G1 X58.036 Y271.493
G1 X57.881 Y271.267
G1 X57.604 Y271.082
G1 X57.183 Y270.940
G1 X57.334 Y270.796
G1 X57.579 Y270.748
G1 X58.006 Y270.879
G1 X58.533 Y271.281
G1 X58.650 Y271.094
G1 X58.571 Y270.835
G1 X58.135 Y270.490
G1 X57.533 Y270.331
G1 X57.145 Y270.391
G1 X56.854 Y270.569
G1 X56.673 Y270.850
G1 X56.613 Y271.219
G0 Z5.000 F500.000
G0 X57.117 Y271.273 F3000.000
G1 Z1.000 F500.000
G4 P100
G1 X57.504 Y271.440 F1000.000
G1 X57.646 Y271.710
G1 X57.602 Y271.837
G1 X57.341 Y271.841
G1 X57.223 Y271.706
G1 X57.117 Y271.273
G0 Z5.000 F500.000
G0 X59.221 Y272.090 F3000.000
G1 Z1.000 F500.000
G4 P100
G1 X59.268 Y272.265 F1000.000
G1 X59.646 Y272.323
G1 X59.863 Y273.160
G1 X60.215 Y273.765
G1 X60.429 Y273.933
G1 X60.815 Y273.951
G1 X60.933 Y273.835
G1 X61.033 Y273.448
G1 X60.898 Y272.844
G1 X60.492 Y272.323
G1 X60.958 Y272.323
G1 X61.054 Y272.294
G1 X61.083 Y272.185
G1 X60.966 Y271.970
G1 X60.104 Y271.898
G1 X60.096 Y271.573
G1 X60.198 Y270.965
G1 X60.330 Y270.833
G1 X60.521 Y270.790
G1 X60.838 Y270.898
G1 X61.275 Y271.281
G1 X61.392 Y271.094
G1 X61.313 Y270.835
G1 X60.921 Y270.473
G1 X60.433 Y270.331
G1 X60.061 Y270.406
G1 X59.796 Y270.630
G1 X59.636 Y271.004
G1 X59.596 Y271.898
G1 X59.265 Y271.944
G1 X59.221 Y272.090
G0 Z5.000 F500.000
G0 X60.146 Y272.385 F3000.000
G1 Z1.000 F500.000
G4 P100
G1 X60.515 Y272.863 F1000.000
G1 X60.638 Y273.344
G1 X60.546 Y273.590
G1 X60.406 Y273.433
G1 X60.260 Y273.000
G1 X60.146 Y272.385
G0 Z5.000 F500.000
G0 X61.215 Y272.627 F3000.000
G1 Z1.000 F500.000
G4 P100
G1 X61.602 Y273.796 F1000.000
G1 X61.884 Y274.151
G1 X62.217 Y274.269
G1 X62.390 Y274.228
G1 X62.527 Y274.104
G1 X62.646 Y273.677
G1 X62.584 Y273.248
G1 X62.400 Y272.804
G1 X61.600 Y271.748
G1 X61.588 Y271.302
G1 X61.894 Y271.879
G1 X62.227 Y272.198
G1 X62.529 Y272.294
G1 X62.732 Y272.226
G1 X62.800 Y272.023
G1 X62.659 Y270.831
G1 X62.750 Y270.790
G1 X62.948 Y270.892
G1 X63.367 Y271.281
G1 X63.483 Y271.094
G1 X63.404 Y270.835
G1 X63.010 Y270.473
G1 X62.550 Y270.331
G1 X62.229 Y270.454
G1 X62.121 Y270.810
G1 X62.233 Y271.590
G1 X62.188 Y271.656
G1 X61.833 Y271.148
G1 X61.533 Y270.415
G1 X61.279 Y270.331
G1 X61.115 Y270.421
G1 X61.083 Y271.290
G1 X61.215 Y272.627
G0 Z5.000 F500.000
G0 X61.646 Y272.269 F3000.000
G1 Z1.000 F500.000
G4 P100
G1 X62.073 Y272.931 F1000.000
G1 X62.242 Y273.581
G1 X62.213 Y273.785
G1 X62.129 Y273.856
G1 X61.963 Y273.642
G1 X61.785 Y273.062
G1 X61.646 Y272.269
G0 Z5.000 F500.000
G0 X63.204 Y271.754 F3000.000
G1 Z1.000 F500.000
G4 P100
G1 X63.540 Y272.148 F1000.000
G1 X64.025 Y272.294
G1 X64.243 Y272.258
G1 X64.522 Y271.981
G1 X64.507 Y271.493
G1 X64.352 Y271.267
G1 X64.074 Y271.082
G1 X63.654 Y270.940
G1 X63.805 Y270.796
G1 X64.050 Y270.748
G1 X64.477 Y270.879
G1 X65.004 Y271.281
G1 X65.121 Y271.094
G1 X65.042 Y270.835
G1 X64.606 Y270.490
G1 X64.315 Y270.371
G1 X63.616 Y270.391
G1 X63.325 Y270.569
G1 X63.144 Y270.850
G1 X63.083 Y271.219
G1 X63.204 Y271.754
G0 Z5.000 F500.000
G0 X63.588 Y271.273 F3000.000
G1 Z1.000 F500.000
G4 P100
G1 X63.975 Y271.440 F1000.000
G1 X64.117 Y271.710
G1 X64.073 Y271.837
G1 X63.812 Y271.841
G1 X63.694 Y271.706
G1 X63.588 Y271.273
G0 Z5.000 F500.000
G0 X65.931 Y271.512 F3000.000
G1 Z1.000 F500.000
G4 P100
G1 X66.154 Y272.244 F1000.000
G1 X66.514 Y272.258
G1 X66.567 Y272.152
G1 X66.388 Y271.048
G1 X66.421 Y270.856
G1 X66.533 Y270.790
G1 X66.721 Y270.894
G1 X67.133 Y271.281
G1 X67.250 Y271.094
G1 X67.171 Y270.835
G1 X66.772 Y270.457
G1 X66.400 Y270.331
G1 X66.166 Y270.379
G1 X66.006 Y270.523
G1 X65.883 Y271.031
G1 X65.931 Y271.512
G0 Z5.000 F500.000
G0 X66.433 Y272.569 F3000.000
G1 Z1.000 F500.000
G4 P100
G1 X66.171 Y272.650 F1000.000
G1 X66.083 Y272.877
G1 X66.198 Y273.121
G1 X66.483 Y273.219
G1 X66.733 Y273.144
G1 X66.829 Y272.931
G1 X66.721 Y272.667
G1 X66.433 Y272.569
G0 Z5.000 F500.000
G0 X67.198 Y272.238 F3000.000
G1 Z1.000 F500.000
G4 P100
G1 X67.438 Y272.294 F1000.000
G1 X67.588 Y272.194
G1 X67.417 Y271.298
G1 X67.685 Y271.848
G1 X68.006 Y272.183
G1 X68.317 Y272.294
G1 X68.523 Y272.227
G1 X68.583 Y272.023
G1 X68.458 Y271.315
G1 X68.921 Y272.060
G1 X69.396 Y272.294
G1 X69.599 Y272.226
G1 X69.667 Y272.023
G1 X69.526 Y270.831
G1 X69.617 Y270.790
G1 X69.815 Y270.892
G1 X70.233 Y271.281
G1 X70.350 Y271.094
G1 X70.271 Y270.835
G1 X69.885 Y270.473
G1 X69.417 Y270.331
G1 X69.096 Y270.454
G1 X68.988 Y270.810
G1 X69.100 Y271.590
G1 X69.054 Y271.656
G1 X68.700 Y271.148
G1 X68.431 Y270.398
G1 X68.238 Y270.331
G1 X68.031 Y270.462
G1 X67.963 Y270.781
G1 X67.992 Y271.656
G1 X67.833 Y271.506
G1 X67.648 Y271.123
G1 X67.398 Y270.400
G1 X67.208 Y270.331
G1 X67.073 Y270.373
G1 X66.985 Y270.498
G1 X66.921 Y271.031
G1 X66.959 Y271.559
G1 X67.075 Y272.060
G1 X67.198 Y272.238
G0 Z5.000 F500.000
G0 X70.113 Y271.642 F3000.000
G1 Z1.000 F500.000
G4 P100
G1 X70.523 Y272.121 F1000.000
G1 X70.787 Y272.257
G1 X71.067 Y272.302
G1 X71.190 Y272.267
G1 X71.242 Y272.140
G1 X71.578 Y272.120
G1 X71.629 Y272.010
G1 X71.502 Y270.827
G1 X71.583 Y270.790
G1 X71.775 Y270.892
G1 X72.192 Y271.281
G1 X72.308 Y271.094
G1 X72.229 Y270.835
G1 X71.867 Y270.477
G1 X71.496 Y270.331
G1 X71.244 Y270.425
G1 X71.071 Y270.681
G1 X70.826 Y270.419
G1 X70.525 Y270.331
G1 X70.293 Y270.378
G1 X69.997 Y270.735
G1 X69.958 Y271.010
G1 X70.113 Y271.642
G0 Z5.000 F500.000
G0 X70.479 Y271.006 F3000.000
G1 Z1.000 F500.000
G4 P100
G1 X70.531 Y270.815 F1000.000
G1 X70.675 Y270.752
G1 X70.850 Y270.860
G1 X71.125 Y271.915
G1 X70.802 Y271.783
G1 X70.567 Y271.448
G1 X70.479 Y271.006
G0 Z5.000 F500.000
G0 X71.917 Y271.010 F3000.000
G1 Z1.000 F500.000
G4 P100
G1 X72.071 Y271.642 F1000.000
G1 X72.481 Y272.121
G1 X73.025 Y272.302
G1 X73.148 Y272.267
G1 X73.200 Y272.140
G1 X73.531 Y272.125
G1 X73.575 Y272.002
G1 X73.392 Y270.798
G1 X74.008 Y271.240
G1 X74.190 Y271.221
G1 X74.221 Y271.090
G1 X74.100 Y270.844
G1 X73.308 Y270.306
G1 X73.126 Y269.536
G1 X72.894 Y268.950
G1 X72.603 Y268.580
G1 X72.242 Y268.456
G1 X71.896 Y268.587
G1 X71.763 Y268.931
G1 X71.821 Y269.238
G1 X71.996 Y269.567
G1 X72.331 Y269.945
G1 X72.871 Y270.402
G1 X72.896 Y270.565
G1 X72.710 Y270.392
G1 X72.483 Y270.331
G1 X72.251 Y270.378
G1 X71.955 Y270.735
G1 X71.917 Y271.010
G0 Z5.000 F500.000
G0 X72.490 Y270.815 F3000.000
G1 Z1.000 F500.000
G4 P100
G1 X72.633 Y270.752 F1000.000
G1 X72.817 Y270.869
G1 X73.075 Y271.915
G1 X72.758 Y271.783
G1 X72.525 Y271.448
G1 X72.438 Y271.006
G1 X72.490 Y270.815
G0 Z5.000 F500.000
G0 X72.775 Y269.906 F3000.000
G1 Z1.000 F500.000
G4 P100
G1 X72.313 Y269.410 F1000.000
G1 X72.171 Y269.023
G1 X72.198 Y268.906
G1 X72.288 Y268.860
G1 X72.523 Y269.110
G1 X72.775 Y269.906
G0 Z5.000 F500.000
G0 X74.146 Y270.569 F3000.000
G1 Z1.000 F500.000
G4 P100
G1 X73.965 Y270.850 F1000.000
G1 X73.904 Y271.219
G1 X74.025 Y271.754
G1 X74.360 Y272.148
G1 X74.846 Y272.294
G1 X75.064 Y272.258
G1 X75.343 Y271.981
G1 X75.328 Y271.493
G1 X75.173 Y271.267
G1 X74.895 Y271.082
G1 X74.475 Y270.940
G1 X74.626 Y270.796
G1 X74.871 Y270.748
G1 X75.298 Y270.879
G1 X75.825 Y271.281
G1 X75.942 Y271.094
G1 X75.863 Y270.835
G1 X75.427 Y270.490
G1 X75.136 Y270.371
G1 X74.436 Y270.391
G1 X74.146 Y270.569
G0 Z5.000 F500.000
G0 X74.408 Y271.273 F3000.000
G1 Z1.000 F500.000
G4 P100
G1 X74.796 Y271.440 F1000.000
G1 X74.938 Y271.710
G1 X74.894 Y271.837
G1 X74.633 Y271.841
G1 X74.515 Y271.706
G1 X74.408 Y271.273
G0 Z5.000 F500.000
G0 X75.877 Y270.994 F3000.000
G1 Z1.000 F500.000
G4 P100
G1 X76.175 Y271.106 F1000.000
G1 X76.452 Y271.017
G1 X76.546 Y270.752
G1 X76.438 Y270.446
G1 X76.142 Y270.331
G1 X75.865 Y270.431
G1 X75.771 Y270.694
G1 X75.877 Y270.994
G0 Z5.000 F500.000
G0 X78.508 Y270.660 F3000.000
G1 Z1.000 F500.000
G4 P100
G1 X78.833 Y273.181 F1000.000
G1 X78.799 Y273.322
G1 X78.696 Y273.369
G1 X78.435 Y273.258
G1 X77.971 Y272.827
G1 X77.825 Y273.010
G1 X77.942 Y273.302
G1 X78.396 Y273.733
G1 X78.921 Y273.885
G1 X79.121 Y273.850
G1 X79.265 Y273.744
G1 X79.379 Y273.331
G1 X79.313 Y272.631
G1 X79.549 Y273.173
G1 X79.842 Y273.567
G1 X80.191 Y273.806
G1 X80.596 Y273.885
G1 X80.895 Y273.837
G1 X81.110 Y273.692
G1 X81.240 Y273.465
G1 X81.283 Y273.173
G1 X80.933 Y271.177
G1 X81.015 Y270.915
G1 X81.242 Y270.827
G1 X81.510 Y270.919
G1 X81.933 Y271.281
G1 X82.050 Y271.094
G1 X81.971 Y270.835
G1 X81.542 Y270.452
G1 X81.096 Y270.331
G1 X80.780 Y270.384
G1 X80.542 Y270.542
G1 X80.392 Y270.788
G1 X80.342 Y271.106
G1 X80.683 Y273.065
G1 X80.608 Y273.277
G1 X80.396 Y273.356
G1 X80.146 Y273.290
G1 X79.896 Y273.090
G1 X79.655 Y272.741
G1 X79.244 Y271.553
G1 X79.015 Y270.415
G1 X78.796 Y270.331
G1 X78.575 Y270.400
G1 X78.508 Y270.660
G0 Z5.000 F500.000
G0 X81.697 Y270.735 F3000.000
G1 Z1.000 F500.000
G4 P100
G1 X81.658 Y271.010 F1000.000
G1 X81.813 Y271.642
G1 X82.223 Y272.121
G1 X82.767 Y272.302
G1 X82.890 Y272.267
G1 X82.942 Y272.140
G1 X83.278 Y272.120
G1 X83.329 Y272.010
G1 X83.202 Y270.827
G1 X83.283 Y270.790
G1 X83.475 Y270.892
G1 X83.892 Y271.281
G1 X84.008 Y271.094
G1 X83.929 Y270.835
G1 X83.567 Y270.477
G1 X83.196 Y270.331
G1 X82.944 Y270.425
G1 X82.771 Y270.681
G1 X82.526 Y270.419
G1 X82.225 Y270.331
G1 X81.993 Y270.378
G1 X81.697 Y270.735
G0 Z5.000 F500.000
G0 X82.231 Y270.815 F3000.000
G1 Z1.000 F500.000
G4 P100
G1 X82.375 Y270.752 F1000.000
G1 X82.550 Y270.860
G1 X82.825 Y271.915
G1 X82.502 Y271.783
G1 X82.267 Y271.448
G1 X82.179 Y271.006
G1 X82.231 Y270.815
G0 Z5.000 F500.000
G0 X83.519 Y271.944 F3000.000
G1 Z1.000 F500.000
G4 P100
G1 X83.522 Y272.265 F1000.000
G1 X83.900 Y272.323
G1 X84.117 Y273.160
G1 X84.469 Y273.765
G1 X84.683 Y273.933
G1 X85.069 Y273.951
G1 X85.188 Y273.835
G1 X85.288 Y273.448
G1 X85.152 Y272.844
G1 X84.746 Y272.323
G1 X85.213 Y272.323
G1 X85.308 Y272.294
G1 X85.338 Y272.185
G1 X85.220 Y271.970
G1 X84.358 Y271.898
G1 X84.350 Y271.573
G1 X84.452 Y270.965
G1 X84.584 Y270.833
G1 X84.775 Y270.790
G1 X85.092 Y270.898
G1 X85.529 Y271.281
G1 X85.646 Y271.094
G1 X85.567 Y270.835
G1 X85.175 Y270.473
G1 X84.688 Y270.331
G1 X84.316 Y270.406
G1 X84.050 Y270.630
G1 X83.891 Y271.004
G1 X83.850 Y271.898
G1 X83.519 Y271.944
G0 Z5.000 F500.000
G0 X84.400 Y272.385 F3000.000
G1 Z1.000 F500.000
G4 P100
G1 X84.769 Y272.863 F1000.000
G1 X84.892 Y273.344
G1 X84.800 Y273.590
G1 X84.660 Y273.433
G1 X84.515 Y273.000
G1 X84.400 Y272.385
G0 Z5.000 F500.000
G0 X85.604 Y272.240 F3000.000
G1 Z1.000 F500.000
G4 P100
G1 X85.842 Y272.294 F1000.000
G1 X85.969 Y272.265
G1 X86.004 Y272.177
G1 X85.829 Y270.967
G1 X85.896 Y270.931
G1 X86.052 Y271.056
G1 X86.560 Y272.240
G1 X86.767 Y272.294
G1 X86.900 Y272.271
G1 X86.938 Y272.185
G1 X86.750 Y270.833
G1 X86.838 Y270.790
G1 X87.035 Y270.892
G1 X87.454 Y271.281
G1 X87.571 Y271.094
G1 X87.492 Y270.835
G1 X87.106 Y270.473
G1 X86.638 Y270.331
G1 X86.344 Y270.485
G1 X86.250 Y270.919
G1 X86.038 Y270.483
G1 X85.733 Y270.331
G1 X85.563 Y270.374
G1 X85.427 Y270.504
G1 X85.308 Y270.935
G1 X85.350 Y271.508
G1 X85.488 Y272.060
G1 X85.604 Y272.240
G0 Z5.000 F500.000
G0 X87.280 Y271.559 F3000.000
G1 Z1.000 F500.000
G4 P100
G1 X87.396 Y272.060 F1000.000
G1 X87.519 Y272.238
G1 X87.758 Y272.294
G1 X87.908 Y272.194
G1 X87.738 Y271.294
G1 X88.046 Y271.877
G1 X88.381 Y272.198
G1 X88.683 Y272.294
G1 X88.886 Y272.226
G1 X88.954 Y272.023
G1 X88.909 Y271.443
G1 X88.988 Y271.406
G1 X89.400 Y271.644
G1 X89.517 Y271.469
G1 X89.433 Y271.227
G1 X89.160 Y271.021
G1 X88.829 Y270.935
G1 X88.494 Y271.048
G1 X88.354 Y271.656
G1 X88.190 Y271.517
G1 X87.988 Y271.148
G1 X87.719 Y270.400
G1 X87.529 Y270.331
G1 X87.306 Y270.498
G1 X87.242 Y271.031
G1 X87.280 Y271.559
G0 Z5.000 F500.000
G0 X89.075 Y271.010 F3000.000
G1 Z1.000 F500.000
G4 P100
G1 X89.229 Y271.642 F1000.000
G1 X89.640 Y272.121
G1 X90.183 Y272.302
G1 X90.306 Y272.267
G1 X90.358 Y272.140
G1 X90.695 Y272.120
G1 X90.746 Y272.010
G1 X90.619 Y270.827
G1 X90.700 Y270.790
G1 X90.892 Y270.892
G1 X91.308 Y271.281
G1 X91.425 Y271.094
G1 X91.346 Y270.835
G1 X90.983 Y270.477
G1 X90.613 Y270.331
G1 X90.360 Y270.425
G1 X90.188 Y270.681
G1 X89.943 Y270.419
G1 X89.642 Y270.331
G1 X89.409 Y270.378
G1 X89.114 Y270.735
G1 X89.075 Y271.010
G0 Z5.000 F500.000
G0 X89.648 Y270.815 F3000.000
G1 Z1.000 F500.000
G4 P100
G1 X89.792 Y270.752 F1000.000
G1 X89.967 Y270.860
G1 X90.242 Y271.915
G1 X89.919 Y271.783
G1 X89.683 Y271.448
G1 X89.596 Y271.006
G1 X89.648 Y270.815
G0 Z5.000 F500.000
G0 X91.161 Y271.047 F3000.000
G1 Z1.000 F500.000
G4 P100
G1 X91.117 Y271.527 F1000.000
G1 X91.248 Y272.685
G1 X91.410 Y273.290
G1 X91.635 Y273.802
G1 X91.916 Y274.152
G1 X92.246 Y274.269
G1 X92.424 Y274.222
G1 X92.560 Y274.083
G1 X92.675 Y273.552
G1 X92.606 Y273.017
G1 X92.076 Y271.751
G1 X91.654 Y271.106
G1 X91.750 Y270.863
G1 X91.925 Y270.790
G1 X92.225 Y270.887
G1 X92.667 Y271.281
G1 X92.783 Y271.094
G1 X92.704 Y270.835
G1 X92.315 Y270.473
G1 X91.838 Y270.331
G1 X91.518 Y270.415
G1 X91.294 Y270.665
G1 X91.161 Y271.047
G0 Z5.000 F500.000
G0 X91.625 Y271.669 F3000.000
G1 Z1.000 F500.000
G4 P100
G1 X92.096 Y272.646 F1000.000
G1 X92.271 Y273.540
G1 X92.242 Y273.777
G1 X92.154 Y273.856
G1 X91.938 Y273.510
G1 X91.725 Y272.652
G1 X91.625 Y271.669
G0 Z5.000 F500.000
G0 X93.401 Y272.265 F3000.000
G1 Z1.000 F500.000
G4 P100
G1 X93.779 Y272.323 F1000.000
G1 X93.996 Y273.160
G1 X94.348 Y273.765
G1 X94.562 Y273.933
G1 X94.948 Y273.951
G1 X95.067 Y273.835
G1 X95.167 Y273.448
G1 X95.031 Y272.844
G1 X94.625 Y272.323
G1 X95.092 Y272.323
G1 X95.188 Y272.294
G1 X95.217 Y272.185
G1 X95.099 Y271.970
G1 X94.238 Y271.898
G1 X94.229 Y271.573
G1 X94.331 Y270.965
G1 X94.463 Y270.833
G1 X94.654 Y270.790
G1 X94.971 Y270.898
G1 X95.408 Y271.281
G1 X95.525 Y271.094
G1 X95.446 Y270.835
G1 X95.054 Y270.473
G1 X94.567 Y270.331
G1 X94.195 Y270.406
G1 X93.929 Y270.630
G1 X93.770 Y271.004
G1 X93.729 Y271.898
G1 X93.398 Y271.944
G1 X93.401 Y272.265
G0 Z5.000 F500.000
G0 X94.279 Y272.385 F3000.000
G1 Z1.000 F500.000
G4 P100
G1 X94.648 Y272.863 F1000.000
G1 X94.771 Y273.344
G1 X94.679 Y273.590
G1 X94.540 Y273.433
G1 X94.394 Y273.000
G1 X94.279 Y272.385
G0 Z5.000 F500.000
G0 X95.581 Y272.148 F3000.000
G1 Z1.000 F500.000
G4 P100
G1 X96.067 Y272.294 F1000.000
G1 X96.284 Y272.258
G1 X96.564 Y271.981
G1 X96.548 Y271.493
G1 X96.394 Y271.267
G1 X96.116 Y271.082
G1 X95.696 Y270.940
G1 X95.847 Y270.796
G1 X96.092 Y270.748
G1 X96.519 Y270.879
G1 X97.046 Y271.281
G1 X97.163 Y271.094
G1 X97.083 Y270.835
G1 X96.648 Y270.490
G1 X96.357 Y270.371
G1 X95.657 Y270.391
G1 X95.367 Y270.569
G1 X95.185 Y270.850
G1 X95.125 Y271.219
G1 X95.246 Y271.754
G1 X95.581 Y272.148
G0 Z5.000 F500.000
G0 X95.735 Y271.706 F3000.000
G1 Z1.000 F500.000
G4 P100
G1 X95.629 Y271.273 F1000.000
G1 X96.017 Y271.440
G1 X96.158 Y271.710
G1 X96.115 Y271.837
G1 X95.996 Y271.885
G1 X95.735 Y271.706
G0 Z5.000 F500.000
G0 X96.971 Y271.856 F3000.000
G1 Z1.000 F500.000
G4 P100
G1 X97.100 Y272.190 F1000.000
G1 X97.433 Y272.310
G1 X97.750 Y272.225
G1 X97.967 Y271.977
G1 X98.248 Y272.227
G1 X98.554 Y272.310
G1 X98.802 Y272.235
G1 X98.888 Y271.994
G1 X98.817 Y271.700
G1 X98.646 Y271.594
G1 X98.521 Y271.631
G1 X98.388 Y271.840
G1 X98.281 Y271.746
G1 X98.146 Y271.177
G1 X98.240 Y270.875
G1 X98.496 Y270.769
G1 X98.802 Y270.879
G1 X99.250 Y271.281
G1 X99.367 Y271.094
G1 X99.288 Y270.835
G1 X98.885 Y270.475
G1 X98.392 Y270.331
G1 X98.015 Y270.410
G1 X97.754 Y270.635
G1 X97.495 Y270.410
G1 X97.192 Y270.335
G1 X96.829 Y270.469
G1 X96.696 Y270.823
G1 X96.792 Y271.160
G1 X97.063 Y271.290
G1 X97.175 Y271.261
G1 X97.192 Y270.902
G1 X97.300 Y270.777
G1 X97.452 Y270.871
G1 X97.573 Y271.127
G1 X97.621 Y271.485
G1 X97.583 Y271.738
G1 X97.492 Y271.840
G1 X97.317 Y271.633
G1 X97.171 Y271.594
G1 X97.025 Y271.658
G1 X96.971 Y271.856
G0 Z5.000 F500.000
G0 X98.833 Y272.090 F3000.000
G1 Z1.000 F500.000
G4 P100
G1 X98.880 Y272.265 F1000.000
G1 X99.258 Y272.323
G1 X99.475 Y273.160
G1 X99.827 Y273.765
G1 X100.041 Y273.933
G1 X100.427 Y273.951
G1 X100.546 Y273.835
G1 X100.646 Y273.448
G1 X100.510 Y272.844
G1 X100.104 Y272.323
G1 X100.571 Y272.323
G1 X100.667 Y272.294
G1 X100.696 Y272.185
G1 X100.578 Y271.970
G1 X99.717 Y271.898
G1 X99.708 Y271.573
G1 X99.810 Y270.965
G1 X99.942 Y270.833
G1 X100.133 Y270.790
G1 X100.450 Y270.898
G1 X100.888 Y271.281
G1 X101.004 Y271.094
G1 X100.925 Y270.835
G1 X100.533 Y270.473
G1 X100.046 Y270.331
G1 X99.674 Y270.406
G1 X99.408 Y270.630
G1 X99.249 Y271.004
G1 X99.208 Y271.898
G1 X98.877 Y271.944
G1 X98.833 Y272.090
G0 Z5.000 F500.000
G0 X99.758 Y272.385 F3000.000
G1 Z1.000 F500.000
G4 P100
G1 X100.127 Y272.863 F1000.000
G1 X100.250 Y273.344
G1 X100.158 Y273.590
G1 X100.019 Y273.433
G1 X99.873 Y273.000
G1 X99.758 Y272.385
G0 Z5.000 F500.000
G0 X101.960 Y272.367 F3000.000
G1 Z1.000 F500.000
G4 P100
G1 X102.166 Y273.119 F1000.000
G1 X102.435 Y273.729
G1 X102.753 Y274.134
G1 X103.100 Y274.269
G1 X103.274 Y274.225
G1 X103.406 Y274.094
G1 X103.517 Y273.623
G1 X103.443 Y273.122
G1 X103.224 Y272.600
G1 X102.858 Y272.056
G1 X102.346 Y271.490
G1 X102.333 Y269.892
G1 X102.429 Y269.440
G1 X102.523 Y269.548
G1 X102.554 Y269.873
G1 X102.427 Y271.281
G1 X102.629 Y271.490
G1 X103.433 Y271.519
G1 X103.550 Y271.344
G1 X103.421 Y271.097
G1 X103.033 Y271.015
G1 X102.746 Y271.052
G1 X102.871 Y269.960
G1 X102.834 Y269.564
G1 X102.725 Y269.273
G1 X102.556 Y269.095
G1 X102.342 Y269.035
G1 X102.085 Y269.142
G1 X101.915 Y269.460
G1 X101.819 Y269.994
G1 X101.831 Y271.549
G1 X101.960 Y272.367
G0 Z5.000 F500.000
G0 X102.421 Y272.044 F3000.000
G1 Z1.000 F500.000
G4 P100
G1 X102.933 Y272.833 F1000.000
G1 X103.117 Y273.602
G1 X103.013 Y273.856
G1 X102.827 Y273.602
G1 X102.421 Y272.044
G0 Z5.000 F500.000
G0 X103.477 Y272.685 F3000.000
G1 Z1.000 F500.000
G4 P100
G1 X103.865 Y273.802 F1000.000
G1 X104.145 Y274.152
G1 X104.475 Y274.269
G1 X104.654 Y274.222
G1 X104.790 Y274.083
G1 X104.904 Y273.552
G1 X104.835 Y273.017
G1 X104.305 Y271.751
G1 X103.883 Y271.106
G1 X103.979 Y270.863
G1 X104.154 Y270.790
G1 X104.454 Y270.887
G1 X104.783 Y271.223
G1 X104.896 Y271.281
G1 X104.981 Y271.231
G1 X104.933 Y270.835
G1 X104.544 Y270.473
G1 X104.067 Y270.331
G1 X103.747 Y270.415
G1 X103.523 Y270.665
G1 X103.390 Y271.047
G1 X103.346 Y271.527
G1 X103.477 Y272.685
G0 Z5.000 F500.000
G0 X103.854 Y271.669 F3000.000
G1 Z1.000 F500.000
G4 P100
G1 X104.325 Y272.646 F1000.000
G1 X104.500 Y273.540
G1 X104.471 Y273.777
G1 X104.383 Y273.856
G1 X104.167 Y273.510
G1 X103.954 Y272.652
G1 X103.854 Y271.669
G0 Z5.000 F500.000
G0 X104.733 Y271.771 F3000.000
G1 Z1.000 F500.000
G4 P100
G1 X105.067 Y272.158 F1000.000
G1 X105.538 Y272.298
G1 X105.823 Y272.243
G1 X106.048 Y272.079
G1 X106.275 Y271.540
G1 X106.800 Y271.631
G1 X106.883 Y271.577
G1 X106.882 Y271.280
G1 X106.792 Y271.202
G1 X106.242 Y271.102
G1 X106.124 Y270.787
G1 X105.929 Y270.542
G1 X105.680 Y270.384
G1 X105.400 Y270.331
G1 X104.973 Y270.452
G1 X104.704 Y270.773
G1 X104.613 Y271.206
G1 X104.733 Y271.771
G0 Z5.000 F500.000
G0 X105.133 Y271.244 F3000.000
G1 Z1.000 F500.000
G4 P100
G1 X105.223 Y270.894 F1000.000
G1 X105.433 Y270.773
G1 X105.665 Y270.881
G1 X105.796 Y271.194
G1 X105.598 Y271.423
G1 X105.542 Y271.856
G1 X105.244 Y271.696
G1 X105.133 Y271.244
G0 Z5.000 F500.000
G0 X106.563 Y271.906 F3000.000
G1 Z1.000 F500.000
G4 P100
G1 X106.638 Y272.244 F1000.000
G1 X106.850 Y272.298
G1 X107.010 Y272.250
G1 X107.121 Y270.844
G1 X107.642 Y272.085
G1 X107.752 Y272.254
G1 X107.908 Y272.298
G1 X108.065 Y272.252
G1 X108.108 Y272.090
G1 X108.167 Y270.844
G1 X108.542 Y271.435
G1 X108.479 Y271.723
G1 X108.542 Y271.998
G1 X108.713 Y272.215
G1 X108.958 Y272.298
G1 X109.154 Y272.212
G1 X109.229 Y271.965
G1 X109.129 Y271.535
G1 X109.704 Y271.623
G1 X109.833 Y271.469
G1 X109.783 Y271.267
G1 X109.633 Y271.160
G1 X109.225 Y271.098
G1 X108.879 Y271.148
G1 X108.327 Y270.419
G1 X108.058 Y270.331
G1 X107.806 Y270.460
G1 X107.679 Y271.190
G1 X107.448 Y270.656
G1 X107.244 Y270.402
G1 X107.004 Y270.331
G1 X106.735 Y270.465
G1 X106.613 Y270.885
G1 X106.563 Y271.906
G0 Z5.000 F500.000
G0 X110.652 Y271.045 F3000.000
G1 Z1.000 F500.000
G4 P100
G1 X110.604 Y271.581 F1000.000
G1 X110.738 Y272.750
G1 X110.902 Y273.334
G1 X111.127 Y273.825
G1 X111.408 Y274.158
G1 X111.738 Y274.269
G1 X111.910 Y274.228
G1 X112.046 Y274.104
G1 X112.163 Y273.677
G1 X112.033 Y272.998
G1 X111.604 Y272.290
G1 X111.857 Y272.221
G1 X112.058 Y272.058
G1 X112.267 Y271.540
G1 X112.792 Y271.631
G1 X112.875 Y271.577
G1 X112.875 Y271.279
G1 X112.233 Y271.102
G1 X111.919 Y270.544
G1 X111.676 Y270.384
G1 X111.408 Y270.331
G1 X111.045 Y270.411
G1 X110.796 Y270.652
G1 X110.652 Y271.045
G0 Z5.000 F500.000
G0 X111.215 Y270.898 F3000.000
G1 Z1.000 F500.000
G4 P100
G1 X111.425 Y270.773 F1000.000
G1 X111.654 Y270.881
G1 X111.788 Y271.194
G1 X111.590 Y271.423
G1 X111.538 Y271.881
G1 X111.240 Y271.712
G1 X111.125 Y271.260
G1 X111.215 Y270.898
G0 Z5.000 F500.000
G0 X111.154 Y272.006 F3000.000
G1 Z1.000 F500.000
G4 P100
G1 X111.594 Y272.896 F1000.000
G1 X111.758 Y273.581
G1 X111.727 Y273.785
G1 X111.642 Y273.856
G1 X111.460 Y273.608
G1 X111.279 Y272.935
G1 X111.154 Y272.006
G0 Z5.000 F500.000
G0 X112.604 Y271.754 F3000.000
G1 Z1.000 F500.000
G4 P100
G1 X112.940 Y272.148 F1000.000
G1 X113.425 Y272.294
G1 X113.643 Y272.258
G1 X113.922 Y271.981
G1 X113.907 Y271.493
G1 X113.752 Y271.267
G1 X113.474 Y271.082
G1 X113.054 Y270.940
G1 X113.205 Y270.796
G1 X113.450 Y270.748
G1 X113.877 Y270.879
G1 X114.404 Y271.281
G1 X114.521 Y271.094
G1 X114.442 Y270.835
G1 X114.006 Y270.490
G1 X113.715 Y270.371
G1 X113.016 Y270.391
G1 X112.725 Y270.569
G1 X112.544 Y270.850
G1 X112.483 Y271.219
G1 X112.604 Y271.754
G0 Z5.000 F500.000
G0 X112.988 Y271.273 F3000.000
G1 Z1.000 F500.000
G4 P100
G1 X113.375 Y271.440 F1000.000
G1 X113.517 Y271.710
G1 X113.473 Y271.837
G1 X113.212 Y271.841
G1 X113.094 Y271.706
G1 X112.988 Y271.273
G0 Z5.000 F500.000
G0 X114.243 Y271.549 F3000.000
G1 Z1.000 F500.000
G4 P100
G1 X114.578 Y273.119 F1000.000
G1 X114.848 Y273.729
G1 X115.165 Y274.134
G1 X115.513 Y274.269
G1 X115.687 Y274.225
G1 X115.819 Y274.094
G1 X115.929 Y273.623
G1 X115.856 Y273.122
G1 X115.636 Y272.600
G1 X115.271 Y272.056
G1 X114.758 Y271.490
G1 X114.746 Y269.892
G1 X114.842 Y269.440
G1 X114.935 Y269.548
G1 X114.967 Y269.873
G1 X114.840 Y271.281
G1 X115.042 Y271.490
G1 X115.846 Y271.519
G1 X115.963 Y271.344
G1 X115.833 Y271.097
G1 X115.446 Y271.015
G1 X115.158 Y271.052
G1 X115.283 Y269.960
G1 X115.247 Y269.564
G1 X115.138 Y269.273
G1 X114.969 Y269.095
G1 X114.754 Y269.035
G1 X114.497 Y269.142
G1 X114.327 Y269.460
G1 X114.200 Y270.744
G1 X114.243 Y271.549
G0 Z5.000 F500.000
G0 X114.833 Y272.044 F3000.000
G1 Z1.000 F500.000
G4 P100
G1 X115.346 Y272.833 F1000.000
G1 X115.529 Y273.602
G1 X115.425 Y273.856
G1 X115.240 Y273.602
G1 X114.833 Y272.044
G0 Z5.000 F500.000
G0 X116.121 Y272.158 F3000.000
G1 Z1.000 F500.000
G4 P100
G1 X116.592 Y272.298 F1000.000
G1 X116.878 Y272.243
G1 X117.102 Y272.079
G1 X117.329 Y271.540
G1 X117.854 Y271.631
G1 X117.938 Y271.577
G1 X117.936 Y271.280
G1 X117.846 Y271.202
G1 X117.296 Y271.102
G1 X117.178 Y270.787
G1 X116.983 Y270.542
G1 X116.734 Y270.384
G1 X116.454 Y270.331
G1 X116.027 Y270.452
G1 X115.758 Y270.773
G1 X115.667 Y271.206
G1 X115.788 Y271.771
G1 X116.121 Y272.158
G0 Z5.000 F500.000
G0 X116.298 Y271.696 F3000.000
G1 Z1.000 F500.000
G4 P100
G1 X116.188 Y271.244 F1000.000
G1 X116.277 Y270.894
G1 X116.488 Y270.773
G1 X116.719 Y270.881
G1 X116.850 Y271.194
G1 X116.652 Y271.423
G1 X116.596 Y271.856
G1 X116.298 Y271.696
G0 Z5.000 F500.000
G0 X117.655 Y271.559 F3000.000
G1 Z1.000 F500.000
G4 P100
G1 X117.771 Y272.060 F1000.000
G1 X117.894 Y272.238
G1 X118.133 Y272.294
G1 X118.283 Y272.194
G1 X118.113 Y271.294
G1 X118.421 Y271.877
G1 X118.756 Y272.198
G1 X119.058 Y272.294
G1 X119.261 Y272.226
G1 X119.329 Y272.023
G1 X119.284 Y271.443
G1 X119.363 Y271.406
G1 X119.775 Y271.644
G1 X119.892 Y271.469
G1 X119.808 Y271.227
G1 X119.535 Y271.021
G1 X119.204 Y270.935
G1 X118.869 Y271.048
G1 X118.729 Y271.656
G1 X118.565 Y271.517
G1 X118.363 Y271.148
G1 X118.094 Y270.400
G1 X117.904 Y270.331
G1 X117.681 Y270.498
G1 X117.617 Y271.031
G1 X117.655 Y271.559
G0 Z5.000 F500.000
G0 X119.442 Y271.219 F3000.000
G1 Z1.000 F500.000
G4 P100
G1 X119.563 Y271.754 F1000.000
G1 X119.898 Y272.148
G1 X120.383 Y272.294
G1 X120.601 Y272.258
G1 X120.880 Y271.981
G1 X120.865 Y271.493
G1 X120.710 Y271.267
G1 X120.433 Y271.082
G1 X120.013 Y270.940
G1 X120.164 Y270.796
G1 X120.408 Y270.748
G1 X120.835 Y270.879
G1 X121.363 Y271.281
G1 X121.479 Y271.094
G1 X121.400 Y270.835
G1 X120.965 Y270.490
G1 X120.363 Y270.331
G1 X119.974 Y270.391
G1 X119.683 Y270.569
G1 X119.502 Y270.850
G1 X119.442 Y271.219
G0 Z5.000 F500.000
G0 X119.946 Y271.273 F3000.000
G1 Z1.000 F500.000
G4 P100
G1 X120.333 Y271.440 F1000.000
G1 X120.475 Y271.710
G1 X120.431 Y271.837
G1 X120.170 Y271.841
G1 X120.052 Y271.706
G1 X119.946 Y271.273
G0 Z5.000 F500.000
G0 X122.050 Y272.090 F3000.000
G1 Z1.000 F500.000
G4 P100
G1 X122.097 Y272.265 F1000.000
G1 X122.475 Y272.323
G1 X122.692 Y273.160
G1 X123.044 Y273.765
G1 X123.258 Y273.933
G1 X123.644 Y273.951
G1 X123.763 Y273.835
G1 X123.863 Y273.448
G1 X123.727 Y272.844
G1 X123.321 Y272.323
G1 X123.788 Y272.323
G1 X123.883 Y272.294
G1 X123.913 Y272.185
G1 X123.795 Y271.970
G1 X122.933 Y271.898
G1 X122.925 Y271.573
G1 X123.027 Y270.965
G1 X123.159 Y270.833
G1 X123.350 Y270.790
G1 X123.667 Y270.898
G1 X124.104 Y271.281
G1 X124.221 Y271.094
G1 X124.142 Y270.835
G1 X123.750 Y270.473
G1 X123.263 Y270.331
G1 X122.891 Y270.406
G1 X122.625 Y270.630
G1 X122.466 Y271.004
G1 X122.425 Y271.898
G1 X122.094 Y271.944
G1 X122.050 Y272.090
G0 Z5.000 F500.000
G0 X122.975 Y272.385 F3000.000
G1 Z1.000 F500.000
G4 P100
G1 X123.344 Y272.863 F1000.000
G1 X123.467 Y273.344
G1 X123.375 Y273.590
G1 X123.235 Y273.433
G1 X123.090 Y273.000
G1 X122.975 Y272.385
G0 Z5.000 F500.000
G0 X124.044 Y272.627 F3000.000
G1 Z1.000 F500.000
G4 P100
G1 X124.431 Y273.796 F1000.000
G1 X124.713 Y274.151
G1 X125.046 Y274.269
G1 X125.219 Y274.228
G1 X125.356 Y274.104
G1 X125.475 Y273.677
G1 X125.414 Y273.248
G1 X125.229 Y272.804
G1 X124.429 Y271.748
G1 X124.417 Y271.302
G1 X124.723 Y271.879
G1 X125.056 Y272.198
G1 X125.358 Y272.294
G1 X125.561 Y272.226
G1 X125.629 Y272.023
G1 X125.489 Y270.831
G1 X125.579 Y270.790
G1 X125.777 Y270.892
G1 X126.196 Y271.281
G1 X126.313 Y271.094
G1 X126.233 Y270.835
G1 X125.840 Y270.473
G1 X125.379 Y270.331
G1 X125.058 Y270.454
G1 X124.950 Y270.810
G1 X125.063 Y271.590
G1 X125.017 Y271.656
G1 X124.663 Y271.148
G1 X124.363 Y270.415
G1 X124.108 Y270.331
G1 X123.944 Y270.421
G1 X123.913 Y271.290
G1 X124.044 Y272.627
G0 Z5.000 F500.000
G0 X124.475 Y272.269 F3000.000
G1 Z1.000 F500.000
G4 P100
G1 X124.902 Y272.931 F1000.000
G1 X125.071 Y273.581
G1 X125.042 Y273.785
G1 X124.958 Y273.856
G1 X124.792 Y273.642
G1 X124.615 Y273.062
G1 X124.475 Y272.269
G0 Z5.000 F500.000
G0 X126.033 Y271.754 F3000.000
G1 Z1.000 F500.000
G4 P100
G1 X126.369 Y272.148 F1000.000
G1 X126.854 Y272.294
G1 X127.072 Y272.258
G1 X127.351 Y271.981
G1 X127.336 Y271.493
G1 X127.181 Y271.267
G1 X126.904 Y271.082
G1 X126.483 Y270.940
G1 X126.634 Y270.796
G1 X126.879 Y270.748
G1 X127.306 Y270.879
G1 X127.833 Y271.281
G1 X127.950 Y271.094
G1 X127.871 Y270.835
G1 X127.435 Y270.490
G1 X127.144 Y270.371
G1 X126.445 Y270.391
G1 X126.154 Y270.569
G1 X125.973 Y270.850
G1 X125.913 Y271.219
G1 X126.033 Y271.754
G0 Z5.000 F500.000
G0 X126.417 Y271.273 F3000.000
G1 Z1.000 F500.000
G4 P100
G1 X126.804 Y271.440 F1000.000
G1 X126.946 Y271.710
G1 X126.902 Y271.837
G1 X126.641 Y271.841
G1 X126.523 Y271.706
G1 X126.417 Y271.273
G0 Z5.000 F500.000
G0 X128.760 Y271.512 F3000.000
G1 Z1.000 F500.000
G4 P100
G1 X128.983 Y272.244 F1000.000
G1 X129.343 Y272.258
G1 X129.396 Y272.152
G1 X129.217 Y271.048
G1 X129.250 Y270.856
G1 X129.363 Y270.790
G1 X129.550 Y270.894
G1 X129.963 Y271.281
G1 X130.079 Y271.094
G1 X130.000 Y270.835
G1 X129.601 Y270.457
G1 X129.229 Y270.331
G1 X128.995 Y270.379
G1 X128.835 Y270.523
G1 X128.713 Y271.031
G1 X128.760 Y271.512
G0 Z5.000 F500.000
G0 X129.263 Y272.569 F3000.000
G1 Z1.000 F500.000
G4 P100
G1 X129.000 Y272.650 F1000.000
G1 X128.913 Y272.877
G1 X129.027 Y273.121
G1 X129.313 Y273.219
G1 X129.563 Y273.144
G1 X129.658 Y272.931
G1 X129.550 Y272.667
G1 X129.263 Y272.569
G0 Z5.000 F500.000
G0 X130.027 Y272.238 F3000.000
G1 Z1.000 F500.000
G4 P100
G1 X130.267 Y272.294 F1000.000
G1 X130.417 Y272.194
G1 X130.246 Y271.298
G1 X130.515 Y271.848
G1 X130.835 Y272.183
G1 X131.146 Y272.294
G1 X131.352 Y272.227
G1 X131.413 Y272.023
G1 X131.288 Y271.315
G1 X131.750 Y272.060
G1 X132.225 Y272.294
G1 X132.428 Y272.226
G1 X132.496 Y272.023
G1 X132.355 Y270.831
G1 X132.446 Y270.790
G1 X132.644 Y270.892
G1 X133.063 Y271.281
G1 X133.179 Y271.094
G1 X133.100 Y270.835
G1 X132.715 Y270.473
G1 X132.246 Y270.331
G1 X131.925 Y270.454
G1 X131.817 Y270.810
G1 X131.929 Y271.590
G1 X131.883 Y271.656
G1 X131.529 Y271.148
G1 X131.260 Y270.398
G1 X131.067 Y270.331
G1 X130.860 Y270.462
G1 X130.792 Y270.781
G1 X130.821 Y271.656
G1 X130.663 Y271.506
G1 X130.477 Y271.123
G1 X130.227 Y270.400
G1 X130.038 Y270.331
G1 X129.903 Y270.373
G1 X129.815 Y270.498
G1 X129.750 Y271.031
G1 X129.789 Y271.559
G1 X129.904 Y272.060
G1 X130.027 Y272.238
G0 Z5.000 F500.000
G0 X132.942 Y271.642 F3000.000
G1 Z1.000 F500.000
G4 P100
G1 X133.352 Y272.121 F1000.000
G1 X133.616 Y272.257
G1 X133.896 Y272.302
G1 X134.019 Y272.267
G1 X134.071 Y272.140
G1 X134.407 Y272.120
G1 X134.458 Y272.010
G1 X134.331 Y270.827
G1 X134.413 Y270.790
G1 X134.604 Y270.892
G1 X135.021 Y271.281
G1 X135.138 Y271.094
G1 X135.058 Y270.835
G1 X134.696 Y270.477
G1 X134.325 Y270.331
G1 X134.073 Y270.425
G1 X133.900 Y270.681
G1 X133.655 Y270.419
G1 X133.354 Y270.331
G1 X133.122 Y270.378
G1 X132.826 Y270.735
G1 X132.788 Y271.010
G1 X132.942 Y271.642
G0 Z5.000 F500.000
G0 X133.308 Y271.006 F3000.000
G1 Z1.000 F500.000
G4 P100
G1 X133.360 Y270.815 F1000.000
G1 X133.504 Y270.752
G1 X133.679 Y270.860
G1 X133.954 Y271.915
G1 X133.631 Y271.783
G1 X133.396 Y271.448
G1 X133.308 Y271.006
G0 Z5.000 F500.000
G0 X134.746 Y271.010 F3000.000
G1 Z1.000 F500.000
G4 P100
G1 X134.900 Y271.642 F1000.000
G1 X135.310 Y272.121
G1 X135.854 Y272.302
G1 X135.977 Y272.267
G1 X136.029 Y272.140
G1 X136.360 Y272.125
G1 X136.404 Y272.002
G1 X136.221 Y270.798
G1 X136.838 Y271.240
G1 X137.019 Y271.221
G1 X137.050 Y271.090
G1 X136.929 Y270.844
G1 X136.138 Y270.306
G1 X135.955 Y269.536
G1 X135.723 Y268.950
G1 X135.432 Y268.580
G1 X135.071 Y268.456
G1 X134.725 Y268.587
G1 X134.592 Y268.931
G1 X134.650 Y269.238
G1 X134.825 Y269.567
G1 X135.160 Y269.945
G1 X135.700 Y270.402
G1 X135.725 Y270.565
G1 X135.540 Y270.392
G1 X135.313 Y270.331
G1 X135.080 Y270.378
G1 X134.784 Y270.735
G1 X134.746 Y271.010
G0 Z5.000 F500.000
G0 X135.319 Y270.815 F3000.000
G1 Z1.000 F500.000
G4 P100
G1 X135.463 Y270.752 F1000.000
G1 X135.646 Y270.869
G1 X135.904 Y271.915
G1 X135.588 Y271.783
G1 X135.354 Y271.448
G1 X135.267 Y271.006
G1 X135.319 Y270.815
G0 Z5.000 F500.000
G0 X135.604 Y269.906 F3000.000
G1 Z1.000 F500.000
G4 P100
G1 X135.142 Y269.410 F1000.000
G1 X135.000 Y269.023
G1 X135.027 Y268.906
G1 X135.117 Y268.860
G1 X135.352 Y269.110
G1 X135.604 Y269.906
G0 Z5.000 F500.000
G0 X136.975 Y270.569 F3000.000
G1 Z1.000 F500.000
G4 P100
G1 X136.794 Y270.850 F1000.000
G1 X136.733 Y271.219
G1 X136.854 Y271.754
G1 X137.190 Y272.148
G1 X137.675 Y272.294
G1 X137.893 Y272.258
G1 X138.172 Y271.981
G1 X138.157 Y271.493
G1 X138.002 Y271.267
G1 X137.724 Y271.082
G1 X137.304 Y270.940
G1 X137.455 Y270.796
G1 X137.700 Y270.748
G1 X138.127 Y270.879
G1 X138.654 Y271.281
G1 X138.771 Y271.094
G1 X138.692 Y270.835
G1 X138.256 Y270.490
G1 X137.965 Y270.371
G1 X137.266 Y270.391
G1 X136.975 Y270.569
G0 Z5.000 F500.000
G0 X137.238 Y271.273 F3000.000
G1 Z1.000 F500.000
G4 P100
G1 X137.625 Y271.440 F1000.000
G1 X137.767 Y271.710
G1 X137.723 Y271.837
G1 X137.462 Y271.841
G1 X137.344 Y271.706
G1 X137.238 Y271.273
G0 Z5.000 F500.000
G0 X138.706 Y270.994 F3000.000
G1 Z1.000 F500.000
G4 P100
G1 X139.004 Y271.106 F1000.000
G1 X139.281 Y271.017
G1 X139.375 Y270.752
G1 X139.267 Y270.446
G1 X138.971 Y270.331
G1 X138.694 Y270.431
G1 X138.600 Y270.694
G1 X138.706 Y270.994
G0 Z5.000 F500.000
G0 X141.338 Y270.660 F3000.000
G1 Z1.000 F500.000
G4 P100
G1 X141.663 Y273.181 F1000.000
G1 X141.628 Y273.322
G1 X141.525 Y273.369
G1 X141.265 Y273.258
G1 X140.800 Y272.827
G1 X140.654 Y273.010
G1 X140.771 Y273.302
G1 X141.225 Y273.733
G1 X141.750 Y273.885
G1 X141.951 Y273.850
G1 X142.094 Y273.744
G1 X142.208 Y273.331
G1 X142.142 Y272.631
G1 X142.378 Y273.173
G1 X142.671 Y273.567
G1 X143.020 Y273.806
G1 X143.425 Y273.885
G1 X143.724 Y273.837
G1 X143.940 Y273.692
G1 X144.069 Y273.465
G1 X144.113 Y273.173
G1 X143.763 Y271.177
G1 X143.844 Y270.915
G1 X144.071 Y270.827
G1 X144.340 Y270.919
G1 X144.763 Y271.281
G1 X144.879 Y271.094
G1 X144.800 Y270.835
G1 X144.371 Y270.452
G1 X143.925 Y270.331
G1 X143.609 Y270.384
G1 X143.371 Y270.542
G1 X143.221 Y270.788
G1 X143.171 Y271.106
G1 X143.513 Y273.065
G1 X143.438 Y273.277
G1 X143.225 Y273.356
G1 X142.975 Y273.290
G1 X142.725 Y273.090
G1 X142.484 Y272.741
G1 X142.073 Y271.553
G1 X141.844 Y270.415
G1 X141.625 Y270.331
G1 X141.404 Y270.400
G1 X141.338 Y270.660
G0 Z5.000 F500.000
G0 X144.526 Y270.735 F3000.000
G1 Z1.000 F500.000
G4 P100
G1 X144.488 Y271.010 F1000.000
G1 X144.642 Y271.642
G1 X145.052 Y272.121
G1 X145.596 Y272.302
G1 X145.719 Y272.267
G1 X145.771 Y272.140
G1 X146.107 Y272.120
G1 X146.158 Y272.010
G1 X146.031 Y270.827
G1 X146.113 Y270.790
G1 X146.304 Y270.892
G1 X146.721 Y271.281
G1 X146.838 Y271.094
G1 X146.758 Y270.835
G1 X146.396 Y270.477
G1 X146.025 Y270.331
G1 X145.773 Y270.425
G1 X145.600 Y270.681
G1 X145.355 Y270.419
G1 X145.054 Y270.331
G1 X144.822 Y270.378
G1 X144.526 Y270.735
G0 Z5.000 F500.000
G0 X145.060 Y270.815 F3000.000
G1 Z1.000 F500.000
G4 P100
G1 X145.204 Y270.752 F1000.000
G1 X145.379 Y270.860
G1 X145.654 Y271.915
G1 X145.331 Y271.783
G1 X145.096 Y271.448
G1 X145.008 Y271.006
G1 X145.060 Y270.815
G0 Z5.000 F500.000
G0 X146.348 Y271.944 F3000.000
G1 Z1.000 F500.000
G4 P100
G1 X146.351 Y272.265 F1000.000
G1 X146.729 Y272.323
G1 X146.946 Y273.160
G1 X147.298 Y273.765
G1 X147.512 Y273.933
G1 X147.898 Y273.951
G1 X148.017 Y273.835
G1 X148.117 Y273.448
G1 X147.981 Y272.844
G1 X147.575 Y272.323
G1 X148.042 Y272.323
G1 X148.138 Y272.294
G1 X148.167 Y272.185
G1 X148.049 Y271.970
G1 X147.188 Y271.898
G1 X147.179 Y271.573
G1 X147.281 Y270.965
G1 X147.413 Y270.833
G1 X147.604 Y270.790
G1 X147.921 Y270.898
G1 X148.358 Y271.281
G1 X148.475 Y271.094
G1 X148.396 Y270.835
G1 X148.004 Y270.473
G1 X147.517 Y270.331
G1 X147.145 Y270.406
G1 X146.879 Y270.630
G1 X146.720 Y271.004
G1 X146.679 Y271.898
G1 X146.348 Y271.944
G0 Z5.000 F500.000
G0 X147.229 Y272.385 F3000.000
G1 Z1.000 F500.000
G4 P100
G1 X147.598 Y272.863 F1000.000
G1 X147.721 Y273.344
G1 X147.629 Y273.590
G1 X147.490 Y273.433
G1 X147.344 Y273.000
G1 X147.229 Y272.385
G0 Z5.000 F500.000
G0 X148.433 Y272.240 F3000.000
G1 Z1.000 F500.000
G4 P100
G1 X148.671 Y272.294 F1000.000
G1 X148.798 Y272.265
G1 X148.833 Y272.177
G1 X148.658 Y270.967
G1 X148.725 Y270.931
G1 X148.881 Y271.056
G1 X149.390 Y272.240
G1 X149.596 Y272.294
G1 X149.729 Y272.271
G1 X149.767 Y272.185
G1 X149.579 Y270.833
G1 X149.667 Y270.790
G1 X149.865 Y270.892
G1 X150.283 Y271.281
G1 X150.400 Y271.094
G1 X150.321 Y270.835
G1 X149.935 Y270.473
G1 X149.467 Y270.331
G1 X149.173 Y270.485
G1 X149.079 Y270.919
G1 X148.867 Y270.483
G1 X148.563 Y270.331
G1 X148.392 Y270.374
G1 X148.256 Y270.504
G1 X148.138 Y270.935
G1 X148.179 Y271.508
G1 X148.317 Y272.060
G1 X148.433 Y272.240
G0 Z5.000 F500.000
G0 X150.109 Y271.559 F3000.000
G1 Z1.000 F500.000
G4 P100
G1 X150.225 Y272.060 F1000.000
G1 X150.348 Y272.238
G1 X150.588 Y272.294
G1 X150.738 Y272.194
G1 X150.567 Y271.294
G1 X150.875 Y271.877
G1 X151.210 Y272.198
G1 X151.513 Y272.294
G1 X151.716 Y272.226
G1 X151.783 Y272.023
G1 X151.739 Y271.443
G1 X151.817 Y271.406
G1 X152.229 Y271.644
G1 X152.346 Y271.469
G1 X152.263 Y271.227
G1 X151.990 Y271.021
G1 X151.658 Y270.935
G1 X151.323 Y271.048
G1 X151.183 Y271.656
G1 X151.019 Y271.517
G1 X150.817 Y271.148
G1 X150.548 Y270.400
G1 X150.358 Y270.331
G1 X150.135 Y270.498
G1 X150.071 Y271.031
G1 X150.109 Y271.559
G0 Z5.000 F500.000
G0 X151.904 Y271.010 F3000.000
G1 Z1.000 F500.000
G4 P100
G1 X152.058 Y271.642 F1000.000
G1 X152.469 Y272.121
G1 X153.013 Y272.302
G1 X153.135 Y272.267
G1 X153.188 Y272.140
G1 X153.524 Y272.120
G1 X153.575 Y272.010
G1 X153.448 Y270.827
G1 X153.529 Y270.790
G1 X153.721 Y270.892
G1 X154.138 Y271.281
G1 X154.254 Y271.094
G1 X154.175 Y270.835
G1 X153.813 Y270.477
G1 X153.442 Y270.331
G1 X153.190 Y270.425
G1 X153.017 Y270.681
G1 X152.772 Y270.419
G1 X152.471 Y270.331
G1 X152.239 Y270.378
G1 X151.943 Y270.735
G1 X151.904 Y271.010
G0 Z5.000 F500.000
G0 X152.477 Y270.815 F3000.000
G1 Z1.000 F500.000
G4 P100
G1 X152.621 Y270.752 F1000.000
G1 X152.796 Y270.860
G1 X153.071 Y271.915
G1 X152.748 Y271.783
G1 X152.513 Y271.448
G1 X152.425 Y271.006
G1 X152.477 Y270.815
G0 Z5.000 F500.000
G0 X153.990 Y271.047 F3000.000
G1 Z1.000 F500.000
G4 P100
G1 X153.946 Y271.527 F1000.000
G1 X154.077 Y272.685
G1 X154.240 Y273.290
G1 X154.465 Y273.802
G1 X154.745 Y274.152
G1 X155.075 Y274.269
G1 X155.254 Y274.222
G1 X155.390 Y274.083
G1 X155.504 Y273.552
G1 X155.435 Y273.017
G1 X154.905 Y271.751
G1 X154.483 Y271.106
G1 X154.579 Y270.863
G1 X154.754 Y270.790
G1 X155.054 Y270.887
G1 X155.496 Y271.281
G1 X155.613 Y271.094
G1 X155.533 Y270.835
G1 X155.144 Y270.473
G1 X154.667 Y270.331
G1 X154.347 Y270.415
G1 X154.123 Y270.665
G1 X153.990 Y271.047
G0 Z5.000 F500.000
G0 X154.454 Y271.669 F3000.000
G1 Z1.000 F500.000
G4 P100
G1 X154.925 Y272.646 F1000.000
G1 X155.100 Y273.540
G1 X155.071 Y273.777
G1 X154.983 Y273.856
G1 X154.767 Y273.510
G1 X154.554 Y272.652
G1 X154.454 Y271.669
G0 Z5.000 F500.000
G0 X156.230 Y272.265 F3000.000
G1 Z1.000 F500.000
G4 P100
G1 X156.608 Y272.323 F1000.000
G1 X156.825 Y273.160
G1 X157.177 Y273.765
G1 X157.391 Y273.933
G1 X157.777 Y273.951
G1 X157.896 Y273.835
G1 X157.996 Y273.448
G1 X157.860 Y272.844
G1 X157.454 Y272.323
G1 X157.921 Y272.323
G1 X158.017 Y272.294
G1 X158.046 Y272.185
G1 X157.928 Y271.970
G1 X157.067 Y271.898
G1 X157.058 Y271.573
G1 X157.160 Y270.965
G1 X157.292 Y270.833
G1 X157.483 Y270.790
G1 X157.800 Y270.898
G1 X158.238 Y271.281
G1 X158.354 Y271.094
G1 X158.275 Y270.835
G1 X157.883 Y270.473
G1 X157.396 Y270.331
G1 X157.024 Y270.406
G1 X156.758 Y270.630
G1 X156.599 Y271.004
G1 X156.558 Y271.898
G1 X156.227 Y271.944
G1 X156.230 Y272.265
G0 Z5.000 F500.000
G0 X157.108 Y272.385 F3000.000
G1 Z1.000 F500.000
G4 P100
G1 X157.477 Y272.863 F1000.000
G1 X157.600 Y273.344
G1 X157.508 Y273.590
G1 X157.369 Y273.433
G1 X157.223 Y273.000
G1 X157.108 Y272.385
G0 Z5.000 F500.000
G0 X158.410 Y272.148 F3000.000
G1 Z1.000 F500.000
G4 P100
G1 X158.896 Y272.294 F1000.000
G1 X159.114 Y272.258
G1 X159.393 Y271.981
G1 X159.378 Y271.493
G1 X159.223 Y271.267
G1 X158.945 Y271.082
G1 X158.525 Y270.940
G1 X158.676 Y270.796
G1 X158.921 Y270.748
G1 X159.348 Y270.879
G1 X159.875 Y271.281
G1 X159.992 Y271.094
G1 X159.913 Y270.835
G1 X159.477 Y270.490
G1 X159.186 Y270.371
G1 X158.486 Y270.391
G1 X158.196 Y270.569
G1 X158.015 Y270.850
G1 X157.954 Y271.219
G1 X158.075 Y271.754
G1 X158.410 Y272.148
G0 Z5.000 F500.000
G0 X158.565 Y271.706 F3000.000
G1 Z1.000 F500.000
G4 P100
G1 X158.458 Y271.273 F1000.000
G1 X158.846 Y271.440
G1 X158.988 Y271.710
G1 X158.944 Y271.837
G1 X158.825 Y271.885
G1 X158.565 Y271.706
G0 Z5.000 F500.000
G0 X159.800 Y271.856 F3000.000
G1 Z1.000 F500.000
G4 P100
G1 X159.929 Y272.190 F1000.000
G1 X160.263 Y272.310
G1 X160.579 Y272.225
G1 X160.796 Y271.977
G1 X161.077 Y272.227
G1 X161.383 Y272.310
G1 X161.631 Y272.235
G1 X161.717 Y271.994
G1 X161.646 Y271.700
G1 X161.475 Y271.594
G1 X161.350 Y271.631
G1 X161.217 Y271.840
G1 X161.110 Y271.746
G1 X160.975 Y271.177
G1 X161.069 Y270.875
G1 X161.325 Y270.769
G1 X161.631 Y270.879
G1 X162.079 Y271.281
G1 X162.196 Y271.094
G1 X162.117 Y270.835
G1 X161.715 Y270.475
G1 X161.221 Y270.331
G1 X160.844 Y270.410
G1 X160.583 Y270.635
G1 X160.324 Y270.410
G1 X160.021 Y270.335
G1 X159.658 Y270.469
G1 X159.525 Y270.823
G1 X159.621 Y271.160
G1 X159.892 Y271.290
G1 X160.004 Y271.261
G1 X160.021 Y270.902
G1 X160.129 Y270.777
G1 X160.281 Y270.871
G1 X160.402 Y271.127
G1 X160.450 Y271.485
G1 X160.413 Y271.738
G1 X160.321 Y271.840
G1 X160.146 Y271.633
G1 X160.000 Y271.594
G1 X159.854 Y271.658
G1 X159.800 Y271.856
G0 Z5.000 F500.000
G0 X161.663 Y272.090 F3000.000
G1 Z1.000 F500.000
G4 P100
G1 X161.709 Y272.265 F1000.000
G1 X162.088 Y272.323
G1 X162.304 Y273.160
G1 X162.656 Y273.765
G1 X162.870 Y273.933
G1 X163.256 Y273.951
G1 X163.375 Y273.835
G1 X163.475 Y273.448
G1 X163.340 Y272.844
G1 X162.933 Y272.323
G1 X163.400 Y272.323
G1 X163.496 Y272.294
G1 X163.525 Y272.185
G1 X163.407 Y271.970
G1 X162.546 Y271.898
G1 X162.538 Y271.573
G1 X162.640 Y270.965
G1 X162.771 Y270.833
G1 X162.963 Y270.790
G1 X163.279 Y270.898
G1 X163.717 Y271.281
G1 X163.833 Y271.094
G1 X163.754 Y270.835
G1 X163.363 Y270.473
G1 X162.875 Y270.331
G1 X162.503 Y270.406
G1 X162.238 Y270.630
G1 X162.078 Y271.004
G1 X162.038 Y271.898
G1 X161.706 Y271.944
G1 X161.663 Y272.090
G0 Z5.000 F500.000
G0 X162.588 Y272.385 F3000.000
G1 Z1.000 F500.000
G4 P100
G1 X162.956 Y272.863 F1000.000
G1 X163.079 Y273.344
G1 X162.988 Y273.590
G1 X162.848 Y273.433
G1 X162.702 Y273.000
G1 X162.588 Y272.385
G0 Z5.000 F500.000
G0 X164.790 Y272.367 F3000.000
G1 Z1.000 F500.000
G4 P100
G1 X164.995 Y273.119 F1000.000
G1 X165.265 Y273.729
G1 X165.582 Y274.134
G1 X165.929 Y274.269
G1 X166.104 Y274.225
G1 X166.235 Y274.094
G1 X166.346 Y273.623
G1 X166.273 Y273.122
G1 X166.053 Y272.600
G1 X165.687 Y272.056
G1 X165.175 Y271.490
G1 X165.162 Y269.892
G1 X165.258 Y269.440
G1 X165.352 Y269.548
G1 X165.383 Y269.873
G1 X165.256 Y271.281
G1 X165.458 Y271.490
G1 X166.263 Y271.519
G1 X166.379 Y271.344
G1 X166.250 Y271.097
G1 X165.863 Y271.015
G1 X165.575 Y271.052
G1 X165.700 Y269.960
G1 X165.664 Y269.564
G1 X165.554 Y269.273
G1 X165.385 Y269.095
G1 X165.171 Y269.035
G1 X164.914 Y269.142
G1 X164.744 Y269.460
G1 X164.648 Y269.994
G1 X164.660 Y271.549
G1 X164.790 Y272.367
G0 Z5.000 F500.000
G0 X165.250 Y272.044 F3000.000
G1 Z1.000 F500.000
G4 P100
G1 X165.763 Y272.833 F1000.000
G1 X165.946 Y273.602
G1 X165.842 Y273.856
G1 X165.656 Y273.602
G1 X165.250 Y272.044
G0 Z5.000 F500.000
G0 X166.306 Y272.685 F3000.000
G1 Z1.000 F500.000
G4 P100
G1 X166.694 Y273.802 F1000.000
G1 X166.974 Y274.152
G1 X167.304 Y274.269
G1 X167.483 Y274.222
G1 X167.619 Y274.083
G1 X167.733 Y273.552
G1 X167.665 Y273.017
G1 X167.134 Y271.751
G1 X166.713 Y271.106
G1 X166.808 Y270.863
G1 X166.983 Y270.790
G1 X167.283 Y270.887
G1 X167.612 Y271.223
G1 X167.725 Y271.281
G1 X167.810 Y271.231
G1 X167.762 Y270.835
G1 X167.373 Y270.473
G1 X166.896 Y270.331
G1 X166.577 Y270.415
G1 X166.352 Y270.665
G1 X166.219 Y271.047
G1 X166.175 Y271.527
G1 X166.306 Y272.685
G0 Z5.000 F500.000
G0 X166.683 Y271.669 F3000.000
G1 Z1.000 F500.000
G4 P100
G1 X167.154 Y272.646 F1000.000
G1 X167.329 Y273.540
G1 X167.300 Y273.777
G1 X167.213 Y273.856
G1 X166.996 Y273.510
G1 X166.783 Y272.652
G1 X166.683 Y271.669
G0 Z5.000 F500.000
G0 X167.562 Y271.771 F3000.000
G1 Z1.000 F500.000
G4 P100
G1 X167.896 Y272.158 F1000.000
G1 X168.367 Y272.298
G1 X168.653 Y272.243
G1 X168.877 Y272.079
G1 X169.104 Y271.540
G1 X169.629 Y271.631
G1 X169.712 Y271.577
G1 X169.711 Y271.280
G1 X169.621 Y271.202
G1 X169.071 Y271.102
G1 X168.953 Y270.787
G1 X168.758 Y270.542
G1 X168.509 Y270.384
G1 X168.229 Y270.331
G1 X167.802 Y270.452
G1 X167.533 Y270.773
G1 X167.442 Y271.206
G1 X167.562 Y271.771
G0 Z5.000 F500.000
G0 X167.962 Y271.244 F3000.000
G1 Z1.000 F500.000
G4 P100
G1 X168.052 Y270.894 F1000.000
G1 X168.262 Y270.773
G1 X168.494 Y270.881
G1 X168.625 Y271.194
G1 X168.427 Y271.423
G1 X168.371 Y271.856
G1 X168.073 Y271.696
G1 X167.962 Y271.244
G0 Z5.000 F500.000
G0 X169.392 Y271.906 F3000.000
G1 Z1.000 F500.000
G4 P100
G1 X169.467 Y272.244 F1000.000
G1 X169.679 Y272.298
G1 X169.840 Y272.250
G1 X169.950 Y270.844
G1 X170.471 Y272.085
G1 X170.581 Y272.254
G1 X170.737 Y272.298
G1 X170.894 Y272.252
G1 X170.937 Y272.090
G1 X170.996 Y270.844
G1 X171.371 Y271.435
G1 X171.308 Y271.723
G1 X171.371 Y271.998
G1 X171.542 Y272.215
G1 X171.787 Y272.298
G1 X171.983 Y272.212
G1 X172.058 Y271.965
G1 X171.958 Y271.535
G1 X172.533 Y271.623
G1 X172.662 Y271.469
G1 X172.612 Y271.267
G1 X172.462 Y271.160
G1 X172.054 Y271.098
G1 X171.708 Y271.148
G1 X171.156 Y270.419
G1 X170.887 Y270.331
G1 X170.635 Y270.460
G1 X170.508 Y271.190
G1 X170.277 Y270.656
G1 X170.073 Y270.402
G1 X169.833 Y270.331
G1 X169.565 Y270.465
G1 X169.442 Y270.885
G1 X169.392 Y271.906
G0 Z5.000 F500.000
G0 X173.481 Y271.045 F3000.000
G1 Z1.000 F500.000
G4 P100
G1 X173.433 Y271.581 F1000.000
G1 X173.567 Y272.750
G1 X173.731 Y273.334
G1 X173.956 Y273.825
G1 X174.237 Y274.158
G1 X174.567 Y274.269
G1 X174.740 Y274.228
G1 X174.875 Y274.104
G1 X174.992 Y273.677
G1 X174.862 Y272.998
G1 X174.433 Y272.290
G1 X174.686 Y272.221
G1 X174.887 Y272.058
G1 X175.096 Y271.540
G1 X175.621 Y271.631
G1 X175.704 Y271.577
G1 X175.704 Y271.279
G1 X175.062 Y271.102
G1 X174.748 Y270.544
G1 X174.505 Y270.384
G1 X174.237 Y270.331
G1 X173.874 Y270.411
G1 X173.625 Y270.652
G1 X173.481 Y271.045
G0 Z5.000 F500.000
G0 X174.044 Y270.898 F3000.000
G1 Z1.000 F500.000
G4 P100
G1 X174.254 Y270.773 F1000.000
G1 X174.483 Y270.881
G1 X174.617 Y271.194
G1 X174.419 Y271.423
G1 X174.367 Y271.881
G1 X174.069 Y271.712
G1 X173.954 Y271.260
G1 X174.044 Y270.898
G0 Z5.000 F500.000
G0 X173.983 Y272.006 F3000.000
G1 Z1.000 F500.000
G4 P100
G1 X174.423 Y272.896 F1000.000
G1 X174.587 Y273.581
G1 X174.556 Y273.785
G1 X174.471 Y273.856
G1 X174.290 Y273.608
G1 X174.108 Y272.935
G1 X173.983 Y272.006
G0 Z5.000 F500.000
G0 X175.433 Y271.754 F3000.000
G1 Z1.000 F500.000
G4 P100
G1 X175.769 Y272.148 F1000.000
G1 X176.254 Y272.294
G1 X176.472 Y272.258
G1 X176.751 Y271.981
G1 X176.736 Y271.493
G1 X176.581 Y271.267
G1 X176.304 Y271.082
G1 X175.883 Y270.940
G1 X176.034 Y270.796
G1 X176.279 Y270.748
G1 X176.706 Y270.879
G1 X177.233 Y271.281
G1 X177.350 Y271.094
G1 X177.271 Y270.835
G1 X176.835 Y270.490
G1 X176.544 Y270.371
G1 X175.845 Y270.391
G1 X175.554 Y270.569
G1 X175.373 Y270.850
G1 X175.312 Y271.219
G1 X175.433 Y271.754
G0 Z5.000 F500.000
G0 X175.817 Y271.273 F3000.000
G1 Z1.000 F500.000
G4 P100
G1 X176.204 Y271.440 F1000.000
G1 X176.346 Y271.710
G1 X176.302 Y271.837
G1 X176.041 Y271.841
G1 X175.923 Y271.706
G1 X175.817 Y271.273
G0 Z5.000 F500.000
G0 X177.072 Y271.549 F3000.000
G1 Z1.000 F500.000
G4 P100
G1 X177.407 Y273.119 F1000.000
G1 X177.677 Y273.729
G1 X177.994 Y274.134
G1 X178.342 Y274.269
G1 X178.516 Y274.225
G1 X178.648 Y274.094
G1 X178.758 Y273.623
G1 X178.685 Y273.122
G1 X178.466 Y272.600
G1 X178.100 Y272.056
G1 X177.587 Y271.490
G1 X177.575 Y269.892
G1 X177.671 Y269.440
G1 X177.765 Y269.548
G1 X177.796 Y269.873
G1 X177.669 Y271.281
G1 X177.871 Y271.490
G1 X178.675 Y271.519
G1 X178.792 Y271.344
G1 X178.662 Y271.097
G1 X178.275 Y271.015
G1 X177.987 Y271.052
G1 X178.112 Y269.960
G1 X178.076 Y269.564
G1 X177.967 Y269.273
G1 X177.798 Y269.095
G1 X177.583 Y269.035
G1 X177.327 Y269.142
G1 X177.156 Y269.460
G1 X177.029 Y270.744
G1 X177.072 Y271.549
G0 Z5.000 F500.000
G0 X177.662 Y272.044 F3000.000
G1 Z1.000 F500.000
G4 P100
G1 X178.175 Y272.833 F1000.000
G1 X178.358 Y273.602
G1 X178.254 Y273.856
G1 X178.069 Y273.602
G1 X177.662 Y272.044
G0 Z5.000 F500.000
G0 X178.950 Y272.158 F3000.000
G1 Z1.000 F500.000
G4 P100
G1 X179.421 Y272.298 F1000.000
G1 X179.707 Y272.243
G1 X179.931 Y272.079
G1 X180.158 Y271.540
G1 X180.683 Y271.631
G1 X180.767 Y271.577
G1 X180.766 Y271.280
G1 X180.675 Y271.202
G1 X180.125 Y271.102
G1 X180.007 Y270.787
G1 X179.812 Y270.542
G1 X179.564 Y270.384
G1 X179.283 Y270.331
G1 X178.856 Y270.452
G1 X178.587 Y270.773
G1 X178.496 Y271.206
G1 X178.617 Y271.771
G1 X178.950 Y272.158
G0 Z5.000 F500.000
G0 X179.127 Y271.696 F3000.000
G1 Z1.000 F500.000
G4 P100
G1 X179.017 Y271.244 F1000.000
G1 X179.106 Y270.894
G1 X179.317 Y270.773
G1 X179.548 Y270.881
G1 X179.679 Y271.194
G1 X179.481 Y271.423
G1 X179.425 Y271.856
G1 X179.127 Y271.696
G0 Z5.000 F500.000
G0 X180.484 Y271.559 F3000.000
G1 Z1.000 F500.000
G4 P100
G1 X180.600 Y272.060 F1000.000
G1 X180.723 Y272.238
G1 X180.962 Y272.294
G1 X181.112 Y272.194
G1 X180.942 Y271.294
G1 X181.250 Y271.877
G1 X181.585 Y272.198
G1 X181.887 Y272.294
G1 X182.091 Y272.226
G1 X182.158 Y272.023
G1 X182.114 Y271.443
G1 X182.192 Y271.406
G1 X182.604 Y271.644
G1 X182.721 Y271.469
G1 X182.637 Y271.227
G1 X182.365 Y271.021
G1 X182.033 Y270.935
G1 X181.698 Y271.048
G1 X181.558 Y271.656
G1 X181.394 Y271.517
G1 X181.192 Y271.148
G1 X180.923 Y270.400
G1 X180.733 Y270.331
G1 X180.510 Y270.498
G1 X180.446 Y271.031
G1 X180.484 Y271.559
G0 Z5.000 F500.000
G0 X182.271 Y271.219 F3000.000
G1 Z1.000 F500.000
G4 P100
G1 X182.392 Y271.754 F1000.000
G1 X182.727 Y272.148
G1 X183.212 Y272.294
G1 X183.430 Y272.258
G1 X183.709 Y271.981
G1 X183.694 Y271.493
G1 X183.540 Y271.267
G1 X183.262 Y271.082
G1 X182.842 Y270.940
G1 X182.993 Y270.796
G1 X183.237 Y270.748
G1 X183.665 Y270.879
G1 X184.192 Y271.281
G1 X184.308 Y271.094
G1 X184.229 Y270.835
G1 X183.794 Y270.490
G1 X183.192 Y270.331
G1 X182.803 Y270.391
G1 X182.512 Y270.569
G1 X182.331 Y270.850
G1 X182.271 Y271.219
G0 Z5.000 F500.000
G0 X182.775 Y271.273 F3000.000
G1 Z1.000 F500.000
G4 P100
G1 X183.162 Y271.440 F1000.000
G1 X183.304 Y271.710
G1 X183.260 Y271.837
G1 X182.999 Y271.841
G1 X182.881 Y271.706
G1 X182.775 Y271.273
G0 Z5.000 F500.000
G0 X184.879 Y272.090 F3000.000
G1 Z1.000 F500.000
G4 P100
G1 X184.926 Y272.265 F1000.000
G1 X185.304 Y272.323
G1 X185.521 Y273.160
G1 X185.873 Y273.765
G1 X186.087 Y273.933
G1 X186.473 Y273.951
G1 X186.592 Y273.835
G1 X186.692 Y273.448
G1 X186.556 Y272.844
G1 X186.150 Y272.323
G1 X186.617 Y272.323
G1 X186.712 Y272.294
G1 X186.742 Y272.185
G1 X186.624 Y271.970
G1 X185.762 Y271.898
G1 X185.754 Y271.573
G1 X185.856 Y270.965
G1 X185.988 Y270.833
G1 X186.179 Y270.790
G1 X186.496 Y270.898
G1 X186.933 Y271.281
G1 X187.050 Y271.094
G1 X186.971 Y270.835
G1 X186.579 Y270.473
G1 X186.092 Y270.331
G1 X185.720 Y270.406
G1 X185.454 Y270.630
G1 X185.295 Y271.004
G1 X185.254 Y271.898
G1 X184.923 Y271.944
G1 X184.879 Y272.090
G0 Z5.000 F500.000
G0 X185.804 Y272.385 F3000.000
G1 Z1.000 F500.000
G4 P100
G1 X186.173 Y272.863 F1000.000
G1 X186.296 Y273.344
G1 X186.204 Y273.590
G1 X186.065 Y273.433
G1 X185.919 Y273.000
G1 X185.804 Y272.385
G0 Z5.000 F500.000
G0 X186.873 Y272.627 F3000.000
G1 Z1.000 F500.000
G4 P100
G1 X187.260 Y273.796 F1000.000
G1 X187.542 Y274.151
G1 X187.875 Y274.269
G1 X188.048 Y274.228
G1 X188.185 Y274.104
G1 X188.304 Y273.677
G1 X188.243 Y273.248
G1 X188.058 Y272.804
G1 X187.258 Y271.748
G1 X187.246 Y271.302
G1 X187.552 Y271.879
G1 X187.885 Y272.198
G1 X188.187 Y272.294
G1 X188.391 Y272.226
G1 X188.458 Y272.023
G1 X188.318 Y270.831
G1 X188.408 Y270.790
G1 X188.606 Y270.892
G1 X189.025 Y271.281
G1 X189.142 Y271.094
G1 X189.062 Y270.835
G1 X188.669 Y270.473
G1 X188.208 Y270.331
G1 X187.887 Y270.454
G1 X187.779 Y270.810
G1 X187.892 Y271.590
G1 X187.846 Y271.656
G1 X187.492 Y271.148
G1 X187.192 Y270.415
G1 X186.937 Y270.331
G1 X186.773 Y270.421
G1 X186.742 Y271.290
G1 X186.873 Y272.627
G0 Z5.000 F500.000
G0 X187.304 Y272.269 F3000.000
G1 Z1.000 F500.000
G4 P100
G1 X187.731 Y272.931 F1000.000
G1 X187.900 Y273.581
G1 X187.871 Y273.785
G1 X187.787 Y273.856
G1 X187.621 Y273.642
G1 X187.444 Y273.062
G1 X187.304 Y272.269
G0 Z5.000 F500.000
G0 X188.862 Y271.754 F3000.000
G1 Z1.000 F500.000
G4 P100
G1 X189.198 Y272.148 F1000.000
G1 X189.683 Y272.294
G1 X189.901 Y272.258
G1 X190.180 Y271.981
G1 X190.165 Y271.493
G1 X190.010 Y271.267
G1 X189.733 Y271.082
G1 X189.312 Y270.940
G1 X189.464 Y270.796
G1 X189.708 Y270.748
G1 X190.135 Y270.879
G1 X190.662 Y271.281
G1 X190.779 Y271.094
G1 X190.700 Y270.835
G1 X190.265 Y270.490
G1 X189.973 Y270.371
G1 X189.274 Y270.391
G1 X188.983 Y270.569
G1 X188.802 Y270.850
G1 X188.742 Y271.219
G1 X188.862 Y271.754
G0 Z5.000 F500.000
G0 X189.246 Y271.273 F3000.000
G1 Z1.000 F500.000
G4 P100
G1 X189.633 Y271.440 F1000.000
G1 X189.775 Y271.710
G1 X189.731 Y271.837
G1 X189.470 Y271.841
G1 X189.352 Y271.706
G1 X189.246 Y271.273
G0 Z5.000 F500.000
G0 X191.590 Y271.512 F3000.000
G1 Z1.000 F500.000
G4 P100
G1 X191.812 Y272.244 F1000.000
G1 X192.172 Y272.258
G1 X192.225 Y272.152
G1 X192.046 Y271.048
G1 X192.079 Y270.856
G1 X192.192 Y270.790
G1 X192.379 Y270.894
G1 X192.792 Y271.281
G1 X192.908 Y271.094
G1 X192.829 Y270.835
G1 X192.430 Y270.457
G1 X192.058 Y270.331
G1 X191.824 Y270.379
G1 X191.665 Y270.523
G1 X191.542 Y271.031
G1 X191.590 Y271.512
G0 Z5.000 F500.000
G0 X192.092 Y272.569 F3000.000
G1 Z1.000 F500.000
G4 P100
G1 X191.829 Y272.650 F1000.000
G1 X191.742 Y272.877
G1 X191.856 Y273.121
G1 X192.142 Y273.219
G1 X192.392 Y273.144
G1 X192.487 Y272.931
G1 X192.379 Y272.667
G1 X192.092 Y272.569
G0 Z5.000 F500.000
G0 X192.856 Y272.238 F3000.000
G1 Z1.000 F500.000
G4 P100
G1 X193.096 Y272.294 F1000.000
G1 X193.246 Y272.194
G1 X193.075 Y271.298
G1 X193.344 Y271.848
G1 X193.665 Y272.183
G1 X193.975 Y272.294
G1 X194.181 Y272.227
G1 X194.242 Y272.023
G1 X194.117 Y271.315
G1 X194.579 Y272.060
G1 X195.054 Y272.294
G1 X195.257 Y272.226
G1 X195.325 Y272.023
G1 X195.184 Y270.831
G1 X195.275 Y270.790
G1 X195.473 Y270.892
G1 X195.892 Y271.281
G1 X196.008 Y271.094
G1 X195.929 Y270.835
G1 X195.544 Y270.473
G1 X195.075 Y270.331
G1 X194.754 Y270.454
G1 X194.646 Y270.810
G1 X194.758 Y271.590
G1 X194.712 Y271.656
G1 X194.358 Y271.148
G1 X194.090 Y270.398
G1 X193.896 Y270.331
G1 X193.690 Y270.462
G1 X193.621 Y270.781
G1 X193.650 Y271.656
G1 X193.492 Y271.506
G1 X193.306 Y271.123
G1 X193.056 Y270.400
G1 X192.867 Y270.331
G1 X192.732 Y270.373
G1 X192.644 Y270.498
G1 X192.579 Y271.031
G1 X192.618 Y271.559
G1 X192.733 Y272.060
G1 X192.856 Y272.238
G0 Z5.000 F500.000
G0 X195.771 Y271.642 F3000.000
G1 Z1.000 F500.000
G4 P100
G1 X196.181 Y272.121 F1000.000
G1 X196.445 Y272.257
G1 X196.725 Y272.302
G1 X196.848 Y272.267
G1 X196.900 Y272.140
G1 X197.236 Y272.120
G1 X197.287 Y272.010
G1 X197.160 Y270.827
G1 X197.242 Y270.790
G1 X197.433 Y270.892
G1 X197.850 Y271.281
G1 X197.967 Y271.094
G1 X197.887 Y270.835
G1 X197.525 Y270.477
G1 X197.154 Y270.331
G1 X196.902 Y270.425
G1 X196.729 Y270.681
G1 X196.484 Y270.419
G1 X196.183 Y270.331
G1 X195.951 Y270.378
G1 X195.655 Y270.735
G1 X195.617 Y271.010
G1 X195.771 Y271.642
G0 Z5.000 F500.000
G0 X196.137 Y271.006 F3000.000
G1 Z1.000 F500.000
G4 P100
G1 X196.190 Y270.815 F1000.000
G1 X196.333 Y270.752
G1 X196.508 Y270.860
G1 X196.783 Y271.915
G1 X196.460 Y271.783
G1 X196.225 Y271.448
G1 X196.137 Y271.006
G0 Z5.000 F500.000
G0 X197.575 Y271.010 F3000.000
G1 Z1.000 F500.000
G4 P100
G1 X197.729 Y271.642 F1000.000
G1 X198.140 Y272.121
G1 X198.683 Y272.302
G1 X198.806 Y272.267
G1 X198.858 Y272.140
G1 X199.190 Y272.125
G1 X199.233 Y272.002
G1 X199.050 Y270.798
G1 X199.667 Y271.240
G1 X199.848 Y271.221
G1 X199.879 Y271.090
G1 X199.758 Y270.844
G1 X198.967 Y270.306
G1 X198.784 Y269.536
G1 X198.552 Y268.950
G1 X198.261 Y268.580
G1 X197.900 Y268.456
G1 X197.554 Y268.587
G1 X197.421 Y268.931
G1 X197.479 Y269.238
G1 X197.654 Y269.567
G1 X197.990 Y269.945
G1 X198.529 Y270.402
G1 X198.554 Y270.565
G1 X198.369 Y270.392
G1 X198.142 Y270.331
G1 X197.909 Y270.378
G1 X197.614 Y270.735
G1 X197.575 Y271.010
G0 Z5.000 F500.000
G0 X198.148 Y270.815 F3000.000
G1 Z1.000 F500.000
G4 P100
G1 X198.292 Y270.752 F1000.000
G1 X198.475 Y270.869
G1 X198.733 Y271.915
G1 X198.417 Y271.783
G1 X198.183 Y271.448
G1 X198.096 Y271.006
G1 X198.148 Y270.815
G0 Z5.000 F500.000
G0 X198.433 Y269.906 F3000.000
G1 Z1.000 F500.000
G4 P100
G1 X197.971 Y269.410 F1000.000
G1 X197.829 Y269.023
G1 X197.856 Y268.906
G1 X197.946 Y268.860
G1 X198.181 Y269.110
G1 X198.433 Y269.906
G0 Z5.000 F500.000
G0 X199.804 Y270.569 F3000.000
G1 Z1.000 F500.000
G4 P100
G1 X199.623 Y270.850 F1000.000
G1 X199.562 Y271.219
G1 X199.683 Y271.754
G1 X200.019 Y272.148
G1 X200.504 Y272.294
G1 X200.722 Y272.258
G1 X201.001 Y271.981
G1 X200.986 Y271.493
G1 X200.831 Y271.267
G1 X200.554 Y271.082
G1 X200.133 Y270.940
G1 X200.284 Y270.796
G1 X200.529 Y270.748
G1 X200.956 Y270.879
G1 X201.483 Y271.281
G1 X201.600 Y271.094
G1 X201.521 Y270.835
G1 X201.085 Y270.490
G1 X200.794 Y270.371
G1 X200.095 Y270.391
G1 X199.804 Y270.569
G0 Z5.000 F500.000
G0 X200.067 Y271.273 F3000.000
G1 Z1.000 F500.000
G4 P100
G1 X200.454 Y271.440 F1000.000
G1 X200.596 Y271.710
G1 X200.552 Y271.837
G1 X200.291 Y271.841
G1 X200.173 Y271.706
G1 X200.067 Y271.273
G0 Z5.000 F500.000
G0 X201.535 Y270.994 F3000.000
G1 Z1.000 F500.000
G4 P100
G1 X201.833 Y271.106 F1000.000
G1 X202.110 Y271.017
G1 X202.204 Y270.752
G1 X202.096 Y270.446
G1 X201.800 Y270.331
G1 X201.523 Y270.431
G1 X201.429 Y270.694
G1 X201.535 Y270.994
G0 Z5.000 F500.000
G0 X19.221 Y259.448 F3000.000
G1 Z1.000 F500.000
G4 P100
G1 X19.142 Y259.190 F1000.000
G1 X18.712 Y258.806
G1 X18.267 Y258.685
G1 X17.951 Y258.738
G1 X17.712 Y258.896
G1 X17.562 Y259.142
G1 X17.512 Y259.460
G1 X17.854 Y261.419
G1 X17.779 Y261.631
G1 X17.567 Y261.710
G1 X17.317 Y261.644
G1 X17.067 Y261.444
G1 X16.826 Y261.095
G1 X16.415 Y259.907
G1 X16.185 Y258.769
G1 X15.967 Y258.685
G1 X15.746 Y258.754
G1 X15.679 Y259.015
G1 X15.963 Y261.035
G1 X15.970 Y261.676
G1 X15.867 Y261.723
G1 X15.606 Y261.613
G1 X15.142 Y261.181
G1 X15.040 Y261.238
G1 X15.021 Y261.500
G1 X15.567 Y262.087
G1 X16.092 Y262.240
G1 X16.292 Y262.204
G1 X16.435 Y262.098
G1 X16.550 Y261.685
G1 X16.483 Y260.985
G1 X16.720 Y261.528
G1 X17.012 Y261.921
G1 X17.361 Y262.160
G1 X17.767 Y262.240
G1 X18.066 Y262.191
G1 X18.281 Y262.046
G1 X18.411 Y261.819
G1 X18.454 Y261.527
G1 X18.146 Y259.890
G1 X18.104 Y259.531
G1 X18.185 Y259.269
G1 X18.413 Y259.181
G1 X18.681 Y259.273
G1 X19.104 Y259.635
G1 X19.221 Y259.448
G0 Z5.000 F500.000
G0 X19.350 Y259.360 F3000.000
G1 Z1.000 F500.000
G4 P100
G1 X19.402 Y259.169 F1000.000
G1 X19.546 Y259.106
G1 X19.721 Y259.215
G1 X19.996 Y260.269
G1 X19.673 Y260.137
G1 X19.438 Y259.802
G1 X19.350 Y259.360
G0 Z5.000 F500.000
G0 X18.983 Y259.996 F3000.000
G1 Z1.000 F500.000
G4 P100
G1 X19.394 Y260.475 F1000.000
G1 X19.658 Y260.611
G1 X19.938 Y260.656
G1 X20.060 Y260.621
G1 X20.113 Y260.494
G1 X20.449 Y260.474
G1 X20.500 Y260.365
G1 X20.373 Y259.181
G1 X20.454 Y259.144
G1 X20.646 Y259.246
G1 X21.062 Y259.635
G1 X21.179 Y259.448
G1 X21.100 Y259.190
G1 X20.738 Y258.831
G1 X20.367 Y258.685
G1 X20.115 Y258.779
G1 X19.942 Y259.035
G1 X19.697 Y258.773
G1 X19.396 Y258.685
G1 X19.164 Y258.732
G1 X18.868 Y259.090
G1 X18.829 Y259.365
G1 X18.983 Y259.996
G0 Z5.000 F500.000
G0 X20.690 Y260.298 F3000.000
G1 Z1.000 F500.000
G4 P100
G1 X20.693 Y260.619 F1000.000
G1 X21.071 Y260.677
G1 X21.288 Y261.515
G1 X21.640 Y262.119
G1 X21.854 Y262.288
G1 X22.240 Y262.305
G1 X22.358 Y262.190
G1 X22.458 Y261.802
G1 X22.323 Y261.198
G1 X21.917 Y260.677
G1 X22.383 Y260.677
G1 X22.479 Y260.648
G1 X22.508 Y260.540
G1 X22.391 Y260.324
G1 X21.529 Y260.252
G1 X21.521 Y259.927
G1 X21.623 Y259.319
G1 X21.755 Y259.188
G1 X21.946 Y259.144
G1 X22.262 Y259.252
G1 X22.700 Y259.635
G1 X22.817 Y259.448
G1 X22.738 Y259.190
G1 X22.346 Y258.827
G1 X21.858 Y258.685
G1 X21.486 Y258.760
G1 X21.221 Y258.984
G1 X21.061 Y259.358
G1 X21.021 Y260.252
G1 X20.690 Y260.298
G0 Z5.000 F500.000
G0 X21.571 Y260.740 F3000.000
G1 Z1.000 F500.000
G4 P100
G1 X21.940 Y261.217 F1000.000
G1 X22.062 Y261.698
G1 X21.971 Y261.944
G1 X21.831 Y261.788
G1 X21.685 Y261.354
G1 X21.571 Y260.740
G0 Z5.000 F500.000
G0 X22.775 Y260.594 F3000.000
G1 Z1.000 F500.000
G4 P100
G1 X23.013 Y260.648 F1000.000
G1 X23.140 Y260.619
G1 X23.175 Y260.531
G1 X23.000 Y259.321
G1 X23.067 Y259.285
G1 X23.223 Y259.410
G1 X23.731 Y260.594
G1 X23.938 Y260.648
G1 X24.071 Y260.625
G1 X24.108 Y260.540
G1 X23.921 Y259.188
G1 X24.008 Y259.144
G1 X24.206 Y259.246
G1 X24.625 Y259.635
G1 X24.742 Y259.448
G1 X24.663 Y259.190
G1 X24.277 Y258.827
G1 X23.808 Y258.685
G1 X23.515 Y258.840
G1 X23.421 Y259.273
G1 X23.208 Y258.837
G1 X22.904 Y258.685
G1 X22.734 Y258.729
G1 X22.598 Y258.858
G1 X22.479 Y259.290
G1 X22.521 Y259.863
G1 X22.658 Y260.415
G1 X22.775 Y260.594
G0 Z5.000 F500.000
G0 X24.451 Y259.914 F3000.000
G1 Z1.000 F500.000
G4 P100
G1 X24.567 Y260.415 F1000.000
G1 X24.690 Y260.592
G1 X24.929 Y260.648
G1 X25.079 Y260.548
G1 X24.908 Y259.648
G1 X25.217 Y260.231
G1 X25.552 Y260.552
G1 X25.854 Y260.648
G1 X26.057 Y260.580
G1 X26.125 Y260.377
G1 X26.080 Y259.797
G1 X26.158 Y259.760
G1 X26.571 Y259.998
G1 X26.688 Y259.823
G1 X26.604 Y259.581
G1 X26.331 Y259.375
G1 X26.000 Y259.290
G1 X25.665 Y259.402
G1 X25.525 Y260.010
G1 X25.360 Y259.871
G1 X25.158 Y259.502
G1 X24.890 Y258.754
G1 X24.700 Y258.685
G1 X24.477 Y258.852
G1 X24.413 Y259.385
G1 X24.451 Y259.914
G0 Z5.000 F500.000
G0 X26.246 Y259.365 F3000.000
G1 Z1.000 F500.000
G4 P100
G1 X26.400 Y259.996 F1000.000
G1 X26.810 Y260.475
G1 X27.354 Y260.656
G1 X27.477 Y260.621
G1 X27.529 Y260.494
G1 X27.866 Y260.474
G1 X27.917 Y260.365
G1 X27.790 Y259.181
G1 X27.871 Y259.144
G1 X28.062 Y259.246
G1 X28.479 Y259.635
G1 X28.596 Y259.448
G1 X28.517 Y259.190
G1 X28.154 Y258.831
G1 X27.783 Y258.685
G1 X27.531 Y258.779
G1 X27.358 Y259.035
G1 X27.114 Y258.773
G1 X26.812 Y258.685
G1 X26.580 Y258.732
G1 X26.284 Y259.090
G1 X26.246 Y259.365
G0 Z5.000 F500.000
G0 X26.819 Y259.169 F3000.000
G1 Z1.000 F500.000
G4 P100
G1 X26.963 Y259.106 F1000.000
G1 X27.138 Y259.215
G1 X27.413 Y260.269
G1 X27.090 Y260.137
G1 X26.854 Y259.802
G1 X26.767 Y259.360
G1 X26.819 Y259.169
G0 Z5.000 F500.000
G0 X28.332 Y259.401 F3000.000
G1 Z1.000 F500.000
G4 P100
G1 X28.288 Y259.881 F1000.000
G1 X28.419 Y261.040
G1 X28.581 Y261.644
G1 X28.806 Y262.156
G1 X29.087 Y262.506
G1 X29.417 Y262.623
G1 X29.595 Y262.577
G1 X29.731 Y262.438
G1 X29.846 Y261.906
G1 X29.777 Y261.371
G1 X29.247 Y260.105
G1 X28.825 Y259.460
G1 X28.921 Y259.217
G1 X29.096 Y259.144
G1 X29.396 Y259.242
G1 X29.837 Y259.635
G1 X29.954 Y259.448
G1 X29.875 Y259.190
G1 X29.485 Y258.827
G1 X29.008 Y258.685
G1 X28.689 Y258.769
G1 X28.465 Y259.019
G1 X28.332 Y259.401
G0 Z5.000 F500.000
G0 X28.796 Y260.023 F3000.000
G1 Z1.000 F500.000
G4 P100
G1 X29.267 Y261.000 F1000.000
G1 X29.442 Y261.894
G1 X29.413 Y262.131
G1 X29.325 Y262.210
G1 X29.108 Y261.865
G1 X28.896 Y261.006
G1 X28.796 Y260.023
G0 Z5.000 F500.000
G0 X30.572 Y260.619 F3000.000
G1 Z1.000 F500.000
G4 P100
G1 X30.950 Y260.677 F1000.000
G1 X31.167 Y261.515
G1 X31.519 Y262.119
G1 X31.733 Y262.288
G1 X32.119 Y262.305
G1 X32.238 Y262.190
G1 X32.338 Y261.802
G1 X32.202 Y261.198
G1 X31.796 Y260.677
G1 X32.263 Y260.677
G1 X32.358 Y260.648
G1 X32.388 Y260.540
G1 X32.270 Y260.324
G1 X31.408 Y260.252
G1 X31.400 Y259.927
G1 X31.502 Y259.319
G1 X31.634 Y259.188
G1 X31.825 Y259.144
G1 X32.142 Y259.252
G1 X32.579 Y259.635
G1 X32.696 Y259.448
G1 X32.617 Y259.190
G1 X32.225 Y258.827
G1 X31.738 Y258.685
G1 X31.366 Y258.760
G1 X31.100 Y258.984
G1 X30.941 Y259.358
G1 X30.900 Y260.252
G1 X30.569 Y260.298
G1 X30.572 Y260.619
G0 Z5.000 F500.000
G0 X31.450 Y260.740 F3000.000
G1 Z1.000 F500.000
G4 P100
G1 X31.819 Y261.217 F1000.000
G1 X31.942 Y261.698
G1 X31.850 Y261.944
G1 X31.710 Y261.788
G1 X31.565 Y261.354
G1 X31.450 Y260.740
G0 Z5.000 F500.000
G0 X32.752 Y260.502 F3000.000
G1 Z1.000 F500.000
G4 P100
G1 X33.237 Y260.648 F1000.000
G1 X33.455 Y260.612
G1 X33.734 Y260.335
G1 X33.719 Y259.847
G1 X33.565 Y259.621
G1 X33.287 Y259.436
G1 X32.867 Y259.294
G1 X33.018 Y259.150
G1 X33.263 Y259.102
G1 X33.690 Y259.233
G1 X34.217 Y259.635
G1 X34.333 Y259.448
G1 X34.254 Y259.190
G1 X33.819 Y258.844
G1 X33.528 Y258.725
G1 X32.828 Y258.745
G1 X32.538 Y258.923
G1 X32.356 Y259.204
G1 X32.296 Y259.573
G1 X32.417 Y260.108
G1 X32.752 Y260.502
G0 Z5.000 F500.000
G0 X32.906 Y260.060 F3000.000
G1 Z1.000 F500.000
G4 P100
G1 X32.800 Y259.627 F1000.000
G1 X33.188 Y259.794
G1 X33.329 Y260.065
G1 X33.285 Y260.192
G1 X33.167 Y260.240
G1 X32.906 Y260.060
G0 Z5.000 F500.000
G0 X34.142 Y260.210 F3000.000
G1 Z1.000 F500.000
G4 P100
G1 X34.271 Y260.544 F1000.000
G1 X34.604 Y260.665
G1 X34.921 Y260.579
G1 X35.138 Y260.331
G1 X35.419 Y260.581
G1 X35.725 Y260.665
G1 X35.973 Y260.590
G1 X36.058 Y260.348
G1 X35.987 Y260.054
G1 X35.817 Y259.948
G1 X35.692 Y259.985
G1 X35.558 Y260.194
G1 X35.452 Y260.100
G1 X35.317 Y259.531
G1 X35.410 Y259.229
G1 X35.667 Y259.123
G1 X35.973 Y259.233
G1 X36.421 Y259.635
G1 X36.538 Y259.448
G1 X36.458 Y259.190
G1 X36.056 Y258.829
G1 X35.562 Y258.685
G1 X35.185 Y258.765
G1 X34.925 Y258.990
G1 X34.666 Y258.765
G1 X34.362 Y258.690
G1 X34.000 Y258.823
G1 X33.867 Y259.177
G1 X33.963 Y259.515
G1 X34.233 Y259.644
G1 X34.346 Y259.616
G1 X34.362 Y259.256
G1 X34.471 Y259.131
G1 X34.623 Y259.225
G1 X34.744 Y259.481
G1 X34.792 Y259.840
G1 X34.754 Y260.092
G1 X34.663 Y260.194
G1 X34.487 Y259.988
G1 X34.342 Y259.948
G1 X34.196 Y260.012
G1 X34.142 Y260.210
G0 Z5.000 F500.000
G0 X36.004 Y260.444 F3000.000
G1 Z1.000 F500.000
G4 P100
G1 X36.051 Y260.619 F1000.000
G1 X36.429 Y260.677
G1 X36.646 Y261.515
G1 X36.998 Y262.119
G1 X37.212 Y262.288
G1 X37.598 Y262.305
G1 X37.717 Y262.190
G1 X37.817 Y261.802
G1 X37.681 Y261.198
G1 X37.275 Y260.677
G1 X37.742 Y260.677
G1 X37.837 Y260.648
G1 X37.867 Y260.540
G1 X37.749 Y260.324
G1 X36.888 Y260.252
G1 X36.879 Y259.927
G1 X36.981 Y259.319
G1 X37.113 Y259.188
G1 X37.304 Y259.144
G1 X37.621 Y259.252
G1 X38.058 Y259.635
G1 X38.175 Y259.448
G1 X38.096 Y259.190
G1 X37.704 Y258.827
G1 X37.217 Y258.685
G1 X36.845 Y258.760
G1 X36.579 Y258.984
G1 X36.420 Y259.358
G1 X36.379 Y260.252
G1 X36.048 Y260.298
G1 X36.004 Y260.444
G0 Z5.000 F500.000
G0 X36.929 Y260.740 F3000.000
G1 Z1.000 F500.000
G4 P100
G1 X37.298 Y261.217 F1000.000
G1 X37.421 Y261.698
G1 X37.329 Y261.944
G1 X37.190 Y261.788
G1 X37.044 Y261.354
G1 X36.929 Y260.740
G0 Z5.000 F500.000
G0 X39.131 Y260.721 F3000.000
G1 Z1.000 F500.000
G4 P100
G1 X39.336 Y261.473 F1000.000
G1 X39.606 Y262.083
G1 X39.923 Y262.488
G1 X40.271 Y262.623
G1 X40.445 Y262.579
G1 X40.577 Y262.448
G1 X40.688 Y261.977
G1 X40.614 Y261.477
G1 X40.395 Y260.954
G1 X40.029 Y260.410
G1 X39.517 Y259.844
G1 X39.504 Y258.246
G1 X39.600 Y257.794
G1 X39.694 Y257.902
G1 X39.725 Y258.227
G1 X39.598 Y259.635
G1 X39.800 Y259.844
G1 X40.604 Y259.873
G1 X40.721 Y259.698
G1 X40.592 Y259.451
G1 X40.204 Y259.369
G1 X39.917 Y259.406
G1 X40.042 Y258.315
G1 X40.005 Y257.918
G1 X39.896 Y257.627
G1 X39.727 Y257.449
G1 X39.513 Y257.390
G1 X39.256 Y257.496
G1 X39.085 Y257.815
G1 X38.990 Y258.348
G1 X39.002 Y259.904
G1 X39.131 Y260.721
G0 Z5.000 F500.000
G0 X39.592 Y260.398 F3000.000
G1 Z1.000 F500.000
G4 P100
G1 X40.104 Y261.188 F1000.000
G1 X40.288 Y261.956
G1 X40.183 Y262.210
G1 X39.998 Y261.956
G1 X39.592 Y260.398
G0 Z5.000 F500.000
G0 X40.648 Y261.040 F3000.000
G1 Z1.000 F500.000
G4 P100
G1 X41.035 Y262.156 F1000.000
G1 X41.316 Y262.506
G1 X41.646 Y262.623
G1 X41.824 Y262.577
G1 X41.960 Y262.438
G1 X42.075 Y261.906
G1 X42.006 Y261.371
G1 X41.476 Y260.105
G1 X41.054 Y259.460
G1 X41.150 Y259.217
G1 X41.325 Y259.144
G1 X41.625 Y259.242
G1 X41.954 Y259.577
G1 X42.067 Y259.635
G1 X42.152 Y259.585
G1 X42.104 Y259.190
G1 X41.715 Y258.827
G1 X41.238 Y258.685
G1 X40.918 Y258.769
G1 X40.694 Y259.019
G1 X40.561 Y259.401
G1 X40.517 Y259.881
G1 X40.648 Y261.040
G0 Z5.000 F500.000
G0 X41.025 Y260.023 F3000.000
G1 Z1.000 F500.000
G4 P100
G1 X41.496 Y261.000 F1000.000
G1 X41.671 Y261.894
G1 X41.642 Y262.131
G1 X41.554 Y262.210
G1 X41.337 Y261.865
G1 X41.125 Y261.006
G1 X41.025 Y260.023
G0 Z5.000 F500.000
G0 X41.904 Y260.125 F3000.000
G1 Z1.000 F500.000
G4 P100
G1 X42.238 Y260.512 F1000.000
G1 X42.708 Y260.652
G1 X42.994 Y260.597
G1 X43.219 Y260.433
G1 X43.446 Y259.894
G1 X43.971 Y259.985
G1 X44.054 Y259.931
G1 X44.053 Y259.634
G1 X43.963 Y259.556
G1 X43.413 Y259.456
G1 X43.295 Y259.141
G1 X43.100 Y258.896
G1 X42.851 Y258.738
G1 X42.571 Y258.685
G1 X42.144 Y258.806
G1 X41.875 Y259.127
G1 X41.783 Y259.560
G1 X41.904 Y260.125
G0 Z5.000 F500.000
G0 X42.304 Y259.598 F3000.000
G1 Z1.000 F500.000
G4 P100
G1 X42.394 Y259.248 F1000.000
G1 X42.604 Y259.127
G1 X42.835 Y259.235
G1 X42.967 Y259.548
G1 X42.769 Y259.777
G1 X42.713 Y260.210
G1 X42.415 Y260.050
G1 X42.304 Y259.598
G0 Z5.000 F500.000
G0 X43.733 Y260.260 F3000.000
G1 Z1.000 F500.000
G4 P100
G1 X43.808 Y260.598 F1000.000
G1 X44.021 Y260.652
G1 X44.181 Y260.604
G1 X44.292 Y259.198
G1 X44.813 Y260.440
G1 X44.923 Y260.608
G1 X45.079 Y260.652
G1 X45.235 Y260.606
G1 X45.279 Y260.444
G1 X45.338 Y259.198
G1 X45.713 Y259.790
G1 X45.650 Y260.077
G1 X45.713 Y260.352
G1 X45.883 Y260.569
G1 X46.129 Y260.652
G1 X46.325 Y260.567
G1 X46.400 Y260.319
G1 X46.300 Y259.890
G1 X46.875 Y259.977
G1 X47.004 Y259.823
G1 X46.954 Y259.621
G1 X46.804 Y259.515
G1 X46.396 Y259.452
G1 X46.050 Y259.502
G1 X45.498 Y258.773
G1 X45.229 Y258.685
G1 X44.977 Y258.815
G1 X44.850 Y259.544
G1 X44.619 Y259.010
G1 X44.415 Y258.756
G1 X44.175 Y258.685
G1 X43.906 Y258.819
G1 X43.783 Y259.240
G1 X43.733 Y260.260
G0 Z5.000 F500.000
G0 X47.823 Y259.399 F3000.000
G1 Z1.000 F500.000
G4 P100
G1 X47.775 Y259.935 F1000.000
G1 X47.908 Y261.104
G1 X48.072 Y261.689
G1 X48.298 Y262.179
G1 X48.579 Y262.512
G1 X48.908 Y262.623
G1 X49.081 Y262.582
G1 X49.217 Y262.458
G1 X49.333 Y262.031
G1 X49.204 Y261.352
G1 X48.775 Y260.644
G1 X49.028 Y260.576
G1 X49.229 Y260.413
G1 X49.438 Y259.894
G1 X49.962 Y259.985
G1 X50.046 Y259.931
G1 X50.046 Y259.633
G1 X49.404 Y259.456
G1 X49.090 Y258.898
G1 X48.846 Y258.739
G1 X48.579 Y258.685
G1 X48.216 Y258.766
G1 X47.967 Y259.006
G1 X47.823 Y259.399
G0 Z5.000 F500.000
G0 X48.385 Y259.252 F3000.000
G1 Z1.000 F500.000
G4 P100
G1 X48.596 Y259.127 F1000.000
G1 X48.825 Y259.235
G1 X48.958 Y259.548
G1 X48.760 Y259.777
G1 X48.708 Y260.235
G1 X48.410 Y260.067
G1 X48.296 Y259.615
G1 X48.385 Y259.252
G0 Z5.000 F500.000
G0 X48.325 Y260.360 F3000.000
G1 Z1.000 F500.000
G4 P100
G1 X48.765 Y261.250 F1000.000
G1 X48.929 Y261.935
G1 X48.898 Y262.140
G1 X48.812 Y262.210
G1 X48.631 Y261.962
G1 X48.450 Y261.290
G1 X48.325 Y260.360
G0 Z5.000 F500.000
G0 X49.775 Y260.108 F3000.000
G1 Z1.000 F500.000
G4 P100
G1 X50.110 Y260.502 F1000.000
G1 X50.596 Y260.648
G1 X50.814 Y260.612
G1 X51.093 Y260.335
G1 X51.078 Y259.847
G1 X50.923 Y259.621
G1 X50.645 Y259.436
G1 X50.225 Y259.294
G1 X50.376 Y259.150
G1 X50.621 Y259.102
G1 X51.048 Y259.233
G1 X51.575 Y259.635
G1 X51.692 Y259.448
G1 X51.612 Y259.190
G1 X51.177 Y258.844
G1 X50.886 Y258.725
G1 X50.186 Y258.745
G1 X49.896 Y258.923
G1 X49.715 Y259.204
G1 X49.654 Y259.573
G1 X49.775 Y260.108
G0 Z5.000 F500.000
G0 X50.158 Y259.627 F3000.000
G1 Z1.000 F500.000
G4 P100
G1 X50.546 Y259.794 F1000.000
G1 X50.688 Y260.065
G1 X50.644 Y260.192
G1 X50.383 Y260.195
G1 X50.265 Y260.060
G1 X50.158 Y259.627
G0 Z5.000 F500.000
G0 X51.414 Y259.904 F3000.000
G1 Z1.000 F500.000
G4 P100
G1 X51.749 Y261.473 F1000.000
G1 X52.019 Y262.083
G1 X52.336 Y262.488
G1 X52.683 Y262.623
G1 X52.858 Y262.579
G1 X52.990 Y262.448
G1 X53.100 Y261.977
G1 X53.027 Y261.477
G1 X52.807 Y260.954
G1 X52.441 Y260.410
G1 X51.929 Y259.844
G1 X51.917 Y258.246
G1 X52.013 Y257.794
G1 X52.106 Y257.902
G1 X52.138 Y258.227
G1 X52.010 Y259.635
G1 X52.212 Y259.844
G1 X53.017 Y259.873
G1 X53.133 Y259.698
G1 X53.004 Y259.451
G1 X52.617 Y259.369
G1 X52.329 Y259.406
G1 X52.454 Y258.315
G1 X52.418 Y257.918
G1 X52.308 Y257.627
G1 X52.140 Y257.449
G1 X51.925 Y257.390
G1 X51.668 Y257.496
G1 X51.498 Y257.815
G1 X51.371 Y259.098
G1 X51.414 Y259.904
G0 Z5.000 F500.000
G0 X52.004 Y260.398 F3000.000
G1 Z1.000 F500.000
G4 P100
G1 X52.517 Y261.188 F1000.000
G1 X52.700 Y261.956
G1 X52.596 Y262.210
G1 X52.410 Y261.956
G1 X52.004 Y260.398
G0 Z5.000 F500.000
G0 X53.292 Y260.512 F3000.000
G1 Z1.000 F500.000
G4 P100
G1 X53.763 Y260.652 F1000.000
G1 X54.048 Y260.597
G1 X54.273 Y260.433
G1 X54.500 Y259.894
G1 X55.025 Y259.985
G1 X55.108 Y259.931
G1 X55.107 Y259.634
G1 X55.017 Y259.556
G1 X54.467 Y259.456
G1 X54.349 Y259.141
G1 X54.154 Y258.896
G1 X53.905 Y258.738
G1 X53.625 Y258.685
G1 X53.198 Y258.806
G1 X52.929 Y259.127
G1 X52.838 Y259.560
G1 X52.958 Y260.125
G1 X53.292 Y260.512
G0 Z5.000 F500.000
G0 X53.469 Y260.050 F3000.000
G1 Z1.000 F500.000
G4 P100
G1 X53.358 Y259.598 F1000.000
G1 X53.448 Y259.248
G1 X53.658 Y259.127
G1 X53.890 Y259.235
G1 X54.021 Y259.548
G1 X53.823 Y259.777
G1 X53.767 Y260.210
G1 X53.469 Y260.050
G0 Z5.000 F500.000
G0 X54.826 Y259.914 F3000.000
G1 Z1.000 F500.000
G4 P100
G1 X54.942 Y260.415 F1000.000
G1 X55.065 Y260.592
G1 X55.304 Y260.648
G1 X55.454 Y260.548
G1 X55.283 Y259.648
G1 X55.592 Y260.231
G1 X55.927 Y260.552
G1 X56.229 Y260.648
G1 X56.432 Y260.580
G1 X56.500 Y260.377
G1 X56.455 Y259.797
G1 X56.533 Y259.760
G1 X56.946 Y259.998
G1 X57.063 Y259.823
G1 X56.979 Y259.581
G1 X56.706 Y259.375
G1 X56.375 Y259.290
G1 X56.040 Y259.402
G1 X55.900 Y260.010
G1 X55.735 Y259.871
G1 X55.533 Y259.502
G1 X55.265 Y258.754
G1 X55.075 Y258.685
G1 X54.852 Y258.852
G1 X54.788 Y259.385
G1 X54.826 Y259.914
G0 Z5.000 F500.000
G0 X56.613 Y259.573 F3000.000
G1 Z1.000 F500.000
G4 P100
G1 X56.733 Y260.108 F1000.000
G1 X57.069 Y260.502
G1 X57.554 Y260.648
G1 X57.772 Y260.612
G1 X58.051 Y260.335
G1 X58.036 Y259.847
G1 X57.881 Y259.621
G1 X57.604 Y259.436
G1 X57.183 Y259.294
G1 X57.334 Y259.150
G1 X57.579 Y259.102
G1 X58.006 Y259.233
G1 X58.533 Y259.635
G1 X58.650 Y259.448
G1 X58.571 Y259.190
G1 X58.135 Y258.844
G1 X57.533 Y258.685
G1 X57.145 Y258.745
G1 X56.854 Y258.923
G1 X56.673 Y259.204
G1 X56.613 Y259.573
G0 Z5.000 F500.000
G0 X57.117 Y259.627 F3000.000
G1 Z1.000 F500.000
G4 P100
G1 X57.504 Y259.794 F1000.000
G1 X57.646 Y260.065
G1 X57.602 Y260.192
G1 X57.341 Y260.195
G1 X57.223 Y260.060
G1 X57.117 Y259.627
G0 Z5.000 F500.000
G0 X59.221 Y260.444 F3000.000
G1 Z1.000 F500.000
G4 P100
G1 X59.268 Y260.619 F1000.000
G1 X59.646 Y260.677
G1 X59.863 Y261.515
G1 X60.215 Y262.119
G1 X60.429 Y262.288
G1 X60.815 Y262.305
G1 X60.933 Y262.190
G1 X61.033 Y261.802
G1 X60.898 Y261.198
G1 X60.492 Y260.677
G1 X60.958 Y260.677
G1 X61.054 Y260.648
G1 X61.083 Y260.540
G1 X60.966 Y260.324
G1 X60.104 Y260.252
G1 X60.096 Y259.927
G1 X60.198 Y259.319
G1 X60.330 Y259.188
G1 X60.521 Y259.144
G1 X60.838 Y259.252
G1 X61.275 Y259.635
G1 X61.392 Y259.448
G1 X61.313 Y259.190
G1 X60.921 Y258.827
G1 X60.433 Y258.685
G1 X60.061 Y258.760
G1 X59.796 Y258.984
G1 X59.636 Y259.358
G1 X59.596 Y260.252
G1 X59.265 Y260.298
G1 X59.221 Y260.444
G0 Z5.000 F500.000
G0 X60.146 Y260.740 F3000.000
G1 Z1.000 F500.000
G4 P100
G1 X60.515 Y261.217 F1000.000
G1 X60.638 Y261.698
G1 X60.546 Y261.944
G1 X60.406 Y261.788
G1 X60.260 Y261.354
G1 X60.146 Y260.740
G0 Z5.000 F500.000
G0 X61.215 Y260.981 F3000.000
G1 Z1.000 F500.000
G4 P100
G1 X61.602 Y262.150 F1000.000
G1 X61.884 Y262.505
G1 X62.217 Y262.623
G1 X62.390 Y262.582
G1 X62.527 Y262.458
G1 X62.646 Y262.031
G1 X62.584 Y261.603
G1 X62.400 Y261.158
G1 X61.600 Y260.102
G1 X61.588 Y259.656
G1 X61.894 Y260.233
G1 X62.227 Y260.552
G1 X62.529 Y260.648
G1 X62.732 Y260.580
G1 X62.800 Y260.377
G1 X62.659 Y259.185
G1 X62.750 Y259.144
G1 X62.948 Y259.246
G1 X63.367 Y259.635
G1 X63.483 Y259.448
G1 X63.404 Y259.190
G1 X63.010 Y258.827
G1 X62.550 Y258.685
G1 X62.229 Y258.808
G1 X62.121 Y259.165
G1 X62.233 Y259.944
G1 X62.188 Y260.010
G1 X61.833 Y259.502
G1 X61.533 Y258.769
G1 X61.279 Y258.685
G1 X61.115 Y258.775
G1 X61.083 Y259.644
G1 X61.215 Y260.981
G0 Z5.000 F500.000
G0 X61.646 Y260.623 F3000.000
G1 Z1.000 F500.000
G4 P100
G1 X62.073 Y261.285 F1000.000
G1 X62.242 Y261.935
G1 X62.213 Y262.140
G1 X62.129 Y262.210
G1 X61.963 Y261.996
G1 X61.785 Y261.417
G1 X61.646 Y260.623
G0 Z5.000 F500.000
G0 X63.204 Y260.108 F3000.000
G1 Z1.000 F500.000
G4 P100
G1 X63.540 Y260.502 F1000.000
G1 X64.025 Y260.648
G1 X64.243 Y260.612
G1 X64.522 Y260.335
G1 X64.507 Y259.847
G1 X64.352 Y259.621
G1 X64.074 Y259.436
G1 X63.654 Y259.294
G1 X63.805 Y259.150
G1 X64.050 Y259.102
G1 X64.477 Y259.233
G1 X65.004 Y259.635
G1 X65.121 Y259.448
G1 X65.042 Y259.190
G1 X64.606 Y258.844
G1 X64.315 Y258.725
G1 X63.616 Y258.745
G1 X63.325 Y258.923
G1 X63.144 Y259.204
G1 X63.083 Y259.573
G1 X63.204 Y260.108
G0 Z5.000 F500.000
G0 X63.588 Y259.627 F3000.000
G1 Z1.000 F500.000
G4 P100
G1 X63.975 Y259.794 F1000.000
G1 X64.117 Y260.065
G1 X64.073 Y260.192
G1 X63.812 Y260.195
G1 X63.694 Y260.060
G1 X63.588 Y259.627
G0 Z5.000 F500.000
G0 X65.931 Y259.867 F3000.000
G1 Z1.000 F500.000
G4 P100
G1 X66.154 Y260.598 F1000.000
G1 X66.514 Y260.613
G1 X66.567 Y260.506
G1 X66.388 Y259.402
G1 X66.421 Y259.210
G1 X66.533 Y259.144
G1 X66.721 Y259.248
G1 X67.133 Y259.635
G1 X67.250 Y259.448
G1 X67.171 Y259.190
G1 X66.772 Y258.811
G1 X66.400 Y258.685
G1 X66.166 Y258.733
G1 X66.006 Y258.877
G1 X65.883 Y259.385
G1 X65.931 Y259.867
G0 Z5.000 F500.000
G0 X66.433 Y260.923 F3000.000
G1 Z1.000 F500.000
G4 P100
G1 X66.171 Y261.004 F1000.000
G1 X66.083 Y261.231
G1 X66.198 Y261.475
G1 X66.483 Y261.573
G1 X66.733 Y261.498
G1 X66.829 Y261.285
G1 X66.721 Y261.021
G1 X66.433 Y260.923
G0 Z5.000 F500.000
G0 X67.198 Y260.592 F3000.000
G1 Z1.000 F500.000
G4 P100
G1 X67.438 Y260.648 F1000.000
G1 X67.588 Y260.548
G1 X67.417 Y259.652
G1 X67.685 Y260.202
G1 X68.006 Y260.538
G1 X68.317 Y260.648
G1 X68.523 Y260.581
G1 X68.583 Y260.377
G1 X68.458 Y259.669
G1 X68.921 Y260.415
G1 X69.396 Y260.648
G1 X69.599 Y260.580
G1 X69.667 Y260.377
G1 X69.526 Y259.185
G1 X69.617 Y259.144
G1 X69.815 Y259.246
G1 X70.233 Y259.635
G1 X70.350 Y259.448
G1 X70.271 Y259.190
G1 X69.885 Y258.827
G1 X69.417 Y258.685
G1 X69.096 Y258.808
G1 X68.988 Y259.165
G1 X69.100 Y259.944
G1 X69.054 Y260.010
G1 X68.700 Y259.502
G1 X68.431 Y258.752
G1 X68.238 Y258.685
G1 X68.031 Y258.817
G1 X67.963 Y259.135
G1 X67.992 Y260.010
G1 X67.833 Y259.860
G1 X67.648 Y259.477
G1 X67.398 Y258.754
G1 X67.208 Y258.685
G1 X67.073 Y258.727
G1 X66.985 Y258.852
G1 X66.921 Y259.385
G1 X66.959 Y259.914
G1 X67.075 Y260.415
G1 X67.198 Y260.592
G0 Z5.000 F500.000
G0 X70.113 Y259.996 F3000.000
G1 Z1.000 F500.000
G4 P100
G1 X70.523 Y260.475 F1000.000
G1 X70.787 Y260.611
G1 X71.067 Y260.656
G1 X71.190 Y260.621
G1 X71.242 Y260.494
G1 X71.578 Y260.474
G1 X71.629 Y260.365
G1 X71.502 Y259.181
G1 X71.583 Y259.144
G1 X71.775 Y259.246
G1 X72.192 Y259.635
G1 X72.308 Y259.448
G1 X72.229 Y259.190
G1 X71.867 Y258.831
G1 X71.496 Y258.685
G1 X71.244 Y258.779
G1 X71.071 Y259.035
G1 X70.826 Y258.773
G1 X70.525 Y258.685
G1 X70.293 Y258.732
G1 X69.997 Y259.090
G1 X69.958 Y259.365
G1 X70.113 Y259.996
G0 Z5.000 F500.000
G0 X70.479 Y259.360 F3000.000
G1 Z1.000 F500.000
G4 P100
G1 X70.531 Y259.169 F1000.000
G1 X70.675 Y259.106
G1 X70.850 Y259.215
G1 X71.125 Y260.269
G1 X70.802 Y260.137
G1 X70.567 Y259.802
G1 X70.479 Y259.360
G0 Z5.000 F500.000
G0 X71.917 Y259.365 F3000.000
G1 Z1.000 F500.000
G4 P100
G1 X72.071 Y259.996 F1000.000
G1 X72.481 Y260.475
G1 X73.025 Y260.656
G1 X73.148 Y260.621
G1 X73.200 Y260.494
G1 X73.531 Y260.479
G1 X73.575 Y260.356
G1 X73.392 Y259.152
G1 X74.008 Y259.594
G1 X74.190 Y259.575
G1 X74.221 Y259.444
G1 X74.100 Y259.198
G1 X73.308 Y258.660
G1 X73.126 Y257.890
G1 X72.894 Y257.304
G1 X72.603 Y256.934
G1 X72.242 Y256.810
G1 X71.896 Y256.942
G1 X71.763 Y257.285
G1 X71.821 Y257.592
G1 X71.996 Y257.921
G1 X72.331 Y258.299
G1 X72.871 Y258.756
G1 X72.896 Y258.919
G1 X72.710 Y258.746
G1 X72.483 Y258.685
G1 X72.251 Y258.732
G1 X71.955 Y259.090
G1 X71.917 Y259.365
G0 Z5.000 F500.000
G0 X72.490 Y259.169 F3000.000
G1 Z1.000 F500.000
G4 P100
G1 X72.633 Y259.106 F1000.000
G1 X72.817 Y259.223
G1 X73.075 Y260.269
G1 X72.758 Y260.137
G1 X72.525 Y259.802
G1 X72.438 Y259.360
G1 X72.490 Y259.169
G0 Z5.000 F500.000
G0 X72.775 Y258.260 F3000.000
G1 Z1.000 F500.000
G4 P100
G1 X72.313 Y257.765 F1000.000
G1 X72.171 Y257.377
G1 X72.198 Y257.260
G1 X72.288 Y257.215
G1 X72.523 Y257.465
G1 X72.775 Y258.260
G0 Z5.000 F500.000
G0 X74.146 Y258.923 F3000.000
G1 Z1.000 F500.000
G4 P100
G1 X73.965 Y259.204 F1000.000
G1 X73.904 Y259.573
G1 X74.025 Y260.108
G1 X74.360 Y260.502
G1 X74.846 Y260.648
G1 X75.064 Y260.612
G1 X75.343 Y260.335
G1 X75.328 Y259.847
G1 X75.173 Y259.621
G1 X74.895 Y259.436
G1 X74.475 Y259.294
G1 X74.626 Y259.150
G1 X74.871 Y259.102
G1 X75.298 Y259.233
G1 X75.825 Y259.635
G1 X75.942 Y259.448
G1 X75.863 Y259.190
G1 X75.427 Y258.844
G1 X75.136 Y258.725
G1 X74.436 Y258.745
G1 X74.146 Y258.923
G0 Z5.000 F500.000
G0 X74.408 Y259.627 F3000.000
G1 Z1.000 F500.000
G4 P100
G1 X74.796 Y259.794 F1000.000
G1 X74.938 Y260.065
G1 X74.894 Y260.192
G1 X74.633 Y260.195
G1 X74.515 Y260.060
G1 X74.408 Y259.627
G0 Z5.000 F500.000
G0 X75.877 Y259.348 F3000.000
G1 Z1.000 F500.000
G4 P100
G1 X76.175 Y259.460 F1000.000
G1 X76.452 Y259.371
G1 X76.546 Y259.106
G1 X76.438 Y258.800
G1 X76.142 Y258.685
G1 X75.865 Y258.785
G1 X75.771 Y259.048
G1 X75.877 Y259.348
G0 Z5.000 F500.000
G0 X78.508 Y259.015 F3000.000
G1 Z1.000 F500.000
G4 P100
G1 X78.833 Y261.535 F1000.000
G1 X78.799 Y261.676
G1 X78.696 Y261.723
G1 X78.435 Y261.613
G1 X77.971 Y261.181
G1 X77.825 Y261.365
G1 X77.942 Y261.656
G1 X78.396 Y262.087
G1 X78.921 Y262.240
G1 X79.121 Y262.204
G1 X79.265 Y262.098
G1 X79.379 Y261.685
G1 X79.313 Y260.985
G1 X79.549 Y261.528
G1 X79.842 Y261.921
G1 X80.191 Y262.160
G1 X80.596 Y262.240
G1 X80.895 Y262.191
G1 X81.110 Y262.046
G1 X81.240 Y261.819
G1 X81.283 Y261.527
G1 X80.933 Y259.531
G1 X81.015 Y259.269
G1 X81.242 Y259.181
G1 X81.510 Y259.273
G1 X81.933 Y259.635
G1 X82.050 Y259.448
G1 X81.971 Y259.190
G1 X81.542 Y258.806
G1 X81.096 Y258.685
G1 X80.780 Y258.738
G1 X80.542 Y258.896
G1 X80.392 Y259.142
G1 X80.342 Y259.460
G1 X80.683 Y261.419
G1 X80.608 Y261.631
G1 X80.396 Y261.710
G1 X80.146 Y261.644
G1 X79.896 Y261.444
G1 X79.655 Y261.095
G1 X79.244 Y259.907
G1 X79.015 Y258.769
G1 X78.796 Y258.685
G1 X78.575 Y258.754
G1 X78.508 Y259.015
G0 Z5.000 F500.000
G0 X81.697 Y259.090 F3000.000
G1 Z1.000 F500.000
G4 P100
G1 X81.658 Y259.365 F1000.000
G1 X81.813 Y259.996
G1 X82.223 Y260.475
G1 X82.767 Y260.656
G1 X82.890 Y260.621
G1 X82.942 Y260.494
G1 X83.278 Y260.474
G1 X83.329 Y260.365
G1 X83.202 Y259.181
G1 X83.283 Y259.144
G1 X83.475 Y259.246
G1 X83.892 Y259.635
G1 X84.008 Y259.448
G1 X83.929 Y259.190
G1 X83.567 Y258.831
G1 X83.196 Y258.685
G1 X82.944 Y258.779
G1 X82.771 Y259.035
G1 X82.526 Y258.773
G1 X82.225 Y258.685
G1 X81.993 Y258.732
G1 X81.697 Y259.090
G0 Z5.000 F500.000
G0 X82.231 Y259.169 F3000.000
G1 Z1.000 F500.000
G4 P100
G1 X82.375 Y259.106 F1000.000
G1 X82.550 Y259.215
G1 X82.825 Y260.269
G1 X82.502 Y260.137
G1 X82.267 Y259.802
G1 X82.179 Y259.360
G1 X82.231 Y259.169
G0 Z5.000 F500.000
G0 X83.519 Y260.298 F3000.000
G1 Z1.000 F500.000
G4 P100
G1 X83.522 Y260.619 F1000.000
G1 X83.900 Y260.677
G1 X84.117 Y261.515
G1 X84.469 Y262.119
G1 X84.683 Y262.288
G1 X85.069 Y262.305
G1 X85.188 Y262.190
G1 X85.288 Y261.802
G1 X85.152 Y261.198
G1 X84.746 Y260.677
G1 X85.213 Y260.677
G1 X85.308 Y260.648
G1 X85.338 Y260.540
G1 X85.220 Y260.324
G1 X84.358 Y260.252
G1 X84.350 Y259.927
G1 X84.452 Y259.319
G1 X84.584 Y259.188
G1 X84.775 Y259.144
G1 X85.092 Y259.252
G1 X85.529 Y259.635
G1 X85.646 Y259.448
G1 X85.567 Y259.190
G1 X85.175 Y258.827
G1 X84.688 Y258.685
G1 X84.316 Y258.760
G1 X84.050 Y258.984
G1 X83.891 Y259.358
G1 X83.850 Y260.252
G1 X83.519 Y260.298
G0 Z5.000 F500.000
G0 X84.400 Y260.740 F3000.000
G1 Z1.000 F500.000
G4 P100
G1 X84.769 Y261.217 F1000.000
G1 X84.892 Y261.698
G1 X84.800 Y261.944
G1 X84.660 Y261.788
G1 X84.515 Y261.354
G1 X84.400 Y260.740
G0 Z5.000 F500.000
G0 X85.604 Y260.594 F3000.000
G1 Z1.000 F500.000
G4 P100
G1 X85.842 Y260.648 F1000.000
G1 X85.969 Y260.619
G1 X86.004 Y260.531
G1 X85.829 Y259.321
G1 X85.896 Y259.285
G1 X86.052 Y259.410
G1 X86.560 Y260.594
G1 X86.767 Y260.648
G1 X86.900 Y260.625
G1 X86.938 Y260.540
G1 X86.750 Y259.188
G1 X86.838 Y259.144
G1 X87.035 Y259.246
G1 X87.454 Y259.635
G1 X87.571 Y259.448
G1 X87.492 Y259.190
G1 X87.106 Y258.827
G1 X86.638 Y258.685
G1 X86.344 Y258.840
G1 X86.250 Y259.273
G1 X86.038 Y258.837
G1 X85.733 Y258.685
G1 X85.563 Y258.729
G1 X85.427 Y258.858
G1 X85.308 Y259.290
G1 X85.350 Y259.863
G1 X85.488 Y260.415
G1 X85.604 Y260.594
G0 Z5.000 F500.000
G0 X87.280 Y259.914 F3000.000
G1 Z1.000 F500.000
G4 P100
G1 X87.396 Y260.415 F1000.000
G1 X87.519 Y260.592
G1 X87.758 Y260.648
G1 X87.908 Y260.548
G1 X87.738 Y259.648
G1 X88.046 Y260.231
G1 X88.381 Y260.552
G1 X88.683 Y260.648
G1 X88.886 Y260.580
G1 X88.954 Y260.377
G1 X88.909 Y259.797
G1 X88.988 Y259.760
G1 X89.400 Y259.998
G1 X89.517 Y259.823
G1 X89.433 Y259.581
G1 X89.160 Y259.375
G1 X88.829 Y259.290
G1 X88.494 Y259.402
G1 X88.354 Y260.010
G1 X88.190 Y259.871
G1 X87.988 Y259.502
G1 X87.719 Y258.754
G1 X87.529 Y258.685
G1 X87.306 Y258.852
G1 X87.242 Y259.385
G1 X87.280 Y259.914
G0 Z5.000 F500.000
G0 X89.075 Y259.365 F3000.000
G1 Z1.000 F500.000
G4 P100
G1 X89.229 Y259.996 F1000.000
G1 X89.640 Y260.475
G1 X90.183 Y260.656
G1 X90.306 Y260.621
G1 X90.358 Y260.494
G1 X90.695 Y260.474
G1 X90.746 Y260.365
G1 X90.619 Y259.181
G1 X90.700 Y259.144
G1 X90.892 Y259.246
G1 X91.308 Y259.635
G1 X91.425 Y259.448
G1 X91.346 Y259.190
G1 X90.983 Y258.831
G1 X90.613 Y258.685
G1 X90.360 Y258.779
G1 X90.188 Y259.035
G1 X89.943 Y258.773
G1 X89.642 Y258.685
G1 X89.409 Y258.732
G1 X89.114 Y259.090
G1 X89.075 Y259.365
G0 Z5.000 F500.000
G0 X89.648 Y259.169 F3000.000
G1 Z1.000 F500.000
G4 P100
G1 X89.792 Y259.106 F1000.000
G1 X89.967 Y259.215
G1 X90.242 Y260.269
G1 X89.919 Y260.137
G1 X89.683 Y259.802
G1 X89.596 Y259.360
G1 X89.648 Y259.169
G0 Z5.000 F500.000
G0 X91.161 Y259.401 F3000.000
G1 Z1.000 F500.000
G4 P100
G1 X91.117 Y259.881 F1000.000
G1 X91.248 Y261.040
G1 X91.410 Y261.644
G1 X91.635 Y262.156
G1 X91.916 Y262.506
G1 X92.246 Y262.623
G1 X92.424 Y262.577
G1 X92.560 Y262.438
G1 X92.675 Y261.906
G1 X92.606 Y261.371
G1 X92.076 Y260.105
G1 X91.654 Y259.460
G1 X91.750 Y259.217
G1 X91.925 Y259.144
G1 X92.225 Y259.242
G1 X92.667 Y259.635
G1 X92.783 Y259.448
G1 X92.704 Y259.190
G1 X92.315 Y258.827
G1 X91.838 Y258.685
G1 X91.518 Y258.769
G1 X91.294 Y259.019
G1 X91.161 Y259.401
G0 Z5.000 F500.000
G0 X91.625 Y260.023 F3000.000
G1 Z1.000 F500.000
G4 P100
G1 X92.096 Y261.000 F1000.000
G1 X92.271 Y261.894
G1 X92.242 Y262.131
G1 X92.154 Y262.210
G1 X91.938 Y261.865
G1 X91.725 Y261.006
G1 X91.625 Y260.023
G0 Z5.000 F500.000
G0 X93.401 Y260.619 F3000.000
G1 Z1.000 F500.000
G4 P100
G1 X93.779 Y260.677 F1000.000
G1 X93.996 Y261.515
G1 X94.348 Y262.119
G1 X94.562 Y262.288
G1 X94.948 Y262.305
G1 X95.067 Y262.190
G1 X95.167 Y261.802
G1 X95.031 Y261.198
G1 X94.625 Y260.677
G1 X95.092 Y260.677
G1 X95.188 Y260.648
G1 X95.217 Y260.540
G1 X95.099 Y260.324
G1 X94.238 Y260.252
G1 X94.229 Y259.927
G1 X94.331 Y259.319
G1 X94.463 Y259.188
G1 X94.654 Y259.144
G1 X94.971 Y259.252
G1 X95.408 Y259.635
G1 X95.525 Y259.448
G1 X95.446 Y259.190
G1 X95.054 Y258.827
G1 X94.567 Y258.685
G1 X94.195 Y258.760
G1 X93.929 Y258.984
G1 X93.770 Y259.358
G1 X93.729 Y260.252
G1 X93.398 Y260.298
G1 X93.401 Y260.619
G0 Z5.000 F500.000
G0 X94.279 Y260.740 F3000.000
G1 Z1.000 F500.000
G4 P100
G1 X94.648 Y261.217 F1000.000
G1 X94.771 Y261.698
G1 X94.679 Y261.944
G1 X94.540 Y261.788
G1 X94.394 Y261.354
G1 X94.279 Y260.740
G0 Z5.000 F500.000
G0 X95.581 Y260.502 F3000.000
G1 Z1.000 F500.000
G4 P100
G1 X96.067 Y260.648 F1000.000
G1 X96.284 Y260.612
G1 X96.564 Y260.335
G1 X96.548 Y259.847
G1 X96.394 Y259.621
G1 X96.116 Y259.436
G1 X95.696 Y259.294
G1 X95.847 Y259.150
G1 X96.092 Y259.102
G1 X96.519 Y259.233
G1 X97.046 Y259.635
G1 X97.163 Y259.448
G1 X97.083 Y259.190
G1 X96.648 Y258.844
G1 X96.357 Y258.725
G1 X95.657 Y258.745
G1 X95.367 Y258.923
G1 X95.185 Y259.204
G1 X95.125 Y259.573
G1 X95.246 Y260.108
G1 X95.581 Y260.502
G0 Z5.000 F500.000
G0 X95.735 Y260.060 F3000.000
G1 Z1.000 F500.000
G4 P100
G1 X95.629 Y259.627 F1000.000
G1 X96.017 Y259.794
G1 X96.158 Y260.065
G1 X96.115 Y260.192
G1 X95.996 Y260.240
G1 X95.735 Y260.060
G0 Z5.000 F500.000
G0 X96.971 Y260.210 F3000.000
G1 Z1.000 F500.000
G4 P100
G1 X97.100 Y260.544 F1000.000
G1 X97.433 Y260.665
G1 X97.750 Y260.579
G1 X97.967 Y260.331
G1 X98.248 Y260.581
G1 X98.554 Y260.665
G1 X98.802 Y260.590
G1 X98.888 Y260.348
G1 X98.817 Y260.054
G1 X98.646 Y259.948
G1 X98.521 Y259.985
G1 X98.388 Y260.194
G1 X98.281 Y260.100
G1 X98.146 Y259.531
G1 X98.240 Y259.229
G1 X98.496 Y259.123
G1 X98.802 Y259.233
G1 X99.250 Y259.635
G1 X99.367 Y259.448
G1 X99.288 Y259.190
G1 X98.885 Y258.829
G1 X98.392 Y258.685
G1 X98.015 Y258.765
G1 X97.754 Y258.990
G1 X97.495 Y258.765
G1 X97.192 Y258.690
G1 X96.829 Y258.823
G1 X96.696 Y259.177
G1 X96.792 Y259.515
G1 X97.063 Y259.644
G1 X97.175 Y259.616
G1 X97.192 Y259.256
G1 X97.300 Y259.131
G1 X97.452 Y259.225
G1 X97.573 Y259.481
G1 X97.621 Y259.840
G1 X97.583 Y260.092
G1 X97.492 Y260.194
G1 X97.317 Y259.988
G1 X97.171 Y259.948
G1 X97.025 Y260.012
G1 X96.971 Y260.210
G0 Z5.000 F500.000
G0 X98.833 Y260.444 F3000.000
G1 Z1.000 F500.000
G4 P100
G1 X98.880 Y260.619 F1000.000
G1 X99.258 Y260.677
G1 X99.475 Y261.515
G1 X99.827 Y262.119
G1 X100.041 Y262.288
G1 X100.427 Y262.305
G1 X100.546 Y262.190
G1 X100.646 Y261.802
G1 X100.510 Y261.198
G1 X100.104 Y260.677
G1 X100.571 Y260.677
G1 X100.667 Y260.648
G1 X100.696 Y260.540
G1 X100.578 Y260.324
G1 X99.717 Y260.252
G1 X99.708 Y259.927
G1 X99.810 Y259.319
G1 X99.942 Y259.188
G1 X100.133 Y259.144
G1 X100.450 Y259.252
G1 X100.888 Y259.635
G1 X101.004 Y259.448
G1 X100.925 Y259.190
G1 X100.533 Y258.827
G1 X100.046 Y258.685
G1 X99.674 Y258.760
G1 X99.408 Y258.984
G1 X99.249 Y259.358
G1 X99.208 Y260.252
G1 X98.877 Y260.298
G1 X98.833 Y260.444
G0 Z5.000 F500.000
G0 X99.758 Y260.740 F3000.000
G1 Z1.000 F500.000
G4 P100
G1 X100.127 Y261.217 F1000.000
G1 X100.250 Y261.698
G1 X100.158 Y261.944
G1 X100.019 Y261.788
G1 X99.873 Y261.354
G1 X99.758 Y260.740
G0 Z5.000 F500.000
G0 X101.960 Y260.721 F3000.000
G1 Z1.000 F500.000
G4 P100
G1 X102.166 Y261.473 F1000.000
G1 X102.435 Y262.083
G1 X102.753 Y262.488
G1 X103.100 Y262.623
G1 X103.274 Y262.579
G1 X103.406 Y262.448
G1 X103.517 Y261.977
G1 X103.443 Y261.477
G1 X103.224 Y260.954
G1 X102.858 Y260.410
G1 X102.346 Y259.844
G1 X102.333 Y258.246
G1 X102.429 Y257.794
G1 X102.523 Y257.902
G1 X102.554 Y258.227
G1 X102.427 Y259.635
G1 X102.629 Y259.844
G1 X103.433 Y259.873
G1 X103.550 Y259.698
G1 X103.421 Y259.451
G1 X103.033 Y259.369
G1 X102.746 Y259.406
G1 X102.871 Y258.315
G1 X102.834 Y257.918
G1 X102.725 Y257.627
G1 X102.556 Y257.449
G1 X102.342 Y257.390
G1 X102.085 Y257.496
G1 X101.915 Y257.815
G1 X101.819 Y258.348
G1 X101.831 Y259.904
G1 X101.960 Y260.721
G0 Z5.000 F500.000
G0 X102.421 Y260.398 F3000.000
G1 Z1.000 F500.000
G4 P100
G1 X102.933 Y261.188 F1000.000
G1 X103.117 Y261.956
G1 X103.013 Y262.210
G1 X102.827 Y261.956
G1 X102.421 Y260.398
G0 Z5.000 F500.000
G0 X103.477 Y261.040 F3000.000
G1 Z1.000 F500.000
G4 P100
G1 X103.865 Y262.156 F1000.000
G1 X104.145 Y262.506
G1 X104.475 Y262.623
G1 X104.654 Y262.577
G1 X104.790 Y262.438
G1 X104.904 Y261.906
G1 X104.835 Y261.371
G1 X104.305 Y260.105
G1 X103.883 Y259.460
G1 X103.979 Y259.217
G1 X104.154 Y259.144
G1 X104.454 Y259.242
G1 X104.783 Y259.577
G1 X104.896 Y259.635
G1 X104.981 Y259.585
G1 X104.933 Y259.190
G1 X104.544 Y258.827
G1 X104.067 Y258.685
G1 X103.747 Y258.769
G1 X103.523 Y259.019
G1 X103.390 Y259.401
G1 X103.346 Y259.881
G1 X103.477 Y261.040
G0 Z5.000 F500.000
G0 X103.854 Y260.023 F3000.000
G1 Z1.000 F500.000
G4 P100
G1 X104.325 Y261.000 F1000.000
G1 X104.500 Y261.894
G1 X104.471 Y262.131
G1 X104.383 Y262.210
G1 X104.167 Y261.865
G1 X103.954 Y261.006
G1 X103.854 Y260.023
G0 Z5.000 F500.000
G0 X104.733 Y260.125 F3000.000
G1 Z1.000 F500.000
G4 P100
G1 X105.067 Y260.512 F1000.000
G1 X105.538 Y260.652
G1 X105.823 Y260.597
G1 X106.048 Y260.433
G1 X106.275 Y259.894
G1 X106.800 Y259.985
G1 X106.883 Y259.931
G1 X106.882 Y259.634
G1 X106.792 Y259.556
G1 X106.242 Y259.456
G1 X106.124 Y259.141
G1 X105.929 Y258.896
G1 X105.680 Y258.738
G1 X105.400 Y258.685
G1 X104.973 Y258.806
G1 X104.704 Y259.127
G1 X104.613 Y259.560
G1 X104.733 Y260.125
G0 Z5.000 F500.000
G0 X105.133 Y259.598 F3000.000
G1 Z1.000 F500.000
G4 P100
G1 X105.223 Y259.248 F1000.000
G1 X105.433 Y259.127
G1 X105.665 Y259.235
G1 X105.796 Y259.548
G1 X105.598 Y259.777
G1 X105.542 Y260.210
G1 X105.244 Y260.050
G1 X105.133 Y259.598
G0 Z5.000 F500.000
G0 X106.563 Y260.260 F3000.000
G1 Z1.000 F500.000
G4 P100
G1 X106.638 Y260.598 F1000.000
G1 X106.850 Y260.652
G1 X107.010 Y260.604
G1 X107.121 Y259.198
G1 X107.642 Y260.440
G1 X107.752 Y260.608
G1 X107.908 Y260.652
G1 X108.065 Y260.606
G1 X108.108 Y260.444
G1 X108.167 Y259.198
G1 X108.542 Y259.790
G1 X108.479 Y260.077
G1 X108.542 Y260.352
G1 X108.713 Y260.569
G1 X108.958 Y260.652
G1 X109.154 Y260.567
G1 X109.229 Y260.319
G1 X109.129 Y259.890
G1 X109.704 Y259.977
G1 X109.833 Y259.823
G1 X109.783 Y259.621
G1 X109.633 Y259.515
G1 X109.225 Y259.452
G1 X108.879 Y259.502
G1 X108.327 Y258.773
G1 X108.058 Y258.685
G1 X107.806 Y258.815
G1 X107.679 Y259.544
G1 X107.448 Y259.010
G1 X107.244 Y258.756
G1 X107.004 Y258.685
G1 X106.735 Y258.819
G1 X106.613 Y259.240
G1 X106.563 Y260.260
G0 Z5.000 F500.000
G0 X110.652 Y259.399 F3000.000
G1 Z1.000 F500.000
G4 P100
G1 X110.604 Y259.935 F1000.000
G1 X110.738 Y261.104
G1 X110.902 Y261.689
G1 X111.127 Y262.179
G1 X111.408 Y262.512
G1 X111.738 Y262.623
G1 X111.910 Y262.582
G1 X112.046 Y262.458
G1 X112.163 Y262.031
G1 X112.033 Y261.352
G1 X111.604 Y260.644
G1 X111.857 Y260.576
G1 X112.058 Y260.413
G1 X112.267 Y259.894
G1 X112.792 Y259.985
G1 X112.875 Y259.931
G1 X112.875 Y259.633
G1 X112.233 Y259.456
G1 X111.919 Y258.898
G1 X111.676 Y258.739
G1 X111.408 Y258.685
G1 X111.045 Y258.766
G1 X110.796 Y259.006
G1 X110.652 Y259.399
G0 Z5.000 F500.000
G0 X111.215 Y259.252 F3000.000
G1 Z1.000 F500.000
G4 P100
G1 X111.425 Y259.127 F1000.000
G1 X111.654 Y259.235
G1 X111.788 Y259.548
G1 X111.590 Y259.777
G1 X111.538 Y260.235
G1 X111.240 Y260.067
G1 X111.125 Y259.615
G1 X111.215 Y259.252
G0 Z5.000 F500.000
G0 X111.154 Y260.360 F3000.000
G1 Z1.000 F500.000
G4 P100
G1 X111.594 Y261.250 F1000.000
G1 X111.758 Y261.935
G1 X111.727 Y262.140
G1 X111.642 Y262.210
G1 X111.460 Y261.962
G1 X111.279 Y261.290
G1 X111.154 Y260.360
G0 Z5.000 F500.000
G0 X112.604 Y260.108 F3000.000
G1 Z1.000 F500.000
G4 P100
G1 X112.940 Y260.502 F1000.000
G1 X113.425 Y260.648
G1 X113.643 Y260.612
G1 X113.922 Y260.335
G1 X113.907 Y259.847
G1 X113.752 Y259.621
G1 X113.474 Y259.436
G1 X113.054 Y259.294
G1 X113.205 Y259.150
G1 X113.450 Y259.102
G1 X113.877 Y259.233
G1 X114.404 Y259.635
G1 X114.521 Y259.448
G1 X114.442 Y259.190
G1 X114.006 Y258.844
G1 X113.715 Y258.725
G1 X113.016 Y258.745
G1 X112.725 Y258.923
G1 X112.544 Y259.204
G1 X112.483 Y259.573
G1 X112.604 Y260.108
G0 Z5.000 F500.000
G0 X112.988 Y259.627 F3000.000
G1 Z1.000 F500.000
G4 P100
G1 X113.375 Y259.794 F1000.000
G1 X113.517 Y260.065
G1 X113.473 Y260.192
G1 X113.212 Y260.195
G1 X113.094 Y260.060
G1 X112.988 Y259.627
G0 Z5.000 F500.000
G0 X114.243 Y259.904 F3000.000
G1 Z1.000 F500.000
G4 P100
G1 X114.578 Y261.473 F1000.000
G1 X114.848 Y262.083
G1 X115.165 Y262.488
G1 X115.513 Y262.623
G1 X115.687 Y262.579
G1 X115.819 Y262.448
G1 X115.929 Y261.977
G1 X115.856 Y261.477
G1 X115.636 Y260.954
G1 X115.271 Y260.410
G1 X114.758 Y259.844
G1 X114.746 Y258.246
G1 X114.842 Y257.794
G1 X114.935 Y257.902
G1 X114.967 Y258.227
G1 X114.840 Y259.635
G1 X115.042 Y259.844
G1 X115.846 Y259.873
G1 X115.963 Y259.698
G1 X115.833 Y259.451
G1 X115.446 Y259.369
G1 X115.158 Y259.406
G1 X115.283 Y258.315
G1 X115.247 Y257.918
G1 X115.138 Y257.627
G1 X114.969 Y257.449
G1 X114.754 Y257.390
G1 X114.497 Y257.496
G1 X114.327 Y257.815
G1 X114.200 Y259.098
G1 X114.243 Y259.904
G0 Z5.000 F500.000
G0 X114.833 Y260.398 F3000.000
G1 Z1.000 F500.000
G4 P100
G1 X115.346 Y261.188 F1000.000
G1 X115.529 Y261.956
G1 X115.425 Y262.210
G1 X115.240 Y261.956
G1 X114.833 Y260.398
G0 Z5.000 F500.000
G0 X116.121 Y260.512 F3000.000
G1 Z1.000 F500.000
G4 P100
G1 X116.592 Y260.652 F1000.000
G1 X116.878 Y260.597
G1 X117.102 Y260.433
G1 X117.329 Y259.894
G1 X117.854 Y259.985
G1 X117.938 Y259.931
G1 X117.936 Y259.634
G1 X117.846 Y259.556
G1 X117.296 Y259.456
G1 X117.178 Y259.141
G1 X116.983 Y258.896
G1 X116.734 Y258.738
G1 X116.454 Y258.685
G1 X116.027 Y258.806
G1 X115.758 Y259.127
G1 X115.667 Y259.560
G1 X115.788 Y260.125
G1 X116.121 Y260.512
G0 Z5.000 F500.000
G0 X116.298 Y260.050 F3000.000
G1 Z1.000 F500.000
G4 P100
G1 X116.188 Y259.598 F1000.000
G1 X116.277 Y259.248
G1 X116.488 Y259.127
G1 X116.719 Y259.235
G1 X116.850 Y259.548
G1 X116.652 Y259.777
G1 X116.596 Y260.210
G1 X116.298 Y260.050
G0 Z5.000 F500.000
G0 X117.655 Y259.914 F3000.000
G1 Z1.000 F500.000
G4 P100
G1 X117.771 Y260.415 F1000.000
G1 X117.894 Y260.592
G1 X118.133 Y260.648
G1 X118.283 Y260.548
G1 X118.113 Y259.648
G1 X118.421 Y260.231
G1 X118.756 Y260.552
G1 X119.058 Y260.648
G1 X119.261 Y260.580
G1 X119.329 Y260.377
G1 X119.284 Y259.797
G1 X119.363 Y259.760
G1 X119.775 Y259.998
G1 X119.892 Y259.823
G1 X119.808 Y259.581
G1 X119.535 Y259.375
G1 X119.204 Y259.290
G1 X118.869 Y259.402
G1 X118.729 Y260.010
G1 X118.565 Y259.871
G1 X118.363 Y259.502
G1 X118.094 Y258.754
G1 X117.904 Y258.685
G1 X117.681 Y258.852
G1 X117.617 Y259.385
G1 X117.655 Y259.914
G0 Z5.000 F500.000
G0 X119.442 Y259.573 F3000.000
G1 Z1.000 F500.000
G4 P100
G1 X119.563 Y260.108 F1000.000
G1 X119.898 Y260.502
G1 X120.383 Y260.648
G1 X120.601 Y260.612
G1 X120.880 Y260.335
G1 X120.865 Y259.847
G1 X120.710 Y259.621
G1 X120.433 Y259.436
G1 X120.013 Y259.294
G1 X120.164 Y259.150
G1 X120.408 Y259.102
G1 X120.835 Y259.233
G1 X121.363 Y259.635
G1 X121.479 Y259.448
G1 X121.400 Y259.190
G1 X120.965 Y258.844
G1 X120.363 Y258.685
G1 X119.974 Y258.745
G1 X119.683 Y258.923
G1 X119.502 Y259.204
G1 X119.442 Y259.573
G0 Z5.000 F500.000
G0 X119.946 Y259.627 F3000.000
G1 Z1.000 F500.000
G4 P100
G1 X120.333 Y259.794 F1000.000
G1 X120.475 Y260.065
G1 X120.431 Y260.192
G1 X120.170 Y260.195
G1 X120.052 Y260.060
G1 X119.946 Y259.627
G0 Z5.000 F500.000
G0 X122.050 Y260.444 F3000.000
G1 Z1.000 F500.000
G4 P100
G1 X122.097 Y260.619 F1000.000
G1 X122.475 Y260.677
G1 X122.692 Y261.515
G1 X123.044 Y262.119
G1 X123.258 Y262.288
G1 X123.644 Y262.305
G1 X123.763 Y262.190
G1 X123.863 Y261.802
G1 X123.727 Y261.198
G1 X123.321 Y260.677
G1 X123.788 Y260.677
G1 X123.883 Y260.648
G1 X123.913 Y260.540
G1 X123.795 Y260.324
G1 X122.933 Y260.252
G1 X122.925 Y259.927
G1 X123.027 Y259.319
G1 X123.159 Y259.188
G1 X123.350 Y259.144
G1 X123.667 Y259.252
G1 X124.104 Y259.635
G1 X124.221 Y259.448
G1 X124.142 Y259.190
G1 X123.750 Y258.827
G1 X123.263 Y258.685
G1 X122.891 Y258.760
G1 X122.625 Y258.984
G1 X122.466 Y259.358
G1 X122.425 Y260.252
G1 X122.094 Y260.298
G1 X122.050 Y260.444
G0 Z5.000 F500.000
G0 X122.975 Y260.740 F3000.000
G1 Z1.000 F500.000
G4 P100
G1 X123.344 Y261.217 F1000.000
G1 X123.467 Y261.698
G1 X123.375 Y261.944
G1 X123.235 Y261.788
G1 X123.090 Y261.354
G1 X122.975 Y260.740
G0 Z5.000 F500.000
G0 X124.044 Y260.981 F3000.000
G1 Z1.000 F500.000
G4 P100
G1 X124.431 Y262.150 F1000.000
G1 X124.713 Y262.505
G1 X125.046 Y262.623
G1 X125.219 Y262.582
G1 X125.356 Y262.458
G1 X125.475 Y262.031
G1 X125.414 Y261.603
G1 X125.229 Y261.158
G1 X124.429 Y260.102
G1 X124.417 Y259.656
G1 X124.723 Y260.233
G1 X125.056 Y260.552
G1 X125.358 Y260.648
G1 X125.561 Y260.580
G1 X125.629 Y260.377
G1 X125.489 Y259.185
G1 X125.579 Y259.144
G1 X125.777 Y259.246
G1 X126.196 Y259.635
G1 X126.313 Y259.448
G1 X126.233 Y259.190
G1 X125.840 Y258.827
G1 X125.379 Y258.685
G1 X125.058 Y258.808
G1 X124.950 Y259.165
G1 X125.063 Y259.944
G1 X125.017 Y260.010
G1 X124.663 Y259.502
G1 X124.363 Y258.769
G1 X124.108 Y258.685
G1 X123.944 Y258.775
G1 X123.913 Y259.644
G1 X124.044 Y260.981
G0 Z5.000 F500.000
G0 X124.475 Y260.623 F3000.000
G1 Z1.000 F500.000
G4 P100
G1 X124.902 Y261.285 F1000.000
G1 X125.071 Y261.935
G1 X125.042 Y262.140
G1 X124.958 Y262.210
G1 X124.792 Y261.996
G1 X124.615 Y261.417
G1 X124.475 Y260.623
G0 Z5.000 F500.000
G0 X126.033 Y260.108 F3000.000
G1 Z1.000 F500.000
G4 P100
G1 X126.369 Y260.502 F1000.000
G1 X126.854 Y260.648
G1 X127.072 Y260.612
G1 X127.351 Y260.335
G1 X127.336 Y259.847
G1 X127.181 Y259.621
G1 X126.904 Y259.436
G1 X126.483 Y259.294
G1 X126.634 Y259.150
G1 X126.879 Y259.102
G1 X127.306 Y259.233
G1 X127.833 Y259.635
G1 X127.950 Y259.448
G1 X127.871 Y259.190
G1 X127.435 Y258.844
G1 X127.144 Y258.725
G1 X126.445 Y258.745
G1 X126.154 Y258.923
G1 X125.973 Y259.204
G1 X125.913 Y259.573
G1 X126.033 Y260.108
G0 Z5.000 F500.000
G0 X126.417 Y259.627 F3000.000
G1 Z1.000 F500.000
G4 P100
G1 X126.804 Y259.794 F1000.000
G1 X126.946 Y260.065
G1 X126.902 Y260.192
G1 X126.641 Y260.195
G1 X126.523 Y260.060
G1 X126.417 Y259.627
G0 Z5.000 F500.000
G0 X128.760 Y259.867 F3000.000
G1 Z1.000 F500.000
G4 P100
G1 X128.983 Y260.598 F1000.000
G1 X129.343 Y260.613
G1 X129.396 Y260.506
G1 X129.217 Y259.402
G1 X129.250 Y259.210
G1 X129.363 Y259.144
G1 X129.550 Y259.248
G1 X129.963 Y259.635
G1 X130.079 Y259.448
G1 X130.000 Y259.190
G1 X129.601 Y258.811
G1 X129.229 Y258.685
G1 X128.995 Y258.733
G1 X128.835 Y258.877
G1 X128.713 Y259.385
G1 X128.760 Y259.867
G0 Z5.000 F500.000
G0 X129.263 Y260.923 F3000.000
G1 Z1.000 F500.000
G4 P100
G1 X129.000 Y261.004 F1000.000
G1 X128.913 Y261.231
G1 X129.027 Y261.475
G1 X129.313 Y261.573
G1 X129.563 Y261.498
G1 X129.658 Y261.285
G1 X129.550 Y261.021
G1 X129.263 Y260.923
G0 Z5.000 F500.000
G0 X130.027 Y260.592 F3000.000
G1 Z1.000 F500.000
G4 P100
G1 X130.267 Y260.648 F1000.000
G1 X130.417 Y260.548
G1 X130.246 Y259.652
G1 X130.515 Y260.202
G1 X130.835 Y260.538
G1 X131.146 Y260.648
G1 X131.352 Y260.581
G1 X131.413 Y260.377
G1 X131.288 Y259.669
G1 X131.750 Y260.415
G1 X132.225 Y260.648
G1 X132.428 Y260.580
G1 X132.496 Y260.377
G1 X132.355 Y259.185
G1 X132.446 Y259.144
G1 X132.644 Y259.246
G1 X133.063 Y259.635
G1 X133.179 Y259.448
G1 X133.100 Y259.190
G1 X132.715 Y258.827
G1 X132.246 Y258.685
G1 X131.925 Y258.808
G1 X131.817 Y259.165
G1 X131.929 Y259.944
G1 X131.883 Y260.010
G1 X131.529 Y259.502
G1 X131.260 Y258.752
G1 X131.067 Y258.685
G1 X130.860 Y258.817
G1 X130.792 Y259.135
G1 X130.821 Y260.010
G1 X130.663 Y259.860
G1 X130.477 Y259.477
G1 X130.227 Y258.754
G1 X130.038 Y258.685
G1 X129.903 Y258.727
G1 X129.815 Y258.852
G1 X129.750 Y259.385
G1 X129.789 Y259.914
G1 X129.904 Y260.415
G1 X130.027 Y260.592
G0 Z5.000 F500.000
G0 X132.942 Y259.996 F3000.000
G1 Z1.000 F500.000
G4 P100
G1 X133.352 Y260.475 F1000.000
G1 X133.616 Y260.611
G1 X133.896 Y260.656
G1 X134.019 Y260.621
G1 X134.071 Y260.494
G1 X134.407 Y260.474
G1 X134.458 Y260.365
G1 X134.331 Y259.181
G1 X134.413 Y259.144
G1 X134.604 Y259.246
G1 X135.021 Y259.635
G1 X135.138 Y259.448
G1 X135.058 Y259.190
G1 X134.696 Y258.831
G1 X134.325 Y258.685
G1 X134.073 Y258.779
G1 X133.900 Y259.035
G1 X133.655 Y258.773
G1 X133.354 Y258.685
G1 X133.122 Y258.732
G1 X132.826 Y259.090
G1 X132.788 Y259.365
G1 X132.942 Y259.996
G0 Z5.000 F500.000
G0 X133.308 Y259.360 F3000.000
G1 Z1.000 F500.000
G4 P100
G1 X133.360 Y259.169 F1000.000
G1 X133.504 Y259.106
G1 X133.679 Y259.215
G1 X133.954 Y260.269
G1 X133.631 Y260.137
G1 X133.396 Y259.802
G1 X133.308 Y259.360
G0 Z5.000 F500.000
G0 X134.746 Y259.365 F3000.000
G1 Z1.000 F500.000
G4 P100
G1 X134.900 Y259.996 F1000.000
G1 X135.310 Y260.475
G1 X135.854 Y260.656
G1 X135.977 Y260.621
G1 X136.029 Y260.494
G1 X136.360 Y260.479
G1 X136.404 Y260.356
G1 X136.221 Y259.152
G1 X136.838 Y259.594
G1 X137.019 Y259.575
G1 X137.050 Y259.444
G1 X136.929 Y259.198
G1 X136.138 Y258.660
G1 X135.955 Y257.890
G1 X135.723 Y257.304
G1 X135.432 Y256.934
G1 X135.071 Y256.810
G1 X134.725 Y256.942
G1 X134.592 Y257.285
G1 X134.650 Y257.592
G1 X134.825 Y257.921
G1 X135.160 Y258.299
G1 X135.700 Y258.756
G1 X135.725 Y258.919
G1 X135.540 Y258.746
G1 X135.313 Y258.685
G1 X135.080 Y258.732
G1 X134.784 Y259.090
G1 X134.746 Y259.365
G0 Z5.000 F500.000
G0 X135.319 Y259.169 F3000.000
G1 Z1.000 F500.000
G4 P100
G1 X135.463 Y259.106 F1000.000
G1 X135.646 Y259.223
G1 X135.904 Y260.269
G1 X135.588 Y260.137
G1 X135.354 Y259.802
G1 X135.267 Y259.360
G1 X135.319 Y259.169
G0 Z5.000 F500.000
G0 X135.604 Y258.260 F3000.000
G1 Z1.000 F500.000
G4 P100
G1 X135.142 Y257.765 F1000.000
G1 X135.000 Y257.377
G1 X135.027 Y257.260
G1 X135.117 Y257.215
G1 X135.352 Y257.465
G1 X135.604 Y258.260
G0 Z5.000 F500.000
G0 X136.975 Y258.923 F3000.000
G1 Z1.000 F500.000
G4 P100
G1 X136.794 Y259.204 F1000.000
G1 X136.733 Y259.573
G1 X136.854 Y260.108
G1 X137.190 Y260.502
G1 X137.675 Y260.648
G1 X137.893 Y260.612
G1 X138.172 Y260.335
G1 X138.157 Y259.847
G1 X138.002 Y259.621
G1 X137.724 Y259.436
G1 X137.304 Y259.294
G1 X137.455 Y259.150
G1 X137.700 Y259.102
G1 X138.127 Y259.233
G1 X138.654 Y259.635
G1 X138.771 Y259.448
G1 X138.692 Y259.190
G1 X138.256 Y258.844
G1 X137.965 Y258.725
G1 X137.266 Y258.745
G1 X136.975 Y258.923
G0 Z5.000 F500.000
G0 X137.238 Y259.627 F3000.000
G1 Z1.000 F500.000
G4 P100
G1 X137.625 Y259.794 F1000.000
G1 X137.767 Y260.065
G1 X137.723 Y260.192
G1 X137.462 Y260.195
G1 X137.344 Y260.060
G1 X137.238 Y259.627
G0 Z5.000 F500.000
G0 X138.706 Y259.348 F3000.000
G1 Z1.000 F500.000
G4 P100
G1 X139.004 Y259.460 F1000.000
G1 X139.281 Y259.371
G1 X139.375 Y259.106
G1 X139.267 Y258.800
G1 X138.971 Y258.685
G1 X138.694 Y258.785
G1 X138.600 Y259.048
G1 X138.706 Y259.348
G0 Z5.000 F500.000
G0 X141.338 Y259.015 F3000.000
G1 Z1.000 F500.000
G4 P100
G1 X141.663 Y261.535 F1000.000
G1 X141.628 Y261.676
G1 X141.525 Y261.723
G1 X141.265 Y261.613
G1 X140.800 Y261.181
G1 X140.654 Y261.365
G1 X140.771 Y261.656
G1 X141.225 Y262.087
G1 X141.750 Y262.240
G1 X141.951 Y262.204
G1 X142.094 Y262.098
G1 X142.208 Y261.685
G1 X142.142 Y260.985
G1 X142.378 Y261.528
G1 X142.671 Y261.921
G1 X143.020 Y262.160
G1 X143.425 Y262.240
G1 X143.724 Y262.191
G1 X143.940 Y262.046
G1 X144.069 Y261.819
G1 X144.113 Y261.527
G1 X143.763 Y259.531
G1 X143.844 Y259.269
G1 X144.071 Y259.181
G1 X144.340 Y259.273
G1 X144.763 Y259.635
G1 X144.879 Y259.448
G1 X144.800 Y259.190
G1 X144.371 Y258.806
G1 X143.925 Y258.685
G1 X143.609 Y258.738
G1 X143.371 Y258.896
G1 X143.221 Y259.142
G1 X143.171 Y259.460
G1 X143.513 Y261.419
G1 X143.438 Y261.631
G1 X143.225 Y261.710
G1 X142.975 Y261.644
G1 X142.725 Y261.444
G1 X142.484 Y261.095
G1 X142.073 Y259.907
G1 X141.844 Y258.769
G1 X141.625 Y258.685
G1 X141.404 Y258.754
G1 X141.338 Y259.015
G0 Z5.000 F500.000
G0 X144.526 Y259.090 F3000.000
G1 Z1.000 F500.000
G4 P100
G1 X144.488 Y259.365 F1000.000
G1 X144.642 Y259.996
G1 X145.052 Y260.475
G1 X145.596 Y260.656
G1 X145.719 Y260.621
G1 X145.771 Y260.494
G1 X146.107 Y260.474
G1 X146.158 Y260.365
G1 X146.031 Y259.181
G1 X146.113 Y259.144
G1 X146.304 Y259.246
G1 X146.721 Y259.635
G1 X146.838 Y259.448
G1 X146.758 Y259.190
G1 X146.396 Y258.831
G1 X146.025 Y258.685
G1 X145.773 Y258.779
G1 X145.600 Y259.035
G1 X145.355 Y258.773
G1 X145.054 Y258.685
G1 X144.822 Y258.732
G1 X144.526 Y259.090
G0 Z5.000 F500.000
G0 X145.060 Y259.169 F3000.000
G1 Z1.000 F500.000
G4 P100
G1 X145.204 Y259.106 F1000.000
G1 X145.379 Y259.215
G1 X145.654 Y260.269
G1 X145.331 Y260.137
G1 X145.096 Y259.802
G1 X145.008 Y259.360
G1 X145.060 Y259.169
G0 Z5.000 F500.000
G0 X146.348 Y260.298 F3000.000
G1 Z1.000 F500.000
G4 P100
G1 X146.351 Y260.619 F1000.000
G1 X146.729 Y260.677
G1 X146.946 Y261.515
G1 X147.298 Y262.119
G1 X147.512 Y262.288
G1 X147.898 Y262.305
G1 X148.017 Y262.190
G1 X148.117 Y261.802
G1 X147.981 Y261.198
G1 X147.575 Y260.677
G1 X148.042 Y260.677
G1 X148.138 Y260.648
G1 X148.167 Y260.540
G1 X148.049 Y260.324
G1 X147.188 Y260.252
G1 X147.179 Y259.927
G1 X147.281 Y259.319
G1 X147.413 Y259.188
G1 X147.604 Y259.144
G1 X147.921 Y259.252
G1 X148.358 Y259.635
G1 X148.475 Y259.448
G1 X148.396 Y259.190
G1 X148.004 Y258.827
G1 X147.517 Y258.685
G1 X147.145 Y258.760
G1 X146.879 Y258.984
G1 X146.720 Y259.358
G1 X146.679 Y260.252
G1 X146.348 Y260.298
G0 Z5.000 F500.000
G0 X147.229 Y260.740 F3000.000
G1 Z1.000 F500.000
G4 P100
G1 X147.598 Y261.217 F1000.000
G1 X147.721 Y261.698
G1 X147.629 Y261.944
G1 X147.490 Y261.788
G1 X147.344 Y261.354
G1 X147.229 Y260.740
G0 Z5.000 F500.000
G0 X148.433 Y260.594 F3000.000
G1 Z1.000 F500.000
G4 P100
G1 X148.671 Y260.648 F1000.000
G1 X148.798 Y260.619
G1 X148.833 Y260.531
G1 X148.658 Y259.321
G1 X148.725 Y259.285
G1 X148.881 Y259.410
G1 X149.390 Y260.594
G1 X149.596 Y260.648
G1 X149.729 Y260.625
G1 X149.767 Y260.540
G1 X149.579 Y259.188
G1 X149.667 Y259.144
G1 X149.865 Y259.246
G1 X150.283 Y259.635
G1 X150.400 Y259.448
G1 X150.321 Y259.190
G1 X149.935 Y258.827
G1 X149.467 Y258.685
G1 X149.173 Y258.840
G1 X149.079 Y259.273
G1 X148.867 Y258.837
G1 X148.563 Y258.685
G1 X148.392 Y258.729
G1 X148.256 Y258.858
G1 X148.138 Y259.290
G1 X148.179 Y259.863
G1 X148.317 Y260.415
G1 X148.433 Y260.594
G0 Z5.000 F500.000
G0 X150.109 Y259.914 F3000.000
G1 Z1.000 F500.000
G4 P100
G1 X150.225 Y260.415 F1000.000
G1 X150.348 Y260.592
G1 X150.588 Y260.648
G1 X150.738 Y260.548
G1 X150.567 Y259.648
G1 X150.875 Y260.231
G1 X151.210 Y260.552
G1 X151.513 Y260.648
G1 X151.716 Y260.580
G1 X151.783 Y260.377
G1 X151.739 Y259.797
G1 X151.817 Y259.760
G1 X152.229 Y259.998
G1 X152.346 Y259.823
G1 X152.263 Y259.581
G1 X151.990 Y259.375
G1 X151.658 Y259.290
G1 X151.323 Y259.402
G1 X151.183 Y260.010
G1 X151.019 Y259.871
G1 X150.817 Y259.502
G1 X150.548 Y258.754
G1 X150.358 Y258.685
G1 X150.135 Y258.852
G1 X150.071 Y259.385
G1 X150.109 Y259.914
G0 Z5.000 F500.000
G0 X151.904 Y259.365 F3000.000
G1 Z1.000 F500.000
G4 P100
G1 X152.058 Y259.996 F1000.000
G1 X152.469 Y260.475
G1 X153.013 Y260.656
G1 X153.135 Y260.621
G1 X153.188 Y260.494
G1 X153.524 Y260.474
G1 X153.575 Y260.365
G1 X153.448 Y259.181
G1 X153.529 Y259.144
G1 X153.721 Y259.246
G1 X154.138 Y259.635
G1 X154.254 Y259.448
G1 X154.175 Y259.190
G1 X153.813 Y258.831
G1 X153.442 Y258.685
G1 X153.190 Y258.779
G1 X153.017 Y259.035
G1 X152.772 Y258.773
G1 X152.471 Y258.685
G1 X152.239 Y258.732
G1 X151.943 Y259.090
G1 X151.904 Y259.365
G0 Z5.000 F500.000
G0 X152.477 Y259.169 F3000.000
G1 Z1.000 F500.000
G4 P100
G1 X152.621 Y259.106 F1000.000
G1 X152.796 Y259.215
G1 X153.071 Y260.269
G1 X152.748 Y260.137
G1 X152.513 Y259.802
G1 X152.425 Y259.360
G1 X152.477 Y259.169
G0 Z5.000 F500.000
G0 X153.990 Y259.401 F3000.000
G1 Z1.000 F500.000
G4 P100
G1 X153.946 Y259.881 F1000.000
G1 X154.077 Y261.040
G1 X154.240 Y261.644
G1 X154.465 Y262.156
G1 X154.745 Y262.506
G1 X155.075 Y262.623
G1 X155.254 Y262.577
G1 X155.390 Y262.438
G1 X155.504 Y261.906
G1 X155.435 Y261.371
G1 X154.905 Y260.105
G1 X154.483 Y259.460
G1 X154.579 Y259.217
G1 X154.754 Y259.144
G1 X155.054 Y259.242
G1 X155.496 Y259.635
G1 X155.613 Y259.448
G1 X155.533 Y259.190
G1 X155.144 Y258.827
G1 X154.667 Y258.685
G1 X154.347 Y258.769
G1 X154.123 Y259.019
G1 X153.990 Y259.401
G0 Z5.000 F500.000
G0 X154.454 Y260.023 F3000.000
G1 Z1.000 F500.000
G4 P100
G1 X154.925 Y261.000 F1000.000
G1 X155.100 Y261.894
G1 X155.071 Y262.131
G1 X154.983 Y262.210
G1 X154.767 Y261.865
G1 X154.554 Y261.006
G1 X154.454 Y260.023
G0 Z5.000 F500.000
G0 X156.230 Y260.619 F3000.000
G1 Z1.000 F500.000
G4 P100
G1 X156.608 Y260.677 F1000.000
G1 X156.825 Y261.515
G1 X157.177 Y262.119
G1 X157.391 Y262.288
G1 X157.777 Y262.305
G1 X157.896 Y262.190
G1 X157.996 Y261.802
G1 X157.860 Y261.198
G1 X157.454 Y260.677
G1 X157.921 Y260.677
G1 X158.017 Y260.648
G1 X158.046 Y260.540
G1 X157.928 Y260.324
G1 X157.067 Y260.252
G1 X157.058 Y259.927
G1 X157.160 Y259.319
G1 X157.292 Y259.188
G1 X157.483 Y259.144
G1 X157.800 Y259.252
G1 X158.238 Y259.635
G1 X158.354 Y259.448
G1 X158.275 Y259.190
G1 X157.883 Y258.827
G1 X157.396 Y258.685
G1 X157.024 Y258.760
G1 X156.758 Y258.984
G1 X156.599 Y259.358
G1 X156.558 Y260.252
G1 X156.227 Y260.298
G1 X156.230 Y260.619
G0 Z5.000 F500.000
G0 X157.108 Y260.740 F3000.000
G1 Z1.000 F500.000
G4 P100
G1 X157.477 Y261.217 F1000.000
G1 X157.600 Y261.698
G1 X157.508 Y261.944
G1 X157.369 Y261.788
G1 X157.223 Y261.354
G1 X157.108 Y260.740
G0 Z5.000 F500.000
G0 X158.410 Y260.502 F3000.000
G1 Z1.000 F500.000
G4 P100
G1 X158.896 Y260.648 F1000.000
G1 X159.114 Y260.612
G1 X159.393 Y260.335
G1 X159.378 Y259.847
G1 X159.223 Y259.621
G1 X158.945 Y259.436
G1 X158.525 Y259.294
G1 X158.676 Y259.150
G1 X158.921 Y259.102
G1 X159.348 Y259.233
G1 X159.875 Y259.635
G1 X159.992 Y259.448
G1 X159.913 Y259.190
G1 X159.477 Y258.844
G1 X159.186 Y258.725
G1 X158.486 Y258.745
G1 X158.196 Y258.923
G1 X158.015 Y259.204
G1 X157.954 Y259.573
G1 X158.075 Y260.108
G1 X158.410 Y260.502
G0 Z5.000 F500.000
G0 X158.565 Y260.060 F3000.000
G1 Z1.000 F500.000
G4 P100
G1 X158.458 Y259.627 F1000.000
G1 X158.846 Y259.794
G1 X158.988 Y260.065
G1 X158.944 Y260.192
G1 X158.825 Y260.240
G1 X158.565 Y260.060
G0 Z5.000 F500.000
G0 X159.800 Y260.210 F3000.000
G1 Z1.000 F500.000
G4 P100
G1 X159.929 Y260.544 F1000.000
G1 X160.263 Y260.665
G1 X160.579 Y260.579
G1 X160.796 Y260.331
G1 X161.077 Y260.581
G1 X161.383 Y260.665
G1 X161.631 Y260.590
G1 X161.717 Y260.348
G1 X161.646 Y260.054
G1 X161.475 Y259.948
G1 X161.350 Y259.985
G1 X161.217 Y260.194
G1 X161.110 Y260.100
G1 X160.975 Y259.531
G1 X161.069 Y259.229
G1 X161.325 Y259.123
G1 X161.631 Y259.233
G1 X162.079 Y259.635
G1 X162.196 Y259.448
G1 X162.117 Y259.190
G1 X161.715 Y258.829
G1 X161.221 Y258.685
G1 X160.844 Y258.765
G1 X160.583 Y258.990
G1 X160.324 Y258.765
G1 X160.021 Y258.690
G1 X159.658 Y258.823
G1 X159.525 Y259.177
G1 X159.621 Y259.515
G1 X159.892 Y259.644
G1 X160.004 Y259.616
G1 X160.021 Y259.256
G1 X160.129 Y259.131
G1 X160.281 Y259.225
G1 X160.402 Y259.481
G1 X160.450 Y259.840
G1 X160.413 Y260.092
G1 X160.321 Y260.194
G1 X160.146 Y259.988
G1 X160.000 Y259.948
G1 X159.854 Y260.012
G1 X159.800 Y260.210
G0 Z5.000 F500.000
G0 X161.663 Y260.444 F3000.000
G1 Z1.000 F500.000
G4 P100
G1 X161.709 Y260.619 F1000.000
G1 X162.088 Y260.677
G1 X162.304 Y261.515
G1 X162.656 Y262.119
G1 X162.870 Y262.288
G1 X163.256 Y262.305
G1 X163.375 Y262.190
G1 X163.475 Y261.802
G1 X163.340 Y261.198
G1 X162.933 Y260.677
G1 X163.400 Y260.677
G1 X163.496 Y260.648
G1 X163.525 Y260.540
G1 X163.407 Y260.324
G1 X162.546 Y260.252
G1 X162.538 Y259.927
G1 X162.640 Y259.319
G1 X162.771 Y259.188
G1 X162.963 Y259.144
G1 X163.279 Y259.252
G1 X163.717 Y259.635
G1 X163.833 Y259.448
G1 X163.754 Y259.190
G1 X163.363 Y258.827
G1 X162.875 Y258.685
G1 X162.503 Y258.760
G1 X162.238 Y258.984
G1 X162.078 Y259.358
G1 X162.038 Y260.252
G1 X161.706 Y260.298
G1 X161.663 Y260.444
G0 Z5.000 F500.000
G0 X162.588 Y260.740 F3000.000
G1 Z1.000 F500.000
G4 P100
G1 X162.956 Y261.217 F1000.000
G1 X163.079 Y261.698
G1 X162.988 Y261.944
G1 X162.848 Y261.788
G1 X162.702 Y261.354
G1 X162.588 Y260.740
G0 Z5.000 F500.000
G0 X164.790 Y260.721 F3000.000
G1 Z1.000 F500.000
G4 P100
G1 X164.995 Y261.473 F1000.000
G1 X165.265 Y262.083
G1 X165.582 Y262.488
G1 X165.929 Y262.623
G1 X166.104 Y262.579
G1 X166.235 Y262.448
G1 X166.346 Y261.977
G1 X166.273 Y261.477
G1 X166.053 Y260.954
G1 X165.687 Y260.410
G1 X165.175 Y259.844
G1 X165.162 Y258.246
G1 X165.258 Y257.794
G1 X165.352 Y257.902
G1 X165.383 Y258.227
G1 X165.256 Y259.635
G1 X165.458 Y259.844
G1 X166.263 Y259.873
G1 X166.379 Y259.698
G1 X166.250 Y259.451
G1 X165.863 Y259.369
G1 X165.575 Y259.406
G1 X165.700 Y258.315
G1 X165.664 Y257.918
G1 X165.554 Y257.627
G1 X165.385 Y257.449
G1 X165.171 Y257.390
G1 X164.914 Y257.496
G1 X164.744 Y257.815
G1 X164.648 Y258.348
G1 X164.660 Y259.904
G1 X164.790 Y260.721
G0 Z5.000 F500.000
G0 X165.250 Y260.398 F3000.000
G1 Z1.000 F500.000
G4 P100
G1 X165.763 Y261.188 F1000.000
G1 X165.946 Y261.956
G1 X165.842 Y262.210
G1 X165.656 Y261.956
G1 X165.250 Y260.398
G0 Z5.000 F500.000
G0 X166.306 Y261.040 F3000.000
G1 Z1.000 F500.000
G4 P100
G1 X166.694 Y262.156 F1000.000
G1 X166.974 Y262.506
G1 X167.304 Y262.623
G1 X167.483 Y262.577
G1 X167.619 Y262.438
G1 X167.733 Y261.906
G1 X167.665 Y261.371
G1 X167.134 Y260.105
G1 X166.713 Y259.460
G1 X166.808 Y259.217
G1 X166.983 Y259.144
G1 X167.283 Y259.242
G1 X167.612 Y259.577
G1 X167.725 Y259.635
G1 X167.810 Y259.585
G1 X167.762 Y259.190
G1 X167.373 Y258.827
G1 X166.896 Y258.685
G1 X166.577 Y258.769
G1 X166.352 Y259.019
G1 X166.219 Y259.401
G1 X166.175 Y259.881
G1 X166.306 Y261.040
G0 Z5.000 F500.000
G0 X166.683 Y260.023 F3000.000
G1 Z1.000 F500.000
G4 P100
G1 X167.154 Y261.000 F1000.000
G1 X167.329 Y261.894
G1 X167.300 Y262.131
G1 X167.213 Y262.210
G1 X166.996 Y261.865
G1 X166.783 Y261.006
G1 X166.683 Y260.023
G0 Z5.000 F500.000
G0 X167.562 Y260.125 F3000.000
G1 Z1.000 F500.000
G4 P100
G1 X167.896 Y260.512 F1000.000
G1 X168.367 Y260.652
G1 X168.653 Y260.597
G1 X168.877 Y260.433
G1 X169.104 Y259.894
G1 X169.629 Y259.985
G1 X169.712 Y259.931
G1 X169.711 Y259.634
G1 X169.621 Y259.556
G1 X169.071 Y259.456
G1 X168.953 Y259.141
G1 X168.758 Y258.896
G1 X168.509 Y258.738
G1 X168.229 Y258.685
G1 X167.802 Y258.806
G1 X167.533 Y259.127
G1 X167.442 Y259.560
G1 X167.562 Y260.125
G0 Z5.000 F500.000
G0 X167.962 Y259.598 F3000.000
G1 Z1.000 F500.000
G4 P100
G1 X168.052 Y259.248 F1000.000
G1 X168.262 Y259.127
G1 X168.494 Y259.235
G1 X168.625 Y259.548
G1 X168.427 Y259.777
G1 X168.371 Y260.210
G1 X168.073 Y260.050
G1 X167.962 Y259.598
G0 Z5.000 F500.000
G0 X169.392 Y260.260 F3000.000
G1 Z1.000 F500.000
G4 P100
G1 X169.467 Y260.598 F1000.000
G1 X169.679 Y260.652
G1 X169.840 Y260.604
G1 X169.950 Y259.198
G1 X170.471 Y260.440
G1 X170.581 Y260.608
G1 X170.737 Y260.652
G1 X170.894 Y260.606
G1 X170.937 Y260.444
G1 X170.996 Y259.198
G1 X171.371 Y259.790
G1 X171.308 Y260.077
G1 X171.371 Y260.352
G1 X171.542 Y260.569
G1 X171.787 Y260.652
G1 X171.983 Y260.567
G1 X172.058 Y260.319
G1 X171.958 Y259.890
G1 X172.533 Y259.977
G1 X172.662 Y259.823
G1 X172.612 Y259.621
G1 X172.462 Y259.515
G1 X172.054 Y259.452
G1 X171.708 Y259.502
G1 X171.156 Y258.773
G1 X170.887 Y258.685
G1 X170.635 Y258.815
G1 X170.508 Y259.544
G1 X170.277 Y259.010
G1 X170.073 Y258.756
G1 X169.833 Y258.685
G1 X169.565 Y258.819
G1 X169.442 Y259.240
G1 X169.392 Y260.260
G0 Z5.000 F500.000
G0 X173.481 Y259.399 F3000.000
G1 Z1.000 F500.000
G4 P100
G1 X173.433 Y259.935 F1000.000
G1 X173.567 Y261.104
G1 X173.731 Y261.689
G1 X173.956 Y262.179
G1 X174.237 Y262.512
G1 X174.567 Y262.623
G1 X174.740 Y262.582
G1 X174.875 Y262.458
G1 X174.992 Y262.031
G1 X174.862 Y261.352
G1 X174.433 Y260.644
G1 X174.686 Y260.576
G1 X174.887 Y260.413
G1 X175.096 Y259.894
G1 X175.621 Y259.985
G1 X175.704 Y259.931
G1 X175.704 Y259.633
G1 X175.062 Y259.456
G1 X174.748 Y258.898
G1 X174.505 Y258.739
G1 X174.237 Y258.685
G1 X173.874 Y258.766
G1 X173.625 Y259.006
G1 X173.481 Y259.399
G0 Z5.000 F500.000
G0 X174.044 Y259.252 F3000.000
G1 Z1.000 F500.000
G4 P100
G1 X174.254 Y259.127 F1000.000
G1 X174.483 Y259.235
G1 X174.617 Y259.548
G1 X174.419 Y259.777
G1 X174.367 Y260.235
G1 X174.069 Y260.067
G1 X173.954 Y259.615
G1 X174.044 Y259.252
G0 Z5.000 F500.000
G0 X173.983 Y260.360 F3000.000
G1 Z1.000 F500.000
G4 P100
G1 X174.423 Y261.250 F1000.000
G1 X174.587 Y261.935
G1 X174.556 Y262.140
G1 X174.471 Y262.210
G1 X174.290 Y261.962
G1 X174.108 Y261.290
G1 X173.983 Y260.360
G0 Z5.000 F500.000
G0 X175.433 Y260.108 F3000.000
G1 Z1.000 F500.000
G4 P100
G1 X175.769 Y260.502 F1000.000
G1 X176.254 Y260.648
G1 X176.472 Y260.612
G1 X176.751 Y260.335
G1 X176.736 Y259.847
G1 X176.581 Y259.621
G1 X176.304 Y259.436
G1 X175.883 Y259.294
G1 X176.034 Y259.150
G1 X176.279 Y259.102
G1 X176.706 Y259.233
G1 X177.233 Y259.635
G1 X177.350 Y259.448
G1 X177.271 Y259.190
G1 X176.835 Y258.844
G1 X176.544 Y258.725
G1 X175.845 Y258.745
G1 X175.554 Y258.923
G1 X175.373 Y259.204
G1 X175.312 Y259.573
G1 X175.433 Y260.108
G0 Z5.000 F500.000
G0 X175.817 Y259.627 F3000.000
G1 Z1.000 F500.000
G4 P100
G1 X176.204 Y259.794 F1000.000
G1 X176.346 Y260.065
G1 X176.302 Y260.192
G1 X176.041 Y260.195
G1 X175.923 Y260.060
G1 X175.817 Y259.627
G0 Z5.000 F500.000
G0 X177.072 Y259.904 F3000.000
G1 Z1.000 F500.000
G4 P100
G1 X177.407 Y261.473 F1000.000
G1 X177.677 Y262.083
G1 X177.994 Y262.488
G1 X178.342 Y262.623
G1 X178.516 Y262.579
G1 X178.648 Y262.448
G1 X178.758 Y261.977
G1 X178.685 Y261.477
G1 X178.466 Y260.954
G1 X178.100 Y260.410
G1 X177.587 Y259.844
G1 X177.575 Y258.246
G1 X177.671 Y257.794
G1 X177.765 Y257.902
G1 X177.796 Y258.227
G1 X177.669 Y259.635
G1 X177.871 Y259.844
G1 X178.675 Y259.873
G1 X178.792 Y259.698
G1 X178.662 Y259.451
G1 X178.275 Y259.369
G1 X177.987 Y259.406
G1 X178.112 Y258.315
G1 X178.076 Y257.918
G1 X177.967 Y257.627
G1 X177.798 Y257.449
G1 X177.583 Y257.390
G1 X177.327 Y257.496
G1 X177.156 Y257.815
G1 X177.029 Y259.098
G1 X177.072 Y259.904
G0 Z5.000 F500.000
G0 X177.662 Y260.398 F3000.000
G1 Z1.000 F500.000
G4 P100
G1 X178.175 Y261.188 F1000.000
G1 X178.358 Y261.956
G1 X178.254 Y262.210
G1 X178.069 Y261.956
G1 X177.662 Y260.398
G0 Z5.000 F500.000
G0 X178.950 Y260.512 F3000.000
G1 Z1.000 F500.000
G4 P100
G1 X179.421 Y260.652 F1000.000
G1 X179.707 Y260.597
G1 X179.931 Y260.433
G1 X180.158 Y259.894
G1 X180.683 Y259.985
G1 X180.767 Y259.931
G1 X180.766 Y259.634
G1 X180.675 Y259.556
G1 X180.125 Y259.456
G1 X180.007 Y259.141
G1 X179.812 Y258.896
G1 X179.564 Y258.738
G1 X179.283 Y258.685
G1 X178.856 Y258.806
G1 X178.587 Y259.127
G1 X178.496 Y259.560
G1 X178.617 Y260.125
G1 X178.950 Y260.512
G0 Z5.000 F500.000
G0 X179.127 Y260.050 F3000.000
G1 Z1.000 F500.000
G4 P100
G1 X179.017 Y259.598 F1000.000
G1 X179.106 Y259.248
G1 X179.317 Y259.127
G1 X179.548 Y259.235
G1 X179.679 Y259.548
G1 X179.481 Y259.777
G1 X179.425 Y260.210
G1 X179.127 Y260.050
G0 Z5.000 F500.000
G0 X180.484 Y259.914 F3000.000
G1 Z1.000 F500.000
G4 P100
G1 X180.600 Y260.415 F1000.000
G1 X180.723 Y260.592
G1 X180.962 Y260.648
G1 X181.112 Y260.548
G1 X180.942 Y259.648
G1 X181.250 Y260.231
G1 X181.585 Y260.552
G1 X181.887 Y260.648
G1 X182.091 Y260.580
G1 X182.158 Y260.377
G1 X182.114 Y259.797
G1 X182.192 Y259.760
G1 X182.604 Y259.998
G1 X182.721 Y259.823
G1 X182.637 Y259.581
G1 X182.365 Y259.375
G1 X182.033 Y259.290
G1 X181.698 Y259.402
G1 X181.558 Y260.010
G1 X181.394 Y259.871
G1 X181.192 Y259.502
G1 X180.923 Y258.754
G1 X180.733 Y258.685
G1 X180.510 Y258.852
G1 X180.446 Y259.385
G1 X180.484 Y259.914
G0 Z5.000 F500.000
G0 X182.271 Y259.573 F3000.000
G1 Z1.000 F500.000
G4 P100
G1 X182.392 Y260.108 F1000.000
G1 X182.727 Y260.502
G1 X183.212 Y260.648
G1 X183.430 Y260.612
G1 X183.709 Y260.335
G1 X183.694 Y259.847
G1 X183.540 Y259.621
G1 X183.262 Y259.436
G1 X182.842 Y259.294
G1 X182.993 Y259.150
G1 X183.237 Y259.102
G1 X183.665 Y259.233
G1 X184.192 Y259.635
G1 X184.308 Y259.448
G1 X184.229 Y259.190
G1 X183.794 Y258.844
G1 X183.192 Y258.685
G1 X182.803 Y258.745
G1 X182.512 Y258.923
G1 X182.331 Y259.204
G1 X182.271 Y259.573
G0 Z5.000 F500.000
G0 X182.775 Y259.627 F3000.000
G1 Z1.000 F500.000
G4 P100
G1 X183.162 Y259.794 F1000.000
G1 X183.304 Y260.065
G1 X183.260 Y260.192
G1 X182.999 Y260.195
G1 X182.881 Y260.060
G1 X182.775 Y259.627
G0 Z5.000 F500.000
G0 X184.879 Y260.444 F3000.000
G1 Z1.000 F500.000
G4 P100
G1 X184.926 Y260.619 F1000.000
G1 X185.304 Y260.677
G1 X185.521 Y261.515
G1 X185.873 Y262.119
G1 X186.087 Y262.288
G1 X186.473 Y262.305
G1 X186.592 Y262.190
G1 X186.692 Y261.802
G1 X186.556 Y261.198
G1 X186.150 Y260.677
G1 X186.617 Y260.677
G1 X186.712 Y260.648
G1 X186.742 Y260.540
G1 X186.624 Y260.324
G1 X185.762 Y260.252
G1 X185.754 Y259.927
G1 X185.856 Y259.319
G1 X185.988 Y259.188
G1 X186.179 Y259.144
G1 X186.496 Y259.252
G1 X186.933 Y259.635
G1 X187.050 Y259.448
G1 X186.971 Y259.190
G1 X186.579 Y258.827
G1 X186.092 Y258.685
G1 X185.720 Y258.760
G1 X185.454 Y258.984
G1 X185.295 Y259.358
G1 X185.254 Y260.252
G1 X184.923 Y260.298
G1 X184.879 Y260.444
G0 Z5.000 F500.000
G0 X185.804 Y260.740 F3000.000
G1 Z1.000 F500.000
G4 P100
G1 X186.173 Y261.217 F1000.000
G1 X186.296 Y261.698
G1 X186.204 Y261.944
G1 X186.065 Y261.788
G1 X185.919 Y261.354
G1 X185.804 Y260.740
G0 Z5.000 F500.000
G0 X186.873 Y260.981 F3000.000
G1 Z1.000 F500.000
G4 P100
G1 X187.260 Y262.150 F1000.000
G1 X187.542 Y262.505
G1 X187.875 Y262.623
G1 X188.048 Y262.582
G1 X188.185 Y262.458
G1 X188.304 Y262.031
G1 X188.243 Y261.603
G1 X188.058 Y261.158
G1 X187.258 Y260.102
G1 X187.246 Y259.656
G1 X187.552 Y260.233
G1 X187.885 Y260.552
G1 X188.187 Y260.648
G1 X188.391 Y260.580
G1 X188.458 Y260.377
G1 X188.318 Y259.185
G1 X188.408 Y259.144
G1 X188.606 Y259.246
G1 X189.025 Y259.635
G1 X189.142 Y259.448
G1 X189.062 Y259.190
G1 X188.669 Y258.827
G1 X188.208 Y258.685
G1 X187.887 Y258.808
G1 X187.779 Y259.165
G1 X187.892 Y259.944
G1 X187.846 Y260.010
G1 X187.492 Y259.502
G1 X187.192 Y258.769
G1 X186.937 Y258.685
G1 X186.773 Y258.775
G1 X186.742 Y259.644
G1 X186.873 Y260.981
G0 Z5.000 F500.000
G0 X187.304 Y260.623 F3000.000
G1 Z1.000 F500.000
G4 P100
G1 X187.731 Y261.285 F1000.000
G1 X187.900 Y261.935
G1 X187.871 Y262.140
G1 X187.787 Y262.210
G1 X187.621 Y261.996
G1 X187.444 Y261.417
G1 X187.304 Y260.623
G0 Z5.000 F500.000
G0 X188.862 Y260.108 F3000.000
G1 Z1.000 F500.000
G4 P100
G1 X189.198 Y260.502 F1000.000
G1 X189.683 Y260.648
G1 X189.901 Y260.612
G1 X190.180 Y260.335
G1 X190.165 Y259.847
G1 X190.010 Y259.621
G1 X189.733 Y259.436
G1 X189.312 Y259.294
G1 X189.464 Y259.150
G1 X189.708 Y259.102
G1 X190.135 Y259.233
G1 X190.662 Y259.635
G1 X190.779 Y259.448
G1 X190.700 Y259.190
G1 X190.265 Y258.844
G1 X189.973 Y258.725
G1 X189.274 Y258.745
G1 X188.983 Y258.923
G1 X188.802 Y259.204
G1 X188.742 Y259.573
G1 X188.862 Y260.108
G0 Z5.000 F500.000
G0 X189.246 Y259.627 F3000.000
G1 Z1.000 F500.000
G4 P100
G1 X189.633 Y259.794 F1000.000
G1 X189.775 Y260.065
G1 X189.731 Y260.192
G1 X189.470 Y260.195
G1 X189.352 Y260.060
G1 X189.246 Y259.627
G0 Z5.000 F500.000
G0 X191.590 Y259.867 F3000.000
G1 Z1.000 F500.000
G4 P100
G1 X191.812 Y260.598 F1000.000
G1 X192.172 Y260.613
G1 X192.225 Y260.506
G1 X192.046 Y259.402
G1 X192.079 Y259.210
G1 X192.192 Y259.144
G1 X192.379 Y259.248
G1 X192.792 Y259.635
G1 X192.908 Y259.448
G1 X192.829 Y259.190
G1 X192.430 Y258.811
G1 X192.058 Y258.685
G1 X191.824 Y258.733
G1 X191.665 Y258.877
G1 X191.542 Y259.385
G1 X191.590 Y259.867
G0 Z5.000 F500.000
G0 X192.092 Y260.923 F3000.000
G1 Z1.000 F500.000
G4 P100
G1 X191.829 Y261.004 F1000.000
G1 X191.742 Y261.231
G1 X191.856 Y261.475
G1 X192.142 Y261.573
G1 X192.392 Y261.498
G1 X192.487 Y261.285
G1 X192.379 Y261.021
G1 X192.092 Y260.923
G0 Z5.000 F500.000
G0 X192.856 Y260.592 F3000.000
G1 Z1.000 F500.000
G4 P100
G1 X193.096 Y260.648 F1000.000
G1 X193.246 Y260.548
G1 X193.075 Y259.652
G1 X193.344 Y260.202
G1 X193.665 Y260.538
G1 X193.975 Y260.648
G1 X194.181 Y260.581
G1 X194.242 Y260.377
G1 X194.117 Y259.669
G1 X194.579 Y260.415
G1 X195.054 Y260.648
G1 X195.257 Y260.580
G1 X195.325 Y260.377
G1 X195.184 Y259.185
G1 X195.275 Y259.144
G1 X195.473 Y259.246
G1 X195.892 Y259.635
G1 X196.008 Y259.448
G1 X195.929 Y259.190
G1 X195.544 Y258.827
G1 X195.075 Y258.685
G1 X194.754 Y258.808
G1 X194.646 Y259.165
G1 X194.758 Y259.944
G1 X194.712 Y260.010
G1 X194.358 Y259.502
G1 X194.090 Y258.752
G1 X193.896 Y258.685
G1 X193.690 Y258.817
G1 X193.621 Y259.135
G1 X193.650 Y260.010
G1 X193.492 Y259.860
G1 X193.306 Y259.477
G1 X193.056 Y258.754
G1 X192.867 Y258.685
G1 X192.732 Y258.727
G1 X192.644 Y258.852
G1 X192.579 Y259.385
G1 X192.618 Y259.914
G1 X192.733 Y260.415
G1 X192.856 Y260.592
G0 Z5.000 F500.000
G0 X195.771 Y259.996 F3000.000
G1 Z1.000 F500.000
G4 P100
G1 X196.181 Y260.475 F1000.000
G1 X196.445 Y260.611
G1 X196.725 Y260.656
G1 X196.848 Y260.621
G1 X196.900 Y260.494
G1 X197.236 Y260.474
G1 X197.287 Y260.365
G1 X197.160 Y259.181
G1 X197.242 Y259.144
G1 X197.433 Y259.246
G1 X197.850 Y259.635
G1 X197.967 Y259.448
G1 X197.887 Y259.190
G1 X197.525 Y258.831
G1 X197.154 Y258.685
G1 X196.902 Y258.779
G1 X196.729 Y259.035
G1 X196.484 Y258.773
G1 X196.183 Y258.685
G1 X195.951 Y258.732
G1 X195.655 Y259.090
G1 X195.617 Y259.365
G1 X195.771 Y259.996
G0 Z5.000 F500.000
G0 X196.137 Y259.360 F3000.000
G1 Z1.000 F500.000
G4 P100
G1 X196.190 Y259.169 F1000.000
G1 X196.333 Y259.106
G1 X196.508 Y259.215
G1 X196.783 Y260.269
G1 X196.460 Y260.137
G1 X196.225 Y259.802
G1 X196.137 Y259.360
G0 Z5.000 F500.000
G0 X197.575 Y259.365 F3000.000
G1 Z1.000 F500.000
G4 P100
G1 X197.729 Y259.996 F1000.000
G1 X198.140 Y260.475
G1 X198.683 Y260.656
G1 X198.806 Y260.621
G1 X198.858 Y260.494
G1 X199.190 Y260.479
G1 X199.233 Y260.356
G1 X199.050 Y259.152
G1 X199.667 Y259.594
G1 X199.848 Y259.575
G1 X199.879 Y259.444
G1 X199.758 Y259.198
G1 X198.967 Y258.660
G1 X198.784 Y257.890
G1 X198.552 Y257.304
G1 X198.261 Y256.934
G1 X197.900 Y256.810
G1 X197.554 Y256.942
G1 X197.421 Y257.285
G1 X197.479 Y257.592
G1 X197.654 Y257.921
G1 X197.990 Y258.299
G1 X198.529 Y258.756
G1 X198.554 Y258.919
G1 X198.369 Y258.746
G1 X198.142 Y258.685
G1 X197.909 Y258.732
G1 X197.614 Y259.090
G1 X197.575 Y259.365
G0 Z5.000 F500.000
G0 X198.148 Y259.169 F3000.000
G1 Z1.000 F500.000
G4 P100
G1 X198.292 Y259.106 F1000.000
G1 X198.475 Y259.223
G1 X198.733 Y260.269
G1 X198.417 Y260.137
G1 X198.183 Y259.802
G1 X198.096 Y259.360
G1 X198.148 Y259.169
G0 Z5.000 F500.000
G0 X198.433 Y258.260 F3000.000
G1 Z1.000 F500.000
G4 P100
G1 X197.971 Y257.765 F1000.000
G1 X197.829 Y257.377
G1 X197.856 Y257.260
G1 X197.946 Y257.215
G1 X198.181 Y257.465
G1 X198.433 Y258.260
G0 Z5.000 F500.000
G0 X199.804 Y258.923 F3000.000
G1 Z1.000 F500.000
G4 P100
G1 X199.623 Y259.204 F1000.000
G1 X199.562 Y259.573
G1 X199.683 Y260.108
G1 X200.019 Y260.502
G1 X200.504 Y260.648
G1 X200.722 Y260.612
G1 X201.001 Y260.335
G1 X200.986 Y259.847
G1 X200.831 Y259.621
G1 X200.554 Y259.436
G1 X200.133 Y259.294
G1 X200.284 Y259.150
G1 X200.529 Y259.102
G1 X200.956 Y259.233
G1 X201.483 Y259.635
G1 X201.600 Y259.448
G1 X201.521 Y259.190
G1 X201.085 Y258.844
G1 X200.794 Y258.725
G1 X200.095 Y258.745
G1 X199.804 Y258.923
G0 Z5.000 F500.000
G0 X200.067 Y259.627 F3000.000
G1 Z1.000 F500.000
G4 P100
G1 X200.454 Y259.794 F1000.000
G1 X200.596 Y260.065
G1 X200.552 Y260.192
G1 X200.291 Y260.195
G1 X200.173 Y260.060
G1 X200.067 Y259.627
G0 Z5.000 F500.000
G0 X201.535 Y259.348 F3000.000
G1 Z1.000 F500.000
G4 P100
G1 X201.833 Y259.460 F1000.000
G1 X202.110 Y259.371
G1 X202.204 Y259.106
G1 X202.096 Y258.800
G1 X201.800 Y258.685
G1 X201.523 Y258.785
G1 X201.429 Y259.048
G1 X201.535 Y259.348
G0 Z5.000 F500.000
G0 X19.221 Y247.802 F3000.000
G1 Z1.000 F500.000
G4 P100
G1 X19.142 Y247.544 F1000.000
G1 X18.712 Y247.160
G1 X18.267 Y247.040
G1 X17.951 Y247.092
G1 X17.712 Y247.250
G1 X17.562 Y247.496
G1 X17.512 Y247.815
G1 X17.854 Y249.773
G1 X17.779 Y249.985
G1 X17.567 Y250.065
G1 X17.317 Y249.998
G1 X17.067 Y249.798
G1 X16.826 Y249.449
G1 X16.415 Y248.261
G1 X16.185 Y247.123
G1 X15.967 Y247.040
G1 X15.746 Y247.108
G1 X15.679 Y247.369
G1 X15.963 Y249.390
G1 X15.970 Y250.030
G1 X15.867 Y250.077
G1 X15.606 Y249.967
G1 X15.142 Y249.535
G1 X15.040 Y249.592
G1 X15.021 Y249.854
G1 X15.567 Y250.442
G1 X16.092 Y250.594
G1 X16.292 Y250.558
G1 X16.435 Y250.452
G1 X16.550 Y250.040
G1 X16.483 Y249.340
G1 X16.720 Y249.882
G1 X17.012 Y250.275
G1 X17.361 Y250.514
G1 X17.767 Y250.594
G1 X18.066 Y250.545
G1 X18.281 Y250.400
G1 X18.411 Y250.173
G1 X18.454 Y249.881
G1 X18.146 Y248.244
G1 X18.104 Y247.885
G1 X18.185 Y247.623
G1 X18.413 Y247.535
G1 X18.681 Y247.627
G1 X19.104 Y247.990
G1 X19.221 Y247.802
G0 Z5.000 F500.000
G0 X19.350 Y247.715 F3000.000
G1 Z1.000 F500.000
G4 P100
G1 X19.402 Y247.523 F1000.000
G1 X19.546 Y247.460
G1 X19.721 Y247.569
G1 X19.996 Y248.623
G1 X19.673 Y248.492
G1 X19.438 Y248.156
G1 X19.350 Y247.715
G0 Z5.000 F500.000
G0 X18.983 Y248.350 F3000.000
G1 Z1.000 F500.000
G4 P100
G1 X19.394 Y248.829 F1000.000
G1 X19.658 Y248.965
G1 X19.938 Y249.010
G1 X20.060 Y248.975
G1 X20.113 Y248.848
G1 X20.449 Y248.828
G1 X20.500 Y248.719
G1 X20.373 Y247.535
G1 X20.454 Y247.498
G1 X20.646 Y247.600
G1 X21.062 Y247.990
G1 X21.179 Y247.802
G1 X21.100 Y247.544
G1 X20.738 Y247.185
G1 X20.367 Y247.040
G1 X20.115 Y247.133
G1 X19.942 Y247.390
G1 X19.697 Y247.127
G1 X19.396 Y247.040
G1 X19.164 Y247.086
G1 X18.868 Y247.444
G1 X18.829 Y247.719
G1 X18.983 Y248.350
G0 Z5.000 F500.000
G0 X20.690 Y248.652 F3000.000
G1 Z1.000 F500.000
G4 P100
G1 X20.693 Y248.973 F1000.000
G1 X21.071 Y249.031
G1 X21.288 Y249.869
G1 X21.640 Y250.473
G1 X21.854 Y250.642
G1 X22.240 Y250.659
G1 X22.358 Y250.544
G1 X22.458 Y250.156
G1 X22.323 Y249.552
G1 X21.917 Y249.031
G1 X22.383 Y249.031
G1 X22.479 Y249.002
G1 X22.508 Y248.894
G1 X22.391 Y248.678
G1 X21.529 Y248.606
G1 X21.521 Y248.281
G1 X21.623 Y247.673
G1 X21.755 Y247.542
G1 X21.946 Y247.498
G1 X22.262 Y247.606
G1 X22.700 Y247.990
G1 X22.817 Y247.802
G1 X22.738 Y247.544
G1 X22.346 Y247.181
G1 X21.858 Y247.040
G1 X21.486 Y247.114
G1 X21.221 Y247.339
G1 X21.061 Y247.712
G1 X21.021 Y248.606
G1 X20.690 Y248.652
G0 Z5.000 F500.000
G0 X21.571 Y249.094 F3000.000
G1 Z1.000 F500.000
G4 P100
G1 X21.940 Y249.571 F1000.000
G1 X22.062 Y250.052
G1 X21.971 Y250.298
G1 X21.831 Y250.142
G1 X21.685 Y249.708
G1 X21.571 Y249.094
G0 Z5.000 F500.000
G0 X22.775 Y248.948 F3000.000
G1 Z1.000 F500.000
G4 P100
G1 X23.013 Y249.002 F1000.000
G1 X23.140 Y248.973
G1 X23.175 Y248.885
G1 X23.000 Y247.675
G1 X23.067 Y247.640
G1 X23.223 Y247.765
G1 X23.731 Y248.948
G1 X23.938 Y249.002
G1 X24.071 Y248.979
G1 X24.108 Y248.894
G1 X23.921 Y247.542
G1 X24.008 Y247.498
G1 X24.206 Y247.600
G1 X24.625 Y247.990
G1 X24.742 Y247.802
G1 X24.663 Y247.544
G1 X24.277 Y247.181
G1 X23.808 Y247.040
G1 X23.515 Y247.194
G1 X23.421 Y247.627
G1 X23.208 Y247.192
G1 X22.904 Y247.040
G1 X22.734 Y247.083
G1 X22.598 Y247.213
G1 X22.479 Y247.644
G1 X22.521 Y248.217
G1 X22.658 Y248.769
G1 X22.775 Y248.948
G0 Z5.000 F500.000
G0 X24.451 Y248.268 F3000.000
G1 Z1.000 F500.000
G4 P100
G1 X24.567 Y248.769 F1000.000
G1 X24.690 Y248.946
G1 X24.929 Y249.002
G1 X25.079 Y248.902
G1 X24.908 Y248.002
G1 X25.217 Y248.585
G1 X25.552 Y248.906
G1 X25.854 Y249.002
G1 X26.057 Y248.934
G1 X26.125 Y248.731
G1 X26.080 Y248.151
G1 X26.158 Y248.115
G1 X26.571 Y248.352
G1 X26.688 Y248.177
G1 X26.604 Y247.935
G1 X26.331 Y247.729
G1 X26.000 Y247.644
G1 X25.665 Y247.756
G1 X25.525 Y248.365
G1 X25.360 Y248.225
G1 X25.158 Y247.856
G1 X24.890 Y247.108
G1 X24.700 Y247.040
G1 X24.477 Y247.206
G1 X24.413 Y247.740
G1 X24.451 Y248.268
G0 Z5.000 F500.000
G0 X26.246 Y247.719 F3000.000
G1 Z1.000 F500.000
G4 P100
G1 X26.400 Y248.350 F1000.000
G1 X26.810 Y248.829
G1 X27.354 Y249.010
G1 X27.477 Y248.975
G1 X27.529 Y248.848
G1 X27.866 Y248.828
G1 X27.917 Y248.719
G1 X27.790 Y247.535
G1 X27.871 Y247.498
G1 X28.062 Y247.600
G1 X28.479 Y247.990
G1 X28.596 Y247.802
G1 X28.517 Y247.544
G1 X28.154 Y247.185
G1 X27.783 Y247.040
G1 X27.531 Y247.133
G1 X27.358 Y247.390
G1 X27.114 Y247.127
G1 X26.812 Y247.040
G1 X26.580 Y247.086
G1 X26.284 Y247.444
G1 X26.246 Y247.719
G0 Z5.000 F500.000
G0 X26.819 Y247.523 F3000.000
G1 Z1.000 F500.000
G4 P100
G1 X26.963 Y247.460 F1000.000
G1 X27.138 Y247.569
G1 X27.413 Y248.623
G1 X27.090 Y248.492
G1 X26.854 Y248.156
G1 X26.767 Y247.715
G1 X26.819 Y247.523
G0 Z5.000 F500.000
G0 X28.332 Y247.755 F3000.000
G1 Z1.000 F500.000
G4 P100
G1 X28.288 Y248.235 F1000.000
G1 X28.419 Y249.394
G1 X28.581 Y249.998
G1 X28.806 Y250.510
G1 X29.087 Y250.860
G1 X29.417 Y250.977
G1 X29.595 Y250.931
G1 X29.731 Y250.792
G1 X29.846 Y250.260
G1 X29.777 Y249.725
G1 X29.247 Y248.459
G1 X28.825 Y247.815
G1 X28.921 Y247.571
G1 X29.096 Y247.498
G1 X29.396 Y247.596
G1 X29.837 Y247.990
G1 X29.954 Y247.802
G1 X29.875 Y247.544
G1 X29.485 Y247.181
G1 X29.008 Y247.040
G1 X28.689 Y247.123
G1 X28.465 Y247.373
G1 X28.332 Y247.755
G0 Z5.000 F500.000
G0 X28.796 Y248.377 F3000.000
G1 Z1.000 F500.000
G4 P100
G1 X29.267 Y249.354 F1000.000
G1 X29.442 Y250.248
G1 X29.413 Y250.485
G1 X29.325 Y250.565
G1 X29.108 Y250.219
G1 X28.896 Y249.360
G1 X28.796 Y248.377
G0 Z5.000 F500.000
G0 X30.572 Y248.973 F3000.000
G1 Z1.000 F500.000
G4 P100
G1 X30.950 Y249.031 F1000.000
G1 X31.167 Y249.869
G1 X31.519 Y250.473
G1 X31.733 Y250.642
G1 X32.119 Y250.659
G1 X32.238 Y250.544
G1 X32.338 Y250.156
G1 X32.202 Y249.552
G1 X31.796 Y249.031
G1 X32.263 Y249.031
G1 X32.358 Y249.002
G1 X32.388 Y248.894
G1 X32.270 Y248.678
G1 X31.408 Y248.606
G1 X31.400 Y248.281
G1 X31.502 Y247.673
G1 X31.634 Y247.542
G1 X31.825 Y247.498
G1 X32.142 Y247.606
G1 X32.579 Y247.990
G1 X32.696 Y247.802
G1 X32.617 Y247.544
G1 X32.225 Y247.181
G1 X31.738 Y247.040
G1 X31.366 Y247.114
G1 X31.100 Y247.339
G1 X30.941 Y247.712
G1 X30.900 Y248.606
G1 X30.569 Y248.652
G1 X30.572 Y248.973
G0 Z5.000 F500.000
G0 X31.450 Y249.094 F3000.000
G1 Z1.000 F500.000
G4 P100
G1 X31.819 Y249.571 F1000.000
G1 X31.942 Y250.052
G1 X31.850 Y250.298
G1 X31.710 Y250.142
G1 X31.565 Y249.708
G1 X31.450 Y249.094
G0 Z5.000 F500.000
G0 X32.752 Y248.856 F3000.000
G1 Z1.000 F500.000
G4 P100
G1 X33.237 Y249.002 F1000.000
G1 X33.455 Y248.966
G1 X33.734 Y248.689
G1 X33.719 Y248.202
G1 X33.565 Y247.975
G1 X33.287 Y247.790
G1 X32.867 Y247.648
G1 X33.018 Y247.504
G1 X33.263 Y247.456
G1 X33.690 Y247.588
G1 X34.217 Y247.990
G1 X34.333 Y247.802
G1 X34.254 Y247.544
G1 X33.819 Y247.198
G1 X33.528 Y247.079
G1 X32.828 Y247.099
G1 X32.538 Y247.277
G1 X32.356 Y247.558
G1 X32.296 Y247.927
G1 X32.417 Y248.463
G1 X32.752 Y248.856
G0 Z5.000 F500.000
G0 X32.906 Y248.415 F3000.000
G1 Z1.000 F500.000
G4 P100
G1 X32.800 Y247.981 F1000.000
G1 X33.188 Y248.148
G1 X33.329 Y248.419
G1 X33.285 Y248.546
G1 X33.167 Y248.594
G1 X32.906 Y248.415
G0 Z5.000 F500.000
G0 X34.142 Y248.565 F3000.000
G1 Z1.000 F500.000
G4 P100
G1 X34.271 Y248.898 F1000.000
G1 X34.604 Y249.019
G1 X34.921 Y248.933
G1 X35.138 Y248.685
G1 X35.419 Y248.935
G1 X35.725 Y249.019
G1 X35.973 Y248.944
G1 X36.058 Y248.702
G1 X35.987 Y248.408
G1 X35.817 Y248.302
G1 X35.692 Y248.340
G1 X35.558 Y248.548
G1 X35.452 Y248.454
G1 X35.317 Y247.885
G1 X35.410 Y247.583
G1 X35.667 Y247.477
G1 X35.973 Y247.588
G1 X36.421 Y247.990
G1 X36.538 Y247.802
G1 X36.458 Y247.544
G1 X36.056 Y247.183
G1 X35.562 Y247.040
G1 X35.185 Y247.119
G1 X34.925 Y247.344
G1 X34.666 Y247.119
G1 X34.362 Y247.044
G1 X34.000 Y247.177
G1 X33.867 Y247.531
G1 X33.963 Y247.869
G1 X34.233 Y247.998
G1 X34.346 Y247.970
G1 X34.362 Y247.610
G1 X34.471 Y247.485
G1 X34.623 Y247.579
G1 X34.744 Y247.835
G1 X34.792 Y248.194
G1 X34.754 Y248.446
G1 X34.663 Y248.548
G1 X34.487 Y248.342
G1 X34.342 Y248.302
G1 X34.196 Y248.367
G1 X34.142 Y248.565
G0 Z5.000 F500.000
G0 X36.004 Y248.798 F3000.000
G1 Z1.000 F500.000
G4 P100
G1 X36.051 Y248.973 F1000.000
G1 X36.429 Y249.031
G1 X36.646 Y249.869
G1 X36.998 Y250.473
G1 X37.212 Y250.642
G1 X37.598 Y250.659
G1 X37.717 Y250.544
G1 X37.817 Y250.156
G1 X37.681 Y249.552
G1 X37.275 Y249.031
G1 X37.742 Y249.031
G1 X37.837 Y249.002
G1 X37.867 Y248.894
G1 X37.749 Y248.678
G1 X36.888 Y248.606
G1 X36.879 Y248.281
G1 X36.981 Y247.673
G1 X37.113 Y247.542
G1 X37.304 Y247.498
G1 X37.621 Y247.606
G1 X38.058 Y247.990
G1 X38.175 Y247.802
G1 X38.096 Y247.544
G1 X37.704 Y247.181
G1 X37.217 Y247.040
G1 X36.845 Y247.114
G1 X36.579 Y247.339
G1 X36.420 Y247.712
G1 X36.379 Y248.606
G1 X36.048 Y248.652
G1 X36.004 Y248.798
G0 Z5.000 F500.000
G0 X36.929 Y249.094 F3000.000
G1 Z1.000 F500.000
G4 P100
G1 X37.298 Y249.571 F1000.000
G1 X37.421 Y250.052
G1 X37.329 Y250.298
G1 X37.190 Y250.142
G1 X37.044 Y249.708
G1 X36.929 Y249.094
G0 Z5.000 F500.000
G0 X39.131 Y249.075 F3000.000
G1 Z1.000 F500.000
G4 P100
G1 X39.336 Y249.827 F1000.000
G1 X39.606 Y250.438
G1 X39.923 Y250.842
G1 X40.271 Y250.977
G1 X40.445 Y250.933
G1 X40.577 Y250.802
G1 X40.688 Y250.331
G1 X40.614 Y249.831
G1 X40.395 Y249.308
G1 X40.029 Y248.764
G1 X39.517 Y248.198
G1 X39.504 Y246.600
G1 X39.600 Y246.148
G1 X39.694 Y246.256
G1 X39.725 Y246.581
G1 X39.598 Y247.990
G1 X39.800 Y248.198
G1 X40.604 Y248.227
G1 X40.721 Y248.052
G1 X40.592 Y247.805
G1 X40.204 Y247.723
G1 X39.917 Y247.760
G1 X40.042 Y246.669
G1 X40.005 Y246.272
G1 X39.896 Y245.981
G1 X39.727 Y245.803
G1 X39.513 Y245.744
G1 X39.256 Y245.850
G1 X39.085 Y246.169
G1 X38.990 Y246.702
G1 X39.002 Y248.258
G1 X39.131 Y249.075
G0 Z5.000 F500.000
G0 X39.592 Y248.752 F3000.000
G1 Z1.000 F500.000
G4 P100
G1 X40.104 Y249.542 F1000.000
G1 X40.288 Y250.310
G1 X40.183 Y250.565
G1 X39.998 Y250.310
G1 X39.592 Y248.752
G0 Z5.000 F500.000
G0 X40.648 Y249.394 F3000.000
G1 Z1.000 F500.000
G4 P100
G1 X41.035 Y250.510 F1000.000
G1 X41.316 Y250.860
G1 X41.646 Y250.977
G1 X41.824 Y250.931
G1 X41.960 Y250.792
G1 X42.075 Y250.260
G1 X42.006 Y249.725
G1 X41.476 Y248.459
G1 X41.054 Y247.815
G1 X41.150 Y247.571
G1 X41.325 Y247.498
G1 X41.625 Y247.596
G1 X41.954 Y247.931
G1 X42.067 Y247.990
G1 X42.152 Y247.940
G1 X42.104 Y247.544
G1 X41.715 Y247.181
G1 X41.238 Y247.040
G1 X40.918 Y247.123
G1 X40.694 Y247.373
G1 X40.561 Y247.755
G1 X40.517 Y248.235
G1 X40.648 Y249.394
G0 Z5.000 F500.000
G0 X41.025 Y248.377 F3000.000
G1 Z1.000 F500.000
G4 P100
G1 X41.496 Y249.354 F1000.000
G1 X41.671 Y250.248
G1 X41.642 Y250.485
G1 X41.554 Y250.565
G1 X41.337 Y250.219
G1 X41.125 Y249.360
G1 X41.025 Y248.377
G0 Z5.000 F500.000
G0 X41.904 Y248.479 F3000.000
G1 Z1.000 F500.000
G4 P100
G1 X42.238 Y248.867 F1000.000
G1 X42.708 Y249.006
G1 X42.994 Y248.952
G1 X43.219 Y248.788
G1 X43.446 Y248.248
G1 X43.971 Y248.340
G1 X44.054 Y248.285
G1 X44.053 Y247.989
G1 X43.963 Y247.910
G1 X43.413 Y247.810
G1 X43.295 Y247.495
G1 X43.100 Y247.250
G1 X42.851 Y247.092
G1 X42.571 Y247.040
G1 X42.144 Y247.160
G1 X41.875 Y247.481
G1 X41.783 Y247.915
G1 X41.904 Y248.479
G0 Z5.000 F500.000
G0 X42.304 Y247.952 F3000.000
G1 Z1.000 F500.000
G4 P100
G1 X42.394 Y247.602 F1000.000
G1 X42.604 Y247.481
G1 X42.835 Y247.590
G1 X42.967 Y247.902
G1 X42.769 Y248.131
G1 X42.713 Y248.565
G1 X42.415 Y248.404
G1 X42.304 Y247.952
G0 Z5.000 F500.000
G0 X43.733 Y248.615 F3000.000
G1 Z1.000 F500.000
G4 P100
G1 X43.808 Y248.952 F1000.000
G1 X44.021 Y249.006
G1 X44.181 Y248.958
G1 X44.292 Y247.552
G1 X44.813 Y248.794
G1 X44.923 Y248.963
G1 X45.079 Y249.006
G1 X45.235 Y248.960
G1 X45.279 Y248.798
G1 X45.338 Y247.552
G1 X45.713 Y248.144
G1 X45.650 Y248.431
G1 X45.713 Y248.706
G1 X45.883 Y248.923
G1 X46.129 Y249.006
G1 X46.325 Y248.921
G1 X46.400 Y248.673
G1 X46.300 Y248.244
G1 X46.875 Y248.331
G1 X47.004 Y248.177
G1 X46.954 Y247.975
G1 X46.804 Y247.869
G1 X46.396 Y247.806
G1 X46.050 Y247.856
G1 X45.498 Y247.127
G1 X45.229 Y247.040
G1 X44.977 Y247.169
G1 X44.850 Y247.898
G1 X44.619 Y247.365
G1 X44.415 Y247.110
G1 X44.175 Y247.040
G1 X43.906 Y247.173
G1 X43.783 Y247.594
G1 X43.733 Y248.615
G0 Z5.000 F500.000
G0 X47.823 Y247.753 F3000.000
G1 Z1.000 F500.000
G4 P100
G1 X47.775 Y248.290 F1000.000
G1 X47.908 Y249.458
G1 X48.072 Y250.043
G1 X48.298 Y250.533
G1 X48.579 Y250.866
G1 X48.908 Y250.977
G1 X49.081 Y250.936
G1 X49.217 Y250.812
G1 X49.333 Y250.385
G1 X49.204 Y249.706
G1 X48.775 Y248.998
G1 X49.028 Y248.930
G1 X49.229 Y248.767
G1 X49.438 Y248.248
G1 X49.962 Y248.340
G1 X50.046 Y248.285
G1 X50.046 Y247.988
G1 X49.404 Y247.810
G1 X49.090 Y247.252
G1 X48.846 Y247.093
G1 X48.579 Y247.040
G1 X48.216 Y247.120
G1 X47.967 Y247.360
G1 X47.823 Y247.753
G0 Z5.000 F500.000
G0 X48.385 Y247.606 F3000.000
G1 Z1.000 F500.000
G4 P100
G1 X48.596 Y247.481 F1000.000
G1 X48.825 Y247.590
G1 X48.958 Y247.902
G1 X48.760 Y248.131
G1 X48.708 Y248.590
G1 X48.410 Y248.421
G1 X48.296 Y247.969
G1 X48.385 Y247.606
G0 Z5.000 F500.000
G0 X48.325 Y248.715 F3000.000
G1 Z1.000 F500.000
G4 P100
G1 X48.765 Y249.604 F1000.000
G1 X48.929 Y250.290
G1 X48.898 Y250.494
G1 X48.812 Y250.565
G1 X48.631 Y250.317
G1 X48.450 Y249.644
G1 X48.325 Y248.715
G0 Z5.000 F500.000
G0 X49.775 Y248.463 F3000.000
G1 Z1.000 F500.000
G4 P100
G1 X50.110 Y248.856 F1000.000
G1 X50.596 Y249.002
G1 X50.814 Y248.966
G1 X51.093 Y248.689
G1 X51.078 Y248.202
G1 X50.923 Y247.975
G1 X50.645 Y247.790
G1 X50.225 Y247.648
G1 X50.376 Y247.504
G1 X50.621 Y247.456
G1 X51.048 Y247.588
G1 X51.575 Y247.990
G1 X51.692 Y247.802
G1 X51.612 Y247.544
G1 X51.177 Y247.198
G1 X50.886 Y247.079
G1 X50.186 Y247.099
G1 X49.896 Y247.277
G1 X49.715 Y247.558
G1 X49.654 Y247.927
G1 X49.775 Y248.463
G0 Z5.000 F500.000
G0 X50.158 Y247.981 F3000.000
G1 Z1.000 F500.000
G4 P100
G1 X50.546 Y248.148 F1000.000
G1 X50.688 Y248.419
G1 X50.644 Y248.546
G1 X50.383 Y248.549
G1 X50.265 Y248.415
G1 X50.158 Y247.981
G0 Z5.000 F500.000
G0 X51.414 Y248.258 F3000.000
G1 Z1.000 F500.000
G4 P100
G1 X51.749 Y249.827 F1000.000
G1 X52.019 Y250.438
G1 X52.336 Y250.842
G1 X52.683 Y250.977
G1 X52.858 Y250.933
G1 X52.990 Y250.802
G1 X53.100 Y250.331
G1 X53.027 Y249.831
G1 X52.807 Y249.308
G1 X52.441 Y248.764
G1 X51.929 Y248.198
G1 X51.917 Y246.600
G1 X52.013 Y246.148
G1 X52.106 Y246.256
G1 X52.138 Y246.581
G1 X52.010 Y247.990
G1 X52.212 Y248.198
G1 X53.017 Y248.227
G1 X53.133 Y248.052
G1 X53.004 Y247.805
G1 X52.617 Y247.723
G1 X52.329 Y247.760
G1 X52.454 Y246.669
G1 X52.418 Y246.272
G1 X52.308 Y245.981
G1 X52.140 Y245.803
G1 X51.925 Y245.744
G1 X51.668 Y245.850
G1 X51.498 Y246.169
G1 X51.371 Y247.452
G1 X51.414 Y248.258
G0 Z5.000 F500.000
G0 X52.004 Y248.752 F3000.000
G1 Z1.000 F500.000
G4 P100
G1 X52.517 Y249.542 F1000.000
G1 X52.700 Y250.310
G1 X52.596 Y250.565
G1 X52.410 Y250.310
G1 X52.004 Y248.752
G0 Z5.000 F500.000
G0 X53.292 Y248.867 F3000.000
G1 Z1.000 F500.000
G4 P100
G1 X53.763 Y249.006 F1000.000
G1 X54.048 Y248.952
G1 X54.273 Y248.788
G1 X54.500 Y248.248
G1 X55.025 Y248.340
G1 X55.108 Y248.285
G1 X55.107 Y247.989
G1 X55.017 Y247.910
G1 X54.467 Y247.810
G1 X54.349 Y247.495
G1 X54.154 Y247.250
G1 X53.905 Y247.092
G1 X53.625 Y247.040
G1 X53.198 Y247.160
G1 X52.929 Y247.481
G1 X52.838 Y247.915
G1 X52.958 Y248.479
G1 X53.292 Y248.867
G0 Z5.000 F500.000
G0 X53.469 Y248.404 F3000.000
G1 Z1.000 F500.000
G4 P100
G1 X53.358 Y247.952 F1000.000
G1 X53.448 Y247.602
G1 X53.658 Y247.481
G1 X53.890 Y247.590
G1 X54.021 Y247.902
G1 X53.823 Y248.131
G1 X53.767 Y248.565
G1 X53.469 Y248.404
G0 Z5.000 F500.000
G0 X54.826 Y248.268 F3000.000
G1 Z1.000 F500.000
G4 P100
G1 X54.942 Y248.769 F1000.000
G1 X55.065 Y248.946
G1 X55.304 Y249.002
G1 X55.454 Y248.902
G1 X55.283 Y248.002
G1 X55.592 Y248.585
G1 X55.927 Y248.906
G1 X56.229 Y249.002
G1 X56.432 Y248.934
G1 X56.500 Y248.731
G1 X56.455 Y248.151
G1 X56.533 Y248.115
G1 X56.946 Y248.352
G1 X57.063 Y248.177
G1 X56.979 Y247.935
G1 X56.706 Y247.729
G1 X56.375 Y247.644
G1 X56.040 Y247.756
G1 X55.900 Y248.365
G1 X55.735 Y248.225
G1 X55.533 Y247.856
G1 X55.265 Y247.108
G1 X55.075 Y247.040
G1 X54.852 Y247.206
G1 X54.788 Y247.740
G1 X54.826 Y248.268
G0 Z5.000 F500.000
G0 X56.613 Y247.927 F3000.000
G1 Z1.000 F500.000
G4 P100
G1 X56.733 Y248.463 F1000.000
G1 X57.069 Y248.856
G1 X57.554 Y249.002
G1 X57.772 Y248.966
G1 X58.051 Y248.689
G1 X58.036 Y248.202
G1 X57.881 Y247.975
G1 X57.604 Y247.790
G1 X57.183 Y247.648
G1 X57.334 Y247.504
G1 X57.579 Y247.456
G1 X58.006 Y247.588
G1 X58.533 Y247.990
G1 X58.650 Y247.802
G1 X58.571 Y247.544
G1 X58.135 Y247.198
G1 X57.533 Y247.040
G1 X57.145 Y247.099
G1 X56.854 Y247.277
G1 X56.673 Y247.558
G1 X56.613 Y247.927
G0 Z5.000 F500.000
G0 X57.117 Y247.981 F3000.000
G1 Z1.000 F500.000
G4 P100
G1 X57.504 Y248.148 F1000.000
G1 X57.646 Y248.419
G1 X57.602 Y248.546
G1 X57.341 Y248.549
G1 X57.223 Y248.415
G1 X57.117 Y247.981
G0 Z5.000 F500.000
G0 X59.221 Y248.798 F3000.000
G1 Z1.000 F500.000
G4 P100
G1 X59.268 Y248.973 F1000.000
G1 X59.646 Y249.031
G1 X59.863 Y249.869
G1 X60.215 Y250.473
G1 X60.429 Y250.642
G1 X60.815 Y250.659
G1 X60.933 Y250.544
G1 X61.033 Y250.156
G1 X60.898 Y249.552
G1 X60.492 Y249.031
G1 X60.958 Y249.031
G1 X61.054 Y249.002
G1 X61.083 Y248.894
G1 X60.966 Y248.678
G1 X60.104 Y248.606
G1 X60.096 Y248.281
G1 X60.198 Y247.673
G1 X60.330 Y247.542
G1 X60.521 Y247.498
G1 X60.838 Y247.606
G1 X61.275 Y247.990
G1 X61.392 Y247.802
G1 X61.313 Y247.544
G1 X60.921 Y247.181
G1 X60.433 Y247.040
G1 X60.061 Y247.114
G1 X59.796 Y247.339
G1 X59.636 Y247.712
G1 X59.596 Y248.606
G1 X59.265 Y248.652
G1 X59.221 Y248.798
G0 Z5.000 F500.000
G0 X60.146 Y249.094 F3000.000
G1 Z1.000 F500.000
G4 P100
G1 X60.515 Y249.571 F1000.000
G1 X60.638 Y250.052
G1 X60.546 Y250.298
G1 X60.406 Y250.142
G1 X60.260 Y249.708
G1 X60.146 Y249.094
G0 Z5.000 F500.000
G0 X61.215 Y249.335 F3000.000
G1 Z1.000 F500.000
G4 P100
G1 X61.602 Y250.504 F1000.000
G1 X61.884 Y250.859
G1 X62.217 Y250.977
G1 X62.390 Y250.936
G1 X62.527 Y250.812
G1 X62.646 Y250.385
G1 X62.584 Y249.957
G1 X62.400 Y249.513
G1 X61.600 Y248.456
G1 X61.588 Y248.010
G1 X61.894 Y248.588
G1 X62.227 Y248.906
G1 X62.529 Y249.002
G1 X62.732 Y248.934
G1 X62.800 Y248.731
G1 X62.659 Y247.540
G1 X62.750 Y247.498
G1 X62.948 Y247.600
G1 X63.367 Y247.990
G1 X63.483 Y247.802
G1 X63.404 Y247.544
G1 X63.010 Y247.181
G1 X62.550 Y247.040
G1 X62.229 Y247.163
G1 X62.121 Y247.519
G1 X62.233 Y248.298
G1 X62.188 Y248.365
G1 X61.833 Y247.856
G1 X61.533 Y247.123
G1 X61.279 Y247.040
G1 X61.115 Y247.129
G1 X61.083 Y247.998
G1 X61.215 Y249.335
G0 Z5.000 F500.000
G0 X61.646 Y248.977 F3000.000
G1 Z1.000 F500.000
G4 P100
G1 X62.073 Y249.640 F1000.000
G1 X62.242 Y250.290
G1 X62.213 Y250.494
G1 X62.129 Y250.565
G1 X61.963 Y250.350
G1 X61.785 Y249.771
G1 X61.646 Y248.977
G0 Z5.000 F500.000
G0 X63.204 Y248.463 F3000.000
G1 Z1.000 F500.000
G4 P100
G1 X63.540 Y248.856 F1000.000
G1 X64.025 Y249.002
G1 X64.243 Y248.966
G1 X64.522 Y248.689
G1 X64.507 Y248.202
G1 X64.352 Y247.975
G1 X64.074 Y247.790
G1 X63.654 Y247.648
G1 X63.805 Y247.504
G1 X64.050 Y247.456
G1 X64.477 Y247.588
G1 X65.004 Y247.990
G1 X65.121 Y247.802
G1 X65.042 Y247.544
G1 X64.606 Y247.198
G1 X64.315 Y247.079
G1 X63.616 Y247.099
G1 X63.325 Y247.277
G1 X63.144 Y247.558
G1 X63.083 Y247.927
G1 X63.204 Y248.463
G0 Z5.000 F500.000
G0 X63.588 Y247.981 F3000.000
G1 Z1.000 F500.000
G4 P100
G1 X63.975 Y248.148 F1000.000
G1 X64.117 Y248.419
G1 X64.073 Y248.546
G1 X63.812 Y248.549
G1 X63.694 Y248.415
G1 X63.588 Y247.981
G0 Z5.000 F500.000
G0 X65.931 Y248.221 F3000.000
G1 Z1.000 F500.000
G4 P100
G1 X66.154 Y248.952 F1000.000
G1 X66.514 Y248.967
G1 X66.567 Y248.860
G1 X66.388 Y247.756
G1 X66.421 Y247.565
G1 X66.533 Y247.498
G1 X66.721 Y247.602
G1 X67.133 Y247.990
G1 X67.250 Y247.802
G1 X67.171 Y247.544
G1 X66.772 Y247.166
G1 X66.400 Y247.040
G1 X66.166 Y247.088
G1 X66.006 Y247.231
G1 X65.883 Y247.740
G1 X65.931 Y248.221
G0 Z5.000 F500.000
G0 X66.433 Y249.277 F3000.000
G1 Z1.000 F500.000
G4 P100
G1 X66.171 Y249.358 F1000.000
G1 X66.083 Y249.585
G1 X66.198 Y249.829
G1 X66.483 Y249.927
G1 X66.733 Y249.852
G1 X66.829 Y249.640
G1 X66.721 Y249.375
G1 X66.433 Y249.277
G0 Z5.000 F500.000
G0 X67.198 Y248.946 F3000.000
G1 Z1.000 F500.000
G4 P100
G1 X67.438 Y249.002 F1000.000
G1 X67.588 Y248.902
G1 X67.417 Y248.006
G1 X67.685 Y248.556
G1 X68.006 Y248.892
G1 X68.317 Y249.002
G1 X68.523 Y248.935
G1 X68.583 Y248.731
G1 X68.458 Y248.023
G1 X68.921 Y248.769
G1 X69.396 Y249.002
G1 X69.599 Y248.934
G1 X69.667 Y248.731
G1 X69.526 Y247.540
G1 X69.617 Y247.498
G1 X69.815 Y247.600
G1 X70.233 Y247.990
G1 X70.350 Y247.802
G1 X70.271 Y247.544
G1 X69.885 Y247.181
G1 X69.417 Y247.040
G1 X69.096 Y247.163
G1 X68.988 Y247.519
G1 X69.100 Y248.298
G1 X69.054 Y248.365
G1 X68.700 Y247.856
G1 X68.431 Y247.106
G1 X68.238 Y247.040
G1 X68.031 Y247.171
G1 X67.963 Y247.490
G1 X67.992 Y248.365
G1 X67.833 Y248.215
G1 X67.648 Y247.831
G1 X67.398 Y247.108
G1 X67.208 Y247.040
G1 X67.073 Y247.081
G1 X66.985 Y247.206
G1 X66.921 Y247.740
G1 X66.959 Y248.268
G1 X67.075 Y248.769
G1 X67.198 Y248.946
G0 Z5.000 F500.000
G0 X70.113 Y248.350 F3000.000
G1 Z1.000 F500.000
G4 P100
G1 X70.523 Y248.829 F1000.000
G1 X70.787 Y248.965
G1 X71.067 Y249.010
G1 X71.190 Y248.975
G1 X71.242 Y248.848
G1 X71.578 Y248.828
G1 X71.629 Y248.719
G1 X71.502 Y247.535
G1 X71.583 Y247.498
G1 X71.775 Y247.600
G1 X72.192 Y247.990
G1 X72.308 Y247.802
G1 X72.229 Y247.544
G1 X71.867 Y247.185
G1 X71.496 Y247.040
G1 X71.244 Y247.133
G1 X71.071 Y247.390
G1 X70.826 Y247.127
G1 X70.525 Y247.040
G1 X70.293 Y247.086
G1 X69.997 Y247.444
G1 X69.958 Y247.719
G1 X70.113 Y248.350
G0 Z5.000 F500.000
G0 X70.479 Y247.715 F3000.000
G1 Z1.000 F500.000
G4 P100
G1 X70.531 Y247.523 F1000.000
G1 X70.675 Y247.460
G1 X70.850 Y247.569
G1 X71.125 Y248.623
G1 X70.802 Y248.492
G1 X70.567 Y248.156
G1 X70.479 Y247.715
G0 Z5.000 F500.000
G0 X71.917 Y247.719 F3000.000
G1 Z1.000 F500.000
G4 P100
G1 X72.071 Y248.350 F1000.000
G1 X72.481 Y248.829
G1 X73.025 Y249.010
G1 X73.148 Y248.975
G1 X73.200 Y248.848
G1 X73.531 Y248.833
G1 X73.575 Y248.710
G1 X73.392 Y247.506
G1 X74.008 Y247.948
G1 X74.190 Y247.929
G1 X74.221 Y247.798
G1 X74.100 Y247.552
G1 X73.308 Y247.015
G1 X73.126 Y246.244
G1 X72.894 Y245.658
G1 X72.603 Y245.288
G1 X72.242 Y245.165
G1 X71.896 Y245.296
G1 X71.763 Y245.640
G1 X71.821 Y245.946
G1 X71.996 Y246.275
G1 X72.331 Y246.654
G1 X72.871 Y247.110
G1 X72.896 Y247.273
G1 X72.710 Y247.100
G1 X72.483 Y247.040
G1 X72.251 Y247.086
G1 X71.955 Y247.444
G1 X71.917 Y247.719
G0 Z5.000 F500.000
G0 X72.490 Y247.523 F3000.000
G1 Z1.000 F500.000
G4 P100
G1 X72.633 Y247.460 F1000.000
G1 X72.817 Y247.577
G1 X73.075 Y248.623
G1 X72.758 Y248.492
G1 X72.525 Y248.156
G1 X72.438 Y247.715
G1 X72.490 Y247.523
G0 Z5.000 F500.000
G0 X72.775 Y246.615 F3000.000
G1 Z1.000 F500.000
G4 P100
G1 X72.313 Y246.119 F1000.000
G1 X72.171 Y245.731
G1 X72.198 Y245.615
G1 X72.288 Y245.569
G1 X72.523 Y245.819
G1 X72.775 Y246.615
G0 Z5.000 F500.000
G0 X74.146 Y247.277 F3000.000
G1 Z1.000 F500.000
G4 P100
G1 X73.965 Y247.558 F1000.000
G1 X73.904 Y247.927
G1 X74.025 Y248.463
G1 X74.360 Y248.856
G1 X74.846 Y249.002
G1 X75.064 Y248.966
G1 X75.343 Y248.689
G1 X75.328 Y248.202
G1 X75.173 Y247.975
G1 X74.895 Y247.790
G1 X74.475 Y247.648
G1 X74.626 Y247.504
G1 X74.871 Y247.456
G1 X75.298 Y247.588
G1 X75.825 Y247.990
G1 X75.942 Y247.802
G1 X75.863 Y247.544
G1 X75.427 Y247.198
G1 X75.136 Y247.079
G1 X74.436 Y247.099
G1 X74.146 Y247.277
G0 Z5.000 F500.000
G0 X74.408 Y247.981 F3000.000
G1 Z1.000 F500.000
G4 P100
G1 X74.796 Y248.148 F1000.000
G1 X74.938 Y248.419
G1 X74.894 Y248.546
G1 X74.633 Y248.549
G1 X74.515 Y248.415
G1 X74.408 Y247.981
G0 Z5.000 F500.000
G0 X75.877 Y247.702 F3000.000
G1 Z1.000 F500.000
G4 P100
G1 X76.175 Y247.815 F1000.000
G1 X76.452 Y247.725
G1 X76.546 Y247.460
G1 X76.438 Y247.154
G1 X76.142 Y247.040
G1 X75.865 Y247.140
G1 X75.771 Y247.402
G1 X75.877 Y247.702
G0 Z5.000 F500.000
G0 X78.508 Y247.369 F3000.000
G1 Z1.000 F500.000
G4 P100
G1 X78.833 Y249.890 F1000.000
G1 X78.799 Y250.030
G1 X78.696 Y250.077
G1 X78.435 Y249.967
G1 X77.971 Y249.535
G1 X77.825 Y249.719
G1 X77.942 Y250.010
G1 X78.396 Y250.442
G1 X78.921 Y250.594
G1 X79.121 Y250.558
G1 X79.265 Y250.452
G1 X79.379 Y250.040
G1 X79.313 Y249.340
G1 X79.549 Y249.882
G1 X79.842 Y250.275
G1 X80.191 Y250.514
G1 X80.596 Y250.594
G1 X80.895 Y250.545
G1 X81.110 Y250.400
G1 X81.240 Y250.173
G1 X81.283 Y249.881
G1 X80.933 Y247.885
G1 X81.015 Y247.623
G1 X81.242 Y247.535
G1 X81.510 Y247.627
G1 X81.933 Y247.990
G1 X82.050 Y247.802
G1 X81.971 Y247.544
G1 X81.542 Y247.160
G1 X81.096 Y247.040
G1 X80.780 Y247.092
G1 X80.542 Y247.250
G1 X80.392 Y247.496
G1 X80.342 Y247.815
G1 X80.683 Y249.773
G1 X80.608 Y249.985
G1 X80.396 Y250.065
G1 X80.146 Y249.998
G1 X79.896 Y249.798
G1 X79.655 Y249.449
G1 X79.244 Y248.261
G1 X79.015 Y247.123
G1 X78.796 Y247.040
G1 X78.575 Y247.108
G1 X78.508 Y247.369
G0 Z5.000 F500.000
G0 X81.697 Y247.444 F3000.000
G1 Z1.000 F500.000
G4 P100
G1 X81.658 Y247.719 F1000.000
G1 X81.813 Y248.350
G1 X82.223 Y248.829
G1 X82.767 Y249.010
G1 X82.890 Y248.975
G1 X82.942 Y248.848
G1 X83.278 Y248.828
G1 X83.329 Y248.719
G1 X83.202 Y247.535
G1 X83.283 Y247.498
G1 X83.475 Y247.600
G1 X83.892 Y247.990
G1 X84.008 Y247.802
G1 X83.929 Y247.544
G1 X83.567 Y247.185
G1 X83.196 Y247.040
G1 X82.944 Y247.133
G1 X82.771 Y247.390
G1 X82.526 Y247.127
G1 X82.225 Y247.040
G1 X81.993 Y247.086
G1 X81.697 Y247.444
G0 Z5.000 F500.000
G0 X82.231 Y247.523 F3000.000
G1 Z1.000 F500.000
G4 P100
G1 X82.375 Y247.460 F1000.000
G1 X82.550 Y247.569
G1 X82.825 Y248.623
G1 X82.502 Y248.492
G1 X82.267 Y248.156
G1 X82.179 Y247.715
G1 X82.231 Y247.523
G0 Z5.000 F500.000
G0 X83.519 Y248.652 F3000.000
G1 Z1.000 F500.000
G4 P100
G1 X83.522 Y248.973 F1000.000
G1 X83.900 Y249.031
G1 X84.117 Y249.869
G1 X84.469 Y250.473
G1 X84.683 Y250.642
G1 X85.069 Y250.659
G1 X85.188 Y250.544
G1 X85.288 Y250.156
G1 X85.152 Y249.552
G1 X84.746 Y249.031
G1 X85.213 Y249.031
G1 X85.308 Y249.002
G1 X85.338 Y248.894
G1 X85.220 Y248.678
G1 X84.358 Y248.606
G1 X84.350 Y248.281
G1 X84.452 Y247.673
G1 X84.584 Y247.542
G1 X84.775 Y247.498
G1 X85.092 Y247.606
G1 X85.529 Y247.990
G1 X85.646 Y247.802
G1 X85.567 Y247.544
G1 X85.175 Y247.181
G1 X84.688 Y247.040
G1 X84.316 Y247.114
G1 X84.050 Y247.339
G1 X83.891 Y247.712
G1 X83.850 Y248.606
G1 X83.519 Y248.652
G0 Z5.000 F500.000
G0 X84.400 Y249.094 F3000.000
G1 Z1.000 F500.000
G4 P100
G1 X84.769 Y249.571 F1000.000
G1 X84.892 Y250.052
G1 X84.800 Y250.298
G1 X84.660 Y250.142
G1 X84.515 Y249.708
G1 X84.400 Y249.094
G0 Z5.000 F500.000
G0 X85.604 Y248.948 F3000.000
G1 Z1.000 F500.000
G4 P100
G1 X85.842 Y249.002 F1000.000
G1 X85.969 Y248.973
G1 X86.004 Y248.885
G1 X85.829 Y247.675
G1 X85.896 Y247.640
G1 X86.052 Y247.765
G1 X86.560 Y248.948
G1 X86.767 Y249.002
G1 X86.900 Y248.979
G1 X86.938 Y248.894
G1 X86.750 Y247.542
G1 X86.838 Y247.498
G1 X87.035 Y247.600
G1 X87.454 Y247.990
G1 X87.571 Y247.802
G1 X87.492 Y247.544
G1 X87.106 Y247.181
G1 X86.638 Y247.040
G1 X86.344 Y247.194
G1 X86.250 Y247.627
G1 X86.038 Y247.192
G1 X85.733 Y247.040
G1 X85.563 Y247.083
G1 X85.427 Y247.213
G1 X85.308 Y247.644
G1 X85.350 Y248.217
G1 X85.488 Y248.769
G1 X85.604 Y248.948
G0 Z5.000 F500.000
G0 X87.280 Y248.268 F3000.000
G1 Z1.000 F500.000
G4 P100
G1 X87.396 Y248.769 F1000.000
G1 X87.519 Y248.946
G1 X87.758 Y249.002
G1 X87.908 Y248.902
G1 X87.738 Y248.002
G1 X88.046 Y248.585
G1 X88.381 Y248.906
G1 X88.683 Y249.002
G1 X88.886 Y248.934
G1 X88.954 Y248.731
G1 X88.909 Y248.151
G1 X88.988 Y248.115
G1 X89.400 Y248.352
G1 X89.517 Y248.177
G1 X89.433 Y247.935
G1 X89.160 Y247.729
G1 X88.829 Y247.644
G1 X88.494 Y247.756
G1 X88.354 Y248.365
G1 X88.190 Y248.225
G1 X87.988 Y247.856
G1 X87.719 Y247.108
G1 X87.529 Y247.040
G1 X87.306 Y247.206
G1 X87.242 Y247.740
G1 X87.280 Y248.268
G0 Z5.000 F500.000
G0 X89.075 Y247.719 F3000.000
G1 Z1.000 F500.000
G4 P100
G1 X89.229 Y248.350 F1000.000
G1 X89.640 Y248.829
G1 X90.183 Y249.010
G1 X90.306 Y248.975
G1 X90.358 Y248.848
G1 X90.695 Y248.828
G1 X90.746 Y248.719
G1 X90.619 Y247.535
G1 X90.700 Y247.498
G1 X90.892 Y247.600
G1 X91.308 Y247.990
G1 X91.425 Y247.802
G1 X91.346 Y247.544
G1 X90.983 Y247.185
G1 X90.613 Y247.040
G1 X90.360 Y247.133
G1 X90.188 Y247.390
G1 X89.943 Y247.127
G1 X89.642 Y247.040
G1 X89.409 Y247.086
G1 X89.114 Y247.444
G1 X89.075 Y247.719
G0 Z5.000 F500.000
G0 X89.648 Y247.523 F3000.000
G1 Z1.000 F500.000
G4 P100
G1 X89.792 Y247.460 F1000.000
G1 X89.967 Y247.569
G1 X90.242 Y248.623
G1 X89.919 Y248.492
G1 X89.683 Y248.156
G1 X89.596 Y247.715
G1 X89.648 Y247.523
G0 Z5.000 F500.000
G0 X91.161 Y247.755 F3000.000
G1 Z1.000 F500.000
G4 P100
G1 X91.117 Y248.235 F1000.000
G1 X91.248 Y249.394
G1 X91.410 Y249.998
G1 X91.635 Y250.510
G1 X91.916 Y250.860
G1 X92.246 Y250.977
G1 X92.424 Y250.931
G1 X92.560 Y250.792
G1 X92.675 Y250.260
G1 X92.606 Y249.725
G1 X92.076 Y248.459
G1 X91.654 Y247.815
G1 X91.750 Y247.571
G1 X91.925 Y247.498
G1 X92.225 Y247.596
G1 X92.667 Y247.990
G1 X92.783 Y247.802
G1 X92.704 Y247.544
G1 X92.315 Y247.181
G1 X91.838 Y247.040
G1 X91.518 Y247.123
G1 X91.294 Y247.373
G1 X91.161 Y247.755
G0 Z5.000 F500.000
G0 X91.625 Y248.377 F3000.000
G1 Z1.000 F500.000
G4 P100
G1 X92.096 Y249.354 F1000.000
G1 X92.271 Y250.248
G1 X92.242 Y250.485
G1 X92.154 Y250.565
G1 X91.938 Y250.219
G1 X91.725 Y249.360
G1 X91.625 Y248.377
G0 Z5.000 F500.000
G0 X93.401 Y248.973 F3000.000
G1 Z1.000 F500.000
G4 P100
G1 X93.779 Y249.031 F1000.000
G1 X93.996 Y249.869
G1 X94.348 Y250.473
G1 X94.562 Y250.642
G1 X94.948 Y250.659
G1 X95.067 Y250.544
G1 X95.167 Y250.156
G1 X95.031 Y249.552
G1 X94.625 Y249.031
G1 X95.092 Y249.031
G1 X95.188 Y249.002
G1 X95.217 Y248.894
G1 X95.099 Y248.678
G1 X94.238 Y248.606
G1 X94.229 Y248.281
G1 X94.331 Y247.673
G1 X94.463 Y247.542
G1 X94.654 Y247.498
G1 X94.971 Y247.606
G1 X95.408 Y247.990
G1 X95.525 Y247.802
G1 X95.446 Y247.544
G1 X95.054 Y247.181
G1 X94.567 Y247.040
G1 X94.195 Y247.114
G1 X93.929 Y247.339
G1 X93.770 Y247.712
G1 X93.729 Y248.606
G1 X93.398 Y248.652
G1 X93.401 Y248.973
G0 Z5.000 F500.000
G0 X94.279 Y249.094 F3000.000
G1 Z1.000 F500.000
G4 P100
G1 X94.648 Y249.571 F1000.000
G1 X94.771 Y250.052
G1 X94.679 Y250.298
G1 X94.540 Y250.142
G1 X94.394 Y249.708
G1 X94.279 Y249.094
G0 Z5.000 F500.000
G0 X95.581 Y248.856 F3000.000
G1 Z1.000 F500.000
G4 P100
G1 X96.067 Y249.002 F1000.000
G1 X96.284 Y248.966
G1 X96.564 Y248.689
G1 X96.548 Y248.202
G1 X96.394 Y247.975
G1 X96.116 Y247.790
G1 X95.696 Y247.648
G1 X95.847 Y247.504
G1 X96.092 Y247.456
G1 X96.519 Y247.588
G1 X97.046 Y247.990
G1 X97.163 Y247.802
G1 X97.083 Y247.544
G1 X96.648 Y247.198
G1 X96.357 Y247.079
G1 X95.657 Y247.099
G1 X95.367 Y247.277
G1 X95.185 Y247.558
G1 X95.125 Y247.927
G1 X95.246 Y248.463
G1 X95.581 Y248.856
G0 Z5.000 F500.000
G0 X95.735 Y248.415 F3000.000
G1 Z1.000 F500.000
G4 P100
G1 X95.629 Y247.981 F1000.000
G1 X96.017 Y248.148
G1 X96.158 Y248.419
G1 X96.115 Y248.546
G1 X95.996 Y248.594
G1 X95.735 Y248.415
G0 Z5.000 F500.000
G0 X96.971 Y248.565 F3000.000
G1 Z1.000 F500.000
G4 P100
G1 X97.100 Y248.898 F1000.000
G1 X97.433 Y249.019
G1 X97.750 Y248.933
G1 X97.967 Y248.685
G1 X98.248 Y248.935
G1 X98.554 Y249.019
G1 X98.802 Y248.944
G1 X98.888 Y248.702
G1 X98.817 Y248.408
G1 X98.646 Y248.302
G1 X98.521 Y248.340
G1 X98.388 Y248.548
G1 X98.281 Y248.454
G1 X98.146 Y247.885
G1 X98.240 Y247.583
G1 X98.496 Y247.477
G1 X98.802 Y247.588
G1 X99.250 Y247.990
G1 X99.367 Y247.802
G1 X99.288 Y247.544
G1 X98.885 Y247.183
G1 X98.392 Y247.040
G1 X98.015 Y247.119
G1 X97.754 Y247.344
G1 X97.495 Y247.119
G1 X97.192 Y247.044
G1 X96.829 Y247.177
G1 X96.696 Y247.531
G1 X96.792 Y247.869
G1 X97.063 Y247.998
G1 X97.175 Y247.970
G1 X97.192 Y247.610
G1 X97.300 Y247.485
G1 X97.452 Y247.579
G1 X97.573 Y247.835
G1 X97.621 Y248.194
G1 X97.583 Y248.446
G1 X97.492 Y248.548
G1 X97.317 Y248.342
G1 X97.171 Y248.302
G1 X97.025 Y248.367
G1 X96.971 Y248.565
G0 Z5.000 F500.000
G0 X98.833 Y248.798 F3000.000
G1 Z1.000 F500.000
G4 P100
G1 X98.880 Y248.973 F1000.000
G1 X99.258 Y249.031
G1 X99.475 Y249.869
G1 X99.827 Y250.473
G1 X100.041 Y250.642
G1 X100.427 Y250.659
G1 X100.546 Y250.544
G1 X100.646 Y250.156
G1 X100.510 Y249.552
G1 X100.104 Y249.031
G1 X100.571 Y249.031
G1 X100.667 Y249.002
G1 X100.696 Y248.894
G1 X100.578 Y248.678
G1 X99.717 Y248.606
G1 X99.708 Y248.281
G1 X99.810 Y247.673
G1 X99.942 Y247.542
G1 X100.133 Y247.498
G1 X100.450 Y247.606
G1 X100.888 Y247.990
G1 X101.004 Y247.802
G1 X100.925 Y247.544
G1 X100.533 Y247.181
G1 X100.046 Y247.040
G1 X99.674 Y247.114
G1 X99.408 Y247.339
G1 X99.249 Y247.712
G1 X99.208 Y248.606
G1 X98.877 Y248.652
G1 X98.833 Y248.798
G0 Z5.000 F500.000
G0 X99.758 Y249.094 F3000.000
G1 Z1.000 F500.000
G4 P100
G1 X100.127 Y249.571 F1000.000
G1 X100.250 Y250.052
G1 X100.158 Y250.298
G1 X100.019 Y250.142
G1 X99.873 Y249.708
G1 X99.758 Y249.094
G0 Z5.000 F500.000
G0 X101.960 Y249.075 F3000.000
G1 Z1.000 F500.000
G4 P100
G1 X102.166 Y249.827 F1000.000
G1 X102.435 Y250.438
G1 X102.753 Y250.842
G1 X103.100 Y250.977
G1 X103.274 Y250.933
G1 X103.406 Y250.802
G1 X103.517 Y250.331
G1 X103.443 Y249.831
G1 X103.224 Y249.308
G1 X102.858 Y248.764
G1 X102.346 Y248.198
G1 X102.333 Y246.600
G1 X102.429 Y246.148
G1 X102.523 Y246.256
G1 X102.554 Y246.581
G1 X102.427 Y247.990
G1 X102.629 Y248.198
G1 X103.433 Y248.227
G1 X103.550 Y248.052
G1 X103.421 Y247.805
G1 X103.033 Y247.723
G1 X102.746 Y247.760
G1 X102.871 Y246.669
G1 X102.834 Y246.272
G1 X102.725 Y245.981
G1 X102.556 Y245.803
G1 X102.342 Y245.744
G1 X102.085 Y245.850
G1 X101.915 Y246.169
G1 X101.819 Y246.702
G1 X101.831 Y248.258
G1 X101.960 Y249.075
G0 Z5.000 F500.000
G0 X102.421 Y248.752 F3000.000
G1 Z1.000 F500.000
G4 P100
G1 X102.933 Y249.542 F1000.000
G1 X103.117 Y250.310
G1 X103.013 Y250.565
G1 X102.827 Y250.310
G1 X102.421 Y248.752
G0 Z5.000 F500.000
G0 X103.477 Y249.394 F3000.000
G1 Z1.000 F500.000
G4 P100
G1 X103.865 Y250.510 F1000.000
G1 X104.145 Y250.860
G1 X104.475 Y250.977
G1 X104.654 Y250.931
G1 X104.790 Y250.792
G1 X104.904 Y250.260
G1 X104.835 Y249.725
G1 X104.305 Y248.459
G1 X103.883 Y247.815
G1 X103.979 Y247.571
G1 X104.154 Y247.498
G1 X104.454 Y247.596
G1 X104.783 Y247.931
G1 X104.896 Y247.990
G1 X104.981 Y247.940
G1 X104.933 Y247.544
G1 X104.544 Y247.181
G1 X104.067 Y247.040
G1 X103.747 Y247.123
G1 X103.523 Y247.373
G1 X103.390 Y247.755
G1 X103.346 Y248.235
G1 X103.477 Y249.394
G0 Z5.000 F500.000
G0 X103.854 Y248.377 F3000.000
G1 Z1.000 F500.000
G4 P100
G1 X104.325 Y249.354 F1000.000
G1 X104.500 Y250.248
G1 X104.471 Y250.485
G1 X104.383 Y250.565
G1 X104.167 Y250.219
G1 X103.954 Y249.360
G1 X103.854 Y248.377
G0 Z5.000 F500.000
G0 X104.733 Y248.479 F3000.000
G1 Z1.000 F500.000
G4 P100
G1 X105.067 Y248.867 F1000.000
G1 X105.538 Y249.006
G1 X105.823 Y248.952
G1 X106.048 Y248.788
G1 X106.275 Y248.248
G1 X106.800 Y248.340
G1 X106.883 Y248.285
G1 X106.882 Y247.989
G1 X106.792 Y247.910
G1 X106.242 Y247.810
G1 X106.124 Y247.495
G1 X105.929 Y247.250
G1 X105.680 Y247.092
G1 X105.400 Y247.040
G1 X104.973 Y247.160
G1 X104.704 Y247.481
G1 X104.613 Y247.915
G1 X104.733 Y248.479
G0 Z5.000 F500.000
G0 X105.133 Y247.952 F3000.000
G1 Z1.000 F500.000
G4 P100
G1 X105.223 Y247.602 F1000.000
G1 X105.433 Y247.481
G1 X105.665 Y247.590
G1 X105.796 Y247.902
G1 X105.598 Y248.131
G1 X105.542 Y248.565
G1 X105.244 Y248.404
G1 X105.133 Y247.952
G0 Z5.000 F500.000
G0 X106.563 Y248.615 F3000.000
G1 Z1.000 F500.000
G4 P100
G1 X106.638 Y248.952 F1000.000
G1 X106.850 Y249.006
G1 X107.010 Y248.958
G1 X107.121 Y247.552
G1 X107.642 Y248.794
G1 X107.752 Y248.963
G1 X107.908 Y249.006
G1 X108.065 Y248.960
G1 X108.108 Y248.798
G1 X108.167 Y247.552
G1 X108.542 Y248.144
G1 X108.479 Y248.431
G1 X108.542 Y248.706
G1 X108.713 Y248.923
G1 X108.958 Y249.006
G1 X109.154 Y248.921
G1 X109.229 Y248.673
G1 X109.129 Y248.244
G1 X109.704 Y248.331
G1 X109.833 Y248.177
G1 X109.783 Y247.975
G1 X109.633 Y247.869
G1 X109.225 Y247.806
G1 X108.879 Y247.856
G1 X108.327 Y247.127
G1 X108.058 Y247.040
G1 X107.806 Y247.169
G1 X107.679 Y247.898
G1 X107.448 Y247.365
G1 X107.244 Y247.110
G1 X107.004 Y247.040
G1 X106.735 Y247.173
G1 X106.613 Y247.594
G1 X106.563 Y248.615
G0 Z5.000 F500.000
G0 X110.652 Y247.753 F3000.000
G1 Z1.000 F500.000
G4 P100
G1 X110.604 Y248.290 F1000.000
G1 X110.738 Y249.458
G1 X110.902 Y250.043
G1 X111.127 Y250.533
G1 X111.408 Y250.866
G1 X111.738 Y250.977
G1 X111.910 Y250.936
G1 X112.046 Y250.812
G1 X112.163 Y250.385
G1 X112.033 Y249.706
G1 X111.604 Y248.998
G1 X111.857 Y248.930
G1 X112.058 Y248.767
G1 X112.267 Y248.248
G1 X112.792 Y248.340
G1 X112.875 Y248.285
G1 X112.875 Y247.988
G1 X112.233 Y247.810
G1 X111.919 Y247.252
G1 X111.676 Y247.093
G1 X111.408 Y247.040
G1 X111.045 Y247.120
G1 X110.796 Y247.360
G1 X110.652 Y247.753
G0 Z5.000 F500.000
G0 X111.215 Y247.606 F3000.000
G1 Z1.000 F500.000
G4 P100
G1 X111.425 Y247.481 F1000.000
G1 X111.654 Y247.590
G1 X111.788 Y247.902
G1 X111.590 Y248.131
G1 X111.538 Y248.590
G1 X111.240 Y248.421
G1 X111.125 Y247.969
G1 X111.215 Y247.606
G0 Z5.000 F500.000
G0 X111.154 Y248.715 F3000.000
G1 Z1.000 F500.000
G4 P100
G1 X111.594 Y249.604 F1000.000
G1 X111.758 Y250.290
G1 X111.727 Y250.494
G1 X111.642 Y250.565
G1 X111.460 Y250.317
G1 X111.279 Y249.644
G1 X111.154 Y248.715
G0 Z5.000 F500.000
G0 X112.604 Y248.463 F3000.000
G1 Z1.000 F500.000
G4 P100
G1 X112.940 Y248.856 F1000.000
G1 X113.425 Y249.002
G1 X113.643 Y248.966
G1 X113.922 Y248.689
G1 X113.907 Y248.202
G1 X113.752 Y247.975
G1 X113.474 Y247.790
G1 X113.054 Y247.648
G1 X113.205 Y247.504
G1 X113.450 Y247.456
G1 X113.877 Y247.588
G1 X114.404 Y247.990
G1 X114.521 Y247.802
G1 X114.442 Y247.544
G1 X114.006 Y247.198
G1 X113.715 Y247.079
G1 X113.016 Y247.099
G1 X112.725 Y247.277
G1 X112.544 Y247.558
G1 X112.483 Y247.927
G1 X112.604 Y248.463
G0 Z5.000 F500.000
G0 X112.988 Y247.981 F3000.000
G1 Z1.000 F500.000
G4 P100
G1 X113.375 Y248.148 F1000.000
G1 X113.517 Y248.419
G1 X113.473 Y248.546
G1 X113.212 Y248.549
G1 X113.094 Y248.415
G1 X112.988 Y247.981
G0 Z5.000 F500.000
G0 X114.243 Y248.258 F3000.000
G1 Z1.000 F500.000
G4 P100
G1 X114.578 Y249.827 F1000.000
G1 X114.848 Y250.438
G1 X115.165 Y250.842
G1 X115.513 Y250.977
G1 X115.687 Y250.933
G1 X115.819 Y250.802
G1 X115.929 Y250.331
G1 X115.856 Y249.831
G1 X115.636 Y249.308
G1 X115.271 Y248.764
G1 X114.758 Y248.198
G1 X114.746 Y246.600
G1 X114.842 Y246.148
G1 X114.935 Y246.256
G1 X114.967 Y246.581
G1 X114.840 Y247.990
G1 X115.042 Y248.198
G1 X115.846 Y248.227
G1 X115.963 Y248.052
G1 X115.833 Y247.805
G1 X115.446 Y247.723
G1 X115.158 Y247.760
G1 X115.283 Y246.669
G1 X115.247 Y246.272
G1 X115.138 Y245.981
G1 X114.969 Y245.803
G1 X114.754 Y245.744
G1 X114.497 Y245.850
G1 X114.327 Y246.169
G1 X114.200 Y247.452
G1 X114.243 Y248.258
G0 Z5.000 F500.000
G0 X114.833 Y248.752 F3000.000
G1 Z1.000 F500.000
G4 P100
G1 X115.346 Y249.542 F1000.000
G1 X115.529 Y250.310
G1 X115.425 Y250.565
G1 X115.240 Y250.310
G1 X114.833 Y248.752
G0 Z5.000 F500.000
G0 X116.121 Y248.867 F3000.000
G1 Z1.000 F500.000
G4 P100
G1 X116.592 Y249.006 F1000.000
G1 X116.878 Y248.952
G1 X117.102 Y248.788
G1 X117.329 Y248.248
G1 X117.854 Y248.340
G1 X117.938 Y248.285
G1 X117.936 Y247.989
G1 X117.846 Y247.910
G1 X117.296 Y247.810
G1 X117.178 Y247.495
G1 X116.983 Y247.250
G1 X116.734 Y247.092
G1 X116.454 Y247.040
G1 X116.027 Y247.160
G1 X115.758 Y247.481
G1 X115.667 Y247.915
G1 X115.788 Y248.479
G1 X116.121 Y248.867
G0 Z5.000 F500.000
G0 X116.298 Y248.404 F3000.000
G1 Z1.000 F500.000
G4 P100
G1 X116.188 Y247.952 F1000.000
G1 X116.277 Y247.602
G1 X116.488 Y247.481
G1 X116.719 Y247.590
G1 X116.850 Y247.902
G1 X116.652 Y248.131
G1 X116.596 Y248.565
G1 X116.298 Y248.404
G0 Z5.000 F500.000
G0 X117.655 Y248.268 F3000.000
G1 Z1.000 F500.000
G4 P100
G1 X117.771 Y248.769 F1000.000
G1 X117.894 Y248.946
G1 X118.133 Y249.002
G1 X118.283 Y248.902
G1 X118.113 Y248.002
G1 X118.421 Y248.585
G1 X118.756 Y248.906
G1 X119.058 Y249.002
G1 X119.261 Y248.934
G1 X119.329 Y248.731
G1 X119.284 Y248.151
G1 X119.363 Y248.115
G1 X119.775 Y248.352
G1 X119.892 Y248.177
G1 X119.808 Y247.935
G1 X119.535 Y247.729
G1 X119.204 Y247.644
G1 X118.869 Y247.756
G1 X118.729 Y248.365
G1 X118.565 Y248.225
G1 X118.363 Y247.856
G1 X118.094 Y247.108
G1 X117.904 Y247.040
G1 X117.681 Y247.206
G1 X117.617 Y247.740
G1 X117.655 Y248.268
G0 Z5.000 F500.000
G0 X119.442 Y247.927 F3000.000
G1 Z1.000 F500.000
G4 P100
G1 X119.563 Y248.463 F1000.000
G1 X119.898 Y248.856
G1 X120.383 Y249.002
G1 X120.601 Y248.966
G1 X120.880 Y248.689
G1 X120.865 Y248.202
G1 X120.710 Y247.975
G1 X120.433 Y247.790
G1 X120.013 Y247.648
G1 X120.164 Y247.504
G1 X120.408 Y247.456
G1 X120.835 Y247.588
G1 X121.363 Y247.990
G1 X121.479 Y247.802
G1 X121.400 Y247.544
G1 X120.965 Y247.198
G1 X120.363 Y247.040
G1 X119.974 Y247.099
G1 X119.683 Y247.277
G1 X119.502 Y247.558
G1 X119.442 Y247.927
G0 Z5.000 F500.000
G0 X119.946 Y247.981 F3000.000
G1 Z1.000 F500.000
G4 P100
G1 X120.333 Y248.148 F1000.000
G1 X120.475 Y248.419
G1 X120.431 Y248.546
G1 X120.170 Y248.549
G1 X120.052 Y248.415
G1 X119.946 Y247.981
G0 Z5.000 F500.000
G0 X122.050 Y248.798 F3000.000
G1 Z1.000 F500.000
G4 P100
G1 X122.097 Y248.973 F1000.000
G1 X122.475 Y249.031
G1 X122.692 Y249.869
G1 X123.044 Y250.473
G1 X123.258 Y250.642
G1 X123.644 Y250.659
G1 X123.763 Y250.544
G1 X123.863 Y250.156
G1 X123.727 Y249.552
G1 X123.321 Y249.031
G1 X123.788 Y249.031
G1 X123.883 Y249.002
G1 X123.913 Y248.894
G1 X123.795 Y248.678
G1 X122.933 Y248.606
G1 X122.925 Y248.281
G1 X123.027 Y247.673
G1 X123.159 Y247.542
G1 X123.350 Y247.498
G1 X123.667 Y247.606
G1 X124.104 Y247.990
G1 X124.221 Y247.802
G1 X124.142 Y247.544
G1 X123.750 Y247.181
G1 X123.263 Y247.040
G1 X122.891 Y247.114
G1 X122.625 Y247.339
G1 X122.466 Y247.712
G1 X122.425 Y248.606
G1 X122.094 Y248.652
G1 X122.050 Y248.798
G0 Z5.000 F500.000
G0 X122.975 Y249.094 F3000.000
G1 Z1.000 F500.000
G4 P100
G1 X123.344 Y249.571 F1000.000
G1 X123.467 Y250.052
G1 X123.375 Y250.298
G1 X123.235 Y250.142
G1 X123.090 Y249.708
G1 X122.975 Y249.094
G0 Z5.000 F500.000
G0 X124.044 Y249.335 F3000.000
G1 Z1.000 F500.000
G4 P100
G1 X124.431 Y250.504 F1000.000
G1 X124.713 Y250.859
G1 X125.046 Y250.977
G1 X125.219 Y250.936
G1 X125.356 Y250.812
G1 X125.475 Y250.385
G1 X125.414 Y249.957
G1 X125.229 Y249.513
G1 X124.429 Y248.456
G1 X124.417 Y248.010
G1 X124.723 Y248.588
G1 X125.056 Y248.906
G1 X125.358 Y249.002
G1 X125.561 Y248.934
G1 X125.629 Y248.731
G1 X125.489 Y247.540
G1 X125.579 Y247.498
G1 X125.777 Y247.600
G1 X126.196 Y247.990
G1 X126.313 Y247.802
G1 X126.233 Y247.544
G1 X125.840 Y247.181
G1 X125.379 Y247.040
G1 X125.058 Y247.163
G1 X124.950 Y247.519
G1 X125.063 Y248.298
G1 X125.017 Y248.365
G1 X124.663 Y247.856
G1 X124.363 Y247.123
G1 X124.108 Y247.040
G1 X123.944 Y247.129
G1 X123.913 Y247.998
G1 X124.044 Y249.335
G0 Z5.000 F500.000
G0 X124.475 Y248.977 F3000.000
G1 Z1.000 F500.000
G4 P100
G1 X124.902 Y249.640 F1000.000
G1 X125.071 Y250.290
G1 X125.042 Y250.494
G1 X124.958 Y250.565
G1 X124.792 Y250.350
G1 X124.615 Y249.771
G1 X124.475 Y248.977
G0 Z5.000 F500.000
G0 X126.033 Y248.463 F3000.000
G1 Z1.000 F500.000
G4 P100
G1 X126.369 Y248.856 F1000.000
G1 X126.854 Y249.002
G1 X127.072 Y248.966
G1 X127.351 Y248.689
G1 X127.336 Y248.202
G1 X127.181 Y247.975
G1 X126.904 Y247.790
G1 X126.483 Y247.648
G1 X126.634 Y247.504
G1 X126.879 Y247.456
G1 X127.306 Y247.588
G1 X127.833 Y247.990
G1 X127.950 Y247.802
G1 X127.871 Y247.544
G1 X127.435 Y247.198
G1 X127.144 Y247.079
G1 X126.445 Y247.099
G1 X126.154 Y247.277
G1 X125.973 Y247.558
G1 X125.913 Y247.927
G1 X126.033 Y248.463
G0 Z5.000 F500.000
G0 X126.417 Y247.981 F3000.000
G1 Z1.000 F500.000
G4 P100
G1 X126.804 Y248.148 F1000.000
G1 X126.946 Y248.419
G1 X126.902 Y248.546
G1 X126.641 Y248.549
G1 X126.523 Y248.415
G1 X126.417 Y247.981
G0 Z5.000 F500.000
G0 X128.760 Y248.221 F3000.000
G1 Z1.000 F500.000
G4 P100
G1 X128.983 Y248.952 F1000.000
G1 X129.343 Y248.967
G1 X129.396 Y248.860
G1 X129.217 Y247.756
G1 X129.250 Y247.565
G1 X129.363 Y247.498
G1 X129.550 Y247.602
G1 X129.963 Y247.990
G1 X130.079 Y247.802
G1 X130.000 Y247.544
G1 X129.601 Y247.166
G1 X129.229 Y247.040
G1 X128.995 Y247.088
G1 X128.835 Y247.231
G1 X128.713 Y247.740
G1 X128.760 Y248.221
G0 Z5.000 F500.000
G0 X129.263 Y249.277 F3000.000
G1 Z1.000 F500.000
G4 P100
G1 X129.000 Y249.358 F1000.000
G1 X128.913 Y249.585
G1 X129.027 Y249.829
G1 X129.313 Y249.927
G1 X129.563 Y249.852
G1 X129.658 Y249.640
G1 X129.550 Y249.375
G1 X129.263 Y249.277
G0 Z5.000 F500.000
G0 X130.027 Y248.946 F3000.000
G1 Z1.000 F500.000
G4 P100
G1 X130.267 Y249.002 F1000.000
G1 X130.417 Y248.902
G1 X130.246 Y248.006
G1 X130.515 Y248.556
G1 X130.835 Y248.892
G1 X131.146 Y249.002
G1 X131.352 Y248.935
G1 X131.413 Y248.731
G1 X131.288 Y248.023
G1 X131.750 Y248.769
G1 X132.225 Y249.002
G1 X132.428 Y248.934
G1 X132.496 Y248.731
G1 X132.355 Y247.540
G1 X132.446 Y247.498
G1 X132.644 Y247.600
G1 X133.063 Y247.990
G1 X133.179 Y247.802
G1 X133.100 Y247.544
G1 X132.715 Y247.181
G1 X132.246 Y247.040
G1 X131.925 Y247.163
G1 X131.817 Y247.519
G1 X131.929 Y248.298
G1 X131.883 Y248.365
G1 X131.529 Y247.856
G1 X131.260 Y247.106
G1 X131.067 Y247.040
G1 X130.860 Y247.171
G1 X130.792 Y247.490
G1 X130.821 Y248.365
G1 X130.663 Y248.215
G1 X130.477 Y247.831
G1 X130.227 Y247.108
G1 X130.038 Y247.040
G1 X129.903 Y247.081
G1 X129.815 Y247.206
G1 X129.750 Y247.740
G1 X129.789 Y248.268
G1 X129.904 Y248.769
G1 X130.027 Y248.946
G0 Z5.000 F500.000
G0 X132.942 Y248.350 F3000.000
G1 Z1.000 F500.000
G4 P100
G1 X133.352 Y248.829 F1000.000
G1 X133.616 Y248.965
G1 X133.896 Y249.010
G1 X134.019 Y248.975
G1 X134.071 Y248.848
G1 X134.407 Y248.828
G1 X134.458 Y248.719
G1 X134.331 Y247.535
G1 X134.413 Y247.498
G1 X134.604 Y247.600
G1 X135.021 Y247.990
G1 X135.138 Y247.802
G1 X135.058 Y247.544
G1 X134.696 Y247.185
G1 X134.325 Y247.040
G1 X134.073 Y247.133
G1 X133.900 Y247.390
G1 X133.655 Y247.127
G1 X133.354 Y247.040
G1 X133.122 Y247.086
G1 X132.826 Y247.444
G1 X132.788 Y247.719
G1 X132.942 Y248.350
G0 Z5.000 F500.000
G0 X133.308 Y247.715 F3000.000
G1 Z1.000 F500.000
G4 P100
G1 X133.360 Y247.523 F1000.000
G1 X133.504 Y247.460
G1 X133.679 Y247.569
G1 X133.954 Y248.623
G1 X133.631 Y248.492
G1 X133.396 Y248.156
G1 X133.308 Y247.715
G0 Z5.000 F500.000
G0 X134.746 Y247.719 F3000.000
G1 Z1.000 F500.000
G4 P100
G1 X134.900 Y248.350 F1000.000
G1 X135.310 Y248.829
G1 X135.854 Y249.010
G1 X135.977 Y248.975
G1 X136.029 Y248.848
G1 X136.360 Y248.833
G1 X136.404 Y248.710
G1 X136.221 Y247.506
G1 X136.838 Y247.948
G1 X137.019 Y247.929
G1 X137.050 Y247.798
G1 X136.929 Y247.552
G1 X136.138 Y247.015
G1 X135.955 Y246.244
G1 X135.723 Y245.658
G1 X135.432 Y245.288
G1 X135.071 Y245.165
G1 X134.725 Y245.296
G1 X134.592 Y245.640
G1 X134.650 Y245.946
G1 X134.825 Y246.275
G1 X135.160 Y246.654
G1 X135.700 Y247.110
G1 X135.725 Y247.273
G1 X135.540 Y247.100
G1 X135.313 Y247.040
G1 X135.080 Y247.086
G1 X134.784 Y247.444
G1 X134.746 Y247.719
G0 Z5.000 F500.000
G0 X135.319 Y247.523 F3000.000
G1 Z1.000 F500.000
G4 P100
G1 X135.463 Y247.460 F1000.000
G1 X135.646 Y247.577
G1 X135.904 Y248.623
G1 X135.588 Y248.492
G1 X135.354 Y248.156
G1 X135.267 Y247.715
G1 X135.319 Y247.523
G0 Z5.000 F500.000
G0 X135.604 Y246.615 F3000.000
G1 Z1.000 F500.000
G4 P100
G1 X135.142 Y246.119 F1000.000
G1 X135.000 Y245.731
G1 X135.027 Y245.615
G1 X135.117 Y245.569
G1 X135.352 Y245.819
G1 X135.604 Y246.615
G0 Z5.000 F500.000
G0 X136.975 Y247.277 F3000.000
G1 Z1.000 F500.000
G4 P100
G1 X136.794 Y247.558 F1000.000
G1 X136.733 Y247.927
G1 X136.854 Y248.463
G1 X137.190 Y248.856
G1 X137.675 Y249.002
G1 X137.893 Y248.966
G1 X138.172 Y248.689
G1 X138.157 Y248.202
G1 X138.002 Y247.975
G1 X137.724 Y247.790
G1 X137.304 Y247.648
G1 X137.455 Y247.504
G1 X137.700 Y247.456
G1 X138.127 Y247.588
G1 X138.654 Y247.990
G1 X138.771 Y247.802
G1 X138.692 Y247.544
G1 X138.256 Y247.198
G1 X137.965 Y247.079
G1 X137.266 Y247.099
G1 X136.975 Y247.277
G0 Z5.000 F500.000
G0 X137.238 Y247.981 F3000.000
G1 Z1.000 F500.000
G4 P100
G1 X137.625 Y248.148 F1000.000
G1 X137.767 Y248.419
G1 X137.723 Y248.546
G1 X137.462 Y248.549
G1 X137.344 Y248.415
G1 X137.238 Y247.981
G0 Z5.000 F500.000
G0 X138.706 Y247.702 F3000.000
G1 Z1.000 F500.000
G4 P100
G1 X139.004 Y247.815 F1000.000
G1 X139.281 Y247.725
G1 X139.375 Y247.460
G1 X139.267 Y247.154
G1 X138.971 Y247.040
G1 X138.694 Y247.140
G1 X138.600 Y247.402
G1 X138.706 Y247.702
G0 Z5.000 F500.000
G0 X141.338 Y247.369 F3000.000
G1 Z1.000 F500.000
G4 P100
G1 X141.663 Y249.890 F1000.000
G1 X141.628 Y250.030
G1 X141.525 Y250.077
G1 X141.265 Y249.967
G1 X140.800 Y249.535
G1 X140.654 Y249.719
G1 X140.771 Y250.010
G1 X141.225 Y250.442
G1 X141.750 Y250.594
G1 X141.951 Y250.558
G1 X142.094 Y250.452
G1 X142.208 Y250.040
G1 X142.142 Y249.340
G1 X142.378 Y249.882
G1 X142.671 Y250.275
G1 X143.020 Y250.514
G1 X143.425 Y250.594
G1 X143.724 Y250.545
G1 X143.940 Y250.400
G1 X144.069 Y250.173
G1 X144.113 Y249.881
G1 X143.763 Y247.885
G1 X143.844 Y247.623
G1 X144.071 Y247.535
G1 X144.340 Y247.627
G1 X144.763 Y247.990
G1 X144.879 Y247.802
G1 X144.800 Y247.544
G1 X144.371 Y247.160
G1 X143.925 Y247.040
G1 X143.609 Y247.092
G1 X143.371 Y247.250
G1 X143.221 Y247.496
G1 X143.171 Y247.815
G1 X143.513 Y249.773
G1 X143.438 Y249.985
G1 X143.225 Y250.065
G1 X142.975 Y249.998
G1 X142.725 Y249.798
G1 X142.484 Y249.449
G1 X142.073 Y248.261
G1 X141.844 Y247.123
G1 X141.625 Y247.040
G1 X141.404 Y247.108
G1 X141.338 Y247.369
G0 Z5.000 F500.000
G0 X144.526 Y247.444 F3000.000
G1 Z1.000 F500.000
G4 P100
G1 X144.488 Y247.719 F1000.000
G1 X144.642 Y248.350
G1 X145.052 Y248.829
G1 X145.596 Y249.010
G1 X145.719 Y248.975
G1 X145.771 Y248.848
G1 X146.107 Y248.828
G1 X146.158 Y248.719
G1 X146.031 Y247.535
G1 X146.113 Y247.498
G1 X146.304 Y247.600
G1 X146.721 Y247.990
G1 X146.838 Y247.802
G1 X146.758 Y247.544
G1 X146.396 Y247.185
G1 X146.025 Y247.040
G1 X145.773 Y247.133
G1 X145.600 Y247.390
G1 X145.355 Y247.127
G1 X145.054 Y247.040
G1 X144.822 Y247.086
G1 X144.526 Y247.444
G0 Z5.000 F500.000
G0 X145.060 Y247.523 F3000.000
G1 Z1.000 F500.000
G4 P100
G1 X145.204 Y247.460 F1000.000
G1 X145.379 Y247.569
G1 X145.654 Y248.623
G1 X145.331 Y248.492
G1 X145.096 Y248.156
G1 X145.008 Y247.715
G1 X145.060 Y247.523
G0 Z5.000 F500.000
G0 X146.348 Y248.652 F3000.000
G1 Z1.000 F500.000
G4 P100
G1 X146.351 Y248.973 F1000.000
G1 X146.729 Y249.031
G1 X146.946 Y249.869
G1 X147.298 Y250.473
G1 X147.512 Y250.642
G1 X147.898 Y250.659
G1 X148.017 Y250.544
G1 X148.117 Y250.156
G1 X147.981 Y249.552
G1 X147.575 Y249.031
G1 X148.042 Y249.031
G1 X148.138 Y249.002
G1 X148.167 Y248.894
G1 X148.049 Y248.678
G1 X147.188 Y248.606
G1 X147.179 Y248.281
G1 X147.281 Y247.673
G1 X147.413 Y247.542
G1 X147.604 Y247.498
G1 X147.921 Y247.606
G1 X148.358 Y247.990
G1 X148.475 Y247.802
G1 X148.396 Y247.544
G1 X148.004 Y247.181
G1 X147.517 Y247.040
G1 X147.145 Y247.114
G1 X146.879 Y247.339
G1 X146.720 Y247.712
G1 X146.679 Y248.606
G1 X146.348 Y248.652
G0 Z5.000 F500.000
G0 X147.229 Y249.094 F3000.000
G1 Z1.000 F500.000
G4 P100
G1 X147.598 Y249.571 F1000.000
G1 X147.721 Y250.052
G1 X147.629 Y250.298
G1 X147.490 Y250.142
G1 X147.344 Y249.708
G1 X147.229 Y249.094
G0 Z5.000 F500.000
G0 X148.433 Y248.948 F3000.000
G1 Z1.000 F500.000
G4 P100
G1 X148.671 Y249.002 F1000.000
G1 X148.798 Y248.973
G1 X148.833 Y248.885
G1 X148.658 Y247.675
G1 X148.725 Y247.640
G1 X148.881 Y247.765
G1 X149.390 Y248.948
G1 X149.596 Y249.002
G1 X149.729 Y248.979
G1 X149.767 Y248.894
G1 X149.579 Y247.542
G1 X149.667 Y247.498
G1 X149.865 Y247.600
G1 X150.283 Y247.990
G1 X150.400 Y247.802
G1 X150.321 Y247.544
G1 X149.935 Y247.181
G1 X149.467 Y247.040
G1 X149.173 Y247.194
G1 X149.079 Y247.627
G1 X148.867 Y247.192
G1 X148.563 Y247.040
G1 X148.392 Y247.083
G1 X148.256 Y247.213
G1 X148.138 Y247.644
G1 X148.179 Y248.217
G1 X148.317 Y248.769
G1 X148.433 Y248.948
G0 Z5.000 F500.000
G0 X150.109 Y248.268 F3000.000
G1 Z1.000 F500.000
G4 P100
G1 X150.225 Y248.769 F1000.000
G1 X150.348 Y248.946
G1 X150.588 Y249.002
G1 X150.738 Y248.902
G1 X150.567 Y248.002
G1 X150.875 Y248.585
G1 X151.210 Y248.906
G1 X151.513 Y249.002
G1 X151.716 Y248.934
G1 X151.783 Y248.731
G1 X151.739 Y248.151
G1 X151.817 Y248.115
G1 X152.229 Y248.352
G1 X152.346 Y248.177
G1 X152.263 Y247.935
G1 X151.990 Y247.729
G1 X151.658 Y247.644
G1 X151.323 Y247.756
G1 X151.183 Y248.365
G1 X151.019 Y248.225
G1 X150.817 Y247.856
G1 X150.548 Y247.108
G1 X150.358 Y247.040
G1 X150.135 Y247.206
G1 X150.071 Y247.740
G1 X150.109 Y248.268
G0 Z5.000 F500.000
G0 X151.904 Y247.719 F3000.000
G1 Z1.000 F500.000
G4 P100
G1 X152.058 Y248.350 F1000.000
G1 X152.469 Y248.829
G1 X153.013 Y249.010
G1 X153.135 Y248.975
G1 X153.188 Y248.848
G1 X153.524 Y248.828
G1 X153.575 Y248.719
G1 X153.448 Y247.535
G1 X153.529 Y247.498
G1 X153.721 Y247.600
G1 X154.138 Y247.990
G1 X154.254 Y247.802
G1 X154.175 Y247.544
G1 X153.813 Y247.185
G1 X153.442 Y247.040
G1 X153.190 Y247.133
G1 X153.017 Y247.390
G1 X152.772 Y247.127
G1 X152.471 Y247.040
G1 X152.239 Y247.086
G1 X151.943 Y247.444
G1 X151.904 Y247.719
G0 Z5.000 F500.000
G0 X152.477 Y247.523 F3000.000
G1 Z1.000 F500.000
G4 P100
G1 X152.621 Y247.460 F1000.000
G1 X152.796 Y247.569
G1 X153.071 Y248.623
G1 X152.748 Y248.492
G1 X152.513 Y248.156
G1 X152.425 Y247.715
G1 X152.477 Y247.523
G0 Z5.000 F500.000
G0 X153.990 Y247.755 F3000.000
G1 Z1.000 F500.000
G4 P100
G1 X153.946 Y248.235 F1000.000
G1 X154.077 Y249.394
G1 X154.240 Y249.998
G1 X154.465 Y250.510
G1 X154.745 Y250.860
G1 X155.075 Y250.977
G1 X155.254 Y250.931
G1 X155.390 Y250.792
G1 X155.504 Y250.260
G1 X155.435 Y249.725
G1 X154.905 Y248.459
G1 X154.483 Y247.815
G1 X154.579 Y247.571
G1 X154.754 Y247.498
G1 X155.054 Y247.596
G1 X155.496 Y247.990
G1 X155.613 Y247.802
G1 X155.533 Y247.544
G1 X155.144 Y247.181
G1 X154.667 Y247.040
G1 X154.347 Y247.123
G1 X154.123 Y247.373
G1 X153.990 Y247.755
G0 Z5.000 F500.000
G0 X154.454 Y248.377 F3000.000
G1 Z1.000 F500.000
G4 P100
G1 X154.925 Y249.354 F1000.000
G1 X155.100 Y250.248
G1 X155.071 Y250.485
G1 X154.983 Y250.565
G1 X154.767 Y250.219
G1 X154.554 Y249.360
G1 X154.454 Y248.377
G0 Z5.000 F500.000
G0 X156.230 Y248.973 F3000.000
G1 Z1.000 F500.000
G4 P100
G1 X156.608 Y249.031 F1000.000
G1 X156.825 Y249.869
G1 X157.177 Y250.473
G1 X157.391 Y250.642
G1 X157.777 Y250.659
G1 X157.896 Y250.544
G1 X157.996 Y250.156
G1 X157.860 Y249.552
G1 X157.454 Y249.031
G1 X157.921 Y249.031
G1 X158.017 Y249.002
G1 X158.046 Y248.894
G1 X157.928 Y248.678
G1 X157.067 Y248.606
G1 X157.058 Y248.281
G1 X157.160 Y247.673
G1 X157.292 Y247.542
G1 X157.483 Y247.498
G1 X157.800 Y247.606
G1 X158.238 Y247.990
G1 X158.354 Y247.802
G1 X158.275 Y247.544
G1 X157.883 Y247.181
G1 X157.396 Y247.040
G1 X157.024 Y247.114
G1 X156.758 Y247.339
G1 X156.599 Y247.712
G1 X156.558 Y248.606
G1 X156.227 Y248.652
G1 X156.230 Y248.973
G0 Z5.000 F500.000
G0 X157.108 Y249.094 F3000.000
G1 Z1.000 F500.000
G4 P100
G1 X157.477 Y249.571 F1000.000
G1 X157.600 Y250.052
G1 X157.508 Y250.298
G1 X157.369 Y250.142
G1 X157.223 Y249.708
G1 X157.108 Y249.094
G0 Z5.000 F500.000
G0 X158.410 Y248.856 F3000.000
G1 Z1.000 F500.000
G4 P100
G1 X158.896 Y249.002 F1000.000
G1 X159.114 Y248.966
G1 X159.393 Y248.689
G1 X159.378 Y248.202
G1 X159.223 Y247.975
G1 X158.945 Y247.790
G1 X158.525 Y247.648
G1 X158.676 Y247.504
G1 X158.921 Y247.456
G1 X159.348 Y247.588
G1 X159.875 Y247.990
G1 X159.992 Y247.802
G1 X159.913 Y247.544
G1 X159.477 Y247.198
G1 X159.186 Y247.079
G1 X158.486 Y247.099
G1 X158.196 Y247.277
G1 X158.015 Y247.558
G1 X157.954 Y247.927
G1 X158.075 Y248.463
G1 X158.410 Y248.856
G0 Z5.000 F500.000
G0 X158.565 Y248.415 F3000.000
G1 Z1.000 F500.000
G4 P100
G1 X158.458 Y247.981 F1000.000
G1 X158.846 Y248.148
G1 X158.988 Y248.419
G1 X158.944 Y248.546
G1 X158.825 Y248.594
G1 X158.565 Y248.415
G0 Z5.000 F500.000
G0 X159.800 Y248.565 F3000.000
G1 Z1.000 F500.000
G4 P100
G1 X159.929 Y248.898 F1000.000
G1 X160.263 Y249.019
G1 X160.579 Y248.933
G1 X160.796 Y248.685
G1 X161.077 Y248.935
G1 X161.383 Y249.019
G1 X161.631 Y248.944
G1 X161.717 Y248.702
G1 X161.646 Y248.408
G1 X161.475 Y248.302
G1 X161.350 Y248.340
G1 X161.217 Y248.548
G1 X161.110 Y248.454
G1 X160.975 Y247.885
G1 X161.069 Y247.583
G1 X161.325 Y247.477
G1 X161.631 Y247.588
G1 X162.079 Y247.990
G1 X162.196 Y247.802
G1 X162.117 Y247.544
G1 X161.715 Y247.183
G1 X161.221 Y247.040
G1 X160.844 Y247.119
G1 X160.583 Y247.344
G1 X160.324 Y247.119
G1 X160.021 Y247.044
G1 X159.658 Y247.177
G1 X159.525 Y247.531
G1 X159.621 Y247.869
G1 X159.892 Y247.998
G1 X160.004 Y247.970
G1 X160.021 Y247.610
G1 X160.129 Y247.485
G1 X160.281 Y247.579
G1 X160.402 Y247.835
G1 X160.450 Y248.194
G1 X160.413 Y248.446
G1 X160.321 Y248.548
G1 X160.146 Y248.342
G1 X160.000 Y248.302
G1 X159.854 Y248.367
G1 X159.800 Y248.565
G0 Z5.000 F500.000
G0 X161.663 Y248.798 F3000.000
G1 Z1.000 F500.000
G4 P100
G1 X161.709 Y248.973 F1000.000
G1 X162.088 Y249.031
G1 X162.304 Y249.869
G1 X162.656 Y250.473
G1 X162.870 Y250.642
G1 X163.256 Y250.659
G1 X163.375 Y250.544
G1 X163.475 Y250.156
G1 X163.340 Y249.552
G1 X162.933 Y249.031
G1 X163.400 Y249.031
G1 X163.496 Y249.002
G1 X163.525 Y248.894
G1 X163.407 Y248.678
G1 X162.546 Y248.606
G1 X162.538 Y248.281
G1 X162.640 Y247.673
G1 X162.771 Y247.542
G1 X162.963 Y247.498
G1 X163.279 Y247.606
G1 X163.717 Y247.990
G1 X163.833 Y247.802
G1 X163.754 Y247.544
G1 X163.363 Y247.181
G1 X162.875 Y247.040
G1 X162.503 Y247.114
G1 X162.238 Y247.339
G1 X162.078 Y247.712
G1 X162.038 Y248.606
G1 X161.706 Y248.652
G1 X161.663 Y248.798
G0 Z5.000 F500.000
G0 X162.588 Y249.094 F3000.000
G1 Z1.000 F500.000
G4 P100
G1 X162.956 Y249.571 F1000.000
G1 X163.079 Y250.052
G1 X162.988 Y250.298
G1 X162.848 Y250.142
G1 X162.702 Y249.708
G1 X162.588 Y249.094
G0 Z5.000 F500.000
G0 X164.790 Y249.075 F3000.000
G1 Z1.000 F500.000
G4 P100
G1 X164.995 Y249.827 F1000.000
G1 X165.265 Y250.438
G1 X165.582 Y250.842
G1 X165.929 Y250.977
G1 X166.104 Y250.933
G1 X166.235 Y250.802
G1 X166.346 Y250.331
G1 X166.273 Y249.831
G1 X166.053 Y249.308
G1 X165.687 Y248.764
G1 X165.175 Y248.198
G1 X165.162 Y246.600
G1 X165.258 Y246.148
G1 X165.352 Y246.256
G1 X165.383 Y246.581
G1 X165.256 Y247.990
G1 X165.458 Y248.198
G1 X166.263 Y248.227
G1 X166.379 Y248.052
G1 X166.250 Y247.805
G1 X165.863 Y247.723
G1 X165.575 Y247.760
G1 X165.700 Y246.669
G1 X165.664 Y246.272
G1 X165.554 Y245.981
G1 X165.385 Y245.803
G1 X165.171 Y245.744
G1 X164.914 Y245.850
G1 X164.744 Y246.169
G1 X164.648 Y246.702
G1 X164.660 Y248.258
G1 X164.790 Y249.075
G0 Z5.000 F500.000
G0 X165.250 Y248.752 F3000.000
G1 Z1.000 F500.000
G4 P100
G1 X165.763 Y249.542 F1000.000
G1 X165.946 Y250.310
G1 X165.842 Y250.565
G1 X165.656 Y250.310
G1 X165.250 Y248.752
G0 Z5.000 F500.000
G0 X166.306 Y249.394 F3000.000
G1 Z1.000 F500.000
G4 P100
G1 X166.694 Y250.510 F1000.000
G1 X166.974 Y250.860
G1 X167.304 Y250.977
G1 X167.483 Y250.931
G1 X167.619 Y250.792
G1 X167.733 Y250.260
G1 X167.665 Y249.725
G1 X167.134 Y248.459
G1 X166.713 Y247.815
G1 X166.808 Y247.571
G1 X166.983 Y247.498
G1 X167.283 Y247.596
G1 X167.612 Y247.931
G1 X167.725 Y247.990
G1 X167.810 Y247.940
G1 X167.762 Y247.544
G1 X167.373 Y247.181
G1 X166.896 Y247.040
G1 X166.577 Y247.123
G1 X166.352 Y247.373
G1 X166.219 Y247.755
G1 X166.175 Y248.235
G1 X166.306 Y249.394
G0 Z5.000 F500.000
G0 X166.683 Y248.377 F3000.000
G1 Z1.000 F500.000
G4 P100
G1 X167.154 Y249.354 F1000.000
G1 X167.329 Y250.248
G1 X167.300 Y250.485
G1 X167.213 Y250.565
G1 X166.996 Y250.219
G1 X166.783 Y249.360
G1 X166.683 Y248.377
G0 Z5.000 F500.000
G0 X167.562 Y248.479 F3000.000
G1 Z1.000 F500.000
G4 P100
G1 X167.896 Y248.867 F1000.000
G1 X168.367 Y249.006
G1 X168.653 Y248.952
G1 X168.877 Y248.788
G1 X169.104 Y248.248
G1 X169.629 Y248.340
G1 X169.712 Y248.285
G1 X169.711 Y247.989
G1 X169.621 Y247.910
G1 X169.071 Y247.810
G1 X168.953 Y247.495
G1 X168.758 Y247.250
G1 X168.509 Y247.092
G1 X168.229 Y247.040
G1 X167.802 Y247.160
G1 X167.533 Y247.481
G1 X167.442 Y247.915
G1 X167.562 Y248.479
G0 Z5.000 F500.000
G0 X167.962 Y247.952 F3000.000
G1 Z1.000 F500.000
G4 P100
G1 X168.052 Y247.602 F1000.000
G1 X168.262 Y247.481
G1 X168.494 Y247.590
G1 X168.625 Y247.902
G1 X168.427 Y248.131
G1 X168.371 Y248.565
G1 X168.073 Y248.404
G1 X167.962 Y247.952
G0 Z5.000 F500.000
G0 X169.392 Y248.615 F3000.000
G1 Z1.000 F500.000
G4 P100
G1 X169.467 Y248.952 F1000.000
G1 X169.679 Y249.006
G1 X169.840 Y248.958
G1 X169.950 Y247.552
G1 X170.471 Y248.794
G1 X170.581 Y248.963
G1 X170.737 Y249.006
G1 X170.894 Y248.960
G1 X170.937 Y248.798
G1 X170.996 Y247.552
G1 X171.371 Y248.144
G1 X171.308 Y248.431
G1 X171.371 Y248.706
G1 X171.542 Y248.923
G1 X171.787 Y249.006
G1 X171.983 Y248.921
G1 X172.058 Y248.673
G1 X171.958 Y248.244
G1 X172.533 Y248.331
G1 X172.662 Y248.177
G1 X172.612 Y247.975
G1 X172.462 Y247.869
G1 X172.054 Y247.806
G1 X171.708 Y247.856
G1 X171.156 Y247.127
G1 X170.887 Y247.040
G1 X170.635 Y247.169
G1 X170.508 Y247.898
G1 X170.277 Y247.365
G1 X170.073 Y247.110
G1 X169.833 Y247.040
G1 X169.565 Y247.173
G1 X169.442 Y247.594
G1 X169.392 Y248.615
G0 Z5.000 F500.000
G0 X173.481 Y247.753 F3000.000
G1 Z1.000 F500.000
G4 P100
G1 X173.433 Y248.290 F1000.000
G1 X173.567 Y249.458
G1 X173.731 Y250.043
G1 X173.956 Y250.533
G1 X174.237 Y250.866
G1 X174.567 Y250.977
G1 X174.740 Y250.936
G1 X174.875 Y250.812
G1 X174.992 Y250.385
G1 X174.862 Y249.706
G1 X174.433 Y248.998
G1 X174.686 Y248.930
G1 X174.887 Y248.767
G1 X175.096 Y248.248
G1 X175.621 Y248.340
G1 X175.704 Y248.285
G1 X175.704 Y247.988
G1 X175.062 Y247.810
G1 X174.748 Y247.252
G1 X174.505 Y247.093
G1 X174.237 Y247.040
G1 X173.874 Y247.120
G1 X173.625 Y247.360
G1 X173.481 Y247.753
G0 Z5.000 F500.000
G0 X174.044 Y247.606 F3000.000
G1 Z1.000 F500.000
G4 P100
G1 X174.254 Y247.481 F1000.000
G1 X174.483 Y247.590
G1 X174.617 Y247.902
G1 X174.419 Y248.131
G1 X174.367 Y248.590
G1 X174.069 Y248.421
G1 X173.954 Y247.969
G1 X174.044 Y247.606
G0 Z5.000 F500.000
G0 X173.983 Y248.715 F3000.000
G1 Z1.000 F500.000
G4 P100
G1 X174.423 Y249.604 F1000.000
G1 X174.587 Y250.290
G1 X174.556 Y250.494
G1 X174.471 Y250.565
G1 X174.290 Y250.317
G1 X174.108 Y249.644
G1 X173.983 Y248.715
G0 Z5.000 F500.000
G0 X175.433 Y248.463 F3000.000
G1 Z1.000 F500.000
G4 P100
G1 X175.769 Y248.856 F1000.000
G1 X176.254 Y249.002
G1 X176.472 Y248.966
G1 X176.751 Y248.689
G1 X176.736 Y248.202
G1 X176.581 Y247.975
G1 X176.304 Y247.790
G1 X175.883 Y247.648
G1 X176.034 Y247.504
G1 X176.279 Y247.456
G1 X176.706 Y247.588
G1 X177.233 Y247.990
G1 X177.350 Y247.802
G1 X177.271 Y247.544
G1 X176.835 Y247.198
G1 X176.544 Y247.079
G1 X175.845 Y247.099
G1 X175.554 Y247.277
G1 X175.373 Y247.558
G1 X175.312 Y247.927
G1 X175.433 Y248.463
G0 Z5.000 F500.000
G0 X175.817 Y247.981 F3000.000
G1 Z1.000 F500.000
G4 P100
G1 X176.204 Y248.148 F1000.000
G1 X176.346 Y248.419
G1 X176.302 Y248.546
G1 X176.041 Y248.549
G1 X175.923 Y248.415
G1 X175.817 Y247.981
G0 Z5.000 F500.000
G0 X177.072 Y248.258 F3000.000
G1 Z1.000 F500.000
G4 P100
G1 X177.407 Y249.827 F1000.000
G1 X177.677 Y250.438
G1 X177.994 Y250.842
G1 X178.342 Y250.977
G1 X178.516 Y250.933
G1 X178.648 Y250.802
G1 X178.758 Y250.331
G1 X178.685 Y249.831
G1 X178.466 Y249.308
G1 X178.100 Y248.764
G1 X177.587 Y248.198
G1 X177.575 Y246.600
G1 X177.671 Y246.148
G1 X177.765 Y246.256
G1 X177.796 Y246.581
G1 X177.669 Y247.990
G1 X177.871 Y248.198
G1 X178.675 Y248.227
G1 X178.792 Y248.052
G1 X178.662 Y247.805
G1 X178.275 Y247.723
G1 X177.987 Y247.760
G1 X178.112 Y246.669
G1 X178.076 Y246.272
G1 X177.967 Y245.981
G1 X177.798 Y245.803
G1 X177.583 Y245.744
G1 X177.327 Y245.850
G1 X177.156 Y246.169
G1 X177.029 Y247.452
G1 X177.072 Y248.258
G0 Z5.000 F500.000
G0 X177.662 Y248.752 F3000.000
G1 Z1.000 F500.000
G4 P100
G1 X178.175 Y249.542 F1000.000
G1 X178.358 Y250.310
G1 X178.254 Y250.565
G1 X178.069 Y250.310
G1 X177.662 Y248.752
G0 Z5.000 F500.000
G0 X178.950 Y248.867 F3000.000
G1 Z1.000 F500.000
G4 P100
G1 X179.421 Y249.006 F1000.000
G1 X179.707 Y248.952
G1 X179.931 Y248.788
G1 X180.158 Y248.248
G1 X180.683 Y248.340
G1 X180.767 Y248.285
G1 X180.766 Y247.989
G1 X180.675 Y247.910
G1 X180.125 Y247.810
G1 X180.007 Y247.495
G1 X179.812 Y247.250
G1 X179.564 Y247.092
G1 X179.283 Y247.040
G1 X178.856 Y247.160
G1 X178.587 Y247.481
G1 X178.496 Y247.915
G1 X178.617 Y248.479
G1 X178.950 Y248.867
G0 Z5.000 F500.000
G0 X179.127 Y248.404 F3000.000
G1 Z1.000 F500.000
G4 P100
G1 X179.017 Y247.952 F1000.000
G1 X179.106 Y247.602
G1 X179.317 Y247.481
G1 X179.548 Y247.590
G1 X179.679 Y247.902
G1 X179.481 Y248.131
G1 X179.425 Y248.565
G1 X179.127 Y248.404
G0 Z5.000 F500.000
G0 X180.484 Y248.268 F3000.000
G1 Z1.000 F500.000
G4 P100
G1 X180.600 Y248.769 F1000.000
G1 X180.723 Y248.946
G1 X180.962 Y249.002
G1 X181.112 Y248.902
G1 X180.942 Y248.002
G1 X181.250 Y248.585
G1 X181.585 Y248.906
G1 X181.887 Y249.002
G1 X182.091 Y248.934
G1 X182.158 Y248.731
G1 X182.114 Y248.151
G1 X182.192 Y248.115
G1 X182.604 Y248.352
G1 X182.721 Y248.177
G1 X182.637 Y247.935
G1 X182.365 Y247.729
G1 X182.033 Y247.644
G1 X181.698 Y247.756
G1 X181.558 Y248.365
G1 X181.394 Y248.225
G1 X181.192 Y247.856
G1 X180.923 Y247.108
G1 X180.733 Y247.040
G1 X180.510 Y247.206
G1 X180.446 Y247.740
G1 X180.484 Y248.268
G0 Z5.000 F500.000
G0 X182.271 Y247.927 F3000.000
G1 Z1.000 F500.000
G4 P100
G1 X182.392 Y248.463 F1000.000
G1 X182.727 Y248.856
G1 X183.212 Y249.002
G1 X183.430 Y248.966
G1 X183.709 Y248.689
G1 X183.694 Y248.202
G1 X183.540 Y247.975
G1 X183.262 Y247.790
G1 X182.842 Y247.648
G1 X182.993 Y247.504
G1 X183.237 Y247.456
G1 X183.665 Y247.588
G1 X184.192 Y247.990
G1 X184.308 Y247.802
G1 X184.229 Y247.544
G1 X183.794 Y247.198
G1 X183.192 Y247.040
G1 X182.803 Y247.099
G1 X182.512 Y247.277
G1 X182.331 Y247.558
G1 X182.271 Y247.927
G0 Z5.000 F500.000
G0 X182.775 Y247.981 F3000.000
G1 Z1.000 F500.000
G4 P100
G1 X183.162 Y248.148 F1000.000
G1 X183.304 Y248.419
G1 X183.260 Y248.546
G1 X182.999 Y248.549
G1 X182.881 Y248.415
G1 X182.775 Y247.981
G0 Z5.000 F500.000
G0 X184.879 Y248.798 F3000.000
G1 Z1.000 F500.000
G4 P100
G1 X184.926 Y248.973 F1000.000
G1 X185.304 Y249.031
G1 X185.521 Y249.869
G1 X185.873 Y250.473
G1 X186.087 Y250.642
G1 X186.473 Y250.659
G1 X186.592 Y250.544
G1 X186.692 Y250.156
G1 X186.556 Y249.552
G1 X186.150 Y249.031
G1 X186.617 Y249.031
G1 X186.712 Y249.002
G1 X186.742 Y248.894
G1 X186.624 Y248.678
G1 X185.762 Y248.606
G1 X185.754 Y248.281
G1 X185.856 Y247.673
G1 X185.988 Y247.542
G1 X186.179 Y247.498
G1 X186.496 Y247.606
G1 X186.933 Y247.990
G1 X187.050 Y247.802
G1 X186.971 Y247.544
G1 X186.579 Y247.181
G1 X186.092 Y247.040
G1 X185.720 Y247.114
G1 X185.454 Y247.339
G1 X185.295 Y247.712
G1 X185.254 Y248.606
G1 X184.923 Y248.652
G1 X184.879 Y248.798
G0 Z5.000 F500.000
G0 X185.804 Y249.094 F3000.000
G1 Z1.000 F500.000
G4 P100
G1 X186.173 Y249.571 F1000.000
G1 X186.296 Y250.052
G1 X186.204 Y250.298
G1 X186.065 Y250.142
G1 X185.919 Y249.708
G1 X185.804 Y249.094
G0 Z5.000 F500.000
G0 X186.873 Y249.335 F3000.000
G1 Z1.000 F500.000
G4 P100
G1 X187.260 Y250.504 F1000.000
G1 X187.542 Y250.859
G1 X187.875 Y250.977
G1 X188.048 Y250.936
G1 X188.185 Y250.812
G1 X188.304 Y250.385
G1 X188.243 Y249.957
G1 X188.058 Y249.513
G1 X187.258 Y248.456
G1 X187.246 Y248.010
G1 X187.552 Y248.588
G1 X187.885 Y248.906
G1 X188.187 Y249.002
G1 X188.391 Y248.934
G1 X188.458 Y248.731
G1 X188.318 Y247.540
G1 X188.408 Y247.498
G1 X188.606 Y247.600
G1 X189.025 Y247.990
G1 X189.142 Y247.802
G1 X189.062 Y247.544
G1 X188.669 Y247.181
G1 X188.208 Y247.040
G1 X187.887 Y247.163
G1 X187.779 Y247.519
G1 X187.892 Y248.298
G1 X187.846 Y248.365
G1 X187.492 Y247.856
G1 X187.192 Y247.123
G1 X186.937 Y247.040
G1 X186.773 Y247.129
G1 X186.742 Y247.998
G1 X186.873 Y249.335
G0 Z5.000 F500.000
G0 X187.304 Y248.977 F3000.000
G1 Z1.000 F500.000
G4 P100
G1 X187.731 Y249.640 F1000.000
G1 X187.900 Y250.290
G1 X187.871 Y250.494
G1 X187.787 Y250.565
G1 X187.621 Y250.350
G1 X187.444 Y249.771
G1 X187.304 Y248.977
G0 Z5.000 F500.000
G0 X188.862 Y248.463 F3000.000
G1 Z1.000 F500.000
G4 P100
G1 X189.198 Y248.856 F1000.000
G1 X189.683 Y249.002
G1 X189.901 Y248.966
G1 X190.180 Y248.689
G1 X190.165 Y248.202
G1 X190.010 Y247.975
G1 X189.733 Y247.790
G1 X189.312 Y247.648
G1 X189.464 Y247.504
G1 X189.708 Y247.456
G1 X190.135 Y247.588
G1 X190.662 Y247.990
G1 X190.779 Y247.802
G1 X190.700 Y247.544
G1 X190.265 Y247.198
G1 X189.973 Y247.079
G1 X189.274 Y247.099
G1 X188.983 Y247.277
G1 X188.802 Y247.558
G1 X188.742 Y247.927
G1 X188.862 Y248.463
G0 Z5.000 F500.000
G0 X189.246 Y247.981 F3000.000
G1 Z1.000 F500.000
G4 P100
G1 X189.633 Y248.148 F1000.000
G1 X189.775 Y248.419
G1 X189.731 Y248.546
G1 X189.470 Y248.549
G1 X189.352 Y248.415
G1 X189.246 Y247.981
G0 Z5.000 F500.000
G0 X191.590 Y248.221 F3000.000
G1 Z1.000 F500.000
G4 P100
G1 X191.812 Y248.952 F1000.000
G1 X192.172 Y248.967
G1 X192.225 Y248.860
G1 X192.046 Y247.756
G1 X192.079 Y247.565
G1 X192.192 Y247.498
G1 X192.379 Y247.602
G1 X192.792 Y247.990
G1 X192.908 Y247.802
G1 X192.829 Y247.544
G1 X192.430 Y247.166
G1 X192.058 Y247.040
G1 X191.824 Y247.088
G1 X191.665 Y247.231
G1 X191.542 Y247.740
G1 X191.590 Y248.221
G0 Z5.000 F500.000
G0 X192.092 Y249.277 F3000.000
G1 Z1.000 F500.000
G4 P100
G1 X191.829 Y249.358 F1000.000
G1 X191.742 Y249.585
G1 X191.856 Y249.829
G1 X192.142 Y249.927
G1 X192.392 Y249.852
G1 X192.487 Y249.640
G1 X192.379 Y249.375
G1 X192.092 Y249.277
G0 Z5.000 F500.000
G0 X192.856 Y248.946 F3000.000
G1 Z1.000 F500.000
G4 P100
G1 X193.096 Y249.002 F1000.000
G1 X193.246 Y248.902
G1 X193.075 Y248.006
G1 X193.344 Y248.556
G1 X193.665 Y248.892
G1 X193.975 Y249.002
G1 X194.181 Y248.935
G1 X194.242 Y248.731
G1 X194.117 Y248.023
G1 X194.579 Y248.769
G1 X195.054 Y249.002
G1 X195.257 Y248.934
G1 X195.325 Y248.731
G1 X195.184 Y247.540
G1 X195.275 Y247.498
G1 X195.473 Y247.600
G1 X195.892 Y247.990
G1 X196.008 Y247.802
G1 X195.929 Y247.544
G1 X195.544 Y247.181
G1 X195.075 Y247.040
G1 X194.754 Y247.163
G1 X194.646 Y247.519
G1 X194.758 Y248.298
G1 X194.712 Y248.365
G1 X194.358 Y247.856
G1 X194.090 Y247.106
G1 X193.896 Y247.040
G1 X193.690 Y247.171
G1 X193.621 Y247.490
G1 X193.650 Y248.365
G1 X193.492 Y248.215
G1 X193.306 Y247.831
G1 X193.056 Y247.108
G1 X192.867 Y247.040
G1 X192.732 Y247.081
G1 X192.644 Y247.206
G1 X192.579 Y247.740
G1 X192.618 Y248.268
G1 X192.733 Y248.769
G1 X192.856 Y248.946
G0 Z5.000 F500.000
G0 X195.771 Y248.350 F3000.000
G1 Z1.000 F500.000
G4 P100
G1 X196.181 Y248.829 F1000.000
G1 X196.445 Y248.965
G1 X196.725 Y249.010
G1 X196.848 Y248.975
G1 X196.900 Y248.848
G1 X197.236 Y248.828
G1 X197.287 Y248.719
G1 X197.160 Y247.535
G1 X197.242 Y247.498
G1 X197.433 Y247.600
G1 X197.850 Y247.990
G1 X197.967 Y247.802
G1 X197.887 Y247.544
G1 X197.525 Y247.185
G1 X197.154 Y247.040
G1 X196.902 Y247.133
G1 X196.729 Y247.390
G1 X196.484 Y247.127
G1 X196.183 Y247.040
G1 X195.951 Y247.086
G1 X195.655 Y247.444
G1 X195.617 Y247.719
G1 X195.771 Y248.350
G0 Z5.000 F500.000
G0 X196.137 Y247.715 F3000.000
G1 Z1.000 F500.000
G4 P100
G1 X196.190 Y247.523 F1000.000
G1 X196.333 Y247.460
G1 X196.508 Y247.569
G1 X196.783 Y248.623
G1 X196.460 Y248.492
G1 X196.225 Y248.156
G1 X196.137 Y247.715
G0 Z5.000 F500.000
G0 X197.575 Y247.719 F3000.000
G1 Z1.000 F500.000
G4 P100
G1 X197.729 Y248.350 F1000.000
G1 X198.140 Y248.829
G1 X198.683 Y249.010
G1 X198.806 Y248.975
G1 X198.858 Y248.848
G1 X199.190 Y248.833
G1 X199.233 Y248.710
G1 X199.050 Y247.506
G1 X199.667 Y247.948
G1 X199.848 Y247.929
G1 X199.879 Y247.798
G1 X199.758 Y247.552
G1 X198.967 Y247.015
G1 X198.784 Y246.244
G1 X198.552 Y245.658
G1 X198.261 Y245.288
G1 X197.900 Y245.165
G1 X197.554 Y245.296
G1 X197.421 Y245.640
G1 X197.479 Y245.946
G1 X197.654 Y246.275
G1 X197.990 Y246.654
G1 X198.529 Y247.110
G1 X198.554 Y247.273
G1 X198.369 Y247.100
G1 X198.142 Y247.040
G1 X197.909 Y247.086
G1 X197.614 Y247.444
G1 X197.575 Y247.719
G0 Z5.000 F500.000
G0 X198.148 Y247.523 F3000.000
G1 Z1.000 F500.000
G4 P100
G1 X198.292 Y247.460 F1000.000
G1 X198.475 Y247.577
G1 X198.733 Y248.623
G1 X198.417 Y248.492
G1 X198.183 Y248.156
G1 X198.096 Y247.715
G1 X198.148 Y247.523
G0 Z5.000 F500.000
G0 X198.433 Y246.615 F3000.000
G1 Z1.000 F500.000
G4 P100
G1 X197.971 Y246.119 F1000.000
G1 X197.829 Y245.731
G1 X197.856 Y245.615
G1 X197.946 Y245.569
G1 X198.181 Y245.819
G1 X198.433 Y246.615
G0 Z5.000 F500.000
G0 X199.804 Y247.277 F3000.000
G1 Z1.000 F500.000
G4 P100
G1 X199.623 Y247.558 F1000.000
G1 X199.562 Y247.927
G1 X199.683 Y248.463
G1 X200.019 Y248.856
G1 X200.504 Y249.002
G1 X200.722 Y248.966
G1 X201.001 Y248.689
G1 X200.986 Y248.202
G1 X200.831 Y247.975
G1 X200.554 Y247.790
G1 X200.133 Y247.648
G1 X200.284 Y247.504
G1 X200.529 Y247.456
G1 X200.956 Y247.588
G1 X201.483 Y247.990
G1 X201.600 Y247.802
G1 X201.521 Y247.544
G1 X201.085 Y247.198
G1 X200.794 Y247.079
G1 X200.095 Y247.099
G1 X199.804 Y247.277
G0 Z5.000 F500.000
G0 X200.067 Y247.981 F3000.000
G1 Z1.000 F500.000
G4 P100
G1 X200.454 Y248.148 F1000.000
G1 X200.596 Y248.419
G1 X200.552 Y248.546
G1 X200.291 Y248.549
G1 X200.173 Y248.415
G1 X200.067 Y247.981
G0 Z5.000 F500.000
G0 X201.535 Y247.702 F3000.000
G1 Z1.000 F500.000
G4 P100
G1 X201.833 Y247.815 F1000.000
G1 X202.110 Y247.725
G1 X202.204 Y247.460
G1 X202.096 Y247.154
G1 X201.800 Y247.040
G1 X201.523 Y247.140
G1 X201.429 Y247.402
G1 X201.535 Y247.702
G0 Z5.000 F500.000
G0 X19.221 Y236.156 F3000.000
G1 Z1.000 F500.000
G4 P100
G1 X19.142 Y235.898 F1000.000
G1 X18.712 Y235.515
G1 X18.267 Y235.394
G1 X17.951 Y235.446
G1 X17.712 Y235.604
G1 X17.562 Y235.851
G1 X17.512 Y236.169
G1 X17.854 Y238.127
G1 X17.779 Y238.340
G1 X17.567 Y238.419
G1 X17.317 Y238.352
G1 X17.067 Y238.152
G1 X16.826 Y237.804
G1 X16.415 Y236.615
G1 X16.185 Y235.477
G1 X15.967 Y235.394
G1 X15.746 Y235.463
G1 X15.679 Y235.723
G1 X15.963 Y237.744
G1 X15.970 Y238.384
G1 X15.867 Y238.431
G1 X15.606 Y238.321
G1 X15.142 Y237.890
G1 X15.040 Y237.946
G1 X15.021 Y238.208
G1 X15.567 Y238.796
G1 X16.092 Y238.948
G1 X16.292 Y238.913
G1 X16.435 Y238.806
G1 X16.550 Y238.394
G1 X16.483 Y237.694
G1 X16.720 Y238.236
G1 X17.012 Y238.629
G1 X17.361 Y238.868
G1 X17.767 Y238.948
G1 X18.066 Y238.899
G1 X18.281 Y238.754
G1 X18.411 Y238.528
G1 X18.454 Y238.235
G1 X18.146 Y236.598
G1 X18.104 Y236.240
G1 X18.185 Y235.977
G1 X18.413 Y235.890
G1 X18.681 Y235.981
G1 X19.104 Y236.344
G1 X19.221 Y236.156
G0 Z5.000 F500.000
G0 X19.350 Y236.069 F3000.000
G1 Z1.000 F500.000
G4 P100
G1 X19.402 Y235.877 F1000.000
G1 X19.546 Y235.815
G1 X19.721 Y235.923
G1 X19.996 Y236.977
G1 X19.673 Y236.846
G1 X19.438 Y236.510
G1 X19.350 Y236.069
G0 Z5.000 F500.000
G0 X18.983 Y236.704 F3000.000
G1 Z1.000 F500.000
G4 P100
G1 X19.394 Y237.183 F1000.000
G1 X19.658 Y237.319
G1 X19.938 Y237.365
G1 X20.060 Y237.329
G1 X20.113 Y237.202
G1 X20.449 Y237.182
G1 X20.500 Y237.073
G1 X20.373 Y235.890
G1 X20.454 Y235.852
G1 X20.646 Y235.954
G1 X21.062 Y236.344
G1 X21.179 Y236.156
G1 X21.100 Y235.898
G1 X20.738 Y235.540
G1 X20.367 Y235.394
G1 X20.115 Y235.488
G1 X19.942 Y235.744
G1 X19.697 Y235.481
G1 X19.396 Y235.394
G1 X19.164 Y235.441
G1 X18.868 Y235.798
G1 X18.829 Y236.073
G1 X18.983 Y236.704
G0 Z5.000 F500.000
G0 X20.690 Y237.006 F3000.000
G1 Z1.000 F500.000
G4 P100
G1 X20.693 Y237.327 F1000.000
G1 X21.071 Y237.385
G1 X21.288 Y238.223
G1 X21.640 Y238.827
G1 X21.854 Y238.996
G1 X22.240 Y239.014
G1 X22.358 Y238.898
G1 X22.458 Y238.510
G1 X22.323 Y237.906
G1 X21.917 Y237.385
G1 X22.383 Y237.385
G1 X22.479 Y237.356
G1 X22.508 Y237.248
G1 X22.391 Y237.032
G1 X21.529 Y236.960
G1 X21.521 Y236.635
G1 X21.623 Y236.027
G1 X21.755 Y235.896
G1 X21.946 Y235.852
G1 X22.262 Y235.960
G1 X22.700 Y236.344
G1 X22.817 Y236.156
G1 X22.738 Y235.898
G1 X22.346 Y235.535
G1 X21.858 Y235.394
G1 X21.486 Y235.468
G1 X21.221 Y235.693
G1 X21.061 Y236.066
G1 X21.021 Y236.960
G1 X20.690 Y237.006
G0 Z5.000 F500.000
G0 X21.571 Y237.448 F3000.000
G1 Z1.000 F500.000
G4 P100
G1 X21.940 Y237.925 F1000.000
G1 X22.062 Y238.406
G1 X21.971 Y238.652
G1 X21.831 Y238.496
G1 X21.685 Y238.063
G1 X21.571 Y237.448
G0 Z5.000 F500.000
G0 X22.775 Y237.302 F3000.000
G1 Z1.000 F500.000
G4 P100
G1 X23.013 Y237.356 F1000.000
G1 X23.140 Y237.327
G1 X23.175 Y237.240
G1 X23.000 Y236.029
G1 X23.067 Y235.994
G1 X23.223 Y236.119
G1 X23.731 Y237.302
G1 X23.938 Y237.356
G1 X24.071 Y237.333
G1 X24.108 Y237.248
G1 X23.921 Y235.896
G1 X24.008 Y235.852
G1 X24.206 Y235.954
G1 X24.625 Y236.344
G1 X24.742 Y236.156
G1 X24.663 Y235.898
G1 X24.277 Y235.535
G1 X23.808 Y235.394
G1 X23.515 Y235.548
G1 X23.421 Y235.981
G1 X23.208 Y235.546
G1 X22.904 Y235.394
G1 X22.734 Y235.437
G1 X22.598 Y235.567
G1 X22.479 Y235.998
G1 X22.521 Y236.571
G1 X22.658 Y237.123
G1 X22.775 Y237.302
G0 Z5.000 F500.000
G0 X24.451 Y236.622 F3000.000
G1 Z1.000 F500.000
G4 P100
G1 X24.567 Y237.123 F1000.000
G1 X24.690 Y237.300
G1 X24.929 Y237.356
G1 X25.079 Y237.256
G1 X24.908 Y236.356
G1 X25.217 Y236.940
G1 X25.552 Y237.260
G1 X25.854 Y237.356
G1 X26.057 Y237.289
G1 X26.125 Y237.085
G1 X26.080 Y236.505
G1 X26.158 Y236.469
G1 X26.571 Y236.706
G1 X26.688 Y236.531
G1 X26.604 Y236.290
G1 X26.331 Y236.083
G1 X26.000 Y235.998
G1 X25.665 Y236.110
G1 X25.525 Y236.719
G1 X25.360 Y236.579
G1 X25.158 Y236.210
G1 X24.890 Y235.463
G1 X24.700 Y235.394
G1 X24.477 Y235.560
G1 X24.413 Y236.094
G1 X24.451 Y236.622
G0 Z5.000 F500.000
G0 X26.246 Y236.073 F3000.000
G1 Z1.000 F500.000
G4 P100
G1 X26.400 Y236.704 F1000.000
G1 X26.810 Y237.183
G1 X27.354 Y237.365
G1 X27.477 Y237.329
G1 X27.529 Y237.202
G1 X27.866 Y237.182
G1 X27.917 Y237.073
G1 X27.790 Y235.890
G1 X27.871 Y235.852
G1 X28.062 Y235.954
G1 X28.479 Y236.344
G1 X28.596 Y236.156
G1 X28.517 Y235.898
G1 X28.154 Y235.540
G1 X27.783 Y235.394
G1 X27.531 Y235.488
G1 X27.358 Y235.744
G1 X27.114 Y235.481
G1 X26.812 Y235.394
G1 X26.580 Y235.441
G1 X26.284 Y235.798
G1 X26.246 Y236.073
G0 Z5.000 F500.000
G0 X26.819 Y235.877 F3000.000
G1 Z1.000 F500.000
G4 P100
G1 X26.963 Y235.815 F1000.000
G1 X27.138 Y235.923
G1 X27.413 Y236.977
G1 X27.090 Y236.846
G1 X26.854 Y236.510
G1 X26.767 Y236.069
G1 X26.819 Y235.877
G0 Z5.000 F500.000
G0 X28.332 Y236.109 F3000.000
G1 Z1.000 F500.000
G4 P100
G1 X28.288 Y236.590 F1000.000
G1 X28.419 Y237.748
G1 X28.581 Y238.352
G1 X28.806 Y238.865
G1 X29.087 Y239.215
G1 X29.417 Y239.331
G1 X29.595 Y239.285
G1 X29.731 Y239.146
G1 X29.846 Y238.615
G1 X29.777 Y238.079
G1 X29.247 Y236.814
G1 X28.825 Y236.169
G1 X28.921 Y235.925
G1 X29.096 Y235.852
G1 X29.396 Y235.950
G1 X29.837 Y236.344
G1 X29.954 Y236.156
G1 X29.875 Y235.898
G1 X29.485 Y235.535
G1 X29.008 Y235.394
G1 X28.689 Y235.477
G1 X28.465 Y235.727
G1 X28.332 Y236.109
G0 Z5.000 F500.000
G0 X28.796 Y236.731 F3000.000
G1 Z1.000 F500.000
G4 P100
G1 X29.267 Y237.708 F1000.000
G1 X29.442 Y238.602
G1 X29.413 Y238.840
G1 X29.325 Y238.919
G1 X29.108 Y238.573
G1 X28.896 Y237.715
G1 X28.796 Y236.731
G0 Z5.000 F500.000
G0 X30.572 Y237.327 F3000.000
G1 Z1.000 F500.000
G4 P100
G1 X30.950 Y237.385 F1000.000
G1 X31.167 Y238.223
G1 X31.519 Y238.827
G1 X31.733 Y238.996
G1 X32.119 Y239.014
G1 X32.238 Y238.898
G1 X32.338 Y238.510
G1 X32.202 Y237.906
G1 X31.796 Y237.385
G1 X32.263 Y237.385
G1 X32.358 Y237.356
G1 X32.388 Y237.248
G1 X32.270 Y237.032
G1 X31.408 Y236.960
G1 X31.400 Y236.635
G1 X31.502 Y236.027
G1 X31.634 Y235.896
G1 X31.825 Y235.852
G1 X32.142 Y235.960
G1 X32.579 Y236.344
G1 X32.696 Y236.156
G1 X32.617 Y235.898
G1 X32.225 Y235.535
G1 X31.738 Y235.394
G1 X31.366 Y235.468
G1 X31.100 Y235.693
G1 X30.941 Y236.066
G1 X30.900 Y236.960
G1 X30.569 Y237.006
G1 X30.572 Y237.327
G0 Z5.000 F500.000
G0 X31.450 Y237.448 F3000.000
G1 Z1.000 F500.000
G4 P100
G1 X31.819 Y237.925 F1000.000
G1 X31.942 Y238.406
G1 X31.850 Y238.652
G1 X31.710 Y238.496
G1 X31.565 Y238.063
G1 X31.450 Y237.448
G0 Z5.000 F500.000
G0 X32.752 Y237.210 F3000.000
G1 Z1.000 F500.000
G4 P100
G1 X33.237 Y237.356 F1000.000
G1 X33.455 Y237.320
G1 X33.734 Y237.043
G1 X33.719 Y236.556
G1 X33.565 Y236.329
G1 X33.287 Y236.144
G1 X32.867 Y236.002
G1 X33.018 Y235.858
G1 X33.263 Y235.810
G1 X33.690 Y235.942
G1 X34.217 Y236.344
G1 X34.333 Y236.156
G1 X34.254 Y235.898
G1 X33.819 Y235.552
G1 X33.528 Y235.433
G1 X32.828 Y235.453
G1 X32.538 Y235.631
G1 X32.356 Y235.913
G1 X32.296 Y236.281
G1 X32.417 Y236.817
G1 X32.752 Y237.210
G0 Z5.000 F500.000
G0 X32.906 Y236.769 F3000.000
G1 Z1.000 F500.000
G4 P100
G1 X32.800 Y236.335 F1000.000
G1 X33.188 Y236.502
G1 X33.329 Y236.773
G1 X33.285 Y236.900
G1 X33.167 Y236.948
G1 X32.906 Y236.769
G0 Z5.000 F500.000
G0 X34.142 Y236.919 F3000.000
G1 Z1.000 F500.000
G4 P100
G1 X34.271 Y237.252 F1000.000
G1 X34.604 Y237.373
G1 X34.921 Y237.288
G1 X35.138 Y237.040
G1 X35.419 Y237.290
G1 X35.725 Y237.373
G1 X35.973 Y237.298
G1 X36.058 Y237.056
G1 X35.987 Y236.763
G1 X35.817 Y236.656
G1 X35.692 Y236.694
G1 X35.558 Y236.902
G1 X35.452 Y236.808
G1 X35.317 Y236.240
G1 X35.410 Y235.938
G1 X35.667 Y235.831
G1 X35.973 Y235.942
G1 X36.421 Y236.344
G1 X36.538 Y236.156
G1 X36.458 Y235.898
G1 X36.056 Y235.538
G1 X35.562 Y235.394
G1 X35.185 Y235.473
G1 X34.925 Y235.698
G1 X34.666 Y235.473
G1 X34.362 Y235.398
G1 X34.000 Y235.531
G1 X33.867 Y235.885
G1 X33.963 Y236.223
G1 X34.233 Y236.352
G1 X34.346 Y236.324
G1 X34.362 Y235.965
G1 X34.471 Y235.840
G1 X34.623 Y235.933
G1 X34.744 Y236.190
G1 X34.792 Y236.548
G1 X34.754 Y236.800
G1 X34.663 Y236.902
G1 X34.487 Y236.696
G1 X34.342 Y236.656
G1 X34.196 Y236.721
G1 X34.142 Y236.919
G0 Z5.000 F500.000
G0 X36.004 Y237.152 F3000.000
G1 Z1.000 F500.000
G4 P100
G1 X36.051 Y237.327 F1000.000
G1 X36.429 Y237.385
G1 X36.646 Y238.223
G1 X36.998 Y238.827
G1 X37.212 Y238.996
G1 X37.598 Y239.014
G1 X37.717 Y238.898
G1 X37.817 Y238.510
G1 X37.681 Y237.906
G1 X37.275 Y237.385
G1 X37.742 Y237.385
G1 X37.837 Y237.356
G1 X37.867 Y237.248
G1 X37.749 Y237.032
G1 X36.888 Y236.960
G1 X36.879 Y236.635
G1 X36.981 Y236.027
G1 X37.113 Y235.896
G1 X37.304 Y235.852
G1 X37.621 Y235.960
G1 X38.058 Y236.344
G1 X38.175 Y236.156
G1 X38.096 Y235.898
G1 X37.704 Y235.535
G1 X37.217 Y235.394
G1 X36.845 Y235.468
G1 X36.579 Y235.693
G1 X36.420 Y236.066
G1 X36.379 Y236.960
G1 X36.048 Y237.006
G1 X36.004 Y237.152
G0 Z5.000 F500.000
G0 X36.929 Y237.448 F3000.000
G1 Z1.000 F500.000
G4 P100
G1 X37.298 Y237.925 F1000.000
G1 X37.421 Y238.406
G1 X37.329 Y238.652
G1 X37.190 Y238.496
G1 X37.044 Y238.063
G1 X36.929 Y237.448
G0 Z5.000 F500.000
G0 X39.131 Y237.429 F3000.000
G1 Z1.000 F500.000
G4 P100
G1 X39.336 Y238.181 F1000.000
G1 X39.606 Y238.792
G1 X39.923 Y239.196
G1 X40.271 Y239.331
G1 X40.445 Y239.288
G1 X40.577 Y239.156
G1 X40.688 Y238.685
G1 X40.614 Y238.185
G1 X40.395 Y237.663
G1 X40.029 Y237.118
G1 X39.517 Y236.552
G1 X39.504 Y234.954
G1 X39.600 Y234.502
G1 X39.694 Y234.610
G1 X39.725 Y234.935
G1 X39.598 Y236.344
G1 X39.800 Y236.552
G1 X40.604 Y236.581
G1 X40.721 Y236.406
G1 X40.592 Y236.159
G1 X40.204 Y236.077
G1 X39.917 Y236.115
G1 X40.042 Y235.023
G1 X40.005 Y234.626
G1 X39.896 Y234.335
G1 X39.727 Y234.157
G1 X39.513 Y234.098
G1 X39.256 Y234.204
G1 X39.085 Y234.523
G1 X38.990 Y235.056
G1 X39.002 Y236.612
G1 X39.131 Y237.429
G0 Z5.000 F500.000
G0 X39.592 Y237.106 F3000.000
G1 Z1.000 F500.000
G4 P100
G1 X40.104 Y237.896 F1000.000
G1 X40.288 Y238.665
G1 X40.183 Y238.919
G1 X39.998 Y238.665
G1 X39.592 Y237.106
G0 Z5.000 F500.000
G0 X40.648 Y237.748 F3000.000
G1 Z1.000 F500.000
G4 P100
G1 X41.035 Y238.865 F1000.000
G1 X41.316 Y239.215
G1 X41.646 Y239.331
G1 X41.824 Y239.285
G1 X41.960 Y239.146
G1 X42.075 Y238.615
G1 X42.006 Y238.079
G1 X41.476 Y236.814
G1 X41.054 Y236.169
G1 X41.150 Y235.925
G1 X41.325 Y235.852
G1 X41.625 Y235.950
G1 X41.954 Y236.285
G1 X42.067 Y236.344
G1 X42.152 Y236.294
G1 X42.104 Y235.898
G1 X41.715 Y235.535
G1 X41.238 Y235.394
G1 X40.918 Y235.477
G1 X40.694 Y235.727
G1 X40.561 Y236.109
G1 X40.517 Y236.590
G1 X40.648 Y237.748
G0 Z5.000 F500.000
G0 X41.025 Y236.731 F3000.000
G1 Z1.000 F500.000
G4 P100
G1 X41.496 Y237.708 F1000.000
G1 X41.671 Y238.602
G1 X41.642 Y238.840
G1 X41.554 Y238.919
G1 X41.337 Y238.573
G1 X41.125 Y237.715
G1 X41.025 Y236.731
G0 Z5.000 F500.000
G0 X41.904 Y236.833 F3000.000
G1 Z1.000 F500.000
G4 P100
G1 X42.238 Y237.221 F1000.000
G1 X42.708 Y237.360
G1 X42.994 Y237.306
G1 X43.219 Y237.142
G1 X43.446 Y236.602
G1 X43.971 Y236.694
G1 X44.054 Y236.640
G1 X44.053 Y236.343
G1 X43.963 Y236.265
G1 X43.413 Y236.165
G1 X43.295 Y235.849
G1 X43.100 Y235.604
G1 X42.851 Y235.446
G1 X42.571 Y235.394
G1 X42.144 Y235.515
G1 X41.875 Y235.835
G1 X41.783 Y236.269
G1 X41.904 Y236.833
G0 Z5.000 F500.000
G0 X42.304 Y236.306 F3000.000
G1 Z1.000 F500.000
G4 P100
G1 X42.394 Y235.956 F1000.000
G1 X42.604 Y235.835
G1 X42.835 Y235.944
G1 X42.967 Y236.256
G1 X42.769 Y236.485
G1 X42.713 Y236.919
G1 X42.415 Y236.758
G1 X42.304 Y236.306
G0 Z5.000 F500.000
G0 X43.733 Y236.969 F3000.000
G1 Z1.000 F500.000
G4 P100
G1 X43.808 Y237.306 F1000.000
G1 X44.021 Y237.360
G1 X44.181 Y237.312
G1 X44.292 Y235.906
G1 X44.813 Y237.148
G1 X44.923 Y237.317
G1 X45.079 Y237.360
G1 X45.235 Y237.315
G1 X45.279 Y237.152
G1 X45.338 Y235.906
G1 X45.713 Y236.498
G1 X45.650 Y236.785
G1 X45.713 Y237.060
G1 X45.883 Y237.277
G1 X46.129 Y237.360
G1 X46.325 Y237.275
G1 X46.400 Y237.027
G1 X46.300 Y236.598
G1 X46.875 Y236.685
G1 X47.004 Y236.531
G1 X46.954 Y236.329
G1 X46.804 Y236.223
G1 X46.396 Y236.160
G1 X46.050 Y236.210
G1 X45.498 Y235.481
G1 X45.229 Y235.394
G1 X44.977 Y235.523
G1 X44.850 Y236.252
G1 X44.619 Y235.719
G1 X44.415 Y235.465
G1 X44.175 Y235.394
G1 X43.906 Y235.527
G1 X43.783 Y235.948
G1 X43.733 Y236.969
G0 Z5.000 F500.000
G0 X47.823 Y236.107 F3000.000
G1 Z1.000 F500.000
G4 P100
G1 X47.775 Y236.644 F1000.000
G1 X47.908 Y237.812
G1 X48.072 Y238.397
G1 X48.298 Y238.888
G1 X48.579 Y239.220
G1 X48.908 Y239.331
G1 X49.081 Y239.290
G1 X49.217 Y239.167
G1 X49.333 Y238.740
G1 X49.204 Y238.060
G1 X48.775 Y237.352
G1 X49.028 Y237.284
G1 X49.229 Y237.121
G1 X49.438 Y236.602
G1 X49.962 Y236.694
G1 X50.046 Y236.640
G1 X50.046 Y236.342
G1 X49.404 Y236.165
G1 X49.090 Y235.606
G1 X48.846 Y235.447
G1 X48.579 Y235.394
G1 X48.216 Y235.474
G1 X47.967 Y235.715
G1 X47.823 Y236.107
G0 Z5.000 F500.000
G0 X48.385 Y235.960 F3000.000
G1 Z1.000 F500.000
G4 P100
G1 X48.596 Y235.835 F1000.000
G1 X48.825 Y235.944
G1 X48.958 Y236.256
G1 X48.760 Y236.485
G1 X48.708 Y236.944
G1 X48.410 Y236.775
G1 X48.296 Y236.323
G1 X48.385 Y235.960
G0 Z5.000 F500.000
G0 X48.325 Y237.069 F3000.000
G1 Z1.000 F500.000
G4 P100
G1 X48.765 Y237.958 F1000.000
G1 X48.929 Y238.644
G1 X48.898 Y238.848
G1 X48.812 Y238.919
G1 X48.631 Y238.671
G1 X48.450 Y237.998
G1 X48.325 Y237.069
G0 Z5.000 F500.000
G0 X49.775 Y236.817 F3000.000
G1 Z1.000 F500.000
G4 P100
G1 X50.110 Y237.210 F1000.000
G1 X50.596 Y237.356
G1 X50.814 Y237.320
G1 X51.093 Y237.043
G1 X51.078 Y236.556
G1 X50.923 Y236.329
G1 X50.645 Y236.144
G1 X50.225 Y236.002
G1 X50.376 Y235.858
G1 X50.621 Y235.810
G1 X51.048 Y235.942
G1 X51.575 Y236.344
G1 X51.692 Y236.156
G1 X51.612 Y235.898
G1 X51.177 Y235.552
G1 X50.886 Y235.433
G1 X50.186 Y235.453
G1 X49.896 Y235.631
G1 X49.715 Y235.913
G1 X49.654 Y236.281
G1 X49.775 Y236.817
G0 Z5.000 F500.000
G0 X50.158 Y236.335 F3000.000
G1 Z1.000 F500.000
G4 P100
G1 X50.546 Y236.502 F1000.000
G1 X50.688 Y236.773
G1 X50.644 Y236.900
G1 X50.383 Y236.903
G1 X50.265 Y236.769
G1 X50.158 Y236.335
G0 Z5.000 F500.000
G0 X51.414 Y236.612 F3000.000
G1 Z1.000 F500.000
G4 P100
G1 X51.749 Y238.181 F1000.000
G1 X52.019 Y238.792
G1 X52.336 Y239.196
G1 X52.683 Y239.331
G1 X52.858 Y239.288
G1 X52.990 Y239.156
G1 X53.100 Y238.685
G1 X53.027 Y238.185
G1 X52.807 Y237.663
G1 X52.441 Y237.118
G1 X51.929 Y236.552
G1 X51.917 Y234.954
G1 X52.013 Y234.502
G1 X52.106 Y234.610
G1 X52.138 Y234.935
G1 X52.010 Y236.344
G1 X52.212 Y236.552
G1 X53.017 Y236.581
G1 X53.133 Y236.406
G1 X53.004 Y236.159
G1 X52.617 Y236.077
G1 X52.329 Y236.115
G1 X52.454 Y235.023
G1 X52.418 Y234.626
G1 X52.308 Y234.335
G1 X52.140 Y234.157
G1 X51.925 Y234.098
G1 X51.668 Y234.204
G1 X51.498 Y234.523
G1 X51.371 Y235.806
G1 X51.414 Y236.612
G0 Z5.000 F500.000
G0 X52.004 Y237.106 F3000.000
G1 Z1.000 F500.000
G4 P100
G1 X52.517 Y237.896 F1000.000
G1 X52.700 Y238.665
G1 X52.596 Y238.919
G1 X52.410 Y238.665
G1 X52.004 Y237.106
G0 Z5.000 F500.000
G0 X53.292 Y237.221 F3000.000
G1 Z1.000 F500.000
G4 P100
G1 X53.763 Y237.360 F1000.000
G1 X54.048 Y237.306
G1 X54.273 Y237.142
G1 X54.500 Y236.602
G1 X55.025 Y236.694
G1 X55.108 Y236.640
G1 X55.107 Y236.343
G1 X55.017 Y236.265
G1 X54.467 Y236.165
G1 X54.349 Y235.849
G1 X54.154 Y235.604
G1 X53.905 Y235.446
G1 X53.625 Y235.394
G1 X53.198 Y235.515
G1 X52.929 Y235.835
G1 X52.838 Y236.269
G1 X52.958 Y236.833
G1 X53.292 Y237.221
G0 Z5.000 F500.000
G0 X53.469 Y236.758 F3000.000
G1 Z1.000 F500.000
G4 P100
G1 X53.358 Y236.306 F1000.000
G1 X53.448 Y235.956
G1 X53.658 Y235.835
G1 X53.890 Y235.944
G1 X54.021 Y236.256
G1 X53.823 Y236.485
G1 X53.767 Y236.919
G1 X53.469 Y236.758
G0 Z5.000 F500.000
G0 X54.826 Y236.622 F3000.000
G1 Z1.000 F500.000
G4 P100
G1 X54.942 Y237.123 F1000.000
G1 X55.065 Y237.300
G1 X55.304 Y237.356
G1 X55.454 Y237.256
G1 X55.283 Y236.356
G1 X55.592 Y236.940
G1 X55.927 Y237.260
G1 X56.229 Y237.356
G1 X56.432 Y237.289
G1 X56.500 Y237.085
G1 X56.455 Y236.505
G1 X56.533 Y236.469
G1 X56.946 Y236.706
G1 X57.063 Y236.531
G1 X56.979 Y236.290
G1 X56.706 Y236.083
G1 X56.375 Y235.998
G1 X56.040 Y236.110
G1 X55.900 Y236.719
G1 X55.735 Y236.579
G1 X55.533 Y236.210
G1 X55.265 Y235.463
G1 X55.075 Y235.394
G1 X54.852 Y235.560
G1 X54.788 Y236.094
G1 X54.826 Y236.622
G0 Z5.000 F500.000
G0 X56.613 Y236.281 F3000.000
G1 Z1.000 F500.000
G4 P100
G1 X56.733 Y236.817 F1000.000
G1 X57.069 Y237.210
G1 X57.554 Y237.356
G1 X57.772 Y237.320
G1 X58.051 Y237.043
G1 X58.036 Y236.556
G1 X57.881 Y236.329
G1 X57.604 Y236.144
G1 X57.183 Y236.002
G1 X57.334 Y235.858
G1 X57.579 Y235.810
G1 X58.006 Y235.942
G1 X58.533 Y236.344
G1 X58.650 Y236.156
G1 X58.571 Y235.898
G1 X58.135 Y235.552
G1 X57.533 Y235.394
G1 X57.145 Y235.453
G1 X56.854 Y235.631
G1 X56.673 Y235.913
G1 X56.613 Y236.281
G0 Z5.000 F500.000
G0 X57.117 Y236.335 F3000.000
G1 Z1.000 F500.000
G4 P100
G1 X57.504 Y236.502 F1000.000
G1 X57.646 Y236.773
G1 X57.602 Y236.900
G1 X57.341 Y236.903
G1 X57.223 Y236.769
G1 X57.117 Y236.335
G0 Z5.000 F500.000
G0 X59.221 Y237.152 F3000.000
G1 Z1.000 F500.000
G4 P100
G1 X59.268 Y237.327 F1000.000
G1 X59.646 Y237.385
G1 X59.863 Y238.223
G1 X60.215 Y238.827
G1 X60.429 Y238.996
G1 X60.815 Y239.014
G1 X60.933 Y238.898
G1 X61.033 Y238.510
G1 X60.898 Y237.906
G1 X60.492 Y237.385
G1 X60.958 Y237.385
G1 X61.054 Y237.356
G1 X61.083 Y237.248
G1 X60.966 Y237.032
G1 X60.104 Y236.960
G1 X60.096 Y236.635
G1 X60.198 Y236.027
G1 X60.330 Y235.896
G1 X60.521 Y235.852
G1 X60.838 Y235.960
G1 X61.275 Y236.344
G1 X61.392 Y236.156
G1 X61.313 Y235.898
G1 X60.921 Y235.535
G1 X60.433 Y235.394
G1 X60.061 Y235.468
G1 X59.796 Y235.693
G1 X59.636 Y236.066
G1 X59.596 Y236.960
G1 X59.265 Y237.006
G1 X59.221 Y237.152
G0 Z5.000 F500.000
G0 X60.146 Y237.448 F3000.000
G1 Z1.000 F500.000
G4 P100
G1 X60.515 Y237.925 F1000.000
G1 X60.638 Y238.406
G1 X60.546 Y238.652
G1 X60.406 Y238.496
G1 X60.260 Y238.063
G1 X60.146 Y237.448
G0 Z5.000 F500.000
G0 X61.215 Y237.690 F3000.000
G1 Z1.000 F500.000
G4 P100
G1 X61.602 Y238.858 F1000.000
G1 X61.884 Y239.213
G1 X62.217 Y239.331
G1 X62.390 Y239.290
G1 X62.527 Y239.167
G1 X62.646 Y238.740
G1 X62.584 Y238.311
G1 X62.400 Y237.867
G1 X61.600 Y236.810
G1 X61.588 Y236.365
G1 X61.894 Y236.942
G1 X62.227 Y237.260
G1 X62.529 Y237.356
G1 X62.732 Y237.289
G1 X62.800 Y237.085
G1 X62.659 Y235.894
G1 X62.750 Y235.852
G1 X62.948 Y235.954
G1 X63.367 Y236.344
G1 X63.483 Y236.156
G1 X63.404 Y235.898
G1 X63.010 Y235.535
G1 X62.550 Y235.394
G1 X62.229 Y235.517
G1 X62.121 Y235.873
G1 X62.233 Y236.652
G1 X62.188 Y236.719
G1 X61.833 Y236.210
G1 X61.533 Y235.477
G1 X61.279 Y235.394
G1 X61.115 Y235.483
G1 X61.083 Y236.352
G1 X61.215 Y237.690
G0 Z5.000 F500.000
G0 X61.646 Y237.331 F3000.000
G1 Z1.000 F500.000
G4 P100
G1 X62.073 Y237.994 F1000.000
G1 X62.242 Y238.644
G1 X62.213 Y238.848
G1 X62.129 Y238.919
G1 X61.963 Y238.704
G1 X61.785 Y238.125
G1 X61.646 Y237.331
G0 Z5.000 F500.000
G0 X63.204 Y236.817 F3000.000
G1 Z1.000 F500.000
G4 P100
G1 X63.540 Y237.210 F1000.000
G1 X64.025 Y237.356
G1 X64.243 Y237.320
G1 X64.522 Y237.043
G1 X64.507 Y236.556
G1 X64.352 Y236.329
G1 X64.074 Y236.144
G1 X63.654 Y236.002
G1 X63.805 Y235.858
G1 X64.050 Y235.810
G1 X64.477 Y235.942
G1 X65.004 Y236.344
G1 X65.121 Y236.156
G1 X65.042 Y235.898
G1 X64.606 Y235.552
G1 X64.315 Y235.433
G1 X63.616 Y235.453
G1 X63.325 Y235.631
G1 X63.144 Y235.913
G1 X63.083 Y236.281
G1 X63.204 Y236.817
G0 Z5.000 F500.000
G0 X63.588 Y236.335 F3000.000
G1 Z1.000 F500.000
G4 P100
G1 X63.975 Y236.502 F1000.000
G1 X64.117 Y236.773
G1 X64.073 Y236.900
G1 X63.812 Y236.903
G1 X63.694 Y236.769
G1 X63.588 Y236.335
G0 Z5.000 F500.000
G0 X65.931 Y236.575 F3000.000
G1 Z1.000 F500.000
G4 P100
G1 X66.154 Y237.306 F1000.000
G1 X66.514 Y237.321
G1 X66.567 Y237.215
G1 X66.388 Y236.110
G1 X66.421 Y235.919
G1 X66.533 Y235.852
G1 X66.721 Y235.956
G1 X67.133 Y236.344
G1 X67.250 Y236.156
G1 X67.171 Y235.898
G1 X66.772 Y235.520
G1 X66.400 Y235.394
G1 X66.166 Y235.442
G1 X66.006 Y235.585
G1 X65.883 Y236.094
G1 X65.931 Y236.575
G0 Z5.000 F500.000
G0 X66.433 Y237.631 F3000.000
G1 Z1.000 F500.000
G4 P100
G1 X66.171 Y237.713 F1000.000
G1 X66.083 Y237.940
G1 X66.198 Y238.183
G1 X66.483 Y238.281
G1 X66.733 Y238.206
G1 X66.829 Y237.994
G1 X66.721 Y237.729
G1 X66.433 Y237.631
G0 Z5.000 F500.000
G0 X67.198 Y237.300 F3000.000
G1 Z1.000 F500.000
G4 P100
G1 X67.438 Y237.356 F1000.000
G1 X67.588 Y237.256
G1 X67.417 Y236.360
G1 X67.685 Y236.910
G1 X68.006 Y237.246
G1 X68.317 Y237.356
G1 X68.523 Y237.290
G1 X68.583 Y237.085
G1 X68.458 Y236.377
G1 X68.921 Y237.123
G1 X69.396 Y237.356
G1 X69.599 Y237.289
G1 X69.667 Y237.085
G1 X69.526 Y235.894
G1 X69.617 Y235.852
G1 X69.815 Y235.954
G1 X70.233 Y236.344
G1 X70.350 Y236.156
G1 X70.271 Y235.898
G1 X69.885 Y235.535
G1 X69.417 Y235.394
G1 X69.096 Y235.517
G1 X68.988 Y235.873
G1 X69.100 Y236.652
G1 X69.054 Y236.719
G1 X68.700 Y236.210
G1 X68.431 Y235.460
G1 X68.238 Y235.394
G1 X68.031 Y235.525
G1 X67.963 Y235.844
G1 X67.992 Y236.719
G1 X67.833 Y236.569
G1 X67.648 Y236.185
G1 X67.398 Y235.463
G1 X67.208 Y235.394
G1 X67.073 Y235.435
G1 X66.985 Y235.560
G1 X66.921 Y236.094
G1 X66.959 Y236.622
G1 X67.075 Y237.123
G1 X67.198 Y237.300
G0 Z5.000 F500.000
G0 X70.113 Y236.704 F3000.000
G1 Z1.000 F500.000
G4 P100
G1 X70.523 Y237.183 F1000.000
G1 X70.787 Y237.319
G1 X71.067 Y237.365
G1 X71.190 Y237.329
G1 X71.242 Y237.202
G1 X71.578 Y237.182
G1 X71.629 Y237.073
G1 X71.502 Y235.890
G1 X71.583 Y235.852
G1 X71.775 Y235.954
G1 X72.192 Y236.344
G1 X72.308 Y236.156
G1 X72.229 Y235.898
G1 X71.867 Y235.540
G1 X71.496 Y235.394
G1 X71.244 Y235.488
G1 X71.071 Y235.744
G1 X70.826 Y235.481
G1 X70.525 Y235.394
G1 X70.293 Y235.441
G1 X69.997 Y235.798
G1 X69.958 Y236.073
G1 X70.113 Y236.704
G0 Z5.000 F500.000
G0 X70.479 Y236.069 F3000.000
G1 Z1.000 F500.000
G4 P100
G1 X70.531 Y235.877 F1000.000
G1 X70.675 Y235.815
G1 X70.850 Y235.923
G1 X71.125 Y236.977
G1 X70.802 Y236.846
G1 X70.567 Y236.510
G1 X70.479 Y236.069
G0 Z5.000 F500.000
G0 X71.917 Y236.073 F3000.000
G1 Z1.000 F500.000
G4 P100
G1 X72.071 Y236.704 F1000.000
G1 X72.481 Y237.183
G1 X73.025 Y237.365
G1 X73.148 Y237.329
G1 X73.200 Y237.202
G1 X73.531 Y237.188
G1 X73.575 Y237.065
G1 X73.392 Y235.860
G1 X74.008 Y236.302
G1 X74.190 Y236.283
G1 X74.221 Y236.152
G1 X74.100 Y235.906
G1 X73.308 Y235.369
G1 X73.126 Y234.598
G1 X72.894 Y234.013
G1 X72.603 Y233.642
G1 X72.242 Y233.519
G1 X71.896 Y233.650
G1 X71.763 Y233.994
G1 X71.821 Y234.301
G1 X71.996 Y234.629
G1 X72.331 Y235.008
G1 X72.871 Y235.465
G1 X72.896 Y235.627
G1 X72.710 Y235.454
G1 X72.483 Y235.394
G1 X72.251 Y235.441
G1 X71.955 Y235.798
G1 X71.917 Y236.073
G0 Z5.000 F500.000
G0 X72.490 Y235.877 F3000.000
G1 Z1.000 F500.000
G4 P100
G1 X72.633 Y235.815 F1000.000
G1 X72.817 Y235.931
G1 X73.075 Y236.977
G1 X72.758 Y236.846
G1 X72.525 Y236.510
G1 X72.438 Y236.069
G1 X72.490 Y235.877
G0 Z5.000 F500.000
G0 X72.775 Y234.969 F3000.000
G1 Z1.000 F500.000
G4 P100
G1 X72.313 Y234.473 F1000.000
G1 X72.171 Y234.085
G1 X72.198 Y233.969
G1 X72.288 Y233.923
G1 X72.523 Y234.173
G1 X72.775 Y234.969
G0 Z5.000 F500.000
G0 X74.146 Y235.631 F3000.000
G1 Z1.000 F500.000
G4 P100
G1 X73.965 Y235.913 F1000.000
G1 X73.904 Y236.281
G1 X74.025 Y236.817
G1 X74.360 Y237.210
G1 X74.846 Y237.356
G1 X75.064 Y237.320
G1 X75.343 Y237.043
G1 X75.328 Y236.556
G1 X75.173 Y236.329
G1 X74.895 Y236.144
G1 X74.475 Y236.002
G1 X74.626 Y235.858
G1 X74.871 Y235.810
G1 X75.298 Y235.942
G1 X75.825 Y236.344
G1 X75.942 Y236.156
G1 X75.863 Y235.898
G1 X75.427 Y235.552
G1 X75.136 Y235.433
G1 X74.436 Y235.453
G1 X74.146 Y235.631
G0 Z5.000 F500.000
G0 X74.408 Y236.335 F3000.000
G1 Z1.000 F500.000
G4 P100
G1 X74.796 Y236.502 F1000.000
G1 X74.938 Y236.773
G1 X74.894 Y236.900
G1 X74.633 Y236.903
G1 X74.515 Y236.769
G1 X74.408 Y236.335
G0 Z5.000 F500.000
G0 X75.877 Y236.056 F3000.000
G1 Z1.000 F500.000
G4 P100
G1 X76.175 Y236.169 F1000.000
G1 X76.452 Y236.079
G1 X76.546 Y235.815
G1 X76.438 Y235.508
G1 X76.142 Y235.394
G1 X75.865 Y235.494
G1 X75.771 Y235.756
G1 X75.877 Y236.056
G0 Z5.000 F500.000
G0 X78.508 Y235.723 F3000.000
G1 Z1.000 F500.000
G4 P100
G1 X78.833 Y238.244 F1000.000
G1 X78.799 Y238.384
G1 X78.696 Y238.431
G1 X78.435 Y238.321
G1 X77.971 Y237.890
G1 X77.825 Y238.073
G1 X77.942 Y238.365
G1 X78.396 Y238.796
G1 X78.921 Y238.948
G1 X79.121 Y238.913
G1 X79.265 Y238.806
G1 X79.379 Y238.394
G1 X79.313 Y237.694
G1 X79.549 Y238.236
G1 X79.842 Y238.629
G1 X80.191 Y238.868
G1 X80.596 Y238.948
G1 X80.895 Y238.899
G1 X81.110 Y238.754
G1 X81.240 Y238.528
G1 X81.283 Y238.235
G1 X80.933 Y236.240
G1 X81.015 Y235.977
G1 X81.242 Y235.890
G1 X81.510 Y235.981
G1 X81.933 Y236.344
G1 X82.050 Y236.156
G1 X81.971 Y235.898
G1 X81.542 Y235.515
G1 X81.096 Y235.394
G1 X80.780 Y235.446
G1 X80.542 Y235.604
G1 X80.392 Y235.851
G1 X80.342 Y236.169
G1 X80.683 Y238.127
G1 X80.608 Y238.340
G1 X80.396 Y238.419
G1 X80.146 Y238.352
G1 X79.896 Y238.152
G1 X79.655 Y237.804
G1 X79.244 Y236.615
G1 X79.015 Y235.477
G1 X78.796 Y235.394
G1 X78.575 Y235.463
G1 X78.508 Y235.723
G0 Z5.000 F500.000
G0 X81.697 Y235.798 F3000.000
G1 Z1.000 F500.000
G4 P100
G1 X81.658 Y236.073 F1000.000
G1 X81.813 Y236.704
G1 X82.223 Y237.183
G1 X82.767 Y237.365
G1 X82.890 Y237.329
G1 X82.942 Y237.202
G1 X83.278 Y237.182
G1 X83.329 Y237.073
G1 X83.202 Y235.890
G1 X83.283 Y235.852
G1 X83.475 Y235.954
G1 X83.892 Y236.344
G1 X84.008 Y236.156
G1 X83.929 Y235.898
G1 X83.567 Y235.540
G1 X83.196 Y235.394
G1 X82.944 Y235.488
G1 X82.771 Y235.744
G1 X82.526 Y235.481
G1 X82.225 Y235.394
G1 X81.993 Y235.441
G1 X81.697 Y235.798
G0 Z5.000 F500.000
G0 X82.231 Y235.877 F3000.000
G1 Z1.000 F500.000
G4 P100
G1 X82.375 Y235.815 F1000.000
G1 X82.550 Y235.923
G1 X82.825 Y236.977
G1 X82.502 Y236.846
G1 X82.267 Y236.510
G1 X82.179 Y236.069
G1 X82.231 Y235.877
G0 Z5.000 F500.000
G0 X83.519 Y237.006 F3000.000
G1 Z1.000 F500.000
G4 P100
G1 X83.522 Y237.327 F1000.000
G1 X83.900 Y237.385
G1 X84.117 Y238.223
G1 X84.469 Y238.827
G1 X84.683 Y238.996
G1 X85.069 Y239.014
G1 X85.188 Y238.898
G1 X85.288 Y238.510
G1 X85.152 Y237.906
G1 X84.746 Y237.385
G1 X85.213 Y237.385
G1 X85.308 Y237.356
G1 X85.338 Y237.248
G1 X85.220 Y237.032
G1 X84.358 Y236.960
G1 X84.350 Y236.635
G1 X84.452 Y236.027
G1 X84.584 Y235.896
G1 X84.775 Y235.852
G1 X85.092 Y235.960
G1 X85.529 Y236.344
G1 X85.646 Y236.156
G1 X85.567 Y235.898
G1 X85.175 Y235.535
G1 X84.688 Y235.394
G1 X84.316 Y235.468
G1 X84.050 Y235.693
G1 X83.891 Y236.066
G1 X83.850 Y236.960
G1 X83.519 Y237.006
G0 Z5.000 F500.000
G0 X84.400 Y237.448 F3000.000
G1 Z1.000 F500.000
G4 P100
G1 X84.769 Y237.925 F1000.000
G1 X84.892 Y238.406
G1 X84.800 Y238.652
G1 X84.660 Y238.496
G1 X84.515 Y238.063
G1 X84.400 Y237.448
G0 Z5.000 F500.000
G0 X85.604 Y237.302 F3000.000
G1 Z1.000 F500.000
G4 P100
G1 X85.842 Y237.356 F1000.000
G1 X85.969 Y237.327
G1 X86.004 Y237.240
G1 X85.829 Y236.029
G1 X85.896 Y235.994
G1 X86.052 Y236.119
G1 X86.560 Y237.302
G1 X86.767 Y237.356
G1 X86.900 Y237.333
G1 X86.938 Y237.248
G1 X86.750 Y235.896
G1 X86.838 Y235.852
G1 X87.035 Y235.954
G1 X87.454 Y236.344
G1 X87.571 Y236.156
G1 X87.492 Y235.898
G1 X87.106 Y235.535
G1 X86.638 Y235.394
G1 X86.344 Y235.548
G1 X86.250 Y235.981
G1 X86.038 Y235.546
G1 X85.733 Y235.394
G1 X85.563 Y235.437
G1 X85.427 Y235.567
G1 X85.308 Y235.998
G1 X85.350 Y236.571
G1 X85.488 Y237.123
G1 X85.604 Y237.302
G0 Z5.000 F500.000
G0 X87.280 Y236.622 F3000.000
G1 Z1.000 F500.000
G4 P100
G1 X87.396 Y237.123 F1000.000
G1 X87.519 Y237.300
G1 X87.758 Y237.356
G1 X87.908 Y237.256
G1 X87.738 Y236.356
G1 X88.046 Y236.940
G1 X88.381 Y237.260
G1 X88.683 Y237.356
G1 X88.886 Y237.289
G1 X88.954 Y237.085
G1 X88.909 Y236.505
G1 X88.988 Y236.469
G1 X89.400 Y236.706
G1 X89.517 Y236.531
G1 X89.433 Y236.290
G1 X89.160 Y236.083
G1 X88.829 Y235.998
G1 X88.494 Y236.110
G1 X88.354 Y236.719
G1 X88.190 Y236.579
G1 X87.988 Y236.210
G1 X87.719 Y235.463
G1 X87.529 Y235.394
G1 X87.306 Y235.560
G1 X87.242 Y236.094
G1 X87.280 Y236.622
G0 Z5.000 F500.000
G0 X89.075 Y236.073 F3000.000
G1 Z1.000 F500.000
G4 P100
G1 X89.229 Y236.704 F1000.000
G1 X89.640 Y237.183
G1 X90.183 Y237.365
G1 X90.306 Y237.329
G1 X90.358 Y237.202
G1 X90.695 Y237.182
G1 X90.746 Y237.073
G1 X90.619 Y235.890
G1 X90.700 Y235.852
G1 X90.892 Y235.954
G1 X91.308 Y236.344
G1 X91.425 Y236.156
G1 X91.346 Y235.898
G1 X90.983 Y235.540
G1 X90.613 Y235.394
G1 X90.360 Y235.488
G1 X90.188 Y235.744
G1 X89.943 Y235.481
G1 X89.642 Y235.394
G1 X89.409 Y235.441
G1 X89.114 Y235.798
G1 X89.075 Y236.073
G0 Z5.000 F500.000
G0 X89.648 Y235.877 F3000.000
G1 Z1.000 F500.000
G4 P100
G1 X89.792 Y235.815 F1000.000
G1 X89.967 Y235.923
G1 X90.242 Y236.977
G1 X89.919 Y236.846
G1 X89.683 Y236.510
G1 X89.596 Y236.069
G1 X89.648 Y235.877
G0 Z5.000 F500.000
G0 X91.161 Y236.109 F3000.000
G1 Z1.000 F500.000
G4 P100
G1 X91.117 Y236.590 F1000.000
G1 X91.248 Y237.748
G1 X91.410 Y238.352
G1 X91.635 Y238.865
G1 X91.916 Y239.215
G1 X92.246 Y239.331
G1 X92.424 Y239.285
G1 X92.560 Y239.146
G1 X92.675 Y238.615
G1 X92.606 Y238.079
G1 X92.076 Y236.814
G1 X91.654 Y236.169
G1 X91.750 Y235.925
G1 X91.925 Y235.852
G1 X92.225 Y235.950
G1 X92.667 Y236.344
G1 X92.783 Y236.156
G1 X92.704 Y235.898
G1 X92.315 Y235.535
G1 X91.838 Y235.394
G1 X91.518 Y235.477
G1 X91.294 Y235.727
G1 X91.161 Y236.109
G0 Z5.000 F500.000
G0 X91.625 Y236.731 F3000.000
G1 Z1.000 F500.000
G4 P100
G1 X92.096 Y237.708 F1000.000
G1 X92.271 Y238.602
G1 X92.242 Y238.840
G1 X92.154 Y238.919
G1 X91.938 Y238.573
G1 X91.725 Y237.715
G1 X91.625 Y236.731
G0 Z5.000 F500.000
G0 X93.401 Y237.327 F3000.000
G1 Z1.000 F500.000
G4 P100
G1 X93.779 Y237.385 F1000.000
G1 X93.996 Y238.223
G1 X94.348 Y238.827
G1 X94.562 Y238.996
G1 X94.948 Y239.014
G1 X95.067 Y238.898
G1 X95.167 Y238.510
G1 X95.031 Y237.906
G1 X94.625 Y237.385
G1 X95.092 Y237.385
G1 X95.188 Y237.356
G1 X95.217 Y237.248
G1 X95.099 Y237.032
G1 X94.238 Y236.960
G1 X94.229 Y236.635
G1 X94.331 Y236.027
G1 X94.463 Y235.896
G1 X94.654 Y235.852
G1 X94.971 Y235.960
G1 X95.408 Y236.344
G1 X95.525 Y236.156
G1 X95.446 Y235.898
G1 X95.054 Y235.535
G1 X94.567 Y235.394
G1 X94.195 Y235.468
G1 X93.929 Y235.693
G1 X93.770 Y236.066
G1 X93.729 Y236.960
G1 X93.398 Y237.006
G1 X93.401 Y237.327
G0 Z5.000 F500.000
G0 X94.279 Y237.448 F3000.000
G1 Z1.000 F500.000
G4 P100
G1 X94.648 Y237.925 F1000.000
G1 X94.771 Y238.406
G1 X94.679 Y238.652
G1 X94.540 Y238.496
G1 X94.394 Y238.063
G1 X94.279 Y237.448
G0 Z5.000 F500.000
G0 X95.581 Y237.210 F3000.000
G1 Z1.000 F500.000
G4 P100
G1 X96.067 Y237.356 F1000.000
G1 X96.284 Y237.320
G1 X96.564 Y237.043
G1 X96.548 Y236.556
G1 X96.394 Y236.329
G1 X96.116 Y236.144
G1 X95.696 Y236.002
G1 X95.847 Y235.858
G1 X96.092 Y235.810
G1 X96.519 Y235.942
G1 X97.046 Y236.344
G1 X97.163 Y236.156
G1 X97.083 Y235.898
G1 X96.648 Y235.552
G1 X96.357 Y235.433
G1 X95.657 Y235.453
G1 X95.367 Y235.631
G1 X95.185 Y235.913
G1 X95.125 Y236.281
G1 X95.246 Y236.817
G1 X95.581 Y237.210
G0 Z5.000 F500.000
G0 X95.735 Y236.769 F3000.000
G1 Z1.000 F500.000
G4 P100
G1 X95.629 Y236.335 F1000.000
G1 X96.017 Y236.502
G1 X96.158 Y236.773
G1 X96.115 Y236.900
G1 X95.996 Y236.948
G1 X95.735 Y236.769
G0 Z5.000 F500.000
G0 X96.971 Y236.919 F3000.000
G1 Z1.000 F500.000
G4 P100
G1 X97.100 Y237.252 F1000.000
G1 X97.433 Y237.373
G1 X97.750 Y237.288
G1 X97.967 Y237.040
G1 X98.248 Y237.290
G1 X98.554 Y237.373
G1 X98.802 Y237.298
G1 X98.888 Y237.056
G1 X98.817 Y236.763
G1 X98.646 Y236.656
G1 X98.521 Y236.694
G1 X98.388 Y236.902
G1 X98.281 Y236.808
G1 X98.146 Y236.240
G1 X98.240 Y235.938
G1 X98.496 Y235.831
G1 X98.802 Y235.942
G1 X99.250 Y236.344
G1 X99.367 Y236.156
G1 X99.288 Y235.898
G1 X98.885 Y235.538
G1 X98.392 Y235.394
G1 X98.015 Y235.473
G1 X97.754 Y235.698
G1 X97.495 Y235.473
G1 X97.192 Y235.398
G1 X96.829 Y235.531
G1 X96.696 Y235.885
G1 X96.792 Y236.223
G1 X97.063 Y236.352
G1 X97.175 Y236.324
G1 X97.192 Y235.965
G1 X97.300 Y235.840
G1 X97.452 Y235.933
G1 X97.573 Y236.190
G1 X97.621 Y236.548
G1 X97.583 Y236.800
G1 X97.492 Y236.902
G1 X97.317 Y236.696
G1 X97.171 Y236.656
G1 X97.025 Y236.721
G1 X96.971 Y236.919
G0 Z5.000 F500.000
G0 X98.833 Y237.152 F3000.000
G1 Z1.000 F500.000
G4 P100
G1 X98.880 Y237.327 F1000.000
G1 X99.258 Y237.385
G1 X99.475 Y238.223
G1 X99.827 Y238.827
G1 X100.041 Y238.996
G1 X100.427 Y239.014
G1 X100.546 Y238.898
G1 X100.646 Y238.510
G1 X100.510 Y237.906
G1 X100.104 Y237.385
G1 X100.571 Y237.385
G1 X100.667 Y237.356
G1 X100.696 Y237.248
G1 X100.578 Y237.032
G1 X99.717 Y236.960
G1 X99.708 Y236.635
G1 X99.810 Y236.027
G1 X99.942 Y235.896
G1 X100.133 Y235.852
G1 X100.450 Y235.960
G1 X100.888 Y236.344
G1 X101.004 Y236.156
G1 X100.925 Y235.898
G1 X100.533 Y235.535
G1 X100.046 Y235.394
G1 X99.674 Y235.468
G1 X99.408 Y235.693
G1 X99.249 Y236.066
G1 X99.208 Y236.960
G1 X98.877 Y237.006
G1 X98.833 Y237.152
G0 Z5.000 F500.000
G0 X99.758 Y237.448 F3000.000
G1 Z1.000 F500.000
G4 P100
G1 X100.127 Y237.925 F1000.000
G1 X100.250 Y238.406
G1 X100.158 Y238.652
G1 X100.019 Y238.496
G1 X99.873 Y238.063
G1 X99.758 Y237.448
G0 Z5.000 F500.000
G0 X101.960 Y237.429 F3000.000
G1 Z1.000 F500.000
G4 P100
G1 X102.166 Y238.181 F1000.000
G1 X102.435 Y238.792
G1 X102.753 Y239.196
G1 X103.100 Y239.331
G1 X103.274 Y239.288
G1 X103.406 Y239.156
G1 X103.517 Y238.685
G1 X103.443 Y238.185
G1 X103.224 Y237.663
G1 X102.858 Y237.118
G1 X102.346 Y236.552
G1 X102.333 Y234.954
G1 X102.429 Y234.502
G1 X102.523 Y234.610
G1 X102.554 Y234.935
G1 X102.427 Y236.344
G1 X102.629 Y236.552
G1 X103.433 Y236.581
G1 X103.550 Y236.406
G1 X103.421 Y236.159
G1 X103.033 Y236.077
G1 X102.746 Y236.115
G1 X102.871 Y235.023
G1 X102.834 Y234.626
G1 X102.725 Y234.335
G1 X102.556 Y234.157
G1 X102.342 Y234.098
G1 X102.085 Y234.204
G1 X101.915 Y234.523
G1 X101.819 Y235.056
G1 X101.831 Y236.612
G1 X101.960 Y237.429
G0 Z5.000 F500.000
G0 X102.421 Y237.106 F3000.000
G1 Z1.000 F500.000
G4 P100
G1 X102.933 Y237.896 F1000.000
G1 X103.117 Y238.665
G1 X103.013 Y238.919
G1 X102.827 Y238.665
G1 X102.421 Y237.106
G0 Z5.000 F500.000
G0 X103.477 Y237.748 F3000.000
G1 Z1.000 F500.000
G4 P100
G1 X103.865 Y238.865 F1000.000
G1 X104.145 Y239.215
G1 X104.475 Y239.331
G1 X104.654 Y239.285
G1 X104.790 Y239.146
G1 X104.904 Y238.615
G1 X104.835 Y238.079
G1 X104.305 Y236.814
G1 X103.883 Y236.169
G1 X103.979 Y235.925
G1 X104.154 Y235.852
G1 X104.454 Y235.950
G1 X104.783 Y236.285
G1 X104.896 Y236.344
G1 X104.981 Y236.294
G1 X104.933 Y235.898
G1 X104.544 Y235.535
G1 X104.067 Y235.394
G1 X103.747 Y235.477
G1 X103.523 Y235.727
G1 X103.390 Y236.109
G1 X103.346 Y236.590
G1 X103.477 Y237.748
G0 Z5.000 F500.000
G0 X103.854 Y236.731 F3000.000
G1 Z1.000 F500.000
G4 P100
G1 X104.325 Y237.708 F1000.000
G1 X104.500 Y238.602
G1 X104.471 Y238.840
G1 X104.383 Y238.919
G1 X104.167 Y238.573
G1 X103.954 Y237.715
G1 X103.854 Y236.731
G0 Z5.000 F500.000
G0 X104.733 Y236.833 F3000.000
G1 Z1.000 F500.000
G4 P100
G1 X105.067 Y237.221 F1000.000
G1 X105.538 Y237.360
G1 X105.823 Y237.306
G1 X106.048 Y237.142
G1 X106.275 Y236.602
G1 X106.800 Y236.694
G1 X106.883 Y236.640
G1 X106.882 Y236.343
G1 X106.792 Y236.265
G1 X106.242 Y236.165
G1 X106.124 Y235.849
G1 X105.929 Y235.604
G1 X105.680 Y235.446
G1 X105.400 Y235.394
G1 X104.973 Y235.515
G1 X104.704 Y235.835
G1 X104.613 Y236.269
G1 X104.733 Y236.833
G0 Z5.000 F500.000
G0 X105.133 Y236.306 F3000.000
G1 Z1.000 F500.000
G4 P100
G1 X105.223 Y235.956 F1000.000
G1 X105.433 Y235.835
G1 X105.665 Y235.944
G1 X105.796 Y236.256
G1 X105.598 Y236.485
G1 X105.542 Y236.919
G1 X105.244 Y236.758
G1 X105.133 Y236.306
G0 Z5.000 F500.000
G0 X106.563 Y236.969 F3000.000
G1 Z1.000 F500.000
G4 P100
G1 X106.638 Y237.306 F1000.000
G1 X106.850 Y237.360
G1 X107.010 Y237.312
G1 X107.121 Y235.906
G1 X107.642 Y237.148
G1 X107.752 Y237.317
G1 X107.908 Y237.360
G1 X108.065 Y237.315
G1 X108.108 Y237.152
G1 X108.167 Y235.906
G1 X108.542 Y236.498
G1 X108.479 Y236.785
G1 X108.542 Y237.060
G1 X108.713 Y237.277
G1 X108.958 Y237.360
G1 X109.154 Y237.275
G1 X109.229 Y237.027
G1 X109.129 Y236.598
G1 X109.704 Y236.685
G1 X109.833 Y236.531
G1 X109.783 Y236.329
G1 X109.633 Y236.223
G1 X109.225 Y236.160
G1 X108.879 Y236.210
G1 X108.327 Y235.481
G1 X108.058 Y235.394
G1 X107.806 Y235.523
G1 X107.679 Y236.252
G1 X107.448 Y235.719
G1 X107.244 Y235.465
G1 X107.004 Y235.394
G1 X106.735 Y235.527
G1 X106.613 Y235.948
G1 X106.563 Y236.969
G0 Z5.000 F500.000
G0 X110.652 Y236.107 F3000.000
G1 Z1.000 F500.000
G4 P100
G1 X110.604 Y236.644 F1000.000
G1 X110.738 Y237.812
G1 X110.902 Y238.397
G1 X111.127 Y238.888
G1 X111.408 Y239.220
G1 X111.738 Y239.331
G1 X111.910 Y239.290
G1 X112.046 Y239.167
G1 X112.163 Y238.740
G1 X112.033 Y238.060
G1 X111.604 Y237.352
G1 X111.857 Y237.284
G1 X112.058 Y237.121
G1 X112.267 Y236.602
G1 X112.792 Y236.694
G1 X112.875 Y236.640
G1 X112.875 Y236.342
G1 X112.233 Y236.165
G1 X111.919 Y235.606
G1 X111.676 Y235.447
G1 X111.408 Y235.394
G1 X111.045 Y235.474
G1 X110.796 Y235.715
G1 X110.652 Y236.107
G0 Z5.000 F500.000
G0 X111.215 Y235.960 F3000.000
G1 Z1.000 F500.000
G4 P100
G1 X111.425 Y235.835 F1000.000
G1 X111.654 Y235.944
G1 X111.788 Y236.256
G1 X111.590 Y236.485
G1 X111.538 Y236.944
G1 X111.240 Y236.775
G1 X111.125 Y236.323
G1 X111.215 Y235.960
G0 Z5.000 F500.000
G0 X111.154 Y237.069 F3000.000
G1 Z1.000 F500.000
G4 P100
G1 X111.594 Y237.958 F1000.000
G1 X111.758 Y238.644
G1 X111.727 Y238.848
G1 X111.642 Y238.919
G1 X111.460 Y238.671
G1 X111.279 Y237.998
G1 X111.154 Y237.069
G0 Z5.000 F500.000
G0 X112.604 Y236.817 F3000.000
G1 Z1.000 F500.000
G4 P100
G1 X112.940 Y237.210 F1000.000
G1 X113.425 Y237.356
G1 X113.643 Y237.320
G1 X113.922 Y237.043
G1 X113.907 Y236.556
G1 X113.752 Y236.329
G1 X113.474 Y236.144
G1 X113.054 Y236.002
G1 X113.205 Y235.858
G1 X113.450 Y235.810
G1 X113.877 Y235.942
G1 X114.404 Y236.344
G1 X114.521 Y236.156
G1 X114.442 Y235.898
G1 X114.006 Y235.552
G1 X113.715 Y235.433
G1 X113.016 Y235.453
G1 X112.725 Y235.631
G1 X112.544 Y235.913
G1 X112.483 Y236.281
G1 X112.604 Y236.817
G0 Z5.000 F500.000
G0 X112.988 Y236.335 F3000.000
G1 Z1.000 F500.000
G4 P100
G1 X113.375 Y236.502 F1000.000
G1 X113.517 Y236.773
G1 X113.473 Y236.900
G1 X113.212 Y236.903
G1 X113.094 Y236.769
G1 X112.988 Y236.335
G0 Z5.000 F500.000
G0 X114.243 Y236.612 F3000.000
G1 Z1.000 F500.000
G4 P100
G1 X114.578 Y238.181 F1000.000
G1 X114.848 Y238.792
G1 X115.165 Y239.196
G1 X115.513 Y239.331
G1 X115.687 Y239.288
G1 X115.819 Y239.156
G1 X115.929 Y238.685
G1 X115.856 Y238.185
G1 X115.636 Y237.663
G1 X115.271 Y237.118
G1 X114.758 Y236.552
G1 X114.746 Y234.954
G1 X114.842 Y234.502
G1 X114.935 Y234.610
G1 X114.967 Y234.935
G1 X114.840 Y236.344
G1 X115.042 Y236.552
G1 X115.846 Y236.581
G1 X115.963 Y236.406
G1 X115.833 Y236.159
G1 X115.446 Y236.077
G1 X115.158 Y236.115
G1 X115.283 Y235.023
G1 X115.247 Y234.626
G1 X115.138 Y234.335
G1 X114.969 Y234.157
G1 X114.754 Y234.098
G1 X114.497 Y234.204
G1 X114.327 Y234.523
G1 X114.200 Y235.806
G1 X114.243 Y236.612
G0 Z5.000 F500.000
G0 X114.833 Y237.106 F3000.000
G1 Z1.000 F500.000
G4 P100
G1 X115.346 Y237.896 F1000.000
G1 X115.529 Y238.665
G1 X115.425 Y238.919
G1 X115.240 Y238.665
G1 X114.833 Y237.106
G0 Z5.000 F500.000
G0 X116.121 Y237.221 F3000.000
G1 Z1.000 F500.000
G4 P100
G1 X116.592 Y237.360 F1000.000
G1 X116.878 Y237.306
G1 X117.102 Y237.142
G1 X117.329 Y236.602
G1 X117.854 Y236.694
G1 X117.938 Y236.640
G1 X117.936 Y236.343
G1 X117.846 Y236.265
G1 X117.296 Y236.165
G1 X117.178 Y235.849
G1 X116.983 Y235.604
G1 X116.734 Y235.446
G1 X116.454 Y235.394
G1 X116.027 Y235.515
G1 X115.758 Y235.835
G1 X115.667 Y236.269
G1 X115.788 Y236.833
G1 X116.121 Y237.221
G0 Z5.000 F500.000
G0 X116.298 Y236.758 F3000.000
G1 Z1.000 F500.000
G4 P100
G1 X116.188 Y236.306 F1000.000
G1 X116.277 Y235.956
G1 X116.488 Y235.835
G1 X116.719 Y235.944
G1 X116.850 Y236.256
G1 X116.652 Y236.485
G1 X116.596 Y236.919
G1 X116.298 Y236.758
G0 Z5.000 F500.000
G0 X117.655 Y236.622 F3000.000
G1 Z1.000 F500.000
G4 P100
G1 X117.771 Y237.123 F1000.000
G1 X117.894 Y237.300
G1 X118.133 Y237.356
G1 X118.283 Y237.256
G1 X118.113 Y236.356
G1 X118.421 Y236.940
G1 X118.756 Y237.260
G1 X119.058 Y237.356
G1 X119.261 Y237.289
G1 X119.329 Y237.085
G1 X119.284 Y236.505
G1 X119.363 Y236.469
G1 X119.775 Y236.706
G1 X119.892 Y236.531
G1 X119.808 Y236.290
G1 X119.535 Y236.083
G1 X119.204 Y235.998
G1 X118.869 Y236.110
G1 X118.729 Y236.719
G1 X118.565 Y236.579
G1 X118.363 Y236.210
G1 X118.094 Y235.463
G1 X117.904 Y235.394
G1 X117.681 Y235.560
G1 X117.617 Y236.094
G1 X117.655 Y236.622
G0 Z5.000 F500.000
G0 X119.442 Y236.281 F3000.000
G1 Z1.000 F500.000
G4 P100
G1 X119.563 Y236.817 F1000.000
G1 X119.898 Y237.210
G1 X120.383 Y237.356
G1 X120.601 Y237.320
G1 X120.880 Y237.043
G1 X120.865 Y236.556
G1 X120.710 Y236.329
G1 X120.433 Y236.144
G1 X120.013 Y236.002
G1 X120.164 Y235.858
G1 X120.408 Y235.810
G1 X120.835 Y235.942
G1 X121.363 Y236.344
G1 X121.479 Y236.156
G1 X121.400 Y235.898
G1 X120.965 Y235.552
G1 X120.363 Y235.394
G1 X119.974 Y235.453
G1 X119.683 Y235.631
G1 X119.502 Y235.913
G1 X119.442 Y236.281
G0 Z5.000 F500.000
G0 X119.946 Y236.335 F3000.000
G1 Z1.000 F500.000
G4 P100
G1 X120.333 Y236.502 F1000.000
G1 X120.475 Y236.773
G1 X120.431 Y236.900
G1 X120.170 Y236.903
G1 X120.052 Y236.769
G1 X119.946 Y236.335
G0 Z5.000 F500.000
G0 X122.050 Y237.152 F3000.000
G1 Z1.000 F500.000
G4 P100
G1 X122.097 Y237.327 F1000.000
G1 X122.475 Y237.385
G1 X122.692 Y238.223
G1 X123.044 Y238.827
G1 X123.258 Y238.996
G1 X123.644 Y239.014
G1 X123.763 Y238.898
G1 X123.863 Y238.510
G1 X123.727 Y237.906
G1 X123.321 Y237.385
G1 X123.788 Y237.385
G1 X123.883 Y237.356
G1 X123.913 Y237.248
G1 X123.795 Y237.032
G1 X122.933 Y236.960
G1 X122.925 Y236.635
G1 X123.027 Y236.027
G1 X123.159 Y235.896
G1 X123.350 Y235.852
G1 X123.667 Y235.960
G1 X124.104 Y236.344
G1 X124.221 Y236.156
G1 X124.142 Y235.898
G1 X123.750 Y235.535
G1 X123.263 Y235.394
G1 X122.891 Y235.468
G1 X122.625 Y235.693
G1 X122.466 Y236.066
G1 X122.425 Y236.960
G1 X122.094 Y237.006
G1 X122.050 Y237.152
G0 Z5.000 F500.000
G0 X122.975 Y237.448 F3000.000
G1 Z1.000 F500.000
G4 P100
G1 X123.344 Y237.925 F1000.000
G1 X123.467 Y238.406
G1 X123.375 Y238.652
G1 X123.235 Y238.496
G1 X123.090 Y238.063
G1 X122.975 Y237.448
G0 Z5.000 F500.000
G0 X124.044 Y237.690 F3000.000
G1 Z1.000 F500.000
G4 P100
G1 X124.431 Y238.858 F1000.000
G1 X124.713 Y239.213
G1 X125.046 Y239.331
G1 X125.219 Y239.290
G1 X125.356 Y239.167
G1 X125.475 Y238.740
G1 X125.414 Y238.311
G1 X125.229 Y237.867
G1 X124.429 Y236.810
G1 X124.417 Y236.365
G1 X124.723 Y236.942
G1 X125.056 Y237.260
G1 X125.358 Y237.356
G1 X125.561 Y237.289
G1 X125.629 Y237.085
G1 X125.489 Y235.894
G1 X125.579 Y235.852
G1 X125.777 Y235.954
G1 X126.196 Y236.344
G1 X126.313 Y236.156
G1 X126.233 Y235.898
G1 X125.840 Y235.535
G1 X125.379 Y235.394
G1 X125.058 Y235.517
G1 X124.950 Y235.873
G1 X125.063 Y236.652
G1 X125.017 Y236.719
G1 X124.663 Y236.210
G1 X124.363 Y235.477
G1 X124.108 Y235.394
G1 X123.944 Y235.483
G1 X123.913 Y236.352
G1 X124.044 Y237.690
G0 Z5.000 F500.000
G0 X124.475 Y237.331 F3000.000
G1 Z1.000 F500.000
G4 P100
G1 X124.902 Y237.994 F1000.000
G1 X125.071 Y238.644
G1 X125.042 Y238.848
G1 X124.958 Y238.919
G1 X124.792 Y238.704
G1 X124.615 Y238.125
G1 X124.475 Y237.331
G0 Z5.000 F500.000
G0 X126.033 Y236.817 F3000.000
G1 Z1.000 F500.000
G4 P100
G1 X126.369 Y237.210 F1000.000
G1 X126.854 Y237.356
G1 X127.072 Y237.320
G1 X127.351 Y237.043
G1 X127.336 Y236.556
G1 X127.181 Y236.329
G1 X126.904 Y236.144
G1 X126.483 Y236.002
G1 X126.634 Y235.858
G1 X126.879 Y235.810
G1 X127.306 Y235.942
G1 X127.833 Y236.344
G1 X127.950 Y236.156
G1 X127.871 Y235.898
G1 X127.435 Y235.552
G1 X127.144 Y235.433
G1 X126.445 Y235.453
G1 X126.154 Y235.631
G1 X125.973 Y235.913
G1 X125.913 Y236.281
G1 X126.033 Y236.817
G0 Z5.000 F500.000
G0 X126.417 Y236.335 F3000.000
G1 Z1.000 F500.000
G4 P100
G1 X126.804 Y236.502 F1000.000
G1 X126.946 Y236.773
G1 X126.902 Y236.900
G1 X126.641 Y236.903
G1 X126.523 Y236.769
G1 X126.417 Y236.335
G0 Z5.000 F500.000
G0 X128.760 Y236.575 F3000.000
G1 Z1.000 F500.000
G4 P100
G1 X128.983 Y237.306 F1000.000
G1 X129.343 Y237.321
G1 X129.396 Y237.215
G1 X129.217 Y236.110
G1 X129.250 Y235.919
G1 X129.363 Y235.852
G1 X129.550 Y235.956
G1 X129.963 Y236.344
G1 X130.079 Y236.156
G1 X130.000 Y235.898
G1 X129.601 Y235.520
G1 X129.229 Y235.394
G1 X128.995 Y235.442
G1 X128.835 Y235.585
G1 X128.713 Y236.094
G1 X128.760 Y236.575
G0 Z5.000 F500.000
G0 X129.263 Y237.631 F3000.000
G1 Z1.000 F500.000
G4 P100
G1 X129.000 Y237.713 F1000.000
G1 X128.913 Y237.940
G1 X129.027 Y238.183
G1 X129.313 Y238.281
G1 X129.563 Y238.206
G1 X129.658 Y237.994
G1 X129.550 Y237.729
G1 X129.263 Y237.631
G0 Z5.000 F500.000
G0 X130.027 Y237.300 F3000.000
G1 Z1.000 F500.000
G4 P100
G1 X130.267 Y237.356 F1000.000
G1 X130.417 Y237.256
G1 X130.246 Y236.360
G1 X130.515 Y236.910
G1 X130.835 Y237.246
G1 X131.146 Y237.356
G1 X131.352 Y237.290
G1 X131.413 Y237.085
G1 X131.288 Y236.377
G1 X131.750 Y237.123
G1 X132.225 Y237.356
G1 X132.428 Y237.289
G1 X132.496 Y237.085
G1 X132.355 Y235.894
G1 X132.446 Y235.852
G1 X132.644 Y235.954
G1 X133.063 Y236.344
G1 X133.179 Y236.156
G1 X133.100 Y235.898
G1 X132.715 Y235.535
G1 X132.246 Y235.394
G1 X131.925 Y235.517
G1 X131.817 Y235.873
G1 X131.929 Y236.652
G1 X131.883 Y236.719
G1 X131.529 Y236.210
G1 X131.260 Y235.460
G1 X131.067 Y235.394
G1 X130.860 Y235.525
G1 X130.792 Y235.844
G1 X130.821 Y236.719
G1 X130.663 Y236.569
G1 X130.477 Y236.185
G1 X130.227 Y235.463
G1 X130.038 Y235.394
G1 X129.903 Y235.435
G1 X129.815 Y235.560
G1 X129.750 Y236.094
G1 X129.789 Y236.622
G1 X129.904 Y237.123
G1 X130.027 Y237.300
G0 Z5.000 F500.000
G0 X132.942 Y236.704 F3000.000
G1 Z1.000 F500.000
G4 P100
G1 X133.352 Y237.183 F1000.000
G1 X133.616 Y237.319
G1 X133.896 Y237.365
G1 X134.019 Y237.329
G1 X134.071 Y237.202
G1 X134.407 Y237.182
G1 X134.458 Y237.073
G1 X134.331 Y235.890
G1 X134.413 Y235.852
G1 X134.604 Y235.954
G1 X135.021 Y236.344
G1 X135.138 Y236.156
G1 X135.058 Y235.898
G1 X134.696 Y235.540
G1 X134.325 Y235.394
G1 X134.073 Y235.488
G1 X133.900 Y235.744
G1 X133.655 Y235.481
G1 X133.354 Y235.394
G1 X133.122 Y235.441
G1 X132.826 Y235.798
G1 X132.788 Y236.073
G1 X132.942 Y236.704
G0 Z5.000 F500.000
G0 X133.308 Y236.069 F3000.000
G1 Z1.000 F500.000
G4 P100
G1 X133.360 Y235.877 F1000.000
G1 X133.504 Y235.815
G1 X133.679 Y235.923
G1 X133.954 Y236.977
G1 X133.631 Y236.846
G1 X133.396 Y236.510
G1 X133.308 Y236.069
G0 Z5.000 F500.000
G0 X134.746 Y236.073 F3000.000
G1 Z1.000 F500.000
G4 P100
G1 X134.900 Y236.704 F1000.000
G1 X135.310 Y237.183
G1 X135.854 Y237.365
G1 X135.977 Y237.329
G1 X136.029 Y237.202
G1 X136.360 Y237.188
G1 X136.404 Y237.065
G1 X136.221 Y235.860
G1 X136.838 Y236.302
G1 X137.019 Y236.283
G1 X137.050 Y236.152
G1 X136.929 Y235.906
G1 X136.138 Y235.369
G1 X135.955 Y234.598
G1 X135.723 Y234.013
G1 X135.432 Y233.642
G1 X135.071 Y233.519
G1 X134.725 Y233.650
G1 X134.592 Y233.994
G1 X134.650 Y234.301
G1 X134.825 Y234.629
G1 X135.160 Y235.008
G1 X135.700 Y235.465
G1 X135.725 Y235.627
G1 X135.540 Y235.454
G1 X135.313 Y235.394
G1 X135.080 Y235.441
G1 X134.784 Y235.798
G1 X134.746 Y236.073
G0 Z5.000 F500.000
G0 X135.319 Y235.877 F3000.000
G1 Z1.000 F500.000
G4 P100
G1 X135.463 Y235.815 F1000.000
G1 X135.646 Y235.931
G1 X135.904 Y236.977
G1 X135.588 Y236.846
G1 X135.354 Y236.510
G1 X135.267 Y236.069
G1 X135.319 Y235.877
G0 Z5.000 F500.000
G0 X135.604 Y234.969 F3000.000
G1 Z1.000 F500.000
G4 P100
G1 X135.142 Y234.473 F1000.000
G1 X135.000 Y234.085
G1 X135.027 Y233.969
G1 X135.117 Y233.923
G1 X135.352 Y234.173
G1 X135.604 Y234.969
G0 Z5.000 F500.000
G0 X136.975 Y235.631 F3000.000
G1 Z1.000 F500.000
G4 P100
G1 X136.794 Y235.913 F1000.000
G1 X136.733 Y236.281
G1 X136.854 Y236.817
G1 X137.190 Y237.210
G1 X137.675 Y237.356
G1 X137.893 Y237.320
G1 X138.172 Y237.043
G1 X138.157 Y236.556
G1 X138.002 Y236.329
G1 X137.724 Y236.144
G1 X137.304 Y236.002
G1 X137.455 Y235.858
G1 X137.700 Y235.810
G1 X138.127 Y235.942
G1 X138.654 Y236.344
G1 X138.771 Y236.156
G1 X138.692 Y235.898
G1 X138.256 Y235.552
G1 X137.965 Y235.433
G1 X137.266 Y235.453
G1 X136.975 Y235.631
G0 Z5.000 F500.000
G0 X137.238 Y236.335 F3000.000
G1 Z1.000 F500.000
G4 P100
G1 X137.625 Y236.502 F1000.000
G1 X137.767 Y236.773
G1 X137.723 Y236.900
G1 X137.462 Y236.903
G1 X137.344 Y236.769
G1 X137.238 Y236.335
G0 Z5.000 F500.000
G0 X138.706 Y236.056 F3000.000
G1 Z1.000 F500.000
G4 P100
G1 X139.004 Y236.169 F1000.000
G1 X139.281 Y236.079
G1 X139.375 Y235.815
G1 X139.267 Y235.508
G1 X138.971 Y235.394
G1 X138.694 Y235.494
G1 X138.600 Y235.756
G1 X138.706 Y236.056
G0 Z5.000 F500.000
G0 X141.338 Y235.723 F3000.000
G1 Z1.000 F500.000
G4 P100
G1 X141.663 Y238.244 F1000.000
G1 X141.628 Y238.384
G1 X141.525 Y238.431
G1 X141.265 Y238.321
G1 X140.800 Y237.890
G1 X140.654 Y238.073
G1 X140.771 Y238.365
G1 X141.225 Y238.796
G1 X141.750 Y238.948
G1 X141.951 Y238.913
G1 X142.094 Y238.806
G1 X142.208 Y238.394
G1 X142.142 Y237.694
G1 X142.378 Y238.236
G1 X142.671 Y238.629
G1 X143.020 Y238.868
G1 X143.425 Y238.948
G1 X143.724 Y238.899
G1 X143.940 Y238.754
G1 X144.069 Y238.528
G1 X144.113 Y238.235
G1 X143.763 Y236.240
G1 X143.844 Y235.977
G1 X144.071 Y235.890
G1 X144.340 Y235.981
G1 X144.763 Y236.344
G1 X144.879 Y236.156
G1 X144.800 Y235.898
G1 X144.371 Y235.515
G1 X143.925 Y235.394
G1 X143.609 Y235.446
G1 X143.371 Y235.604
G1 X143.221 Y235.851
G1 X143.171 Y236.169
G1 X143.513 Y238.127
G1 X143.438 Y238.340
G1 X143.225 Y238.419
G1 X142.975 Y238.352
G1 X142.725 Y238.152
G1 X142.484 Y237.804
G1 X142.073 Y236.615
G1 X141.844 Y235.477
G1 X141.625 Y235.394
G1 X141.404 Y235.463
G1 X141.338 Y235.723
G0 Z5.000 F500.000
G0 X144.526 Y235.798 F3000.000
G1 Z1.000 F500.000
G4 P100
G1 X144.488 Y236.073 F1000.000
G1 X144.642 Y236.704
G1 X145.052 Y237.183
G1 X145.596 Y237.365
G1 X145.719 Y237.329
G1 X145.771 Y237.202
G1 X146.107 Y237.182
G1 X146.158 Y237.073
G1 X146.031 Y235.890
G1 X146.113 Y235.852
G1 X146.304 Y235.954
G1 X146.721 Y236.344
G1 X146.838 Y236.156
G1 X146.758 Y235.898
G1 X146.396 Y235.540
G1 X146.025 Y235.394
G1 X145.773 Y235.488
G1 X145.600 Y235.744
G1 X145.355 Y235.481
G1 X145.054 Y235.394
G1 X144.822 Y235.441
G1 X144.526 Y235.798
G0 Z5.000 F500.000
G0 X145.060 Y235.877 F3000.000
G1 Z1.000 F500.000
G4 P100
G1 X145.204 Y235.815 F1000.000
G1 X145.379 Y235.923
G1 X145.654 Y236.977
G1 X145.331 Y236.846
G1 X145.096 Y236.510
G1 X145.008 Y236.069
G1 X145.060 Y235.877
G0 Z5.000 F500.000
G0 X146.348 Y237.006 F3000.000
G1 Z1.000 F500.000
G4 P100
G1 X146.351 Y237.327 F1000.000
G1 X146.729 Y237.385
G1 X146.946 Y238.223
G1 X147.298 Y238.827
G1 X147.512 Y238.996
G1 X147.898 Y239.014
G1 X148.017 Y238.898
G1 X148.117 Y238.510
G1 X147.981 Y237.906
G1 X147.575 Y237.385
G1 X148.042 Y237.385
G1 X148.138 Y237.356
G1 X148.167 Y237.248
G1 X148.049 Y237.032
G1 X147.188 Y236.960
G1 X147.179 Y236.635
G1 X147.281 Y236.027
G1 X147.413 Y235.896
G1 X147.604 Y235.852
G1 X147.921 Y235.960
G1 X148.358 Y236.344
G1 X148.475 Y236.156
G1 X148.396 Y235.898
G1 X148.004 Y235.535
G1 X147.517 Y235.394
G1 X147.145 Y235.468
G1 X146.879 Y235.693
G1 X146.720 Y236.066
G1 X146.679 Y236.960
G1 X146.348 Y237.006
G0 Z5.000 F500.000
G0 X147.229 Y237.448 F3000.000
G1 Z1.000 F500.000
G4 P100
G1 X147.598 Y237.925 F1000.000
G1 X147.721 Y238.406
G1 X147.629 Y238.652
G1 X147.490 Y238.496
G1 X147.344 Y238.063
G1 X147.229 Y237.448
G0 Z5.000 F500.000
G0 X148.433 Y237.302 F3000.000
G1 Z1.000 F500.000
G4 P100
G1 X148.671 Y237.356 F1000.000
G1 X148.798 Y237.327
G1 X148.833 Y237.240
G1 X148.658 Y236.029
G1 X148.725 Y235.994
G1 X148.881 Y236.119
G1 X149.390 Y237.302
G1 X149.596 Y237.356
G1 X149.729 Y237.333
G1 X149.767 Y237.248
G1 X149.579 Y235.896
G1 X149.667 Y235.852
G1 X149.865 Y235.954
G1 X150.283 Y236.344
G1 X150.400 Y236.156
G1 X150.321 Y235.898
G1 X149.935 Y235.535
G1 X149.467 Y235.394
G1 X149.173 Y235.548
G1 X149.079 Y235.981
G1 X148.867 Y235.546
G1 X148.563 Y235.394
G1 X148.392 Y235.437
G1 X148.256 Y235.567
G1 X148.138 Y235.998
G1 X148.179 Y236.571
G1 X148.317 Y237.123
G1 X148.433 Y237.302
G0 Z5.000 F500.000
G0 X150.109 Y236.622 F3000.000
G1 Z1.000 F500.000
G4 P100
G1 X150.225 Y237.123 F1000.000
G1 X150.348 Y237.300
G1 X150.588 Y237.356
G1 X150.738 Y237.256
G1 X150.567 Y236.356
G1 X150.875 Y236.940
G1 X151.210 Y237.260
G1 X151.513 Y237.356
G1 X151.716 Y237.289
G1 X151.783 Y237.085
G1 X151.739 Y236.505
G1 X151.817 Y236.469
G1 X152.229 Y236.706
G1 X152.346 Y236.531
G1 X152.263 Y236.290
G1 X151.990 Y236.083
G1 X151.658 Y235.998
G1 X151.323 Y236.110
G1 X151.183 Y236.719
G1 X151.019 Y236.579
G1 X150.817 Y236.210
G1 X150.548 Y235.463
G1 X150.358 Y235.394
G1 X150.135 Y235.560
G1 X150.071 Y236.094
G1 X150.109 Y236.622
G0 Z5.000 F500.000
G0 X151.904 Y236.073 F3000.000
G1 Z1.000 F500.000
G4 P100
G1 X152.058 Y236.704 F1000.000
G1 X152.469 Y237.183
G1 X153.013 Y237.365
G1 X153.135 Y237.329
G1 X153.188 Y237.202
G1 X153.524 Y237.182
G1 X153.575 Y237.073
G1 X153.448 Y235.890
G1 X153.529 Y235.852
G1 X153.721 Y235.954
G1 X154.138 Y236.344
G1 X154.254 Y236.156
G1 X154.175 Y235.898
G1 X153.813 Y235.540
G1 X153.442 Y235.394
G1 X153.190 Y235.488
G1 X153.017 Y235.744
G1 X152.772 Y235.481
G1 X152.471 Y235.394
G1 X152.239 Y235.441
G1 X151.943 Y235.798
G1 X151.904 Y236.073
G0 Z5.000 F500.000
G0 X152.477 Y235.877 F3000.000
G1 Z1.000 F500.000
G4 P100
G1 X152.621 Y235.815 F1000.000
G1 X152.796 Y235.923
G1 X153.071 Y236.977
G1 X152.748 Y236.846
G1 X152.513 Y236.510
G1 X152.425 Y236.069
G1 X152.477 Y235.877
G0 Z5.000 F500.000
G0 X153.990 Y236.109 F3000.000
G1 Z1.000 F500.000
G4 P100
G1 X153.946 Y236.590 F1000.000
G1 X154.077 Y237.748
G1 X154.240 Y238.352
G1 X154.465 Y238.865
G1 X154.745 Y239.215
G1 X155.075 Y239.331
G1 X155.254 Y239.285
G1 X155.390 Y239.146
G1 X155.504 Y238.615
G1 X155.435 Y238.079
G1 X154.905 Y236.814
G1 X154.483 Y236.169
G1 X154.579 Y235.925
G1 X154.754 Y235.852
G1 X155.054 Y235.950
G1 X155.496 Y236.344
G1 X155.613 Y236.156
G1 X155.533 Y235.898
G1 X155.144 Y235.535
G1 X154.667 Y235.394
G1 X154.347 Y235.477
G1 X154.123 Y235.727
G1 X153.990 Y236.109
G0 Z5.000 F500.000
G0 X154.454 Y236.731 F3000.000
G1 Z1.000 F500.000
G4 P100
G1 X154.925 Y237.708 F1000.000
G1 X155.100 Y238.602
G1 X155.071 Y238.840
G1 X154.983 Y238.919
G1 X154.767 Y238.573
G1 X154.554 Y237.715
G1 X154.454 Y236.731
G0 Z5.000 F500.000
G0 X156.230 Y237.327 F3000.000
G1 Z1.000 F500.000
G4 P100
G1 X156.608 Y237.385 F1000.000
G1 X156.825 Y238.223
G1 X157.177 Y238.827
G1 X157.391 Y238.996
G1 X157.777 Y239.014
G1 X157.896 Y238.898
G1 X157.996 Y238.510
G1 X157.860 Y237.906
G1 X157.454 Y237.385
G1 X157.921 Y237.385
G1 X158.017 Y237.356
G1 X158.046 Y237.248
G1 X157.928 Y237.032
G1 X157.067 Y236.960
G1 X157.058 Y236.635
G1 X157.160 Y236.027
G1 X157.292 Y235.896
G1 X157.483 Y235.852
G1 X157.800 Y235.960
G1 X158.238 Y236.344
G1 X158.354 Y236.156
G1 X158.275 Y235.898
G1 X157.883 Y235.535
G1 X157.396 Y235.394
G1 X157.024 Y235.468
G1 X156.758 Y235.693
G1 X156.599 Y236.066
G1 X156.558 Y236.960
G1 X156.227 Y237.006
G1 X156.230 Y237.327
G0 Z5.000 F500.000
G0 X157.108 Y237.448 F3000.000
G1 Z1.000 F500.000
G4 P100
G1 X157.477 Y237.925 F1000.000
G1 X157.600 Y238.406
G1 X157.508 Y238.652
G1 X157.369 Y238.496
G1 X157.223 Y238.063
G1 X157.108 Y237.448
G0 Z5.000 F500.000
G0 X158.410 Y237.210 F3000.000
G1 Z1.000 F500.000
G4 P100
G1 X158.896 Y237.356 F1000.000
G1 X159.114 Y237.320
G1 X159.393 Y237.043
G1 X159.378 Y236.556
G1 X159.223 Y236.329
G1 X158.945 Y236.144
G1 X158.525 Y236.002
G1 X158.676 Y235.858
G1 X158.921 Y235.810
G1 X159.348 Y235.942
G1 X159.875 Y236.344
G1 X159.992 Y236.156
G1 X159.913 Y235.898
G1 X159.477 Y235.552
G1 X159.186 Y235.433
G1 X158.486 Y235.453
G1 X158.196 Y235.631
G1 X158.015 Y235.913
G1 X157.954 Y236.281
G1 X158.075 Y236.817
G1 X158.410 Y237.210
G0 Z5.000 F500.000
G0 X158.565 Y236.769 F3000.000
G1 Z1.000 F500.000
G4 P100
G1 X158.458 Y236.335 F1000.000
G1 X158.846 Y236.502
G1 X158.988 Y236.773
G1 X158.944 Y236.900
G1 X158.825 Y236.948
G1 X158.565 Y236.769
G0 Z5.000 F500.000
G0 X159.800 Y236.919 F3000.000
G1 Z1.000 F500.000
G4 P100
G1 X159.929 Y237.252 F1000.000
G1 X160.263 Y237.373
G1 X160.579 Y237.288
G1 X160.796 Y237.040
G1 X161.077 Y237.290
G1 X161.383 Y237.373
G1 X161.631 Y237.298
G1 X161.717 Y237.056
G1 X161.646 Y236.763
G1 X161.475 Y236.656
G1 X161.350 Y236.694
G1 X161.217 Y236.902
G1 X161.110 Y236.808
G1 X160.975 Y236.240
G1 X161.069 Y235.938
G1 X161.325 Y235.831
G1 X161.631 Y235.942
G1 X162.079 Y236.344
G1 X162.196 Y236.156
G1 X162.117 Y235.898
G1 X161.715 Y235.538
G1 X161.221 Y235.394
G1 X160.844 Y235.473
G1 X160.583 Y235.698
G1 X160.324 Y235.473
G1 X160.021 Y235.398
G1 X159.658 Y235.531
G1 X159.525 Y235.885
G1 X159.621 Y236.223
G1 X159.892 Y236.352
G1 X160.004 Y236.324
G1 X160.021 Y235.965
G1 X160.129 Y235.840
G1 X160.281 Y235.933
G1 X160.402 Y236.190
G1 X160.450 Y236.548
G1 X160.413 Y236.800
G1 X160.321 Y236.902
G1 X160.146 Y236.696
G1 X160.000 Y236.656
G1 X159.854 Y236.721
G1 X159.800 Y236.919
G0 Z5.000 F500.000
G0 X161.663 Y237.152 F3000.000
G1 Z1.000 F500.000
G4 P100
G1 X161.709 Y237.327 F1000.000
G1 X162.088 Y237.385
G1 X162.304 Y238.223
G1 X162.656 Y238.827
G1 X162.870 Y238.996
G1 X163.256 Y239.014
G1 X163.375 Y238.898
G1 X163.475 Y238.510
G1 X163.340 Y237.906
G1 X162.933 Y237.385
G1 X163.400 Y237.385
G1 X163.496 Y237.356
G1 X163.525 Y237.248
G1 X163.407 Y237.032
G1 X162.546 Y236.960
G1 X162.538 Y236.635
G1 X162.640 Y236.027
G1 X162.771 Y235.896
G1 X162.963 Y235.852
G1 X163.279 Y235.960
G1 X163.717 Y236.344
G1 X163.833 Y236.156
G1 X163.754 Y235.898
G1 X163.363 Y235.535
G1 X162.875 Y235.394
G1 X162.503 Y235.468
G1 X162.238 Y235.693
G1 X162.078 Y236.066
G1 X162.038 Y236.960
G1 X161.706 Y237.006
G1 X161.663 Y237.152
G0 Z5.000 F500.000
G0 X162.588 Y237.448 F3000.000
G1 Z1.000 F500.000
G4 P100
G1 X162.956 Y237.925 F1000.000
G1 X163.079 Y238.406
G1 X162.988 Y238.652
G1 X162.848 Y238.496
G1 X162.702 Y238.063
G1 X162.588 Y237.448
G0 Z5.000 F500.000
G0 X164.790 Y237.429 F3000.000
G1 Z1.000 F500.000
G4 P100
G1 X164.995 Y238.181 F1000.000
G1 X165.265 Y238.792
G1 X165.582 Y239.196
G1 X165.929 Y239.331
G1 X166.104 Y239.288
G1 X166.235 Y239.156
G1 X166.346 Y238.685
G1 X166.273 Y238.185
G1 X166.053 Y237.663
G1 X165.687 Y237.118
G1 X165.175 Y236.552
G1 X165.162 Y234.954
G1 X165.258 Y234.502
G1 X165.352 Y234.610
G1 X165.383 Y234.935
G1 X165.256 Y236.344
G1 X165.458 Y236.552
G1 X166.263 Y236.581
G1 X166.379 Y236.406
G1 X166.250 Y236.159
G1 X165.863 Y236.077
G1 X165.575 Y236.115
G1 X165.700 Y235.023
G1 X165.664 Y234.626
G1 X165.554 Y234.335
G1 X165.385 Y234.157
G1 X165.171 Y234.098
G1 X164.914 Y234.204
G1 X164.744 Y234.523
G1 X164.648 Y235.056
G1 X164.660 Y236.612
G1 X164.790 Y237.429
G0 Z5.000 F500.000
G0 X165.250 Y237.106 F3000.000
G1 Z1.000 F500.000
G4 P100
G1 X165.763 Y237.896 F1000.000
G1 X165.946 Y238.665
G1 X165.842 Y238.919
G1 X165.656 Y238.665
G1 X165.250 Y237.106
G0 Z5.000 F500.000
G0 X166.306 Y237.748 F3000.000
G1 Z1.000 F500.000
G4 P100
G1 X166.694 Y238.865 F1000.000
G1 X166.974 Y239.215
G1 X167.304 Y239.331
G1 X167.483 Y239.285
G1 X167.619 Y239.146
G1 X167.733 Y238.615
G1 X167.665 Y238.079
G1 X167.134 Y236.814
G1 X166.713 Y236.169
G1 X166.808 Y235.925
G1 X166.983 Y235.852
G1 X167.283 Y235.950
G1 X167.612 Y236.285
G1 X167.725 Y236.344
G1 X167.810 Y236.294
G1 X167.762 Y235.898
G1 X167.373 Y235.535
G1 X166.896 Y235.394
G1 X166.577 Y235.477
G1 X166.352 Y235.727
G1 X166.219 Y236.109
G1 X166.175 Y236.590
G1 X166.306 Y237.748
G0 Z5.000 F500.000
G0 X166.683 Y236.731 F3000.000
G1 Z1.000 F500.000
G4 P100
G1 X167.154 Y237.708 F1000.000
G1 X167.329 Y238.602
G1 X167.300 Y238.840
G1 X167.213 Y238.919
G1 X166.996 Y238.573
G1 X166.783 Y237.715
G1 X166.683 Y236.731
G0 Z5.000 F500.000
G0 X167.562 Y236.833 F3000.000
G1 Z1.000 F500.000
G4 P100
G1 X167.896 Y237.221 F1000.000
G1 X168.367 Y237.360
G1 X168.653 Y237.306
G1 X168.877 Y237.142
G1 X169.104 Y236.602
G1 X169.629 Y236.694
G1 X169.712 Y236.640
G1 X169.711 Y236.343
G1 X169.621 Y236.265
G1 X169.071 Y236.165
G1 X168.953 Y235.849
G1 X168.758 Y235.604
G1 X168.509 Y235.446
G1 X168.229 Y235.394
G1 X167.802 Y235.515
G1 X167.533 Y235.835
G1 X167.442 Y236.269
G1 X167.562 Y236.833
G0 Z5.000 F500.000
G0 X167.962 Y236.306 F3000.000
G1 Z1.000 F500.000
G4 P100
G1 X168.052 Y235.956 F1000.000
G1 X168.262 Y235.835
G1 X168.494 Y235.944
G1 X168.625 Y236.256
G1 X168.427 Y236.485
G1 X168.371 Y236.919
G1 X168.073 Y236.758
G1 X167.962 Y236.306
G0 Z5.000 F500.000
G0 X169.392 Y236.969 F3000.000
G1 Z1.000 F500.000
G4 P100
G1 X169.467 Y237.306 F1000.000
G1 X169.679 Y237.360
G1 X169.840 Y237.312
G1 X169.950 Y235.906
G1 X170.471 Y237.148
G1 X170.581 Y237.317
G1 X170.737 Y237.360
G1 X170.894 Y237.315
G1 X170.937 Y237.152
G1 X170.996 Y235.906
G1 X171.371 Y236.498
G1 X171.308 Y236.785
G1 X171.371 Y237.060
G1 X171.542 Y237.277
G1 X171.787 Y237.360
G1 X171.983 Y237.275
G1 X172.058 Y237.027
G1 X171.958 Y236.598
G1 X172.533 Y236.685
G1 X172.662 Y236.531
G1 X172.612 Y236.329
G1 X172.462 Y236.223
G1 X172.054 Y236.160
G1 X171.708 Y236.210
G1 X171.156 Y235.481
G1 X170.887 Y235.394
G1 X170.635 Y235.523
G1 X170.508 Y236.252
G1 X170.277 Y235.719
G1 X170.073 Y235.465
G1 X169.833 Y235.394
G1 X169.565 Y235.527
G1 X169.442 Y235.948
G1 X169.392 Y236.969
G0 Z5.000 F500.000
G0 X173.481 Y236.107 F3000.000
G1 Z1.000 F500.000
G4 P100
G1 X173.433 Y236.644 F1000.000
G1 X173.567 Y237.812
G1 X173.731 Y238.397
G1 X173.956 Y238.888
G1 X174.237 Y239.220
G1 X174.567 Y239.331
G1 X174.740 Y239.290
G1 X174.875 Y239.167
G1 X174.992 Y238.740
G1 X174.862 Y238.060
G1 X174.433 Y237.352
G1 X174.686 Y237.284
G1 X174.887 Y237.121
G1 X175.096 Y236.602
G1 X175.621 Y236.694
G1 X175.704 Y236.640
G1 X175.704 Y236.342
G1 X175.062 Y236.165
G1 X174.748 Y235.606
G1 X174.505 Y235.447
G1 X174.237 Y235.394
G1 X173.874 Y235.474
G1 X173.625 Y235.715
G1 X173.481 Y236.107
G0 Z5.000 F500.000
G0 X174.044 Y235.960 F3000.000
G1 Z1.000 F500.000
G4 P100
G1 X174.254 Y235.835 F1000.000
G1 X174.483 Y235.944
G1 X174.617 Y236.256
G1 X174.419 Y236.485
G1 X174.367 Y236.944
G1 X174.069 Y236.775
G1 X173.954 Y236.323
G1 X174.044 Y235.960
G0 Z5.000 F500.000
G0 X173.983 Y237.069 F3000.000
G1 Z1.000 F500.000
G4 P100
G1 X174.423 Y237.958 F1000.000
G1 X174.587 Y238.644
G1 X174.556 Y238.848
G1 X174.471 Y238.919
G1 X174.290 Y238.671
G1 X174.108 Y237.998
G1 X173.983 Y237.069
G0 Z5.000 F500.000
G0 X175.433 Y236.817 F3000.000
G1 Z1.000 F500.000
G4 P100
G1 X175.769 Y237.210 F1000.000
G1 X176.254 Y237.356
G1 X176.472 Y237.320
G1 X176.751 Y237.043
G1 X176.736 Y236.556
G1 X176.581 Y236.329
G1 X176.304 Y236.144
G1 X175.883 Y236.002
G1 X176.034 Y235.858
G1 X176.279 Y235.810
G1 X176.706 Y235.942
G1 X177.233 Y236.344
G1 X177.350 Y236.156
G1 X177.271 Y235.898
G1 X176.835 Y235.552
G1 X176.544 Y235.433
G1 X175.845 Y235.453
G1 X175.554 Y235.631
G1 X175.373 Y235.913
G1 X175.312 Y236.281
G1 X175.433 Y236.817
G0 Z5.000 F500.000
G0 X175.817 Y236.335 F3000.000
G1 Z1.000 F500.000
G4 P100
G1 X176.204 Y236.502 F1000.000
G1 X176.346 Y236.773
G1 X176.302 Y236.900
G1 X176.041 Y236.903
G1 X175.923 Y236.769
G1 X175.817 Y236.335
G0 Z5.000 F500.000
G0 X177.072 Y236.612 F3000.000
G1 Z1.000 F500.000
G4 P100
G1 X177.407 Y238.181 F1000.000
G1 X177.677 Y238.792
G1 X177.994 Y239.196
G1 X178.342 Y239.331
G1 X178.516 Y239.288
G1 X178.648 Y239.156
G1 X178.758 Y238.685
G1 X178.685 Y238.185
G1 X178.466 Y237.663
G1 X178.100 Y237.118
G1 X177.587 Y236.552
G1 X177.575 Y234.954
G1 X177.671 Y234.502
G1 X177.765 Y234.610
G1 X177.796 Y234.935
G1 X177.669 Y236.344
G1 X177.871 Y236.552
G1 X178.675 Y236.581
G1 X178.792 Y236.406
G1 X178.662 Y236.159
G1 X178.275 Y236.077
G1 X177.987 Y236.115
G1 X178.112 Y235.023
G1 X178.076 Y234.626
G1 X177.967 Y234.335
G1 X177.798 Y234.157
G1 X177.583 Y234.098
G1 X177.327 Y234.204
G1 X177.156 Y234.523
G1 X177.029 Y235.806
G1 X177.072 Y236.612
G0 Z5.000 F500.000
G0 X177.662 Y237.106 F3000.000
G1 Z1.000 F500.000
G4 P100
G1 X178.175 Y237.896 F1000.000
G1 X178.358 Y238.665
G1 X178.254 Y238.919
G1 X178.069 Y238.665
G1 X177.662 Y237.106
G0 Z5.000 F500.000
G0 X178.950 Y237.221 F3000.000
G1 Z1.000 F500.000
G4 P100
G1 X179.421 Y237.360 F1000.000
G1 X179.707 Y237.306
G1 X179.931 Y237.142
G1 X180.158 Y236.602
G1 X180.683 Y236.694
G1 X180.767 Y236.640
G1 X180.766 Y236.343
G1 X180.675 Y236.265
G1 X180.125 Y236.165
G1 X180.007 Y235.849
G1 X179.812 Y235.604
G1 X179.564 Y235.446
G1 X179.283 Y235.394
G1 X178.856 Y235.515
G1 X178.587 Y235.835
G1 X178.496 Y236.269
G1 X178.617 Y236.833
G1 X178.950 Y237.221
G0 Z5.000 F500.000
G0 X179.127 Y236.758 F3000.000
G1 Z1.000 F500.000
G4 P100
G1 X179.017 Y236.306 F1000.000
G1 X179.106 Y235.956
G1 X179.317 Y235.835
G1 X179.548 Y235.944
G1 X179.679 Y236.256
G1 X179.481 Y236.485
G1 X179.425 Y236.919
G1 X179.127 Y236.758
G0 Z5.000 F500.000
G0 X180.484 Y236.622 F3000.000
G1 Z1.000 F500.000
G4 P100
G1 X180.600 Y237.123 F1000.000
G1 X180.723 Y237.300
G1 X180.962 Y237.356
G1 X181.112 Y237.256
G1 X180.942 Y236.356
G1 X181.250 Y236.940
G1 X181.585 Y237.260
G1 X181.887 Y237.356
G1 X182.091 Y237.289
G1 X182.158 Y237.085
G1 X182.114 Y236.505
G1 X182.192 Y236.469
G1 X182.604 Y236.706
G1 X182.721 Y236.531
G1 X182.637 Y236.290
G1 X182.365 Y236.083
G1 X182.033 Y235.998
G1 X181.698 Y236.110
G1 X181.558 Y236.719
G1 X181.394 Y236.579
G1 X181.192 Y236.210
G1 X180.923 Y235.463
G1 X180.733 Y235.394
G1 X180.510 Y235.560
G1 X180.446 Y236.094
G1 X180.484 Y236.622
G0 Z5.000 F500.000
G0 X182.271 Y236.281 F3000.000
G1 Z1.000 F500.000
G4 P100
G1 X182.392 Y236.817 F1000.000
G1 X182.727 Y237.210
G1 X183.212 Y237.356
G1 X183.430 Y237.320
G1 X183.709 Y237.043
G1 X183.694 Y236.556
G1 X183.540 Y236.329
G1 X183.262 Y236.144
G1 X182.842 Y236.002
G1 X182.993 Y235.858
G1 X183.237 Y235.810
G1 X183.665 Y235.942
G1 X184.192 Y236.344
G1 X184.308 Y236.156
G1 X184.229 Y235.898
G1 X183.794 Y235.552
G1 X183.192 Y235.394
G1 X182.803 Y235.453
G1 X182.512 Y235.631
G1 X182.331 Y235.913
G1 X182.271 Y236.281
G0 Z5.000 F500.000
G0 X182.775 Y236.335 F3000.000
G1 Z1.000 F500.000
G4 P100
G1 X183.162 Y236.502 F1000.000
G1 X183.304 Y236.773
G1 X183.260 Y236.900
G1 X182.999 Y236.903
G1 X182.881 Y236.769
G1 X182.775 Y236.335
G0 Z5.000 F500.000
G0 X184.879 Y237.152 F3000.000
G1 Z1.000 F500.000
G4 P100
G1 X184.926 Y237.327 F1000.000
G1 X185.304 Y237.385
G1 X185.521 Y238.223
G1 X185.873 Y238.827
G1 X186.087 Y238.996
G1 X186.473 Y239.014
G1 X186.592 Y238.898
G1 X186.692 Y238.510
G1 X186.556 Y237.906
G1 X186.150 Y237.385
G1 X186.617 Y237.385
G1 X186.712 Y237.356
G1 X186.742 Y237.248
G1 X186.624 Y237.032
G1 X185.762 Y236.960
G1 X185.754 Y236.635
G1 X185.856 Y236.027
G1 X185.988 Y235.896
G1 X186.179 Y235.852
G1 X186.496 Y235.960
G1 X186.933 Y236.344
G1 X187.050 Y236.156
G1 X186.971 Y235.898
G1 X186.579 Y235.535
G1 X186.092 Y235.394
G1 X185.720 Y235.468
G1 X185.454 Y235.693
G1 X185.295 Y236.066
G1 X185.254 Y236.960
G1 X184.923 Y237.006
G1 X184.879 Y237.152
G0 Z5.000 F500.000
G0 X185.804 Y237.448 F3000.000
G1 Z1.000 F500.000
G4 P100
G1 X186.173 Y237.925 F1000.000
G1 X186.296 Y238.406
G1 X186.204 Y238.652
G1 X186.065 Y238.496
G1 X185.919 Y238.063
G1 X185.804 Y237.448
G0 Z5.000 F500.000
G0 X186.873 Y237.690 F3000.000
G1 Z1.000 F500.000
G4 P100
G1 X187.260 Y238.858 F1000.000
G1 X187.542 Y239.213
G1 X187.875 Y239.331
G1 X188.048 Y239.290
G1 X188.185 Y239.167
G1 X188.304 Y238.740
G1 X188.243 Y238.311
G1 X188.058 Y237.867
G1 X187.258 Y236.810
G1 X187.246 Y236.365
G1 X187.552 Y236.942
G1 X187.885 Y237.260
G1 X188.187 Y237.356
G1 X188.391 Y237.289
G1 X188.458 Y237.085
G1 X188.318 Y235.894
G1 X188.408 Y235.852
G1 X188.606 Y235.954
G1 X189.025 Y236.344
G1 X189.142 Y236.156
G1 X189.062 Y235.898
G1 X188.669 Y235.535
G1 X188.208 Y235.394
G1 X187.887 Y235.517
G1 X187.779 Y235.873
G1 X187.892 Y236.652
G1 X187.846 Y236.719
G1 X187.492 Y236.210
G1 X187.192 Y235.477
G1 X186.937 Y235.394
G1 X186.773 Y235.483
G1 X186.742 Y236.352
G1 X186.873 Y237.690
G0 Z5.000 F500.000
G0 X187.304 Y237.331 F3000.000
G1 Z1.000 F500.000
G4 P100
G1 X187.731 Y237.994 F1000.000
G1 X187.900 Y238.644
G1 X187.871 Y238.848
G1 X187.787 Y238.919
G1 X187.621 Y238.704
G1 X187.444 Y238.125
G1 X187.304 Y237.331
G0 Z5.000 F500.000
G0 X188.862 Y236.817 F3000.000
G1 Z1.000 F500.000
G4 P100
G1 X189.198 Y237.210 F1000.000
G1 X189.683 Y237.356
G1 X189.901 Y237.320
G1 X190.180 Y237.043
G1 X190.165 Y236.556
G1 X190.010 Y236.329
G1 X189.733 Y236.144
G1 X189.312 Y236.002
G1 X189.464 Y235.858
G1 X189.708 Y235.810
G1 X190.135 Y235.942
G1 X190.662 Y236.344
G1 X190.779 Y236.156
G1 X190.700 Y235.898
G1 X190.265 Y235.552
G1 X189.973 Y235.433
G1 X189.274 Y235.453
G1 X188.983 Y235.631
G1 X188.802 Y235.913
G1 X188.742 Y236.281
G1 X188.862 Y236.817
G0 Z5.000 F500.000
G0 X189.246 Y236.335 F3000.000
G1 Z1.000 F500.000
G4 P100
G1 X189.633 Y236.502 F1000.000
G1 X189.775 Y236.773
G1 X189.731 Y236.900
G1 X189.470 Y236.903
G1 X189.352 Y236.769
G1 X189.246 Y236.335
G0 Z5.000 F500.000
G0 X191.590 Y236.575 F3000.000
G1 Z1.000 F500.000
G4 P100
G1 X191.812 Y237.306 F1000.000
G1 X192.172 Y237.321
G1 X192.225 Y237.215
G1 X192.046 Y236.110
G1 X192.079 Y235.919
G1 X192.192 Y235.852
G1 X192.379 Y235.956
G1 X192.792 Y236.344
G1 X192.908 Y236.156
G1 X192.829 Y235.898
G1 X192.430 Y235.520
G1 X192.058 Y235.394
G1 X191.824 Y235.442
G1 X191.665 Y235.585
G1 X191.542 Y236.094
G1 X191.590 Y236.575
G0 Z5.000 F500.000
G0 X192.092 Y237.631 F3000.000
G1 Z1.000 F500.000
G4 P100
G1 X191.829 Y237.713 F1000.000
G1 X191.742 Y237.940
G1 X191.856 Y238.183
G1 X192.142 Y238.281
G1 X192.392 Y238.206
G1 X192.487 Y237.994
G1 X192.379 Y237.729
G1 X192.092 Y237.631
G0 Z5.000 F500.000
G0 X192.856 Y237.300 F3000.000
G1 Z1.000 F500.000
G4 P100
G1 X193.096 Y237.356 F1000.000
G1 X193.246 Y237.256
G1 X193.075 Y236.360
G1 X193.344 Y236.910
G1 X193.665 Y237.246
G1 X193.975 Y237.356
G1 X194.181 Y237.290
G1 X194.242 Y237.085
G1 X194.117 Y236.377
G1 X194.579 Y237.123
G1 X195.054 Y237.356
G1 X195.257 Y237.289
G1 X195.325 Y237.085
G1 X195.184 Y235.894
G1 X195.275 Y235.852
G1 X195.473 Y235.954
G1 X195.892 Y236.344
G1 X196.008 Y236.156
G1 X195.929 Y235.898
G1 X195.544 Y235.535
G1 X195.075 Y235.394
G1 X194.754 Y235.517
G1 X194.646 Y235.873
G1 X194.758 Y236.652
G1 X194.712 Y236.719
G1 X194.358 Y236.210
G1 X194.090 Y235.460
G1 X193.896 Y235.394
G1 X193.690 Y235.525
G1 X193.621 Y235.844
G1 X193.650 Y236.719
G1 X193.492 Y236.569
G1 X193.306 Y236.185
G1 X193.056 Y235.463
G1 X192.867 Y235.394
G1 X192.732 Y235.435
G1 X192.644 Y235.560
G1 X192.579 Y236.094
G1 X192.618 Y236.622
G1 X192.733 Y237.123
G1 X192.856 Y237.300
G0 Z5.000 F500.000
G0 X195.771 Y236.704 F3000.000
G1 Z1.000 F500.000
G4 P100
G1 X196.181 Y237.183 F1000.000
G1 X196.445 Y237.319
G1 X196.725 Y237.365
G1 X196.848 Y237.329
G1 X196.900 Y237.202
G1 X197.236 Y237.182
G1 X197.287 Y237.073
G1 X197.160 Y235.890
G1 X197.242 Y235.852
G1 X197.433 Y235.954
G1 X197.850 Y236.344
G1 X197.967 Y236.156
G1 X197.887 Y235.898
G1 X197.525 Y235.540
G1 X197.154 Y235.394
G1 X196.902 Y235.488
G1 X196.729 Y235.744
G1 X196.484 Y235.481
G1 X196.183 Y235.394
G1 X195.951 Y235.441
G1 X195.655 Y235.798
G1 X195.617 Y236.073
G1 X195.771 Y236.704
G0 Z5.000 F500.000
G0 X196.137 Y236.069 F3000.000
G1 Z1.000 F500.000
G4 P100
G1 X196.190 Y235.877 F1000.000
G1 X196.333 Y235.815
G1 X196.508 Y235.923
G1 X196.783 Y236.977
G1 X196.460 Y236.846
G1 X196.225 Y236.510
G1 X196.137 Y236.069
G0 Z5.000 F500.000
G0 X197.575 Y236.073 F3000.000
G1 Z1.000 F500.000
G4 P100
G1 X197.729 Y236.704 F1000.000
G1 X198.140 Y237.183
G1 X198.683 Y237.365
G1 X198.806 Y237.329
G1 X198.858 Y237.202
G1 X199.190 Y237.188
G1 X199.233 Y237.065
G1 X199.050 Y235.860
G1 X199.667 Y236.302
G1 X199.848 Y236.283
G1 X199.879 Y236.152
G1 X199.758 Y235.906
G1 X198.967 Y235.369
G1 X198.784 Y234.598
G1 X198.552 Y234.013
G1 X198.261 Y233.642
G1 X197.900 Y233.519
G1 X197.554 Y233.650
G1 X197.421 Y233.994
G1 X197.479 Y234.301
G1 X197.654 Y234.629
G1 X197.990 Y235.008
G1 X198.529 Y235.465
G1 X198.554 Y235.627
G1 X198.369 Y235.454
G1 X198.142 Y235.394
G1 X197.909 Y235.441
G1 X197.614 Y235.798
G1 X197.575 Y236.073
G0 Z5.000 F500.000
G0 X198.148 Y235.877 F3000.000
G1 Z1.000 F500.000
G4 P100
G1 X198.292 Y235.815 F1000.000
G1 X198.475 Y235.931
G1 X198.733 Y236.977
G1 X198.417 Y236.846
G1 X198.183 Y236.510
G1 X198.096 Y236.069
G1 X198.148 Y235.877
G0 Z5.000 F500.000
G0 X198.433 Y234.969 F3000.000
G1 Z1.000 F500.000
G4 P100
G1 X197.971 Y234.473 F1000.000
G1 X197.829 Y234.085
G1 X197.856 Y233.969
G1 X197.946 Y233.923
G1 X198.181 Y234.173
G1 X198.433 Y234.969
G0 Z5.000 F500.000
G0 X199.804 Y235.631 F3000.000
G1 Z1.000 F500.000
G4 P100
G1 X199.623 Y235.913 F1000.000
G1 X199.562 Y236.281
G1 X199.683 Y236.817
G1 X200.019 Y237.210
G1 X200.504 Y237.356
G1 X200.722 Y237.320
G1 X201.001 Y237.043
G1 X200.986 Y236.556
G1 X200.831 Y236.329
G1 X200.554 Y236.144
G1 X200.133 Y236.002
G1 X200.284 Y235.858
G1 X200.529 Y235.810
G1 X200.956 Y235.942
G1 X201.483 Y236.344
G1 X201.600 Y236.156
G1 X201.521 Y235.898
G1 X201.085 Y235.552
G1 X200.794 Y235.433
G1 X200.095 Y235.453
G1 X199.804 Y235.631
G0 Z5.000 F500.000
G0 X200.067 Y236.335 F3000.000
G1 Z1.000 F500.000
G4 P100
G1 X200.454 Y236.502 F1000.000
G1 X200.596 Y236.773
G1 X200.552 Y236.900
G1 X200.291 Y236.903
G1 X200.173 Y236.769
G1 X200.067 Y236.335
G0 Z5.000 F500.000
G0 X201.535 Y236.056 F3000.000
G1 Z1.000 F500.000
G4 P100
G1 X201.833 Y236.169 F1000.000
G1 X202.110 Y236.079
G1 X202.204 Y235.815
G1 X202.096 Y235.508
G1 X201.800 Y235.394
G1 X201.523 Y235.494
G1 X201.429 Y235.756
G1 X201.535 Y236.056
G0 Z5.000 F500.000
G0 X109.678 Y11.423 F3000.000
G1 Z1.000 F500.000
G4 P100
G1 X110.215 Y11.542 F1000.000
G1 X110.284 Y11.433
G1 X110.041 Y9.765
G0 Z5.000 F500.000
G0 X135.130 Y199.370 F3000.000
G1 Z1.000 F500.000
G4 P100
G1 X135.312 Y199.189 F1000.000
G1 X135.493 Y199.189
G1 X137.126 Y200.098
G1 X137.308 Y200.098
G1 X137.671 Y200.462
G1 X142.208 Y202.644
G1 X142.570 Y203.008
G1 X146.744 Y205.009
G1 X146.926 Y205.191
G0 Z5.000 F500.000
G0 X146.926 Y205.372 F3000.000
G1 Z1.000 F500.000
G4 P100
G1 X146.744 Y205.554 F1000.000
G1 X146.744 Y205.918
G1 X146.563 Y206.100
G1 X146.563 Y206.282
G1 X146.200 Y206.827
G1 X146.200 Y207.191
G1 X145.837 Y207.737
G1 X145.656 Y209.010
G1 X145.474 Y209.192
G1 X145.474 Y212.466
G1 X145.656 Y212.648
G1 X145.656 Y213.375
G1 X145.837 Y213.557
G1 X146.018 Y214.466
G1 X146.563 Y215.376
G1 X146.744 Y215.921
G1 X147.652 Y217.013
G1 X147.652 Y217.195
G1 X148.378 Y217.922
G1 X148.378 Y218.104
G1 X150.555 Y219.923
G1 X150.737 Y219.923
G1 X151.463 Y220.468
G1 X151.644 Y220.468
G1 X152.007 Y220.832
G1 X152.189 Y220.832
G1 X152.370 Y221.014
G1 X152.733 Y221.014
G1 X153.277 Y221.378
G1 X153.640 Y221.378
G1 X153.822 Y221.560
G1 X154.729 Y221.742
G1 X154.911 Y221.923
G1 X155.455 Y221.923
G1 X155.637 Y222.105
G1 X156.544 Y222.105
G1 X156.725 Y222.287
G1 X160.718 Y222.287
G1 X160.899 Y222.105
G1 X161.807 Y222.105
G1 X161.988 Y221.923
G1 X162.533 Y221.923
G1 X162.714 Y221.742
G1 X163.077 Y221.742
G1 X163.258 Y221.560
G1 X164.166 Y221.378
G1 X164.710 Y221.014
G1 X165.073 Y221.014
G1 X165.799 Y220.468
G1 X166.343 Y220.287
G1 X167.432 Y219.377
G1 X167.614 Y219.377
G1 X169.429 Y217.558
G1 X169.429 Y217.376
G1 X169.610 Y217.195
G0 Z5.000 F500.000
G0 X169.610 Y217.013 F3000.000
G1 Z1.000 F500.000
G4 P100
G1 X167.251 Y215.740 F1000.000
G1 X165.981 Y215.194
G1 X165.618 Y214.830
G1 X161.444 Y212.829
G1 X161.081 Y212.466
G1 X156.544 Y210.283
G1 X156.181 Y209.919
G1 X152.007 Y207.919
G1 X151.644 Y207.555
G1 X147.833 Y205.736
G1 X147.289 Y205.191
G0 Z5.000 F500.000
G0 X147.289 Y205.191 F3000.000
G1 Z1.000 F500.000
G4 P100
G1 X147.652 Y204.645 F1000.000
G1 X147.652 Y204.463
G1 X149.829 Y202.281
G1 X150.011 Y202.281
G1 X150.555 Y201.735
G1 X151.100 Y201.553
G1 X151.463 Y201.189
G1 X152.007 Y201.007
G1 X152.189 Y200.825
G1 X152.551 Y200.825
G1 X153.459 Y200.280
G1 X154.366 Y200.098
G1 X154.548 Y199.916
G1 X155.274 Y199.916
G1 X155.455 Y199.734
G1 X155.999 Y199.734
G1 X156.181 Y199.552
G1 X157.270 Y199.552
G1 X157.451 Y199.370
G1 X159.992 Y199.370
G1 X160.173 Y199.552
G1 X161.262 Y199.552
G1 X161.444 Y199.734
G1 X161.988 Y199.734
G1 X162.170 Y199.916
G1 X162.895 Y199.916
G1 X163.077 Y200.098
G1 X163.984 Y200.280
G1 X164.892 Y200.825
G1 X165.255 Y200.825
G1 X165.799 Y201.189
G1 X165.981 Y201.189
G1 X166.343 Y201.553
G1 X166.888 Y201.735
G1 X167.432 Y202.281
G1 X167.614 Y202.281
G1 X169.791 Y204.463
G1 X169.791 Y204.645
G1 X170.517 Y205.554
G1 X170.880 Y206.464
G1 X171.062 Y206.646
G1 X171.062 Y207.009
G1 X171.425 Y207.555
G1 X171.606 Y208.828
G1 X171.788 Y209.010
G1 X171.788 Y209.738
G1 X171.969 Y209.919
G1 X171.969 Y211.738
G1 X171.788 Y211.920
G1 X171.606 Y213.557
G1 X171.425 Y213.739
G1 X171.425 Y214.103
G1 X171.243 Y214.285
G1 X171.243 Y214.648
G1 X170.517 Y215.921
G1 X170.517 Y216.103
G1 X170.154 Y216.467
G1 X170.154 Y216.831
G1 X169.973 Y217.013
G0 Z5.000 F500.000
G0 X169.973 Y217.013 F3000.000
G1 Z1.000 F500.000
G4 P100
G1 X170.880 Y217.740 F1000.000
G1 X175.054 Y219.741
G1 X175.417 Y220.105
G1 X179.954 Y222.287
G1 X180.317 Y222.651
G1 X181.587 Y223.197
G1 X181.769 Y223.378
G1 X181.950 Y223.378
G0 Z5.000 F500.000
G0 X181.950 Y223.378 F3000.000
G1 Z1.000 F500.000
G4 P100
G1 X182.132 Y223.560 F1000.000
G1 X182.132 Y223.742
G0 Z5.000 F500.000
G0 X181.950 Y223.378 F3000.000
G1 Z1.000 F500.000
G4 P100
G1 X182.132 Y223.197 F1000.000
G1 X182.495 Y223.197
G0 Z5.000 F500.000
G0 X132.771 Y226.107 F3000.000
G1 Z1.000 F500.000
G4 P100
G1 X184.491 Y226.107 F1000.000
G1 X184.672 Y225.925
G1 X184.672 Y195.915
G1 X184.491 Y195.733
G1 X132.771 Y195.733
G1 X132.589 Y195.915
G1 X132.589 Y225.925
G1 X132.771 Y226.107
G0 Z5.000 F500.000
G0 X93.625 Y190.225 F3000.000
G1 Z1.000 F500.000
G4 P100
G1 X93.542 Y187.475 F1000.000
G0 Z5.000 F500.000
G0 X94.542 Y190.225 F3000.000
G1 Z1.000 F500.000
G4 P100
G1 X94.458 Y190.058 F1000.000
G0 Z5.000 F500.000
G0 X90.250 Y190.183 F3000.000
G1 Z1.000 F500.000
G4 P100
G1 X90.167 Y187.475 F1000.000
G0 Z5.000 F500.000
G0 X106.417 Y189.392 F3000.000
G1 Z1.000 F500.000
G4 P100
G1 X106.542 Y189.475 F1000.000
G1 X106.667 Y189.850
G1 X107.000 Y190.142
G1 X107.500 Y190.183
G1 X107.917 Y189.975
G1 X108.125 Y189.475
G1 X108.042 Y189.100
G1 X107.750 Y188.767
G1 X106.958 Y188.308
G1 X106.625 Y187.975
G1 X106.500 Y187.475
G1 X108.125 Y187.475
G0 Z5.000 F500.000
G0 X117.708 Y189.392 F3000.000
G1 Z1.000 F500.000
G4 P100
G1 X117.833 Y189.475 F1000.000
G1 X117.958 Y189.850
G1 X118.292 Y190.142
G1 X118.792 Y190.183
G1 X119.208 Y189.975
G1 X119.417 Y189.475
G1 X119.333 Y189.100
G1 X119.042 Y188.767
G1 X118.250 Y188.308
G1 X117.917 Y187.975
G1 X117.792 Y187.475
G1 X119.417 Y187.475
G0 Z5.000 F500.000
G0 X128.292 Y189.392 F3000.000
G1 Z1.000 F500.000
G4 P100
G1 X128.417 Y189.475 F1000.000
G1 X128.542 Y189.850
G1 X128.875 Y190.142
G1 X129.375 Y190.183
G1 X129.792 Y189.975
G1 X130.000 Y189.475
G1 X129.917 Y189.100
G1 X129.625 Y188.767
G1 X128.833 Y188.308
G1 X128.500 Y187.975
G1 X128.375 Y187.475
G1 X130.000 Y187.475
G0 Z5.000 F500.000
G0 X104.417 Y188.725 F3000.000
G1 Z1.000 F500.000
G4 P100
G1 X104.583 Y188.808 F1000.000
G1 X104.958 Y189.808
G1 X105.167 Y190.017
G1 X105.375 Y189.850
G1 X105.750 Y188.850
G1 X105.917 Y188.725
G0 Z5.000 F500.000
G0 X115.708 Y188.725 F3000.000
G1 Z1.000 F500.000
G4 P100
G1 X115.875 Y188.808 F1000.000
G1 X116.250 Y189.808
G1 X116.458 Y190.017
G1 X116.667 Y189.850
G1 X117.042 Y188.850
G1 X117.208 Y188.725
G0 Z5.000 F500.000
G0 X126.250 Y188.725 F3000.000
G1 Z1.000 F500.000
G4 P100
G1 X126.417 Y188.808 F1000.000
G1 X126.792 Y189.808
G1 X127.000 Y190.017
G1 X127.208 Y189.850
G1 X127.583 Y188.850
G1 X127.750 Y188.725
G0 Z5.000 F500.000
G0 X104.000 Y189.475 F3000.000
G1 Z1.000 F500.000
G4 P100
G1 X103.750 Y189.392 F1000.000
G1 X103.292 Y188.683
G1 X103.083 Y188.558
G1 X102.917 Y188.683
G1 X102.583 Y189.225
G1 X102.250 Y189.475
G1 X102.583 Y189.225
G1 X102.917 Y188.683
G1 X103.083 Y188.558
G1 X103.083 Y188.267
G1 X102.833 Y188.058
G1 X102.458 Y187.475
G1 X102.250 Y187.350
G1 X102.458 Y187.475
G1 X102.833 Y188.058
G1 X103.125 Y188.267
G1 X103.333 Y188.100
G1 X103.625 Y187.600
G1 X103.833 Y187.392
G1 X104.042 Y187.308
G0 Z5.000 F500.000
G0 X113.500 Y189.475 F3000.000
G1 Z1.000 F500.000
G4 P100
G1 X113.708 Y189.308 F1000.000
G1 X114.167 Y187.850
G1 X114.375 Y187.683
G1 X114.333 Y187.142
G1 X114.125 Y186.683
G1 X113.917 Y186.558
G1 X113.708 Y186.558
G1 X113.625 Y186.683
G1 X113.708 Y186.558
G1 X113.917 Y186.558
G1 X114.208 Y186.808
G1 X114.333 Y187.142
G1 X114.375 Y187.683
G1 X114.583 Y187.850
G1 X115.083 Y189.267
G1 X115.292 Y189.475
G0 Z5.000 F500.000
G0 X91.208 Y187.475 F3000.000
G1 Z1.000 F500.000
G4 P100
G1 X91.208 Y189.308 F1000.000
G1 X91.250 Y189.350
G1 X91.208 Y189.142
G1 X91.292 Y189.058
G1 X91.583 Y189.183
G1 X91.750 Y189.350
G1 X92.125 Y189.433
G1 X92.417 Y189.350
G1 X92.625 Y189.100
G1 X92.625 Y187.475
G0 Z5.000 F500.000
G0 X95.458 Y187.475 F3000.000
G1 Z1.000 F500.000
G4 P100
G1 X95.458 Y189.308 F1000.000
G1 X95.500 Y189.350
G1 X95.458 Y189.142
G1 X95.542 Y189.058
G1 X95.833 Y189.183
G1 X96.000 Y189.350
G1 X96.375 Y189.433
G1 X96.667 Y189.350
G1 X96.875 Y189.100
G1 X96.875 Y187.475
G0 Z5.000 F500.000
G0 X97.750 Y188.433 F3000.000
G1 Z1.000 F500.000
G4 P100
G1 X97.792 Y188.933 F1000.000
G1 X98.125 Y189.308
G1 X98.542 Y189.433
G1 X98.750 Y189.392
G1 X98.958 Y189.308
G1 X99.167 Y189.100
G1 X99.292 Y188.850
G1 X99.333 Y188.517
G1 X99.250 Y188.433
G1 X97.708 Y188.433
G1 X97.792 Y187.808
G1 X98.250 Y187.392
G1 X98.792 Y187.392
G1 X99.000 Y187.475
G1 X99.417 Y187.933
G0 Z5.000 F500.000
G0 X125.875 Y189.392 F3000.000
G1 Z1.000 F500.000
G4 P100
G1 X125.167 Y189.058 F1000.000
G1 X125.083 Y189.142
G1 X125.125 Y189.350
G1 X125.083 Y189.308
G1 X125.083 Y187.475
G0 Z5.000 F500.000
G0 X94.542 Y189.350 F3000.000
G1 Z1.000 F500.000
G4 P100
G1 X94.458 Y187.433 F1000.000
G0 Z5.000 F500.000
G0 X100.417 Y189.308 F3000.000
G1 Z1.000 F500.000
G4 P100
G1 X100.292 Y189.267 F1000.000
G0 Z5.000 F500.000
G0 X110.958 Y189.183 F3000.000
G1 Z1.000 F500.000
G4 P100
G1 X110.875 Y187.392 F1000.000
G1 X110.917 Y188.267
G1 X110.000 Y188.267
G1 X111.833 Y188.308
G0 Z5.000 F500.000
G0 X123.125 Y188.683 F3000.000
G1 Z1.000 F500.000
G4 P100
G1 X121.292 Y188.642 F1000.000
G0 Z5.000 F500.000
G0 X123.083 Y187.933 F3000.000
G1 Z1.000 F500.000
G4 P100
G1 X121.417 Y187.933 F1000.000
G1 X121.250 Y187.850
G0 Z5.000 F500.000
G0 X100.417 Y187.558 F3000.000
G1 Z1.000 F500.000
G4 P100
G1 X100.333 Y187.517 F1000.000
G0 Z5.000 F500.000
G0 X90.812 Y176.819 F3000.000
G1 Z1.000 F500.000
G4 P100
G1 X90.562 Y176.527 F1000.000
G1 X90.188 Y175.652
G1 X90.062 Y175.194
G1 X90.021 Y174.194
G1 X90.062 Y173.777
G1 X90.354 Y172.860
G1 X90.646 Y172.319
G1 X90.812 Y172.235
G0 Z5.000 F500.000
G0 X110.896 Y176.777 F3000.000
G1 Z1.000 F500.000
G4 P100
G1 X111.229 Y176.360 F1000.000
G1 X111.438 Y175.860
G1 X111.688 Y174.777
G1 X111.688 Y174.235
G1 X111.521 Y173.360
G1 X111.104 Y172.402
G1 X110.938 Y172.235
G0 Z5.000 F500.000
G0 X73.812 Y176.652 F3000.000
G1 Z1.000 F500.000
G4 P100
G1 X73.771 Y176.485 F1000.000
G0 Z5.000 F500.000
G0 X88.938 Y176.652 F3000.000
G1 Z1.000 F500.000
G4 P100
G1 X88.854 Y173.402 F1000.000
G0 Z5.000 F500.000
G0 X97.146 Y176.652 F3000.000
G1 Z1.000 F500.000
G4 P100
G1 X97.104 Y176.485 F1000.000
G0 Z5.000 F500.000
G0 X101.562 Y176.652 F3000.000
G1 Z1.000 F500.000
G4 P100
G1 X101.229 Y176.569 F1000.000
G1 X101.104 Y176.402
G1 X101.062 Y175.652
G1 X101.604 Y175.652
G1 X100.646 Y175.610
G1 X101.062 Y175.652
G1 X101.021 Y173.402
G0 Z5.000 F500.000
G0 X102.354 Y176.652 F3000.000
G1 Z1.000 F500.000
G4 P100
G1 X102.312 Y176.485 F1000.000
G0 Z5.000 F500.000
G0 X106.188 Y176.652 F3000.000
G1 Z1.000 F500.000
G4 P100
G1 X106.146 Y176.485 F1000.000
G0 Z5.000 F500.000
G0 X135.271 Y175.319 F3000.000
G1 Z1.000 F500.000
G4 P100
G1 X135.271 Y173.694 F1000.000
G1 X135.354 Y173.610
G1 X135.312 Y173.402
G1 X135.354 Y173.444
G1 X135.354 Y173.610
G1 X135.271 Y173.694
G1 X134.688 Y173.360
G1 X134.479 Y173.319
G1 X134.146 Y173.319
G1 X133.854 Y173.444
G1 X133.562 Y173.777
G1 X133.438 Y174.194
G1 X133.438 Y174.777
G1 X133.521 Y175.110
G1 X133.896 Y175.569
G1 X134.312 Y175.694
G1 X134.729 Y175.610
G1 X135.271 Y175.319
G1 X135.312 Y176.652
G0 Z5.000 F500.000
G0 X92.229 Y176.569 F3000.000
G1 Z1.000 F500.000
G4 P100
G1 X92.729 Y176.569 F1000.000
G1 X93.146 Y176.235
G1 X93.312 Y175.860
G1 X93.396 Y175.235
G1 X93.354 Y174.235
G1 X93.229 Y173.819
G1 X92.854 Y173.360
G1 X92.479 Y173.277
G1 X92.104 Y173.360
G1 X91.812 Y173.652
G1 X91.562 Y174.444
G1 X91.562 Y175.444
G1 X91.688 Y176.027
G1 X91.896 Y176.360
G1 X92.229 Y176.569
G0 Z5.000 F500.000
G0 X118.771 Y175.694 F3000.000
G1 Z1.000 F500.000
G4 P100
G1 X118.896 Y175.777 F1000.000
G1 X118.979 Y176.152
G1 X119.104 Y176.319
G1 X119.479 Y176.569
G1 X120.146 Y176.569
G1 X120.604 Y176.194
G1 X120.688 Y175.985
G1 X120.688 Y175.485
G1 X120.562 Y175.235
G1 X120.271 Y174.944
G1 X119.521 Y174.527
G1 X119.062 Y174.152
G1 X118.896 Y173.860
G1 X118.854 Y173.444
G1 X118.646 Y173.319
G1 X118.812 Y173.444
G1 X120.729 Y173.444
G0 Z5.000 F500.000
G0 X144.271 Y175.694 F3000.000
G1 Z1.000 F500.000
G4 P100
G1 X144.396 Y175.777 F1000.000
G1 X144.479 Y176.152
G1 X144.604 Y176.319
G1 X144.979 Y176.569
G1 X145.646 Y176.569
G1 X146.104 Y176.194
G1 X146.188 Y175.985
G1 X146.188 Y175.485
G1 X146.062 Y175.235
G1 X145.771 Y174.944
G1 X144.646 Y174.235
G1 X144.396 Y173.860
G1 X144.354 Y173.444
G1 X144.146 Y173.319
G1 X144.312 Y173.444
G1 X146.229 Y173.444
G0 Z5.000 F500.000
G0 X116.354 Y174.902 F3000.000
G1 Z1.000 F500.000
G4 P100
G1 X116.521 Y174.985 F1000.000
G1 X116.979 Y176.194
G1 X117.229 Y176.444
G1 X117.521 Y176.069
G1 X117.938 Y174.985
G1 X118.104 Y174.902
G0 Z5.000 F500.000
G0 X125.562 Y174.902 F3000.000
G1 Z1.000 F500.000
G4 P100
G1 X125.729 Y174.985 F1000.000
G1 X126.188 Y176.194
G1 X126.438 Y176.444
G1 X126.729 Y176.069
G1 X127.146 Y174.985
G1 X127.312 Y174.902
G0 Z5.000 F500.000
G0 X77.771 Y176.319 F3000.000
G1 Z1.000 F500.000
G4 P100
G1 X77.729 Y175.652 F1000.000
G1 X78.229 Y175.652
G1 X77.312 Y175.610
G1 X77.729 Y175.652
G1 X77.729 Y173.610
G1 X77.896 Y173.319
G1 X78.229 Y173.319
G0 Z5.000 F500.000
G0 X107.396 Y176.319 F3000.000
G1 Z1.000 F500.000
G4 P100
G1 X107.354 Y175.652 F1000.000
G1 X107.854 Y175.652
G1 X106.938 Y175.610
G1 X107.354 Y175.652
G1 X107.354 Y173.610
G1 X107.521 Y173.319
G1 X107.854 Y173.319
G0 Z5.000 F500.000
G0 X85.479 Y175.777 F3000.000
G1 Z1.000 F500.000
G4 P100
G1 X85.354 Y175.610 F1000.000
G1 X85.146 Y175.569
G1 X84.854 Y175.319
G1 X84.562 Y175.194
G1 X84.521 Y175.610
G1 X84.562 Y175.652
G1 X84.479 Y173.402
G0 Z5.000 F500.000
G0 X108.271 Y175.777 F3000.000
G1 Z1.000 F500.000
G4 P100
G1 X108.521 Y175.569 F1000.000
G1 X109.062 Y173.860
G1 X109.312 Y173.652
G1 X109.271 Y173.110
G1 X109.062 Y172.569
G1 X108.771 Y172.360
G1 X108.562 Y172.402
G1 X108.896 Y172.402
G1 X109.104 Y172.652
G1 X109.271 Y173.110
G1 X109.312 Y173.652
G1 X109.562 Y173.860
G1 X110.146 Y175.569
G1 X110.479 Y175.777
G0 Z5.000 F500.000
G0 X113.771 Y175.777 F3000.000
G1 Z1.000 F500.000
G4 P100
G1 X114.062 Y175.694 F1000.000
G1 X114.604 Y174.860
G1 X114.896 Y174.694
G1 X115.521 Y175.569
G1 X115.896 Y175.777
G1 X115.521 Y175.569
G1 X115.104 Y174.902
G1 X114.854 Y174.694
G1 X114.854 Y174.360
G1 X115.104 Y174.152
G1 X115.562 Y173.444
G1 X115.938 Y173.235
G1 X115.562 Y173.444
G1 X115.104 Y174.152
G1 X114.812 Y174.360
G1 X114.562 Y174.152
G1 X114.104 Y173.444
G1 X113.771 Y173.235
G0 Z5.000 F500.000
G0 X129.396 Y175.777 F3000.000
G1 Z1.000 F500.000
G4 P100
G1 X129.688 Y175.694 F1000.000
G1 X130.229 Y174.860
G1 X130.521 Y174.694
G1 X131.146 Y175.569
G1 X131.521 Y175.777
G1 X131.146 Y175.569
G1 X130.729 Y174.902
G1 X130.479 Y174.694
G1 X130.479 Y174.360
G1 X130.729 Y174.152
G1 X131.188 Y173.444
G1 X131.562 Y173.235
G1 X131.188 Y173.444
G1 X130.729 Y174.152
G1 X130.438 Y174.360
G1 X130.188 Y174.152
G1 X129.729 Y173.444
G1 X129.396 Y173.235
G0 Z5.000 F500.000
G0 X135.979 Y175.777 F3000.000
G1 Z1.000 F500.000
G4 P100
G1 X136.271 Y175.694 F1000.000
G1 X136.812 Y174.860
G1 X137.104 Y174.694
G1 X137.729 Y175.569
G1 X138.104 Y175.777
G1 X137.729 Y175.569
G1 X137.312 Y174.902
G1 X137.062 Y174.694
G1 X137.062 Y174.360
G1 X137.312 Y174.152
G1 X137.771 Y173.444
G1 X138.146 Y173.235
G1 X137.771 Y173.444
G1 X137.312 Y174.152
G1 X137.021 Y174.360
G1 X136.771 Y174.152
G1 X136.312 Y173.444
G1 X135.979 Y173.235
G0 Z5.000 F500.000
G0 X74.854 Y173.402 F3000.000
G1 Z1.000 F500.000
G4 P100
G1 X74.896 Y175.569 F1000.000
G1 X74.938 Y175.610
G1 X74.896 Y175.360
G1 X74.979 Y175.277
G1 X75.604 Y175.652
G1 X76.104 Y175.694
G1 X76.312 Y175.610
G1 X76.562 Y175.277
G1 X76.521 Y173.402
G0 Z5.000 F500.000
G0 X78.938 Y174.569 F3000.000
G1 Z1.000 F500.000
G4 P100
G1 X78.979 Y175.069 F1000.000
G1 X79.271 Y175.485
G1 X79.562 Y175.652
G1 X80.062 Y175.694
G1 X80.354 Y175.569
G1 X80.646 Y175.277
G1 X80.771 Y174.985
G1 X80.771 Y174.610
G1 X78.938 Y174.569
G1 X78.896 Y174.319
G1 X78.979 Y173.902
G1 X79.396 Y173.402
G1 X80.062 Y173.319
G1 X80.354 Y173.402
G1 X80.771 Y173.902
G1 X80.896 Y173.944
G0 Z5.000 F500.000
G0 X83.354 Y173.694 F3000.000
G1 Z1.000 F500.000
G4 P100
G1 X83.354 Y175.277 F1000.000
G1 X83.438 Y175.360
G1 X83.479 Y175.652
G1 X83.438 Y175.360
G1 X83.354 Y175.277
G1 X82.646 Y175.694
G1 X82.229 Y175.652
G1 X81.854 Y175.360
G1 X81.688 Y175.027
G1 X81.688 Y173.944
G1 X81.812 Y173.694
G1 X82.104 Y173.402
G1 X82.354 Y173.319
G1 X82.771 Y173.360
G1 X83.354 Y173.694
G1 X83.396 Y173.069
G1 X83.271 Y172.694
G1 X83.062 Y172.444
G1 X82.562 Y172.319
G1 X81.979 Y172.444
G1 X81.604 Y172.860
G0 Z5.000 F500.000
G0 X87.729 Y174.652 F3000.000
G1 Z1.000 F500.000
G4 P100
G1 X87.771 Y173.444 F1000.000
G1 X87.896 Y173.319
G1 X88.146 Y173.277
G1 X87.896 Y173.319
G1 X87.729 Y173.610
G1 X87.354 Y173.527
G1 X87.021 Y173.319
G1 X86.438 Y173.319
G1 X86.188 Y173.485
G1 X86.062 Y173.694
G1 X86.062 Y174.069
G1 X86.146 Y174.235
G1 X86.438 Y174.444
G1 X87.729 Y174.652
G1 X87.729 Y175.277
G1 X87.688 Y175.402
G1 X87.396 Y175.652
G1 X86.729 Y175.694
G1 X86.354 Y175.527
G1 X86.188 Y175.235
G1 X86.021 Y175.152
G0 Z5.000 F500.000
G0 X98.188 Y173.402 F3000.000
G1 Z1.000 F500.000
G4 P100
G1 X98.229 Y175.569 F1000.000
G1 X98.271 Y175.610
G1 X98.229 Y175.360
G1 X98.312 Y175.277
G1 X98.938 Y175.652
G1 X99.438 Y175.694
G1 X99.646 Y175.610
G1 X99.896 Y175.277
G1 X99.854 Y173.402
G0 Z5.000 F500.000
G0 X103.396 Y173.402 F3000.000
G1 Z1.000 F500.000
G4 P100
G1 X103.438 Y175.569 F1000.000
G1 X103.479 Y175.610
G1 X103.438 Y175.360
G1 X103.521 Y175.277
G1 X104.146 Y175.652
G1 X104.646 Y175.694
G1 X104.854 Y175.610
G1 X105.104 Y175.277
G1 X105.062 Y173.402
G0 Z5.000 F500.000
G0 X122.979 Y174.569 F3000.000
G1 Z1.000 F500.000
G4 P100
G1 X123.021 Y175.069 F1000.000
G1 X123.312 Y175.485
G1 X123.604 Y175.652
G1 X124.104 Y175.694
G1 X124.396 Y175.569
G1 X124.688 Y175.277
G1 X124.812 Y174.985
G1 X124.812 Y174.610
G1 X122.979 Y174.569
G1 X122.938 Y174.319
G1 X123.021 Y173.902
G1 X123.438 Y173.402
G1 X124.104 Y173.319
G1 X124.396 Y173.402
G1 X124.812 Y173.902
G1 X124.938 Y173.944
G0 Z5.000 F500.000
G0 X73.854 Y175.610 F3000.000
G1 Z1.000 F500.000
G4 P100
G1 X73.771 Y173.402 F1000.000
G0 Z5.000 F500.000
G0 X97.188 Y175.610 F3000.000
G1 Z1.000 F500.000
G4 P100
G1 X97.104 Y173.402 F1000.000
G0 Z5.000 F500.000
G0 X102.396 Y175.610 F3000.000
G1 Z1.000 F500.000
G4 P100
G1 X102.312 Y173.402 F1000.000
G0 Z5.000 F500.000
G0 X106.229 Y175.610 F3000.000
G1 Z1.000 F500.000
G4 P100
G1 X106.146 Y173.402 F1000.000
G0 Z5.000 F500.000
G0 X142.146 Y174.819 F3000.000
G1 Z1.000 F500.000
G4 P100
G1 X140.062 Y174.777 F1000.000
G0 Z5.000 F500.000
G0 X127.979 Y174.610 F3000.000
G1 Z1.000 F500.000
G4 P100
G1 X128.854 Y174.610 F1000.000
G0 Z5.000 F500.000
G0 X142.146 Y173.985 F3000.000
G1 Z1.000 F500.000
G4 P100
G1 X140.062 Y173.944 F1000.000
G0 Z5.000 F500.000
G0 X94.479 Y173.444 F3000.000
G1 Z1.000 F500.000
G4 P100
G1 X94.562 Y173.485 F1000.000
G1 X94.688 Y173.360
G1 X94.688 Y172.902
G1 X94.604 Y172.694
G1 X94.354 Y172.569
G0 Z5.000 F500.000
M400
M84
; End
