; Generated by plotter-processor
; Page 20/20
; Motion profile: safe
; Draw feed: 1000.000 mm/min
; Travel feed: 3000.000 mm/min
; Z feed: 500.000 mm/min
; Pen Z: down=1.000 up=5.000
; Down settle: 100 ms
; Estimated ideal time: 1222.302737 s
G21
G90
G0 Z5.000 F500.000
G0 X20.320 Y205.225 F3000.000
G1 Z1.000 F500.000
G4 P100
G1 X20.389 Y205.919 F1000.000
G1 X20.598 Y206.530
G1 X20.924 Y207.036
G1 X21.350 Y207.412
G1 X21.851 Y207.647
G1 X22.405 Y207.725
G1 X22.880 Y207.656
G1 X23.225 Y207.447
G1 X23.435 Y207.126
G1 X23.505 Y206.715
G1 X23.398 Y206.225
G1 X23.267 Y206.086
G1 X23.090 Y206.040
G1 X22.870 Y206.105
G1 X22.790 Y206.295
G1 X22.840 Y206.700
G1 X22.719 Y207.041
G1 X22.355 Y207.155
G1 X22.032 Y207.101
G1 X21.725 Y206.940
G1 X21.454 Y206.674
G1 X21.240 Y206.308
G1 X21.101 Y205.851
G1 X21.055 Y205.315
G1 X21.139 Y204.783
G1 X21.390 Y204.387
G1 X21.805 Y204.142
G1 X22.380 Y204.060
G1 X23.038 Y204.142
G1 X23.900 Y204.425
G1 X24.020 Y204.365
G1 X24.060 Y204.210
G1 X23.977 Y203.945
G1 X23.730 Y203.760
G1 X22.992 Y203.532
G1 X22.265 Y203.460
G1 X21.709 Y203.514
G1 X21.230 Y203.678
G1 X20.841 Y203.941
G1 X20.555 Y204.295
G1 X20.379 Y204.727
G1 X20.320 Y205.225
G0 Z5.000 F500.000
G0 X23.595 Y204.525 F3000.000
G1 Z1.000 F500.000
G4 P100
G1 X23.740 Y205.167 F1000.000
G1 X23.913 Y205.434
G1 X24.417 Y205.771
G1 X24.725 Y205.815
G1 X24.986 Y205.772
G1 X25.190 Y205.642
G1 X25.321 Y205.439
G1 X25.365 Y205.175
G1 X25.303 Y204.854
G1 X25.117 Y204.583
G1 X24.784 Y204.361
G1 X24.280 Y204.190
G1 X24.461 Y204.018
G1 X24.755 Y203.960
G1 X25.267 Y204.118
G1 X25.900 Y204.600
G1 X26.002 Y204.540
G1 X26.040 Y204.375
G1 X25.945 Y204.065
G1 X25.422 Y203.650
G1 X24.700 Y203.460
G1 X24.234 Y203.531
G1 X23.885 Y203.745
G1 X23.667 Y204.083
G1 X23.595 Y204.525
G0 Z5.000 F500.000
G0 X24.200 Y204.590 F3000.000
G1 Z1.000 F500.000
G4 P100
G1 X24.665 Y204.790 F1000.000
G1 X24.793 Y204.941
G1 X24.782 Y205.267
G1 X24.640 Y205.325
G1 X24.469 Y205.271
G1 X24.328 Y205.110
G1 X24.200 Y204.590
G0 Z5.000 F500.000
G0 X25.691 Y204.934 F3000.000
G1 Z1.000 F500.000
G4 P100
G1 X25.830 Y205.535 F1000.000
G1 X25.977 Y205.748
G1 X26.265 Y205.815
G1 X26.405 Y205.790
G1 X26.445 Y205.695
G1 X26.240 Y204.615
G1 X26.610 Y205.315
G1 X27.012 Y205.700
G1 X27.375 Y205.815
G1 X27.619 Y205.734
G1 X27.700 Y205.490
G1 X27.495 Y204.210
G1 X27.531 Y204.060
G1 X27.640 Y204.010
G1 X27.877 Y204.132
G1 X28.380 Y204.600
G1 X28.483 Y204.540
G1 X28.520 Y204.375
G1 X28.425 Y204.065
G1 X27.962 Y203.630
G1 X27.698 Y203.502
G1 X27.176 Y203.497
G1 X26.917 Y203.788
G1 X26.885 Y204.035
G1 X27.020 Y204.970
G1 X26.965 Y205.050
G1 X26.782 Y204.882
G1 X26.542 Y204.440
G1 X26.218 Y203.542
G1 X25.990 Y203.460
G1 X25.828 Y203.510
G1 X25.723 Y203.660
G1 X25.645 Y204.300
G1 X25.691 Y204.934
G0 Z5.000 F500.000
G0 X27.932 Y205.395 F3000.000
G1 Z1.000 F500.000
G4 P100
G1 X27.880 Y205.570 F1000.000
G1 X27.936 Y205.780
G1 X28.390 Y205.850
G1 X28.650 Y206.855
G1 X29.072 Y207.580
G1 X29.329 Y207.782
G1 X29.605 Y207.850
G1 X29.793 Y207.804
G1 X29.935 Y207.665
G1 X30.055 Y207.200
G1 X30.014 Y206.825
G1 X29.892 Y206.475
G1 X29.405 Y205.850
G1 X30.080 Y205.815
G1 X30.080 Y205.534
G1 X29.974 Y205.426
G1 X29.550 Y205.340
G1 X28.940 Y205.340
G1 X28.961 Y204.507
G1 X29.053 Y204.220
G1 X29.211 Y204.062
G1 X29.440 Y204.010
G1 X29.820 Y204.140
G1 X30.345 Y204.600
G1 X30.447 Y204.540
G1 X30.485 Y204.375
G1 X30.390 Y204.065
G1 X29.920 Y203.630
G1 X29.646 Y203.502
G1 X29.335 Y203.460
G1 X28.889 Y203.550
G1 X28.570 Y203.819
G1 X28.379 Y204.267
G1 X28.330 Y205.340
G1 X27.932 Y205.395
G0 Z5.000 F500.000
G0 X28.990 Y205.925 F3000.000
G1 Z1.000 F500.000
G4 P100
G1 X29.432 Y206.498 F1000.000
G1 X29.580 Y207.075
G1 X29.552 Y207.296
G1 X29.470 Y207.370
G1 X29.303 Y207.183
G1 X29.128 Y206.662
G1 X28.990 Y205.925
G0 Z5.000 F500.000
G0 X30.323 Y205.434 F3000.000
G1 Z1.000 F500.000
G4 P100
G1 X30.827 Y205.771 F1000.000
G1 X31.396 Y205.772
G1 X31.600 Y205.642
G1 X31.731 Y205.439
G1 X31.775 Y205.175
G1 X31.713 Y204.854
G1 X31.527 Y204.583
G1 X31.194 Y204.361
G1 X30.690 Y204.190
G1 X30.871 Y204.018
G1 X31.165 Y203.960
G1 X31.678 Y204.118
G1 X32.310 Y204.600
G1 X32.413 Y204.540
G1 X32.450 Y204.375
G1 X32.355 Y204.065
G1 X31.833 Y203.650
G1 X31.483 Y203.507
G1 X31.110 Y203.460
G1 X30.644 Y203.531
G1 X30.295 Y203.745
G1 X30.078 Y204.083
G1 X30.005 Y204.525
G1 X30.150 Y205.167
G1 X30.323 Y205.434
G0 Z5.000 F500.000
G0 X30.737 Y205.110 F3000.000
G1 Z1.000 F500.000
G4 P100
G1 X30.610 Y204.590 F1000.000
G1 X31.075 Y204.790
G1 X31.245 Y205.115
G1 X31.193 Y205.267
G1 X31.050 Y205.325
G1 X30.879 Y205.271
G1 X30.737 Y205.110
G0 Z5.000 F500.000
G0 X32.101 Y204.934 F3000.000
G1 Z1.000 F500.000
G4 P100
G1 X32.240 Y205.535 F1000.000
G1 X32.388 Y205.748
G1 X32.675 Y205.815
G1 X32.815 Y205.790
G1 X32.855 Y205.695
G1 X32.650 Y204.615
G1 X33.020 Y205.315
G1 X33.422 Y205.700
G1 X33.785 Y205.815
G1 X34.029 Y205.734
G1 X34.110 Y205.490
G1 X34.056 Y204.794
G1 X34.150 Y204.750
G1 X34.645 Y205.035
G1 X34.748 Y204.977
G1 X34.785 Y204.825
G1 X34.685 Y204.535
G1 X34.358 Y204.287
G1 X33.960 Y204.185
G1 X33.727 Y204.219
G1 X33.454 Y204.479
G1 X33.390 Y205.050
G1 X33.193 Y204.882
G1 X32.950 Y204.440
G1 X32.627 Y203.542
G1 X32.400 Y203.460
G1 X32.238 Y203.510
G1 X32.133 Y203.660
G1 X32.055 Y204.300
G1 X32.101 Y204.934
G0 Z5.000 F500.000
G0 X34.408 Y204.319 F3000.000
G1 Z1.000 F500.000
G4 P100
G1 X34.355 Y204.895 F1000.000
G1 X34.512 Y206.285
G1 X34.707 Y207.010
G1 X34.977 Y207.625
G1 X35.314 Y208.045
G1 X35.710 Y208.185
G1 X35.924 Y208.129
G1 X36.087 Y207.963
G1 X36.191 Y207.692
G1 X36.225 Y207.325
G1 X36.142 Y206.683
G1 X35.895 Y205.945
G1 X35.506 Y205.164
G1 X35.000 Y204.390
G1 X35.115 Y204.097
G1 X35.325 Y204.010
G1 X35.685 Y204.127
G1 X36.215 Y204.600
G1 X36.317 Y204.540
G1 X36.355 Y204.375
G1 X36.260 Y204.065
G1 X35.792 Y203.630
G1 X35.220 Y203.460
G1 X34.837 Y203.560
G1 X34.567 Y203.860
G1 X34.408 Y204.319
G0 Z5.000 F500.000
G0 X34.965 Y205.065 F3000.000
G1 Z1.000 F500.000
G4 P100
G1 X35.530 Y206.238 F1000.000
G1 X35.688 Y206.799
G1 X35.740 Y207.310
G1 X35.705 Y207.595
G1 X35.600 Y207.690
G1 X35.340 Y207.275
G1 X35.085 Y206.245
G1 X34.965 Y205.065
G0 Z5.000 F500.000
G0 X36.185 Y206.515 F3000.000
G1 Z1.000 F500.000
G4 P100
G1 X36.322 Y206.808 F1000.000
G1 X36.665 Y206.925
G1 X36.965 Y206.835
G1 X37.080 Y206.580
G1 X36.950 Y206.262
G1 X36.605 Y206.145
G1 X36.290 Y206.243
G1 X36.185 Y206.515
G0 Z5.000 F500.000
G0 X36.510 Y205.815 F3000.000
G1 Z1.000 F500.000
G4 P100
G1 X36.701 Y205.773 F1000.000
G1 X36.765 Y205.645
G1 X36.550 Y204.320
G1 X36.590 Y204.090
G1 X36.725 Y204.010
G1 X36.950 Y204.135
G1 X37.445 Y204.600
G1 X37.547 Y204.540
G1 X37.585 Y204.375
G1 X37.490 Y204.065
G1 X37.011 Y203.611
G1 X36.565 Y203.460
G1 X36.284 Y203.517
G1 X36.093 Y203.690
G1 X35.945 Y204.300
G1 X36.150 Y205.535
G1 X36.270 Y205.755
G1 X36.510 Y205.815
G0 Z5.000 F500.000
G0 X37.375 Y205.535 F3000.000
G1 Z1.000 F500.000
G4 P100
G1 X37.522 Y205.748 F1000.000
G1 X37.950 Y205.790
G1 X37.990 Y205.695
G1 X37.785 Y204.615
G1 X38.155 Y205.315
G1 X38.557 Y205.700
G1 X38.920 Y205.815
G1 X39.164 Y205.734
G1 X39.245 Y205.490
G1 X39.040 Y204.210
G1 X39.076 Y204.060
G1 X39.185 Y204.010
G1 X39.422 Y204.132
G1 X39.925 Y204.600
G1 X40.027 Y204.540
G1 X40.065 Y204.375
G1 X39.970 Y204.065
G1 X39.508 Y203.630
G1 X39.243 Y203.502
G1 X38.721 Y203.497
G1 X38.462 Y203.788
G1 X38.430 Y204.035
G1 X38.565 Y204.970
G1 X38.510 Y205.050
G1 X38.328 Y204.882
G1 X38.087 Y204.440
G1 X37.762 Y203.542
G1 X37.535 Y203.460
G1 X37.373 Y203.510
G1 X37.267 Y203.660
G1 X37.190 Y204.300
G1 X37.375 Y205.535
G0 Z5.000 F500.000
G0 X39.585 Y204.525 F3000.000
G1 Z1.000 F500.000
G4 P100
G1 X39.730 Y205.167 F1000.000
G1 X39.903 Y205.434
G1 X40.407 Y205.771
G1 X40.715 Y205.815
G1 X40.976 Y205.772
G1 X41.180 Y205.642
G1 X41.311 Y205.439
G1 X41.355 Y205.175
G1 X41.293 Y204.854
G1 X41.108 Y204.583
G1 X40.774 Y204.361
G1 X40.270 Y204.190
G1 X40.451 Y204.018
G1 X40.745 Y203.960
G1 X41.258 Y204.118
G1 X41.890 Y204.600
G1 X41.992 Y204.540
G1 X42.030 Y204.375
G1 X41.935 Y204.065
G1 X41.413 Y203.650
G1 X40.690 Y203.460
G1 X40.224 Y203.531
G1 X39.875 Y203.745
G1 X39.657 Y204.083
G1 X39.585 Y204.525
G0 Z5.000 F500.000
G0 X40.190 Y204.590 F3000.000
G1 Z1.000 F500.000
G4 P100
G1 X40.655 Y204.790 F1000.000
G1 X40.782 Y204.941
G1 X40.773 Y205.267
G1 X40.630 Y205.325
G1 X40.459 Y205.271
G1 X40.317 Y205.110
G1 X40.190 Y204.590
G0 Z5.000 F500.000
G0 X42.931 Y204.664 F3000.000
G1 Z1.000 F500.000
G4 P100
G1 X43.286 Y205.355 F1000.000
G1 X43.562 Y205.607
G1 X43.879 Y205.771
G1 X44.215 Y205.825
G1 X44.362 Y205.782
G1 X44.425 Y205.630
G1 X44.823 Y205.613
G1 X44.875 Y205.465
G1 X44.655 Y204.020
G1 X45.395 Y204.550
G1 X45.510 Y204.590
G1 X45.612 Y204.528
G1 X45.650 Y204.370
G1 X45.505 Y204.075
G1 X44.555 Y203.430
G1 X44.336 Y202.506
G1 X44.058 Y201.803
G1 X43.708 Y201.358
G1 X43.275 Y201.210
G1 X43.044 Y201.249
G1 X42.740 Y201.549
G1 X42.700 Y201.780
G1 X42.770 Y202.148
G1 X42.980 Y202.542
G1 X43.383 Y202.997
G1 X44.030 Y203.545
G1 X44.060 Y203.740
G1 X43.838 Y203.532
G1 X43.565 Y203.460
G1 X43.286 Y203.516
G1 X43.070 Y203.685
G1 X42.931 Y203.945
G1 X42.931 Y204.664
G0 Z5.000 F500.000
G0 X43.510 Y204.270 F3000.000
G1 Z1.000 F500.000
G4 P100
G1 X43.572 Y204.040 F1000.000
G1 X43.745 Y203.965
G1 X43.965 Y204.105
G1 X44.275 Y205.360
G1 X43.895 Y205.202
G1 X43.615 Y204.800
G1 X43.510 Y204.270
G0 Z5.000 F500.000
G0 X43.915 Y202.950 F3000.000
G1 Z1.000 F500.000
G4 P100
G1 X43.360 Y202.355 F1000.000
G1 X43.190 Y201.890
G1 X43.222 Y201.750
G1 X43.330 Y201.695
G1 X43.463 Y201.770
G1 X43.612 Y201.995
G1 X43.915 Y202.950
G0 Z5.000 F500.000
G0 X45.593 Y203.860 F3000.000
G1 Z1.000 F500.000
G4 P100
G1 X45.433 Y204.319 F1000.000
G1 X45.380 Y204.895
G1 X45.538 Y206.285
G1 X45.733 Y207.010
G1 X46.003 Y207.625
G1 X46.339 Y208.045
G1 X46.735 Y208.185
G1 X46.949 Y208.129
G1 X47.113 Y207.963
G1 X47.216 Y207.692
G1 X47.250 Y207.325
G1 X47.168 Y206.683
G1 X46.920 Y205.945
G1 X46.531 Y205.164
G1 X46.025 Y204.390
G1 X46.140 Y204.097
G1 X46.350 Y204.010
G1 X46.710 Y204.127
G1 X47.240 Y204.600
G1 X47.343 Y204.540
G1 X47.380 Y204.375
G1 X47.285 Y204.065
G1 X46.818 Y203.630
G1 X46.245 Y203.460
G1 X45.862 Y203.560
G1 X45.593 Y203.860
G0 Z5.000 F500.000
G0 X45.990 Y205.065 F3000.000
G1 Z1.000 F500.000
G4 P100
G1 X46.555 Y206.238 F1000.000
G1 X46.713 Y206.799
G1 X46.765 Y207.310
G1 X46.730 Y207.595
G1 X46.625 Y207.690
G1 X46.365 Y207.275
G1 X46.110 Y206.245
G1 X45.990 Y205.065
G0 Z5.000 F500.000
G0 X47.190 Y205.535 F3000.000
G1 Z1.000 F500.000
G4 P100
G1 X47.330 Y205.750 F1000.000
G1 X47.615 Y205.815
G1 X47.768 Y205.780
G1 X47.810 Y205.675
G1 X47.575 Y204.370
G1 X47.680 Y204.180
G1 X47.868 Y204.330
G1 X48.108 Y204.785
G1 X48.478 Y205.750
G1 X48.725 Y205.815
G1 X48.885 Y205.785
G1 X48.930 Y205.685
G1 X48.670 Y204.020
G1 X49.420 Y204.550
G1 X49.535 Y204.590
G1 X49.638 Y204.528
G1 X49.675 Y204.370
G1 X49.530 Y204.075
G1 X48.570 Y203.430
G1 X48.351 Y202.506
G1 X48.073 Y201.803
G1 X47.723 Y201.358
G1 X47.290 Y201.210
G1 X47.059 Y201.249
G1 X46.755 Y201.549
G1 X46.715 Y201.780
G1 X46.823 Y202.260
G1 X47.223 Y202.822
G1 X48.050 Y203.550
G1 X48.145 Y204.195
G1 X47.865 Y203.648
G1 X47.680 Y203.507
G1 X47.281 Y203.512
G1 X47.118 Y203.667
G1 X46.975 Y204.185
G1 X47.025 Y204.873
G1 X47.190 Y205.535
G0 Z5.000 F500.000
G0 X47.935 Y202.950 F3000.000
G1 Z1.000 F500.000
G4 P100
G1 X47.378 Y202.358 F1000.000
G1 X47.205 Y201.890
G1 X47.238 Y201.750
G1 X47.345 Y201.695
G1 X47.478 Y201.767
G1 X47.625 Y201.985
G1 X47.935 Y202.950
G0 Z5.000 F500.000
G0 X48.535 Y201.935 F3000.000
G1 Z1.000 F500.000
G4 P100
G1 X48.760 Y203.077 F1000.000
G1 X49.455 Y204.515
G1 X49.445 Y205.530
G1 X49.560 Y205.760
G1 X49.860 Y205.845
G1 X50.013 Y205.803
G1 X50.070 Y205.450
G1 X50.385 Y205.738
G1 X50.715 Y205.825
G1 X50.969 Y205.769
G1 X51.173 Y205.600
G1 X51.306 Y205.340
G1 X51.350 Y205.010
G1 X51.265 Y204.495
G1 X51.030 Y204.040
G1 X51.205 Y204.010
G1 X51.520 Y204.130
G1 X52.040 Y204.600
G1 X52.143 Y204.540
G1 X52.180 Y204.375
G1 X52.085 Y204.065
G1 X51.623 Y203.630
G1 X51.358 Y203.502
G1 X50.820 Y203.507
G1 X50.630 Y203.650
G1 X50.035 Y203.460
G1 X49.929 Y202.574
G1 X49.740 Y201.847
G1 X49.456 Y201.362
G1 X49.274 Y201.240
G1 X48.830 Y201.249
G1 X48.665 Y201.395
G1 X48.535 Y201.935
G0 Z5.000 F500.000
G0 X49.018 Y201.775 F3000.000
G1 Z1.000 F500.000
G4 P100
G1 X49.105 Y201.690 F1000.000
G1 X49.229 Y201.837
G1 X49.330 Y202.278
G1 X49.445 Y203.740
G1 X49.105 Y202.785
G1 X48.980 Y202.020
G1 X49.018 Y201.775
G0 Z5.000 F500.000
G0 X50.060 Y203.940 F3000.000
G1 Z1.000 F500.000
G4 P100
G1 X50.393 Y204.137 F1000.000
G1 X50.635 Y204.528
G1 X50.725 Y205.015
G1 X50.665 Y205.243
G1 X50.505 Y205.320
G1 X50.306 Y205.225
G1 X50.070 Y204.940
G1 X50.060 Y203.940
G0 Z5.000 F500.000
G0 X51.805 Y204.210 F3000.000
G1 Z1.000 F500.000
G4 P100
G1 X51.968 Y206.215 F1000.000
G1 X52.163 Y206.983
G1 X52.433 Y207.618
G1 X52.771 Y208.043
G1 X53.170 Y208.185
G1 X53.378 Y208.136
G1 X53.649 Y207.761
G1 X53.611 Y206.961
G1 X53.390 Y206.428
G1 X52.430 Y205.160
G1 X52.415 Y204.625
G1 X52.783 Y205.317
G1 X53.183 Y205.700
G1 X53.545 Y205.815
G1 X53.789 Y205.734
G1 X53.870 Y205.490
G1 X53.665 Y204.210
G1 X53.701 Y204.060
G1 X53.810 Y204.010
G1 X54.048 Y204.132
G1 X54.550 Y204.600
G1 X54.653 Y204.540
G1 X54.690 Y204.375
G1 X54.595 Y204.065
G1 X54.123 Y203.630
G1 X53.863 Y203.502
G1 X53.346 Y203.497
G1 X53.088 Y203.788
G1 X53.055 Y204.035
G1 X53.190 Y204.970
G1 X53.135 Y205.050
G1 X52.950 Y204.882
G1 X52.710 Y204.440
G1 X52.350 Y203.560
G1 X52.045 Y203.460
G1 X51.848 Y203.567
G1 X51.805 Y204.210
G0 Z5.000 F500.000
G0 X52.485 Y205.785 F3000.000
G1 Z1.000 F500.000
G4 P100
G1 X52.998 Y206.580 F1000.000
G1 X53.149 Y206.990
G1 X53.200 Y207.360
G1 X53.165 Y207.605
G1 X53.065 Y207.690
G1 X52.865 Y207.433
G1 X52.653 Y206.738
G1 X52.485 Y205.785
G0 Z5.000 F500.000
G0 X54.965 Y205.650 F3000.000
G1 Z1.000 F500.000
G4 P100
G1 X55.111 Y205.815 F1000.000
G1 X55.360 Y205.870
G1 X55.555 Y205.845
G1 X55.610 Y205.765
G1 X55.445 Y205.235
G1 X55.903 Y204.488
G1 X55.975 Y204.025
G1 X56.550 Y204.530
G1 X56.685 Y204.600
G1 X56.788 Y204.540
G1 X56.825 Y204.375
G1 X56.730 Y204.065
G1 X56.253 Y203.642
G1 X55.215 Y203.350
G1 X54.818 Y203.470
G1 X54.680 Y203.740
G1 X54.775 Y203.965
G1 X55.055 Y204.060
G1 X55.340 Y204.030
G1 X55.283 Y204.275
G1 X55.000 Y204.685
G1 X54.360 Y203.825
G1 X54.170 Y203.735
G1 X54.040 Y203.792
G1 X53.990 Y203.935
G1 X54.060 Y204.120
G1 X54.540 Y204.760
G1 X54.965 Y205.650
G0 Z5.000 F500.000
G0 X57.726 Y204.664 F3000.000
G1 Z1.000 F500.000
G4 P100
G1 X58.081 Y205.355 F1000.000
G1 X58.358 Y205.607
G1 X58.674 Y205.771
G1 X59.010 Y205.825
G1 X59.158 Y205.782
G1 X59.220 Y205.630
G1 X59.624 Y205.606
G1 X59.685 Y205.475
G1 X59.495 Y204.175
G1 X59.533 Y204.055
G1 X59.630 Y204.010
G1 X59.860 Y204.132
G1 X60.360 Y204.600
G1 X60.463 Y204.540
G1 X60.500 Y204.375
G1 X60.405 Y204.065
G1 X59.970 Y203.635
G1 X59.525 Y203.460
G1 X59.223 Y203.572
G1 X59.015 Y203.880
G1 X58.721 Y203.565
G1 X58.360 Y203.460
G1 X58.081 Y203.516
G1 X57.865 Y203.685
G1 X57.726 Y203.945
G1 X57.726 Y204.664
G0 Z5.000 F500.000
G0 X58.305 Y204.270 F3000.000
G1 Z1.000 F500.000
G4 P100
G1 X58.368 Y204.040 F1000.000
G1 X58.540 Y203.965
G1 X58.750 Y204.095
G1 X58.895 Y204.440
G1 X59.080 Y205.360
G1 X58.693 Y205.202
G1 X58.410 Y204.800
G1 X58.305 Y204.270
G0 Z5.000 F500.000
G0 X60.151 Y204.934 F3000.000
G1 Z1.000 F500.000
G4 P100
G1 X60.290 Y205.535 F1000.000
G1 X60.438 Y205.748
G1 X60.725 Y205.815
G1 X60.865 Y205.790
G1 X60.905 Y205.695
G1 X60.700 Y204.615
G1 X61.070 Y205.315
G1 X61.473 Y205.700
G1 X61.835 Y205.815
G1 X62.079 Y205.734
G1 X62.160 Y205.490
G1 X62.106 Y204.794
G1 X62.200 Y204.750
G1 X62.695 Y205.035
G1 X62.798 Y204.977
G1 X62.835 Y204.825
G1 X62.735 Y204.535
G1 X62.408 Y204.287
G1 X62.010 Y204.185
G1 X61.777 Y204.219
G1 X61.504 Y204.479
G1 X61.440 Y205.050
G1 X61.243 Y204.882
G1 X61.000 Y204.440
G1 X60.678 Y203.542
G1 X60.450 Y203.460
G1 X60.288 Y203.510
G1 X60.183 Y203.660
G1 X60.105 Y204.300
G1 X60.151 Y204.934
G0 Z5.000 F500.000
G0 X62.295 Y204.525 F3000.000
G1 Z1.000 F500.000
G4 P100
G1 X62.440 Y205.167 F1000.000
G1 X62.613 Y205.434
G1 X63.117 Y205.771
G1 X63.425 Y205.815
G1 X63.686 Y205.772
G1 X63.890 Y205.642
G1 X64.021 Y205.439
G1 X64.065 Y205.175
G1 X64.003 Y204.854
G1 X63.818 Y204.583
G1 X63.484 Y204.361
G1 X62.980 Y204.190
G1 X63.161 Y204.018
G1 X63.455 Y203.960
G1 X63.968 Y204.118
G1 X64.600 Y204.600
G1 X64.703 Y204.540
G1 X64.740 Y204.375
G1 X64.645 Y204.065
G1 X64.123 Y203.650
G1 X63.400 Y203.460
G1 X62.934 Y203.531
G1 X62.585 Y203.745
G1 X62.368 Y204.083
G1 X62.295 Y204.525
G0 Z5.000 F500.000
G0 X62.900 Y204.590 F3000.000
G1 Z1.000 F500.000
G4 P100
G1 X63.365 Y204.790 F1000.000
G1 X63.493 Y204.941
G1 X63.483 Y205.267
G1 X63.340 Y205.325
G1 X63.169 Y205.271
G1 X63.028 Y205.110
G1 X62.900 Y204.590
G0 Z5.000 F500.000
G0 X65.716 Y204.934 F3000.000
G1 Z1.000 F500.000
G4 P100
G1 X65.855 Y205.535 F1000.000
G1 X66.003 Y205.748
G1 X66.290 Y205.815
G1 X66.430 Y205.790
G1 X66.470 Y205.695
G1 X66.265 Y204.615
G1 X66.635 Y205.315
G1 X67.038 Y205.700
G1 X67.400 Y205.815
G1 X67.644 Y205.734
G1 X67.725 Y205.490
G1 X67.671 Y204.794
G1 X67.765 Y204.750
G1 X68.260 Y205.035
G1 X68.363 Y204.977
G1 X68.400 Y204.825
G1 X68.300 Y204.535
G1 X67.973 Y204.287
G1 X67.575 Y204.185
G1 X67.342 Y204.219
G1 X67.069 Y204.479
G1 X67.005 Y205.050
G1 X66.808 Y204.882
G1 X66.565 Y204.440
G1 X66.243 Y203.542
G1 X66.015 Y203.460
G1 X65.853 Y203.510
G1 X65.748 Y203.660
G1 X65.670 Y204.300
G1 X65.716 Y204.934
G0 Z5.000 F500.000
G0 X67.860 Y204.525 F3000.000
G1 Z1.000 F500.000
G4 P100
G1 X68.005 Y205.167 F1000.000
G1 X68.178 Y205.434
G1 X68.682 Y205.771
G1 X68.990 Y205.815
G1 X69.251 Y205.772
G1 X69.455 Y205.642
G1 X69.586 Y205.439
G1 X69.630 Y205.175
G1 X69.568 Y204.854
G1 X69.383 Y204.583
G1 X69.049 Y204.361
G1 X68.545 Y204.190
G1 X68.726 Y204.018
G1 X69.020 Y203.960
G1 X69.533 Y204.118
G1 X70.165 Y204.600
G1 X70.268 Y204.540
G1 X70.305 Y204.375
G1 X70.210 Y204.065
G1 X69.688 Y203.650
G1 X68.965 Y203.460
G1 X68.499 Y203.531
G1 X68.150 Y203.745
G1 X67.933 Y204.083
G1 X67.860 Y204.525
G0 Z5.000 F500.000
G0 X68.465 Y204.590 F3000.000
G1 Z1.000 F500.000
G4 P100
G1 X68.930 Y204.790 F1000.000
G1 X69.058 Y204.941
G1 X69.048 Y205.267
G1 X68.905 Y205.325
G1 X68.734 Y205.271
G1 X68.593 Y205.110
G1 X68.465 Y204.590
G0 Z5.000 F500.000
G0 X69.860 Y204.850 F3000.000
G1 Z1.000 F500.000
G4 P100
G1 X69.980 Y205.180 F1000.000
G1 X70.395 Y205.650
G1 X70.656 Y205.774
G1 X71.174 Y205.774
G1 X71.472 Y205.467
G1 X71.510 Y205.235
G1 X71.418 Y204.880
G1 X71.175 Y204.735
G1 X71.023 Y204.780
G1 X70.983 Y205.290
G1 X70.890 Y205.325
G1 X70.675 Y205.222
G1 X70.515 Y204.945
G1 X70.455 Y204.560
G1 X70.581 Y204.125
G1 X70.960 Y203.980
G1 X71.403 Y204.118
G1 X72.005 Y204.600
G1 X72.108 Y204.540
G1 X72.145 Y204.375
G1 X72.050 Y204.065
G1 X71.488 Y203.618
G1 X70.855 Y203.460
G1 X70.419 Y203.529
G1 X70.093 Y203.738
G1 X69.888 Y204.059
G1 X69.820 Y204.470
G1 X69.860 Y204.850
G0 Z5.000 F500.000
G0 X71.665 Y204.510 F3000.000
G1 Z1.000 F500.000
G4 P100
G1 X71.810 Y205.188 F1000.000
G1 X71.983 Y205.452
G1 X72.479 Y205.778
G1 X72.775 Y205.820
G1 X73.118 Y205.754
G1 X73.388 Y205.558
G1 X73.572 Y205.264
G1 X73.660 Y204.910
G1 X74.290 Y205.020
G1 X74.390 Y204.955
G1 X74.425 Y204.790
G1 X74.389 Y204.599
G1 X74.280 Y204.505
G1 X73.620 Y204.385
G1 X73.479 Y204.007
G1 X73.245 Y203.713
G1 X72.946 Y203.523
G1 X72.610 Y203.460
G1 X72.098 Y203.605
G1 X71.775 Y203.990
G1 X71.665 Y204.510
G0 Z5.000 F500.000
G0 X72.398 Y204.135 F3000.000
G1 Z1.000 F500.000
G4 P100
G1 X72.650 Y203.990 F1000.000
G1 X72.928 Y204.120
G1 X73.085 Y204.495
G1 X72.848 Y204.770
G1 X72.780 Y205.290
G1 X72.578 Y205.242
G1 X72.423 Y205.097
G1 X72.323 Y204.866
G1 X72.290 Y204.555
G1 X72.398 Y204.135
G0 Z5.000 F500.000
G0 X73.930 Y204.275 F3000.000
G1 Z1.000 F500.000
G4 P100
G1 X73.976 Y204.664 F1000.000
G1 X74.331 Y205.355
G1 X74.924 Y205.771
G1 X75.260 Y205.825
G1 X75.408 Y205.782
G1 X75.470 Y205.630
G1 X75.868 Y205.613
G1 X75.920 Y205.465
G1 X75.700 Y204.020
G1 X76.440 Y204.550
G1 X76.555 Y204.590
G1 X76.658 Y204.528
G1 X76.695 Y204.370
G1 X76.550 Y204.075
G1 X75.600 Y203.430
G1 X75.381 Y202.506
G1 X75.103 Y201.803
G1 X74.753 Y201.358
G1 X74.320 Y201.210
G1 X74.089 Y201.249
G1 X73.785 Y201.549
G1 X73.745 Y201.780
G1 X73.815 Y202.148
G1 X74.025 Y202.542
G1 X74.428 Y202.997
G1 X75.075 Y203.545
G1 X75.105 Y203.740
G1 X74.883 Y203.532
G1 X74.610 Y203.460
G1 X74.331 Y203.516
G1 X74.115 Y203.685
G1 X73.976 Y203.945
G1 X73.930 Y204.275
G0 Z5.000 F500.000
G0 X74.618 Y204.040 F3000.000
G1 Z1.000 F500.000
G4 P100
G1 X74.790 Y203.965 F1000.000
G1 X75.010 Y204.105
G1 X75.320 Y205.360
G1 X74.940 Y205.202
G1 X74.660 Y204.800
G1 X74.555 Y204.270
G1 X74.618 Y204.040
G0 Z5.000 F500.000
G0 X74.960 Y202.950 F3000.000
G1 Z1.000 F500.000
G4 P100
G1 X74.405 Y202.355 F1000.000
G1 X74.235 Y201.890
G1 X74.268 Y201.750
G1 X74.375 Y201.695
G1 X74.508 Y201.770
G1 X74.658 Y201.995
G1 X74.960 Y202.950
G0 Z5.000 F500.000
G0 X76.583 Y203.510 F3000.000
G1 Z1.000 F500.000
G4 P100
G1 X76.478 Y203.660 F1000.000
G1 X76.400 Y204.300
G1 X76.446 Y204.934
G1 X76.585 Y205.535
G1 X76.733 Y205.748
G1 X77.020 Y205.815
G1 X77.160 Y205.790
G1 X77.200 Y205.695
G1 X76.995 Y204.615
G1 X77.365 Y205.315
G1 X77.768 Y205.700
G1 X78.130 Y205.815
G1 X78.374 Y205.734
G1 X78.455 Y205.490
G1 X78.250 Y204.210
G1 X78.286 Y204.060
G1 X78.395 Y204.010
G1 X78.633 Y204.132
G1 X79.135 Y204.600
G1 X79.238 Y204.540
G1 X79.275 Y204.375
G1 X79.180 Y204.065
G1 X78.718 Y203.630
G1 X78.453 Y203.502
G1 X77.931 Y203.497
G1 X77.673 Y203.788
G1 X77.640 Y204.035
G1 X77.775 Y204.970
G1 X77.720 Y205.050
G1 X77.538 Y204.882
G1 X77.298 Y204.440
G1 X76.973 Y203.542
G1 X76.745 Y203.460
G1 X76.583 Y203.510
G0 Z5.000 F500.000
G0 X78.902 Y203.958 F3000.000
G1 Z1.000 F500.000
G4 P100
G1 X78.923 Y204.877 F1000.000
G1 X79.070 Y205.535
G1 X79.190 Y205.755
G1 X79.430 Y205.815
G1 X79.621 Y205.773
G1 X79.685 Y205.645
G1 X79.470 Y204.320
G1 X79.510 Y204.090
G1 X79.645 Y204.010
G1 X79.870 Y204.135
G1 X80.365 Y204.600
G1 X80.468 Y204.540
G1 X80.505 Y204.375
G1 X80.410 Y204.065
G1 X79.931 Y203.611
G1 X79.485 Y203.460
G1 X79.204 Y203.517
G1 X79.013 Y203.690
G1 X78.902 Y203.958
G0 Z5.000 F500.000
G0 X79.525 Y206.145 F3000.000
G1 Z1.000 F500.000
G4 P100
G1 X79.210 Y206.243 F1000.000
G1 X79.105 Y206.515
G1 X79.243 Y206.808
G1 X79.585 Y206.925
G1 X79.885 Y206.835
G1 X80.000 Y206.580
G1 X79.870 Y206.262
G1 X79.525 Y206.145
G0 Z5.000 F500.000
G0 X80.208 Y205.732 F3000.000
G1 Z1.000 F500.000
G4 P100
G1 X80.365 Y205.825 F1000.000
G1 X81.630 Y205.755
G1 X82.040 Y205.840
G1 X82.173 Y205.770
G1 X82.225 Y205.555
G1 X82.150 Y205.305
G1 X81.160 Y204.727
G1 X80.935 Y204.506
G1 X80.860 Y204.285
G1 X80.990 Y204.055
G1 X81.375 Y203.965
G1 X81.943 Y204.105
G1 X82.595 Y204.600
G1 X82.698 Y204.540
G1 X82.735 Y204.375
G1 X82.640 Y204.065
G1 X82.058 Y203.585
G1 X81.688 Y203.454
G1 X81.275 Y203.410
G1 X80.685 Y203.512
G1 X80.303 Y203.792
G1 X80.170 Y204.190
G1 X80.236 Y204.501
G1 X80.435 Y204.775
G1 X81.195 Y205.265
G1 X80.375 Y205.245
G1 X80.208 Y205.322
G1 X80.150 Y205.520
G1 X80.208 Y205.732
G0 Z5.000 F500.000
G0 X82.306 Y204.664 F3000.000
G1 Z1.000 F500.000
G4 P100
G1 X82.661 Y205.355 F1000.000
G1 X82.938 Y205.607
G1 X83.254 Y205.771
G1 X83.590 Y205.825
G1 X83.738 Y205.782
G1 X83.800 Y205.630
G1 X84.204 Y205.606
G1 X84.265 Y205.475
G1 X84.075 Y204.175
G1 X84.113 Y204.055
G1 X84.210 Y204.010
G1 X84.440 Y204.132
G1 X84.940 Y204.600
G1 X85.043 Y204.540
G1 X85.080 Y204.375
G1 X84.985 Y204.065
G1 X84.550 Y203.635
G1 X84.105 Y203.460
G1 X83.803 Y203.572
G1 X83.595 Y203.880
G1 X83.301 Y203.565
G1 X82.940 Y203.460
G1 X82.661 Y203.516
G1 X82.445 Y203.685
G1 X82.306 Y203.945
G1 X82.306 Y204.664
G0 Z5.000 F500.000
G0 X82.885 Y204.270 F3000.000
G1 Z1.000 F500.000
G4 P100
G1 X82.948 Y204.040 F1000.000
G1 X83.120 Y203.965
G1 X83.330 Y204.095
G1 X83.475 Y204.440
G1 X83.660 Y205.360
G1 X83.273 Y205.202
G1 X82.990 Y204.800
G1 X82.885 Y204.270
G0 Z5.000 F500.000
G0 X84.710 Y204.960 F3000.000
G1 Z1.000 F500.000
G4 P100
G1 X84.870 Y206.363 F1000.000
G1 X85.067 Y207.064
G1 X85.338 Y207.653
G1 X85.674 Y208.052
G1 X86.070 Y208.185
G1 X86.278 Y208.136
G1 X86.545 Y207.761
G1 X86.580 Y207.475
G1 X86.425 Y206.660
G1 X85.910 Y205.810
G1 X86.214 Y205.728
G1 X86.455 Y205.532
G1 X86.623 Y205.251
G1 X86.705 Y204.910
G1 X87.335 Y205.020
G1 X87.435 Y204.955
G1 X87.435 Y204.597
G1 X87.325 Y204.505
G1 X86.665 Y204.385
G1 X86.521 Y204.010
G1 X86.288 Y203.715
G1 X85.996 Y203.524
G1 X85.675 Y203.460
G1 X85.239 Y203.556
G1 X84.940 Y203.845
G1 X84.768 Y204.316
G1 X84.710 Y204.960
G0 Z5.000 F500.000
G0 X85.335 Y204.575 F3000.000
G1 Z1.000 F500.000
G4 P100
G1 X85.443 Y204.140 F1000.000
G1 X85.695 Y203.990
G1 X85.970 Y204.120
G1 X86.130 Y204.495
G1 X85.893 Y204.770
G1 X85.830 Y205.320
G1 X85.631 Y205.269
G1 X85.473 Y205.118
G1 X85.335 Y204.575
G0 Z5.000 F500.000
G0 X85.370 Y205.470 F3000.000
G1 Z1.000 F500.000
G4 P100
G1 X86.046 Y206.974 F1000.000
G1 X86.095 Y207.360
G1 X86.058 Y207.605
G1 X85.955 Y207.690
G1 X85.738 Y207.392
G1 X85.520 Y206.585
G1 X85.370 Y205.470
G0 Z5.000 F500.000
G0 X87.233 Y206.285 F3000.000
G1 Z1.000 F500.000
G4 P100
G1 X87.428 Y207.010 F1000.000
G1 X87.698 Y207.625
G1 X88.034 Y208.045
G1 X88.430 Y208.185
G1 X88.644 Y208.129
G1 X88.808 Y207.963
G1 X88.911 Y207.692
G1 X88.945 Y207.325
G1 X88.863 Y206.683
G1 X88.615 Y205.945
G1 X88.226 Y205.164
G1 X87.720 Y204.390
G1 X87.835 Y204.097
G1 X88.045 Y204.010
G1 X88.405 Y204.127
G1 X88.935 Y204.600
G1 X89.038 Y204.540
G1 X89.075 Y204.375
G1 X88.980 Y204.065
G1 X88.513 Y203.630
G1 X88.243 Y203.502
G1 X87.940 Y203.460
G1 X87.557 Y203.560
G1 X87.288 Y203.860
G1 X87.128 Y204.319
G1 X87.075 Y204.895
G1 X87.233 Y206.285
G0 Z5.000 F500.000
G0 X87.685 Y205.065 F3000.000
G1 Z1.000 F500.000
G4 P100
G1 X88.250 Y206.238 F1000.000
G1 X88.407 Y206.799
G1 X88.460 Y207.310
G1 X88.425 Y207.595
G1 X88.320 Y207.690
G1 X88.060 Y207.275
G1 X87.805 Y206.245
G1 X87.685 Y205.065
G0 Z5.000 F500.000
G0 X88.913 Y205.434 F3000.000
G1 Z1.000 F500.000
G4 P100
G1 X89.417 Y205.771 F1000.000
G1 X89.986 Y205.772
G1 X90.190 Y205.642
G1 X90.321 Y205.439
G1 X90.365 Y205.175
G1 X90.303 Y204.854
G1 X90.118 Y204.583
G1 X89.784 Y204.361
G1 X89.280 Y204.190
G1 X89.461 Y204.018
G1 X89.755 Y203.960
G1 X90.268 Y204.118
G1 X90.900 Y204.600
G1 X91.002 Y204.540
G1 X91.040 Y204.375
G1 X90.945 Y204.065
G1 X90.423 Y203.650
G1 X90.073 Y203.507
G1 X89.700 Y203.460
G1 X89.234 Y203.531
G1 X88.885 Y203.745
G1 X88.668 Y204.083
G1 X88.595 Y204.525
G1 X88.740 Y205.167
G1 X88.913 Y205.434
G0 Z5.000 F500.000
G0 X89.328 Y205.110 F3000.000
G1 Z1.000 F500.000
G4 P100
G1 X89.200 Y204.590 F1000.000
G1 X89.665 Y204.790
G1 X89.835 Y205.115
G1 X89.782 Y205.267
G1 X89.640 Y205.325
G1 X89.469 Y205.271
G1 X89.328 Y205.110
G0 Z5.000 F500.000
G0 X90.710 Y205.320 F3000.000
G1 Z1.000 F500.000
G4 P100
G1 X90.838 Y205.680 F1000.000
G1 X91.195 Y205.815
G1 X91.528 Y205.708
G1 X91.640 Y205.390
G1 X91.510 Y205.023
G1 X91.155 Y204.885
G1 X90.823 Y205.005
G1 X90.710 Y205.320
G0 Z5.000 F500.000
G0 X91.020 Y204.390 F3000.000
G1 Z1.000 F500.000
G4 P100
G1 X91.293 Y204.292 F1000.000
G1 X91.385 Y204.030
G1 X91.280 Y203.565
G1 X91.025 Y203.000
G1 X90.868 Y202.755
G1 X90.715 Y202.695
G1 X90.540 Y202.745
G1 X90.475 Y202.905
G1 X90.600 Y203.870
G1 X90.718 Y204.255
G1 X91.020 Y204.390
G0 Z5.000 F500.000
G0 X93.390 Y204.390 F3000.000
G1 Z1.000 F500.000
G4 P100
G1 X93.465 Y204.910 F1000.000
G1 X93.750 Y205.365
G1 X93.245 Y205.545
G1 X93.210 Y205.670
G1 X93.288 Y205.847
G1 X93.460 Y205.925
G1 X93.805 Y205.808
G1 X94.613 Y205.780
G1 X94.655 Y205.665
G1 X94.585 Y205.468
G1 X94.350 Y205.365
G1 X94.110 Y204.930
G1 X94.415 Y205.120
G1 X94.770 Y205.195
G1 X95.043 Y205.145
G1 X95.252 Y204.995
G1 X95.386 Y204.768
G1 X95.430 Y204.485
G1 X95.335 Y204.015
G1 X95.700 Y204.130
G1 X96.220 Y204.600
G1 X96.323 Y204.540
G1 X96.360 Y204.375
G1 X96.265 Y204.065
G1 X95.793 Y203.630
G1 X95.533 Y203.502
G1 X95.240 Y203.460
G1 X94.895 Y203.570
G1 X94.340 Y203.460
G1 X93.931 Y203.524
G1 X93.633 Y203.715
G1 X93.451 Y204.011
G1 X93.390 Y204.390
G0 Z5.000 F500.000
G0 X94.123 Y204.085 F3000.000
G1 Z1.000 F500.000
G4 P100
G1 X94.385 Y203.990 F1000.000
G1 X94.695 Y204.100
G1 X94.805 Y204.405
G1 X94.734 Y204.604
G1 X94.520 Y204.670
G1 X94.230 Y204.580
G1 X94.030 Y204.370
G1 X94.123 Y204.085
G0 Z5.000 F500.000
G0 X95.760 Y203.760 F3000.000
G1 Z1.000 F500.000
G4 P100
G1 X97.925 Y207.935 F1000.000
G1 X98.062 Y208.105
G1 X98.220 Y208.160
G1 X98.418 Y208.067
G1 X98.500 Y207.840
G1 X98.445 Y207.635
G1 X96.305 Y203.620
G1 X96.050 Y203.460
G1 X95.847 Y203.542
G1 X95.760 Y203.760
G0 Z5.000 F500.000
G0 X98.584 Y204.014 F3000.000
G1 Z1.000 F500.000
G4 P100
G1 X98.520 Y204.390 F1000.000
G1 X98.565 Y204.960
G1 X98.705 Y205.535
G1 X98.852 Y205.748
G1 X99.150 Y205.815
G1 X99.319 Y205.785
G1 X99.375 Y205.695
G1 X99.195 Y204.885
G1 X99.517 Y205.107
G1 X99.900 Y205.195
G1 X100.173 Y205.145
G1 X100.382 Y204.995
G1 X100.516 Y204.768
G1 X100.560 Y204.485
G1 X100.445 Y204.015
G1 X100.830 Y204.130
G1 X101.350 Y204.600
G1 X101.453 Y204.540
G1 X101.490 Y204.375
G1 X101.395 Y204.065
G1 X100.923 Y203.630
G1 X100.370 Y203.460
G1 X100.010 Y203.580
G1 X99.490 Y203.460
G1 X99.084 Y203.524
G1 X98.778 Y203.718
G1 X98.584 Y204.014
G0 Z5.000 F500.000
G0 X99.255 Y204.085 F3000.000
G1 Z1.000 F500.000
G4 P100
G1 X99.515 Y203.990 F1000.000
G1 X99.825 Y204.100
G1 X99.935 Y204.405
G1 X99.864 Y204.604
G1 X99.650 Y204.670
G1 X99.358 Y204.575
G1 X99.150 Y204.360
G1 X99.255 Y204.085
G0 Z5.000 F500.000
G0 X100.890 Y203.760 F3000.000
G1 Z1.000 F500.000
G4 P100
G1 X103.055 Y207.935 F1000.000
G1 X103.192 Y208.105
G1 X103.350 Y208.160
G1 X103.547 Y208.067
G1 X103.630 Y207.840
G1 X103.575 Y207.635
G1 X101.435 Y203.620
G1 X101.180 Y203.460
G1 X100.977 Y203.542
G1 X100.890 Y203.760
G0 Z5.000 F500.000
G0 X103.714 Y204.018 F3000.000
G1 Z1.000 F500.000
G4 P100
G1 X103.650 Y204.390 F1000.000
G1 X103.695 Y204.960
G1 X103.835 Y205.535
G1 X103.982 Y205.748
G1 X104.280 Y205.815
G1 X104.449 Y205.785
G1 X104.505 Y205.695
G1 X104.325 Y204.885
G1 X104.647 Y205.107
G1 X105.030 Y205.195
G1 X105.410 Y205.058
G1 X105.580 Y204.670
G1 X106.233 Y205.755
G1 X106.470 Y205.815
G1 X106.661 Y205.773
G1 X106.725 Y205.645
G1 X106.510 Y204.320
G1 X106.550 Y204.090
G1 X106.685 Y204.010
G1 X106.910 Y204.135
G1 X107.405 Y204.600
G1 X107.507 Y204.540
G1 X107.545 Y204.375
G1 X107.450 Y204.065
G1 X106.971 Y203.611
G1 X106.525 Y203.460
G1 X106.244 Y203.517
G1 X106.053 Y203.690
G1 X105.942 Y203.958
G1 X105.905 Y204.375
G1 X105.297 Y203.710
G1 X104.957 Y203.523
G1 X104.600 Y203.460
G1 X104.209 Y203.525
G1 X103.907 Y203.720
G1 X103.714 Y204.018
G0 Z5.000 F500.000
G0 X104.385 Y204.080 F3000.000
G1 Z1.000 F500.000
G4 P100
G1 X104.645 Y203.990 F1000.000
G1 X104.955 Y204.100
G1 X105.065 Y204.405
G1 X104.994 Y204.604
G1 X104.780 Y204.670
G1 X104.483 Y204.575
G1 X104.280 Y204.355
G1 X104.385 Y204.080
G0 Z5.000 F500.000
G0 X108.400 Y204.275 F3000.000
G1 Z1.000 F500.000
G4 P100
G1 X108.446 Y204.664 F1000.000
G1 X108.801 Y205.355
G1 X109.394 Y205.771
G1 X109.730 Y205.825
G1 X109.877 Y205.782
G1 X109.940 Y205.630
G1 X110.344 Y205.606
G1 X110.405 Y205.475
G1 X110.215 Y204.175
G1 X110.252 Y204.055
G1 X110.350 Y204.010
G1 X110.580 Y204.132
G1 X111.080 Y204.600
G1 X111.183 Y204.540
G1 X111.220 Y204.375
G1 X111.125 Y204.065
G1 X110.690 Y203.635
G1 X110.245 Y203.460
G1 X109.943 Y203.572
G1 X109.735 Y203.880
G1 X109.441 Y203.565
G1 X109.080 Y203.460
G1 X108.801 Y203.516
G1 X108.585 Y203.685
G1 X108.446 Y203.945
G1 X108.400 Y204.275
G0 Z5.000 F500.000
G0 X109.088 Y204.040 F3000.000
G1 Z1.000 F500.000
G4 P100
G1 X109.260 Y203.965 F1000.000
G1 X109.470 Y204.095
G1 X109.615 Y204.440
G1 X109.800 Y205.360
G1 X109.413 Y205.202
G1 X109.130 Y204.800
G1 X109.025 Y204.270
G1 X109.088 Y204.040
G0 Z5.000 F500.000
G0 X110.825 Y204.300 F3000.000
G1 Z1.000 F500.000
G4 P100
G1 X111.010 Y205.535 F1000.000
G1 X111.157 Y205.748
G1 X111.445 Y205.815
G1 X111.585 Y205.790
G1 X111.625 Y205.695
G1 X111.420 Y204.615
G1 X111.790 Y205.315
G1 X112.192 Y205.700
G1 X112.555 Y205.815
G1 X112.799 Y205.734
G1 X112.880 Y205.490
G1 X112.675 Y204.210
G1 X112.711 Y204.060
G1 X112.820 Y204.010
G1 X113.058 Y204.132
G1 X113.560 Y204.600
G1 X113.662 Y204.540
G1 X113.700 Y204.375
G1 X113.605 Y204.065
G1 X113.142 Y203.630
G1 X112.580 Y203.460
G1 X112.356 Y203.497
G1 X112.097 Y203.788
G1 X112.065 Y204.035
G1 X112.200 Y204.970
G1 X112.145 Y205.050
G1 X111.963 Y204.882
G1 X111.722 Y204.440
G1 X111.398 Y203.542
G1 X111.170 Y203.460
G1 X111.008 Y203.510
G1 X110.903 Y203.660
G1 X110.825 Y204.300
G0 Z5.000 F500.000
G0 X113.279 Y203.949 F3000.000
G1 Z1.000 F500.000
G4 P100
G1 X113.273 Y204.666 F1000.000
G1 X113.400 Y205.023
G1 X113.868 Y205.583
G1 X114.535 Y205.840
G1 X114.673 Y206.739
G1 X114.898 Y207.498
G1 X115.207 Y208.013
G1 X115.393 Y208.142
G1 X115.797 Y208.136
G1 X115.958 Y207.990
G1 X116.064 Y207.745
G1 X116.031 Y206.792
G1 X115.825 Y206.090
G1 X115.090 Y204.550
G1 X115.178 Y204.135
G1 X115.350 Y204.010
G1 X115.625 Y204.130
G1 X116.135 Y204.600
G1 X116.238 Y204.540
G1 X116.275 Y204.375
G1 X116.180 Y204.065
G1 X115.730 Y203.637
G1 X115.245 Y203.460
G1 X114.910 Y203.571
G1 X114.665 Y203.905
G1 X114.298 Y203.550
G1 X113.930 Y203.460
G1 X113.652 Y203.517
G1 X113.428 Y203.688
G1 X113.279 Y203.949
G0 Z5.000 F500.000
G0 X113.918 Y204.056 F3000.000
G1 Z1.000 F500.000
G4 P100
G1 X114.105 Y203.965 F1000.000
G1 X114.295 Y204.042
G1 X114.535 Y204.330
G1 X114.495 Y205.325
G1 X114.243 Y205.191
G1 X113.901 Y204.659
G1 X113.855 Y204.330
G1 X113.918 Y204.056
G0 Z5.000 F500.000
G0 X115.095 Y205.335 F3000.000
G1 Z1.000 F500.000
G4 P100
G1 X115.515 Y206.435 F1000.000
G1 X115.655 Y207.295
G1 X115.545 Y207.695
G1 X115.355 Y207.357
G1 X115.095 Y205.335
G0 Z5.000 F500.000
G0 X117.310 Y206.515 F3000.000
G1 Z1.000 F500.000
G4 P100
G1 X117.448 Y206.808 F1000.000
G1 X117.790 Y206.925
G1 X118.090 Y206.835
G1 X118.205 Y206.580
G1 X118.075 Y206.262
G1 X117.730 Y206.145
G1 X117.415 Y206.243
G1 X117.310 Y206.515
G0 Z5.000 F500.000
G0 X117.480 Y205.748 F3000.000
G1 Z1.000 F500.000
G4 P100
G1 X117.755 Y205.815 F1000.000
G1 X117.953 Y205.770
G1 X118.000 Y205.645
G1 X117.785 Y204.030
G1 X118.630 Y204.590
G1 X118.733 Y204.528
G1 X118.735 Y204.190
G1 X117.690 Y203.440
G1 X117.466 Y202.511
G1 X117.185 Y201.805
G1 X116.833 Y201.359
G1 X116.395 Y201.210
G1 X116.161 Y201.249
G1 X115.859 Y201.549
G1 X115.820 Y201.780
G1 X115.889 Y202.147
G1 X116.095 Y202.537
G1 X116.491 Y202.987
G1 X117.130 Y203.530
G1 X117.370 Y205.535
G1 X117.480 Y205.748
G0 Z5.000 F500.000
G0 X117.025 Y202.940 F3000.000
G1 Z1.000 F500.000
G4 P100
G1 X116.478 Y202.352 F1000.000
G1 X116.310 Y201.890
G1 X116.345 Y201.744
G1 X116.450 Y201.695
G1 X116.586 Y201.769
G1 X116.735 Y201.990
G1 X117.025 Y202.940
G0 Z5.000 F500.000
G0 X118.823 Y203.605 F3000.000
G1 Z1.000 F500.000
G4 P100
G1 X118.500 Y203.990 F1000.000
G1 X118.390 Y204.510
G1 X118.535 Y205.188
G1 X118.935 Y205.653
G1 X119.500 Y205.820
G1 X119.843 Y205.754
G1 X120.113 Y205.558
G1 X120.297 Y205.264
G1 X120.385 Y204.910
G1 X121.015 Y205.020
G1 X121.115 Y204.955
G1 X121.114 Y204.599
G1 X121.005 Y204.505
G1 X120.345 Y204.385
G1 X120.204 Y204.007
G1 X119.970 Y203.713
G1 X119.671 Y203.523
G1 X119.335 Y203.460
G1 X118.823 Y203.605
G0 Z5.000 F500.000
G0 X119.375 Y203.990 F3000.000
G1 Z1.000 F500.000
G4 P100
G1 X119.653 Y204.120 F1000.000
G1 X119.810 Y204.495
G1 X119.573 Y204.770
G1 X119.505 Y205.290
G1 X119.303 Y205.242
G1 X119.148 Y205.097
G1 X119.015 Y204.555
G1 X119.123 Y204.135
G1 X119.375 Y203.990
G0 Z5.000 F500.000
G0 X120.715 Y204.300 F3000.000
G1 Z1.000 F500.000
G4 P100
G1 X120.920 Y205.535 F1000.000
G1 X121.040 Y205.755
G1 X121.280 Y205.815
G1 X121.471 Y205.773
G1 X121.535 Y205.645
G1 X121.320 Y204.320
G1 X121.360 Y204.090
G1 X121.495 Y204.010
G1 X121.720 Y204.135
G1 X122.215 Y204.600
G1 X122.317 Y204.540
G1 X122.355 Y204.375
G1 X122.260 Y204.065
G1 X121.781 Y203.611
G1 X121.335 Y203.460
G1 X121.054 Y203.517
G1 X120.863 Y203.690
G1 X120.715 Y204.300
G0 Z5.000 F500.000
G0 X121.375 Y206.145 F3000.000
G1 Z1.000 F500.000
G4 P100
G1 X121.060 Y206.243 F1000.000
G1 X120.955 Y206.515
G1 X121.093 Y206.808
G1 X121.435 Y206.925
G1 X121.735 Y206.835
G1 X121.850 Y206.580
G1 X121.720 Y206.262
G1 X121.375 Y206.145
G0 Z5.000 F500.000
G0 X122.293 Y205.748 F3000.000
G1 Z1.000 F500.000
G4 P100
G1 X122.580 Y205.815 F1000.000
G1 X122.720 Y205.790
G1 X122.760 Y205.695
G1 X122.555 Y204.615
G1 X122.925 Y205.315
G1 X123.328 Y205.700
G1 X123.690 Y205.815
G1 X123.934 Y205.734
G1 X124.015 Y205.490
G1 X123.810 Y204.210
G1 X123.846 Y204.060
G1 X123.955 Y204.010
G1 X124.193 Y204.132
G1 X124.695 Y204.600
G1 X124.798 Y204.540
G1 X124.835 Y204.375
G1 X124.740 Y204.065
G1 X124.278 Y203.630
G1 X124.013 Y203.502
G1 X123.491 Y203.497
G1 X123.233 Y203.788
G1 X123.200 Y204.035
G1 X123.335 Y204.970
G1 X123.280 Y205.050
G1 X123.097 Y204.882
G1 X122.858 Y204.440
G1 X122.532 Y203.542
G1 X122.305 Y203.460
G1 X122.143 Y203.510
G1 X122.038 Y203.660
G1 X121.960 Y204.300
G1 X122.006 Y204.934
G1 X122.145 Y205.535
G1 X122.293 Y205.748
G0 Z5.000 F500.000
G0 X124.205 Y204.120 F3000.000
G1 Z1.000 F500.000
G4 P100
G1 X124.685 Y204.760 F1000.000
G1 X125.110 Y205.650
G1 X125.256 Y205.815
G1 X125.505 Y205.870
G1 X125.700 Y205.845
G1 X125.755 Y205.765
G1 X125.590 Y205.235
G1 X126.048 Y204.488
G1 X126.120 Y204.025
G1 X126.830 Y204.600
G1 X126.933 Y204.540
G1 X126.970 Y204.375
G1 X126.875 Y204.065
G1 X126.398 Y203.642
G1 X125.360 Y203.350
G1 X124.963 Y203.470
G1 X124.825 Y203.740
G1 X124.920 Y203.965
G1 X125.200 Y204.060
G1 X125.485 Y204.030
G1 X125.428 Y204.275
G1 X125.145 Y204.685
G1 X124.505 Y203.825
G1 X124.315 Y203.735
G1 X124.185 Y203.792
G1 X124.135 Y203.935
G1 X124.205 Y204.120
G0 Z5.000 F500.000
G0 X127.825 Y204.275 F3000.000
G1 Z1.000 F500.000
G4 P100
G1 X127.871 Y204.664 F1000.000
G1 X128.226 Y205.355
G1 X128.819 Y205.771
G1 X129.155 Y205.825
G1 X129.303 Y205.782
G1 X129.365 Y205.630
G1 X129.769 Y205.606
G1 X129.830 Y205.475
G1 X129.640 Y204.175
G1 X129.678 Y204.055
G1 X129.775 Y204.010
G1 X130.005 Y204.132
G1 X130.505 Y204.600
G1 X130.608 Y204.540
G1 X130.645 Y204.375
G1 X130.550 Y204.065
G1 X130.115 Y203.635
G1 X129.670 Y203.460
G1 X129.368 Y203.572
G1 X129.160 Y203.880
G1 X128.866 Y203.565
G1 X128.505 Y203.460
G1 X128.226 Y203.516
G1 X128.010 Y203.685
G1 X127.871 Y203.945
G1 X127.825 Y204.275
G0 Z5.000 F500.000
G0 X128.513 Y204.040 F3000.000
G1 Z1.000 F500.000
G4 P100
G1 X128.685 Y203.965 F1000.000
G1 X128.895 Y204.095
G1 X129.040 Y204.440
G1 X129.225 Y205.360
G1 X128.838 Y205.202
G1 X128.555 Y204.800
G1 X128.450 Y204.270
G1 X128.513 Y204.040
G0 Z5.000 F500.000
G0 X130.250 Y204.300 F3000.000
G1 Z1.000 F500.000
G4 P100
G1 X130.435 Y205.535 F1000.000
G1 X130.583 Y205.748
G1 X130.870 Y205.815
G1 X131.010 Y205.790
G1 X131.050 Y205.695
G1 X130.845 Y204.615
G1 X131.215 Y205.315
G1 X131.618 Y205.700
G1 X131.980 Y205.815
G1 X132.224 Y205.734
G1 X132.305 Y205.490
G1 X132.251 Y204.794
G1 X132.345 Y204.750
G1 X132.840 Y205.035
G1 X132.943 Y204.977
G1 X132.980 Y204.825
G1 X132.880 Y204.535
G1 X132.553 Y204.287
G1 X132.155 Y204.185
G1 X131.922 Y204.219
G1 X131.649 Y204.479
G1 X131.585 Y205.050
G1 X131.388 Y204.882
G1 X131.145 Y204.440
G1 X130.823 Y203.542
G1 X130.595 Y203.460
G1 X130.433 Y203.510
G1 X130.328 Y203.660
G1 X130.250 Y204.300
G0 Z5.000 F500.000
G0 X132.513 Y204.083 F3000.000
G1 Z1.000 F500.000
G4 P100
G1 X132.440 Y204.525 F1000.000
G1 X132.585 Y205.167
G1 X132.988 Y205.640
G1 X133.570 Y205.815
G1 X133.831 Y205.772
G1 X134.035 Y205.642
G1 X134.166 Y205.439
G1 X134.210 Y205.175
G1 X134.148 Y204.854
G1 X133.963 Y204.583
G1 X133.629 Y204.361
G1 X133.125 Y204.190
G1 X133.306 Y204.018
G1 X133.600 Y203.960
G1 X134.113 Y204.118
G1 X134.745 Y204.600
G1 X134.848 Y204.540
G1 X134.885 Y204.375
G1 X134.790 Y204.065
G1 X134.268 Y203.650
G1 X133.545 Y203.460
G1 X133.079 Y203.531
G1 X132.730 Y203.745
G1 X132.513 Y204.083
G0 Z5.000 F500.000
G0 X133.045 Y204.590 F3000.000
G1 Z1.000 F500.000
G4 P100
G1 X133.510 Y204.790 F1000.000
G1 X133.638 Y204.941
G1 X133.628 Y205.267
G1 X133.485 Y205.325
G1 X133.314 Y205.271
G1 X133.173 Y205.110
G1 X133.045 Y204.590
G0 Z5.000 F500.000
G0 X22.920 Y194.728 F3000.000
G1 Z1.000 F500.000
G4 P100
G1 X22.860 Y194.486 F1000.000
G1 X22.680 Y194.358
G1 X22.190 Y194.283
G1 X21.775 Y194.343
G1 X21.110 Y193.468
G1 X20.780 Y193.363
G1 X20.597 Y193.403
G1 X20.457 Y193.523
G1 X20.310 Y194.028
G1 X20.250 Y195.428
G1 X20.340 Y195.658
G1 X20.595 Y195.723
G1 X20.788 Y195.666
G1 X20.920 Y193.978
G1 X21.370 Y194.688
G1 X21.295 Y195.033
G1 X21.370 Y195.363
G1 X21.575 Y195.623
G1 X21.870 Y195.723
G1 X22.105 Y195.620
G1 X22.195 Y195.323
G1 X22.075 Y194.808
G1 X22.765 Y194.913
G1 X22.880 Y194.863
G1 X22.920 Y194.728
G0 Z5.000 F500.000
G0 X23.205 Y194.968 F3000.000
G1 Z1.000 F500.000
G4 P100
G1 X23.085 Y194.223 F1000.000
G1 X23.125 Y193.993
G1 X23.260 Y193.913
G1 X23.485 Y194.038
G1 X23.980 Y194.503
G1 X24.083 Y194.443
G1 X24.120 Y194.278
G1 X24.025 Y193.968
G1 X23.546 Y193.514
G1 X23.100 Y193.363
G1 X22.819 Y193.421
G1 X22.628 Y193.593
G1 X22.517 Y193.861
G1 X22.538 Y194.781
G1 X22.685 Y195.438
G1 X22.805 Y195.658
G1 X23.045 Y195.718
G1 X23.236 Y195.675
G1 X23.300 Y195.548
G1 X23.205 Y194.968
G0 Z5.000 F500.000
G0 X23.140 Y196.048 F3000.000
G1 Z1.000 F500.000
G4 P100
G1 X22.825 Y196.145 F1000.000
G1 X22.720 Y196.418
G1 X22.858 Y196.710
G1 X23.200 Y196.828
G1 X23.500 Y196.738
G1 X23.615 Y196.483
G1 X23.485 Y196.166
G1 X23.140 Y196.048
G0 Z5.000 F500.000
G0 X24.395 Y195.553 F3000.000
G1 Z1.000 F500.000
G4 P100
G1 X24.541 Y195.718 F1000.000
G1 X24.790 Y195.773
G1 X24.985 Y195.748
G1 X25.040 Y195.668
G1 X24.875 Y195.138
G1 X25.333 Y194.391
G1 X25.405 Y193.928
G1 X25.980 Y194.433
G1 X26.115 Y194.503
G1 X26.218 Y194.443
G1 X26.255 Y194.278
G1 X26.160 Y193.968
G1 X25.683 Y193.546
G1 X24.645 Y193.253
G1 X24.248 Y193.373
G1 X24.110 Y193.643
G1 X24.205 Y193.868
G1 X24.485 Y193.963
G1 X24.770 Y193.933
G1 X24.713 Y194.178
G1 X24.430 Y194.588
G1 X23.790 Y193.728
G1 X23.600 Y193.638
G1 X23.470 Y193.696
G1 X23.420 Y193.838
G1 X23.490 Y194.023
G1 X23.970 Y194.663
G1 X24.395 Y195.553
G0 Z5.000 F500.000
G0 X25.900 Y194.775 F3000.000
G1 Z1.000 F500.000
G4 P100
G1 X26.065 Y195.438 F1000.000
G1 X26.205 Y195.653
G1 X26.643 Y195.683
G1 X26.685 Y195.578
G1 X26.450 Y194.273
G1 X26.555 Y194.083
G1 X26.742 Y194.233
G1 X26.983 Y194.688
G1 X27.353 Y195.653
G1 X27.760 Y195.690
G1 X27.805 Y195.588
G1 X27.540 Y194.113
G1 X27.580 Y193.965
G1 X27.685 Y193.913
G1 X27.922 Y194.036
G1 X28.425 Y194.503
G1 X28.528 Y194.443
G1 X28.565 Y194.278
G1 X28.470 Y193.968
G1 X28.008 Y193.533
G1 X27.743 Y193.406
G1 X27.237 Y193.409
G1 X27.093 Y193.548
G1 X26.980 Y194.068
G1 X26.725 Y193.546
G1 X26.360 Y193.363
G1 X26.156 Y193.415
G1 X25.886 Y193.804
G1 X25.900 Y194.775
G0 Z5.000 F500.000
G0 X28.095 Y194.178 F3000.000
G1 Z1.000 F500.000
G4 P100
G1 X28.141 Y194.567 F1000.000
G1 X28.496 Y195.258
G1 X29.089 Y195.674
G1 X29.425 Y195.728
G1 X29.573 Y195.685
G1 X29.635 Y195.533
G1 X30.039 Y195.509
G1 X30.100 Y195.378
G1 X29.910 Y194.078
G1 X29.948 Y193.958
G1 X30.045 Y193.913
G1 X30.275 Y194.036
G1 X30.775 Y194.503
G1 X30.878 Y194.443
G1 X30.915 Y194.278
G1 X30.820 Y193.968
G1 X30.385 Y193.538
G1 X29.940 Y193.363
G1 X29.638 Y193.476
G1 X29.430 Y193.783
G1 X29.136 Y193.468
G1 X28.775 Y193.363
G1 X28.496 Y193.419
G1 X28.280 Y193.588
G1 X28.141 Y193.848
G1 X28.095 Y194.178
G0 Z5.000 F500.000
G0 X28.783 Y193.943 F3000.000
G1 Z1.000 F500.000
G4 P100
G1 X28.955 Y193.868 F1000.000
G1 X29.165 Y193.998
G1 X29.310 Y194.343
G1 X29.495 Y195.263
G1 X29.108 Y195.106
G1 X28.825 Y194.703
G1 X28.720 Y194.173
G1 X28.783 Y193.943
G0 Z5.000 F500.000
G0 X30.598 Y194.222 F3000.000
G1 Z1.000 F500.000
G4 P100
G1 X30.545 Y194.798 F1000.000
G1 X30.703 Y196.188
G1 X30.898 Y196.913
G1 X31.168 Y197.528
G1 X31.504 Y197.948
G1 X31.900 Y198.088
G1 X32.114 Y198.032
G1 X32.278 Y197.865
G1 X32.381 Y197.595
G1 X32.415 Y197.228
G1 X32.333 Y196.585
G1 X32.085 Y195.848
G1 X31.696 Y195.067
G1 X31.190 Y194.293
G1 X31.305 Y194.000
G1 X31.515 Y193.913
G1 X31.875 Y194.031
G1 X32.405 Y194.503
G1 X32.508 Y194.443
G1 X32.545 Y194.278
G1 X32.450 Y193.968
G1 X31.983 Y193.533
G1 X31.410 Y193.363
G1 X31.027 Y193.463
G1 X30.758 Y193.763
G1 X30.598 Y194.222
G0 Z5.000 F500.000
G0 X31.155 Y194.968 F3000.000
G1 Z1.000 F500.000
G4 P100
G1 X31.720 Y196.141 F1000.000
G1 X31.878 Y196.702
G1 X31.930 Y197.213
G1 X31.895 Y197.498
G1 X31.790 Y197.593
G1 X31.530 Y197.178
G1 X31.275 Y196.148
G1 X31.155 Y194.968
G0 Z5.000 F500.000
G0 X32.333 Y196.188 F3000.000
G1 Z1.000 F500.000
G4 P100
G1 X32.528 Y196.913 F1000.000
G1 X32.797 Y197.528
G1 X33.134 Y197.948
G1 X33.530 Y198.088
G1 X33.744 Y198.032
G1 X33.907 Y197.865
G1 X34.011 Y197.595
G1 X34.045 Y197.228
G1 X33.963 Y196.585
G1 X33.715 Y195.848
G1 X33.326 Y195.067
G1 X32.820 Y194.293
G1 X32.935 Y194.000
G1 X33.145 Y193.913
G1 X33.505 Y194.031
G1 X34.035 Y194.503
G1 X34.138 Y194.443
G1 X34.175 Y194.278
G1 X34.080 Y193.968
G1 X33.613 Y193.533
G1 X33.343 Y193.406
G1 X33.040 Y193.363
G1 X32.657 Y193.463
G1 X32.388 Y193.763
G1 X32.228 Y194.222
G1 X32.175 Y194.798
G1 X32.333 Y196.188
G0 Z5.000 F500.000
G0 X32.785 Y194.968 F3000.000
G1 Z1.000 F500.000
G4 P100
G1 X33.350 Y196.141 F1000.000
G1 X33.508 Y196.702
G1 X33.560 Y197.213
G1 X33.525 Y197.498
G1 X33.420 Y197.593
G1 X33.160 Y197.178
G1 X32.905 Y196.148
G1 X32.785 Y194.968
G0 Z5.000 F500.000
G0 X33.985 Y195.438 F3000.000
G1 Z1.000 F500.000
G4 P100
G1 X34.125 Y195.653 F1000.000
G1 X34.410 Y195.718
G1 X34.562 Y195.683
G1 X34.605 Y195.578
G1 X34.370 Y194.273
G1 X34.475 Y194.083
G1 X34.663 Y194.233
G1 X34.903 Y194.688
G1 X35.273 Y195.653
G1 X35.520 Y195.718
G1 X35.680 Y195.688
G1 X35.725 Y195.588
G1 X35.465 Y193.923
G1 X36.215 Y194.453
G1 X36.330 Y194.493
G1 X36.433 Y194.430
G1 X36.470 Y194.273
G1 X36.325 Y193.978
G1 X35.365 Y193.333
G1 X35.146 Y192.409
G1 X34.867 Y191.706
G1 X34.518 Y191.261
G1 X34.085 Y191.113
G1 X33.854 Y191.152
G1 X33.550 Y191.452
G1 X33.510 Y191.683
G1 X33.617 Y192.163
G1 X34.017 Y192.726
G1 X34.845 Y193.453
G1 X34.940 Y194.098
G1 X34.660 Y193.550
G1 X34.475 Y193.410
G1 X34.076 Y193.415
G1 X33.913 Y193.571
G1 X33.770 Y194.088
G1 X33.820 Y194.775
G1 X33.985 Y195.438
G0 Z5.000 F500.000
G0 X34.730 Y192.853 F3000.000
G1 Z1.000 F500.000
G4 P100
G1 X34.172 Y192.261 F1000.000
G1 X34.000 Y191.793
G1 X34.032 Y191.653
G1 X34.140 Y191.598
G1 X34.273 Y191.671
G1 X34.420 Y191.888
G1 X34.730 Y192.853
G0 Z5.000 F500.000
G0 X37.610 Y193.588 F3000.000
G1 Z1.000 F500.000
G4 P100
G1 X37.471 Y193.848 F1000.000
G1 X37.425 Y194.178
G1 X37.610 Y194.935
G1 X37.826 Y195.258
G1 X38.419 Y195.674
G1 X38.755 Y195.728
G1 X38.903 Y195.685
G1 X38.965 Y195.533
G1 X39.369 Y195.509
G1 X39.430 Y195.378
G1 X39.240 Y194.078
G1 X39.278 Y193.958
G1 X39.375 Y193.913
G1 X39.605 Y194.036
G1 X39.970 Y194.433
G1 X40.105 Y194.503
G1 X40.208 Y194.443
G1 X40.245 Y194.278
G1 X40.150 Y193.968
G1 X39.715 Y193.538
G1 X39.270 Y193.363
G1 X38.968 Y193.476
G1 X38.760 Y193.783
G1 X38.466 Y193.468
G1 X38.105 Y193.363
G1 X37.826 Y193.419
G1 X37.610 Y193.588
G0 Z5.000 F500.000
G0 X38.112 Y193.943 F3000.000
G1 Z1.000 F500.000
G4 P100
G1 X38.285 Y193.868 F1000.000
G1 X38.495 Y193.998
G1 X38.640 Y194.343
G1 X38.825 Y195.263
G1 X38.438 Y195.106
G1 X38.155 Y194.703
G1 X38.050 Y194.173
G1 X38.112 Y193.943
G0 Z5.000 F500.000
G0 X39.760 Y194.373 F3000.000
G1 Z1.000 F500.000
G4 P100
G1 X39.800 Y194.753 F1000.000
G1 X40.104 Y195.353
G1 X40.335 Y195.553
G1 X40.870 Y195.718
G1 X41.297 Y195.555
G1 X41.450 Y195.138
G1 X41.358 Y194.783
G1 X41.115 Y194.638
G1 X40.963 Y194.683
G1 X40.905 Y194.808
G1 X40.922 Y195.193
G1 X40.830 Y195.228
G1 X40.615 Y195.125
G1 X40.455 Y194.848
G1 X40.395 Y194.463
G1 X40.521 Y194.028
G1 X40.900 Y193.883
G1 X41.343 Y194.020
G1 X41.945 Y194.503
G1 X42.047 Y194.443
G1 X42.085 Y194.278
G1 X41.990 Y193.968
G1 X41.732 Y193.711
G1 X41.428 Y193.520
G1 X40.795 Y193.363
G1 X40.359 Y193.432
G1 X40.032 Y193.641
G1 X39.828 Y193.962
G1 X39.760 Y194.373
G0 Z5.000 F500.000
G0 X41.600 Y194.373 F3000.000
G1 Z1.000 F500.000
G4 P100
G1 X41.640 Y194.753 F1000.000
G1 X41.944 Y195.353
G1 X42.175 Y195.553
G1 X42.710 Y195.718
G1 X43.138 Y195.555
G1 X43.290 Y195.138
G1 X43.198 Y194.783
G1 X42.955 Y194.638
G1 X42.803 Y194.683
G1 X42.745 Y194.808
G1 X42.763 Y195.193
G1 X42.670 Y195.228
G1 X42.455 Y195.125
G1 X42.295 Y194.848
G1 X42.235 Y194.463
G1 X42.361 Y194.028
G1 X42.740 Y193.883
G1 X43.183 Y194.020
G1 X43.785 Y194.503
G1 X43.888 Y194.443
G1 X43.925 Y194.278
G1 X43.830 Y193.968
G1 X43.572 Y193.711
G1 X43.267 Y193.520
G1 X42.635 Y193.363
G1 X42.199 Y193.432
G1 X41.873 Y193.641
G1 X41.668 Y193.962
G1 X41.600 Y194.373
G0 Z5.000 F500.000
G0 X43.445 Y194.428 F3000.000
G1 Z1.000 F500.000
G4 P100
G1 X43.590 Y195.071 F1000.000
G1 X43.763 Y195.337
G1 X44.267 Y195.674
G1 X44.575 Y195.718
G1 X44.836 Y195.675
G1 X45.040 Y195.546
G1 X45.171 Y195.342
G1 X45.215 Y195.078
G1 X45.153 Y194.757
G1 X44.968 Y194.486
G1 X44.634 Y194.264
G1 X44.130 Y194.093
G1 X44.311 Y193.921
G1 X44.605 Y193.863
G1 X45.117 Y194.020
G1 X45.750 Y194.503
G1 X45.852 Y194.443
G1 X45.890 Y194.278
G1 X45.795 Y193.968
G1 X45.273 Y193.553
G1 X44.550 Y193.363
G1 X44.084 Y193.434
G1 X43.735 Y193.648
G1 X43.517 Y193.986
G1 X43.445 Y194.428
G0 Z5.000 F500.000
G0 X44.050 Y194.493 F3000.000
G1 Z1.000 F500.000
G4 P100
G1 X44.515 Y194.693 F1000.000
G1 X44.642 Y194.844
G1 X44.633 Y195.171
G1 X44.490 Y195.228
G1 X44.319 Y195.174
G1 X44.178 Y195.013
G1 X44.050 Y194.493
G0 Z5.000 F500.000
G0 X45.560 Y195.433 F3000.000
G1 Z1.000 F500.000
G4 P100
G1 X45.675 Y195.663 F1000.000
G1 X45.975 Y195.748
G1 X46.128 Y195.706
G1 X46.185 Y195.353
G1 X46.500 Y195.641
G1 X46.830 Y195.728
G1 X47.084 Y195.672
G1 X47.288 Y195.503
G1 X47.421 Y195.243
G1 X47.465 Y194.913
G1 X47.380 Y194.398
G1 X47.145 Y193.943
G1 X47.320 Y193.913
G1 X47.635 Y194.033
G1 X48.155 Y194.503
G1 X48.258 Y194.443
G1 X48.295 Y194.278
G1 X48.200 Y193.968
G1 X47.738 Y193.533
G1 X47.473 Y193.406
G1 X46.935 Y193.411
G1 X46.745 Y193.553
G1 X46.150 Y193.363
G1 X46.044 Y192.477
G1 X45.855 Y191.750
G1 X45.571 Y191.265
G1 X45.180 Y191.103
G1 X44.945 Y191.152
G1 X44.780 Y191.298
G1 X44.650 Y191.838
G1 X44.875 Y192.981
G1 X45.570 Y194.418
G1 X45.560 Y195.433
G0 Z5.000 F500.000
G0 X46.180 Y194.198 F3000.000
G1 Z1.000 F500.000
G4 P100
G1 X46.175 Y193.843 F1000.000
G1 X46.508 Y194.041
G1 X46.750 Y194.430
G1 X46.840 Y194.918
G1 X46.780 Y195.145
G1 X46.620 Y195.223
G1 X46.421 Y195.128
G1 X46.185 Y194.843
G1 X46.180 Y194.198
G0 Z5.000 F500.000
G0 X45.560 Y193.643 F3000.000
G1 Z1.000 F500.000
G4 P100
G1 X45.220 Y192.688 F1000.000
G1 X45.095 Y191.923
G1 X45.133 Y191.678
G1 X45.220 Y191.593
G1 X45.344 Y191.740
G1 X45.445 Y192.180
G1 X45.560 Y193.643
G0 Z5.000 F500.000
G0 X48.345 Y193.722 F3000.000
G1 Z1.000 F500.000
G4 P100
G1 X48.154 Y194.170 F1000.000
G1 X48.105 Y195.243
G1 X47.708 Y195.298
G1 X47.655 Y195.473
G1 X47.711 Y195.683
G1 X48.165 Y195.753
G1 X48.425 Y196.758
G1 X48.848 Y197.483
G1 X49.104 Y197.685
G1 X49.380 Y197.753
G1 X49.568 Y197.707
G1 X49.710 Y197.568
G1 X49.830 Y197.103
G1 X49.789 Y196.728
G1 X49.668 Y196.378
G1 X49.180 Y195.753
G1 X49.855 Y195.718
G1 X49.855 Y195.437
G1 X49.749 Y195.329
G1 X49.325 Y195.243
G1 X48.715 Y195.243
G1 X48.736 Y194.411
G1 X48.828 Y194.123
G1 X48.986 Y193.965
G1 X49.215 Y193.913
G1 X49.595 Y194.043
G1 X50.120 Y194.503
G1 X50.223 Y194.443
G1 X50.260 Y194.278
G1 X50.165 Y193.968
G1 X49.695 Y193.533
G1 X49.110 Y193.363
G1 X48.664 Y193.453
G1 X48.345 Y193.722
G0 Z5.000 F500.000
G0 X48.765 Y195.828 F3000.000
G1 Z1.000 F500.000
G4 P100
G1 X49.208 Y196.400 F1000.000
G1 X49.355 Y196.978
G1 X49.328 Y197.199
G1 X49.245 Y197.273
G1 X49.078 Y197.085
G1 X48.903 Y196.565
G1 X48.765 Y195.828
G0 Z5.000 F500.000
G0 X50.191 Y195.258 F3000.000
G1 Z1.000 F500.000
G4 P100
G1 X50.784 Y195.674 F1000.000
G1 X51.120 Y195.728
G1 X51.268 Y195.685
G1 X51.330 Y195.533
G1 X51.734 Y195.509
G1 X51.795 Y195.378
G1 X51.605 Y194.078
G1 X51.643 Y193.958
G1 X51.740 Y193.913
G1 X51.970 Y194.036
G1 X52.470 Y194.503
G1 X52.573 Y194.443
G1 X52.610 Y194.278
G1 X52.515 Y193.968
G1 X52.080 Y193.538
G1 X51.635 Y193.363
G1 X51.333 Y193.476
G1 X51.125 Y193.783
G1 X50.831 Y193.468
G1 X50.470 Y193.363
G1 X50.191 Y193.419
G1 X49.975 Y193.588
G1 X49.836 Y193.848
G1 X49.790 Y194.178
G1 X49.836 Y194.567
G1 X50.191 Y195.258
G0 Z5.000 F500.000
G0 X50.520 Y194.703 F3000.000
G1 Z1.000 F500.000
G4 P100
G1 X50.415 Y194.173 F1000.000
G1 X50.478 Y193.943
G1 X50.650 Y193.868
G1 X50.860 Y193.998
G1 X51.005 Y194.343
G1 X51.190 Y195.263
G1 X50.803 Y195.106
G1 X50.520 Y194.703
G0 Z5.000 F500.000
G0 X52.240 Y194.863 F3000.000
G1 Z1.000 F500.000
G4 P100
G1 X52.400 Y196.266 F1000.000
G1 X52.597 Y196.967
G1 X52.868 Y197.555
G1 X53.204 Y197.955
G1 X53.600 Y198.088
G1 X53.808 Y198.039
G1 X54.075 Y197.664
G1 X54.110 Y197.378
G1 X53.955 Y196.563
G1 X53.440 Y195.713
G1 X53.744 Y195.631
G1 X53.985 Y195.435
G1 X54.153 Y195.154
G1 X54.235 Y194.813
G1 X54.865 Y194.923
G1 X54.965 Y194.858
G1 X54.965 Y194.500
G1 X54.855 Y194.408
G1 X54.195 Y194.288
G1 X54.051 Y193.913
G1 X53.818 Y193.618
G1 X53.526 Y193.427
G1 X53.205 Y193.363
G1 X52.769 Y193.459
G1 X52.470 Y193.748
G1 X52.298 Y194.219
G1 X52.240 Y194.863
G0 Z5.000 F500.000
G0 X52.865 Y194.478 F3000.000
G1 Z1.000 F500.000
G4 P100
G1 X52.973 Y194.043 F1000.000
G1 X53.225 Y193.893
G1 X53.500 Y194.023
G1 X53.660 Y194.398
G1 X53.423 Y194.673
G1 X53.360 Y195.223
G1 X53.161 Y195.172
G1 X53.003 Y195.020
G1 X52.865 Y194.478
G0 Z5.000 F500.000
G0 X52.900 Y195.373 F3000.000
G1 Z1.000 F500.000
G4 P100
G1 X53.576 Y196.877 F1000.000
G1 X53.625 Y197.263
G1 X53.588 Y197.508
G1 X53.485 Y197.593
G1 X53.268 Y197.296
G1 X53.050 Y196.488
G1 X52.900 Y195.373
G0 Z5.000 F500.000
G0 X54.763 Y196.188 F3000.000
G1 Z1.000 F500.000
G4 P100
G1 X54.958 Y196.913 F1000.000
G1 X55.228 Y197.528
G1 X55.564 Y197.948
G1 X55.960 Y198.088
G1 X56.174 Y198.032
G1 X56.338 Y197.865
G1 X56.441 Y197.595
G1 X56.475 Y197.228
G1 X56.393 Y196.585
G1 X56.145 Y195.848
G1 X55.756 Y195.067
G1 X55.250 Y194.293
G1 X55.365 Y194.000
G1 X55.575 Y193.913
G1 X55.935 Y194.031
G1 X56.465 Y194.503
G1 X56.568 Y194.443
G1 X56.605 Y194.278
G1 X56.510 Y193.968
G1 X56.043 Y193.533
G1 X55.773 Y193.406
G1 X55.470 Y193.363
G1 X55.087 Y193.463
G1 X54.818 Y193.763
G1 X54.658 Y194.222
G1 X54.605 Y194.798
G1 X54.763 Y196.188
G0 Z5.000 F500.000
G0 X55.215 Y194.968 F3000.000
G1 Z1.000 F500.000
G4 P100
G1 X55.780 Y196.141 F1000.000
G1 X55.938 Y196.702
G1 X55.990 Y197.213
G1 X55.955 Y197.498
G1 X55.850 Y197.593
G1 X55.590 Y197.178
G1 X55.335 Y196.148
G1 X55.215 Y194.968
G0 Z5.000 F500.000
G0 X56.443 Y195.337 F3000.000
G1 Z1.000 F500.000
G4 P100
G1 X56.947 Y195.674 F1000.000
G1 X57.516 Y195.675
G1 X57.720 Y195.546
G1 X57.851 Y195.342
G1 X57.895 Y195.078
G1 X57.833 Y194.757
G1 X57.648 Y194.486
G1 X57.314 Y194.264
G1 X56.810 Y194.093
G1 X56.991 Y193.921
G1 X57.285 Y193.863
G1 X57.798 Y194.020
G1 X58.430 Y194.503
G1 X58.533 Y194.443
G1 X58.570 Y194.278
G1 X58.475 Y193.968
G1 X57.953 Y193.553
G1 X57.603 Y193.411
G1 X57.230 Y193.363
G1 X56.764 Y193.434
G1 X56.415 Y193.648
G1 X56.198 Y193.986
G1 X56.125 Y194.428
G1 X56.270 Y195.071
G1 X56.443 Y195.337
G0 Z5.000 F500.000
G0 X56.858 Y195.013 F3000.000
G1 Z1.000 F500.000
G4 P100
G1 X56.730 Y194.493 F1000.000
G1 X57.195 Y194.693
G1 X57.365 Y195.018
G1 X57.313 Y195.171
G1 X57.170 Y195.228
G1 X56.999 Y195.174
G1 X56.858 Y195.013
G0 Z5.000 F500.000
G0 X58.193 Y194.158 F3000.000
G1 Z1.000 F500.000
G4 P100
G1 X58.550 Y194.293 F1000.000
G1 X58.883 Y194.185
G1 X58.995 Y193.868
G1 X58.865 Y193.500
G1 X58.510 Y193.363
G1 X58.178 Y193.483
G1 X58.065 Y193.798
G1 X58.193 Y194.158
G0 Z5.000 F500.000
G0 X24.085 Y183.898 F3000.000
G1 Z1.000 F500.000
G4 P100
G1 X24.170 Y183.558 F1000.000
G1 X24.137 Y183.203
G1 X23.785 Y180.753
G1 X23.878 Y180.441
G1 X24.125 Y180.333
G1 X24.447 Y180.443
G1 X24.955 Y180.878
G1 X25.057 Y180.818
G1 X25.095 Y180.653
G1 X25.000 Y180.343
G1 X24.485 Y179.883
G1 X23.950 Y179.738
G1 X23.584 Y179.791
G1 X23.315 Y179.951
G1 X23.150 Y180.195
G1 X23.095 Y180.503
G1 X23.175 Y181.243
G1 X22.892 Y180.596
G1 X22.543 Y180.123
G1 X22.131 Y179.834
G1 X21.660 Y179.738
G1 X21.291 Y179.796
G1 X21.025 Y179.971
G1 X20.864 Y180.243
G1 X20.810 Y180.593
G1 X21.233 Y182.778
G1 X21.223 Y183.348
G1 X21.095 Y183.408
G1 X20.745 Y183.266
G1 X20.170 Y182.733
G1 X20.047 Y182.801
G1 X19.995 Y182.953
G1 X20.135 Y183.303
G1 X20.689 Y183.828
G1 X20.998 Y183.959
G1 X21.602 Y183.957
G1 X21.808 Y183.818
G1 X21.937 Y183.589
G1 X21.980 Y183.273
G1 X21.945 Y182.803
G1 X21.530 Y180.723
G1 X21.620 Y180.468
G1 X21.875 Y180.373
G1 X22.177 Y180.453
G1 X22.483 Y180.693
G1 X22.779 Y181.111
G1 X23.052 Y181.726
G1 X23.286 Y182.538
G1 X23.562 Y183.903
G1 X23.825 Y184.003
G1 X24.085 Y183.898
G0 Z5.000 F500.000
G0 X25.032 Y182.026 F3000.000
G1 Z1.000 F500.000
G4 P100
G1 X25.320 Y182.093 F1000.000
G1 X25.460 Y182.068
G1 X25.500 Y181.973
G1 X25.295 Y180.893
G1 X25.665 Y181.593
G1 X26.067 Y181.978
G1 X26.430 Y182.093
G1 X26.674 Y182.012
G1 X26.755 Y181.768
G1 X26.550 Y180.488
G1 X26.586 Y180.338
G1 X26.695 Y180.288
G1 X26.932 Y180.411
G1 X27.435 Y180.878
G1 X27.538 Y180.818
G1 X27.575 Y180.653
G1 X27.480 Y180.343
G1 X27.017 Y179.908
G1 X26.753 Y179.781
G1 X26.231 Y179.775
G1 X25.973 Y180.066
G1 X25.940 Y180.313
G1 X26.075 Y181.248
G1 X26.020 Y181.328
G1 X25.837 Y181.161
G1 X25.598 Y180.718
G1 X25.273 Y179.821
G1 X25.045 Y179.738
G1 X24.883 Y179.788
G1 X24.777 Y179.938
G1 X24.700 Y180.578
G1 X24.746 Y181.212
G1 X24.885 Y181.813
G1 X25.032 Y182.026
G0 Z5.000 F500.000
G0 X27.148 Y180.944 F3000.000
G1 Z1.000 F500.000
G4 P100
G1 X27.477 Y181.612 F1000.000
G1 X27.742 Y181.861
G1 X28.410 Y182.118
G1 X28.548 Y183.018
G1 X28.773 Y183.776
G1 X29.082 Y184.291
G1 X29.268 Y184.420
G1 X29.672 Y184.414
G1 X29.833 Y184.268
G1 X29.939 Y184.023
G1 X29.906 Y183.071
G1 X29.700 Y182.368
G1 X28.965 Y180.828
G1 X29.053 Y180.413
G1 X29.225 Y180.288
G1 X29.500 Y180.408
G1 X30.010 Y180.878
G1 X30.112 Y180.818
G1 X30.150 Y180.653
G1 X30.055 Y180.343
G1 X29.361 Y179.783
G1 X29.120 Y179.738
G1 X28.785 Y179.849
G1 X28.540 Y180.183
G1 X28.172 Y179.828
G1 X27.805 Y179.738
G1 X27.527 Y179.795
G1 X27.303 Y179.966
G1 X27.154 Y180.228
G1 X27.148 Y180.944
G0 Z5.000 F500.000
G0 X27.730 Y180.608 F3000.000
G1 Z1.000 F500.000
G4 P100
G1 X27.793 Y180.334 F1000.000
G1 X27.980 Y180.243
G1 X28.170 Y180.321
G1 X28.410 Y180.608
G1 X28.370 Y181.603
G1 X28.118 Y181.469
G1 X27.913 Y181.236
G1 X27.730 Y180.608
G0 Z5.000 F500.000
G0 X28.970 Y181.613 F3000.000
G1 Z1.000 F500.000
G4 P100
G1 X29.390 Y182.713 F1000.000
G1 X29.530 Y183.573
G1 X29.420 Y183.973
G1 X29.230 Y183.636
G1 X28.970 Y181.613
G0 Z5.000 F500.000
G0 X29.988 Y181.713 F3000.000
G1 Z1.000 F500.000
G4 P100
G1 X30.492 Y182.049 F1000.000
G1 X31.061 Y182.050
G1 X31.265 Y181.921
G1 X31.396 Y181.718
G1 X31.440 Y181.453
G1 X31.378 Y181.133
G1 X31.192 Y180.861
G1 X30.859 Y180.639
G1 X30.355 Y180.468
G1 X30.536 Y180.296
G1 X30.830 Y180.238
G1 X31.343 Y180.396
G1 X31.975 Y180.878
G1 X32.078 Y180.818
G1 X32.115 Y180.653
G1 X32.020 Y180.343
G1 X31.498 Y179.928
G1 X31.148 Y179.786
G1 X30.775 Y179.738
G1 X30.309 Y179.809
G1 X29.960 Y180.023
G1 X29.742 Y180.361
G1 X29.670 Y180.803
G1 X29.815 Y181.446
G1 X29.988 Y181.713
G0 Z5.000 F500.000
G0 X30.402 Y181.388 F3000.000
G1 Z1.000 F500.000
G4 P100
G1 X30.275 Y180.868 F1000.000
G1 X30.740 Y181.068
G1 X30.910 Y181.393
G1 X30.858 Y181.546
G1 X30.715 Y181.603
G1 X30.544 Y181.549
G1 X30.402 Y181.388
G0 Z5.000 F500.000
G0 X31.766 Y181.212 F3000.000
G1 Z1.000 F500.000
G4 P100
G1 X31.905 Y181.813 F1000.000
G1 X32.052 Y182.026
G1 X32.340 Y182.093
G1 X32.480 Y182.068
G1 X32.520 Y181.973
G1 X32.315 Y180.893
G1 X32.685 Y181.593
G1 X33.087 Y181.978
G1 X33.450 Y182.093
G1 X33.694 Y182.012
G1 X33.775 Y181.768
G1 X33.721 Y181.072
G1 X33.815 Y181.028
G1 X34.310 Y181.313
G1 X34.413 Y181.256
G1 X34.450 Y181.103
G1 X34.350 Y180.813
G1 X34.023 Y180.566
G1 X33.625 Y180.463
G1 X33.392 Y180.497
G1 X33.119 Y180.757
G1 X33.055 Y181.328
G1 X32.858 Y181.161
G1 X32.615 Y180.718
G1 X32.292 Y179.821
G1 X32.065 Y179.738
G1 X31.903 Y179.788
G1 X31.797 Y179.938
G1 X31.720 Y180.578
G1 X31.766 Y181.212
G0 Z5.000 F500.000
G0 X34.073 Y180.597 F3000.000
G1 Z1.000 F500.000
G4 P100
G1 X34.020 Y181.173 F1000.000
G1 X34.177 Y182.563
G1 X34.372 Y183.288
G1 X34.642 Y183.903
G1 X34.979 Y184.323
G1 X35.375 Y184.463
G1 X35.589 Y184.408
G1 X35.752 Y184.241
G1 X35.856 Y183.970
G1 X35.890 Y183.603
G1 X35.807 Y182.961
G1 X35.560 Y182.223
G1 X35.171 Y181.442
G1 X34.665 Y180.668
G1 X34.780 Y180.376
G1 X34.990 Y180.288
G1 X35.350 Y180.406
G1 X35.880 Y180.878
G1 X35.982 Y180.818
G1 X36.020 Y180.653
G1 X35.925 Y180.343
G1 X35.457 Y179.908
G1 X34.885 Y179.738
G1 X34.502 Y179.838
G1 X34.232 Y180.138
G1 X34.073 Y180.597
G0 Z5.000 F500.000
G0 X34.630 Y181.343 F3000.000
G1 Z1.000 F500.000
G4 P100
G1 X35.195 Y182.516 F1000.000
G1 X35.352 Y183.078
G1 X35.405 Y183.588
G1 X35.370 Y183.873
G1 X35.265 Y183.968
G1 X35.005 Y183.553
G1 X34.750 Y182.523
G1 X34.630 Y181.343
G0 Z5.000 F500.000
G0 X35.850 Y182.793 F3000.000
G1 Z1.000 F500.000
G4 P100
G1 X35.987 Y183.086 F1000.000
G1 X36.330 Y183.203
G1 X36.630 Y183.113
G1 X36.745 Y182.858
G1 X36.615 Y182.541
G1 X36.270 Y182.423
G1 X35.955 Y182.521
G1 X35.850 Y182.793
G0 Z5.000 F500.000
G0 X36.175 Y182.093 F3000.000
G1 Z1.000 F500.000
G4 P100
G1 X36.366 Y182.051 F1000.000
G1 X36.430 Y181.923
G1 X36.215 Y180.598
G1 X36.255 Y180.368
G1 X36.390 Y180.288
G1 X36.615 Y180.413
G1 X37.110 Y180.878
G1 X37.212 Y180.818
G1 X37.250 Y180.653
G1 X37.155 Y180.343
G1 X36.676 Y179.889
G1 X36.230 Y179.738
G1 X35.949 Y179.796
G1 X35.757 Y179.968
G1 X35.610 Y180.578
G1 X35.815 Y181.813
G1 X35.935 Y182.033
G1 X36.175 Y182.093
G0 Z5.000 F500.000
G0 X37.040 Y181.813 F3000.000
G1 Z1.000 F500.000
G4 P100
G1 X37.188 Y182.026 F1000.000
G1 X37.615 Y182.068
G1 X37.655 Y181.973
G1 X37.450 Y180.893
G1 X37.820 Y181.593
G1 X38.222 Y181.978
G1 X38.585 Y182.093
G1 X38.829 Y182.012
G1 X38.910 Y181.768
G1 X38.705 Y180.488
G1 X38.741 Y180.338
G1 X38.850 Y180.288
G1 X39.087 Y180.411
G1 X39.590 Y180.878
G1 X39.692 Y180.818
G1 X39.730 Y180.653
G1 X39.635 Y180.343
G1 X39.172 Y179.908
G1 X38.908 Y179.781
G1 X38.386 Y179.775
G1 X38.127 Y180.066
G1 X38.095 Y180.313
G1 X38.230 Y181.248
G1 X38.175 Y181.328
G1 X37.992 Y181.161
G1 X37.752 Y180.718
G1 X37.427 Y179.821
G1 X37.200 Y179.738
G1 X37.038 Y179.788
G1 X36.932 Y179.938
G1 X36.855 Y180.578
G1 X37.040 Y181.813
G0 Z5.000 F500.000
G0 X39.250 Y180.803 F3000.000
G1 Z1.000 F500.000
G4 P100
G1 X39.395 Y181.446 F1000.000
G1 X39.568 Y181.713
G1 X40.072 Y182.049
G1 X40.380 Y182.093
G1 X40.641 Y182.050
G1 X40.845 Y181.921
G1 X40.976 Y181.718
G1 X41.020 Y181.453
G1 X40.958 Y181.133
G1 X40.772 Y180.861
G1 X40.439 Y180.639
G1 X39.935 Y180.468
G1 X40.116 Y180.296
G1 X40.410 Y180.238
G1 X40.922 Y180.396
G1 X41.555 Y180.878
G1 X41.657 Y180.818
G1 X41.695 Y180.653
G1 X41.600 Y180.343
G1 X41.078 Y179.928
G1 X40.355 Y179.738
G1 X39.889 Y179.809
G1 X39.540 Y180.023
G1 X39.322 Y180.361
G1 X39.250 Y180.803
G0 Z5.000 F500.000
G0 X39.855 Y180.868 F3000.000
G1 Z1.000 F500.000
G4 P100
G1 X40.320 Y181.068 F1000.000
G1 X40.447 Y181.219
G1 X40.438 Y181.546
G1 X40.295 Y181.603
G1 X40.124 Y181.549
G1 X39.982 Y181.388
G1 X39.855 Y180.868
G0 Z5.000 F500.000
G0 X42.668 Y181.156 F3000.000
G1 Z1.000 F500.000
G4 P100
G1 X42.815 Y181.813 F1000.000
G1 X42.935 Y182.033
G1 X43.175 Y182.093
G1 X43.366 Y182.051
G1 X43.430 Y181.923
G1 X43.215 Y180.598
G1 X43.255 Y180.368
G1 X43.390 Y180.288
G1 X43.615 Y180.413
G1 X44.110 Y180.878
G1 X44.212 Y180.818
G1 X44.250 Y180.653
G1 X44.155 Y180.343
G1 X43.676 Y179.889
G1 X43.230 Y179.738
G1 X42.949 Y179.796
G1 X42.758 Y179.968
G1 X42.647 Y180.236
G1 X42.668 Y181.156
G0 Z5.000 F500.000
G0 X43.270 Y182.423 F3000.000
G1 Z1.000 F500.000
G4 P100
G1 X42.955 Y182.521 F1000.000
G1 X42.850 Y182.793
G1 X42.987 Y183.086
G1 X43.330 Y183.203
G1 X43.630 Y183.113
G1 X43.745 Y182.858
G1 X43.615 Y182.541
G1 X43.270 Y182.423
G0 Z5.000 F500.000
G0 X44.525 Y181.928 F3000.000
G1 Z1.000 F500.000
G4 P100
G1 X44.671 Y182.093 F1000.000
G1 X44.920 Y182.148
G1 X45.115 Y182.123
G1 X45.170 Y182.043
G1 X45.005 Y181.513
G1 X45.462 Y180.766
G1 X45.535 Y180.303
G1 X46.110 Y180.808
G1 X46.245 Y180.878
G1 X46.347 Y180.818
G1 X46.385 Y180.653
G1 X46.290 Y180.343
G1 X45.812 Y179.921
G1 X44.775 Y179.628
G1 X44.377 Y179.748
G1 X44.240 Y180.018
G1 X44.335 Y180.243
G1 X44.615 Y180.338
G1 X44.900 Y180.308
G1 X44.843 Y180.553
G1 X44.560 Y180.963
G1 X43.920 Y180.103
G1 X43.730 Y180.013
G1 X43.600 Y180.071
G1 X43.550 Y180.213
G1 X43.620 Y180.398
G1 X44.100 Y181.038
G1 X44.525 Y181.928
G0 Z5.000 F500.000
G0 X47.340 Y181.238 F3000.000
G1 Z1.000 F500.000
G4 P100
G1 X47.500 Y182.641 F1000.000
G1 X47.697 Y183.342
G1 X47.968 Y183.931
G1 X48.304 Y184.330
G1 X48.700 Y184.463
G1 X48.907 Y184.414
G1 X49.175 Y184.039
G1 X49.210 Y183.753
G1 X49.055 Y182.938
G1 X48.540 Y182.088
G1 X48.844 Y182.006
G1 X49.085 Y181.811
G1 X49.252 Y181.529
G1 X49.335 Y181.188
G1 X49.965 Y181.298
G1 X50.065 Y181.233
G1 X50.065 Y180.876
G1 X49.955 Y180.783
G1 X49.295 Y180.663
G1 X49.151 Y180.288
G1 X48.918 Y179.993
G1 X48.626 Y179.802
G1 X48.305 Y179.738
G1 X47.869 Y179.834
G1 X47.570 Y180.123
G1 X47.397 Y180.594
G1 X47.340 Y181.238
G0 Z5.000 F500.000
G0 X47.965 Y180.853 F3000.000
G1 Z1.000 F500.000
G4 P100
G1 X48.072 Y180.418 F1000.000
G1 X48.325 Y180.268
G1 X48.600 Y180.398
G1 X48.760 Y180.773
G1 X48.522 Y181.048
G1 X48.460 Y181.598
G1 X48.261 Y181.548
G1 X48.102 Y181.396
G1 X47.965 Y180.853
G0 Z5.000 F500.000
G0 X48.000 Y181.748 F3000.000
G1 Z1.000 F500.000
G4 P100
G1 X48.676 Y183.253 F1000.000
G1 X48.725 Y183.638
G1 X48.688 Y183.883
G1 X48.585 Y183.968
G1 X48.367 Y183.671
G1 X48.150 Y182.863
G1 X48.000 Y181.748
G0 Z5.000 F500.000
G0 X49.913 Y181.713 F3000.000
G1 Z1.000 F500.000
G4 P100
G1 X50.417 Y182.049 F1000.000
G1 X50.986 Y182.050
G1 X51.190 Y181.921
G1 X51.321 Y181.718
G1 X51.365 Y181.453
G1 X51.303 Y181.133
G1 X51.117 Y180.861
G1 X50.784 Y180.639
G1 X50.280 Y180.468
G1 X50.461 Y180.296
G1 X50.755 Y180.238
G1 X51.267 Y180.396
G1 X51.900 Y180.878
G1 X52.002 Y180.818
G1 X52.040 Y180.653
G1 X51.945 Y180.343
G1 X51.422 Y179.928
G1 X51.073 Y179.786
G1 X50.700 Y179.738
G1 X50.234 Y179.809
G1 X49.885 Y180.023
G1 X49.667 Y180.361
G1 X49.595 Y180.803
G1 X49.740 Y181.446
G1 X49.913 Y181.713
G0 Z5.000 F500.000
G0 X50.328 Y181.388 F3000.000
G1 Z1.000 F500.000
G4 P100
G1 X50.200 Y180.868 F1000.000
G1 X50.665 Y181.068
G1 X50.835 Y181.393
G1 X50.782 Y181.546
G1 X50.640 Y181.603
G1 X50.469 Y181.549
G1 X50.328 Y181.388
G0 Z5.000 F500.000
G0 X51.670 Y181.173 F3000.000
G1 Z1.000 F500.000
G4 P100
G1 X51.828 Y182.563 F1000.000
G1 X52.023 Y183.288
G1 X52.293 Y183.903
G1 X52.629 Y184.323
G1 X53.025 Y184.463
G1 X53.239 Y184.408
G1 X53.403 Y184.241
G1 X53.506 Y183.970
G1 X53.540 Y183.603
G1 X53.458 Y182.961
G1 X53.210 Y182.223
G1 X52.821 Y181.442
G1 X52.315 Y180.668
G1 X52.430 Y180.376
G1 X52.640 Y180.288
G1 X53.000 Y180.406
G1 X53.530 Y180.878
G1 X53.633 Y180.818
G1 X53.670 Y180.653
G1 X53.575 Y180.343
G1 X53.108 Y179.908
G1 X52.838 Y179.781
G1 X52.535 Y179.738
G1 X52.152 Y179.838
G1 X51.883 Y180.138
G1 X51.723 Y180.597
G1 X51.670 Y181.173
G0 Z5.000 F500.000
G0 X52.280 Y181.343 F3000.000
G1 Z1.000 F500.000
G4 P100
G1 X52.845 Y182.516 F1000.000
G1 X53.003 Y183.078
G1 X53.055 Y183.588
G1 X53.020 Y183.873
G1 X52.915 Y183.968
G1 X52.655 Y183.553
G1 X52.400 Y182.523
G1 X52.280 Y181.343
G0 Z5.000 F500.000
G0 X53.508 Y181.731 F3000.000
G1 Z1.000 F500.000
G4 P100
G1 X54.004 Y182.056 F1000.000
G1 X54.300 Y182.098
G1 X54.643 Y182.033
G1 X54.913 Y181.836
G1 X55.097 Y181.543
G1 X55.185 Y181.188
G1 X55.815 Y181.298
G1 X55.915 Y181.233
G1 X55.914 Y180.877
G1 X55.805 Y180.783
G1 X55.145 Y180.663
G1 X55.004 Y180.285
G1 X54.770 Y179.991
G1 X54.471 Y179.801
G1 X53.857 Y179.774
G1 X53.623 Y179.883
G1 X53.300 Y180.268
G1 X53.190 Y180.788
G1 X53.335 Y181.466
G1 X53.508 Y181.731
G0 Z5.000 F500.000
G0 X53.848 Y181.144 F3000.000
G1 Z1.000 F500.000
G4 P100
G1 X53.815 Y180.833 F1000.000
G1 X53.923 Y180.413
G1 X54.175 Y180.268
G1 X54.453 Y180.398
G1 X54.610 Y180.773
G1 X54.373 Y181.048
G1 X54.305 Y181.568
G1 X54.103 Y181.520
G1 X53.948 Y181.376
G1 X53.848 Y181.144
G0 Z5.000 F500.000
G0 X55.530 Y181.628 F3000.000
G1 Z1.000 F500.000
G4 P100
G1 X55.620 Y182.033 F1000.000
G1 X55.875 Y182.098
G1 X56.068 Y182.041
G1 X56.200 Y180.353
G1 X56.825 Y181.843
G1 X56.958 Y182.046
G1 X57.145 Y182.098
G1 X57.333 Y182.043
G1 X57.385 Y181.848
G1 X57.455 Y180.353
G1 X57.905 Y181.063
G1 X57.830 Y181.408
G1 X57.905 Y181.738
G1 X58.110 Y181.998
G1 X58.405 Y182.098
G1 X58.640 Y181.996
G1 X58.730 Y181.698
G1 X58.610 Y181.183
G1 X59.300 Y181.288
G1 X59.415 Y181.238
G1 X59.455 Y181.103
G1 X59.395 Y180.861
G1 X59.215 Y180.733
G1 X58.725 Y180.658
G1 X58.310 Y180.718
G1 X57.648 Y179.843
G1 X57.325 Y179.738
G1 X57.023 Y179.893
G1 X56.870 Y180.768
G1 X56.593 Y180.128
G1 X56.348 Y179.823
G1 X56.060 Y179.738
G1 X55.738 Y179.898
G1 X55.590 Y180.403
G1 X55.530 Y181.628
G0 Z5.000 F500.000
G0 X60.110 Y181.848 F3000.000
G1 Z1.000 F500.000
G4 P100
G1 X60.166 Y182.058 F1000.000
G1 X60.620 Y182.128
G1 X60.880 Y183.133
G1 X61.303 Y183.858
G1 X61.559 Y184.061
G1 X61.835 Y184.128
G1 X62.023 Y184.082
G1 X62.165 Y183.943
G1 X62.285 Y183.478
G1 X62.244 Y183.103
G1 X62.123 Y182.753
G1 X61.635 Y182.128
G1 X62.310 Y182.093
G1 X62.310 Y181.812
G1 X62.204 Y181.704
G1 X61.780 Y181.618
G1 X61.170 Y181.618
G1 X61.191 Y180.786
G1 X61.283 Y180.498
G1 X61.441 Y180.341
G1 X61.670 Y180.288
G1 X62.050 Y180.418
G1 X62.575 Y180.878
G1 X62.678 Y180.818
G1 X62.715 Y180.653
G1 X62.620 Y180.343
G1 X62.150 Y179.908
G1 X61.876 Y179.781
G1 X61.565 Y179.738
G1 X61.119 Y179.828
G1 X60.800 Y180.097
G1 X60.609 Y180.545
G1 X60.560 Y181.618
G1 X60.163 Y181.673
G1 X60.110 Y181.848
G0 Z5.000 F500.000
G0 X61.220 Y182.203 F3000.000
G1 Z1.000 F500.000
G4 P100
G1 X61.663 Y182.776 F1000.000
G1 X61.810 Y183.353
G1 X61.783 Y183.574
G1 X61.700 Y183.648
G1 X61.533 Y183.461
G1 X61.358 Y182.941
G1 X61.220 Y182.203
G0 Z5.000 F500.000
G0 X62.553 Y181.713 F3000.000
G1 Z1.000 F500.000
G4 P100
G1 X63.057 Y182.049 F1000.000
G1 X63.626 Y182.050
G1 X63.830 Y181.921
G1 X63.961 Y181.718
G1 X64.005 Y181.453
G1 X63.943 Y181.133
G1 X63.758 Y180.861
G1 X63.424 Y180.639
G1 X62.920 Y180.468
G1 X63.101 Y180.296
G1 X63.395 Y180.238
G1 X63.908 Y180.396
G1 X64.540 Y180.878
G1 X64.643 Y180.818
G1 X64.680 Y180.653
G1 X64.585 Y180.343
G1 X64.063 Y179.928
G1 X63.713 Y179.786
G1 X63.340 Y179.738
G1 X62.874 Y179.809
G1 X62.525 Y180.023
G1 X62.308 Y180.361
G1 X62.235 Y180.803
G1 X62.380 Y181.446
G1 X62.553 Y181.713
G0 Z5.000 F500.000
G0 X62.968 Y181.388 F3000.000
G1 Z1.000 F500.000
G4 P100
G1 X62.840 Y180.868 F1000.000
G1 X63.305 Y181.068
G1 X63.475 Y181.393
G1 X63.423 Y181.546
G1 X63.280 Y181.603
G1 X63.109 Y181.549
G1 X62.968 Y181.388
G0 Z5.000 F500.000
G0 X64.450 Y181.568 F3000.000
G1 Z1.000 F500.000
G4 P100
G1 X64.489 Y181.796 F1000.000
G1 X64.783 Y182.077
G1 X65.005 Y182.113
G1 X65.385 Y182.011
G1 X65.645 Y181.713
G1 X65.983 Y182.013
G1 X66.350 Y182.113
G1 X66.648 Y182.023
G1 X66.750 Y181.733
G1 X66.665 Y181.381
G1 X66.460 Y181.253
G1 X66.310 Y181.298
G1 X66.150 Y181.548
G1 X66.023 Y181.436
G1 X65.860 Y180.753
G1 X65.973 Y180.391
G1 X66.280 Y180.263
G1 X66.648 Y180.396
G1 X67.185 Y180.878
G1 X67.288 Y180.818
G1 X67.325 Y180.653
G1 X67.230 Y180.343
G1 X66.748 Y179.911
G1 X66.468 Y179.781
G1 X66.155 Y179.738
G1 X65.703 Y179.833
G1 X65.390 Y180.103
G1 X65.079 Y179.833
G1 X64.715 Y179.743
G1 X64.469 Y179.783
G1 X64.160 Y180.089
G1 X64.120 Y180.328
G1 X64.235 Y180.733
G1 X64.374 Y180.849
G1 X64.695 Y180.854
G1 X64.715 Y180.423
G1 X64.845 Y180.273
G1 X65.028 Y180.386
G1 X65.173 Y180.693
G1 X65.230 Y181.123
G1 X65.185 Y181.426
G1 X65.075 Y181.548
G1 X64.865 Y181.301
G1 X64.690 Y181.253
G1 X64.515 Y181.331
G1 X64.450 Y181.568
G0 Z5.000 F500.000
G0 X66.685 Y181.848 F3000.000
G1 Z1.000 F500.000
G4 P100
G1 X66.741 Y182.058 F1000.000
G1 X67.195 Y182.128
G1 X67.455 Y183.133
G1 X67.878 Y183.858
G1 X68.134 Y184.061
G1 X68.410 Y184.128
G1 X68.598 Y184.082
G1 X68.740 Y183.943
G1 X68.860 Y183.478
G1 X68.819 Y183.103
G1 X68.698 Y182.753
G1 X68.210 Y182.128
G1 X68.885 Y182.093
G1 X68.885 Y181.812
G1 X68.779 Y181.704
G1 X68.355 Y181.618
G1 X67.745 Y181.618
G1 X67.766 Y180.786
G1 X67.858 Y180.498
G1 X68.016 Y180.341
G1 X68.245 Y180.288
G1 X68.625 Y180.418
G1 X69.150 Y180.878
G1 X69.253 Y180.818
G1 X69.290 Y180.653
G1 X69.195 Y180.343
G1 X68.725 Y179.908
G1 X68.451 Y179.781
G1 X68.140 Y179.738
G1 X67.694 Y179.828
G1 X67.375 Y180.097
G1 X67.184 Y180.545
G1 X67.135 Y181.618
G1 X66.738 Y181.673
G1 X66.685 Y181.848
G0 Z5.000 F500.000
G0 X67.795 Y182.203 F3000.000
G1 Z1.000 F500.000
G4 P100
G1 X68.238 Y182.776 F1000.000
G1 X68.385 Y183.353
G1 X68.358 Y183.574
G1 X68.275 Y183.648
G1 X68.108 Y183.461
G1 X67.933 Y182.941
G1 X67.795 Y182.203
G0 Z5.000 F500.000
G0 X69.088 Y181.958 F3000.000
G1 Z1.000 F500.000
G4 P100
G1 X69.445 Y182.093 F1000.000
G1 X69.778 Y181.986
G1 X69.890 Y181.668
G1 X69.760 Y181.301
G1 X69.405 Y181.163
G1 X69.073 Y181.283
G1 X68.960 Y181.598
G1 X69.088 Y181.958
G0 Z5.000 F500.000
G0 X69.270 Y180.668 F3000.000
G1 Z1.000 F500.000
G4 P100
G1 X69.543 Y180.571 F1000.000
G1 X69.635 Y180.308
G1 X69.530 Y179.843
G1 X69.275 Y179.278
G1 X69.118 Y179.033
G1 X68.965 Y178.973
G1 X68.790 Y179.023
G1 X68.725 Y179.183
G1 X68.850 Y180.148
G1 X68.968 Y180.533
G1 X69.270 Y180.668
G0 Z5.000 F500.000
G0 X71.200 Y180.213 F3000.000
G1 Z1.000 F500.000
G4 P100
G1 X71.750 Y181.038 F1000.000
G1 X72.175 Y181.928
G1 X72.321 Y182.093
G1 X72.570 Y182.148
G1 X72.765 Y182.123
G1 X72.820 Y182.043
G1 X72.655 Y181.513
G1 X73.113 Y180.766
G1 X73.185 Y180.303
G1 X73.895 Y180.878
G1 X73.998 Y180.818
G1 X74.035 Y180.653
G1 X73.940 Y180.343
G1 X73.463 Y179.921
G1 X72.425 Y179.628
G1 X72.028 Y179.748
G1 X71.890 Y180.018
G1 X71.985 Y180.243
G1 X72.265 Y180.338
G1 X72.550 Y180.308
G1 X72.493 Y180.553
G1 X72.210 Y180.963
G1 X71.570 Y180.103
G1 X71.380 Y180.013
G1 X71.250 Y180.071
G1 X71.200 Y180.213
G0 Z5.000 F500.000
G0 X73.894 Y180.545 F3000.000
G1 Z1.000 F500.000
G4 P100
G1 X73.845 Y181.618 F1000.000
G1 X73.448 Y181.673
G1 X73.395 Y181.848
G1 X73.451 Y182.058
G1 X73.905 Y182.128
G1 X74.165 Y183.133
G1 X74.588 Y183.858
G1 X74.844 Y184.061
G1 X75.120 Y184.128
G1 X75.308 Y184.082
G1 X75.450 Y183.943
G1 X75.570 Y183.478
G1 X75.529 Y183.103
G1 X75.408 Y182.753
G1 X74.920 Y182.128
G1 X75.595 Y182.093
G1 X75.595 Y181.812
G1 X75.489 Y181.704
G1 X75.065 Y181.618
G1 X74.455 Y181.618
G1 X74.476 Y180.786
G1 X74.568 Y180.498
G1 X74.726 Y180.341
G1 X74.955 Y180.288
G1 X75.335 Y180.418
G1 X75.860 Y180.878
G1 X75.963 Y180.818
G1 X76.000 Y180.653
G1 X75.905 Y180.343
G1 X75.435 Y179.908
G1 X74.850 Y179.738
G1 X74.404 Y179.828
G1 X74.085 Y180.097
G1 X73.894 Y180.545
G0 Z5.000 F500.000
G0 X74.505 Y182.203 F3000.000
G1 Z1.000 F500.000
G4 P100
G1 X74.948 Y182.776 F1000.000
G1 X75.095 Y183.353
G1 X75.068 Y183.574
G1 X74.985 Y183.648
G1 X74.818 Y183.461
G1 X74.643 Y182.941
G1 X74.505 Y182.203
G0 Z5.000 F500.000
G0 X75.938 Y182.026 F3000.000
G1 Z1.000 F500.000
G4 P100
G1 X76.225 Y182.093 F1000.000
G1 X76.365 Y182.068
G1 X76.405 Y181.973
G1 X76.200 Y180.893
G1 X76.570 Y181.593
G1 X76.973 Y181.978
G1 X77.335 Y182.093
G1 X77.579 Y182.012
G1 X77.660 Y181.768
G1 X77.606 Y181.072
G1 X77.700 Y181.028
G1 X78.195 Y181.313
G1 X78.298 Y181.256
G1 X78.335 Y181.103
G1 X78.235 Y180.813
G1 X77.908 Y180.566
G1 X77.510 Y180.463
G1 X77.277 Y180.497
G1 X77.004 Y180.757
G1 X76.940 Y181.328
G1 X76.743 Y181.161
G1 X76.500 Y180.718
G1 X76.178 Y179.821
G1 X75.950 Y179.738
G1 X75.788 Y179.788
G1 X75.683 Y179.938
G1 X75.605 Y180.578
G1 X75.651 Y181.212
G1 X75.790 Y181.813
G1 X75.938 Y182.026
G0 Z5.000 F500.000
G0 X77.923 Y181.156 F3000.000
G1 Z1.000 F500.000
G4 P100
G1 X78.070 Y181.813 F1000.000
G1 X78.190 Y182.033
G1 X78.430 Y182.093
G1 X78.621 Y182.051
G1 X78.685 Y181.923
G1 X78.470 Y180.598
G1 X78.510 Y180.368
G1 X78.645 Y180.288
G1 X78.870 Y180.413
G1 X79.365 Y180.878
G1 X79.468 Y180.818
G1 X79.505 Y180.653
G1 X79.410 Y180.343
G1 X78.931 Y179.889
G1 X78.485 Y179.738
G1 X78.204 Y179.796
G1 X78.013 Y179.968
G1 X77.902 Y180.236
G1 X77.923 Y181.156
G0 Z5.000 F500.000
G0 X78.525 Y182.423 F3000.000
G1 Z1.000 F500.000
G4 P100
G1 X78.210 Y182.521 F1000.000
G1 X78.105 Y182.793
G1 X78.243 Y183.086
G1 X78.585 Y183.203
G1 X78.885 Y183.113
G1 X79.000 Y182.858
G1 X78.870 Y182.541
G1 X78.525 Y182.423
G0 Z5.000 F500.000
G0 X79.293 Y182.493 F3000.000
G1 Z1.000 F500.000
G4 P100
G1 X79.488 Y183.261 F1000.000
G1 X79.758 Y183.896
G1 X80.096 Y184.321
G1 X80.495 Y184.463
G1 X80.703 Y184.414
G1 X80.974 Y184.039
G1 X80.936 Y183.239
G1 X80.715 Y182.706
G1 X79.755 Y181.438
G1 X79.740 Y180.903
G1 X79.998 Y181.443
G1 X80.290 Y181.811
G1 X80.590 Y182.023
G1 X80.870 Y182.093
G1 X81.096 Y182.051
G1 X81.387 Y181.733
G1 X81.425 Y181.503
G1 X81.285 Y180.998
G1 X80.805 Y180.588
G1 X80.928 Y180.371
G1 X81.175 Y180.288
G1 X81.475 Y180.408
G1 X81.990 Y180.878
G1 X82.093 Y180.818
G1 X82.130 Y180.653
G1 X82.035 Y180.343
G1 X81.580 Y179.903
G1 X81.329 Y179.779
G1 X80.688 Y179.793
G1 X80.415 Y179.958
G1 X80.239 Y180.214
G1 X80.180 Y180.543
G1 X80.230 Y180.711
G1 X80.695 Y181.026
G1 X80.790 Y181.288
G1 X80.660 Y181.468
G1 X80.363 Y181.273
G1 X80.060 Y180.771
G1 X79.713 Y179.821
G1 X79.485 Y179.738
G1 X79.258 Y179.851
G1 X79.160 Y180.198
G1 X79.135 Y180.888
G1 X79.293 Y182.493
G0 Z5.000 F500.000
G0 X79.810 Y182.063 F3000.000
G1 Z1.000 F500.000
G4 P100
G1 X80.323 Y182.858 F1000.000
G1 X80.474 Y183.268
G1 X80.525 Y183.638
G1 X80.490 Y183.883
G1 X80.390 Y183.968
G1 X80.190 Y183.711
G1 X79.978 Y183.016
G1 X79.810 Y182.063
G0 Z5.000 F500.000
G0 X81.968 Y181.713 F3000.000
G1 Z1.000 F500.000
G4 P100
G1 X82.472 Y182.049 F1000.000
G1 X83.041 Y182.050
G1 X83.245 Y181.921
G1 X83.376 Y181.718
G1 X83.420 Y181.453
G1 X83.358 Y181.133
G1 X83.173 Y180.861
G1 X82.839 Y180.639
G1 X82.335 Y180.468
G1 X82.516 Y180.296
G1 X82.810 Y180.238
G1 X83.323 Y180.396
G1 X83.955 Y180.878
G1 X84.058 Y180.818
G1 X84.095 Y180.653
G1 X84.000 Y180.343
G1 X83.478 Y179.928
G1 X83.128 Y179.786
G1 X82.755 Y179.738
G1 X82.289 Y179.809
G1 X81.940 Y180.023
G1 X81.723 Y180.361
G1 X81.650 Y180.803
G1 X81.795 Y181.446
G1 X81.968 Y181.713
G0 Z5.000 F500.000
G0 X82.383 Y181.388 F3000.000
G1 Z1.000 F500.000
G4 P100
G1 X82.255 Y180.868 F1000.000
G1 X82.720 Y181.068
G1 X82.890 Y181.393
G1 X82.838 Y181.546
G1 X82.695 Y181.603
G1 X82.524 Y181.549
G1 X82.383 Y181.388
G0 Z5.000 F500.000
G0 X84.975 Y181.128 F3000.000
G1 Z1.000 F500.000
G4 P100
G1 X85.095 Y181.458 F1000.000
G1 X85.510 Y181.928
G1 X85.771 Y182.052
G1 X86.289 Y182.053
G1 X86.587 Y181.745
G1 X86.625 Y181.513
G1 X86.533 Y181.158
G1 X86.290 Y181.013
G1 X86.138 Y181.058
G1 X86.098 Y181.568
G1 X86.005 Y181.603
G1 X85.790 Y181.501
G1 X85.630 Y181.223
G1 X85.570 Y180.838
G1 X85.696 Y180.403
G1 X86.075 Y180.258
G1 X86.518 Y180.396
G1 X87.120 Y180.878
G1 X87.223 Y180.818
G1 X87.260 Y180.653
G1 X87.165 Y180.343
G1 X86.603 Y179.896
G1 X85.970 Y179.738
G1 X85.534 Y179.808
G1 X85.208 Y180.016
G1 X85.003 Y180.338
G1 X84.935 Y180.748
G1 X84.975 Y181.128
G0 Z5.000 F500.000
G0 X86.865 Y180.578 F3000.000
G1 Z1.000 F500.000
G4 P100
G1 X87.050 Y181.813 F1000.000
G1 X87.198 Y182.026
G1 X87.485 Y182.093
G1 X87.625 Y182.068
G1 X87.665 Y181.973
G1 X87.460 Y180.893
G1 X87.830 Y181.593
G1 X88.233 Y181.978
G1 X88.595 Y182.093
G1 X88.839 Y182.012
G1 X88.920 Y181.768
G1 X88.866 Y181.072
G1 X88.960 Y181.028
G1 X89.455 Y181.313
G1 X89.558 Y181.256
G1 X89.595 Y181.103
G1 X89.495 Y180.813
G1 X89.168 Y180.566
G1 X88.770 Y180.463
G1 X88.537 Y180.497
G1 X88.264 Y180.757
G1 X88.200 Y181.328
G1 X88.003 Y181.161
G1 X87.760 Y180.718
G1 X87.438 Y179.821
G1 X87.210 Y179.738
G1 X87.048 Y179.788
G1 X86.943 Y179.938
G1 X86.865 Y180.578
G0 Z5.000 F500.000
G0 X89.165 Y180.268 F3000.000
G1 Z1.000 F500.000
G4 P100
G1 X89.055 Y180.788 F1000.000
G1 X89.200 Y181.466
G1 X89.373 Y181.731
G1 X89.869 Y182.056
G1 X90.165 Y182.098
G1 X90.508 Y182.033
G1 X90.778 Y181.836
G1 X90.962 Y181.543
G1 X91.050 Y181.188
G1 X91.680 Y181.298
G1 X91.780 Y181.233
G1 X91.779 Y180.877
G1 X91.670 Y180.783
G1 X91.010 Y180.663
G1 X90.869 Y180.285
G1 X90.635 Y179.991
G1 X90.336 Y179.801
G1 X89.722 Y179.774
G1 X89.488 Y179.883
G1 X89.165 Y180.268
G0 Z5.000 F500.000
G0 X89.788 Y180.413 F3000.000
G1 Z1.000 F500.000
G4 P100
G1 X90.040 Y180.268 F1000.000
G1 X90.318 Y180.398
G1 X90.475 Y180.773
G1 X90.238 Y181.048
G1 X90.170 Y181.568
G1 X89.968 Y181.520
G1 X89.813 Y181.376
G1 X89.713 Y181.144
G1 X89.680 Y180.833
G1 X89.788 Y180.413
G0 Z5.000 F500.000
G0 X91.090 Y180.213 F3000.000
G1 Z1.000 F500.000
G4 P100
G1 X91.640 Y181.038 F1000.000
G1 X92.065 Y181.928
G1 X92.211 Y182.093
G1 X92.460 Y182.148
G1 X92.655 Y182.123
G1 X92.710 Y182.043
G1 X92.545 Y181.513
G1 X93.003 Y180.766
G1 X93.075 Y180.303
G1 X93.785 Y180.878
G1 X93.888 Y180.818
G1 X93.925 Y180.653
G1 X93.830 Y180.343
G1 X93.353 Y179.921
G1 X92.315 Y179.628
G1 X91.918 Y179.748
G1 X91.780 Y180.018
G1 X91.875 Y180.243
G1 X92.155 Y180.338
G1 X92.440 Y180.308
G1 X92.383 Y180.553
G1 X92.100 Y180.963
G1 X91.460 Y180.103
G1 X91.270 Y180.013
G1 X91.140 Y180.071
G1 X91.090 Y180.213
G0 Z5.000 F500.000
G0 X93.225 Y180.213 F3000.000
G1 Z1.000 F500.000
G4 P100
G1 X93.775 Y181.038 F1000.000
G1 X94.200 Y181.928
G1 X94.346 Y182.093
G1 X94.595 Y182.148
G1 X94.790 Y182.123
G1 X94.845 Y182.043
G1 X94.680 Y181.513
G1 X95.138 Y180.766
G1 X95.210 Y180.303
G1 X95.920 Y180.878
G1 X96.023 Y180.818
G1 X96.060 Y180.653
G1 X95.965 Y180.343
G1 X95.488 Y179.921
G1 X94.450 Y179.628
G1 X94.053 Y179.748
G1 X93.915 Y180.018
G1 X94.010 Y180.243
G1 X94.290 Y180.338
G1 X94.575 Y180.308
G1 X94.518 Y180.553
G1 X94.235 Y180.963
G1 X93.595 Y180.103
G1 X93.405 Y180.013
G1 X93.275 Y180.071
G1 X93.225 Y180.213
G0 Z5.000 F500.000
G0 X95.653 Y180.361 F3000.000
G1 Z1.000 F500.000
G4 P100
G1 X95.580 Y180.803 F1000.000
G1 X95.725 Y181.446
G1 X96.128 Y181.918
G1 X96.710 Y182.093
G1 X96.971 Y182.050
G1 X97.175 Y181.921
G1 X97.306 Y181.718
G1 X97.350 Y181.453
G1 X97.288 Y181.133
G1 X97.103 Y180.861
G1 X96.769 Y180.639
G1 X96.265 Y180.468
G1 X96.446 Y180.296
G1 X96.740 Y180.238
G1 X97.253 Y180.396
G1 X97.885 Y180.878
G1 X97.988 Y180.818
G1 X98.025 Y180.653
G1 X97.930 Y180.343
G1 X97.408 Y179.928
G1 X96.685 Y179.738
G1 X96.219 Y179.809
G1 X95.870 Y180.023
G1 X95.653 Y180.361
G0 Z5.000 F500.000
G0 X96.185 Y180.868 F3000.000
G1 Z1.000 F500.000
G4 P100
G1 X96.650 Y181.068 F1000.000
G1 X96.778 Y181.219
G1 X96.768 Y181.546
G1 X96.625 Y181.603
G1 X96.454 Y181.549
G1 X96.313 Y181.388
G1 X96.185 Y180.868
G0 Z5.000 F500.000
G0 X97.460 Y180.478 F3000.000
G1 Z1.000 F500.000
G4 P100
G1 X97.875 Y181.038 F1000.000
G1 X98.300 Y181.928
G1 X98.446 Y182.093
G1 X98.695 Y182.148
G1 X98.890 Y182.123
G1 X98.945 Y182.043
G1 X98.780 Y181.513
G1 X99.238 Y180.766
G1 X99.310 Y180.303
G1 X100.020 Y180.878
G1 X100.123 Y180.818
G1 X100.160 Y180.653
G1 X100.065 Y180.343
G1 X99.588 Y179.921
G1 X98.550 Y179.628
G1 X98.153 Y179.748
G1 X98.015 Y180.018
G1 X98.110 Y180.243
G1 X98.390 Y180.338
G1 X98.675 Y180.308
G1 X98.618 Y180.553
G1 X98.335 Y180.963
G1 X98.028 Y180.473
G1 X97.695 Y180.103
G1 X97.505 Y180.013
G1 X97.375 Y180.071
G1 X97.325 Y180.213
G1 X97.460 Y180.478
G0 Z5.000 F500.000
G0 X100.898 Y181.673 F3000.000
G1 Z1.000 F500.000
G4 P100
G1 X100.845 Y181.848 F1000.000
G1 X100.901 Y182.058
G1 X101.355 Y182.128
G1 X101.615 Y183.133
G1 X102.038 Y183.858
G1 X102.294 Y184.061
G1 X102.570 Y184.128
G1 X102.758 Y184.082
G1 X102.900 Y183.943
G1 X103.020 Y183.478
G1 X102.979 Y183.103
G1 X102.858 Y182.753
G1 X102.370 Y182.128
G1 X103.045 Y182.093
G1 X103.045 Y181.812
G1 X102.939 Y181.704
G1 X102.515 Y181.618
G1 X101.905 Y181.618
G1 X101.926 Y180.786
G1 X102.018 Y180.498
G1 X102.176 Y180.341
G1 X102.405 Y180.288
G1 X102.785 Y180.418
G1 X103.310 Y180.878
G1 X103.413 Y180.818
G1 X103.450 Y180.653
G1 X103.355 Y180.343
G1 X102.885 Y179.908
G1 X102.611 Y179.781
G1 X102.300 Y179.738
G1 X101.854 Y179.828
G1 X101.535 Y180.097
G1 X101.344 Y180.545
G1 X101.295 Y181.618
G1 X100.898 Y181.673
G0 Z5.000 F500.000
G0 X101.955 Y182.203 F3000.000
G1 Z1.000 F500.000
G4 P100
G1 X102.398 Y182.776 F1000.000
G1 X102.545 Y183.353
G1 X102.518 Y183.574
G1 X102.435 Y183.648
G1 X102.268 Y183.461
G1 X102.093 Y182.941
G1 X101.955 Y182.203
G0 Z5.000 F500.000
G0 X103.288 Y181.713 F3000.000
G1 Z1.000 F500.000
G4 P100
G1 X103.792 Y182.049 F1000.000
G1 X104.361 Y182.050
G1 X104.565 Y181.921
G1 X104.696 Y181.718
G1 X104.740 Y181.453
G1 X104.678 Y181.133
G1 X104.493 Y180.861
G1 X104.159 Y180.639
G1 X103.655 Y180.468
G1 X103.836 Y180.296
G1 X104.130 Y180.238
G1 X104.643 Y180.396
G1 X105.275 Y180.878
G1 X105.378 Y180.818
G1 X105.415 Y180.653
G1 X105.320 Y180.343
G1 X104.798 Y179.928
G1 X104.448 Y179.786
G1 X104.075 Y179.738
G1 X103.609 Y179.809
G1 X103.260 Y180.023
G1 X103.043 Y180.361
G1 X102.970 Y180.803
G1 X103.115 Y181.446
G1 X103.288 Y181.713
G0 Z5.000 F500.000
G0 X103.703 Y181.388 F3000.000
G1 Z1.000 F500.000
G4 P100
G1 X103.575 Y180.868 F1000.000
G1 X104.040 Y181.068
G1 X104.210 Y181.393
G1 X104.158 Y181.546
G1 X104.015 Y181.603
G1 X103.844 Y181.549
G1 X103.703 Y181.388
G0 Z5.000 F500.000
G0 X105.185 Y181.568 F3000.000
G1 Z1.000 F500.000
G4 P100
G1 X105.224 Y181.796 F1000.000
G1 X105.518 Y182.077
G1 X105.740 Y182.113
G1 X106.120 Y182.011
G1 X106.380 Y181.713
G1 X106.718 Y182.013
G1 X107.085 Y182.113
G1 X107.383 Y182.023
G1 X107.485 Y181.733
G1 X107.400 Y181.381
G1 X107.195 Y181.253
G1 X107.045 Y181.298
G1 X106.885 Y181.548
G1 X106.758 Y181.436
G1 X106.595 Y180.753
G1 X106.708 Y180.391
G1 X107.015 Y180.263
G1 X107.383 Y180.396
G1 X107.920 Y180.878
G1 X108.023 Y180.818
G1 X108.060 Y180.653
G1 X107.965 Y180.343
G1 X107.483 Y179.911
G1 X107.203 Y179.781
G1 X106.890 Y179.738
G1 X106.438 Y179.833
G1 X106.125 Y180.103
G1 X105.814 Y179.833
G1 X105.450 Y179.743
G1 X105.204 Y179.783
G1 X104.895 Y180.089
G1 X104.855 Y180.328
G1 X104.970 Y180.733
G1 X105.109 Y180.849
G1 X105.430 Y180.854
G1 X105.450 Y180.423
G1 X105.580 Y180.273
G1 X105.763 Y180.386
G1 X105.908 Y180.693
G1 X105.965 Y181.123
G1 X105.920 Y181.426
G1 X105.810 Y181.548
G1 X105.600 Y181.301
G1 X105.425 Y181.253
G1 X105.250 Y181.331
G1 X105.185 Y181.568
G0 Z5.000 F500.000
G0 X107.420 Y181.848 F3000.000
G1 Z1.000 F500.000
G4 P100
G1 X107.476 Y182.058 F1000.000
G1 X107.930 Y182.128
G1 X108.190 Y183.133
G1 X108.613 Y183.858
G1 X108.869 Y184.061
G1 X109.145 Y184.128
G1 X109.333 Y184.082
G1 X109.475 Y183.943
G1 X109.595 Y183.478
G1 X109.554 Y183.103
G1 X109.433 Y182.753
G1 X108.945 Y182.128
G1 X109.620 Y182.093
G1 X109.620 Y181.812
G1 X109.514 Y181.704
G1 X109.090 Y181.618
G1 X108.480 Y181.618
G1 X108.501 Y180.786
G1 X108.593 Y180.498
G1 X108.751 Y180.341
G1 X108.980 Y180.288
G1 X109.360 Y180.418
G1 X109.885 Y180.878
G1 X109.988 Y180.818
G1 X110.025 Y180.653
G1 X109.930 Y180.343
G1 X109.460 Y179.908
G1 X109.186 Y179.781
G1 X108.875 Y179.738
G1 X108.429 Y179.828
G1 X108.110 Y180.097
G1 X107.919 Y180.545
G1 X107.870 Y181.618
G1 X107.473 Y181.673
G1 X107.420 Y181.848
G0 Z5.000 F500.000
G0 X108.530 Y182.203 F3000.000
G1 Z1.000 F500.000
G4 P100
G1 X108.973 Y182.776 F1000.000
G1 X109.120 Y183.353
G1 X109.093 Y183.574
G1 X109.010 Y183.648
G1 X108.843 Y183.461
G1 X108.668 Y182.941
G1 X108.530 Y182.203
G0 Z5.000 F500.000
G0 X109.823 Y181.958 F3000.000
G1 Z1.000 F500.000
G4 P100
G1 X110.180 Y182.093 F1000.000
G1 X110.513 Y181.986
G1 X110.625 Y181.668
G1 X110.495 Y181.301
G1 X110.140 Y181.163
G1 X109.808 Y181.283
G1 X109.695 Y181.598
G1 X109.823 Y181.958
G0 Z5.000 F500.000
G0 X110.005 Y180.668 F3000.000
G1 Z1.000 F500.000
G4 P100
G1 X110.278 Y180.571 F1000.000
G1 X110.370 Y180.308
G1 X110.265 Y179.843
G1 X110.010 Y179.278
G1 X109.853 Y179.033
G1 X109.700 Y178.973
G1 X109.525 Y179.023
G1 X109.460 Y179.183
G1 X109.585 Y180.148
G1 X109.703 Y180.533
G1 X110.005 Y180.668
G0 Z5.000 F500.000
G0 X22.780 Y170.556 F3000.000
G1 Z1.000 F500.000
G4 P100
G1 X22.685 Y170.246 F1000.000
G1 X22.207 Y169.824
G1 X21.170 Y169.531
G1 X20.773 Y169.651
G1 X20.635 Y169.921
G1 X20.730 Y170.146
G1 X21.010 Y170.241
G1 X21.295 Y170.211
G1 X21.238 Y170.456
G1 X20.955 Y170.866
G1 X20.315 Y170.006
G1 X20.125 Y169.916
G1 X19.995 Y169.974
G1 X19.945 Y170.116
G1 X20.495 Y170.941
G1 X20.920 Y171.831
G1 X21.066 Y171.996
G1 X21.315 Y172.051
G1 X21.510 Y172.026
G1 X21.565 Y171.946
G1 X21.400 Y171.416
G1 X21.858 Y170.669
G1 X21.930 Y170.206
G1 X22.640 Y170.781
G1 X22.742 Y170.721
G1 X22.780 Y170.556
G0 Z5.000 F500.000
G0 X22.975 Y170.551 F3000.000
G1 Z1.000 F500.000
G4 P100
G1 X23.080 Y170.361 F1000.000
G1 X23.267 Y170.511
G1 X23.877 Y171.931
G1 X24.125 Y171.996
G1 X24.285 Y171.969
G1 X24.330 Y171.866
G1 X24.065 Y170.391
G1 X24.105 Y170.244
G1 X24.210 Y170.191
G1 X24.448 Y170.314
G1 X24.950 Y170.781
G1 X25.053 Y170.721
G1 X25.090 Y170.556
G1 X24.995 Y170.246
G1 X24.532 Y169.811
G1 X24.268 Y169.684
G1 X23.762 Y169.687
G1 X23.617 Y169.826
G1 X23.505 Y170.346
G1 X23.250 Y169.824
G1 X22.885 Y169.641
G1 X22.681 Y169.693
G1 X22.411 Y170.082
G1 X22.425 Y171.054
G1 X22.590 Y171.716
G1 X22.730 Y171.931
G1 X23.015 Y171.996
G1 X23.168 Y171.961
G1 X23.210 Y171.856
G1 X22.975 Y170.551
G0 Z5.000 F500.000
G0 X24.760 Y171.711 F3000.000
G1 Z1.000 F500.000
G4 P100
G1 X24.875 Y171.941 F1000.000
G1 X25.175 Y172.026
G1 X25.328 Y171.984
G1 X25.385 Y171.631
G1 X25.700 Y171.919
G1 X26.030 Y172.006
G1 X26.284 Y171.950
G1 X26.487 Y171.781
G1 X26.621 Y171.521
G1 X26.665 Y171.191
G1 X26.580 Y170.676
G1 X26.345 Y170.221
G1 X26.520 Y170.191
G1 X26.835 Y170.311
G1 X27.355 Y170.781
G1 X27.458 Y170.721
G1 X27.495 Y170.556
G1 X27.400 Y170.246
G1 X26.938 Y169.811
G1 X26.673 Y169.684
G1 X26.135 Y169.689
G1 X25.945 Y169.831
G1 X25.350 Y169.641
G1 X25.244 Y168.756
G1 X25.055 Y168.029
G1 X24.771 Y167.543
G1 X24.380 Y167.381
G1 X24.145 Y167.430
G1 X23.980 Y167.576
G1 X23.850 Y168.116
G1 X24.075 Y169.259
G1 X24.770 Y170.696
G1 X24.760 Y171.711
G0 Z5.000 F500.000
G0 X25.380 Y170.476 F3000.000
G1 Z1.000 F500.000
G4 P100
G1 X25.375 Y170.121 F1000.000
G1 X25.707 Y170.319
G1 X25.950 Y170.709
G1 X26.040 Y171.196
G1 X25.980 Y171.424
G1 X25.820 Y171.501
G1 X25.621 Y171.406
G1 X25.385 Y171.121
G1 X25.380 Y170.476
G0 Z5.000 F500.000
G0 X24.760 Y169.921 F3000.000
G1 Z1.000 F500.000
G4 P100
G1 X24.420 Y168.966 F1000.000
G1 X24.295 Y168.201
G1 X24.332 Y167.956
G1 X24.420 Y167.871
G1 X24.544 Y168.018
G1 X24.645 Y168.459
G1 X24.760 Y169.921
G0 Z5.000 F500.000
G0 X27.087 Y170.264 F3000.000
G1 Z1.000 F500.000
G4 P100
G1 X27.015 Y170.706 F1000.000
G1 X27.160 Y171.349
G1 X27.562 Y171.821
G1 X28.145 Y171.996
G1 X28.406 Y171.953
G1 X28.610 Y171.824
G1 X28.741 Y171.621
G1 X28.785 Y171.356
G1 X28.723 Y171.036
G1 X28.538 Y170.764
G1 X28.204 Y170.542
G1 X27.700 Y170.371
G1 X27.881 Y170.199
G1 X28.175 Y170.141
G1 X28.688 Y170.299
G1 X29.320 Y170.781
G1 X29.422 Y170.721
G1 X29.460 Y170.556
G1 X29.365 Y170.246
G1 X28.843 Y169.831
G1 X28.120 Y169.641
G1 X27.654 Y169.712
G1 X27.305 Y169.926
G1 X27.087 Y170.264
G0 Z5.000 F500.000
G0 X27.620 Y170.771 F3000.000
G1 Z1.000 F500.000
G4 P100
G1 X28.085 Y170.971 F1000.000
G1 X28.213 Y171.122
G1 X28.203 Y171.449
G1 X28.060 Y171.506
G1 X27.889 Y171.452
G1 X27.748 Y171.291
G1 X27.620 Y170.771
G0 Z5.000 F500.000
G0 X29.111 Y171.115 F3000.000
G1 Z1.000 F500.000
G4 P100
G1 X29.250 Y171.716 F1000.000
G1 X29.398 Y171.929
G1 X29.685 Y171.996
G1 X29.825 Y171.971
G1 X29.865 Y171.876
G1 X29.660 Y170.796
G1 X30.030 Y171.496
G1 X30.433 Y171.881
G1 X30.795 Y171.996
G1 X31.039 Y171.915
G1 X31.120 Y171.671
G1 X31.066 Y170.975
G1 X31.160 Y170.931
G1 X31.655 Y171.216
G1 X31.758 Y171.159
G1 X31.795 Y171.006
G1 X31.695 Y170.716
G1 X31.367 Y170.469
G1 X30.970 Y170.366
G1 X30.737 Y170.400
G1 X30.464 Y170.660
G1 X30.400 Y171.231
G1 X30.203 Y171.064
G1 X29.960 Y170.621
G1 X29.638 Y169.724
G1 X29.410 Y169.641
G1 X29.248 Y169.691
G1 X29.143 Y169.841
G1 X29.065 Y170.481
G1 X29.111 Y171.115
G0 Z5.000 F500.000
G0 X31.035 Y170.116 F3000.000
G1 Z1.000 F500.000
G4 P100
G1 X31.585 Y170.941 F1000.000
G1 X32.010 Y171.831
G1 X32.156 Y171.996
G1 X32.405 Y172.051
G1 X32.600 Y172.026
G1 X32.655 Y171.946
G1 X32.490 Y171.416
G1 X32.947 Y170.669
G1 X33.020 Y170.206
G1 X33.730 Y170.781
G1 X33.833 Y170.721
G1 X33.870 Y170.556
G1 X33.775 Y170.246
G1 X33.297 Y169.824
G1 X32.260 Y169.531
G1 X31.863 Y169.651
G1 X31.725 Y169.921
G1 X31.820 Y170.146
G1 X32.100 Y170.241
G1 X32.385 Y170.211
G1 X32.328 Y170.456
G1 X32.045 Y170.866
G1 X31.405 Y170.006
G1 X31.215 Y169.916
G1 X31.085 Y169.974
G1 X31.035 Y170.116
G0 Z5.000 F500.000
G0 X33.453 Y170.241 F3000.000
G1 Z1.000 F500.000
G4 P100
G1 X33.385 Y170.651 F1000.000
G1 X33.545 Y171.361
G1 X33.960 Y171.831
G1 X34.495 Y171.996
G1 X34.922 Y171.834
G1 X35.075 Y171.416
G1 X34.983 Y171.061
G1 X34.740 Y170.916
G1 X34.588 Y170.961
G1 X34.530 Y171.086
G1 X34.547 Y171.471
G1 X34.455 Y171.506
G1 X34.240 Y171.404
G1 X34.080 Y171.126
G1 X34.020 Y170.741
G1 X34.146 Y170.306
G1 X34.525 Y170.161
G1 X34.968 Y170.299
G1 X35.570 Y170.781
G1 X35.672 Y170.721
G1 X35.710 Y170.556
G1 X35.615 Y170.246
G1 X35.357 Y169.989
G1 X35.053 Y169.799
G1 X34.420 Y169.641
G1 X33.984 Y169.711
G1 X33.657 Y169.919
G1 X33.453 Y170.241
G0 Z5.000 F500.000
G0 X35.392 Y169.841 F3000.000
G1 Z1.000 F500.000
G4 P100
G1 X35.315 Y170.481 F1000.000
G1 X35.361 Y171.115
G1 X35.500 Y171.716
G1 X35.648 Y171.929
G1 X35.935 Y171.996
G1 X36.075 Y171.971
G1 X36.115 Y171.876
G1 X35.910 Y170.796
G1 X36.280 Y171.496
G1 X36.683 Y171.881
G1 X37.045 Y171.996
G1 X37.289 Y171.915
G1 X37.370 Y171.671
G1 X37.316 Y170.975
G1 X37.410 Y170.931
G1 X37.905 Y171.216
G1 X38.008 Y171.159
G1 X38.045 Y171.006
G1 X37.945 Y170.716
G1 X37.617 Y170.469
G1 X37.220 Y170.366
G1 X36.818 Y170.501
G1 X36.714 Y170.660
G1 X36.650 Y171.231
G1 X36.453 Y171.064
G1 X36.210 Y170.621
G1 X35.888 Y169.724
G1 X35.660 Y169.641
G1 X35.498 Y169.691
G1 X35.392 Y169.841
G0 Z5.000 F500.000
G0 X37.612 Y170.139 F3000.000
G1 Z1.000 F500.000
G4 P100
G1 X37.633 Y171.059 F1000.000
G1 X37.780 Y171.716
G1 X37.900 Y171.936
G1 X38.140 Y171.996
G1 X38.331 Y171.954
G1 X38.395 Y171.826
G1 X38.180 Y170.501
G1 X38.220 Y170.271
G1 X38.355 Y170.191
G1 X38.580 Y170.316
G1 X39.075 Y170.781
G1 X39.178 Y170.721
G1 X39.215 Y170.556
G1 X39.120 Y170.246
G1 X38.641 Y169.792
G1 X38.195 Y169.641
G1 X37.914 Y169.699
G1 X37.722 Y169.871
G1 X37.612 Y170.139
G0 Z5.000 F500.000
G0 X38.235 Y172.326 F3000.000
G1 Z1.000 F500.000
G4 P100
G1 X37.920 Y172.424 F1000.000
G1 X37.815 Y172.696
G1 X37.953 Y172.989
G1 X38.295 Y173.106
G1 X38.595 Y173.016
G1 X38.710 Y172.761
G1 X38.580 Y172.444
G1 X38.235 Y172.326
G0 Z5.000 F500.000
G0 X39.000 Y171.941 F3000.000
G1 Z1.000 F500.000
G4 P100
G1 X39.300 Y172.026 F1000.000
G1 X39.453 Y171.984
G1 X39.510 Y171.631
G1 X39.825 Y171.919
G1 X40.155 Y172.006
G1 X40.409 Y171.950
G1 X40.612 Y171.781
G1 X40.746 Y171.521
G1 X40.790 Y171.191
G1 X40.705 Y170.676
G1 X40.470 Y170.221
G1 X40.645 Y170.191
G1 X40.960 Y170.311
G1 X41.480 Y170.781
G1 X41.583 Y170.721
G1 X41.620 Y170.556
G1 X41.525 Y170.246
G1 X41.062 Y169.811
G1 X40.798 Y169.684
G1 X40.260 Y169.689
G1 X40.070 Y169.831
G1 X39.475 Y169.641
G1 X39.369 Y168.756
G1 X39.180 Y168.029
G1 X38.896 Y167.543
G1 X38.505 Y167.381
G1 X38.270 Y167.430
G1 X38.105 Y167.576
G1 X38.008 Y167.809
G1 X38.031 Y168.647
G1 X38.486 Y169.944
G1 X38.895 Y170.696
G1 X38.885 Y171.711
G1 X39.000 Y171.941
G0 Z5.000 F500.000
G0 X39.510 Y171.121 F3000.000
G1 Z1.000 F500.000
G4 P100
G1 X39.500 Y170.121 F1000.000
G1 X39.832 Y170.319
G1 X40.075 Y170.709
G1 X40.165 Y171.196
G1 X40.105 Y171.424
G1 X39.945 Y171.501
G1 X39.746 Y171.406
G1 X39.510 Y171.121
G0 Z5.000 F500.000
G0 X38.885 Y169.921 F3000.000
G1 Z1.000 F500.000
G4 P100
G1 X38.545 Y168.966 F1000.000
G1 X38.420 Y168.201
G1 X38.458 Y167.956
G1 X38.545 Y167.871
G1 X38.669 Y168.018
G1 X38.770 Y168.459
G1 X38.885 Y169.921
G0 Z5.000 F500.000
G0 X41.670 Y170.000 F3000.000
G1 Z1.000 F500.000
G4 P100
G1 X41.479 Y170.448 F1000.000
G1 X41.430 Y171.521
G1 X41.032 Y171.576
G1 X40.980 Y171.751
G1 X41.036 Y171.961
G1 X41.490 Y172.031
G1 X41.750 Y173.036
G1 X42.172 Y173.761
G1 X42.429 Y173.964
G1 X42.705 Y174.031
G1 X42.892 Y173.985
G1 X43.035 Y173.846
G1 X43.155 Y173.381
G1 X43.114 Y173.006
G1 X42.992 Y172.656
G1 X42.505 Y172.031
G1 X43.180 Y171.996
G1 X43.180 Y171.715
G1 X43.074 Y171.607
G1 X42.650 Y171.521
G1 X42.040 Y171.521
G1 X42.061 Y170.689
G1 X42.153 Y170.401
G1 X42.311 Y170.244
G1 X42.540 Y170.191
G1 X42.920 Y170.321
G1 X43.445 Y170.781
G1 X43.547 Y170.721
G1 X43.585 Y170.556
G1 X43.490 Y170.246
G1 X43.020 Y169.811
G1 X42.435 Y169.641
G1 X41.989 Y169.731
G1 X41.670 Y170.000
G0 Z5.000 F500.000
G0 X42.090 Y172.106 F3000.000
G1 Z1.000 F500.000
G4 P100
G1 X42.532 Y172.679 F1000.000
G1 X42.680 Y173.256
G1 X42.653 Y173.477
G1 X42.570 Y173.551
G1 X42.403 Y173.364
G1 X42.228 Y172.844
G1 X42.090 Y172.106
G0 Z5.000 F500.000
G0 X43.055 Y170.181 F3000.000
G1 Z1.000 F500.000
G4 P100
G1 X45.150 Y174.116 F1000.000
G1 X45.288 Y174.286
G1 X45.445 Y174.341
G1 X45.643 Y174.249
G1 X45.725 Y174.021
G1 X45.670 Y173.816
G1 X43.418 Y169.681
G1 X43.275 Y169.641
G1 X43.073 Y169.724
G1 X42.985 Y169.941
G1 X43.055 Y170.181
G0 Z5.000 F500.000
G0 X45.430 Y170.116 F3000.000
G1 Z1.000 F500.000
G4 P100
G1 X45.980 Y170.941 F1000.000
G1 X46.405 Y171.831
G1 X46.551 Y171.996
G1 X46.800 Y172.051
G1 X46.995 Y172.026
G1 X47.050 Y171.946
G1 X46.885 Y171.416
G1 X47.343 Y170.669
G1 X47.415 Y170.206
G1 X48.125 Y170.781
G1 X48.228 Y170.721
G1 X48.265 Y170.556
G1 X48.170 Y170.246
G1 X47.693 Y169.824
G1 X46.655 Y169.531
G1 X46.258 Y169.651
G1 X46.120 Y169.921
G1 X46.215 Y170.146
G1 X46.495 Y170.241
G1 X46.780 Y170.211
G1 X46.723 Y170.456
G1 X46.440 Y170.866
G1 X45.800 Y170.006
G1 X45.610 Y169.916
G1 X45.480 Y169.974
G1 X45.430 Y170.116
G0 Z5.000 F500.000
G0 X47.860 Y170.366 F3000.000
G1 Z1.000 F500.000
G4 P100
G1 X47.910 Y171.054 F1000.000
G1 X48.075 Y171.716
G1 X48.215 Y171.931
G1 X48.500 Y171.996
G1 X48.653 Y171.961
G1 X48.695 Y171.856
G1 X48.485 Y170.404
G1 X48.565 Y170.361
G1 X48.753 Y170.511
G1 X49.363 Y171.931
G1 X49.610 Y171.996
G1 X49.770 Y171.969
G1 X49.815 Y171.866
G1 X49.550 Y170.391
G1 X49.590 Y170.244
G1 X49.695 Y170.191
G1 X49.933 Y170.314
G1 X50.435 Y170.781
G1 X50.538 Y170.721
G1 X50.575 Y170.556
G1 X50.480 Y170.246
G1 X50.018 Y169.811
G1 X49.455 Y169.641
G1 X49.247 Y169.687
G1 X49.103 Y169.826
G1 X48.990 Y170.346
G1 X48.735 Y169.824
G1 X48.370 Y169.641
G1 X48.166 Y169.693
G1 X47.896 Y170.082
G1 X47.860 Y170.366
G0 Z5.000 F500.000
G0 X50.263 Y170.497 F3000.000
G1 Z1.000 F500.000
G4 P100
G1 X50.205 Y171.141 F1000.000
G1 X50.365 Y172.544
G1 X50.562 Y173.245
G1 X50.833 Y173.834
G1 X51.169 Y174.233
G1 X51.565 Y174.366
G1 X51.773 Y174.317
G1 X52.040 Y173.942
G1 X52.075 Y173.656
G1 X51.920 Y172.841
G1 X51.405 Y171.991
G1 X51.709 Y171.909
G1 X51.950 Y171.714
G1 X52.118 Y171.432
G1 X52.200 Y171.091
G1 X52.830 Y171.201
G1 X52.930 Y171.136
G1 X52.930 Y170.779
G1 X52.820 Y170.686
G1 X52.160 Y170.566
G1 X52.016 Y170.191
G1 X51.783 Y169.896
G1 X51.491 Y169.705
G1 X51.170 Y169.641
G1 X50.734 Y169.737
G1 X50.435 Y170.026
G1 X50.263 Y170.497
G0 Z5.000 F500.000
G0 X50.938 Y170.321 F3000.000
G1 Z1.000 F500.000
G4 P100
G1 X51.190 Y170.171 F1000.000
G1 X51.465 Y170.301
G1 X51.625 Y170.676
G1 X51.388 Y170.951
G1 X51.325 Y171.501
G1 X51.126 Y171.451
G1 X50.864 Y171.062
G1 X50.830 Y170.756
G1 X50.938 Y170.321
G0 Z5.000 F500.000
G0 X50.865 Y171.651 F3000.000
G1 Z1.000 F500.000
G4 P100
G1 X51.541 Y173.156 F1000.000
G1 X51.590 Y173.541
G1 X51.553 Y173.786
G1 X51.450 Y173.871
G1 X51.233 Y173.574
G1 X51.015 Y172.766
G1 X50.865 Y171.651
G0 Z5.000 F500.000
G0 X53.215 Y171.831 F3000.000
G1 Z1.000 F500.000
G4 P100
G1 X53.361 Y171.996 F1000.000
G1 X53.610 Y172.051
G1 X53.805 Y172.026
G1 X53.860 Y171.946
G1 X53.695 Y171.416
G1 X54.153 Y170.669
G1 X54.225 Y170.206
G1 X54.800 Y170.711
G1 X54.935 Y170.781
G1 X55.038 Y170.721
G1 X55.075 Y170.556
G1 X54.980 Y170.246
G1 X54.503 Y169.824
G1 X53.465 Y169.531
G1 X53.068 Y169.651
G1 X52.930 Y169.921
G1 X53.025 Y170.146
G1 X53.305 Y170.241
G1 X53.590 Y170.211
G1 X53.533 Y170.456
G1 X53.250 Y170.866
G1 X52.610 Y170.006
G1 X52.420 Y169.916
G1 X52.290 Y169.974
G1 X52.240 Y170.116
G1 X52.310 Y170.301
G1 X52.790 Y170.941
G1 X53.215 Y171.831
G0 Z5.000 F500.000
G0 X54.630 Y171.031 F3000.000
G1 Z1.000 F500.000
G4 P100
G1 X54.750 Y171.361 F1000.000
G1 X55.165 Y171.831
G1 X55.426 Y171.955
G1 X55.944 Y171.956
G1 X56.242 Y171.648
G1 X56.280 Y171.416
G1 X56.188 Y171.061
G1 X55.945 Y170.916
G1 X55.793 Y170.961
G1 X55.753 Y171.471
G1 X55.660 Y171.506
G1 X55.445 Y171.404
G1 X55.285 Y171.126
G1 X55.225 Y170.741
G1 X55.351 Y170.306
G1 X55.730 Y170.161
G1 X56.173 Y170.299
G1 X56.775 Y170.781
G1 X56.878 Y170.721
G1 X56.915 Y170.556
G1 X56.820 Y170.246
G1 X56.258 Y169.799
G1 X55.625 Y169.641
G1 X55.189 Y169.711
G1 X54.863 Y169.919
G1 X54.658 Y170.241
G1 X54.590 Y170.651
G1 X54.630 Y171.031
G0 Z5.000 F500.000
G0 X56.520 Y170.481 F3000.000
G1 Z1.000 F500.000
G4 P100
G1 X56.705 Y171.716 F1000.000
G1 X56.853 Y171.929
G1 X57.140 Y171.996
G1 X57.280 Y171.971
G1 X57.320 Y171.876
G1 X57.115 Y170.796
G1 X57.485 Y171.496
G1 X57.888 Y171.881
G1 X58.250 Y171.996
G1 X58.494 Y171.915
G1 X58.575 Y171.671
G1 X58.521 Y170.975
G1 X58.615 Y170.931
G1 X59.110 Y171.216
G1 X59.213 Y171.159
G1 X59.250 Y171.006
G1 X59.150 Y170.716
G1 X58.823 Y170.469
G1 X58.425 Y170.366
G1 X58.192 Y170.400
G1 X57.919 Y170.660
G1 X57.855 Y171.231
G1 X57.658 Y171.064
G1 X57.415 Y170.621
G1 X57.093 Y169.724
G1 X56.865 Y169.641
G1 X56.703 Y169.691
G1 X56.598 Y169.841
G1 X56.520 Y170.481
G0 Z5.000 F500.000
G0 X58.817 Y170.139 F3000.000
G1 Z1.000 F500.000
G4 P100
G1 X58.838 Y171.059 F1000.000
G1 X58.985 Y171.716
G1 X59.105 Y171.936
G1 X59.345 Y171.996
G1 X59.536 Y171.954
G1 X59.600 Y171.826
G1 X59.385 Y170.501
G1 X59.425 Y170.271
G1 X59.560 Y170.191
G1 X59.785 Y170.316
G1 X60.280 Y170.781
G1 X60.383 Y170.721
G1 X60.420 Y170.556
G1 X60.325 Y170.246
G1 X59.846 Y169.792
G1 X59.400 Y169.641
G1 X59.119 Y169.699
G1 X58.928 Y169.871
G1 X58.817 Y170.139
G0 Z5.000 F500.000
G0 X59.440 Y172.326 F3000.000
G1 Z1.000 F500.000
G4 P100
G1 X59.125 Y172.424 F1000.000
G1 X59.020 Y172.696
G1 X59.158 Y172.989
G1 X59.500 Y173.106
G1 X59.800 Y173.016
G1 X59.915 Y172.761
G1 X59.785 Y172.444
G1 X59.440 Y172.326
G0 Z5.000 F500.000
G0 X60.205 Y171.941 F3000.000
G1 Z1.000 F500.000
G4 P100
G1 X60.505 Y172.026 F1000.000
G1 X60.658 Y171.984
G1 X60.715 Y171.631
G1 X61.030 Y171.919
G1 X61.360 Y172.006
G1 X61.614 Y171.950
G1 X61.818 Y171.781
G1 X61.951 Y171.521
G1 X61.995 Y171.191
G1 X61.910 Y170.676
G1 X61.675 Y170.221
G1 X61.850 Y170.191
G1 X62.165 Y170.311
G1 X62.685 Y170.781
G1 X62.788 Y170.721
G1 X62.825 Y170.556
G1 X62.730 Y170.246
G1 X62.268 Y169.811
G1 X62.003 Y169.684
G1 X61.465 Y169.689
G1 X61.275 Y169.831
G1 X60.680 Y169.641
G1 X60.574 Y168.756
G1 X60.385 Y168.029
G1 X60.101 Y167.543
G1 X59.710 Y167.381
G1 X59.475 Y167.430
G1 X59.310 Y167.576
G1 X59.213 Y167.809
G1 X59.236 Y168.647
G1 X59.691 Y169.944
G1 X60.100 Y170.696
G1 X60.090 Y171.711
G1 X60.205 Y171.941
G0 Z5.000 F500.000
G0 X60.715 Y171.121 F3000.000
G1 Z1.000 F500.000
G4 P100
G1 X60.705 Y170.121 F1000.000
G1 X61.038 Y170.319
G1 X61.280 Y170.709
G1 X61.370 Y171.196
G1 X61.310 Y171.424
G1 X61.150 Y171.501
G1 X60.951 Y171.406
G1 X60.715 Y171.121
G0 Z5.000 F500.000
G0 X60.090 Y169.921 F3000.000
G1 Z1.000 F500.000
G4 P100
G1 X59.750 Y168.966 F1000.000
G1 X59.625 Y168.201
G1 X59.663 Y167.956
G1 X59.750 Y167.871
G1 X59.874 Y168.018
G1 X59.975 Y168.459
G1 X60.090 Y169.921
G0 Z5.000 F500.000
G0 X62.875 Y170.000 F3000.000
G1 Z1.000 F500.000
G4 P100
G1 X62.684 Y170.448 F1000.000
G1 X62.635 Y171.521
G1 X62.238 Y171.576
G1 X62.185 Y171.751
G1 X62.241 Y171.961
G1 X62.695 Y172.031
G1 X62.955 Y173.036
G1 X63.378 Y173.761
G1 X63.634 Y173.964
G1 X63.910 Y174.031
G1 X64.097 Y173.985
G1 X64.240 Y173.846
G1 X64.360 Y173.381
G1 X64.319 Y173.006
G1 X64.198 Y172.656
G1 X63.710 Y172.031
G1 X64.385 Y171.996
G1 X64.385 Y171.715
G1 X64.279 Y171.607
G1 X63.855 Y171.521
G1 X63.245 Y171.521
G1 X63.266 Y170.689
G1 X63.358 Y170.401
G1 X63.516 Y170.244
G1 X63.745 Y170.191
G1 X64.125 Y170.321
G1 X64.650 Y170.781
G1 X64.752 Y170.721
G1 X64.790 Y170.556
G1 X64.695 Y170.246
G1 X64.225 Y169.811
G1 X63.640 Y169.641
G1 X63.194 Y169.731
G1 X62.875 Y170.000
G0 Z5.000 F500.000
G0 X63.295 Y172.106 F3000.000
G1 Z1.000 F500.000
G4 P100
G1 X63.738 Y172.679 F1000.000
G1 X63.885 Y173.256
G1 X63.858 Y173.477
G1 X63.775 Y173.551
G1 X63.608 Y173.364
G1 X63.433 Y172.844
G1 X63.295 Y172.106
G0 Z5.000 F500.000
G0 X65.785 Y171.711 F3000.000
G1 Z1.000 F500.000
G4 P100
G1 X65.900 Y171.941 F1000.000
G1 X66.200 Y172.026
G1 X66.353 Y171.984
G1 X66.410 Y171.631
G1 X66.725 Y171.919
G1 X67.055 Y172.006
G1 X67.309 Y171.950
G1 X67.513 Y171.781
G1 X67.646 Y171.521
G1 X67.690 Y171.191
G1 X67.605 Y170.676
G1 X67.370 Y170.221
G1 X67.545 Y170.191
G1 X67.860 Y170.311
G1 X68.380 Y170.781
G1 X68.483 Y170.721
G1 X68.520 Y170.556
G1 X68.425 Y170.246
G1 X67.963 Y169.811
G1 X67.698 Y169.684
G1 X67.160 Y169.689
G1 X66.970 Y169.831
G1 X66.375 Y169.641
G1 X66.269 Y168.756
G1 X66.080 Y168.029
G1 X65.796 Y167.543
G1 X65.405 Y167.381
G1 X65.170 Y167.430
G1 X65.005 Y167.576
G1 X64.875 Y168.116
G1 X65.100 Y169.259
G1 X65.795 Y170.696
G1 X65.785 Y171.711
G0 Z5.000 F500.000
G0 X66.405 Y170.476 F3000.000
G1 Z1.000 F500.000
G4 P100
G1 X66.400 Y170.121 F1000.000
G1 X66.733 Y170.319
G1 X66.975 Y170.709
G1 X67.065 Y171.196
G1 X67.005 Y171.424
G1 X66.845 Y171.501
G1 X66.646 Y171.406
G1 X66.410 Y171.121
G1 X66.405 Y170.476
G0 Z5.000 F500.000
G0 X65.785 Y169.921 F3000.000
G1 Z1.000 F500.000
G4 P100
G1 X65.445 Y168.966 F1000.000
G1 X65.320 Y168.201
G1 X65.358 Y167.956
G1 X65.445 Y167.871
G1 X65.569 Y168.018
G1 X65.670 Y168.459
G1 X65.785 Y169.921
G0 Z5.000 F500.000
G0 X68.150 Y170.171 F3000.000
G1 Z1.000 F500.000
G4 P100
G1 X68.040 Y170.691 F1000.000
G1 X68.185 Y171.369
G1 X68.358 Y171.634
G1 X68.854 Y171.959
G1 X69.150 Y172.001
G1 X69.493 Y171.936
G1 X69.763 Y171.739
G1 X69.947 Y171.446
G1 X70.035 Y171.091
G1 X70.665 Y171.201
G1 X70.765 Y171.136
G1 X70.764 Y170.780
G1 X70.655 Y170.686
G1 X69.995 Y170.566
G1 X69.854 Y170.188
G1 X69.620 Y169.894
G1 X69.321 Y169.704
G1 X68.707 Y169.677
G1 X68.473 Y169.786
G1 X68.150 Y170.171
G0 Z5.000 F500.000
G0 X68.773 Y170.316 F3000.000
G1 Z1.000 F500.000
G4 P100
G1 X69.025 Y170.171 F1000.000
G1 X69.303 Y170.301
G1 X69.460 Y170.676
G1 X69.223 Y170.951
G1 X69.155 Y171.471
G1 X68.953 Y171.423
G1 X68.798 Y171.279
G1 X68.698 Y171.047
G1 X68.665 Y170.736
G1 X68.773 Y170.316
G0 Z5.000 F500.000
G0 X70.075 Y170.116 F3000.000
G1 Z1.000 F500.000
G4 P100
G1 X70.625 Y170.941 F1000.000
G1 X71.050 Y171.831
G1 X71.196 Y171.996
G1 X71.445 Y172.051
G1 X71.640 Y172.026
G1 X71.695 Y171.946
G1 X71.530 Y171.416
G1 X71.988 Y170.669
G1 X72.060 Y170.206
G1 X72.770 Y170.781
G1 X72.873 Y170.721
G1 X72.910 Y170.556
G1 X72.815 Y170.246
G1 X72.338 Y169.824
G1 X71.300 Y169.531
G1 X70.903 Y169.651
G1 X70.765 Y169.921
G1 X70.860 Y170.146
G1 X71.140 Y170.241
G1 X71.425 Y170.211
G1 X71.368 Y170.456
G1 X71.085 Y170.866
G1 X70.445 Y170.006
G1 X70.255 Y169.916
G1 X70.125 Y169.974
G1 X70.075 Y170.116
G0 Z5.000 F500.000
G0 X72.537 Y170.139 F3000.000
G1 Z1.000 F500.000
G4 P100
G1 X72.558 Y171.059 F1000.000
G1 X72.705 Y171.716
G1 X72.825 Y171.936
G1 X73.065 Y171.996
G1 X73.256 Y171.954
G1 X73.320 Y171.826
G1 X73.105 Y170.501
G1 X73.145 Y170.271
G1 X73.280 Y170.191
G1 X73.505 Y170.316
G1 X74.000 Y170.781
G1 X74.103 Y170.721
G1 X74.140 Y170.556
G1 X74.045 Y170.246
G1 X73.566 Y169.792
G1 X73.120 Y169.641
G1 X72.839 Y169.699
G1 X72.648 Y169.871
G1 X72.537 Y170.139
G0 Z5.000 F500.000
G0 X73.160 Y172.326 F3000.000
G1 Z1.000 F500.000
G4 P100
G1 X72.845 Y172.424 F1000.000
G1 X72.740 Y172.696
G1 X72.878 Y172.989
G1 X73.220 Y173.106
G1 X73.520 Y173.016
G1 X73.635 Y172.761
G1 X73.505 Y172.444
G1 X73.160 Y172.326
G0 Z5.000 F500.000
G0 X73.725 Y172.031 F3000.000
G1 Z1.000 F500.000
G4 P100
G1 X74.010 Y172.031 F1000.000
G1 X74.270 Y173.036
G1 X74.693 Y173.761
G1 X74.949 Y173.964
G1 X75.225 Y174.031
G1 X75.413 Y173.985
G1 X75.555 Y173.846
G1 X75.675 Y173.381
G1 X75.634 Y173.006
G1 X75.513 Y172.656
G1 X75.025 Y172.031
G1 X75.700 Y171.996
G1 X75.700 Y171.715
G1 X75.594 Y171.607
G1 X75.170 Y171.521
G1 X74.560 Y171.521
G1 X74.581 Y170.689
G1 X74.673 Y170.401
G1 X74.831 Y170.244
G1 X75.060 Y170.191
G1 X75.440 Y170.321
G1 X75.965 Y170.781
G1 X76.068 Y170.721
G1 X76.105 Y170.556
G1 X76.010 Y170.246
G1 X75.540 Y169.811
G1 X75.266 Y169.684
G1 X74.955 Y169.641
G1 X74.509 Y169.731
G1 X74.190 Y170.000
G1 X73.999 Y170.448
G1 X73.950 Y171.521
G1 X73.553 Y171.576
G1 X73.500 Y171.751
G1 X73.556 Y171.961
G1 X73.725 Y172.031
G0 Z5.000 F500.000
G0 X74.610 Y172.106 F3000.000
G1 Z1.000 F500.000
G4 P100
G1 X75.053 Y172.679 F1000.000
G1 X75.200 Y173.256
G1 X75.173 Y173.477
G1 X75.090 Y173.551
G1 X74.923 Y173.364
G1 X74.748 Y172.844
G1 X74.610 Y172.106
G0 Z5.000 F500.000
G0 X75.935 Y172.696 F3000.000
G1 Z1.000 F500.000
G4 P100
G1 X76.073 Y172.989 F1000.000
G1 X76.415 Y173.106
G1 X76.715 Y173.016
G1 X76.830 Y172.761
G1 X76.700 Y172.444
G1 X76.355 Y172.326
G1 X76.040 Y172.424
G1 X75.935 Y172.696
G0 Z5.000 F500.000
G0 X76.260 Y171.996 F3000.000
G1 Z1.000 F500.000
G4 P100
G1 X76.451 Y171.954 F1000.000
G1 X76.515 Y171.826
G1 X76.300 Y170.501
G1 X76.340 Y170.271
G1 X76.475 Y170.191
G1 X76.700 Y170.316
G1 X77.195 Y170.781
G1 X77.298 Y170.721
G1 X77.335 Y170.556
G1 X77.240 Y170.246
G1 X76.761 Y169.792
G1 X76.315 Y169.641
G1 X76.034 Y169.699
G1 X75.843 Y169.871
G1 X75.695 Y170.481
G1 X75.900 Y171.716
G1 X76.020 Y171.936
G1 X76.260 Y171.996
G0 Z5.000 F500.000
G0 X77.000 Y171.369 F3000.000
G1 Z1.000 F500.000
G4 P100
G1 X77.173 Y171.634 F1000.000
G1 X77.669 Y171.959
G1 X77.965 Y172.001
G1 X78.308 Y171.936
G1 X78.578 Y171.739
G1 X78.762 Y171.446
G1 X78.850 Y171.091
G1 X79.480 Y171.201
G1 X79.580 Y171.136
G1 X79.579 Y170.780
G1 X79.470 Y170.686
G1 X78.810 Y170.566
G1 X78.669 Y170.188
G1 X78.435 Y169.894
G1 X78.136 Y169.704
G1 X77.522 Y169.677
G1 X77.288 Y169.786
G1 X76.965 Y170.171
G1 X76.855 Y170.691
G1 X77.000 Y171.369
G0 Z5.000 F500.000
G0 X77.480 Y170.736 F3000.000
G1 Z1.000 F500.000
G4 P100
G1 X77.588 Y170.316 F1000.000
G1 X77.840 Y170.171
G1 X78.118 Y170.301
G1 X78.275 Y170.676
G1 X78.038 Y170.951
G1 X77.970 Y171.471
G1 X77.768 Y171.423
G1 X77.613 Y171.279
G1 X77.480 Y170.736
G0 Z5.000 F500.000
G0 X79.241 Y171.115 F3000.000
G1 Z1.000 F500.000
G4 P100
G1 X79.380 Y171.716 F1000.000
G1 X79.528 Y171.929
G1 X79.815 Y171.996
G1 X79.955 Y171.971
G1 X79.995 Y171.876
G1 X79.790 Y170.796
G1 X80.160 Y171.496
G1 X80.562 Y171.881
G1 X80.925 Y171.996
G1 X81.169 Y171.915
G1 X81.250 Y171.671
G1 X81.045 Y170.391
G1 X81.081 Y170.241
G1 X81.190 Y170.191
G1 X81.428 Y170.314
G1 X81.930 Y170.781
G1 X82.032 Y170.721
G1 X82.070 Y170.556
G1 X81.975 Y170.246
G1 X81.513 Y169.811
G1 X81.248 Y169.684
G1 X80.726 Y169.678
G1 X80.468 Y169.969
G1 X80.435 Y170.216
G1 X80.570 Y171.151
G1 X80.515 Y171.231
G1 X80.333 Y171.064
G1 X80.093 Y170.621
G1 X79.768 Y169.724
G1 X79.540 Y169.641
G1 X79.378 Y169.691
G1 X79.273 Y169.841
G1 X79.195 Y170.481
G1 X79.241 Y171.115
G0 Z5.000 F500.000
G0 X81.370 Y170.116 F3000.000
G1 Z1.000 F500.000
G4 P100
G1 X81.920 Y170.941 F1000.000
G1 X82.345 Y171.831
G1 X82.491 Y171.996
G1 X82.740 Y172.051
G1 X82.935 Y172.026
G1 X82.990 Y171.946
G1 X82.825 Y171.416
G1 X83.283 Y170.669
G1 X83.355 Y170.206
G1 X84.065 Y170.781
G1 X84.168 Y170.721
G1 X84.205 Y170.556
G1 X84.110 Y170.246
G1 X83.633 Y169.824
G1 X82.595 Y169.531
G1 X82.198 Y169.651
G1 X82.060 Y169.921
G1 X82.155 Y170.146
G1 X82.435 Y170.241
G1 X82.720 Y170.211
G1 X82.663 Y170.456
G1 X82.380 Y170.866
G1 X81.740 Y170.006
G1 X81.550 Y169.916
G1 X81.420 Y169.974
G1 X81.370 Y170.116
G0 Z5.000 F500.000
G0 X85.060 Y170.456 F3000.000
G1 Z1.000 F500.000
G4 P100
G1 X85.106 Y170.846 F1000.000
G1 X85.461 Y171.536
G1 X86.054 Y171.952
G1 X86.390 Y172.006
G1 X86.538 Y171.964
G1 X86.600 Y171.811
G1 X87.004 Y171.787
G1 X87.065 Y171.656
G1 X86.875 Y170.356
G1 X86.913 Y170.236
G1 X87.010 Y170.191
G1 X87.240 Y170.314
G1 X87.740 Y170.781
G1 X87.843 Y170.721
G1 X87.880 Y170.556
G1 X87.785 Y170.246
G1 X87.350 Y169.816
G1 X86.905 Y169.641
G1 X86.603 Y169.754
G1 X86.395 Y170.061
G1 X86.101 Y169.746
G1 X85.740 Y169.641
G1 X85.461 Y169.697
G1 X85.245 Y169.866
G1 X85.106 Y170.126
G1 X85.060 Y170.456
G0 Z5.000 F500.000
G0 X85.748 Y170.221 F3000.000
G1 Z1.000 F500.000
G4 P100
G1 X85.920 Y170.146 F1000.000
G1 X86.130 Y170.276
G1 X86.275 Y170.621
G1 X86.460 Y171.541
G1 X86.073 Y171.384
G1 X85.790 Y170.981
G1 X85.685 Y170.451
G1 X85.748 Y170.221
G0 Z5.000 F500.000
G0 X87.485 Y170.481 F3000.000
G1 Z1.000 F500.000
G4 P100
G1 X87.670 Y171.716 F1000.000
G1 X87.818 Y171.929
G1 X88.105 Y171.996
G1 X88.245 Y171.971
G1 X88.285 Y171.876
G1 X88.080 Y170.796
G1 X88.450 Y171.496
G1 X88.853 Y171.881
G1 X89.215 Y171.996
G1 X89.459 Y171.915
G1 X89.540 Y171.671
G1 X89.486 Y170.975
G1 X89.580 Y170.931
G1 X90.075 Y171.216
G1 X90.178 Y171.159
G1 X90.215 Y171.006
G1 X90.115 Y170.716
G1 X89.788 Y170.469
G1 X89.390 Y170.366
G1 X89.157 Y170.400
G1 X88.884 Y170.660
G1 X88.820 Y171.231
G1 X88.623 Y171.064
G1 X88.380 Y170.621
G1 X88.058 Y169.724
G1 X87.830 Y169.641
G1 X87.668 Y169.691
G1 X87.563 Y169.841
G1 X87.485 Y170.481
G0 Z5.000 F500.000
G0 X89.748 Y170.264 F3000.000
G1 Z1.000 F500.000
G4 P100
G1 X89.675 Y170.706 F1000.000
G1 X89.820 Y171.349
G1 X90.223 Y171.821
G1 X90.805 Y171.996
G1 X91.066 Y171.953
G1 X91.270 Y171.824
G1 X91.401 Y171.621
G1 X91.445 Y171.356
G1 X91.383 Y171.036
G1 X91.198 Y170.764
G1 X90.864 Y170.542
G1 X90.360 Y170.371
G1 X90.541 Y170.199
G1 X90.835 Y170.141
G1 X91.348 Y170.299
G1 X91.980 Y170.781
G1 X92.083 Y170.721
G1 X92.120 Y170.556
G1 X92.025 Y170.246
G1 X91.503 Y169.831
G1 X90.780 Y169.641
G1 X90.314 Y169.712
G1 X89.965 Y169.926
G1 X89.748 Y170.264
G0 Z5.000 F500.000
G0 X90.280 Y170.771 F3000.000
G1 Z1.000 F500.000
G4 P100
G1 X90.745 Y170.971 F1000.000
G1 X90.873 Y171.122
G1 X90.863 Y171.449
G1 X90.720 Y171.506
G1 X90.549 Y171.452
G1 X90.408 Y171.291
G1 X90.280 Y170.771
G0 Z5.000 F500.000
G0 X92.716 Y169.944 F3000.000
G1 Z1.000 F500.000
G4 P100
G1 X93.125 Y170.696 F1000.000
G1 X93.115 Y171.711
G1 X93.230 Y171.941
G1 X93.530 Y172.026
G1 X93.683 Y171.984
G1 X93.740 Y171.631
G1 X94.055 Y171.919
G1 X94.385 Y172.006
G1 X94.639 Y171.950
G1 X94.843 Y171.781
G1 X94.976 Y171.521
G1 X95.020 Y171.191
G1 X94.935 Y170.676
G1 X94.700 Y170.221
G1 X94.875 Y170.191
G1 X95.190 Y170.311
G1 X95.710 Y170.781
G1 X95.813 Y170.721
G1 X95.850 Y170.556
G1 X95.755 Y170.246
G1 X95.293 Y169.811
G1 X95.028 Y169.684
G1 X94.490 Y169.689
G1 X94.300 Y169.831
G1 X93.705 Y169.641
G1 X93.599 Y168.756
G1 X93.410 Y168.029
G1 X93.126 Y167.543
G1 X92.735 Y167.381
G1 X92.500 Y167.430
G1 X92.335 Y167.576
G1 X92.205 Y168.116
G1 X92.430 Y169.259
G1 X92.716 Y169.944
G0 Z5.000 F500.000
G0 X92.775 Y168.966 F3000.000
G1 Z1.000 F500.000
G4 P100
G1 X92.650 Y168.201 F1000.000
G1 X92.688 Y167.956
G1 X92.775 Y167.871
G1 X92.899 Y168.018
G1 X93.000 Y168.459
G1 X93.115 Y169.921
G1 X92.775 Y168.966
G0 Z5.000 F500.000
G0 X93.730 Y170.121 F3000.000
G1 Z1.000 F500.000
G4 P100
G1 X94.063 Y170.319 F1000.000
G1 X94.305 Y170.709
G1 X94.395 Y171.196
G1 X94.335 Y171.424
G1 X94.175 Y171.501
G1 X93.976 Y171.406
G1 X93.740 Y171.121
G1 X93.730 Y170.121
G0 Z5.000 F500.000
G0 X95.455 Y170.481 F3000.000
G1 Z1.000 F500.000
G4 P100
G1 X95.640 Y171.716 F1000.000
G1 X95.788 Y171.929
G1 X96.075 Y171.996
G1 X96.215 Y171.971
G1 X96.255 Y171.876
G1 X96.050 Y170.796
G1 X96.420 Y171.496
G1 X96.823 Y171.881
G1 X97.185 Y171.996
G1 X97.429 Y171.915
G1 X97.510 Y171.671
G1 X97.456 Y170.975
G1 X97.550 Y170.931
G1 X98.045 Y171.216
G1 X98.148 Y171.159
G1 X98.185 Y171.006
G1 X98.085 Y170.716
G1 X97.758 Y170.469
G1 X97.360 Y170.366
G1 X97.127 Y170.400
G1 X96.854 Y170.660
G1 X96.790 Y171.231
G1 X96.593 Y171.064
G1 X96.350 Y170.621
G1 X96.028 Y169.724
G1 X95.800 Y169.641
G1 X95.638 Y169.691
G1 X95.533 Y169.841
G1 X95.455 Y170.481
G0 Z5.000 F500.000
G0 X97.718 Y170.264 F3000.000
G1 Z1.000 F500.000
G4 P100
G1 X97.645 Y170.706 F1000.000
G1 X97.790 Y171.349
G1 X98.193 Y171.821
G1 X98.775 Y171.996
G1 X99.036 Y171.953
G1 X99.240 Y171.824
G1 X99.371 Y171.621
G1 X99.415 Y171.356
G1 X99.353 Y171.036
G1 X99.168 Y170.764
G1 X98.834 Y170.542
G1 X98.330 Y170.371
G1 X98.511 Y170.199
G1 X98.805 Y170.141
G1 X99.318 Y170.299
G1 X99.950 Y170.781
G1 X100.053 Y170.721
G1 X100.090 Y170.556
G1 X99.995 Y170.246
G1 X99.473 Y169.831
G1 X98.750 Y169.641
G1 X98.284 Y169.712
G1 X97.935 Y169.926
G1 X97.718 Y170.264
G0 Z5.000 F500.000
G0 X98.250 Y170.771 F3000.000
G1 Z1.000 F500.000
G4 P100
G1 X98.715 Y170.971 F1000.000
G1 X98.843 Y171.122
G1 X98.833 Y171.449
G1 X98.690 Y171.506
G1 X98.519 Y171.452
G1 X98.378 Y171.291
G1 X98.250 Y170.771
G0 Z5.000 F500.000
G0 X99.525 Y170.381 F3000.000
G1 Z1.000 F500.000
G4 P100
G1 X99.940 Y170.941 F1000.000
G1 X100.365 Y171.831
G1 X100.511 Y171.996
G1 X100.760 Y172.051
G1 X100.955 Y172.026
G1 X101.010 Y171.946
G1 X100.845 Y171.416
G1 X101.303 Y170.669
G1 X101.375 Y170.206
G1 X102.085 Y170.781
G1 X102.188 Y170.721
G1 X102.225 Y170.556
G1 X102.130 Y170.246
G1 X101.653 Y169.824
G1 X100.615 Y169.531
G1 X100.218 Y169.651
G1 X100.080 Y169.921
G1 X100.175 Y170.146
G1 X100.455 Y170.241
G1 X100.740 Y170.211
G1 X100.683 Y170.456
G1 X100.400 Y170.866
G1 X100.093 Y170.376
G1 X99.760 Y170.006
G1 X99.570 Y169.916
G1 X99.440 Y169.974
G1 X99.390 Y170.116
G1 X99.525 Y170.381
G0 Z5.000 F500.000
G0 X101.745 Y170.706 F3000.000
G1 Z1.000 F500.000
G4 P100
G1 X101.890 Y171.349 F1000.000
G1 X102.063 Y171.616
G1 X102.567 Y171.952
G1 X102.875 Y171.996
G1 X103.136 Y171.953
G1 X103.340 Y171.824
G1 X103.471 Y171.621
G1 X103.515 Y171.356
G1 X103.453 Y171.036
G1 X103.268 Y170.764
G1 X102.934 Y170.542
G1 X102.430 Y170.371
G1 X102.611 Y170.199
G1 X102.905 Y170.141
G1 X103.418 Y170.299
G1 X104.050 Y170.781
G1 X104.153 Y170.721
G1 X104.190 Y170.556
G1 X104.095 Y170.246
G1 X103.573 Y169.831
G1 X102.850 Y169.641
G1 X102.384 Y169.712
G1 X102.035 Y169.926
G1 X101.818 Y170.264
G1 X101.745 Y170.706
G0 Z5.000 F500.000
G0 X102.350 Y170.771 F3000.000
G1 Z1.000 F500.000
G4 P100
G1 X102.815 Y170.971 F1000.000
G1 X102.943 Y171.122
G1 X102.933 Y171.449
G1 X102.790 Y171.506
G1 X102.619 Y171.452
G1 X102.478 Y171.291
G1 X102.350 Y170.771
G0 Z5.000 F500.000
G0 X103.841 Y171.115 F3000.000
G1 Z1.000 F500.000
G4 P100
G1 X103.980 Y171.716 F1000.000
G1 X104.128 Y171.929
G1 X104.415 Y171.996
G1 X104.555 Y171.971
G1 X104.595 Y171.876
G1 X104.390 Y170.796
G1 X104.760 Y171.496
G1 X105.163 Y171.881
G1 X105.525 Y171.996
G1 X105.769 Y171.915
G1 X105.850 Y171.671
G1 X105.796 Y170.975
G1 X105.890 Y170.931
G1 X106.385 Y171.216
G1 X106.488 Y171.159
G1 X106.525 Y171.006
G1 X106.425 Y170.716
G1 X106.098 Y170.469
G1 X105.700 Y170.366
G1 X105.467 Y170.400
G1 X105.194 Y170.660
G1 X105.130 Y171.231
G1 X104.933 Y171.064
G1 X104.690 Y170.621
G1 X104.368 Y169.724
G1 X104.140 Y169.641
G1 X103.978 Y169.691
G1 X103.873 Y169.841
G1 X103.795 Y170.481
G1 X103.841 Y171.115
G0 Z5.000 F500.000
G0 X106.130 Y170.306 F3000.000
G1 Z1.000 F500.000
G4 P100
G1 X106.070 Y171.706 F1000.000
G1 X106.160 Y171.936
G1 X106.415 Y172.001
G1 X106.608 Y171.944
G1 X106.740 Y170.256
G1 X107.190 Y170.966
G1 X107.115 Y171.311
G1 X107.190 Y171.641
G1 X107.395 Y171.901
G1 X107.690 Y172.001
G1 X107.925 Y171.899
G1 X108.015 Y171.601
G1 X107.895 Y171.086
G1 X108.585 Y171.191
G1 X108.700 Y171.141
G1 X108.680 Y170.764
G1 X108.500 Y170.636
G1 X108.010 Y170.561
G1 X107.595 Y170.621
G1 X106.930 Y169.746
G1 X106.600 Y169.641
G1 X106.417 Y169.681
G1 X106.278 Y169.801
G1 X106.130 Y170.306
G0 Z5.000 F500.000
G0 X108.303 Y170.264 F3000.000
G1 Z1.000 F500.000
G4 P100
G1 X108.230 Y170.706 F1000.000
G1 X108.375 Y171.349
G1 X108.778 Y171.821
G1 X109.360 Y171.996
G1 X109.621 Y171.953
G1 X109.825 Y171.824
G1 X109.956 Y171.621
G1 X110.000 Y171.356
G1 X109.938 Y171.036
G1 X109.753 Y170.764
G1 X109.419 Y170.542
G1 X108.915 Y170.371
G1 X109.096 Y170.199
G1 X109.390 Y170.141
G1 X109.903 Y170.299
G1 X110.535 Y170.781
G1 X110.638 Y170.721
G1 X110.675 Y170.556
G1 X110.580 Y170.246
G1 X110.058 Y169.831
G1 X109.335 Y169.641
G1 X108.869 Y169.712
G1 X108.520 Y169.926
G1 X108.303 Y170.264
G0 Z5.000 F500.000
G0 X108.835 Y170.771 F3000.000
G1 Z1.000 F500.000
G4 P100
G1 X109.300 Y170.971 F1000.000
G1 X109.428 Y171.122
G1 X109.418 Y171.449
G1 X109.275 Y171.506
G1 X109.104 Y171.452
G1 X108.963 Y171.291
G1 X108.835 Y170.771
G0 Z5.000 F500.000
G0 X110.248 Y170.847 F3000.000
G1 Z1.000 F500.000
G4 P100
G1 X110.577 Y171.515 F1000.000
G1 X110.843 Y171.764
G1 X111.510 Y172.021
G1 X111.648 Y172.921
G1 X111.873 Y173.679
G1 X112.182 Y174.194
G1 X112.368 Y174.323
G1 X112.772 Y174.317
G1 X112.933 Y174.171
G1 X113.039 Y173.926
G1 X113.006 Y172.974
G1 X112.800 Y172.271
G1 X112.065 Y170.731
G1 X112.153 Y170.316
G1 X112.325 Y170.191
G1 X112.600 Y170.311
G1 X113.110 Y170.781
G1 X113.213 Y170.721
G1 X113.250 Y170.556
G1 X113.155 Y170.246
G1 X112.461 Y169.686
G1 X112.220 Y169.641
G1 X111.885 Y169.752
G1 X111.640 Y170.086
G1 X111.273 Y169.731
G1 X110.905 Y169.641
G1 X110.627 Y169.698
G1 X110.403 Y169.869
G1 X110.254 Y170.131
G1 X110.248 Y170.847
G0 Z5.000 F500.000
G0 X110.830 Y170.511 F3000.000
G1 Z1.000 F500.000
G4 P100
G1 X110.893 Y170.237 F1000.000
G1 X111.080 Y170.146
G1 X111.270 Y170.224
G1 X111.510 Y170.511
G1 X111.470 Y171.506
G1 X111.218 Y171.372
G1 X111.013 Y171.139
G1 X110.830 Y170.511
G0 Z5.000 F500.000
G0 X112.070 Y171.516 F3000.000
G1 Z1.000 F500.000
G4 P100
G1 X112.490 Y172.616 F1000.000
G1 X112.630 Y173.476
G1 X112.520 Y173.876
G1 X112.330 Y173.539
G1 X112.070 Y171.516
G0 Z5.000 F500.000
G0 X113.026 Y170.537 F3000.000
G1 Z1.000 F500.000
G4 P100
G1 X113.230 Y170.571 F1000.000
G1 X113.563 Y170.464
G1 X113.675 Y170.146
G1 X113.545 Y169.779
G1 X113.391 Y169.676
G1 X113.190 Y169.641
G1 X112.858 Y169.761
G1 X112.745 Y170.076
G1 X112.873 Y170.436
G1 X113.026 Y170.537
G0 Z5.000 F500.000
G0 X24.010 Y156.931 F3000.000
G1 Z1.000 F500.000
G4 P100
G1 X23.915 Y156.621 F1000.000
G1 X23.372 Y156.151
G1 X22.740 Y156.016
G1 X22.260 Y156.081
G1 X21.175 Y156.481
G1 X20.856 Y156.133
G1 X20.410 Y156.016
G1 X19.962 Y156.144
G1 X19.795 Y156.471
G1 X19.854 Y156.696
G1 X20.030 Y156.879
G1 X20.304 Y157.001
G1 X20.720 Y157.041
G1 X20.810 Y158.496
G1 X20.990 Y159.321
G1 X21.405 Y159.876
G1 X21.930 Y160.179
G1 X22.555 Y160.281
G1 X23.032 Y160.211
G1 X23.385 Y160.001
G1 X23.602 Y159.679
G1 X23.675 Y159.271
G1 X23.565 Y158.779
G1 X23.434 Y158.638
G1 X23.260 Y158.591
G1 X23.040 Y158.659
G1 X22.960 Y158.851
G1 X23.010 Y159.266
G1 X22.887 Y159.599
G1 X22.515 Y159.721
G1 X22.125 Y159.650
G1 X21.835 Y159.434
G1 X21.639 Y159.065
G1 X21.530 Y158.531
G1 X21.350 Y156.981
G1 X22.845 Y156.676
G1 X23.343 Y156.774
G1 X23.870 Y157.156
G1 X23.973 Y157.096
G1 X24.010 Y156.931
G0 Z5.000 F500.000
G0 X24.165 Y156.826 F3000.000
G1 Z1.000 F500.000
G4 P100
G1 X24.227 Y156.596 F1000.000
G1 X24.400 Y156.521
G1 X24.610 Y156.651
G1 X24.755 Y156.996
G1 X24.940 Y157.916
G1 X24.553 Y157.759
G1 X24.270 Y157.356
G1 X24.165 Y156.826
G0 Z5.000 F500.000
G0 X23.725 Y157.589 F3000.000
G1 Z1.000 F500.000
G4 P100
G1 X23.941 Y157.911 F1000.000
G1 X24.534 Y158.327
G1 X24.870 Y158.381
G1 X25.017 Y158.339
G1 X25.080 Y158.186
G1 X25.484 Y158.163
G1 X25.545 Y158.031
G1 X25.355 Y156.731
G1 X25.392 Y156.611
G1 X25.490 Y156.566
G1 X25.720 Y156.689
G1 X26.220 Y157.156
G1 X26.322 Y157.096
G1 X26.360 Y156.931
G1 X26.265 Y156.621
G1 X25.830 Y156.191
G1 X25.385 Y156.016
G1 X25.082 Y156.129
G1 X24.875 Y156.436
G1 X24.581 Y156.121
G1 X24.220 Y156.016
G1 X23.941 Y156.073
G1 X23.725 Y156.241
G1 X23.586 Y156.501
G1 X23.586 Y157.221
G1 X23.725 Y157.589
G0 Z5.000 F500.000
G0 X25.955 Y158.739 F3000.000
G1 Z1.000 F500.000
G4 P100
G1 X25.890 Y159.096 F1000.000
G1 X25.959 Y159.480
G1 X26.168 Y159.779
G1 X26.517 Y160.002
G1 X27.012 Y160.156
G1 X28.470 Y160.276
G1 X29.348 Y160.256
G1 X29.920 Y160.191
G1 X30.152 Y160.086
G1 X30.230 Y159.911
G1 X30.138 Y159.671
G1 X29.845 Y159.611
G1 X28.480 Y159.676
G1 X27.945 Y156.316
G1 X27.825 Y156.094
G1 X27.560 Y156.016
G1 X27.305 Y156.096
G1 X27.215 Y156.306
G1 X27.770 Y159.671
G1 X27.000 Y159.591
G1 X26.602 Y159.409
G1 X26.485 Y159.106
G1 X26.605 Y158.706
G1 X26.492 Y158.529
G1 X26.260 Y158.446
G1 X26.120 Y158.496
G1 X25.955 Y158.739
G0 Z5.000 F500.000
G0 X29.510 Y157.724 F3000.000
G1 Z1.000 F500.000
G4 P100
G1 X29.912 Y158.196 F1000.000
G1 X30.187 Y158.328
G1 X30.756 Y158.328
G1 X30.960 Y158.199
G1 X31.091 Y157.996
G1 X31.135 Y157.731
G1 X31.073 Y157.411
G1 X30.887 Y157.139
G1 X30.554 Y156.917
G1 X30.050 Y156.746
G1 X30.231 Y156.574
G1 X30.525 Y156.516
G1 X31.038 Y156.674
G1 X31.670 Y157.156
G1 X31.773 Y157.096
G1 X31.810 Y156.931
G1 X31.715 Y156.621
G1 X31.193 Y156.206
G1 X30.843 Y156.064
G1 X30.470 Y156.016
G1 X30.004 Y156.088
G1 X29.655 Y156.301
G1 X29.438 Y156.639
G1 X29.365 Y157.081
G1 X29.510 Y157.724
G0 Z5.000 F500.000
G0 X29.970 Y157.146 F3000.000
G1 Z1.000 F500.000
G4 P100
G1 X30.435 Y157.346 F1000.000
G1 X30.562 Y157.498
G1 X30.553 Y157.824
G1 X30.410 Y157.881
G1 X30.239 Y157.828
G1 X30.097 Y157.666
G1 X29.970 Y157.146
G0 Z5.000 F500.000
G0 X31.235 Y156.501 F3000.000
G1 Z1.000 F500.000
G4 P100
G1 X32.855 Y158.346 F1000.000
G1 X32.440 Y159.506
G1 X32.120 Y159.671
G1 X31.832 Y159.575
G1 X31.365 Y159.221
G1 X31.237 Y159.279
G1 X31.185 Y159.426
G1 X31.330 Y159.751
G1 X31.775 Y160.136
G1 X32.038 Y160.245
G1 X32.669 Y160.226
G1 X32.930 Y160.059
G1 X33.136 Y159.768
G1 X33.395 Y158.991
G1 X34.475 Y160.226
G1 X34.730 Y160.276
G1 X34.942 Y160.226
G1 X35.020 Y160.086
G1 X34.885 Y159.811
G1 X33.585 Y158.311
G1 X34.005 Y156.886
G1 X34.152 Y156.679
G1 X34.385 Y156.611
G1 X34.707 Y156.721
G1 X35.230 Y157.156
G1 X35.332 Y157.096
G1 X35.370 Y156.931
G1 X35.275 Y156.621
G1 X34.790 Y156.174
G1 X34.536 Y156.056
G1 X34.255 Y156.016
G1 X33.864 Y156.083
G1 X33.582 Y156.281
G1 X33.377 Y156.608
G1 X33.045 Y157.676
G1 X31.865 Y156.216
G1 X31.660 Y156.054
G1 X31.182 Y156.069
G1 X31.090 Y156.216
G1 X31.235 Y156.501
G0 Z5.000 F500.000
G0 X36.225 Y156.831 F3000.000
G1 Z1.000 F500.000
G4 P100
G1 X36.271 Y157.221 F1000.000
G1 X36.626 Y157.911
G1 X37.219 Y158.327
G1 X37.555 Y158.381
G1 X37.703 Y158.339
G1 X37.765 Y158.186
G1 X38.169 Y158.163
G1 X38.230 Y158.031
G1 X38.040 Y156.731
G1 X38.078 Y156.611
G1 X38.175 Y156.566
G1 X38.405 Y156.689
G1 X38.905 Y157.156
G1 X39.008 Y157.096
G1 X39.045 Y156.931
G1 X38.950 Y156.621
G1 X38.515 Y156.191
G1 X38.070 Y156.016
G1 X37.767 Y156.129
G1 X37.560 Y156.436
G1 X37.266 Y156.121
G1 X36.905 Y156.016
G1 X36.626 Y156.073
G1 X36.410 Y156.241
G1 X36.271 Y156.501
G1 X36.225 Y156.831
G0 Z5.000 F500.000
G0 X36.912 Y156.596 F3000.000
G1 Z1.000 F500.000
G4 P100
G1 X37.085 Y156.521 F1000.000
G1 X37.295 Y156.651
G1 X37.440 Y156.996
G1 X37.625 Y157.916
G1 X37.237 Y157.759
G1 X36.955 Y157.356
G1 X36.850 Y156.826
G1 X36.912 Y156.596
G0 Z5.000 F500.000
G0 X38.650 Y156.856 F3000.000
G1 Z1.000 F500.000
G4 P100
G1 X38.835 Y158.091 F1000.000
G1 X38.983 Y158.304
G1 X39.270 Y158.371
G1 X39.410 Y158.346
G1 X39.450 Y158.251
G1 X39.245 Y157.171
G1 X39.615 Y157.871
G1 X40.017 Y158.256
G1 X40.380 Y158.371
G1 X40.624 Y158.290
G1 X40.705 Y158.046
G1 X40.500 Y156.766
G1 X40.536 Y156.616
G1 X40.645 Y156.566
G1 X40.883 Y156.689
G1 X41.385 Y157.156
G1 X41.487 Y157.096
G1 X41.525 Y156.931
G1 X41.430 Y156.621
G1 X40.968 Y156.186
G1 X40.405 Y156.016
G1 X40.181 Y156.053
G1 X39.922 Y156.345
G1 X39.890 Y156.591
G1 X40.025 Y157.526
G1 X39.970 Y157.606
G1 X39.787 Y157.439
G1 X39.547 Y156.996
G1 X39.222 Y156.099
G1 X38.995 Y156.016
G1 X38.833 Y156.066
G1 X38.727 Y156.216
G1 X38.650 Y156.856
G0 Z5.000 F500.000
G0 X41.104 Y156.506 F3000.000
G1 Z1.000 F500.000
G4 P100
G1 X41.097 Y157.222 F1000.000
G1 X41.225 Y157.579
G1 X41.692 Y158.139
G1 X42.360 Y158.396
G1 X42.498 Y159.296
G1 X42.722 Y160.054
G1 X43.032 Y160.570
G1 X43.218 Y160.698
G1 X43.622 Y160.693
G1 X43.782 Y160.546
G1 X43.889 Y160.301
G1 X43.856 Y159.349
G1 X43.650 Y158.646
G1 X42.915 Y157.106
G1 X43.002 Y156.691
G1 X43.175 Y156.566
G1 X43.450 Y156.686
G1 X43.960 Y157.156
G1 X44.062 Y157.096
G1 X44.100 Y156.931
G1 X44.005 Y156.621
G1 X43.555 Y156.194
G1 X43.070 Y156.016
G1 X42.735 Y156.128
G1 X42.490 Y156.461
G1 X42.123 Y156.106
G1 X41.755 Y156.016
G1 X41.477 Y156.073
G1 X41.252 Y156.244
G1 X41.104 Y156.506
G0 Z5.000 F500.000
G0 X41.742 Y156.613 F3000.000
G1 Z1.000 F500.000
G4 P100
G1 X41.930 Y156.521 F1000.000
G1 X42.120 Y156.599
G1 X42.360 Y156.886
G1 X42.320 Y157.881
G1 X42.068 Y157.747
G1 X41.726 Y157.216
G1 X41.680 Y156.886
G1 X41.742 Y156.613
G0 Z5.000 F500.000
G0 X42.920 Y157.891 F3000.000
G1 Z1.000 F500.000
G4 P100
G1 X43.340 Y158.991 F1000.000
G1 X43.480 Y159.851
G1 X43.370 Y160.251
G1 X43.180 Y159.914
G1 X42.920 Y157.891
G0 Z5.000 F500.000
G0 X45.169 Y158.446 F3000.000
G1 Z1.000 F500.000
G4 P100
G1 X45.377 Y159.071 F1000.000
G1 X45.705 Y159.585
G1 X46.133 Y159.966
G1 X46.636 Y160.203
G1 X47.190 Y160.281
G1 X47.613 Y160.231
G1 X47.992 Y160.081
G1 X48.313 Y159.835
G1 X48.560 Y159.494
G1 X48.718 Y159.068
G1 X48.770 Y158.566
G1 X48.701 Y157.851
G1 X48.493 Y157.226
G1 X48.165 Y156.713
G1 X47.737 Y156.331
G1 X47.234 Y156.095
G1 X46.680 Y156.016
G1 X46.257 Y156.066
G1 X45.877 Y156.216
G1 X45.557 Y156.463
G1 X45.310 Y156.804
G1 X45.153 Y157.230
G1 X45.100 Y157.731
G1 X45.169 Y158.446
G0 Z5.000 F500.000
G0 X45.835 Y157.816 F3000.000
G1 Z1.000 F500.000
G4 P100
G1 X45.898 Y157.293 F1000.000
G1 X46.085 Y156.914
G1 X46.371 Y156.683
G1 X46.730 Y156.606
G1 X47.097 Y156.666
G1 X47.418 Y156.846
G1 X47.681 Y157.133
G1 X47.995 Y157.970
G1 X48.035 Y158.481
G1 X47.973 Y159.005
G1 X47.785 Y159.384
G1 X47.499 Y159.615
G1 X47.140 Y159.691
G1 X46.778 Y159.632
G1 X46.460 Y159.454
G1 X46.197 Y159.169
G1 X46.000 Y158.789
G1 X45.835 Y157.816
G0 Z5.000 F500.000
G0 X48.855 Y159.231 F3000.000
G1 Z1.000 F500.000
G4 P100
G1 X48.995 Y159.581 F1000.000
G1 X49.530 Y160.099
G1 X49.825 Y160.236
G1 X50.363 Y160.238
G1 X50.542 Y160.106
G1 X50.653 Y159.891
G1 X50.690 Y159.596
G1 X50.590 Y158.821
G1 X50.892 Y159.513
G1 X51.230 Y159.959
G1 X51.602 Y160.201
G1 X52.010 Y160.281
G1 X52.301 Y160.224
G1 X52.523 Y160.051
G1 X52.663 Y159.774
G1 X52.665 Y158.991
G1 X52.936 Y159.584
G1 X53.250 Y159.981
G1 X53.610 Y160.206
G1 X54.020 Y160.281
G1 X54.329 Y160.225
G1 X54.557 Y160.056
G1 X54.698 Y159.786
G1 X54.745 Y159.426
G1 X54.375 Y157.461
G1 X54.325 Y157.031
G1 X54.422 Y156.716
G1 X54.695 Y156.611
G1 X55.017 Y156.721
G1 X55.525 Y157.156
G1 X55.627 Y157.096
G1 X55.665 Y156.931
G1 X55.570 Y156.621
G1 X55.055 Y156.161
G1 X54.520 Y156.016
G1 X54.141 Y156.080
G1 X53.855 Y156.269
G1 X53.675 Y156.565
G1 X53.615 Y156.946
G1 X54.025 Y159.296
G1 X53.957 Y159.559
G1 X53.765 Y159.646
G1 X53.524 Y159.571
G1 X53.273 Y159.344
G1 X53.021 Y158.942
G1 X52.782 Y158.341
G1 X52.282 Y156.119
G1 X52.000 Y156.016
G1 X51.752 Y156.096
G1 X51.675 Y156.396
G1 X51.730 Y156.934
G1 X52.100 Y159.276
G1 X52.028 Y159.556
G1 X51.810 Y159.646
G1 X51.561 Y159.577
G1 X51.305 Y159.369
G1 X51.048 Y158.984
G1 X50.571 Y157.552
G1 X50.282 Y156.116
G1 X50.020 Y156.016
G1 X49.755 Y156.099
G1 X49.675 Y156.411
G1 X50.020 Y158.836
G1 X50.024 Y159.605
G1 X49.900 Y159.661
G1 X49.587 Y159.529
G1 X49.030 Y159.011
G1 X48.907 Y159.079
G1 X48.855 Y159.231
G0 Z5.000 F500.000
G0 X55.015 Y159.231 F3000.000
G1 Z1.000 F500.000
G4 P100
G1 X55.155 Y159.581 F1000.000
G1 X55.690 Y160.099
G1 X55.985 Y160.236
G1 X56.523 Y160.238
G1 X56.702 Y160.106
G1 X56.813 Y159.891
G1 X56.850 Y159.596
G1 X56.750 Y158.821
G1 X57.052 Y159.513
G1 X57.390 Y159.959
G1 X57.762 Y160.201
G1 X58.170 Y160.281
G1 X58.461 Y160.224
G1 X58.682 Y160.051
G1 X58.823 Y159.774
G1 X58.825 Y158.991
G1 X59.096 Y159.584
G1 X59.410 Y159.981
G1 X59.770 Y160.206
G1 X60.180 Y160.281
G1 X60.489 Y160.225
G1 X60.717 Y160.056
G1 X60.858 Y159.786
G1 X60.905 Y159.426
G1 X60.535 Y157.461
G1 X60.485 Y157.031
G1 X60.582 Y156.716
G1 X60.855 Y156.611
G1 X61.177 Y156.721
G1 X61.685 Y157.156
G1 X61.787 Y157.096
G1 X61.825 Y156.931
G1 X61.730 Y156.621
G1 X61.215 Y156.161
G1 X60.680 Y156.016
G1 X60.301 Y156.080
G1 X60.015 Y156.269
G1 X59.835 Y156.565
G1 X59.775 Y156.946
G1 X60.185 Y159.296
G1 X60.117 Y159.559
G1 X59.925 Y159.646
G1 X59.684 Y159.571
G1 X59.432 Y159.344
G1 X59.181 Y158.942
G1 X58.942 Y158.341
G1 X58.442 Y156.119
G1 X58.160 Y156.016
G1 X57.912 Y156.096
G1 X57.835 Y156.396
G1 X57.890 Y156.934
G1 X58.260 Y159.276
G1 X58.188 Y159.556
G1 X57.970 Y159.646
G1 X57.721 Y159.577
G1 X57.465 Y159.369
G1 X57.208 Y158.984
G1 X56.731 Y157.552
G1 X56.442 Y156.116
G1 X56.180 Y156.016
G1 X55.915 Y156.099
G1 X55.835 Y156.411
G1 X56.180 Y158.836
G1 X56.184 Y159.605
G1 X56.060 Y159.661
G1 X55.747 Y159.529
G1 X55.190 Y159.011
G1 X55.067 Y159.079
G1 X55.015 Y159.231
G0 Z5.000 F500.000
G0 X61.034 Y156.696 F3000.000
G1 Z1.000 F500.000
G4 P100
G1 X61.210 Y156.879 F1000.000
G1 X61.484 Y157.001
G1 X61.900 Y157.041
G1 X61.990 Y158.496
G1 X62.170 Y159.321
G1 X62.585 Y159.876
G1 X63.110 Y160.179
G1 X63.735 Y160.281
G1 X64.212 Y160.211
G1 X64.565 Y160.001
G1 X64.782 Y159.679
G1 X64.855 Y159.271
G1 X64.745 Y158.779
G1 X64.614 Y158.638
G1 X64.440 Y158.591
G1 X64.220 Y158.659
G1 X64.140 Y158.851
G1 X64.190 Y159.266
G1 X64.067 Y159.599
G1 X63.695 Y159.721
G1 X63.305 Y159.650
G1 X63.015 Y159.434
G1 X62.819 Y159.065
G1 X62.710 Y158.531
G1 X62.530 Y156.981
G1 X64.025 Y156.676
G1 X64.522 Y156.774
G1 X65.050 Y157.156
G1 X65.152 Y157.096
G1 X65.190 Y156.931
G1 X65.095 Y156.621
G1 X64.552 Y156.151
G1 X63.920 Y156.016
G1 X63.440 Y156.081
G1 X62.355 Y156.481
G1 X62.036 Y156.133
G1 X61.590 Y156.016
G1 X61.142 Y156.144
G1 X61.017 Y156.290
G1 X61.034 Y156.696
G0 Z5.000 F500.000
G0 X66.035 Y157.081 F3000.000
G1 Z1.000 F500.000
G4 P100
G1 X66.180 Y157.724 F1000.000
G1 X66.353 Y157.991
G1 X66.857 Y158.328
G1 X67.165 Y158.371
G1 X67.426 Y158.328
G1 X67.630 Y158.199
G1 X67.761 Y157.996
G1 X67.805 Y157.731
G1 X67.743 Y157.411
G1 X67.558 Y157.139
G1 X67.224 Y156.917
G1 X66.720 Y156.746
G1 X66.901 Y156.574
G1 X67.195 Y156.516
G1 X67.707 Y156.674
G1 X68.340 Y157.156
G1 X68.442 Y157.096
G1 X68.480 Y156.931
G1 X68.385 Y156.621
G1 X67.862 Y156.206
G1 X67.140 Y156.016
G1 X66.674 Y156.088
G1 X66.325 Y156.301
G1 X66.107 Y156.639
G1 X66.035 Y157.081
G0 Z5.000 F500.000
G0 X66.640 Y157.146 F3000.000
G1 Z1.000 F500.000
G4 P100
G1 X67.105 Y157.346 F1000.000
G1 X67.233 Y157.498
G1 X67.222 Y157.824
G1 X67.080 Y157.881
G1 X66.909 Y157.828
G1 X66.767 Y157.666
G1 X66.640 Y157.146
G0 Z5.000 F500.000
G0 X68.057 Y157.226 F3000.000
G1 Z1.000 F500.000
G4 P100
G1 X68.416 Y157.912 F1000.000
G1 X68.697 Y158.164
G1 X69.021 Y158.327
G1 X69.365 Y158.381
G1 X69.550 Y158.301
G1 X69.685 Y158.516
G1 X69.935 Y158.571
G1 X70.162 Y158.521
G1 X70.215 Y158.376
G1 X69.750 Y156.571
G1 X69.590 Y155.156
G1 X69.627 Y154.764
G1 X69.725 Y154.601
G1 X69.930 Y155.226
G1 X69.930 Y156.586
G1 X70.013 Y156.861
G1 X70.245 Y156.971
G1 X70.880 Y157.001
G1 X70.995 Y156.846
G1 X70.907 Y156.541
G1 X70.670 Y156.431
G1 X70.340 Y156.441
G1 X70.311 Y155.165
G1 X70.162 Y154.556
G1 X69.909 Y154.136
G1 X69.545 Y153.996
G1 X69.294 Y154.078
G1 X69.112 Y154.324
G1 X68.965 Y155.121
G1 X69.095 Y156.276
G1 X68.899 Y156.081
G1 X68.650 Y156.016
G1 X68.398 Y156.074
G1 X68.192 Y156.246
G1 X68.056 Y156.510
G1 X68.057 Y157.226
G0 Z5.000 F500.000
G0 X68.635 Y156.841 F3000.000
G1 Z1.000 F500.000
G4 P100
G1 X68.692 Y156.604 F1000.000
G1 X68.850 Y156.521
G1 X69.070 Y156.664
G1 X69.435 Y157.916
G1 X69.032 Y157.761
G1 X68.743 Y157.364
G1 X68.635 Y156.841
G0 Z5.000 F500.000
G0 X70.625 Y157.429 F3000.000
G1 Z1.000 F500.000
G4 P100
G1 X70.790 Y158.091 F1000.000
G1 X70.930 Y158.306
G1 X71.368 Y158.336
G1 X71.410 Y158.231
G1 X71.175 Y156.926
G1 X71.280 Y156.736
G1 X71.468 Y156.886
G1 X71.707 Y157.341
G1 X72.078 Y158.306
G1 X72.485 Y158.344
G1 X72.530 Y158.241
G1 X72.265 Y156.766
G1 X72.305 Y156.619
G1 X72.410 Y156.566
G1 X72.648 Y156.689
G1 X73.150 Y157.156
G1 X73.252 Y157.096
G1 X73.290 Y156.931
G1 X73.195 Y156.621
G1 X72.733 Y156.186
G1 X72.468 Y156.059
G1 X71.962 Y156.063
G1 X71.817 Y156.201
G1 X71.705 Y156.721
G1 X71.450 Y156.199
G1 X71.085 Y156.016
G1 X70.881 Y156.068
G1 X70.611 Y156.457
G1 X70.625 Y157.429
G0 Z5.000 F500.000
G0 X72.820 Y156.831 F3000.000
G1 Z1.000 F500.000
G4 P100
G1 X72.866 Y157.221 F1000.000
G1 X73.221 Y157.911
G1 X73.814 Y158.327
G1 X74.150 Y158.381
G1 X74.298 Y158.339
G1 X74.360 Y158.186
G1 X74.764 Y158.163
G1 X74.825 Y158.031
G1 X74.635 Y156.731
G1 X74.673 Y156.611
G1 X74.770 Y156.566
G1 X75.000 Y156.689
G1 X75.500 Y157.156
G1 X75.602 Y157.096
G1 X75.640 Y156.931
G1 X75.545 Y156.621
G1 X75.110 Y156.191
G1 X74.665 Y156.016
G1 X74.363 Y156.129
G1 X74.155 Y156.436
G1 X73.861 Y156.121
G1 X73.500 Y156.016
G1 X73.221 Y156.073
G1 X73.005 Y156.241
G1 X72.866 Y156.501
G1 X72.820 Y156.831
G0 Z5.000 F500.000
G0 X73.507 Y156.596 F3000.000
G1 Z1.000 F500.000
G4 P100
G1 X73.680 Y156.521 F1000.000
G1 X73.890 Y156.651
G1 X74.035 Y156.996
G1 X74.220 Y157.916
G1 X73.833 Y157.759
G1 X73.550 Y157.356
G1 X73.445 Y156.826
G1 X73.507 Y156.596
G0 Z5.000 F500.000
G0 X75.053 Y157.951 F3000.000
G1 Z1.000 F500.000
G4 P100
G1 X75.000 Y158.126 F1000.000
G1 X75.056 Y158.336
G1 X75.510 Y158.406
G1 X75.770 Y159.411
G1 X76.192 Y160.136
G1 X76.449 Y160.339
G1 X76.725 Y160.406
G1 X76.913 Y160.360
G1 X77.055 Y160.221
G1 X77.175 Y159.756
G1 X77.134 Y159.381
G1 X77.013 Y159.031
G1 X76.525 Y158.406
G1 X77.200 Y158.371
G1 X77.200 Y158.091
G1 X77.094 Y157.983
G1 X76.670 Y157.896
G1 X76.060 Y157.896
G1 X76.081 Y157.064
G1 X76.173 Y156.776
G1 X76.331 Y156.619
G1 X76.560 Y156.566
G1 X76.940 Y156.696
G1 X77.465 Y157.156
G1 X77.567 Y157.096
G1 X77.605 Y156.931
G1 X77.510 Y156.621
G1 X77.040 Y156.186
G1 X76.766 Y156.059
G1 X76.455 Y156.016
G1 X76.009 Y156.106
G1 X75.690 Y156.375
G1 X75.499 Y156.824
G1 X75.450 Y157.896
G1 X75.053 Y157.951
G0 Z5.000 F500.000
G0 X76.110 Y158.481 F3000.000
G1 Z1.000 F500.000
G4 P100
G1 X76.553 Y159.054 F1000.000
G1 X76.700 Y159.631
G1 X76.673 Y159.853
G1 X76.590 Y159.926
G1 X76.422 Y159.739
G1 X76.248 Y159.219
G1 X76.110 Y158.481
G0 Z5.000 F500.000
G0 X77.435 Y159.071 F3000.000
G1 Z1.000 F500.000
G4 P100
G1 X77.573 Y159.364 F1000.000
G1 X77.915 Y159.481
G1 X78.215 Y159.391
G1 X78.330 Y159.136
G1 X78.200 Y158.819
G1 X77.855 Y158.701
G1 X77.540 Y158.799
G1 X77.435 Y159.071
G0 Z5.000 F500.000
G0 X77.760 Y158.371 F3000.000
G1 Z1.000 F500.000
G4 P100
G1 X77.951 Y158.329 F1000.000
G1 X78.015 Y158.201
G1 X77.800 Y156.876
G1 X77.840 Y156.646
G1 X77.975 Y156.566
G1 X78.200 Y156.691
G1 X78.695 Y157.156
G1 X78.798 Y157.096
G1 X78.835 Y156.931
G1 X78.740 Y156.621
G1 X78.261 Y156.168
G1 X77.815 Y156.016
G1 X77.534 Y156.074
G1 X77.343 Y156.246
G1 X77.195 Y156.856
G1 X77.400 Y158.091
G1 X77.520 Y158.311
G1 X77.760 Y158.371
G0 Z5.000 F500.000
G0 X78.500 Y157.744 F3000.000
G1 Z1.000 F500.000
G4 P100
G1 X78.673 Y158.009 F1000.000
G1 X79.169 Y158.335
G1 X79.465 Y158.376
G1 X79.808 Y158.311
G1 X80.078 Y158.114
G1 X80.262 Y157.821
G1 X80.350 Y157.466
G1 X80.980 Y157.576
G1 X81.080 Y157.511
G1 X81.079 Y157.155
G1 X80.970 Y157.061
G1 X80.310 Y156.941
G1 X80.169 Y156.563
G1 X79.935 Y156.269
G1 X79.636 Y156.080
G1 X79.022 Y156.053
G1 X78.788 Y156.161
G1 X78.465 Y156.546
G1 X78.355 Y157.066
G1 X78.500 Y157.744
G0 Z5.000 F500.000
G0 X78.980 Y157.111 F3000.000
G1 Z1.000 F500.000
G4 P100
G1 X79.088 Y156.691 F1000.000
G1 X79.340 Y156.546
G1 X79.618 Y156.676
G1 X79.775 Y157.051
G1 X79.538 Y157.326
G1 X79.470 Y157.846
G1 X79.268 Y157.798
G1 X79.113 Y157.654
G1 X78.980 Y157.111
G0 Z5.000 F500.000
G0 X80.741 Y157.490 F3000.000
G1 Z1.000 F500.000
G4 P100
G1 X80.880 Y158.091 F1000.000
G1 X81.028 Y158.304
G1 X81.315 Y158.371
G1 X81.455 Y158.346
G1 X81.495 Y158.251
G1 X81.290 Y157.171
G1 X81.660 Y157.871
G1 X82.062 Y158.256
G1 X82.425 Y158.371
G1 X82.669 Y158.290
G1 X82.750 Y158.046
G1 X82.545 Y156.766
G1 X82.581 Y156.616
G1 X82.690 Y156.566
G1 X82.928 Y156.689
G1 X83.430 Y157.156
G1 X83.532 Y157.096
G1 X83.570 Y156.931
G1 X83.475 Y156.621
G1 X83.013 Y156.186
G1 X82.748 Y156.059
G1 X82.226 Y156.053
G1 X81.968 Y156.345
G1 X81.935 Y156.591
G1 X82.070 Y157.526
G1 X82.015 Y157.606
G1 X81.833 Y157.439
G1 X81.593 Y156.996
G1 X81.268 Y156.099
G1 X81.040 Y156.016
G1 X80.878 Y156.066
G1 X80.773 Y156.216
G1 X80.695 Y156.856
G1 X80.741 Y157.490
G0 Z5.000 F500.000
G0 X82.870 Y156.491 F3000.000
G1 Z1.000 F500.000
G4 P100
G1 X83.420 Y157.316 F1000.000
G1 X83.845 Y158.206
G1 X83.991 Y158.371
G1 X84.240 Y158.426
G1 X84.435 Y158.401
G1 X84.490 Y158.321
G1 X84.325 Y157.791
G1 X84.783 Y157.044
G1 X84.855 Y156.581
G1 X85.565 Y157.156
G1 X85.668 Y157.096
G1 X85.705 Y156.931
G1 X85.610 Y156.621
G1 X85.133 Y156.199
G1 X84.095 Y155.906
G1 X83.698 Y156.026
G1 X83.560 Y156.296
G1 X83.655 Y156.521
G1 X83.935 Y156.616
G1 X84.220 Y156.586
G1 X84.163 Y156.831
G1 X83.880 Y157.241
G1 X83.240 Y156.381
G1 X83.050 Y156.291
G1 X82.920 Y156.349
G1 X82.870 Y156.491
G0 Z5.000 F500.000
G0 X86.560 Y156.831 F3000.000
G1 Z1.000 F500.000
G4 P100
G1 X86.606 Y157.221 F1000.000
G1 X86.961 Y157.911
G1 X87.554 Y158.327
G1 X87.890 Y158.381
G1 X88.038 Y158.339
G1 X88.100 Y158.186
G1 X88.504 Y158.163
G1 X88.565 Y158.031
G1 X88.375 Y156.731
G1 X88.413 Y156.611
G1 X88.510 Y156.566
G1 X88.740 Y156.689
G1 X89.240 Y157.156
G1 X89.343 Y157.096
G1 X89.380 Y156.931
G1 X89.285 Y156.621
G1 X88.850 Y156.191
G1 X88.405 Y156.016
G1 X88.103 Y156.129
G1 X87.895 Y156.436
G1 X87.601 Y156.121
G1 X87.240 Y156.016
G1 X86.961 Y156.073
G1 X86.745 Y156.241
G1 X86.606 Y156.501
G1 X86.560 Y156.831
G0 Z5.000 F500.000
G0 X87.248 Y156.596 F3000.000
G1 Z1.000 F500.000
G4 P100
G1 X87.420 Y156.521 F1000.000
G1 X87.630 Y156.651
G1 X87.775 Y156.996
G1 X87.960 Y157.916
G1 X87.573 Y157.759
G1 X87.290 Y157.356
G1 X87.185 Y156.826
G1 X87.248 Y156.596
G0 Z5.000 F500.000
G0 X88.985 Y156.856 F3000.000
G1 Z1.000 F500.000
G4 P100
G1 X89.170 Y158.091 F1000.000
G1 X89.318 Y158.304
G1 X89.605 Y158.371
G1 X89.745 Y158.346
G1 X89.785 Y158.251
G1 X89.580 Y157.171
G1 X89.950 Y157.871
G1 X90.353 Y158.256
G1 X90.715 Y158.371
G1 X90.959 Y158.290
G1 X91.040 Y158.046
G1 X90.986 Y157.350
G1 X91.080 Y157.306
G1 X91.575 Y157.591
G1 X91.678 Y157.534
G1 X91.715 Y157.381
G1 X91.615 Y157.091
G1 X91.288 Y156.844
G1 X90.890 Y156.741
G1 X90.657 Y156.775
G1 X90.384 Y157.035
G1 X90.320 Y157.606
G1 X90.123 Y157.439
G1 X89.880 Y156.996
G1 X89.558 Y156.099
G1 X89.330 Y156.016
G1 X89.168 Y156.066
G1 X89.063 Y156.216
G1 X88.985 Y156.856
G0 Z5.000 F500.000
G0 X91.248 Y156.639 F3000.000
G1 Z1.000 F500.000
G4 P100
G1 X91.175 Y157.081 F1000.000
G1 X91.320 Y157.724
G1 X91.723 Y158.196
G1 X92.305 Y158.371
G1 X92.566 Y158.328
G1 X92.770 Y158.199
G1 X92.901 Y157.996
G1 X92.945 Y157.731
G1 X92.883 Y157.411
G1 X92.698 Y157.139
G1 X92.364 Y156.917
G1 X91.860 Y156.746
G1 X92.041 Y156.574
G1 X92.335 Y156.516
G1 X92.848 Y156.674
G1 X93.480 Y157.156
G1 X93.583 Y157.096
G1 X93.620 Y156.931
G1 X93.525 Y156.621
G1 X93.003 Y156.206
G1 X92.280 Y156.016
G1 X91.814 Y156.088
G1 X91.465 Y156.301
G1 X91.248 Y156.639
G0 Z5.000 F500.000
G0 X91.780 Y157.146 F3000.000
G1 Z1.000 F500.000
G4 P100
G1 X92.245 Y157.346 F1000.000
G1 X92.373 Y157.498
G1 X92.363 Y157.824
G1 X92.220 Y157.881
G1 X92.049 Y157.828
G1 X91.908 Y157.666
G1 X91.780 Y157.146
G0 Z5.000 F500.000
G0 X94.550 Y157.906 F3000.000
G1 Z1.000 F500.000
G4 P100
G1 X94.640 Y158.311 F1000.000
G1 X94.895 Y158.376
G1 X95.088 Y158.319
G1 X95.220 Y156.631
G1 X95.670 Y157.341
G1 X95.595 Y157.686
G1 X95.670 Y158.016
G1 X95.875 Y158.276
G1 X96.170 Y158.376
G1 X96.405 Y158.274
G1 X96.495 Y157.976
G1 X96.375 Y157.461
G1 X97.065 Y157.566
G1 X97.180 Y157.516
G1 X97.220 Y157.381
G1 X97.160 Y157.139
G1 X96.980 Y157.011
G1 X96.490 Y156.936
G1 X96.075 Y156.996
G1 X95.410 Y156.121
G1 X95.080 Y156.016
G1 X94.758 Y156.176
G1 X94.610 Y156.681
G1 X94.550 Y157.906
G0 Z5.000 F500.000
G0 X96.780 Y156.856 F3000.000
G1 Z1.000 F500.000
G4 P100
G1 X96.985 Y158.091 F1000.000
G1 X97.105 Y158.311
G1 X97.345 Y158.371
G1 X97.536 Y158.329
G1 X97.600 Y158.201
G1 X97.385 Y156.876
G1 X97.425 Y156.646
G1 X97.560 Y156.566
G1 X97.785 Y156.691
G1 X98.280 Y157.156
G1 X98.383 Y157.096
G1 X98.420 Y156.931
G1 X98.325 Y156.621
G1 X97.846 Y156.168
G1 X97.400 Y156.016
G1 X97.119 Y156.074
G1 X96.928 Y156.246
G1 X96.780 Y156.856
G0 Z5.000 F500.000
G0 X97.440 Y158.701 F3000.000
G1 Z1.000 F500.000
G4 P100
G1 X97.125 Y158.799 F1000.000
G1 X97.020 Y159.071
G1 X97.158 Y159.364
G1 X97.500 Y159.481
G1 X97.800 Y159.391
G1 X97.915 Y159.136
G1 X97.785 Y158.819
G1 X97.440 Y158.701
G0 Z5.000 F500.000
G0 X98.695 Y158.206 F3000.000
G1 Z1.000 F500.000
G4 P100
G1 X98.841 Y158.371 F1000.000
G1 X99.090 Y158.426
G1 X99.285 Y158.401
G1 X99.340 Y158.321
G1 X99.175 Y157.791
G1 X99.633 Y157.044
G1 X99.705 Y156.581
G1 X100.280 Y157.086
G1 X100.415 Y157.156
G1 X100.518 Y157.096
G1 X100.555 Y156.931
G1 X100.460 Y156.621
G1 X99.983 Y156.199
G1 X98.945 Y155.906
G1 X98.548 Y156.026
G1 X98.410 Y156.296
G1 X98.505 Y156.521
G1 X98.785 Y156.616
G1 X99.070 Y156.586
G1 X99.013 Y156.831
G1 X98.730 Y157.241
G1 X98.090 Y156.381
G1 X97.900 Y156.291
G1 X97.770 Y156.349
G1 X97.720 Y156.491
G1 X97.790 Y156.676
G1 X98.270 Y157.316
G1 X98.695 Y158.206
G0 Z5.000 F500.000
G0 X100.203 Y157.434 F3000.000
G1 Z1.000 F500.000
G4 P100
G1 X100.350 Y158.091 F1000.000
G1 X100.470 Y158.311
G1 X100.710 Y158.371
G1 X100.901 Y158.329
G1 X100.965 Y158.201
G1 X100.750 Y156.876
G1 X100.790 Y156.646
G1 X100.925 Y156.566
G1 X101.150 Y156.691
G1 X101.645 Y157.156
G1 X101.748 Y157.096
G1 X101.785 Y156.931
G1 X101.690 Y156.621
G1 X101.211 Y156.168
G1 X100.765 Y156.016
G1 X100.484 Y156.074
G1 X100.293 Y156.246
G1 X100.182 Y156.514
G1 X100.203 Y157.434
G0 Z5.000 F500.000
G0 X100.805 Y158.701 F3000.000
G1 Z1.000 F500.000
G4 P100
G1 X100.490 Y158.799 F1000.000
G1 X100.385 Y159.071
G1 X100.523 Y159.364
G1 X100.865 Y159.481
G1 X101.165 Y159.391
G1 X101.280 Y159.136
G1 X101.150 Y158.819
G1 X100.805 Y158.701
G0 Z5.000 F500.000
G0 X101.575 Y158.919 F3000.000
G1 Z1.000 F500.000
G4 P100
G1 X101.772 Y159.620 F1000.000
G1 X102.043 Y160.209
G1 X102.379 Y160.608
G1 X102.775 Y160.741
G1 X102.983 Y160.692
G1 X103.250 Y160.317
G1 X103.285 Y160.031
G1 X103.130 Y159.216
G1 X102.615 Y158.366
G1 X102.919 Y158.285
G1 X103.160 Y158.089
G1 X103.328 Y157.807
G1 X103.410 Y157.466
G1 X104.040 Y157.576
G1 X104.140 Y157.511
G1 X104.140 Y157.154
G1 X104.030 Y157.061
G1 X103.370 Y156.941
G1 X103.226 Y156.566
G1 X102.993 Y156.271
G1 X102.701 Y156.080
G1 X102.380 Y156.016
G1 X101.944 Y156.113
G1 X101.645 Y156.401
G1 X101.473 Y156.873
G1 X101.415 Y157.516
G1 X101.575 Y158.919
G0 Z5.000 F500.000
G0 X102.074 Y157.437 F3000.000
G1 Z1.000 F500.000
G4 P100
G1 X102.040 Y157.131 F1000.000
G1 X102.148 Y156.696
G1 X102.400 Y156.546
G1 X102.675 Y156.676
G1 X102.835 Y157.051
G1 X102.598 Y157.326
G1 X102.535 Y157.876
G1 X102.336 Y157.826
G1 X102.074 Y157.437
G0 Z5.000 F500.000
G0 X102.075 Y158.026 F3000.000
G1 Z1.000 F500.000
G4 P100
G1 X102.751 Y159.531 F1000.000
G1 X102.800 Y159.916
G1 X102.763 Y160.161
G1 X102.660 Y160.246
G1 X102.443 Y159.949
G1 X102.225 Y159.141
G1 X102.075 Y158.026
G0 Z5.000 F500.000
G0 X103.938 Y158.841 F3000.000
G1 Z1.000 F500.000
G4 P100
G1 X104.133 Y159.566 F1000.000
G1 X104.403 Y160.181
G1 X104.739 Y160.601
G1 X105.135 Y160.741
G1 X105.349 Y160.686
G1 X105.513 Y160.519
G1 X105.616 Y160.248
G1 X105.650 Y159.881
G1 X105.568 Y159.239
G1 X105.320 Y158.501
G1 X104.931 Y157.720
G1 X104.425 Y156.946
G1 X104.540 Y156.654
G1 X104.750 Y156.566
G1 X105.110 Y156.684
G1 X105.640 Y157.156
G1 X105.743 Y157.096
G1 X105.780 Y156.931
G1 X105.685 Y156.621
G1 X105.218 Y156.186
G1 X104.948 Y156.059
G1 X104.645 Y156.016
G1 X104.262 Y156.116
G1 X103.993 Y156.416
G1 X103.833 Y156.875
G1 X103.780 Y157.451
G1 X103.938 Y158.841
G0 Z5.000 F500.000
G0 X104.390 Y157.621 F3000.000
G1 Z1.000 F500.000
G4 P100
G1 X104.955 Y158.794 F1000.000
G1 X105.113 Y159.356
G1 X105.165 Y159.866
G1 X105.130 Y160.151
G1 X105.025 Y160.246
G1 X104.765 Y159.831
G1 X104.510 Y158.801
G1 X104.390 Y157.621
G0 Z5.000 F500.000
G0 X105.618 Y157.991 F3000.000
G1 Z1.000 F500.000
G4 P100
G1 X106.122 Y158.328 F1000.000
G1 X106.691 Y158.328
G1 X106.895 Y158.199
G1 X107.026 Y157.996
G1 X107.070 Y157.731
G1 X107.008 Y157.411
G1 X106.823 Y157.139
G1 X106.489 Y156.917
G1 X105.985 Y156.746
G1 X106.166 Y156.574
G1 X106.460 Y156.516
G1 X106.973 Y156.674
G1 X107.605 Y157.156
G1 X107.708 Y157.096
G1 X107.745 Y156.931
G1 X107.650 Y156.621
G1 X107.128 Y156.206
G1 X106.778 Y156.064
G1 X106.405 Y156.016
G1 X105.939 Y156.088
G1 X105.590 Y156.301
G1 X105.373 Y156.639
G1 X105.300 Y157.081
G1 X105.445 Y157.724
G1 X105.618 Y157.991
G0 Z5.000 F500.000
G0 X106.033 Y157.666 F3000.000
G1 Z1.000 F500.000
G4 P100
G1 X105.905 Y157.146 F1000.000
G1 X106.370 Y157.346
G1 X106.540 Y157.671
G1 X106.488 Y157.824
G1 X106.345 Y157.881
G1 X106.174 Y157.828
G1 X106.033 Y157.666
G0 Z5.000 F500.000
G0 X108.646 Y157.221 F3000.000
G1 Z1.000 F500.000
G4 P100
G1 X109.001 Y157.911 F1000.000
G1 X109.278 Y158.164
G1 X109.594 Y158.327
G1 X109.930 Y158.381
G1 X110.078 Y158.339
G1 X110.140 Y158.186
G1 X110.544 Y158.163
G1 X110.605 Y158.031
G1 X110.415 Y156.731
G1 X110.453 Y156.611
G1 X110.550 Y156.566
G1 X110.780 Y156.689
G1 X111.280 Y157.156
G1 X111.383 Y157.096
G1 X111.420 Y156.931
G1 X111.325 Y156.621
G1 X110.890 Y156.191
G1 X110.445 Y156.016
G1 X110.143 Y156.129
G1 X109.935 Y156.436
G1 X109.641 Y156.121
G1 X109.280 Y156.016
G1 X109.001 Y156.073
G1 X108.785 Y156.241
G1 X108.646 Y156.501
G1 X108.646 Y157.221
G0 Z5.000 F500.000
G0 X109.225 Y156.826 F3000.000
G1 Z1.000 F500.000
G4 P100
G1 X109.288 Y156.596 F1000.000
G1 X109.460 Y156.521
G1 X109.670 Y156.651
G1 X109.815 Y156.996
G1 X110.000 Y157.916
G1 X109.613 Y157.759
G1 X109.330 Y157.356
G1 X109.225 Y156.826
G0 Z5.000 F500.000
G0 X111.071 Y157.490 F3000.000
G1 Z1.000 F500.000
G4 P100
G1 X111.210 Y158.091 F1000.000
G1 X111.358 Y158.304
G1 X111.645 Y158.371
G1 X111.785 Y158.346
G1 X111.825 Y158.251
G1 X111.620 Y157.171
G1 X111.990 Y157.871
G1 X112.393 Y158.256
G1 X112.755 Y158.371
G1 X112.999 Y158.290
G1 X113.080 Y158.046
G1 X112.875 Y156.766
G1 X112.911 Y156.616
G1 X113.020 Y156.566
G1 X113.258 Y156.689
G1 X113.760 Y157.156
G1 X113.863 Y157.096
G1 X113.900 Y156.931
G1 X113.805 Y156.621
G1 X113.343 Y156.186
G1 X113.078 Y156.059
G1 X112.556 Y156.053
G1 X112.298 Y156.345
G1 X112.265 Y156.591
G1 X112.400 Y157.526
G1 X112.345 Y157.606
G1 X112.163 Y157.439
G1 X111.923 Y156.996
G1 X111.598 Y156.099
G1 X111.370 Y156.016
G1 X111.208 Y156.066
G1 X111.103 Y156.216
G1 X111.025 Y156.856
G1 X111.071 Y157.490
G0 Z5.000 F500.000
G0 X113.430 Y156.836 F3000.000
G1 Z1.000 F500.000
G4 P100
G1 X113.473 Y157.222 F1000.000
G1 X113.802 Y157.890
G1 X114.383 Y158.312
G1 X114.735 Y158.396
G1 X114.873 Y159.296
G1 X115.098 Y160.054
G1 X115.407 Y160.570
G1 X115.593 Y160.698
G1 X115.997 Y160.693
G1 X116.158 Y160.546
G1 X116.264 Y160.301
G1 X116.231 Y159.349
G1 X116.025 Y158.646
G1 X115.290 Y157.106
G1 X115.378 Y156.691
G1 X115.550 Y156.566
G1 X115.825 Y156.686
G1 X116.335 Y157.156
G1 X116.438 Y157.096
G1 X116.475 Y156.931
G1 X116.380 Y156.621
G1 X115.686 Y156.061
G1 X115.445 Y156.016
G1 X115.110 Y156.128
G1 X114.865 Y156.461
G1 X114.498 Y156.106
G1 X114.130 Y156.016
G1 X113.852 Y156.073
G1 X113.628 Y156.244
G1 X113.479 Y156.506
G1 X113.430 Y156.836
G0 Z5.000 F500.000
G0 X114.118 Y156.613 F3000.000
G1 Z1.000 F500.000
G4 P100
G1 X114.305 Y156.521 F1000.000
G1 X114.495 Y156.599
G1 X114.735 Y156.886
G1 X114.695 Y157.881
G1 X114.443 Y157.747
G1 X114.101 Y157.216
G1 X114.055 Y156.886
G1 X114.118 Y156.613
G0 Z5.000 F500.000
G0 X115.295 Y157.891 F3000.000
G1 Z1.000 F500.000
G4 P100
G1 X115.715 Y158.991 F1000.000
G1 X115.855 Y159.851
G1 X115.745 Y160.251
G1 X115.555 Y159.914
G1 X115.295 Y157.891
G0 Z5.000 F500.000
G0 X117.610 Y158.091 F3000.000
G1 Z1.000 F500.000
G4 P100
G1 X117.750 Y158.306 F1000.000
G1 X118.035 Y158.371
G1 X118.188 Y158.336
G1 X118.230 Y158.231
G1 X117.995 Y156.926
G1 X118.100 Y156.736
G1 X118.288 Y156.886
G1 X118.528 Y157.341
G1 X118.898 Y158.306
G1 X119.305 Y158.344
G1 X119.350 Y158.241
G1 X119.085 Y156.766
G1 X119.125 Y156.619
G1 X119.230 Y156.566
G1 X119.468 Y156.689
G1 X119.970 Y157.156
G1 X120.073 Y157.096
G1 X120.110 Y156.931
G1 X120.015 Y156.621
G1 X119.553 Y156.186
G1 X118.990 Y156.016
G1 X118.782 Y156.063
G1 X118.638 Y156.201
G1 X118.525 Y156.721
G1 X118.270 Y156.199
G1 X117.905 Y156.016
G1 X117.701 Y156.068
G1 X117.431 Y156.457
G1 X117.395 Y156.741
G1 X117.445 Y157.429
G1 X117.610 Y158.091
G0 Z5.000 F500.000
G0 X119.480 Y156.676 F3000.000
G1 Z1.000 F500.000
G4 P100
G1 X119.960 Y157.316 F1000.000
G1 X120.385 Y158.206
G1 X120.531 Y158.371
G1 X120.780 Y158.426
G1 X120.975 Y158.401
G1 X121.030 Y158.321
G1 X120.865 Y157.791
G1 X121.323 Y157.044
G1 X121.395 Y156.581
G1 X122.105 Y157.156
G1 X122.208 Y157.096
G1 X122.245 Y156.931
G1 X122.150 Y156.621
G1 X121.673 Y156.199
G1 X120.635 Y155.906
G1 X120.238 Y156.026
G1 X120.100 Y156.296
G1 X120.195 Y156.521
G1 X120.475 Y156.616
G1 X120.760 Y156.586
G1 X120.703 Y156.831
G1 X120.420 Y157.241
G1 X119.780 Y156.381
G1 X119.590 Y156.291
G1 X119.460 Y156.349
G1 X119.410 Y156.491
G1 X119.480 Y156.676
G0 Z5.000 F500.000
G0 X121.765 Y157.081 F3000.000
G1 Z1.000 F500.000
G4 P100
G1 X121.910 Y157.724 F1000.000
G1 X122.083 Y157.991
G1 X122.587 Y158.328
G1 X122.895 Y158.371
G1 X123.156 Y158.328
G1 X123.360 Y158.199
G1 X123.491 Y157.996
G1 X123.535 Y157.731
G1 X123.473 Y157.411
G1 X123.288 Y157.139
G1 X122.954 Y156.917
G1 X122.450 Y156.746
G1 X122.631 Y156.574
G1 X122.925 Y156.516
G1 X123.438 Y156.674
G1 X124.070 Y157.156
G1 X124.173 Y157.096
G1 X124.210 Y156.931
G1 X124.115 Y156.621
G1 X123.593 Y156.206
G1 X122.870 Y156.016
G1 X122.404 Y156.088
G1 X122.055 Y156.301
G1 X121.838 Y156.639
G1 X121.765 Y157.081
G0 Z5.000 F500.000
G0 X122.370 Y157.146 F3000.000
G1 Z1.000 F500.000
G4 P100
G1 X122.835 Y157.346 F1000.000
G1 X122.963 Y157.498
G1 X122.953 Y157.824
G1 X122.810 Y157.881
G1 X122.639 Y157.828
G1 X122.498 Y157.666
G1 X122.370 Y157.146
G0 Z5.000 F500.000
G0 X125.090 Y157.406 F3000.000
G1 Z1.000 F500.000
G4 P100
G1 X125.210 Y157.736 F1000.000
G1 X125.625 Y158.206
G1 X125.886 Y158.330
G1 X126.404 Y158.331
G1 X126.702 Y158.023
G1 X126.740 Y157.791
G1 X126.648 Y157.436
G1 X126.405 Y157.291
G1 X126.253 Y157.336
G1 X126.213 Y157.846
G1 X126.120 Y157.881
G1 X125.905 Y157.779
G1 X125.745 Y157.501
G1 X125.685 Y157.116
G1 X125.811 Y156.681
G1 X126.190 Y156.536
G1 X126.633 Y156.674
G1 X127.235 Y157.156
G1 X127.338 Y157.096
G1 X127.375 Y156.931
G1 X127.280 Y156.621
G1 X126.718 Y156.174
G1 X126.085 Y156.016
G1 X125.649 Y156.086
G1 X125.323 Y156.294
G1 X125.118 Y156.616
G1 X125.050 Y157.026
G1 X125.090 Y157.406
G0 Z5.000 F500.000
G0 X126.895 Y157.081 F3000.000
G1 Z1.000 F500.000
G4 P100
G1 X127.040 Y157.724 F1000.000
G1 X127.213 Y157.991
G1 X127.717 Y158.328
G1 X128.025 Y158.371
G1 X128.286 Y158.328
G1 X128.490 Y158.199
G1 X128.621 Y157.996
G1 X128.665 Y157.731
G1 X128.603 Y157.411
G1 X128.418 Y157.139
G1 X128.084 Y156.917
G1 X127.580 Y156.746
G1 X127.761 Y156.574
G1 X128.055 Y156.516
G1 X128.568 Y156.674
G1 X129.200 Y157.156
G1 X129.303 Y157.096
G1 X129.340 Y156.931
G1 X129.245 Y156.621
G1 X128.723 Y156.206
G1 X128.000 Y156.016
G1 X127.534 Y156.088
G1 X127.185 Y156.301
G1 X126.968 Y156.639
G1 X126.895 Y157.081
G0 Z5.000 F500.000
G0 X127.500 Y157.146 F3000.000
G1 Z1.000 F500.000
G4 P100
G1 X127.965 Y157.346 F1000.000
G1 X128.093 Y157.498
G1 X128.083 Y157.824
G1 X127.940 Y157.881
G1 X127.769 Y157.828
G1 X127.628 Y157.666
G1 X127.500 Y157.146
G0 Z5.000 F500.000
G0 X128.991 Y157.490 F3000.000
G1 Z1.000 F500.000
G4 P100
G1 X129.130 Y158.091 F1000.000
G1 X129.278 Y158.304
G1 X129.565 Y158.371
G1 X129.705 Y158.346
G1 X129.745 Y158.251
G1 X129.540 Y157.171
G1 X129.910 Y157.871
G1 X130.313 Y158.256
G1 X130.675 Y158.371
G1 X130.919 Y158.290
G1 X131.000 Y158.046
G1 X130.795 Y156.766
G1 X130.831 Y156.616
G1 X130.940 Y156.566
G1 X131.178 Y156.689
G1 X131.680 Y157.156
G1 X131.783 Y157.096
G1 X131.820 Y156.931
G1 X131.725 Y156.621
G1 X131.263 Y156.186
G1 X130.998 Y156.059
G1 X130.476 Y156.053
G1 X130.218 Y156.345
G1 X130.185 Y156.591
G1 X130.320 Y157.526
G1 X130.265 Y157.606
G1 X130.083 Y157.439
G1 X129.843 Y156.996
G1 X129.518 Y156.099
G1 X129.290 Y156.016
G1 X129.128 Y156.066
G1 X129.023 Y156.216
G1 X128.945 Y156.856
G1 X128.991 Y157.490
G0 Z5.000 F500.000
G0 X131.233 Y157.951 F3000.000
G1 Z1.000 F500.000
G4 P100
G1 X131.180 Y158.126 F1000.000
G1 X131.236 Y158.336
G1 X131.690 Y158.406
G1 X131.950 Y159.411
G1 X132.373 Y160.136
G1 X132.629 Y160.339
G1 X132.905 Y160.406
G1 X133.093 Y160.360
G1 X133.235 Y160.221
G1 X133.355 Y159.756
G1 X133.314 Y159.381
G1 X133.193 Y159.031
G1 X132.705 Y158.406
G1 X133.380 Y158.371
G1 X133.380 Y158.091
G1 X133.274 Y157.983
G1 X132.850 Y157.896
G1 X132.240 Y157.896
G1 X132.261 Y157.064
G1 X132.353 Y156.776
G1 X132.511 Y156.619
G1 X132.740 Y156.566
G1 X133.120 Y156.696
G1 X133.645 Y157.156
G1 X133.748 Y157.096
G1 X133.785 Y156.931
G1 X133.690 Y156.621
G1 X133.220 Y156.186
G1 X132.946 Y156.059
G1 X132.635 Y156.016
G1 X132.189 Y156.106
G1 X131.870 Y156.375
G1 X131.679 Y156.824
G1 X131.630 Y157.896
G1 X131.233 Y157.951
G0 Z5.000 F500.000
G0 X132.290 Y158.481 F3000.000
G1 Z1.000 F500.000
G4 P100
G1 X132.733 Y159.054 F1000.000
G1 X132.880 Y159.631
G1 X132.853 Y159.853
G1 X132.770 Y159.926
G1 X132.603 Y159.739
G1 X132.428 Y159.219
G1 X132.290 Y158.481
G0 Z5.000 F500.000
G0 X133.623 Y157.991 F3000.000
G1 Z1.000 F500.000
G4 P100
G1 X134.127 Y158.328 F1000.000
G1 X134.696 Y158.328
G1 X134.900 Y158.199
G1 X135.031 Y157.996
G1 X135.075 Y157.731
G1 X135.013 Y157.411
G1 X134.828 Y157.139
G1 X134.494 Y156.917
G1 X133.990 Y156.746
G1 X134.171 Y156.574
G1 X134.465 Y156.516
G1 X134.978 Y156.674
G1 X135.610 Y157.156
G1 X135.713 Y157.096
G1 X135.750 Y156.931
G1 X135.655 Y156.621
G1 X135.133 Y156.206
G1 X134.783 Y156.064
G1 X134.410 Y156.016
G1 X133.944 Y156.088
G1 X133.595 Y156.301
G1 X133.378 Y156.639
G1 X133.305 Y157.081
G1 X133.450 Y157.724
G1 X133.623 Y157.991
G0 Z5.000 F500.000
G0 X134.038 Y157.666 F3000.000
G1 Z1.000 F500.000
G4 P100
G1 X133.910 Y157.146 F1000.000
G1 X134.375 Y157.346
G1 X134.545 Y157.671
G1 X134.493 Y157.824
G1 X134.350 Y157.881
G1 X134.179 Y157.828
G1 X134.038 Y157.666
G0 Z5.000 F500.000
G0 X135.401 Y157.490 F3000.000
G1 Z1.000 F500.000
G4 P100
G1 X135.540 Y158.091 F1000.000
G1 X135.688 Y158.304
G1 X135.975 Y158.371
G1 X136.115 Y158.346
G1 X136.155 Y158.251
G1 X135.950 Y157.171
G1 X136.320 Y157.871
G1 X136.723 Y158.256
G1 X137.085 Y158.371
G1 X137.329 Y158.290
G1 X137.410 Y158.046
G1 X137.356 Y157.350
G1 X137.450 Y157.306
G1 X137.945 Y157.591
G1 X138.048 Y157.534
G1 X138.085 Y157.381
G1 X137.985 Y157.091
G1 X137.658 Y156.844
G1 X137.260 Y156.741
G1 X137.027 Y156.775
G1 X136.754 Y157.035
G1 X136.690 Y157.606
G1 X136.493 Y157.439
G1 X136.250 Y156.996
G1 X135.928 Y156.099
G1 X135.700 Y156.016
G1 X135.538 Y156.066
G1 X135.433 Y156.216
G1 X135.355 Y156.856
G1 X135.401 Y157.490
G0 Z5.000 F500.000
G0 X137.708 Y156.875 F3000.000
G1 Z1.000 F500.000
G4 P100
G1 X137.655 Y157.451 F1000.000
G1 X137.813 Y158.841
G1 X138.008 Y159.566
G1 X138.278 Y160.181
G1 X138.614 Y160.601
G1 X139.010 Y160.741
G1 X139.224 Y160.686
G1 X139.388 Y160.519
G1 X139.491 Y160.248
G1 X139.525 Y159.881
G1 X139.443 Y159.239
G1 X139.195 Y158.501
G1 X138.806 Y157.720
G1 X138.300 Y156.946
G1 X138.415 Y156.654
G1 X138.625 Y156.566
G1 X138.985 Y156.684
G1 X139.515 Y157.156
G1 X139.618 Y157.096
G1 X139.655 Y156.931
G1 X139.560 Y156.621
G1 X139.093 Y156.186
G1 X138.520 Y156.016
G1 X138.137 Y156.116
G1 X137.868 Y156.416
G1 X137.708 Y156.875
G0 Z5.000 F500.000
G0 X138.265 Y157.621 F3000.000
G1 Z1.000 F500.000
G4 P100
G1 X138.830 Y158.794 F1000.000
G1 X138.988 Y159.356
G1 X139.040 Y159.866
G1 X139.005 Y160.151
G1 X138.900 Y160.246
G1 X138.640 Y159.831
G1 X138.385 Y158.801
G1 X138.265 Y157.621
G0 Z5.000 F500.000
G0 X139.485 Y159.071 F3000.000
G1 Z1.000 F500.000
G4 P100
G1 X139.623 Y159.364 F1000.000
G1 X139.965 Y159.481
G1 X140.265 Y159.391
G1 X140.380 Y159.136
G1 X140.250 Y158.819
G1 X139.905 Y158.701
G1 X139.590 Y158.799
G1 X139.485 Y159.071
G0 Z5.000 F500.000
G0 X139.810 Y158.371 F3000.000
G1 Z1.000 F500.000
G4 P100
G1 X140.001 Y158.329 F1000.000
G1 X140.065 Y158.201
G1 X139.850 Y156.876
G1 X139.890 Y156.646
G1 X140.025 Y156.566
G1 X140.250 Y156.691
G1 X140.745 Y157.156
G1 X140.848 Y157.096
G1 X140.885 Y156.931
G1 X140.790 Y156.621
G1 X140.311 Y156.168
G1 X139.865 Y156.016
G1 X139.584 Y156.074
G1 X139.393 Y156.246
G1 X139.245 Y156.856
G1 X139.450 Y158.091
G1 X139.570 Y158.311
G1 X139.810 Y158.371
G0 Z5.000 F500.000
G0 X140.675 Y158.091 F3000.000
G1 Z1.000 F500.000
G4 P100
G1 X140.823 Y158.304 F1000.000
G1 X141.250 Y158.346
G1 X141.290 Y158.251
G1 X141.085 Y157.171
G1 X141.455 Y157.871
G1 X141.858 Y158.256
G1 X142.220 Y158.371
G1 X142.464 Y158.290
G1 X142.545 Y158.046
G1 X142.340 Y156.766
G1 X142.376 Y156.616
G1 X142.485 Y156.566
G1 X142.723 Y156.689
G1 X143.225 Y157.156
G1 X143.328 Y157.096
G1 X143.365 Y156.931
G1 X143.270 Y156.621
G1 X142.808 Y156.186
G1 X142.543 Y156.059
G1 X142.021 Y156.053
G1 X141.763 Y156.345
G1 X141.730 Y156.591
G1 X141.865 Y157.526
G1 X141.810 Y157.606
G1 X141.628 Y157.439
G1 X141.388 Y156.996
G1 X141.063 Y156.099
G1 X140.835 Y156.016
G1 X140.673 Y156.066
G1 X140.568 Y156.216
G1 X140.490 Y156.856
G1 X140.675 Y158.091
G0 Z5.000 F500.000
G0 X142.885 Y157.081 F3000.000
G1 Z1.000 F500.000
G4 P100
G1 X143.030 Y157.724 F1000.000
G1 X143.203 Y157.991
G1 X143.707 Y158.328
G1 X144.015 Y158.371
G1 X144.276 Y158.328
G1 X144.480 Y158.199
G1 X144.611 Y157.996
G1 X144.655 Y157.731
G1 X144.593 Y157.411
G1 X144.408 Y157.139
G1 X144.074 Y156.917
G1 X143.570 Y156.746
G1 X143.751 Y156.574
G1 X144.045 Y156.516
G1 X144.558 Y156.674
G1 X145.190 Y157.156
G1 X145.293 Y157.096
G1 X145.330 Y156.931
G1 X145.235 Y156.621
G1 X144.713 Y156.206
G1 X143.990 Y156.016
G1 X143.524 Y156.088
G1 X143.175 Y156.301
G1 X142.958 Y156.639
G1 X142.885 Y157.081
G0 Z5.000 F500.000
G0 X143.490 Y157.146 F3000.000
G1 Z1.000 F500.000
G4 P100
G1 X143.955 Y157.346 F1000.000
G1 X144.083 Y157.498
G1 X144.073 Y157.824
G1 X143.930 Y157.881
G1 X143.759 Y157.828
G1 X143.618 Y157.666
G1 X143.490 Y157.146
G0 Z5.000 F500.000
G0 X22.780 Y146.834 F3000.000
G1 Z1.000 F500.000
G4 P100
G1 X22.685 Y146.524 F1000.000
G1 X22.207 Y146.102
G1 X21.170 Y145.809
G1 X20.773 Y145.929
G1 X20.635 Y146.199
G1 X20.730 Y146.424
G1 X21.010 Y146.519
G1 X21.295 Y146.489
G1 X21.238 Y146.734
G1 X20.955 Y147.144
G1 X20.315 Y146.284
G1 X20.125 Y146.194
G1 X19.995 Y146.252
G1 X19.945 Y146.394
G1 X20.495 Y147.219
G1 X20.920 Y148.109
G1 X21.066 Y148.274
G1 X21.315 Y148.329
G1 X21.510 Y148.304
G1 X21.565 Y148.224
G1 X21.400 Y147.694
G1 X21.858 Y146.947
G1 X21.930 Y146.484
G1 X22.640 Y147.059
G1 X22.742 Y146.999
G1 X22.780 Y146.834
G0 Z5.000 F500.000
G0 X22.639 Y146.727 F3000.000
G1 Z1.000 F500.000
G4 P100
G1 X22.590 Y147.799 F1000.000
G1 X22.192 Y147.854
G1 X22.140 Y148.029
G1 X22.196 Y148.239
G1 X22.650 Y148.309
G1 X22.910 Y149.314
G1 X23.332 Y150.039
G1 X23.589 Y150.242
G1 X23.865 Y150.309
G1 X24.052 Y150.263
G1 X24.195 Y150.124
G1 X24.315 Y149.659
G1 X24.274 Y149.284
G1 X24.152 Y148.934
G1 X23.665 Y148.309
G1 X24.340 Y148.274
G1 X24.340 Y147.994
G1 X24.234 Y147.886
G1 X23.810 Y147.799
G1 X23.200 Y147.799
G1 X23.221 Y146.967
G1 X23.312 Y146.679
G1 X23.471 Y146.522
G1 X23.700 Y146.469
G1 X24.080 Y146.599
G1 X24.605 Y147.059
G1 X24.707 Y146.999
G1 X24.745 Y146.834
G1 X24.650 Y146.524
G1 X24.180 Y146.089
G1 X23.595 Y145.919
G1 X23.149 Y146.009
G1 X22.830 Y146.278
G1 X22.639 Y146.727
G0 Z5.000 F500.000
G0 X23.250 Y148.384 F3000.000
G1 Z1.000 F500.000
G4 P100
G1 X23.692 Y148.957 F1000.000
G1 X23.840 Y149.534
G1 X23.812 Y149.756
G1 X23.730 Y149.829
G1 X23.562 Y149.642
G1 X23.387 Y149.122
G1 X23.250 Y148.384
G0 Z5.000 F500.000
G0 X24.683 Y148.207 F3000.000
G1 Z1.000 F500.000
G4 P100
G1 X24.970 Y148.274 F1000.000
G1 X25.110 Y148.249
G1 X25.150 Y148.154
G1 X24.945 Y147.074
G1 X25.315 Y147.774
G1 X25.718 Y148.159
G1 X26.080 Y148.274
G1 X26.324 Y148.193
G1 X26.405 Y147.949
G1 X26.351 Y147.253
G1 X26.445 Y147.209
G1 X26.940 Y147.494
G1 X27.042 Y147.437
G1 X27.080 Y147.284
G1 X26.980 Y146.994
G1 X26.652 Y146.747
G1 X26.255 Y146.644
G1 X26.022 Y146.678
G1 X25.749 Y146.938
G1 X25.685 Y147.509
G1 X25.488 Y147.342
G1 X25.245 Y146.899
G1 X24.922 Y146.002
G1 X24.695 Y145.919
G1 X24.533 Y145.969
G1 X24.427 Y146.119
G1 X24.350 Y146.759
G1 X24.396 Y147.393
G1 X24.535 Y147.994
G1 X24.683 Y148.207
G0 Z5.000 F500.000
G0 X26.685 Y147.647 F3000.000
G1 Z1.000 F500.000
G4 P100
G1 X26.858 Y147.912 F1000.000
G1 X27.354 Y148.238
G1 X27.650 Y148.279
G1 X27.993 Y148.214
G1 X28.263 Y148.017
G1 X28.447 Y147.724
G1 X28.535 Y147.369
G1 X29.165 Y147.479
G1 X29.265 Y147.414
G1 X29.264 Y147.058
G1 X29.155 Y146.964
G1 X28.495 Y146.844
G1 X28.354 Y146.466
G1 X28.120 Y146.172
G1 X27.821 Y145.983
G1 X27.207 Y145.956
G1 X26.973 Y146.064
G1 X26.650 Y146.449
G1 X26.540 Y146.969
G1 X26.685 Y147.647
G0 Z5.000 F500.000
G0 X27.165 Y147.014 F3000.000
G1 Z1.000 F500.000
G4 P100
G1 X27.273 Y146.594 F1000.000
G1 X27.525 Y146.449
G1 X27.803 Y146.579
G1 X27.960 Y146.954
G1 X27.723 Y147.229
G1 X27.655 Y147.749
G1 X27.453 Y147.701
G1 X27.297 Y147.557
G1 X27.165 Y147.014
G0 Z5.000 F500.000
G0 X28.905 Y147.069 F3000.000
G1 Z1.000 F500.000
G4 P100
G1 X29.062 Y148.674 F1000.000
G1 X29.258 Y149.443
G1 X29.527 Y150.077
G1 X29.866 Y150.503
G1 X30.265 Y150.644
G1 X30.473 Y150.595
G1 X30.744 Y150.220
G1 X30.706 Y149.420
G1 X30.485 Y148.887
G1 X29.525 Y147.619
G1 X29.510 Y147.084
G1 X29.767 Y147.624
G1 X30.060 Y147.992
G1 X30.360 Y148.204
G1 X30.640 Y148.274
G1 X30.866 Y148.232
G1 X31.157 Y147.914
G1 X31.195 Y147.684
G1 X31.055 Y147.179
G1 X30.575 Y146.769
G1 X30.697 Y146.552
G1 X30.945 Y146.469
G1 X31.245 Y146.589
G1 X31.760 Y147.059
G1 X31.862 Y146.999
G1 X31.900 Y146.834
G1 X31.805 Y146.524
G1 X31.350 Y146.084
G1 X31.099 Y145.961
G1 X30.457 Y145.974
G1 X30.185 Y146.139
G1 X30.009 Y146.396
G1 X29.950 Y146.724
G1 X30.000 Y146.892
G1 X30.465 Y147.207
G1 X30.560 Y147.469
G1 X30.430 Y147.649
G1 X30.133 Y147.454
G1 X29.830 Y146.952
G1 X29.483 Y146.002
G1 X29.255 Y145.919
G1 X29.027 Y146.032
G1 X28.930 Y146.379
G1 X28.905 Y147.069
G0 Z5.000 F500.000
G0 X29.580 Y148.244 F3000.000
G1 Z1.000 F500.000
G4 P100
G1 X30.093 Y149.039 F1000.000
G1 X30.244 Y149.449
G1 X30.295 Y149.819
G1 X30.260 Y150.064
G1 X30.160 Y150.149
G1 X29.960 Y149.892
G1 X29.747 Y149.197
G1 X29.580 Y148.244
G0 Z5.000 F500.000
G0 X31.738 Y147.894 F3000.000
G1 Z1.000 F500.000
G4 P100
G1 X32.242 Y148.231 F1000.000
G1 X32.811 Y148.231
G1 X33.015 Y148.102
G1 X33.146 Y147.899
G1 X33.190 Y147.634
G1 X33.128 Y147.314
G1 X32.942 Y147.042
G1 X32.609 Y146.820
G1 X32.105 Y146.649
G1 X32.286 Y146.477
G1 X32.580 Y146.419
G1 X33.093 Y146.577
G1 X33.725 Y147.059
G1 X33.828 Y146.999
G1 X33.865 Y146.834
G1 X33.770 Y146.524
G1 X33.248 Y146.109
G1 X32.898 Y145.967
G1 X32.525 Y145.919
G1 X32.059 Y145.991
G1 X31.710 Y146.204
G1 X31.492 Y146.542
G1 X31.420 Y146.984
G1 X31.565 Y147.627
G1 X31.738 Y147.894
G0 Z5.000 F500.000
G0 X32.152 Y147.569 F3000.000
G1 Z1.000 F500.000
G4 P100
G1 X32.025 Y147.049 F1000.000
G1 X32.490 Y147.249
G1 X32.660 Y147.574
G1 X32.608 Y147.727
G1 X32.465 Y147.784
G1 X32.294 Y147.731
G1 X32.152 Y147.569
G0 Z5.000 F500.000
G0 X33.300 Y146.659 F3000.000
G1 Z1.000 F500.000
G4 P100
G1 X33.715 Y147.219 F1000.000
G1 X34.140 Y148.109
G1 X34.286 Y148.274
G1 X34.535 Y148.329
G1 X34.730 Y148.304
G1 X34.785 Y148.224
G1 X34.620 Y147.694
G1 X35.078 Y146.947
G1 X35.150 Y146.484
G1 X35.860 Y147.059
G1 X35.962 Y146.999
G1 X36.000 Y146.834
G1 X35.905 Y146.524
G1 X35.427 Y146.102
G1 X34.390 Y145.809
G1 X33.992 Y145.929
G1 X33.855 Y146.199
G1 X33.950 Y146.424
G1 X34.230 Y146.519
G1 X34.515 Y146.489
G1 X34.457 Y146.734
G1 X34.175 Y147.144
G1 X33.867 Y146.654
G1 X33.535 Y146.284
G1 X33.345 Y146.194
G1 X33.215 Y146.252
G1 X33.165 Y146.394
G1 X33.300 Y146.659
G0 Z5.000 F500.000
G0 X36.915 Y146.759 F3000.000
G1 Z1.000 F500.000
G4 P100
G1 X37.120 Y147.994 F1000.000
G1 X37.240 Y148.214
G1 X37.480 Y148.274
G1 X37.671 Y148.232
G1 X37.735 Y148.104
G1 X37.520 Y146.779
G1 X37.560 Y146.549
G1 X37.695 Y146.469
G1 X37.920 Y146.594
G1 X38.415 Y147.059
G1 X38.517 Y146.999
G1 X38.555 Y146.834
G1 X38.460 Y146.524
G1 X37.981 Y146.071
G1 X37.535 Y145.919
G1 X37.254 Y145.977
G1 X37.062 Y146.149
G1 X36.915 Y146.759
G0 Z5.000 F500.000
G0 X37.575 Y148.604 F3000.000
G1 Z1.000 F500.000
G4 P100
G1 X37.260 Y148.702 F1000.000
G1 X37.155 Y148.974
G1 X37.293 Y149.267
G1 X37.635 Y149.384
G1 X37.935 Y149.294
G1 X38.050 Y149.039
G1 X37.920 Y148.722
G1 X37.575 Y148.604
G0 Z5.000 F500.000
G0 X38.492 Y148.207 F3000.000
G1 Z1.000 F500.000
G4 P100
G1 X38.780 Y148.274 F1000.000
G1 X38.920 Y148.249
G1 X38.960 Y148.154
G1 X38.755 Y147.074
G1 X39.125 Y147.774
G1 X39.528 Y148.159
G1 X39.890 Y148.274
G1 X40.134 Y148.193
G1 X40.215 Y147.949
G1 X40.010 Y146.669
G1 X40.046 Y146.519
G1 X40.155 Y146.469
G1 X40.392 Y146.592
G1 X40.895 Y147.059
G1 X40.998 Y146.999
G1 X41.035 Y146.834
G1 X40.940 Y146.524
G1 X40.477 Y146.089
G1 X40.213 Y145.962
G1 X39.691 Y145.956
G1 X39.432 Y146.248
G1 X39.400 Y146.494
G1 X39.535 Y147.429
G1 X39.480 Y147.509
G1 X39.297 Y147.342
G1 X39.057 Y146.899
G1 X38.733 Y146.002
G1 X38.505 Y145.919
G1 X38.343 Y145.969
G1 X38.237 Y146.119
G1 X38.160 Y146.759
G1 X38.206 Y147.393
G1 X38.345 Y147.994
G1 X38.492 Y148.207
G0 Z5.000 F500.000
G0 X41.720 Y148.029 F3000.000
G1 Z1.000 F500.000
G4 P100
G1 X41.776 Y148.239 F1000.000
G1 X42.230 Y148.309
G1 X42.490 Y149.314
G1 X42.912 Y150.039
G1 X43.169 Y150.242
G1 X43.445 Y150.309
G1 X43.633 Y150.263
G1 X43.775 Y150.124
G1 X43.895 Y149.659
G1 X43.854 Y149.284
G1 X43.733 Y148.934
G1 X43.245 Y148.309
G1 X43.920 Y148.274
G1 X43.920 Y147.994
G1 X43.814 Y147.886
G1 X43.390 Y147.799
G1 X42.780 Y147.799
G1 X42.801 Y146.967
G1 X42.892 Y146.679
G1 X43.051 Y146.522
G1 X43.280 Y146.469
G1 X43.660 Y146.599
G1 X44.185 Y147.059
G1 X44.288 Y146.999
G1 X44.325 Y146.834
G1 X44.230 Y146.524
G1 X43.760 Y146.089
G1 X43.486 Y145.962
G1 X43.175 Y145.919
G1 X42.729 Y146.009
G1 X42.410 Y146.278
G1 X42.219 Y146.727
G1 X42.170 Y147.799
G1 X41.773 Y147.854
G1 X41.720 Y148.029
G0 Z5.000 F500.000
G0 X42.830 Y148.384 F3000.000
G1 Z1.000 F500.000
G4 P100
G1 X43.273 Y148.957 F1000.000
G1 X43.420 Y149.534
G1 X43.392 Y149.756
G1 X43.310 Y149.829
G1 X43.142 Y149.642
G1 X42.968 Y149.122
G1 X42.830 Y148.384
G0 Z5.000 F500.000
G0 X44.112 Y148.674 F3000.000
G1 Z1.000 F500.000
G4 P100
G1 X44.307 Y149.443 F1000.000
G1 X44.578 Y150.077
G1 X44.916 Y150.503
G1 X45.315 Y150.644
G1 X45.523 Y150.595
G1 X45.794 Y150.220
G1 X45.756 Y149.420
G1 X45.535 Y148.887
G1 X44.575 Y147.619
G1 X44.560 Y147.084
G1 X44.928 Y147.777
G1 X45.328 Y148.159
G1 X45.690 Y148.274
G1 X45.934 Y148.193
G1 X46.015 Y147.949
G1 X45.810 Y146.669
G1 X45.846 Y146.519
G1 X45.955 Y146.469
G1 X46.192 Y146.592
G1 X46.695 Y147.059
G1 X46.797 Y146.999
G1 X46.835 Y146.834
G1 X46.740 Y146.524
G1 X46.267 Y146.089
G1 X46.008 Y145.962
G1 X45.491 Y145.956
G1 X45.233 Y146.248
G1 X45.200 Y146.494
G1 X45.335 Y147.429
G1 X45.280 Y147.509
G1 X45.095 Y147.342
G1 X44.855 Y146.899
G1 X44.495 Y146.019
G1 X44.190 Y145.919
G1 X43.992 Y146.027
G1 X43.955 Y147.069
G1 X44.112 Y148.674
G0 Z5.000 F500.000
G0 X44.630 Y148.244 F3000.000
G1 Z1.000 F500.000
G4 P100
G1 X45.142 Y149.039 F1000.000
G1 X45.294 Y149.449
G1 X45.345 Y149.819
G1 X45.310 Y150.064
G1 X45.210 Y150.149
G1 X45.010 Y149.892
G1 X44.797 Y149.197
G1 X44.630 Y148.244
G0 Z5.000 F500.000
G0 X46.673 Y147.894 F3000.000
G1 Z1.000 F500.000
G4 P100
G1 X47.177 Y148.231 F1000.000
G1 X47.746 Y148.231
G1 X47.950 Y148.102
G1 X48.081 Y147.899
G1 X48.125 Y147.634
G1 X48.063 Y147.314
G1 X47.877 Y147.042
G1 X47.544 Y146.820
G1 X47.040 Y146.649
G1 X47.221 Y146.477
G1 X47.515 Y146.419
G1 X48.027 Y146.577
G1 X48.660 Y147.059
G1 X48.762 Y146.999
G1 X48.800 Y146.834
G1 X48.705 Y146.524
G1 X48.182 Y146.109
G1 X47.833 Y145.967
G1 X47.460 Y145.919
G1 X46.994 Y145.991
G1 X46.645 Y146.204
G1 X46.427 Y146.542
G1 X46.355 Y146.984
G1 X46.500 Y147.627
G1 X46.673 Y147.894
G0 Z5.000 F500.000
G0 X47.087 Y147.569 F3000.000
G1 Z1.000 F500.000
G4 P100
G1 X46.960 Y147.049 F1000.000
G1 X47.425 Y147.249
G1 X47.595 Y147.574
G1 X47.542 Y147.727
G1 X47.400 Y147.784
G1 X47.229 Y147.731
G1 X47.087 Y147.569
G0 Z5.000 F500.000
G0 X49.485 Y148.029 F3000.000
G1 Z1.000 F500.000
G4 P100
G1 X49.541 Y148.239 F1000.000
G1 X49.995 Y148.309
G1 X50.255 Y149.314
G1 X50.678 Y150.039
G1 X50.934 Y150.242
G1 X51.210 Y150.309
G1 X51.398 Y150.263
G1 X51.540 Y150.124
G1 X51.660 Y149.659
G1 X51.619 Y149.284
G1 X51.498 Y148.934
G1 X51.010 Y148.309
G1 X51.685 Y148.274
G1 X51.685 Y147.994
G1 X51.579 Y147.886
G1 X51.155 Y147.799
G1 X50.545 Y147.799
G1 X50.566 Y146.967
G1 X50.657 Y146.679
G1 X50.816 Y146.522
G1 X51.045 Y146.469
G1 X51.425 Y146.599
G1 X51.950 Y147.059
G1 X52.053 Y146.999
G1 X52.090 Y146.834
G1 X51.995 Y146.524
G1 X51.525 Y146.089
G1 X51.251 Y145.962
G1 X50.940 Y145.919
G1 X50.494 Y146.009
G1 X50.175 Y146.278
G1 X49.984 Y146.727
G1 X49.935 Y147.799
G1 X49.538 Y147.854
G1 X49.485 Y148.029
G0 Z5.000 F500.000
G0 X50.595 Y148.384 F3000.000
G1 Z1.000 F500.000
G4 P100
G1 X51.038 Y148.957 F1000.000
G1 X51.185 Y149.534
G1 X51.157 Y149.756
G1 X51.075 Y149.829
G1 X50.908 Y149.642
G1 X50.733 Y149.122
G1 X50.595 Y148.384
G0 Z5.000 F500.000
G0 X52.021 Y147.814 F3000.000
G1 Z1.000 F500.000
G4 P100
G1 X52.614 Y148.230 F1000.000
G1 X52.950 Y148.284
G1 X53.098 Y148.242
G1 X53.160 Y148.089
G1 X53.564 Y148.066
G1 X53.625 Y147.934
G1 X53.435 Y146.634
G1 X53.473 Y146.514
G1 X53.570 Y146.469
G1 X53.800 Y146.592
G1 X54.300 Y147.059
G1 X54.403 Y146.999
G1 X54.440 Y146.834
G1 X54.345 Y146.524
G1 X53.910 Y146.094
G1 X53.465 Y145.919
G1 X53.163 Y146.032
G1 X52.955 Y146.339
G1 X52.661 Y146.024
G1 X52.300 Y145.919
G1 X52.021 Y145.976
G1 X51.805 Y146.144
G1 X51.666 Y146.404
G1 X51.620 Y146.734
G1 X51.666 Y147.124
G1 X52.021 Y147.814
G0 Z5.000 F500.000
G0 X52.350 Y147.259 F3000.000
G1 Z1.000 F500.000
G4 P100
G1 X52.245 Y146.729 F1000.000
G1 X52.308 Y146.499
G1 X52.480 Y146.424
G1 X52.690 Y146.554
G1 X52.835 Y146.899
G1 X53.020 Y147.819
G1 X52.633 Y147.662
G1 X52.350 Y147.259
G0 Z5.000 F500.000
G0 X54.091 Y147.393 F3000.000
G1 Z1.000 F500.000
G4 P100
G1 X54.230 Y147.994 F1000.000
G1 X54.378 Y148.207
G1 X54.665 Y148.274
G1 X54.805 Y148.249
G1 X54.845 Y148.154
G1 X54.640 Y147.074
G1 X55.010 Y147.774
G1 X55.413 Y148.159
G1 X55.775 Y148.274
G1 X56.019 Y148.193
G1 X56.100 Y147.949
G1 X56.046 Y147.253
G1 X56.140 Y147.209
G1 X56.635 Y147.494
G1 X56.738 Y147.437
G1 X56.775 Y147.284
G1 X56.675 Y146.994
G1 X56.348 Y146.747
G1 X55.950 Y146.644
G1 X55.717 Y146.678
G1 X55.444 Y146.938
G1 X55.380 Y147.509
G1 X55.183 Y147.342
G1 X54.940 Y146.899
G1 X54.618 Y146.002
G1 X54.390 Y145.919
G1 X54.228 Y145.969
G1 X54.123 Y146.119
G1 X54.045 Y146.759
G1 X54.091 Y147.393
G0 Z5.000 F500.000
G0 X56.245 Y146.734 F3000.000
G1 Z1.000 F500.000
G4 P100
G1 X56.291 Y147.124 F1000.000
G1 X56.646 Y147.814
G1 X57.239 Y148.230
G1 X57.575 Y148.284
G1 X57.723 Y148.242
G1 X57.785 Y148.089
G1 X58.183 Y148.072
G1 X58.235 Y147.924
G1 X58.015 Y146.479
G1 X58.755 Y147.009
G1 X58.870 Y147.049
G1 X58.973 Y146.987
G1 X59.010 Y146.829
G1 X58.865 Y146.534
G1 X57.915 Y145.889
G1 X57.696 Y144.965
G1 X57.418 Y144.262
G1 X57.068 Y143.818
G1 X56.635 Y143.669
G1 X56.404 Y143.709
G1 X56.100 Y144.009
G1 X56.060 Y144.239
G1 X56.130 Y144.608
G1 X56.340 Y145.002
G1 X56.743 Y145.456
G1 X57.390 Y146.004
G1 X57.420 Y146.199
G1 X57.198 Y145.992
G1 X56.925 Y145.919
G1 X56.646 Y145.976
G1 X56.430 Y146.144
G1 X56.291 Y146.404
G1 X56.245 Y146.734
G0 Z5.000 F500.000
G0 X56.933 Y146.499 F3000.000
G1 Z1.000 F500.000
G4 P100
G1 X57.105 Y146.424 F1000.000
G1 X57.325 Y146.564
G1 X57.635 Y147.819
G1 X57.255 Y147.662
G1 X56.975 Y147.259
G1 X56.870 Y146.729
G1 X56.933 Y146.499
G0 Z5.000 F500.000
G0 X57.275 Y145.409 F3000.000
G1 Z1.000 F500.000
G4 P100
G1 X56.720 Y144.814 F1000.000
G1 X56.550 Y144.349
G1 X56.583 Y144.209
G1 X56.690 Y144.154
G1 X56.823 Y144.229
G1 X56.973 Y144.454
G1 X57.275 Y145.409
G0 Z5.000 F500.000
G0 X58.920 Y146.204 F3000.000
G1 Z1.000 F500.000
G4 P100
G1 X58.703 Y146.542 F1000.000
G1 X58.630 Y146.984
G1 X58.775 Y147.627
G1 X59.178 Y148.099
G1 X59.452 Y148.231
G1 X60.021 Y148.231
G1 X60.225 Y148.102
G1 X60.356 Y147.899
G1 X60.400 Y147.634
G1 X60.338 Y147.314
G1 X60.153 Y147.042
G1 X59.819 Y146.820
G1 X59.315 Y146.649
G1 X59.496 Y146.477
G1 X59.790 Y146.419
G1 X60.303 Y146.577
G1 X60.935 Y147.059
G1 X61.038 Y146.999
G1 X61.075 Y146.834
G1 X60.980 Y146.524
G1 X60.458 Y146.109
G1 X60.108 Y145.967
G1 X59.735 Y145.919
G1 X59.269 Y145.991
G1 X58.920 Y146.204
G0 Z5.000 F500.000
G0 X59.235 Y147.049 F3000.000
G1 Z1.000 F500.000
G4 P100
G1 X59.700 Y147.249 F1000.000
G1 X59.828 Y147.401
G1 X59.818 Y147.727
G1 X59.675 Y147.784
G1 X59.504 Y147.731
G1 X59.363 Y147.569
G1 X59.235 Y147.049
G0 Z5.000 F500.000
G0 X60.488 Y147.854 F3000.000
G1 Z1.000 F500.000
G4 P100
G1 X60.435 Y148.029 F1000.000
G1 X60.491 Y148.239
G1 X60.945 Y148.309
G1 X61.205 Y149.314
G1 X61.628 Y150.039
G1 X61.884 Y150.242
G1 X62.160 Y150.309
G1 X62.348 Y150.263
G1 X62.490 Y150.124
G1 X62.610 Y149.659
G1 X62.569 Y149.284
G1 X62.448 Y148.934
G1 X61.960 Y148.309
G1 X62.635 Y148.274
G1 X62.635 Y147.994
G1 X62.529 Y147.886
G1 X62.105 Y147.799
G1 X61.495 Y147.799
G1 X61.516 Y146.967
G1 X61.608 Y146.679
G1 X61.766 Y146.522
G1 X61.995 Y146.469
G1 X62.375 Y146.599
G1 X62.900 Y147.059
G1 X63.003 Y146.999
G1 X63.040 Y146.834
G1 X62.945 Y146.524
G1 X62.475 Y146.089
G1 X62.201 Y145.962
G1 X61.890 Y145.919
G1 X61.444 Y146.009
G1 X61.125 Y146.278
G1 X60.934 Y146.727
G1 X60.885 Y147.799
G1 X60.488 Y147.854
G0 Z5.000 F500.000
G0 X61.545 Y148.384 F3000.000
G1 Z1.000 F500.000
G4 P100
G1 X61.988 Y148.957 F1000.000
G1 X62.135 Y149.534
G1 X62.108 Y149.756
G1 X62.025 Y149.829
G1 X61.858 Y149.642
G1 X61.683 Y149.122
G1 X61.545 Y148.384
G0 Z5.000 F500.000
G0 X64.155 Y147.994 F3000.000
G1 Z1.000 F500.000
G4 P100
G1 X64.303 Y148.207 F1000.000
G1 X64.730 Y148.249
G1 X64.770 Y148.154
G1 X64.565 Y147.074
G1 X64.935 Y147.774
G1 X65.338 Y148.159
G1 X65.700 Y148.274
G1 X65.944 Y148.193
G1 X66.025 Y147.949
G1 X65.971 Y147.253
G1 X66.065 Y147.209
G1 X66.560 Y147.494
G1 X66.663 Y147.437
G1 X66.700 Y147.284
G1 X66.600 Y146.994
G1 X66.273 Y146.747
G1 X65.875 Y146.644
G1 X65.642 Y146.678
G1 X65.369 Y146.938
G1 X65.305 Y147.509
G1 X65.108 Y147.342
G1 X64.865 Y146.899
G1 X64.543 Y146.002
G1 X64.315 Y145.919
G1 X64.153 Y145.969
G1 X64.048 Y146.119
G1 X63.970 Y146.759
G1 X64.155 Y147.994
G0 Z5.000 F500.000
G0 X66.285 Y147.332 F3000.000
G1 Z1.000 F500.000
G4 P100
G1 X66.450 Y147.994 F1000.000
G1 X66.590 Y148.209
G1 X67.028 Y148.239
G1 X67.070 Y148.134
G1 X66.835 Y146.829
G1 X66.940 Y146.639
G1 X67.128 Y146.789
G1 X67.368 Y147.244
G1 X67.738 Y148.209
G1 X68.145 Y148.247
G1 X68.190 Y148.144
G1 X67.925 Y146.669
G1 X67.965 Y146.522
G1 X68.070 Y146.469
G1 X68.308 Y146.592
G1 X68.810 Y147.059
G1 X68.913 Y146.999
G1 X68.950 Y146.834
G1 X68.855 Y146.524
G1 X68.393 Y146.089
G1 X68.128 Y145.962
G1 X67.622 Y145.966
G1 X67.478 Y146.104
G1 X67.365 Y146.624
G1 X67.110 Y146.102
G1 X66.745 Y145.919
G1 X66.541 Y145.971
G1 X66.271 Y146.360
G1 X66.285 Y147.332
G0 Z5.000 F500.000
G0 X68.555 Y146.759 F3000.000
G1 Z1.000 F500.000
G4 P100
G1 X68.740 Y147.994 F1000.000
G1 X68.888 Y148.207
G1 X69.175 Y148.274
G1 X69.315 Y148.249
G1 X69.355 Y148.154
G1 X69.150 Y147.074
G1 X69.520 Y147.774
G1 X69.923 Y148.159
G1 X70.285 Y148.274
G1 X70.529 Y148.193
G1 X70.610 Y147.949
G1 X70.405 Y146.669
G1 X70.441 Y146.519
G1 X70.550 Y146.469
G1 X70.788 Y146.592
G1 X71.290 Y147.059
G1 X71.393 Y146.999
G1 X71.430 Y146.834
G1 X71.335 Y146.524
G1 X70.873 Y146.089
G1 X70.310 Y145.919
G1 X70.086 Y145.956
G1 X69.828 Y146.248
G1 X69.795 Y146.494
G1 X69.930 Y147.429
G1 X69.875 Y147.509
G1 X69.693 Y147.342
G1 X69.453 Y146.899
G1 X69.128 Y146.002
G1 X68.900 Y145.919
G1 X68.738 Y145.969
G1 X68.633 Y146.119
G1 X68.555 Y146.759
G0 Z5.000 F500.000
G0 X70.925 Y146.354 F3000.000
G1 Z1.000 F500.000
G4 P100
G1 X71.053 Y146.714 F1000.000
G1 X71.410 Y146.849
G1 X71.743 Y146.742
G1 X71.855 Y146.424
G1 X71.725 Y146.057
G1 X71.370 Y145.919
G1 X71.038 Y146.039
G1 X70.925 Y146.354
G0 Z5.000 F500.000
G0 X24.200 Y136.220 F3000.000
G1 Z1.000 F500.000
G4 P100
G1 X24.102 Y135.975 F1000.000
G1 X23.875 Y135.860
G1 X22.980 Y135.980
G1 X22.393 Y135.903
G1 X21.900 Y135.672
G1 X21.511 Y135.315
G1 X21.235 Y134.860
G1 X21.070 Y134.335
G1 X21.015 Y133.770
G1 X21.057 Y133.393
G1 X21.183 Y133.112
G1 X21.376 Y132.938
G1 X21.620 Y132.880
G1 X21.906 Y132.942
G1 X22.155 Y133.130
G1 X22.375 Y133.457
G1 X22.575 Y133.940
G1 X22.950 Y135.460
G1 X23.070 Y135.650
G1 X23.310 Y135.700
G1 X23.576 Y135.642
G1 X23.665 Y135.470
G1 X23.305 Y133.405
G1 X23.385 Y133.012
G1 X23.630 Y132.890
G1 X23.935 Y132.997
G1 X24.435 Y133.435
G1 X24.538 Y133.375
G1 X24.575 Y133.210
G1 X24.480 Y132.900
G1 X24.000 Y132.450
G1 X23.425 Y132.295
G1 X23.109 Y132.345
G1 X22.860 Y132.497
G1 X22.685 Y132.742
G1 X22.590 Y133.070
G1 X22.383 Y132.731
G1 X22.133 Y132.488
G1 X21.838 Y132.343
G1 X21.172 Y132.337
G1 X20.629 Y132.673
G1 X20.320 Y133.309
G1 X20.280 Y133.720
G1 X20.361 Y134.452
G1 X20.605 Y135.127
G1 X21.008 Y135.711
G1 X21.565 Y136.167
G1 X22.264 Y136.462
G1 X23.090 Y136.560
G1 X23.582 Y136.525
G1 X24.060 Y136.420
G1 X24.200 Y136.220
G0 Z5.000 F500.000
G0 X24.512 Y134.582 F3000.000
G1 Z1.000 F500.000
G4 P100
G1 X24.800 Y134.650 F1000.000
G1 X24.940 Y134.625
G1 X24.980 Y134.530
G1 X24.775 Y133.450
G1 X25.145 Y134.150
G1 X25.547 Y134.535
G1 X25.910 Y134.650
G1 X26.154 Y134.568
G1 X26.235 Y134.325
G1 X26.181 Y133.628
G1 X26.275 Y133.585
G1 X26.770 Y133.870
G1 X26.873 Y133.812
G1 X26.910 Y133.660
G1 X26.810 Y133.370
G1 X26.483 Y133.122
G1 X26.085 Y133.020
G1 X25.852 Y133.053
G1 X25.579 Y133.313
G1 X25.515 Y133.885
G1 X25.317 Y133.717
G1 X25.075 Y133.275
G1 X24.752 Y132.377
G1 X24.525 Y132.295
G1 X24.363 Y132.345
G1 X24.258 Y132.495
G1 X24.180 Y133.135
G1 X24.226 Y133.768
G1 X24.365 Y134.370
G1 X24.512 Y134.582
G0 Z5.000 F500.000
G0 X26.501 Y133.768 F3000.000
G1 Z1.000 F500.000
G4 P100
G1 X26.640 Y134.370 F1000.000
G1 X26.787 Y134.582
G1 X27.075 Y134.650
G1 X27.215 Y134.625
G1 X27.255 Y134.530
G1 X27.050 Y133.450
G1 X27.420 Y134.150
G1 X27.822 Y134.535
G1 X28.185 Y134.650
G1 X28.429 Y134.568
G1 X28.510 Y134.325
G1 X28.456 Y133.628
G1 X28.550 Y133.585
G1 X29.045 Y133.870
G1 X29.148 Y133.812
G1 X29.185 Y133.660
G1 X29.085 Y133.370
G1 X28.758 Y133.122
G1 X28.360 Y133.020
G1 X28.127 Y133.053
G1 X27.854 Y133.313
G1 X27.790 Y133.885
G1 X27.593 Y133.717
G1 X27.350 Y133.275
G1 X27.027 Y132.377
G1 X26.800 Y132.295
G1 X26.638 Y132.345
G1 X26.532 Y132.495
G1 X26.455 Y133.135
G1 X26.501 Y133.768
G0 Z5.000 F500.000
G0 X28.645 Y133.345 F3000.000
G1 Z1.000 F500.000
G4 P100
G1 X28.790 Y134.022 F1000.000
G1 X28.962 Y134.287
G1 X29.459 Y134.613
G1 X29.755 Y134.655
G1 X30.098 Y134.589
G1 X30.367 Y134.392
G1 X30.552 Y134.099
G1 X30.640 Y133.745
G1 X31.270 Y133.855
G1 X31.370 Y133.790
G1 X31.405 Y133.625
G1 X31.369 Y133.433
G1 X31.260 Y133.340
G1 X30.600 Y133.220
G1 X30.459 Y132.842
G1 X30.225 Y132.547
G1 X29.926 Y132.358
G1 X29.590 Y132.295
G1 X29.077 Y132.440
G1 X28.755 Y132.825
G1 X28.645 Y133.345
G0 Z5.000 F500.000
G0 X29.377 Y132.970 F3000.000
G1 Z1.000 F500.000
G4 P100
G1 X29.630 Y132.825 F1000.000
G1 X29.907 Y132.955
G1 X30.065 Y133.330
G1 X29.827 Y133.605
G1 X29.760 Y134.125
G1 X29.558 Y134.077
G1 X29.402 Y133.932
G1 X29.303 Y133.700
G1 X29.270 Y133.390
G1 X29.377 Y132.970
G0 Z5.000 F500.000
G0 X31.045 Y132.960 F3000.000
G1 Z1.000 F500.000
G4 P100
G1 X30.985 Y134.360 F1000.000
G1 X31.075 Y134.590
G1 X31.330 Y134.655
G1 X31.522 Y134.597
G1 X31.585 Y134.405
G1 X31.655 Y132.910
G1 X32.280 Y134.400
G1 X32.412 Y134.602
G1 X32.600 Y134.655
G1 X32.787 Y134.600
G1 X32.840 Y134.405
G1 X32.910 Y132.910
G1 X33.360 Y133.620
G1 X33.285 Y133.965
G1 X33.360 Y134.295
G1 X33.565 Y134.555
G1 X33.860 Y134.655
G1 X34.095 Y134.552
G1 X34.185 Y134.255
G1 X34.065 Y133.740
G1 X34.755 Y133.845
G1 X34.870 Y133.795
G1 X34.910 Y133.660
G1 X34.850 Y133.417
G1 X34.670 Y133.290
G1 X34.180 Y133.215
G1 X33.765 Y133.275
G1 X33.102 Y132.400
G1 X32.780 Y132.295
G1 X32.477 Y132.450
G1 X32.325 Y133.325
G1 X32.047 Y132.685
G1 X31.802 Y132.380
G1 X31.515 Y132.295
G1 X31.192 Y132.455
G1 X31.045 Y132.960
G0 Z5.000 F500.000
G0 X34.180 Y132.770 F3000.000
G1 Z1.000 F500.000
G4 P100
G1 X34.730 Y133.595 F1000.000
G1 X35.155 Y134.485
G1 X35.301 Y134.650
G1 X35.550 Y134.705
G1 X35.745 Y134.680
G1 X35.800 Y134.600
G1 X35.635 Y134.070
G1 X36.092 Y133.322
G1 X36.165 Y132.860
G1 X36.875 Y133.435
G1 X36.977 Y133.375
G1 X37.015 Y133.210
G1 X36.920 Y132.900
G1 X36.442 Y132.477
G1 X35.405 Y132.185
G1 X35.007 Y132.305
G1 X34.870 Y132.575
G1 X34.965 Y132.800
G1 X35.245 Y132.895
G1 X35.530 Y132.865
G1 X35.472 Y133.110
G1 X35.190 Y133.520
G1 X34.550 Y132.660
G1 X34.360 Y132.570
G1 X34.230 Y132.627
G1 X34.180 Y132.770
G0 Z5.000 F500.000
G0 X37.960 Y132.790 F3000.000
G1 Z1.000 F500.000
G4 P100
G1 X38.127 Y135.050 F1000.000
G1 X38.322 Y135.818
G1 X38.593 Y136.452
G1 X38.931 Y136.878
G1 X39.330 Y137.020
G1 X39.538 Y136.970
G1 X39.809 Y136.595
G1 X39.771 Y135.795
G1 X39.550 Y135.262
G1 X38.590 Y133.995
G1 X38.575 Y133.460
G1 X38.942 Y134.152
G1 X39.342 Y134.535
G1 X39.705 Y134.650
G1 X39.949 Y134.568
G1 X40.030 Y134.325
G1 X39.825 Y133.045
G1 X39.861 Y132.895
G1 X39.970 Y132.845
G1 X40.207 Y132.967
G1 X40.710 Y133.435
G1 X40.812 Y133.375
G1 X40.850 Y133.210
G1 X40.755 Y132.900
G1 X40.282 Y132.465
G1 X40.023 Y132.337
G1 X39.506 Y132.332
G1 X39.247 Y132.623
G1 X39.215 Y132.870
G1 X39.350 Y133.805
G1 X39.295 Y133.885
G1 X39.110 Y133.717
G1 X38.870 Y133.275
G1 X38.510 Y132.395
G1 X38.205 Y132.295
G1 X38.007 Y132.402
G1 X37.960 Y132.790
G0 Z5.000 F500.000
G0 X38.645 Y134.620 F3000.000
G1 Z1.000 F500.000
G4 P100
G1 X39.157 Y135.415 F1000.000
G1 X39.309 Y135.825
G1 X39.360 Y136.195
G1 X39.325 Y136.440
G1 X39.225 Y136.525
G1 X39.025 Y136.267
G1 X38.812 Y135.572
G1 X38.645 Y134.620
G0 Z5.000 F500.000
G0 X40.781 Y134.190 F3000.000
G1 Z1.000 F500.000
G4 P100
G1 X41.374 Y134.605 F1000.000
G1 X41.710 Y134.660
G1 X41.858 Y134.617
G1 X41.920 Y134.465
G1 X42.324 Y134.441
G1 X42.385 Y134.310
G1 X42.195 Y133.010
G1 X42.233 Y132.890
G1 X42.330 Y132.845
G1 X42.560 Y132.967
G1 X43.060 Y133.435
G1 X43.162 Y133.375
G1 X43.200 Y133.210
G1 X43.105 Y132.900
G1 X42.670 Y132.470
G1 X42.225 Y132.295
G1 X41.922 Y132.407
G1 X41.715 Y132.715
G1 X41.421 Y132.400
G1 X41.060 Y132.295
G1 X40.781 Y132.351
G1 X40.565 Y132.520
G1 X40.426 Y132.780
G1 X40.380 Y133.110
G1 X40.426 Y133.499
G1 X40.781 Y134.190
G0 Z5.000 F500.000
G0 X41.110 Y133.635 F3000.000
G1 Z1.000 F500.000
G4 P100
G1 X41.005 Y133.105 F1000.000
G1 X41.067 Y132.875
G1 X41.240 Y132.800
G1 X41.450 Y132.930
G1 X41.595 Y133.275
G1 X41.780 Y134.195
G1 X41.392 Y134.037
G1 X41.110 Y133.635
G0 Z5.000 F500.000
G0 X42.805 Y134.185 F3000.000
G1 Z1.000 F500.000
G4 P100
G1 X42.895 Y134.590 F1000.000
G1 X43.150 Y134.655
G1 X43.343 Y134.597
G1 X43.475 Y132.910
G1 X43.925 Y133.620
G1 X43.850 Y133.965
G1 X43.925 Y134.295
G1 X44.130 Y134.555
G1 X44.425 Y134.655
G1 X44.660 Y134.552
G1 X44.750 Y134.255
G1 X44.630 Y133.740
G1 X45.320 Y133.845
G1 X45.435 Y133.795
G1 X45.475 Y133.660
G1 X45.415 Y133.417
G1 X45.235 Y133.290
G1 X44.745 Y133.215
G1 X44.330 Y133.275
G1 X43.665 Y132.400
G1 X43.335 Y132.295
G1 X43.013 Y132.455
G1 X42.865 Y132.960
G1 X42.805 Y134.185
G0 Z5.000 F500.000
G0 X44.965 Y133.360 F3000.000
G1 Z1.000 F500.000
G4 P100
G1 X45.110 Y134.002 F1000.000
G1 X45.283 Y134.269
G1 X45.787 Y134.606
G1 X46.095 Y134.650
G1 X46.356 Y134.607
G1 X46.560 Y134.477
G1 X46.691 Y134.274
G1 X46.735 Y134.010
G1 X46.673 Y133.689
G1 X46.487 Y133.417
G1 X46.154 Y133.195
G1 X45.650 Y133.025
G1 X45.831 Y132.852
G1 X46.125 Y132.795
G1 X46.637 Y132.952
G1 X47.270 Y133.435
G1 X47.372 Y133.375
G1 X47.410 Y133.210
G1 X47.315 Y132.900
G1 X46.792 Y132.485
G1 X46.070 Y132.295
G1 X45.604 Y132.366
G1 X45.255 Y132.580
G1 X45.037 Y132.917
G1 X44.965 Y133.360
G0 Z5.000 F500.000
G0 X45.570 Y133.425 F3000.000
G1 Z1.000 F500.000
G4 P100
G1 X46.035 Y133.625 F1000.000
G1 X46.162 Y133.776
G1 X46.152 Y134.102
G1 X46.010 Y134.160
G1 X45.839 Y134.106
G1 X45.697 Y133.945
G1 X45.570 Y133.425
G0 Z5.000 F500.000
G0 X48.290 Y133.685 F3000.000
G1 Z1.000 F500.000
G4 P100
G1 X48.410 Y134.015 F1000.000
G1 X48.825 Y134.485
G1 X49.086 Y134.608
G1 X49.604 Y134.609
G1 X49.902 Y134.302
G1 X49.940 Y134.070
G1 X49.848 Y133.715
G1 X49.605 Y133.570
G1 X49.453 Y133.615
G1 X49.413 Y134.125
G1 X49.320 Y134.160
G1 X49.105 Y134.057
G1 X48.945 Y133.780
G1 X48.885 Y133.395
G1 X49.011 Y132.960
G1 X49.390 Y132.815
G1 X49.833 Y132.952
G1 X50.435 Y133.435
G1 X50.538 Y133.375
G1 X50.575 Y133.210
G1 X50.480 Y132.900
G1 X49.918 Y132.452
G1 X49.285 Y132.295
G1 X48.849 Y132.364
G1 X48.523 Y132.572
G1 X48.318 Y132.894
G1 X48.250 Y133.305
G1 X48.290 Y133.685
G0 Z5.000 F500.000
G0 X50.095 Y133.345 F3000.000
G1 Z1.000 F500.000
G4 P100
G1 X50.240 Y134.022 F1000.000
G1 X50.413 Y134.287
G1 X50.909 Y134.613
G1 X51.205 Y134.655
G1 X51.548 Y134.589
G1 X51.818 Y134.392
G1 X52.002 Y134.099
G1 X52.090 Y133.745
G1 X52.720 Y133.855
G1 X52.820 Y133.790
G1 X52.855 Y133.625
G1 X52.819 Y133.433
G1 X52.710 Y133.340
G1 X52.050 Y133.220
G1 X51.909 Y132.842
G1 X51.675 Y132.547
G1 X51.376 Y132.358
G1 X51.040 Y132.295
G1 X50.528 Y132.440
G1 X50.205 Y132.825
G1 X50.095 Y133.345
G0 Z5.000 F500.000
G0 X50.828 Y132.970 F3000.000
G1 Z1.000 F500.000
G4 P100
G1 X51.080 Y132.825 F1000.000
G1 X51.358 Y132.955
G1 X51.515 Y133.330
G1 X51.278 Y133.605
G1 X51.210 Y134.125
G1 X51.008 Y134.077
G1 X50.853 Y133.932
G1 X50.753 Y133.700
G1 X50.720 Y133.390
G1 X50.828 Y132.970
G0 Z5.000 F500.000
G0 X52.435 Y133.135 F3000.000
G1 Z1.000 F500.000
G4 P100
G1 X52.620 Y134.370 F1000.000
G1 X52.768 Y134.582
G1 X53.055 Y134.650
G1 X53.195 Y134.625
G1 X53.235 Y134.530
G1 X53.030 Y133.450
G1 X53.400 Y134.150
G1 X53.803 Y134.535
G1 X54.165 Y134.650
G1 X54.409 Y134.568
G1 X54.490 Y134.325
G1 X54.436 Y133.628
G1 X54.530 Y133.585
G1 X55.025 Y133.870
G1 X55.128 Y133.812
G1 X55.165 Y133.660
G1 X55.065 Y133.370
G1 X54.738 Y133.122
G1 X54.340 Y133.020
G1 X54.107 Y133.053
G1 X53.834 Y133.313
G1 X53.770 Y133.885
G1 X53.573 Y133.717
G1 X53.330 Y133.275
G1 X53.008 Y132.377
G1 X52.780 Y132.295
G1 X52.618 Y132.345
G1 X52.513 Y132.495
G1 X52.435 Y133.135
G0 Z5.000 F500.000
G0 X54.788 Y132.495 F3000.000
G1 Z1.000 F500.000
G4 P100
G1 X54.710 Y133.135 F1000.000
G1 X54.756 Y133.768
G1 X54.895 Y134.370
G1 X55.043 Y134.582
G1 X55.330 Y134.650
G1 X55.470 Y134.625
G1 X55.510 Y134.530
G1 X55.305 Y133.450
G1 X55.675 Y134.150
G1 X56.078 Y134.535
G1 X56.440 Y134.650
G1 X56.684 Y134.568
G1 X56.765 Y134.325
G1 X56.711 Y133.628
G1 X56.805 Y133.585
G1 X57.300 Y133.870
G1 X57.403 Y133.812
G1 X57.440 Y133.660
G1 X57.340 Y133.370
G1 X57.013 Y133.122
G1 X56.615 Y133.020
G1 X56.213 Y133.155
G1 X56.109 Y133.313
G1 X56.045 Y133.885
G1 X55.848 Y133.717
G1 X55.605 Y133.275
G1 X55.283 Y132.377
G1 X55.055 Y132.295
G1 X54.893 Y132.345
G1 X54.788 Y132.495
G0 Z5.000 F500.000
G0 X56.973 Y132.917 F3000.000
G1 Z1.000 F500.000
G4 P100
G1 X56.900 Y133.360 F1000.000
G1 X57.045 Y134.002
G1 X57.448 Y134.475
G1 X58.030 Y134.650
G1 X58.291 Y134.607
G1 X58.495 Y134.477
G1 X58.626 Y134.274
G1 X58.670 Y134.010
G1 X58.608 Y133.689
G1 X58.423 Y133.417
G1 X58.089 Y133.195
G1 X57.585 Y133.025
G1 X57.766 Y132.852
G1 X58.060 Y132.795
G1 X58.573 Y132.952
G1 X59.205 Y133.435
G1 X59.308 Y133.375
G1 X59.345 Y133.210
G1 X59.250 Y132.900
G1 X58.728 Y132.485
G1 X58.005 Y132.295
G1 X57.539 Y132.366
G1 X57.190 Y132.580
G1 X56.973 Y132.917
G0 Z5.000 F500.000
G0 X57.505 Y133.425 F3000.000
G1 Z1.000 F500.000
G4 P100
G1 X57.970 Y133.625 F1000.000
G1 X58.098 Y133.776
G1 X58.088 Y134.102
G1 X57.945 Y134.160
G1 X57.774 Y134.106
G1 X57.633 Y133.945
G1 X57.505 Y133.425
G0 Z5.000 F500.000
G0 X58.900 Y133.685 F3000.000
G1 Z1.000 F500.000
G4 P100
G1 X59.020 Y134.015 F1000.000
G1 X59.435 Y134.485
G1 X59.696 Y134.608
G1 X60.214 Y134.609
G1 X60.512 Y134.302
G1 X60.550 Y134.070
G1 X60.458 Y133.715
G1 X60.215 Y133.570
G1 X60.063 Y133.615
G1 X60.023 Y134.125
G1 X59.930 Y134.160
G1 X59.715 Y134.057
G1 X59.555 Y133.780
G1 X59.495 Y133.395
G1 X59.621 Y132.960
G1 X60.000 Y132.815
G1 X60.443 Y132.952
G1 X61.045 Y133.435
G1 X61.148 Y133.375
G1 X61.185 Y133.210
G1 X61.090 Y132.900
G1 X60.528 Y132.452
G1 X59.895 Y132.295
G1 X59.459 Y132.364
G1 X59.133 Y132.572
G1 X58.928 Y132.894
G1 X58.860 Y133.305
G1 X58.900 Y133.685
G0 Z5.000 F500.000
G0 X60.598 Y134.230 F3000.000
G1 Z1.000 F500.000
G4 P100
G1 X60.545 Y134.405 F1000.000
G1 X60.601 Y134.615
G1 X61.055 Y134.685
G1 X61.315 Y135.690
G1 X61.738 Y136.415
G1 X61.994 Y136.617
G1 X62.270 Y136.685
G1 X62.458 Y136.638
G1 X62.600 Y136.500
G1 X62.720 Y136.035
G1 X62.679 Y135.660
G1 X62.558 Y135.310
G1 X62.070 Y134.685
G1 X62.745 Y134.650
G1 X62.745 Y134.369
G1 X62.639 Y134.261
G1 X62.215 Y134.175
G1 X61.605 Y134.175
G1 X61.626 Y133.342
G1 X61.718 Y133.055
G1 X61.876 Y132.897
G1 X62.105 Y132.845
G1 X62.485 Y132.975
G1 X63.010 Y133.435
G1 X63.113 Y133.375
G1 X63.150 Y133.210
G1 X63.055 Y132.900
G1 X62.585 Y132.465
G1 X62.311 Y132.337
G1 X62.000 Y132.295
G1 X61.554 Y132.384
G1 X61.235 Y132.653
G1 X61.044 Y133.102
G1 X60.995 Y134.175
G1 X60.598 Y134.230
G0 Z5.000 F500.000
G0 X61.655 Y134.760 F3000.000
G1 Z1.000 F500.000
G4 P100
G1 X62.098 Y135.332 F1000.000
G1 X62.245 Y135.910
G1 X62.218 Y136.131
G1 X62.135 Y136.205
G1 X61.968 Y136.017
G1 X61.793 Y135.497
G1 X61.655 Y134.760
G0 Z5.000 F500.000
G0 X64.263 Y135.050 F3000.000
G1 Z1.000 F500.000
G4 P100
G1 X64.458 Y135.818 F1000.000
G1 X64.728 Y136.452
G1 X65.066 Y136.878
G1 X65.465 Y137.020
G1 X65.673 Y136.970
G1 X65.944 Y136.595
G1 X65.906 Y135.795
G1 X65.685 Y135.262
G1 X64.725 Y133.995
G1 X64.710 Y133.460
G1 X65.078 Y134.152
G1 X65.478 Y134.535
G1 X65.840 Y134.650
G1 X66.084 Y134.568
G1 X66.165 Y134.325
G1 X65.960 Y133.045
G1 X65.996 Y132.895
G1 X66.105 Y132.845
G1 X66.343 Y132.967
G1 X66.845 Y133.435
G1 X66.948 Y133.375
G1 X66.985 Y133.210
G1 X66.890 Y132.900
G1 X66.418 Y132.465
G1 X66.158 Y132.337
G1 X65.641 Y132.332
G1 X65.383 Y132.623
G1 X65.350 Y132.870
G1 X65.485 Y133.805
G1 X65.430 Y133.885
G1 X65.245 Y133.717
G1 X65.005 Y133.275
G1 X64.645 Y132.395
G1 X64.340 Y132.295
G1 X64.143 Y132.402
G1 X64.105 Y133.445
G1 X64.263 Y135.050
G0 Z5.000 F500.000
G0 X64.780 Y134.620 F3000.000
G1 Z1.000 F500.000
G4 P100
G1 X65.293 Y135.415 F1000.000
G1 X65.444 Y135.825
G1 X65.495 Y136.195
G1 X65.460 Y136.440
G1 X65.360 Y136.525
G1 X65.160 Y136.267
G1 X64.948 Y135.572
G1 X64.780 Y134.620
G0 Z5.000 F500.000
G0 X66.823 Y134.269 F3000.000
G1 Z1.000 F500.000
G4 P100
G1 X67.327 Y134.606 F1000.000
G1 X67.896 Y134.607
G1 X68.100 Y134.477
G1 X68.231 Y134.274
G1 X68.275 Y134.010
G1 X68.213 Y133.689
G1 X68.028 Y133.417
G1 X67.694 Y133.195
G1 X67.190 Y133.025
G1 X67.371 Y132.852
G1 X67.665 Y132.795
G1 X68.178 Y132.952
G1 X68.810 Y133.435
G1 X68.913 Y133.375
G1 X68.950 Y133.210
G1 X68.855 Y132.900
G1 X68.333 Y132.485
G1 X67.983 Y132.342
G1 X67.610 Y132.295
G1 X67.144 Y132.366
G1 X66.795 Y132.580
G1 X66.578 Y132.917
G1 X66.505 Y133.360
G1 X66.650 Y134.002
G1 X66.823 Y134.269
G0 Z5.000 F500.000
G0 X67.238 Y133.945 F3000.000
G1 Z1.000 F500.000
G4 P100
G1 X67.110 Y133.425 F1000.000
G1 X67.575 Y133.625
G1 X67.745 Y133.950
G1 X67.693 Y134.102
G1 X67.550 Y134.160
G1 X67.379 Y134.106
G1 X67.238 Y133.945
G0 Z5.000 F500.000
G0 X68.526 Y133.499 F3000.000
G1 Z1.000 F500.000
G4 P100
G1 X68.881 Y134.190 F1000.000
G1 X69.158 Y134.442
G1 X69.474 Y134.605
G1 X69.810 Y134.660
G1 X69.958 Y134.617
G1 X70.020 Y134.465
G1 X70.424 Y134.441
G1 X70.485 Y134.310
G1 X70.295 Y133.010
G1 X70.333 Y132.890
G1 X70.430 Y132.845
G1 X70.660 Y132.967
G1 X71.160 Y133.435
G1 X71.263 Y133.375
G1 X71.300 Y133.210
G1 X71.205 Y132.900
G1 X70.770 Y132.470
G1 X70.325 Y132.295
G1 X70.023 Y132.407
G1 X69.815 Y132.715
G1 X69.521 Y132.400
G1 X69.160 Y132.295
G1 X68.881 Y132.351
G1 X68.665 Y132.520
G1 X68.526 Y132.780
G1 X68.526 Y133.499
G0 Z5.000 F500.000
G0 X69.105 Y133.105 F3000.000
G1 Z1.000 F500.000
G4 P100
G1 X69.168 Y132.875 F1000.000
G1 X69.340 Y132.800
G1 X69.550 Y132.930
G1 X69.695 Y133.275
G1 X69.880 Y134.195
G1 X69.493 Y134.037
G1 X69.210 Y133.635
G1 X69.105 Y133.105
G0 Z5.000 F500.000
G0 X70.873 Y133.500 F3000.000
G1 Z1.000 F500.000
G4 P100
G1 X71.202 Y134.168 F1000.000
G1 X71.468 Y134.417
G1 X72.135 Y134.675
G1 X72.273 Y135.574
G1 X72.498 Y136.332
G1 X72.807 Y136.848
G1 X72.993 Y136.977
G1 X73.397 Y136.971
G1 X73.558 Y136.825
G1 X73.664 Y136.580
G1 X73.631 Y135.627
G1 X73.425 Y134.925
G1 X72.690 Y133.385
G1 X72.778 Y132.970
G1 X72.950 Y132.845
G1 X73.225 Y132.965
G1 X73.735 Y133.435
G1 X73.838 Y133.375
G1 X73.875 Y133.210
G1 X73.780 Y132.900
G1 X73.086 Y132.339
G1 X72.845 Y132.295
G1 X72.510 Y132.406
G1 X72.265 Y132.740
G1 X71.898 Y132.385
G1 X71.530 Y132.295
G1 X71.252 Y132.352
G1 X71.028 Y132.522
G1 X70.879 Y132.784
G1 X70.873 Y133.500
G0 Z5.000 F500.000
G0 X71.455 Y133.165 F3000.000
G1 Z1.000 F500.000
G4 P100
G1 X71.518 Y132.891 F1000.000
G1 X71.705 Y132.800
G1 X71.895 Y132.877
G1 X72.135 Y133.165
G1 X72.095 Y134.160
G1 X71.843 Y134.025
G1 X71.638 Y133.792
G1 X71.455 Y133.165
G0 Z5.000 F500.000
G0 X72.695 Y134.170 F3000.000
G1 Z1.000 F500.000
G4 P100
G1 X73.115 Y135.270 F1000.000
G1 X73.255 Y136.130
G1 X73.145 Y136.530
G1 X72.955 Y136.192
G1 X72.695 Y134.170
G0 Z5.000 F500.000
G0 X74.150 Y134.485 F3000.000
G1 Z1.000 F500.000
G4 P100
G1 X74.296 Y134.650 F1000.000
G1 X74.545 Y134.705
G1 X74.740 Y134.680
G1 X74.795 Y134.600
G1 X74.630 Y134.070
G1 X75.088 Y133.322
G1 X75.160 Y132.860
G1 X75.735 Y133.365
G1 X75.870 Y133.435
G1 X75.973 Y133.375
G1 X76.010 Y133.210
G1 X75.915 Y132.900
G1 X75.438 Y132.477
G1 X74.400 Y132.185
G1 X74.003 Y132.305
G1 X73.865 Y132.575
G1 X73.960 Y132.800
G1 X74.240 Y132.895
G1 X74.525 Y132.865
G1 X74.468 Y133.110
G1 X74.185 Y133.520
G1 X73.545 Y132.660
G1 X73.355 Y132.570
G1 X73.225 Y132.627
G1 X73.175 Y132.770
G1 X73.245 Y132.955
G1 X73.725 Y133.595
G1 X74.150 Y134.485
G0 Z5.000 F500.000
G0 X76.911 Y133.499 F3000.000
G1 Z1.000 F500.000
G4 P100
G1 X77.266 Y134.190 F1000.000
G1 X77.543 Y134.442
G1 X77.859 Y134.605
G1 X78.195 Y134.660
G1 X78.343 Y134.617
G1 X78.405 Y134.465
G1 X78.809 Y134.441
G1 X78.870 Y134.310
G1 X78.680 Y133.010
G1 X78.718 Y132.890
G1 X78.815 Y132.845
G1 X79.045 Y132.967
G1 X79.545 Y133.435
G1 X79.648 Y133.375
G1 X79.685 Y133.210
G1 X79.590 Y132.900
G1 X79.155 Y132.470
G1 X78.710 Y132.295
G1 X78.408 Y132.407
G1 X78.200 Y132.715
G1 X77.906 Y132.400
G1 X77.545 Y132.295
G1 X77.266 Y132.351
G1 X77.050 Y132.520
G1 X76.911 Y132.780
G1 X76.911 Y133.499
G0 Z5.000 F500.000
G0 X77.490 Y133.105 F3000.000
G1 Z1.000 F500.000
G4 P100
G1 X77.553 Y132.875 F1000.000
G1 X77.725 Y132.800
G1 X77.935 Y132.930
G1 X78.080 Y133.275
G1 X78.265 Y134.195
G1 X77.878 Y134.037
G1 X77.595 Y133.635
G1 X77.490 Y133.105
G0 Z5.000 F500.000
G0 X79.336 Y133.768 F3000.000
G1 Z1.000 F500.000
G4 P100
G1 X79.475 Y134.370 F1000.000
G1 X79.623 Y134.582
G1 X79.910 Y134.650
G1 X80.050 Y134.625
G1 X80.090 Y134.530
G1 X79.885 Y133.450
G1 X80.255 Y134.150
G1 X80.658 Y134.535
G1 X81.020 Y134.650
G1 X81.264 Y134.568
G1 X81.345 Y134.325
G1 X81.140 Y133.045
G1 X81.176 Y132.895
G1 X81.285 Y132.845
G1 X81.523 Y132.967
G1 X82.025 Y133.435
G1 X82.128 Y133.375
G1 X82.165 Y133.210
G1 X82.070 Y132.900
G1 X81.608 Y132.465
G1 X81.343 Y132.337
G1 X80.821 Y132.332
G1 X80.563 Y132.623
G1 X80.530 Y132.870
G1 X80.665 Y133.805
G1 X80.610 Y133.885
G1 X80.428 Y133.717
G1 X80.188 Y133.275
G1 X79.863 Y132.377
G1 X79.635 Y132.295
G1 X79.473 Y132.345
G1 X79.368 Y132.495
G1 X79.290 Y133.135
G1 X79.336 Y133.768
G0 Z5.000 F500.000
G0 X81.695 Y133.115 F3000.000
G1 Z1.000 F500.000
G4 P100
G1 X81.738 Y133.500 F1000.000
G1 X82.067 Y134.168
G1 X82.648 Y134.590
G1 X83.000 Y134.675
G1 X83.138 Y135.574
G1 X83.363 Y136.332
G1 X83.672 Y136.848
G1 X83.858 Y136.977
G1 X84.262 Y136.971
G1 X84.423 Y136.825
G1 X84.529 Y136.580
G1 X84.496 Y135.627
G1 X84.290 Y134.925
G1 X83.555 Y133.385
G1 X83.643 Y132.970
G1 X83.815 Y132.845
G1 X84.090 Y132.965
G1 X84.600 Y133.435
G1 X84.703 Y133.375
G1 X84.740 Y133.210
G1 X84.645 Y132.900
G1 X83.951 Y132.339
G1 X83.710 Y132.295
G1 X83.375 Y132.406
G1 X83.130 Y132.740
G1 X82.763 Y132.385
G1 X82.395 Y132.295
G1 X82.117 Y132.352
G1 X81.893 Y132.522
G1 X81.744 Y132.784
G1 X81.695 Y133.115
G0 Z5.000 F500.000
G0 X82.383 Y132.891 F3000.000
G1 Z1.000 F500.000
G4 P100
G1 X82.570 Y132.800 F1000.000
G1 X82.760 Y132.877
G1 X83.000 Y133.165
G1 X82.960 Y134.160
G1 X82.708 Y134.025
G1 X82.366 Y133.494
G1 X82.320 Y133.165
G1 X82.383 Y132.891
G0 Z5.000 F500.000
G0 X83.560 Y134.170 F3000.000
G1 Z1.000 F500.000
G4 P100
G1 X83.980 Y135.270 F1000.000
G1 X84.120 Y136.130
G1 X84.010 Y136.530
G1 X83.820 Y136.192
G1 X83.560 Y134.170
G0 Z5.000 F500.000
G0 X85.481 Y134.615 F3000.000
G1 Z1.000 F500.000
G4 P100
G1 X85.935 Y134.685 F1000.000
G1 X86.195 Y135.690
G1 X86.618 Y136.415
G1 X86.874 Y136.617
G1 X87.150 Y136.685
G1 X87.338 Y136.638
G1 X87.480 Y136.500
G1 X87.600 Y136.035
G1 X87.559 Y135.660
G1 X87.438 Y135.310
G1 X86.950 Y134.685
G1 X87.625 Y134.650
G1 X87.625 Y134.369
G1 X87.519 Y134.261
G1 X87.095 Y134.175
G1 X86.485 Y134.175
G1 X86.506 Y133.342
G1 X86.598 Y133.055
G1 X86.756 Y132.897
G1 X86.985 Y132.845
G1 X87.365 Y132.975
G1 X87.890 Y133.435
G1 X87.993 Y133.375
G1 X88.030 Y133.210
G1 X87.935 Y132.900
G1 X87.465 Y132.465
G1 X87.191 Y132.337
G1 X86.880 Y132.295
G1 X86.434 Y132.384
G1 X86.115 Y132.653
G1 X85.924 Y133.102
G1 X85.875 Y134.175
G1 X85.478 Y134.230
G1 X85.425 Y134.405
G1 X85.481 Y134.615
G0 Z5.000 F500.000
G0 X86.535 Y134.760 F3000.000
G1 Z1.000 F500.000
G4 P100
G1 X86.978 Y135.332 F1000.000
G1 X87.125 Y135.910
G1 X87.098 Y136.131
G1 X87.015 Y136.205
G1 X86.848 Y136.017
G1 X86.673 Y135.497
G1 X86.535 Y134.760
G0 Z5.000 F500.000
G0 X87.961 Y134.190 F3000.000
G1 Z1.000 F500.000
G4 P100
G1 X88.554 Y134.605 F1000.000
G1 X88.890 Y134.660
G1 X89.038 Y134.617
G1 X89.100 Y134.465
G1 X89.504 Y134.441
G1 X89.565 Y134.310
G1 X89.375 Y133.010
G1 X89.413 Y132.890
G1 X89.510 Y132.845
G1 X89.740 Y132.967
G1 X90.240 Y133.435
G1 X90.343 Y133.375
G1 X90.380 Y133.210
G1 X90.285 Y132.900
G1 X89.850 Y132.470
G1 X89.405 Y132.295
G1 X89.103 Y132.407
G1 X88.895 Y132.715
G1 X88.601 Y132.400
G1 X88.240 Y132.295
G1 X87.961 Y132.351
G1 X87.745 Y132.520
G1 X87.606 Y132.780
G1 X87.560 Y133.110
G1 X87.606 Y133.499
G1 X87.961 Y134.190
G0 Z5.000 F500.000
G0 X88.290 Y133.635 F3000.000
G1 Z1.000 F500.000
G4 P100
G1 X88.185 Y133.105 F1000.000
G1 X88.248 Y132.875
G1 X88.420 Y132.800
G1 X88.630 Y132.930
G1 X88.775 Y133.275
G1 X88.960 Y134.195
G1 X88.573 Y134.037
G1 X88.290 Y133.635
G0 Z5.000 F500.000
G0 X90.010 Y133.795 F3000.000
G1 Z1.000 F500.000
G4 P100
G1 X90.170 Y135.197 F1000.000
G1 X90.367 Y135.898
G1 X90.638 Y136.487
G1 X90.974 Y136.887
G1 X91.370 Y137.020
G1 X91.578 Y136.970
G1 X91.845 Y136.595
G1 X91.880 Y136.310
G1 X91.725 Y135.495
G1 X91.210 Y134.645
G1 X91.514 Y134.563
G1 X91.755 Y134.367
G1 X91.923 Y134.085
G1 X92.005 Y133.745
G1 X92.635 Y133.855
G1 X92.735 Y133.790
G1 X92.735 Y133.432
G1 X92.625 Y133.340
G1 X91.965 Y133.220
G1 X91.821 Y132.845
G1 X91.588 Y132.550
G1 X91.296 Y132.358
G1 X90.975 Y132.295
G1 X90.539 Y132.391
G1 X90.240 Y132.680
G1 X90.068 Y133.151
G1 X90.010 Y133.795
G0 Z5.000 F500.000
G0 X90.635 Y133.410 F3000.000
G1 Z1.000 F500.000
G4 P100
G1 X90.743 Y132.975 F1000.000
G1 X90.995 Y132.825
G1 X91.270 Y132.955
G1 X91.430 Y133.330
G1 X91.193 Y133.605
G1 X91.130 Y134.155
G1 X90.931 Y134.104
G1 X90.773 Y133.952
G1 X90.635 Y133.410
G0 Z5.000 F500.000
G0 X90.670 Y134.305 F3000.000
G1 Z1.000 F500.000
G4 P100
G1 X91.346 Y135.809 F1000.000
G1 X91.395 Y136.195
G1 X91.358 Y136.440
G1 X91.255 Y136.525
G1 X91.038 Y136.227
G1 X90.820 Y135.420
G1 X90.670 Y134.305
G0 Z5.000 F500.000
G0 X92.533 Y135.120 F3000.000
G1 Z1.000 F500.000
G4 P100
G1 X92.728 Y135.845 F1000.000
G1 X92.998 Y136.460
G1 X93.334 Y136.880
G1 X93.730 Y137.020
G1 X93.944 Y136.964
G1 X94.108 Y136.797
G1 X94.211 Y136.527
G1 X94.245 Y136.160
G1 X94.163 Y135.517
G1 X93.915 Y134.780
G1 X93.526 Y133.998
G1 X93.020 Y133.225
G1 X93.135 Y132.932
G1 X93.345 Y132.845
G1 X93.705 Y132.962
G1 X94.235 Y133.435
G1 X94.338 Y133.375
G1 X94.375 Y133.210
G1 X94.280 Y132.900
G1 X93.813 Y132.465
G1 X93.543 Y132.337
G1 X93.240 Y132.295
G1 X92.857 Y132.395
G1 X92.588 Y132.695
G1 X92.428 Y133.153
G1 X92.375 Y133.730
G1 X92.533 Y135.120
G0 Z5.000 F500.000
G0 X92.985 Y133.900 F3000.000
G1 Z1.000 F500.000
G4 P100
G1 X93.550 Y135.072 F1000.000
G1 X93.708 Y135.634
G1 X93.760 Y136.145
G1 X93.725 Y136.430
G1 X93.620 Y136.525
G1 X93.360 Y136.110
G1 X93.105 Y135.080
G1 X92.985 Y133.900
G0 Z5.000 F500.000
G0 X94.213 Y134.269 F3000.000
G1 Z1.000 F500.000
G4 P100
G1 X94.717 Y134.606 F1000.000
G1 X95.286 Y134.607
G1 X95.490 Y134.477
G1 X95.621 Y134.274
G1 X95.665 Y134.010
G1 X95.603 Y133.689
G1 X95.418 Y133.417
G1 X95.084 Y133.195
G1 X94.580 Y133.025
G1 X94.761 Y132.852
G1 X95.055 Y132.795
G1 X95.568 Y132.952
G1 X96.200 Y133.435
G1 X96.303 Y133.375
G1 X96.340 Y133.210
G1 X96.245 Y132.900
G1 X95.723 Y132.485
G1 X95.373 Y132.342
G1 X95.000 Y132.295
G1 X94.534 Y132.366
G1 X94.185 Y132.580
G1 X93.968 Y132.917
G1 X93.895 Y133.360
G1 X94.040 Y134.002
G1 X94.213 Y134.269
G0 Z5.000 F500.000
G0 X94.628 Y133.945 F3000.000
G1 Z1.000 F500.000
G4 P100
G1 X94.500 Y133.425 F1000.000
G1 X94.965 Y133.625
G1 X95.135 Y133.950
G1 X95.083 Y134.102
G1 X94.940 Y134.160
G1 X94.769 Y134.106
G1 X94.628 Y133.945
G0 Z5.000 F500.000
G0 X97.241 Y133.499 F3000.000
G1 Z1.000 F500.000
G4 P100
G1 X97.596 Y134.190 F1000.000
G1 X97.873 Y134.442
G1 X98.189 Y134.605
G1 X98.525 Y134.660
G1 X98.673 Y134.617
G1 X98.735 Y134.465
G1 X99.133 Y134.447
G1 X99.185 Y134.300
G1 X98.965 Y132.855
G1 X99.705 Y133.385
G1 X99.820 Y133.425
G1 X99.923 Y133.362
G1 X99.960 Y133.205
G1 X99.815 Y132.910
G1 X98.865 Y132.265
G1 X98.646 Y131.340
G1 X98.368 Y130.637
G1 X98.018 Y130.193
G1 X97.585 Y130.045
G1 X97.354 Y130.084
G1 X97.050 Y130.384
G1 X97.010 Y130.615
G1 X97.080 Y130.983
G1 X97.290 Y131.377
G1 X97.693 Y131.832
G1 X98.340 Y132.380
G1 X98.370 Y132.575
G1 X98.148 Y132.367
G1 X97.875 Y132.295
G1 X97.596 Y132.351
G1 X97.380 Y132.520
G1 X97.241 Y132.780
G1 X97.241 Y133.499
G0 Z5.000 F500.000
G0 X97.820 Y133.105 F3000.000
G1 Z1.000 F500.000
G4 P100
G1 X97.883 Y132.875 F1000.000
G1 X98.055 Y132.800
G1 X98.275 Y132.940
G1 X98.585 Y134.195
G1 X98.205 Y134.037
G1 X97.925 Y133.635
G1 X97.820 Y133.105
G0 Z5.000 F500.000
G0 X98.225 Y131.785 F3000.000
G1 Z1.000 F500.000
G4 P100
G1 X97.670 Y131.190 F1000.000
G1 X97.500 Y130.725
G1 X97.533 Y130.585
G1 X97.640 Y130.530
G1 X97.773 Y130.605
G1 X97.923 Y130.830
G1 X98.225 Y131.785
G0 Z5.000 F500.000
G0 X99.848 Y132.345 F3000.000
G1 Z1.000 F500.000
G4 P100
G1 X99.743 Y132.495 F1000.000
G1 X99.665 Y133.135
G1 X99.711 Y133.768
G1 X99.850 Y134.370
G1 X99.998 Y134.582
G1 X100.285 Y134.650
G1 X100.425 Y134.625
G1 X100.465 Y134.530
G1 X100.260 Y133.450
G1 X100.630 Y134.150
G1 X101.033 Y134.535
G1 X101.395 Y134.650
G1 X101.639 Y134.568
G1 X101.720 Y134.325
G1 X101.666 Y133.628
G1 X101.760 Y133.585
G1 X102.255 Y133.870
G1 X102.358 Y133.812
G1 X102.395 Y133.660
G1 X102.295 Y133.370
G1 X101.968 Y133.122
G1 X101.570 Y133.020
G1 X101.168 Y133.155
G1 X101.064 Y133.313
G1 X101.000 Y133.885
G1 X100.803 Y133.717
G1 X100.560 Y133.275
G1 X100.238 Y132.377
G1 X100.010 Y132.295
G1 X99.848 Y132.345
G0 Z5.000 F500.000
G0 X101.962 Y132.792 F3000.000
G1 Z1.000 F500.000
G4 P100
G1 X101.983 Y133.712 F1000.000
G1 X102.130 Y134.370
G1 X102.250 Y134.590
G1 X102.490 Y134.650
G1 X102.681 Y134.607
G1 X102.745 Y134.480
G1 X102.530 Y133.155
G1 X102.570 Y132.925
G1 X102.705 Y132.845
G1 X102.930 Y132.970
G1 X103.425 Y133.435
G1 X103.528 Y133.375
G1 X103.565 Y133.210
G1 X103.470 Y132.900
G1 X102.991 Y132.446
G1 X102.545 Y132.295
G1 X102.264 Y132.352
G1 X102.073 Y132.525
G1 X101.962 Y132.792
G0 Z5.000 F500.000
G0 X102.585 Y134.980 F3000.000
G1 Z1.000 F500.000
G4 P100
G1 X102.270 Y135.077 F1000.000
G1 X102.165 Y135.350
G1 X102.303 Y135.642
G1 X102.645 Y135.760
G1 X102.945 Y135.670
G1 X103.060 Y135.415
G1 X102.930 Y135.097
G1 X102.585 Y134.980
G0 Z5.000 F500.000
G0 X103.733 Y134.417 F3000.000
G1 Z1.000 F500.000
G4 P100
G1 X104.400 Y134.675 F1000.000
G1 X104.538 Y135.574
G1 X104.763 Y136.332
G1 X105.072 Y136.848
G1 X105.258 Y136.977
G1 X105.662 Y136.971
G1 X105.823 Y136.825
G1 X105.929 Y136.580
G1 X105.896 Y135.627
G1 X105.690 Y134.925
G1 X104.955 Y133.385
G1 X105.043 Y132.970
G1 X105.215 Y132.845
G1 X105.490 Y132.965
G1 X106.000 Y133.435
G1 X106.103 Y133.375
G1 X106.140 Y133.210
G1 X106.045 Y132.900
G1 X105.351 Y132.339
G1 X105.110 Y132.295
G1 X104.775 Y132.406
G1 X104.530 Y132.740
G1 X104.163 Y132.385
G1 X103.795 Y132.295
G1 X103.517 Y132.352
G1 X103.293 Y132.522
G1 X103.144 Y132.784
G1 X103.095 Y133.115
G1 X103.265 Y133.857
G1 X103.733 Y134.417
G0 Z5.000 F500.000
G0 X103.903 Y133.792 F3000.000
G1 Z1.000 F500.000
G4 P100
G1 X103.720 Y133.165 F1000.000
G1 X103.783 Y132.891
G1 X103.970 Y132.800
G1 X104.160 Y132.877
G1 X104.400 Y133.165
G1 X104.360 Y134.160
G1 X104.108 Y134.025
G1 X103.903 Y133.792
G0 Z5.000 F500.000
G0 X104.960 Y134.170 F3000.000
G1 Z1.000 F500.000
G4 P100
G1 X105.380 Y135.270 F1000.000
G1 X105.520 Y136.130
G1 X105.410 Y136.530
G1 X105.220 Y136.192
G1 X104.960 Y134.170
G0 Z5.000 F500.000
G0 X106.415 Y134.485 F3000.000
G1 Z1.000 F500.000
G4 P100
G1 X106.561 Y134.650 F1000.000
G1 X106.810 Y134.705
G1 X107.005 Y134.680
G1 X107.060 Y134.600
G1 X106.895 Y134.070
G1 X107.353 Y133.322
G1 X107.425 Y132.860
G1 X108.000 Y133.365
G1 X108.135 Y133.435
G1 X108.238 Y133.375
G1 X108.275 Y133.210
G1 X108.180 Y132.900
G1 X107.703 Y132.477
G1 X106.665 Y132.185
G1 X106.268 Y132.305
G1 X106.130 Y132.575
G1 X106.225 Y132.800
G1 X106.505 Y132.895
G1 X106.790 Y132.865
G1 X106.733 Y133.110
G1 X106.450 Y133.520
G1 X105.810 Y132.660
G1 X105.620 Y132.570
G1 X105.490 Y132.627
G1 X105.440 Y132.770
G1 X105.510 Y132.955
G1 X105.990 Y133.595
G1 X106.415 Y134.485
G0 Z5.000 F500.000
G0 X109.176 Y133.499 F3000.000
G1 Z1.000 F500.000
G4 P100
G1 X109.531 Y134.190 F1000.000
G1 X109.808 Y134.442
G1 X110.124 Y134.605
G1 X110.460 Y134.660
G1 X110.608 Y134.617
G1 X110.670 Y134.465
G1 X111.074 Y134.441
G1 X111.135 Y134.310
G1 X110.945 Y133.010
G1 X110.983 Y132.890
G1 X111.080 Y132.845
G1 X111.310 Y132.967
G1 X111.810 Y133.435
G1 X111.913 Y133.375
G1 X111.950 Y133.210
G1 X111.855 Y132.900
G1 X111.420 Y132.470
G1 X110.975 Y132.295
G1 X110.673 Y132.407
G1 X110.465 Y132.715
G1 X110.171 Y132.400
G1 X109.810 Y132.295
G1 X109.531 Y132.351
G1 X109.315 Y132.520
G1 X109.176 Y132.780
G1 X109.176 Y133.499
G0 Z5.000 F500.000
G0 X109.755 Y133.105 F3000.000
G1 Z1.000 F500.000
G4 P100
G1 X109.818 Y132.875 F1000.000
G1 X109.990 Y132.800
G1 X110.200 Y132.930
G1 X110.345 Y133.275
G1 X110.530 Y134.195
G1 X110.143 Y134.037
G1 X109.860 Y133.635
G1 X109.755 Y133.105
G0 Z5.000 F500.000
G0 X111.601 Y133.768 F3000.000
G1 Z1.000 F500.000
G4 P100
G1 X111.740 Y134.370 F1000.000
G1 X111.888 Y134.582
G1 X112.175 Y134.650
G1 X112.315 Y134.625
G1 X112.355 Y134.530
G1 X112.150 Y133.450
G1 X112.520 Y134.150
G1 X112.923 Y134.535
G1 X113.285 Y134.650
G1 X113.529 Y134.568
G1 X113.610 Y134.325
G1 X113.556 Y133.628
G1 X113.650 Y133.585
G1 X114.145 Y133.870
G1 X114.248 Y133.812
G1 X114.285 Y133.660
G1 X114.185 Y133.370
G1 X113.858 Y133.122
G1 X113.460 Y133.020
G1 X113.227 Y133.053
G1 X112.954 Y133.313
G1 X112.890 Y133.885
G1 X112.693 Y133.717
G1 X112.450 Y133.275
G1 X112.128 Y132.377
G1 X111.900 Y132.295
G1 X111.738 Y132.345
G1 X111.633 Y132.495
G1 X111.555 Y133.135
G1 X111.601 Y133.768
G0 Z5.000 F500.000
G0 X113.745 Y133.360 F3000.000
G1 Z1.000 F500.000
G4 P100
G1 X113.890 Y134.002 F1000.000
G1 X114.063 Y134.269
G1 X114.567 Y134.606
G1 X114.875 Y134.650
G1 X115.136 Y134.607
G1 X115.340 Y134.477
G1 X115.471 Y134.274
G1 X115.515 Y134.010
G1 X115.453 Y133.689
G1 X115.268 Y133.417
G1 X114.934 Y133.195
G1 X114.430 Y133.025
G1 X114.611 Y132.852
G1 X114.905 Y132.795
G1 X115.418 Y132.952
G1 X116.050 Y133.435
G1 X116.153 Y133.375
G1 X116.190 Y133.210
G1 X116.095 Y132.900
G1 X115.573 Y132.485
G1 X114.850 Y132.295
G1 X114.384 Y132.366
G1 X114.035 Y132.580
G1 X113.818 Y132.917
G1 X113.745 Y133.360
G0 Z5.000 F500.000
G0 X114.350 Y133.425 F3000.000
G1 Z1.000 F500.000
G4 P100
G1 X114.815 Y133.625 F1000.000
G1 X114.943 Y133.776
G1 X114.933 Y134.102
G1 X114.790 Y134.160
G1 X114.619 Y134.106
G1 X114.478 Y133.945
G1 X114.350 Y133.425
G0 Z5.000 F500.000
G0 X116.786 Y132.598 F3000.000
G1 Z1.000 F500.000
G4 P100
G1 X117.195 Y133.350 F1000.000
G1 X117.185 Y134.365
G1 X117.300 Y134.595
G1 X117.600 Y134.680
G1 X117.753 Y134.637
G1 X117.810 Y134.285
G1 X118.125 Y134.572
G1 X118.455 Y134.660
G1 X118.709 Y134.603
G1 X118.913 Y134.435
G1 X119.046 Y134.175
G1 X119.090 Y133.845
G1 X119.005 Y133.330
G1 X118.770 Y132.875
G1 X118.945 Y132.845
G1 X119.260 Y132.965
G1 X119.780 Y133.435
G1 X119.883 Y133.375
G1 X119.920 Y133.210
G1 X119.825 Y132.900
G1 X119.363 Y132.465
G1 X119.098 Y132.337
G1 X118.560 Y132.342
G1 X118.370 Y132.485
G1 X117.775 Y132.295
G1 X117.669 Y131.409
G1 X117.480 Y130.682
G1 X117.196 Y130.197
G1 X116.805 Y130.035
G1 X116.570 Y130.083
G1 X116.405 Y130.230
G1 X116.275 Y130.770
G1 X116.500 Y131.912
G1 X116.786 Y132.598
G0 Z5.000 F500.000
G0 X116.845 Y131.620 F3000.000
G1 Z1.000 F500.000
G4 P100
G1 X116.720 Y130.855 F1000.000
G1 X116.758 Y130.610
G1 X116.845 Y130.525
G1 X116.969 Y130.672
G1 X117.070 Y131.112
G1 X117.185 Y132.575
G1 X116.845 Y131.620
G0 Z5.000 F500.000
G0 X117.800 Y132.775 F3000.000
G1 Z1.000 F500.000
G4 P100
G1 X118.133 Y132.972 F1000.000
G1 X118.375 Y133.362
G1 X118.465 Y133.850
G1 X118.405 Y134.077
G1 X118.245 Y134.155
G1 X118.046 Y134.060
G1 X117.810 Y133.775
G1 X117.800 Y132.775
G0 Z5.000 F500.000
G0 X119.525 Y133.135 F3000.000
G1 Z1.000 F500.000
G4 P100
G1 X119.710 Y134.370 F1000.000
G1 X119.858 Y134.582
G1 X120.145 Y134.650
G1 X120.285 Y134.625
G1 X120.325 Y134.530
G1 X120.120 Y133.450
G1 X120.490 Y134.150
G1 X120.893 Y134.535
G1 X121.255 Y134.650
G1 X121.499 Y134.568
G1 X121.580 Y134.325
G1 X121.526 Y133.628
G1 X121.620 Y133.585
G1 X122.115 Y133.870
G1 X122.218 Y133.812
G1 X122.255 Y133.660
G1 X122.155 Y133.370
G1 X121.828 Y133.122
G1 X121.430 Y133.020
G1 X121.197 Y133.053
G1 X120.924 Y133.313
G1 X120.860 Y133.885
G1 X120.663 Y133.717
G1 X120.420 Y133.275
G1 X120.098 Y132.377
G1 X119.870 Y132.295
G1 X119.708 Y132.345
G1 X119.603 Y132.495
G1 X119.525 Y133.135
G0 Z5.000 F500.000
G0 X121.788 Y132.917 F3000.000
G1 Z1.000 F500.000
G4 P100
G1 X121.715 Y133.360 F1000.000
G1 X121.860 Y134.002
G1 X122.263 Y134.475
G1 X122.845 Y134.650
G1 X123.106 Y134.607
G1 X123.310 Y134.477
G1 X123.441 Y134.274
G1 X123.485 Y134.010
G1 X123.423 Y133.689
G1 X123.238 Y133.417
G1 X122.904 Y133.195
G1 X122.400 Y133.025
G1 X122.581 Y132.852
G1 X122.875 Y132.795
G1 X123.388 Y132.952
G1 X124.020 Y133.435
G1 X124.123 Y133.375
G1 X124.160 Y133.210
G1 X124.065 Y132.900
G1 X123.543 Y132.485
G1 X122.820 Y132.295
G1 X122.354 Y132.366
G1 X122.005 Y132.580
G1 X121.788 Y132.917
G0 Z5.000 F500.000
G0 X122.320 Y133.425 F3000.000
G1 Z1.000 F500.000
G4 P100
G1 X122.785 Y133.625 F1000.000
G1 X122.913 Y133.776
G1 X122.903 Y134.102
G1 X122.760 Y134.160
G1 X122.589 Y134.106
G1 X122.448 Y133.945
G1 X122.320 Y133.425
G0 Z5.000 F500.000
G0 X123.595 Y133.035 F3000.000
G1 Z1.000 F500.000
G4 P100
G1 X124.010 Y133.595 F1000.000
G1 X124.435 Y134.485
G1 X124.581 Y134.650
G1 X124.830 Y134.705
G1 X125.025 Y134.680
G1 X125.080 Y134.600
G1 X124.915 Y134.070
G1 X125.373 Y133.322
G1 X125.445 Y132.860
G1 X126.155 Y133.435
G1 X126.258 Y133.375
G1 X126.295 Y133.210
G1 X126.200 Y132.900
G1 X125.723 Y132.477
G1 X124.685 Y132.185
G1 X124.288 Y132.305
G1 X124.150 Y132.575
G1 X124.245 Y132.800
G1 X124.525 Y132.895
G1 X124.810 Y132.865
G1 X124.753 Y133.110
G1 X124.470 Y133.520
G1 X124.163 Y133.030
G1 X123.830 Y132.660
G1 X123.640 Y132.570
G1 X123.510 Y132.627
G1 X123.460 Y132.770
G1 X123.595 Y133.035
G0 Z5.000 F500.000
G0 X125.815 Y133.360 F3000.000
G1 Z1.000 F500.000
G4 P100
G1 X125.960 Y134.002 F1000.000
G1 X126.133 Y134.269
G1 X126.637 Y134.606
G1 X126.945 Y134.650
G1 X127.206 Y134.607
G1 X127.410 Y134.477
G1 X127.541 Y134.274
G1 X127.585 Y134.010
G1 X127.523 Y133.689
G1 X127.338 Y133.417
G1 X127.004 Y133.195
G1 X126.500 Y133.025
G1 X126.681 Y132.852
G1 X126.975 Y132.795
G1 X127.488 Y132.952
G1 X128.120 Y133.435
G1 X128.223 Y133.375
G1 X128.260 Y133.210
G1 X128.165 Y132.900
G1 X127.643 Y132.485
G1 X126.920 Y132.295
G1 X126.454 Y132.366
G1 X126.105 Y132.580
G1 X125.888 Y132.917
G1 X125.815 Y133.360
G0 Z5.000 F500.000
G0 X126.420 Y133.425 F3000.000
G1 Z1.000 F500.000
G4 P100
G1 X126.885 Y133.625 F1000.000
G1 X127.013 Y133.776
G1 X127.003 Y134.102
G1 X126.860 Y134.160
G1 X126.689 Y134.106
G1 X126.548 Y133.945
G1 X126.420 Y133.425
G0 Z5.000 F500.000
G0 X127.911 Y133.768 F3000.000
G1 Z1.000 F500.000
G4 P100
G1 X128.050 Y134.370 F1000.000
G1 X128.198 Y134.582
G1 X128.485 Y134.650
G1 X128.625 Y134.625
G1 X128.665 Y134.530
G1 X128.460 Y133.450
G1 X128.830 Y134.150
G1 X129.233 Y134.535
G1 X129.595 Y134.650
G1 X129.839 Y134.568
G1 X129.920 Y134.325
G1 X129.866 Y133.628
G1 X129.960 Y133.585
G1 X130.455 Y133.870
G1 X130.558 Y133.812
G1 X130.595 Y133.660
G1 X130.495 Y133.370
G1 X130.168 Y133.122
G1 X129.770 Y133.020
G1 X129.537 Y133.053
G1 X129.264 Y133.313
G1 X129.200 Y133.885
G1 X129.003 Y133.717
G1 X128.760 Y133.275
G1 X128.438 Y132.377
G1 X128.210 Y132.295
G1 X128.048 Y132.345
G1 X127.943 Y132.495
G1 X127.865 Y133.135
G1 X127.911 Y133.768
G0 Z5.000 F500.000
G0 X130.200 Y132.960 F3000.000
G1 Z1.000 F500.000
G4 P100
G1 X130.140 Y134.360 F1000.000
G1 X130.230 Y134.590
G1 X130.485 Y134.655
G1 X130.678 Y134.597
G1 X130.810 Y132.910
G1 X131.260 Y133.620
G1 X131.185 Y133.965
G1 X131.260 Y134.295
G1 X131.465 Y134.555
G1 X131.760 Y134.655
G1 X131.995 Y134.552
G1 X132.085 Y134.255
G1 X131.965 Y133.740
G1 X132.655 Y133.845
G1 X132.770 Y133.795
G1 X132.750 Y133.417
G1 X132.570 Y133.290
G1 X132.080 Y133.215
G1 X131.665 Y133.275
G1 X131.000 Y132.400
G1 X130.670 Y132.295
G1 X130.487 Y132.335
G1 X130.348 Y132.455
G1 X130.200 Y132.960
G0 Z5.000 F500.000
G0 X132.373 Y132.917 F3000.000
G1 Z1.000 F500.000
G4 P100
G1 X132.300 Y133.360 F1000.000
G1 X132.445 Y134.002
G1 X132.848 Y134.475
G1 X133.430 Y134.650
G1 X133.691 Y134.607
G1 X133.895 Y134.477
G1 X134.026 Y134.274
G1 X134.070 Y134.010
G1 X134.008 Y133.689
G1 X133.823 Y133.417
G1 X133.489 Y133.195
G1 X132.985 Y133.025
G1 X133.166 Y132.852
G1 X133.460 Y132.795
G1 X133.973 Y132.952
G1 X134.605 Y133.435
G1 X134.708 Y133.375
G1 X134.745 Y133.210
G1 X134.650 Y132.900
G1 X134.128 Y132.485
G1 X133.405 Y132.295
G1 X132.939 Y132.366
G1 X132.590 Y132.580
G1 X132.373 Y132.917
G0 Z5.000 F500.000
G0 X132.905 Y133.425 F3000.000
G1 Z1.000 F500.000
G4 P100
G1 X133.370 Y133.625 F1000.000
G1 X133.498 Y133.776
G1 X133.488 Y134.102
G1 X133.345 Y134.160
G1 X133.174 Y134.106
G1 X133.033 Y133.945
G1 X132.905 Y133.425
G0 Z5.000 F500.000
G0 X134.318 Y133.500 F3000.000
G1 Z1.000 F500.000
G4 P100
G1 X134.647 Y134.168 F1000.000
G1 X134.913 Y134.417
G1 X135.580 Y134.675
G1 X135.718 Y135.574
G1 X135.943 Y136.332
G1 X136.252 Y136.848
G1 X136.438 Y136.977
G1 X136.842 Y136.971
G1 X137.003 Y136.825
G1 X137.109 Y136.580
G1 X137.076 Y135.627
G1 X136.870 Y134.925
G1 X136.135 Y133.385
G1 X136.223 Y132.970
G1 X136.395 Y132.845
G1 X136.670 Y132.965
G1 X137.180 Y133.435
G1 X137.283 Y133.375
G1 X137.320 Y133.210
G1 X137.225 Y132.900
G1 X136.531 Y132.339
G1 X136.290 Y132.295
G1 X135.955 Y132.406
G1 X135.710 Y132.740
G1 X135.343 Y132.385
G1 X134.975 Y132.295
G1 X134.697 Y132.352
G1 X134.473 Y132.522
G1 X134.324 Y132.784
G1 X134.318 Y133.500
G0 Z5.000 F500.000
G0 X134.900 Y133.165 F3000.000
G1 Z1.000 F500.000
G4 P100
G1 X134.963 Y132.891 F1000.000
G1 X135.150 Y132.800
G1 X135.340 Y132.877
G1 X135.580 Y133.165
G1 X135.540 Y134.160
G1 X135.288 Y134.025
G1 X135.083 Y133.792
G1 X134.900 Y133.165
G0 Z5.000 F500.000
G0 X136.140 Y134.170 F3000.000
G1 Z1.000 F500.000
G4 P100
G1 X136.560 Y135.270 F1000.000
G1 X136.700 Y136.130
G1 X136.590 Y136.530
G1 X136.400 Y136.192
G1 X136.140 Y134.170
G0 Z5.000 F500.000
G0 X137.096 Y133.191 F3000.000
G1 Z1.000 F500.000
G4 P100
G1 X137.300 Y133.225 F1000.000
G1 X137.633 Y133.117
G1 X137.745 Y132.800
G1 X137.615 Y132.432
G1 X137.461 Y132.329
G1 X137.260 Y132.295
G1 X136.928 Y132.415
G1 X136.815 Y132.730
G1 X136.943 Y133.090
G1 X137.096 Y133.191
G0 Z5.000 F500.000
G0 X23.990 Y121.220 F3000.000
G1 Z1.000 F500.000
G4 P100
G1 X23.921 Y120.505 F1000.000
G1 X23.712 Y119.880
G1 X23.385 Y119.366
G1 X22.957 Y118.985
G1 X22.454 Y118.749
G1 X21.900 Y118.670
G1 X21.477 Y118.720
G1 X21.098 Y118.870
G1 X20.777 Y119.117
G1 X20.530 Y119.457
G1 X20.373 Y119.883
G1 X20.320 Y120.385
G1 X20.389 Y121.100
G1 X20.598 Y121.725
G1 X20.925 Y122.239
G1 X21.352 Y122.620
G1 X21.856 Y122.856
G1 X22.410 Y122.935
G1 X22.833 Y122.885
G1 X23.212 Y122.735
G1 X23.533 Y122.488
G1 X23.780 Y122.147
G1 X23.938 Y121.722
G1 X23.990 Y121.220
G0 Z5.000 F500.000
G0 X23.192 Y121.658 F3000.000
G1 Z1.000 F500.000
G4 P100
G1 X23.005 Y122.037 F1000.000
G1 X22.719 Y122.268
G1 X22.360 Y122.345
G1 X21.998 Y122.286
G1 X21.680 Y122.107
G1 X21.417 Y121.822
G1 X21.096 Y120.986
G1 X21.055 Y120.470
G1 X21.117 Y119.947
G1 X21.305 Y119.567
G1 X21.591 Y119.337
G1 X21.950 Y119.260
G1 X22.317 Y119.320
G1 X22.637 Y119.500
G1 X22.901 Y119.787
G1 X23.215 Y120.623
G1 X23.255 Y121.135
G1 X23.192 Y121.658
G0 Z5.000 F500.000
G0 X24.535 Y120.745 F3000.000
G1 Z1.000 F500.000
G4 P100
G1 X24.675 Y120.960 F1000.000
G1 X24.960 Y121.025
G1 X25.113 Y120.990
G1 X25.155 Y120.885
G1 X24.920 Y119.580
G1 X25.025 Y119.390
G1 X25.212 Y119.540
G1 X25.453 Y119.995
G1 X25.822 Y120.960
G1 X26.230 Y120.997
G1 X26.275 Y120.895
G1 X26.010 Y119.420
G1 X26.050 Y119.272
G1 X26.155 Y119.220
G1 X26.392 Y119.342
G1 X26.895 Y119.810
G1 X26.998 Y119.750
G1 X27.035 Y119.585
G1 X26.940 Y119.275
G1 X26.477 Y118.840
G1 X25.915 Y118.670
G1 X25.707 Y118.716
G1 X25.562 Y118.855
G1 X25.450 Y119.375
G1 X25.195 Y118.852
G1 X24.830 Y118.670
G1 X24.626 Y118.722
G1 X24.356 Y119.111
G1 X24.320 Y119.395
G1 X24.370 Y120.082
G1 X24.535 Y120.745
G0 Z5.000 F500.000
G0 X26.395 Y120.780 F3000.000
G1 Z1.000 F500.000
G4 P100
G1 X26.451 Y120.990 F1000.000
G1 X26.905 Y121.060
G1 X27.165 Y122.065
G1 X27.587 Y122.790
G1 X27.844 Y122.992
G1 X28.120 Y123.060
G1 X28.308 Y123.014
G1 X28.450 Y122.875
G1 X28.570 Y122.410
G1 X28.529 Y122.035
G1 X28.407 Y121.685
G1 X27.920 Y121.060
G1 X28.595 Y121.025
G1 X28.595 Y120.744
G1 X28.489 Y120.636
G1 X28.065 Y120.550
G1 X27.455 Y120.550
G1 X27.476 Y119.717
G1 X27.568 Y119.430
G1 X27.726 Y119.272
G1 X27.955 Y119.220
G1 X28.335 Y119.350
G1 X28.860 Y119.810
G1 X28.962 Y119.750
G1 X29.000 Y119.585
G1 X28.905 Y119.275
G1 X28.435 Y118.840
G1 X28.161 Y118.712
G1 X27.850 Y118.670
G1 X27.404 Y118.760
G1 X27.085 Y119.029
G1 X26.894 Y119.477
G1 X26.845 Y120.550
G1 X26.447 Y120.605
G1 X26.395 Y120.780
G0 Z5.000 F500.000
G0 X27.505 Y121.135 F3000.000
G1 Z1.000 F500.000
G4 P100
G1 X27.947 Y121.707 F1000.000
G1 X28.095 Y122.285
G1 X28.067 Y122.506
G1 X27.985 Y122.580
G1 X27.818 Y122.392
G1 X27.643 Y121.872
G1 X27.505 Y121.135
G0 Z5.000 F500.000
G0 X28.785 Y120.970 F3000.000
G1 Z1.000 F500.000
G4 P100
G1 X29.085 Y121.055 F1000.000
G1 X29.238 Y121.012
G1 X29.295 Y120.660
G1 X29.610 Y120.947
G1 X29.940 Y121.035
G1 X30.194 Y120.979
G1 X30.398 Y120.810
G1 X30.531 Y120.550
G1 X30.575 Y120.220
G1 X30.490 Y119.705
G1 X30.255 Y119.250
G1 X30.430 Y119.220
G1 X30.745 Y119.340
G1 X31.265 Y119.810
G1 X31.367 Y119.750
G1 X31.405 Y119.585
G1 X31.310 Y119.275
G1 X30.848 Y118.840
G1 X30.583 Y118.712
G1 X30.045 Y118.717
G1 X29.855 Y118.860
G1 X29.260 Y118.670
G1 X29.154 Y117.784
G1 X28.965 Y117.057
G1 X28.681 Y116.572
G1 X28.290 Y116.410
G1 X28.055 Y116.459
G1 X27.890 Y116.605
G1 X27.793 Y116.837
G1 X27.816 Y117.676
G1 X28.271 Y118.973
G1 X28.680 Y119.725
G1 X28.670 Y120.740
G1 X28.785 Y120.970
G0 Z5.000 F500.000
G0 X29.295 Y120.150 F3000.000
G1 Z1.000 F500.000
G4 P100
G1 X29.285 Y119.150 F1000.000
G1 X29.617 Y119.347
G1 X29.860 Y119.737
G1 X29.950 Y120.225
G1 X29.890 Y120.452
G1 X29.730 Y120.530
G1 X29.531 Y120.435
G1 X29.295 Y120.150
G0 Z5.000 F500.000
G0 X28.670 Y118.950 F3000.000
G1 Z1.000 F500.000
G4 P100
G1 X28.330 Y117.995 F1000.000
G1 X28.205 Y117.230
G1 X28.242 Y116.985
G1 X28.330 Y116.900
G1 X28.454 Y117.047
G1 X28.555 Y117.487
G1 X28.670 Y118.950
G0 Z5.000 F500.000
G0 X31.142 Y118.877 F3000.000
G1 Z1.000 F500.000
G4 P100
G1 X31.000 Y119.395 F1000.000
G1 X31.050 Y120.082
G1 X31.215 Y120.745
G1 X31.355 Y120.960
G1 X31.640 Y121.025
G1 X31.793 Y120.990
G1 X31.835 Y120.885
G1 X31.600 Y119.580
G1 X31.705 Y119.390
G1 X31.893 Y119.540
G1 X32.133 Y119.995
G1 X32.502 Y120.960
G1 X32.910 Y120.997
G1 X32.955 Y120.895
G1 X32.690 Y119.420
G1 X32.730 Y119.272
G1 X32.835 Y119.220
G1 X33.073 Y119.342
G1 X33.575 Y119.810
G1 X33.678 Y119.750
G1 X33.715 Y119.585
G1 X33.620 Y119.275
G1 X33.157 Y118.840
G1 X32.893 Y118.712
G1 X32.387 Y118.716
G1 X32.242 Y118.855
G1 X32.130 Y119.375
G1 X31.875 Y118.852
G1 X31.699 Y118.716
G1 X31.306 Y118.722
G1 X31.142 Y118.877
G0 Z5.000 F500.000
G0 X33.574 Y119.477 F3000.000
G1 Z1.000 F500.000
G4 P100
G1 X33.525 Y120.550 F1000.000
G1 X33.127 Y120.605
G1 X33.075 Y120.780
G1 X33.131 Y120.990
G1 X33.585 Y121.060
G1 X33.845 Y122.065
G1 X34.267 Y122.790
G1 X34.524 Y122.992
G1 X34.800 Y123.060
G1 X34.987 Y123.014
G1 X35.130 Y122.875
G1 X35.250 Y122.410
G1 X35.209 Y122.035
G1 X35.087 Y121.685
G1 X34.600 Y121.060
G1 X35.275 Y121.025
G1 X35.275 Y120.744
G1 X35.169 Y120.636
G1 X34.745 Y120.550
G1 X34.135 Y120.550
G1 X34.156 Y119.717
G1 X34.248 Y119.430
G1 X34.406 Y119.272
G1 X34.635 Y119.220
G1 X35.015 Y119.350
G1 X35.540 Y119.810
G1 X35.642 Y119.750
G1 X35.680 Y119.585
G1 X35.585 Y119.275
G1 X35.115 Y118.840
G1 X34.530 Y118.670
G1 X34.084 Y118.760
G1 X33.765 Y119.029
G1 X33.574 Y119.477
G0 Z5.000 F500.000
G0 X34.185 Y121.135 F3000.000
G1 Z1.000 F500.000
G4 P100
G1 X34.627 Y121.707 F1000.000
G1 X34.775 Y122.285
G1 X34.748 Y122.506
G1 X34.665 Y122.580
G1 X34.498 Y122.392
G1 X34.323 Y121.872
G1 X34.185 Y121.135
G0 Z5.000 F500.000
G0 X36.792 Y121.425 F3000.000
G1 Z1.000 F500.000
G4 P100
G1 X36.987 Y122.193 F1000.000
G1 X37.258 Y122.827
G1 X37.596 Y123.253
G1 X37.995 Y123.395
G1 X38.203 Y123.346
G1 X38.474 Y122.971
G1 X38.436 Y122.171
G1 X38.215 Y121.637
G1 X37.255 Y120.370
G1 X37.240 Y119.835
G1 X37.608 Y120.527
G1 X38.008 Y120.910
G1 X38.370 Y121.025
G1 X38.614 Y120.944
G1 X38.695 Y120.700
G1 X38.490 Y119.420
G1 X38.526 Y119.270
G1 X38.635 Y119.220
G1 X38.873 Y119.342
G1 X39.375 Y119.810
G1 X39.477 Y119.750
G1 X39.515 Y119.585
G1 X39.420 Y119.275
G1 X38.947 Y118.840
G1 X38.688 Y118.712
G1 X38.171 Y118.707
G1 X37.913 Y118.998
G1 X37.880 Y119.245
G1 X38.015 Y120.180
G1 X37.960 Y120.260
G1 X37.775 Y120.092
G1 X37.535 Y119.650
G1 X37.175 Y118.770
G1 X36.870 Y118.670
G1 X36.672 Y118.777
G1 X36.635 Y119.820
G1 X36.792 Y121.425
G0 Z5.000 F500.000
G0 X37.310 Y120.995 F3000.000
G1 Z1.000 F500.000
G4 P100
G1 X37.822 Y121.790 F1000.000
G1 X37.974 Y122.200
G1 X38.025 Y122.570
G1 X37.990 Y122.815
G1 X37.890 Y122.900
G1 X37.690 Y122.642
G1 X37.477 Y121.947
G1 X37.310 Y120.995
G0 Z5.000 F500.000
G0 X39.446 Y120.565 F3000.000
G1 Z1.000 F500.000
G4 P100
G1 X40.039 Y120.981 F1000.000
G1 X40.375 Y121.035
G1 X40.523 Y120.992
G1 X40.585 Y120.840
G1 X40.989 Y120.816
G1 X41.050 Y120.685
G1 X40.860 Y119.385
G1 X40.898 Y119.265
G1 X40.995 Y119.220
G1 X41.225 Y119.342
G1 X41.725 Y119.810
G1 X41.828 Y119.750
G1 X41.865 Y119.585
G1 X41.770 Y119.275
G1 X41.335 Y118.845
G1 X40.890 Y118.670
G1 X40.588 Y118.782
G1 X40.380 Y119.090
G1 X40.086 Y118.775
G1 X39.725 Y118.670
G1 X39.446 Y118.726
G1 X39.230 Y118.895
G1 X39.091 Y119.155
G1 X39.045 Y119.485
G1 X39.091 Y119.874
G1 X39.446 Y120.565
G0 Z5.000 F500.000
G0 X39.775 Y120.010 F3000.000
G1 Z1.000 F500.000
G4 P100
G1 X39.670 Y119.480 F1000.000
G1 X39.733 Y119.250
G1 X39.905 Y119.175
G1 X40.115 Y119.305
G1 X40.260 Y119.650
G1 X40.445 Y120.570
G1 X40.058 Y120.412
G1 X39.775 Y120.010
G0 Z5.000 F500.000
G0 X41.300 Y119.410 F3000.000
G1 Z1.000 F500.000
G4 P100
G1 X41.715 Y119.970 F1000.000
G1 X42.140 Y120.860
G1 X42.286 Y121.025
G1 X42.535 Y121.080
G1 X42.730 Y121.055
G1 X42.785 Y120.975
G1 X42.620 Y120.445
G1 X43.078 Y119.697
G1 X43.150 Y119.235
G1 X43.860 Y119.810
G1 X43.963 Y119.750
G1 X44.000 Y119.585
G1 X43.905 Y119.275
G1 X43.428 Y118.852
G1 X42.390 Y118.560
G1 X41.993 Y118.680
G1 X41.855 Y118.950
G1 X41.950 Y119.175
G1 X42.230 Y119.270
G1 X42.515 Y119.240
G1 X42.458 Y119.485
G1 X42.175 Y119.895
G1 X41.868 Y119.405
G1 X41.535 Y119.035
G1 X41.345 Y118.945
G1 X41.215 Y119.002
G1 X41.165 Y119.145
G1 X41.300 Y119.410
G0 Z5.000 F500.000
G0 X44.930 Y119.510 F3000.000
G1 Z1.000 F500.000
G4 P100
G1 X45.115 Y120.745 F1000.000
G1 X45.263 Y120.957
G1 X45.550 Y121.025
G1 X45.690 Y121.000
G1 X45.730 Y120.905
G1 X45.525 Y119.830
G1 X45.848 Y120.490
G1 X46.233 Y120.892
G1 X46.605 Y121.025
G1 X46.853 Y120.945
G1 X46.925 Y120.700
G1 X46.775 Y119.850
G1 X47.039 Y120.381
G1 X47.330 Y120.745
G1 X47.625 Y120.955
G1 X47.900 Y121.025
G1 X48.144 Y120.944
G1 X48.225 Y120.700
G1 X48.020 Y119.420
G1 X48.056 Y119.270
G1 X48.165 Y119.220
G1 X48.403 Y119.342
G1 X48.905 Y119.810
G1 X49.008 Y119.750
G1 X49.045 Y119.585
G1 X48.950 Y119.275
G1 X48.488 Y118.840
G1 X47.925 Y118.670
G1 X47.701 Y118.707
G1 X47.443 Y118.998
G1 X47.410 Y119.245
G1 X47.545 Y120.180
G1 X47.490 Y120.260
G1 X47.305 Y120.092
G1 X47.065 Y119.650
G1 X46.743 Y118.750
G1 X46.510 Y118.670
G1 X46.263 Y118.827
G1 X46.180 Y119.210
G1 X46.270 Y120.180
G1 X46.215 Y120.260
G1 X46.025 Y120.080
G1 X45.803 Y119.620
G1 X45.503 Y118.752
G1 X45.275 Y118.670
G1 X45.113 Y118.720
G1 X45.008 Y118.870
G1 X44.930 Y119.510
G0 Z5.000 F500.000
G0 X48.565 Y119.720 F3000.000
G1 Z1.000 F500.000
G4 P100
G1 X48.710 Y120.397 F1000.000
G1 X48.883 Y120.662
G1 X49.379 Y120.988
G1 X49.675 Y121.030
G1 X50.018 Y120.964
G1 X50.288 Y120.767
G1 X50.472 Y120.474
G1 X50.560 Y120.120
G1 X51.190 Y120.230
G1 X51.290 Y120.165
G1 X51.325 Y120.000
G1 X51.289 Y119.809
G1 X51.180 Y119.715
G1 X50.520 Y119.595
G1 X50.379 Y119.217
G1 X50.145 Y118.922
G1 X49.846 Y118.733
G1 X49.510 Y118.670
G1 X48.998 Y118.815
G1 X48.675 Y119.200
G1 X48.565 Y119.720
G0 Z5.000 F500.000
G0 X49.298 Y119.345 F3000.000
G1 Z1.000 F500.000
G4 P100
G1 X49.550 Y119.200 F1000.000
G1 X49.828 Y119.330
G1 X49.985 Y119.705
G1 X49.748 Y119.980
G1 X49.680 Y120.500
G1 X49.478 Y120.452
G1 X49.323 Y120.307
G1 X49.223 Y120.076
G1 X49.190 Y119.765
G1 X49.298 Y119.345
G0 Z5.000 F500.000
G0 X50.905 Y119.510 F3000.000
G1 Z1.000 F500.000
G4 P100
G1 X51.090 Y120.745 F1000.000
G1 X51.238 Y120.957
G1 X51.525 Y121.025
G1 X51.665 Y121.000
G1 X51.705 Y120.905
G1 X51.500 Y119.825
G1 X51.870 Y120.525
G1 X52.273 Y120.910
G1 X52.635 Y121.025
G1 X52.879 Y120.944
G1 X52.960 Y120.700
G1 X52.906 Y120.004
G1 X53.000 Y119.960
G1 X53.495 Y120.245
G1 X53.598 Y120.187
G1 X53.635 Y120.035
G1 X53.535 Y119.745
G1 X53.208 Y119.497
G1 X52.810 Y119.395
G1 X52.577 Y119.429
G1 X52.304 Y119.689
G1 X52.240 Y120.260
G1 X52.043 Y120.092
G1 X51.800 Y119.650
G1 X51.478 Y118.752
G1 X51.250 Y118.670
G1 X51.088 Y118.720
G1 X50.983 Y118.870
G1 X50.905 Y119.510
G0 Z5.000 F500.000
G0 X53.168 Y119.292 F3000.000
G1 Z1.000 F500.000
G4 P100
G1 X53.095 Y119.735 F1000.000
G1 X53.240 Y120.377
G1 X53.643 Y120.850
G1 X54.225 Y121.025
G1 X54.486 Y120.982
G1 X54.690 Y120.852
G1 X54.821 Y120.649
G1 X54.865 Y120.385
G1 X54.803 Y120.064
G1 X54.618 Y119.792
G1 X54.284 Y119.571
G1 X53.780 Y119.400
G1 X53.961 Y119.227
G1 X54.255 Y119.170
G1 X54.768 Y119.327
G1 X55.400 Y119.810
G1 X55.503 Y119.750
G1 X55.540 Y119.585
G1 X55.445 Y119.275
G1 X54.923 Y118.860
G1 X54.200 Y118.670
G1 X53.734 Y118.741
G1 X53.385 Y118.955
G1 X53.168 Y119.292
G0 Z5.000 F500.000
G0 X53.700 Y119.800 F3000.000
G1 Z1.000 F500.000
G4 P100
G1 X54.165 Y120.000 F1000.000
G1 X54.293 Y120.151
G1 X54.283 Y120.477
G1 X54.140 Y120.535
G1 X53.969 Y120.481
G1 X53.828 Y120.320
G1 X53.700 Y119.800
G0 Z5.000 F500.000
G0 X56.225 Y120.780 F3000.000
G1 Z1.000 F500.000
G4 P100
G1 X56.281 Y120.990 F1000.000
G1 X56.735 Y121.060
G1 X56.995 Y122.065
G1 X57.418 Y122.790
G1 X57.674 Y122.992
G1 X57.950 Y123.060
G1 X58.138 Y123.014
G1 X58.280 Y122.875
G1 X58.400 Y122.410
G1 X58.359 Y122.035
G1 X58.238 Y121.685
G1 X57.750 Y121.060
G1 X58.425 Y121.025
G1 X58.425 Y120.744
G1 X58.319 Y120.636
G1 X57.895 Y120.550
G1 X57.285 Y120.550
G1 X57.306 Y119.717
G1 X57.398 Y119.430
G1 X57.556 Y119.272
G1 X57.785 Y119.220
G1 X58.165 Y119.350
G1 X58.690 Y119.810
G1 X58.793 Y119.750
G1 X58.830 Y119.585
G1 X58.735 Y119.275
G1 X58.265 Y118.840
G1 X57.991 Y118.712
G1 X57.680 Y118.670
G1 X57.234 Y118.760
G1 X56.915 Y119.029
G1 X56.724 Y119.477
G1 X56.675 Y120.550
G1 X56.278 Y120.605
G1 X56.225 Y120.780
G0 Z5.000 F500.000
G0 X57.335 Y121.135 F3000.000
G1 Z1.000 F500.000
G4 P100
G1 X57.778 Y121.707 F1000.000
G1 X57.925 Y122.285
G1 X57.898 Y122.506
G1 X57.815 Y122.580
G1 X57.648 Y122.392
G1 X57.473 Y121.872
G1 X57.335 Y121.135
G0 Z5.000 F500.000
G0 X58.618 Y121.425 F3000.000
G1 Z1.000 F500.000
G4 P100
G1 X58.813 Y122.193 F1000.000
G1 X59.083 Y122.827
G1 X59.421 Y123.253
G1 X59.820 Y123.395
G1 X60.028 Y123.346
G1 X60.299 Y122.971
G1 X60.261 Y122.171
G1 X60.040 Y121.637
G1 X59.080 Y120.370
G1 X59.065 Y119.835
G1 X59.433 Y120.527
G1 X59.833 Y120.910
G1 X60.195 Y121.025
G1 X60.439 Y120.944
G1 X60.520 Y120.700
G1 X60.315 Y119.420
G1 X60.351 Y119.270
G1 X60.460 Y119.220
G1 X60.698 Y119.342
G1 X61.200 Y119.810
G1 X61.303 Y119.750
G1 X61.340 Y119.585
G1 X61.245 Y119.275
G1 X60.773 Y118.840
G1 X60.513 Y118.712
G1 X59.996 Y118.707
G1 X59.738 Y118.998
G1 X59.705 Y119.245
G1 X59.840 Y120.180
G1 X59.785 Y120.260
G1 X59.600 Y120.092
G1 X59.360 Y119.650
G1 X59.000 Y118.770
G1 X58.695 Y118.670
G1 X58.498 Y118.777
G1 X58.460 Y119.820
G1 X58.618 Y121.425
G0 Z5.000 F500.000
G0 X59.135 Y120.995 F3000.000
G1 Z1.000 F500.000
G4 P100
G1 X59.648 Y121.790 F1000.000
G1 X59.799 Y122.200
G1 X59.850 Y122.570
G1 X59.815 Y122.815
G1 X59.715 Y122.900
G1 X59.515 Y122.642
G1 X59.303 Y121.947
G1 X59.135 Y120.995
G0 Z5.000 F500.000
G0 X61.271 Y120.565 F3000.000
G1 Z1.000 F500.000
G4 P100
G1 X61.864 Y120.981 F1000.000
G1 X62.200 Y121.035
G1 X62.348 Y120.992
G1 X62.410 Y120.840
G1 X62.814 Y120.816
G1 X62.875 Y120.685
G1 X62.685 Y119.385
G1 X62.723 Y119.265
G1 X62.820 Y119.220
G1 X63.050 Y119.342
G1 X63.550 Y119.810
G1 X63.653 Y119.750
G1 X63.690 Y119.585
G1 X63.595 Y119.275
G1 X63.160 Y118.845
G1 X62.715 Y118.670
G1 X62.413 Y118.782
G1 X62.205 Y119.090
G1 X61.911 Y118.775
G1 X61.550 Y118.670
G1 X61.271 Y118.726
G1 X61.055 Y118.895
G1 X60.916 Y119.155
G1 X60.870 Y119.485
G1 X60.916 Y119.874
G1 X61.271 Y120.565
G0 Z5.000 F500.000
G0 X61.600 Y120.010 F3000.000
G1 Z1.000 F500.000
G4 P100
G1 X61.495 Y119.480 F1000.000
G1 X61.558 Y119.250
G1 X61.730 Y119.175
G1 X61.940 Y119.305
G1 X62.085 Y119.650
G1 X62.270 Y120.570
G1 X61.883 Y120.412
G1 X61.600 Y120.010
G0 Z5.000 F500.000
G0 X63.341 Y120.144 F3000.000
G1 Z1.000 F500.000
G4 P100
G1 X63.480 Y120.745 F1000.000
G1 X63.628 Y120.957
G1 X63.915 Y121.025
G1 X64.055 Y121.000
G1 X64.095 Y120.905
G1 X63.890 Y119.825
G1 X64.260 Y120.525
G1 X64.663 Y120.910
G1 X65.025 Y121.025
G1 X65.269 Y120.944
G1 X65.350 Y120.700
G1 X65.145 Y119.420
G1 X65.181 Y119.270
G1 X65.290 Y119.220
G1 X65.528 Y119.342
G1 X66.030 Y119.810
G1 X66.133 Y119.750
G1 X66.170 Y119.585
G1 X66.075 Y119.275
G1 X65.613 Y118.840
G1 X65.348 Y118.712
G1 X64.826 Y118.707
G1 X64.568 Y118.998
G1 X64.535 Y119.245
G1 X64.670 Y120.180
G1 X64.615 Y120.260
G1 X64.433 Y120.092
G1 X64.193 Y119.650
G1 X63.868 Y118.752
G1 X63.640 Y118.670
G1 X63.478 Y118.720
G1 X63.373 Y118.870
G1 X63.295 Y119.510
G1 X63.341 Y120.144
G0 Z5.000 F500.000
G0 X67.015 Y119.720 F3000.000
G1 Z1.000 F500.000
G4 P100
G1 X67.160 Y120.397 F1000.000
G1 X67.333 Y120.662
G1 X67.829 Y120.988
G1 X68.125 Y121.030
G1 X68.468 Y120.964
G1 X68.738 Y120.767
G1 X68.922 Y120.474
G1 X69.010 Y120.120
G1 X69.640 Y120.230
G1 X69.740 Y120.165
G1 X69.775 Y120.000
G1 X69.739 Y119.809
G1 X69.630 Y119.715
G1 X68.970 Y119.595
G1 X68.829 Y119.217
G1 X68.595 Y118.922
G1 X68.296 Y118.733
G1 X67.960 Y118.670
G1 X67.448 Y118.815
G1 X67.125 Y119.200
G1 X67.015 Y119.720
G0 Z5.000 F500.000
G0 X67.748 Y119.345 F3000.000
G1 Z1.000 F500.000
G4 P100
G1 X68.000 Y119.200 F1000.000
G1 X68.278 Y119.330
G1 X68.435 Y119.705
G1 X68.198 Y119.980
G1 X68.130 Y120.500
G1 X67.928 Y120.452
G1 X67.773 Y120.307
G1 X67.673 Y120.076
G1 X67.640 Y119.765
G1 X67.748 Y119.345
G0 Z5.000 F500.000
G0 X69.355 Y119.510 F3000.000
G1 Z1.000 F500.000
G4 P100
G1 X69.540 Y120.745 F1000.000
G1 X69.688 Y120.957
G1 X69.975 Y121.025
G1 X70.115 Y121.000
G1 X70.155 Y120.905
G1 X69.950 Y119.825
G1 X70.320 Y120.525
G1 X70.723 Y120.910
G1 X71.085 Y121.025
G1 X71.329 Y120.944
G1 X71.410 Y120.700
G1 X71.205 Y119.420
G1 X71.241 Y119.270
G1 X71.350 Y119.220
G1 X71.588 Y119.342
G1 X72.090 Y119.810
G1 X72.193 Y119.750
G1 X72.230 Y119.585
G1 X72.135 Y119.275
G1 X71.673 Y118.840
G1 X71.110 Y118.670
G1 X70.886 Y118.707
G1 X70.628 Y118.998
G1 X70.595 Y119.245
G1 X70.730 Y120.180
G1 X70.675 Y120.260
G1 X70.493 Y120.092
G1 X70.253 Y119.650
G1 X69.928 Y118.752
G1 X69.700 Y118.670
G1 X69.538 Y118.720
G1 X69.433 Y118.870
G1 X69.355 Y119.510
G0 Z5.000 F500.000
G0 X71.823 Y119.292 F3000.000
G1 Z1.000 F500.000
G4 P100
G1 X71.750 Y119.735 F1000.000
G1 X71.895 Y120.377
G1 X72.298 Y120.850
G1 X72.880 Y121.025
G1 X73.141 Y120.982
G1 X73.345 Y120.852
G1 X73.476 Y120.649
G1 X73.520 Y120.385
G1 X73.458 Y120.064
G1 X73.273 Y119.792
G1 X72.939 Y119.571
G1 X72.435 Y119.400
G1 X72.616 Y119.227
G1 X72.910 Y119.170
G1 X73.423 Y119.327
G1 X74.055 Y119.810
G1 X74.158 Y119.750
G1 X74.195 Y119.585
G1 X74.100 Y119.275
G1 X73.578 Y118.860
G1 X72.855 Y118.670
G1 X72.389 Y118.741
G1 X72.040 Y118.955
G1 X71.823 Y119.292
G0 Z5.000 F500.000
G0 X72.355 Y119.800 F3000.000
G1 Z1.000 F500.000
G4 P100
G1 X72.820 Y120.000 F1000.000
G1 X72.948 Y120.151
G1 X72.938 Y120.477
G1 X72.795 Y120.535
G1 X72.624 Y120.481
G1 X72.483 Y120.320
G1 X72.355 Y119.800
G0 Z5.000 F500.000
G0 X74.791 Y118.973 F3000.000
G1 Z1.000 F500.000
G4 P100
G1 X75.200 Y119.725 F1000.000
G1 X75.190 Y120.740
G1 X75.305 Y120.970
G1 X75.605 Y121.055
G1 X75.758 Y121.012
G1 X75.815 Y120.660
G1 X76.130 Y120.947
G1 X76.460 Y121.035
G1 X76.714 Y120.979
G1 X76.918 Y120.810
G1 X77.051 Y120.550
G1 X77.095 Y120.220
G1 X77.010 Y119.705
G1 X76.775 Y119.250
G1 X76.950 Y119.220
G1 X77.265 Y119.340
G1 X77.785 Y119.810
G1 X77.888 Y119.750
G1 X77.925 Y119.585
G1 X77.830 Y119.275
G1 X77.368 Y118.840
G1 X77.103 Y118.712
G1 X76.565 Y118.717
G1 X76.375 Y118.860
G1 X75.780 Y118.670
G1 X75.674 Y117.784
G1 X75.485 Y117.057
G1 X75.201 Y116.572
G1 X74.810 Y116.410
G1 X74.575 Y116.459
G1 X74.410 Y116.605
G1 X74.280 Y117.145
G1 X74.505 Y118.287
G1 X74.791 Y118.973
G0 Z5.000 F500.000
G0 X74.850 Y117.995 F3000.000
G1 Z1.000 F500.000
G4 P100
G1 X74.725 Y117.230 F1000.000
G1 X74.763 Y116.985
G1 X74.850 Y116.900
G1 X74.974 Y117.047
G1 X75.075 Y117.487
G1 X75.190 Y118.950
G1 X74.850 Y117.995
G0 Z5.000 F500.000
G0 X75.805 Y119.150 F3000.000
G1 Z1.000 F500.000
G4 P100
G1 X76.138 Y119.347 F1000.000
G1 X76.380 Y119.737
G1 X76.470 Y120.225
G1 X76.410 Y120.452
G1 X76.250 Y120.530
G1 X76.051 Y120.435
G1 X75.815 Y120.150
G1 X75.805 Y119.150
G0 Z5.000 F500.000
G0 X77.455 Y119.485 F3000.000
G1 Z1.000 F500.000
G4 P100
G1 X77.501 Y119.874 F1000.000
G1 X77.856 Y120.565
G1 X78.449 Y120.981
G1 X78.785 Y121.035
G1 X78.933 Y120.992
G1 X78.995 Y120.840
G1 X79.399 Y120.816
G1 X79.460 Y120.685
G1 X79.270 Y119.385
G1 X79.308 Y119.265
G1 X79.405 Y119.220
G1 X79.635 Y119.342
G1 X80.135 Y119.810
G1 X80.238 Y119.750
G1 X80.275 Y119.585
G1 X80.180 Y119.275
G1 X79.745 Y118.845
G1 X79.300 Y118.670
G1 X78.998 Y118.782
G1 X78.790 Y119.090
G1 X78.496 Y118.775
G1 X78.135 Y118.670
G1 X77.856 Y118.726
G1 X77.640 Y118.895
G1 X77.501 Y119.155
G1 X77.455 Y119.485
G0 Z5.000 F500.000
G0 X78.143 Y119.250 F3000.000
G1 Z1.000 F500.000
G4 P100
G1 X78.315 Y119.175 F1000.000
G1 X78.525 Y119.305
G1 X78.670 Y119.650
G1 X78.855 Y120.570
G1 X78.468 Y120.412
G1 X78.185 Y120.010
G1 X78.080 Y119.480
G1 X78.143 Y119.250
G0 Z5.000 F500.000
G0 X79.805 Y119.485 F3000.000
G1 Z1.000 F500.000
G4 P100
G1 X79.851 Y119.874 F1000.000
G1 X80.206 Y120.565
G1 X80.799 Y120.981
G1 X81.135 Y121.035
G1 X81.282 Y120.992
G1 X81.345 Y120.840
G1 X81.743 Y120.822
G1 X81.795 Y120.675
G1 X81.575 Y119.230
G1 X82.315 Y119.760
G1 X82.430 Y119.800
G1 X82.532 Y119.737
G1 X82.570 Y119.580
G1 X82.425 Y119.285
G1 X81.475 Y118.640
G1 X81.256 Y117.716
G1 X80.978 Y117.012
G1 X80.628 Y116.568
G1 X80.195 Y116.420
G1 X79.964 Y116.459
G1 X79.660 Y116.759
G1 X79.620 Y116.990
G1 X79.690 Y117.358
G1 X79.900 Y117.752
G1 X80.303 Y118.207
G1 X80.950 Y118.755
G1 X80.980 Y118.950
G1 X80.758 Y118.742
G1 X80.485 Y118.670
G1 X80.206 Y118.726
G1 X79.990 Y118.895
G1 X79.851 Y119.155
G1 X79.805 Y119.485
G0 Z5.000 F500.000
G0 X80.493 Y119.250 F3000.000
G1 Z1.000 F500.000
G4 P100
G1 X80.665 Y119.175 F1000.000
G1 X80.885 Y119.315
G1 X81.195 Y120.570
G1 X80.815 Y120.412
G1 X80.535 Y120.010
G1 X80.430 Y119.480
G1 X80.493 Y119.250
G0 Z5.000 F500.000
G0 X80.835 Y118.160 F3000.000
G1 Z1.000 F500.000
G4 P100
G1 X80.280 Y117.565 F1000.000
G1 X80.110 Y117.100
G1 X80.143 Y116.960
G1 X80.250 Y116.905
G1 X80.383 Y116.980
G1 X80.533 Y117.205
G1 X80.835 Y118.160
G0 Z5.000 F500.000
G0 X82.480 Y118.955 F3000.000
G1 Z1.000 F500.000
G4 P100
G1 X82.263 Y119.292 F1000.000
G1 X82.190 Y119.735
G1 X82.335 Y120.377
G1 X82.738 Y120.850
G1 X83.012 Y120.981
G1 X83.581 Y120.982
G1 X83.785 Y120.852
G1 X83.916 Y120.649
G1 X83.960 Y120.385
G1 X83.898 Y120.064
G1 X83.713 Y119.792
G1 X83.379 Y119.571
G1 X82.875 Y119.400
G1 X83.056 Y119.227
G1 X83.350 Y119.170
G1 X83.863 Y119.327
G1 X84.495 Y119.810
G1 X84.597 Y119.750
G1 X84.635 Y119.585
G1 X84.540 Y119.275
G1 X84.018 Y118.860
G1 X83.668 Y118.717
G1 X83.295 Y118.670
G1 X82.829 Y118.741
G1 X82.480 Y118.955
G0 Z5.000 F500.000
G0 X82.795 Y119.800 F3000.000
G1 Z1.000 F500.000
G4 P100
G1 X83.260 Y120.000 F1000.000
G1 X83.388 Y120.151
G1 X83.377 Y120.477
G1 X83.235 Y120.535
G1 X83.064 Y120.481
G1 X82.923 Y120.320
G1 X82.795 Y119.800
G0 Z5.000 F500.000
G0 X84.312 Y119.465 F3000.000
G1 Z1.000 F500.000
G4 P100
G1 X84.615 Y119.600 F1000.000
G1 X84.888 Y119.502
G1 X84.980 Y119.240
G1 X84.875 Y118.775
G1 X84.620 Y118.210
G1 X84.463 Y117.965
G1 X84.310 Y117.905
G1 X84.135 Y117.955
G1 X84.070 Y118.115
G1 X84.312 Y119.465
G0 Z5.000 F500.000
G0 X86.760 Y119.680 F3000.000
G1 Z1.000 F500.000
G4 P100
G1 X86.800 Y120.060 F1000.000
G1 X87.104 Y120.660
G1 X87.335 Y120.860
G1 X87.870 Y121.025
G1 X88.298 Y120.862
G1 X88.450 Y120.445
G1 X88.358 Y120.090
G1 X88.115 Y119.945
G1 X87.963 Y119.990
G1 X87.905 Y120.115
G1 X87.923 Y120.500
G1 X87.830 Y120.535
G1 X87.615 Y120.432
G1 X87.455 Y120.155
G1 X87.395 Y119.770
G1 X87.521 Y119.335
G1 X87.900 Y119.190
G1 X88.343 Y119.327
G1 X88.945 Y119.810
G1 X89.048 Y119.750
G1 X89.085 Y119.585
G1 X88.990 Y119.275
G1 X88.732 Y119.018
G1 X88.428 Y118.827
G1 X87.795 Y118.670
G1 X87.359 Y118.739
G1 X87.032 Y118.947
G1 X86.828 Y119.269
G1 X86.760 Y119.680
G0 Z5.000 F500.000
G0 X88.605 Y119.735 F3000.000
G1 Z1.000 F500.000
G4 P100
G1 X88.750 Y120.377 F1000.000
G1 X88.923 Y120.644
G1 X89.427 Y120.981
G1 X89.735 Y121.025
G1 X89.996 Y120.982
G1 X90.200 Y120.852
G1 X90.331 Y120.649
G1 X90.375 Y120.385
G1 X90.313 Y120.064
G1 X90.128 Y119.792
G1 X89.794 Y119.571
G1 X89.290 Y119.400
G1 X89.471 Y119.227
G1 X89.765 Y119.170
G1 X90.278 Y119.327
G1 X90.910 Y119.810
G1 X91.013 Y119.750
G1 X91.050 Y119.585
G1 X90.955 Y119.275
G1 X90.433 Y118.860
G1 X89.710 Y118.670
G1 X89.244 Y118.741
G1 X88.895 Y118.955
G1 X88.678 Y119.292
G1 X88.605 Y119.735
G0 Z5.000 F500.000
G0 X89.210 Y119.800 F3000.000
G1 Z1.000 F500.000
G4 P100
G1 X89.675 Y120.000 F1000.000
G1 X89.803 Y120.151
G1 X89.793 Y120.477
G1 X89.650 Y120.535
G1 X89.479 Y120.481
G1 X89.338 Y120.320
G1 X89.210 Y119.800
G0 Z5.000 F500.000
G0 X90.701 Y120.144 F3000.000
G1 Z1.000 F500.000
G4 P100
G1 X90.840 Y120.745 F1000.000
G1 X90.988 Y120.957
G1 X91.275 Y121.025
G1 X91.415 Y121.000
G1 X91.455 Y120.905
G1 X91.250 Y119.825
G1 X91.620 Y120.525
G1 X92.023 Y120.910
G1 X92.385 Y121.025
G1 X92.629 Y120.944
G1 X92.710 Y120.700
G1 X92.505 Y119.420
G1 X92.541 Y119.270
G1 X92.650 Y119.220
G1 X92.888 Y119.342
G1 X93.390 Y119.810
G1 X93.493 Y119.750
G1 X93.530 Y119.585
G1 X93.435 Y119.275
G1 X92.973 Y118.840
G1 X92.708 Y118.712
G1 X92.186 Y118.707
G1 X91.928 Y118.998
G1 X91.895 Y119.245
G1 X92.030 Y120.180
G1 X91.975 Y120.260
G1 X91.793 Y120.092
G1 X91.553 Y119.650
G1 X91.228 Y118.752
G1 X91.000 Y118.670
G1 X90.838 Y118.720
G1 X90.733 Y118.870
G1 X90.655 Y119.510
G1 X90.701 Y120.144
G0 Z5.000 F500.000
G0 X92.943 Y120.605 F3000.000
G1 Z1.000 F500.000
G4 P100
G1 X92.890 Y120.780 F1000.000
G1 X92.946 Y120.990
G1 X93.400 Y121.060
G1 X93.660 Y122.065
G1 X94.083 Y122.790
G1 X94.339 Y122.992
G1 X94.615 Y123.060
G1 X94.803 Y123.014
G1 X94.945 Y122.875
G1 X95.065 Y122.410
G1 X95.024 Y122.035
G1 X94.903 Y121.685
G1 X94.415 Y121.060
G1 X95.090 Y121.025
G1 X95.090 Y120.744
G1 X94.984 Y120.636
G1 X94.560 Y120.550
G1 X93.950 Y120.550
G1 X93.971 Y119.717
G1 X94.063 Y119.430
G1 X94.221 Y119.272
G1 X94.450 Y119.220
G1 X94.830 Y119.350
G1 X95.355 Y119.810
G1 X95.458 Y119.750
G1 X95.495 Y119.585
G1 X95.400 Y119.275
G1 X94.930 Y118.840
G1 X94.656 Y118.712
G1 X94.345 Y118.670
G1 X93.899 Y118.760
G1 X93.580 Y119.029
G1 X93.389 Y119.477
G1 X93.340 Y120.550
G1 X92.943 Y120.605
G0 Z5.000 F500.000
G0 X94.000 Y121.135 F3000.000
G1 Z1.000 F500.000
G4 P100
G1 X94.443 Y121.707 F1000.000
G1 X94.590 Y122.285
G1 X94.563 Y122.506
G1 X94.480 Y122.580
G1 X94.313 Y122.392
G1 X94.138 Y121.872
G1 X94.000 Y121.135
G0 Z5.000 F500.000
G0 X95.333 Y120.644 F3000.000
G1 Z1.000 F500.000
G4 P100
G1 X95.837 Y120.981 F1000.000
G1 X96.406 Y120.982
G1 X96.610 Y120.852
G1 X96.741 Y120.649
G1 X96.785 Y120.385
G1 X96.723 Y120.064
G1 X96.538 Y119.792
G1 X96.204 Y119.571
G1 X95.700 Y119.400
G1 X95.881 Y119.227
G1 X96.175 Y119.170
G1 X96.688 Y119.327
G1 X97.320 Y119.810
G1 X97.423 Y119.750
G1 X97.460 Y119.585
G1 X97.365 Y119.275
G1 X96.843 Y118.860
G1 X96.493 Y118.717
G1 X96.120 Y118.670
G1 X95.654 Y118.741
G1 X95.305 Y118.955
G1 X95.088 Y119.292
G1 X95.015 Y119.735
G1 X95.160 Y120.377
G1 X95.333 Y120.644
G0 Z5.000 F500.000
G0 X95.748 Y120.320 F3000.000
G1 Z1.000 F500.000
G4 P100
G1 X95.620 Y119.800 F1000.000
G1 X96.085 Y120.000
G1 X96.255 Y120.325
G1 X96.203 Y120.477
G1 X96.060 Y120.535
G1 X95.889 Y120.481
G1 X95.748 Y120.320
G0 Z5.000 F500.000
G0 X97.111 Y120.144 F3000.000
G1 Z1.000 F500.000
G4 P100
G1 X97.250 Y120.745 F1000.000
G1 X97.398 Y120.957
G1 X97.685 Y121.025
G1 X97.825 Y121.000
G1 X97.865 Y120.905
G1 X97.660 Y119.825
G1 X98.030 Y120.525
G1 X98.433 Y120.910
G1 X98.795 Y121.025
G1 X99.039 Y120.944
G1 X99.120 Y120.700
G1 X99.066 Y120.004
G1 X99.160 Y119.960
G1 X99.655 Y120.245
G1 X99.758 Y120.187
G1 X99.795 Y120.035
G1 X99.695 Y119.745
G1 X99.368 Y119.497
G1 X98.970 Y119.395
G1 X98.737 Y119.429
G1 X98.464 Y119.689
G1 X98.400 Y120.260
G1 X98.203 Y120.092
G1 X97.960 Y119.650
G1 X97.638 Y118.752
G1 X97.410 Y118.670
G1 X97.248 Y118.720
G1 X97.143 Y118.870
G1 X97.065 Y119.510
G1 X97.111 Y120.144
G0 Z5.000 F500.000
G0 X99.255 Y119.735 F3000.000
G1 Z1.000 F500.000
G4 P100
G1 X99.400 Y120.377 F1000.000
G1 X99.573 Y120.644
G1 X100.077 Y120.981
G1 X100.385 Y121.025
G1 X100.646 Y120.982
G1 X100.850 Y120.852
G1 X100.981 Y120.649
G1 X101.025 Y120.385
G1 X100.963 Y120.064
G1 X100.778 Y119.792
G1 X100.444 Y119.571
G1 X99.940 Y119.400
G1 X100.121 Y119.227
G1 X100.415 Y119.170
G1 X100.928 Y119.327
G1 X101.560 Y119.810
G1 X101.663 Y119.750
G1 X101.700 Y119.585
G1 X101.605 Y119.275
G1 X101.083 Y118.860
G1 X100.360 Y118.670
G1 X99.894 Y118.741
G1 X99.545 Y118.955
G1 X99.328 Y119.292
G1 X99.255 Y119.735
G0 Z5.000 F500.000
G0 X99.860 Y119.800 F3000.000
G1 Z1.000 F500.000
G4 P100
G1 X100.325 Y120.000 F1000.000
G1 X100.453 Y120.151
G1 X100.443 Y120.477
G1 X100.300 Y120.535
G1 X100.129 Y120.481
G1 X99.988 Y120.320
G1 X99.860 Y119.800
G0 Z5.000 F500.000
G0 X101.273 Y119.876 F3000.000
G1 Z1.000 F500.000
G4 P100
G1 X101.602 Y120.544 F1000.000
G1 X101.868 Y120.792
G1 X102.535 Y121.050
G1 X102.673 Y121.949
G1 X102.898 Y122.707
G1 X103.207 Y123.223
G1 X103.393 Y123.352
G1 X103.797 Y123.346
G1 X103.958 Y123.200
G1 X104.064 Y122.955
G1 X104.031 Y122.002
G1 X103.825 Y121.300
G1 X103.090 Y119.760
G1 X103.178 Y119.345
G1 X103.350 Y119.220
G1 X103.625 Y119.340
G1 X104.135 Y119.810
G1 X104.238 Y119.750
G1 X104.275 Y119.585
G1 X104.180 Y119.275
G1 X103.486 Y118.714
G1 X103.245 Y118.670
G1 X102.910 Y118.781
G1 X102.665 Y119.115
G1 X102.298 Y118.760
G1 X101.930 Y118.670
G1 X101.652 Y118.727
G1 X101.428 Y118.897
G1 X101.279 Y119.159
G1 X101.273 Y119.876
G0 Z5.000 F500.000
G0 X101.855 Y119.540 F3000.000
G1 Z1.000 F500.000
G4 P100
G1 X101.918 Y119.266 F1000.000
G1 X102.105 Y119.175
G1 X102.295 Y119.252
G1 X102.535 Y119.540
G1 X102.495 Y120.535
G1 X102.243 Y120.401
G1 X102.038 Y120.167
G1 X101.855 Y119.540
G0 Z5.000 F500.000
G0 X103.095 Y120.545 F3000.000
G1 Z1.000 F500.000
G4 P100
G1 X103.515 Y121.645 F1000.000
G1 X103.655 Y122.505
G1 X103.545 Y122.905
G1 X103.355 Y122.567
G1 X103.095 Y120.545
G0 Z5.000 F500.000
G0 X105.270 Y120.740 F3000.000
G1 Z1.000 F500.000
G4 P100
G1 X105.385 Y120.970 F1000.000
G1 X105.685 Y121.055
G1 X105.838 Y121.012
G1 X105.895 Y120.660
G1 X106.210 Y120.947
G1 X106.540 Y121.035
G1 X106.794 Y120.979
G1 X106.998 Y120.810
G1 X107.131 Y120.550
G1 X107.175 Y120.220
G1 X107.090 Y119.705
G1 X106.855 Y119.250
G1 X107.030 Y119.220
G1 X107.345 Y119.340
G1 X107.865 Y119.810
G1 X107.968 Y119.750
G1 X108.005 Y119.585
G1 X107.910 Y119.275
G1 X107.448 Y118.840
G1 X107.183 Y118.712
G1 X106.645 Y118.717
G1 X106.455 Y118.860
G1 X105.860 Y118.670
G1 X105.754 Y117.784
G1 X105.565 Y117.057
G1 X105.281 Y116.572
G1 X104.890 Y116.410
G1 X104.655 Y116.459
G1 X104.490 Y116.605
G1 X104.360 Y117.145
G1 X104.585 Y118.287
G1 X105.280 Y119.725
G1 X105.270 Y120.740
G0 Z5.000 F500.000
G0 X105.890 Y119.505 F3000.000
G1 Z1.000 F500.000
G4 P100
G1 X105.885 Y119.150 F1000.000
G1 X106.218 Y119.347
G1 X106.460 Y119.737
G1 X106.550 Y120.225
G1 X106.490 Y120.452
G1 X106.330 Y120.530
G1 X106.131 Y120.435
G1 X105.895 Y120.150
G1 X105.890 Y119.505
G0 Z5.000 F500.000
G0 X105.270 Y118.950 F3000.000
G1 Z1.000 F500.000
G4 P100
G1 X104.930 Y117.995 F1000.000
G1 X104.805 Y117.230
G1 X104.843 Y116.985
G1 X104.930 Y116.900
G1 X105.054 Y117.047
G1 X105.155 Y117.487
G1 X105.270 Y118.950
G0 Z5.000 F500.000
G0 X107.720 Y118.895 F3000.000
G1 Z1.000 F500.000
G4 P100
G1 X107.581 Y119.155 F1000.000
G1 X107.535 Y119.485
G1 X107.720 Y120.242
G1 X107.936 Y120.565
G1 X108.529 Y120.981
G1 X108.865 Y121.035
G1 X109.013 Y120.992
G1 X109.075 Y120.840
G1 X109.479 Y120.816
G1 X109.540 Y120.685
G1 X109.350 Y119.385
G1 X109.388 Y119.265
G1 X109.485 Y119.220
G1 X109.715 Y119.342
G1 X110.080 Y119.740
G1 X110.215 Y119.810
G1 X110.318 Y119.750
G1 X110.355 Y119.585
G1 X110.260 Y119.275
G1 X109.825 Y118.845
G1 X109.380 Y118.670
G1 X109.078 Y118.782
G1 X108.870 Y119.090
G1 X108.576 Y118.775
G1 X108.215 Y118.670
G1 X107.936 Y118.726
G1 X107.720 Y118.895
G0 Z5.000 F500.000
G0 X108.223 Y119.250 F3000.000
G1 Z1.000 F500.000
G4 P100
G1 X108.395 Y119.175 F1000.000
G1 X108.605 Y119.305
G1 X108.750 Y119.650
G1 X108.935 Y120.570
G1 X108.548 Y120.412
G1 X108.265 Y120.010
G1 X108.160 Y119.480
G1 X108.223 Y119.250
G0 Z5.000 F500.000
G0 X109.885 Y119.485 F3000.000
G1 Z1.000 F500.000
G4 P100
G1 X109.931 Y119.874 F1000.000
G1 X110.286 Y120.565
G1 X110.879 Y120.981
G1 X111.215 Y121.035
G1 X111.363 Y120.992
G1 X111.425 Y120.840
G1 X111.823 Y120.822
G1 X111.875 Y120.675
G1 X111.655 Y119.230
G1 X112.395 Y119.760
G1 X112.510 Y119.800
G1 X112.613 Y119.737
G1 X112.650 Y119.580
G1 X112.505 Y119.285
G1 X111.555 Y118.640
G1 X111.336 Y117.716
G1 X111.058 Y117.012
G1 X110.708 Y116.568
G1 X110.275 Y116.420
G1 X110.044 Y116.459
G1 X109.740 Y116.759
G1 X109.700 Y116.990
G1 X109.770 Y117.358
G1 X109.980 Y117.752
G1 X110.383 Y118.207
G1 X111.030 Y118.755
G1 X111.060 Y118.950
G1 X110.838 Y118.742
G1 X110.565 Y118.670
G1 X110.286 Y118.726
G1 X110.070 Y118.895
G1 X109.931 Y119.155
G1 X109.885 Y119.485
G0 Z5.000 F500.000
G0 X110.573 Y119.250 F3000.000
G1 Z1.000 F500.000
G4 P100
G1 X110.745 Y119.175 F1000.000
G1 X110.965 Y119.315
G1 X111.275 Y120.570
G1 X110.895 Y120.412
G1 X110.615 Y120.010
G1 X110.510 Y119.480
G1 X110.573 Y119.250
G0 Z5.000 F500.000
G0 X110.915 Y118.160 F3000.000
G1 Z1.000 F500.000
G4 P100
G1 X110.360 Y117.565 F1000.000
G1 X110.190 Y117.100
G1 X110.223 Y116.960
G1 X110.330 Y116.905
G1 X110.463 Y116.980
G1 X110.613 Y117.205
G1 X110.915 Y118.160
G0 Z5.000 F500.000
G0 X112.560 Y118.955 F3000.000
G1 Z1.000 F500.000
G4 P100
G1 X112.343 Y119.292 F1000.000
G1 X112.270 Y119.735
G1 X112.415 Y120.377
G1 X112.818 Y120.850
G1 X113.092 Y120.981
G1 X113.661 Y120.982
G1 X113.865 Y120.852
G1 X113.996 Y120.649
G1 X114.040 Y120.385
G1 X113.978 Y120.064
G1 X113.793 Y119.792
G1 X113.459 Y119.571
G1 X112.955 Y119.400
G1 X113.136 Y119.227
G1 X113.430 Y119.170
G1 X113.943 Y119.327
G1 X114.575 Y119.810
G1 X114.678 Y119.750
G1 X114.715 Y119.585
G1 X114.620 Y119.275
G1 X114.098 Y118.860
G1 X113.748 Y118.717
G1 X113.375 Y118.670
G1 X112.909 Y118.741
G1 X112.560 Y118.955
G0 Z5.000 F500.000
G0 X112.875 Y119.800 F3000.000
G1 Z1.000 F500.000
G4 P100
G1 X113.340 Y120.000 F1000.000
G1 X113.468 Y120.151
G1 X113.458 Y120.477
G1 X113.315 Y120.535
G1 X113.144 Y120.481
G1 X113.003 Y120.320
G1 X112.875 Y119.800
G0 Z5.000 F500.000
G0 X115.691 Y120.144 F3000.000
G1 Z1.000 F500.000
G4 P100
G1 X115.830 Y120.745 F1000.000
G1 X115.978 Y120.957
G1 X116.265 Y121.025
G1 X116.405 Y121.000
G1 X116.445 Y120.905
G1 X116.240 Y119.825
G1 X116.610 Y120.525
G1 X117.013 Y120.910
G1 X117.375 Y121.025
G1 X117.619 Y120.944
G1 X117.700 Y120.700
G1 X117.495 Y119.420
G1 X117.531 Y119.270
G1 X117.640 Y119.220
G1 X117.878 Y119.342
G1 X118.380 Y119.810
G1 X118.483 Y119.750
G1 X118.520 Y119.585
G1 X118.425 Y119.275
G1 X117.963 Y118.840
G1 X117.698 Y118.712
G1 X117.176 Y118.707
G1 X116.918 Y118.998
G1 X116.885 Y119.245
G1 X117.020 Y120.180
G1 X116.965 Y120.260
G1 X116.783 Y120.092
G1 X116.543 Y119.650
G1 X116.218 Y118.752
G1 X115.990 Y118.670
G1 X115.828 Y118.720
G1 X115.723 Y118.870
G1 X115.645 Y119.510
G1 X115.691 Y120.144
G0 Z5.000 F500.000
G0 X118.115 Y119.395 F3000.000
G1 Z1.000 F500.000
G4 P100
G1 X118.165 Y120.082 F1000.000
G1 X118.330 Y120.745
G1 X118.470 Y120.960
G1 X118.755 Y121.025
G1 X118.908 Y120.990
G1 X118.950 Y120.885
G1 X118.740 Y119.432
G1 X118.820 Y119.390
G1 X119.008 Y119.540
G1 X119.618 Y120.960
G1 X119.865 Y121.025
G1 X120.025 Y120.997
G1 X120.070 Y120.895
G1 X119.805 Y119.420
G1 X119.845 Y119.272
G1 X119.950 Y119.220
G1 X120.188 Y119.342
G1 X120.690 Y119.810
G1 X120.793 Y119.750
G1 X120.830 Y119.585
G1 X120.735 Y119.275
G1 X120.273 Y118.840
G1 X119.710 Y118.670
G1 X119.502 Y118.716
G1 X119.358 Y118.855
G1 X119.245 Y119.375
G1 X118.990 Y118.852
G1 X118.625 Y118.670
G1 X118.421 Y118.722
G1 X118.151 Y119.111
G1 X118.115 Y119.395
G0 Z5.000 F500.000
G0 X120.435 Y119.510 F3000.000
G1 Z1.000 F500.000
G4 P100
G1 X120.620 Y120.745 F1000.000
G1 X120.768 Y120.957
G1 X121.055 Y121.025
G1 X121.195 Y121.000
G1 X121.235 Y120.905
G1 X121.030 Y119.830
G1 X121.353 Y120.490
G1 X121.738 Y120.892
G1 X122.110 Y121.025
G1 X122.358 Y120.945
G1 X122.430 Y120.700
G1 X122.280 Y119.850
G1 X122.544 Y120.381
G1 X122.835 Y120.745
G1 X123.130 Y120.955
G1 X123.405 Y121.025
G1 X123.649 Y120.944
G1 X123.730 Y120.700
G1 X123.525 Y119.420
G1 X123.561 Y119.270
G1 X123.670 Y119.220
G1 X123.908 Y119.342
G1 X124.410 Y119.810
G1 X124.513 Y119.750
G1 X124.550 Y119.585
G1 X124.455 Y119.275
G1 X123.993 Y118.840
G1 X123.430 Y118.670
G1 X123.206 Y118.707
G1 X122.948 Y118.998
G1 X122.915 Y119.245
G1 X123.050 Y120.180
G1 X122.995 Y120.260
G1 X122.810 Y120.092
G1 X122.570 Y119.650
G1 X122.248 Y118.750
G1 X122.015 Y118.670
G1 X121.768 Y118.827
G1 X121.685 Y119.210
G1 X121.775 Y120.180
G1 X121.720 Y120.260
G1 X121.530 Y120.080
G1 X121.308 Y119.620
G1 X121.008 Y118.752
G1 X120.780 Y118.670
G1 X120.618 Y118.720
G1 X120.513 Y118.870
G1 X120.435 Y119.510
G0 Z5.000 F500.000
G0 X124.238 Y119.526 F3000.000
G1 Z1.000 F500.000
G4 P100
G1 X124.180 Y120.170 F1000.000
G1 X124.340 Y121.572
G1 X124.537 Y122.274
G1 X124.808 Y122.862
G1 X125.144 Y123.262
G1 X125.540 Y123.395
G1 X125.748 Y123.346
G1 X126.015 Y122.971
G1 X126.050 Y122.685
G1 X125.895 Y121.870
G1 X125.380 Y121.020
G1 X125.684 Y120.938
G1 X125.925 Y120.742
G1 X126.093 Y120.461
G1 X126.175 Y120.120
G1 X126.805 Y120.230
G1 X126.905 Y120.165
G1 X126.905 Y119.807
G1 X126.795 Y119.715
G1 X126.135 Y119.595
G1 X125.991 Y119.220
G1 X125.758 Y118.925
G1 X125.466 Y118.734
G1 X125.145 Y118.670
G1 X124.709 Y118.766
G1 X124.410 Y119.055
G1 X124.238 Y119.526
G0 Z5.000 F500.000
G0 X124.913 Y119.350 F3000.000
G1 Z1.000 F500.000
G4 P100
G1 X125.165 Y119.200 F1000.000
G1 X125.440 Y119.330
G1 X125.600 Y119.705
G1 X125.363 Y119.980
G1 X125.300 Y120.530
G1 X125.101 Y120.479
G1 X124.839 Y120.091
G1 X124.805 Y119.785
G1 X124.913 Y119.350
G0 Z5.000 F500.000
G0 X124.840 Y120.680 F3000.000
G1 Z1.000 F500.000
G4 P100
G1 X125.516 Y122.184 F1000.000
G1 X125.565 Y122.570
G1 X125.528 Y122.815
G1 X125.425 Y122.900
G1 X125.208 Y122.602
G1 X124.990 Y121.795
G1 X124.840 Y120.680
G0 Z5.000 F500.000
G0 X126.753 Y120.644 F3000.000
G1 Z1.000 F500.000
G4 P100
G1 X127.257 Y120.981 F1000.000
G1 X127.826 Y120.982
G1 X128.030 Y120.852
G1 X128.161 Y120.649
G1 X128.205 Y120.385
G1 X128.143 Y120.064
G1 X127.958 Y119.792
G1 X127.624 Y119.571
G1 X127.120 Y119.400
G1 X127.301 Y119.227
G1 X127.595 Y119.170
G1 X128.108 Y119.327
G1 X128.740 Y119.810
G1 X128.843 Y119.750
G1 X128.880 Y119.585
G1 X128.785 Y119.275
G1 X128.263 Y118.860
G1 X127.913 Y118.717
G1 X127.540 Y118.670
G1 X127.074 Y118.741
G1 X126.725 Y118.955
G1 X126.508 Y119.292
G1 X126.435 Y119.735
G1 X126.580 Y120.377
G1 X126.753 Y120.644
G0 Z5.000 F500.000
G0 X127.168 Y120.320 F3000.000
G1 Z1.000 F500.000
G4 P100
G1 X127.040 Y119.800 F1000.000
G1 X127.505 Y120.000
G1 X127.675 Y120.325
G1 X127.623 Y120.477
G1 X127.480 Y120.535
G1 X127.309 Y120.481
G1 X127.168 Y120.320
G0 Z5.000 F500.000
G0 X128.531 Y120.144 F3000.000
G1 Z1.000 F500.000
G4 P100
G1 X128.670 Y120.745 F1000.000
G1 X128.818 Y120.957
G1 X129.105 Y121.025
G1 X129.245 Y121.000
G1 X129.285 Y120.905
G1 X129.080 Y119.825
G1 X129.450 Y120.525
G1 X129.853 Y120.910
G1 X130.215 Y121.025
G1 X130.459 Y120.944
G1 X130.540 Y120.700
G1 X130.486 Y120.004
G1 X130.580 Y119.960
G1 X131.075 Y120.245
G1 X131.178 Y120.187
G1 X131.215 Y120.035
G1 X131.115 Y119.745
G1 X130.788 Y119.497
G1 X130.390 Y119.395
G1 X130.157 Y119.429
G1 X129.884 Y119.689
G1 X129.820 Y120.260
G1 X129.623 Y120.092
G1 X129.380 Y119.650
G1 X129.058 Y118.752
G1 X128.830 Y118.670
G1 X128.668 Y118.720
G1 X128.563 Y118.870
G1 X128.485 Y119.510
G1 X128.531 Y120.144
G0 Z5.000 F500.000
G0 X130.455 Y119.145 F3000.000
G1 Z1.000 F500.000
G4 P100
G1 X131.005 Y119.970 F1000.000
G1 X131.430 Y120.860
G1 X131.576 Y121.025
G1 X131.825 Y121.080
G1 X132.020 Y121.055
G1 X132.075 Y120.975
G1 X131.910 Y120.445
G1 X132.368 Y119.697
G1 X132.440 Y119.235
G1 X133.150 Y119.810
G1 X133.253 Y119.750
G1 X133.290 Y119.585
G1 X133.195 Y119.275
G1 X132.718 Y118.852
G1 X131.680 Y118.560
G1 X131.283 Y118.680
G1 X131.145 Y118.950
G1 X131.240 Y119.175
G1 X131.520 Y119.270
G1 X131.805 Y119.240
G1 X131.748 Y119.485
G1 X131.465 Y119.895
G1 X130.825 Y119.035
G1 X130.635 Y118.945
G1 X130.505 Y119.002
G1 X130.455 Y119.145
G0 Z5.000 F500.000
G0 X132.823 Y118.645 F3000.000
G1 Z1.000 F500.000
G4 P100
G1 X132.968 Y119.465 F1000.000
G1 X133.270 Y119.600
G1 X133.543 Y119.502
G1 X133.635 Y119.240
G1 X133.530 Y118.775
G1 X133.118 Y117.965
G1 X132.965 Y117.905
G1 X132.790 Y117.955
G1 X132.725 Y118.115
G1 X132.823 Y118.645
G0 Z5.000 F500.000
G0 X23.050 Y109.488 F3000.000
G1 Z1.000 F500.000
G4 P100
G1 X22.955 Y109.178 F1000.000
G1 X22.492 Y108.743
G1 X22.228 Y108.615
G1 X21.690 Y108.620
G1 X21.500 Y108.763
G1 X20.905 Y108.573
G1 X20.799 Y107.687
G1 X20.610 Y106.960
G1 X20.326 Y106.475
G1 X19.935 Y106.313
G1 X19.700 Y106.362
G1 X19.535 Y106.508
G1 X19.405 Y107.048
G1 X19.461 Y107.579
G1 X19.916 Y108.876
G1 X20.325 Y109.628
G1 X20.315 Y110.643
G1 X20.430 Y110.873
G1 X20.730 Y110.958
G1 X20.883 Y110.915
G1 X20.940 Y110.563
G1 X21.255 Y110.850
G1 X21.585 Y110.938
G1 X21.839 Y110.882
G1 X22.043 Y110.713
G1 X22.176 Y110.453
G1 X22.220 Y110.123
G1 X22.135 Y109.608
G1 X21.900 Y109.153
G1 X22.075 Y109.123
G1 X22.390 Y109.243
G1 X22.910 Y109.713
G1 X23.012 Y109.653
G1 X23.050 Y109.488
G0 Z5.000 F500.000
G0 X21.595 Y110.128 F3000.000
G1 Z1.000 F500.000
G4 P100
G1 X21.535 Y110.355 F1000.000
G1 X21.375 Y110.433
G1 X21.176 Y110.338
G1 X20.940 Y110.053
G1 X20.930 Y109.053
G1 X21.262 Y109.250
G1 X21.505 Y109.640
G1 X21.595 Y110.128
G0 Z5.000 F500.000
G0 X20.315 Y108.853 F3000.000
G1 Z1.000 F500.000
G4 P100
G1 X19.975 Y107.898 F1000.000
G1 X19.850 Y107.133
G1 X19.887 Y106.888
G1 X19.975 Y106.803
G1 X20.099 Y106.950
G1 X20.200 Y107.390
G1 X20.315 Y108.853
G0 Z5.000 F500.000
G0 X22.642 Y109.195 F3000.000
G1 Z1.000 F500.000
G4 P100
G1 X22.570 Y109.638 F1000.000
G1 X22.715 Y110.280
G1 X23.117 Y110.753
G1 X23.700 Y110.928
G1 X23.961 Y110.885
G1 X24.165 Y110.755
G1 X24.296 Y110.552
G1 X24.340 Y110.288
G1 X24.278 Y109.967
G1 X24.093 Y109.695
G1 X23.759 Y109.474
G1 X23.255 Y109.303
G1 X23.436 Y109.130
G1 X23.730 Y109.073
G1 X24.242 Y109.230
G1 X24.875 Y109.713
G1 X24.977 Y109.653
G1 X25.015 Y109.488
G1 X24.920 Y109.178
G1 X24.398 Y108.763
G1 X23.675 Y108.573
G1 X23.209 Y108.644
G1 X22.860 Y108.858
G1 X22.642 Y109.195
G0 Z5.000 F500.000
G0 X23.175 Y109.703 F3000.000
G1 Z1.000 F500.000
G4 P100
G1 X23.640 Y109.903 F1000.000
G1 X23.768 Y110.054
G1 X23.758 Y110.380
G1 X23.615 Y110.438
G1 X23.444 Y110.384
G1 X23.303 Y110.223
G1 X23.175 Y109.703
G0 Z5.000 F500.000
G0 X24.666 Y110.047 F3000.000
G1 Z1.000 F500.000
G4 P100
G1 X24.805 Y110.648 F1000.000
G1 X24.953 Y110.860
G1 X25.240 Y110.928
G1 X25.380 Y110.903
G1 X25.420 Y110.808
G1 X25.215 Y109.728
G1 X25.585 Y110.428
G1 X25.988 Y110.813
G1 X26.350 Y110.928
G1 X26.594 Y110.847
G1 X26.675 Y110.603
G1 X26.470 Y109.323
G1 X26.506 Y109.173
G1 X26.615 Y109.123
G1 X26.852 Y109.245
G1 X27.355 Y109.713
G1 X27.458 Y109.653
G1 X27.495 Y109.488
G1 X27.400 Y109.178
G1 X26.938 Y108.743
G1 X26.673 Y108.615
G1 X26.151 Y108.610
G1 X25.893 Y108.901
G1 X25.860 Y109.148
G1 X25.995 Y110.083
G1 X25.940 Y110.163
G1 X25.758 Y109.995
G1 X25.518 Y109.553
G1 X25.193 Y108.655
G1 X24.965 Y108.573
G1 X24.803 Y108.623
G1 X24.698 Y108.773
G1 X24.620 Y109.413
G1 X24.666 Y110.047
G0 Z5.000 F500.000
G0 X27.135 Y110.123 F3000.000
G1 Z1.000 F500.000
G4 P100
G1 X27.203 Y110.323 F1000.000
G1 X27.400 Y110.398
G1 X28.425 Y110.498
G1 X28.617 Y110.435
G1 X28.685 Y110.223
G1 X28.620 Y110.014
G1 X28.425 Y109.928
G1 X27.400 Y109.828
G1 X27.208 Y109.898
G1 X27.135 Y110.123
G0 Z5.000 F500.000
G0 X29.155 Y109.985 F3000.000
G1 Z1.000 F500.000
G4 P100
G1 X29.320 Y110.648 F1000.000
G1 X29.460 Y110.863
G1 X29.898 Y110.893
G1 X29.940 Y110.788
G1 X29.705 Y109.483
G1 X29.810 Y109.293
G1 X29.998 Y109.443
G1 X30.238 Y109.898
G1 X30.608 Y110.863
G1 X31.015 Y110.900
G1 X31.060 Y110.798
G1 X30.795 Y109.323
G1 X30.835 Y109.175
G1 X30.940 Y109.123
G1 X31.178 Y109.245
G1 X31.680 Y109.713
G1 X31.782 Y109.653
G1 X31.820 Y109.488
G1 X31.725 Y109.178
G1 X31.263 Y108.743
G1 X30.998 Y108.615
G1 X30.492 Y108.619
G1 X30.348 Y108.758
G1 X30.235 Y109.278
G1 X29.980 Y108.755
G1 X29.615 Y108.573
G1 X29.411 Y108.625
G1 X29.141 Y109.014
G1 X29.155 Y109.985
G0 Z5.000 F500.000
G0 X30.805 Y108.190 F3000.000
G1 Z1.000 F500.000
G4 P100
G1 X31.500 Y109.628 F1000.000
G1 X31.490 Y110.643
G1 X31.605 Y110.873
G1 X31.905 Y110.958
G1 X32.058 Y110.915
G1 X32.115 Y110.563
G1 X32.430 Y110.850
G1 X32.760 Y110.938
G1 X33.014 Y110.882
G1 X33.218 Y110.713
G1 X33.351 Y110.453
G1 X33.395 Y110.123
G1 X33.310 Y109.608
G1 X33.075 Y109.153
G1 X33.250 Y109.123
G1 X33.565 Y109.243
G1 X33.950 Y109.643
G1 X34.085 Y109.713
G1 X34.188 Y109.653
G1 X34.225 Y109.488
G1 X34.130 Y109.178
G1 X33.668 Y108.743
G1 X33.105 Y108.573
G1 X32.865 Y108.620
G1 X32.675 Y108.763
G1 X32.080 Y108.573
G1 X31.974 Y107.687
G1 X31.785 Y106.960
G1 X31.501 Y106.475
G1 X31.319 Y106.353
G1 X30.875 Y106.362
G1 X30.710 Y106.508
G1 X30.613 Y106.740
G1 X30.636 Y107.579
G1 X30.805 Y108.190
G0 Z5.000 F500.000
G0 X31.025 Y107.133 F3000.000
G1 Z1.000 F500.000
G4 P100
G1 X31.062 Y106.888 F1000.000
G1 X31.150 Y106.803
G1 X31.274 Y106.950
G1 X31.375 Y107.390
G1 X31.490 Y108.853
G1 X31.150 Y107.898
G1 X31.025 Y107.133
G0 Z5.000 F500.000
G0 X32.105 Y109.053 F3000.000
G1 Z1.000 F500.000
G4 P100
G1 X32.438 Y109.250 F1000.000
G1 X32.680 Y109.640
G1 X32.770 Y110.128
G1 X32.710 Y110.355
G1 X32.550 Y110.433
G1 X32.351 Y110.338
G1 X32.115 Y110.053
G1 X32.105 Y109.053
G0 Z5.000 F500.000
G0 X34.535 Y108.190 F3000.000
G1 Z1.000 F500.000
G4 P100
G1 X35.230 Y109.628 F1000.000
G1 X35.220 Y110.643
G1 X35.335 Y110.873
G1 X35.635 Y110.958
G1 X35.788 Y110.915
G1 X35.845 Y110.563
G1 X36.160 Y110.850
G1 X36.490 Y110.938
G1 X36.744 Y110.882
G1 X36.947 Y110.713
G1 X37.081 Y110.453
G1 X37.125 Y110.123
G1 X37.040 Y109.608
G1 X36.805 Y109.153
G1 X36.980 Y109.123
G1 X37.295 Y109.243
G1 X37.680 Y109.643
G1 X37.815 Y109.713
G1 X37.918 Y109.653
G1 X37.955 Y109.488
G1 X37.860 Y109.178
G1 X37.398 Y108.743
G1 X36.835 Y108.573
G1 X36.595 Y108.620
G1 X36.405 Y108.763
G1 X35.810 Y108.573
G1 X35.704 Y107.687
G1 X35.515 Y106.960
G1 X35.231 Y106.475
G1 X35.049 Y106.353
G1 X34.605 Y106.362
G1 X34.440 Y106.508
G1 X34.343 Y106.740
G1 X34.366 Y107.579
G1 X34.535 Y108.190
G0 Z5.000 F500.000
G0 X34.755 Y107.133 F3000.000
G1 Z1.000 F500.000
G4 P100
G1 X34.793 Y106.888 F1000.000
G1 X34.880 Y106.803
G1 X35.004 Y106.950
G1 X35.105 Y107.390
G1 X35.220 Y108.853
G1 X34.880 Y107.898
G1 X34.755 Y107.133
G0 Z5.000 F500.000
G0 X35.835 Y109.053 F3000.000
G1 Z1.000 F500.000
G4 P100
G1 X36.168 Y109.250 F1000.000
G1 X36.410 Y109.640
G1 X36.500 Y110.128
G1 X36.440 Y110.355
G1 X36.280 Y110.433
G1 X36.081 Y110.338
G1 X35.845 Y110.053
G1 X35.835 Y109.053
G0 Z5.000 F500.000
G0 X37.485 Y109.388 F3000.000
G1 Z1.000 F500.000
G4 P100
G1 X37.531 Y109.777 F1000.000
G1 X37.886 Y110.468
G1 X38.479 Y110.884
G1 X38.815 Y110.938
G1 X38.963 Y110.895
G1 X39.025 Y110.743
G1 X39.429 Y110.719
G1 X39.490 Y110.588
G1 X39.300 Y109.288
G1 X39.338 Y109.168
G1 X39.435 Y109.123
G1 X39.665 Y109.245
G1 X40.165 Y109.713
G1 X40.268 Y109.653
G1 X40.305 Y109.488
G1 X40.210 Y109.178
G1 X39.775 Y108.748
G1 X39.330 Y108.573
G1 X39.028 Y108.685
G1 X38.820 Y108.993
G1 X38.526 Y108.678
G1 X38.165 Y108.573
G1 X37.886 Y108.629
G1 X37.670 Y108.798
G1 X37.531 Y109.058
G1 X37.485 Y109.388
G0 Z5.000 F500.000
G0 X38.172 Y109.153 F3000.000
G1 Z1.000 F500.000
G4 P100
G1 X38.345 Y109.078 F1000.000
G1 X38.555 Y109.208
G1 X38.700 Y109.553
G1 X38.885 Y110.473
G1 X38.498 Y110.315
G1 X38.215 Y109.913
G1 X38.110 Y109.383
G1 X38.172 Y109.153
G0 Z5.000 F500.000
G0 X39.910 Y109.413 F3000.000
G1 Z1.000 F500.000
G4 P100
G1 X40.095 Y110.648 F1000.000
G1 X40.243 Y110.860
G1 X40.530 Y110.928
G1 X40.670 Y110.903
G1 X40.710 Y110.808
G1 X40.505 Y109.728
G1 X40.875 Y110.428
G1 X41.278 Y110.813
G1 X41.640 Y110.928
G1 X41.884 Y110.847
G1 X41.965 Y110.603
G1 X41.911 Y109.907
G1 X42.005 Y109.863
G1 X42.500 Y110.148
G1 X42.603 Y110.090
G1 X42.640 Y109.938
G1 X42.540 Y109.648
G1 X42.213 Y109.400
G1 X41.815 Y109.298
G1 X41.582 Y109.332
G1 X41.309 Y109.592
G1 X41.245 Y110.163
G1 X41.048 Y109.995
G1 X40.805 Y109.553
G1 X40.483 Y108.655
G1 X40.255 Y108.573
G1 X40.093 Y108.623
G1 X39.988 Y108.773
G1 X39.910 Y109.413
G0 Z5.000 F500.000
G0 X42.235 Y109.033 F3000.000
G1 Z1.000 F500.000
G4 P100
G1 X42.210 Y109.723 F1000.000
G1 X42.368 Y111.328
G1 X42.563 Y112.096
G1 X42.833 Y112.730
G1 X43.171 Y113.156
G1 X43.570 Y113.298
G1 X43.778 Y113.249
G1 X44.049 Y112.874
G1 X44.011 Y112.074
G1 X43.790 Y111.540
G1 X42.830 Y110.273
G1 X42.815 Y109.738
G1 X43.073 Y110.277
G1 X43.365 Y110.645
G1 X43.665 Y110.857
G1 X43.945 Y110.928
G1 X44.171 Y110.885
G1 X44.462 Y110.568
G1 X44.500 Y110.338
G1 X44.360 Y109.833
G1 X43.880 Y109.423
G1 X44.003 Y109.205
G1 X44.250 Y109.123
G1 X44.550 Y109.243
G1 X45.065 Y109.713
G1 X45.168 Y109.653
G1 X45.205 Y109.488
G1 X45.110 Y109.178
G1 X44.655 Y108.738
G1 X44.404 Y108.614
G1 X43.763 Y108.628
G1 X43.490 Y108.793
G1 X43.314 Y109.049
G1 X43.255 Y109.378
G1 X43.305 Y109.545
G1 X43.770 Y109.860
G1 X43.865 Y110.123
G1 X43.735 Y110.303
G1 X43.438 Y110.108
G1 X43.135 Y109.605
G1 X42.788 Y108.655
G1 X42.560 Y108.573
G1 X42.333 Y108.685
G1 X42.235 Y109.033
G0 Z5.000 F500.000
G0 X42.885 Y110.898 F3000.000
G1 Z1.000 F500.000
G4 P100
G1 X43.398 Y111.693 F1000.000
G1 X43.549 Y112.103
G1 X43.600 Y112.473
G1 X43.565 Y112.718
G1 X43.465 Y112.803
G1 X43.265 Y112.545
G1 X43.053 Y111.850
G1 X42.885 Y110.898
G0 Z5.000 F500.000
G0 X46.320 Y110.648 F3000.000
G1 Z1.000 F500.000
G4 P100
G1 X46.468 Y110.860 F1000.000
G1 X46.895 Y110.903
G1 X46.935 Y110.808
G1 X46.730 Y109.733
G1 X47.053 Y110.393
G1 X47.438 Y110.795
G1 X47.810 Y110.928
G1 X48.058 Y110.848
G1 X48.130 Y110.603
G1 X47.980 Y109.753
G1 X48.244 Y110.284
G1 X48.535 Y110.648
G1 X48.830 Y110.858
G1 X49.105 Y110.928
G1 X49.349 Y110.847
G1 X49.430 Y110.603
G1 X49.225 Y109.323
G1 X49.261 Y109.173
G1 X49.370 Y109.123
G1 X49.608 Y109.245
G1 X50.110 Y109.713
G1 X50.213 Y109.653
G1 X50.250 Y109.488
G1 X50.155 Y109.178
G1 X49.693 Y108.743
G1 X49.428 Y108.615
G1 X48.906 Y108.610
G1 X48.648 Y108.901
G1 X48.615 Y109.148
G1 X48.750 Y110.083
G1 X48.695 Y110.163
G1 X48.510 Y109.995
G1 X48.270 Y109.553
G1 X47.948 Y108.653
G1 X47.715 Y108.573
G1 X47.571 Y108.612
G1 X47.468 Y108.730
G1 X47.385 Y109.113
G1 X47.475 Y110.083
G1 X47.420 Y110.163
G1 X47.230 Y109.983
G1 X47.008 Y109.523
G1 X46.708 Y108.655
G1 X46.480 Y108.573
G1 X46.318 Y108.623
G1 X46.213 Y108.773
G1 X46.135 Y109.413
G1 X46.320 Y110.648
G0 Z5.000 F500.000
G0 X49.770 Y109.623 F3000.000
G1 Z1.000 F500.000
G4 P100
G1 X49.915 Y110.300 F1000.000
G1 X50.088 Y110.565
G1 X50.584 Y110.891
G1 X50.880 Y110.933
G1 X51.223 Y110.867
G1 X51.493 Y110.670
G1 X51.677 Y110.377
G1 X51.765 Y110.023
G1 X52.395 Y110.133
G1 X52.495 Y110.068
G1 X52.530 Y109.903
G1 X52.494 Y109.712
G1 X52.385 Y109.618
G1 X51.725 Y109.498
G1 X51.584 Y109.120
G1 X51.350 Y108.825
G1 X51.051 Y108.636
G1 X50.715 Y108.573
G1 X50.203 Y108.718
G1 X49.880 Y109.103
G1 X49.770 Y109.623
G0 Z5.000 F500.000
G0 X50.503 Y109.248 F3000.000
G1 Z1.000 F500.000
G4 P100
G1 X50.755 Y109.103 F1000.000
G1 X51.033 Y109.233
G1 X51.190 Y109.608
G1 X50.953 Y109.883
G1 X50.885 Y110.403
G1 X50.683 Y110.355
G1 X50.528 Y110.210
G1 X50.428 Y109.979
G1 X50.395 Y109.668
G1 X50.503 Y109.248
G0 Z5.000 F500.000
G0 X52.170 Y109.238 F3000.000
G1 Z1.000 F500.000
G4 P100
G1 X52.110 Y110.638 F1000.000
G1 X52.200 Y110.868
G1 X52.455 Y110.933
G1 X52.648 Y110.875
G1 X52.780 Y109.188
G1 X53.230 Y109.898
G1 X53.155 Y110.243
G1 X53.230 Y110.573
G1 X53.435 Y110.833
G1 X53.730 Y110.933
G1 X53.965 Y110.830
G1 X54.055 Y110.533
G1 X53.935 Y110.018
G1 X54.625 Y110.123
G1 X54.740 Y110.073
G1 X54.720 Y109.695
G1 X54.540 Y109.568
G1 X54.050 Y109.493
G1 X53.635 Y109.553
G1 X52.970 Y108.678
G1 X52.640 Y108.573
G1 X52.457 Y108.613
G1 X52.318 Y108.733
G1 X52.170 Y109.238
G0 Z5.000 F500.000
G0 X54.343 Y109.195 F3000.000
G1 Z1.000 F500.000
G4 P100
G1 X54.270 Y109.638 F1000.000
G1 X54.415 Y110.280
G1 X54.818 Y110.753
G1 X55.400 Y110.928
G1 X55.661 Y110.885
G1 X55.865 Y110.755
G1 X55.996 Y110.552
G1 X56.040 Y110.288
G1 X55.978 Y109.967
G1 X55.793 Y109.695
G1 X55.459 Y109.474
G1 X54.955 Y109.303
G1 X55.136 Y109.130
G1 X55.430 Y109.073
G1 X55.943 Y109.230
G1 X56.575 Y109.713
G1 X56.678 Y109.653
G1 X56.715 Y109.488
G1 X56.620 Y109.178
G1 X56.098 Y108.763
G1 X55.375 Y108.573
G1 X54.909 Y108.644
G1 X54.560 Y108.858
G1 X54.343 Y109.195
G0 Z5.000 F500.000
G0 X54.875 Y109.703 F3000.000
G1 Z1.000 F500.000
G4 P100
G1 X55.340 Y109.903 F1000.000
G1 X55.468 Y110.054
G1 X55.458 Y110.380
G1 X55.315 Y110.438
G1 X55.144 Y110.384
G1 X55.003 Y110.223
G1 X54.875 Y109.703
G0 Z5.000 F500.000
G0 X57.616 Y109.777 F3000.000
G1 Z1.000 F500.000
G4 P100
G1 X57.971 Y110.468 F1000.000
G1 X58.248 Y110.720
G1 X58.564 Y110.884
G1 X58.900 Y110.938
G1 X59.048 Y110.895
G1 X59.110 Y110.743
G1 X59.514 Y110.719
G1 X59.575 Y110.588
G1 X59.385 Y109.288
G1 X59.423 Y109.168
G1 X59.520 Y109.123
G1 X59.750 Y109.245
G1 X60.250 Y109.713
G1 X60.353 Y109.653
G1 X60.390 Y109.488
G1 X60.295 Y109.178
G1 X59.860 Y108.748
G1 X59.415 Y108.573
G1 X59.113 Y108.685
G1 X58.905 Y108.993
G1 X58.611 Y108.678
G1 X58.250 Y108.573
G1 X57.971 Y108.629
G1 X57.755 Y108.798
G1 X57.616 Y109.058
G1 X57.616 Y109.777
G0 Z5.000 F500.000
G0 X58.195 Y109.383 F3000.000
G1 Z1.000 F500.000
G4 P100
G1 X58.258 Y109.153 F1000.000
G1 X58.430 Y109.078
G1 X58.640 Y109.208
G1 X58.785 Y109.553
G1 X58.970 Y110.473
G1 X58.583 Y110.315
G1 X58.300 Y109.913
G1 X58.195 Y109.383
G0 Z5.000 F500.000
G0 X60.041 Y110.047 F3000.000
G1 Z1.000 F500.000
G4 P100
G1 X60.180 Y110.648 F1000.000
G1 X60.328 Y110.860
G1 X60.615 Y110.928
G1 X60.755 Y110.903
G1 X60.795 Y110.808
G1 X60.590 Y109.728
G1 X60.960 Y110.428
G1 X61.363 Y110.813
G1 X61.725 Y110.928
G1 X61.969 Y110.847
G1 X62.050 Y110.603
G1 X61.845 Y109.323
G1 X61.881 Y109.173
G1 X61.990 Y109.123
G1 X62.228 Y109.245
G1 X62.730 Y109.713
G1 X62.833 Y109.653
G1 X62.870 Y109.488
G1 X62.775 Y109.178
G1 X62.313 Y108.743
G1 X62.048 Y108.615
G1 X61.526 Y108.610
G1 X61.268 Y108.901
G1 X61.235 Y109.148
G1 X61.370 Y110.083
G1 X61.315 Y110.163
G1 X61.133 Y109.995
G1 X60.893 Y109.553
G1 X60.568 Y108.655
G1 X60.340 Y108.573
G1 X60.178 Y108.623
G1 X60.073 Y108.773
G1 X59.995 Y109.413
G1 X60.041 Y110.047
G0 Z5.000 F500.000
G0 X62.400 Y109.393 F3000.000
G1 Z1.000 F500.000
G4 P100
G1 X62.443 Y109.779 F1000.000
G1 X62.772 Y110.447
G1 X63.353 Y110.869
G1 X63.705 Y110.953
G1 X63.843 Y111.852
G1 X64.068 Y112.610
G1 X64.377 Y113.126
G1 X64.563 Y113.255
G1 X64.967 Y113.249
G1 X65.128 Y113.103
G1 X65.234 Y112.858
G1 X65.201 Y111.905
G1 X64.995 Y111.203
G1 X64.260 Y109.663
G1 X64.348 Y109.248
G1 X64.520 Y109.123
G1 X64.795 Y109.243
G1 X65.305 Y109.713
G1 X65.408 Y109.653
G1 X65.445 Y109.488
G1 X65.350 Y109.178
G1 X64.656 Y108.617
G1 X64.415 Y108.573
G1 X64.080 Y108.684
G1 X63.835 Y109.018
G1 X63.468 Y108.663
G1 X63.100 Y108.573
G1 X62.822 Y108.630
G1 X62.598 Y108.800
G1 X62.449 Y109.062
G1 X62.400 Y109.393
G0 Z5.000 F500.000
G0 X63.088 Y109.169 F3000.000
G1 Z1.000 F500.000
G4 P100
G1 X63.275 Y109.078 F1000.000
G1 X63.465 Y109.155
G1 X63.705 Y109.443
G1 X63.665 Y110.438
G1 X63.413 Y110.304
G1 X63.071 Y109.772
G1 X63.025 Y109.443
G1 X63.088 Y109.169
G0 Z5.000 F500.000
G0 X64.265 Y110.448 F3000.000
G1 Z1.000 F500.000
G4 P100
G1 X64.685 Y111.548 F1000.000
G1 X64.825 Y112.408
G1 X64.715 Y112.808
G1 X64.525 Y112.470
G1 X64.265 Y110.448
G0 Z5.000 F500.000
G0 X66.440 Y110.643 F3000.000
G1 Z1.000 F500.000
G4 P100
G1 X66.555 Y110.873 F1000.000
G1 X66.855 Y110.958
G1 X67.008 Y110.915
G1 X67.065 Y110.563
G1 X67.380 Y110.850
G1 X67.710 Y110.938
G1 X67.964 Y110.882
G1 X68.168 Y110.713
G1 X68.301 Y110.453
G1 X68.345 Y110.123
G1 X68.260 Y109.608
G1 X68.025 Y109.153
G1 X68.200 Y109.123
G1 X68.515 Y109.243
G1 X69.035 Y109.713
G1 X69.138 Y109.653
G1 X69.175 Y109.488
G1 X69.080 Y109.178
G1 X68.618 Y108.743
G1 X68.353 Y108.615
G1 X67.815 Y108.620
G1 X67.625 Y108.763
G1 X67.030 Y108.573
G1 X66.924 Y107.687
G1 X66.735 Y106.960
G1 X66.451 Y106.475
G1 X66.060 Y106.313
G1 X65.825 Y106.362
G1 X65.660 Y106.508
G1 X65.530 Y107.048
G1 X65.755 Y108.190
G1 X66.450 Y109.628
G1 X66.440 Y110.643
G0 Z5.000 F500.000
G0 X67.060 Y109.408 F3000.000
G1 Z1.000 F500.000
G4 P100
G1 X67.055 Y109.053 F1000.000
G1 X67.388 Y109.250
G1 X67.630 Y109.640
G1 X67.720 Y110.128
G1 X67.660 Y110.355
G1 X67.500 Y110.433
G1 X67.301 Y110.338
G1 X67.065 Y110.053
G1 X67.060 Y109.408
G0 Z5.000 F500.000
G0 X66.440 Y108.853 F3000.000
G1 Z1.000 F500.000
G4 P100
G1 X66.100 Y107.898 F1000.000
G1 X65.975 Y107.133
G1 X66.013 Y106.888
G1 X66.100 Y106.803
G1 X66.224 Y106.950
G1 X66.325 Y107.390
G1 X66.440 Y108.853
G0 Z5.000 F500.000
G0 X68.890 Y108.798 F3000.000
G1 Z1.000 F500.000
G4 P100
G1 X68.751 Y109.058 F1000.000
G1 X68.705 Y109.388
G1 X68.890 Y110.145
G1 X69.106 Y110.468
G1 X69.699 Y110.884
G1 X70.035 Y110.938
G1 X70.183 Y110.895
G1 X70.245 Y110.743
G1 X70.649 Y110.719
G1 X70.710 Y110.588
G1 X70.520 Y109.288
G1 X70.558 Y109.168
G1 X70.655 Y109.123
G1 X70.885 Y109.245
G1 X71.250 Y109.643
G1 X71.385 Y109.713
G1 X71.488 Y109.653
G1 X71.525 Y109.488
G1 X71.430 Y109.178
G1 X70.995 Y108.748
G1 X70.550 Y108.573
G1 X70.248 Y108.685
G1 X70.040 Y108.993
G1 X69.746 Y108.678
G1 X69.385 Y108.573
G1 X69.106 Y108.629
G1 X68.890 Y108.798
G0 Z5.000 F500.000
G0 X69.393 Y109.153 F3000.000
G1 Z1.000 F500.000
G4 P100
G1 X69.565 Y109.078 F1000.000
G1 X69.775 Y109.208
G1 X69.920 Y109.553
G1 X70.105 Y110.473
G1 X69.718 Y110.315
G1 X69.435 Y109.913
G1 X69.330 Y109.383
G1 X69.393 Y109.153
G0 Z5.000 F500.000
G0 X71.055 Y109.388 F3000.000
G1 Z1.000 F500.000
G4 P100
G1 X71.101 Y109.777 F1000.000
G1 X71.456 Y110.468
G1 X72.049 Y110.884
G1 X72.385 Y110.938
G1 X72.533 Y110.895
G1 X72.595 Y110.743
G1 X72.993 Y110.725
G1 X73.045 Y110.578
G1 X72.825 Y109.133
G1 X73.565 Y109.663
G1 X73.680 Y109.703
G1 X73.783 Y109.640
G1 X73.820 Y109.483
G1 X73.675 Y109.188
G1 X72.725 Y108.543
G1 X72.506 Y107.619
G1 X72.228 Y106.915
G1 X71.878 Y106.471
G1 X71.445 Y106.323
G1 X71.214 Y106.362
G1 X70.910 Y106.662
G1 X70.870 Y106.893
G1 X70.940 Y107.261
G1 X71.150 Y107.655
G1 X71.553 Y108.110
G1 X72.200 Y108.658
G1 X72.230 Y108.853
G1 X72.008 Y108.645
G1 X71.735 Y108.573
G1 X71.456 Y108.629
G1 X71.240 Y108.798
G1 X71.101 Y109.058
G1 X71.055 Y109.388
G0 Z5.000 F500.000
G0 X71.743 Y109.153 F3000.000
G1 Z1.000 F500.000
G4 P100
G1 X71.915 Y109.078 F1000.000
G1 X72.135 Y109.218
G1 X72.445 Y110.473
G1 X72.065 Y110.315
G1 X71.785 Y109.913
G1 X71.680 Y109.383
G1 X71.743 Y109.153
G0 Z5.000 F500.000
G0 X72.085 Y108.063 F3000.000
G1 Z1.000 F500.000
G4 P100
G1 X71.530 Y107.468 F1000.000
G1 X71.360 Y107.003
G1 X71.393 Y106.863
G1 X71.500 Y106.808
G1 X71.633 Y106.883
G1 X71.783 Y107.108
G1 X72.085 Y108.063
G0 Z5.000 F500.000
G0 X73.730 Y108.858 F3000.000
G1 Z1.000 F500.000
G4 P100
G1 X73.513 Y109.195 F1000.000
G1 X73.440 Y109.638
G1 X73.585 Y110.280
G1 X73.988 Y110.753
G1 X74.262 Y110.884
G1 X74.831 Y110.885
G1 X75.035 Y110.755
G1 X75.166 Y110.552
G1 X75.210 Y110.288
G1 X75.148 Y109.967
G1 X74.963 Y109.695
G1 X74.629 Y109.474
G1 X74.125 Y109.303
G1 X74.306 Y109.130
G1 X74.600 Y109.073
G1 X75.113 Y109.230
G1 X75.745 Y109.713
G1 X75.848 Y109.653
G1 X75.885 Y109.488
G1 X75.790 Y109.178
G1 X75.268 Y108.763
G1 X74.918 Y108.620
G1 X74.545 Y108.573
G1 X74.079 Y108.644
G1 X73.730 Y108.858
G0 Z5.000 F500.000
G0 X74.045 Y109.703 F3000.000
G1 Z1.000 F500.000
G4 P100
G1 X74.510 Y109.903 F1000.000
G1 X74.638 Y110.054
G1 X74.628 Y110.380
G1 X74.485 Y110.438
G1 X74.314 Y110.384
G1 X74.173 Y110.223
G1 X74.045 Y109.703
G0 Z5.000 F500.000
G0 X76.481 Y108.876 F3000.000
G1 Z1.000 F500.000
G4 P100
G1 X76.890 Y109.628 F1000.000
G1 X76.880 Y110.643
G1 X76.995 Y110.873
G1 X77.295 Y110.958
G1 X77.448 Y110.915
G1 X77.505 Y110.563
G1 X77.820 Y110.850
G1 X78.150 Y110.938
G1 X78.404 Y110.882
G1 X78.608 Y110.713
G1 X78.741 Y110.453
G1 X78.785 Y110.123
G1 X78.700 Y109.608
G1 X78.465 Y109.153
G1 X78.640 Y109.123
G1 X78.955 Y109.243
G1 X79.475 Y109.713
G1 X79.578 Y109.653
G1 X79.615 Y109.488
G1 X79.520 Y109.178
G1 X79.058 Y108.743
G1 X78.793 Y108.615
G1 X78.255 Y108.620
G1 X78.065 Y108.763
G1 X77.470 Y108.573
G1 X77.364 Y107.687
G1 X77.175 Y106.960
G1 X76.891 Y106.475
G1 X76.500 Y106.313
G1 X76.265 Y106.362
G1 X76.100 Y106.508
G1 X75.970 Y107.048
G1 X76.195 Y108.190
G1 X76.481 Y108.876
G0 Z5.000 F500.000
G0 X76.540 Y107.898 F3000.000
G1 Z1.000 F500.000
G4 P100
G1 X76.415 Y107.133 F1000.000
G1 X76.453 Y106.888
G1 X76.540 Y106.803
G1 X76.664 Y106.950
G1 X76.765 Y107.390
G1 X76.880 Y108.853
G1 X76.540 Y107.898
G0 Z5.000 F500.000
G0 X77.495 Y109.053 F3000.000
G1 Z1.000 F500.000
G4 P100
G1 X77.828 Y109.250 F1000.000
G1 X78.070 Y109.640
G1 X78.160 Y110.128
G1 X78.100 Y110.355
G1 X77.940 Y110.433
G1 X77.741 Y110.338
G1 X77.505 Y110.053
G1 X77.495 Y109.053
G0 Z5.000 F500.000
G0 X79.145 Y109.388 F3000.000
G1 Z1.000 F500.000
G4 P100
G1 X79.191 Y109.777 F1000.000
G1 X79.546 Y110.468
G1 X80.139 Y110.884
G1 X80.475 Y110.938
G1 X80.623 Y110.895
G1 X80.685 Y110.743
G1 X81.089 Y110.719
G1 X81.150 Y110.588
G1 X80.960 Y109.288
G1 X80.998 Y109.168
G1 X81.095 Y109.123
G1 X81.325 Y109.245
G1 X81.825 Y109.713
G1 X81.928 Y109.653
G1 X81.965 Y109.488
G1 X81.870 Y109.178
G1 X81.435 Y108.748
G1 X80.990 Y108.573
G1 X80.688 Y108.685
G1 X80.480 Y108.993
G1 X80.186 Y108.678
G1 X79.825 Y108.573
G1 X79.546 Y108.629
G1 X79.330 Y108.798
G1 X79.191 Y109.058
G1 X79.145 Y109.388
G0 Z5.000 F500.000
G0 X79.833 Y109.153 F3000.000
G1 Z1.000 F500.000
G4 P100
G1 X80.005 Y109.078 F1000.000
G1 X80.215 Y109.208
G1 X80.360 Y109.553
G1 X80.545 Y110.473
G1 X80.158 Y110.315
G1 X79.875 Y109.913
G1 X79.770 Y109.383
G1 X79.833 Y109.153
G0 Z5.000 F500.000
G0 X81.560 Y109.298 F3000.000
G1 Z1.000 F500.000
G4 P100
G1 X81.610 Y109.985 F1000.000
G1 X81.775 Y110.648
G1 X81.915 Y110.863
G1 X82.200 Y110.928
G1 X82.353 Y110.893
G1 X82.395 Y110.788
G1 X82.185 Y109.335
G1 X82.265 Y109.293
G1 X82.453 Y109.443
G1 X83.063 Y110.863
G1 X83.310 Y110.928
G1 X83.470 Y110.900
G1 X83.515 Y110.798
G1 X83.250 Y109.323
G1 X83.290 Y109.175
G1 X83.395 Y109.123
G1 X83.633 Y109.245
G1 X84.135 Y109.713
G1 X84.238 Y109.653
G1 X84.275 Y109.488
G1 X84.180 Y109.178
G1 X83.718 Y108.743
G1 X83.155 Y108.573
G1 X82.947 Y108.619
G1 X82.803 Y108.758
G1 X82.690 Y109.278
G1 X82.435 Y108.755
G1 X82.070 Y108.573
G1 X81.866 Y108.625
G1 X81.596 Y109.014
G1 X81.560 Y109.298
G0 Z5.000 F500.000
G0 X83.575 Y109.048 F3000.000
G1 Z1.000 F500.000
G4 P100
G1 X84.125 Y109.873 F1000.000
G1 X84.550 Y110.763
G1 X84.696 Y110.928
G1 X84.945 Y110.983
G1 X85.140 Y110.958
G1 X85.195 Y110.878
G1 X85.030 Y110.348
G1 X85.488 Y109.600
G1 X85.560 Y109.138
G1 X86.270 Y109.713
G1 X86.373 Y109.653
G1 X86.410 Y109.488
G1 X86.315 Y109.178
G1 X85.838 Y108.755
G1 X84.800 Y108.463
G1 X84.403 Y108.583
G1 X84.265 Y108.853
G1 X84.360 Y109.078
G1 X84.640 Y109.173
G1 X84.925 Y109.143
G1 X84.868 Y109.388
G1 X84.585 Y109.798
G1 X83.945 Y108.938
G1 X83.755 Y108.848
G1 X83.625 Y108.905
G1 X83.575 Y109.048
G0 Z5.000 F500.000
G0 X86.003 Y109.195 F3000.000
G1 Z1.000 F500.000
G4 P100
G1 X85.930 Y109.638 F1000.000
G1 X86.075 Y110.280
G1 X86.478 Y110.753
G1 X87.060 Y110.928
G1 X87.321 Y110.885
G1 X87.525 Y110.755
G1 X87.656 Y110.552
G1 X87.700 Y110.288
G1 X87.638 Y109.967
G1 X87.453 Y109.695
G1 X87.119 Y109.474
G1 X86.615 Y109.303
G1 X86.796 Y109.130
G1 X87.090 Y109.073
G1 X87.603 Y109.230
G1 X88.235 Y109.713
G1 X88.338 Y109.653
G1 X88.375 Y109.488
G1 X88.280 Y109.178
G1 X87.758 Y108.763
G1 X87.035 Y108.573
G1 X86.569 Y108.644
G1 X86.220 Y108.858
G1 X86.003 Y109.195
G0 Z5.000 F500.000
G0 X86.535 Y109.703 F3000.000
G1 Z1.000 F500.000
G4 P100
G1 X87.000 Y109.903 F1000.000
G1 X87.128 Y110.054
G1 X87.118 Y110.380
G1 X86.975 Y110.438
G1 X86.804 Y110.384
G1 X86.663 Y110.223
G1 X86.535 Y109.703
G0 Z5.000 F500.000
G0 X87.998 Y109.368 F3000.000
G1 Z1.000 F500.000
G4 P100
G1 X88.355 Y109.503 F1000.000
G1 X88.688 Y109.395
G1 X88.800 Y109.078
G1 X88.670 Y108.710
G1 X88.315 Y108.573
G1 X87.983 Y108.693
G1 X87.870 Y109.008
G1 X87.998 Y109.368
G0 Z5.000 F500.000
G0 X24.515 Y98.843 F3000.000
G1 Z1.000 F500.000
G4 P100
G1 X24.422 Y98.603 F1000.000
G1 X24.130 Y98.543
G1 X22.765 Y98.608
G1 X22.230 Y95.248
G1 X22.110 Y95.026
G1 X21.845 Y94.948
G1 X21.590 Y95.028
G1 X21.500 Y95.238
G1 X21.538 Y95.636
G1 X22.055 Y98.603
G1 X21.285 Y98.523
G1 X20.887 Y98.341
G1 X20.770 Y98.038
G1 X20.890 Y97.638
G1 X20.777 Y97.461
G1 X20.545 Y97.378
G1 X20.405 Y97.428
G1 X20.240 Y97.671
G1 X20.175 Y98.028
G1 X20.244 Y98.411
G1 X20.453 Y98.711
G1 X20.803 Y98.934
G1 X21.297 Y99.088
G1 X22.755 Y99.208
G1 X24.205 Y99.123
G1 X24.438 Y99.018
G1 X24.515 Y98.843
G0 Z5.000 F500.000
G0 X24.383 Y99.106 F3000.000
G1 Z1.000 F500.000
G4 P100
G1 X24.721 Y99.531 F1000.000
G1 X25.120 Y99.673
G1 X25.328 Y99.624
G1 X25.599 Y99.249
G1 X25.561 Y98.449
G1 X25.340 Y97.916
G1 X24.380 Y96.648
G1 X24.365 Y96.113
G1 X24.732 Y96.806
G1 X25.133 Y97.188
G1 X25.495 Y97.303
G1 X25.739 Y97.222
G1 X25.820 Y96.978
G1 X25.615 Y95.698
G1 X25.651 Y95.548
G1 X25.760 Y95.498
G1 X25.997 Y95.621
G1 X26.500 Y96.088
G1 X26.602 Y96.028
G1 X26.640 Y95.863
G1 X26.545 Y95.553
G1 X26.072 Y95.118
G1 X25.813 Y94.991
G1 X25.296 Y94.985
G1 X25.037 Y95.276
G1 X25.005 Y95.523
G1 X25.140 Y96.458
G1 X25.085 Y96.538
G1 X24.900 Y96.371
G1 X24.660 Y95.928
G1 X24.300 Y95.048
G1 X23.995 Y94.948
G1 X23.797 Y95.056
G1 X23.760 Y96.098
G1 X23.918 Y97.703
G1 X24.113 Y98.471
G1 X24.383 Y99.106
G0 Z5.000 F500.000
G0 X24.602 Y98.226 F3000.000
G1 Z1.000 F500.000
G4 P100
G1 X24.435 Y97.273 F1000.000
G1 X24.947 Y98.068
G1 X25.099 Y98.478
G1 X25.150 Y98.848
G1 X25.115 Y99.093
G1 X25.015 Y99.178
G1 X24.815 Y98.921
G1 X24.602 Y98.226
G0 Z5.000 F500.000
G0 X26.478 Y96.922 F3000.000
G1 Z1.000 F500.000
G4 P100
G1 X26.982 Y97.259 F1000.000
G1 X27.551 Y97.260
G1 X27.755 Y97.131
G1 X27.886 Y96.927
G1 X27.930 Y96.663
G1 X27.868 Y96.342
G1 X27.682 Y96.071
G1 X27.349 Y95.849
G1 X26.845 Y95.678
G1 X27.026 Y95.506
G1 X27.320 Y95.448
G1 X27.832 Y95.606
G1 X28.465 Y96.088
G1 X28.568 Y96.028
G1 X28.605 Y95.863
G1 X28.510 Y95.553
G1 X27.987 Y95.138
G1 X27.638 Y94.996
G1 X27.265 Y94.948
G1 X26.799 Y95.019
G1 X26.450 Y95.233
G1 X26.233 Y95.571
G1 X26.160 Y96.013
G1 X26.305 Y96.656
G1 X26.478 Y96.922
G0 Z5.000 F500.000
G0 X26.892 Y96.598 F3000.000
G1 Z1.000 F500.000
G4 P100
G1 X26.765 Y96.078 F1000.000
G1 X27.230 Y96.278
G1 X27.400 Y96.603
G1 X27.347 Y96.756
G1 X27.205 Y96.813
G1 X27.034 Y96.759
G1 X26.892 Y96.598
G0 Z5.000 F500.000
G0 X29.506 Y96.152 F3000.000
G1 Z1.000 F500.000
G4 P100
G1 X29.861 Y96.843 F1000.000
G1 X30.138 Y97.096
G1 X30.454 Y97.259
G1 X30.790 Y97.313
G1 X30.938 Y97.271
G1 X31.000 Y97.118
G1 X31.398 Y97.101
G1 X31.450 Y96.953
G1 X31.230 Y95.508
G1 X31.970 Y96.038
G1 X32.085 Y96.078
G1 X32.188 Y96.016
G1 X32.225 Y95.858
G1 X32.080 Y95.563
G1 X31.130 Y94.918
G1 X30.911 Y93.994
G1 X30.633 Y93.291
G1 X30.283 Y92.846
G1 X29.850 Y92.698
G1 X29.619 Y92.737
G1 X29.315 Y93.037
G1 X29.275 Y93.268
G1 X29.345 Y93.636
G1 X29.555 Y94.031
G1 X29.957 Y94.485
G1 X30.605 Y95.033
G1 X30.635 Y95.228
G1 X30.413 Y95.021
G1 X30.140 Y94.948
G1 X29.861 Y95.004
G1 X29.645 Y95.173
G1 X29.506 Y95.433
G1 X29.506 Y96.152
G0 Z5.000 F500.000
G0 X30.085 Y95.758 F3000.000
G1 Z1.000 F500.000
G4 P100
G1 X30.148 Y95.528 F1000.000
G1 X30.320 Y95.453
G1 X30.540 Y95.593
G1 X30.850 Y96.848
G1 X30.470 Y96.691
G1 X30.190 Y96.288
G1 X30.085 Y95.758
G0 Z5.000 F500.000
G0 X30.490 Y94.438 F3000.000
G1 Z1.000 F500.000
G4 P100
G1 X29.935 Y93.843 F1000.000
G1 X29.765 Y93.378
G1 X29.797 Y93.238
G1 X29.905 Y93.183
G1 X30.038 Y93.258
G1 X30.188 Y93.483
G1 X30.490 Y94.438
G0 Z5.000 F500.000
G0 X32.135 Y95.233 F3000.000
G1 Z1.000 F500.000
G4 P100
G1 X31.917 Y95.571 F1000.000
G1 X31.845 Y96.013
G1 X31.990 Y96.656
G1 X32.392 Y97.128
G1 X32.667 Y97.259
G1 X33.236 Y97.260
G1 X33.440 Y97.131
G1 X33.571 Y96.927
G1 X33.615 Y96.663
G1 X33.553 Y96.342
G1 X33.367 Y96.071
G1 X33.034 Y95.849
G1 X32.530 Y95.678
G1 X32.711 Y95.506
G1 X33.005 Y95.448
G1 X33.517 Y95.606
G1 X34.150 Y96.088
G1 X34.252 Y96.028
G1 X34.290 Y95.863
G1 X34.195 Y95.553
G1 X33.672 Y95.138
G1 X33.323 Y94.996
G1 X32.950 Y94.948
G1 X32.484 Y95.019
G1 X32.135 Y95.233
G0 Z5.000 F500.000
G0 X32.450 Y96.078 F3000.000
G1 Z1.000 F500.000
G4 P100
G1 X32.915 Y96.278 F1000.000
G1 X33.043 Y96.429
G1 X33.032 Y96.756
G1 X32.890 Y96.813
G1 X32.719 Y96.759
G1 X32.578 Y96.598
G1 X32.450 Y96.078
G0 Z5.000 F500.000
G0 X33.941 Y96.422 F3000.000
G1 Z1.000 F500.000
G4 P100
G1 X34.080 Y97.023 F1000.000
G1 X34.227 Y97.236
G1 X34.515 Y97.303
G1 X34.655 Y97.278
G1 X34.695 Y97.183
G1 X34.490 Y96.103
G1 X34.860 Y96.803
G1 X35.263 Y97.188
G1 X35.625 Y97.303
G1 X35.869 Y97.222
G1 X35.950 Y96.978
G1 X35.745 Y95.698
G1 X35.781 Y95.548
G1 X35.890 Y95.498
G1 X36.127 Y95.621
G1 X36.630 Y96.088
G1 X36.733 Y96.028
G1 X36.770 Y95.863
G1 X36.675 Y95.553
G1 X36.212 Y95.118
G1 X35.948 Y94.991
G1 X35.426 Y94.985
G1 X35.167 Y95.276
G1 X35.135 Y95.523
G1 X35.270 Y96.458
G1 X35.215 Y96.538
G1 X35.032 Y96.371
G1 X34.792 Y95.928
G1 X34.468 Y95.031
G1 X34.240 Y94.948
G1 X34.078 Y94.998
G1 X33.972 Y95.148
G1 X33.895 Y95.788
G1 X33.941 Y96.422
G0 Z5.000 F500.000
G0 X36.290 Y96.013 F3000.000
G1 Z1.000 F500.000
G4 P100
G1 X36.435 Y96.656 F1000.000
G1 X36.608 Y96.922
G1 X37.112 Y97.259
G1 X37.420 Y97.303
G1 X37.681 Y97.260
G1 X37.885 Y97.131
G1 X38.016 Y96.927
G1 X38.060 Y96.663
G1 X37.998 Y96.342
G1 X37.812 Y96.071
G1 X37.479 Y95.849
G1 X36.975 Y95.678
G1 X37.156 Y95.506
G1 X37.450 Y95.448
G1 X37.962 Y95.606
G1 X38.595 Y96.088
G1 X38.697 Y96.028
G1 X38.735 Y95.863
G1 X38.640 Y95.553
G1 X38.117 Y95.138
G1 X37.395 Y94.948
G1 X36.929 Y95.019
G1 X36.580 Y95.233
G1 X36.362 Y95.571
G1 X36.290 Y96.013
G0 Z5.000 F500.000
G0 X36.895 Y96.078 F3000.000
G1 Z1.000 F500.000
G4 P100
G1 X37.360 Y96.278 F1000.000
G1 X37.487 Y96.429
G1 X37.477 Y96.756
G1 X37.335 Y96.813
G1 X37.164 Y96.759
G1 X37.023 Y96.598
G1 X36.895 Y96.078
G0 Z5.000 F500.000
G0 X38.386 Y96.422 F3000.000
G1 Z1.000 F500.000
G4 P100
G1 X38.525 Y97.023 F1000.000
G1 X38.672 Y97.236
G1 X38.960 Y97.303
G1 X39.100 Y97.278
G1 X39.140 Y97.183
G1 X38.935 Y96.103
G1 X39.305 Y96.803
G1 X39.707 Y97.188
G1 X40.070 Y97.303
G1 X40.314 Y97.222
G1 X40.395 Y96.978
G1 X40.341 Y96.282
G1 X40.435 Y96.238
G1 X40.930 Y96.523
G1 X41.032 Y96.466
G1 X41.070 Y96.313
G1 X40.970 Y96.023
G1 X40.642 Y95.776
G1 X40.245 Y95.673
G1 X40.012 Y95.707
G1 X39.739 Y95.967
G1 X39.675 Y96.538
G1 X39.477 Y96.371
G1 X39.235 Y95.928
G1 X38.913 Y95.031
G1 X38.685 Y94.948
G1 X38.523 Y94.998
G1 X38.418 Y95.148
G1 X38.340 Y95.788
G1 X38.386 Y96.422
G0 Z5.000 F500.000
G0 X40.540 Y95.763 F3000.000
G1 Z1.000 F500.000
G4 P100
G1 X40.586 Y96.152 F1000.000
G1 X40.941 Y96.843
G1 X41.534 Y97.259
G1 X41.870 Y97.313
G1 X42.017 Y97.271
G1 X42.080 Y97.118
G1 X42.484 Y97.094
G1 X42.545 Y96.963
G1 X42.355 Y95.663
G1 X42.392 Y95.543
G1 X42.490 Y95.498
G1 X42.720 Y95.621
G1 X43.220 Y96.088
G1 X43.322 Y96.028
G1 X43.360 Y95.863
G1 X43.265 Y95.553
G1 X42.830 Y95.123
G1 X42.385 Y94.948
G1 X42.082 Y95.061
G1 X41.875 Y95.368
G1 X41.581 Y95.053
G1 X41.220 Y94.948
G1 X40.941 Y95.004
G1 X40.725 Y95.173
G1 X40.586 Y95.433
G1 X40.540 Y95.763
G0 Z5.000 F500.000
G0 X41.227 Y95.528 F3000.000
G1 Z1.000 F500.000
G4 P100
G1 X41.400 Y95.453 F1000.000
G1 X41.610 Y95.583
G1 X41.755 Y95.928
G1 X41.940 Y96.848
G1 X41.552 Y96.691
G1 X41.270 Y96.288
G1 X41.165 Y95.758
G1 X41.227 Y95.528
G0 Z5.000 F500.000
G0 X42.772 Y96.883 F3000.000
G1 Z1.000 F500.000
G4 P100
G1 X42.720 Y97.058 F1000.000
G1 X42.776 Y97.268
G1 X43.230 Y97.338
G1 X43.490 Y98.343
G1 X43.912 Y99.068
G1 X44.169 Y99.271
G1 X44.445 Y99.338
G1 X44.632 Y99.292
G1 X44.775 Y99.153
G1 X44.895 Y98.688
G1 X44.854 Y98.313
G1 X44.732 Y97.963
G1 X44.245 Y97.338
G1 X44.920 Y97.303
G1 X44.920 Y97.022
G1 X44.814 Y96.914
G1 X44.390 Y96.828
G1 X43.780 Y96.828
G1 X43.801 Y95.996
G1 X43.892 Y95.708
G1 X44.051 Y95.551
G1 X44.280 Y95.498
G1 X44.660 Y95.628
G1 X45.185 Y96.088
G1 X45.287 Y96.028
G1 X45.325 Y95.863
G1 X45.230 Y95.553
G1 X44.760 Y95.118
G1 X44.486 Y94.991
G1 X44.175 Y94.948
G1 X43.729 Y95.038
G1 X43.410 Y95.307
G1 X43.219 Y95.755
G1 X43.170 Y96.828
G1 X42.772 Y96.883
G0 Z5.000 F500.000
G0 X43.830 Y97.413 F3000.000
G1 Z1.000 F500.000
G4 P100
G1 X44.272 Y97.986 F1000.000
G1 X44.420 Y98.563
G1 X44.392 Y98.784
G1 X44.310 Y98.858
G1 X44.142 Y98.671
G1 X43.968 Y98.151
G1 X43.830 Y97.413
G0 Z5.000 F500.000
G0 X45.163 Y96.922 F3000.000
G1 Z1.000 F500.000
G4 P100
G1 X45.667 Y97.259 F1000.000
G1 X46.236 Y97.260
G1 X46.440 Y97.131
G1 X46.571 Y96.927
G1 X46.615 Y96.663
G1 X46.553 Y96.342
G1 X46.367 Y96.071
G1 X46.034 Y95.849
G1 X45.530 Y95.678
G1 X45.711 Y95.506
G1 X46.005 Y95.448
G1 X46.517 Y95.606
G1 X47.150 Y96.088
G1 X47.252 Y96.028
G1 X47.290 Y95.863
G1 X47.195 Y95.553
G1 X46.672 Y95.138
G1 X46.323 Y94.996
G1 X45.950 Y94.948
G1 X45.484 Y95.019
G1 X45.135 Y95.233
G1 X44.917 Y95.571
G1 X44.845 Y96.013
G1 X44.990 Y96.656
G1 X45.163 Y96.922
G0 Z5.000 F500.000
G0 X45.578 Y96.598 F3000.000
G1 Z1.000 F500.000
G4 P100
G1 X45.450 Y96.078 F1000.000
G1 X45.915 Y96.278
G1 X46.085 Y96.603
G1 X46.032 Y96.756
G1 X45.890 Y96.813
G1 X45.719 Y96.759
G1 X45.578 Y96.598
G0 Z5.000 F500.000
G0 X46.862 Y96.154 F3000.000
G1 Z1.000 F500.000
G4 P100
G1 X47.192 Y96.822 F1000.000
G1 X47.458 Y97.071
G1 X48.125 Y97.328
G1 X48.263 Y98.227
G1 X48.488 Y98.986
G1 X48.797 Y99.501
G1 X48.983 Y99.630
G1 X49.387 Y99.624
G1 X49.547 Y99.478
G1 X49.654 Y99.233
G1 X49.621 Y98.281
G1 X49.415 Y97.578
G1 X48.680 Y96.038
G1 X48.767 Y95.623
G1 X48.940 Y95.498
G1 X49.215 Y95.618
G1 X49.725 Y96.088
G1 X49.828 Y96.028
G1 X49.865 Y95.863
G1 X49.770 Y95.553
G1 X49.076 Y94.992
G1 X48.835 Y94.948
G1 X48.500 Y95.059
G1 X48.255 Y95.393
G1 X47.888 Y95.038
G1 X47.520 Y94.948
G1 X47.242 Y95.005
G1 X47.017 Y95.176
G1 X46.869 Y95.437
G1 X46.862 Y96.154
G0 Z5.000 F500.000
G0 X47.445 Y95.818 F3000.000
G1 Z1.000 F500.000
G4 P100
G1 X47.508 Y95.544 F1000.000
G1 X47.695 Y95.453
G1 X47.885 Y95.531
G1 X48.125 Y95.818
G1 X48.085 Y96.813
G1 X47.833 Y96.679
G1 X47.627 Y96.446
G1 X47.445 Y95.818
G0 Z5.000 F500.000
G0 X48.685 Y96.823 F3000.000
G1 Z1.000 F500.000
G4 P100
G1 X49.105 Y97.923 F1000.000
G1 X49.245 Y98.783
G1 X49.135 Y99.183
G1 X48.945 Y98.846
G1 X48.685 Y96.823
G0 Z5.000 F500.000
G0 X50.980 Y97.023 F3000.000
G1 Z1.000 F500.000
G4 P100
G1 X51.128 Y97.236 F1000.000
G1 X51.555 Y97.278
G1 X51.595 Y97.183
G1 X51.390 Y96.103
G1 X51.760 Y96.803
G1 X52.163 Y97.188
G1 X52.525 Y97.303
G1 X52.769 Y97.222
G1 X52.850 Y96.978
G1 X52.796 Y96.282
G1 X52.890 Y96.238
G1 X53.385 Y96.523
G1 X53.488 Y96.466
G1 X53.525 Y96.313
G1 X53.425 Y96.023
G1 X53.098 Y95.776
G1 X52.700 Y95.673
G1 X52.467 Y95.707
G1 X52.194 Y95.967
G1 X52.130 Y96.538
G1 X51.933 Y96.371
G1 X51.690 Y95.928
G1 X51.368 Y95.031
G1 X51.140 Y94.948
G1 X50.978 Y94.998
G1 X50.873 Y95.148
G1 X50.795 Y95.788
G1 X50.980 Y97.023
G0 Z5.000 F500.000
G0 X52.985 Y96.013 F3000.000
G1 Z1.000 F500.000
G4 P100
G1 X53.130 Y96.656 F1000.000
G1 X53.303 Y96.922
G1 X53.807 Y97.259
G1 X54.115 Y97.303
G1 X54.376 Y97.260
G1 X54.580 Y97.131
G1 X54.711 Y96.927
G1 X54.755 Y96.663
G1 X54.693 Y96.342
G1 X54.508 Y96.071
G1 X54.174 Y95.849
G1 X53.670 Y95.678
G1 X53.851 Y95.506
G1 X54.145 Y95.448
G1 X54.658 Y95.606
G1 X55.290 Y96.088
G1 X55.393 Y96.028
G1 X55.430 Y95.863
G1 X55.335 Y95.553
G1 X54.813 Y95.138
G1 X54.090 Y94.948
G1 X53.624 Y95.019
G1 X53.275 Y95.233
G1 X53.058 Y95.571
G1 X52.985 Y96.013
G0 Z5.000 F500.000
G0 X53.590 Y96.078 F3000.000
G1 Z1.000 F500.000
G4 P100
G1 X54.055 Y96.278 F1000.000
G1 X54.183 Y96.429
G1 X54.173 Y96.756
G1 X54.030 Y96.813
G1 X53.859 Y96.759
G1 X53.718 Y96.598
G1 X53.590 Y96.078
G0 Z5.000 F500.000
G0 X55.100 Y97.018 F3000.000
G1 Z1.000 F500.000
G4 P100
G1 X55.215 Y97.248 F1000.000
G1 X55.515 Y97.333
G1 X55.668 Y97.291
G1 X55.725 Y96.938
G1 X56.040 Y97.226
G1 X56.370 Y97.313
G1 X56.624 Y97.257
G1 X56.828 Y97.088
G1 X56.961 Y96.828
G1 X57.005 Y96.498
G1 X56.920 Y95.983
G1 X56.685 Y95.528
G1 X56.860 Y95.498
G1 X57.175 Y95.618
G1 X57.695 Y96.088
G1 X57.798 Y96.028
G1 X57.835 Y95.863
G1 X57.740 Y95.553
G1 X57.278 Y95.118
G1 X57.013 Y94.991
G1 X56.475 Y94.996
G1 X56.285 Y95.138
G1 X55.690 Y94.948
G1 X55.584 Y94.062
G1 X55.395 Y93.336
G1 X55.111 Y92.850
G1 X54.720 Y92.688
G1 X54.485 Y92.737
G1 X54.320 Y92.883
G1 X54.190 Y93.423
G1 X54.415 Y94.566
G1 X55.110 Y96.003
G1 X55.100 Y97.018
G0 Z5.000 F500.000
G0 X55.720 Y95.783 F3000.000
G1 Z1.000 F500.000
G4 P100
G1 X55.715 Y95.428 F1000.000
G1 X56.048 Y95.626
G1 X56.290 Y96.016
G1 X56.380 Y96.503
G1 X56.320 Y96.731
G1 X56.160 Y96.808
G1 X55.961 Y96.713
G1 X55.725 Y96.428
G1 X55.720 Y95.783
G0 Z5.000 F500.000
G0 X55.100 Y95.228 F3000.000
G1 Z1.000 F500.000
G4 P100
G1 X54.760 Y94.273 F1000.000
G1 X54.635 Y93.508
G1 X54.673 Y93.263
G1 X54.760 Y93.178
G1 X54.884 Y93.325
G1 X54.985 Y93.766
G1 X55.100 Y95.228
G0 Z5.000 F500.000
G0 X57.465 Y95.478 F3000.000
G1 Z1.000 F500.000
G4 P100
G1 X57.355 Y95.998 F1000.000
G1 X57.500 Y96.676
G1 X57.673 Y96.941
G1 X58.169 Y97.266
G1 X58.465 Y97.308
G1 X58.808 Y97.242
G1 X59.078 Y97.046
G1 X59.262 Y96.752
G1 X59.350 Y96.398
G1 X59.980 Y96.508
G1 X60.080 Y96.443
G1 X60.079 Y96.087
G1 X59.970 Y95.993
G1 X59.310 Y95.873
G1 X59.169 Y95.495
G1 X58.935 Y95.201
G1 X58.636 Y95.011
G1 X58.022 Y94.984
G1 X57.788 Y95.093
G1 X57.465 Y95.478
G0 Z5.000 F500.000
G0 X58.088 Y95.623 F3000.000
G1 Z1.000 F500.000
G4 P100
G1 X58.340 Y95.478 F1000.000
G1 X58.618 Y95.608
G1 X58.775 Y95.983
G1 X58.538 Y96.258
G1 X58.470 Y96.778
G1 X58.268 Y96.730
G1 X58.113 Y96.586
G1 X58.013 Y96.354
G1 X57.980 Y96.043
G1 X58.088 Y95.623
G0 Z5.000 F500.000
G0 X59.695 Y95.788 F3000.000
G1 Z1.000 F500.000
G4 P100
G1 X59.880 Y97.023 F1000.000
G1 X60.028 Y97.236
G1 X60.315 Y97.303
G1 X60.455 Y97.278
G1 X60.495 Y97.183
G1 X60.290 Y96.103
G1 X60.660 Y96.803
G1 X61.063 Y97.188
G1 X61.425 Y97.303
G1 X61.669 Y97.222
G1 X61.750 Y96.978
G1 X61.696 Y96.282
G1 X61.790 Y96.238
G1 X62.285 Y96.523
G1 X62.388 Y96.466
G1 X62.425 Y96.313
G1 X62.325 Y96.023
G1 X61.998 Y95.776
G1 X61.600 Y95.673
G1 X61.367 Y95.707
G1 X61.094 Y95.967
G1 X61.030 Y96.538
G1 X60.833 Y96.371
G1 X60.590 Y95.928
G1 X60.268 Y95.031
G1 X60.040 Y94.948
G1 X59.878 Y94.998
G1 X59.773 Y95.148
G1 X59.695 Y95.788
G0 Z5.000 F500.000
G0 X62.224 Y95.755 F3000.000
G1 Z1.000 F500.000
G4 P100
G1 X62.175 Y96.828 F1000.000
G1 X61.778 Y96.883
G1 X61.725 Y97.058
G1 X61.781 Y97.268
G1 X62.235 Y97.338
G1 X62.495 Y98.343
G1 X62.918 Y99.068
G1 X63.174 Y99.271
G1 X63.450 Y99.338
G1 X63.638 Y99.292
G1 X63.780 Y99.153
G1 X63.900 Y98.688
G1 X63.859 Y98.313
G1 X63.738 Y97.963
G1 X63.250 Y97.338
G1 X63.925 Y97.303
G1 X63.925 Y97.022
G1 X63.819 Y96.914
G1 X63.395 Y96.828
G1 X62.785 Y96.828
G1 X62.806 Y95.996
G1 X62.898 Y95.708
G1 X63.056 Y95.551
G1 X63.285 Y95.498
G1 X63.665 Y95.628
G1 X64.190 Y96.088
G1 X64.293 Y96.028
G1 X64.330 Y95.863
G1 X64.235 Y95.553
G1 X63.765 Y95.118
G1 X63.180 Y94.948
G1 X62.734 Y95.038
G1 X62.415 Y95.307
G1 X62.224 Y95.755
G0 Z5.000 F500.000
G0 X62.835 Y97.413 F3000.000
G1 Z1.000 F500.000
G4 P100
G1 X63.278 Y97.986 F1000.000
G1 X63.425 Y98.563
G1 X63.398 Y98.784
G1 X63.315 Y98.858
G1 X63.148 Y98.671
G1 X62.973 Y98.151
G1 X62.835 Y97.413
G0 Z5.000 F500.000
G0 X64.106 Y95.844 F3000.000
G1 Z1.000 F500.000
G4 P100
G1 X64.310 Y95.878 F1000.000
G1 X64.643 Y95.771
G1 X64.755 Y95.453
G1 X64.625 Y95.086
G1 X64.471 Y94.982
G1 X64.270 Y94.948
G1 X63.938 Y95.068
G1 X63.825 Y95.383
G1 X63.953 Y95.743
G1 X64.106 Y95.844
G0 Z5.000 F500.000
G0 X65.180 Y95.273 F3000.000
G1 Z1.000 F500.000
G4 P100
G1 X65.385 Y97.023 F1000.000
G1 X65.495 Y97.236
G1 X65.770 Y97.303
G1 X65.968 Y97.258
G1 X66.015 Y97.133
G1 X65.800 Y95.518
G1 X66.645 Y96.078
G1 X66.748 Y96.016
G1 X66.750 Y95.678
G1 X65.705 Y94.928
G1 X65.481 Y93.999
G1 X65.200 Y93.293
G1 X64.848 Y92.847
G1 X64.410 Y92.698
G1 X64.176 Y92.737
G1 X63.874 Y93.037
G1 X63.835 Y93.268
G1 X63.904 Y93.635
G1 X64.110 Y94.026
G1 X64.506 Y94.475
G1 X65.145 Y95.018
G1 X65.180 Y95.273
G0 Z5.000 F500.000
G0 X65.040 Y94.428 F3000.000
G1 Z1.000 F500.000
G4 P100
G1 X64.493 Y93.841 F1000.000
G1 X64.325 Y93.378
G1 X64.360 Y93.232
G1 X64.465 Y93.183
G1 X64.601 Y93.257
G1 X64.750 Y93.478
G1 X65.040 Y94.428
G0 Z5.000 F500.000
G0 X65.745 Y97.633 F3000.000
G1 Z1.000 F500.000
G4 P100
G1 X65.430 Y97.731 F1000.000
G1 X65.325 Y98.003
G1 X65.463 Y98.296
G1 X65.805 Y98.413
G1 X66.105 Y98.323
G1 X66.220 Y98.068
G1 X66.090 Y97.751
G1 X65.745 Y97.633
G0 Z5.000 F500.000
G0 X67.160 Y97.138 F3000.000
G1 Z1.000 F500.000
G4 P100
G1 X67.306 Y97.303 F1000.000
G1 X67.555 Y97.358
G1 X67.750 Y97.333
G1 X67.805 Y97.253
G1 X67.640 Y96.723
G1 X68.098 Y95.976
G1 X68.170 Y95.513
G1 X68.745 Y96.018
G1 X68.880 Y96.088
G1 X68.983 Y96.028
G1 X69.020 Y95.863
G1 X68.925 Y95.553
G1 X68.448 Y95.131
G1 X67.410 Y94.838
G1 X67.013 Y94.958
G1 X66.875 Y95.228
G1 X66.970 Y95.453
G1 X67.250 Y95.548
G1 X67.535 Y95.518
G1 X67.478 Y95.763
G1 X67.195 Y96.173
G1 X66.555 Y95.313
G1 X66.365 Y95.223
G1 X66.235 Y95.281
G1 X66.185 Y95.423
G1 X66.255 Y95.608
G1 X66.735 Y96.248
G1 X67.160 Y97.138
G0 Z5.000 F500.000
G0 X68.540 Y95.998 F3000.000
G1 Z1.000 F500.000
G4 P100
G1 X68.685 Y96.676 F1000.000
G1 X68.858 Y96.941
G1 X69.354 Y97.266
G1 X69.650 Y97.308
G1 X69.993 Y97.242
G1 X70.263 Y97.046
G1 X70.447 Y96.752
G1 X70.535 Y96.398
G1 X71.165 Y96.508
G1 X71.265 Y96.443
G1 X71.300 Y96.278
G1 X71.264 Y96.087
G1 X71.155 Y95.993
G1 X70.495 Y95.873
G1 X70.354 Y95.495
G1 X70.120 Y95.201
G1 X69.821 Y95.011
G1 X69.485 Y94.948
G1 X68.973 Y95.093
G1 X68.650 Y95.478
G1 X68.540 Y95.998
G0 Z5.000 F500.000
G0 X69.273 Y95.623 F3000.000
G1 Z1.000 F500.000
G4 P100
G1 X69.525 Y95.478 F1000.000
G1 X69.803 Y95.608
G1 X69.960 Y95.983
G1 X69.723 Y96.258
G1 X69.655 Y96.778
G1 X69.453 Y96.730
G1 X69.298 Y96.586
G1 X69.198 Y96.354
G1 X69.165 Y96.043
G1 X69.273 Y95.623
G0 Z5.000 F500.000
G0 X70.880 Y95.788 F3000.000
G1 Z1.000 F500.000
G4 P100
G1 X71.065 Y97.023 F1000.000
G1 X71.213 Y97.236
G1 X71.500 Y97.303
G1 X71.640 Y97.278
G1 X71.680 Y97.183
G1 X71.475 Y96.103
G1 X71.845 Y96.803
G1 X72.248 Y97.188
G1 X72.610 Y97.303
G1 X72.854 Y97.222
G1 X72.935 Y96.978
G1 X72.730 Y95.698
G1 X72.766 Y95.548
G1 X72.875 Y95.498
G1 X73.113 Y95.621
G1 X73.615 Y96.088
G1 X73.718 Y96.028
G1 X73.755 Y95.863
G1 X73.660 Y95.553
G1 X73.198 Y95.118
G1 X72.635 Y94.948
G1 X72.411 Y94.985
G1 X72.153 Y95.276
G1 X72.120 Y95.523
G1 X72.255 Y96.458
G1 X72.200 Y96.538
G1 X72.018 Y96.371
G1 X71.778 Y95.928
G1 X71.453 Y95.031
G1 X71.225 Y94.948
G1 X71.063 Y94.998
G1 X70.958 Y95.148
G1 X70.880 Y95.788
G0 Z5.000 F500.000
G0 X74.595 Y95.958 F3000.000
G1 Z1.000 F500.000
G4 P100
G1 X74.635 Y96.338 F1000.000
G1 X74.939 Y96.938
G1 X75.170 Y97.138
G1 X75.705 Y97.303
G1 X76.133 Y97.141
G1 X76.285 Y96.723
G1 X76.193 Y96.368
G1 X75.950 Y96.223
G1 X75.798 Y96.268
G1 X75.740 Y96.393
G1 X75.758 Y96.778
G1 X75.665 Y96.813
G1 X75.450 Y96.711
G1 X75.290 Y96.433
G1 X75.230 Y96.048
G1 X75.356 Y95.613
G1 X75.735 Y95.468
G1 X76.178 Y95.606
G1 X76.780 Y96.088
G1 X76.883 Y96.028
G1 X76.920 Y95.863
G1 X76.825 Y95.553
G1 X76.567 Y95.296
G1 X76.263 Y95.106
G1 X75.630 Y94.948
G1 X75.194 Y95.017
G1 X74.868 Y95.226
G1 X74.663 Y95.547
G1 X74.595 Y95.958
G0 Z5.000 F500.000
G0 X76.440 Y95.998 F3000.000
G1 Z1.000 F500.000
G4 P100
G1 X76.585 Y96.676 F1000.000
G1 X76.758 Y96.941
G1 X77.254 Y97.266
G1 X77.550 Y97.308
G1 X77.893 Y97.242
G1 X78.163 Y97.046
G1 X78.347 Y96.752
G1 X78.435 Y96.398
G1 X79.065 Y96.508
G1 X79.165 Y96.443
G1 X79.200 Y96.278
G1 X79.164 Y96.087
G1 X79.055 Y95.993
G1 X78.395 Y95.873
G1 X78.254 Y95.495
G1 X78.020 Y95.201
G1 X77.721 Y95.011
G1 X77.385 Y94.948
G1 X76.873 Y95.093
G1 X76.550 Y95.478
G1 X76.440 Y95.998
G0 Z5.000 F500.000
G0 X77.173 Y95.623 F3000.000
G1 Z1.000 F500.000
G4 P100
G1 X77.425 Y95.478 F1000.000
G1 X77.703 Y95.608
G1 X77.860 Y95.983
G1 X77.623 Y96.258
G1 X77.555 Y96.778
G1 X77.353 Y96.730
G1 X77.198 Y96.586
G1 X77.098 Y96.354
G1 X77.065 Y96.043
G1 X77.173 Y95.623
G0 Z5.000 F500.000
G0 X78.780 Y95.788 F3000.000
G1 Z1.000 F500.000
G4 P100
G1 X78.965 Y97.023 F1000.000
G1 X79.113 Y97.236
G1 X79.400 Y97.303
G1 X79.540 Y97.278
G1 X79.580 Y97.183
G1 X79.375 Y96.103
G1 X79.745 Y96.803
G1 X80.148 Y97.188
G1 X80.510 Y97.303
G1 X80.754 Y97.222
G1 X80.835 Y96.978
G1 X80.630 Y95.698
G1 X80.666 Y95.548
G1 X80.775 Y95.498
G1 X81.013 Y95.621
G1 X81.515 Y96.088
G1 X81.618 Y96.028
G1 X81.655 Y95.863
G1 X81.560 Y95.553
G1 X81.098 Y95.118
G1 X80.535 Y94.948
G1 X80.311 Y94.985
G1 X80.053 Y95.276
G1 X80.020 Y95.523
G1 X80.155 Y96.458
G1 X80.100 Y96.538
G1 X79.918 Y96.371
G1 X79.678 Y95.928
G1 X79.353 Y95.031
G1 X79.125 Y94.948
G1 X78.963 Y94.998
G1 X78.858 Y95.148
G1 X78.780 Y95.788
G0 Z5.000 F500.000
G0 X81.514 Y95.755 F3000.000
G1 Z1.000 F500.000
G4 P100
G1 X81.465 Y96.828 F1000.000
G1 X81.068 Y96.883
G1 X81.015 Y97.058
G1 X81.071 Y97.268
G1 X81.525 Y97.338
G1 X81.785 Y98.343
G1 X82.208 Y99.068
G1 X82.464 Y99.271
G1 X82.740 Y99.338
G1 X82.928 Y99.292
G1 X83.070 Y99.153
G1 X83.190 Y98.688
G1 X83.149 Y98.313
G1 X83.028 Y97.963
G1 X82.540 Y97.338
G1 X83.215 Y97.303
G1 X83.215 Y97.022
G1 X83.109 Y96.914
G1 X82.685 Y96.828
G1 X82.075 Y96.828
G1 X82.096 Y95.996
G1 X82.188 Y95.708
G1 X82.346 Y95.551
G1 X82.575 Y95.498
G1 X82.955 Y95.628
G1 X83.480 Y96.088
G1 X83.583 Y96.028
G1 X83.620 Y95.863
G1 X83.525 Y95.553
G1 X83.055 Y95.118
G1 X82.470 Y94.948
G1 X82.024 Y95.038
G1 X81.705 Y95.307
G1 X81.514 Y95.755
G0 Z5.000 F500.000
G0 X82.125 Y97.413 F3000.000
G1 Z1.000 F500.000
G4 P100
G1 X82.568 Y97.986 F1000.000
G1 X82.715 Y98.563
G1 X82.688 Y98.784
G1 X82.605 Y98.858
G1 X82.438 Y98.671
G1 X82.263 Y98.151
G1 X82.125 Y97.413
G0 Z5.000 F500.000
G0 X83.551 Y96.843 F3000.000
G1 Z1.000 F500.000
G4 P100
G1 X84.144 Y97.259 F1000.000
G1 X84.480 Y97.313
G1 X84.628 Y97.271
G1 X84.690 Y97.118
G1 X85.094 Y97.094
G1 X85.155 Y96.963
G1 X84.965 Y95.663
G1 X85.003 Y95.543
G1 X85.100 Y95.498
G1 X85.330 Y95.621
G1 X85.830 Y96.088
G1 X85.933 Y96.028
G1 X85.970 Y95.863
G1 X85.875 Y95.553
G1 X85.440 Y95.123
G1 X84.995 Y94.948
G1 X84.693 Y95.061
G1 X84.485 Y95.368
G1 X84.191 Y95.053
G1 X83.830 Y94.948
G1 X83.551 Y95.004
G1 X83.335 Y95.173
G1 X83.196 Y95.433
G1 X83.150 Y95.763
G1 X83.196 Y96.152
G1 X83.551 Y96.843
G0 Z5.000 F500.000
G0 X83.880 Y96.288 F3000.000
G1 Z1.000 F500.000
G4 P100
G1 X83.775 Y95.758 F1000.000
G1 X83.838 Y95.528
G1 X84.010 Y95.453
G1 X84.220 Y95.583
G1 X84.365 Y95.928
G1 X84.550 Y96.848
G1 X84.163 Y96.691
G1 X83.880 Y96.288
G0 Z5.000 F500.000
G0 X85.618 Y96.366 F3000.000
G1 Z1.000 F500.000
G4 P100
G1 X85.765 Y97.023 F1000.000
G1 X85.885 Y97.243
G1 X86.125 Y97.303
G1 X86.316 Y97.261
G1 X86.380 Y97.133
G1 X86.165 Y95.808
G1 X86.205 Y95.578
G1 X86.340 Y95.498
G1 X86.565 Y95.623
G1 X87.060 Y96.088
G1 X87.163 Y96.028
G1 X87.200 Y95.863
G1 X87.105 Y95.553
G1 X86.626 Y95.099
G1 X86.180 Y94.948
G1 X85.899 Y95.006
G1 X85.708 Y95.178
G1 X85.597 Y95.446
G1 X85.618 Y96.366
G0 Z5.000 F500.000
G0 X86.220 Y97.633 F3000.000
G1 Z1.000 F500.000
G4 P100
G1 X85.905 Y97.731 F1000.000
G1 X85.800 Y98.003
G1 X85.938 Y98.296
G1 X86.280 Y98.413
G1 X86.580 Y98.323
G1 X86.695 Y98.068
G1 X86.565 Y97.751
G1 X86.220 Y97.633
G0 Z5.000 F500.000
G0 X87.138 Y97.236 F3000.000
G1 Z1.000 F500.000
G4 P100
G1 X87.425 Y97.303 F1000.000
G1 X87.565 Y97.278
G1 X87.605 Y97.183
G1 X87.400 Y96.103
G1 X87.770 Y96.803
G1 X88.173 Y97.188
G1 X88.535 Y97.303
G1 X88.779 Y97.222
G1 X88.860 Y96.978
G1 X88.655 Y95.698
G1 X88.691 Y95.548
G1 X88.800 Y95.498
G1 X89.038 Y95.621
G1 X89.540 Y96.088
G1 X89.643 Y96.028
G1 X89.680 Y95.863
G1 X89.585 Y95.553
G1 X89.123 Y95.118
G1 X88.858 Y94.991
G1 X88.336 Y94.985
G1 X88.078 Y95.276
G1 X88.045 Y95.523
G1 X88.180 Y96.458
G1 X88.125 Y96.538
G1 X87.943 Y96.371
G1 X87.703 Y95.928
G1 X87.378 Y95.031
G1 X87.150 Y94.948
G1 X86.988 Y94.998
G1 X86.883 Y95.148
G1 X86.805 Y95.788
G1 X86.851 Y96.422
G1 X86.990 Y97.023
G1 X87.138 Y97.236
G0 Z5.000 F500.000
G0 X89.050 Y95.608 F3000.000
G1 Z1.000 F500.000
G4 P100
G1 X89.530 Y96.248 F1000.000
G1 X89.955 Y97.138
G1 X90.101 Y97.303
G1 X90.350 Y97.358
G1 X90.545 Y97.333
G1 X90.600 Y97.253
G1 X90.435 Y96.723
G1 X90.893 Y95.976
G1 X90.965 Y95.513
G1 X91.675 Y96.088
G1 X91.778 Y96.028
G1 X91.815 Y95.863
G1 X91.720 Y95.553
G1 X91.243 Y95.131
G1 X90.205 Y94.838
G1 X89.808 Y94.958
G1 X89.670 Y95.228
G1 X89.765 Y95.453
G1 X90.045 Y95.548
G1 X90.330 Y95.518
G1 X90.273 Y95.763
G1 X89.990 Y96.173
G1 X89.350 Y95.313
G1 X89.160 Y95.223
G1 X89.030 Y95.281
G1 X88.980 Y95.423
G1 X89.050 Y95.608
G0 Z5.000 F500.000
G0 X21.875 Y85.766 F3000.000
G1 Z1.000 F500.000
G4 P100
G1 X21.780 Y85.456 F1000.000
G1 X21.301 Y85.002
G1 X20.855 Y84.851
G1 X20.574 Y84.909
G1 X20.383 Y85.081
G1 X20.235 Y85.691
G1 X20.293 Y86.269
G1 X20.440 Y86.926
G1 X20.560 Y87.146
G1 X20.800 Y87.206
G1 X20.991 Y87.164
G1 X21.055 Y87.036
G1 X20.840 Y85.711
G1 X20.880 Y85.481
G1 X21.015 Y85.401
G1 X21.240 Y85.526
G1 X21.735 Y85.991
G1 X21.837 Y85.931
G1 X21.875 Y85.766
G0 Z5.000 F500.000
G0 X21.240 Y87.654 F3000.000
G1 Z1.000 F500.000
G4 P100
G1 X20.895 Y87.536 F1000.000
G1 X20.580 Y87.634
G1 X20.475 Y87.906
G1 X20.613 Y88.199
G1 X20.955 Y88.316
G1 X21.255 Y88.226
G1 X21.370 Y87.971
G1 X21.240 Y87.654
G0 Z5.000 F500.000
G0 X21.812 Y87.139 F3000.000
G1 Z1.000 F500.000
G4 P100
G1 X22.100 Y87.206 F1000.000
G1 X22.240 Y87.181
G1 X22.280 Y87.086
G1 X22.075 Y86.011
G1 X22.398 Y86.671
G1 X22.782 Y87.074
G1 X23.155 Y87.206
G1 X23.402 Y87.126
G1 X23.475 Y86.881
G1 X23.325 Y86.031
G1 X23.589 Y86.562
G1 X23.880 Y86.926
G1 X24.175 Y87.136
G1 X24.450 Y87.206
G1 X24.694 Y87.125
G1 X24.775 Y86.881
G1 X24.570 Y85.601
G1 X24.606 Y85.451
G1 X24.715 Y85.401
G1 X24.953 Y85.524
G1 X25.455 Y85.991
G1 X25.558 Y85.931
G1 X25.595 Y85.766
G1 X25.500 Y85.456
G1 X25.038 Y85.021
G1 X24.773 Y84.894
G1 X24.251 Y84.888
G1 X23.992 Y85.179
G1 X23.960 Y85.426
G1 X24.095 Y86.361
G1 X24.040 Y86.441
G1 X23.855 Y86.274
G1 X23.615 Y85.831
G1 X23.293 Y84.931
G1 X23.060 Y84.851
G1 X22.916 Y84.890
G1 X22.812 Y85.009
G1 X22.730 Y85.391
G1 X22.820 Y86.361
G1 X22.765 Y86.441
G1 X22.575 Y86.261
G1 X22.352 Y85.801
G1 X22.053 Y84.934
G1 X21.825 Y84.851
G1 X21.663 Y84.901
G1 X21.558 Y85.051
G1 X21.480 Y85.691
G1 X21.526 Y86.325
G1 X21.665 Y86.926
G1 X21.812 Y87.139
G0 Z5.000 F500.000
G0 X25.265 Y86.921 F3000.000
G1 Z1.000 F500.000
G4 P100
G1 X25.380 Y87.151 F1000.000
G1 X25.680 Y87.236
G1 X25.832 Y87.194
G1 X25.890 Y86.841
G1 X26.205 Y87.129
G1 X26.535 Y87.216
G1 X26.789 Y87.160
G1 X26.992 Y86.991
G1 X27.126 Y86.731
G1 X27.170 Y86.401
G1 X27.085 Y85.886
G1 X26.850 Y85.431
G1 X27.025 Y85.401
G1 X27.340 Y85.521
G1 X27.860 Y85.991
G1 X27.962 Y85.931
G1 X28.000 Y85.766
G1 X27.905 Y85.456
G1 X27.443 Y85.021
G1 X27.178 Y84.894
G1 X26.640 Y84.899
G1 X26.450 Y85.041
G1 X25.855 Y84.851
G1 X25.749 Y83.965
G1 X25.560 Y83.239
G1 X25.276 Y82.753
G1 X24.885 Y82.591
G1 X24.650 Y82.640
G1 X24.485 Y82.786
G1 X24.355 Y83.326
G1 X24.580 Y84.469
G1 X25.275 Y85.906
G1 X25.265 Y86.921
G0 Z5.000 F500.000
G0 X25.885 Y85.686 F3000.000
G1 Z1.000 F500.000
G4 P100
G1 X25.880 Y85.331 F1000.000
G1 X26.213 Y85.529
G1 X26.455 Y85.919
G1 X26.545 Y86.406
G1 X26.485 Y86.634
G1 X26.325 Y86.711
G1 X26.126 Y86.616
G1 X25.890 Y86.331
G1 X25.885 Y85.686
G0 Z5.000 F500.000
G0 X25.265 Y85.131 F3000.000
G1 Z1.000 F500.000
G4 P100
G1 X24.925 Y84.176 F1000.000
G1 X24.800 Y83.411
G1 X24.838 Y83.166
G1 X24.925 Y83.081
G1 X25.049 Y83.228
G1 X25.150 Y83.669
G1 X25.265 Y85.131
G0 Z5.000 F500.000
G0 X27.630 Y85.381 F3000.000
G1 Z1.000 F500.000
G4 P100
G1 X27.520 Y85.901 F1000.000
G1 X27.665 Y86.579
G1 X27.837 Y86.844
G1 X28.334 Y87.169
G1 X28.630 Y87.211
G1 X28.973 Y87.145
G1 X29.242 Y86.949
G1 X29.427 Y86.655
G1 X29.515 Y86.301
G1 X30.145 Y86.411
G1 X30.245 Y86.346
G1 X30.244 Y85.990
G1 X30.135 Y85.896
G1 X29.475 Y85.776
G1 X29.334 Y85.398
G1 X29.100 Y85.104
G1 X28.801 Y84.914
G1 X28.187 Y84.887
G1 X27.953 Y84.996
G1 X27.630 Y85.381
G0 Z5.000 F500.000
G0 X28.252 Y85.526 F3000.000
G1 Z1.000 F500.000
G4 P100
G1 X28.505 Y85.381 F1000.000
G1 X28.782 Y85.511
G1 X28.940 Y85.886
G1 X28.703 Y86.161
G1 X28.635 Y86.681
G1 X28.433 Y86.633
G1 X28.277 Y86.489
G1 X28.178 Y86.257
G1 X28.145 Y85.946
G1 X28.252 Y85.526
G0 Z5.000 F500.000
G0 X29.860 Y85.691 F3000.000
G1 Z1.000 F500.000
G4 P100
G1 X30.045 Y86.926 F1000.000
G1 X30.192 Y87.139
G1 X30.480 Y87.206
G1 X30.620 Y87.181
G1 X30.660 Y87.086
G1 X30.455 Y86.006
G1 X30.825 Y86.706
G1 X31.227 Y87.091
G1 X31.590 Y87.206
G1 X31.834 Y87.125
G1 X31.915 Y86.881
G1 X31.861 Y86.185
G1 X31.955 Y86.141
G1 X32.450 Y86.426
G1 X32.553 Y86.369
G1 X32.590 Y86.216
G1 X32.490 Y85.926
G1 X32.163 Y85.679
G1 X31.765 Y85.576
G1 X31.532 Y85.610
G1 X31.259 Y85.870
G1 X31.195 Y86.441
G1 X30.998 Y86.274
G1 X30.755 Y85.831
G1 X30.432 Y84.934
G1 X30.205 Y84.851
G1 X30.043 Y84.901
G1 X29.938 Y85.051
G1 X29.860 Y85.691
G0 Z5.000 F500.000
G0 X32.389 Y85.658 F3000.000
G1 Z1.000 F500.000
G4 P100
G1 X32.340 Y86.731 F1000.000
G1 X31.942 Y86.786
G1 X31.890 Y86.961
G1 X31.946 Y87.171
G1 X32.400 Y87.241
G1 X32.660 Y88.246
G1 X33.082 Y88.971
G1 X33.339 Y89.174
G1 X33.615 Y89.241
G1 X33.802 Y89.195
G1 X33.945 Y89.056
G1 X34.065 Y88.591
G1 X34.024 Y88.216
G1 X33.902 Y87.866
G1 X33.415 Y87.241
G1 X34.090 Y87.206
G1 X34.090 Y86.925
G1 X33.984 Y86.817
G1 X33.560 Y86.731
G1 X32.950 Y86.731
G1 X32.971 Y85.899
G1 X33.062 Y85.611
G1 X33.221 Y85.454
G1 X33.450 Y85.401
G1 X33.830 Y85.531
G1 X34.355 Y85.991
G1 X34.457 Y85.931
G1 X34.495 Y85.766
G1 X34.400 Y85.456
G1 X33.930 Y85.021
G1 X33.345 Y84.851
G1 X32.899 Y84.941
G1 X32.580 Y85.210
G1 X32.389 Y85.658
G0 Z5.000 F500.000
G0 X33.000 Y87.316 F3000.000
G1 Z1.000 F500.000
G4 P100
G1 X33.442 Y87.889 F1000.000
G1 X33.590 Y88.466
G1 X33.562 Y88.687
G1 X33.480 Y88.761
G1 X33.312 Y88.574
G1 X33.138 Y88.054
G1 X33.000 Y87.316
G0 Z5.000 F500.000
G0 X33.965 Y85.391 F3000.000
G1 Z1.000 F500.000
G4 P100
G1 X36.060 Y89.326 F1000.000
G1 X36.197 Y89.496
G1 X36.355 Y89.551
G1 X36.552 Y89.459
G1 X36.635 Y89.231
G1 X36.580 Y89.026
G1 X34.328 Y84.891
G1 X34.185 Y84.851
G1 X33.983 Y84.934
G1 X33.895 Y85.151
G1 X33.965 Y85.391
G0 Z5.000 F500.000
G0 X36.723 Y85.710 F3000.000
G1 Z1.000 F500.000
G4 P100
G1 X36.670 Y86.286 F1000.000
G1 X36.827 Y87.676
G1 X37.022 Y88.401
G1 X37.292 Y89.016
G1 X37.629 Y89.436
G1 X38.025 Y89.576
G1 X38.239 Y89.520
G1 X38.402 Y89.354
G1 X38.506 Y89.083
G1 X38.540 Y88.716
G1 X38.457 Y88.074
G1 X38.210 Y87.336
G1 X37.821 Y86.555
G1 X37.315 Y85.781
G1 X37.430 Y85.489
G1 X37.640 Y85.401
G1 X38.000 Y85.519
G1 X38.530 Y85.991
G1 X38.632 Y85.931
G1 X38.670 Y85.766
G1 X38.575 Y85.456
G1 X38.107 Y85.021
G1 X37.535 Y84.851
G1 X37.152 Y84.951
G1 X36.882 Y85.251
G1 X36.723 Y85.710
G0 Z5.000 F500.000
G0 X37.280 Y86.456 F3000.000
G1 Z1.000 F500.000
G4 P100
G1 X37.845 Y87.629 F1000.000
G1 X38.002 Y88.190
G1 X38.055 Y88.701
G1 X38.020 Y88.986
G1 X37.915 Y89.081
G1 X37.655 Y88.666
G1 X37.400 Y87.636
G1 X37.280 Y86.456
G0 Z5.000 F500.000
G0 X38.601 Y86.746 F3000.000
G1 Z1.000 F500.000
G4 P100
G1 X39.194 Y87.162 F1000.000
G1 X39.530 Y87.216
G1 X39.677 Y87.174
G1 X39.740 Y87.021
G1 X40.144 Y86.997
G1 X40.205 Y86.866
G1 X40.015 Y85.566
G1 X40.052 Y85.446
G1 X40.150 Y85.401
G1 X40.380 Y85.524
G1 X40.880 Y85.991
G1 X40.982 Y85.931
G1 X41.020 Y85.766
G1 X40.925 Y85.456
G1 X40.490 Y85.026
G1 X40.045 Y84.851
G1 X39.742 Y84.964
G1 X39.535 Y85.271
G1 X39.241 Y84.956
G1 X38.880 Y84.851
G1 X38.601 Y84.907
G1 X38.385 Y85.076
G1 X38.246 Y85.336
G1 X38.200 Y85.666
G1 X38.246 Y86.055
G1 X38.601 Y86.746
G0 Z5.000 F500.000
G0 X38.930 Y86.191 F3000.000
G1 Z1.000 F500.000
G4 P100
G1 X38.825 Y85.661 F1000.000
G1 X38.887 Y85.431
G1 X39.060 Y85.356
G1 X39.270 Y85.486
G1 X39.415 Y85.831
G1 X39.600 Y86.751
G1 X39.212 Y86.594
G1 X38.930 Y86.191
G0 Z5.000 F500.000
G0 X40.665 Y86.264 F3000.000
G1 Z1.000 F500.000
G4 P100
G1 X40.830 Y86.926 F1000.000
G1 X40.970 Y87.141
G1 X41.407 Y87.171
G1 X41.450 Y87.066
G1 X41.215 Y85.761
G1 X41.320 Y85.571
G1 X41.507 Y85.721
G1 X41.747 Y86.176
G1 X42.117 Y87.141
G1 X42.525 Y87.176
G1 X42.570 Y87.076
G1 X42.310 Y85.411
G1 X43.060 Y85.941
G1 X43.175 Y85.981
G1 X43.277 Y85.919
G1 X43.315 Y85.761
G1 X43.170 Y85.466
G1 X42.210 Y84.821
G1 X41.991 Y83.897
G1 X41.712 Y83.194
G1 X41.363 Y82.749
G1 X40.930 Y82.601
G1 X40.699 Y82.640
G1 X40.395 Y82.940
G1 X40.355 Y83.171
G1 X40.462 Y83.651
G1 X40.862 Y84.214
G1 X41.690 Y84.941
G1 X41.785 Y85.586
G1 X41.505 Y85.039
G1 X41.125 Y84.851
G1 X40.921 Y84.903
G1 X40.651 Y85.292
G1 X40.665 Y86.264
G0 Z5.000 F500.000
G0 X41.575 Y84.341 F3000.000
G1 Z1.000 F500.000
G4 P100
G1 X41.017 Y83.749 F1000.000
G1 X40.845 Y83.281
G1 X40.877 Y83.141
G1 X40.985 Y83.086
G1 X41.117 Y83.159
G1 X41.265 Y83.376
G1 X41.575 Y84.341
G0 Z5.000 F500.000
G0 X43.367 Y84.996 F3000.000
G1 Z1.000 F500.000
G4 P100
G1 X43.045 Y85.381 F1000.000
G1 X42.935 Y85.901
G1 X43.080 Y86.579
G1 X43.480 Y87.044
G1 X44.045 Y87.211
G1 X44.388 Y87.145
G1 X44.657 Y86.949
G1 X44.842 Y86.655
G1 X44.930 Y86.301
G1 X45.560 Y86.411
G1 X45.660 Y86.346
G1 X45.659 Y85.990
G1 X45.550 Y85.896
G1 X44.890 Y85.776
G1 X44.749 Y85.398
G1 X44.515 Y85.104
G1 X44.216 Y84.914
G1 X43.880 Y84.851
G1 X43.367 Y84.996
G0 Z5.000 F500.000
G0 X43.920 Y85.381 F3000.000
G1 Z1.000 F500.000
G4 P100
G1 X44.197 Y85.511 F1000.000
G1 X44.355 Y85.886
G1 X44.117 Y86.161
G1 X44.050 Y86.681
G1 X43.848 Y86.633
G1 X43.692 Y86.489
G1 X43.560 Y85.946
G1 X43.667 Y85.526
G1 X43.920 Y85.381
G0 Z5.000 F500.000
G0 X45.265 Y85.576 F3000.000
G1 Z1.000 F500.000
G4 P100
G1 X45.315 Y86.264 F1000.000
G1 X45.480 Y86.926
G1 X45.620 Y87.141
G1 X45.905 Y87.206
G1 X46.058 Y87.171
G1 X46.100 Y87.066
G1 X45.890 Y85.614
G1 X45.970 Y85.571
G1 X46.157 Y85.721
G1 X46.767 Y87.141
G1 X47.015 Y87.206
G1 X47.175 Y87.179
G1 X47.220 Y87.076
G1 X46.955 Y85.601
G1 X46.995 Y85.454
G1 X47.100 Y85.401
G1 X47.337 Y85.524
G1 X47.840 Y85.991
G1 X47.942 Y85.931
G1 X47.980 Y85.766
G1 X47.885 Y85.456
G1 X47.422 Y85.021
G1 X46.860 Y84.851
G1 X46.652 Y84.897
G1 X46.507 Y85.036
G1 X46.395 Y85.556
G1 X46.140 Y85.034
G1 X45.775 Y84.851
G1 X45.571 Y84.903
G1 X45.301 Y85.292
G1 X45.265 Y85.576
G0 Z5.000 F500.000
G0 X47.839 Y85.658 F3000.000
G1 Z1.000 F500.000
G4 P100
G1 X47.790 Y86.731 F1000.000
G1 X47.392 Y86.786
G1 X47.340 Y86.961
G1 X47.396 Y87.171
G1 X47.850 Y87.241
G1 X48.110 Y88.246
G1 X48.532 Y88.971
G1 X48.789 Y89.174
G1 X49.065 Y89.241
G1 X49.252 Y89.195
G1 X49.395 Y89.056
G1 X49.515 Y88.591
G1 X49.474 Y88.216
G1 X49.352 Y87.866
G1 X48.865 Y87.241
G1 X49.540 Y87.206
G1 X49.540 Y86.925
G1 X49.434 Y86.817
G1 X49.010 Y86.731
G1 X48.400 Y86.731
G1 X48.421 Y85.899
G1 X48.513 Y85.611
G1 X48.671 Y85.454
G1 X48.900 Y85.401
G1 X49.280 Y85.531
G1 X49.805 Y85.991
G1 X49.907 Y85.931
G1 X49.945 Y85.766
G1 X49.850 Y85.456
G1 X49.380 Y85.021
G1 X48.795 Y84.851
G1 X48.349 Y84.941
G1 X48.030 Y85.210
G1 X47.839 Y85.658
G0 Z5.000 F500.000
G0 X48.450 Y87.316 F3000.000
G1 Z1.000 F500.000
G4 P100
G1 X48.892 Y87.889 F1000.000
G1 X49.040 Y88.466
G1 X49.013 Y88.687
G1 X48.930 Y88.761
G1 X48.763 Y88.574
G1 X48.588 Y88.054
G1 X48.450 Y87.316
G0 Z5.000 F500.000
G0 X49.415 Y85.391 F3000.000
G1 Z1.000 F500.000
G4 P100
G1 X51.510 Y89.326 F1000.000
G1 X51.648 Y89.496
G1 X51.805 Y89.551
G1 X52.003 Y89.459
G1 X52.085 Y89.231
G1 X52.030 Y89.026
G1 X49.778 Y84.891
G1 X49.635 Y84.851
G1 X49.433 Y84.934
G1 X49.345 Y85.151
G1 X49.415 Y85.391
G0 Z5.000 F500.000
G0 X51.790 Y85.326 F3000.000
G1 Z1.000 F500.000
G4 P100
G1 X52.340 Y86.151 F1000.000
G1 X52.765 Y87.041
G1 X52.911 Y87.206
G1 X53.160 Y87.261
G1 X53.355 Y87.236
G1 X53.410 Y87.156
G1 X53.245 Y86.626
G1 X53.703 Y85.879
G1 X53.775 Y85.416
G1 X54.485 Y85.991
G1 X54.588 Y85.931
G1 X54.625 Y85.766
G1 X54.530 Y85.456
G1 X54.053 Y85.034
G1 X53.015 Y84.741
G1 X52.618 Y84.861
G1 X52.480 Y85.131
G1 X52.575 Y85.356
G1 X52.855 Y85.451
G1 X53.140 Y85.421
G1 X53.083 Y85.666
G1 X52.800 Y86.076
G1 X52.160 Y85.216
G1 X51.970 Y85.126
G1 X51.840 Y85.184
G1 X51.790 Y85.326
G0 Z5.000 F500.000
G0 X54.218 Y85.474 F3000.000
G1 Z1.000 F500.000
G4 P100
G1 X54.145 Y85.916 F1000.000
G1 X54.290 Y86.559
G1 X54.693 Y87.031
G1 X55.275 Y87.206
G1 X55.536 Y87.163
G1 X55.740 Y87.034
G1 X55.871 Y86.830
G1 X55.915 Y86.566
G1 X55.853 Y86.245
G1 X55.668 Y85.974
G1 X55.334 Y85.752
G1 X54.830 Y85.581
G1 X55.011 Y85.409
G1 X55.305 Y85.351
G1 X55.818 Y85.509
G1 X56.450 Y85.991
G1 X56.553 Y85.931
G1 X56.590 Y85.766
G1 X56.495 Y85.456
G1 X55.973 Y85.041
G1 X55.250 Y84.851
G1 X54.784 Y84.922
G1 X54.435 Y85.136
G1 X54.218 Y85.474
G0 Z5.000 F500.000
G0 X54.750 Y85.981 F3000.000
G1 Z1.000 F500.000
G4 P100
G1 X55.215 Y86.181 F1000.000
G1 X55.343 Y86.332
G1 X55.333 Y86.659
G1 X55.190 Y86.716
G1 X55.019 Y86.662
G1 X54.878 Y86.501
G1 X54.750 Y85.981
G0 Z5.000 F500.000
G0 X56.241 Y86.325 F3000.000
G1 Z1.000 F500.000
G4 P100
G1 X56.380 Y86.926 F1000.000
G1 X56.528 Y87.139
G1 X56.815 Y87.206
G1 X56.955 Y87.181
G1 X56.995 Y87.086
G1 X56.790 Y86.011
G1 X57.113 Y86.671
G1 X57.498 Y87.074
G1 X57.870 Y87.206
G1 X58.118 Y87.126
G1 X58.190 Y86.881
G1 X58.040 Y86.031
G1 X58.304 Y86.562
G1 X58.595 Y86.926
G1 X58.890 Y87.136
G1 X59.165 Y87.206
G1 X59.409 Y87.125
G1 X59.490 Y86.881
G1 X59.285 Y85.601
G1 X59.321 Y85.451
G1 X59.430 Y85.401
G1 X59.668 Y85.524
G1 X60.170 Y85.991
G1 X60.273 Y85.931
G1 X60.310 Y85.766
G1 X60.215 Y85.456
G1 X59.753 Y85.021
G1 X59.488 Y84.894
G1 X58.966 Y84.888
G1 X58.708 Y85.179
G1 X58.675 Y85.426
G1 X58.810 Y86.361
G1 X58.755 Y86.441
G1 X58.570 Y86.274
G1 X58.330 Y85.831
G1 X58.008 Y84.931
G1 X57.775 Y84.851
G1 X57.528 Y85.009
G1 X57.445 Y85.391
G1 X57.535 Y86.361
G1 X57.480 Y86.441
G1 X57.290 Y86.261
G1 X57.068 Y85.801
G1 X56.768 Y84.934
G1 X56.540 Y84.851
G1 X56.378 Y84.901
G1 X56.273 Y85.051
G1 X56.195 Y85.691
G1 X56.241 Y86.325
G0 Z5.000 F500.000
G0 X59.840 Y85.666 F3000.000
G1 Z1.000 F500.000
G4 P100
G1 X59.886 Y86.055 F1000.000
G1 X60.241 Y86.746
G1 X60.834 Y87.162
G1 X61.170 Y87.216
G1 X61.318 Y87.174
G1 X61.380 Y87.021
G1 X61.784 Y86.997
G1 X61.845 Y86.866
G1 X61.655 Y85.566
G1 X61.693 Y85.446
G1 X61.790 Y85.401
G1 X62.020 Y85.524
G1 X62.520 Y85.991
G1 X62.623 Y85.931
G1 X62.660 Y85.766
G1 X62.565 Y85.456
G1 X62.130 Y85.026
G1 X61.685 Y84.851
G1 X61.383 Y84.964
G1 X61.175 Y85.271
G1 X60.881 Y84.956
G1 X60.520 Y84.851
G1 X60.241 Y84.907
G1 X60.025 Y85.076
G1 X59.886 Y85.336
G1 X59.840 Y85.666
G0 Z5.000 F500.000
G0 X60.528 Y85.431 F3000.000
G1 Z1.000 F500.000
G4 P100
G1 X60.700 Y85.356 F1000.000
G1 X60.910 Y85.486
G1 X61.055 Y85.831
G1 X61.240 Y86.751
G1 X60.853 Y86.594
G1 X60.570 Y86.191
G1 X60.465 Y85.661
G1 X60.528 Y85.431
G0 Z5.000 F500.000
G0 X62.265 Y85.691 F3000.000
G1 Z1.000 F500.000
G4 P100
G1 X62.450 Y86.926 F1000.000
G1 X62.598 Y87.139
G1 X62.885 Y87.206
G1 X63.025 Y87.181
G1 X63.065 Y87.086
G1 X62.860 Y86.006
G1 X63.230 Y86.706
G1 X63.633 Y87.091
G1 X63.995 Y87.206
G1 X64.239 Y87.125
G1 X64.320 Y86.881
G1 X64.115 Y85.601
G1 X64.151 Y85.451
G1 X64.260 Y85.401
G1 X64.498 Y85.524
G1 X65.000 Y85.991
G1 X65.103 Y85.931
G1 X65.140 Y85.766
G1 X65.045 Y85.456
G1 X64.583 Y85.021
G1 X64.020 Y84.851
G1 X63.796 Y84.888
G1 X63.538 Y85.179
G1 X63.505 Y85.426
G1 X63.640 Y86.361
G1 X63.585 Y86.441
G1 X63.403 Y86.274
G1 X63.163 Y85.831
G1 X62.838 Y84.934
G1 X62.610 Y84.851
G1 X62.448 Y84.901
G1 X62.343 Y85.051
G1 X62.265 Y85.691
G0 Z5.000 F500.000
G0 X64.999 Y85.658 F3000.000
G1 Z1.000 F500.000
G4 P100
G1 X64.950 Y86.731 F1000.000
G1 X64.553 Y86.786
G1 X64.500 Y86.961
G1 X64.556 Y87.171
G1 X65.010 Y87.241
G1 X65.270 Y88.246
G1 X65.693 Y88.971
G1 X65.949 Y89.174
G1 X66.225 Y89.241
G1 X66.412 Y89.195
G1 X66.555 Y89.056
G1 X66.675 Y88.591
G1 X66.634 Y88.216
G1 X66.513 Y87.866
G1 X66.025 Y87.241
G1 X66.700 Y87.206
G1 X66.700 Y86.925
G1 X66.594 Y86.817
G1 X66.170 Y86.731
G1 X65.560 Y86.731
G1 X65.581 Y85.899
G1 X65.672 Y85.611
G1 X65.831 Y85.454
G1 X66.060 Y85.401
G1 X66.440 Y85.531
G1 X66.965 Y85.991
G1 X67.067 Y85.931
G1 X67.105 Y85.766
G1 X67.010 Y85.456
G1 X66.540 Y85.021
G1 X65.955 Y84.851
G1 X65.509 Y84.941
G1 X65.190 Y85.210
G1 X64.999 Y85.658
G0 Z5.000 F500.000
G0 X65.610 Y87.316 F3000.000
G1 Z1.000 F500.000
G4 P100
G1 X66.053 Y87.889 F1000.000
G1 X66.200 Y88.466
G1 X66.172 Y88.687
G1 X66.090 Y88.761
G1 X65.923 Y88.574
G1 X65.748 Y88.054
G1 X65.610 Y87.316
G0 Z5.000 F500.000
G0 X66.935 Y87.906 F3000.000
G1 Z1.000 F500.000
G4 P100
G1 X67.073 Y88.199 F1000.000
G1 X67.415 Y88.316
G1 X67.715 Y88.226
G1 X67.830 Y87.971
G1 X67.700 Y87.654
G1 X67.355 Y87.536
G1 X67.040 Y87.634
G1 X66.935 Y87.906
G0 Z5.000 F500.000
G0 X67.260 Y87.206 F3000.000
G1 Z1.000 F500.000
G4 P100
G1 X67.451 Y87.164 F1000.000
G1 X67.515 Y87.036
G1 X67.300 Y85.711
G1 X67.340 Y85.481
G1 X67.475 Y85.401
G1 X67.700 Y85.526
G1 X68.195 Y85.991
G1 X68.298 Y85.931
G1 X68.335 Y85.766
G1 X68.240 Y85.456
G1 X67.761 Y85.002
G1 X67.315 Y84.851
G1 X67.034 Y84.909
G1 X66.843 Y85.081
G1 X66.695 Y85.691
G1 X66.900 Y86.926
G1 X67.020 Y87.146
G1 X67.260 Y87.206
G0 Z5.000 F500.000
G0 X68.010 Y86.571 F3000.000
G1 Z1.000 F500.000
G4 P100
G1 X68.425 Y87.041 F1000.000
G1 X68.686 Y87.165
G1 X69.204 Y87.165
G1 X69.502 Y86.858
G1 X69.540 Y86.626
G1 X69.448 Y86.271
G1 X69.205 Y86.126
G1 X69.053 Y86.171
G1 X69.013 Y86.681
G1 X68.920 Y86.716
G1 X68.705 Y86.614
G1 X68.545 Y86.336
G1 X68.517 Y85.697
G1 X68.611 Y85.516
G1 X68.990 Y85.371
G1 X69.433 Y85.509
G1 X70.035 Y85.991
G1 X70.138 Y85.931
G1 X70.175 Y85.766
G1 X70.080 Y85.456
G1 X69.518 Y85.009
G1 X68.885 Y84.851
G1 X68.449 Y84.920
G1 X68.123 Y85.129
G1 X67.918 Y85.450
G1 X67.850 Y85.861
G1 X68.010 Y86.571
G0 Z5.000 F500.000
G0 X69.645 Y85.391 F3000.000
G1 Z1.000 F500.000
G4 P100
G1 X71.740 Y89.326 F1000.000
G1 X71.878 Y89.496
G1 X72.035 Y89.551
G1 X72.233 Y89.459
G1 X72.315 Y89.231
G1 X72.260 Y89.026
G1 X70.008 Y84.891
G1 X69.865 Y84.851
G1 X69.663 Y84.934
G1 X69.575 Y85.151
G1 X69.645 Y85.391
G0 Z5.000 F500.000
G0 X71.705 Y84.469 F3000.000
G1 Z1.000 F500.000
G4 P100
G1 X72.400 Y85.906 F1000.000
G1 X72.390 Y86.921
G1 X72.505 Y87.151
G1 X72.805 Y87.236
G1 X72.958 Y87.194
G1 X73.015 Y86.841
G1 X73.330 Y87.129
G1 X73.660 Y87.216
G1 X73.914 Y87.160
G1 X74.118 Y86.991
G1 X74.251 Y86.731
G1 X74.295 Y86.401
G1 X74.210 Y85.886
G1 X73.975 Y85.431
G1 X74.150 Y85.401
G1 X74.465 Y85.521
G1 X74.850 Y85.921
G1 X74.985 Y85.991
G1 X75.088 Y85.931
G1 X75.125 Y85.766
G1 X75.030 Y85.456
G1 X74.568 Y85.021
G1 X74.005 Y84.851
G1 X73.765 Y84.899
G1 X73.575 Y85.041
G1 X72.980 Y84.851
G1 X72.874 Y83.965
G1 X72.685 Y83.239
G1 X72.401 Y82.753
G1 X72.219 Y82.632
G1 X71.775 Y82.640
G1 X71.610 Y82.786
G1 X71.513 Y83.019
G1 X71.536 Y83.857
G1 X71.705 Y84.469
G0 Z5.000 F500.000
G0 X71.925 Y83.411 F3000.000
G1 Z1.000 F500.000
G4 P100
G1 X71.963 Y83.166 F1000.000
G1 X72.050 Y83.081
G1 X72.174 Y83.228
G1 X72.275 Y83.669
G1 X72.390 Y85.131
G1 X72.050 Y84.176
G1 X71.925 Y83.411
G0 Z5.000 F500.000
G0 X73.005 Y85.331 F3000.000
G1 Z1.000 F500.000
G4 P100
G1 X73.338 Y85.529 F1000.000
G1 X73.580 Y85.919
G1 X73.670 Y86.406
G1 X73.610 Y86.634
G1 X73.450 Y86.711
G1 X73.251 Y86.616
G1 X73.015 Y86.331
G1 X73.005 Y85.331
G0 Z5.000 F500.000
G0 X74.655 Y85.666 F3000.000
G1 Z1.000 F500.000
G4 P100
G1 X74.701 Y86.055 F1000.000
G1 X75.056 Y86.746
G1 X75.649 Y87.162
G1 X75.985 Y87.216
G1 X76.132 Y87.174
G1 X76.195 Y87.021
G1 X76.599 Y86.997
G1 X76.660 Y86.866
G1 X76.470 Y85.566
G1 X76.507 Y85.446
G1 X76.605 Y85.401
G1 X76.835 Y85.524
G1 X77.335 Y85.991
G1 X77.438 Y85.931
G1 X77.475 Y85.766
G1 X77.380 Y85.456
G1 X76.945 Y85.026
G1 X76.500 Y84.851
G1 X76.198 Y84.964
G1 X75.990 Y85.271
G1 X75.696 Y84.956
G1 X75.335 Y84.851
G1 X75.056 Y84.907
G1 X74.840 Y85.076
G1 X74.701 Y85.336
G1 X74.655 Y85.666
G0 Z5.000 F500.000
G0 X75.343 Y85.431 F3000.000
G1 Z1.000 F500.000
G4 P100
G1 X75.515 Y85.356 F1000.000
G1 X75.725 Y85.486
G1 X75.870 Y85.831
G1 X76.055 Y86.751
G1 X75.668 Y86.594
G1 X75.385 Y86.191
G1 X75.280 Y85.661
G1 X75.343 Y85.431
G0 Z5.000 F500.000
G0 X77.005 Y85.666 F3000.000
G1 Z1.000 F500.000
G4 P100
G1 X77.051 Y86.055 F1000.000
G1 X77.406 Y86.746
G1 X77.999 Y87.162
G1 X78.335 Y87.216
G1 X78.482 Y87.174
G1 X78.545 Y87.021
G1 X78.942 Y87.004
G1 X78.995 Y86.856
G1 X78.775 Y85.411
G1 X79.515 Y85.941
G1 X79.630 Y85.981
G1 X79.732 Y85.919
G1 X79.770 Y85.761
G1 X79.625 Y85.466
G1 X78.675 Y84.821
G1 X78.456 Y83.897
G1 X78.178 Y83.194
G1 X77.828 Y82.749
G1 X77.395 Y82.601
G1 X77.164 Y82.640
G1 X76.860 Y82.940
G1 X76.820 Y83.171
G1 X76.890 Y83.539
G1 X77.100 Y83.934
G1 X77.502 Y84.388
G1 X78.150 Y84.936
G1 X78.180 Y85.131
G1 X77.957 Y84.924
G1 X77.685 Y84.851
G1 X77.406 Y84.907
G1 X77.190 Y85.076
G1 X77.051 Y85.336
G1 X77.005 Y85.666
G0 Z5.000 F500.000
G0 X77.692 Y85.431 F3000.000
G1 Z1.000 F500.000
G4 P100
G1 X77.865 Y85.356 F1000.000
G1 X78.085 Y85.496
G1 X78.395 Y86.751
G1 X78.015 Y86.594
G1 X77.735 Y86.191
G1 X77.630 Y85.661
G1 X77.692 Y85.431
G0 Z5.000 F500.000
G0 X78.035 Y84.341 F3000.000
G1 Z1.000 F500.000
G4 P100
G1 X77.480 Y83.746 F1000.000
G1 X77.310 Y83.281
G1 X77.343 Y83.141
G1 X77.450 Y83.086
G1 X77.583 Y83.161
G1 X77.733 Y83.386
G1 X78.035 Y84.341
G0 Z5.000 F500.000
G0 X79.607 Y85.081 F3000.000
G1 Z1.000 F500.000
G4 P100
G1 X79.460 Y85.691 F1000.000
G1 X79.665 Y86.926
G1 X79.785 Y87.146
G1 X80.025 Y87.206
G1 X80.216 Y87.164
G1 X80.280 Y87.036
G1 X80.065 Y85.711
G1 X80.105 Y85.481
G1 X80.240 Y85.401
G1 X80.465 Y85.526
G1 X80.960 Y85.991
G1 X81.062 Y85.931
G1 X81.100 Y85.766
G1 X81.005 Y85.456
G1 X80.526 Y85.002
G1 X80.080 Y84.851
G1 X79.799 Y84.909
G1 X79.607 Y85.081
G0 Z5.000 F500.000
G0 X80.120 Y87.536 F3000.000
G1 Z1.000 F500.000
G4 P100
G1 X79.805 Y87.634 F1000.000
G1 X79.700 Y87.906
G1 X79.837 Y88.199
G1 X80.180 Y88.316
G1 X80.480 Y88.226
G1 X80.595 Y87.971
G1 X80.465 Y87.654
G1 X80.120 Y87.536
G0 Z5.000 F500.000
G0 X81.037 Y87.139 F3000.000
G1 Z1.000 F500.000
G4 P100
G1 X81.325 Y87.206 F1000.000
G1 X81.465 Y87.181
G1 X81.505 Y87.086
G1 X81.300 Y86.006
G1 X81.670 Y86.706
G1 X82.072 Y87.091
G1 X82.435 Y87.206
G1 X82.679 Y87.125
G1 X82.760 Y86.881
G1 X82.555 Y85.601
G1 X82.591 Y85.451
G1 X82.700 Y85.401
G1 X82.938 Y85.524
G1 X83.440 Y85.991
G1 X83.542 Y85.931
G1 X83.580 Y85.766
G1 X83.485 Y85.456
G1 X83.022 Y85.021
G1 X82.758 Y84.894
G1 X82.236 Y84.888
G1 X81.977 Y85.179
G1 X81.945 Y85.426
G1 X82.080 Y86.361
G1 X82.025 Y86.441
G1 X81.843 Y86.274
G1 X81.602 Y85.831
G1 X81.278 Y84.934
G1 X81.050 Y84.851
G1 X80.888 Y84.901
G1 X80.782 Y85.051
G1 X80.705 Y85.691
G1 X80.751 Y86.325
G1 X80.890 Y86.926
G1 X81.037 Y87.139
G0 Z5.000 F500.000
G0 X83.156 Y86.055 F3000.000
G1 Z1.000 F500.000
G4 P100
G1 X83.511 Y86.746 F1000.000
G1 X83.787 Y86.999
G1 X84.104 Y87.162
G1 X84.440 Y87.216
G1 X84.588 Y87.174
G1 X84.650 Y87.021
G1 X85.054 Y86.997
G1 X85.115 Y86.866
G1 X84.925 Y85.566
G1 X84.963 Y85.446
G1 X85.060 Y85.401
G1 X85.290 Y85.524
G1 X85.790 Y85.991
G1 X85.893 Y85.931
G1 X85.930 Y85.766
G1 X85.835 Y85.456
G1 X85.400 Y85.026
G1 X84.955 Y84.851
G1 X84.653 Y84.964
G1 X84.445 Y85.271
G1 X84.151 Y84.956
G1 X83.790 Y84.851
G1 X83.511 Y84.907
G1 X83.295 Y85.076
G1 X83.156 Y85.336
G1 X83.156 Y86.055
G0 Z5.000 F500.000
G0 X83.735 Y85.661 F3000.000
G1 Z1.000 F500.000
G4 P100
G1 X83.797 Y85.431 F1000.000
G1 X83.970 Y85.356
G1 X84.180 Y85.486
G1 X84.325 Y85.831
G1 X84.510 Y86.751
G1 X84.123 Y86.594
G1 X83.840 Y86.191
G1 X83.735 Y85.661
G0 Z5.000 F500.000
G0 X85.343 Y86.786 F3000.000
G1 Z1.000 F500.000
G4 P100
G1 X85.290 Y86.961 F1000.000
G1 X85.346 Y87.171
G1 X85.800 Y87.241
G1 X86.060 Y88.246
G1 X86.482 Y88.971
G1 X86.739 Y89.174
G1 X87.015 Y89.241
G1 X87.203 Y89.195
G1 X87.345 Y89.056
G1 X87.465 Y88.591
G1 X87.424 Y88.216
G1 X87.303 Y87.866
G1 X86.815 Y87.241
G1 X87.490 Y87.206
G1 X87.490 Y86.925
G1 X87.384 Y86.817
G1 X86.960 Y86.731
G1 X86.350 Y86.731
G1 X86.371 Y85.899
G1 X86.463 Y85.611
G1 X86.621 Y85.454
G1 X86.850 Y85.401
G1 X87.230 Y85.531
G1 X87.755 Y85.991
G1 X87.857 Y85.931
G1 X87.895 Y85.766
G1 X87.800 Y85.456
G1 X87.330 Y85.021
G1 X87.056 Y84.894
G1 X86.745 Y84.851
G1 X86.299 Y84.941
G1 X85.980 Y85.210
G1 X85.789 Y85.658
G1 X85.740 Y86.731
G1 X85.343 Y86.786
G0 Z5.000 F500.000
G0 X86.400 Y87.316 F3000.000
G1 Z1.000 F500.000
G4 P100
G1 X86.843 Y87.889 F1000.000
G1 X86.990 Y88.466
G1 X86.963 Y88.687
G1 X86.880 Y88.761
G1 X86.712 Y88.574
G1 X86.537 Y88.054
G1 X86.400 Y87.316
G0 Z5.000 F500.000
G0 X87.725 Y87.906 F3000.000
G1 Z1.000 F500.000
G4 P100
G1 X87.862 Y88.199 F1000.000
G1 X88.205 Y88.316
G1 X88.505 Y88.226
G1 X88.620 Y87.971
G1 X88.490 Y87.654
G1 X88.145 Y87.536
G1 X87.830 Y87.634
G1 X87.725 Y87.906
G0 Z5.000 F500.000
G0 X88.050 Y87.206 F3000.000
G1 Z1.000 F500.000
G4 P100
G1 X88.241 Y87.164 F1000.000
G1 X88.305 Y87.036
G1 X88.090 Y85.711
G1 X88.130 Y85.481
G1 X88.265 Y85.401
G1 X88.490 Y85.526
G1 X88.985 Y85.991
G1 X89.088 Y85.931
G1 X89.125 Y85.766
G1 X89.030 Y85.456
G1 X88.551 Y85.002
G1 X88.105 Y84.851
G1 X87.824 Y84.909
G1 X87.632 Y85.081
G1 X87.485 Y85.691
G1 X87.690 Y86.926
G1 X87.810 Y87.146
G1 X88.050 Y87.206
G0 Z5.000 F500.000
G0 X88.790 Y86.579 F3000.000
G1 Z1.000 F500.000
G4 P100
G1 X88.963 Y86.844 F1000.000
G1 X89.459 Y87.169
G1 X89.755 Y87.211
G1 X90.098 Y87.145
G1 X90.368 Y86.949
G1 X90.552 Y86.655
G1 X90.640 Y86.301
G1 X91.270 Y86.411
G1 X91.370 Y86.346
G1 X91.369 Y85.990
G1 X91.260 Y85.896
G1 X90.600 Y85.776
G1 X90.459 Y85.398
G1 X90.225 Y85.104
G1 X89.926 Y84.914
G1 X89.312 Y84.887
G1 X89.078 Y84.996
G1 X88.755 Y85.381
G1 X88.645 Y85.901
G1 X88.790 Y86.579
G0 Z5.000 F500.000
G0 X89.270 Y85.946 F3000.000
G1 Z1.000 F500.000
G4 P100
G1 X89.377 Y85.526 F1000.000
G1 X89.630 Y85.381
G1 X89.907 Y85.511
G1 X90.065 Y85.886
G1 X89.828 Y86.161
G1 X89.760 Y86.681
G1 X89.558 Y86.633
G1 X89.403 Y86.489
G1 X89.270 Y85.946
G0 Z5.000 F500.000
G0 X91.031 Y86.325 F3000.000
G1 Z1.000 F500.000
G4 P100
G1 X91.170 Y86.926 F1000.000
G1 X91.317 Y87.139
G1 X91.605 Y87.206
G1 X91.745 Y87.181
G1 X91.785 Y87.086
G1 X91.580 Y86.006
G1 X91.950 Y86.706
G1 X92.352 Y87.091
G1 X92.715 Y87.206
G1 X92.959 Y87.125
G1 X93.040 Y86.881
G1 X92.835 Y85.601
G1 X92.871 Y85.451
G1 X92.980 Y85.401
G1 X93.218 Y85.524
G1 X93.720 Y85.991
G1 X93.822 Y85.931
G1 X93.860 Y85.766
G1 X93.765 Y85.456
G1 X93.302 Y85.021
G1 X93.038 Y84.894
G1 X92.516 Y84.888
G1 X92.257 Y85.179
G1 X92.225 Y85.426
G1 X92.360 Y86.361
G1 X92.305 Y86.441
G1 X92.123 Y86.274
G1 X91.882 Y85.831
G1 X91.558 Y84.934
G1 X91.330 Y84.851
G1 X91.168 Y84.901
G1 X91.062 Y85.051
G1 X90.985 Y85.691
G1 X91.031 Y86.325
G0 Z5.000 F500.000
G0 X93.260 Y85.151 F3000.000
G1 Z1.000 F500.000
G4 P100
G1 X95.425 Y89.326 F1000.000
G1 X95.562 Y89.496
G1 X95.720 Y89.551
G1 X95.918 Y89.459
G1 X96.000 Y89.231
G1 X95.945 Y89.026
G1 X93.805 Y85.011
G1 X93.550 Y84.851
G1 X93.347 Y84.934
G1 X93.260 Y85.151
G0 Z5.000 F500.000
G0 X96.088 Y85.051 F3000.000
G1 Z1.000 F500.000
G4 P100
G1 X96.010 Y85.691 F1000.000
G1 X96.195 Y86.926
G1 X96.343 Y87.139
G1 X96.630 Y87.206
G1 X96.770 Y87.181
G1 X96.810 Y87.086
G1 X96.605 Y86.011
G1 X96.928 Y86.671
G1 X97.312 Y87.074
G1 X97.685 Y87.206
G1 X97.933 Y87.126
G1 X98.005 Y86.881
G1 X97.855 Y86.031
G1 X98.119 Y86.562
G1 X98.410 Y86.926
G1 X98.705 Y87.136
G1 X98.980 Y87.206
G1 X99.224 Y87.125
G1 X99.305 Y86.881
G1 X99.100 Y85.601
G1 X99.136 Y85.451
G1 X99.245 Y85.401
G1 X99.483 Y85.524
G1 X99.985 Y85.991
G1 X100.088 Y85.931
G1 X100.125 Y85.766
G1 X100.030 Y85.456
G1 X99.567 Y85.021
G1 X99.303 Y84.894
G1 X98.781 Y84.888
G1 X98.523 Y85.179
G1 X98.490 Y85.426
G1 X98.625 Y86.361
G1 X98.570 Y86.441
G1 X98.385 Y86.274
G1 X98.145 Y85.831
G1 X97.823 Y84.931
G1 X97.590 Y84.851
G1 X97.343 Y85.009
G1 X97.260 Y85.391
G1 X97.350 Y86.361
G1 X97.295 Y86.441
G1 X97.105 Y86.261
G1 X96.883 Y85.801
G1 X96.583 Y84.934
G1 X96.355 Y84.851
G1 X96.193 Y84.901
G1 X96.088 Y85.051
G0 Z5.000 F500.000
G0 X99.701 Y85.336 F3000.000
G1 Z1.000 F500.000
G4 P100
G1 X99.701 Y86.055 F1000.000
G1 X100.056 Y86.746
G1 X100.649 Y87.162
G1 X100.985 Y87.216
G1 X101.132 Y87.174
G1 X101.195 Y87.021
G1 X101.599 Y86.997
G1 X101.660 Y86.866
G1 X101.470 Y85.566
G1 X101.507 Y85.446
G1 X101.605 Y85.401
G1 X101.835 Y85.524
G1 X102.335 Y85.991
G1 X102.438 Y85.931
G1 X102.475 Y85.766
G1 X102.380 Y85.456
G1 X101.945 Y85.026
G1 X101.500 Y84.851
G1 X101.198 Y84.964
G1 X100.990 Y85.271
G1 X100.696 Y84.956
G1 X100.335 Y84.851
G1 X100.056 Y84.907
G1 X99.840 Y85.076
G1 X99.701 Y85.336
G0 Z5.000 F500.000
G0 X100.343 Y85.431 F3000.000
G1 Z1.000 F500.000
G4 P100
G1 X100.515 Y85.356 F1000.000
G1 X100.725 Y85.486
G1 X100.870 Y85.831
G1 X101.055 Y86.751
G1 X100.668 Y86.594
G1 X100.385 Y86.191
G1 X100.280 Y85.661
G1 X100.343 Y85.431
G0 Z5.000 F500.000
G0 X101.887 Y86.786 F3000.000
G1 Z1.000 F500.000
G4 P100
G1 X101.835 Y86.961 F1000.000
G1 X101.891 Y87.171
G1 X102.345 Y87.241
G1 X102.605 Y88.246
G1 X103.028 Y88.971
G1 X103.284 Y89.174
G1 X103.560 Y89.241
G1 X103.748 Y89.195
G1 X103.890 Y89.056
G1 X104.010 Y88.591
G1 X103.969 Y88.216
G1 X103.847 Y87.866
G1 X103.360 Y87.241
G1 X104.035 Y87.206
G1 X104.035 Y86.925
G1 X103.929 Y86.817
G1 X103.505 Y86.731
G1 X102.895 Y86.731
G1 X102.916 Y85.899
G1 X103.007 Y85.611
G1 X103.166 Y85.454
G1 X103.395 Y85.401
G1 X103.775 Y85.531
G1 X104.300 Y85.991
G1 X104.403 Y85.931
G1 X104.440 Y85.766
G1 X104.345 Y85.456
G1 X103.875 Y85.021
G1 X103.601 Y84.894
G1 X103.290 Y84.851
G1 X102.844 Y84.941
G1 X102.525 Y85.210
G1 X102.334 Y85.658
G1 X102.285 Y86.731
G1 X101.887 Y86.786
G0 Z5.000 F500.000
G0 X102.945 Y87.316 F3000.000
G1 Z1.000 F500.000
G4 P100
G1 X103.387 Y87.889 F1000.000
G1 X103.535 Y88.466
G1 X103.507 Y88.687
G1 X103.425 Y88.761
G1 X103.257 Y88.574
G1 X103.082 Y88.054
G1 X102.945 Y87.316
G0 Z5.000 F500.000
G0 X104.228 Y87.606 F3000.000
G1 Z1.000 F500.000
G4 P100
G1 X104.422 Y88.374 F1000.000
G1 X104.692 Y89.009
G1 X105.031 Y89.434
G1 X105.430 Y89.576
G1 X105.638 Y89.527
G1 X105.909 Y89.152
G1 X105.871 Y88.352
G1 X105.650 Y87.819
G1 X104.690 Y86.551
G1 X104.675 Y86.016
G1 X105.043 Y86.709
G1 X105.442 Y87.091
G1 X105.805 Y87.206
G1 X106.049 Y87.125
G1 X106.130 Y86.881
G1 X105.925 Y85.601
G1 X105.961 Y85.451
G1 X106.070 Y85.401
G1 X106.308 Y85.524
G1 X106.810 Y85.991
G1 X106.912 Y85.931
G1 X106.950 Y85.766
G1 X106.855 Y85.456
G1 X106.382 Y85.021
G1 X106.123 Y84.894
G1 X105.606 Y84.888
G1 X105.347 Y85.179
G1 X105.315 Y85.426
G1 X105.450 Y86.361
G1 X105.395 Y86.441
G1 X105.210 Y86.274
G1 X104.970 Y85.831
G1 X104.610 Y84.951
G1 X104.305 Y84.851
G1 X104.108 Y84.959
G1 X104.070 Y86.001
G1 X104.228 Y87.606
G0 Z5.000 F500.000
G0 X104.745 Y87.176 F3000.000
G1 Z1.000 F500.000
G4 P100
G1 X105.258 Y87.971 F1000.000
G1 X105.409 Y88.381
G1 X105.460 Y88.751
G1 X105.425 Y88.996
G1 X105.325 Y89.081
G1 X105.125 Y88.824
G1 X104.912 Y88.129
G1 X104.745 Y87.176
G0 Z5.000 F500.000
G0 X106.420 Y85.391 F3000.000
G1 Z1.000 F500.000
G4 P100
G1 X108.515 Y89.326 F1000.000
G1 X108.653 Y89.496
G1 X108.810 Y89.551
G1 X109.008 Y89.459
G1 X109.090 Y89.231
G1 X109.035 Y89.026
G1 X106.782 Y84.891
G1 X106.640 Y84.851
G1 X106.438 Y84.934
G1 X106.350 Y85.151
G1 X106.420 Y85.391
G0 Z5.000 F500.000
G0 X109.122 Y85.349 F3000.000
G1 Z1.000 F500.000
G4 P100
G1 X109.143 Y86.269 F1000.000
G1 X109.290 Y86.926
G1 X109.410 Y87.146
G1 X109.650 Y87.206
G1 X109.841 Y87.164
G1 X109.905 Y87.036
G1 X109.690 Y85.711
G1 X109.730 Y85.481
G1 X109.865 Y85.401
G1 X110.090 Y85.526
G1 X110.585 Y85.991
G1 X110.688 Y85.931
G1 X110.725 Y85.766
G1 X110.630 Y85.456
G1 X110.151 Y85.002
G1 X109.705 Y84.851
G1 X109.424 Y84.909
G1 X109.233 Y85.081
G1 X109.122 Y85.349
G0 Z5.000 F500.000
G0 X109.745 Y87.536 F3000.000
G1 Z1.000 F500.000
G4 P100
G1 X109.430 Y87.634 F1000.000
G1 X109.325 Y87.906
G1 X109.463 Y88.199
G1 X109.805 Y88.316
G1 X110.105 Y88.226
G1 X110.220 Y87.971
G1 X110.090 Y87.654
G1 X109.745 Y87.536
G0 Z5.000 F500.000
G0 X110.663 Y87.139 F3000.000
G1 Z1.000 F500.000
G4 P100
G1 X110.950 Y87.206 F1000.000
G1 X111.090 Y87.181
G1 X111.130 Y87.086
G1 X110.925 Y86.011
G1 X111.248 Y86.671
G1 X111.633 Y87.074
G1 X112.005 Y87.206
G1 X112.253 Y87.126
G1 X112.325 Y86.881
G1 X112.175 Y86.031
G1 X112.439 Y86.562
G1 X112.730 Y86.926
G1 X113.025 Y87.136
G1 X113.300 Y87.206
G1 X113.544 Y87.125
G1 X113.625 Y86.881
G1 X113.420 Y85.601
G1 X113.456 Y85.451
G1 X113.565 Y85.401
G1 X113.803 Y85.524
G1 X114.305 Y85.991
G1 X114.408 Y85.931
G1 X114.445 Y85.766
G1 X114.350 Y85.456
G1 X113.888 Y85.021
G1 X113.623 Y84.894
G1 X113.101 Y84.888
G1 X112.843 Y85.179
G1 X112.810 Y85.426
G1 X112.945 Y86.361
G1 X112.890 Y86.441
G1 X112.705 Y86.274
G1 X112.465 Y85.831
G1 X112.143 Y84.931
G1 X111.910 Y84.851
G1 X111.766 Y84.890
G1 X111.663 Y85.009
G1 X111.580 Y85.391
G1 X111.670 Y86.361
G1 X111.615 Y86.441
G1 X111.425 Y86.261
G1 X111.203 Y85.801
G1 X110.903 Y84.934
G1 X110.675 Y84.851
G1 X110.513 Y84.901
G1 X110.408 Y85.051
G1 X110.330 Y85.691
G1 X110.376 Y86.325
G1 X110.515 Y86.926
G1 X110.663 Y87.139
G0 Z5.000 F500.000
G0 X114.021 Y86.055 F3000.000
G1 Z1.000 F500.000
G4 P100
G1 X114.376 Y86.746 F1000.000
G1 X114.653 Y86.999
G1 X114.969 Y87.162
G1 X115.305 Y87.216
G1 X115.453 Y87.174
G1 X115.515 Y87.021
G1 X115.919 Y86.997
G1 X115.980 Y86.866
G1 X115.790 Y85.566
G1 X115.828 Y85.446
G1 X115.925 Y85.401
G1 X116.155 Y85.524
G1 X116.655 Y85.991
G1 X116.758 Y85.931
G1 X116.795 Y85.766
G1 X116.700 Y85.456
G1 X116.265 Y85.026
G1 X115.820 Y84.851
G1 X115.518 Y84.964
G1 X115.310 Y85.271
G1 X115.016 Y84.956
G1 X114.655 Y84.851
G1 X114.376 Y84.907
G1 X114.160 Y85.076
G1 X114.021 Y85.336
G1 X114.021 Y86.055
G0 Z5.000 F500.000
G0 X114.600 Y85.661 F3000.000
G1 Z1.000 F500.000
G4 P100
G1 X114.663 Y85.431 F1000.000
G1 X114.835 Y85.356
G1 X115.045 Y85.486
G1 X115.190 Y85.831
G1 X115.375 Y86.751
G1 X114.988 Y86.594
G1 X114.705 Y86.191
G1 X114.600 Y85.661
G0 Z5.000 F500.000
G0 X116.371 Y86.055 F3000.000
G1 Z1.000 F500.000
G4 P100
G1 X116.726 Y86.746 F1000.000
G1 X117.002 Y86.999
G1 X117.319 Y87.162
G1 X117.655 Y87.216
G1 X117.803 Y87.174
G1 X117.865 Y87.021
G1 X118.263 Y87.004
G1 X118.315 Y86.856
G1 X118.095 Y85.411
G1 X118.835 Y85.941
G1 X118.950 Y85.981
G1 X119.053 Y85.919
G1 X119.090 Y85.761
G1 X118.945 Y85.466
G1 X117.995 Y84.821
G1 X117.776 Y83.897
G1 X117.498 Y83.194
G1 X117.148 Y82.749
G1 X116.715 Y82.601
G1 X116.484 Y82.640
G1 X116.180 Y82.940
G1 X116.140 Y83.171
G1 X116.210 Y83.539
G1 X116.420 Y83.934
G1 X116.823 Y84.388
G1 X117.470 Y84.936
G1 X117.500 Y85.131
G1 X117.278 Y84.924
G1 X117.005 Y84.851
G1 X116.726 Y84.907
G1 X116.510 Y85.076
G1 X116.371 Y85.336
G1 X116.371 Y86.055
G0 Z5.000 F500.000
G0 X116.950 Y85.661 F3000.000
G1 Z1.000 F500.000
G4 P100
G1 X117.013 Y85.431 F1000.000
G1 X117.185 Y85.356
G1 X117.405 Y85.496
G1 X117.715 Y86.751
G1 X117.335 Y86.594
G1 X117.055 Y86.191
G1 X116.950 Y85.661
G0 Z5.000 F500.000
G0 X117.355 Y84.341 F3000.000
G1 Z1.000 F500.000
G4 P100
G1 X116.800 Y83.746 F1000.000
G1 X116.630 Y83.281
G1 X116.663 Y83.141
G1 X116.770 Y83.086
G1 X116.903 Y83.161
G1 X117.053 Y83.386
G1 X117.355 Y84.341
G0 Z5.000 F500.000
G0 X119.000 Y85.136 F3000.000
G1 Z1.000 F500.000
G4 P100
G1 X118.782 Y85.474 F1000.000
G1 X118.710 Y85.916
G1 X118.855 Y86.559
G1 X119.257 Y87.031
G1 X119.532 Y87.162
G1 X120.101 Y87.163
G1 X120.305 Y87.034
G1 X120.436 Y86.830
G1 X120.480 Y86.566
G1 X120.418 Y86.245
G1 X120.233 Y85.974
G1 X119.899 Y85.752
G1 X119.395 Y85.581
G1 X119.576 Y85.409
G1 X119.870 Y85.351
G1 X120.382 Y85.509
G1 X121.015 Y85.991
G1 X121.118 Y85.931
G1 X121.155 Y85.766
G1 X121.060 Y85.456
G1 X120.537 Y85.041
G1 X120.188 Y84.899
G1 X119.815 Y84.851
G1 X119.349 Y84.922
G1 X119.000 Y85.136
G0 Z5.000 F500.000
G0 X119.315 Y85.981 F3000.000
G1 Z1.000 F500.000
G4 P100
G1 X119.780 Y86.181 F1000.000
G1 X119.907 Y86.332
G1 X119.898 Y86.659
G1 X119.755 Y86.716
G1 X119.584 Y86.662
G1 X119.442 Y86.501
G1 X119.315 Y85.981
G0 Z5.000 F500.000
G0 X122.131 Y86.325 F3000.000
G1 Z1.000 F500.000
G4 P100
G1 X122.270 Y86.926 F1000.000
G1 X122.418 Y87.139
G1 X122.705 Y87.206
G1 X122.845 Y87.181
G1 X122.885 Y87.086
G1 X122.680 Y86.011
G1 X123.003 Y86.671
G1 X123.388 Y87.074
G1 X123.760 Y87.206
G1 X124.008 Y87.126
G1 X124.080 Y86.881
G1 X123.930 Y86.031
G1 X124.194 Y86.562
G1 X124.485 Y86.926
G1 X124.780 Y87.136
G1 X125.055 Y87.206
G1 X125.299 Y87.125
G1 X125.380 Y86.881
G1 X125.175 Y85.601
G1 X125.211 Y85.451
G1 X125.320 Y85.401
G1 X125.558 Y85.524
G1 X126.060 Y85.991
G1 X126.163 Y85.931
G1 X126.200 Y85.766
G1 X126.105 Y85.456
G1 X125.643 Y85.021
G1 X125.378 Y84.894
G1 X124.856 Y84.888
G1 X124.598 Y85.179
G1 X124.565 Y85.426
G1 X124.700 Y86.361
G1 X124.645 Y86.441
G1 X124.460 Y86.274
G1 X124.220 Y85.831
G1 X123.898 Y84.931
G1 X123.665 Y84.851
G1 X123.418 Y85.009
G1 X123.335 Y85.391
G1 X123.425 Y86.361
G1 X123.370 Y86.441
G1 X123.180 Y86.261
G1 X122.958 Y85.801
G1 X122.657 Y84.934
G1 X122.430 Y84.851
G1 X122.268 Y84.901
G1 X122.163 Y85.051
G1 X122.085 Y85.691
G1 X122.131 Y86.325
G0 Z5.000 F500.000
G0 X125.720 Y85.916 F3000.000
G1 Z1.000 F500.000
G4 P100
G1 X125.865 Y86.559 F1000.000
G1 X126.038 Y86.825
G1 X126.542 Y87.162
G1 X126.850 Y87.206
G1 X127.111 Y87.163
G1 X127.315 Y87.034
G1 X127.446 Y86.830
G1 X127.490 Y86.566
G1 X127.428 Y86.245
G1 X127.243 Y85.974
G1 X126.909 Y85.752
G1 X126.405 Y85.581
G1 X126.586 Y85.409
G1 X126.880 Y85.351
G1 X127.393 Y85.509
G1 X128.025 Y85.991
G1 X128.127 Y85.931
G1 X128.165 Y85.766
G1 X128.070 Y85.456
G1 X127.548 Y85.041
G1 X126.825 Y84.851
G1 X126.359 Y84.922
G1 X126.010 Y85.136
G1 X125.793 Y85.474
G1 X125.720 Y85.916
G0 Z5.000 F500.000
G0 X126.325 Y85.981 F3000.000
G1 Z1.000 F500.000
G4 P100
G1 X126.790 Y86.181 F1000.000
G1 X126.918 Y86.332
G1 X126.907 Y86.659
G1 X126.765 Y86.716
G1 X126.594 Y86.662
G1 X126.453 Y86.501
G1 X126.325 Y85.981
G0 Z5.000 F500.000
G0 X127.578 Y86.786 F3000.000
G1 Z1.000 F500.000
G4 P100
G1 X127.525 Y86.961 F1000.000
G1 X127.581 Y87.171
G1 X128.035 Y87.241
G1 X128.295 Y88.246
G1 X128.718 Y88.971
G1 X128.974 Y89.174
G1 X129.250 Y89.241
G1 X129.438 Y89.195
G1 X129.580 Y89.056
G1 X129.700 Y88.591
G1 X129.659 Y88.216
G1 X129.538 Y87.866
G1 X129.050 Y87.241
G1 X129.725 Y87.206
G1 X129.725 Y86.925
G1 X129.619 Y86.817
G1 X129.195 Y86.731
G1 X128.585 Y86.731
G1 X128.606 Y85.899
G1 X128.698 Y85.611
G1 X128.856 Y85.454
G1 X129.085 Y85.401
G1 X129.465 Y85.531
G1 X129.990 Y85.991
G1 X130.093 Y85.931
G1 X130.130 Y85.766
G1 X130.035 Y85.456
G1 X129.565 Y85.021
G1 X129.291 Y84.894
G1 X128.980 Y84.851
G1 X128.534 Y84.941
G1 X128.215 Y85.210
G1 X128.024 Y85.658
G1 X127.975 Y86.731
G1 X127.578 Y86.786
G0 Z5.000 F500.000
G0 X128.635 Y87.316 F3000.000
G1 Z1.000 F500.000
G4 P100
G1 X129.078 Y87.889 F1000.000
G1 X129.225 Y88.466
G1 X129.198 Y88.687
G1 X129.115 Y88.761
G1 X128.947 Y88.574
G1 X128.773 Y88.054
G1 X128.635 Y87.316
G0 Z5.000 F500.000
G0 X130.068 Y87.139 F3000.000
G1 Z1.000 F500.000
G4 P100
G1 X130.355 Y87.206 F1000.000
G1 X130.495 Y87.181
G1 X130.535 Y87.086
G1 X130.330 Y86.006
G1 X130.700 Y86.706
G1 X131.103 Y87.091
G1 X131.465 Y87.206
G1 X131.709 Y87.125
G1 X131.790 Y86.881
G1 X131.736 Y86.185
G1 X131.830 Y86.141
G1 X132.325 Y86.426
G1 X132.428 Y86.369
G1 X132.465 Y86.216
G1 X132.365 Y85.926
G1 X132.038 Y85.679
G1 X131.640 Y85.576
G1 X131.407 Y85.610
G1 X131.134 Y85.870
G1 X131.070 Y86.441
G1 X130.873 Y86.274
G1 X130.630 Y85.831
G1 X130.308 Y84.934
G1 X130.080 Y84.851
G1 X129.918 Y84.901
G1 X129.812 Y85.051
G1 X129.735 Y85.691
G1 X129.781 Y86.325
G1 X129.920 Y86.926
G1 X130.068 Y87.139
G0 Z5.000 F500.000
G0 X132.053 Y86.269 F3000.000
G1 Z1.000 F500.000
G4 P100
G1 X132.200 Y86.926 F1000.000
G1 X132.320 Y87.146
G1 X132.560 Y87.206
G1 X132.751 Y87.164
G1 X132.815 Y87.036
G1 X132.600 Y85.711
G1 X132.640 Y85.481
G1 X132.775 Y85.401
G1 X133.000 Y85.526
G1 X133.495 Y85.991
G1 X133.598 Y85.931
G1 X133.635 Y85.766
G1 X133.540 Y85.456
G1 X133.061 Y85.002
G1 X132.615 Y84.851
G1 X132.334 Y84.909
G1 X132.143 Y85.081
G1 X132.032 Y85.349
G1 X132.053 Y86.269
G0 Z5.000 F500.000
G0 X132.655 Y87.536 F3000.000
G1 Z1.000 F500.000
G4 P100
G1 X132.340 Y87.634 F1000.000
G1 X132.235 Y87.906
G1 X132.373 Y88.199
G1 X132.715 Y88.316
G1 X133.015 Y88.226
G1 X133.130 Y87.971
G1 X133.000 Y87.654
G1 X132.655 Y87.536
G0 Z5.000 F500.000
G0 X133.725 Y87.041 F3000.000
G1 Z1.000 F500.000
G4 P100
G1 X133.986 Y87.165 F1000.000
G1 X134.504 Y87.165
G1 X134.688 Y87.044
G1 X134.840 Y86.626
G1 X134.748 Y86.271
G1 X134.505 Y86.126
G1 X134.353 Y86.171
G1 X134.295 Y86.296
G1 X134.313 Y86.681
G1 X134.220 Y86.716
G1 X134.005 Y86.614
G1 X133.845 Y86.336
G1 X133.785 Y85.951
G1 X133.911 Y85.516
G1 X134.290 Y85.371
G1 X134.733 Y85.509
G1 X135.335 Y85.991
G1 X135.438 Y85.931
G1 X135.475 Y85.766
G1 X135.380 Y85.456
G1 X135.122 Y85.199
G1 X134.818 Y85.009
G1 X134.185 Y84.851
G1 X133.749 Y84.920
G1 X133.423 Y85.129
G1 X133.218 Y85.450
G1 X133.150 Y85.861
G1 X133.190 Y86.241
G1 X133.310 Y86.571
G1 X133.725 Y87.041
G0 Z5.000 F500.000
G0 X134.910 Y85.591 F3000.000
G1 Z1.000 F500.000
G4 P100
G1 X135.325 Y86.151 F1000.000
G1 X135.750 Y87.041
G1 X135.896 Y87.206
G1 X136.145 Y87.261
G1 X136.340 Y87.236
G1 X136.395 Y87.156
G1 X136.230 Y86.626
G1 X136.688 Y85.879
G1 X136.760 Y85.416
G1 X137.470 Y85.991
G1 X137.573 Y85.931
G1 X137.610 Y85.766
G1 X137.515 Y85.456
G1 X137.038 Y85.034
G1 X136.000 Y84.741
G1 X135.603 Y84.861
G1 X135.465 Y85.131
G1 X135.560 Y85.356
G1 X135.840 Y85.451
G1 X136.125 Y85.421
G1 X136.068 Y85.666
G1 X135.785 Y86.076
G1 X135.478 Y85.586
G1 X135.145 Y85.216
G1 X134.955 Y85.126
G1 X134.825 Y85.184
G1 X134.775 Y85.326
G1 X134.910 Y85.591
G0 Z5.000 F500.000
G0 X138.465 Y85.666 F3000.000
G1 Z1.000 F500.000
G4 P100
G1 X138.511 Y86.055 F1000.000
G1 X138.866 Y86.746
G1 X139.459 Y87.162
G1 X139.795 Y87.216
G1 X139.943 Y87.174
G1 X140.005 Y87.021
G1 X140.409 Y86.997
G1 X140.470 Y86.866
G1 X140.280 Y85.566
G1 X140.318 Y85.446
G1 X140.415 Y85.401
G1 X140.645 Y85.524
G1 X141.145 Y85.991
G1 X141.248 Y85.931
G1 X141.285 Y85.766
G1 X141.190 Y85.456
G1 X140.755 Y85.026
G1 X140.310 Y84.851
G1 X140.008 Y84.964
G1 X139.800 Y85.271
G1 X139.506 Y84.956
G1 X139.145 Y84.851
G1 X138.866 Y84.907
G1 X138.650 Y85.076
G1 X138.511 Y85.336
G1 X138.465 Y85.666
G0 Z5.000 F500.000
G0 X139.153 Y85.431 F3000.000
G1 Z1.000 F500.000
G4 P100
G1 X139.325 Y85.356 F1000.000
G1 X139.535 Y85.486
G1 X139.680 Y85.831
G1 X139.865 Y86.751
G1 X139.478 Y86.594
G1 X139.195 Y86.191
G1 X139.090 Y85.661
G1 X139.153 Y85.431
G0 Z5.000 F500.000
G0 X140.890 Y85.691 F3000.000
G1 Z1.000 F500.000
G4 P100
G1 X141.075 Y86.926 F1000.000
G1 X141.223 Y87.139
G1 X141.510 Y87.206
G1 X141.650 Y87.181
G1 X141.690 Y87.086
G1 X141.485 Y86.006
G1 X141.855 Y86.706
G1 X142.257 Y87.091
G1 X142.620 Y87.206
G1 X142.864 Y87.125
G1 X142.945 Y86.881
G1 X142.740 Y85.601
G1 X142.776 Y85.451
G1 X142.885 Y85.401
G1 X143.123 Y85.524
G1 X143.625 Y85.991
G1 X143.728 Y85.931
G1 X143.765 Y85.766
G1 X143.670 Y85.456
G1 X143.208 Y85.021
G1 X142.645 Y84.851
G1 X142.421 Y84.888
G1 X142.163 Y85.179
G1 X142.130 Y85.426
G1 X142.265 Y86.361
G1 X142.210 Y86.441
G1 X142.028 Y86.274
G1 X141.788 Y85.831
G1 X141.463 Y84.934
G1 X141.235 Y84.851
G1 X141.073 Y84.901
G1 X140.968 Y85.051
G1 X140.890 Y85.691
G0 Z5.000 F500.000
G0 X143.344 Y85.340 F3000.000
G1 Z1.000 F500.000
G4 P100
G1 X143.338 Y86.057 F1000.000
G1 X143.465 Y86.414
G1 X143.933 Y86.974
G1 X144.600 Y87.231
G1 X144.738 Y88.130
G1 X144.963 Y88.889
G1 X145.272 Y89.404
G1 X145.458 Y89.533
G1 X145.862 Y89.527
G1 X146.022 Y89.381
G1 X146.129 Y89.136
G1 X146.096 Y88.184
G1 X145.890 Y87.481
G1 X145.155 Y85.941
G1 X145.243 Y85.526
G1 X145.415 Y85.401
G1 X145.690 Y85.521
G1 X146.200 Y85.991
G1 X146.303 Y85.931
G1 X146.340 Y85.766
G1 X146.245 Y85.456
G1 X145.795 Y85.029
G1 X145.310 Y84.851
G1 X144.975 Y84.962
G1 X144.730 Y85.296
G1 X144.363 Y84.941
G1 X143.995 Y84.851
G1 X143.717 Y84.908
G1 X143.493 Y85.079
G1 X143.344 Y85.340
G0 Z5.000 F500.000
G0 X143.983 Y85.447 F3000.000
G1 Z1.000 F500.000
G4 P100
G1 X144.170 Y85.356 F1000.000
G1 X144.360 Y85.434
G1 X144.600 Y85.721
G1 X144.560 Y86.716
G1 X144.308 Y86.582
G1 X143.966 Y86.050
G1 X143.920 Y85.721
G1 X143.983 Y85.447
G0 Z5.000 F500.000
G0 X145.160 Y86.726 F3000.000
G1 Z1.000 F500.000
G4 P100
G1 X145.580 Y87.826 F1000.000
G1 X145.720 Y88.686
G1 X145.610 Y89.086
G1 X145.420 Y88.749
G1 X145.160 Y86.726
G0 Z5.000 F500.000
G0 X24.175 Y76.119 F3000.000
G1 Z1.000 F500.000
G4 P100
G1 X24.115 Y75.877 F1000.000
G1 X23.935 Y75.749
G1 X23.445 Y75.674
G1 X23.030 Y75.734
G1 X22.367 Y74.859
G1 X22.045 Y74.754
G1 X21.742 Y74.909
G1 X21.590 Y75.784
G1 X21.312 Y75.144
G1 X21.067 Y74.839
G1 X20.780 Y74.754
G1 X20.457 Y74.914
G1 X20.310 Y75.419
G1 X20.250 Y76.819
G1 X20.340 Y77.049
G1 X20.595 Y77.114
G1 X20.788 Y77.057
G1 X20.920 Y75.369
G1 X21.545 Y76.859
G1 X21.678 Y77.062
G1 X21.865 Y77.114
G1 X22.053 Y77.059
G1 X22.105 Y76.864
G1 X22.175 Y75.369
G1 X22.625 Y76.079
G1 X22.550 Y76.424
G1 X22.625 Y76.754
G1 X22.830 Y77.014
G1 X23.125 Y77.114
G1 X23.360 Y77.012
G1 X23.450 Y76.714
G1 X23.330 Y76.199
G1 X24.020 Y76.304
G1 X24.135 Y76.254
G1 X24.175 Y76.119
G0 Z5.000 F500.000
G0 X23.860 Y76.327 F3000.000
G1 Z1.000 F500.000
G4 P100
G1 X24.076 Y76.649 F1000.000
G1 X24.669 Y77.065
G1 X25.005 Y77.119
G1 X25.152 Y77.077
G1 X25.215 Y76.924
G1 X25.619 Y76.900
G1 X25.680 Y76.769
G1 X25.490 Y75.469
G1 X25.527 Y75.349
G1 X25.625 Y75.304
G1 X25.855 Y75.427
G1 X26.355 Y75.894
G1 X26.458 Y75.834
G1 X26.495 Y75.669
G1 X26.400 Y75.359
G1 X25.965 Y74.929
G1 X25.520 Y74.754
G1 X25.218 Y74.867
G1 X25.010 Y75.174
G1 X24.716 Y74.859
G1 X24.355 Y74.754
G1 X24.076 Y74.810
G1 X23.860 Y74.979
G1 X23.721 Y75.239
G1 X23.721 Y75.958
G1 X23.860 Y76.327
G0 Z5.000 F500.000
G0 X24.405 Y76.094 F3000.000
G1 Z1.000 F500.000
G4 P100
G1 X24.300 Y75.564 F1000.000
G1 X24.363 Y75.334
G1 X24.535 Y75.259
G1 X24.745 Y75.389
G1 X24.890 Y75.734
G1 X25.075 Y76.654
G1 X24.688 Y76.497
G1 X24.405 Y76.094
G0 Z5.000 F500.000
G0 X26.146 Y76.228 F3000.000
G1 Z1.000 F500.000
G4 P100
G1 X26.285 Y76.829 F1000.000
G1 X26.432 Y77.042
G1 X26.720 Y77.109
G1 X26.860 Y77.084
G1 X26.900 Y76.989
G1 X26.695 Y75.909
G1 X27.065 Y76.609
G1 X27.468 Y76.994
G1 X27.830 Y77.109
G1 X28.074 Y77.028
G1 X28.155 Y76.784
G1 X28.101 Y76.088
G1 X28.195 Y76.044
G1 X28.690 Y76.329
G1 X28.792 Y76.272
G1 X28.830 Y76.119
G1 X28.730 Y75.829
G1 X28.402 Y75.582
G1 X28.005 Y75.479
G1 X27.772 Y75.513
G1 X27.499 Y75.773
G1 X27.435 Y76.344
G1 X27.237 Y76.177
G1 X26.995 Y75.734
G1 X26.672 Y74.837
G1 X26.445 Y74.754
G1 X26.283 Y74.804
G1 X26.178 Y74.954
G1 X26.100 Y75.594
G1 X26.146 Y76.228
G0 Z5.000 F500.000
G0 X28.375 Y75.594 F3000.000
G1 Z1.000 F500.000
G4 P100
G1 X28.560 Y76.829 F1000.000
G1 X28.707 Y77.042
G1 X28.995 Y77.109
G1 X29.135 Y77.084
G1 X29.175 Y76.989
G1 X28.970 Y75.909
G1 X29.340 Y76.609
G1 X29.742 Y76.994
G1 X30.105 Y77.109
G1 X30.349 Y77.028
G1 X30.430 Y76.784
G1 X30.225 Y75.504
G1 X30.261 Y75.354
G1 X30.370 Y75.304
G1 X30.608 Y75.427
G1 X31.110 Y75.894
G1 X31.212 Y75.834
G1 X31.250 Y75.669
G1 X31.155 Y75.359
G1 X30.693 Y74.924
G1 X30.130 Y74.754
G1 X29.906 Y74.791
G1 X29.648 Y75.082
G1 X29.615 Y75.329
G1 X29.750 Y76.264
G1 X29.695 Y76.344
G1 X29.512 Y76.177
G1 X29.273 Y75.734
G1 X28.947 Y74.837
G1 X28.720 Y74.754
G1 X28.558 Y74.804
G1 X28.453 Y74.954
G1 X28.375 Y75.594
G0 Z5.000 F500.000
G0 X30.877 Y75.252 F3000.000
G1 Z1.000 F500.000
G4 P100
G1 X30.898 Y76.172 F1000.000
G1 X31.045 Y76.829
G1 X31.165 Y77.049
G1 X31.405 Y77.109
G1 X31.596 Y77.067
G1 X31.660 Y76.939
G1 X31.445 Y75.614
G1 X31.485 Y75.384
G1 X31.620 Y75.304
G1 X31.845 Y75.429
G1 X32.340 Y75.894
G1 X32.443 Y75.834
G1 X32.480 Y75.669
G1 X32.385 Y75.359
G1 X31.906 Y74.905
G1 X31.460 Y74.754
G1 X31.179 Y74.812
G1 X30.988 Y74.984
G1 X30.877 Y75.252
G0 Z5.000 F500.000
G0 X31.500 Y77.439 F3000.000
G1 Z1.000 F500.000
G4 P100
G1 X31.185 Y77.537 F1000.000
G1 X31.080 Y77.809
G1 X31.218 Y78.102
G1 X31.560 Y78.219
G1 X31.860 Y78.129
G1 X31.975 Y77.874
G1 X31.845 Y77.557
G1 X31.500 Y77.439
G0 Z5.000 F500.000
G0 X32.418 Y77.042 F3000.000
G1 Z1.000 F500.000
G4 P100
G1 X32.705 Y77.109 F1000.000
G1 X32.845 Y77.084
G1 X32.885 Y76.989
G1 X32.680 Y75.909
G1 X33.050 Y76.609
G1 X33.453 Y76.994
G1 X33.815 Y77.109
G1 X34.059 Y77.028
G1 X34.140 Y76.784
G1 X33.935 Y75.504
G1 X33.971 Y75.354
G1 X34.080 Y75.304
G1 X34.318 Y75.427
G1 X34.820 Y75.894
G1 X34.922 Y75.834
G1 X34.960 Y75.669
G1 X34.865 Y75.359
G1 X34.403 Y74.924
G1 X34.138 Y74.797
G1 X33.616 Y74.791
G1 X33.358 Y75.082
G1 X33.325 Y75.329
G1 X33.460 Y76.264
G1 X33.405 Y76.344
G1 X33.222 Y76.177
G1 X32.983 Y75.734
G1 X32.657 Y74.837
G1 X32.430 Y74.754
G1 X32.268 Y74.804
G1 X32.163 Y74.954
G1 X32.085 Y75.594
G1 X32.131 Y76.228
G1 X32.270 Y76.829
G1 X32.418 Y77.042
G0 Z5.000 F500.000
G0 X34.536 Y75.958 F3000.000
G1 Z1.000 F500.000
G4 P100
G1 X34.891 Y76.649 F1000.000
G1 X35.168 Y76.902
G1 X35.484 Y77.065
G1 X35.820 Y77.119
G1 X35.968 Y77.077
G1 X36.030 Y76.924
G1 X36.428 Y76.907
G1 X36.480 Y76.759
G1 X36.260 Y75.314
G1 X37.000 Y75.844
G1 X37.115 Y75.884
G1 X37.218 Y75.822
G1 X37.255 Y75.664
G1 X37.110 Y75.369
G1 X36.160 Y74.724
G1 X35.941 Y73.800
G1 X35.663 Y73.097
G1 X35.313 Y72.652
G1 X34.880 Y72.504
G1 X34.649 Y72.543
G1 X34.345 Y72.843
G1 X34.305 Y73.074
G1 X34.375 Y73.442
G1 X34.585 Y73.837
G1 X34.987 Y74.291
G1 X35.635 Y74.839
G1 X35.665 Y75.034
G1 X35.443 Y74.827
G1 X35.170 Y74.754
G1 X34.891 Y74.810
G1 X34.675 Y74.979
G1 X34.536 Y75.239
G1 X34.536 Y75.958
G0 Z5.000 F500.000
G0 X35.115 Y75.564 F3000.000
G1 Z1.000 F500.000
G4 P100
G1 X35.178 Y75.334 F1000.000
G1 X35.350 Y75.259
G1 X35.570 Y75.399
G1 X35.880 Y76.654
G1 X35.500 Y76.497
G1 X35.220 Y76.094
G1 X35.115 Y75.564
G0 Z5.000 F500.000
G0 X35.520 Y74.244 F3000.000
G1 Z1.000 F500.000
G4 P100
G1 X34.965 Y73.649 F1000.000
G1 X34.795 Y73.184
G1 X34.828 Y73.044
G1 X34.935 Y72.989
G1 X35.068 Y73.064
G1 X35.218 Y73.289
G1 X35.520 Y74.244
G0 Z5.000 F500.000
G0 X36.705 Y75.087 F3000.000
G1 Z1.000 F500.000
G4 P100
G1 X36.655 Y75.229 F1000.000
G1 X36.725 Y75.414
G1 X37.205 Y76.054
G1 X37.630 Y76.944
G1 X37.776 Y77.109
G1 X38.025 Y77.164
G1 X38.220 Y77.139
G1 X38.275 Y77.059
G1 X38.110 Y76.529
G1 X38.568 Y75.782
G1 X38.640 Y75.319
G1 X39.215 Y75.824
G1 X39.350 Y75.894
G1 X39.453 Y75.834
G1 X39.490 Y75.669
G1 X39.395 Y75.359
G1 X38.918 Y74.937
G1 X38.355 Y74.814
G1 X38.136 Y74.687
G1 X37.880 Y74.644
G1 X37.483 Y74.764
G1 X37.345 Y75.034
G1 X37.440 Y75.259
G1 X37.720 Y75.354
G1 X38.005 Y75.324
G1 X37.947 Y75.569
G1 X37.665 Y75.979
G1 X37.025 Y75.119
G1 X36.835 Y75.029
G1 X36.705 Y75.087
G0 Z5.000 F500.000
G0 X38.985 Y75.189 F3000.000
G1 Z1.000 F500.000
G4 P100
G1 X39.113 Y75.549 F1000.000
G1 X39.470 Y75.684
G1 X39.803 Y75.577
G1 X39.915 Y75.259
G1 X39.785 Y74.892
G1 X39.430 Y74.754
G1 X39.098 Y74.874
G1 X38.985 Y75.189
G0 Z5.000 F500.000
G0 X82.356 Y16.083 F3000.000
G1 Z1.000 F500.000
G4 P100
G1 X82.496 Y16.452 F1000.000
G1 X82.874 Y16.634
G1 X83.324 Y16.568
G1 X83.539 Y16.245
G1 X83.492 Y15.900
G1 X83.257 Y15.531
G1 X82.642 Y15.040
G1 X82.511 Y14.835
G1 X82.192 Y14.700
G1 X82.511 Y14.835
G1 X82.919 Y14.709
G1 X83.648 Y14.730
G0 Z5.000 F500.000
G0 X84.550 Y15.065 F3000.000
G1 Z1.000 F500.000
G4 P100
G1 X84.500 Y15.735 F1000.000
G1 X84.695 Y16.318
G1 X85.072 Y16.596
G1 X85.540 Y16.523
G1 X85.738 Y16.276
G1 X85.811 Y15.886
G1 X85.763 Y15.381
G1 X85.601 Y14.994
G1 X85.353 Y14.769
G1 X85.036 Y14.703
G1 X84.731 Y14.811
G1 X84.550 Y15.065
G0 Z5.000 F500.000
M400
M84
; End
