; Generated by plotter-processor
; Page 4/20
; Motion profile: safe
; Draw feed: 1000.000 mm/min
; Travel feed: 3000.000 mm/min
; Z feed: 500.000 mm/min
; Pen Z: down=1.000 up=5.000
; Down settle: 100 ms
; Estimated ideal time: 1536.308698 s
G21
G90
G0 Z5.000 F500.000
G0 X23.000 Y204.790 F3000.000
G1 Z1.000 F500.000
G4 P100
G1 X22.964 Y204.599 F1000.000
G1 X22.855 Y204.505
G1 X22.255 Y204.435
G1 X22.131 Y204.035
G1 X21.890 Y203.725
G1 X21.531 Y203.526
G1 X21.055 Y203.460
G1 X20.714 Y203.506
G1 X20.430 Y203.642
G1 X20.239 Y203.861
G1 X20.175 Y204.150
G1 X20.265 Y204.505
G1 X20.515 Y204.605
G1 X20.633 Y204.572
G1 X20.705 Y204.175
G1 X20.822 Y203.993
G1 X21.105 Y203.925
G1 X21.457 Y204.053
G1 X21.640 Y204.435
G1 X20.968 Y204.498
G1 X20.915 Y204.655
G1 X20.970 Y204.812
G1 X21.130 Y204.865
G1 X21.645 Y204.870
G1 X21.476 Y205.166
G1 X21.130 Y205.265
G1 X20.550 Y205.160
G1 X20.430 Y205.215
G1 X20.433 Y205.550
G1 X20.560 Y205.680
G1 X20.845 Y205.780
G1 X21.230 Y205.820
G1 X21.644 Y205.759
G1 X21.957 Y205.575
G1 X22.166 Y205.280
G1 X22.265 Y204.885
G1 X22.865 Y205.020
G1 X22.965 Y204.955
G1 X23.000 Y204.790
G0 Z5.000 F500.000
G0 X23.225 Y204.988 F3000.000
G1 Z1.000 F500.000
G4 P100
G1 X23.175 Y204.620 F1000.000
G1 X23.498 Y205.280
G1 X23.883 Y205.683
G1 X24.255 Y205.815
G1 X24.502 Y205.735
G1 X24.575 Y205.490
G1 X24.425 Y204.640
G1 X24.689 Y205.171
G1 X24.980 Y205.535
G1 X25.275 Y205.745
G1 X25.550 Y205.815
G1 X25.794 Y205.734
G1 X25.875 Y205.490
G1 X25.670 Y204.210
G1 X25.706 Y204.060
G1 X25.815 Y204.010
G1 X26.053 Y204.132
G1 X26.555 Y204.600
G1 X26.657 Y204.540
G1 X26.695 Y204.375
G1 X26.600 Y204.065
G1 X26.137 Y203.630
G1 X25.873 Y203.502
G1 X25.351 Y203.497
G1 X25.093 Y203.788
G1 X25.060 Y204.035
G1 X25.195 Y204.970
G1 X25.140 Y205.050
G1 X24.955 Y204.882
G1 X24.715 Y204.440
G1 X24.392 Y203.540
G1 X24.160 Y203.460
G1 X23.913 Y203.618
G1 X23.830 Y204.000
G1 X23.920 Y204.970
G1 X23.865 Y205.050
G1 X23.675 Y204.870
G1 X23.453 Y204.410
G1 X23.152 Y203.542
G1 X22.925 Y203.460
G1 X22.763 Y203.510
G1 X22.657 Y203.660
G1 X22.580 Y204.300
G1 X22.626 Y204.934
G1 X22.765 Y205.535
G1 X22.913 Y205.748
G1 X23.200 Y205.815
G1 X23.340 Y205.790
G1 X23.380 Y205.695
G1 X23.225 Y204.988
G0 Z5.000 F500.000
G0 X26.340 Y204.873 F3000.000
G1 Z1.000 F500.000
G4 P100
G1 X26.505 Y205.535 F1000.000
G1 X26.645 Y205.750
G1 X27.082 Y205.780
G1 X27.125 Y205.675
G1 X26.890 Y204.370
G1 X26.995 Y204.180
G1 X27.183 Y204.330
G1 X27.422 Y204.785
G1 X27.793 Y205.750
G1 X28.200 Y205.787
G1 X28.245 Y205.685
G1 X27.980 Y204.210
G1 X28.020 Y204.062
G1 X28.125 Y204.010
G1 X28.363 Y204.132
G1 X28.865 Y204.600
G1 X28.968 Y204.540
G1 X29.005 Y204.375
G1 X28.910 Y204.065
G1 X28.447 Y203.630
G1 X28.183 Y203.502
G1 X27.677 Y203.506
G1 X27.532 Y203.645
G1 X27.420 Y204.165
G1 X27.165 Y203.642
G1 X26.800 Y203.460
G1 X26.596 Y203.512
G1 X26.326 Y203.901
G1 X26.340 Y204.873
G0 Z5.000 F500.000
G0 X28.445 Y204.050 F3000.000
G1 Z1.000 F500.000
G4 P100
G1 X28.560 Y204.455 F1000.000
G1 X28.885 Y204.610
G1 X29.020 Y204.576
G1 X29.065 Y204.475
G1 X29.072 Y204.032
G1 X29.170 Y203.995
G1 X29.352 Y204.107
G1 X29.497 Y204.415
G1 X29.555 Y204.845
G1 X29.510 Y205.148
G1 X29.400 Y205.270
G1 X29.320 Y205.243
G1 X29.190 Y205.023
G1 X29.015 Y204.975
G1 X28.840 Y205.053
G1 X28.775 Y205.290
G1 X28.930 Y205.690
G1 X29.330 Y205.835
G1 X29.710 Y205.732
G1 X29.970 Y205.435
G1 X30.308 Y205.735
G1 X30.675 Y205.835
G1 X30.973 Y205.745
G1 X31.075 Y205.455
G1 X30.990 Y205.102
G1 X30.785 Y204.975
G1 X30.635 Y205.020
G1 X30.475 Y205.270
G1 X30.348 Y205.157
G1 X30.185 Y204.475
G1 X30.297 Y204.113
G1 X30.605 Y203.985
G1 X30.973 Y204.118
G1 X31.510 Y204.600
G1 X31.612 Y204.540
G1 X31.650 Y204.375
G1 X31.555 Y204.065
G1 X31.072 Y203.632
G1 X30.480 Y203.460
G1 X30.027 Y203.555
G1 X29.715 Y203.825
G1 X29.404 Y203.555
G1 X29.040 Y203.465
G1 X28.794 Y203.505
G1 X28.485 Y203.811
G1 X28.445 Y204.050
G0 Z5.000 F500.000
G0 X33.468 Y204.115 F3000.000
G1 Z1.000 F500.000
G4 P100
G1 X33.583 Y204.532 F1000.000
G1 X33.908 Y204.700
G1 X34.058 Y204.666
G1 X34.108 Y204.565
G1 X34.063 Y204.185
G1 X34.138 Y204.015
G1 X34.278 Y204.118
G1 X34.793 Y205.515
G1 X34.940 Y205.743
G1 X35.203 Y205.815
G1 X35.435 Y205.760
G1 X35.528 Y205.580
G1 X35.563 Y204.475
G1 X36.123 Y205.615
G1 X36.315 Y205.768
G1 X36.533 Y205.820
G1 X36.778 Y205.743
G1 X36.843 Y205.455
G1 X36.848 Y204.085
G1 X36.998 Y203.985
G1 X37.224 Y204.116
G1 X37.638 Y204.600
G1 X37.740 Y204.540
G1 X37.778 Y204.375
G1 X37.683 Y204.060
G1 X37.235 Y203.625
G1 X36.758 Y203.460
G1 X36.530 Y203.510
G1 X36.378 Y203.660
G1 X36.263 Y204.240
G1 X36.343 Y205.065
G1 X35.638 Y203.512
G1 X35.458 Y203.460
G1 X35.298 Y203.520
G1 X35.208 Y203.710
G1 X35.118 Y204.970
G1 X34.863 Y204.173
G1 X34.538 Y203.662
G1 X34.305 Y203.514
G1 X33.783 Y203.511
G1 X33.610 Y203.650
G1 X33.468 Y204.115
G0 Z5.000 F500.000
G0 X37.138 Y204.115 F3000.000
G1 Z1.000 F500.000
G4 P100
G1 X37.255 Y204.525 F1000.000
G1 X37.578 Y204.675
G1 X37.713 Y204.639
G1 X37.758 Y204.530
G1 X37.808 Y204.075
G1 X37.998 Y203.970
G1 X38.313 Y204.067
G1 X38.628 Y204.345
G1 X38.293 Y204.392
G1 X38.085 Y204.535
G1 X37.952 Y204.757
G1 X37.908 Y205.045
G1 X37.962 Y205.373
G1 X38.123 Y205.618
G1 X38.380 Y205.769
G1 X38.723 Y205.820
G1 X39.278 Y205.735
G1 X39.508 Y205.810
G1 X39.665 Y205.762
G1 X39.713 Y205.635
G1 X39.508 Y204.640
G1 X39.505 Y204.062
G1 X39.613 Y204.010
G1 X39.843 Y204.125
G1 X40.353 Y204.600
G1 X40.455 Y204.540
G1 X40.493 Y204.375
G1 X40.398 Y204.065
G1 X39.898 Y203.610
G1 X39.423 Y203.460
G1 X39.108 Y203.605
G1 X38.998 Y204.020
G1 X39.028 Y204.335
G1 X38.492 Y203.679
G1 X38.178 Y203.515
G1 X37.833 Y203.460
G1 X37.552 Y203.505
G1 X37.330 Y203.640
G1 X37.186 Y203.849
G1 X37.138 Y204.115
G0 Z5.000 F500.000
G0 X38.515 Y204.815 F3000.000
G1 Z1.000 F500.000
G4 P100
G1 X38.893 Y204.730 F1000.000
G1 X39.163 Y205.360
G1 X38.843 Y205.415
G1 X38.533 Y205.320
G1 X38.423 Y205.050
G1 X38.515 Y204.815
G0 Z5.000 F500.000
G0 X40.128 Y205.455 F3000.000
G1 Z1.000 F500.000
G4 P100
G1 X40.253 Y205.685 F1000.000
G1 X40.548 Y205.810
G1 X40.943 Y205.860
G1 X41.510 Y205.727
G1 X41.655 Y205.566
G1 X41.703 Y205.345
G1 X41.613 Y204.985
G1 X41.398 Y204.755
G1 X40.758 Y204.380
G1 X40.658 Y204.165
G1 X40.738 Y204.010
G1 X41.018 Y203.965
G1 X41.605 Y204.113
G1 X42.258 Y204.600
G1 X42.360 Y204.540
G1 X42.398 Y204.375
G1 X42.303 Y204.065
G1 X42.037 Y203.783
G1 X41.354 Y203.452
G1 X40.563 Y203.448
G1 X40.273 Y203.562
G1 X40.093 Y203.762
G1 X40.033 Y204.055
G1 X40.125 Y204.423
G1 X40.350 Y204.673
G1 X40.983 Y205.067
G1 X41.078 Y205.265
G1 X41.023 Y205.368
G1 X40.863 Y205.405
G1 X40.328 Y205.230
G1 X40.180 Y205.292
G1 X40.128 Y205.455
G0 Z5.000 F500.000
G0 X42.044 Y204.934 F3000.000
G1 Z1.000 F500.000
G4 P100
G1 X42.183 Y205.535 F1000.000
G1 X42.330 Y205.748
G1 X42.618 Y205.815
G1 X42.758 Y205.790
G1 X42.798 Y205.695
G1 X42.583 Y204.515
G1 X42.787 Y205.115
G1 X43.038 Y205.515
G1 X43.342 Y205.740
G1 X43.703 Y205.815
G1 X43.935 Y205.774
G1 X44.221 Y205.467
G1 X44.258 Y205.235
G1 X44.165 Y204.880
G1 X43.923 Y204.735
G1 X43.770 Y204.780
G1 X43.730 Y205.291
G1 X43.633 Y205.325
G1 X43.438 Y205.222
G1 X43.285 Y204.947
G1 X43.228 Y204.575
G1 X43.353 Y204.143
G1 X43.713 Y203.980
G1 X44.043 Y204.102
G1 X44.578 Y204.600
G1 X44.680 Y204.540
G1 X44.718 Y204.375
G1 X44.623 Y204.065
G1 X44.173 Y203.627
G1 X43.933 Y203.502
G1 X43.663 Y203.460
G1 X43.235 Y203.562
G1 X42.923 Y203.810
G1 X42.768 Y204.090
G1 X42.565 Y203.535
G1 X42.343 Y203.460
G1 X42.181 Y203.510
G1 X42.075 Y203.660
G1 X41.998 Y204.300
G1 X42.044 Y204.934
G0 Z5.000 F500.000
G0 X44.313 Y204.185 F3000.000
G1 Z1.000 F500.000
G4 P100
G1 X44.363 Y204.873 F1000.000
G1 X44.528 Y205.535
G1 X44.668 Y205.750
G1 X44.953 Y205.815
G1 X45.105 Y205.780
G1 X45.148 Y205.675
G1 X44.938 Y204.222
G1 X45.018 Y204.180
G1 X45.205 Y204.330
G1 X45.815 Y205.750
G1 X46.063 Y205.815
G1 X46.223 Y205.787
G1 X46.268 Y205.685
G1 X46.003 Y204.210
G1 X46.043 Y204.062
G1 X46.148 Y204.010
G1 X46.385 Y204.132
G1 X46.888 Y204.600
G1 X46.990 Y204.540
G1 X47.028 Y204.375
G1 X46.933 Y204.065
G1 X46.470 Y203.630
G1 X45.908 Y203.460
G1 X45.700 Y203.506
G1 X45.555 Y203.645
G1 X45.443 Y204.165
G1 X45.188 Y203.642
G1 X44.823 Y203.460
G1 X44.618 Y203.512
G1 X44.348 Y203.901
G1 X44.313 Y204.185
G0 Z5.000 F500.000
G0 X46.468 Y204.050 F3000.000
G1 Z1.000 F500.000
G4 P100
G1 X46.583 Y204.455 F1000.000
G1 X46.908 Y204.610
G1 X47.043 Y204.576
G1 X47.088 Y204.475
G1 X47.095 Y204.032
G1 X47.193 Y203.995
G1 X47.375 Y204.107
G1 X47.520 Y204.415
G1 X47.578 Y204.845
G1 X47.533 Y205.148
G1 X47.423 Y205.270
G1 X47.343 Y205.243
G1 X47.213 Y205.023
G1 X47.038 Y204.975
G1 X46.863 Y205.053
G1 X46.798 Y205.290
G1 X46.953 Y205.690
G1 X47.353 Y205.835
G1 X47.733 Y205.732
G1 X47.993 Y205.435
G1 X48.330 Y205.735
G1 X48.698 Y205.835
G1 X48.995 Y205.745
G1 X49.098 Y205.455
G1 X49.013 Y205.102
G1 X48.808 Y204.975
G1 X48.658 Y205.020
G1 X48.498 Y205.270
G1 X48.370 Y205.157
G1 X48.208 Y204.475
G1 X48.320 Y204.113
G1 X48.628 Y203.985
G1 X48.995 Y204.118
G1 X49.533 Y204.600
G1 X49.635 Y204.540
G1 X49.673 Y204.375
G1 X49.578 Y204.065
G1 X49.095 Y203.632
G1 X48.503 Y203.460
G1 X48.050 Y203.555
G1 X47.738 Y203.825
G1 X47.427 Y203.555
G1 X47.063 Y203.465
G1 X46.817 Y203.505
G1 X46.508 Y203.811
G1 X46.468 Y204.050
G0 Z5.000 F500.000
G0 X51.661 Y204.275 F3000.000
G1 Z1.000 F500.000
G4 P100
G1 X51.707 Y204.664 F1000.000
G1 X52.061 Y205.355
G1 X52.655 Y205.771
G1 X53.121 Y205.800
G1 X53.361 Y207.045
G1 X53.493 Y207.325
G1 X53.726 Y207.405
G1 X53.933 Y207.360
G1 X53.996 Y207.210
G1 X53.586 Y205.370
G1 X53.891 Y205.711
G1 X54.236 Y205.825
G1 X54.512 Y205.769
G1 X54.721 Y205.602
G1 X54.852 Y205.343
G1 X54.896 Y205.010
G1 X54.813 Y204.498
G1 X54.581 Y204.040
G1 X54.761 Y204.010
G1 X55.076 Y204.130
G1 X55.596 Y204.600
G1 X55.698 Y204.540
G1 X55.736 Y204.375
G1 X55.641 Y204.065
G1 X55.168 Y203.630
G1 X54.909 Y203.502
G1 X54.372 Y203.507
G1 X54.181 Y203.650
G1 X53.882 Y203.507
G1 X53.451 Y203.485
G1 X53.431 Y202.085
G1 X53.357 Y201.879
G1 X53.136 Y201.810
G1 X52.923 Y201.875
G1 X52.846 Y202.075
G1 X52.971 Y203.915
G1 X52.658 Y203.565
G1 X52.341 Y203.460
G1 X52.062 Y203.516
G1 X51.846 Y203.685
G1 X51.707 Y203.945
G1 X51.661 Y204.275
G0 Z5.000 F500.000
G0 X52.348 Y204.040 F3000.000
G1 Z1.000 F500.000
G4 P100
G1 X52.521 Y203.965 F1000.000
G1 X52.741 Y204.107
G1 X52.891 Y204.505
G1 X53.051 Y205.360
G1 X52.671 Y205.202
G1 X52.391 Y204.800
G1 X52.286 Y204.270
G1 X52.348 Y204.040
G0 Z5.000 F500.000
G0 X53.506 Y203.925 F3000.000
G1 Z1.000 F500.000
G4 P100
G1 X53.886 Y204.083 F1000.000
G1 X54.166 Y204.485
G1 X54.271 Y205.015
G1 X54.208 Y205.245
G1 X54.036 Y205.320
G1 X53.816 Y205.178
G1 X53.666 Y204.780
G1 X53.506 Y203.925
G0 Z5.000 F500.000
G0 X55.007 Y203.763 F3000.000
G1 Z1.000 F500.000
G4 P100
G1 X55.416 Y204.515 F1000.000
G1 X55.406 Y205.530
G1 X55.521 Y205.760
G1 X55.821 Y205.845
G1 X55.973 Y205.803
G1 X56.031 Y205.450
G1 X56.346 Y205.738
G1 X56.676 Y205.825
G1 X56.930 Y205.769
G1 X57.133 Y205.600
G1 X57.266 Y205.340
G1 X57.311 Y205.010
G1 X57.226 Y204.495
G1 X56.991 Y204.040
G1 X57.166 Y204.010
G1 X57.481 Y204.130
G1 X58.001 Y204.600
G1 X58.103 Y204.540
G1 X58.141 Y204.375
G1 X58.046 Y204.065
G1 X57.583 Y203.630
G1 X57.319 Y203.502
G1 X56.781 Y203.507
G1 X56.591 Y203.650
G1 X55.996 Y203.460
G1 X55.889 Y202.574
G1 X55.701 Y201.847
G1 X55.417 Y201.362
G1 X55.026 Y201.200
G1 X54.791 Y201.249
G1 X54.626 Y201.395
G1 X54.496 Y201.935
G1 X54.721 Y203.077
G1 X55.007 Y203.763
G0 Z5.000 F500.000
G0 X55.066 Y202.785 F3000.000
G1 Z1.000 F500.000
G4 P100
G1 X54.941 Y202.020 F1000.000
G1 X54.978 Y201.775
G1 X55.066 Y201.690
G1 X55.189 Y201.837
G1 X55.291 Y202.278
G1 X55.406 Y203.740
G1 X55.066 Y202.785
G0 Z5.000 F500.000
G0 X56.021 Y203.940 F3000.000
G1 Z1.000 F500.000
G4 P100
G1 X56.353 Y204.137 F1000.000
G1 X56.596 Y204.528
G1 X56.686 Y205.015
G1 X56.626 Y205.243
G1 X56.466 Y205.320
G1 X56.267 Y205.225
G1 X56.031 Y204.940
G1 X56.021 Y203.940
G0 Z5.000 F500.000
G0 X57.671 Y204.275 F3000.000
G1 Z1.000 F500.000
G4 P100
G1 X57.717 Y204.664 F1000.000
G1 X58.071 Y205.355
G1 X58.665 Y205.771
G1 X59.001 Y205.825
G1 X59.148 Y205.782
G1 X59.211 Y205.630
G1 X59.614 Y205.606
G1 X59.676 Y205.475
G1 X59.486 Y204.175
G1 X59.523 Y204.055
G1 X59.621 Y204.010
G1 X59.851 Y204.132
G1 X60.351 Y204.600
G1 X60.453 Y204.540
G1 X60.491 Y204.375
G1 X60.396 Y204.065
G1 X59.961 Y203.635
G1 X59.516 Y203.460
G1 X59.213 Y203.572
G1 X59.006 Y203.880
G1 X58.712 Y203.565
G1 X58.351 Y203.460
G1 X58.072 Y203.516
G1 X57.856 Y203.685
G1 X57.717 Y203.945
G1 X57.671 Y204.275
G0 Z5.000 F500.000
G0 X58.358 Y204.040 F3000.000
G1 Z1.000 F500.000
G4 P100
G1 X58.531 Y203.965 F1000.000
G1 X58.741 Y204.095
G1 X58.886 Y204.440
G1 X59.071 Y205.360
G1 X58.683 Y205.202
G1 X58.401 Y204.800
G1 X58.296 Y204.270
G1 X58.358 Y204.040
G0 Z5.000 F500.000
G0 X60.096 Y204.300 F3000.000
G1 Z1.000 F500.000
G4 P100
G1 X60.281 Y205.535 F1000.000
G1 X60.426 Y205.748
G1 X60.716 Y205.815
G1 X60.856 Y205.790
G1 X60.896 Y205.695
G1 X60.746 Y204.935
G1 X61.386 Y204.935
G1 X61.653 Y205.750
G1 X62.061 Y205.787
G1 X62.106 Y205.685
G1 X61.841 Y204.210
G1 X61.881 Y204.062
G1 X61.986 Y204.010
G1 X62.223 Y204.132
G1 X62.726 Y204.600
G1 X62.828 Y204.540
G1 X62.866 Y204.375
G1 X62.771 Y204.065
G1 X62.298 Y203.630
G1 X61.746 Y203.460
G1 X61.524 Y203.500
G1 X61.381 Y203.620
G1 X61.276 Y204.100
G1 X61.301 Y204.425
G1 X60.691 Y204.435
G1 X60.666 Y203.700
G1 X60.606 Y203.517
G1 X60.441 Y203.460
G1 X60.279 Y203.510
G1 X60.173 Y203.660
G1 X60.096 Y204.300
G0 Z5.000 F500.000
G0 X62.497 Y203.898 F3000.000
G1 Z1.000 F500.000
G4 P100
G1 X62.511 Y204.868 F1000.000
G1 X62.676 Y205.535
G1 X62.818 Y205.752
G1 X63.101 Y205.815
G1 X63.251 Y205.782
G1 X63.296 Y205.675
G1 X63.086 Y204.225
G1 X63.166 Y204.180
G1 X63.314 Y204.275
G1 X63.491 Y204.560
G1 X63.966 Y205.752
G1 X64.211 Y205.815
G1 X64.371 Y205.787
G1 X64.416 Y205.685
G1 X64.191 Y204.580
G1 X64.171 Y204.132
G1 X64.393 Y204.070
G1 X64.406 Y203.930
G1 X65.101 Y204.365
G1 X65.203 Y204.305
G1 X65.241 Y204.145
G1 X65.096 Y203.865
G1 X64.376 Y203.415
G1 X64.096 Y202.498
G1 X63.881 Y202.205
G1 X63.618 Y202.025
G1 X63.321 Y201.965
G1 X62.973 Y202.105
G1 X62.836 Y202.455
G1 X62.923 Y202.798
G1 X63.243 Y203.160
G1 X63.901 Y203.615
G1 X63.673 Y203.792
G1 X63.591 Y204.165
G1 X63.343 Y203.650
G1 X63.166 Y203.507
G1 X62.769 Y203.511
G1 X62.497 Y203.898
G0 Z5.000 F500.000
G0 X63.451 Y202.829 F3000.000
G1 Z1.000 F500.000
G4 P100
G1 X63.321 Y202.545 F1000.000
G1 X63.426 Y202.435
G1 X63.676 Y202.625
G1 X63.841 Y203.130
G1 X63.451 Y202.829
G0 Z5.000 F500.000
G0 X64.813 Y202.260 F3000.000
G1 Z1.000 F500.000
G4 P100
G1 X65.213 Y202.822 F1000.000
G1 X66.041 Y203.550
G1 X66.136 Y204.195
G1 X65.856 Y203.648
G1 X65.671 Y203.507
G1 X65.271 Y203.512
G1 X65.108 Y203.667
G1 X64.966 Y204.185
G1 X65.016 Y204.873
G1 X65.181 Y205.535
G1 X65.321 Y205.750
G1 X65.606 Y205.815
G1 X65.758 Y205.780
G1 X65.801 Y205.675
G1 X65.566 Y204.370
G1 X65.671 Y204.180
G1 X65.858 Y204.330
G1 X66.098 Y204.785
G1 X66.468 Y205.750
G1 X66.876 Y205.785
G1 X66.921 Y205.685
G1 X66.661 Y204.020
G1 X67.526 Y204.590
G1 X67.628 Y204.528
G1 X67.631 Y204.190
G1 X66.561 Y203.430
G1 X66.341 Y202.506
G1 X66.063 Y201.803
G1 X65.714 Y201.358
G1 X65.281 Y201.210
G1 X64.866 Y201.368
G1 X64.706 Y201.780
G1 X64.813 Y202.260
G0 Z5.000 F500.000
G0 X65.196 Y201.890 F3000.000
G1 Z1.000 F500.000
G4 P100
G1 X65.228 Y201.750 F1000.000
G1 X65.336 Y201.695
G1 X65.468 Y201.767
G1 X65.616 Y201.985
G1 X65.926 Y202.950
G1 X65.368 Y202.358
G1 X65.196 Y201.890
G0 Z5.000 F500.000
G0 X66.974 Y202.214 F3000.000
G1 Z1.000 F500.000
G4 P100
G1 X67.166 Y202.620 F1000.000
G1 X67.517 Y203.045
G1 X68.061 Y203.520
G1 X67.471 Y203.920
G1 X67.391 Y204.130
G1 X67.491 Y204.380
G1 X68.203 Y204.678
G1 X68.488 Y204.885
G1 X68.611 Y205.200
G1 X68.551 Y205.360
G1 X68.351 Y205.415
G1 X67.798 Y205.218
G1 X67.534 Y205.243
G1 X67.486 Y205.385
G1 X67.598 Y205.620
G1 X67.921 Y205.795
G1 X68.411 Y205.860
G1 X68.720 Y205.817
G1 X68.938 Y205.690
G1 X69.068 Y205.494
G1 X69.111 Y205.245
G1 X69.031 Y204.864
G1 X68.793 Y204.560
G1 X67.976 Y204.150
G1 X68.501 Y203.840
G1 X69.701 Y204.590
G1 X69.803 Y204.530
G1 X69.806 Y204.189
G1 X68.691 Y203.445
G1 X68.683 Y202.659
G1 X68.553 Y202.213
G1 X68.093 Y201.490
G1 X67.798 Y201.280
G1 X67.486 Y201.210
G1 X67.061 Y201.363
G1 X66.911 Y201.795
G1 X66.974 Y202.214
G0 Z5.000 F500.000
G0 X67.401 Y201.880 F3000.000
G1 Z1.000 F500.000
G4 P100
G1 X67.436 Y201.730 F1000.000
G1 X67.541 Y201.680
G1 X67.808 Y201.903
G1 X68.058 Y202.440
G1 X68.161 Y203.045
G1 X67.591 Y202.434
G1 X67.401 Y201.880
G0 Z5.000 F500.000
G0 X69.728 Y203.738 F3000.000
G1 Z1.000 F500.000
G4 P100
G1 X69.524 Y204.059 F1000.000
G1 X69.456 Y204.470
G1 X69.616 Y205.180
G1 X70.031 Y205.650
G1 X70.292 Y205.774
G1 X70.810 Y205.774
G1 X71.108 Y205.467
G1 X71.146 Y205.235
G1 X71.053 Y204.880
G1 X70.811 Y204.735
G1 X70.658 Y204.780
G1 X70.618 Y205.290
G1 X70.526 Y205.325
G1 X70.311 Y205.222
G1 X70.151 Y204.945
G1 X70.122 Y204.306
G1 X70.375 Y204.016
G1 X70.596 Y203.980
G1 X71.038 Y204.118
G1 X71.641 Y204.600
G1 X71.743 Y204.540
G1 X71.781 Y204.375
G1 X71.686 Y204.065
G1 X71.123 Y203.618
G1 X70.491 Y203.460
G1 X70.055 Y203.529
G1 X69.728 Y203.738
G0 Z5.000 F500.000
G0 X71.463 Y203.660 F3000.000
G1 Z1.000 F500.000
G4 P100
G1 X71.386 Y204.300 F1000.000
G1 X71.432 Y204.934
G1 X71.571 Y205.535
G1 X71.718 Y205.748
G1 X72.006 Y205.815
G1 X72.146 Y205.790
G1 X72.186 Y205.695
G1 X71.971 Y204.515
G1 X72.174 Y205.115
G1 X72.426 Y205.515
G1 X72.729 Y205.740
G1 X73.091 Y205.815
G1 X73.498 Y205.653
G1 X73.646 Y205.235
G1 X73.553 Y204.880
G1 X73.311 Y204.735
G1 X73.158 Y204.780
G1 X73.101 Y204.905
G1 X73.151 Y205.190
G1 X73.021 Y205.325
G1 X72.826 Y205.222
G1 X72.673 Y204.947
G1 X72.616 Y204.575
G1 X72.741 Y204.143
G1 X73.101 Y203.980
G1 X73.431 Y204.102
G1 X73.966 Y204.600
G1 X74.068 Y204.540
G1 X74.106 Y204.375
G1 X74.011 Y204.065
G1 X73.561 Y203.627
G1 X73.321 Y203.502
G1 X73.051 Y203.460
G1 X72.623 Y203.562
G1 X72.311 Y203.810
G1 X72.156 Y204.090
G1 X71.953 Y203.535
G1 X71.731 Y203.460
G1 X71.569 Y203.510
G1 X71.463 Y203.660
G0 Z5.000 F500.000
G0 X73.736 Y203.901 F3000.000
G1 Z1.000 F500.000
G4 P100
G1 X73.751 Y204.873 F1000.000
G1 X73.916 Y205.535
G1 X74.056 Y205.750
G1 X74.341 Y205.815
G1 X74.493 Y205.780
G1 X74.536 Y205.675
G1 X74.326 Y204.222
G1 X74.406 Y204.180
G1 X74.593 Y204.330
G1 X75.203 Y205.750
G1 X75.451 Y205.815
G1 X75.611 Y205.787
G1 X75.656 Y205.685
G1 X75.391 Y204.210
G1 X75.431 Y204.062
G1 X75.536 Y204.010
G1 X75.773 Y204.132
G1 X76.276 Y204.600
G1 X76.378 Y204.540
G1 X76.416 Y204.375
G1 X76.321 Y204.065
G1 X75.858 Y203.630
G1 X75.594 Y203.502
G1 X75.088 Y203.506
G1 X74.943 Y203.645
G1 X74.831 Y204.165
G1 X74.576 Y203.642
G1 X74.211 Y203.460
G1 X74.006 Y203.512
G1 X73.736 Y203.901
G0 Z5.000 F500.000
G0 X75.856 Y204.050 F3000.000
G1 Z1.000 F500.000
G4 P100
G1 X75.971 Y204.455 F1000.000
G1 X76.296 Y204.610
G1 X76.431 Y204.576
G1 X76.476 Y204.475
G1 X76.483 Y204.032
G1 X76.581 Y203.995
G1 X76.763 Y204.107
G1 X76.908 Y204.415
G1 X76.966 Y204.845
G1 X76.921 Y205.148
G1 X76.811 Y205.270
G1 X76.731 Y205.243
G1 X76.601 Y205.023
G1 X76.426 Y204.975
G1 X76.251 Y205.053
G1 X76.186 Y205.290
G1 X76.341 Y205.690
G1 X76.741 Y205.835
G1 X77.121 Y205.732
G1 X77.381 Y205.435
G1 X77.718 Y205.735
G1 X78.086 Y205.835
G1 X78.383 Y205.745
G1 X78.486 Y205.455
G1 X78.401 Y205.102
G1 X78.196 Y204.975
G1 X78.046 Y205.020
G1 X77.886 Y205.270
G1 X77.758 Y205.157
G1 X77.596 Y204.475
G1 X77.708 Y204.113
G1 X78.016 Y203.985
G1 X78.383 Y204.118
G1 X78.921 Y204.600
G1 X79.023 Y204.540
G1 X79.061 Y204.375
G1 X78.966 Y204.065
G1 X78.483 Y203.632
G1 X77.891 Y203.460
G1 X77.438 Y203.555
G1 X77.126 Y203.825
G1 X76.814 Y203.555
G1 X76.451 Y203.465
G1 X76.204 Y203.505
G1 X75.896 Y203.811
G1 X75.856 Y204.050
G0 Z5.000 F500.000
G0 X81.069 Y204.450 F3000.000
G1 Z1.000 F500.000
G4 P100
G1 X81.206 Y205.123 F1000.000
G1 X81.579 Y205.588
G1 X82.099 Y205.755
G1 X82.359 Y205.700
G1 X81.524 Y206.782
G1 X81.454 Y207.100
G1 X81.584 Y207.468
G1 X81.904 Y207.675
G1 X83.074 Y208.025
G1 X83.186 Y207.935
G1 X83.229 Y207.725
G1 X83.134 Y207.475
G1 X82.141 Y207.208
G1 X82.034 Y207.045
G1 X82.986 Y205.697
G1 X83.089 Y204.905
G1 X83.774 Y205.020
G1 X83.874 Y204.955
G1 X83.874 Y204.597
G1 X83.764 Y204.505
G1 X83.004 Y204.380
G1 X82.837 Y203.988
G1 X82.596 Y203.700
G1 X82.293 Y203.524
G1 X81.939 Y203.465
G1 X81.574 Y203.526
G1 X81.299 Y203.708
G1 X81.126 Y204.014
G1 X81.069 Y204.450
G0 Z5.000 F500.000
G0 X81.751 Y204.110 F3000.000
G1 Z1.000 F500.000
G4 P100
G1 X81.939 Y203.990 F1000.000
G1 X82.226 Y204.162
G1 X82.439 Y204.610
G1 X82.296 Y204.850
G1 X82.259 Y205.265
G1 X81.931 Y205.165
G1 X81.759 Y204.873
G1 X81.694 Y204.450
G1 X81.751 Y204.110
G0 Z5.000 F500.000
G0 X83.479 Y204.185 F3000.000
G1 Z1.000 F500.000
G4 P100
G1 X83.529 Y204.873 F1000.000
G1 X83.694 Y205.535
G1 X83.834 Y205.750
G1 X84.119 Y205.815
G1 X84.271 Y205.780
G1 X84.314 Y205.675
G1 X84.109 Y204.678
G1 X84.105 Y204.227
G1 X84.184 Y204.180
G1 X84.371 Y204.330
G1 X84.981 Y205.750
G1 X85.229 Y205.815
G1 X85.389 Y205.785
G1 X85.434 Y205.685
G1 X85.174 Y204.020
G1 X85.924 Y204.550
G1 X86.039 Y204.590
G1 X86.141 Y204.528
G1 X86.179 Y204.370
G1 X86.034 Y204.075
G1 X85.074 Y203.430
G1 X84.854 Y202.506
G1 X84.576 Y201.803
G1 X84.227 Y201.358
G1 X83.794 Y201.210
G1 X83.562 Y201.249
G1 X83.259 Y201.549
G1 X83.219 Y201.780
G1 X83.326 Y202.260
G1 X83.726 Y202.822
G1 X84.554 Y203.550
G1 X84.649 Y204.195
G1 X84.369 Y203.648
G1 X83.989 Y203.460
G1 X83.784 Y203.512
G1 X83.621 Y203.667
G1 X83.479 Y204.185
G0 Z5.000 F500.000
G0 X84.439 Y202.950 F3000.000
G1 Z1.000 F500.000
G4 P100
G1 X83.881 Y202.358 F1000.000
G1 X83.709 Y201.890
G1 X83.741 Y201.750
G1 X83.849 Y201.695
G1 X83.981 Y201.767
G1 X84.129 Y201.985
G1 X84.439 Y202.950
G0 Z5.000 F500.000
G0 X85.784 Y203.650 F3000.000
G1 Z1.000 F500.000
G4 P100
G1 X85.639 Y204.115 F1000.000
G1 X85.754 Y204.520
G1 X85.892 Y204.636
G1 X86.221 Y204.635
G1 X86.241 Y204.060
G1 X86.309 Y204.015
G1 X86.421 Y204.090
G1 X87.259 Y205.727
G1 X87.559 Y205.805
G1 X87.839 Y205.730
G1 X87.929 Y205.485
G1 X87.952 Y204.116
G1 X88.114 Y203.985
G1 X88.291 Y204.070
G1 X88.689 Y204.530
G1 X88.824 Y204.600
G1 X88.926 Y204.540
G1 X88.964 Y204.375
G1 X88.869 Y204.065
G1 X88.281 Y203.548
G1 X87.879 Y203.460
G1 X87.626 Y203.518
G1 X87.459 Y203.692
G1 X87.365 Y203.984
G1 X87.354 Y204.850
G1 X87.123 Y204.261
G1 X86.851 Y203.825
G1 X86.538 Y203.555
G1 X86.184 Y203.465
G1 X85.956 Y203.511
G1 X85.784 Y203.650
G0 Z5.000 F500.000
G0 X88.654 Y203.990 F3000.000
G1 Z1.000 F500.000
G4 P100
G1 X88.544 Y204.510 F1000.000
G1 X88.689 Y205.188
G1 X88.861 Y205.452
G1 X89.357 Y205.778
G1 X89.654 Y205.820
G1 X89.997 Y205.754
G1 X90.266 Y205.558
G1 X90.450 Y205.264
G1 X90.539 Y204.910
G1 X91.169 Y205.020
G1 X91.269 Y204.955
G1 X91.267 Y204.599
G1 X91.159 Y204.505
G1 X90.499 Y204.385
G1 X90.357 Y204.007
G1 X90.124 Y203.713
G1 X89.825 Y203.523
G1 X89.210 Y203.496
G1 X88.976 Y203.605
G1 X88.654 Y203.990
G0 Z5.000 F500.000
G0 X89.276 Y204.135 F3000.000
G1 Z1.000 F500.000
G4 P100
G1 X89.529 Y203.990 F1000.000
G1 X89.806 Y204.120
G1 X89.964 Y204.495
G1 X89.726 Y204.770
G1 X89.659 Y205.290
G1 X89.457 Y205.242
G1 X89.301 Y205.097
G1 X89.202 Y204.866
G1 X89.169 Y204.555
G1 X89.276 Y204.135
G0 Z5.000 F500.000
G0 X90.884 Y204.300 F3000.000
G1 Z1.000 F500.000
G4 P100
G1 X91.069 Y205.535 F1000.000
G1 X91.216 Y205.748
G1 X91.504 Y205.815
G1 X91.644 Y205.790
G1 X91.684 Y205.695
G1 X91.469 Y204.515
G1 X91.672 Y205.115
G1 X91.924 Y205.515
G1 X92.227 Y205.740
G1 X92.589 Y205.815
G1 X92.996 Y205.653
G1 X93.144 Y205.235
G1 X93.051 Y204.880
G1 X92.809 Y204.735
G1 X92.656 Y204.780
G1 X92.599 Y204.905
G1 X92.616 Y205.291
G1 X92.519 Y205.325
G1 X92.324 Y205.222
G1 X92.171 Y204.947
G1 X92.114 Y204.575
G1 X92.239 Y204.143
G1 X92.599 Y203.980
G1 X92.929 Y204.102
G1 X93.464 Y204.600
G1 X93.566 Y204.540
G1 X93.604 Y204.375
G1 X93.509 Y204.065
G1 X93.059 Y203.627
G1 X92.549 Y203.460
G1 X92.121 Y203.562
G1 X91.809 Y203.810
G1 X91.654 Y204.090
G1 X91.451 Y203.535
G1 X91.229 Y203.460
G1 X91.067 Y203.510
G1 X90.961 Y203.660
G1 X90.884 Y204.300
G0 Z5.000 F500.000
G0 X93.136 Y203.435 F3000.000
G1 Z1.000 F500.000
G4 P100
G1 X93.281 Y204.255 F1000.000
G1 X93.584 Y204.390
G1 X93.856 Y204.292
G1 X93.949 Y204.030
G1 X93.844 Y203.565
G1 X93.431 Y202.755
G1 X93.279 Y202.695
G1 X93.104 Y202.745
G1 X93.039 Y202.905
G1 X93.136 Y203.435
G0 Z5.000 F500.000
G0 X96.761 Y202.148 F3000.000
G1 Z1.000 F500.000
G4 P100
G1 X96.971 Y202.542 F1000.000
G1 X97.374 Y202.997
G1 X98.021 Y203.545
G1 X98.051 Y203.740
G1 X97.829 Y203.532
G1 X97.556 Y203.460
G1 X97.278 Y203.516
G1 X97.061 Y203.685
G1 X96.923 Y203.945
G1 X96.876 Y204.275
G1 X97.061 Y205.032
G1 X97.277 Y205.355
G1 X97.871 Y205.771
G1 X98.206 Y205.825
G1 X98.354 Y205.782
G1 X98.416 Y205.630
G1 X98.814 Y205.613
G1 X98.861 Y205.370
G1 X98.646 Y204.020
G1 X99.501 Y204.590
G1 X99.604 Y204.528
G1 X99.606 Y204.190
G1 X98.546 Y203.430
G1 X98.327 Y202.506
G1 X98.049 Y201.803
G1 X97.700 Y201.358
G1 X97.266 Y201.210
G1 X96.851 Y201.368
G1 X96.691 Y201.780
G1 X96.761 Y202.148
G0 Z5.000 F500.000
G0 X97.181 Y201.890 F3000.000
G1 Z1.000 F500.000
G4 P100
G1 X97.214 Y201.750 F1000.000
G1 X97.321 Y201.695
G1 X97.455 Y201.770
G1 X97.604 Y201.995
G1 X97.906 Y202.950
G1 X97.351 Y202.355
G1 X97.181 Y201.890
G0 Z5.000 F500.000
G0 X97.736 Y203.965 F3000.000
G1 Z1.000 F500.000
G4 P100
G1 X97.956 Y204.105 F1000.000
G1 X98.266 Y205.360
G1 X97.886 Y205.202
G1 X97.606 Y204.800
G1 X97.501 Y204.270
G1 X97.564 Y204.040
G1 X97.736 Y203.965
G0 Z5.000 F500.000
G0 X99.271 Y204.275 F3000.000
G1 Z1.000 F500.000
G4 P100
G1 X99.318 Y204.664 F1000.000
G1 X99.672 Y205.355
G1 X100.266 Y205.771
G1 X100.601 Y205.825
G1 X100.749 Y205.782
G1 X100.811 Y205.630
G1 X101.215 Y205.606
G1 X101.276 Y205.475
G1 X101.086 Y204.175
G1 X101.124 Y204.055
G1 X101.221 Y204.010
G1 X101.451 Y204.132
G1 X101.951 Y204.600
G1 X102.054 Y204.540
G1 X102.091 Y204.375
G1 X101.996 Y204.065
G1 X101.561 Y203.635
G1 X101.116 Y203.460
G1 X100.814 Y203.572
G1 X100.606 Y203.880
G1 X100.313 Y203.565
G1 X99.951 Y203.460
G1 X99.673 Y203.516
G1 X99.456 Y203.685
G1 X99.318 Y203.945
G1 X99.271 Y204.275
G0 Z5.000 F500.000
G0 X99.959 Y204.040 F3000.000
G1 Z1.000 F500.000
G4 P100
G1 X100.131 Y203.965 F1000.000
G1 X100.341 Y204.095
G1 X100.486 Y204.440
G1 X100.671 Y205.360
G1 X100.284 Y205.202
G1 X100.001 Y204.800
G1 X99.896 Y204.270
G1 X99.959 Y204.040
G0 Z5.000 F500.000
G0 X104.179 Y204.960 F3000.000
G1 Z1.000 F500.000
G4 P100
G1 X104.339 Y206.363 F1000.000
G1 X104.536 Y207.064
G1 X104.807 Y207.653
G1 X105.144 Y208.052
G1 X105.539 Y208.185
G1 X105.747 Y208.136
G1 X106.014 Y207.761
G1 X106.049 Y207.475
G1 X105.894 Y206.660
G1 X105.379 Y205.810
G1 X105.683 Y205.728
G1 X105.924 Y205.532
G1 X106.092 Y205.251
G1 X106.174 Y204.910
G1 X106.804 Y205.020
G1 X106.904 Y204.955
G1 X106.904 Y204.597
G1 X106.794 Y204.505
G1 X106.134 Y204.385
G1 X105.990 Y204.010
G1 X105.757 Y203.715
G1 X105.465 Y203.524
G1 X105.144 Y203.460
G1 X104.708 Y203.556
G1 X104.409 Y203.845
G1 X104.237 Y204.316
G1 X104.179 Y204.960
G0 Z5.000 F500.000
G0 X104.804 Y204.575 F3000.000
G1 Z1.000 F500.000
G4 P100
G1 X104.912 Y204.140 F1000.000
G1 X105.164 Y203.990
G1 X105.439 Y204.120
G1 X105.599 Y204.495
G1 X105.362 Y204.770
G1 X105.299 Y205.320
G1 X105.100 Y205.269
G1 X104.942 Y205.118
G1 X104.804 Y204.575
G0 Z5.000 F500.000
G0 X104.839 Y205.470 F3000.000
G1 Z1.000 F500.000
G4 P100
G1 X105.515 Y206.974 F1000.000
G1 X105.564 Y207.360
G1 X105.527 Y207.605
G1 X105.424 Y207.690
G1 X105.207 Y207.392
G1 X104.989 Y206.585
G1 X104.839 Y205.470
G0 Z5.000 F500.000
G0 X106.714 Y205.535 F3000.000
G1 Z1.000 F500.000
G4 P100
G1 X106.862 Y205.748 F1000.000
G1 X107.328 Y205.785
G1 X107.384 Y205.695
G1 X107.204 Y204.885
G1 X107.527 Y205.107
G1 X107.909 Y205.195
G1 X108.289 Y205.058
G1 X108.459 Y204.670
G1 X109.112 Y205.755
G1 X109.349 Y205.815
G1 X109.541 Y205.773
G1 X109.604 Y205.645
G1 X109.389 Y204.320
G1 X109.429 Y204.090
G1 X109.564 Y204.010
G1 X109.789 Y204.135
G1 X110.284 Y204.600
G1 X110.387 Y204.540
G1 X110.424 Y204.375
G1 X110.329 Y204.065
G1 X109.851 Y203.611
G1 X109.404 Y203.460
G1 X109.124 Y203.517
G1 X108.932 Y203.690
G1 X108.821 Y203.958
G1 X108.784 Y204.375
G1 X108.177 Y203.710
G1 X107.836 Y203.523
G1 X107.479 Y203.460
G1 X107.089 Y203.525
G1 X106.787 Y203.720
G1 X106.594 Y204.018
G1 X106.529 Y204.390
G1 X106.574 Y204.960
G1 X106.714 Y205.535
G0 Z5.000 F500.000
G0 X107.159 Y204.355 F3000.000
G1 Z1.000 F500.000
G4 P100
G1 X107.264 Y204.080 F1000.000
G1 X107.524 Y203.990
G1 X107.834 Y204.100
G1 X107.944 Y204.405
G1 X107.873 Y204.604
G1 X107.659 Y204.670
G1 X107.362 Y204.575
G1 X107.159 Y204.355
G0 Z5.000 F500.000
G0 X110.029 Y204.300 F3000.000
G1 Z1.000 F500.000
G4 P100
G1 X110.214 Y205.535 F1000.000
G1 X110.362 Y205.748
G1 X110.649 Y205.815
G1 X110.789 Y205.790
G1 X110.829 Y205.695
G1 X110.624 Y204.615
G1 X110.994 Y205.315
G1 X111.397 Y205.700
G1 X111.759 Y205.815
G1 X112.003 Y205.734
G1 X112.084 Y205.490
G1 X111.879 Y204.210
G1 X111.916 Y204.060
G1 X112.024 Y204.010
G1 X112.262 Y204.132
G1 X112.764 Y204.600
G1 X112.867 Y204.540
G1 X112.904 Y204.375
G1 X112.809 Y204.065
G1 X112.347 Y203.630
G1 X111.784 Y203.460
G1 X111.561 Y203.497
G1 X111.302 Y203.788
G1 X111.269 Y204.035
G1 X111.404 Y204.970
G1 X111.349 Y205.050
G1 X111.167 Y204.882
G1 X110.927 Y204.440
G1 X110.602 Y203.542
G1 X110.374 Y203.460
G1 X110.212 Y203.510
G1 X110.107 Y203.660
G1 X110.029 Y204.300
G0 Z5.000 F500.000
G0 X112.497 Y204.083 F3000.000
G1 Z1.000 F500.000
G4 P100
G1 X112.424 Y204.525 F1000.000
G1 X112.569 Y205.167
G1 X112.972 Y205.640
G1 X113.554 Y205.815
G1 X113.816 Y205.772
G1 X114.019 Y205.642
G1 X114.151 Y205.439
G1 X114.194 Y205.175
G1 X114.132 Y204.854
G1 X113.947 Y204.583
G1 X113.614 Y204.361
G1 X113.109 Y204.190
G1 X113.291 Y204.018
G1 X113.584 Y203.960
G1 X114.097 Y204.118
G1 X114.729 Y204.600
G1 X114.832 Y204.540
G1 X114.869 Y204.375
G1 X114.774 Y204.065
G1 X114.252 Y203.650
G1 X113.529 Y203.460
G1 X113.063 Y203.531
G1 X112.714 Y203.745
G1 X112.497 Y204.083
G0 Z5.000 F500.000
G0 X113.029 Y204.590 F3000.000
G1 Z1.000 F500.000
G4 P100
G1 X113.494 Y204.790 F1000.000
G1 X113.622 Y204.941
G1 X113.612 Y205.267
G1 X113.469 Y205.325
G1 X113.299 Y205.271
G1 X113.157 Y205.110
G1 X113.029 Y204.590
G0 Z5.000 F500.000
G0 X114.514 Y204.873 F3000.000
G1 Z1.000 F500.000
G4 P100
G1 X114.679 Y205.535 F1000.000
G1 X114.819 Y205.750
G1 X115.257 Y205.780
G1 X115.299 Y205.675
G1 X115.064 Y204.370
G1 X115.169 Y204.180
G1 X115.357 Y204.330
G1 X115.597 Y204.785
G1 X115.967 Y205.750
G1 X116.374 Y205.787
G1 X116.419 Y205.685
G1 X116.154 Y204.210
G1 X116.194 Y204.062
G1 X116.299 Y204.010
G1 X116.537 Y204.132
G1 X117.039 Y204.600
G1 X117.142 Y204.540
G1 X117.179 Y204.375
G1 X117.084 Y204.065
G1 X116.622 Y203.630
G1 X116.357 Y203.502
G1 X115.851 Y203.506
G1 X115.707 Y203.645
G1 X115.594 Y204.165
G1 X115.339 Y203.642
G1 X114.974 Y203.460
G1 X114.770 Y203.512
G1 X114.500 Y203.901
G1 X114.514 Y204.873
G0 Z5.000 F500.000
G0 X115.109 Y206.240 F3000.000
G1 Z1.000 F500.000
G4 P100
G1 X114.839 Y206.490 F1000.000
G1 X114.744 Y206.820
G1 X114.824 Y207.023
G1 X115.029 Y207.100
G1 X115.219 Y207.040
G1 X115.408 Y206.678
G1 X115.589 Y206.625
G1 X115.994 Y206.757
G1 X116.329 Y207.222
G1 X116.587 Y207.208
G1 X116.629 Y207.005
G1 X116.444 Y206.605
G1 X116.074 Y206.278
G1 X115.514 Y206.145
G1 X115.109 Y206.240
G0 Z5.000 F500.000
G0 X119.007 Y204.125 F3000.000
G1 Z1.000 F500.000
G4 P100
G1 X119.502 Y204.760 F1000.000
G1 X120.062 Y206.026
G1 X120.322 Y206.110
G1 X120.513 Y206.059
G1 X120.775 Y205.727
G1 X121.032 Y205.670
G1 X121.652 Y205.825
G1 X121.787 Y205.775
G1 X121.837 Y205.625
G1 X121.792 Y205.417
G1 X121.657 Y205.255
G1 X120.975 Y204.657
G1 X120.827 Y204.436
G1 X120.777 Y204.215
G1 X120.855 Y204.028
G1 X121.087 Y203.965
G1 X121.627 Y204.118
G1 X122.277 Y204.600
G1 X122.380 Y204.540
G1 X122.417 Y204.375
G1 X122.322 Y204.065
G1 X121.732 Y203.583
G1 X121.022 Y203.410
G1 X120.648 Y203.454
G1 X120.375 Y203.588
G1 X120.208 Y203.808
G1 X120.152 Y204.115
G1 X120.208 Y204.434
G1 X120.375 Y204.713
G1 X121.017 Y205.260
G1 X120.792 Y205.225
G1 X120.515 Y205.310
G1 X120.332 Y205.565
G1 X120.007 Y204.685
G1 X119.670 Y204.213
G1 X119.307 Y203.830
G1 X119.117 Y203.740
G1 X118.987 Y203.798
G1 X118.937 Y203.940
G1 X119.007 Y204.125
G0 Z5.000 F500.000
G0 X121.942 Y204.275 F3000.000
G1 Z1.000 F500.000
G4 P100
G1 X121.988 Y204.664 F1000.000
G1 X122.343 Y205.355
G1 X122.937 Y205.771
G1 X123.272 Y205.825
G1 X123.420 Y205.782
G1 X123.482 Y205.630
G1 X123.886 Y205.606
G1 X123.947 Y205.475
G1 X123.757 Y204.175
G1 X123.795 Y204.055
G1 X123.892 Y204.010
G1 X124.122 Y204.132
G1 X124.622 Y204.600
G1 X124.725 Y204.540
G1 X124.762 Y204.375
G1 X124.667 Y204.065
G1 X124.232 Y203.635
G1 X123.787 Y203.460
G1 X123.485 Y203.572
G1 X123.277 Y203.880
G1 X122.983 Y203.565
G1 X122.622 Y203.460
G1 X122.343 Y203.516
G1 X122.127 Y203.685
G1 X121.988 Y203.945
G1 X121.942 Y204.275
G0 Z5.000 F500.000
G0 X122.630 Y204.040 F3000.000
G1 Z1.000 F500.000
G4 P100
G1 X122.802 Y203.965 F1000.000
G1 X123.012 Y204.095
G1 X123.157 Y204.440
G1 X123.342 Y205.360
G1 X122.955 Y205.202
G1 X122.672 Y204.800
G1 X122.567 Y204.270
G1 X122.630 Y204.040
G0 Z5.000 F500.000
G0 X124.367 Y204.300 F3000.000
G1 Z1.000 F500.000
G4 P100
G1 X124.552 Y205.535 F1000.000
G1 X124.700 Y205.748
G1 X124.987 Y205.815
G1 X125.127 Y205.790
G1 X125.167 Y205.695
G1 X125.017 Y204.935
G1 X125.462 Y204.935
G1 X125.612 Y205.299
G1 X125.852 Y205.580
G1 X126.161 Y205.760
G1 X126.517 Y205.820
G1 X126.860 Y205.754
G1 X127.130 Y205.558
G1 X127.314 Y205.264
G1 X127.402 Y204.910
G1 X128.032 Y205.020
G1 X128.132 Y204.955
G1 X128.167 Y204.790
G1 X128.131 Y204.599
G1 X128.022 Y204.505
G1 X127.362 Y204.385
G1 X127.221 Y204.007
G1 X126.987 Y203.713
G1 X126.688 Y203.523
G1 X126.352 Y203.460
G1 X125.860 Y203.593
G1 X125.540 Y203.942
G1 X125.412 Y204.425
G1 X124.957 Y204.425
G1 X124.877 Y203.517
G1 X124.712 Y203.460
G1 X124.550 Y203.510
G1 X124.445 Y203.660
G1 X124.367 Y204.300
G0 Z5.000 F500.000
G0 X126.140 Y204.135 F3000.000
G1 Z1.000 F500.000
G4 P100
G1 X126.392 Y203.990 F1000.000
G1 X126.670 Y204.120
G1 X126.827 Y204.495
G1 X126.590 Y204.770
G1 X126.522 Y205.290
G1 X126.320 Y205.242
G1 X126.165 Y205.097
G1 X126.065 Y204.866
G1 X126.032 Y204.555
G1 X126.140 Y204.135
G0 Z5.000 F500.000
G0 X127.702 Y203.870 F3000.000
G1 Z1.000 F500.000
G4 P100
G1 X127.820 Y204.255 F1000.000
G1 X128.122 Y204.390
G1 X128.395 Y204.292
G1 X128.487 Y204.030
G1 X128.382 Y203.565
G1 X127.970 Y202.755
G1 X127.817 Y202.695
G1 X127.642 Y202.745
G1 X127.577 Y202.905
G1 X127.702 Y203.870
G0 Z5.000 F500.000
G0 X128.257 Y204.885 F3000.000
G1 Z1.000 F500.000
G4 P100
G1 X127.925 Y205.005 F1000.000
G1 X127.812 Y205.320
G1 X127.940 Y205.680
G1 X128.297 Y205.815
G1 X128.630 Y205.708
G1 X128.742 Y205.390
G1 X128.612 Y205.023
G1 X128.257 Y204.885
G0 Z5.000 F500.000
G0 X131.536 Y204.934 F3000.000
G1 Z1.000 F500.000
G4 P100
G1 X131.675 Y205.535 F1000.000
G1 X131.823 Y205.748
G1 X132.110 Y205.815
G1 X132.250 Y205.790
G1 X132.290 Y205.695
G1 X132.085 Y204.615
G1 X132.455 Y205.315
G1 X132.858 Y205.700
G1 X133.220 Y205.815
G1 X133.464 Y205.734
G1 X133.545 Y205.490
G1 X133.340 Y204.210
G1 X133.376 Y204.060
G1 X133.485 Y204.010
G1 X133.723 Y204.132
G1 X134.225 Y204.600
G1 X134.328 Y204.540
G1 X134.365 Y204.375
G1 X134.270 Y204.065
G1 X133.808 Y203.630
G1 X133.543 Y203.502
G1 X133.021 Y203.497
G1 X132.763 Y203.788
G1 X132.730 Y204.035
G1 X132.865 Y204.970
G1 X132.810 Y205.050
G1 X132.628 Y204.882
G1 X132.388 Y204.440
G1 X132.063 Y203.542
G1 X131.835 Y203.460
G1 X131.673 Y203.510
G1 X131.568 Y203.660
G1 X131.490 Y204.300
G1 X131.536 Y204.934
G0 Z5.000 F500.000
G0 X133.885 Y204.510 F3000.000
G1 Z1.000 F500.000
G4 P100
G1 X134.030 Y205.188 F1000.000
G1 X134.203 Y205.452
G1 X134.699 Y205.778
G1 X134.995 Y205.820
G1 X135.338 Y205.754
G1 X135.608 Y205.558
G1 X135.792 Y205.264
G1 X135.880 Y204.910
G1 X136.510 Y205.020
G1 X136.610 Y204.955
G1 X136.645 Y204.790
G1 X136.609 Y204.599
G1 X136.500 Y204.505
G1 X135.840 Y204.385
G1 X135.699 Y204.007
G1 X135.465 Y203.713
G1 X135.166 Y203.523
G1 X134.830 Y203.460
G1 X134.318 Y203.605
G1 X133.995 Y203.990
G1 X133.885 Y204.510
G0 Z5.000 F500.000
G0 X134.618 Y204.135 F3000.000
G1 Z1.000 F500.000
G4 P100
G1 X134.870 Y203.990 F1000.000
G1 X135.148 Y204.120
G1 X135.305 Y204.495
G1 X135.068 Y204.770
G1 X135.000 Y205.290
G1 X134.798 Y205.242
G1 X134.643 Y205.097
G1 X134.543 Y204.866
G1 X134.510 Y204.555
G1 X134.618 Y204.135
G0 Z5.000 F500.000
G0 X136.150 Y204.275 F3000.000
G1 Z1.000 F500.000
G4 P100
G1 X136.196 Y204.664 F1000.000
G1 X136.551 Y205.355
G1 X137.144 Y205.771
G1 X137.480 Y205.825
G1 X137.628 Y205.782
G1 X137.690 Y205.630
G1 X138.088 Y205.613
G1 X138.140 Y205.465
G1 X137.920 Y204.020
G1 X138.660 Y204.550
G1 X138.775 Y204.590
G1 X138.878 Y204.528
G1 X138.915 Y204.370
G1 X138.770 Y204.075
G1 X137.820 Y203.430
G1 X137.601 Y202.506
G1 X137.323 Y201.803
G1 X136.973 Y201.358
G1 X136.540 Y201.210
G1 X136.309 Y201.249
G1 X136.005 Y201.549
G1 X135.965 Y201.780
G1 X136.035 Y202.148
G1 X136.245 Y202.542
G1 X136.648 Y202.997
G1 X137.295 Y203.545
G1 X137.325 Y203.740
G1 X137.103 Y203.532
G1 X136.830 Y203.460
G1 X136.551 Y203.516
G1 X136.335 Y203.685
G1 X136.196 Y203.945
G1 X136.150 Y204.275
G0 Z5.000 F500.000
G0 X136.838 Y204.040 F3000.000
G1 Z1.000 F500.000
G4 P100
G1 X137.010 Y203.965 F1000.000
G1 X137.230 Y204.105
G1 X137.540 Y205.360
G1 X137.160 Y205.202
G1 X136.880 Y204.800
G1 X136.775 Y204.270
G1 X136.838 Y204.040
G0 Z5.000 F500.000
G0 X137.180 Y202.950 F3000.000
G1 Z1.000 F500.000
G4 P100
G1 X136.625 Y202.355 F1000.000
G1 X136.455 Y201.890
G1 X136.488 Y201.750
G1 X136.595 Y201.695
G1 X136.728 Y201.770
G1 X136.878 Y201.995
G1 X137.180 Y202.950
G0 Z5.000 F500.000
G0 X138.998 Y203.715 F3000.000
G1 Z1.000 F500.000
G4 P100
G1 X138.816 Y204.011 F1000.000
G1 X138.755 Y204.390
G1 X138.830 Y204.910
G1 X139.115 Y205.365
G1 X138.720 Y205.455
G1 X138.575 Y205.670
G1 X138.653 Y205.847
G1 X138.825 Y205.925
G1 X139.170 Y205.808
G1 X139.978 Y205.780
G1 X140.020 Y205.665
G1 X139.950 Y205.468
G1 X139.715 Y205.365
G1 X139.475 Y204.930
G1 X139.780 Y205.120
G1 X140.135 Y205.195
G1 X140.408 Y205.145
G1 X140.618 Y204.995
G1 X140.751 Y204.768
G1 X140.795 Y204.485
G1 X140.700 Y204.015
G1 X141.065 Y204.130
G1 X141.450 Y204.530
G1 X141.585 Y204.600
G1 X141.688 Y204.540
G1 X141.725 Y204.375
G1 X141.630 Y204.065
G1 X141.157 Y203.630
G1 X140.898 Y203.502
G1 X140.605 Y203.460
G1 X140.260 Y203.570
G1 X139.705 Y203.460
G1 X139.296 Y203.524
G1 X138.998 Y203.715
G0 Z5.000 F500.000
G0 X139.488 Y204.085 F3000.000
G1 Z1.000 F500.000
G4 P100
G1 X139.750 Y203.990 F1000.000
G1 X140.060 Y204.100
G1 X140.170 Y204.405
G1 X140.099 Y204.604
G1 X139.885 Y204.670
G1 X139.595 Y204.580
G1 X139.395 Y204.370
G1 X139.488 Y204.085
G0 Z5.000 F500.000
G0 X141.245 Y204.525 F3000.000
G1 Z1.000 F500.000
G4 P100
G1 X141.390 Y205.167 F1000.000
G1 X141.563 Y205.434
G1 X142.067 Y205.771
G1 X142.375 Y205.815
G1 X142.636 Y205.772
G1 X142.840 Y205.642
G1 X142.971 Y205.439
G1 X143.015 Y205.175
G1 X142.953 Y204.854
G1 X142.768 Y204.583
G1 X142.434 Y204.361
G1 X141.930 Y204.190
G1 X142.111 Y204.018
G1 X142.405 Y203.960
G1 X142.918 Y204.118
G1 X143.550 Y204.600
G1 X143.653 Y204.540
G1 X143.690 Y204.375
G1 X143.595 Y204.065
G1 X143.073 Y203.650
G1 X142.350 Y203.460
G1 X141.884 Y203.531
G1 X141.535 Y203.745
G1 X141.317 Y204.083
G1 X141.245 Y204.525
G0 Z5.000 F500.000
G0 X141.850 Y204.590 F3000.000
G1 Z1.000 F500.000
G4 P100
G1 X142.315 Y204.790 F1000.000
G1 X142.442 Y204.941
G1 X142.433 Y205.267
G1 X142.290 Y205.325
G1 X142.119 Y205.271
G1 X141.978 Y205.110
G1 X141.850 Y204.590
G0 Z5.000 F500.000
G0 X141.920 Y206.145 F3000.000
G1 Z1.000 F500.000
G4 P100
G1 X141.670 Y206.232 F1000.000
G1 X141.580 Y206.505
G1 X141.688 Y206.817
G1 X141.975 Y206.930
G1 X142.225 Y206.843
G1 X142.315 Y206.570
G1 X142.207 Y206.257
G1 X141.920 Y206.145
G0 Z5.000 F500.000
G0 X142.620 Y206.505 F3000.000
G1 Z1.000 F500.000
G4 P100
G1 X142.728 Y206.817 F1000.000
G1 X143.015 Y206.930
G1 X143.265 Y206.843
G1 X143.355 Y206.570
G1 X143.248 Y206.257
G1 X142.960 Y206.145
G1 X142.710 Y206.232
G1 X142.620 Y206.505
G0 Z5.000 F500.000
G0 X143.304 Y204.658 F3000.000
G1 Z1.000 F500.000
G4 P100
G1 X143.640 Y204.666 F1000.000
G1 X143.645 Y204.185
G1 X143.720 Y204.015
G1 X143.860 Y204.118
G1 X144.375 Y205.515
G1 X144.523 Y205.743
G1 X144.785 Y205.815
G1 X145.018 Y205.760
G1 X145.110 Y205.580
G1 X145.145 Y204.475
G1 X145.705 Y205.615
G1 X145.898 Y205.768
G1 X146.115 Y205.820
G1 X146.360 Y205.743
G1 X146.425 Y205.455
G1 X146.430 Y204.085
G1 X146.580 Y203.985
G1 X146.806 Y204.116
G1 X147.220 Y204.600
G1 X147.323 Y204.540
G1 X147.360 Y204.375
G1 X147.265 Y204.060
G1 X146.818 Y203.625
G1 X146.340 Y203.460
G1 X146.113 Y203.510
G1 X145.960 Y203.660
G1 X145.845 Y204.240
G1 X145.925 Y205.065
G1 X145.350 Y203.715
G1 X145.220 Y203.512
G1 X145.040 Y203.460
G1 X144.880 Y203.520
G1 X144.790 Y203.710
G1 X144.700 Y204.970
G1 X144.445 Y204.173
G1 X144.120 Y203.662
G1 X143.888 Y203.514
G1 X143.600 Y203.465
G1 X143.366 Y203.511
G1 X143.086 Y203.859
G1 X143.050 Y204.115
G1 X143.165 Y204.532
G1 X143.304 Y204.658
G0 Z5.000 F500.000
G0 X146.920 Y203.870 F3000.000
G1 Z1.000 F500.000
G4 P100
G1 X147.038 Y204.255 F1000.000
G1 X147.340 Y204.390
G1 X147.613 Y204.292
G1 X147.705 Y204.030
G1 X147.600 Y203.565
G1 X147.188 Y202.755
G1 X147.035 Y202.695
G1 X146.860 Y202.745
G1 X146.795 Y202.905
G1 X146.920 Y203.870
G0 Z5.000 F500.000
G0 X22.925 Y193.815 F3000.000
G1 Z1.000 F500.000
G4 P100
G1 X22.889 Y193.624 F1000.000
G1 X22.780 Y193.530
G1 X22.120 Y193.410
G1 X21.979 Y193.032
G1 X21.745 Y192.738
G1 X21.446 Y192.548
G1 X21.110 Y192.485
G1 X20.598 Y192.630
G1 X20.275 Y193.015
G1 X20.165 Y193.535
G1 X20.310 Y194.213
G1 X20.483 Y194.477
G1 X20.979 Y194.803
G1 X21.275 Y194.845
G1 X21.618 Y194.779
G1 X21.887 Y194.582
G1 X22.072 Y194.289
G1 X22.160 Y193.935
G1 X22.790 Y194.045
G1 X22.890 Y193.980
G1 X22.925 Y193.815
G0 Z5.000 F500.000
G0 X21.585 Y193.520 F3000.000
G1 Z1.000 F500.000
G4 P100
G1 X21.348 Y193.795 F1000.000
G1 X21.280 Y194.315
G1 X21.078 Y194.267
G1 X20.823 Y193.891
G1 X20.790 Y193.580
G1 X20.898 Y193.160
G1 X21.150 Y193.015
G1 X21.428 Y193.145
G1 X21.585 Y193.520
G0 Z5.000 F500.000
G0 X22.450 Y193.475 F3000.000
G1 Z1.000 F500.000
G4 P100
G1 X22.587 Y194.148 F1000.000
G1 X22.960 Y194.613
G1 X23.480 Y194.780
G1 X23.740 Y194.725
G1 X22.905 Y195.808
G1 X22.835 Y196.125
G1 X22.965 Y196.493
G1 X23.285 Y196.700
G1 X24.455 Y197.050
G1 X24.567 Y196.960
G1 X24.610 Y196.750
G1 X24.515 Y196.500
G1 X23.523 Y196.232
G1 X23.415 Y196.070
G1 X24.367 Y194.722
G1 X24.470 Y193.930
G1 X25.155 Y194.045
G1 X25.255 Y193.980
G1 X25.255 Y193.623
G1 X25.145 Y193.530
G1 X24.385 Y193.405
G1 X24.218 Y193.012
G1 X23.977 Y192.725
G1 X23.674 Y192.549
G1 X23.320 Y192.490
G1 X22.955 Y192.551
G1 X22.680 Y192.732
G1 X22.508 Y193.039
G1 X22.450 Y193.475
G0 Z5.000 F500.000
G0 X23.133 Y193.135 F3000.000
G1 Z1.000 F500.000
G4 P100
G1 X23.320 Y193.015 F1000.000
G1 X23.607 Y193.188
G1 X23.820 Y193.635
G1 X23.677 Y193.875
G1 X23.640 Y194.290
G1 X23.312 Y194.190
G1 X23.140 Y193.898
G1 X23.075 Y193.475
G1 X23.133 Y193.135
G0 Z5.000 F500.000
G0 X25.005 Y193.415 F3000.000
G1 Z1.000 F500.000
G4 P100
G1 X25.080 Y193.935 F1000.000
G1 X25.365 Y194.390
G1 X24.860 Y194.570
G1 X24.825 Y194.695
G1 X24.902 Y194.873
G1 X25.075 Y194.950
G1 X25.420 Y194.833
G1 X26.227 Y194.805
G1 X26.270 Y194.690
G1 X26.200 Y194.493
G1 X25.965 Y194.390
G1 X25.725 Y193.955
G1 X26.030 Y194.145
G1 X26.385 Y194.220
G1 X26.658 Y194.170
G1 X26.867 Y194.020
G1 X27.001 Y193.792
G1 X27.045 Y193.510
G1 X26.950 Y193.040
G1 X27.315 Y193.155
G1 X27.835 Y193.625
G1 X27.938 Y193.565
G1 X27.975 Y193.400
G1 X27.880 Y193.090
G1 X27.407 Y192.655
G1 X27.148 Y192.528
G1 X26.855 Y192.485
G1 X26.510 Y192.595
G1 X25.955 Y192.485
G1 X25.546 Y192.549
G1 X25.247 Y192.740
G1 X25.066 Y193.036
G1 X25.005 Y193.415
G0 Z5.000 F500.000
G0 X25.737 Y193.110 F3000.000
G1 Z1.000 F500.000
G4 P100
G1 X26.000 Y193.015 F1000.000
G1 X26.310 Y193.125
G1 X26.420 Y193.430
G1 X26.349 Y193.629
G1 X26.135 Y193.695
G1 X25.845 Y193.605
G1 X25.645 Y193.395
G1 X25.737 Y193.110
G0 Z5.000 F500.000
G0 X27.495 Y193.550 F3000.000
G1 Z1.000 F500.000
G4 P100
G1 X27.640 Y194.192 F1000.000
G1 X27.813 Y194.459
G1 X28.317 Y194.796
G1 X28.625 Y194.840
G1 X28.886 Y194.797
G1 X29.090 Y194.667
G1 X29.221 Y194.464
G1 X29.265 Y194.200
G1 X29.203 Y193.879
G1 X29.017 Y193.607
G1 X28.684 Y193.386
G1 X28.180 Y193.215
G1 X28.361 Y193.042
G1 X28.655 Y192.985
G1 X29.167 Y193.142
G1 X29.800 Y193.625
G1 X29.902 Y193.565
G1 X29.940 Y193.400
G1 X29.845 Y193.090
G1 X29.322 Y192.675
G1 X28.600 Y192.485
G1 X28.134 Y192.556
G1 X27.785 Y192.770
G1 X27.567 Y193.108
G1 X27.495 Y193.550
G0 Z5.000 F500.000
G0 X28.100 Y193.615 F3000.000
G1 Z1.000 F500.000
G4 P100
G1 X28.565 Y193.815 F1000.000
G1 X28.692 Y193.966
G1 X28.682 Y194.292
G1 X28.540 Y194.350
G1 X28.369 Y194.296
G1 X28.227 Y194.135
G1 X28.100 Y193.615
G0 Z5.000 F500.000
G0 X28.170 Y195.170 F3000.000
G1 Z1.000 F500.000
G4 P100
G1 X27.920 Y195.257 F1000.000
G1 X27.830 Y195.530
G1 X27.938 Y195.843
G1 X28.225 Y195.955
G1 X28.475 Y195.868
G1 X28.565 Y195.595
G1 X28.457 Y195.282
G1 X28.170 Y195.170
G0 Z5.000 F500.000
G0 X28.870 Y195.530 F3000.000
G1 Z1.000 F500.000
G4 P100
G1 X28.977 Y195.843 F1000.000
G1 X29.265 Y195.955
G1 X29.515 Y195.868
G1 X29.605 Y195.595
G1 X29.497 Y195.282
G1 X29.210 Y195.170
G1 X28.960 Y195.257
G1 X28.870 Y195.530
G0 Z5.000 F500.000
G0 X29.554 Y193.683 F3000.000
G1 Z1.000 F500.000
G4 P100
G1 X29.890 Y193.691 F1000.000
G1 X29.895 Y193.210
G1 X29.970 Y193.040
G1 X30.110 Y193.142
G1 X30.625 Y194.540
G1 X30.772 Y194.767
G1 X31.035 Y194.840
G1 X31.267 Y194.785
G1 X31.360 Y194.605
G1 X31.395 Y193.500
G1 X31.955 Y194.640
G1 X32.147 Y194.792
G1 X32.365 Y194.845
G1 X32.610 Y194.767
G1 X32.675 Y194.480
G1 X32.680 Y193.110
G1 X32.830 Y193.010
G1 X33.056 Y193.141
G1 X33.470 Y193.625
G1 X33.572 Y193.565
G1 X33.610 Y193.400
G1 X33.515 Y193.085
G1 X33.067 Y192.650
G1 X32.590 Y192.485
G1 X32.362 Y192.535
G1 X32.210 Y192.685
G1 X32.095 Y193.265
G1 X32.175 Y194.090
G1 X31.600 Y192.740
G1 X31.470 Y192.537
G1 X31.290 Y192.485
G1 X31.130 Y192.545
G1 X31.040 Y192.735
G1 X30.950 Y193.995
G1 X30.695 Y193.197
G1 X30.370 Y192.688
G1 X30.137 Y192.539
G1 X29.850 Y192.490
G1 X29.616 Y192.536
G1 X29.336 Y192.884
G1 X29.300 Y193.140
G1 X29.415 Y193.558
G1 X29.554 Y193.683
G0 Z5.000 F500.000
G0 X33.170 Y192.895 F3000.000
G1 Z1.000 F500.000
G4 P100
G1 X33.287 Y193.280 F1000.000
G1 X33.590 Y193.415
G1 X33.862 Y193.317
G1 X33.955 Y193.055
G1 X33.850 Y192.590
G1 X33.438 Y191.780
G1 X33.285 Y191.720
G1 X33.110 Y191.770
G1 X33.045 Y191.930
G1 X33.170 Y192.895
G0 Z5.000 F500.000
G0 X36.098 Y192.926 F3000.000
G1 Z1.000 F500.000
G4 P100
G1 X36.112 Y193.898 F1000.000
G1 X36.277 Y194.560
G1 X36.417 Y194.775
G1 X36.702 Y194.840
G1 X36.855 Y194.805
G1 X36.897 Y194.700
G1 X36.662 Y193.395
G1 X36.767 Y193.205
G1 X36.930 Y193.298
G1 X37.090 Y193.577
G1 X37.537 Y194.762
G1 X37.757 Y194.815
G1 X37.937 Y194.773
G1 X37.987 Y194.625
G1 X37.842 Y193.248
G1 X37.922 Y193.205
G1 X38.110 Y193.355
G1 X38.720 Y194.775
G1 X38.967 Y194.840
G1 X39.127 Y194.812
G1 X39.172 Y194.710
G1 X38.907 Y193.235
G1 X38.947 Y193.088
G1 X39.052 Y193.035
G1 X39.290 Y193.157
G1 X39.792 Y193.625
G1 X39.895 Y193.565
G1 X39.932 Y193.400
G1 X39.837 Y193.090
G1 X39.365 Y192.655
G1 X38.812 Y192.485
G1 X38.603 Y192.532
G1 X38.457 Y192.673
G1 X38.347 Y193.190
G1 X38.092 Y192.667
G1 X37.727 Y192.485
G1 X37.386 Y192.620
G1 X37.287 Y193.225
G1 X36.967 Y192.675
G1 X36.783 Y192.532
G1 X36.368 Y192.537
G1 X36.098 Y192.926
G0 Z5.000 F500.000
G0 X39.547 Y193.415 F3000.000
G1 Z1.000 F500.000
G4 P100
G1 X39.732 Y194.560 F1000.000
G1 X39.880 Y194.773
G1 X40.177 Y194.840
G1 X40.346 Y194.810
G1 X40.402 Y194.720
G1 X40.222 Y193.910
G1 X40.545 Y194.132
G1 X40.927 Y194.220
G1 X41.200 Y194.170
G1 X41.410 Y194.020
G1 X41.543 Y193.792
G1 X41.587 Y193.510
G1 X41.472 Y193.040
G1 X41.857 Y193.155
G1 X42.377 Y193.625
G1 X42.480 Y193.565
G1 X42.517 Y193.400
G1 X42.422 Y193.090
G1 X41.950 Y192.655
G1 X41.690 Y192.528
G1 X41.397 Y192.485
G1 X41.037 Y192.605
G1 X40.517 Y192.485
G1 X40.112 Y192.549
G1 X39.805 Y192.743
G1 X39.612 Y193.039
G1 X39.547 Y193.415
G0 Z5.000 F500.000
G0 X40.177 Y193.385 F3000.000
G1 Z1.000 F500.000
G4 P100
G1 X40.282 Y193.110 F1000.000
G1 X40.542 Y193.015
G1 X40.852 Y193.125
G1 X40.962 Y193.430
G1 X40.891 Y193.629
G1 X40.677 Y193.695
G1 X40.385 Y193.600
G1 X40.177 Y193.385
G0 Z5.000 F500.000
G0 X42.037 Y193.550 F3000.000
G1 Z1.000 F500.000
G4 P100
G1 X42.182 Y194.192 F1000.000
G1 X42.355 Y194.459
G1 X42.859 Y194.796
G1 X43.167 Y194.840
G1 X43.428 Y194.797
G1 X43.632 Y194.667
G1 X43.763 Y194.464
G1 X43.807 Y194.200
G1 X43.745 Y193.879
G1 X43.560 Y193.607
G1 X43.227 Y193.386
G1 X42.722 Y193.215
G1 X42.903 Y193.042
G1 X43.197 Y192.985
G1 X43.710 Y193.142
G1 X44.342 Y193.625
G1 X44.445 Y193.565
G1 X44.482 Y193.400
G1 X44.387 Y193.090
G1 X43.865 Y192.675
G1 X43.142 Y192.485
G1 X42.676 Y192.556
G1 X42.327 Y192.770
G1 X42.110 Y193.108
G1 X42.037 Y193.550
G0 Z5.000 F500.000
G0 X42.642 Y193.615 F3000.000
G1 Z1.000 F500.000
G4 P100
G1 X43.107 Y193.815 F1000.000
G1 X43.235 Y193.966
G1 X43.225 Y194.292
G1 X43.082 Y194.350
G1 X42.912 Y194.296
G1 X42.770 Y194.135
G1 X42.642 Y193.615
G0 Z5.000 F500.000
G0 X42.712 Y195.170 F3000.000
G1 Z1.000 F500.000
G4 P100
G1 X42.462 Y195.257 F1000.000
G1 X42.372 Y195.530
G1 X42.480 Y195.843
G1 X42.767 Y195.955
G1 X43.017 Y195.868
G1 X43.107 Y195.595
G1 X43.000 Y195.282
G1 X42.712 Y195.170
G0 Z5.000 F500.000
G0 X43.412 Y195.530 F3000.000
G1 Z1.000 F500.000
G4 P100
G1 X43.520 Y195.843 F1000.000
G1 X43.807 Y195.955
G1 X44.057 Y195.868
G1 X44.147 Y195.595
G1 X44.040 Y195.282
G1 X43.752 Y195.170
G1 X43.502 Y195.257
G1 X43.412 Y195.530
G0 Z5.000 F500.000
G0 X44.432 Y194.775 F3000.000
G1 Z1.000 F500.000
G4 P100
G1 X44.717 Y194.840 F1000.000
G1 X44.870 Y194.805
G1 X44.912 Y194.700
G1 X44.677 Y193.395
G1 X44.782 Y193.205
G1 X44.945 Y193.298
G1 X45.105 Y193.577
G1 X45.552 Y194.762
G1 X45.952 Y194.773
G1 X46.002 Y194.625
G1 X45.832 Y193.395
G1 X45.937 Y193.205
G1 X46.125 Y193.355
G1 X46.365 Y193.810
G1 X46.735 Y194.775
G1 X46.982 Y194.840
G1 X47.142 Y194.812
G1 X47.187 Y194.710
G1 X46.922 Y193.235
G1 X46.962 Y193.088
G1 X47.067 Y193.035
G1 X47.305 Y193.157
G1 X47.807 Y193.625
G1 X47.910 Y193.565
G1 X47.947 Y193.400
G1 X47.852 Y193.090
G1 X47.380 Y192.655
G1 X46.827 Y192.485
G1 X46.618 Y192.532
G1 X46.472 Y192.673
G1 X46.362 Y193.190
G1 X46.107 Y192.667
G1 X45.742 Y192.485
G1 X45.401 Y192.620
G1 X45.302 Y193.225
G1 X44.982 Y192.675
G1 X44.798 Y192.532
G1 X44.383 Y192.537
G1 X44.113 Y192.926
G1 X44.077 Y193.210
G1 X44.127 Y193.898
G1 X44.292 Y194.560
G1 X44.432 Y194.775
G0 Z5.000 F500.000
G0 X47.607 Y193.985 F3000.000
G1 Z1.000 F500.000
G4 P100
G1 X47.747 Y194.560 F1000.000
G1 X47.895 Y194.773
G1 X48.361 Y194.810
G1 X48.417 Y194.720
G1 X48.237 Y193.910
G1 X48.560 Y194.132
G1 X48.942 Y194.220
G1 X49.215 Y194.170
G1 X49.425 Y194.020
G1 X49.558 Y193.792
G1 X49.602 Y193.510
G1 X49.487 Y193.040
G1 X49.872 Y193.155
G1 X50.392 Y193.625
G1 X50.495 Y193.565
G1 X50.532 Y193.400
G1 X50.437 Y193.090
G1 X49.965 Y192.655
G1 X49.705 Y192.528
G1 X49.412 Y192.485
G1 X49.052 Y192.605
G1 X48.532 Y192.485
G1 X48.127 Y192.549
G1 X47.820 Y192.743
G1 X47.627 Y193.039
G1 X47.562 Y193.415
G1 X47.607 Y193.985
G0 Z5.000 F500.000
G0 X48.192 Y193.385 F3000.000
G1 Z1.000 F500.000
G4 P100
G1 X48.297 Y193.110 F1000.000
G1 X48.557 Y193.015
G1 X48.867 Y193.125
G1 X48.977 Y193.430
G1 X48.906 Y193.629
G1 X48.692 Y193.695
G1 X48.400 Y193.600
G1 X48.192 Y193.385
G0 Z5.000 F500.000
G0 X50.092 Y192.895 F3000.000
G1 Z1.000 F500.000
G4 P100
G1 X50.210 Y193.280 F1000.000
G1 X50.512 Y193.415
G1 X50.785 Y193.317
G1 X50.877 Y193.055
G1 X50.772 Y192.590
G1 X50.360 Y191.780
G1 X50.207 Y191.720
G1 X50.032 Y191.770
G1 X49.967 Y191.930
G1 X50.092 Y192.895
G0 Z5.000 F500.000
G0 X52.785 Y192.884 F3000.000
G1 Z1.000 F500.000
G4 P100
G1 X52.749 Y193.140 F1000.000
G1 X52.864 Y193.558
G1 X53.003 Y193.683
G1 X53.339 Y193.691
G1 X53.344 Y193.210
G1 X53.419 Y193.040
G1 X53.559 Y193.142
G1 X54.074 Y194.540
G1 X54.222 Y194.767
G1 X54.484 Y194.840
G1 X54.717 Y194.785
G1 X54.809 Y194.605
G1 X54.844 Y193.500
G1 X55.404 Y194.640
G1 X55.597 Y194.792
G1 X55.814 Y194.845
G1 X56.059 Y194.767
G1 X56.124 Y194.480
G1 X56.129 Y193.110
G1 X56.279 Y193.010
G1 X56.506 Y193.141
G1 X56.919 Y193.625
G1 X57.022 Y193.565
G1 X57.059 Y193.400
G1 X56.964 Y193.085
G1 X56.517 Y192.650
G1 X56.039 Y192.485
G1 X55.812 Y192.535
G1 X55.659 Y192.685
G1 X55.544 Y193.265
G1 X55.624 Y194.090
G1 X55.049 Y192.740
G1 X54.919 Y192.537
G1 X54.739 Y192.485
G1 X54.579 Y192.545
G1 X54.489 Y192.735
G1 X54.399 Y193.995
G1 X54.144 Y193.197
G1 X53.819 Y192.688
G1 X53.587 Y192.539
G1 X53.299 Y192.490
G1 X53.065 Y192.536
G1 X52.785 Y192.884
G0 Z5.000 F500.000
G0 X56.674 Y193.415 F3000.000
G1 Z1.000 F500.000
G4 P100
G1 X56.859 Y194.560 F1000.000
G1 X57.007 Y194.773
G1 X57.304 Y194.840
G1 X57.473 Y194.810
G1 X57.529 Y194.720
G1 X57.349 Y193.910
G1 X57.672 Y194.132
G1 X58.054 Y194.220
G1 X58.434 Y194.082
G1 X58.604 Y193.695
G1 X59.257 Y194.780
G1 X59.494 Y194.840
G1 X59.686 Y194.797
G1 X59.749 Y194.670
G1 X59.534 Y193.345
G1 X59.574 Y193.115
G1 X59.709 Y193.035
G1 X59.934 Y193.160
G1 X60.429 Y193.625
G1 X60.532 Y193.565
G1 X60.569 Y193.400
G1 X60.474 Y193.090
G1 X59.996 Y192.636
G1 X59.549 Y192.485
G1 X59.269 Y192.542
G1 X59.077 Y192.715
G1 X58.966 Y192.982
G1 X58.929 Y193.400
G1 X58.322 Y192.735
G1 X57.981 Y192.548
G1 X57.624 Y192.485
G1 X57.234 Y192.550
G1 X56.932 Y192.745
G1 X56.739 Y193.042
G1 X56.674 Y193.415
G0 Z5.000 F500.000
G0 X57.304 Y193.380 F3000.000
G1 Z1.000 F500.000
G4 P100
G1 X57.409 Y193.105 F1000.000
G1 X57.669 Y193.015
G1 X57.979 Y193.125
G1 X58.089 Y193.430
G1 X58.018 Y193.629
G1 X57.804 Y193.695
G1 X57.507 Y193.600
G1 X57.304 Y193.380
G0 Z5.000 F500.000
G0 X60.164 Y193.210 F3000.000
G1 Z1.000 F500.000
G4 P100
G1 X60.214 Y193.898 F1000.000
G1 X60.379 Y194.560
G1 X60.519 Y194.775
G1 X60.804 Y194.840
G1 X60.957 Y194.805
G1 X60.999 Y194.700
G1 X60.764 Y193.395
G1 X60.869 Y193.205
G1 X61.032 Y193.298
G1 X61.192 Y193.577
G1 X61.639 Y194.762
G1 X61.859 Y194.815
G1 X62.039 Y194.773
G1 X62.089 Y194.625
G1 X61.944 Y193.248
G1 X62.024 Y193.205
G1 X62.212 Y193.355
G1 X62.822 Y194.775
G1 X63.069 Y194.840
G1 X63.229 Y194.812
G1 X63.274 Y194.710
G1 X63.009 Y193.235
G1 X63.049 Y193.088
G1 X63.154 Y193.035
G1 X63.392 Y193.157
G1 X63.894 Y193.625
G1 X63.997 Y193.565
G1 X64.034 Y193.400
G1 X63.939 Y193.090
G1 X63.467 Y192.655
G1 X62.914 Y192.485
G1 X62.706 Y192.532
G1 X62.559 Y192.673
G1 X62.449 Y193.190
G1 X62.194 Y192.667
G1 X62.018 Y192.531
G1 X61.630 Y192.519
G1 X61.488 Y192.620
G1 X61.389 Y193.225
G1 X61.069 Y192.675
G1 X60.886 Y192.532
G1 X60.470 Y192.537
G1 X60.200 Y192.926
G1 X60.164 Y193.210
G0 Z5.000 F500.000
G0 X63.649 Y193.415 F3000.000
G1 Z1.000 F500.000
G4 P100
G1 X63.834 Y194.560 F1000.000
G1 X63.982 Y194.773
G1 X64.279 Y194.840
G1 X64.448 Y194.810
G1 X64.504 Y194.720
G1 X64.324 Y193.910
G1 X64.647 Y194.132
G1 X65.029 Y194.220
G1 X65.302 Y194.170
G1 X65.512 Y194.020
G1 X65.645 Y193.792
G1 X65.689 Y193.510
G1 X65.574 Y193.040
G1 X65.959 Y193.155
G1 X66.479 Y193.625
G1 X66.582 Y193.565
G1 X66.619 Y193.400
G1 X66.524 Y193.090
G1 X66.052 Y192.655
G1 X65.792 Y192.528
G1 X65.499 Y192.485
G1 X65.139 Y192.605
G1 X64.619 Y192.485
G1 X64.214 Y192.549
G1 X63.907 Y192.743
G1 X63.714 Y193.039
G1 X63.649 Y193.415
G0 Z5.000 F500.000
G0 X64.279 Y193.385 F3000.000
G1 Z1.000 F500.000
G4 P100
G1 X64.384 Y193.110 F1000.000
G1 X64.644 Y193.015
G1 X64.954 Y193.125
G1 X65.064 Y193.430
G1 X64.993 Y193.629
G1 X64.779 Y193.695
G1 X64.487 Y193.600
G1 X64.279 Y193.385
G0 Z5.000 F500.000
G0 X66.179 Y192.895 F3000.000
G1 Z1.000 F500.000
G4 P100
G1 X66.297 Y193.280 F1000.000
G1 X66.599 Y193.415
G1 X66.872 Y193.317
G1 X66.964 Y193.055
G1 X66.859 Y192.590
G1 X66.447 Y191.780
G1 X66.294 Y191.720
G1 X66.119 Y191.770
G1 X66.054 Y191.930
G1 X66.179 Y192.895
G0 Z5.000 F500.000
G0 X68.776 Y192.965 F3000.000
G1 Z1.000 F500.000
G4 P100
G1 X69.341 Y193.785 F1000.000
G1 X69.901 Y195.051
G1 X70.161 Y195.135
G1 X70.353 Y195.084
G1 X70.614 Y194.752
G1 X70.871 Y194.695
G1 X71.491 Y194.850
G1 X71.626 Y194.800
G1 X71.676 Y194.650
G1 X71.631 Y194.442
G1 X71.496 Y194.280
G1 X70.814 Y193.683
G1 X70.666 Y193.461
G1 X70.616 Y193.240
G1 X70.694 Y193.053
G1 X70.926 Y192.990
G1 X71.466 Y193.142
G1 X72.116 Y193.625
G1 X72.219 Y193.565
G1 X72.256 Y193.400
G1 X72.161 Y193.090
G1 X71.571 Y192.607
G1 X70.861 Y192.435
G1 X70.487 Y192.479
G1 X70.214 Y192.613
G1 X70.047 Y192.833
G1 X69.991 Y193.140
G1 X70.047 Y193.459
G1 X70.214 Y193.738
G1 X70.856 Y194.285
G1 X70.631 Y194.250
G1 X70.354 Y194.335
G1 X70.171 Y194.590
G1 X69.846 Y193.710
G1 X69.509 Y193.238
G1 X69.146 Y192.855
G1 X68.956 Y192.765
G1 X68.826 Y192.822
G1 X68.776 Y192.965
G0 Z5.000 F500.000
G0 X71.781 Y193.300 F3000.000
G1 Z1.000 F500.000
G4 P100
G1 X71.828 Y193.689 F1000.000
G1 X72.182 Y194.380
G1 X72.776 Y194.796
G1 X73.111 Y194.850
G1 X73.259 Y194.808
G1 X73.321 Y194.655
G1 X73.725 Y194.631
G1 X73.786 Y194.500
G1 X73.596 Y193.200
G1 X73.634 Y193.080
G1 X73.731 Y193.035
G1 X73.961 Y193.157
G1 X74.461 Y193.625
G1 X74.564 Y193.565
G1 X74.601 Y193.400
G1 X74.506 Y193.090
G1 X74.071 Y192.660
G1 X73.626 Y192.485
G1 X73.324 Y192.597
G1 X73.116 Y192.905
G1 X72.823 Y192.590
G1 X72.461 Y192.485
G1 X72.183 Y192.541
G1 X71.966 Y192.710
G1 X71.828 Y192.970
G1 X71.781 Y193.300
G0 Z5.000 F500.000
G0 X72.469 Y193.065 F3000.000
G1 Z1.000 F500.000
G4 P100
G1 X72.641 Y192.990 F1000.000
G1 X72.851 Y193.120
G1 X72.996 Y193.465
G1 X73.181 Y194.385
G1 X72.794 Y194.227
G1 X72.511 Y193.825
G1 X72.406 Y193.295
G1 X72.469 Y193.065
G0 Z5.000 F500.000
G0 X74.196 Y193.210 F3000.000
G1 Z1.000 F500.000
G4 P100
G1 X74.246 Y193.898 F1000.000
G1 X74.411 Y194.560
G1 X74.551 Y194.775
G1 X74.836 Y194.840
G1 X74.989 Y194.805
G1 X75.031 Y194.700
G1 X74.796 Y193.395
G1 X74.901 Y193.205
G1 X75.065 Y193.298
G1 X75.224 Y193.577
G1 X75.671 Y194.762
G1 X76.071 Y194.773
G1 X76.121 Y194.625
G1 X75.951 Y193.395
G1 X76.056 Y193.205
G1 X76.244 Y193.355
G1 X76.484 Y193.810
G1 X76.854 Y194.775
G1 X77.101 Y194.840
G1 X77.261 Y194.812
G1 X77.306 Y194.710
G1 X77.081 Y193.605
G1 X77.061 Y193.157
G1 X77.284 Y193.095
G1 X77.296 Y192.955
G1 X77.991 Y193.390
G1 X78.094 Y193.330
G1 X78.131 Y193.170
G1 X77.986 Y192.890
G1 X77.266 Y192.440
G1 X76.986 Y191.523
G1 X76.771 Y191.230
G1 X76.509 Y191.050
G1 X76.211 Y190.990
G1 X75.864 Y191.130
G1 X75.726 Y191.480
G1 X75.814 Y191.822
G1 X76.134 Y192.185
G1 X76.791 Y192.640
G1 X76.564 Y192.817
G1 X76.481 Y193.190
G1 X76.226 Y192.667
G1 X76.050 Y192.531
G1 X75.861 Y192.485
G1 X75.520 Y192.620
G1 X75.421 Y193.225
G1 X75.101 Y192.675
G1 X74.706 Y192.485
G1 X74.502 Y192.537
G1 X74.339 Y192.692
G1 X74.196 Y193.210
G0 Z5.000 F500.000
G0 X76.341 Y191.854 F3000.000
G1 Z1.000 F500.000
G4 P100
G1 X76.211 Y191.570 F1000.000
G1 X76.316 Y191.460
G1 X76.549 Y191.635
G1 X76.731 Y192.155
G1 X76.341 Y191.854
G0 Z5.000 F500.000
G0 X77.976 Y192.710 F3000.000
G1 Z1.000 F500.000
G4 P100
G1 X77.838 Y192.970 F1000.000
G1 X77.791 Y193.300
G1 X77.976 Y194.058
G1 X78.192 Y194.380
G1 X78.786 Y194.796
G1 X79.121 Y194.850
G1 X79.269 Y194.808
G1 X79.331 Y194.655
G1 X79.735 Y194.631
G1 X79.796 Y194.500
G1 X79.606 Y193.200
G1 X79.644 Y193.080
G1 X79.741 Y193.035
G1 X79.971 Y193.157
G1 X80.336 Y193.555
G1 X80.471 Y193.625
G1 X80.574 Y193.565
G1 X80.611 Y193.400
G1 X80.516 Y193.090
G1 X80.081 Y192.660
G1 X79.636 Y192.485
G1 X79.334 Y192.597
G1 X79.126 Y192.905
G1 X78.833 Y192.590
G1 X78.471 Y192.485
G1 X78.193 Y192.541
G1 X77.976 Y192.710
G0 Z5.000 F500.000
G0 X78.479 Y193.065 F3000.000
G1 Z1.000 F500.000
G4 P100
G1 X78.651 Y192.990 F1000.000
G1 X78.861 Y193.120
G1 X79.006 Y193.465
G1 X79.191 Y194.385
G1 X78.804 Y194.227
G1 X78.521 Y193.825
G1 X78.416 Y193.295
G1 X78.479 Y193.065
G0 Z5.000 F500.000
G0 X80.171 Y192.895 F3000.000
G1 Z1.000 F500.000
G4 P100
G1 X80.289 Y193.280 F1000.000
G1 X80.591 Y193.415
G1 X80.864 Y193.317
G1 X80.956 Y193.055
G1 X80.851 Y192.590
G1 X80.439 Y191.780
G1 X80.286 Y191.720
G1 X80.111 Y191.770
G1 X80.046 Y191.930
G1 X80.171 Y192.895
G0 Z5.000 F500.000
G0 X83.099 Y192.926 F3000.000
G1 Z1.000 F500.000
G4 P100
G1 X83.114 Y193.898 F1000.000
G1 X83.279 Y194.560
G1 X83.419 Y194.775
G1 X83.704 Y194.840
G1 X83.856 Y194.805
G1 X83.899 Y194.700
G1 X83.689 Y193.248
G1 X83.769 Y193.205
G1 X83.956 Y193.355
G1 X84.566 Y194.775
G1 X84.814 Y194.840
G1 X84.974 Y194.812
G1 X85.019 Y194.710
G1 X84.754 Y193.235
G1 X84.794 Y193.088
G1 X84.899 Y193.035
G1 X85.136 Y193.157
G1 X85.639 Y193.625
G1 X85.741 Y193.565
G1 X85.779 Y193.400
G1 X85.684 Y193.090
G1 X85.221 Y192.655
G1 X84.957 Y192.528
G1 X84.450 Y192.531
G1 X84.306 Y192.670
G1 X84.194 Y193.190
G1 X83.939 Y192.667
G1 X83.574 Y192.485
G1 X83.369 Y192.537
G1 X83.099 Y192.926
G0 Z5.000 F500.000
G0 X83.709 Y195.265 F3000.000
G1 Z1.000 F500.000
G4 P100
G1 X83.439 Y195.515 F1000.000
G1 X83.344 Y195.845
G1 X83.424 Y196.048
G1 X83.629 Y196.125
G1 X83.819 Y196.065
G1 X84.007 Y195.702
G1 X84.189 Y195.650
G1 X84.594 Y195.782
G1 X84.929 Y196.248
G1 X85.186 Y196.232
G1 X85.229 Y196.030
G1 X85.044 Y195.630
G1 X84.674 Y195.303
G1 X84.114 Y195.170
G1 X83.709 Y195.265
G0 Z5.000 F500.000
G0 X85.444 Y194.213 F3000.000
G1 Z1.000 F500.000
G4 P100
G1 X85.616 Y194.477 F1000.000
G1 X86.112 Y194.803
G1 X86.409 Y194.845
G1 X86.752 Y194.779
G1 X87.021 Y194.582
G1 X87.205 Y194.289
G1 X87.294 Y193.935
G1 X87.924 Y194.045
G1 X88.024 Y193.980
G1 X88.022 Y193.624
G1 X87.914 Y193.530
G1 X87.254 Y193.410
G1 X87.112 Y193.032
G1 X86.879 Y192.738
G1 X86.580 Y192.548
G1 X85.965 Y192.521
G1 X85.731 Y192.630
G1 X85.409 Y193.015
G1 X85.299 Y193.535
G1 X85.444 Y194.213
G0 Z5.000 F500.000
G0 X85.924 Y193.580 F3000.000
G1 Z1.000 F500.000
G4 P100
G1 X86.031 Y193.160 F1000.000
G1 X86.284 Y193.015
G1 X86.561 Y193.145
G1 X86.719 Y193.520
G1 X86.481 Y193.795
G1 X86.414 Y194.315
G1 X86.212 Y194.267
G1 X86.056 Y194.123
G1 X85.924 Y193.580
G0 Z5.000 F500.000
G0 X87.610 Y193.689 F3000.000
G1 Z1.000 F500.000
G4 P100
G1 X87.964 Y194.380 F1000.000
G1 X88.241 Y194.632
G1 X88.558 Y194.796
G1 X88.894 Y194.850
G1 X89.041 Y194.808
G1 X89.104 Y194.655
G1 X89.501 Y194.637
G1 X89.554 Y194.490
G1 X89.334 Y193.045
G1 X90.074 Y193.575
G1 X90.189 Y193.615
G1 X90.291 Y193.553
G1 X90.329 Y193.395
G1 X90.184 Y193.100
G1 X89.234 Y192.455
G1 X89.014 Y191.531
G1 X88.736 Y190.827
G1 X88.387 Y190.383
G1 X87.954 Y190.235
G1 X87.722 Y190.274
G1 X87.419 Y190.574
G1 X87.379 Y190.805
G1 X87.449 Y191.173
G1 X87.659 Y191.567
G1 X88.061 Y192.022
G1 X88.709 Y192.570
G1 X88.739 Y192.765
G1 X88.516 Y192.558
G1 X88.244 Y192.485
G1 X87.965 Y192.541
G1 X87.749 Y192.710
G1 X87.610 Y192.970
G1 X87.610 Y193.689
G0 Z5.000 F500.000
G0 X88.189 Y193.295 F3000.000
G1 Z1.000 F500.000
G4 P100
G1 X88.251 Y193.065 F1000.000
G1 X88.424 Y192.990
G1 X88.644 Y193.130
G1 X88.954 Y194.385
G1 X88.574 Y194.227
G1 X88.294 Y193.825
G1 X88.189 Y193.295
G0 Z5.000 F500.000
G0 X88.594 Y191.975 F3000.000
G1 Z1.000 F500.000
G4 P100
G1 X88.039 Y191.380 F1000.000
G1 X87.869 Y190.915
G1 X87.901 Y190.775
G1 X88.009 Y190.720
G1 X88.142 Y190.795
G1 X88.291 Y191.020
G1 X88.594 Y191.975
G0 Z5.000 F500.000
G0 X89.929 Y191.770 F3000.000
G1 Z1.000 F500.000
G4 P100
G1 X89.864 Y191.930 F1000.000
G1 X90.106 Y193.280
G1 X90.409 Y193.415
G1 X90.681 Y193.317
G1 X90.774 Y193.055
G1 X90.669 Y192.590
G1 X90.414 Y192.025
G1 X90.256 Y191.780
G1 X90.104 Y191.720
G1 X89.929 Y191.770
G0 Z5.000 F500.000
G0 X92.878 Y193.108 F3000.000
G1 Z1.000 F500.000
G4 P100
G1 X92.806 Y193.550 F1000.000
G1 X92.951 Y194.192
G1 X93.353 Y194.665
G1 X93.936 Y194.840
G1 X94.197 Y194.797
G1 X94.401 Y194.667
G1 X94.532 Y194.464
G1 X94.576 Y194.200
G1 X94.514 Y193.879
G1 X94.328 Y193.607
G1 X93.995 Y193.386
G1 X93.491 Y193.215
G1 X93.672 Y193.042
G1 X93.966 Y192.985
G1 X94.478 Y193.142
G1 X95.111 Y193.625
G1 X95.213 Y193.565
G1 X95.251 Y193.400
G1 X95.156 Y193.090
G1 X94.633 Y192.675
G1 X93.911 Y192.485
G1 X93.444 Y192.556
G1 X93.096 Y192.770
G1 X92.878 Y193.108
G0 Z5.000 F500.000
G0 X93.411 Y193.615 F3000.000
G1 Z1.000 F500.000
G4 P100
G1 X93.876 Y193.815 F1000.000
G1 X94.003 Y193.966
G1 X93.993 Y194.292
G1 X93.851 Y194.350
G1 X93.680 Y194.296
G1 X93.538 Y194.135
G1 X93.411 Y193.615
G0 Z5.000 F500.000
G0 X93.481 Y195.170 F3000.000
G1 Z1.000 F500.000
G4 P100
G1 X93.231 Y195.257 F1000.000
G1 X93.141 Y195.530
G1 X93.248 Y195.843
G1 X93.536 Y195.955
G1 X93.786 Y195.868
G1 X93.876 Y195.595
G1 X93.768 Y195.282
G1 X93.481 Y195.170
G0 Z5.000 F500.000
G0 X94.181 Y195.530 F3000.000
G1 Z1.000 F500.000
G4 P100
G1 X94.288 Y195.843 F1000.000
G1 X94.576 Y195.955
G1 X94.826 Y195.868
G1 X94.916 Y195.595
G1 X94.808 Y195.282
G1 X94.521 Y195.170
G1 X94.271 Y195.257
G1 X94.181 Y195.530
G0 Z5.000 F500.000
G0 X94.864 Y193.661 F3000.000
G1 Z1.000 F500.000
G4 P100
G1 X95.193 Y193.660 F1000.000
G1 X95.213 Y193.085
G1 X95.281 Y193.040
G1 X95.393 Y193.115
G1 X96.231 Y194.752
G1 X96.531 Y194.830
G1 X96.811 Y194.755
G1 X96.901 Y194.510
G1 X96.924 Y193.141
G1 X97.086 Y193.010
G1 X97.263 Y193.095
G1 X97.796 Y193.625
G1 X97.898 Y193.565
G1 X97.936 Y193.400
G1 X97.841 Y193.090
G1 X97.253 Y192.572
G1 X96.851 Y192.485
G1 X96.598 Y192.543
G1 X96.431 Y192.718
G1 X96.337 Y193.009
G1 X96.326 Y193.875
G1 X96.095 Y193.286
G1 X95.823 Y192.850
G1 X95.510 Y192.580
G1 X95.156 Y192.490
G1 X94.928 Y192.536
G1 X94.647 Y192.884
G1 X94.611 Y193.140
G1 X94.726 Y193.545
G1 X94.864 Y193.661
G0 Z5.000 F500.000
G0 X97.601 Y193.325 F3000.000
G1 Z1.000 F500.000
G4 P100
G1 X97.786 Y194.560 F1000.000
G1 X97.933 Y194.773
G1 X98.221 Y194.840
G1 X98.361 Y194.815
G1 X98.401 Y194.720
G1 X98.186 Y193.540
G1 X98.389 Y194.140
G1 X98.641 Y194.540
G1 X98.944 Y194.765
G1 X99.306 Y194.840
G1 X99.713 Y194.678
G1 X99.861 Y194.260
G1 X99.768 Y193.905
G1 X99.526 Y193.760
G1 X99.373 Y193.805
G1 X99.316 Y193.930
G1 X99.333 Y194.316
G1 X99.236 Y194.350
G1 X99.041 Y194.248
G1 X98.888 Y193.972
G1 X98.831 Y193.600
G1 X98.956 Y193.167
G1 X99.316 Y193.005
G1 X99.646 Y193.127
G1 X100.181 Y193.625
G1 X100.283 Y193.565
G1 X100.321 Y193.400
G1 X100.226 Y193.090
G1 X99.776 Y192.653
G1 X99.266 Y192.485
G1 X98.838 Y192.588
G1 X98.526 Y192.835
G1 X98.371 Y193.115
G1 X98.168 Y192.560
G1 X97.946 Y192.485
G1 X97.784 Y192.535
G1 X97.678 Y192.685
G1 X97.601 Y193.325
G0 Z5.000 F500.000
G0 X99.897 Y192.970 F3000.000
G1 Z1.000 F500.000
G4 P100
G1 X99.897 Y193.689 F1000.000
G1 X100.251 Y194.380
G1 X100.845 Y194.796
G1 X101.181 Y194.850
G1 X101.328 Y194.808
G1 X101.391 Y194.655
G1 X101.794 Y194.631
G1 X101.856 Y194.500
G1 X101.666 Y193.200
G1 X101.703 Y193.080
G1 X101.801 Y193.035
G1 X102.031 Y193.157
G1 X102.531 Y193.625
G1 X102.633 Y193.565
G1 X102.671 Y193.400
G1 X102.576 Y193.090
G1 X102.141 Y192.660
G1 X101.696 Y192.485
G1 X101.393 Y192.597
G1 X101.186 Y192.905
G1 X100.892 Y192.590
G1 X100.531 Y192.485
G1 X100.252 Y192.541
G1 X100.036 Y192.710
G1 X99.897 Y192.970
G0 Z5.000 F500.000
G0 X100.538 Y193.065 F3000.000
G1 Z1.000 F500.000
G4 P100
G1 X100.711 Y192.990 F1000.000
G1 X100.921 Y193.120
G1 X101.066 Y193.465
G1 X101.251 Y194.385
G1 X100.863 Y194.227
G1 X100.581 Y193.825
G1 X100.476 Y193.295
G1 X100.538 Y193.065
G0 Z5.000 F500.000
G0 X102.231 Y192.895 F3000.000
G1 Z1.000 F500.000
G4 P100
G1 X102.348 Y193.280 F1000.000
G1 X102.651 Y193.415
G1 X102.923 Y193.317
G1 X103.016 Y193.055
G1 X102.911 Y192.590
G1 X102.498 Y191.780
G1 X102.346 Y191.720
G1 X102.171 Y191.770
G1 X102.106 Y191.930
G1 X102.231 Y192.895
G0 Z5.000 F500.000
G0 X105.159 Y192.923 F3000.000
G1 Z1.000 F500.000
G4 P100
G1 X105.173 Y193.892 F1000.000
G1 X105.338 Y194.560
G1 X105.480 Y194.778
G1 X105.763 Y194.840
G1 X105.913 Y194.808
G1 X105.958 Y194.700
G1 X105.748 Y193.250
G1 X105.828 Y193.205
G1 X105.977 Y193.300
G1 X106.153 Y193.585
G1 X106.628 Y194.778
G1 X106.873 Y194.840
G1 X107.033 Y194.812
G1 X107.078 Y194.710
G1 X106.853 Y193.605
G1 X106.833 Y193.157
G1 X107.055 Y193.095
G1 X107.068 Y192.955
G1 X107.763 Y193.390
G1 X107.865 Y193.330
G1 X107.903 Y193.170
G1 X107.758 Y192.890
G1 X107.038 Y192.440
G1 X106.758 Y191.523
G1 X106.543 Y191.230
G1 X106.280 Y191.050
G1 X105.983 Y190.990
G1 X105.635 Y191.130
G1 X105.498 Y191.480
G1 X105.585 Y191.822
G1 X105.905 Y192.185
G1 X106.563 Y192.640
G1 X106.335 Y192.817
G1 X106.253 Y193.190
G1 X106.005 Y192.675
G1 X105.828 Y192.532
G1 X105.432 Y192.536
G1 X105.159 Y192.923
G0 Z5.000 F500.000
G0 X106.113 Y191.854 F3000.000
G1 Z1.000 F500.000
G4 P100
G1 X105.983 Y191.570 F1000.000
G1 X106.088 Y191.460
G1 X106.338 Y191.650
G1 X106.503 Y192.155
G1 X106.113 Y191.854
G0 Z5.000 F500.000
G0 X107.770 Y192.692 F3000.000
G1 Z1.000 F500.000
G4 P100
G1 X107.628 Y193.210 F1000.000
G1 X107.678 Y193.898
G1 X107.843 Y194.560
G1 X107.983 Y194.775
G1 X108.268 Y194.840
G1 X108.420 Y194.805
G1 X108.463 Y194.700
G1 X108.228 Y193.395
G1 X108.333 Y193.205
G1 X108.520 Y193.355
G1 X108.760 Y193.810
G1 X109.130 Y194.775
G1 X109.538 Y194.812
G1 X109.583 Y194.710
G1 X109.318 Y193.235
G1 X109.358 Y193.088
G1 X109.463 Y193.035
G1 X109.700 Y193.157
G1 X110.203 Y193.625
G1 X110.305 Y193.565
G1 X110.343 Y193.400
G1 X110.248 Y193.090
G1 X109.785 Y192.655
G1 X109.521 Y192.528
G1 X109.015 Y192.531
G1 X108.870 Y192.670
G1 X108.758 Y193.190
G1 X108.503 Y192.667
G1 X108.327 Y192.531
G1 X107.933 Y192.537
G1 X107.770 Y192.692
G0 Z5.000 F500.000
G0 X109.919 Y192.970 F3000.000
G1 Z1.000 F500.000
G4 P100
G1 X109.919 Y193.689 F1000.000
G1 X110.058 Y194.058
G1 X110.550 Y194.632
G1 X110.867 Y194.796
G1 X111.333 Y194.825
G1 X111.573 Y196.070
G1 X111.705 Y196.350
G1 X111.938 Y196.430
G1 X112.145 Y196.385
G1 X112.188 Y196.090
G1 X111.798 Y194.395
G1 X112.103 Y194.736
G1 X112.448 Y194.850
G1 X112.724 Y194.794
G1 X112.933 Y194.627
G1 X113.064 Y194.368
G1 X113.108 Y194.035
G1 X113.025 Y193.523
G1 X112.793 Y193.065
G1 X112.973 Y193.035
G1 X113.288 Y193.155
G1 X113.808 Y193.625
G1 X113.910 Y193.565
G1 X113.948 Y193.400
G1 X113.853 Y193.090
G1 X113.380 Y192.655
G1 X113.121 Y192.528
G1 X112.584 Y192.532
G1 X112.393 Y192.675
G1 X112.094 Y192.532
G1 X111.663 Y192.510
G1 X111.643 Y191.110
G1 X111.569 Y190.904
G1 X111.348 Y190.835
G1 X111.135 Y190.900
G1 X111.058 Y191.100
G1 X111.183 Y192.940
G1 X110.870 Y192.590
G1 X110.553 Y192.485
G1 X110.274 Y192.541
G1 X110.058 Y192.710
G1 X109.919 Y192.970
G0 Z5.000 F500.000
G0 X110.560 Y193.065 F3000.000
G1 Z1.000 F500.000
G4 P100
G1 X110.733 Y192.990 F1000.000
G1 X110.953 Y193.132
G1 X111.103 Y193.530
G1 X111.263 Y194.385
G1 X110.883 Y194.227
G1 X110.603 Y193.825
G1 X110.498 Y193.295
G1 X110.560 Y193.065
G0 Z5.000 F500.000
G0 X111.718 Y192.950 F3000.000
G1 Z1.000 F500.000
G4 P100
G1 X112.098 Y193.107 F1000.000
G1 X112.378 Y193.510
G1 X112.483 Y194.040
G1 X112.420 Y194.270
G1 X112.248 Y194.345
G1 X112.028 Y194.202
G1 X111.878 Y193.805
G1 X111.718 Y192.950
G0 Z5.000 F500.000
G0 X113.219 Y192.788 F3000.000
G1 Z1.000 F500.000
G4 P100
G1 X113.628 Y193.540 F1000.000
G1 X113.618 Y194.555
G1 X113.733 Y194.785
G1 X114.033 Y194.870
G1 X114.185 Y194.827
G1 X114.243 Y194.475
G1 X114.558 Y194.762
G1 X114.888 Y194.850
G1 X115.142 Y194.794
G1 X115.345 Y194.625
G1 X115.478 Y194.365
G1 X115.523 Y194.035
G1 X115.438 Y193.520
G1 X115.203 Y193.065
G1 X115.378 Y193.035
G1 X115.693 Y193.155
G1 X116.213 Y193.625
G1 X116.315 Y193.565
G1 X116.353 Y193.400
G1 X116.258 Y193.090
G1 X115.795 Y192.655
G1 X115.531 Y192.528
G1 X114.993 Y192.532
G1 X114.803 Y192.675
G1 X114.208 Y192.485
G1 X114.102 Y191.599
G1 X113.913 Y190.873
G1 X113.629 Y190.387
G1 X113.238 Y190.225
G1 X113.003 Y190.274
G1 X112.838 Y190.420
G1 X112.708 Y190.960
G1 X112.933 Y192.102
G1 X113.219 Y192.788
G0 Z5.000 F500.000
G0 X113.278 Y191.810 F3000.000
G1 Z1.000 F500.000
G4 P100
G1 X113.153 Y191.045 F1000.000
G1 X113.190 Y190.800
G1 X113.278 Y190.715
G1 X113.402 Y190.862
G1 X113.503 Y191.303
G1 X113.618 Y192.765
G1 X113.278 Y191.810
G0 Z5.000 F500.000
G0 X114.233 Y192.965 F3000.000
G1 Z1.000 F500.000
G4 P100
G1 X114.565 Y193.162 F1000.000
G1 X114.808 Y193.553
G1 X114.898 Y194.040
G1 X114.838 Y194.267
G1 X114.678 Y194.345
G1 X114.479 Y194.250
G1 X114.243 Y193.965
G1 X114.233 Y192.965
G0 Z5.000 F500.000
G0 X115.968 Y193.415 F3000.000
G1 Z1.000 F500.000
G4 P100
G1 X116.153 Y194.560 F1000.000
G1 X116.300 Y194.773
G1 X116.598 Y194.840
G1 X116.767 Y194.810
G1 X116.823 Y194.720
G1 X116.643 Y193.910
G1 X116.965 Y194.132
G1 X117.348 Y194.220
G1 X117.728 Y194.082
G1 X117.898 Y193.695
G1 X118.550 Y194.780
G1 X118.788 Y194.840
G1 X118.979 Y194.797
G1 X119.043 Y194.670
G1 X118.828 Y193.345
G1 X118.868 Y193.115
G1 X119.003 Y193.035
G1 X119.228 Y193.160
G1 X119.723 Y193.625
G1 X119.825 Y193.565
G1 X119.863 Y193.400
G1 X119.768 Y193.090
G1 X119.289 Y192.636
G1 X118.843 Y192.485
G1 X118.562 Y192.542
G1 X118.370 Y192.715
G1 X118.260 Y192.982
G1 X118.223 Y193.400
G1 X117.615 Y192.735
G1 X117.275 Y192.548
G1 X116.918 Y192.485
G1 X116.527 Y192.550
G1 X116.225 Y192.745
G1 X116.032 Y193.042
G1 X115.968 Y193.415
G0 Z5.000 F500.000
G0 X116.598 Y193.380 F3000.000
G1 Z1.000 F500.000
G4 P100
G1 X116.703 Y193.105 F1000.000
G1 X116.963 Y193.015
G1 X117.273 Y193.125
G1 X117.383 Y193.430
G1 X117.312 Y193.629
G1 X117.098 Y193.695
G1 X116.800 Y193.600
G1 X116.598 Y193.380
G0 Z5.000 F500.000
G0 X121.045 Y193.720 F3000.000
G1 Z1.000 F500.000
G4 P100
G1 X121.202 Y194.613 F1000.000
G1 X121.391 Y194.957
G1 X121.642 Y195.215
G1 X121.948 Y195.376
G1 X122.300 Y195.430
G1 X122.734 Y195.350
G1 X123.057 Y195.110
G1 X123.258 Y194.721
G1 X123.325 Y194.195
G1 X123.286 Y193.719
G1 X123.167 Y193.303
G1 X122.979 Y192.958
G1 X122.727 Y192.700
G1 X122.422 Y192.539
G1 X122.070 Y192.485
G1 X121.636 Y192.565
G1 X121.312 Y192.805
G1 X121.112 Y193.194
G1 X121.045 Y193.720
G0 Z5.000 F500.000
G0 X121.782 Y193.225 F3000.000
G1 Z1.000 F500.000
G4 P100
G1 X121.923 Y193.090 F1000.000
G1 X122.120 Y193.045
G1 X122.361 Y193.120
G1 X122.545 Y193.345
G1 X122.700 Y194.160
G1 X122.585 Y194.688
G1 X122.444 Y194.824
G1 X122.250 Y194.870
G1 X122.009 Y194.794
G1 X121.825 Y194.567
G1 X121.670 Y193.750
G1 X121.782 Y193.225
G0 Z5.000 F500.000
G0 X123.840 Y194.735 F3000.000
G1 Z1.000 F500.000
G4 P100
G1 X123.785 Y194.905 F1000.000
G1 X123.850 Y195.105
G1 X124.042 Y195.225
G1 X124.870 Y195.430
G1 X125.088 Y195.355
G1 X125.145 Y195.015
G1 X124.840 Y192.795
G1 X124.731 Y192.562
G1 X124.485 Y192.485
G1 X124.265 Y192.560
G1 X124.170 Y192.795
G1 X124.440 Y194.780
G1 X123.990 Y194.660
G1 X123.840 Y194.735
G0 Z5.000 F500.000
G0 X125.795 Y194.505 F3000.000
G1 Z1.000 F500.000
G4 P100
G1 X125.925 Y194.965 F1000.000
G1 X126.315 Y195.303
G1 X126.950 Y195.430
G1 X127.351 Y195.374
G1 X127.655 Y195.205
G1 X127.846 Y194.936
G1 X127.910 Y194.580
G1 X127.827 Y194.191
G1 X127.577 Y193.785
G1 X127.172 Y193.394
G1 X126.620 Y193.050
G1 X127.765 Y193.070
G1 X127.925 Y193.000
G1 X127.980 Y192.825
G1 X127.897 Y192.593
G1 X127.675 Y192.490
G1 X126.210 Y192.560
G1 X125.800 Y192.470
G1 X125.667 Y192.542
G1 X125.615 Y192.760
G1 X125.690 Y193.007
G1 X126.567 Y193.548
G1 X127.052 Y194.050
G1 X127.235 Y194.565
G1 X127.147 Y194.852
G1 X126.870 Y194.945
G1 X126.517 Y194.825
G1 X126.311 Y194.269
G1 X126.090 Y194.195
G1 X125.872 Y194.275
G1 X125.795 Y194.505
G0 Z5.000 F500.000
G0 X128.485 Y194.650 F3000.000
G1 Z1.000 F500.000
G4 P100
G1 X128.625 Y195.030 F1000.000
G1 X129.022 Y195.320
G1 X129.625 Y195.430
G1 X130.049 Y195.384
G1 X130.360 Y195.245
G1 X130.551 Y195.015
G1 X130.615 Y194.695
G1 X130.569 Y194.463
G1 X130.433 Y194.248
G1 X129.960 Y193.935
G1 X130.387 Y193.725
G1 X130.517 Y193.528
G1 X130.521 Y193.049
G1 X130.405 Y192.850
G1 X129.987 Y192.577
G1 X129.415 Y192.485
G1 X128.938 Y192.532
G1 X128.597 Y192.675
G1 X128.393 Y192.889
G1 X128.325 Y193.150
G1 X128.405 Y193.407
G1 X128.620 Y193.500
G1 X128.792 Y193.442
G1 X129.035 Y193.040
G1 X129.375 Y192.970
G1 X129.737 Y193.053
G1 X129.844 Y193.157
G1 X129.846 Y193.457
G1 X129.745 Y193.562
G1 X129.167 Y193.727
G1 X129.115 Y193.890
G1 X129.157 Y194.062
G1 X129.782 Y194.327
G1 X129.930 Y194.670
G1 X129.835 Y194.876
G1 X129.550 Y194.945
G1 X129.216 Y194.863
G1 X128.952 Y194.423
G1 X128.765 Y194.365
G1 X128.557 Y194.442
G1 X128.485 Y194.650
G0 Z5.000 F500.000
G0 X131.060 Y193.655 F3000.000
G1 Z1.000 F500.000
G4 P100
G1 X131.720 Y195.110 F1000.000
G1 X131.912 Y195.357
G1 X132.215 Y195.430
G1 X132.382 Y195.380
G1 X132.440 Y195.250
G1 X131.700 Y193.635
G1 X132.470 Y193.635
G1 X132.635 Y194.520
G1 X132.765 Y194.757
G1 X133.015 Y194.840
G1 X133.206 Y194.785
G1 X133.270 Y194.620
G1 X133.100 Y193.635
G1 X133.479 Y193.579
G1 X133.545 Y193.410
G1 X133.445 Y193.160
G1 X133.025 Y193.090
G1 X132.907 Y192.515
G1 X132.640 Y192.435
G1 X132.441 Y192.516
G1 X132.375 Y192.760
G1 X132.405 Y193.090
G1 X131.305 Y193.095
G1 X131.110 Y193.195
G1 X131.025 Y193.455
G1 X131.060 Y193.655
G0 Z5.000 F500.000
G0 X133.900 Y193.150 F3000.000
G1 Z1.000 F500.000
G4 P100
G1 X133.977 Y193.407 F1000.000
G1 X134.195 Y193.500
G1 X134.365 Y193.442
G1 X134.636 Y193.016
G1 X134.980 Y192.940
G1 X135.285 Y193.053
G1 X135.405 Y193.330
G1 X135.347 Y193.524
G1 X135.171 Y193.667
G1 X134.182 Y193.865
G1 X134.095 Y194.050
G1 X134.265 Y194.860
G1 X134.095 Y194.907
G1 X134.035 Y195.040
G1 X134.095 Y195.243
G1 X134.275 Y195.360
G1 X135.085 Y195.430
G1 X135.695 Y195.417
G1 X136.130 Y195.312
G1 X136.102 Y194.942
G1 X135.875 Y194.870
G1 X134.880 Y194.890
G1 X134.735 Y194.290
G1 X135.302 Y194.206
G1 X135.715 Y194.025
G1 X135.966 Y193.754
G1 X136.050 Y193.400
G1 X135.917 Y192.933
G1 X135.530 Y192.605
G1 X134.930 Y192.485
G1 X134.511 Y192.530
G1 X134.183 Y192.665
G1 X133.971 Y192.876
G1 X133.900 Y193.150
G0 Z5.000 F500.000
G0 X136.578 Y193.192 F3000.000
G1 Z1.000 F500.000
G4 P100
G1 X136.510 Y193.700 F1000.000
G1 X136.553 Y194.181
G1 X136.683 Y194.602
G1 X136.891 Y194.951
G1 X137.172 Y195.213
G1 X137.517 Y195.376
G1 X137.915 Y195.430
G1 X138.266 Y195.386
G1 X138.547 Y195.252
G1 X138.742 Y195.047
G1 X138.830 Y194.785
G1 X138.752 Y194.528
G1 X138.520 Y194.455
G1 X138.342 Y194.512
G1 X138.093 Y194.875
G1 X137.860 Y194.935
G1 X137.597 Y194.878
G1 X137.387 Y194.707
G1 X137.239 Y194.424
G1 X137.160 Y194.030
G1 X137.455 Y194.243
G1 X137.820 Y194.305
G1 X138.267 Y194.200
G1 X138.575 Y193.907
G1 X138.685 Y193.490
G1 X138.553 Y192.977
G1 X138.167 Y192.618
G1 X137.570 Y192.485
G1 X137.116 Y192.566
G1 X136.782 Y192.808
G1 X136.578 Y193.192
G0 Z5.000 F500.000
G0 X137.315 Y193.080 F3000.000
G1 Z1.000 F500.000
G4 P100
G1 X137.595 Y192.975 F1000.000
G1 X137.917 Y193.102
G1 X138.040 Y193.435
G1 X137.940 Y193.705
G1 X137.670 Y193.805
G1 X137.335 Y193.685
G1 X137.215 Y193.365
G1 X137.315 Y193.080
G0 Z5.000 F500.000
G0 X139.580 Y192.925 F3000.000
G1 Z1.000 F500.000
G4 P100
G1 X139.688 Y193.553 F1000.000
G1 X140.032 Y194.235
G1 X140.635 Y194.840
G1 X139.405 Y194.820
G1 X139.245 Y194.890
G1 X139.190 Y195.065
G1 X139.272 Y195.298
G1 X139.495 Y195.400
G1 X140.960 Y195.330
G1 X141.370 Y195.420
G1 X141.502 Y195.347
G1 X141.555 Y195.130
G1 X141.500 Y194.928
G1 X140.796 Y194.334
G1 X140.507 Y193.890
G1 X140.142 Y192.580
G1 X139.910 Y192.485
G1 X139.675 Y192.583
G1 X139.580 Y192.925
G0 Z5.000 F500.000
G0 X141.718 Y192.903 F3000.000
G1 Z1.000 F500.000
G4 P100
G1 X141.650 Y193.205 F1000.000
G1 X141.780 Y193.600
G1 X142.200 Y193.935
G1 X141.927 Y194.222
G1 X141.835 Y194.575
G1 X141.910 Y194.932
G1 X142.135 Y195.202
G1 X142.489 Y195.373
G1 X142.950 Y195.430
G1 X143.333 Y195.384
G1 X143.632 Y195.245
G1 X143.826 Y195.028
G1 X143.890 Y194.745
G1 X143.760 Y194.332
G1 X143.340 Y193.995
G1 X143.707 Y193.702
G1 X143.830 Y193.325
G1 X143.688 Y192.885
G1 X143.285 Y192.590
G1 X142.680 Y192.485
G1 X142.248 Y192.532
G1 X141.922 Y192.675
G1 X141.718 Y192.903
G0 Z5.000 F500.000
G0 X142.373 Y193.048 F3000.000
G1 Z1.000 F500.000
G4 P100
G1 X142.705 Y192.970 F1000.000
G1 X143.075 Y193.050
G1 X143.210 Y193.270
G1 X143.092 Y193.480
G1 X142.660 Y193.720
G1 X142.340 Y193.505
G1 X142.250 Y193.265
G1 X142.373 Y193.048
G0 Z5.000 F500.000
G0 X142.830 Y194.205 F3000.000
G1 Z1.000 F500.000
G4 P100
G1 X143.188 Y194.440 F1000.000
G1 X143.290 Y194.670
G1 X143.195 Y194.876
G1 X142.910 Y194.945
G1 X142.575 Y194.857
G1 X142.450 Y194.605
G1 X142.545 Y194.392
G1 X142.830 Y194.205
G0 Z5.000 F500.000
G0 X144.360 Y194.425 F3000.000
G1 Z1.000 F500.000
G4 P100
G1 X144.493 Y194.938 F1000.000
G1 X144.877 Y195.298
G1 X145.475 Y195.430
G1 X145.929 Y195.349
G1 X146.262 Y195.107
G1 X146.467 Y194.723
G1 X146.535 Y194.215
G1 X146.492 Y193.734
G1 X146.363 Y193.312
G1 X146.154 Y192.964
G1 X145.873 Y192.702
G1 X145.528 Y192.539
G1 X145.130 Y192.485
G1 X144.779 Y192.529
G1 X144.498 Y192.662
G1 X144.303 Y192.868
G1 X144.215 Y193.130
G1 X144.292 Y193.387
G1 X144.525 Y193.460
G1 X144.702 Y193.403
G1 X144.952 Y193.040
G1 X145.185 Y192.980
G1 X145.448 Y193.037
G1 X145.657 Y193.207
G1 X145.806 Y193.491
G1 X145.885 Y193.885
G1 X145.590 Y193.673
G1 X145.225 Y193.610
G1 X144.777 Y193.715
G1 X144.470 Y194.007
G1 X144.360 Y194.425
G0 Z5.000 F500.000
G0 X145.105 Y194.210 F3000.000
G1 Z1.000 F500.000
G4 P100
G1 X145.375 Y194.110 F1000.000
G1 X145.710 Y194.230
G1 X145.830 Y194.550
G1 X145.730 Y194.835
G1 X145.450 Y194.940
G1 X145.127 Y194.812
G1 X145.005 Y194.480
G1 X145.105 Y194.210
G0 Z5.000 F500.000
G0 X146.983 Y193.280 F3000.000
G1 Z1.000 F500.000
G4 P100
G1 X147.340 Y193.415 F1000.000
G1 X147.673 Y193.308
G1 X147.785 Y192.990
G1 X147.655 Y192.623
G1 X147.300 Y192.485
G1 X146.968 Y192.605
G1 X146.855 Y192.920
G1 X146.983 Y193.280
G0 Z5.000 F500.000
G0 X24.010 Y182.425 F3000.000
G1 Z1.000 F500.000
G4 P100
G1 X23.915 Y182.115 F1000.000
G1 X23.372 Y181.645
G1 X22.740 Y181.510
G1 X22.260 Y181.575
G1 X21.175 Y181.975
G1 X20.856 Y181.626
G1 X20.410 Y181.510
G1 X19.962 Y181.637
G1 X19.795 Y181.965
G1 X19.854 Y182.189
G1 X20.030 Y182.373
G1 X20.304 Y182.494
G1 X20.720 Y182.535
G1 X20.810 Y183.990
G1 X20.990 Y184.815
G1 X21.405 Y185.370
G1 X21.930 Y185.673
G1 X22.555 Y185.775
G1 X23.032 Y185.705
G1 X23.385 Y185.495
G1 X23.602 Y185.173
G1 X23.675 Y184.765
G1 X23.565 Y184.272
G1 X23.434 Y184.132
G1 X23.260 Y184.085
G1 X23.040 Y184.153
G1 X22.960 Y184.345
G1 X23.010 Y184.760
G1 X22.887 Y185.093
G1 X22.515 Y185.215
G1 X22.125 Y185.143
G1 X21.835 Y184.928
G1 X21.639 Y184.558
G1 X21.530 Y184.025
G1 X21.350 Y182.475
G1 X22.845 Y182.170
G1 X23.343 Y182.267
G1 X23.870 Y182.650
G1 X23.973 Y182.590
G1 X24.010 Y182.425
G0 Z5.000 F500.000
G0 X24.165 Y182.320 F3000.000
G1 Z1.000 F500.000
G4 P100
G1 X24.227 Y182.090 F1000.000
G1 X24.400 Y182.015
G1 X24.610 Y182.145
G1 X24.755 Y182.490
G1 X24.940 Y183.410
G1 X24.553 Y183.252
G1 X24.270 Y182.850
G1 X24.165 Y182.320
G0 Z5.000 F500.000
G0 X23.725 Y183.082 F3000.000
G1 Z1.000 F500.000
G4 P100
G1 X23.941 Y183.405 F1000.000
G1 X24.534 Y183.821
G1 X24.870 Y183.875
G1 X25.017 Y183.832
G1 X25.080 Y183.680
G1 X25.484 Y183.656
G1 X25.545 Y183.525
G1 X25.355 Y182.225
G1 X25.392 Y182.105
G1 X25.490 Y182.060
G1 X25.720 Y182.183
G1 X26.220 Y182.650
G1 X26.322 Y182.590
G1 X26.360 Y182.425
G1 X26.265 Y182.115
G1 X25.830 Y181.685
G1 X25.385 Y181.510
G1 X25.082 Y181.623
G1 X24.875 Y181.930
G1 X24.581 Y181.615
G1 X24.220 Y181.510
G1 X23.941 Y181.566
G1 X23.725 Y181.735
G1 X23.586 Y181.995
G1 X23.586 Y182.714
G1 X23.725 Y183.082
G0 Z5.000 F500.000
G0 X25.773 Y183.445 F3000.000
G1 Z1.000 F500.000
G4 P100
G1 X25.720 Y183.620 F1000.000
G1 X25.776 Y183.830
G1 X26.230 Y183.900
G1 X26.490 Y184.905
G1 X26.913 Y185.630
G1 X27.169 Y185.832
G1 X27.445 Y185.900
G1 X27.633 Y185.854
G1 X27.775 Y185.715
G1 X27.895 Y185.250
G1 X27.854 Y184.875
G1 X27.733 Y184.525
G1 X27.245 Y183.900
G1 X27.920 Y183.865
G1 X27.920 Y183.584
G1 X27.814 Y183.476
G1 X27.390 Y183.390
G1 X26.780 Y183.390
G1 X26.801 Y182.558
G1 X26.892 Y182.270
G1 X27.051 Y182.113
G1 X27.280 Y182.060
G1 X27.660 Y182.190
G1 X28.185 Y182.650
G1 X28.288 Y182.590
G1 X28.325 Y182.425
G1 X28.230 Y182.115
G1 X27.760 Y181.680
G1 X27.486 Y181.553
G1 X27.175 Y181.510
G1 X26.729 Y181.600
G1 X26.410 Y181.869
G1 X26.219 Y182.317
G1 X26.170 Y183.390
G1 X25.773 Y183.445
G0 Z5.000 F500.000
G0 X26.830 Y183.975 F3000.000
G1 Z1.000 F500.000
G4 P100
G1 X27.273 Y184.548 F1000.000
G1 X27.420 Y185.125
G1 X27.393 Y185.346
G1 X27.310 Y185.420
G1 X27.142 Y185.232
G1 X26.968 Y184.712
G1 X26.830 Y183.975
G0 Z5.000 F500.000
G0 X28.155 Y184.565 F3000.000
G1 Z1.000 F500.000
G4 P100
G1 X28.293 Y184.857 F1000.000
G1 X28.635 Y184.975
G1 X28.935 Y184.885
G1 X29.050 Y184.630
G1 X28.920 Y184.312
G1 X28.575 Y184.195
G1 X28.260 Y184.292
G1 X28.155 Y184.565
G0 Z5.000 F500.000
G0 X28.480 Y183.865 F3000.000
G1 Z1.000 F500.000
G4 P100
G1 X28.671 Y183.822 F1000.000
G1 X28.735 Y183.695
G1 X28.520 Y182.370
G1 X28.560 Y182.140
G1 X28.695 Y182.060
G1 X28.920 Y182.185
G1 X29.415 Y182.650
G1 X29.517 Y182.590
G1 X29.555 Y182.425
G1 X29.460 Y182.115
G1 X28.981 Y181.661
G1 X28.535 Y181.510
G1 X28.254 Y181.567
G1 X28.062 Y181.740
G1 X27.915 Y182.350
G1 X28.120 Y183.585
G1 X28.240 Y183.805
G1 X28.480 Y183.865
G0 Z5.000 F500.000
G0 X29.345 Y183.585 F3000.000
G1 Z1.000 F500.000
G4 P100
G1 X29.492 Y183.798 F1000.000
G1 X29.920 Y183.840
G1 X29.960 Y183.745
G1 X29.755 Y182.665
G1 X30.125 Y183.365
G1 X30.527 Y183.750
G1 X30.890 Y183.865
G1 X31.134 Y183.784
G1 X31.215 Y183.540
G1 X31.010 Y182.260
G1 X31.046 Y182.110
G1 X31.155 Y182.060
G1 X31.392 Y182.183
G1 X31.895 Y182.650
G1 X31.998 Y182.590
G1 X32.035 Y182.425
G1 X31.940 Y182.115
G1 X31.477 Y181.680
G1 X31.213 Y181.553
G1 X30.691 Y181.547
G1 X30.432 Y181.838
G1 X30.400 Y182.085
G1 X30.535 Y183.020
G1 X30.480 Y183.100
G1 X30.297 Y182.933
G1 X30.057 Y182.490
G1 X29.733 Y181.593
G1 X29.505 Y181.510
G1 X29.343 Y181.560
G1 X29.238 Y181.710
G1 X29.160 Y182.350
G1 X29.345 Y183.585
G0 Z5.000 F500.000
G0 X31.705 Y183.370 F3000.000
G1 Z1.000 F500.000
G4 P100
G1 X31.833 Y183.730 F1000.000
G1 X32.190 Y183.865
G1 X32.523 Y183.757
G1 X32.635 Y183.440
G1 X32.505 Y183.072
G1 X32.150 Y182.935
G1 X31.818 Y183.055
G1 X31.705 Y183.370
G0 Z5.000 F500.000
G0 X32.015 Y182.440 F3000.000
G1 Z1.000 F500.000
G4 P100
G1 X32.347 Y182.332 F1000.000
G1 X32.460 Y182.015
G1 X32.330 Y181.647
G1 X31.975 Y181.510
G1 X31.642 Y181.630
G1 X31.530 Y181.945
G1 X31.657 Y182.305
G1 X32.015 Y182.440
G0 Z5.000 F500.000
G0 X36.593 Y184.232 F3000.000
G1 Z1.000 F500.000
G4 P100
G1 X36.528 Y184.590 F1000.000
G1 X36.597 Y184.973
G1 X36.805 Y185.272
G1 X37.155 Y185.496
G1 X37.650 Y185.650
G1 X39.108 Y185.770
G1 X39.985 Y185.750
G1 X40.558 Y185.685
G1 X40.790 Y185.580
G1 X40.868 Y185.405
G1 X40.775 Y185.165
G1 X40.483 Y185.105
G1 X39.118 Y185.170
G1 X38.583 Y181.810
G1 X38.463 Y181.588
G1 X38.198 Y181.510
G1 X37.943 Y181.590
G1 X37.853 Y181.800
G1 X38.408 Y185.165
G1 X37.638 Y185.085
G1 X37.240 Y184.903
G1 X37.123 Y184.600
G1 X37.243 Y184.200
G1 X37.130 Y184.022
G1 X36.898 Y183.940
G1 X36.758 Y183.990
G1 X36.593 Y184.232
G0 Z5.000 F500.000
G0 X40.270 Y184.265 F3000.000
G1 Z1.000 F500.000
G4 P100
G1 X40.465 Y185.033 F1000.000
G1 X40.735 Y185.667
G1 X41.073 Y186.093
G1 X41.473 Y186.235
G1 X41.681 Y186.186
G1 X41.952 Y185.811
G1 X41.914 Y185.011
G1 X41.693 Y184.477
G1 X40.733 Y183.210
G1 X40.718 Y182.675
G1 X41.085 Y183.368
G1 X41.485 Y183.750
G1 X41.848 Y183.865
G1 X42.092 Y183.784
G1 X42.173 Y183.540
G1 X41.968 Y182.260
G1 X42.004 Y182.110
G1 X42.113 Y182.060
G1 X42.350 Y182.183
G1 X42.853 Y182.650
G1 X42.955 Y182.590
G1 X42.993 Y182.425
G1 X42.898 Y182.115
G1 X42.425 Y181.680
G1 X42.166 Y181.553
G1 X41.649 Y181.547
G1 X41.390 Y181.838
G1 X41.358 Y182.085
G1 X41.493 Y183.020
G1 X41.438 Y183.100
G1 X41.253 Y182.933
G1 X41.013 Y182.490
G1 X40.653 Y181.610
G1 X40.348 Y181.510
G1 X40.150 Y181.618
G1 X40.113 Y182.660
G1 X40.270 Y184.265
G0 Z5.000 F500.000
G0 X40.788 Y183.835 F3000.000
G1 Z1.000 F500.000
G4 P100
G1 X41.300 Y184.630 F1000.000
G1 X41.452 Y185.040
G1 X41.503 Y185.410
G1 X41.468 Y185.655
G1 X41.368 Y185.740
G1 X41.168 Y185.482
G1 X40.955 Y184.787
G1 X40.788 Y183.835
G0 Z5.000 F500.000
G0 X42.831 Y183.484 F3000.000
G1 Z1.000 F500.000
G4 P100
G1 X43.335 Y183.821 F1000.000
G1 X43.904 Y183.822
G1 X44.108 Y183.692
G1 X44.239 Y183.489
G1 X44.283 Y183.225
G1 X44.221 Y182.904
G1 X44.035 Y182.632
G1 X43.702 Y182.411
G1 X43.198 Y182.240
G1 X43.379 Y182.067
G1 X43.673 Y182.010
G1 X44.185 Y182.167
G1 X44.818 Y182.650
G1 X44.920 Y182.590
G1 X44.958 Y182.425
G1 X44.863 Y182.115
G1 X44.340 Y181.700
G1 X43.991 Y181.558
G1 X43.618 Y181.510
G1 X43.152 Y181.581
G1 X42.803 Y181.795
G1 X42.585 Y182.132
G1 X42.513 Y182.575
G1 X42.658 Y183.218
G1 X42.831 Y183.484
G0 Z5.000 F500.000
G0 X43.245 Y183.160 F3000.000
G1 Z1.000 F500.000
G4 P100
G1 X43.118 Y182.640 F1000.000
G1 X43.583 Y182.840
G1 X43.753 Y183.165
G1 X43.700 Y183.317
G1 X43.558 Y183.375
G1 X43.387 Y183.321
G1 X43.245 Y183.160
G0 Z5.000 F500.000
G0 X48.212 Y182.720 F3000.000
G1 Z1.000 F500.000
G4 P100
G1 X48.572 Y183.406 F1000.000
G1 X48.853 Y183.657
G1 X49.176 Y183.821
G1 X49.521 Y183.875
G1 X49.706 Y183.795
G1 X49.841 Y184.010
G1 X50.091 Y184.065
G1 X50.318 Y184.015
G1 X50.371 Y183.870
G1 X49.906 Y182.065
G1 X49.746 Y180.650
G1 X49.783 Y180.257
G1 X49.881 Y180.095
G1 X50.086 Y180.720
G1 X50.086 Y182.080
G1 X50.168 Y182.355
G1 X50.401 Y182.465
G1 X51.036 Y182.495
G1 X51.151 Y182.340
G1 X51.063 Y182.035
G1 X50.826 Y181.925
G1 X50.496 Y181.935
G1 X50.466 Y180.659
G1 X50.318 Y180.050
G1 X50.065 Y179.630
G1 X49.701 Y179.490
G1 X49.450 Y179.572
G1 X49.268 Y179.817
G1 X49.121 Y180.615
G1 X49.251 Y181.770
G1 X49.054 Y181.575
G1 X48.806 Y181.510
G1 X48.554 Y181.567
G1 X48.348 Y181.740
G1 X48.211 Y182.004
G1 X48.212 Y182.720
G0 Z5.000 F500.000
G0 X48.791 Y182.335 F3000.000
G1 Z1.000 F500.000
G4 P100
G1 X48.848 Y182.097 F1000.000
G1 X49.006 Y182.015
G1 X49.226 Y182.157
G1 X49.591 Y183.410
G1 X49.188 Y183.255
G1 X48.898 Y182.858
G1 X48.791 Y182.335
G0 Z5.000 F500.000
G0 X50.781 Y182.923 F3000.000
G1 Z1.000 F500.000
G4 P100
G1 X50.946 Y183.585 F1000.000
G1 X51.086 Y183.800
G1 X51.523 Y183.830
G1 X51.566 Y183.725
G1 X51.331 Y182.420
G1 X51.436 Y182.230
G1 X51.623 Y182.380
G1 X51.863 Y182.835
G1 X52.233 Y183.800
G1 X52.641 Y183.837
G1 X52.686 Y183.735
G1 X52.421 Y182.260
G1 X52.461 Y182.113
G1 X52.566 Y182.060
G1 X52.803 Y182.183
G1 X53.306 Y182.650
G1 X53.408 Y182.590
G1 X53.446 Y182.425
G1 X53.351 Y182.115
G1 X52.888 Y181.680
G1 X52.624 Y181.553
G1 X52.117 Y181.556
G1 X51.973 Y181.695
G1 X51.861 Y182.215
G1 X51.606 Y181.692
G1 X51.241 Y181.510
G1 X51.036 Y181.562
G1 X50.766 Y181.951
G1 X50.781 Y182.923
G0 Z5.000 F500.000
G0 X53.036 Y182.350 F3000.000
G1 Z1.000 F500.000
G4 P100
G1 X53.241 Y183.585 F1000.000
G1 X53.361 Y183.805
G1 X53.601 Y183.865
G1 X53.792 Y183.822
G1 X53.856 Y183.695
G1 X53.641 Y182.370
G1 X53.681 Y182.140
G1 X53.816 Y182.060
G1 X54.041 Y182.185
G1 X54.536 Y182.650
G1 X54.638 Y182.590
G1 X54.676 Y182.425
G1 X54.581 Y182.115
G1 X54.102 Y181.661
G1 X53.656 Y181.510
G1 X53.375 Y181.567
G1 X53.183 Y181.740
G1 X53.036 Y182.350
G0 Z5.000 F500.000
G0 X53.696 Y184.195 F3000.000
G1 Z1.000 F500.000
G4 P100
G1 X53.381 Y184.292 F1000.000
G1 X53.276 Y184.565
G1 X53.413 Y184.857
G1 X53.756 Y184.975
G1 X54.056 Y184.885
G1 X54.171 Y184.630
G1 X54.041 Y184.312
G1 X53.696 Y184.195
G0 Z5.000 F500.000
G0 X54.766 Y183.700 F3000.000
G1 Z1.000 F500.000
G4 P100
G1 X55.027 Y183.824 F1000.000
G1 X55.545 Y183.824
G1 X55.728 Y183.702
G1 X55.881 Y183.285
G1 X55.788 Y182.930
G1 X55.546 Y182.785
G1 X55.393 Y182.830
G1 X55.336 Y182.955
G1 X55.353 Y183.340
G1 X55.261 Y183.375
G1 X55.046 Y183.272
G1 X54.886 Y182.995
G1 X54.826 Y182.610
G1 X54.952 Y182.175
G1 X55.331 Y182.030
G1 X55.773 Y182.167
G1 X56.376 Y182.650
G1 X56.478 Y182.590
G1 X56.516 Y182.425
G1 X56.421 Y182.115
G1 X56.162 Y181.858
G1 X55.858 Y181.667
G1 X55.226 Y181.510
G1 X54.790 Y181.579
G1 X54.463 Y181.787
G1 X54.259 Y182.109
G1 X54.191 Y182.520
G1 X54.231 Y182.900
G1 X54.351 Y183.230
G1 X54.766 Y183.700
G0 Z5.000 F500.000
G0 X56.146 Y182.660 F3000.000
G1 Z1.000 F500.000
G4 P100
G1 X56.303 Y184.265 F1000.000
G1 X56.498 Y185.033
G1 X56.768 Y185.667
G1 X57.106 Y186.093
G1 X57.506 Y186.235
G1 X57.714 Y186.186
G1 X57.985 Y185.811
G1 X57.947 Y185.011
G1 X57.726 Y184.477
G1 X56.766 Y183.210
G1 X56.751 Y182.675
G1 X57.008 Y183.214
G1 X57.301 Y183.582
G1 X57.601 Y183.794
G1 X57.881 Y183.865
G1 X58.106 Y183.822
G1 X58.397 Y183.505
G1 X58.436 Y183.275
G1 X58.296 Y182.770
G1 X57.816 Y182.360
G1 X57.938 Y182.142
G1 X58.186 Y182.060
G1 X58.486 Y182.180
G1 X59.001 Y182.650
G1 X59.103 Y182.590
G1 X59.141 Y182.425
G1 X59.046 Y182.115
G1 X58.591 Y181.675
G1 X58.339 Y181.551
G1 X57.698 Y181.565
G1 X57.426 Y181.730
G1 X57.249 Y181.986
G1 X57.191 Y182.315
G1 X57.241 Y182.482
G1 X57.706 Y182.798
G1 X57.801 Y183.060
G1 X57.671 Y183.240
G1 X57.373 Y183.045
G1 X57.071 Y182.542
G1 X56.723 Y181.593
G1 X56.496 Y181.510
G1 X56.268 Y181.623
G1 X56.171 Y181.970
G1 X56.146 Y182.660
G0 Z5.000 F500.000
G0 X56.821 Y183.835 F3000.000
G1 Z1.000 F500.000
G4 P100
G1 X57.333 Y184.630 F1000.000
G1 X57.485 Y185.040
G1 X57.536 Y185.410
G1 X57.501 Y185.655
G1 X57.401 Y185.740
G1 X57.201 Y185.482
G1 X56.988 Y184.787
G1 X56.821 Y183.835
G0 Z5.000 F500.000
G0 X62.608 Y184.412 F3000.000
G1 Z1.000 F500.000
G4 P100
G1 X62.805 Y185.114 F1000.000
G1 X63.076 Y185.702
G1 X63.413 Y186.102
G1 X63.808 Y186.235
G1 X64.016 Y186.186
G1 X64.283 Y185.811
G1 X64.318 Y185.525
G1 X64.163 Y184.710
G1 X63.648 Y183.860
G1 X63.952 Y183.778
G1 X64.193 Y183.582
G1 X64.361 Y183.301
G1 X64.443 Y182.960
G1 X65.073 Y183.070
G1 X65.173 Y183.005
G1 X65.173 Y182.647
G1 X65.063 Y182.555
G1 X64.403 Y182.435
G1 X64.259 Y182.060
G1 X64.026 Y181.765
G1 X63.734 Y181.574
G1 X63.413 Y181.510
G1 X62.977 Y181.606
G1 X62.678 Y181.895
G1 X62.506 Y182.366
G1 X62.448 Y183.010
G1 X62.608 Y184.412
G0 Z5.000 F500.000
G0 X63.108 Y182.931 F3000.000
G1 Z1.000 F500.000
G4 P100
G1 X63.073 Y182.625 F1000.000
G1 X63.181 Y182.190
G1 X63.433 Y182.040
G1 X63.708 Y182.170
G1 X63.868 Y182.545
G1 X63.631 Y182.820
G1 X63.568 Y183.370
G1 X63.369 Y183.319
G1 X63.108 Y182.931
G0 Z5.000 F500.000
G0 X63.108 Y183.520 F3000.000
G1 Z1.000 F500.000
G4 P100
G1 X63.784 Y185.024 F1000.000
G1 X63.833 Y185.410
G1 X63.796 Y185.655
G1 X63.693 Y185.740
G1 X63.476 Y185.442
G1 X63.258 Y184.635
G1 X63.108 Y183.520
G0 Z5.000 F500.000
G0 X64.973 Y183.585 F3000.000
G1 Z1.000 F500.000
G4 P100
G1 X65.121 Y183.798 F1000.000
G1 X65.548 Y183.840
G1 X65.588 Y183.745
G1 X65.383 Y182.665
G1 X65.753 Y183.365
G1 X66.156 Y183.750
G1 X66.518 Y183.865
G1 X66.762 Y183.784
G1 X66.843 Y183.540
G1 X66.790 Y182.844
G1 X66.883 Y182.800
G1 X67.378 Y183.085
G1 X67.481 Y183.028
G1 X67.518 Y182.875
G1 X67.418 Y182.585
G1 X67.091 Y182.338
G1 X66.693 Y182.235
G1 X66.460 Y182.269
G1 X66.188 Y182.529
G1 X66.123 Y183.100
G1 X65.926 Y182.933
G1 X65.683 Y182.490
G1 X65.361 Y181.593
G1 X65.133 Y181.510
G1 X64.971 Y181.560
G1 X64.866 Y181.710
G1 X64.788 Y182.350
G1 X64.973 Y183.585
G0 Z5.000 F500.000
G0 X66.978 Y182.560 F3000.000
G1 Z1.000 F500.000
G4 P100
G1 X67.123 Y183.238 F1000.000
G1 X67.296 Y183.502
G1 X67.792 Y183.828
G1 X68.088 Y183.870
G1 X68.431 Y183.804
G1 X68.701 Y183.608
G1 X68.885 Y183.314
G1 X68.973 Y182.960
G1 X69.603 Y183.070
G1 X69.703 Y183.005
G1 X69.738 Y182.840
G1 X69.702 Y182.649
G1 X69.593 Y182.555
G1 X68.933 Y182.435
G1 X68.792 Y182.057
G1 X68.558 Y181.762
G1 X68.260 Y181.573
G1 X67.923 Y181.510
G1 X67.411 Y181.655
G1 X67.088 Y182.040
G1 X66.978 Y182.560
G0 Z5.000 F500.000
G0 X67.711 Y182.185 F3000.000
G1 Z1.000 F500.000
G4 P100
G1 X67.963 Y182.040 F1000.000
G1 X68.241 Y182.170
G1 X68.398 Y182.545
G1 X68.161 Y182.820
G1 X68.093 Y183.340
G1 X67.891 Y183.292
G1 X67.736 Y183.147
G1 X67.636 Y182.916
G1 X67.603 Y182.605
G1 X67.711 Y182.185
G0 Z5.000 F500.000
G0 X69.378 Y182.175 F3000.000
G1 Z1.000 F500.000
G4 P100
G1 X69.318 Y183.575 F1000.000
G1 X69.408 Y183.805
G1 X69.663 Y183.870
G1 X69.856 Y183.812
G1 X69.918 Y183.620
G1 X69.988 Y182.125
G1 X70.613 Y183.615
G1 X70.746 Y183.817
G1 X70.933 Y183.870
G1 X71.121 Y183.815
G1 X71.173 Y183.620
G1 X71.243 Y182.125
G1 X71.693 Y182.835
G1 X71.618 Y183.180
G1 X71.693 Y183.510
G1 X71.898 Y183.770
G1 X72.193 Y183.870
G1 X72.428 Y183.767
G1 X72.518 Y183.470
G1 X72.398 Y182.955
G1 X73.088 Y183.060
G1 X73.203 Y183.010
G1 X73.243 Y182.875
G1 X73.183 Y182.632
G1 X73.003 Y182.505
G1 X72.513 Y182.430
G1 X72.098 Y182.490
G1 X71.436 Y181.615
G1 X71.113 Y181.510
G1 X70.811 Y181.665
G1 X70.658 Y182.540
G1 X70.381 Y181.900
G1 X70.136 Y181.595
G1 X69.848 Y181.510
G1 X69.526 Y181.670
G1 X69.378 Y182.175
G0 Z5.000 F500.000
G0 X72.818 Y182.350 F3000.000
G1 Z1.000 F500.000
G4 P100
G1 X73.003 Y183.585 F1000.000
G1 X73.151 Y183.798
G1 X73.438 Y183.865
G1 X73.578 Y183.840
G1 X73.618 Y183.745
G1 X73.413 Y182.665
G1 X73.783 Y183.365
G1 X74.186 Y183.750
G1 X74.548 Y183.865
G1 X74.792 Y183.784
G1 X74.873 Y183.540
G1 X74.668 Y182.260
G1 X74.705 Y182.110
G1 X74.813 Y182.060
G1 X75.051 Y182.183
G1 X75.553 Y182.650
G1 X75.656 Y182.590
G1 X75.693 Y182.425
G1 X75.598 Y182.115
G1 X75.136 Y181.680
G1 X74.573 Y181.510
G1 X74.350 Y181.547
G1 X74.091 Y181.838
G1 X74.058 Y182.085
G1 X74.193 Y183.020
G1 X74.138 Y183.100
G1 X73.956 Y182.933
G1 X73.716 Y182.490
G1 X73.391 Y181.593
G1 X73.163 Y181.510
G1 X73.001 Y181.560
G1 X72.896 Y181.710
G1 X72.818 Y182.350
G0 Z5.000 F500.000
G0 X78.986 Y182.005 F3000.000
G1 Z1.000 F500.000
G4 P100
G1 X79.038 Y182.972 F1000.000
G1 X79.194 Y183.952
G1 X79.440 Y184.855
G1 X79.764 Y185.588
G1 X80.144 Y186.073
G1 X80.561 Y186.235
G1 X80.770 Y186.183
G1 X81.028 Y185.779
G1 X81.061 Y185.460
G1 X80.973 Y184.859
G1 X80.710 Y184.233
G1 X80.271 Y183.579
G1 X79.656 Y182.900
G1 X79.641 Y180.983
G1 X79.756 Y180.440
G1 X79.869 Y180.570
G1 X79.906 Y180.960
G1 X79.711 Y182.485
G1 X79.754 Y182.650
G1 X79.996 Y182.900
G1 X80.961 Y182.935
G1 X81.066 Y182.882
G1 X81.101 Y182.725
G1 X80.946 Y182.429
G1 X80.481 Y182.330
G1 X80.136 Y182.375
G1 X80.286 Y181.065
G1 X80.242 Y180.589
G1 X80.111 Y180.240
G1 X79.909 Y180.026
G1 X79.651 Y179.955
G1 X79.343 Y180.082
G1 X79.139 Y180.465
G1 X79.024 Y181.105
G1 X78.986 Y182.005
G0 Z5.000 F500.000
G0 X79.746 Y183.565 F3000.000
G1 Z1.000 F500.000
G4 P100
G1 X80.100 Y184.029 F1000.000
G1 X80.524 Y184.989
G1 X80.581 Y185.435
G1 X80.550 Y185.664
G1 X80.456 Y185.740
G1 X80.234 Y185.435
G1 X79.971 Y184.627
G1 X79.746 Y183.565
G0 Z5.000 F500.000
G0 X81.064 Y183.502 F3000.000
G1 Z1.000 F500.000
G4 P100
G1 X81.560 Y183.828 F1000.000
G1 X81.856 Y183.870
G1 X82.199 Y183.804
G1 X82.469 Y183.608
G1 X82.653 Y183.314
G1 X82.741 Y182.960
G1 X83.371 Y183.070
G1 X83.471 Y183.005
G1 X83.470 Y182.649
G1 X83.361 Y182.555
G1 X82.701 Y182.435
G1 X82.560 Y182.057
G1 X82.326 Y181.762
G1 X82.027 Y181.573
G1 X81.413 Y181.546
G1 X81.179 Y181.655
G1 X80.856 Y182.040
G1 X80.746 Y182.560
G1 X80.891 Y183.238
G1 X81.064 Y183.502
G0 Z5.000 F500.000
G0 X81.404 Y182.916 F3000.000
G1 Z1.000 F500.000
G4 P100
G1 X81.371 Y182.605 F1000.000
G1 X81.479 Y182.185
G1 X81.731 Y182.040
G1 X82.009 Y182.170
G1 X82.166 Y182.545
G1 X81.929 Y182.820
G1 X81.861 Y183.340
G1 X81.659 Y183.292
G1 X81.504 Y183.147
G1 X81.404 Y182.916
G0 Z5.000 F500.000
G0 X83.036 Y182.505 F3000.000
G1 Z1.000 F500.000
G4 P100
G1 X83.175 Y182.621 F1000.000
G1 X83.496 Y182.626
G1 X83.516 Y182.195
G1 X83.646 Y182.045
G1 X83.829 Y182.157
G1 X83.974 Y182.465
G1 X84.031 Y182.895
G1 X83.986 Y183.197
G1 X83.876 Y183.320
G1 X83.666 Y183.072
G1 X83.491 Y183.025
G1 X83.316 Y183.102
G1 X83.251 Y183.340
G1 X83.406 Y183.740
G1 X83.806 Y183.885
G1 X84.186 Y183.782
G1 X84.446 Y183.485
G1 X84.784 Y183.785
G1 X85.151 Y183.885
G1 X85.449 Y183.795
G1 X85.551 Y183.505
G1 X85.466 Y183.153
G1 X85.261 Y183.025
G1 X85.111 Y183.070
G1 X84.951 Y183.320
G1 X84.824 Y183.207
G1 X84.661 Y182.525
G1 X84.774 Y182.162
G1 X85.081 Y182.035
G1 X85.449 Y182.167
G1 X85.986 Y182.650
G1 X86.089 Y182.590
G1 X86.126 Y182.425
G1 X86.031 Y182.115
G1 X85.549 Y181.683
G1 X85.269 Y181.553
G1 X84.956 Y181.510
G1 X84.504 Y181.605
G1 X84.191 Y181.875
G1 X83.880 Y181.605
G1 X83.516 Y181.515
G1 X83.270 Y181.555
G1 X82.961 Y181.861
G1 X82.921 Y182.100
G1 X83.036 Y182.505
G0 Z5.000 F500.000
G0 X88.093 Y180.197 F3000.000
G1 Z1.000 F500.000
G4 P100
G1 X88.299 Y180.587 F1000.000
G1 X88.695 Y181.037
G1 X89.334 Y181.580
G1 X89.574 Y183.585
G1 X89.684 Y183.798
G1 X89.959 Y183.865
G1 X90.156 Y183.820
G1 X90.204 Y183.695
G1 X89.989 Y182.080
G1 X90.834 Y182.640
G1 X90.936 Y182.577
G1 X90.939 Y182.240
G1 X89.894 Y181.490
G1 X89.670 Y180.561
G1 X89.389 Y179.855
G1 X89.036 Y179.409
G1 X88.599 Y179.260
G1 X88.181 Y179.417
G1 X88.024 Y179.830
G1 X88.093 Y180.197
G0 Z5.000 F500.000
G0 X88.514 Y179.940 F3000.000
G1 Z1.000 F500.000
G4 P100
G1 X88.549 Y179.794 F1000.000
G1 X88.654 Y179.745
G1 X88.790 Y179.819
G1 X88.939 Y180.040
G1 X89.229 Y180.990
G1 X88.681 Y180.403
G1 X88.514 Y179.940
G0 Z5.000 F500.000
G0 X89.934 Y184.195 F3000.000
G1 Z1.000 F500.000
G4 P100
G1 X89.619 Y184.292 F1000.000
G1 X89.514 Y184.565
G1 X89.651 Y184.857
G1 X89.994 Y184.975
G1 X90.294 Y184.885
G1 X90.409 Y184.630
G1 X90.279 Y184.312
G1 X89.934 Y184.195
G0 Z5.000 F500.000
G0 X91.024 Y183.800 F3000.000
G1 Z1.000 F500.000
G4 P100
G1 X91.309 Y183.865 F1000.000
G1 X91.461 Y183.830
G1 X91.504 Y183.725
G1 X91.294 Y182.272
G1 X91.374 Y182.230
G1 X91.561 Y182.380
G1 X92.171 Y183.800
G1 X92.419 Y183.865
G1 X92.579 Y183.837
G1 X92.624 Y183.735
G1 X92.359 Y182.260
G1 X92.399 Y182.113
G1 X92.504 Y182.060
G1 X92.741 Y182.183
G1 X93.244 Y182.650
G1 X93.346 Y182.590
G1 X93.384 Y182.425
G1 X93.289 Y182.115
G1 X92.826 Y181.680
G1 X92.264 Y181.510
G1 X92.056 Y181.556
G1 X91.911 Y181.695
G1 X91.799 Y182.215
G1 X91.544 Y181.692
G1 X91.179 Y181.510
G1 X90.975 Y181.562
G1 X90.705 Y181.951
G1 X90.669 Y182.235
G1 X90.719 Y182.923
G1 X90.884 Y183.585
G1 X91.024 Y183.800
G0 Z5.000 F500.000
G0 X93.035 Y182.984 F3000.000
G1 Z1.000 F500.000
G4 P100
G1 X93.174 Y183.585 F1000.000
G1 X93.321 Y183.798
G1 X93.609 Y183.865
G1 X93.749 Y183.840
G1 X93.789 Y183.745
G1 X93.584 Y182.670
G1 X93.906 Y183.330
G1 X94.291 Y183.732
G1 X94.664 Y183.865
G1 X94.911 Y183.785
G1 X94.984 Y183.540
G1 X94.834 Y182.690
G1 X95.098 Y183.221
G1 X95.389 Y183.585
G1 X95.684 Y183.795
G1 X95.959 Y183.865
G1 X96.203 Y183.784
G1 X96.284 Y183.540
G1 X96.079 Y182.260
G1 X96.115 Y182.110
G1 X96.224 Y182.060
G1 X96.461 Y182.183
G1 X96.964 Y182.650
G1 X97.066 Y182.590
G1 X97.104 Y182.425
G1 X97.009 Y182.115
G1 X96.546 Y181.680
G1 X96.282 Y181.553
G1 X95.760 Y181.547
G1 X95.501 Y181.838
G1 X95.469 Y182.085
G1 X95.604 Y183.020
G1 X95.549 Y183.100
G1 X95.364 Y182.933
G1 X95.124 Y182.490
G1 X94.801 Y181.590
G1 X94.569 Y181.510
G1 X94.321 Y181.667
G1 X94.239 Y182.050
G1 X94.329 Y183.020
G1 X94.274 Y183.100
G1 X94.084 Y182.920
G1 X93.861 Y182.460
G1 X93.561 Y181.593
G1 X93.334 Y181.510
G1 X93.172 Y181.560
G1 X93.066 Y181.710
G1 X92.989 Y182.350
G1 X93.035 Y182.984
G0 Z5.000 F500.000
G0 X96.089 Y181.127 F3000.000
G1 Z1.000 F500.000
G4 P100
G1 X96.784 Y182.565 F1000.000
G1 X96.774 Y183.580
G1 X96.889 Y183.810
G1 X97.189 Y183.895
G1 X97.341 Y183.852
G1 X97.399 Y183.500
G1 X97.714 Y183.787
G1 X98.044 Y183.875
G1 X98.298 Y183.819
G1 X98.501 Y183.650
G1 X98.635 Y183.390
G1 X98.679 Y183.060
G1 X98.594 Y182.545
G1 X98.359 Y182.090
G1 X98.534 Y182.060
G1 X98.849 Y182.180
G1 X99.234 Y182.580
G1 X99.369 Y182.650
G1 X99.471 Y182.590
G1 X99.509 Y182.425
G1 X99.414 Y182.115
G1 X98.951 Y181.680
G1 X98.389 Y181.510
G1 X98.149 Y181.558
G1 X97.959 Y181.700
G1 X97.364 Y181.510
G1 X97.258 Y180.624
G1 X97.069 Y179.897
G1 X96.785 Y179.412
G1 X96.603 Y179.290
G1 X96.159 Y179.299
G1 X95.994 Y179.445
G1 X95.896 Y179.678
G1 X95.920 Y180.516
G1 X96.089 Y181.127
G0 Z5.000 F500.000
G0 X96.309 Y180.070 F3000.000
G1 Z1.000 F500.000
G4 P100
G1 X96.346 Y179.825 F1000.000
G1 X96.434 Y179.740
G1 X96.558 Y179.887
G1 X96.659 Y180.327
G1 X96.774 Y181.790
G1 X96.434 Y180.835
G1 X96.309 Y180.070
G0 Z5.000 F500.000
G0 X97.389 Y181.990 F3000.000
G1 Z1.000 F500.000
G4 P100
G1 X97.721 Y182.188 F1000.000
G1 X97.964 Y182.577
G1 X98.054 Y183.065
G1 X97.994 Y183.292
G1 X97.834 Y183.370
G1 X97.635 Y183.275
G1 X97.399 Y182.990
G1 X97.389 Y181.990
G0 Z5.000 F500.000
G0 X98.809 Y181.985 F3000.000
G1 Z1.000 F500.000
G4 P100
G1 X99.359 Y182.810 F1000.000
G1 X99.784 Y183.700
G1 X99.930 Y183.865
G1 X100.179 Y183.920
G1 X100.374 Y183.895
G1 X100.429 Y183.815
G1 X100.264 Y183.285
G1 X100.721 Y182.537
G1 X100.794 Y182.075
G1 X101.504 Y182.650
G1 X101.606 Y182.590
G1 X101.644 Y182.425
G1 X101.549 Y182.115
G1 X101.071 Y181.692
G1 X100.034 Y181.400
G1 X99.636 Y181.520
G1 X99.499 Y181.790
G1 X99.594 Y182.015
G1 X99.874 Y182.110
G1 X100.159 Y182.080
G1 X100.101 Y182.325
G1 X99.819 Y182.735
G1 X99.179 Y181.875
G1 X98.989 Y181.785
G1 X98.859 Y181.843
G1 X98.809 Y181.985
G0 Z5.000 F500.000
G0 X104.842 Y182.560 F3000.000
G1 Z1.000 F500.000
G4 P100
G1 X104.987 Y183.238 F1000.000
G1 X105.159 Y183.502
G1 X105.655 Y183.828
G1 X105.952 Y183.870
G1 X106.295 Y183.804
G1 X106.564 Y183.608
G1 X106.749 Y183.314
G1 X106.837 Y182.960
G1 X107.467 Y183.070
G1 X107.567 Y183.005
G1 X107.602 Y182.840
G1 X107.565 Y182.649
G1 X107.457 Y182.555
G1 X106.797 Y182.435
G1 X106.655 Y182.057
G1 X106.422 Y181.762
G1 X106.123 Y181.573
G1 X105.787 Y181.510
G1 X105.274 Y181.655
G1 X104.952 Y182.040
G1 X104.842 Y182.560
G0 Z5.000 F500.000
G0 X105.574 Y182.185 F3000.000
G1 Z1.000 F500.000
G4 P100
G1 X105.827 Y182.040 F1000.000
G1 X106.104 Y182.170
G1 X106.262 Y182.545
G1 X106.024 Y182.820
G1 X105.957 Y183.340
G1 X105.755 Y183.292
G1 X105.599 Y183.147
G1 X105.500 Y182.916
G1 X105.467 Y182.605
G1 X105.574 Y182.185
G0 Z5.000 F500.000
G0 X107.242 Y182.175 F3000.000
G1 Z1.000 F500.000
G4 P100
G1 X107.182 Y183.575 F1000.000
G1 X107.272 Y183.805
G1 X107.527 Y183.870
G1 X107.719 Y183.812
G1 X107.852 Y182.125
G1 X108.302 Y182.835
G1 X108.227 Y183.180
G1 X108.302 Y183.510
G1 X108.507 Y183.770
G1 X108.802 Y183.870
G1 X109.037 Y183.767
G1 X109.127 Y183.470
G1 X109.007 Y182.955
G1 X109.697 Y183.060
G1 X109.812 Y183.010
G1 X109.792 Y182.632
G1 X109.612 Y182.505
G1 X109.122 Y182.430
G1 X108.707 Y182.490
G1 X108.042 Y181.615
G1 X107.712 Y181.510
G1 X107.529 Y181.550
G1 X107.389 Y181.670
G1 X107.242 Y182.175
G0 Z5.000 F500.000
G0 X109.414 Y182.132 F3000.000
G1 Z1.000 F500.000
G4 P100
G1 X109.342 Y182.575 F1000.000
G1 X109.487 Y183.218
G1 X109.889 Y183.690
G1 X110.472 Y183.865
G1 X110.733 Y183.822
G1 X110.937 Y183.692
G1 X111.068 Y183.489
G1 X111.112 Y183.225
G1 X111.050 Y182.904
G1 X110.864 Y182.632
G1 X110.531 Y182.411
G1 X110.027 Y182.240
G1 X110.208 Y182.067
G1 X110.502 Y182.010
G1 X111.014 Y182.167
G1 X111.647 Y182.650
G1 X111.749 Y182.590
G1 X111.787 Y182.425
G1 X111.692 Y182.115
G1 X111.169 Y181.700
G1 X110.447 Y181.510
G1 X109.980 Y181.581
G1 X109.632 Y181.795
G1 X109.414 Y182.132
G0 Z5.000 F500.000
G0 X109.947 Y182.640 F3000.000
G1 Z1.000 F500.000
G4 P100
G1 X110.412 Y182.840 F1000.000
G1 X110.539 Y182.991
G1 X110.529 Y183.317
G1 X110.387 Y183.375
G1 X110.216 Y183.321
G1 X110.074 Y183.160
G1 X109.947 Y182.640
G0 Z5.000 F500.000
G0 X111.438 Y182.984 F3000.000
G1 Z1.000 F500.000
G4 P100
G1 X111.577 Y183.585 F1000.000
G1 X111.724 Y183.798
G1 X112.012 Y183.865
G1 X112.152 Y183.840
G1 X112.192 Y183.745
G1 X111.987 Y182.665
G1 X112.357 Y183.365
G1 X112.759 Y183.750
G1 X113.122 Y183.865
G1 X113.365 Y183.784
G1 X113.447 Y183.540
G1 X113.393 Y182.844
G1 X113.487 Y182.800
G1 X113.982 Y183.085
G1 X114.084 Y183.028
G1 X114.122 Y182.875
G1 X114.022 Y182.585
G1 X113.694 Y182.338
G1 X113.297 Y182.235
G1 X113.064 Y182.269
G1 X112.791 Y182.529
G1 X112.727 Y183.100
G1 X112.529 Y182.933
G1 X112.287 Y182.490
G1 X111.964 Y181.593
G1 X111.737 Y181.510
G1 X111.575 Y181.560
G1 X111.469 Y181.710
G1 X111.392 Y182.350
G1 X111.438 Y182.984
G0 Z5.000 F500.000
G0 X117.099 Y183.620 F3000.000
G1 Z1.000 F500.000
G4 P100
G1 X117.156 Y183.830 F1000.000
G1 X117.609 Y183.900
G1 X117.869 Y184.905
G1 X118.292 Y185.630
G1 X118.549 Y185.832
G1 X118.824 Y185.900
G1 X119.012 Y185.854
G1 X119.154 Y185.715
G1 X119.274 Y185.250
G1 X119.234 Y184.875
G1 X119.112 Y184.525
G1 X118.624 Y183.900
G1 X119.299 Y183.865
G1 X119.299 Y183.584
G1 X119.193 Y183.476
G1 X118.769 Y183.390
G1 X118.159 Y183.390
G1 X118.180 Y182.558
G1 X118.272 Y182.270
G1 X118.430 Y182.113
G1 X118.659 Y182.060
G1 X119.039 Y182.190
G1 X119.564 Y182.650
G1 X119.667 Y182.590
G1 X119.704 Y182.425
G1 X119.609 Y182.115
G1 X119.139 Y181.680
G1 X118.866 Y181.553
G1 X118.554 Y181.510
G1 X118.108 Y181.600
G1 X117.789 Y181.869
G1 X117.598 Y182.317
G1 X117.549 Y183.390
G1 X117.152 Y183.445
G1 X117.099 Y183.620
G0 Z5.000 F500.000
G0 X118.209 Y183.975 F3000.000
G1 Z1.000 F500.000
G4 P100
G1 X118.652 Y184.548 F1000.000
G1 X118.799 Y185.125
G1 X118.772 Y185.346
G1 X118.689 Y185.420
G1 X118.522 Y185.232
G1 X118.347 Y184.712
G1 X118.209 Y183.975
G0 Z5.000 F500.000
G0 X119.492 Y184.265 F3000.000
G1 Z1.000 F500.000
G4 P100
G1 X119.687 Y185.033 F1000.000
G1 X119.957 Y185.667
G1 X120.295 Y186.093
G1 X120.694 Y186.235
G1 X120.903 Y186.186
G1 X121.174 Y185.811
G1 X121.136 Y185.011
G1 X120.914 Y184.477
G1 X119.954 Y183.210
G1 X119.939 Y182.675
G1 X120.307 Y183.368
G1 X120.707 Y183.750
G1 X121.069 Y183.865
G1 X121.313 Y183.784
G1 X121.394 Y183.540
G1 X121.189 Y182.260
G1 X121.226 Y182.110
G1 X121.334 Y182.060
G1 X121.572 Y182.183
G1 X122.074 Y182.650
G1 X122.177 Y182.590
G1 X122.214 Y182.425
G1 X122.119 Y182.115
G1 X121.647 Y181.680
G1 X121.388 Y181.553
G1 X120.871 Y181.547
G1 X120.612 Y181.838
G1 X120.579 Y182.085
G1 X120.714 Y183.020
G1 X120.659 Y183.100
G1 X120.474 Y182.933
G1 X120.234 Y182.490
G1 X119.874 Y181.610
G1 X119.569 Y181.510
G1 X119.372 Y181.618
G1 X119.334 Y182.660
G1 X119.492 Y184.265
G0 Z5.000 F500.000
G0 X120.009 Y183.835 F3000.000
G1 Z1.000 F500.000
G4 P100
G1 X120.522 Y184.630 F1000.000
G1 X120.674 Y185.040
G1 X120.724 Y185.410
G1 X120.689 Y185.655
G1 X120.589 Y185.740
G1 X120.389 Y185.482
G1 X120.177 Y184.787
G1 X120.009 Y183.835
G0 Z5.000 F500.000
G0 X122.053 Y183.484 F3000.000
G1 Z1.000 F500.000
G4 P100
G1 X122.556 Y183.821 F1000.000
G1 X123.126 Y183.822
G1 X123.329 Y183.692
G1 X123.461 Y183.489
G1 X123.504 Y183.225
G1 X123.443 Y182.904
G1 X123.257 Y182.632
G1 X122.924 Y182.411
G1 X122.419 Y182.240
G1 X122.601 Y182.067
G1 X122.894 Y182.010
G1 X123.407 Y182.167
G1 X124.039 Y182.650
G1 X124.142 Y182.590
G1 X124.179 Y182.425
G1 X124.084 Y182.115
G1 X123.562 Y181.700
G1 X123.213 Y181.558
G1 X122.839 Y181.510
G1 X122.373 Y181.581
G1 X122.024 Y181.795
G1 X121.807 Y182.132
G1 X121.734 Y182.575
G1 X121.879 Y183.218
G1 X122.053 Y183.484
G0 Z5.000 F500.000
G0 X122.467 Y183.160 F3000.000
G1 Z1.000 F500.000
G4 P100
G1 X122.339 Y182.640 F1000.000
G1 X122.804 Y182.840
G1 X122.974 Y183.165
G1 X122.922 Y183.317
G1 X122.779 Y183.375
G1 X122.609 Y183.321
G1 X122.467 Y183.160
G0 Z5.000 F500.000
G0 X127.487 Y182.945 F3000.000
G1 Z1.000 F500.000
G4 P100
G1 X127.645 Y184.335 F1000.000
G1 X127.840 Y185.060
G1 X128.110 Y185.675
G1 X128.447 Y186.095
G1 X128.842 Y186.235
G1 X129.057 Y186.179
G1 X129.220 Y186.012
G1 X129.323 Y185.742
G1 X129.357 Y185.375
G1 X129.275 Y184.732
G1 X129.027 Y183.995
G1 X128.638 Y183.214
G1 X128.132 Y182.440
G1 X128.247 Y182.147
G1 X128.457 Y182.060
G1 X128.817 Y182.178
G1 X129.347 Y182.650
G1 X129.450 Y182.590
G1 X129.487 Y182.425
G1 X129.392 Y182.115
G1 X128.925 Y181.680
G1 X128.655 Y181.553
G1 X128.352 Y181.510
G1 X127.969 Y181.610
G1 X127.700 Y181.910
G1 X127.540 Y182.369
G1 X127.487 Y182.945
G0 Z5.000 F500.000
G0 X128.097 Y183.115 F3000.000
G1 Z1.000 F500.000
G4 P100
G1 X128.662 Y184.287 F1000.000
G1 X128.820 Y184.849
G1 X128.872 Y185.360
G1 X128.837 Y185.645
G1 X128.732 Y185.740
G1 X128.472 Y185.325
G1 X128.217 Y184.295
G1 X128.097 Y183.115
G0 Z5.000 F500.000
G0 X129.418 Y183.405 F3000.000
G1 Z1.000 F500.000
G4 P100
G1 X130.012 Y183.821 F1000.000
G1 X130.347 Y183.875
G1 X130.495 Y183.832
G1 X130.557 Y183.680
G1 X130.961 Y183.656
G1 X131.022 Y183.525
G1 X130.832 Y182.225
G1 X130.870 Y182.105
G1 X130.967 Y182.060
G1 X131.197 Y182.183
G1 X131.697 Y182.650
G1 X131.800 Y182.590
G1 X131.837 Y182.425
G1 X131.742 Y182.115
G1 X131.307 Y181.685
G1 X130.862 Y181.510
G1 X130.560 Y181.623
G1 X130.352 Y181.930
G1 X130.058 Y181.615
G1 X129.697 Y181.510
G1 X129.418 Y181.566
G1 X129.202 Y181.735
G1 X129.063 Y181.995
G1 X129.017 Y182.325
G1 X129.063 Y182.714
G1 X129.418 Y183.405
G0 Z5.000 F500.000
G0 X129.747 Y182.850 F3000.000
G1 Z1.000 F500.000
G4 P100
G1 X129.642 Y182.320 F1000.000
G1 X129.705 Y182.090
G1 X129.877 Y182.015
G1 X130.087 Y182.145
G1 X130.232 Y182.490
G1 X130.417 Y183.410
G1 X130.030 Y183.252
G1 X129.747 Y182.850
G0 Z5.000 F500.000
G0 X131.482 Y183.570 F3000.000
G1 Z1.000 F500.000
G4 P100
G1 X131.540 Y183.782 F1000.000
G1 X131.697 Y183.875
G1 X132.962 Y183.805
G1 X133.372 Y183.890
G1 X133.505 Y183.820
G1 X133.557 Y183.605
G1 X133.482 Y183.355
G1 X132.492 Y182.778
G1 X132.267 Y182.556
G1 X132.192 Y182.335
G1 X132.322 Y182.105
G1 X132.707 Y182.015
G1 X133.275 Y182.155
G1 X133.927 Y182.650
G1 X134.030 Y182.590
G1 X134.067 Y182.425
G1 X133.972 Y182.115
G1 X133.390 Y181.635
G1 X133.020 Y181.504
G1 X132.607 Y181.460
G1 X132.017 Y181.562
G1 X131.635 Y181.843
G1 X131.502 Y182.240
G1 X131.568 Y182.551
G1 X131.767 Y182.825
G1 X132.527 Y183.315
G1 X131.707 Y183.295
G1 X131.540 Y183.373
G1 X131.482 Y183.570
G0 Z5.000 F500.000
G0 X133.707 Y182.923 F3000.000
G1 Z1.000 F500.000
G4 P100
G1 X133.872 Y183.585 F1000.000
G1 X134.012 Y183.800
G1 X134.450 Y183.830
G1 X134.492 Y183.725
G1 X134.257 Y182.420
G1 X134.362 Y182.230
G1 X134.550 Y182.380
G1 X134.790 Y182.835
G1 X135.160 Y183.800
G1 X135.567 Y183.835
G1 X135.612 Y183.735
G1 X135.352 Y182.070
G1 X136.102 Y182.600
G1 X136.217 Y182.640
G1 X136.320 Y182.577
G1 X136.357 Y182.420
G1 X136.212 Y182.125
G1 X135.252 Y181.480
G1 X135.033 Y180.556
G1 X134.755 Y179.852
G1 X134.405 Y179.408
G1 X133.972 Y179.260
G1 X133.741 Y179.299
G1 X133.437 Y179.599
G1 X133.397 Y179.830
G1 X133.505 Y180.310
G1 X133.905 Y180.873
G1 X134.732 Y181.600
G1 X134.827 Y182.245
G1 X134.547 Y181.697
G1 X134.167 Y181.510
G1 X133.963 Y181.562
G1 X133.693 Y181.951
G1 X133.707 Y182.923
G0 Z5.000 F500.000
G0 X134.617 Y181.000 F3000.000
G1 Z1.000 F500.000
G4 P100
G1 X134.060 Y180.407 F1000.000
G1 X133.887 Y179.940
G1 X133.920 Y179.800
G1 X134.027 Y179.745
G1 X134.160 Y179.817
G1 X134.307 Y180.035
G1 X134.617 Y181.000
G0 Z5.000 F500.000
G0 X139.714 Y181.999 F3000.000
G1 Z1.000 F500.000
G4 P100
G1 X139.708 Y182.716 F1000.000
G1 X139.835 Y183.072
G1 X140.303 Y183.632
G1 X140.970 Y183.890
G1 X141.108 Y184.789
G1 X141.333 Y185.548
G1 X141.642 Y186.063
G1 X141.828 Y186.192
G1 X142.232 Y186.186
G1 X142.392 Y186.040
G1 X142.499 Y185.795
G1 X142.466 Y184.843
G1 X142.260 Y184.140
G1 X141.525 Y182.600
G1 X141.613 Y182.185
G1 X141.785 Y182.060
G1 X142.060 Y182.180
G1 X142.570 Y182.650
G1 X142.673 Y182.590
G1 X142.710 Y182.425
G1 X142.615 Y182.115
G1 X142.165 Y181.688
G1 X141.680 Y181.510
G1 X141.345 Y181.621
G1 X141.100 Y181.955
G1 X140.733 Y181.600
G1 X140.365 Y181.510
G1 X140.087 Y181.567
G1 X139.863 Y181.738
G1 X139.714 Y181.999
G0 Z5.000 F500.000
G0 X140.353 Y182.106 F3000.000
G1 Z1.000 F500.000
G4 P100
G1 X140.540 Y182.015 F1000.000
G1 X140.730 Y182.093
G1 X140.970 Y182.380
G1 X140.930 Y183.375
G1 X140.678 Y183.241
G1 X140.336 Y182.709
G1 X140.290 Y182.380
G1 X140.353 Y182.106
G0 Z5.000 F500.000
G0 X141.530 Y183.385 F3000.000
G1 Z1.000 F500.000
G4 P100
G1 X141.950 Y184.485 F1000.000
G1 X142.090 Y185.345
G1 X141.980 Y185.745
G1 X141.790 Y185.407
G1 X141.530 Y183.385
G0 Z5.000 F500.000
G0 X142.548 Y183.502 F3000.000
G1 Z1.000 F500.000
G4 P100
G1 X143.044 Y183.828 F1000.000
G1 X143.340 Y183.870
G1 X143.683 Y183.804
G1 X143.952 Y183.608
G1 X144.137 Y183.314
G1 X144.225 Y182.960
G1 X144.855 Y183.070
G1 X144.955 Y183.005
G1 X144.954 Y182.649
G1 X144.845 Y182.555
G1 X144.185 Y182.435
G1 X144.044 Y182.057
G1 X143.810 Y181.762
G1 X143.511 Y181.573
G1 X142.897 Y181.546
G1 X142.662 Y181.655
G1 X142.340 Y182.040
G1 X142.230 Y182.560
G1 X142.375 Y183.238
G1 X142.548 Y183.502
G0 Z5.000 F500.000
G0 X142.888 Y182.916 F3000.000
G1 Z1.000 F500.000
G4 P100
G1 X142.855 Y182.605 F1000.000
G1 X142.962 Y182.185
G1 X143.215 Y182.040
G1 X143.493 Y182.170
G1 X143.650 Y182.545
G1 X143.412 Y182.820
G1 X143.345 Y183.340
G1 X143.143 Y183.292
G1 X142.988 Y183.147
G1 X142.888 Y182.916
G0 Z5.000 F500.000
G0 X144.541 Y182.714 F3000.000
G1 Z1.000 F500.000
G4 P100
G1 X144.896 Y183.405 F1000.000
G1 X145.172 Y183.657
G1 X145.489 Y183.821
G1 X145.825 Y183.875
G1 X145.972 Y183.832
G1 X146.035 Y183.680
G1 X146.433 Y183.662
G1 X146.485 Y183.515
G1 X146.265 Y182.070
G1 X147.005 Y182.600
G1 X147.120 Y182.640
G1 X147.222 Y182.577
G1 X147.260 Y182.420
G1 X147.115 Y182.125
G1 X146.165 Y181.480
G1 X145.946 Y180.556
G1 X145.667 Y179.852
G1 X145.318 Y179.408
G1 X144.885 Y179.260
G1 X144.654 Y179.299
G1 X144.350 Y179.599
G1 X144.310 Y179.830
G1 X144.380 Y180.198
G1 X144.590 Y180.593
G1 X144.993 Y181.047
G1 X145.640 Y181.595
G1 X145.670 Y181.790
G1 X145.447 Y181.582
G1 X145.175 Y181.510
G1 X144.896 Y181.566
G1 X144.680 Y181.735
G1 X144.541 Y181.995
G1 X144.541 Y182.714
G0 Z5.000 F500.000
G0 X145.120 Y182.320 F3000.000
G1 Z1.000 F500.000
G4 P100
G1 X145.183 Y182.090 F1000.000
G1 X145.355 Y182.015
G1 X145.575 Y182.155
G1 X145.885 Y183.410
G1 X145.505 Y183.252
G1 X145.225 Y182.850
G1 X145.120 Y182.320
G0 Z5.000 F500.000
G0 X145.525 Y181.000 F3000.000
G1 Z1.000 F500.000
G4 P100
G1 X144.970 Y180.405 F1000.000
G1 X144.800 Y179.940
G1 X144.832 Y179.800
G1 X144.940 Y179.745
G1 X145.073 Y179.820
G1 X145.222 Y180.045
G1 X145.525 Y181.000
G0 Z5.000 F500.000
G0 X146.968 Y181.630 F3000.000
G1 Z1.000 F500.000
G4 P100
G1 X146.855 Y181.945 F1000.000
G1 X146.983 Y182.305
G1 X147.340 Y182.440
G1 X147.673 Y182.332
G1 X147.785 Y182.015
G1 X147.655 Y181.647
G1 X147.300 Y181.510
G1 X146.968 Y181.630
G0 Z5.000 F500.000
G0 X24.115 Y173.540 F3000.000
G1 Z1.000 F500.000
G4 P100
G1 X24.060 Y173.132 F1000.000
G1 X23.895 Y172.760
G1 X23.625 Y172.438
G1 X23.255 Y172.180
G1 X22.795 Y172.001
G1 X22.255 Y171.915
G1 X22.040 Y170.710
G1 X21.807 Y170.189
G1 X21.611 Y170.058
G1 X21.067 Y170.060
G1 X20.566 Y170.422
G1 X20.269 Y171.157
G1 X20.230 Y171.655
G1 X20.312 Y172.593
G1 X20.558 Y173.377
G1 X20.941 Y173.996
G1 X21.438 Y174.438
G1 X22.018 Y174.702
G1 X22.655 Y174.790
G1 X23.089 Y174.749
G1 X23.740 Y174.431
G1 X23.948 Y174.178
G1 X24.115 Y173.540
G0 Z5.000 F500.000
G0 X23.316 Y173.794 F3000.000
G1 Z1.000 F500.000
G4 P100
G1 X23.152 Y174.032 F1000.000
G1 X22.876 Y174.188
G1 X22.480 Y174.240
G1 X21.998 Y174.159
G1 X21.582 Y173.915
G1 X21.244 Y173.527
G1 X20.992 Y173.012
G1 X20.837 Y172.394
G1 X20.785 Y171.695
G1 X20.848 Y171.145
G1 X21.008 Y170.772
G1 X21.195 Y170.640
G1 X21.305 Y170.726
G1 X21.550 Y171.930
G1 X21.185 Y172.048
G1 X21.140 Y172.220
G1 X21.203 Y172.395
G1 X21.375 Y172.460
G1 X21.635 Y172.430
G1 X21.820 Y173.475
G1 X21.957 Y173.718
G1 X22.210 Y173.790
G1 X22.447 Y173.727
G1 X22.520 Y173.530
G1 X22.345 Y172.430
G1 X22.793 Y172.545
G1 X23.114 Y172.761
G1 X23.306 Y173.078
G1 X23.370 Y173.495
G1 X23.316 Y173.794
G0 Z5.000 F500.000
G0 X24.620 Y172.825 F3000.000
G1 Z1.000 F500.000
G4 P100
G1 X24.905 Y172.890 F1000.000
G1 X25.058 Y172.855
G1 X25.100 Y172.750
G1 X24.890 Y171.298
G1 X24.970 Y171.255
G1 X25.157 Y171.405
G1 X25.767 Y172.825
G1 X26.015 Y172.890
G1 X26.175 Y172.863
G1 X26.220 Y172.760
G1 X25.955 Y171.285
G1 X25.995 Y171.137
G1 X26.100 Y171.085
G1 X26.337 Y171.207
G1 X26.840 Y171.675
G1 X26.943 Y171.615
G1 X26.980 Y171.450
G1 X26.885 Y171.140
G1 X26.422 Y170.705
G1 X25.860 Y170.535
G1 X25.652 Y170.581
G1 X25.508 Y170.720
G1 X25.395 Y171.240
G1 X25.140 Y170.718
G1 X24.775 Y170.535
G1 X24.571 Y170.587
G1 X24.301 Y170.976
G1 X24.265 Y171.260
G1 X24.315 Y171.947
G1 X24.480 Y172.610
G1 X24.620 Y172.825
G0 Z5.000 F500.000
G0 X26.631 Y172.009 F3000.000
G1 Z1.000 F500.000
G4 P100
G1 X26.770 Y172.610 F1000.000
G1 X26.918 Y172.822
G1 X27.205 Y172.890
G1 X27.345 Y172.865
G1 X27.385 Y172.770
G1 X27.180 Y171.690
G1 X27.550 Y172.390
G1 X27.953 Y172.775
G1 X28.315 Y172.890
G1 X28.559 Y172.809
G1 X28.640 Y172.565
G1 X28.435 Y171.285
G1 X28.471 Y171.135
G1 X28.580 Y171.085
G1 X28.818 Y171.207
G1 X29.320 Y171.675
G1 X29.422 Y171.615
G1 X29.460 Y171.450
G1 X29.365 Y171.140
G1 X28.903 Y170.705
G1 X28.638 Y170.577
G1 X28.116 Y170.572
G1 X27.858 Y170.863
G1 X27.825 Y171.110
G1 X27.960 Y172.045
G1 X27.905 Y172.125
G1 X27.723 Y171.957
G1 X27.483 Y171.515
G1 X27.157 Y170.618
G1 X26.930 Y170.535
G1 X26.768 Y170.585
G1 X26.663 Y170.735
G1 X26.585 Y171.375
G1 X26.631 Y172.009
G0 Z5.000 F500.000
G0 X28.975 Y171.545 F3000.000
G1 Z1.000 F500.000
G4 P100
G1 X29.015 Y171.925 F1000.000
G1 X29.319 Y172.525
G1 X29.550 Y172.725
G1 X30.085 Y172.890
G1 X30.513 Y172.727
G1 X30.665 Y172.310
G1 X30.573 Y171.955
G1 X30.330 Y171.810
G1 X30.178 Y171.855
G1 X30.120 Y171.980
G1 X30.138 Y172.365
G1 X30.045 Y172.400
G1 X29.830 Y172.298
G1 X29.670 Y172.020
G1 X29.610 Y171.635
G1 X29.736 Y171.200
G1 X30.115 Y171.055
G1 X30.558 Y171.192
G1 X31.160 Y171.675
G1 X31.263 Y171.615
G1 X31.300 Y171.450
G1 X31.205 Y171.140
G1 X30.947 Y170.883
G1 X30.643 Y170.692
G1 X30.010 Y170.535
G1 X29.574 Y170.604
G1 X29.248 Y170.812
G1 X29.043 Y171.134
G1 X28.975 Y171.545
G0 Z5.000 F500.000
G0 X31.159 Y171.342 F3000.000
G1 Z1.000 F500.000
G4 P100
G1 X31.110 Y172.415 F1000.000
G1 X30.712 Y172.470
G1 X30.660 Y172.645
G1 X30.716 Y172.855
G1 X31.170 Y172.925
G1 X31.430 Y173.930
G1 X31.852 Y174.655
G1 X32.109 Y174.858
G1 X32.385 Y174.925
G1 X32.573 Y174.879
G1 X32.715 Y174.740
G1 X32.835 Y174.275
G1 X32.794 Y173.900
G1 X32.672 Y173.550
G1 X32.185 Y172.925
G1 X32.860 Y172.890
G1 X32.860 Y172.609
G1 X32.754 Y172.501
G1 X32.330 Y172.415
G1 X31.720 Y172.415
G1 X31.741 Y171.582
G1 X31.833 Y171.295
G1 X31.991 Y171.137
G1 X32.220 Y171.085
G1 X32.600 Y171.215
G1 X33.125 Y171.675
G1 X33.227 Y171.615
G1 X33.265 Y171.450
G1 X33.170 Y171.140
G1 X32.700 Y170.705
G1 X32.115 Y170.535
G1 X31.669 Y170.625
G1 X31.350 Y170.894
G1 X31.159 Y171.342
G0 Z5.000 F500.000
G0 X31.770 Y173.000 F3000.000
G1 Z1.000 F500.000
G4 P100
G1 X32.212 Y173.572 F1000.000
G1 X32.360 Y174.150
G1 X32.332 Y174.371
G1 X32.250 Y174.445
G1 X32.083 Y174.257
G1 X31.908 Y173.738
G1 X31.770 Y173.000
G0 Z5.000 F500.000
G0 X33.215 Y172.825 F3000.000
G1 Z1.000 F500.000
G4 P100
G1 X33.500 Y172.890 F1000.000
G1 X33.653 Y172.855
G1 X33.695 Y172.750
G1 X33.485 Y171.298
G1 X33.565 Y171.255
G1 X33.752 Y171.405
G1 X34.362 Y172.825
G1 X34.610 Y172.890
G1 X34.770 Y172.863
G1 X34.815 Y172.760
G1 X34.550 Y171.285
G1 X34.590 Y171.137
G1 X34.695 Y171.085
G1 X34.933 Y171.207
G1 X35.435 Y171.675
G1 X35.538 Y171.615
G1 X35.575 Y171.450
G1 X35.480 Y171.140
G1 X35.017 Y170.705
G1 X34.455 Y170.535
G1 X34.247 Y170.581
G1 X34.102 Y170.720
G1 X33.990 Y171.240
G1 X33.735 Y170.718
G1 X33.370 Y170.535
G1 X33.166 Y170.587
G1 X32.896 Y170.976
G1 X32.860 Y171.260
G1 X32.910 Y171.947
G1 X33.075 Y172.610
G1 X33.215 Y172.825
G0 Z5.000 F500.000
G0 X35.151 Y171.739 F3000.000
G1 Z1.000 F500.000
G4 P100
G1 X35.506 Y172.430 F1000.000
G1 X35.782 Y172.683
G1 X36.099 Y172.846
G1 X36.435 Y172.900
G1 X36.582 Y172.857
G1 X36.645 Y172.705
G1 X37.049 Y172.681
G1 X37.110 Y172.550
G1 X36.920 Y171.250
G1 X36.957 Y171.130
G1 X37.055 Y171.085
G1 X37.285 Y171.207
G1 X37.785 Y171.675
G1 X37.888 Y171.615
G1 X37.925 Y171.450
G1 X37.830 Y171.140
G1 X37.395 Y170.710
G1 X36.950 Y170.535
G1 X36.648 Y170.647
G1 X36.440 Y170.955
G1 X36.146 Y170.640
G1 X35.785 Y170.535
G1 X35.506 Y170.591
G1 X35.290 Y170.760
G1 X35.151 Y171.020
G1 X35.151 Y171.739
G0 Z5.000 F500.000
G0 X35.730 Y171.345 F3000.000
G1 Z1.000 F500.000
G4 P100
G1 X35.793 Y171.115 F1000.000
G1 X35.965 Y171.040
G1 X36.175 Y171.170
G1 X36.320 Y171.515
G1 X36.505 Y172.435
G1 X36.117 Y172.277
G1 X35.835 Y171.875
G1 X35.730 Y171.345
G0 Z5.000 F500.000
G0 X37.337 Y172.470 F3000.000
G1 Z1.000 F500.000
G4 P100
G1 X37.285 Y172.645 F1000.000
G1 X37.341 Y172.855
G1 X37.795 Y172.925
G1 X38.055 Y173.930
G1 X38.477 Y174.655
G1 X38.734 Y174.858
G1 X39.010 Y174.925
G1 X39.198 Y174.879
G1 X39.340 Y174.740
G1 X39.460 Y174.275
G1 X39.419 Y173.900
G1 X39.297 Y173.550
G1 X38.810 Y172.925
G1 X39.485 Y172.890
G1 X39.485 Y172.609
G1 X39.379 Y172.501
G1 X38.955 Y172.415
G1 X38.345 Y172.415
G1 X38.366 Y171.582
G1 X38.458 Y171.295
G1 X38.616 Y171.137
G1 X38.845 Y171.085
G1 X39.225 Y171.215
G1 X39.750 Y171.675
G1 X39.852 Y171.615
G1 X39.890 Y171.450
G1 X39.795 Y171.140
G1 X39.325 Y170.705
G1 X39.051 Y170.577
G1 X38.740 Y170.535
G1 X38.294 Y170.625
G1 X37.975 Y170.894
G1 X37.784 Y171.342
G1 X37.735 Y172.415
G1 X37.337 Y172.470
G0 Z5.000 F500.000
G0 X38.395 Y173.000 F3000.000
G1 Z1.000 F500.000
G4 P100
G1 X38.837 Y173.572 F1000.000
G1 X38.985 Y174.150
G1 X38.957 Y174.371
G1 X38.875 Y174.445
G1 X38.708 Y174.257
G1 X38.532 Y173.738
G1 X38.395 Y173.000
G0 Z5.000 F500.000
G0 X39.720 Y173.590 F3000.000
G1 Z1.000 F500.000
G4 P100
G1 X39.858 Y173.882 F1000.000
G1 X40.200 Y174.000
G1 X40.500 Y173.910
G1 X40.615 Y173.655
G1 X40.485 Y173.338
G1 X40.140 Y173.220
G1 X39.825 Y173.317
G1 X39.720 Y173.590
G0 Z5.000 F500.000
G0 X40.045 Y172.890 F3000.000
G1 Z1.000 F500.000
G4 P100
G1 X40.236 Y172.847 F1000.000
G1 X40.300 Y172.720
G1 X40.085 Y171.395
G1 X40.125 Y171.165
G1 X40.260 Y171.085
G1 X40.485 Y171.210
G1 X40.980 Y171.675
G1 X41.083 Y171.615
G1 X41.120 Y171.450
G1 X41.025 Y171.140
G1 X40.546 Y170.686
G1 X40.100 Y170.535
G1 X39.819 Y170.593
G1 X39.627 Y170.765
G1 X39.480 Y171.375
G1 X39.685 Y172.610
G1 X39.805 Y172.830
G1 X40.045 Y172.890
G0 Z5.000 F500.000
G0 X40.785 Y172.262 F3000.000
G1 Z1.000 F500.000
G4 P100
G1 X40.958 Y172.528 F1000.000
G1 X41.454 Y172.853
G1 X41.750 Y172.895
G1 X42.093 Y172.829
G1 X42.362 Y172.632
G1 X42.547 Y172.339
G1 X42.635 Y171.985
G1 X43.265 Y172.095
G1 X43.365 Y172.030
G1 X43.364 Y171.674
G1 X43.255 Y171.580
G1 X42.595 Y171.460
G1 X42.454 Y171.082
G1 X42.220 Y170.787
G1 X41.921 Y170.598
G1 X41.307 Y170.571
G1 X41.073 Y170.680
G1 X40.750 Y171.065
G1 X40.640 Y171.585
G1 X40.785 Y172.262
G0 Z5.000 F500.000
G0 X41.265 Y171.630 F3000.000
G1 Z1.000 F500.000
G4 P100
G1 X41.373 Y171.210 F1000.000
G1 X41.625 Y171.065
G1 X41.903 Y171.195
G1 X42.060 Y171.570
G1 X41.823 Y171.845
G1 X41.755 Y172.365
G1 X41.553 Y172.317
G1 X41.398 Y172.173
G1 X41.265 Y171.630
G0 Z5.000 F500.000
G0 X43.026 Y172.009 F3000.000
G1 Z1.000 F500.000
G4 P100
G1 X43.165 Y172.610 F1000.000
G1 X43.312 Y172.822
G1 X43.600 Y172.890
G1 X43.740 Y172.865
G1 X43.780 Y172.770
G1 X43.575 Y171.690
G1 X43.945 Y172.390
G1 X44.348 Y172.775
G1 X44.710 Y172.890
G1 X44.954 Y172.809
G1 X45.035 Y172.565
G1 X44.830 Y171.285
G1 X44.866 Y171.135
G1 X44.975 Y171.085
G1 X45.213 Y171.207
G1 X45.715 Y171.675
G1 X45.818 Y171.615
G1 X45.855 Y171.450
G1 X45.760 Y171.140
G1 X45.297 Y170.705
G1 X45.033 Y170.577
G1 X44.511 Y170.572
G1 X44.253 Y170.863
G1 X44.220 Y171.110
G1 X44.355 Y172.045
G1 X44.300 Y172.125
G1 X44.118 Y171.957
G1 X43.878 Y171.515
G1 X43.553 Y170.618
G1 X43.325 Y170.535
G1 X43.163 Y170.585
G1 X43.058 Y170.735
G1 X42.980 Y171.375
G1 X43.026 Y172.009
G0 Z5.000 F500.000
G0 X45.350 Y170.970 F3000.000
G1 Z1.000 F500.000
G4 P100
G1 X45.478 Y171.330 F1000.000
G1 X45.835 Y171.465
G1 X46.168 Y171.357
G1 X46.280 Y171.040
G1 X46.150 Y170.673
G1 X45.795 Y170.535
G1 X45.463 Y170.655
G1 X45.350 Y170.970
G0 Z5.000 F500.000
G0 X45.970 Y171.960 F3000.000
G1 Z1.000 F500.000
G4 P100
G1 X45.638 Y172.080 F1000.000
G1 X45.525 Y172.395
G1 X45.653 Y172.755
G1 X46.010 Y172.890
G1 X46.343 Y172.782
G1 X46.455 Y172.465
G1 X46.325 Y172.097
G1 X45.970 Y171.960
G0 Z5.000 F500.000
G0 X48.088 Y171.330 F3000.000
G1 Z1.000 F500.000
G4 P100
G1 X48.445 Y171.465 F1000.000
G1 X48.778 Y171.357
G1 X48.890 Y171.040
G1 X48.760 Y170.673
G1 X48.405 Y170.535
G1 X48.073 Y170.655
G1 X47.960 Y170.970
G1 X48.088 Y171.330
G0 Z5.000 F500.000
G0 X50.635 Y170.945 F3000.000
G1 Z1.000 F500.000
G4 P100
G1 X50.752 Y171.330 F1000.000
G1 X51.055 Y171.465
G1 X51.328 Y171.368
G1 X51.420 Y171.105
G1 X51.315 Y170.640
G1 X50.903 Y169.830
G1 X50.750 Y169.770
G1 X50.575 Y169.820
G1 X50.510 Y169.980
G1 X50.635 Y170.945
G0 Z5.000 F500.000
G0 X53.180 Y170.970 F3000.000
G1 Z1.000 F500.000
G4 P100
G1 X53.308 Y171.330 F1000.000
G1 X53.665 Y171.465
G1 X53.998 Y171.357
G1 X54.110 Y171.040
G1 X53.980 Y170.673
G1 X53.625 Y170.535
G1 X53.293 Y170.655
G1 X53.180 Y170.970
G0 Z5.000 F500.000
G0 X53.800 Y171.960 F3000.000
G1 Z1.000 F500.000
G4 P100
G1 X53.468 Y172.080 F1000.000
G1 X53.355 Y172.395
G1 X53.483 Y172.755
G1 X53.840 Y172.890
G1 X54.172 Y172.782
G1 X54.285 Y172.465
G1 X54.155 Y172.097
G1 X53.800 Y171.960
G0 Z5.000 F500.000
G0 X55.965 Y172.395 F3000.000
G1 Z1.000 F500.000
G4 P100
G1 X56.093 Y172.755 F1000.000
G1 X56.450 Y172.890
G1 X56.782 Y172.782
G1 X56.895 Y172.465
G1 X56.765 Y172.097
G1 X56.410 Y171.960
G1 X56.078 Y172.080
G1 X55.965 Y172.395
G0 Z5.000 F500.000
G0 X56.275 Y171.465 F3000.000
G1 Z1.000 F500.000
G4 P100
G1 X56.547 Y171.368 F1000.000
G1 X56.640 Y171.105
G1 X56.535 Y170.640
G1 X56.280 Y170.075
G1 X56.123 Y169.830
G1 X55.970 Y169.770
G1 X55.795 Y169.820
G1 X55.730 Y169.980
G1 X55.855 Y170.945
G1 X55.972 Y171.330
G1 X56.275 Y171.465
G0 Z5.000 F500.000
G0 X58.425 Y170.970 F3000.000
G1 Z1.000 F500.000
G4 P100
G1 X58.552 Y171.330 F1000.000
G1 X58.910 Y171.465
G1 X59.242 Y171.357
G1 X59.355 Y171.040
G1 X59.225 Y170.673
G1 X58.870 Y170.535
G1 X58.537 Y170.655
G1 X58.425 Y170.970
G0 Z5.000 F500.000
G0 X58.895 Y171.775 F3000.000
G1 Z1.000 F500.000
G4 P100
G1 X58.835 Y171.955 F1000.000
G1 X59.335 Y174.465
G1 X59.484 Y174.705
G1 X59.770 Y174.785
G1 X60.010 Y174.734
G1 X60.075 Y174.480
G1 X59.320 Y171.890
G1 X59.227 Y171.770
G1 X58.895 Y171.775
G0 Z5.000 F500.000
G0 X61.605 Y170.970 F3000.000
G1 Z1.000 F500.000
G4 P100
G1 X61.733 Y171.330 F1000.000
G1 X62.090 Y171.465
G1 X62.422 Y171.357
G1 X62.535 Y171.040
G1 X62.405 Y170.673
G1 X62.050 Y170.535
G1 X61.718 Y170.655
G1 X61.605 Y170.970
G0 Z5.000 F500.000
G0 X62.095 Y171.782 F3000.000
G1 Z1.000 F500.000
G4 P100
G1 X62.045 Y171.955 F1000.000
G1 X62.195 Y172.515
G1 X63.040 Y173.540
G1 X63.165 Y173.945
G1 X63.069 Y174.204
G1 X62.780 Y174.290
G1 X62.430 Y174.188
G1 X62.253 Y173.577
G1 X62.055 Y173.515
G1 X61.818 Y173.607
G1 X61.735 Y173.870
G1 X61.858 Y174.327
G1 X62.230 Y174.660
G1 X62.845 Y174.785
G1 X63.284 Y174.732
G1 X63.613 Y174.572
G1 X63.817 Y174.313
G1 X63.885 Y173.960
G1 X63.845 Y173.660
G1 X63.725 Y173.390
G1 X62.633 Y172.232
G1 X62.418 Y171.792
G1 X62.240 Y171.730
G1 X62.095 Y171.782
G0 Z5.000 F500.000
G0 X65.445 Y171.400 F3000.000
G1 Z1.000 F500.000
G4 P100
G1 X65.555 Y172.550 F1000.000
G1 X65.878 Y173.692
G1 X66.380 Y174.605
G1 X66.680 Y174.922
G1 X67.373 Y175.285
G1 X67.765 Y175.330
G1 X68.225 Y175.252
G1 X68.600 Y175.035
G1 X68.685 Y174.830
G1 X68.598 Y174.595
G1 X68.405 Y174.485
G1 X67.695 Y174.750
G1 X67.305 Y174.640
G1 X66.965 Y174.335
G1 X66.510 Y173.502
G1 X66.220 Y172.462
G1 X66.120 Y171.450
G1 X66.173 Y170.868
G1 X66.340 Y170.565
G1 X66.645 Y170.475
G1 X67.019 Y170.579
G1 X67.585 Y170.970
G1 X67.748 Y170.885
G1 X67.815 Y170.685
G1 X67.715 Y170.430
G1 X67.205 Y170.042
G1 X66.630 Y169.895
G1 X66.123 Y169.991
G1 X65.750 Y170.280
G1 X65.521 Y170.752
G1 X65.445 Y171.400
G0 Z5.000 F500.000
G0 X68.970 Y170.395 F3000.000
G1 Z1.000 F500.000
G4 P100
G1 X69.058 Y170.630 F1000.000
G1 X69.250 Y170.740
G1 X69.960 Y170.475
G1 X70.350 Y170.585
G1 X70.690 Y170.890
G1 X71.145 Y171.722
G1 X71.435 Y172.762
G1 X71.535 Y173.775
G1 X71.483 Y174.357
G1 X71.315 Y174.660
G1 X71.010 Y174.750
G1 X70.636 Y174.646
G1 X70.070 Y174.255
G1 X69.908 Y174.340
G1 X69.840 Y174.540
G1 X69.940 Y174.795
G1 X70.450 Y175.183
G1 X71.025 Y175.330
G1 X71.533 Y175.234
G1 X71.905 Y174.945
G1 X72.134 Y174.472
G1 X72.210 Y173.825
G1 X72.100 Y172.675
G1 X71.778 Y171.532
G1 X71.275 Y170.620
G1 X70.644 Y170.076
G1 X69.890 Y169.895
G1 X69.430 Y169.972
G1 X69.055 Y170.190
G1 X68.970 Y170.395
G0 Z5.000 F500.000
G0 X74.105 Y170.470 F3000.000
G1 Z1.000 F500.000
G4 P100
G1 X74.680 Y174.765 F1000.000
G1 X74.835 Y175.115
G1 X75.240 Y175.210
G1 X75.940 Y175.210
G1 X76.185 Y175.137
G1 X76.260 Y174.945
G1 X76.183 Y174.700
G1 X75.930 Y174.625
G1 X75.330 Y174.625
G1 X74.815 Y170.680
G1 X75.620 Y170.618
G1 X75.705 Y170.415
G1 X75.615 Y170.175
G1 X75.315 Y170.090
G1 X74.545 Y170.095
G1 X74.215 Y170.189
G1 X74.105 Y170.470
G0 Z5.000 F500.000
G0 X76.880 Y170.355 F3000.000
G1 Z1.000 F500.000
G4 P100
G1 X76.958 Y170.600 F1000.000
G1 X77.210 Y170.675
G1 X77.810 Y170.675
G1 X78.325 Y174.620
G1 X77.520 Y174.683
G1 X77.435 Y174.885
G1 X77.525 Y175.125
G1 X77.825 Y175.210
G1 X78.595 Y175.205
G1 X78.925 Y175.111
G1 X79.025 Y174.720
G1 X78.460 Y170.535
G1 X78.305 Y170.185
G1 X77.900 Y170.090
G1 X77.200 Y170.090
G1 X76.955 Y170.162
G1 X76.880 Y170.355
G0 Z5.000 F500.000
G0 X80.945 Y171.787 F3000.000
G1 Z1.000 F500.000
G4 P100
G1 X80.885 Y171.960 F1000.000
G1 X80.968 Y172.185
G1 X81.190 Y172.285
G1 X82.005 Y172.285
G1 X82.115 Y173.200
G1 X82.220 Y173.395
G1 X82.425 Y173.465
G1 X82.620 Y173.395
G1 X82.685 Y173.200
G1 X82.575 Y172.285
G1 X83.390 Y172.285
G1 X83.565 Y172.215
G1 X83.625 Y172.045
G1 X83.543 Y171.817
G1 X83.320 Y171.715
G1 X82.500 Y171.715
G1 X82.390 Y170.800
G1 X82.278 Y170.600
G1 X82.065 Y170.530
G1 X81.878 Y170.600
G1 X81.820 Y170.800
G1 X81.930 Y171.715
G1 X81.120 Y171.715
G1 X80.945 Y171.787
G0 Z5.000 F500.000
G0 X85.580 Y172.085 F3000.000
G1 Z1.000 F500.000
G4 P100
G1 X85.648 Y172.285 F1000.000
G1 X85.845 Y172.360
G1 X86.870 Y172.460
G1 X87.063 Y172.397
G1 X87.130 Y172.185
G1 X87.065 Y171.976
G1 X86.870 Y171.890
G1 X85.845 Y171.790
G1 X85.653 Y171.860
G1 X85.580 Y172.085
G0 Z5.000 F500.000
G0 X88.980 Y171.385 F3000.000
G1 Z1.000 F500.000
G4 P100
G1 X89.063 Y171.610 F1000.000
G1 X89.285 Y171.710
G1 X91.485 Y171.710
G1 X91.660 Y171.640
G1 X91.720 Y171.470
G1 X91.638 Y171.243
G1 X91.415 Y171.140
G1 X89.215 Y171.140
G1 X89.040 Y171.212
G1 X88.980 Y171.385
G0 Z5.000 F500.000
G0 X89.355 Y172.290 F3000.000
G1 Z1.000 F500.000
G4 P100
G1 X89.180 Y172.363 F1000.000
G1 X89.120 Y172.535
G1 X89.203 Y172.760
G1 X89.425 Y172.860
G1 X91.625 Y172.860
G1 X91.800 Y172.790
G1 X91.860 Y172.620
G1 X91.778 Y172.392
G1 X91.555 Y172.290
G1 X89.355 Y172.290
G0 Z5.000 F500.000
G0 X93.575 Y171.075 F3000.000
G1 Z1.000 F500.000
G4 P100
G1 X95.670 Y175.010 F1000.000
G1 X95.808 Y175.180
G1 X95.965 Y175.235
G1 X96.163 Y175.142
G1 X96.245 Y174.915
G1 X96.190 Y174.710
G1 X93.938 Y170.575
G1 X93.795 Y170.535
G1 X93.593 Y170.618
G1 X93.505 Y170.835
G1 X93.575 Y171.075
G0 Z5.000 F500.000
G0 X97.665 Y172.785 F3000.000
G1 Z1.000 F500.000
G4 P100
G1 X97.575 Y173.215 F1000.000
G1 X97.698 Y173.782
G1 X98.030 Y174.170
G1 X98.500 Y174.310
G1 X98.789 Y174.254
G1 X99.015 Y174.087
G1 X99.240 Y173.545
G1 X99.858 Y173.712
G1 X100.428 Y174.255
G1 X100.585 Y174.310
G1 X100.763 Y174.225
G1 X100.835 Y174.015
G1 X100.770 Y173.790
G1 X98.844 Y170.580
G1 X98.700 Y170.540
G1 X98.515 Y170.620
G1 X98.435 Y170.825
G1 X98.515 Y171.080
G1 X99.710 Y173.120
G1 X99.180 Y173.010
G1 X98.863 Y172.522
G1 X98.365 Y172.340
G1 X97.935 Y172.462
G1 X97.665 Y172.785
G0 Z5.000 F500.000
G0 X98.208 Y172.907 F3000.000
G1 Z1.000 F500.000
G4 P100
G1 X98.415 Y172.790 F1000.000
G1 X98.605 Y172.880
G1 X98.725 Y173.145
G1 X98.555 Y173.392
G1 X98.510 Y173.855
G1 X98.223 Y173.707
G1 X98.125 Y173.255
G1 X98.208 Y172.907
G0 Z5.000 F500.000
G0 X100.135 Y171.985 F3000.000
G1 Z1.000 F500.000
G4 P100
G1 X100.465 Y172.373 F1000.000
G1 X100.940 Y172.510
G1 X101.380 Y172.387
G1 X101.650 Y172.065
G1 X101.740 Y171.635
G1 X101.618 Y171.070
G1 X101.283 Y170.680
G1 X100.810 Y170.540
G1 X100.373 Y170.662
G1 X100.105 Y170.985
G1 X100.015 Y171.415
G1 X100.135 Y171.985
G0 Z5.000 F500.000
G0 X100.565 Y171.455 F3000.000
G1 Z1.000 F500.000
G4 P100
G1 X100.648 Y171.102 F1000.000
G1 X100.855 Y170.990
G1 X101.093 Y171.145
G1 X101.190 Y171.595
G1 X101.108 Y171.942
G1 X100.910 Y172.060
G1 X100.663 Y171.907
G1 X100.565 Y171.455
G0 Z5.000 F500.000
G0 X103.305 Y171.435 F3000.000
G1 Z1.000 F500.000
G4 P100
G1 X103.375 Y171.640 F1000.000
G1 X103.880 Y171.710
G1 X104.050 Y172.290
G1 X103.575 Y172.368
G1 X103.505 Y172.585
G1 X103.575 Y172.790
G1 X104.215 Y172.860
G1 X104.453 Y173.407
G1 X104.670 Y173.480
G1 X104.863 Y173.417
G1 X104.940 Y173.250
G1 X104.840 Y172.860
G1 X105.425 Y172.860
G1 X105.663 Y173.407
G1 X105.880 Y173.480
G1 X106.073 Y173.417
G1 X106.150 Y173.250
G1 X106.050 Y172.860
G1 X106.475 Y172.791
G1 X106.540 Y172.585
G1 X106.473 Y172.368
G1 X106.280 Y172.290
G1 X105.880 Y172.290
G1 X105.715 Y171.710
G1 X106.275 Y171.641
G1 X106.340 Y171.435
G1 X106.273 Y171.218
G1 X106.080 Y171.140
G1 X105.550 Y171.140
G1 X105.308 Y170.597
G1 X105.090 Y170.520
G1 X104.910 Y170.587
G1 X104.835 Y170.775
G1 X104.925 Y171.140
G1 X104.340 Y171.140
G1 X104.098 Y170.597
G1 X103.880 Y170.520
G1 X103.700 Y170.587
G1 X103.625 Y170.775
G1 X103.715 Y171.140
G1 X103.375 Y171.218
G1 X103.305 Y171.435
G0 Z5.000 F500.000
G0 X104.505 Y171.710 F3000.000
G1 Z1.000 F500.000
G4 P100
G1 X105.090 Y171.710 F1000.000
G1 X105.260 Y172.290
G1 X104.670 Y172.290
G1 X104.505 Y171.710
G0 Z5.000 F500.000
G0 X108.350 Y170.880 F3000.000
G1 Z1.000 F500.000
G4 P100
G1 X108.850 Y174.530 F1000.000
G1 X108.980 Y174.755
G1 X109.230 Y174.820
G1 X109.460 Y174.770
G1 X109.520 Y174.605
G1 X109.340 Y173.510
G1 X109.644 Y174.074
G1 X110.003 Y174.477
G1 X110.414 Y174.719
G1 X110.880 Y174.800
G1 X111.248 Y174.742
G1 X111.513 Y174.567
G1 X111.672 Y174.296
G1 X111.690 Y173.535
G1 X111.290 Y170.885
G1 X111.175 Y170.618
G1 X110.885 Y170.535
G1 X110.640 Y170.615
G1 X110.560 Y170.835
G1 X111.005 Y173.805
G1 X110.928 Y174.075
G1 X110.695 Y174.165
G1 X110.361 Y174.074
G1 X110.030 Y173.800
G1 X109.717 Y173.342
G1 X109.438 Y172.697
G1 X108.943 Y170.630
G1 X108.680 Y170.535
G1 X108.423 Y170.613
G1 X108.350 Y170.880
G0 Z5.000 F500.000
G0 X111.978 Y172.070 F3000.000
G1 Z1.000 F500.000
G4 P100
G1 X111.925 Y172.245 F1000.000
G1 X111.981 Y172.455
G1 X112.150 Y172.525
G1 X113.535 Y172.525
G1 X113.650 Y172.490
G1 X113.685 Y172.360
G1 X113.558 Y172.105
G1 X113.220 Y172.015
G1 X111.978 Y172.070
G0 Z5.000 F500.000
G0 X112.518 Y172.938 F3000.000
G1 Z1.000 F500.000
G4 P100
G1 X112.250 Y173.260 F1000.000
G1 X112.160 Y173.690
G1 X112.280 Y174.260
G1 X112.610 Y174.647
G1 X113.085 Y174.785
G1 X113.525 Y174.662
G1 X113.795 Y174.340
G1 X113.885 Y173.910
G1 X113.763 Y173.345
G1 X113.428 Y172.955
G1 X112.955 Y172.815
G1 X112.518 Y172.938
G0 Z5.000 F500.000
G0 X113.000 Y173.265 F3000.000
G1 Z1.000 F500.000
G4 P100
G1 X113.238 Y173.420 F1000.000
G1 X113.335 Y173.870
G1 X113.253 Y174.218
G1 X113.055 Y174.335
G1 X112.808 Y174.183
G1 X112.710 Y173.730
G1 X112.793 Y173.377
G1 X113.000 Y173.265
G0 Z5.000 F500.000
G0 X114.218 Y171.330 F3000.000
G1 Z1.000 F500.000
G4 P100
G1 X114.575 Y171.465 F1000.000
G1 X114.908 Y171.357
G1 X115.020 Y171.040
G1 X114.890 Y170.673
G1 X114.535 Y170.535
G1 X114.203 Y170.655
G1 X114.090 Y170.970
G1 X114.218 Y171.330
G0 Z5.000 F500.000
G0 X29.332 Y160.316 F3000.000
G1 Z1.000 F500.000
G4 P100
G1 X29.257 Y159.920 F1000.000
G1 X29.032 Y159.583
G1 X28.663 Y159.319
G1 X28.157 Y159.141
G1 X28.429 Y159.029
G1 X28.747 Y158.656
G1 X28.725 Y158.052
G1 X28.539 Y157.736
G1 X28.235 Y157.479
G1 X27.817 Y157.288
G1 X27.293 Y157.170
G1 X26.272 Y157.146
G1 X26.152 Y156.936
G1 X25.857 Y156.866
G1 X25.609 Y156.946
G1 X25.552 Y157.181
G1 X25.727 Y158.648
G1 X26.057 Y160.131
G1 X26.197 Y160.306
G1 X26.701 Y160.313
G1 X26.777 Y160.186
G1 X26.487 Y158.968
G1 X26.302 Y157.696
G1 X26.692 Y157.676
G1 X27.299 Y157.726
G1 X27.719 Y157.878
G1 X27.965 Y158.109
G1 X28.047 Y158.396
G1 X28.000 Y158.598
G1 X27.859 Y158.766
G1 X27.609 Y158.882
G1 X27.092 Y158.981
G1 X27.112 Y159.361
G1 X27.974 Y159.561
G1 X28.427 Y159.828
G1 X28.592 Y160.231
G1 X28.521 Y160.490
G1 X28.307 Y160.688
G1 X27.946 Y160.814
G1 X27.432 Y160.856
G1 X26.397 Y160.718
G1 X25.277 Y160.276
G1 X25.139 Y160.338
G1 X25.144 Y160.711
G1 X25.397 Y160.916
G1 X26.382 Y161.291
G1 X27.537 Y161.426
G1 X28.327 Y161.349
G1 X28.887 Y161.121
G1 X29.221 Y160.767
G1 X29.332 Y160.316
G0 Z5.000 F500.000
G0 X29.722 Y159.381 F3000.000
G1 Z1.000 F500.000
G4 P100
G1 X30.007 Y159.446 F1000.000
G1 X30.159 Y159.411
G1 X30.202 Y159.306
G1 X29.992 Y157.853
G1 X30.072 Y157.811
G1 X30.259 Y157.961
G1 X30.869 Y159.381
G1 X31.117 Y159.446
G1 X31.277 Y159.418
G1 X31.322 Y159.316
G1 X31.057 Y157.841
G1 X31.097 Y157.693
G1 X31.202 Y157.641
G1 X31.439 Y157.763
G1 X31.942 Y158.231
G1 X32.044 Y158.171
G1 X32.082 Y158.006
G1 X31.987 Y157.696
G1 X31.524 Y157.261
G1 X30.962 Y157.091
G1 X30.754 Y157.137
G1 X30.609 Y157.276
G1 X30.497 Y157.796
G1 X30.242 Y157.273
G1 X29.877 Y157.091
G1 X29.672 Y157.142
G1 X29.402 Y157.531
G1 X29.367 Y157.816
G1 X29.417 Y158.503
G1 X29.582 Y159.166
G1 X29.722 Y159.381
G0 Z5.000 F500.000
G0 X31.637 Y158.481 F3000.000
G1 Z1.000 F500.000
G4 P100
G1 X31.757 Y158.811 F1000.000
G1 X32.172 Y159.281
G1 X32.433 Y159.404
G1 X32.951 Y159.405
G1 X33.249 Y159.097
G1 X33.287 Y158.866
G1 X33.194 Y158.511
G1 X32.952 Y158.366
G1 X32.799 Y158.411
G1 X32.759 Y158.921
G1 X32.667 Y158.956
G1 X32.452 Y158.853
G1 X32.292 Y158.576
G1 X32.232 Y158.191
G1 X32.358 Y157.756
G1 X32.737 Y157.611
G1 X33.179 Y157.748
G1 X33.782 Y158.231
G1 X33.884 Y158.171
G1 X33.922 Y158.006
G1 X33.827 Y157.696
G1 X33.264 Y157.248
G1 X32.632 Y157.091
G1 X32.196 Y157.160
G1 X31.869 Y157.368
G1 X31.665 Y157.690
G1 X31.597 Y158.101
G1 X31.637 Y158.481
G0 Z5.000 F500.000
G0 X33.282 Y157.746 F3000.000
G1 Z1.000 F500.000
G4 P100
G1 X33.399 Y158.156 F1000.000
G1 X33.722 Y158.306
G1 X33.857 Y158.269
G1 X33.902 Y158.161
G1 X33.952 Y157.706
G1 X34.142 Y157.601
G1 X34.457 Y157.698
G1 X34.772 Y157.976
G1 X34.437 Y158.023
G1 X34.229 Y158.166
G1 X34.096 Y158.388
G1 X34.052 Y158.676
G1 X34.106 Y159.004
G1 X34.267 Y159.248
G1 X34.524 Y159.400
G1 X34.867 Y159.451
G1 X35.422 Y159.366
G1 X35.652 Y159.441
G1 X35.809 Y159.393
G1 X35.857 Y159.266
G1 X35.652 Y158.271
G1 X35.649 Y157.693
G1 X35.757 Y157.641
G1 X35.987 Y157.756
G1 X36.497 Y158.231
G1 X36.599 Y158.171
G1 X36.637 Y158.006
G1 X36.542 Y157.696
G1 X36.042 Y157.241
G1 X35.567 Y157.091
G1 X35.252 Y157.236
G1 X35.142 Y157.651
G1 X35.172 Y157.966
G1 X34.636 Y157.309
G1 X34.321 Y157.145
G1 X33.977 Y157.091
G1 X33.696 Y157.136
G1 X33.474 Y157.271
G1 X33.330 Y157.479
G1 X33.282 Y157.746
G0 Z5.000 F500.000
G0 X34.659 Y158.446 F3000.000
G1 Z1.000 F500.000
G4 P100
G1 X35.037 Y158.361 F1000.000
G1 X35.307 Y158.991
G1 X34.987 Y159.046
G1 X34.677 Y158.951
G1 X34.567 Y158.681
G1 X34.659 Y158.446
G0 Z5.000 F500.000
G0 X36.007 Y157.756 F3000.000
G1 Z1.000 F500.000
G4 P100
G1 X36.502 Y158.391 F1000.000
G1 X37.062 Y159.657
G1 X37.322 Y159.741
G1 X37.513 Y159.689
G1 X37.774 Y159.358
G1 X38.032 Y159.301
G1 X38.652 Y159.456
G1 X38.787 Y159.406
G1 X38.837 Y159.256
G1 X38.792 Y159.048
G1 X38.657 Y158.886
G1 X37.974 Y158.288
G1 X37.826 Y158.066
G1 X37.777 Y157.846
G1 X37.854 Y157.658
G1 X38.087 Y157.596
G1 X38.627 Y157.748
G1 X39.277 Y158.231
G1 X39.379 Y158.171
G1 X39.417 Y158.006
G1 X39.322 Y157.696
G1 X38.732 Y157.213
G1 X38.022 Y157.041
G1 X37.647 Y157.085
G1 X37.374 Y157.218
G1 X37.207 Y157.439
G1 X37.152 Y157.746
G1 X37.207 Y158.065
G1 X37.374 Y158.343
G1 X38.017 Y158.891
G1 X37.792 Y158.856
G1 X37.514 Y158.941
G1 X37.332 Y159.196
G1 X37.007 Y158.316
G1 X36.669 Y157.843
G1 X36.307 Y157.461
G1 X36.117 Y157.371
G1 X35.987 Y157.428
G1 X35.937 Y157.571
G1 X36.007 Y157.756
G0 Z5.000 F500.000
G0 X39.007 Y157.816 F3000.000
G1 Z1.000 F500.000
G4 P100
G1 X39.057 Y158.503 F1000.000
G1 X39.222 Y159.166
G1 X39.362 Y159.381
G1 X39.647 Y159.446
G1 X39.799 Y159.411
G1 X39.842 Y159.306
G1 X39.632 Y157.853
G1 X39.712 Y157.811
G1 X39.899 Y157.961
G1 X40.509 Y159.381
G1 X40.757 Y159.446
G1 X40.917 Y159.418
G1 X40.962 Y159.316
G1 X40.697 Y157.841
G1 X40.737 Y157.693
G1 X40.842 Y157.641
G1 X41.079 Y157.763
G1 X41.582 Y158.231
G1 X41.684 Y158.171
G1 X41.722 Y158.006
G1 X41.627 Y157.696
G1 X41.164 Y157.261
G1 X40.602 Y157.091
G1 X40.394 Y157.137
G1 X40.249 Y157.276
G1 X40.137 Y157.796
G1 X39.882 Y157.273
G1 X39.517 Y157.091
G1 X39.312 Y157.142
G1 X39.042 Y157.531
G1 X39.007 Y157.816
G0 Z5.000 F500.000
G0 X41.317 Y157.816 F3000.000
G1 Z1.000 F500.000
G4 P100
G1 X41.367 Y158.503 F1000.000
G1 X41.532 Y159.166
G1 X41.672 Y159.381
G1 X41.957 Y159.446
G1 X42.109 Y159.411
G1 X42.152 Y159.306
G1 X41.942 Y157.853
G1 X42.022 Y157.811
G1 X42.209 Y157.961
G1 X42.819 Y159.381
G1 X43.067 Y159.446
G1 X43.227 Y159.418
G1 X43.272 Y159.316
G1 X43.007 Y157.841
G1 X43.047 Y157.693
G1 X43.152 Y157.641
G1 X43.389 Y157.763
G1 X43.892 Y158.231
G1 X43.994 Y158.171
G1 X44.032 Y158.006
G1 X43.937 Y157.696
G1 X43.474 Y157.261
G1 X42.912 Y157.091
G1 X42.704 Y157.137
G1 X42.559 Y157.276
G1 X42.447 Y157.796
G1 X42.192 Y157.273
G1 X41.827 Y157.091
G1 X41.622 Y157.142
G1 X41.352 Y157.531
G1 X41.317 Y157.816
G0 Z5.000 F500.000
G0 X41.962 Y159.871 F3000.000
G1 Z1.000 F500.000
G4 P100
G1 X41.692 Y160.121 F1000.000
G1 X41.597 Y160.451
G1 X41.677 Y160.653
G1 X41.882 Y160.731
G1 X42.072 Y160.671
G1 X42.261 Y160.308
G1 X42.442 Y160.256
G1 X42.847 Y160.388
G1 X43.182 Y160.853
G1 X43.439 Y160.838
G1 X43.482 Y160.636
G1 X43.297 Y160.236
G1 X42.927 Y159.908
G1 X42.367 Y159.776
G1 X41.962 Y159.871
G0 Z5.000 F500.000
G0 X45.022 Y158.818 F3000.000
G1 Z1.000 F500.000
G4 P100
G1 X45.194 Y159.083 F1000.000
G1 X45.691 Y159.409
G1 X45.987 Y159.451
G1 X46.330 Y159.385
G1 X46.599 Y159.188
G1 X46.784 Y158.895
G1 X46.872 Y158.541
G1 X47.502 Y158.651
G1 X47.602 Y158.586
G1 X47.601 Y158.229
G1 X47.492 Y158.136
G1 X46.832 Y158.016
G1 X46.691 Y157.637
G1 X46.457 Y157.343
G1 X46.158 Y157.154
G1 X45.544 Y157.127
G1 X45.309 Y157.236
G1 X44.987 Y157.621
G1 X44.877 Y158.141
G1 X45.022 Y158.818
G0 Z5.000 F500.000
G0 X45.502 Y158.186 F3000.000
G1 Z1.000 F500.000
G4 P100
G1 X45.609 Y157.766 F1000.000
G1 X45.862 Y157.621
G1 X46.139 Y157.751
G1 X46.297 Y158.126
G1 X46.059 Y158.401
G1 X45.992 Y158.921
G1 X45.790 Y158.872
G1 X45.634 Y158.728
G1 X45.502 Y158.186
G0 Z5.000 F500.000
G0 X47.263 Y158.564 F3000.000
G1 Z1.000 F500.000
G4 P100
G1 X47.402 Y159.166 F1000.000
G1 X47.549 Y159.378
G1 X47.837 Y159.446
G1 X47.977 Y159.421
G1 X48.017 Y159.326
G1 X47.812 Y158.251
G1 X48.134 Y158.911
G1 X48.519 Y159.313
G1 X48.892 Y159.446
G1 X49.139 Y159.366
G1 X49.212 Y159.121
G1 X49.062 Y158.271
G1 X49.326 Y158.802
G1 X49.617 Y159.166
G1 X49.912 Y159.376
G1 X50.187 Y159.446
G1 X50.431 Y159.364
G1 X50.512 Y159.121
G1 X50.307 Y157.841
G1 X50.343 Y157.691
G1 X50.452 Y157.641
G1 X50.689 Y157.763
G1 X51.192 Y158.231
G1 X51.294 Y158.171
G1 X51.332 Y158.006
G1 X51.237 Y157.696
G1 X50.774 Y157.261
G1 X50.510 Y157.133
G1 X49.988 Y157.127
G1 X49.729 Y157.419
G1 X49.697 Y157.666
G1 X49.832 Y158.601
G1 X49.777 Y158.681
G1 X49.592 Y158.513
G1 X49.352 Y158.071
G1 X49.029 Y157.171
G1 X48.797 Y157.091
G1 X48.549 Y157.248
G1 X48.467 Y157.631
G1 X48.557 Y158.601
G1 X48.502 Y158.681
G1 X48.312 Y158.501
G1 X48.089 Y158.041
G1 X47.789 Y157.173
G1 X47.562 Y157.091
G1 X47.400 Y157.141
G1 X47.294 Y157.291
G1 X47.217 Y157.931
G1 X47.263 Y158.564
G0 Z5.000 F500.000
G0 X50.847 Y158.101 F3000.000
G1 Z1.000 F500.000
G4 P100
G1 X50.887 Y158.481 F1000.000
G1 X51.191 Y159.081
G1 X51.422 Y159.281
G1 X51.957 Y159.446
G1 X52.384 Y159.283
G1 X52.537 Y158.866
G1 X52.444 Y158.511
G1 X52.202 Y158.366
G1 X52.049 Y158.411
G1 X51.992 Y158.536
G1 X52.009 Y158.921
G1 X51.917 Y158.956
G1 X51.702 Y158.853
G1 X51.542 Y158.576
G1 X51.482 Y158.191
G1 X51.608 Y157.756
G1 X51.987 Y157.611
G1 X52.429 Y157.748
G1 X53.032 Y158.231
G1 X53.134 Y158.171
G1 X53.172 Y158.006
G1 X53.077 Y157.696
G1 X52.819 Y157.439
G1 X52.514 Y157.248
G1 X51.882 Y157.091
G1 X51.446 Y157.160
G1 X51.119 Y157.368
G1 X50.915 Y157.690
G1 X50.847 Y158.101
G0 Z5.000 F500.000
G0 X52.777 Y157.931 F3000.000
G1 Z1.000 F500.000
G4 P100
G1 X52.962 Y159.166 F1000.000
G1 X53.109 Y159.378
G1 X53.397 Y159.446
G1 X53.537 Y159.421
G1 X53.577 Y159.326
G1 X53.372 Y158.251
G1 X53.694 Y158.911
G1 X54.079 Y159.313
G1 X54.452 Y159.446
G1 X54.699 Y159.366
G1 X54.772 Y159.121
G1 X54.622 Y158.271
G1 X54.886 Y158.802
G1 X55.177 Y159.166
G1 X55.472 Y159.376
G1 X55.747 Y159.446
G1 X55.991 Y159.364
G1 X56.072 Y159.121
G1 X55.867 Y157.841
G1 X55.903 Y157.691
G1 X56.012 Y157.641
G1 X56.249 Y157.763
G1 X56.752 Y158.231
G1 X56.854 Y158.171
G1 X56.892 Y158.006
G1 X56.797 Y157.696
G1 X56.334 Y157.261
G1 X55.772 Y157.091
G1 X55.548 Y157.127
G1 X55.289 Y157.419
G1 X55.257 Y157.666
G1 X55.392 Y158.601
G1 X55.337 Y158.681
G1 X55.152 Y158.513
G1 X54.912 Y158.071
G1 X54.589 Y157.171
G1 X54.357 Y157.091
G1 X54.109 Y157.248
G1 X54.027 Y157.631
G1 X54.117 Y158.601
G1 X54.062 Y158.681
G1 X53.872 Y158.501
G1 X53.649 Y158.041
G1 X53.349 Y157.173
G1 X53.122 Y157.091
G1 X52.960 Y157.141
G1 X52.854 Y157.291
G1 X52.777 Y157.931
G0 Z5.000 F500.000
G0 X56.487 Y157.816 F3000.000
G1 Z1.000 F500.000
G4 P100
G1 X56.537 Y158.503 F1000.000
G1 X56.702 Y159.166
G1 X56.842 Y159.381
G1 X57.127 Y159.446
G1 X57.279 Y159.411
G1 X57.322 Y159.306
G1 X57.117 Y158.308
G1 X57.113 Y157.858
G1 X57.192 Y157.811
G1 X57.379 Y157.961
G1 X57.989 Y159.381
G1 X58.237 Y159.446
G1 X58.397 Y159.416
G1 X58.442 Y159.316
G1 X58.182 Y157.651
G1 X58.932 Y158.181
G1 X59.047 Y158.221
G1 X59.149 Y158.158
G1 X59.187 Y158.001
G1 X59.042 Y157.706
G1 X58.082 Y157.061
G1 X57.862 Y156.136
G1 X57.584 Y155.433
G1 X57.235 Y154.989
G1 X56.802 Y154.841
G1 X56.571 Y154.880
G1 X56.267 Y155.180
G1 X56.227 Y155.411
G1 X56.334 Y155.891
G1 X56.734 Y156.453
G1 X57.562 Y157.181
G1 X57.657 Y157.826
G1 X57.377 Y157.278
G1 X56.997 Y157.091
G1 X56.792 Y157.142
G1 X56.629 Y157.298
G1 X56.487 Y157.816
G0 Z5.000 F500.000
G0 X57.447 Y156.581 F3000.000
G1 Z1.000 F500.000
G4 P100
G1 X56.889 Y155.988 F1000.000
G1 X56.717 Y155.521
G1 X56.749 Y155.381
G1 X56.857 Y155.326
G1 X56.989 Y155.398
G1 X57.137 Y155.616
G1 X57.447 Y156.581
G0 Z5.000 F500.000
G0 X59.075 Y157.141 F3000.000
G1 Z1.000 F500.000
G4 P100
G1 X58.969 Y157.291 F1000.000
G1 X58.892 Y157.931
G1 X58.938 Y158.564
G1 X59.077 Y159.166
G1 X59.224 Y159.378
G1 X59.512 Y159.446
G1 X59.652 Y159.421
G1 X59.692 Y159.326
G1 X59.487 Y158.246
G1 X59.857 Y158.946
G1 X60.259 Y159.331
G1 X60.622 Y159.446
G1 X60.866 Y159.364
G1 X60.947 Y159.121
G1 X60.742 Y157.841
G1 X60.778 Y157.691
G1 X60.887 Y157.641
G1 X61.124 Y157.763
G1 X61.627 Y158.231
G1 X61.729 Y158.171
G1 X61.767 Y158.006
G1 X61.672 Y157.696
G1 X61.209 Y157.261
G1 X60.945 Y157.133
G1 X60.423 Y157.127
G1 X60.164 Y157.419
G1 X60.132 Y157.666
G1 X60.267 Y158.601
G1 X60.212 Y158.681
G1 X60.029 Y158.513
G1 X59.789 Y158.071
G1 X59.464 Y157.173
G1 X59.237 Y157.091
G1 X59.075 Y157.141
G0 Z5.000 F500.000
G0 X61.262 Y157.526 F3000.000
G1 Z1.000 F500.000
G4 P100
G1 X61.389 Y157.886 F1000.000
G1 X61.747 Y158.021
G1 X62.079 Y157.913
G1 X62.192 Y157.596
G1 X62.062 Y157.228
G1 X61.707 Y157.091
G1 X61.374 Y157.211
G1 X61.262 Y157.526
G0 Z5.000 F500.000
G0 X61.882 Y158.516 F3000.000
G1 Z1.000 F500.000
G4 P100
G1 X61.549 Y158.636 F1000.000
G1 X61.437 Y158.951
G1 X61.564 Y159.311
G1 X61.922 Y159.446
G1 X62.254 Y159.338
G1 X62.367 Y159.021
G1 X62.237 Y158.653
G1 X61.882 Y158.516
G0 Z5.000 F500.000
G0 X64.028 Y158.564 F3000.000
G1 Z1.000 F500.000
G4 P100
G1 X64.167 Y159.166 F1000.000
G1 X64.314 Y159.378
G1 X64.602 Y159.446
G1 X64.742 Y159.421
G1 X64.782 Y159.326
G1 X64.577 Y158.246
G1 X64.947 Y158.946
G1 X65.349 Y159.331
G1 X65.712 Y159.446
G1 X65.956 Y159.364
G1 X66.037 Y159.121
G1 X65.832 Y157.841
G1 X65.868 Y157.691
G1 X65.977 Y157.641
G1 X66.214 Y157.763
G1 X66.717 Y158.231
G1 X66.819 Y158.171
G1 X66.857 Y158.006
G1 X66.762 Y157.696
G1 X66.299 Y157.261
G1 X66.035 Y157.133
G1 X65.513 Y157.127
G1 X65.254 Y157.419
G1 X65.222 Y157.666
G1 X65.357 Y158.601
G1 X65.302 Y158.681
G1 X65.119 Y158.513
G1 X64.879 Y158.071
G1 X64.554 Y157.173
G1 X64.327 Y157.091
G1 X64.165 Y157.141
G1 X64.059 Y157.291
G1 X63.982 Y157.931
G1 X64.028 Y158.564
G0 Z5.000 F500.000
G0 X66.377 Y158.156 F3000.000
G1 Z1.000 F500.000
G4 P100
G1 X66.522 Y158.798 F1000.000
G1 X66.695 Y159.065
G1 X67.199 Y159.402
G1 X67.507 Y159.446
G1 X67.768 Y159.402
G1 X67.972 Y159.273
G1 X68.103 Y159.070
G1 X68.147 Y158.806
G1 X68.085 Y158.485
G1 X67.899 Y158.213
G1 X67.566 Y157.991
G1 X67.062 Y157.821
G1 X67.243 Y157.648
G1 X67.537 Y157.591
G1 X68.049 Y157.748
G1 X68.682 Y158.231
G1 X68.784 Y158.171
G1 X68.822 Y158.006
G1 X68.727 Y157.696
G1 X68.204 Y157.281
G1 X67.482 Y157.091
G1 X67.016 Y157.162
G1 X66.667 Y157.376
G1 X66.449 Y157.713
G1 X66.377 Y158.156
G0 Z5.000 F500.000
G0 X66.982 Y158.221 F3000.000
G1 Z1.000 F500.000
G4 P100
G1 X67.447 Y158.421 F1000.000
G1 X67.574 Y158.572
G1 X67.564 Y158.898
G1 X67.422 Y158.956
G1 X67.251 Y158.902
G1 X67.109 Y158.741
G1 X66.982 Y158.221
G0 Z5.000 F500.000
G0 X68.492 Y159.161 F3000.000
G1 Z1.000 F500.000
G4 P100
G1 X68.607 Y159.391 F1000.000
G1 X68.907 Y159.476
G1 X69.059 Y159.433
G1 X69.117 Y159.081
G1 X69.432 Y159.368
G1 X69.762 Y159.456
G1 X70.016 Y159.399
G1 X70.219 Y159.231
G1 X70.352 Y158.971
G1 X70.397 Y158.641
G1 X70.312 Y158.126
G1 X70.077 Y157.671
G1 X70.252 Y157.641
G1 X70.567 Y157.761
G1 X71.087 Y158.231
G1 X71.189 Y158.171
G1 X71.227 Y158.006
G1 X71.132 Y157.696
G1 X70.669 Y157.261
G1 X70.405 Y157.133
G1 X69.867 Y157.138
G1 X69.677 Y157.281
G1 X69.082 Y157.091
G1 X68.976 Y156.205
G1 X68.787 Y155.478
G1 X68.503 Y154.992
G1 X68.112 Y154.831
G1 X67.877 Y154.879
G1 X67.712 Y155.026
G1 X67.582 Y155.566
G1 X67.807 Y156.708
G1 X68.502 Y158.146
G1 X68.492 Y159.161
G0 Z5.000 F500.000
G0 X69.112 Y157.926 F3000.000
G1 Z1.000 F500.000
G4 P100
G1 X69.107 Y157.571 F1000.000
G1 X69.439 Y157.768
G1 X69.682 Y158.158
G1 X69.772 Y158.646
G1 X69.712 Y158.873
G1 X69.552 Y158.951
G1 X69.353 Y158.856
G1 X69.117 Y158.571
G1 X69.112 Y157.926
G0 Z5.000 F500.000
G0 X68.492 Y157.371 F3000.000
G1 Z1.000 F500.000
G4 P100
G1 X68.152 Y156.416 F1000.000
G1 X68.027 Y155.651
G1 X68.064 Y155.406
G1 X68.152 Y155.321
G1 X68.276 Y155.467
G1 X68.377 Y155.908
G1 X68.492 Y157.371
G0 Z5.000 F500.000
G0 X71.087 Y157.476 F3000.000
G1 Z1.000 F500.000
G4 P100
G1 X70.914 Y157.947 F1000.000
G1 X70.857 Y158.591
G1 X71.017 Y159.993
G1 X71.214 Y160.694
G1 X71.484 Y161.283
G1 X71.821 Y161.682
G1 X72.217 Y161.816
G1 X72.424 Y161.766
G1 X72.692 Y161.391
G1 X72.727 Y161.106
G1 X72.572 Y160.291
G1 X72.057 Y159.441
G1 X72.361 Y159.359
G1 X72.602 Y159.163
G1 X72.769 Y158.881
G1 X72.852 Y158.541
G1 X73.482 Y158.651
G1 X73.582 Y158.586
G1 X73.582 Y158.228
G1 X73.472 Y158.136
G1 X72.812 Y158.016
G1 X72.667 Y157.641
G1 X72.434 Y157.346
G1 X72.142 Y157.154
G1 X71.822 Y157.091
G1 X71.386 Y157.187
G1 X71.087 Y157.476
G0 Z5.000 F500.000
G0 X71.589 Y157.771 F3000.000
G1 Z1.000 F500.000
G4 P100
G1 X71.842 Y157.621 F1000.000
G1 X72.117 Y157.751
G1 X72.277 Y158.126
G1 X72.039 Y158.401
G1 X71.977 Y158.951
G1 X71.777 Y158.900
G1 X71.516 Y158.511
G1 X71.482 Y158.206
G1 X71.589 Y157.771
G0 Z5.000 F500.000
G0 X71.517 Y159.101 F3000.000
G1 Z1.000 F500.000
G4 P100
G1 X72.192 Y160.605 F1000.000
G1 X72.242 Y160.991
G1 X72.204 Y161.236
G1 X72.102 Y161.321
G1 X71.884 Y161.023
G1 X71.667 Y160.216
G1 X71.517 Y159.101
G0 Z5.000 F500.000
G0 X73.522 Y158.986 F3000.000
G1 Z1.000 F500.000
G4 P100
G1 X74.116 Y159.401 F1000.000
G1 X74.452 Y159.456
G1 X74.599 Y159.413
G1 X74.662 Y159.261
G1 X75.066 Y159.237
G1 X75.127 Y159.106
G1 X74.937 Y157.806
G1 X74.974 Y157.686
G1 X75.072 Y157.641
G1 X75.302 Y157.763
G1 X75.802 Y158.231
G1 X75.904 Y158.171
G1 X75.942 Y158.006
G1 X75.847 Y157.696
G1 X75.412 Y157.266
G1 X74.967 Y157.091
G1 X74.664 Y157.203
G1 X74.457 Y157.511
G1 X74.163 Y157.196
G1 X73.802 Y157.091
G1 X73.523 Y157.147
G1 X73.307 Y157.316
G1 X73.168 Y157.576
G1 X73.122 Y157.906
G1 X73.168 Y158.295
G1 X73.522 Y158.986
G0 Z5.000 F500.000
G0 X73.852 Y158.431 F3000.000
G1 Z1.000 F500.000
G4 P100
G1 X73.747 Y157.901 F1000.000
G1 X73.809 Y157.671
G1 X73.982 Y157.596
G1 X74.192 Y157.726
G1 X74.337 Y158.071
G1 X74.522 Y158.991
G1 X74.134 Y158.833
G1 X73.852 Y158.431
G0 Z5.000 F500.000
G0 X75.419 Y158.156 F3000.000
G1 Z1.000 F500.000
G4 P100
G1 X75.559 Y158.268 F1000.000
G1 X75.877 Y158.269
G1 X75.972 Y157.706
G1 X76.162 Y157.601
G1 X76.477 Y157.698
G1 X76.792 Y157.976
G1 X76.457 Y158.023
G1 X76.249 Y158.166
G1 X76.116 Y158.388
G1 X76.126 Y159.004
G1 X76.287 Y159.248
G1 X76.544 Y159.400
G1 X76.887 Y159.451
G1 X77.442 Y159.366
G1 X77.672 Y159.441
G1 X77.829 Y159.393
G1 X77.877 Y159.266
G1 X77.672 Y158.271
G1 X77.669 Y157.693
G1 X77.777 Y157.641
G1 X78.007 Y157.756
G1 X78.517 Y158.231
G1 X78.619 Y158.171
G1 X78.657 Y158.006
G1 X78.562 Y157.696
G1 X78.062 Y157.241
G1 X77.587 Y157.091
G1 X77.272 Y157.236
G1 X77.162 Y157.651
G1 X77.192 Y157.966
G1 X76.656 Y157.309
G1 X76.341 Y157.145
G1 X75.997 Y157.091
G1 X75.716 Y157.136
G1 X75.494 Y157.271
G1 X75.350 Y157.479
G1 X75.302 Y157.746
G1 X75.419 Y158.156
G0 Z5.000 F500.000
G0 X76.679 Y158.446 F3000.000
G1 Z1.000 F500.000
G4 P100
G1 X77.057 Y158.361 F1000.000
G1 X77.327 Y158.991
G1 X77.007 Y159.046
G1 X76.697 Y158.951
G1 X76.587 Y158.681
G1 X76.679 Y158.446
G0 Z5.000 F500.000
G0 X79.537 Y158.481 F3000.000
G1 Z1.000 F500.000
G4 P100
G1 X79.657 Y158.811 F1000.000
G1 X80.072 Y159.281
G1 X80.333 Y159.404
G1 X80.851 Y159.405
G1 X81.149 Y159.097
G1 X81.187 Y158.866
G1 X81.094 Y158.511
G1 X80.852 Y158.366
G1 X80.699 Y158.411
G1 X80.659 Y158.921
G1 X80.567 Y158.956
G1 X80.352 Y158.853
G1 X80.192 Y158.576
G1 X80.132 Y158.191
G1 X80.258 Y157.756
G1 X80.637 Y157.611
G1 X81.079 Y157.748
G1 X81.682 Y158.231
G1 X81.784 Y158.171
G1 X81.822 Y158.006
G1 X81.727 Y157.696
G1 X81.164 Y157.248
G1 X80.532 Y157.091
G1 X80.096 Y157.160
G1 X79.769 Y157.368
G1 X79.565 Y157.690
G1 X79.497 Y158.101
G1 X79.537 Y158.481
G0 Z5.000 F500.000
G0 X81.427 Y157.931 F3000.000
G1 Z1.000 F500.000
G4 P100
G1 X81.612 Y159.166 F1000.000
G1 X81.759 Y159.378
G1 X82.047 Y159.446
G1 X82.187 Y159.421
G1 X82.227 Y159.326
G1 X82.022 Y158.251
G1 X82.344 Y158.911
G1 X82.729 Y159.313
G1 X83.102 Y159.446
G1 X83.349 Y159.366
G1 X83.422 Y159.121
G1 X83.272 Y158.271
G1 X83.536 Y158.802
G1 X83.827 Y159.166
G1 X84.122 Y159.376
G1 X84.397 Y159.446
G1 X84.641 Y159.364
G1 X84.722 Y159.121
G1 X84.517 Y157.841
G1 X84.553 Y157.691
G1 X84.662 Y157.641
G1 X84.899 Y157.763
G1 X85.402 Y158.231
G1 X85.504 Y158.171
G1 X85.542 Y158.006
G1 X85.447 Y157.696
G1 X84.984 Y157.261
G1 X84.422 Y157.091
G1 X84.198 Y157.127
G1 X83.939 Y157.419
G1 X83.907 Y157.666
G1 X84.042 Y158.601
G1 X83.987 Y158.681
G1 X83.802 Y158.513
G1 X83.562 Y158.071
G1 X83.239 Y157.171
G1 X83.007 Y157.091
G1 X82.759 Y157.248
G1 X82.677 Y157.631
G1 X82.767 Y158.601
G1 X82.712 Y158.681
G1 X82.522 Y158.501
G1 X82.299 Y158.041
G1 X81.999 Y157.173
G1 X81.772 Y157.091
G1 X81.610 Y157.141
G1 X81.504 Y157.291
G1 X81.427 Y157.931
G0 Z5.000 F500.000
G0 X84.527 Y156.708 F3000.000
G1 Z1.000 F500.000
G4 P100
G1 X85.222 Y158.146 F1000.000
G1 X85.212 Y159.161
G1 X85.327 Y159.391
G1 X85.627 Y159.476
G1 X85.779 Y159.433
G1 X85.837 Y159.081
G1 X86.152 Y159.368
G1 X86.482 Y159.456
G1 X86.736 Y159.399
G1 X86.939 Y159.231
G1 X87.072 Y158.971
G1 X87.117 Y158.641
G1 X87.032 Y158.126
G1 X86.797 Y157.671
G1 X86.972 Y157.641
G1 X87.287 Y157.761
G1 X87.672 Y158.161
G1 X87.807 Y158.231
G1 X87.909 Y158.171
G1 X87.947 Y158.006
G1 X87.852 Y157.696
G1 X87.389 Y157.261
G1 X86.827 Y157.091
G1 X86.587 Y157.138
G1 X86.397 Y157.281
G1 X85.802 Y157.091
G1 X85.696 Y156.205
G1 X85.507 Y155.478
G1 X85.223 Y154.992
G1 X85.041 Y154.871
G1 X84.597 Y154.879
G1 X84.432 Y155.026
G1 X84.334 Y155.258
G1 X84.358 Y156.096
G1 X84.527 Y156.708
G0 Z5.000 F500.000
G0 X84.747 Y155.651 F3000.000
G1 Z1.000 F500.000
G4 P100
G1 X84.784 Y155.406 F1000.000
G1 X84.872 Y155.321
G1 X84.996 Y155.467
G1 X85.097 Y155.908
G1 X85.212 Y157.371
G1 X84.872 Y156.416
G1 X84.747 Y155.651
G0 Z5.000 F500.000
G0 X85.827 Y157.571 F3000.000
G1 Z1.000 F500.000
G4 P100
G1 X86.159 Y157.768 F1000.000
G1 X86.402 Y158.158
G1 X86.492 Y158.646
G1 X86.432 Y158.873
G1 X86.272 Y158.951
G1 X86.073 Y158.856
G1 X85.837 Y158.571
G1 X85.827 Y157.571
G0 Z5.000 F500.000
G0 X87.467 Y158.141 F3000.000
G1 Z1.000 F500.000
G4 P100
G1 X87.612 Y158.818 F1000.000
G1 X87.784 Y159.083
G1 X88.281 Y159.409
G1 X88.577 Y159.451
G1 X88.920 Y159.385
G1 X89.189 Y159.188
G1 X89.374 Y158.895
G1 X89.462 Y158.541
G1 X90.092 Y158.651
G1 X90.192 Y158.586
G1 X90.227 Y158.421
G1 X90.191 Y158.229
G1 X90.082 Y158.136
G1 X89.422 Y158.016
G1 X89.281 Y157.637
G1 X89.047 Y157.343
G1 X88.748 Y157.154
G1 X88.412 Y157.091
G1 X87.899 Y157.236
G1 X87.577 Y157.621
G1 X87.467 Y158.141
G0 Z5.000 F500.000
G0 X88.199 Y157.766 F3000.000
G1 Z1.000 F500.000
G4 P100
G1 X88.452 Y157.621 F1000.000
G1 X88.729 Y157.751
G1 X88.887 Y158.126
G1 X88.649 Y158.401
G1 X88.582 Y158.921
G1 X88.380 Y158.872
G1 X88.224 Y158.728
G1 X88.125 Y158.496
G1 X88.092 Y158.186
G1 X88.199 Y157.766
G0 Z5.000 F500.000
G0 X89.807 Y157.931 F3000.000
G1 Z1.000 F500.000
G4 P100
G1 X89.992 Y159.166 F1000.000
G1 X90.139 Y159.378
G1 X90.427 Y159.446
G1 X90.567 Y159.421
G1 X90.607 Y159.326
G1 X90.392 Y158.146
G1 X90.596 Y158.746
G1 X90.847 Y159.146
G1 X91.151 Y159.371
G1 X91.512 Y159.446
G1 X91.919 Y159.283
G1 X92.067 Y158.866
G1 X91.974 Y158.511
G1 X91.732 Y158.366
G1 X91.579 Y158.411
G1 X91.522 Y158.536
G1 X91.539 Y158.922
G1 X91.442 Y158.956
G1 X91.247 Y158.853
G1 X91.094 Y158.578
G1 X91.037 Y158.206
G1 X91.162 Y157.773
G1 X91.522 Y157.611
G1 X91.852 Y157.733
G1 X92.387 Y158.231
G1 X92.489 Y158.171
G1 X92.527 Y158.006
G1 X92.432 Y157.696
G1 X91.982 Y157.258
G1 X91.472 Y157.091
G1 X91.044 Y157.193
G1 X90.732 Y157.441
G1 X90.577 Y157.721
G1 X90.374 Y157.166
G1 X90.152 Y157.091
G1 X89.990 Y157.141
G1 X89.884 Y157.291
G1 X89.807 Y157.931
G0 Z5.000 F500.000
G0 X92.103 Y157.576 F3000.000
G1 Z1.000 F500.000
G4 P100
G1 X92.103 Y158.295 F1000.000
G1 X92.457 Y158.986
G1 X93.051 Y159.401
G1 X93.387 Y159.456
G1 X93.534 Y159.413
G1 X93.597 Y159.261
G1 X94.001 Y159.237
G1 X94.062 Y159.106
G1 X93.872 Y157.806
G1 X93.909 Y157.686
G1 X94.007 Y157.641
G1 X94.237 Y157.763
G1 X94.737 Y158.231
G1 X94.839 Y158.171
G1 X94.877 Y158.006
G1 X94.782 Y157.696
G1 X94.347 Y157.266
G1 X93.902 Y157.091
G1 X93.599 Y157.203
G1 X93.392 Y157.511
G1 X93.098 Y157.196
G1 X92.737 Y157.091
G1 X92.458 Y157.147
G1 X92.242 Y157.316
G1 X92.103 Y157.576
G0 Z5.000 F500.000
G0 X92.744 Y157.671 F3000.000
G1 Z1.000 F500.000
G4 P100
G1 X92.917 Y157.596 F1000.000
G1 X93.127 Y157.726
G1 X93.272 Y158.071
G1 X93.457 Y158.991
G1 X93.069 Y158.833
G1 X92.787 Y158.431
G1 X92.682 Y157.901
G1 X92.744 Y157.671
G0 Z5.000 F500.000
G0 X95.889 Y157.947 F3000.000
G1 Z1.000 F500.000
G4 P100
G1 X95.832 Y158.591 F1000.000
G1 X95.992 Y159.993
G1 X96.189 Y160.694
G1 X96.459 Y161.283
G1 X96.796 Y161.682
G1 X97.192 Y161.816
G1 X97.399 Y161.766
G1 X97.667 Y161.391
G1 X97.702 Y161.106
G1 X97.547 Y160.291
G1 X97.032 Y159.441
G1 X97.336 Y159.359
G1 X97.577 Y159.163
G1 X97.744 Y158.881
G1 X97.827 Y158.541
G1 X98.457 Y158.651
G1 X98.557 Y158.586
G1 X98.557 Y158.228
G1 X98.447 Y158.136
G1 X97.787 Y158.016
G1 X97.642 Y157.641
G1 X97.409 Y157.346
G1 X97.117 Y157.154
G1 X96.797 Y157.091
G1 X96.361 Y157.187
G1 X96.062 Y157.476
G1 X95.889 Y157.947
G0 Z5.000 F500.000
G0 X96.564 Y157.771 F3000.000
G1 Z1.000 F500.000
G4 P100
G1 X96.817 Y157.621 F1000.000
G1 X97.092 Y157.751
G1 X97.252 Y158.126
G1 X97.014 Y158.401
G1 X96.952 Y158.951
G1 X96.752 Y158.900
G1 X96.491 Y158.511
G1 X96.457 Y158.206
G1 X96.564 Y157.771
G0 Z5.000 F500.000
G0 X96.492 Y159.101 F3000.000
G1 Z1.000 F500.000
G4 P100
G1 X97.167 Y160.605 F1000.000
G1 X97.217 Y160.991
G1 X97.179 Y161.236
G1 X97.077 Y161.321
G1 X96.859 Y161.023
G1 X96.642 Y160.216
G1 X96.492 Y159.101
G0 Z5.000 F500.000
G0 X98.367 Y159.166 F3000.000
G1 Z1.000 F500.000
G4 P100
G1 X98.514 Y159.378 F1000.000
G1 X98.981 Y159.416
G1 X99.037 Y159.326
G1 X98.857 Y158.516
G1 X99.179 Y158.738
G1 X99.562 Y158.826
G1 X99.942 Y158.688
G1 X100.112 Y158.301
G1 X100.764 Y159.386
G1 X101.002 Y159.446
G1 X101.193 Y159.403
G1 X101.257 Y159.276
G1 X101.042 Y157.951
G1 X101.082 Y157.721
G1 X101.217 Y157.641
G1 X101.442 Y157.766
G1 X101.937 Y158.231
G1 X102.039 Y158.171
G1 X102.077 Y158.006
G1 X101.982 Y157.696
G1 X101.503 Y157.242
G1 X101.057 Y157.091
G1 X100.776 Y157.148
G1 X100.584 Y157.321
G1 X100.474 Y157.588
G1 X100.437 Y158.006
G1 X99.829 Y157.341
G1 X99.489 Y157.153
G1 X99.132 Y157.091
G1 X98.741 Y157.156
G1 X98.439 Y157.351
G1 X98.246 Y157.648
G1 X98.182 Y158.021
G1 X98.227 Y158.591
G1 X98.367 Y159.166
G0 Z5.000 F500.000
G0 X98.812 Y157.986 F3000.000
G1 Z1.000 F500.000
G4 P100
G1 X98.917 Y157.711 F1000.000
G1 X99.177 Y157.621
G1 X99.487 Y157.731
G1 X99.597 Y158.036
G1 X99.526 Y158.234
G1 X99.312 Y158.301
G1 X99.014 Y158.206
G1 X98.812 Y157.986
G0 Z5.000 F500.000
G0 X101.592 Y158.101 F3000.000
G1 Z1.000 F500.000
G4 P100
G1 X101.632 Y158.481 F1000.000
G1 X101.936 Y159.081
G1 X102.167 Y159.281
G1 X102.702 Y159.446
G1 X103.129 Y159.283
G1 X103.282 Y158.866
G1 X103.189 Y158.511
G1 X102.947 Y158.366
G1 X102.794 Y158.411
G1 X102.737 Y158.536
G1 X102.754 Y158.921
G1 X102.662 Y158.956
G1 X102.447 Y158.853
G1 X102.287 Y158.576
G1 X102.227 Y158.191
G1 X102.353 Y157.756
G1 X102.732 Y157.611
G1 X103.174 Y157.748
G1 X103.777 Y158.231
G1 X103.879 Y158.171
G1 X103.917 Y158.006
G1 X103.822 Y157.696
G1 X103.564 Y157.439
G1 X103.259 Y157.248
G1 X102.627 Y157.091
G1 X102.191 Y157.160
G1 X101.864 Y157.368
G1 X101.660 Y157.690
G1 X101.592 Y158.101
G0 Z5.000 F500.000
G0 X103.522 Y157.931 F3000.000
G1 Z1.000 F500.000
G4 P100
G1 X103.707 Y159.166 F1000.000
G1 X103.854 Y159.378
G1 X104.142 Y159.446
G1 X104.282 Y159.421
G1 X104.322 Y159.326
G1 X104.117 Y158.251
G1 X104.439 Y158.911
G1 X104.824 Y159.313
G1 X105.197 Y159.446
G1 X105.444 Y159.366
G1 X105.517 Y159.121
G1 X105.367 Y158.271
G1 X105.631 Y158.802
G1 X105.922 Y159.166
G1 X106.217 Y159.376
G1 X106.492 Y159.446
G1 X106.736 Y159.364
G1 X106.817 Y159.121
G1 X106.612 Y157.841
G1 X106.648 Y157.691
G1 X106.757 Y157.641
G1 X106.994 Y157.763
G1 X107.497 Y158.231
G1 X107.599 Y158.171
G1 X107.637 Y158.006
G1 X107.542 Y157.696
G1 X107.079 Y157.261
G1 X106.517 Y157.091
G1 X106.293 Y157.127
G1 X106.034 Y157.419
G1 X106.002 Y157.666
G1 X106.137 Y158.601
G1 X106.082 Y158.681
G1 X105.897 Y158.513
G1 X105.657 Y158.071
G1 X105.334 Y157.171
G1 X105.102 Y157.091
G1 X104.854 Y157.248
G1 X104.772 Y157.631
G1 X104.862 Y158.601
G1 X104.807 Y158.681
G1 X104.617 Y158.501
G1 X104.394 Y158.041
G1 X104.094 Y157.173
G1 X103.867 Y157.091
G1 X103.705 Y157.141
G1 X103.599 Y157.291
G1 X103.522 Y157.931
G0 Z5.000 F500.000
G0 X107.232 Y157.816 F3000.000
G1 Z1.000 F500.000
G4 P100
G1 X107.282 Y158.503 F1000.000
G1 X107.447 Y159.166
G1 X107.587 Y159.381
G1 X107.872 Y159.446
G1 X108.024 Y159.411
G1 X108.067 Y159.306
G1 X107.862 Y158.308
G1 X107.858 Y157.858
G1 X107.937 Y157.811
G1 X108.124 Y157.961
G1 X108.734 Y159.381
G1 X108.982 Y159.446
G1 X109.142 Y159.416
G1 X109.187 Y159.316
G1 X108.927 Y157.651
G1 X109.677 Y158.181
G1 X109.792 Y158.221
G1 X109.894 Y158.158
G1 X109.932 Y158.001
G1 X109.787 Y157.706
G1 X108.827 Y157.061
G1 X108.607 Y156.136
G1 X108.329 Y155.433
G1 X107.980 Y154.989
G1 X107.547 Y154.841
G1 X107.316 Y154.880
G1 X107.012 Y155.180
G1 X106.972 Y155.411
G1 X107.079 Y155.891
G1 X107.479 Y156.453
G1 X108.307 Y157.181
G1 X108.402 Y157.826
G1 X108.122 Y157.278
G1 X107.742 Y157.091
G1 X107.537 Y157.142
G1 X107.374 Y157.298
G1 X107.232 Y157.816
G0 Z5.000 F500.000
G0 X108.192 Y156.581 F3000.000
G1 Z1.000 F500.000
G4 P100
G1 X107.634 Y155.988 F1000.000
G1 X107.462 Y155.521
G1 X107.494 Y155.381
G1 X107.602 Y155.326
G1 X107.734 Y155.398
G1 X107.882 Y155.616
G1 X108.192 Y156.581
G0 Z5.000 F500.000
G0 X109.820 Y157.141 F3000.000
G1 Z1.000 F500.000
G4 P100
G1 X109.714 Y157.291 F1000.000
G1 X109.637 Y157.931
G1 X109.683 Y158.564
G1 X109.822 Y159.166
G1 X109.969 Y159.378
G1 X110.257 Y159.446
G1 X110.397 Y159.421
G1 X110.437 Y159.326
G1 X110.232 Y158.246
G1 X110.602 Y158.946
G1 X111.004 Y159.331
G1 X111.367 Y159.446
G1 X111.611 Y159.364
G1 X111.692 Y159.121
G1 X111.487 Y157.841
G1 X111.523 Y157.691
G1 X111.632 Y157.641
G1 X111.869 Y157.763
G1 X112.372 Y158.231
G1 X112.474 Y158.171
G1 X112.512 Y158.006
G1 X112.417 Y157.696
G1 X111.954 Y157.261
G1 X111.690 Y157.133
G1 X111.168 Y157.127
G1 X110.909 Y157.419
G1 X110.877 Y157.666
G1 X111.012 Y158.601
G1 X110.957 Y158.681
G1 X110.774 Y158.513
G1 X110.534 Y158.071
G1 X110.209 Y157.173
G1 X109.982 Y157.091
G1 X109.820 Y157.141
G0 Z5.000 F500.000
G0 X112.088 Y157.576 F3000.000
G1 Z1.000 F500.000
G4 P100
G1 X112.088 Y158.295 F1000.000
G1 X112.442 Y158.986
G1 X113.036 Y159.401
G1 X113.372 Y159.456
G1 X113.519 Y159.413
G1 X113.582 Y159.261
G1 X113.986 Y159.237
G1 X114.047 Y159.106
G1 X113.857 Y157.806
G1 X113.894 Y157.686
G1 X113.992 Y157.641
G1 X114.222 Y157.763
G1 X114.722 Y158.231
G1 X114.824 Y158.171
G1 X114.862 Y158.006
G1 X114.767 Y157.696
G1 X114.332 Y157.266
G1 X113.887 Y157.091
G1 X113.584 Y157.203
G1 X113.377 Y157.511
G1 X113.083 Y157.196
G1 X112.722 Y157.091
G1 X112.443 Y157.147
G1 X112.227 Y157.316
G1 X112.088 Y157.576
G0 Z5.000 F500.000
G0 X112.729 Y157.671 F3000.000
G1 Z1.000 F500.000
G4 P100
G1 X112.902 Y157.596 F1000.000
G1 X113.112 Y157.726
G1 X113.257 Y158.071
G1 X113.442 Y158.991
G1 X113.054 Y158.833
G1 X112.772 Y158.431
G1 X112.667 Y157.901
G1 X112.729 Y157.671
G0 Z5.000 F500.000
G0 X114.382 Y158.156 F3000.000
G1 Z1.000 F500.000
G4 P100
G1 X114.527 Y158.798 F1000.000
G1 X114.700 Y159.065
G1 X115.204 Y159.402
G1 X115.512 Y159.446
G1 X115.773 Y159.402
G1 X115.977 Y159.273
G1 X116.108 Y159.070
G1 X116.152 Y158.806
G1 X116.090 Y158.485
G1 X115.904 Y158.213
G1 X115.571 Y157.991
G1 X115.067 Y157.821
G1 X115.248 Y157.648
G1 X115.542 Y157.591
G1 X116.054 Y157.748
G1 X116.687 Y158.231
G1 X116.789 Y158.171
G1 X116.827 Y158.006
G1 X116.732 Y157.696
G1 X116.209 Y157.281
G1 X115.487 Y157.091
G1 X115.021 Y157.162
G1 X114.672 Y157.376
G1 X114.454 Y157.713
G1 X114.382 Y158.156
G0 Z5.000 F500.000
G0 X114.987 Y158.221 F3000.000
G1 Z1.000 F500.000
G4 P100
G1 X115.452 Y158.421 F1000.000
G1 X115.579 Y158.572
G1 X115.569 Y158.898
G1 X115.427 Y158.956
G1 X115.256 Y158.902
G1 X115.114 Y158.741
G1 X114.987 Y158.221
G0 Z5.000 F500.000
G0 X116.478 Y158.564 F3000.000
G1 Z1.000 F500.000
G4 P100
G1 X116.617 Y159.166 F1000.000
G1 X116.764 Y159.378
G1 X117.052 Y159.446
G1 X117.192 Y159.421
G1 X117.232 Y159.326
G1 X117.027 Y158.251
G1 X117.349 Y158.911
G1 X117.734 Y159.313
G1 X118.107 Y159.446
G1 X118.354 Y159.366
G1 X118.427 Y159.121
G1 X118.277 Y158.271
G1 X118.541 Y158.802
G1 X118.832 Y159.166
G1 X119.127 Y159.376
G1 X119.402 Y159.446
G1 X119.646 Y159.364
G1 X119.727 Y159.121
G1 X119.522 Y157.841
G1 X119.558 Y157.691
G1 X119.667 Y157.641
G1 X119.904 Y157.763
G1 X120.407 Y158.231
G1 X120.509 Y158.171
G1 X120.547 Y158.006
G1 X120.452 Y157.696
G1 X119.989 Y157.261
G1 X119.725 Y157.133
G1 X119.203 Y157.127
G1 X118.944 Y157.419
G1 X118.912 Y157.666
G1 X119.047 Y158.601
G1 X118.992 Y158.681
G1 X118.807 Y158.513
G1 X118.567 Y158.071
G1 X118.244 Y157.171
G1 X118.012 Y157.091
G1 X117.764 Y157.248
G1 X117.682 Y157.631
G1 X117.772 Y158.601
G1 X117.717 Y158.681
G1 X117.527 Y158.501
G1 X117.304 Y158.041
G1 X117.004 Y157.173
G1 X116.777 Y157.091
G1 X116.615 Y157.141
G1 X116.509 Y157.291
G1 X116.432 Y157.931
G1 X116.478 Y158.564
G0 Z5.000 F500.000
G0 X121.502 Y158.591 F3000.000
G1 Z1.000 F500.000
G4 P100
G1 X121.662 Y159.993 F1000.000
G1 X121.859 Y160.694
G1 X122.129 Y161.283
G1 X122.466 Y161.682
G1 X122.862 Y161.816
G1 X123.069 Y161.766
G1 X123.337 Y161.391
G1 X123.372 Y161.106
G1 X123.217 Y160.291
G1 X122.702 Y159.441
G1 X123.006 Y159.359
G1 X123.247 Y159.163
G1 X123.414 Y158.881
G1 X123.497 Y158.541
G1 X124.127 Y158.651
G1 X124.227 Y158.586
G1 X124.227 Y158.228
G1 X124.117 Y158.136
G1 X123.457 Y158.016
G1 X123.312 Y157.641
G1 X123.079 Y157.346
G1 X122.787 Y157.154
G1 X122.467 Y157.091
G1 X122.031 Y157.187
G1 X121.732 Y157.476
G1 X121.559 Y157.947
G1 X121.502 Y158.591
G0 Z5.000 F500.000
G0 X122.127 Y158.206 F3000.000
G1 Z1.000 F500.000
G4 P100
G1 X122.234 Y157.771 F1000.000
G1 X122.487 Y157.621
G1 X122.762 Y157.751
G1 X122.922 Y158.126
G1 X122.684 Y158.401
G1 X122.622 Y158.951
G1 X122.422 Y158.900
G1 X122.264 Y158.748
G1 X122.127 Y158.206
G0 Z5.000 F500.000
G0 X122.162 Y159.101 F3000.000
G1 Z1.000 F500.000
G4 P100
G1 X122.837 Y160.605 F1000.000
G1 X122.887 Y160.991
G1 X122.849 Y161.236
G1 X122.747 Y161.321
G1 X122.529 Y161.023
G1 X122.312 Y160.216
G1 X122.162 Y159.101
G0 Z5.000 F500.000
G0 X123.851 Y158.267 F3000.000
G1 Z1.000 F500.000
G4 P100
G1 X124.179 Y158.266 F1000.000
G1 X124.199 Y157.691
G1 X124.267 Y157.646
G1 X124.379 Y157.721
G1 X125.217 Y159.358
G1 X125.517 Y159.436
G1 X125.797 Y159.361
G1 X125.887 Y159.116
G1 X125.911 Y157.747
G1 X126.072 Y157.616
G1 X126.249 Y157.701
G1 X126.782 Y158.231
G1 X126.884 Y158.171
G1 X126.922 Y158.006
G1 X126.827 Y157.696
G1 X126.239 Y157.178
G1 X125.837 Y157.091
G1 X125.584 Y157.149
G1 X125.417 Y157.323
G1 X125.323 Y157.615
G1 X125.312 Y158.481
G1 X125.081 Y157.892
G1 X124.809 Y157.456
G1 X124.496 Y157.186
G1 X124.142 Y157.096
G1 X123.914 Y157.142
G1 X123.633 Y157.489
G1 X123.597 Y157.746
G1 X123.712 Y158.151
G1 X123.851 Y158.267
G0 Z5.000 F500.000
G0 X126.502 Y158.156 F3000.000
G1 Z1.000 F500.000
G4 P100
G1 X126.647 Y158.798 F1000.000
G1 X126.820 Y159.065
G1 X127.324 Y159.402
G1 X127.632 Y159.446
G1 X127.893 Y159.402
G1 X128.097 Y159.273
G1 X128.228 Y159.070
G1 X128.272 Y158.806
G1 X128.210 Y158.485
G1 X128.024 Y158.213
G1 X127.691 Y157.991
G1 X127.187 Y157.821
G1 X127.368 Y157.648
G1 X127.662 Y157.591
G1 X128.174 Y157.748
G1 X128.807 Y158.231
G1 X128.909 Y158.171
G1 X128.947 Y158.006
G1 X128.852 Y157.696
G1 X128.329 Y157.281
G1 X127.607 Y157.091
G1 X127.141 Y157.162
G1 X126.792 Y157.376
G1 X126.574 Y157.713
G1 X126.502 Y158.156
G0 Z5.000 F500.000
G0 X127.107 Y158.221 F3000.000
G1 Z1.000 F500.000
G4 P100
G1 X127.572 Y158.421 F1000.000
G1 X127.699 Y158.572
G1 X127.689 Y158.898
G1 X127.547 Y158.956
G1 X127.376 Y158.902
G1 X127.234 Y158.741
G1 X127.107 Y158.221
G0 Z5.000 F500.000
G0 X128.577 Y158.591 F3000.000
G1 Z1.000 F500.000
G4 P100
G1 X128.737 Y159.993 F1000.000
G1 X128.934 Y160.694
G1 X129.204 Y161.283
G1 X129.541 Y161.682
G1 X129.937 Y161.816
G1 X130.144 Y161.766
G1 X130.412 Y161.391
G1 X130.447 Y161.106
G1 X130.292 Y160.291
G1 X129.777 Y159.441
G1 X130.081 Y159.359
G1 X130.322 Y159.163
G1 X130.489 Y158.881
G1 X130.572 Y158.541
G1 X131.202 Y158.651
G1 X131.302 Y158.586
G1 X131.302 Y158.228
G1 X131.192 Y158.136
G1 X130.532 Y158.016
G1 X130.387 Y157.641
G1 X130.154 Y157.346
G1 X129.862 Y157.154
G1 X129.542 Y157.091
G1 X129.106 Y157.187
G1 X128.807 Y157.476
G1 X128.634 Y157.947
G1 X128.577 Y158.591
G0 Z5.000 F500.000
G0 X129.202 Y158.206 F3000.000
G1 Z1.000 F500.000
G4 P100
G1 X129.309 Y157.771 F1000.000
G1 X129.562 Y157.621
G1 X129.837 Y157.751
G1 X129.997 Y158.126
G1 X129.759 Y158.401
G1 X129.697 Y158.951
G1 X129.497 Y158.900
G1 X129.339 Y158.748
G1 X129.202 Y158.206
G0 Z5.000 F500.000
G0 X129.237 Y159.101 F3000.000
G1 Z1.000 F500.000
G4 P100
G1 X129.912 Y160.605 F1000.000
G1 X129.962 Y160.991
G1 X129.924 Y161.236
G1 X129.822 Y161.321
G1 X129.604 Y161.023
G1 X129.387 Y160.216
G1 X129.237 Y159.101
G0 Z5.000 F500.000
G0 X131.149 Y159.083 F3000.000
G1 Z1.000 F500.000
G4 P100
G1 X131.646 Y159.409 F1000.000
G1 X131.942 Y159.451
G1 X132.285 Y159.385
G1 X132.554 Y159.188
G1 X132.739 Y158.895
G1 X132.827 Y158.541
G1 X133.457 Y158.651
G1 X133.557 Y158.586
G1 X133.556 Y158.229
G1 X133.447 Y158.136
G1 X132.787 Y158.016
G1 X132.646 Y157.637
G1 X132.412 Y157.343
G1 X132.113 Y157.154
G1 X131.499 Y157.127
G1 X131.264 Y157.236
G1 X130.942 Y157.621
G1 X130.832 Y158.141
G1 X130.977 Y158.818
G1 X131.149 Y159.083
G0 Z5.000 F500.000
G0 X131.490 Y158.496 F3000.000
G1 Z1.000 F500.000
G4 P100
G1 X131.457 Y158.186 F1000.000
G1 X131.564 Y157.766
G1 X131.817 Y157.621
G1 X132.094 Y157.751
G1 X132.252 Y158.126
G1 X132.014 Y158.401
G1 X131.947 Y158.921
G1 X131.745 Y158.872
G1 X131.589 Y158.728
G1 X131.490 Y158.496
G0 Z5.000 F500.000
G0 X133.244 Y157.886 F3000.000
G1 Z1.000 F500.000
G4 P100
G1 X133.547 Y158.021 F1000.000
G1 X133.819 Y157.923
G1 X133.912 Y157.661
G1 X133.807 Y157.196
G1 X133.552 Y156.631
G1 X133.394 Y156.386
G1 X133.242 Y156.326
G1 X133.067 Y156.376
G1 X133.002 Y156.536
G1 X133.244 Y157.886
G0 Z5.000 F500.000
G0 X35.119 Y147.909 F3000.000
G1 Z1.000 F500.000
G4 P100
G1 X35.024 Y147.599 F1000.000
G1 X34.562 Y147.164
G1 X34.298 Y147.036
G1 X33.776 Y147.030
G1 X33.517 Y147.322
G1 X33.484 Y147.569
G1 X33.619 Y148.504
G1 X33.564 Y148.584
G1 X33.382 Y148.416
G1 X33.142 Y147.974
G1 X32.817 Y147.076
G1 X32.589 Y146.994
G1 X32.428 Y147.044
G1 X32.322 Y147.194
G1 X32.244 Y147.834
G1 X32.429 Y149.069
G1 X32.577 Y149.281
G1 X33.004 Y149.324
G1 X33.044 Y149.229
G1 X32.839 Y148.149
G1 X33.209 Y148.849
G1 X33.612 Y149.234
G1 X33.974 Y149.349
G1 X34.218 Y149.267
G1 X34.299 Y149.024
G1 X34.094 Y147.744
G1 X34.131 Y147.594
G1 X34.239 Y147.544
G1 X34.477 Y147.666
G1 X34.979 Y148.134
G1 X35.082 Y148.074
G1 X35.119 Y147.909
G0 Z5.000 F500.000
G0 X35.264 Y148.089 F3000.000
G1 Z1.000 F500.000
G4 P100
G1 X35.372 Y147.669 F1000.000
G1 X35.624 Y147.524
G1 X35.902 Y147.654
G1 X36.059 Y148.029
G1 X35.822 Y148.304
G1 X35.754 Y148.824
G1 X35.553 Y148.775
G1 X35.397 Y148.631
G1 X35.264 Y148.089
G0 Z5.000 F500.000
G0 X34.784 Y148.721 F3000.000
G1 Z1.000 F500.000
G4 P100
G1 X34.957 Y148.986 F1000.000
G1 X35.453 Y149.312
G1 X35.749 Y149.354
G1 X36.093 Y149.288
G1 X36.362 Y149.091
G1 X36.546 Y148.798
G1 X36.634 Y148.444
G1 X37.264 Y148.554
G1 X37.364 Y148.489
G1 X37.363 Y148.132
G1 X37.254 Y148.039
G1 X36.594 Y147.919
G1 X36.453 Y147.540
G1 X36.219 Y147.246
G1 X35.921 Y147.057
G1 X35.306 Y147.030
G1 X35.072 Y147.139
G1 X34.749 Y147.524
G1 X34.639 Y148.044
G1 X34.784 Y148.721
G0 Z5.000 F500.000
G0 X36.889 Y148.004 F3000.000
G1 Z1.000 F500.000
G4 P100
G1 X36.929 Y148.384 F1000.000
G1 X37.233 Y148.984
G1 X37.464 Y149.184
G1 X37.999 Y149.349
G1 X38.427 Y149.186
G1 X38.579 Y148.769
G1 X38.487 Y148.414
G1 X38.244 Y148.269
G1 X38.092 Y148.314
G1 X38.034 Y148.439
G1 X38.052 Y148.824
G1 X37.959 Y148.859
G1 X37.744 Y148.756
G1 X37.584 Y148.479
G1 X37.524 Y148.094
G1 X37.651 Y147.659
G1 X38.029 Y147.514
G1 X38.472 Y147.651
G1 X39.074 Y148.134
G1 X39.177 Y148.074
G1 X39.214 Y147.909
G1 X39.119 Y147.599
G1 X38.861 Y147.342
G1 X38.557 Y147.151
G1 X37.924 Y146.994
G1 X37.489 Y147.063
G1 X37.162 Y147.271
G1 X36.958 Y147.593
G1 X36.889 Y148.004
G0 Z5.000 F500.000
G0 X38.574 Y147.649 F3000.000
G1 Z1.000 F500.000
G4 P100
G1 X38.689 Y148.054 F1000.000
G1 X39.014 Y148.209
G1 X39.157 Y148.169
G1 X39.194 Y148.059
G1 X39.177 Y147.594
G1 X39.244 Y147.549
G1 X39.357 Y147.624
G1 X40.194 Y149.261
G1 X40.494 Y149.339
G1 X40.774 Y149.264
G1 X40.864 Y149.019
G1 X40.888 Y147.650
G1 X41.049 Y147.519
G1 X41.227 Y147.604
G1 X41.759 Y148.134
G1 X41.862 Y148.074
G1 X41.899 Y147.909
G1 X41.804 Y147.599
G1 X41.517 Y147.286
G1 X41.217 Y147.081
G1 X40.814 Y146.994
G1 X40.562 Y147.052
G1 X40.394 Y147.226
G1 X40.301 Y147.518
G1 X40.289 Y148.384
G1 X40.059 Y147.795
G1 X39.787 Y147.359
G1 X39.474 Y147.089
G1 X39.119 Y146.999
G1 X38.892 Y147.045
G1 X38.719 Y147.184
G1 X38.574 Y147.649
G0 Z5.000 F500.000
G0 X41.479 Y148.059 F3000.000
G1 Z1.000 F500.000
G4 P100
G1 X41.624 Y148.701 F1000.000
G1 X41.798 Y148.968
G1 X42.301 Y149.305
G1 X42.609 Y149.349
G1 X42.871 Y149.305
G1 X43.074 Y149.176
G1 X43.206 Y148.973
G1 X43.249 Y148.709
G1 X43.188 Y148.388
G1 X43.002 Y148.116
G1 X42.669 Y147.894
G1 X42.164 Y147.724
G1 X42.346 Y147.551
G1 X42.639 Y147.494
G1 X43.152 Y147.651
G1 X43.784 Y148.134
G1 X43.887 Y148.074
G1 X43.924 Y147.909
G1 X43.829 Y147.599
G1 X43.307 Y147.184
G1 X42.584 Y146.994
G1 X42.118 Y147.065
G1 X41.769 Y147.279
G1 X41.552 Y147.616
G1 X41.479 Y148.059
G0 Z5.000 F500.000
G0 X42.084 Y148.124 F3000.000
G1 Z1.000 F500.000
G4 P100
G1 X42.549 Y148.324 F1000.000
G1 X42.677 Y148.475
G1 X42.667 Y148.801
G1 X42.524 Y148.859
G1 X42.354 Y148.805
G1 X42.212 Y148.644
G1 X42.084 Y148.124
G0 Z5.000 F500.000
G0 X43.501 Y148.198 F3000.000
G1 Z1.000 F500.000
G4 P100
G1 X43.855 Y148.889 F1000.000
G1 X44.132 Y149.141
G1 X44.449 Y149.304
G1 X44.784 Y149.359
G1 X44.932 Y149.316
G1 X44.994 Y149.164
G1 X45.392 Y149.146
G1 X45.444 Y148.999
G1 X45.224 Y147.554
G1 X45.964 Y148.084
G1 X46.079 Y148.124
G1 X46.182 Y148.061
G1 X46.219 Y147.904
G1 X46.074 Y147.609
G1 X45.124 Y146.964
G1 X44.905 Y146.039
G1 X44.627 Y145.336
G1 X44.278 Y144.892
G1 X43.844 Y144.744
G1 X43.613 Y144.783
G1 X43.309 Y145.083
G1 X43.269 Y145.314
G1 X43.339 Y145.682
G1 X43.549 Y146.076
G1 X43.952 Y146.530
G1 X44.599 Y147.079
G1 X44.629 Y147.274
G1 X44.407 Y147.066
G1 X44.134 Y146.994
G1 X43.856 Y147.050
G1 X43.639 Y147.219
G1 X43.501 Y147.479
G1 X43.501 Y148.198
G0 Z5.000 F500.000
G0 X44.079 Y147.804 F3000.000
G1 Z1.000 F500.000
G4 P100
G1 X44.142 Y147.574 F1000.000
G1 X44.314 Y147.499
G1 X44.534 Y147.639
G1 X44.844 Y148.894
G1 X44.464 Y148.736
G1 X44.184 Y148.334
G1 X44.079 Y147.804
G0 Z5.000 F500.000
G0 X44.484 Y146.484 F3000.000
G1 Z1.000 F500.000
G4 P100
G1 X43.929 Y145.889 F1000.000
G1 X43.759 Y145.424
G1 X43.792 Y145.284
G1 X43.899 Y145.229
G1 X44.033 Y145.304
G1 X44.182 Y145.529
G1 X44.484 Y146.484
G0 Z5.000 F500.000
G0 X45.654 Y145.314 F3000.000
G1 Z1.000 F500.000
G4 P100
G1 X45.762 Y145.794 F1000.000
G1 X46.162 Y146.356
G1 X46.989 Y147.084
G1 X47.084 Y147.729
G1 X46.804 Y147.181
G1 X46.619 Y147.040
G1 X46.220 Y147.045
G1 X46.057 Y147.201
G1 X45.914 Y147.719
G1 X45.964 Y148.406
G1 X46.129 Y149.069
G1 X46.269 Y149.284
G1 X46.554 Y149.349
G1 X46.707 Y149.314
G1 X46.749 Y149.209
G1 X46.514 Y147.904
G1 X46.619 Y147.714
G1 X46.807 Y147.864
G1 X47.047 Y148.319
G1 X47.417 Y149.284
G1 X47.824 Y149.319
G1 X47.869 Y149.219
G1 X47.609 Y147.554
G1 X48.474 Y148.124
G1 X48.577 Y148.061
G1 X48.579 Y147.724
G1 X47.509 Y146.964
G1 X47.290 Y146.039
G1 X47.012 Y145.336
G1 X46.663 Y144.892
G1 X46.229 Y144.744
G1 X45.998 Y144.783
G1 X45.694 Y145.083
G1 X45.654 Y145.314
G0 Z5.000 F500.000
G0 X46.177 Y145.284 F3000.000
G1 Z1.000 F500.000
G4 P100
G1 X46.284 Y145.229 F1000.000
G1 X46.417 Y145.301
G1 X46.564 Y145.519
G1 X46.874 Y146.484
G1 X46.317 Y145.891
G1 X46.144 Y145.424
G1 X46.177 Y145.284
G0 Z5.000 F500.000
G0 X48.503 Y147.044 F3000.000
G1 Z1.000 F500.000
G4 P100
G1 X48.397 Y147.194 F1000.000
G1 X48.319 Y147.834
G1 X48.366 Y148.467
G1 X48.504 Y149.069
G1 X48.652 Y149.281
G1 X48.939 Y149.349
G1 X49.079 Y149.324
G1 X49.119 Y149.229
G1 X48.969 Y148.469
G1 X49.414 Y148.469
G1 X49.564 Y148.832
G1 X49.804 Y149.114
G1 X50.113 Y149.294
G1 X50.469 Y149.354
G1 X50.813 Y149.288
G1 X51.082 Y149.091
G1 X51.266 Y148.798
G1 X51.354 Y148.444
G1 X51.984 Y148.554
G1 X52.084 Y148.489
G1 X52.083 Y148.132
G1 X51.974 Y148.039
G1 X51.314 Y147.919
G1 X51.173 Y147.540
G1 X50.939 Y147.246
G1 X50.641 Y147.057
G1 X50.304 Y146.994
G1 X49.812 Y147.126
G1 X49.492 Y147.476
G1 X49.364 Y147.959
G1 X48.909 Y147.959
G1 X48.829 Y147.051
G1 X48.664 Y146.994
G1 X48.503 Y147.044
G0 Z5.000 F500.000
G0 X50.092 Y147.669 F3000.000
G1 Z1.000 F500.000
G4 P100
G1 X50.344 Y147.524 F1000.000
G1 X50.622 Y147.654
G1 X50.779 Y148.029
G1 X50.542 Y148.304
G1 X50.474 Y148.824
G1 X50.273 Y148.775
G1 X50.117 Y148.631
G1 X50.018 Y148.399
G1 X49.984 Y148.089
G1 X50.092 Y147.669
G0 Z5.000 F500.000
G0 X51.689 Y147.719 F3000.000
G1 Z1.000 F500.000
G4 P100
G1 X51.739 Y148.406 F1000.000
G1 X51.904 Y149.069
G1 X52.044 Y149.284
G1 X52.329 Y149.349
G1 X52.482 Y149.314
G1 X52.524 Y149.209
G1 X52.289 Y147.904
G1 X52.394 Y147.714
G1 X52.558 Y147.807
G1 X52.717 Y148.086
G1 X53.164 Y149.271
G1 X53.564 Y149.281
G1 X53.614 Y149.134
G1 X53.444 Y147.904
G1 X53.549 Y147.714
G1 X53.737 Y147.864
G1 X53.977 Y148.319
G1 X54.347 Y149.284
G1 X54.594 Y149.349
G1 X54.754 Y149.321
G1 X54.799 Y149.219
G1 X54.574 Y148.114
G1 X54.554 Y147.666
G1 X54.777 Y147.604
G1 X54.789 Y147.464
G1 X55.484 Y147.899
G1 X55.587 Y147.839
G1 X55.624 Y147.679
G1 X55.479 Y147.399
G1 X54.759 Y146.949
G1 X54.479 Y146.031
G1 X54.264 Y145.739
G1 X54.002 Y145.559
G1 X53.704 Y145.499
G1 X53.357 Y145.639
G1 X53.219 Y145.989
G1 X53.307 Y146.331
G1 X53.627 Y146.694
G1 X54.284 Y147.149
G1 X54.057 Y147.326
G1 X53.974 Y147.699
G1 X53.719 Y147.176
G1 X53.543 Y147.039
G1 X53.354 Y146.994
G1 X53.013 Y147.129
G1 X52.914 Y147.734
G1 X52.594 Y147.184
G1 X52.199 Y146.994
G1 X51.995 Y147.045
G1 X51.832 Y147.201
G1 X51.689 Y147.719
G0 Z5.000 F500.000
G0 X53.834 Y146.362 F3000.000
G1 Z1.000 F500.000
G4 P100
G1 X53.704 Y146.079 F1000.000
G1 X53.809 Y145.969
G1 X54.042 Y146.144
G1 X54.224 Y146.664
G1 X53.834 Y146.362
G0 Z5.000 F500.000
G0 X55.492 Y147.201 F3000.000
G1 Z1.000 F500.000
G4 P100
G1 X55.349 Y147.719 F1000.000
G1 X55.399 Y148.406
G1 X55.564 Y149.069
G1 X55.704 Y149.284
G1 X55.989 Y149.349
G1 X56.142 Y149.314
G1 X56.184 Y149.209
G1 X55.949 Y147.904
G1 X56.054 Y147.714
G1 X56.242 Y147.864
G1 X56.482 Y148.319
G1 X56.852 Y149.284
G1 X57.259 Y149.321
G1 X57.304 Y149.219
G1 X57.039 Y147.744
G1 X57.079 Y147.596
G1 X57.184 Y147.544
G1 X57.422 Y147.666
G1 X57.924 Y148.134
G1 X58.027 Y148.074
G1 X58.064 Y147.909
G1 X57.969 Y147.599
G1 X57.507 Y147.164
G1 X57.243 Y147.036
G1 X56.736 Y147.040
G1 X56.592 Y147.179
G1 X56.479 Y147.699
G1 X56.224 Y147.176
G1 X56.048 Y147.039
G1 X55.655 Y147.045
G1 X55.492 Y147.201
G0 Z5.000 F500.000
G0 X57.657 Y147.616 F3000.000
G1 Z1.000 F500.000
G4 P100
G1 X57.584 Y148.059 F1000.000
G1 X57.729 Y148.701
G1 X58.132 Y149.174
G1 X58.714 Y149.349
G1 X58.976 Y149.305
G1 X59.179 Y149.176
G1 X59.311 Y148.973
G1 X59.354 Y148.709
G1 X59.293 Y148.388
G1 X59.107 Y148.116
G1 X58.774 Y147.894
G1 X58.269 Y147.724
G1 X58.451 Y147.551
G1 X58.744 Y147.494
G1 X59.257 Y147.651
G1 X59.889 Y148.134
G1 X59.992 Y148.074
G1 X60.029 Y147.909
G1 X59.934 Y147.599
G1 X59.412 Y147.184
G1 X58.689 Y146.994
G1 X58.223 Y147.065
G1 X57.874 Y147.279
G1 X57.657 Y147.616
G0 Z5.000 F500.000
G0 X58.189 Y148.124 F3000.000
G1 Z1.000 F500.000
G4 P100
G1 X58.654 Y148.324 F1000.000
G1 X58.782 Y148.475
G1 X58.772 Y148.801
G1 X58.629 Y148.859
G1 X58.459 Y148.805
G1 X58.317 Y148.644
G1 X58.189 Y148.124
G0 Z5.000 F500.000
G0 X60.909 Y148.384 F3000.000
G1 Z1.000 F500.000
G4 P100
G1 X61.029 Y148.714 F1000.000
G1 X61.444 Y149.184
G1 X61.706 Y149.307
G1 X62.224 Y149.308
G1 X62.521 Y149.000
G1 X62.559 Y148.769
G1 X62.467 Y148.414
G1 X62.224 Y148.269
G1 X62.072 Y148.314
G1 X62.032 Y148.824
G1 X61.939 Y148.859
G1 X61.724 Y148.756
G1 X61.564 Y148.479
G1 X61.504 Y148.094
G1 X61.631 Y147.659
G1 X62.009 Y147.514
G1 X62.452 Y147.651
G1 X63.054 Y148.134
G1 X63.157 Y148.074
G1 X63.194 Y147.909
G1 X63.099 Y147.599
G1 X62.537 Y147.151
G1 X61.904 Y146.994
G1 X61.469 Y147.063
G1 X61.142 Y147.271
G1 X60.938 Y147.593
G1 X60.869 Y148.004
G1 X60.909 Y148.384
G0 Z5.000 F500.000
G0 X62.799 Y147.834 F3000.000
G1 Z1.000 F500.000
G4 P100
G1 X62.984 Y149.069 F1000.000
G1 X63.132 Y149.281
G1 X63.419 Y149.349
G1 X63.559 Y149.324
G1 X63.599 Y149.229
G1 X63.394 Y148.154
G1 X63.717 Y148.814
G1 X64.102 Y149.216
G1 X64.474 Y149.349
G1 X64.722 Y149.269
G1 X64.794 Y149.024
G1 X64.644 Y148.174
G1 X64.908 Y148.705
G1 X65.199 Y149.069
G1 X65.494 Y149.279
G1 X65.769 Y149.349
G1 X66.013 Y149.267
G1 X66.094 Y149.024
G1 X65.889 Y147.744
G1 X65.926 Y147.594
G1 X66.034 Y147.544
G1 X66.272 Y147.666
G1 X66.774 Y148.134
G1 X66.877 Y148.074
G1 X66.914 Y147.909
G1 X66.819 Y147.599
G1 X66.357 Y147.164
G1 X65.794 Y146.994
G1 X65.571 Y147.030
G1 X65.312 Y147.322
G1 X65.279 Y147.569
G1 X65.414 Y148.504
G1 X65.359 Y148.584
G1 X65.174 Y148.416
G1 X64.934 Y147.974
G1 X64.612 Y147.074
G1 X64.379 Y146.994
G1 X64.132 Y147.151
G1 X64.049 Y147.534
G1 X64.139 Y148.504
G1 X64.084 Y148.584
G1 X63.894 Y148.404
G1 X63.672 Y147.944
G1 X63.372 Y147.076
G1 X63.144 Y146.994
G1 X62.983 Y147.044
G1 X62.877 Y147.194
G1 X62.799 Y147.834
G0 Z5.000 F500.000
G0 X65.899 Y146.611 F3000.000
G1 Z1.000 F500.000
G4 P100
G1 X66.594 Y148.049 F1000.000
G1 X66.584 Y149.064
G1 X66.699 Y149.294
G1 X66.999 Y149.379
G1 X67.152 Y149.336
G1 X67.209 Y148.984
G1 X67.524 Y149.271
G1 X67.854 Y149.359
G1 X68.109 Y149.302
G1 X68.312 Y149.134
G1 X68.445 Y148.874
G1 X68.489 Y148.544
G1 X68.404 Y148.029
G1 X68.169 Y147.574
G1 X68.344 Y147.544
G1 X68.659 Y147.664
G1 X69.044 Y148.064
G1 X69.179 Y148.134
G1 X69.282 Y148.074
G1 X69.319 Y147.909
G1 X69.224 Y147.599
G1 X68.762 Y147.164
G1 X68.199 Y146.994
G1 X67.959 Y147.041
G1 X67.769 Y147.184
G1 X67.174 Y146.994
G1 X67.068 Y146.108
G1 X66.879 Y145.381
G1 X66.596 Y144.895
G1 X66.414 Y144.774
G1 X65.969 Y144.782
G1 X65.804 Y144.929
G1 X65.707 Y145.161
G1 X65.731 Y145.999
G1 X65.899 Y146.611
G0 Z5.000 F500.000
G0 X66.119 Y145.554 F3000.000
G1 Z1.000 F500.000
G4 P100
G1 X66.157 Y145.309 F1000.000
G1 X66.244 Y145.224
G1 X66.368 Y145.370
G1 X66.469 Y145.811
G1 X66.584 Y147.274
G1 X66.244 Y146.319
G1 X66.119 Y145.554
G0 Z5.000 F500.000
G0 X67.199 Y147.474 F3000.000
G1 Z1.000 F500.000
G4 P100
G1 X67.532 Y147.671 F1000.000
G1 X67.774 Y148.061
G1 X67.864 Y148.549
G1 X67.804 Y148.776
G1 X67.644 Y148.854
G1 X67.446 Y148.759
G1 X67.209 Y148.474
G1 X67.199 Y147.474
G0 Z5.000 F500.000
G0 X68.839 Y148.044 F3000.000
G1 Z1.000 F500.000
G4 P100
G1 X68.984 Y148.721 F1000.000
G1 X69.157 Y148.986
G1 X69.653 Y149.312
G1 X69.949 Y149.354
G1 X70.293 Y149.288
G1 X70.562 Y149.091
G1 X70.746 Y148.798
G1 X70.834 Y148.444
G1 X71.464 Y148.554
G1 X71.564 Y148.489
G1 X71.599 Y148.324
G1 X71.563 Y148.132
G1 X71.454 Y148.039
G1 X70.794 Y147.919
G1 X70.653 Y147.540
G1 X70.419 Y147.246
G1 X70.121 Y147.057
G1 X69.784 Y146.994
G1 X69.272 Y147.139
G1 X68.949 Y147.524
G1 X68.839 Y148.044
G0 Z5.000 F500.000
G0 X69.572 Y147.669 F3000.000
G1 Z1.000 F500.000
G4 P100
G1 X69.824 Y147.524 F1000.000
G1 X70.102 Y147.654
G1 X70.259 Y148.029
G1 X70.022 Y148.304
G1 X69.954 Y148.824
G1 X69.753 Y148.775
G1 X69.597 Y148.631
G1 X69.498 Y148.399
G1 X69.464 Y148.089
G1 X69.572 Y147.669
G0 Z5.000 F500.000
G0 X71.179 Y147.834 F3000.000
G1 Z1.000 F500.000
G4 P100
G1 X71.364 Y149.069 F1000.000
G1 X71.512 Y149.281
G1 X71.799 Y149.349
G1 X71.939 Y149.324
G1 X71.979 Y149.229
G1 X71.764 Y148.049
G1 X71.968 Y148.649
G1 X72.219 Y149.049
G1 X72.523 Y149.274
G1 X72.884 Y149.349
G1 X73.292 Y149.186
G1 X73.439 Y148.769
G1 X73.347 Y148.414
G1 X73.104 Y148.269
G1 X72.952 Y148.314
G1 X72.894 Y148.439
G1 X72.912 Y148.825
G1 X72.814 Y148.859
G1 X72.619 Y148.756
G1 X72.467 Y148.481
G1 X72.409 Y148.109
G1 X72.534 Y147.676
G1 X72.894 Y147.514
G1 X73.224 Y147.636
G1 X73.759 Y148.134
G1 X73.862 Y148.074
G1 X73.899 Y147.909
G1 X73.804 Y147.599
G1 X73.354 Y147.161
G1 X72.844 Y146.994
G1 X72.417 Y147.096
G1 X72.104 Y147.344
G1 X71.949 Y147.624
G1 X71.747 Y147.069
G1 X71.524 Y146.994
G1 X71.363 Y147.044
G1 X71.257 Y147.194
G1 X71.179 Y147.834
G0 Z5.000 F500.000
G0 X73.530 Y147.434 F3000.000
G1 Z1.000 F500.000
G4 P100
G1 X73.544 Y148.406 F1000.000
G1 X73.709 Y149.069
G1 X73.849 Y149.284
G1 X74.134 Y149.349
G1 X74.287 Y149.314
G1 X74.329 Y149.209
G1 X74.119 Y147.756
G1 X74.199 Y147.714
G1 X74.387 Y147.864
G1 X74.997 Y149.284
G1 X75.244 Y149.349
G1 X75.404 Y149.321
G1 X75.449 Y149.219
G1 X75.184 Y147.744
G1 X75.224 Y147.596
G1 X75.329 Y147.544
G1 X75.567 Y147.666
G1 X76.069 Y148.134
G1 X76.172 Y148.074
G1 X76.209 Y147.909
G1 X76.114 Y147.599
G1 X75.652 Y147.164
G1 X75.388 Y147.036
G1 X74.881 Y147.040
G1 X74.737 Y147.179
G1 X74.624 Y147.699
G1 X74.369 Y147.176
G1 X74.004 Y146.994
G1 X73.800 Y147.045
G1 X73.530 Y147.434
G0 Z5.000 F500.000
G0 X77.064 Y147.809 F3000.000
G1 Z1.000 F500.000
G4 P100
G1 X77.111 Y148.198 F1000.000
G1 X77.465 Y148.889
G1 X78.059 Y149.304
G1 X78.394 Y149.359
G1 X78.542 Y149.316
G1 X78.604 Y149.164
G1 X79.002 Y149.146
G1 X79.054 Y148.999
G1 X78.834 Y147.554
G1 X79.574 Y148.084
G1 X79.689 Y148.124
G1 X79.792 Y148.061
G1 X79.829 Y147.904
G1 X79.684 Y147.609
G1 X78.734 Y146.964
G1 X78.515 Y146.039
G1 X78.237 Y145.336
G1 X77.888 Y144.892
G1 X77.454 Y144.744
G1 X77.223 Y144.783
G1 X76.919 Y145.083
G1 X76.879 Y145.314
G1 X76.949 Y145.682
G1 X77.159 Y146.076
G1 X77.562 Y146.530
G1 X78.209 Y147.079
G1 X78.239 Y147.274
G1 X78.017 Y147.066
G1 X77.744 Y146.994
G1 X77.466 Y147.050
G1 X77.249 Y147.219
G1 X77.111 Y147.479
G1 X77.064 Y147.809
G0 Z5.000 F500.000
G0 X77.752 Y147.574 F3000.000
G1 Z1.000 F500.000
G4 P100
G1 X77.924 Y147.499 F1000.000
G1 X78.144 Y147.639
G1 X78.454 Y148.894
G1 X78.074 Y148.736
G1 X77.794 Y148.334
G1 X77.689 Y147.804
G1 X77.752 Y147.574
G0 Z5.000 F500.000
G0 X78.094 Y146.484 F3000.000
G1 Z1.000 F500.000
G4 P100
G1 X77.539 Y145.889 F1000.000
G1 X77.369 Y145.424
G1 X77.402 Y145.284
G1 X77.509 Y145.229
G1 X77.643 Y145.304
G1 X77.792 Y145.529
G1 X78.094 Y146.484
G0 Z5.000 F500.000
G0 X79.882 Y147.139 F3000.000
G1 Z1.000 F500.000
G4 P100
G1 X79.559 Y147.524 F1000.000
G1 X79.449 Y148.044
G1 X79.594 Y148.721
G1 X79.994 Y149.186
G1 X80.559 Y149.354
G1 X80.903 Y149.288
G1 X81.172 Y149.091
G1 X81.356 Y148.798
G1 X81.444 Y148.444
G1 X82.074 Y148.554
G1 X82.174 Y148.489
G1 X82.173 Y148.132
G1 X82.064 Y148.039
G1 X81.404 Y147.919
G1 X81.263 Y147.540
G1 X81.029 Y147.246
G1 X80.731 Y147.057
G1 X80.394 Y146.994
G1 X79.882 Y147.139
G0 Z5.000 F500.000
G0 X80.434 Y147.524 F3000.000
G1 Z1.000 F500.000
G4 P100
G1 X80.712 Y147.654 F1000.000
G1 X80.869 Y148.029
G1 X80.632 Y148.304
G1 X80.564 Y148.824
G1 X80.363 Y148.775
G1 X80.207 Y148.631
G1 X80.074 Y148.089
G1 X80.182 Y147.669
G1 X80.434 Y147.524
G0 Z5.000 F500.000
G0 X81.544 Y147.649 F3000.000
G1 Z1.000 F500.000
G4 P100
G1 X81.659 Y148.054 F1000.000
G1 X81.984 Y148.209
G1 X82.127 Y148.169
G1 X82.164 Y148.059
G1 X82.147 Y147.594
G1 X82.214 Y147.549
G1 X82.327 Y147.624
G1 X83.164 Y149.261
G1 X83.464 Y149.339
G1 X83.744 Y149.264
G1 X83.834 Y149.019
G1 X83.858 Y147.650
G1 X84.019 Y147.519
G1 X84.197 Y147.604
G1 X84.729 Y148.134
G1 X84.832 Y148.074
G1 X84.869 Y147.909
G1 X84.774 Y147.599
G1 X84.487 Y147.286
G1 X84.187 Y147.081
G1 X83.784 Y146.994
G1 X83.532 Y147.052
G1 X83.364 Y147.226
G1 X83.271 Y147.518
G1 X83.259 Y148.384
G1 X83.029 Y147.795
G1 X82.757 Y147.359
G1 X82.444 Y147.089
G1 X82.089 Y146.999
G1 X81.862 Y147.045
G1 X81.689 Y147.184
G1 X81.544 Y147.649
G0 Z5.000 F500.000
G0 X84.369 Y147.584 F3000.000
G1 Z1.000 F500.000
G4 P100
G1 X84.484 Y147.989 F1000.000
G1 X84.809 Y148.144
G1 X84.944 Y148.110
G1 X84.989 Y148.009
G1 X84.997 Y147.566
G1 X85.094 Y147.529
G1 X85.277 Y147.641
G1 X85.422 Y147.949
G1 X85.479 Y148.379
G1 X85.434 Y148.681
G1 X85.324 Y148.804
G1 X85.244 Y148.776
G1 X85.114 Y148.556
G1 X84.939 Y148.509
G1 X84.764 Y148.586
G1 X84.699 Y148.824
G1 X84.862 Y149.221
G1 X85.269 Y149.369
G1 X85.672 Y149.181
G1 X85.954 Y148.609
G1 X86.039 Y149.114
G1 X86.169 Y149.299
G1 X86.564 Y149.319
G1 X86.604 Y149.219
G1 X86.404 Y148.049
G1 X86.704 Y148.816
G1 X87.052 Y149.224
G1 X87.499 Y149.349
G1 X87.731 Y149.308
G1 X88.018 Y149.000
G1 X88.054 Y148.769
G1 X87.962 Y148.414
G1 X87.719 Y148.269
G1 X87.567 Y148.314
G1 X87.527 Y148.825
G1 X87.429 Y148.859
G1 X87.234 Y148.756
G1 X87.082 Y148.481
G1 X87.024 Y148.109
G1 X87.149 Y147.676
G1 X87.509 Y147.514
G1 X87.839 Y147.636
G1 X88.374 Y148.134
G1 X88.477 Y148.074
G1 X88.514 Y147.909
G1 X88.419 Y147.599
G1 X87.969 Y147.161
G1 X87.459 Y146.994
G1 X87.029 Y147.114
G1 X86.724 Y147.416
G1 X86.574 Y147.784
G1 X86.414 Y147.164
G1 X86.312 Y147.034
G1 X86.159 Y146.994
G1 X85.989 Y147.079
G1 X85.939 Y147.349
G1 X86.049 Y148.229
G1 X85.772 Y147.584
G1 X85.452 Y147.169
G1 X85.231 Y147.041
G1 X84.718 Y147.039
G1 X84.409 Y147.345
G1 X84.369 Y147.584
G0 Z5.000 F500.000
G0 X88.119 Y147.834 F3000.000
G1 Z1.000 F500.000
G4 P100
G1 X88.304 Y149.069 F1000.000
G1 X88.449 Y149.281
G1 X88.739 Y149.349
G1 X88.879 Y149.324
G1 X88.919 Y149.229
G1 X88.769 Y148.469
G1 X89.409 Y148.469
G1 X89.677 Y149.284
G1 X90.084 Y149.321
G1 X90.129 Y149.219
G1 X89.864 Y147.744
G1 X89.904 Y147.596
G1 X90.009 Y147.544
G1 X90.247 Y147.666
G1 X90.749 Y148.134
G1 X90.852 Y148.074
G1 X90.889 Y147.909
G1 X90.794 Y147.599
G1 X90.322 Y147.164
G1 X89.769 Y146.994
G1 X89.548 Y147.034
G1 X89.404 Y147.154
G1 X89.299 Y147.634
G1 X89.324 Y147.959
G1 X88.714 Y147.969
G1 X88.689 Y147.234
G1 X88.629 Y147.051
G1 X88.464 Y146.994
G1 X88.303 Y147.044
G1 X88.197 Y147.194
G1 X88.119 Y147.834
G0 Z5.000 F500.000
G0 X90.569 Y147.551 F3000.000
G1 Z1.000 F500.000
G4 P100
G1 X90.504 Y147.924 F1000.000
G1 X90.549 Y148.494
G1 X90.689 Y149.069
G1 X90.837 Y149.281
G1 X91.134 Y149.349
G1 X91.303 Y149.319
G1 X91.359 Y149.229
G1 X91.179 Y148.419
G1 X91.502 Y148.641
G1 X91.884 Y148.729
G1 X92.264 Y148.591
G1 X92.434 Y148.204
G1 X93.087 Y149.289
G1 X93.324 Y149.349
G1 X93.516 Y149.306
G1 X93.579 Y149.179
G1 X93.364 Y147.854
G1 X93.404 Y147.624
G1 X93.539 Y147.544
G1 X93.764 Y147.669
G1 X94.259 Y148.134
G1 X94.362 Y148.074
G1 X94.399 Y147.909
G1 X94.304 Y147.599
G1 X93.826 Y147.145
G1 X93.379 Y146.994
G1 X93.099 Y147.051
G1 X92.907 Y147.224
G1 X92.796 Y147.491
G1 X92.759 Y147.909
G1 X92.152 Y147.244
G1 X91.811 Y147.056
G1 X91.454 Y146.994
G1 X91.064 Y147.059
G1 X90.762 Y147.254
G1 X90.569 Y147.551
G0 Z5.000 F500.000
G0 X91.239 Y147.614 F3000.000
G1 Z1.000 F500.000
G4 P100
G1 X91.499 Y147.524 F1000.000
G1 X91.809 Y147.634
G1 X91.919 Y147.939
G1 X91.848 Y148.137
G1 X91.634 Y148.204
G1 X91.337 Y148.109
G1 X91.134 Y147.889
G1 X91.239 Y147.614
G0 Z5.000 F500.000
G0 X95.239 Y148.004 F3000.000
G1 Z1.000 F500.000
G4 P100
G1 X95.279 Y148.384 F1000.000
G1 X95.583 Y148.984
G1 X95.814 Y149.184
G1 X96.349 Y149.349
G1 X96.777 Y149.186
G1 X96.929 Y148.769
G1 X96.837 Y148.414
G1 X96.594 Y148.269
G1 X96.442 Y148.314
G1 X96.384 Y148.439
G1 X96.402 Y148.824
G1 X96.309 Y148.859
G1 X96.094 Y148.756
G1 X95.934 Y148.479
G1 X95.874 Y148.094
G1 X96.001 Y147.659
G1 X96.379 Y147.514
G1 X96.822 Y147.651
G1 X97.424 Y148.134
G1 X97.527 Y148.074
G1 X97.564 Y147.909
G1 X97.469 Y147.599
G1 X97.211 Y147.342
G1 X96.907 Y147.151
G1 X96.274 Y146.994
G1 X95.839 Y147.063
G1 X95.512 Y147.271
G1 X95.308 Y147.593
G1 X95.239 Y148.004
G0 Z5.000 F500.000
G0 X97.084 Y148.044 F3000.000
G1 Z1.000 F500.000
G4 P100
G1 X97.229 Y148.721 F1000.000
G1 X97.402 Y148.986
G1 X97.898 Y149.312
G1 X98.194 Y149.354
G1 X98.538 Y149.288
G1 X98.807 Y149.091
G1 X98.991 Y148.798
G1 X99.079 Y148.444
G1 X99.709 Y148.554
G1 X99.809 Y148.489
G1 X99.844 Y148.324
G1 X99.808 Y148.132
G1 X99.699 Y148.039
G1 X99.039 Y147.919
G1 X98.898 Y147.540
G1 X98.664 Y147.246
G1 X98.366 Y147.057
G1 X98.029 Y146.994
G1 X97.517 Y147.139
G1 X97.194 Y147.524
G1 X97.084 Y148.044
G0 Z5.000 F500.000
G0 X97.817 Y147.669 F3000.000
G1 Z1.000 F500.000
G4 P100
G1 X98.069 Y147.524 F1000.000
G1 X98.347 Y147.654
G1 X98.504 Y148.029
G1 X98.267 Y148.304
G1 X98.199 Y148.824
G1 X97.998 Y148.775
G1 X97.842 Y148.631
G1 X97.743 Y148.399
G1 X97.709 Y148.089
G1 X97.817 Y147.669
G0 Z5.000 F500.000
G0 X99.259 Y147.584 F3000.000
G1 Z1.000 F500.000
G4 P100
G1 X99.374 Y147.989 F1000.000
G1 X99.699 Y148.144
G1 X99.834 Y148.110
G1 X99.879 Y148.009
G1 X99.887 Y147.566
G1 X99.984 Y147.529
G1 X100.167 Y147.641
G1 X100.312 Y147.949
G1 X100.369 Y148.379
G1 X100.324 Y148.681
G1 X100.214 Y148.804
G1 X100.134 Y148.776
G1 X100.004 Y148.556
G1 X99.829 Y148.509
G1 X99.654 Y148.586
G1 X99.589 Y148.824
G1 X99.744 Y149.224
G1 X100.144 Y149.369
G1 X100.524 Y149.266
G1 X100.784 Y148.969
G1 X101.122 Y149.269
G1 X101.489 Y149.369
G1 X101.787 Y149.279
G1 X101.889 Y148.989
G1 X101.804 Y148.636
G1 X101.599 Y148.509
G1 X101.449 Y148.554
G1 X101.289 Y148.804
G1 X101.162 Y148.691
G1 X100.999 Y148.009
G1 X101.112 Y147.646
G1 X101.419 Y147.519
G1 X101.787 Y147.651
G1 X102.324 Y148.134
G1 X102.427 Y148.074
G1 X102.464 Y147.909
G1 X102.369 Y147.599
G1 X101.887 Y147.166
G1 X101.294 Y146.994
G1 X100.842 Y147.089
G1 X100.529 Y147.359
G1 X100.218 Y147.089
G1 X99.854 Y146.999
G1 X99.608 Y147.039
G1 X99.299 Y147.345
G1 X99.259 Y147.584
G0 Z5.000 F500.000
G0 X101.449 Y146.611 F3000.000
G1 Z1.000 F500.000
G4 P100
G1 X102.144 Y148.049 F1000.000
G1 X102.134 Y149.064
G1 X102.249 Y149.294
G1 X102.549 Y149.379
G1 X102.702 Y149.336
G1 X102.759 Y148.984
G1 X103.074 Y149.271
G1 X103.404 Y149.359
G1 X103.659 Y149.302
G1 X103.862 Y149.134
G1 X103.995 Y148.874
G1 X104.039 Y148.544
G1 X103.954 Y148.029
G1 X103.719 Y147.574
G1 X103.894 Y147.544
G1 X104.209 Y147.664
G1 X104.594 Y148.064
G1 X104.729 Y148.134
G1 X104.832 Y148.074
G1 X104.869 Y147.909
G1 X104.774 Y147.599
G1 X104.312 Y147.164
G1 X103.749 Y146.994
G1 X103.509 Y147.041
G1 X103.319 Y147.184
G1 X102.724 Y146.994
G1 X102.618 Y146.108
G1 X102.429 Y145.381
G1 X102.146 Y144.895
G1 X101.964 Y144.774
G1 X101.519 Y144.782
G1 X101.354 Y144.929
G1 X101.257 Y145.161
G1 X101.281 Y145.999
G1 X101.449 Y146.611
G0 Z5.000 F500.000
G0 X101.669 Y145.554 F3000.000
G1 Z1.000 F500.000
G4 P100
G1 X101.707 Y145.309 F1000.000
G1 X101.794 Y145.224
G1 X101.918 Y145.370
G1 X102.019 Y145.811
G1 X102.134 Y147.274
G1 X101.794 Y146.319
G1 X101.669 Y145.554
G0 Z5.000 F500.000
G0 X102.749 Y147.474 F3000.000
G1 Z1.000 F500.000
G4 P100
G1 X103.082 Y147.671 F1000.000
G1 X103.324 Y148.061
G1 X103.414 Y148.549
G1 X103.354 Y148.776
G1 X103.194 Y148.854
G1 X102.996 Y148.759
G1 X102.759 Y148.474
G1 X102.749 Y147.474
G0 Z5.000 F500.000
G0 X104.399 Y147.809 F3000.000
G1 Z1.000 F500.000
G4 P100
G1 X104.446 Y148.198 F1000.000
G1 X104.800 Y148.889
G1 X105.394 Y149.304
G1 X105.729 Y149.359
G1 X105.877 Y149.316
G1 X105.939 Y149.164
G1 X106.343 Y149.140
G1 X106.404 Y149.009
G1 X106.214 Y147.709
G1 X106.252 Y147.589
G1 X106.349 Y147.544
G1 X106.579 Y147.666
G1 X107.079 Y148.134
G1 X107.182 Y148.074
G1 X107.219 Y147.909
G1 X107.124 Y147.599
G1 X106.689 Y147.169
G1 X106.244 Y146.994
G1 X105.942 Y147.106
G1 X105.734 Y147.414
G1 X105.441 Y147.099
G1 X105.079 Y146.994
G1 X104.801 Y147.050
G1 X104.584 Y147.219
G1 X104.446 Y147.479
G1 X104.399 Y147.809
G0 Z5.000 F500.000
G0 X105.087 Y147.574 F3000.000
G1 Z1.000 F500.000
G4 P100
G1 X105.259 Y147.499 F1000.000
G1 X105.469 Y147.629
G1 X105.614 Y147.974
G1 X105.799 Y148.894
G1 X105.412 Y148.736
G1 X105.129 Y148.334
G1 X105.024 Y147.804
G1 X105.087 Y147.574
G0 Z5.000 F500.000
G0 X106.824 Y147.834 F3000.000
G1 Z1.000 F500.000
G4 P100
G1 X107.009 Y149.069 F1000.000
G1 X107.154 Y149.281
G1 X107.444 Y149.349
G1 X107.584 Y149.324
G1 X107.624 Y149.229
G1 X107.474 Y148.469
G1 X108.114 Y148.469
G1 X108.382 Y149.284
G1 X108.789 Y149.321
G1 X108.834 Y149.219
G1 X108.569 Y147.744
G1 X108.609 Y147.596
G1 X108.714 Y147.544
G1 X108.952 Y147.666
G1 X109.454 Y148.134
G1 X109.557 Y148.074
G1 X109.594 Y147.909
G1 X109.499 Y147.599
G1 X109.027 Y147.164
G1 X108.474 Y146.994
G1 X108.253 Y147.034
G1 X108.109 Y147.154
G1 X108.004 Y147.634
G1 X108.029 Y147.959
G1 X107.419 Y147.969
G1 X107.394 Y147.234
G1 X107.334 Y147.051
G1 X107.169 Y146.994
G1 X107.008 Y147.044
G1 X106.902 Y147.194
G1 X106.824 Y147.834
G0 Z5.000 F500.000
G0 X108.954 Y147.649 F3000.000
G1 Z1.000 F500.000
G4 P100
G1 X109.072 Y148.059 F1000.000
G1 X109.394 Y148.209
G1 X109.529 Y148.172
G1 X109.574 Y148.064
G1 X109.624 Y147.609
G1 X109.814 Y147.504
G1 X110.129 Y147.601
G1 X110.444 Y147.879
G1 X110.110 Y147.926
G1 X109.902 Y148.069
G1 X109.769 Y148.291
G1 X109.724 Y148.579
G1 X109.778 Y148.907
G1 X109.939 Y149.151
G1 X110.197 Y149.303
G1 X110.539 Y149.354
G1 X111.094 Y149.269
G1 X111.324 Y149.344
G1 X111.482 Y149.296
G1 X111.529 Y149.169
G1 X111.324 Y148.174
G1 X111.322 Y147.596
G1 X111.429 Y147.544
G1 X111.659 Y147.659
G1 X112.169 Y148.134
G1 X112.272 Y148.074
G1 X112.309 Y147.909
G1 X112.214 Y147.599
G1 X111.714 Y147.144
G1 X111.239 Y146.994
G1 X110.924 Y147.139
G1 X110.814 Y147.554
G1 X110.844 Y147.869
G1 X110.308 Y147.212
G1 X109.994 Y147.048
G1 X109.649 Y146.994
G1 X109.369 Y147.039
G1 X109.147 Y147.174
G1 X109.003 Y147.382
G1 X108.954 Y147.649
G0 Z5.000 F500.000
G0 X110.332 Y148.349 F3000.000
G1 Z1.000 F500.000
G4 P100
G1 X110.709 Y148.264 F1000.000
G1 X110.979 Y148.894
G1 X110.659 Y148.949
G1 X110.349 Y148.854
G1 X110.239 Y148.584
G1 X110.332 Y148.349
G0 Z5.000 F500.000
G0 X111.961 Y148.467 F3000.000
G1 Z1.000 F500.000
G4 P100
G1 X112.099 Y149.069 F1000.000
G1 X112.247 Y149.281
G1 X112.534 Y149.349
G1 X112.674 Y149.324
G1 X112.714 Y149.229
G1 X112.509 Y148.154
G1 X112.832 Y148.814
G1 X113.217 Y149.216
G1 X113.589 Y149.349
G1 X113.837 Y149.269
G1 X113.909 Y149.024
G1 X113.759 Y148.174
G1 X114.023 Y148.705
G1 X114.314 Y149.069
G1 X114.609 Y149.279
G1 X114.884 Y149.349
G1 X115.128 Y149.267
G1 X115.209 Y149.024
G1 X115.004 Y147.744
G1 X115.041 Y147.594
G1 X115.149 Y147.544
G1 X115.387 Y147.666
G1 X115.889 Y148.134
G1 X115.992 Y148.074
G1 X116.029 Y147.909
G1 X115.934 Y147.599
G1 X115.472 Y147.164
G1 X115.208 Y147.036
G1 X114.686 Y147.030
G1 X114.427 Y147.322
G1 X114.394 Y147.569
G1 X114.529 Y148.504
G1 X114.474 Y148.584
G1 X114.289 Y148.416
G1 X114.049 Y147.974
G1 X113.727 Y147.074
G1 X113.494 Y146.994
G1 X113.247 Y147.151
G1 X113.164 Y147.534
G1 X113.254 Y148.504
G1 X113.199 Y148.584
G1 X113.009 Y148.404
G1 X112.787 Y147.944
G1 X112.487 Y147.076
G1 X112.259 Y146.994
G1 X112.098 Y147.044
G1 X111.992 Y147.194
G1 X111.914 Y147.834
G1 X111.961 Y148.467
G0 Z5.000 F500.000
G0 X115.644 Y147.924 F3000.000
G1 Z1.000 F500.000
G4 P100
G1 X115.829 Y149.069 F1000.000
G1 X115.977 Y149.281
G1 X116.274 Y149.349
G1 X116.443 Y149.319
G1 X116.499 Y149.229
G1 X116.319 Y148.419
G1 X116.642 Y148.641
G1 X117.024 Y148.729
G1 X117.298 Y148.679
G1 X117.507 Y148.529
G1 X117.640 Y148.301
G1 X117.684 Y148.019
G1 X117.569 Y147.549
G1 X117.954 Y147.664
G1 X118.474 Y148.134
G1 X118.577 Y148.074
G1 X118.614 Y147.909
G1 X118.519 Y147.599
G1 X118.047 Y147.164
G1 X117.788 Y147.036
G1 X117.494 Y146.994
G1 X117.134 Y147.114
G1 X116.614 Y146.994
G1 X116.209 Y147.058
G1 X115.902 Y147.251
G1 X115.709 Y147.548
G1 X115.644 Y147.924
G0 Z5.000 F500.000
G0 X116.274 Y147.894 F3000.000
G1 Z1.000 F500.000
G4 P100
G1 X116.379 Y147.619 F1000.000
G1 X116.639 Y147.524
G1 X116.949 Y147.634
G1 X117.059 Y147.939
G1 X116.988 Y148.137
G1 X116.774 Y148.204
G1 X116.482 Y148.109
G1 X116.274 Y147.894
G0 Z5.000 F500.000
G0 X119.459 Y148.044 F3000.000
G1 Z1.000 F500.000
G4 P100
G1 X119.604 Y148.721 F1000.000
G1 X119.777 Y148.986
G1 X120.273 Y149.312
G1 X120.569 Y149.354
G1 X120.913 Y149.288
G1 X121.182 Y149.091
G1 X121.366 Y148.798
G1 X121.454 Y148.444
G1 X122.084 Y148.554
G1 X122.184 Y148.489
G1 X122.219 Y148.324
G1 X122.183 Y148.132
G1 X122.074 Y148.039
G1 X121.414 Y147.919
G1 X121.273 Y147.540
G1 X121.039 Y147.246
G1 X120.741 Y147.057
G1 X120.404 Y146.994
G1 X119.892 Y147.139
G1 X119.569 Y147.524
G1 X119.459 Y148.044
G0 Z5.000 F500.000
G0 X120.192 Y147.669 F3000.000
G1 Z1.000 F500.000
G4 P100
G1 X120.444 Y147.524 F1000.000
G1 X120.722 Y147.654
G1 X120.879 Y148.029
G1 X120.642 Y148.304
G1 X120.574 Y148.824
G1 X120.373 Y148.775
G1 X120.217 Y148.631
G1 X120.118 Y148.399
G1 X120.084 Y148.089
G1 X120.192 Y147.669
G0 Z5.000 F500.000
G0 X121.744 Y147.984 F3000.000
G1 Z1.000 F500.000
G4 P100
G1 X121.882 Y148.656 F1000.000
G1 X122.254 Y149.121
G1 X122.774 Y149.289
G1 X123.034 Y149.234
G1 X122.199 Y150.316
G1 X122.129 Y150.634
G1 X122.259 Y151.001
G1 X122.579 Y151.209
G1 X123.749 Y151.559
G1 X123.862 Y151.469
G1 X123.904 Y151.259
G1 X123.809 Y151.009
G1 X122.817 Y150.741
G1 X122.709 Y150.579
G1 X123.662 Y149.231
G1 X123.764 Y148.439
G1 X124.449 Y148.554
G1 X124.549 Y148.489
G1 X124.549 Y148.131
G1 X124.439 Y148.039
G1 X123.679 Y147.914
G1 X123.513 Y147.521
G1 X123.272 Y147.234
G1 X122.969 Y147.057
G1 X122.614 Y146.999
G1 X122.249 Y147.059
G1 X121.974 Y147.241
G1 X121.802 Y147.548
G1 X121.744 Y147.984
G0 Z5.000 F500.000
G0 X122.427 Y147.644 F3000.000
G1 Z1.000 F500.000
G4 P100
G1 X122.614 Y147.524 F1000.000
G1 X122.902 Y147.696
G1 X123.114 Y148.144
G1 X122.972 Y148.384
G1 X122.934 Y148.799
G1 X122.607 Y148.699
G1 X122.434 Y148.406
G1 X122.369 Y147.984
G1 X122.427 Y147.644
G0 Z5.000 F500.000
G0 X124.154 Y147.719 F3000.000
G1 Z1.000 F500.000
G4 P100
G1 X124.204 Y148.406 F1000.000
G1 X124.369 Y149.069
G1 X124.509 Y149.284
G1 X124.794 Y149.349
G1 X124.947 Y149.314
G1 X124.989 Y149.209
G1 X124.754 Y147.904
G1 X124.859 Y147.714
G1 X125.023 Y147.807
G1 X125.182 Y148.086
G1 X125.629 Y149.271
G1 X126.029 Y149.281
G1 X126.079 Y149.134
G1 X125.909 Y147.904
G1 X126.014 Y147.714
G1 X126.202 Y147.864
G1 X126.442 Y148.319
G1 X126.812 Y149.284
G1 X127.059 Y149.349
G1 X127.219 Y149.321
G1 X127.264 Y149.219
G1 X127.039 Y148.114
G1 X127.019 Y147.666
G1 X127.242 Y147.604
G1 X127.254 Y147.464
G1 X127.949 Y147.899
G1 X128.052 Y147.839
G1 X128.089 Y147.679
G1 X127.944 Y147.399
G1 X127.224 Y146.949
G1 X126.944 Y146.031
G1 X126.729 Y145.739
G1 X126.467 Y145.559
G1 X126.169 Y145.499
G1 X125.822 Y145.639
G1 X125.684 Y145.989
G1 X125.772 Y146.331
G1 X126.092 Y146.694
G1 X126.749 Y147.149
G1 X126.522 Y147.326
G1 X126.439 Y147.699
G1 X126.184 Y147.176
G1 X126.008 Y147.039
G1 X125.819 Y146.994
G1 X125.478 Y147.129
G1 X125.379 Y147.734
G1 X125.059 Y147.184
G1 X124.664 Y146.994
G1 X124.460 Y147.045
G1 X124.297 Y147.201
G1 X124.154 Y147.719
G0 Z5.000 F500.000
G0 X126.299 Y146.362 F3000.000
G1 Z1.000 F500.000
G4 P100
G1 X126.169 Y146.079 F1000.000
G1 X126.274 Y145.969
G1 X126.507 Y146.144
G1 X126.689 Y146.664
G1 X126.299 Y146.362
G0 Z5.000 F500.000
G0 X127.957 Y147.201 F3000.000
G1 Z1.000 F500.000
G4 P100
G1 X127.814 Y147.719 F1000.000
G1 X127.864 Y148.406
G1 X128.029 Y149.069
G1 X128.169 Y149.284
G1 X128.454 Y149.349
G1 X128.607 Y149.314
G1 X128.649 Y149.209
G1 X128.414 Y147.904
G1 X128.519 Y147.714
G1 X128.707 Y147.864
G1 X128.947 Y148.319
G1 X129.317 Y149.284
G1 X129.724 Y149.321
G1 X129.769 Y149.219
G1 X129.504 Y147.744
G1 X129.544 Y147.596
G1 X129.649 Y147.544
G1 X129.887 Y147.666
G1 X130.389 Y148.134
G1 X130.492 Y148.074
G1 X130.529 Y147.909
G1 X130.434 Y147.599
G1 X129.972 Y147.164
G1 X129.708 Y147.036
G1 X129.201 Y147.040
G1 X129.057 Y147.179
G1 X128.944 Y147.699
G1 X128.689 Y147.176
G1 X128.513 Y147.039
G1 X128.120 Y147.045
G1 X127.957 Y147.201
G0 Z5.000 F500.000
G0 X130.160 Y147.434 F3000.000
G1 Z1.000 F500.000
G4 P100
G1 X130.174 Y148.406 F1000.000
G1 X130.339 Y149.069
G1 X130.479 Y149.284
G1 X130.764 Y149.349
G1 X130.917 Y149.314
G1 X130.959 Y149.209
G1 X130.749 Y147.756
G1 X130.829 Y147.714
G1 X131.017 Y147.864
G1 X131.627 Y149.284
G1 X131.874 Y149.349
G1 X132.034 Y149.321
G1 X132.079 Y149.219
G1 X131.814 Y147.744
G1 X131.854 Y147.596
G1 X131.959 Y147.544
G1 X132.197 Y147.666
G1 X132.699 Y148.134
G1 X132.802 Y148.074
G1 X132.839 Y147.909
G1 X132.744 Y147.599
G1 X132.282 Y147.164
G1 X132.018 Y147.036
G1 X131.511 Y147.040
G1 X131.367 Y147.179
G1 X131.254 Y147.699
G1 X130.999 Y147.176
G1 X130.634 Y146.994
G1 X130.430 Y147.045
G1 X130.160 Y147.434
G0 Z5.000 F500.000
G0 X130.769 Y149.774 F3000.000
G1 Z1.000 F500.000
G4 P100
G1 X130.499 Y150.024 F1000.000
G1 X130.404 Y150.354
G1 X130.484 Y150.556
G1 X130.689 Y150.634
G1 X130.879 Y150.574
G1 X131.068 Y150.211
G1 X131.249 Y150.159
G1 X131.654 Y150.291
G1 X131.989 Y150.756
G1 X132.247 Y150.741
G1 X132.289 Y150.539
G1 X132.104 Y150.139
G1 X131.734 Y149.811
G1 X131.174 Y149.679
G1 X130.769 Y149.774
G0 Z5.000 F500.000
G0 X35.324 Y137.812 F3000.000
G1 Z1.000 F500.000
G4 P100
G1 X35.229 Y137.502 F1000.000
G1 X34.942 Y137.189
G1 X34.642 Y136.984
G1 X34.239 Y136.897
G1 X33.987 Y136.955
G1 X33.819 Y137.129
G1 X33.726 Y137.421
G1 X33.714 Y138.287
G1 X33.484 Y137.698
G1 X33.212 Y137.262
G1 X32.899 Y136.992
G1 X32.544 Y136.902
G1 X32.317 Y136.948
G1 X32.144 Y137.087
G1 X31.999 Y137.552
G1 X32.114 Y137.957
G1 X32.439 Y138.112
G1 X32.582 Y138.072
G1 X32.619 Y137.962
G1 X32.602 Y137.497
G1 X32.669 Y137.452
G1 X32.782 Y137.527
G1 X33.619 Y139.164
G1 X33.919 Y139.242
G1 X34.199 Y139.167
G1 X34.289 Y138.922
G1 X34.313 Y137.553
G1 X34.474 Y137.422
G1 X34.652 Y137.507
G1 X35.184 Y138.037
G1 X35.287 Y137.977
G1 X35.324 Y137.812
G0 Z5.000 F500.000
G0 X35.509 Y138.027 F3000.000
G1 Z1.000 F500.000
G4 P100
G1 X35.974 Y138.227 F1000.000
G1 X36.102 Y138.378
G1 X36.092 Y138.704
G1 X35.949 Y138.762
G1 X35.779 Y138.708
G1 X35.637 Y138.547
G1 X35.509 Y138.027
G0 Z5.000 F500.000
G0 X35.223 Y138.871 F3000.000
G1 Z1.000 F500.000
G4 P100
G1 X35.726 Y139.208 F1000.000
G1 X36.296 Y139.208
G1 X36.499 Y139.079
G1 X36.631 Y138.876
G1 X36.674 Y138.612
G1 X36.613 Y138.291
G1 X36.427 Y138.019
G1 X36.094 Y137.797
G1 X35.589 Y137.627
G1 X35.771 Y137.454
G1 X36.064 Y137.397
G1 X36.577 Y137.554
G1 X37.209 Y138.037
G1 X37.312 Y137.977
G1 X37.349 Y137.812
G1 X37.254 Y137.502
G1 X36.732 Y137.087
G1 X36.383 Y136.944
G1 X36.009 Y136.897
G1 X35.543 Y136.968
G1 X35.194 Y137.182
G1 X34.977 Y137.519
G1 X34.904 Y137.962
G1 X35.049 Y138.604
G1 X35.223 Y138.871
G0 Z5.000 F500.000
G0 X36.979 Y138.397 F3000.000
G1 Z1.000 F500.000
G4 P100
G1 X37.139 Y139.799 F1000.000
G1 X37.336 Y140.500
G1 X37.607 Y141.089
G1 X37.944 Y141.488
G1 X38.339 Y141.622
G1 X38.547 Y141.572
G1 X38.814 Y141.197
G1 X38.849 Y140.912
G1 X38.694 Y140.097
G1 X38.179 Y139.247
G1 X38.483 Y139.165
G1 X38.724 Y138.969
G1 X38.892 Y138.687
G1 X38.974 Y138.347
G1 X39.604 Y138.457
G1 X39.704 Y138.392
G1 X39.704 Y138.034
G1 X39.594 Y137.942
G1 X38.934 Y137.822
G1 X38.790 Y137.447
G1 X38.557 Y137.152
G1 X38.265 Y136.960
G1 X37.944 Y136.897
G1 X37.508 Y136.993
G1 X37.209 Y137.282
G1 X37.037 Y137.753
G1 X36.979 Y138.397
G0 Z5.000 F500.000
G0 X37.604 Y138.012 F3000.000
G1 Z1.000 F500.000
G4 P100
G1 X37.712 Y137.577 F1000.000
G1 X37.964 Y137.427
G1 X38.239 Y137.557
G1 X38.399 Y137.932
G1 X38.162 Y138.207
G1 X38.099 Y138.757
G1 X37.900 Y138.706
G1 X37.742 Y138.554
G1 X37.604 Y138.012
G0 Z5.000 F500.000
G0 X37.639 Y138.907 F3000.000
G1 Z1.000 F500.000
G4 P100
G1 X38.315 Y140.411 F1000.000
G1 X38.364 Y140.797
G1 X38.327 Y141.042
G1 X38.224 Y141.127
G1 X38.007 Y140.829
G1 X37.789 Y140.022
G1 X37.639 Y138.907
G0 Z5.000 F500.000
G0 X39.514 Y138.972 F3000.000
G1 Z1.000 F500.000
G4 P100
G1 X39.662 Y139.184 F1000.000
G1 X40.128 Y139.222
G1 X40.184 Y139.132
G1 X40.004 Y138.322
G1 X40.327 Y138.544
G1 X40.709 Y138.632
G1 X41.089 Y138.494
G1 X41.259 Y138.107
G1 X41.912 Y139.192
G1 X42.149 Y139.252
G1 X42.341 Y139.209
G1 X42.404 Y139.082
G1 X42.189 Y137.757
G1 X42.229 Y137.527
G1 X42.364 Y137.447
G1 X42.589 Y137.572
G1 X43.084 Y138.037
G1 X43.187 Y137.977
G1 X43.224 Y137.812
G1 X43.129 Y137.502
G1 X42.651 Y137.048
G1 X42.204 Y136.897
G1 X41.924 Y136.954
G1 X41.732 Y137.127
G1 X41.621 Y137.394
G1 X41.584 Y137.812
G1 X40.977 Y137.147
G1 X40.636 Y136.959
G1 X40.279 Y136.897
G1 X39.889 Y136.962
G1 X39.587 Y137.157
G1 X39.394 Y137.454
G1 X39.329 Y137.827
G1 X39.374 Y138.397
G1 X39.514 Y138.972
G0 Z5.000 F500.000
G0 X39.959 Y137.792 F3000.000
G1 Z1.000 F500.000
G4 P100
G1 X40.064 Y137.517 F1000.000
G1 X40.324 Y137.427
G1 X40.634 Y137.537
G1 X40.744 Y137.842
G1 X40.673 Y138.040
G1 X40.459 Y138.107
G1 X40.162 Y138.012
G1 X39.959 Y137.792
G0 Z5.000 F500.000
G0 X42.819 Y137.622 F3000.000
G1 Z1.000 F500.000
G4 P100
G1 X42.869 Y138.309 F1000.000
G1 X43.034 Y138.972
G1 X43.174 Y139.187
G1 X43.459 Y139.252
G1 X43.612 Y139.217
G1 X43.654 Y139.112
G1 X43.444 Y137.659
G1 X43.524 Y137.617
G1 X43.712 Y137.767
G1 X44.322 Y139.187
G1 X44.569 Y139.252
G1 X44.729 Y139.224
G1 X44.774 Y139.122
G1 X44.509 Y137.647
G1 X44.549 Y137.499
G1 X44.654 Y137.447
G1 X44.892 Y137.569
G1 X45.394 Y138.037
G1 X45.497 Y137.977
G1 X45.534 Y137.812
G1 X45.439 Y137.502
G1 X44.977 Y137.067
G1 X44.414 Y136.897
G1 X44.206 Y136.943
G1 X44.062 Y137.082
G1 X43.949 Y137.602
G1 X43.694 Y137.079
G1 X43.329 Y136.897
G1 X43.125 Y136.948
G1 X42.855 Y137.337
G1 X42.819 Y137.622
G0 Z5.000 F500.000
G0 X43.464 Y139.677 F3000.000
G1 Z1.000 F500.000
G4 P100
G1 X43.194 Y139.927 F1000.000
G1 X43.099 Y140.257
G1 X43.179 Y140.459
G1 X43.384 Y140.537
G1 X43.574 Y140.477
G1 X43.763 Y140.114
G1 X43.944 Y140.062
G1 X44.349 Y140.194
G1 X44.684 Y140.659
G1 X44.942 Y140.644
G1 X44.984 Y140.442
G1 X44.799 Y140.042
G1 X44.429 Y139.714
G1 X43.869 Y139.582
G1 X43.464 Y139.677
G0 Z5.000 F500.000
G0 X46.524 Y138.624 F3000.000
G1 Z1.000 F500.000
G4 P100
G1 X46.697 Y138.889 F1000.000
G1 X47.193 Y139.215
G1 X47.489 Y139.257
G1 X47.833 Y139.191
G1 X48.102 Y138.994
G1 X48.286 Y138.701
G1 X48.374 Y138.347
G1 X49.004 Y138.457
G1 X49.104 Y138.392
G1 X49.103 Y138.035
G1 X48.994 Y137.942
G1 X48.334 Y137.822
G1 X48.193 Y137.443
G1 X47.959 Y137.149
G1 X47.661 Y136.960
G1 X47.046 Y136.933
G1 X46.812 Y137.042
G1 X46.489 Y137.427
G1 X46.379 Y137.947
G1 X46.524 Y138.624
G0 Z5.000 F500.000
G0 X47.004 Y137.992 F3000.000
G1 Z1.000 F500.000
G4 P100
G1 X47.112 Y137.572 F1000.000
G1 X47.364 Y137.427
G1 X47.642 Y137.557
G1 X47.799 Y137.932
G1 X47.562 Y138.207
G1 X47.494 Y138.727
G1 X47.293 Y138.678
G1 X47.137 Y138.534
G1 X47.004 Y137.992
G0 Z5.000 F500.000
G0 X48.766 Y138.370 F3000.000
G1 Z1.000 F500.000
G4 P100
G1 X48.904 Y138.972 F1000.000
G1 X49.052 Y139.184
G1 X49.339 Y139.252
G1 X49.479 Y139.227
G1 X49.519 Y139.132
G1 X49.314 Y138.057
G1 X49.637 Y138.717
G1 X50.022 Y139.119
G1 X50.394 Y139.252
G1 X50.642 Y139.172
G1 X50.714 Y138.927
G1 X50.564 Y138.077
G1 X50.828 Y138.608
G1 X51.119 Y138.972
G1 X51.414 Y139.182
G1 X51.689 Y139.252
G1 X51.933 Y139.170
G1 X52.014 Y138.927
G1 X51.809 Y137.647
G1 X51.846 Y137.497
G1 X51.954 Y137.447
G1 X52.192 Y137.569
G1 X52.694 Y138.037
G1 X52.797 Y137.977
G1 X52.834 Y137.812
G1 X52.739 Y137.502
G1 X52.277 Y137.067
G1 X52.013 Y136.939
G1 X51.491 Y136.933
G1 X51.232 Y137.225
G1 X51.199 Y137.472
G1 X51.334 Y138.407
G1 X51.279 Y138.487
G1 X51.094 Y138.319
G1 X50.854 Y137.877
G1 X50.532 Y136.977
G1 X50.299 Y136.897
G1 X50.052 Y137.054
G1 X49.969 Y137.437
G1 X50.059 Y138.407
G1 X50.004 Y138.487
G1 X49.814 Y138.307
G1 X49.592 Y137.847
G1 X49.292 Y136.979
G1 X49.064 Y136.897
G1 X48.903 Y136.947
G1 X48.797 Y137.097
G1 X48.719 Y137.737
G1 X48.766 Y138.370
G0 Z5.000 F500.000
G0 X52.349 Y137.907 F3000.000
G1 Z1.000 F500.000
G4 P100
G1 X52.389 Y138.287 F1000.000
G1 X52.693 Y138.887
G1 X52.924 Y139.087
G1 X53.459 Y139.252
G1 X53.887 Y139.089
G1 X54.039 Y138.672
G1 X53.947 Y138.317
G1 X53.704 Y138.172
G1 X53.552 Y138.217
G1 X53.494 Y138.342
G1 X53.512 Y138.727
G1 X53.419 Y138.762
G1 X53.204 Y138.659
G1 X53.044 Y138.382
G1 X52.984 Y137.997
G1 X53.111 Y137.562
G1 X53.489 Y137.417
G1 X53.932 Y137.554
G1 X54.534 Y138.037
G1 X54.637 Y137.977
G1 X54.674 Y137.812
G1 X54.579 Y137.502
G1 X54.321 Y137.245
G1 X54.017 Y137.054
G1 X53.384 Y136.897
G1 X52.949 Y136.966
G1 X52.622 Y137.174
G1 X52.418 Y137.496
G1 X52.349 Y137.907
G0 Z5.000 F500.000
G0 X54.279 Y137.737 F3000.000
G1 Z1.000 F500.000
G4 P100
G1 X54.464 Y138.972 F1000.000
G1 X54.612 Y139.184
G1 X54.899 Y139.252
G1 X55.039 Y139.227
G1 X55.079 Y139.132
G1 X54.874 Y138.057
G1 X55.197 Y138.717
G1 X55.582 Y139.119
G1 X55.954 Y139.252
G1 X56.202 Y139.172
G1 X56.274 Y138.927
G1 X56.124 Y138.077
G1 X56.388 Y138.608
G1 X56.679 Y138.972
G1 X56.974 Y139.182
G1 X57.249 Y139.252
G1 X57.493 Y139.170
G1 X57.574 Y138.927
G1 X57.369 Y137.647
G1 X57.406 Y137.497
G1 X57.514 Y137.447
G1 X57.752 Y137.569
G1 X58.254 Y138.037
G1 X58.357 Y137.977
G1 X58.394 Y137.812
G1 X58.299 Y137.502
G1 X57.837 Y137.067
G1 X57.274 Y136.897
G1 X57.051 Y136.933
G1 X56.792 Y137.225
G1 X56.759 Y137.472
G1 X56.894 Y138.407
G1 X56.839 Y138.487
G1 X56.654 Y138.319
G1 X56.414 Y137.877
G1 X56.092 Y136.977
G1 X55.859 Y136.897
G1 X55.612 Y137.054
G1 X55.529 Y137.437
G1 X55.619 Y138.407
G1 X55.564 Y138.487
G1 X55.374 Y138.307
G1 X55.152 Y137.847
G1 X54.852 Y136.979
G1 X54.624 Y136.897
G1 X54.463 Y136.947
G1 X54.357 Y137.097
G1 X54.279 Y137.737
G0 Z5.000 F500.000
G0 X57.989 Y137.622 F3000.000
G1 Z1.000 F500.000
G4 P100
G1 X58.039 Y138.309 F1000.000
G1 X58.204 Y138.972
G1 X58.344 Y139.187
G1 X58.629 Y139.252
G1 X58.782 Y139.217
G1 X58.824 Y139.112
G1 X58.619 Y138.114
G1 X58.616 Y137.664
G1 X58.694 Y137.617
G1 X58.882 Y137.767
G1 X59.492 Y139.187
G1 X59.739 Y139.252
G1 X59.899 Y139.222
G1 X59.944 Y139.122
G1 X59.684 Y137.457
G1 X60.434 Y137.987
G1 X60.549 Y138.027
G1 X60.652 Y137.964
G1 X60.689 Y137.807
G1 X60.544 Y137.512
G1 X59.584 Y136.867
G1 X59.365 Y135.942
G1 X59.087 Y135.239
G1 X58.738 Y134.795
G1 X58.304 Y134.647
G1 X58.073 Y134.686
G1 X57.769 Y134.986
G1 X57.729 Y135.217
G1 X57.837 Y135.697
G1 X58.237 Y136.259
G1 X59.064 Y136.987
G1 X59.159 Y137.632
G1 X58.879 Y137.084
G1 X58.499 Y136.897
G1 X58.295 Y136.948
G1 X58.132 Y137.104
G1 X57.989 Y137.622
G0 Z5.000 F500.000
G0 X58.949 Y136.387 F3000.000
G1 Z1.000 F500.000
G4 P100
G1 X58.392 Y135.794 F1000.000
G1 X58.219 Y135.327
G1 X58.252 Y135.187
G1 X58.359 Y135.132
G1 X58.492 Y135.204
G1 X58.639 Y135.422
G1 X58.949 Y136.387
G0 Z5.000 F500.000
G0 X60.578 Y136.947 F3000.000
G1 Z1.000 F500.000
G4 P100
G1 X60.472 Y137.097 F1000.000
G1 X60.394 Y137.737
G1 X60.441 Y138.370
G1 X60.579 Y138.972
G1 X60.727 Y139.184
G1 X61.014 Y139.252
G1 X61.154 Y139.227
G1 X61.194 Y139.132
G1 X60.989 Y138.052
G1 X61.359 Y138.752
G1 X61.762 Y139.137
G1 X62.124 Y139.252
G1 X62.368 Y139.170
G1 X62.449 Y138.927
G1 X62.244 Y137.647
G1 X62.281 Y137.497
G1 X62.389 Y137.447
G1 X62.627 Y137.569
G1 X63.129 Y138.037
G1 X63.232 Y137.977
G1 X63.269 Y137.812
G1 X63.174 Y137.502
G1 X62.712 Y137.067
G1 X62.448 Y136.939
G1 X61.926 Y136.933
G1 X61.667 Y137.225
G1 X61.634 Y137.472
G1 X61.769 Y138.407
G1 X61.714 Y138.487
G1 X61.532 Y138.319
G1 X61.292 Y137.877
G1 X60.967 Y136.979
G1 X60.739 Y136.897
G1 X60.578 Y136.947
G0 Z5.000 F500.000
G0 X62.764 Y137.332 F3000.000
G1 Z1.000 F500.000
G4 P100
G1 X62.892 Y137.692 F1000.000
G1 X63.249 Y137.827
G1 X63.582 Y137.719
G1 X63.694 Y137.402
G1 X63.564 Y137.034
G1 X63.209 Y136.897
G1 X62.877 Y137.017
G1 X62.764 Y137.332
G0 Z5.000 F500.000
G0 X65.539 Y137.460 F3000.000
G1 Z1.000 F500.000
G4 P100
G1 X65.454 Y137.862 F1000.000
G1 X65.552 Y138.242
G1 X65.829 Y138.377
G1 X66.049 Y138.304
G1 X66.134 Y138.112
G1 X66.159 Y137.664
G1 X66.279 Y137.537
G1 X66.834 Y137.442
G1 X67.305 Y137.528
G1 X67.687 Y137.787
G1 X67.968 Y138.205
G1 X68.134 Y138.772
G1 X66.494 Y138.767
G1 X66.322 Y138.842
G1 X66.259 Y139.017
G1 X66.337 Y139.234
G1 X66.559 Y139.317
G1 X68.179 Y139.312
G1 X68.113 Y139.860
G1 X67.914 Y140.237
G1 X67.599 Y140.473
G1 X67.184 Y140.552
G1 X66.614 Y140.434
G1 X65.889 Y139.997
G1 X65.777 Y140.067
G1 X65.734 Y140.267
G1 X65.929 Y140.682
G1 X66.522 Y141.034
G1 X67.284 Y141.162
G1 X67.748 Y141.108
G1 X68.147 Y140.947
G1 X68.473 Y140.686
G1 X68.714 Y140.334
G1 X68.864 Y139.901
G1 X68.914 Y139.397
G1 X68.849 Y138.685
G1 X68.652 Y138.072
G1 X68.334 Y137.572
G1 X67.904 Y137.202
G1 X67.378 Y136.973
G1 X66.769 Y136.897
G1 X66.208 Y136.961
G1 X65.794 Y137.154
G1 X65.539 Y137.460
G0 Z5.000 F500.000
G0 X69.259 Y137.737 F3000.000
G1 Z1.000 F500.000
G4 P100
G1 X69.444 Y138.972 F1000.000
G1 X69.592 Y139.184
G1 X69.879 Y139.252
G1 X70.019 Y139.227
G1 X70.059 Y139.132
G1 X69.854 Y138.057
G1 X70.177 Y138.717
G1 X70.562 Y139.119
G1 X70.934 Y139.252
G1 X71.182 Y139.172
G1 X71.254 Y138.927
G1 X71.104 Y138.077
G1 X71.368 Y138.608
G1 X71.659 Y138.972
G1 X71.954 Y139.182
G1 X72.229 Y139.252
G1 X72.473 Y139.170
G1 X72.554 Y138.927
G1 X72.349 Y137.647
G1 X72.386 Y137.497
G1 X72.494 Y137.447
G1 X72.732 Y137.569
G1 X73.234 Y138.037
G1 X73.337 Y137.977
G1 X73.374 Y137.812
G1 X73.279 Y137.502
G1 X72.817 Y137.067
G1 X72.254 Y136.897
G1 X72.031 Y136.933
G1 X71.772 Y137.225
G1 X71.739 Y137.472
G1 X71.874 Y138.407
G1 X71.819 Y138.487
G1 X71.634 Y138.319
G1 X71.394 Y137.877
G1 X71.072 Y136.977
G1 X70.839 Y136.897
G1 X70.592 Y137.054
G1 X70.509 Y137.437
G1 X70.599 Y138.407
G1 X70.544 Y138.487
G1 X70.354 Y138.307
G1 X70.132 Y137.847
G1 X69.832 Y136.979
G1 X69.604 Y136.897
G1 X69.443 Y136.947
G1 X69.337 Y137.097
G1 X69.259 Y137.737
G0 Z5.000 F500.000
G0 X72.894 Y137.947 F3000.000
G1 Z1.000 F500.000
G4 P100
G1 X73.039 Y138.624 F1000.000
G1 X73.212 Y138.889
G1 X73.708 Y139.215
G1 X74.004 Y139.257
G1 X74.348 Y139.191
G1 X74.617 Y138.994
G1 X74.801 Y138.701
G1 X74.889 Y138.347
G1 X75.519 Y138.457
G1 X75.619 Y138.392
G1 X75.654 Y138.227
G1 X75.618 Y138.035
G1 X75.509 Y137.942
G1 X74.849 Y137.822
G1 X74.708 Y137.443
G1 X74.474 Y137.149
G1 X74.176 Y136.960
G1 X73.839 Y136.897
G1 X73.327 Y137.042
G1 X73.004 Y137.427
G1 X72.894 Y137.947
G0 Z5.000 F500.000
G0 X73.627 Y137.572 F3000.000
G1 Z1.000 F500.000
G4 P100
G1 X73.879 Y137.427 F1000.000
G1 X74.157 Y137.557
G1 X74.314 Y137.932
G1 X74.077 Y138.207
G1 X74.009 Y138.727
G1 X73.808 Y138.678
G1 X73.652 Y138.534
G1 X73.553 Y138.302
G1 X73.519 Y137.992
G1 X73.627 Y137.572
G0 Z5.000 F500.000
G0 X76.559 Y137.737 F3000.000
G1 Z1.000 F500.000
G4 P100
G1 X76.744 Y138.972 F1000.000
G1 X76.889 Y139.184
G1 X77.179 Y139.252
G1 X77.319 Y139.227
G1 X77.359 Y139.132
G1 X77.209 Y138.372
G1 X77.849 Y138.372
G1 X78.117 Y139.187
G1 X78.524 Y139.224
G1 X78.569 Y139.122
G1 X78.304 Y137.647
G1 X78.344 Y137.499
G1 X78.449 Y137.447
G1 X78.687 Y137.569
G1 X79.189 Y138.037
G1 X79.292 Y137.977
G1 X79.329 Y137.812
G1 X79.234 Y137.502
G1 X78.762 Y137.067
G1 X78.209 Y136.897
G1 X77.988 Y136.937
G1 X77.844 Y137.057
G1 X77.739 Y137.537
G1 X77.764 Y137.862
G1 X77.154 Y137.872
G1 X77.129 Y137.137
G1 X77.069 Y136.954
G1 X76.904 Y136.897
G1 X76.743 Y136.947
G1 X76.637 Y137.097
G1 X76.559 Y137.737
G0 Z5.000 F500.000
G0 X78.906 Y137.382 F3000.000
G1 Z1.000 F500.000
G4 P100
G1 X78.906 Y138.101 F1000.000
G1 X79.260 Y138.792
G1 X79.854 Y139.207
G1 X80.189 Y139.262
G1 X80.337 Y139.219
G1 X80.399 Y139.067
G1 X80.803 Y139.043
G1 X80.864 Y138.912
G1 X80.674 Y137.612
G1 X80.712 Y137.492
G1 X80.809 Y137.447
G1 X81.039 Y137.569
G1 X81.539 Y138.037
G1 X81.642 Y137.977
G1 X81.679 Y137.812
G1 X81.584 Y137.502
G1 X81.149 Y137.072
G1 X80.704 Y136.897
G1 X80.402 Y137.009
G1 X80.194 Y137.317
G1 X79.901 Y137.002
G1 X79.539 Y136.897
G1 X79.261 Y136.953
G1 X79.044 Y137.122
G1 X78.906 Y137.382
G0 Z5.000 F500.000
G0 X79.547 Y137.477 F3000.000
G1 Z1.000 F500.000
G4 P100
G1 X79.719 Y137.402 F1000.000
G1 X79.929 Y137.532
G1 X80.074 Y137.877
G1 X80.259 Y138.797
G1 X79.872 Y138.639
G1 X79.589 Y138.237
G1 X79.484 Y137.707
G1 X79.547 Y137.477
G0 Z5.000 F500.000
G0 X81.039 Y137.552 F3000.000
G1 Z1.000 F500.000
G4 P100
G1 X81.154 Y137.969 F1000.000
G1 X81.479 Y138.137
G1 X81.629 Y138.103
G1 X81.679 Y138.002
G1 X81.634 Y137.622
G1 X81.709 Y137.452
G1 X81.849 Y137.554
G1 X82.364 Y138.952
G1 X82.512 Y139.179
G1 X82.774 Y139.252
G1 X83.007 Y139.197
G1 X83.099 Y139.017
G1 X83.134 Y137.912
G1 X83.694 Y139.052
G1 X83.887 Y139.204
G1 X84.104 Y139.257
G1 X84.349 Y139.179
G1 X84.414 Y138.892
G1 X84.419 Y137.522
G1 X84.569 Y137.422
G1 X84.796 Y137.553
G1 X85.209 Y138.037
G1 X85.312 Y137.977
G1 X85.349 Y137.812
G1 X85.254 Y137.497
G1 X84.807 Y137.062
G1 X84.329 Y136.897
G1 X84.102 Y136.947
G1 X83.949 Y137.097
G1 X83.834 Y137.677
G1 X83.914 Y138.502
G1 X83.209 Y136.949
G1 X83.029 Y136.897
G1 X82.869 Y136.957
G1 X82.779 Y137.147
G1 X82.689 Y138.407
G1 X82.434 Y137.609
G1 X82.109 Y137.099
G1 X81.877 Y136.951
G1 X81.355 Y136.948
G1 X81.182 Y137.087
G1 X81.039 Y137.552
G0 Z5.000 F500.000
G0 X84.869 Y137.962 F3000.000
G1 Z1.000 F500.000
G4 P100
G1 X85.014 Y138.604 F1000.000
G1 X85.188 Y138.871
G1 X85.691 Y139.208
G1 X85.999 Y139.252
G1 X86.261 Y139.208
G1 X86.464 Y139.079
G1 X86.596 Y138.876
G1 X86.639 Y138.612
G1 X86.578 Y138.291
G1 X86.392 Y138.019
G1 X86.059 Y137.797
G1 X85.554 Y137.627
G1 X85.736 Y137.454
G1 X86.029 Y137.397
G1 X86.542 Y137.554
G1 X87.174 Y138.037
G1 X87.277 Y137.977
G1 X87.314 Y137.812
G1 X87.219 Y137.502
G1 X86.697 Y137.087
G1 X85.974 Y136.897
G1 X85.508 Y136.968
G1 X85.159 Y137.182
G1 X84.942 Y137.519
G1 X84.869 Y137.962
G0 Z5.000 F500.000
G0 X85.474 Y138.027 F3000.000
G1 Z1.000 F500.000
G4 P100
G1 X85.939 Y138.227 F1000.000
G1 X86.067 Y138.378
G1 X86.057 Y138.704
G1 X85.914 Y138.762
G1 X85.744 Y138.708
G1 X85.602 Y138.547
G1 X85.474 Y138.027
G0 Z5.000 F500.000
G0 X86.984 Y138.967 F3000.000
G1 Z1.000 F500.000
G4 P100
G1 X87.099 Y139.197 F1000.000
G1 X87.399 Y139.282
G1 X87.552 Y139.239
G1 X87.609 Y138.887
G1 X87.924 Y139.174
G1 X88.254 Y139.262
G1 X88.509 Y139.205
G1 X88.712 Y139.037
G1 X88.845 Y138.777
G1 X88.889 Y138.447
G1 X88.804 Y137.932
G1 X88.569 Y137.477
G1 X88.744 Y137.447
G1 X89.059 Y137.567
G1 X89.579 Y138.037
G1 X89.682 Y137.977
G1 X89.719 Y137.812
G1 X89.624 Y137.502
G1 X89.162 Y137.067
G1 X88.898 Y136.939
G1 X88.359 Y136.944
G1 X88.169 Y137.087
G1 X87.574 Y136.897
G1 X87.468 Y136.011
G1 X87.279 Y135.284
G1 X86.996 Y134.798
G1 X86.604 Y134.637
G1 X86.369 Y134.685
G1 X86.204 Y134.832
G1 X86.074 Y135.372
G1 X86.299 Y136.514
G1 X86.994 Y137.952
G1 X86.984 Y138.967
G0 Z5.000 F500.000
G0 X87.604 Y137.732 F3000.000
G1 Z1.000 F500.000
G4 P100
G1 X87.599 Y137.377 F1000.000
G1 X87.932 Y137.574
G1 X88.174 Y137.964
G1 X88.264 Y138.452
G1 X88.204 Y138.679
G1 X88.044 Y138.757
G1 X87.846 Y138.662
G1 X87.609 Y138.377
G1 X87.604 Y137.732
G0 Z5.000 F500.000
G0 X86.984 Y137.177 F3000.000
G1 Z1.000 F500.000
G4 P100
G1 X86.644 Y136.222 F1000.000
G1 X86.519 Y135.457
G1 X86.557 Y135.212
G1 X86.644 Y135.127
G1 X86.768 Y135.273
G1 X86.869 Y135.714
G1 X86.984 Y137.177
G0 Z5.000 F500.000
G0 X89.312 Y137.519 F3000.000
G1 Z1.000 F500.000
G4 P100
G1 X89.239 Y137.962 F1000.000
G1 X89.384 Y138.604
G1 X89.787 Y139.077
G1 X90.369 Y139.252
G1 X90.631 Y139.208
G1 X90.834 Y139.079
G1 X90.966 Y138.876
G1 X91.009 Y138.612
G1 X90.948 Y138.291
G1 X90.762 Y138.019
G1 X90.429 Y137.797
G1 X89.924 Y137.627
G1 X90.106 Y137.454
G1 X90.399 Y137.397
G1 X90.912 Y137.554
G1 X91.544 Y138.037
G1 X91.647 Y137.977
G1 X91.684 Y137.812
G1 X91.589 Y137.502
G1 X91.067 Y137.087
G1 X90.344 Y136.897
G1 X89.878 Y136.968
G1 X89.529 Y137.182
G1 X89.312 Y137.519
G0 Z5.000 F500.000
G0 X89.844 Y138.027 F3000.000
G1 Z1.000 F500.000
G4 P100
G1 X90.309 Y138.227 F1000.000
G1 X90.437 Y138.378
G1 X90.427 Y138.704
G1 X90.284 Y138.762
G1 X90.114 Y138.708
G1 X89.972 Y138.547
G1 X89.844 Y138.027
G0 Z5.000 F500.000
G0 X91.336 Y138.370 F3000.000
G1 Z1.000 F500.000
G4 P100
G1 X91.474 Y138.972 F1000.000
G1 X91.619 Y139.184
G1 X91.909 Y139.252
G1 X92.049 Y139.227
G1 X92.089 Y139.132
G1 X91.939 Y138.372
G1 X92.579 Y138.372
G1 X92.847 Y139.187
G1 X93.254 Y139.224
G1 X93.299 Y139.122
G1 X93.034 Y137.647
G1 X93.074 Y137.499
G1 X93.179 Y137.447
G1 X93.417 Y137.569
G1 X93.919 Y138.037
G1 X94.022 Y137.977
G1 X94.059 Y137.812
G1 X93.964 Y137.502
G1 X93.492 Y137.067
G1 X92.939 Y136.897
G1 X92.718 Y136.937
G1 X92.574 Y137.057
G1 X92.469 Y137.537
G1 X92.494 Y137.862
G1 X91.884 Y137.872
G1 X91.859 Y137.137
G1 X91.799 Y136.954
G1 X91.634 Y136.897
G1 X91.473 Y136.947
G1 X91.367 Y137.097
G1 X91.289 Y137.737
G1 X91.336 Y138.370
G0 Z5.000 F500.000
G0 X93.664 Y137.737 F3000.000
G1 Z1.000 F500.000
G4 P100
G1 X93.849 Y138.972 F1000.000
G1 X93.994 Y139.184
G1 X94.284 Y139.252
G1 X94.424 Y139.227
G1 X94.464 Y139.132
G1 X94.314 Y138.372
G1 X94.954 Y138.372
G1 X95.222 Y139.187
G1 X95.629 Y139.224
G1 X95.674 Y139.122
G1 X95.409 Y137.647
G1 X95.449 Y137.499
G1 X95.554 Y137.447
G1 X95.792 Y137.569
G1 X96.294 Y138.037
G1 X96.397 Y137.977
G1 X96.434 Y137.812
G1 X96.339 Y137.502
G1 X95.867 Y137.067
G1 X95.314 Y136.897
G1 X95.093 Y136.937
G1 X94.949 Y137.057
G1 X94.844 Y137.537
G1 X94.869 Y137.862
G1 X94.259 Y137.872
G1 X94.234 Y137.137
G1 X94.174 Y136.954
G1 X94.009 Y136.897
G1 X93.848 Y136.947
G1 X93.742 Y137.097
G1 X93.664 Y137.737
G0 Z5.000 F500.000
G0 X96.064 Y137.427 F3000.000
G1 Z1.000 F500.000
G4 P100
G1 X95.954 Y137.947 F1000.000
G1 X96.099 Y138.624
G1 X96.272 Y138.889
G1 X96.768 Y139.215
G1 X97.064 Y139.257
G1 X97.408 Y139.191
G1 X97.677 Y138.994
G1 X97.861 Y138.701
G1 X97.949 Y138.347
G1 X98.579 Y138.457
G1 X98.679 Y138.392
G1 X98.678 Y138.035
G1 X98.569 Y137.942
G1 X97.909 Y137.822
G1 X97.768 Y137.443
G1 X97.534 Y137.149
G1 X97.236 Y136.960
G1 X96.621 Y136.933
G1 X96.387 Y137.042
G1 X96.064 Y137.427
G0 Z5.000 F500.000
G0 X96.687 Y137.572 F3000.000
G1 Z1.000 F500.000
G4 P100
G1 X96.939 Y137.427 F1000.000
G1 X97.217 Y137.557
G1 X97.374 Y137.932
G1 X97.137 Y138.207
G1 X97.069 Y138.727
G1 X96.868 Y138.678
G1 X96.712 Y138.534
G1 X96.613 Y138.302
G1 X96.579 Y137.992
G1 X96.687 Y137.572
G0 Z5.000 F500.000
G0 X99.544 Y137.712 F3000.000
G1 Z1.000 F500.000
G4 P100
G1 X99.591 Y138.101 F1000.000
G1 X99.945 Y138.792
G1 X100.539 Y139.207
G1 X100.874 Y139.262
G1 X101.022 Y139.219
G1 X101.084 Y139.067
G1 X101.482 Y139.049
G1 X101.534 Y138.902
G1 X101.314 Y137.457
G1 X102.054 Y137.987
G1 X102.169 Y138.027
G1 X102.272 Y137.964
G1 X102.309 Y137.807
G1 X102.164 Y137.512
G1 X101.214 Y136.867
G1 X100.995 Y135.942
G1 X100.717 Y135.239
G1 X100.368 Y134.795
G1 X99.934 Y134.647
G1 X99.703 Y134.686
G1 X99.399 Y134.986
G1 X99.359 Y135.217
G1 X99.429 Y135.585
G1 X99.639 Y135.979
G1 X100.042 Y136.433
G1 X100.689 Y136.982
G1 X100.719 Y137.177
G1 X100.497 Y136.969
G1 X100.224 Y136.897
G1 X99.946 Y136.953
G1 X99.729 Y137.122
G1 X99.591 Y137.382
G1 X99.544 Y137.712
G0 Z5.000 F500.000
G0 X100.232 Y137.477 F3000.000
G1 Z1.000 F500.000
G4 P100
G1 X100.404 Y137.402 F1000.000
G1 X100.624 Y137.542
G1 X100.934 Y138.797
G1 X100.554 Y138.639
G1 X100.274 Y138.237
G1 X100.169 Y137.707
G1 X100.232 Y137.477
G0 Z5.000 F500.000
G0 X100.574 Y136.387 F3000.000
G1 Z1.000 F500.000
G4 P100
G1 X100.019 Y135.792 F1000.000
G1 X99.849 Y135.327
G1 X99.882 Y135.187
G1 X99.989 Y135.132
G1 X100.123 Y135.207
G1 X100.272 Y135.432
G1 X100.574 Y136.387
G0 Z5.000 F500.000
G0 X101.914 Y137.087 F3000.000
G1 Z1.000 F500.000
G4 P100
G1 X101.769 Y137.552 F1000.000
G1 X101.884 Y137.957
G1 X102.023 Y138.073
G1 X102.352 Y138.072
G1 X102.372 Y137.497
G1 X102.439 Y137.452
G1 X102.552 Y137.527
G1 X103.389 Y139.164
G1 X103.689 Y139.242
G1 X103.969 Y139.167
G1 X104.059 Y138.922
G1 X104.083 Y137.553
G1 X104.244 Y137.422
G1 X104.422 Y137.507
G1 X104.819 Y137.967
G1 X104.954 Y138.037
G1 X105.057 Y137.977
G1 X105.094 Y137.812
G1 X104.999 Y137.502
G1 X104.412 Y136.984
G1 X104.009 Y136.897
G1 X103.757 Y136.955
G1 X103.589 Y137.129
G1 X103.496 Y137.421
G1 X103.484 Y138.287
G1 X103.254 Y137.698
G1 X102.982 Y137.262
G1 X102.669 Y136.992
G1 X102.314 Y136.902
G1 X102.087 Y136.948
G1 X101.914 Y137.087
G0 Z5.000 F500.000
G0 X104.785 Y137.337 F3000.000
G1 Z1.000 F500.000
G4 P100
G1 X104.799 Y138.309 F1000.000
G1 X104.964 Y138.972
G1 X105.104 Y139.187
G1 X105.389 Y139.252
G1 X105.542 Y139.217
G1 X105.584 Y139.112
G1 X105.374 Y137.659
G1 X105.454 Y137.617
G1 X105.642 Y137.767
G1 X106.252 Y139.187
G1 X106.499 Y139.252
G1 X106.659 Y139.224
G1 X106.704 Y139.122
G1 X106.439 Y137.647
G1 X106.479 Y137.499
G1 X106.584 Y137.447
G1 X106.822 Y137.569
G1 X107.324 Y138.037
G1 X107.427 Y137.977
G1 X107.464 Y137.812
G1 X107.369 Y137.502
G1 X106.907 Y137.067
G1 X106.643 Y136.939
G1 X106.136 Y136.943
G1 X105.992 Y137.082
G1 X105.879 Y137.602
G1 X105.624 Y137.079
G1 X105.259 Y136.897
G1 X105.055 Y136.948
G1 X104.785 Y137.337
G0 Z5.000 F500.000
G0 X107.147 Y137.097 F3000.000
G1 Z1.000 F500.000
G4 P100
G1 X107.069 Y137.737 F1000.000
G1 X107.116 Y138.370
G1 X107.254 Y138.972
G1 X107.399 Y139.184
G1 X107.689 Y139.252
G1 X107.829 Y139.227
G1 X107.869 Y139.132
G1 X107.719 Y138.372
G1 X108.359 Y138.372
G1 X108.627 Y139.187
G1 X109.034 Y139.224
G1 X109.079 Y139.122
G1 X108.814 Y137.647
G1 X108.854 Y137.499
G1 X108.959 Y137.447
G1 X109.197 Y137.569
G1 X109.699 Y138.037
G1 X109.802 Y137.977
G1 X109.839 Y137.812
G1 X109.744 Y137.502
G1 X109.272 Y137.067
G1 X108.719 Y136.897
G1 X108.498 Y136.937
G1 X108.354 Y137.057
G1 X108.249 Y137.537
G1 X108.274 Y137.862
G1 X107.664 Y137.872
G1 X107.579 Y136.954
G1 X107.414 Y136.897
G1 X107.253 Y136.947
G1 X107.147 Y137.097
G0 Z5.000 F500.000
G0 X109.522 Y137.097 F3000.000
G1 Z1.000 F500.000
G4 P100
G1 X109.444 Y137.737 F1000.000
G1 X109.491 Y138.370
G1 X109.629 Y138.972
G1 X109.774 Y139.184
G1 X110.064 Y139.252
G1 X110.204 Y139.227
G1 X110.244 Y139.132
G1 X110.094 Y138.372
G1 X110.734 Y138.372
G1 X111.002 Y139.187
G1 X111.409 Y139.224
G1 X111.454 Y139.122
G1 X111.189 Y137.647
G1 X111.229 Y137.499
G1 X111.334 Y137.447
G1 X111.572 Y137.569
G1 X112.074 Y138.037
G1 X112.177 Y137.977
G1 X112.214 Y137.812
G1 X112.119 Y137.502
G1 X111.647 Y137.067
G1 X111.094 Y136.897
G1 X110.873 Y136.937
G1 X110.729 Y137.057
G1 X110.624 Y137.537
G1 X110.649 Y137.862
G1 X110.039 Y137.872
G1 X109.954 Y136.954
G1 X109.789 Y136.897
G1 X109.628 Y136.947
G1 X109.522 Y137.097
G0 Z5.000 F500.000
G0 X111.844 Y137.427 F3000.000
G1 Z1.000 F500.000
G4 P100
G1 X111.734 Y137.947 F1000.000
G1 X111.879 Y138.624
G1 X112.052 Y138.889
G1 X112.548 Y139.215
G1 X112.844 Y139.257
G1 X113.188 Y139.191
G1 X113.457 Y138.994
G1 X113.641 Y138.701
G1 X113.729 Y138.347
G1 X114.359 Y138.457
G1 X114.459 Y138.392
G1 X114.458 Y138.035
G1 X114.349 Y137.942
G1 X113.689 Y137.822
G1 X113.548 Y137.443
G1 X113.314 Y137.149
G1 X113.016 Y136.960
G1 X112.401 Y136.933
G1 X112.167 Y137.042
G1 X111.844 Y137.427
G0 Z5.000 F500.000
G0 X112.467 Y137.572 F3000.000
G1 Z1.000 F500.000
G4 P100
G1 X112.719 Y137.427 F1000.000
G1 X112.997 Y137.557
G1 X113.154 Y137.932
G1 X112.917 Y138.207
G1 X112.849 Y138.727
G1 X112.648 Y138.678
G1 X112.492 Y138.534
G1 X112.393 Y138.302
G1 X112.359 Y137.992
G1 X112.467 Y137.572
G0 Z5.000 F500.000
G0 X113.989 Y137.962 F3000.000
G1 Z1.000 F500.000
G4 P100
G1 X114.134 Y138.604 F1000.000
G1 X114.308 Y138.871
G1 X114.811 Y139.208
G1 X115.119 Y139.252
G1 X115.381 Y139.208
G1 X115.584 Y139.079
G1 X115.716 Y138.876
G1 X115.759 Y138.612
G1 X115.698 Y138.291
G1 X115.512 Y138.019
G1 X115.179 Y137.797
G1 X114.674 Y137.627
G1 X114.856 Y137.454
G1 X115.149 Y137.397
G1 X115.662 Y137.554
G1 X116.294 Y138.037
G1 X116.397 Y137.977
G1 X116.434 Y137.812
G1 X116.339 Y137.502
G1 X115.817 Y137.087
G1 X115.094 Y136.897
G1 X114.628 Y136.968
G1 X114.279 Y137.182
G1 X114.062 Y137.519
G1 X113.989 Y137.962
G0 Z5.000 F500.000
G0 X114.594 Y138.027 F3000.000
G1 Z1.000 F500.000
G4 P100
G1 X115.059 Y138.227 F1000.000
G1 X115.187 Y138.378
G1 X115.177 Y138.704
G1 X115.034 Y138.762
G1 X114.864 Y138.708
G1 X114.722 Y138.547
G1 X114.594 Y138.027
G0 Z5.000 F500.000
G0 X35.119 Y127.715 F3000.000
G1 Z1.000 F500.000
G4 P100
G1 X35.024 Y127.405 F1000.000
G1 X34.562 Y126.970
G1 X34.298 Y126.842
G1 X33.776 Y126.836
G1 X33.517 Y127.128
G1 X33.484 Y127.375
G1 X33.619 Y128.310
G1 X33.564 Y128.390
G1 X33.382 Y128.222
G1 X33.142 Y127.780
G1 X32.817 Y126.882
G1 X32.589 Y126.800
G1 X32.428 Y126.850
G1 X32.322 Y127.000
G1 X32.244 Y127.640
G1 X32.429 Y128.875
G1 X32.577 Y129.087
G1 X33.004 Y129.130
G1 X33.044 Y129.035
G1 X32.839 Y127.955
G1 X33.209 Y128.655
G1 X33.612 Y129.040
G1 X33.974 Y129.155
G1 X34.218 Y129.073
G1 X34.299 Y128.830
G1 X34.094 Y127.550
G1 X34.131 Y127.400
G1 X34.239 Y127.350
G1 X34.477 Y127.472
G1 X34.979 Y127.940
G1 X35.082 Y127.880
G1 X35.119 Y127.715
G0 Z5.000 F500.000
G0 X34.799 Y127.855 F3000.000
G1 Z1.000 F500.000
G4 P100
G1 X34.789 Y128.870 F1000.000
G1 X34.904 Y129.100
G1 X35.204 Y129.185
G1 X35.357 Y129.142
G1 X35.414 Y128.790
G1 X35.729 Y129.077
G1 X36.059 Y129.165
G1 X36.314 Y129.108
G1 X36.517 Y128.940
G1 X36.650 Y128.680
G1 X36.694 Y128.350
G1 X36.609 Y127.835
G1 X36.374 Y127.380
G1 X36.549 Y127.350
G1 X36.864 Y127.470
G1 X37.384 Y127.940
G1 X37.487 Y127.880
G1 X37.524 Y127.715
G1 X37.429 Y127.405
G1 X36.967 Y126.970
G1 X36.703 Y126.842
G1 X36.164 Y126.847
G1 X35.974 Y126.990
G1 X35.379 Y126.800
G1 X35.273 Y125.914
G1 X35.084 Y125.187
G1 X34.801 Y124.701
G1 X34.409 Y124.540
G1 X34.174 Y124.588
G1 X34.009 Y124.735
G1 X33.912 Y124.967
G1 X33.936 Y125.805
G1 X34.391 Y127.103
G1 X34.799 Y127.855
G0 Z5.000 F500.000
G0 X34.789 Y127.080 F3000.000
G1 Z1.000 F500.000
G4 P100
G1 X34.449 Y126.125 F1000.000
G1 X34.324 Y125.360
G1 X34.362 Y125.115
G1 X34.449 Y125.030
G1 X34.573 Y125.176
G1 X34.674 Y125.617
G1 X34.789 Y127.080
G0 Z5.000 F500.000
G0 X35.404 Y127.280 F3000.000
G1 Z1.000 F500.000
G4 P100
G1 X35.737 Y127.477 F1000.000
G1 X35.979 Y127.867
G1 X36.069 Y128.355
G1 X36.009 Y128.582
G1 X35.849 Y128.660
G1 X35.651 Y128.565
G1 X35.414 Y128.280
G1 X35.404 Y127.280
G0 Z5.000 F500.000
G0 X37.044 Y127.865 F3000.000
G1 Z1.000 F500.000
G4 P100
G1 X37.189 Y128.507 F1000.000
G1 X37.363 Y128.774
G1 X37.866 Y129.111
G1 X38.174 Y129.155
G1 X38.436 Y129.111
G1 X38.639 Y128.982
G1 X38.771 Y128.779
G1 X38.814 Y128.515
G1 X38.753 Y128.194
G1 X38.567 Y127.922
G1 X38.234 Y127.700
G1 X37.729 Y127.530
G1 X37.911 Y127.357
G1 X38.204 Y127.300
G1 X38.717 Y127.457
G1 X39.349 Y127.940
G1 X39.452 Y127.880
G1 X39.489 Y127.715
G1 X39.394 Y127.405
G1 X38.872 Y126.990
G1 X38.149 Y126.800
G1 X37.683 Y126.871
G1 X37.334 Y127.085
G1 X37.117 Y127.422
G1 X37.044 Y127.865
G0 Z5.000 F500.000
G0 X37.649 Y127.930 F3000.000
G1 Z1.000 F500.000
G4 P100
G1 X38.114 Y128.130 F1000.000
G1 X38.242 Y128.281
G1 X38.232 Y128.607
G1 X38.089 Y128.665
G1 X37.919 Y128.611
G1 X37.777 Y128.450
G1 X37.649 Y127.930
G0 Z5.000 F500.000
G0 X39.066 Y128.004 F3000.000
G1 Z1.000 F500.000
G4 P100
G1 X39.420 Y128.695 F1000.000
G1 X39.697 Y128.947
G1 X40.014 Y129.110
G1 X40.349 Y129.165
G1 X40.497 Y129.122
G1 X40.559 Y128.970
G1 X40.957 Y128.952
G1 X41.009 Y128.805
G1 X40.789 Y127.360
G1 X41.529 Y127.890
G1 X41.644 Y127.930
G1 X41.747 Y127.867
G1 X41.784 Y127.710
G1 X41.639 Y127.415
G1 X40.689 Y126.770
G1 X40.470 Y125.845
G1 X40.192 Y125.142
G1 X39.843 Y124.698
G1 X39.409 Y124.550
G1 X39.178 Y124.589
G1 X38.874 Y124.889
G1 X38.834 Y125.120
G1 X38.904 Y125.488
G1 X39.114 Y125.882
G1 X39.517 Y126.336
G1 X40.164 Y126.885
G1 X40.194 Y127.080
G1 X39.972 Y126.872
G1 X39.699 Y126.800
G1 X39.421 Y126.856
G1 X39.204 Y127.025
G1 X39.066 Y127.285
G1 X39.066 Y128.004
G0 Z5.000 F500.000
G0 X39.644 Y127.610 F3000.000
G1 Z1.000 F500.000
G4 P100
G1 X39.707 Y127.380 F1000.000
G1 X39.879 Y127.305
G1 X40.099 Y127.445
G1 X40.409 Y128.700
G1 X40.029 Y128.542
G1 X39.749 Y128.140
G1 X39.644 Y127.610
G0 Z5.000 F500.000
G0 X40.049 Y126.290 F3000.000
G1 Z1.000 F500.000
G4 P100
G1 X39.494 Y125.695 F1000.000
G1 X39.324 Y125.230
G1 X39.357 Y125.090
G1 X39.464 Y125.035
G1 X39.598 Y125.110
G1 X39.747 Y125.335
G1 X40.049 Y126.290
G0 Z5.000 F500.000
G0 X41.389 Y126.990 F3000.000
G1 Z1.000 F500.000
G4 P100
G1 X41.244 Y127.455 F1000.000
G1 X41.359 Y127.860
G1 X41.498 Y127.976
G1 X41.827 Y127.975
G1 X41.847 Y127.400
G1 X41.914 Y127.355
G1 X42.027 Y127.430
G1 X42.864 Y129.067
G1 X43.164 Y129.145
G1 X43.444 Y129.070
G1 X43.534 Y128.825
G1 X43.558 Y127.456
G1 X43.719 Y127.325
G1 X43.897 Y127.410
G1 X44.294 Y127.870
G1 X44.429 Y127.940
G1 X44.532 Y127.880
G1 X44.569 Y127.715
G1 X44.474 Y127.405
G1 X43.887 Y126.887
G1 X43.484 Y126.800
G1 X43.232 Y126.858
G1 X43.064 Y127.032
G1 X42.971 Y127.324
G1 X42.959 Y128.190
G1 X42.729 Y127.601
G1 X42.457 Y127.165
G1 X42.144 Y126.895
G1 X41.789 Y126.805
G1 X41.562 Y126.851
G1 X41.389 Y126.990
G0 Z5.000 F500.000
G0 X44.259 Y127.330 F3000.000
G1 Z1.000 F500.000
G4 P100
G1 X44.149 Y127.850 F1000.000
G1 X44.294 Y128.527
G1 X44.467 Y128.792
G1 X44.963 Y129.118
G1 X45.259 Y129.160
G1 X45.603 Y129.094
G1 X45.872 Y128.897
G1 X46.056 Y128.604
G1 X46.144 Y128.250
G1 X46.774 Y128.360
G1 X46.874 Y128.295
G1 X46.873 Y127.938
G1 X46.764 Y127.845
G1 X46.104 Y127.725
G1 X45.963 Y127.346
G1 X45.729 Y127.052
G1 X45.431 Y126.863
G1 X44.816 Y126.836
G1 X44.582 Y126.945
G1 X44.259 Y127.330
G0 Z5.000 F500.000
G0 X44.882 Y127.475 F3000.000
G1 Z1.000 F500.000
G4 P100
G1 X45.134 Y127.330 F1000.000
G1 X45.412 Y127.460
G1 X45.569 Y127.835
G1 X45.332 Y128.110
G1 X45.264 Y128.630
G1 X45.063 Y128.581
G1 X44.907 Y128.437
G1 X44.808 Y128.205
G1 X44.774 Y127.895
G1 X44.882 Y127.475
G0 Z5.000 F500.000
G0 X46.324 Y127.390 F3000.000
G1 Z1.000 F500.000
G4 P100
G1 X46.439 Y127.795 F1000.000
G1 X46.764 Y127.950
G1 X46.899 Y127.916
G1 X46.944 Y127.815
G1 X46.952 Y127.372
G1 X47.049 Y127.335
G1 X47.232 Y127.447
G1 X47.377 Y127.755
G1 X47.434 Y128.185
G1 X47.389 Y128.487
G1 X47.279 Y128.610
G1 X47.199 Y128.582
G1 X47.069 Y128.362
G1 X46.894 Y128.315
G1 X46.719 Y128.392
G1 X46.654 Y128.630
G1 X46.817 Y129.027
G1 X47.224 Y129.175
G1 X47.627 Y128.987
G1 X47.909 Y128.415
G1 X47.994 Y128.920
G1 X48.124 Y129.105
G1 X48.519 Y129.125
G1 X48.559 Y129.025
G1 X48.359 Y127.855
G1 X48.659 Y128.622
G1 X49.007 Y129.030
G1 X49.454 Y129.155
G1 X49.686 Y129.114
G1 X49.973 Y128.806
G1 X50.009 Y128.575
G1 X49.917 Y128.220
G1 X49.674 Y128.075
G1 X49.522 Y128.120
G1 X49.482 Y128.631
G1 X49.384 Y128.665
G1 X49.189 Y128.562
G1 X49.037 Y128.287
G1 X48.979 Y127.915
G1 X49.104 Y127.482
G1 X49.464 Y127.320
G1 X49.794 Y127.442
G1 X50.329 Y127.940
G1 X50.432 Y127.880
G1 X50.469 Y127.715
G1 X50.374 Y127.405
G1 X49.924 Y126.967
G1 X49.414 Y126.800
G1 X48.984 Y126.920
G1 X48.679 Y127.222
G1 X48.529 Y127.590
G1 X48.369 Y126.970
G1 X48.267 Y126.840
G1 X48.114 Y126.800
G1 X47.944 Y126.885
G1 X47.894 Y127.155
G1 X48.004 Y128.035
G1 X47.727 Y127.390
G1 X47.407 Y126.975
G1 X47.186 Y126.847
G1 X46.673 Y126.845
G1 X46.364 Y127.151
G1 X46.324 Y127.390
G0 Z5.000 F500.000
G0 X49.989 Y127.865 F3000.000
G1 Z1.000 F500.000
G4 P100
G1 X50.134 Y128.507 F1000.000
G1 X50.308 Y128.774
G1 X50.811 Y129.111
G1 X51.119 Y129.155
G1 X51.381 Y129.111
G1 X51.584 Y128.982
G1 X51.716 Y128.779
G1 X51.759 Y128.515
G1 X51.698 Y128.194
G1 X51.512 Y127.922
G1 X51.179 Y127.700
G1 X50.674 Y127.530
G1 X50.856 Y127.357
G1 X51.149 Y127.300
G1 X51.662 Y127.457
G1 X52.294 Y127.940
G1 X52.397 Y127.880
G1 X52.434 Y127.715
G1 X52.339 Y127.405
G1 X51.817 Y126.990
G1 X51.094 Y126.800
G1 X50.628 Y126.871
G1 X50.279 Y127.085
G1 X50.062 Y127.422
G1 X49.989 Y127.865
G0 Z5.000 F500.000
G0 X50.594 Y127.930 F3000.000
G1 Z1.000 F500.000
G4 P100
G1 X51.059 Y128.130 F1000.000
G1 X51.187 Y128.281
G1 X51.177 Y128.607
G1 X51.034 Y128.665
G1 X50.864 Y128.611
G1 X50.722 Y128.450
G1 X50.594 Y127.930
G0 Z5.000 F500.000
G0 X52.086 Y128.273 F3000.000
G1 Z1.000 F500.000
G4 P100
G1 X52.224 Y128.875 F1000.000
G1 X52.369 Y129.087
G1 X52.659 Y129.155
G1 X52.799 Y129.130
G1 X52.839 Y129.035
G1 X52.689 Y128.275
G1 X53.329 Y128.275
G1 X53.597 Y129.090
G1 X54.004 Y129.127
G1 X54.049 Y129.025
G1 X53.784 Y127.550
G1 X53.824 Y127.402
G1 X53.929 Y127.350
G1 X54.167 Y127.472
G1 X54.669 Y127.940
G1 X54.772 Y127.880
G1 X54.809 Y127.715
G1 X54.714 Y127.405
G1 X54.242 Y126.970
G1 X53.689 Y126.800
G1 X53.468 Y126.840
G1 X53.324 Y126.960
G1 X53.219 Y127.440
G1 X53.244 Y127.765
G1 X52.634 Y127.775
G1 X52.609 Y127.040
G1 X52.549 Y126.857
G1 X52.384 Y126.800
G1 X52.223 Y126.850
G1 X52.117 Y127.000
G1 X52.039 Y127.640
G1 X52.086 Y128.273
G0 Z5.000 F500.000
G0 X54.404 Y127.525 F3000.000
G1 Z1.000 F500.000
G4 P100
G1 X54.454 Y128.212 F1000.000
G1 X54.619 Y128.875
G1 X54.759 Y129.090
G1 X55.044 Y129.155
G1 X55.197 Y129.120
G1 X55.239 Y129.015
G1 X55.029 Y127.562
G1 X55.109 Y127.520
G1 X55.297 Y127.670
G1 X55.907 Y129.090
G1 X56.154 Y129.155
G1 X56.314 Y129.127
G1 X56.359 Y129.025
G1 X56.094 Y127.550
G1 X56.134 Y127.402
G1 X56.239 Y127.350
G1 X56.477 Y127.472
G1 X56.979 Y127.940
G1 X57.082 Y127.880
G1 X57.119 Y127.715
G1 X57.024 Y127.405
G1 X56.562 Y126.970
G1 X55.999 Y126.800
G1 X55.791 Y126.846
G1 X55.647 Y126.985
G1 X55.534 Y127.505
G1 X55.279 Y126.982
G1 X54.914 Y126.800
G1 X54.710 Y126.851
G1 X54.440 Y127.240
G1 X54.404 Y127.525
G0 Z5.000 F500.000
G0 X56.712 Y127.422 F3000.000
G1 Z1.000 F500.000
G4 P100
G1 X56.639 Y127.865 F1000.000
G1 X56.784 Y128.507
G1 X57.187 Y128.980
G1 X57.769 Y129.155
G1 X58.031 Y129.111
G1 X58.234 Y128.982
G1 X58.366 Y128.779
G1 X58.409 Y128.515
G1 X58.348 Y128.194
G1 X58.162 Y127.922
G1 X57.829 Y127.700
G1 X57.324 Y127.530
G1 X57.506 Y127.357
G1 X57.799 Y127.300
G1 X58.312 Y127.457
G1 X58.944 Y127.940
G1 X59.047 Y127.880
G1 X59.084 Y127.715
G1 X58.989 Y127.405
G1 X58.467 Y126.990
G1 X57.744 Y126.800
G1 X57.278 Y126.871
G1 X56.929 Y127.085
G1 X56.712 Y127.422
G0 Z5.000 F500.000
G0 X57.244 Y127.930 F3000.000
G1 Z1.000 F500.000
G4 P100
G1 X57.709 Y128.130 F1000.000
G1 X57.837 Y128.281
G1 X57.827 Y128.607
G1 X57.684 Y128.665
G1 X57.514 Y128.611
G1 X57.372 Y128.450
G1 X57.244 Y127.930
G0 Z5.000 F500.000
G0 X58.762 Y127.595 F3000.000
G1 Z1.000 F500.000
G4 P100
G1 X59.064 Y127.730 F1000.000
G1 X59.337 Y127.632
G1 X59.429 Y127.370
G1 X59.324 Y126.905
G1 X59.069 Y126.340
G1 X58.912 Y126.095
G1 X58.759 Y126.035
G1 X58.584 Y126.085
G1 X58.519 Y126.245
G1 X58.762 Y127.595
G0 Z5.000 F500.000
G0 X60.994 Y127.280 F3000.000
G1 Z1.000 F500.000
G4 P100
G1 X61.559 Y128.100 F1000.000
G1 X62.119 Y129.366
G1 X62.379 Y129.450
G1 X62.571 Y129.398
G1 X62.832 Y129.067
G1 X63.089 Y129.010
G1 X63.709 Y129.165
G1 X63.844 Y129.115
G1 X63.894 Y128.965
G1 X63.849 Y128.757
G1 X63.714 Y128.595
G1 X63.032 Y127.997
G1 X62.884 Y127.775
G1 X62.834 Y127.555
G1 X62.912 Y127.367
G1 X63.144 Y127.305
G1 X63.684 Y127.457
G1 X64.334 Y127.940
G1 X64.437 Y127.880
G1 X64.474 Y127.715
G1 X64.379 Y127.405
G1 X63.789 Y126.922
G1 X63.079 Y126.750
G1 X62.705 Y126.794
G1 X62.432 Y126.927
G1 X62.265 Y127.148
G1 X62.209 Y127.455
G1 X62.265 Y127.774
G1 X62.432 Y128.052
G1 X63.074 Y128.600
G1 X62.849 Y128.565
G1 X62.572 Y128.650
G1 X62.389 Y128.905
G1 X62.064 Y128.025
G1 X61.727 Y127.552
G1 X61.364 Y127.170
G1 X61.174 Y127.080
G1 X61.044 Y127.137
G1 X60.994 Y127.280
G0 Z5.000 F500.000
G0 X64.074 Y127.640 F3000.000
G1 Z1.000 F500.000
G4 P100
G1 X64.259 Y128.875 F1000.000
G1 X64.407 Y129.087
G1 X64.694 Y129.155
G1 X64.834 Y129.130
G1 X64.874 Y129.035
G1 X64.669 Y127.960
G1 X64.992 Y128.620
G1 X65.377 Y129.022
G1 X65.749 Y129.155
G1 X65.997 Y129.075
G1 X66.069 Y128.830
G1 X65.919 Y127.980
G1 X66.183 Y128.511
G1 X66.474 Y128.875
G1 X66.769 Y129.085
G1 X67.044 Y129.155
G1 X67.288 Y129.073
G1 X67.369 Y128.830
G1 X67.164 Y127.550
G1 X67.201 Y127.400
G1 X67.309 Y127.350
G1 X67.547 Y127.472
G1 X68.049 Y127.940
G1 X68.152 Y127.880
G1 X68.189 Y127.715
G1 X68.094 Y127.405
G1 X67.632 Y126.970
G1 X67.069 Y126.800
G1 X66.846 Y126.836
G1 X66.587 Y127.128
G1 X66.554 Y127.375
G1 X66.689 Y128.310
G1 X66.634 Y128.390
G1 X66.449 Y128.222
G1 X66.209 Y127.780
G1 X65.887 Y126.880
G1 X65.654 Y126.800
G1 X65.407 Y126.957
G1 X65.324 Y127.340
G1 X65.414 Y128.310
G1 X65.359 Y128.390
G1 X65.169 Y128.210
G1 X64.947 Y127.750
G1 X64.647 Y126.882
G1 X64.419 Y126.800
G1 X64.258 Y126.850
G1 X64.152 Y127.000
G1 X64.074 Y127.640
G0 Z5.000 F500.000
G0 X67.709 Y127.850 F3000.000
G1 Z1.000 F500.000
G4 P100
G1 X67.854 Y128.527 F1000.000
G1 X68.027 Y128.792
G1 X68.523 Y129.118
G1 X68.819 Y129.160
G1 X69.163 Y129.094
G1 X69.432 Y128.897
G1 X69.616 Y128.604
G1 X69.704 Y128.250
G1 X70.334 Y128.360
G1 X70.434 Y128.295
G1 X70.469 Y128.130
G1 X70.433 Y127.938
G1 X70.324 Y127.845
G1 X69.664 Y127.725
G1 X69.523 Y127.346
G1 X69.289 Y127.052
G1 X68.991 Y126.863
G1 X68.654 Y126.800
G1 X68.142 Y126.945
G1 X67.819 Y127.330
G1 X67.709 Y127.850
G0 Z5.000 F500.000
G0 X68.442 Y127.475 F3000.000
G1 Z1.000 F500.000
G4 P100
G1 X68.694 Y127.330 F1000.000
G1 X68.972 Y127.460
G1 X69.129 Y127.835
G1 X68.892 Y128.110
G1 X68.824 Y128.630
G1 X68.623 Y128.581
G1 X68.467 Y128.437
G1 X68.368 Y128.205
G1 X68.334 Y127.895
G1 X68.442 Y127.475
G0 Z5.000 F500.000
G0 X69.994 Y127.790 F3000.000
G1 Z1.000 F500.000
G4 P100
G1 X70.132 Y128.462 F1000.000
G1 X70.504 Y128.927
G1 X71.024 Y129.095
G1 X71.284 Y129.040
G1 X70.449 Y130.122
G1 X70.379 Y130.440
G1 X70.509 Y130.807
G1 X70.829 Y131.015
G1 X71.999 Y131.365
G1 X72.112 Y131.275
G1 X72.154 Y131.065
G1 X72.059 Y130.815
G1 X71.067 Y130.547
G1 X70.959 Y130.385
G1 X71.912 Y129.037
G1 X72.014 Y128.245
G1 X72.699 Y128.360
G1 X72.799 Y128.295
G1 X72.799 Y127.937
G1 X72.689 Y127.845
G1 X71.929 Y127.720
G1 X71.763 Y127.327
G1 X71.522 Y127.040
G1 X71.219 Y126.863
G1 X70.864 Y126.805
G1 X70.499 Y126.865
G1 X70.224 Y127.047
G1 X70.052 Y127.354
G1 X69.994 Y127.790
G0 Z5.000 F500.000
G0 X70.677 Y127.450 F3000.000
G1 Z1.000 F500.000
G4 P100
G1 X70.864 Y127.330 F1000.000
G1 X71.152 Y127.502
G1 X71.364 Y127.950
G1 X71.222 Y128.190
G1 X71.184 Y128.605
G1 X70.857 Y128.505
G1 X70.684 Y128.212
G1 X70.619 Y127.790
G1 X70.677 Y127.450
G0 Z5.000 F500.000
G0 X72.424 Y127.730 F3000.000
G1 Z1.000 F500.000
G4 P100
G1 X72.609 Y128.875 F1000.000
G1 X72.757 Y129.087
G1 X73.054 Y129.155
G1 X73.223 Y129.125
G1 X73.279 Y129.035
G1 X73.099 Y128.225
G1 X73.422 Y128.447
G1 X73.804 Y128.535
G1 X74.184 Y128.397
G1 X74.354 Y128.010
G1 X75.007 Y129.095
G1 X75.244 Y129.155
G1 X75.436 Y129.112
G1 X75.499 Y128.985
G1 X75.284 Y127.660
G1 X75.324 Y127.430
G1 X75.459 Y127.350
G1 X75.684 Y127.475
G1 X76.179 Y127.940
G1 X76.282 Y127.880
G1 X76.319 Y127.715
G1 X76.224 Y127.405
G1 X75.746 Y126.951
G1 X75.299 Y126.800
G1 X75.019 Y126.857
G1 X74.827 Y127.030
G1 X74.716 Y127.297
G1 X74.679 Y127.715
G1 X74.072 Y127.050
G1 X73.731 Y126.862
G1 X73.374 Y126.800
G1 X72.984 Y126.865
G1 X72.682 Y127.060
G1 X72.489 Y127.357
G1 X72.424 Y127.730
G0 Z5.000 F500.000
G0 X73.054 Y127.695 F3000.000
G1 Z1.000 F500.000
G4 P100
G1 X73.159 Y127.420 F1000.000
G1 X73.419 Y127.330
G1 X73.729 Y127.440
G1 X73.839 Y127.745
G1 X73.768 Y127.943
G1 X73.554 Y128.010
G1 X73.257 Y127.915
G1 X73.054 Y127.695
G0 Z5.000 F500.000
G0 X77.249 Y127.640 F3000.000
G1 Z1.000 F500.000
G4 P100
G1 X77.434 Y128.875 F1000.000
G1 X77.582 Y129.087
G1 X77.869 Y129.155
G1 X78.009 Y129.130
G1 X78.049 Y129.035
G1 X77.844 Y127.955
G1 X78.214 Y128.655
G1 X78.617 Y129.040
G1 X78.979 Y129.155
G1 X79.223 Y129.073
G1 X79.304 Y128.830
G1 X79.099 Y127.550
G1 X79.136 Y127.400
G1 X79.244 Y127.350
G1 X79.482 Y127.472
G1 X79.984 Y127.940
G1 X80.087 Y127.880
G1 X80.124 Y127.715
G1 X80.029 Y127.405
G1 X79.567 Y126.970
G1 X79.004 Y126.800
G1 X78.781 Y126.836
G1 X78.522 Y127.128
G1 X78.489 Y127.375
G1 X78.624 Y128.310
G1 X78.569 Y128.390
G1 X78.387 Y128.222
G1 X78.147 Y127.780
G1 X77.822 Y126.882
G1 X77.594 Y126.800
G1 X77.433 Y126.850
G1 X77.327 Y127.000
G1 X77.249 Y127.640
G0 Z5.000 F500.000
G0 X79.717 Y127.422 F3000.000
G1 Z1.000 F500.000
G4 P100
G1 X79.644 Y127.865 F1000.000
G1 X79.789 Y128.507
G1 X80.192 Y128.980
G1 X80.774 Y129.155
G1 X81.036 Y129.111
G1 X81.239 Y128.982
G1 X81.371 Y128.779
G1 X81.414 Y128.515
G1 X81.353 Y128.194
G1 X81.167 Y127.922
G1 X80.834 Y127.700
G1 X80.329 Y127.530
G1 X80.511 Y127.357
G1 X80.804 Y127.300
G1 X81.317 Y127.457
G1 X81.949 Y127.940
G1 X82.052 Y127.880
G1 X82.089 Y127.715
G1 X81.994 Y127.405
G1 X81.472 Y126.990
G1 X80.749 Y126.800
G1 X80.283 Y126.871
G1 X79.934 Y127.085
G1 X79.717 Y127.422
G0 Z5.000 F500.000
G0 X80.249 Y127.930 F3000.000
G1 Z1.000 F500.000
G4 P100
G1 X80.714 Y128.130 F1000.000
G1 X80.842 Y128.281
G1 X80.832 Y128.607
G1 X80.689 Y128.665
G1 X80.519 Y128.611
G1 X80.377 Y128.450
G1 X80.249 Y127.930
G0 Z5.000 F500.000
G0 X81.759 Y128.870 F3000.000
G1 Z1.000 F500.000
G4 P100
G1 X81.874 Y129.100 F1000.000
G1 X82.174 Y129.185
G1 X82.327 Y129.142
G1 X82.384 Y128.790
G1 X82.699 Y129.077
G1 X83.029 Y129.165
G1 X83.284 Y129.108
G1 X83.487 Y128.940
G1 X83.620 Y128.680
G1 X83.664 Y128.350
G1 X83.579 Y127.835
G1 X83.344 Y127.380
G1 X83.519 Y127.350
G1 X83.834 Y127.470
G1 X84.354 Y127.940
G1 X84.457 Y127.880
G1 X84.494 Y127.715
G1 X84.399 Y127.405
G1 X83.937 Y126.970
G1 X83.673 Y126.842
G1 X83.134 Y126.847
G1 X82.944 Y126.990
G1 X82.349 Y126.800
G1 X82.243 Y125.914
G1 X82.054 Y125.187
G1 X81.771 Y124.701
G1 X81.379 Y124.540
G1 X81.144 Y124.588
G1 X80.979 Y124.735
G1 X80.849 Y125.275
G1 X81.074 Y126.417
G1 X81.769 Y127.855
G1 X81.759 Y128.870
G0 Z5.000 F500.000
G0 X82.379 Y127.635 F3000.000
G1 Z1.000 F500.000
G4 P100
G1 X82.374 Y127.280 F1000.000
G1 X82.707 Y127.477
G1 X82.949 Y127.867
G1 X83.039 Y128.355
G1 X82.979 Y128.582
G1 X82.819 Y128.660
G1 X82.621 Y128.565
G1 X82.384 Y128.280
G1 X82.379 Y127.635
G0 Z5.000 F500.000
G0 X81.759 Y127.080 F3000.000
G1 Z1.000 F500.000
G4 P100
G1 X81.419 Y126.125 F1000.000
G1 X81.294 Y125.360
G1 X81.332 Y125.115
G1 X81.419 Y125.030
G1 X81.543 Y125.176
G1 X81.644 Y125.617
G1 X81.759 Y127.080
G0 Z5.000 F500.000
G0 X84.087 Y127.422 F3000.000
G1 Z1.000 F500.000
G4 P100
G1 X84.014 Y127.865 F1000.000
G1 X84.159 Y128.507
G1 X84.562 Y128.980
G1 X85.144 Y129.155
G1 X85.406 Y129.111
G1 X85.609 Y128.982
G1 X85.741 Y128.779
G1 X85.784 Y128.515
G1 X85.723 Y128.194
G1 X85.537 Y127.922
G1 X85.204 Y127.700
G1 X84.699 Y127.530
G1 X84.881 Y127.357
G1 X85.174 Y127.300
G1 X85.687 Y127.457
G1 X86.319 Y127.940
G1 X86.422 Y127.880
G1 X86.459 Y127.715
G1 X86.364 Y127.405
G1 X85.842 Y126.990
G1 X85.119 Y126.800
G1 X84.653 Y126.871
G1 X84.304 Y127.085
G1 X84.087 Y127.422
G0 Z5.000 F500.000
G0 X84.619 Y127.930 F3000.000
G1 Z1.000 F500.000
G4 P100
G1 X85.084 Y128.130 F1000.000
G1 X85.212 Y128.281
G1 X85.202 Y128.607
G1 X85.059 Y128.665
G1 X84.889 Y128.611
G1 X84.747 Y128.450
G1 X84.619 Y127.930
G0 Z5.000 F500.000
G0 X86.111 Y128.273 F3000.000
G1 Z1.000 F500.000
G4 P100
G1 X86.249 Y128.875 F1000.000
G1 X86.394 Y129.087
G1 X86.684 Y129.155
G1 X86.824 Y129.130
G1 X86.864 Y129.035
G1 X86.714 Y128.275
G1 X87.354 Y128.275
G1 X87.622 Y129.090
G1 X88.029 Y129.127
G1 X88.074 Y129.025
G1 X87.809 Y127.550
G1 X87.849 Y127.402
G1 X87.954 Y127.350
G1 X88.192 Y127.472
G1 X88.694 Y127.940
G1 X88.797 Y127.880
G1 X88.834 Y127.715
G1 X88.739 Y127.405
G1 X88.267 Y126.970
G1 X87.714 Y126.800
G1 X87.493 Y126.840
G1 X87.349 Y126.960
G1 X87.244 Y127.440
G1 X87.269 Y127.765
G1 X86.659 Y127.775
G1 X86.634 Y127.040
G1 X86.574 Y126.857
G1 X86.409 Y126.800
G1 X86.248 Y126.850
G1 X86.142 Y127.000
G1 X86.064 Y127.640
G1 X86.111 Y128.273
G0 Z5.000 F500.000
G0 X88.354 Y127.850 F3000.000
G1 Z1.000 F500.000
G4 P100
G1 X88.499 Y128.527 F1000.000
G1 X88.672 Y128.792
G1 X89.168 Y129.118
G1 X89.464 Y129.160
G1 X89.808 Y129.094
G1 X90.077 Y128.897
G1 X90.261 Y128.604
G1 X90.349 Y128.250
G1 X90.979 Y128.360
G1 X91.079 Y128.295
G1 X91.114 Y128.130
G1 X91.078 Y127.938
G1 X90.969 Y127.845
G1 X90.309 Y127.725
G1 X90.168 Y127.346
G1 X89.934 Y127.052
G1 X89.636 Y126.863
G1 X89.299 Y126.800
G1 X88.787 Y126.945
G1 X88.464 Y127.330
G1 X88.354 Y127.850
G0 Z5.000 F500.000
G0 X89.087 Y127.475 F3000.000
G1 Z1.000 F500.000
G4 P100
G1 X89.339 Y127.330 F1000.000
G1 X89.617 Y127.460
G1 X89.774 Y127.835
G1 X89.537 Y128.110
G1 X89.469 Y128.630
G1 X89.268 Y128.581
G1 X89.112 Y128.437
G1 X89.013 Y128.205
G1 X88.979 Y127.895
G1 X89.087 Y127.475
G0 Z5.000 F500.000
G0 X90.604 Y127.810 F3000.000
G1 Z1.000 F500.000
G4 P100
G1 X90.644 Y128.190 F1000.000
G1 X90.948 Y128.790
G1 X91.179 Y128.990
G1 X91.714 Y129.155
G1 X92.142 Y128.992
G1 X92.294 Y128.575
G1 X92.202 Y128.220
G1 X91.959 Y128.075
G1 X91.807 Y128.120
G1 X91.749 Y128.245
G1 X91.767 Y128.630
G1 X91.674 Y128.665
G1 X91.459 Y128.562
G1 X91.299 Y128.285
G1 X91.239 Y127.900
G1 X91.366 Y127.465
G1 X91.744 Y127.320
G1 X92.187 Y127.457
G1 X92.789 Y127.940
G1 X92.892 Y127.880
G1 X92.929 Y127.715
G1 X92.834 Y127.405
G1 X92.576 Y127.148
G1 X92.272 Y126.957
G1 X91.639 Y126.800
G1 X91.204 Y126.869
G1 X90.877 Y127.077
G1 X90.673 Y127.399
G1 X90.604 Y127.810
G0 Z5.000 F500.000
G0 X93.769 Y127.810 F3000.000
G1 Z1.000 F500.000
G4 P100
G1 X93.809 Y128.190 F1000.000
G1 X94.113 Y128.790
G1 X94.344 Y128.990
G1 X94.879 Y129.155
G1 X95.307 Y128.992
G1 X95.459 Y128.575
G1 X95.367 Y128.220
G1 X95.124 Y128.075
G1 X94.972 Y128.120
G1 X94.914 Y128.245
G1 X94.932 Y128.630
G1 X94.839 Y128.665
G1 X94.624 Y128.562
G1 X94.464 Y128.285
G1 X94.404 Y127.900
G1 X94.531 Y127.465
G1 X94.909 Y127.320
G1 X95.352 Y127.457
G1 X95.954 Y127.940
G1 X96.057 Y127.880
G1 X96.094 Y127.715
G1 X95.999 Y127.405
G1 X95.741 Y127.148
G1 X95.437 Y126.957
G1 X94.804 Y126.800
G1 X94.369 Y126.869
G1 X94.042 Y127.077
G1 X93.838 Y127.399
G1 X93.769 Y127.810
G0 Z5.000 F500.000
G0 X95.699 Y127.640 F3000.000
G1 Z1.000 F500.000
G4 P100
G1 X95.884 Y128.875 F1000.000
G1 X96.032 Y129.087
G1 X96.319 Y129.155
G1 X96.459 Y129.130
G1 X96.499 Y129.035
G1 X96.294 Y127.960
G1 X96.617 Y128.620
G1 X97.002 Y129.022
G1 X97.374 Y129.155
G1 X97.622 Y129.075
G1 X97.694 Y128.830
G1 X97.544 Y127.980
G1 X97.808 Y128.511
G1 X98.099 Y128.875
G1 X98.394 Y129.085
G1 X98.669 Y129.155
G1 X98.913 Y129.073
G1 X98.994 Y128.830
G1 X98.789 Y127.550
G1 X98.826 Y127.400
G1 X98.934 Y127.350
G1 X99.172 Y127.472
G1 X99.674 Y127.940
G1 X99.777 Y127.880
G1 X99.814 Y127.715
G1 X99.719 Y127.405
G1 X99.257 Y126.970
G1 X98.694 Y126.800
G1 X98.471 Y126.836
G1 X98.212 Y127.128
G1 X98.179 Y127.375
G1 X98.314 Y128.310
G1 X98.259 Y128.390
G1 X98.074 Y128.222
G1 X97.834 Y127.780
G1 X97.512 Y126.880
G1 X97.279 Y126.800
G1 X97.032 Y126.957
G1 X96.949 Y127.340
G1 X97.039 Y128.310
G1 X96.984 Y128.390
G1 X96.794 Y128.210
G1 X96.572 Y127.750
G1 X96.272 Y126.882
G1 X96.044 Y126.800
G1 X95.883 Y126.850
G1 X95.777 Y127.000
G1 X95.699 Y127.640
G0 Z5.000 F500.000
G0 X98.799 Y126.417 F3000.000
G1 Z1.000 F500.000
G4 P100
G1 X99.494 Y127.855 F1000.000
G1 X99.484 Y128.870
G1 X99.599 Y129.100
G1 X99.899 Y129.185
G1 X100.052 Y129.142
G1 X100.109 Y128.790
G1 X100.424 Y129.077
G1 X100.754 Y129.165
G1 X101.009 Y129.108
G1 X101.212 Y128.940
G1 X101.345 Y128.680
G1 X101.389 Y128.350
G1 X101.304 Y127.835
G1 X101.069 Y127.380
G1 X101.244 Y127.350
G1 X101.559 Y127.470
G1 X101.944 Y127.870
G1 X102.079 Y127.940
G1 X102.182 Y127.880
G1 X102.219 Y127.715
G1 X102.124 Y127.405
G1 X101.662 Y126.970
G1 X101.099 Y126.800
G1 X100.859 Y126.847
G1 X100.669 Y126.990
G1 X100.074 Y126.800
G1 X99.968 Y125.914
G1 X99.779 Y125.187
G1 X99.496 Y124.701
G1 X99.314 Y124.580
G1 X98.869 Y124.588
G1 X98.704 Y124.735
G1 X98.607 Y124.967
G1 X98.631 Y125.805
G1 X98.799 Y126.417
G0 Z5.000 F500.000
G0 X99.019 Y125.360 F3000.000
G1 Z1.000 F500.000
G4 P100
G1 X99.057 Y125.115 F1000.000
G1 X99.144 Y125.030
G1 X99.268 Y125.176
G1 X99.369 Y125.617
G1 X99.484 Y127.080
G1 X99.144 Y126.125
G1 X99.019 Y125.360
G0 Z5.000 F500.000
G0 X100.099 Y127.280 F3000.000
G1 Z1.000 F500.000
G4 P100
G1 X100.432 Y127.477 F1000.000
G1 X100.674 Y127.867
G1 X100.764 Y128.355
G1 X100.704 Y128.582
G1 X100.544 Y128.660
G1 X100.346 Y128.565
G1 X100.109 Y128.280
G1 X100.099 Y127.280
G0 Z5.000 F500.000
G0 X101.739 Y127.850 F3000.000
G1 Z1.000 F500.000
G4 P100
G1 X101.884 Y128.527 F1000.000
G1 X102.057 Y128.792
G1 X102.553 Y129.118
G1 X102.849 Y129.160
G1 X103.193 Y129.094
G1 X103.462 Y128.897
G1 X103.646 Y128.604
G1 X103.734 Y128.250
G1 X104.364 Y128.360
G1 X104.464 Y128.295
G1 X104.499 Y128.130
G1 X104.463 Y127.938
G1 X104.354 Y127.845
G1 X103.694 Y127.725
G1 X103.553 Y127.346
G1 X103.319 Y127.052
G1 X103.021 Y126.863
G1 X102.684 Y126.800
G1 X102.172 Y126.945
G1 X101.849 Y127.330
G1 X101.739 Y127.850
G0 Z5.000 F500.000
G0 X102.472 Y127.475 F3000.000
G1 Z1.000 F500.000
G4 P100
G1 X102.724 Y127.330 F1000.000
G1 X103.002 Y127.460
G1 X103.159 Y127.835
G1 X102.922 Y128.110
G1 X102.854 Y128.630
G1 X102.653 Y128.581
G1 X102.497 Y128.437
G1 X102.398 Y128.205
G1 X102.364 Y127.895
G1 X102.472 Y127.475
G0 Z5.000 F500.000
G0 X104.079 Y127.640 F3000.000
G1 Z1.000 F500.000
G4 P100
G1 X104.264 Y128.875 F1000.000
G1 X104.412 Y129.087
G1 X104.699 Y129.155
G1 X104.839 Y129.130
G1 X104.879 Y129.035
G1 X104.664 Y127.855
G1 X104.868 Y128.455
G1 X105.119 Y128.855
G1 X105.423 Y129.080
G1 X105.784 Y129.155
G1 X106.192 Y128.992
G1 X106.339 Y128.575
G1 X106.247 Y128.220
G1 X106.004 Y128.075
G1 X105.852 Y128.120
G1 X105.794 Y128.245
G1 X105.812 Y128.631
G1 X105.714 Y128.665
G1 X105.519 Y128.562
G1 X105.367 Y128.287
G1 X105.309 Y127.915
G1 X105.434 Y127.482
G1 X105.794 Y127.320
G1 X106.124 Y127.442
G1 X106.659 Y127.940
G1 X106.762 Y127.880
G1 X106.799 Y127.715
G1 X106.704 Y127.405
G1 X106.254 Y126.967
G1 X105.744 Y126.800
G1 X105.317 Y126.902
G1 X105.004 Y127.150
G1 X104.849 Y127.430
G1 X104.647 Y126.875
G1 X104.424 Y126.800
G1 X104.263 Y126.850
G1 X104.157 Y127.000
G1 X104.079 Y127.640
G0 Z5.000 F500.000
G0 X106.430 Y127.240 F3000.000
G1 Z1.000 F500.000
G4 P100
G1 X106.444 Y128.212 F1000.000
G1 X106.609 Y128.875
G1 X106.749 Y129.090
G1 X107.034 Y129.155
G1 X107.187 Y129.120
G1 X107.229 Y129.015
G1 X107.019 Y127.562
G1 X107.099 Y127.520
G1 X107.287 Y127.670
G1 X107.897 Y129.090
G1 X108.144 Y129.155
G1 X108.304 Y129.127
G1 X108.349 Y129.025
G1 X108.084 Y127.550
G1 X108.124 Y127.402
G1 X108.229 Y127.350
G1 X108.467 Y127.472
G1 X108.969 Y127.940
G1 X109.072 Y127.880
G1 X109.109 Y127.715
G1 X109.014 Y127.405
G1 X108.552 Y126.970
G1 X108.288 Y126.842
G1 X107.781 Y126.846
G1 X107.637 Y126.985
G1 X107.524 Y127.505
G1 X107.269 Y126.982
G1 X106.904 Y126.800
G1 X106.700 Y126.851
G1 X106.430 Y127.240
G0 Z5.000 F500.000
G0 X110.042 Y127.354 F3000.000
G1 Z1.000 F500.000
G4 P100
G1 X109.984 Y127.790 F1000.000
G1 X110.122 Y128.462
G1 X110.494 Y128.927
G1 X110.742 Y129.053
G1 X111.274 Y129.040
G1 X110.439 Y130.122
G1 X110.369 Y130.440
G1 X110.499 Y130.807
G1 X110.819 Y131.015
G1 X111.989 Y131.365
G1 X112.102 Y131.275
G1 X112.144 Y131.065
G1 X112.049 Y130.815
G1 X111.057 Y130.547
G1 X110.949 Y130.385
G1 X111.902 Y129.037
G1 X112.004 Y128.245
G1 X112.689 Y128.360
G1 X112.789 Y128.295
G1 X112.789 Y127.937
G1 X112.679 Y127.845
G1 X111.919 Y127.720
G1 X111.753 Y127.327
G1 X111.512 Y127.040
G1 X111.209 Y126.863
G1 X110.854 Y126.805
G1 X110.489 Y126.865
G1 X110.214 Y127.047
G1 X110.042 Y127.354
G0 Z5.000 F500.000
G0 X110.667 Y127.450 F3000.000
G1 Z1.000 F500.000
G4 P100
G1 X110.854 Y127.330 F1000.000
G1 X111.142 Y127.502
G1 X111.354 Y127.950
G1 X111.212 Y128.190
G1 X111.174 Y128.605
G1 X110.847 Y128.505
G1 X110.674 Y128.212
G1 X110.609 Y127.790
G1 X110.667 Y127.450
G0 Z5.000 F500.000
G0 X112.414 Y127.730 F3000.000
G1 Z1.000 F500.000
G4 P100
G1 X112.599 Y128.875 F1000.000
G1 X112.747 Y129.087
G1 X113.044 Y129.155
G1 X113.213 Y129.125
G1 X113.269 Y129.035
G1 X113.089 Y128.225
G1 X113.412 Y128.447
G1 X113.794 Y128.535
G1 X114.174 Y128.397
G1 X114.344 Y128.010
G1 X114.997 Y129.095
G1 X115.234 Y129.155
G1 X115.426 Y129.112
G1 X115.489 Y128.985
G1 X115.274 Y127.660
G1 X115.314 Y127.430
G1 X115.449 Y127.350
G1 X115.674 Y127.475
G1 X116.169 Y127.940
G1 X116.272 Y127.880
G1 X116.309 Y127.715
G1 X116.214 Y127.405
G1 X115.736 Y126.951
G1 X115.289 Y126.800
G1 X115.009 Y126.857
G1 X114.817 Y127.030
G1 X114.706 Y127.297
G1 X114.669 Y127.715
G1 X114.062 Y127.050
G1 X113.721 Y126.862
G1 X113.364 Y126.800
G1 X112.974 Y126.865
G1 X112.672 Y127.060
G1 X112.479 Y127.357
G1 X112.414 Y127.730
G0 Z5.000 F500.000
G0 X113.044 Y127.695 F3000.000
G1 Z1.000 F500.000
G4 P100
G1 X113.149 Y127.420 F1000.000
G1 X113.409 Y127.330
G1 X113.719 Y127.440
G1 X113.829 Y127.745
G1 X113.758 Y127.943
G1 X113.544 Y128.010
G1 X113.247 Y127.915
G1 X113.044 Y127.695
G0 Z5.000 F500.000
G0 X115.669 Y127.455 F3000.000
G1 Z1.000 F500.000
G4 P100
G1 X115.784 Y127.860 F1000.000
G1 X116.109 Y128.015
G1 X116.252 Y127.975
G1 X116.289 Y127.865
G1 X116.272 Y127.400
G1 X116.339 Y127.355
G1 X116.452 Y127.430
G1 X117.289 Y129.067
G1 X117.589 Y129.145
G1 X117.869 Y129.070
G1 X117.959 Y128.825
G1 X117.983 Y127.456
G1 X118.144 Y127.325
G1 X118.322 Y127.410
G1 X118.854 Y127.940
G1 X118.957 Y127.880
G1 X118.994 Y127.715
G1 X118.899 Y127.405
G1 X118.612 Y127.092
G1 X118.312 Y126.887
G1 X117.909 Y126.800
G1 X117.657 Y126.858
G1 X117.489 Y127.032
G1 X117.396 Y127.324
G1 X117.384 Y128.190
G1 X117.154 Y127.601
G1 X116.882 Y127.165
G1 X116.569 Y126.895
G1 X116.214 Y126.805
G1 X115.987 Y126.851
G1 X115.814 Y126.990
G1 X115.669 Y127.455
G0 Z5.000 F500.000
G0 X35.014 Y117.618 F3000.000
G1 Z1.000 F500.000
G4 P100
G1 X34.919 Y117.308 F1000.000
G1 X34.447 Y116.873
G1 X33.894 Y116.703
G1 X33.673 Y116.743
G1 X33.529 Y116.863
G1 X33.424 Y117.343
G1 X33.449 Y117.668
G1 X32.839 Y117.678
G1 X32.754 Y116.760
G1 X32.589 Y116.703
G1 X32.428 Y116.753
G1 X32.322 Y116.903
G1 X32.244 Y117.543
G1 X32.429 Y118.778
G1 X32.574 Y118.990
G1 X33.004 Y119.033
G1 X33.044 Y118.938
G1 X32.894 Y118.178
G1 X33.534 Y118.178
G1 X33.802 Y118.993
G1 X34.209 Y119.030
G1 X34.254 Y118.928
G1 X33.989 Y117.453
G1 X34.029 Y117.305
G1 X34.134 Y117.253
G1 X34.372 Y117.375
G1 X34.874 Y117.843
G1 X34.977 Y117.783
G1 X35.014 Y117.618
G0 Z5.000 F500.000
G0 X35.139 Y117.833 F3000.000
G1 Z1.000 F500.000
G4 P100
G1 X35.604 Y118.033 F1000.000
G1 X35.732 Y118.184
G1 X35.722 Y118.510
G1 X35.579 Y118.568
G1 X35.409 Y118.514
G1 X35.267 Y118.353
G1 X35.139 Y117.833
G0 Z5.000 F500.000
G0 X34.853 Y118.677 F3000.000
G1 Z1.000 F500.000
G4 P100
G1 X35.356 Y119.014 F1000.000
G1 X35.926 Y119.014
G1 X36.129 Y118.885
G1 X36.261 Y118.682
G1 X36.304 Y118.418
G1 X36.243 Y118.097
G1 X36.057 Y117.825
G1 X35.724 Y117.603
G1 X35.219 Y117.433
G1 X35.401 Y117.260
G1 X35.694 Y117.203
G1 X36.207 Y117.360
G1 X36.839 Y117.843
G1 X36.942 Y117.783
G1 X36.979 Y117.618
G1 X36.884 Y117.308
G1 X36.362 Y116.893
G1 X36.013 Y116.750
G1 X35.639 Y116.703
G1 X35.173 Y116.774
G1 X34.824 Y116.988
G1 X34.607 Y117.325
G1 X34.534 Y117.768
G1 X34.679 Y118.410
G1 X34.853 Y118.677
G0 Z5.000 F500.000
G0 X36.624 Y118.115 F3000.000
G1 Z1.000 F500.000
G4 P100
G1 X36.789 Y118.778 F1000.000
G1 X36.929 Y118.993
G1 X37.367 Y119.023
G1 X37.409 Y118.918
G1 X37.174 Y117.613
G1 X37.279 Y117.423
G1 X37.467 Y117.573
G1 X37.707 Y118.028
G1 X38.077 Y118.993
G1 X38.484 Y119.030
G1 X38.529 Y118.928
G1 X38.264 Y117.453
G1 X38.304 Y117.305
G1 X38.409 Y117.253
G1 X38.647 Y117.375
G1 X39.149 Y117.843
G1 X39.252 Y117.783
G1 X39.289 Y117.618
G1 X39.194 Y117.308
G1 X38.732 Y116.873
G1 X38.468 Y116.745
G1 X37.961 Y116.749
G1 X37.817 Y116.888
G1 X37.704 Y117.408
G1 X37.449 Y116.885
G1 X37.084 Y116.703
G1 X36.880 Y116.754
G1 X36.610 Y117.143
G1 X36.624 Y118.115
G0 Z5.000 F500.000
G0 X38.914 Y117.373 F3000.000
G1 Z1.000 F500.000
G4 P100
G1 X39.014 Y117.623 F1000.000
G1 X39.727 Y117.920
G1 X40.012 Y118.128
G1 X40.134 Y118.443
G1 X40.074 Y118.603
G1 X39.874 Y118.658
G1 X39.322 Y118.460
G1 X39.058 Y118.485
G1 X39.009 Y118.628
G1 X39.122 Y118.863
G1 X39.444 Y119.038
G1 X39.934 Y119.103
G1 X40.244 Y119.060
G1 X40.462 Y118.933
G1 X40.591 Y118.736
G1 X40.634 Y118.488
G1 X40.555 Y118.106
G1 X40.317 Y117.803
G1 X39.499 Y117.393
G1 X40.024 Y117.083
G1 X41.109 Y117.793
G1 X41.224 Y117.833
G1 X41.327 Y117.773
G1 X41.364 Y117.613
G1 X41.224 Y117.318
G1 X40.214 Y116.688
G1 X40.206 Y115.902
G1 X39.876 Y115.053
G1 X39.617 Y114.733
G1 X39.321 Y114.523
G1 X39.009 Y114.453
G1 X38.766 Y114.491
G1 X38.472 Y114.789
G1 X38.498 Y115.456
G1 X38.689 Y115.863
G1 X39.041 Y116.288
G1 X39.584 Y116.763
G1 X38.994 Y117.163
G1 X38.914 Y117.373
G0 Z5.000 F500.000
G0 X39.684 Y116.288 F3000.000
G1 Z1.000 F500.000
G4 P100
G1 X39.114 Y115.676 F1000.000
G1 X38.972 Y115.392
G1 X38.959 Y114.973
G1 X39.064 Y114.923
G1 X39.332 Y115.145
G1 X39.582 Y115.683
G1 X39.684 Y116.288
G0 Z5.000 F500.000
G0 X41.244 Y116.950 F3000.000
G1 Z1.000 F500.000
G4 P100
G1 X41.072 Y117.257 F1000.000
G1 X41.014 Y117.693
G1 X41.152 Y118.365
G1 X41.524 Y118.830
G1 X41.772 Y118.956
G1 X42.304 Y118.943
G1 X41.469 Y120.025
G1 X41.399 Y120.343
G1 X41.529 Y120.710
G1 X41.849 Y120.918
G1 X43.019 Y121.268
G1 X43.132 Y121.178
G1 X43.174 Y120.968
G1 X43.079 Y120.718
G1 X42.087 Y120.450
G1 X41.979 Y120.288
G1 X42.932 Y118.940
G1 X43.034 Y118.148
G1 X43.719 Y118.263
G1 X43.819 Y118.198
G1 X43.819 Y117.840
G1 X43.709 Y117.748
G1 X42.949 Y117.623
G1 X42.783 Y117.230
G1 X42.542 Y116.943
G1 X42.239 Y116.766
G1 X41.884 Y116.708
G1 X41.519 Y116.768
G1 X41.244 Y116.950
G0 Z5.000 F500.000
G0 X41.884 Y117.233 F3000.000
G1 Z1.000 F500.000
G4 P100
G1 X42.172 Y117.405 F1000.000
G1 X42.384 Y117.853
G1 X42.242 Y118.093
G1 X42.204 Y118.508
G1 X41.877 Y118.408
G1 X41.704 Y118.115
G1 X41.639 Y117.693
G1 X41.697 Y117.353
G1 X41.884 Y117.233
G0 Z5.000 F500.000
G0 X43.349 Y117.768 F3000.000
G1 Z1.000 F500.000
G4 P100
G1 X43.494 Y118.410 F1000.000
G1 X43.668 Y118.677
G1 X44.171 Y119.014
G1 X44.479 Y119.058
G1 X44.741 Y119.014
G1 X44.944 Y118.885
G1 X45.076 Y118.682
G1 X45.119 Y118.418
G1 X45.058 Y118.097
G1 X44.872 Y117.825
G1 X44.539 Y117.603
G1 X44.034 Y117.433
G1 X44.216 Y117.260
G1 X44.509 Y117.203
G1 X45.022 Y117.360
G1 X45.654 Y117.843
G1 X45.757 Y117.783
G1 X45.794 Y117.618
G1 X45.699 Y117.308
G1 X45.177 Y116.893
G1 X44.454 Y116.703
G1 X43.988 Y116.774
G1 X43.639 Y116.988
G1 X43.422 Y117.325
G1 X43.349 Y117.768
G0 Z5.000 F500.000
G0 X43.954 Y117.833 F3000.000
G1 Z1.000 F500.000
G4 P100
G1 X44.419 Y118.033 F1000.000
G1 X44.547 Y118.184
G1 X44.537 Y118.510
G1 X44.394 Y118.568
G1 X44.224 Y118.514
G1 X44.082 Y118.353
G1 X43.954 Y117.833
G0 Z5.000 F500.000
G0 X45.349 Y117.698 F3000.000
G1 Z1.000 F500.000
G4 P100
G1 X45.488 Y117.814 F1000.000
G1 X45.809 Y117.819
G1 X45.829 Y117.388
G1 X45.959 Y117.238
G1 X46.142 Y117.350
G1 X46.287 Y117.658
G1 X46.344 Y118.088
G1 X46.299 Y118.390
G1 X46.189 Y118.513
G1 X46.109 Y118.485
G1 X45.979 Y118.265
G1 X45.804 Y118.218
G1 X45.629 Y118.295
G1 X45.564 Y118.533
G1 X45.605 Y118.757
G1 X45.910 Y119.041
G1 X46.353 Y119.031
G1 X46.537 Y118.890
G1 X46.819 Y118.318
G1 X46.904 Y118.823
G1 X47.034 Y119.008
G1 X47.429 Y119.028
G1 X47.469 Y118.928
G1 X47.269 Y117.758
G1 X47.569 Y118.525
G1 X47.917 Y118.933
G1 X48.364 Y119.058
G1 X48.772 Y118.895
G1 X48.919 Y118.478
G1 X48.827 Y118.123
G1 X48.584 Y117.978
G1 X48.432 Y118.023
G1 X48.374 Y118.148
G1 X48.392 Y118.534
G1 X48.294 Y118.568
G1 X48.099 Y118.465
G1 X47.947 Y118.190
G1 X47.889 Y117.818
G1 X48.014 Y117.385
G1 X48.374 Y117.223
G1 X48.704 Y117.345
G1 X49.239 Y117.843
G1 X49.342 Y117.783
G1 X49.379 Y117.618
G1 X49.284 Y117.308
G1 X48.834 Y116.870
G1 X48.324 Y116.703
G1 X47.894 Y116.823
G1 X47.589 Y117.125
G1 X47.439 Y117.493
G1 X47.279 Y116.873
G1 X47.177 Y116.743
G1 X47.024 Y116.703
G1 X46.854 Y116.788
G1 X46.804 Y117.058
G1 X46.914 Y117.938
G1 X46.637 Y117.293
G1 X46.317 Y116.878
G1 X45.829 Y116.708
G1 X45.583 Y116.748
G1 X45.274 Y117.054
G1 X45.234 Y117.293
G1 X45.349 Y117.698
G0 Z5.000 F500.000
G0 X48.899 Y117.768 F3000.000
G1 Z1.000 F500.000
G4 P100
G1 X49.044 Y118.410 F1000.000
G1 X49.218 Y118.677
G1 X49.721 Y119.014
G1 X50.029 Y119.058
G1 X50.291 Y119.014
G1 X50.494 Y118.885
G1 X50.626 Y118.682
G1 X50.669 Y118.418
G1 X50.608 Y118.097
G1 X50.422 Y117.825
G1 X50.089 Y117.603
G1 X49.584 Y117.433
G1 X49.766 Y117.260
G1 X50.059 Y117.203
G1 X50.572 Y117.360
G1 X51.204 Y117.843
G1 X51.307 Y117.783
G1 X51.344 Y117.618
G1 X51.249 Y117.308
G1 X50.727 Y116.893
G1 X50.004 Y116.703
G1 X49.538 Y116.774
G1 X49.189 Y116.988
G1 X48.972 Y117.325
G1 X48.899 Y117.768
G0 Z5.000 F500.000
G0 X49.504 Y117.833 F3000.000
G1 Z1.000 F500.000
G4 P100
G1 X49.969 Y118.033 F1000.000
G1 X50.097 Y118.184
G1 X50.087 Y118.510
G1 X49.944 Y118.568
G1 X49.774 Y118.514
G1 X49.632 Y118.353
G1 X49.504 Y117.833
G0 Z5.000 F500.000
G0 X50.996 Y118.176 F3000.000
G1 Z1.000 F500.000
G4 P100
G1 X51.134 Y118.778 F1000.000
G1 X51.279 Y118.990
G1 X51.569 Y119.058
G1 X51.709 Y119.033
G1 X51.749 Y118.938
G1 X51.599 Y118.178
G1 X52.239 Y118.178
G1 X52.507 Y118.993
G1 X52.914 Y119.030
G1 X52.959 Y118.928
G1 X52.694 Y117.453
G1 X52.734 Y117.305
G1 X52.839 Y117.253
G1 X53.077 Y117.375
G1 X53.579 Y117.843
G1 X53.682 Y117.783
G1 X53.719 Y117.618
G1 X53.624 Y117.308
G1 X53.152 Y116.873
G1 X52.599 Y116.703
G1 X52.378 Y116.743
G1 X52.234 Y116.863
G1 X52.129 Y117.343
G1 X52.154 Y117.668
G1 X51.544 Y117.678
G1 X51.519 Y116.943
G1 X51.459 Y116.760
G1 X51.294 Y116.703
G1 X51.133 Y116.753
G1 X51.027 Y116.903
G1 X50.949 Y117.543
G1 X50.996 Y118.176
G0 Z5.000 F500.000
G0 X54.639 Y117.428 F3000.000
G1 Z1.000 F500.000
G4 P100
G1 X54.689 Y118.115 F1000.000
G1 X54.854 Y118.778
G1 X54.994 Y118.993
G1 X55.279 Y119.058
G1 X55.432 Y119.023
G1 X55.474 Y118.918
G1 X55.264 Y117.465
G1 X55.344 Y117.423
G1 X55.532 Y117.573
G1 X56.142 Y118.993
G1 X56.389 Y119.058
G1 X56.549 Y119.030
G1 X56.594 Y118.928
G1 X56.329 Y117.453
G1 X56.369 Y117.305
G1 X56.474 Y117.253
G1 X56.712 Y117.375
G1 X57.214 Y117.843
G1 X57.317 Y117.783
G1 X57.354 Y117.618
G1 X57.259 Y117.308
G1 X56.797 Y116.873
G1 X56.234 Y116.703
G1 X56.026 Y116.749
G1 X55.882 Y116.888
G1 X55.769 Y117.408
G1 X55.514 Y116.885
G1 X55.149 Y116.703
G1 X54.945 Y116.754
G1 X54.675 Y117.143
G1 X54.639 Y117.428
G0 Z5.000 F500.000
G0 X58.284 Y117.543 F3000.000
G1 Z1.000 F500.000
G4 P100
G1 X58.469 Y118.778 F1000.000
G1 X58.617 Y118.990
G1 X58.904 Y119.058
G1 X59.044 Y119.033
G1 X59.084 Y118.938
G1 X58.879 Y117.858
G1 X59.249 Y118.558
G1 X59.652 Y118.943
G1 X60.014 Y119.058
G1 X60.258 Y118.976
G1 X60.339 Y118.733
G1 X60.134 Y117.453
G1 X60.171 Y117.303
G1 X60.279 Y117.253
G1 X60.517 Y117.375
G1 X61.019 Y117.843
G1 X61.122 Y117.783
G1 X61.159 Y117.618
G1 X61.064 Y117.308
G1 X60.602 Y116.873
G1 X60.039 Y116.703
G1 X59.816 Y116.739
G1 X59.557 Y117.031
G1 X59.524 Y117.278
G1 X59.659 Y118.213
G1 X59.604 Y118.293
G1 X59.422 Y118.125
G1 X59.182 Y117.683
G1 X58.857 Y116.785
G1 X58.629 Y116.703
G1 X58.468 Y116.753
G1 X58.362 Y116.903
G1 X58.284 Y117.543
G0 Z5.000 F500.000
G0 X60.789 Y117.233 F3000.000
G1 Z1.000 F500.000
G4 P100
G1 X60.679 Y117.753 F1000.000
G1 X60.824 Y118.430
G1 X60.997 Y118.695
G1 X61.493 Y119.021
G1 X61.789 Y119.063
G1 X62.133 Y118.997
G1 X62.402 Y118.800
G1 X62.586 Y118.507
G1 X62.674 Y118.153
G1 X63.304 Y118.263
G1 X63.404 Y118.198
G1 X63.403 Y117.841
G1 X63.294 Y117.748
G1 X62.634 Y117.628
G1 X62.493 Y117.249
G1 X62.259 Y116.955
G1 X61.961 Y116.766
G1 X61.346 Y116.739
G1 X61.112 Y116.848
G1 X60.789 Y117.233
G0 Z5.000 F500.000
G0 X61.412 Y117.378 F3000.000
G1 Z1.000 F500.000
G4 P100
G1 X61.664 Y117.233 F1000.000
G1 X61.942 Y117.363
G1 X62.099 Y117.738
G1 X61.862 Y118.013
G1 X61.794 Y118.533
G1 X61.593 Y118.484
G1 X61.437 Y118.340
G1 X61.338 Y118.108
G1 X61.304 Y117.798
G1 X61.412 Y117.378
G0 Z5.000 F500.000
G0 X62.774 Y117.358 F3000.000
G1 Z1.000 F500.000
G4 P100
G1 X62.889 Y117.763 F1000.000
G1 X63.214 Y117.918
G1 X63.357 Y117.878
G1 X63.394 Y117.768
G1 X63.377 Y117.303
G1 X63.444 Y117.258
G1 X63.557 Y117.333
G1 X64.394 Y118.970
G1 X64.694 Y119.048
G1 X64.974 Y118.973
G1 X65.064 Y118.728
G1 X65.088 Y117.359
G1 X65.249 Y117.228
G1 X65.427 Y117.313
G1 X65.959 Y117.843
G1 X66.062 Y117.783
G1 X66.099 Y117.618
G1 X66.004 Y117.308
G1 X65.717 Y116.995
G1 X65.417 Y116.790
G1 X65.014 Y116.703
G1 X64.762 Y116.761
G1 X64.594 Y116.935
G1 X64.501 Y117.227
G1 X64.489 Y118.093
G1 X64.259 Y117.504
G1 X63.987 Y117.068
G1 X63.674 Y116.798
G1 X63.319 Y116.708
G1 X63.092 Y116.754
G1 X62.919 Y116.893
G1 X62.774 Y117.358
G0 Z5.000 F500.000
G0 X65.679 Y117.753 F3000.000
G1 Z1.000 F500.000
G4 P100
G1 X65.824 Y118.430 F1000.000
G1 X65.997 Y118.695
G1 X66.493 Y119.021
G1 X66.789 Y119.063
G1 X67.133 Y118.997
G1 X67.402 Y118.800
G1 X67.586 Y118.507
G1 X67.674 Y118.153
G1 X68.304 Y118.263
G1 X68.404 Y118.198
G1 X68.439 Y118.033
G1 X68.403 Y117.841
G1 X68.294 Y117.748
G1 X67.634 Y117.628
G1 X67.493 Y117.249
G1 X67.259 Y116.955
G1 X66.961 Y116.766
G1 X66.624 Y116.703
G1 X66.112 Y116.848
G1 X65.789 Y117.233
G1 X65.679 Y117.753
G0 Z5.000 F500.000
G0 X66.412 Y117.378 F3000.000
G1 Z1.000 F500.000
G4 P100
G1 X66.664 Y117.233 F1000.000
G1 X66.942 Y117.363
G1 X67.099 Y117.738
G1 X66.862 Y118.013
G1 X66.794 Y118.533
G1 X66.593 Y118.484
G1 X66.437 Y118.340
G1 X66.338 Y118.108
G1 X66.304 Y117.798
G1 X66.412 Y117.378
G0 Z5.000 F500.000
G0 X67.854 Y117.293 F3000.000
G1 Z1.000 F500.000
G4 P100
G1 X67.969 Y117.698 F1000.000
G1 X68.294 Y117.853
G1 X68.429 Y117.819
G1 X68.474 Y117.718
G1 X68.482 Y117.275
G1 X68.579 Y117.238
G1 X68.762 Y117.350
G1 X68.907 Y117.658
G1 X68.964 Y118.088
G1 X68.919 Y118.390
G1 X68.809 Y118.513
G1 X68.729 Y118.485
G1 X68.599 Y118.265
G1 X68.424 Y118.218
G1 X68.249 Y118.295
G1 X68.184 Y118.533
G1 X68.347 Y118.930
G1 X68.754 Y119.078
G1 X69.157 Y118.890
G1 X69.439 Y118.318
G1 X69.524 Y118.823
G1 X69.654 Y119.008
G1 X70.049 Y119.028
G1 X70.089 Y118.928
G1 X69.889 Y117.758
G1 X70.189 Y118.525
G1 X70.537 Y118.933
G1 X70.984 Y119.058
G1 X71.216 Y119.017
G1 X71.503 Y118.709
G1 X71.539 Y118.478
G1 X71.447 Y118.123
G1 X71.204 Y117.978
G1 X71.052 Y118.023
G1 X71.012 Y118.534
G1 X70.914 Y118.568
G1 X70.719 Y118.465
G1 X70.567 Y118.190
G1 X70.509 Y117.818
G1 X70.634 Y117.385
G1 X70.994 Y117.223
G1 X71.324 Y117.345
G1 X71.859 Y117.843
G1 X71.962 Y117.783
G1 X71.999 Y117.618
G1 X71.904 Y117.308
G1 X71.454 Y116.870
G1 X70.944 Y116.703
G1 X70.514 Y116.823
G1 X70.209 Y117.125
G1 X70.059 Y117.493
G1 X69.899 Y116.873
G1 X69.797 Y116.743
G1 X69.644 Y116.703
G1 X69.474 Y116.788
G1 X69.424 Y117.058
G1 X69.534 Y117.938
G1 X69.257 Y117.293
G1 X68.937 Y116.878
G1 X68.716 Y116.750
G1 X68.203 Y116.748
G1 X67.894 Y117.054
G1 X67.854 Y117.293
G0 Z5.000 F500.000
G0 X71.519 Y117.768 F3000.000
G1 Z1.000 F500.000
G4 P100
G1 X71.664 Y118.410 F1000.000
G1 X71.838 Y118.677
G1 X72.341 Y119.014
G1 X72.649 Y119.058
G1 X72.911 Y119.014
G1 X73.114 Y118.885
G1 X73.246 Y118.682
G1 X73.289 Y118.418
G1 X73.228 Y118.097
G1 X73.042 Y117.825
G1 X72.709 Y117.603
G1 X72.204 Y117.433
G1 X72.386 Y117.260
G1 X72.679 Y117.203
G1 X73.192 Y117.360
G1 X73.824 Y117.843
G1 X73.927 Y117.783
G1 X73.964 Y117.618
G1 X73.869 Y117.308
G1 X73.347 Y116.893
G1 X72.624 Y116.703
G1 X72.158 Y116.774
G1 X71.809 Y116.988
G1 X71.592 Y117.325
G1 X71.519 Y117.768
G0 Z5.000 F500.000
G0 X72.124 Y117.833 F3000.000
G1 Z1.000 F500.000
G4 P100
G1 X72.589 Y118.033 F1000.000
G1 X72.717 Y118.184
G1 X72.707 Y118.510
G1 X72.564 Y118.568
G1 X72.394 Y118.514
G1 X72.252 Y118.353
G1 X72.124 Y117.833
G0 Z5.000 F500.000
G0 X73.616 Y118.176 F3000.000
G1 Z1.000 F500.000
G4 P100
G1 X73.754 Y118.778 F1000.000
G1 X73.899 Y118.990
G1 X74.189 Y119.058
G1 X74.329 Y119.033
G1 X74.369 Y118.938
G1 X74.219 Y118.178
G1 X74.859 Y118.178
G1 X75.127 Y118.993
G1 X75.534 Y119.030
G1 X75.579 Y118.928
G1 X75.314 Y117.453
G1 X75.354 Y117.305
G1 X75.459 Y117.253
G1 X75.697 Y117.375
G1 X76.199 Y117.843
G1 X76.302 Y117.783
G1 X76.339 Y117.618
G1 X76.244 Y117.308
G1 X75.772 Y116.873
G1 X75.219 Y116.703
G1 X74.998 Y116.743
G1 X74.854 Y116.863
G1 X74.749 Y117.343
G1 X74.774 Y117.668
G1 X74.164 Y117.678
G1 X74.139 Y116.943
G1 X74.079 Y116.760
G1 X73.914 Y116.703
G1 X73.753 Y116.753
G1 X73.647 Y116.903
G1 X73.569 Y117.543
G1 X73.616 Y118.176
G0 Z5.000 F500.000
G0 X75.934 Y117.428 F3000.000
G1 Z1.000 F500.000
G4 P100
G1 X75.984 Y118.115 F1000.000
G1 X76.149 Y118.778
G1 X76.289 Y118.993
G1 X76.574 Y119.058
G1 X76.727 Y119.023
G1 X76.769 Y118.918
G1 X76.559 Y117.465
G1 X76.639 Y117.423
G1 X76.827 Y117.573
G1 X77.437 Y118.993
G1 X77.684 Y119.058
G1 X77.844 Y119.030
G1 X77.889 Y118.928
G1 X77.624 Y117.453
G1 X77.664 Y117.305
G1 X77.769 Y117.253
G1 X78.007 Y117.375
G1 X78.509 Y117.843
G1 X78.612 Y117.783
G1 X78.649 Y117.618
G1 X78.554 Y117.308
G1 X78.092 Y116.873
G1 X77.529 Y116.703
G1 X77.321 Y116.749
G1 X77.177 Y116.888
G1 X77.064 Y117.408
G1 X76.809 Y116.885
G1 X76.444 Y116.703
G1 X76.240 Y116.754
G1 X75.970 Y117.143
G1 X75.934 Y117.428
G0 Z5.000 F500.000
G0 X78.242 Y117.325 F3000.000
G1 Z1.000 F500.000
G4 P100
G1 X78.169 Y117.768 F1000.000
G1 X78.314 Y118.410
G1 X78.717 Y118.883
G1 X79.299 Y119.058
G1 X79.561 Y119.014
G1 X79.764 Y118.885
G1 X79.896 Y118.682
G1 X79.939 Y118.418
G1 X79.878 Y118.097
G1 X79.692 Y117.825
G1 X79.359 Y117.603
G1 X78.854 Y117.433
G1 X79.036 Y117.260
G1 X79.329 Y117.203
G1 X79.842 Y117.360
G1 X80.474 Y117.843
G1 X80.577 Y117.783
G1 X80.614 Y117.618
G1 X80.519 Y117.308
G1 X79.997 Y116.893
G1 X79.274 Y116.703
G1 X78.808 Y116.774
G1 X78.459 Y116.988
G1 X78.242 Y117.325
G0 Z5.000 F500.000
G0 X78.774 Y117.833 F3000.000
G1 Z1.000 F500.000
G4 P100
G1 X79.239 Y118.033 F1000.000
G1 X79.367 Y118.184
G1 X79.357 Y118.510
G1 X79.214 Y118.568
G1 X79.044 Y118.514
G1 X78.902 Y118.353
G1 X78.774 Y117.833
G0 Z5.000 F500.000
G0 X81.569 Y118.203 F3000.000
G1 Z1.000 F500.000
G4 P100
G1 X81.729 Y119.605 F1000.000
G1 X81.926 Y120.306
G1 X82.197 Y120.895
G1 X82.534 Y121.294
G1 X82.929 Y121.428
G1 X83.137 Y121.378
G1 X83.404 Y121.003
G1 X83.439 Y120.718
G1 X83.284 Y119.903
G1 X82.769 Y119.053
G1 X83.073 Y118.971
G1 X83.314 Y118.775
G1 X83.482 Y118.493
G1 X83.564 Y118.153
G1 X84.194 Y118.263
G1 X84.294 Y118.198
G1 X84.294 Y117.840
G1 X84.184 Y117.748
G1 X83.524 Y117.628
G1 X83.380 Y117.253
G1 X83.147 Y116.958
G1 X82.855 Y116.766
G1 X82.534 Y116.703
G1 X82.098 Y116.799
G1 X81.799 Y117.088
G1 X81.627 Y117.559
G1 X81.569 Y118.203
G0 Z5.000 F500.000
G0 X82.194 Y117.818 F3000.000
G1 Z1.000 F500.000
G4 P100
G1 X82.302 Y117.383 F1000.000
G1 X82.554 Y117.233
G1 X82.829 Y117.363
G1 X82.989 Y117.738
G1 X82.752 Y118.013
G1 X82.689 Y118.563
G1 X82.490 Y118.512
G1 X82.332 Y118.360
G1 X82.194 Y117.818
G0 Z5.000 F500.000
G0 X82.229 Y118.713 F3000.000
G1 Z1.000 F500.000
G4 P100
G1 X82.905 Y120.217 F1000.000
G1 X82.954 Y120.603
G1 X82.917 Y120.848
G1 X82.814 Y120.933
G1 X82.597 Y120.635
G1 X82.379 Y119.828
G1 X82.229 Y118.713
G0 Z5.000 F500.000
G0 X84.094 Y118.778 F3000.000
G1 Z1.000 F500.000
G4 P100
G1 X84.242 Y118.990 F1000.000
G1 X84.669 Y119.033
G1 X84.709 Y118.938
G1 X84.504 Y117.863
G1 X84.827 Y118.523
G1 X85.212 Y118.925
G1 X85.584 Y119.058
G1 X85.832 Y118.978
G1 X85.904 Y118.733
G1 X85.754 Y117.883
G1 X86.018 Y118.414
G1 X86.309 Y118.778
G1 X86.604 Y118.988
G1 X86.879 Y119.058
G1 X87.123 Y118.976
G1 X87.204 Y118.733
G1 X86.999 Y117.453
G1 X87.036 Y117.303
G1 X87.144 Y117.253
G1 X87.382 Y117.375
G1 X87.884 Y117.843
G1 X87.987 Y117.783
G1 X88.024 Y117.618
G1 X87.929 Y117.308
G1 X87.467 Y116.873
G1 X87.203 Y116.745
G1 X86.681 Y116.739
G1 X86.422 Y117.031
G1 X86.389 Y117.278
G1 X86.524 Y118.213
G1 X86.469 Y118.293
G1 X86.284 Y118.125
G1 X86.044 Y117.683
G1 X85.722 Y116.783
G1 X85.489 Y116.703
G1 X85.345 Y116.742
G1 X85.242 Y116.860
G1 X85.159 Y117.243
G1 X85.249 Y118.213
G1 X85.194 Y118.293
G1 X85.004 Y118.113
G1 X84.782 Y117.653
G1 X84.482 Y116.785
G1 X84.254 Y116.703
G1 X84.093 Y116.753
G1 X83.987 Y116.903
G1 X83.909 Y117.543
G1 X84.094 Y118.778
G0 Z5.000 F500.000
G0 X87.544 Y117.753 F3000.000
G1 Z1.000 F500.000
G4 P100
G1 X87.689 Y118.430 F1000.000
G1 X87.862 Y118.695
G1 X88.358 Y119.021
G1 X88.654 Y119.063
G1 X88.998 Y118.997
G1 X89.267 Y118.800
G1 X89.451 Y118.507
G1 X89.539 Y118.153
G1 X90.169 Y118.263
G1 X90.269 Y118.198
G1 X90.304 Y118.033
G1 X90.268 Y117.841
G1 X90.159 Y117.748
G1 X89.499 Y117.628
G1 X89.358 Y117.249
G1 X89.124 Y116.955
G1 X88.826 Y116.766
G1 X88.489 Y116.703
G1 X87.977 Y116.848
G1 X87.654 Y117.233
G1 X87.544 Y117.753
G0 Z5.000 F500.000
G0 X88.277 Y117.378 F3000.000
G1 Z1.000 F500.000
G4 P100
G1 X88.529 Y117.233 F1000.000
G1 X88.807 Y117.363
G1 X88.964 Y117.738
G1 X88.727 Y118.013
G1 X88.659 Y118.533
G1 X88.458 Y118.484
G1 X88.302 Y118.340
G1 X88.203 Y118.108
G1 X88.169 Y117.798
G1 X88.277 Y117.378
G0 Z5.000 F500.000
G0 X89.551 Y117.006 F3000.000
G1 Z1.000 F500.000
G4 P100
G1 X89.959 Y117.758 F1000.000
G1 X89.949 Y118.773
G1 X90.064 Y119.003
G1 X90.364 Y119.088
G1 X90.517 Y119.045
G1 X90.574 Y118.693
G1 X90.889 Y118.980
G1 X91.219 Y119.068
G1 X91.474 Y119.011
G1 X91.677 Y118.843
G1 X91.810 Y118.583
G1 X91.854 Y118.253
G1 X91.769 Y117.738
G1 X91.534 Y117.283
G1 X91.709 Y117.253
G1 X92.024 Y117.373
G1 X92.544 Y117.843
G1 X92.647 Y117.783
G1 X92.684 Y117.618
G1 X92.589 Y117.308
G1 X92.127 Y116.873
G1 X91.863 Y116.745
G1 X91.324 Y116.750
G1 X91.134 Y116.893
G1 X90.539 Y116.703
G1 X90.433 Y115.817
G1 X90.244 Y115.090
G1 X89.961 Y114.604
G1 X89.569 Y114.443
G1 X89.334 Y114.491
G1 X89.169 Y114.638
G1 X89.039 Y115.178
G1 X89.264 Y116.320
G1 X89.551 Y117.006
G0 Z5.000 F500.000
G0 X89.609 Y116.028 F3000.000
G1 Z1.000 F500.000
G4 P100
G1 X89.484 Y115.263 F1000.000
G1 X89.522 Y115.018
G1 X89.609 Y114.933
G1 X89.733 Y115.079
G1 X89.834 Y115.520
G1 X89.949 Y116.983
G1 X89.609 Y116.028
G0 Z5.000 F500.000
G0 X90.564 Y117.183 F3000.000
G1 Z1.000 F500.000
G4 P100
G1 X90.897 Y117.380 F1000.000
G1 X91.139 Y117.770
G1 X91.229 Y118.258
G1 X91.169 Y118.485
G1 X91.009 Y118.563
G1 X90.811 Y118.468
G1 X90.574 Y118.183
G1 X90.564 Y117.183
G0 Z5.000 F500.000
G0 X92.204 Y117.753 F3000.000
G1 Z1.000 F500.000
G4 P100
G1 X92.349 Y118.430 F1000.000
G1 X92.522 Y118.695
G1 X93.018 Y119.021
G1 X93.314 Y119.063
G1 X93.658 Y118.997
G1 X93.927 Y118.800
G1 X94.111 Y118.507
G1 X94.199 Y118.153
G1 X94.829 Y118.263
G1 X94.929 Y118.198
G1 X94.964 Y118.033
G1 X94.928 Y117.841
G1 X94.819 Y117.748
G1 X94.159 Y117.628
G1 X94.018 Y117.249
G1 X93.784 Y116.955
G1 X93.486 Y116.766
G1 X93.149 Y116.703
G1 X92.637 Y116.848
G1 X92.314 Y117.233
G1 X92.204 Y117.753
G0 Z5.000 F500.000
G0 X92.937 Y117.378 F3000.000
G1 Z1.000 F500.000
G4 P100
G1 X93.189 Y117.233 F1000.000
G1 X93.467 Y117.363
G1 X93.624 Y117.738
G1 X93.387 Y118.013
G1 X93.319 Y118.533
G1 X93.118 Y118.484
G1 X92.962 Y118.340
G1 X92.863 Y118.108
G1 X92.829 Y117.798
G1 X92.937 Y117.378
G0 Z5.000 F500.000
G0 X94.534 Y117.428 F3000.000
G1 Z1.000 F500.000
G4 P100
G1 X94.584 Y118.115 F1000.000
G1 X94.749 Y118.778
G1 X94.889 Y118.993
G1 X95.174 Y119.058
G1 X95.327 Y119.023
G1 X95.369 Y118.918
G1 X95.159 Y117.465
G1 X95.239 Y117.423
G1 X95.427 Y117.573
G1 X96.037 Y118.993
G1 X96.284 Y119.058
G1 X96.444 Y119.030
G1 X96.489 Y118.928
G1 X96.224 Y117.453
G1 X96.264 Y117.305
G1 X96.369 Y117.253
G1 X96.607 Y117.375
G1 X97.109 Y117.843
G1 X97.212 Y117.783
G1 X97.249 Y117.618
G1 X97.154 Y117.308
G1 X96.692 Y116.873
G1 X96.129 Y116.703
G1 X95.921 Y116.749
G1 X95.777 Y116.888
G1 X95.664 Y117.408
G1 X95.409 Y116.885
G1 X95.044 Y116.703
G1 X94.840 Y116.754
G1 X94.570 Y117.143
G1 X94.534 Y117.428
G0 Z5.000 F500.000
G0 X95.179 Y119.483 F3000.000
G1 Z1.000 F500.000
G4 P100
G1 X94.909 Y119.733 F1000.000
G1 X94.814 Y120.063
G1 X94.894 Y120.265
G1 X95.099 Y120.343
G1 X95.289 Y120.283
G1 X95.478 Y119.920
G1 X95.659 Y119.868
G1 X96.064 Y120.000
G1 X96.399 Y120.465
G1 X96.657 Y120.450
G1 X96.699 Y120.248
G1 X96.514 Y119.848
G1 X96.144 Y119.520
G1 X95.584 Y119.388
G1 X95.179 Y119.483
G0 Z5.000 F500.000
G0 X98.249 Y118.423 F3000.000
G1 Z1.000 F500.000
G4 P100
G1 X98.664 Y118.893 F1000.000
G1 X98.926 Y119.016
G1 X99.444 Y119.017
G1 X99.741 Y118.709
G1 X99.779 Y118.478
G1 X99.687 Y118.123
G1 X99.444 Y117.978
G1 X99.292 Y118.023
G1 X99.252 Y118.533
G1 X99.159 Y118.568
G1 X98.944 Y118.465
G1 X98.784 Y118.188
G1 X98.756 Y117.549
G1 X98.851 Y117.368
G1 X99.229 Y117.223
G1 X99.672 Y117.360
G1 X100.274 Y117.843
G1 X100.377 Y117.783
G1 X100.414 Y117.618
G1 X100.319 Y117.308
G1 X99.757 Y116.860
G1 X99.124 Y116.703
G1 X98.689 Y116.772
G1 X98.362 Y116.980
G1 X98.158 Y117.302
G1 X98.089 Y117.713
G1 X98.249 Y118.423
G0 Z5.000 F500.000
G0 X100.066 Y118.176 F3000.000
G1 Z1.000 F500.000
G4 P100
G1 X100.204 Y118.778 F1000.000
G1 X100.352 Y118.990
G1 X100.639 Y119.058
G1 X100.779 Y119.033
G1 X100.819 Y118.938
G1 X100.614 Y117.863
G1 X100.937 Y118.523
G1 X101.322 Y118.925
G1 X101.694 Y119.058
G1 X101.942 Y118.978
G1 X102.014 Y118.733
G1 X101.864 Y117.883
G1 X102.128 Y118.414
G1 X102.419 Y118.778
G1 X102.714 Y118.988
G1 X102.989 Y119.058
G1 X103.233 Y118.976
G1 X103.314 Y118.733
G1 X103.109 Y117.453
G1 X103.146 Y117.303
G1 X103.254 Y117.253
G1 X103.492 Y117.375
G1 X103.994 Y117.843
G1 X104.097 Y117.783
G1 X104.134 Y117.618
G1 X104.039 Y117.308
G1 X103.577 Y116.873
G1 X103.313 Y116.745
G1 X102.791 Y116.739
G1 X102.532 Y117.031
G1 X102.499 Y117.278
G1 X102.634 Y118.213
G1 X102.579 Y118.293
G1 X102.394 Y118.125
G1 X102.154 Y117.683
G1 X101.832 Y116.783
G1 X101.599 Y116.703
G1 X101.352 Y116.860
G1 X101.269 Y117.243
G1 X101.359 Y118.213
G1 X101.304 Y118.293
G1 X101.114 Y118.113
G1 X100.892 Y117.653
G1 X100.592 Y116.785
G1 X100.364 Y116.703
G1 X100.203 Y116.753
G1 X100.097 Y116.903
G1 X100.019 Y117.543
G1 X100.066 Y118.176
G0 Z5.000 F500.000
G0 X103.119 Y116.320 F3000.000
G1 Z1.000 F500.000
G4 P100
G1 X103.814 Y117.758 F1000.000
G1 X103.804 Y118.773
G1 X103.919 Y119.003
G1 X104.219 Y119.088
G1 X104.372 Y119.045
G1 X104.429 Y118.693
G1 X104.744 Y118.980
G1 X105.074 Y119.068
G1 X105.329 Y119.011
G1 X105.532 Y118.843
G1 X105.665 Y118.583
G1 X105.709 Y118.253
G1 X105.624 Y117.738
G1 X105.389 Y117.283
G1 X105.564 Y117.253
G1 X105.879 Y117.373
G1 X106.264 Y117.773
G1 X106.399 Y117.843
G1 X106.502 Y117.783
G1 X106.539 Y117.618
G1 X106.444 Y117.308
G1 X105.982 Y116.873
G1 X105.419 Y116.703
G1 X105.179 Y116.750
G1 X104.989 Y116.893
G1 X104.394 Y116.703
G1 X104.288 Y115.817
G1 X104.099 Y115.090
G1 X103.816 Y114.604
G1 X103.634 Y114.483
G1 X103.189 Y114.491
G1 X103.024 Y114.638
G1 X102.927 Y114.870
G1 X102.951 Y115.708
G1 X103.119 Y116.320
G0 Z5.000 F500.000
G0 X103.339 Y115.263 F3000.000
G1 Z1.000 F500.000
G4 P100
G1 X103.377 Y115.018 F1000.000
G1 X103.464 Y114.933
G1 X103.588 Y115.079
G1 X103.689 Y115.520
G1 X103.804 Y116.983
G1 X103.464 Y116.028
G1 X103.339 Y115.263
G0 Z5.000 F500.000
G0 X104.419 Y117.183 F3000.000
G1 Z1.000 F500.000
G4 P100
G1 X104.752 Y117.380 F1000.000
G1 X104.994 Y117.770
G1 X105.084 Y118.258
G1 X105.024 Y118.485
G1 X104.864 Y118.563
G1 X104.666 Y118.468
G1 X104.429 Y118.183
G1 X104.419 Y117.183
G0 Z5.000 F500.000
G0 X106.059 Y117.753 F3000.000
G1 Z1.000 F500.000
G4 P100
G1 X106.204 Y118.430 F1000.000
G1 X106.377 Y118.695
G1 X106.873 Y119.021
G1 X107.169 Y119.063
G1 X107.513 Y118.997
G1 X107.782 Y118.800
G1 X107.966 Y118.507
G1 X108.054 Y118.153
G1 X108.684 Y118.263
G1 X108.784 Y118.198
G1 X108.819 Y118.033
G1 X108.783 Y117.841
G1 X108.674 Y117.748
G1 X108.014 Y117.628
G1 X107.873 Y117.249
G1 X107.639 Y116.955
G1 X107.341 Y116.766
G1 X107.004 Y116.703
G1 X106.492 Y116.848
G1 X106.169 Y117.233
G1 X106.059 Y117.753
G0 Z5.000 F500.000
G0 X106.792 Y117.378 F3000.000
G1 Z1.000 F500.000
G4 P100
G1 X107.044 Y117.233 F1000.000
G1 X107.322 Y117.363
G1 X107.479 Y117.738
G1 X107.242 Y118.013
G1 X107.174 Y118.533
G1 X106.973 Y118.484
G1 X106.817 Y118.340
G1 X106.718 Y118.108
G1 X106.684 Y117.798
G1 X106.792 Y117.378
G0 Z5.000 F500.000
G0 X108.399 Y117.543 F3000.000
G1 Z1.000 F500.000
G4 P100
G1 X108.584 Y118.778 F1000.000
G1 X108.732 Y118.990
G1 X109.019 Y119.058
G1 X109.159 Y119.033
G1 X109.199 Y118.938
G1 X108.984 Y117.758
G1 X109.188 Y118.358
G1 X109.439 Y118.758
G1 X109.743 Y118.983
G1 X110.104 Y119.058
G1 X110.512 Y118.895
G1 X110.659 Y118.478
G1 X110.567 Y118.123
G1 X110.324 Y117.978
G1 X110.172 Y118.023
G1 X110.114 Y118.148
G1 X110.132 Y118.534
G1 X110.034 Y118.568
G1 X109.839 Y118.465
G1 X109.687 Y118.190
G1 X109.629 Y117.818
G1 X109.754 Y117.385
G1 X110.114 Y117.223
G1 X110.444 Y117.345
G1 X110.979 Y117.843
G1 X111.082 Y117.783
G1 X111.119 Y117.618
G1 X111.024 Y117.308
G1 X110.574 Y116.870
G1 X110.064 Y116.703
G1 X109.637 Y116.805
G1 X109.324 Y117.053
G1 X109.169 Y117.333
G1 X108.967 Y116.778
G1 X108.744 Y116.703
G1 X108.583 Y116.753
G1 X108.477 Y116.903
G1 X108.399 Y117.543
G0 Z5.000 F500.000
G0 X110.750 Y117.143 F3000.000
G1 Z1.000 F500.000
G4 P100
G1 X110.764 Y118.115 F1000.000
G1 X110.929 Y118.778
G1 X111.069 Y118.993
G1 X111.354 Y119.058
G1 X111.507 Y119.023
G1 X111.549 Y118.918
G1 X111.339 Y117.465
G1 X111.419 Y117.423
G1 X111.607 Y117.573
G1 X112.217 Y118.993
G1 X112.464 Y119.058
G1 X112.624 Y119.030
G1 X112.669 Y118.928
G1 X112.404 Y117.453
G1 X112.444 Y117.305
G1 X112.549 Y117.253
G1 X112.787 Y117.375
G1 X113.289 Y117.843
G1 X113.392 Y117.783
G1 X113.429 Y117.618
G1 X113.334 Y117.308
G1 X112.872 Y116.873
G1 X112.608 Y116.745
G1 X112.101 Y116.749
G1 X111.957 Y116.888
G1 X111.844 Y117.408
G1 X111.589 Y116.885
G1 X111.224 Y116.703
G1 X111.020 Y116.754
G1 X110.750 Y117.143
G0 Z5.000 F500.000
G0 X114.114 Y117.358 F3000.000
G1 Z1.000 F500.000
G4 P100
G1 X114.229 Y117.775 F1000.000
G1 X114.554 Y117.943
G1 X114.704 Y117.909
G1 X114.754 Y117.808
G1 X114.709 Y117.428
G1 X114.784 Y117.258
G1 X114.924 Y117.360
G1 X115.439 Y118.758
G1 X115.587 Y118.985
G1 X115.849 Y119.058
G1 X116.082 Y119.003
G1 X116.174 Y118.823
G1 X116.209 Y117.718
G1 X116.769 Y118.858
G1 X116.962 Y119.010
G1 X117.179 Y119.063
G1 X117.424 Y118.985
G1 X117.489 Y118.698
G1 X117.494 Y117.328
G1 X117.644 Y117.228
G1 X117.871 Y117.359
G1 X118.284 Y117.843
G1 X118.387 Y117.783
G1 X118.424 Y117.618
G1 X118.329 Y117.303
G1 X117.882 Y116.868
G1 X117.404 Y116.703
G1 X117.177 Y116.753
G1 X117.024 Y116.903
G1 X116.909 Y117.483
G1 X116.989 Y118.308
G1 X116.284 Y116.755
G1 X116.104 Y116.703
G1 X115.944 Y116.763
G1 X115.854 Y116.953
G1 X115.764 Y118.213
G1 X115.509 Y117.415
G1 X115.184 Y116.905
G1 X114.952 Y116.757
G1 X114.430 Y116.754
G1 X114.257 Y116.893
G1 X114.114 Y117.358
G0 Z5.000 F500.000
G0 X117.944 Y117.753 F3000.000
G1 Z1.000 F500.000
G4 P100
G1 X118.089 Y118.430 F1000.000
G1 X118.262 Y118.695
G1 X118.758 Y119.021
G1 X119.054 Y119.063
G1 X119.398 Y118.997
G1 X119.667 Y118.800
G1 X119.851 Y118.507
G1 X119.939 Y118.153
G1 X120.569 Y118.263
G1 X120.669 Y118.198
G1 X120.704 Y118.033
G1 X120.668 Y117.841
G1 X120.559 Y117.748
G1 X119.899 Y117.628
G1 X119.758 Y117.249
G1 X119.524 Y116.955
G1 X119.226 Y116.766
G1 X118.889 Y116.703
G1 X118.377 Y116.848
G1 X118.054 Y117.233
G1 X117.944 Y117.753
G0 Z5.000 F500.000
G0 X118.677 Y117.378 F3000.000
G1 Z1.000 F500.000
G4 P100
G1 X118.929 Y117.233 F1000.000
G1 X119.207 Y117.363
G1 X119.364 Y117.738
G1 X119.127 Y118.013
G1 X119.059 Y118.533
G1 X118.858 Y118.484
G1 X118.702 Y118.340
G1 X118.603 Y118.108
G1 X118.569 Y117.798
G1 X118.677 Y117.378
G0 Z5.000 F500.000
G0 X120.119 Y117.293 F3000.000
G1 Z1.000 F500.000
G4 P100
G1 X120.234 Y117.698 F1000.000
G1 X120.559 Y117.853
G1 X120.694 Y117.819
G1 X120.739 Y117.718
G1 X120.747 Y117.275
G1 X120.844 Y117.238
G1 X121.027 Y117.350
G1 X121.172 Y117.658
G1 X121.229 Y118.088
G1 X121.184 Y118.390
G1 X121.074 Y118.513
G1 X120.994 Y118.485
G1 X120.864 Y118.265
G1 X120.689 Y118.218
G1 X120.514 Y118.295
G1 X120.449 Y118.533
G1 X120.612 Y118.930
G1 X121.019 Y119.078
G1 X121.422 Y118.890
G1 X121.704 Y118.318
G1 X121.789 Y118.823
G1 X121.919 Y119.008
G1 X122.314 Y119.028
G1 X122.354 Y118.928
G1 X122.154 Y117.758
G1 X122.454 Y118.525
G1 X122.802 Y118.933
G1 X123.249 Y119.058
G1 X123.481 Y119.017
G1 X123.768 Y118.709
G1 X123.804 Y118.478
G1 X123.712 Y118.123
G1 X123.469 Y117.978
G1 X123.317 Y118.023
G1 X123.277 Y118.534
G1 X123.179 Y118.568
G1 X122.984 Y118.465
G1 X122.832 Y118.190
G1 X122.774 Y117.818
G1 X122.899 Y117.385
G1 X123.259 Y117.223
G1 X123.589 Y117.345
G1 X124.124 Y117.843
G1 X124.227 Y117.783
G1 X124.264 Y117.618
G1 X124.169 Y117.308
G1 X123.719 Y116.870
G1 X123.209 Y116.703
G1 X122.779 Y116.823
G1 X122.474 Y117.125
G1 X122.324 Y117.493
G1 X122.164 Y116.873
G1 X122.062 Y116.743
G1 X121.909 Y116.703
G1 X121.739 Y116.788
G1 X121.689 Y117.058
G1 X121.799 Y117.938
G1 X121.522 Y117.293
G1 X121.202 Y116.878
G1 X120.981 Y116.750
G1 X120.468 Y116.748
G1 X120.159 Y117.054
G1 X120.119 Y117.293
G0 Z5.000 F500.000
G0 X123.869 Y117.543 F3000.000
G1 Z1.000 F500.000
G4 P100
G1 X124.054 Y118.778 F1000.000
G1 X124.199 Y118.990
G1 X124.489 Y119.058
G1 X124.629 Y119.033
G1 X124.669 Y118.938
G1 X124.519 Y118.178
G1 X125.159 Y118.178
G1 X125.427 Y118.993
G1 X125.834 Y119.030
G1 X125.879 Y118.928
G1 X125.614 Y117.453
G1 X125.654 Y117.305
G1 X125.759 Y117.253
G1 X125.997 Y117.375
G1 X126.499 Y117.843
G1 X126.602 Y117.783
G1 X126.639 Y117.618
G1 X126.544 Y117.308
G1 X126.072 Y116.873
G1 X125.519 Y116.703
G1 X125.298 Y116.743
G1 X125.154 Y116.863
G1 X125.049 Y117.343
G1 X125.074 Y117.668
G1 X124.464 Y117.678
G1 X124.439 Y116.943
G1 X124.379 Y116.760
G1 X124.214 Y116.703
G1 X124.053 Y116.753
G1 X123.947 Y116.903
G1 X123.869 Y117.543
G0 Z5.000 F500.000
G0 X126.269 Y117.233 F3000.000
G1 Z1.000 F500.000
G4 P100
G1 X126.159 Y117.753 F1000.000
G1 X126.304 Y118.430
G1 X126.477 Y118.695
G1 X126.973 Y119.021
G1 X127.269 Y119.063
G1 X127.613 Y118.997
G1 X127.882 Y118.800
G1 X128.066 Y118.507
G1 X128.154 Y118.153
G1 X128.784 Y118.263
G1 X128.884 Y118.198
G1 X128.883 Y117.841
G1 X128.774 Y117.748
G1 X128.114 Y117.628
G1 X127.973 Y117.249
G1 X127.739 Y116.955
G1 X127.441 Y116.766
G1 X126.826 Y116.739
G1 X126.592 Y116.848
G1 X126.269 Y117.233
G0 Z5.000 F500.000
G0 X126.892 Y117.378 F3000.000
G1 Z1.000 F500.000
G4 P100
G1 X127.144 Y117.233 F1000.000
G1 X127.422 Y117.363
G1 X127.579 Y117.738
G1 X127.342 Y118.013
G1 X127.274 Y118.533
G1 X127.073 Y118.484
G1 X126.917 Y118.340
G1 X126.818 Y118.108
G1 X126.784 Y117.798
G1 X126.892 Y117.378
G0 Z5.000 F500.000
G0 X35.029 Y107.936 F3000.000
G1 Z1.000 F500.000
G4 P100
G1 X34.994 Y107.743 F1000.000
G1 X34.884 Y107.651
G1 X34.124 Y107.526
G1 X33.958 Y107.133
G1 X33.717 Y106.846
G1 X33.414 Y106.669
G1 X33.059 Y106.611
G1 X32.694 Y106.671
G1 X32.419 Y106.853
G1 X32.247 Y107.160
G1 X32.189 Y107.596
G1 X32.327 Y108.268
G1 X32.699 Y108.733
G1 X32.947 Y108.859
G1 X33.479 Y108.846
G1 X32.644 Y109.928
G1 X32.574 Y110.246
G1 X32.704 Y110.613
G1 X33.024 Y110.821
G1 X34.134 Y111.156
G1 X34.307 Y111.081
G1 X34.349 Y110.871
G1 X34.254 Y110.621
G1 X33.262 Y110.353
G1 X33.154 Y110.191
G1 X34.107 Y108.843
G1 X34.209 Y108.051
G1 X34.894 Y108.166
G1 X34.994 Y108.101
G1 X35.029 Y107.936
G0 Z5.000 F500.000
G0 X33.559 Y107.756 F3000.000
G1 Z1.000 F500.000
G4 P100
G1 X33.417 Y107.996 F1000.000
G1 X33.379 Y108.411
G1 X33.052 Y108.311
G1 X32.879 Y108.018
G1 X32.814 Y107.596
G1 X32.872 Y107.256
G1 X33.059 Y107.136
G1 X33.347 Y107.308
G1 X33.559 Y107.756
G0 Z5.000 F500.000
G0 X34.619 Y107.536 F3000.000
G1 Z1.000 F500.000
G4 P100
G1 X34.804 Y108.681 F1000.000
G1 X34.952 Y108.893
G1 X35.249 Y108.961
G1 X35.418 Y108.931
G1 X35.474 Y108.841
G1 X35.294 Y108.031
G1 X35.617 Y108.253
G1 X35.999 Y108.341
G1 X36.379 Y108.203
G1 X36.549 Y107.816
G1 X37.202 Y108.901
G1 X37.439 Y108.961
G1 X37.631 Y108.918
G1 X37.694 Y108.791
G1 X37.479 Y107.466
G1 X37.519 Y107.236
G1 X37.654 Y107.156
G1 X37.879 Y107.281
G1 X38.374 Y107.746
G1 X38.477 Y107.686
G1 X38.514 Y107.521
G1 X38.419 Y107.211
G1 X37.941 Y106.757
G1 X37.494 Y106.606
G1 X37.214 Y106.663
G1 X37.022 Y106.836
G1 X36.911 Y107.103
G1 X36.874 Y107.521
G1 X36.267 Y106.856
G1 X35.926 Y106.668
G1 X35.569 Y106.606
G1 X35.179 Y106.671
G1 X34.877 Y106.866
G1 X34.684 Y107.163
G1 X34.619 Y107.536
G0 Z5.000 F500.000
G0 X35.249 Y107.501 F3000.000
G1 Z1.000 F500.000
G4 P100
G1 X35.354 Y107.226 F1000.000
G1 X35.614 Y107.136
G1 X35.924 Y107.246
G1 X36.034 Y107.551
G1 X35.963 Y107.749
G1 X35.749 Y107.816
G1 X35.452 Y107.721
G1 X35.249 Y107.501
G0 Z5.000 F500.000
G0 X37.874 Y107.261 F3000.000
G1 Z1.000 F500.000
G4 P100
G1 X37.989 Y107.666 F1000.000
G1 X38.314 Y107.821
G1 X38.457 Y107.781
G1 X38.494 Y107.671
G1 X38.477 Y107.206
G1 X38.544 Y107.161
G1 X38.657 Y107.236
G1 X39.494 Y108.873
G1 X39.794 Y108.951
G1 X40.074 Y108.876
G1 X40.164 Y108.631
G1 X40.188 Y107.262
G1 X40.349 Y107.131
G1 X40.527 Y107.216
G1 X41.059 Y107.746
G1 X41.162 Y107.686
G1 X41.199 Y107.521
G1 X41.104 Y107.211
G1 X40.817 Y106.898
G1 X40.517 Y106.693
G1 X40.114 Y106.606
G1 X39.862 Y106.664
G1 X39.694 Y106.838
G1 X39.601 Y107.130
G1 X39.589 Y107.996
G1 X39.359 Y107.407
G1 X39.087 Y106.971
G1 X38.774 Y106.701
G1 X38.419 Y106.611
G1 X38.192 Y106.657
G1 X38.019 Y106.796
G1 X37.874 Y107.261
G0 Z5.000 F500.000
G0 X40.779 Y107.656 F3000.000
G1 Z1.000 F500.000
G4 P100
G1 X40.924 Y108.333 F1000.000
G1 X41.097 Y108.598
G1 X41.593 Y108.924
G1 X41.889 Y108.966
G1 X42.233 Y108.900
G1 X42.502 Y108.703
G1 X42.686 Y108.410
G1 X42.774 Y108.056
G1 X43.404 Y108.166
G1 X43.504 Y108.101
G1 X43.539 Y107.936
G1 X43.503 Y107.744
G1 X43.394 Y107.651
G1 X42.734 Y107.531
G1 X42.593 Y107.152
G1 X42.359 Y106.858
G1 X42.061 Y106.669
G1 X41.724 Y106.606
G1 X41.212 Y106.751
G1 X40.889 Y107.136
G1 X40.779 Y107.656
G0 Z5.000 F500.000
G0 X41.512 Y107.281 F3000.000
G1 Z1.000 F500.000
G4 P100
G1 X41.764 Y107.136 F1000.000
G1 X42.042 Y107.266
G1 X42.199 Y107.641
G1 X41.962 Y107.916
G1 X41.894 Y108.436
G1 X41.693 Y108.387
G1 X41.537 Y108.243
G1 X41.438 Y108.011
G1 X41.404 Y107.701
G1 X41.512 Y107.281
G0 Z5.000 F500.000
G0 X44.354 Y107.616 F3000.000
G1 Z1.000 F500.000
G4 P100
G1 X44.394 Y107.996 F1000.000
G1 X44.698 Y108.596
G1 X44.929 Y108.796
G1 X45.464 Y108.961
G1 X45.892 Y108.798
G1 X46.044 Y108.381
G1 X45.952 Y108.026
G1 X45.709 Y107.881
G1 X45.557 Y107.926
G1 X45.499 Y108.051
G1 X45.517 Y108.436
G1 X45.424 Y108.471
G1 X45.209 Y108.368
G1 X45.049 Y108.091
G1 X44.989 Y107.706
G1 X45.116 Y107.271
G1 X45.494 Y107.126
G1 X45.937 Y107.263
G1 X46.539 Y107.746
G1 X46.642 Y107.686
G1 X46.679 Y107.521
G1 X46.584 Y107.211
G1 X46.326 Y106.954
G1 X46.022 Y106.763
G1 X45.389 Y106.606
G1 X44.954 Y106.675
G1 X44.627 Y106.883
G1 X44.423 Y107.205
G1 X44.354 Y107.616
G0 Z5.000 F500.000
G0 X45.951 Y106.909 F3000.000
G1 Z1.000 F500.000
G4 P100
G1 X46.359 Y107.661 F1000.000
G1 X46.349 Y108.676
G1 X46.464 Y108.906
G1 X46.764 Y108.991
G1 X46.917 Y108.948
G1 X46.974 Y108.596
G1 X47.289 Y108.883
G1 X47.619 Y108.971
G1 X47.874 Y108.914
G1 X48.077 Y108.746
G1 X48.210 Y108.486
G1 X48.254 Y108.156
G1 X48.169 Y107.641
G1 X47.934 Y107.186
G1 X48.109 Y107.156
G1 X48.424 Y107.276
G1 X48.944 Y107.746
G1 X49.047 Y107.686
G1 X49.084 Y107.521
G1 X48.989 Y107.211
G1 X48.527 Y106.776
G1 X48.263 Y106.648
G1 X47.724 Y106.653
G1 X47.534 Y106.796
G1 X46.939 Y106.606
G1 X46.833 Y105.720
G1 X46.644 Y104.993
G1 X46.361 Y104.507
G1 X45.969 Y104.346
G1 X45.734 Y104.394
G1 X45.569 Y104.541
G1 X45.439 Y105.081
G1 X45.664 Y106.223
G1 X45.951 Y106.909
G0 Z5.000 F500.000
G0 X46.009 Y105.931 F3000.000
G1 Z1.000 F500.000
G4 P100
G1 X45.884 Y105.166 F1000.000
G1 X45.922 Y104.921
G1 X46.009 Y104.836
G1 X46.133 Y104.982
G1 X46.234 Y105.423
G1 X46.349 Y106.886
G1 X46.009 Y105.931
G0 Z5.000 F500.000
G0 X46.964 Y107.086 F3000.000
G1 Z1.000 F500.000
G4 P100
G1 X47.297 Y107.283 F1000.000
G1 X47.539 Y107.673
G1 X47.629 Y108.161
G1 X47.569 Y108.388
G1 X47.409 Y108.466
G1 X47.211 Y108.371
G1 X46.974 Y108.086
G1 X46.964 Y107.086
G0 Z5.000 F500.000
G0 X48.614 Y107.421 F3000.000
G1 Z1.000 F500.000
G4 P100
G1 X48.661 Y107.810 F1000.000
G1 X49.015 Y108.501
G1 X49.609 Y108.916
G1 X49.944 Y108.971
G1 X50.092 Y108.928
G1 X50.154 Y108.776
G1 X50.558 Y108.752
G1 X50.619 Y108.621
G1 X50.429 Y107.321
G1 X50.467 Y107.201
G1 X50.564 Y107.156
G1 X50.794 Y107.278
G1 X51.294 Y107.746
G1 X51.397 Y107.686
G1 X51.434 Y107.521
G1 X51.339 Y107.211
G1 X50.904 Y106.781
G1 X50.459 Y106.606
G1 X50.157 Y106.718
G1 X49.949 Y107.026
G1 X49.656 Y106.711
G1 X49.294 Y106.606
G1 X49.016 Y106.662
G1 X48.799 Y106.831
G1 X48.661 Y107.091
G1 X48.614 Y107.421
G0 Z5.000 F500.000
G0 X49.302 Y107.186 F3000.000
G1 Z1.000 F500.000
G4 P100
G1 X49.474 Y107.111 F1000.000
G1 X49.684 Y107.241
G1 X49.829 Y107.586
G1 X50.014 Y108.506
G1 X49.627 Y108.348
G1 X49.344 Y107.946
G1 X49.239 Y107.416
G1 X49.302 Y107.186
G0 Z5.000 F500.000
G0 X51.122 Y107.462 F3000.000
G1 Z1.000 F500.000
G4 P100
G1 X51.064 Y108.106 F1000.000
G1 X51.224 Y109.508
G1 X51.421 Y110.209
G1 X51.692 Y110.798
G1 X52.029 Y111.197
G1 X52.424 Y111.331
G1 X52.632 Y111.281
G1 X52.899 Y110.906
G1 X52.934 Y110.621
G1 X52.779 Y109.806
G1 X52.264 Y108.956
G1 X52.568 Y108.874
G1 X52.809 Y108.678
G1 X52.977 Y108.396
G1 X53.059 Y108.056
G1 X53.689 Y108.166
G1 X53.789 Y108.101
G1 X53.789 Y107.743
G1 X53.679 Y107.651
G1 X53.019 Y107.531
G1 X52.875 Y107.156
G1 X52.642 Y106.861
G1 X52.350 Y106.669
G1 X52.029 Y106.606
G1 X51.593 Y106.702
G1 X51.294 Y106.991
G1 X51.122 Y107.462
G0 Z5.000 F500.000
G0 X51.797 Y107.286 F3000.000
G1 Z1.000 F500.000
G4 P100
G1 X52.049 Y107.136 F1000.000
G1 X52.324 Y107.266
G1 X52.484 Y107.641
G1 X52.247 Y107.916
G1 X52.184 Y108.466
G1 X51.985 Y108.415
G1 X51.724 Y108.026
G1 X51.689 Y107.721
G1 X51.797 Y107.286
G0 Z5.000 F500.000
G0 X51.724 Y108.616 F3000.000
G1 Z1.000 F500.000
G4 P100
G1 X52.400 Y110.120 F1000.000
G1 X52.449 Y110.506
G1 X52.412 Y110.751
G1 X52.309 Y110.836
G1 X52.092 Y110.538
G1 X51.874 Y109.731
G1 X51.724 Y108.616
G0 Z5.000 F500.000
G0 X53.589 Y108.681 F3000.000
G1 Z1.000 F500.000
G4 P100
G1 X53.734 Y108.893 F1000.000
G1 X54.164 Y108.936
G1 X54.204 Y108.841
G1 X54.054 Y108.081
G1 X54.694 Y108.081
G1 X54.962 Y108.896
G1 X55.369 Y108.933
G1 X55.414 Y108.831
G1 X55.149 Y107.356
G1 X55.189 Y107.208
G1 X55.294 Y107.156
G1 X55.532 Y107.278
G1 X56.034 Y107.746
G1 X56.137 Y107.686
G1 X56.174 Y107.521
G1 X56.079 Y107.211
G1 X55.607 Y106.776
G1 X55.054 Y106.606
G1 X54.833 Y106.646
G1 X54.689 Y106.766
G1 X54.584 Y107.246
G1 X54.609 Y107.571
G1 X53.999 Y107.581
G1 X53.914 Y106.663
G1 X53.749 Y106.606
G1 X53.588 Y106.656
G1 X53.482 Y106.806
G1 X53.404 Y107.446
G1 X53.589 Y108.681
G0 Z5.000 F500.000
G0 X55.819 Y108.018 F3000.000
G1 Z1.000 F500.000
G4 P100
G1 X55.984 Y108.681 F1000.000
G1 X56.124 Y108.896
G1 X56.562 Y108.926
G1 X56.604 Y108.821
G1 X56.369 Y107.516
G1 X56.474 Y107.326
G1 X56.662 Y107.476
G1 X56.902 Y107.931
G1 X57.272 Y108.896
G1 X57.679 Y108.933
G1 X57.724 Y108.831
G1 X57.459 Y107.356
G1 X57.499 Y107.208
G1 X57.604 Y107.156
G1 X57.842 Y107.278
G1 X58.344 Y107.746
G1 X58.447 Y107.686
G1 X58.484 Y107.521
G1 X58.389 Y107.211
G1 X57.927 Y106.776
G1 X57.663 Y106.648
G1 X57.156 Y106.652
G1 X57.012 Y106.791
G1 X56.899 Y107.311
G1 X56.644 Y106.788
G1 X56.279 Y106.606
G1 X56.075 Y106.657
G1 X55.805 Y107.046
G1 X55.819 Y108.018
G0 Z5.000 F500.000
G0 X58.089 Y107.446 F3000.000
G1 Z1.000 F500.000
G4 P100
G1 X58.274 Y108.681 F1000.000
G1 X58.422 Y108.893
G1 X58.709 Y108.961
G1 X58.849 Y108.936
G1 X58.889 Y108.841
G1 X58.684 Y107.766
G1 X59.007 Y108.426
G1 X59.392 Y108.828
G1 X59.764 Y108.961
G1 X60.012 Y108.881
G1 X60.084 Y108.636
G1 X59.934 Y107.786
G1 X60.198 Y108.317
G1 X60.489 Y108.681
G1 X60.784 Y108.891
G1 X61.059 Y108.961
G1 X61.303 Y108.879
G1 X61.384 Y108.636
G1 X61.179 Y107.356
G1 X61.216 Y107.206
G1 X61.324 Y107.156
G1 X61.562 Y107.278
G1 X62.064 Y107.746
G1 X62.167 Y107.686
G1 X62.204 Y107.521
G1 X62.109 Y107.211
G1 X61.647 Y106.776
G1 X61.084 Y106.606
G1 X60.861 Y106.642
G1 X60.602 Y106.934
G1 X60.569 Y107.181
G1 X60.704 Y108.116
G1 X60.649 Y108.196
G1 X60.464 Y108.028
G1 X60.224 Y107.586
G1 X59.902 Y106.686
G1 X59.669 Y106.606
G1 X59.422 Y106.763
G1 X59.339 Y107.146
G1 X59.429 Y108.116
G1 X59.374 Y108.196
G1 X59.184 Y108.016
G1 X58.962 Y107.556
G1 X58.662 Y106.688
G1 X58.434 Y106.606
G1 X58.273 Y106.656
G1 X58.167 Y106.806
G1 X58.089 Y107.446
G0 Z5.000 F500.000
G0 X61.819 Y107.536 F3000.000
G1 Z1.000 F500.000
G4 P100
G1 X62.004 Y108.681 F1000.000
G1 X62.152 Y108.893
G1 X62.449 Y108.961
G1 X62.618 Y108.931
G1 X62.674 Y108.841
G1 X62.494 Y108.031
G1 X62.817 Y108.253
G1 X63.199 Y108.341
G1 X63.473 Y108.291
G1 X63.682 Y108.141
G1 X63.815 Y107.913
G1 X63.859 Y107.631
G1 X63.744 Y107.161
G1 X64.129 Y107.276
G1 X64.649 Y107.746
G1 X64.752 Y107.686
G1 X64.789 Y107.521
G1 X64.694 Y107.211
G1 X64.222 Y106.776
G1 X63.963 Y106.648
G1 X63.669 Y106.606
G1 X63.309 Y106.726
G1 X62.789 Y106.606
G1 X62.384 Y106.670
G1 X62.077 Y106.863
G1 X61.884 Y107.160
G1 X61.819 Y107.536
G0 Z5.000 F500.000
G0 X62.449 Y107.506 F3000.000
G1 Z1.000 F500.000
G4 P100
G1 X62.554 Y107.231 F1000.000
G1 X62.814 Y107.136
G1 X63.124 Y107.246
G1 X63.234 Y107.551
G1 X63.163 Y107.749
G1 X62.949 Y107.816
G1 X62.657 Y107.721
G1 X62.449 Y107.506
G0 Z5.000 F500.000
G0 X65.629 Y107.616 F3000.000
G1 Z1.000 F500.000
G4 P100
G1 X65.669 Y107.996 F1000.000
G1 X65.973 Y108.596
G1 X66.204 Y108.796
G1 X66.739 Y108.961
G1 X67.167 Y108.798
G1 X67.319 Y108.381
G1 X67.227 Y108.026
G1 X66.984 Y107.881
G1 X66.832 Y107.926
G1 X66.774 Y108.051
G1 X66.792 Y108.436
G1 X66.699 Y108.471
G1 X66.484 Y108.368
G1 X66.324 Y108.091
G1 X66.264 Y107.706
G1 X66.391 Y107.271
G1 X66.769 Y107.126
G1 X67.212 Y107.263
G1 X67.814 Y107.746
G1 X67.917 Y107.686
G1 X67.954 Y107.521
G1 X67.859 Y107.211
G1 X67.601 Y106.954
G1 X67.297 Y106.763
G1 X66.664 Y106.606
G1 X66.229 Y106.675
G1 X65.902 Y106.883
G1 X65.698 Y107.205
G1 X65.629 Y107.616
G0 Z5.000 F500.000
G0 X68.874 Y107.331 F3000.000
G1 Z1.000 F500.000
G4 P100
G1 X68.924 Y108.018 F1000.000
G1 X69.089 Y108.681
G1 X69.229 Y108.896
G1 X69.514 Y108.961
G1 X69.667 Y108.926
G1 X69.709 Y108.821
G1 X69.499 Y107.368
G1 X69.579 Y107.326
G1 X69.767 Y107.476
G1 X70.377 Y108.896
G1 X70.624 Y108.961
G1 X70.784 Y108.933
G1 X70.829 Y108.831
G1 X70.564 Y107.356
G1 X70.604 Y107.208
G1 X70.709 Y107.156
G1 X70.947 Y107.278
G1 X71.449 Y107.746
G1 X71.552 Y107.686
G1 X71.589 Y107.521
G1 X71.494 Y107.211
G1 X71.032 Y106.776
G1 X70.469 Y106.606
G1 X70.261 Y106.652
G1 X70.117 Y106.791
G1 X70.004 Y107.311
G1 X69.749 Y106.788
G1 X69.384 Y106.606
G1 X69.180 Y106.657
G1 X68.910 Y107.046
G1 X68.874 Y107.331
G0 Z5.000 F500.000
G0 X71.104 Y107.616 F3000.000
G1 Z1.000 F500.000
G4 P100
G1 X71.144 Y107.996 F1000.000
G1 X71.448 Y108.596
G1 X71.679 Y108.796
G1 X72.214 Y108.961
G1 X72.642 Y108.798
G1 X72.794 Y108.381
G1 X72.702 Y108.026
G1 X72.459 Y107.881
G1 X72.307 Y107.926
G1 X72.249 Y108.051
G1 X72.267 Y108.436
G1 X72.174 Y108.471
G1 X71.959 Y108.368
G1 X71.799 Y108.091
G1 X71.739 Y107.706
G1 X71.866 Y107.271
G1 X72.244 Y107.126
G1 X72.687 Y107.263
G1 X73.289 Y107.746
G1 X73.392 Y107.686
G1 X73.429 Y107.521
G1 X73.334 Y107.211
G1 X73.076 Y106.954
G1 X72.772 Y106.763
G1 X72.139 Y106.606
G1 X71.704 Y106.675
G1 X71.377 Y106.883
G1 X71.173 Y107.205
G1 X71.104 Y107.616
G0 Z5.000 F500.000
G0 X72.869 Y107.196 F3000.000
G1 Z1.000 F500.000
G4 P100
G1 X72.984 Y107.601 F1000.000
G1 X73.309 Y107.756
G1 X73.444 Y107.722
G1 X73.489 Y107.621
G1 X73.497 Y107.178
G1 X73.594 Y107.141
G1 X73.777 Y107.253
G1 X73.922 Y107.561
G1 X73.979 Y107.991
G1 X73.934 Y108.293
G1 X73.824 Y108.416
G1 X73.744 Y108.388
G1 X73.614 Y108.168
G1 X73.439 Y108.121
G1 X73.264 Y108.198
G1 X73.199 Y108.436
G1 X73.354 Y108.836
G1 X73.754 Y108.981
G1 X74.134 Y108.878
G1 X74.394 Y108.581
G1 X74.732 Y108.881
G1 X75.099 Y108.981
G1 X75.397 Y108.891
G1 X75.499 Y108.601
G1 X75.414 Y108.248
G1 X75.209 Y108.121
G1 X75.059 Y108.166
G1 X74.899 Y108.416
G1 X74.772 Y108.303
G1 X74.609 Y107.621
G1 X74.722 Y107.258
G1 X75.029 Y107.131
G1 X75.397 Y107.263
G1 X75.934 Y107.746
G1 X76.037 Y107.686
G1 X76.074 Y107.521
G1 X75.979 Y107.211
G1 X75.497 Y106.778
G1 X74.904 Y106.606
G1 X74.452 Y106.701
G1 X74.139 Y106.971
G1 X73.828 Y106.701
G1 X73.464 Y106.611
G1 X73.218 Y106.651
G1 X72.909 Y106.957
G1 X72.869 Y107.196
G0 Z5.000 F500.000
G0 X75.594 Y107.656 F3000.000
G1 Z1.000 F500.000
G4 P100
G1 X75.739 Y108.333 F1000.000
G1 X75.912 Y108.598
G1 X76.408 Y108.924
G1 X76.704 Y108.966
G1 X77.048 Y108.900
G1 X77.317 Y108.703
G1 X77.501 Y108.410
G1 X77.589 Y108.056
G1 X78.219 Y108.166
G1 X78.319 Y108.101
G1 X78.354 Y107.936
G1 X78.318 Y107.744
G1 X78.209 Y107.651
G1 X77.549 Y107.531
G1 X77.408 Y107.152
G1 X77.174 Y106.858
G1 X76.876 Y106.669
G1 X76.539 Y106.606
G1 X76.027 Y106.751
G1 X75.704 Y107.136
G1 X75.594 Y107.656
G0 Z5.000 F500.000
G0 X76.327 Y107.281 F3000.000
G1 Z1.000 F500.000
G4 P100
G1 X76.579 Y107.136 F1000.000
G1 X76.857 Y107.266
G1 X77.014 Y107.641
G1 X76.777 Y107.916
G1 X76.709 Y108.436
G1 X76.508 Y108.387
G1 X76.352 Y108.243
G1 X76.253 Y108.011
G1 X76.219 Y107.701
G1 X76.327 Y107.281
G0 Z5.000 F500.000
G0 X77.859 Y107.421 F3000.000
G1 Z1.000 F500.000
G4 P100
G1 X77.906 Y107.810 F1000.000
G1 X78.260 Y108.501
G1 X78.854 Y108.916
G1 X79.189 Y108.971
G1 X79.337 Y108.928
G1 X79.399 Y108.776
G1 X79.797 Y108.758
G1 X79.849 Y108.611
G1 X79.629 Y107.166
G1 X80.369 Y107.696
G1 X80.484 Y107.736
G1 X80.587 Y107.673
G1 X80.624 Y107.516
G1 X80.479 Y107.221
G1 X79.529 Y106.576
G1 X79.310 Y105.651
G1 X79.032 Y104.948
G1 X78.683 Y104.504
G1 X78.249 Y104.356
G1 X78.018 Y104.395
G1 X77.714 Y104.695
G1 X77.674 Y104.926
G1 X77.744 Y105.294
G1 X77.954 Y105.688
G1 X78.357 Y106.142
G1 X79.004 Y106.691
G1 X79.034 Y106.886
G1 X78.812 Y106.678
G1 X78.539 Y106.606
G1 X78.261 Y106.662
G1 X78.044 Y106.831
G1 X77.906 Y107.091
G1 X77.859 Y107.421
G0 Z5.000 F500.000
G0 X78.547 Y107.186 F3000.000
G1 Z1.000 F500.000
G4 P100
G1 X78.719 Y107.111 F1000.000
G1 X78.939 Y107.251
G1 X79.249 Y108.506
G1 X78.869 Y108.348
G1 X78.589 Y107.946
G1 X78.484 Y107.416
G1 X78.547 Y107.186
G0 Z5.000 F500.000
G0 X78.889 Y106.096 F3000.000
G1 Z1.000 F500.000
G4 P100
G1 X78.334 Y105.501 F1000.000
G1 X78.164 Y105.036
G1 X78.197 Y104.896
G1 X78.304 Y104.841
G1 X78.438 Y104.916
G1 X78.587 Y105.141
G1 X78.889 Y106.096
G0 Z5.000 F500.000
G0 X80.513 Y106.656 F3000.000
G1 Z1.000 F500.000
G4 P100
G1 X80.407 Y106.806 F1000.000
G1 X80.329 Y107.446
G1 X80.376 Y108.079
G1 X80.514 Y108.681
G1 X80.659 Y108.893
G1 X80.949 Y108.961
G1 X81.089 Y108.936
G1 X81.129 Y108.841
G1 X80.979 Y108.081
G1 X81.619 Y108.081
G1 X81.887 Y108.896
G1 X82.294 Y108.933
G1 X82.339 Y108.831
G1 X82.074 Y107.356
G1 X82.114 Y107.208
G1 X82.219 Y107.156
G1 X82.457 Y107.278
G1 X82.959 Y107.746
G1 X83.062 Y107.686
G1 X83.099 Y107.521
G1 X83.004 Y107.211
G1 X82.532 Y106.776
G1 X81.979 Y106.606
G1 X81.758 Y106.646
G1 X81.614 Y106.766
G1 X81.509 Y107.246
G1 X81.534 Y107.571
G1 X80.924 Y107.581
G1 X80.839 Y106.663
G1 X80.674 Y106.606
G1 X80.513 Y106.656
G0 Z5.000 F500.000
G0 X82.779 Y107.163 F3000.000
G1 Z1.000 F500.000
G4 P100
G1 X82.714 Y107.536 F1000.000
G1 X82.759 Y108.106
G1 X82.899 Y108.681
G1 X83.047 Y108.893
G1 X83.344 Y108.961
G1 X83.513 Y108.931
G1 X83.569 Y108.841
G1 X83.389 Y108.031
G1 X83.712 Y108.253
G1 X84.094 Y108.341
G1 X84.474 Y108.203
G1 X84.644 Y107.816
G1 X85.297 Y108.901
G1 X85.534 Y108.961
G1 X85.726 Y108.918
G1 X85.789 Y108.791
G1 X85.574 Y107.466
G1 X85.614 Y107.236
G1 X85.749 Y107.156
G1 X85.974 Y107.281
G1 X86.469 Y107.746
G1 X86.572 Y107.686
G1 X86.609 Y107.521
G1 X86.514 Y107.211
G1 X86.036 Y106.757
G1 X85.589 Y106.606
G1 X85.309 Y106.663
G1 X85.117 Y106.836
G1 X85.006 Y107.103
G1 X84.969 Y107.521
G1 X84.362 Y106.856
G1 X84.021 Y106.668
G1 X83.664 Y106.606
G1 X83.274 Y106.671
G1 X82.972 Y106.866
G1 X82.779 Y107.163
G0 Z5.000 F500.000
G0 X83.449 Y107.226 F3000.000
G1 Z1.000 F500.000
G4 P100
G1 X83.709 Y107.136 F1000.000
G1 X84.019 Y107.246
G1 X84.129 Y107.551
G1 X84.058 Y107.749
G1 X83.844 Y107.816
G1 X83.547 Y107.721
G1 X83.344 Y107.501
G1 X83.449 Y107.226
G0 Z5.000 F500.000
G0 X85.969 Y107.261 F3000.000
G1 Z1.000 F500.000
G4 P100
G1 X86.084 Y107.678 F1000.000
G1 X86.409 Y107.846
G1 X86.559 Y107.812
G1 X86.609 Y107.711
G1 X86.564 Y107.331
G1 X86.639 Y107.161
G1 X86.779 Y107.263
G1 X87.294 Y108.661
G1 X87.442 Y108.888
G1 X87.704 Y108.961
G1 X87.937 Y108.906
G1 X88.029 Y108.726
G1 X88.064 Y107.621
G1 X88.624 Y108.761
G1 X88.817 Y108.913
G1 X89.034 Y108.966
G1 X89.279 Y108.888
G1 X89.344 Y108.601
G1 X89.349 Y107.231
G1 X89.499 Y107.131
G1 X89.726 Y107.262
G1 X90.139 Y107.746
G1 X90.242 Y107.686
G1 X90.279 Y107.521
G1 X90.184 Y107.206
G1 X89.737 Y106.771
G1 X89.259 Y106.606
G1 X89.032 Y106.656
G1 X88.879 Y106.806
G1 X88.764 Y107.386
G1 X88.844 Y108.211
G1 X88.139 Y106.658
G1 X87.959 Y106.606
G1 X87.799 Y106.666
G1 X87.709 Y106.856
G1 X87.619 Y108.116
G1 X87.364 Y107.318
G1 X87.039 Y106.808
G1 X86.807 Y106.660
G1 X86.285 Y106.657
G1 X86.112 Y106.796
G1 X85.969 Y107.261
G0 Z5.000 F500.000
G0 X91.134 Y107.421 F3000.000
G1 Z1.000 F500.000
G4 P100
G1 X91.181 Y107.810 F1000.000
G1 X91.535 Y108.501
G1 X92.129 Y108.916
G1 X92.464 Y108.971
G1 X92.612 Y108.928
G1 X92.674 Y108.776
G1 X93.072 Y108.758
G1 X93.124 Y108.611
G1 X92.904 Y107.166
G1 X93.644 Y107.696
G1 X93.759 Y107.736
G1 X93.862 Y107.673
G1 X93.899 Y107.516
G1 X93.754 Y107.221
G1 X92.804 Y106.576
G1 X92.585 Y105.651
G1 X92.307 Y104.948
G1 X91.958 Y104.504
G1 X91.524 Y104.356
G1 X91.293 Y104.395
G1 X90.989 Y104.695
G1 X90.949 Y104.926
G1 X91.019 Y105.294
G1 X91.229 Y105.688
G1 X91.632 Y106.142
G1 X92.279 Y106.691
G1 X92.309 Y106.886
G1 X92.087 Y106.678
G1 X91.814 Y106.606
G1 X91.536 Y106.662
G1 X91.319 Y106.831
G1 X91.181 Y107.091
G1 X91.134 Y107.421
G0 Z5.000 F500.000
G0 X91.822 Y107.186 F3000.000
G1 Z1.000 F500.000
G4 P100
G1 X91.994 Y107.111 F1000.000
G1 X92.214 Y107.251
G1 X92.524 Y108.506
G1 X92.144 Y108.348
G1 X91.864 Y107.946
G1 X91.759 Y107.416
G1 X91.822 Y107.186
G0 Z5.000 F500.000
G0 X92.164 Y106.096 F3000.000
G1 Z1.000 F500.000
G4 P100
G1 X91.609 Y105.501 F1000.000
G1 X91.439 Y105.036
G1 X91.472 Y104.896
G1 X91.579 Y104.841
G1 X91.713 Y104.916
G1 X91.862 Y105.141
G1 X92.164 Y106.096
G0 Z5.000 F500.000
G0 X93.952 Y106.751 F3000.000
G1 Z1.000 F500.000
G4 P100
G1 X93.629 Y107.136 F1000.000
G1 X93.519 Y107.656
G1 X93.664 Y108.333
G1 X94.064 Y108.798
G1 X94.629 Y108.966
G1 X94.973 Y108.900
G1 X95.242 Y108.703
G1 X95.426 Y108.410
G1 X95.514 Y108.056
G1 X96.144 Y108.166
G1 X96.244 Y108.101
G1 X96.243 Y107.744
G1 X96.134 Y107.651
G1 X95.474 Y107.531
G1 X95.333 Y107.152
G1 X95.099 Y106.858
G1 X94.801 Y106.669
G1 X94.464 Y106.606
G1 X93.952 Y106.751
G0 Z5.000 F500.000
G0 X94.504 Y107.136 F3000.000
G1 Z1.000 F500.000
G4 P100
G1 X94.782 Y107.266 F1000.000
G1 X94.939 Y107.641
G1 X94.702 Y107.916
G1 X94.634 Y108.436
G1 X94.433 Y108.387
G1 X94.277 Y108.243
G1 X94.144 Y107.701
G1 X94.252 Y107.281
G1 X94.504 Y107.136
G0 Z5.000 F500.000
G0 X95.859 Y107.446 F3000.000
G1 Z1.000 F500.000
G4 P100
G1 X96.044 Y108.681 F1000.000
G1 X96.192 Y108.893
G1 X96.479 Y108.961
G1 X96.619 Y108.936
G1 X96.659 Y108.841
G1 X96.444 Y107.661
G1 X96.648 Y108.261
G1 X96.899 Y108.661
G1 X97.203 Y108.886
G1 X97.564 Y108.961
G1 X97.972 Y108.798
G1 X98.119 Y108.381
G1 X98.027 Y108.026
G1 X97.784 Y107.881
G1 X97.632 Y107.926
G1 X97.574 Y108.051
G1 X97.592 Y108.437
G1 X97.494 Y108.471
G1 X97.299 Y108.368
G1 X97.147 Y108.093
G1 X97.089 Y107.721
G1 X97.214 Y107.288
G1 X97.574 Y107.126
G1 X97.904 Y107.248
G1 X98.439 Y107.746
G1 X98.542 Y107.686
G1 X98.579 Y107.521
G1 X98.484 Y107.211
G1 X98.034 Y106.773
G1 X97.524 Y106.606
G1 X97.097 Y106.708
G1 X96.784 Y106.956
G1 X96.629 Y107.236
G1 X96.427 Y106.681
G1 X96.204 Y106.606
G1 X96.043 Y106.656
G1 X95.937 Y106.806
G1 X95.859 Y107.446
G0 Z5.000 F500.000
G0 X98.210 Y107.046 F3000.000
G1 Z1.000 F500.000
G4 P100
G1 X98.224 Y108.018 F1000.000
G1 X98.389 Y108.681
G1 X98.529 Y108.896
G1 X98.814 Y108.961
G1 X98.967 Y108.926
G1 X99.009 Y108.821
G1 X98.804 Y107.823
G1 X98.801 Y107.373
G1 X98.879 Y107.326
G1 X99.067 Y107.476
G1 X99.677 Y108.896
G1 X99.924 Y108.961
G1 X100.084 Y108.931
G1 X100.129 Y108.831
G1 X99.869 Y107.166
G1 X100.619 Y107.696
G1 X100.734 Y107.736
G1 X100.837 Y107.673
G1 X100.874 Y107.516
G1 X100.729 Y107.221
G1 X99.769 Y106.576
G1 X99.550 Y105.651
G1 X99.272 Y104.948
G1 X98.923 Y104.504
G1 X98.489 Y104.356
G1 X98.258 Y104.395
G1 X97.954 Y104.695
G1 X97.914 Y104.926
G1 X98.022 Y105.406
G1 X98.422 Y105.968
G1 X99.249 Y106.696
G1 X99.344 Y107.341
G1 X99.064 Y106.793
G1 X98.879 Y106.652
G1 X98.480 Y106.657
G1 X98.210 Y107.046
G0 Z5.000 F500.000
G0 X99.134 Y106.096 F3000.000
G1 Z1.000 F500.000
G4 P100
G1 X98.577 Y105.503 F1000.000
G1 X98.404 Y105.036
G1 X98.437 Y104.896
G1 X98.544 Y104.841
G1 X98.677 Y104.913
G1 X98.824 Y105.131
G1 X99.134 Y106.096
G0 Z5.000 F500.000
G0 X100.477 Y106.796 F3000.000
G1 Z1.000 F500.000
G4 P100
G1 X100.334 Y107.261 F1000.000
G1 X100.449 Y107.678
G1 X100.588 Y107.804
G1 X100.924 Y107.812
G1 X100.929 Y107.331
G1 X101.004 Y107.161
G1 X101.144 Y107.263
G1 X101.659 Y108.661
G1 X101.807 Y108.888
G1 X102.069 Y108.961
G1 X102.302 Y108.906
G1 X102.394 Y108.726
G1 X102.429 Y107.621
G1 X102.989 Y108.761
G1 X103.182 Y108.913
G1 X103.399 Y108.966
G1 X103.644 Y108.888
G1 X103.709 Y108.601
G1 X103.714 Y107.231
G1 X103.864 Y107.131
G1 X104.091 Y107.262
G1 X104.504 Y107.746
G1 X104.607 Y107.686
G1 X104.644 Y107.521
G1 X104.549 Y107.206
G1 X104.102 Y106.771
G1 X103.624 Y106.606
G1 X103.397 Y106.656
G1 X103.244 Y106.806
G1 X103.129 Y107.386
G1 X103.209 Y108.211
G1 X102.634 Y106.861
G1 X102.504 Y106.658
G1 X102.324 Y106.606
G1 X102.164 Y106.666
G1 X102.074 Y106.856
G1 X101.984 Y108.116
G1 X101.729 Y107.318
G1 X101.404 Y106.808
G1 X101.172 Y106.660
G1 X100.884 Y106.611
G1 X100.650 Y106.657
G1 X100.477 Y106.796
G0 Z5.000 F500.000
G0 X104.237 Y107.228 F3000.000
G1 Z1.000 F500.000
G4 P100
G1 X104.164 Y107.671 F1000.000
G1 X104.309 Y108.313
G1 X104.712 Y108.786
G1 X105.294 Y108.961
G1 X105.556 Y108.917
G1 X105.759 Y108.788
G1 X105.891 Y108.585
G1 X105.934 Y108.321
G1 X105.873 Y108.000
G1 X105.687 Y107.728
G1 X105.354 Y107.506
G1 X104.849 Y107.336
G1 X105.031 Y107.163
G1 X105.324 Y107.106
G1 X105.837 Y107.263
G1 X106.469 Y107.746
G1 X106.572 Y107.686
G1 X106.609 Y107.521
G1 X106.514 Y107.211
G1 X105.992 Y106.796
G1 X105.269 Y106.606
G1 X104.803 Y106.677
G1 X104.454 Y106.891
G1 X104.237 Y107.228
G0 Z5.000 F500.000
G0 X104.769 Y107.736 F3000.000
G1 Z1.000 F500.000
G4 P100
G1 X105.234 Y107.936 F1000.000
G1 X105.362 Y108.087
G1 X105.352 Y108.413
G1 X105.209 Y108.471
G1 X105.039 Y108.417
G1 X104.897 Y108.256
G1 X104.769 Y107.736
G0 Z5.000 F500.000
G0 X106.261 Y108.079 F3000.000
G1 Z1.000 F500.000
G4 P100
G1 X106.399 Y108.681 F1000.000
G1 X106.544 Y108.893
G1 X106.834 Y108.961
G1 X106.974 Y108.936
G1 X107.014 Y108.841
G1 X106.864 Y108.081
G1 X107.504 Y108.081
G1 X107.772 Y108.896
G1 X108.179 Y108.933
G1 X108.224 Y108.831
G1 X107.959 Y107.356
G1 X107.999 Y107.208
G1 X108.104 Y107.156
G1 X108.342 Y107.278
G1 X108.844 Y107.746
G1 X108.947 Y107.686
G1 X108.984 Y107.521
G1 X108.889 Y107.211
G1 X108.417 Y106.776
G1 X107.864 Y106.606
G1 X107.643 Y106.646
G1 X107.499 Y106.766
G1 X107.394 Y107.246
G1 X107.419 Y107.571
G1 X106.809 Y107.581
G1 X106.784 Y106.846
G1 X106.724 Y106.663
G1 X106.559 Y106.606
G1 X106.398 Y106.656
G1 X106.292 Y106.806
G1 X106.214 Y107.446
G1 X106.261 Y108.079
G0 Z5.000 F500.000
G0 X108.589 Y107.446 F3000.000
G1 Z1.000 F500.000
G4 P100
G1 X108.774 Y108.681 F1000.000
G1 X108.922 Y108.893
G1 X109.209 Y108.961
G1 X109.349 Y108.936
G1 X109.389 Y108.841
G1 X109.184 Y107.766
G1 X109.507 Y108.426
G1 X109.892 Y108.828
G1 X110.264 Y108.961
G1 X110.512 Y108.881
G1 X110.584 Y108.636
G1 X110.434 Y107.786
G1 X110.698 Y108.317
G1 X110.989 Y108.681
G1 X111.284 Y108.891
G1 X111.559 Y108.961
G1 X111.803 Y108.879
G1 X111.884 Y108.636
G1 X111.679 Y107.356
G1 X111.716 Y107.206
G1 X111.824 Y107.156
G1 X112.062 Y107.278
G1 X112.564 Y107.746
G1 X112.667 Y107.686
G1 X112.704 Y107.521
G1 X112.609 Y107.211
G1 X112.147 Y106.776
G1 X111.584 Y106.606
G1 X111.361 Y106.642
G1 X111.102 Y106.934
G1 X111.069 Y107.181
G1 X111.204 Y108.116
G1 X111.149 Y108.196
G1 X110.964 Y108.028
G1 X110.724 Y107.586
G1 X110.402 Y106.686
G1 X110.169 Y106.606
G1 X109.922 Y106.763
G1 X109.839 Y107.146
G1 X109.929 Y108.116
G1 X109.874 Y108.196
G1 X109.684 Y108.016
G1 X109.462 Y107.556
G1 X109.162 Y106.688
G1 X108.934 Y106.606
G1 X108.773 Y106.656
G1 X108.667 Y106.806
G1 X108.589 Y107.446
G0 Z5.000 F500.000
G0 X112.224 Y107.656 F3000.000
G1 Z1.000 F500.000
G4 P100
G1 X112.369 Y108.333 F1000.000
G1 X112.542 Y108.598
G1 X113.038 Y108.924
G1 X113.334 Y108.966
G1 X113.678 Y108.900
G1 X113.947 Y108.703
G1 X114.131 Y108.410
G1 X114.219 Y108.056
G1 X114.849 Y108.166
G1 X114.949 Y108.101
G1 X114.984 Y107.936
G1 X114.948 Y107.744
G1 X114.839 Y107.651
G1 X114.179 Y107.531
G1 X114.038 Y107.152
G1 X113.804 Y106.858
G1 X113.506 Y106.669
G1 X113.169 Y106.606
G1 X112.657 Y106.751
G1 X112.334 Y107.136
G1 X112.224 Y107.656
G0 Z5.000 F500.000
G0 X112.957 Y107.281 F3000.000
G1 Z1.000 F500.000
G4 P100
G1 X113.209 Y107.136 F1000.000
G1 X113.487 Y107.266
G1 X113.644 Y107.641
G1 X113.407 Y107.916
G1 X113.339 Y108.436
G1 X113.138 Y108.387
G1 X112.982 Y108.243
G1 X112.883 Y108.011
G1 X112.849 Y107.701
G1 X112.957 Y107.281
G0 Z5.000 F500.000
G0 X114.319 Y107.261 F3000.000
G1 Z1.000 F500.000
G4 P100
G1 X114.434 Y107.678 F1000.000
G1 X114.759 Y107.846
G1 X114.909 Y107.812
G1 X114.959 Y107.711
G1 X114.914 Y107.331
G1 X114.989 Y107.161
G1 X115.129 Y107.263
G1 X115.644 Y108.661
G1 X115.792 Y108.888
G1 X116.054 Y108.961
G1 X116.287 Y108.906
G1 X116.379 Y108.726
G1 X116.414 Y107.621
G1 X116.974 Y108.761
G1 X117.167 Y108.913
G1 X117.384 Y108.966
G1 X117.629 Y108.888
G1 X117.694 Y108.601
G1 X117.699 Y107.231
G1 X117.849 Y107.131
G1 X118.076 Y107.262
G1 X118.489 Y107.746
G1 X118.592 Y107.686
G1 X118.629 Y107.521
G1 X118.534 Y107.206
G1 X118.087 Y106.771
G1 X117.609 Y106.606
G1 X117.382 Y106.656
G1 X117.229 Y106.806
G1 X117.114 Y107.386
G1 X117.194 Y108.211
G1 X116.489 Y106.658
G1 X116.309 Y106.606
G1 X116.149 Y106.666
G1 X116.059 Y106.856
G1 X115.969 Y108.116
G1 X115.714 Y107.318
G1 X115.389 Y106.808
G1 X115.157 Y106.660
G1 X114.635 Y106.657
G1 X114.462 Y106.796
G1 X114.319 Y107.261
G0 Z5.000 F500.000
G0 X118.124 Y107.041 F3000.000
G1 Z1.000 F500.000
G4 P100
G1 X118.252 Y107.401 F1000.000
G1 X118.609 Y107.536
G1 X118.942 Y107.428
G1 X119.054 Y107.111
G1 X118.924 Y106.743
G1 X118.569 Y106.606
G1 X118.237 Y106.726
G1 X118.124 Y107.041
G0 Z5.000 F500.000
G0 X24.010 Y93.896 F3000.000
G1 Z1.000 F500.000
G4 P100
G1 X23.915 Y93.586 F1000.000
G1 X23.372 Y93.116
G1 X22.740 Y92.981
G1 X22.260 Y93.046
G1 X21.175 Y93.446
G1 X20.856 Y93.097
G1 X20.410 Y92.981
G1 X19.962 Y93.108
G1 X19.795 Y93.436
G1 X19.854 Y93.660
G1 X20.030 Y93.843
G1 X20.304 Y93.965
G1 X20.720 Y94.006
G1 X20.810 Y95.461
G1 X20.990 Y96.286
G1 X21.405 Y96.841
G1 X21.930 Y97.143
G1 X22.555 Y97.246
G1 X23.032 Y97.176
G1 X23.385 Y96.966
G1 X23.602 Y96.643
G1 X23.675 Y96.236
G1 X23.565 Y95.743
G1 X23.434 Y95.603
G1 X23.260 Y95.556
G1 X23.040 Y95.623
G1 X22.960 Y95.816
G1 X23.010 Y96.231
G1 X22.887 Y96.563
G1 X22.515 Y96.686
G1 X22.125 Y96.614
G1 X21.835 Y96.398
G1 X21.639 Y96.029
G1 X21.530 Y95.496
G1 X21.350 Y93.946
G1 X22.845 Y93.641
G1 X23.343 Y93.738
G1 X23.870 Y94.121
G1 X23.973 Y94.061
G1 X24.010 Y93.896
G0 Z5.000 F500.000
G0 X24.260 Y94.206 F3000.000
G1 Z1.000 F500.000
G4 P100
G1 X24.332 Y93.934 F1000.000
G1 X24.550 Y93.738
G1 X24.925 Y93.620
G1 X25.470 Y93.581
G1 X26.348 Y93.678
G1 X27.265 Y93.946
G1 X27.385 Y93.886
G1 X27.425 Y93.731
G1 X27.352 Y93.476
G1 X27.105 Y93.286
G1 X26.340 Y93.063
G1 X25.415 Y92.981
G1 X24.836 Y93.016
G1 X23.989 Y93.293
G1 X23.727 Y93.516
G1 X23.572 Y93.782
G1 X23.520 Y94.081
G1 X23.589 Y94.479
G1 X23.797 Y94.813
G1 X24.141 Y95.074
G1 X24.615 Y95.251
G1 X24.354 Y95.368
G1 X24.044 Y95.778
G1 X24.062 Y96.370
G1 X24.233 Y96.668
G1 X24.499 Y96.914
G1 X25.249 Y97.208
G1 X25.690 Y97.246
G1 X26.232 Y97.179
G1 X26.620 Y96.978
G1 X26.852 Y96.671
G1 X26.930 Y96.286
G1 X26.822 Y95.808
G1 X26.692 Y95.671
G1 X26.515 Y95.626
G1 X26.295 Y95.688
G1 X26.215 Y95.876
G1 X26.265 Y96.286
G1 X26.130 Y96.578
G1 X25.680 Y96.691
G1 X25.297 Y96.646
G1 X25.000 Y96.511
G1 X24.809 Y96.300
G1 X24.745 Y96.026
G1 X24.793 Y95.811
G1 X24.938 Y95.638
G1 X25.720 Y95.421
G1 X25.765 Y95.271
G1 X25.690 Y95.022
G1 X24.777 Y94.821
G1 X24.383 Y94.553
G1 X24.260 Y94.206
G0 Z5.000 F500.000
G0 X26.848 Y93.886 F3000.000
G1 Z1.000 F500.000
G4 P100
G1 X26.990 Y93.976 F1000.000
G1 X27.108 Y93.936
G1 X27.524 Y93.545
G1 X27.850 Y93.466
G1 X28.112 Y93.524
G1 X28.328 Y93.698
G1 X28.486 Y93.998
G1 X28.605 Y94.706
G1 X28.168 Y94.771
G1 X28.085 Y94.956
G1 X28.165 Y95.193
G1 X28.675 Y95.281
G1 X28.805 Y96.616
G1 X28.045 Y96.441
G1 X27.880 Y96.286
G1 X27.825 Y96.071
G1 X27.955 Y95.656
G1 X27.855 Y95.498
G1 X27.630 Y95.431
G1 X27.400 Y95.511
G1 X27.230 Y96.061
G1 X27.389 Y96.596
G1 X27.589 Y96.800
G1 X27.867 Y96.961
G1 X28.652 Y97.171
G1 X29.730 Y97.241
G1 X31.230 Y97.151
G1 X31.422 Y97.066
G1 X31.475 Y96.896
G1 X31.383 Y96.643
G1 X31.105 Y96.576
G1 X29.505 Y96.646
G1 X29.380 Y95.296
G1 X30.240 Y95.311
G1 X30.488 Y95.246
G1 X30.550 Y95.071
G1 X30.450 Y94.803
G1 X30.165 Y94.706
G1 X29.310 Y94.706
G1 X29.116 Y93.785
G1 X28.833 Y93.316
G1 X28.426 Y93.053
G1 X27.890 Y92.966
G1 X27.265 Y93.113
G1 X26.845 Y93.471
G1 X26.790 Y93.676
G1 X26.848 Y93.886
G0 Z5.000 F500.000
G0 X30.595 Y95.703 F3000.000
G1 Z1.000 F500.000
G4 P100
G1 X30.530 Y96.061 F1000.000
G1 X30.599 Y96.444
G1 X30.808 Y96.743
G1 X31.157 Y96.966
G1 X31.652 Y97.121
G1 X33.110 Y97.241
G1 X33.987 Y97.221
G1 X34.560 Y97.156
G1 X34.793 Y97.051
G1 X34.870 Y96.876
G1 X34.778 Y96.636
G1 X34.485 Y96.576
G1 X33.120 Y96.641
G1 X32.585 Y93.281
G1 X32.465 Y93.058
G1 X32.200 Y92.981
G1 X31.945 Y93.061
G1 X31.855 Y93.271
G1 X32.410 Y96.636
G1 X31.640 Y96.556
G1 X31.242 Y96.373
G1 X31.125 Y96.071
G1 X31.245 Y95.671
G1 X31.133 Y95.493
G1 X30.900 Y95.411
G1 X30.760 Y95.461
G1 X30.595 Y95.703
G0 Z5.000 F500.000
G0 X35.280 Y93.521 F3000.000
G1 Z1.000 F500.000
G4 P100
G1 X37.375 Y97.456 F1000.000
G1 X37.513 Y97.626
G1 X37.670 Y97.681
G1 X37.867 Y97.588
G1 X37.950 Y97.361
G1 X37.895 Y97.156
G1 X35.642 Y93.021
G1 X35.500 Y92.981
G1 X35.297 Y93.063
G1 X35.210 Y93.281
G1 X35.280 Y93.521
G0 Z5.000 F500.000
G0 X39.195 Y93.991 F3000.000
G1 Z1.000 F500.000
G4 P100
G1 X39.235 Y94.371 F1000.000
G1 X39.539 Y94.971
G1 X39.770 Y95.171
G1 X40.305 Y95.336
G1 X40.733 Y95.173
G1 X40.885 Y94.756
G1 X40.793 Y94.401
G1 X40.550 Y94.256
G1 X40.398 Y94.301
G1 X40.340 Y94.426
G1 X40.358 Y94.811
G1 X40.265 Y94.846
G1 X40.050 Y94.743
G1 X39.890 Y94.466
G1 X39.830 Y94.081
G1 X39.956 Y93.646
G1 X40.335 Y93.501
G1 X40.778 Y93.638
G1 X41.380 Y94.121
G1 X41.483 Y94.061
G1 X41.520 Y93.896
G1 X41.425 Y93.586
G1 X41.167 Y93.329
G1 X40.862 Y93.138
G1 X40.230 Y92.981
G1 X39.794 Y93.050
G1 X39.468 Y93.258
G1 X39.263 Y93.580
G1 X39.195 Y93.991
G0 Z5.000 F500.000
G0 X40.880 Y93.636 F3000.000
G1 Z1.000 F500.000
G4 P100
G1 X40.995 Y94.041 F1000.000
G1 X41.320 Y94.196
G1 X41.462 Y94.156
G1 X41.500 Y94.046
G1 X41.483 Y93.581
G1 X41.550 Y93.536
G1 X41.663 Y93.611
G1 X42.500 Y95.248
G1 X42.800 Y95.326
G1 X43.080 Y95.251
G1 X43.170 Y95.006
G1 X43.194 Y93.637
G1 X43.355 Y93.506
G1 X43.532 Y93.591
G1 X44.065 Y94.121
G1 X44.168 Y94.061
G1 X44.205 Y93.896
G1 X44.110 Y93.586
G1 X43.823 Y93.273
G1 X43.523 Y93.068
G1 X43.120 Y92.981
G1 X42.867 Y93.039
G1 X42.700 Y93.213
G1 X42.606 Y93.505
G1 X42.595 Y94.371
G1 X42.364 Y93.782
G1 X42.093 Y93.346
G1 X41.779 Y93.076
G1 X41.425 Y92.986
G1 X41.197 Y93.032
G1 X41.025 Y93.171
G1 X40.880 Y93.636
G0 Z5.000 F500.000
G0 X43.785 Y94.046 F3000.000
G1 Z1.000 F500.000
G4 P100
G1 X43.930 Y94.688 F1000.000
G1 X44.103 Y94.955
G1 X44.607 Y95.292
G1 X44.915 Y95.336
G1 X45.176 Y95.293
G1 X45.380 Y95.163
G1 X45.511 Y94.960
G1 X45.555 Y94.696
G1 X45.493 Y94.375
G1 X45.307 Y94.103
G1 X44.974 Y93.881
G1 X44.470 Y93.711
G1 X44.651 Y93.538
G1 X44.945 Y93.481
G1 X45.457 Y93.638
G1 X46.090 Y94.121
G1 X46.192 Y94.061
G1 X46.230 Y93.896
G1 X46.135 Y93.586
G1 X45.612 Y93.171
G1 X44.890 Y92.981
G1 X44.424 Y93.052
G1 X44.075 Y93.266
G1 X43.857 Y93.603
G1 X43.785 Y94.046
G0 Z5.000 F500.000
G0 X44.390 Y94.111 F3000.000
G1 Z1.000 F500.000
G4 P100
G1 X44.855 Y94.311 F1000.000
G1 X44.983 Y94.462
G1 X44.972 Y94.788
G1 X44.830 Y94.846
G1 X44.659 Y94.792
G1 X44.517 Y94.631
G1 X44.390 Y94.111
G0 Z5.000 F500.000
G0 X45.860 Y94.481 F3000.000
G1 Z1.000 F500.000
G4 P100
G1 X46.020 Y95.883 F1000.000
G1 X46.217 Y96.585
G1 X46.487 Y97.173
G1 X46.824 Y97.573
G1 X47.220 Y97.706
G1 X47.428 Y97.656
G1 X47.695 Y97.281
G1 X47.730 Y96.996
G1 X47.575 Y96.181
G1 X47.060 Y95.331
G1 X47.364 Y95.249
G1 X47.605 Y95.053
G1 X47.773 Y94.771
G1 X47.855 Y94.431
G1 X48.485 Y94.541
G1 X48.585 Y94.476
G1 X48.585 Y94.118
G1 X48.475 Y94.026
G1 X47.815 Y93.906
G1 X47.671 Y93.531
G1 X47.438 Y93.236
G1 X47.146 Y93.045
G1 X46.825 Y92.981
G1 X46.389 Y93.077
G1 X46.090 Y93.366
G1 X45.918 Y93.837
G1 X45.860 Y94.481
G0 Z5.000 F500.000
G0 X46.485 Y94.096 F3000.000
G1 Z1.000 F500.000
G4 P100
G1 X46.593 Y93.661 F1000.000
G1 X46.845 Y93.511
G1 X47.120 Y93.641
G1 X47.280 Y94.016
G1 X47.043 Y94.291
G1 X46.980 Y94.841
G1 X46.781 Y94.790
G1 X46.623 Y94.638
G1 X46.485 Y94.096
G0 Z5.000 F500.000
G0 X46.520 Y94.991 F3000.000
G1 Z1.000 F500.000
G4 P100
G1 X47.196 Y96.495 F1000.000
G1 X47.245 Y96.881
G1 X47.208 Y97.126
G1 X47.105 Y97.211
G1 X46.888 Y96.913
G1 X46.670 Y96.106
G1 X46.520 Y94.991
G0 Z5.000 F500.000
G0 X48.526 Y94.876 F3000.000
G1 Z1.000 F500.000
G4 P100
G1 X49.119 Y95.291 F1000.000
G1 X49.455 Y95.346
G1 X49.603 Y95.303
G1 X49.665 Y95.151
G1 X50.069 Y95.127
G1 X50.130 Y94.996
G1 X49.940 Y93.696
G1 X49.978 Y93.576
G1 X50.075 Y93.531
G1 X50.305 Y93.653
G1 X50.805 Y94.121
G1 X50.907 Y94.061
G1 X50.945 Y93.896
G1 X50.850 Y93.586
G1 X50.415 Y93.156
G1 X49.970 Y92.981
G1 X49.668 Y93.093
G1 X49.460 Y93.401
G1 X49.166 Y93.086
G1 X48.805 Y92.981
G1 X48.526 Y93.037
G1 X48.310 Y93.206
G1 X48.171 Y93.466
G1 X48.125 Y93.796
G1 X48.171 Y94.185
G1 X48.526 Y94.876
G0 Z5.000 F500.000
G0 X48.855 Y94.321 F3000.000
G1 Z1.000 F500.000
G4 P100
G1 X48.750 Y93.791 F1000.000
G1 X48.812 Y93.561
G1 X48.985 Y93.486
G1 X49.195 Y93.616
G1 X49.340 Y93.961
G1 X49.525 Y94.881
G1 X49.138 Y94.723
G1 X48.855 Y94.321
G0 Z5.000 F500.000
G0 X51.910 Y94.531 F3000.000
G1 Z1.000 F500.000
G4 P100
G1 X51.978 Y94.731 F1000.000
G1 X52.175 Y94.806
G1 X53.200 Y94.906
G1 X53.393 Y94.843
G1 X53.460 Y94.631
G1 X53.395 Y94.422
G1 X53.200 Y94.336
G1 X52.175 Y94.236
G1 X51.983 Y94.306
G1 X51.910 Y94.531
G0 Z5.000 F500.000
G0 X55.215 Y93.821 F3000.000
G1 Z1.000 F500.000
G4 P100
G1 X55.400 Y95.056 F1000.000
G1 X55.548 Y95.268
G1 X55.835 Y95.336
G1 X55.975 Y95.311
G1 X56.015 Y95.216
G1 X55.800 Y94.036
G1 X56.004 Y94.636
G1 X56.255 Y95.036
G1 X56.559 Y95.261
G1 X56.920 Y95.336
G1 X57.328 Y95.173
G1 X57.475 Y94.756
G1 X57.383 Y94.401
G1 X57.140 Y94.256
G1 X56.988 Y94.301
G1 X56.930 Y94.426
G1 X56.948 Y94.812
G1 X56.850 Y94.846
G1 X56.655 Y94.743
G1 X56.503 Y94.468
G1 X56.445 Y94.096
G1 X56.570 Y93.663
G1 X56.930 Y93.501
G1 X57.260 Y93.623
G1 X57.795 Y94.121
G1 X57.898 Y94.061
G1 X57.935 Y93.896
G1 X57.840 Y93.586
G1 X57.390 Y93.148
G1 X56.880 Y92.981
G1 X56.453 Y93.083
G1 X56.140 Y93.331
G1 X55.985 Y93.611
G1 X55.783 Y93.056
G1 X55.560 Y92.981
G1 X55.398 Y93.031
G1 X55.293 Y93.181
G1 X55.215 Y93.821
G0 Z5.000 F500.000
G0 X57.565 Y93.511 F3000.000
G1 Z1.000 F500.000
G4 P100
G1 X57.455 Y94.031 F1000.000
G1 X57.600 Y94.708
G1 X57.773 Y94.973
G1 X58.269 Y95.299
G1 X58.565 Y95.341
G1 X58.908 Y95.275
G1 X59.178 Y95.078
G1 X59.362 Y94.785
G1 X59.450 Y94.431
G1 X60.080 Y94.541
G1 X60.180 Y94.476
G1 X60.179 Y94.120
G1 X60.070 Y94.026
G1 X59.410 Y93.906
G1 X59.269 Y93.528
G1 X59.035 Y93.233
G1 X58.736 Y93.044
G1 X58.122 Y93.017
G1 X57.888 Y93.126
G1 X57.565 Y93.511
G0 Z5.000 F500.000
G0 X58.188 Y93.656 F3000.000
G1 Z1.000 F500.000
G4 P100
G1 X58.440 Y93.511 F1000.000
G1 X58.718 Y93.641
G1 X58.875 Y94.016
G1 X58.638 Y94.291
G1 X58.570 Y94.811
G1 X58.368 Y94.763
G1 X58.213 Y94.618
G1 X58.113 Y94.386
G1 X58.080 Y94.076
G1 X58.188 Y93.656
G0 Z5.000 F500.000
G0 X59.795 Y93.821 F3000.000
G1 Z1.000 F500.000
G4 P100
G1 X59.980 Y95.056 F1000.000
G1 X60.125 Y95.268
G1 X60.415 Y95.336
G1 X60.555 Y95.311
G1 X60.595 Y95.216
G1 X60.445 Y94.456
G1 X61.085 Y94.456
G1 X61.353 Y95.271
G1 X61.760 Y95.308
G1 X61.805 Y95.206
G1 X61.540 Y93.731
G1 X61.580 Y93.583
G1 X61.685 Y93.531
G1 X61.923 Y93.653
G1 X62.425 Y94.121
G1 X62.528 Y94.061
G1 X62.565 Y93.896
G1 X62.470 Y93.586
G1 X61.998 Y93.151
G1 X61.445 Y92.981
G1 X61.224 Y93.021
G1 X61.080 Y93.141
G1 X60.975 Y93.621
G1 X61.000 Y93.946
G1 X60.390 Y93.956
G1 X60.365 Y93.221
G1 X60.305 Y93.038
G1 X60.140 Y92.981
G1 X59.978 Y93.031
G1 X59.873 Y93.181
G1 X59.795 Y93.821
G0 Z5.000 F500.000
G0 X62.248 Y93.181 F3000.000
G1 Z1.000 F500.000
G4 P100
G1 X62.170 Y93.821 F1000.000
G1 X62.355 Y95.056
G1 X62.503 Y95.268
G1 X62.790 Y95.336
G1 X62.930 Y95.311
G1 X62.970 Y95.216
G1 X62.765 Y94.141
G1 X63.088 Y94.801
G1 X63.473 Y95.203
G1 X63.845 Y95.336
G1 X64.093 Y95.256
G1 X64.165 Y95.011
G1 X64.015 Y94.161
G1 X64.279 Y94.692
G1 X64.570 Y95.056
G1 X64.865 Y95.266
G1 X65.140 Y95.336
G1 X65.384 Y95.255
G1 X65.465 Y95.011
G1 X65.260 Y93.731
G1 X65.296 Y93.581
G1 X65.405 Y93.531
G1 X65.643 Y93.653
G1 X66.145 Y94.121
G1 X66.248 Y94.061
G1 X66.285 Y93.896
G1 X66.190 Y93.586
G1 X65.728 Y93.151
G1 X65.463 Y93.023
G1 X64.941 Y93.018
G1 X64.683 Y93.309
G1 X64.650 Y93.556
G1 X64.785 Y94.491
G1 X64.730 Y94.571
G1 X64.545 Y94.403
G1 X64.305 Y93.961
G1 X63.983 Y93.061
G1 X63.750 Y92.981
G1 X63.503 Y93.138
G1 X63.420 Y93.521
G1 X63.510 Y94.491
G1 X63.455 Y94.571
G1 X63.265 Y94.391
G1 X63.043 Y93.931
G1 X62.743 Y93.063
G1 X62.515 Y92.981
G1 X62.353 Y93.031
G1 X62.248 Y93.181
G0 Z5.000 F500.000
G0 X65.101 Y91.986 F3000.000
G1 Z1.000 F500.000
G4 P100
G1 X65.556 Y93.284 F1000.000
G1 X65.965 Y94.036
G1 X65.955 Y95.051
G1 X66.070 Y95.281
G1 X66.370 Y95.366
G1 X66.523 Y95.323
G1 X66.580 Y94.971
G1 X66.895 Y95.258
G1 X67.225 Y95.346
G1 X67.479 Y95.290
G1 X67.683 Y95.121
G1 X67.816 Y94.861
G1 X67.860 Y94.531
G1 X67.775 Y94.016
G1 X67.540 Y93.561
G1 X67.715 Y93.531
G1 X68.030 Y93.651
G1 X68.415 Y94.051
G1 X68.550 Y94.121
G1 X68.653 Y94.061
G1 X68.690 Y93.896
G1 X68.595 Y93.586
G1 X68.133 Y93.151
G1 X67.570 Y92.981
G1 X67.330 Y93.028
G1 X67.140 Y93.171
G1 X66.545 Y92.981
G1 X66.439 Y92.095
G1 X66.250 Y91.368
G1 X65.966 Y90.883
G1 X65.784 Y90.761
G1 X65.340 Y90.770
G1 X65.175 Y90.916
G1 X65.045 Y91.456
G1 X65.101 Y91.986
G0 Z5.000 F500.000
G0 X65.490 Y91.541 F3000.000
G1 Z1.000 F500.000
G4 P100
G1 X65.528 Y91.296 F1000.000
G1 X65.615 Y91.211
G1 X65.739 Y91.358
G1 X65.840 Y91.798
G1 X65.955 Y93.261
G1 X65.615 Y92.306
G1 X65.490 Y91.541
G0 Z5.000 F500.000
G0 X66.570 Y93.461 F3000.000
G1 Z1.000 F500.000
G4 P100
G1 X66.903 Y93.658 F1000.000
G1 X67.145 Y94.048
G1 X67.235 Y94.536
G1 X67.175 Y94.763
G1 X67.015 Y94.841
G1 X66.816 Y94.746
G1 X66.580 Y94.461
G1 X66.570 Y93.461
G0 Z5.000 F500.000
G0 X68.210 Y94.031 F3000.000
G1 Z1.000 F500.000
G4 P100
G1 X68.355 Y94.708 F1000.000
G1 X68.528 Y94.973
G1 X69.024 Y95.299
G1 X69.320 Y95.341
G1 X69.663 Y95.275
G1 X69.933 Y95.078
G1 X70.117 Y94.785
G1 X70.205 Y94.431
G1 X70.835 Y94.541
G1 X70.935 Y94.476
G1 X70.970 Y94.311
G1 X70.934 Y94.120
G1 X70.825 Y94.026
G1 X70.165 Y93.906
G1 X70.024 Y93.528
G1 X69.790 Y93.233
G1 X69.491 Y93.044
G1 X69.155 Y92.981
G1 X68.643 Y93.126
G1 X68.320 Y93.511
G1 X68.210 Y94.031
G0 Z5.000 F500.000
G0 X68.943 Y93.656 F3000.000
G1 Z1.000 F500.000
G4 P100
G1 X69.195 Y93.511 F1000.000
G1 X69.473 Y93.641
G1 X69.630 Y94.016
G1 X69.393 Y94.291
G1 X69.325 Y94.811
G1 X69.123 Y94.763
G1 X68.968 Y94.618
G1 X68.868 Y94.386
G1 X68.835 Y94.076
G1 X68.943 Y93.656
G0 Z5.000 F500.000
G0 X70.305 Y93.636 F3000.000
G1 Z1.000 F500.000
G4 P100
G1 X70.420 Y94.041 F1000.000
G1 X70.745 Y94.196
G1 X70.888 Y94.156
G1 X70.925 Y94.046
G1 X70.908 Y93.581
G1 X70.975 Y93.536
G1 X71.088 Y93.611
G1 X71.925 Y95.248
G1 X72.225 Y95.326
G1 X72.505 Y95.251
G1 X72.595 Y95.006
G1 X72.619 Y93.637
G1 X72.780 Y93.506
G1 X72.958 Y93.591
G1 X73.490 Y94.121
G1 X73.593 Y94.061
G1 X73.630 Y93.896
G1 X73.535 Y93.586
G1 X73.248 Y93.273
G1 X72.948 Y93.068
G1 X72.545 Y92.981
G1 X72.293 Y93.039
G1 X72.125 Y93.213
G1 X72.031 Y93.505
G1 X72.020 Y94.371
G1 X71.789 Y93.782
G1 X71.518 Y93.346
G1 X71.204 Y93.076
G1 X70.850 Y92.986
G1 X70.623 Y93.032
G1 X70.450 Y93.171
G1 X70.305 Y93.636
G0 Z5.000 F500.000
G0 X73.305 Y93.911 F3000.000
G1 Z1.000 F500.000
G4 P100
G1 X73.490 Y95.056 F1000.000
G1 X73.638 Y95.268
G1 X73.935 Y95.336
G1 X74.104 Y95.306
G1 X74.160 Y95.216
G1 X73.980 Y94.406
G1 X74.303 Y94.628
G1 X74.685 Y94.716
G1 X74.958 Y94.666
G1 X75.168 Y94.516
G1 X75.301 Y94.288
G1 X75.345 Y94.006
G1 X75.230 Y93.536
G1 X75.615 Y93.651
G1 X76.135 Y94.121
G1 X76.238 Y94.061
G1 X76.275 Y93.896
G1 X76.180 Y93.586
G1 X75.708 Y93.151
G1 X75.448 Y93.023
G1 X75.155 Y92.981
G1 X74.795 Y93.101
G1 X74.275 Y92.981
G1 X73.869 Y93.045
G1 X73.563 Y93.238
G1 X73.369 Y93.535
G1 X73.305 Y93.911
G0 Z5.000 F500.000
G0 X73.935 Y93.881 F3000.000
G1 Z1.000 F500.000
G4 P100
G1 X74.040 Y93.606 F1000.000
G1 X74.300 Y93.511
G1 X74.610 Y93.621
G1 X74.720 Y93.926
G1 X74.649 Y94.125
G1 X74.435 Y94.191
G1 X74.143 Y94.096
G1 X73.935 Y93.881
G0 Z5.000 F500.000
G0 X77.205 Y93.821 F3000.000
G1 Z1.000 F500.000
G4 P100
G1 X77.390 Y95.056 F1000.000
G1 X77.538 Y95.268
G1 X77.825 Y95.336
G1 X77.965 Y95.311
G1 X78.005 Y95.216
G1 X77.800 Y94.136
G1 X78.170 Y94.836
G1 X78.573 Y95.221
G1 X78.935 Y95.336
G1 X79.179 Y95.255
G1 X79.260 Y95.011
G1 X79.055 Y93.731
G1 X79.091 Y93.581
G1 X79.200 Y93.531
G1 X79.438 Y93.653
G1 X79.940 Y94.121
G1 X80.043 Y94.061
G1 X80.080 Y93.896
G1 X79.985 Y93.586
G1 X79.523 Y93.151
G1 X78.960 Y92.981
G1 X78.736 Y93.018
G1 X78.478 Y93.309
G1 X78.445 Y93.556
G1 X78.580 Y94.491
G1 X78.525 Y94.571
G1 X78.343 Y94.403
G1 X78.103 Y93.961
G1 X77.778 Y93.063
G1 X77.550 Y92.981
G1 X77.388 Y93.031
G1 X77.283 Y93.181
G1 X77.205 Y93.821
G0 Z5.000 F500.000
G0 X79.710 Y93.511 F3000.000
G1 Z1.000 F500.000
G4 P100
G1 X79.600 Y94.031 F1000.000
G1 X79.745 Y94.708
G1 X79.918 Y94.973
G1 X80.414 Y95.299
G1 X80.710 Y95.341
G1 X81.053 Y95.275
G1 X81.323 Y95.078
G1 X81.507 Y94.785
G1 X81.595 Y94.431
G1 X82.225 Y94.541
G1 X82.325 Y94.476
G1 X82.324 Y94.120
G1 X82.215 Y94.026
G1 X81.555 Y93.906
G1 X81.414 Y93.528
G1 X81.180 Y93.233
G1 X80.881 Y93.044
G1 X80.267 Y93.017
G1 X80.033 Y93.126
G1 X79.710 Y93.511
G0 Z5.000 F500.000
G0 X80.333 Y93.656 F3000.000
G1 Z1.000 F500.000
G4 P100
G1 X80.585 Y93.511 F1000.000
G1 X80.863 Y93.641
G1 X81.020 Y94.016
G1 X80.783 Y94.291
G1 X80.715 Y94.811
G1 X80.513 Y94.763
G1 X80.358 Y94.618
G1 X80.258 Y94.386
G1 X80.225 Y94.076
G1 X80.333 Y93.656
G0 Z5.000 F500.000
G0 X81.695 Y93.636 F3000.000
G1 Z1.000 F500.000
G4 P100
G1 X81.810 Y94.041 F1000.000
G1 X82.135 Y94.196
G1 X82.278 Y94.156
G1 X82.315 Y94.046
G1 X82.298 Y93.581
G1 X82.365 Y93.536
G1 X82.478 Y93.611
G1 X83.315 Y95.248
G1 X83.615 Y95.326
G1 X83.895 Y95.251
G1 X83.985 Y95.006
G1 X84.009 Y93.637
G1 X84.170 Y93.506
G1 X84.348 Y93.591
G1 X84.880 Y94.121
G1 X84.983 Y94.061
G1 X85.020 Y93.896
G1 X84.925 Y93.586
G1 X84.638 Y93.273
G1 X84.338 Y93.068
G1 X83.935 Y92.981
G1 X83.683 Y93.039
G1 X83.515 Y93.213
G1 X83.421 Y93.505
G1 X83.410 Y94.371
G1 X83.179 Y93.782
G1 X82.908 Y93.346
G1 X82.594 Y93.076
G1 X82.240 Y92.986
G1 X82.013 Y93.032
G1 X81.840 Y93.171
G1 X81.695 Y93.636
G0 Z5.000 F500.000
G0 X84.600 Y94.031 F3000.000
G1 Z1.000 F500.000
G4 P100
G1 X84.745 Y94.708 F1000.000
G1 X84.918 Y94.973
G1 X85.414 Y95.299
G1 X85.710 Y95.341
G1 X86.053 Y95.275
G1 X86.323 Y95.078
G1 X86.507 Y94.785
G1 X86.595 Y94.431
G1 X87.225 Y94.541
G1 X87.325 Y94.476
G1 X87.360 Y94.311
G1 X87.324 Y94.120
G1 X87.215 Y94.026
G1 X86.555 Y93.906
G1 X86.414 Y93.528
G1 X86.180 Y93.233
G1 X85.881 Y93.044
G1 X85.545 Y92.981
G1 X85.033 Y93.126
G1 X84.710 Y93.511
G1 X84.600 Y94.031
G0 Z5.000 F500.000
G0 X85.333 Y93.656 F3000.000
G1 Z1.000 F500.000
G4 P100
G1 X85.585 Y93.511 F1000.000
G1 X85.863 Y93.641
G1 X86.020 Y94.016
G1 X85.783 Y94.291
G1 X85.715 Y94.811
G1 X85.513 Y94.763
G1 X85.358 Y94.618
G1 X85.258 Y94.386
G1 X85.225 Y94.076
G1 X85.333 Y93.656
G0 Z5.000 F500.000
G0 X86.775 Y93.571 F3000.000
G1 Z1.000 F500.000
G4 P100
G1 X86.890 Y93.976 F1000.000
G1 X87.215 Y94.131
G1 X87.350 Y94.097
G1 X87.395 Y93.996
G1 X87.403 Y93.553
G1 X87.500 Y93.516
G1 X87.683 Y93.628
G1 X87.828 Y93.936
G1 X87.885 Y94.366
G1 X87.840 Y94.668
G1 X87.730 Y94.791
G1 X87.650 Y94.763
G1 X87.520 Y94.543
G1 X87.345 Y94.496
G1 X87.170 Y94.573
G1 X87.105 Y94.811
G1 X87.268 Y95.208
G1 X87.675 Y95.356
G1 X88.078 Y95.168
G1 X88.360 Y94.596
G1 X88.445 Y95.101
G1 X88.575 Y95.286
G1 X88.970 Y95.306
G1 X89.010 Y95.206
G1 X88.810 Y94.036
G1 X89.110 Y94.803
G1 X89.458 Y95.211
G1 X89.905 Y95.336
G1 X90.137 Y95.295
G1 X90.423 Y94.988
G1 X90.460 Y94.756
G1 X90.368 Y94.401
G1 X90.125 Y94.256
G1 X89.973 Y94.301
G1 X89.933 Y94.812
G1 X89.835 Y94.846
G1 X89.640 Y94.743
G1 X89.488 Y94.468
G1 X89.430 Y94.096
G1 X89.555 Y93.663
G1 X89.915 Y93.501
G1 X90.245 Y93.623
G1 X90.780 Y94.121
G1 X90.883 Y94.061
G1 X90.920 Y93.896
G1 X90.825 Y93.586
G1 X90.375 Y93.148
G1 X89.865 Y92.981
G1 X89.435 Y93.101
G1 X89.130 Y93.403
G1 X88.980 Y93.771
G1 X88.820 Y93.151
G1 X88.718 Y93.021
G1 X88.565 Y92.981
G1 X88.395 Y93.066
G1 X88.345 Y93.336
G1 X88.455 Y94.216
G1 X88.178 Y93.571
G1 X87.858 Y93.156
G1 X87.637 Y93.028
G1 X87.124 Y93.026
G1 X86.815 Y93.332
G1 X86.775 Y93.571
G0 Z5.000 F500.000
G0 X90.440 Y94.046 F3000.000
G1 Z1.000 F500.000
G4 P100
G1 X90.585 Y94.688 F1000.000
G1 X90.758 Y94.955
G1 X91.262 Y95.292
G1 X91.570 Y95.336
G1 X91.831 Y95.293
G1 X92.035 Y95.163
G1 X92.166 Y94.960
G1 X92.210 Y94.696
G1 X92.148 Y94.375
G1 X91.963 Y94.103
G1 X91.629 Y93.881
G1 X91.125 Y93.711
G1 X91.306 Y93.538
G1 X91.600 Y93.481
G1 X92.113 Y93.638
G1 X92.745 Y94.121
G1 X92.847 Y94.061
G1 X92.885 Y93.896
G1 X92.790 Y93.586
G1 X92.268 Y93.171
G1 X91.545 Y92.981
G1 X91.079 Y93.052
G1 X90.730 Y93.266
G1 X90.513 Y93.603
G1 X90.440 Y94.046
G0 Z5.000 F500.000
G0 X91.045 Y94.111 F3000.000
G1 Z1.000 F500.000
G4 P100
G1 X91.510 Y94.311 F1000.000
G1 X91.638 Y94.462
G1 X91.627 Y94.788
G1 X91.485 Y94.846
G1 X91.314 Y94.792
G1 X91.173 Y94.631
G1 X91.045 Y94.111
G0 Z5.000 F500.000
G0 X92.536 Y94.455 F3000.000
G1 Z1.000 F500.000
G4 P100
G1 X92.675 Y95.056 F1000.000
G1 X92.820 Y95.268
G1 X93.110 Y95.336
G1 X93.250 Y95.311
G1 X93.290 Y95.216
G1 X93.140 Y94.456
G1 X93.780 Y94.456
G1 X94.048 Y95.271
G1 X94.455 Y95.308
G1 X94.500 Y95.206
G1 X94.235 Y93.731
G1 X94.275 Y93.583
G1 X94.380 Y93.531
G1 X94.618 Y93.653
G1 X95.120 Y94.121
G1 X95.222 Y94.061
G1 X95.260 Y93.896
G1 X95.165 Y93.586
G1 X94.692 Y93.151
G1 X94.140 Y92.981
G1 X93.919 Y93.021
G1 X93.775 Y93.141
G1 X93.670 Y93.621
G1 X93.695 Y93.946
G1 X93.085 Y93.956
G1 X93.060 Y93.221
G1 X93.000 Y93.038
G1 X92.835 Y92.981
G1 X92.673 Y93.031
G1 X92.568 Y93.181
G1 X92.490 Y93.821
G1 X92.536 Y94.455
G0 Z5.000 F500.000
G0 X94.855 Y93.706 F3000.000
G1 Z1.000 F500.000
G4 P100
G1 X94.905 Y94.393 F1000.000
G1 X95.070 Y95.056
G1 X95.210 Y95.271
G1 X95.495 Y95.336
G1 X95.648 Y95.301
G1 X95.690 Y95.196
G1 X95.480 Y93.743
G1 X95.560 Y93.701
G1 X95.748 Y93.851
G1 X96.358 Y95.271
G1 X96.605 Y95.336
G1 X96.765 Y95.308
G1 X96.810 Y95.206
G1 X96.545 Y93.731
G1 X96.585 Y93.583
G1 X96.690 Y93.531
G1 X96.928 Y93.653
G1 X97.430 Y94.121
G1 X97.532 Y94.061
G1 X97.570 Y93.896
G1 X97.475 Y93.586
G1 X97.013 Y93.151
G1 X96.450 Y92.981
G1 X96.242 Y93.027
G1 X96.098 Y93.166
G1 X95.985 Y93.686
G1 X95.730 Y93.163
G1 X95.365 Y92.981
G1 X95.161 Y93.033
G1 X94.891 Y93.421
G1 X94.855 Y93.706
G0 Z5.000 F500.000
G0 X96.930 Y93.636 F3000.000
G1 Z1.000 F500.000
G4 P100
G1 X97.048 Y94.046 F1000.000
G1 X97.370 Y94.196
G1 X97.505 Y94.160
G1 X97.550 Y94.051
G1 X97.600 Y93.596
G1 X97.790 Y93.491
G1 X98.105 Y93.588
G1 X98.420 Y93.866
G1 X98.086 Y93.913
G1 X97.878 Y94.056
G1 X97.744 Y94.278
G1 X97.700 Y94.566
G1 X97.754 Y94.894
G1 X97.915 Y95.138
G1 X98.173 Y95.290
G1 X98.515 Y95.341
G1 X99.070 Y95.256
G1 X99.300 Y95.331
G1 X99.458 Y95.283
G1 X99.505 Y95.156
G1 X99.300 Y94.161
G1 X99.298 Y93.583
G1 X99.405 Y93.531
G1 X99.635 Y93.646
G1 X100.145 Y94.121
G1 X100.248 Y94.061
G1 X100.285 Y93.896
G1 X100.190 Y93.586
G1 X99.690 Y93.131
G1 X99.215 Y92.981
G1 X98.900 Y93.126
G1 X98.790 Y93.541
G1 X98.820 Y93.856
G1 X98.284 Y93.200
G1 X97.970 Y93.035
G1 X97.625 Y92.981
G1 X97.344 Y93.026
G1 X97.123 Y93.161
G1 X96.978 Y93.370
G1 X96.930 Y93.636
G0 Z5.000 F500.000
G0 X98.308 Y94.336 F3000.000
G1 Z1.000 F500.000
G4 P100
G1 X98.685 Y94.251 F1000.000
G1 X98.955 Y94.881
G1 X98.635 Y94.936
G1 X98.325 Y94.841
G1 X98.215 Y94.571
G1 X98.308 Y94.336
G0 Z5.000 F500.000
G0 X101.165 Y94.371 F3000.000
G1 Z1.000 F500.000
G4 P100
G1 X101.285 Y94.701 F1000.000
G1 X101.700 Y95.171
G1 X101.961 Y95.295
G1 X102.479 Y95.295
G1 X102.777 Y94.988
G1 X102.815 Y94.756
G1 X102.723 Y94.401
G1 X102.480 Y94.256
G1 X102.328 Y94.301
G1 X102.288 Y94.811
G1 X102.195 Y94.846
G1 X101.980 Y94.743
G1 X101.820 Y94.466
G1 X101.760 Y94.081
G1 X101.886 Y93.646
G1 X102.265 Y93.501
G1 X102.708 Y93.638
G1 X103.310 Y94.121
G1 X103.413 Y94.061
G1 X103.450 Y93.896
G1 X103.355 Y93.586
G1 X102.793 Y93.138
G1 X102.160 Y92.981
G1 X101.724 Y93.050
G1 X101.398 Y93.258
G1 X101.193 Y93.580
G1 X101.125 Y93.991
G1 X101.165 Y94.371
G0 Z5.000 F500.000
G0 X103.055 Y93.821 F3000.000
G1 Z1.000 F500.000
G4 P100
G1 X103.240 Y95.056 F1000.000
G1 X103.388 Y95.268
G1 X103.675 Y95.336
G1 X103.815 Y95.311
G1 X103.855 Y95.216
G1 X103.650 Y94.141
G1 X103.973 Y94.801
G1 X104.358 Y95.203
G1 X104.730 Y95.336
G1 X104.978 Y95.256
G1 X105.050 Y95.011
G1 X104.900 Y94.161
G1 X105.164 Y94.692
G1 X105.455 Y95.056
G1 X105.750 Y95.266
G1 X106.025 Y95.336
G1 X106.269 Y95.255
G1 X106.350 Y95.011
G1 X106.145 Y93.731
G1 X106.181 Y93.581
G1 X106.290 Y93.531
G1 X106.528 Y93.653
G1 X107.030 Y94.121
G1 X107.133 Y94.061
G1 X107.170 Y93.896
G1 X107.075 Y93.586
G1 X106.613 Y93.151
G1 X106.050 Y92.981
G1 X105.826 Y93.018
G1 X105.568 Y93.309
G1 X105.535 Y93.556
G1 X105.670 Y94.491
G1 X105.615 Y94.571
G1 X105.430 Y94.403
G1 X105.190 Y93.961
G1 X104.868 Y93.061
G1 X104.635 Y92.981
G1 X104.388 Y93.138
G1 X104.305 Y93.521
G1 X104.395 Y94.491
G1 X104.340 Y94.571
G1 X104.150 Y94.391
G1 X103.928 Y93.931
G1 X103.628 Y93.063
G1 X103.400 Y92.981
G1 X103.238 Y93.031
G1 X103.133 Y93.181
G1 X103.055 Y93.821
G0 Z5.000 F500.000
G0 X106.155 Y92.598 F3000.000
G1 Z1.000 F500.000
G4 P100
G1 X106.850 Y94.036 F1000.000
G1 X106.840 Y95.051
G1 X106.955 Y95.281
G1 X107.255 Y95.366
G1 X107.408 Y95.323
G1 X107.465 Y94.971
G1 X107.780 Y95.258
G1 X108.110 Y95.346
G1 X108.364 Y95.290
G1 X108.568 Y95.121
G1 X108.701 Y94.861
G1 X108.745 Y94.531
G1 X108.660 Y94.016
G1 X108.425 Y93.561
G1 X108.600 Y93.531
G1 X108.915 Y93.651
G1 X109.300 Y94.051
G1 X109.435 Y94.121
G1 X109.538 Y94.061
G1 X109.575 Y93.896
G1 X109.480 Y93.586
G1 X109.018 Y93.151
G1 X108.455 Y92.981
G1 X108.215 Y93.028
G1 X108.025 Y93.171
G1 X107.430 Y92.981
G1 X107.324 Y92.095
G1 X107.135 Y91.368
G1 X106.851 Y90.883
G1 X106.669 Y90.761
G1 X106.225 Y90.770
G1 X106.060 Y90.916
G1 X105.963 Y91.148
G1 X105.986 Y91.986
G1 X106.155 Y92.598
G0 Z5.000 F500.000
G0 X106.375 Y91.541 F3000.000
G1 Z1.000 F500.000
G4 P100
G1 X106.413 Y91.296 F1000.000
G1 X106.500 Y91.211
G1 X106.624 Y91.358
G1 X106.725 Y91.798
G1 X106.840 Y93.261
G1 X106.500 Y92.306
G1 X106.375 Y91.541
G0 Z5.000 F500.000
G0 X107.455 Y93.461 F3000.000
G1 Z1.000 F500.000
G4 P100
G1 X107.788 Y93.658 F1000.000
G1 X108.030 Y94.048
G1 X108.120 Y94.536
G1 X108.060 Y94.763
G1 X107.900 Y94.841
G1 X107.701 Y94.746
G1 X107.465 Y94.461
G1 X107.455 Y93.461
G0 Z5.000 F500.000
G0 X109.095 Y94.031 F3000.000
G1 Z1.000 F500.000
G4 P100
G1 X109.240 Y94.708 F1000.000
G1 X109.413 Y94.973
G1 X109.909 Y95.299
G1 X110.205 Y95.341
G1 X110.548 Y95.275
G1 X110.818 Y95.078
G1 X111.002 Y94.785
G1 X111.090 Y94.431
G1 X111.720 Y94.541
G1 X111.820 Y94.476
G1 X111.855 Y94.311
G1 X111.819 Y94.120
G1 X111.710 Y94.026
G1 X111.050 Y93.906
G1 X110.909 Y93.528
G1 X110.675 Y93.233
G1 X110.376 Y93.044
G1 X110.040 Y92.981
G1 X109.528 Y93.126
G1 X109.205 Y93.511
G1 X109.095 Y94.031
G0 Z5.000 F500.000
G0 X109.828 Y93.656 F3000.000
G1 Z1.000 F500.000
G4 P100
G1 X110.080 Y93.511 F1000.000
G1 X110.358 Y93.641
G1 X110.515 Y94.016
G1 X110.278 Y94.291
G1 X110.210 Y94.811
G1 X110.008 Y94.763
G1 X109.853 Y94.618
G1 X109.753 Y94.386
G1 X109.720 Y94.076
G1 X109.828 Y93.656
G0 Z5.000 F500.000
G0 X111.435 Y93.821 F3000.000
G1 Z1.000 F500.000
G4 P100
G1 X111.620 Y95.056 F1000.000
G1 X111.768 Y95.268
G1 X112.055 Y95.336
G1 X112.195 Y95.311
G1 X112.235 Y95.216
G1 X112.020 Y94.036
G1 X112.224 Y94.636
G1 X112.475 Y95.036
G1 X112.779 Y95.261
G1 X113.140 Y95.336
G1 X113.548 Y95.173
G1 X113.695 Y94.756
G1 X113.603 Y94.401
G1 X113.360 Y94.256
G1 X113.208 Y94.301
G1 X113.150 Y94.426
G1 X113.168 Y94.812
G1 X113.070 Y94.846
G1 X112.875 Y94.743
G1 X112.723 Y94.468
G1 X112.665 Y94.096
G1 X112.790 Y93.663
G1 X113.150 Y93.501
G1 X113.480 Y93.623
G1 X114.015 Y94.121
G1 X114.118 Y94.061
G1 X114.155 Y93.896
G1 X114.060 Y93.586
G1 X113.610 Y93.148
G1 X113.100 Y92.981
G1 X112.673 Y93.083
G1 X112.360 Y93.331
G1 X112.205 Y93.611
G1 X112.003 Y93.056
G1 X111.780 Y92.981
G1 X111.618 Y93.031
G1 X111.513 Y93.181
G1 X111.435 Y93.821
G0 Z5.000 F500.000
G0 X113.786 Y93.421 F3000.000
G1 Z1.000 F500.000
G4 P100
G1 X113.800 Y94.393 F1000.000
G1 X113.965 Y95.056
G1 X114.105 Y95.271
G1 X114.390 Y95.336
G1 X114.543 Y95.301
G1 X114.585 Y95.196
G1 X114.375 Y93.743
G1 X114.455 Y93.701
G1 X114.643 Y93.851
G1 X115.253 Y95.271
G1 X115.500 Y95.336
G1 X115.660 Y95.308
G1 X115.705 Y95.206
G1 X115.440 Y93.731
G1 X115.480 Y93.583
G1 X115.585 Y93.531
G1 X115.823 Y93.653
G1 X116.325 Y94.121
G1 X116.428 Y94.061
G1 X116.465 Y93.896
G1 X116.370 Y93.586
G1 X115.908 Y93.151
G1 X115.643 Y93.023
G1 X115.137 Y93.027
G1 X114.993 Y93.166
G1 X114.880 Y93.686
G1 X114.625 Y93.163
G1 X114.260 Y92.981
G1 X114.056 Y93.033
G1 X113.786 Y93.421
G0 Z5.000 F500.000
G0 X117.310 Y94.031 F3000.000
G1 Z1.000 F500.000
G4 P100
G1 X117.455 Y94.708 F1000.000
G1 X117.628 Y94.973
G1 X118.124 Y95.299
G1 X118.420 Y95.341
G1 X118.763 Y95.275
G1 X119.033 Y95.078
G1 X119.217 Y94.785
G1 X119.305 Y94.431
G1 X119.935 Y94.541
G1 X120.035 Y94.476
G1 X120.070 Y94.311
G1 X120.034 Y94.120
G1 X119.925 Y94.026
G1 X119.265 Y93.906
G1 X119.124 Y93.528
G1 X118.890 Y93.233
G1 X118.591 Y93.044
G1 X118.255 Y92.981
G1 X117.743 Y93.126
G1 X117.420 Y93.511
G1 X117.310 Y94.031
G0 Z5.000 F500.000
G0 X118.043 Y93.656 F3000.000
G1 Z1.000 F500.000
G4 P100
G1 X118.295 Y93.511 F1000.000
G1 X118.573 Y93.641
G1 X118.730 Y94.016
G1 X118.493 Y94.291
G1 X118.425 Y94.811
G1 X118.223 Y94.763
G1 X118.068 Y94.618
G1 X117.968 Y94.386
G1 X117.935 Y94.076
G1 X118.043 Y93.656
G0 Z5.000 F500.000
G0 X119.650 Y93.821 F3000.000
G1 Z1.000 F500.000
G4 P100
G1 X119.835 Y95.056 F1000.000
G1 X119.983 Y95.268
G1 X120.270 Y95.336
G1 X120.410 Y95.311
G1 X120.450 Y95.216
G1 X120.245 Y94.141
G1 X120.568 Y94.801
G1 X120.953 Y95.203
G1 X121.325 Y95.336
G1 X121.573 Y95.256
G1 X121.645 Y95.011
G1 X121.495 Y94.161
G1 X121.759 Y94.692
G1 X122.050 Y95.056
G1 X122.345 Y95.266
G1 X122.620 Y95.336
G1 X122.864 Y95.255
G1 X122.945 Y95.011
G1 X122.740 Y93.731
G1 X122.776 Y93.581
G1 X122.885 Y93.531
G1 X123.123 Y93.653
G1 X123.625 Y94.121
G1 X123.728 Y94.061
G1 X123.765 Y93.896
G1 X123.670 Y93.586
G1 X123.208 Y93.151
G1 X122.645 Y92.981
G1 X122.421 Y93.018
G1 X122.163 Y93.309
G1 X122.130 Y93.556
G1 X122.265 Y94.491
G1 X122.210 Y94.571
G1 X122.025 Y94.403
G1 X121.785 Y93.961
G1 X121.463 Y93.061
G1 X121.230 Y92.981
G1 X120.983 Y93.138
G1 X120.900 Y93.521
G1 X120.990 Y94.491
G1 X120.935 Y94.571
G1 X120.745 Y94.391
G1 X120.523 Y93.931
G1 X120.223 Y93.063
G1 X119.995 Y92.981
G1 X119.833 Y93.031
G1 X119.728 Y93.181
G1 X119.650 Y93.821
G0 Z5.000 F500.000
G0 X123.370 Y93.821 F3000.000
G1 Z1.000 F500.000
G4 P100
G1 X123.555 Y95.056 F1000.000
G1 X123.700 Y95.268
G1 X123.990 Y95.336
G1 X124.130 Y95.311
G1 X124.170 Y95.216
G1 X124.020 Y94.456
G1 X124.660 Y94.456
G1 X124.928 Y95.271
G1 X125.335 Y95.308
G1 X125.380 Y95.206
G1 X125.115 Y93.731
G1 X125.155 Y93.583
G1 X125.260 Y93.531
G1 X125.498 Y93.653
G1 X126.000 Y94.121
G1 X126.103 Y94.061
G1 X126.140 Y93.896
G1 X126.045 Y93.586
G1 X125.573 Y93.151
G1 X125.020 Y92.981
G1 X124.799 Y93.021
G1 X124.655 Y93.141
G1 X124.550 Y93.621
G1 X124.575 Y93.946
G1 X123.965 Y93.956
G1 X123.940 Y93.221
G1 X123.880 Y93.038
G1 X123.715 Y92.981
G1 X123.553 Y93.031
G1 X123.448 Y93.181
G1 X123.370 Y93.821
G0 Z5.000 F500.000
G0 X125.770 Y93.511 F3000.000
G1 Z1.000 F500.000
G4 P100
G1 X125.660 Y94.031 F1000.000
G1 X125.805 Y94.708
G1 X125.978 Y94.973
G1 X126.474 Y95.299
G1 X126.770 Y95.341
G1 X127.113 Y95.275
G1 X127.383 Y95.078
G1 X127.567 Y94.785
G1 X127.655 Y94.431
G1 X128.285 Y94.541
G1 X128.385 Y94.476
G1 X128.384 Y94.120
G1 X128.275 Y94.026
G1 X127.615 Y93.906
G1 X127.474 Y93.528
G1 X127.240 Y93.233
G1 X126.941 Y93.044
G1 X126.327 Y93.017
G1 X126.093 Y93.126
G1 X125.770 Y93.511
G0 Z5.000 F500.000
G0 X126.393 Y93.656 F3000.000
G1 Z1.000 F500.000
G4 P100
G1 X126.645 Y93.511 F1000.000
G1 X126.923 Y93.641
G1 X127.080 Y94.016
G1 X126.843 Y94.291
G1 X126.775 Y94.811
G1 X126.573 Y94.763
G1 X126.418 Y94.618
G1 X126.318 Y94.386
G1 X126.285 Y94.076
G1 X126.393 Y93.656
G0 Z5.000 F500.000
G0 X127.910 Y93.991 F3000.000
G1 Z1.000 F500.000
G4 P100
G1 X127.950 Y94.371 F1000.000
G1 X128.254 Y94.971
G1 X128.485 Y95.171
G1 X129.020 Y95.336
G1 X129.448 Y95.173
G1 X129.600 Y94.756
G1 X129.508 Y94.401
G1 X129.265 Y94.256
G1 X129.113 Y94.301
G1 X129.055 Y94.426
G1 X129.073 Y94.811
G1 X128.980 Y94.846
G1 X128.765 Y94.743
G1 X128.605 Y94.466
G1 X128.545 Y94.081
G1 X128.671 Y93.646
G1 X129.050 Y93.501
G1 X129.493 Y93.638
G1 X130.095 Y94.121
G1 X130.198 Y94.061
G1 X130.235 Y93.896
G1 X130.140 Y93.586
G1 X129.882 Y93.329
G1 X129.578 Y93.138
G1 X128.945 Y92.981
G1 X128.509 Y93.050
G1 X128.183 Y93.258
G1 X127.978 Y93.580
G1 X127.910 Y93.991
G0 Z5.000 F500.000
G0 X129.830 Y93.706 F3000.000
G1 Z1.000 F500.000
G4 P100
G1 X129.880 Y94.393 F1000.000
G1 X130.045 Y95.056
G1 X130.185 Y95.271
G1 X130.470 Y95.336
G1 X130.623 Y95.301
G1 X130.665 Y95.196
G1 X130.455 Y93.743
G1 X130.535 Y93.701
G1 X130.723 Y93.851
G1 X131.333 Y95.271
G1 X131.580 Y95.336
G1 X131.740 Y95.308
G1 X131.785 Y95.206
G1 X131.520 Y93.731
G1 X131.560 Y93.583
G1 X131.665 Y93.531
G1 X131.903 Y93.653
G1 X132.405 Y94.121
G1 X132.508 Y94.061
G1 X132.545 Y93.896
G1 X132.450 Y93.586
G1 X131.988 Y93.151
G1 X131.425 Y92.981
G1 X131.217 Y93.027
G1 X131.073 Y93.166
G1 X130.960 Y93.686
G1 X130.705 Y93.163
G1 X130.340 Y92.981
G1 X130.136 Y93.033
G1 X129.866 Y93.421
G1 X129.830 Y93.706
G0 Z5.000 F500.000
G0 X132.150 Y93.821 F3000.000
G1 Z1.000 F500.000
G4 P100
G1 X132.335 Y95.056 F1000.000
G1 X132.483 Y95.268
G1 X132.770 Y95.336
G1 X132.910 Y95.311
G1 X132.950 Y95.216
G1 X132.745 Y94.141
G1 X133.068 Y94.801
G1 X133.453 Y95.203
G1 X133.825 Y95.336
G1 X134.073 Y95.256
G1 X134.145 Y95.011
G1 X133.995 Y94.161
G1 X134.259 Y94.692
G1 X134.550 Y95.056
G1 X134.845 Y95.266
G1 X135.120 Y95.336
G1 X135.364 Y95.255
G1 X135.445 Y95.011
G1 X135.240 Y93.731
G1 X135.276 Y93.581
G1 X135.385 Y93.531
G1 X135.623 Y93.653
G1 X136.125 Y94.121
G1 X136.228 Y94.061
G1 X136.265 Y93.896
G1 X136.170 Y93.586
G1 X135.708 Y93.151
G1 X135.145 Y92.981
G1 X134.921 Y93.018
G1 X134.663 Y93.309
G1 X134.630 Y93.556
G1 X134.765 Y94.491
G1 X134.710 Y94.571
G1 X134.525 Y94.403
G1 X134.285 Y93.961
G1 X133.963 Y93.061
G1 X133.730 Y92.981
G1 X133.483 Y93.138
G1 X133.400 Y93.521
G1 X133.490 Y94.491
G1 X133.435 Y94.571
G1 X133.245 Y94.391
G1 X133.023 Y93.931
G1 X132.723 Y93.063
G1 X132.495 Y92.981
G1 X132.333 Y93.031
G1 X132.228 Y93.181
G1 X132.150 Y93.821
G0 Z5.000 F500.000
G0 X135.858 Y93.603 F3000.000
G1 Z1.000 F500.000
G4 P100
G1 X135.785 Y94.046 F1000.000
G1 X135.930 Y94.688
G1 X136.333 Y95.161
G1 X136.915 Y95.336
G1 X137.176 Y95.293
G1 X137.380 Y95.163
G1 X137.511 Y94.960
G1 X137.555 Y94.696
G1 X137.493 Y94.375
G1 X137.308 Y94.103
G1 X136.974 Y93.881
G1 X136.470 Y93.711
G1 X136.651 Y93.538
G1 X136.945 Y93.481
G1 X137.458 Y93.638
G1 X138.090 Y94.121
G1 X138.193 Y94.061
G1 X138.230 Y93.896
G1 X138.135 Y93.586
G1 X137.613 Y93.171
G1 X136.890 Y92.981
G1 X136.424 Y93.052
G1 X136.075 Y93.266
G1 X135.858 Y93.603
G0 Z5.000 F500.000
G0 X136.390 Y94.111 F3000.000
G1 Z1.000 F500.000
G4 P100
G1 X136.855 Y94.311 F1000.000
G1 X136.983 Y94.462
G1 X136.973 Y94.788
G1 X136.830 Y94.846
G1 X136.659 Y94.792
G1 X136.518 Y94.631
G1 X136.390 Y94.111
G0 Z5.000 F500.000
G0 X137.705 Y94.041 F3000.000
G1 Z1.000 F500.000
G4 P100
G1 X137.844 Y94.157 F1000.000
G1 X138.173 Y94.156
G1 X138.193 Y93.581
G1 X138.260 Y93.536
G1 X138.373 Y93.611
G1 X139.210 Y95.248
G1 X139.510 Y95.326
G1 X139.790 Y95.251
G1 X139.880 Y95.006
G1 X139.904 Y93.637
G1 X140.065 Y93.506
G1 X140.243 Y93.591
G1 X140.775 Y94.121
G1 X140.878 Y94.061
G1 X140.915 Y93.896
G1 X140.820 Y93.586
G1 X140.233 Y93.068
G1 X139.830 Y92.981
G1 X139.578 Y93.039
G1 X139.410 Y93.213
G1 X139.316 Y93.505
G1 X139.305 Y94.371
G1 X139.074 Y93.782
G1 X138.803 Y93.346
G1 X138.489 Y93.076
G1 X138.135 Y92.986
G1 X137.908 Y93.032
G1 X137.626 Y93.380
G1 X137.590 Y93.636
G1 X137.705 Y94.041
G0 Z5.000 F500.000
G0 X140.590 Y93.911 F3000.000
G1 Z1.000 F500.000
G4 P100
G1 X140.775 Y95.056 F1000.000
G1 X140.923 Y95.268
G1 X141.220 Y95.336
G1 X141.389 Y95.306
G1 X141.445 Y95.216
G1 X141.265 Y94.406
G1 X141.588 Y94.628
G1 X141.970 Y94.716
G1 X142.243 Y94.666
G1 X142.453 Y94.516
G1 X142.586 Y94.288
G1 X142.630 Y94.006
G1 X142.515 Y93.536
G1 X142.900 Y93.651
G1 X143.420 Y94.121
G1 X143.523 Y94.061
G1 X143.560 Y93.896
G1 X143.465 Y93.586
G1 X142.993 Y93.151
G1 X142.733 Y93.023
G1 X142.440 Y92.981
G1 X142.080 Y93.101
G1 X141.560 Y92.981
G1 X141.154 Y93.045
G1 X140.848 Y93.238
G1 X140.654 Y93.535
G1 X140.590 Y93.911
G0 Z5.000 F500.000
G0 X141.220 Y93.881 F3000.000
G1 Z1.000 F500.000
G4 P100
G1 X141.325 Y93.606 F1000.000
G1 X141.585 Y93.511
G1 X141.895 Y93.621
G1 X142.005 Y93.926
G1 X141.934 Y94.125
G1 X141.720 Y94.191
G1 X141.428 Y94.096
G1 X141.220 Y93.881
G0 Z5.000 F500.000
G0 X143.165 Y93.821 F3000.000
G1 Z1.000 F500.000
G4 P100
G1 X143.350 Y95.056 F1000.000
G1 X143.495 Y95.268
G1 X143.785 Y95.336
G1 X143.925 Y95.311
G1 X143.965 Y95.216
G1 X143.815 Y94.456
G1 X144.455 Y94.456
G1 X144.723 Y95.271
G1 X145.130 Y95.308
G1 X145.175 Y95.206
G1 X144.910 Y93.731
G1 X144.950 Y93.583
G1 X145.055 Y93.531
G1 X145.293 Y93.653
G1 X145.795 Y94.121
G1 X145.898 Y94.061
G1 X145.935 Y93.896
G1 X145.840 Y93.586
G1 X145.368 Y93.151
G1 X144.815 Y92.981
G1 X144.594 Y93.021
G1 X144.450 Y93.141
G1 X144.345 Y93.621
G1 X144.370 Y93.946
G1 X143.760 Y93.956
G1 X143.735 Y93.221
G1 X143.675 Y93.038
G1 X143.510 Y92.981
G1 X143.348 Y93.031
G1 X143.243 Y93.181
G1 X143.165 Y93.821
G0 Z5.000 F500.000
G0 X145.565 Y93.511 F3000.000
G1 Z1.000 F500.000
G4 P100
G1 X145.455 Y94.031 F1000.000
G1 X145.600 Y94.708
G1 X145.773 Y94.973
G1 X146.269 Y95.299
G1 X146.565 Y95.341
G1 X146.908 Y95.275
G1 X147.178 Y95.078
G1 X147.362 Y94.785
G1 X147.450 Y94.431
G1 X148.080 Y94.541
G1 X148.180 Y94.476
G1 X148.179 Y94.120
G1 X148.070 Y94.026
G1 X147.410 Y93.906
G1 X147.269 Y93.528
G1 X147.035 Y93.233
G1 X146.736 Y93.044
G1 X146.122 Y93.017
G1 X145.888 Y93.126
G1 X145.565 Y93.511
G0 Z5.000 F500.000
G0 X146.188 Y93.656 F3000.000
G1 Z1.000 F500.000
G4 P100
G1 X146.440 Y93.511 F1000.000
G1 X146.718 Y93.641
G1 X146.875 Y94.016
G1 X146.638 Y94.291
G1 X146.570 Y94.811
G1 X146.368 Y94.763
G1 X146.213 Y94.618
G1 X146.113 Y94.386
G1 X146.080 Y94.076
G1 X146.188 Y93.656
G0 Z5.000 F500.000
G0 X23.125 Y83.799 F3000.000
G1 Z1.000 F500.000
G4 P100
G1 X23.030 Y83.489 F1000.000
G1 X22.567 Y83.054
G1 X22.303 Y82.926
G1 X21.781 Y82.921
G1 X21.523 Y83.212
G1 X21.490 Y83.459
G1 X21.625 Y84.394
G1 X21.570 Y84.474
G1 X21.387 Y84.306
G1 X21.148 Y83.864
G1 X20.822 Y82.966
G1 X20.595 Y82.884
G1 X20.433 Y82.934
G1 X20.328 Y83.084
G1 X20.250 Y83.724
G1 X20.435 Y84.959
G1 X20.582 Y85.171
G1 X21.010 Y85.214
G1 X21.050 Y85.119
G1 X20.845 Y84.039
G1 X21.215 Y84.739
G1 X21.617 Y85.124
G1 X21.980 Y85.239
G1 X22.224 Y85.158
G1 X22.305 Y84.914
G1 X22.100 Y83.634
G1 X22.136 Y83.484
G1 X22.245 Y83.434
G1 X22.483 Y83.556
G1 X22.985 Y84.024
G1 X23.087 Y83.964
G1 X23.125 Y83.799
G0 Z5.000 F500.000
G0 X23.270 Y83.979 F3000.000
G1 Z1.000 F500.000
G4 P100
G1 X23.378 Y83.559 F1000.000
G1 X23.630 Y83.414
G1 X23.907 Y83.544
G1 X24.065 Y83.919
G1 X23.828 Y84.194
G1 X23.760 Y84.714
G1 X23.558 Y84.666
G1 X23.402 Y84.521
G1 X23.270 Y83.979
G0 Z5.000 F500.000
G0 X22.790 Y84.611 F3000.000
G1 Z1.000 F500.000
G4 P100
G1 X22.962 Y84.876 F1000.000
G1 X23.459 Y85.202
G1 X23.755 Y85.244
G1 X24.098 Y85.178
G1 X24.367 Y84.981
G1 X24.552 Y84.688
G1 X24.640 Y84.334
G1 X25.270 Y84.444
G1 X25.370 Y84.379
G1 X25.369 Y84.023
G1 X25.260 Y83.929
G1 X24.600 Y83.809
G1 X24.459 Y83.431
G1 X24.225 Y83.136
G1 X23.926 Y82.947
G1 X23.312 Y82.920
G1 X23.078 Y83.029
G1 X22.755 Y83.414
G1 X22.645 Y83.934
G1 X22.790 Y84.611
G0 Z5.000 F500.000
G0 X24.740 Y83.539 F3000.000
G1 Z1.000 F500.000
G4 P100
G1 X24.855 Y83.944 F1000.000
G1 X25.180 Y84.099
G1 X25.322 Y84.059
G1 X25.360 Y83.949
G1 X25.343 Y83.484
G1 X25.410 Y83.439
G1 X25.523 Y83.514
G1 X26.360 Y85.151
G1 X26.660 Y85.229
G1 X26.940 Y85.154
G1 X27.030 Y84.909
G1 X27.054 Y83.540
G1 X27.215 Y83.409
G1 X27.392 Y83.494
G1 X27.925 Y84.024
G1 X28.027 Y83.964
G1 X28.065 Y83.799
G1 X27.970 Y83.489
G1 X27.682 Y83.176
G1 X27.383 Y82.971
G1 X26.980 Y82.884
G1 X26.727 Y82.942
G1 X26.560 Y83.116
G1 X26.466 Y83.408
G1 X26.455 Y84.274
G1 X26.224 Y83.685
G1 X25.953 Y83.249
G1 X25.639 Y82.979
G1 X25.285 Y82.889
G1 X25.057 Y82.935
G1 X24.885 Y83.074
G1 X24.740 Y83.539
G0 Z5.000 F500.000
G0 X27.645 Y83.949 F3000.000
G1 Z1.000 F500.000
G4 P100
G1 X27.790 Y84.591 F1000.000
G1 X27.963 Y84.858
G1 X28.467 Y85.195
G1 X28.775 Y85.239
G1 X29.036 Y85.196
G1 X29.240 Y85.066
G1 X29.371 Y84.863
G1 X29.415 Y84.599
G1 X29.353 Y84.278
G1 X29.168 Y84.006
G1 X28.834 Y83.784
G1 X28.330 Y83.614
G1 X28.511 Y83.441
G1 X28.805 Y83.384
G1 X29.318 Y83.541
G1 X29.950 Y84.024
G1 X30.053 Y83.964
G1 X30.090 Y83.799
G1 X29.995 Y83.489
G1 X29.473 Y83.074
G1 X28.750 Y82.884
G1 X28.284 Y82.955
G1 X27.935 Y83.169
G1 X27.718 Y83.506
G1 X27.645 Y83.949
G0 Z5.000 F500.000
G0 X28.250 Y84.014 F3000.000
G1 Z1.000 F500.000
G4 P100
G1 X28.715 Y84.214 F1000.000
G1 X28.843 Y84.365
G1 X28.833 Y84.691
G1 X28.690 Y84.749
G1 X28.519 Y84.695
G1 X28.377 Y84.534
G1 X28.250 Y84.014
G0 Z5.000 F500.000
G0 X29.735 Y84.296 F3000.000
G1 Z1.000 F500.000
G4 P100
G1 X29.900 Y84.959 F1000.000
G1 X30.040 Y85.174
G1 X30.477 Y85.204
G1 X30.520 Y85.099
G1 X30.285 Y83.794
G1 X30.390 Y83.604
G1 X30.578 Y83.754
G1 X30.818 Y84.209
G1 X31.188 Y85.174
G1 X31.595 Y85.211
G1 X31.640 Y85.109
G1 X31.375 Y83.634
G1 X31.415 Y83.486
G1 X31.520 Y83.434
G1 X31.758 Y83.556
G1 X32.260 Y84.024
G1 X32.362 Y83.964
G1 X32.400 Y83.799
G1 X32.305 Y83.489
G1 X31.843 Y83.054
G1 X31.578 Y82.926
G1 X31.072 Y82.930
G1 X30.928 Y83.069
G1 X30.815 Y83.589
G1 X30.560 Y83.066
G1 X30.195 Y82.884
G1 X29.991 Y82.936
G1 X29.721 Y83.324
G1 X29.735 Y84.296
G0 Z5.000 F500.000
G0 X30.330 Y85.664 F3000.000
G1 Z1.000 F500.000
G4 P100
G1 X30.060 Y85.914 F1000.000
G1 X29.965 Y86.244
G1 X30.045 Y86.446
G1 X30.250 Y86.524
G1 X30.440 Y86.464
G1 X30.629 Y86.101
G1 X30.810 Y86.049
G1 X31.215 Y86.181
G1 X31.550 Y86.646
G1 X31.807 Y86.631
G1 X31.850 Y86.429
G1 X31.665 Y86.029
G1 X31.295 Y85.701
G1 X30.735 Y85.569
G1 X30.330 Y85.664
G0 Z5.000 F500.000
G0 X33.400 Y84.604 F3000.000
G1 Z1.000 F500.000
G4 P100
G1 X33.815 Y85.074 F1000.000
G1 X34.076 Y85.198
G1 X34.594 Y85.198
G1 X34.892 Y84.891
G1 X34.930 Y84.659
G1 X34.837 Y84.304
G1 X34.595 Y84.159
G1 X34.442 Y84.204
G1 X34.402 Y84.714
G1 X34.310 Y84.749
G1 X34.095 Y84.646
G1 X33.935 Y84.369
G1 X33.907 Y83.730
G1 X34.001 Y83.549
G1 X34.380 Y83.404
G1 X34.822 Y83.541
G1 X35.425 Y84.024
G1 X35.527 Y83.964
G1 X35.565 Y83.799
G1 X35.470 Y83.489
G1 X34.907 Y83.041
G1 X34.275 Y82.884
G1 X33.839 Y82.953
G1 X33.512 Y83.161
G1 X33.308 Y83.483
G1 X33.240 Y83.894
G1 X33.400 Y84.604
G0 Z5.000 F500.000
G0 X35.216 Y84.358 F3000.000
G1 Z1.000 F500.000
G4 P100
G1 X35.355 Y84.959 F1000.000
G1 X35.502 Y85.171
G1 X35.790 Y85.239
G1 X35.930 Y85.214
G1 X35.970 Y85.119
G1 X35.765 Y84.044
G1 X36.087 Y84.704
G1 X36.472 Y85.106
G1 X36.845 Y85.239
G1 X37.093 Y85.159
G1 X37.165 Y84.914
G1 X37.015 Y84.064
G1 X37.279 Y84.595
G1 X37.570 Y84.959
G1 X37.865 Y85.169
G1 X38.140 Y85.239
G1 X38.384 Y85.158
G1 X38.465 Y84.914
G1 X38.260 Y83.634
G1 X38.296 Y83.484
G1 X38.405 Y83.434
G1 X38.642 Y83.556
G1 X39.145 Y84.024
G1 X39.247 Y83.964
G1 X39.285 Y83.799
G1 X39.190 Y83.489
G1 X38.727 Y83.054
G1 X38.463 Y82.926
G1 X37.941 Y82.921
G1 X37.682 Y83.212
G1 X37.650 Y83.459
G1 X37.785 Y84.394
G1 X37.730 Y84.474
G1 X37.545 Y84.306
G1 X37.305 Y83.864
G1 X36.983 Y82.964
G1 X36.750 Y82.884
G1 X36.502 Y83.041
G1 X36.420 Y83.424
G1 X36.510 Y84.394
G1 X36.455 Y84.474
G1 X36.265 Y84.294
G1 X36.042 Y83.834
G1 X35.742 Y82.966
G1 X35.515 Y82.884
G1 X35.353 Y82.934
G1 X35.248 Y83.084
G1 X35.170 Y83.724
G1 X35.216 Y84.358
G0 Z5.000 F500.000
G0 X38.270 Y82.501 F3000.000
G1 Z1.000 F500.000
G4 P100
G1 X38.965 Y83.939 F1000.000
G1 X38.955 Y84.954
G1 X39.070 Y85.184
G1 X39.370 Y85.269
G1 X39.522 Y85.226
G1 X39.580 Y84.874
G1 X39.895 Y85.161
G1 X40.225 Y85.249
G1 X40.479 Y85.193
G1 X40.682 Y85.024
G1 X40.816 Y84.764
G1 X40.860 Y84.434
G1 X40.775 Y83.919
G1 X40.540 Y83.464
G1 X40.715 Y83.434
G1 X41.030 Y83.554
G1 X41.415 Y83.954
G1 X41.550 Y84.024
G1 X41.652 Y83.964
G1 X41.690 Y83.799
G1 X41.595 Y83.489
G1 X41.132 Y83.054
G1 X40.570 Y82.884
G1 X40.330 Y82.931
G1 X40.140 Y83.074
G1 X39.545 Y82.884
G1 X39.439 Y81.998
G1 X39.250 Y81.271
G1 X38.966 Y80.786
G1 X38.784 Y80.664
G1 X38.340 Y80.673
G1 X38.175 Y80.819
G1 X38.078 Y81.051
G1 X38.101 Y81.889
G1 X38.270 Y82.501
G0 Z5.000 F500.000
G0 X38.490 Y81.444 F3000.000
G1 Z1.000 F500.000
G4 P100
G1 X38.527 Y81.199 F1000.000
G1 X38.615 Y81.114
G1 X38.739 Y81.261
G1 X38.840 Y81.701
G1 X38.955 Y83.164
G1 X38.615 Y82.209
G1 X38.490 Y81.444
G0 Z5.000 F500.000
G0 X39.570 Y83.364 F3000.000
G1 Z1.000 F500.000
G4 P100
G1 X39.902 Y83.561 F1000.000
G1 X40.145 Y83.951
G1 X40.235 Y84.439
G1 X40.175 Y84.666
G1 X40.015 Y84.744
G1 X39.816 Y84.649
G1 X39.580 Y84.364
G1 X39.570 Y83.364
G0 Z5.000 F500.000
G0 X41.220 Y83.699 F3000.000
G1 Z1.000 F500.000
G4 P100
G1 X41.266 Y84.088 F1000.000
G1 X41.621 Y84.779
G1 X42.214 Y85.194
G1 X42.550 Y85.249
G1 X42.697 Y85.206
G1 X42.760 Y85.054
G1 X43.164 Y85.030
G1 X43.225 Y84.899
G1 X43.035 Y83.599
G1 X43.072 Y83.479
G1 X43.170 Y83.434
G1 X43.400 Y83.556
G1 X43.900 Y84.024
G1 X44.002 Y83.964
G1 X44.040 Y83.799
G1 X43.945 Y83.489
G1 X43.510 Y83.059
G1 X43.065 Y82.884
G1 X42.763 Y82.996
G1 X42.555 Y83.304
G1 X42.261 Y82.989
G1 X41.900 Y82.884
G1 X41.621 Y82.940
G1 X41.405 Y83.109
G1 X41.266 Y83.369
G1 X41.220 Y83.699
G0 Z5.000 F500.000
G0 X41.907 Y83.464 F3000.000
G1 Z1.000 F500.000
G4 P100
G1 X42.080 Y83.389 F1000.000
G1 X42.290 Y83.519
G1 X42.435 Y83.864
G1 X42.620 Y84.784
G1 X42.233 Y84.626
G1 X41.950 Y84.224
G1 X41.845 Y83.694
G1 X41.907 Y83.464
G0 Z5.000 F500.000
G0 X43.645 Y83.724 F3000.000
G1 Z1.000 F500.000
G4 P100
G1 X43.830 Y84.959 F1000.000
G1 X43.975 Y85.171
G1 X44.265 Y85.239
G1 X44.405 Y85.214
G1 X44.445 Y85.119
G1 X44.295 Y84.359
G1 X44.935 Y84.359
G1 X45.203 Y85.174
G1 X45.610 Y85.211
G1 X45.655 Y85.109
G1 X45.390 Y83.634
G1 X45.430 Y83.486
G1 X45.535 Y83.434
G1 X45.772 Y83.556
G1 X46.275 Y84.024
G1 X46.377 Y83.964
G1 X46.415 Y83.799
G1 X46.320 Y83.489
G1 X45.847 Y83.054
G1 X45.295 Y82.884
G1 X45.074 Y82.924
G1 X44.930 Y83.044
G1 X44.825 Y83.524
G1 X44.850 Y83.849
G1 X44.240 Y83.859
G1 X44.215 Y83.124
G1 X44.155 Y82.941
G1 X43.990 Y82.884
G1 X43.828 Y82.934
G1 X43.722 Y83.084
G1 X43.645 Y83.724
G0 Z5.000 F500.000
G0 X46.046 Y83.324 F3000.000
G1 Z1.000 F500.000
G4 P100
G1 X46.060 Y84.296 F1000.000
G1 X46.225 Y84.959
G1 X46.365 Y85.174
G1 X46.650 Y85.239
G1 X46.802 Y85.204
G1 X46.845 Y85.099
G1 X46.635 Y83.646
G1 X46.715 Y83.604
G1 X46.902 Y83.754
G1 X47.512 Y85.174
G1 X47.760 Y85.239
G1 X47.920 Y85.211
G1 X47.965 Y85.109
G1 X47.700 Y83.634
G1 X47.740 Y83.486
G1 X47.845 Y83.434
G1 X48.082 Y83.556
G1 X48.585 Y84.024
G1 X48.688 Y83.964
G1 X48.725 Y83.799
G1 X48.630 Y83.489
G1 X48.167 Y83.054
G1 X47.903 Y82.926
G1 X47.397 Y82.930
G1 X47.252 Y83.069
G1 X47.140 Y83.589
G1 X46.885 Y83.066
G1 X46.520 Y82.884
G1 X46.316 Y82.936
G1 X46.046 Y83.324
G0 Z5.000 F500.000
G0 X48.356 Y83.321 F3000.000
G1 Z1.000 F500.000
G4 P100
G1 X48.370 Y84.291 F1000.000
G1 X48.535 Y84.959
G1 X48.677 Y85.176
G1 X48.960 Y85.239
G1 X49.110 Y85.206
G1 X49.155 Y85.099
G1 X48.945 Y83.649
G1 X49.025 Y83.604
G1 X49.174 Y83.699
G1 X49.350 Y83.984
G1 X49.825 Y85.176
G1 X50.070 Y85.239
G1 X50.230 Y85.211
G1 X50.275 Y85.109
G1 X50.050 Y84.004
G1 X50.030 Y83.556
G1 X50.252 Y83.494
G1 X50.265 Y83.354
G1 X50.960 Y83.789
G1 X51.062 Y83.729
G1 X51.100 Y83.569
G1 X50.955 Y83.289
G1 X50.235 Y82.839
G1 X49.955 Y81.921
G1 X49.740 Y81.629
G1 X49.477 Y81.449
G1 X49.180 Y81.389
G1 X48.832 Y81.529
G1 X48.695 Y81.879
G1 X48.782 Y82.221
G1 X49.102 Y82.584
G1 X49.760 Y83.039
G1 X49.532 Y83.216
G1 X49.450 Y83.589
G1 X49.203 Y83.074
G1 X49.026 Y82.931
G1 X48.629 Y82.935
G1 X48.356 Y83.321
G0 Z5.000 F500.000
G0 X49.310 Y82.253 F3000.000
G1 Z1.000 F500.000
G4 P100
G1 X49.180 Y81.969 F1000.000
G1 X49.285 Y81.859
G1 X49.535 Y82.049
G1 X49.700 Y82.554
G1 X49.310 Y82.253
G0 Z5.000 F500.000
G0 X50.909 Y83.441 F3000.000
G1 Z1.000 F500.000
G4 P100
G1 X50.845 Y83.814 F1000.000
G1 X50.890 Y84.384
G1 X51.030 Y84.959
G1 X51.178 Y85.171
G1 X51.475 Y85.239
G1 X51.644 Y85.209
G1 X51.700 Y85.119
G1 X51.520 Y84.309
G1 X51.843 Y84.531
G1 X52.225 Y84.619
G1 X52.605 Y84.481
G1 X52.775 Y84.094
G1 X53.428 Y85.179
G1 X53.665 Y85.239
G1 X53.856 Y85.196
G1 X53.920 Y85.069
G1 X53.705 Y83.744
G1 X53.745 Y83.514
G1 X53.880 Y83.434
G1 X54.105 Y83.559
G1 X54.600 Y84.024
G1 X54.703 Y83.964
G1 X54.740 Y83.799
G1 X54.645 Y83.489
G1 X54.166 Y83.035
G1 X53.720 Y82.884
G1 X53.439 Y82.941
G1 X53.248 Y83.114
G1 X53.137 Y83.381
G1 X53.100 Y83.799
G1 X52.493 Y83.134
G1 X52.152 Y82.946
G1 X51.795 Y82.884
G1 X51.404 Y82.949
G1 X51.102 Y83.144
G1 X50.909 Y83.441
G0 Z5.000 F500.000
G0 X51.580 Y83.504 F3000.000
G1 Z1.000 F500.000
G4 P100
G1 X51.840 Y83.414 F1000.000
G1 X52.150 Y83.524
G1 X52.260 Y83.829
G1 X52.189 Y84.028
G1 X51.975 Y84.094
G1 X51.678 Y83.999
G1 X51.475 Y83.779
G1 X51.580 Y83.504
G0 Z5.000 F500.000
G0 X54.235 Y83.319 F3000.000
G1 Z1.000 F500.000
G4 P100
G1 X54.362 Y83.679 F1000.000
G1 X54.720 Y83.814
G1 X55.052 Y83.706
G1 X55.165 Y83.389
G1 X55.035 Y83.021
G1 X54.680 Y82.884
G1 X54.347 Y83.004
G1 X54.235 Y83.319
G0 Z5.000 F500.000
G0 X30.067 Y72.925 F3000.000
G1 Z1.000 F500.000
G4 P100
G1 X30.137 Y72.514 F1000.000
G1 X30.030 Y72.024
G1 X29.899 Y71.885
G1 X29.722 Y71.839
G1 X29.502 Y71.904
G1 X29.422 Y72.094
G1 X29.472 Y72.499
G1 X29.351 Y72.840
G1 X28.987 Y72.954
G1 X28.665 Y72.900
G1 X28.357 Y72.739
G1 X28.086 Y72.473
G1 X27.872 Y72.107
G1 X27.734 Y71.650
G1 X27.687 Y71.114
G1 X27.771 Y70.582
G1 X28.022 Y70.187
G1 X28.437 Y69.941
G1 X29.012 Y69.859
G1 X29.670 Y69.942
G1 X30.532 Y70.224
G1 X30.652 Y70.164
G1 X30.692 Y70.009
G1 X30.610 Y69.744
G1 X30.362 Y69.559
G1 X29.625 Y69.332
G1 X28.897 Y69.259
G1 X28.341 Y69.313
G1 X27.862 Y69.477
G1 X27.474 Y69.740
G1 X27.187 Y70.094
G1 X27.011 Y70.527
G1 X26.952 Y71.024
G1 X27.022 Y71.718
G1 X27.230 Y72.329
G1 X27.557 Y72.835
G1 X27.982 Y73.212
G1 X28.484 Y73.446
G1 X29.037 Y73.524
G1 X29.512 Y73.455
G1 X29.857 Y73.247
G1 X30.067 Y72.925
G0 Z5.000 F500.000
G0 X30.759 Y72.648 F3000.000
G1 Z1.000 F500.000
G4 P100
G1 X30.930 Y72.947 F1000.000
G1 X31.197 Y73.192
G1 X31.946 Y73.487
G1 X32.387 Y73.524
G1 X32.930 Y73.457
G1 X33.317 Y73.257
G1 X33.550 Y72.950
G1 X33.627 Y72.564
G1 X33.520 Y72.087
G1 X33.389 Y71.950
G1 X33.212 Y71.904
G1 X32.992 Y71.967
G1 X32.912 Y72.154
G1 X32.962 Y72.564
G1 X32.827 Y72.857
G1 X32.377 Y72.969
G1 X31.995 Y72.924
G1 X31.697 Y72.789
G1 X31.506 Y72.578
G1 X31.442 Y72.304
G1 X31.491 Y72.090
G1 X31.635 Y71.917
G1 X32.417 Y71.699
G1 X32.462 Y71.549
G1 X32.387 Y71.300
G1 X31.475 Y71.099
G1 X31.080 Y70.832
G1 X30.957 Y70.484
G1 X31.030 Y70.212
G1 X31.247 Y70.017
G1 X31.622 Y69.898
G1 X32.167 Y69.859
G1 X33.045 Y69.957
G1 X33.962 Y70.224
G1 X34.082 Y70.164
G1 X34.122 Y70.009
G1 X34.050 Y69.754
G1 X33.802 Y69.564
G1 X33.037 Y69.342
G1 X32.112 Y69.259
G1 X31.057 Y69.402
G1 X30.687 Y69.571
G1 X30.425 Y69.794
G1 X30.269 Y70.060
G1 X30.217 Y70.359
G1 X30.287 Y70.757
G1 X30.495 Y71.092
G1 X30.838 Y71.352
G1 X31.312 Y71.529
G1 X31.052 Y71.647
G1 X30.742 Y72.057
G1 X30.759 Y72.648
G0 Z5.000 F500.000
G0 X33.487 Y72.474 F3000.000
G1 Z1.000 F500.000
G4 P100
G1 X33.627 Y72.824 F1000.000
G1 X34.172 Y73.342
G1 X34.480 Y73.478
G1 X35.043 Y73.482
G1 X35.215 Y73.354
G1 X35.318 Y73.145
G1 X35.272 Y72.019
G1 X35.556 Y72.670
G1 X35.907 Y73.142
G1 X36.326 Y73.428
G1 X36.812 Y73.524
G1 X37.172 Y73.466
G1 X37.430 Y73.292
G1 X37.586 Y73.020
G1 X37.637 Y72.669
G1 X37.267 Y70.704
G1 X37.217 Y70.274
G1 X37.315 Y69.959
G1 X37.587 Y69.854
G1 X37.910 Y69.964
G1 X38.417 Y70.399
G1 X38.520 Y70.339
G1 X38.557 Y70.174
G1 X38.462 Y69.864
G1 X37.947 Y69.404
G1 X37.412 Y69.259
G1 X37.034 Y69.322
G1 X36.747 Y69.512
G1 X36.567 Y69.807
G1 X36.507 Y70.189
G1 X36.917 Y72.539
G1 X36.827 Y72.794
G1 X36.572 Y72.889
G1 X36.272 Y72.809
G1 X35.972 Y72.569
G1 X35.684 Y72.151
G1 X35.417 Y71.537
G1 X35.190 Y70.725
G1 X34.915 Y69.359
G1 X34.652 Y69.259
G1 X34.387 Y69.342
G1 X34.307 Y69.654
G1 X34.647 Y72.079
G1 X34.656 Y72.848
G1 X34.532 Y72.904
G1 X34.220 Y72.772
G1 X33.662 Y72.254
G1 X33.540 Y72.322
G1 X33.487 Y72.474
G0 Z5.000 F500.000
G0 X38.087 Y72.339 F3000.000
G1 Z1.000 F500.000
G4 P100
G1 X38.157 Y72.722 F1000.000
G1 X38.365 Y73.022
G1 X38.715 Y73.245
G1 X39.210 Y73.399
G1 X40.667 Y73.519
G1 X41.545 Y73.499
G1 X42.117 Y73.434
G1 X42.350 Y73.329
G1 X42.427 Y73.154
G1 X42.335 Y72.914
G1 X42.042 Y72.854
G1 X40.677 Y72.919
G1 X40.142 Y69.559
G1 X40.022 Y69.337
G1 X39.757 Y69.259
G1 X39.502 Y69.339
G1 X39.412 Y69.549
G1 X39.967 Y72.914
G1 X39.197 Y72.834
G1 X38.800 Y72.652
G1 X38.682 Y72.349
G1 X38.802 Y71.949
G1 X38.690 Y71.772
G1 X38.457 Y71.689
G1 X38.317 Y71.739
G1 X38.152 Y71.982
G1 X38.087 Y72.339
G0 Z5.000 F500.000
G0 X41.622 Y70.757 F3000.000
G1 Z1.000 F500.000
G4 P100
G1 X41.830 Y71.092 F1000.000
G1 X42.173 Y71.352
G1 X42.647 Y71.529
G1 X42.195 Y71.829
G1 X42.037 Y72.309
G1 X42.094 Y72.648
G1 X42.265 Y72.947
G1 X42.532 Y73.192
G1 X42.877 Y73.374
G1 X43.722 Y73.524
G1 X44.265 Y73.457
G1 X44.652 Y73.257
G1 X44.885 Y72.950
G1 X44.962 Y72.564
G1 X44.855 Y72.087
G1 X44.724 Y71.950
G1 X44.547 Y71.904
G1 X44.327 Y71.967
G1 X44.247 Y72.154
G1 X44.297 Y72.564
G1 X44.162 Y72.857
G1 X43.712 Y72.969
G1 X43.330 Y72.924
G1 X43.032 Y72.789
G1 X42.841 Y72.578
G1 X42.777 Y72.304
G1 X42.826 Y72.090
G1 X42.970 Y71.917
G1 X43.223 Y71.798
G1 X43.752 Y71.699
G1 X43.797 Y71.549
G1 X43.722 Y71.300
G1 X42.810 Y71.099
G1 X42.415 Y70.832
G1 X42.292 Y70.484
G1 X42.365 Y70.212
G1 X42.582 Y70.017
G1 X42.957 Y69.898
G1 X43.502 Y69.859
G1 X44.380 Y69.957
G1 X45.297 Y70.224
G1 X45.417 Y70.164
G1 X45.457 Y70.009
G1 X45.385 Y69.754
G1 X45.137 Y69.564
G1 X44.372 Y69.342
G1 X43.447 Y69.259
G1 X42.392 Y69.402
G1 X42.022 Y69.571
G1 X41.760 Y69.794
G1 X41.604 Y70.060
G1 X41.552 Y70.359
G1 X41.622 Y70.757
G0 Z5.000 F500.000
G0 X45.102 Y70.809 F3000.000
G1 Z1.000 F500.000
G4 P100
G1 X45.176 Y71.592 F1000.000
G1 X45.395 Y72.259
G1 X45.746 Y72.797
G1 X46.215 Y73.192
G1 X46.783 Y73.433
G1 X47.432 Y73.514
G1 X47.874 Y73.478
G1 X48.521 Y73.197
G1 X48.720 Y72.969
G1 X48.877 Y72.394
G1 X48.745 Y71.847
G1 X48.347 Y71.374
G1 X47.702 Y71.069
G1 X48.072 Y70.859
G1 X48.610 Y69.994
G1 X48.927 Y69.854
G1 X49.232 Y69.962
G1 X49.732 Y70.399
G1 X49.835 Y70.339
G1 X49.872 Y70.174
G1 X49.777 Y69.864
G1 X49.292 Y69.417
G1 X49.025 Y69.298
G1 X48.412 Y69.303
G1 X48.160 Y69.434
G1 X47.938 Y69.672
G1 X47.280 Y70.769
G1 X47.052 Y70.854
G1 X46.887 Y69.889
G1 X46.687 Y69.422
G1 X46.499 Y69.300
G1 X46.232 Y69.259
G1 X45.917 Y69.308
G1 X45.412 Y69.693
G1 X45.242 Y70.007
G1 X45.102 Y70.809
G0 Z5.000 F500.000
G0 X45.712 Y70.294 F3000.000
G1 Z1.000 F500.000
G4 P100
G1 X45.872 Y69.949 F1000.000
G1 X46.052 Y69.834
G1 X46.160 Y69.899
G1 X46.362 Y70.859
G1 X46.130 Y70.939
G1 X46.067 Y71.119
G1 X46.145 Y71.309
G1 X46.447 Y71.379
G1 X46.597 Y72.224
G1 X46.735 Y72.468
G1 X47.017 Y72.549
G1 X47.231 Y72.485
G1 X47.297 Y72.209
G1 X47.147 Y71.379
G1 X47.640 Y71.509
G1 X47.995 Y71.829
G1 X48.127 Y72.294
G1 X48.074 Y72.575
G1 X47.912 Y72.789
G1 X47.647 Y72.924
G1 X47.282 Y72.969
G1 X46.823 Y72.908
G1 X46.425 Y72.727
G1 X46.098 Y72.425
G1 X45.852 Y72.007
G1 X45.699 Y71.477
G1 X45.647 Y70.844
G1 X45.712 Y70.294
G0 Z5.000 F500.000
G0 X50.597 Y69.559 F3000.000
G1 Z1.000 F500.000
G4 P100
G1 X52.762 Y73.734 F1000.000
G1 X52.900 Y73.904
G1 X53.057 Y73.959
G1 X53.255 Y73.867
G1 X53.337 Y73.639
G1 X53.282 Y73.434
G1 X51.142 Y69.419
G1 X50.887 Y69.259
G1 X50.685 Y69.342
G1 X50.597 Y69.559
G0 Z5.000 F500.000
G0 X54.672 Y70.099 F3000.000
G1 Z1.000 F500.000
G4 P100
G1 X54.857 Y71.334 F1000.000
G1 X55.005 Y71.547
G1 X55.292 Y71.614
G1 X55.432 Y71.589
G1 X55.472 Y71.494
G1 X55.267 Y70.414
G1 X55.637 Y71.114
G1 X56.040 Y71.499
G1 X56.402 Y71.614
G1 X56.646 Y71.533
G1 X56.727 Y71.289
G1 X56.522 Y70.009
G1 X56.559 Y69.859
G1 X56.667 Y69.809
G1 X56.905 Y69.932
G1 X57.407 Y70.399
G1 X57.510 Y70.339
G1 X57.547 Y70.174
G1 X57.452 Y69.864
G1 X56.990 Y69.429
G1 X56.427 Y69.259
G1 X56.204 Y69.296
G1 X55.945 Y69.587
G1 X55.912 Y69.834
G1 X56.047 Y70.769
G1 X55.992 Y70.849
G1 X55.810 Y70.682
G1 X55.570 Y70.239
G1 X55.245 Y69.342
G1 X55.017 Y69.259
G1 X54.856 Y69.309
G1 X54.750 Y69.459
G1 X54.672 Y70.099
G0 Z5.000 F500.000
G0 X57.177 Y69.789 F3000.000
G1 Z1.000 F500.000
G4 P100
G1 X57.067 Y70.309 F1000.000
G1 X57.212 Y70.987
G1 X57.385 Y71.252
G1 X57.881 Y71.577
G1 X58.177 Y71.619
G1 X58.521 Y71.553
G1 X58.790 Y71.357
G1 X58.974 Y71.063
G1 X59.062 Y70.709
G1 X59.692 Y70.819
G1 X59.792 Y70.754
G1 X59.791 Y70.398
G1 X59.682 Y70.304
G1 X59.022 Y70.184
G1 X58.881 Y69.806
G1 X58.647 Y69.512
G1 X58.349 Y69.322
G1 X57.734 Y69.295
G1 X57.500 Y69.404
G1 X57.177 Y69.789
G0 Z5.000 F500.000
G0 X57.800 Y69.934 F3000.000
G1 Z1.000 F500.000
G4 P100
G1 X58.052 Y69.789 F1000.000
G1 X58.330 Y69.919
G1 X58.487 Y70.294
G1 X58.250 Y70.569
G1 X58.182 Y71.089
G1 X57.981 Y71.041
G1 X57.825 Y70.897
G1 X57.726 Y70.665
G1 X57.692 Y70.354
G1 X57.800 Y69.934
G0 Z5.000 F500.000
G0 X60.722 Y69.984 F3000.000
G1 Z1.000 F500.000
G4 P100
G1 X60.772 Y70.667 F1000.000
G1 X60.937 Y71.334
G1 X61.080 Y71.552
G1 X61.362 Y71.614
G1 X61.512 Y71.582
G1 X61.557 Y71.474
G1 X61.322 Y70.169
G1 X61.427 Y69.979
G1 X61.576 Y70.074
G1 X61.752 Y70.359
G1 X62.227 Y71.552
G1 X62.472 Y71.614
G1 X62.632 Y71.587
G1 X62.677 Y71.484
G1 X62.452 Y70.379
G1 X62.432 Y69.932
G1 X62.655 Y69.869
G1 X62.667 Y69.729
G1 X63.362 Y70.164
G1 X63.465 Y70.104
G1 X63.502 Y69.944
G1 X63.357 Y69.664
G1 X62.637 Y69.214
G1 X62.358 Y68.297
G1 X62.142 Y68.004
G1 X61.880 Y67.824
G1 X61.582 Y67.764
G1 X61.235 Y67.904
G1 X61.097 Y68.254
G1 X61.185 Y68.597
G1 X61.505 Y68.959
G1 X62.162 Y69.414
G1 X61.935 Y69.592
G1 X61.852 Y69.964
G1 X61.605 Y69.449
G1 X61.428 Y69.307
G1 X61.031 Y69.310
G1 X60.759 Y69.697
G1 X60.722 Y69.984
G0 Z5.000 F500.000
G0 X61.712 Y68.628 F3000.000
G1 Z1.000 F500.000
G4 P100
G1 X61.582 Y68.344 F1000.000
G1 X61.687 Y68.234
G1 X61.938 Y68.424
G1 X62.102 Y68.929
G1 X61.712 Y68.628
G0 Z5.000 F500.000
G0 X63.225 Y69.882 F3000.000
G1 Z1.000 F500.000
G4 P100
G1 X63.152 Y70.324 F1000.000
G1 X63.297 Y70.967
G1 X63.700 Y71.439
G1 X64.282 Y71.614
G1 X64.544 Y71.571
G1 X64.748 Y71.442
G1 X64.879 Y71.238
G1 X64.922 Y70.974
G1 X64.861 Y70.653
G1 X64.675 Y70.382
G1 X64.342 Y70.160
G1 X63.837 Y69.989
G1 X64.019 Y69.817
G1 X64.312 Y69.759
G1 X64.825 Y69.917
G1 X65.457 Y70.399
G1 X65.560 Y70.339
G1 X65.597 Y70.174
G1 X65.502 Y69.864
G1 X64.980 Y69.449
G1 X64.257 Y69.259
G1 X63.791 Y69.330
G1 X63.442 Y69.544
G1 X63.225 Y69.882
G0 Z5.000 F500.000
G0 X63.758 Y70.389 F3000.000
G1 Z1.000 F500.000
G4 P100
G1 X64.222 Y70.589 F1000.000
G1 X64.350 Y70.740
G1 X64.340 Y71.067
G1 X64.197 Y71.124
G1 X64.027 Y71.070
G1 X63.885 Y70.909
G1 X63.758 Y70.389
G0 Z5.000 F500.000
G0 X65.249 Y70.733 F3000.000
G1 Z1.000 F500.000
G4 P100
G1 X65.388 Y71.334 F1000.000
G1 X65.532 Y71.547
G1 X65.822 Y71.614
G1 X65.963 Y71.589
G1 X66.002 Y71.494
G1 X65.852 Y70.734
G1 X66.493 Y70.734
G1 X66.760 Y71.549
G1 X67.168 Y71.587
G1 X67.213 Y71.484
G1 X66.947 Y70.009
G1 X66.987 Y69.862
G1 X67.093 Y69.809
G1 X67.330 Y69.932
G1 X67.833 Y70.399
G1 X67.935 Y70.339
G1 X67.972 Y70.174
G1 X67.877 Y69.864
G1 X67.405 Y69.429
G1 X66.852 Y69.259
G1 X66.631 Y69.299
G1 X66.487 Y69.419
G1 X66.382 Y69.899
G1 X66.407 Y70.224
G1 X65.797 Y70.234
G1 X65.773 Y69.499
G1 X65.713 Y69.317
G1 X65.547 Y69.259
G1 X65.386 Y69.309
G1 X65.280 Y69.459
G1 X65.203 Y70.099
G1 X65.249 Y70.733
G0 Z5.000 F500.000
G0 X67.578 Y70.099 F3000.000
G1 Z1.000 F500.000
G4 P100
G1 X67.763 Y71.334 F1000.000
G1 X67.910 Y71.547
G1 X68.197 Y71.614
G1 X68.338 Y71.589
G1 X68.377 Y71.494
G1 X68.172 Y70.419
G1 X68.495 Y71.079
G1 X68.880 Y71.482
G1 X69.252 Y71.614
G1 X69.500 Y71.534
G1 X69.572 Y71.289
G1 X69.422 Y70.439
G1 X69.686 Y70.970
G1 X69.977 Y71.334
G1 X70.272 Y71.544
G1 X70.547 Y71.614
G1 X70.791 Y71.533
G1 X70.873 Y71.289
G1 X70.668 Y70.009
G1 X70.704 Y69.859
G1 X70.812 Y69.809
G1 X71.050 Y69.932
G1 X71.553 Y70.399
G1 X71.655 Y70.339
G1 X71.692 Y70.174
G1 X71.597 Y69.864
G1 X71.135 Y69.429
G1 X70.572 Y69.259
G1 X70.349 Y69.296
G1 X70.090 Y69.587
G1 X70.058 Y69.834
G1 X70.192 Y70.769
G1 X70.138 Y70.849
G1 X69.953 Y70.682
G1 X69.713 Y70.239
G1 X69.390 Y69.339
G1 X69.157 Y69.259
G1 X68.910 Y69.417
G1 X68.828 Y69.799
G1 X68.918 Y70.769
G1 X68.862 Y70.849
G1 X68.672 Y70.669
G1 X68.450 Y70.209
G1 X68.150 Y69.342
G1 X67.922 Y69.259
G1 X67.761 Y69.309
G1 X67.655 Y69.459
G1 X67.578 Y70.099
G0 Z5.000 F500.000
G0 X70.677 Y68.877 F3000.000
G1 Z1.000 F500.000
G4 P100
G1 X71.373 Y70.314 F1000.000
G1 X71.362 Y71.329
G1 X71.477 Y71.559
G1 X71.778 Y71.644
G1 X71.930 Y71.602
G1 X71.987 Y71.249
G1 X72.302 Y71.537
G1 X72.632 Y71.624
G1 X72.887 Y71.568
G1 X73.090 Y71.399
G1 X73.223 Y71.139
G1 X73.267 Y70.809
G1 X73.183 Y70.294
G1 X72.947 Y69.839
G1 X73.123 Y69.809
G1 X73.438 Y69.929
G1 X73.822 Y70.329
G1 X73.957 Y70.399
G1 X74.060 Y70.339
G1 X74.097 Y70.174
G1 X74.002 Y69.864
G1 X73.540 Y69.429
G1 X72.977 Y69.259
G1 X72.737 Y69.307
G1 X72.547 Y69.449
G1 X71.953 Y69.259
G1 X71.846 Y68.373
G1 X71.657 Y67.647
G1 X71.374 Y67.161
G1 X71.192 Y67.039
G1 X70.748 Y67.048
G1 X70.582 Y67.194
G1 X70.485 Y67.427
G1 X70.509 Y68.265
G1 X70.677 Y68.877
G0 Z5.000 F500.000
G0 X70.898 Y67.819 F3000.000
G1 Z1.000 F500.000
G4 P100
G1 X70.935 Y67.574 F1000.000
G1 X71.023 Y67.489
G1 X71.146 Y67.636
G1 X71.248 Y68.077
G1 X71.362 Y69.539
G1 X71.023 Y68.584
G1 X70.898 Y67.819
G0 Z5.000 F500.000
G0 X71.977 Y69.739 F3000.000
G1 Z1.000 F500.000
G4 P100
G1 X72.310 Y69.937 F1000.000
G1 X72.552 Y70.327
G1 X72.642 Y70.814
G1 X72.582 Y71.042
G1 X72.422 Y71.119
G1 X72.224 Y71.024
G1 X71.987 Y70.739
G1 X71.977 Y69.739
G0 Z5.000 F500.000
G0 X73.692 Y69.984 F3000.000
G1 Z1.000 F500.000
G4 P100
G1 X73.743 Y70.672 F1000.000
G1 X73.907 Y71.334
G1 X74.047 Y71.549
G1 X74.332 Y71.614
G1 X74.485 Y71.579
G1 X74.528 Y71.474
G1 X74.323 Y70.477
G1 X74.319 Y70.027
G1 X74.397 Y69.979
G1 X74.585 Y70.129
G1 X75.195 Y71.549
G1 X75.442 Y71.614
G1 X75.602 Y71.584
G1 X75.647 Y71.484
G1 X75.388 Y69.819
G1 X76.138 Y70.349
G1 X76.252 Y70.389
G1 X76.355 Y70.327
G1 X76.392 Y70.169
G1 X76.248 Y69.874
G1 X75.287 Y69.229
G1 X75.068 Y68.305
G1 X74.790 Y67.602
G1 X74.441 Y67.157
G1 X74.008 Y67.009
G1 X73.776 Y67.048
G1 X73.472 Y67.348
G1 X73.433 Y67.579
G1 X73.540 Y68.059
G1 X73.940 Y68.622
G1 X74.767 Y69.349
G1 X74.862 Y69.994
G1 X74.583 Y69.447
G1 X74.203 Y69.259
G1 X73.998 Y69.311
G1 X73.835 Y69.467
G1 X73.692 Y69.984
G0 Z5.000 F500.000
G0 X74.653 Y68.749 F3000.000
G1 Z1.000 F500.000
G4 P100
G1 X74.095 Y68.157 F1000.000
G1 X73.922 Y67.689
G1 X73.955 Y67.549
G1 X74.062 Y67.494
G1 X74.195 Y67.567
G1 X74.343 Y67.784
G1 X74.653 Y68.749
G0 Z5.000 F500.000
G0 X77.530 Y70.584 F3000.000
G1 Z1.000 F500.000
G4 P100
G1 X77.458 Y70.809 F1000.000
G1 X77.525 Y71.009
G1 X77.723 Y71.084
G1 X78.748 Y71.184
G1 X78.940 Y71.122
G1 X79.008 Y70.909
G1 X78.943 Y70.700
G1 X78.748 Y70.614
G1 X77.723 Y70.514
G1 X77.530 Y70.584
G0 Z5.000 F500.000
G0 X80.763 Y70.099 F3000.000
G1 Z1.000 F500.000
G4 P100
G1 X80.948 Y71.334 F1000.000
G1 X81.095 Y71.547
G1 X81.383 Y71.614
G1 X81.523 Y71.589
G1 X81.563 Y71.494
G1 X81.348 Y70.314
G1 X81.551 Y70.914
G1 X81.803 Y71.314
G1 X82.106 Y71.539
G1 X82.468 Y71.614
G1 X82.875 Y71.452
G1 X83.023 Y71.034
G1 X82.930 Y70.679
G1 X82.688 Y70.534
G1 X82.535 Y70.579
G1 X82.478 Y70.704
G1 X82.495 Y71.090
G1 X82.398 Y71.124
G1 X82.203 Y71.022
G1 X82.050 Y70.747
G1 X81.993 Y70.374
G1 X82.118 Y69.942
G1 X82.478 Y69.779
G1 X82.808 Y69.902
G1 X83.343 Y70.399
G1 X83.445 Y70.339
G1 X83.483 Y70.174
G1 X83.388 Y69.864
G1 X82.938 Y69.427
G1 X82.428 Y69.259
G1 X82.000 Y69.362
G1 X81.688 Y69.609
G1 X81.533 Y69.889
G1 X81.330 Y69.334
G1 X81.108 Y69.259
G1 X80.946 Y69.309
G1 X80.840 Y69.459
G1 X80.763 Y70.099
G0 Z5.000 F500.000
G0 X83.113 Y69.789 F3000.000
G1 Z1.000 F500.000
G4 P100
G1 X83.003 Y70.309 F1000.000
G1 X83.148 Y70.987
G1 X83.320 Y71.252
G1 X83.816 Y71.577
G1 X84.113 Y71.619
G1 X84.456 Y71.553
G1 X84.725 Y71.357
G1 X84.909 Y71.063
G1 X84.998 Y70.709
G1 X85.628 Y70.819
G1 X85.728 Y70.754
G1 X85.726 Y70.398
G1 X85.618 Y70.304
G1 X84.958 Y70.184
G1 X84.816 Y69.806
G1 X84.583 Y69.512
G1 X84.284 Y69.322
G1 X83.669 Y69.295
G1 X83.435 Y69.404
G1 X83.113 Y69.789
G0 Z5.000 F500.000
G0 X83.735 Y69.934 F3000.000
G1 Z1.000 F500.000
G4 P100
G1 X83.988 Y69.789 F1000.000
G1 X84.265 Y69.919
G1 X84.422 Y70.294
G1 X84.185 Y70.569
G1 X84.118 Y71.089
G1 X83.916 Y71.041
G1 X83.760 Y70.897
G1 X83.661 Y70.665
G1 X83.628 Y70.354
G1 X83.735 Y69.934
G0 Z5.000 F500.000
G0 X85.343 Y70.099 F3000.000
G1 Z1.000 F500.000
G4 P100
G1 X85.528 Y71.334 F1000.000
G1 X85.673 Y71.547
G1 X85.963 Y71.614
G1 X86.102 Y71.589
G1 X86.142 Y71.494
G1 X85.993 Y70.734
G1 X86.633 Y70.734
G1 X86.900 Y71.549
G1 X87.308 Y71.587
G1 X87.353 Y71.484
G1 X87.088 Y70.009
G1 X87.127 Y69.862
G1 X87.233 Y69.809
G1 X87.470 Y69.932
G1 X87.972 Y70.399
G1 X88.075 Y70.339
G1 X88.112 Y70.174
G1 X88.017 Y69.864
G1 X87.545 Y69.429
G1 X86.993 Y69.259
G1 X86.771 Y69.299
G1 X86.627 Y69.419
G1 X86.523 Y69.899
G1 X86.547 Y70.224
G1 X85.938 Y70.234
G1 X85.912 Y69.499
G1 X85.852 Y69.317
G1 X85.688 Y69.259
G1 X85.526 Y69.309
G1 X85.420 Y69.459
G1 X85.343 Y70.099
G0 Z5.000 F500.000
G0 X87.795 Y69.459 F3000.000
G1 Z1.000 F500.000
G4 P100
G1 X87.718 Y70.099 F1000.000
G1 X87.903 Y71.334
G1 X88.050 Y71.547
G1 X88.338 Y71.614
G1 X88.477 Y71.589
G1 X88.517 Y71.494
G1 X88.312 Y70.419
G1 X88.635 Y71.079
G1 X89.020 Y71.482
G1 X89.392 Y71.614
G1 X89.640 Y71.534
G1 X89.713 Y71.289
G1 X89.562 Y70.439
G1 X89.826 Y70.970
G1 X90.118 Y71.334
G1 X90.413 Y71.544
G1 X90.688 Y71.614
G1 X90.931 Y71.533
G1 X91.013 Y71.289
G1 X90.808 Y70.009
G1 X90.844 Y69.859
G1 X90.953 Y69.809
G1 X91.190 Y69.932
G1 X91.692 Y70.399
G1 X91.795 Y70.339
G1 X91.832 Y70.174
G1 X91.737 Y69.864
G1 X91.275 Y69.429
G1 X91.011 Y69.302
G1 X90.489 Y69.296
G1 X90.230 Y69.587
G1 X90.198 Y69.834
G1 X90.332 Y70.769
G1 X90.278 Y70.849
G1 X90.093 Y70.682
G1 X89.852 Y70.239
G1 X89.530 Y69.339
G1 X89.297 Y69.259
G1 X89.050 Y69.417
G1 X88.968 Y69.799
G1 X89.058 Y70.769
G1 X89.002 Y70.849
G1 X88.812 Y70.669
G1 X88.590 Y70.209
G1 X88.290 Y69.342
G1 X88.062 Y69.259
G1 X87.901 Y69.309
G1 X87.795 Y69.459
G0 Z5.000 F500.000
G0 X90.649 Y68.265 F3000.000
G1 Z1.000 F500.000
G4 P100
G1 X91.104 Y69.562 F1000.000
G1 X91.513 Y70.314
G1 X91.502 Y71.329
G1 X91.618 Y71.559
G1 X91.918 Y71.644
G1 X92.070 Y71.602
G1 X92.127 Y71.249
G1 X92.442 Y71.537
G1 X92.772 Y71.624
G1 X93.027 Y71.568
G1 X93.230 Y71.399
G1 X93.363 Y71.139
G1 X93.407 Y70.809
G1 X93.322 Y70.294
G1 X93.088 Y69.839
G1 X93.263 Y69.809
G1 X93.578 Y69.929
G1 X93.963 Y70.329
G1 X94.097 Y70.399
G1 X94.200 Y70.339
G1 X94.237 Y70.174
G1 X94.142 Y69.864
G1 X93.680 Y69.429
G1 X93.118 Y69.259
G1 X92.878 Y69.307
G1 X92.688 Y69.449
G1 X92.093 Y69.259
G1 X91.986 Y68.373
G1 X91.797 Y67.647
G1 X91.514 Y67.161
G1 X91.332 Y67.039
G1 X90.888 Y67.048
G1 X90.722 Y67.194
G1 X90.593 Y67.734
G1 X90.649 Y68.265
G0 Z5.000 F500.000
G0 X91.037 Y67.819 F3000.000
G1 Z1.000 F500.000
G4 P100
G1 X91.075 Y67.574 F1000.000
G1 X91.162 Y67.489
G1 X91.286 Y67.636
G1 X91.388 Y68.077
G1 X91.502 Y69.539
G1 X91.162 Y68.584
G1 X91.037 Y67.819
G0 Z5.000 F500.000
G0 X92.118 Y69.739 F3000.000
G1 Z1.000 F500.000
G4 P100
G1 X92.450 Y69.937 F1000.000
G1 X92.692 Y70.327
G1 X92.782 Y70.814
G1 X92.722 Y71.042
G1 X92.562 Y71.119
G1 X92.364 Y71.024
G1 X92.127 Y70.739
G1 X92.118 Y69.739
G0 Z5.000 F500.000
G0 X93.758 Y70.309 F3000.000
G1 Z1.000 F500.000
G4 P100
G1 X93.903 Y70.987 F1000.000
G1 X94.075 Y71.252
G1 X94.571 Y71.577
G1 X94.868 Y71.619
G1 X95.211 Y71.553
G1 X95.480 Y71.357
G1 X95.664 Y71.063
G1 X95.752 Y70.709
G1 X96.383 Y70.819
G1 X96.483 Y70.754
G1 X96.517 Y70.589
G1 X96.481 Y70.398
G1 X96.373 Y70.304
G1 X95.713 Y70.184
G1 X95.571 Y69.806
G1 X95.338 Y69.512
G1 X95.039 Y69.322
G1 X94.703 Y69.259
G1 X94.190 Y69.404
G1 X93.868 Y69.789
G1 X93.758 Y70.309
G0 Z5.000 F500.000
G0 X94.490 Y69.934 F3000.000
G1 Z1.000 F500.000
G4 P100
G1 X94.743 Y69.789 F1000.000
G1 X95.020 Y69.919
G1 X95.177 Y70.294
G1 X94.940 Y70.569
G1 X94.873 Y71.089
G1 X94.671 Y71.041
G1 X94.515 Y70.897
G1 X94.416 Y70.665
G1 X94.383 Y70.354
G1 X94.490 Y69.934
G0 Z5.000 F500.000
G0 X95.852 Y69.914 F3000.000
G1 Z1.000 F500.000
G4 P100
G1 X95.968 Y70.319 F1000.000
G1 X96.292 Y70.474
G1 X96.435 Y70.434
G1 X96.472 Y70.324
G1 X96.455 Y69.859
G1 X96.522 Y69.814
G1 X96.635 Y69.889
G1 X97.472 Y71.527
G1 X97.772 Y71.604
G1 X98.052 Y71.529
G1 X98.142 Y71.284
G1 X98.166 Y69.915
G1 X98.328 Y69.784
G1 X98.505 Y69.869
G1 X99.037 Y70.399
G1 X99.140 Y70.339
G1 X99.177 Y70.174
G1 X99.082 Y69.864
G1 X98.795 Y69.552
G1 X98.495 Y69.347
G1 X98.093 Y69.259
G1 X97.840 Y69.317
G1 X97.672 Y69.492
G1 X97.579 Y69.783
G1 X97.567 Y70.649
G1 X97.337 Y70.060
G1 X97.065 Y69.624
G1 X96.752 Y69.354
G1 X96.397 Y69.264
G1 X96.170 Y69.310
G1 X95.998 Y69.449
G1 X95.852 Y69.914
G0 Z5.000 F500.000
G0 X98.853 Y70.189 F3000.000
G1 Z1.000 F500.000
G4 P100
G1 X99.037 Y71.334 F1000.000
G1 X99.185 Y71.547
G1 X99.483 Y71.614
G1 X99.651 Y71.584
G1 X99.707 Y71.494
G1 X99.528 Y70.684
G1 X99.850 Y70.907
G1 X100.233 Y70.994
G1 X100.506 Y70.944
G1 X100.715 Y70.794
G1 X100.848 Y70.567
G1 X100.892 Y70.284
G1 X100.778 Y69.814
G1 X101.162 Y69.929
G1 X101.683 Y70.399
G1 X101.785 Y70.339
G1 X101.823 Y70.174
G1 X101.728 Y69.864
G1 X101.255 Y69.429
G1 X100.996 Y69.302
G1 X100.703 Y69.259
G1 X100.343 Y69.379
G1 X99.823 Y69.259
G1 X99.417 Y69.323
G1 X99.110 Y69.517
G1 X98.917 Y69.813
G1 X98.853 Y70.189
G0 Z5.000 F500.000
G0 X99.483 Y70.159 F3000.000
G1 Z1.000 F500.000
G4 P100
G1 X99.588 Y69.884 F1000.000
G1 X99.847 Y69.789
G1 X100.157 Y69.899
G1 X100.267 Y70.204
G1 X100.196 Y70.403
G1 X99.983 Y70.469
G1 X99.690 Y70.374
G1 X99.483 Y70.159
G0 Z5.000 F500.000
G0 X102.752 Y70.099 F3000.000
G1 Z1.000 F500.000
G4 P100
G1 X102.938 Y71.334 F1000.000
G1 X103.085 Y71.547
G1 X103.373 Y71.614
G1 X103.512 Y71.589
G1 X103.552 Y71.494
G1 X103.347 Y70.414
G1 X103.718 Y71.114
G1 X104.120 Y71.499
G1 X104.483 Y71.614
G1 X104.726 Y71.533
G1 X104.808 Y71.289
G1 X104.602 Y70.009
G1 X104.639 Y69.859
G1 X104.748 Y69.809
G1 X104.985 Y69.932
G1 X105.487 Y70.399
G1 X105.590 Y70.339
G1 X105.627 Y70.174
G1 X105.532 Y69.864
G1 X105.070 Y69.429
G1 X104.507 Y69.259
G1 X104.284 Y69.296
G1 X104.025 Y69.587
G1 X103.992 Y69.834
G1 X104.127 Y70.769
G1 X104.072 Y70.849
G1 X103.890 Y70.682
G1 X103.650 Y70.239
G1 X103.325 Y69.342
G1 X103.097 Y69.259
G1 X102.936 Y69.309
G1 X102.830 Y69.459
G1 X102.752 Y70.099
G0 Z5.000 F500.000
G0 X105.258 Y69.789 F3000.000
G1 Z1.000 F500.000
G4 P100
G1 X105.148 Y70.309 F1000.000
G1 X105.293 Y70.987
G1 X105.465 Y71.252
G1 X105.961 Y71.577
G1 X106.258 Y71.619
G1 X106.601 Y71.553
G1 X106.870 Y71.357
G1 X107.054 Y71.063
G1 X107.143 Y70.709
G1 X107.773 Y70.819
G1 X107.873 Y70.754
G1 X107.871 Y70.398
G1 X107.763 Y70.304
G1 X107.103 Y70.184
G1 X106.961 Y69.806
G1 X106.728 Y69.512
G1 X106.429 Y69.322
G1 X105.814 Y69.295
G1 X105.580 Y69.404
G1 X105.258 Y69.789
G0 Z5.000 F500.000
G0 X105.880 Y69.934 F3000.000
G1 Z1.000 F500.000
G4 P100
G1 X106.133 Y69.789 F1000.000
G1 X106.410 Y69.919
G1 X106.568 Y70.294
G1 X106.330 Y70.569
G1 X106.263 Y71.089
G1 X106.061 Y71.041
G1 X105.905 Y70.897
G1 X105.806 Y70.665
G1 X105.773 Y70.354
G1 X105.880 Y69.934
G0 Z5.000 F500.000
G0 X107.243 Y69.914 F3000.000
G1 Z1.000 F500.000
G4 P100
G1 X107.358 Y70.319 F1000.000
G1 X107.683 Y70.474
G1 X107.825 Y70.434
G1 X107.863 Y70.324
G1 X107.845 Y69.859
G1 X107.913 Y69.814
G1 X108.025 Y69.889
G1 X108.863 Y71.527
G1 X109.163 Y71.604
G1 X109.443 Y71.529
G1 X109.533 Y71.284
G1 X109.556 Y69.915
G1 X109.718 Y69.784
G1 X109.895 Y69.869
G1 X110.428 Y70.399
G1 X110.530 Y70.339
G1 X110.568 Y70.174
G1 X110.473 Y69.864
G1 X110.185 Y69.552
G1 X109.885 Y69.347
G1 X109.483 Y69.259
G1 X109.230 Y69.317
G1 X109.063 Y69.492
G1 X108.969 Y69.783
G1 X108.958 Y70.649
G1 X108.727 Y70.060
G1 X108.455 Y69.624
G1 X108.142 Y69.354
G1 X107.788 Y69.264
G1 X107.560 Y69.310
G1 X107.388 Y69.449
G1 X107.243 Y69.914
G0 Z5.000 F500.000
G0 X110.148 Y70.309 F3000.000
G1 Z1.000 F500.000
G4 P100
G1 X110.293 Y70.987 F1000.000
G1 X110.465 Y71.252
G1 X110.961 Y71.577
G1 X111.258 Y71.619
G1 X111.601 Y71.553
G1 X111.870 Y71.357
G1 X112.054 Y71.063
G1 X112.143 Y70.709
G1 X112.773 Y70.819
G1 X112.873 Y70.754
G1 X112.908 Y70.589
G1 X112.871 Y70.398
G1 X112.763 Y70.304
G1 X112.103 Y70.184
G1 X111.961 Y69.806
G1 X111.728 Y69.512
G1 X111.429 Y69.322
G1 X111.093 Y69.259
G1 X110.580 Y69.404
G1 X110.258 Y69.789
G1 X110.148 Y70.309
G0 Z5.000 F500.000
G0 X110.880 Y69.934 F3000.000
G1 Z1.000 F500.000
G4 P100
G1 X111.133 Y69.789 F1000.000
G1 X111.410 Y69.919
G1 X111.568 Y70.294
G1 X111.330 Y70.569
G1 X111.263 Y71.089
G1 X111.061 Y71.041
G1 X110.905 Y70.897
G1 X110.806 Y70.665
G1 X110.773 Y70.354
G1 X110.880 Y69.934
G0 Z5.000 F500.000
G0 X112.323 Y69.849 F3000.000
G1 Z1.000 F500.000
G4 P100
G1 X112.438 Y70.254 F1000.000
G1 X112.763 Y70.409
G1 X112.898 Y70.375
G1 X112.943 Y70.274
G1 X112.950 Y69.832
G1 X113.048 Y69.794
G1 X113.230 Y69.907
G1 X113.375 Y70.214
G1 X113.433 Y70.644
G1 X113.388 Y70.947
G1 X113.278 Y71.069
G1 X113.198 Y71.042
G1 X113.068 Y70.822
G1 X112.893 Y70.774
G1 X112.718 Y70.852
G1 X112.653 Y71.089
G1 X112.815 Y71.487
G1 X113.223 Y71.634
G1 X113.625 Y71.447
G1 X113.908 Y70.874
G1 X113.993 Y71.379
G1 X114.123 Y71.564
G1 X114.518 Y71.584
G1 X114.558 Y71.484
G1 X114.358 Y70.314
G1 X114.658 Y71.082
G1 X115.005 Y71.489
G1 X115.453 Y71.614
G1 X115.684 Y71.573
G1 X115.971 Y71.266
G1 X116.008 Y71.034
G1 X115.915 Y70.679
G1 X115.673 Y70.534
G1 X115.520 Y70.579
G1 X115.480 Y71.090
G1 X115.383 Y71.124
G1 X115.188 Y71.022
G1 X115.035 Y70.747
G1 X114.978 Y70.374
G1 X115.103 Y69.942
G1 X115.463 Y69.779
G1 X115.793 Y69.902
G1 X116.328 Y70.399
G1 X116.430 Y70.339
G1 X116.468 Y70.174
G1 X116.373 Y69.864
G1 X115.923 Y69.427
G1 X115.413 Y69.259
G1 X114.983 Y69.379
G1 X114.678 Y69.682
G1 X114.528 Y70.049
G1 X114.368 Y69.429
G1 X114.265 Y69.299
G1 X114.113 Y69.259
G1 X113.943 Y69.344
G1 X113.893 Y69.614
G1 X114.003 Y70.494
G1 X113.725 Y69.849
G1 X113.405 Y69.434
G1 X113.184 Y69.307
G1 X112.671 Y69.304
G1 X112.363 Y69.610
G1 X112.323 Y69.849
G0 Z5.000 F500.000
G0 X115.987 Y70.324 F3000.000
G1 Z1.000 F500.000
G4 P100
G1 X116.132 Y70.967 F1000.000
G1 X116.306 Y71.233
G1 X116.809 Y71.570
G1 X117.117 Y71.614
G1 X117.379 Y71.571
G1 X117.582 Y71.442
G1 X117.714 Y71.238
G1 X117.757 Y70.974
G1 X117.696 Y70.653
G1 X117.510 Y70.382
G1 X117.177 Y70.160
G1 X116.672 Y69.989
G1 X116.854 Y69.817
G1 X117.147 Y69.759
G1 X117.660 Y69.917
G1 X118.292 Y70.399
G1 X118.395 Y70.339
G1 X118.432 Y70.174
G1 X118.337 Y69.864
G1 X117.815 Y69.449
G1 X117.092 Y69.259
G1 X116.626 Y69.330
G1 X116.278 Y69.544
G1 X116.060 Y69.882
G1 X115.987 Y70.324
G0 Z5.000 F500.000
G0 X116.592 Y70.389 F3000.000
G1 Z1.000 F500.000
G4 P100
G1 X117.057 Y70.589 F1000.000
G1 X117.185 Y70.740
G1 X117.175 Y71.067
G1 X117.032 Y71.124
G1 X116.862 Y71.070
G1 X116.720 Y70.909
G1 X116.592 Y70.389
G0 Z5.000 F500.000
G0 X118.084 Y70.733 F3000.000
G1 Z1.000 F500.000
G4 P100
G1 X118.222 Y71.334 F1000.000
G1 X118.368 Y71.547
G1 X118.657 Y71.614
G1 X118.797 Y71.589
G1 X118.837 Y71.494
G1 X118.688 Y70.734
G1 X119.328 Y70.734
G1 X119.595 Y71.549
G1 X120.002 Y71.587
G1 X120.047 Y71.484
G1 X119.782 Y70.009
G1 X119.822 Y69.862
G1 X119.927 Y69.809
G1 X120.165 Y69.932
G1 X120.667 Y70.399
G1 X120.770 Y70.339
G1 X120.807 Y70.174
G1 X120.712 Y69.864
G1 X120.240 Y69.429
G1 X119.688 Y69.259
G1 X119.466 Y69.299
G1 X119.322 Y69.419
G1 X119.218 Y69.899
G1 X119.242 Y70.224
G1 X118.632 Y70.234
G1 X118.607 Y69.499
G1 X118.547 Y69.317
G1 X118.382 Y69.259
G1 X118.221 Y69.309
G1 X118.115 Y69.459
G1 X118.037 Y70.099
G1 X118.084 Y70.733
G0 Z5.000 F500.000
G0 X120.402 Y69.984 F3000.000
G1 Z1.000 F500.000
G4 P100
G1 X120.452 Y70.672 F1000.000
G1 X120.617 Y71.334
G1 X120.757 Y71.549
G1 X121.042 Y71.614
G1 X121.195 Y71.579
G1 X121.237 Y71.474
G1 X121.028 Y70.022
G1 X121.107 Y69.979
G1 X121.295 Y70.129
G1 X121.905 Y71.549
G1 X122.152 Y71.614
G1 X122.312 Y71.587
G1 X122.357 Y71.484
G1 X122.093 Y70.009
G1 X122.132 Y69.862
G1 X122.237 Y69.809
G1 X122.475 Y69.932
G1 X122.977 Y70.399
G1 X123.080 Y70.339
G1 X123.117 Y70.174
G1 X123.022 Y69.864
G1 X122.560 Y69.429
G1 X121.997 Y69.259
G1 X121.789 Y69.305
G1 X121.645 Y69.444
G1 X121.532 Y69.964
G1 X121.277 Y69.442
G1 X120.912 Y69.259
G1 X120.708 Y69.311
G1 X120.438 Y69.700
G1 X120.402 Y69.984
G0 Z5.000 F500.000
G0 X122.477 Y69.914 F3000.000
G1 Z1.000 F500.000
G4 P100
G1 X122.595 Y70.324 F1000.000
G1 X122.917 Y70.474
G1 X123.052 Y70.438
G1 X123.097 Y70.329
G1 X123.148 Y69.874
G1 X123.337 Y69.769
G1 X123.653 Y69.867
G1 X123.968 Y70.144
G1 X123.633 Y70.192
G1 X123.425 Y70.334
G1 X123.292 Y70.557
G1 X123.248 Y70.844
G1 X123.301 Y71.172
G1 X123.463 Y71.417
G1 X123.720 Y71.568
G1 X124.062 Y71.619
G1 X124.617 Y71.534
G1 X124.847 Y71.609
G1 X125.005 Y71.562
G1 X125.052 Y71.434
G1 X124.847 Y70.439
G1 X124.845 Y69.862
G1 X124.953 Y69.809
G1 X125.183 Y69.924
G1 X125.692 Y70.399
G1 X125.795 Y70.339
G1 X125.832 Y70.174
G1 X125.737 Y69.864
G1 X125.237 Y69.409
G1 X124.763 Y69.259
G1 X124.447 Y69.404
G1 X124.337 Y69.819
G1 X124.367 Y70.134
G1 X123.831 Y69.478
G1 X123.517 Y69.314
G1 X123.172 Y69.259
G1 X122.892 Y69.304
G1 X122.670 Y69.439
G1 X122.526 Y69.648
G1 X122.477 Y69.914
G0 Z5.000 F500.000
G0 X123.855 Y70.614 F3000.000
G1 Z1.000 F500.000
G4 P100
G1 X124.233 Y70.529 F1000.000
G1 X124.502 Y71.159
G1 X124.182 Y71.214
G1 X123.873 Y71.119
G1 X123.763 Y70.849
G1 X123.855 Y70.614
G0 Z5.000 F500.000
G0 X126.713 Y70.649 F3000.000
G1 Z1.000 F500.000
G4 P100
G1 X126.833 Y70.979 F1000.000
G1 X127.248 Y71.449
G1 X127.509 Y71.573
G1 X128.027 Y71.573
G1 X128.324 Y71.266
G1 X128.363 Y71.034
G1 X128.270 Y70.679
G1 X128.028 Y70.534
G1 X127.875 Y70.579
G1 X127.835 Y71.089
G1 X127.743 Y71.124
G1 X127.528 Y71.022
G1 X127.368 Y70.744
G1 X127.308 Y70.359
G1 X127.434 Y69.924
G1 X127.813 Y69.779
G1 X128.255 Y69.917
G1 X128.858 Y70.399
G1 X128.960 Y70.339
G1 X128.998 Y70.174
G1 X128.903 Y69.864
G1 X128.340 Y69.417
G1 X127.708 Y69.259
G1 X127.272 Y69.328
G1 X126.945 Y69.537
G1 X126.741 Y69.858
G1 X126.673 Y70.269
G1 X126.713 Y70.649
G0 Z5.000 F500.000
G0 X128.603 Y70.099 F3000.000
G1 Z1.000 F500.000
G4 P100
G1 X128.788 Y71.334 F1000.000
G1 X128.935 Y71.547
G1 X129.223 Y71.614
G1 X129.363 Y71.589
G1 X129.403 Y71.494
G1 X129.198 Y70.419
G1 X129.520 Y71.079
G1 X129.905 Y71.482
G1 X130.278 Y71.614
G1 X130.525 Y71.534
G1 X130.598 Y71.289
G1 X130.448 Y70.439
G1 X130.711 Y70.970
G1 X131.003 Y71.334
G1 X131.298 Y71.544
G1 X131.573 Y71.614
G1 X131.816 Y71.533
G1 X131.898 Y71.289
G1 X131.693 Y70.009
G1 X131.729 Y69.859
G1 X131.838 Y69.809
G1 X132.075 Y69.932
G1 X132.578 Y70.399
G1 X132.680 Y70.339
G1 X132.718 Y70.174
G1 X132.623 Y69.864
G1 X132.160 Y69.429
G1 X131.598 Y69.259
G1 X131.374 Y69.296
G1 X131.115 Y69.587
G1 X131.083 Y69.834
G1 X131.218 Y70.769
G1 X131.163 Y70.849
G1 X130.978 Y70.682
G1 X130.738 Y70.239
G1 X130.415 Y69.339
G1 X130.183 Y69.259
G1 X129.935 Y69.417
G1 X129.853 Y69.799
G1 X129.943 Y70.769
G1 X129.888 Y70.849
G1 X129.698 Y70.669
G1 X129.475 Y70.209
G1 X129.175 Y69.342
G1 X128.948 Y69.259
G1 X128.786 Y69.309
G1 X128.680 Y69.459
G1 X128.603 Y70.099
G0 Z5.000 F500.000
G0 X131.703 Y68.877 F3000.000
G1 Z1.000 F500.000
G4 P100
G1 X132.398 Y70.314 F1000.000
G1 X132.388 Y71.329
G1 X132.503 Y71.559
G1 X132.803 Y71.644
G1 X132.955 Y71.602
G1 X133.013 Y71.249
G1 X133.328 Y71.537
G1 X133.658 Y71.624
G1 X133.912 Y71.568
G1 X134.115 Y71.399
G1 X134.248 Y71.139
G1 X134.293 Y70.809
G1 X134.208 Y70.294
G1 X133.973 Y69.839
G1 X134.148 Y69.809
G1 X134.463 Y69.929
G1 X134.848 Y70.329
G1 X134.983 Y70.399
G1 X135.085 Y70.339
G1 X135.123 Y70.174
G1 X135.028 Y69.864
G1 X134.565 Y69.429
G1 X134.003 Y69.259
G1 X133.763 Y69.307
G1 X133.573 Y69.449
G1 X132.978 Y69.259
G1 X132.871 Y68.373
G1 X132.683 Y67.647
G1 X132.399 Y67.161
G1 X132.217 Y67.039
G1 X131.773 Y67.048
G1 X131.608 Y67.194
G1 X131.510 Y67.427
G1 X131.534 Y68.265
G1 X131.703 Y68.877
G0 Z5.000 F500.000
G0 X131.923 Y67.819 F3000.000
G1 Z1.000 F500.000
G4 P100
G1 X131.960 Y67.574 F1000.000
G1 X132.048 Y67.489
G1 X132.171 Y67.636
G1 X132.273 Y68.077
G1 X132.388 Y69.539
G1 X132.048 Y68.584
G1 X131.923 Y67.819
G0 Z5.000 F500.000
G0 X133.003 Y69.739 F3000.000
G1 Z1.000 F500.000
G4 P100
G1 X133.335 Y69.937 F1000.000
G1 X133.578 Y70.327
G1 X133.668 Y70.814
G1 X133.608 Y71.042
G1 X133.448 Y71.119
G1 X133.249 Y71.024
G1 X133.013 Y70.739
G1 X133.003 Y69.739
G0 Z5.000 F500.000
G0 X134.643 Y70.309 F3000.000
G1 Z1.000 F500.000
G4 P100
G1 X134.788 Y70.987 F1000.000
G1 X134.960 Y71.252
G1 X135.456 Y71.577
G1 X135.753 Y71.619
G1 X136.096 Y71.553
G1 X136.365 Y71.357
G1 X136.549 Y71.063
G1 X136.638 Y70.709
G1 X137.268 Y70.819
G1 X137.368 Y70.754
G1 X137.403 Y70.589
G1 X137.366 Y70.398
G1 X137.258 Y70.304
G1 X136.598 Y70.184
G1 X136.456 Y69.806
G1 X136.223 Y69.512
G1 X135.924 Y69.322
G1 X135.588 Y69.259
G1 X135.075 Y69.404
G1 X134.753 Y69.789
G1 X134.643 Y70.309
G0 Z5.000 F500.000
G0 X135.375 Y69.934 F3000.000
G1 Z1.000 F500.000
G4 P100
G1 X135.628 Y69.789 F1000.000
G1 X135.905 Y69.919
G1 X136.062 Y70.294
G1 X135.825 Y70.569
G1 X135.758 Y71.089
G1 X135.556 Y71.041
G1 X135.400 Y70.897
G1 X135.301 Y70.665
G1 X135.268 Y70.354
G1 X135.375 Y69.934
G0 Z5.000 F500.000
G0 X136.983 Y70.099 F3000.000
G1 Z1.000 F500.000
G4 P100
G1 X137.168 Y71.334 F1000.000
G1 X137.315 Y71.547
G1 X137.603 Y71.614
G1 X137.743 Y71.589
G1 X137.783 Y71.494
G1 X137.567 Y70.314
G1 X137.771 Y70.914
G1 X138.023 Y71.314
G1 X138.326 Y71.539
G1 X138.688 Y71.614
G1 X139.095 Y71.452
G1 X139.243 Y71.034
G1 X139.150 Y70.679
G1 X138.908 Y70.534
G1 X138.755 Y70.579
G1 X138.698 Y70.704
G1 X138.715 Y71.090
G1 X138.618 Y71.124
G1 X138.423 Y71.022
G1 X138.270 Y70.747
G1 X138.213 Y70.374
G1 X138.338 Y69.942
G1 X138.698 Y69.779
G1 X139.028 Y69.902
G1 X139.563 Y70.399
G1 X139.665 Y70.339
G1 X139.703 Y70.174
G1 X139.608 Y69.864
G1 X139.158 Y69.427
G1 X138.648 Y69.259
G1 X138.220 Y69.362
G1 X137.908 Y69.609
G1 X137.752 Y69.889
G1 X137.550 Y69.334
G1 X137.328 Y69.259
G1 X137.166 Y69.309
G1 X137.060 Y69.459
G1 X136.983 Y70.099
G0 Z5.000 F500.000
G0 X139.333 Y69.700 F3000.000
G1 Z1.000 F500.000
G4 P100
G1 X139.348 Y70.672 F1000.000
G1 X139.513 Y71.334
G1 X139.653 Y71.549
G1 X139.938 Y71.614
G1 X140.090 Y71.579
G1 X140.132 Y71.474
G1 X139.923 Y70.022
G1 X140.002 Y69.979
G1 X140.190 Y70.129
G1 X140.800 Y71.549
G1 X141.048 Y71.614
G1 X141.207 Y71.587
G1 X141.252 Y71.484
G1 X140.988 Y70.009
G1 X141.028 Y69.862
G1 X141.132 Y69.809
G1 X141.370 Y69.932
G1 X141.873 Y70.399
G1 X141.975 Y70.339
G1 X142.013 Y70.174
G1 X141.918 Y69.864
G1 X141.455 Y69.429
G1 X141.191 Y69.302
G1 X140.684 Y69.305
G1 X140.540 Y69.444
G1 X140.428 Y69.964
G1 X140.173 Y69.442
G1 X139.808 Y69.259
G1 X139.603 Y69.311
G1 X139.333 Y69.700
G0 Z5.000 F500.000
G0 X53.372 Y60.492 F3000.000
G1 Z1.000 F500.000
G4 P100
G1 X53.336 Y60.301 F1000.000
G1 X53.227 Y60.207
G1 X52.567 Y60.087
G1 X52.426 Y59.709
G1 X52.192 Y59.415
G1 X51.894 Y59.225
G1 X51.557 Y59.162
G1 X51.045 Y59.307
G1 X50.722 Y59.692
G1 X50.612 Y60.212
G1 X50.757 Y60.889
G1 X50.930 Y61.155
G1 X51.426 Y61.480
G1 X51.722 Y61.522
G1 X52.066 Y61.456
G1 X52.335 Y61.260
G1 X52.519 Y60.966
G1 X52.608 Y60.612
G1 X53.237 Y60.722
G1 X53.337 Y60.657
G1 X53.372 Y60.492
G0 Z5.000 F500.000
G0 X52.032 Y60.197 F3000.000
G1 Z1.000 F500.000
G4 P100
G1 X51.795 Y60.472 F1000.000
G1 X51.727 Y60.992
G1 X51.526 Y60.944
G1 X51.271 Y60.568
G1 X51.237 Y60.257
G1 X51.345 Y59.837
G1 X51.597 Y59.692
G1 X51.875 Y59.822
G1 X52.032 Y60.197
G0 Z5.000 F500.000
G0 X52.953 Y60.002 F3000.000
G1 Z1.000 F500.000
G4 P100
G1 X53.138 Y61.237 F1000.000
G1 X53.285 Y61.450
G1 X53.572 Y61.517
G1 X53.712 Y61.492
G1 X53.752 Y61.397
G1 X53.547 Y60.322
G1 X53.870 Y60.982
G1 X54.255 Y61.385
G1 X54.627 Y61.517
G1 X54.875 Y61.437
G1 X54.947 Y61.192
G1 X54.797 Y60.342
G1 X55.061 Y60.873
G1 X55.352 Y61.237
G1 X55.647 Y61.447
G1 X55.922 Y61.517
G1 X56.166 Y61.436
G1 X56.248 Y61.192
G1 X56.043 Y59.912
G1 X56.079 Y59.762
G1 X56.188 Y59.712
G1 X56.425 Y59.835
G1 X56.928 Y60.302
G1 X57.030 Y60.242
G1 X57.068 Y60.077
G1 X56.973 Y59.767
G1 X56.510 Y59.332
G1 X55.947 Y59.162
G1 X55.724 Y59.199
G1 X55.465 Y59.490
G1 X55.432 Y59.737
G1 X55.568 Y60.672
G1 X55.513 Y60.752
G1 X55.328 Y60.584
G1 X55.088 Y60.142
G1 X54.765 Y59.242
G1 X54.532 Y59.162
G1 X54.285 Y59.320
G1 X54.203 Y59.702
G1 X54.293 Y60.672
G1 X54.237 Y60.752
G1 X54.047 Y60.572
G1 X53.825 Y60.112
G1 X53.525 Y59.245
G1 X53.297 Y59.162
G1 X53.136 Y59.212
G1 X53.030 Y59.362
G1 X52.953 Y60.002
G0 Z5.000 F500.000
G0 X56.672 Y60.002 F3000.000
G1 Z1.000 F500.000
G4 P100
G1 X56.858 Y61.237 F1000.000
G1 X57.002 Y61.450
G1 X57.292 Y61.517
G1 X57.432 Y61.492
G1 X57.472 Y61.397
G1 X57.322 Y60.637
G1 X57.962 Y60.637
G1 X58.230 Y61.452
G1 X58.638 Y61.490
G1 X58.682 Y61.387
G1 X58.417 Y59.912
G1 X58.457 Y59.764
G1 X58.562 Y59.712
G1 X58.800 Y59.835
G1 X59.303 Y60.302
G1 X59.405 Y60.242
G1 X59.443 Y60.077
G1 X59.347 Y59.767
G1 X58.875 Y59.332
G1 X58.322 Y59.162
G1 X58.101 Y59.202
G1 X57.957 Y59.322
G1 X57.852 Y59.802
G1 X57.877 Y60.127
G1 X57.267 Y60.137
G1 X57.242 Y59.402
G1 X57.183 Y59.220
G1 X57.017 Y59.162
G1 X56.856 Y59.212
G1 X56.750 Y59.362
G1 X56.672 Y60.002
G0 Z5.000 F500.000
G0 X59.072 Y59.692 F3000.000
G1 Z1.000 F500.000
G4 P100
G1 X58.962 Y60.212 F1000.000
G1 X59.108 Y60.889
G1 X59.280 Y61.155
G1 X59.776 Y61.480
G1 X60.072 Y61.522
G1 X60.416 Y61.456
G1 X60.685 Y61.260
G1 X60.869 Y60.966
G1 X60.957 Y60.612
G1 X61.587 Y60.722
G1 X61.688 Y60.657
G1 X61.686 Y60.301
G1 X61.578 Y60.207
G1 X60.917 Y60.087
G1 X60.776 Y59.709
G1 X60.543 Y59.415
G1 X60.244 Y59.225
G1 X59.629 Y59.198
G1 X59.395 Y59.307
G1 X59.072 Y59.692
G0 Z5.000 F500.000
G0 X59.695 Y59.837 F3000.000
G1 Z1.000 F500.000
G4 P100
G1 X59.947 Y59.692 F1000.000
G1 X60.225 Y59.822
G1 X60.383 Y60.197
G1 X60.145 Y60.472
G1 X60.078 Y60.992
G1 X59.876 Y60.944
G1 X59.720 Y60.800
G1 X59.621 Y60.568
G1 X59.587 Y60.257
G1 X59.695 Y59.837
G0 Z5.000 F500.000
G0 X61.212 Y60.172 F3000.000
G1 Z1.000 F500.000
G4 P100
G1 X61.252 Y60.552 F1000.000
G1 X61.556 Y61.152
G1 X61.787 Y61.352
G1 X62.322 Y61.517
G1 X62.750 Y61.355
G1 X62.902 Y60.937
G1 X62.810 Y60.582
G1 X62.567 Y60.437
G1 X62.415 Y60.482
G1 X62.357 Y60.607
G1 X62.375 Y60.992
G1 X62.282 Y61.027
G1 X62.067 Y60.925
G1 X61.907 Y60.647
G1 X61.847 Y60.262
G1 X61.974 Y59.827
G1 X62.352 Y59.682
G1 X62.795 Y59.820
G1 X63.397 Y60.302
G1 X63.500 Y60.242
G1 X63.537 Y60.077
G1 X63.442 Y59.767
G1 X63.184 Y59.510
G1 X62.880 Y59.320
G1 X62.247 Y59.162
G1 X61.812 Y59.231
G1 X61.485 Y59.440
G1 X61.281 Y59.761
G1 X61.212 Y60.172
G0 Z5.000 F500.000
G0 X63.133 Y59.887 F3000.000
G1 Z1.000 F500.000
G4 P100
G1 X63.183 Y60.575 F1000.000
G1 X63.347 Y61.237
G1 X63.487 Y61.452
G1 X63.773 Y61.517
G1 X63.925 Y61.482
G1 X63.968 Y61.377
G1 X63.758 Y59.925
G1 X63.837 Y59.882
G1 X64.025 Y60.032
G1 X64.635 Y61.452
G1 X64.882 Y61.517
G1 X65.042 Y61.490
G1 X65.088 Y61.387
G1 X64.822 Y59.912
G1 X64.862 Y59.764
G1 X64.968 Y59.712
G1 X65.205 Y59.835
G1 X65.707 Y60.302
G1 X65.810 Y60.242
G1 X65.847 Y60.077
G1 X65.752 Y59.767
G1 X65.290 Y59.332
G1 X64.727 Y59.162
G1 X64.519 Y59.208
G1 X64.375 Y59.347
G1 X64.262 Y59.867
G1 X64.007 Y59.345
G1 X63.642 Y59.162
G1 X63.438 Y59.214
G1 X63.168 Y59.603
G1 X63.133 Y59.887
G0 Z5.000 F500.000
G0 X65.453 Y60.002 F3000.000
G1 Z1.000 F500.000
G4 P100
G1 X65.638 Y61.237 F1000.000
G1 X65.785 Y61.450
G1 X66.072 Y61.517
G1 X66.213 Y61.492
G1 X66.252 Y61.397
G1 X66.047 Y60.322
G1 X66.370 Y60.982
G1 X66.755 Y61.385
G1 X67.127 Y61.517
G1 X67.375 Y61.437
G1 X67.447 Y61.192
G1 X67.297 Y60.342
G1 X67.561 Y60.873
G1 X67.852 Y61.237
G1 X68.147 Y61.447
G1 X68.422 Y61.517
G1 X68.666 Y61.436
G1 X68.748 Y61.192
G1 X68.543 Y59.912
G1 X68.579 Y59.762
G1 X68.688 Y59.712
G1 X68.925 Y59.835
G1 X69.428 Y60.302
G1 X69.530 Y60.242
G1 X69.567 Y60.077
G1 X69.472 Y59.767
G1 X69.010 Y59.332
G1 X68.447 Y59.162
G1 X68.224 Y59.199
G1 X67.965 Y59.490
G1 X67.933 Y59.737
G1 X68.067 Y60.672
G1 X68.013 Y60.752
G1 X67.828 Y60.584
G1 X67.588 Y60.142
G1 X67.265 Y59.242
G1 X67.032 Y59.162
G1 X66.785 Y59.320
G1 X66.703 Y59.702
G1 X66.793 Y60.672
G1 X66.737 Y60.752
G1 X66.547 Y60.572
G1 X66.325 Y60.112
G1 X66.025 Y59.245
G1 X65.797 Y59.162
G1 X65.636 Y59.212
G1 X65.530 Y59.362
G1 X65.453 Y60.002
G0 Z5.000 F500.000
G0 X69.160 Y59.784 F3000.000
G1 Z1.000 F500.000
G4 P100
G1 X69.088 Y60.227 F1000.000
G1 X69.233 Y60.870
G1 X69.635 Y61.342
G1 X70.218 Y61.517
G1 X70.479 Y61.474
G1 X70.683 Y61.345
G1 X70.814 Y61.141
G1 X70.858 Y60.877
G1 X70.796 Y60.556
G1 X70.610 Y60.285
G1 X70.277 Y60.063
G1 X69.773 Y59.892
G1 X69.954 Y59.720
G1 X70.248 Y59.662
G1 X70.760 Y59.820
G1 X71.392 Y60.302
G1 X71.495 Y60.242
G1 X71.532 Y60.077
G1 X71.438 Y59.767
G1 X70.915 Y59.352
G1 X70.192 Y59.162
G1 X69.726 Y59.233
G1 X69.377 Y59.447
G1 X69.160 Y59.784
G0 Z5.000 F500.000
G0 X69.692 Y60.292 F3000.000
G1 Z1.000 F500.000
G4 P100
G1 X70.157 Y60.492 F1000.000
G1 X70.285 Y60.643
G1 X70.275 Y60.970
G1 X70.132 Y61.027
G1 X69.962 Y60.973
G1 X69.820 Y60.812
G1 X69.692 Y60.292
G0 Z5.000 F500.000
G0 X71.007 Y60.222 F3000.000
G1 Z1.000 F500.000
G4 P100
G1 X71.146 Y60.338 F1000.000
G1 X71.475 Y60.337
G1 X71.495 Y59.762
G1 X71.562 Y59.717
G1 X71.675 Y59.792
G1 X72.512 Y61.430
G1 X72.812 Y61.507
G1 X73.093 Y61.432
G1 X73.183 Y61.187
G1 X73.206 Y59.818
G1 X73.367 Y59.687
G1 X73.545 Y59.772
G1 X74.078 Y60.302
G1 X74.180 Y60.242
G1 X74.218 Y60.077
G1 X74.123 Y59.767
G1 X73.535 Y59.250
G1 X73.132 Y59.162
G1 X72.880 Y59.220
G1 X72.713 Y59.394
G1 X72.619 Y59.686
G1 X72.607 Y60.552
G1 X72.377 Y59.963
G1 X72.105 Y59.527
G1 X71.792 Y59.257
G1 X71.438 Y59.167
G1 X71.210 Y59.213
G1 X70.929 Y59.561
G1 X70.892 Y59.817
G1 X71.007 Y60.222
G0 Z5.000 F500.000
G0 X73.892 Y60.092 F3000.000
G1 Z1.000 F500.000
G4 P100
G1 X74.077 Y61.237 F1000.000
G1 X74.225 Y61.450
G1 X74.522 Y61.517
G1 X74.691 Y61.487
G1 X74.747 Y61.397
G1 X74.567 Y60.587
G1 X74.890 Y60.810
G1 X75.272 Y60.897
G1 X75.546 Y60.847
G1 X75.755 Y60.697
G1 X75.888 Y60.470
G1 X75.932 Y60.187
G1 X75.817 Y59.717
G1 X76.202 Y59.832
G1 X76.722 Y60.302
G1 X76.825 Y60.242
G1 X76.862 Y60.077
G1 X76.767 Y59.767
G1 X76.295 Y59.332
G1 X76.036 Y59.204
G1 X75.742 Y59.162
G1 X75.382 Y59.282
G1 X74.862 Y59.162
G1 X74.457 Y59.226
G1 X74.150 Y59.420
G1 X73.957 Y59.716
G1 X73.892 Y60.092
G0 Z5.000 F500.000
G0 X74.522 Y60.062 F3000.000
G1 Z1.000 F500.000
G4 P100
G1 X74.627 Y59.787 F1000.000
G1 X74.887 Y59.692
G1 X75.197 Y59.802
G1 X75.307 Y60.107
G1 X75.236 Y60.306
G1 X75.022 Y60.372
G1 X74.730 Y60.277
G1 X74.522 Y60.062
G0 Z5.000 F500.000
G0 X76.468 Y60.002 F3000.000
G1 Z1.000 F500.000
G4 P100
G1 X76.653 Y61.237 F1000.000
G1 X76.798 Y61.450
G1 X77.088 Y61.517
G1 X77.227 Y61.492
G1 X77.267 Y61.397
G1 X77.118 Y60.637
G1 X77.758 Y60.637
G1 X78.025 Y61.452
G1 X78.433 Y61.490
G1 X78.478 Y61.387
G1 X78.213 Y59.912
G1 X78.252 Y59.764
G1 X78.358 Y59.712
G1 X78.595 Y59.835
G1 X79.097 Y60.302
G1 X79.200 Y60.242
G1 X79.237 Y60.077
G1 X79.142 Y59.767
G1 X78.670 Y59.332
G1 X78.118 Y59.162
G1 X77.896 Y59.202
G1 X77.752 Y59.322
G1 X77.648 Y59.802
G1 X77.672 Y60.127
G1 X77.062 Y60.137
G1 X77.037 Y59.402
G1 X76.977 Y59.220
G1 X76.812 Y59.162
G1 X76.651 Y59.212
G1 X76.545 Y59.362
G1 X76.468 Y60.002
G0 Z5.000 F500.000
G0 X78.868 Y59.692 F3000.000
G1 Z1.000 F500.000
G4 P100
G1 X78.758 Y60.212 F1000.000
G1 X78.903 Y60.889
G1 X79.075 Y61.155
G1 X79.571 Y61.480
G1 X79.868 Y61.522
G1 X80.211 Y61.456
G1 X80.480 Y61.260
G1 X80.664 Y60.966
G1 X80.752 Y60.612
G1 X81.383 Y60.722
G1 X81.483 Y60.657
G1 X81.481 Y60.301
G1 X81.373 Y60.207
G1 X80.713 Y60.087
G1 X80.571 Y59.709
G1 X80.338 Y59.415
G1 X80.039 Y59.225
G1 X79.424 Y59.198
G1 X79.190 Y59.307
G1 X78.868 Y59.692
G0 Z5.000 F500.000
G0 X79.490 Y59.837 F3000.000
G1 Z1.000 F500.000
G4 P100
G1 X79.743 Y59.692 F1000.000
G1 X80.020 Y59.822
G1 X80.177 Y60.197
G1 X79.940 Y60.472
G1 X79.873 Y60.992
G1 X79.671 Y60.944
G1 X79.515 Y60.800
G1 X79.416 Y60.568
G1 X79.383 Y60.257
G1 X79.490 Y59.837
G0 Z5.000 F500.000
G0 X82.422 Y60.002 F3000.000
G1 Z1.000 F500.000
G4 P100
G1 X82.608 Y61.237 F1000.000
G1 X82.755 Y61.450
G1 X83.043 Y61.517
G1 X83.183 Y61.492
G1 X83.222 Y61.397
G1 X83.017 Y60.317
G1 X83.388 Y61.017
G1 X83.790 Y61.402
G1 X84.153 Y61.517
G1 X84.396 Y61.436
G1 X84.478 Y61.192
G1 X84.272 Y59.912
G1 X84.309 Y59.762
G1 X84.418 Y59.712
G1 X84.655 Y59.835
G1 X85.157 Y60.302
G1 X85.260 Y60.242
G1 X85.297 Y60.077
G1 X85.203 Y59.767
G1 X84.740 Y59.332
G1 X84.177 Y59.162
G1 X83.954 Y59.199
G1 X83.695 Y59.490
G1 X83.662 Y59.737
G1 X83.797 Y60.672
G1 X83.742 Y60.752
G1 X83.560 Y60.584
G1 X83.320 Y60.142
G1 X82.995 Y59.245
G1 X82.767 Y59.162
G1 X82.606 Y59.212
G1 X82.500 Y59.362
G1 X82.422 Y60.002
G0 Z5.000 F500.000
G0 X84.928 Y59.692 F3000.000
G1 Z1.000 F500.000
G4 P100
G1 X84.818 Y60.212 F1000.000
G1 X84.963 Y60.889
G1 X85.135 Y61.155
G1 X85.631 Y61.480
G1 X85.928 Y61.522
G1 X86.271 Y61.456
G1 X86.540 Y61.260
G1 X86.724 Y60.966
G1 X86.812 Y60.612
G1 X87.443 Y60.722
G1 X87.543 Y60.657
G1 X87.541 Y60.301
G1 X87.433 Y60.207
G1 X86.773 Y60.087
G1 X86.631 Y59.709
G1 X86.398 Y59.415
G1 X86.099 Y59.225
G1 X85.484 Y59.198
G1 X85.250 Y59.307
G1 X84.928 Y59.692
G0 Z5.000 F500.000
G0 X85.550 Y59.837 F3000.000
G1 Z1.000 F500.000
G4 P100
G1 X85.803 Y59.692 F1000.000
G1 X86.080 Y59.822
G1 X86.237 Y60.197
G1 X86.000 Y60.472
G1 X85.933 Y60.992
G1 X85.731 Y60.944
G1 X85.575 Y60.800
G1 X85.476 Y60.568
G1 X85.443 Y60.257
G1 X85.550 Y59.837
G0 Z5.000 F500.000
G0 X86.912 Y59.817 F3000.000
G1 Z1.000 F500.000
G4 P100
G1 X87.028 Y60.222 F1000.000
G1 X87.352 Y60.377
G1 X87.495 Y60.337
G1 X87.532 Y60.227
G1 X87.515 Y59.762
G1 X87.582 Y59.717
G1 X87.695 Y59.792
G1 X88.532 Y61.430
G1 X88.832 Y61.507
G1 X89.112 Y61.432
G1 X89.203 Y61.187
G1 X89.226 Y59.818
G1 X89.388 Y59.687
G1 X89.565 Y59.772
G1 X90.097 Y60.302
G1 X90.200 Y60.242
G1 X90.237 Y60.077
G1 X90.142 Y59.767
G1 X89.855 Y59.454
G1 X89.555 Y59.250
G1 X89.153 Y59.162
G1 X88.900 Y59.220
G1 X88.733 Y59.394
G1 X88.639 Y59.686
G1 X88.627 Y60.552
G1 X88.397 Y59.963
G1 X88.125 Y59.527
G1 X87.812 Y59.257
G1 X87.457 Y59.167
G1 X87.230 Y59.213
G1 X87.058 Y59.352
G1 X86.912 Y59.817
G0 Z5.000 F500.000
G0 X89.818 Y60.227 F3000.000
G1 Z1.000 F500.000
G4 P100
G1 X89.963 Y60.870 F1000.000
G1 X90.136 Y61.136
G1 X90.639 Y61.473
G1 X90.948 Y61.517
G1 X91.209 Y61.474
G1 X91.412 Y61.345
G1 X91.544 Y61.141
G1 X91.588 Y60.877
G1 X91.526 Y60.556
G1 X91.340 Y60.285
G1 X91.007 Y60.063
G1 X90.502 Y59.892
G1 X90.684 Y59.720
G1 X90.978 Y59.662
G1 X91.490 Y59.820
G1 X92.123 Y60.302
G1 X92.225 Y60.242
G1 X92.263 Y60.077
G1 X92.168 Y59.767
G1 X91.645 Y59.352
G1 X90.922 Y59.162
G1 X90.456 Y59.233
G1 X90.108 Y59.447
G1 X89.890 Y59.784
G1 X89.818 Y60.227
G0 Z5.000 F500.000
G0 X90.422 Y60.292 F3000.000
G1 Z1.000 F500.000
G4 P100
G1 X90.888 Y60.492 F1000.000
G1 X91.015 Y60.643
G1 X91.005 Y60.970
G1 X90.862 Y61.027
G1 X90.692 Y60.973
G1 X90.550 Y60.812
G1 X90.422 Y60.292
G0 Z5.000 F500.000
G0 X91.907 Y60.575 F3000.000
G1 Z1.000 F500.000
G4 P100
G1 X92.073 Y61.237 F1000.000
G1 X92.213 Y61.452
G1 X92.650 Y61.482
G1 X92.693 Y61.377
G1 X92.458 Y60.072
G1 X92.562 Y59.882
G1 X92.750 Y60.032
G1 X92.990 Y60.487
G1 X93.360 Y61.452
G1 X93.768 Y61.490
G1 X93.812 Y61.387
G1 X93.548 Y59.912
G1 X93.588 Y59.764
G1 X93.693 Y59.712
G1 X93.930 Y59.835
G1 X94.433 Y60.302
G1 X94.535 Y60.242
G1 X94.573 Y60.077
G1 X94.478 Y59.767
G1 X94.015 Y59.332
G1 X93.751 Y59.204
G1 X93.244 Y59.208
G1 X93.100 Y59.347
G1 X92.988 Y59.867
G1 X92.733 Y59.345
G1 X92.368 Y59.162
G1 X92.163 Y59.214
G1 X91.893 Y59.603
G1 X91.907 Y60.575
G0 Z5.000 F500.000
G0 X92.503 Y61.942 F3000.000
G1 Z1.000 F500.000
G4 P100
G1 X92.233 Y62.192 F1000.000
G1 X92.138 Y62.522
G1 X92.218 Y62.725
G1 X92.423 Y62.802
G1 X92.613 Y62.742
G1 X92.801 Y62.380
G1 X92.983 Y62.327
G1 X93.388 Y62.459
G1 X93.723 Y62.925
G1 X93.980 Y62.910
G1 X94.023 Y62.707
G1 X93.838 Y62.307
G1 X93.468 Y61.980
G1 X92.908 Y61.847
G1 X92.503 Y61.942
G0 Z5.000 F500.000
G0 X95.572 Y60.882 F3000.000
G1 Z1.000 F500.000
G4 P100
G1 X95.987 Y61.352 F1000.000
G1 X96.249 Y61.476
G1 X96.767 Y61.476
G1 X97.064 Y61.169
G1 X97.102 Y60.937
G1 X97.010 Y60.582
G1 X96.767 Y60.437
G1 X96.615 Y60.482
G1 X96.575 Y60.992
G1 X96.483 Y61.027
G1 X96.267 Y60.925
G1 X96.108 Y60.647
G1 X96.079 Y60.008
G1 X96.174 Y59.827
G1 X96.552 Y59.682
G1 X96.995 Y59.820
G1 X97.597 Y60.302
G1 X97.700 Y60.242
G1 X97.737 Y60.077
G1 X97.642 Y59.767
G1 X97.080 Y59.320
G1 X96.447 Y59.162
G1 X96.012 Y59.231
G1 X95.685 Y59.440
G1 X95.481 Y59.761
G1 X95.412 Y60.172
G1 X95.572 Y60.882
G0 Z5.000 F500.000
G0 X97.389 Y60.636 F3000.000
G1 Z1.000 F500.000
G4 P100
G1 X97.528 Y61.237 F1000.000
G1 X97.675 Y61.450
G1 X97.963 Y61.517
G1 X98.102 Y61.492
G1 X98.142 Y61.397
G1 X97.938 Y60.322
G1 X98.260 Y60.982
G1 X98.645 Y61.385
G1 X99.017 Y61.517
G1 X99.265 Y61.437
G1 X99.338 Y61.192
G1 X99.188 Y60.342
G1 X99.451 Y60.873
G1 X99.743 Y61.237
G1 X100.038 Y61.447
G1 X100.312 Y61.517
G1 X100.556 Y61.436
G1 X100.638 Y61.192
G1 X100.433 Y59.912
G1 X100.469 Y59.762
G1 X100.578 Y59.712
G1 X100.815 Y59.835
G1 X101.317 Y60.302
G1 X101.420 Y60.242
G1 X101.457 Y60.077
G1 X101.362 Y59.767
G1 X100.900 Y59.332
G1 X100.636 Y59.204
G1 X100.114 Y59.199
G1 X99.855 Y59.490
G1 X99.823 Y59.737
G1 X99.957 Y60.672
G1 X99.903 Y60.752
G1 X99.718 Y60.584
G1 X99.477 Y60.142
G1 X99.155 Y59.242
G1 X98.922 Y59.162
G1 X98.675 Y59.320
G1 X98.593 Y59.702
G1 X98.683 Y60.672
G1 X98.627 Y60.752
G1 X98.438 Y60.572
G1 X98.215 Y60.112
G1 X97.915 Y59.245
G1 X97.688 Y59.162
G1 X97.526 Y59.212
G1 X97.420 Y59.362
G1 X97.343 Y60.002
G1 X97.389 Y60.636
G0 Z5.000 F500.000
G0 X100.442 Y58.780 F3000.000
G1 Z1.000 F500.000
G4 P100
G1 X101.138 Y60.217 F1000.000
G1 X101.127 Y61.232
G1 X101.243 Y61.462
G1 X101.543 Y61.547
G1 X101.695 Y61.505
G1 X101.752 Y61.152
G1 X102.067 Y61.440
G1 X102.397 Y61.527
G1 X102.652 Y61.471
G1 X102.855 Y61.302
G1 X102.988 Y61.042
G1 X103.032 Y60.712
G1 X102.947 Y60.197
G1 X102.713 Y59.742
G1 X102.888 Y59.712
G1 X103.203 Y59.832
G1 X103.588 Y60.232
G1 X103.722 Y60.302
G1 X103.825 Y60.242
G1 X103.862 Y60.077
G1 X103.767 Y59.767
G1 X103.305 Y59.332
G1 X102.743 Y59.162
G1 X102.503 Y59.209
G1 X102.312 Y59.352
G1 X101.718 Y59.162
G1 X101.611 Y58.276
G1 X101.422 Y57.550
G1 X101.139 Y57.064
G1 X100.957 Y56.942
G1 X100.513 Y56.951
G1 X100.347 Y57.097
G1 X100.250 Y57.329
G1 X100.274 Y58.168
G1 X100.442 Y58.780
G0 Z5.000 F500.000
G0 X100.662 Y57.722 F3000.000
G1 Z1.000 F500.000
G4 P100
G1 X100.700 Y57.477 F1000.000
G1 X100.787 Y57.392
G1 X100.911 Y57.539
G1 X101.013 Y57.980
G1 X101.127 Y59.442
G1 X100.787 Y58.487
G1 X100.662 Y57.722
G0 Z5.000 F500.000
G0 X101.743 Y59.642 F3000.000
G1 Z1.000 F500.000
G4 P100
G1 X102.075 Y59.840 F1000.000
G1 X102.317 Y60.230
G1 X102.407 Y60.717
G1 X102.347 Y60.945
G1 X102.188 Y61.022
G1 X101.989 Y60.927
G1 X101.752 Y60.642
G1 X101.743 Y59.642
G0 Z5.000 F500.000
G0 X103.392 Y59.977 F3000.000
G1 Z1.000 F500.000
G4 P100
G1 X103.439 Y60.366 F1000.000
G1 X103.793 Y61.057
G1 X104.387 Y61.473
G1 X104.722 Y61.527
G1 X104.870 Y61.485
G1 X104.933 Y61.332
G1 X105.336 Y61.308
G1 X105.398 Y61.177
G1 X105.207 Y59.877
G1 X105.245 Y59.757
G1 X105.343 Y59.712
G1 X105.572 Y59.835
G1 X106.073 Y60.302
G1 X106.175 Y60.242
G1 X106.213 Y60.077
G1 X106.118 Y59.767
G1 X105.683 Y59.337
G1 X105.237 Y59.162
G1 X104.935 Y59.274
G1 X104.728 Y59.582
G1 X104.434 Y59.267
G1 X104.073 Y59.162
G1 X103.794 Y59.218
G1 X103.578 Y59.387
G1 X103.439 Y59.647
G1 X103.392 Y59.977
G0 Z5.000 F500.000
G0 X104.080 Y59.742 F3000.000
G1 Z1.000 F500.000
G4 P100
G1 X104.252 Y59.667 F1000.000
G1 X104.463 Y59.797
G1 X104.608 Y60.142
G1 X104.793 Y61.062
G1 X104.405 Y60.905
G1 X104.123 Y60.502
G1 X104.017 Y59.972
G1 X104.080 Y59.742
G0 Z5.000 F500.000
G0 X105.817 Y60.002 F3000.000
G1 Z1.000 F500.000
G4 P100
G1 X106.002 Y61.237 F1000.000
G1 X106.148 Y61.450
G1 X106.438 Y61.517
G1 X106.577 Y61.492
G1 X106.617 Y61.397
G1 X106.468 Y60.637
G1 X107.108 Y60.637
G1 X107.375 Y61.452
G1 X107.782 Y61.490
G1 X107.828 Y61.387
G1 X107.562 Y59.912
G1 X107.602 Y59.764
G1 X107.707 Y59.712
G1 X107.945 Y59.835
G1 X108.447 Y60.302
G1 X108.550 Y60.242
G1 X108.587 Y60.077
G1 X108.492 Y59.767
G1 X108.020 Y59.332
G1 X107.468 Y59.162
G1 X107.246 Y59.202
G1 X107.102 Y59.322
G1 X106.998 Y59.802
G1 X107.022 Y60.127
G1 X106.412 Y60.137
G1 X106.387 Y59.402
G1 X106.327 Y59.220
G1 X106.162 Y59.162
G1 X106.001 Y59.212
G1 X105.895 Y59.362
G1 X105.817 Y60.002
G0 Z5.000 F500.000
G0 X108.218 Y59.603 F3000.000
G1 Z1.000 F500.000
G4 P100
G1 X108.232 Y60.575 F1000.000
G1 X108.397 Y61.237
G1 X108.537 Y61.452
G1 X108.822 Y61.517
G1 X108.975 Y61.482
G1 X109.017 Y61.377
G1 X108.808 Y59.925
G1 X108.887 Y59.882
G1 X109.075 Y60.032
G1 X109.685 Y61.452
G1 X109.932 Y61.517
G1 X110.093 Y61.490
G1 X110.137 Y61.387
G1 X109.873 Y59.912
G1 X109.912 Y59.764
G1 X110.017 Y59.712
G1 X110.255 Y59.835
G1 X110.757 Y60.302
G1 X110.860 Y60.242
G1 X110.897 Y60.077
G1 X110.802 Y59.767
G1 X110.340 Y59.332
G1 X110.076 Y59.204
G1 X109.569 Y59.208
G1 X109.425 Y59.347
G1 X109.312 Y59.867
G1 X109.057 Y59.345
G1 X108.692 Y59.162
G1 X108.488 Y59.214
G1 X108.218 Y59.603
G0 Z5.000 F500.000
G0 X110.529 Y59.600 F3000.000
G1 Z1.000 F500.000
G4 P100
G1 X110.542 Y60.570 F1000.000
G1 X110.707 Y61.237
G1 X110.850 Y61.455
G1 X111.132 Y61.517
G1 X111.282 Y61.485
G1 X111.328 Y61.377
G1 X111.118 Y59.927
G1 X111.197 Y59.882
G1 X111.346 Y59.977
G1 X111.522 Y60.262
G1 X111.998 Y61.455
G1 X112.242 Y61.517
G1 X112.403 Y61.490
G1 X112.447 Y61.387
G1 X112.222 Y60.282
G1 X112.202 Y59.835
G1 X112.425 Y59.772
G1 X112.438 Y59.632
G1 X113.132 Y60.067
G1 X113.235 Y60.007
G1 X113.272 Y59.847
G1 X113.127 Y59.567
G1 X112.407 Y59.117
G1 X112.127 Y58.200
G1 X111.912 Y57.907
G1 X111.650 Y57.727
G1 X111.352 Y57.667
G1 X111.005 Y57.807
G1 X110.867 Y58.157
G1 X110.955 Y58.500
G1 X111.275 Y58.862
G1 X111.933 Y59.317
G1 X111.705 Y59.495
G1 X111.623 Y59.867
G1 X111.375 Y59.352
G1 X111.198 Y59.209
G1 X110.801 Y59.213
G1 X110.529 Y59.600
G0 Z5.000 F500.000
G0 X111.482 Y58.531 F3000.000
G1 Z1.000 F500.000
G4 P100
G1 X111.352 Y58.247 F1000.000
G1 X111.457 Y58.137
G1 X111.707 Y58.327
G1 X111.873 Y58.832
G1 X111.482 Y58.531
G0 Z5.000 F500.000
G0 X113.082 Y59.720 F3000.000
G1 Z1.000 F500.000
G4 P100
G1 X113.017 Y60.092 F1000.000
G1 X113.062 Y60.662
G1 X113.202 Y61.237
G1 X113.350 Y61.450
G1 X113.647 Y61.517
G1 X113.816 Y61.487
G1 X113.872 Y61.397
G1 X113.692 Y60.587
G1 X114.015 Y60.810
G1 X114.397 Y60.897
G1 X114.778 Y60.760
G1 X114.947 Y60.372
G1 X115.600 Y61.457
G1 X115.837 Y61.517
G1 X116.029 Y61.475
G1 X116.092 Y61.347
G1 X115.877 Y60.022
G1 X115.917 Y59.792
G1 X116.052 Y59.712
G1 X116.278 Y59.837
G1 X116.772 Y60.302
G1 X116.875 Y60.242
G1 X116.912 Y60.077
G1 X116.817 Y59.767
G1 X116.339 Y59.313
G1 X115.892 Y59.162
G1 X115.612 Y59.219
G1 X115.420 Y59.392
G1 X115.309 Y59.660
G1 X115.272 Y60.077
G1 X114.665 Y59.412
G1 X114.324 Y59.225
G1 X113.967 Y59.162
G1 X113.577 Y59.227
G1 X113.275 Y59.422
G1 X113.082 Y59.720
G0 Z5.000 F500.000
G0 X113.752 Y59.782 F3000.000
G1 Z1.000 F500.000
G4 P100
G1 X114.012 Y59.692 F1000.000
G1 X114.322 Y59.802
G1 X114.432 Y60.107
G1 X114.361 Y60.306
G1 X114.147 Y60.372
G1 X113.850 Y60.277
G1 X113.647 Y60.057
G1 X113.752 Y59.782
G0 Z5.000 F500.000
G0 X116.408 Y59.597 F3000.000
G1 Z1.000 F500.000
G4 P100
G1 X116.535 Y59.957 F1000.000
G1 X116.893 Y60.092
G1 X117.225 Y59.985
G1 X117.338 Y59.667
G1 X117.208 Y59.300
G1 X116.853 Y59.162
G1 X116.520 Y59.282
G1 X116.408 Y59.597
G0 Z5.000 F500.000
G0 X49.760 Y46.452 F3000.000
G1 Z1.000 F500.000
G4 P100
G1 X49.665 Y46.142 F1000.000
G1 X49.180 Y45.695
G1 X48.912 Y45.577
G1 X48.299 Y45.581
G1 X48.047 Y45.712
G1 X47.826 Y45.950
G1 X47.167 Y47.047
G1 X46.940 Y47.132
G1 X46.775 Y46.167
G1 X46.575 Y45.700
G1 X46.386 Y45.578
G1 X46.120 Y45.537
G1 X45.804 Y45.587
G1 X45.527 Y45.735
G1 X45.130 Y46.285
G1 X44.990 Y47.087
G1 X45.063 Y47.870
G1 X45.282 Y48.537
G1 X45.634 Y49.075
G1 X46.102 Y49.470
G1 X46.671 Y49.712
G1 X47.320 Y49.792
G1 X48.125 Y49.647
G1 X48.607 Y49.247
G1 X48.765 Y48.672
G1 X48.632 Y48.125
G1 X48.235 Y47.652
G1 X47.590 Y47.347
G1 X47.960 Y47.137
G1 X48.497 Y46.272
G1 X48.815 Y46.132
G1 X49.120 Y46.240
G1 X49.620 Y46.677
G1 X49.722 Y46.617
G1 X49.760 Y46.452
G0 Z5.000 F500.000
G0 X47.882 Y48.107 F3000.000
G1 Z1.000 F500.000
G4 P100
G1 X48.015 Y48.572 F1000.000
G1 X47.961 Y48.853
G1 X47.800 Y49.067
G1 X47.535 Y49.202
G1 X47.170 Y49.247
G1 X46.711 Y49.187
G1 X46.312 Y49.005
G1 X45.986 Y48.703
G1 X45.740 Y48.285
G1 X45.586 Y47.755
G1 X45.535 Y47.122
G1 X45.600 Y46.572
G1 X45.760 Y46.227
G1 X45.940 Y46.112
G1 X46.047 Y46.177
G1 X46.250 Y47.137
G1 X46.017 Y47.217
G1 X45.955 Y47.397
G1 X46.032 Y47.587
G1 X46.335 Y47.657
G1 X46.485 Y48.502
G1 X46.622 Y48.746
G1 X46.905 Y48.827
G1 X47.119 Y48.763
G1 X47.185 Y48.487
G1 X47.035 Y47.657
G1 X47.527 Y47.787
G1 X47.882 Y48.107
G0 Z5.000 F500.000
G0 X49.190 Y45.987 F3000.000
G1 Z1.000 F500.000
G4 P100
G1 X49.875 Y46.097 F1000.000
G1 X50.355 Y49.187
G1 X49.687 Y49.240
G1 X49.620 Y49.402
G1 X49.742 Y49.663
G1 X50.110 Y49.767
G1 X51.585 Y49.772
G1 X51.805 Y49.710
G1 X51.895 Y49.557
G1 X51.795 Y49.300
G1 X51.510 Y49.202
G1 X51.070 Y49.197
G1 X50.590 Y46.117
G1 X51.235 Y46.052
G1 X51.330 Y45.842
G1 X51.227 Y45.622
G1 X50.940 Y45.532
G1 X49.290 Y45.472
G1 X49.105 Y45.532
G1 X49.030 Y45.707
G1 X49.190 Y45.987
G0 Z5.000 F500.000
G0 X51.969 Y46.805 F3000.000
G1 Z1.000 F500.000
G4 P100
G1 X51.910 Y47.302 F1000.000
G1 X51.980 Y47.999
G1 X52.190 Y48.610
G1 X52.523 Y49.113
G1 X52.962 Y49.490
G1 X53.484 Y49.724
G1 X54.065 Y49.802
G1 X54.577 Y49.734
G1 X54.942 Y49.530
G1 X55.162 Y49.213
G1 X55.235 Y48.807
G1 X55.127 Y48.335
G1 X54.820 Y48.157
G1 X54.602 Y48.222
G1 X54.520 Y48.402
G1 X54.570 Y48.792
G1 X54.442 Y49.117
G1 X54.015 Y49.232
G1 X53.663 Y49.180
G1 X53.337 Y49.022
G1 X53.056 Y48.760
G1 X52.835 Y48.395
G1 X52.692 Y47.935
G1 X52.645 Y47.392
G1 X52.727 Y46.860
G1 X52.972 Y46.465
G1 X53.373 Y46.219
G1 X53.920 Y46.137
G1 X54.640 Y46.292
G1 X54.710 Y46.902
G1 X53.985 Y46.970
G1 X53.910 Y47.192
G1 X53.985 Y47.412
G1 X54.185 Y47.492
G1 X55.120 Y47.492
G1 X55.302 Y47.420
G1 X55.360 Y47.212
G1 X55.205 Y46.107
G1 X56.050 Y46.667
G1 X56.152 Y46.605
G1 X56.190 Y46.447
G1 X56.045 Y46.152
G1 X55.105 Y45.512
G1 X54.881 Y44.587
G1 X54.600 Y43.882
G1 X54.249 Y43.436
G1 X53.815 Y43.287
G1 X53.584 Y43.327
G1 X53.280 Y43.627
G1 X53.240 Y43.857
G1 X53.345 Y44.332
G1 X53.737 Y44.887
G1 X54.550 Y45.607
G1 X54.565 Y45.702
G1 X53.790 Y45.537
G1 X53.264 Y45.592
G1 X52.805 Y45.755
G1 X52.427 Y46.018
G1 X52.145 Y46.372
G1 X51.969 Y46.805
G0 Z5.000 F500.000
G0 X53.897 Y44.430 F3000.000
G1 Z1.000 F500.000
G4 P100
G1 X53.730 Y43.967 F1000.000
G1 X53.765 Y43.821
G1 X53.870 Y43.772
G1 X54.155 Y44.067
G1 X54.445 Y45.017
G1 X53.897 Y44.430
G0 Z5.000 F500.000
G0 X56.380 Y45.817 F3000.000
G1 Z1.000 F500.000
G4 P100
G1 X56.675 Y47.157 F1000.000
G1 X56.195 Y47.205
G1 X56.120 Y47.392
G1 X56.215 Y47.635
G1 X56.795 Y47.732
G1 X56.925 Y48.807
G1 X56.855 Y49.127
G1 X56.670 Y49.212
G1 X56.297 Y49.066
G1 X55.735 Y48.542
G1 X55.615 Y48.607
G1 X55.565 Y48.772
G1 X55.690 Y49.102
G1 X56.245 Y49.605
G1 X56.582 Y49.753
G1 X56.925 Y49.802
G1 X57.213 Y49.747
G1 X57.427 Y49.580
G1 X57.561 Y49.295
G1 X57.605 Y48.887
G1 X57.485 Y47.762
G1 X58.515 Y47.837
G1 X58.790 Y48.867
G1 X59.250 Y49.647
G1 X59.541 Y49.872
G1 X59.865 Y49.947
G1 X60.089 Y49.898
G1 X60.260 Y49.750
G1 X60.405 Y49.232
G1 X60.326 Y48.660
G1 X60.089 Y48.182
G1 X59.693 Y47.800
G1 X59.140 Y47.512
G1 X59.157 Y46.648
G1 X59.255 Y46.352
G1 X59.411 Y46.187
G1 X59.620 Y46.132
G1 X59.995 Y46.240
G1 X60.515 Y46.677
G1 X60.617 Y46.617
G1 X60.655 Y46.452
G1 X60.560 Y46.142
G1 X60.049 Y45.688
G1 X59.505 Y45.537
G1 X59.069 Y45.631
G1 X58.730 Y45.912
G1 X58.512 Y46.368
G1 X58.455 Y47.327
G1 X57.380 Y47.212
G1 X57.100 Y45.962
G1 X56.947 Y45.636
G1 X56.700 Y45.527
G1 X56.460 Y45.600
G1 X56.380 Y45.817
G0 Z5.000 F500.000
G0 X59.200 Y48.012 F3000.000
G1 Z1.000 F500.000
G4 P100
G1 X59.547 Y48.212 F1000.000
G1 X59.790 Y48.482
G1 X59.932 Y48.831
G1 X59.980 Y49.267
G1 X59.940 Y49.447
G1 X59.840 Y49.512
G1 X59.607 Y49.312
G1 X59.375 Y48.767
G1 X59.200 Y48.012
G0 Z5.000 F500.000
G0 X60.185 Y48.617 F3000.000
G1 Z1.000 F500.000
G4 P100
G1 X60.254 Y49.000 F1000.000
G1 X60.462 Y49.300
G1 X60.812 Y49.523
G1 X61.307 Y49.677
G1 X62.765 Y49.797
G1 X63.642 Y49.777
G1 X64.215 Y49.712
G1 X64.447 Y49.607
G1 X64.525 Y49.432
G1 X64.432 Y49.192
G1 X64.140 Y49.132
G1 X62.775 Y49.197
G1 X62.240 Y45.837
G1 X62.120 Y45.615
G1 X61.855 Y45.537
G1 X61.600 Y45.617
G1 X61.510 Y45.827
G1 X62.065 Y49.192
G1 X61.295 Y49.112
G1 X60.897 Y48.930
G1 X60.780 Y48.627
G1 X60.900 Y48.227
G1 X60.787 Y48.050
G1 X60.555 Y47.967
G1 X60.415 Y48.017
G1 X60.250 Y48.260
G1 X60.185 Y48.617
G0 Z5.000 F500.000
G0 X64.935 Y46.077 F3000.000
G1 Z1.000 F500.000
G4 P100
G1 X67.030 Y50.012 F1000.000
G1 X67.167 Y50.182
G1 X67.325 Y50.237
G1 X67.522 Y50.145
G1 X67.605 Y49.917
G1 X67.550 Y49.712
G1 X65.297 Y45.577
G1 X65.155 Y45.537
G1 X64.952 Y45.620
G1 X64.865 Y45.837
G1 X64.935 Y46.077
G0 Z5.000 F500.000
G0 X68.850 Y46.547 F3000.000
G1 Z1.000 F500.000
G4 P100
G1 X68.890 Y46.927 F1000.000
G1 X69.194 Y47.527
G1 X69.425 Y47.727
G1 X69.960 Y47.892
G1 X70.387 Y47.730
G1 X70.540 Y47.312
G1 X70.447 Y46.957
G1 X70.205 Y46.812
G1 X70.052 Y46.857
G1 X69.995 Y46.982
G1 X70.012 Y47.367
G1 X69.920 Y47.402
G1 X69.705 Y47.300
G1 X69.545 Y47.022
G1 X69.485 Y46.637
G1 X69.611 Y46.202
G1 X69.990 Y46.057
G1 X70.432 Y46.195
G1 X71.035 Y46.677
G1 X71.137 Y46.617
G1 X71.175 Y46.452
G1 X71.080 Y46.142
G1 X70.822 Y45.885
G1 X70.517 Y45.695
G1 X69.885 Y45.537
G1 X69.449 Y45.607
G1 X69.122 Y45.815
G1 X68.918 Y46.137
G1 X68.850 Y46.547
G0 Z5.000 F500.000
G0 X70.780 Y46.377 F3000.000
G1 Z1.000 F500.000
G4 P100
G1 X70.965 Y47.612 F1000.000
G1 X71.112 Y47.825
G1 X71.400 Y47.892
G1 X71.540 Y47.867
G1 X71.580 Y47.772
G1 X71.375 Y46.692
G1 X71.745 Y47.392
G1 X72.147 Y47.777
G1 X72.510 Y47.892
G1 X72.754 Y47.811
G1 X72.835 Y47.567
G1 X72.630 Y46.287
G1 X72.666 Y46.137
G1 X72.775 Y46.087
G1 X73.012 Y46.210
G1 X73.515 Y46.677
G1 X73.617 Y46.617
G1 X73.655 Y46.452
G1 X73.560 Y46.142
G1 X73.097 Y45.707
G1 X72.535 Y45.537
G1 X72.311 Y45.574
G1 X72.052 Y45.865
G1 X72.020 Y46.112
G1 X72.155 Y47.047
G1 X72.100 Y47.127
G1 X71.917 Y46.960
G1 X71.677 Y46.517
G1 X71.352 Y45.620
G1 X71.125 Y45.537
G1 X70.963 Y45.587
G1 X70.857 Y45.737
G1 X70.780 Y46.377
G0 Z5.000 F500.000
G0 X72.640 Y45.155 F3000.000
G1 Z1.000 F500.000
G4 P100
G1 X73.335 Y46.592 F1000.000
G1 X73.325 Y47.607
G1 X73.440 Y47.837
G1 X73.740 Y47.922
G1 X73.892 Y47.880
G1 X73.950 Y47.527
G1 X74.265 Y47.815
G1 X74.595 Y47.902
G1 X74.849 Y47.846
G1 X75.052 Y47.677
G1 X75.186 Y47.417
G1 X75.230 Y47.087
G1 X75.145 Y46.572
G1 X74.910 Y46.117
G1 X75.085 Y46.087
G1 X75.400 Y46.207
G1 X75.785 Y46.607
G1 X75.920 Y46.677
G1 X76.022 Y46.617
G1 X76.060 Y46.452
G1 X75.965 Y46.142
G1 X75.502 Y45.707
G1 X74.940 Y45.537
G1 X74.700 Y45.585
G1 X74.510 Y45.727
G1 X73.915 Y45.537
G1 X73.809 Y44.652
G1 X73.620 Y43.925
G1 X73.336 Y43.439
G1 X73.154 Y43.318
G1 X72.710 Y43.326
G1 X72.545 Y43.472
G1 X72.447 Y43.705
G1 X72.471 Y44.543
G1 X72.640 Y45.155
G0 Z5.000 F500.000
G0 X72.860 Y44.097 F3000.000
G1 Z1.000 F500.000
G4 P100
G1 X72.897 Y43.852 F1000.000
G1 X72.985 Y43.767
G1 X73.109 Y43.914
G1 X73.210 Y44.355
G1 X73.325 Y45.817
G1 X72.985 Y44.862
G1 X72.860 Y44.097
G0 Z5.000 F500.000
G0 X73.940 Y46.017 F3000.000
G1 Z1.000 F500.000
G4 P100
G1 X74.272 Y46.215 F1000.000
G1 X74.515 Y46.605
G1 X74.605 Y47.092
G1 X74.545 Y47.320
G1 X74.385 Y47.397
G1 X74.186 Y47.302
G1 X73.950 Y47.017
G1 X73.940 Y46.017
G0 Z5.000 F500.000
G0 X75.590 Y46.352 F3000.000
G1 Z1.000 F500.000
G4 P100
G1 X75.636 Y46.742 F1000.000
G1 X75.991 Y47.432
G1 X76.584 Y47.848
G1 X76.920 Y47.902
G1 X77.067 Y47.860
G1 X77.130 Y47.707
G1 X77.534 Y47.683
G1 X77.595 Y47.552
G1 X77.405 Y46.252
G1 X77.442 Y46.132
G1 X77.540 Y46.087
G1 X77.770 Y46.210
G1 X78.270 Y46.677
G1 X78.372 Y46.617
G1 X78.410 Y46.452
G1 X78.315 Y46.142
G1 X77.880 Y45.712
G1 X77.435 Y45.537
G1 X77.132 Y45.650
G1 X76.925 Y45.957
G1 X76.631 Y45.642
G1 X76.270 Y45.537
G1 X75.991 Y45.593
G1 X75.775 Y45.762
G1 X75.636 Y46.022
G1 X75.590 Y46.352
G0 Z5.000 F500.000
G0 X76.277 Y46.117 F3000.000
G1 Z1.000 F500.000
G4 P100
G1 X76.450 Y46.042 F1000.000
G1 X76.660 Y46.172
G1 X76.805 Y46.517
G1 X76.990 Y47.437
G1 X76.602 Y47.280
G1 X76.320 Y46.877
G1 X76.215 Y46.347
G1 X76.277 Y46.117
G0 Z5.000 F500.000
G0 X78.097 Y46.393 F3000.000
G1 Z1.000 F500.000
G4 P100
G1 X78.040 Y47.037 F1000.000
G1 X78.200 Y48.440
G1 X78.397 Y49.141
G1 X78.667 Y49.730
G1 X79.004 Y50.129
G1 X79.400 Y50.262
G1 X79.607 Y50.213
G1 X79.875 Y49.838
G1 X79.910 Y49.552
G1 X79.755 Y48.737
G1 X79.240 Y47.887
G1 X79.544 Y47.805
G1 X79.785 Y47.610
G1 X79.952 Y47.328
G1 X80.035 Y46.987
G1 X80.665 Y47.097
G1 X80.765 Y47.032
G1 X80.765 Y46.675
G1 X80.655 Y46.582
G1 X79.995 Y46.462
G1 X79.851 Y46.087
G1 X79.617 Y45.792
G1 X79.326 Y45.601
G1 X79.005 Y45.537
G1 X78.569 Y45.633
G1 X78.270 Y45.922
G1 X78.097 Y46.393
G0 Z5.000 F500.000
G0 X78.772 Y46.217 F3000.000
G1 Z1.000 F500.000
G4 P100
G1 X79.025 Y46.067 F1000.000
G1 X79.300 Y46.197
G1 X79.460 Y46.572
G1 X79.222 Y46.847
G1 X79.160 Y47.397
G1 X78.961 Y47.347
G1 X78.699 Y46.958
G1 X78.665 Y46.652
G1 X78.772 Y46.217
G0 Z5.000 F500.000
G0 X78.700 Y47.547 F3000.000
G1 Z1.000 F500.000
G4 P100
G1 X79.376 Y49.052 F1000.000
G1 X79.425 Y49.437
G1 X79.387 Y49.682
G1 X79.285 Y49.767
G1 X79.067 Y49.470
G1 X78.850 Y48.662
G1 X78.700 Y47.547
G0 Z5.000 F500.000
G0 X80.706 Y47.432 F3000.000
G1 Z1.000 F500.000
G4 P100
G1 X81.299 Y47.848 F1000.000
G1 X81.635 Y47.902
G1 X81.782 Y47.860
G1 X81.845 Y47.707
G1 X82.249 Y47.683
G1 X82.310 Y47.552
G1 X82.120 Y46.252
G1 X82.157 Y46.132
G1 X82.255 Y46.087
G1 X82.485 Y46.210
G1 X82.985 Y46.677
G1 X83.087 Y46.617
G1 X83.125 Y46.452
G1 X83.030 Y46.142
G1 X82.595 Y45.712
G1 X82.150 Y45.537
G1 X81.847 Y45.650
G1 X81.640 Y45.957
G1 X81.346 Y45.642
G1 X80.985 Y45.537
G1 X80.706 Y45.593
G1 X80.490 Y45.762
G1 X80.351 Y46.022
G1 X80.305 Y46.352
G1 X80.351 Y46.742
G1 X80.706 Y47.432
G0 Z5.000 F500.000
G0 X81.035 Y46.877 F3000.000
G1 Z1.000 F500.000
G4 P100
G1 X80.930 Y46.347 F1000.000
G1 X80.992 Y46.117
G1 X81.165 Y46.042
G1 X81.375 Y46.172
G1 X81.520 Y46.517
G1 X81.705 Y47.437
G1 X81.317 Y47.280
G1 X81.035 Y46.877
G0 Z5.000 F500.000
G0 X84.090 Y47.087 F3000.000
G1 Z1.000 F500.000
G4 P100
G1 X84.157 Y47.287 F1000.000
G1 X84.355 Y47.362
G1 X85.380 Y47.462
G1 X85.572 Y47.400
G1 X85.640 Y47.187
G1 X85.575 Y46.978
G1 X85.380 Y46.892
G1 X84.355 Y46.792
G1 X84.162 Y46.862
G1 X84.090 Y47.087
G0 Z5.000 F500.000
G0 X87.395 Y46.377 F3000.000
G1 Z1.000 F500.000
G4 P100
G1 X87.580 Y47.612 F1000.000
G1 X87.727 Y47.825
G1 X88.015 Y47.892
G1 X88.155 Y47.867
G1 X88.195 Y47.772
G1 X87.980 Y46.592
G1 X88.184 Y47.192
G1 X88.435 Y47.592
G1 X88.739 Y47.817
G1 X89.100 Y47.892
G1 X89.507 Y47.730
G1 X89.655 Y47.312
G1 X89.562 Y46.957
G1 X89.320 Y46.812
G1 X89.167 Y46.857
G1 X89.110 Y46.982
G1 X89.127 Y47.368
G1 X89.030 Y47.402
G1 X88.835 Y47.300
G1 X88.682 Y47.025
G1 X88.625 Y46.652
G1 X88.750 Y46.220
G1 X89.110 Y46.057
G1 X89.440 Y46.180
G1 X89.975 Y46.677
G1 X90.077 Y46.617
G1 X90.115 Y46.452
G1 X90.020 Y46.142
G1 X89.570 Y45.705
G1 X89.060 Y45.537
G1 X88.632 Y45.640
G1 X88.320 Y45.887
G1 X88.165 Y46.167
G1 X87.962 Y45.612
G1 X87.740 Y45.537
G1 X87.578 Y45.587
G1 X87.472 Y45.737
G1 X87.395 Y46.377
G0 Z5.000 F500.000
G0 X89.745 Y46.067 F3000.000
G1 Z1.000 F500.000
G4 P100
G1 X89.635 Y46.587 F1000.000
G1 X89.780 Y47.265
G1 X89.953 Y47.530
G1 X90.449 Y47.855
G1 X90.745 Y47.897
G1 X91.088 Y47.832
G1 X91.358 Y47.635
G1 X91.542 Y47.342
G1 X91.630 Y46.987
G1 X92.260 Y47.097
G1 X92.360 Y47.032
G1 X92.359 Y46.676
G1 X92.250 Y46.582
G1 X91.590 Y46.462
G1 X91.449 Y46.084
G1 X91.215 Y45.790
G1 X90.916 Y45.600
G1 X90.302 Y45.573
G1 X90.067 Y45.682
G1 X89.745 Y46.067
G0 Z5.000 F500.000
G0 X90.368 Y46.212 F3000.000
G1 Z1.000 F500.000
G4 P100
G1 X90.620 Y46.067 F1000.000
G1 X90.898 Y46.197
G1 X91.055 Y46.572
G1 X90.817 Y46.847
G1 X90.750 Y47.367
G1 X90.548 Y47.319
G1 X90.393 Y47.175
G1 X90.293 Y46.943
G1 X90.260 Y46.632
G1 X90.368 Y46.212
G0 Z5.000 F500.000
G0 X91.975 Y46.377 F3000.000
G1 Z1.000 F500.000
G4 P100
G1 X92.160 Y47.612 F1000.000
G1 X92.305 Y47.825
G1 X92.595 Y47.892
G1 X92.735 Y47.867
G1 X92.775 Y47.772
G1 X92.625 Y47.012
G1 X93.265 Y47.012
G1 X93.532 Y47.827
G1 X93.940 Y47.865
G1 X93.985 Y47.762
G1 X93.720 Y46.287
G1 X93.760 Y46.140
G1 X93.865 Y46.087
G1 X94.102 Y46.210
G1 X94.605 Y46.677
G1 X94.707 Y46.617
G1 X94.745 Y46.452
G1 X94.650 Y46.142
G1 X94.177 Y45.707
G1 X93.625 Y45.537
G1 X93.404 Y45.577
G1 X93.260 Y45.697
G1 X93.155 Y46.177
G1 X93.180 Y46.502
G1 X92.570 Y46.512
G1 X92.545 Y45.777
G1 X92.485 Y45.595
G1 X92.320 Y45.537
G1 X92.158 Y45.587
G1 X92.052 Y45.737
G1 X91.975 Y46.377
G0 Z5.000 F500.000
G0 X94.427 Y45.737 F3000.000
G1 Z1.000 F500.000
G4 P100
G1 X94.350 Y46.377 F1000.000
G1 X94.535 Y47.612
G1 X94.683 Y47.825
G1 X94.970 Y47.892
G1 X95.110 Y47.867
G1 X95.150 Y47.772
G1 X94.945 Y46.697
G1 X95.267 Y47.357
G1 X95.653 Y47.760
G1 X96.025 Y47.892
G1 X96.272 Y47.812
G1 X96.345 Y47.567
G1 X96.195 Y46.717
G1 X96.459 Y47.248
G1 X96.750 Y47.612
G1 X97.045 Y47.822
G1 X97.320 Y47.892
G1 X97.564 Y47.811
G1 X97.645 Y47.567
G1 X97.440 Y46.287
G1 X97.476 Y46.137
G1 X97.585 Y46.087
G1 X97.822 Y46.210
G1 X98.325 Y46.677
G1 X98.427 Y46.617
G1 X98.465 Y46.452
G1 X98.370 Y46.142
G1 X97.907 Y45.707
G1 X97.643 Y45.580
G1 X97.121 Y45.574
G1 X96.862 Y45.865
G1 X96.830 Y46.112
G1 X96.965 Y47.047
G1 X96.910 Y47.127
G1 X96.725 Y46.960
G1 X96.485 Y46.517
G1 X96.162 Y45.617
G1 X95.930 Y45.537
G1 X95.683 Y45.695
G1 X95.600 Y46.077
G1 X95.690 Y47.047
G1 X95.635 Y47.127
G1 X95.445 Y46.947
G1 X95.222 Y46.487
G1 X94.922 Y45.620
G1 X94.695 Y45.537
G1 X94.533 Y45.587
G1 X94.427 Y45.737
G0 Z5.000 F500.000
G0 X97.281 Y44.543 F3000.000
G1 Z1.000 F500.000
G4 P100
G1 X97.736 Y45.840 F1000.000
G1 X98.145 Y46.592
G1 X98.135 Y47.607
G1 X98.250 Y47.837
G1 X98.550 Y47.922
G1 X98.702 Y47.880
G1 X98.760 Y47.527
G1 X99.075 Y47.815
G1 X99.405 Y47.902
G1 X99.659 Y47.846
G1 X99.862 Y47.677
G1 X99.996 Y47.417
G1 X100.040 Y47.087
G1 X99.955 Y46.572
G1 X99.720 Y46.117
G1 X99.895 Y46.087
G1 X100.210 Y46.207
G1 X100.595 Y46.607
G1 X100.730 Y46.677
G1 X100.832 Y46.617
G1 X100.870 Y46.452
G1 X100.775 Y46.142
G1 X100.312 Y45.707
G1 X99.750 Y45.537
G1 X99.510 Y45.585
G1 X99.320 Y45.727
G1 X98.725 Y45.537
G1 X98.619 Y44.652
G1 X98.430 Y43.925
G1 X98.146 Y43.439
G1 X97.964 Y43.318
G1 X97.520 Y43.326
G1 X97.355 Y43.472
G1 X97.225 Y44.012
G1 X97.281 Y44.543
G0 Z5.000 F500.000
G0 X97.670 Y44.097 F3000.000
G1 Z1.000 F500.000
G4 P100
G1 X97.707 Y43.852 F1000.000
G1 X97.795 Y43.767
G1 X97.919 Y43.914
G1 X98.020 Y44.355
G1 X98.135 Y45.817
G1 X97.795 Y44.862
G1 X97.670 Y44.097
G0 Z5.000 F500.000
G0 X98.750 Y46.017 F3000.000
G1 Z1.000 F500.000
G4 P100
G1 X99.082 Y46.215 F1000.000
G1 X99.325 Y46.605
G1 X99.415 Y47.092
G1 X99.355 Y47.320
G1 X99.195 Y47.397
G1 X98.996 Y47.302
G1 X98.760 Y47.017
G1 X98.750 Y46.017
G0 Z5.000 F500.000
G0 X100.390 Y46.587 F3000.000
G1 Z1.000 F500.000
G4 P100
G1 X100.535 Y47.265 F1000.000
G1 X100.707 Y47.530
G1 X101.204 Y47.855
G1 X101.500 Y47.897
G1 X101.843 Y47.832
G1 X102.112 Y47.635
G1 X102.297 Y47.342
G1 X102.385 Y46.987
G1 X103.015 Y47.097
G1 X103.115 Y47.032
G1 X103.150 Y46.867
G1 X103.114 Y46.676
G1 X103.005 Y46.582
G1 X102.345 Y46.462
G1 X102.204 Y46.084
G1 X101.970 Y45.790
G1 X101.671 Y45.600
G1 X101.335 Y45.537
G1 X100.822 Y45.682
G1 X100.500 Y46.067
G1 X100.390 Y46.587
G0 Z5.000 F500.000
G0 X101.123 Y46.212 F3000.000
G1 Z1.000 F500.000
G4 P100
G1 X101.375 Y46.067 F1000.000
G1 X101.653 Y46.197
G1 X101.810 Y46.572
G1 X101.572 Y46.847
G1 X101.505 Y47.367
G1 X101.303 Y47.319
G1 X101.148 Y47.175
G1 X101.048 Y46.943
G1 X101.015 Y46.632
G1 X101.123 Y46.212
G0 Z5.000 F500.000
G0 X102.485 Y46.192 F3000.000
G1 Z1.000 F500.000
G4 P100
G1 X102.600 Y46.597 F1000.000
G1 X102.925 Y46.752
G1 X103.067 Y46.712
G1 X103.105 Y46.602
G1 X103.087 Y46.137
G1 X103.155 Y46.092
G1 X103.267 Y46.167
G1 X104.105 Y47.805
G1 X104.405 Y47.882
G1 X104.685 Y47.807
G1 X104.775 Y47.562
G1 X104.799 Y46.193
G1 X104.960 Y46.062
G1 X105.137 Y46.147
G1 X105.670 Y46.677
G1 X105.772 Y46.617
G1 X105.810 Y46.452
G1 X105.715 Y46.142
G1 X105.427 Y45.830
G1 X105.127 Y45.625
G1 X104.725 Y45.537
G1 X104.472 Y45.595
G1 X104.305 Y45.770
G1 X104.211 Y46.062
G1 X104.200 Y46.927
G1 X103.969 Y46.338
G1 X103.697 Y45.902
G1 X103.384 Y45.632
G1 X103.030 Y45.542
G1 X102.802 Y45.588
G1 X102.630 Y45.727
G1 X102.485 Y46.192
G0 Z5.000 F500.000
G0 X105.485 Y46.467 F3000.000
G1 Z1.000 F500.000
G4 P100
G1 X105.670 Y47.612 F1000.000
G1 X105.817 Y47.825
G1 X106.115 Y47.892
G1 X106.284 Y47.862
G1 X106.340 Y47.772
G1 X106.160 Y46.962
G1 X106.482 Y47.185
G1 X106.865 Y47.272
G1 X107.138 Y47.222
G1 X107.347 Y47.072
G1 X107.481 Y46.845
G1 X107.525 Y46.562
G1 X107.410 Y46.092
G1 X107.795 Y46.207
G1 X108.315 Y46.677
G1 X108.417 Y46.617
G1 X108.455 Y46.452
G1 X108.360 Y46.142
G1 X107.887 Y45.707
G1 X107.628 Y45.580
G1 X107.335 Y45.537
G1 X106.975 Y45.657
G1 X106.455 Y45.537
G1 X106.049 Y45.602
G1 X105.743 Y45.795
G1 X105.549 Y46.092
G1 X105.485 Y46.467
G0 Z5.000 F500.000
G0 X106.115 Y46.437 F3000.000
G1 Z1.000 F500.000
G4 P100
G1 X106.220 Y46.162 F1000.000
G1 X106.480 Y46.067
G1 X106.790 Y46.177
G1 X106.900 Y46.482
G1 X106.829 Y46.681
G1 X106.615 Y46.747
G1 X106.322 Y46.652
G1 X106.115 Y46.437
G0 Z5.000 F500.000
G0 X109.385 Y46.377 F3000.000
G1 Z1.000 F500.000
G4 P100
G1 X109.570 Y47.612 F1000.000
G1 X109.718 Y47.825
G1 X110.005 Y47.892
G1 X110.145 Y47.867
G1 X110.185 Y47.772
G1 X109.980 Y46.692
G1 X110.350 Y47.392
G1 X110.752 Y47.777
G1 X111.115 Y47.892
G1 X111.359 Y47.811
G1 X111.440 Y47.567
G1 X111.235 Y46.287
G1 X111.271 Y46.137
G1 X111.380 Y46.087
G1 X111.617 Y46.210
G1 X112.120 Y46.677
G1 X112.222 Y46.617
G1 X112.260 Y46.452
G1 X112.165 Y46.142
G1 X111.702 Y45.707
G1 X111.140 Y45.537
G1 X110.916 Y45.574
G1 X110.657 Y45.865
G1 X110.625 Y46.112
G1 X110.760 Y47.047
G1 X110.705 Y47.127
G1 X110.522 Y46.960
G1 X110.282 Y46.517
G1 X109.957 Y45.620
G1 X109.730 Y45.537
G1 X109.568 Y45.587
G1 X109.462 Y45.737
G1 X109.385 Y46.377
G0 Z5.000 F500.000
G0 X111.890 Y46.067 F3000.000
G1 Z1.000 F500.000
G4 P100
G1 X111.780 Y46.587 F1000.000
G1 X111.925 Y47.265
G1 X112.097 Y47.530
G1 X112.594 Y47.855
G1 X112.890 Y47.897
G1 X113.233 Y47.832
G1 X113.502 Y47.635
G1 X113.687 Y47.342
G1 X113.775 Y46.987
G1 X114.405 Y47.097
G1 X114.505 Y47.032
G1 X114.504 Y46.676
G1 X114.395 Y46.582
G1 X113.735 Y46.462
G1 X113.594 Y46.084
G1 X113.360 Y45.790
G1 X113.061 Y45.600
G1 X112.447 Y45.573
G1 X112.213 Y45.682
G1 X111.890 Y46.067
G0 Z5.000 F500.000
G0 X112.512 Y46.212 F3000.000
G1 Z1.000 F500.000
G4 P100
G1 X112.765 Y46.067 F1000.000
G1 X113.042 Y46.197
G1 X113.200 Y46.572
G1 X112.963 Y46.847
G1 X112.895 Y47.367
G1 X112.693 Y47.319
G1 X112.537 Y47.175
G1 X112.438 Y46.943
G1 X112.405 Y46.632
G1 X112.512 Y46.212
G0 Z5.000 F500.000
G0 X113.875 Y46.192 F3000.000
G1 Z1.000 F500.000
G4 P100
G1 X113.990 Y46.597 F1000.000
G1 X114.315 Y46.752
G1 X114.457 Y46.712
G1 X114.495 Y46.602
G1 X114.477 Y46.137
G1 X114.545 Y46.092
G1 X114.657 Y46.167
G1 X115.495 Y47.805
G1 X115.795 Y47.882
G1 X116.075 Y47.807
G1 X116.165 Y47.562
G1 X116.189 Y46.193
G1 X116.350 Y46.062
G1 X116.527 Y46.147
G1 X117.060 Y46.677
G1 X117.162 Y46.617
G1 X117.200 Y46.452
G1 X117.105 Y46.142
G1 X116.817 Y45.830
G1 X116.517 Y45.625
G1 X116.115 Y45.537
G1 X115.862 Y45.595
G1 X115.695 Y45.770
G1 X115.601 Y46.062
G1 X115.590 Y46.927
G1 X115.359 Y46.338
G1 X115.087 Y45.902
G1 X114.774 Y45.632
G1 X114.420 Y45.542
G1 X114.192 Y45.588
G1 X114.020 Y45.727
G1 X113.875 Y46.192
G0 Z5.000 F500.000
G0 X116.780 Y46.587 F3000.000
G1 Z1.000 F500.000
G4 P100
G1 X116.925 Y47.265 F1000.000
G1 X117.097 Y47.530
G1 X117.594 Y47.855
G1 X117.890 Y47.897
G1 X118.233 Y47.832
G1 X118.502 Y47.635
G1 X118.687 Y47.342
G1 X118.775 Y46.987
G1 X119.405 Y47.097
G1 X119.505 Y47.032
G1 X119.540 Y46.867
G1 X119.504 Y46.676
G1 X119.395 Y46.582
G1 X118.735 Y46.462
G1 X118.594 Y46.084
G1 X118.360 Y45.790
G1 X118.061 Y45.600
G1 X117.725 Y45.537
G1 X117.213 Y45.682
G1 X116.890 Y46.067
G1 X116.780 Y46.587
G0 Z5.000 F500.000
G0 X117.512 Y46.212 F3000.000
G1 Z1.000 F500.000
G4 P100
G1 X117.765 Y46.067 F1000.000
G1 X118.042 Y46.197
G1 X118.200 Y46.572
G1 X117.963 Y46.847
G1 X117.895 Y47.367
G1 X117.693 Y47.319
G1 X117.537 Y47.175
G1 X117.438 Y46.943
G1 X117.405 Y46.632
G1 X117.512 Y46.212
G0 Z5.000 F500.000
G0 X118.955 Y46.127 F3000.000
G1 Z1.000 F500.000
G4 P100
G1 X119.070 Y46.532 F1000.000
G1 X119.395 Y46.687
G1 X119.530 Y46.653
G1 X119.575 Y46.552
G1 X119.582 Y46.110
G1 X119.680 Y46.072
G1 X119.862 Y46.185
G1 X120.007 Y46.492
G1 X120.065 Y46.922
G1 X120.020 Y47.225
G1 X119.910 Y47.347
G1 X119.830 Y47.320
G1 X119.700 Y47.100
G1 X119.525 Y47.052
G1 X119.350 Y47.130
G1 X119.285 Y47.367
G1 X119.447 Y47.765
G1 X119.855 Y47.912
G1 X120.257 Y47.725
G1 X120.540 Y47.152
G1 X120.625 Y47.657
G1 X120.755 Y47.842
G1 X121.150 Y47.862
G1 X121.190 Y47.762
G1 X120.990 Y46.592
G1 X121.290 Y47.360
G1 X121.637 Y47.767
G1 X122.085 Y47.892
G1 X122.317 Y47.852
G1 X122.603 Y47.544
G1 X122.640 Y47.312
G1 X122.547 Y46.957
G1 X122.305 Y46.812
G1 X122.152 Y46.857
G1 X122.112 Y47.368
G1 X122.015 Y47.402
G1 X121.820 Y47.300
G1 X121.667 Y47.025
G1 X121.610 Y46.652
G1 X121.735 Y46.220
G1 X122.095 Y46.057
G1 X122.425 Y46.180
G1 X122.960 Y46.677
G1 X123.062 Y46.617
G1 X123.100 Y46.452
G1 X123.005 Y46.142
G1 X122.555 Y45.705
G1 X122.045 Y45.537
G1 X121.615 Y45.657
G1 X121.310 Y45.960
G1 X121.160 Y46.327
G1 X121.000 Y45.707
G1 X120.897 Y45.577
G1 X120.745 Y45.537
G1 X120.575 Y45.622
G1 X120.525 Y45.892
G1 X120.635 Y46.772
G1 X120.357 Y46.127
G1 X120.037 Y45.712
G1 X119.817 Y45.585
G1 X119.304 Y45.582
G1 X118.995 Y45.888
G1 X118.955 Y46.127
G0 Z5.000 F500.000
G0 X122.620 Y46.602 F3000.000
G1 Z1.000 F500.000
G4 P100
G1 X122.765 Y47.245 F1000.000
G1 X122.938 Y47.512
G1 X123.442 Y47.848
G1 X123.750 Y47.892
G1 X124.011 Y47.849
G1 X124.215 Y47.720
G1 X124.346 Y47.517
G1 X124.390 Y47.252
G1 X124.328 Y46.932
G1 X124.142 Y46.660
G1 X123.809 Y46.438
G1 X123.305 Y46.267
G1 X123.486 Y46.095
G1 X123.780 Y46.037
G1 X124.292 Y46.195
G1 X124.925 Y46.677
G1 X125.027 Y46.617
G1 X125.065 Y46.452
G1 X124.970 Y46.142
G1 X124.447 Y45.727
G1 X123.725 Y45.537
G1 X123.259 Y45.608
G1 X122.910 Y45.822
G1 X122.692 Y46.160
G1 X122.620 Y46.602
G0 Z5.000 F500.000
G0 X123.225 Y46.667 F3000.000
G1 Z1.000 F500.000
G4 P100
G1 X123.690 Y46.867 F1000.000
G1 X123.817 Y47.018
G1 X123.807 Y47.345
G1 X123.665 Y47.402
G1 X123.494 Y47.348
G1 X123.352 Y47.187
G1 X123.225 Y46.667
G0 Z5.000 F500.000
G0 X124.716 Y47.011 F3000.000
G1 Z1.000 F500.000
G4 P100
G1 X124.855 Y47.612 F1000.000
G1 X125.000 Y47.825
G1 X125.290 Y47.892
G1 X125.430 Y47.867
G1 X125.470 Y47.772
G1 X125.320 Y47.012
G1 X125.960 Y47.012
G1 X126.227 Y47.827
G1 X126.635 Y47.865
G1 X126.680 Y47.762
G1 X126.415 Y46.287
G1 X126.455 Y46.140
G1 X126.560 Y46.087
G1 X126.797 Y46.210
G1 X127.300 Y46.677
G1 X127.402 Y46.617
G1 X127.440 Y46.452
G1 X127.345 Y46.142
G1 X126.872 Y45.707
G1 X126.320 Y45.537
G1 X126.099 Y45.577
G1 X125.955 Y45.697
G1 X125.850 Y46.177
G1 X125.875 Y46.502
G1 X125.265 Y46.512
G1 X125.240 Y45.777
G1 X125.180 Y45.595
G1 X125.015 Y45.537
G1 X124.853 Y45.587
G1 X124.747 Y45.737
G1 X124.670 Y46.377
G1 X124.716 Y47.011
G0 Z5.000 F500.000
G0 X127.035 Y46.262 F3000.000
G1 Z1.000 F500.000
G4 P100
G1 X127.085 Y46.950 F1000.000
G1 X127.250 Y47.612
G1 X127.390 Y47.827
G1 X127.675 Y47.892
G1 X127.827 Y47.857
G1 X127.870 Y47.752
G1 X127.660 Y46.300
G1 X127.740 Y46.257
G1 X127.927 Y46.407
G1 X128.537 Y47.827
G1 X128.785 Y47.892
G1 X128.945 Y47.865
G1 X128.990 Y47.762
G1 X128.725 Y46.287
G1 X128.765 Y46.140
G1 X128.870 Y46.087
G1 X129.107 Y46.210
G1 X129.610 Y46.677
G1 X129.712 Y46.617
G1 X129.750 Y46.452
G1 X129.655 Y46.142
G1 X129.192 Y45.707
G1 X128.630 Y45.537
G1 X128.422 Y45.583
G1 X128.277 Y45.722
G1 X128.165 Y46.242
G1 X127.910 Y45.720
G1 X127.545 Y45.537
G1 X127.341 Y45.589
G1 X127.071 Y45.978
G1 X127.035 Y46.262
G0 Z5.000 F500.000
G0 X129.110 Y46.192 F3000.000
G1 Z1.000 F500.000
G4 P100
G1 X129.227 Y46.602 F1000.000
G1 X129.550 Y46.752
G1 X129.685 Y46.716
G1 X129.730 Y46.607
G1 X129.780 Y46.152
G1 X129.970 Y46.047
G1 X130.285 Y46.145
G1 X130.600 Y46.422
G1 X130.266 Y46.470
G1 X130.058 Y46.612
G1 X129.924 Y46.835
G1 X129.880 Y47.122
G1 X129.934 Y47.450
G1 X130.095 Y47.695
G1 X130.352 Y47.847
G1 X130.695 Y47.897
G1 X131.250 Y47.812
G1 X131.480 Y47.887
G1 X131.637 Y47.840
G1 X131.685 Y47.712
G1 X131.480 Y46.717
G1 X131.477 Y46.140
G1 X131.585 Y46.087
G1 X131.815 Y46.202
G1 X132.325 Y46.677
G1 X132.427 Y46.617
G1 X132.465 Y46.452
G1 X132.370 Y46.142
G1 X131.870 Y45.687
G1 X131.395 Y45.537
G1 X131.080 Y45.682
G1 X130.970 Y46.097
G1 X131.000 Y46.412
G1 X130.464 Y45.756
G1 X130.150 Y45.592
G1 X129.805 Y45.537
G1 X129.524 Y45.582
G1 X129.302 Y45.717
G1 X129.158 Y45.926
G1 X129.110 Y46.192
G0 Z5.000 F500.000
G0 X130.487 Y46.892 F3000.000
G1 Z1.000 F500.000
G4 P100
G1 X130.865 Y46.807 F1000.000
G1 X131.135 Y47.437
G1 X130.815 Y47.492
G1 X130.505 Y47.397
G1 X130.395 Y47.127
G1 X130.487 Y46.892
G0 Z5.000 F500.000
G0 X133.345 Y46.927 F3000.000
G1 Z1.000 F500.000
G4 P100
G1 X133.465 Y47.257 F1000.000
G1 X133.880 Y47.727
G1 X134.141 Y47.851
G1 X134.659 Y47.852
G1 X134.957 Y47.544
G1 X134.995 Y47.312
G1 X134.903 Y46.957
G1 X134.660 Y46.812
G1 X134.507 Y46.857
G1 X134.468 Y47.367
G1 X134.375 Y47.402
G1 X134.160 Y47.300
G1 X134.000 Y47.022
G1 X133.940 Y46.637
G1 X134.066 Y46.202
G1 X134.445 Y46.057
G1 X134.887 Y46.195
G1 X135.490 Y46.677
G1 X135.593 Y46.617
G1 X135.630 Y46.452
G1 X135.535 Y46.142
G1 X134.972 Y45.695
G1 X134.340 Y45.537
G1 X133.904 Y45.607
G1 X133.577 Y45.815
G1 X133.373 Y46.137
G1 X133.305 Y46.547
G1 X133.345 Y46.927
G0 Z5.000 F500.000
G0 X135.235 Y46.377 F3000.000
G1 Z1.000 F500.000
G4 P100
G1 X135.420 Y47.612 F1000.000
G1 X135.567 Y47.825
G1 X135.855 Y47.892
G1 X135.995 Y47.867
G1 X136.035 Y47.772
G1 X135.830 Y46.697
G1 X136.153 Y47.357
G1 X136.537 Y47.760
G1 X136.910 Y47.892
G1 X137.157 Y47.812
G1 X137.230 Y47.567
G1 X137.080 Y46.717
G1 X137.344 Y47.248
G1 X137.635 Y47.612
G1 X137.930 Y47.822
G1 X138.205 Y47.892
G1 X138.449 Y47.811
G1 X138.530 Y47.567
G1 X138.325 Y46.287
G1 X138.361 Y46.137
G1 X138.470 Y46.087
G1 X138.707 Y46.210
G1 X139.210 Y46.677
G1 X139.312 Y46.617
G1 X139.350 Y46.452
G1 X139.255 Y46.142
G1 X138.792 Y45.707
G1 X138.230 Y45.537
G1 X138.006 Y45.574
G1 X137.748 Y45.865
G1 X137.715 Y46.112
G1 X137.850 Y47.047
G1 X137.795 Y47.127
G1 X137.610 Y46.960
G1 X137.370 Y46.517
G1 X137.048 Y45.617
G1 X136.815 Y45.537
G1 X136.567 Y45.695
G1 X136.485 Y46.077
G1 X136.575 Y47.047
G1 X136.520 Y47.127
G1 X136.330 Y46.947
G1 X136.108 Y46.487
G1 X135.808 Y45.620
G1 X135.580 Y45.537
G1 X135.418 Y45.587
G1 X135.312 Y45.737
G1 X135.235 Y46.377
G0 Z5.000 F500.000
G0 X138.335 Y45.155 F3000.000
G1 Z1.000 F500.000
G4 P100
G1 X139.030 Y46.592 F1000.000
G1 X139.020 Y47.607
G1 X139.135 Y47.837
G1 X139.435 Y47.922
G1 X139.587 Y47.880
G1 X139.645 Y47.527
G1 X139.960 Y47.815
G1 X140.290 Y47.902
G1 X140.544 Y47.846
G1 X140.748 Y47.677
G1 X140.881 Y47.417
G1 X140.925 Y47.087
G1 X140.840 Y46.572
G1 X140.605 Y46.117
G1 X140.780 Y46.087
G1 X141.095 Y46.207
G1 X141.480 Y46.607
G1 X141.615 Y46.677
G1 X141.717 Y46.617
G1 X141.755 Y46.452
G1 X141.660 Y46.142
G1 X141.197 Y45.707
G1 X140.635 Y45.537
G1 X140.395 Y45.585
G1 X140.205 Y45.727
G1 X139.610 Y45.537
G1 X139.504 Y44.652
G1 X139.315 Y43.925
G1 X139.031 Y43.439
G1 X138.849 Y43.318
G1 X138.405 Y43.326
G1 X138.240 Y43.472
G1 X138.142 Y43.705
G1 X138.166 Y44.543
G1 X138.335 Y45.155
G0 Z5.000 F500.000
G0 X138.555 Y44.097 F3000.000
G1 Z1.000 F500.000
G4 P100
G1 X138.592 Y43.852 F1000.000
G1 X138.680 Y43.767
G1 X138.804 Y43.914
G1 X138.905 Y44.355
G1 X139.020 Y45.817
G1 X138.680 Y44.862
G1 X138.555 Y44.097
G0 Z5.000 F500.000
G0 X139.635 Y46.017 F3000.000
G1 Z1.000 F500.000
G4 P100
G1 X139.967 Y46.215 F1000.000
G1 X140.210 Y46.605
G1 X140.300 Y47.092
G1 X140.240 Y47.320
G1 X140.080 Y47.397
G1 X139.881 Y47.302
G1 X139.645 Y47.017
G1 X139.635 Y46.017
G0 Z5.000 F500.000
G0 X141.275 Y46.587 F3000.000
G1 Z1.000 F500.000
G4 P100
G1 X141.420 Y47.265 F1000.000
G1 X141.593 Y47.530
G1 X142.089 Y47.855
G1 X142.385 Y47.897
G1 X142.728 Y47.832
G1 X142.998 Y47.635
G1 X143.182 Y47.342
G1 X143.270 Y46.987
G1 X143.900 Y47.097
G1 X144.000 Y47.032
G1 X144.035 Y46.867
G1 X143.999 Y46.676
G1 X143.890 Y46.582
G1 X143.230 Y46.462
G1 X143.089 Y46.084
G1 X142.855 Y45.790
G1 X142.556 Y45.600
G1 X142.220 Y45.537
G1 X141.708 Y45.682
G1 X141.385 Y46.067
G1 X141.275 Y46.587
G0 Z5.000 F500.000
G0 X142.007 Y46.212 F3000.000
G1 Z1.000 F500.000
G4 P100
G1 X142.260 Y46.067 F1000.000
G1 X142.538 Y46.197
G1 X142.695 Y46.572
G1 X142.458 Y46.847
G1 X142.390 Y47.367
G1 X142.188 Y47.319
G1 X142.033 Y47.175
G1 X141.933 Y46.943
G1 X141.900 Y46.632
G1 X142.007 Y46.212
G0 Z5.000 F500.000
G0 X143.615 Y46.377 F3000.000
G1 Z1.000 F500.000
G4 P100
G1 X143.800 Y47.612 F1000.000
G1 X143.947 Y47.825
G1 X144.235 Y47.892
G1 X144.375 Y47.867
G1 X144.415 Y47.772
G1 X144.200 Y46.592
G1 X144.404 Y47.192
G1 X144.655 Y47.592
G1 X144.959 Y47.817
G1 X145.320 Y47.892
G1 X145.728 Y47.730
G1 X145.875 Y47.312
G1 X145.782 Y46.957
G1 X145.540 Y46.812
G1 X145.388 Y46.857
G1 X145.330 Y46.982
G1 X145.347 Y47.368
G1 X145.250 Y47.402
G1 X145.055 Y47.300
G1 X144.903 Y47.025
G1 X144.845 Y46.652
G1 X144.970 Y46.220
G1 X145.330 Y46.057
G1 X145.660 Y46.180
G1 X146.195 Y46.677
G1 X146.298 Y46.617
G1 X146.335 Y46.452
G1 X146.240 Y46.142
G1 X145.790 Y45.705
G1 X145.280 Y45.537
G1 X144.853 Y45.640
G1 X144.540 Y45.887
G1 X144.385 Y46.167
G1 X144.183 Y45.612
G1 X143.960 Y45.537
G1 X143.798 Y45.587
G1 X143.692 Y45.737
G1 X143.615 Y46.377
G0 Z5.000 F500.000
G0 X145.966 Y45.978 F3000.000
G1 Z1.000 F500.000
G4 P100
G1 X145.980 Y46.950 F1000.000
G1 X146.145 Y47.612
G1 X146.285 Y47.827
G1 X146.570 Y47.892
G1 X146.722 Y47.857
G1 X146.765 Y47.752
G1 X146.555 Y46.300
G1 X146.635 Y46.257
G1 X146.822 Y46.407
G1 X147.433 Y47.827
G1 X147.680 Y47.892
G1 X147.840 Y47.865
G1 X147.885 Y47.762
G1 X147.620 Y46.287
G1 X147.660 Y46.140
G1 X147.765 Y46.087
G1 X148.002 Y46.210
G1 X148.505 Y46.677
G1 X148.608 Y46.617
G1 X148.645 Y46.452
G1 X148.550 Y46.142
G1 X148.088 Y45.707
G1 X147.823 Y45.580
G1 X147.317 Y45.583
G1 X147.173 Y45.722
G1 X147.060 Y46.242
G1 X146.805 Y45.720
G1 X146.440 Y45.537
G1 X146.236 Y45.589
G1 X145.966 Y45.978
G0 Z5.000 F500.000
G0 X83.820 Y36.770 F3000.000
G1 Z1.000 F500.000
G4 P100
G1 X83.784 Y36.579 F1000.000
G1 X83.675 Y36.485
G1 X83.015 Y36.365
G1 X82.874 Y35.987
G1 X82.640 Y35.693
G1 X82.341 Y35.503
G1 X82.005 Y35.440
G1 X81.493 Y35.585
G1 X81.170 Y35.970
G1 X81.060 Y36.490
G1 X81.205 Y37.168
G1 X81.377 Y37.433
G1 X81.874 Y37.758
G1 X82.170 Y37.800
G1 X82.513 Y37.735
G1 X82.782 Y37.538
G1 X82.967 Y37.245
G1 X83.055 Y36.890
G1 X83.685 Y37.000
G1 X83.785 Y36.935
G1 X83.820 Y36.770
G0 Z5.000 F500.000
G0 X82.480 Y36.475 F3000.000
G1 Z1.000 F500.000
G4 P100
G1 X82.243 Y36.750 F1000.000
G1 X82.175 Y37.270
G1 X81.973 Y37.222
G1 X81.718 Y36.846
G1 X81.685 Y36.535
G1 X81.792 Y36.115
G1 X82.045 Y35.970
G1 X82.322 Y36.100
G1 X82.480 Y36.475
G0 Z5.000 F500.000
G0 X83.400 Y36.280 F3000.000
G1 Z1.000 F500.000
G4 P100
G1 X83.585 Y37.515 F1000.000
G1 X83.732 Y37.728
G1 X84.020 Y37.795
G1 X84.160 Y37.770
G1 X84.200 Y37.675
G1 X83.995 Y36.600
G1 X84.317 Y37.260
G1 X84.702 Y37.663
G1 X85.075 Y37.795
G1 X85.322 Y37.715
G1 X85.395 Y37.470
G1 X85.245 Y36.620
G1 X85.509 Y37.151
G1 X85.800 Y37.515
G1 X86.095 Y37.725
G1 X86.370 Y37.795
G1 X86.614 Y37.714
G1 X86.695 Y37.470
G1 X86.490 Y36.190
G1 X86.526 Y36.040
G1 X86.635 Y35.990
G1 X86.872 Y36.113
G1 X87.375 Y36.580
G1 X87.477 Y36.520
G1 X87.515 Y36.355
G1 X87.420 Y36.045
G1 X86.957 Y35.610
G1 X86.395 Y35.440
G1 X86.171 Y35.477
G1 X85.912 Y35.768
G1 X85.880 Y36.015
G1 X86.015 Y36.950
G1 X85.960 Y37.030
G1 X85.775 Y36.863
G1 X85.535 Y36.420
G1 X85.212 Y35.520
G1 X84.980 Y35.440
G1 X84.732 Y35.598
G1 X84.650 Y35.980
G1 X84.740 Y36.950
G1 X84.685 Y37.030
G1 X84.495 Y36.850
G1 X84.272 Y36.390
G1 X83.972 Y35.523
G1 X83.745 Y35.440
G1 X83.583 Y35.490
G1 X83.477 Y35.640
G1 X83.400 Y36.280
G0 Z5.000 F500.000
G0 X87.120 Y36.280 F3000.000
G1 Z1.000 F500.000
G4 P100
G1 X87.305 Y37.515 F1000.000
G1 X87.450 Y37.728
G1 X87.740 Y37.795
G1 X87.880 Y37.770
G1 X87.920 Y37.675
G1 X87.770 Y36.915
G1 X88.410 Y36.915
G1 X88.677 Y37.730
G1 X89.085 Y37.768
G1 X89.130 Y37.665
G1 X88.865 Y36.190
G1 X88.905 Y36.043
G1 X89.010 Y35.990
G1 X89.247 Y36.113
G1 X89.750 Y36.580
G1 X89.852 Y36.520
G1 X89.890 Y36.355
G1 X89.795 Y36.045
G1 X89.322 Y35.610
G1 X88.770 Y35.440
G1 X88.549 Y35.480
G1 X88.405 Y35.600
G1 X88.300 Y36.080
G1 X88.325 Y36.405
G1 X87.715 Y36.415
G1 X87.690 Y35.680
G1 X87.630 Y35.498
G1 X87.465 Y35.440
G1 X87.303 Y35.490
G1 X87.197 Y35.640
G1 X87.120 Y36.280
G0 Z5.000 F500.000
G0 X89.520 Y35.970 F3000.000
G1 Z1.000 F500.000
G4 P100
G1 X89.410 Y36.490 F1000.000
G1 X89.555 Y37.168
G1 X89.728 Y37.433
G1 X90.224 Y37.758
G1 X90.520 Y37.800
G1 X90.863 Y37.735
G1 X91.133 Y37.538
G1 X91.317 Y37.245
G1 X91.405 Y36.890
G1 X92.035 Y37.000
G1 X92.135 Y36.935
G1 X92.134 Y36.579
G1 X92.025 Y36.485
G1 X91.365 Y36.365
G1 X91.224 Y35.987
G1 X90.990 Y35.693
G1 X90.691 Y35.503
G1 X90.077 Y35.476
G1 X89.843 Y35.585
G1 X89.520 Y35.970
G0 Z5.000 F500.000
G0 X90.143 Y36.115 F3000.000
G1 Z1.000 F500.000
G4 P100
G1 X90.395 Y35.970 F1000.000
G1 X90.673 Y36.100
G1 X90.830 Y36.475
G1 X90.593 Y36.750
G1 X90.525 Y37.270
G1 X90.323 Y37.222
G1 X90.168 Y37.078
G1 X90.068 Y36.846
G1 X90.035 Y36.535
G1 X90.143 Y36.115
G0 Z5.000 F500.000
G0 X91.660 Y36.450 F3000.000
G1 Z1.000 F500.000
G4 P100
G1 X91.700 Y36.830 F1000.000
G1 X92.004 Y37.430
G1 X92.235 Y37.630
G1 X92.770 Y37.795
G1 X93.197 Y37.633
G1 X93.350 Y37.215
G1 X93.257 Y36.860
G1 X93.015 Y36.715
G1 X92.863 Y36.760
G1 X92.805 Y36.885
G1 X92.823 Y37.270
G1 X92.730 Y37.305
G1 X92.515 Y37.203
G1 X92.355 Y36.925
G1 X92.295 Y36.540
G1 X92.421 Y36.105
G1 X92.800 Y35.960
G1 X93.243 Y36.098
G1 X93.845 Y36.580
G1 X93.947 Y36.520
G1 X93.985 Y36.355
G1 X93.890 Y36.045
G1 X93.632 Y35.788
G1 X93.328 Y35.598
G1 X92.695 Y35.440
G1 X92.259 Y35.510
G1 X91.933 Y35.718
G1 X91.728 Y36.040
G1 X91.660 Y36.450
G0 Z5.000 F500.000
G0 X93.580 Y36.165 F3000.000
G1 Z1.000 F500.000
G4 P100
G1 X93.630 Y36.853 F1000.000
G1 X93.795 Y37.515
G1 X93.935 Y37.730
G1 X94.220 Y37.795
G1 X94.373 Y37.760
G1 X94.415 Y37.655
G1 X94.205 Y36.203
G1 X94.285 Y36.160
G1 X94.472 Y36.310
G1 X95.083 Y37.730
G1 X95.330 Y37.795
G1 X95.490 Y37.768
G1 X95.535 Y37.665
G1 X95.270 Y36.190
G1 X95.310 Y36.043
G1 X95.415 Y35.990
G1 X95.653 Y36.113
G1 X96.155 Y36.580
G1 X96.257 Y36.520
G1 X96.295 Y36.355
G1 X96.200 Y36.045
G1 X95.738 Y35.610
G1 X95.175 Y35.440
G1 X94.967 Y35.486
G1 X94.823 Y35.625
G1 X94.710 Y36.145
G1 X94.455 Y35.623
G1 X94.090 Y35.440
G1 X93.886 Y35.492
G1 X93.616 Y35.881
G1 X93.580 Y36.165
G0 Z5.000 F500.000
G0 X95.900 Y36.280 F3000.000
G1 Z1.000 F500.000
G4 P100
G1 X96.085 Y37.515 F1000.000
G1 X96.232 Y37.728
G1 X96.520 Y37.795
G1 X96.660 Y37.770
G1 X96.700 Y37.675
G1 X96.495 Y36.600
G1 X96.817 Y37.260
G1 X97.202 Y37.663
G1 X97.575 Y37.795
G1 X97.822 Y37.715
G1 X97.895 Y37.470
G1 X97.745 Y36.620
G1 X98.009 Y37.151
G1 X98.300 Y37.515
G1 X98.595 Y37.725
G1 X98.870 Y37.795
G1 X99.114 Y37.714
G1 X99.195 Y37.470
G1 X98.990 Y36.190
G1 X99.026 Y36.040
G1 X99.135 Y35.990
G1 X99.372 Y36.113
G1 X99.875 Y36.580
G1 X99.977 Y36.520
G1 X100.015 Y36.355
G1 X99.920 Y36.045
G1 X99.457 Y35.610
G1 X98.895 Y35.440
G1 X98.671 Y35.477
G1 X98.412 Y35.768
G1 X98.380 Y36.015
G1 X98.515 Y36.950
G1 X98.460 Y37.030
G1 X98.275 Y36.863
G1 X98.035 Y36.420
G1 X97.712 Y35.520
G1 X97.480 Y35.440
G1 X97.232 Y35.598
G1 X97.150 Y35.980
G1 X97.240 Y36.950
G1 X97.185 Y37.030
G1 X96.995 Y36.850
G1 X96.772 Y36.390
G1 X96.472 Y35.523
G1 X96.245 Y35.440
G1 X96.083 Y35.490
G1 X95.977 Y35.640
G1 X95.900 Y36.280
G0 Z5.000 F500.000
G0 X99.607 Y36.063 F3000.000
G1 Z1.000 F500.000
G4 P100
G1 X99.535 Y36.505 F1000.000
G1 X99.680 Y37.148
G1 X100.082 Y37.620
G1 X100.665 Y37.795
G1 X100.926 Y37.752
G1 X101.130 Y37.623
G1 X101.261 Y37.420
G1 X101.305 Y37.155
G1 X101.243 Y36.835
G1 X101.057 Y36.563
G1 X100.724 Y36.341
G1 X100.220 Y36.170
G1 X100.401 Y35.998
G1 X100.695 Y35.940
G1 X101.207 Y36.098
G1 X101.840 Y36.580
G1 X101.942 Y36.520
G1 X101.980 Y36.355
G1 X101.885 Y36.045
G1 X101.362 Y35.630
G1 X100.640 Y35.440
G1 X100.174 Y35.511
G1 X99.825 Y35.725
G1 X99.607 Y36.063
G0 Z5.000 F500.000
G0 X100.140 Y36.570 F3000.000
G1 Z1.000 F500.000
G4 P100
G1 X100.605 Y36.770 F1000.000
G1 X100.732 Y36.921
G1 X100.722 Y37.248
G1 X100.580 Y37.305
G1 X100.409 Y37.251
G1 X100.267 Y37.090
G1 X100.140 Y36.570
G0 Z5.000 F500.000
G0 X101.455 Y36.500 F3000.000
G1 Z1.000 F500.000
G4 P100
G1 X101.594 Y36.616 F1000.000
G1 X101.922 Y36.615
G1 X101.942 Y36.040
G1 X102.010 Y35.995
G1 X102.122 Y36.070
G1 X102.960 Y37.708
G1 X103.260 Y37.785
G1 X103.540 Y37.710
G1 X103.630 Y37.465
G1 X103.654 Y36.096
G1 X103.815 Y35.965
G1 X103.992 Y36.050
G1 X104.525 Y36.580
G1 X104.627 Y36.520
G1 X104.665 Y36.355
G1 X104.570 Y36.045
G1 X103.982 Y35.528
G1 X103.580 Y35.440
G1 X103.328 Y35.498
G1 X103.160 Y35.673
G1 X103.066 Y35.965
G1 X103.055 Y36.830
G1 X102.824 Y36.241
G1 X102.552 Y35.805
G1 X102.239 Y35.535
G1 X101.885 Y35.445
G1 X101.657 Y35.491
G1 X101.376 Y35.839
G1 X101.340 Y36.095
G1 X101.455 Y36.500
G0 Z5.000 F500.000
G0 X104.340 Y36.370 F3000.000
G1 Z1.000 F500.000
G4 P100
G1 X104.525 Y37.515 F1000.000
G1 X104.672 Y37.728
G1 X104.970 Y37.795
G1 X105.139 Y37.765
G1 X105.195 Y37.675
G1 X105.015 Y36.865
G1 X105.337 Y37.088
G1 X105.720 Y37.175
G1 X105.993 Y37.125
G1 X106.202 Y36.975
G1 X106.336 Y36.748
G1 X106.380 Y36.465
G1 X106.265 Y35.995
G1 X106.650 Y36.110
G1 X107.170 Y36.580
G1 X107.272 Y36.520
G1 X107.310 Y36.355
G1 X107.215 Y36.045
G1 X106.742 Y35.610
G1 X106.483 Y35.483
G1 X106.190 Y35.440
G1 X105.830 Y35.560
G1 X105.310 Y35.440
G1 X104.904 Y35.505
G1 X104.597 Y35.698
G1 X104.404 Y35.995
G1 X104.340 Y36.370
G0 Z5.000 F500.000
G0 X104.970 Y36.340 F3000.000
G1 Z1.000 F500.000
G4 P100
G1 X105.075 Y36.065 F1000.000
G1 X105.335 Y35.970
G1 X105.645 Y36.080
G1 X105.755 Y36.385
G1 X105.684 Y36.584
G1 X105.470 Y36.650
G1 X105.177 Y36.555
G1 X104.970 Y36.340
G0 Z5.000 F500.000
G0 X106.915 Y36.280 F3000.000
G1 Z1.000 F500.000
G4 P100
G1 X107.100 Y37.515 F1000.000
G1 X107.245 Y37.728
G1 X107.535 Y37.795
G1 X107.675 Y37.770
G1 X107.715 Y37.675
G1 X107.565 Y36.915
G1 X108.205 Y36.915
G1 X108.472 Y37.730
G1 X108.880 Y37.768
G1 X108.925 Y37.665
G1 X108.660 Y36.190
G1 X108.700 Y36.043
G1 X108.805 Y35.990
G1 X109.042 Y36.113
G1 X109.545 Y36.580
G1 X109.647 Y36.520
G1 X109.685 Y36.355
G1 X109.590 Y36.045
G1 X109.117 Y35.610
G1 X108.565 Y35.440
G1 X108.344 Y35.480
G1 X108.200 Y35.600
G1 X108.095 Y36.080
G1 X108.120 Y36.405
G1 X107.510 Y36.415
G1 X107.485 Y35.680
G1 X107.425 Y35.498
G1 X107.260 Y35.440
G1 X107.098 Y35.490
G1 X106.992 Y35.640
G1 X106.915 Y36.280
G0 Z5.000 F500.000
G0 X109.315 Y35.970 F3000.000
G1 Z1.000 F500.000
G4 P100
G1 X109.205 Y36.490 F1000.000
G1 X109.350 Y37.168
G1 X109.522 Y37.433
G1 X110.019 Y37.758
G1 X110.315 Y37.800
G1 X110.658 Y37.735
G1 X110.927 Y37.538
G1 X111.112 Y37.245
G1 X111.200 Y36.890
G1 X111.830 Y37.000
G1 X111.930 Y36.935
G1 X111.929 Y36.579
G1 X111.820 Y36.485
G1 X111.160 Y36.365
G1 X111.019 Y35.987
G1 X110.785 Y35.693
G1 X110.486 Y35.503
G1 X109.872 Y35.476
G1 X109.637 Y35.585
G1 X109.315 Y35.970
G0 Z5.000 F500.000
G0 X109.938 Y36.115 F3000.000
G1 Z1.000 F500.000
G4 P100
G1 X110.190 Y35.970 F1000.000
G1 X110.468 Y36.100
G1 X110.625 Y36.475
G1 X110.387 Y36.750
G1 X110.320 Y37.270
G1 X110.118 Y37.222
G1 X109.963 Y37.078
G1 X109.863 Y36.846
G1 X109.830 Y36.535
G1 X109.938 Y36.115
G0 Z5.000 F500.000
G0 X112.870 Y36.280 F3000.000
G1 Z1.000 F500.000
G4 P100
G1 X113.055 Y37.515 F1000.000
G1 X113.203 Y37.728
G1 X113.490 Y37.795
G1 X113.630 Y37.770
G1 X113.670 Y37.675
G1 X113.465 Y36.595
G1 X113.835 Y37.295
G1 X114.238 Y37.680
G1 X114.600 Y37.795
G1 X114.844 Y37.714
G1 X114.925 Y37.470
G1 X114.720 Y36.190
G1 X114.756 Y36.040
G1 X114.865 Y35.990
G1 X115.103 Y36.113
G1 X115.605 Y36.580
G1 X115.708 Y36.520
G1 X115.745 Y36.355
G1 X115.650 Y36.045
G1 X115.188 Y35.610
G1 X114.625 Y35.440
G1 X114.401 Y35.477
G1 X114.143 Y35.768
G1 X114.110 Y36.015
G1 X114.245 Y36.950
G1 X114.190 Y37.030
G1 X114.007 Y36.863
G1 X113.768 Y36.420
G1 X113.442 Y35.523
G1 X113.215 Y35.440
G1 X113.053 Y35.490
G1 X112.948 Y35.640
G1 X112.870 Y36.280
G0 Z5.000 F500.000
G0 X115.375 Y35.970 F3000.000
G1 Z1.000 F500.000
G4 P100
G1 X115.265 Y36.490 F1000.000
G1 X115.410 Y37.168
G1 X115.582 Y37.433
G1 X116.079 Y37.758
G1 X116.375 Y37.800
G1 X116.718 Y37.735
G1 X116.987 Y37.538
G1 X117.172 Y37.245
G1 X117.260 Y36.890
G1 X117.890 Y37.000
G1 X117.990 Y36.935
G1 X117.989 Y36.579
G1 X117.880 Y36.485
G1 X117.220 Y36.365
G1 X117.079 Y35.987
G1 X116.845 Y35.693
G1 X116.546 Y35.503
G1 X115.932 Y35.476
G1 X115.697 Y35.585
G1 X115.375 Y35.970
G0 Z5.000 F500.000
G0 X115.998 Y36.115 F3000.000
G1 Z1.000 F500.000
G4 P100
G1 X116.250 Y35.970 F1000.000
G1 X116.528 Y36.100
G1 X116.685 Y36.475
G1 X116.447 Y36.750
G1 X116.380 Y37.270
G1 X116.178 Y37.222
G1 X116.023 Y37.078
G1 X115.923 Y36.846
G1 X115.890 Y36.535
G1 X115.998 Y36.115
G0 Z5.000 F500.000
G0 X117.360 Y36.095 F3000.000
G1 Z1.000 F500.000
G4 P100
G1 X117.475 Y36.500 F1000.000
G1 X117.800 Y36.655
G1 X117.942 Y36.615
G1 X117.980 Y36.505
G1 X117.962 Y36.040
G1 X118.030 Y35.995
G1 X118.142 Y36.070
G1 X118.980 Y37.708
G1 X119.280 Y37.785
G1 X119.560 Y37.710
G1 X119.650 Y37.465
G1 X119.674 Y36.096
G1 X119.835 Y35.965
G1 X120.012 Y36.050
G1 X120.545 Y36.580
G1 X120.647 Y36.520
G1 X120.685 Y36.355
G1 X120.590 Y36.045
G1 X120.302 Y35.733
G1 X120.002 Y35.528
G1 X119.600 Y35.440
G1 X119.347 Y35.498
G1 X119.180 Y35.673
G1 X119.086 Y35.965
G1 X119.075 Y36.830
G1 X118.844 Y36.241
G1 X118.572 Y35.805
G1 X118.259 Y35.535
G1 X117.905 Y35.445
G1 X117.677 Y35.491
G1 X117.505 Y35.630
G1 X117.360 Y36.095
G0 Z5.000 F500.000
G0 X120.265 Y36.505 F3000.000
G1 Z1.000 F500.000
G4 P100
G1 X120.410 Y37.148 F1000.000
G1 X120.583 Y37.415
G1 X121.087 Y37.751
G1 X121.395 Y37.795
G1 X121.656 Y37.752
G1 X121.860 Y37.623
G1 X121.991 Y37.420
G1 X122.035 Y37.155
G1 X121.973 Y36.835
G1 X121.787 Y36.563
G1 X121.454 Y36.341
G1 X120.950 Y36.170
G1 X121.131 Y35.998
G1 X121.425 Y35.940
G1 X121.938 Y36.098
G1 X122.570 Y36.580
G1 X122.672 Y36.520
G1 X122.710 Y36.355
G1 X122.615 Y36.045
G1 X122.093 Y35.630
G1 X121.370 Y35.440
G1 X120.904 Y35.511
G1 X120.555 Y35.725
G1 X120.338 Y36.063
G1 X120.265 Y36.505
G0 Z5.000 F500.000
G0 X120.870 Y36.570 F3000.000
G1 Z1.000 F500.000
G4 P100
G1 X121.335 Y36.770 F1000.000
G1 X121.462 Y36.921
G1 X121.452 Y37.248
G1 X121.310 Y37.305
G1 X121.139 Y37.251
G1 X120.998 Y37.090
G1 X120.870 Y36.570
G0 Z5.000 F500.000
G0 X122.355 Y36.853 F3000.000
G1 Z1.000 F500.000
G4 P100
G1 X122.520 Y37.515 F1000.000
G1 X122.660 Y37.730
G1 X123.097 Y37.760
G1 X123.140 Y37.655
G1 X122.905 Y36.350
G1 X123.010 Y36.160
G1 X123.197 Y36.310
G1 X123.438 Y36.765
G1 X123.808 Y37.730
G1 X124.215 Y37.768
G1 X124.260 Y37.665
G1 X123.995 Y36.190
G1 X124.035 Y36.043
G1 X124.140 Y35.990
G1 X124.377 Y36.113
G1 X124.880 Y36.580
G1 X124.982 Y36.520
G1 X125.020 Y36.355
G1 X124.925 Y36.045
G1 X124.463 Y35.610
G1 X124.198 Y35.483
G1 X123.692 Y35.486
G1 X123.547 Y35.625
G1 X123.435 Y36.145
G1 X123.180 Y35.623
G1 X122.815 Y35.440
G1 X122.611 Y35.492
G1 X122.341 Y35.881
G1 X122.355 Y36.853
G0 Z5.000 F500.000
G0 X122.950 Y38.220 F3000.000
G1 Z1.000 F500.000
G4 P100
G1 X122.680 Y38.470 F1000.000
G1 X122.585 Y38.800
G1 X122.665 Y39.003
G1 X122.870 Y39.080
G1 X123.060 Y39.020
G1 X123.249 Y38.658
G1 X123.430 Y38.605
G1 X123.835 Y38.738
G1 X124.170 Y39.203
G1 X124.428 Y39.188
G1 X124.470 Y38.985
G1 X124.285 Y38.585
G1 X123.915 Y38.258
G1 X123.355 Y38.125
G1 X122.950 Y38.220
G0 Z5.000 F500.000
G0 X126.020 Y37.160 F3000.000
G1 Z1.000 F500.000
G4 P100
G1 X126.435 Y37.630 F1000.000
G1 X126.696 Y37.754
G1 X127.214 Y37.755
G1 X127.512 Y37.447
G1 X127.550 Y37.215
G1 X127.458 Y36.860
G1 X127.215 Y36.715
G1 X127.062 Y36.760
G1 X127.023 Y37.270
G1 X126.930 Y37.305
G1 X126.715 Y37.203
G1 X126.555 Y36.925
G1 X126.527 Y36.286
G1 X126.621 Y36.105
G1 X127.000 Y35.960
G1 X127.442 Y36.098
G1 X128.045 Y36.580
G1 X128.148 Y36.520
G1 X128.185 Y36.355
G1 X128.090 Y36.045
G1 X127.528 Y35.598
G1 X126.895 Y35.440
G1 X126.459 Y35.510
G1 X126.132 Y35.718
G1 X125.928 Y36.040
G1 X125.860 Y36.450
G1 X126.020 Y37.160
G0 Z5.000 F500.000
G0 X127.836 Y36.914 F3000.000
G1 Z1.000 F500.000
G4 P100
G1 X127.975 Y37.515 F1000.000
G1 X128.123 Y37.728
G1 X128.410 Y37.795
G1 X128.550 Y37.770
G1 X128.590 Y37.675
G1 X128.385 Y36.600
G1 X128.708 Y37.260
G1 X129.093 Y37.663
G1 X129.465 Y37.795
G1 X129.713 Y37.715
G1 X129.785 Y37.470
G1 X129.635 Y36.620
G1 X129.899 Y37.151
G1 X130.190 Y37.515
G1 X130.485 Y37.725
G1 X130.760 Y37.795
G1 X131.004 Y37.714
G1 X131.085 Y37.470
G1 X130.880 Y36.190
G1 X130.916 Y36.040
G1 X131.025 Y35.990
G1 X131.262 Y36.113
G1 X131.765 Y36.580
G1 X131.868 Y36.520
G1 X131.905 Y36.355
G1 X131.810 Y36.045
G1 X131.347 Y35.610
G1 X131.083 Y35.483
G1 X130.561 Y35.477
G1 X130.303 Y35.768
G1 X130.270 Y36.015
G1 X130.405 Y36.950
G1 X130.350 Y37.030
G1 X130.165 Y36.863
G1 X129.925 Y36.420
G1 X129.603 Y35.520
G1 X129.370 Y35.440
G1 X129.123 Y35.598
G1 X129.040 Y35.980
G1 X129.130 Y36.950
G1 X129.075 Y37.030
G1 X128.885 Y36.850
G1 X128.663 Y36.390
G1 X128.363 Y35.523
G1 X128.135 Y35.440
G1 X127.973 Y35.490
G1 X127.868 Y35.640
G1 X127.790 Y36.280
G1 X127.836 Y36.914
G0 Z5.000 F500.000
G0 X130.890 Y35.058 F3000.000
G1 Z1.000 F500.000
G4 P100
G1 X131.585 Y36.495 F1000.000
G1 X131.575 Y37.510
G1 X131.690 Y37.740
G1 X131.990 Y37.825
G1 X132.143 Y37.783
G1 X132.200 Y37.430
G1 X132.515 Y37.718
G1 X132.845 Y37.805
G1 X133.099 Y37.749
G1 X133.303 Y37.580
G1 X133.436 Y37.320
G1 X133.480 Y36.990
G1 X133.395 Y36.475
G1 X133.160 Y36.020
G1 X133.335 Y35.990
G1 X133.650 Y36.110
G1 X134.035 Y36.510
G1 X134.170 Y36.580
G1 X134.273 Y36.520
G1 X134.310 Y36.355
G1 X134.215 Y36.045
G1 X133.752 Y35.610
G1 X133.190 Y35.440
G1 X132.950 Y35.488
G1 X132.760 Y35.630
G1 X132.165 Y35.440
G1 X132.059 Y34.555
G1 X131.870 Y33.828
G1 X131.586 Y33.342
G1 X131.404 Y33.221
G1 X130.960 Y33.229
G1 X130.795 Y33.375
G1 X130.698 Y33.608
G1 X130.721 Y34.446
G1 X130.890 Y35.058
G0 Z5.000 F500.000
G0 X131.110 Y34.000 F3000.000
G1 Z1.000 F500.000
G4 P100
G1 X131.148 Y33.755 F1000.000
G1 X131.235 Y33.670
G1 X131.359 Y33.817
G1 X131.460 Y34.258
G1 X131.575 Y35.720
G1 X131.235 Y34.765
G1 X131.110 Y34.000
G0 Z5.000 F500.000
G0 X132.190 Y35.920 F3000.000
G1 Z1.000 F500.000
G4 P100
G1 X132.523 Y36.118 F1000.000
G1 X132.765 Y36.508
G1 X132.855 Y36.995
G1 X132.795 Y37.223
G1 X132.635 Y37.300
G1 X132.436 Y37.205
G1 X132.200 Y36.920
G1 X132.190 Y35.920
G0 Z5.000 F500.000
G0 X133.840 Y36.255 F3000.000
G1 Z1.000 F500.000
G4 P100
G1 X133.886 Y36.645 F1000.000
G1 X134.241 Y37.335
G1 X134.834 Y37.751
G1 X135.170 Y37.805
G1 X135.317 Y37.763
G1 X135.380 Y37.610
G1 X135.784 Y37.586
G1 X135.845 Y37.455
G1 X135.655 Y36.155
G1 X135.692 Y36.035
G1 X135.790 Y35.990
G1 X136.020 Y36.113
G1 X136.520 Y36.580
G1 X136.623 Y36.520
G1 X136.660 Y36.355
G1 X136.565 Y36.045
G1 X136.130 Y35.615
G1 X135.685 Y35.440
G1 X135.382 Y35.553
G1 X135.175 Y35.860
G1 X134.881 Y35.545
G1 X134.520 Y35.440
G1 X134.241 Y35.496
G1 X134.025 Y35.665
G1 X133.886 Y35.925
G1 X133.840 Y36.255
G0 Z5.000 F500.000
G0 X134.528 Y36.020 F3000.000
G1 Z1.000 F500.000
G4 P100
G1 X134.700 Y35.945 F1000.000
G1 X134.910 Y36.075
G1 X135.055 Y36.420
G1 X135.240 Y37.340
G1 X134.853 Y37.183
G1 X134.570 Y36.780
G1 X134.465 Y36.250
G1 X134.528 Y36.020
G0 Z5.000 F500.000
G0 X136.265 Y36.280 F3000.000
G1 Z1.000 F500.000
G4 P100
G1 X136.450 Y37.515 F1000.000
G1 X136.595 Y37.728
G1 X136.885 Y37.795
G1 X137.025 Y37.770
G1 X137.065 Y37.675
G1 X136.915 Y36.915
G1 X137.555 Y36.915
G1 X137.822 Y37.730
G1 X138.230 Y37.768
G1 X138.275 Y37.665
G1 X138.010 Y36.190
G1 X138.050 Y36.043
G1 X138.155 Y35.990
G1 X138.392 Y36.113
G1 X138.895 Y36.580
G1 X138.998 Y36.520
G1 X139.035 Y36.355
G1 X138.940 Y36.045
G1 X138.468 Y35.610
G1 X137.915 Y35.440
G1 X137.694 Y35.480
G1 X137.550 Y35.600
G1 X137.445 Y36.080
G1 X137.470 Y36.405
G1 X136.860 Y36.415
G1 X136.835 Y35.680
G1 X136.775 Y35.498
G1 X136.610 Y35.440
G1 X136.448 Y35.490
G1 X136.343 Y35.640
G1 X136.265 Y36.280
G0 Z5.000 F500.000
G0 X138.666 Y35.881 F3000.000
G1 Z1.000 F500.000
G4 P100
G1 X138.680 Y36.853 F1000.000
G1 X138.845 Y37.515
G1 X138.985 Y37.730
G1 X139.270 Y37.795
G1 X139.422 Y37.760
G1 X139.465 Y37.655
G1 X139.255 Y36.203
G1 X139.335 Y36.160
G1 X139.522 Y36.310
G1 X140.132 Y37.730
G1 X140.380 Y37.795
G1 X140.540 Y37.768
G1 X140.585 Y37.665
G1 X140.320 Y36.190
G1 X140.360 Y36.043
G1 X140.465 Y35.990
G1 X140.702 Y36.113
G1 X141.205 Y36.580
G1 X141.308 Y36.520
G1 X141.345 Y36.355
G1 X141.250 Y36.045
G1 X140.787 Y35.610
G1 X140.523 Y35.483
G1 X140.017 Y35.486
G1 X139.873 Y35.625
G1 X139.760 Y36.145
G1 X139.505 Y35.623
G1 X139.140 Y35.440
G1 X138.936 Y35.492
G1 X138.666 Y35.881
G0 Z5.000 F500.000
G0 X140.976 Y35.878 F3000.000
G1 Z1.000 F500.000
G4 P100
G1 X140.990 Y36.848 F1000.000
G1 X141.155 Y37.515
G1 X141.297 Y37.733
G1 X141.580 Y37.795
G1 X141.730 Y37.763
G1 X141.775 Y37.655
G1 X141.565 Y36.205
G1 X141.645 Y36.160
G1 X141.794 Y36.255
G1 X141.970 Y36.540
G1 X142.445 Y37.733
G1 X142.690 Y37.795
G1 X142.850 Y37.768
G1 X142.895 Y37.665
G1 X142.670 Y36.560
G1 X142.650 Y36.113
G1 X142.873 Y36.050
G1 X142.885 Y35.910
G1 X143.580 Y36.345
G1 X143.683 Y36.285
G1 X143.720 Y36.125
G1 X143.575 Y35.845
G1 X142.855 Y35.395
G1 X142.575 Y34.478
G1 X142.360 Y34.185
G1 X142.097 Y34.005
G1 X141.800 Y33.945
G1 X141.452 Y34.085
G1 X141.315 Y34.435
G1 X141.402 Y34.778
G1 X141.722 Y35.140
G1 X142.380 Y35.595
G1 X142.152 Y35.773
G1 X142.070 Y36.145
G1 X141.822 Y35.630
G1 X141.646 Y35.488
G1 X141.249 Y35.491
G1 X140.976 Y35.878
G0 Z5.000 F500.000
G0 X141.930 Y34.809 F3000.000
G1 Z1.000 F500.000
G4 P100
G1 X141.800 Y34.525 F1000.000
G1 X141.905 Y34.415
G1 X142.155 Y34.605
G1 X142.320 Y35.110
G1 X141.930 Y34.809
G0 Z5.000 F500.000
G0 X143.529 Y35.998 F3000.000
G1 Z1.000 F500.000
G4 P100
G1 X143.465 Y36.370 F1000.000
G1 X143.510 Y36.940
G1 X143.650 Y37.515
G1 X143.797 Y37.728
G1 X144.095 Y37.795
G1 X144.264 Y37.765
G1 X144.320 Y37.675
G1 X144.140 Y36.865
G1 X144.462 Y37.088
G1 X144.845 Y37.175
G1 X145.225 Y37.038
G1 X145.395 Y36.650
G1 X146.047 Y37.735
G1 X146.285 Y37.795
G1 X146.476 Y37.753
G1 X146.540 Y37.625
G1 X146.325 Y36.300
G1 X146.365 Y36.070
G1 X146.500 Y35.990
G1 X146.725 Y36.115
G1 X147.220 Y36.580
G1 X147.322 Y36.520
G1 X147.360 Y36.355
G1 X147.265 Y36.045
G1 X146.786 Y35.591
G1 X146.340 Y35.440
G1 X146.059 Y35.498
G1 X145.867 Y35.670
G1 X145.757 Y35.938
G1 X145.720 Y36.355
G1 X145.112 Y35.690
G1 X144.772 Y35.503
G1 X144.415 Y35.440
G1 X144.024 Y35.505
G1 X143.722 Y35.700
G1 X143.529 Y35.998
G0 Z5.000 F500.000
G0 X144.200 Y36.060 F3000.000
G1 Z1.000 F500.000
G4 P100
G1 X144.460 Y35.970 F1000.000
G1 X144.770 Y36.080
G1 X144.880 Y36.385
G1 X144.809 Y36.584
G1 X144.595 Y36.650
G1 X144.297 Y36.555
G1 X144.095 Y36.335
G1 X144.200 Y36.060
G0 Z5.000 F500.000
G0 X146.855 Y35.875 F3000.000
G1 Z1.000 F500.000
G4 P100
G1 X146.983 Y36.235 F1000.000
G1 X147.340 Y36.370
G1 X147.673 Y36.263
G1 X147.785 Y35.945
G1 X147.655 Y35.578
G1 X147.300 Y35.440
G1 X146.968 Y35.560
G1 X146.855 Y35.875
G0 Z5.000 F500.000
G0 X84.631 Y16.163 F3000.000
G1 Z1.000 F500.000
G4 P100
G1 X84.538 Y15.951 F1000.000
G1 X84.446 Y15.214
G1 X84.840 Y15.189
G1 X84.446 Y15.214
G1 X84.387 Y15.153
G1 X84.364 Y14.689
G1 X84.387 Y15.153
G1 X83.344 Y15.245
G1 X83.332 Y15.428
G1 X83.500 Y15.853
G1 X83.849 Y16.542
G1 X83.989 Y16.663
G0 Z5.000 F500.000
M400
M84
; End
