; Generated by plotter-processor
; Page 12/20
; Motion profile: safe
; Draw feed: 1000.000 mm/min
; Travel feed: 3000.000 mm/min
; Z feed: 500.000 mm/min
; Pen Z: down=1.000 up=5.000
; Down settle: 100 ms
; Estimated ideal time: 773.975385 s
G21
G90
G0 Z5.000 F500.000
G0 X29.899 Y203.548 F3000.000
G1 Z1.000 F500.000
G4 P100
G1 X29.804 Y203.238 F1000.000
G1 X29.319 Y202.790
G1 X29.051 Y202.672
G1 X28.438 Y202.676
G1 X28.186 Y202.808
G1 X27.964 Y203.045
G1 X27.306 Y204.143
G1 X27.079 Y204.228
G1 X26.914 Y203.263
G1 X26.714 Y202.795
G1 X26.525 Y202.673
G1 X26.259 Y202.633
G1 X25.943 Y202.682
G1 X25.666 Y202.830
G1 X25.269 Y203.380
G1 X25.129 Y204.183
G1 X25.202 Y204.965
G1 X25.421 Y205.633
G1 X25.772 Y206.171
G1 X26.241 Y206.565
G1 X26.809 Y206.807
G1 X27.459 Y206.888
G1 X28.264 Y206.743
G1 X28.746 Y206.343
G1 X28.904 Y205.768
G1 X28.771 Y205.220
G1 X28.374 Y204.748
G1 X27.729 Y204.443
G1 X28.099 Y204.233
G1 X28.636 Y203.368
G1 X28.954 Y203.228
G1 X29.259 Y203.335
G1 X29.759 Y203.773
G1 X29.861 Y203.713
G1 X29.899 Y203.548
G0 Z5.000 F500.000
G0 X28.021 Y205.203 F3000.000
G1 Z1.000 F500.000
G4 P100
G1 X28.154 Y205.668 F1000.000
G1 X28.100 Y205.949
G1 X27.939 Y206.163
G1 X27.674 Y206.298
G1 X27.309 Y206.343
G1 X26.849 Y206.282
G1 X26.451 Y206.100
G1 X26.124 Y205.799
G1 X25.879 Y205.380
G1 X25.725 Y204.851
G1 X25.674 Y204.218
G1 X25.739 Y203.668
G1 X25.899 Y203.323
G1 X26.079 Y203.208
G1 X26.186 Y203.273
G1 X26.389 Y204.233
G1 X26.156 Y204.313
G1 X26.094 Y204.493
G1 X26.171 Y204.683
G1 X26.474 Y204.753
G1 X26.624 Y205.598
G1 X26.761 Y205.841
G1 X27.044 Y205.923
G1 X27.257 Y205.859
G1 X27.324 Y205.583
G1 X27.174 Y204.753
G1 X27.666 Y204.883
G1 X28.021 Y205.203
G0 Z5.000 F500.000
G0 X29.564 Y204.360 F3000.000
G1 Z1.000 F500.000
G4 P100
G1 X29.736 Y204.625 F1000.000
G1 X30.232 Y204.951
G1 X30.529 Y204.993
G1 X30.872 Y204.927
G1 X31.141 Y204.730
G1 X31.326 Y204.437
G1 X31.414 Y204.083
G1 X32.044 Y204.193
G1 X32.144 Y204.128
G1 X32.142 Y203.771
G1 X32.034 Y203.678
G1 X31.374 Y203.558
G1 X31.232 Y203.180
G1 X30.999 Y202.885
G1 X30.700 Y202.696
G1 X30.086 Y202.669
G1 X29.851 Y202.778
G1 X29.529 Y203.163
G1 X29.419 Y203.683
G1 X29.564 Y204.360
G0 Z5.000 F500.000
G0 X30.044 Y203.728 F3000.000
G1 Z1.000 F500.000
G4 P100
G1 X30.151 Y203.308 F1000.000
G1 X30.404 Y203.163
G1 X30.681 Y203.293
G1 X30.839 Y203.668
G1 X30.601 Y203.943
G1 X30.534 Y204.463
G1 X30.332 Y204.415
G1 X30.176 Y204.270
G1 X30.044 Y203.728
G0 Z5.000 F500.000
G0 X31.759 Y204.523 F3000.000
G1 Z1.000 F500.000
G4 P100
G1 X31.849 Y204.928 F1000.000
G1 X32.104 Y204.993
G1 X32.296 Y204.935
G1 X32.429 Y203.248
G1 X33.054 Y204.738
G1 X33.186 Y204.940
G1 X33.374 Y204.993
G1 X33.561 Y204.938
G1 X33.614 Y204.743
G1 X33.684 Y203.248
G1 X34.134 Y203.958
G1 X34.059 Y204.303
G1 X34.134 Y204.633
G1 X34.339 Y204.893
G1 X34.634 Y204.993
G1 X34.869 Y204.890
G1 X34.959 Y204.593
G1 X34.839 Y204.078
G1 X35.529 Y204.183
G1 X35.644 Y204.133
G1 X35.684 Y203.998
G1 X35.624 Y203.755
G1 X35.444 Y203.628
G1 X34.954 Y203.553
G1 X34.539 Y203.613
G1 X33.876 Y202.738
G1 X33.554 Y202.633
G1 X33.251 Y202.788
G1 X33.099 Y203.663
G1 X32.821 Y203.023
G1 X32.576 Y202.718
G1 X32.289 Y202.633
G1 X31.966 Y202.793
G1 X31.819 Y203.298
G1 X31.759 Y204.523
G0 Z5.000 F500.000
G0 X55.115 Y204.183 F3000.000
G1 Z1.000 F500.000
G4 P100
G1 X55.189 Y204.965 F1000.000
G1 X55.408 Y205.633
G1 X55.759 Y206.171
G1 X56.228 Y206.565
G1 X56.796 Y206.807
G1 X57.445 Y206.888
G1 X57.887 Y206.851
G1 X58.534 Y206.570
G1 X58.733 Y206.343
G1 X58.890 Y205.768
G1 X58.758 Y205.220
G1 X58.360 Y204.748
G1 X57.715 Y204.443
G1 X58.085 Y204.233
G1 X58.623 Y203.368
G1 X58.940 Y203.228
G1 X59.245 Y203.335
G1 X59.745 Y203.773
G1 X59.848 Y203.713
G1 X59.885 Y203.548
G1 X59.790 Y203.238
G1 X59.305 Y202.790
G1 X59.038 Y202.672
G1 X58.425 Y202.676
G1 X58.173 Y202.808
G1 X57.951 Y203.045
G1 X57.293 Y204.143
G1 X57.065 Y204.228
G1 X56.900 Y203.263
G1 X56.700 Y202.795
G1 X56.512 Y202.673
G1 X56.245 Y202.633
G1 X55.930 Y202.682
G1 X55.425 Y203.066
G1 X55.255 Y203.380
G1 X55.115 Y204.183
G0 Z5.000 F500.000
G0 X55.725 Y203.668 F3000.000
G1 Z1.000 F500.000
G4 P100
G1 X55.885 Y203.323 F1000.000
G1 X56.065 Y203.208
G1 X56.173 Y203.273
G1 X56.375 Y204.233
G1 X56.143 Y204.313
G1 X56.080 Y204.493
G1 X56.158 Y204.683
G1 X56.460 Y204.753
G1 X56.610 Y205.598
G1 X56.748 Y205.841
G1 X57.030 Y205.923
G1 X57.244 Y205.859
G1 X57.310 Y205.583
G1 X57.160 Y204.753
G1 X57.653 Y204.883
G1 X58.008 Y205.203
G1 X58.140 Y205.668
G1 X58.087 Y205.949
G1 X57.925 Y206.163
G1 X57.660 Y206.298
G1 X57.295 Y206.343
G1 X56.836 Y206.282
G1 X56.438 Y206.100
G1 X56.111 Y205.799
G1 X55.865 Y205.380
G1 X55.712 Y204.851
G1 X55.660 Y204.218
G1 X55.725 Y203.668
G0 Z5.000 F500.000
G0 X59.530 Y204.045 F3000.000
G1 Z1.000 F500.000
G4 P100
G1 X59.695 Y204.708 F1000.000
G1 X59.835 Y204.923
G1 X60.273 Y204.953
G1 X60.315 Y204.848
G1 X60.080 Y203.543
G1 X60.185 Y203.353
G1 X60.373 Y203.503
G1 X60.613 Y203.958
G1 X60.983 Y204.923
G1 X61.390 Y204.960
G1 X61.435 Y204.858
G1 X61.170 Y203.383
G1 X61.210 Y203.235
G1 X61.315 Y203.183
G1 X61.553 Y203.305
G1 X62.055 Y203.773
G1 X62.158 Y203.713
G1 X62.195 Y203.548
G1 X62.100 Y203.238
G1 X61.638 Y202.803
G1 X61.374 Y202.675
G1 X60.867 Y202.679
G1 X60.723 Y202.818
G1 X60.610 Y203.338
G1 X60.355 Y202.815
G1 X59.990 Y202.633
G1 X59.786 Y202.685
G1 X59.516 Y203.073
G1 X59.530 Y204.045
G0 Z5.000 F500.000
G0 X61.495 Y203.108 F3000.000
G1 Z1.000 F500.000
G4 P100
G1 X62.045 Y203.933 F1000.000
G1 X62.470 Y204.823
G1 X62.617 Y204.988
G1 X62.865 Y205.043
G1 X63.060 Y205.018
G1 X63.115 Y204.938
G1 X62.950 Y204.408
G1 X63.408 Y203.660
G1 X63.480 Y203.198
G1 X64.190 Y203.773
G1 X64.293 Y203.713
G1 X64.330 Y203.548
G1 X64.235 Y203.238
G1 X63.758 Y202.815
G1 X62.720 Y202.523
G1 X62.323 Y202.643
G1 X62.185 Y202.913
G1 X62.280 Y203.138
G1 X62.560 Y203.233
G1 X62.845 Y203.203
G1 X62.788 Y203.448
G1 X62.505 Y203.858
G1 X61.865 Y202.998
G1 X61.675 Y202.908
G1 X61.545 Y202.965
G1 X61.495 Y203.108
G0 Z5.000 F500.000
G0 X63.630 Y203.108 F3000.000
G1 Z1.000 F500.000
G4 P100
G1 X64.180 Y203.933 F1000.000
G1 X64.605 Y204.823
G1 X64.752 Y204.988
G1 X65.000 Y205.043
G1 X65.195 Y205.018
G1 X65.250 Y204.938
G1 X65.085 Y204.408
G1 X65.543 Y203.660
G1 X65.615 Y203.198
G1 X66.325 Y203.773
G1 X66.428 Y203.713
G1 X66.465 Y203.548
G1 X66.370 Y203.238
G1 X65.893 Y202.815
G1 X64.855 Y202.523
G1 X64.458 Y202.643
G1 X64.320 Y202.913
G1 X64.415 Y203.138
G1 X64.695 Y203.233
G1 X64.980 Y203.203
G1 X64.923 Y203.448
G1 X64.640 Y203.858
G1 X64.000 Y202.998
G1 X63.810 Y202.908
G1 X63.680 Y202.965
G1 X63.630 Y203.108
G0 Z5.000 F500.000
G0 X66.092 Y203.130 F3000.000
G1 Z1.000 F500.000
G4 P100
G1 X66.113 Y204.050 F1000.000
G1 X66.260 Y204.708
G1 X66.380 Y204.928
G1 X66.620 Y204.988
G1 X66.812 Y204.945
G1 X66.875 Y204.818
G1 X66.660 Y203.493
G1 X66.700 Y203.263
G1 X66.835 Y203.183
G1 X67.060 Y203.308
G1 X67.555 Y203.773
G1 X67.658 Y203.713
G1 X67.695 Y203.548
G1 X67.600 Y203.238
G1 X67.122 Y202.784
G1 X66.675 Y202.633
G1 X66.395 Y202.690
G1 X66.203 Y202.863
G1 X66.092 Y203.130
G0 Z5.000 F500.000
G0 X66.715 Y205.318 F3000.000
G1 Z1.000 F500.000
G4 P100
G1 X66.400 Y205.415 F1000.000
G1 X66.295 Y205.688
G1 X66.433 Y205.980
G1 X66.775 Y206.098
G1 X67.075 Y206.008
G1 X67.190 Y205.753
G1 X67.060 Y205.435
G1 X66.715 Y205.318
G0 Z5.000 F500.000
G0 X67.903 Y204.780 F3000.000
G1 Z1.000 F500.000
G4 P100
G1 X68.220 Y204.943 F1000.000
G1 X68.555 Y204.998
G1 X68.703 Y204.955
G1 X68.765 Y204.803
G1 X69.169 Y204.779
G1 X69.230 Y204.648
G1 X69.040 Y203.348
G1 X69.078 Y203.228
G1 X69.175 Y203.183
G1 X69.405 Y203.305
G1 X69.905 Y203.773
G1 X70.008 Y203.713
G1 X70.045 Y203.548
G1 X69.950 Y203.238
G1 X69.515 Y202.808
G1 X69.070 Y202.633
G1 X68.768 Y202.745
G1 X68.560 Y203.053
G1 X68.267 Y202.738
G1 X67.905 Y202.633
G1 X67.627 Y202.689
G1 X67.410 Y202.858
G1 X67.272 Y203.118
G1 X67.272 Y203.837
G1 X67.626 Y204.528
G1 X67.903 Y204.780
G0 Z5.000 F500.000
G0 X68.238 Y204.375 F3000.000
G1 Z1.000 F500.000
G4 P100
G1 X67.955 Y203.973 F1000.000
G1 X67.850 Y203.443
G1 X67.913 Y203.213
G1 X68.085 Y203.138
G1 X68.295 Y203.268
G1 X68.440 Y203.613
G1 X68.625 Y204.533
G1 X68.238 Y204.375
G0 Z5.000 F500.000
G0 X69.697 Y204.106 F3000.000
G1 Z1.000 F500.000
G4 P100
G1 X69.835 Y204.708 F1000.000
G1 X69.983 Y204.920
G1 X70.270 Y204.988
G1 X70.410 Y204.963
G1 X70.450 Y204.868
G1 X70.245 Y203.788
G1 X70.615 Y204.488
G1 X71.018 Y204.873
G1 X71.380 Y204.988
G1 X71.624 Y204.906
G1 X71.705 Y204.663
G1 X71.500 Y203.383
G1 X71.537 Y203.233
G1 X71.645 Y203.183
G1 X71.883 Y203.305
G1 X72.385 Y203.773
G1 X72.488 Y203.713
G1 X72.525 Y203.548
G1 X72.430 Y203.238
G1 X71.968 Y202.803
G1 X71.704 Y202.675
G1 X71.182 Y202.670
G1 X70.923 Y202.961
G1 X70.890 Y203.208
G1 X71.025 Y204.143
G1 X70.970 Y204.223
G1 X70.788 Y204.055
G1 X70.548 Y203.613
G1 X70.223 Y202.715
G1 X69.995 Y202.633
G1 X69.834 Y202.683
G1 X69.728 Y202.833
G1 X69.650 Y203.473
G1 X69.697 Y204.106
G0 Z5.000 F500.000
G0 X57.583 Y193.616 F3000.000
G1 Z1.000 F500.000
G4 P100
G1 X57.620 Y193.451 F1000.000
G1 X57.525 Y193.141
G1 X57.048 Y192.718
G1 X56.485 Y192.596
G1 X56.267 Y192.468
G1 X56.010 Y192.426
G1 X55.613 Y192.546
G1 X55.475 Y192.816
G1 X55.570 Y193.041
G1 X55.850 Y193.136
G1 X56.135 Y193.106
G1 X56.078 Y193.351
G1 X55.795 Y193.761
G1 X55.155 Y192.901
G1 X54.965 Y192.811
G1 X54.835 Y192.868
G1 X54.785 Y193.011
G1 X55.335 Y193.836
G1 X55.760 Y194.726
G1 X55.907 Y194.891
G1 X56.155 Y194.946
G1 X56.350 Y194.921
G1 X56.405 Y194.841
G1 X56.240 Y194.311
G1 X56.698 Y193.563
G1 X56.770 Y193.101
G1 X57.345 Y193.606
G1 X57.480 Y193.676
G1 X57.583 Y193.616
G0 Z5.000 F500.000
G0 X57.197 Y193.740 F3000.000
G1 Z1.000 F500.000
G4 P100
G1 X57.551 Y194.431 F1000.000
G1 X57.828 Y194.683
G1 X58.145 Y194.846
G1 X58.480 Y194.901
G1 X58.628 Y194.858
G1 X58.690 Y194.706
G1 X59.094 Y194.682
G1 X59.155 Y194.551
G1 X58.965 Y193.251
G1 X59.003 Y193.131
G1 X59.100 Y193.086
G1 X59.330 Y193.208
G1 X59.830 Y193.676
G1 X59.933 Y193.616
G1 X59.970 Y193.451
G1 X59.875 Y193.141
G1 X59.440 Y192.711
G1 X58.995 Y192.536
G1 X58.693 Y192.648
G1 X58.485 Y192.956
G1 X58.192 Y192.641
G1 X57.830 Y192.536
G1 X57.552 Y192.592
G1 X57.335 Y192.761
G1 X57.197 Y193.021
G1 X57.197 Y193.740
G0 Z5.000 F500.000
G0 X57.775 Y193.346 F3000.000
G1 Z1.000 F500.000
G4 P100
G1 X57.838 Y193.116 F1000.000
G1 X58.010 Y193.041
G1 X58.220 Y193.171
G1 X58.365 Y193.516
G1 X58.550 Y194.436
G1 X58.163 Y194.278
G1 X57.880 Y193.876
G1 X57.775 Y193.346
G0 Z5.000 F500.000
G0 X59.622 Y194.009 F3000.000
G1 Z1.000 F500.000
G4 P100
G1 X59.760 Y194.611 F1000.000
G1 X59.908 Y194.823
G1 X60.195 Y194.891
G1 X60.335 Y194.866
G1 X60.375 Y194.771
G1 X60.170 Y193.696
G1 X60.493 Y194.356
G1 X60.878 Y194.758
G1 X61.250 Y194.891
G1 X61.498 Y194.811
G1 X61.570 Y194.566
G1 X61.420 Y193.716
G1 X61.684 Y194.247
G1 X61.975 Y194.611
G1 X62.270 Y194.821
G1 X62.545 Y194.891
G1 X62.789 Y194.809
G1 X62.870 Y194.566
G1 X62.665 Y193.286
G1 X62.702 Y193.136
G1 X62.810 Y193.086
G1 X63.048 Y193.208
G1 X63.550 Y193.676
G1 X63.653 Y193.616
G1 X63.690 Y193.451
G1 X63.595 Y193.141
G1 X63.133 Y192.706
G1 X62.869 Y192.578
G1 X62.347 Y192.573
G1 X62.088 Y192.864
G1 X62.055 Y193.111
G1 X62.190 Y194.046
G1 X62.135 Y194.126
G1 X61.950 Y193.958
G1 X61.710 Y193.516
G1 X61.388 Y192.616
G1 X61.155 Y192.536
G1 X60.908 Y192.693
G1 X60.825 Y193.076
G1 X60.915 Y194.046
G1 X60.860 Y194.126
G1 X60.670 Y193.946
G1 X60.448 Y193.486
G1 X60.148 Y192.618
G1 X59.920 Y192.536
G1 X59.759 Y192.586
G1 X59.653 Y192.736
G1 X59.575 Y193.376
G1 X59.622 Y194.009
G0 Z5.000 F500.000
G0 X62.675 Y192.153 F3000.000
G1 Z1.000 F500.000
G4 P100
G1 X63.370 Y193.591 F1000.000
G1 X63.360 Y194.606
G1 X63.475 Y194.836
G1 X63.775 Y194.921
G1 X63.928 Y194.878
G1 X63.985 Y194.526
G1 X64.300 Y194.813
G1 X64.630 Y194.901
G1 X64.885 Y194.844
G1 X65.088 Y194.676
G1 X65.221 Y194.416
G1 X65.265 Y194.086
G1 X65.180 Y193.571
G1 X64.945 Y193.116
G1 X65.120 Y193.086
G1 X65.435 Y193.206
G1 X65.820 Y193.606
G1 X65.955 Y193.676
G1 X66.058 Y193.616
G1 X66.095 Y193.451
G1 X66.000 Y193.141
G1 X65.538 Y192.706
G1 X64.975 Y192.536
G1 X64.735 Y192.583
G1 X64.545 Y192.726
G1 X63.950 Y192.536
G1 X63.844 Y191.650
G1 X63.655 Y190.923
G1 X63.372 Y190.438
G1 X63.190 Y190.316
G1 X62.745 Y190.324
G1 X62.580 Y190.471
G1 X62.483 Y190.703
G1 X62.507 Y191.541
G1 X62.675 Y192.153
G0 Z5.000 F500.000
G0 X62.895 Y191.096 F3000.000
G1 Z1.000 F500.000
G4 P100
G1 X62.933 Y190.851 F1000.000
G1 X63.020 Y190.766
G1 X63.144 Y190.913
G1 X63.245 Y191.353
G1 X63.360 Y192.816
G1 X63.020 Y191.861
G1 X62.895 Y191.096
G0 Z5.000 F500.000
G0 X63.975 Y193.016 F3000.000
G1 Z1.000 F500.000
G4 P100
G1 X64.308 Y193.213 F1000.000
G1 X64.550 Y193.603
G1 X64.640 Y194.091
G1 X64.580 Y194.318
G1 X64.420 Y194.396
G1 X64.222 Y194.301
G1 X63.985 Y194.016
G1 X63.975 Y193.016
G0 Z5.000 F500.000
G0 X65.779 Y193.394 F3000.000
G1 Z1.000 F500.000
G4 P100
G1 X65.725 Y193.971 F1000.000
G1 X65.883 Y195.361
G1 X66.078 Y196.086
G1 X66.348 Y196.701
G1 X66.685 Y197.121
G1 X67.080 Y197.261
G1 X67.295 Y197.205
G1 X67.458 Y197.038
G1 X67.561 Y196.768
G1 X67.595 Y196.401
G1 X67.513 Y195.758
G1 X67.265 Y195.021
G1 X66.877 Y194.239
G1 X66.370 Y193.466
G1 X66.485 Y193.173
G1 X66.695 Y193.086
G1 X67.055 Y193.203
G1 X67.585 Y193.676
G1 X67.688 Y193.616
G1 X67.725 Y193.451
G1 X67.630 Y193.141
G1 X67.163 Y192.706
G1 X66.590 Y192.536
G1 X66.207 Y192.636
G1 X65.938 Y192.936
G1 X65.779 Y193.394
G0 Z5.000 F500.000
G0 X66.335 Y194.141 F3000.000
G1 Z1.000 F500.000
G4 P100
G1 X66.900 Y195.313 F1000.000
G1 X67.058 Y195.875
G1 X67.110 Y196.386
G1 X67.075 Y196.671
G1 X66.970 Y196.766
G1 X66.710 Y196.351
G1 X66.455 Y195.321
G1 X66.335 Y194.141
G0 Z5.000 F500.000
G0 X67.564 Y194.510 F3000.000
G1 Z1.000 F500.000
G4 P100
G1 X68.067 Y194.847 F1000.000
G1 X68.637 Y194.848
G1 X68.840 Y194.718
G1 X68.972 Y194.515
G1 X69.015 Y194.251
G1 X68.954 Y193.930
G1 X68.768 Y193.658
G1 X68.435 Y193.436
G1 X67.930 Y193.266
G1 X68.112 Y193.093
G1 X68.405 Y193.036
G1 X68.918 Y193.193
G1 X69.550 Y193.676
G1 X69.653 Y193.616
G1 X69.690 Y193.451
G1 X69.595 Y193.141
G1 X69.073 Y192.726
G1 X68.724 Y192.583
G1 X68.350 Y192.536
G1 X67.884 Y192.607
G1 X67.535 Y192.821
G1 X67.318 Y193.158
G1 X67.245 Y193.601
G1 X67.390 Y194.243
G1 X67.564 Y194.510
G0 Z5.000 F500.000
G0 X67.978 Y194.186 F3000.000
G1 Z1.000 F500.000
G4 P100
G1 X67.850 Y193.666 F1000.000
G1 X68.315 Y193.866
G1 X68.485 Y194.191
G1 X68.433 Y194.343
G1 X68.290 Y194.401
G1 X68.120 Y194.347
G1 X67.978 Y194.186
G0 Z5.000 F500.000
G0 X84.664 Y202.906 F3000.000
G1 Z1.000 F500.000
G4 P100
G1 X84.681 Y203.312 F1000.000
G1 X84.857 Y203.495
G1 X85.131 Y203.617
G1 X85.547 Y203.658
G1 X85.637 Y205.113
G1 X85.817 Y205.938
G1 X86.232 Y206.493
G1 X86.757 Y206.795
G1 X87.382 Y206.898
G1 X87.860 Y206.828
G1 X88.212 Y206.618
G1 X88.430 Y206.295
G1 X88.502 Y205.888
G1 X88.392 Y205.395
G1 X88.261 Y205.255
G1 X88.087 Y205.208
G1 X87.867 Y205.275
G1 X87.787 Y205.468
G1 X87.837 Y205.883
G1 X87.715 Y206.215
G1 X87.342 Y206.338
G1 X86.952 Y206.266
G1 X86.662 Y206.050
G1 X86.466 Y205.681
G1 X86.357 Y205.148
G1 X86.177 Y203.598
G1 X87.672 Y203.293
G1 X88.170 Y203.390
G1 X88.697 Y203.773
G1 X88.800 Y203.713
G1 X88.837 Y203.548
G1 X88.742 Y203.238
G1 X88.200 Y202.768
G1 X87.567 Y202.633
G1 X87.087 Y202.698
G1 X86.002 Y203.098
G1 X85.684 Y202.749
G1 X85.237 Y202.633
G1 X84.790 Y202.760
G1 X84.664 Y202.906
G0 Z5.000 F500.000
G0 X88.414 Y203.118 F3000.000
G1 Z1.000 F500.000
G4 P100
G1 X88.414 Y203.837 F1000.000
G1 X88.768 Y204.528
G1 X89.362 Y204.943
G1 X89.697 Y204.998
G1 X89.845 Y204.955
G1 X89.907 Y204.803
G1 X90.311 Y204.779
G1 X90.372 Y204.648
G1 X90.182 Y203.348
G1 X90.220 Y203.228
G1 X90.317 Y203.183
G1 X90.547 Y203.305
G1 X91.047 Y203.773
G1 X91.150 Y203.713
G1 X91.187 Y203.548
G1 X91.092 Y203.238
G1 X90.657 Y202.808
G1 X90.212 Y202.633
G1 X89.910 Y202.745
G1 X89.702 Y203.053
G1 X89.409 Y202.738
G1 X89.047 Y202.633
G1 X88.769 Y202.689
G1 X88.552 Y202.858
G1 X88.414 Y203.118
G0 Z5.000 F500.000
G0 X89.055 Y203.213 F3000.000
G1 Z1.000 F500.000
G4 P100
G1 X89.227 Y203.138 F1000.000
G1 X89.437 Y203.268
G1 X89.582 Y203.613
G1 X89.767 Y204.533
G1 X89.380 Y204.375
G1 X89.097 Y203.973
G1 X88.992 Y203.443
G1 X89.055 Y203.213
G0 Z5.000 F500.000
G0 X90.600 Y204.568 F3000.000
G1 Z1.000 F500.000
G4 P100
G1 X90.547 Y204.743 F1000.000
G1 X90.604 Y204.953
G1 X91.057 Y205.023
G1 X91.317 Y206.028
G1 X91.740 Y206.753
G1 X91.997 Y206.955
G1 X92.272 Y207.023
G1 X92.460 Y206.976
G1 X92.602 Y206.838
G1 X92.722 Y206.373
G1 X92.682 Y205.998
G1 X92.560 Y205.648
G1 X92.072 Y205.023
G1 X92.747 Y204.988
G1 X92.747 Y204.707
G1 X92.641 Y204.599
G1 X92.217 Y204.513
G1 X91.607 Y204.513
G1 X91.628 Y203.680
G1 X91.720 Y203.393
G1 X91.878 Y203.235
G1 X92.107 Y203.183
G1 X92.487 Y203.313
G1 X93.012 Y203.773
G1 X93.115 Y203.713
G1 X93.152 Y203.548
G1 X93.057 Y203.238
G1 X92.587 Y202.803
G1 X92.314 Y202.675
G1 X92.002 Y202.633
G1 X91.556 Y202.722
G1 X91.237 Y202.991
G1 X91.046 Y203.440
G1 X90.997 Y204.513
G1 X90.600 Y204.568
G0 Z5.000 F500.000
G0 X91.657 Y205.098 F3000.000
G1 Z1.000 F500.000
G4 P100
G1 X92.100 Y205.670 F1000.000
G1 X92.247 Y206.248
G1 X92.220 Y206.469
G1 X92.137 Y206.543
G1 X91.970 Y206.355
G1 X91.795 Y205.835
G1 X91.657 Y205.098
G0 Z5.000 F500.000
G0 X92.982 Y205.688 F3000.000
G1 Z1.000 F500.000
G4 P100
G1 X93.120 Y205.980 F1000.000
G1 X93.462 Y206.098
G1 X93.762 Y206.008
G1 X93.877 Y205.753
G1 X93.747 Y205.435
G1 X93.402 Y205.318
G1 X93.087 Y205.415
G1 X92.982 Y205.688
G0 Z5.000 F500.000
G0 X93.307 Y204.988 F3000.000
G1 Z1.000 F500.000
G4 P100
G1 X93.499 Y204.945 F1000.000
G1 X93.562 Y204.818
G1 X93.347 Y203.493
G1 X93.387 Y203.263
G1 X93.522 Y203.183
G1 X93.747 Y203.308
G1 X94.242 Y203.773
G1 X94.345 Y203.713
G1 X94.382 Y203.548
G1 X94.287 Y203.238
G1 X93.809 Y202.784
G1 X93.362 Y202.633
G1 X93.082 Y202.690
G1 X92.890 Y202.863
G1 X92.742 Y203.473
G1 X92.947 Y204.708
G1 X93.067 Y204.928
G1 X93.307 Y204.988
G0 Z5.000 F500.000
G0 X94.172 Y204.708 F3000.000
G1 Z1.000 F500.000
G4 P100
G1 X94.320 Y204.920 F1000.000
G1 X94.747 Y204.963
G1 X94.787 Y204.868
G1 X94.582 Y203.788
G1 X94.952 Y204.488
G1 X95.355 Y204.873
G1 X95.717 Y204.988
G1 X95.961 Y204.906
G1 X96.042 Y204.663
G1 X95.837 Y203.383
G1 X95.874 Y203.233
G1 X95.982 Y203.183
G1 X96.220 Y203.305
G1 X96.722 Y203.773
G1 X96.825 Y203.713
G1 X96.862 Y203.548
G1 X96.767 Y203.238
G1 X96.305 Y202.803
G1 X96.040 Y202.675
G1 X95.519 Y202.670
G1 X95.260 Y202.961
G1 X95.227 Y203.208
G1 X95.362 Y204.143
G1 X95.307 Y204.223
G1 X95.125 Y204.055
G1 X94.885 Y203.613
G1 X94.560 Y202.715
G1 X94.332 Y202.633
G1 X94.170 Y202.683
G1 X94.065 Y202.833
G1 X93.987 Y203.473
G1 X94.172 Y204.708
G0 Z5.000 F500.000
G0 X97.487 Y203.108 F3000.000
G1 Z1.000 F500.000
G4 P100
G1 X98.037 Y203.933 F1000.000
G1 X98.462 Y204.823
G1 X98.609 Y204.988
G1 X98.857 Y205.043
G1 X99.052 Y205.018
G1 X99.107 Y204.938
G1 X98.942 Y204.408
G1 X99.400 Y203.660
G1 X99.472 Y203.198
G1 X100.182 Y203.773
G1 X100.285 Y203.713
G1 X100.322 Y203.548
G1 X100.227 Y203.238
G1 X99.750 Y202.815
G1 X98.712 Y202.523
G1 X98.315 Y202.643
G1 X98.177 Y202.913
G1 X98.272 Y203.138
G1 X98.552 Y203.233
G1 X98.837 Y203.203
G1 X98.780 Y203.448
G1 X98.497 Y203.858
G1 X97.857 Y202.998
G1 X97.667 Y202.908
G1 X97.537 Y202.965
G1 X97.487 Y203.108
G0 Z5.000 F500.000
G0 X99.852 Y203.448 F3000.000
G1 Z1.000 F500.000
G4 P100
G1 X99.899 Y203.837 F1000.000
G1 X100.253 Y204.528
G1 X100.847 Y204.943
G1 X101.182 Y204.998
G1 X101.330 Y204.955
G1 X101.392 Y204.803
G1 X101.796 Y204.779
G1 X101.857 Y204.648
G1 X101.667 Y203.348
G1 X101.705 Y203.228
G1 X101.802 Y203.183
G1 X102.032 Y203.305
G1 X102.532 Y203.773
G1 X102.635 Y203.713
G1 X102.672 Y203.548
G1 X102.577 Y203.238
G1 X102.142 Y202.808
G1 X101.697 Y202.633
G1 X101.395 Y202.745
G1 X101.187 Y203.053
G1 X100.894 Y202.738
G1 X100.532 Y202.633
G1 X100.254 Y202.689
G1 X100.037 Y202.858
G1 X99.899 Y203.118
G1 X99.852 Y203.448
G0 Z5.000 F500.000
G0 X100.540 Y203.213 F3000.000
G1 Z1.000 F500.000
G4 P100
G1 X100.712 Y203.138 F1000.000
G1 X100.922 Y203.268
G1 X101.067 Y203.613
G1 X101.252 Y204.533
G1 X100.865 Y204.375
G1 X100.582 Y203.973
G1 X100.477 Y203.443
G1 X100.540 Y203.213
G0 Z5.000 F500.000
G0 X102.277 Y203.473 F3000.000
G1 Z1.000 F500.000
G4 P100
G1 X102.462 Y204.708 F1000.000
G1 X102.610 Y204.920
G1 X102.897 Y204.988
G1 X103.037 Y204.963
G1 X103.077 Y204.868
G1 X102.872 Y203.793
G1 X103.195 Y204.453
G1 X103.580 Y204.855
G1 X103.952 Y204.988
G1 X104.200 Y204.908
G1 X104.272 Y204.663
G1 X104.122 Y203.813
G1 X104.386 Y204.344
G1 X104.677 Y204.708
G1 X104.972 Y204.918
G1 X105.247 Y204.988
G1 X105.491 Y204.906
G1 X105.572 Y204.663
G1 X105.367 Y203.383
G1 X105.404 Y203.233
G1 X105.512 Y203.183
G1 X105.750 Y203.305
G1 X106.252 Y203.773
G1 X106.355 Y203.713
G1 X106.392 Y203.548
G1 X106.297 Y203.238
G1 X105.835 Y202.803
G1 X105.272 Y202.633
G1 X105.049 Y202.670
G1 X104.790 Y202.961
G1 X104.757 Y203.208
G1 X104.892 Y204.143
G1 X104.837 Y204.223
G1 X104.652 Y204.055
G1 X104.412 Y203.613
G1 X104.090 Y202.713
G1 X103.857 Y202.633
G1 X103.610 Y202.790
G1 X103.527 Y203.173
G1 X103.617 Y204.143
G1 X103.562 Y204.223
G1 X103.372 Y204.043
G1 X103.150 Y203.583
G1 X102.850 Y202.715
G1 X102.622 Y202.633
G1 X102.460 Y202.683
G1 X102.355 Y202.833
G1 X102.277 Y203.473
G0 Z5.000 F500.000
G0 X105.377 Y202.250 F3000.000
G1 Z1.000 F500.000
G4 P100
G1 X106.072 Y203.688 F1000.000
G1 X106.062 Y204.703
G1 X106.177 Y204.933
G1 X106.477 Y205.018
G1 X106.630 Y204.975
G1 X106.687 Y204.623
G1 X107.002 Y204.910
G1 X107.332 Y204.998
G1 X107.587 Y204.941
G1 X107.790 Y204.773
G1 X107.923 Y204.513
G1 X107.967 Y204.183
G1 X107.882 Y203.668
G1 X107.647 Y203.213
G1 X107.822 Y203.183
G1 X108.137 Y203.303
G1 X108.522 Y203.703
G1 X108.657 Y203.773
G1 X108.760 Y203.713
G1 X108.797 Y203.548
G1 X108.702 Y203.238
G1 X108.240 Y202.803
G1 X107.677 Y202.633
G1 X107.437 Y202.680
G1 X107.247 Y202.823
G1 X106.652 Y202.633
G1 X106.546 Y201.747
G1 X106.357 Y201.020
G1 X106.074 Y200.535
G1 X105.891 Y200.413
G1 X105.447 Y200.421
G1 X105.282 Y200.568
G1 X105.185 Y200.800
G1 X105.209 Y201.638
G1 X105.377 Y202.250
G0 Z5.000 F500.000
G0 X105.597 Y201.193 F3000.000
G1 Z1.000 F500.000
G4 P100
G1 X105.635 Y200.948 F1000.000
G1 X105.722 Y200.863
G1 X105.846 Y201.010
G1 X105.947 Y201.450
G1 X106.062 Y202.913
G1 X105.722 Y201.958
G1 X105.597 Y201.193
G0 Z5.000 F500.000
G0 X106.677 Y203.113 F3000.000
G1 Z1.000 F500.000
G4 P100
G1 X107.010 Y203.310 F1000.000
G1 X107.252 Y203.700
G1 X107.342 Y204.188
G1 X107.282 Y204.415
G1 X107.122 Y204.493
G1 X106.924 Y204.398
G1 X106.687 Y204.113
G1 X106.677 Y203.113
G0 Z5.000 F500.000
G0 X108.480 Y203.491 F3000.000
G1 Z1.000 F500.000
G4 P100
G1 X108.427 Y204.068 F1000.000
G1 X108.585 Y205.458
G1 X108.780 Y206.183
G1 X109.050 Y206.798
G1 X109.387 Y207.218
G1 X109.782 Y207.358
G1 X109.997 Y207.302
G1 X110.160 Y207.135
G1 X110.263 Y206.865
G1 X110.297 Y206.498
G1 X110.215 Y205.855
G1 X109.967 Y205.118
G1 X109.579 Y204.336
G1 X109.072 Y203.563
G1 X109.187 Y203.270
G1 X109.397 Y203.183
G1 X109.757 Y203.300
G1 X110.287 Y203.773
G1 X110.390 Y203.713
G1 X110.427 Y203.548
G1 X110.332 Y203.238
G1 X109.865 Y202.803
G1 X109.292 Y202.633
G1 X108.909 Y202.733
G1 X108.640 Y203.033
G1 X108.480 Y203.491
G0 Z5.000 F500.000
G0 X109.037 Y204.238 F3000.000
G1 Z1.000 F500.000
G4 P100
G1 X109.602 Y205.410 F1000.000
G1 X109.760 Y205.972
G1 X109.812 Y206.483
G1 X109.777 Y206.768
G1 X109.672 Y206.863
G1 X109.412 Y206.448
G1 X109.157 Y205.418
G1 X109.037 Y204.238
G0 Z5.000 F500.000
G0 X110.265 Y204.607 F3000.000
G1 Z1.000 F500.000
G4 P100
G1 X110.769 Y204.944 F1000.000
G1 X111.339 Y204.945
G1 X111.542 Y204.815
G1 X111.674 Y204.612
G1 X111.717 Y204.348
G1 X111.655 Y204.027
G1 X111.470 Y203.755
G1 X111.137 Y203.533
G1 X110.632 Y203.363
G1 X110.814 Y203.190
G1 X111.107 Y203.133
G1 X111.620 Y203.290
G1 X112.252 Y203.773
G1 X112.355 Y203.713
G1 X112.392 Y203.548
G1 X112.297 Y203.238
G1 X111.775 Y202.823
G1 X111.425 Y202.680
G1 X111.052 Y202.633
G1 X110.586 Y202.704
G1 X110.237 Y202.918
G1 X110.020 Y203.255
G1 X109.947 Y203.698
G1 X110.092 Y204.340
G1 X110.265 Y204.607
G0 Z5.000 F500.000
G0 X110.680 Y204.283 F3000.000
G1 Z1.000 F500.000
G4 P100
G1 X110.552 Y203.763 F1000.000
G1 X111.017 Y203.963
G1 X111.187 Y204.288
G1 X111.135 Y204.440
G1 X110.992 Y204.498
G1 X110.822 Y204.444
G1 X110.680 Y204.283
G0 Z5.000 F500.000
G0 X114.809 Y205.848 F3000.000
G1 Z1.000 F500.000
G4 P100
G1 X114.949 Y206.198 F1000.000
G1 X115.484 Y206.715
G1 X115.779 Y206.852
G1 X116.317 Y206.854
G1 X116.497 Y206.723
G1 X116.607 Y206.508
G1 X116.644 Y206.213
G1 X116.544 Y205.438
G1 X116.847 Y206.130
G1 X117.184 Y206.575
G1 X117.557 Y206.817
G1 X117.964 Y206.898
G1 X118.255 Y206.840
G1 X118.477 Y206.668
G1 X118.617 Y206.390
G1 X118.619 Y205.608
G1 X118.890 Y206.200
G1 X119.204 Y206.598
G1 X119.564 Y206.823
G1 X119.974 Y206.898
G1 X120.283 Y206.841
G1 X120.512 Y206.673
G1 X120.652 Y206.403
G1 X120.699 Y206.043
G1 X120.329 Y204.078
G1 X120.279 Y203.648
G1 X120.377 Y203.333
G1 X120.649 Y203.228
G1 X120.972 Y203.338
G1 X121.479 Y203.773
G1 X121.582 Y203.713
G1 X121.619 Y203.548
G1 X121.524 Y203.238
G1 X121.009 Y202.778
G1 X120.474 Y202.633
G1 X120.095 Y202.696
G1 X119.809 Y202.885
G1 X119.629 Y203.181
G1 X119.569 Y203.563
G1 X119.979 Y205.913
G1 X119.912 Y206.175
G1 X119.719 Y206.263
G1 X119.478 Y206.187
G1 X119.227 Y205.960
G1 X118.975 Y205.558
G1 X118.737 Y204.958
G1 X118.237 Y202.735
G1 X117.954 Y202.633
G1 X117.707 Y202.713
G1 X117.629 Y203.013
G1 X117.684 Y203.550
G1 X118.054 Y205.893
G1 X117.982 Y206.173
G1 X117.764 Y206.263
G1 X117.515 Y206.193
G1 X117.259 Y205.985
G1 X117.002 Y205.600
G1 X116.525 Y204.168
G1 X116.237 Y202.733
G1 X115.974 Y202.633
G1 X115.709 Y202.715
G1 X115.629 Y203.028
G1 X115.974 Y205.453
G1 X115.978 Y206.221
G1 X115.854 Y206.278
G1 X115.542 Y206.145
G1 X114.984 Y205.628
G1 X114.862 Y205.695
G1 X114.809 Y205.848
G0 Z5.000 F500.000
G0 X121.284 Y204.340 F3000.000
G1 Z1.000 F500.000
G4 P100
G1 X121.687 Y204.813 F1000.000
G1 X121.961 Y204.944
G1 X122.530 Y204.945
G1 X122.734 Y204.815
G1 X122.865 Y204.612
G1 X122.909 Y204.348
G1 X122.847 Y204.027
G1 X122.662 Y203.755
G1 X122.328 Y203.533
G1 X121.824 Y203.363
G1 X122.005 Y203.190
G1 X122.299 Y203.133
G1 X122.812 Y203.290
G1 X123.444 Y203.773
G1 X123.547 Y203.713
G1 X123.584 Y203.548
G1 X123.489 Y203.238
G1 X122.967 Y202.823
G1 X122.617 Y202.680
G1 X122.244 Y202.633
G1 X121.778 Y202.704
G1 X121.429 Y202.918
G1 X121.212 Y203.255
G1 X121.139 Y203.698
G1 X121.284 Y204.340
G0 Z5.000 F500.000
G0 X121.744 Y203.763 F3000.000
G1 Z1.000 F500.000
G4 P100
G1 X122.209 Y203.963 F1000.000
G1 X122.337 Y204.114
G1 X122.327 Y204.440
G1 X122.184 Y204.498
G1 X122.013 Y204.444
G1 X121.872 Y204.283
G1 X121.744 Y203.763
G0 Z5.000 F500.000
G0 X122.997 Y204.568 F3000.000
G1 Z1.000 F500.000
G4 P100
G1 X122.944 Y204.743 F1000.000
G1 X123.000 Y204.953
G1 X123.454 Y205.023
G1 X123.714 Y206.028
G1 X124.137 Y206.753
G1 X124.393 Y206.955
G1 X124.669 Y207.023
G1 X124.857 Y206.976
G1 X124.999 Y206.838
G1 X125.119 Y206.373
G1 X125.078 Y205.998
G1 X124.957 Y205.648
G1 X124.469 Y205.023
G1 X125.144 Y204.988
G1 X125.144 Y204.707
G1 X125.038 Y204.599
G1 X124.614 Y204.513
G1 X124.004 Y204.513
G1 X124.025 Y203.680
G1 X124.117 Y203.393
G1 X124.275 Y203.235
G1 X124.504 Y203.183
G1 X124.884 Y203.313
G1 X125.409 Y203.773
G1 X125.512 Y203.713
G1 X125.549 Y203.548
G1 X125.454 Y203.238
G1 X124.984 Y202.803
G1 X124.710 Y202.675
G1 X124.399 Y202.633
G1 X123.953 Y202.722
G1 X123.634 Y202.991
G1 X123.443 Y203.440
G1 X123.394 Y204.513
G1 X122.997 Y204.568
G0 Z5.000 F500.000
G0 X124.054 Y205.098 F3000.000
G1 Z1.000 F500.000
G4 P100
G1 X124.497 Y205.670 F1000.000
G1 X124.644 Y206.248
G1 X124.617 Y206.469
G1 X124.534 Y206.543
G1 X124.367 Y206.355
G1 X124.192 Y205.835
G1 X124.054 Y205.098
G0 Z5.000 F500.000
G0 X125.487 Y204.920 F3000.000
G1 Z1.000 F500.000
G4 P100
G1 X125.774 Y204.988 F1000.000
G1 X125.914 Y204.963
G1 X125.954 Y204.868
G1 X125.749 Y203.788
G1 X126.119 Y204.488
G1 X126.522 Y204.873
G1 X126.884 Y204.988
G1 X127.128 Y204.906
G1 X127.209 Y204.663
G1 X127.155 Y203.966
G1 X127.249 Y203.923
G1 X127.744 Y204.208
G1 X127.847 Y204.150
G1 X127.884 Y203.998
G1 X127.784 Y203.708
G1 X127.457 Y203.460
G1 X127.059 Y203.358
G1 X126.826 Y203.391
G1 X126.553 Y203.651
G1 X126.489 Y204.223
G1 X126.292 Y204.055
G1 X126.049 Y203.613
G1 X125.727 Y202.715
G1 X125.499 Y202.633
G1 X125.337 Y202.683
G1 X125.232 Y202.833
G1 X125.154 Y203.473
G1 X125.200 Y204.106
G1 X125.339 Y204.708
G1 X125.487 Y204.920
G0 Z5.000 F500.000
G0 X127.472 Y204.050 F3000.000
G1 Z1.000 F500.000
G4 P100
G1 X127.619 Y204.708 F1000.000
G1 X127.739 Y204.928
G1 X127.979 Y204.988
G1 X128.170 Y204.945
G1 X128.234 Y204.818
G1 X128.019 Y203.493
G1 X128.059 Y203.263
G1 X128.194 Y203.183
G1 X128.419 Y203.308
G1 X128.914 Y203.773
G1 X129.017 Y203.713
G1 X129.054 Y203.548
G1 X128.959 Y203.238
G1 X128.480 Y202.784
G1 X128.034 Y202.633
G1 X127.753 Y202.690
G1 X127.562 Y202.863
G1 X127.451 Y203.130
G1 X127.472 Y204.050
G0 Z5.000 F500.000
G0 X128.074 Y205.318 F3000.000
G1 Z1.000 F500.000
G4 P100
G1 X127.759 Y205.415 F1000.000
G1 X127.654 Y205.688
G1 X127.792 Y205.980
G1 X128.134 Y206.098
G1 X128.434 Y206.008
G1 X128.549 Y205.753
G1 X128.419 Y205.435
G1 X128.074 Y205.318
G0 Z5.000 F500.000
G0 X129.144 Y204.823 F3000.000
G1 Z1.000 F500.000
G4 P100
G1 X129.405 Y204.946 F1000.000
G1 X129.923 Y204.947
G1 X130.107 Y204.825
G1 X130.259 Y204.408
G1 X130.167 Y204.053
G1 X129.924 Y203.908
G1 X129.772 Y203.953
G1 X129.714 Y204.078
G1 X129.732 Y204.463
G1 X129.639 Y204.498
G1 X129.424 Y204.395
G1 X129.264 Y204.118
G1 X129.204 Y203.733
G1 X129.330 Y203.298
G1 X129.709 Y203.153
G1 X130.152 Y203.290
G1 X130.754 Y203.773
G1 X130.857 Y203.713
G1 X130.894 Y203.548
G1 X130.799 Y203.238
G1 X130.541 Y202.981
G1 X130.237 Y202.790
G1 X129.604 Y202.633
G1 X129.168 Y202.702
G1 X128.842 Y202.910
G1 X128.637 Y203.232
G1 X128.569 Y203.643
G1 X128.609 Y204.023
G1 X128.729 Y204.353
G1 X129.144 Y204.823
G0 Z5.000 F500.000
G0 X27.322 Y179.493 F3000.000
G1 Z1.000 F500.000
G4 P100
G1 X27.389 Y178.966 F1000.000
G1 X27.349 Y178.491
G1 X27.231 Y178.074
G1 X27.042 Y177.730
G1 X26.791 Y177.471
G1 X26.486 Y177.310
G1 X26.134 Y177.256
G1 X25.699 Y177.336
G1 X25.376 Y177.576
G1 X25.176 Y177.965
G1 X25.109 Y178.491
G1 X25.148 Y178.967
G1 X25.266 Y179.384
G1 X25.455 Y179.728
G1 X25.706 Y179.986
G1 X26.012 Y180.148
G1 X26.364 Y180.201
G1 X26.798 Y180.121
G1 X27.121 Y179.881
G1 X27.322 Y179.493
G0 Z5.000 F500.000
G0 X26.649 Y179.459 F3000.000
G1 Z1.000 F500.000
G4 P100
G1 X26.507 Y179.596 F1000.000
G1 X26.314 Y179.641
G1 X26.072 Y179.566
G1 X25.889 Y179.339
G1 X25.734 Y178.521
G1 X25.846 Y177.996
G1 X25.987 Y177.861
G1 X26.184 Y177.816
G1 X26.425 Y177.891
G1 X26.609 Y178.116
G1 X26.764 Y178.931
G1 X26.649 Y179.459
G0 Z5.000 F500.000
G0 X27.844 Y178.426 F3000.000
G1 Z1.000 F500.000
G4 P100
G1 X28.504 Y179.881 F1000.000
G1 X28.696 Y180.129
G1 X28.999 Y180.201
G1 X29.166 Y180.151
G1 X29.224 Y180.021
G1 X28.484 Y178.406
G1 X29.254 Y178.406
G1 X29.419 Y179.291
G1 X29.549 Y179.529
G1 X29.799 Y179.611
G1 X29.990 Y179.556
G1 X30.054 Y179.391
G1 X29.884 Y178.406
G1 X30.262 Y178.350
G1 X30.329 Y178.181
G1 X30.229 Y177.931
G1 X29.809 Y177.861
G1 X29.691 Y177.286
G1 X29.424 Y177.206
G1 X29.225 Y177.288
G1 X29.159 Y177.531
G1 X29.189 Y177.861
G1 X28.089 Y177.866
G1 X27.894 Y177.966
G1 X27.809 Y178.226
G1 X27.844 Y178.426
G0 Z5.000 F500.000
G0 X55.015 Y180.336 F3000.000
G1 Z1.000 F500.000
G4 P100
G1 X55.149 Y180.861 F1000.000
G1 X55.550 Y181.224
G1 X56.234 Y181.436
G1 X58.845 Y181.556
G1 X59.063 Y181.509
G1 X59.130 Y181.311
G1 X59.048 Y181.076
G1 X58.760 Y180.976
G1 X57.165 Y180.911
G1 X56.620 Y177.556
G1 X56.500 Y177.334
G1 X56.235 Y177.256
G1 X55.980 Y177.336
G1 X55.890 Y177.546
G1 X56.440 Y180.881
G1 X55.805 Y180.709
G1 X55.659 Y180.555
G1 X55.610 Y180.346
G1 X55.740 Y179.931
G1 X55.640 Y179.774
G1 X55.415 Y179.706
G1 X55.185 Y179.786
G1 X55.015 Y180.336
G0 Z5.000 F500.000
G0 X58.330 Y179.326 F3000.000
G1 Z1.000 F500.000
G4 P100
G1 X58.445 Y179.556 F1000.000
G1 X58.745 Y179.641
G1 X58.898 Y179.599
G1 X58.955 Y179.246
G1 X59.270 Y179.534
G1 X59.600 Y179.621
G1 X59.855 Y179.565
G1 X60.058 Y179.396
G1 X60.191 Y179.136
G1 X60.235 Y178.806
G1 X60.150 Y178.291
G1 X59.915 Y177.836
G1 X60.090 Y177.806
G1 X60.405 Y177.926
G1 X60.925 Y178.396
G1 X61.028 Y178.336
G1 X61.065 Y178.171
G1 X60.970 Y177.861
G1 X60.508 Y177.426
G1 X60.244 Y177.299
G1 X59.705 Y177.304
G1 X59.515 Y177.446
G1 X58.920 Y177.256
G1 X58.814 Y176.371
G1 X58.625 Y175.644
G1 X58.342 Y175.158
G1 X57.950 Y174.996
G1 X57.715 Y175.045
G1 X57.550 Y175.191
G1 X57.420 Y175.731
G1 X57.645 Y176.874
G1 X58.340 Y178.311
G1 X58.330 Y179.326
G0 Z5.000 F500.000
G0 X58.950 Y178.091 F3000.000
G1 Z1.000 F500.000
G4 P100
G1 X58.945 Y177.736 F1000.000
G1 X59.278 Y177.934
G1 X59.520 Y178.324
G1 X59.610 Y178.811
G1 X59.550 Y179.039
G1 X59.390 Y179.116
G1 X59.192 Y179.021
G1 X58.955 Y178.736
G1 X58.950 Y178.091
G0 Z5.000 F500.000
G0 X58.330 Y177.536 F3000.000
G1 Z1.000 F500.000
G4 P100
G1 X57.990 Y176.581 F1000.000
G1 X57.865 Y175.816
G1 X57.903 Y175.571
G1 X57.990 Y175.486
G1 X58.114 Y175.633
G1 X58.215 Y176.074
G1 X58.330 Y177.536
G0 Z5.000 F500.000
G0 X60.780 Y177.481 F3000.000
G1 Z1.000 F500.000
G4 P100
G1 X60.642 Y177.741 F1000.000
G1 X60.595 Y178.071
G1 X60.780 Y178.829
G1 X60.996 Y179.151
G1 X61.590 Y179.567
G1 X61.925 Y179.621
G1 X62.073 Y179.579
G1 X62.135 Y179.426
G1 X62.539 Y179.403
G1 X62.600 Y179.271
G1 X62.410 Y177.971
G1 X62.448 Y177.851
G1 X62.545 Y177.806
G1 X62.775 Y177.929
G1 X63.140 Y178.326
G1 X63.275 Y178.396
G1 X63.378 Y178.336
G1 X63.415 Y178.171
G1 X63.320 Y177.861
G1 X62.885 Y177.431
G1 X62.440 Y177.256
G1 X62.138 Y177.369
G1 X61.930 Y177.676
G1 X61.637 Y177.361
G1 X61.275 Y177.256
G1 X60.997 Y177.313
G1 X60.780 Y177.481
G0 Z5.000 F500.000
G0 X61.283 Y177.836 F3000.000
G1 Z1.000 F500.000
G4 P100
G1 X61.455 Y177.761 F1000.000
G1 X61.665 Y177.891
G1 X61.810 Y178.236
G1 X61.995 Y179.156
G1 X61.608 Y178.999
G1 X61.325 Y178.596
G1 X61.220 Y178.066
G1 X61.283 Y177.836
G0 Z5.000 F500.000
G0 X63.020 Y178.096 F3000.000
G1 Z1.000 F500.000
G4 P100
G1 X63.205 Y179.331 F1000.000
G1 X63.350 Y179.544
G1 X63.640 Y179.611
G1 X63.780 Y179.586
G1 X63.820 Y179.491
G1 X63.670 Y178.731
G1 X64.310 Y178.731
G1 X64.578 Y179.546
G1 X64.985 Y179.584
G1 X65.030 Y179.481
G1 X64.765 Y178.006
G1 X64.805 Y177.859
G1 X64.910 Y177.806
G1 X65.148 Y177.929
G1 X65.650 Y178.396
G1 X65.753 Y178.336
G1 X65.790 Y178.171
G1 X65.695 Y177.861
G1 X65.223 Y177.426
G1 X64.670 Y177.256
G1 X64.449 Y177.296
G1 X64.305 Y177.416
G1 X64.200 Y177.896
G1 X64.225 Y178.221
G1 X63.615 Y178.231
G1 X63.590 Y177.496
G1 X63.530 Y177.314
G1 X63.365 Y177.256
G1 X63.204 Y177.306
G1 X63.098 Y177.456
G1 X63.020 Y178.096
G0 Z5.000 F500.000
G0 X65.421 Y177.697 F3000.000
G1 Z1.000 F500.000
G4 P100
G1 X65.435 Y178.669 F1000.000
G1 X65.600 Y179.331
G1 X65.740 Y179.546
G1 X66.025 Y179.611
G1 X66.178 Y179.576
G1 X66.220 Y179.471
G1 X66.010 Y178.019
G1 X66.090 Y177.976
G1 X66.278 Y178.126
G1 X66.888 Y179.546
G1 X67.135 Y179.611
G1 X67.295 Y179.584
G1 X67.340 Y179.481
G1 X67.075 Y178.006
G1 X67.115 Y177.859
G1 X67.220 Y177.806
G1 X67.458 Y177.929
G1 X67.960 Y178.396
G1 X68.063 Y178.336
G1 X68.100 Y178.171
G1 X68.005 Y177.861
G1 X67.543 Y177.426
G1 X67.279 Y177.299
G1 X66.772 Y177.303
G1 X66.628 Y177.441
G1 X66.515 Y177.961
G1 X66.260 Y177.439
G1 X65.895 Y177.256
G1 X65.691 Y177.308
G1 X65.421 Y177.697
G0 Z5.000 F500.000
G0 X67.732 Y177.694 F3000.000
G1 Z1.000 F500.000
G4 P100
G1 X67.745 Y178.664 F1000.000
G1 X67.910 Y179.331
G1 X68.053 Y179.549
G1 X68.335 Y179.611
G1 X68.485 Y179.579
G1 X68.530 Y179.471
G1 X68.320 Y178.021
G1 X68.400 Y177.976
G1 X68.549 Y178.071
G1 X68.725 Y178.356
G1 X69.200 Y179.549
G1 X69.445 Y179.611
G1 X69.605 Y179.584
G1 X69.650 Y179.481
G1 X69.425 Y178.376
G1 X69.405 Y177.929
G1 X69.628 Y177.866
G1 X69.640 Y177.726
G1 X70.335 Y178.161
G1 X70.438 Y178.101
G1 X70.475 Y177.941
G1 X70.330 Y177.661
G1 X69.610 Y177.211
G1 X69.330 Y176.294
G1 X69.115 Y176.001
G1 X68.853 Y175.821
G1 X68.555 Y175.761
G1 X68.208 Y175.901
G1 X68.070 Y176.251
G1 X68.158 Y176.594
G1 X68.478 Y176.956
G1 X69.135 Y177.411
G1 X68.908 Y177.589
G1 X68.825 Y177.961
G1 X68.578 Y177.446
G1 X68.401 Y177.304
G1 X68.004 Y177.308
G1 X67.732 Y177.694
G0 Z5.000 F500.000
G0 X68.685 Y176.625 F3000.000
G1 Z1.000 F500.000
G4 P100
G1 X68.555 Y176.341 F1000.000
G1 X68.660 Y176.231
G1 X68.910 Y176.421
G1 X69.075 Y176.926
G1 X68.685 Y176.625
G0 Z5.000 F500.000
G0 X70.285 Y177.814 F3000.000
G1 Z1.000 F500.000
G4 P100
G1 X70.220 Y178.186 F1000.000
G1 X70.265 Y178.756
G1 X70.405 Y179.331
G1 X70.553 Y179.544
G1 X70.850 Y179.611
G1 X71.019 Y179.581
G1 X71.075 Y179.491
G1 X70.895 Y178.681
G1 X71.218 Y178.904
G1 X71.600 Y178.991
G1 X71.980 Y178.854
G1 X72.150 Y178.466
G1 X72.803 Y179.551
G1 X73.040 Y179.611
G1 X73.232 Y179.569
G1 X73.295 Y179.441
G1 X73.080 Y178.116
G1 X73.120 Y177.886
G1 X73.255 Y177.806
G1 X73.480 Y177.931
G1 X73.975 Y178.396
G1 X74.078 Y178.336
G1 X74.115 Y178.171
G1 X74.020 Y177.861
G1 X73.542 Y177.408
G1 X73.095 Y177.256
G1 X72.815 Y177.314
G1 X72.623 Y177.486
G1 X72.512 Y177.754
G1 X72.475 Y178.171
G1 X71.868 Y177.506
G1 X71.527 Y177.319
G1 X71.170 Y177.256
G1 X70.780 Y177.321
G1 X70.478 Y177.516
G1 X70.285 Y177.814
G0 Z5.000 F500.000
G0 X70.955 Y177.876 F3000.000
G1 Z1.000 F500.000
G4 P100
G1 X71.215 Y177.786 F1000.000
G1 X71.525 Y177.896
G1 X71.635 Y178.201
G1 X71.564 Y178.400
G1 X71.350 Y178.466
G1 X71.053 Y178.371
G1 X70.850 Y178.151
G1 X70.955 Y177.876
G0 Z5.000 F500.000
G0 X58.304 Y169.433 F3000.000
G1 Z1.000 F500.000
G4 P100
G1 X58.385 Y169.189 F1000.000
G1 X58.180 Y167.909
G1 X58.217 Y167.759
G1 X58.325 Y167.709
G1 X58.563 Y167.832
G1 X59.065 Y168.299
G1 X59.168 Y168.239
G1 X59.205 Y168.074
G1 X59.110 Y167.764
G1 X58.648 Y167.329
G1 X58.085 Y167.159
G1 X57.700 Y167.307
G1 X57.570 Y167.734
G1 X57.705 Y168.669
G1 X57.650 Y168.749
G1 X57.465 Y168.582
G1 X57.225 Y168.139
G1 X56.903 Y167.239
G1 X56.670 Y167.159
G1 X56.423 Y167.317
G1 X56.340 Y167.699
G1 X56.430 Y168.669
G1 X56.375 Y168.749
G1 X56.185 Y168.569
G1 X55.963 Y168.109
G1 X55.663 Y167.242
G1 X55.435 Y167.159
G1 X55.274 Y167.209
G1 X55.168 Y167.359
G1 X55.090 Y167.999
G1 X55.137 Y168.633
G1 X55.275 Y169.234
G1 X55.423 Y169.447
G1 X55.710 Y169.514
G1 X55.850 Y169.489
G1 X55.890 Y169.394
G1 X55.685 Y168.319
G1 X56.008 Y168.979
G1 X56.393 Y169.382
G1 X56.765 Y169.514
G1 X57.013 Y169.434
G1 X57.085 Y169.189
G1 X56.935 Y168.339
G1 X57.199 Y168.871
G1 X57.490 Y169.234
G1 X57.785 Y169.444
G1 X58.060 Y169.514
G1 X58.304 Y169.433
G0 Z5.000 F500.000
G0 X58.920 Y168.732 F3000.000
G1 Z1.000 F500.000
G4 P100
G1 X59.136 Y169.054 F1000.000
G1 X59.730 Y169.470
G1 X60.065 Y169.524
G1 X60.213 Y169.482
G1 X60.275 Y169.329
G1 X60.679 Y169.306
G1 X60.740 Y169.174
G1 X60.550 Y167.874
G1 X60.588 Y167.754
G1 X60.685 Y167.709
G1 X60.915 Y167.832
G1 X61.415 Y168.299
G1 X61.518 Y168.239
G1 X61.555 Y168.074
G1 X61.460 Y167.764
G1 X61.025 Y167.334
G1 X60.580 Y167.159
G1 X60.278 Y167.272
G1 X60.070 Y167.579
G1 X59.777 Y167.264
G1 X59.415 Y167.159
G1 X59.137 Y167.216
G1 X58.920 Y167.384
G1 X58.782 Y167.644
G1 X58.782 Y168.364
G1 X58.920 Y168.732
G0 Z5.000 F500.000
G0 X59.465 Y168.499 F3000.000
G1 Z1.000 F500.000
G4 P100
G1 X59.360 Y167.969 F1000.000
G1 X59.423 Y167.739
G1 X59.595 Y167.664
G1 X59.805 Y167.794
G1 X59.950 Y168.139
G1 X60.135 Y169.059
G1 X59.748 Y168.902
G1 X59.465 Y168.499
G0 Z5.000 F500.000
G0 X61.243 Y168.822 F3000.000
G1 Z1.000 F500.000
G4 P100
G1 X61.615 Y169.287 F1000.000
G1 X61.863 Y169.413
G1 X62.395 Y169.399
G1 X61.560 Y170.482
G1 X61.490 Y170.799
G1 X61.620 Y171.167
G1 X61.940 Y171.374
G1 X63.110 Y171.724
G1 X63.223 Y171.634
G1 X63.265 Y171.424
G1 X63.170 Y171.174
G1 X62.178 Y170.907
G1 X62.070 Y170.744
G1 X63.023 Y169.397
G1 X63.125 Y168.604
G1 X63.810 Y168.719
G1 X63.910 Y168.654
G1 X63.910 Y168.297
G1 X63.800 Y168.204
G1 X63.040 Y168.079
G1 X62.874 Y167.687
G1 X62.633 Y167.399
G1 X62.330 Y167.223
G1 X61.975 Y167.164
G1 X61.610 Y167.225
G1 X61.335 Y167.407
G1 X61.163 Y167.714
G1 X61.105 Y168.149
G1 X61.243 Y168.822
G0 Z5.000 F500.000
G0 X61.730 Y168.149 F3000.000
G1 Z1.000 F500.000
G4 P100
G1 X61.788 Y167.809 F1000.000
G1 X61.975 Y167.689
G1 X62.263 Y167.862
G1 X62.475 Y168.309
G1 X62.333 Y168.549
G1 X62.295 Y168.964
G1 X61.968 Y168.864
G1 X61.795 Y168.572
G1 X61.730 Y168.149
G0 Z5.000 F500.000
G0 X63.395 Y168.219 F3000.000
G1 Z1.000 F500.000
G4 P100
G1 X63.534 Y168.336 F1000.000
G1 X63.863 Y168.334
G1 X63.883 Y167.759
G1 X63.950 Y167.714
G1 X64.063 Y167.789
G1 X64.900 Y169.427
G1 X65.200 Y169.504
G1 X65.480 Y169.429
G1 X65.570 Y169.184
G1 X65.594 Y167.816
G1 X65.755 Y167.684
G1 X65.933 Y167.769
G1 X66.465 Y168.299
G1 X66.568 Y168.239
G1 X66.605 Y168.074
G1 X66.510 Y167.764
G1 X65.923 Y167.247
G1 X65.520 Y167.159
G1 X65.268 Y167.218
G1 X65.100 Y167.392
G1 X65.007 Y167.684
G1 X64.995 Y168.549
G1 X64.765 Y167.961
G1 X64.493 Y167.524
G1 X64.180 Y167.254
G1 X63.825 Y167.164
G1 X63.598 Y167.211
G1 X63.317 Y167.558
G1 X63.280 Y167.814
G1 X63.395 Y168.219
G0 Z5.000 F500.000
G0 X66.260 Y167.884 F3000.000
G1 Z1.000 F500.000
G4 P100
G1 X66.310 Y168.572 F1000.000
G1 X66.475 Y169.234
G1 X66.615 Y169.449
G1 X66.900 Y169.514
G1 X67.053 Y169.479
G1 X67.095 Y169.374
G1 X66.885 Y167.922
G1 X66.965 Y167.879
G1 X67.153 Y168.029
G1 X67.763 Y169.449
G1 X68.010 Y169.514
G1 X68.170 Y169.487
G1 X68.215 Y169.384
G1 X67.950 Y167.909
G1 X67.990 Y167.762
G1 X68.095 Y167.709
G1 X68.333 Y167.832
G1 X68.835 Y168.299
G1 X68.938 Y168.239
G1 X68.975 Y168.074
G1 X68.880 Y167.764
G1 X68.418 Y167.329
G1 X67.855 Y167.159
G1 X67.647 Y167.206
G1 X67.503 Y167.344
G1 X67.390 Y167.864
G1 X67.135 Y167.342
G1 X66.770 Y167.159
G1 X66.566 Y167.211
G1 X66.296 Y167.600
G1 X66.260 Y167.884
G0 Z5.000 F500.000
G0 X68.570 Y167.884 F3000.000
G1 Z1.000 F500.000
G4 P100
G1 X68.620 Y168.567 F1000.000
G1 X68.785 Y169.234
G1 X68.928 Y169.452
G1 X69.210 Y169.514
G1 X69.360 Y169.482
G1 X69.405 Y169.374
G1 X69.170 Y168.069
G1 X69.275 Y167.879
G1 X69.424 Y167.974
G1 X69.600 Y168.259
G1 X70.075 Y169.452
G1 X70.320 Y169.514
G1 X70.480 Y169.487
G1 X70.525 Y169.384
G1 X70.300 Y168.279
G1 X70.280 Y167.832
G1 X70.503 Y167.769
G1 X70.515 Y167.629
G1 X71.210 Y168.064
G1 X71.313 Y168.004
G1 X71.350 Y167.844
G1 X71.205 Y167.564
G1 X70.485 Y167.114
G1 X70.205 Y166.197
G1 X69.990 Y165.904
G1 X69.728 Y165.724
G1 X69.430 Y165.664
G1 X69.083 Y165.804
G1 X68.945 Y166.154
G1 X69.033 Y166.497
G1 X69.353 Y166.859
G1 X70.010 Y167.314
G1 X69.783 Y167.492
G1 X69.700 Y167.864
G1 X69.453 Y167.349
G1 X69.276 Y167.207
G1 X68.879 Y167.211
G1 X68.607 Y167.597
G1 X68.570 Y167.884
G0 Z5.000 F500.000
G0 X69.560 Y166.528 F3000.000
G1 Z1.000 F500.000
G4 P100
G1 X69.430 Y166.244 F1000.000
G1 X69.535 Y166.134
G1 X69.785 Y166.324
G1 X69.950 Y166.829
G1 X69.560 Y166.528
G0 Z5.000 F500.000
G0 X71.160 Y167.717 F3000.000
G1 Z1.000 F500.000
G4 P100
G1 X71.095 Y168.089 F1000.000
G1 X71.140 Y168.659
G1 X71.280 Y169.234
G1 X71.428 Y169.447
G1 X71.725 Y169.514
G1 X71.894 Y169.484
G1 X71.950 Y169.394
G1 X71.770 Y168.584
G1 X72.093 Y168.807
G1 X72.475 Y168.894
G1 X72.855 Y168.757
G1 X73.025 Y168.369
G1 X73.678 Y169.454
G1 X73.915 Y169.514
G1 X74.107 Y169.472
G1 X74.170 Y169.344
G1 X73.955 Y168.019
G1 X73.995 Y167.789
G1 X74.130 Y167.709
G1 X74.355 Y167.834
G1 X74.850 Y168.299
G1 X74.953 Y168.239
G1 X74.990 Y168.074
G1 X74.895 Y167.764
G1 X74.417 Y167.311
G1 X73.970 Y167.159
G1 X73.690 Y167.217
G1 X73.498 Y167.389
G1 X73.387 Y167.657
G1 X73.350 Y168.074
G1 X72.743 Y167.409
G1 X72.402 Y167.222
G1 X72.045 Y167.159
G1 X71.655 Y167.224
G1 X71.353 Y167.419
G1 X71.160 Y167.717
G0 Z5.000 F500.000
G0 X71.830 Y167.779 F3000.000
G1 Z1.000 F500.000
G4 P100
G1 X72.090 Y167.689 F1000.000
G1 X72.400 Y167.799
G1 X72.510 Y168.104
G1 X72.439 Y168.303
G1 X72.225 Y168.369
G1 X71.928 Y168.274
G1 X71.725 Y168.054
G1 X71.830 Y167.779
G0 Z5.000 F500.000
G0 X75.920 Y167.999 F3000.000
G1 Z1.000 F500.000
G4 P100
G1 X76.105 Y169.234 F1000.000
G1 X76.250 Y169.447
G1 X76.540 Y169.514
G1 X76.680 Y169.489
G1 X76.720 Y169.394
G1 X76.570 Y168.634
G1 X77.210 Y168.634
G1 X77.478 Y169.449
G1 X77.885 Y169.487
G1 X77.930 Y169.384
G1 X77.665 Y167.909
G1 X77.705 Y167.762
G1 X77.810 Y167.709
G1 X78.048 Y167.832
G1 X78.550 Y168.299
G1 X78.653 Y168.239
G1 X78.690 Y168.074
G1 X78.595 Y167.764
G1 X78.123 Y167.329
G1 X77.570 Y167.159
G1 X77.349 Y167.199
G1 X77.205 Y167.319
G1 X77.100 Y167.799
G1 X77.125 Y168.124
G1 X76.515 Y168.134
G1 X76.490 Y167.399
G1 X76.430 Y167.217
G1 X76.265 Y167.159
G1 X76.104 Y167.209
G1 X75.998 Y167.359
G1 X75.920 Y167.999
G0 Z5.000 F500.000
G0 X78.283 Y167.782 F3000.000
G1 Z1.000 F500.000
G4 P100
G1 X78.210 Y168.224 F1000.000
G1 X78.355 Y168.867
G1 X78.758 Y169.339
G1 X79.340 Y169.514
G1 X79.602 Y169.471
G1 X79.805 Y169.342
G1 X79.937 Y169.139
G1 X79.980 Y168.874
G1 X79.919 Y168.554
G1 X79.733 Y168.282
G1 X79.400 Y168.060
G1 X78.895 Y167.889
G1 X79.077 Y167.717
G1 X79.370 Y167.659
G1 X79.883 Y167.817
G1 X80.515 Y168.299
G1 X80.618 Y168.239
G1 X80.655 Y168.074
G1 X80.560 Y167.764
G1 X80.038 Y167.349
G1 X79.315 Y167.159
G1 X78.849 Y167.231
G1 X78.500 Y167.444
G1 X78.283 Y167.782
G0 Z5.000 F500.000
G0 X78.815 Y168.289 F3000.000
G1 Z1.000 F500.000
G4 P100
G1 X79.280 Y168.489 F1000.000
G1 X79.408 Y168.641
G1 X79.398 Y168.967
G1 X79.255 Y169.024
G1 X79.085 Y168.971
G1 X78.943 Y168.809
G1 X78.815 Y168.289
G0 Z5.000 F500.000
G0 X57.743 Y158.130 F3000.000
G1 Z1.000 F500.000
G4 P100
G1 X57.745 Y157.792 F1000.000
G1 X57.635 Y157.677
G1 X56.685 Y157.032
G1 X56.466 Y156.108
G1 X56.188 Y155.405
G1 X55.839 Y154.961
G1 X55.405 Y154.812
G1 X54.990 Y154.970
G1 X54.830 Y155.382
G1 X54.900 Y155.751
G1 X55.110 Y156.145
G1 X55.513 Y156.599
G1 X56.160 Y157.147
G1 X56.190 Y157.342
G1 X55.968 Y157.135
G1 X55.695 Y157.062
G1 X55.417 Y157.119
G1 X55.200 Y157.287
G1 X55.062 Y157.547
G1 X55.062 Y158.267
G1 X55.416 Y158.957
G1 X56.010 Y159.373
G1 X56.345 Y159.427
G1 X56.493 Y159.385
G1 X56.555 Y159.232
G1 X56.953 Y159.215
G1 X57.000 Y158.972
G1 X56.785 Y157.622
G1 X57.525 Y158.152
G1 X57.640 Y158.192
G1 X57.743 Y158.130
G0 Z5.000 F500.000
G0 X56.245 Y158.107 F3000.000
G1 Z1.000 F500.000
G4 P100
G1 X56.405 Y158.962 F1000.000
G1 X56.025 Y158.805
G1 X55.745 Y158.402
G1 X55.640 Y157.872
G1 X55.703 Y157.642
G1 X55.875 Y157.567
G1 X56.095 Y157.707
G1 X56.245 Y158.107
G0 Z5.000 F500.000
G0 X56.045 Y156.552 F3000.000
G1 Z1.000 F500.000
G4 P100
G1 X55.490 Y155.957 F1000.000
G1 X55.320 Y155.492
G1 X55.353 Y155.352
G1 X55.460 Y155.297
G1 X55.594 Y155.372
G1 X55.743 Y155.597
G1 X56.045 Y156.552
G0 Z5.000 F500.000
G0 X57.833 Y157.207 F3000.000
G1 Z1.000 F500.000
G4 P100
G1 X57.510 Y157.592 F1000.000
G1 X57.400 Y158.112
G1 X57.545 Y158.790
G1 X57.945 Y159.255
G1 X58.510 Y159.422
G1 X58.854 Y159.357
G1 X59.123 Y159.160
G1 X59.307 Y158.867
G1 X59.395 Y158.512
G1 X60.025 Y158.622
G1 X60.125 Y158.557
G1 X60.124 Y158.201
G1 X60.015 Y158.107
G1 X59.355 Y157.987
G1 X59.214 Y157.609
G1 X58.980 Y157.315
G1 X58.682 Y157.126
G1 X58.345 Y157.062
G1 X57.833 Y157.207
G0 Z5.000 F500.000
G0 X58.385 Y157.592 F3000.000
G1 Z1.000 F500.000
G4 P100
G1 X58.663 Y157.722 F1000.000
G1 X58.820 Y158.097
G1 X58.583 Y158.372
G1 X58.515 Y158.892
G1 X58.314 Y158.844
G1 X58.158 Y158.700
G1 X58.025 Y158.157
G1 X58.133 Y157.737
G1 X58.385 Y157.592
G0 Z5.000 F500.000
G0 X59.495 Y157.717 F3000.000
G1 Z1.000 F500.000
G4 P100
G1 X59.610 Y158.122 F1000.000
G1 X59.935 Y158.277
G1 X60.078 Y158.237
G1 X60.115 Y158.127
G1 X60.098 Y157.662
G1 X60.165 Y157.617
G1 X60.278 Y157.692
G1 X61.115 Y159.330
G1 X61.415 Y159.407
G1 X61.695 Y159.332
G1 X61.785 Y159.087
G1 X61.809 Y157.719
G1 X61.970 Y157.587
G1 X62.148 Y157.672
G1 X62.680 Y158.202
G1 X62.783 Y158.142
G1 X62.820 Y157.977
G1 X62.725 Y157.667
G1 X62.438 Y157.355
G1 X62.138 Y157.150
G1 X61.735 Y157.062
G1 X61.483 Y157.121
G1 X61.315 Y157.295
G1 X61.222 Y157.587
G1 X61.210 Y158.452
G1 X60.980 Y157.864
G1 X60.708 Y157.427
G1 X60.395 Y157.157
G1 X60.040 Y157.067
G1 X59.813 Y157.114
G1 X59.640 Y157.252
G1 X59.495 Y157.717
G0 Z5.000 F500.000
G0 X62.320 Y157.652 F3000.000
G1 Z1.000 F500.000
G4 P100
G1 X62.435 Y158.057 F1000.000
G1 X62.760 Y158.212
G1 X62.895 Y158.179
G1 X62.940 Y158.077
G1 X62.948 Y157.635
G1 X63.045 Y157.597
G1 X63.228 Y157.710
G1 X63.373 Y158.017
G1 X63.430 Y158.447
G1 X63.385 Y158.750
G1 X63.275 Y158.872
G1 X63.195 Y158.845
G1 X63.065 Y158.625
G1 X62.890 Y158.577
G1 X62.715 Y158.655
G1 X62.650 Y158.892
G1 X62.813 Y159.290
G1 X63.220 Y159.437
G1 X63.623 Y159.250
G1 X63.905 Y158.677
G1 X63.990 Y159.182
G1 X64.120 Y159.367
G1 X64.515 Y159.387
G1 X64.555 Y159.287
G1 X64.355 Y158.117
G1 X64.655 Y158.885
G1 X65.003 Y159.292
G1 X65.450 Y159.417
G1 X65.682 Y159.377
G1 X65.969 Y159.069
G1 X66.005 Y158.837
G1 X65.913 Y158.482
G1 X65.670 Y158.337
G1 X65.518 Y158.382
G1 X65.478 Y158.894
G1 X65.380 Y158.927
G1 X65.185 Y158.825
G1 X65.033 Y158.550
G1 X64.975 Y158.177
G1 X65.100 Y157.745
G1 X65.460 Y157.582
G1 X65.790 Y157.705
G1 X66.325 Y158.202
G1 X66.428 Y158.142
G1 X66.465 Y157.977
G1 X66.370 Y157.667
G1 X65.920 Y157.230
G1 X65.410 Y157.062
G1 X64.980 Y157.182
G1 X64.675 Y157.485
G1 X64.525 Y157.852
G1 X64.365 Y157.232
G1 X64.263 Y157.102
G1 X64.110 Y157.062
G1 X63.940 Y157.147
G1 X63.890 Y157.417
G1 X64.000 Y158.297
G1 X63.723 Y157.652
G1 X63.403 Y157.237
G1 X63.182 Y157.110
G1 X62.669 Y157.107
G1 X62.360 Y157.414
G1 X62.320 Y157.652
G0 Z5.000 F500.000
G0 X66.070 Y157.902 F3000.000
G1 Z1.000 F500.000
G4 P100
G1 X66.255 Y159.137 F1000.000
G1 X66.400 Y159.350
G1 X66.690 Y159.417
G1 X66.830 Y159.392
G1 X66.870 Y159.297
G1 X66.720 Y158.537
G1 X67.360 Y158.537
G1 X67.628 Y159.352
G1 X68.035 Y159.390
G1 X68.080 Y159.287
G1 X67.815 Y157.812
G1 X67.855 Y157.665
G1 X67.960 Y157.612
G1 X68.198 Y157.735
G1 X68.700 Y158.202
G1 X68.803 Y158.142
G1 X68.840 Y157.977
G1 X68.745 Y157.667
G1 X68.273 Y157.232
G1 X67.720 Y157.062
G1 X67.499 Y157.102
G1 X67.355 Y157.222
G1 X67.250 Y157.702
G1 X67.275 Y158.027
G1 X66.665 Y158.037
G1 X66.640 Y157.302
G1 X66.580 Y157.120
G1 X66.415 Y157.062
G1 X66.254 Y157.112
G1 X66.148 Y157.262
G1 X66.070 Y157.902
G0 Z5.000 F500.000
G0 X68.520 Y157.620 F3000.000
G1 Z1.000 F500.000
G4 P100
G1 X68.455 Y157.992 F1000.000
G1 X68.500 Y158.562
G1 X68.640 Y159.137
G1 X68.788 Y159.350
G1 X69.085 Y159.417
G1 X69.254 Y159.387
G1 X69.310 Y159.297
G1 X69.130 Y158.487
G1 X69.453 Y158.710
G1 X69.835 Y158.797
G1 X70.215 Y158.660
G1 X70.385 Y158.272
G1 X71.038 Y159.357
G1 X71.275 Y159.417
G1 X71.467 Y159.375
G1 X71.530 Y159.247
G1 X71.315 Y157.922
G1 X71.355 Y157.692
G1 X71.490 Y157.612
G1 X71.715 Y157.737
G1 X72.210 Y158.202
G1 X72.313 Y158.142
G1 X72.350 Y157.977
G1 X72.255 Y157.667
G1 X71.777 Y157.214
G1 X71.330 Y157.062
G1 X71.050 Y157.120
G1 X70.858 Y157.292
G1 X70.747 Y157.560
G1 X70.710 Y157.977
G1 X70.103 Y157.312
G1 X69.762 Y157.125
G1 X69.405 Y157.062
G1 X69.015 Y157.127
G1 X68.713 Y157.322
G1 X68.520 Y157.620
G0 Z5.000 F500.000
G0 X69.190 Y157.682 F3000.000
G1 Z1.000 F500.000
G4 P100
G1 X69.450 Y157.592 F1000.000
G1 X69.760 Y157.702
G1 X69.870 Y158.007
G1 X69.799 Y158.206
G1 X69.585 Y158.272
G1 X69.288 Y158.177
G1 X69.085 Y157.957
G1 X69.190 Y157.682
G0 Z5.000 F500.000
G0 X57.064 Y149.239 F3000.000
G1 Z1.000 F500.000
G4 P100
G1 X57.145 Y148.995 F1000.000
G1 X56.940 Y147.715
G1 X56.977 Y147.565
G1 X57.085 Y147.515
G1 X57.323 Y147.638
G1 X57.825 Y148.105
G1 X57.928 Y148.045
G1 X57.965 Y147.880
G1 X57.870 Y147.570
G1 X57.408 Y147.135
G1 X57.144 Y147.008
G1 X56.622 Y147.002
G1 X56.363 Y147.294
G1 X56.330 Y147.540
G1 X56.465 Y148.475
G1 X56.410 Y148.555
G1 X56.228 Y148.388
G1 X55.988 Y147.945
G1 X55.663 Y147.048
G1 X55.435 Y146.965
G1 X55.274 Y147.015
G1 X55.168 Y147.165
G1 X55.090 Y147.805
G1 X55.137 Y148.439
G1 X55.275 Y149.040
G1 X55.423 Y149.253
G1 X55.710 Y149.320
G1 X55.850 Y149.295
G1 X55.890 Y149.200
G1 X55.685 Y148.120
G1 X56.055 Y148.820
G1 X56.458 Y149.205
G1 X56.820 Y149.320
G1 X57.064 Y149.239
G0 Z5.000 F500.000
G0 X57.630 Y148.673 F3000.000
G1 Z1.000 F500.000
G4 P100
G1 X58.033 Y149.145 F1000.000
G1 X58.307 Y149.277
G1 X58.877 Y149.277
G1 X59.080 Y149.148
G1 X59.212 Y148.945
G1 X59.255 Y148.680
G1 X59.194 Y148.360
G1 X59.008 Y148.088
G1 X58.675 Y147.866
G1 X58.170 Y147.695
G1 X58.352 Y147.523
G1 X58.645 Y147.465
G1 X59.158 Y147.623
G1 X59.790 Y148.105
G1 X59.893 Y148.045
G1 X59.930 Y147.880
G1 X59.835 Y147.570
G1 X59.313 Y147.155
G1 X58.964 Y147.013
G1 X58.590 Y146.965
G1 X58.124 Y147.037
G1 X57.775 Y147.250
G1 X57.558 Y147.588
G1 X57.485 Y148.030
G1 X57.630 Y148.673
G0 Z5.000 F500.000
G0 X58.090 Y148.095 F3000.000
G1 Z1.000 F500.000
G4 P100
G1 X58.555 Y148.295 F1000.000
G1 X58.683 Y148.447
G1 X58.673 Y148.773
G1 X58.530 Y148.830
G1 X58.360 Y148.777
G1 X58.218 Y148.615
G1 X58.090 Y148.095
G0 Z5.000 F500.000
G0 X59.600 Y149.035 F3000.000
G1 Z1.000 F500.000
G4 P100
G1 X59.715 Y149.265 F1000.000
G1 X60.015 Y149.350
G1 X60.168 Y149.308
G1 X60.225 Y148.955
G1 X60.540 Y149.243
G1 X60.870 Y149.330
G1 X61.125 Y149.274
G1 X61.328 Y149.105
G1 X61.461 Y148.845
G1 X61.505 Y148.515
G1 X61.420 Y148.000
G1 X61.185 Y147.545
G1 X61.360 Y147.515
G1 X61.675 Y147.635
G1 X62.195 Y148.105
G1 X62.298 Y148.045
G1 X62.335 Y147.880
G1 X62.240 Y147.570
G1 X61.778 Y147.135
G1 X61.514 Y147.008
G1 X60.975 Y147.013
G1 X60.785 Y147.155
G1 X60.190 Y146.965
G1 X60.084 Y146.080
G1 X59.895 Y145.353
G1 X59.612 Y144.867
G1 X59.220 Y144.705
G1 X58.985 Y144.754
G1 X58.820 Y144.900
G1 X58.690 Y145.440
G1 X58.915 Y146.583
G1 X59.610 Y148.020
G1 X59.600 Y149.035
G0 Z5.000 F500.000
G0 X60.220 Y147.800 F3000.000
G1 Z1.000 F500.000
G4 P100
G1 X60.215 Y147.445 F1000.000
G1 X60.548 Y147.643
G1 X60.790 Y148.033
G1 X60.880 Y148.520
G1 X60.820 Y148.748
G1 X60.660 Y148.825
G1 X60.462 Y148.730
G1 X60.225 Y148.445
G1 X60.220 Y147.800
G0 Z5.000 F500.000
G0 X59.600 Y147.245 F3000.000
G1 Z1.000 F500.000
G4 P100
G1 X59.260 Y146.290 F1000.000
G1 X59.135 Y145.525
G1 X59.173 Y145.280
G1 X59.260 Y145.195
G1 X59.384 Y145.342
G1 X59.485 Y145.783
G1 X59.600 Y147.245
G0 Z5.000 F500.000
G0 X61.928 Y147.588 F3000.000
G1 Z1.000 F500.000
G4 P100
G1 X61.855 Y148.030 F1000.000
G1 X62.000 Y148.673
G1 X62.403 Y149.145
G1 X62.985 Y149.320
G1 X63.247 Y149.277
G1 X63.450 Y149.148
G1 X63.582 Y148.945
G1 X63.625 Y148.680
G1 X63.564 Y148.360
G1 X63.378 Y148.088
G1 X63.045 Y147.866
G1 X62.540 Y147.695
G1 X62.722 Y147.523
G1 X63.015 Y147.465
G1 X63.528 Y147.623
G1 X64.160 Y148.105
G1 X64.263 Y148.045
G1 X64.300 Y147.880
G1 X64.205 Y147.570
G1 X63.683 Y147.155
G1 X62.960 Y146.965
G1 X62.494 Y147.037
G1 X62.145 Y147.250
G1 X61.928 Y147.588
G0 Z5.000 F500.000
G0 X62.460 Y148.095 F3000.000
G1 Z1.000 F500.000
G4 P100
G1 X62.925 Y148.295 F1000.000
G1 X63.053 Y148.447
G1 X63.043 Y148.773
G1 X62.900 Y148.830
G1 X62.730 Y148.777
G1 X62.588 Y148.615
G1 X62.460 Y148.095
G0 Z5.000 F500.000
G0 X63.855 Y148.355 F3000.000
G1 Z1.000 F500.000
G4 P100
G1 X63.975 Y148.685 F1000.000
G1 X64.390 Y149.155
G1 X64.652 Y149.279
G1 X65.170 Y149.280
G1 X65.467 Y148.972
G1 X65.505 Y148.740
G1 X65.413 Y148.385
G1 X65.170 Y148.240
G1 X65.018 Y148.285
G1 X64.978 Y148.795
G1 X64.885 Y148.830
G1 X64.670 Y148.728
G1 X64.510 Y148.450
G1 X64.450 Y148.065
G1 X64.577 Y147.630
G1 X64.955 Y147.485
G1 X65.398 Y147.623
G1 X66.000 Y148.105
G1 X66.103 Y148.045
G1 X66.140 Y147.880
G1 X66.045 Y147.570
G1 X65.483 Y147.123
G1 X64.850 Y146.965
G1 X64.415 Y147.035
G1 X64.088 Y147.243
G1 X63.884 Y147.565
G1 X63.815 Y147.975
G1 X63.855 Y148.355
G0 Z5.000 F500.000
G0 X65.660 Y148.030 F3000.000
G1 Z1.000 F500.000
G4 P100
G1 X65.805 Y148.673 F1000.000
G1 X65.979 Y148.940
G1 X66.482 Y149.277
G1 X66.790 Y149.320
G1 X67.052 Y149.277
G1 X67.255 Y149.148
G1 X67.387 Y148.945
G1 X67.430 Y148.680
G1 X67.369 Y148.360
G1 X67.183 Y148.088
G1 X66.850 Y147.866
G1 X66.345 Y147.695
G1 X66.527 Y147.523
G1 X66.820 Y147.465
G1 X67.333 Y147.623
G1 X67.965 Y148.105
G1 X68.068 Y148.045
G1 X68.105 Y147.880
G1 X68.010 Y147.570
G1 X67.488 Y147.155
G1 X66.765 Y146.965
G1 X66.299 Y147.037
G1 X65.950 Y147.250
G1 X65.733 Y147.588
G1 X65.660 Y148.030
G0 Z5.000 F500.000
G0 X66.265 Y148.095 F3000.000
G1 Z1.000 F500.000
G4 P100
G1 X66.730 Y148.295 F1000.000
G1 X66.858 Y148.447
G1 X66.848 Y148.773
G1 X66.705 Y148.830
G1 X66.535 Y148.777
G1 X66.393 Y148.615
G1 X66.265 Y148.095
G0 Z5.000 F500.000
G0 X67.757 Y148.439 F3000.000
G1 Z1.000 F500.000
G4 P100
G1 X67.895 Y149.040 F1000.000
G1 X68.043 Y149.253
G1 X68.330 Y149.320
G1 X68.470 Y149.295
G1 X68.510 Y149.200
G1 X68.295 Y148.020
G1 X68.499 Y148.620
G1 X68.750 Y149.020
G1 X69.054 Y149.245
G1 X69.415 Y149.320
G1 X69.647 Y149.280
G1 X69.934 Y148.972
G1 X69.970 Y148.740
G1 X69.878 Y148.385
G1 X69.635 Y148.240
G1 X69.483 Y148.285
G1 X69.443 Y148.797
G1 X69.345 Y148.830
G1 X69.150 Y148.728
G1 X68.998 Y148.453
G1 X68.940 Y148.080
G1 X69.065 Y147.648
G1 X69.425 Y147.485
G1 X69.755 Y147.608
G1 X70.290 Y148.105
G1 X70.393 Y148.045
G1 X70.430 Y147.880
G1 X70.335 Y147.570
G1 X69.885 Y147.133
G1 X69.645 Y147.007
G1 X69.375 Y146.965
G1 X68.948 Y147.068
G1 X68.635 Y147.315
G1 X68.480 Y147.595
G1 X68.278 Y147.040
G1 X68.055 Y146.965
G1 X67.894 Y147.015
G1 X67.788 Y147.165
G1 X67.710 Y147.805
G1 X67.757 Y148.439
G0 Z5.000 F500.000
G0 X69.960 Y147.780 F3000.000
G1 Z1.000 F500.000
G4 P100
G1 X70.007 Y148.170 F1000.000
G1 X70.361 Y148.860
G1 X70.955 Y149.276
G1 X71.290 Y149.330
G1 X71.438 Y149.288
G1 X71.500 Y149.135
G1 X71.904 Y149.112
G1 X71.965 Y148.980
G1 X71.775 Y147.680
G1 X71.813 Y147.560
G1 X71.910 Y147.515
G1 X72.140 Y147.638
G1 X72.640 Y148.105
G1 X72.743 Y148.045
G1 X72.780 Y147.880
G1 X72.685 Y147.570
G1 X72.250 Y147.140
G1 X71.805 Y146.965
G1 X71.503 Y147.078
G1 X71.295 Y147.385
G1 X71.002 Y147.070
G1 X70.640 Y146.965
G1 X70.362 Y147.022
G1 X70.145 Y147.190
G1 X70.007 Y147.450
G1 X69.960 Y147.780
G0 Z5.000 F500.000
G0 X70.648 Y147.545 F3000.000
G1 Z1.000 F500.000
G4 P100
G1 X70.820 Y147.470 F1000.000
G1 X71.030 Y147.600
G1 X71.175 Y147.945
G1 X71.360 Y148.865
G1 X70.973 Y148.708
G1 X70.690 Y148.305
G1 X70.585 Y147.775
G1 X70.648 Y147.545
G0 Z5.000 F500.000
G0 X72.385 Y147.805 F3000.000
G1 Z1.000 F500.000
G4 P100
G1 X72.570 Y149.040 F1000.000
G1 X72.718 Y149.253
G1 X73.005 Y149.320
G1 X73.145 Y149.295
G1 X73.185 Y149.200
G1 X72.980 Y148.125
G1 X73.303 Y148.785
G1 X73.688 Y149.188
G1 X74.060 Y149.320
G1 X74.308 Y149.240
G1 X74.380 Y148.995
G1 X74.230 Y148.145
G1 X74.494 Y148.677
G1 X74.785 Y149.040
G1 X75.080 Y149.250
G1 X75.355 Y149.320
G1 X75.599 Y149.239
G1 X75.680 Y148.995
G1 X75.475 Y147.715
G1 X75.512 Y147.565
G1 X75.620 Y147.515
G1 X75.858 Y147.638
G1 X76.360 Y148.105
G1 X76.463 Y148.045
G1 X76.500 Y147.880
G1 X76.405 Y147.570
G1 X75.943 Y147.135
G1 X75.380 Y146.965
G1 X75.157 Y147.002
G1 X74.898 Y147.294
G1 X74.865 Y147.540
G1 X75.000 Y148.475
G1 X74.945 Y148.555
G1 X74.760 Y148.388
G1 X74.520 Y147.945
G1 X74.198 Y147.045
G1 X73.965 Y146.965
G1 X73.718 Y147.123
G1 X73.635 Y147.505
G1 X73.725 Y148.475
G1 X73.670 Y148.555
G1 X73.480 Y148.375
G1 X73.258 Y147.915
G1 X72.958 Y147.048
G1 X72.730 Y146.965
G1 X72.569 Y147.015
G1 X72.463 Y147.165
G1 X72.385 Y147.805
G0 Z5.000 F500.000
G0 X76.115 Y147.895 F3000.000
G1 Z1.000 F500.000
G4 P100
G1 X76.300 Y149.040 F1000.000
G1 X76.448 Y149.253
G1 X76.745 Y149.320
G1 X76.914 Y149.290
G1 X76.970 Y149.200
G1 X76.790 Y148.390
G1 X77.113 Y148.613
G1 X77.495 Y148.700
G1 X77.769 Y148.650
G1 X77.978 Y148.500
G1 X78.111 Y148.273
G1 X78.155 Y147.990
G1 X78.040 Y147.520
G1 X78.425 Y147.635
G1 X78.945 Y148.105
G1 X79.048 Y148.045
G1 X79.085 Y147.880
G1 X78.990 Y147.570
G1 X78.518 Y147.135
G1 X78.259 Y147.008
G1 X77.965 Y146.965
G1 X77.605 Y147.085
G1 X77.085 Y146.965
G1 X76.680 Y147.030
G1 X76.373 Y147.223
G1 X76.180 Y147.520
G1 X76.115 Y147.895
G0 Z5.000 F500.000
G0 X76.745 Y147.865 F3000.000
G1 Z1.000 F500.000
G4 P100
G1 X76.850 Y147.590 F1000.000
G1 X77.110 Y147.495
G1 X77.420 Y147.605
G1 X77.530 Y147.910
G1 X77.459 Y148.109
G1 X77.245 Y148.175
G1 X76.953 Y148.080
G1 X76.745 Y147.865
G0 Z5.000 F500.000
G0 X59.168 Y137.948 F3000.000
G1 Z1.000 F500.000
G4 P100
G1 X59.205 Y137.783 F1000.000
G1 X59.110 Y137.473
G1 X58.648 Y137.038
G1 X58.384 Y136.911
G1 X57.862 Y136.905
G1 X57.603 Y137.197
G1 X57.570 Y137.443
G1 X57.705 Y138.378
G1 X57.650 Y138.458
G1 X57.465 Y138.291
G1 X57.225 Y137.848
G1 X56.903 Y136.948
G1 X56.670 Y136.868
G1 X56.423 Y137.026
G1 X56.340 Y137.408
G1 X56.430 Y138.378
G1 X56.375 Y138.458
G1 X56.185 Y138.278
G1 X55.963 Y137.818
G1 X55.663 Y136.951
G1 X55.435 Y136.868
G1 X55.274 Y136.918
G1 X55.168 Y137.068
G1 X55.090 Y137.708
G1 X55.275 Y138.943
G1 X55.423 Y139.156
G1 X55.710 Y139.223
G1 X55.850 Y139.198
G1 X55.890 Y139.103
G1 X55.685 Y138.028
G1 X56.008 Y138.688
G1 X56.393 Y139.091
G1 X56.765 Y139.223
G1 X57.013 Y139.143
G1 X57.085 Y138.898
G1 X56.935 Y138.048
G1 X57.199 Y138.580
G1 X57.490 Y138.943
G1 X57.785 Y139.153
G1 X58.060 Y139.223
G1 X58.304 Y139.142
G1 X58.385 Y138.898
G1 X58.180 Y137.618
G1 X58.217 Y137.468
G1 X58.325 Y137.418
G1 X58.563 Y137.541
G1 X59.065 Y138.008
G1 X59.168 Y137.948
G0 Z5.000 F500.000
G0 X59.330 Y137.998 F3000.000
G1 Z1.000 F500.000
G4 P100
G1 X59.795 Y138.198 F1000.000
G1 X59.923 Y138.350
G1 X59.913 Y138.676
G1 X59.770 Y138.733
G1 X59.600 Y138.680
G1 X59.458 Y138.518
G1 X59.330 Y137.998
G0 Z5.000 F500.000
G0 X59.044 Y138.843 F3000.000
G1 Z1.000 F500.000
G4 P100
G1 X59.547 Y139.180 F1000.000
G1 X60.117 Y139.180
G1 X60.320 Y139.051
G1 X60.452 Y138.848
G1 X60.495 Y138.583
G1 X60.434 Y138.263
G1 X60.248 Y137.991
G1 X59.915 Y137.769
G1 X59.410 Y137.598
G1 X59.592 Y137.426
G1 X59.885 Y137.368
G1 X60.398 Y137.526
G1 X61.030 Y138.008
G1 X61.133 Y137.948
G1 X61.170 Y137.783
G1 X61.075 Y137.473
G1 X60.553 Y137.058
G1 X60.204 Y136.916
G1 X59.830 Y136.868
G1 X59.364 Y136.940
G1 X59.015 Y137.153
G1 X58.798 Y137.491
G1 X58.725 Y137.933
G1 X58.870 Y138.576
G1 X59.044 Y138.843
G0 Z5.000 F500.000
G0 X60.822 Y138.342 F3000.000
G1 Z1.000 F500.000
G4 P100
G1 X60.960 Y138.943 F1000.000
G1 X61.108 Y139.156
G1 X61.395 Y139.223
G1 X61.535 Y139.198
G1 X61.575 Y139.103
G1 X61.360 Y137.923
G1 X61.564 Y138.523
G1 X61.815 Y138.923
G1 X62.119 Y139.148
G1 X62.480 Y139.223
G1 X62.712 Y139.183
G1 X62.999 Y138.875
G1 X63.035 Y138.643
G1 X62.943 Y138.288
G1 X62.700 Y138.143
G1 X62.548 Y138.188
G1 X62.508 Y138.700
G1 X62.410 Y138.733
G1 X62.215 Y138.631
G1 X62.063 Y138.356
G1 X62.005 Y137.983
G1 X62.130 Y137.551
G1 X62.490 Y137.388
G1 X62.820 Y137.511
G1 X63.355 Y138.008
G1 X63.458 Y137.948
G1 X63.495 Y137.783
G1 X63.400 Y137.473
G1 X62.950 Y137.036
G1 X62.710 Y136.910
G1 X62.440 Y136.868
G1 X62.013 Y136.971
G1 X61.700 Y137.218
G1 X61.545 Y137.498
G1 X61.343 Y136.943
G1 X61.120 Y136.868
G1 X60.959 Y136.918
G1 X60.853 Y137.068
G1 X60.775 Y137.708
G1 X60.822 Y138.342
G0 Z5.000 F500.000
G0 X63.010 Y137.878 F3000.000
G1 Z1.000 F500.000
G4 P100
G1 X63.050 Y138.258 F1000.000
G1 X63.354 Y138.858
G1 X63.585 Y139.058
G1 X64.120 Y139.223
G1 X64.548 Y139.061
G1 X64.700 Y138.643
G1 X64.608 Y138.288
G1 X64.365 Y138.143
G1 X64.213 Y138.188
G1 X64.155 Y138.313
G1 X64.173 Y138.698
G1 X64.080 Y138.733
G1 X63.865 Y138.631
G1 X63.705 Y138.353
G1 X63.645 Y137.968
G1 X63.772 Y137.533
G1 X64.150 Y137.388
G1 X64.593 Y137.526
G1 X65.195 Y138.008
G1 X65.298 Y137.948
G1 X65.335 Y137.783
G1 X65.240 Y137.473
G1 X64.982 Y137.217
G1 X64.678 Y137.026
G1 X64.045 Y136.868
G1 X63.610 Y136.938
G1 X63.283 Y137.146
G1 X63.079 Y137.468
G1 X63.010 Y137.878
G0 Z5.000 F500.000
G0 X64.940 Y137.708 F3000.000
G1 Z1.000 F500.000
G4 P100
G1 X65.125 Y138.943 F1000.000
G1 X65.273 Y139.156
G1 X65.560 Y139.223
G1 X65.700 Y139.198
G1 X65.740 Y139.103
G1 X65.535 Y138.028
G1 X65.858 Y138.688
G1 X66.243 Y139.091
G1 X66.615 Y139.223
G1 X66.863 Y139.143
G1 X66.935 Y138.898
G1 X66.785 Y138.048
G1 X67.049 Y138.580
G1 X67.340 Y138.943
G1 X67.635 Y139.153
G1 X67.910 Y139.223
G1 X68.154 Y139.142
G1 X68.235 Y138.898
G1 X68.030 Y137.618
G1 X68.067 Y137.468
G1 X68.175 Y137.418
G1 X68.413 Y137.541
G1 X68.915 Y138.008
G1 X69.018 Y137.948
G1 X69.055 Y137.783
G1 X68.960 Y137.473
G1 X68.498 Y137.038
G1 X67.935 Y136.868
G1 X67.712 Y136.905
G1 X67.453 Y137.197
G1 X67.420 Y137.443
G1 X67.555 Y138.378
G1 X67.500 Y138.458
G1 X67.315 Y138.291
G1 X67.075 Y137.848
G1 X66.753 Y136.948
G1 X66.520 Y136.868
G1 X66.273 Y137.026
G1 X66.190 Y137.408
G1 X66.280 Y138.378
G1 X66.225 Y138.458
G1 X66.035 Y138.278
G1 X65.813 Y137.818
G1 X65.513 Y136.951
G1 X65.285 Y136.868
G1 X65.124 Y136.918
G1 X65.018 Y137.068
G1 X64.940 Y137.708
G0 Z5.000 F500.000
G0 X57.373 Y129.074 F3000.000
G1 Z1.000 F500.000
G4 P100
G1 X57.420 Y128.946 F1000.000
G1 X57.215 Y127.951
G1 X57.213 Y127.374
G1 X57.320 Y127.321
G1 X57.550 Y127.436
G1 X58.060 Y127.911
G1 X58.163 Y127.851
G1 X58.200 Y127.686
G1 X58.105 Y127.376
G1 X57.605 Y126.921
G1 X57.130 Y126.771
G1 X56.815 Y126.916
G1 X56.705 Y127.331
G1 X56.735 Y127.646
G1 X56.483 Y127.264
G1 X56.199 Y126.990
G1 X55.885 Y126.826
G1 X55.540 Y126.771
G1 X55.260 Y126.816
G1 X55.038 Y126.951
G1 X54.894 Y127.160
G1 X54.845 Y127.426
G1 X54.963 Y127.836
G1 X55.102 Y127.949
G1 X55.420 Y127.950
G1 X55.515 Y127.386
G1 X55.705 Y127.281
G1 X56.020 Y127.379
G1 X56.335 Y127.656
G1 X56.001 Y127.704
G1 X55.793 Y127.846
G1 X55.660 Y128.069
G1 X55.669 Y128.685
G1 X55.830 Y128.929
G1 X56.088 Y129.081
G1 X56.430 Y129.131
G1 X56.985 Y129.046
G1 X57.215 Y129.121
G1 X57.373 Y129.074
G0 Z5.000 F500.000
G0 X56.870 Y128.671 F3000.000
G1 Z1.000 F500.000
G4 P100
G1 X56.550 Y128.726 F1000.000
G1 X56.240 Y128.631
G1 X56.130 Y128.361
G1 X56.223 Y128.126
G1 X56.600 Y128.041
G1 X56.870 Y128.671
G0 Z5.000 F500.000
G0 X57.570 Y127.436 F3000.000
G1 Z1.000 F500.000
G4 P100
G1 X58.065 Y128.071 F1000.000
G1 X58.625 Y129.338
G1 X58.885 Y129.421
G1 X59.077 Y129.370
G1 X59.338 Y129.039
G1 X59.595 Y128.981
G1 X60.215 Y129.136
G1 X60.350 Y129.086
G1 X60.400 Y128.936
G1 X60.355 Y128.729
G1 X60.220 Y128.566
G1 X59.538 Y127.969
G1 X59.390 Y127.747
G1 X59.340 Y127.526
G1 X59.418 Y127.339
G1 X59.650 Y127.276
G1 X60.190 Y127.429
G1 X60.840 Y127.911
G1 X60.943 Y127.851
G1 X60.980 Y127.686
G1 X60.885 Y127.376
G1 X60.295 Y126.894
G1 X59.585 Y126.721
G1 X59.211 Y126.766
G1 X58.938 Y126.899
G1 X58.771 Y127.120
G1 X58.715 Y127.426
G1 X58.771 Y127.746
G1 X58.938 Y128.024
G1 X59.580 Y128.571
G1 X59.355 Y128.536
G1 X59.078 Y128.621
G1 X58.895 Y128.876
G1 X58.570 Y127.996
G1 X58.233 Y127.524
G1 X57.870 Y127.141
G1 X57.680 Y127.051
G1 X57.550 Y127.109
G1 X57.500 Y127.251
G1 X57.570 Y127.436
G0 Z5.000 F500.000
G0 X60.495 Y127.836 F3000.000
G1 Z1.000 F500.000
G4 P100
G1 X60.640 Y128.479 F1000.000
G1 X60.814 Y128.746
G1 X61.317 Y129.083
G1 X61.625 Y129.126
G1 X61.887 Y129.083
G1 X62.090 Y128.954
G1 X62.222 Y128.751
G1 X62.265 Y128.486
G1 X62.204 Y128.166
G1 X62.018 Y127.894
G1 X61.685 Y127.672
G1 X61.180 Y127.501
G1 X61.362 Y127.329
G1 X61.655 Y127.271
G1 X62.168 Y127.429
G1 X62.800 Y127.911
G1 X62.903 Y127.851
G1 X62.940 Y127.686
G1 X62.845 Y127.376
G1 X62.323 Y126.961
G1 X61.600 Y126.771
G1 X61.134 Y126.843
G1 X60.785 Y127.056
G1 X60.568 Y127.394
G1 X60.495 Y127.836
G0 Z5.000 F500.000
G0 X61.100 Y127.901 F3000.000
G1 Z1.000 F500.000
G4 P100
G1 X61.565 Y128.101 F1000.000
G1 X61.693 Y128.253
G1 X61.683 Y128.579
G1 X61.540 Y128.636
G1 X61.370 Y128.583
G1 X61.228 Y128.421
G1 X61.100 Y127.901
G0 Z5.000 F500.000
G0 X62.585 Y128.184 F3000.000
G1 Z1.000 F500.000
G4 P100
G1 X62.750 Y128.846 F1000.000
G1 X62.890 Y129.061
G1 X63.328 Y129.091
G1 X63.370 Y128.986
G1 X63.135 Y127.681
G1 X63.240 Y127.491
G1 X63.428 Y127.641
G1 X63.668 Y128.096
G1 X64.038 Y129.061
G1 X64.445 Y129.099
G1 X64.490 Y128.996
G1 X64.225 Y127.521
G1 X64.265 Y127.374
G1 X64.370 Y127.321
G1 X64.608 Y127.444
G1 X65.110 Y127.911
G1 X65.213 Y127.851
G1 X65.250 Y127.686
G1 X65.155 Y127.376
G1 X64.693 Y126.941
G1 X64.429 Y126.814
G1 X63.922 Y126.818
G1 X63.778 Y126.956
G1 X63.665 Y127.476
G1 X63.410 Y126.954
G1 X63.045 Y126.771
G1 X62.841 Y126.823
G1 X62.571 Y127.212
G1 X62.585 Y128.184
G0 Z5.000 F500.000
G0 X63.180 Y129.551 F3000.000
G1 Z1.000 F500.000
G4 P100
G1 X62.910 Y129.801 F1000.000
G1 X62.815 Y130.131
G1 X62.895 Y130.334
G1 X63.100 Y130.411
G1 X63.290 Y130.351
G1 X63.479 Y129.989
G1 X63.660 Y129.936
G1 X64.065 Y130.069
G1 X64.400 Y130.534
G1 X64.658 Y130.519
G1 X64.700 Y130.316
G1 X64.515 Y129.916
G1 X64.145 Y129.589
G1 X63.585 Y129.456
G1 X63.180 Y129.551
G0 Z5.000 F500.000
G0 X65.040 Y128.846 F3000.000
G1 Z1.000 F500.000
G4 P100
G1 X65.188 Y129.059 F1000.000
G1 X65.475 Y129.126
G1 X65.615 Y129.101
G1 X65.655 Y129.006
G1 X65.440 Y127.826
G1 X65.644 Y128.426
G1 X65.895 Y128.826
G1 X66.199 Y129.051
G1 X66.560 Y129.126
G1 X66.792 Y129.086
G1 X67.079 Y128.778
G1 X67.115 Y128.546
G1 X67.023 Y128.191
G1 X66.780 Y128.046
G1 X66.628 Y128.091
G1 X66.588 Y128.603
G1 X66.490 Y128.636
G1 X66.295 Y128.534
G1 X66.143 Y128.259
G1 X66.085 Y127.886
G1 X66.210 Y127.454
G1 X66.570 Y127.291
G1 X66.900 Y127.414
G1 X67.435 Y127.911
G1 X67.538 Y127.851
G1 X67.575 Y127.686
G1 X67.480 Y127.376
G1 X67.030 Y126.939
G1 X66.520 Y126.771
G1 X66.093 Y126.874
G1 X65.780 Y127.121
G1 X65.625 Y127.401
G1 X65.423 Y126.846
G1 X65.200 Y126.771
G1 X65.039 Y126.821
G1 X64.933 Y126.971
G1 X64.855 Y127.611
G1 X65.040 Y128.846
G0 Z5.000 F500.000
G0 X67.220 Y128.184 F3000.000
G1 Z1.000 F500.000
G4 P100
G1 X67.385 Y128.846 F1000.000
G1 X67.525 Y129.061
G1 X67.963 Y129.091
G1 X68.005 Y128.986
G1 X67.770 Y127.681
G1 X67.875 Y127.491
G1 X68.063 Y127.641
G1 X68.303 Y128.096
G1 X68.673 Y129.061
G1 X69.080 Y129.099
G1 X69.125 Y128.996
G1 X68.860 Y127.521
G1 X68.900 Y127.374
G1 X69.005 Y127.321
G1 X69.243 Y127.444
G1 X69.745 Y127.911
G1 X69.848 Y127.851
G1 X69.885 Y127.686
G1 X69.790 Y127.376
G1 X69.328 Y126.941
G1 X69.064 Y126.814
G1 X68.557 Y126.818
G1 X68.413 Y126.956
G1 X68.300 Y127.476
G1 X68.045 Y126.954
G1 X67.680 Y126.771
G1 X67.476 Y126.823
G1 X67.206 Y127.212
G1 X67.220 Y128.184
G0 Z5.000 F500.000
G0 X69.380 Y127.206 F3000.000
G1 Z1.000 F500.000
G4 P100
G1 X69.508 Y127.566 F1000.000
G1 X69.865 Y127.701
G1 X70.198 Y127.594
G1 X70.310 Y127.276
G1 X70.180 Y126.909
G1 X69.825 Y126.771
G1 X69.493 Y126.891
G1 X69.380 Y127.206
G0 Z5.000 F500.000
G0 X85.587 Y177.326 F3000.000
G1 Z1.000 F500.000
G4 P100
G1 X85.260 Y177.534 F1000.000
G1 X85.055 Y177.856
G1 X84.987 Y178.266
G1 X85.027 Y178.646
G1 X85.147 Y178.976
G1 X85.562 Y179.446
G1 X85.824 Y179.570
G1 X86.342 Y179.571
G1 X86.639 Y179.263
G1 X86.677 Y179.031
G1 X86.585 Y178.676
G1 X86.342 Y178.531
G1 X86.190 Y178.576
G1 X86.150 Y179.086
G1 X86.057 Y179.121
G1 X85.842 Y179.019
G1 X85.682 Y178.741
G1 X85.654 Y178.103
G1 X85.906 Y177.813
G1 X86.127 Y177.776
G1 X86.570 Y177.914
G1 X87.172 Y178.396
G1 X87.275 Y178.336
G1 X87.312 Y178.171
G1 X87.217 Y177.861
G1 X86.655 Y177.414
G1 X86.022 Y177.256
G1 X85.587 Y177.326
G0 Z5.000 F500.000
G0 X86.943 Y177.697 F3000.000
G1 Z1.000 F500.000
G4 P100
G1 X86.957 Y178.669 F1000.000
G1 X87.122 Y179.331
G1 X87.262 Y179.546
G1 X87.547 Y179.611
G1 X87.700 Y179.576
G1 X87.742 Y179.471
G1 X87.532 Y178.019
G1 X87.612 Y177.976
G1 X87.800 Y178.126
G1 X88.410 Y179.546
G1 X88.657 Y179.611
G1 X88.817 Y179.584
G1 X88.862 Y179.481
G1 X88.597 Y178.006
G1 X88.637 Y177.859
G1 X88.742 Y177.806
G1 X88.980 Y177.929
G1 X89.482 Y178.396
G1 X89.585 Y178.336
G1 X89.622 Y178.171
G1 X89.527 Y177.861
G1 X89.065 Y177.426
G1 X88.800 Y177.299
G1 X88.294 Y177.303
G1 X88.150 Y177.441
G1 X88.037 Y177.961
G1 X87.782 Y177.439
G1 X87.417 Y177.256
G1 X87.213 Y177.308
G1 X86.943 Y177.697
G0 Z5.000 F500.000
G0 X89.305 Y177.456 F3000.000
G1 Z1.000 F500.000
G4 P100
G1 X89.227 Y178.096 F1000.000
G1 X89.274 Y178.730
G1 X89.412 Y179.331
G1 X89.560 Y179.544
G1 X89.847 Y179.611
G1 X89.987 Y179.586
G1 X90.027 Y179.491
G1 X89.822 Y178.411
G1 X90.192 Y179.111
G1 X90.595 Y179.496
G1 X90.957 Y179.611
G1 X91.201 Y179.530
G1 X91.282 Y179.286
G1 X91.229 Y178.590
G1 X91.322 Y178.546
G1 X91.817 Y178.831
G1 X91.920 Y178.774
G1 X91.957 Y178.621
G1 X91.857 Y178.331
G1 X91.530 Y178.084
G1 X91.132 Y177.981
G1 X90.730 Y178.116
G1 X90.627 Y178.275
G1 X90.562 Y178.846
G1 X90.365 Y178.679
G1 X90.122 Y178.236
G1 X89.800 Y177.339
G1 X89.572 Y177.256
G1 X89.410 Y177.306
G1 X89.305 Y177.456
G0 Z5.000 F500.000
G0 X91.562 Y177.921 F3000.000
G1 Z1.000 F500.000
G4 P100
G1 X91.502 Y179.321 F1000.000
G1 X91.592 Y179.551
G1 X91.847 Y179.616
G1 X92.040 Y179.559
G1 X92.172 Y177.871
G1 X92.622 Y178.581
G1 X92.547 Y178.926
G1 X92.622 Y179.256
G1 X92.827 Y179.516
G1 X93.122 Y179.616
G1 X93.357 Y179.514
G1 X93.447 Y179.216
G1 X93.327 Y178.701
G1 X94.017 Y178.806
G1 X94.132 Y178.756
G1 X94.112 Y178.379
G1 X93.932 Y178.251
G1 X93.442 Y178.176
G1 X93.027 Y178.236
G1 X92.362 Y177.361
G1 X92.032 Y177.256
G1 X91.849 Y177.296
G1 X91.710 Y177.416
G1 X91.562 Y177.921
G0 Z5.000 F500.000
G0 X93.735 Y177.879 F3000.000
G1 Z1.000 F500.000
G4 P100
G1 X93.662 Y178.321 F1000.000
G1 X93.807 Y178.964
G1 X94.210 Y179.436
G1 X94.792 Y179.611
G1 X95.054 Y179.568
G1 X95.257 Y179.439
G1 X95.389 Y179.236
G1 X95.432 Y178.971
G1 X95.370 Y178.651
G1 X95.185 Y178.379
G1 X94.852 Y178.157
G1 X94.347 Y177.986
G1 X94.529 Y177.814
G1 X94.822 Y177.756
G1 X95.335 Y177.914
G1 X95.967 Y178.396
G1 X96.070 Y178.336
G1 X96.107 Y178.171
G1 X96.012 Y177.861
G1 X95.490 Y177.446
G1 X94.767 Y177.256
G1 X94.301 Y177.328
G1 X93.952 Y177.541
G1 X93.735 Y177.879
G0 Z5.000 F500.000
G0 X94.267 Y178.386 F3000.000
G1 Z1.000 F500.000
G4 P100
G1 X94.732 Y178.586 F1000.000
G1 X94.860 Y178.738
G1 X94.850 Y179.064
G1 X94.707 Y179.121
G1 X94.537 Y179.068
G1 X94.395 Y178.906
G1 X94.267 Y178.386
G0 Z5.000 F500.000
G0 X97.107 Y178.526 F3000.000
G1 Z1.000 F500.000
G4 P100
G1 X97.202 Y179.331 F1000.000
G1 X97.312 Y179.544
G1 X97.587 Y179.611
G1 X97.785 Y179.566
G1 X97.832 Y179.441
G1 X97.617 Y177.826
G1 X98.462 Y178.386
G1 X98.565 Y178.324
G1 X98.567 Y177.986
G1 X97.522 Y177.236
G1 X97.299 Y176.308
G1 X97.017 Y175.601
G1 X96.665 Y175.155
G1 X96.227 Y175.006
G1 X95.993 Y175.046
G1 X95.692 Y175.346
G1 X95.652 Y175.576
G1 X95.721 Y175.943
G1 X95.927 Y176.334
G1 X96.324 Y176.783
G1 X96.962 Y177.326
G1 X97.107 Y178.526
G0 Z5.000 F500.000
G0 X96.857 Y176.736 F3000.000
G1 Z1.000 F500.000
G4 P100
G1 X96.310 Y176.149 F1000.000
G1 X96.142 Y175.686
G1 X96.177 Y175.540
G1 X96.282 Y175.491
G1 X96.419 Y175.565
G1 X96.567 Y175.786
G1 X96.857 Y176.736
G0 Z5.000 F500.000
G0 X97.562 Y179.941 F3000.000
G1 Z1.000 F500.000
G4 P100
G1 X97.247 Y180.039 F1000.000
G1 X97.142 Y180.311
G1 X97.280 Y180.604
G1 X97.622 Y180.721
G1 X97.922 Y180.631
G1 X98.037 Y180.376
G1 X97.907 Y180.059
G1 X97.562 Y179.941
G0 Z5.000 F500.000
G0 X98.540 Y179.249 F3000.000
G1 Z1.000 F500.000
G4 P100
G1 X99.036 Y179.575 F1000.000
G1 X99.332 Y179.616
G1 X99.675 Y179.551
G1 X99.945 Y179.354
G1 X100.129 Y179.061
G1 X100.217 Y178.706
G1 X100.847 Y178.816
G1 X100.947 Y178.751
G1 X100.946 Y178.395
G1 X100.837 Y178.301
G1 X100.177 Y178.181
G1 X100.036 Y177.803
G1 X99.802 Y177.509
G1 X99.504 Y177.320
G1 X98.889 Y177.293
G1 X98.655 Y177.401
G1 X98.332 Y177.786
G1 X98.222 Y178.306
G1 X98.367 Y178.984
G1 X98.540 Y179.249
G0 Z5.000 F500.000
G0 X98.880 Y178.662 F3000.000
G1 Z1.000 F500.000
G4 P100
G1 X98.847 Y178.351 F1000.000
G1 X98.955 Y177.931
G1 X99.207 Y177.786
G1 X99.485 Y177.916
G1 X99.642 Y178.291
G1 X99.405 Y178.566
G1 X99.337 Y179.086
G1 X99.135 Y179.038
G1 X98.980 Y178.894
G1 X98.880 Y178.662
G0 Z5.000 F500.000
G0 X100.605 Y178.674 F3000.000
G1 Z1.000 F500.000
G4 P100
G1 X100.752 Y179.331 F1000.000
G1 X100.872 Y179.551
G1 X101.112 Y179.611
G1 X101.304 Y179.569
G1 X101.367 Y179.441
G1 X101.152 Y178.116
G1 X101.192 Y177.886
G1 X101.327 Y177.806
G1 X101.552 Y177.931
G1 X102.047 Y178.396
G1 X102.150 Y178.336
G1 X102.187 Y178.171
G1 X102.092 Y177.861
G1 X101.614 Y177.408
G1 X101.167 Y177.256
G1 X100.887 Y177.314
G1 X100.695 Y177.486
G1 X100.584 Y177.754
G1 X100.605 Y178.674
G0 Z5.000 F500.000
G0 X101.207 Y179.941 F3000.000
G1 Z1.000 F500.000
G4 P100
G1 X100.892 Y180.039 F1000.000
G1 X100.787 Y180.311
G1 X100.925 Y180.604
G1 X101.267 Y180.721
G1 X101.567 Y180.631
G1 X101.682 Y180.376
G1 X101.552 Y180.059
G1 X101.207 Y179.941
G0 Z5.000 F500.000
G0 X102.125 Y179.544 F3000.000
G1 Z1.000 F500.000
G4 P100
G1 X102.412 Y179.611 F1000.000
G1 X102.552 Y179.586
G1 X102.592 Y179.491
G1 X102.387 Y178.411
G1 X102.757 Y179.111
G1 X103.160 Y179.496
G1 X103.522 Y179.611
G1 X103.766 Y179.530
G1 X103.847 Y179.286
G1 X103.642 Y178.006
G1 X103.679 Y177.856
G1 X103.787 Y177.806
G1 X104.025 Y177.929
G1 X104.527 Y178.396
G1 X104.630 Y178.336
G1 X104.667 Y178.171
G1 X104.572 Y177.861
G1 X104.110 Y177.426
G1 X103.845 Y177.299
G1 X103.324 Y177.293
G1 X103.065 Y177.585
G1 X103.032 Y177.831
G1 X103.167 Y178.766
G1 X103.112 Y178.846
G1 X102.930 Y178.679
G1 X102.690 Y178.236
G1 X102.365 Y177.339
G1 X102.137 Y177.256
G1 X101.975 Y177.306
G1 X101.870 Y177.456
G1 X101.792 Y178.096
G1 X101.839 Y178.730
G1 X101.977 Y179.331
G1 X102.125 Y179.544
G0 Z5.000 F500.000
G0 X86.887 Y171.364 F3000.000
G1 Z1.000 F500.000
G4 P100
G1 X87.007 Y170.899 F1000.000
G1 X86.967 Y170.524
G1 X86.845 Y170.174
G1 X86.357 Y169.549
G1 X87.032 Y169.514
G1 X87.032 Y169.233
G1 X86.926 Y169.126
G1 X86.502 Y169.039
G1 X85.892 Y169.039
G1 X85.913 Y168.207
G1 X86.005 Y167.919
G1 X86.163 Y167.762
G1 X86.392 Y167.709
G1 X86.772 Y167.839
G1 X87.297 Y168.299
G1 X87.400 Y168.239
G1 X87.437 Y168.074
G1 X87.342 Y167.764
G1 X86.872 Y167.329
G1 X86.287 Y167.159
G1 X85.841 Y167.249
G1 X85.522 Y167.518
G1 X85.331 Y167.967
G1 X85.282 Y169.039
G1 X84.885 Y169.094
G1 X84.832 Y169.269
G1 X84.889 Y169.479
G1 X85.342 Y169.549
G1 X85.602 Y170.554
G1 X86.025 Y171.279
G1 X86.282 Y171.482
G1 X86.557 Y171.549
G1 X86.745 Y171.503
G1 X86.887 Y171.364
G0 Z5.000 F500.000
G0 X86.422 Y171.069 F3000.000
G1 Z1.000 F500.000
G4 P100
G1 X86.255 Y170.882 F1000.000
G1 X86.080 Y170.362
G1 X85.942 Y169.624
G1 X86.385 Y170.197
G1 X86.532 Y170.774
G1 X86.505 Y170.996
G1 X86.422 Y171.069
G0 Z5.000 F500.000
G0 X87.505 Y169.339 F3000.000
G1 Z1.000 F500.000
G4 P100
G1 X87.779 Y169.471 F1000.000
G1 X88.349 Y169.471
G1 X88.552 Y169.342
G1 X88.684 Y169.139
G1 X88.727 Y168.874
G1 X88.665 Y168.554
G1 X88.480 Y168.282
G1 X88.147 Y168.060
G1 X87.642 Y167.889
G1 X87.824 Y167.717
G1 X88.117 Y167.659
G1 X88.630 Y167.817
G1 X89.262 Y168.299
G1 X89.365 Y168.239
G1 X89.402 Y168.074
G1 X89.307 Y167.764
G1 X88.785 Y167.349
G1 X88.435 Y167.207
G1 X88.062 Y167.159
G1 X87.596 Y167.231
G1 X87.247 Y167.444
G1 X87.030 Y167.782
G1 X86.957 Y168.224
G1 X87.102 Y168.867
G1 X87.505 Y169.339
G0 Z5.000 F500.000
G0 X87.690 Y168.809 F3000.000
G1 Z1.000 F500.000
G4 P100
G1 X87.562 Y168.289 F1000.000
G1 X88.027 Y168.489
G1 X88.197 Y168.814
G1 X88.145 Y168.967
G1 X88.002 Y169.024
G1 X87.832 Y168.971
G1 X87.690 Y168.809
G0 Z5.000 F500.000
G0 X88.837 Y167.899 F3000.000
G1 Z1.000 F500.000
G4 P100
G1 X89.252 Y168.459 F1000.000
G1 X89.677 Y169.349
G1 X89.824 Y169.514
G1 X90.072 Y169.569
G1 X90.267 Y169.544
G1 X90.322 Y169.464
G1 X90.157 Y168.934
G1 X90.615 Y168.187
G1 X90.687 Y167.724
G1 X91.397 Y168.299
G1 X91.500 Y168.239
G1 X91.537 Y168.074
G1 X91.442 Y167.764
G1 X90.965 Y167.342
G1 X89.927 Y167.049
G1 X89.530 Y167.169
G1 X89.392 Y167.439
G1 X89.487 Y167.664
G1 X89.767 Y167.759
G1 X90.052 Y167.729
G1 X89.995 Y167.974
G1 X89.712 Y168.384
G1 X89.405 Y167.894
G1 X89.072 Y167.524
G1 X88.882 Y167.434
G1 X88.752 Y167.492
G1 X88.702 Y167.634
G1 X88.837 Y167.899
G0 Z5.000 F500.000
G0 X90.950 Y169.094 F3000.000
G1 Z1.000 F500.000
G4 P100
G1 X90.897 Y169.269 F1000.000
G1 X90.954 Y169.479
G1 X91.407 Y169.549
G1 X91.667 Y170.554
G1 X92.090 Y171.279
G1 X92.347 Y171.482
G1 X92.622 Y171.549
G1 X92.810 Y171.503
G1 X92.952 Y171.364
G1 X93.072 Y170.899
G1 X93.032 Y170.524
G1 X92.910 Y170.174
G1 X92.422 Y169.549
G1 X93.097 Y169.514
G1 X93.097 Y169.233
G1 X92.991 Y169.126
G1 X92.567 Y169.039
G1 X91.957 Y169.039
G1 X91.978 Y168.207
G1 X92.070 Y167.919
G1 X92.228 Y167.762
G1 X92.457 Y167.709
G1 X92.837 Y167.839
G1 X93.362 Y168.299
G1 X93.465 Y168.239
G1 X93.502 Y168.074
G1 X93.407 Y167.764
G1 X92.937 Y167.329
G1 X92.664 Y167.202
G1 X92.352 Y167.159
G1 X91.906 Y167.249
G1 X91.587 Y167.518
G1 X91.396 Y167.967
G1 X91.347 Y169.039
G1 X90.950 Y169.094
G0 Z5.000 F500.000
G0 X92.007 Y169.624 F3000.000
G1 Z1.000 F500.000
G4 P100
G1 X92.450 Y170.197 F1000.000
G1 X92.597 Y170.774
G1 X92.570 Y170.996
G1 X92.487 Y171.069
G1 X92.320 Y170.882
G1 X92.145 Y170.362
G1 X92.007 Y169.624
G0 Z5.000 F500.000
G0 X95.117 Y169.784 F3000.000
G1 Z1.000 F500.000
G4 P100
G1 X95.310 Y170.032 F1000.000
G1 X95.612 Y170.104
G1 X95.780 Y170.054
G1 X95.837 Y169.924
G1 X95.097 Y168.309
G1 X95.867 Y168.309
G1 X96.032 Y169.194
G1 X96.162 Y169.432
G1 X96.412 Y169.514
G1 X96.604 Y169.459
G1 X96.667 Y169.294
G1 X96.497 Y168.309
G1 X96.876 Y168.253
G1 X96.942 Y168.084
G1 X96.842 Y167.834
G1 X96.422 Y167.764
G1 X96.305 Y167.189
G1 X96.037 Y167.109
G1 X95.839 Y167.191
G1 X95.772 Y167.434
G1 X95.802 Y167.764
G1 X94.702 Y167.769
G1 X94.507 Y167.869
G1 X94.422 Y168.129
G1 X94.457 Y168.329
G1 X95.117 Y169.784
G0 Z5.000 F500.000
G0 X97.207 Y167.594 F3000.000
G1 Z1.000 F500.000
G4 P100
G1 X97.335 Y167.954 F1000.000
G1 X97.692 Y168.089
G1 X98.025 Y167.982
G1 X98.137 Y167.664
G1 X98.007 Y167.297
G1 X97.652 Y167.159
G1 X97.320 Y167.279
G1 X97.207 Y167.594
G0 Z5.000 F500.000
G0 X97.827 Y168.584 F3000.000
G1 Z1.000 F500.000
G4 P100
G1 X97.495 Y168.704 F1000.000
G1 X97.382 Y169.019
G1 X97.510 Y169.379
G1 X97.867 Y169.514
G1 X98.200 Y169.407
G1 X98.312 Y169.089
G1 X98.182 Y168.722
G1 X97.827 Y168.584
G0 Z5.000 F500.000
G0 X88.291 Y159.336 F3000.000
G1 Z1.000 F500.000
G4 P100
G1 X88.372 Y159.092 F1000.000
G1 X88.167 Y157.812
G1 X88.204 Y157.662
G1 X88.312 Y157.612
G1 X88.550 Y157.735
G1 X89.052 Y158.202
G1 X89.155 Y158.142
G1 X89.192 Y157.977
G1 X89.097 Y157.667
G1 X88.635 Y157.232
G1 X88.072 Y157.062
G1 X87.687 Y157.210
G1 X87.557 Y157.637
G1 X87.692 Y158.572
G1 X87.637 Y158.652
G1 X87.452 Y158.485
G1 X87.212 Y158.042
G1 X86.890 Y157.142
G1 X86.657 Y157.062
G1 X86.410 Y157.220
G1 X86.327 Y157.602
G1 X86.417 Y158.572
G1 X86.362 Y158.652
G1 X86.172 Y158.472
G1 X85.950 Y158.012
G1 X85.650 Y157.145
G1 X85.422 Y157.062
G1 X85.260 Y157.112
G1 X85.155 Y157.262
G1 X85.077 Y157.902
G1 X85.124 Y158.536
G1 X85.262 Y159.137
G1 X85.410 Y159.350
G1 X85.697 Y159.417
G1 X85.837 Y159.392
G1 X85.877 Y159.297
G1 X85.672 Y158.222
G1 X85.995 Y158.882
G1 X86.380 Y159.285
G1 X86.752 Y159.417
G1 X87.000 Y159.337
G1 X87.072 Y159.092
G1 X86.922 Y158.242
G1 X87.186 Y158.774
G1 X87.477 Y159.137
G1 X87.772 Y159.347
G1 X88.047 Y159.417
G1 X88.291 Y159.336
G0 Z5.000 F500.000
G0 X88.987 Y159.137 F3000.000
G1 Z1.000 F500.000
G4 P100
G1 X89.107 Y159.357 F1000.000
G1 X89.347 Y159.417
G1 X89.539 Y159.375
G1 X89.602 Y159.247
G1 X89.387 Y157.922
G1 X89.427 Y157.692
G1 X89.562 Y157.612
G1 X89.787 Y157.737
G1 X90.282 Y158.202
G1 X90.385 Y158.142
G1 X90.422 Y157.977
G1 X90.327 Y157.667
G1 X89.849 Y157.214
G1 X89.402 Y157.062
G1 X89.122 Y157.120
G1 X88.930 Y157.292
G1 X88.819 Y157.560
G1 X88.840 Y158.480
G1 X88.987 Y159.137
G0 Z5.000 F500.000
G0 X89.127 Y159.845 F3000.000
G1 Z1.000 F500.000
G4 P100
G1 X89.022 Y160.117 F1000.000
G1 X89.160 Y160.410
G1 X89.502 Y160.527
G1 X89.802 Y160.437
G1 X89.917 Y160.182
G1 X89.787 Y159.865
G1 X89.442 Y159.747
G1 X89.127 Y159.845
G0 Z5.000 F500.000
G0 X90.212 Y159.137 F3000.000
G1 Z1.000 F500.000
G4 P100
G1 X90.360 Y159.350 F1000.000
G1 X90.787 Y159.392
G1 X90.827 Y159.297
G1 X90.622 Y158.217
G1 X90.992 Y158.917
G1 X91.395 Y159.302
G1 X91.757 Y159.417
G1 X92.001 Y159.336
G1 X92.082 Y159.092
G1 X91.877 Y157.812
G1 X91.914 Y157.662
G1 X92.022 Y157.612
G1 X92.260 Y157.735
G1 X92.762 Y158.202
G1 X92.865 Y158.142
G1 X92.902 Y157.977
G1 X92.807 Y157.667
G1 X92.345 Y157.232
G1 X92.080 Y157.105
G1 X91.559 Y157.099
G1 X91.300 Y157.391
G1 X91.267 Y157.637
G1 X91.402 Y158.572
G1 X91.347 Y158.652
G1 X91.165 Y158.485
G1 X90.925 Y158.042
G1 X90.600 Y157.145
G1 X90.372 Y157.062
G1 X90.210 Y157.112
G1 X90.105 Y157.262
G1 X90.027 Y157.902
G1 X90.212 Y159.137
G0 Z5.000 F500.000
G0 X92.550 Y158.480 F3000.000
G1 Z1.000 F500.000
G4 P100
G1 X92.697 Y159.137 F1000.000
G1 X92.817 Y159.357
G1 X93.057 Y159.417
G1 X93.249 Y159.375
G1 X93.312 Y159.247
G1 X93.097 Y157.922
G1 X93.137 Y157.692
G1 X93.272 Y157.612
G1 X93.497 Y157.737
G1 X93.992 Y158.202
G1 X94.095 Y158.142
G1 X94.132 Y157.977
G1 X94.037 Y157.667
G1 X93.559 Y157.214
G1 X93.112 Y157.062
G1 X92.832 Y157.120
G1 X92.640 Y157.292
G1 X92.529 Y157.560
G1 X92.550 Y158.480
G0 Z5.000 F500.000
G0 X93.152 Y159.747 F3000.000
G1 Z1.000 F500.000
G4 P100
G1 X92.837 Y159.845 F1000.000
G1 X92.732 Y160.117
G1 X92.870 Y160.410
G1 X93.212 Y160.527
G1 X93.512 Y160.437
G1 X93.627 Y160.182
G1 X93.497 Y159.865
G1 X93.152 Y159.747
G0 Z5.000 F500.000
G0 X94.070 Y159.350 F3000.000
G1 Z1.000 F500.000
G4 P100
G1 X94.357 Y159.417 F1000.000
G1 X94.497 Y159.392
G1 X94.537 Y159.297
G1 X94.332 Y158.222
G1 X94.655 Y158.882
G1 X95.040 Y159.285
G1 X95.412 Y159.417
G1 X95.660 Y159.337
G1 X95.732 Y159.092
G1 X95.582 Y158.242
G1 X95.846 Y158.774
G1 X96.137 Y159.137
G1 X96.432 Y159.347
G1 X96.707 Y159.417
G1 X96.951 Y159.336
G1 X97.032 Y159.092
G1 X96.827 Y157.812
G1 X96.864 Y157.662
G1 X96.972 Y157.612
G1 X97.210 Y157.735
G1 X97.712 Y158.202
G1 X97.815 Y158.142
G1 X97.852 Y157.977
G1 X97.757 Y157.667
G1 X97.295 Y157.232
G1 X97.030 Y157.105
G1 X96.509 Y157.099
G1 X96.250 Y157.391
G1 X96.217 Y157.637
G1 X96.352 Y158.572
G1 X96.297 Y158.652
G1 X96.112 Y158.485
G1 X95.872 Y158.042
G1 X95.550 Y157.142
G1 X95.317 Y157.062
G1 X95.173 Y157.102
G1 X95.070 Y157.220
G1 X94.987 Y157.602
G1 X95.077 Y158.572
G1 X95.022 Y158.652
G1 X94.832 Y158.472
G1 X94.610 Y158.012
G1 X94.310 Y157.145
G1 X94.082 Y157.062
G1 X93.920 Y157.112
G1 X93.815 Y157.262
G1 X93.737 Y157.902
G1 X93.784 Y158.536
G1 X93.922 Y159.137
G1 X94.070 Y159.350
G0 Z5.000 F500.000
G0 X97.497 Y158.475 F3000.000
G1 Z1.000 F500.000
G4 P100
G1 X97.662 Y159.137 F1000.000
G1 X97.802 Y159.352
G1 X98.240 Y159.382
G1 X98.282 Y159.277
G1 X98.047 Y157.972
G1 X98.152 Y157.782
G1 X98.340 Y157.932
G1 X98.580 Y158.387
G1 X98.950 Y159.352
G1 X99.357 Y159.390
G1 X99.402 Y159.287
G1 X99.137 Y157.812
G1 X99.177 Y157.665
G1 X99.282 Y157.612
G1 X99.520 Y157.735
G1 X100.022 Y158.202
G1 X100.125 Y158.142
G1 X100.162 Y157.977
G1 X100.067 Y157.667
G1 X99.605 Y157.232
G1 X99.340 Y157.105
G1 X98.834 Y157.109
G1 X98.690 Y157.247
G1 X98.577 Y157.767
G1 X98.322 Y157.245
G1 X97.957 Y157.062
G1 X97.753 Y157.114
G1 X97.483 Y157.503
G1 X97.497 Y158.475
G0 Z5.000 F500.000
G0 X99.767 Y157.902 F3000.000
G1 Z1.000 F500.000
G4 P100
G1 X99.952 Y159.137 F1000.000
G1 X100.100 Y159.350
G1 X100.387 Y159.417
G1 X100.527 Y159.392
G1 X100.567 Y159.297
G1 X100.362 Y158.222
G1 X100.685 Y158.882
G1 X101.070 Y159.285
G1 X101.442 Y159.417
G1 X101.690 Y159.337
G1 X101.762 Y159.092
G1 X101.612 Y158.242
G1 X101.876 Y158.774
G1 X102.167 Y159.137
G1 X102.462 Y159.347
G1 X102.737 Y159.417
G1 X102.981 Y159.336
G1 X103.062 Y159.092
G1 X102.857 Y157.812
G1 X102.894 Y157.662
G1 X103.002 Y157.612
G1 X103.240 Y157.735
G1 X103.742 Y158.202
G1 X103.845 Y158.142
G1 X103.882 Y157.977
G1 X103.787 Y157.667
G1 X103.325 Y157.232
G1 X102.762 Y157.062
G1 X102.539 Y157.099
G1 X102.280 Y157.391
G1 X102.247 Y157.637
G1 X102.382 Y158.572
G1 X102.327 Y158.652
G1 X102.142 Y158.485
G1 X101.902 Y158.042
G1 X101.580 Y157.142
G1 X101.347 Y157.062
G1 X101.100 Y157.220
G1 X101.017 Y157.602
G1 X101.107 Y158.572
G1 X101.052 Y158.652
G1 X100.862 Y158.472
G1 X100.640 Y158.012
G1 X100.340 Y157.145
G1 X100.112 Y157.062
G1 X99.950 Y157.112
G1 X99.845 Y157.262
G1 X99.767 Y157.902
G0 Z5.000 F500.000
G0 X104.024 Y156.068 F3000.000
G1 Z1.000 F500.000
G4 P100
G1 X104.479 Y157.366 F1000.000
G1 X104.887 Y158.117
G1 X104.877 Y159.132
G1 X104.992 Y159.362
G1 X105.292 Y159.447
G1 X105.445 Y159.405
G1 X105.502 Y159.052
G1 X105.817 Y159.340
G1 X106.147 Y159.427
G1 X106.402 Y159.371
G1 X106.605 Y159.202
G1 X106.738 Y158.942
G1 X106.782 Y158.612
G1 X106.697 Y158.097
G1 X106.462 Y157.642
G1 X106.637 Y157.612
G1 X106.952 Y157.732
G1 X107.337 Y158.132
G1 X107.472 Y158.202
G1 X107.575 Y158.142
G1 X107.612 Y157.977
G1 X107.517 Y157.667
G1 X107.055 Y157.232
G1 X106.492 Y157.062
G1 X106.252 Y157.110
G1 X106.062 Y157.252
G1 X105.467 Y157.062
G1 X105.361 Y156.177
G1 X105.172 Y155.450
G1 X104.889 Y154.964
G1 X104.706 Y154.843
G1 X104.262 Y154.851
G1 X104.097 Y154.997
G1 X103.967 Y155.537
G1 X104.024 Y156.068
G0 Z5.000 F500.000
G0 X104.412 Y155.622 F3000.000
G1 Z1.000 F500.000
G4 P100
G1 X104.450 Y155.377 F1000.000
G1 X104.537 Y155.292
G1 X104.661 Y155.439
G1 X104.762 Y155.880
G1 X104.877 Y157.342
G1 X104.537 Y156.387
G1 X104.412 Y155.622
G0 Z5.000 F500.000
G0 X105.492 Y157.542 F3000.000
G1 Z1.000 F500.000
G4 P100
G1 X105.825 Y157.740 F1000.000
G1 X106.067 Y158.130
G1 X106.157 Y158.617
G1 X106.097 Y158.845
G1 X105.937 Y158.922
G1 X105.739 Y158.827
G1 X105.502 Y158.542
G1 X105.492 Y157.542
G0 Z5.000 F500.000
G0 X107.132 Y158.127 F3000.000
G1 Z1.000 F500.000
G4 P100
G1 X107.277 Y158.770 F1000.000
G1 X107.450 Y159.037
G1 X107.954 Y159.374
G1 X108.262 Y159.417
G1 X108.524 Y159.374
G1 X108.727 Y159.245
G1 X108.859 Y159.042
G1 X108.902 Y158.777
G1 X108.840 Y158.457
G1 X108.655 Y158.185
G1 X108.322 Y157.963
G1 X107.817 Y157.792
G1 X107.999 Y157.620
G1 X108.292 Y157.562
G1 X108.805 Y157.720
G1 X109.437 Y158.202
G1 X109.540 Y158.142
G1 X109.577 Y157.977
G1 X109.482 Y157.667
G1 X108.960 Y157.252
G1 X108.237 Y157.062
G1 X107.771 Y157.134
G1 X107.422 Y157.347
G1 X107.205 Y157.685
G1 X107.132 Y158.127
G0 Z5.000 F500.000
G0 X107.737 Y158.192 F3000.000
G1 Z1.000 F500.000
G4 P100
G1 X108.202 Y158.392 F1000.000
G1 X108.330 Y158.544
G1 X108.320 Y158.870
G1 X108.177 Y158.927
G1 X108.007 Y158.874
G1 X107.865 Y158.712
G1 X107.737 Y158.192
G0 Z5.000 F500.000
G0 X109.229 Y158.536 F3000.000
G1 Z1.000 F500.000
G4 P100
G1 X109.367 Y159.137 F1000.000
G1 X109.515 Y159.350
G1 X109.802 Y159.417
G1 X109.942 Y159.392
G1 X109.982 Y159.297
G1 X109.777 Y158.217
G1 X110.147 Y158.917
G1 X110.550 Y159.302
G1 X110.912 Y159.417
G1 X111.156 Y159.336
G1 X111.237 Y159.092
G1 X111.032 Y157.812
G1 X111.069 Y157.662
G1 X111.177 Y157.612
G1 X111.415 Y157.735
G1 X111.917 Y158.202
G1 X112.020 Y158.142
G1 X112.057 Y157.977
G1 X111.962 Y157.667
G1 X111.500 Y157.232
G1 X111.235 Y157.105
G1 X110.714 Y157.099
G1 X110.455 Y157.391
G1 X110.422 Y157.637
G1 X110.557 Y158.572
G1 X110.502 Y158.652
G1 X110.320 Y158.485
G1 X110.080 Y158.042
G1 X109.755 Y157.145
G1 X109.527 Y157.062
G1 X109.365 Y157.112
G1 X109.260 Y157.262
G1 X109.182 Y157.902
G1 X109.229 Y158.536
G0 Z5.000 F500.000
G0 X86.938 Y151.197 F3000.000
G1 Z1.000 F500.000
G4 P100
G1 X86.972 Y150.830 F1000.000
G1 X86.890 Y150.188
G1 X86.642 Y149.450
G1 X86.254 Y148.669
G1 X85.747 Y147.895
G1 X85.862 Y147.603
G1 X86.072 Y147.515
G1 X86.432 Y147.633
G1 X86.962 Y148.105
G1 X87.065 Y148.045
G1 X87.102 Y147.880
G1 X87.007 Y147.570
G1 X86.540 Y147.135
G1 X86.270 Y147.008
G1 X85.967 Y146.965
G1 X85.584 Y147.065
G1 X85.315 Y147.365
G1 X85.155 Y147.824
G1 X85.102 Y148.400
G1 X85.260 Y149.790
G1 X85.455 Y150.515
G1 X85.725 Y151.130
G1 X86.062 Y151.550
G1 X86.457 Y151.690
G1 X86.672 Y151.635
G1 X86.835 Y151.468
G1 X86.938 Y151.197
G0 Z5.000 F500.000
G0 X86.452 Y151.100 F3000.000
G1 Z1.000 F500.000
G4 P100
G1 X86.347 Y151.195 F1000.000
G1 X86.225 Y151.092
G1 X86.087 Y150.780
G1 X85.832 Y149.750
G1 X85.712 Y148.570
G1 X86.277 Y149.743
G1 X86.435 Y150.305
G1 X86.452 Y151.100
G0 Z5.000 F500.000
G0 X87.070 Y150.313 F3000.000
G1 Z1.000 F500.000
G4 P100
G1 X87.412 Y150.430 F1000.000
G1 X87.712 Y150.340
G1 X87.827 Y150.085
G1 X87.697 Y149.768
G1 X87.352 Y149.650
G1 X87.037 Y149.748
G1 X86.932 Y150.020
G1 X87.070 Y150.313
G0 Z5.000 F500.000
G0 X87.017 Y149.260 F3000.000
G1 Z1.000 F500.000
G4 P100
G1 X87.257 Y149.320 F1000.000
G1 X87.449 Y149.278
G1 X87.512 Y149.150
G1 X87.297 Y147.825
G1 X87.337 Y147.595
G1 X87.472 Y147.515
G1 X87.697 Y147.640
G1 X88.192 Y148.105
G1 X88.295 Y148.045
G1 X88.332 Y147.880
G1 X88.237 Y147.570
G1 X87.759 Y147.117
G1 X87.312 Y146.965
G1 X87.032 Y147.023
G1 X86.840 Y147.195
G1 X86.729 Y147.463
G1 X86.750 Y148.383
G1 X86.897 Y149.040
G1 X87.017 Y149.260
G0 Z5.000 F500.000
G0 X87.999 Y148.427 F3000.000
G1 Z1.000 F500.000
G4 P100
G1 X88.155 Y149.408 F1000.000
G1 X88.401 Y150.310
G1 X88.725 Y151.043
G1 X89.105 Y151.529
G1 X89.522 Y151.690
G1 X89.732 Y151.638
G1 X89.989 Y151.234
G1 X90.022 Y150.915
G1 X89.934 Y150.315
G1 X89.671 Y149.688
G1 X89.232 Y149.035
G1 X88.617 Y148.355
G1 X88.602 Y146.438
G1 X88.717 Y145.895
G1 X88.830 Y146.025
G1 X88.867 Y146.415
G1 X88.672 Y147.940
G1 X88.715 Y148.105
G1 X88.957 Y148.355
G1 X89.922 Y148.390
G1 X90.027 Y148.338
G1 X90.062 Y148.180
G1 X89.907 Y147.884
G1 X89.442 Y147.785
G1 X89.097 Y147.830
G1 X89.247 Y146.520
G1 X89.204 Y146.044
G1 X89.072 Y145.695
G1 X88.870 Y145.482
G1 X88.612 Y145.410
G1 X88.304 Y145.538
G1 X88.100 Y145.920
G1 X87.985 Y146.560
G1 X87.947 Y147.460
G1 X87.999 Y148.427
G0 Z5.000 F500.000
G0 X88.707 Y149.020 F3000.000
G1 Z1.000 F500.000
G4 P100
G1 X89.061 Y149.485 F1000.000
G1 X89.485 Y150.445
G1 X89.542 Y150.890
G1 X89.511 Y151.119
G1 X89.417 Y151.195
G1 X89.195 Y150.890
G1 X88.932 Y150.083
G1 X88.707 Y149.020
G0 Z5.000 F500.000
G0 X89.604 Y149.285 F3000.000
G1 Z1.000 F500.000
G4 P100
G1 X90.057 Y149.355 F1000.000
G1 X90.317 Y150.360
G1 X90.740 Y151.085
G1 X90.997 Y151.288
G1 X91.272 Y151.355
G1 X91.460 Y151.309
G1 X91.602 Y151.170
G1 X91.722 Y150.705
G1 X91.682 Y150.330
G1 X91.560 Y149.980
G1 X91.072 Y149.355
G1 X91.747 Y149.320
G1 X91.747 Y149.039
G1 X91.641 Y148.932
G1 X91.217 Y148.845
G1 X90.607 Y148.845
G1 X90.628 Y148.013
G1 X90.720 Y147.725
G1 X90.878 Y147.568
G1 X91.107 Y147.515
G1 X91.487 Y147.645
G1 X92.012 Y148.105
G1 X92.115 Y148.045
G1 X92.152 Y147.880
G1 X92.057 Y147.570
G1 X91.587 Y147.135
G1 X91.314 Y147.008
G1 X91.002 Y146.965
G1 X90.556 Y147.055
G1 X90.237 Y147.324
G1 X90.046 Y147.773
G1 X89.997 Y148.845
G1 X89.600 Y148.900
G1 X89.547 Y149.075
G1 X89.604 Y149.285
G0 Z5.000 F500.000
G0 X90.657 Y149.430 F3000.000
G1 Z1.000 F500.000
G4 P100
G1 X91.100 Y150.003 F1000.000
G1 X91.247 Y150.580
G1 X91.220 Y150.802
G1 X91.137 Y150.875
G1 X90.970 Y150.688
G1 X90.795 Y150.168
G1 X90.657 Y149.430
G0 Z5.000 F500.000
G0 X92.427 Y149.155 F3000.000
G1 Z1.000 F500.000
G4 P100
G1 X92.574 Y149.320 F1000.000
G1 X92.822 Y149.375
G1 X93.017 Y149.350
G1 X93.072 Y149.270
G1 X92.907 Y148.740
G1 X93.365 Y147.993
G1 X93.437 Y147.530
G1 X94.012 Y148.035
G1 X94.147 Y148.105
G1 X94.250 Y148.045
G1 X94.287 Y147.880
G1 X94.192 Y147.570
G1 X93.715 Y147.148
G1 X92.677 Y146.855
G1 X92.280 Y146.975
G1 X92.142 Y147.245
G1 X92.237 Y147.470
G1 X92.517 Y147.565
G1 X92.802 Y147.535
G1 X92.745 Y147.780
G1 X92.462 Y148.190
G1 X91.822 Y147.330
G1 X91.632 Y147.240
G1 X91.502 Y147.298
G1 X91.452 Y147.440
G1 X91.522 Y147.625
G1 X92.002 Y148.265
G1 X92.427 Y149.155
G0 Z5.000 F500.000
G0 X95.189 Y148.170 F3000.000
G1 Z1.000 F500.000
G4 P100
G1 X95.543 Y148.860 F1000.000
G1 X95.820 Y149.113
G1 X96.137 Y149.276
G1 X96.472 Y149.330
G1 X96.620 Y149.288
G1 X96.682 Y149.135
G1 X97.086 Y149.112
G1 X97.147 Y148.980
G1 X96.957 Y147.680
G1 X96.995 Y147.560
G1 X97.092 Y147.515
G1 X97.322 Y147.638
G1 X97.822 Y148.105
G1 X97.925 Y148.045
G1 X97.962 Y147.880
G1 X97.867 Y147.570
G1 X97.432 Y147.140
G1 X96.987 Y146.965
G1 X96.685 Y147.078
G1 X96.477 Y147.385
G1 X96.184 Y147.070
G1 X95.822 Y146.965
G1 X95.544 Y147.022
G1 X95.327 Y147.190
G1 X95.189 Y147.450
G1 X95.189 Y148.170
G0 Z5.000 F500.000
G0 X95.767 Y147.775 F3000.000
G1 Z1.000 F500.000
G4 P100
G1 X95.830 Y147.545 F1000.000
G1 X96.002 Y147.470
G1 X96.212 Y147.600
G1 X96.357 Y147.945
G1 X96.542 Y148.865
G1 X96.155 Y148.708
G1 X95.872 Y148.305
G1 X95.767 Y147.775
G0 Z5.000 F500.000
G0 X97.614 Y148.439 F3000.000
G1 Z1.000 F500.000
G4 P100
G1 X97.752 Y149.040 F1000.000
G1 X97.900 Y149.253
G1 X98.187 Y149.320
G1 X98.327 Y149.295
G1 X98.367 Y149.200
G1 X98.162 Y148.120
G1 X98.532 Y148.820
G1 X98.935 Y149.205
G1 X99.297 Y149.320
G1 X99.541 Y149.239
G1 X99.622 Y148.995
G1 X99.417 Y147.715
G1 X99.454 Y147.565
G1 X99.562 Y147.515
G1 X99.800 Y147.638
G1 X100.302 Y148.105
G1 X100.405 Y148.045
G1 X100.442 Y147.880
G1 X100.347 Y147.570
G1 X99.885 Y147.135
G1 X99.620 Y147.008
G1 X99.099 Y147.002
G1 X98.840 Y147.294
G1 X98.807 Y147.540
G1 X98.942 Y148.475
G1 X98.887 Y148.555
G1 X98.705 Y148.388
G1 X98.465 Y147.945
G1 X98.140 Y147.048
G1 X97.912 Y146.965
G1 X97.750 Y147.015
G1 X97.645 Y147.165
G1 X97.567 Y147.805
G1 X97.614 Y148.439
G0 Z5.000 F500.000
G0 X99.972 Y147.785 F3000.000
G1 Z1.000 F500.000
G4 P100
G1 X100.015 Y148.171 F1000.000
G1 X100.344 Y148.839
G1 X100.925 Y149.261
G1 X101.277 Y149.345
G1 X101.415 Y150.245
G1 X101.640 Y151.003
G1 X101.949 Y151.519
G1 X102.135 Y151.647
G1 X102.539 Y151.642
G1 X102.700 Y151.495
G1 X102.807 Y151.250
G1 X102.774 Y150.298
G1 X102.567 Y149.595
G1 X101.832 Y148.055
G1 X101.920 Y147.640
G1 X102.092 Y147.515
G1 X102.367 Y147.635
G1 X102.877 Y148.105
G1 X102.980 Y148.045
G1 X103.017 Y147.880
G1 X102.922 Y147.570
G1 X102.229 Y147.010
G1 X101.987 Y146.965
G1 X101.652 Y147.077
G1 X101.407 Y147.410
G1 X101.040 Y147.055
G1 X100.672 Y146.965
G1 X100.394 Y147.022
G1 X100.170 Y147.193
G1 X100.022 Y147.455
G1 X99.972 Y147.785
G0 Z5.000 F500.000
G0 X100.660 Y147.562 F3000.000
G1 Z1.000 F500.000
G4 P100
G1 X100.847 Y147.470 F1000.000
G1 X101.037 Y147.548
G1 X101.277 Y147.835
G1 X101.237 Y148.830
G1 X100.985 Y148.696
G1 X100.643 Y148.165
G1 X100.597 Y147.835
G1 X100.660 Y147.562
G0 Z5.000 F500.000
G0 X101.837 Y148.840 F3000.000
G1 Z1.000 F500.000
G4 P100
G1 X102.257 Y149.940 F1000.000
G1 X102.397 Y150.800
G1 X102.287 Y151.200
G1 X102.097 Y150.863
G1 X101.837 Y148.840
G0 Z5.000 F500.000
G0 X87.570 Y137.948 F3000.000
G1 Z1.000 F500.000
G4 P100
G1 X87.607 Y137.783 F1000.000
G1 X87.512 Y137.473
G1 X87.035 Y137.051
G1 X86.472 Y136.928
G1 X86.254 Y136.801
G1 X85.997 Y136.758
G1 X85.600 Y136.878
G1 X85.462 Y137.148
G1 X85.557 Y137.373
G1 X85.837 Y137.468
G1 X86.122 Y137.438
G1 X86.065 Y137.683
G1 X85.782 Y138.093
G1 X85.142 Y137.233
G1 X84.952 Y137.143
G1 X84.822 Y137.201
G1 X84.772 Y137.343
G1 X85.322 Y138.168
G1 X85.747 Y139.058
G1 X85.894 Y139.223
G1 X86.142 Y139.278
G1 X86.337 Y139.253
G1 X86.392 Y139.173
G1 X86.227 Y138.643
G1 X86.685 Y137.896
G1 X86.757 Y137.433
G1 X87.332 Y137.938
G1 X87.467 Y138.008
G1 X87.570 Y137.948
G0 Z5.000 F500.000
G0 X87.402 Y138.303 F3000.000
G1 Z1.000 F500.000
G4 P100
G1 X87.417 Y138.748 F1000.000
G1 X87.020 Y138.803
G1 X86.967 Y138.978
G1 X87.024 Y139.188
G1 X87.477 Y139.258
G1 X87.737 Y140.263
G1 X88.160 Y140.988
G1 X88.417 Y141.191
G1 X88.692 Y141.258
G1 X88.880 Y141.212
G1 X89.022 Y141.073
G1 X89.142 Y140.608
G1 X89.102 Y140.233
G1 X88.980 Y139.883
G1 X88.492 Y139.258
G1 X89.167 Y139.223
G1 X89.167 Y138.942
G1 X89.061 Y138.835
G1 X88.637 Y138.748
G1 X88.027 Y138.748
G1 X88.048 Y137.916
G1 X88.140 Y137.628
G1 X88.298 Y137.471
G1 X88.527 Y137.418
G1 X88.907 Y137.548
G1 X89.432 Y138.008
G1 X89.535 Y137.948
G1 X89.572 Y137.783
G1 X89.477 Y137.473
G1 X89.007 Y137.038
G1 X88.734 Y136.911
G1 X88.422 Y136.868
G1 X87.976 Y136.958
G1 X87.657 Y137.227
G1 X87.466 Y137.676
G1 X87.402 Y138.303
G0 Z5.000 F500.000
G0 X88.077 Y139.333 F3000.000
G1 Z1.000 F500.000
G4 P100
G1 X88.520 Y139.906 F1000.000
G1 X88.667 Y140.483
G1 X88.640 Y140.705
G1 X88.557 Y140.778
G1 X88.390 Y140.591
G1 X88.215 Y140.071
G1 X88.077 Y139.333
G0 Z5.000 F500.000
G0 X89.503 Y138.763 F3000.000
G1 Z1.000 F500.000
G4 P100
G1 X90.097 Y139.179 F1000.000
G1 X90.432 Y139.233
G1 X90.580 Y139.191
G1 X90.642 Y139.038
G1 X91.046 Y139.015
G1 X91.107 Y138.883
G1 X90.917 Y137.583
G1 X90.955 Y137.463
G1 X91.052 Y137.418
G1 X91.282 Y137.541
G1 X91.782 Y138.008
G1 X91.885 Y137.948
G1 X91.922 Y137.783
G1 X91.827 Y137.473
G1 X91.392 Y137.043
G1 X90.947 Y136.868
G1 X90.645 Y136.981
G1 X90.437 Y137.288
G1 X90.144 Y136.973
G1 X89.782 Y136.868
G1 X89.504 Y136.925
G1 X89.287 Y137.093
G1 X89.149 Y137.353
G1 X89.102 Y137.683
G1 X89.149 Y138.073
G1 X89.503 Y138.763
G0 Z5.000 F500.000
G0 X89.832 Y138.208 F3000.000
G1 Z1.000 F500.000
G4 P100
G1 X89.727 Y137.678 F1000.000
G1 X89.790 Y137.448
G1 X89.962 Y137.373
G1 X90.172 Y137.503
G1 X90.317 Y137.848
G1 X90.502 Y138.768
G1 X90.115 Y138.611
G1 X89.832 Y138.208
G0 Z5.000 F500.000
G0 X91.552 Y138.368 F3000.000
G1 Z1.000 F500.000
G4 P100
G1 X91.712 Y139.771 F1000.000
G1 X91.909 Y140.472
G1 X92.180 Y141.061
G1 X92.517 Y141.460
G1 X92.912 Y141.593
G1 X93.120 Y141.544
G1 X93.387 Y141.169
G1 X93.422 Y140.883
G1 X93.267 Y140.068
G1 X92.752 Y139.218
G1 X93.056 Y139.137
G1 X93.297 Y138.941
G1 X93.465 Y138.659
G1 X93.547 Y138.318
G1 X94.177 Y138.428
G1 X94.277 Y138.363
G1 X94.277 Y138.006
G1 X94.167 Y137.913
G1 X93.507 Y137.793
G1 X93.363 Y137.418
G1 X93.130 Y137.123
G1 X92.838 Y136.932
G1 X92.517 Y136.868
G1 X92.081 Y136.965
G1 X91.782 Y137.253
G1 X91.610 Y137.725
G1 X91.552 Y138.368
G0 Z5.000 F500.000
G0 X92.177 Y137.983 F3000.000
G1 Z1.000 F500.000
G4 P100
G1 X92.285 Y137.548 F1000.000
G1 X92.537 Y137.398
G1 X92.812 Y137.528
G1 X92.972 Y137.903
G1 X92.735 Y138.178
G1 X92.672 Y138.728
G1 X92.473 Y138.678
G1 X92.315 Y138.526
G1 X92.177 Y137.983
G0 Z5.000 F500.000
G0 X92.212 Y138.878 F3000.000
G1 Z1.000 F500.000
G4 P100
G1 X92.888 Y140.383 F1000.000
G1 X92.937 Y140.768
G1 X92.900 Y141.013
G1 X92.797 Y141.098
G1 X92.580 Y140.801
G1 X92.362 Y139.993
G1 X92.212 Y138.878
G0 Z5.000 F500.000
G0 X94.075 Y139.693 F3000.000
G1 Z1.000 F500.000
G4 P100
G1 X94.270 Y140.418 F1000.000
G1 X94.540 Y141.033
G1 X94.877 Y141.453
G1 X95.272 Y141.593
G1 X95.487 Y141.538
G1 X95.650 Y141.371
G1 X95.753 Y141.100
G1 X95.787 Y140.733
G1 X95.705 Y140.091
G1 X95.457 Y139.353
G1 X95.069 Y138.572
G1 X94.562 Y137.798
G1 X94.677 Y137.506
G1 X94.887 Y137.418
G1 X95.247 Y137.536
G1 X95.777 Y138.008
G1 X95.880 Y137.948
G1 X95.917 Y137.783
G1 X95.822 Y137.473
G1 X95.355 Y137.038
G1 X95.085 Y136.911
G1 X94.782 Y136.868
G1 X94.399 Y136.968
G1 X94.130 Y137.268
G1 X93.970 Y137.727
G1 X93.917 Y138.303
G1 X94.075 Y139.693
G0 Z5.000 F500.000
G0 X94.527 Y138.473 F3000.000
G1 Z1.000 F500.000
G4 P100
G1 X95.092 Y139.646 F1000.000
G1 X95.250 Y140.208
G1 X95.302 Y140.718
G1 X95.267 Y141.003
G1 X95.162 Y141.098
G1 X94.902 Y140.683
G1 X94.647 Y139.653
G1 X94.527 Y138.473
G0 Z5.000 F500.000
G0 X95.755 Y138.843 F3000.000
G1 Z1.000 F500.000
G4 P100
G1 X96.259 Y139.180 F1000.000
G1 X96.829 Y139.180
G1 X97.032 Y139.051
G1 X97.164 Y138.848
G1 X97.207 Y138.583
G1 X97.145 Y138.263
G1 X96.960 Y137.991
G1 X96.627 Y137.769
G1 X96.122 Y137.598
G1 X96.304 Y137.426
G1 X96.597 Y137.368
G1 X97.110 Y137.526
G1 X97.742 Y138.008
G1 X97.845 Y137.948
G1 X97.882 Y137.783
G1 X97.787 Y137.473
G1 X97.265 Y137.058
G1 X96.915 Y136.916
G1 X96.542 Y136.868
G1 X96.076 Y136.940
G1 X95.727 Y137.153
G1 X95.510 Y137.491
G1 X95.437 Y137.933
G1 X95.582 Y138.576
G1 X95.755 Y138.843
G0 Z5.000 F500.000
G0 X96.170 Y138.518 F3000.000
G1 Z1.000 F500.000
G4 P100
G1 X96.042 Y137.998 F1000.000
G1 X96.507 Y138.198
G1 X96.677 Y138.523
G1 X96.625 Y138.676
G1 X96.482 Y138.733
G1 X96.312 Y138.680
G1 X96.170 Y138.518
G0 Z5.000 F500.000
G0 X86.832 Y131.299 F3000.000
G1 Z1.000 F500.000
G4 P100
G1 X86.972 Y130.786 F1000.000
G1 X86.817 Y129.971
G1 X86.302 Y129.121
G1 X86.606 Y129.040
G1 X86.847 Y128.844
G1 X87.015 Y128.562
G1 X87.097 Y128.221
G1 X87.727 Y128.331
G1 X87.827 Y128.266
G1 X87.862 Y128.101
G1 X87.827 Y127.909
G1 X87.717 Y127.816
G1 X87.057 Y127.696
G1 X86.913 Y127.321
G1 X86.680 Y127.026
G1 X86.388 Y126.835
G1 X86.067 Y126.771
G1 X85.631 Y126.868
G1 X85.332 Y127.156
G1 X85.160 Y127.628
G1 X85.102 Y128.271
G1 X85.262 Y129.674
G1 X85.459 Y130.375
G1 X85.730 Y130.964
G1 X86.067 Y131.363
G1 X86.462 Y131.496
G1 X86.670 Y131.447
G1 X86.832 Y131.299
G0 Z5.000 F500.000
G0 X86.347 Y131.001 F3000.000
G1 Z1.000 F500.000
G4 P100
G1 X86.130 Y130.704 F1000.000
G1 X85.912 Y129.896
G1 X85.762 Y128.781
G1 X86.438 Y130.286
G1 X86.487 Y130.671
G1 X86.450 Y130.916
G1 X86.347 Y131.001
G0 Z5.000 F500.000
G0 X86.222 Y128.631 F3000.000
G1 Z1.000 F500.000
G4 P100
G1 X86.023 Y128.581 F1000.000
G1 X85.865 Y128.429
G1 X85.727 Y127.886
G1 X85.835 Y127.451
G1 X86.087 Y127.301
G1 X86.362 Y127.431
G1 X86.522 Y127.806
G1 X86.285 Y128.081
G1 X86.222 Y128.631
G0 Z5.000 F500.000
G0 X87.414 Y127.976 F3000.000
G1 Z1.000 F500.000
G4 P100
G1 X87.768 Y128.666 F1000.000
G1 X88.045 Y128.919
G1 X88.362 Y129.082
G1 X88.697 Y129.136
G1 X88.845 Y129.094
G1 X88.907 Y128.941
G1 X89.311 Y128.918
G1 X89.372 Y128.786
G1 X89.182 Y127.486
G1 X89.220 Y127.366
G1 X89.317 Y127.321
G1 X89.547 Y127.444
G1 X90.047 Y127.911
G1 X90.150 Y127.851
G1 X90.187 Y127.686
G1 X90.092 Y127.376
G1 X89.657 Y126.946
G1 X89.212 Y126.771
G1 X88.910 Y126.884
G1 X88.702 Y127.191
G1 X88.409 Y126.876
G1 X88.047 Y126.771
G1 X87.769 Y126.828
G1 X87.552 Y126.996
G1 X87.414 Y127.256
G1 X87.414 Y127.976
G0 Z5.000 F500.000
G0 X87.992 Y127.581 F3000.000
G1 Z1.000 F500.000
G4 P100
G1 X88.055 Y127.351 F1000.000
G1 X88.227 Y127.276
G1 X88.437 Y127.406
G1 X88.582 Y127.751
G1 X88.767 Y128.671
G1 X88.380 Y128.514
G1 X88.097 Y128.111
G1 X87.992 Y127.581
G0 Z5.000 F500.000
G0 X89.557 Y127.431 F3000.000
G1 Z1.000 F500.000
G4 P100
G1 X90.037 Y128.071 F1000.000
G1 X90.462 Y128.961
G1 X90.609 Y129.126
G1 X90.857 Y129.181
G1 X91.052 Y129.156
G1 X91.107 Y129.076
G1 X90.942 Y128.546
G1 X91.400 Y127.799
G1 X91.472 Y127.336
G1 X92.182 Y127.911
G1 X92.285 Y127.851
G1 X92.322 Y127.686
G1 X92.227 Y127.376
G1 X91.750 Y126.954
G1 X90.712 Y126.661
G1 X90.315 Y126.781
G1 X90.177 Y127.051
G1 X90.272 Y127.276
G1 X90.552 Y127.371
G1 X90.837 Y127.341
G1 X90.780 Y127.586
G1 X90.497 Y127.996
G1 X89.857 Y127.136
G1 X89.667 Y127.046
G1 X89.537 Y127.104
G1 X89.487 Y127.246
G1 X89.557 Y127.431
G0 Z5.000 F500.000
G0 X91.842 Y127.836 F3000.000
G1 Z1.000 F500.000
G4 P100
G1 X91.987 Y128.479 F1000.000
G1 X92.160 Y128.746
G1 X92.664 Y129.083
G1 X92.972 Y129.126
G1 X93.234 Y129.083
G1 X93.437 Y128.954
G1 X93.569 Y128.751
G1 X93.612 Y128.486
G1 X93.550 Y128.166
G1 X93.365 Y127.894
G1 X93.032 Y127.672
G1 X92.527 Y127.501
G1 X92.709 Y127.329
G1 X93.002 Y127.271
G1 X93.515 Y127.429
G1 X94.147 Y127.911
G1 X94.250 Y127.851
G1 X94.287 Y127.686
G1 X94.192 Y127.376
G1 X93.670 Y126.961
G1 X92.947 Y126.771
G1 X92.481 Y126.843
G1 X92.132 Y127.056
G1 X91.915 Y127.394
G1 X91.842 Y127.836
G0 Z5.000 F500.000
G0 X92.447 Y127.901 F3000.000
G1 Z1.000 F500.000
G4 P100
G1 X92.912 Y128.101 F1000.000
G1 X93.040 Y128.253
G1 X93.030 Y128.579
G1 X92.887 Y128.636
G1 X92.717 Y128.583
G1 X92.575 Y128.421
G1 X92.447 Y127.901
G0 Z5.000 F500.000
G0 X93.917 Y128.206 F3000.000
G1 Z1.000 F500.000
G4 P100
G1 X94.075 Y129.596 F1000.000
G1 X94.270 Y130.321
G1 X94.540 Y130.936
G1 X94.877 Y131.356
G1 X95.272 Y131.496
G1 X95.487 Y131.441
G1 X95.650 Y131.274
G1 X95.753 Y131.003
G1 X95.787 Y130.636
G1 X95.705 Y129.994
G1 X95.457 Y129.256
G1 X95.069 Y128.475
G1 X94.562 Y127.701
G1 X94.677 Y127.409
G1 X94.887 Y127.321
G1 X95.247 Y127.439
G1 X95.777 Y127.911
G1 X95.880 Y127.851
G1 X95.917 Y127.686
G1 X95.822 Y127.376
G1 X95.355 Y126.941
G1 X95.085 Y126.814
G1 X94.782 Y126.771
G1 X94.399 Y126.871
G1 X94.130 Y127.171
G1 X93.970 Y127.630
G1 X93.917 Y128.206
G0 Z5.000 F500.000
G0 X94.527 Y128.376 F3000.000
G1 Z1.000 F500.000
G4 P100
G1 X95.092 Y129.549 F1000.000
G1 X95.250 Y130.111
G1 X95.302 Y130.621
G1 X95.267 Y130.906
G1 X95.162 Y131.001
G1 X94.902 Y130.586
G1 X94.647 Y129.556
G1 X94.527 Y128.376
G0 Z5.000 F500.000
G0 X95.747 Y129.826 F3000.000
G1 Z1.000 F500.000
G4 P100
G1 X95.885 Y130.119 F1000.000
G1 X96.227 Y130.236
G1 X96.527 Y130.146
G1 X96.642 Y129.891
G1 X96.512 Y129.574
G1 X96.167 Y129.456
G1 X95.852 Y129.554
G1 X95.747 Y129.826
G0 Z5.000 F500.000
G0 X96.072 Y129.126 F3000.000
G1 Z1.000 F500.000
G4 P100
G1 X96.264 Y129.084 F1000.000
G1 X96.327 Y128.956
G1 X96.112 Y127.631
G1 X96.152 Y127.401
G1 X96.287 Y127.321
G1 X96.512 Y127.446
G1 X97.007 Y127.911
G1 X97.110 Y127.851
G1 X97.147 Y127.686
G1 X97.052 Y127.376
G1 X96.574 Y126.923
G1 X96.127 Y126.771
G1 X95.847 Y126.829
G1 X95.655 Y127.001
G1 X95.507 Y127.611
G1 X95.712 Y128.846
G1 X95.832 Y129.066
G1 X96.072 Y129.126
G0 Z5.000 F500.000
G0 X96.937 Y128.846 F3000.000
G1 Z1.000 F500.000
G4 P100
G1 X97.085 Y129.059 F1000.000
G1 X97.512 Y129.101
G1 X97.552 Y129.006
G1 X97.347 Y127.926
G1 X97.717 Y128.626
G1 X98.120 Y129.011
G1 X98.482 Y129.126
G1 X98.726 Y129.045
G1 X98.807 Y128.801
G1 X98.602 Y127.521
G1 X98.639 Y127.371
G1 X98.747 Y127.321
G1 X98.985 Y127.444
G1 X99.487 Y127.911
G1 X99.590 Y127.851
G1 X99.627 Y127.686
G1 X99.532 Y127.376
G1 X99.070 Y126.941
G1 X98.805 Y126.814
G1 X98.284 Y126.808
G1 X98.025 Y127.100
G1 X97.992 Y127.346
G1 X98.127 Y128.281
G1 X98.072 Y128.361
G1 X97.890 Y128.194
G1 X97.650 Y127.751
G1 X97.325 Y126.854
G1 X97.097 Y126.771
G1 X96.935 Y126.821
G1 X96.830 Y126.971
G1 X96.752 Y127.611
G1 X96.937 Y128.846
G0 Z5.000 F500.000
G0 X99.147 Y127.836 F3000.000
G1 Z1.000 F500.000
G4 P100
G1 X99.292 Y128.479 F1000.000
G1 X99.465 Y128.746
G1 X99.969 Y129.083
G1 X100.277 Y129.126
G1 X100.539 Y129.083
G1 X100.742 Y128.954
G1 X100.874 Y128.751
G1 X100.917 Y128.486
G1 X100.855 Y128.166
G1 X100.670 Y127.894
G1 X100.337 Y127.672
G1 X99.832 Y127.501
G1 X100.014 Y127.329
G1 X100.307 Y127.271
G1 X100.820 Y127.429
G1 X101.452 Y127.911
G1 X101.555 Y127.851
G1 X101.592 Y127.686
G1 X101.497 Y127.376
G1 X100.975 Y126.961
G1 X100.252 Y126.771
G1 X99.786 Y126.843
G1 X99.437 Y127.056
G1 X99.220 Y127.394
G1 X99.147 Y127.836
G0 Z5.000 F500.000
G0 X99.752 Y127.901 F3000.000
G1 Z1.000 F500.000
G4 P100
G1 X100.217 Y128.101 F1000.000
G1 X100.345 Y128.253
G1 X100.335 Y128.579
G1 X100.192 Y128.636
G1 X100.022 Y128.583
G1 X99.880 Y128.421
G1 X99.752 Y127.901
G0 Z5.000 F500.000
G0 X115.794 Y177.256 F3000.000
G1 Z1.000 F500.000
G4 P100
G1 X115.574 Y177.331 F1000.000
G1 X115.479 Y177.566
G1 X115.749 Y179.551
G1 X115.299 Y179.431
G1 X115.149 Y179.506
G1 X115.099 Y179.721
G1 X115.159 Y179.876
G1 X115.352 Y179.996
G1 X116.179 Y180.201
G1 X116.397 Y180.126
G1 X116.454 Y179.786
G1 X116.149 Y177.566
G1 X116.040 Y177.334
G1 X115.794 Y177.256
G0 Z5.000 F500.000
G0 X117.019 Y177.966 F3000.000
G1 Z1.000 F500.000
G4 P100
G1 X116.934 Y178.226 F1000.000
G1 X116.969 Y178.426
G1 X117.629 Y179.881
G1 X117.822 Y180.129
G1 X118.124 Y180.201
G1 X118.292 Y180.151
G1 X118.349 Y180.021
G1 X117.609 Y178.406
G1 X118.379 Y178.406
G1 X118.544 Y179.291
G1 X118.674 Y179.529
G1 X118.924 Y179.611
G1 X119.115 Y179.556
G1 X119.179 Y179.391
G1 X119.009 Y178.406
G1 X119.388 Y178.350
G1 X119.454 Y178.181
G1 X119.354 Y177.931
G1 X118.934 Y177.861
G1 X118.817 Y177.286
G1 X118.549 Y177.206
G1 X118.350 Y177.288
G1 X118.284 Y177.531
G1 X118.314 Y177.861
G1 X117.214 Y177.866
G1 X117.019 Y177.966
G0 Z5.000 F500.000
G0 X119.719 Y177.691 F3000.000
G1 Z1.000 F500.000
G4 P100
G1 X119.847 Y178.051 F1000.000
G1 X120.204 Y178.186
G1 X120.537 Y178.079
G1 X120.649 Y177.761
G1 X120.519 Y177.394
G1 X120.164 Y177.256
G1 X119.832 Y177.376
G1 X119.719 Y177.691
G0 Z5.000 F500.000
G0 X121.132 Y177.674 F3000.000
G1 Z1.000 F500.000
G4 P100
G1 X121.064 Y177.976 F1000.000
G1 X121.194 Y178.371
G1 X121.614 Y178.706
G1 X121.342 Y178.994
G1 X121.249 Y179.346
G1 X121.324 Y179.703
G1 X121.549 Y179.974
G1 X121.903 Y180.145
G1 X122.364 Y180.201
G1 X122.747 Y180.155
G1 X123.047 Y180.016
G1 X123.240 Y179.799
G1 X123.304 Y179.516
G1 X123.174 Y179.104
G1 X122.754 Y178.766
G1 X123.122 Y178.474
G1 X123.244 Y178.096
G1 X123.102 Y177.656
G1 X122.699 Y177.361
G1 X122.094 Y177.256
G1 X121.662 Y177.304
G1 X121.337 Y177.446
G1 X121.132 Y177.674
G0 Z5.000 F500.000
G0 X121.787 Y177.819 F3000.000
G1 Z1.000 F500.000
G4 P100
G1 X122.119 Y177.741 F1000.000
G1 X122.489 Y177.821
G1 X122.624 Y178.041
G1 X122.507 Y178.251
G1 X122.074 Y178.491
G1 X121.754 Y178.276
G1 X121.664 Y178.036
G1 X121.787 Y177.819
G0 Z5.000 F500.000
G0 X122.244 Y178.976 F3000.000
G1 Z1.000 F500.000
G4 P100
G1 X122.602 Y179.211 F1000.000
G1 X122.704 Y179.441
G1 X122.609 Y179.648
G1 X122.324 Y179.716
G1 X121.989 Y179.629
G1 X121.864 Y179.376
G1 X121.959 Y179.164
G1 X122.244 Y178.976
G0 Z5.000 F500.000
G0 X27.121 Y114.117 F3000.000
G1 Z1.000 F500.000
G4 P100
G1 X27.322 Y113.728 F1000.000
G1 X27.389 Y113.202
G1 X27.349 Y112.726
G1 X27.042 Y111.965
G1 X26.791 Y111.707
G1 X26.486 Y111.546
G1 X26.134 Y111.492
G1 X25.699 Y111.572
G1 X25.376 Y111.812
G1 X25.176 Y112.201
G1 X25.109 Y112.727
G1 X25.148 Y113.203
G1 X25.455 Y113.964
G1 X25.706 Y114.222
G1 X26.012 Y114.383
G1 X26.364 Y114.437
G1 X26.798 Y114.357
G1 X27.121 Y114.117
G0 Z5.000 F500.000
G0 X26.507 Y113.831 F3000.000
G1 Z1.000 F500.000
G4 P100
G1 X26.314 Y113.877 F1000.000
G1 X26.072 Y113.801
G1 X25.889 Y113.575
G1 X25.772 Y113.219
G1 X25.734 Y112.757
G1 X25.846 Y112.232
G1 X25.987 Y112.097
G1 X26.184 Y112.052
G1 X26.425 Y112.127
G1 X26.609 Y112.352
G1 X26.725 Y112.706
G1 X26.764 Y113.167
G1 X26.649 Y113.695
G1 X26.507 Y113.831
G0 Z5.000 F500.000
G0 X27.934 Y114.047 F3000.000
G1 Z1.000 F500.000
G4 P100
G1 X27.994 Y114.250 F1000.000
G1 X28.174 Y114.367
G1 X29.594 Y114.425
G1 X30.029 Y114.320
G1 X30.001 Y113.950
G1 X29.774 Y113.877
G1 X28.779 Y113.897
G1 X28.634 Y113.297
G1 X29.201 Y113.213
G1 X29.614 Y113.032
G1 X29.865 Y112.761
G1 X29.949 Y112.407
G1 X29.816 Y111.940
G1 X29.429 Y111.612
G1 X28.829 Y111.492
G1 X28.409 Y111.537
G1 X28.081 Y111.672
G1 X27.869 Y111.883
G1 X27.799 Y112.157
G1 X27.876 Y112.415
G1 X28.094 Y112.507
G1 X28.264 Y112.450
G1 X28.535 Y112.023
G1 X28.879 Y111.947
G1 X29.184 Y112.060
G1 X29.304 Y112.337
G1 X29.245 Y112.531
G1 X29.070 Y112.675
G1 X28.081 Y112.872
G1 X27.994 Y113.057
G1 X28.164 Y113.867
G1 X27.994 Y113.915
G1 X27.934 Y114.047
G0 Z5.000 F500.000
G0 X55.015 Y114.572 F3000.000
G1 Z1.000 F500.000
G4 P100
G1 X55.089 Y114.955 F1000.000
G1 X55.310 Y115.255
G1 X55.681 Y115.478
G1 X56.203 Y115.632
G1 X57.745 Y115.752
G1 X59.665 Y115.602
G1 X59.888 Y115.500
G1 X59.955 Y115.322
G1 X59.880 Y115.095
G1 X59.655 Y115.017
G1 X59.065 Y115.087
G1 X58.605 Y112.507
G1 X58.703 Y112.192
G1 X58.975 Y112.087
G1 X59.298 Y112.197
G1 X59.805 Y112.632
G1 X59.908 Y112.572
G1 X59.945 Y112.407
G1 X59.850 Y112.097
G1 X59.343 Y111.637
G1 X58.805 Y111.492
G1 X58.428 Y111.555
G1 X58.145 Y111.745
G1 X57.969 Y112.040
G1 X57.910 Y112.422
G1 X58.375 Y115.137
G1 X57.205 Y115.147
G1 X56.670 Y111.792
G1 X56.550 Y111.570
G1 X56.285 Y111.492
G1 X56.030 Y111.572
G1 X55.940 Y111.782
G1 X55.978 Y112.180
G1 X56.490 Y115.102
G1 X55.818 Y114.922
G1 X55.662 Y114.775
G1 X55.610 Y114.582
G1 X55.720 Y114.187
G1 X55.613 Y114.005
G1 X55.385 Y113.922
G1 X55.245 Y113.972
G1 X55.080 Y114.215
G1 X55.015 Y114.572
G0 Z5.000 F500.000
G0 X59.420 Y112.552 F3000.000
G1 Z1.000 F500.000
G4 P100
G1 X59.559 Y112.668 F1000.000
G1 X59.888 Y112.667
G1 X59.908 Y112.092
G1 X59.975 Y112.047
G1 X60.088 Y112.122
G1 X60.925 Y113.760
G1 X61.225 Y113.837
G1 X61.505 Y113.762
G1 X61.595 Y113.517
G1 X61.619 Y112.148
G1 X61.780 Y112.017
G1 X61.958 Y112.102
G1 X62.490 Y112.632
G1 X62.593 Y112.572
G1 X62.630 Y112.407
G1 X62.535 Y112.097
G1 X61.948 Y111.580
G1 X61.545 Y111.492
G1 X61.293 Y111.550
G1 X61.125 Y111.725
G1 X61.032 Y112.016
G1 X61.020 Y112.882
G1 X60.790 Y112.293
G1 X60.518 Y111.857
G1 X60.205 Y111.587
G1 X59.850 Y111.497
G1 X59.623 Y111.543
G1 X59.342 Y111.891
G1 X59.305 Y112.147
G1 X59.420 Y112.552
G0 Z5.000 F500.000
G0 X62.220 Y112.307 F3000.000
G1 Z1.000 F500.000
G4 P100
G1 X62.267 Y112.696 F1000.000
G1 X62.621 Y113.387
G1 X63.215 Y113.803
G1 X63.550 Y113.857
G1 X63.698 Y113.815
G1 X63.760 Y113.662
G1 X64.164 Y113.638
G1 X64.225 Y113.507
G1 X64.035 Y112.207
G1 X64.073 Y112.087
G1 X64.170 Y112.042
G1 X64.400 Y112.165
G1 X64.900 Y112.632
G1 X65.003 Y112.572
G1 X65.040 Y112.407
G1 X64.945 Y112.097
G1 X64.510 Y111.667
G1 X64.065 Y111.492
G1 X63.763 Y111.605
G1 X63.555 Y111.912
G1 X63.262 Y111.597
G1 X62.900 Y111.492
G1 X62.622 Y111.548
G1 X62.405 Y111.717
G1 X62.267 Y111.977
G1 X62.220 Y112.307
G0 Z5.000 F500.000
G0 X62.908 Y112.072 F3000.000
G1 Z1.000 F500.000
G4 P100
G1 X63.080 Y111.997 F1000.000
G1 X63.290 Y112.127
G1 X63.435 Y112.472
G1 X63.620 Y113.392
G1 X63.233 Y113.235
G1 X62.950 Y112.832
G1 X62.845 Y112.302
G1 X62.908 Y112.072
G0 Z5.000 F500.000
G0 X64.728 Y112.348 F3000.000
G1 Z1.000 F500.000
G4 P100
G1 X64.670 Y112.992 F1000.000
G1 X64.830 Y114.395
G1 X65.027 Y115.096
G1 X65.298 Y115.685
G1 X65.635 Y116.084
G1 X66.030 Y116.217
G1 X66.238 Y116.168
G1 X66.505 Y115.793
G1 X66.540 Y115.507
G1 X66.385 Y114.692
G1 X65.870 Y113.842
G1 X66.174 Y113.760
G1 X66.415 Y113.565
G1 X66.583 Y113.283
G1 X66.665 Y112.942
G1 X67.295 Y113.052
G1 X67.395 Y112.987
G1 X67.395 Y112.630
G1 X67.285 Y112.537
G1 X66.625 Y112.417
G1 X66.481 Y112.042
G1 X66.248 Y111.747
G1 X65.956 Y111.556
G1 X65.635 Y111.492
G1 X65.199 Y111.588
G1 X64.900 Y111.877
G1 X64.728 Y112.348
G0 Z5.000 F500.000
G0 X65.403 Y112.172 F3000.000
G1 Z1.000 F500.000
G4 P100
G1 X65.655 Y112.022 F1000.000
G1 X65.930 Y112.152
G1 X66.090 Y112.527
G1 X65.853 Y112.802
G1 X65.790 Y113.352
G1 X65.591 Y113.301
G1 X65.330 Y112.913
G1 X65.295 Y112.607
G1 X65.403 Y112.172
G0 Z5.000 F500.000
G0 X65.330 Y113.502 F3000.000
G1 Z1.000 F500.000
G4 P100
G1 X66.006 Y115.006 F1000.000
G1 X66.055 Y115.392
G1 X66.018 Y115.637
G1 X65.915 Y115.722
G1 X65.698 Y115.425
G1 X65.480 Y114.617
G1 X65.330 Y113.502
G0 Z5.000 F500.000
G0 X67.195 Y113.567 F3000.000
G1 Z1.000 F500.000
G4 P100
G1 X67.340 Y113.780 F1000.000
G1 X67.770 Y113.822
G1 X67.810 Y113.727
G1 X67.660 Y112.967
G1 X68.300 Y112.967
G1 X68.568 Y113.782
G1 X68.975 Y113.820
G1 X69.020 Y113.717
G1 X68.755 Y112.242
G1 X68.795 Y112.095
G1 X68.900 Y112.042
G1 X69.138 Y112.165
G1 X69.640 Y112.632
G1 X69.743 Y112.572
G1 X69.780 Y112.407
G1 X69.685 Y112.097
G1 X69.213 Y111.662
G1 X68.660 Y111.492
G1 X68.439 Y111.532
G1 X68.295 Y111.652
G1 X68.190 Y112.132
G1 X68.215 Y112.457
G1 X67.605 Y112.467
G1 X67.520 Y111.550
G1 X67.355 Y111.492
G1 X67.194 Y111.542
G1 X67.088 Y111.692
G1 X67.010 Y112.332
G1 X67.195 Y113.567
G0 Z5.000 F500.000
G0 X69.440 Y112.992 F3000.000
G1 Z1.000 F500.000
G4 P100
G1 X69.580 Y113.567 F1000.000
G1 X69.728 Y113.780
G1 X70.025 Y113.847
G1 X70.194 Y113.817
G1 X70.250 Y113.727
G1 X70.070 Y112.917
G1 X70.393 Y113.140
G1 X70.775 Y113.227
G1 X71.155 Y113.090
G1 X71.325 Y112.702
G1 X71.978 Y113.787
G1 X72.215 Y113.847
G1 X72.407 Y113.805
G1 X72.470 Y113.677
G1 X72.255 Y112.352
G1 X72.295 Y112.122
G1 X72.430 Y112.042
G1 X72.655 Y112.167
G1 X73.150 Y112.632
G1 X73.253 Y112.572
G1 X73.290 Y112.407
G1 X73.195 Y112.097
G1 X72.717 Y111.643
G1 X72.270 Y111.492
G1 X71.990 Y111.550
G1 X71.798 Y111.722
G1 X71.687 Y111.990
G1 X71.650 Y112.407
G1 X71.043 Y111.742
G1 X70.702 Y111.555
G1 X70.345 Y111.492
G1 X69.955 Y111.557
G1 X69.653 Y111.752
G1 X69.460 Y112.050
G1 X69.395 Y112.422
G1 X69.440 Y112.992
G0 Z5.000 F500.000
G0 X70.025 Y112.387 F3000.000
G1 Z1.000 F500.000
G4 P100
G1 X70.130 Y112.112 F1000.000
G1 X70.390 Y112.022
G1 X70.700 Y112.132
G1 X70.810 Y112.437
G1 X70.739 Y112.636
G1 X70.525 Y112.702
G1 X70.228 Y112.607
G1 X70.025 Y112.387
G0 Z5.000 F500.000
G0 X72.810 Y112.557 F3000.000
G1 Z1.000 F500.000
G4 P100
G1 X72.955 Y113.200 F1000.000
G1 X73.129 Y113.466
G1 X73.632 Y113.803
G1 X73.940 Y113.847
G1 X74.202 Y113.804
G1 X74.405 Y113.675
G1 X74.537 Y113.471
G1 X74.580 Y113.207
G1 X74.519 Y112.886
G1 X74.333 Y112.615
G1 X74.000 Y112.393
G1 X73.495 Y112.222
G1 X73.677 Y112.050
G1 X73.970 Y111.992
G1 X74.483 Y112.150
G1 X75.115 Y112.632
G1 X75.218 Y112.572
G1 X75.255 Y112.407
G1 X75.160 Y112.097
G1 X74.638 Y111.682
G1 X73.915 Y111.492
G1 X73.449 Y111.563
G1 X73.100 Y111.777
G1 X72.883 Y112.115
G1 X72.810 Y112.557
G0 Z5.000 F500.000
G0 X73.415 Y112.622 F3000.000
G1 Z1.000 F500.000
G4 P100
G1 X73.880 Y112.822 F1000.000
G1 X74.008 Y112.973
G1 X73.998 Y113.300
G1 X73.855 Y113.357
G1 X73.685 Y113.303
G1 X73.543 Y113.142
G1 X73.415 Y112.622
G0 Z5.000 F500.000
G0 X57.288 Y102.475 F3000.000
G1 Z1.000 F500.000
G4 P100
G1 X57.325 Y102.310 F1000.000
G1 X57.230 Y102.000
G1 X56.972 Y101.743
G1 X56.668 Y101.553
G1 X56.035 Y101.395
G1 X55.600 Y101.464
G1 X55.273 Y101.673
G1 X55.069 Y101.994
G1 X55.000 Y102.405
G1 X55.040 Y102.785
G1 X55.344 Y103.385
G1 X55.575 Y103.585
G1 X56.110 Y103.750
G1 X56.538 Y103.588
G1 X56.690 Y103.170
G1 X56.598 Y102.815
G1 X56.355 Y102.670
G1 X56.203 Y102.715
G1 X56.145 Y102.840
G1 X56.163 Y103.225
G1 X56.070 Y103.260
G1 X55.855 Y103.158
G1 X55.695 Y102.880
G1 X55.635 Y102.495
G1 X55.762 Y102.060
G1 X56.140 Y101.915
G1 X56.583 Y102.053
G1 X57.185 Y102.535
G1 X57.288 Y102.475
G0 Z5.000 F500.000
G0 X57.470 Y102.490 F3000.000
G1 Z1.000 F500.000
G4 P100
G1 X57.578 Y102.070 F1000.000
G1 X57.830 Y101.925
G1 X58.108 Y102.055
G1 X58.265 Y102.430
G1 X58.028 Y102.705
G1 X57.960 Y103.225
G1 X57.759 Y103.177
G1 X57.603 Y103.033
G1 X57.470 Y102.490
G0 Z5.000 F500.000
G0 X56.990 Y103.123 F3000.000
G1 Z1.000 F500.000
G4 P100
G1 X57.163 Y103.388 F1000.000
G1 X57.659 Y103.713
G1 X57.955 Y103.755
G1 X58.299 Y103.689
G1 X58.568 Y103.493
G1 X58.752 Y103.199
G1 X58.840 Y102.845
G1 X59.470 Y102.955
G1 X59.570 Y102.890
G1 X59.569 Y102.534
G1 X59.460 Y102.440
G1 X58.800 Y102.320
G1 X58.659 Y101.942
G1 X58.425 Y101.648
G1 X58.127 Y101.458
G1 X57.512 Y101.431
G1 X57.278 Y101.540
G1 X56.955 Y101.925
G1 X56.845 Y102.445
G1 X56.990 Y103.123
G0 Z5.000 F500.000
G0 X59.100 Y102.460 F3000.000
G1 Z1.000 F500.000
G4 P100
G1 X59.245 Y103.103 F1000.000
G1 X59.419 Y103.369
G1 X59.922 Y103.706
G1 X60.230 Y103.750
G1 X60.492 Y103.707
G1 X60.695 Y103.578
G1 X60.827 Y103.374
G1 X60.870 Y103.110
G1 X60.809 Y102.789
G1 X60.623 Y102.518
G1 X60.290 Y102.296
G1 X59.785 Y102.125
G1 X59.967 Y101.953
G1 X60.260 Y101.895
G1 X60.773 Y102.053
G1 X61.405 Y102.535
G1 X61.508 Y102.475
G1 X61.545 Y102.310
G1 X61.450 Y102.000
G1 X60.928 Y101.585
G1 X60.205 Y101.395
G1 X59.739 Y101.466
G1 X59.390 Y101.680
G1 X59.173 Y102.018
G1 X59.100 Y102.460
G0 Z5.000 F500.000
G0 X59.705 Y102.525 F3000.000
G1 Z1.000 F500.000
G4 P100
G1 X60.170 Y102.725 F1000.000
G1 X60.298 Y102.876
G1 X60.288 Y103.203
G1 X60.145 Y103.260
G1 X59.975 Y103.206
G1 X59.833 Y103.045
G1 X59.705 Y102.525
G0 Z5.000 F500.000
G0 X61.122 Y102.599 F3000.000
G1 Z1.000 F500.000
G4 P100
G1 X61.476 Y103.290 F1000.000
G1 X61.753 Y103.543
G1 X62.070 Y103.706
G1 X62.405 Y103.760
G1 X62.553 Y103.718
G1 X62.615 Y103.565
G1 X63.013 Y103.548
G1 X63.065 Y103.400
G1 X62.845 Y101.955
G1 X63.585 Y102.485
G1 X63.700 Y102.525
G1 X63.803 Y102.463
G1 X63.840 Y102.305
G1 X63.695 Y102.010
G1 X62.745 Y101.365
G1 X62.526 Y100.441
G1 X62.248 Y99.738
G1 X61.899 Y99.293
G1 X61.465 Y99.145
G1 X61.234 Y99.184
G1 X60.930 Y99.484
G1 X60.890 Y99.715
G1 X60.960 Y100.083
G1 X61.170 Y100.478
G1 X61.573 Y100.932
G1 X62.220 Y101.480
G1 X62.250 Y101.675
G1 X62.028 Y101.468
G1 X61.755 Y101.395
G1 X61.477 Y101.451
G1 X61.260 Y101.620
G1 X61.122 Y101.880
G1 X61.122 Y102.599
G0 Z5.000 F500.000
G0 X61.700 Y102.205 F3000.000
G1 Z1.000 F500.000
G4 P100
G1 X61.763 Y101.975 F1000.000
G1 X61.935 Y101.900
G1 X62.155 Y102.040
G1 X62.465 Y103.295
G1 X62.085 Y103.138
G1 X61.805 Y102.735
G1 X61.700 Y102.205
G0 Z5.000 F500.000
G0 X62.105 Y100.885 F3000.000
G1 Z1.000 F500.000
G4 P100
G1 X61.550 Y100.290 F1000.000
G1 X61.380 Y99.825
G1 X61.413 Y99.685
G1 X61.520 Y99.630
G1 X61.654 Y99.705
G1 X61.803 Y99.930
G1 X62.105 Y100.885
G0 Z5.000 F500.000
G0 X63.678 Y101.603 F3000.000
G1 Z1.000 F500.000
G4 P100
G1 X63.535 Y102.120 F1000.000
G1 X63.585 Y102.808
G1 X63.750 Y103.470
G1 X63.890 Y103.685
G1 X64.175 Y103.750
G1 X64.328 Y103.715
G1 X64.370 Y103.610
G1 X64.135 Y102.305
G1 X64.240 Y102.115
G1 X64.428 Y102.265
G1 X64.668 Y102.720
G1 X65.038 Y103.685
G1 X65.445 Y103.723
G1 X65.490 Y103.620
G1 X65.225 Y102.145
G1 X65.265 Y101.998
G1 X65.370 Y101.945
G1 X65.608 Y102.068
G1 X66.110 Y102.535
G1 X66.213 Y102.475
G1 X66.250 Y102.310
G1 X66.155 Y102.000
G1 X65.693 Y101.565
G1 X65.429 Y101.438
G1 X64.922 Y101.441
G1 X64.778 Y101.580
G1 X64.665 Y102.100
G1 X64.410 Y101.578
G1 X64.234 Y101.441
G1 X63.841 Y101.447
G1 X63.678 Y101.603
G0 Z5.000 F500.000
G0 X65.933 Y101.595 F3000.000
G1 Z1.000 F500.000
G4 P100
G1 X65.855 Y102.235 F1000.000
G1 X65.902 Y102.869
G1 X66.040 Y103.470
G1 X66.185 Y103.683
G1 X66.475 Y103.750
G1 X66.615 Y103.725
G1 X66.655 Y103.630
G1 X66.505 Y102.870
G1 X67.145 Y102.870
G1 X67.413 Y103.685
G1 X67.820 Y103.723
G1 X67.865 Y103.620
G1 X67.600 Y102.145
G1 X67.640 Y101.998
G1 X67.745 Y101.945
G1 X67.983 Y102.068
G1 X68.485 Y102.535
G1 X68.588 Y102.475
G1 X68.625 Y102.310
G1 X68.530 Y102.000
G1 X68.058 Y101.565
G1 X67.505 Y101.395
G1 X67.284 Y101.435
G1 X67.140 Y101.555
G1 X67.035 Y102.035
G1 X67.060 Y102.360
G1 X66.450 Y102.370
G1 X66.365 Y101.453
G1 X66.200 Y101.395
G1 X66.039 Y101.445
G1 X65.933 Y101.595
G0 Z5.000 F500.000
G0 X68.218 Y102.018 F3000.000
G1 Z1.000 F500.000
G4 P100
G1 X68.145 Y102.460 F1000.000
G1 X68.290 Y103.103
G1 X68.693 Y103.575
G1 X69.275 Y103.750
G1 X69.537 Y103.707
G1 X69.740 Y103.578
G1 X69.872 Y103.374
G1 X69.915 Y103.110
G1 X69.854 Y102.789
G1 X69.668 Y102.518
G1 X69.335 Y102.296
G1 X68.830 Y102.125
G1 X69.012 Y101.953
G1 X69.305 Y101.895
G1 X69.818 Y102.053
G1 X70.450 Y102.535
G1 X70.553 Y102.475
G1 X70.590 Y102.310
G1 X70.495 Y102.000
G1 X69.973 Y101.585
G1 X69.250 Y101.395
G1 X68.784 Y101.466
G1 X68.435 Y101.680
G1 X68.218 Y102.018
G0 Z5.000 F500.000
G0 X68.750 Y102.525 F3000.000
G1 Z1.000 F500.000
G4 P100
G1 X69.215 Y102.725 F1000.000
G1 X69.343 Y102.876
G1 X69.333 Y103.203
G1 X69.190 Y103.260
G1 X69.020 Y103.206
G1 X68.878 Y103.045
G1 X68.750 Y102.525
G0 Z5.000 F500.000
G0 X70.242 Y102.869 F3000.000
G1 Z1.000 F500.000
G4 P100
G1 X70.380 Y103.470 F1000.000
G1 X70.525 Y103.683
G1 X70.815 Y103.750
G1 X70.955 Y103.725
G1 X70.995 Y103.630
G1 X70.845 Y102.870
G1 X71.485 Y102.870
G1 X71.753 Y103.685
G1 X72.160 Y103.723
G1 X72.205 Y103.620
G1 X71.940 Y102.145
G1 X71.980 Y101.998
G1 X72.085 Y101.945
G1 X72.323 Y102.068
G1 X72.825 Y102.535
G1 X72.928 Y102.475
G1 X72.965 Y102.310
G1 X72.870 Y102.000
G1 X72.398 Y101.565
G1 X71.845 Y101.395
G1 X71.624 Y101.435
G1 X71.480 Y101.555
G1 X71.375 Y102.035
G1 X71.400 Y102.360
G1 X70.790 Y102.370
G1 X70.765 Y101.635
G1 X70.705 Y101.453
G1 X70.540 Y101.395
G1 X70.379 Y101.445
G1 X70.273 Y101.595
G1 X70.195 Y102.235
G1 X70.242 Y102.869
G0 Z5.000 F500.000
G0 X72.560 Y102.120 F3000.000
G1 Z1.000 F500.000
G4 P100
G1 X72.610 Y102.808 F1000.000
G1 X72.775 Y103.470
G1 X72.915 Y103.685
G1 X73.200 Y103.750
G1 X73.353 Y103.715
G1 X73.395 Y103.610
G1 X73.185 Y102.158
G1 X73.265 Y102.115
G1 X73.453 Y102.265
G1 X74.063 Y103.685
G1 X74.310 Y103.750
G1 X74.470 Y103.723
G1 X74.515 Y103.620
G1 X74.250 Y102.145
G1 X74.290 Y101.998
G1 X74.395 Y101.945
G1 X74.633 Y102.068
G1 X75.135 Y102.535
G1 X75.238 Y102.475
G1 X75.275 Y102.310
G1 X75.180 Y102.000
G1 X74.718 Y101.565
G1 X74.155 Y101.395
G1 X73.947 Y101.441
G1 X73.803 Y101.580
G1 X73.690 Y102.100
G1 X73.435 Y101.578
G1 X73.070 Y101.395
G1 X72.866 Y101.447
G1 X72.596 Y101.836
G1 X72.560 Y102.120
G0 Z5.000 F500.000
G0 X74.635 Y102.050 F3000.000
G1 Z1.000 F500.000
G4 P100
G1 X74.753 Y102.460 F1000.000
G1 X75.075 Y102.610
G1 X75.210 Y102.574
G1 X75.255 Y102.465
G1 X75.305 Y102.010
G1 X75.495 Y101.905
G1 X75.810 Y102.003
G1 X76.125 Y102.280
G1 X75.791 Y102.328
G1 X75.583 Y102.470
G1 X75.450 Y102.693
G1 X75.405 Y102.980
G1 X75.459 Y103.308
G1 X75.620 Y103.553
G1 X75.878 Y103.704
G1 X76.220 Y103.755
G1 X76.775 Y103.670
G1 X77.005 Y103.745
G1 X77.163 Y103.698
G1 X77.210 Y103.570
G1 X77.005 Y102.575
G1 X77.003 Y101.998
G1 X77.110 Y101.945
G1 X77.340 Y102.060
G1 X77.850 Y102.535
G1 X77.953 Y102.475
G1 X77.990 Y102.310
G1 X77.895 Y102.000
G1 X77.395 Y101.545
G1 X76.920 Y101.395
G1 X76.605 Y101.540
G1 X76.495 Y101.955
G1 X76.525 Y102.270
G1 X75.989 Y101.614
G1 X75.675 Y101.450
G1 X75.330 Y101.395
G1 X75.050 Y101.440
G1 X74.828 Y101.575
G1 X74.684 Y101.784
G1 X74.635 Y102.050
G0 Z5.000 F500.000
G0 X76.013 Y102.750 F3000.000
G1 Z1.000 F500.000
G4 P100
G1 X76.390 Y102.665 F1000.000
G1 X76.660 Y103.295
G1 X76.340 Y103.350
G1 X76.030 Y103.255
G1 X75.920 Y102.985
G1 X76.013 Y102.750
G0 Z5.000 F500.000
G0 X57.153 Y95.773 F3000.000
G1 Z1.000 F500.000
G4 P100
G1 X57.195 Y95.563 F1000.000
G1 X57.100 Y95.313
G1 X56.108 Y95.046
G1 X56.000 Y94.883
G1 X56.953 Y93.536
G1 X57.055 Y92.743
G1 X57.740 Y92.858
G1 X57.840 Y92.793
G1 X57.840 Y92.436
G1 X57.730 Y92.343
G1 X56.970 Y92.218
G1 X56.804 Y91.826
G1 X56.563 Y91.538
G1 X56.260 Y91.362
G1 X55.905 Y91.303
G1 X55.540 Y91.364
G1 X55.265 Y91.546
G1 X55.093 Y91.852
G1 X55.035 Y92.288
G1 X55.173 Y92.961
G1 X55.545 Y93.426
G1 X55.793 Y93.551
G1 X56.325 Y93.538
G1 X55.490 Y94.621
G1 X55.420 Y94.938
G1 X55.550 Y95.306
G1 X55.870 Y95.513
G1 X56.980 Y95.848
G1 X57.153 Y95.773
G0 Z5.000 F500.000
G0 X56.225 Y93.103 F3000.000
G1 Z1.000 F500.000
G4 P100
G1 X55.898 Y93.003 F1000.000
G1 X55.725 Y92.711
G1 X55.660 Y92.288
G1 X55.718 Y91.948
G1 X55.905 Y91.828
G1 X56.193 Y92.001
G1 X56.405 Y92.448
G1 X56.263 Y92.688
G1 X56.225 Y93.103
G0 Z5.000 F500.000
G0 X57.495 Y92.711 F3000.000
G1 Z1.000 F500.000
G4 P100
G1 X57.660 Y93.373 F1000.000
G1 X57.800 Y93.588
G1 X58.238 Y93.618
G1 X58.280 Y93.513
G1 X58.045 Y92.208
G1 X58.150 Y92.018
G1 X58.338 Y92.168
G1 X58.578 Y92.623
G1 X58.948 Y93.588
G1 X59.355 Y93.623
G1 X59.400 Y93.523
G1 X59.140 Y91.858
G1 X59.890 Y92.388
G1 X60.005 Y92.428
G1 X60.108 Y92.366
G1 X60.145 Y92.208
G1 X60.000 Y91.913
G1 X59.040 Y91.268
G1 X58.821 Y90.344
G1 X58.543 Y89.641
G1 X58.194 Y89.196
G1 X57.760 Y89.048
G1 X57.529 Y89.087
G1 X57.225 Y89.387
G1 X57.185 Y89.618
G1 X57.293 Y90.098
G1 X57.693 Y90.661
G1 X58.520 Y91.388
G1 X58.615 Y92.033
G1 X58.335 Y91.486
G1 X57.955 Y91.298
G1 X57.751 Y91.350
G1 X57.481 Y91.739
G1 X57.495 Y92.711
G0 Z5.000 F500.000
G0 X58.405 Y90.788 F3000.000
G1 Z1.000 F500.000
G4 P100
G1 X57.848 Y90.196 F1000.000
G1 X57.675 Y89.728
G1 X57.708 Y89.588
G1 X57.815 Y89.533
G1 X57.948 Y89.606
G1 X58.095 Y89.823
G1 X58.405 Y90.788
G0 Z5.000 F500.000
G0 X60.034 Y91.348 F3000.000
G1 Z1.000 F500.000
G4 P100
G1 X59.928 Y91.498 F1000.000
G1 X59.850 Y92.138
G1 X59.897 Y92.772
G1 X60.035 Y93.373
G1 X60.183 Y93.586
G1 X60.470 Y93.653
G1 X60.610 Y93.628
G1 X60.650 Y93.533
G1 X60.435 Y92.353
G1 X60.639 Y92.953
G1 X60.890 Y93.353
G1 X61.194 Y93.578
G1 X61.555 Y93.653
G1 X61.963 Y93.491
G1 X62.110 Y93.073
G1 X62.018 Y92.718
G1 X61.775 Y92.573
G1 X61.623 Y92.618
G1 X61.565 Y92.743
G1 X61.615 Y93.028
G1 X61.485 Y93.163
G1 X61.290 Y93.061
G1 X61.138 Y92.786
G1 X61.080 Y92.413
G1 X61.205 Y91.981
G1 X61.565 Y91.818
G1 X61.895 Y91.941
G1 X62.430 Y92.438
G1 X62.533 Y92.378
G1 X62.570 Y92.213
G1 X62.475 Y91.903
G1 X62.025 Y91.466
G1 X61.515 Y91.298
G1 X61.088 Y91.401
G1 X60.775 Y91.648
G1 X60.620 Y91.928
G1 X60.418 Y91.373
G1 X60.195 Y91.298
G1 X60.034 Y91.348
G0 Z5.000 F500.000
G0 X62.258 Y92.154 F3000.000
G1 Z1.000 F500.000
G4 P100
G1 X62.200 Y92.798 F1000.000
G1 X62.360 Y94.201
G1 X62.557 Y94.902
G1 X62.828 Y95.491
G1 X63.165 Y95.890
G1 X63.560 Y96.023
G1 X63.768 Y95.974
G1 X64.035 Y95.599
G1 X64.070 Y95.313
G1 X63.915 Y94.498
G1 X63.400 Y93.648
G1 X63.704 Y93.566
G1 X63.945 Y93.371
G1 X64.113 Y93.089
G1 X64.195 Y92.748
G1 X64.825 Y92.858
G1 X64.925 Y92.793
G1 X64.925 Y92.436
G1 X64.815 Y92.343
G1 X64.155 Y92.223
G1 X64.011 Y91.848
G1 X63.778 Y91.553
G1 X63.486 Y91.362
G1 X63.165 Y91.298
G1 X62.729 Y91.394
G1 X62.430 Y91.683
G1 X62.258 Y92.154
G0 Z5.000 F500.000
G0 X62.933 Y91.978 F3000.000
G1 Z1.000 F500.000
G4 P100
G1 X63.185 Y91.828 F1000.000
G1 X63.460 Y91.958
G1 X63.620 Y92.333
G1 X63.383 Y92.608
G1 X63.320 Y93.158
G1 X63.121 Y93.107
G1 X62.860 Y92.719
G1 X62.825 Y92.413
G1 X62.933 Y91.978
G0 Z5.000 F500.000
G0 X62.860 Y93.308 F3000.000
G1 Z1.000 F500.000
G4 P100
G1 X63.536 Y94.812 F1000.000
G1 X63.585 Y95.198
G1 X63.548 Y95.443
G1 X63.445 Y95.528
G1 X63.228 Y95.231
G1 X63.010 Y94.423
G1 X62.860 Y93.308
G0 Z5.000 F500.000
G0 X66.070 Y93.373 F3000.000
G1 Z1.000 F500.000
G4 P100
G1 X66.210 Y93.588 F1000.000
G1 X66.495 Y93.653
G1 X66.648 Y93.618
G1 X66.690 Y93.513
G1 X66.455 Y92.208
G1 X66.560 Y92.018
G1 X66.748 Y92.168
G1 X66.988 Y92.623
G1 X67.358 Y93.588
G1 X67.765 Y93.626
G1 X67.810 Y93.523
G1 X67.545 Y92.048
G1 X67.585 Y91.901
G1 X67.690 Y91.848
G1 X67.928 Y91.971
G1 X68.430 Y92.438
G1 X68.533 Y92.378
G1 X68.570 Y92.213
G1 X68.475 Y91.903
G1 X68.013 Y91.468
G1 X67.450 Y91.298
G1 X67.242 Y91.344
G1 X67.098 Y91.483
G1 X66.985 Y92.003
G1 X66.730 Y91.481
G1 X66.365 Y91.298
G1 X66.161 Y91.350
G1 X65.891 Y91.739
G1 X65.855 Y92.023
G1 X65.905 Y92.711
G1 X66.070 Y93.373
G0 Z5.000 F500.000
G0 X58.155 Y83.484 F3000.000
G1 Z1.000 F500.000
G4 P100
G1 X58.220 Y83.196 F1000.000
G1 X58.225 Y81.826
G1 X58.375 Y81.726
G1 X58.602 Y81.857
G1 X59.015 Y82.341
G1 X59.118 Y82.281
G1 X59.155 Y82.116
G1 X59.060 Y81.801
G1 X58.613 Y81.366
G1 X58.135 Y81.201
G1 X57.908 Y81.251
G1 X57.755 Y81.401
G1 X57.640 Y81.981
G1 X57.720 Y82.806
G1 X57.015 Y81.254
G1 X56.835 Y81.201
G1 X56.675 Y81.261
G1 X56.585 Y81.451
G1 X56.495 Y82.711
G1 X56.240 Y81.914
G1 X55.915 Y81.404
G1 X55.683 Y81.255
G1 X55.395 Y81.206
G1 X55.161 Y81.252
G1 X54.988 Y81.391
G1 X54.845 Y81.856
G1 X54.960 Y82.274
G1 X55.099 Y82.399
G1 X55.435 Y82.407
G1 X55.440 Y81.926
G1 X55.515 Y81.756
G1 X55.655 Y81.859
G1 X56.170 Y83.256
G1 X56.318 Y83.484
G1 X56.580 Y83.556
G1 X56.813 Y83.501
G1 X56.905 Y83.321
G1 X56.940 Y82.216
G1 X57.500 Y83.356
G1 X57.693 Y83.509
G1 X57.910 Y83.561
G1 X58.155 Y83.484
G0 Z5.000 F500.000
G0 X58.965 Y83.276 F3000.000
G1 Z1.000 F500.000
G4 P100
G1 X59.105 Y83.491 F1000.000
G1 X59.390 Y83.556
G1 X59.543 Y83.521
G1 X59.585 Y83.416
G1 X59.350 Y82.111
G1 X59.455 Y81.921
G1 X59.643 Y82.071
G1 X59.883 Y82.526
G1 X60.253 Y83.491
G1 X60.660 Y83.529
G1 X60.705 Y83.426
G1 X60.440 Y81.951
G1 X60.480 Y81.804
G1 X60.585 Y81.751
G1 X60.823 Y81.874
G1 X61.325 Y82.341
G1 X61.428 Y82.281
G1 X61.465 Y82.116
G1 X61.370 Y81.806
G1 X60.908 Y81.371
G1 X60.345 Y81.201
G1 X60.137 Y81.247
G1 X59.993 Y81.386
G1 X59.880 Y81.906
G1 X59.625 Y81.384
G1 X59.260 Y81.201
G1 X59.056 Y81.253
G1 X58.786 Y81.642
G1 X58.750 Y81.926
G1 X58.800 Y82.614
G1 X58.965 Y83.276
G0 Z5.000 F500.000
G0 X61.117 Y82.675 F3000.000
G1 Z1.000 F500.000
G4 P100
G1 X61.255 Y83.276 F1000.000
G1 X61.400 Y83.489
G1 X61.690 Y83.556
G1 X61.830 Y83.531
G1 X61.870 Y83.436
G1 X61.720 Y82.676
G1 X62.360 Y82.676
G1 X62.628 Y83.491
G1 X63.035 Y83.529
G1 X63.080 Y83.426
G1 X62.815 Y81.951
G1 X62.855 Y81.804
G1 X62.960 Y81.751
G1 X63.198 Y81.874
G1 X63.700 Y82.341
G1 X63.803 Y82.281
G1 X63.840 Y82.116
G1 X63.745 Y81.806
G1 X63.273 Y81.371
G1 X62.720 Y81.201
G1 X62.499 Y81.241
G1 X62.355 Y81.361
G1 X62.250 Y81.841
G1 X62.275 Y82.166
G1 X61.665 Y82.176
G1 X61.640 Y81.441
G1 X61.580 Y81.259
G1 X61.415 Y81.201
G1 X61.254 Y81.251
G1 X61.148 Y81.401
G1 X61.070 Y82.041
G1 X61.117 Y82.675
G0 Z5.000 F500.000
G0 X63.435 Y81.926 F3000.000
G1 Z1.000 F500.000
G4 P100
G1 X63.485 Y82.614 F1000.000
G1 X63.650 Y83.276
G1 X63.790 Y83.491
G1 X64.075 Y83.556
G1 X64.228 Y83.521
G1 X64.270 Y83.416
G1 X64.060 Y81.964
G1 X64.140 Y81.921
G1 X64.328 Y82.071
G1 X64.938 Y83.491
G1 X65.185 Y83.556
G1 X65.345 Y83.529
G1 X65.390 Y83.426
G1 X65.125 Y81.951
G1 X65.165 Y81.804
G1 X65.270 Y81.751
G1 X65.508 Y81.874
G1 X66.010 Y82.341
G1 X66.113 Y82.281
G1 X66.150 Y82.116
G1 X66.055 Y81.806
G1 X65.593 Y81.371
G1 X65.030 Y81.201
G1 X64.822 Y81.247
G1 X64.678 Y81.386
G1 X64.565 Y81.906
G1 X64.310 Y81.384
G1 X63.945 Y81.201
G1 X63.741 Y81.253
G1 X63.471 Y81.642
G1 X63.435 Y81.926
G0 Z5.000 F500.000
G0 X65.510 Y81.856 F3000.000
G1 Z1.000 F500.000
G4 P100
G1 X65.625 Y82.274 F1000.000
G1 X65.950 Y82.441
G1 X66.100 Y82.407
G1 X66.150 Y82.306
G1 X66.105 Y81.926
G1 X66.180 Y81.756
G1 X66.320 Y81.859
G1 X66.835 Y83.256
G1 X66.983 Y83.484
G1 X67.245 Y83.556
G1 X67.478 Y83.501
G1 X67.570 Y83.321
G1 X67.605 Y82.216
G1 X68.165 Y83.356
G1 X68.358 Y83.509
G1 X68.575 Y83.561
G1 X68.820 Y83.484
G1 X68.885 Y83.196
G1 X68.890 Y81.826
G1 X69.040 Y81.726
G1 X69.267 Y81.857
G1 X69.680 Y82.341
G1 X69.783 Y82.281
G1 X69.820 Y82.116
G1 X69.725 Y81.801
G1 X69.278 Y81.366
G1 X68.800 Y81.201
G1 X68.573 Y81.251
G1 X68.420 Y81.401
G1 X68.305 Y81.981
G1 X68.385 Y82.806
G1 X67.680 Y81.254
G1 X67.500 Y81.201
G1 X67.340 Y81.261
G1 X67.250 Y81.451
G1 X67.160 Y82.711
G1 X66.905 Y81.914
G1 X66.580 Y81.404
G1 X66.348 Y81.255
G1 X65.826 Y81.252
G1 X65.653 Y81.391
G1 X65.510 Y81.856
G0 Z5.000 F500.000
G0 X69.415 Y81.926 F3000.000
G1 Z1.000 F500.000
G4 P100
G1 X69.465 Y82.614 F1000.000
G1 X69.630 Y83.276
G1 X69.770 Y83.491
G1 X70.055 Y83.556
G1 X70.208 Y83.521
G1 X70.250 Y83.416
G1 X70.045 Y82.419
G1 X70.042 Y81.969
G1 X70.120 Y81.921
G1 X70.308 Y82.071
G1 X70.918 Y83.491
G1 X71.165 Y83.556
G1 X71.325 Y83.526
G1 X71.370 Y83.426
G1 X71.110 Y81.761
G1 X71.860 Y82.291
G1 X71.975 Y82.331
G1 X72.078 Y82.269
G1 X72.115 Y82.111
G1 X71.970 Y81.816
G1 X71.010 Y81.171
G1 X70.791 Y80.247
G1 X70.513 Y79.544
G1 X70.164 Y79.099
G1 X69.730 Y78.951
G1 X69.499 Y78.990
G1 X69.195 Y79.290
G1 X69.155 Y79.521
G1 X69.263 Y80.001
G1 X69.663 Y80.564
G1 X70.490 Y81.291
G1 X70.585 Y81.936
G1 X70.305 Y81.389
G1 X69.925 Y81.201
G1 X69.721 Y81.253
G1 X69.558 Y81.409
G1 X69.415 Y81.926
G0 Z5.000 F500.000
G0 X70.375 Y80.691 F3000.000
G1 Z1.000 F500.000
G4 P100
G1 X69.818 Y80.099 F1000.000
G1 X69.645 Y79.631
G1 X69.678 Y79.491
G1 X69.785 Y79.436
G1 X69.918 Y79.509
G1 X70.065 Y79.726
G1 X70.375 Y80.691
G0 Z5.000 F500.000
G0 X71.718 Y81.391 F3000.000
G1 Z1.000 F500.000
G4 P100
G1 X71.575 Y81.856 F1000.000
G1 X71.690 Y82.274
G1 X71.829 Y82.399
G1 X72.165 Y82.407
G1 X72.170 Y81.926
G1 X72.245 Y81.756
G1 X72.385 Y81.859
G1 X72.900 Y83.256
G1 X73.048 Y83.484
G1 X73.310 Y83.556
G1 X73.543 Y83.501
G1 X73.635 Y83.321
G1 X73.670 Y82.216
G1 X74.230 Y83.356
G1 X74.423 Y83.509
G1 X74.640 Y83.561
G1 X74.885 Y83.484
G1 X74.950 Y83.196
G1 X74.955 Y81.826
G1 X75.105 Y81.726
G1 X75.332 Y81.857
G1 X75.745 Y82.341
G1 X75.848 Y82.281
G1 X75.885 Y82.116
G1 X75.790 Y81.801
G1 X75.343 Y81.366
G1 X74.865 Y81.201
G1 X74.638 Y81.251
G1 X74.485 Y81.401
G1 X74.370 Y81.981
G1 X74.450 Y82.806
G1 X73.875 Y81.456
G1 X73.745 Y81.254
G1 X73.565 Y81.201
G1 X73.405 Y81.261
G1 X73.315 Y81.451
G1 X73.225 Y82.711
G1 X72.970 Y81.914
G1 X72.645 Y81.404
G1 X72.413 Y81.255
G1 X72.125 Y81.206
G1 X71.891 Y81.252
G1 X71.718 Y81.391
G0 Z5.000 F500.000
G0 X57.928 Y72.184 F3000.000
G1 Z1.000 F500.000
G4 P100
G1 X57.965 Y72.019 F1000.000
G1 X57.870 Y71.709
G1 X57.408 Y71.274
G1 X57.144 Y71.147
G1 X56.622 Y71.141
G1 X56.363 Y71.432
G1 X56.330 Y71.679
G1 X56.465 Y72.614
G1 X56.410 Y72.694
G1 X56.228 Y72.527
G1 X55.988 Y72.084
G1 X55.663 Y71.187
G1 X55.435 Y71.104
G1 X55.274 Y71.154
G1 X55.168 Y71.304
G1 X55.090 Y71.944
G1 X55.137 Y72.578
G1 X55.275 Y73.179
G1 X55.423 Y73.392
G1 X55.710 Y73.459
G1 X55.850 Y73.434
G1 X55.890 Y73.339
G1 X55.685 Y72.259
G1 X56.055 Y72.959
G1 X56.458 Y73.344
G1 X56.820 Y73.459
G1 X57.064 Y73.378
G1 X57.145 Y73.134
G1 X56.940 Y71.854
G1 X56.977 Y71.704
G1 X57.085 Y71.654
G1 X57.323 Y71.777
G1 X57.825 Y72.244
G1 X57.928 Y72.184
G0 Z5.000 F500.000
G0 X58.110 Y72.199 F3000.000
G1 Z1.000 F500.000
G4 P100
G1 X58.218 Y71.779 F1000.000
G1 X58.470 Y71.634
G1 X58.748 Y71.764
G1 X58.905 Y72.139
G1 X58.668 Y72.414
G1 X58.600 Y72.934
G1 X58.399 Y72.886
G1 X58.243 Y72.742
G1 X58.110 Y72.199
G0 Z5.000 F500.000
G0 X57.630 Y72.832 F3000.000
G1 Z1.000 F500.000
G4 P100
G1 X57.803 Y73.097 F1000.000
G1 X58.299 Y73.422
G1 X58.595 Y73.464
G1 X58.939 Y73.398
G1 X59.208 Y73.202
G1 X59.392 Y72.908
G1 X59.480 Y72.554
G1 X60.110 Y72.664
G1 X60.210 Y72.599
G1 X60.209 Y72.243
G1 X60.100 Y72.149
G1 X59.440 Y72.029
G1 X59.299 Y71.651
G1 X59.065 Y71.357
G1 X58.767 Y71.167
G1 X58.152 Y71.140
G1 X57.918 Y71.249
G1 X57.595 Y71.634
G1 X57.485 Y72.154
G1 X57.630 Y72.832
G0 Z5.000 F500.000
G0 X59.750 Y71.919 F3000.000
G1 Z1.000 F500.000
G4 P100
G1 X59.797 Y72.308 F1000.000
G1 X60.151 Y72.999
G1 X60.745 Y73.415
G1 X61.080 Y73.469
G1 X61.228 Y73.427
G1 X61.290 Y73.274
G1 X61.688 Y73.257
G1 X61.740 Y73.109
G1 X61.520 Y71.664
G1 X62.260 Y72.194
G1 X62.375 Y72.234
G1 X62.478 Y72.172
G1 X62.515 Y72.014
G1 X62.370 Y71.719
G1 X61.420 Y71.074
G1 X61.201 Y70.150
G1 X60.923 Y69.447
G1 X60.574 Y69.002
G1 X60.140 Y68.854
G1 X59.909 Y68.893
G1 X59.605 Y69.193
G1 X59.565 Y69.424
G1 X59.635 Y69.792
G1 X59.845 Y70.187
G1 X60.248 Y70.641
G1 X60.895 Y71.189
G1 X60.925 Y71.384
G1 X60.703 Y71.177
G1 X60.430 Y71.104
G1 X60.152 Y71.160
G1 X59.935 Y71.329
G1 X59.797 Y71.589
G1 X59.750 Y71.919
G0 Z5.000 F500.000
G0 X60.438 Y71.684 F3000.000
G1 Z1.000 F500.000
G4 P100
G1 X60.610 Y71.609 F1000.000
G1 X60.830 Y71.749
G1 X61.140 Y73.004
G1 X60.760 Y72.847
G1 X60.480 Y72.444
G1 X60.375 Y71.914
G1 X60.438 Y71.684
G0 Z5.000 F500.000
G0 X60.780 Y70.594 F3000.000
G1 Z1.000 F500.000
G4 P100
G1 X60.225 Y69.999 F1000.000
G1 X60.055 Y69.534
G1 X60.088 Y69.394
G1 X60.195 Y69.339
G1 X60.329 Y69.414
G1 X60.478 Y69.639
G1 X60.780 Y70.594
G0 Z5.000 F500.000
G0 X62.598 Y71.359 F3000.000
G1 Z1.000 F500.000
G4 P100
G1 X62.416 Y71.655 F1000.000
G1 X62.355 Y72.034
G1 X62.430 Y72.554
G1 X62.715 Y73.009
G1 X62.320 Y73.099
G1 X62.175 Y73.314
G1 X62.253 Y73.492
G1 X62.425 Y73.569
G1 X62.770 Y73.452
G1 X63.578 Y73.424
G1 X63.620 Y73.309
G1 X63.550 Y73.112
G1 X63.315 Y73.009
G1 X63.075 Y72.574
G1 X63.380 Y72.764
G1 X63.735 Y72.839
G1 X64.009 Y72.789
G1 X64.218 Y72.639
G1 X64.351 Y72.412
G1 X64.395 Y72.129
G1 X64.300 Y71.659
G1 X64.665 Y71.774
G1 X65.050 Y72.174
G1 X65.185 Y72.244
G1 X65.288 Y72.184
G1 X65.325 Y72.019
G1 X65.230 Y71.709
G1 X64.758 Y71.274
G1 X64.499 Y71.147
G1 X64.205 Y71.104
G1 X63.860 Y71.214
G1 X63.305 Y71.104
G1 X62.896 Y71.168
G1 X62.598 Y71.359
G0 Z5.000 F500.000
G0 X63.088 Y71.729 F3000.000
G1 Z1.000 F500.000
G4 P100
G1 X63.350 Y71.634 F1000.000
G1 X63.660 Y71.744
G1 X63.770 Y72.049
G1 X63.699 Y72.248
G1 X63.485 Y72.314
G1 X63.195 Y72.224
G1 X62.995 Y72.014
G1 X63.088 Y71.729
G0 Z5.000 F500.000
G0 X64.845 Y72.169 F3000.000
G1 Z1.000 F500.000
G4 P100
G1 X64.990 Y72.812 F1000.000
G1 X65.164 Y73.078
G1 X65.667 Y73.415
G1 X65.975 Y73.459
G1 X66.237 Y73.416
G1 X66.440 Y73.287
G1 X66.572 Y73.083
G1 X66.615 Y72.819
G1 X66.554 Y72.498
G1 X66.368 Y72.227
G1 X66.035 Y72.005
G1 X65.530 Y71.834
G1 X65.712 Y71.662
G1 X66.005 Y71.604
G1 X66.518 Y71.762
G1 X67.150 Y72.244
G1 X67.253 Y72.184
G1 X67.290 Y72.019
G1 X67.195 Y71.709
G1 X66.673 Y71.294
G1 X65.950 Y71.104
G1 X65.484 Y71.175
G1 X65.135 Y71.389
G1 X64.918 Y71.727
G1 X64.845 Y72.169
G0 Z5.000 F500.000
G0 X65.450 Y72.234 F3000.000
G1 Z1.000 F500.000
G4 P100
G1 X65.915 Y72.434 F1000.000
G1 X66.043 Y72.585
G1 X66.033 Y72.912
G1 X65.890 Y72.969
G1 X65.720 Y72.915
G1 X65.578 Y72.754
G1 X65.450 Y72.234
G0 Z5.000 F500.000
G0 X65.520 Y73.789 F3000.000
G1 Z1.000 F500.000
G4 P100
G1 X65.270 Y73.877 F1000.000
G1 X65.180 Y74.149
G1 X65.288 Y74.462
G1 X65.575 Y74.574
G1 X65.825 Y74.487
G1 X65.915 Y74.214
G1 X65.808 Y73.902
G1 X65.520 Y73.789
G0 Z5.000 F500.000
G0 X66.220 Y74.149 F3000.000
G1 Z1.000 F500.000
G4 P100
G1 X66.328 Y74.462 F1000.000
G1 X66.615 Y74.574
G1 X66.865 Y74.487
G1 X66.955 Y74.214
G1 X66.848 Y73.902
G1 X66.560 Y73.789
G1 X66.310 Y73.877
G1 X66.220 Y74.149
G0 Z5.000 F500.000
G0 X66.904 Y72.302 F3000.000
G1 Z1.000 F500.000
G4 P100
G1 X67.240 Y72.310 F1000.000
G1 X67.245 Y71.829
G1 X67.320 Y71.659
G1 X67.460 Y71.762
G1 X67.975 Y73.159
G1 X68.123 Y73.387
G1 X68.385 Y73.459
G1 X68.618 Y73.404
G1 X68.710 Y73.224
G1 X68.745 Y72.119
G1 X69.305 Y73.259
G1 X69.498 Y73.412
G1 X69.715 Y73.464
G1 X69.960 Y73.387
G1 X70.025 Y73.099
G1 X70.030 Y71.729
G1 X70.180 Y71.629
G1 X70.407 Y71.760
G1 X70.820 Y72.244
G1 X70.923 Y72.184
G1 X70.960 Y72.019
G1 X70.865 Y71.704
G1 X70.418 Y71.269
G1 X69.940 Y71.104
G1 X69.713 Y71.154
G1 X69.560 Y71.304
G1 X69.445 Y71.884
G1 X69.525 Y72.709
G1 X68.950 Y71.359
G1 X68.820 Y71.157
G1 X68.640 Y71.104
G1 X68.480 Y71.164
G1 X68.390 Y71.354
G1 X68.300 Y72.614
G1 X68.045 Y71.817
G1 X67.720 Y71.307
G1 X67.488 Y71.158
G1 X67.200 Y71.109
G1 X66.966 Y71.155
G1 X66.686 Y71.503
G1 X66.650 Y71.759
G1 X66.765 Y72.177
G1 X66.904 Y72.302
G0 Z5.000 F500.000
G0 X70.480 Y72.154 F3000.000
G1 Z1.000 F500.000
G4 P100
G1 X70.625 Y72.832 F1000.000
G1 X70.798 Y73.097
G1 X71.294 Y73.422
G1 X71.590 Y73.464
G1 X71.934 Y73.398
G1 X72.203 Y73.202
G1 X72.387 Y72.908
G1 X72.475 Y72.554
G1 X73.105 Y72.664
G1 X73.205 Y72.599
G1 X73.240 Y72.434
G1 X73.204 Y72.243
G1 X73.095 Y72.149
G1 X72.435 Y72.029
G1 X72.294 Y71.651
G1 X72.060 Y71.357
G1 X71.762 Y71.167
G1 X71.425 Y71.104
G1 X70.913 Y71.249
G1 X70.590 Y71.634
G1 X70.480 Y72.154
G0 Z5.000 F500.000
G0 X71.213 Y71.779 F3000.000
G1 Z1.000 F500.000
G4 P100
G1 X71.465 Y71.634 F1000.000
G1 X71.743 Y71.764
G1 X71.900 Y72.139
G1 X71.663 Y72.414
G1 X71.595 Y72.934
G1 X71.394 Y72.886
G1 X71.238 Y72.742
G1 X71.139 Y72.510
G1 X71.105 Y72.199
G1 X71.213 Y71.779
G0 Z5.000 F500.000
G0 X72.845 Y72.604 F3000.000
G1 Z1.000 F500.000
G4 P100
G1 X73.005 Y74.007 F1000.000
G1 X73.202 Y74.708
G1 X73.473 Y75.297
G1 X73.810 Y75.696
G1 X74.205 Y75.829
G1 X74.413 Y75.780
G1 X74.680 Y75.405
G1 X74.715 Y75.119
G1 X74.560 Y74.304
G1 X74.045 Y73.454
G1 X74.349 Y73.372
G1 X74.590 Y73.177
G1 X74.758 Y72.895
G1 X74.840 Y72.554
G1 X75.470 Y72.664
G1 X75.570 Y72.599
G1 X75.570 Y72.242
G1 X75.460 Y72.149
G1 X74.800 Y72.029
G1 X74.656 Y71.654
G1 X74.423 Y71.359
G1 X74.131 Y71.168
G1 X73.810 Y71.104
G1 X73.374 Y71.200
G1 X73.075 Y71.489
G1 X72.903 Y71.960
G1 X72.845 Y72.604
G0 Z5.000 F500.000
G0 X73.470 Y72.219 F3000.000
G1 Z1.000 F500.000
G4 P100
G1 X73.578 Y71.784 F1000.000
G1 X73.830 Y71.634
G1 X74.105 Y71.764
G1 X74.265 Y72.139
G1 X74.028 Y72.414
G1 X73.965 Y72.964
G1 X73.766 Y72.913
G1 X73.608 Y72.762
G1 X73.470 Y72.219
G0 Z5.000 F500.000
G0 X73.505 Y73.114 F3000.000
G1 Z1.000 F500.000
G4 P100
G1 X74.181 Y74.618 F1000.000
G1 X74.230 Y75.004
G1 X74.193 Y75.249
G1 X74.090 Y75.334
G1 X73.873 Y75.037
G1 X73.655 Y74.229
G1 X73.505 Y73.114
G0 Z5.000 F500.000
G0 X57.928 Y62.087 F3000.000
G1 Z1.000 F500.000
G4 P100
G1 X57.965 Y61.922 F1000.000
G1 X57.870 Y61.612
G1 X57.408 Y61.177
G1 X57.144 Y61.050
G1 X56.622 Y61.044
G1 X56.363 Y61.335
G1 X56.330 Y61.582
G1 X56.465 Y62.517
G1 X56.410 Y62.597
G1 X56.228 Y62.430
G1 X55.988 Y61.987
G1 X55.663 Y61.090
G1 X55.435 Y61.007
G1 X55.274 Y61.057
G1 X55.168 Y61.207
G1 X55.090 Y61.847
G1 X55.137 Y62.481
G1 X55.275 Y63.082
G1 X55.423 Y63.295
G1 X55.710 Y63.362
G1 X55.850 Y63.337
G1 X55.890 Y63.242
G1 X55.685 Y62.162
G1 X56.055 Y62.862
G1 X56.458 Y63.247
G1 X56.820 Y63.362
G1 X57.064 Y63.281
G1 X57.145 Y63.037
G1 X56.940 Y61.757
G1 X56.977 Y61.607
G1 X57.085 Y61.557
G1 X57.323 Y61.680
G1 X57.825 Y62.147
G1 X57.928 Y62.087
G0 Z5.000 F500.000
G0 X58.090 Y62.137 F3000.000
G1 Z1.000 F500.000
G4 P100
G1 X58.555 Y62.337 F1000.000
G1 X58.683 Y62.488
G1 X58.673 Y62.815
G1 X58.530 Y62.872
G1 X58.360 Y62.818
G1 X58.218 Y62.657
G1 X58.090 Y62.137
G0 Z5.000 F500.000
G0 X57.804 Y62.981 F3000.000
G1 Z1.000 F500.000
G4 P100
G1 X58.307 Y63.318 F1000.000
G1 X58.877 Y63.319
G1 X59.080 Y63.190
G1 X59.212 Y62.986
G1 X59.255 Y62.722
G1 X59.194 Y62.401
G1 X59.008 Y62.130
G1 X58.675 Y61.908
G1 X58.170 Y61.737
G1 X58.352 Y61.565
G1 X58.645 Y61.507
G1 X59.158 Y61.665
G1 X59.790 Y62.147
G1 X59.893 Y62.087
G1 X59.930 Y61.922
G1 X59.835 Y61.612
G1 X59.313 Y61.197
G1 X58.964 Y61.055
G1 X58.590 Y61.007
G1 X58.124 Y61.078
G1 X57.775 Y61.292
G1 X57.558 Y61.630
G1 X57.485 Y62.072
G1 X57.630 Y62.715
G1 X57.804 Y62.981
G0 Z5.000 F500.000
G0 X59.600 Y63.077 F3000.000
G1 Z1.000 F500.000
G4 P100
G1 X59.715 Y63.307 F1000.000
G1 X60.015 Y63.392
G1 X60.168 Y63.350
G1 X60.225 Y62.997
G1 X60.540 Y63.285
G1 X60.870 Y63.372
G1 X61.125 Y63.316
G1 X61.328 Y63.147
G1 X61.461 Y62.887
G1 X61.505 Y62.557
G1 X61.420 Y62.042
G1 X61.185 Y61.587
G1 X61.360 Y61.557
G1 X61.675 Y61.677
G1 X62.195 Y62.147
G1 X62.298 Y62.087
G1 X62.335 Y61.922
G1 X62.240 Y61.612
G1 X61.778 Y61.177
G1 X61.514 Y61.050
G1 X60.975 Y61.055
G1 X60.785 Y61.197
G1 X60.190 Y61.007
G1 X60.084 Y60.121
G1 X59.895 Y59.395
G1 X59.612 Y58.909
G1 X59.220 Y58.747
G1 X58.985 Y58.796
G1 X58.820 Y58.942
G1 X58.690 Y59.482
G1 X58.915 Y60.625
G1 X59.610 Y62.062
G1 X59.600 Y63.077
G0 Z5.000 F500.000
G0 X60.220 Y61.842 F3000.000
G1 Z1.000 F500.000
G4 P100
G1 X60.215 Y61.487 F1000.000
G1 X60.548 Y61.685
G1 X60.790 Y62.075
G1 X60.880 Y62.562
G1 X60.820 Y62.790
G1 X60.660 Y62.867
G1 X60.462 Y62.772
G1 X60.225 Y62.487
G1 X60.220 Y61.842
G0 Z5.000 F500.000
G0 X59.600 Y61.287 F3000.000
G1 Z1.000 F500.000
G4 P100
G1 X59.260 Y60.332 F1000.000
G1 X59.135 Y59.567
G1 X59.173 Y59.322
G1 X59.260 Y59.237
G1 X59.384 Y59.384
G1 X59.485 Y59.825
G1 X59.600 Y61.287
G0 Z5.000 F500.000
G0 X62.050 Y61.232 F3000.000
G1 Z1.000 F500.000
G4 P100
G1 X61.912 Y61.492 F1000.000
G1 X61.865 Y61.822
G1 X62.050 Y62.580
G1 X62.266 Y62.902
G1 X62.860 Y63.318
G1 X63.195 Y63.372
G1 X63.343 Y63.330
G1 X63.405 Y63.177
G1 X63.809 Y63.153
G1 X63.870 Y63.022
G1 X63.680 Y61.722
G1 X63.718 Y61.602
G1 X63.815 Y61.557
G1 X64.045 Y61.680
G1 X64.410 Y62.077
G1 X64.545 Y62.147
G1 X64.648 Y62.087
G1 X64.685 Y61.922
G1 X64.590 Y61.612
G1 X64.155 Y61.182
G1 X63.710 Y61.007
G1 X63.408 Y61.120
G1 X63.200 Y61.427
G1 X62.907 Y61.112
G1 X62.545 Y61.007
G1 X62.267 Y61.063
G1 X62.050 Y61.232
G0 Z5.000 F500.000
G0 X62.553 Y61.587 F3000.000
G1 Z1.000 F500.000
G4 P100
G1 X62.725 Y61.512 F1000.000
G1 X62.935 Y61.642
G1 X63.080 Y61.987
G1 X63.265 Y62.907
G1 X62.878 Y62.750
G1 X62.595 Y62.347
G1 X62.490 Y61.817
G1 X62.553 Y61.587
G0 Z5.000 F500.000
G0 X64.180 Y61.442 F3000.000
G1 Z1.000 F500.000
G4 P100
G1 X64.308 Y61.802 F1000.000
G1 X64.665 Y61.937
G1 X64.998 Y61.830
G1 X65.110 Y61.512
G1 X64.980 Y61.145
G1 X64.625 Y61.007
G1 X64.293 Y61.127
G1 X64.180 Y61.442
G0 Z5.000 F500.000
G0 X85.587 Y111.561 F3000.000
G1 Z1.000 F500.000
G4 P100
G1 X85.260 Y111.770 F1000.000
G1 X85.055 Y112.091
G1 X84.987 Y112.502
G1 X85.027 Y112.882
G1 X85.147 Y113.212
G1 X85.562 Y113.682
G1 X85.824 Y113.806
G1 X86.342 Y113.806
G1 X86.639 Y113.499
G1 X86.677 Y113.267
G1 X86.585 Y112.912
G1 X86.342 Y112.767
G1 X86.190 Y112.812
G1 X86.150 Y113.322
G1 X86.057 Y113.357
G1 X85.842 Y113.255
G1 X85.682 Y112.977
G1 X85.654 Y112.338
G1 X85.906 Y112.048
G1 X86.127 Y112.012
G1 X86.570 Y112.150
G1 X87.172 Y112.632
G1 X87.275 Y112.572
G1 X87.312 Y112.407
G1 X87.217 Y112.097
G1 X86.655 Y111.650
G1 X86.022 Y111.492
G1 X85.587 Y111.561
G0 Z5.000 F500.000
G0 X86.943 Y111.933 F3000.000
G1 Z1.000 F500.000
G4 P100
G1 X86.957 Y112.905 F1000.000
G1 X87.122 Y113.567
G1 X87.262 Y113.782
G1 X87.547 Y113.847
G1 X87.700 Y113.812
G1 X87.742 Y113.707
G1 X87.532 Y112.255
G1 X87.612 Y112.212
G1 X87.800 Y112.362
G1 X88.410 Y113.782
G1 X88.657 Y113.847
G1 X88.817 Y113.820
G1 X88.862 Y113.717
G1 X88.597 Y112.242
G1 X88.637 Y112.095
G1 X88.742 Y112.042
G1 X88.980 Y112.165
G1 X89.482 Y112.632
G1 X89.585 Y112.572
G1 X89.622 Y112.407
G1 X89.527 Y112.097
G1 X89.065 Y111.662
G1 X88.800 Y111.535
G1 X88.294 Y111.538
G1 X88.150 Y111.677
G1 X88.037 Y112.197
G1 X87.782 Y111.675
G1 X87.417 Y111.492
G1 X87.213 Y111.544
G1 X86.943 Y111.933
G0 Z5.000 F500.000
G0 X89.305 Y111.692 F3000.000
G1 Z1.000 F500.000
G4 P100
G1 X89.227 Y112.332 F1000.000
G1 X89.274 Y112.966
G1 X89.412 Y113.567
G1 X89.560 Y113.780
G1 X89.847 Y113.847
G1 X89.987 Y113.822
G1 X90.027 Y113.727
G1 X89.822 Y112.647
G1 X90.192 Y113.347
G1 X90.595 Y113.732
G1 X90.957 Y113.847
G1 X91.201 Y113.766
G1 X91.282 Y113.522
G1 X91.229 Y112.826
G1 X91.322 Y112.782
G1 X91.817 Y113.067
G1 X91.920 Y113.010
G1 X91.957 Y112.857
G1 X91.857 Y112.567
G1 X91.530 Y112.320
G1 X91.132 Y112.217
G1 X90.730 Y112.352
G1 X90.627 Y112.511
G1 X90.562 Y113.082
G1 X90.365 Y112.915
G1 X90.122 Y112.472
G1 X89.800 Y111.575
G1 X89.572 Y111.492
G1 X89.410 Y111.542
G1 X89.305 Y111.692
G0 Z5.000 F500.000
G0 X91.562 Y112.157 F3000.000
G1 Z1.000 F500.000
G4 P100
G1 X91.502 Y113.557 F1000.000
G1 X91.592 Y113.787
G1 X91.847 Y113.852
G1 X92.040 Y113.795
G1 X92.172 Y112.107
G1 X92.622 Y112.817
G1 X92.547 Y113.162
G1 X92.622 Y113.492
G1 X92.827 Y113.752
G1 X93.122 Y113.852
G1 X93.357 Y113.750
G1 X93.447 Y113.452
G1 X93.327 Y112.937
G1 X94.017 Y113.042
G1 X94.132 Y112.992
G1 X94.112 Y112.615
G1 X93.932 Y112.487
G1 X93.442 Y112.412
G1 X93.027 Y112.472
G1 X92.362 Y111.597
G1 X92.032 Y111.492
G1 X91.849 Y111.532
G1 X91.710 Y111.652
G1 X91.562 Y112.157
G0 Z5.000 F500.000
G0 X93.735 Y112.115 F3000.000
G1 Z1.000 F500.000
G4 P100
G1 X93.662 Y112.557 F1000.000
G1 X93.807 Y113.200
G1 X94.210 Y113.672
G1 X94.792 Y113.847
G1 X95.054 Y113.804
G1 X95.257 Y113.675
G1 X95.389 Y113.471
G1 X95.432 Y113.207
G1 X95.370 Y112.886
G1 X95.185 Y112.615
G1 X94.852 Y112.393
G1 X94.347 Y112.222
G1 X94.529 Y112.050
G1 X94.822 Y111.992
G1 X95.335 Y112.150
G1 X95.967 Y112.632
G1 X96.070 Y112.572
G1 X96.107 Y112.407
G1 X96.012 Y112.097
G1 X95.490 Y111.682
G1 X94.767 Y111.492
G1 X94.301 Y111.563
G1 X93.952 Y111.777
G1 X93.735 Y112.115
G0 Z5.000 F500.000
G0 X94.267 Y112.622 F3000.000
G1 Z1.000 F500.000
G4 P100
G1 X94.732 Y112.822 F1000.000
G1 X94.860 Y112.973
G1 X94.850 Y113.300
G1 X94.707 Y113.357
G1 X94.537 Y113.303
G1 X94.395 Y113.142
G1 X94.267 Y112.622
G0 Z5.000 F500.000
G0 X97.107 Y112.762 F3000.000
G1 Z1.000 F500.000
G4 P100
G1 X97.202 Y113.567 F1000.000
G1 X97.312 Y113.780
G1 X97.587 Y113.847
G1 X97.785 Y113.802
G1 X97.832 Y113.677
G1 X97.617 Y112.062
G1 X98.462 Y112.622
G1 X98.565 Y112.560
G1 X98.567 Y112.222
G1 X97.522 Y111.472
G1 X97.299 Y110.543
G1 X97.017 Y109.837
G1 X96.665 Y109.391
G1 X96.227 Y109.242
G1 X95.993 Y109.281
G1 X95.692 Y109.581
G1 X95.652 Y109.812
G1 X95.721 Y110.179
G1 X95.927 Y110.570
G1 X96.324 Y111.019
G1 X96.962 Y111.562
G1 X97.107 Y112.762
G0 Z5.000 F500.000
G0 X96.857 Y110.972 F3000.000
G1 Z1.000 F500.000
G4 P100
G1 X96.310 Y110.385 F1000.000
G1 X96.142 Y109.922
G1 X96.177 Y109.776
G1 X96.282 Y109.727
G1 X96.419 Y109.801
G1 X96.567 Y110.022
G1 X96.857 Y110.972
G0 Z5.000 F500.000
G0 X97.562 Y114.177 F3000.000
G1 Z1.000 F500.000
G4 P100
G1 X97.247 Y114.275 F1000.000
G1 X97.142 Y114.547
G1 X97.280 Y114.840
G1 X97.622 Y114.957
G1 X97.922 Y114.867
G1 X98.037 Y114.612
G1 X97.907 Y114.295
G1 X97.562 Y114.177
G0 Z5.000 F500.000
G0 X98.540 Y113.485 F3000.000
G1 Z1.000 F500.000
G4 P100
G1 X99.036 Y113.810 F1000.000
G1 X99.332 Y113.852
G1 X99.675 Y113.786
G1 X99.945 Y113.590
G1 X100.129 Y113.296
G1 X100.217 Y112.942
G1 X100.847 Y113.052
G1 X100.947 Y112.987
G1 X100.946 Y112.631
G1 X100.837 Y112.537
G1 X100.177 Y112.417
G1 X100.036 Y112.039
G1 X99.802 Y111.745
G1 X99.504 Y111.555
G1 X98.889 Y111.528
G1 X98.655 Y111.637
G1 X98.332 Y112.022
G1 X98.222 Y112.542
G1 X98.367 Y113.220
G1 X98.540 Y113.485
G0 Z5.000 F500.000
G0 X98.880 Y112.898 F3000.000
G1 Z1.000 F500.000
G4 P100
G1 X98.847 Y112.587 F1000.000
G1 X98.955 Y112.167
G1 X99.207 Y112.022
G1 X99.485 Y112.152
G1 X99.642 Y112.527
G1 X99.405 Y112.802
G1 X99.337 Y113.322
G1 X99.135 Y113.274
G1 X98.980 Y113.130
G1 X98.880 Y112.898
G0 Z5.000 F500.000
G0 X100.605 Y112.910 F3000.000
G1 Z1.000 F500.000
G4 P100
G1 X100.752 Y113.567 F1000.000
G1 X100.872 Y113.787
G1 X101.112 Y113.847
G1 X101.304 Y113.805
G1 X101.367 Y113.677
G1 X101.152 Y112.352
G1 X101.192 Y112.122
G1 X101.327 Y112.042
G1 X101.552 Y112.167
G1 X102.047 Y112.632
G1 X102.150 Y112.572
G1 X102.187 Y112.407
G1 X102.092 Y112.097
G1 X101.614 Y111.643
G1 X101.167 Y111.492
G1 X100.887 Y111.550
G1 X100.695 Y111.722
G1 X100.584 Y111.990
G1 X100.605 Y112.910
G0 Z5.000 F500.000
G0 X101.207 Y114.177 F3000.000
G1 Z1.000 F500.000
G4 P100
G1 X100.892 Y114.275 F1000.000
G1 X100.787 Y114.547
G1 X100.925 Y114.840
G1 X101.267 Y114.957
G1 X101.567 Y114.867
G1 X101.682 Y114.612
G1 X101.552 Y114.295
G1 X101.207 Y114.177
G0 Z5.000 F500.000
G0 X102.125 Y113.780 F3000.000
G1 Z1.000 F500.000
G4 P100
G1 X102.412 Y113.847 F1000.000
G1 X102.552 Y113.822
G1 X102.592 Y113.727
G1 X102.387 Y112.647
G1 X102.757 Y113.347
G1 X103.160 Y113.732
G1 X103.522 Y113.847
G1 X103.766 Y113.766
G1 X103.847 Y113.522
G1 X103.642 Y112.242
G1 X103.679 Y112.092
G1 X103.787 Y112.042
G1 X104.025 Y112.165
G1 X104.527 Y112.632
G1 X104.630 Y112.572
G1 X104.667 Y112.407
G1 X104.572 Y112.097
G1 X104.110 Y111.662
G1 X103.845 Y111.535
G1 X103.324 Y111.529
G1 X103.065 Y111.820
G1 X103.032 Y112.067
G1 X103.167 Y113.002
G1 X103.112 Y113.082
G1 X102.930 Y112.915
G1 X102.690 Y112.472
G1 X102.365 Y111.575
G1 X102.137 Y111.492
G1 X101.975 Y111.542
G1 X101.870 Y111.692
G1 X101.792 Y112.332
G1 X101.839 Y112.966
G1 X101.977 Y113.567
G1 X102.125 Y113.780
G0 Z5.000 F500.000
G0 X86.887 Y105.600 F3000.000
G1 Z1.000 F500.000
G4 P100
G1 X87.007 Y105.135 F1000.000
G1 X86.967 Y104.760
G1 X86.845 Y104.410
G1 X86.357 Y103.785
G1 X87.032 Y103.750
G1 X87.032 Y103.469
G1 X86.926 Y103.361
G1 X86.502 Y103.275
G1 X85.892 Y103.275
G1 X85.913 Y102.443
G1 X86.005 Y102.155
G1 X86.163 Y101.998
G1 X86.392 Y101.945
G1 X86.772 Y102.075
G1 X87.297 Y102.535
G1 X87.400 Y102.475
G1 X87.437 Y102.310
G1 X87.342 Y102.000
G1 X86.872 Y101.565
G1 X86.287 Y101.395
G1 X85.841 Y101.485
G1 X85.522 Y101.754
G1 X85.331 Y102.202
G1 X85.282 Y103.275
G1 X84.885 Y103.330
G1 X84.832 Y103.505
G1 X84.889 Y103.715
G1 X85.342 Y103.785
G1 X85.602 Y104.790
G1 X86.025 Y105.515
G1 X86.282 Y105.718
G1 X86.557 Y105.785
G1 X86.745 Y105.739
G1 X86.887 Y105.600
G0 Z5.000 F500.000
G0 X86.422 Y105.305 F3000.000
G1 Z1.000 F500.000
G4 P100
G1 X86.255 Y105.118 F1000.000
G1 X86.080 Y104.598
G1 X85.942 Y103.860
G1 X86.385 Y104.433
G1 X86.532 Y105.010
G1 X86.505 Y105.231
G1 X86.422 Y105.305
G0 Z5.000 F500.000
G0 X87.505 Y103.575 F3000.000
G1 Z1.000 F500.000
G4 P100
G1 X87.779 Y103.706 F1000.000
G1 X88.349 Y103.707
G1 X88.552 Y103.578
G1 X88.684 Y103.374
G1 X88.727 Y103.110
G1 X88.665 Y102.789
G1 X88.480 Y102.518
G1 X88.147 Y102.296
G1 X87.642 Y102.125
G1 X87.824 Y101.953
G1 X88.117 Y101.895
G1 X88.630 Y102.053
G1 X89.262 Y102.535
G1 X89.365 Y102.475
G1 X89.402 Y102.310
G1 X89.307 Y102.000
G1 X88.785 Y101.585
G1 X88.435 Y101.443
G1 X88.062 Y101.395
G1 X87.596 Y101.466
G1 X87.247 Y101.680
G1 X87.030 Y102.018
G1 X86.957 Y102.460
G1 X87.102 Y103.103
G1 X87.505 Y103.575
G0 Z5.000 F500.000
G0 X87.690 Y103.045 F3000.000
G1 Z1.000 F500.000
G4 P100
G1 X87.562 Y102.525 F1000.000
G1 X88.027 Y102.725
G1 X88.197 Y103.050
G1 X88.145 Y103.203
G1 X88.002 Y103.260
G1 X87.832 Y103.206
G1 X87.690 Y103.045
G0 Z5.000 F500.000
G0 X88.837 Y102.135 F3000.000
G1 Z1.000 F500.000
G4 P100
G1 X89.252 Y102.695 F1000.000
G1 X89.677 Y103.585
G1 X89.824 Y103.750
G1 X90.072 Y103.805
G1 X90.267 Y103.780
G1 X90.322 Y103.700
G1 X90.157 Y103.170
G1 X90.615 Y102.423
G1 X90.687 Y101.960
G1 X91.397 Y102.535
G1 X91.500 Y102.475
G1 X91.537 Y102.310
G1 X91.442 Y102.000
G1 X90.965 Y101.578
G1 X89.927 Y101.285
G1 X89.530 Y101.405
G1 X89.392 Y101.675
G1 X89.487 Y101.900
G1 X89.767 Y101.995
G1 X90.052 Y101.965
G1 X89.995 Y102.210
G1 X89.712 Y102.620
G1 X89.405 Y102.130
G1 X89.072 Y101.760
G1 X88.882 Y101.670
G1 X88.752 Y101.728
G1 X88.702 Y101.870
G1 X88.837 Y102.135
G0 Z5.000 F500.000
G0 X90.950 Y103.330 F3000.000
G1 Z1.000 F500.000
G4 P100
G1 X90.897 Y103.505 F1000.000
G1 X90.954 Y103.715
G1 X91.407 Y103.785
G1 X91.667 Y104.790
G1 X92.090 Y105.515
G1 X92.347 Y105.718
G1 X92.622 Y105.785
G1 X92.810 Y105.739
G1 X92.952 Y105.600
G1 X93.072 Y105.135
G1 X93.032 Y104.760
G1 X92.910 Y104.410
G1 X92.422 Y103.785
G1 X93.097 Y103.750
G1 X93.097 Y103.469
G1 X92.991 Y103.361
G1 X92.567 Y103.275
G1 X91.957 Y103.275
G1 X91.978 Y102.443
G1 X92.070 Y102.155
G1 X92.228 Y101.998
G1 X92.457 Y101.945
G1 X92.837 Y102.075
G1 X93.362 Y102.535
G1 X93.465 Y102.475
G1 X93.502 Y102.310
G1 X93.407 Y102.000
G1 X92.937 Y101.565
G1 X92.664 Y101.438
G1 X92.352 Y101.395
G1 X91.906 Y101.485
G1 X91.587 Y101.754
G1 X91.396 Y102.202
G1 X91.347 Y103.275
G1 X90.950 Y103.330
G0 Z5.000 F500.000
G0 X92.007 Y103.860 F3000.000
G1 Z1.000 F500.000
G4 P100
G1 X92.450 Y104.433 F1000.000
G1 X92.597 Y105.010
G1 X92.570 Y105.231
G1 X92.487 Y105.305
G1 X92.320 Y105.118
G1 X92.145 Y104.598
G1 X92.007 Y103.860
G0 Z5.000 F500.000
G0 X94.547 Y103.950 F3000.000
G1 Z1.000 F500.000
G4 P100
G1 X94.607 Y104.153 F1000.000
G1 X94.787 Y104.270
G1 X96.207 Y104.328
G1 X96.642 Y104.223
G1 X96.615 Y103.853
G1 X96.387 Y103.780
G1 X95.392 Y103.800
G1 X95.247 Y103.200
G1 X95.815 Y103.116
G1 X96.227 Y102.935
G1 X96.479 Y102.664
G1 X96.562 Y102.310
G1 X96.430 Y101.843
G1 X96.042 Y101.515
G1 X95.442 Y101.395
G1 X95.023 Y101.440
G1 X94.695 Y101.575
G1 X94.483 Y101.786
G1 X94.412 Y102.060
G1 X94.490 Y102.318
G1 X94.707 Y102.410
G1 X94.877 Y102.353
G1 X95.149 Y101.926
G1 X95.492 Y101.850
G1 X95.797 Y101.963
G1 X95.917 Y102.240
G1 X95.859 Y102.434
G1 X95.684 Y102.578
G1 X94.695 Y102.775
G1 X94.607 Y102.960
G1 X94.777 Y103.770
G1 X94.607 Y103.818
G1 X94.547 Y103.950
G0 Z5.000 F500.000
G0 X97.087 Y103.255 F3000.000
G1 Z1.000 F500.000
G4 P100
G1 X97.215 Y103.615 F1000.000
G1 X97.572 Y103.750
G1 X97.905 Y103.643
G1 X98.017 Y103.325
G1 X97.887 Y102.958
G1 X97.532 Y102.820
G1 X97.200 Y102.940
G1 X97.087 Y103.255
G0 Z5.000 F500.000
G0 X97.397 Y102.325 F3000.000
G1 Z1.000 F500.000
G4 P100
G1 X97.730 Y102.218 F1000.000
G1 X97.842 Y101.900
G1 X97.712 Y101.533
G1 X97.357 Y101.395
G1 X97.025 Y101.515
G1 X96.912 Y101.830
G1 X97.040 Y102.190
G1 X97.397 Y102.325
G0 Z5.000 F500.000
G0 X88.291 Y93.572 F3000.000
G1 Z1.000 F500.000
G4 P100
G1 X88.372 Y93.328 F1000.000
G1 X88.167 Y92.048
G1 X88.204 Y91.898
G1 X88.312 Y91.848
G1 X88.550 Y91.971
G1 X89.052 Y92.438
G1 X89.155 Y92.378
G1 X89.192 Y92.213
G1 X89.097 Y91.903
G1 X88.635 Y91.468
G1 X88.072 Y91.298
G1 X87.687 Y91.446
G1 X87.557 Y91.873
G1 X87.692 Y92.808
G1 X87.637 Y92.888
G1 X87.452 Y92.721
G1 X87.212 Y92.278
G1 X86.890 Y91.378
G1 X86.657 Y91.298
G1 X86.410 Y91.456
G1 X86.327 Y91.838
G1 X86.417 Y92.808
G1 X86.362 Y92.888
G1 X86.172 Y92.708
G1 X85.950 Y92.248
G1 X85.650 Y91.381
G1 X85.422 Y91.298
G1 X85.260 Y91.348
G1 X85.155 Y91.498
G1 X85.077 Y92.138
G1 X85.124 Y92.772
G1 X85.262 Y93.373
G1 X85.410 Y93.586
G1 X85.697 Y93.653
G1 X85.837 Y93.628
G1 X85.877 Y93.533
G1 X85.672 Y92.458
G1 X85.995 Y93.118
G1 X86.380 Y93.521
G1 X86.752 Y93.653
G1 X87.000 Y93.573
G1 X87.072 Y93.328
G1 X86.922 Y92.478
G1 X87.186 Y93.009
G1 X87.477 Y93.373
G1 X87.772 Y93.583
G1 X88.047 Y93.653
G1 X88.291 Y93.572
G0 Z5.000 F500.000
G0 X88.987 Y93.373 F3000.000
G1 Z1.000 F500.000
G4 P100
G1 X89.107 Y93.593 F1000.000
G1 X89.347 Y93.653
G1 X89.539 Y93.611
G1 X89.602 Y93.483
G1 X89.387 Y92.158
G1 X89.427 Y91.928
G1 X89.562 Y91.848
G1 X89.787 Y91.973
G1 X90.282 Y92.438
G1 X90.385 Y92.378
G1 X90.422 Y92.213
G1 X90.327 Y91.903
G1 X89.849 Y91.449
G1 X89.402 Y91.298
G1 X89.122 Y91.356
G1 X88.930 Y91.528
G1 X88.819 Y91.796
G1 X88.840 Y92.716
G1 X88.987 Y93.373
G0 Z5.000 F500.000
G0 X89.127 Y94.081 F3000.000
G1 Z1.000 F500.000
G4 P100
G1 X89.022 Y94.353 F1000.000
G1 X89.160 Y94.646
G1 X89.502 Y94.763
G1 X89.802 Y94.673
G1 X89.917 Y94.418
G1 X89.787 Y94.101
G1 X89.442 Y93.983
G1 X89.127 Y94.081
G0 Z5.000 F500.000
G0 X90.212 Y93.373 F3000.000
G1 Z1.000 F500.000
G4 P100
G1 X90.360 Y93.586 F1000.000
G1 X90.787 Y93.628
G1 X90.827 Y93.533
G1 X90.622 Y92.453
G1 X90.992 Y93.153
G1 X91.395 Y93.538
G1 X91.757 Y93.653
G1 X92.001 Y93.572
G1 X92.082 Y93.328
G1 X91.877 Y92.048
G1 X91.914 Y91.898
G1 X92.022 Y91.848
G1 X92.260 Y91.971
G1 X92.762 Y92.438
G1 X92.865 Y92.378
G1 X92.902 Y92.213
G1 X92.807 Y91.903
G1 X92.345 Y91.468
G1 X92.080 Y91.341
G1 X91.559 Y91.335
G1 X91.300 Y91.626
G1 X91.267 Y91.873
G1 X91.402 Y92.808
G1 X91.347 Y92.888
G1 X91.165 Y92.721
G1 X90.925 Y92.278
G1 X90.600 Y91.381
G1 X90.372 Y91.298
G1 X90.210 Y91.348
G1 X90.105 Y91.498
G1 X90.027 Y92.138
G1 X90.212 Y93.373
G0 Z5.000 F500.000
G0 X92.550 Y92.716 F3000.000
G1 Z1.000 F500.000
G4 P100
G1 X92.697 Y93.373 F1000.000
G1 X92.817 Y93.593
G1 X93.057 Y93.653
G1 X93.249 Y93.611
G1 X93.312 Y93.483
G1 X93.097 Y92.158
G1 X93.137 Y91.928
G1 X93.272 Y91.848
G1 X93.497 Y91.973
G1 X93.992 Y92.438
G1 X94.095 Y92.378
G1 X94.132 Y92.213
G1 X94.037 Y91.903
G1 X93.559 Y91.449
G1 X93.112 Y91.298
G1 X92.832 Y91.356
G1 X92.640 Y91.528
G1 X92.529 Y91.796
G1 X92.550 Y92.716
G0 Z5.000 F500.000
G0 X93.152 Y93.983 F3000.000
G1 Z1.000 F500.000
G4 P100
G1 X92.837 Y94.081 F1000.000
G1 X92.732 Y94.353
G1 X92.870 Y94.646
G1 X93.212 Y94.763
G1 X93.512 Y94.673
G1 X93.627 Y94.418
G1 X93.497 Y94.101
G1 X93.152 Y93.983
G0 Z5.000 F500.000
G0 X94.070 Y93.586 F3000.000
G1 Z1.000 F500.000
G4 P100
G1 X94.357 Y93.653 F1000.000
G1 X94.497 Y93.628
G1 X94.537 Y93.533
G1 X94.332 Y92.458
G1 X94.655 Y93.118
G1 X95.040 Y93.521
G1 X95.412 Y93.653
G1 X95.660 Y93.573
G1 X95.732 Y93.328
G1 X95.582 Y92.478
G1 X95.846 Y93.009
G1 X96.137 Y93.373
G1 X96.432 Y93.583
G1 X96.707 Y93.653
G1 X96.951 Y93.572
G1 X97.032 Y93.328
G1 X96.827 Y92.048
G1 X96.864 Y91.898
G1 X96.972 Y91.848
G1 X97.210 Y91.971
G1 X97.712 Y92.438
G1 X97.815 Y92.378
G1 X97.852 Y92.213
G1 X97.757 Y91.903
G1 X97.295 Y91.468
G1 X97.030 Y91.341
G1 X96.509 Y91.335
G1 X96.250 Y91.626
G1 X96.217 Y91.873
G1 X96.352 Y92.808
G1 X96.297 Y92.888
G1 X96.112 Y92.721
G1 X95.872 Y92.278
G1 X95.550 Y91.378
G1 X95.317 Y91.298
G1 X95.173 Y91.337
G1 X95.070 Y91.456
G1 X94.987 Y91.838
G1 X95.077 Y92.808
G1 X95.022 Y92.888
G1 X94.832 Y92.708
G1 X94.610 Y92.248
G1 X94.310 Y91.381
G1 X94.082 Y91.298
G1 X93.920 Y91.348
G1 X93.815 Y91.498
G1 X93.737 Y92.138
G1 X93.784 Y92.772
G1 X93.922 Y93.373
G1 X94.070 Y93.586
G0 Z5.000 F500.000
G0 X97.497 Y92.711 F3000.000
G1 Z1.000 F500.000
G4 P100
G1 X97.662 Y93.373 F1000.000
G1 X97.802 Y93.588
G1 X98.240 Y93.618
G1 X98.282 Y93.513
G1 X98.047 Y92.208
G1 X98.152 Y92.018
G1 X98.340 Y92.168
G1 X98.580 Y92.623
G1 X98.950 Y93.588
G1 X99.357 Y93.626
G1 X99.402 Y93.523
G1 X99.137 Y92.048
G1 X99.177 Y91.901
G1 X99.282 Y91.848
G1 X99.520 Y91.971
G1 X100.022 Y92.438
G1 X100.125 Y92.378
G1 X100.162 Y92.213
G1 X100.067 Y91.903
G1 X99.605 Y91.468
G1 X99.340 Y91.341
G1 X98.834 Y91.344
G1 X98.690 Y91.483
G1 X98.577 Y92.003
G1 X98.322 Y91.481
G1 X97.957 Y91.298
G1 X97.753 Y91.350
G1 X97.483 Y91.739
G1 X97.497 Y92.711
G0 Z5.000 F500.000
G0 X99.767 Y92.138 F3000.000
G1 Z1.000 F500.000
G4 P100
G1 X99.952 Y93.373 F1000.000
G1 X100.100 Y93.586
G1 X100.387 Y93.653
G1 X100.527 Y93.628
G1 X100.567 Y93.533
G1 X100.362 Y92.458
G1 X100.685 Y93.118
G1 X101.070 Y93.521
G1 X101.442 Y93.653
G1 X101.690 Y93.573
G1 X101.762 Y93.328
G1 X101.612 Y92.478
G1 X101.876 Y93.009
G1 X102.167 Y93.373
G1 X102.462 Y93.583
G1 X102.737 Y93.653
G1 X102.981 Y93.572
G1 X103.062 Y93.328
G1 X102.857 Y92.048
G1 X102.894 Y91.898
G1 X103.002 Y91.848
G1 X103.240 Y91.971
G1 X103.742 Y92.438
G1 X103.845 Y92.378
G1 X103.882 Y92.213
G1 X103.787 Y91.903
G1 X103.325 Y91.468
G1 X102.762 Y91.298
G1 X102.539 Y91.335
G1 X102.280 Y91.626
G1 X102.247 Y91.873
G1 X102.382 Y92.808
G1 X102.327 Y92.888
G1 X102.142 Y92.721
G1 X101.902 Y92.278
G1 X101.580 Y91.378
G1 X101.347 Y91.298
G1 X101.100 Y91.456
G1 X101.017 Y91.838
G1 X101.107 Y92.808
G1 X101.052 Y92.888
G1 X100.862 Y92.708
G1 X100.640 Y92.248
G1 X100.340 Y91.381
G1 X100.112 Y91.298
G1 X99.950 Y91.348
G1 X99.845 Y91.498
G1 X99.767 Y92.138
G0 Z5.000 F500.000
G0 X104.024 Y90.304 F3000.000
G1 Z1.000 F500.000
G4 P100
G1 X104.479 Y91.601 F1000.000
G1 X104.887 Y92.353
G1 X104.877 Y93.368
G1 X104.992 Y93.598
G1 X105.292 Y93.683
G1 X105.445 Y93.641
G1 X105.502 Y93.288
G1 X105.817 Y93.576
G1 X106.147 Y93.663
G1 X106.402 Y93.607
G1 X106.605 Y93.438
G1 X106.738 Y93.178
G1 X106.782 Y92.848
G1 X106.697 Y92.333
G1 X106.462 Y91.878
G1 X106.637 Y91.848
G1 X106.952 Y91.968
G1 X107.337 Y92.368
G1 X107.472 Y92.438
G1 X107.575 Y92.378
G1 X107.612 Y92.213
G1 X107.517 Y91.903
G1 X107.055 Y91.468
G1 X106.492 Y91.298
G1 X106.252 Y91.346
G1 X106.062 Y91.488
G1 X105.467 Y91.298
G1 X105.361 Y90.412
G1 X105.172 Y89.686
G1 X104.889 Y89.200
G1 X104.706 Y89.079
G1 X104.262 Y89.087
G1 X104.097 Y89.233
G1 X103.967 Y89.773
G1 X104.024 Y90.304
G0 Z5.000 F500.000
G0 X104.412 Y89.858 F3000.000
G1 Z1.000 F500.000
G4 P100
G1 X104.450 Y89.613 F1000.000
G1 X104.537 Y89.528
G1 X104.661 Y89.675
G1 X104.762 Y90.116
G1 X104.877 Y91.578
G1 X104.537 Y90.623
G1 X104.412 Y89.858
G0 Z5.000 F500.000
G0 X105.492 Y91.778 F3000.000
G1 Z1.000 F500.000
G4 P100
G1 X105.825 Y91.976 F1000.000
G1 X106.067 Y92.366
G1 X106.157 Y92.853
G1 X106.097 Y93.081
G1 X105.937 Y93.158
G1 X105.739 Y93.063
G1 X105.502 Y92.778
G1 X105.492 Y91.778
G0 Z5.000 F500.000
G0 X107.132 Y92.363 F3000.000
G1 Z1.000 F500.000
G4 P100
G1 X107.277 Y93.006 F1000.000
G1 X107.450 Y93.272
G1 X107.954 Y93.609
G1 X108.262 Y93.653
G1 X108.524 Y93.610
G1 X108.727 Y93.481
G1 X108.859 Y93.277
G1 X108.902 Y93.013
G1 X108.840 Y92.692
G1 X108.655 Y92.421
G1 X108.322 Y92.199
G1 X107.817 Y92.028
G1 X107.999 Y91.856
G1 X108.292 Y91.798
G1 X108.805 Y91.956
G1 X109.437 Y92.438
G1 X109.540 Y92.378
G1 X109.577 Y92.213
G1 X109.482 Y91.903
G1 X108.960 Y91.488
G1 X108.237 Y91.298
G1 X107.771 Y91.369
G1 X107.422 Y91.583
G1 X107.205 Y91.921
G1 X107.132 Y92.363
G0 Z5.000 F500.000
G0 X107.737 Y92.428 F3000.000
G1 Z1.000 F500.000
G4 P100
G1 X108.202 Y92.628 F1000.000
G1 X108.330 Y92.779
G1 X108.320 Y93.106
G1 X108.177 Y93.163
G1 X108.007 Y93.109
G1 X107.865 Y92.948
G1 X107.737 Y92.428
G0 Z5.000 F500.000
G0 X109.229 Y92.772 F3000.000
G1 Z1.000 F500.000
G4 P100
G1 X109.367 Y93.373 F1000.000
G1 X109.515 Y93.586
G1 X109.802 Y93.653
G1 X109.942 Y93.628
G1 X109.982 Y93.533
G1 X109.777 Y92.453
G1 X110.147 Y93.153
G1 X110.550 Y93.538
G1 X110.912 Y93.653
G1 X111.156 Y93.572
G1 X111.237 Y93.328
G1 X111.032 Y92.048
G1 X111.069 Y91.898
G1 X111.177 Y91.848
G1 X111.415 Y91.971
G1 X111.917 Y92.438
G1 X112.020 Y92.378
G1 X112.057 Y92.213
G1 X111.962 Y91.903
G1 X111.500 Y91.468
G1 X111.235 Y91.341
G1 X110.714 Y91.335
G1 X110.455 Y91.626
G1 X110.422 Y91.873
G1 X110.557 Y92.808
G1 X110.502 Y92.888
G1 X110.320 Y92.721
G1 X110.080 Y92.278
G1 X109.755 Y91.381
G1 X109.527 Y91.298
G1 X109.365 Y91.348
G1 X109.260 Y91.498
G1 X109.182 Y92.138
G1 X109.229 Y92.772
G0 Z5.000 F500.000
G0 X86.938 Y85.433 F3000.000
G1 Z1.000 F500.000
G4 P100
G1 X86.972 Y85.066 F1000.000
G1 X86.890 Y84.424
G1 X86.642 Y83.686
G1 X86.254 Y82.905
G1 X85.747 Y82.131
G1 X85.862 Y81.839
G1 X86.072 Y81.751
G1 X86.432 Y81.869
G1 X86.962 Y82.341
G1 X87.065 Y82.281
G1 X87.102 Y82.116
G1 X87.007 Y81.806
G1 X86.540 Y81.371
G1 X86.270 Y81.244
G1 X85.967 Y81.201
G1 X85.584 Y81.301
G1 X85.315 Y81.601
G1 X85.155 Y82.060
G1 X85.102 Y82.636
G1 X85.260 Y84.026
G1 X85.455 Y84.751
G1 X85.725 Y85.366
G1 X86.062 Y85.786
G1 X86.457 Y85.926
G1 X86.672 Y85.870
G1 X86.835 Y85.704
G1 X86.938 Y85.433
G0 Z5.000 F500.000
G0 X86.452 Y85.336 F3000.000
G1 Z1.000 F500.000
G4 P100
G1 X86.347 Y85.431 F1000.000
G1 X86.225 Y85.327
G1 X86.087 Y85.016
G1 X85.832 Y83.986
G1 X85.712 Y82.806
G1 X86.277 Y83.979
G1 X86.435 Y84.540
G1 X86.452 Y85.336
G0 Z5.000 F500.000
G0 X87.070 Y84.549 F3000.000
G1 Z1.000 F500.000
G4 P100
G1 X87.412 Y84.666 F1000.000
G1 X87.712 Y84.576
G1 X87.827 Y84.321
G1 X87.697 Y84.004
G1 X87.352 Y83.886
G1 X87.037 Y83.984
G1 X86.932 Y84.256
G1 X87.070 Y84.549
G0 Z5.000 F500.000
G0 X87.017 Y83.496 F3000.000
G1 Z1.000 F500.000
G4 P100
G1 X87.257 Y83.556 F1000.000
G1 X87.449 Y83.514
G1 X87.512 Y83.386
G1 X87.297 Y82.061
G1 X87.337 Y81.831
G1 X87.472 Y81.751
G1 X87.697 Y81.876
G1 X88.192 Y82.341
G1 X88.295 Y82.281
G1 X88.332 Y82.116
G1 X88.237 Y81.806
G1 X87.759 Y81.352
G1 X87.312 Y81.201
G1 X87.032 Y81.259
G1 X86.840 Y81.431
G1 X86.729 Y81.699
G1 X86.750 Y82.619
G1 X86.897 Y83.276
G1 X87.017 Y83.496
G0 Z5.000 F500.000
G0 X87.999 Y82.663 F3000.000
G1 Z1.000 F500.000
G4 P100
G1 X88.155 Y83.644 F1000.000
G1 X88.401 Y84.546
G1 X88.725 Y85.279
G1 X89.105 Y85.764
G1 X89.522 Y85.926
G1 X89.732 Y85.874
G1 X89.989 Y85.470
G1 X90.022 Y85.151
G1 X89.934 Y84.550
G1 X89.671 Y83.924
G1 X89.232 Y83.270
G1 X88.617 Y82.591
G1 X88.602 Y80.674
G1 X88.717 Y80.131
G1 X88.830 Y80.261
G1 X88.867 Y80.651
G1 X88.672 Y82.176
G1 X88.715 Y82.341
G1 X88.957 Y82.591
G1 X89.922 Y82.626
G1 X90.027 Y82.574
G1 X90.062 Y82.416
G1 X89.907 Y82.120
G1 X89.442 Y82.021
G1 X89.097 Y82.066
G1 X89.247 Y80.756
G1 X89.204 Y80.280
G1 X89.072 Y79.931
G1 X88.870 Y79.717
G1 X88.612 Y79.646
G1 X88.304 Y79.774
G1 X88.100 Y80.156
G1 X87.985 Y80.796
G1 X87.947 Y81.696
G1 X87.999 Y82.663
G0 Z5.000 F500.000
G0 X88.707 Y83.256 F3000.000
G1 Z1.000 F500.000
G4 P100
G1 X89.061 Y83.720 F1000.000
G1 X89.485 Y84.680
G1 X89.542 Y85.126
G1 X89.511 Y85.355
G1 X89.417 Y85.431
G1 X89.195 Y85.126
G1 X88.932 Y84.319
G1 X88.707 Y83.256
G0 Z5.000 F500.000
G0 X89.604 Y83.521 F3000.000
G1 Z1.000 F500.000
G4 P100
G1 X90.057 Y83.591 F1000.000
G1 X90.317 Y84.596
G1 X90.740 Y85.321
G1 X90.997 Y85.524
G1 X91.272 Y85.591
G1 X91.460 Y85.545
G1 X91.602 Y85.406
G1 X91.722 Y84.941
G1 X91.682 Y84.566
G1 X91.560 Y84.216
G1 X91.072 Y83.591
G1 X91.747 Y83.556
G1 X91.747 Y83.275
G1 X91.641 Y83.167
G1 X91.217 Y83.081
G1 X90.607 Y83.081
G1 X90.628 Y82.249
G1 X90.720 Y81.961
G1 X90.878 Y81.804
G1 X91.107 Y81.751
G1 X91.487 Y81.881
G1 X92.012 Y82.341
G1 X92.115 Y82.281
G1 X92.152 Y82.116
G1 X92.057 Y81.806
G1 X91.587 Y81.371
G1 X91.314 Y81.244
G1 X91.002 Y81.201
G1 X90.556 Y81.291
G1 X90.237 Y81.560
G1 X90.046 Y82.008
G1 X89.997 Y83.081
G1 X89.600 Y83.136
G1 X89.547 Y83.311
G1 X89.604 Y83.521
G0 Z5.000 F500.000
G0 X90.657 Y83.666 F3000.000
G1 Z1.000 F500.000
G4 P100
G1 X91.100 Y84.239 F1000.000
G1 X91.247 Y84.816
G1 X91.220 Y85.037
G1 X91.137 Y85.111
G1 X90.970 Y84.924
G1 X90.795 Y84.404
G1 X90.657 Y83.666
G0 Z5.000 F500.000
G0 X92.427 Y83.391 F3000.000
G1 Z1.000 F500.000
G4 P100
G1 X92.574 Y83.556 F1000.000
G1 X92.822 Y83.611
G1 X93.017 Y83.586
G1 X93.072 Y83.506
G1 X92.907 Y82.976
G1 X93.365 Y82.229
G1 X93.437 Y81.766
G1 X94.012 Y82.271
G1 X94.147 Y82.341
G1 X94.250 Y82.281
G1 X94.287 Y82.116
G1 X94.192 Y81.806
G1 X93.715 Y81.384
G1 X92.677 Y81.091
G1 X92.280 Y81.211
G1 X92.142 Y81.481
G1 X92.237 Y81.706
G1 X92.517 Y81.801
G1 X92.802 Y81.771
G1 X92.745 Y82.016
G1 X92.462 Y82.426
G1 X91.822 Y81.566
G1 X91.632 Y81.476
G1 X91.502 Y81.534
G1 X91.452 Y81.676
G1 X91.522 Y81.861
G1 X92.002 Y82.501
G1 X92.427 Y83.391
G0 Z5.000 F500.000
G0 X95.189 Y82.405 F3000.000
G1 Z1.000 F500.000
G4 P100
G1 X95.543 Y83.096 F1000.000
G1 X95.820 Y83.349
G1 X96.137 Y83.512
G1 X96.472 Y83.566
G1 X96.620 Y83.524
G1 X96.682 Y83.371
G1 X97.086 Y83.347
G1 X97.147 Y83.216
G1 X96.957 Y81.916
G1 X96.995 Y81.796
G1 X97.092 Y81.751
G1 X97.322 Y81.874
G1 X97.822 Y82.341
G1 X97.925 Y82.281
G1 X97.962 Y82.116
G1 X97.867 Y81.806
G1 X97.432 Y81.376
G1 X96.987 Y81.201
G1 X96.685 Y81.314
G1 X96.477 Y81.621
G1 X96.184 Y81.306
G1 X95.822 Y81.201
G1 X95.544 Y81.257
G1 X95.327 Y81.426
G1 X95.189 Y81.686
G1 X95.189 Y82.405
G0 Z5.000 F500.000
G0 X95.767 Y82.011 F3000.000
G1 Z1.000 F500.000
G4 P100
G1 X95.830 Y81.781 F1000.000
G1 X96.002 Y81.706
G1 X96.212 Y81.836
G1 X96.357 Y82.181
G1 X96.542 Y83.101
G1 X96.155 Y82.944
G1 X95.872 Y82.541
G1 X95.767 Y82.011
G0 Z5.000 F500.000
G0 X97.614 Y82.675 F3000.000
G1 Z1.000 F500.000
G4 P100
G1 X97.752 Y83.276 F1000.000
G1 X97.900 Y83.489
G1 X98.187 Y83.556
G1 X98.327 Y83.531
G1 X98.367 Y83.436
G1 X98.162 Y82.356
G1 X98.532 Y83.056
G1 X98.935 Y83.441
G1 X99.297 Y83.556
G1 X99.541 Y83.475
G1 X99.622 Y83.231
G1 X99.417 Y81.951
G1 X99.454 Y81.801
G1 X99.562 Y81.751
G1 X99.800 Y81.874
G1 X100.302 Y82.341
G1 X100.405 Y82.281
G1 X100.442 Y82.116
G1 X100.347 Y81.806
G1 X99.885 Y81.371
G1 X99.620 Y81.244
G1 X99.099 Y81.238
G1 X98.840 Y81.529
G1 X98.807 Y81.776
G1 X98.942 Y82.711
G1 X98.887 Y82.791
G1 X98.705 Y82.624
G1 X98.465 Y82.181
G1 X98.140 Y81.284
G1 X97.912 Y81.201
G1 X97.750 Y81.251
G1 X97.645 Y81.401
G1 X97.567 Y82.041
G1 X97.614 Y82.675
G0 Z5.000 F500.000
G0 X99.972 Y82.021 F3000.000
G1 Z1.000 F500.000
G4 P100
G1 X100.015 Y82.407 F1000.000
G1 X100.344 Y83.075
G1 X100.925 Y83.497
G1 X101.277 Y83.581
G1 X101.415 Y84.480
G1 X101.640 Y85.239
G1 X101.949 Y85.754
G1 X102.135 Y85.883
G1 X102.539 Y85.877
G1 X102.700 Y85.731
G1 X102.807 Y85.486
G1 X102.774 Y84.534
G1 X102.567 Y83.831
G1 X101.832 Y82.291
G1 X101.920 Y81.876
G1 X102.092 Y81.751
G1 X102.367 Y81.871
G1 X102.877 Y82.341
G1 X102.980 Y82.281
G1 X103.017 Y82.116
G1 X102.922 Y81.806
G1 X102.229 Y81.245
G1 X101.987 Y81.201
G1 X101.652 Y81.312
G1 X101.407 Y81.646
G1 X101.040 Y81.291
G1 X100.672 Y81.201
G1 X100.394 Y81.258
G1 X100.170 Y81.429
G1 X100.022 Y81.690
G1 X99.972 Y82.021
G0 Z5.000 F500.000
G0 X100.660 Y81.797 F3000.000
G1 Z1.000 F500.000
G4 P100
G1 X100.847 Y81.706 F1000.000
G1 X101.037 Y81.784
G1 X101.277 Y82.071
G1 X101.237 Y83.066
G1 X100.985 Y82.932
G1 X100.643 Y82.400
G1 X100.597 Y82.071
G1 X100.660 Y81.797
G0 Z5.000 F500.000
G0 X101.837 Y83.076 F3000.000
G1 Z1.000 F500.000
G4 P100
G1 X102.257 Y84.176 F1000.000
G1 X102.397 Y85.036
G1 X102.287 Y85.436
G1 X102.097 Y85.099
G1 X101.837 Y83.076
G0 Z5.000 F500.000
G0 X87.570 Y72.184 F3000.000
G1 Z1.000 F500.000
G4 P100
G1 X87.607 Y72.019 F1000.000
G1 X87.512 Y71.709
G1 X87.035 Y71.287
G1 X86.472 Y71.164
G1 X86.254 Y71.037
G1 X85.997 Y70.994
G1 X85.600 Y71.114
G1 X85.462 Y71.384
G1 X85.557 Y71.609
G1 X85.837 Y71.704
G1 X86.122 Y71.674
G1 X86.065 Y71.919
G1 X85.782 Y72.329
G1 X85.142 Y71.469
G1 X84.952 Y71.379
G1 X84.822 Y71.437
G1 X84.772 Y71.579
G1 X85.322 Y72.404
G1 X85.747 Y73.294
G1 X85.894 Y73.459
G1 X86.142 Y73.514
G1 X86.337 Y73.489
G1 X86.392 Y73.409
G1 X86.227 Y72.879
G1 X86.685 Y72.132
G1 X86.757 Y71.669
G1 X87.332 Y72.174
G1 X87.467 Y72.244
G1 X87.570 Y72.184
G0 Z5.000 F500.000
G0 X87.402 Y72.539 F3000.000
G1 Z1.000 F500.000
G4 P100
G1 X87.417 Y72.984 F1000.000
G1 X87.020 Y73.039
G1 X86.967 Y73.214
G1 X87.024 Y73.424
G1 X87.477 Y73.494
G1 X87.737 Y74.499
G1 X88.160 Y75.224
G1 X88.417 Y75.427
G1 X88.692 Y75.494
G1 X88.880 Y75.448
G1 X89.022 Y75.309
G1 X89.142 Y74.844
G1 X89.102 Y74.469
G1 X88.980 Y74.119
G1 X88.492 Y73.494
G1 X89.167 Y73.459
G1 X89.167 Y73.178
G1 X89.061 Y73.070
G1 X88.637 Y72.984
G1 X88.027 Y72.984
G1 X88.048 Y72.152
G1 X88.140 Y71.864
G1 X88.298 Y71.707
G1 X88.527 Y71.654
G1 X88.907 Y71.784
G1 X89.432 Y72.244
G1 X89.535 Y72.184
G1 X89.572 Y72.019
G1 X89.477 Y71.709
G1 X89.007 Y71.274
G1 X88.734 Y71.147
G1 X88.422 Y71.104
G1 X87.976 Y71.194
G1 X87.657 Y71.463
G1 X87.466 Y71.911
G1 X87.402 Y72.539
G0 Z5.000 F500.000
G0 X88.077 Y73.569 F3000.000
G1 Z1.000 F500.000
G4 P100
G1 X88.520 Y74.142 F1000.000
G1 X88.667 Y74.719
G1 X88.640 Y74.940
G1 X88.557 Y75.014
G1 X88.390 Y74.827
G1 X88.215 Y74.307
G1 X88.077 Y73.569
G0 Z5.000 F500.000
G0 X89.503 Y72.999 F3000.000
G1 Z1.000 F500.000
G4 P100
G1 X90.097 Y73.415 F1000.000
G1 X90.432 Y73.469
G1 X90.580 Y73.427
G1 X90.642 Y73.274
G1 X91.046 Y73.250
G1 X91.107 Y73.119
G1 X90.917 Y71.819
G1 X90.955 Y71.699
G1 X91.052 Y71.654
G1 X91.282 Y71.777
G1 X91.782 Y72.244
G1 X91.885 Y72.184
G1 X91.922 Y72.019
G1 X91.827 Y71.709
G1 X91.392 Y71.279
G1 X90.947 Y71.104
G1 X90.645 Y71.217
G1 X90.437 Y71.524
G1 X90.144 Y71.209
G1 X89.782 Y71.104
G1 X89.504 Y71.160
G1 X89.287 Y71.329
G1 X89.149 Y71.589
G1 X89.102 Y71.919
G1 X89.149 Y72.308
G1 X89.503 Y72.999
G0 Z5.000 F500.000
G0 X89.832 Y72.444 F3000.000
G1 Z1.000 F500.000
G4 P100
G1 X89.727 Y71.914 F1000.000
G1 X89.790 Y71.684
G1 X89.962 Y71.609
G1 X90.172 Y71.739
G1 X90.317 Y72.084
G1 X90.502 Y73.004
G1 X90.115 Y72.847
G1 X89.832 Y72.444
G0 Z5.000 F500.000
G0 X91.552 Y72.604 F3000.000
G1 Z1.000 F500.000
G4 P100
G1 X91.712 Y74.007 F1000.000
G1 X91.909 Y74.708
G1 X92.180 Y75.297
G1 X92.517 Y75.696
G1 X92.912 Y75.829
G1 X93.120 Y75.780
G1 X93.387 Y75.405
G1 X93.422 Y75.119
G1 X93.267 Y74.304
G1 X92.752 Y73.454
G1 X93.056 Y73.372
G1 X93.297 Y73.177
G1 X93.465 Y72.895
G1 X93.547 Y72.554
G1 X94.177 Y72.664
G1 X94.277 Y72.599
G1 X94.277 Y72.242
G1 X94.167 Y72.149
G1 X93.507 Y72.029
G1 X93.363 Y71.654
G1 X93.130 Y71.359
G1 X92.838 Y71.168
G1 X92.517 Y71.104
G1 X92.081 Y71.200
G1 X91.782 Y71.489
G1 X91.610 Y71.960
G1 X91.552 Y72.604
G0 Z5.000 F500.000
G0 X92.177 Y72.219 F3000.000
G1 Z1.000 F500.000
G4 P100
G1 X92.285 Y71.784 F1000.000
G1 X92.537 Y71.634
G1 X92.812 Y71.764
G1 X92.972 Y72.139
G1 X92.735 Y72.414
G1 X92.672 Y72.964
G1 X92.473 Y72.913
G1 X92.315 Y72.762
G1 X92.177 Y72.219
G0 Z5.000 F500.000
G0 X92.212 Y73.114 F3000.000
G1 Z1.000 F500.000
G4 P100
G1 X92.888 Y74.618 F1000.000
G1 X92.937 Y75.004
G1 X92.900 Y75.249
G1 X92.797 Y75.334
G1 X92.580 Y75.037
G1 X92.362 Y74.229
G1 X92.212 Y73.114
G0 Z5.000 F500.000
G0 X94.075 Y73.929 F3000.000
G1 Z1.000 F500.000
G4 P100
G1 X94.270 Y74.654 F1000.000
G1 X94.540 Y75.269
G1 X94.877 Y75.689
G1 X95.272 Y75.829
G1 X95.487 Y75.773
G1 X95.650 Y75.607
G1 X95.753 Y75.336
G1 X95.787 Y74.969
G1 X95.705 Y74.327
G1 X95.457 Y73.589
G1 X95.069 Y72.808
G1 X94.562 Y72.034
G1 X94.677 Y71.742
G1 X94.887 Y71.654
G1 X95.247 Y71.772
G1 X95.777 Y72.244
G1 X95.880 Y72.184
G1 X95.917 Y72.019
G1 X95.822 Y71.709
G1 X95.355 Y71.274
G1 X95.085 Y71.147
G1 X94.782 Y71.104
G1 X94.399 Y71.204
G1 X94.130 Y71.504
G1 X93.970 Y71.963
G1 X93.917 Y72.539
G1 X94.075 Y73.929
G0 Z5.000 F500.000
G0 X94.527 Y72.709 F3000.000
G1 Z1.000 F500.000
G4 P100
G1 X95.092 Y73.882 F1000.000
G1 X95.250 Y74.443
G1 X95.302 Y74.954
G1 X95.267 Y75.239
G1 X95.162 Y75.334
G1 X94.902 Y74.919
G1 X94.647 Y73.889
G1 X94.527 Y72.709
G0 Z5.000 F500.000
G0 X95.755 Y73.078 F3000.000
G1 Z1.000 F500.000
G4 P100
G1 X96.259 Y73.415 F1000.000
G1 X96.829 Y73.416
G1 X97.032 Y73.287
G1 X97.164 Y73.083
G1 X97.207 Y72.819
G1 X97.145 Y72.498
G1 X96.960 Y72.227
G1 X96.627 Y72.005
G1 X96.122 Y71.834
G1 X96.304 Y71.662
G1 X96.597 Y71.604
G1 X97.110 Y71.762
G1 X97.742 Y72.244
G1 X97.845 Y72.184
G1 X97.882 Y72.019
G1 X97.787 Y71.709
G1 X97.265 Y71.294
G1 X96.915 Y71.152
G1 X96.542 Y71.104
G1 X96.076 Y71.175
G1 X95.727 Y71.389
G1 X95.510 Y71.727
G1 X95.437 Y72.169
G1 X95.582 Y72.812
G1 X95.755 Y73.078
G0 Z5.000 F500.000
G0 X96.170 Y72.754 F3000.000
G1 Z1.000 F500.000
G4 P100
G1 X96.042 Y72.234 F1000.000
G1 X96.507 Y72.434
G1 X96.677 Y72.759
G1 X96.625 Y72.912
G1 X96.482 Y72.969
G1 X96.312 Y72.915
G1 X96.170 Y72.754
G0 Z5.000 F500.000
G0 X86.832 Y65.535 F3000.000
G1 Z1.000 F500.000
G4 P100
G1 X86.972 Y65.022 F1000.000
G1 X86.817 Y64.207
G1 X86.302 Y63.357
G1 X86.606 Y63.275
G1 X86.847 Y63.080
G1 X87.015 Y62.798
G1 X87.097 Y62.457
G1 X87.727 Y62.567
G1 X87.827 Y62.502
G1 X87.862 Y62.337
G1 X87.827 Y62.145
G1 X87.717 Y62.052
G1 X87.057 Y61.932
G1 X86.913 Y61.557
G1 X86.680 Y61.262
G1 X86.388 Y61.071
G1 X86.067 Y61.007
G1 X85.631 Y61.103
G1 X85.332 Y61.392
G1 X85.160 Y61.863
G1 X85.102 Y62.507
G1 X85.262 Y63.910
G1 X85.459 Y64.611
G1 X85.730 Y65.200
G1 X86.067 Y65.599
G1 X86.462 Y65.732
G1 X86.670 Y65.683
G1 X86.832 Y65.535
G0 Z5.000 F500.000
G0 X86.347 Y65.237 F3000.000
G1 Z1.000 F500.000
G4 P100
G1 X86.130 Y64.940 F1000.000
G1 X85.912 Y64.132
G1 X85.762 Y63.017
G1 X86.438 Y64.521
G1 X86.487 Y64.907
G1 X86.450 Y65.152
G1 X86.347 Y65.237
G0 Z5.000 F500.000
G0 X86.222 Y62.867 F3000.000
G1 Z1.000 F500.000
G4 P100
G1 X86.023 Y62.816 F1000.000
G1 X85.865 Y62.665
G1 X85.727 Y62.122
G1 X85.835 Y61.687
G1 X86.087 Y61.537
G1 X86.362 Y61.667
G1 X86.522 Y62.042
G1 X86.285 Y62.317
G1 X86.222 Y62.867
G0 Z5.000 F500.000
G0 X87.414 Y62.211 F3000.000
G1 Z1.000 F500.000
G4 P100
G1 X87.768 Y62.902 F1000.000
G1 X88.045 Y63.155
G1 X88.362 Y63.318
G1 X88.697 Y63.372
G1 X88.845 Y63.330
G1 X88.907 Y63.177
G1 X89.311 Y63.153
G1 X89.372 Y63.022
G1 X89.182 Y61.722
G1 X89.220 Y61.602
G1 X89.317 Y61.557
G1 X89.547 Y61.680
G1 X90.047 Y62.147
G1 X90.150 Y62.087
G1 X90.187 Y61.922
G1 X90.092 Y61.612
G1 X89.657 Y61.182
G1 X89.212 Y61.007
G1 X88.910 Y61.120
G1 X88.702 Y61.427
G1 X88.409 Y61.112
G1 X88.047 Y61.007
G1 X87.769 Y61.063
G1 X87.552 Y61.232
G1 X87.414 Y61.492
G1 X87.414 Y62.211
G0 Z5.000 F500.000
G0 X87.992 Y61.817 F3000.000
G1 Z1.000 F500.000
G4 P100
G1 X88.055 Y61.587 F1000.000
G1 X88.227 Y61.512
G1 X88.437 Y61.642
G1 X88.582 Y61.987
G1 X88.767 Y62.907
G1 X88.380 Y62.750
G1 X88.097 Y62.347
G1 X87.992 Y61.817
G0 Z5.000 F500.000
G0 X89.557 Y61.667 F3000.000
G1 Z1.000 F500.000
G4 P100
G1 X90.037 Y62.307 F1000.000
G1 X90.462 Y63.197
G1 X90.609 Y63.362
G1 X90.857 Y63.417
G1 X91.052 Y63.392
G1 X91.107 Y63.312
G1 X90.942 Y62.782
G1 X91.400 Y62.035
G1 X91.472 Y61.572
G1 X92.182 Y62.147
G1 X92.285 Y62.087
G1 X92.322 Y61.922
G1 X92.227 Y61.612
G1 X91.750 Y61.190
G1 X90.712 Y60.897
G1 X90.315 Y61.017
G1 X90.177 Y61.287
G1 X90.272 Y61.512
G1 X90.552 Y61.607
G1 X90.837 Y61.577
G1 X90.780 Y61.822
G1 X90.497 Y62.232
G1 X89.857 Y61.372
G1 X89.667 Y61.282
G1 X89.537 Y61.340
G1 X89.487 Y61.482
G1 X89.557 Y61.667
G0 Z5.000 F500.000
G0 X91.842 Y62.072 F3000.000
G1 Z1.000 F500.000
G4 P100
G1 X91.987 Y62.715 F1000.000
G1 X92.160 Y62.981
G1 X92.664 Y63.318
G1 X92.972 Y63.362
G1 X93.234 Y63.319
G1 X93.437 Y63.190
G1 X93.569 Y62.986
G1 X93.612 Y62.722
G1 X93.550 Y62.401
G1 X93.365 Y62.130
G1 X93.032 Y61.908
G1 X92.527 Y61.737
G1 X92.709 Y61.565
G1 X93.002 Y61.507
G1 X93.515 Y61.665
G1 X94.147 Y62.147
G1 X94.250 Y62.087
G1 X94.287 Y61.922
G1 X94.192 Y61.612
G1 X93.670 Y61.197
G1 X92.947 Y61.007
G1 X92.481 Y61.078
G1 X92.132 Y61.292
G1 X91.915 Y61.630
G1 X91.842 Y62.072
G0 Z5.000 F500.000
G0 X92.447 Y62.137 F3000.000
G1 Z1.000 F500.000
G4 P100
G1 X92.912 Y62.337 F1000.000
G1 X93.040 Y62.488
G1 X93.030 Y62.815
G1 X92.887 Y62.872
G1 X92.717 Y62.818
G1 X92.575 Y62.657
G1 X92.447 Y62.137
G0 Z5.000 F500.000
G0 X93.917 Y62.442 F3000.000
G1 Z1.000 F500.000
G4 P100
G1 X94.075 Y63.832 F1000.000
G1 X94.270 Y64.557
G1 X94.540 Y65.172
G1 X94.877 Y65.592
G1 X95.272 Y65.732
G1 X95.487 Y65.676
G1 X95.650 Y65.510
G1 X95.753 Y65.239
G1 X95.787 Y64.872
G1 X95.705 Y64.230
G1 X95.457 Y63.492
G1 X95.069 Y62.711
G1 X94.562 Y61.937
G1 X94.677 Y61.645
G1 X94.887 Y61.557
G1 X95.247 Y61.675
G1 X95.777 Y62.147
G1 X95.880 Y62.087
G1 X95.917 Y61.922
G1 X95.822 Y61.612
G1 X95.355 Y61.177
G1 X95.085 Y61.050
G1 X94.782 Y61.007
G1 X94.399 Y61.107
G1 X94.130 Y61.407
G1 X93.970 Y61.866
G1 X93.917 Y62.442
G0 Z5.000 F500.000
G0 X94.527 Y62.612 F3000.000
G1 Z1.000 F500.000
G4 P100
G1 X95.092 Y63.785 F1000.000
G1 X95.250 Y64.346
G1 X95.302 Y64.857
G1 X95.267 Y65.142
G1 X95.162 Y65.237
G1 X94.902 Y64.822
G1 X94.647 Y63.792
G1 X94.527 Y62.612
G0 Z5.000 F500.000
G0 X95.747 Y64.062 F3000.000
G1 Z1.000 F500.000
G4 P100
G1 X95.885 Y64.355 F1000.000
G1 X96.227 Y64.472
G1 X96.527 Y64.382
G1 X96.642 Y64.127
G1 X96.512 Y63.810
G1 X96.167 Y63.692
G1 X95.852 Y63.790
G1 X95.747 Y64.062
G0 Z5.000 F500.000
G0 X96.072 Y63.362 F3000.000
G1 Z1.000 F500.000
G4 P100
G1 X96.264 Y63.320 F1000.000
G1 X96.327 Y63.192
G1 X96.112 Y61.867
G1 X96.152 Y61.637
G1 X96.287 Y61.557
G1 X96.512 Y61.682
G1 X97.007 Y62.147
G1 X97.110 Y62.087
G1 X97.147 Y61.922
G1 X97.052 Y61.612
G1 X96.574 Y61.158
G1 X96.127 Y61.007
G1 X95.847 Y61.065
G1 X95.655 Y61.237
G1 X95.507 Y61.847
G1 X95.712 Y63.082
G1 X95.832 Y63.302
G1 X96.072 Y63.362
G0 Z5.000 F500.000
G0 X96.937 Y63.082 F3000.000
G1 Z1.000 F500.000
G4 P100
G1 X97.085 Y63.295 F1000.000
G1 X97.512 Y63.337
G1 X97.552 Y63.242
G1 X97.347 Y62.162
G1 X97.717 Y62.862
G1 X98.120 Y63.247
G1 X98.482 Y63.362
G1 X98.726 Y63.281
G1 X98.807 Y63.037
G1 X98.602 Y61.757
G1 X98.639 Y61.607
G1 X98.747 Y61.557
G1 X98.985 Y61.680
G1 X99.487 Y62.147
G1 X99.590 Y62.087
G1 X99.627 Y61.922
G1 X99.532 Y61.612
G1 X99.070 Y61.177
G1 X98.805 Y61.050
G1 X98.284 Y61.044
G1 X98.025 Y61.335
G1 X97.992 Y61.582
G1 X98.127 Y62.517
G1 X98.072 Y62.597
G1 X97.890 Y62.430
G1 X97.650 Y61.987
G1 X97.325 Y61.090
G1 X97.097 Y61.007
G1 X96.935 Y61.057
G1 X96.830 Y61.207
G1 X96.752 Y61.847
G1 X96.937 Y63.082
G0 Z5.000 F500.000
G0 X99.147 Y62.072 F3000.000
G1 Z1.000 F500.000
G4 P100
G1 X99.292 Y62.715 F1000.000
G1 X99.465 Y62.981
G1 X99.969 Y63.318
G1 X100.277 Y63.362
G1 X100.539 Y63.319
G1 X100.742 Y63.190
G1 X100.874 Y62.986
G1 X100.917 Y62.722
G1 X100.855 Y62.401
G1 X100.670 Y62.130
G1 X100.337 Y61.908
G1 X99.832 Y61.737
G1 X100.014 Y61.565
G1 X100.307 Y61.507
G1 X100.820 Y61.665
G1 X101.452 Y62.147
G1 X101.555 Y62.087
G1 X101.592 Y61.922
G1 X101.497 Y61.612
G1 X100.975 Y61.197
G1 X100.252 Y61.007
G1 X99.786 Y61.078
G1 X99.437 Y61.292
G1 X99.220 Y61.630
G1 X99.147 Y62.072
G0 Z5.000 F500.000
G0 X99.752 Y62.137 F3000.000
G1 Z1.000 F500.000
G4 P100
G1 X100.217 Y62.337 F1000.000
G1 X100.345 Y62.488
G1 X100.335 Y62.815
G1 X100.192 Y62.872
G1 X100.022 Y62.818
G1 X99.880 Y62.657
G1 X99.752 Y62.137
G0 Z5.000 F500.000
G0 X115.794 Y111.492 F3000.000
G1 Z1.000 F500.000
G4 P100
G1 X115.574 Y111.567 F1000.000
G1 X115.479 Y111.802
G1 X115.749 Y113.787
G1 X115.299 Y113.667
G1 X115.149 Y113.742
G1 X115.099 Y113.957
G1 X115.159 Y114.112
G1 X115.352 Y114.232
G1 X116.179 Y114.437
G1 X116.397 Y114.362
G1 X116.454 Y114.022
G1 X116.149 Y111.802
G1 X116.040 Y111.570
G1 X115.794 Y111.492
G0 Z5.000 F500.000
G0 X116.962 Y111.910 F3000.000
G1 Z1.000 F500.000
G4 P100
G1 X116.894 Y112.212 F1000.000
G1 X117.024 Y112.607
G1 X117.444 Y112.942
G1 X117.172 Y113.230
G1 X117.079 Y113.582
G1 X117.154 Y113.939
G1 X117.379 Y114.210
G1 X117.733 Y114.380
G1 X118.194 Y114.437
G1 X118.577 Y114.391
G1 X118.877 Y114.252
G1 X119.070 Y114.035
G1 X119.134 Y113.752
G1 X119.004 Y113.340
G1 X118.584 Y113.002
G1 X118.952 Y112.710
G1 X119.074 Y112.332
G1 X118.932 Y111.892
G1 X118.529 Y111.597
G1 X117.924 Y111.492
G1 X117.492 Y111.540
G1 X117.167 Y111.682
G1 X116.962 Y111.910
G0 Z5.000 F500.000
G0 X117.617 Y112.055 F3000.000
G1 Z1.000 F500.000
G4 P100
G1 X117.949 Y111.977 F1000.000
G1 X118.319 Y112.057
G1 X118.454 Y112.277
G1 X118.337 Y112.487
G1 X117.904 Y112.727
G1 X117.584 Y112.512
G1 X117.494 Y112.272
G1 X117.617 Y112.055
G0 Z5.000 F500.000
G0 X118.074 Y113.212 F3000.000
G1 Z1.000 F500.000
G4 P100
G1 X118.432 Y113.447 F1000.000
G1 X118.534 Y113.677
G1 X118.439 Y113.883
G1 X118.154 Y113.952
G1 X117.819 Y113.865
G1 X117.694 Y113.612
G1 X117.789 Y113.400
G1 X118.074 Y113.212
G0 Z5.000 F500.000
G0 X119.522 Y112.287 F3000.000
G1 Z1.000 F500.000
G4 P100
G1 X119.879 Y112.422 F1000.000
G1 X120.212 Y112.315
G1 X120.324 Y111.997
G1 X120.194 Y111.630
G1 X119.839 Y111.492
G1 X119.507 Y111.612
G1 X119.394 Y111.927
G1 X119.522 Y112.287
G0 Z5.000 F500.000
G0 X120.769 Y112.157 F3000.000
G1 Z1.000 F500.000
G4 P100
G1 X120.847 Y112.415 F1000.000
G1 X121.064 Y112.507
G1 X121.234 Y112.450
G1 X121.505 Y112.023
G1 X121.849 Y111.947
G1 X122.154 Y112.060
G1 X122.274 Y112.337
G1 X122.216 Y112.531
G1 X122.040 Y112.675
G1 X121.052 Y112.872
G1 X120.964 Y113.057
G1 X121.134 Y113.867
G1 X120.964 Y113.915
G1 X120.904 Y114.047
G1 X120.964 Y114.250
G1 X121.144 Y114.367
G1 X121.954 Y114.437
G1 X122.564 Y114.425
G1 X122.999 Y114.320
G1 X122.972 Y113.950
G1 X122.744 Y113.877
G1 X121.749 Y113.897
G1 X121.604 Y113.297
G1 X122.172 Y113.213
G1 X122.584 Y113.032
G1 X122.835 Y112.761
G1 X122.919 Y112.407
G1 X122.787 Y111.940
G1 X122.399 Y111.612
G1 X121.799 Y111.492
G1 X121.380 Y111.537
G1 X121.052 Y111.672
G1 X120.840 Y111.883
G1 X120.769 Y112.157
G0 Z5.000 F500.000
G0 X84.195 Y16.083 F3000.000
G1 Z1.000 F500.000
G4 P100
G1 X84.334 Y16.452 F1000.000
G1 X84.712 Y16.634
G1 X85.162 Y16.568
G1 X85.377 Y16.245
G1 X85.330 Y15.900
G1 X85.095 Y15.531
G1 X84.480 Y15.040
G1 X84.349 Y14.835
G1 X84.030 Y14.700
G1 X84.349 Y14.835
G1 X84.757 Y14.709
G1 X85.486 Y14.730
G0 Z5.000 F500.000
G0 X82.921 Y14.765 F3000.000
G1 Z1.000 F500.000
G4 P100
G1 X83.164 Y16.434 F1000.000
G1 X83.095 Y16.542
G1 X82.558 Y16.423
G0 Z5.000 F500.000
G0 X84.000 Y53.095 F3000.000
G1 Z1.000 F500.000
G4 P100
G1 X113.987 Y53.095 F1000.000
G0 Z5.000 F500.000
G0 X113.987 Y53.095 F3000.000
G1 Z1.000 F500.000
G4 P100
G1 X143.974 Y53.095 F1000.000
G0 Z5.000 F500.000
G0 X143.974 Y118.859 F3000.000
G1 Z1.000 F500.000
G4 P100
G1 X143.974 Y53.095 F1000.000
G0 Z5.000 F500.000
G0 X113.987 Y118.859 F3000.000
G1 Z1.000 F500.000
G4 P100
G1 X113.987 Y53.095 F1000.000
G0 Z5.000 F500.000
G0 X54.013 Y53.095 F3000.000
G1 Z1.000 F500.000
G4 P100
G1 X84.000 Y53.095 F1000.000
G0 Z5.000 F500.000
G0 X24.026 Y53.095 F3000.000
G1 Z1.000 F500.000
G4 P100
G1 X54.013 Y53.095 F1000.000
G0 Z5.000 F500.000
G0 X54.013 Y118.859 F3000.000
G1 Z1.000 F500.000
G4 P100
G1 X54.013 Y53.095 F1000.000
G0 Z5.000 F500.000
G0 X54.013 Y118.859 F3000.000
G1 Z1.000 F500.000
G4 P100
G1 X84.000 Y118.859 F1000.000
G0 Z5.000 F500.000
G0 X84.000 Y118.859 F3000.000
G1 Z1.000 F500.000
G4 P100
G1 X84.000 Y53.095 F1000.000
G0 Z5.000 F500.000
G0 X84.000 Y118.859 F3000.000
G1 Z1.000 F500.000
G4 P100
G1 X113.987 Y118.859 F1000.000
G0 Z5.000 F500.000
G0 X113.987 Y118.859 F3000.000
G1 Z1.000 F500.000
G4 P100
G1 X143.974 Y118.859 F1000.000
G0 Z5.000 F500.000
G0 X143.974 Y184.624 F3000.000
G1 Z1.000 F500.000
G4 P100
G1 X143.974 Y118.859 F1000.000
G0 Z5.000 F500.000
G0 X113.987 Y184.624 F3000.000
G1 Z1.000 F500.000
G4 P100
G1 X113.987 Y118.859 F1000.000
G0 Z5.000 F500.000
G0 X113.987 Y184.624 F3000.000
G1 Z1.000 F500.000
G4 P100
G1 X143.974 Y184.624 F1000.000
G0 Z5.000 F500.000
G0 X143.974 Y210.000 F3000.000
G1 Z1.000 F500.000
G4 P100
G1 X143.974 Y184.624 F1000.000
G0 Z5.000 F500.000
G0 X113.987 Y210.000 F3000.000
G1 Z1.000 F500.000
G4 P100
G1 X113.987 Y184.624 F1000.000
G0 Z5.000 F500.000
G0 X113.987 Y210.000 F3000.000
G1 Z1.000 F500.000
G4 P100
G1 X143.974 Y210.000 F1000.000
G0 Z5.000 F500.000
G0 X84.000 Y210.000 F3000.000
G1 Z1.000 F500.000
G4 P100
G1 X84.000 Y184.624 F1000.000
G0 Z5.000 F500.000
G0 X84.000 Y184.624 F3000.000
G1 Z1.000 F500.000
G4 P100
G1 X84.000 Y118.859 F1000.000
G0 Z5.000 F500.000
G0 X24.026 Y118.859 F3000.000
G1 Z1.000 F500.000
G4 P100
G1 X24.026 Y53.095 F1000.000
G0 Z5.000 F500.000
G0 X24.026 Y118.859 F3000.000
G1 Z1.000 F500.000
G4 P100
G1 X54.013 Y118.859 F1000.000
G0 Z5.000 F500.000
G0 X54.013 Y184.624 F3000.000
G1 Z1.000 F500.000
G4 P100
G1 X54.013 Y118.859 F1000.000
G0 Z5.000 F500.000
G0 X54.013 Y184.624 F3000.000
G1 Z1.000 F500.000
G4 P100
G1 X84.000 Y184.624 F1000.000
G0 Z5.000 F500.000
G0 X84.000 Y184.624 F3000.000
G1 Z1.000 F500.000
G4 P100
G1 X113.987 Y184.624 F1000.000
G0 Z5.000 F500.000
G0 X84.000 Y210.000 F3000.000
G1 Z1.000 F500.000
G4 P100
G1 X113.987 Y210.000 F1000.000
G0 Z5.000 F500.000
G0 X54.013 Y210.000 F3000.000
G1 Z1.000 F500.000
G4 P100
G1 X54.013 Y184.624 F1000.000
G0 Z5.000 F500.000
G0 X54.013 Y210.000 F3000.000
G1 Z1.000 F500.000
G4 P100
G1 X84.000 Y210.000 F1000.000
G0 Z5.000 F500.000
G0 X24.026 Y210.000 F3000.000
G1 Z1.000 F500.000
G4 P100
G1 X24.026 Y184.624 F1000.000
G0 Z5.000 F500.000
G0 X24.026 Y184.624 F3000.000
G1 Z1.000 F500.000
G4 P100
G1 X24.026 Y118.859 F1000.000
G0 Z5.000 F500.000
G0 X24.026 Y184.624 F3000.000
G1 Z1.000 F500.000
G4 P100
G1 X54.013 Y184.624 F1000.000
G0 Z5.000 F500.000
G0 X24.026 Y210.000 F3000.000
G1 Z1.000 F500.000
G4 P100
G1 X54.013 Y210.000 F1000.000
G0 Z5.000 F500.000
M400
M84
; End
