; Generated by plotter-processor
; Page 1/20
; Motion profile: safe
; Draw feed: 1000.000 mm/min
; Travel feed: 3000.000 mm/min
; Z feed: 500.000 mm/min
; Pen Z: down=1.000 up=5.000
; Down settle: 100 ms
; Estimated ideal time: 553.219769 s
G21
G90
G0 Z5.000 F500.000
G0 X38.842 Y205.142 F3000.000
G1 Z1.000 F500.000
G4 P100
G1 X38.644 Y204.657 F1000.000
G1 X38.557 Y203.468
G1 X39.125 Y203.398
G1 X39.894 Y203.611
G1 X40.483 Y204.034
G1 X40.831 Y204.627
G1 X40.915 Y205.349
G1 X40.773 Y205.829
G1 X40.476 Y206.194
G1 X40.036 Y206.438
G1 X39.465 Y206.541
G1 X38.845 Y206.498
G1 X38.272 Y206.312
G1 X37.775 Y205.993
G1 X37.347 Y205.542
G1 X36.991 Y204.951
G1 X36.738 Y204.254
G1 X36.586 Y203.420
G1 X36.553 Y202.570
G1 X36.640 Y201.906
G1 X36.849 Y201.373
G1 X37.140 Y201.042
G1 X37.526 Y200.898
G1 X37.875 Y200.982
G1 X38.092 Y201.266
G1 X38.357 Y202.458
G1 X38.440 Y203.319
G1 X38.559 Y203.458
G1 X38.440 Y203.319
G1 X37.728 Y203.448
G0 Z5.000 F500.000
G0 X45.719 Y205.066 F3000.000
G1 Z1.000 F500.000
G4 P100
G1 X45.814 Y205.467 F1000.000
G1 X45.776 Y205.870
G1 X45.613 Y206.193
G1 X45.339 Y206.417
G1 X44.937 Y206.540
G1 X44.441 Y206.534
G1 X43.994 Y206.418
G1 X43.613 Y206.194
G1 X43.210 Y205.735
G1 X42.968 Y205.122
G1 X42.674 Y202.255
G1 X42.229 Y201.936
G1 X41.636 Y201.806
G1 X42.229 Y201.936
G1 X42.674 Y202.255
G1 X44.531 Y201.684
G1 X45.345 Y201.634
G1 X46.075 Y201.938
G1 X46.383 Y202.227
G1 X46.504 Y202.495
G0 Z5.000 F500.000
G0 X46.913 Y202.641 F3000.000
G1 Z1.000 F500.000
G4 P100
G1 X46.773 Y203.424 F1000.000
G1 X46.853 Y204.407
G1 X47.122 Y205.221
G1 X47.564 Y205.873
G1 X48.160 Y206.322
G1 X48.868 Y206.525
G1 X49.591 Y206.451
G1 X50.173 Y206.108
G1 X50.631 Y205.344
G1 X50.729 Y204.281
G1 X50.491 Y203.119
G1 X49.945 Y202.229
G1 X49.158 Y201.693
G1 X48.205 Y201.584
G1 X47.778 Y201.701
G1 X47.408 Y201.926
G1 X46.913 Y202.641
G0 Z5.000 F500.000
G0 X52.118 Y204.842 F3000.000
G1 Z1.000 F500.000
G4 P100
G1 X51.988 Y205.293 F1000.000
G1 X52.077 Y205.755
G1 X52.355 Y206.083
G1 X52.826 Y206.308
G1 X54.083 Y206.496
G1 X54.600 Y206.365
G1 X55.180 Y206.525
G1 X57.069 Y206.401
G1 X55.190 Y206.525
G1 X54.600 Y206.365
G1 X53.875 Y201.665
G0 Z5.000 F500.000
G0 X56.823 Y204.842 F3000.000
G1 Z1.000 F500.000
G4 P100
G1 X56.693 Y205.293 F1000.000
G1 X56.781 Y205.755
G1 X57.060 Y206.083
G1 X57.530 Y206.308
G1 X58.788 Y206.496
G1 X59.305 Y206.365
G1 X59.885 Y206.525
G1 X61.773 Y206.401
G1 X59.895 Y206.525
G1 X59.305 Y206.365
G1 X58.580 Y201.665
G0 Z5.000 F500.000
G0 X65.002 Y205.175 F3000.000
G1 Z1.000 F500.000
G4 P100
G1 X65.097 Y205.587 F1000.000
G1 X65.023 Y205.995
G1 X64.862 Y206.264
G1 X64.598 Y206.435
G1 X63.504 Y206.520
G1 X62.967 Y206.390
G1 X62.565 Y206.159
G1 X62.304 Y205.840
G1 X62.174 Y205.403
G1 X62.312 Y204.804
G1 X62.682 Y204.474
G1 X62.840 Y204.189
G1 X63.664 Y204.219
G1 X62.840 Y204.189
G1 X62.677 Y203.979
G1 X61.889 Y203.606
G1 X61.660 Y203.310
G1 X61.532 Y202.873
G1 X61.583 Y202.350
G1 X61.788 Y202.038
G1 X62.152 Y201.805
G1 X63.360 Y201.587
G1 X65.008 Y201.749
G1 X65.673 Y201.967
G1 X65.984 Y202.208
G0 Z5.000 F500.000
G0 X68.320 Y205.204 F3000.000
G1 Z1.000 F500.000
G4 P100
G1 X68.212 Y205.017 F1000.000
G1 X68.053 Y203.754
G1 X68.851 Y203.636
G1 X69.698 Y204.144
G1 X70.054 Y204.487
G1 X70.311 Y205.015
G1 X70.334 Y205.576
G1 X70.185 Y205.960
G1 X69.897 Y206.256
G1 X69.479 Y206.455
G1 X68.954 Y206.543
G1 X67.846 Y206.385
G1 X67.363 Y206.137
G1 X66.948 Y205.788
G1 X66.380 Y204.844
G1 X66.138 Y203.609
G1 X66.245 Y202.435
G1 X66.433 Y202.011
G1 X66.706 Y201.713
G1 X66.989 Y201.581
G1 X67.296 Y201.586
G1 X67.526 Y201.693
G1 X67.666 Y201.918
G1 X67.928 Y203.613
G1 X67.414 Y203.685
G1 X67.928 Y203.613
G1 X68.053 Y203.754
G1 X68.851 Y203.636
G1 X69.447 Y202.989
G1 X70.052 Y201.928
G1 X70.530 Y201.614
G1 X70.943 Y201.590
G1 X71.339 Y201.730
G1 X71.796 Y202.121
G1 X71.992 Y202.492
G0 Z5.000 F500.000
G0 X73.409 Y202.212 F3000.000
G1 Z1.000 F500.000
G4 P100
G1 X73.624 Y201.855 F1000.000
G1 X74.065 Y201.579
G1 X74.578 Y201.486
G1 X75.080 Y201.580
G1 X75.465 Y201.817
G1 X75.735 Y202.180
G1 X76.031 Y203.422
G1 X76.039 Y203.837
G1 X75.248 Y203.883
G1 X77.779 Y203.919
G1 X76.145 Y203.949
G1 X76.293 Y206.351
G1 X76.958 Y206.530
G1 X79.045 Y206.414
G1 X76.928 Y206.529
G1 X76.293 Y206.351
G1 X75.820 Y206.464
G1 X74.921 Y206.289
G1 X74.464 Y206.061
G1 X74.185 Y205.721
G1 X74.112 Y205.257
G1 X74.243 Y204.855
G0 Z5.000 F500.000
G0 X78.162 Y205.465 F3000.000
G1 Z1.000 F500.000
G4 P100
G1 X78.483 Y205.961 F1000.000
G1 X78.977 Y206.351
G1 X79.688 Y206.501
G1 X79.973 Y206.349
G1 X80.097 Y205.894
G1 X80.057 Y205.303
G1 X79.619 Y203.204
G1 X79.544 Y202.262
G1 X79.651 Y201.904
G1 X79.864 Y201.703
G1 X80.159 Y201.626
G1 X80.617 Y201.699
G1 X80.963 Y201.814
G1 X81.286 Y202.057
G1 X81.693 Y202.577
G1 X82.049 Y203.314
G1 X82.618 Y203.642
G1 X83.083 Y206.480
G1 X82.619 Y203.652
G1 X82.696 Y203.307
G1 X82.625 Y203.154
G1 X82.399 Y203.106
G1 X82.045 Y203.306
G1 X82.295 Y203.118
G1 X82.625 Y203.154
G1 X82.638 Y202.063
G1 X82.786 Y201.787
G1 X83.053 Y201.622
G1 X83.600 Y201.651
G1 X84.010 Y201.791
G1 X84.492 Y202.228
G1 X84.606 Y202.535
G0 Z5.000 F500.000
G0 X88.352 Y205.066 F3000.000
G1 Z1.000 F500.000
G4 P100
G1 X88.447 Y205.467 F1000.000
G1 X88.409 Y205.870
G1 X88.246 Y206.193
G1 X87.972 Y206.417
G1 X87.570 Y206.540
G1 X87.074 Y206.534
G1 X86.627 Y206.418
G1 X86.246 Y206.194
G1 X85.843 Y205.735
G1 X85.601 Y205.122
G1 X85.307 Y202.255
G1 X84.862 Y201.936
G1 X84.269 Y201.806
G1 X84.862 Y201.936
G1 X85.307 Y202.255
G1 X87.164 Y201.684
G1 X87.978 Y201.634
G1 X88.708 Y201.938
G1 X89.016 Y202.227
G1 X89.137 Y202.495
G0 Z5.000 F500.000
G0 X93.680 Y202.495 F3000.000
G1 Z1.000 F500.000
G4 P100
G1 X93.559 Y202.227 F1000.000
G1 X93.251 Y201.938
G1 X92.521 Y201.634
G1 X91.707 Y201.684
G1 X89.850 Y202.255
G1 X89.404 Y201.936
G1 X88.812 Y201.806
G1 X89.404 Y201.936
G1 X89.850 Y202.255
G1 X90.143 Y205.122
G1 X90.386 Y205.735
G1 X90.789 Y206.194
G1 X91.170 Y206.418
G1 X91.617 Y206.534
G1 X92.113 Y206.540
G1 X92.515 Y206.417
G1 X92.788 Y206.193
G1 X92.952 Y205.870
G1 X92.990 Y205.467
G1 X92.895 Y205.066
G0 Z5.000 F500.000
G0 X96.669 Y203.448 F3000.000
G1 Z1.000 F500.000
G4 P100
G1 X97.381 Y203.319 F1000.000
G1 X97.500 Y203.458
G1 X97.381 Y203.319
G1 X97.298 Y202.458
G1 X97.033 Y201.266
G1 X96.816 Y200.982
G1 X96.467 Y200.898
G1 X96.081 Y201.042
G1 X95.790 Y201.373
G1 X95.581 Y201.906
G1 X95.494 Y202.570
G1 X95.527 Y203.420
G1 X95.679 Y204.254
G1 X95.932 Y204.951
G1 X96.288 Y205.542
G1 X96.716 Y205.993
G1 X97.213 Y206.312
G1 X97.786 Y206.498
G1 X98.406 Y206.541
G1 X98.977 Y206.438
G1 X99.417 Y206.194
G1 X99.714 Y205.829
G1 X99.856 Y205.349
G1 X99.772 Y204.627
G1 X99.424 Y204.034
G1 X98.835 Y203.611
G1 X98.066 Y203.398
G1 X97.498 Y203.468
G1 X97.585 Y204.657
G1 X97.783 Y205.142
G0 Z5.000 F500.000
G0 X100.488 Y201.437 F3000.000
G1 Z1.000 F500.000
G4 P100
G1 X101.420 Y201.571 F1000.000
G1 X101.760 Y201.724
G1 X102.152 Y201.573
G1 X102.851 Y201.569
G1 X102.142 Y201.574
G1 X101.758 Y201.734
G1 X102.396 Y206.348
G1 X101.982 Y206.493
G1 X101.295 Y206.450
G1 X101.982 Y206.493
G1 X102.396 Y206.348
G1 X102.787 Y206.497
G1 X103.602 Y206.516
G0 Z5.000 F500.000
G0 X106.558 Y205.142 F3000.000
G1 Z1.000 F500.000
G4 P100
G1 X106.360 Y204.657 F1000.000
G1 X106.273 Y203.468
G1 X106.841 Y203.398
G1 X107.610 Y203.611
G1 X108.199 Y204.034
G1 X108.547 Y204.627
G1 X108.631 Y205.349
G1 X108.489 Y205.829
G1 X108.192 Y206.194
G1 X107.752 Y206.438
G1 X107.181 Y206.541
G1 X106.561 Y206.498
G1 X105.988 Y206.312
G1 X105.491 Y205.993
G1 X105.063 Y205.542
G1 X104.707 Y204.951
G1 X104.454 Y204.254
G1 X104.302 Y203.420
G1 X104.269 Y202.570
G1 X104.356 Y201.906
G1 X104.565 Y201.373
G1 X104.856 Y201.042
G1 X105.242 Y200.898
G1 X105.591 Y200.982
G1 X105.808 Y201.266
G1 X106.073 Y202.458
G1 X106.156 Y203.319
G1 X106.275 Y203.458
G1 X106.156 Y203.319
G1 X105.444 Y203.448
G0 Z5.000 F500.000
G0 X113.257 Y205.175 F3000.000
G1 Z1.000 F500.000
G4 P100
G1 X113.353 Y205.587 F1000.000
G1 X113.279 Y205.995
G1 X113.118 Y206.264
G1 X112.854 Y206.435
G1 X111.759 Y206.520
G1 X111.223 Y206.390
G1 X110.821 Y206.159
G1 X110.560 Y205.840
G1 X110.430 Y205.403
G1 X110.568 Y204.804
G1 X110.938 Y204.474
G1 X111.095 Y204.189
G1 X111.919 Y204.219
G1 X111.095 Y204.189
G1 X110.932 Y203.979
G1 X110.145 Y203.606
G1 X109.916 Y203.310
G1 X109.788 Y202.873
G1 X109.838 Y202.350
G1 X110.044 Y202.038
G1 X110.407 Y201.805
G1 X111.616 Y201.587
G1 X113.263 Y201.749
G1 X113.929 Y201.967
G1 X114.240 Y202.208
G0 Z5.000 F500.000
G0 X118.850 Y202.495 F3000.000
G1 Z1.000 F500.000
G4 P100
G1 X118.730 Y202.227 F1000.000
G1 X118.421 Y201.938
G1 X117.692 Y201.634
G1 X116.877 Y201.684
G1 X115.020 Y202.255
G1 X114.575 Y201.936
G1 X113.982 Y201.806
G1 X114.575 Y201.936
G1 X115.020 Y202.255
G1 X115.314 Y205.122
G1 X115.557 Y205.735
G1 X115.960 Y206.194
G1 X116.341 Y206.418
G1 X116.788 Y206.534
G1 X117.283 Y206.540
G1 X117.685 Y206.417
G1 X117.959 Y206.193
G1 X118.122 Y205.870
G1 X118.161 Y205.467
G1 X118.066 Y205.066
G0 Z5.000 F500.000
G0 X118.436 Y201.437 F3000.000
G1 Z1.000 F500.000
G4 P100
G1 X119.368 Y201.571 F1000.000
G1 X119.708 Y201.724
G1 X120.100 Y201.573
G1 X120.799 Y201.569
G1 X120.091 Y201.574
G1 X119.706 Y201.734
G1 X120.344 Y206.348
G1 X119.930 Y206.493
G1 X119.244 Y206.450
G1 X119.930 Y206.493
G1 X120.344 Y206.348
G1 X120.735 Y206.497
G1 X121.551 Y206.516
G0 Z5.000 F500.000
G0 X121.771 Y205.468 F3000.000
G1 Z1.000 F500.000
G4 P100
G1 X122.116 Y205.988 F1000.000
G1 X122.648 Y206.390
G1 X123.165 Y206.490
G1 X123.519 Y206.296
G1 X123.597 Y205.840
G1 X123.515 Y204.848
G1 X123.606 Y204.476
G1 X123.096 Y201.635
G1 X123.606 Y204.476
G1 X124.065 Y204.734
G1 X124.467 Y205.525
G1 X124.876 Y206.056
G1 X125.247 Y206.336
G1 X125.635 Y206.474
G1 X126.019 Y206.476
G1 X126.335 Y206.365
G1 X126.534 Y206.150
G1 X126.630 Y205.840
G1 X126.587 Y205.172
G1 X126.093 Y202.740
G1 X126.096 Y202.277
G1 X126.221 Y201.925
G1 X126.655 Y201.616
G1 X127.240 Y201.623
G1 X127.868 Y202.023
G1 X128.158 Y202.495
G0 Z5.000 F500.000
G0 X131.739 Y205.175 F3000.000
G1 Z1.000 F500.000
G4 P100
G1 X131.834 Y205.587 F1000.000
G1 X131.760 Y205.995
G1 X131.599 Y206.264
G1 X131.335 Y206.435
G1 X130.241 Y206.520
G1 X129.704 Y206.390
G1 X129.302 Y206.159
G1 X129.041 Y205.840
G1 X128.911 Y205.403
G1 X129.049 Y204.804
G1 X129.419 Y204.474
G1 X129.577 Y204.189
G1 X130.401 Y204.219
G1 X129.577 Y204.189
G1 X129.414 Y203.979
G1 X128.627 Y203.606
G1 X128.397 Y203.310
G1 X128.270 Y202.873
G1 X128.320 Y202.350
G1 X128.525 Y202.038
G1 X128.889 Y201.805
G1 X130.097 Y201.587
G1 X131.745 Y201.749
G1 X132.410 Y201.967
G1 X132.721 Y202.208
G0 Z5.000 F500.000
G0 X47.212 Y190.336 F3000.000
G1 Z1.000 F500.000
G4 P100
G1 X46.955 Y190.114 F1000.000
G1 X46.132 Y189.838
G1 X45.350 Y189.728
G1 X44.640 Y189.757
G1 X44.097 Y189.901
G1 X43.641 Y190.156
G1 X43.290 Y190.516
G1 X43.055 Y190.959
G1 X42.928 Y191.817
G1 X43.073 Y192.867
G1 X43.453 Y193.695
G1 X44.032 Y194.305
G1 X44.931 Y194.674
G1 X45.414 Y194.682
G1 X45.810 Y194.567
G1 X46.092 Y194.339
G1 X46.246 Y194.020
G1 X46.277 Y193.559
G1 X46.168 Y193.197
G0 Z5.000 F500.000
G0 X47.693 Y192.784 F3000.000
G1 Z1.000 F500.000
G4 P100
G1 X48.138 Y193.759 F1000.000
G1 X48.850 Y194.418
G1 X49.773 Y194.679
G1 X50.244 Y194.634
G1 X50.658 Y194.476
G1 X51.225 Y193.925
G1 X51.501 Y193.088
G1 X51.451 Y191.895
G1 X51.095 Y190.875
G1 X50.582 Y190.230
G1 X49.926 Y189.833
G1 X49.129 Y189.718
G1 X48.423 Y189.918
G1 X47.931 Y190.353
G1 X47.635 Y190.995
G1 X47.560 Y191.849
G1 X47.693 Y192.784
G0 Z5.000 F500.000
G0 X52.377 Y193.615 F3000.000
G1 Z1.000 F500.000
G4 P100
G1 X52.722 Y194.135 F1000.000
G1 X53.255 Y194.537
G1 X53.772 Y194.637
G1 X54.125 Y194.443
G1 X54.204 Y193.987
G1 X54.121 Y192.995
G1 X54.213 Y192.623
G1 X53.702 Y189.782
G1 X54.213 Y192.623
G1 X54.672 Y192.881
G1 X55.073 Y193.672
G1 X55.482 Y194.203
G1 X55.853 Y194.483
G1 X56.241 Y194.621
G1 X56.626 Y194.623
G1 X56.942 Y194.512
G1 X57.141 Y194.297
G1 X57.237 Y193.987
G1 X57.194 Y193.319
G1 X56.700 Y190.887
G1 X56.702 Y190.424
G1 X56.827 Y190.072
G1 X57.261 Y189.763
G1 X57.847 Y189.770
G1 X58.474 Y190.170
G1 X58.765 Y190.642
G0 Z5.000 F500.000
G0 X60.628 Y189.812 F3000.000
G1 Z1.000 F500.000
G4 P100
G1 X61.353 Y194.512 F1000.000
G1 X61.944 Y194.672
G1 X63.822 Y194.548
G1 X61.934 Y194.672
G1 X61.353 Y194.512
G1 X60.837 Y194.643
G1 X59.579 Y194.455
G1 X59.109 Y194.230
G1 X58.830 Y193.902
G1 X58.741 Y193.440
G1 X58.872 Y192.989
G0 Z5.000 F500.000
G0 X65.739 Y193.351 F3000.000
G1 Z1.000 F500.000
G4 P100
G1 X65.630 Y193.164 F1000.000
G1 X65.472 Y191.901
G1 X66.269 Y191.783
G1 X67.116 Y192.291
G1 X67.472 Y192.634
G1 X67.729 Y193.162
G1 X67.752 Y193.723
G1 X67.603 Y194.107
G1 X67.315 Y194.403
G1 X66.898 Y194.602
G1 X66.372 Y194.690
G1 X65.264 Y194.532
G1 X64.781 Y194.284
G1 X64.366 Y193.935
G1 X63.798 Y192.991
G1 X63.556 Y191.756
G1 X63.663 Y190.582
G1 X63.852 Y190.158
G1 X64.125 Y189.860
G1 X64.407 Y189.728
G1 X64.714 Y189.733
G1 X64.944 Y189.840
G1 X65.084 Y190.065
G1 X65.346 Y191.760
G1 X64.832 Y191.832
G1 X65.346 Y191.760
G1 X65.472 Y191.901
G1 X66.269 Y191.783
G1 X66.865 Y191.136
G1 X67.470 Y190.075
G1 X67.949 Y189.761
G1 X68.361 Y189.737
G1 X68.757 Y189.877
G1 X69.214 Y190.268
G1 X69.410 Y190.639
G0 Z5.000 F500.000
G0 X69.819 Y190.788 F3000.000
G1 Z1.000 F500.000
G4 P100
G1 X69.679 Y191.571 F1000.000
G1 X69.759 Y192.554
G1 X70.028 Y193.368
G1 X70.470 Y194.020
G1 X71.066 Y194.469
G1 X71.774 Y194.672
G1 X72.497 Y194.598
G1 X73.080 Y194.255
G1 X73.537 Y193.491
G1 X73.635 Y192.428
G1 X73.397 Y191.266
G1 X72.851 Y190.376
G1 X72.064 Y189.840
G1 X71.111 Y189.731
G1 X70.684 Y189.848
G1 X70.314 Y190.073
G1 X69.819 Y190.788
G0 Z5.000 F500.000
G0 X78.676 Y193.213 F3000.000
G1 Z1.000 F500.000
G4 P100
G1 X78.771 Y193.614 F1000.000
G1 X78.733 Y194.017
G1 X78.570 Y194.340
G1 X78.296 Y194.564
G1 X77.894 Y194.687
G1 X77.398 Y194.681
G1 X76.951 Y194.565
G1 X76.570 Y194.341
G1 X76.167 Y193.882
G1 X75.925 Y193.269
G1 X75.631 Y190.402
G1 X75.186 Y190.083
G1 X74.593 Y189.953
G1 X75.186 Y190.083
G1 X75.631 Y190.402
G1 X77.488 Y189.831
G1 X78.302 Y189.781
G1 X79.032 Y190.085
G1 X79.340 Y190.374
G1 X79.461 Y190.642
G0 Z5.000 F500.000
G0 X81.201 Y194.057 F3000.000
G1 Z1.000 F500.000
G4 P100
G1 X81.421 Y194.261 F1000.000
G1 X82.165 Y194.581
G1 X83.471 Y194.773
G1 X84.519 Y194.558
G1 X84.931 Y194.306
G1 X85.250 Y193.970
G1 X85.482 Y193.523
G1 X85.593 Y193.004
G1 X85.477 Y191.642
G1 X84.958 Y190.627
G1 X84.579 Y190.255
G1 X84.113 Y189.974
G1 X83.513 Y189.776
G1 X82.807 Y189.698
G1 X82.159 Y189.738
G1 X81.833 Y189.911
G1 X82.129 Y192.092
G1 X82.396 Y193.217
G1 X82.542 Y193.358
G0 Z5.000 F500.000
G0 X87.230 Y192.496 F3000.000
G1 Z1.000 F500.000
G4 P100
G1 X87.473 Y193.288 F1000.000
G1 X87.867 Y193.924
G1 X88.402 Y194.388
G1 X89.032 Y194.638
G1 X89.740 Y194.656
G1 X90.353 Y194.420
G1 X90.806 Y193.959
G1 X91.069 Y193.301
G1 X91.084 Y192.082
G1 X90.748 Y190.970
G1 X90.109 Y190.165
G1 X89.263 Y189.758
G1 X88.751 Y189.717
G1 X88.277 Y189.805
G1 X87.867 Y190.019
G1 X87.539 Y190.345
G1 X87.190 Y191.237
G1 X87.230 Y192.496
G0 Z5.000 F500.000
G0 X95.908 Y193.197 F3000.000
G1 Z1.000 F500.000
G4 P100
G1 X96.018 Y193.559 F1000.000
G1 X95.986 Y194.020
G1 X95.833 Y194.339
G1 X95.551 Y194.567
G1 X95.155 Y194.682
G1 X94.671 Y194.674
G1 X93.773 Y194.305
G1 X93.194 Y193.695
G1 X92.814 Y192.867
G1 X92.669 Y191.817
G1 X92.796 Y190.959
G1 X93.031 Y190.516
G1 X93.382 Y190.156
G1 X93.837 Y189.901
G1 X94.381 Y189.757
G1 X95.091 Y189.728
G1 X95.873 Y189.838
G1 X96.696 Y190.114
G1 X96.953 Y190.336
G0 Z5.000 F500.000
G0 X96.607 Y193.612 F3000.000
G1 Z1.000 F500.000
G4 P100
G1 X96.927 Y194.108 F1000.000
G1 X97.421 Y194.498
G1 X98.133 Y194.648
G1 X98.418 Y194.496
G1 X98.542 Y194.041
G1 X98.501 Y193.450
G1 X98.064 Y191.351
G1 X97.988 Y190.409
G1 X98.095 Y190.051
G1 X98.309 Y189.850
G1 X98.603 Y189.773
G1 X99.061 Y189.846
G1 X99.408 Y189.961
G1 X99.731 Y190.204
G1 X100.138 Y190.724
G1 X100.493 Y191.461
G1 X101.063 Y191.789
G1 X101.528 Y194.627
G1 X101.064 Y191.799
G1 X101.141 Y191.454
G1 X101.069 Y191.301
G1 X100.843 Y191.253
G1 X100.489 Y191.453
G1 X100.739 Y191.265
G1 X101.069 Y191.301
G1 X101.082 Y190.210
G1 X101.231 Y189.934
G1 X101.497 Y189.769
G1 X102.045 Y189.798
G1 X102.454 Y189.938
G1 X102.937 Y190.375
G1 X103.050 Y190.682
G0 Z5.000 F500.000
G0 X102.618 Y193.615 F3000.000
G1 Z1.000 F500.000
G4 P100
G1 X102.990 Y194.164 F1000.000
G1 X103.521 Y194.554
G1 X104.036 Y194.635
G1 X104.356 Y194.403
G1 X104.424 Y193.986
G1 X104.339 Y193.064
G1 X104.453 Y192.669
G1 X103.943 Y189.782
G1 X104.453 Y192.669
G1 X104.878 Y192.946
G1 X105.271 Y193.752
G1 X105.630 Y194.236
G1 X105.990 Y194.508
G1 X106.384 Y194.635
G1 X106.809 Y194.575
G1 X107.063 Y194.310
G1 X107.159 Y193.918
G1 X107.134 Y193.219
G1 X107.235 Y192.900
G1 X106.648 Y189.785
G1 X107.235 Y192.900
G1 X107.663 Y193.156
G1 X108.357 Y194.275
G1 X108.978 Y194.619
G1 X109.305 Y194.622
G1 X109.587 Y194.509
G1 X109.749 Y194.302
G1 X109.828 Y193.986
G1 X109.777 Y193.279
G1 X109.294 Y190.917
G1 X109.288 Y190.442
G1 X109.403 Y190.098
G1 X109.823 Y189.771
G1 X110.425 Y189.769
G1 X110.984 Y190.096
G1 X111.355 Y190.642
G0 Z5.000 F500.000
G0 X114.935 Y193.322 F3000.000
G1 Z1.000 F500.000
G4 P100
G1 X115.030 Y193.734 F1000.000
G1 X114.956 Y194.142
G1 X114.795 Y194.411
G1 X114.531 Y194.582
G1 X113.437 Y194.667
G1 X112.900 Y194.537
G1 X112.498 Y194.306
G1 X112.237 Y193.987
G1 X112.107 Y193.550
G1 X112.245 Y192.951
G1 X112.615 Y192.621
G1 X112.773 Y192.336
G1 X113.597 Y192.366
G1 X112.773 Y192.336
G1 X112.610 Y192.126
G1 X111.822 Y191.753
G1 X111.593 Y191.457
G1 X111.466 Y191.020
G1 X111.516 Y190.497
G1 X111.721 Y190.185
G1 X112.085 Y189.952
G1 X113.293 Y189.734
G1 X114.941 Y189.896
G1 X115.606 Y190.114
G1 X115.917 Y190.355
G0 Z5.000 F500.000
G0 X115.564 Y193.615 F3000.000
G1 Z1.000 F500.000
G4 P100
G1 X115.909 Y194.135 F1000.000
G1 X116.441 Y194.537
G1 X116.959 Y194.637
G1 X117.312 Y194.443
G1 X117.390 Y193.987
G1 X117.308 Y192.995
G1 X117.400 Y192.623
G1 X116.889 Y189.782
G1 X117.400 Y192.623
G1 X117.859 Y192.881
G1 X118.260 Y193.672
G1 X118.669 Y194.203
G1 X119.040 Y194.483
G1 X119.428 Y194.621
G1 X119.813 Y194.623
G1 X120.129 Y194.512
G1 X120.327 Y194.297
G1 X120.424 Y193.987
G1 X120.381 Y193.319
G1 X119.886 Y190.887
G1 X119.889 Y190.424
G1 X120.014 Y190.072
G1 X120.448 Y189.763
G1 X121.033 Y189.770
G1 X121.661 Y190.170
G1 X121.952 Y190.642
G0 Z5.000 F500.000
G0 X123.815 Y189.812 F3000.000
G1 Z1.000 F500.000
G4 P100
G1 X124.540 Y194.512 F1000.000
G1 X125.130 Y194.672
G1 X127.009 Y194.548
G1 X125.120 Y194.672
G1 X124.540 Y194.512
G1 X124.023 Y194.643
G1 X122.766 Y194.455
G1 X122.295 Y194.230
G1 X122.017 Y193.902
G1 X121.928 Y193.440
G1 X122.058 Y192.989
G0 Z5.000 F500.000
G0 X22.410 Y177.455 F3000.000
G1 Z1.000 F500.000
G4 P100
G1 X22.302 Y177.351 F1000.000
G1 X22.104 Y176.517
G1 X21.885 Y174.902
G1 X22.126 Y174.773
G1 X22.606 Y174.744
G1 X23.574 Y174.948
G1 X24.200 Y175.432
G1 X24.584 Y176.184
G1 X24.670 Y177.193
G1 X24.416 Y177.908
G1 X23.875 Y178.344
G1 X23.098 Y178.503
G1 X22.131 Y178.361
G1 X21.417 Y177.973
G0 Z5.000 F500.000
G0 X25.908 Y176.938 F3000.000
G1 Z1.000 F500.000
G4 P100
G1 X26.203 Y177.667 F1000.000
G1 X26.695 Y178.182
G1 X27.333 Y178.423
G1 X27.995 Y178.346
G1 X28.455 Y178.007
G1 X28.718 Y177.448
G1 X28.754 Y176.656
G1 X28.573 Y175.872
G1 X28.236 Y175.306
G1 X27.759 Y174.920
G1 X27.178 Y174.759
G1 X26.603 Y174.843
G1 X26.181 Y175.138
G1 X25.919 Y175.599
G1 X25.830 Y176.205
G1 X25.908 Y176.938
G0 Z5.000 F500.000
G0 X32.311 Y177.335 F3000.000
G1 Z1.000 F500.000
G4 P100
G1 X32.369 Y177.945 F1000.000
G1 X32.046 Y178.351
G1 X31.395 Y178.430
G1 X30.729 Y178.157
G1 X30.300 Y177.705
G1 X30.019 Y177.091
G1 X29.911 Y176.314
G1 X30.005 Y175.678
G1 X30.439 Y175.083
G1 X31.179 Y174.788
G1 X32.285 Y174.848
G1 X32.895 Y175.052
G1 X33.085 Y175.216
G0 Z5.000 F500.000
G0 X32.855 Y177.850 F3000.000
G1 Z1.000 F500.000
G4 P100
G1 X33.391 Y178.349 F1000.000
G1 X33.687 Y178.417
G1 X33.989 Y178.360
G1 X34.305 Y178.048
G1 X34.733 Y177.033
G1 X35.071 Y177.209
G1 X36.215 Y178.468
G1 X35.071 Y177.209
G1 X34.733 Y177.033
G1 X34.686 Y176.527
G1 X34.300 Y176.303
G1 X33.326 Y175.100
G1 X32.919 Y174.743
G1 X33.326 Y175.100
G1 X34.300 Y176.303
G1 X34.686 Y176.527
G1 X34.855 Y176.248
G1 X35.176 Y175.199
G1 X35.466 Y174.841
G1 X35.806 Y174.761
G1 X36.136 Y174.842
G1 X36.535 Y175.150
G1 X36.705 Y175.451
G0 Z5.000 F500.000
G0 X38.228 Y175.912 F3000.000
G1 Z1.000 F500.000
G4 P100
G1 X39.283 Y175.895 F1000.000
G1 X39.280 Y175.082
G1 X39.142 Y174.711
G0 Z5.000 F500.000
G0 X39.283 Y175.895 F3000.000
G1 Z1.000 F500.000
G4 P100
G1 X39.361 Y175.963 F1000.000
G1 X39.476 Y177.116
G0 Z5.000 F500.000
G0 X39.361 Y175.963 F3000.000
G1 Z1.000 F500.000
G4 P100
G1 X40.406 Y175.936 F1000.000
G0 Z5.000 F500.000
G0 X43.742 Y176.149 F3000.000
G1 Z1.000 F500.000
G4 P100
G1 X44.269 Y176.054 F1000.000
G1 X44.357 Y176.156
G1 X44.269 Y176.054
G1 X44.011 Y174.533
G1 X43.851 Y174.322
G1 X43.592 Y174.260
G1 X43.306 Y174.367
G1 X43.091 Y174.612
G1 X42.872 Y175.499
G1 X43.009 Y176.746
G1 X43.459 Y177.700
G1 X44.145 Y178.271
G1 X45.029 Y178.440
G1 X45.452 Y178.364
G1 X45.777 Y178.183
G1 X45.997 Y177.913
G1 X46.103 Y177.557
G1 X46.040 Y177.022
G1 X45.783 Y176.583
G1 X45.346 Y176.269
G1 X44.777 Y176.112
G1 X44.356 Y176.164
G1 X44.421 Y177.044
G1 X44.567 Y177.404
G0 Z5.000 F500.000
G0 X46.842 Y177.973 F3000.000
G1 Z1.000 F500.000
G4 P100
G1 X47.556 Y178.361 F1000.000
G1 X48.523 Y178.503
G1 X49.300 Y178.344
G1 X49.841 Y177.908
G1 X50.095 Y177.193
G1 X50.009 Y176.184
G1 X49.625 Y175.432
G1 X48.999 Y174.948
G1 X48.031 Y174.744
G1 X47.551 Y174.773
G1 X47.310 Y174.902
G1 X47.529 Y176.517
G1 X47.727 Y177.351
G1 X47.835 Y177.455
G0 Z5.000 F500.000
G0 X51.400 Y177.191 F3000.000
G1 Z1.000 F500.000
G4 P100
G1 X51.303 Y177.489 F1000.000
G1 X51.357 Y177.832
G1 X51.564 Y178.084
G1 X51.902 Y178.253
G1 X52.568 Y178.383
G1 X52.919 Y178.300
G1 X53.389 Y178.431
G1 X54.957 Y178.346
G1 X53.411 Y178.432
G1 X52.919 Y178.300
G1 X52.809 Y176.520
G1 X54.020 Y176.498
G1 X52.145 Y176.471
G1 X52.731 Y176.437
G1 X52.724 Y176.130
G1 X52.505 Y175.210
G1 X52.305 Y174.941
G1 X52.020 Y174.765
G1 X51.649 Y174.696
G1 X51.269 Y174.765
G1 X50.941 Y174.969
G1 X50.782 Y175.233
G0 Z5.000 F500.000
G0 X55.787 Y174.752 F3000.000
G1 Z1.000 F500.000
G4 P100
G1 X57.955 Y178.876 F1000.000
G0 Z5.000 F500.000
G0 X63.292 Y178.370 F3000.000
G1 Z1.000 F500.000
G4 P100
G1 X61.784 Y178.375 F1000.000
G1 X61.277 Y178.212
G1 X60.824 Y177.919
G1 X60.429 Y177.478
G1 X60.151 Y176.916
G1 X60.007 Y176.249
G1 X60.018 Y175.593
G1 X60.188 Y175.122
G1 X60.507 Y174.839
G1 X60.907 Y174.779
G1 X61.436 Y174.955
G1 X61.777 Y175.369
G1 X62.245 Y175.612
G1 X62.554 Y177.307
G1 X62.682 Y177.566
G1 X62.554 Y177.307
G1 X62.245 Y175.612
G1 X62.388 Y175.010
G1 X62.679 Y174.787
G1 X63.203 Y174.865
G1 X63.590 Y175.157
G1 X63.751 Y175.473
G0 Z5.000 F500.000
G0 X64.683 Y177.191 F3000.000
G1 Z1.000 F500.000
G4 P100
G1 X64.508 Y177.040 F1000.000
G1 X64.072 Y176.178
G1 X63.862 Y175.648
G1 X63.877 Y175.419
G1 X65.181 Y175.304
G1 X65.152 Y174.723
G1 X65.181 Y175.304
G1 X65.255 Y175.380
G1 X65.748 Y175.348
G1 X65.255 Y175.380
G1 X65.370 Y176.300
G1 X65.486 Y176.566
G0 Z5.000 F500.000
G0 X67.604 Y174.938 F3000.000
G1 Z1.000 F500.000
G4 P100
G1 X68.281 Y175.870 F1000.000
G1 X68.522 Y176.044
G1 X68.636 Y176.523
G1 X68.803 Y176.679
G1 X68.636 Y176.523
G1 X68.522 Y176.044
G1 X68.992 Y175.421
G1 X69.072 Y175.020
G1 X68.850 Y174.729
G1 X68.442 Y174.730
G0 Z5.000 F500.000
G0 X70.141 Y175.198 F3000.000
G1 Z1.000 F500.000
G4 P100
G1 X70.113 Y175.762 F1000.000
G1 X70.336 Y176.333
G1 X70.777 Y176.533
G1 X71.197 Y176.421
G1 X71.367 Y176.161
G1 X71.441 Y175.738
G1 X71.361 Y175.263
G1 X71.197 Y174.955
G1 X70.958 Y174.794
G1 X70.538 Y174.765
G1 X70.288 Y174.908
G1 X70.141 Y175.198
G0 Z5.000 F500.000
G0 X72.758 Y176.652 F3000.000
G1 Z1.000 F500.000
G4 P100
G1 X72.596 Y176.488 F1000.000
G1 X72.469 Y175.977
G1 X72.444 Y175.023
G1 X72.570 Y174.856
G1 X72.739 Y174.866
G1 X73.175 Y175.311
G1 X73.503 Y175.426
G1 X73.547 Y174.787
G1 X73.503 Y175.426
G1 X73.828 Y176.596
G0 Z5.000 F500.000
G0 X75.037 Y176.647 F3000.000
G1 Z1.000 F500.000
G4 P100
G1 X74.886 Y176.491 F1000.000
G1 X74.731 Y175.807
G1 X74.817 Y175.287
G1 X74.773 Y174.760
G1 X74.817 Y175.287
G1 X75.111 Y175.471
G1 X75.643 Y176.272
G1 X76.011 Y176.369
G1 X76.099 Y176.478
G1 X76.011 Y176.369
G1 X76.199 Y175.763
G1 X76.152 Y175.670
G1 X76.404 Y175.851
G0 Z5.000 F500.000
G0 X77.959 Y175.946 F3000.000
G1 Z1.000 F500.000
G4 P100
G1 X78.040 Y176.272 F1000.000
G1 X77.879 Y176.528
G1 X77.544 Y176.556
G1 X77.216 Y176.355
G1 X76.926 Y175.697
G1 X76.932 Y175.310
G1 X77.052 Y175.006
G1 X77.375 Y174.765
G1 X77.823 Y174.741
G1 X78.204 Y174.946
G1 X78.403 Y175.307
G0 Z5.000 F500.000
G0 X78.810 Y175.336 F3000.000
G1 Z1.000 F500.000
G4 P100
G1 X79.485 Y175.522 F1000.000
G1 X79.873 Y175.855
G1 X79.949 Y176.107
G1 X79.905 Y176.357
G1 X79.766 Y176.511
G1 X79.535 Y176.573
G1 X79.137 Y176.445
G1 X78.843 Y176.059
G1 X78.747 Y175.573
G1 X78.870 Y175.027
G1 X79.200 Y174.761
G1 X79.677 Y174.727
G1 X80.078 Y174.925
G1 X80.294 Y175.292
G0 Z5.000 F500.000
G0 X81.902 Y174.752 F3000.000
G1 Z1.000 F500.000
G4 P100
G1 X84.070 Y178.876 F1000.000
G0 Z5.000 F500.000
G0 X87.178 Y176.535 F3000.000
G1 Z1.000 F500.000
G4 P100
G1 X87.560 Y178.548 F1000.000
G1 X87.748 Y178.856
G1 X88.089 Y178.888
G1 X88.244 Y178.542
G1 X88.215 Y177.908
G1 X87.680 Y176.305
G1 X87.215 Y176.027
G1 X87.104 Y176.218
G1 X87.138 Y176.578
G1 X86.667 Y176.521
G1 X86.350 Y176.315
G1 X86.100 Y175.983
G1 X85.974 Y175.594
G1 X85.952 Y175.216
G1 X86.112 Y174.816
G1 X86.327 Y174.734
G1 X86.648 Y174.807
G1 X87.220 Y175.153
G1 X87.405 Y174.718
G1 X87.219 Y175.160
G1 X87.215 Y176.027
G0 Z5.000 F500.000
G0 X88.545 Y175.336 F3000.000
G1 Z1.000 F500.000
G4 P100
G1 X89.220 Y175.522 F1000.000
G1 X89.608 Y175.855
G1 X89.684 Y176.107
G1 X89.640 Y176.357
G1 X89.501 Y176.511
G1 X89.270 Y176.573
G1 X88.872 Y176.445
G1 X88.578 Y176.059
G1 X88.482 Y175.573
G1 X88.605 Y175.027
G1 X88.935 Y174.761
G1 X89.412 Y174.727
G1 X89.813 Y174.925
G1 X90.029 Y175.292
G0 Z5.000 F500.000
G0 X90.119 Y174.938 F3000.000
G1 Z1.000 F500.000
G4 P100
G1 X90.796 Y175.870 F1000.000
G1 X91.037 Y176.044
G1 X91.151 Y176.523
G1 X91.318 Y176.679
G1 X91.151 Y176.523
G1 X91.037 Y176.044
G1 X91.507 Y175.421
G1 X91.587 Y175.020
G1 X91.365 Y174.729
G1 X90.957 Y174.730
G0 Z5.000 F500.000
G0 X92.547 Y174.725 F3000.000
G1 Z1.000 F500.000
G4 P100
G1 X92.850 Y176.433 F1000.000
G1 X92.948 Y176.571
G0 Z5.000 F500.000
G0 X92.999 Y177.523 F3000.000
G1 Z1.000 F500.000
G4 P100
G1 X93.133 Y177.545 F1000.000
G0 Z5.000 F500.000
G0 X94.929 Y174.979 F3000.000
G1 Z1.000 F500.000
G4 P100
G1 X95.202 Y176.335 F1000.000
G1 X94.780 Y176.590
G1 X94.420 Y176.449
G1 X94.108 Y176.143
G1 X93.902 Y175.732
G1 X93.830 Y175.278
G1 X93.916 Y174.919
G1 X94.156 Y174.739
G1 X94.395 Y174.745
G1 X94.929 Y174.979
G1 X94.960 Y174.657
G1 X94.785 Y174.201
G1 X94.785 Y173.798
G1 X94.559 Y173.085
G1 X94.317 Y172.660
G1 X94.040 Y172.467
G1 X93.735 Y172.509
G1 X93.580 Y172.860
G1 X93.770 Y173.399
G1 X94.451 Y174.120
G1 X94.785 Y174.201
G0 Z5.000 F500.000
G0 X97.556 Y174.801 F3000.000
G1 Z1.000 F500.000
G4 P100
G1 X97.691 Y176.464 F1000.000
G1 X97.669 Y176.369
G1 X97.107 Y176.178
G1 X96.730 Y175.515
G1 X96.358 Y175.287
G1 X96.350 Y174.765
G1 X96.323 Y175.864
G1 X96.436 Y176.386
G1 X96.599 Y176.640
G0 Z5.000 F500.000
G0 X98.750 Y175.336 F3000.000
G1 Z1.000 F500.000
G4 P100
G1 X99.425 Y175.522 F1000.000
G1 X99.813 Y175.855
G1 X99.889 Y176.107
G1 X99.845 Y176.357
G1 X99.706 Y176.511
G1 X99.475 Y176.573
G1 X99.077 Y176.445
G1 X98.783 Y176.059
G1 X98.687 Y175.573
G1 X98.810 Y175.027
G1 X99.140 Y174.761
G1 X99.617 Y174.727
G1 X100.018 Y174.925
G1 X100.234 Y175.292
G0 Z5.000 F500.000
G0 X101.960 Y176.027 F3000.000
G1 Z1.000 F500.000
G4 P100
G1 X101.964 Y175.160 F1000.000
G1 X102.150 Y174.718
G1 X101.965 Y175.153
G1 X101.393 Y174.807
G1 X101.072 Y174.734
G1 X100.857 Y174.816
G1 X100.697 Y175.216
G1 X100.719 Y175.594
G1 X100.845 Y175.983
G1 X101.095 Y176.315
G1 X101.412 Y176.521
G1 X101.883 Y176.578
G1 X101.849 Y176.218
G1 X101.960 Y176.027
G1 X102.425 Y176.305
G1 X102.960 Y177.908
G1 X102.989 Y178.542
G1 X102.834 Y178.888
G1 X102.493 Y178.856
G1 X102.305 Y178.548
G1 X101.923 Y176.535
G0 Z5.000 F500.000
G0 X104.837 Y176.239 F3000.000
G1 Z1.000 F500.000
G4 P100
G1 X105.096 Y176.283 F1000.000
G1 X105.298 Y176.434
G1 X105.983 Y177.514
G1 X106.179 Y178.416
G1 X106.127 Y178.740
G1 X105.965 Y178.920
G1 X105.647 Y178.860
G1 X105.370 Y178.487
G1 X105.074 Y177.738
G1 X104.814 Y176.678
G1 X104.837 Y176.239
G1 X104.672 Y175.535
G1 X104.665 Y174.439
G1 X104.764 Y173.501
G1 X104.955 Y173.177
G1 X105.260 Y173.235
G1 X105.430 Y173.608
G1 X105.314 Y175.481
G1 X105.425 Y175.584
G1 X106.214 Y175.639
G0 Z5.000 F500.000
G0 X106.435 Y175.624 F3000.000
G1 Z1.000 F500.000
G4 P100
G1 X106.561 Y176.156 F1000.000
G1 X106.834 Y176.461
G1 X107.357 Y176.512
G1 X107.670 Y176.248
G1 X107.779 Y175.781
G1 X107.732 Y175.384
G1 X107.598 Y175.038
G1 X107.373 Y174.824
G1 X106.966 Y174.752
G1 X106.665 Y174.872
G1 X106.491 Y175.163
G1 X106.435 Y175.624
G0 Z5.000 F500.000
G0 X109.067 Y176.647 F3000.000
G1 Z1.000 F500.000
G4 P100
G1 X108.916 Y176.491 F1000.000
G1 X108.761 Y175.807
G1 X108.847 Y175.287
G1 X108.803 Y174.760
G1 X108.847 Y175.287
G1 X109.141 Y175.471
G1 X109.673 Y176.272
G1 X110.041 Y176.369
G1 X110.129 Y176.478
G1 X110.041 Y176.369
G1 X110.229 Y175.763
G1 X110.182 Y175.670
G1 X110.434 Y175.851
G0 Z5.000 F500.000
G0 X116.221 Y175.473 F3000.000
G1 Z1.000 F500.000
G4 P100
G1 X116.060 Y175.157 F1000.000
G1 X115.673 Y174.865
G1 X115.149 Y174.787
G1 X114.858 Y175.010
G1 X114.715 Y175.612
G1 X115.024 Y177.307
G1 X115.152 Y177.566
G1 X115.024 Y177.307
G1 X114.715 Y175.612
G1 X114.247 Y175.369
G1 X113.906 Y174.955
G1 X113.378 Y174.779
G1 X112.977 Y174.839
G1 X112.658 Y175.122
G1 X112.488 Y175.593
G1 X112.477 Y176.249
G1 X112.621 Y176.916
G1 X112.899 Y177.478
G1 X113.294 Y177.919
G1 X113.747 Y178.212
G1 X114.254 Y178.375
G1 X115.762 Y178.370
G0 Z5.000 F500.000
G0 X117.961 Y177.108 F3000.000
G1 Z1.000 F500.000
G4 P100
G1 X116.345 Y177.077 F1000.000
G1 X116.616 Y177.028
G1 X116.505 Y176.110
G1 X117.343 Y175.899
G1 X117.710 Y175.619
G1 X117.777 Y175.265
G1 X117.628 Y174.938
G1 X117.261 Y174.719
G1 X116.759 Y174.711
G1 X116.364 Y174.902
G1 X116.238 Y175.204
G0 Z5.000 F500.000
G0 X120.512 Y176.647 F3000.000
G1 Z1.000 F500.000
G4 P100
G1 X120.361 Y176.491 F1000.000
G1 X120.206 Y175.807
G1 X120.292 Y175.287
G1 X120.248 Y174.760
G1 X120.292 Y175.287
G1 X120.586 Y175.471
G1 X121.118 Y176.272
G1 X121.486 Y176.369
G1 X121.574 Y176.478
G1 X121.486 Y176.369
G1 X121.674 Y175.763
G1 X121.627 Y175.670
G1 X121.879 Y175.851
G0 Z5.000 F500.000
G0 X122.445 Y175.336 F3000.000
G1 Z1.000 F500.000
G4 P100
G1 X123.120 Y175.522 F1000.000
G1 X123.508 Y175.855
G1 X123.584 Y176.107
G1 X123.540 Y176.357
G1 X123.401 Y176.511
G1 X123.170 Y176.573
G1 X122.772 Y176.445
G1 X122.478 Y176.059
G1 X122.382 Y175.573
G1 X122.505 Y175.027
G1 X122.835 Y174.761
G1 X123.312 Y174.727
G1 X123.713 Y174.925
G1 X123.929 Y175.292
G0 Z5.000 F500.000
G0 X124.446 Y176.005 F3000.000
G1 Z1.000 F500.000
G4 P100
G1 X125.430 Y176.100 F1000.000
G0 Z5.000 F500.000
G0 X126.579 Y176.207 F3000.000
G1 Z1.000 F500.000
G4 P100
G1 X126.842 Y176.266 F1000.000
G1 X127.234 Y176.539
G1 X127.543 Y176.531
G1 X127.776 Y176.237
G1 X127.771 Y175.709
G1 X127.532 Y175.163
G1 X127.124 Y174.793
G1 X126.562 Y174.716
G1 X126.422 Y175.067
G1 X126.038 Y174.813
G1 X125.699 Y173.955
G1 X125.534 Y173.212
G1 X125.562 Y172.681
G1 X125.785 Y172.452
G1 X125.979 Y172.476
G1 X126.140 Y172.621
G1 X126.367 Y173.314
G1 X126.562 Y174.716
G1 X126.422 Y175.067
G1 X126.579 Y176.207
G1 X126.517 Y176.499
G1 X126.593 Y176.610
G0 Z5.000 F500.000
G0 X129.941 Y175.089 F3000.000
G1 Z1.000 F500.000
G4 P100
G1 X130.165 Y176.336 F1000.000
G1 X129.730 Y176.588
G1 X129.347 Y176.430
G1 X129.027 Y176.091
G1 X128.830 Y175.637
G1 X128.792 Y175.157
G1 X128.890 Y174.884
G1 X129.082 Y174.742
G1 X129.325 Y174.754
G1 X129.636 Y175.014
G1 X129.941 Y175.089
G1 X129.977 Y174.794
G0 Z5.000 F500.000
G0 X132.090 Y174.201 F3000.000
G1 Z1.000 F500.000
G4 P100
G1 X131.756 Y174.120 F1000.000
G1 X131.075 Y173.399
G1 X130.885 Y172.860
G1 X131.040 Y172.509
G1 X131.345 Y172.467
G1 X131.622 Y172.660
G1 X131.864 Y173.085
G1 X132.090 Y173.798
G1 X132.090 Y174.201
G1 X132.265 Y174.657
G1 X132.234 Y174.979
G1 X131.700 Y174.745
G1 X131.461 Y174.739
G1 X131.221 Y174.919
G1 X131.135 Y175.278
G1 X131.207 Y175.732
G1 X131.413 Y176.143
G1 X131.725 Y176.449
G1 X132.085 Y176.590
G1 X132.507 Y176.335
G1 X132.234 Y174.979
G0 Z5.000 F500.000
G0 X133.477 Y174.725 F3000.000
G1 Z1.000 F500.000
G4 P100
G1 X133.780 Y176.433 F1000.000
G1 X133.878 Y176.571
G0 Z5.000 F500.000
G0 X133.929 Y177.523 F3000.000
G1 Z1.000 F500.000
G4 P100
G1 X134.063 Y177.545 F1000.000
G0 Z5.000 F500.000
G0 X135.134 Y176.640 F3000.000
G1 Z1.000 F500.000
G4 P100
G1 X134.971 Y176.386 F1000.000
G1 X134.858 Y175.864
G1 X134.885 Y174.765
G1 X134.893 Y175.287
G1 X135.265 Y175.515
G1 X135.642 Y176.178
G1 X136.204 Y176.369
G1 X136.226 Y176.464
G1 X136.091 Y174.801
G0 Z5.000 F500.000
G0 X138.396 Y175.089 F3000.000
G1 Z1.000 F500.000
G4 P100
G1 X138.620 Y176.336 F1000.000
G1 X138.185 Y176.588
G1 X137.802 Y176.430
G1 X137.482 Y176.091
G1 X137.285 Y175.637
G1 X137.247 Y175.157
G1 X137.345 Y174.884
G1 X137.537 Y174.742
G1 X137.780 Y174.754
G1 X138.091 Y175.014
G1 X138.396 Y175.089
G1 X138.432 Y174.794
G0 Z5.000 F500.000
G0 X139.344 Y176.579 F3000.000
G1 Z1.000 F500.000
G4 P100
G1 X139.817 Y176.547 F1000.000
G1 X139.950 Y176.659
G1 X139.981 Y177.246
G1 X140.287 Y178.191
G1 X140.582 Y178.556
G1 X140.914 Y178.558
G1 X141.041 Y178.246
G1 X140.997 Y177.775
G1 X140.389 Y176.662
G1 X140.740 Y176.591
G1 X141.161 Y176.671
G1 X140.740 Y176.591
G1 X139.950 Y176.659
G1 X139.862 Y176.564
G1 X139.852 Y175.790
G1 X139.944 Y175.178
G1 X140.177 Y174.832
G1 X140.640 Y174.752
G1 X141.012 Y174.999
G0 Z5.000 F500.000
G0 X141.502 Y174.725 F3000.000
G1 Z1.000 F500.000
G4 P100
G1 X141.805 Y176.433 F1000.000
G1 X141.903 Y176.571
G0 Z5.000 F500.000
G0 X141.954 Y177.523 F3000.000
G1 Z1.000 F500.000
G4 P100
G1 X142.088 Y177.545 F1000.000
G0 Z5.000 F500.000
G0 X143.092 Y176.391 F3000.000
G1 Z1.000 F500.000
G4 P100
G1 X143.369 Y176.515 F1000.000
G1 X143.688 Y176.519
G1 X143.908 Y176.411
G1 X144.059 Y176.181
G1 X144.141 Y175.745
G1 X144.075 Y175.313
G1 X143.924 Y174.990
G1 X143.693 Y174.806
G1 X143.175 Y174.784
G1 X142.870 Y175.108
G1 X142.815 Y175.769
G1 X142.912 Y176.136
G1 X143.092 Y176.391
G0 Z5.000 F500.000
G0 X145.414 Y176.640 F3000.000
G1 Z1.000 F500.000
G4 P100
G1 X145.251 Y176.386 F1000.000
G1 X145.138 Y175.864
G1 X145.165 Y174.765
G1 X145.173 Y175.287
G1 X145.545 Y175.515
G1 X145.922 Y176.178
G1 X146.484 Y176.369
G1 X146.506 Y176.464
G1 X146.371 Y174.801
G0 Z5.000 F500.000
G0 X39.285 Y163.779 F3000.000
G1 Z1.000 F500.000
G4 P100
G1 X39.138 Y163.420 F1000.000
G1 X39.073 Y162.539
G1 X39.494 Y162.487
G1 X40.064 Y162.645
G1 X40.500 Y162.958
G1 X40.758 Y163.397
G1 X40.820 Y163.932
G1 X40.715 Y164.288
G1 X40.495 Y164.558
G1 X40.169 Y164.739
G1 X39.746 Y164.815
G1 X38.863 Y164.646
G1 X38.177 Y164.075
G1 X37.726 Y163.121
G1 X37.589 Y161.874
G1 X37.808 Y160.987
G1 X38.024 Y160.742
G1 X38.310 Y160.635
G1 X38.568 Y160.698
G1 X38.729 Y160.908
G1 X38.987 Y162.429
G1 X39.075 Y162.531
G1 X38.987 Y162.429
G1 X38.459 Y162.524
G0 Z5.000 F500.000
G0 X42.011 Y163.027 F3000.000
G1 Z1.000 F500.000
G4 P100
G1 X41.849 Y162.863 F1000.000
G1 X41.721 Y162.352
G1 X41.696 Y161.398
G1 X41.823 Y161.231
G1 X41.992 Y161.241
G1 X42.427 Y161.687
G1 X42.755 Y161.801
G1 X42.799 Y161.162
G1 X42.755 Y161.801
G1 X43.080 Y162.971
G0 Z5.000 F500.000
G0 X44.289 Y163.022 F3000.000
G1 Z1.000 F500.000
G4 P100
G1 X44.139 Y162.866 F1000.000
G1 X43.983 Y162.183
G1 X44.069 Y161.662
G1 X44.025 Y161.135
G1 X44.069 Y161.662
G1 X44.364 Y161.846
G1 X44.895 Y162.647
G1 X45.263 Y162.744
G1 X45.351 Y162.854
G1 X45.263 Y162.744
G1 X45.451 Y162.138
G1 X45.405 Y162.046
G1 X45.656 Y162.226
G0 Z5.000 F500.000
G0 X46.376 Y162.583 F3000.000
G1 Z1.000 F500.000
G4 P100
G1 X46.639 Y162.641 F1000.000
G1 X47.032 Y162.914
G1 X47.341 Y162.907
G1 X47.573 Y162.612
G1 X47.568 Y162.084
G1 X47.329 Y161.538
G1 X46.921 Y161.169
G1 X46.359 Y161.091
G1 X46.220 Y161.442
G1 X45.835 Y161.188
G1 X45.496 Y160.330
G1 X45.331 Y159.587
G1 X45.359 Y159.056
G1 X45.582 Y158.828
G1 X45.776 Y158.851
G1 X45.937 Y158.997
G1 X46.164 Y159.689
G1 X46.359 Y161.091
G1 X46.220 Y161.442
G1 X46.376 Y162.583
G1 X46.314 Y162.874
G1 X46.391 Y162.985
G0 Z5.000 F500.000
G0 X48.656 Y162.360 F3000.000
G1 Z1.000 F500.000
G4 P100
G1 X48.810 Y162.680 F1000.000
G1 X49.039 Y162.856
G1 X49.428 Y162.905
G1 X49.737 Y162.756
G1 X49.878 Y162.494
G1 X49.938 Y162.076
G1 X49.842 Y161.590
G1 X49.644 Y161.278
G1 X49.152 Y161.126
G1 X48.781 Y161.288
G1 X48.600 Y161.780
G1 X48.656 Y162.360
G0 Z5.000 F500.000
G0 X50.492 Y161.313 F3000.000
G1 Z1.000 F500.000
G4 P100
G1 X51.169 Y162.245 F1000.000
G1 X51.410 Y162.419
G1 X51.524 Y162.898
G1 X51.690 Y163.054
G1 X51.524 Y162.898
G1 X51.410 Y162.419
G1 X51.880 Y161.796
G1 X51.960 Y161.396
G1 X51.738 Y161.104
G1 X51.329 Y161.106
G0 Z5.000 F500.000
G0 X53.017 Y161.711 F3000.000
G1 Z1.000 F500.000
G4 P100
G1 X53.693 Y161.897 F1000.000
G1 X54.080 Y162.231
G1 X54.157 Y162.482
G1 X54.112 Y162.732
G1 X53.973 Y162.886
G1 X53.742 Y162.949
G1 X53.345 Y162.820
G1 X53.051 Y162.434
G1 X52.955 Y161.948
G1 X53.078 Y161.402
G1 X53.407 Y161.136
G1 X53.885 Y161.102
G1 X54.285 Y161.301
G1 X54.502 Y161.667
G0 Z5.000 F500.000
G0 X55.041 Y161.289 F3000.000
G1 Z1.000 F500.000
G4 P100
G1 X55.077 Y161.325 F1000.000
G0 Z5.000 F500.000
G0 X55.212 Y162.712 F3000.000
G1 Z1.000 F500.000
G4 P100
G1 X55.253 Y162.751 F1000.000
G0 Z5.000 F500.000
G0 X58.801 Y162.910 F3000.000
G1 Z1.000 F500.000
G4 P100
G1 X59.182 Y164.923 F1000.000
G1 X59.371 Y165.232
G1 X59.712 Y165.263
G1 X59.866 Y164.917
G1 X59.838 Y164.283
G1 X59.302 Y162.680
G1 X58.837 Y162.402
G1 X58.726 Y162.593
G1 X58.760 Y162.954
G1 X58.290 Y162.896
G1 X57.972 Y162.691
G1 X57.723 Y162.358
G1 X57.597 Y161.970
G1 X57.574 Y161.592
G1 X57.735 Y161.191
G1 X57.949 Y161.110
G1 X58.270 Y161.182
G1 X58.842 Y161.528
G1 X59.028 Y161.093
G1 X58.841 Y161.535
G1 X58.837 Y162.402
G0 Z5.000 F500.000
G0 X60.167 Y161.711 F3000.000
G1 Z1.000 F500.000
G4 P100
G1 X60.843 Y161.897 F1000.000
G1 X61.230 Y162.231
G1 X61.307 Y162.482
G1 X61.262 Y162.732
G1 X61.123 Y162.886
G1 X60.892 Y162.949
G1 X60.495 Y162.820
G1 X60.201 Y162.434
G1 X60.105 Y161.948
G1 X60.228 Y161.402
G1 X60.557 Y161.136
G1 X61.035 Y161.102
G1 X61.435 Y161.301
G1 X61.652 Y161.667
G0 Z5.000 F500.000
G0 X61.842 Y162.954 F3000.000
G1 Z1.000 F500.000
G4 P100
G1 X62.315 Y162.922 F1000.000
G1 X62.447 Y163.034
G1 X62.478 Y163.621
G1 X62.784 Y164.566
G1 X63.080 Y164.931
G1 X63.411 Y164.934
G1 X63.539 Y164.621
G1 X63.495 Y164.151
G1 X62.887 Y163.037
G1 X63.238 Y162.966
G1 X63.658 Y163.047
G1 X63.238 Y162.966
G1 X62.447 Y163.034
G1 X62.359 Y162.939
G1 X62.350 Y162.165
G1 X62.441 Y161.553
G1 X62.675 Y161.207
G1 X63.138 Y161.127
G1 X63.509 Y161.374
G0 Z5.000 F500.000
G0 X64.097 Y161.711 F3000.000
G1 Z1.000 F500.000
G4 P100
G1 X64.773 Y161.897 F1000.000
G1 X65.160 Y162.231
G1 X65.237 Y162.482
G1 X65.192 Y162.732
G1 X65.053 Y162.886
G1 X64.822 Y162.949
G1 X64.425 Y162.820
G1 X64.131 Y162.434
G1 X64.035 Y161.948
G1 X64.158 Y161.402
G1 X64.487 Y161.136
G1 X64.965 Y161.102
G1 X65.365 Y161.301
G1 X65.582 Y161.667
G0 Z5.000 F500.000
G0 X67.051 Y162.321 F3000.000
G1 Z1.000 F500.000
G4 P100
G1 X67.132 Y162.647 F1000.000
G1 X66.972 Y162.903
G1 X66.636 Y162.931
G1 X66.308 Y162.730
G1 X66.018 Y162.072
G1 X66.025 Y161.686
G1 X66.144 Y161.381
G1 X66.467 Y161.140
G1 X66.915 Y161.117
G1 X67.297 Y161.322
G1 X67.495 Y161.682
G0 Z5.000 F500.000
G0 X67.612 Y162.954 F3000.000
G1 Z1.000 F500.000
G4 P100
G1 X68.085 Y162.922 F1000.000
G1 X68.217 Y163.034
G1 X68.248 Y163.621
G1 X68.554 Y164.566
G1 X68.850 Y164.931
G1 X69.181 Y164.934
G1 X69.309 Y164.621
G1 X69.265 Y164.151
G1 X68.657 Y163.037
G1 X69.008 Y162.966
G1 X69.428 Y163.047
G1 X69.008 Y162.966
G1 X68.217 Y163.034
G1 X68.129 Y162.939
G1 X68.120 Y162.165
G1 X68.211 Y161.553
G1 X68.445 Y161.207
G1 X68.908 Y161.127
G1 X69.279 Y161.374
G0 Z5.000 F500.000
G0 X71.534 Y163.022 F3000.000
G1 Z1.000 F500.000
G4 P100
G1 X71.384 Y162.866 F1000.000
G1 X71.228 Y162.183
G1 X71.314 Y161.662
G1 X71.270 Y161.135
G1 X71.314 Y161.662
G1 X71.609 Y161.846
G1 X72.140 Y162.647
G1 X72.508 Y162.744
G1 X72.596 Y162.854
G1 X72.508 Y162.744
G1 X72.696 Y162.138
G1 X72.650 Y162.046
G1 X72.901 Y162.226
G0 Z5.000 F500.000
G0 X73.467 Y161.711 F3000.000
G1 Z1.000 F500.000
G4 P100
G1 X74.143 Y161.897 F1000.000
G1 X74.530 Y162.231
G1 X74.607 Y162.482
G1 X74.562 Y162.732
G1 X74.423 Y162.886
G1 X74.192 Y162.949
G1 X73.795 Y162.820
G1 X73.501 Y162.434
G1 X73.405 Y161.948
G1 X73.528 Y161.402
G1 X73.857 Y161.136
G1 X74.335 Y161.102
G1 X74.735 Y161.301
G1 X74.952 Y161.667
G0 Z5.000 F500.000
G0 X76.487 Y161.355 F3000.000
G1 Z1.000 F500.000
G4 P100
G1 X76.760 Y162.710 F1000.000
G1 X76.337 Y162.965
G1 X75.977 Y162.824
G1 X75.665 Y162.518
G1 X75.459 Y162.107
G1 X75.387 Y161.653
G1 X75.473 Y161.294
G1 X75.714 Y161.114
G1 X75.952 Y161.120
G1 X76.487 Y161.355
G1 X76.518 Y161.032
G1 X76.343 Y160.576
G1 X76.342 Y160.173
G1 X76.116 Y159.460
G1 X75.874 Y159.036
G1 X75.598 Y158.842
G1 X75.293 Y158.884
G1 X75.138 Y159.235
G1 X75.328 Y159.774
G1 X76.008 Y160.495
G1 X76.343 Y160.576
G0 Z5.000 F500.000
G0 X78.169 Y163.022 F3000.000
G1 Z1.000 F500.000
G4 P100
G1 X78.019 Y162.866 F1000.000
G1 X77.863 Y162.183
G1 X77.949 Y161.662
G1 X77.905 Y161.135
G1 X77.949 Y161.662
G1 X78.244 Y161.846
G1 X78.775 Y162.647
G1 X79.143 Y162.744
G1 X79.231 Y162.854
G1 X79.143 Y162.744
G1 X79.331 Y162.138
G1 X79.285 Y162.046
G1 X79.536 Y162.226
G0 Z5.000 F500.000
G0 X80.102 Y161.711 F3000.000
G1 Z1.000 F500.000
G4 P100
G1 X80.778 Y161.897 F1000.000
G1 X81.165 Y162.231
G1 X81.242 Y162.482
G1 X81.197 Y162.732
G1 X81.058 Y162.886
G1 X80.827 Y162.949
G1 X80.430 Y162.820
G1 X80.136 Y162.434
G1 X80.040 Y161.948
G1 X80.163 Y161.402
G1 X80.492 Y161.136
G1 X80.970 Y161.102
G1 X81.370 Y161.301
G1 X81.587 Y161.667
G0 Z5.000 F500.000
G0 X81.677 Y161.313 F3000.000
G1 Z1.000 F500.000
G4 P100
G1 X82.354 Y162.245 F1000.000
G1 X82.595 Y162.419
G1 X82.709 Y162.898
G1 X82.875 Y163.054
G1 X82.709 Y162.898
G1 X82.595 Y162.419
G1 X83.065 Y161.796
G1 X83.145 Y161.396
G1 X82.923 Y161.104
G1 X82.514 Y161.106
G0 Z5.000 F500.000
G0 X83.812 Y161.313 F3000.000
G1 Z1.000 F500.000
G4 P100
G1 X84.489 Y162.245 F1000.000
G1 X84.730 Y162.419
G1 X84.844 Y162.898
G1 X85.010 Y163.054
G1 X84.844 Y162.898
G1 X84.730 Y162.419
G1 X85.200 Y161.796
G1 X85.280 Y161.396
G1 X85.058 Y161.104
G1 X84.649 Y161.106
G0 Z5.000 F500.000
G0 X86.240 Y161.101 F3000.000
G1 Z1.000 F500.000
G4 P100
G1 X86.542 Y162.808 F1000.000
G1 X86.640 Y162.946
G0 Z5.000 F500.000
G0 X86.691 Y163.899 F3000.000
G1 Z1.000 F500.000
G4 P100
G1 X86.826 Y163.921 F1000.000
G0 Z5.000 F500.000
G0 X87.830 Y162.766 F3000.000
G1 Z1.000 F500.000
G4 P100
G1 X88.106 Y162.890 F1000.000
G1 X88.426 Y162.894
G1 X88.646 Y162.787
G1 X88.797 Y162.557
G1 X88.879 Y162.120
G1 X88.812 Y161.688
G1 X88.662 Y161.365
G1 X88.430 Y161.181
G1 X87.913 Y161.159
G1 X87.607 Y161.483
G1 X87.552 Y162.144
G1 X87.649 Y162.511
G1 X87.830 Y162.766
G0 Z5.000 F500.000
G0 X90.152 Y163.015 F3000.000
G1 Z1.000 F500.000
G4 P100
G1 X89.989 Y162.761 F1000.000
G1 X89.876 Y162.239
G1 X89.903 Y161.140
G1 X89.910 Y161.662
G1 X90.282 Y161.890
G1 X90.659 Y162.553
G1 X91.221 Y162.744
G1 X91.243 Y162.839
G1 X91.109 Y161.176
G0 Z5.000 F500.000
G0 X91.912 Y161.313 F3000.000
G1 Z1.000 F500.000
G4 P100
G1 X92.589 Y162.245 F1000.000
G1 X92.830 Y162.419
G1 X92.944 Y162.898
G1 X93.110 Y163.054
G1 X92.944 Y162.898
G1 X92.830 Y162.419
G1 X93.300 Y161.796
G1 X93.380 Y161.396
G1 X93.158 Y161.104
G1 X92.749 Y161.106
G0 Z5.000 F500.000
G0 X95.665 Y161.101 F3000.000
G1 Z1.000 F500.000
G4 P100
G1 X95.967 Y162.808 F1000.000
G1 X96.065 Y162.946
G0 Z5.000 F500.000
G0 X96.116 Y163.899 F3000.000
G1 Z1.000 F500.000
G4 P100
G1 X96.251 Y163.921 F1000.000
G0 Z5.000 F500.000
G0 X97.322 Y163.015 F3000.000
G1 Z1.000 F500.000
G4 P100
G1 X97.159 Y162.761 F1000.000
G1 X97.046 Y162.239
G1 X97.073 Y161.140
G1 X97.080 Y161.662
G1 X97.452 Y161.890
G1 X97.829 Y162.553
G1 X98.391 Y162.744
G1 X98.413 Y162.839
G1 X98.279 Y161.176
G0 Z5.000 F500.000
G0 X100.700 Y161.101 F3000.000
G1 Z1.000 F500.000
G4 P100
G1 X101.002 Y162.808 F1000.000
G1 X101.100 Y162.946
G0 Z5.000 F500.000
G0 X101.151 Y163.899 F3000.000
G1 Z1.000 F500.000
G4 P100
G1 X101.286 Y163.921 F1000.000
G0 Z5.000 F500.000
G0 X102.386 Y163.037 F3000.000
G1 Z1.000 F500.000
G4 P100
G1 X102.210 Y162.847 F1000.000
G1 X102.074 Y162.234
G1 X102.105 Y161.152
G1 X102.149 Y161.670
G1 X102.453 Y161.868
G1 X102.862 Y162.580
G1 X103.268 Y162.748
G1 X103.372 Y162.526
G1 X103.329 Y161.982
G1 X103.414 Y161.696
G1 X103.343 Y161.137
G1 X103.414 Y161.696
G1 X103.710 Y161.891
G1 X104.159 Y162.605
G1 X104.617 Y162.730
G1 X104.670 Y162.361
G1 X104.554 Y161.159
G0 Z5.000 F500.000
G0 X105.901 Y162.583 F3000.000
G1 Z1.000 F500.000
G4 P100
G1 X106.164 Y162.641 F1000.000
G1 X106.557 Y162.914
G1 X106.866 Y162.907
G1 X107.098 Y162.612
G1 X107.093 Y162.084
G1 X106.854 Y161.538
G1 X106.446 Y161.169
G1 X105.884 Y161.091
G1 X105.745 Y161.442
G1 X105.360 Y161.188
G1 X105.021 Y160.330
G1 X104.856 Y159.587
G1 X104.884 Y159.056
G1 X105.107 Y158.828
G1 X105.301 Y158.851
G1 X105.462 Y158.997
G1 X105.689 Y159.689
G1 X105.884 Y161.091
G1 X105.745 Y161.442
G1 X105.901 Y162.583
G1 X105.839 Y162.874
G1 X105.916 Y162.985
G0 Z5.000 F500.000
G0 X108.181 Y162.360 F3000.000
G1 Z1.000 F500.000
G4 P100
G1 X108.335 Y162.680 F1000.000
G1 X108.564 Y162.856
G1 X108.953 Y162.905
G1 X109.262 Y162.756
G1 X109.403 Y162.494
G1 X109.463 Y162.076
G1 X109.367 Y161.590
G1 X109.169 Y161.278
G1 X108.677 Y161.126
G1 X108.306 Y161.288
G1 X108.125 Y161.780
G1 X108.181 Y162.360
G0 Z5.000 F500.000
G0 X110.749 Y163.022 F3000.000
G1 Z1.000 F500.000
G4 P100
G1 X110.599 Y162.866 F1000.000
G1 X110.443 Y162.183
G1 X110.529 Y161.662
G1 X110.485 Y161.135
G1 X110.529 Y161.662
G1 X110.824 Y161.846
G1 X111.355 Y162.647
G1 X111.723 Y162.744
G1 X111.811 Y162.854
G1 X111.723 Y162.744
G1 X111.911 Y162.138
G1 X111.865 Y162.046
G1 X112.116 Y162.226
G0 Z5.000 F500.000
G0 X112.392 Y162.954 F3000.000
G1 Z1.000 F500.000
G4 P100
G1 X112.865 Y162.922 F1000.000
G1 X112.997 Y163.034
G1 X113.028 Y163.621
G1 X113.334 Y164.566
G1 X113.630 Y164.931
G1 X113.961 Y164.934
G1 X114.089 Y164.621
G1 X114.045 Y164.151
G1 X113.437 Y163.037
G1 X113.788 Y162.966
G1 X114.208 Y163.047
G1 X113.788 Y162.966
G1 X112.997 Y163.034
G1 X112.909 Y162.939
G1 X112.900 Y162.165
G1 X112.991 Y161.553
G1 X113.225 Y161.207
G1 X113.688 Y161.127
G1 X114.059 Y161.374
G0 Z5.000 F500.000
G0 X114.730 Y161.391 F3000.000
G1 Z1.000 F500.000
G4 P100
G1 X114.430 Y160.305 F1000.000
G0 Z5.000 F500.000
G0 X117.406 Y162.114 F3000.000
G1 Z1.000 F500.000
G4 P100
G1 X117.659 Y162.210 F1000.000
G1 X117.834 Y162.400
G1 X118.481 Y163.807
G1 X118.626 Y164.831
G1 X118.544 Y165.157
G1 X118.380 Y165.301
G1 X118.021 Y165.186
G1 X117.721 Y164.645
G1 X117.437 Y163.609
G1 X117.308 Y162.446
G1 X117.406 Y162.114
G1 X117.367 Y161.663
G1 X117.584 Y161.247
G1 X118.056 Y161.120
G1 X118.317 Y161.213
G1 X118.473 Y161.381
G0 Z5.000 F500.000
G0 X119.998 Y161.464 F3000.000
G1 Z1.000 F500.000
G4 P100
G1 X120.222 Y162.711 F1000.000
G1 X119.787 Y162.963
G1 X119.405 Y162.805
G1 X119.084 Y162.466
G1 X118.887 Y162.012
G1 X118.850 Y161.532
G1 X118.947 Y161.259
G1 X119.139 Y161.118
G1 X119.383 Y161.129
G1 X119.693 Y161.389
G1 X119.998 Y161.464
G1 X120.035 Y161.169
G0 Z5.000 F500.000
G0 X122.141 Y160.578 F3000.000
G1 Z1.000 F500.000
G4 P100
G1 X122.139 Y160.176 F1000.000
G1 X121.769 Y159.176
G1 X121.458 Y158.865
G1 X121.097 Y158.878
G1 X120.932 Y159.209
G1 X121.103 Y159.748
G1 X121.678 Y160.402
G1 X122.141 Y160.578
G1 X122.254 Y160.775
G1 X122.383 Y161.503
G1 X122.331 Y161.823
G1 X122.668 Y162.968
G1 X122.331 Y161.823
G1 X122.039 Y161.694
G1 X121.732 Y161.309
G1 X121.474 Y161.216
G1 X121.287 Y161.434
G1 X121.251 Y161.861
G1 X121.426 Y162.802
G1 X121.611 Y163.027
G0 Z5.000 F500.000
G0 X123.671 Y162.395 F3000.000
G1 Z1.000 F500.000
G4 P100
G1 X123.833 Y162.703 F1000.000
G1 X124.064 Y162.863
G1 X124.462 Y162.900
G1 X124.757 Y162.739
G1 X124.942 Y162.062
G1 X124.839 Y161.570
G1 X124.632 Y161.263
G1 X124.143 Y161.126
G1 X123.776 Y161.299
G1 X123.601 Y161.817
G1 X123.671 Y162.395
G0 Z5.000 F500.000
G0 X126.261 Y163.027 F3000.000
G1 Z1.000 F500.000
G4 P100
G1 X126.099 Y162.863 F1000.000
G1 X125.971 Y162.352
G1 X125.946 Y161.398
G1 X126.073 Y161.231
G1 X126.242 Y161.241
G1 X126.677 Y161.687
G1 X127.005 Y161.801
G1 X127.049 Y161.162
G1 X127.005 Y161.801
G1 X127.330 Y162.971
G0 Z5.000 F500.000
G0 X127.907 Y162.954 F3000.000
G1 Z1.000 F500.000
G4 P100
G1 X128.380 Y162.922 F1000.000
G1 X128.512 Y163.034
G1 X128.543 Y163.621
G1 X128.849 Y164.566
G1 X129.145 Y164.931
G1 X129.476 Y164.934
G1 X129.604 Y164.621
G1 X129.560 Y164.151
G1 X128.952 Y163.037
G1 X129.303 Y162.966
G1 X129.723 Y163.047
G1 X129.303 Y162.966
G1 X128.512 Y163.034
G1 X128.424 Y162.939
G1 X128.415 Y162.165
G1 X128.506 Y161.553
G1 X128.740 Y161.207
G1 X129.203 Y161.127
G1 X129.574 Y161.374
G0 Z5.000 F500.000
G0 X130.245 Y161.391 F3000.000
G1 Z1.000 F500.000
G4 P100
G1 X129.945 Y160.305 F1000.000
G0 Z5.000 F500.000
G0 X29.178 Y151.585 F3000.000
G1 Z1.000 F500.000
G4 P100
G1 X28.979 Y151.225 F1000.000
G1 X28.598 Y151.020
G1 X28.150 Y151.043
G1 X27.827 Y151.284
G1 X27.707 Y151.589
G1 X27.701 Y151.975
G1 X27.991 Y152.633
G1 X28.319 Y152.834
G1 X28.654 Y152.806
G1 X28.815 Y152.550
G1 X28.734 Y152.224
G0 Z5.000 F500.000
G0 X29.585 Y151.614 F3000.000
G1 Z1.000 F500.000
G4 P100
G1 X30.260 Y151.800 F1000.000
G1 X30.648 Y152.134
G1 X30.724 Y152.385
G1 X30.680 Y152.635
G1 X30.541 Y152.789
G1 X30.310 Y152.852
G1 X29.912 Y152.723
G1 X29.618 Y152.337
G1 X29.522 Y151.851
G1 X29.645 Y151.305
G1 X29.975 Y151.039
G1 X30.452 Y151.005
G1 X30.853 Y151.204
G1 X31.069 Y151.570
G0 Z5.000 F500.000
G0 X31.879 Y152.918 F3000.000
G1 Z1.000 F500.000
G4 P100
G1 X31.716 Y152.664 F1000.000
G1 X31.603 Y152.142
G1 X31.630 Y151.043
G1 X31.638 Y151.565
G1 X32.010 Y151.793
G1 X32.387 Y152.456
G1 X32.949 Y152.647
G1 X32.971 Y152.742
G1 X32.836 Y151.079
G0 Z5.000 F500.000
G0 X33.739 Y152.857 F3000.000
G1 Z1.000 F500.000
G4 P100
G1 X34.212 Y152.825 F1000.000
G1 X34.345 Y152.937
G1 X34.376 Y153.524
G1 X34.682 Y154.469
G1 X34.977 Y154.834
G1 X35.309 Y154.837
G1 X35.436 Y154.524
G1 X35.392 Y154.054
G1 X34.784 Y152.940
G1 X35.135 Y152.869
G1 X35.556 Y152.950
G1 X35.135 Y152.869
G1 X34.345 Y152.937
G1 X34.257 Y152.842
G1 X34.247 Y152.068
G1 X34.339 Y151.456
G1 X34.572 Y151.110
G1 X35.035 Y151.030
G1 X35.407 Y151.277
G0 Z5.000 F500.000
G0 X35.995 Y151.614 F3000.000
G1 Z1.000 F500.000
G4 P100
G1 X36.670 Y151.800 F1000.000
G1 X37.058 Y152.134
G1 X37.134 Y152.385
G1 X37.090 Y152.635
G1 X36.951 Y152.789
G1 X36.720 Y152.852
G1 X36.322 Y152.723
G1 X36.028 Y152.337
G1 X35.932 Y151.851
G1 X36.055 Y151.305
G1 X36.385 Y151.039
G1 X36.862 Y151.005
G1 X37.263 Y151.204
G1 X37.479 Y151.570
G0 Z5.000 F500.000
G0 X38.302 Y152.925 F3000.000
G1 Z1.000 F500.000
G4 P100
G1 X38.151 Y152.769 F1000.000
G1 X37.996 Y152.086
G1 X38.082 Y151.565
G1 X38.038 Y151.038
G1 X38.082 Y151.565
G1 X38.376 Y151.749
G1 X38.908 Y152.550
G1 X39.276 Y152.647
G1 X39.364 Y152.757
G1 X39.276 Y152.647
G1 X39.464 Y152.041
G1 X39.417 Y151.949
G1 X39.669 Y152.129
G0 Z5.000 F500.000
G0 X40.384 Y152.017 F3000.000
G1 Z1.000 F500.000
G4 P100
G1 X40.636 Y152.113 F1000.000
G1 X40.811 Y152.303
G1 X41.458 Y153.710
G1 X41.603 Y154.734
G1 X41.522 Y155.060
G1 X41.358 Y155.204
G1 X40.998 Y155.089
G1 X40.698 Y154.548
G1 X40.414 Y153.512
G1 X40.286 Y152.349
G1 X40.384 Y152.017
G1 X40.345 Y151.566
G1 X40.561 Y151.150
G1 X41.033 Y151.023
G1 X41.295 Y151.116
G1 X41.451 Y151.284
G0 Z5.000 F500.000
G0 X41.767 Y151.004 F3000.000
G1 Z1.000 F500.000
G4 P100
G1 X42.070 Y152.711 F1000.000
G1 X42.168 Y152.849
G0 Z5.000 F500.000
G0 X42.219 Y153.802 F3000.000
G1 Z1.000 F500.000
G4 P100
G1 X42.353 Y153.824 F1000.000
G0 Z5.000 F500.000
G0 X43.424 Y152.918 F3000.000
G1 Z1.000 F500.000
G4 P100
G1 X43.261 Y152.664 F1000.000
G1 X43.148 Y152.142
G1 X43.175 Y151.043
G1 X43.183 Y151.565
G1 X43.555 Y151.793
G1 X43.932 Y152.456
G1 X44.494 Y152.647
G1 X44.516 Y152.742
G1 X44.381 Y151.079
G0 Z5.000 F500.000
G0 X45.575 Y151.614 F3000.000
G1 Z1.000 F500.000
G4 P100
G1 X46.250 Y151.800 F1000.000
G1 X46.638 Y152.134
G1 X46.714 Y152.385
G1 X46.670 Y152.635
G1 X46.531 Y152.789
G1 X46.300 Y152.852
G1 X45.902 Y152.723
G1 X45.608 Y152.337
G1 X45.512 Y151.851
G1 X45.635 Y151.305
G1 X45.965 Y151.039
G1 X46.442 Y151.005
G1 X46.843 Y151.204
G1 X47.059 Y151.570
G0 Z5.000 F500.000
G0 X47.342 Y151.031 F3000.000
G1 Z1.000 F500.000
G4 P100
G1 X49.510 Y155.154 F1000.000
G0 Z5.000 F500.000
G0 X50.483 Y152.754 F3000.000
G1 Z1.000 F500.000
G4 P100
G1 X51.061 Y152.759 F1000.000
G1 X51.351 Y152.341
G1 X51.395 Y151.979
G1 X51.302 Y151.500
G1 X51.132 Y151.212
G1 X50.892 Y151.067
G1 X50.363 Y151.092
G1 X50.087 Y151.511
G1 X50.128 Y152.312
G1 X50.272 Y152.589
G1 X50.483 Y152.754
G0 Z5.000 F500.000
G0 X52.713 Y152.930 F3000.000
G1 Z1.000 F500.000
G4 P100
G1 X52.551 Y152.766 F1000.000
G1 X52.424 Y152.255
G1 X52.399 Y151.301
G1 X52.525 Y151.134
G1 X52.694 Y151.144
G1 X53.130 Y151.590
G1 X53.458 Y151.704
G1 X53.502 Y151.065
G1 X53.458 Y151.704
G1 X53.783 Y152.874
G0 Z5.000 F500.000
G0 X54.359 Y152.857 F3000.000
G1 Z1.000 F500.000
G4 P100
G1 X54.832 Y152.825 F1000.000
G1 X54.965 Y152.937
G1 X54.996 Y153.524
G1 X55.302 Y154.469
G1 X55.597 Y154.834
G1 X55.929 Y154.837
G1 X56.056 Y154.524
G1 X56.012 Y154.054
G1 X55.404 Y152.940
G1 X55.755 Y152.869
G1 X56.176 Y152.950
G1 X55.755 Y152.869
G1 X54.965 Y152.937
G1 X54.877 Y152.842
G1 X54.867 Y152.068
G1 X54.959 Y151.456
G1 X55.192 Y151.110
G1 X55.655 Y151.030
G1 X56.027 Y151.277
G0 Z5.000 F500.000
G0 X56.764 Y152.017 F3000.000
G1 Z1.000 F500.000
G4 P100
G1 X57.016 Y152.113 F1000.000
G1 X57.191 Y152.303
G1 X57.838 Y153.710
G1 X57.983 Y154.734
G1 X57.902 Y155.060
G1 X57.738 Y155.204
G1 X57.378 Y155.089
G1 X57.078 Y154.548
G1 X56.794 Y153.512
G1 X56.666 Y152.349
G1 X56.764 Y152.017
G1 X56.725 Y151.566
G1 X56.941 Y151.150
G1 X57.413 Y151.023
G1 X57.675 Y151.116
G1 X57.831 Y151.284
G0 Z5.000 F500.000
G0 X58.147 Y151.004 F3000.000
G1 Z1.000 F500.000
G4 P100
G1 X58.450 Y152.711 F1000.000
G1 X58.548 Y152.849
G0 Z5.000 F500.000
G0 X58.599 Y153.802 F3000.000
G1 Z1.000 F500.000
G4 P100
G1 X58.733 Y153.824 F1000.000
G0 Z5.000 F500.000
G0 X59.804 Y152.918 F3000.000
G1 Z1.000 F500.000
G4 P100
G1 X59.641 Y152.664 F1000.000
G1 X59.528 Y152.142
G1 X59.555 Y151.043
G1 X59.563 Y151.565
G1 X59.935 Y151.793
G1 X60.312 Y152.456
G1 X60.874 Y152.647
G1 X60.896 Y152.742
G1 X60.761 Y151.079
G0 Z5.000 F500.000
G0 X61.955 Y151.614 F3000.000
G1 Z1.000 F500.000
G4 P100
G1 X62.630 Y151.800 F1000.000
G1 X63.018 Y152.134
G1 X63.094 Y152.385
G1 X63.050 Y152.635
G1 X62.911 Y152.789
G1 X62.680 Y152.852
G1 X62.282 Y152.723
G1 X61.988 Y152.337
G1 X61.892 Y151.851
G1 X62.015 Y151.305
G1 X62.345 Y151.039
G1 X62.822 Y151.005
G1 X63.223 Y151.204
G1 X63.439 Y151.570
G0 Z5.000 F500.000
G0 X66.234 Y152.224 F3000.000
G1 Z1.000 F500.000
G4 P100
G1 X66.315 Y152.550 F1000.000
G1 X66.154 Y152.806
G1 X65.819 Y152.834
G1 X65.491 Y152.633
G1 X65.201 Y151.975
G1 X65.207 Y151.589
G1 X65.327 Y151.284
G1 X65.650 Y151.043
G1 X66.098 Y151.020
G1 X66.479 Y151.225
G1 X66.678 Y151.585
G0 Z5.000 F500.000
G0 X67.063 Y151.640 F3000.000
G1 Z1.000 F500.000
G4 P100
G1 X67.115 Y152.270 F1000.000
G1 X67.347 Y152.669
G1 X67.790 Y152.815
G1 X68.199 Y152.653
G1 X68.340 Y152.383
G1 X68.395 Y151.972
G1 X68.297 Y151.487
G1 X68.096 Y151.176
G1 X67.726 Y151.037
G1 X67.396 Y151.076
G1 X67.178 Y151.274
G1 X67.063 Y151.640
G0 Z5.000 F500.000
G0 X69.669 Y152.918 F3000.000
G1 Z1.000 F500.000
G4 P100
G1 X69.506 Y152.664 F1000.000
G1 X69.393 Y152.142
G1 X69.420 Y151.043
G1 X69.428 Y151.565
G1 X69.800 Y151.793
G1 X70.177 Y152.456
G1 X70.739 Y152.647
G1 X70.761 Y152.742
G1 X70.626 Y151.079
G0 Z5.000 F500.000
G0 X71.873 Y152.835 F3000.000
G1 Z1.000 F500.000
G4 P100
G1 X71.904 Y151.358 F1000.000
G1 X71.993 Y151.120
G1 X72.149 Y151.057
G1 X72.462 Y151.259
G1 X73.290 Y152.847
G0 Z5.000 F500.000
G0 X74.065 Y151.614 F3000.000
G1 Z1.000 F500.000
G4 P100
G1 X74.740 Y151.800 F1000.000
G1 X75.128 Y152.134
G1 X75.204 Y152.385
G1 X75.160 Y152.635
G1 X75.021 Y152.789
G1 X74.790 Y152.852
G1 X74.392 Y152.723
G1 X74.098 Y152.337
G1 X74.002 Y151.851
G1 X74.125 Y151.305
G1 X74.455 Y151.039
G1 X74.932 Y151.005
G1 X75.333 Y151.204
G1 X75.549 Y151.570
G0 Z5.000 F500.000
G0 X76.372 Y152.925 F3000.000
G1 Z1.000 F500.000
G4 P100
G1 X76.221 Y152.769 F1000.000
G1 X76.066 Y152.086
G1 X76.152 Y151.565
G1 X76.108 Y151.038
G1 X76.152 Y151.565
G1 X76.446 Y151.749
G1 X76.978 Y152.550
G1 X77.346 Y152.647
G1 X77.434 Y152.757
G1 X77.346 Y152.647
G1 X77.534 Y152.041
G1 X77.487 Y151.949
G1 X77.739 Y152.129
G0 Z5.000 F500.000
G0 X77.914 Y151.216 F3000.000
G1 Z1.000 F500.000
G4 P100
G1 X78.591 Y152.148 F1000.000
G1 X78.832 Y152.322
G1 X78.946 Y152.801
G1 X79.113 Y152.957
G1 X78.946 Y152.801
G1 X78.832 Y152.322
G1 X79.302 Y151.699
G1 X79.382 Y151.299
G1 X79.160 Y151.007
G1 X78.752 Y151.009
G0 Z5.000 F500.000
G0 X80.342 Y151.004 F3000.000
G1 Z1.000 F500.000
G4 P100
G1 X80.645 Y152.711 F1000.000
G1 X80.743 Y152.849
G0 Z5.000 F500.000
G0 X80.794 Y153.802 F3000.000
G1 Z1.000 F500.000
G4 P100
G1 X80.928 Y153.824 F1000.000
G0 Z5.000 F500.000
G0 X81.932 Y152.669 F3000.000
G1 Z1.000 F500.000
G4 P100
G1 X82.209 Y152.793 F1000.000
G1 X82.528 Y152.797
G1 X82.748 Y152.690
G1 X82.899 Y152.460
G1 X82.981 Y152.023
G1 X82.915 Y151.591
G1 X82.764 Y151.268
G1 X82.533 Y151.084
G1 X82.015 Y151.062
G1 X81.710 Y151.386
G1 X81.655 Y152.047
G1 X81.752 Y152.414
G1 X81.932 Y152.669
G0 Z5.000 F500.000
G0 X84.254 Y152.918 F3000.000
G1 Z1.000 F500.000
G4 P100
G1 X84.091 Y152.664 F1000.000
G1 X83.978 Y152.142
G1 X84.005 Y151.043
G1 X84.013 Y151.565
G1 X84.385 Y151.793
G1 X84.762 Y152.456
G1 X85.324 Y152.647
G1 X85.346 Y152.742
G1 X85.211 Y151.079
G0 Z5.000 F500.000
G0 X86.488 Y151.294 F3000.000
G1 Z1.000 F500.000
G4 P100
G1 X86.188 Y150.208 F1000.000
G0 Z5.000 F500.000
G0 X88.624 Y151.216 F3000.000
G1 Z1.000 F500.000
G4 P100
G1 X89.301 Y152.148 F1000.000
G1 X89.542 Y152.322
G1 X89.656 Y152.801
G1 X89.823 Y152.957
G1 X89.656 Y152.801
G1 X89.542 Y152.322
G1 X90.012 Y151.699
G1 X90.092 Y151.299
G1 X89.870 Y151.007
G1 X89.462 Y151.009
G0 Z5.000 F500.000
G0 X91.150 Y151.614 F3000.000
G1 Z1.000 F500.000
G4 P100
G1 X91.825 Y151.800 F1000.000
G1 X92.213 Y152.134
G1 X92.289 Y152.385
G1 X92.245 Y152.635
G1 X92.106 Y152.789
G1 X91.875 Y152.852
G1 X91.477 Y152.723
G1 X91.183 Y152.337
G1 X91.087 Y151.851
G1 X91.210 Y151.305
G1 X91.540 Y151.039
G1 X92.017 Y151.005
G1 X92.418 Y151.204
G1 X92.634 Y151.570
G0 Z5.000 F500.000
G0 X93.474 Y152.940 F3000.000
G1 Z1.000 F500.000
G4 P100
G1 X93.298 Y152.750 F1000.000
G1 X93.162 Y152.137
G1 X93.193 Y151.055
G1 X93.237 Y151.573
G1 X93.540 Y151.771
G1 X93.950 Y152.483
G1 X94.356 Y152.651
G1 X94.459 Y152.429
G1 X94.417 Y151.885
G1 X94.502 Y151.599
G1 X94.431 Y151.040
G1 X94.502 Y151.599
G1 X94.798 Y151.794
G1 X95.247 Y152.508
G1 X95.705 Y152.633
G1 X95.758 Y152.264
G1 X95.642 Y151.062
G0 Z5.000 F500.000
G0 X97.946 Y151.367 F3000.000
G1 Z1.000 F500.000
G4 P100
G1 X98.170 Y152.614 F1000.000
G1 X97.735 Y152.866
G1 X97.352 Y152.708
G1 X97.032 Y152.369
G1 X96.835 Y151.915
G1 X96.797 Y151.435
G1 X96.895 Y151.162
G1 X97.087 Y151.021
G1 X97.330 Y151.032
G1 X97.641 Y151.292
G1 X97.946 Y151.367
G1 X97.982 Y151.072
G0 Z5.000 F500.000
G0 X99.514 Y152.918 F3000.000
G1 Z1.000 F500.000
G4 P100
G1 X99.351 Y152.664 F1000.000
G1 X99.238 Y152.142
G1 X99.265 Y151.043
G1 X99.273 Y151.565
G1 X99.645 Y151.793
G1 X100.022 Y152.456
G1 X100.584 Y152.647
G1 X100.606 Y152.742
G1 X100.471 Y151.079
G0 Z5.000 F500.000
G0 X101.374 Y152.857 F3000.000
G1 Z1.000 F500.000
G4 P100
G1 X101.847 Y152.825 F1000.000
G1 X101.980 Y152.937
G1 X102.011 Y153.524
G1 X102.317 Y154.469
G1 X102.612 Y154.834
G1 X102.944 Y154.837
G1 X103.071 Y154.524
G1 X103.027 Y154.054
G1 X102.419 Y152.940
G1 X102.770 Y152.869
G1 X103.191 Y152.950
G1 X102.770 Y152.869
G1 X101.980 Y152.937
G1 X101.892 Y152.842
G1 X101.882 Y152.068
G1 X101.974 Y151.456
G1 X102.207 Y151.110
G1 X102.670 Y151.030
G1 X103.042 Y151.277
G0 Z5.000 F500.000
G0 X103.532 Y151.004 F3000.000
G1 Z1.000 F500.000
G4 P100
G1 X103.835 Y152.711 F1000.000
G1 X103.933 Y152.849
G0 Z5.000 F500.000
G0 X103.984 Y153.802 F3000.000
G1 Z1.000 F500.000
G4 P100
G1 X104.118 Y153.824 F1000.000
G0 Z5.000 F500.000
G0 X105.849 Y152.224 F3000.000
G1 Z1.000 F500.000
G4 P100
G1 X105.930 Y152.550 F1000.000
G1 X105.769 Y152.806
G1 X105.434 Y152.834
G1 X105.106 Y152.633
G1 X104.816 Y151.975
G1 X104.822 Y151.589
G1 X104.942 Y151.284
G1 X105.265 Y151.043
G1 X105.713 Y151.020
G1 X106.094 Y151.225
G1 X106.293 Y151.585
G0 Z5.000 F500.000
G0 X106.309 Y151.216 F3000.000
G1 Z1.000 F500.000
G4 P100
G1 X106.986 Y152.148 F1000.000
G1 X107.227 Y152.322
G1 X107.341 Y152.801
G1 X107.508 Y152.957
G1 X107.341 Y152.801
G1 X107.227 Y152.322
G1 X107.697 Y151.699
G1 X107.777 Y151.299
G1 X107.555 Y151.007
G1 X107.147 Y151.009
G0 Z5.000 F500.000
G0 X108.618 Y150.208 F3000.000
G1 Z1.000 F500.000
G4 P100
G1 X108.918 Y151.294 F1000.000
G0 Z5.000 F500.000
G0 X111.599 Y152.486 F3000.000
G1 Z1.000 F500.000
G4 P100
G1 X111.862 Y152.544 F1000.000
G1 X112.254 Y152.817
G1 X112.563 Y152.810
G1 X112.796 Y152.515
G1 X112.791 Y151.987
G1 X112.552 Y151.441
G1 X112.144 Y151.072
G1 X111.582 Y150.994
G1 X111.442 Y151.345
G1 X111.058 Y151.091
G1 X110.719 Y150.233
G1 X110.554 Y149.490
G1 X110.582 Y148.959
G1 X110.805 Y148.731
G1 X110.999 Y148.754
G1 X111.160 Y148.900
G1 X111.387 Y149.592
G1 X111.582 Y150.994
G1 X111.442 Y151.345
G1 X111.599 Y152.486
G1 X111.537 Y152.777
G1 X111.613 Y152.888
G0 Z5.000 F500.000
G0 X114.961 Y151.367 F3000.000
G1 Z1.000 F500.000
G4 P100
G1 X115.185 Y152.614 F1000.000
G1 X114.750 Y152.866
G1 X114.367 Y152.708
G1 X114.047 Y152.369
G1 X113.850 Y151.915
G1 X113.812 Y151.435
G1 X113.910 Y151.162
G1 X114.102 Y151.021
G1 X114.345 Y151.032
G1 X114.656 Y151.292
G1 X114.961 Y151.367
G1 X114.997 Y151.072
G0 Z5.000 F500.000
G0 X117.110 Y150.479 F3000.000
G1 Z1.000 F500.000
G4 P100
G1 X116.776 Y150.398 F1000.000
G1 X116.095 Y149.677
G1 X115.905 Y149.138
G1 X116.060 Y148.787
G1 X116.365 Y148.745
G1 X116.642 Y148.939
G1 X116.884 Y149.363
G1 X117.110 Y150.076
G1 X117.110 Y150.479
G1 X117.285 Y150.935
G1 X117.254 Y151.258
G1 X116.720 Y151.023
G1 X116.481 Y151.017
G1 X116.241 Y151.197
G1 X116.155 Y151.556
G1 X116.227 Y152.010
G1 X116.433 Y152.421
G1 X116.745 Y152.727
G1 X117.105 Y152.868
G1 X117.527 Y152.613
G1 X117.254 Y151.258
G0 Z5.000 F500.000
G0 X118.497 Y151.004 F3000.000
G1 Z1.000 F500.000
G4 P100
G1 X118.800 Y152.711 F1000.000
G1 X118.898 Y152.849
G0 Z5.000 F500.000
G0 X118.949 Y153.802 F3000.000
G1 Z1.000 F500.000
G4 P100
G1 X119.083 Y153.824 F1000.000
G0 Z5.000 F500.000
G0 X120.154 Y152.918 F3000.000
G1 Z1.000 F500.000
G4 P100
G1 X119.991 Y152.664 F1000.000
G1 X119.878 Y152.142
G1 X119.905 Y151.043
G1 X119.913 Y151.565
G1 X120.285 Y151.793
G1 X120.662 Y152.456
G1 X121.224 Y152.647
G1 X121.246 Y152.742
G1 X121.111 Y151.079
G0 Z5.000 F500.000
G0 X123.416 Y151.367 F3000.000
G1 Z1.000 F500.000
G4 P100
G1 X123.640 Y152.614 F1000.000
G1 X123.205 Y152.866
G1 X122.822 Y152.708
G1 X122.502 Y152.369
G1 X122.305 Y151.915
G1 X122.267 Y151.435
G1 X122.365 Y151.162
G1 X122.557 Y151.021
G1 X122.800 Y151.032
G1 X123.111 Y151.292
G1 X123.416 Y151.367
G1 X123.452 Y151.072
G0 Z5.000 F500.000
G0 X124.364 Y152.857 F3000.000
G1 Z1.000 F500.000
G4 P100
G1 X124.837 Y152.825 F1000.000
G1 X124.970 Y152.937
G1 X125.001 Y153.524
G1 X125.307 Y154.469
G1 X125.602 Y154.834
G1 X125.934 Y154.837
G1 X126.061 Y154.524
G1 X126.017 Y154.054
G1 X125.409 Y152.940
G1 X125.760 Y152.869
G1 X126.181 Y152.950
G1 X125.760 Y152.869
G1 X124.970 Y152.937
G1 X124.882 Y152.842
G1 X124.872 Y152.068
G1 X124.964 Y151.456
G1 X125.197 Y151.110
G1 X125.660 Y151.030
G1 X126.032 Y151.277
G0 Z5.000 F500.000
G0 X126.522 Y151.004 F3000.000
G1 Z1.000 F500.000
G4 P100
G1 X126.825 Y152.711 F1000.000
G1 X126.923 Y152.849
G0 Z5.000 F500.000
G0 X126.974 Y153.802 F3000.000
G1 Z1.000 F500.000
G4 P100
G1 X127.108 Y153.824 F1000.000
G0 Z5.000 F500.000
G0 X128.112 Y152.669 F3000.000
G1 Z1.000 F500.000
G4 P100
G1 X128.389 Y152.793 F1000.000
G1 X128.708 Y152.797
G1 X128.928 Y152.690
G1 X129.079 Y152.460
G1 X129.161 Y152.023
G1 X129.095 Y151.591
G1 X128.944 Y151.268
G1 X128.713 Y151.084
G1 X128.195 Y151.062
G1 X127.890 Y151.386
G1 X127.835 Y152.047
G1 X127.932 Y152.414
G1 X128.112 Y152.669
G0 Z5.000 F500.000
G0 X130.434 Y152.918 F3000.000
G1 Z1.000 F500.000
G4 P100
G1 X130.271 Y152.664 F1000.000
G1 X130.158 Y152.142
G1 X130.185 Y151.043
G1 X130.193 Y151.565
G1 X130.565 Y151.793
G1 X130.942 Y152.456
G1 X131.504 Y152.647
G1 X131.526 Y152.742
G1 X131.391 Y151.079
G0 Z5.000 F500.000
G0 X135.021 Y151.367 F3000.000
G1 Z1.000 F500.000
G4 P100
G1 X135.245 Y152.614 F1000.000
G1 X134.810 Y152.866
G1 X134.427 Y152.708
G1 X134.107 Y152.369
G1 X133.910 Y151.915
G1 X133.872 Y151.435
G1 X133.970 Y151.162
G1 X134.162 Y151.021
G1 X134.405 Y151.032
G1 X134.716 Y151.292
G1 X135.021 Y151.367
G1 X135.057 Y151.072
G0 Z5.000 F500.000
G0 X136.589 Y152.918 F3000.000
G1 Z1.000 F500.000
G4 P100
G1 X136.426 Y152.664 F1000.000
G1 X136.313 Y152.142
G1 X136.340 Y151.043
G1 X136.348 Y151.565
G1 X136.720 Y151.793
G1 X137.097 Y152.456
G1 X137.659 Y152.647
G1 X137.681 Y152.742
G1 X137.546 Y151.079
G0 Z5.000 F500.000
G0 X139.985 Y152.305 F3000.000
G1 Z1.000 F500.000
G4 P100
G1 X139.989 Y151.438 F1000.000
G1 X140.175 Y150.996
G1 X139.990 Y151.431
G1 X139.418 Y151.085
G1 X139.097 Y151.013
G1 X138.882 Y151.094
G1 X138.722 Y151.495
G1 X138.744 Y151.873
G1 X138.870 Y152.261
G1 X139.120 Y152.594
G1 X139.437 Y152.799
G1 X139.908 Y152.857
G1 X139.874 Y152.496
G1 X139.985 Y152.305
G1 X140.450 Y152.583
G1 X140.985 Y154.186
G1 X141.014 Y154.820
G1 X140.859 Y155.166
G1 X140.518 Y155.135
G1 X140.330 Y154.826
G1 X139.948 Y152.813
G0 Z5.000 F500.000
G0 X71.837 Y143.580 F3000.000
G1 Z1.000 F500.000
G4 P100
G1 X71.887 Y144.062 F1000.000
G1 X71.688 Y144.429
G1 X71.287 Y144.605
G1 X70.710 Y144.593
G1 X70.226 Y144.412
G1 X69.823 Y144.086
G1 X69.522 Y143.637
G1 X69.333 Y143.077
G1 X69.275 Y142.378
G1 X69.382 Y141.820
G1 X69.671 Y141.374
G1 X70.111 Y141.079
G1 X70.842 Y140.943
G1 X71.725 Y141.087
G1 X71.915 Y140.960
G1 X72.120 Y140.960
G1 X72.994 Y141.544
G1 X72.318 Y141.028
G1 X71.915 Y140.960
G1 X71.686 Y140.372
G1 X71.693 Y140.005
G1 X71.409 Y139.151
G1 X71.137 Y138.755
G1 X70.794 Y138.636
G1 X70.599 Y138.719
G1 X70.497 Y138.890
G1 X70.585 Y139.431
G1 X71.248 Y140.226
G1 X71.686 Y140.372
G1 X71.915 Y140.960
G1 X71.842 Y141.070
G1 X71.979 Y141.654
G1 X71.986 Y142.229
G1 X71.205 Y142.306
G0 Z5.000 F500.000
G0 X73.209 Y142.186 F3000.000
G1 Z1.000 F500.000
G4 P100
G1 X74.193 Y142.281 F1000.000
G0 Z5.000 F500.000
G0 X76.176 Y142.127 F3000.000
G1 Z1.000 F500.000
G4 P100
G1 X76.257 Y142.453 F1000.000
G1 X76.097 Y142.709
G1 X75.761 Y142.737
G1 X75.433 Y142.536
G1 X75.143 Y141.878
G1 X75.150 Y141.492
G1 X75.269 Y141.187
G1 X75.592 Y140.946
G1 X76.040 Y140.923
G1 X76.422 Y141.128
G1 X76.620 Y141.488
G0 Z5.000 F500.000
G0 X77.005 Y141.543 F3000.000
G1 Z1.000 F500.000
G4 P100
G1 X77.058 Y142.173 F1000.000
G1 X77.290 Y142.572
G1 X77.733 Y142.718
G1 X78.142 Y142.556
G1 X78.282 Y142.286
G1 X78.337 Y141.875
G1 X78.239 Y141.390
G1 X78.038 Y141.079
G1 X77.669 Y140.940
G1 X77.339 Y140.979
G1 X77.121 Y141.177
G1 X77.005 Y141.543
G0 Z5.000 F500.000
G0 X80.527 Y142.208 F3000.000
G1 Z1.000 F500.000
G4 P100
G1 X80.531 Y141.341 F1000.000
G1 X80.718 Y140.899
G1 X80.532 Y141.334
G1 X79.960 Y140.988
G1 X79.639 Y140.916
G1 X79.425 Y140.997
G1 X79.264 Y141.398
G1 X79.287 Y141.776
G1 X79.413 Y142.164
G1 X79.662 Y142.497
G1 X79.980 Y142.702
G1 X80.450 Y142.760
G1 X80.416 Y142.399
G1 X80.527 Y142.208
G1 X80.992 Y142.486
G1 X81.528 Y144.089
G1 X81.556 Y144.723
G1 X81.402 Y145.069
G1 X81.061 Y145.038
G1 X80.872 Y144.729
G1 X80.491 Y142.716
G0 Z5.000 F500.000
G0 X81.857 Y141.517 F3000.000
G1 Z1.000 F500.000
G4 P100
G1 X82.533 Y141.703 F1000.000
G1 X82.920 Y142.037
G1 X82.997 Y142.288
G1 X82.952 Y142.538
G1 X82.813 Y142.692
G1 X82.582 Y142.755
G1 X82.185 Y142.626
G1 X81.891 Y142.240
G1 X81.795 Y141.754
G1 X81.918 Y141.208
G1 X82.247 Y140.942
G1 X82.725 Y140.908
G1 X83.125 Y141.107
G1 X83.342 Y141.473
G0 Z5.000 F500.000
G0 X85.147 Y141.517 F3000.000
G1 Z1.000 F500.000
G4 P100
G1 X85.823 Y141.703 F1000.000
G1 X86.210 Y142.037
G1 X86.287 Y142.288
G1 X86.242 Y142.538
G1 X86.103 Y142.692
G1 X85.872 Y142.755
G1 X85.475 Y142.626
G1 X85.181 Y142.240
G1 X85.085 Y141.754
G1 X85.208 Y141.208
G1 X85.537 Y140.942
G1 X86.015 Y140.908
G1 X86.415 Y141.107
G1 X86.632 Y141.473
G0 Z5.000 F500.000
G0 X89.012 Y142.389 F3000.000
G1 Z1.000 F500.000
G4 P100
G1 X88.988 Y142.649 F1000.000
G1 X88.870 Y142.718
G1 X88.553 Y142.655
G1 X88.130 Y142.257
G1 X87.788 Y142.684
G1 X87.391 Y142.684
G1 X87.251 Y142.408
G1 X87.373 Y142.672
G1 X87.658 Y142.731
G1 X87.862 Y142.628
G1 X88.130 Y142.257
G1 X88.052 Y141.371
G1 X87.445 Y140.931
G1 X87.177 Y140.943
G1 X86.997 Y141.103
G1 X86.970 Y141.364
G1 X87.063 Y141.573
G1 X86.974 Y141.180
G1 X87.177 Y140.943
G1 X87.541 Y140.966
G1 X88.052 Y141.371
G1 X88.396 Y140.989
G1 X88.821 Y140.912
G1 X89.217 Y141.113
G1 X89.424 Y141.490
G0 Z5.000 F500.000
G0 X89.911 Y142.389 F3000.000
G1 Z1.000 F500.000
G4 P100
G1 X90.174 Y142.447 F1000.000
G1 X90.567 Y142.720
G1 X90.876 Y142.713
G1 X91.108 Y142.418
G1 X91.103 Y141.890
G1 X90.864 Y141.344
G1 X90.456 Y140.975
G1 X89.894 Y140.897
G1 X89.755 Y141.248
G1 X89.370 Y140.994
G1 X89.031 Y140.136
G1 X88.866 Y139.393
G1 X88.894 Y138.862
G1 X89.117 Y138.634
G1 X89.311 Y138.657
G1 X89.472 Y138.803
G1 X89.699 Y139.495
G1 X89.894 Y140.897
G1 X89.755 Y141.248
G1 X89.911 Y142.389
G1 X89.849 Y142.680
G1 X89.926 Y142.791
G0 Z5.000 F500.000
G0 X92.191 Y142.166 F3000.000
G1 Z1.000 F500.000
G4 P100
G1 X92.345 Y142.486 F1000.000
G1 X92.574 Y142.662
G1 X92.963 Y142.711
G1 X93.272 Y142.562
G1 X93.413 Y142.300
G1 X93.473 Y141.882
G1 X93.377 Y141.396
G1 X93.179 Y141.084
G1 X92.687 Y140.932
G1 X92.316 Y141.094
G1 X92.135 Y141.586
G1 X92.191 Y142.166
G0 Z5.000 F500.000
G0 X94.759 Y142.828 F3000.000
G1 Z1.000 F500.000
G4 P100
G1 X94.609 Y142.672 F1000.000
G1 X94.453 Y141.989
G1 X94.539 Y141.468
G1 X94.495 Y140.941
G1 X94.539 Y141.468
G1 X94.834 Y141.652
G1 X95.365 Y142.453
G1 X95.733 Y142.550
G1 X95.821 Y142.660
G1 X95.733 Y142.550
G1 X95.921 Y141.944
G1 X95.875 Y141.852
G1 X96.126 Y142.032
G0 Z5.000 F500.000
G0 X96.402 Y142.760 F3000.000
G1 Z1.000 F500.000
G4 P100
G1 X96.875 Y142.728 F1000.000
G1 X97.007 Y142.840
G1 X97.038 Y143.427
G1 X97.344 Y144.372
G1 X97.640 Y144.737
G1 X97.971 Y144.740
G1 X98.099 Y144.427
G1 X98.055 Y143.957
G1 X97.447 Y142.843
G1 X97.798 Y142.772
G1 X98.218 Y142.853
G1 X97.798 Y142.772
G1 X97.007 Y142.840
G1 X96.919 Y142.745
G1 X96.910 Y141.971
G1 X97.001 Y141.359
G1 X97.235 Y141.013
G1 X97.698 Y140.933
G1 X98.069 Y141.180
G0 Z5.000 F500.000
G0 X98.716 Y141.095 F3000.000
G1 Z1.000 F500.000
G4 P100
G1 X98.752 Y141.131 F1000.000
G0 Z5.000 F500.000
G0 X22.711 Y119.585 F3000.000
G1 Z1.000 F500.000
G4 P100
G1 X22.742 Y118.531 F1000.000
G1 X22.406 Y117.660
G1 X22.133 Y117.408
G1 X21.785 Y117.277
G1 X21.411 Y117.289
G1 X21.081 Y117.440
G1 X20.796 Y117.856
G1 X20.707 Y118.496
G1 X20.803 Y119.275
G1 X21.075 Y119.848
G1 X21.492 Y120.181
G1 X22.024 Y120.237
G1 X22.452 Y120.030
G1 X22.711 Y119.585
G0 Z5.000 F500.000
G0 X24.175 Y117.527 F3000.000
G1 Z1.000 F500.000
G4 P100
G1 X24.129 Y117.481 F1000.000
G0 Z5.000 F500.000
G0 X30.514 Y120.508 F3000.000
G1 Z1.000 F500.000
G4 P100
G1 X30.615 Y120.844 F1000.000
G1 X30.586 Y121.270
G1 X30.444 Y121.566
G1 X30.183 Y121.778
G1 X29.816 Y121.884
G1 X29.369 Y121.877
G1 X28.536 Y121.535
G1 X28.000 Y120.970
G1 X27.648 Y120.203
G1 X27.514 Y119.231
G1 X27.632 Y118.437
G1 X27.849 Y118.026
G1 X28.174 Y117.693
G1 X28.596 Y117.457
G1 X29.099 Y117.324
G1 X29.757 Y117.297
G1 X30.481 Y117.399
G1 X31.243 Y117.654
G1 X31.481 Y117.859
G0 Z5.000 F500.000
G0 X31.607 Y117.889 F3000.000
G1 Z1.000 F500.000
G4 P100
G1 X31.614 Y118.704 F1000.000
G1 X31.882 Y119.277
G1 X32.103 Y119.434
G1 X32.488 Y119.510
G1 X32.961 Y119.347
G1 X33.158 Y119.023
G1 X33.245 Y118.493
G1 X33.139 Y117.901
G1 X32.922 Y117.513
G1 X32.615 Y117.325
G1 X32.081 Y117.304
G1 X31.780 Y117.501
G1 X31.607 Y117.889
G0 Z5.000 F500.000
G0 X34.492 Y119.535 F3000.000
G1 Z1.000 F500.000
G4 P100
G1 X34.529 Y117.689 F1000.000
G1 X34.641 Y117.391
G1 X34.836 Y117.313
G1 X35.054 Y117.380
G1 X35.228 Y117.565
G1 X35.875 Y118.765
G1 X36.096 Y119.365
G1 X36.262 Y119.550
G0 Z5.000 F500.000
G0 X37.231 Y118.009 F3000.000
G1 Z1.000 F500.000
G4 P100
G1 X38.075 Y118.242 F1000.000
G1 X38.560 Y118.658
G1 X38.656 Y118.972
G1 X38.600 Y119.286
G1 X38.426 Y119.478
G1 X38.137 Y119.556
G1 X37.640 Y119.395
G1 X37.273 Y118.913
G1 X37.153 Y118.305
G1 X37.306 Y117.623
G1 X37.719 Y117.290
G1 X38.315 Y117.248
G1 X38.816 Y117.496
G1 X39.086 Y117.954
G0 Z5.000 F500.000
G0 X40.114 Y119.648 F3000.000
G1 Z1.000 F500.000
G4 P100
G1 X39.927 Y119.453 F1000.000
G1 X39.732 Y118.598
G1 X39.729 Y118.236
G1 X39.840 Y117.948
G1 X39.785 Y117.289
G1 X39.840 Y117.948
G1 X40.208 Y118.178
G1 X40.581 Y118.867
G1 X40.872 Y119.179
G1 X41.332 Y119.300
G1 X41.442 Y119.437
G1 X41.332 Y119.300
G1 X41.567 Y118.543
G1 X41.509 Y118.427
G1 X41.567 Y118.543
G1 X41.823 Y118.653
G0 Z5.000 F500.000
G0 X43.920 Y117.701 F3000.000
G1 Z1.000 F500.000
G4 P100
G1 X44.200 Y119.259 F1000.000
G1 X43.656 Y119.574
G1 X43.178 Y119.377
G1 X42.777 Y118.952
G1 X42.531 Y118.385
G1 X42.484 Y117.785
G1 X42.606 Y117.444
G1 X42.846 Y117.267
G1 X43.151 Y117.281
G1 X43.539 Y117.607
G1 X43.920 Y117.701
G1 X43.965 Y117.331
G0 Z5.000 F500.000
G0 X46.607 Y116.590 F3000.000
G1 Z1.000 F500.000
G4 P100
G1 X46.188 Y116.489 F1000.000
G1 X45.338 Y115.588
G1 X45.100 Y114.914
G1 X45.143 Y114.654
G1 X45.294 Y114.475
G1 X45.675 Y114.423
G1 X46.021 Y114.665
G1 X46.323 Y115.195
G1 X46.606 Y116.086
G1 X46.607 Y116.590
G1 X46.825 Y117.160
G1 X46.787 Y117.563
G1 X46.119 Y117.270
G1 X45.820 Y117.262
G1 X45.520 Y117.488
G1 X45.412 Y117.936
G1 X45.502 Y118.504
G1 X45.759 Y119.018
G1 X46.150 Y119.400
G1 X46.600 Y119.576
G1 X47.128 Y119.258
G1 X46.787 Y117.563
G0 Z5.000 F500.000
G0 X48.462 Y118.009 F3000.000
G1 Z1.000 F500.000
G4 P100
G1 X49.307 Y118.242 F1000.000
G1 X49.791 Y118.658
G1 X49.887 Y118.972
G1 X49.831 Y119.286
G1 X49.657 Y119.478
G1 X49.368 Y119.556
G1 X48.871 Y119.395
G1 X48.504 Y118.913
G1 X48.384 Y118.305
G1 X48.538 Y117.623
G1 X48.950 Y117.290
G1 X49.546 Y117.248
G1 X50.047 Y117.496
G1 X50.318 Y117.954
G0 Z5.000 F500.000
G0 X53.023 Y119.666 F3000.000
G1 Z1.000 F500.000
G4 P100
G1 X52.803 Y119.429 F1000.000
G1 X52.633 Y118.663
G1 X52.612 Y118.272
G1 X52.727 Y117.957
G1 X52.672 Y117.310
G1 X52.727 Y117.957
G1 X53.106 Y118.205
G1 X53.618 Y119.096
G1 X54.126 Y119.305
G1 X54.255 Y119.028
G1 X54.202 Y118.347
G1 X54.308 Y117.991
G1 X54.220 Y117.292
G1 X54.308 Y117.991
G1 X54.678 Y118.234
G1 X55.240 Y119.127
G1 X55.502 Y119.271
G1 X55.812 Y119.282
G1 X55.878 Y118.821
G1 X55.733 Y117.319
G0 Z5.000 F500.000
G0 X58.613 Y117.701 F3000.000
G1 Z1.000 F500.000
G4 P100
G1 X58.893 Y119.259 F1000.000
G1 X58.350 Y119.574
G1 X57.872 Y119.377
G1 X57.471 Y118.952
G1 X57.225 Y118.385
G1 X57.178 Y117.785
G1 X57.299 Y117.444
G1 X57.540 Y117.267
G1 X57.844 Y117.281
G1 X58.232 Y117.607
G1 X58.613 Y117.701
G1 X58.659 Y117.331
G0 Z5.000 F500.000
G0 X60.354 Y119.098 F3000.000
G1 Z1.000 F500.000
G4 P100
G1 X60.683 Y119.172 F1000.000
G1 X61.174 Y119.513
G1 X61.561 Y119.503
G1 X61.851 Y119.135
G1 X61.845 Y118.475
G1 X61.546 Y117.793
G1 X61.036 Y117.331
G1 X60.680 Y117.217
G1 X60.333 Y117.234
G1 X60.159 Y117.673
G1 X59.870 Y117.558
G1 X59.678 Y117.355
G1 X59.255 Y116.283
G1 X59.049 Y115.354
G1 X59.083 Y114.690
G1 X59.362 Y114.405
G1 X59.605 Y114.434
G1 X59.806 Y114.616
G1 X60.090 Y115.481
G1 X60.333 Y117.234
G1 X60.159 Y117.673
G1 X60.354 Y119.098
G1 X60.277 Y119.463
G1 X60.373 Y119.602
G0 Z5.000 F500.000
G0 X25.672 Y105.833 F3000.000
G1 Z1.000 F500.000
G4 P100
G1 X25.574 Y106.130 F1000.000
G1 X25.628 Y106.474
G1 X25.836 Y106.725
G1 X26.174 Y106.895
G1 X26.840 Y107.025
G1 X27.190 Y106.941
G1 X27.661 Y107.073
G1 X29.229 Y106.987
G1 X27.683 Y107.073
G1 X27.190 Y106.941
G1 X27.080 Y105.161
G1 X28.291 Y105.139
G1 X26.416 Y105.112
G1 X27.002 Y105.078
G1 X26.996 Y104.771
G1 X26.777 Y103.851
G1 X26.577 Y103.582
G1 X26.291 Y103.406
G1 X25.920 Y103.337
G1 X25.540 Y103.406
G1 X25.213 Y103.610
G1 X25.054 Y103.875
G0 Z5.000 F500.000
G0 X28.931 Y103.977 F3000.000
G1 Z1.000 F500.000
G4 P100
G1 X29.607 Y104.163 F1000.000
G1 X29.994 Y104.497
G1 X30.071 Y104.748
G1 X30.026 Y104.998
G1 X29.887 Y105.152
G1 X29.656 Y105.215
G1 X29.259 Y105.086
G1 X28.965 Y104.700
G1 X28.869 Y104.214
G1 X28.992 Y103.668
G1 X29.321 Y103.402
G1 X29.799 Y103.368
G1 X30.199 Y103.567
G1 X30.416 Y103.933
G0 Z5.000 F500.000
G0 X32.007 Y103.731 F3000.000
G1 Z1.000 F500.000
G4 P100
G1 X32.231 Y104.977 F1000.000
G1 X31.796 Y105.229
G1 X31.414 Y105.071
G1 X31.093 Y104.732
G1 X30.896 Y104.278
G1 X30.859 Y103.798
G1 X30.956 Y103.525
G1 X31.148 Y103.384
G1 X31.392 Y103.395
G1 X31.702 Y103.655
G1 X32.007 Y103.731
G1 X32.044 Y103.435
G0 Z5.000 F500.000
G0 X32.956 Y105.220 F3000.000
G1 Z1.000 F500.000
G4 P100
G1 X33.429 Y105.188 F1000.000
G1 X33.561 Y105.300
G1 X33.592 Y105.887
G1 X33.898 Y106.832
G1 X34.194 Y107.197
G1 X34.525 Y107.200
G1 X34.653 Y106.887
G1 X34.609 Y106.417
G1 X34.001 Y105.303
G1 X34.352 Y105.232
G1 X34.772 Y105.313
G1 X34.352 Y105.232
G1 X33.561 Y105.300
G1 X33.473 Y105.205
G1 X33.464 Y104.431
G1 X33.555 Y103.819
G1 X33.789 Y103.473
G1 X34.252 Y103.393
G1 X34.623 Y103.640
G0 Z5.000 F500.000
G0 X35.585 Y105.293 F3000.000
G1 Z1.000 F500.000
G4 P100
G1 X35.423 Y105.129 F1000.000
G1 X35.295 Y104.618
G1 X35.270 Y103.664
G1 X35.397 Y103.497
G1 X35.566 Y103.507
G1 X36.001 Y103.953
G1 X36.330 Y104.067
G1 X36.373 Y103.428
G1 X36.330 Y104.067
G1 X36.654 Y105.237
G0 Z5.000 F500.000
G0 X37.863 Y105.288 F3000.000
G1 Z1.000 F500.000
G4 P100
G1 X37.713 Y105.132 F1000.000
G1 X37.557 Y104.449
G1 X37.643 Y103.928
G1 X37.599 Y103.401
G1 X37.643 Y103.928
G1 X37.938 Y104.112
G1 X38.469 Y104.913
G1 X38.837 Y105.010
G1 X38.925 Y105.120
G1 X38.837 Y105.010
G1 X39.025 Y104.404
G1 X38.979 Y104.312
G1 X39.230 Y104.492
G0 Z5.000 F500.000
G0 X39.796 Y103.977 F3000.000
G1 Z1.000 F500.000
G4 P100
G1 X40.472 Y104.163 F1000.000
G1 X40.859 Y104.497
G1 X40.936 Y104.748
G1 X40.891 Y104.998
G1 X40.752 Y105.152
G1 X40.521 Y105.215
G1 X40.124 Y105.086
G1 X39.830 Y104.700
G1 X39.734 Y104.214
G1 X39.857 Y103.668
G1 X40.186 Y103.402
G1 X40.664 Y103.368
G1 X41.064 Y103.567
G1 X41.281 Y103.933
G0 Z5.000 F500.000
G0 X87.967 Y106.069 F3000.000
G1 Z1.000 F500.000
G4 P100
G1 X88.038 Y106.375 F1000.000
G1 X87.983 Y106.677
G1 X87.668 Y107.003
G1 X86.857 Y107.066
G1 X86.162 Y106.798
G1 X85.969 Y106.562
G1 X85.873 Y106.239
G1 X85.975 Y105.795
G1 X86.365 Y105.339
G1 X86.976 Y105.361
G1 X86.365 Y105.339
G1 X86.245 Y105.184
G1 X85.661 Y104.907
G1 X85.397 Y104.364
G1 X85.434 Y103.977
G1 X85.586 Y103.746
G1 X85.856 Y103.573
G1 X86.751 Y103.412
G1 X87.971 Y103.531
G1 X88.464 Y103.693
G1 X88.694 Y103.872
G0 Z5.000 F500.000
G0 X90.686 Y104.849 F3000.000
G1 Z1.000 F500.000
G4 P100
G1 X90.663 Y105.109 F1000.000
G1 X90.545 Y105.178
G1 X90.228 Y105.115
G1 X89.805 Y104.717
G1 X89.463 Y105.144
G1 X89.065 Y105.144
G1 X88.926 Y104.868
G1 X89.048 Y105.132
G1 X89.333 Y105.191
G1 X89.537 Y105.088
G1 X89.805 Y104.717
G1 X89.727 Y103.831
G1 X89.119 Y103.391
G1 X88.852 Y103.403
G1 X88.671 Y103.563
G1 X88.645 Y103.824
G1 X88.738 Y104.033
G1 X88.648 Y103.640
G1 X88.852 Y103.403
G1 X89.216 Y103.426
G1 X89.727 Y103.831
G1 X90.071 Y103.449
G1 X90.495 Y103.372
G1 X90.892 Y103.573
G1 X91.099 Y103.950
G0 Z5.000 F500.000
G0 X91.586 Y104.849 F3000.000
G1 Z1.000 F500.000
G4 P100
G1 X91.849 Y104.907 F1000.000
G1 X92.241 Y105.181
G1 X92.551 Y105.173
G1 X92.783 Y104.878
G1 X92.778 Y104.350
G1 X92.539 Y103.804
G1 X92.131 Y103.435
G1 X91.569 Y103.357
G1 X91.430 Y103.709
G1 X91.045 Y103.454
G1 X90.706 Y102.596
G1 X90.541 Y101.853
G1 X90.569 Y101.322
G1 X90.792 Y101.094
G1 X90.986 Y101.117
G1 X91.147 Y101.263
G1 X91.374 Y101.955
G1 X91.569 Y103.357
G1 X91.430 Y103.709
G1 X91.586 Y104.849
G1 X91.524 Y105.140
G1 X91.601 Y105.252
G0 Z5.000 F500.000
G0 X93.837 Y103.977 F3000.000
G1 Z1.000 F500.000
G4 P100
G1 X94.512 Y104.163 F1000.000
G1 X94.900 Y104.497
G1 X94.977 Y104.748
G1 X94.932 Y104.998
G1 X94.793 Y105.152
G1 X94.562 Y105.215
G1 X94.164 Y105.086
G1 X93.871 Y104.700
G1 X93.774 Y104.214
G1 X93.897 Y103.668
G1 X94.227 Y103.402
G1 X94.704 Y103.368
G1 X95.105 Y103.567
G1 X95.321 Y103.933
G0 Z5.000 F500.000
G0 X96.791 Y104.587 F3000.000
G1 Z1.000 F500.000
G4 P100
G1 X96.872 Y104.913 F1000.000
G1 X96.711 Y105.169
G1 X96.376 Y105.197
G1 X96.048 Y104.996
G1 X95.758 Y104.338
G1 X95.765 Y103.952
G1 X95.884 Y103.647
G1 X96.207 Y103.406
G1 X96.655 Y103.383
G1 X97.037 Y103.588
G1 X97.235 Y103.948
G0 Z5.000 F500.000
G0 X97.352 Y105.220 F3000.000
G1 Z1.000 F500.000
G4 P100
G1 X97.824 Y105.188 F1000.000
G1 X97.957 Y105.300
G1 X97.988 Y105.887
G1 X98.294 Y106.832
G1 X98.589 Y107.197
G1 X98.921 Y107.200
G1 X99.048 Y106.887
G1 X99.005 Y106.417
G1 X98.396 Y105.303
G1 X98.747 Y105.232
G1 X99.168 Y105.313
G1 X98.747 Y105.232
G1 X97.957 Y105.300
G1 X97.869 Y105.205
G1 X97.859 Y104.431
G1 X97.951 Y103.819
G1 X98.184 Y103.473
G1 X98.648 Y103.393
G1 X99.019 Y103.640
G0 Z5.000 F500.000
G0 X99.607 Y103.977 F3000.000
G1 Z1.000 F500.000
G4 P100
G1 X100.282 Y104.163 F1000.000
G1 X100.670 Y104.497
G1 X100.747 Y104.748
G1 X100.702 Y104.998
G1 X100.563 Y105.152
G1 X100.332 Y105.215
G1 X99.934 Y105.086
G1 X99.641 Y104.700
G1 X99.544 Y104.214
G1 X99.667 Y103.668
G1 X99.997 Y103.402
G1 X100.474 Y103.368
G1 X100.875 Y103.567
G1 X101.091 Y103.933
G0 Z5.000 F500.000
G0 X102.817 Y104.668 F3000.000
G1 Z1.000 F500.000
G4 P100
G1 X102.821 Y103.801 F1000.000
G1 X103.008 Y103.359
G1 X102.822 Y103.794
G1 X102.250 Y103.448
G1 X101.929 Y103.376
G1 X101.715 Y103.457
G1 X101.554 Y103.858
G1 X101.577 Y104.236
G1 X101.703 Y104.624
G1 X101.952 Y104.957
G1 X102.270 Y105.162
G1 X102.740 Y105.220
G1 X102.706 Y104.859
G1 X102.817 Y104.668
G1 X103.282 Y104.947
G1 X103.817 Y106.549
G1 X103.846 Y107.183
G1 X103.691 Y107.529
G1 X103.351 Y107.498
G1 X103.162 Y107.189
G1 X102.781 Y105.176
G0 Z5.000 F500.000
G0 X105.081 Y103.579 F3000.000
G1 Z1.000 F500.000
G4 P100
G1 X105.759 Y104.511 F1000.000
G1 X105.999 Y104.685
G1 X106.114 Y105.164
G1 X106.280 Y105.320
G1 X106.114 Y105.164
G1 X105.999 Y104.685
G1 X106.469 Y104.062
G1 X106.549 Y103.662
G1 X106.327 Y103.370
G1 X105.919 Y103.372
G0 Z5.000 F500.000
G0 X107.317 Y105.220 F3000.000
G1 Z1.000 F500.000
G4 P100
G1 X107.789 Y105.188 F1000.000
G1 X107.922 Y105.300
G1 X107.953 Y105.887
G1 X108.259 Y106.832
G1 X108.554 Y107.197
G1 X108.886 Y107.200
G1 X109.013 Y106.887
G1 X108.970 Y106.417
G1 X108.361 Y105.303
G1 X108.712 Y105.232
G1 X109.133 Y105.313
G1 X108.712 Y105.232
G1 X107.922 Y105.300
G1 X107.834 Y105.205
G1 X107.824 Y104.431
G1 X107.916 Y103.819
G1 X108.149 Y103.473
G1 X108.613 Y103.393
G1 X108.984 Y103.640
G0 Z5.000 F500.000
G0 X109.914 Y105.288 F3000.000
G1 Z1.000 F500.000
G4 P100
G1 X109.764 Y105.132 F1000.000
G1 X109.608 Y104.449
G1 X109.694 Y103.928
G1 X109.650 Y103.401
G1 X109.694 Y103.928
G1 X109.988 Y104.112
G1 X110.520 Y104.913
G1 X110.888 Y105.010
G1 X110.976 Y105.120
G1 X110.888 Y105.010
G1 X111.076 Y104.404
G1 X111.030 Y104.312
G1 X111.281 Y104.492
G0 Z5.000 F500.000
G0 X111.847 Y103.977 F3000.000
G1 Z1.000 F500.000
G4 P100
G1 X112.522 Y104.163 F1000.000
G1 X112.910 Y104.497
G1 X112.987 Y104.748
G1 X112.942 Y104.998
G1 X112.803 Y105.152
G1 X112.572 Y105.215
G1 X112.174 Y105.086
G1 X111.881 Y104.700
G1 X111.784 Y104.214
G1 X111.907 Y103.668
G1 X112.237 Y103.402
G1 X112.714 Y103.368
G1 X113.115 Y103.567
G1 X113.331 Y103.933
G0 Z5.000 F500.000
G0 X113.421 Y103.579 F3000.000
G1 Z1.000 F500.000
G4 P100
G1 X114.099 Y104.511 F1000.000
G1 X114.339 Y104.685
G1 X114.454 Y105.164
G1 X114.620 Y105.320
G1 X114.454 Y105.164
G1 X114.339 Y104.685
G1 X114.809 Y104.062
G1 X114.889 Y103.662
G1 X114.667 Y103.370
G1 X114.259 Y103.372
G0 Z5.000 F500.000
G0 X115.556 Y103.579 F3000.000
G1 Z1.000 F500.000
G4 P100
G1 X116.234 Y104.511 F1000.000
G1 X116.474 Y104.685
G1 X116.589 Y105.164
G1 X116.755 Y105.320
G1 X116.589 Y105.164
G1 X116.474 Y104.685
G1 X116.944 Y104.062
G1 X117.024 Y103.662
G1 X116.802 Y103.370
G1 X116.394 Y103.372
G0 Z5.000 F500.000
G0 X119.561 Y104.849 F3000.000
G1 Z1.000 F500.000
G4 P100
G1 X119.824 Y104.907 F1000.000
G1 X120.216 Y105.181
G1 X120.526 Y105.173
G1 X120.758 Y104.878
G1 X120.753 Y104.350
G1 X120.514 Y103.804
G1 X120.106 Y103.435
G1 X119.544 Y103.357
G1 X119.405 Y103.709
G1 X119.020 Y103.454
G1 X118.681 Y102.596
G1 X118.516 Y101.853
G1 X118.544 Y101.322
G1 X118.767 Y101.094
G1 X118.961 Y101.117
G1 X119.122 Y101.263
G1 X119.349 Y101.955
G1 X119.544 Y103.357
G1 X119.405 Y103.709
G1 X119.561 Y104.849
G1 X119.499 Y105.140
G1 X119.576 Y105.252
G0 Z5.000 F500.000
G0 X121.840 Y104.626 F3000.000
G1 Z1.000 F500.000
G4 P100
G1 X121.994 Y104.946 F1000.000
G1 X122.223 Y105.122
G1 X122.612 Y105.171
G1 X122.922 Y105.022
G1 X123.063 Y104.760
G1 X123.122 Y104.342
G1 X123.026 Y103.856
G1 X122.828 Y103.544
G1 X122.337 Y103.392
G1 X121.965 Y103.554
G1 X121.784 Y104.047
G1 X121.840 Y104.626
G0 Z5.000 F500.000
G0 X123.969 Y103.367 F3000.000
G1 Z1.000 F500.000
G4 P100
G1 X124.272 Y105.074 F1000.000
G1 X124.370 Y105.212
G0 Z5.000 F500.000
G0 X124.421 Y106.165 F3000.000
G1 Z1.000 F500.000
G4 P100
G1 X124.555 Y106.187 F1000.000
G0 Z5.000 F500.000
G0 X125.627 Y105.281 F3000.000
G1 Z1.000 F500.000
G4 P100
G1 X125.464 Y105.027 F1000.000
G1 X125.351 Y104.505
G1 X125.378 Y103.406
G1 X125.385 Y103.928
G1 X125.757 Y104.156
G1 X126.134 Y104.819
G1 X126.696 Y105.010
G1 X126.718 Y105.105
G1 X126.584 Y103.442
G0 Z5.000 F500.000
G0 X127.487 Y105.220 F3000.000
G1 Z1.000 F500.000
G4 P100
G1 X127.959 Y105.188 F1000.000
G1 X128.092 Y105.300
G1 X128.123 Y105.887
G1 X128.429 Y106.832
G1 X128.724 Y107.197
G1 X129.056 Y107.200
G1 X129.183 Y106.887
G1 X129.140 Y106.417
G1 X128.531 Y105.303
G1 X128.882 Y105.232
G1 X129.303 Y105.313
G1 X128.882 Y105.232
G1 X128.092 Y105.300
G1 X128.004 Y105.205
G1 X127.994 Y104.431
G1 X128.086 Y103.819
G1 X128.319 Y103.473
G1 X128.783 Y103.393
G1 X129.154 Y103.640
G0 Z5.000 F500.000
G0 X26.709 Y88.190 F3000.000
G1 Z1.000 F500.000
G4 P100
G1 X27.246 Y91.671 F1000.000
G1 X27.683 Y91.790
G1 X29.075 Y91.698
G1 X27.676 Y91.790
G1 X27.246 Y91.671
G1 X26.864 Y91.769
G1 X25.932 Y91.629
G1 X25.583 Y91.463
G1 X25.377 Y91.220
G1 X25.311 Y90.877
G1 X25.408 Y90.543
G0 Z5.000 F500.000
G0 X28.856 Y88.698 F3000.000
G1 Z1.000 F500.000
G4 P100
G1 X29.532 Y88.884 F1000.000
G1 X29.919 Y89.217
G1 X29.996 Y89.469
G1 X29.951 Y89.719
G1 X29.812 Y89.873
G1 X29.581 Y89.935
G1 X29.184 Y89.807
G1 X28.890 Y89.421
G1 X28.794 Y88.935
G1 X28.917 Y88.389
G1 X29.246 Y88.123
G1 X29.724 Y88.089
G1 X30.124 Y88.287
G1 X30.341 Y88.654
G0 Z5.000 F500.000
G0 X32.721 Y89.569 F3000.000
G1 Z1.000 F500.000
G4 P100
G1 X32.697 Y89.830 F1000.000
G1 X32.579 Y89.899
G1 X32.262 Y89.836
G1 X31.839 Y89.438
G1 X31.497 Y89.865
G1 X31.100 Y89.865
G1 X30.961 Y89.589
G1 X31.082 Y89.852
G1 X31.367 Y89.911
G1 X31.572 Y89.809
G1 X31.839 Y89.438
G1 X31.761 Y88.551
G1 X31.154 Y88.111
G1 X30.886 Y88.124
G1 X30.706 Y88.284
G1 X30.679 Y88.545
G1 X30.773 Y88.754
G1 X30.683 Y88.361
G1 X30.886 Y88.124
G1 X31.250 Y88.147
G1 X31.761 Y88.551
G1 X32.105 Y88.170
G1 X32.530 Y88.092
G1 X32.926 Y88.294
G1 X33.133 Y88.671
G0 Z5.000 F500.000
G0 X33.176 Y89.940 F3000.000
G1 Z1.000 F500.000
G4 P100
G1 X33.649 Y89.909 F1000.000
G1 X33.781 Y90.021
G1 X33.812 Y90.608
G1 X34.118 Y91.553
G1 X34.414 Y91.918
G1 X34.745 Y91.920
G1 X34.873 Y91.608
G1 X34.829 Y91.137
G1 X34.221 Y90.023
G1 X34.572 Y89.953
G1 X34.992 Y90.033
G1 X34.572 Y89.953
G1 X33.781 Y90.021
G1 X33.693 Y89.926
G1 X33.684 Y89.152
G1 X33.775 Y88.540
G1 X34.009 Y88.194
G1 X34.472 Y88.114
G1 X34.843 Y88.361
G0 Z5.000 F500.000
G0 X87.913 Y90.697 F3000.000
G1 Z1.000 F500.000
G4 P100
G1 X87.971 Y91.307 F1000.000
G1 X87.649 Y91.713
G1 X86.997 Y91.792
G1 X86.331 Y91.519
G1 X85.902 Y91.067
G1 X85.621 Y90.453
G1 X85.514 Y89.676
G1 X85.608 Y89.040
G1 X86.042 Y88.445
G1 X86.782 Y88.150
G1 X87.887 Y88.210
G1 X88.497 Y88.414
G1 X88.687 Y88.578
G0 Z5.000 F500.000
G0 X89.690 Y87.565 F3000.000
G1 Z1.000 F500.000
G4 P100
G1 X89.689 Y87.163 F1000.000
G1 X89.319 Y86.163
G1 X89.008 Y85.852
G1 X88.647 Y85.865
G1 X88.482 Y86.196
G1 X88.652 Y86.735
G1 X89.228 Y87.389
G1 X89.690 Y87.565
G1 X89.804 Y87.761
G1 X89.932 Y88.490
G1 X89.881 Y88.810
G1 X90.218 Y89.955
G1 X89.881 Y88.810
G1 X89.589 Y88.681
G1 X89.282 Y88.296
G1 X89.024 Y88.203
G1 X88.837 Y88.421
G1 X88.801 Y88.847
G1 X88.976 Y89.789
G1 X89.161 Y90.014
G0 Z5.000 F500.000
G0 X91.524 Y90.009 F3000.000
G1 Z1.000 F500.000
G4 P100
G1 X91.374 Y89.853 F1000.000
G1 X91.218 Y89.169
G1 X91.304 Y88.649
G1 X91.260 Y88.122
G1 X91.304 Y88.649
G1 X91.598 Y88.833
G1 X92.130 Y89.634
G1 X92.498 Y89.730
G1 X92.586 Y89.840
G1 X92.498 Y89.730
G1 X92.686 Y89.125
G1 X92.640 Y89.032
G1 X92.891 Y89.213
G0 Z5.000 F500.000
G0 X93.760 Y89.933 F3000.000
G1 Z1.000 F500.000
G4 P100
G1 X93.662 Y89.795 F1000.000
G1 X93.359 Y88.087
G0 Z5.000 F500.000
G0 X93.811 Y90.885 F3000.000
G1 Z1.000 F500.000
G4 P100
G1 X93.945 Y90.907 F1000.000
G0 Z5.000 F500.000
G0 X94.836 Y89.101 F3000.000
G1 Z1.000 F500.000
G4 P100
G1 X95.088 Y89.196 F1000.000
G1 X95.264 Y89.387
G1 X95.911 Y90.794
G1 X96.056 Y91.818
G1 X95.974 Y92.144
G1 X95.810 Y92.288
G1 X95.451 Y92.173
G1 X95.151 Y91.632
G1 X94.866 Y90.596
G1 X94.738 Y89.433
G1 X94.836 Y89.101
G1 X94.797 Y88.650
G1 X95.014 Y88.233
G1 X95.486 Y88.107
G1 X95.747 Y88.200
G1 X95.903 Y88.368
G0 Z5.000 F500.000
G0 X96.466 Y89.101 F3000.000
G1 Z1.000 F500.000
G4 P100
G1 X96.718 Y89.196 F1000.000
G1 X96.894 Y89.387
G1 X97.541 Y90.794
G1 X97.686 Y91.818
G1 X97.604 Y92.144
G1 X97.440 Y92.288
G1 X97.081 Y92.173
G1 X96.781 Y91.632
G1 X96.496 Y90.596
G1 X96.368 Y89.433
G1 X96.466 Y89.101
G1 X96.427 Y88.650
G1 X96.644 Y88.233
G1 X97.116 Y88.107
G1 X97.377 Y88.200
G1 X97.533 Y88.368
G0 Z5.000 F500.000
G0 X97.849 Y88.087 F3000.000
G1 Z1.000 F500.000
G4 P100
G1 X98.152 Y89.795 F1000.000
G1 X98.250 Y89.933
G0 Z5.000 F500.000
G0 X98.301 Y90.885 F3000.000
G1 Z1.000 F500.000
G4 P100
G1 X98.435 Y90.907 F1000.000
G0 Z5.000 F500.000
G0 X100.166 Y89.308 F3000.000
G1 Z1.000 F500.000
G4 P100
G1 X100.247 Y89.634 F1000.000
G1 X100.086 Y89.890
G1 X99.751 Y89.918
G1 X99.423 Y89.717
G1 X99.133 Y89.059
G1 X99.140 Y88.672
G1 X99.259 Y88.368
G1 X99.582 Y88.127
G1 X100.030 Y88.103
G1 X100.412 Y88.308
G1 X100.610 Y88.668
G0 Z5.000 F500.000
G0 X102.501 Y89.274 F3000.000
G1 Z1.000 F500.000
G4 P100
G1 X103.555 Y89.257 F1000.000
G1 X103.552 Y88.444
G1 X103.414 Y88.073
G0 Z5.000 F500.000
G0 X103.555 Y89.257 F3000.000
G1 Z1.000 F500.000
G4 P100
G1 X103.634 Y89.325 F1000.000
G1 X103.748 Y90.478
G0 Z5.000 F500.000
G0 X103.634 Y89.325 F3000.000
G1 Z1.000 F500.000
G4 P100
G1 X104.678 Y89.298 F1000.000
G0 Z5.000 F500.000
G0 X109.909 Y90.709 F3000.000
G1 Z1.000 F500.000
G4 P100
G1 X109.951 Y91.305 F1000.000
G1 X109.627 Y91.710
G1 X108.962 Y91.797
G1 X108.349 Y91.545
G1 X108.050 Y91.205
G1 X107.870 Y90.751
G1 X107.653 Y88.627
G1 X107.323 Y88.391
G1 X106.884 Y88.295
G1 X107.323 Y88.391
G1 X107.653 Y88.627
G1 X109.028 Y88.204
G1 X109.632 Y88.167
G1 X110.172 Y88.392
G1 X110.490 Y88.805
G0 Z5.000 F500.000
G0 X111.643 Y88.451 F3000.000
G1 Z1.000 F500.000
G4 P100
G1 X111.867 Y89.698 F1000.000
G1 X111.432 Y89.950
G1 X111.050 Y89.792
G1 X110.729 Y89.453
G1 X110.532 Y88.999
G1 X110.495 Y88.519
G1 X110.592 Y88.245
G1 X110.784 Y88.104
G1 X111.028 Y88.116
G1 X111.338 Y88.376
G1 X111.643 Y88.451
G1 X111.680 Y88.156
G0 Z5.000 F500.000
G0 X112.592 Y89.940 F3000.000
G1 Z1.000 F500.000
G4 P100
G1 X113.064 Y89.909 F1000.000
G1 X113.197 Y90.021
G1 X113.228 Y90.608
G1 X113.534 Y91.553
G1 X113.829 Y91.918
G1 X114.161 Y91.920
G1 X114.288 Y91.608
G1 X114.245 Y91.137
G1 X113.636 Y90.023
G1 X113.987 Y89.953
G1 X114.408 Y90.033
G1 X113.987 Y89.953
G1 X113.197 Y90.021
G1 X113.109 Y89.926
G1 X113.099 Y89.152
G1 X113.191 Y88.540
G1 X113.424 Y88.194
G1 X113.888 Y88.114
G1 X114.259 Y88.361
G0 Z5.000 F500.000
G0 X114.749 Y88.087 F3000.000
G1 Z1.000 F500.000
G4 P100
G1 X115.052 Y89.795 F1000.000
G1 X115.150 Y89.933
G0 Z5.000 F500.000
G0 X115.201 Y90.885 F3000.000
G1 Z1.000 F500.000
G4 P100
G1 X115.335 Y90.907 F1000.000
G0 Z5.000 F500.000
G0 X116.407 Y90.001 F3000.000
G1 Z1.000 F500.000
G4 P100
G1 X116.244 Y89.747 F1000.000
G1 X116.131 Y89.226
G1 X116.158 Y88.126
G1 X116.165 Y88.649
G1 X116.537 Y88.877
G1 X116.914 Y89.540
G1 X117.476 Y89.730
G1 X117.498 Y89.826
G1 X117.364 Y88.163
G0 Z5.000 F500.000
G0 X120.041 Y89.274 F3000.000
G1 Z1.000 F500.000
G4 P100
G1 X121.095 Y89.257 F1000.000
G1 X121.092 Y88.444
G1 X120.954 Y88.073
G0 Z5.000 F500.000
G0 X121.095 Y89.257 F3000.000
G1 Z1.000 F500.000
G4 P100
G1 X121.174 Y89.325 F1000.000
G1 X121.288 Y90.478
G0 Z5.000 F500.000
G0 X121.174 Y89.325 F3000.000
G1 Z1.000 F500.000
G4 P100
G1 X122.218 Y89.298 F1000.000
G0 Z5.000 F500.000
G0 X125.952 Y89.389 F3000.000
G1 Z1.000 F500.000
G4 P100
G1 X125.956 Y88.522 F1000.000
G1 X126.143 Y88.080
G1 X125.957 Y88.515
G1 X125.385 Y88.169
G1 X125.064 Y88.096
G1 X124.850 Y88.178
G1 X124.689 Y88.578
G1 X124.712 Y88.956
G1 X124.838 Y89.345
G1 X125.087 Y89.677
G1 X125.405 Y89.883
G1 X125.875 Y89.940
G1 X125.841 Y89.580
G1 X125.952 Y89.389
G1 X126.417 Y89.667
G1 X126.952 Y91.270
G1 X126.981 Y91.904
G1 X126.826 Y92.250
G1 X126.486 Y92.218
G1 X126.297 Y91.910
G1 X125.916 Y89.897
G0 Z5.000 F500.000
G0 X127.585 Y89.933 F3000.000
G1 Z1.000 F500.000
G4 P100
G1 X127.487 Y89.795 F1000.000
G1 X127.184 Y88.087
G0 Z5.000 F500.000
G0 X127.636 Y90.885 F3000.000
G1 Z1.000 F500.000
G4 P100
G1 X127.770 Y90.907 F1000.000
G0 Z5.000 F500.000
G0 X129.567 Y88.341 F3000.000
G1 Z1.000 F500.000
G4 P100
G1 X129.840 Y89.697 F1000.000
G1 X129.417 Y89.952
G1 X129.057 Y89.811
G1 X128.745 Y89.505
G1 X128.539 Y89.094
G1 X128.467 Y88.640
G1 X128.553 Y88.281
G1 X128.793 Y88.100
G1 X129.032 Y88.107
G1 X129.567 Y88.341
G1 X129.598 Y88.019
G1 X129.423 Y87.563
G1 X129.422 Y87.160
G1 X129.196 Y86.447
G1 X128.954 Y86.022
G1 X128.677 Y85.829
G1 X128.373 Y85.871
G1 X128.217 Y86.222
G1 X128.407 Y86.761
G1 X129.088 Y87.482
G1 X129.423 Y87.563
G0 Z5.000 F500.000
G0 X130.809 Y88.087 F3000.000
G1 Z1.000 F500.000
G4 P100
G1 X131.112 Y89.795 F1000.000
G1 X131.210 Y89.933
G0 Z5.000 F500.000
G0 X131.261 Y90.885 F3000.000
G1 Z1.000 F500.000
G4 P100
G1 X131.395 Y90.907 F1000.000
G0 Z5.000 F500.000
G0 X131.847 Y89.940 F3000.000
G1 Z1.000 F500.000
G4 P100
G1 X132.319 Y89.909 F1000.000
G1 X132.452 Y90.021
G1 X132.483 Y90.608
G1 X132.789 Y91.553
G1 X133.084 Y91.918
G1 X133.416 Y91.920
G1 X133.543 Y91.608
G1 X133.500 Y91.137
G1 X132.891 Y90.023
G1 X133.242 Y89.953
G1 X133.663 Y90.033
G1 X133.242 Y89.953
G1 X132.452 Y90.021
G1 X132.364 Y89.926
G1 X132.354 Y89.152
G1 X132.446 Y88.540
G1 X132.679 Y88.194
G1 X133.143 Y88.114
G1 X133.514 Y88.361
G0 Z5.000 F500.000
G0 X133.711 Y88.300 F3000.000
G1 Z1.000 F500.000
G4 P100
G1 X134.389 Y89.232 F1000.000
G1 X134.629 Y89.406
G1 X134.744 Y89.885
G1 X134.910 Y90.041
G1 X134.744 Y89.885
G1 X134.629 Y89.406
G1 X135.099 Y88.782
G1 X135.179 Y88.382
G1 X134.957 Y88.091
G1 X134.549 Y88.092
G0 Z5.000 F500.000
G0 X137.721 Y89.274 F3000.000
G1 Z1.000 F500.000
G4 P100
G1 X138.775 Y89.257 F1000.000
G1 X138.772 Y88.444
G1 X138.634 Y88.073
G0 Z5.000 F500.000
G0 X138.775 Y89.257 F3000.000
G1 Z1.000 F500.000
G4 P100
G1 X138.854 Y89.325 F1000.000
G1 X138.968 Y90.478
G0 Z5.000 F500.000
G0 X138.854 Y89.325 F3000.000
G1 Z1.000 F500.000
G4 P100
G1 X139.898 Y89.298 F1000.000
G0 Z5.000 F500.000
G0 X85.526 Y79.875 F3000.000
G1 Z1.000 F500.000
G4 P100
G1 X85.449 Y79.764 F1000.000
G1 X85.511 Y79.472
G1 X85.355 Y78.332
G1 X85.494 Y77.981
G1 X85.299 Y76.578
G1 X85.072 Y75.886
G1 X84.911 Y75.741
G1 X84.717 Y75.717
G1 X84.494 Y75.946
G1 X84.466 Y76.477
G1 X84.631 Y77.220
G1 X84.970 Y78.078
G1 X85.355 Y78.332
G1 X85.494 Y77.981
G1 X86.056 Y78.058
G1 X86.464 Y78.428
G1 X86.703 Y78.973
G1 X86.708 Y79.502
G1 X86.476 Y79.796
G1 X86.166 Y79.804
G1 X85.774 Y79.531
G1 X85.511 Y79.472
G0 Z5.000 F500.000
G0 X88.136 Y79.917 F3000.000
G1 Z1.000 F500.000
G4 P100
G1 X87.973 Y79.753 F1000.000
G1 X87.846 Y79.242
G1 X87.821 Y78.288
G1 X87.947 Y78.121
G1 X88.116 Y78.131
G1 X88.552 Y78.576
G1 X88.880 Y78.691
G1 X88.924 Y78.051
G1 X88.880 Y78.691
G1 X89.205 Y79.861
G0 Z5.000 F500.000
G0 X90.402 Y79.904 F3000.000
G1 Z1.000 F500.000
G4 P100
G1 X90.239 Y79.650 F1000.000
G1 X90.126 Y79.129
G1 X90.153 Y78.029
G1 X90.160 Y78.552
G1 X90.532 Y78.780
G1 X90.909 Y79.443
G1 X91.471 Y79.633
G1 X91.493 Y79.729
G1 X91.359 Y78.066
G0 Z5.000 F500.000
G0 X93.541 Y79.211 F3000.000
G1 Z1.000 F500.000
G4 P100
G1 X93.622 Y79.537 F1000.000
G1 X93.461 Y79.793
G1 X93.126 Y79.821
G1 X92.798 Y79.620
G1 X92.508 Y78.962
G1 X92.515 Y78.575
G1 X92.634 Y78.271
G1 X92.957 Y78.030
G1 X93.405 Y78.006
G1 X93.787 Y78.211
G1 X93.985 Y78.571
G0 Z5.000 F500.000
G0 X94.102 Y79.843 F3000.000
G1 Z1.000 F500.000
G4 P100
G1 X94.574 Y79.812 F1000.000
G1 X94.707 Y79.924
G1 X94.738 Y80.511
G1 X95.044 Y81.456
G1 X95.339 Y81.821
G1 X95.671 Y81.823
G1 X95.798 Y81.511
G1 X95.755 Y81.040
G1 X95.146 Y79.926
G1 X95.497 Y79.856
G1 X95.918 Y79.936
G1 X95.497 Y79.856
G1 X94.707 Y79.924
G1 X94.619 Y79.829
G1 X94.609 Y79.055
G1 X94.701 Y78.443
G1 X94.934 Y78.097
G1 X95.398 Y78.017
G1 X95.769 Y78.264
G0 Z5.000 F500.000
G0 X96.731 Y79.917 F3000.000
G1 Z1.000 F500.000
G4 P100
G1 X96.568 Y79.753 F1000.000
G1 X96.441 Y79.242
G1 X96.416 Y78.288
G1 X96.542 Y78.121
G1 X96.711 Y78.131
G1 X97.147 Y78.576
G1 X97.475 Y78.691
G1 X97.519 Y78.051
G1 X97.475 Y78.691
G1 X97.800 Y79.861
G0 Z5.000 F500.000
G0 X99.778 Y78.354 F3000.000
G1 Z1.000 F500.000
G4 P100
G1 X100.002 Y79.601 F1000.000
G1 X99.567 Y79.853
G1 X99.185 Y79.695
G1 X98.864 Y79.356
G1 X98.667 Y78.902
G1 X98.630 Y78.422
G1 X98.727 Y78.148
G1 X98.919 Y78.007
G1 X99.163 Y78.019
G1 X99.473 Y78.279
G1 X99.778 Y78.354
G1 X99.815 Y78.059
G0 Z5.000 F500.000
G0 X100.727 Y79.843 F3000.000
G1 Z1.000 F500.000
G4 P100
G1 X101.199 Y79.812 F1000.000
G1 X101.332 Y79.924
G1 X101.363 Y80.511
G1 X101.669 Y81.456
G1 X101.964 Y81.821
G1 X102.296 Y81.823
G1 X102.423 Y81.511
G1 X102.380 Y81.040
G1 X101.771 Y79.926
G1 X102.122 Y79.856
G1 X102.543 Y79.936
G1 X102.122 Y79.856
G1 X101.332 Y79.924
G1 X101.244 Y79.829
G1 X101.234 Y79.055
G1 X101.326 Y78.443
G1 X101.559 Y78.097
G1 X102.023 Y78.017
G1 X102.394 Y78.264
G0 Z5.000 F500.000
G0 X102.884 Y77.990 F3000.000
G1 Z1.000 F500.000
G4 P100
G1 X103.187 Y79.698 F1000.000
G1 X103.285 Y79.836
G0 Z5.000 F500.000
G0 X103.336 Y80.788 F3000.000
G1 Z1.000 F500.000
G4 P100
G1 X103.470 Y80.810 F1000.000
G0 Z5.000 F500.000
G0 X104.475 Y79.656 F3000.000
G1 Z1.000 F500.000
G4 P100
G1 X104.751 Y79.780 F1000.000
G1 X105.070 Y79.784
G1 X105.290 Y79.676
G1 X105.442 Y79.446
G1 X105.523 Y79.010
G1 X105.457 Y78.577
G1 X105.307 Y78.254
G1 X105.075 Y78.071
G1 X104.557 Y78.049
G1 X104.252 Y78.373
G1 X104.197 Y79.034
G1 X104.294 Y79.401
G1 X104.475 Y79.656
G0 Z5.000 F500.000
G0 X106.797 Y79.904 F3000.000
G1 Z1.000 F500.000
G4 P100
G1 X106.634 Y79.650 F1000.000
G1 X106.521 Y79.129
G1 X106.548 Y78.029
G1 X106.555 Y78.552
G1 X106.927 Y78.780
G1 X107.304 Y79.443
G1 X107.866 Y79.633
G1 X107.888 Y79.729
G1 X107.754 Y78.066
G0 Z5.000 F500.000
G0 X109.030 Y78.281 F3000.000
G1 Z1.000 F500.000
G4 P100
G1 X108.730 Y77.195 F1000.000
G0 Z5.000 F500.000
G0 X109.196 Y79.616 F3000.000
G1 Z1.000 F500.000
G4 P100
G1 X109.196 Y79.619 F1000.000
G0 Z5.000 F500.000
G0 X111.706 Y79.004 F3000.000
G1 Z1.000 F500.000
G4 P100
G1 X111.958 Y79.099 F1000.000
G1 X112.134 Y79.290
G1 X112.781 Y80.697
G1 X112.926 Y81.721
G1 X112.844 Y82.047
G1 X112.680 Y82.191
G1 X112.321 Y82.076
G1 X112.021 Y81.535
G1 X111.736 Y80.499
G1 X111.608 Y79.336
G1 X111.706 Y79.004
G1 X111.667 Y78.553
G1 X111.884 Y78.136
G1 X112.356 Y78.010
G1 X112.617 Y78.103
G1 X112.773 Y78.271
G0 Z5.000 F500.000
G0 X113.213 Y78.414 F3000.000
G1 Z1.000 F500.000
G4 P100
G1 X113.159 Y78.955 F1000.000
G1 X113.374 Y79.576
G1 X113.805 Y79.794
G1 X114.243 Y79.696
G1 X114.419 Y79.439
G1 X114.498 Y79.010
G1 X114.422 Y78.542
G1 X114.268 Y78.237
G1 X114.029 Y78.064
G1 X113.625 Y78.024
G1 X113.366 Y78.152
G1 X113.213 Y78.414
G0 Z5.000 F500.000
G0 X115.772 Y79.904 F3000.000
G1 Z1.000 F500.000
G4 P100
G1 X115.609 Y79.650 F1000.000
G1 X115.496 Y79.129
G1 X115.523 Y78.029
G1 X115.530 Y78.552
G1 X115.902 Y78.780
G1 X116.279 Y79.443
G1 X116.841 Y79.633
G1 X116.863 Y79.729
G1 X116.729 Y78.066
G0 Z5.000 F500.000
G0 X118.833 Y77.466 F3000.000
G1 Z1.000 F500.000
G4 P100
G1 X118.498 Y77.385 F1000.000
G1 X117.817 Y76.664
G1 X117.627 Y76.125
G1 X117.783 Y75.774
G1 X118.087 Y75.732
G1 X118.364 Y75.925
G1 X118.606 Y76.350
G1 X118.832 Y77.063
G1 X118.833 Y77.466
G1 X119.008 Y77.922
G1 X118.977 Y78.244
G1 X118.442 Y78.010
G1 X118.203 Y78.003
G1 X117.963 Y78.184
G1 X117.877 Y78.543
G1 X117.949 Y78.997
G1 X118.155 Y79.408
G1 X118.467 Y79.714
G1 X118.827 Y79.855
G1 X119.250 Y79.600
G1 X118.977 Y78.244
G0 Z5.000 F500.000
G0 X121.791 Y79.004 F3000.000
G1 Z1.000 F500.000
G4 P100
G1 X122.043 Y79.099 F1000.000
G1 X122.219 Y79.290
G1 X122.866 Y80.697
G1 X123.011 Y81.721
G1 X122.929 Y82.047
G1 X122.765 Y82.191
G1 X122.406 Y82.076
G1 X122.106 Y81.535
G1 X121.821 Y80.499
G1 X121.693 Y79.336
G1 X121.791 Y79.004
G1 X121.752 Y78.553
G1 X121.969 Y78.136
G1 X122.441 Y78.010
G1 X122.702 Y78.103
G1 X122.858 Y78.271
G0 Z5.000 F500.000
G0 X123.174 Y77.990 F3000.000
G1 Z1.000 F500.000
G4 P100
G1 X123.477 Y79.698 F1000.000
G1 X123.575 Y79.836
G0 Z5.000 F500.000
G0 X123.626 Y80.788 F3000.000
G1 Z1.000 F500.000
G4 P100
G1 X123.760 Y80.810 F1000.000
G0 Z5.000 F500.000
G0 X124.832 Y79.904 F3000.000
G1 Z1.000 F500.000
G4 P100
G1 X124.669 Y79.650 F1000.000
G1 X124.556 Y79.129
G1 X124.583 Y78.029
G1 X124.590 Y78.552
G1 X124.962 Y78.780
G1 X125.339 Y79.443
G1 X125.901 Y79.633
G1 X125.923 Y79.729
G1 X125.789 Y78.066
G0 Z5.000 F500.000
G0 X126.982 Y78.601 F3000.000
G1 Z1.000 F500.000
G4 P100
G1 X127.657 Y78.787 F1000.000
G1 X128.045 Y79.120
G1 X128.122 Y79.372
G1 X128.077 Y79.622
G1 X127.938 Y79.776
G1 X127.707 Y79.838
G1 X127.309 Y79.710
G1 X127.016 Y79.324
G1 X126.919 Y78.838
G1 X127.042 Y78.292
G1 X127.372 Y78.026
G1 X127.849 Y77.992
G1 X128.250 Y78.190
G1 X128.466 Y78.557
G0 Z5.000 F500.000
G0 X128.556 Y78.203 F3000.000
G1 Z1.000 F500.000
G4 P100
G1 X129.234 Y79.135 F1000.000
G1 X129.474 Y79.309
G1 X129.589 Y79.788
G1 X129.755 Y79.944
G1 X129.589 Y79.788
G1 X129.474 Y79.309
G1 X129.944 Y78.685
G1 X130.024 Y78.285
G1 X129.802 Y77.994
G1 X129.394 Y77.995
G0 Z5.000 F500.000
G0 X133.518 Y78.354 F3000.000
G1 Z1.000 F500.000
G4 P100
G1 X133.742 Y79.601 F1000.000
G1 X133.307 Y79.853
G1 X132.925 Y79.695
G1 X132.604 Y79.356
G1 X132.407 Y78.902
G1 X132.370 Y78.422
G1 X132.467 Y78.148
G1 X132.659 Y78.007
G1 X132.903 Y78.019
G1 X133.213 Y78.279
G1 X133.518 Y78.354
G1 X133.555 Y78.059
G0 Z5.000 F500.000
G0 X135.087 Y79.904 F3000.000
G1 Z1.000 F500.000
G4 P100
G1 X134.924 Y79.650 F1000.000
G1 X134.811 Y79.129
G1 X134.838 Y78.029
G1 X134.845 Y78.552
G1 X135.217 Y78.780
G1 X135.594 Y79.443
G1 X136.156 Y79.633
G1 X136.178 Y79.729
G1 X136.044 Y78.066
G0 Z5.000 F500.000
G0 X138.482 Y79.292 F3000.000
G1 Z1.000 F500.000
G4 P100
G1 X138.486 Y78.425 F1000.000
G1 X138.673 Y77.983
G1 X138.487 Y78.418
G1 X137.915 Y78.072
G1 X137.594 Y77.999
G1 X137.380 Y78.081
G1 X137.219 Y78.481
G1 X137.242 Y78.859
G1 X137.368 Y79.248
G1 X137.617 Y79.580
G1 X137.935 Y79.786
G1 X138.405 Y79.843
G1 X138.371 Y79.483
G1 X138.482 Y79.292
G1 X138.947 Y79.570
G1 X139.482 Y81.173
G1 X139.511 Y81.807
G1 X139.356 Y82.153
G1 X139.016 Y82.121
G1 X138.827 Y81.813
G1 X138.446 Y79.800
G0 Z5.000 F500.000
G0 X88.035 Y69.722 F3000.000
G1 Z1.000 F500.000
G4 P100
G1 X87.108 Y68.011 F1000.000
G1 X86.859 Y67.958
G1 X86.733 Y68.175
G1 X86.698 Y68.772
G1 X86.566 Y69.063
G1 X86.815 Y69.021
G1 X86.889 Y69.099
G1 X86.686 Y69.590
G1 X86.717 Y69.729
G1 X86.683 Y69.600
G1 X86.880 Y69.058
G1 X86.566 Y69.063
G1 X86.355 Y68.932
G1 X85.935 Y68.111
G1 X85.660 Y67.952
G1 X85.509 Y68.050
G1 X85.445 Y68.288
G1 X85.380 Y69.682
G1 X85.443 Y69.751
G0 Z5.000 F500.000
G0 X89.199 Y69.815 F3000.000
G1 Z1.000 F500.000
G4 P100
G1 X89.049 Y69.659 F1000.000
G1 X88.893 Y68.975
G1 X88.979 Y68.455
G1 X88.935 Y67.928
G1 X88.979 Y68.455
G1 X89.273 Y68.639
G1 X89.805 Y69.440
G1 X90.173 Y69.536
G1 X90.261 Y69.646
G1 X90.173 Y69.536
G1 X90.361 Y68.931
G1 X90.315 Y68.838
G1 X90.566 Y69.019
G0 Z5.000 F500.000
G0 X92.243 Y68.257 F3000.000
G1 Z1.000 F500.000
G4 P100
G1 X92.467 Y69.504 F1000.000
G1 X92.032 Y69.756
G1 X91.650 Y69.598
G1 X91.329 Y69.259
G1 X91.132 Y68.805
G1 X91.095 Y68.325
G1 X91.192 Y68.051
G1 X91.384 Y67.910
G1 X91.628 Y67.922
G1 X91.938 Y68.182
G1 X92.243 Y68.257
G1 X92.280 Y67.962
G0 Z5.000 F500.000
G0 X93.636 Y69.375 F3000.000
G1 Z1.000 F500.000
G4 P100
G1 X93.899 Y69.434 F1000.000
G1 X94.291 Y69.707
G1 X94.601 Y69.699
G1 X94.833 Y69.405
G1 X94.828 Y68.876
G1 X94.589 Y68.331
G1 X94.181 Y67.961
G1 X93.619 Y67.884
G1 X93.480 Y68.235
G1 X93.095 Y67.981
G1 X92.756 Y67.123
G1 X92.591 Y66.380
G1 X92.619 Y65.849
G1 X92.842 Y65.620
G1 X93.036 Y65.644
G1 X93.197 Y65.789
G1 X93.424 Y66.481
G1 X93.619 Y67.884
G1 X93.480 Y68.235
G1 X93.636 Y69.375
G1 X93.574 Y69.667
G1 X93.651 Y69.778
G0 Z5.000 F500.000
G0 X96.056 Y69.778 F3000.000
G1 Z1.000 F500.000
G4 P100
G1 X95.979 Y69.667 F1000.000
G1 X96.041 Y69.375
G1 X95.885 Y68.235
G1 X96.024 Y67.884
G1 X95.829 Y66.481
G1 X95.602 Y65.789
G1 X95.441 Y65.644
G1 X95.247 Y65.620
G1 X95.024 Y65.849
G1 X94.996 Y66.380
G1 X95.161 Y67.123
G1 X95.500 Y67.981
G1 X95.885 Y68.235
G1 X96.024 Y67.884
G1 X96.586 Y67.961
G1 X96.994 Y68.331
G1 X97.233 Y68.876
G1 X97.238 Y69.405
G1 X97.006 Y69.699
G1 X96.696 Y69.707
G1 X96.304 Y69.434
G1 X96.041 Y69.375
G0 Z5.000 F500.000
G0 X98.595 Y69.739 F3000.000
G1 Z1.000 F500.000
G4 P100
G1 X98.497 Y69.601 F1000.000
G1 X98.194 Y67.893
G0 Z5.000 F500.000
G0 X98.646 Y70.691 F3000.000
G1 Z1.000 F500.000
G4 P100
G1 X98.780 Y70.713 F1000.000
G0 Z5.000 F500.000
G0 X99.852 Y69.807 F3000.000
G1 Z1.000 F500.000
G4 P100
G1 X99.689 Y69.553 F1000.000
G1 X99.576 Y69.032
G1 X99.603 Y67.932
G1 X99.610 Y68.455
G1 X99.982 Y68.683
G1 X100.359 Y69.346
G1 X100.921 Y69.536
G1 X100.943 Y69.632
G1 X100.809 Y67.969
G0 Z5.000 F500.000
G0 X102.913 Y67.369 F3000.000
G1 Z1.000 F500.000
G4 P100
G1 X102.578 Y67.288 F1000.000
G1 X101.897 Y66.567
G1 X101.707 Y66.028
G1 X101.863 Y65.677
G1 X102.167 Y65.635
G1 X102.444 Y65.828
G1 X102.686 Y66.253
G1 X102.912 Y66.966
G1 X102.913 Y67.369
G1 X103.088 Y67.825
G1 X103.057 Y68.147
G1 X102.522 Y67.913
G1 X102.283 Y67.906
G1 X102.043 Y68.087
G1 X101.957 Y68.446
G1 X102.029 Y68.900
G1 X102.235 Y69.311
G1 X102.547 Y69.617
G1 X102.907 Y69.758
G1 X103.330 Y69.503
G1 X103.057 Y68.147
G0 Z5.000 F500.000
G0 X83.678 Y16.423 F3000.000
G1 Z1.000 F500.000
G4 P100
G1 X84.215 Y16.542 F1000.000
G1 X84.284 Y16.434
G1 X84.041 Y14.765
G0 Z5.000 F500.000
G0 X84.000 Y59.718 F3000.000
G1 Z1.000 F500.000
G4 P100
G1 X143.986 Y59.718 F1000.000
G0 Z5.000 F500.000
G0 X143.986 Y95.192 F3000.000
G1 Z1.000 F500.000
G4 P100
G1 X143.986 Y59.718 F1000.000
G0 Z5.000 F500.000
G0 X143.986 Y110.471 F3000.000
G1 Z1.000 F500.000
G4 P100
G1 X143.986 Y95.192 F1000.000
G0 Z5.000 F500.000
G0 X84.000 Y95.192 F3000.000
G1 Z1.000 F500.000
G4 P100
G1 X84.000 Y59.718 F1000.000
G0 Z5.000 F500.000
G0 X84.000 Y95.192 F3000.000
G1 Z1.000 F500.000
G4 P100
G1 X143.986 Y95.192 F1000.000
G0 Z5.000 F500.000
G0 X84.000 Y110.471 F3000.000
G1 Z1.000 F500.000
G4 P100
G1 X84.000 Y95.192 F1000.000
G0 Z5.000 F500.000
G0 X84.000 Y110.471 F3000.000
G1 Z1.000 F500.000
G4 P100
G1 X143.986 Y110.471 F1000.000
G0 Z5.000 F500.000
G0 X24.014 Y110.471 F3000.000
G1 Z1.000 F500.000
G4 P100
G1 X24.014 Y95.192 F1000.000
G0 Z5.000 F500.000
G0 X24.014 Y95.192 F3000.000
G1 Z1.000 F500.000
G4 P100
G1 X24.014 Y59.718 F1000.000
G0 Z5.000 F500.000
G0 X24.014 Y59.718 F3000.000
G1 Z1.000 F500.000
G4 P100
G1 X84.000 Y59.718 F1000.000
G0 Z5.000 F500.000
G0 X24.014 Y95.192 F3000.000
G1 Z1.000 F500.000
G4 P100
G1 X84.000 Y95.192 F1000.000
G0 Z5.000 F500.000
G0 X24.014 Y110.471 F3000.000
G1 Z1.000 F500.000
G4 P100
G1 X84.000 Y110.471 F1000.000
G0 Z5.000 F500.000
M400
M84
; End
