; Generated by plotter-processor
; Page 6/20
; Motion profile: safe
; Draw feed: 1000.000 mm/min
; Travel feed: 3000.000 mm/min
; Z feed: 500.000 mm/min
; Pen Z: down=1.000 up=5.000
; Down settle: 100 ms
; Estimated ideal time: 1013.990389 s
G21
G90
G0 Z5.000 F500.000
G0 X20.635 Y203.740 F3000.000
G1 Z1.000 F500.000
G4 P100
G1 X20.730 Y203.965 F1000.000
G1 X21.010 Y204.060
G1 X21.295 Y204.030
G1 X21.238 Y204.275
G1 X20.955 Y204.685
G1 X20.315 Y203.825
G1 X20.125 Y203.735
G1 X19.995 Y203.792
G1 X19.945 Y203.935
G1 X20.015 Y204.120
G1 X20.495 Y204.760
G1 X20.920 Y205.650
G1 X21.066 Y205.815
G1 X21.510 Y205.845
G1 X21.565 Y205.765
G1 X21.400 Y205.235
G1 X21.858 Y204.488
G1 X21.930 Y204.025
G1 X22.640 Y204.600
G1 X22.742 Y204.540
G1 X22.780 Y204.375
G1 X22.685 Y204.065
G1 X22.207 Y203.642
G1 X21.170 Y203.350
G1 X20.773 Y203.470
G1 X20.635 Y203.740
G0 Z5.000 F500.000
G0 X22.447 Y203.567 F3000.000
G1 Z1.000 F500.000
G4 P100
G1 X22.410 Y204.610 F1000.000
G1 X22.567 Y206.215
G1 X22.762 Y206.983
G1 X23.032 Y207.618
G1 X23.371 Y208.043
G1 X23.770 Y208.185
G1 X23.978 Y208.136
G1 X24.249 Y207.761
G1 X24.211 Y206.961
G1 X23.990 Y206.428
G1 X23.030 Y205.160
G1 X23.015 Y204.625
G1 X23.383 Y205.317
G1 X23.782 Y205.700
G1 X24.145 Y205.815
G1 X24.389 Y205.734
G1 X24.470 Y205.490
G1 X24.265 Y204.210
G1 X24.301 Y204.060
G1 X24.410 Y204.010
G1 X24.648 Y204.132
G1 X25.150 Y204.600
G1 X25.252 Y204.540
G1 X25.290 Y204.375
G1 X25.195 Y204.065
G1 X24.723 Y203.630
G1 X24.463 Y203.502
G1 X23.946 Y203.497
G1 X23.688 Y203.788
G1 X23.655 Y204.035
G1 X23.790 Y204.970
G1 X23.735 Y205.050
G1 X23.550 Y204.882
G1 X23.310 Y204.440
G1 X22.950 Y203.560
G1 X22.645 Y203.460
G1 X22.447 Y203.567
G0 Z5.000 F500.000
G0 X23.085 Y205.785 F3000.000
G1 Z1.000 F500.000
G4 P100
G1 X23.598 Y206.580 F1000.000
G1 X23.749 Y206.990
G1 X23.800 Y207.360
G1 X23.765 Y207.605
G1 X23.665 Y207.690
G1 X23.465 Y207.433
G1 X23.253 Y206.738
G1 X23.085 Y205.785
G0 Z5.000 F500.000
G0 X25.127 Y205.452 F3000.000
G1 Z1.000 F500.000
G4 P100
G1 X25.624 Y205.778 F1000.000
G1 X25.920 Y205.820
G1 X26.263 Y205.754
G1 X26.532 Y205.558
G1 X26.717 Y205.264
G1 X26.805 Y204.910
G1 X27.435 Y205.020
G1 X27.535 Y204.955
G1 X27.534 Y204.599
G1 X27.425 Y204.505
G1 X26.765 Y204.385
G1 X26.624 Y204.007
G1 X26.390 Y203.713
G1 X26.091 Y203.523
G1 X25.477 Y203.496
G1 X25.242 Y203.605
G1 X24.920 Y203.990
G1 X24.810 Y204.510
G1 X24.955 Y205.188
G1 X25.127 Y205.452
G0 Z5.000 F500.000
G0 X25.468 Y204.866 F3000.000
G1 Z1.000 F500.000
G4 P100
G1 X25.435 Y204.555 F1000.000
G1 X25.543 Y204.135
G1 X25.795 Y203.990
G1 X26.072 Y204.120
G1 X26.230 Y204.495
G1 X25.992 Y204.770
G1 X25.925 Y205.290
G1 X25.723 Y205.242
G1 X25.567 Y205.097
G1 X25.468 Y204.866
G0 Z5.000 F500.000
G0 X27.190 Y204.873 F3000.000
G1 Z1.000 F500.000
G4 P100
G1 X27.355 Y205.535 F1000.000
G1 X27.495 Y205.750
G1 X27.932 Y205.780
G1 X27.975 Y205.675
G1 X27.740 Y204.370
G1 X27.845 Y204.180
G1 X28.032 Y204.330
G1 X28.273 Y204.785
G1 X28.642 Y205.750
G1 X29.050 Y205.787
G1 X29.095 Y205.685
G1 X28.830 Y204.210
G1 X28.870 Y204.062
G1 X28.975 Y204.010
G1 X29.212 Y204.132
G1 X29.715 Y204.600
G1 X29.817 Y204.540
G1 X29.855 Y204.375
G1 X29.760 Y204.065
G1 X29.297 Y203.630
G1 X29.033 Y203.502
G1 X28.527 Y203.506
G1 X28.383 Y203.645
G1 X28.270 Y204.165
G1 X28.015 Y203.642
G1 X27.650 Y203.460
G1 X27.446 Y203.512
G1 X27.176 Y203.901
G1 X27.190 Y204.873
G0 Z5.000 F500.000
G0 X29.538 Y204.319 F3000.000
G1 Z1.000 F500.000
G4 P100
G1 X29.485 Y204.895 F1000.000
G1 X29.642 Y206.285
G1 X29.837 Y207.010
G1 X30.107 Y207.625
G1 X30.444 Y208.045
G1 X30.840 Y208.185
G1 X31.054 Y208.129
G1 X31.217 Y207.963
G1 X31.321 Y207.692
G1 X31.355 Y207.325
G1 X31.272 Y206.683
G1 X31.025 Y205.945
G1 X30.636 Y205.164
G1 X30.130 Y204.390
G1 X30.245 Y204.097
G1 X30.455 Y204.010
G1 X30.815 Y204.127
G1 X31.345 Y204.600
G1 X31.447 Y204.540
G1 X31.485 Y204.375
G1 X31.390 Y204.065
G1 X30.922 Y203.630
G1 X30.350 Y203.460
G1 X29.967 Y203.560
G1 X29.697 Y203.860
G1 X29.538 Y204.319
G0 Z5.000 F500.000
G0 X30.095 Y205.065 F3000.000
G1 Z1.000 F500.000
G4 P100
G1 X30.660 Y206.238 F1000.000
G1 X30.817 Y206.799
G1 X30.870 Y207.310
G1 X30.835 Y207.595
G1 X30.730 Y207.690
G1 X30.470 Y207.275
G1 X30.215 Y206.245
G1 X30.095 Y205.065
G0 Z5.000 F500.000
G0 X31.387 Y205.334 F3000.000
G1 Z1.000 F500.000
G4 P100
G1 X31.968 Y205.756 F1000.000
G1 X32.320 Y205.840
G1 X32.458 Y206.739
G1 X32.682 Y207.498
G1 X32.992 Y208.013
G1 X33.178 Y208.142
G1 X33.582 Y208.136
G1 X33.742 Y207.990
G1 X33.849 Y207.745
G1 X33.816 Y206.792
G1 X33.610 Y206.090
G1 X32.875 Y204.550
G1 X32.962 Y204.135
G1 X33.135 Y204.010
G1 X33.410 Y204.130
G1 X33.920 Y204.600
G1 X34.022 Y204.540
G1 X34.060 Y204.375
G1 X33.965 Y204.065
G1 X33.271 Y203.504
G1 X33.030 Y203.460
G1 X32.695 Y203.571
G1 X32.450 Y203.905
G1 X32.082 Y203.550
G1 X31.715 Y203.460
G1 X31.437 Y203.517
G1 X31.212 Y203.688
G1 X31.064 Y203.949
G1 X31.015 Y204.280
G1 X31.057 Y204.666
G1 X31.387 Y205.334
G0 Z5.000 F500.000
G0 X31.686 Y204.659 F3000.000
G1 Z1.000 F500.000
G4 P100
G1 X31.640 Y204.330 F1000.000
G1 X31.702 Y204.056
G1 X31.890 Y203.965
G1 X32.080 Y204.042
G1 X32.320 Y204.330
G1 X32.280 Y205.325
G1 X32.028 Y205.191
G1 X31.686 Y204.659
G0 Z5.000 F500.000
G0 X32.880 Y205.335 F3000.000
G1 Z1.000 F500.000
G4 P100
G1 X33.300 Y206.435 F1000.000
G1 X33.440 Y207.295
G1 X33.330 Y207.695
G1 X33.140 Y207.357
G1 X32.880 Y205.335
G0 Z5.000 F500.000
G0 X35.435 Y205.148 F3000.000
G1 Z1.000 F500.000
G4 P100
G1 X35.806 Y205.815 F1000.000
G1 X36.250 Y205.845
G1 X36.305 Y205.765
G1 X36.140 Y205.235
G1 X36.597 Y204.488
G1 X36.670 Y204.025
G1 X37.380 Y204.600
G1 X37.482 Y204.540
G1 X37.520 Y204.375
G1 X37.425 Y204.065
G1 X36.947 Y203.642
G1 X36.385 Y203.520
G1 X36.166 Y203.392
G1 X35.910 Y203.350
G1 X35.512 Y203.470
G1 X35.375 Y203.740
G1 X35.470 Y203.965
G1 X35.750 Y204.060
G1 X36.035 Y204.030
G1 X35.977 Y204.275
G1 X35.695 Y204.685
G1 X35.055 Y203.825
G1 X34.865 Y203.735
G1 X34.735 Y203.792
G1 X34.685 Y203.935
G1 X34.755 Y204.120
G1 X35.435 Y205.148
G0 Z5.000 F500.000
G0 X37.040 Y204.525 F3000.000
G1 Z1.000 F500.000
G4 P100
G1 X37.185 Y205.167 F1000.000
G1 X37.358 Y205.434
G1 X37.862 Y205.771
G1 X38.170 Y205.815
G1 X38.431 Y205.772
G1 X38.635 Y205.642
G1 X38.766 Y205.439
G1 X38.810 Y205.175
G1 X38.748 Y204.854
G1 X38.562 Y204.583
G1 X38.229 Y204.361
G1 X37.725 Y204.190
G1 X37.906 Y204.018
G1 X38.200 Y203.960
G1 X38.712 Y204.118
G1 X39.345 Y204.600
G1 X39.447 Y204.540
G1 X39.485 Y204.375
G1 X39.390 Y204.065
G1 X38.867 Y203.650
G1 X38.145 Y203.460
G1 X37.679 Y203.531
G1 X37.330 Y203.745
G1 X37.112 Y204.083
G1 X37.040 Y204.525
G0 Z5.000 F500.000
G0 X37.645 Y204.590 F3000.000
G1 Z1.000 F500.000
G4 P100
G1 X38.110 Y204.790 F1000.000
G1 X38.237 Y204.941
G1 X38.227 Y205.267
G1 X38.085 Y205.325
G1 X37.914 Y205.271
G1 X37.772 Y205.110
G1 X37.645 Y204.590
G0 Z5.000 F500.000
G0 X39.005 Y204.525 F3000.000
G1 Z1.000 F500.000
G4 P100
G1 X39.150 Y205.167 F1000.000
G1 X39.323 Y205.434
G1 X39.827 Y205.771
G1 X40.135 Y205.815
G1 X40.396 Y205.772
G1 X40.600 Y205.642
G1 X40.731 Y205.439
G1 X40.775 Y205.175
G1 X40.713 Y204.854
G1 X40.527 Y204.583
G1 X40.194 Y204.361
G1 X39.690 Y204.190
G1 X39.871 Y204.018
G1 X40.165 Y203.960
G1 X40.677 Y204.118
G1 X41.310 Y204.600
G1 X41.412 Y204.540
G1 X41.450 Y204.375
G1 X41.355 Y204.065
G1 X40.832 Y203.650
G1 X40.110 Y203.460
G1 X39.644 Y203.531
G1 X39.295 Y203.745
G1 X39.077 Y204.083
G1 X39.005 Y204.525
G0 Z5.000 F500.000
G0 X39.610 Y204.590 F3000.000
G1 Z1.000 F500.000
G4 P100
G1 X40.075 Y204.790 F1000.000
G1 X40.203 Y204.941
G1 X40.192 Y205.267
G1 X40.050 Y205.325
G1 X39.879 Y205.271
G1 X39.737 Y205.110
G1 X39.610 Y204.590
G0 Z5.000 F500.000
G0 X42.135 Y205.570 F3000.000
G1 Z1.000 F500.000
G4 P100
G1 X42.191 Y205.780 F1000.000
G1 X42.645 Y205.850
G1 X42.905 Y206.855
G1 X43.328 Y207.580
G1 X43.584 Y207.782
G1 X43.860 Y207.850
G1 X44.047 Y207.804
G1 X44.190 Y207.665
G1 X44.310 Y207.200
G1 X44.269 Y206.825
G1 X44.147 Y206.475
G1 X43.660 Y205.850
G1 X44.335 Y205.815
G1 X44.335 Y205.534
G1 X44.229 Y205.426
G1 X43.805 Y205.340
G1 X43.195 Y205.340
G1 X43.216 Y204.507
G1 X43.307 Y204.220
G1 X43.466 Y204.062
G1 X43.695 Y204.010
G1 X44.075 Y204.140
G1 X44.600 Y204.600
G1 X44.702 Y204.540
G1 X44.740 Y204.375
G1 X44.645 Y204.065
G1 X44.175 Y203.630
G1 X43.901 Y203.502
G1 X43.590 Y203.460
G1 X43.144 Y203.550
G1 X42.825 Y203.819
G1 X42.634 Y204.267
G1 X42.585 Y205.340
G1 X42.188 Y205.395
G1 X42.135 Y205.570
G0 Z5.000 F500.000
G0 X43.245 Y205.925 F3000.000
G1 Z1.000 F500.000
G4 P100
G1 X43.687 Y206.498 F1000.000
G1 X43.835 Y207.075
G1 X43.807 Y207.296
G1 X43.725 Y207.370
G1 X43.557 Y207.183
G1 X43.382 Y206.662
G1 X43.245 Y205.925
G0 Z5.000 F500.000
G0 X44.528 Y206.215 F3000.000
G1 Z1.000 F500.000
G4 P100
G1 X44.723 Y206.983 F1000.000
G1 X44.992 Y207.618
G1 X45.331 Y208.043
G1 X45.730 Y208.185
G1 X45.938 Y208.136
G1 X46.209 Y207.761
G1 X46.171 Y206.961
G1 X45.950 Y206.428
G1 X44.990 Y205.160
G1 X44.975 Y204.625
G1 X45.343 Y205.317
G1 X45.742 Y205.700
G1 X46.105 Y205.815
G1 X46.349 Y205.734
G1 X46.430 Y205.490
G1 X46.225 Y204.210
G1 X46.261 Y204.060
G1 X46.370 Y204.010
G1 X46.608 Y204.132
G1 X47.110 Y204.600
G1 X47.212 Y204.540
G1 X47.250 Y204.375
G1 X47.155 Y204.065
G1 X46.682 Y203.630
G1 X46.423 Y203.502
G1 X45.906 Y203.497
G1 X45.648 Y203.788
G1 X45.615 Y204.035
G1 X45.750 Y204.970
G1 X45.695 Y205.050
G1 X45.510 Y204.882
G1 X45.270 Y204.440
G1 X44.910 Y203.560
G1 X44.605 Y203.460
G1 X44.407 Y203.567
G1 X44.370 Y204.610
G1 X44.528 Y206.215
G0 Z5.000 F500.000
G0 X45.045 Y205.785 F3000.000
G1 Z1.000 F500.000
G4 P100
G1 X45.557 Y206.580 F1000.000
G1 X45.709 Y206.990
G1 X45.760 Y207.360
G1 X45.725 Y207.605
G1 X45.625 Y207.690
G1 X45.425 Y207.433
G1 X45.212 Y206.738
G1 X45.045 Y205.785
G0 Z5.000 F500.000
G0 X47.080 Y206.515 F3000.000
G1 Z1.000 F500.000
G4 P100
G1 X47.218 Y206.808 F1000.000
G1 X47.560 Y206.925
G1 X47.860 Y206.835
G1 X47.975 Y206.580
G1 X47.845 Y206.262
G1 X47.500 Y206.145
G1 X47.185 Y206.243
G1 X47.080 Y206.515
G0 Z5.000 F500.000
G0 X47.405 Y205.815 F3000.000
G1 Z1.000 F500.000
G4 P100
G1 X47.596 Y205.773 F1000.000
G1 X47.660 Y205.645
G1 X47.445 Y204.320
G1 X47.485 Y204.090
G1 X47.620 Y204.010
G1 X47.845 Y204.135
G1 X48.340 Y204.600
G1 X48.442 Y204.540
G1 X48.480 Y204.375
G1 X48.385 Y204.065
G1 X47.906 Y203.611
G1 X47.460 Y203.460
G1 X47.179 Y203.517
G1 X46.987 Y203.690
G1 X46.840 Y204.300
G1 X47.045 Y205.535
G1 X47.165 Y205.755
G1 X47.405 Y205.815
G0 Z5.000 F500.000
G0 X48.530 Y205.148 F3000.000
G1 Z1.000 F500.000
G4 P100
G1 X48.901 Y205.815 F1000.000
G1 X49.345 Y205.845
G1 X49.400 Y205.765
G1 X49.235 Y205.235
G1 X49.692 Y204.488
G1 X49.765 Y204.025
G1 X50.475 Y204.600
G1 X50.577 Y204.540
G1 X50.615 Y204.375
G1 X50.520 Y204.065
G1 X50.042 Y203.642
G1 X49.480 Y203.520
G1 X49.261 Y203.392
G1 X49.005 Y203.350
G1 X48.607 Y203.470
G1 X48.470 Y203.740
G1 X48.565 Y203.965
G1 X48.845 Y204.060
G1 X49.130 Y204.030
G1 X49.072 Y204.275
G1 X48.790 Y204.685
G1 X48.150 Y203.825
G1 X47.960 Y203.735
G1 X47.830 Y203.792
G1 X47.780 Y203.935
G1 X47.850 Y204.120
G1 X48.530 Y205.148
G0 Z5.000 F500.000
G0 X51.470 Y204.275 F3000.000
G1 Z1.000 F500.000
G4 P100
G1 X51.516 Y204.664 F1000.000
G1 X51.871 Y205.355
G1 X52.464 Y205.771
G1 X52.800 Y205.825
G1 X52.947 Y205.782
G1 X53.010 Y205.630
G1 X53.414 Y205.606
G1 X53.475 Y205.475
G1 X53.285 Y204.175
G1 X53.322 Y204.055
G1 X53.420 Y204.010
G1 X53.650 Y204.132
G1 X54.150 Y204.600
G1 X54.252 Y204.540
G1 X54.290 Y204.375
G1 X54.195 Y204.065
G1 X53.760 Y203.635
G1 X53.315 Y203.460
G1 X53.012 Y203.572
G1 X52.805 Y203.880
G1 X52.511 Y203.565
G1 X52.150 Y203.460
G1 X51.871 Y203.516
G1 X51.655 Y203.685
G1 X51.516 Y203.945
G1 X51.470 Y204.275
G0 Z5.000 F500.000
G0 X52.157 Y204.040 F3000.000
G1 Z1.000 F500.000
G4 P100
G1 X52.330 Y203.965 F1000.000
G1 X52.540 Y204.095
G1 X52.685 Y204.440
G1 X52.870 Y205.360
G1 X52.482 Y205.202
G1 X52.200 Y204.800
G1 X52.095 Y204.270
G1 X52.157 Y204.040
G0 Z5.000 F500.000
G0 X53.590 Y203.935 F3000.000
G1 Z1.000 F500.000
G4 P100
G1 X54.140 Y204.760 F1000.000
G1 X54.565 Y205.650
G1 X54.711 Y205.815
G1 X54.960 Y205.870
G1 X55.155 Y205.845
G1 X55.210 Y205.765
G1 X55.045 Y205.235
G1 X55.502 Y204.488
G1 X55.575 Y204.025
G1 X56.285 Y204.600
G1 X56.387 Y204.540
G1 X56.425 Y204.375
G1 X56.330 Y204.065
G1 X55.852 Y203.642
G1 X54.815 Y203.350
G1 X54.417 Y203.470
G1 X54.280 Y203.740
G1 X54.375 Y203.965
G1 X54.655 Y204.060
G1 X54.940 Y204.030
G1 X54.882 Y204.275
G1 X54.600 Y204.685
G1 X53.960 Y203.825
G1 X53.770 Y203.735
G1 X53.640 Y203.792
G1 X53.590 Y203.935
G0 Z5.000 F500.000
G0 X57.050 Y203.935 F3000.000
G1 Z1.000 F500.000
G4 P100
G1 X57.600 Y204.760 F1000.000
G1 X58.025 Y205.650
G1 X58.171 Y205.815
G1 X58.420 Y205.870
G1 X58.615 Y205.845
G1 X58.670 Y205.765
G1 X58.505 Y205.235
G1 X58.962 Y204.488
G1 X59.035 Y204.025
G1 X59.745 Y204.600
G1 X59.847 Y204.540
G1 X59.885 Y204.375
G1 X59.790 Y204.065
G1 X59.312 Y203.642
G1 X58.275 Y203.350
G1 X57.877 Y203.470
G1 X57.740 Y203.740
G1 X57.835 Y203.965
G1 X58.115 Y204.060
G1 X58.400 Y204.030
G1 X58.343 Y204.275
G1 X58.060 Y204.685
G1 X57.420 Y203.825
G1 X57.230 Y203.735
G1 X57.100 Y203.792
G1 X57.050 Y203.935
G0 Z5.000 F500.000
G0 X59.744 Y204.267 F3000.000
G1 Z1.000 F500.000
G4 P100
G1 X59.695 Y205.340 F1000.000
G1 X59.297 Y205.395
G1 X59.245 Y205.570
G1 X59.301 Y205.780
G1 X59.755 Y205.850
G1 X60.015 Y206.855
G1 X60.438 Y207.580
G1 X60.694 Y207.782
G1 X60.970 Y207.850
G1 X61.157 Y207.804
G1 X61.300 Y207.665
G1 X61.420 Y207.200
G1 X61.379 Y206.825
G1 X61.257 Y206.475
G1 X60.770 Y205.850
G1 X61.445 Y205.815
G1 X61.445 Y205.534
G1 X61.339 Y205.426
G1 X60.915 Y205.340
G1 X60.305 Y205.340
G1 X60.326 Y204.507
G1 X60.417 Y204.220
G1 X60.576 Y204.062
G1 X60.805 Y204.010
G1 X61.185 Y204.140
G1 X61.710 Y204.600
G1 X61.812 Y204.540
G1 X61.850 Y204.375
G1 X61.755 Y204.065
G1 X61.285 Y203.630
G1 X60.700 Y203.460
G1 X60.254 Y203.550
G1 X59.935 Y203.819
G1 X59.744 Y204.267
G0 Z5.000 F500.000
G0 X60.355 Y205.925 F3000.000
G1 Z1.000 F500.000
G4 P100
G1 X60.797 Y206.498 F1000.000
G1 X60.945 Y207.075
G1 X60.917 Y207.296
G1 X60.835 Y207.370
G1 X60.667 Y207.183
G1 X60.492 Y206.662
G1 X60.355 Y205.925
G0 Z5.000 F500.000
G0 X61.787 Y205.748 F3000.000
G1 Z1.000 F500.000
G4 P100
G1 X62.075 Y205.815 F1000.000
G1 X62.215 Y205.790
G1 X62.255 Y205.695
G1 X62.050 Y204.615
G1 X62.420 Y205.315
G1 X62.822 Y205.700
G1 X63.185 Y205.815
G1 X63.429 Y205.734
G1 X63.510 Y205.490
G1 X63.456 Y204.794
G1 X63.550 Y204.750
G1 X64.045 Y205.035
G1 X64.147 Y204.977
G1 X64.185 Y204.825
G1 X64.085 Y204.535
G1 X63.758 Y204.287
G1 X63.360 Y204.185
G1 X63.127 Y204.219
G1 X62.854 Y204.479
G1 X62.790 Y205.050
G1 X62.593 Y204.882
G1 X62.350 Y204.440
G1 X62.028 Y203.542
G1 X61.800 Y203.460
G1 X61.638 Y203.510
G1 X61.532 Y203.660
G1 X61.455 Y204.300
G1 X61.501 Y204.934
G1 X61.640 Y205.535
G1 X61.787 Y205.748
G0 Z5.000 F500.000
G0 X63.770 Y204.873 F3000.000
G1 Z1.000 F500.000
G4 P100
G1 X63.935 Y205.535 F1000.000
G1 X64.075 Y205.750
G1 X64.513 Y205.780
G1 X64.555 Y205.675
G1 X64.320 Y204.370
G1 X64.425 Y204.180
G1 X64.612 Y204.330
G1 X64.852 Y204.785
G1 X65.222 Y205.750
G1 X65.630 Y205.787
G1 X65.675 Y205.685
G1 X65.410 Y204.210
G1 X65.450 Y204.062
G1 X65.555 Y204.010
G1 X65.792 Y204.132
G1 X66.295 Y204.600
G1 X66.397 Y204.540
G1 X66.435 Y204.375
G1 X66.340 Y204.065
G1 X65.877 Y203.630
G1 X65.613 Y203.502
G1 X65.107 Y203.506
G1 X64.962 Y203.645
G1 X64.850 Y204.165
G1 X64.595 Y203.642
G1 X64.230 Y203.460
G1 X64.026 Y203.512
G1 X63.756 Y203.901
G1 X63.770 Y204.873
G0 Z5.000 F500.000
G0 X65.950 Y204.470 F3000.000
G1 Z1.000 F500.000
G4 P100
G1 X65.990 Y204.850 F1000.000
G1 X66.294 Y205.450
G1 X66.525 Y205.650
G1 X67.060 Y205.815
G1 X67.487 Y205.653
G1 X67.640 Y205.235
G1 X67.547 Y204.880
G1 X67.305 Y204.735
G1 X67.153 Y204.780
G1 X67.095 Y204.905
G1 X67.112 Y205.290
G1 X67.020 Y205.325
G1 X66.805 Y205.222
G1 X66.645 Y204.945
G1 X66.585 Y204.560
G1 X66.711 Y204.125
G1 X67.090 Y203.980
G1 X67.532 Y204.118
G1 X68.135 Y204.600
G1 X68.237 Y204.540
G1 X68.275 Y204.375
G1 X68.180 Y204.065
G1 X67.922 Y203.808
G1 X67.618 Y203.618
G1 X66.985 Y203.460
G1 X66.549 Y203.529
G1 X66.222 Y203.738
G1 X66.018 Y204.059
G1 X65.950 Y204.470
G0 Z5.000 F500.000
G0 X68.134 Y204.267 F3000.000
G1 Z1.000 F500.000
G4 P100
G1 X68.085 Y205.340 F1000.000
G1 X67.688 Y205.395
G1 X67.635 Y205.570
G1 X67.691 Y205.780
G1 X68.145 Y205.850
G1 X68.405 Y206.855
G1 X68.828 Y207.580
G1 X69.084 Y207.782
G1 X69.360 Y207.850
G1 X69.547 Y207.804
G1 X69.690 Y207.665
G1 X69.810 Y207.200
G1 X69.769 Y206.825
G1 X69.648 Y206.475
G1 X69.160 Y205.850
G1 X69.835 Y205.815
G1 X69.835 Y205.534
G1 X69.729 Y205.426
G1 X69.305 Y205.340
G1 X68.695 Y205.340
G1 X68.716 Y204.507
G1 X68.808 Y204.220
G1 X68.966 Y204.062
G1 X69.195 Y204.010
G1 X69.575 Y204.140
G1 X70.100 Y204.600
G1 X70.203 Y204.540
G1 X70.240 Y204.375
G1 X70.145 Y204.065
G1 X69.675 Y203.630
G1 X69.090 Y203.460
G1 X68.644 Y203.550
G1 X68.325 Y203.819
G1 X68.134 Y204.267
G0 Z5.000 F500.000
G0 X68.745 Y205.925 F3000.000
G1 Z1.000 F500.000
G4 P100
G1 X69.188 Y206.498 F1000.000
G1 X69.335 Y207.075
G1 X69.308 Y207.296
G1 X69.225 Y207.370
G1 X69.058 Y207.183
G1 X68.883 Y206.662
G1 X68.745 Y205.925
G0 Z5.000 F500.000
G0 X70.190 Y205.750 F3000.000
G1 Z1.000 F500.000
G4 P100
G1 X70.475 Y205.815 F1000.000
G1 X70.628 Y205.780
G1 X70.670 Y205.675
G1 X70.460 Y204.222
G1 X70.540 Y204.180
G1 X70.728 Y204.330
G1 X71.338 Y205.750
G1 X71.585 Y205.815
G1 X71.745 Y205.787
G1 X71.790 Y205.685
G1 X71.525 Y204.210
G1 X71.565 Y204.062
G1 X71.670 Y204.010
G1 X71.907 Y204.132
G1 X72.410 Y204.600
G1 X72.513 Y204.540
G1 X72.550 Y204.375
G1 X72.455 Y204.065
G1 X71.993 Y203.630
G1 X71.430 Y203.460
G1 X71.222 Y203.506
G1 X71.078 Y203.645
G1 X70.965 Y204.165
G1 X70.710 Y203.642
G1 X70.345 Y203.460
G1 X70.141 Y203.512
G1 X69.871 Y203.901
G1 X69.835 Y204.185
G1 X69.885 Y204.873
G1 X70.050 Y205.535
G1 X70.190 Y205.750
G0 Z5.000 F500.000
G0 X72.201 Y204.934 F3000.000
G1 Z1.000 F500.000
G4 P100
G1 X72.340 Y205.535 F1000.000
G1 X72.488 Y205.748
G1 X72.775 Y205.815
G1 X72.915 Y205.790
G1 X72.955 Y205.695
G1 X72.750 Y204.615
G1 X73.120 Y205.315
G1 X73.523 Y205.700
G1 X73.885 Y205.815
G1 X74.129 Y205.734
G1 X74.210 Y205.490
G1 X74.156 Y204.794
G1 X74.250 Y204.750
G1 X74.745 Y205.035
G1 X74.847 Y204.977
G1 X74.885 Y204.825
G1 X74.785 Y204.535
G1 X74.458 Y204.287
G1 X74.060 Y204.185
G1 X73.827 Y204.219
G1 X73.554 Y204.479
G1 X73.490 Y205.050
G1 X73.293 Y204.882
G1 X73.050 Y204.440
G1 X72.728 Y203.542
G1 X72.500 Y203.460
G1 X72.338 Y203.510
G1 X72.233 Y203.660
G1 X72.155 Y204.300
G1 X72.201 Y204.934
G0 Z5.000 F500.000
G0 X74.345 Y204.525 F3000.000
G1 Z1.000 F500.000
G4 P100
G1 X74.490 Y205.167 F1000.000
G1 X74.663 Y205.434
G1 X75.167 Y205.771
G1 X75.475 Y205.815
G1 X75.736 Y205.772
G1 X75.940 Y205.642
G1 X76.071 Y205.439
G1 X76.115 Y205.175
G1 X76.053 Y204.854
G1 X75.868 Y204.583
G1 X75.534 Y204.361
G1 X75.030 Y204.190
G1 X75.211 Y204.018
G1 X75.505 Y203.960
G1 X76.018 Y204.118
G1 X76.650 Y204.600
G1 X76.752 Y204.540
G1 X76.790 Y204.375
G1 X76.695 Y204.065
G1 X76.173 Y203.650
G1 X75.450 Y203.460
G1 X74.984 Y203.531
G1 X74.635 Y203.745
G1 X74.418 Y204.083
G1 X74.345 Y204.525
G0 Z5.000 F500.000
G0 X74.950 Y204.590 F3000.000
G1 Z1.000 F500.000
G4 P100
G1 X75.415 Y204.790 F1000.000
G1 X75.543 Y204.941
G1 X75.532 Y205.267
G1 X75.390 Y205.325
G1 X75.219 Y205.271
G1 X75.078 Y205.110
G1 X74.950 Y204.590
G0 Z5.000 F500.000
G0 X76.363 Y204.666 F3000.000
G1 Z1.000 F500.000
G4 P100
G1 X76.692 Y205.334 F1000.000
G1 X76.958 Y205.583
G1 X77.625 Y205.840
G1 X77.763 Y206.739
G1 X77.988 Y207.498
G1 X78.297 Y208.013
G1 X78.483 Y208.142
G1 X78.887 Y208.136
G1 X79.048 Y207.990
G1 X79.154 Y207.745
G1 X79.121 Y206.792
G1 X78.915 Y206.090
G1 X78.180 Y204.550
G1 X78.268 Y204.135
G1 X78.440 Y204.010
G1 X78.715 Y204.130
G1 X79.225 Y204.600
G1 X79.328 Y204.540
G1 X79.365 Y204.375
G1 X79.270 Y204.065
G1 X78.576 Y203.504
G1 X78.335 Y203.460
G1 X78.000 Y203.571
G1 X77.755 Y203.905
G1 X77.388 Y203.550
G1 X77.020 Y203.460
G1 X76.742 Y203.517
G1 X76.518 Y203.688
G1 X76.369 Y203.949
G1 X76.363 Y204.666
G0 Z5.000 F500.000
G0 X76.945 Y204.330 F3000.000
G1 Z1.000 F500.000
G4 P100
G1 X77.008 Y204.056 F1000.000
G1 X77.195 Y203.965
G1 X77.385 Y204.042
G1 X77.625 Y204.330
G1 X77.585 Y205.325
G1 X77.333 Y205.191
G1 X77.128 Y204.958
G1 X76.945 Y204.330
G0 Z5.000 F500.000
G0 X78.185 Y205.335 F3000.000
G1 Z1.000 F500.000
G4 P100
G1 X78.605 Y206.435 F1000.000
G1 X78.745 Y207.295
G1 X78.635 Y207.695
G1 X78.445 Y207.357
G1 X78.185 Y205.335
G0 Z5.000 F500.000
G0 X80.480 Y205.535 F3000.000
G1 Z1.000 F500.000
G4 P100
G1 X80.628 Y205.748 F1000.000
G1 X81.055 Y205.790
G1 X81.095 Y205.695
G1 X80.890 Y204.620
G1 X81.213 Y205.280
G1 X81.598 Y205.683
G1 X81.970 Y205.815
G1 X82.218 Y205.735
G1 X82.290 Y205.490
G1 X82.140 Y204.640
G1 X82.404 Y205.171
G1 X82.695 Y205.535
G1 X82.990 Y205.745
G1 X83.265 Y205.815
G1 X83.509 Y205.734
G1 X83.590 Y205.490
G1 X83.385 Y204.210
G1 X83.421 Y204.060
G1 X83.530 Y204.010
G1 X83.768 Y204.132
G1 X84.270 Y204.600
G1 X84.373 Y204.540
G1 X84.410 Y204.375
G1 X84.315 Y204.065
G1 X83.853 Y203.630
G1 X83.588 Y203.502
G1 X83.066 Y203.497
G1 X82.808 Y203.788
G1 X82.775 Y204.035
G1 X82.910 Y204.970
G1 X82.855 Y205.050
G1 X82.670 Y204.882
G1 X82.430 Y204.440
G1 X82.108 Y203.540
G1 X81.875 Y203.460
G1 X81.731 Y203.499
G1 X81.628 Y203.618
G1 X81.545 Y204.000
G1 X81.635 Y204.970
G1 X81.580 Y205.050
G1 X81.390 Y204.870
G1 X81.168 Y204.410
G1 X80.868 Y203.542
G1 X80.640 Y203.460
G1 X80.478 Y203.510
G1 X80.373 Y203.660
G1 X80.295 Y204.300
G1 X80.480 Y205.535
G0 Z5.000 F500.000
G0 X83.986 Y204.664 F3000.000
G1 Z1.000 F500.000
G4 P100
G1 X84.341 Y205.355 F1000.000
G1 X84.618 Y205.607
G1 X84.934 Y205.771
G1 X85.270 Y205.825
G1 X85.418 Y205.782
G1 X85.480 Y205.630
G1 X85.884 Y205.606
G1 X85.945 Y205.475
G1 X85.755 Y204.175
G1 X85.793 Y204.055
G1 X85.890 Y204.010
G1 X86.120 Y204.132
G1 X86.620 Y204.600
G1 X86.723 Y204.540
G1 X86.760 Y204.375
G1 X86.665 Y204.065
G1 X86.230 Y203.635
G1 X85.785 Y203.460
G1 X85.483 Y203.572
G1 X85.275 Y203.880
G1 X84.981 Y203.565
G1 X84.620 Y203.460
G1 X84.341 Y203.516
G1 X84.125 Y203.685
G1 X83.986 Y203.945
G1 X83.986 Y204.664
G0 Z5.000 F500.000
G0 X84.565 Y204.270 F3000.000
G1 Z1.000 F500.000
G4 P100
G1 X84.628 Y204.040 F1000.000
G1 X84.800 Y203.965
G1 X85.010 Y204.095
G1 X85.155 Y204.440
G1 X85.340 Y205.360
G1 X84.953 Y205.202
G1 X84.670 Y204.800
G1 X84.565 Y204.270
G0 Z5.000 F500.000
G0 X86.173 Y205.395 F3000.000
G1 Z1.000 F500.000
G4 P100
G1 X86.120 Y205.570 F1000.000
G1 X86.176 Y205.780
G1 X86.630 Y205.850
G1 X86.890 Y206.855
G1 X87.312 Y207.580
G1 X87.569 Y207.782
G1 X87.845 Y207.850
G1 X88.033 Y207.804
G1 X88.175 Y207.665
G1 X88.295 Y207.200
G1 X88.254 Y206.825
G1 X88.133 Y206.475
G1 X87.645 Y205.850
G1 X88.320 Y205.815
G1 X88.320 Y205.534
G1 X88.214 Y205.426
G1 X87.790 Y205.340
G1 X87.180 Y205.340
G1 X87.201 Y204.507
G1 X87.293 Y204.220
G1 X87.451 Y204.062
G1 X87.680 Y204.010
G1 X88.060 Y204.140
G1 X88.585 Y204.600
G1 X88.688 Y204.540
G1 X88.725 Y204.375
G1 X88.630 Y204.065
G1 X88.160 Y203.630
G1 X87.886 Y203.502
G1 X87.575 Y203.460
G1 X87.129 Y203.550
G1 X86.810 Y203.819
G1 X86.619 Y204.267
G1 X86.570 Y205.340
G1 X86.173 Y205.395
G0 Z5.000 F500.000
G0 X87.230 Y205.925 F3000.000
G1 Z1.000 F500.000
G4 P100
G1 X87.673 Y206.498 F1000.000
G1 X87.820 Y207.075
G1 X87.793 Y207.296
G1 X87.710 Y207.370
G1 X87.543 Y207.183
G1 X87.368 Y206.662
G1 X87.230 Y205.925
G0 Z5.000 F500.000
G0 X88.513 Y206.215 F3000.000
G1 Z1.000 F500.000
G4 P100
G1 X88.708 Y206.983 F1000.000
G1 X88.978 Y207.618
G1 X89.316 Y208.043
G1 X89.715 Y208.185
G1 X89.923 Y208.136
G1 X90.194 Y207.761
G1 X90.156 Y206.961
G1 X89.935 Y206.428
G1 X88.975 Y205.160
G1 X88.960 Y204.625
G1 X89.328 Y205.317
G1 X89.728 Y205.700
G1 X90.090 Y205.815
G1 X90.334 Y205.734
G1 X90.415 Y205.490
G1 X90.210 Y204.210
G1 X90.246 Y204.060
G1 X90.355 Y204.010
G1 X90.593 Y204.132
G1 X91.095 Y204.600
G1 X91.198 Y204.540
G1 X91.235 Y204.375
G1 X91.140 Y204.065
G1 X90.668 Y203.630
G1 X90.408 Y203.502
G1 X89.891 Y203.497
G1 X89.633 Y203.788
G1 X89.600 Y204.035
G1 X89.735 Y204.970
G1 X89.680 Y205.050
G1 X89.495 Y204.882
G1 X89.255 Y204.440
G1 X88.895 Y203.560
G1 X88.590 Y203.460
G1 X88.393 Y203.567
G1 X88.355 Y204.610
G1 X88.513 Y206.215
G0 Z5.000 F500.000
G0 X89.030 Y205.785 F3000.000
G1 Z1.000 F500.000
G4 P100
G1 X89.543 Y206.580 F1000.000
G1 X89.694 Y206.990
G1 X89.745 Y207.360
G1 X89.710 Y207.605
G1 X89.610 Y207.690
G1 X89.410 Y207.433
G1 X89.198 Y206.738
G1 X89.030 Y205.785
G0 Z5.000 F500.000
G0 X91.033 Y205.680 F3000.000
G1 Z1.000 F500.000
G4 P100
G1 X91.390 Y205.815 F1000.000
G1 X91.723 Y205.708
G1 X91.835 Y205.390
G1 X91.705 Y205.023
G1 X91.350 Y204.885
G1 X91.018 Y205.005
G1 X90.905 Y205.320
G1 X91.033 Y205.680
G0 Z5.000 F500.000
G0 X91.011 Y204.356 F3000.000
G1 Z1.000 F500.000
G4 P100
G1 X91.215 Y204.390 F1000.000
G1 X91.548 Y204.282
G1 X91.660 Y203.965
G1 X91.530 Y203.597
G1 X91.376 Y203.494
G1 X91.175 Y203.460
G1 X90.843 Y203.580
G1 X90.730 Y203.895
G1 X90.858 Y204.255
G1 X91.011 Y204.356
G0 Z5.000 F500.000
G0 X22.958 Y169.189 F3000.000
G1 Z1.000 F500.000
G4 P100
G1 X23.038 Y168.789 F1000.000
G1 X22.980 Y168.499
G1 X22.548 Y168.002
G1 X22.219 Y167.839
G1 X22.512 Y167.751
G1 X22.753 Y167.576
G1 X22.915 Y167.329
G1 X22.969 Y167.026
G1 X22.920 Y166.731
G1 X22.775 Y166.482
G1 X22.253 Y166.142
G1 X21.538 Y166.026
G1 X20.941 Y166.085
G1 X20.516 Y166.264
G1 X20.260 Y166.531
G1 X20.175 Y166.857
G1 X20.275 Y167.179
G1 X20.544 Y167.295
G1 X20.759 Y167.223
G1 X21.062 Y166.720
G1 X21.488 Y166.632
G1 X21.941 Y166.735
G1 X22.074 Y166.866
G1 X22.077 Y167.241
G1 X21.950 Y167.373
G1 X21.228 Y167.579
G1 X21.163 Y167.782
G1 X21.216 Y167.998
G1 X21.997 Y168.329
G1 X22.181 Y168.757
G1 X22.062 Y169.015
G1 X21.706 Y169.101
G1 X21.289 Y168.998
G1 X20.959 Y168.448
G1 X20.725 Y168.376
G1 X20.466 Y168.473
G1 X20.375 Y168.732
G1 X20.550 Y169.207
G1 X21.047 Y169.570
G1 X21.800 Y169.707
G1 X22.330 Y169.649
G1 X22.719 Y169.476
G1 X22.958 Y169.189
G0 Z5.000 F500.000
G0 X23.776 Y167.146 F3000.000
G1 Z1.000 F500.000
G4 P100
G1 X24.273 Y167.155 F1000.000
G1 X24.552 Y166.888
G1 X24.547 Y166.399
G1 X24.425 Y166.198
G1 X24.233 Y166.069
G1 X23.740 Y166.064
G1 X23.460 Y166.349
G1 X23.465 Y166.823
G1 X23.584 Y167.020
G1 X23.776 Y167.146
G0 Z5.000 F500.000
G0 X26.406 Y166.239 F3000.000
G1 Z1.000 F500.000
G4 P100
G1 X26.456 Y166.439 F1000.000
G1 X26.606 Y166.589
G1 X27.462 Y166.726
G1 X28.062 Y170.589
G1 X27.228 Y170.654
G1 X27.144 Y170.857
G1 X27.182 Y171.045
G1 X27.297 Y171.184
G1 X27.756 Y171.314
G1 X29.600 Y171.320
G1 X29.875 Y171.242
G1 X29.988 Y171.051
G1 X29.863 Y170.729
G1 X29.506 Y170.607
G1 X28.956 Y170.601
G1 X28.356 Y166.751
G1 X29.163 Y166.670
G1 X29.281 Y166.407
G1 X29.153 Y166.132
G1 X28.794 Y166.020
G1 X27.887 Y166.045
G1 X26.731 Y165.945
G1 X26.500 Y166.020
G1 X26.406 Y166.239
G0 Z5.000 F500.000
G0 X30.016 Y166.276 F3000.000
G1 Z1.000 F500.000
G4 P100
G1 X29.919 Y167.076 F1000.000
G1 X29.977 Y167.868
G1 X30.150 Y168.620
G1 X30.334 Y168.885
G1 X30.694 Y168.970
G1 X30.869 Y168.939
G1 X30.919 Y168.820
G1 X30.662 Y167.476
G1 X31.066 Y168.301
G1 X31.547 Y168.804
G1 X32.013 Y168.970
G1 X32.322 Y168.870
G1 X32.413 Y168.564
G1 X32.225 Y167.501
G1 X32.555 Y168.165
G1 X32.919 Y168.620
G1 X33.288 Y168.882
G1 X33.631 Y168.970
G1 X33.936 Y168.868
G1 X34.038 Y168.564
G1 X33.781 Y166.964
G1 X33.827 Y166.776
G1 X33.962 Y166.714
G1 X34.259 Y166.867
G1 X34.719 Y167.364
G1 X34.888 Y167.451
G1 X35.016 Y167.376
G1 X35.062 Y167.170
G1 X34.944 Y166.782
G1 X34.366 Y166.239
G1 X34.035 Y166.079
G1 X33.383 Y166.072
G1 X33.181 Y166.210
G1 X33.059 Y166.436
G1 X33.019 Y166.745
G1 X33.188 Y167.914
G1 X33.119 Y168.014
G1 X32.888 Y167.804
G1 X32.587 Y167.251
G1 X32.184 Y166.126
G1 X31.894 Y166.026
G1 X31.713 Y166.075
G1 X31.584 Y166.223
G1 X31.481 Y166.701
G1 X31.594 Y167.914
G1 X31.525 Y168.014
G1 X31.288 Y167.789
G1 X31.009 Y167.214
G1 X30.634 Y166.129
G1 X30.350 Y166.026
G1 X30.148 Y166.089
G1 X30.016 Y166.276
G0 Z5.000 F500.000
G0 X34.533 Y166.632 F3000.000
G1 Z1.000 F500.000
G4 P100
G1 X34.475 Y167.045 F1000.000
G1 X34.533 Y167.531
G1 X34.706 Y167.992
G1 X34.976 Y168.395
G1 X35.322 Y168.710
G1 X35.718 Y168.914
G1 X36.138 Y168.982
G1 X36.322 Y168.929
G1 X36.400 Y168.739
G1 X36.905 Y168.709
G1 X36.981 Y168.545
G1 X36.744 Y166.920
G1 X36.791 Y166.770
G1 X36.913 Y166.714
G1 X37.200 Y166.867
G1 X37.656 Y167.364
G1 X37.825 Y167.451
G1 X37.953 Y167.376
G1 X38.000 Y167.170
G1 X37.881 Y166.782
G1 X37.337 Y166.245
G1 X36.781 Y166.026
G1 X36.403 Y166.167
G1 X36.144 Y166.551
G1 X35.777 Y166.157
G1 X35.325 Y166.026
G1 X34.977 Y166.096
G1 X34.706 Y166.307
G1 X34.533 Y166.632
G0 Z5.000 F500.000
G0 X35.334 Y166.751 F3000.000
G1 Z1.000 F500.000
G4 P100
G1 X35.550 Y166.657 F1000.000
G1 X35.812 Y166.820
G1 X35.994 Y167.251
G1 X36.225 Y168.401
G1 X35.741 Y168.204
G1 X35.388 Y167.701
G1 X35.256 Y167.039
G1 X35.334 Y166.751
G0 Z5.000 F500.000
G0 X37.413 Y167.045 F3000.000
G1 Z1.000 F500.000
G4 P100
G1 X37.470 Y167.531 F1000.000
G1 X37.644 Y167.992
G1 X37.913 Y168.395
G1 X38.259 Y168.710
G1 X38.655 Y168.914
G1 X39.075 Y168.982
G1 X39.259 Y168.929
G1 X39.338 Y168.739
G1 X39.834 Y168.717
G1 X39.900 Y168.532
G1 X39.625 Y166.726
G1 X40.550 Y167.389
G1 X40.694 Y167.439
G1 X40.822 Y167.360
G1 X40.869 Y167.164
G1 X40.825 Y166.939
G1 X40.688 Y166.795
G1 X39.500 Y165.989
G1 X39.226 Y164.833
G1 X38.878 Y163.954
G1 X38.441 Y163.399
G1 X38.184 Y163.260
G1 X37.611 Y163.263
G1 X37.381 Y163.410
G1 X37.231 Y163.638
G1 X37.181 Y163.926
G1 X37.269 Y164.386
G1 X37.531 Y164.879
G1 X38.034 Y165.447
G1 X38.844 Y166.132
G1 X38.881 Y166.376
G1 X38.603 Y166.117
G1 X38.263 Y166.026
G1 X37.914 Y166.096
G1 X37.644 Y166.307
G1 X37.470 Y166.632
G1 X37.413 Y167.045
G0 Z5.000 F500.000
G0 X38.272 Y166.751 F3000.000
G1 Z1.000 F500.000
G4 P100
G1 X38.487 Y166.657 F1000.000
G1 X38.763 Y166.832
G1 X38.950 Y167.332
G1 X39.150 Y168.401
G1 X38.675 Y168.204
G1 X38.325 Y167.701
G1 X38.194 Y167.039
G1 X38.272 Y166.751
G0 Z5.000 F500.000
G0 X38.700 Y165.389 F3000.000
G1 Z1.000 F500.000
G4 P100
G1 X38.006 Y164.645 F1000.000
G1 X37.847 Y164.334
G1 X37.834 Y163.889
G1 X37.969 Y163.820
G1 X38.135 Y163.914
G1 X38.322 Y164.195
G1 X38.700 Y165.389
G0 Z5.000 F500.000
G0 X40.756 Y166.382 F3000.000
G1 Z1.000 F500.000
G4 P100
G1 X40.484 Y166.804 F1000.000
G1 X40.394 Y167.357
G1 X40.575 Y168.160
G1 X40.791 Y168.494
G1 X41.078 Y168.751
G1 X41.421 Y168.915
G1 X41.806 Y168.970
G1 X42.133 Y168.916
G1 X42.388 Y168.754
G1 X42.552 Y168.500
G1 X42.606 Y168.170
G1 X42.529 Y167.769
G1 X42.297 Y167.429
G1 X41.880 Y167.152
G1 X41.250 Y166.939
G1 X41.477 Y166.723
G1 X41.844 Y166.651
G1 X42.145 Y166.700
G1 X42.484 Y166.848
G1 X43.275 Y167.451
G1 X43.403 Y167.376
G1 X43.450 Y167.170
G1 X43.331 Y166.782
G1 X42.678 Y166.264
G1 X42.241 Y166.085
G1 X41.775 Y166.026
G1 X41.192 Y166.115
G1 X40.756 Y166.382
G0 Z5.000 F500.000
G0 X41.150 Y167.439 F3000.000
G1 Z1.000 F500.000
G4 P100
G1 X41.731 Y167.689 F1000.000
G1 X41.891 Y167.878
G1 X41.944 Y168.095
G1 X41.878 Y168.285
G1 X41.700 Y168.357
G1 X41.487 Y168.290
G1 X41.309 Y168.089
G1 X41.150 Y167.439
G0 Z5.000 F500.000
G0 X44.506 Y167.357 F3000.000
G1 Z1.000 F500.000
G4 P100
G1 X44.552 Y167.774 F1000.000
G1 X44.904 Y168.494
G1 X45.191 Y168.751
G1 X45.534 Y168.915
G1 X45.919 Y168.970
G1 X46.245 Y168.916
G1 X46.500 Y168.754
G1 X46.664 Y168.500
G1 X46.719 Y168.170
G1 X46.641 Y167.769
G1 X46.409 Y167.429
G1 X45.993 Y167.152
G1 X45.362 Y166.939
G1 X45.589 Y166.723
G1 X45.956 Y166.651
G1 X46.597 Y166.848
G1 X47.387 Y167.451
G1 X47.516 Y167.376
G1 X47.562 Y167.170
G1 X47.444 Y166.782
G1 X46.791 Y166.264
G1 X46.354 Y166.085
G1 X45.887 Y166.026
G1 X45.305 Y166.115
G1 X44.869 Y166.382
G1 X44.597 Y166.804
G1 X44.506 Y167.357
G0 Z5.000 F500.000
G0 X45.262 Y167.439 F3000.000
G1 Z1.000 F500.000
G4 P100
G1 X45.844 Y167.689 F1000.000
G1 X46.003 Y167.878
G1 X46.056 Y168.095
G1 X45.991 Y168.285
G1 X45.812 Y168.357
G1 X45.599 Y168.290
G1 X45.422 Y168.089
G1 X45.262 Y167.439
G0 Z5.000 F500.000
G0 X46.898 Y167.046 F3000.000
G1 Z1.000 F500.000
G4 P100
G1 X47.180 Y167.415 F1000.000
G1 X47.412 Y167.464
G1 X47.581 Y167.421
G1 X47.637 Y167.295
G1 X47.647 Y166.742
G1 X47.769 Y166.695
G1 X47.997 Y166.835
G1 X48.178 Y167.220
G1 X48.250 Y167.757
G1 X48.194 Y168.135
G1 X48.056 Y168.289
G1 X47.956 Y168.254
G1 X47.794 Y167.979
G1 X47.575 Y167.920
G1 X47.356 Y168.017
G1 X47.275 Y168.314
G1 X47.323 Y168.598
G1 X47.469 Y168.814
G1 X47.691 Y168.949
G1 X47.969 Y168.995
G1 X48.444 Y168.867
G1 X48.769 Y168.495
G1 X49.191 Y168.870
G1 X49.650 Y168.995
G1 X50.022 Y168.882
G1 X50.118 Y168.735
G1 X50.150 Y168.520
G1 X50.044 Y168.079
G1 X49.787 Y167.920
G1 X49.600 Y167.976
G1 X49.487 Y168.251
G1 X49.400 Y168.289
G1 X49.241 Y168.148
G1 X49.097 Y167.776
G1 X49.073 Y167.035
G1 X49.345 Y166.722
G1 X49.799 Y166.724
G1 X50.694 Y167.451
G1 X50.822 Y167.376
G1 X50.869 Y167.170
G1 X50.750 Y166.782
G1 X50.147 Y166.242
G1 X49.798 Y166.080
G1 X49.406 Y166.026
G1 X48.841 Y166.145
G1 X48.450 Y166.482
G1 X48.061 Y166.145
G1 X47.606 Y166.032
G1 X47.298 Y166.082
G1 X47.062 Y166.232
G1 X46.912 Y166.465
G1 X46.898 Y167.046
G0 Z5.000 F500.000
G0 X50.134 Y168.445 F3000.000
G1 Z1.000 F500.000
G4 P100
G1 X50.069 Y168.664 F1000.000
G1 X50.139 Y168.926
G1 X50.350 Y169.014
G1 X50.706 Y169.014
G1 X51.031 Y170.270
G1 X51.559 Y171.176
G1 X51.880 Y171.429
G1 X52.225 Y171.514
G1 X52.459 Y171.456
G1 X52.637 Y171.282
G1 X52.750 Y171.021
G1 X52.737 Y170.232
G1 X52.584 Y169.795
G1 X51.975 Y169.014
G1 X52.819 Y168.970
G1 X52.818 Y168.619
G1 X52.686 Y168.484
G1 X52.156 Y168.376
G1 X51.394 Y168.376
G1 X51.420 Y167.335
G1 X51.534 Y166.976
G1 X51.732 Y166.779
G1 X52.019 Y166.714
G1 X52.494 Y166.876
G1 X53.150 Y167.451
G1 X53.278 Y167.376
G1 X53.325 Y167.170
G1 X53.206 Y166.782
G1 X52.619 Y166.239
G1 X52.277 Y166.079
G1 X51.887 Y166.026
G1 X51.330 Y166.138
G1 X50.931 Y166.474
G1 X50.692 Y167.035
G1 X50.631 Y168.376
G1 X50.134 Y168.445
G0 Z5.000 F500.000
G0 X51.456 Y169.107 F3000.000
G1 Z1.000 F500.000
G4 P100
G1 X51.779 Y169.446 F1000.000
G1 X52.148 Y170.202
G1 X52.159 Y170.821
G1 X52.056 Y170.914
G1 X51.847 Y170.679
G1 X51.628 Y170.029
G1 X51.456 Y169.107
G0 Z5.000 F500.000
G0 X53.247 Y168.885 F3000.000
G1 Z1.000 F500.000
G4 P100
G1 X53.606 Y168.970 F1000.000
G1 X53.781 Y168.939
G1 X53.831 Y168.820
G1 X53.575 Y167.470
G1 X54.037 Y168.345
G1 X54.541 Y168.826
G1 X54.994 Y168.970
G1 X55.298 Y168.868
G1 X55.400 Y168.564
G1 X55.294 Y167.857
G1 X55.333 Y167.693
G1 X55.450 Y167.639
G1 X55.650 Y167.707
G1 X56.069 Y167.995
G1 X56.197 Y167.923
G1 X56.244 Y167.732
G1 X56.119 Y167.370
G1 X55.709 Y167.060
G1 X55.212 Y166.932
G1 X54.921 Y166.974
G1 X54.709 Y167.101
G1 X54.580 Y167.299
G1 X54.569 Y167.914
G1 X54.500 Y168.014
G1 X54.253 Y167.804
G1 X53.950 Y167.251
G1 X53.547 Y166.129
G1 X53.262 Y166.026
G1 X53.060 Y166.089
G1 X52.928 Y166.276
G1 X52.831 Y167.076
G1 X52.889 Y167.868
G1 X53.062 Y168.620
G1 X53.247 Y168.885
G0 Z5.000 F500.000
G0 X55.639 Y167.531 F3000.000
G1 Z1.000 F500.000
G4 P100
G1 X55.812 Y167.992 F1000.000
G1 X56.082 Y168.395
G1 X56.428 Y168.710
G1 X56.824 Y168.914
G1 X57.244 Y168.982
G1 X57.428 Y168.929
G1 X57.506 Y168.739
G1 X58.011 Y168.709
G1 X58.087 Y168.545
G1 X57.850 Y166.920
G1 X57.897 Y166.770
G1 X58.019 Y166.714
G1 X58.306 Y166.867
G1 X58.762 Y167.364
G1 X58.931 Y167.451
G1 X59.059 Y167.376
G1 X59.106 Y167.170
G1 X58.987 Y166.782
G1 X58.444 Y166.245
G1 X58.161 Y166.081
G1 X57.887 Y166.026
G1 X57.509 Y166.167
G1 X57.250 Y166.551
G1 X56.883 Y166.157
G1 X56.431 Y166.026
G1 X56.083 Y166.096
G1 X55.812 Y166.307
G1 X55.639 Y166.632
G1 X55.581 Y167.045
G1 X55.639 Y167.531
G0 Z5.000 F500.000
G0 X56.362 Y167.039 F3000.000
G1 Z1.000 F500.000
G4 P100
G1 X56.441 Y166.751 F1000.000
G1 X56.656 Y166.657
G1 X56.919 Y166.820
G1 X57.100 Y167.251
G1 X57.331 Y168.401
G1 X56.847 Y168.204
G1 X56.494 Y167.701
G1 X56.362 Y167.039
G0 Z5.000 F500.000
G0 X58.500 Y167.289 F3000.000
G1 Z1.000 F500.000
G4 P100
G1 X58.550 Y167.764 F1000.000
G1 X58.700 Y168.176
G1 X58.930 Y168.514
G1 X59.219 Y168.764
G1 X59.545 Y168.918
G1 X59.887 Y168.970
G1 X60.193 Y168.919
G1 X60.422 Y168.767
G1 X60.565 Y168.535
G1 X60.612 Y168.245
G1 X60.497 Y167.801
G1 X60.194 Y167.620
G1 X60.003 Y167.676
G1 X59.931 Y167.832
G1 X59.953 Y168.314
G1 X59.837 Y168.357
G1 X59.569 Y168.229
G1 X59.369 Y167.882
G1 X59.294 Y167.401
G1 X59.333 Y167.084
G1 X59.452 Y166.857
G1 X59.649 Y166.721
G1 X59.925 Y166.676
G1 X60.478 Y166.848
G1 X61.231 Y167.451
G1 X61.359 Y167.376
G1 X61.406 Y167.170
G1 X61.287 Y166.782
G1 X60.965 Y166.461
G1 X60.584 Y166.223
G1 X59.794 Y166.026
G1 X59.249 Y166.113
G1 X58.841 Y166.373
G1 X58.585 Y166.775
G1 X58.500 Y167.289
G0 Z5.000 F500.000
G0 X61.230 Y167.035 F3000.000
G1 Z1.000 F500.000
G4 P100
G1 X61.169 Y168.376 F1000.000
G1 X60.672 Y168.445
G1 X60.606 Y168.664
G1 X60.677 Y168.926
G1 X60.887 Y169.014
G1 X61.244 Y169.014
G1 X61.569 Y170.270
G1 X62.097 Y171.176
G1 X62.418 Y171.429
G1 X62.762 Y171.514
G1 X62.997 Y171.456
G1 X63.175 Y171.282
G1 X63.287 Y171.021
G1 X63.274 Y170.232
G1 X63.122 Y169.795
G1 X62.512 Y169.014
G1 X63.356 Y168.970
G1 X63.356 Y168.619
G1 X63.223 Y168.484
G1 X62.694 Y168.376
G1 X61.931 Y168.376
G1 X61.957 Y167.335
G1 X62.072 Y166.976
G1 X62.270 Y166.779
G1 X62.556 Y166.714
G1 X63.031 Y166.876
G1 X63.687 Y167.451
G1 X63.816 Y167.376
G1 X63.862 Y167.170
G1 X63.744 Y166.782
G1 X63.156 Y166.239
G1 X62.814 Y166.079
G1 X62.425 Y166.026
G1 X61.867 Y166.138
G1 X61.469 Y166.474
G1 X61.230 Y167.035
G0 Z5.000 F500.000
G0 X61.994 Y169.107 F3000.000
G1 Z1.000 F500.000
G4 P100
G1 X62.316 Y169.446 F1000.000
G1 X62.685 Y170.202
G1 X62.697 Y170.821
G1 X62.594 Y170.914
G1 X62.384 Y170.679
G1 X62.166 Y170.029
G1 X61.994 Y169.107
G0 Z5.000 F500.000
G0 X63.650 Y169.845 F3000.000
G1 Z1.000 F500.000
G4 P100
G1 X63.822 Y170.210 F1000.000
G1 X64.250 Y170.357
G1 X64.625 Y170.245
G1 X64.769 Y169.926
G1 X64.606 Y169.529
G1 X64.175 Y169.382
G1 X63.781 Y169.504
G1 X63.650 Y169.845
G0 Z5.000 F500.000
G0 X64.056 Y168.970 F3000.000
G1 Z1.000 F500.000
G4 P100
G1 X64.295 Y168.917 F1000.000
G1 X64.375 Y168.757
G1 X64.106 Y167.101
G1 X64.156 Y166.814
G1 X64.325 Y166.714
G1 X64.606 Y166.870
G1 X65.056 Y167.364
G1 X65.225 Y167.451
G1 X65.353 Y167.376
G1 X65.400 Y167.170
G1 X65.281 Y166.782
G1 X64.683 Y166.215
G1 X64.125 Y166.026
G1 X63.774 Y166.098
G1 X63.534 Y166.314
G1 X63.396 Y166.648
G1 X63.350 Y167.076
G1 X63.606 Y168.620
G1 X63.756 Y168.895
G1 X64.056 Y168.970
G0 Z5.000 F500.000
G0 X64.981 Y168.185 F3000.000
G1 Z1.000 F500.000
G4 P100
G1 X65.197 Y168.517 F1000.000
G1 X65.481 Y168.767
G1 X65.817 Y168.924
G1 X66.187 Y168.976
G1 X66.616 Y168.894
G1 X66.953 Y168.648
G1 X67.184 Y168.281
G1 X67.294 Y167.839
G1 X68.081 Y167.976
G1 X68.206 Y167.895
G1 X68.205 Y167.449
G1 X68.069 Y167.332
G1 X67.244 Y167.182
G1 X67.067 Y166.710
G1 X66.775 Y166.342
G1 X66.402 Y166.105
G1 X65.981 Y166.026
G1 X65.634 Y166.071
G1 X65.341 Y166.207
G1 X64.937 Y166.689
G1 X64.800 Y167.339
G1 X64.981 Y168.185
G0 Z5.000 F500.000
G0 X65.623 Y167.783 F3000.000
G1 Z1.000 F500.000
G4 P100
G1 X65.581 Y167.395 F1000.000
G1 X65.716 Y166.870
G1 X65.862 Y166.734
G1 X66.218 Y166.729
G1 X66.378 Y166.851
G1 X66.575 Y167.320
G1 X66.278 Y167.664
G1 X66.194 Y168.314
G1 X65.934 Y168.253
G1 X65.747 Y168.073
G1 X65.623 Y167.783
G0 Z5.000 F500.000
G0 X67.783 Y167.868 F3000.000
G1 Z1.000 F500.000
G4 P100
G1 X67.956 Y168.620 F1000.000
G1 X68.141 Y168.885
G1 X68.500 Y168.970
G1 X68.675 Y168.939
G1 X68.725 Y168.820
G1 X68.469 Y167.470
G1 X68.931 Y168.345
G1 X69.434 Y168.826
G1 X69.887 Y168.970
G1 X70.192 Y168.868
G1 X70.294 Y168.564
G1 X70.037 Y166.964
G1 X70.083 Y166.776
G1 X70.219 Y166.714
G1 X70.516 Y166.867
G1 X70.975 Y167.364
G1 X71.144 Y167.451
G1 X71.272 Y167.376
G1 X71.319 Y167.170
G1 X71.200 Y166.782
G1 X70.622 Y166.239
G1 X70.291 Y166.079
G1 X69.639 Y166.072
G1 X69.437 Y166.210
G1 X69.316 Y166.436
G1 X69.275 Y166.745
G1 X69.444 Y167.914
G1 X69.375 Y168.014
G1 X69.147 Y167.804
G1 X68.847 Y167.251
G1 X68.441 Y166.129
G1 X68.156 Y166.026
G1 X67.954 Y166.089
G1 X67.822 Y166.276
G1 X67.725 Y167.076
G1 X67.783 Y167.868
G0 Z5.000 F500.000
G0 X70.769 Y166.539 F3000.000
G1 Z1.000 F500.000
G4 P100
G1 X70.805 Y166.815 F1000.000
G1 X71.084 Y167.146
G1 X71.294 Y167.189
G1 X71.634 Y167.067
G1 X71.750 Y166.739
G1 X71.619 Y166.157
G1 X71.103 Y165.145
G1 X70.912 Y165.070
G1 X70.694 Y165.132
G1 X70.612 Y165.332
G1 X70.769 Y166.539
G0 Z5.000 F500.000
G0 X74.227 Y166.484 F3000.000
G1 Z1.000 F500.000
G4 P100
G1 X74.087 Y168.389 F1000.000
G1 X74.200 Y168.895
G1 X74.519 Y168.976
G1 X74.759 Y168.904
G1 X74.837 Y168.664
G1 X74.925 Y166.795
G1 X75.487 Y167.682
G1 X75.394 Y168.114
G1 X75.487 Y168.526
G1 X75.744 Y168.851
G1 X76.112 Y168.976
G1 X76.406 Y168.848
G1 X76.519 Y168.476
G1 X76.369 Y167.832
G1 X77.231 Y167.964
G1 X77.375 Y167.901
G1 X77.425 Y167.732
G1 X77.350 Y167.429
G1 X77.125 Y167.270
G1 X76.512 Y167.176
G1 X75.994 Y167.251
G1 X75.162 Y166.157
G1 X74.750 Y166.026
G1 X74.521 Y166.076
G1 X74.347 Y166.226
G1 X74.227 Y166.484
G0 Z5.000 F500.000
G0 X76.878 Y166.804 F3000.000
G1 Z1.000 F500.000
G4 P100
G1 X76.787 Y167.357 F1000.000
G1 X76.969 Y168.160
G1 X77.185 Y168.494
G1 X77.472 Y168.751
G1 X77.815 Y168.915
G1 X78.200 Y168.970
G1 X78.527 Y168.916
G1 X78.781 Y168.754
G1 X78.945 Y168.500
G1 X79.000 Y168.170
G1 X78.923 Y167.769
G1 X78.691 Y167.429
G1 X78.274 Y167.152
G1 X77.644 Y166.939
G1 X77.870 Y166.723
G1 X78.237 Y166.651
G1 X78.878 Y166.848
G1 X79.669 Y167.451
G1 X79.797 Y167.376
G1 X79.844 Y167.170
G1 X79.725 Y166.782
G1 X79.072 Y166.264
G1 X78.635 Y166.085
G1 X78.169 Y166.026
G1 X77.586 Y166.115
G1 X77.150 Y166.382
G1 X76.878 Y166.804
G0 Z5.000 F500.000
G0 X77.544 Y167.439 F3000.000
G1 Z1.000 F500.000
G4 P100
G1 X78.125 Y167.689 F1000.000
G1 X78.284 Y167.878
G1 X78.337 Y168.095
G1 X78.272 Y168.285
G1 X78.094 Y168.357
G1 X77.880 Y168.290
G1 X77.703 Y168.089
G1 X77.544 Y167.439
G0 Z5.000 F500.000
G0 X79.287 Y167.764 F3000.000
G1 Z1.000 F500.000
G4 P100
G1 X79.438 Y168.176 F1000.000
G1 X79.667 Y168.514
G1 X79.956 Y168.764
G1 X80.283 Y168.918
G1 X80.625 Y168.970
G1 X80.930 Y168.919
G1 X81.159 Y168.767
G1 X81.302 Y168.535
G1 X81.350 Y168.245
G1 X81.234 Y167.801
G1 X80.931 Y167.620
G1 X80.741 Y167.676
G1 X80.669 Y167.832
G1 X80.691 Y168.314
G1 X80.575 Y168.357
G1 X80.306 Y168.229
G1 X80.106 Y167.882
G1 X80.031 Y167.401
G1 X80.071 Y167.084
G1 X80.189 Y166.857
G1 X80.386 Y166.721
G1 X80.662 Y166.676
G1 X81.216 Y166.848
G1 X81.969 Y167.451
G1 X82.097 Y167.376
G1 X82.144 Y167.170
G1 X82.025 Y166.782
G1 X81.702 Y166.461
G1 X81.322 Y166.223
G1 X80.531 Y166.026
G1 X79.987 Y166.113
G1 X79.578 Y166.373
G1 X79.323 Y166.775
G1 X79.237 Y167.289
G1 X79.287 Y167.764
G0 Z5.000 F500.000
G0 X81.409 Y168.445 F3000.000
G1 Z1.000 F500.000
G4 P100
G1 X81.344 Y168.664 F1000.000
G1 X81.414 Y168.926
G1 X81.625 Y169.014
G1 X81.981 Y169.014
G1 X82.306 Y170.270
G1 X82.834 Y171.176
G1 X83.155 Y171.429
G1 X83.500 Y171.514
G1 X83.734 Y171.456
G1 X83.912 Y171.282
G1 X84.025 Y171.021
G1 X84.012 Y170.232
G1 X83.859 Y169.795
G1 X83.250 Y169.014
G1 X84.094 Y168.970
G1 X84.093 Y168.619
G1 X83.961 Y168.484
G1 X83.431 Y168.376
G1 X82.669 Y168.376
G1 X82.695 Y167.335
G1 X82.809 Y166.976
G1 X83.007 Y166.779
G1 X83.294 Y166.714
G1 X83.769 Y166.876
G1 X84.425 Y167.451
G1 X84.553 Y167.376
G1 X84.600 Y167.170
G1 X84.481 Y166.782
G1 X83.894 Y166.239
G1 X83.552 Y166.079
G1 X83.162 Y166.026
G1 X82.605 Y166.138
G1 X82.206 Y166.474
G1 X81.967 Y167.035
G1 X81.906 Y168.376
G1 X81.409 Y168.445
G0 Z5.000 F500.000
G0 X82.731 Y169.107 F3000.000
G1 Z1.000 F500.000
G4 P100
G1 X83.054 Y169.446 F1000.000
G1 X83.423 Y170.202
G1 X83.434 Y170.821
G1 X83.331 Y170.914
G1 X83.122 Y170.679
G1 X82.903 Y170.029
G1 X82.731 Y169.107
G0 Z5.000 F500.000
G0 X84.397 Y168.517 F3000.000
G1 Z1.000 F500.000
G4 P100
G1 X84.681 Y168.767 F1000.000
G1 X85.017 Y168.924
G1 X85.387 Y168.976
G1 X85.816 Y168.894
G1 X86.153 Y168.648
G1 X86.384 Y168.281
G1 X86.494 Y167.839
G1 X87.281 Y167.976
G1 X87.406 Y167.895
G1 X87.405 Y167.449
G1 X87.269 Y167.332
G1 X86.444 Y167.182
G1 X86.267 Y166.710
G1 X85.975 Y166.342
G1 X85.602 Y166.105
G1 X85.181 Y166.026
G1 X84.834 Y166.071
G1 X84.307 Y166.418
G1 X84.137 Y166.689
G1 X84.000 Y167.339
G1 X84.045 Y167.788
G1 X84.181 Y168.185
G1 X84.397 Y168.517
G0 Z5.000 F500.000
G0 X84.823 Y167.783 F3000.000
G1 Z1.000 F500.000
G4 P100
G1 X84.781 Y167.395 F1000.000
G1 X84.916 Y166.870
G1 X85.062 Y166.734
G1 X85.418 Y166.729
G1 X85.578 Y166.851
G1 X85.775 Y167.320
G1 X85.478 Y167.664
G1 X85.394 Y168.314
G1 X85.134 Y168.253
G1 X84.947 Y168.073
G1 X84.823 Y167.783
G0 Z5.000 F500.000
G0 X86.983 Y167.868 F3000.000
G1 Z1.000 F500.000
G4 P100
G1 X87.156 Y168.620 F1000.000
G1 X87.341 Y168.885
G1 X87.700 Y168.970
G1 X87.875 Y168.939
G1 X87.925 Y168.820
G1 X87.669 Y167.470
G1 X88.131 Y168.345
G1 X88.634 Y168.826
G1 X89.087 Y168.970
G1 X89.392 Y168.868
G1 X89.494 Y168.564
G1 X89.387 Y167.857
G1 X89.427 Y167.693
G1 X89.544 Y167.639
G1 X89.744 Y167.707
G1 X90.162 Y167.995
G1 X90.291 Y167.923
G1 X90.337 Y167.732
G1 X90.212 Y167.370
G1 X89.803 Y167.060
G1 X89.306 Y166.932
G1 X89.015 Y166.974
G1 X88.803 Y167.101
G1 X88.674 Y167.299
G1 X88.662 Y167.914
G1 X88.594 Y168.014
G1 X88.347 Y167.804
G1 X88.044 Y167.251
G1 X87.641 Y166.129
G1 X87.356 Y166.026
G1 X87.154 Y166.089
G1 X87.022 Y166.276
G1 X86.925 Y167.076
G1 X86.983 Y167.868
G0 Z5.000 F500.000
G0 X89.750 Y167.076 F3000.000
G1 Z1.000 F500.000
G4 P100
G1 X90.006 Y168.620 F1000.000
G1 X90.156 Y168.895
G1 X90.456 Y168.970
G1 X90.695 Y168.917
G1 X90.775 Y168.757
G1 X90.506 Y167.101
G1 X90.556 Y166.814
G1 X90.725 Y166.714
G1 X91.006 Y166.870
G1 X91.456 Y167.364
G1 X91.625 Y167.451
G1 X91.753 Y167.376
G1 X91.800 Y167.170
G1 X91.681 Y166.782
G1 X91.083 Y166.215
G1 X90.525 Y166.026
G1 X90.174 Y166.098
G1 X89.934 Y166.314
G1 X89.796 Y166.648
G1 X89.750 Y167.076
G0 Z5.000 F500.000
G0 X90.575 Y169.382 F3000.000
G1 Z1.000 F500.000
G4 P100
G1 X90.181 Y169.504 F1000.000
G1 X90.050 Y169.845
G1 X90.222 Y170.210
G1 X90.650 Y170.357
G1 X91.025 Y170.245
G1 X91.169 Y169.926
G1 X91.006 Y169.529
G1 X90.575 Y169.382
G0 Z5.000 F500.000
G0 X91.428 Y168.867 F3000.000
G1 Z1.000 F500.000
G4 P100
G1 X91.625 Y168.982 F1000.000
G1 X93.206 Y168.895
G1 X93.719 Y169.001
G1 X93.884 Y168.914
G1 X93.950 Y168.645
G1 X93.856 Y168.332
G1 X92.619 Y167.610
G1 X92.337 Y167.333
G1 X92.244 Y167.057
G1 X92.284 Y166.898
G1 X92.406 Y166.770
G1 X92.887 Y166.657
G1 X93.240 Y166.701
G1 X93.597 Y166.832
G1 X94.412 Y167.451
G1 X94.541 Y167.376
G1 X94.587 Y167.170
G1 X94.469 Y166.782
G1 X94.140 Y166.442
G1 X93.741 Y166.182
G1 X93.279 Y166.018
G1 X92.762 Y165.964
G1 X92.025 Y166.092
G1 X91.749 Y166.243
G1 X91.423 Y166.677
G1 X91.381 Y166.939
G1 X91.464 Y167.328
G1 X91.712 Y167.670
G1 X92.662 Y168.282
G1 X91.637 Y168.257
G1 X91.428 Y168.354
G1 X91.356 Y168.601
G1 X91.428 Y168.867
G0 Z5.000 F500.000
G0 X94.052 Y167.531 F3000.000
G1 Z1.000 F500.000
G4 P100
G1 X94.225 Y167.992 F1000.000
G1 X94.495 Y168.395
G1 X94.841 Y168.710
G1 X95.237 Y168.914
G1 X95.656 Y168.982
G1 X95.841 Y168.929
G1 X95.919 Y168.739
G1 X96.423 Y168.709
G1 X96.500 Y168.545
G1 X96.262 Y166.920
G1 X96.309 Y166.770
G1 X96.431 Y166.714
G1 X96.719 Y166.867
G1 X97.175 Y167.364
G1 X97.344 Y167.451
G1 X97.472 Y167.376
G1 X97.519 Y167.170
G1 X97.400 Y166.782
G1 X96.856 Y166.245
G1 X96.573 Y166.081
G1 X96.300 Y166.026
G1 X95.922 Y166.167
G1 X95.662 Y166.551
G1 X95.295 Y166.157
G1 X94.844 Y166.026
G1 X94.495 Y166.096
G1 X94.225 Y166.307
G1 X94.052 Y166.632
G1 X93.994 Y167.045
G1 X94.052 Y167.531
G0 Z5.000 F500.000
G0 X94.775 Y167.039 F3000.000
G1 Z1.000 F500.000
G4 P100
G1 X94.853 Y166.751 F1000.000
G1 X95.069 Y166.657
G1 X95.331 Y166.820
G1 X95.512 Y167.251
G1 X95.744 Y168.401
G1 X95.259 Y168.204
G1 X94.906 Y167.701
G1 X94.775 Y167.039
G0 Z5.000 F500.000
G0 X96.784 Y168.445 F3000.000
G1 Z1.000 F500.000
G4 P100
G1 X96.719 Y168.664 F1000.000
G1 X96.789 Y168.926
G1 X97.000 Y169.014
G1 X97.356 Y169.014
G1 X97.681 Y170.270
G1 X98.209 Y171.176
G1 X98.530 Y171.429
G1 X98.875 Y171.514
G1 X99.109 Y171.456
G1 X99.287 Y171.282
G1 X99.400 Y171.021
G1 X99.387 Y170.232
G1 X99.234 Y169.795
G1 X98.625 Y169.014
G1 X99.469 Y168.970
G1 X99.468 Y168.619
G1 X99.336 Y168.484
G1 X98.806 Y168.376
G1 X98.044 Y168.376
G1 X98.070 Y167.335
G1 X98.184 Y166.976
G1 X98.382 Y166.779
G1 X98.669 Y166.714
G1 X99.144 Y166.876
G1 X99.800 Y167.451
G1 X99.928 Y167.376
G1 X99.975 Y167.170
G1 X99.856 Y166.782
G1 X99.269 Y166.239
G1 X98.927 Y166.079
G1 X98.537 Y166.026
G1 X97.980 Y166.138
G1 X97.581 Y166.474
G1 X97.342 Y167.035
G1 X97.281 Y168.376
G1 X96.784 Y168.445
G0 Z5.000 F500.000
G0 X98.106 Y169.107 F3000.000
G1 Z1.000 F500.000
G4 P100
G1 X98.429 Y169.446 F1000.000
G1 X98.798 Y170.202
G1 X98.809 Y170.821
G1 X98.706 Y170.914
G1 X98.497 Y170.679
G1 X98.278 Y170.029
G1 X98.106 Y169.107
G0 Z5.000 F500.000
G0 X99.762 Y169.845 F3000.000
G1 Z1.000 F500.000
G4 P100
G1 X99.934 Y170.210 F1000.000
G1 X100.362 Y170.357
G1 X100.737 Y170.245
G1 X100.881 Y169.926
G1 X100.719 Y169.529
G1 X100.287 Y169.382
G1 X99.894 Y169.504
G1 X99.762 Y169.845
G0 Z5.000 F500.000
G0 X100.169 Y168.970 F3000.000
G1 Z1.000 F500.000
G4 P100
G1 X100.408 Y168.917 F1000.000
G1 X100.487 Y168.757
G1 X100.219 Y167.101
G1 X100.269 Y166.814
G1 X100.437 Y166.714
G1 X100.719 Y166.870
G1 X101.169 Y167.364
G1 X101.337 Y167.451
G1 X101.466 Y167.376
G1 X101.512 Y167.170
G1 X101.394 Y166.782
G1 X100.795 Y166.215
G1 X100.237 Y166.026
G1 X99.887 Y166.098
G1 X99.647 Y166.314
G1 X99.509 Y166.648
G1 X99.462 Y167.076
G1 X99.719 Y168.620
G1 X99.869 Y168.895
G1 X100.169 Y168.970
G0 Z5.000 F500.000
G0 X101.094 Y168.185 F3000.000
G1 Z1.000 F500.000
G4 P100
G1 X101.309 Y168.517 F1000.000
G1 X101.594 Y168.767
G1 X101.930 Y168.924
G1 X102.300 Y168.976
G1 X102.729 Y168.894
G1 X103.066 Y168.648
G1 X103.296 Y168.281
G1 X103.406 Y167.839
G1 X104.194 Y167.976
G1 X104.319 Y167.895
G1 X104.317 Y167.449
G1 X104.181 Y167.332
G1 X103.356 Y167.182
G1 X103.180 Y166.710
G1 X102.887 Y166.342
G1 X102.514 Y166.105
G1 X102.094 Y166.026
G1 X101.746 Y166.071
G1 X101.453 Y166.207
G1 X101.050 Y166.689
G1 X100.912 Y167.339
G1 X101.094 Y168.185
G0 Z5.000 F500.000
G0 X101.735 Y167.783 F3000.000
G1 Z1.000 F500.000
G4 P100
G1 X101.694 Y167.395 F1000.000
G1 X101.828 Y166.870
G1 X101.974 Y166.734
G1 X102.330 Y166.729
G1 X102.491 Y166.851
G1 X102.687 Y167.320
G1 X102.391 Y167.664
G1 X102.306 Y168.314
G1 X102.046 Y168.253
G1 X101.859 Y168.073
G1 X101.735 Y167.783
G0 Z5.000 F500.000
G0 X103.895 Y167.868 F3000.000
G1 Z1.000 F500.000
G4 P100
G1 X104.069 Y168.620 F1000.000
G1 X104.253 Y168.885
G1 X104.612 Y168.970
G1 X104.787 Y168.939
G1 X104.837 Y168.820
G1 X104.581 Y167.470
G1 X105.044 Y168.345
G1 X105.547 Y168.826
G1 X106.000 Y168.970
G1 X106.305 Y168.868
G1 X106.406 Y168.564
G1 X106.150 Y166.964
G1 X106.195 Y166.776
G1 X106.331 Y166.714
G1 X106.628 Y166.867
G1 X107.087 Y167.364
G1 X107.256 Y167.451
G1 X107.384 Y167.376
G1 X107.431 Y167.170
G1 X107.312 Y166.782
G1 X106.734 Y166.239
G1 X106.404 Y166.079
G1 X105.752 Y166.072
G1 X105.550 Y166.210
G1 X105.428 Y166.436
G1 X105.387 Y166.745
G1 X105.556 Y167.914
G1 X105.487 Y168.014
G1 X105.259 Y167.804
G1 X104.959 Y167.251
G1 X104.553 Y166.129
G1 X104.269 Y166.026
G1 X104.066 Y166.089
G1 X103.934 Y166.276
G1 X103.837 Y167.076
G1 X103.895 Y167.868
G0 Z5.000 F500.000
G0 X108.500 Y167.045 F3000.000
G1 Z1.000 F500.000
G4 P100
G1 X108.558 Y167.531 F1000.000
G1 X108.731 Y167.992
G1 X109.001 Y168.395
G1 X109.347 Y168.710
G1 X109.743 Y168.914
G1 X110.162 Y168.982
G1 X110.347 Y168.929
G1 X110.425 Y168.739
G1 X110.930 Y168.709
G1 X111.006 Y168.545
G1 X110.769 Y166.920
G1 X110.816 Y166.770
G1 X110.937 Y166.714
G1 X111.225 Y166.867
G1 X111.681 Y167.364
G1 X111.850 Y167.451
G1 X111.978 Y167.376
G1 X112.025 Y167.170
G1 X111.906 Y166.782
G1 X111.362 Y166.245
G1 X110.806 Y166.026
G1 X110.428 Y166.167
G1 X110.169 Y166.551
G1 X109.802 Y166.157
G1 X109.350 Y166.026
G1 X109.002 Y166.096
G1 X108.731 Y166.307
G1 X108.558 Y166.632
G1 X108.500 Y167.045
G0 Z5.000 F500.000
G0 X109.359 Y166.751 F3000.000
G1 Z1.000 F500.000
G4 P100
G1 X109.575 Y166.657 F1000.000
G1 X109.837 Y166.820
G1 X110.019 Y167.251
G1 X110.250 Y168.401
G1 X109.766 Y168.204
G1 X109.412 Y167.701
G1 X109.281 Y167.039
G1 X109.359 Y166.751
G0 Z5.000 F500.000
G0 X111.531 Y167.076 F3000.000
G1 Z1.000 F500.000
G4 P100
G1 X111.589 Y167.868 F1000.000
G1 X111.762 Y168.620
G1 X111.947 Y168.885
G1 X112.306 Y168.970
G1 X112.481 Y168.939
G1 X112.531 Y168.820
G1 X112.275 Y167.470
G1 X112.737 Y168.345
G1 X113.241 Y168.826
G1 X113.694 Y168.970
G1 X113.998 Y168.868
G1 X114.100 Y168.564
G1 X113.844 Y166.964
G1 X113.889 Y166.776
G1 X114.025 Y166.714
G1 X114.322 Y166.867
G1 X114.781 Y167.364
G1 X114.950 Y167.451
G1 X115.078 Y167.376
G1 X115.125 Y167.170
G1 X115.006 Y166.782
G1 X114.428 Y166.239
G1 X114.098 Y166.079
G1 X113.725 Y166.026
G1 X113.445 Y166.072
G1 X113.244 Y166.210
G1 X113.122 Y166.436
G1 X113.081 Y166.745
G1 X113.250 Y167.914
G1 X113.181 Y168.014
G1 X112.953 Y167.804
G1 X112.653 Y167.251
G1 X112.247 Y166.129
G1 X111.962 Y166.026
G1 X111.760 Y166.089
G1 X111.628 Y166.276
G1 X111.531 Y167.076
G0 Z5.000 F500.000
G0 X114.599 Y166.638 F3000.000
G1 Z1.000 F500.000
G4 P100
G1 X114.537 Y167.051 F1000.000
G1 X114.591 Y167.533
G1 X114.750 Y167.979
G1 X115.002 Y168.368
G1 X115.334 Y168.679
G1 X115.729 Y168.896
G1 X116.169 Y169.001
G1 X116.341 Y170.125
G1 X116.622 Y171.073
G1 X117.009 Y171.717
G1 X117.241 Y171.879
G1 X117.500 Y171.932
G1 X117.746 Y171.871
G1 X117.947 Y171.689
G1 X118.080 Y171.382
G1 X118.125 Y170.951
G1 X118.039 Y170.192
G1 X117.781 Y169.314
G1 X116.862 Y167.389
G1 X116.972 Y166.870
G1 X117.187 Y166.714
G1 X117.531 Y166.864
G1 X118.000 Y167.364
G1 X118.169 Y167.451
G1 X118.297 Y167.376
G1 X118.344 Y167.170
G1 X118.225 Y166.782
G1 X117.662 Y166.248
G1 X117.358 Y166.081
G1 X117.056 Y166.026
G1 X116.637 Y166.165
G1 X116.331 Y166.582
G1 X115.872 Y166.139
G1 X115.412 Y166.026
G1 X115.065 Y166.097
G1 X114.784 Y166.310
G1 X114.599 Y166.638
G0 Z5.000 F500.000
G0 X115.397 Y166.771 F3000.000
G1 Z1.000 F500.000
G4 P100
G1 X115.631 Y166.657 F1000.000
G1 X115.869 Y166.754
G1 X116.169 Y167.114
G1 X116.119 Y168.357
G1 X115.804 Y168.189
G1 X115.547 Y167.898
G1 X115.376 Y167.525
G1 X115.319 Y167.114
G1 X115.397 Y166.771
G0 Z5.000 F500.000
G0 X116.869 Y168.370 F3000.000
G1 Z1.000 F500.000
G4 P100
G1 X117.394 Y169.745 F1000.000
G1 X117.569 Y170.820
G1 X117.528 Y171.189
G1 X117.431 Y171.320
G1 X117.312 Y171.214
G1 X117.194 Y170.898
G1 X116.991 Y169.795
G1 X116.869 Y168.370
G0 Z5.000 F500.000
G0 X119.619 Y168.895 F3000.000
G1 Z1.000 F500.000
G4 P100
G1 X119.937 Y168.976 F1000.000
G1 X120.178 Y168.904
G1 X120.256 Y168.664
G1 X120.344 Y166.795
G1 X121.125 Y168.657
G1 X121.291 Y168.910
G1 X121.525 Y168.976
G1 X121.759 Y168.907
G1 X121.825 Y168.664
G1 X121.912 Y166.795
G1 X122.475 Y167.682
G1 X122.381 Y168.114
G1 X122.475 Y168.526
G1 X122.731 Y168.851
G1 X123.100 Y168.976
G1 X123.394 Y168.848
G1 X123.506 Y168.476
G1 X123.356 Y167.832
G1 X124.219 Y167.964
G1 X124.362 Y167.901
G1 X124.412 Y167.732
G1 X124.337 Y167.429
G1 X124.112 Y167.270
G1 X123.500 Y167.176
G1 X122.981 Y167.251
G1 X122.153 Y166.157
G1 X121.750 Y166.026
G1 X121.530 Y166.074
G1 X121.372 Y166.220
G1 X121.181 Y167.314
G1 X120.834 Y166.514
G1 X120.528 Y166.132
G1 X120.169 Y166.026
G1 X119.940 Y166.076
G1 X119.766 Y166.226
G1 X119.646 Y166.484
G1 X119.581 Y166.857
G1 X119.506 Y168.607
G1 X119.619 Y168.895
G0 Z5.000 F500.000
G0 X123.939 Y167.868 F3000.000
G1 Z1.000 F500.000
G4 P100
G1 X124.112 Y168.620 F1000.000
G1 X124.297 Y168.885
G1 X124.656 Y168.970
G1 X124.831 Y168.939
G1 X124.881 Y168.820
G1 X124.625 Y167.470
G1 X125.087 Y168.345
G1 X125.591 Y168.826
G1 X126.044 Y168.970
G1 X126.348 Y168.868
G1 X126.450 Y168.564
G1 X126.344 Y167.857
G1 X126.383 Y167.693
G1 X126.500 Y167.639
G1 X126.700 Y167.707
G1 X127.119 Y167.995
G1 X127.247 Y167.923
G1 X127.294 Y167.732
G1 X127.169 Y167.370
G1 X126.759 Y167.060
G1 X126.262 Y166.932
G1 X125.971 Y166.974
G1 X125.759 Y167.101
G1 X125.630 Y167.299
G1 X125.619 Y167.914
G1 X125.550 Y168.014
G1 X125.303 Y167.804
G1 X125.000 Y167.251
G1 X124.597 Y166.129
G1 X124.312 Y166.026
G1 X124.110 Y166.089
G1 X123.978 Y166.276
G1 X123.881 Y167.076
G1 X123.939 Y167.868
G0 Z5.000 F500.000
G0 X126.631 Y167.045 F3000.000
G1 Z1.000 F500.000
G4 P100
G1 X126.689 Y167.531 F1000.000
G1 X126.862 Y167.992
G1 X127.132 Y168.395
G1 X127.478 Y168.710
G1 X127.874 Y168.914
G1 X128.294 Y168.982
G1 X128.478 Y168.929
G1 X128.556 Y168.739
G1 X129.061 Y168.709
G1 X129.137 Y168.545
G1 X128.900 Y166.920
G1 X128.947 Y166.770
G1 X129.069 Y166.714
G1 X129.356 Y166.867
G1 X129.812 Y167.364
G1 X129.981 Y167.451
G1 X130.109 Y167.376
G1 X130.156 Y167.170
G1 X130.037 Y166.782
G1 X129.494 Y166.245
G1 X128.937 Y166.026
G1 X128.559 Y166.167
G1 X128.300 Y166.551
G1 X127.933 Y166.157
G1 X127.481 Y166.026
G1 X127.133 Y166.096
G1 X126.862 Y166.307
G1 X126.689 Y166.632
G1 X126.631 Y167.045
G0 Z5.000 F500.000
G0 X127.491 Y166.751 F3000.000
G1 Z1.000 F500.000
G4 P100
G1 X127.706 Y166.657 F1000.000
G1 X127.969 Y166.820
G1 X128.150 Y167.251
G1 X128.381 Y168.401
G1 X127.897 Y168.204
G1 X127.544 Y167.701
G1 X127.412 Y167.039
G1 X127.491 Y166.751
G0 Z5.000 F500.000
G0 X129.245 Y166.405 F3000.000
G1 Z1.000 F500.000
G4 P100
G1 X129.756 Y167.345 F1000.000
G1 X129.777 Y168.776
G1 X129.887 Y168.901
G1 X130.262 Y169.007
G1 X130.453 Y168.954
G1 X130.525 Y168.514
G1 X130.919 Y168.873
G1 X131.331 Y168.982
G1 X131.649 Y168.912
G1 X131.903 Y168.701
G1 X132.070 Y168.376
G1 X132.125 Y167.964
G1 X132.019 Y167.320
G1 X131.725 Y166.751
G1 X131.944 Y166.714
G1 X132.337 Y166.864
G1 X132.987 Y167.451
G1 X133.116 Y167.376
G1 X133.162 Y167.170
G1 X133.044 Y166.782
G1 X132.466 Y166.239
G1 X132.135 Y166.079
G1 X131.762 Y166.026
G1 X131.462 Y166.085
G1 X131.225 Y166.264
G1 X130.861 Y166.089
G1 X130.481 Y166.026
G1 X130.348 Y164.919
G1 X130.112 Y164.010
G1 X129.758 Y163.403
G1 X129.530 Y163.252
G1 X129.269 Y163.201
G1 X128.975 Y163.262
G1 X128.769 Y163.445
G1 X128.647 Y163.735
G1 X128.606 Y164.120
G1 X128.677 Y164.783
G1 X128.887 Y165.548
G1 X129.245 Y166.405
G0 Z5.000 F500.000
G0 X129.319 Y165.182 F3000.000
G1 Z1.000 F500.000
G4 P100
G1 X129.162 Y164.226 F1000.000
G1 X129.209 Y163.920
G1 X129.319 Y163.814
G1 X129.473 Y163.997
G1 X129.600 Y164.548
G1 X129.744 Y166.376
G1 X129.319 Y165.182
G0 Z5.000 F500.000
G0 X130.512 Y166.626 F3000.000
G1 Z1.000 F500.000
G4 P100
G1 X130.928 Y166.873 F1000.000
G1 X131.231 Y167.360
G1 X131.344 Y167.970
G1 X131.269 Y168.254
G1 X131.069 Y168.351
G1 X130.820 Y168.232
G1 X130.525 Y167.876
G1 X130.512 Y166.626
G0 Z5.000 F500.000
G0 X132.252 Y166.405 F3000.000
G1 Z1.000 F500.000
G4 P100
G1 X132.762 Y167.345 F1000.000
G1 X132.783 Y168.776
G1 X132.894 Y168.901
G1 X133.269 Y169.007
G1 X133.459 Y168.954
G1 X133.531 Y168.514
G1 X133.925 Y168.873
G1 X134.337 Y168.982
G1 X134.655 Y168.912
G1 X134.909 Y168.701
G1 X135.076 Y168.376
G1 X135.131 Y167.964
G1 X135.025 Y167.320
G1 X134.731 Y166.751
G1 X134.950 Y166.714
G1 X135.344 Y166.864
G1 X135.994 Y167.451
G1 X136.122 Y167.376
G1 X136.169 Y167.170
G1 X136.050 Y166.782
G1 X135.472 Y166.239
G1 X135.141 Y166.079
G1 X134.769 Y166.026
G1 X134.469 Y166.085
G1 X134.231 Y166.264
G1 X133.867 Y166.089
G1 X133.487 Y166.026
G1 X133.355 Y164.919
G1 X133.119 Y164.010
G1 X132.764 Y163.403
G1 X132.536 Y163.252
G1 X132.275 Y163.201
G1 X131.981 Y163.262
G1 X131.775 Y163.445
G1 X131.653 Y163.735
G1 X131.612 Y164.120
G1 X131.683 Y164.783
G1 X131.894 Y165.548
G1 X132.252 Y166.405
G0 Z5.000 F500.000
G0 X132.325 Y165.182 F3000.000
G1 Z1.000 F500.000
G4 P100
G1 X132.169 Y164.226 F1000.000
G1 X132.216 Y163.920
G1 X132.325 Y163.814
G1 X132.480 Y163.997
G1 X132.606 Y164.548
G1 X132.750 Y166.376
G1 X132.325 Y165.182
G0 Z5.000 F500.000
G0 X133.519 Y166.626 F3000.000
G1 Z1.000 F500.000
G4 P100
G1 X133.934 Y166.873 F1000.000
G1 X134.237 Y167.360
G1 X134.350 Y167.970
G1 X134.275 Y168.254
G1 X134.075 Y168.351
G1 X133.827 Y168.232
G1 X133.531 Y167.876
G1 X133.519 Y166.626
G0 Z5.000 F500.000
G0 X135.656 Y167.076 F3000.000
G1 Z1.000 F500.000
G4 P100
G1 X135.912 Y168.620 F1000.000
G1 X136.062 Y168.895
G1 X136.362 Y168.970
G1 X136.602 Y168.917
G1 X136.681 Y168.757
G1 X136.412 Y167.101
G1 X136.462 Y166.814
G1 X136.631 Y166.714
G1 X136.912 Y166.870
G1 X137.362 Y167.364
G1 X137.531 Y167.451
G1 X137.659 Y167.376
G1 X137.706 Y167.170
G1 X137.587 Y166.782
G1 X136.989 Y166.215
G1 X136.431 Y166.026
G1 X136.080 Y166.098
G1 X135.841 Y166.314
G1 X135.702 Y166.648
G1 X135.656 Y167.076
G0 Z5.000 F500.000
G0 X136.481 Y169.382 F3000.000
G1 Z1.000 F500.000
G4 P100
G1 X136.087 Y169.504 F1000.000
G1 X135.956 Y169.845
G1 X136.128 Y170.210
G1 X136.556 Y170.357
G1 X136.931 Y170.245
G1 X137.075 Y169.926
G1 X136.912 Y169.529
G1 X136.481 Y169.382
G0 Z5.000 F500.000
G0 X137.628 Y168.885 F3000.000
G1 Z1.000 F500.000
G4 P100
G1 X137.987 Y168.970 F1000.000
G1 X138.162 Y168.939
G1 X138.212 Y168.820
G1 X137.956 Y167.470
G1 X138.419 Y168.345
G1 X138.922 Y168.826
G1 X139.375 Y168.970
G1 X139.680 Y168.868
G1 X139.781 Y168.564
G1 X139.525 Y166.964
G1 X139.570 Y166.776
G1 X139.706 Y166.714
G1 X140.003 Y166.867
G1 X140.462 Y167.364
G1 X140.631 Y167.451
G1 X140.759 Y167.376
G1 X140.806 Y167.170
G1 X140.687 Y166.782
G1 X140.109 Y166.239
G1 X139.779 Y166.079
G1 X139.127 Y166.072
G1 X138.925 Y166.210
G1 X138.803 Y166.436
G1 X138.762 Y166.745
G1 X138.931 Y167.914
G1 X138.862 Y168.014
G1 X138.634 Y167.804
G1 X138.334 Y167.251
G1 X137.928 Y166.129
G1 X137.644 Y166.026
G1 X137.441 Y166.089
G1 X137.309 Y166.276
G1 X137.212 Y167.076
G1 X137.270 Y167.868
G1 X137.444 Y168.620
G1 X137.628 Y168.885
G0 Z5.000 F500.000
G0 X140.277 Y167.531 F3000.000
G1 Z1.000 F500.000
G4 P100
G1 X140.450 Y167.992 F1000.000
G1 X140.720 Y168.395
G1 X141.066 Y168.710
G1 X141.462 Y168.914
G1 X141.881 Y168.982
G1 X142.066 Y168.929
G1 X142.144 Y168.739
G1 X142.641 Y168.717
G1 X142.706 Y168.532
G1 X142.431 Y166.726
G1 X143.356 Y167.389
G1 X143.500 Y167.439
G1 X143.628 Y167.360
G1 X143.675 Y167.164
G1 X143.631 Y166.939
G1 X143.494 Y166.795
G1 X142.306 Y165.989
G1 X142.032 Y164.833
G1 X141.684 Y163.954
G1 X141.248 Y163.399
G1 X140.706 Y163.214
G1 X140.417 Y163.263
G1 X140.187 Y163.410
G1 X140.037 Y163.638
G1 X139.987 Y163.926
G1 X140.075 Y164.386
G1 X140.337 Y164.879
G1 X140.841 Y165.447
G1 X141.650 Y166.132
G1 X141.687 Y166.376
G1 X141.409 Y166.117
G1 X141.069 Y166.026
G1 X140.720 Y166.096
G1 X140.450 Y166.307
G1 X140.277 Y166.632
G1 X140.219 Y167.045
G1 X140.277 Y167.531
G0 Z5.000 F500.000
G0 X141.000 Y167.039 F3000.000
G1 Z1.000 F500.000
G4 P100
G1 X141.078 Y166.751 F1000.000
G1 X141.294 Y166.657
G1 X141.569 Y166.832
G1 X141.756 Y167.332
G1 X141.956 Y168.401
G1 X141.481 Y168.204
G1 X141.131 Y167.701
G1 X141.000 Y167.039
G0 Z5.000 F500.000
G0 X141.506 Y165.389 F3000.000
G1 Z1.000 F500.000
G4 P100
G1 X140.812 Y164.645 F1000.000
G1 X140.653 Y164.334
G1 X140.641 Y163.889
G1 X140.775 Y163.820
G1 X140.941 Y163.914
G1 X141.128 Y164.195
G1 X141.506 Y165.389
G0 Z5.000 F500.000
G0 X22.430 Y157.250 F3000.000
G1 Z1.000 F500.000
G4 P100
G1 X22.247 Y156.802 F1000.000
G1 X21.775 Y156.490
G1 X22.203 Y156.280
G1 X22.332 Y156.082
G1 X22.336 Y155.604
G1 X22.220 Y155.405
G1 X21.802 Y155.132
G1 X21.230 Y155.040
G1 X20.753 Y155.087
G1 X20.413 Y155.230
G1 X20.208 Y155.444
G1 X20.140 Y155.705
G1 X20.220 Y155.962
G1 X20.435 Y156.055
G1 X20.608 Y155.997
G1 X20.850 Y155.595
G1 X21.190 Y155.525
G1 X21.553 Y155.607
G1 X21.695 Y155.860
G1 X21.560 Y156.117
G1 X20.983 Y156.282
G1 X20.930 Y156.445
G1 X20.973 Y156.617
G1 X21.598 Y156.882
G1 X21.745 Y157.225
G1 X21.650 Y157.431
G1 X21.365 Y157.500
G1 X21.031 Y157.417
G1 X20.767 Y156.977
G1 X20.580 Y156.920
G1 X20.373 Y156.997
G1 X20.300 Y157.205
G1 X20.440 Y157.585
G1 X20.837 Y157.875
G1 X21.440 Y157.985
G1 X21.864 Y157.939
G1 X22.175 Y157.800
G1 X22.366 Y157.570
G1 X22.430 Y157.250
G0 Z5.000 F500.000
G0 X22.961 Y157.197 F3000.000
G1 Z1.000 F500.000
G4 P100
G1 X23.205 Y157.872 F1000.000
G1 X23.608 Y158.456
G1 X24.165 Y158.912
G1 X24.864 Y159.207
G1 X25.690 Y159.305
G1 X26.660 Y159.165
G1 X26.800 Y158.965
G1 X26.703 Y158.720
G1 X26.475 Y158.605
G1 X25.580 Y158.725
G1 X24.992 Y158.648
G1 X24.500 Y158.417
G1 X24.111 Y158.060
G1 X23.835 Y157.605
G1 X23.670 Y157.080
G1 X23.657 Y156.138
G1 X23.782 Y155.857
G1 X23.976 Y155.683
G1 X24.220 Y155.625
G1 X24.506 Y155.687
G1 X24.755 Y155.875
G1 X25.175 Y156.685
G1 X25.550 Y158.205
G1 X25.670 Y158.395
G1 X25.910 Y158.445
G1 X26.176 Y158.387
G1 X26.265 Y158.215
G1 X25.905 Y156.150
G1 X25.985 Y155.757
G1 X26.230 Y155.635
G1 X26.535 Y155.742
G1 X27.035 Y156.180
G1 X27.138 Y156.120
G1 X27.175 Y155.955
G1 X27.080 Y155.645
G1 X26.600 Y155.195
G1 X26.025 Y155.040
G1 X25.709 Y155.090
G1 X25.460 Y155.242
G1 X25.285 Y155.487
G1 X25.190 Y155.815
G1 X24.733 Y155.234
G1 X24.438 Y155.088
G1 X23.772 Y155.082
G1 X23.229 Y155.418
G1 X23.040 Y155.702
G1 X22.880 Y156.465
G1 X22.961 Y157.197
G0 Z5.000 F500.000
G0 X26.670 Y155.475 F3000.000
G1 Z1.000 F500.000
G4 P100
G1 X26.797 Y155.835 F1000.000
G1 X27.155 Y155.970
G1 X27.488 Y155.862
G1 X27.600 Y155.545
G1 X27.470 Y155.177
G1 X27.115 Y155.040
G1 X26.782 Y155.160
G1 X26.670 Y155.475
G0 Z5.000 F500.000
G0 X29.055 Y155.210 F3000.000
G1 Z1.000 F500.000
G4 P100
G1 X29.215 Y155.490 F1000.000
G1 X29.900 Y155.600
G1 X30.380 Y158.690
G1 X29.712 Y158.742
G1 X29.645 Y158.905
G1 X29.767 Y159.166
G1 X30.135 Y159.270
G1 X31.610 Y159.275
G1 X31.830 Y159.212
G1 X31.920 Y159.060
G1 X31.820 Y158.802
G1 X31.535 Y158.705
G1 X31.095 Y158.700
G1 X30.615 Y155.620
G1 X31.260 Y155.555
G1 X31.355 Y155.345
G1 X31.253 Y155.125
G1 X30.965 Y155.035
G1 X29.315 Y154.975
G1 X29.130 Y155.035
G1 X29.055 Y155.210
G0 Z5.000 F500.000
G0 X31.943 Y155.240 F3000.000
G1 Z1.000 F500.000
G4 P100
G1 X31.865 Y155.880 F1000.000
G1 X31.911 Y156.514
G1 X32.050 Y157.115
G1 X32.198 Y157.327
G1 X32.485 Y157.395
G1 X32.625 Y157.370
G1 X32.665 Y157.275
G1 X32.460 Y156.195
G1 X32.830 Y156.895
G1 X33.233 Y157.280
G1 X33.595 Y157.395
G1 X33.839 Y157.314
G1 X33.920 Y157.070
G1 X33.715 Y155.790
G1 X33.751 Y155.640
G1 X33.860 Y155.590
G1 X34.098 Y155.712
G1 X34.600 Y156.180
G1 X34.703 Y156.120
G1 X34.740 Y155.955
G1 X34.645 Y155.645
G1 X34.183 Y155.210
G1 X33.918 Y155.082
G1 X33.396 Y155.077
G1 X33.138 Y155.368
G1 X33.105 Y155.615
G1 X33.240 Y156.550
G1 X33.185 Y156.630
G1 X33.002 Y156.462
G1 X32.763 Y156.020
G1 X32.438 Y155.122
G1 X32.210 Y155.040
G1 X32.048 Y155.090
G1 X31.943 Y155.240
G0 Z5.000 F500.000
G0 X34.423 Y155.899 F3000.000
G1 Z1.000 F500.000
G4 P100
G1 X34.370 Y156.475 F1000.000
G1 X34.528 Y157.865
G1 X34.723 Y158.590
G1 X34.993 Y159.205
G1 X35.329 Y159.625
G1 X35.725 Y159.765
G1 X35.939 Y159.709
G1 X36.103 Y159.542
G1 X36.206 Y159.272
G1 X36.240 Y158.905
G1 X36.157 Y158.262
G1 X35.910 Y157.525
G1 X35.521 Y156.744
G1 X35.015 Y155.970
G1 X35.130 Y155.677
G1 X35.340 Y155.590
G1 X35.700 Y155.707
G1 X36.230 Y156.180
G1 X36.333 Y156.120
G1 X36.370 Y155.955
G1 X36.275 Y155.645
G1 X35.808 Y155.210
G1 X35.235 Y155.040
G1 X34.852 Y155.140
G1 X34.583 Y155.440
G1 X34.423 Y155.899
G0 Z5.000 F500.000
G0 X34.980 Y156.645 F3000.000
G1 Z1.000 F500.000
G4 P100
G1 X35.545 Y157.817 F1000.000
G1 X35.703 Y158.379
G1 X35.755 Y158.890
G1 X35.720 Y159.175
G1 X35.615 Y159.270
G1 X35.355 Y158.855
G1 X35.100 Y157.825
G1 X34.980 Y156.645
G0 Z5.000 F500.000
G0 X36.200 Y158.095 F3000.000
G1 Z1.000 F500.000
G4 P100
G1 X36.338 Y158.387 F1000.000
G1 X36.680 Y158.505
G1 X36.980 Y158.415
G1 X37.095 Y158.160
G1 X36.965 Y157.842
G1 X36.620 Y157.725
G1 X36.305 Y157.822
G1 X36.200 Y158.095
G0 Z5.000 F500.000
G0 X36.525 Y157.395 F3000.000
G1 Z1.000 F500.000
G4 P100
G1 X36.716 Y157.352 F1000.000
G1 X36.780 Y157.225
G1 X36.565 Y155.900
G1 X36.605 Y155.670
G1 X36.740 Y155.590
G1 X36.965 Y155.715
G1 X37.460 Y156.180
G1 X37.562 Y156.120
G1 X37.600 Y155.955
G1 X37.505 Y155.645
G1 X37.026 Y155.191
G1 X36.580 Y155.040
G1 X36.299 Y155.097
G1 X36.108 Y155.270
G1 X35.960 Y155.880
G1 X36.165 Y157.115
G1 X36.285 Y157.335
G1 X36.525 Y157.395
G0 Z5.000 F500.000
G0 X37.390 Y157.115 F3000.000
G1 Z1.000 F500.000
G4 P100
G1 X37.538 Y157.327 F1000.000
G1 X37.965 Y157.370
G1 X38.005 Y157.275
G1 X37.800 Y156.195
G1 X38.170 Y156.895
G1 X38.573 Y157.280
G1 X38.935 Y157.395
G1 X39.179 Y157.314
G1 X39.260 Y157.070
G1 X39.055 Y155.790
G1 X39.091 Y155.640
G1 X39.200 Y155.590
G1 X39.438 Y155.712
G1 X39.940 Y156.180
G1 X40.043 Y156.120
G1 X40.080 Y155.955
G1 X39.985 Y155.645
G1 X39.523 Y155.210
G1 X39.258 Y155.082
G1 X38.736 Y155.077
G1 X38.477 Y155.368
G1 X38.445 Y155.615
G1 X38.580 Y156.550
G1 X38.525 Y156.630
G1 X38.343 Y156.462
G1 X38.102 Y156.020
G1 X37.778 Y155.122
G1 X37.550 Y155.040
G1 X37.388 Y155.090
G1 X37.282 Y155.240
G1 X37.205 Y155.880
G1 X37.390 Y157.115
G0 Z5.000 F500.000
G0 X39.600 Y156.105 F3000.000
G1 Z1.000 F500.000
G4 P100
G1 X39.745 Y156.747 F1000.000
G1 X39.918 Y157.014
G1 X40.422 Y157.351
G1 X40.730 Y157.395
G1 X40.991 Y157.352
G1 X41.195 Y157.222
G1 X41.326 Y157.019
G1 X41.370 Y156.755
G1 X41.308 Y156.434
G1 X41.123 Y156.162
G1 X40.789 Y155.940
G1 X40.285 Y155.770
G1 X40.466 Y155.597
G1 X40.760 Y155.540
G1 X41.273 Y155.697
G1 X41.905 Y156.180
G1 X42.008 Y156.120
G1 X42.045 Y155.955
G1 X41.950 Y155.645
G1 X41.428 Y155.230
G1 X40.705 Y155.040
G1 X40.239 Y155.111
G1 X39.890 Y155.325
G1 X39.672 Y155.662
G1 X39.600 Y156.105
G0 Z5.000 F500.000
G0 X40.205 Y156.170 F3000.000
G1 Z1.000 F500.000
G4 P100
G1 X40.670 Y156.370 F1000.000
G1 X40.797 Y156.521
G1 X40.788 Y156.847
G1 X40.645 Y156.905
G1 X40.474 Y156.851
G1 X40.333 Y156.690
G1 X40.205 Y156.170
G0 Z5.000 F500.000
G0 X43.021 Y156.514 F3000.000
G1 Z1.000 F500.000
G4 P100
G1 X43.160 Y157.115 F1000.000
G1 X43.308 Y157.327
G1 X43.595 Y157.395
G1 X43.735 Y157.370
G1 X43.775 Y157.275
G1 X43.570 Y156.195
G1 X43.940 Y156.895
G1 X44.343 Y157.280
G1 X44.705 Y157.395
G1 X44.949 Y157.314
G1 X45.030 Y157.070
G1 X44.976 Y156.374
G1 X45.070 Y156.330
G1 X45.565 Y156.615
G1 X45.668 Y156.557
G1 X45.705 Y156.405
G1 X45.605 Y156.115
G1 X45.278 Y155.867
G1 X44.880 Y155.765
G1 X44.647 Y155.799
G1 X44.374 Y156.059
G1 X44.310 Y156.630
G1 X44.112 Y156.462
G1 X43.870 Y156.020
G1 X43.547 Y155.122
G1 X43.320 Y155.040
G1 X43.158 Y155.090
G1 X43.053 Y155.240
G1 X42.975 Y155.880
G1 X43.021 Y156.514
G0 Z5.000 F500.000
G0 X45.175 Y155.855 F3000.000
G1 Z1.000 F500.000
G4 P100
G1 X45.221 Y156.244 F1000.000
G1 X45.576 Y156.935
G1 X46.169 Y157.350
G1 X46.505 Y157.405
G1 X46.653 Y157.362
G1 X46.715 Y157.210
G1 X47.119 Y157.186
G1 X47.180 Y157.055
G1 X46.990 Y155.755
G1 X47.028 Y155.635
G1 X47.125 Y155.590
G1 X47.355 Y155.712
G1 X47.855 Y156.180
G1 X47.957 Y156.120
G1 X47.995 Y155.955
G1 X47.900 Y155.645
G1 X47.465 Y155.215
G1 X47.020 Y155.040
G1 X46.718 Y155.152
G1 X46.510 Y155.460
G1 X46.216 Y155.145
G1 X45.855 Y155.040
G1 X45.576 Y155.096
G1 X45.360 Y155.265
G1 X45.221 Y155.525
G1 X45.175 Y155.855
G0 Z5.000 F500.000
G0 X45.862 Y155.620 F3000.000
G1 Z1.000 F500.000
G4 P100
G1 X46.035 Y155.545 F1000.000
G1 X46.245 Y155.675
G1 X46.390 Y156.020
G1 X46.575 Y156.940
G1 X46.188 Y156.782
G1 X45.905 Y156.380
G1 X45.800 Y155.850
G1 X45.862 Y155.620
G0 Z5.000 F500.000
G0 X47.295 Y155.515 F3000.000
G1 Z1.000 F500.000
G4 P100
G1 X47.845 Y156.340 F1000.000
G1 X48.270 Y157.230
G1 X48.416 Y157.395
G1 X48.665 Y157.450
G1 X48.860 Y157.425
G1 X48.915 Y157.345
G1 X48.750 Y156.815
G1 X49.207 Y156.067
G1 X49.280 Y155.605
G1 X49.990 Y156.180
G1 X50.093 Y156.120
G1 X50.130 Y155.955
G1 X50.035 Y155.645
G1 X49.558 Y155.222
G1 X48.520 Y154.930
G1 X48.123 Y155.050
G1 X47.985 Y155.320
G1 X48.080 Y155.545
G1 X48.360 Y155.640
G1 X48.645 Y155.610
G1 X48.588 Y155.855
G1 X48.305 Y156.265
G1 X47.665 Y155.405
G1 X47.475 Y155.315
G1 X47.345 Y155.372
G1 X47.295 Y155.515
G0 Z5.000 F500.000
G0 X49.989 Y155.847 F3000.000
G1 Z1.000 F500.000
G4 P100
G1 X49.940 Y156.920 F1000.000
G1 X49.543 Y156.975
G1 X49.490 Y157.150
G1 X49.546 Y157.360
G1 X50.000 Y157.430
G1 X50.260 Y158.435
G1 X50.683 Y159.160
G1 X50.939 Y159.362
G1 X51.215 Y159.430
G1 X51.402 Y159.384
G1 X51.545 Y159.245
G1 X51.665 Y158.780
G1 X51.624 Y158.405
G1 X51.502 Y158.055
G1 X51.015 Y157.430
G1 X51.690 Y157.395
G1 X51.690 Y157.114
G1 X51.584 Y157.006
G1 X51.160 Y156.920
G1 X50.550 Y156.920
G1 X50.571 Y156.087
G1 X50.662 Y155.800
G1 X50.821 Y155.642
G1 X51.050 Y155.590
G1 X51.430 Y155.720
G1 X51.955 Y156.180
G1 X52.057 Y156.120
G1 X52.095 Y155.955
G1 X52.000 Y155.645
G1 X51.530 Y155.210
G1 X50.945 Y155.040
G1 X50.499 Y155.129
G1 X50.180 Y155.399
G1 X49.989 Y155.847
G0 Z5.000 F500.000
G0 X50.600 Y157.505 F3000.000
G1 Z1.000 F500.000
G4 P100
G1 X51.042 Y158.077 F1000.000
G1 X51.190 Y158.655
G1 X51.162 Y158.876
G1 X51.080 Y158.950
G1 X50.913 Y158.762
G1 X50.737 Y158.242
G1 X50.600 Y157.505
G0 Z5.000 F500.000
G0 X51.933 Y157.014 F3000.000
G1 Z1.000 F500.000
G4 P100
G1 X52.437 Y157.351 F1000.000
G1 X53.006 Y157.352
G1 X53.210 Y157.222
G1 X53.341 Y157.019
G1 X53.385 Y156.755
G1 X53.323 Y156.434
G1 X53.138 Y156.162
G1 X52.804 Y155.940
G1 X52.300 Y155.770
G1 X52.481 Y155.597
G1 X52.775 Y155.540
G1 X53.288 Y155.697
G1 X53.920 Y156.180
G1 X54.023 Y156.120
G1 X54.060 Y155.955
G1 X53.965 Y155.645
G1 X53.443 Y155.230
G1 X53.093 Y155.087
G1 X52.720 Y155.040
G1 X52.254 Y155.111
G1 X51.905 Y155.325
G1 X51.688 Y155.662
G1 X51.615 Y156.105
G1 X51.760 Y156.747
G1 X51.933 Y157.014
G0 Z5.000 F500.000
G0 X52.348 Y156.690 F3000.000
G1 Z1.000 F500.000
G4 P100
G1 X52.220 Y156.170 F1000.000
G1 X52.685 Y156.370
G1 X52.855 Y156.695
G1 X52.803 Y156.847
G1 X52.660 Y156.905
G1 X52.489 Y156.851
G1 X52.348 Y156.690
G0 Z5.000 F500.000
G0 X53.711 Y156.514 F3000.000
G1 Z1.000 F500.000
G4 P100
G1 X53.850 Y157.115 F1000.000
G1 X53.998 Y157.327
G1 X54.285 Y157.395
G1 X54.425 Y157.370
G1 X54.465 Y157.275
G1 X54.260 Y156.195
G1 X54.630 Y156.895
G1 X55.033 Y157.280
G1 X55.395 Y157.395
G1 X55.639 Y157.314
G1 X55.720 Y157.070
G1 X55.666 Y156.374
G1 X55.760 Y156.330
G1 X56.255 Y156.615
G1 X56.358 Y156.557
G1 X56.395 Y156.405
G1 X56.295 Y156.115
G1 X55.968 Y155.867
G1 X55.570 Y155.765
G1 X55.337 Y155.799
G1 X55.064 Y156.059
G1 X55.000 Y156.630
G1 X54.803 Y156.462
G1 X54.560 Y156.020
G1 X54.238 Y155.122
G1 X54.010 Y155.040
G1 X53.848 Y155.090
G1 X53.743 Y155.240
G1 X53.665 Y155.880
G1 X53.711 Y156.514
G0 Z5.000 F500.000
G0 X57.250 Y155.880 F3000.000
G1 Z1.000 F500.000
G4 P100
G1 X57.455 Y157.115 F1000.000
G1 X57.575 Y157.335
G1 X57.815 Y157.395
G1 X58.006 Y157.352
G1 X58.070 Y157.225
G1 X57.855 Y155.900
G1 X57.895 Y155.670
G1 X58.030 Y155.590
G1 X58.255 Y155.715
G1 X58.750 Y156.180
G1 X58.853 Y156.120
G1 X58.890 Y155.955
G1 X58.795 Y155.645
G1 X58.316 Y155.191
G1 X57.870 Y155.040
G1 X57.589 Y155.097
G1 X57.398 Y155.270
G1 X57.250 Y155.880
G0 Z5.000 F500.000
G0 X57.910 Y157.725 F3000.000
G1 Z1.000 F500.000
G4 P100
G1 X57.595 Y157.822 F1000.000
G1 X57.490 Y158.095
G1 X57.628 Y158.387
G1 X57.970 Y158.505
G1 X58.270 Y158.415
G1 X58.385 Y158.160
G1 X58.255 Y157.842
G1 X57.910 Y157.725
G0 Z5.000 F500.000
G0 X58.828 Y157.327 F3000.000
G1 Z1.000 F500.000
G4 P100
G1 X59.115 Y157.395 F1000.000
G1 X59.255 Y157.370
G1 X59.295 Y157.275
G1 X59.090 Y156.200
G1 X59.413 Y156.860
G1 X59.797 Y157.262
G1 X60.170 Y157.395
G1 X60.418 Y157.315
G1 X60.490 Y157.070
G1 X60.340 Y156.220
G1 X60.604 Y156.751
G1 X60.895 Y157.115
G1 X61.190 Y157.325
G1 X61.465 Y157.395
G1 X61.709 Y157.314
G1 X61.790 Y157.070
G1 X61.585 Y155.790
G1 X61.621 Y155.640
G1 X61.730 Y155.590
G1 X61.968 Y155.712
G1 X62.470 Y156.180
G1 X62.573 Y156.120
G1 X62.610 Y155.955
G1 X62.515 Y155.645
G1 X62.053 Y155.210
G1 X61.788 Y155.082
G1 X61.266 Y155.077
G1 X61.008 Y155.368
G1 X60.975 Y155.615
G1 X61.110 Y156.550
G1 X61.055 Y156.630
G1 X60.870 Y156.462
G1 X60.630 Y156.020
G1 X60.308 Y155.120
G1 X60.075 Y155.040
G1 X59.931 Y155.079
G1 X59.828 Y155.197
G1 X59.745 Y155.580
G1 X59.835 Y156.550
G1 X59.780 Y156.630
G1 X59.590 Y156.450
G1 X59.368 Y155.990
G1 X59.068 Y155.122
G1 X58.840 Y155.040
G1 X58.678 Y155.090
G1 X58.573 Y155.240
G1 X58.495 Y155.880
G1 X58.541 Y156.514
G1 X58.680 Y157.115
G1 X58.828 Y157.327
G0 Z5.000 F500.000
G0 X62.186 Y156.244 F3000.000
G1 Z1.000 F500.000
G4 P100
G1 X62.541 Y156.935 F1000.000
G1 X62.818 Y157.187
G1 X63.134 Y157.350
G1 X63.470 Y157.405
G1 X63.618 Y157.362
G1 X63.680 Y157.210
G1 X64.084 Y157.186
G1 X64.145 Y157.055
G1 X63.955 Y155.755
G1 X63.993 Y155.635
G1 X64.090 Y155.590
G1 X64.320 Y155.712
G1 X64.820 Y156.180
G1 X64.922 Y156.120
G1 X64.960 Y155.955
G1 X64.865 Y155.645
G1 X64.430 Y155.215
G1 X63.985 Y155.040
G1 X63.683 Y155.152
G1 X63.475 Y155.460
G1 X63.181 Y155.145
G1 X62.820 Y155.040
G1 X62.541 Y155.096
G1 X62.325 Y155.265
G1 X62.186 Y155.525
G1 X62.186 Y156.244
G0 Z5.000 F500.000
G0 X62.765 Y155.850 F3000.000
G1 Z1.000 F500.000
G4 P100
G1 X62.828 Y155.620 F1000.000
G1 X63.000 Y155.545
G1 X63.210 Y155.675
G1 X63.355 Y156.020
G1 X63.540 Y156.940
G1 X63.153 Y156.782
G1 X62.870 Y156.380
G1 X62.765 Y155.850
G0 Z5.000 F500.000
G0 X64.536 Y156.244 F3000.000
G1 Z1.000 F500.000
G4 P100
G1 X64.891 Y156.935 F1000.000
G1 X65.168 Y157.187
G1 X65.484 Y157.350
G1 X65.820 Y157.405
G1 X65.968 Y157.362
G1 X66.030 Y157.210
G1 X66.428 Y157.192
G1 X66.480 Y157.045
G1 X66.260 Y155.600
G1 X67.000 Y156.130
G1 X67.115 Y156.170
G1 X67.218 Y156.107
G1 X67.255 Y155.950
G1 X67.110 Y155.655
G1 X66.160 Y155.010
G1 X65.941 Y154.085
G1 X65.663 Y153.382
G1 X65.313 Y152.938
G1 X64.880 Y152.790
G1 X64.649 Y152.829
G1 X64.345 Y153.129
G1 X64.305 Y153.360
G1 X64.375 Y153.728
G1 X64.585 Y154.122
G1 X64.988 Y154.577
G1 X65.635 Y155.125
G1 X65.665 Y155.320
G1 X65.443 Y155.112
G1 X65.170 Y155.040
G1 X64.891 Y155.096
G1 X64.675 Y155.265
G1 X64.536 Y155.525
G1 X64.536 Y156.244
G0 Z5.000 F500.000
G0 X65.115 Y155.850 F3000.000
G1 Z1.000 F500.000
G4 P100
G1 X65.178 Y155.620 F1000.000
G1 X65.350 Y155.545
G1 X65.570 Y155.685
G1 X65.880 Y156.940
G1 X65.500 Y156.782
G1 X65.220 Y156.380
G1 X65.115 Y155.850
G0 Z5.000 F500.000
G0 X65.520 Y154.530 F3000.000
G1 Z1.000 F500.000
G4 P100
G1 X64.965 Y153.935 F1000.000
G1 X64.795 Y153.470
G1 X64.828 Y153.330
G1 X64.935 Y153.275
G1 X65.068 Y153.350
G1 X65.218 Y153.575
G1 X65.520 Y154.530
G0 Z5.000 F500.000
G0 X67.165 Y155.325 F3000.000
G1 Z1.000 F500.000
G4 P100
G1 X66.948 Y155.662 F1000.000
G1 X66.875 Y156.105
G1 X67.020 Y156.747
G1 X67.423 Y157.220
G1 X67.697 Y157.351
G1 X68.266 Y157.352
G1 X68.470 Y157.222
G1 X68.601 Y157.019
G1 X68.645 Y156.755
G1 X68.583 Y156.434
G1 X68.398 Y156.162
G1 X68.064 Y155.940
G1 X67.560 Y155.770
G1 X67.741 Y155.597
G1 X68.035 Y155.540
G1 X68.548 Y155.697
G1 X69.180 Y156.180
G1 X69.282 Y156.120
G1 X69.320 Y155.955
G1 X69.225 Y155.645
G1 X68.703 Y155.230
G1 X68.353 Y155.087
G1 X67.980 Y155.040
G1 X67.514 Y155.111
G1 X67.165 Y155.325
G0 Z5.000 F500.000
G0 X67.480 Y156.170 F3000.000
G1 Z1.000 F500.000
G4 P100
G1 X67.945 Y156.370 F1000.000
G1 X68.073 Y156.521
G1 X68.062 Y156.847
G1 X67.920 Y156.905
G1 X67.749 Y156.851
G1 X67.608 Y156.690
G1 X67.480 Y156.170
G0 Z5.000 F500.000
G0 X68.943 Y155.835 F3000.000
G1 Z1.000 F500.000
G4 P100
G1 X69.300 Y155.970 F1000.000
G1 X69.633 Y155.862
G1 X69.745 Y155.545
G1 X69.615 Y155.177
G1 X69.260 Y155.040
G1 X68.928 Y155.160
G1 X68.815 Y155.475
G1 X68.943 Y155.835
G0 Z5.000 F500.000
G0 X71.200 Y155.210 F3000.000
G1 Z1.000 F500.000
G4 P100
G1 X71.360 Y155.490 F1000.000
G1 X72.045 Y155.600
G1 X72.525 Y158.690
G1 X71.858 Y158.742
G1 X71.790 Y158.905
G1 X71.913 Y159.166
G1 X72.280 Y159.270
G1 X73.755 Y159.275
G1 X73.975 Y159.212
G1 X74.065 Y159.060
G1 X73.965 Y158.802
G1 X73.680 Y158.705
G1 X73.240 Y158.700
G1 X72.760 Y155.620
G1 X73.405 Y155.555
G1 X73.500 Y155.345
G1 X73.398 Y155.125
G1 X73.110 Y155.035
G1 X71.460 Y154.975
G1 X71.275 Y155.035
G1 X71.200 Y155.210
G0 Z5.000 F500.000
G0 X74.264 Y155.847 F3000.000
G1 Z1.000 F500.000
G4 P100
G1 X74.215 Y156.920 F1000.000
G1 X73.818 Y156.975
G1 X73.765 Y157.150
G1 X73.821 Y157.360
G1 X74.275 Y157.430
G1 X74.535 Y158.435
G1 X74.958 Y159.160
G1 X75.214 Y159.362
G1 X75.490 Y159.430
G1 X75.678 Y159.384
G1 X75.820 Y159.245
G1 X75.940 Y158.780
G1 X75.899 Y158.405
G1 X75.778 Y158.055
G1 X75.290 Y157.430
G1 X75.965 Y157.395
G1 X75.965 Y157.114
G1 X75.859 Y157.006
G1 X75.435 Y156.920
G1 X74.825 Y156.920
G1 X74.846 Y156.087
G1 X74.938 Y155.800
G1 X75.096 Y155.642
G1 X75.325 Y155.590
G1 X75.705 Y155.720
G1 X76.230 Y156.180
G1 X76.333 Y156.120
G1 X76.370 Y155.955
G1 X76.275 Y155.645
G1 X75.805 Y155.210
G1 X75.220 Y155.040
G1 X74.774 Y155.129
G1 X74.455 Y155.399
G1 X74.264 Y155.847
G0 Z5.000 F500.000
G0 X74.875 Y157.505 F3000.000
G1 Z1.000 F500.000
G4 P100
G1 X75.318 Y158.077 F1000.000
G1 X75.465 Y158.655
G1 X75.438 Y158.876
G1 X75.355 Y158.950
G1 X75.188 Y158.762
G1 X75.013 Y158.242
G1 X74.875 Y157.505
G0 Z5.000 F500.000
G0 X77.370 Y156.760 F3000.000
G1 Z1.000 F500.000
G4 P100
G1 X77.785 Y157.230 F1000.000
G1 X78.046 Y157.354
G1 X78.564 Y157.354
G1 X78.862 Y157.047
G1 X78.900 Y156.815
G1 X78.808 Y156.460
G1 X78.565 Y156.315
G1 X78.413 Y156.360
G1 X78.373 Y156.870
G1 X78.280 Y156.905
G1 X78.065 Y156.802
G1 X77.905 Y156.525
G1 X77.877 Y155.886
G1 X77.971 Y155.705
G1 X78.350 Y155.560
G1 X78.793 Y155.697
G1 X79.395 Y156.180
G1 X79.498 Y156.120
G1 X79.535 Y155.955
G1 X79.440 Y155.645
G1 X78.878 Y155.197
G1 X78.245 Y155.040
G1 X77.809 Y155.109
G1 X77.483 Y155.317
G1 X77.278 Y155.639
G1 X77.210 Y156.050
G1 X77.370 Y156.760
G0 Z5.000 F500.000
G0 X79.055 Y156.090 F3000.000
G1 Z1.000 F500.000
G4 P100
G1 X79.200 Y156.767 F1000.000
G1 X79.373 Y157.032
G1 X79.869 Y157.358
G1 X80.165 Y157.400
G1 X80.508 Y157.334
G1 X80.778 Y157.137
G1 X80.962 Y156.844
G1 X81.050 Y156.490
G1 X81.680 Y156.600
G1 X81.780 Y156.535
G1 X81.815 Y156.370
G1 X81.779 Y156.179
G1 X81.670 Y156.085
G1 X81.010 Y155.965
G1 X80.869 Y155.587
G1 X80.635 Y155.292
G1 X80.336 Y155.103
G1 X80.000 Y155.040
G1 X79.488 Y155.185
G1 X79.165 Y155.570
G1 X79.055 Y156.090
G0 Z5.000 F500.000
G0 X79.788 Y155.715 F3000.000
G1 Z1.000 F500.000
G4 P100
G1 X80.040 Y155.570 F1000.000
G1 X80.318 Y155.700
G1 X80.475 Y156.075
G1 X80.238 Y156.350
G1 X80.170 Y156.870
G1 X79.968 Y156.822
G1 X79.813 Y156.677
G1 X79.713 Y156.445
G1 X79.680 Y156.135
G1 X79.788 Y155.715
G0 Z5.000 F500.000
G0 X81.395 Y155.880 F3000.000
G1 Z1.000 F500.000
G4 P100
G1 X81.580 Y157.115 F1000.000
G1 X81.728 Y157.327
G1 X82.015 Y157.395
G1 X82.155 Y157.370
G1 X82.195 Y157.275
G1 X81.990 Y156.195
G1 X82.360 Y156.895
G1 X82.763 Y157.280
G1 X83.125 Y157.395
G1 X83.369 Y157.314
G1 X83.450 Y157.070
G1 X83.245 Y155.790
G1 X83.281 Y155.640
G1 X83.390 Y155.590
G1 X83.628 Y155.712
G1 X84.130 Y156.180
G1 X84.233 Y156.120
G1 X84.270 Y155.955
G1 X84.175 Y155.645
G1 X83.713 Y155.210
G1 X83.150 Y155.040
G1 X82.926 Y155.077
G1 X82.668 Y155.368
G1 X82.635 Y155.615
G1 X82.770 Y156.550
G1 X82.715 Y156.630
G1 X82.532 Y156.462
G1 X82.293 Y156.020
G1 X81.968 Y155.122
G1 X81.740 Y155.040
G1 X81.578 Y155.090
G1 X81.473 Y155.240
G1 X81.395 Y155.880
G0 Z5.000 F500.000
G0 X84.129 Y155.847 F3000.000
G1 Z1.000 F500.000
G4 P100
G1 X84.080 Y156.920 F1000.000
G1 X83.683 Y156.975
G1 X83.630 Y157.150
G1 X83.686 Y157.360
G1 X84.140 Y157.430
G1 X84.400 Y158.435
G1 X84.823 Y159.160
G1 X85.079 Y159.362
G1 X85.355 Y159.430
G1 X85.543 Y159.384
G1 X85.685 Y159.245
G1 X85.805 Y158.780
G1 X85.764 Y158.405
G1 X85.643 Y158.055
G1 X85.155 Y157.430
G1 X85.830 Y157.395
G1 X85.830 Y157.114
G1 X85.724 Y157.006
G1 X85.300 Y156.920
G1 X84.690 Y156.920
G1 X84.711 Y156.087
G1 X84.803 Y155.800
G1 X84.961 Y155.642
G1 X85.190 Y155.590
G1 X85.570 Y155.720
G1 X86.095 Y156.180
G1 X86.198 Y156.120
G1 X86.235 Y155.955
G1 X86.140 Y155.645
G1 X85.670 Y155.210
G1 X85.085 Y155.040
G1 X84.639 Y155.129
G1 X84.320 Y155.399
G1 X84.129 Y155.847
G0 Z5.000 F500.000
G0 X84.740 Y157.505 F3000.000
G1 Z1.000 F500.000
G4 P100
G1 X85.183 Y158.077 F1000.000
G1 X85.330 Y158.655
G1 X85.303 Y158.876
G1 X85.220 Y158.950
G1 X85.053 Y158.762
G1 X84.878 Y158.242
G1 X84.740 Y157.505
G0 Z5.000 F500.000
G0 X86.166 Y156.935 F3000.000
G1 Z1.000 F500.000
G4 P100
G1 X86.759 Y157.350 F1000.000
G1 X87.095 Y157.405
G1 X87.243 Y157.362
G1 X87.305 Y157.210
G1 X87.709 Y157.186
G1 X87.770 Y157.055
G1 X87.580 Y155.755
G1 X87.618 Y155.635
G1 X87.715 Y155.590
G1 X87.945 Y155.712
G1 X88.445 Y156.180
G1 X88.548 Y156.120
G1 X88.585 Y155.955
G1 X88.490 Y155.645
G1 X88.055 Y155.215
G1 X87.610 Y155.040
G1 X87.308 Y155.152
G1 X87.100 Y155.460
G1 X86.806 Y155.145
G1 X86.445 Y155.040
G1 X86.166 Y155.096
G1 X85.950 Y155.265
G1 X85.811 Y155.525
G1 X85.765 Y155.855
G1 X85.811 Y156.244
G1 X86.166 Y156.935
G0 Z5.000 F500.000
G0 X86.495 Y156.380 F3000.000
G1 Z1.000 F500.000
G4 P100
G1 X86.390 Y155.850 F1000.000
G1 X86.453 Y155.620
G1 X86.625 Y155.545
G1 X86.835 Y155.675
G1 X86.980 Y156.020
G1 X87.165 Y156.940
G1 X86.778 Y156.782
G1 X86.495 Y156.380
G0 Z5.000 F500.000
G0 X88.233 Y156.457 F3000.000
G1 Z1.000 F500.000
G4 P100
G1 X88.380 Y157.115 F1000.000
G1 X88.500 Y157.335
G1 X88.740 Y157.395
G1 X88.931 Y157.352
G1 X88.995 Y157.225
G1 X88.780 Y155.900
G1 X88.820 Y155.670
G1 X88.955 Y155.590
G1 X89.180 Y155.715
G1 X89.675 Y156.180
G1 X89.778 Y156.120
G1 X89.815 Y155.955
G1 X89.720 Y155.645
G1 X89.241 Y155.191
G1 X88.795 Y155.040
G1 X88.514 Y155.097
G1 X88.323 Y155.270
G1 X88.212 Y155.537
G1 X88.233 Y156.457
G0 Z5.000 F500.000
G0 X88.835 Y157.725 F3000.000
G1 Z1.000 F500.000
G4 P100
G1 X88.520 Y157.822 F1000.000
G1 X88.415 Y158.095
G1 X88.553 Y158.387
G1 X88.895 Y158.505
G1 X89.195 Y158.415
G1 X89.310 Y158.160
G1 X89.180 Y157.842
G1 X88.835 Y157.725
G0 Z5.000 F500.000
G0 X89.753 Y157.327 F3000.000
G1 Z1.000 F500.000
G4 P100
G1 X90.040 Y157.395 F1000.000
G1 X90.180 Y157.370
G1 X90.220 Y157.275
G1 X90.015 Y156.195
G1 X90.385 Y156.895
G1 X90.788 Y157.280
G1 X91.150 Y157.395
G1 X91.394 Y157.314
G1 X91.475 Y157.070
G1 X91.270 Y155.790
G1 X91.306 Y155.640
G1 X91.415 Y155.590
G1 X91.653 Y155.712
G1 X92.155 Y156.180
G1 X92.258 Y156.120
G1 X92.295 Y155.955
G1 X92.200 Y155.645
G1 X91.738 Y155.210
G1 X91.473 Y155.082
G1 X90.951 Y155.077
G1 X90.693 Y155.368
G1 X90.660 Y155.615
G1 X90.795 Y156.550
G1 X90.740 Y156.630
G1 X90.558 Y156.462
G1 X90.318 Y156.020
G1 X89.993 Y155.122
G1 X89.765 Y155.040
G1 X89.603 Y155.090
G1 X89.498 Y155.240
G1 X89.420 Y155.880
G1 X89.466 Y156.514
G1 X89.605 Y157.115
G1 X89.753 Y157.327
G0 Z5.000 F500.000
G0 X91.665 Y155.700 F3000.000
G1 Z1.000 F500.000
G4 P100
G1 X92.145 Y156.340 F1000.000
G1 X92.570 Y157.230
G1 X92.716 Y157.395
G1 X92.965 Y157.450
G1 X93.160 Y157.425
G1 X93.215 Y157.345
G1 X93.050 Y156.815
G1 X93.508 Y156.067
G1 X93.580 Y155.605
G1 X94.290 Y156.180
G1 X94.393 Y156.120
G1 X94.430 Y155.955
G1 X94.335 Y155.645
G1 X93.858 Y155.222
G1 X92.820 Y154.930
G1 X92.423 Y155.050
G1 X92.285 Y155.320
G1 X92.380 Y155.545
G1 X92.660 Y155.640
G1 X92.945 Y155.610
G1 X92.888 Y155.855
G1 X92.605 Y156.265
G1 X91.965 Y155.405
G1 X91.775 Y155.315
G1 X91.645 Y155.372
G1 X91.595 Y155.515
G1 X91.665 Y155.700
G0 Z5.000 F500.000
G0 X95.168 Y156.975 F3000.000
G1 Z1.000 F500.000
G4 P100
G1 X95.115 Y157.150 F1000.000
G1 X95.171 Y157.360
G1 X95.625 Y157.430
G1 X95.885 Y158.435
G1 X96.308 Y159.160
G1 X96.564 Y159.362
G1 X96.840 Y159.430
G1 X97.028 Y159.384
G1 X97.170 Y159.245
G1 X97.290 Y158.780
G1 X97.249 Y158.405
G1 X97.128 Y158.055
G1 X96.640 Y157.430
G1 X97.315 Y157.395
G1 X97.315 Y157.114
G1 X97.209 Y157.006
G1 X96.785 Y156.920
G1 X96.175 Y156.920
G1 X96.196 Y156.087
G1 X96.288 Y155.800
G1 X96.446 Y155.642
G1 X96.675 Y155.590
G1 X97.055 Y155.720
G1 X97.580 Y156.180
G1 X97.683 Y156.120
G1 X97.720 Y155.955
G1 X97.625 Y155.645
G1 X97.155 Y155.210
G1 X96.881 Y155.082
G1 X96.570 Y155.040
G1 X96.124 Y155.129
G1 X95.805 Y155.399
G1 X95.614 Y155.847
G1 X95.565 Y156.920
G1 X95.168 Y156.975
G0 Z5.000 F500.000
G0 X96.225 Y157.505 F3000.000
G1 Z1.000 F500.000
G4 P100
G1 X96.668 Y158.077 F1000.000
G1 X96.815 Y158.655
G1 X96.788 Y158.876
G1 X96.705 Y158.950
G1 X96.538 Y158.762
G1 X96.363 Y158.242
G1 X96.225 Y157.505
G0 Z5.000 F500.000
G0 X97.508 Y157.795 F3000.000
G1 Z1.000 F500.000
G4 P100
G1 X97.703 Y158.563 F1000.000
G1 X97.973 Y159.197
G1 X98.311 Y159.623
G1 X98.710 Y159.765
G1 X98.918 Y159.715
G1 X99.189 Y159.340
G1 X99.151 Y158.540
G1 X98.930 Y158.007
G1 X97.970 Y156.740
G1 X97.955 Y156.205
G1 X98.323 Y156.897
G1 X98.723 Y157.280
G1 X99.085 Y157.395
G1 X99.329 Y157.314
G1 X99.410 Y157.070
G1 X99.205 Y155.790
G1 X99.241 Y155.640
G1 X99.350 Y155.590
G1 X99.588 Y155.712
G1 X100.090 Y156.180
G1 X100.193 Y156.120
G1 X100.230 Y155.955
G1 X100.135 Y155.645
G1 X99.663 Y155.210
G1 X99.403 Y155.082
G1 X98.886 Y155.077
G1 X98.628 Y155.368
G1 X98.595 Y155.615
G1 X98.730 Y156.550
G1 X98.675 Y156.630
G1 X98.490 Y156.462
G1 X98.250 Y156.020
G1 X97.890 Y155.140
G1 X97.585 Y155.040
G1 X97.388 Y155.147
G1 X97.350 Y156.190
G1 X97.508 Y157.795
G0 Z5.000 F500.000
G0 X98.025 Y157.365 F3000.000
G1 Z1.000 F500.000
G4 P100
G1 X98.538 Y158.160 F1000.000
G1 X98.689 Y158.570
G1 X98.740 Y158.940
G1 X98.705 Y159.185
G1 X98.605 Y159.270
G1 X98.405 Y159.012
G1 X98.193 Y158.317
G1 X98.025 Y157.365
G0 Z5.000 F500.000
G0 X100.060 Y158.095 F3000.000
G1 Z1.000 F500.000
G4 P100
G1 X100.198 Y158.387 F1000.000
G1 X100.540 Y158.505
G1 X100.840 Y158.415
G1 X100.955 Y158.160
G1 X100.825 Y157.842
G1 X100.480 Y157.725
G1 X100.165 Y157.822
G1 X100.060 Y158.095
G0 Z5.000 F500.000
G0 X100.385 Y157.395 F3000.000
G1 Z1.000 F500.000
G4 P100
G1 X100.576 Y157.352 F1000.000
G1 X100.640 Y157.225
G1 X100.425 Y155.900
G1 X100.465 Y155.670
G1 X100.600 Y155.590
G1 X100.825 Y155.715
G1 X101.320 Y156.180
G1 X101.423 Y156.120
G1 X101.460 Y155.955
G1 X101.365 Y155.645
G1 X100.886 Y155.191
G1 X100.440 Y155.040
G1 X100.159 Y155.097
G1 X99.968 Y155.270
G1 X99.820 Y155.880
G1 X100.025 Y157.115
G1 X100.145 Y157.335
G1 X100.385 Y157.395
G0 Z5.000 F500.000
G0 X101.250 Y157.115 F3000.000
G1 Z1.000 F500.000
G4 P100
G1 X101.398 Y157.327 F1000.000
G1 X101.825 Y157.370
G1 X101.865 Y157.275
G1 X101.660 Y156.195
G1 X102.030 Y156.895
G1 X102.433 Y157.280
G1 X102.795 Y157.395
G1 X103.039 Y157.314
G1 X103.120 Y157.070
G1 X102.915 Y155.790
G1 X102.951 Y155.640
G1 X103.060 Y155.590
G1 X103.298 Y155.712
G1 X103.800 Y156.180
G1 X103.903 Y156.120
G1 X103.940 Y155.955
G1 X103.845 Y155.645
G1 X103.383 Y155.210
G1 X103.118 Y155.082
G1 X102.596 Y155.077
G1 X102.338 Y155.368
G1 X102.305 Y155.615
G1 X102.440 Y156.550
G1 X102.385 Y156.630
G1 X102.203 Y156.462
G1 X101.963 Y156.020
G1 X101.638 Y155.122
G1 X101.410 Y155.040
G1 X101.248 Y155.090
G1 X101.143 Y155.240
G1 X101.065 Y155.880
G1 X101.250 Y157.115
G0 Z5.000 F500.000
G0 X103.410 Y155.580 F3000.000
G1 Z1.000 F500.000
G4 P100
G1 X105.505 Y159.515 F1000.000
G1 X105.643 Y159.685
G1 X105.800 Y159.740
G1 X105.998 Y159.647
G1 X106.080 Y159.420
G1 X106.025 Y159.215
G1 X103.773 Y155.080
G1 X103.630 Y155.040
G1 X103.428 Y155.122
G1 X103.340 Y155.340
G1 X103.410 Y155.580
G0 Z5.000 F500.000
G0 X105.898 Y156.975 F3000.000
G1 Z1.000 F500.000
G4 P100
G1 X105.845 Y157.150 F1000.000
G1 X105.901 Y157.360
G1 X106.355 Y157.430
G1 X106.615 Y158.435
G1 X107.038 Y159.160
G1 X107.294 Y159.362
G1 X107.570 Y159.430
G1 X107.758 Y159.384
G1 X107.900 Y159.245
G1 X108.020 Y158.780
G1 X107.979 Y158.405
G1 X107.858 Y158.055
G1 X107.370 Y157.430
G1 X108.045 Y157.395
G1 X108.045 Y157.114
G1 X107.939 Y157.006
G1 X107.515 Y156.920
G1 X106.905 Y156.920
G1 X106.926 Y156.087
G1 X107.018 Y155.800
G1 X107.176 Y155.642
G1 X107.405 Y155.590
G1 X107.785 Y155.720
G1 X108.310 Y156.180
G1 X108.413 Y156.120
G1 X108.450 Y155.955
G1 X108.355 Y155.645
G1 X107.885 Y155.210
G1 X107.611 Y155.082
G1 X107.300 Y155.040
G1 X106.854 Y155.129
G1 X106.535 Y155.399
G1 X106.344 Y155.847
G1 X106.295 Y156.920
G1 X105.898 Y156.975
G0 Z5.000 F500.000
G0 X106.955 Y157.505 F3000.000
G1 Z1.000 F500.000
G4 P100
G1 X107.398 Y158.077 F1000.000
G1 X107.545 Y158.655
G1 X107.518 Y158.876
G1 X107.435 Y158.950
G1 X107.268 Y158.762
G1 X107.093 Y158.242
G1 X106.955 Y157.505
G0 Z5.000 F500.000
G0 X108.238 Y157.795 F3000.000
G1 Z1.000 F500.000
G4 P100
G1 X108.433 Y158.563 F1000.000
G1 X108.703 Y159.197
G1 X109.041 Y159.623
G1 X109.440 Y159.765
G1 X109.648 Y159.715
G1 X109.919 Y159.340
G1 X109.881 Y158.540
G1 X109.660 Y158.007
G1 X108.700 Y156.740
G1 X108.685 Y156.205
G1 X109.053 Y156.897
G1 X109.453 Y157.280
G1 X109.815 Y157.395
G1 X110.059 Y157.314
G1 X110.140 Y157.070
G1 X109.935 Y155.790
G1 X109.971 Y155.640
G1 X110.080 Y155.590
G1 X110.318 Y155.712
G1 X110.820 Y156.180
G1 X110.923 Y156.120
G1 X110.960 Y155.955
G1 X110.865 Y155.645
G1 X110.393 Y155.210
G1 X110.133 Y155.082
G1 X109.616 Y155.077
G1 X109.358 Y155.368
G1 X109.325 Y155.615
G1 X109.460 Y156.550
G1 X109.405 Y156.630
G1 X109.220 Y156.462
G1 X108.980 Y156.020
G1 X108.620 Y155.140
G1 X108.315 Y155.040
G1 X108.118 Y155.147
G1 X108.080 Y156.190
G1 X108.238 Y157.795
G0 Z5.000 F500.000
G0 X108.755 Y157.365 F3000.000
G1 Z1.000 F500.000
G4 P100
G1 X109.268 Y158.160 F1000.000
G1 X109.419 Y158.570
G1 X109.470 Y158.940
G1 X109.435 Y159.185
G1 X109.335 Y159.270
G1 X109.135 Y159.012
G1 X108.923 Y158.317
G1 X108.755 Y157.365
G0 Z5.000 F500.000
G0 X110.790 Y158.095 F3000.000
G1 Z1.000 F500.000
G4 P100
G1 X110.928 Y158.387 F1000.000
G1 X111.270 Y158.505
G1 X111.570 Y158.415
G1 X111.685 Y158.160
G1 X111.555 Y157.842
G1 X111.210 Y157.725
G1 X110.895 Y157.822
G1 X110.790 Y158.095
G0 Z5.000 F500.000
G0 X111.115 Y157.395 F3000.000
G1 Z1.000 F500.000
G4 P100
G1 X111.306 Y157.352 F1000.000
G1 X111.370 Y157.225
G1 X111.155 Y155.900
G1 X111.195 Y155.670
G1 X111.330 Y155.590
G1 X111.555 Y155.715
G1 X112.050 Y156.180
G1 X112.153 Y156.120
G1 X112.190 Y155.955
G1 X112.095 Y155.645
G1 X111.616 Y155.191
G1 X111.170 Y155.040
G1 X110.889 Y155.097
G1 X110.698 Y155.270
G1 X110.550 Y155.880
G1 X110.755 Y157.115
G1 X110.875 Y157.335
G1 X111.115 Y157.395
G0 Z5.000 F500.000
G0 X111.865 Y156.760 F3000.000
G1 Z1.000 F500.000
G4 P100
G1 X112.280 Y157.230 F1000.000
G1 X112.541 Y157.354
G1 X113.059 Y157.354
G1 X113.357 Y157.047
G1 X113.395 Y156.815
G1 X113.303 Y156.460
G1 X113.060 Y156.315
G1 X112.908 Y156.360
G1 X112.868 Y156.870
G1 X112.775 Y156.905
G1 X112.560 Y156.802
G1 X112.400 Y156.525
G1 X112.372 Y155.886
G1 X112.466 Y155.705
G1 X112.845 Y155.560
G1 X113.288 Y155.697
G1 X113.890 Y156.180
G1 X113.993 Y156.120
G1 X114.030 Y155.955
G1 X113.935 Y155.645
G1 X113.373 Y155.197
G1 X112.740 Y155.040
G1 X112.304 Y155.109
G1 X111.978 Y155.317
G1 X111.773 Y155.639
G1 X111.705 Y156.050
G1 X111.865 Y156.760
G0 Z5.000 F500.000
G0 X113.660 Y156.190 F3000.000
G1 Z1.000 F500.000
G4 P100
G1 X113.818 Y157.795 F1000.000
G1 X114.013 Y158.563
G1 X114.283 Y159.197
G1 X114.621 Y159.623
G1 X115.020 Y159.765
G1 X115.228 Y159.715
G1 X115.499 Y159.340
G1 X115.461 Y158.540
G1 X115.240 Y158.007
G1 X114.280 Y156.740
G1 X114.265 Y156.205
G1 X114.523 Y156.744
G1 X114.815 Y157.112
G1 X115.115 Y157.324
G1 X115.395 Y157.395
G1 X115.621 Y157.352
G1 X115.912 Y157.035
G1 X115.950 Y156.805
G1 X115.810 Y156.300
G1 X115.330 Y155.890
G1 X115.453 Y155.672
G1 X115.700 Y155.590
G1 X116.000 Y155.710
G1 X116.515 Y156.180
G1 X116.618 Y156.120
G1 X116.655 Y155.955
G1 X116.560 Y155.645
G1 X116.105 Y155.205
G1 X115.854 Y155.081
G1 X115.213 Y155.095
G1 X114.940 Y155.260
G1 X114.764 Y155.516
G1 X114.705 Y155.845
G1 X114.755 Y156.012
G1 X115.220 Y156.327
G1 X115.315 Y156.590
G1 X115.185 Y156.770
G1 X114.888 Y156.575
G1 X114.585 Y156.072
G1 X114.238 Y155.122
G1 X114.010 Y155.040
G1 X113.783 Y155.152
G1 X113.685 Y155.500
G1 X113.660 Y156.190
G0 Z5.000 F500.000
G0 X114.335 Y157.365 F3000.000
G1 Z1.000 F500.000
G4 P100
G1 X114.848 Y158.160 F1000.000
G1 X114.999 Y158.570
G1 X115.050 Y158.940
G1 X115.015 Y159.185
G1 X114.915 Y159.270
G1 X114.715 Y159.012
G1 X114.503 Y158.317
G1 X114.335 Y157.365
G0 Z5.000 F500.000
G0 X117.415 Y155.780 F3000.000
G1 Z1.000 F500.000
G4 P100
G1 X117.830 Y156.340 F1000.000
G1 X118.255 Y157.230
G1 X118.401 Y157.395
G1 X118.650 Y157.450
G1 X118.845 Y157.425
G1 X118.900 Y157.345
G1 X118.735 Y156.815
G1 X119.193 Y156.067
G1 X119.265 Y155.605
G1 X119.975 Y156.180
G1 X120.078 Y156.120
G1 X120.115 Y155.955
G1 X120.020 Y155.645
G1 X119.543 Y155.222
G1 X118.505 Y154.930
G1 X118.108 Y155.050
G1 X117.970 Y155.320
G1 X118.065 Y155.545
G1 X118.345 Y155.640
G1 X118.630 Y155.610
G1 X118.573 Y155.855
G1 X118.290 Y156.265
G1 X117.983 Y155.775
G1 X117.650 Y155.405
G1 X117.460 Y155.315
G1 X117.330 Y155.372
G1 X117.280 Y155.515
G1 X117.415 Y155.780
G0 Z5.000 F500.000
G0 X119.528 Y156.975 F3000.000
G1 Z1.000 F500.000
G4 P100
G1 X119.475 Y157.150 F1000.000
G1 X119.531 Y157.360
G1 X119.985 Y157.430
G1 X120.245 Y158.435
G1 X120.668 Y159.160
G1 X120.924 Y159.362
G1 X121.200 Y159.430
G1 X121.388 Y159.384
G1 X121.530 Y159.245
G1 X121.650 Y158.780
G1 X121.609 Y158.405
G1 X121.488 Y158.055
G1 X121.000 Y157.430
G1 X121.675 Y157.395
G1 X121.675 Y157.114
G1 X121.569 Y157.006
G1 X121.145 Y156.920
G1 X120.535 Y156.920
G1 X120.556 Y156.087
G1 X120.648 Y155.800
G1 X120.806 Y155.642
G1 X121.035 Y155.590
G1 X121.415 Y155.720
G1 X121.940 Y156.180
G1 X122.043 Y156.120
G1 X122.080 Y155.955
G1 X121.985 Y155.645
G1 X121.515 Y155.210
G1 X121.241 Y155.082
G1 X120.930 Y155.040
G1 X120.484 Y155.129
G1 X120.165 Y155.399
G1 X119.974 Y155.847
G1 X119.925 Y156.920
G1 X119.528 Y156.975
G0 Z5.000 F500.000
G0 X120.585 Y157.505 F3000.000
G1 Z1.000 F500.000
G4 P100
G1 X121.028 Y158.077 F1000.000
G1 X121.175 Y158.655
G1 X121.148 Y158.876
G1 X121.065 Y158.950
G1 X120.898 Y158.762
G1 X120.723 Y158.242
G1 X120.585 Y157.505
G0 Z5.000 F500.000
G0 X122.018 Y157.327 F3000.000
G1 Z1.000 F500.000
G4 P100
G1 X122.305 Y157.395 F1000.000
G1 X122.445 Y157.370
G1 X122.485 Y157.275
G1 X122.280 Y156.195
G1 X122.650 Y156.895
G1 X123.053 Y157.280
G1 X123.415 Y157.395
G1 X123.659 Y157.314
G1 X123.740 Y157.070
G1 X123.686 Y156.374
G1 X123.780 Y156.330
G1 X124.275 Y156.615
G1 X124.378 Y156.557
G1 X124.415 Y156.405
G1 X124.315 Y156.115
G1 X123.988 Y155.867
G1 X123.590 Y155.765
G1 X123.357 Y155.799
G1 X123.084 Y156.059
G1 X123.020 Y156.630
G1 X122.823 Y156.462
G1 X122.580 Y156.020
G1 X122.258 Y155.122
G1 X122.030 Y155.040
G1 X121.868 Y155.090
G1 X121.763 Y155.240
G1 X121.685 Y155.880
G1 X121.731 Y156.514
G1 X121.870 Y157.115
G1 X122.018 Y157.327
G0 Z5.000 F500.000
G0 X124.020 Y156.767 F3000.000
G1 Z1.000 F500.000
G4 P100
G1 X124.193 Y157.032 F1000.000
G1 X124.689 Y157.358
G1 X124.985 Y157.400
G1 X125.328 Y157.334
G1 X125.598 Y157.137
G1 X125.782 Y156.844
G1 X125.870 Y156.490
G1 X126.500 Y156.600
G1 X126.600 Y156.535
G1 X126.599 Y156.179
G1 X126.490 Y156.085
G1 X125.830 Y155.965
G1 X125.689 Y155.587
G1 X125.455 Y155.292
G1 X125.156 Y155.103
G1 X124.542 Y155.076
G1 X124.308 Y155.185
G1 X123.985 Y155.570
G1 X123.875 Y156.090
G1 X124.020 Y156.767
G0 Z5.000 F500.000
G0 X124.500 Y156.135 F3000.000
G1 Z1.000 F500.000
G4 P100
G1 X124.608 Y155.715 F1000.000
G1 X124.860 Y155.570
G1 X125.138 Y155.700
G1 X125.295 Y156.075
G1 X125.058 Y156.350
G1 X124.990 Y156.870
G1 X124.788 Y156.822
G1 X124.633 Y156.677
G1 X124.500 Y156.135
G0 Z5.000 F500.000
G0 X126.240 Y156.190 F3000.000
G1 Z1.000 F500.000
G4 P100
G1 X126.398 Y157.795 F1000.000
G1 X126.593 Y158.563
G1 X126.863 Y159.197
G1 X127.201 Y159.623
G1 X127.600 Y159.765
G1 X127.808 Y159.715
G1 X128.079 Y159.340
G1 X128.041 Y158.540
G1 X127.820 Y158.007
G1 X126.860 Y156.740
G1 X126.845 Y156.205
G1 X127.103 Y156.744
G1 X127.395 Y157.112
G1 X127.695 Y157.324
G1 X127.975 Y157.395
G1 X128.201 Y157.352
G1 X128.492 Y157.035
G1 X128.530 Y156.805
G1 X128.390 Y156.300
G1 X127.910 Y155.890
G1 X128.033 Y155.672
G1 X128.280 Y155.590
G1 X128.580 Y155.710
G1 X129.095 Y156.180
G1 X129.198 Y156.120
G1 X129.235 Y155.955
G1 X129.140 Y155.645
G1 X128.685 Y155.205
G1 X128.434 Y155.081
G1 X127.793 Y155.095
G1 X127.520 Y155.260
G1 X127.344 Y155.516
G1 X127.285 Y155.845
G1 X127.335 Y156.012
G1 X127.800 Y156.327
G1 X127.895 Y156.590
G1 X127.765 Y156.770
G1 X127.468 Y156.575
G1 X127.165 Y156.072
G1 X126.818 Y155.122
G1 X126.590 Y155.040
G1 X126.363 Y155.152
G1 X126.265 Y155.500
G1 X126.240 Y156.190
G0 Z5.000 F500.000
G0 X126.915 Y157.365 F3000.000
G1 Z1.000 F500.000
G4 P100
G1 X127.428 Y158.160 F1000.000
G1 X127.579 Y158.570
G1 X127.630 Y158.940
G1 X127.595 Y159.185
G1 X127.495 Y159.270
G1 X127.295 Y159.012
G1 X127.083 Y158.317
G1 X126.915 Y157.365
G0 Z5.000 F500.000
G0 X129.073 Y157.014 F3000.000
G1 Z1.000 F500.000
G4 P100
G1 X129.577 Y157.351 F1000.000
G1 X130.146 Y157.352
G1 X130.350 Y157.222
G1 X130.481 Y157.019
G1 X130.525 Y156.755
G1 X130.463 Y156.434
G1 X130.278 Y156.162
G1 X129.944 Y155.940
G1 X129.440 Y155.770
G1 X129.621 Y155.597
G1 X129.915 Y155.540
G1 X130.428 Y155.697
G1 X131.060 Y156.180
G1 X131.163 Y156.120
G1 X131.200 Y155.955
G1 X131.105 Y155.645
G1 X130.583 Y155.230
G1 X130.233 Y155.087
G1 X129.860 Y155.040
G1 X129.394 Y155.111
G1 X129.045 Y155.325
G1 X128.828 Y155.662
G1 X128.755 Y156.105
G1 X128.900 Y156.747
G1 X129.073 Y157.014
G0 Z5.000 F500.000
G0 X129.488 Y156.690 F3000.000
G1 Z1.000 F500.000
G4 P100
G1 X129.360 Y156.170 F1000.000
G1 X129.825 Y156.370
G1 X129.995 Y156.695
G1 X129.943 Y156.847
G1 X129.800 Y156.905
G1 X129.629 Y156.851
G1 X129.488 Y156.690
G0 Z5.000 F500.000
G0 X130.635 Y155.780 F3000.000
G1 Z1.000 F500.000
G4 P100
G1 X131.050 Y156.340 F1000.000
G1 X131.475 Y157.230
G1 X131.621 Y157.395
G1 X131.870 Y157.450
G1 X132.065 Y157.425
G1 X132.120 Y157.345
G1 X131.955 Y156.815
G1 X132.413 Y156.067
G1 X132.485 Y155.605
G1 X133.195 Y156.180
G1 X133.298 Y156.120
G1 X133.335 Y155.955
G1 X133.240 Y155.645
G1 X132.763 Y155.222
G1 X131.725 Y154.930
G1 X131.328 Y155.050
G1 X131.190 Y155.320
G1 X131.285 Y155.545
G1 X131.565 Y155.640
G1 X131.850 Y155.610
G1 X131.793 Y155.855
G1 X131.510 Y156.265
G1 X131.203 Y155.775
G1 X130.870 Y155.405
G1 X130.680 Y155.315
G1 X130.550 Y155.372
G1 X130.500 Y155.515
G1 X130.635 Y155.780
G0 Z5.000 F500.000
G0 X132.895 Y155.450 F3000.000
G1 Z1.000 F500.000
G4 P100
G1 X133.013 Y155.835 F1000.000
G1 X133.315 Y155.970
G1 X133.588 Y155.872
G1 X133.680 Y155.610
G1 X133.575 Y155.145
G1 X133.163 Y154.335
G1 X133.010 Y154.275
G1 X132.835 Y154.325
G1 X132.770 Y154.485
G1 X132.895 Y155.450
G0 Z5.000 F500.000
G0 X135.528 Y155.639 F3000.000
G1 Z1.000 F500.000
G4 P100
G1 X135.460 Y156.050 F1000.000
G1 X135.620 Y156.760
G1 X136.035 Y157.230
G1 X136.570 Y157.395
G1 X136.998 Y157.232
G1 X137.150 Y156.815
G1 X137.058 Y156.460
G1 X136.815 Y156.315
G1 X136.663 Y156.360
G1 X136.605 Y156.485
G1 X136.623 Y156.870
G1 X136.530 Y156.905
G1 X136.315 Y156.802
G1 X136.155 Y156.525
G1 X136.095 Y156.140
G1 X136.221 Y155.705
G1 X136.600 Y155.560
G1 X137.043 Y155.697
G1 X137.645 Y156.180
G1 X137.748 Y156.120
G1 X137.785 Y155.955
G1 X137.690 Y155.645
G1 X137.432 Y155.388
G1 X137.128 Y155.197
G1 X136.495 Y155.040
G1 X136.059 Y155.109
G1 X135.733 Y155.317
G1 X135.528 Y155.639
G0 Z5.000 F500.000
G0 X137.468 Y155.899 F3000.000
G1 Z1.000 F500.000
G4 P100
G1 X137.415 Y156.475 F1000.000
G1 X137.573 Y157.865
G1 X137.768 Y158.590
G1 X138.038 Y159.205
G1 X138.374 Y159.625
G1 X138.770 Y159.765
G1 X138.984 Y159.709
G1 X139.148 Y159.542
G1 X139.251 Y159.272
G1 X139.285 Y158.905
G1 X139.203 Y158.262
G1 X138.955 Y157.525
G1 X138.566 Y156.744
G1 X138.060 Y155.970
G1 X138.175 Y155.677
G1 X138.385 Y155.590
G1 X138.745 Y155.707
G1 X139.275 Y156.180
G1 X139.378 Y156.120
G1 X139.415 Y155.955
G1 X139.320 Y155.645
G1 X138.853 Y155.210
G1 X138.280 Y155.040
G1 X137.897 Y155.140
G1 X137.628 Y155.440
G1 X137.468 Y155.899
G0 Z5.000 F500.000
G0 X138.025 Y156.645 F3000.000
G1 Z1.000 F500.000
G4 P100
G1 X138.590 Y157.817 F1000.000
G1 X138.748 Y158.379
G1 X138.800 Y158.890
G1 X138.765 Y159.175
G1 X138.660 Y159.270
G1 X138.400 Y158.855
G1 X138.145 Y157.825
G1 X138.025 Y156.645
G0 Z5.000 F500.000
G0 X139.253 Y157.032 F3000.000
G1 Z1.000 F500.000
G4 P100
G1 X139.749 Y157.358 F1000.000
G1 X140.045 Y157.400
G1 X140.388 Y157.334
G1 X140.658 Y157.137
G1 X140.842 Y156.844
G1 X140.930 Y156.490
G1 X141.560 Y156.600
G1 X141.660 Y156.535
G1 X141.659 Y156.179
G1 X141.550 Y156.085
G1 X140.890 Y155.965
G1 X140.749 Y155.587
G1 X140.515 Y155.292
G1 X140.216 Y155.103
G1 X139.602 Y155.076
G1 X139.368 Y155.185
G1 X139.045 Y155.570
G1 X138.935 Y156.090
G1 X139.080 Y156.767
G1 X139.253 Y157.032
G0 Z5.000 F500.000
G0 X139.593 Y156.445 F3000.000
G1 Z1.000 F500.000
G4 P100
G1 X139.560 Y156.135 F1000.000
G1 X139.668 Y155.715
G1 X139.920 Y155.570
G1 X140.198 Y155.700
G1 X140.355 Y156.075
G1 X140.118 Y156.350
G1 X140.050 Y156.870
G1 X139.848 Y156.822
G1 X139.693 Y156.677
G1 X139.593 Y156.445
G0 Z5.000 F500.000
G0 X141.040 Y155.700 F3000.000
G1 Z1.000 F500.000
G4 P100
G1 X141.520 Y156.340 F1000.000
G1 X141.945 Y157.230
G1 X142.091 Y157.395
G1 X142.340 Y157.450
G1 X142.535 Y157.425
G1 X142.590 Y157.345
G1 X142.425 Y156.815
G1 X142.883 Y156.067
G1 X142.955 Y155.605
G1 X143.665 Y156.180
G1 X143.768 Y156.120
G1 X143.805 Y155.955
G1 X143.710 Y155.645
G1 X143.233 Y155.222
G1 X142.195 Y154.930
G1 X141.798 Y155.050
G1 X141.660 Y155.320
G1 X141.755 Y155.545
G1 X142.035 Y155.640
G1 X142.320 Y155.610
G1 X142.263 Y155.855
G1 X141.980 Y156.265
G1 X141.340 Y155.405
G1 X141.150 Y155.315
G1 X141.020 Y155.372
G1 X140.970 Y155.515
G1 X141.040 Y155.700
G0 Z5.000 F500.000
G0 X143.325 Y156.105 F3000.000
G1 Z1.000 F500.000
G4 P100
G1 X143.470 Y156.747 F1000.000
G1 X143.643 Y157.014
G1 X144.147 Y157.351
G1 X144.455 Y157.395
G1 X144.716 Y157.352
G1 X144.920 Y157.222
G1 X145.051 Y157.019
G1 X145.095 Y156.755
G1 X145.033 Y156.434
G1 X144.848 Y156.162
G1 X144.514 Y155.940
G1 X144.010 Y155.770
G1 X144.191 Y155.597
G1 X144.485 Y155.540
G1 X144.998 Y155.697
G1 X145.630 Y156.180
G1 X145.733 Y156.120
G1 X145.770 Y155.955
G1 X145.675 Y155.645
G1 X145.153 Y155.230
G1 X144.430 Y155.040
G1 X143.964 Y155.111
G1 X143.615 Y155.325
G1 X143.398 Y155.662
G1 X143.325 Y156.105
G0 Z5.000 F500.000
G0 X143.930 Y156.170 F3000.000
G1 Z1.000 F500.000
G4 P100
G1 X144.395 Y156.370 F1000.000
G1 X144.523 Y156.521
G1 X144.513 Y156.847
G1 X144.370 Y156.905
G1 X144.199 Y156.851
G1 X144.058 Y156.690
G1 X143.930 Y156.170
G0 Z5.000 F500.000
G0 X145.343 Y156.245 F3000.000
G1 Z1.000 F500.000
G4 P100
G1 X145.672 Y156.914 F1000.000
G1 X145.938 Y157.162
G1 X146.605 Y157.420
G1 X146.743 Y158.319
G1 X146.968 Y159.077
G1 X147.277 Y159.593
G1 X147.463 Y159.722
G1 X147.867 Y159.716
G1 X148.028 Y159.570
G1 X148.134 Y159.325
G1 X148.101 Y158.372
G1 X147.895 Y157.670
G1 X147.160 Y156.130
G1 X147.248 Y155.715
G1 X147.420 Y155.590
G1 X147.695 Y155.710
G1 X148.205 Y156.180
G1 X148.308 Y156.120
G1 X148.345 Y155.955
G1 X148.250 Y155.645
G1 X147.556 Y155.084
G1 X147.315 Y155.040
G1 X146.980 Y155.151
G1 X146.735 Y155.485
G1 X146.368 Y155.130
G1 X146.000 Y155.040
G1 X145.722 Y155.097
G1 X145.498 Y155.267
G1 X145.349 Y155.529
G1 X145.343 Y156.245
G0 Z5.000 F500.000
G0 X145.925 Y155.910 F3000.000
G1 Z1.000 F500.000
G4 P100
G1 X145.988 Y155.636 F1000.000
G1 X146.175 Y155.545
G1 X146.365 Y155.622
G1 X146.605 Y155.910
G1 X146.565 Y156.905
G1 X146.313 Y156.770
G1 X146.108 Y156.537
G1 X145.925 Y155.910
G0 Z5.000 F500.000
G0 X147.165 Y156.915 F3000.000
G1 Z1.000 F500.000
G4 P100
G1 X147.585 Y158.015 F1000.000
G1 X147.725 Y158.875
G1 X147.615 Y159.275
G1 X147.425 Y158.937
G1 X147.165 Y156.915
G0 Z5.000 F500.000
G0 X22.485 Y145.858 F3000.000
G1 Z1.000 F500.000
G4 P100
G1 X22.390 Y145.548 F1000.000
G1 X21.828 Y145.100
G1 X21.195 Y144.943
G1 X20.759 Y145.012
G1 X20.433 Y145.220
G1 X20.228 Y145.542
G1 X20.160 Y145.953
G1 X20.200 Y146.333
G1 X20.320 Y146.663
G1 X20.735 Y147.133
G1 X20.996 Y147.257
G1 X21.514 Y147.257
G1 X21.812 Y146.950
G1 X21.850 Y146.718
G1 X21.758 Y146.363
G1 X21.515 Y146.218
G1 X21.363 Y146.263
G1 X21.322 Y146.773
G1 X21.230 Y146.808
G1 X21.015 Y146.705
G1 X20.855 Y146.428
G1 X20.795 Y146.043
G1 X20.921 Y145.608
G1 X21.300 Y145.463
G1 X21.742 Y145.600
G1 X22.345 Y146.083
G1 X22.447 Y146.023
G1 X22.485 Y145.858
G0 Z5.000 F500.000
G0 X22.630 Y146.038 F3000.000
G1 Z1.000 F500.000
G4 P100
G1 X22.738 Y145.618 F1000.000
G1 X22.990 Y145.473
G1 X23.267 Y145.603
G1 X23.425 Y145.978
G1 X23.188 Y146.253
G1 X23.120 Y146.773
G1 X22.918 Y146.725
G1 X22.762 Y146.580
G1 X22.630 Y146.038
G0 Z5.000 F500.000
G0 X22.150 Y146.670 F3000.000
G1 Z1.000 F500.000
G4 P100
G1 X22.322 Y146.935 F1000.000
G1 X22.819 Y147.261
G1 X23.115 Y147.303
G1 X23.458 Y147.237
G1 X23.727 Y147.040
G1 X23.912 Y146.747
G1 X24.000 Y146.393
G1 X24.630 Y146.503
G1 X24.730 Y146.438
G1 X24.729 Y146.082
G1 X24.620 Y145.988
G1 X23.960 Y145.868
G1 X23.819 Y145.490
G1 X23.585 Y145.195
G1 X23.286 Y145.006
G1 X22.672 Y144.979
G1 X22.438 Y145.088
G1 X22.115 Y145.473
G1 X22.005 Y145.993
G1 X22.150 Y146.670
G0 Z5.000 F500.000
G0 X24.345 Y145.783 F3000.000
G1 Z1.000 F500.000
G4 P100
G1 X24.530 Y147.018 F1000.000
G1 X24.677 Y147.230
G1 X24.965 Y147.298
G1 X25.105 Y147.273
G1 X25.145 Y147.178
G1 X24.940 Y146.098
G1 X25.310 Y146.798
G1 X25.712 Y147.183
G1 X26.075 Y147.298
G1 X26.319 Y147.217
G1 X26.400 Y146.973
G1 X26.195 Y145.693
G1 X26.231 Y145.543
G1 X26.340 Y145.493
G1 X26.578 Y145.615
G1 X27.080 Y146.083
G1 X27.182 Y146.023
G1 X27.220 Y145.858
G1 X27.125 Y145.548
G1 X26.663 Y145.113
G1 X26.100 Y144.943
G1 X25.876 Y144.980
G1 X25.617 Y145.271
G1 X25.585 Y145.518
G1 X25.720 Y146.453
G1 X25.665 Y146.533
G1 X25.482 Y146.365
G1 X25.242 Y145.923
G1 X24.917 Y145.025
G1 X24.690 Y144.943
G1 X24.528 Y144.993
G1 X24.422 Y145.143
G1 X24.345 Y145.783
G0 Z5.000 F500.000
G0 X27.079 Y145.750 F3000.000
G1 Z1.000 F500.000
G4 P100
G1 X27.030 Y146.823 F1000.000
G1 X26.633 Y146.878
G1 X26.580 Y147.053
G1 X26.636 Y147.263
G1 X27.090 Y147.333
G1 X27.350 Y148.338
G1 X27.773 Y149.063
G1 X28.029 Y149.265
G1 X28.305 Y149.333
G1 X28.492 Y149.287
G1 X28.635 Y149.148
G1 X28.755 Y148.683
G1 X28.714 Y148.308
G1 X28.593 Y147.958
G1 X28.105 Y147.333
G1 X28.780 Y147.298
G1 X28.780 Y147.017
G1 X28.674 Y146.909
G1 X28.250 Y146.823
G1 X27.640 Y146.823
G1 X27.661 Y145.990
G1 X27.752 Y145.703
G1 X27.911 Y145.545
G1 X28.140 Y145.493
G1 X28.520 Y145.623
G1 X29.045 Y146.083
G1 X29.148 Y146.023
G1 X29.185 Y145.858
G1 X29.090 Y145.548
G1 X28.620 Y145.113
G1 X28.035 Y144.943
G1 X27.589 Y145.032
G1 X27.270 Y145.302
G1 X27.079 Y145.750
G0 Z5.000 F500.000
G0 X27.690 Y147.408 F3000.000
G1 Z1.000 F500.000
G4 P100
G1 X28.133 Y147.980 F1000.000
G1 X28.280 Y148.558
G1 X28.253 Y148.779
G1 X28.170 Y148.853
G1 X28.002 Y148.665
G1 X27.828 Y148.145
G1 X27.690 Y147.408
G0 Z5.000 F500.000
G0 X29.023 Y146.935 F3000.000
G1 Z1.000 F500.000
G4 P100
G1 X29.519 Y147.261 F1000.000
G1 X29.815 Y147.303
G1 X30.158 Y147.237
G1 X30.428 Y147.040
G1 X30.612 Y146.747
G1 X30.700 Y146.393
G1 X31.330 Y146.503
G1 X31.430 Y146.438
G1 X31.429 Y146.082
G1 X31.320 Y145.988
G1 X30.660 Y145.868
G1 X30.519 Y145.490
G1 X30.285 Y145.195
G1 X29.986 Y145.006
G1 X29.372 Y144.979
G1 X29.137 Y145.088
G1 X28.815 Y145.473
G1 X28.705 Y145.993
G1 X28.850 Y146.670
G1 X29.023 Y146.935
G0 Z5.000 F500.000
G0 X29.363 Y146.348 F3000.000
G1 Z1.000 F500.000
G4 P100
G1 X29.330 Y146.038 F1000.000
G1 X29.438 Y145.618
G1 X29.690 Y145.473
G1 X29.968 Y145.603
G1 X30.125 Y145.978
G1 X29.887 Y146.253
G1 X29.820 Y146.773
G1 X29.618 Y146.725
G1 X29.462 Y146.580
G1 X29.363 Y146.348
G0 Z5.000 F500.000
G0 X31.085 Y146.355 F3000.000
G1 Z1.000 F500.000
G4 P100
G1 X31.250 Y147.018 F1000.000
G1 X31.390 Y147.233
G1 X31.827 Y147.263
G1 X31.870 Y147.158
G1 X31.635 Y145.853
G1 X31.740 Y145.663
G1 X31.927 Y145.813
G1 X32.167 Y146.268
G1 X32.537 Y147.233
G1 X32.945 Y147.270
G1 X32.990 Y147.168
G1 X32.725 Y145.693
G1 X32.765 Y145.545
G1 X32.870 Y145.493
G1 X33.108 Y145.615
G1 X33.610 Y146.083
G1 X33.712 Y146.023
G1 X33.750 Y145.858
G1 X33.655 Y145.548
G1 X33.192 Y145.113
G1 X32.928 Y144.985
G1 X32.422 Y144.989
G1 X32.277 Y145.128
G1 X32.165 Y145.648
G1 X31.910 Y145.125
G1 X31.545 Y144.943
G1 X31.341 Y144.995
G1 X31.071 Y145.383
G1 X31.085 Y146.355
G0 Z5.000 F500.000
G0 X33.355 Y145.783 F3000.000
G1 Z1.000 F500.000
G4 P100
G1 X33.540 Y147.018 F1000.000
G1 X33.688 Y147.230
G1 X33.975 Y147.298
G1 X34.115 Y147.273
G1 X34.155 Y147.178
G1 X33.950 Y146.098
G1 X34.320 Y146.798
G1 X34.722 Y147.183
G1 X35.085 Y147.298
G1 X35.329 Y147.217
G1 X35.410 Y146.973
G1 X35.356 Y146.277
G1 X35.450 Y146.233
G1 X35.945 Y146.518
G1 X36.047 Y146.460
G1 X36.085 Y146.308
G1 X35.985 Y146.018
G1 X35.657 Y145.770
G1 X35.260 Y145.668
G1 X35.027 Y145.702
G1 X34.754 Y145.962
G1 X34.690 Y146.533
G1 X34.492 Y146.365
G1 X34.250 Y145.923
G1 X33.927 Y145.025
G1 X33.700 Y144.943
G1 X33.538 Y144.993
G1 X33.432 Y145.143
G1 X33.355 Y145.783
G0 Z5.000 F500.000
G0 X35.325 Y145.418 F3000.000
G1 Z1.000 F500.000
G4 P100
G1 X35.875 Y146.243 F1000.000
G1 X36.300 Y147.133
G1 X36.446 Y147.298
G1 X36.695 Y147.353
G1 X36.890 Y147.328
G1 X36.945 Y147.248
G1 X36.780 Y146.718
G1 X37.237 Y145.970
G1 X37.310 Y145.508
G1 X38.020 Y146.083
G1 X38.122 Y146.023
G1 X38.160 Y145.858
G1 X38.065 Y145.548
G1 X37.587 Y145.125
G1 X36.550 Y144.833
G1 X36.152 Y144.953
G1 X36.015 Y145.223
G1 X36.110 Y145.448
G1 X36.390 Y145.543
G1 X36.675 Y145.513
G1 X36.617 Y145.758
G1 X36.335 Y146.168
G1 X35.695 Y145.308
G1 X35.505 Y145.218
G1 X35.375 Y145.275
G1 X35.325 Y145.418
G0 Z5.000 F500.000
G0 X37.692 Y144.918 F3000.000
G1 Z1.000 F500.000
G4 P100
G1 X37.837 Y145.738 F1000.000
G1 X38.140 Y145.873
G1 X38.412 Y145.775
G1 X38.505 Y145.513
G1 X38.400 Y145.048
G1 X37.987 Y144.238
G1 X37.835 Y144.178
G1 X37.660 Y144.228
G1 X37.595 Y144.388
G1 X37.692 Y144.918
G0 Z5.000 F500.000
G0 X40.346 Y145.428 F3000.000
G1 Z1.000 F500.000
G4 P100
G1 X40.346 Y146.147 F1000.000
G1 X40.701 Y146.838
G1 X41.294 Y147.253
G1 X41.630 Y147.308
G1 X41.777 Y147.265
G1 X41.840 Y147.113
G1 X42.244 Y147.089
G1 X42.305 Y146.958
G1 X42.115 Y145.658
G1 X42.152 Y145.538
G1 X42.250 Y145.493
G1 X42.480 Y145.615
G1 X42.980 Y146.083
G1 X43.082 Y146.023
G1 X43.120 Y145.858
G1 X43.025 Y145.548
G1 X42.590 Y145.118
G1 X42.145 Y144.943
G1 X41.843 Y145.055
G1 X41.635 Y145.363
G1 X41.341 Y145.048
G1 X40.980 Y144.943
G1 X40.701 Y144.999
G1 X40.485 Y145.168
G1 X40.346 Y145.428
G0 Z5.000 F500.000
G0 X40.987 Y145.523 F3000.000
G1 Z1.000 F500.000
G4 P100
G1 X41.160 Y145.448 F1000.000
G1 X41.370 Y145.578
G1 X41.515 Y145.923
G1 X41.700 Y146.843
G1 X41.312 Y146.685
G1 X41.030 Y146.283
G1 X40.925 Y145.753
G1 X40.987 Y145.523
G0 Z5.000 F500.000
G0 X43.975 Y145.758 F3000.000
G1 Z1.000 F500.000
G4 P100
G1 X44.021 Y146.147 F1000.000
G1 X44.376 Y146.838
G1 X44.969 Y147.253
G1 X45.305 Y147.308
G1 X45.453 Y147.265
G1 X45.515 Y147.113
G1 X45.912 Y147.095
G1 X45.965 Y146.948
G1 X45.745 Y145.503
G1 X46.485 Y146.033
G1 X46.600 Y146.073
G1 X46.703 Y146.010
G1 X46.740 Y145.853
G1 X46.595 Y145.558
G1 X45.645 Y144.913
G1 X45.426 Y143.988
G1 X45.147 Y143.285
G1 X44.798 Y142.841
G1 X44.365 Y142.693
G1 X44.134 Y142.732
G1 X43.830 Y143.032
G1 X43.790 Y143.263
G1 X43.860 Y143.631
G1 X44.070 Y144.025
G1 X44.472 Y144.480
G1 X45.120 Y145.028
G1 X45.150 Y145.223
G1 X44.927 Y145.015
G1 X44.655 Y144.943
G1 X44.376 Y144.999
G1 X44.160 Y145.168
G1 X44.021 Y145.428
G1 X43.975 Y145.758
G0 Z5.000 F500.000
G0 X44.662 Y145.523 F3000.000
G1 Z1.000 F500.000
G4 P100
G1 X44.835 Y145.448 F1000.000
G1 X45.055 Y145.588
G1 X45.365 Y146.843
G1 X44.985 Y146.685
G1 X44.705 Y146.283
G1 X44.600 Y145.753
G1 X44.662 Y145.523
G0 Z5.000 F500.000
G0 X45.005 Y144.433 F3000.000
G1 Z1.000 F500.000
G4 P100
G1 X44.450 Y143.838 F1000.000
G1 X44.280 Y143.373
G1 X44.312 Y143.233
G1 X44.420 Y143.178
G1 X44.553 Y143.253
G1 X44.703 Y143.478
G1 X45.005 Y144.433
G0 Z5.000 F500.000
G0 X46.628 Y144.993 F3000.000
G1 Z1.000 F500.000
G4 P100
G1 X46.523 Y145.143 F1000.000
G1 X46.445 Y145.783
G1 X46.491 Y146.417
G1 X46.630 Y147.018
G1 X46.778 Y147.230
G1 X47.065 Y147.298
G1 X47.205 Y147.273
G1 X47.245 Y147.178
G1 X47.040 Y146.098
G1 X47.410 Y146.798
G1 X47.812 Y147.183
G1 X48.175 Y147.298
G1 X48.419 Y147.217
G1 X48.500 Y146.973
G1 X48.446 Y146.277
G1 X48.540 Y146.233
G1 X49.035 Y146.518
G1 X49.138 Y146.460
G1 X49.175 Y146.308
G1 X49.075 Y146.018
G1 X48.748 Y145.770
G1 X48.350 Y145.668
G1 X47.948 Y145.803
G1 X47.844 Y145.962
G1 X47.780 Y146.533
G1 X47.582 Y146.365
G1 X47.340 Y145.923
G1 X47.017 Y145.025
G1 X46.790 Y144.943
G1 X46.628 Y144.993
G0 Z5.000 F500.000
G0 X48.691 Y145.428 F3000.000
G1 Z1.000 F500.000
G4 P100
G1 X48.691 Y146.147 F1000.000
G1 X49.046 Y146.838
G1 X49.639 Y147.253
G1 X49.975 Y147.308
G1 X50.123 Y147.265
G1 X50.185 Y147.113
G1 X50.589 Y147.089
G1 X50.650 Y146.958
G1 X50.460 Y145.658
G1 X50.498 Y145.538
G1 X50.595 Y145.493
G1 X50.825 Y145.615
G1 X51.325 Y146.083
G1 X51.427 Y146.023
G1 X51.465 Y145.858
G1 X51.370 Y145.548
G1 X50.935 Y145.118
G1 X50.490 Y144.943
G1 X50.188 Y145.055
G1 X49.980 Y145.363
G1 X49.686 Y145.048
G1 X49.325 Y144.943
G1 X49.046 Y144.999
G1 X48.830 Y145.168
G1 X48.691 Y145.428
G0 Z5.000 F500.000
G0 X49.332 Y145.523 F3000.000
G1 Z1.000 F500.000
G4 P100
G1 X49.505 Y145.448 F1000.000
G1 X49.715 Y145.578
G1 X49.860 Y145.923
G1 X50.045 Y146.843
G1 X49.657 Y146.685
G1 X49.375 Y146.283
G1 X49.270 Y145.753
G1 X49.332 Y145.523
G0 Z5.000 F500.000
G0 X51.060 Y145.668 F3000.000
G1 Z1.000 F500.000
G4 P100
G1 X51.110 Y146.355 F1000.000
G1 X51.275 Y147.018
G1 X51.415 Y147.233
G1 X51.700 Y147.298
G1 X51.853 Y147.263
G1 X51.895 Y147.158
G1 X51.690 Y146.160
G1 X51.686 Y145.710
G1 X51.765 Y145.663
G1 X51.953 Y145.813
G1 X52.562 Y147.233
G1 X52.810 Y147.298
G1 X52.970 Y147.268
G1 X53.015 Y147.168
G1 X52.755 Y145.503
G1 X53.505 Y146.033
G1 X53.620 Y146.073
G1 X53.722 Y146.010
G1 X53.760 Y145.853
G1 X53.615 Y145.558
G1 X52.655 Y144.913
G1 X52.436 Y143.988
G1 X52.157 Y143.285
G1 X51.808 Y142.841
G1 X51.375 Y142.693
G1 X51.144 Y142.732
G1 X50.840 Y143.032
G1 X50.800 Y143.263
G1 X50.907 Y143.743
G1 X51.308 Y144.305
G1 X52.135 Y145.033
G1 X52.230 Y145.678
G1 X51.950 Y145.130
G1 X51.570 Y144.943
G1 X51.366 Y144.995
G1 X51.203 Y145.150
G1 X51.060 Y145.668
G0 Z5.000 F500.000
G0 X52.020 Y144.433 F3000.000
G1 Z1.000 F500.000
G4 P100
G1 X51.462 Y143.840 F1000.000
G1 X51.290 Y143.373
G1 X51.322 Y143.233
G1 X51.430 Y143.178
G1 X51.562 Y143.250
G1 X51.710 Y143.468
G1 X52.020 Y144.433
G0 Z5.000 F500.000
G0 X54.535 Y145.275 F3000.000
G1 Z1.000 F500.000
G4 P100
G1 X54.485 Y145.418 F1000.000
G1 X54.555 Y145.603
G1 X55.035 Y146.243
G1 X55.460 Y147.133
G1 X55.606 Y147.298
G1 X55.855 Y147.353
G1 X56.050 Y147.328
G1 X56.105 Y147.248
G1 X55.940 Y146.718
G1 X56.398 Y145.970
G1 X56.470 Y145.508
G1 X57.045 Y146.013
G1 X57.180 Y146.083
G1 X57.283 Y146.023
G1 X57.320 Y145.858
G1 X57.225 Y145.548
G1 X56.748 Y145.125
G1 X56.185 Y145.003
G1 X55.966 Y144.875
G1 X55.710 Y144.833
G1 X55.312 Y144.953
G1 X55.175 Y145.223
G1 X55.270 Y145.448
G1 X55.550 Y145.543
G1 X55.835 Y145.513
G1 X55.778 Y145.758
G1 X55.495 Y146.168
G1 X54.855 Y145.308
G1 X54.665 Y145.218
G1 X54.535 Y145.275
G0 Z5.000 F500.000
G0 X56.947 Y145.440 F3000.000
G1 Z1.000 F500.000
G4 P100
G1 X56.968 Y146.360 F1000.000
G1 X57.115 Y147.018
G1 X57.235 Y147.238
G1 X57.475 Y147.298
G1 X57.666 Y147.255
G1 X57.730 Y147.128
G1 X57.515 Y145.803
G1 X57.555 Y145.573
G1 X57.690 Y145.493
G1 X57.915 Y145.618
G1 X58.410 Y146.083
G1 X58.513 Y146.023
G1 X58.550 Y145.858
G1 X58.455 Y145.548
G1 X57.976 Y145.094
G1 X57.530 Y144.943
G1 X57.249 Y145.000
G1 X57.058 Y145.173
G1 X56.947 Y145.440
G0 Z5.000 F500.000
G0 X57.570 Y147.628 F3000.000
G1 Z1.000 F500.000
G4 P100
G1 X57.255 Y147.725 F1000.000
G1 X57.150 Y147.998
G1 X57.288 Y148.290
G1 X57.630 Y148.408
G1 X57.930 Y148.318
G1 X58.045 Y148.063
G1 X57.915 Y147.745
G1 X57.570 Y147.628
G0 Z5.000 F500.000
G0 X58.487 Y147.230 F3000.000
G1 Z1.000 F500.000
G4 P100
G1 X58.775 Y147.298 F1000.000
G1 X58.915 Y147.273
G1 X58.955 Y147.178
G1 X58.750 Y146.098
G1 X59.120 Y146.798
G1 X59.523 Y147.183
G1 X59.885 Y147.298
G1 X60.129 Y147.217
G1 X60.210 Y146.973
G1 X60.005 Y145.693
G1 X60.041 Y145.543
G1 X60.150 Y145.493
G1 X60.388 Y145.615
G1 X60.890 Y146.083
G1 X60.992 Y146.023
G1 X61.030 Y145.858
G1 X60.935 Y145.548
G1 X60.472 Y145.113
G1 X60.208 Y144.985
G1 X59.686 Y144.980
G1 X59.428 Y145.271
G1 X59.395 Y145.518
G1 X59.530 Y146.453
G1 X59.475 Y146.533
G1 X59.293 Y146.365
G1 X59.053 Y145.923
G1 X58.728 Y145.025
G1 X58.500 Y144.943
G1 X58.338 Y144.993
G1 X58.233 Y145.143
G1 X58.155 Y145.783
G1 X58.201 Y146.417
G1 X58.340 Y147.018
G1 X58.487 Y147.230
G0 Z5.000 F500.000
G0 X60.675 Y146.355 F3000.000
G1 Z1.000 F500.000
G4 P100
G1 X60.840 Y147.018 F1000.000
G1 X60.980 Y147.233
G1 X61.418 Y147.263
G1 X61.460 Y147.158
G1 X61.225 Y145.853
G1 X61.330 Y145.663
G1 X61.517 Y145.813
G1 X61.757 Y146.268
G1 X62.127 Y147.233
G1 X62.535 Y147.270
G1 X62.580 Y147.168
G1 X62.315 Y145.693
G1 X62.355 Y145.545
G1 X62.460 Y145.493
G1 X62.697 Y145.615
G1 X63.200 Y146.083
G1 X63.302 Y146.023
G1 X63.340 Y145.858
G1 X63.245 Y145.548
G1 X62.782 Y145.113
G1 X62.518 Y144.985
G1 X62.012 Y144.989
G1 X61.867 Y145.128
G1 X61.755 Y145.648
G1 X61.500 Y145.125
G1 X61.135 Y144.943
G1 X60.931 Y144.995
G1 X60.661 Y145.383
G1 X60.675 Y146.355
G0 Z5.000 F500.000
G0 X62.640 Y145.418 F3000.000
G1 Z1.000 F500.000
G4 P100
G1 X63.190 Y146.243 F1000.000
G1 X63.615 Y147.133
G1 X63.761 Y147.298
G1 X64.010 Y147.353
G1 X64.205 Y147.328
G1 X64.260 Y147.248
G1 X64.095 Y146.718
G1 X64.552 Y145.970
G1 X64.625 Y145.508
G1 X65.335 Y146.083
G1 X65.438 Y146.023
G1 X65.475 Y145.858
G1 X65.380 Y145.548
G1 X64.903 Y145.125
G1 X63.865 Y144.833
G1 X63.468 Y144.953
G1 X63.330 Y145.223
G1 X63.425 Y145.448
G1 X63.705 Y145.543
G1 X63.990 Y145.513
G1 X63.933 Y145.758
G1 X63.650 Y146.168
G1 X63.010 Y145.308
G1 X62.820 Y145.218
G1 X62.690 Y145.275
G1 X62.640 Y145.418
G0 Z5.000 F500.000
G0 X64.995 Y145.993 F3000.000
G1 Z1.000 F500.000
G4 P100
G1 X65.140 Y146.670 F1000.000
G1 X65.312 Y146.935
G1 X65.809 Y147.261
G1 X66.105 Y147.303
G1 X66.448 Y147.237
G1 X66.718 Y147.040
G1 X66.902 Y146.747
G1 X66.990 Y146.393
G1 X67.620 Y146.503
G1 X67.720 Y146.438
G1 X67.755 Y146.273
G1 X67.719 Y146.082
G1 X67.610 Y145.988
G1 X66.950 Y145.868
G1 X66.809 Y145.490
G1 X66.575 Y145.195
G1 X66.276 Y145.006
G1 X65.940 Y144.943
G1 X65.427 Y145.088
G1 X65.105 Y145.473
G1 X64.995 Y145.993
G0 Z5.000 F500.000
G0 X65.727 Y145.618 F3000.000
G1 Z1.000 F500.000
G4 P100
G1 X65.980 Y145.473 F1000.000
G1 X66.257 Y145.603
G1 X66.415 Y145.978
G1 X66.177 Y146.253
G1 X66.110 Y146.773
G1 X65.908 Y146.725
G1 X65.752 Y146.580
G1 X65.653 Y146.348
G1 X65.620 Y146.038
G1 X65.727 Y145.618
G0 Z5.000 F500.000
G0 X67.320 Y145.783 F3000.000
G1 Z1.000 F500.000
G4 P100
G1 X67.525 Y147.018 F1000.000
G1 X67.645 Y147.238
G1 X67.885 Y147.298
G1 X68.076 Y147.255
G1 X68.140 Y147.128
G1 X67.925 Y145.803
G1 X67.965 Y145.573
G1 X68.100 Y145.493
G1 X68.325 Y145.618
G1 X68.820 Y146.083
G1 X68.922 Y146.023
G1 X68.960 Y145.858
G1 X68.865 Y145.548
G1 X68.386 Y145.094
G1 X67.940 Y144.943
G1 X67.659 Y145.000
G1 X67.468 Y145.173
G1 X67.320 Y145.783
G0 Z5.000 F500.000
G0 X67.980 Y147.628 F3000.000
G1 Z1.000 F500.000
G4 P100
G1 X67.665 Y147.725 F1000.000
G1 X67.560 Y147.998
G1 X67.698 Y148.290
G1 X68.040 Y148.408
G1 X68.340 Y148.318
G1 X68.455 Y148.063
G1 X68.325 Y147.745
G1 X67.980 Y147.628
G0 Z5.000 F500.000
G0 X69.127 Y147.065 F3000.000
G1 Z1.000 F500.000
G4 P100
G1 X69.795 Y147.323 F1000.000
G1 X69.933 Y148.222
G1 X70.157 Y148.980
G1 X70.467 Y149.496
G1 X70.653 Y149.625
G1 X71.057 Y149.619
G1 X71.218 Y149.473
G1 X71.324 Y149.228
G1 X71.291 Y148.275
G1 X71.085 Y147.573
G1 X70.350 Y146.033
G1 X70.438 Y145.618
G1 X70.610 Y145.493
G1 X70.885 Y145.613
G1 X71.395 Y146.083
G1 X71.498 Y146.023
G1 X71.535 Y145.858
G1 X71.440 Y145.548
G1 X70.746 Y144.987
G1 X70.505 Y144.943
G1 X70.170 Y145.054
G1 X69.925 Y145.388
G1 X69.558 Y145.033
G1 X69.190 Y144.943
G1 X68.912 Y145.000
G1 X68.688 Y145.170
G1 X68.539 Y145.432
G1 X68.490 Y145.763
G1 X68.660 Y146.505
G1 X69.127 Y147.065
G0 Z5.000 F500.000
G0 X69.297 Y146.440 F3000.000
G1 Z1.000 F500.000
G4 P100
G1 X69.115 Y145.813 F1000.000
G1 X69.177 Y145.539
G1 X69.365 Y145.448
G1 X69.555 Y145.525
G1 X69.795 Y145.813
G1 X69.755 Y146.808
G1 X69.503 Y146.673
G1 X69.297 Y146.440
G0 Z5.000 F500.000
G0 X70.355 Y146.818 F3000.000
G1 Z1.000 F500.000
G4 P100
G1 X70.775 Y147.918 F1000.000
G1 X70.915 Y148.778
G1 X70.805 Y149.178
G1 X70.615 Y148.840
G1 X70.355 Y146.818
G0 Z5.000 F500.000
G0 X71.515 Y145.873 F3000.000
G1 Z1.000 F500.000
G4 P100
G1 X71.787 Y145.775 F1000.000
G1 X71.880 Y145.513
G1 X71.775 Y145.048
G1 X71.520 Y144.483
G1 X71.362 Y144.238
G1 X71.210 Y144.178
G1 X71.035 Y144.228
G1 X70.970 Y144.388
G1 X71.095 Y145.353
G1 X71.213 Y145.738
G1 X71.515 Y145.873
G0 Z5.000 F500.000
G0 X73.675 Y145.758 F3000.000
G1 Z1.000 F500.000
G4 P100
G1 X73.721 Y146.147 F1000.000
G1 X74.076 Y146.838
G1 X74.669 Y147.253
G1 X75.005 Y147.308
G1 X75.153 Y147.265
G1 X75.215 Y147.113
G1 X75.613 Y147.095
G1 X75.665 Y146.948
G1 X75.445 Y145.503
G1 X76.185 Y146.033
G1 X76.300 Y146.073
G1 X76.403 Y146.010
G1 X76.440 Y145.853
G1 X76.295 Y145.558
G1 X75.345 Y144.913
G1 X75.126 Y143.988
G1 X74.847 Y143.285
G1 X74.498 Y142.841
G1 X74.065 Y142.693
G1 X73.834 Y142.732
G1 X73.530 Y143.032
G1 X73.490 Y143.263
G1 X73.560 Y143.631
G1 X73.770 Y144.025
G1 X74.172 Y144.480
G1 X74.820 Y145.028
G1 X74.850 Y145.223
G1 X74.627 Y145.015
G1 X74.355 Y144.943
G1 X74.076 Y144.999
G1 X73.860 Y145.168
G1 X73.721 Y145.428
G1 X73.675 Y145.758
G0 Z5.000 F500.000
G0 X74.362 Y145.523 F3000.000
G1 Z1.000 F500.000
G4 P100
G1 X74.535 Y145.448 F1000.000
G1 X74.755 Y145.588
G1 X75.065 Y146.843
G1 X74.685 Y146.685
G1 X74.405 Y146.283
G1 X74.300 Y145.753
G1 X74.362 Y145.523
G0 Z5.000 F500.000
G0 X74.705 Y144.433 F3000.000
G1 Z1.000 F500.000
G4 P100
G1 X74.150 Y143.838 F1000.000
G1 X73.980 Y143.373
G1 X74.013 Y143.233
G1 X74.120 Y143.178
G1 X74.253 Y143.253
G1 X74.403 Y143.478
G1 X74.705 Y144.433
G0 Z5.000 F500.000
G0 X76.328 Y144.993 F3000.000
G1 Z1.000 F500.000
G4 P100
G1 X76.222 Y145.143 F1000.000
G1 X76.145 Y145.783
G1 X76.191 Y146.417
G1 X76.330 Y147.018
G1 X76.477 Y147.230
G1 X76.765 Y147.298
G1 X76.905 Y147.273
G1 X76.945 Y147.178
G1 X76.740 Y146.098
G1 X77.110 Y146.798
G1 X77.512 Y147.183
G1 X77.875 Y147.298
G1 X78.119 Y147.217
G1 X78.200 Y146.973
G1 X78.146 Y146.277
G1 X78.240 Y146.233
G1 X78.735 Y146.518
G1 X78.838 Y146.460
G1 X78.875 Y146.308
G1 X78.775 Y146.018
G1 X78.447 Y145.770
G1 X78.050 Y145.668
G1 X77.647 Y145.803
G1 X77.544 Y145.962
G1 X77.480 Y146.533
G1 X77.282 Y146.365
G1 X77.040 Y145.923
G1 X76.718 Y145.025
G1 X76.490 Y144.943
G1 X76.328 Y144.993
G0 Z5.000 F500.000
G0 X78.391 Y145.428 F3000.000
G1 Z1.000 F500.000
G4 P100
G1 X78.391 Y146.147 F1000.000
G1 X78.746 Y146.838
G1 X79.339 Y147.253
G1 X79.675 Y147.308
G1 X79.822 Y147.265
G1 X79.885 Y147.113
G1 X80.289 Y147.089
G1 X80.350 Y146.958
G1 X80.160 Y145.658
G1 X80.197 Y145.538
G1 X80.295 Y145.493
G1 X80.525 Y145.615
G1 X81.025 Y146.083
G1 X81.127 Y146.023
G1 X81.165 Y145.858
G1 X81.070 Y145.548
G1 X80.635 Y145.118
G1 X80.190 Y144.943
G1 X79.888 Y145.055
G1 X79.680 Y145.363
G1 X79.386 Y145.048
G1 X79.025 Y144.943
G1 X78.746 Y144.999
G1 X78.530 Y145.168
G1 X78.391 Y145.428
G0 Z5.000 F500.000
G0 X79.032 Y145.523 F3000.000
G1 Z1.000 F500.000
G4 P100
G1 X79.205 Y145.448 F1000.000
G1 X79.415 Y145.578
G1 X79.560 Y145.923
G1 X79.745 Y146.843
G1 X79.358 Y146.685
G1 X79.075 Y146.283
G1 X78.970 Y145.753
G1 X79.032 Y145.523
G0 Z5.000 F500.000
G0 X80.760 Y145.668 F3000.000
G1 Z1.000 F500.000
G4 P100
G1 X80.810 Y146.355 F1000.000
G1 X80.975 Y147.018
G1 X81.115 Y147.233
G1 X81.400 Y147.298
G1 X81.552 Y147.263
G1 X81.595 Y147.158
G1 X81.390 Y146.160
G1 X81.386 Y145.710
G1 X81.465 Y145.663
G1 X81.653 Y145.813
G1 X82.262 Y147.233
G1 X82.510 Y147.298
G1 X82.670 Y147.268
G1 X82.715 Y147.168
G1 X82.455 Y145.503
G1 X83.205 Y146.033
G1 X83.320 Y146.073
G1 X83.422 Y146.010
G1 X83.460 Y145.853
G1 X83.315 Y145.558
G1 X82.355 Y144.913
G1 X82.136 Y143.988
G1 X81.857 Y143.285
G1 X81.508 Y142.841
G1 X81.075 Y142.693
G1 X80.844 Y142.732
G1 X80.540 Y143.032
G1 X80.500 Y143.263
G1 X80.607 Y143.743
G1 X81.007 Y144.305
G1 X81.835 Y145.033
G1 X81.930 Y145.678
G1 X81.650 Y145.130
G1 X81.270 Y144.943
G1 X81.066 Y144.995
G1 X80.903 Y145.150
G1 X80.760 Y145.668
G0 Z5.000 F500.000
G0 X81.720 Y144.433 F3000.000
G1 Z1.000 F500.000
G4 P100
G1 X81.162 Y143.840 F1000.000
G1 X80.990 Y143.373
G1 X81.022 Y143.233
G1 X81.130 Y143.178
G1 X81.262 Y143.250
G1 X81.410 Y143.468
G1 X81.720 Y144.433
G0 Z5.000 F500.000
G0 X82.910 Y145.275 F3000.000
G1 Z1.000 F500.000
G4 P100
G1 X82.860 Y145.418 F1000.000
G1 X82.930 Y145.603
G1 X83.410 Y146.243
G1 X83.835 Y147.133
G1 X83.981 Y147.298
G1 X84.230 Y147.353
G1 X84.425 Y147.328
G1 X84.480 Y147.248
G1 X84.315 Y146.718
G1 X84.772 Y145.970
G1 X84.845 Y145.508
G1 X85.420 Y146.013
G1 X85.555 Y146.083
G1 X85.657 Y146.023
G1 X85.695 Y145.858
G1 X85.600 Y145.548
G1 X85.123 Y145.125
G1 X84.560 Y145.003
G1 X84.341 Y144.875
G1 X84.085 Y144.833
G1 X83.688 Y144.953
G1 X83.550 Y145.223
G1 X83.645 Y145.448
G1 X83.925 Y145.543
G1 X84.210 Y145.513
G1 X84.153 Y145.758
G1 X83.870 Y146.168
G1 X83.230 Y145.308
G1 X83.040 Y145.218
G1 X82.910 Y145.275
G0 Z5.000 F500.000
G0 X85.278 Y145.542 F3000.000
G1 Z1.000 F500.000
G4 P100
G1 X85.210 Y145.953 F1000.000
G1 X85.370 Y146.663
G1 X85.785 Y147.133
G1 X86.320 Y147.298
G1 X86.748 Y147.135
G1 X86.900 Y146.718
G1 X86.808 Y146.363
G1 X86.565 Y146.218
G1 X86.412 Y146.263
G1 X86.355 Y146.388
G1 X86.373 Y146.773
G1 X86.280 Y146.808
G1 X86.065 Y146.705
G1 X85.905 Y146.428
G1 X85.845 Y146.043
G1 X85.971 Y145.608
G1 X86.350 Y145.463
G1 X86.792 Y145.600
G1 X87.395 Y146.083
G1 X87.498 Y146.023
G1 X87.535 Y145.858
G1 X87.440 Y145.548
G1 X87.182 Y145.291
G1 X86.877 Y145.100
G1 X86.245 Y144.943
G1 X85.809 Y145.012
G1 X85.482 Y145.220
G1 X85.278 Y145.542
G0 Z5.000 F500.000
G0 X87.111 Y145.428 F3000.000
G1 Z1.000 F500.000
G4 P100
G1 X87.111 Y146.147 F1000.000
G1 X87.466 Y146.838
G1 X88.059 Y147.253
G1 X88.395 Y147.308
G1 X88.542 Y147.265
G1 X88.605 Y147.113
G1 X89.009 Y147.089
G1 X89.070 Y146.958
G1 X88.880 Y145.658
G1 X88.917 Y145.538
G1 X89.015 Y145.493
G1 X89.245 Y145.615
G1 X89.745 Y146.083
G1 X89.847 Y146.023
G1 X89.885 Y145.858
G1 X89.790 Y145.548
G1 X89.355 Y145.118
G1 X88.910 Y144.943
G1 X88.608 Y145.055
G1 X88.400 Y145.363
G1 X88.106 Y145.048
G1 X87.745 Y144.943
G1 X87.466 Y144.999
G1 X87.250 Y145.168
G1 X87.111 Y145.428
G0 Z5.000 F500.000
G0 X87.752 Y145.523 F3000.000
G1 Z1.000 F500.000
G4 P100
G1 X87.925 Y145.448 F1000.000
G1 X88.135 Y145.578
G1 X88.280 Y145.923
G1 X88.465 Y146.843
G1 X88.078 Y146.685
G1 X87.795 Y146.283
G1 X87.690 Y145.753
G1 X87.752 Y145.523
G0 Z5.000 F500.000
G0 X89.568 Y145.802 F3000.000
G1 Z1.000 F500.000
G4 P100
G1 X89.515 Y146.378 F1000.000
G1 X89.672 Y147.768
G1 X89.867 Y148.493
G1 X90.137 Y149.108
G1 X90.474 Y149.528
G1 X90.870 Y149.668
G1 X91.084 Y149.612
G1 X91.248 Y149.445
G1 X91.351 Y149.175
G1 X91.385 Y148.808
G1 X91.302 Y148.165
G1 X91.055 Y147.428
G1 X90.666 Y146.647
G1 X90.160 Y145.873
G1 X90.275 Y145.580
G1 X90.485 Y145.493
G1 X90.845 Y145.610
G1 X91.375 Y146.083
G1 X91.477 Y146.023
G1 X91.515 Y145.858
G1 X91.420 Y145.548
G1 X90.952 Y145.113
G1 X90.380 Y144.943
G1 X89.997 Y145.043
G1 X89.727 Y145.343
G1 X89.568 Y145.802
G0 Z5.000 F500.000
G0 X90.125 Y146.548 F3000.000
G1 Z1.000 F500.000
G4 P100
G1 X90.690 Y147.720 F1000.000
G1 X90.847 Y148.282
G1 X90.900 Y148.793
G1 X90.865 Y149.078
G1 X90.760 Y149.173
G1 X90.500 Y148.758
G1 X90.245 Y147.728
G1 X90.125 Y146.548
G0 Z5.000 F500.000
G0 X91.353 Y146.917 F3000.000
G1 Z1.000 F500.000
G4 P100
G1 X91.857 Y147.254 F1000.000
G1 X92.426 Y147.255
G1 X92.630 Y147.125
G1 X92.761 Y146.922
G1 X92.805 Y146.658
G1 X92.743 Y146.337
G1 X92.557 Y146.065
G1 X92.224 Y145.843
G1 X91.720 Y145.673
G1 X91.901 Y145.500
G1 X92.195 Y145.443
G1 X92.707 Y145.600
G1 X93.340 Y146.083
G1 X93.442 Y146.023
G1 X93.480 Y145.858
G1 X93.385 Y145.548
G1 X92.862 Y145.133
G1 X92.513 Y144.990
G1 X92.140 Y144.943
G1 X91.674 Y145.014
G1 X91.325 Y145.228
G1 X91.107 Y145.565
G1 X91.035 Y146.008
G1 X91.180 Y146.650
G1 X91.353 Y146.917
G0 Z5.000 F500.000
G0 X91.767 Y146.593 F3000.000
G1 Z1.000 F500.000
G4 P100
G1 X91.640 Y146.073 F1000.000
G1 X92.105 Y146.273
G1 X92.275 Y146.598
G1 X92.222 Y146.750
G1 X92.080 Y146.808
G1 X91.909 Y146.754
G1 X91.767 Y146.593
G0 Z5.000 F500.000
G0 X94.435 Y146.443 F3000.000
G1 Z1.000 F500.000
G4 P100
G1 X94.595 Y147.845 F1000.000
G1 X94.792 Y148.547
G1 X95.062 Y149.135
G1 X95.399 Y149.535
G1 X95.795 Y149.668
G1 X96.002 Y149.618
G1 X96.270 Y149.243
G1 X96.305 Y148.958
G1 X96.150 Y148.143
G1 X95.635 Y147.293
G1 X95.939 Y147.211
G1 X96.180 Y147.015
G1 X96.347 Y146.733
G1 X96.430 Y146.393
G1 X97.060 Y146.503
G1 X97.160 Y146.438
G1 X97.160 Y146.080
G1 X97.050 Y145.988
G1 X96.390 Y145.868
G1 X96.246 Y145.493
G1 X96.012 Y145.198
G1 X95.721 Y145.007
G1 X95.400 Y144.943
G1 X94.964 Y145.039
G1 X94.665 Y145.328
G1 X94.493 Y145.799
G1 X94.435 Y146.443
G0 Z5.000 F500.000
G0 X95.060 Y146.058 F3000.000
G1 Z1.000 F500.000
G4 P100
G1 X95.167 Y145.623 F1000.000
G1 X95.420 Y145.473
G1 X95.695 Y145.603
G1 X95.855 Y145.978
G1 X95.618 Y146.253
G1 X95.555 Y146.803
G1 X95.356 Y146.752
G1 X95.197 Y146.600
G1 X95.060 Y146.058
G0 Z5.000 F500.000
G0 X95.095 Y146.953 F3000.000
G1 Z1.000 F500.000
G4 P100
G1 X95.771 Y148.457 F1000.000
G1 X95.820 Y148.843
G1 X95.782 Y149.088
G1 X95.680 Y149.173
G1 X95.463 Y148.875
G1 X95.245 Y148.068
G1 X95.095 Y146.953
G0 Z5.000 F500.000
G0 X96.957 Y147.768 F3000.000
G1 Z1.000 F500.000
G4 P100
G1 X97.152 Y148.493 F1000.000
G1 X97.422 Y149.108
G1 X97.759 Y149.528
G1 X98.155 Y149.668
G1 X98.369 Y149.612
G1 X98.532 Y149.445
G1 X98.636 Y149.175
G1 X98.670 Y148.808
G1 X98.587 Y148.165
G1 X98.340 Y147.428
G1 X97.951 Y146.647
G1 X97.445 Y145.873
G1 X97.560 Y145.580
G1 X97.770 Y145.493
G1 X98.130 Y145.610
G1 X98.660 Y146.083
G1 X98.762 Y146.023
G1 X98.800 Y145.858
G1 X98.705 Y145.548
G1 X98.237 Y145.113
G1 X97.968 Y144.985
G1 X97.665 Y144.943
G1 X97.282 Y145.043
G1 X97.012 Y145.343
G1 X96.853 Y145.802
G1 X96.800 Y146.378
G1 X96.957 Y147.768
G0 Z5.000 F500.000
G0 X97.410 Y146.548 F3000.000
G1 Z1.000 F500.000
G4 P100
G1 X97.975 Y147.720 F1000.000
G1 X98.132 Y148.282
G1 X98.185 Y148.793
G1 X98.150 Y149.078
G1 X98.045 Y149.173
G1 X97.785 Y148.758
G1 X97.530 Y147.728
G1 X97.410 Y146.548
G0 Z5.000 F500.000
G0 X98.637 Y146.935 F3000.000
G1 Z1.000 F500.000
G4 P100
G1 X99.134 Y147.261 F1000.000
G1 X99.430 Y147.303
G1 X99.773 Y147.237
G1 X100.042 Y147.040
G1 X100.227 Y146.747
G1 X100.315 Y146.393
G1 X100.945 Y146.503
G1 X101.045 Y146.438
G1 X101.044 Y146.082
G1 X100.935 Y145.988
G1 X100.275 Y145.868
G1 X100.134 Y145.490
G1 X99.900 Y145.195
G1 X99.601 Y145.006
G1 X98.987 Y144.979
G1 X98.752 Y145.088
G1 X98.430 Y145.473
G1 X98.320 Y145.993
G1 X98.465 Y146.670
G1 X98.637 Y146.935
G0 Z5.000 F500.000
G0 X98.978 Y146.348 F3000.000
G1 Z1.000 F500.000
G4 P100
G1 X98.945 Y146.038 F1000.000
G1 X99.052 Y145.618
G1 X99.305 Y145.473
G1 X99.582 Y145.603
G1 X99.740 Y145.978
G1 X99.502 Y146.253
G1 X99.435 Y146.773
G1 X99.233 Y146.725
G1 X99.077 Y146.580
G1 X98.978 Y146.348
G0 Z5.000 F500.000
G0 X100.610 Y146.333 F3000.000
G1 Z1.000 F500.000
G4 P100
G1 X100.730 Y146.663 F1000.000
G1 X101.145 Y147.133
G1 X101.406 Y147.257
G1 X101.924 Y147.257
G1 X102.222 Y146.950
G1 X102.260 Y146.718
G1 X102.167 Y146.363
G1 X101.925 Y146.218
G1 X101.772 Y146.263
G1 X101.732 Y146.773
G1 X101.640 Y146.808
G1 X101.425 Y146.705
G1 X101.265 Y146.428
G1 X101.205 Y146.043
G1 X101.331 Y145.608
G1 X101.710 Y145.463
G1 X102.152 Y145.600
G1 X102.755 Y146.083
G1 X102.857 Y146.023
G1 X102.895 Y145.858
G1 X102.800 Y145.548
G1 X102.237 Y145.100
G1 X101.605 Y144.943
G1 X101.169 Y145.012
G1 X100.842 Y145.220
G1 X100.638 Y145.542
G1 X100.570 Y145.953
G1 X100.610 Y146.333
G0 Z5.000 F500.000
G0 X102.525 Y146.093 F3000.000
G1 Z1.000 F500.000
G4 P100
G1 X102.682 Y147.698 F1000.000
G1 X102.877 Y148.466
G1 X103.147 Y149.100
G1 X103.486 Y149.526
G1 X103.885 Y149.668
G1 X104.093 Y149.618
G1 X104.364 Y149.243
G1 X104.326 Y148.443
G1 X104.105 Y147.910
G1 X103.145 Y146.643
G1 X103.130 Y146.108
G1 X103.387 Y146.647
G1 X103.680 Y147.015
G1 X103.980 Y147.227
G1 X104.260 Y147.298
G1 X104.486 Y147.255
G1 X104.777 Y146.938
G1 X104.815 Y146.708
G1 X104.675 Y146.203
G1 X104.195 Y145.793
G1 X104.317 Y145.575
G1 X104.565 Y145.493
G1 X104.865 Y145.613
G1 X105.380 Y146.083
G1 X105.482 Y146.023
G1 X105.520 Y145.858
G1 X105.425 Y145.548
G1 X104.970 Y145.108
G1 X104.719 Y144.984
G1 X104.077 Y144.998
G1 X103.805 Y145.163
G1 X103.629 Y145.419
G1 X103.570 Y145.748
G1 X103.620 Y145.915
G1 X104.085 Y146.230
G1 X104.180 Y146.493
G1 X104.050 Y146.673
G1 X103.752 Y146.478
G1 X103.450 Y145.975
G1 X103.102 Y145.025
G1 X102.875 Y144.943
G1 X102.647 Y145.055
G1 X102.550 Y145.403
G1 X102.525 Y146.093
G0 Z5.000 F500.000
G0 X103.200 Y147.268 F3000.000
G1 Z1.000 F500.000
G4 P100
G1 X103.712 Y148.063 F1000.000
G1 X103.864 Y148.473
G1 X103.915 Y148.843
G1 X103.880 Y149.088
G1 X103.780 Y149.173
G1 X103.580 Y148.915
G1 X103.367 Y148.220
G1 X103.200 Y147.268
G0 Z5.000 F500.000
G0 X105.795 Y147.133 F3000.000
G1 Z1.000 F500.000
G4 P100
G1 X105.941 Y147.298 F1000.000
G1 X106.190 Y147.353
G1 X106.385 Y147.328
G1 X106.440 Y147.248
G1 X106.275 Y146.718
G1 X106.732 Y145.970
G1 X106.805 Y145.508
G1 X107.380 Y146.013
G1 X107.515 Y146.083
G1 X107.617 Y146.023
G1 X107.655 Y145.858
G1 X107.560 Y145.548
G1 X107.082 Y145.125
G1 X106.045 Y144.833
G1 X105.647 Y144.953
G1 X105.510 Y145.223
G1 X105.605 Y145.448
G1 X105.885 Y145.543
G1 X106.170 Y145.513
G1 X106.112 Y145.758
G1 X105.830 Y146.168
G1 X105.190 Y145.308
G1 X105.000 Y145.218
G1 X104.870 Y145.275
G1 X104.820 Y145.418
G1 X104.890 Y145.603
G1 X105.370 Y146.243
G1 X105.795 Y147.133
G0 Z5.000 F500.000
G0 X108.556 Y146.147 F3000.000
G1 Z1.000 F500.000
G4 P100
G1 X108.911 Y146.838 F1000.000
G1 X109.188 Y147.090
G1 X109.504 Y147.253
G1 X109.840 Y147.308
G1 X109.987 Y147.265
G1 X110.050 Y147.113
G1 X110.454 Y147.089
G1 X110.515 Y146.958
G1 X110.325 Y145.658
G1 X110.362 Y145.538
G1 X110.460 Y145.493
G1 X110.690 Y145.615
G1 X111.190 Y146.083
G1 X111.292 Y146.023
G1 X111.330 Y145.858
G1 X111.235 Y145.548
G1 X110.800 Y145.118
G1 X110.355 Y144.943
G1 X110.052 Y145.055
G1 X109.845 Y145.363
G1 X109.551 Y145.048
G1 X109.190 Y144.943
G1 X108.911 Y144.999
G1 X108.695 Y145.168
G1 X108.556 Y145.428
G1 X108.556 Y146.147
G0 Z5.000 F500.000
G0 X109.135 Y145.753 F3000.000
G1 Z1.000 F500.000
G4 P100
G1 X109.197 Y145.523 F1000.000
G1 X109.370 Y145.448
G1 X109.580 Y145.578
G1 X109.725 Y145.923
G1 X109.910 Y146.843
G1 X109.522 Y146.685
G1 X109.240 Y146.283
G1 X109.135 Y145.753
G0 Z5.000 F500.000
G0 X110.981 Y146.417 F3000.000
G1 Z1.000 F500.000
G4 P100
G1 X111.120 Y147.018 F1000.000
G1 X111.267 Y147.230
G1 X111.555 Y147.298
G1 X111.695 Y147.273
G1 X111.735 Y147.178
G1 X111.530 Y146.098
G1 X111.900 Y146.798
G1 X112.302 Y147.183
G1 X112.665 Y147.298
G1 X112.909 Y147.217
G1 X112.990 Y146.973
G1 X112.785 Y145.693
G1 X112.821 Y145.543
G1 X112.930 Y145.493
G1 X113.167 Y145.615
G1 X113.670 Y146.083
G1 X113.772 Y146.023
G1 X113.810 Y145.858
G1 X113.715 Y145.548
G1 X113.252 Y145.113
G1 X112.988 Y144.985
G1 X112.466 Y144.980
G1 X112.207 Y145.271
G1 X112.175 Y145.518
G1 X112.310 Y146.453
G1 X112.255 Y146.533
G1 X112.072 Y146.365
G1 X111.832 Y145.923
G1 X111.507 Y145.025
G1 X111.280 Y144.943
G1 X111.118 Y144.993
G1 X111.012 Y145.143
G1 X110.935 Y145.783
G1 X110.981 Y146.417
G0 Z5.000 F500.000
G0 X113.340 Y145.763 F3000.000
G1 Z1.000 F500.000
G4 P100
G1 X113.382 Y146.148 F1000.000
G1 X113.712 Y146.817
G1 X114.293 Y147.238
G1 X114.645 Y147.323
G1 X114.783 Y148.222
G1 X115.007 Y148.980
G1 X115.317 Y149.496
G1 X115.503 Y149.625
G1 X115.907 Y149.619
G1 X116.067 Y149.473
G1 X116.174 Y149.228
G1 X116.141 Y148.275
G1 X115.935 Y147.573
G1 X115.200 Y146.033
G1 X115.287 Y145.618
G1 X115.460 Y145.493
G1 X115.735 Y145.613
G1 X116.245 Y146.083
G1 X116.347 Y146.023
G1 X116.385 Y145.858
G1 X116.290 Y145.548
G1 X115.596 Y144.987
G1 X115.355 Y144.943
G1 X115.020 Y145.054
G1 X114.775 Y145.388
G1 X114.407 Y145.033
G1 X114.040 Y144.943
G1 X113.762 Y145.000
G1 X113.537 Y145.170
G1 X113.389 Y145.432
G1 X113.340 Y145.763
G0 Z5.000 F500.000
G0 X114.027 Y145.539 F3000.000
G1 Z1.000 F500.000
G4 P100
G1 X114.215 Y145.448 F1000.000
G1 X114.405 Y145.525
G1 X114.645 Y145.813
G1 X114.605 Y146.808
G1 X114.353 Y146.673
G1 X114.011 Y146.142
G1 X113.965 Y145.813
G1 X114.027 Y145.539
G0 Z5.000 F500.000
G0 X115.205 Y146.818 F3000.000
G1 Z1.000 F500.000
G4 P100
G1 X115.625 Y147.918 F1000.000
G1 X115.765 Y148.778
G1 X115.655 Y149.178
G1 X115.465 Y148.840
G1 X115.205 Y146.818
G0 Z5.000 F500.000
G0 X117.126 Y147.263 F3000.000
G1 Z1.000 F500.000
G4 P100
G1 X117.580 Y147.333 F1000.000
G1 X117.840 Y148.338
G1 X118.262 Y149.063
G1 X118.519 Y149.265
G1 X118.795 Y149.333
G1 X118.983 Y149.287
G1 X119.125 Y149.148
G1 X119.245 Y148.683
G1 X119.204 Y148.308
G1 X119.083 Y147.958
G1 X118.595 Y147.333
G1 X119.270 Y147.298
G1 X119.270 Y147.017
G1 X119.164 Y146.909
G1 X118.740 Y146.823
G1 X118.130 Y146.823
G1 X118.151 Y145.990
G1 X118.243 Y145.703
G1 X118.401 Y145.545
G1 X118.630 Y145.493
G1 X119.010 Y145.623
G1 X119.535 Y146.083
G1 X119.637 Y146.023
G1 X119.675 Y145.858
G1 X119.580 Y145.548
G1 X119.110 Y145.113
G1 X118.836 Y144.985
G1 X118.525 Y144.943
G1 X118.079 Y145.032
G1 X117.760 Y145.302
G1 X117.569 Y145.750
G1 X117.520 Y146.823
G1 X117.123 Y146.878
G1 X117.070 Y147.053
G1 X117.126 Y147.263
G0 Z5.000 F500.000
G0 X118.180 Y147.408 F3000.000
G1 Z1.000 F500.000
G4 P100
G1 X118.623 Y147.980 F1000.000
G1 X118.770 Y148.558
G1 X118.743 Y148.779
G1 X118.660 Y148.853
G1 X118.492 Y148.665
G1 X118.317 Y148.145
G1 X118.180 Y147.408
G0 Z5.000 F500.000
G0 X119.505 Y147.998 F3000.000
G1 Z1.000 F500.000
G4 P100
G1 X119.642 Y148.290 F1000.000
G1 X119.985 Y148.408
G1 X120.285 Y148.318
G1 X120.400 Y148.063
G1 X120.270 Y147.745
G1 X119.925 Y147.628
G1 X119.610 Y147.725
G1 X119.505 Y147.998
G0 Z5.000 F500.000
G0 X119.830 Y147.298 F3000.000
G1 Z1.000 F500.000
G4 P100
G1 X120.021 Y147.255 F1000.000
G1 X120.085 Y147.128
G1 X119.870 Y145.803
G1 X119.910 Y145.573
G1 X120.045 Y145.493
G1 X120.270 Y145.618
G1 X120.765 Y146.083
G1 X120.868 Y146.023
G1 X120.905 Y145.858
G1 X120.810 Y145.548
G1 X120.331 Y145.094
G1 X119.885 Y144.943
G1 X119.604 Y145.000
G1 X119.412 Y145.173
G1 X119.265 Y145.783
G1 X119.470 Y147.018
G1 X119.590 Y147.238
G1 X119.830 Y147.298
G0 Z5.000 F500.000
G0 X120.695 Y147.018 F3000.000
G1 Z1.000 F500.000
G4 P100
G1 X120.843 Y147.230 F1000.000
G1 X121.270 Y147.273
G1 X121.310 Y147.178
G1 X121.105 Y146.098
G1 X121.475 Y146.798
G1 X121.877 Y147.183
G1 X122.240 Y147.298
G1 X122.484 Y147.217
G1 X122.565 Y146.973
G1 X122.360 Y145.693
G1 X122.396 Y145.543
G1 X122.505 Y145.493
G1 X122.743 Y145.615
G1 X123.245 Y146.083
G1 X123.347 Y146.023
G1 X123.385 Y145.858
G1 X123.290 Y145.548
G1 X122.828 Y145.113
G1 X122.563 Y144.985
G1 X122.041 Y144.980
G1 X121.782 Y145.271
G1 X121.750 Y145.518
G1 X121.885 Y146.453
G1 X121.830 Y146.533
G1 X121.648 Y146.365
G1 X121.407 Y145.923
G1 X121.083 Y145.025
G1 X120.855 Y144.943
G1 X120.693 Y144.993
G1 X120.588 Y145.143
G1 X120.510 Y145.783
G1 X120.695 Y147.018
G0 Z5.000 F500.000
G0 X123.030 Y146.355 F3000.000
G1 Z1.000 F500.000
G4 P100
G1 X123.195 Y147.018 F1000.000
G1 X123.335 Y147.233
G1 X123.773 Y147.263
G1 X123.815 Y147.158
G1 X123.580 Y145.853
G1 X123.685 Y145.663
G1 X123.873 Y145.813
G1 X124.113 Y146.268
G1 X124.483 Y147.233
G1 X124.890 Y147.268
G1 X124.935 Y147.168
G1 X124.675 Y145.503
G1 X125.425 Y146.033
G1 X125.540 Y146.073
G1 X125.643 Y146.010
G1 X125.680 Y145.853
G1 X125.535 Y145.558
G1 X124.575 Y144.913
G1 X124.356 Y143.988
G1 X124.078 Y143.285
G1 X123.728 Y142.841
G1 X123.295 Y142.693
G1 X123.064 Y142.732
G1 X122.760 Y143.032
G1 X122.720 Y143.263
G1 X122.828 Y143.743
G1 X123.228 Y144.305
G1 X124.055 Y145.033
G1 X124.150 Y145.678
G1 X123.870 Y145.130
G1 X123.490 Y144.943
G1 X123.286 Y144.995
G1 X123.016 Y145.383
G1 X123.030 Y146.355
G0 Z5.000 F500.000
G0 X123.940 Y144.433 F3000.000
G1 Z1.000 F500.000
G4 P100
G1 X123.383 Y143.840 F1000.000
G1 X123.210 Y143.373
G1 X123.243 Y143.233
G1 X123.350 Y143.178
G1 X123.483 Y143.250
G1 X123.630 Y143.468
G1 X123.940 Y144.433
G0 Z5.000 F500.000
G0 X126.788 Y145.143 F3000.000
G1 Z1.000 F500.000
G4 P100
G1 X126.710 Y145.783 F1000.000
G1 X126.895 Y147.018
G1 X127.043 Y147.230
G1 X127.330 Y147.298
G1 X127.470 Y147.273
G1 X127.510 Y147.178
G1 X127.305 Y146.103
G1 X127.628 Y146.763
G1 X128.013 Y147.165
G1 X128.385 Y147.298
G1 X128.632 Y147.218
G1 X128.705 Y146.973
G1 X128.555 Y146.123
G1 X128.819 Y146.654
G1 X129.110 Y147.018
G1 X129.405 Y147.228
G1 X129.680 Y147.298
G1 X129.924 Y147.217
G1 X130.005 Y146.973
G1 X129.800 Y145.693
G1 X129.836 Y145.543
G1 X129.945 Y145.493
G1 X130.183 Y145.615
G1 X130.685 Y146.083
G1 X130.788 Y146.023
G1 X130.825 Y145.858
G1 X130.730 Y145.548
G1 X130.268 Y145.113
G1 X130.003 Y144.985
G1 X129.481 Y144.980
G1 X129.223 Y145.271
G1 X129.190 Y145.518
G1 X129.325 Y146.453
G1 X129.270 Y146.533
G1 X129.085 Y146.365
G1 X128.845 Y145.923
G1 X128.523 Y145.023
G1 X128.290 Y144.943
G1 X128.043 Y145.100
G1 X127.960 Y145.483
G1 X128.050 Y146.453
G1 X127.995 Y146.533
G1 X127.805 Y146.353
G1 X127.583 Y145.893
G1 X127.282 Y145.025
G1 X127.055 Y144.943
G1 X126.893 Y144.993
G1 X126.788 Y145.143
G0 Z5.000 F500.000
G0 X130.401 Y145.428 F3000.000
G1 Z1.000 F500.000
G4 P100
G1 X130.401 Y146.147 F1000.000
G1 X130.756 Y146.838
G1 X131.349 Y147.253
G1 X131.685 Y147.308
G1 X131.833 Y147.265
G1 X131.895 Y147.113
G1 X132.299 Y147.089
G1 X132.360 Y146.958
G1 X132.170 Y145.658
G1 X132.208 Y145.538
G1 X132.305 Y145.493
G1 X132.535 Y145.615
G1 X133.035 Y146.083
G1 X133.138 Y146.023
G1 X133.175 Y145.858
G1 X133.080 Y145.548
G1 X132.645 Y145.118
G1 X132.200 Y144.943
G1 X131.898 Y145.055
G1 X131.690 Y145.363
G1 X131.396 Y145.048
G1 X131.035 Y144.943
G1 X130.756 Y144.999
G1 X130.540 Y145.168
G1 X130.401 Y145.428
G0 Z5.000 F500.000
G0 X131.043 Y145.523 F3000.000
G1 Z1.000 F500.000
G4 P100
G1 X131.215 Y145.448 F1000.000
G1 X131.425 Y145.578
G1 X131.570 Y145.923
G1 X131.755 Y146.843
G1 X131.368 Y146.685
G1 X131.085 Y146.283
G1 X130.980 Y145.753
G1 X131.043 Y145.523
G0 Z5.000 F500.000
G0 X132.780 Y145.783 F3000.000
G1 Z1.000 F500.000
G4 P100
G1 X132.965 Y147.018 F1000.000
G1 X133.113 Y147.230
G1 X133.400 Y147.298
G1 X133.540 Y147.273
G1 X133.580 Y147.178
G1 X133.375 Y146.098
G1 X133.745 Y146.798
G1 X134.148 Y147.183
G1 X134.510 Y147.298
G1 X134.754 Y147.217
G1 X134.835 Y146.973
G1 X134.781 Y146.277
G1 X134.875 Y146.233
G1 X135.370 Y146.518
G1 X135.472 Y146.460
G1 X135.510 Y146.308
G1 X135.410 Y146.018
G1 X135.082 Y145.770
G1 X134.685 Y145.668
G1 X134.452 Y145.702
G1 X134.179 Y145.962
G1 X134.115 Y146.533
G1 X133.918 Y146.365
G1 X133.675 Y145.923
G1 X133.352 Y145.025
G1 X133.125 Y144.943
G1 X132.963 Y144.993
G1 X132.858 Y145.143
G1 X132.780 Y145.783
G0 Z5.000 F500.000
G0 X135.105 Y145.403 F3000.000
G1 Z1.000 F500.000
G4 P100
G1 X135.080 Y146.093 F1000.000
G1 X135.238 Y147.698
G1 X135.433 Y148.466
G1 X135.703 Y149.100
G1 X136.041 Y149.526
G1 X136.440 Y149.668
G1 X136.648 Y149.618
G1 X136.919 Y149.243
G1 X136.881 Y148.443
G1 X136.660 Y147.910
G1 X135.700 Y146.643
G1 X135.685 Y146.108
G1 X135.942 Y146.647
G1 X136.235 Y147.015
G1 X136.535 Y147.227
G1 X136.815 Y147.298
G1 X137.041 Y147.255
G1 X137.332 Y146.938
G1 X137.370 Y146.708
G1 X137.230 Y146.203
G1 X136.750 Y145.793
G1 X136.873 Y145.575
G1 X137.120 Y145.493
G1 X137.420 Y145.613
G1 X137.935 Y146.083
G1 X138.038 Y146.023
G1 X138.075 Y145.858
G1 X137.980 Y145.548
G1 X137.525 Y145.108
G1 X137.274 Y144.984
G1 X136.633 Y144.998
G1 X136.360 Y145.163
G1 X136.184 Y145.419
G1 X136.125 Y145.748
G1 X136.175 Y145.915
G1 X136.640 Y146.230
G1 X136.735 Y146.493
G1 X136.605 Y146.673
G1 X136.308 Y146.478
G1 X136.005 Y145.975
G1 X135.657 Y145.025
G1 X135.430 Y144.943
G1 X135.203 Y145.055
G1 X135.105 Y145.403
G0 Z5.000 F500.000
G0 X135.755 Y147.268 F3000.000
G1 Z1.000 F500.000
G4 P100
G1 X136.268 Y148.063 F1000.000
G1 X136.419 Y148.473
G1 X136.470 Y148.843
G1 X136.435 Y149.088
G1 X136.335 Y149.173
G1 X136.135 Y148.915
G1 X135.923 Y148.220
G1 X135.755 Y147.268
G0 Z5.000 F500.000
G0 X138.350 Y147.133 F3000.000
G1 Z1.000 F500.000
G4 P100
G1 X138.496 Y147.298 F1000.000
G1 X138.745 Y147.353
G1 X138.940 Y147.328
G1 X138.995 Y147.248
G1 X138.830 Y146.718
G1 X139.288 Y145.970
G1 X139.360 Y145.508
G1 X139.935 Y146.013
G1 X140.070 Y146.083
G1 X140.173 Y146.023
G1 X140.210 Y145.858
G1 X140.115 Y145.548
G1 X139.637 Y145.125
G1 X138.600 Y144.833
G1 X138.202 Y144.953
G1 X138.065 Y145.223
G1 X138.160 Y145.448
G1 X138.440 Y145.543
G1 X138.725 Y145.513
G1 X138.668 Y145.758
G1 X138.385 Y146.168
G1 X137.745 Y145.308
G1 X137.555 Y145.218
G1 X137.425 Y145.275
G1 X137.375 Y145.418
G1 X137.445 Y145.603
G1 X137.925 Y146.243
G1 X138.350 Y147.133
G0 Z5.000 F500.000
G0 X139.832 Y145.738 F3000.000
G1 Z1.000 F500.000
G4 P100
G1 X140.190 Y145.873 F1000.000
G1 X140.522 Y145.765
G1 X140.635 Y145.448
G1 X140.505 Y145.080
G1 X140.150 Y144.943
G1 X139.817 Y145.063
G1 X139.705 Y145.378
G1 X139.832 Y145.738
G0 Z5.000 F500.000
G0 X22.366 Y85.038 F3000.000
G1 Z1.000 F500.000
G4 P100
G1 X22.430 Y84.718 F1000.000
G1 X22.384 Y84.486
G1 X22.247 Y84.270
G1 X21.775 Y83.958
G1 X22.203 Y83.748
G1 X22.332 Y83.550
G1 X22.336 Y83.071
G1 X22.220 Y82.873
G1 X21.802 Y82.600
G1 X21.230 Y82.508
G1 X20.753 Y82.555
G1 X20.413 Y82.698
G1 X20.208 Y82.911
G1 X20.140 Y83.173
G1 X20.220 Y83.430
G1 X20.435 Y83.523
G1 X20.608 Y83.465
G1 X20.850 Y83.063
G1 X21.190 Y82.993
G1 X21.553 Y83.075
G1 X21.659 Y83.179
G1 X21.661 Y83.479
G1 X21.560 Y83.585
G1 X20.983 Y83.750
G1 X20.930 Y83.913
G1 X20.973 Y84.085
G1 X21.598 Y84.350
G1 X21.745 Y84.693
G1 X21.650 Y84.899
G1 X21.365 Y84.968
G1 X21.031 Y84.885
G1 X20.767 Y84.445
G1 X20.580 Y84.388
G1 X20.373 Y84.465
G1 X20.300 Y84.673
G1 X20.440 Y85.053
G1 X20.837 Y85.343
G1 X21.440 Y85.453
G1 X21.864 Y85.406
G1 X22.175 Y85.268
G1 X22.366 Y85.038
G0 Z5.000 F500.000
G0 X22.961 Y84.664 F3000.000
G1 Z1.000 F500.000
G4 P100
G1 X23.205 Y85.340 F1000.000
G1 X23.608 Y85.924
G1 X24.165 Y86.380
G1 X24.864 Y86.674
G1 X25.690 Y86.773
G1 X26.660 Y86.633
G1 X26.800 Y86.433
G1 X26.703 Y86.188
G1 X26.475 Y86.073
G1 X25.580 Y86.193
G1 X24.992 Y86.116
G1 X24.500 Y85.885
G1 X24.111 Y85.528
G1 X23.835 Y85.073
G1 X23.670 Y84.548
G1 X23.657 Y83.606
G1 X23.782 Y83.325
G1 X23.976 Y83.151
G1 X24.220 Y83.093
G1 X24.506 Y83.155
G1 X24.755 Y83.343
G1 X25.175 Y84.153
G1 X25.550 Y85.673
G1 X25.670 Y85.863
G1 X25.910 Y85.913
G1 X26.176 Y85.855
G1 X26.265 Y85.683
G1 X25.905 Y83.618
G1 X25.985 Y83.225
G1 X26.230 Y83.103
G1 X26.535 Y83.210
G1 X27.035 Y83.648
G1 X27.138 Y83.588
G1 X27.175 Y83.423
G1 X27.080 Y83.113
G1 X26.600 Y82.663
G1 X26.025 Y82.508
G1 X25.709 Y82.558
G1 X25.460 Y82.710
G1 X25.285 Y82.954
G1 X25.190 Y83.283
G1 X24.733 Y82.701
G1 X24.438 Y82.556
G1 X23.772 Y82.550
G1 X23.229 Y82.886
G1 X23.040 Y83.170
G1 X22.880 Y83.933
G1 X22.961 Y84.664
G0 Z5.000 F500.000
G0 X26.670 Y82.943 F3000.000
G1 Z1.000 F500.000
G4 P100
G1 X26.797 Y83.303 F1000.000
G1 X27.155 Y83.438
G1 X27.488 Y83.330
G1 X27.600 Y83.013
G1 X27.470 Y82.645
G1 X27.115 Y82.508
G1 X26.782 Y82.628
G1 X26.670 Y82.943
G0 Z5.000 F500.000
G0 X28.045 Y82.783 F3000.000
G1 Z1.000 F500.000
G4 P100
G1 X28.120 Y83.030 F1000.000
G1 X28.998 Y83.570
G1 X29.483 Y84.073
G1 X29.665 Y84.588
G1 X29.578 Y84.875
G1 X29.300 Y84.968
G1 X28.948 Y84.848
G1 X28.741 Y84.291
G1 X28.520 Y84.218
G1 X28.303 Y84.298
G1 X28.225 Y84.528
G1 X28.355 Y84.988
G1 X28.745 Y85.325
G1 X29.380 Y85.453
G1 X29.781 Y85.396
G1 X30.085 Y85.228
G1 X30.276 Y84.959
G1 X30.340 Y84.603
G1 X30.257 Y84.214
G1 X30.008 Y83.808
G1 X29.602 Y83.416
G1 X29.050 Y83.073
G1 X30.195 Y83.093
G1 X30.355 Y83.023
G1 X30.410 Y82.848
G1 X30.328 Y82.615
G1 X30.105 Y82.513
G1 X28.640 Y82.583
G1 X28.230 Y82.493
G1 X28.098 Y82.565
G1 X28.045 Y82.783
G0 Z5.000 F500.000
G0 X32.355 Y83.255 F3000.000
G1 Z1.000 F500.000
G4 P100
G1 X32.215 Y84.058 F1000.000
G1 X32.288 Y84.840
G1 X32.508 Y85.508
G1 X32.859 Y86.046
G1 X33.328 Y86.440
G1 X33.896 Y86.682
G1 X34.545 Y86.763
G1 X34.986 Y86.726
G1 X35.633 Y86.445
G1 X35.833 Y86.218
G1 X35.990 Y85.643
G1 X35.858 Y85.095
G1 X35.460 Y84.623
G1 X34.815 Y84.318
G1 X35.185 Y84.108
G1 X35.722 Y83.243
G1 X36.040 Y83.103
G1 X36.345 Y83.210
G1 X36.845 Y83.648
G1 X36.947 Y83.588
G1 X36.985 Y83.423
G1 X36.890 Y83.113
G1 X36.405 Y82.665
G1 X35.825 Y82.508
G1 X35.273 Y82.683
G1 X35.051 Y82.920
G1 X34.580 Y83.785
G1 X34.392 Y84.018
G1 X34.165 Y84.103
G1 X34.000 Y83.138
G1 X33.800 Y82.670
G1 X33.611 Y82.548
G1 X33.029 Y82.557
G1 X32.752 Y82.705
G1 X32.355 Y83.255
G0 Z5.000 F500.000
G0 X32.985 Y83.198 F3000.000
G1 Z1.000 F500.000
G4 P100
G1 X33.165 Y83.083 F1000.000
G1 X33.273 Y83.148
G1 X33.475 Y84.108
G1 X33.242 Y84.188
G1 X33.180 Y84.368
G1 X33.258 Y84.558
G1 X33.560 Y84.628
G1 X33.710 Y85.473
G1 X33.847 Y85.716
G1 X34.130 Y85.798
G1 X34.344 Y85.734
G1 X34.410 Y85.458
G1 X34.260 Y84.628
G1 X34.752 Y84.758
G1 X35.108 Y85.078
G1 X35.240 Y85.543
G1 X35.186 Y85.824
G1 X35.025 Y86.038
G1 X34.760 Y86.173
G1 X34.395 Y86.218
G1 X33.936 Y86.157
G1 X33.538 Y85.975
G1 X33.211 Y85.674
G1 X32.965 Y85.255
G1 X32.811 Y84.726
G1 X32.760 Y84.093
G1 X32.825 Y83.543
G1 X32.985 Y83.198
G0 Z5.000 F500.000
G0 X36.505 Y83.558 F3000.000
G1 Z1.000 F500.000
G4 P100
G1 X36.650 Y84.235 F1000.000
G1 X36.823 Y84.500
G1 X37.319 Y84.826
G1 X37.615 Y84.868
G1 X37.958 Y84.802
G1 X38.228 Y84.605
G1 X38.412 Y84.312
G1 X38.500 Y83.958
G1 X39.130 Y84.068
G1 X39.230 Y84.003
G1 X39.265 Y83.838
G1 X39.229 Y83.646
G1 X39.120 Y83.553
G1 X38.460 Y83.433
G1 X38.319 Y83.054
G1 X38.085 Y82.760
G1 X37.786 Y82.571
G1 X37.450 Y82.508
G1 X36.938 Y82.653
G1 X36.615 Y83.038
G1 X36.505 Y83.558
G0 Z5.000 F500.000
G0 X37.238 Y83.183 F3000.000
G1 Z1.000 F500.000
G4 P100
G1 X37.490 Y83.038 F1000.000
G1 X37.768 Y83.168
G1 X37.925 Y83.543
G1 X37.688 Y83.818
G1 X37.620 Y84.338
G1 X37.418 Y84.289
G1 X37.263 Y84.145
G1 X37.163 Y83.913
G1 X37.130 Y83.603
G1 X37.238 Y83.183
G0 Z5.000 F500.000
G0 X38.653 Y84.443 F3000.000
G1 Z1.000 F500.000
G4 P100
G1 X38.600 Y84.618 F1000.000
G1 X38.656 Y84.828
G1 X39.110 Y84.898
G1 X39.370 Y85.903
G1 X39.793 Y86.628
G1 X40.049 Y86.830
G1 X40.325 Y86.898
G1 X40.513 Y86.851
G1 X40.655 Y86.713
G1 X40.775 Y86.248
G1 X40.734 Y85.873
G1 X40.613 Y85.523
G1 X40.125 Y84.898
G1 X40.800 Y84.863
G1 X40.800 Y84.582
G1 X40.694 Y84.474
G1 X40.270 Y84.388
G1 X39.660 Y84.388
G1 X39.681 Y83.555
G1 X39.773 Y83.268
G1 X39.931 Y83.110
G1 X40.160 Y83.058
G1 X40.540 Y83.188
G1 X41.065 Y83.648
G1 X41.168 Y83.588
G1 X41.205 Y83.423
G1 X41.110 Y83.113
G1 X40.640 Y82.678
G1 X40.366 Y82.550
G1 X40.055 Y82.508
G1 X39.609 Y82.597
G1 X39.290 Y82.866
G1 X39.099 Y83.315
G1 X39.050 Y84.388
G1 X38.653 Y84.443
G0 Z5.000 F500.000
G0 X39.710 Y84.973 F3000.000
G1 Z1.000 F500.000
G4 P100
G1 X40.153 Y85.545 F1000.000
G1 X40.300 Y86.123
G1 X40.273 Y86.344
G1 X40.190 Y86.418
G1 X40.023 Y86.230
G1 X39.848 Y85.710
G1 X39.710 Y84.973
G0 Z5.000 F500.000
G0 X41.136 Y84.403 F3000.000
G1 Z1.000 F500.000
G4 P100
G1 X41.729 Y84.818 F1000.000
G1 X42.065 Y84.873
G1 X42.213 Y84.830
G1 X42.275 Y84.678
G1 X42.679 Y84.654
G1 X42.740 Y84.523
G1 X42.550 Y83.223
G1 X42.588 Y83.103
G1 X42.685 Y83.058
G1 X42.915 Y83.180
G1 X43.415 Y83.648
G1 X43.517 Y83.588
G1 X43.555 Y83.423
G1 X43.460 Y83.113
G1 X43.025 Y82.683
G1 X42.580 Y82.508
G1 X42.278 Y82.620
G1 X42.070 Y82.928
G1 X41.776 Y82.613
G1 X41.415 Y82.508
G1 X41.136 Y82.564
G1 X40.920 Y82.733
G1 X40.781 Y82.993
G1 X40.735 Y83.323
G1 X40.781 Y83.712
G1 X41.136 Y84.403
G0 Z5.000 F500.000
G0 X41.465 Y83.848 F3000.000
G1 Z1.000 F500.000
G4 P100
G1 X41.360 Y83.318 F1000.000
G1 X41.422 Y83.088
G1 X41.595 Y83.013
G1 X41.805 Y83.143
G1 X41.950 Y83.488
G1 X42.135 Y84.408
G1 X41.748 Y84.250
G1 X41.465 Y83.848
G0 Z5.000 F500.000
G0 X42.915 Y84.618 F3000.000
G1 Z1.000 F500.000
G4 P100
G1 X42.971 Y84.828 F1000.000
G1 X43.425 Y84.898
G1 X43.685 Y85.903
G1 X44.108 Y86.628
G1 X44.364 Y86.830
G1 X44.640 Y86.898
G1 X44.828 Y86.851
G1 X44.970 Y86.713
G1 X45.090 Y86.248
G1 X45.049 Y85.873
G1 X44.928 Y85.523
G1 X44.440 Y84.898
G1 X45.115 Y84.863
G1 X45.115 Y84.582
G1 X45.009 Y84.474
G1 X44.585 Y84.388
G1 X43.975 Y84.388
G1 X43.996 Y83.555
G1 X44.088 Y83.268
G1 X44.246 Y83.110
G1 X44.475 Y83.058
G1 X44.855 Y83.188
G1 X45.380 Y83.648
G1 X45.483 Y83.588
G1 X45.520 Y83.423
G1 X45.425 Y83.113
G1 X44.955 Y82.678
G1 X44.681 Y82.550
G1 X44.370 Y82.508
G1 X43.924 Y82.597
G1 X43.605 Y82.866
G1 X43.414 Y83.315
G1 X43.365 Y84.388
G1 X42.968 Y84.443
G1 X42.915 Y84.618
G0 Z5.000 F500.000
G0 X44.025 Y84.973 F3000.000
G1 Z1.000 F500.000
G4 P100
G1 X44.468 Y85.545 F1000.000
G1 X44.615 Y86.123
G1 X44.588 Y86.344
G1 X44.505 Y86.418
G1 X44.338 Y86.230
G1 X44.163 Y85.710
G1 X44.025 Y84.973
G0 Z5.000 F500.000
G0 X45.358 Y84.482 F3000.000
G1 Z1.000 F500.000
G4 P100
G1 X45.862 Y84.819 F1000.000
G1 X46.431 Y84.819
G1 X46.635 Y84.690
G1 X46.766 Y84.487
G1 X46.810 Y84.223
G1 X46.748 Y83.902
G1 X46.563 Y83.630
G1 X46.229 Y83.408
G1 X45.725 Y83.238
G1 X45.906 Y83.065
G1 X46.200 Y83.008
G1 X46.713 Y83.165
G1 X47.345 Y83.648
G1 X47.448 Y83.588
G1 X47.485 Y83.423
G1 X47.390 Y83.113
G1 X46.868 Y82.698
G1 X46.518 Y82.555
G1 X46.145 Y82.508
G1 X45.679 Y82.579
G1 X45.330 Y82.793
G1 X45.113 Y83.130
G1 X45.040 Y83.573
G1 X45.185 Y84.215
G1 X45.358 Y84.482
G0 Z5.000 F500.000
G0 X45.773 Y84.158 F3000.000
G1 Z1.000 F500.000
G4 P100
G1 X45.645 Y83.638 F1000.000
G1 X46.110 Y83.838
G1 X46.280 Y84.163
G1 X46.228 Y84.315
G1 X46.085 Y84.373
G1 X45.914 Y84.319
G1 X45.773 Y84.158
G0 Z5.000 F500.000
G0 X47.058 Y83.713 F3000.000
G1 Z1.000 F500.000
G4 P100
G1 X47.387 Y84.381 F1000.000
G1 X47.653 Y84.630
G1 X48.320 Y84.888
G1 X48.458 Y85.787
G1 X48.683 Y86.545
G1 X48.992 Y87.061
G1 X49.178 Y87.190
G1 X49.582 Y87.184
G1 X49.743 Y87.038
G1 X49.849 Y86.793
G1 X49.816 Y85.840
G1 X49.610 Y85.138
G1 X48.875 Y83.598
G1 X48.963 Y83.183
G1 X49.135 Y83.058
G1 X49.410 Y83.178
G1 X49.920 Y83.648
G1 X50.023 Y83.588
G1 X50.060 Y83.423
G1 X49.965 Y83.113
G1 X49.271 Y82.552
G1 X49.030 Y82.508
G1 X48.695 Y82.619
G1 X48.450 Y82.953
G1 X48.083 Y82.598
G1 X47.715 Y82.508
G1 X47.437 Y82.564
G1 X47.213 Y82.735
G1 X47.064 Y82.997
G1 X47.058 Y83.713
G0 Z5.000 F500.000
G0 X47.640 Y83.378 F3000.000
G1 Z1.000 F500.000
G4 P100
G1 X47.703 Y83.104 F1000.000
G1 X47.890 Y83.013
G1 X48.080 Y83.090
G1 X48.320 Y83.378
G1 X48.280 Y84.373
G1 X48.028 Y84.238
G1 X47.823 Y84.005
G1 X47.640 Y83.378
G0 Z5.000 F500.000
G0 X48.880 Y84.383 F3000.000
G1 Z1.000 F500.000
G4 P100
G1 X49.300 Y85.483 F1000.000
G1 X49.440 Y86.343
G1 X49.330 Y86.743
G1 X49.140 Y86.405
G1 X48.880 Y84.383
G0 Z5.000 F500.000
G0 X51.215 Y85.563 F3000.000
G1 Z1.000 F500.000
G4 P100
G1 X51.353 Y85.855 F1000.000
G1 X51.695 Y85.973
G1 X51.995 Y85.883
G1 X52.110 Y85.628
G1 X51.980 Y85.310
G1 X51.635 Y85.193
G1 X51.320 Y85.290
G1 X51.215 Y85.563
G0 Z5.000 F500.000
G0 X51.540 Y84.863 F3000.000
G1 Z1.000 F500.000
G4 P100
G1 X51.731 Y84.820 F1000.000
G1 X51.795 Y84.693
G1 X51.580 Y83.368
G1 X51.620 Y83.138
G1 X51.755 Y83.058
G1 X51.980 Y83.183
G1 X52.475 Y83.648
G1 X52.578 Y83.588
G1 X52.615 Y83.423
G1 X52.520 Y83.113
G1 X52.041 Y82.659
G1 X51.595 Y82.508
G1 X51.314 Y82.565
G1 X51.123 Y82.738
G1 X50.975 Y83.348
G1 X51.180 Y84.583
G1 X51.300 Y84.803
G1 X51.540 Y84.863
G0 Z5.000 F500.000
G0 X52.405 Y84.583 F3000.000
G1 Z1.000 F500.000
G4 P100
G1 X52.553 Y84.795 F1000.000
G1 X52.980 Y84.838
G1 X53.020 Y84.743
G1 X52.815 Y83.663
G1 X53.185 Y84.363
G1 X53.588 Y84.748
G1 X53.950 Y84.863
G1 X54.194 Y84.781
G1 X54.275 Y84.538
G1 X54.070 Y83.258
G1 X54.106 Y83.108
G1 X54.215 Y83.058
G1 X54.453 Y83.180
G1 X54.955 Y83.648
G1 X55.058 Y83.588
G1 X55.095 Y83.423
G1 X55.000 Y83.113
G1 X54.538 Y82.678
G1 X54.273 Y82.550
G1 X53.751 Y82.544
G1 X53.493 Y82.836
G1 X53.460 Y83.083
G1 X53.595 Y84.018
G1 X53.540 Y84.098
G1 X53.358 Y83.930
G1 X53.118 Y83.488
G1 X52.793 Y82.590
G1 X52.565 Y82.508
G1 X52.403 Y82.558
G1 X52.298 Y82.708
G1 X52.220 Y83.348
G1 X52.405 Y84.583
G0 Z5.000 F500.000
G0 X54.725 Y83.943 F3000.000
G1 Z1.000 F500.000
G4 P100
G1 X54.883 Y85.333 F1000.000
G1 X55.078 Y86.058
G1 X55.348 Y86.673
G1 X55.684 Y87.093
G1 X56.080 Y87.233
G1 X56.294 Y87.177
G1 X56.458 Y87.010
G1 X56.561 Y86.739
G1 X56.595 Y86.373
G1 X56.513 Y85.730
G1 X56.265 Y84.993
G1 X55.876 Y84.211
G1 X55.370 Y83.438
G1 X55.485 Y83.145
G1 X55.695 Y83.058
G1 X56.055 Y83.175
G1 X56.585 Y83.648
G1 X56.688 Y83.588
G1 X56.725 Y83.423
G1 X56.630 Y83.113
G1 X56.163 Y82.678
G1 X55.893 Y82.550
G1 X55.590 Y82.508
G1 X55.207 Y82.608
G1 X54.938 Y82.908
G1 X54.778 Y83.366
G1 X54.725 Y83.943
G0 Z5.000 F500.000
G0 X55.335 Y84.113 F3000.000
G1 Z1.000 F500.000
G4 P100
G1 X55.900 Y85.285 F1000.000
G1 X56.058 Y85.847
G1 X56.110 Y86.358
G1 X56.075 Y86.643
G1 X55.970 Y86.738
G1 X55.710 Y86.323
G1 X55.455 Y85.293
G1 X55.335 Y84.113
G0 Z5.000 F500.000
G0 X56.555 Y85.563 F3000.000
G1 Z1.000 F500.000
G4 P100
G1 X56.693 Y85.855 F1000.000
G1 X57.035 Y85.973
G1 X57.335 Y85.883
G1 X57.450 Y85.628
G1 X57.320 Y85.310
G1 X56.975 Y85.193
G1 X56.660 Y85.290
G1 X56.555 Y85.563
G0 Z5.000 F500.000
G0 X56.880 Y84.863 F3000.000
G1 Z1.000 F500.000
G4 P100
G1 X57.071 Y84.820 F1000.000
G1 X57.135 Y84.693
G1 X56.920 Y83.368
G1 X56.960 Y83.138
G1 X57.095 Y83.058
G1 X57.320 Y83.183
G1 X57.815 Y83.648
G1 X57.918 Y83.588
G1 X57.955 Y83.423
G1 X57.860 Y83.113
G1 X57.381 Y82.659
G1 X56.935 Y82.508
G1 X56.654 Y82.565
G1 X56.463 Y82.738
G1 X56.315 Y83.348
G1 X56.520 Y84.583
G1 X56.640 Y84.803
G1 X56.880 Y84.863
G0 Z5.000 F500.000
G0 X57.745 Y84.583 F3000.000
G1 Z1.000 F500.000
G4 P100
G1 X57.893 Y84.795 F1000.000
G1 X58.320 Y84.838
G1 X58.360 Y84.743
G1 X58.155 Y83.663
G1 X58.525 Y84.363
G1 X58.928 Y84.748
G1 X59.290 Y84.863
G1 X59.534 Y84.781
G1 X59.615 Y84.538
G1 X59.410 Y83.258
G1 X59.446 Y83.108
G1 X59.555 Y83.058
G1 X59.793 Y83.180
G1 X60.295 Y83.648
G1 X60.398 Y83.588
G1 X60.435 Y83.423
G1 X60.340 Y83.113
G1 X59.878 Y82.678
G1 X59.613 Y82.550
G1 X59.091 Y82.544
G1 X58.833 Y82.836
G1 X58.800 Y83.083
G1 X58.935 Y84.018
G1 X58.880 Y84.098
G1 X58.698 Y83.930
G1 X58.458 Y83.488
G1 X58.133 Y82.590
G1 X57.905 Y82.508
G1 X57.743 Y82.558
G1 X57.638 Y82.708
G1 X57.560 Y83.348
G1 X57.745 Y84.583
G0 Z5.000 F500.000
G0 X59.955 Y83.573 F3000.000
G1 Z1.000 F500.000
G4 P100
G1 X60.100 Y84.215 F1000.000
G1 X60.273 Y84.482
G1 X60.777 Y84.819
G1 X61.085 Y84.863
G1 X61.346 Y84.819
G1 X61.550 Y84.690
G1 X61.681 Y84.487
G1 X61.725 Y84.223
G1 X61.663 Y83.902
G1 X61.478 Y83.630
G1 X61.144 Y83.408
G1 X60.640 Y83.238
G1 X60.821 Y83.065
G1 X61.115 Y83.008
G1 X61.628 Y83.165
G1 X62.260 Y83.648
G1 X62.363 Y83.588
G1 X62.400 Y83.423
G1 X62.305 Y83.113
G1 X61.783 Y82.698
G1 X61.060 Y82.508
G1 X60.594 Y82.579
G1 X60.245 Y82.793
G1 X60.028 Y83.130
G1 X59.955 Y83.573
G0 Z5.000 F500.000
G0 X60.560 Y83.638 F3000.000
G1 Z1.000 F500.000
G4 P100
G1 X61.025 Y83.838 F1000.000
G1 X61.153 Y83.989
G1 X61.143 Y84.315
G1 X61.000 Y84.373
G1 X60.829 Y84.319
G1 X60.688 Y84.158
G1 X60.560 Y83.638
G0 Z5.000 F500.000
G0 X63.376 Y83.981 F3000.000
G1 Z1.000 F500.000
G4 P100
G1 X63.515 Y84.583 F1000.000
G1 X63.663 Y84.795
G1 X63.950 Y84.863
G1 X64.090 Y84.838
G1 X64.130 Y84.743
G1 X63.925 Y83.663
G1 X64.295 Y84.363
G1 X64.698 Y84.748
G1 X65.060 Y84.863
G1 X65.304 Y84.781
G1 X65.385 Y84.538
G1 X65.331 Y83.841
G1 X65.425 Y83.798
G1 X65.920 Y84.083
G1 X66.023 Y84.025
G1 X66.060 Y83.873
G1 X65.960 Y83.583
G1 X65.633 Y83.335
G1 X65.235 Y83.233
G1 X65.002 Y83.266
G1 X64.729 Y83.526
G1 X64.665 Y84.098
G1 X64.468 Y83.930
G1 X64.225 Y83.488
G1 X63.903 Y82.590
G1 X63.675 Y82.508
G1 X63.513 Y82.558
G1 X63.408 Y82.708
G1 X63.330 Y83.348
G1 X63.376 Y83.981
G0 Z5.000 F500.000
G0 X65.530 Y83.323 F3000.000
G1 Z1.000 F500.000
G4 P100
G1 X65.576 Y83.712 F1000.000
G1 X65.931 Y84.403
G1 X66.524 Y84.818
G1 X66.860 Y84.873
G1 X67.008 Y84.830
G1 X67.070 Y84.678
G1 X67.474 Y84.654
G1 X67.535 Y84.523
G1 X67.345 Y83.223
G1 X67.383 Y83.103
G1 X67.480 Y83.058
G1 X67.710 Y83.180
G1 X68.210 Y83.648
G1 X68.313 Y83.588
G1 X68.350 Y83.423
G1 X68.255 Y83.113
G1 X67.820 Y82.683
G1 X67.375 Y82.508
G1 X67.073 Y82.620
G1 X66.865 Y82.928
G1 X66.571 Y82.613
G1 X66.210 Y82.508
G1 X65.931 Y82.564
G1 X65.715 Y82.733
G1 X65.576 Y82.993
G1 X65.530 Y83.323
G0 Z5.000 F500.000
G0 X66.218 Y83.088 F3000.000
G1 Z1.000 F500.000
G4 P100
G1 X66.390 Y83.013 F1000.000
G1 X66.600 Y83.143
G1 X66.745 Y83.488
G1 X66.930 Y84.408
G1 X66.543 Y84.250
G1 X66.260 Y83.848
G1 X66.155 Y83.318
G1 X66.218 Y83.088
G0 Z5.000 F500.000
G0 X67.650 Y82.983 F3000.000
G1 Z1.000 F500.000
G4 P100
G1 X68.200 Y83.808 F1000.000
G1 X68.625 Y84.698
G1 X68.771 Y84.863
G1 X69.020 Y84.918
G1 X69.215 Y84.893
G1 X69.270 Y84.813
G1 X69.105 Y84.283
G1 X69.563 Y83.535
G1 X69.635 Y83.073
G1 X70.345 Y83.648
G1 X70.448 Y83.588
G1 X70.485 Y83.423
G1 X70.390 Y83.113
G1 X69.913 Y82.690
G1 X68.875 Y82.398
G1 X68.478 Y82.518
G1 X68.340 Y82.788
G1 X68.435 Y83.013
G1 X68.715 Y83.108
G1 X69.000 Y83.078
G1 X68.943 Y83.323
G1 X68.660 Y83.733
G1 X68.020 Y82.873
G1 X67.830 Y82.783
G1 X67.700 Y82.840
G1 X67.650 Y82.983
G0 Z5.000 F500.000
G0 X70.344 Y83.315 F3000.000
G1 Z1.000 F500.000
G4 P100
G1 X70.295 Y84.388 F1000.000
G1 X69.898 Y84.443
G1 X69.845 Y84.618
G1 X69.901 Y84.828
G1 X70.355 Y84.898
G1 X70.615 Y85.903
G1 X71.038 Y86.628
G1 X71.294 Y86.830
G1 X71.570 Y86.898
G1 X71.758 Y86.851
G1 X71.900 Y86.713
G1 X72.020 Y86.248
G1 X71.979 Y85.873
G1 X71.858 Y85.523
G1 X71.370 Y84.898
G1 X72.045 Y84.863
G1 X72.045 Y84.582
G1 X71.939 Y84.474
G1 X71.515 Y84.388
G1 X70.905 Y84.388
G1 X70.926 Y83.555
G1 X71.018 Y83.268
G1 X71.176 Y83.110
G1 X71.405 Y83.058
G1 X71.785 Y83.188
G1 X72.310 Y83.648
G1 X72.413 Y83.588
G1 X72.450 Y83.423
G1 X72.355 Y83.113
G1 X71.885 Y82.678
G1 X71.300 Y82.508
G1 X70.854 Y82.597
G1 X70.535 Y82.866
G1 X70.344 Y83.315
G0 Z5.000 F500.000
G0 X70.955 Y84.973 F3000.000
G1 Z1.000 F500.000
G4 P100
G1 X71.398 Y85.545 F1000.000
G1 X71.545 Y86.123
G1 X71.518 Y86.344
G1 X71.435 Y86.418
G1 X71.268 Y86.230
G1 X71.093 Y85.710
G1 X70.955 Y84.973
G0 Z5.000 F500.000
G0 X72.288 Y84.482 F3000.000
G1 Z1.000 F500.000
G4 P100
G1 X72.792 Y84.819 F1000.000
G1 X73.361 Y84.819
G1 X73.565 Y84.690
G1 X73.696 Y84.487
G1 X73.740 Y84.223
G1 X73.678 Y83.902
G1 X73.493 Y83.630
G1 X73.159 Y83.408
G1 X72.655 Y83.238
G1 X72.836 Y83.065
G1 X73.130 Y83.008
G1 X73.643 Y83.165
G1 X74.275 Y83.648
G1 X74.378 Y83.588
G1 X74.415 Y83.423
G1 X74.320 Y83.113
G1 X73.798 Y82.698
G1 X73.448 Y82.555
G1 X73.075 Y82.508
G1 X72.609 Y82.579
G1 X72.260 Y82.793
G1 X72.043 Y83.130
G1 X71.970 Y83.573
G1 X72.115 Y84.215
G1 X72.288 Y84.482
G0 Z5.000 F500.000
G0 X72.703 Y84.158 F3000.000
G1 Z1.000 F500.000
G4 P100
G1 X72.575 Y83.638 F1000.000
G1 X73.040 Y83.838
G1 X73.210 Y84.163
G1 X73.158 Y84.315
G1 X73.015 Y84.373
G1 X72.844 Y84.319
G1 X72.703 Y84.158
G0 Z5.000 F500.000
G0 X74.066 Y83.981 F3000.000
G1 Z1.000 F500.000
G4 P100
G1 X74.205 Y84.583 F1000.000
G1 X74.353 Y84.795
G1 X74.640 Y84.863
G1 X74.780 Y84.838
G1 X74.820 Y84.743
G1 X74.615 Y83.663
G1 X74.985 Y84.363
G1 X75.388 Y84.748
G1 X75.750 Y84.863
G1 X75.994 Y84.781
G1 X76.075 Y84.538
G1 X76.021 Y83.841
G1 X76.115 Y83.798
G1 X76.610 Y84.083
G1 X76.713 Y84.025
G1 X76.750 Y83.873
G1 X76.650 Y83.583
G1 X76.323 Y83.335
G1 X75.925 Y83.233
G1 X75.692 Y83.266
G1 X75.419 Y83.526
G1 X75.355 Y84.098
G1 X75.158 Y83.930
G1 X74.915 Y83.488
G1 X74.593 Y82.590
G1 X74.365 Y82.508
G1 X74.203 Y82.558
G1 X74.098 Y82.708
G1 X74.020 Y83.348
G1 X74.066 Y83.981
G0 Z5.000 F500.000
G0 X77.825 Y83.373 F3000.000
G1 Z1.000 F500.000
G4 P100
G1 X77.935 Y84.523 F1000.000
G1 X78.258 Y85.665
G1 X78.760 Y86.578
G1 X79.060 Y86.895
G1 X79.753 Y87.257
G1 X80.145 Y87.303
G1 X80.605 Y87.225
G1 X80.980 Y87.008
G1 X81.065 Y86.803
G1 X80.978 Y86.568
G1 X80.785 Y86.458
G1 X80.075 Y86.723
G1 X79.685 Y86.613
G1 X79.345 Y86.308
G1 X78.890 Y85.475
G1 X78.600 Y84.435
G1 X78.500 Y83.423
G1 X78.553 Y82.840
G1 X78.720 Y82.538
G1 X79.025 Y82.448
G1 X79.399 Y82.551
G1 X79.965 Y82.943
G1 X80.128 Y82.858
G1 X80.195 Y82.658
G1 X80.095 Y82.403
G1 X79.585 Y82.015
G1 X79.010 Y81.868
G1 X78.503 Y81.964
G1 X78.130 Y82.253
G1 X77.901 Y82.725
G1 X77.825 Y83.373
G0 Z5.000 F500.000
G0 X81.100 Y82.818 F3000.000
G1 Z1.000 F500.000
G4 P100
G1 X81.370 Y84.803 F1000.000
G1 X80.920 Y84.683
G1 X80.770 Y84.758
G1 X80.720 Y84.973
G1 X80.780 Y85.128
G1 X80.973 Y85.248
G1 X81.800 Y85.453
G1 X82.018 Y85.378
G1 X82.090 Y85.168
G1 X81.770 Y82.818
G1 X81.661 Y82.585
G1 X81.415 Y82.508
G1 X81.195 Y82.583
G1 X81.100 Y82.818
G0 Z5.000 F500.000
G0 X82.545 Y82.783 F3000.000
G1 Z1.000 F500.000
G4 P100
G1 X82.620 Y83.030 F1000.000
G1 X83.498 Y83.570
G1 X83.983 Y84.073
G1 X84.165 Y84.588
G1 X84.078 Y84.875
G1 X83.800 Y84.968
G1 X83.448 Y84.848
G1 X83.241 Y84.291
G1 X83.020 Y84.218
G1 X82.803 Y84.298
G1 X82.725 Y84.528
G1 X82.855 Y84.988
G1 X83.245 Y85.325
G1 X83.880 Y85.453
G1 X84.281 Y85.396
G1 X84.585 Y85.228
G1 X84.776 Y84.959
G1 X84.840 Y84.603
G1 X84.757 Y84.214
G1 X84.508 Y83.808
G1 X84.102 Y83.416
G1 X83.550 Y83.073
G1 X84.695 Y83.093
G1 X84.855 Y83.023
G1 X84.910 Y82.848
G1 X84.828 Y82.615
G1 X84.605 Y82.513
G1 X83.140 Y82.583
G1 X82.730 Y82.493
G1 X82.598 Y82.565
G1 X82.545 Y82.783
G0 Z5.000 F500.000
G0 X86.615 Y83.328 F3000.000
G1 Z1.000 F500.000
G4 P100
G1 X86.658 Y83.713 F1000.000
G1 X86.987 Y84.381
G1 X87.568 Y84.803
G1 X87.920 Y84.888
G1 X88.058 Y85.787
G1 X88.283 Y86.545
G1 X88.592 Y87.061
G1 X88.778 Y87.190
G1 X89.182 Y87.184
G1 X89.343 Y87.038
G1 X89.449 Y86.793
G1 X89.416 Y85.840
G1 X89.210 Y85.138
G1 X88.475 Y83.598
G1 X88.563 Y83.183
G1 X88.735 Y83.058
G1 X89.010 Y83.178
G1 X89.520 Y83.648
G1 X89.623 Y83.588
G1 X89.660 Y83.423
G1 X89.565 Y83.113
G1 X88.871 Y82.552
G1 X88.630 Y82.508
G1 X88.295 Y82.619
G1 X88.050 Y82.953
G1 X87.683 Y82.598
G1 X87.315 Y82.508
G1 X87.037 Y82.564
G1 X86.812 Y82.735
G1 X86.664 Y82.997
G1 X86.615 Y83.328
G0 Z5.000 F500.000
G0 X87.303 Y83.104 F3000.000
G1 Z1.000 F500.000
G4 P100
G1 X87.490 Y83.013 F1000.000
G1 X87.680 Y83.090
G1 X87.920 Y83.378
G1 X87.880 Y84.373
G1 X87.628 Y84.238
G1 X87.286 Y83.707
G1 X87.240 Y83.378
G1 X87.303 Y83.104
G0 Z5.000 F500.000
G0 X88.480 Y84.383 F3000.000
G1 Z1.000 F500.000
G4 P100
G1 X88.900 Y85.483 F1000.000
G1 X89.040 Y86.343
G1 X88.930 Y86.743
G1 X88.740 Y86.405
G1 X88.480 Y84.383
G0 Z5.000 F500.000
G0 X89.498 Y84.482 F3000.000
G1 Z1.000 F500.000
G4 P100
G1 X90.002 Y84.819 F1000.000
G1 X90.571 Y84.819
G1 X90.775 Y84.690
G1 X90.906 Y84.487
G1 X90.950 Y84.223
G1 X90.888 Y83.902
G1 X90.703 Y83.630
G1 X90.369 Y83.408
G1 X89.865 Y83.238
G1 X90.046 Y83.065
G1 X90.340 Y83.008
G1 X90.853 Y83.165
G1 X91.485 Y83.648
G1 X91.588 Y83.588
G1 X91.625 Y83.423
G1 X91.530 Y83.113
G1 X91.008 Y82.698
G1 X90.658 Y82.555
G1 X90.285 Y82.508
G1 X89.819 Y82.579
G1 X89.470 Y82.793
G1 X89.253 Y83.130
G1 X89.180 Y83.573
G1 X89.325 Y84.215
G1 X89.498 Y84.482
G0 Z5.000 F500.000
G0 X89.913 Y84.158 F3000.000
G1 Z1.000 F500.000
G4 P100
G1 X89.785 Y83.638 F1000.000
G1 X90.250 Y83.838
G1 X90.420 Y84.163
G1 X90.368 Y84.315
G1 X90.225 Y84.373
G1 X90.054 Y84.319
G1 X89.913 Y84.158
G0 Z5.000 F500.000
G0 X91.201 Y83.712 F3000.000
G1 Z1.000 F500.000
G4 P100
G1 X91.556 Y84.403 F1000.000
G1 X91.833 Y84.655
G1 X92.149 Y84.818
G1 X92.485 Y84.873
G1 X92.633 Y84.830
G1 X92.695 Y84.678
G1 X93.093 Y84.660
G1 X93.145 Y84.513
G1 X92.925 Y83.068
G1 X93.665 Y83.598
G1 X93.780 Y83.638
G1 X93.883 Y83.575
G1 X93.920 Y83.418
G1 X93.775 Y83.123
G1 X92.825 Y82.478
G1 X92.606 Y81.553
G1 X92.328 Y80.850
G1 X91.978 Y80.406
G1 X91.545 Y80.258
G1 X91.314 Y80.297
G1 X91.010 Y80.597
G1 X90.970 Y80.828
G1 X91.040 Y81.196
G1 X91.250 Y81.590
G1 X91.653 Y82.044
G1 X92.300 Y82.593
G1 X92.330 Y82.788
G1 X92.108 Y82.580
G1 X91.835 Y82.508
G1 X91.556 Y82.564
G1 X91.340 Y82.733
G1 X91.201 Y82.993
G1 X91.201 Y83.712
G0 Z5.000 F500.000
G0 X91.780 Y83.318 F3000.000
G1 Z1.000 F500.000
G4 P100
G1 X91.843 Y83.088 F1000.000
G1 X92.015 Y83.013
G1 X92.235 Y83.153
G1 X92.545 Y84.408
G1 X92.165 Y84.250
G1 X91.885 Y83.848
G1 X91.780 Y83.318
G0 Z5.000 F500.000
G0 X92.185 Y81.998 F3000.000
G1 Z1.000 F500.000
G4 P100
G1 X91.630 Y81.403 F1000.000
G1 X91.460 Y80.938
G1 X91.493 Y80.798
G1 X91.600 Y80.743
G1 X91.733 Y80.818
G1 X91.883 Y81.043
G1 X92.185 Y81.998
G0 Z5.000 F500.000
G0 X93.808 Y82.558 F3000.000
G1 Z1.000 F500.000
G4 P100
G1 X93.703 Y82.708 F1000.000
G1 X93.625 Y83.348
G1 X93.671 Y83.981
G1 X93.810 Y84.583
G1 X93.958 Y84.795
G1 X94.245 Y84.863
G1 X94.385 Y84.838
G1 X94.425 Y84.743
G1 X94.220 Y83.663
G1 X94.590 Y84.363
G1 X94.993 Y84.748
G1 X95.355 Y84.863
G1 X95.599 Y84.781
G1 X95.680 Y84.538
G1 X95.626 Y83.841
G1 X95.720 Y83.798
G1 X96.215 Y84.083
G1 X96.318 Y84.025
G1 X96.355 Y83.873
G1 X96.255 Y83.583
G1 X95.928 Y83.335
G1 X95.530 Y83.233
G1 X95.128 Y83.368
G1 X95.024 Y83.526
G1 X94.960 Y84.098
G1 X94.763 Y83.930
G1 X94.520 Y83.488
G1 X94.198 Y82.590
G1 X93.970 Y82.508
G1 X93.808 Y82.558
G0 Z5.000 F500.000
G0 X95.888 Y83.130 F3000.000
G1 Z1.000 F500.000
G4 P100
G1 X95.815 Y83.573 F1000.000
G1 X95.960 Y84.215
G1 X96.363 Y84.688
G1 X96.945 Y84.863
G1 X97.206 Y84.819
G1 X97.410 Y84.690
G1 X97.541 Y84.487
G1 X97.585 Y84.223
G1 X97.523 Y83.902
G1 X97.338 Y83.630
G1 X97.004 Y83.408
G1 X96.500 Y83.238
G1 X96.681 Y83.065
G1 X96.975 Y83.008
G1 X97.488 Y83.165
G1 X98.120 Y83.648
G1 X98.223 Y83.588
G1 X98.260 Y83.423
G1 X98.165 Y83.113
G1 X97.643 Y82.698
G1 X96.920 Y82.508
G1 X96.454 Y82.579
G1 X96.105 Y82.793
G1 X95.888 Y83.130
G0 Z5.000 F500.000
G0 X96.420 Y83.638 F3000.000
G1 Z1.000 F500.000
G4 P100
G1 X96.885 Y83.838 F1000.000
G1 X97.013 Y83.989
G1 X97.003 Y84.315
G1 X96.860 Y84.373
G1 X96.689 Y84.319
G1 X96.548 Y84.158
G1 X96.420 Y83.638
G0 Z5.000 F500.000
G0 X97.780 Y83.573 F3000.000
G1 Z1.000 F500.000
G4 P100
G1 X97.925 Y84.215 F1000.000
G1 X98.098 Y84.482
G1 X98.602 Y84.819
G1 X98.910 Y84.863
G1 X99.171 Y84.819
G1 X99.375 Y84.690
G1 X99.506 Y84.487
G1 X99.550 Y84.223
G1 X99.488 Y83.902
G1 X99.303 Y83.630
G1 X98.969 Y83.408
G1 X98.465 Y83.238
G1 X98.646 Y83.065
G1 X98.940 Y83.008
G1 X99.453 Y83.165
G1 X100.085 Y83.648
G1 X100.188 Y83.588
G1 X100.225 Y83.423
G1 X100.130 Y83.113
G1 X99.608 Y82.698
G1 X98.885 Y82.508
G1 X98.419 Y82.579
G1 X98.070 Y82.793
G1 X97.853 Y83.130
G1 X97.780 Y83.573
G0 Z5.000 F500.000
G0 X98.385 Y83.638 F3000.000
G1 Z1.000 F500.000
G4 P100
G1 X98.850 Y83.838 F1000.000
G1 X98.978 Y83.989
G1 X98.968 Y84.315
G1 X98.825 Y84.373
G1 X98.654 Y84.319
G1 X98.513 Y84.158
G1 X98.385 Y83.638
G0 Z5.000 F500.000
G0 X99.660 Y83.248 F3000.000
G1 Z1.000 F500.000
G4 P100
G1 X100.075 Y83.808 F1000.000
G1 X100.500 Y84.698
G1 X100.646 Y84.863
G1 X100.895 Y84.918
G1 X101.090 Y84.893
G1 X101.145 Y84.813
G1 X100.980 Y84.283
G1 X101.438 Y83.535
G1 X101.510 Y83.073
G1 X102.220 Y83.648
G1 X102.323 Y83.588
G1 X102.360 Y83.423
G1 X102.265 Y83.113
G1 X101.788 Y82.690
G1 X100.750 Y82.398
G1 X100.353 Y82.518
G1 X100.215 Y82.788
G1 X100.310 Y83.013
G1 X100.590 Y83.108
G1 X100.875 Y83.078
G1 X100.818 Y83.323
G1 X100.535 Y83.733
G1 X100.228 Y83.243
G1 X99.895 Y82.873
G1 X99.705 Y82.783
G1 X99.575 Y82.840
G1 X99.525 Y82.983
G1 X99.660 Y83.248
G0 Z5.000 F500.000
G0 X101.393 Y82.603 F3000.000
G1 Z1.000 F500.000
G4 P100
G1 X101.585 Y82.713 F1000.000
G1 X102.295 Y82.448
G1 X102.685 Y82.558
G1 X103.025 Y82.863
G1 X103.480 Y83.695
G1 X103.770 Y84.735
G1 X103.870 Y85.748
G1 X103.818 Y86.330
G1 X103.650 Y86.633
G1 X103.345 Y86.723
G1 X102.971 Y86.619
G1 X102.405 Y86.228
G1 X102.243 Y86.313
G1 X102.175 Y86.513
G1 X102.275 Y86.768
G1 X102.785 Y87.155
G1 X103.360 Y87.303
G1 X103.868 Y87.206
G1 X104.240 Y86.918
G1 X104.469 Y86.445
G1 X104.545 Y85.798
G1 X104.435 Y84.648
G1 X104.113 Y83.505
G1 X103.610 Y82.593
G1 X103.310 Y82.275
G1 X102.617 Y81.913
G1 X102.225 Y81.868
G1 X101.765 Y81.945
G1 X101.390 Y82.163
G1 X101.305 Y82.368
G1 X101.393 Y82.603
G0 Z5.000 F500.000
G0 X104.920 Y82.943 F3000.000
G1 Z1.000 F500.000
G4 P100
G1 X105.048 Y83.303 F1000.000
G1 X105.405 Y83.438
G1 X105.738 Y83.330
G1 X105.850 Y83.013
G1 X105.720 Y82.645
G1 X105.365 Y82.508
G1 X105.033 Y82.628
G1 X104.920 Y82.943
G0 Z5.000 F500.000
G0 X107.795 Y84.988 F3000.000
G1 Z1.000 F500.000
G4 P100
G1 X107.630 Y85.230 F1000.000
G1 X107.565 Y85.588
G1 X107.634 Y85.971
G1 X107.843 Y86.270
G1 X108.193 Y86.493
G1 X108.688 Y86.648
G1 X110.145 Y86.768
G1 X111.023 Y86.748
G1 X111.595 Y86.683
G1 X111.828 Y86.578
G1 X111.905 Y86.403
G1 X111.813 Y86.163
G1 X111.520 Y86.103
G1 X110.155 Y86.168
G1 X109.620 Y82.808
G1 X109.500 Y82.585
G1 X109.235 Y82.508
G1 X108.980 Y82.588
G1 X108.890 Y82.798
G1 X109.445 Y86.163
G1 X108.675 Y86.083
G1 X108.278 Y85.900
G1 X108.160 Y85.598
G1 X108.280 Y85.198
G1 X108.168 Y85.020
G1 X107.935 Y84.938
G1 X107.795 Y84.988
G0 Z5.000 F500.000
G0 X111.308 Y85.263 F3000.000
G1 Z1.000 F500.000
G4 P100
G1 X111.503 Y86.031 F1000.000
G1 X111.773 Y86.665
G1 X112.111 Y87.091
G1 X112.510 Y87.233
G1 X112.718 Y87.183
G1 X112.989 Y86.808
G1 X112.951 Y86.008
G1 X112.730 Y85.475
G1 X111.770 Y84.208
G1 X111.755 Y83.673
G1 X112.123 Y84.365
G1 X112.523 Y84.748
G1 X112.885 Y84.863
G1 X113.129 Y84.781
G1 X113.210 Y84.538
G1 X113.005 Y83.258
G1 X113.041 Y83.108
G1 X113.150 Y83.058
G1 X113.388 Y83.180
G1 X113.890 Y83.648
G1 X113.993 Y83.588
G1 X114.030 Y83.423
G1 X113.935 Y83.113
G1 X113.463 Y82.678
G1 X113.203 Y82.550
G1 X112.686 Y82.544
G1 X112.428 Y82.836
G1 X112.395 Y83.083
G1 X112.530 Y84.018
G1 X112.475 Y84.098
G1 X112.290 Y83.930
G1 X112.050 Y83.488
G1 X111.690 Y82.608
G1 X111.385 Y82.508
G1 X111.188 Y82.615
G1 X111.150 Y83.658
G1 X111.308 Y85.263
G0 Z5.000 F500.000
G0 X111.825 Y84.833 F3000.000
G1 Z1.000 F500.000
G4 P100
G1 X112.338 Y85.628 F1000.000
G1 X112.489 Y86.038
G1 X112.540 Y86.408
G1 X112.505 Y86.653
G1 X112.405 Y86.738
G1 X112.205 Y86.480
G1 X111.993 Y85.785
G1 X111.825 Y84.833
G0 Z5.000 F500.000
G0 X113.868 Y84.482 F3000.000
G1 Z1.000 F500.000
G4 P100
G1 X114.372 Y84.819 F1000.000
G1 X114.941 Y84.819
G1 X115.145 Y84.690
G1 X115.276 Y84.487
G1 X115.320 Y84.223
G1 X115.258 Y83.902
G1 X115.073 Y83.630
G1 X114.739 Y83.408
G1 X114.235 Y83.238
G1 X114.416 Y83.065
G1 X114.710 Y83.008
G1 X115.223 Y83.165
G1 X115.855 Y83.648
G1 X115.958 Y83.588
G1 X115.995 Y83.423
G1 X115.900 Y83.113
G1 X115.378 Y82.698
G1 X115.028 Y82.555
G1 X114.655 Y82.508
G1 X114.189 Y82.579
G1 X113.840 Y82.793
G1 X113.623 Y83.130
G1 X113.550 Y83.573
G1 X113.695 Y84.215
G1 X113.868 Y84.482
G0 Z5.000 F500.000
G0 X114.283 Y84.158 F3000.000
G1 Z1.000 F500.000
G4 P100
G1 X114.155 Y83.638 F1000.000
G1 X114.620 Y83.838
G1 X114.790 Y84.163
G1 X114.738 Y84.315
G1 X114.595 Y84.373
G1 X114.424 Y84.319
G1 X114.283 Y84.158
G0 Z5.000 F500.000
G0 X116.840 Y83.558 F3000.000
G1 Z1.000 F500.000
G4 P100
G1 X116.985 Y84.235 F1000.000
G1 X117.158 Y84.500
G1 X117.654 Y84.826
G1 X117.950 Y84.868
G1 X118.293 Y84.802
G1 X118.563 Y84.605
G1 X118.747 Y84.312
G1 X118.835 Y83.958
G1 X119.465 Y84.068
G1 X119.565 Y84.003
G1 X119.600 Y83.838
G1 X119.564 Y83.646
G1 X119.455 Y83.553
G1 X118.795 Y83.433
G1 X118.654 Y83.054
G1 X118.420 Y82.760
G1 X118.121 Y82.571
G1 X117.785 Y82.508
G1 X117.273 Y82.653
G1 X116.950 Y83.038
G1 X116.840 Y83.558
G0 Z5.000 F500.000
G0 X117.573 Y83.183 F3000.000
G1 Z1.000 F500.000
G4 P100
G1 X117.825 Y83.038 F1000.000
G1 X118.103 Y83.168
G1 X118.260 Y83.543
G1 X118.023 Y83.818
G1 X117.955 Y84.338
G1 X117.753 Y84.289
G1 X117.598 Y84.145
G1 X117.498 Y83.913
G1 X117.465 Y83.603
G1 X117.573 Y83.183
G0 Z5.000 F500.000
G0 X119.170 Y83.233 F3000.000
G1 Z1.000 F500.000
G4 P100
G1 X119.220 Y83.920 F1000.000
G1 X119.385 Y84.583
G1 X119.525 Y84.798
G1 X119.810 Y84.863
G1 X119.963 Y84.828
G1 X120.005 Y84.723
G1 X119.795 Y83.270
G1 X119.875 Y83.228
G1 X120.063 Y83.378
G1 X120.673 Y84.798
G1 X120.920 Y84.863
G1 X121.080 Y84.835
G1 X121.125 Y84.733
G1 X120.860 Y83.258
G1 X120.900 Y83.110
G1 X121.005 Y83.058
G1 X121.243 Y83.180
G1 X121.745 Y83.648
G1 X121.848 Y83.588
G1 X121.885 Y83.423
G1 X121.790 Y83.113
G1 X121.328 Y82.678
G1 X120.765 Y82.508
G1 X120.557 Y82.554
G1 X120.413 Y82.693
G1 X120.300 Y83.213
G1 X120.045 Y82.690
G1 X119.680 Y82.508
G1 X119.476 Y82.559
G1 X119.206 Y82.948
G1 X119.170 Y83.233
G0 Z5.000 F500.000
G0 X121.744 Y83.315 F3000.000
G1 Z1.000 F500.000
G4 P100
G1 X121.695 Y84.388 F1000.000
G1 X121.298 Y84.443
G1 X121.245 Y84.618
G1 X121.301 Y84.828
G1 X121.755 Y84.898
G1 X122.015 Y85.903
G1 X122.438 Y86.628
G1 X122.694 Y86.830
G1 X122.970 Y86.898
G1 X123.158 Y86.851
G1 X123.300 Y86.713
G1 X123.420 Y86.248
G1 X123.379 Y85.873
G1 X123.258 Y85.523
G1 X122.770 Y84.898
G1 X123.445 Y84.863
G1 X123.445 Y84.582
G1 X123.339 Y84.474
G1 X122.915 Y84.388
G1 X122.305 Y84.388
G1 X122.326 Y83.555
G1 X122.418 Y83.268
G1 X122.576 Y83.110
G1 X122.805 Y83.058
G1 X123.185 Y83.188
G1 X123.710 Y83.648
G1 X123.813 Y83.588
G1 X123.850 Y83.423
G1 X123.755 Y83.113
G1 X123.285 Y82.678
G1 X122.700 Y82.508
G1 X122.254 Y82.597
G1 X121.935 Y82.866
G1 X121.744 Y83.315
G0 Z5.000 F500.000
G0 X122.355 Y84.973 F3000.000
G1 Z1.000 F500.000
G4 P100
G1 X122.798 Y85.545 F1000.000
G1 X122.945 Y86.123
G1 X122.918 Y86.344
G1 X122.835 Y86.418
G1 X122.668 Y86.230
G1 X122.493 Y85.710
G1 X122.355 Y84.973
G0 Z5.000 F500.000
G0 X123.635 Y84.808 F3000.000
G1 Z1.000 F500.000
G4 P100
G1 X123.935 Y84.893 F1000.000
G1 X124.088 Y84.850
G1 X124.145 Y84.498
G1 X124.460 Y84.785
G1 X124.790 Y84.873
G1 X125.044 Y84.816
G1 X125.248 Y84.648
G1 X125.381 Y84.388
G1 X125.425 Y84.058
G1 X125.340 Y83.543
G1 X125.105 Y83.088
G1 X125.280 Y83.058
G1 X125.595 Y83.178
G1 X126.115 Y83.648
G1 X126.218 Y83.588
G1 X126.255 Y83.423
G1 X126.160 Y83.113
G1 X125.698 Y82.678
G1 X125.433 Y82.550
G1 X124.895 Y82.555
G1 X124.705 Y82.698
G1 X124.110 Y82.508
G1 X124.004 Y81.622
G1 X123.815 Y80.895
G1 X123.531 Y80.409
G1 X123.140 Y80.248
G1 X122.905 Y80.296
G1 X122.740 Y80.443
G1 X122.643 Y80.675
G1 X122.666 Y81.513
G1 X123.121 Y82.811
G1 X123.530 Y83.563
G1 X123.520 Y84.578
G1 X123.635 Y84.808
G0 Z5.000 F500.000
G0 X124.145 Y83.988 F3000.000
G1 Z1.000 F500.000
G4 P100
G1 X124.135 Y82.988 F1000.000
G1 X124.468 Y83.185
G1 X124.710 Y83.575
G1 X124.800 Y84.063
G1 X124.740 Y84.290
G1 X124.580 Y84.368
G1 X124.381 Y84.273
G1 X124.145 Y83.988
G0 Z5.000 F500.000
G0 X123.520 Y82.788 F3000.000
G1 Z1.000 F500.000
G4 P100
G1 X123.180 Y81.833 F1000.000
G1 X123.055 Y81.068
G1 X123.093 Y80.823
G1 X123.180 Y80.738
G1 X123.304 Y80.884
G1 X123.405 Y81.325
G1 X123.520 Y82.788
G0 Z5.000 F500.000
G0 X125.993 Y82.715 F3000.000
G1 Z1.000 F500.000
G4 P100
G1 X125.850 Y83.233 F1000.000
G1 X125.900 Y83.920
G1 X126.065 Y84.583
G1 X126.205 Y84.798
G1 X126.490 Y84.863
G1 X126.643 Y84.828
G1 X126.685 Y84.723
G1 X126.450 Y83.418
G1 X126.555 Y83.228
G1 X126.743 Y83.378
G1 X126.983 Y83.833
G1 X127.353 Y84.798
G1 X127.760 Y84.835
G1 X127.805 Y84.733
G1 X127.540 Y83.258
G1 X127.580 Y83.110
G1 X127.685 Y83.058
G1 X127.923 Y83.180
G1 X128.425 Y83.648
G1 X128.528 Y83.588
G1 X128.565 Y83.423
G1 X128.470 Y83.113
G1 X128.008 Y82.678
G1 X127.743 Y82.550
G1 X127.237 Y82.554
G1 X127.093 Y82.693
G1 X126.980 Y83.213
G1 X126.725 Y82.690
G1 X126.549 Y82.553
G1 X126.156 Y82.559
G1 X125.993 Y82.715
G0 Z5.000 F500.000
G0 X128.424 Y83.315 F3000.000
G1 Z1.000 F500.000
G4 P100
G1 X128.375 Y84.388 F1000.000
G1 X127.978 Y84.443
G1 X127.925 Y84.618
G1 X127.981 Y84.828
G1 X128.435 Y84.898
G1 X128.695 Y85.903
G1 X129.118 Y86.628
G1 X129.374 Y86.830
G1 X129.650 Y86.898
G1 X129.838 Y86.851
G1 X129.980 Y86.713
G1 X130.100 Y86.248
G1 X130.059 Y85.873
G1 X129.938 Y85.523
G1 X129.450 Y84.898
G1 X130.125 Y84.863
G1 X130.125 Y84.582
G1 X130.019 Y84.474
G1 X129.595 Y84.388
G1 X128.985 Y84.388
G1 X129.006 Y83.555
G1 X129.098 Y83.268
G1 X129.256 Y83.110
G1 X129.485 Y83.058
G1 X129.865 Y83.188
G1 X130.390 Y83.648
G1 X130.493 Y83.588
G1 X130.530 Y83.423
G1 X130.435 Y83.113
G1 X129.965 Y82.678
G1 X129.380 Y82.508
G1 X128.934 Y82.597
G1 X128.615 Y82.866
G1 X128.424 Y83.315
G0 Z5.000 F500.000
G0 X129.035 Y84.973 F3000.000
G1 Z1.000 F500.000
G4 P100
G1 X129.478 Y85.545 F1000.000
G1 X129.625 Y86.123
G1 X129.598 Y86.344
G1 X129.515 Y86.418
G1 X129.348 Y86.230
G1 X129.173 Y85.710
G1 X129.035 Y84.973
G0 Z5.000 F500.000
G0 X131.525 Y84.578 F3000.000
G1 Z1.000 F500.000
G4 P100
G1 X131.640 Y84.808 F1000.000
G1 X131.940 Y84.893
G1 X132.093 Y84.850
G1 X132.150 Y84.498
G1 X132.465 Y84.785
G1 X132.795 Y84.873
G1 X133.049 Y84.816
G1 X133.253 Y84.648
G1 X133.386 Y84.388
G1 X133.430 Y84.058
G1 X133.345 Y83.543
G1 X133.110 Y83.088
G1 X133.285 Y83.058
G1 X133.600 Y83.178
G1 X134.120 Y83.648
G1 X134.223 Y83.588
G1 X134.260 Y83.423
G1 X134.165 Y83.113
G1 X133.703 Y82.678
G1 X133.438 Y82.550
G1 X132.900 Y82.555
G1 X132.710 Y82.698
G1 X132.115 Y82.508
G1 X132.009 Y81.622
G1 X131.820 Y80.895
G1 X131.536 Y80.409
G1 X131.145 Y80.248
G1 X130.910 Y80.296
G1 X130.745 Y80.443
G1 X130.615 Y80.983
G1 X130.840 Y82.125
G1 X131.535 Y83.563
G1 X131.525 Y84.578
G0 Z5.000 F500.000
G0 X132.145 Y83.343 F3000.000
G1 Z1.000 F500.000
G4 P100
G1 X132.140 Y82.988 F1000.000
G1 X132.473 Y83.185
G1 X132.715 Y83.575
G1 X132.805 Y84.063
G1 X132.745 Y84.290
G1 X132.585 Y84.368
G1 X132.386 Y84.273
G1 X132.150 Y83.988
G1 X132.145 Y83.343
G0 Z5.000 F500.000
G0 X131.525 Y82.788 F3000.000
G1 Z1.000 F500.000
G4 P100
G1 X131.185 Y81.833 F1000.000
G1 X131.060 Y81.068
G1 X131.098 Y80.823
G1 X131.185 Y80.738
G1 X131.309 Y80.884
G1 X131.410 Y81.325
G1 X131.525 Y82.788
G0 Z5.000 F500.000
G0 X133.943 Y82.708 F3000.000
G1 Z1.000 F500.000
G4 P100
G1 X133.865 Y83.348 F1000.000
G1 X133.911 Y83.981
G1 X134.050 Y84.583
G1 X134.198 Y84.795
G1 X134.485 Y84.863
G1 X134.625 Y84.838
G1 X134.665 Y84.743
G1 X134.460 Y83.663
G1 X134.830 Y84.363
G1 X135.233 Y84.748
G1 X135.595 Y84.863
G1 X135.839 Y84.781
G1 X135.920 Y84.538
G1 X135.866 Y83.841
G1 X135.960 Y83.798
G1 X136.455 Y84.083
G1 X136.558 Y84.025
G1 X136.595 Y83.873
G1 X136.495 Y83.583
G1 X136.168 Y83.335
G1 X135.770 Y83.233
G1 X135.368 Y83.368
G1 X135.264 Y83.526
G1 X135.200 Y84.098
G1 X135.003 Y83.930
G1 X134.760 Y83.488
G1 X134.438 Y82.590
G1 X134.210 Y82.508
G1 X134.048 Y82.558
G1 X133.943 Y82.708
G0 Z5.000 F500.000
G0 X136.128 Y83.130 F3000.000
G1 Z1.000 F500.000
G4 P100
G1 X136.055 Y83.573 F1000.000
G1 X136.200 Y84.215
G1 X136.603 Y84.688
G1 X137.185 Y84.863
G1 X137.446 Y84.819
G1 X137.650 Y84.690
G1 X137.781 Y84.487
G1 X137.825 Y84.223
G1 X137.763 Y83.902
G1 X137.578 Y83.630
G1 X137.244 Y83.408
G1 X136.740 Y83.238
G1 X136.921 Y83.065
G1 X137.215 Y83.008
G1 X137.728 Y83.165
G1 X138.360 Y83.648
G1 X138.463 Y83.588
G1 X138.500 Y83.423
G1 X138.405 Y83.113
G1 X137.883 Y82.698
G1 X137.160 Y82.508
G1 X136.694 Y82.579
G1 X136.345 Y82.793
G1 X136.128 Y83.130
G0 Z5.000 F500.000
G0 X136.660 Y83.638 F3000.000
G1 Z1.000 F500.000
G4 P100
G1 X137.125 Y83.838 F1000.000
G1 X137.253 Y83.989
G1 X137.243 Y84.315
G1 X137.100 Y84.373
G1 X136.929 Y84.319
G1 X136.788 Y84.158
G1 X136.660 Y83.638
G0 Z5.000 F500.000
G0 X138.105 Y84.398 F3000.000
G1 Z1.000 F500.000
G4 P100
G1 X138.195 Y84.803 F1000.000
G1 X138.450 Y84.868
G1 X138.643 Y84.810
G1 X138.775 Y83.123
G1 X139.225 Y83.833
G1 X139.150 Y84.178
G1 X139.225 Y84.508
G1 X139.430 Y84.768
G1 X139.725 Y84.868
G1 X139.960 Y84.765
G1 X140.050 Y84.468
G1 X139.930 Y83.953
G1 X140.620 Y84.058
G1 X140.735 Y84.008
G1 X140.775 Y83.873
G1 X140.715 Y83.630
G1 X140.535 Y83.503
G1 X140.045 Y83.428
G1 X139.630 Y83.488
G1 X138.965 Y82.613
G1 X138.635 Y82.508
G1 X138.313 Y82.668
G1 X138.165 Y83.173
G1 X138.105 Y84.398
G0 Z5.000 F500.000
G0 X140.335 Y83.348 F3000.000
G1 Z1.000 F500.000
G4 P100
G1 X140.540 Y84.583 F1000.000
G1 X140.660 Y84.803
G1 X140.900 Y84.863
G1 X141.091 Y84.820
G1 X141.155 Y84.693
G1 X140.940 Y83.368
G1 X140.980 Y83.138
G1 X141.115 Y83.058
G1 X141.340 Y83.183
G1 X141.835 Y83.648
G1 X141.938 Y83.588
G1 X141.975 Y83.423
G1 X141.880 Y83.113
G1 X141.401 Y82.659
G1 X140.955 Y82.508
G1 X140.674 Y82.565
G1 X140.483 Y82.738
G1 X140.335 Y83.348
G0 Z5.000 F500.000
G0 X140.995 Y85.193 F3000.000
G1 Z1.000 F500.000
G4 P100
G1 X140.680 Y85.290 F1000.000
G1 X140.575 Y85.563
G1 X140.713 Y85.855
G1 X141.055 Y85.973
G1 X141.355 Y85.883
G1 X141.470 Y85.628
G1 X141.340 Y85.310
G1 X140.995 Y85.193
G0 Z5.000 F500.000
G0 X142.043 Y84.688 F3000.000
G1 Z1.000 F500.000
G4 P100
G1 X142.317 Y84.819 F1000.000
G1 X142.886 Y84.819
G1 X143.090 Y84.690
G1 X143.221 Y84.487
G1 X143.265 Y84.223
G1 X143.203 Y83.902
G1 X143.018 Y83.630
G1 X142.684 Y83.408
G1 X142.180 Y83.238
G1 X142.361 Y83.065
G1 X142.655 Y83.008
G1 X143.168 Y83.165
G1 X143.800 Y83.648
G1 X143.903 Y83.588
G1 X143.940 Y83.423
G1 X143.845 Y83.113
G1 X143.323 Y82.698
G1 X142.973 Y82.555
G1 X142.600 Y82.508
G1 X142.134 Y82.579
G1 X141.785 Y82.793
G1 X141.568 Y83.130
G1 X141.495 Y83.573
G1 X141.640 Y84.215
G1 X142.043 Y84.688
G0 Z5.000 F500.000
G0 X142.228 Y84.158 F3000.000
G1 Z1.000 F500.000
G4 P100
G1 X142.100 Y83.638 F1000.000
G1 X142.565 Y83.838
G1 X142.735 Y84.163
G1 X142.683 Y84.315
G1 X142.540 Y84.373
G1 X142.369 Y84.319
G1 X142.228 Y84.158
G0 Z5.000 F500.000
G0 X143.545 Y84.398 F3000.000
G1 Z1.000 F500.000
G4 P100
G1 X143.635 Y84.803 F1000.000
G1 X143.890 Y84.868
G1 X144.083 Y84.810
G1 X144.215 Y83.123
G1 X144.840 Y84.613
G1 X144.973 Y84.815
G1 X145.160 Y84.868
G1 X145.348 Y84.813
G1 X145.400 Y84.618
G1 X145.470 Y83.123
G1 X145.920 Y83.833
G1 X145.845 Y84.178
G1 X145.920 Y84.508
G1 X146.125 Y84.768
G1 X146.420 Y84.868
G1 X146.655 Y84.765
G1 X146.745 Y84.468
G1 X146.625 Y83.953
G1 X147.315 Y84.058
G1 X147.430 Y84.008
G1 X147.470 Y83.873
G1 X147.410 Y83.630
G1 X147.230 Y83.503
G1 X146.740 Y83.428
G1 X146.325 Y83.488
G1 X145.663 Y82.613
G1 X145.340 Y82.508
G1 X145.038 Y82.663
G1 X144.885 Y83.538
G1 X144.608 Y82.898
G1 X144.363 Y82.593
G1 X144.075 Y82.508
G1 X143.753 Y82.668
G1 X143.605 Y83.173
G1 X143.545 Y84.398
G0 Z5.000 F500.000
G0 X22.780 Y73.326 F3000.000
G1 Z1.000 F500.000
G4 P100
G1 X22.685 Y73.016 F1000.000
G1 X22.207 Y72.593
G1 X21.170 Y72.301
G1 X20.773 Y72.421
G1 X20.635 Y72.691
G1 X20.730 Y72.916
G1 X21.010 Y73.011
G1 X21.295 Y72.981
G1 X21.238 Y73.226
G1 X20.955 Y73.636
G1 X20.315 Y72.776
G1 X20.125 Y72.686
G1 X19.995 Y72.743
G1 X19.945 Y72.886
G1 X20.495 Y73.711
G1 X20.920 Y74.601
G1 X21.066 Y74.766
G1 X21.315 Y74.821
G1 X21.510 Y74.796
G1 X21.565 Y74.716
G1 X21.400 Y74.186
G1 X21.858 Y73.438
G1 X21.930 Y72.976
G1 X22.640 Y73.551
G1 X22.742 Y73.491
G1 X22.780 Y73.326
G0 Z5.000 F500.000
G0 X23.015 Y73.576 F3000.000
G1 Z1.000 F500.000
G4 P100
G1 X23.383 Y74.268 F1000.000
G1 X23.782 Y74.651
G1 X24.145 Y74.766
G1 X24.389 Y74.684
G1 X24.470 Y74.441
G1 X24.265 Y73.161
G1 X24.301 Y73.011
G1 X24.410 Y72.961
G1 X24.648 Y73.083
G1 X25.150 Y73.551
G1 X25.252 Y73.491
G1 X25.290 Y73.326
G1 X25.195 Y73.016
G1 X24.723 Y72.581
G1 X24.463 Y72.453
G1 X23.946 Y72.447
G1 X23.688 Y72.739
G1 X23.655 Y72.986
G1 X23.790 Y73.921
G1 X23.735 Y74.001
G1 X23.550 Y73.833
G1 X23.310 Y73.391
G1 X22.950 Y72.511
G1 X22.645 Y72.411
G1 X22.447 Y72.518
G1 X22.410 Y73.561
G1 X22.567 Y75.166
G1 X22.762 Y75.934
G1 X23.032 Y76.568
G1 X23.371 Y76.994
G1 X23.770 Y77.136
G1 X23.978 Y77.086
G1 X24.249 Y76.711
G1 X24.211 Y75.911
G1 X23.990 Y75.378
G1 X23.030 Y74.111
G1 X23.015 Y73.576
G0 Z5.000 F500.000
G0 X23.085 Y74.736 F3000.000
G1 Z1.000 F500.000
G4 P100
G1 X23.598 Y75.531 F1000.000
G1 X23.749 Y75.941
G1 X23.800 Y76.311
G1 X23.765 Y76.556
G1 X23.665 Y76.641
G1 X23.465 Y76.383
G1 X23.253 Y75.688
G1 X23.085 Y74.736
G0 Z5.000 F500.000
G0 X25.127 Y74.403 F3000.000
G1 Z1.000 F500.000
G4 P100
G1 X25.624 Y74.729 F1000.000
G1 X25.920 Y74.771
G1 X26.263 Y74.705
G1 X26.532 Y74.508
G1 X26.717 Y74.215
G1 X26.805 Y73.861
G1 X27.435 Y73.971
G1 X27.535 Y73.906
G1 X27.534 Y73.549
G1 X27.425 Y73.456
G1 X26.765 Y73.336
G1 X26.624 Y72.957
G1 X26.390 Y72.663
G1 X26.091 Y72.474
G1 X25.477 Y72.447
G1 X25.242 Y72.556
G1 X24.920 Y72.941
G1 X24.810 Y73.461
G1 X24.955 Y74.138
G1 X25.127 Y74.403
G0 Z5.000 F500.000
G0 X25.468 Y73.816 F3000.000
G1 Z1.000 F500.000
G4 P100
G1 X25.435 Y73.506 F1000.000
G1 X25.543 Y73.086
G1 X25.795 Y72.941
G1 X26.072 Y73.071
G1 X26.230 Y73.446
G1 X25.992 Y73.721
G1 X25.925 Y74.241
G1 X25.723 Y74.192
G1 X25.567 Y74.048
G1 X25.468 Y73.816
G0 Z5.000 F500.000
G0 X27.190 Y73.823 F3000.000
G1 Z1.000 F500.000
G4 P100
G1 X27.355 Y74.486 F1000.000
G1 X27.495 Y74.701
G1 X27.932 Y74.731
G1 X27.975 Y74.626
G1 X27.740 Y73.321
G1 X27.845 Y73.131
G1 X28.032 Y73.281
G1 X28.273 Y73.736
G1 X28.642 Y74.701
G1 X29.050 Y74.738
G1 X29.095 Y74.636
G1 X28.830 Y73.161
G1 X28.870 Y73.013
G1 X28.975 Y72.961
G1 X29.212 Y73.083
G1 X29.715 Y73.551
G1 X29.817 Y73.491
G1 X29.855 Y73.326
G1 X29.760 Y73.016
G1 X29.297 Y72.581
G1 X29.033 Y72.453
G1 X28.527 Y72.457
G1 X28.383 Y72.596
G1 X28.270 Y73.116
G1 X28.015 Y72.593
G1 X27.650 Y72.411
G1 X27.446 Y72.462
G1 X27.176 Y72.851
G1 X27.190 Y73.823
G0 Z5.000 F500.000
G0 X29.538 Y73.269 F3000.000
G1 Z1.000 F500.000
G4 P100
G1 X29.485 Y73.846 F1000.000
G1 X29.642 Y75.236
G1 X29.837 Y75.961
G1 X30.107 Y76.576
G1 X30.444 Y76.996
G1 X30.840 Y77.136
G1 X31.054 Y77.080
G1 X31.217 Y76.913
G1 X31.321 Y76.642
G1 X31.355 Y76.276
G1 X31.272 Y75.633
G1 X31.025 Y74.896
G1 X30.636 Y74.114
G1 X30.130 Y73.341
G1 X30.245 Y73.048
G1 X30.455 Y72.961
G1 X30.815 Y73.078
G1 X31.345 Y73.551
G1 X31.447 Y73.491
G1 X31.485 Y73.326
G1 X31.390 Y73.016
G1 X30.922 Y72.581
G1 X30.350 Y72.411
G1 X29.967 Y72.511
G1 X29.697 Y72.811
G1 X29.538 Y73.269
G0 Z5.000 F500.000
G0 X30.095 Y74.016 F3000.000
G1 Z1.000 F500.000
G4 P100
G1 X30.660 Y75.188 F1000.000
G1 X30.817 Y75.750
G1 X30.870 Y76.261
G1 X30.835 Y76.546
G1 X30.730 Y76.641
G1 X30.470 Y76.226
G1 X30.215 Y75.196
G1 X30.095 Y74.016
G0 Z5.000 F500.000
G0 X31.387 Y74.284 F3000.000
G1 Z1.000 F500.000
G4 P100
G1 X31.968 Y74.706 F1000.000
G1 X32.320 Y74.791
G1 X32.458 Y75.690
G1 X32.682 Y76.448
G1 X32.992 Y76.964
G1 X33.178 Y77.093
G1 X33.582 Y77.087
G1 X33.742 Y76.941
G1 X33.849 Y76.696
G1 X33.816 Y75.743
G1 X33.610 Y75.041
G1 X32.875 Y73.501
G1 X32.962 Y73.086
G1 X33.135 Y72.961
G1 X33.410 Y73.081
G1 X33.920 Y73.551
G1 X34.022 Y73.491
G1 X34.060 Y73.326
G1 X33.965 Y73.016
G1 X33.271 Y72.455
G1 X33.030 Y72.411
G1 X32.695 Y72.522
G1 X32.450 Y72.856
G1 X32.082 Y72.501
G1 X31.715 Y72.411
G1 X31.437 Y72.467
G1 X31.212 Y72.638
G1 X31.064 Y72.900
G1 X31.015 Y73.231
G1 X31.057 Y73.616
G1 X31.387 Y74.284
G0 Z5.000 F500.000
G0 X31.686 Y73.610 F3000.000
G1 Z1.000 F500.000
G4 P100
G1 X31.640 Y73.281 F1000.000
G1 X31.702 Y73.007
G1 X31.890 Y72.916
G1 X32.080 Y72.993
G1 X32.320 Y73.281
G1 X32.280 Y74.276
G1 X32.028 Y74.141
G1 X31.686 Y73.610
G0 Z5.000 F500.000
G0 X32.880 Y74.286 F3000.000
G1 Z1.000 F500.000
G4 P100
G1 X33.300 Y75.386 F1000.000
G1 X33.440 Y76.246
G1 X33.330 Y76.646
G1 X33.140 Y76.308
G1 X32.880 Y74.286
G0 Z5.000 F500.000
G0 X35.055 Y74.481 F3000.000
G1 Z1.000 F500.000
G4 P100
G1 X35.170 Y74.711 F1000.000
G1 X35.470 Y74.796
G1 X35.622 Y74.753
G1 X35.680 Y74.401
G1 X35.995 Y74.688
G1 X36.325 Y74.776
G1 X36.579 Y74.719
G1 X36.782 Y74.551
G1 X36.916 Y74.291
G1 X36.960 Y73.961
G1 X36.875 Y73.446
G1 X36.640 Y72.991
G1 X36.815 Y72.961
G1 X37.130 Y73.081
G1 X37.650 Y73.551
G1 X37.752 Y73.491
G1 X37.790 Y73.326
G1 X37.695 Y73.016
G1 X37.232 Y72.581
G1 X36.968 Y72.453
G1 X36.430 Y72.458
G1 X36.240 Y72.601
G1 X35.645 Y72.411
G1 X35.539 Y71.525
G1 X35.350 Y70.798
G1 X35.066 Y70.312
G1 X34.675 Y70.151
G1 X34.440 Y70.199
G1 X34.275 Y70.346
G1 X34.145 Y70.886
G1 X34.370 Y72.028
G1 X35.065 Y73.466
G1 X35.055 Y74.481
G0 Z5.000 F500.000
G0 X35.675 Y73.246 F3000.000
G1 Z1.000 F500.000
G4 P100
G1 X35.670 Y72.891 F1000.000
G1 X36.002 Y73.088
G1 X36.245 Y73.478
G1 X36.335 Y73.966
G1 X36.275 Y74.193
G1 X36.115 Y74.271
G1 X35.916 Y74.176
G1 X35.680 Y73.891
G1 X35.675 Y73.246
G0 Z5.000 F500.000
G0 X35.055 Y72.691 F3000.000
G1 Z1.000 F500.000
G4 P100
G1 X34.715 Y71.736 F1000.000
G1 X34.590 Y70.971
G1 X34.627 Y70.726
G1 X34.715 Y70.641
G1 X34.839 Y70.787
G1 X34.940 Y71.228
G1 X35.055 Y72.691
G0 Z5.000 F500.000
G0 X37.472 Y72.611 F3000.000
G1 Z1.000 F500.000
G4 P100
G1 X37.395 Y73.251 F1000.000
G1 X37.441 Y73.884
G1 X37.580 Y74.486
G1 X37.727 Y74.698
G1 X38.015 Y74.766
G1 X38.155 Y74.741
G1 X38.195 Y74.646
G1 X37.990 Y73.566
G1 X38.360 Y74.266
G1 X38.762 Y74.651
G1 X39.125 Y74.766
G1 X39.369 Y74.684
G1 X39.450 Y74.441
G1 X39.396 Y73.744
G1 X39.490 Y73.701
G1 X39.985 Y73.986
G1 X40.087 Y73.928
G1 X40.125 Y73.776
G1 X40.025 Y73.486
G1 X39.697 Y73.238
G1 X39.300 Y73.136
G1 X38.897 Y73.271
G1 X38.794 Y73.429
G1 X38.730 Y74.001
G1 X38.532 Y73.833
G1 X38.290 Y73.391
G1 X37.967 Y72.493
G1 X37.740 Y72.411
G1 X37.578 Y72.461
G1 X37.472 Y72.611
G0 Z5.000 F500.000
G0 X39.657 Y73.033 F3000.000
G1 Z1.000 F500.000
G4 P100
G1 X39.585 Y73.476 F1000.000
G1 X39.730 Y74.118
G1 X40.132 Y74.591
G1 X40.715 Y74.766
G1 X40.976 Y74.722
G1 X41.180 Y74.593
G1 X41.311 Y74.390
G1 X41.355 Y74.126
G1 X41.293 Y73.805
G1 X41.107 Y73.533
G1 X40.774 Y73.311
G1 X40.270 Y73.141
G1 X40.451 Y72.968
G1 X40.745 Y72.911
G1 X41.257 Y73.068
G1 X41.890 Y73.551
G1 X41.992 Y73.491
G1 X42.030 Y73.326
G1 X41.935 Y73.016
G1 X41.412 Y72.601
G1 X40.690 Y72.411
G1 X40.224 Y72.482
G1 X39.875 Y72.696
G1 X39.657 Y73.033
G0 Z5.000 F500.000
G0 X40.190 Y73.541 F3000.000
G1 Z1.000 F500.000
G4 P100
G1 X40.655 Y73.741 F1000.000
G1 X40.782 Y73.892
G1 X40.772 Y74.218
G1 X40.630 Y74.276
G1 X40.459 Y74.222
G1 X40.317 Y74.061
G1 X40.190 Y73.541
G0 Z5.000 F500.000
G0 X41.465 Y73.151 F3000.000
G1 Z1.000 F500.000
G4 P100
G1 X41.880 Y73.711 F1000.000
G1 X42.305 Y74.601
G1 X42.451 Y74.766
G1 X42.700 Y74.821
G1 X42.895 Y74.796
G1 X42.950 Y74.716
G1 X42.785 Y74.186
G1 X43.242 Y73.438
G1 X43.315 Y72.976
G1 X44.025 Y73.551
G1 X44.127 Y73.491
G1 X44.165 Y73.326
G1 X44.070 Y73.016
G1 X43.592 Y72.593
G1 X42.555 Y72.301
G1 X42.157 Y72.421
G1 X42.020 Y72.691
G1 X42.115 Y72.916
G1 X42.395 Y73.011
G1 X42.680 Y72.981
G1 X42.622 Y73.226
G1 X42.340 Y73.636
G1 X42.032 Y73.146
G1 X41.700 Y72.776
G1 X41.510 Y72.686
G1 X41.380 Y72.743
G1 X41.330 Y72.886
G1 X41.465 Y73.151
G0 Z5.000 F500.000
G0 X43.685 Y73.476 F3000.000
G1 Z1.000 F500.000
G4 P100
G1 X43.830 Y74.118 F1000.000
G1 X44.003 Y74.385
G1 X44.507 Y74.722
G1 X44.815 Y74.766
G1 X45.076 Y74.722
G1 X45.280 Y74.593
G1 X45.411 Y74.390
G1 X45.455 Y74.126
G1 X45.393 Y73.805
G1 X45.207 Y73.533
G1 X44.874 Y73.311
G1 X44.370 Y73.141
G1 X44.551 Y72.968
G1 X44.845 Y72.911
G1 X45.357 Y73.068
G1 X45.990 Y73.551
G1 X46.092 Y73.491
G1 X46.130 Y73.326
G1 X46.035 Y73.016
G1 X45.512 Y72.601
G1 X44.790 Y72.411
G1 X44.324 Y72.482
G1 X43.975 Y72.696
G1 X43.757 Y73.033
G1 X43.685 Y73.476
G0 Z5.000 F500.000
G0 X44.290 Y73.541 F3000.000
G1 Z1.000 F500.000
G4 P100
G1 X44.755 Y73.741 F1000.000
G1 X44.882 Y73.892
G1 X44.872 Y74.218
G1 X44.730 Y74.276
G1 X44.559 Y74.222
G1 X44.417 Y74.061
G1 X44.290 Y73.541
G0 Z5.000 F500.000
G0 X45.781 Y73.884 F3000.000
G1 Z1.000 F500.000
G4 P100
G1 X45.920 Y74.486 F1000.000
G1 X46.067 Y74.698
G1 X46.355 Y74.766
G1 X46.495 Y74.741
G1 X46.535 Y74.646
G1 X46.330 Y73.566
G1 X46.700 Y74.266
G1 X47.102 Y74.651
G1 X47.465 Y74.766
G1 X47.709 Y74.684
G1 X47.790 Y74.441
G1 X47.736 Y73.744
G1 X47.830 Y73.701
G1 X48.325 Y73.986
G1 X48.427 Y73.928
G1 X48.465 Y73.776
G1 X48.365 Y73.486
G1 X48.038 Y73.238
G1 X47.640 Y73.136
G1 X47.407 Y73.169
G1 X47.134 Y73.429
G1 X47.070 Y74.001
G1 X46.873 Y73.833
G1 X46.630 Y73.391
G1 X46.308 Y72.493
G1 X46.080 Y72.411
G1 X45.918 Y72.461
G1 X45.812 Y72.611
G1 X45.735 Y73.251
G1 X45.781 Y73.884
G0 Z5.000 F500.000
G0 X48.070 Y73.076 F3000.000
G1 Z1.000 F500.000
G4 P100
G1 X48.010 Y74.476 F1000.000
G1 X48.100 Y74.706
G1 X48.355 Y74.771
G1 X48.547 Y74.713
G1 X48.680 Y73.026
G1 X49.130 Y73.736
G1 X49.055 Y74.081
G1 X49.130 Y74.411
G1 X49.335 Y74.671
G1 X49.630 Y74.771
G1 X49.865 Y74.668
G1 X49.955 Y74.371
G1 X49.835 Y73.856
G1 X50.525 Y73.961
G1 X50.640 Y73.911
G1 X50.620 Y73.533
G1 X50.440 Y73.406
G1 X49.950 Y73.331
G1 X49.535 Y73.391
G1 X48.870 Y72.516
G1 X48.540 Y72.411
G1 X48.357 Y72.451
G1 X48.218 Y72.571
G1 X48.070 Y73.076
G0 Z5.000 F500.000
G0 X50.242 Y73.033 F3000.000
G1 Z1.000 F500.000
G4 P100
G1 X50.170 Y73.476 F1000.000
G1 X50.315 Y74.118
G1 X50.717 Y74.591
G1 X51.300 Y74.766
G1 X51.561 Y74.722
G1 X51.765 Y74.593
G1 X51.896 Y74.390
G1 X51.940 Y74.126
G1 X51.878 Y73.805
G1 X51.692 Y73.533
G1 X51.359 Y73.311
G1 X50.855 Y73.141
G1 X51.036 Y72.968
G1 X51.330 Y72.911
G1 X51.842 Y73.068
G1 X52.475 Y73.551
G1 X52.577 Y73.491
G1 X52.615 Y73.326
G1 X52.520 Y73.016
G1 X51.997 Y72.601
G1 X51.275 Y72.411
G1 X50.809 Y72.482
G1 X50.460 Y72.696
G1 X50.242 Y73.033
G0 Z5.000 F500.000
G0 X50.775 Y73.541 F3000.000
G1 Z1.000 F500.000
G4 P100
G1 X51.240 Y73.741 F1000.000
G1 X51.367 Y73.892
G1 X51.357 Y74.218
G1 X51.215 Y74.276
G1 X51.044 Y74.222
G1 X50.902 Y74.061
G1 X50.775 Y73.541
G0 Z5.000 F500.000
G0 X53.300 Y74.521 F3000.000
G1 Z1.000 F500.000
G4 P100
G1 X53.356 Y74.731 F1000.000
G1 X53.810 Y74.801
G1 X54.070 Y75.806
G1 X54.493 Y76.531
G1 X54.749 Y76.733
G1 X55.025 Y76.801
G1 X55.212 Y76.754
G1 X55.355 Y76.616
G1 X55.475 Y76.151
G1 X55.434 Y75.776
G1 X55.312 Y75.426
G1 X54.825 Y74.801
G1 X55.500 Y74.766
G1 X55.500 Y74.485
G1 X55.394 Y74.377
G1 X54.970 Y74.291
G1 X54.360 Y74.291
G1 X54.381 Y73.458
G1 X54.472 Y73.171
G1 X54.631 Y73.013
G1 X54.860 Y72.961
G1 X55.240 Y73.091
G1 X55.765 Y73.551
G1 X55.867 Y73.491
G1 X55.905 Y73.326
G1 X55.810 Y73.016
G1 X55.340 Y72.581
G1 X55.066 Y72.453
G1 X54.755 Y72.411
G1 X54.309 Y72.500
G1 X53.990 Y72.769
G1 X53.799 Y73.218
G1 X53.750 Y74.291
G1 X53.353 Y74.346
G1 X53.300 Y74.521
G0 Z5.000 F500.000
G0 X54.410 Y74.876 F3000.000
G1 Z1.000 F500.000
G4 P100
G1 X54.852 Y75.448 F1000.000
G1 X55.000 Y76.026
G1 X54.972 Y76.247
G1 X54.890 Y76.321
G1 X54.723 Y76.133
G1 X54.547 Y75.613
G1 X54.410 Y74.876
G0 Z5.000 F500.000
G0 X55.693 Y75.166 F3000.000
G1 Z1.000 F500.000
G4 P100
G1 X55.888 Y75.934 F1000.000
G1 X56.158 Y76.568
G1 X56.496 Y76.994
G1 X56.895 Y77.136
G1 X57.103 Y77.086
G1 X57.374 Y76.711
G1 X57.336 Y75.911
G1 X57.115 Y75.378
G1 X56.155 Y74.111
G1 X56.140 Y73.576
G1 X56.508 Y74.268
G1 X56.908 Y74.651
G1 X57.270 Y74.766
G1 X57.514 Y74.684
G1 X57.595 Y74.441
G1 X57.390 Y73.161
G1 X57.426 Y73.011
G1 X57.535 Y72.961
G1 X57.773 Y73.083
G1 X58.275 Y73.551
G1 X58.378 Y73.491
G1 X58.415 Y73.326
G1 X58.320 Y73.016
G1 X57.848 Y72.581
G1 X57.588 Y72.453
G1 X57.071 Y72.447
G1 X56.813 Y72.739
G1 X56.780 Y72.986
G1 X56.915 Y73.921
G1 X56.860 Y74.001
G1 X56.675 Y73.833
G1 X56.435 Y73.391
G1 X56.075 Y72.511
G1 X55.770 Y72.411
G1 X55.573 Y72.518
G1 X55.535 Y73.561
G1 X55.693 Y75.166
G0 Z5.000 F500.000
G0 X56.210 Y74.736 F3000.000
G1 Z1.000 F500.000
G4 P100
G1 X56.723 Y75.531 F1000.000
G1 X56.874 Y75.941
G1 X56.925 Y76.311
G1 X56.890 Y76.556
G1 X56.790 Y76.641
G1 X56.590 Y76.383
G1 X56.378 Y75.688
G1 X56.210 Y74.736
G0 Z5.000 F500.000
G0 X58.253 Y74.385 F3000.000
G1 Z1.000 F500.000
G4 P100
G1 X58.757 Y74.722 F1000.000
G1 X59.326 Y74.722
G1 X59.530 Y74.593
G1 X59.661 Y74.390
G1 X59.705 Y74.126
G1 X59.643 Y73.805
G1 X59.458 Y73.533
G1 X59.124 Y73.311
G1 X58.620 Y73.141
G1 X58.801 Y72.968
G1 X59.095 Y72.911
G1 X59.608 Y73.068
G1 X60.240 Y73.551
G1 X60.343 Y73.491
G1 X60.380 Y73.326
G1 X60.285 Y73.016
G1 X59.763 Y72.601
G1 X59.413 Y72.458
G1 X59.040 Y72.411
G1 X58.574 Y72.482
G1 X58.225 Y72.696
G1 X58.008 Y73.033
G1 X57.935 Y73.476
G1 X58.080 Y74.118
G1 X58.253 Y74.385
G0 Z5.000 F500.000
G0 X58.668 Y74.061 F3000.000
G1 Z1.000 F500.000
G4 P100
G1 X58.540 Y73.541 F1000.000
G1 X59.005 Y73.741
G1 X59.175 Y74.066
G1 X59.123 Y74.218
G1 X58.980 Y74.276
G1 X58.809 Y74.222
G1 X58.668 Y74.061
G0 Z5.000 F500.000
G0 X61.356 Y73.884 F3000.000
G1 Z1.000 F500.000
G4 P100
G1 X61.495 Y74.486 F1000.000
G1 X61.643 Y74.698
G1 X61.930 Y74.766
G1 X62.070 Y74.741
G1 X62.110 Y74.646
G1 X61.905 Y73.566
G1 X62.275 Y74.266
G1 X62.678 Y74.651
G1 X63.040 Y74.766
G1 X63.284 Y74.684
G1 X63.365 Y74.441
G1 X63.311 Y73.744
G1 X63.405 Y73.701
G1 X63.900 Y73.986
G1 X64.003 Y73.928
G1 X64.040 Y73.776
G1 X63.940 Y73.486
G1 X63.613 Y73.238
G1 X63.215 Y73.136
G1 X62.982 Y73.169
G1 X62.709 Y73.429
G1 X62.645 Y74.001
G1 X62.448 Y73.833
G1 X62.205 Y73.391
G1 X61.883 Y72.493
G1 X61.655 Y72.411
G1 X61.493 Y72.461
G1 X61.388 Y72.611
G1 X61.310 Y73.251
G1 X61.356 Y73.884
G0 Z5.000 F500.000
G0 X63.500 Y73.461 F3000.000
G1 Z1.000 F500.000
G4 P100
G1 X63.645 Y74.138 F1000.000
G1 X63.818 Y74.403
G1 X64.314 Y74.729
G1 X64.610 Y74.771
G1 X64.953 Y74.705
G1 X65.223 Y74.508
G1 X65.407 Y74.215
G1 X65.495 Y73.861
G1 X66.125 Y73.971
G1 X66.225 Y73.906
G1 X66.260 Y73.741
G1 X66.224 Y73.549
G1 X66.115 Y73.456
G1 X65.455 Y73.336
G1 X65.314 Y72.957
G1 X65.080 Y72.663
G1 X64.781 Y72.474
G1 X64.445 Y72.411
G1 X63.933 Y72.556
G1 X63.610 Y72.941
G1 X63.500 Y73.461
G0 Z5.000 F500.000
G0 X64.233 Y73.086 F3000.000
G1 Z1.000 F500.000
G4 P100
G1 X64.485 Y72.941 F1000.000
G1 X64.763 Y73.071
G1 X64.920 Y73.446
G1 X64.683 Y73.721
G1 X64.615 Y74.241
G1 X64.413 Y74.192
G1 X64.258 Y74.048
G1 X64.158 Y73.816
G1 X64.125 Y73.506
G1 X64.233 Y73.086
G0 Z5.000 F500.000
G0 X65.648 Y74.346 F3000.000
G1 Z1.000 F500.000
G4 P100
G1 X65.595 Y74.521 F1000.000
G1 X65.651 Y74.731
G1 X66.105 Y74.801
G1 X66.365 Y75.806
G1 X66.788 Y76.531
G1 X67.044 Y76.733
G1 X67.320 Y76.801
G1 X67.508 Y76.754
G1 X67.650 Y76.616
G1 X67.770 Y76.151
G1 X67.729 Y75.776
G1 X67.608 Y75.426
G1 X67.120 Y74.801
G1 X67.795 Y74.766
G1 X67.795 Y74.485
G1 X67.689 Y74.377
G1 X67.265 Y74.291
G1 X66.655 Y74.291
G1 X66.676 Y73.458
G1 X66.768 Y73.171
G1 X66.926 Y73.013
G1 X67.155 Y72.961
G1 X67.535 Y73.091
G1 X68.060 Y73.551
G1 X68.163 Y73.491
G1 X68.200 Y73.326
G1 X68.105 Y73.016
G1 X67.635 Y72.581
G1 X67.361 Y72.453
G1 X67.050 Y72.411
G1 X66.604 Y72.500
G1 X66.285 Y72.769
G1 X66.094 Y73.218
G1 X66.045 Y74.291
G1 X65.648 Y74.346
G0 Z5.000 F500.000
G0 X66.705 Y74.876 F3000.000
G1 Z1.000 F500.000
G4 P100
G1 X67.148 Y75.448 F1000.000
G1 X67.295 Y76.026
G1 X67.268 Y76.247
G1 X67.185 Y76.321
G1 X67.018 Y76.133
G1 X66.843 Y75.613
G1 X66.705 Y74.876
G0 Z5.000 F500.000
G0 X68.131 Y74.306 F3000.000
G1 Z1.000 F500.000
G4 P100
G1 X68.724 Y74.721 F1000.000
G1 X69.060 Y74.776
G1 X69.208 Y74.733
G1 X69.270 Y74.581
G1 X69.674 Y74.557
G1 X69.735 Y74.426
G1 X69.545 Y73.126
G1 X69.583 Y73.006
G1 X69.680 Y72.961
G1 X69.910 Y73.083
G1 X70.410 Y73.551
G1 X70.513 Y73.491
G1 X70.550 Y73.326
G1 X70.455 Y73.016
G1 X70.020 Y72.586
G1 X69.575 Y72.411
G1 X69.273 Y72.523
G1 X69.065 Y72.831
G1 X68.771 Y72.516
G1 X68.410 Y72.411
G1 X68.131 Y72.467
G1 X67.915 Y72.636
G1 X67.776 Y72.896
G1 X67.730 Y73.226
G1 X67.776 Y73.615
G1 X68.131 Y74.306
G0 Z5.000 F500.000
G0 X68.460 Y73.751 F3000.000
G1 Z1.000 F500.000
G4 P100
G1 X68.355 Y73.221 F1000.000
G1 X68.418 Y72.991
G1 X68.590 Y72.916
G1 X68.800 Y73.046
G1 X68.945 Y73.391
G1 X69.130 Y74.311
G1 X68.743 Y74.153
G1 X68.460 Y73.751
G0 Z5.000 F500.000
G0 X69.910 Y74.521 F3000.000
G1 Z1.000 F500.000
G4 P100
G1 X69.966 Y74.731 F1000.000
G1 X70.420 Y74.801
G1 X70.680 Y75.806
G1 X71.103 Y76.531
G1 X71.359 Y76.733
G1 X71.635 Y76.801
G1 X71.823 Y76.754
G1 X71.965 Y76.616
G1 X72.085 Y76.151
G1 X72.044 Y75.776
G1 X71.923 Y75.426
G1 X71.435 Y74.801
G1 X72.110 Y74.766
G1 X72.110 Y74.485
G1 X72.004 Y74.377
G1 X71.580 Y74.291
G1 X70.970 Y74.291
G1 X70.991 Y73.458
G1 X71.083 Y73.171
G1 X71.241 Y73.013
G1 X71.470 Y72.961
G1 X71.850 Y73.091
G1 X72.375 Y73.551
G1 X72.478 Y73.491
G1 X72.515 Y73.326
G1 X72.420 Y73.016
G1 X71.950 Y72.581
G1 X71.676 Y72.453
G1 X71.365 Y72.411
G1 X70.919 Y72.500
G1 X70.600 Y72.769
G1 X70.409 Y73.218
G1 X70.360 Y74.291
G1 X69.963 Y74.346
G1 X69.910 Y74.521
G0 Z5.000 F500.000
G0 X71.020 Y74.876 F3000.000
G1 Z1.000 F500.000
G4 P100
G1 X71.463 Y75.448 F1000.000
G1 X71.610 Y76.026
G1 X71.583 Y76.247
G1 X71.500 Y76.321
G1 X71.333 Y76.133
G1 X71.158 Y75.613
G1 X71.020 Y74.876
G0 Z5.000 F500.000
G0 X72.345 Y75.466 F3000.000
G1 Z1.000 F500.000
G4 P100
G1 X72.483 Y75.758 F1000.000
G1 X72.825 Y75.876
G1 X73.125 Y75.786
G1 X73.240 Y75.531
G1 X73.110 Y75.213
G1 X72.765 Y75.096
G1 X72.450 Y75.193
G1 X72.345 Y75.466
G0 Z5.000 F500.000
G0 X72.670 Y74.766 F3000.000
G1 Z1.000 F500.000
G4 P100
G1 X72.861 Y74.723 F1000.000
G1 X72.925 Y74.596
G1 X72.710 Y73.271
G1 X72.750 Y73.041
G1 X72.885 Y72.961
G1 X73.110 Y73.086
G1 X73.605 Y73.551
G1 X73.708 Y73.491
G1 X73.745 Y73.326
G1 X73.650 Y73.016
G1 X73.171 Y72.562
G1 X72.725 Y72.411
G1 X72.444 Y72.468
G1 X72.253 Y72.641
G1 X72.105 Y73.251
G1 X72.310 Y74.486
G1 X72.430 Y74.706
G1 X72.670 Y74.766
G0 Z5.000 F500.000
G0 X73.410 Y74.138 F3000.000
G1 Z1.000 F500.000
G4 P100
G1 X73.583 Y74.403 F1000.000
G1 X74.079 Y74.729
G1 X74.375 Y74.771
G1 X74.718 Y74.705
G1 X74.988 Y74.508
G1 X75.172 Y74.215
G1 X75.260 Y73.861
G1 X75.890 Y73.971
G1 X75.990 Y73.906
G1 X75.989 Y73.549
G1 X75.880 Y73.456
G1 X75.220 Y73.336
G1 X75.079 Y72.957
G1 X74.845 Y72.663
G1 X74.546 Y72.474
G1 X73.932 Y72.447
G1 X73.698 Y72.556
G1 X73.375 Y72.941
G1 X73.265 Y73.461
G1 X73.410 Y74.138
G0 Z5.000 F500.000
G0 X73.890 Y73.506 F3000.000
G1 Z1.000 F500.000
G4 P100
G1 X73.998 Y73.086 F1000.000
G1 X74.250 Y72.941
G1 X74.528 Y73.071
G1 X74.685 Y73.446
G1 X74.448 Y73.721
G1 X74.380 Y74.241
G1 X74.178 Y74.192
G1 X74.023 Y74.048
G1 X73.890 Y73.506
G0 Z5.000 F500.000
G0 X75.651 Y73.884 F3000.000
G1 Z1.000 F500.000
G4 P100
G1 X75.790 Y74.486 F1000.000
G1 X75.938 Y74.698
G1 X76.225 Y74.766
G1 X76.365 Y74.741
G1 X76.405 Y74.646
G1 X76.200 Y73.566
G1 X76.570 Y74.266
G1 X76.973 Y74.651
G1 X77.335 Y74.766
G1 X77.579 Y74.684
G1 X77.660 Y74.441
G1 X77.455 Y73.161
G1 X77.491 Y73.011
G1 X77.600 Y72.961
G1 X77.838 Y73.083
G1 X78.340 Y73.551
G1 X78.443 Y73.491
G1 X78.480 Y73.326
G1 X78.385 Y73.016
G1 X77.923 Y72.581
G1 X77.658 Y72.453
G1 X77.136 Y72.447
G1 X76.878 Y72.739
G1 X76.845 Y72.986
G1 X76.980 Y73.921
G1 X76.925 Y74.001
G1 X76.743 Y73.833
G1 X76.503 Y73.391
G1 X76.178 Y72.493
G1 X75.950 Y72.411
G1 X75.788 Y72.461
G1 X75.683 Y72.611
G1 X75.605 Y73.251
G1 X75.651 Y73.884
G0 Z5.000 F500.000
G0 X78.040 Y72.821 F3000.000
G1 Z1.000 F500.000
G4 P100
G1 X78.158 Y73.206 F1000.000
G1 X78.460 Y73.341
G1 X78.733 Y73.243
G1 X78.825 Y72.981
G1 X78.720 Y72.516
G1 X78.308 Y71.706
G1 X78.155 Y71.646
G1 X77.980 Y71.696
G1 X77.915 Y71.856
G1 X78.040 Y72.821
G0 Z5.000 F500.000
G0 X80.773 Y72.611 F3000.000
G1 Z1.000 F500.000
G4 P100
G1 X80.695 Y73.251 F1000.000
G1 X80.741 Y73.884
G1 X80.880 Y74.486
G1 X81.028 Y74.698
G1 X81.315 Y74.766
G1 X81.455 Y74.741
G1 X81.495 Y74.646
G1 X81.290 Y73.566
G1 X81.660 Y74.266
G1 X82.063 Y74.651
G1 X82.425 Y74.766
G1 X82.669 Y74.684
G1 X82.750 Y74.441
G1 X82.545 Y73.161
G1 X82.581 Y73.011
G1 X82.690 Y72.961
G1 X82.928 Y73.083
G1 X83.430 Y73.551
G1 X83.533 Y73.491
G1 X83.570 Y73.326
G1 X83.475 Y73.016
G1 X83.013 Y72.581
G1 X82.748 Y72.453
G1 X82.226 Y72.447
G1 X81.968 Y72.739
G1 X81.935 Y72.986
G1 X82.070 Y73.921
G1 X82.015 Y74.001
G1 X81.833 Y73.833
G1 X81.593 Y73.391
G1 X81.268 Y72.493
G1 X81.040 Y72.411
G1 X80.878 Y72.461
G1 X80.773 Y72.611
G0 Z5.000 F500.000
G0 X83.200 Y72.941 F3000.000
G1 Z1.000 F500.000
G4 P100
G1 X83.090 Y73.461 F1000.000
G1 X83.235 Y74.138
G1 X83.408 Y74.403
G1 X83.904 Y74.729
G1 X84.200 Y74.771
G1 X84.543 Y74.705
G1 X84.813 Y74.508
G1 X84.997 Y74.215
G1 X85.085 Y73.861
G1 X85.715 Y73.971
G1 X85.815 Y73.906
G1 X85.814 Y73.549
G1 X85.705 Y73.456
G1 X85.045 Y73.336
G1 X84.904 Y72.957
G1 X84.670 Y72.663
G1 X84.371 Y72.474
G1 X83.757 Y72.447
G1 X83.523 Y72.556
G1 X83.200 Y72.941
G0 Z5.000 F500.000
G0 X83.823 Y73.086 F3000.000
G1 Z1.000 F500.000
G4 P100
G1 X84.075 Y72.941 F1000.000
G1 X84.353 Y73.071
G1 X84.510 Y73.446
G1 X84.273 Y73.721
G1 X84.205 Y74.241
G1 X84.003 Y74.192
G1 X83.848 Y74.048
G1 X83.748 Y73.816
G1 X83.715 Y73.506
G1 X83.823 Y73.086
G0 Z5.000 F500.000
G0 X85.238 Y74.346 F3000.000
G1 Z1.000 F500.000
G4 P100
G1 X85.185 Y74.521 F1000.000
G1 X85.241 Y74.731
G1 X85.695 Y74.801
G1 X85.955 Y75.806
G1 X86.378 Y76.531
G1 X86.634 Y76.733
G1 X86.910 Y76.801
G1 X87.098 Y76.754
G1 X87.240 Y76.616
G1 X87.360 Y76.151
G1 X87.319 Y75.776
G1 X87.198 Y75.426
G1 X86.710 Y74.801
G1 X87.385 Y74.766
G1 X87.385 Y74.485
G1 X87.279 Y74.377
G1 X86.855 Y74.291
G1 X86.245 Y74.291
G1 X86.266 Y73.458
G1 X86.358 Y73.171
G1 X86.516 Y73.013
G1 X86.745 Y72.961
G1 X87.125 Y73.091
G1 X87.650 Y73.551
G1 X87.753 Y73.491
G1 X87.790 Y73.326
G1 X87.695 Y73.016
G1 X87.225 Y72.581
G1 X86.951 Y72.453
G1 X86.640 Y72.411
G1 X86.194 Y72.500
G1 X85.875 Y72.769
G1 X85.684 Y73.218
G1 X85.635 Y74.291
G1 X85.238 Y74.346
G0 Z5.000 F500.000
G0 X86.295 Y74.876 F3000.000
G1 Z1.000 F500.000
G4 P100
G1 X86.738 Y75.448 F1000.000
G1 X86.885 Y76.026
G1 X86.858 Y76.247
G1 X86.775 Y76.321
G1 X86.608 Y76.133
G1 X86.433 Y75.613
G1 X86.295 Y74.876
G0 Z5.000 F500.000
G0 X88.780 Y74.138 F3000.000
G1 Z1.000 F500.000
G4 P100
G1 X88.953 Y74.403 F1000.000
G1 X89.449 Y74.729
G1 X89.745 Y74.771
G1 X90.088 Y74.705
G1 X90.358 Y74.508
G1 X90.542 Y74.215
G1 X90.630 Y73.861
G1 X91.260 Y73.971
G1 X91.360 Y73.906
G1 X91.359 Y73.549
G1 X91.250 Y73.456
G1 X90.590 Y73.336
G1 X90.449 Y72.957
G1 X90.215 Y72.663
G1 X89.916 Y72.474
G1 X89.302 Y72.447
G1 X89.068 Y72.556
G1 X88.745 Y72.941
G1 X88.635 Y73.461
G1 X88.780 Y74.138
G0 Z5.000 F500.000
G0 X89.260 Y73.506 F3000.000
G1 Z1.000 F500.000
G4 P100
G1 X89.368 Y73.086 F1000.000
G1 X89.620 Y72.941
G1 X89.898 Y73.071
G1 X90.055 Y73.446
G1 X89.818 Y73.721
G1 X89.750 Y74.241
G1 X89.548 Y74.192
G1 X89.393 Y74.048
G1 X89.260 Y73.506
G0 Z5.000 F500.000
G0 X91.021 Y73.884 F3000.000
G1 Z1.000 F500.000
G4 P100
G1 X91.160 Y74.486 F1000.000
G1 X91.308 Y74.698
G1 X91.595 Y74.766
G1 X91.735 Y74.741
G1 X91.775 Y74.646
G1 X91.570 Y73.566
G1 X91.940 Y74.266
G1 X92.343 Y74.651
G1 X92.705 Y74.766
G1 X92.949 Y74.684
G1 X93.030 Y74.441
G1 X92.825 Y73.161
G1 X92.861 Y73.011
G1 X92.970 Y72.961
G1 X93.208 Y73.083
G1 X93.710 Y73.551
G1 X93.813 Y73.491
G1 X93.850 Y73.326
G1 X93.755 Y73.016
G1 X93.293 Y72.581
G1 X93.028 Y72.453
G1 X92.506 Y72.447
G1 X92.248 Y72.739
G1 X92.215 Y72.986
G1 X92.350 Y73.921
G1 X92.295 Y74.001
G1 X92.113 Y73.833
G1 X91.873 Y73.391
G1 X91.548 Y72.493
G1 X91.320 Y72.411
G1 X91.158 Y72.461
G1 X91.053 Y72.611
G1 X90.975 Y73.251
G1 X91.021 Y73.884
G0 Z5.000 F500.000
G0 X93.533 Y73.269 F3000.000
G1 Z1.000 F500.000
G4 P100
G1 X93.480 Y73.846 F1000.000
G1 X93.638 Y75.236
G1 X93.833 Y75.961
G1 X94.103 Y76.576
G1 X94.439 Y76.996
G1 X94.835 Y77.136
G1 X95.049 Y77.080
G1 X95.213 Y76.913
G1 X95.316 Y76.642
G1 X95.350 Y76.276
G1 X95.268 Y75.633
G1 X95.020 Y74.896
G1 X94.631 Y74.114
G1 X94.125 Y73.341
G1 X94.240 Y73.048
G1 X94.450 Y72.961
G1 X94.810 Y73.078
G1 X95.340 Y73.551
G1 X95.443 Y73.491
G1 X95.480 Y73.326
G1 X95.385 Y73.016
G1 X94.918 Y72.581
G1 X94.345 Y72.411
G1 X93.962 Y72.511
G1 X93.693 Y72.811
G1 X93.533 Y73.269
G0 Z5.000 F500.000
G0 X94.090 Y74.016 F3000.000
G1 Z1.000 F500.000
G4 P100
G1 X94.655 Y75.188 F1000.000
G1 X94.813 Y75.750
G1 X94.865 Y76.261
G1 X94.830 Y76.546
G1 X94.725 Y76.641
G1 X94.465 Y76.226
G1 X94.210 Y75.196
G1 X94.090 Y74.016
G0 Z5.000 F500.000
G0 X95.290 Y74.486 F3000.000
G1 Z1.000 F500.000
G4 P100
G1 X95.430 Y74.701 F1000.000
G1 X95.715 Y74.766
G1 X95.868 Y74.731
G1 X95.910 Y74.626
G1 X95.675 Y73.321
G1 X95.780 Y73.131
G1 X95.968 Y73.281
G1 X96.208 Y73.736
G1 X96.578 Y74.701
G1 X96.825 Y74.766
G1 X96.985 Y74.736
G1 X97.030 Y74.636
G1 X96.770 Y72.971
G1 X97.520 Y73.501
G1 X97.635 Y73.541
G1 X97.738 Y73.478
G1 X97.775 Y73.321
G1 X97.630 Y73.026
G1 X96.670 Y72.381
G1 X96.451 Y71.456
G1 X96.173 Y70.753
G1 X95.823 Y70.309
G1 X95.390 Y70.161
G1 X95.159 Y70.200
G1 X94.855 Y70.500
G1 X94.815 Y70.731
G1 X94.923 Y71.211
G1 X95.323 Y71.773
G1 X96.150 Y72.501
G1 X96.245 Y73.146
G1 X95.965 Y72.598
G1 X95.780 Y72.457
G1 X95.381 Y72.462
G1 X95.218 Y72.618
G1 X95.075 Y73.136
G1 X95.125 Y73.823
G1 X95.290 Y74.486
G0 Z5.000 F500.000
G0 X96.035 Y71.901 F3000.000
G1 Z1.000 F500.000
G4 P100
G1 X95.478 Y71.308 F1000.000
G1 X95.305 Y70.841
G1 X95.338 Y70.701
G1 X95.445 Y70.646
G1 X95.578 Y70.718
G1 X95.725 Y70.936
G1 X96.035 Y71.901
G0 Z5.000 F500.000
G0 X98.883 Y72.611 F3000.000
G1 Z1.000 F500.000
G4 P100
G1 X98.805 Y73.251 F1000.000
G1 X98.990 Y74.486
G1 X99.138 Y74.698
G1 X99.425 Y74.766
G1 X99.565 Y74.741
G1 X99.605 Y74.646
G1 X99.400 Y73.571
G1 X99.723 Y74.231
G1 X100.108 Y74.633
G1 X100.480 Y74.766
G1 X100.728 Y74.686
G1 X100.800 Y74.441
G1 X100.650 Y73.591
G1 X100.914 Y74.122
G1 X101.205 Y74.486
G1 X101.500 Y74.696
G1 X101.775 Y74.766
G1 X102.019 Y74.684
G1 X102.100 Y74.441
G1 X101.895 Y73.161
G1 X101.931 Y73.011
G1 X102.040 Y72.961
G1 X102.278 Y73.083
G1 X102.780 Y73.551
G1 X102.883 Y73.491
G1 X102.920 Y73.326
G1 X102.825 Y73.016
G1 X102.363 Y72.581
G1 X102.098 Y72.453
G1 X101.576 Y72.447
G1 X101.318 Y72.739
G1 X101.285 Y72.986
G1 X101.420 Y73.921
G1 X101.365 Y74.001
G1 X101.180 Y73.833
G1 X100.940 Y73.391
G1 X100.618 Y72.491
G1 X100.385 Y72.411
G1 X100.138 Y72.568
G1 X100.055 Y72.951
G1 X100.145 Y73.921
G1 X100.090 Y74.001
G1 X99.900 Y73.821
G1 X99.678 Y73.361
G1 X99.378 Y72.493
G1 X99.150 Y72.411
G1 X98.988 Y72.461
G1 X98.883 Y72.611
G0 Z5.000 F500.000
G0 X102.513 Y73.033 F3000.000
G1 Z1.000 F500.000
G4 P100
G1 X102.440 Y73.476 F1000.000
G1 X102.585 Y74.118
G1 X102.988 Y74.591
G1 X103.570 Y74.766
G1 X103.831 Y74.722
G1 X104.035 Y74.593
G1 X104.166 Y74.390
G1 X104.210 Y74.126
G1 X104.148 Y73.805
G1 X103.963 Y73.533
G1 X103.629 Y73.311
G1 X103.125 Y73.141
G1 X103.306 Y72.968
G1 X103.600 Y72.911
G1 X104.113 Y73.068
G1 X104.745 Y73.551
G1 X104.848 Y73.491
G1 X104.885 Y73.326
G1 X104.790 Y73.016
G1 X104.268 Y72.601
G1 X103.545 Y72.411
G1 X103.079 Y72.482
G1 X102.730 Y72.696
G1 X102.513 Y73.033
G0 Z5.000 F500.000
G0 X103.045 Y73.541 F3000.000
G1 Z1.000 F500.000
G4 P100
G1 X103.510 Y73.741 F1000.000
G1 X103.638 Y73.892
G1 X103.628 Y74.218
G1 X103.485 Y74.276
G1 X103.314 Y74.222
G1 X103.173 Y74.061
G1 X103.045 Y73.541
G0 Z5.000 F500.000
G0 X104.298 Y74.346 F3000.000
G1 Z1.000 F500.000
G4 P100
G1 X104.245 Y74.521 F1000.000
G1 X104.301 Y74.731
G1 X104.755 Y74.801
G1 X105.015 Y75.806
G1 X105.438 Y76.531
G1 X105.694 Y76.733
G1 X105.970 Y76.801
G1 X106.158 Y76.754
G1 X106.300 Y76.616
G1 X106.420 Y76.151
G1 X106.379 Y75.776
G1 X106.258 Y75.426
G1 X105.770 Y74.801
G1 X106.445 Y74.766
G1 X106.445 Y74.485
G1 X106.339 Y74.377
G1 X105.915 Y74.291
G1 X105.305 Y74.291
G1 X105.326 Y73.458
G1 X105.418 Y73.171
G1 X105.576 Y73.013
G1 X105.805 Y72.961
G1 X106.185 Y73.091
G1 X106.710 Y73.551
G1 X106.813 Y73.491
G1 X106.850 Y73.326
G1 X106.755 Y73.016
G1 X106.285 Y72.581
G1 X106.011 Y72.453
G1 X105.700 Y72.411
G1 X105.254 Y72.500
G1 X104.935 Y72.769
G1 X104.744 Y73.218
G1 X104.695 Y74.291
G1 X104.298 Y74.346
G0 Z5.000 F500.000
G0 X105.355 Y74.876 F3000.000
G1 Z1.000 F500.000
G4 P100
G1 X105.798 Y75.448 F1000.000
G1 X105.945 Y76.026
G1 X105.918 Y76.247
G1 X105.835 Y76.321
G1 X105.668 Y76.133
G1 X105.493 Y75.613
G1 X105.355 Y74.876
G0 Z5.000 F500.000
G0 X106.781 Y74.306 F3000.000
G1 Z1.000 F500.000
G4 P100
G1 X107.374 Y74.721 F1000.000
G1 X107.710 Y74.776
G1 X107.858 Y74.733
G1 X107.920 Y74.581
G1 X108.324 Y74.557
G1 X108.385 Y74.426
G1 X108.195 Y73.126
G1 X108.233 Y73.006
G1 X108.330 Y72.961
G1 X108.560 Y73.083
G1 X109.060 Y73.551
G1 X109.163 Y73.491
G1 X109.200 Y73.326
G1 X109.105 Y73.016
G1 X108.670 Y72.586
G1 X108.225 Y72.411
G1 X107.923 Y72.523
G1 X107.715 Y72.831
G1 X107.421 Y72.516
G1 X107.060 Y72.411
G1 X106.781 Y72.467
G1 X106.565 Y72.636
G1 X106.426 Y72.896
G1 X106.380 Y73.226
G1 X106.426 Y73.615
G1 X106.781 Y74.306
G0 Z5.000 F500.000
G0 X107.110 Y73.751 F3000.000
G1 Z1.000 F500.000
G4 P100
G1 X107.005 Y73.221 F1000.000
G1 X107.068 Y72.991
G1 X107.240 Y72.916
G1 X107.450 Y73.046
G1 X107.595 Y73.391
G1 X107.780 Y74.311
G1 X107.393 Y74.153
G1 X107.110 Y73.751
G0 Z5.000 F500.000
G0 X108.773 Y73.616 F3000.000
G1 Z1.000 F500.000
G4 P100
G1 X109.102 Y74.284 F1000.000
G1 X109.368 Y74.533
G1 X110.035 Y74.791
G1 X110.173 Y75.690
G1 X110.398 Y76.448
G1 X110.707 Y76.964
G1 X110.893 Y77.093
G1 X111.297 Y77.087
G1 X111.458 Y76.941
G1 X111.564 Y76.696
G1 X111.531 Y75.743
G1 X111.325 Y75.041
G1 X110.590 Y73.501
G1 X110.678 Y73.086
G1 X110.850 Y72.961
G1 X111.125 Y73.081
G1 X111.635 Y73.551
G1 X111.738 Y73.491
G1 X111.775 Y73.326
G1 X111.680 Y73.016
G1 X110.986 Y72.455
G1 X110.745 Y72.411
G1 X110.410 Y72.522
G1 X110.165 Y72.856
G1 X109.798 Y72.501
G1 X109.430 Y72.411
G1 X109.152 Y72.467
G1 X108.928 Y72.638
G1 X108.779 Y72.900
G1 X108.773 Y73.616
G0 Z5.000 F500.000
G0 X109.355 Y73.281 F3000.000
G1 Z1.000 F500.000
G4 P100
G1 X109.418 Y73.007 F1000.000
G1 X109.605 Y72.916
G1 X109.795 Y72.993
G1 X110.035 Y73.281
G1 X109.995 Y74.276
G1 X109.743 Y74.141
G1 X109.538 Y73.908
G1 X109.355 Y73.281
G0 Z5.000 F500.000
G0 X110.595 Y74.286 F3000.000
G1 Z1.000 F500.000
G4 P100
G1 X111.015 Y75.386 F1000.000
G1 X111.155 Y76.246
G1 X111.045 Y76.646
G1 X110.855 Y76.308
G1 X110.595 Y74.286
G0 Z5.000 F500.000
G0 X111.706 Y74.306 F3000.000
G1 Z1.000 F500.000
G4 P100
G1 X112.299 Y74.721 F1000.000
G1 X112.635 Y74.776
G1 X112.783 Y74.733
G1 X112.845 Y74.581
G1 X113.249 Y74.557
G1 X113.310 Y74.426
G1 X113.120 Y73.126
G1 X113.158 Y73.006
G1 X113.255 Y72.961
G1 X113.485 Y73.083
G1 X113.985 Y73.551
G1 X114.088 Y73.491
G1 X114.125 Y73.326
G1 X114.030 Y73.016
G1 X113.595 Y72.586
G1 X113.150 Y72.411
G1 X112.848 Y72.523
G1 X112.640 Y72.831
G1 X112.346 Y72.516
G1 X111.985 Y72.411
G1 X111.706 Y72.467
G1 X111.490 Y72.636
G1 X111.351 Y72.896
G1 X111.305 Y73.226
G1 X111.351 Y73.615
G1 X111.706 Y74.306
G0 Z5.000 F500.000
G0 X112.035 Y73.751 F3000.000
G1 Z1.000 F500.000
G4 P100
G1 X111.930 Y73.221 F1000.000
G1 X111.993 Y72.991
G1 X112.165 Y72.916
G1 X112.375 Y73.046
G1 X112.520 Y73.391
G1 X112.705 Y74.311
G1 X112.318 Y74.153
G1 X112.035 Y73.751
G0 Z5.000 F500.000
G0 X113.485 Y74.521 F3000.000
G1 Z1.000 F500.000
G4 P100
G1 X113.541 Y74.731 F1000.000
G1 X113.995 Y74.801
G1 X114.255 Y75.806
G1 X114.678 Y76.531
G1 X114.934 Y76.733
G1 X115.210 Y76.801
G1 X115.398 Y76.754
G1 X115.540 Y76.616
G1 X115.660 Y76.151
G1 X115.619 Y75.776
G1 X115.498 Y75.426
G1 X115.010 Y74.801
G1 X115.685 Y74.766
G1 X115.685 Y74.485
G1 X115.579 Y74.377
G1 X115.155 Y74.291
G1 X114.545 Y74.291
G1 X114.566 Y73.458
G1 X114.658 Y73.171
G1 X114.816 Y73.013
G1 X115.045 Y72.961
G1 X115.425 Y73.091
G1 X115.950 Y73.551
G1 X116.053 Y73.491
G1 X116.090 Y73.326
G1 X115.995 Y73.016
G1 X115.525 Y72.581
G1 X115.251 Y72.453
G1 X114.940 Y72.411
G1 X114.494 Y72.500
G1 X114.175 Y72.769
G1 X113.984 Y73.218
G1 X113.935 Y74.291
G1 X113.538 Y74.346
G1 X113.485 Y74.521
G0 Z5.000 F500.000
G0 X114.595 Y74.876 F3000.000
G1 Z1.000 F500.000
G4 P100
G1 X115.038 Y75.448 F1000.000
G1 X115.185 Y76.026
G1 X115.158 Y76.247
G1 X115.075 Y76.321
G1 X114.908 Y76.133
G1 X114.733 Y75.613
G1 X114.595 Y74.876
G0 Z5.000 F500.000
G0 X116.021 Y74.306 F3000.000
G1 Z1.000 F500.000
G4 P100
G1 X116.614 Y74.721 F1000.000
G1 X116.950 Y74.776
G1 X117.098 Y74.733
G1 X117.160 Y74.581
G1 X117.564 Y74.557
G1 X117.625 Y74.426
G1 X117.435 Y73.126
G1 X117.473 Y73.006
G1 X117.570 Y72.961
G1 X117.800 Y73.083
G1 X118.300 Y73.551
G1 X118.403 Y73.491
G1 X118.440 Y73.326
G1 X118.345 Y73.016
G1 X117.910 Y72.586
G1 X117.465 Y72.411
G1 X117.163 Y72.523
G1 X116.955 Y72.831
G1 X116.661 Y72.516
G1 X116.300 Y72.411
G1 X116.021 Y72.467
G1 X115.805 Y72.636
G1 X115.666 Y72.896
G1 X115.620 Y73.226
G1 X115.666 Y73.615
G1 X116.021 Y74.306
G0 Z5.000 F500.000
G0 X116.350 Y73.751 F3000.000
G1 Z1.000 F500.000
G4 P100
G1 X116.245 Y73.221 F1000.000
G1 X116.308 Y72.991
G1 X116.480 Y72.916
G1 X116.690 Y73.046
G1 X116.835 Y73.391
G1 X117.020 Y74.311
G1 X116.633 Y74.153
G1 X116.350 Y73.751
G0 Z5.000 F500.000
G0 X118.063 Y73.206 F3000.000
G1 Z1.000 F500.000
G4 P100
G1 X118.420 Y73.341 F1000.000
G1 X118.753 Y73.233
G1 X118.865 Y72.916
G1 X118.735 Y72.548
G1 X118.380 Y72.411
G1 X118.048 Y72.531
G1 X117.935 Y72.846
G1 X118.063 Y73.206
G0 Z5.000 F500.000
G0 X22.366 Y34.668 F3000.000
G1 Z1.000 F500.000
G4 P100
G1 X22.430 Y34.348 F1000.000
G1 X22.384 Y34.116
G1 X22.247 Y33.900
G1 X21.775 Y33.588
G1 X22.203 Y33.378
G1 X22.332 Y33.180
G1 X22.336 Y32.701
G1 X22.220 Y32.503
G1 X21.802 Y32.230
G1 X21.230 Y32.138
G1 X20.753 Y32.185
G1 X20.413 Y32.328
G1 X20.208 Y32.541
G1 X20.140 Y32.803
G1 X20.220 Y33.060
G1 X20.435 Y33.153
G1 X20.608 Y33.095
G1 X20.850 Y32.693
G1 X21.190 Y32.623
G1 X21.553 Y32.705
G1 X21.659 Y32.810
G1 X21.661 Y33.110
G1 X21.560 Y33.215
G1 X20.983 Y33.380
G1 X20.930 Y33.543
G1 X20.973 Y33.715
G1 X21.598 Y33.980
G1 X21.745 Y34.323
G1 X21.650 Y34.529
G1 X21.365 Y34.598
G1 X21.031 Y34.515
G1 X20.767 Y34.075
G1 X20.580 Y34.018
G1 X20.373 Y34.095
G1 X20.300 Y34.303
G1 X20.440 Y34.683
G1 X20.837 Y34.973
G1 X21.440 Y35.083
G1 X21.864 Y35.036
G1 X22.175 Y34.898
G1 X22.366 Y34.668
G0 Z5.000 F500.000
G0 X22.747 Y35.385 F3000.000
G1 Z1.000 F500.000
G4 P100
G1 X22.752 Y35.758 F1000.000
G1 X23.005 Y35.963
G1 X23.990 Y36.338
G1 X25.145 Y36.473
G1 X25.935 Y36.396
G1 X26.495 Y36.168
G1 X26.829 Y35.814
G1 X26.940 Y35.363
G1 X26.865 Y34.967
G1 X26.640 Y34.630
G1 X26.271 Y34.366
G1 X25.765 Y34.188
G1 X26.038 Y34.076
G1 X26.355 Y33.703
G1 X26.333 Y33.099
G1 X26.148 Y32.783
G1 X25.843 Y32.526
G1 X25.425 Y32.335
G1 X24.901 Y32.217
G1 X23.880 Y32.193
G1 X23.760 Y31.983
G1 X23.465 Y31.913
G1 X23.218 Y31.993
G1 X23.160 Y32.228
G1 X23.335 Y33.695
G1 X23.665 Y35.178
G1 X23.805 Y35.353
G1 X24.309 Y35.360
G1 X24.385 Y35.233
G1 X24.095 Y34.015
G1 X23.910 Y32.743
G1 X24.300 Y32.723
G1 X24.907 Y32.773
G1 X25.328 Y32.925
G1 X25.573 Y33.156
G1 X25.655 Y33.443
G1 X25.608 Y33.645
G1 X25.468 Y33.813
G1 X25.217 Y33.929
G1 X24.700 Y34.028
G1 X24.720 Y34.408
G1 X25.582 Y34.608
G1 X26.035 Y34.875
G1 X26.200 Y35.278
G1 X26.129 Y35.537
G1 X25.915 Y35.735
G1 X25.554 Y35.861
G1 X25.040 Y35.903
G1 X24.005 Y35.765
G1 X22.885 Y35.323
G1 X22.747 Y35.385
G0 Z5.000 F500.000
G0 X27.002 Y32.933 F3000.000
G1 Z1.000 F500.000
G4 P100
G1 X27.360 Y33.068 F1000.000
G1 X27.692 Y32.960
G1 X27.805 Y32.643
G1 X27.675 Y32.275
G1 X27.320 Y32.138
G1 X26.987 Y32.258
G1 X26.875 Y32.573
G1 X27.002 Y32.933
G0 Z5.000 F500.000
G0 X29.665 Y33.152 F3000.000
G1 Z1.000 F500.000
G4 P100
G1 X29.625 Y33.563 F1000.000
G1 X29.706 Y34.295
G1 X29.950 Y34.970
G1 X30.352 Y35.554
G1 X30.910 Y36.010
G1 X31.609 Y36.305
G1 X32.435 Y36.403
G1 X32.927 Y36.368
G1 X33.510 Y36.193
G1 X33.545 Y36.063
G1 X33.447 Y35.818
G1 X33.220 Y35.703
G1 X32.325 Y35.823
G1 X31.737 Y35.746
G1 X31.245 Y35.515
G1 X30.856 Y35.158
G1 X30.580 Y34.703
G1 X30.415 Y34.178
G1 X30.360 Y33.613
G1 X30.402 Y33.236
G1 X30.527 Y32.955
G1 X30.721 Y32.781
G1 X30.965 Y32.723
G1 X31.251 Y32.785
G1 X31.500 Y32.973
G1 X31.720 Y33.300
G1 X31.920 Y33.783
G1 X32.295 Y35.303
G1 X32.415 Y35.493
G1 X32.655 Y35.543
G1 X32.921 Y35.485
G1 X33.010 Y35.313
G1 X32.650 Y33.248
G1 X32.730 Y32.855
G1 X32.975 Y32.733
G1 X33.280 Y32.840
G1 X33.780 Y33.278
G1 X33.883 Y33.218
G1 X33.920 Y33.053
G1 X33.825 Y32.743
G1 X33.345 Y32.293
G1 X32.770 Y32.138
G1 X32.454 Y32.188
G1 X32.205 Y32.340
G1 X32.030 Y32.585
G1 X31.935 Y32.913
G1 X31.477 Y32.331
G1 X31.183 Y32.186
G1 X30.517 Y32.180
G1 X29.974 Y32.516
G1 X29.665 Y33.152
G0 Z5.000 F500.000
G0 X33.525 Y32.978 F3000.000
G1 Z1.000 F500.000
G4 P100
G1 X33.710 Y34.213 F1000.000
G1 X33.858 Y34.425
G1 X34.145 Y34.493
G1 X34.285 Y34.468
G1 X34.325 Y34.373
G1 X34.120 Y33.293
G1 X34.490 Y33.993
G1 X34.892 Y34.378
G1 X35.255 Y34.493
G1 X35.499 Y34.411
G1 X35.580 Y34.168
G1 X35.375 Y32.888
G1 X35.411 Y32.738
G1 X35.520 Y32.688
G1 X35.758 Y32.810
G1 X36.260 Y33.278
G1 X36.362 Y33.218
G1 X36.400 Y33.053
G1 X36.305 Y32.743
G1 X35.843 Y32.308
G1 X35.280 Y32.138
G1 X35.056 Y32.175
G1 X34.797 Y32.466
G1 X34.765 Y32.713
G1 X34.900 Y33.648
G1 X34.845 Y33.728
G1 X34.662 Y33.560
G1 X34.422 Y33.118
G1 X34.097 Y32.220
G1 X33.870 Y32.138
G1 X33.708 Y32.188
G1 X33.602 Y32.338
G1 X33.525 Y32.978
G0 Z5.000 F500.000
G0 X35.983 Y32.737 F3000.000
G1 Z1.000 F500.000
G4 P100
G1 X35.915 Y33.148 F1000.000
G1 X36.075 Y33.858
G1 X36.490 Y34.328
G1 X37.025 Y34.493
G1 X37.453 Y34.330
G1 X37.605 Y33.913
G1 X37.513 Y33.558
G1 X37.270 Y33.413
G1 X37.117 Y33.458
G1 X37.060 Y33.583
G1 X37.078 Y33.968
G1 X36.985 Y34.003
G1 X36.770 Y33.900
G1 X36.610 Y33.623
G1 X36.550 Y33.238
G1 X36.676 Y32.803
G1 X37.055 Y32.658
G1 X37.498 Y32.795
G1 X38.100 Y33.278
G1 X38.203 Y33.218
G1 X38.240 Y33.053
G1 X38.145 Y32.743
G1 X37.887 Y32.486
G1 X37.582 Y32.295
G1 X36.950 Y32.138
G1 X36.514 Y32.207
G1 X36.188 Y32.415
G1 X35.983 Y32.737
G0 Z5.000 F500.000
G0 X37.860 Y32.633 F3000.000
G1 Z1.000 F500.000
G4 P100
G1 X38.027 Y34.893 F1000.000
G1 X38.222 Y35.661
G1 X38.492 Y36.295
G1 X38.831 Y36.721
G1 X39.230 Y36.863
G1 X39.438 Y36.813
G1 X39.709 Y36.438
G1 X39.671 Y35.638
G1 X39.450 Y35.105
G1 X38.490 Y33.838
G1 X38.475 Y33.303
G1 X38.843 Y33.995
G1 X39.242 Y34.378
G1 X39.605 Y34.493
G1 X39.849 Y34.411
G1 X39.930 Y34.168
G1 X39.725 Y32.888
G1 X39.761 Y32.738
G1 X39.870 Y32.688
G1 X40.108 Y32.810
G1 X40.610 Y33.278
G1 X40.712 Y33.218
G1 X40.750 Y33.053
G1 X40.655 Y32.743
G1 X40.182 Y32.308
G1 X39.923 Y32.180
G1 X39.406 Y32.175
G1 X39.148 Y32.466
G1 X39.115 Y32.713
G1 X39.250 Y33.648
G1 X39.195 Y33.728
G1 X39.010 Y33.560
G1 X38.770 Y33.118
G1 X38.410 Y32.238
G1 X38.105 Y32.138
G1 X37.907 Y32.245
G1 X37.860 Y32.633
G0 Z5.000 F500.000
G0 X38.545 Y34.463 F3000.000
G1 Z1.000 F500.000
G4 P100
G1 X39.057 Y35.258 F1000.000
G1 X39.209 Y35.668
G1 X39.260 Y36.038
G1 X39.225 Y36.283
G1 X39.125 Y36.368
G1 X38.925 Y36.110
G1 X38.712 Y35.415
G1 X38.545 Y34.463
G0 Z5.000 F500.000
G0 X40.587 Y34.130 F3000.000
G1 Z1.000 F500.000
G4 P100
G1 X41.084 Y34.456 F1000.000
G1 X41.380 Y34.498
G1 X41.723 Y34.432
G1 X41.992 Y34.235
G1 X42.177 Y33.942
G1 X42.265 Y33.588
G1 X42.895 Y33.698
G1 X42.995 Y33.633
G1 X42.994 Y33.276
G1 X42.885 Y33.183
G1 X42.225 Y33.063
G1 X42.084 Y32.685
G1 X41.850 Y32.390
G1 X41.551 Y32.201
G1 X40.937 Y32.174
G1 X40.703 Y32.283
G1 X40.380 Y32.668
G1 X40.270 Y33.188
G1 X40.415 Y33.865
G1 X40.587 Y34.130
G0 Z5.000 F500.000
G0 X40.928 Y33.543 F3000.000
G1 Z1.000 F500.000
G4 P100
G1 X40.895 Y33.233 F1000.000
G1 X41.002 Y32.813
G1 X41.255 Y32.668
G1 X41.532 Y32.798
G1 X41.690 Y33.173
G1 X41.453 Y33.448
G1 X41.385 Y33.968
G1 X41.183 Y33.920
G1 X41.028 Y33.775
G1 X40.928 Y33.543
G0 Z5.000 F500.000
G0 X42.656 Y33.611 F3000.000
G1 Z1.000 F500.000
G4 P100
G1 X42.795 Y34.213 F1000.000
G1 X42.942 Y34.425
G1 X43.230 Y34.493
G1 X43.370 Y34.468
G1 X43.410 Y34.373
G1 X43.205 Y33.293
G1 X43.575 Y33.993
G1 X43.977 Y34.378
G1 X44.340 Y34.493
G1 X44.584 Y34.411
G1 X44.665 Y34.168
G1 X44.611 Y33.471
G1 X44.705 Y33.428
G1 X45.200 Y33.713
G1 X45.302 Y33.655
G1 X45.340 Y33.503
G1 X45.240 Y33.213
G1 X44.913 Y32.965
G1 X44.515 Y32.863
G1 X44.282 Y32.896
G1 X44.009 Y33.156
G1 X43.945 Y33.728
G1 X43.748 Y33.560
G1 X43.505 Y33.118
G1 X43.183 Y32.220
G1 X42.955 Y32.138
G1 X42.793 Y32.188
G1 X42.688 Y32.338
G1 X42.610 Y32.978
G1 X42.656 Y33.611
G0 Z5.000 F500.000
G0 X44.800 Y33.203 F3000.000
G1 Z1.000 F500.000
G4 P100
G1 X44.945 Y33.845 F1000.000
G1 X45.118 Y34.112
G1 X45.622 Y34.449
G1 X45.930 Y34.493
G1 X46.191 Y34.450
G1 X46.395 Y34.320
G1 X46.526 Y34.117
G1 X46.570 Y33.853
G1 X46.508 Y33.532
G1 X46.322 Y33.260
G1 X45.989 Y33.038
G1 X45.485 Y32.868
G1 X45.666 Y32.695
G1 X45.960 Y32.638
G1 X46.472 Y32.795
G1 X47.105 Y33.278
G1 X47.207 Y33.218
G1 X47.245 Y33.053
G1 X47.150 Y32.743
G1 X46.627 Y32.328
G1 X45.905 Y32.138
G1 X45.439 Y32.209
G1 X45.090 Y32.423
G1 X44.872 Y32.760
G1 X44.800 Y33.203
G0 Z5.000 F500.000
G0 X45.405 Y33.268 F3000.000
G1 Z1.000 F500.000
G4 P100
G1 X45.870 Y33.468 F1000.000
G1 X45.998 Y33.619
G1 X45.987 Y33.945
G1 X45.845 Y34.003
G1 X45.674 Y33.949
G1 X45.532 Y33.788
G1 X45.405 Y33.268
G0 Z5.000 F500.000
G0 X46.817 Y33.343 F3000.000
G1 Z1.000 F500.000
G4 P100
G1 X47.147 Y34.011 F1000.000
G1 X47.413 Y34.260
G1 X48.080 Y34.518
G1 X48.218 Y35.417
G1 X48.443 Y36.175
G1 X48.752 Y36.691
G1 X48.938 Y36.820
G1 X49.342 Y36.814
G1 X49.502 Y36.668
G1 X49.609 Y36.423
G1 X49.576 Y35.470
G1 X49.370 Y34.768
G1 X48.635 Y33.228
G1 X48.722 Y32.813
G1 X48.895 Y32.688
G1 X49.170 Y32.808
G1 X49.680 Y33.278
G1 X49.782 Y33.218
G1 X49.820 Y33.053
G1 X49.725 Y32.743
G1 X49.031 Y32.182
G1 X48.790 Y32.138
G1 X48.455 Y32.249
G1 X48.210 Y32.583
G1 X47.843 Y32.228
G1 X47.475 Y32.138
G1 X47.197 Y32.195
G1 X46.972 Y32.365
G1 X46.824 Y32.627
G1 X46.817 Y33.343
G0 Z5.000 F500.000
G0 X47.400 Y33.008 F3000.000
G1 Z1.000 F500.000
G4 P100
G1 X47.462 Y32.734 F1000.000
G1 X47.650 Y32.643
G1 X47.840 Y32.720
G1 X48.080 Y33.008
G1 X48.040 Y34.003
G1 X47.788 Y33.868
G1 X47.582 Y33.635
G1 X47.400 Y33.008
G0 Z5.000 F500.000
G0 X48.640 Y34.013 F3000.000
G1 Z1.000 F500.000
G4 P100
G1 X49.060 Y35.113 F1000.000
G1 X49.200 Y35.973
G1 X49.090 Y36.373
G1 X48.900 Y36.035
G1 X48.640 Y34.013
G0 Z5.000 F500.000
G0 X51.195 Y33.825 F3000.000
G1 Z1.000 F500.000
G4 P100
G1 X51.566 Y34.493 F1000.000
G1 X52.010 Y34.523
G1 X52.065 Y34.443
G1 X51.900 Y33.913
G1 X52.358 Y33.165
G1 X52.430 Y32.703
G1 X53.140 Y33.278
G1 X53.243 Y33.218
G1 X53.280 Y33.053
G1 X53.185 Y32.743
G1 X52.708 Y32.320
G1 X52.145 Y32.198
G1 X51.926 Y32.070
G1 X51.670 Y32.028
G1 X51.273 Y32.148
G1 X51.135 Y32.418
G1 X51.230 Y32.643
G1 X51.510 Y32.738
G1 X51.795 Y32.708
G1 X51.738 Y32.953
G1 X51.455 Y33.363
G1 X50.815 Y32.503
G1 X50.625 Y32.413
G1 X50.495 Y32.470
G1 X50.445 Y32.613
G1 X50.515 Y32.798
G1 X51.195 Y33.825
G0 Z5.000 F500.000
G0 X52.857 Y33.348 F3000.000
G1 Z1.000 F500.000
G4 P100
G1 X53.216 Y34.033 F1000.000
G1 X53.498 Y34.285
G1 X53.821 Y34.448
G1 X54.165 Y34.503
G1 X54.350 Y34.423
G1 X54.485 Y34.638
G1 X54.735 Y34.693
G1 X54.963 Y34.643
G1 X55.015 Y34.498
G1 X54.550 Y32.693
G1 X54.390 Y31.278
G1 X54.428 Y30.885
G1 X54.525 Y30.723
G1 X54.730 Y31.348
G1 X54.730 Y32.708
G1 X54.812 Y32.983
G1 X55.045 Y33.093
G1 X55.680 Y33.123
G1 X55.795 Y32.968
G1 X55.708 Y32.663
G1 X55.470 Y32.553
G1 X55.140 Y32.563
G1 X55.111 Y31.286
G1 X54.963 Y30.678
G1 X54.709 Y30.258
G1 X54.345 Y30.118
G1 X54.094 Y30.200
G1 X53.913 Y30.445
G1 X53.765 Y31.243
G1 X53.895 Y32.398
G1 X53.699 Y32.203
G1 X53.450 Y32.138
G1 X53.198 Y32.195
G1 X52.993 Y32.368
G1 X52.856 Y32.631
G1 X52.857 Y33.348
G0 Z5.000 F500.000
G0 X53.435 Y32.963 F3000.000
G1 Z1.000 F500.000
G4 P100
G1 X53.493 Y32.725 F1000.000
G1 X53.650 Y32.643
G1 X53.870 Y32.785
G1 X54.235 Y34.038
G1 X53.833 Y33.883
G1 X53.543 Y33.485
G1 X53.435 Y32.963
G0 Z5.000 F500.000
G0 X55.425 Y33.550 F3000.000
G1 Z1.000 F500.000
G4 P100
G1 X55.590 Y34.213 F1000.000
G1 X55.730 Y34.428
G1 X56.168 Y34.458
G1 X56.210 Y34.353
G1 X55.975 Y33.048
G1 X56.080 Y32.858
G1 X56.268 Y33.008
G1 X56.508 Y33.463
G1 X56.878 Y34.428
G1 X57.285 Y34.465
G1 X57.330 Y34.363
G1 X57.065 Y32.888
G1 X57.105 Y32.740
G1 X57.210 Y32.688
G1 X57.448 Y32.810
G1 X57.950 Y33.278
G1 X58.053 Y33.218
G1 X58.090 Y33.053
G1 X57.995 Y32.743
G1 X57.533 Y32.308
G1 X57.268 Y32.180
G1 X56.762 Y32.184
G1 X56.618 Y32.323
G1 X56.505 Y32.843
G1 X56.250 Y32.320
G1 X55.885 Y32.138
G1 X55.681 Y32.190
G1 X55.411 Y32.578
G1 X55.425 Y33.550
G0 Z5.000 F500.000
G0 X57.620 Y32.953 F3000.000
G1 Z1.000 F500.000
G4 P100
G1 X57.666 Y33.342 F1000.000
G1 X58.021 Y34.033
G1 X58.614 Y34.448
G1 X58.950 Y34.503
G1 X59.098 Y34.460
G1 X59.160 Y34.308
G1 X59.564 Y34.284
G1 X59.625 Y34.153
G1 X59.435 Y32.853
G1 X59.473 Y32.733
G1 X59.570 Y32.688
G1 X59.800 Y32.810
G1 X60.300 Y33.278
G1 X60.403 Y33.218
G1 X60.440 Y33.053
G1 X60.345 Y32.743
G1 X59.910 Y32.313
G1 X59.465 Y32.138
G1 X59.163 Y32.250
G1 X58.955 Y32.558
G1 X58.661 Y32.243
G1 X58.300 Y32.138
G1 X58.021 Y32.194
G1 X57.805 Y32.363
G1 X57.666 Y32.623
G1 X57.620 Y32.953
G0 Z5.000 F500.000
G0 X58.308 Y32.718 F3000.000
G1 Z1.000 F500.000
G4 P100
G1 X58.480 Y32.643 F1000.000
G1 X58.690 Y32.773
G1 X58.835 Y33.118
G1 X59.020 Y34.038
G1 X58.633 Y33.880
G1 X58.350 Y33.478
G1 X58.245 Y32.948
G1 X58.308 Y32.718
G0 Z5.000 F500.000
G0 X60.045 Y32.978 F3000.000
G1 Z1.000 F500.000
G4 P100
G1 X60.230 Y34.213 F1000.000
G1 X60.378 Y34.425
G1 X60.665 Y34.493
G1 X60.805 Y34.468
G1 X60.845 Y34.373
G1 X60.640 Y33.293
G1 X61.010 Y33.993
G1 X61.413 Y34.378
G1 X61.775 Y34.493
G1 X62.019 Y34.411
G1 X62.100 Y34.168
G1 X62.046 Y33.471
G1 X62.140 Y33.428
G1 X62.635 Y33.713
G1 X62.738 Y33.655
G1 X62.775 Y33.503
G1 X62.675 Y33.213
G1 X62.348 Y32.965
G1 X61.950 Y32.863
G1 X61.717 Y32.896
G1 X61.444 Y33.156
G1 X61.380 Y33.728
G1 X61.183 Y33.560
G1 X60.940 Y33.118
G1 X60.618 Y32.220
G1 X60.390 Y32.138
G1 X60.228 Y32.188
G1 X60.123 Y32.338
G1 X60.045 Y32.978
G0 Z5.000 F500.000
G0 X62.308 Y32.760 F3000.000
G1 Z1.000 F500.000
G4 P100
G1 X62.235 Y33.203 F1000.000
G1 X62.380 Y33.845
G1 X62.783 Y34.318
G1 X63.365 Y34.493
G1 X63.626 Y34.450
G1 X63.830 Y34.320
G1 X63.961 Y34.117
G1 X64.005 Y33.853
G1 X63.943 Y33.532
G1 X63.758 Y33.260
G1 X63.424 Y33.038
G1 X62.920 Y32.868
G1 X63.101 Y32.695
G1 X63.395 Y32.638
G1 X63.908 Y32.795
G1 X64.540 Y33.278
G1 X64.643 Y33.218
G1 X64.680 Y33.053
G1 X64.585 Y32.743
G1 X64.062 Y32.328
G1 X63.340 Y32.138
G1 X62.874 Y32.209
G1 X62.525 Y32.423
G1 X62.308 Y32.760
G0 Z5.000 F500.000
G0 X62.840 Y33.268 F3000.000
G1 Z1.000 F500.000
G4 P100
G1 X63.305 Y33.468 F1000.000
G1 X63.433 Y33.619
G1 X63.423 Y33.945
G1 X63.280 Y34.003
G1 X63.109 Y33.949
G1 X62.968 Y33.788
G1 X62.840 Y33.268
G0 Z5.000 F500.000
G0 X64.320 Y33.688 F3000.000
G1 Z1.000 F500.000
G4 P100
G1 X64.388 Y33.888 F1000.000
G1 X64.585 Y33.963
G1 X65.610 Y34.063
G1 X65.803 Y34.000
G1 X65.870 Y33.788
G1 X65.805 Y33.579
G1 X65.610 Y33.493
G1 X64.585 Y33.393
G1 X64.393 Y33.463
G1 X64.320 Y33.688
G0 Z5.000 F500.000
G0 X66.300 Y34.028 F3000.000
G1 Z1.000 F500.000
G4 P100
G1 X66.390 Y34.433 F1000.000
G1 X66.645 Y34.498
G1 X66.838 Y34.440
G1 X66.970 Y32.753
G1 X67.595 Y34.243
G1 X67.728 Y34.445
G1 X67.915 Y34.498
G1 X68.103 Y34.443
G1 X68.155 Y34.248
G1 X68.225 Y32.753
G1 X68.675 Y33.463
G1 X68.600 Y33.808
G1 X68.675 Y34.138
G1 X68.880 Y34.398
G1 X69.175 Y34.498
G1 X69.410 Y34.395
G1 X69.500 Y34.098
G1 X69.380 Y33.583
G1 X70.070 Y33.688
G1 X70.185 Y33.638
G1 X70.225 Y33.503
G1 X70.165 Y33.260
G1 X69.985 Y33.133
G1 X69.495 Y33.058
G1 X69.080 Y33.118
G1 X68.418 Y32.243
G1 X68.095 Y32.138
G1 X67.793 Y32.293
G1 X67.640 Y33.168
G1 X67.363 Y32.528
G1 X67.118 Y32.223
G1 X66.830 Y32.138
G1 X66.508 Y32.298
G1 X66.360 Y32.803
G1 X66.300 Y34.028
G0 Z5.000 F500.000
G0 X69.800 Y32.978 F3000.000
G1 Z1.000 F500.000
G4 P100
G1 X69.985 Y34.213 F1000.000
G1 X70.133 Y34.425
G1 X70.420 Y34.493
G1 X70.560 Y34.468
G1 X70.600 Y34.373
G1 X70.395 Y33.293
G1 X70.765 Y33.993
G1 X71.168 Y34.378
G1 X71.530 Y34.493
G1 X71.774 Y34.411
G1 X71.855 Y34.168
G1 X71.801 Y33.471
G1 X71.895 Y33.428
G1 X72.390 Y33.713
G1 X72.493 Y33.655
G1 X72.530 Y33.503
G1 X72.430 Y33.213
G1 X72.103 Y32.965
G1 X71.705 Y32.863
G1 X71.472 Y32.896
G1 X71.199 Y33.156
G1 X71.135 Y33.728
G1 X70.938 Y33.560
G1 X70.695 Y33.118
G1 X70.373 Y32.220
G1 X70.145 Y32.138
G1 X69.983 Y32.188
G1 X69.878 Y32.338
G1 X69.800 Y32.978
G0 Z5.000 F500.000
G0 X72.046 Y32.623 F3000.000
G1 Z1.000 F500.000
G4 P100
G1 X72.046 Y33.342 F1000.000
G1 X72.401 Y34.033
G1 X72.994 Y34.448
G1 X73.330 Y34.503
G1 X73.478 Y34.460
G1 X73.540 Y34.308
G1 X73.944 Y34.284
G1 X74.005 Y34.153
G1 X73.815 Y32.853
G1 X73.853 Y32.733
G1 X73.950 Y32.688
G1 X74.180 Y32.810
G1 X74.680 Y33.278
G1 X74.782 Y33.218
G1 X74.820 Y33.053
G1 X74.725 Y32.743
G1 X74.290 Y32.313
G1 X73.845 Y32.138
G1 X73.543 Y32.250
G1 X73.335 Y32.558
G1 X73.041 Y32.243
G1 X72.680 Y32.138
G1 X72.401 Y32.194
G1 X72.185 Y32.363
G1 X72.046 Y32.623
G0 Z5.000 F500.000
G0 X72.688 Y32.718 F3000.000
G1 Z1.000 F500.000
G4 P100
G1 X72.860 Y32.643 F1000.000
G1 X73.070 Y32.773
G1 X73.215 Y33.118
G1 X73.400 Y34.038
G1 X73.013 Y33.880
G1 X72.730 Y33.478
G1 X72.625 Y32.948
G1 X72.688 Y32.718
G0 Z5.000 F500.000
G0 X74.091 Y32.441 F3000.000
G1 Z1.000 F500.000
G4 P100
G1 X74.500 Y33.193 F1000.000
G1 X74.490 Y34.208
G1 X74.605 Y34.438
G1 X74.905 Y34.523
G1 X75.058 Y34.480
G1 X75.115 Y34.128
G1 X75.430 Y34.415
G1 X75.760 Y34.503
G1 X76.014 Y34.446
G1 X76.218 Y34.278
G1 X76.351 Y34.018
G1 X76.395 Y33.688
G1 X76.310 Y33.173
G1 X76.075 Y32.718
G1 X76.250 Y32.688
G1 X76.565 Y32.808
G1 X77.085 Y33.278
G1 X77.188 Y33.218
G1 X77.225 Y33.053
G1 X77.130 Y32.743
G1 X76.668 Y32.308
G1 X76.403 Y32.180
G1 X75.865 Y32.185
G1 X75.675 Y32.328
G1 X75.080 Y32.138
G1 X74.974 Y31.252
G1 X74.785 Y30.525
G1 X74.501 Y30.040
G1 X74.110 Y29.878
G1 X73.875 Y29.926
G1 X73.710 Y30.073
G1 X73.580 Y30.613
G1 X73.805 Y31.755
G1 X74.091 Y32.441
G0 Z5.000 F500.000
G0 X74.150 Y31.463 F3000.000
G1 Z1.000 F500.000
G4 P100
G1 X74.025 Y30.698 F1000.000
G1 X74.062 Y30.453
G1 X74.150 Y30.368
G1 X74.274 Y30.515
G1 X74.375 Y30.955
G1 X74.490 Y32.418
G1 X74.150 Y31.463
G0 Z5.000 F500.000
G0 X75.105 Y32.618 F3000.000
G1 Z1.000 F500.000
G4 P100
G1 X75.438 Y32.815 F1000.000
G1 X75.680 Y33.205
G1 X75.770 Y33.693
G1 X75.710 Y33.920
G1 X75.550 Y33.998
G1 X75.351 Y33.903
G1 X75.115 Y33.618
G1 X75.105 Y32.618
G0 Z5.000 F500.000
G0 X76.496 Y32.441 F3000.000
G1 Z1.000 F500.000
G4 P100
G1 X76.905 Y33.193 F1000.000
G1 X76.895 Y34.208
G1 X77.010 Y34.438
G1 X77.310 Y34.523
G1 X77.463 Y34.480
G1 X77.520 Y34.128
G1 X77.835 Y34.415
G1 X78.165 Y34.503
G1 X78.419 Y34.446
G1 X78.623 Y34.278
G1 X78.756 Y34.018
G1 X78.800 Y33.688
G1 X78.715 Y33.173
G1 X78.480 Y32.718
G1 X78.655 Y32.688
G1 X78.970 Y32.808
G1 X79.490 Y33.278
G1 X79.593 Y33.218
G1 X79.630 Y33.053
G1 X79.535 Y32.743
G1 X79.073 Y32.308
G1 X78.808 Y32.180
G1 X78.270 Y32.185
G1 X78.080 Y32.328
G1 X77.485 Y32.138
G1 X77.379 Y31.252
G1 X77.190 Y30.525
G1 X76.906 Y30.040
G1 X76.515 Y29.878
G1 X76.280 Y29.926
G1 X76.115 Y30.073
G1 X75.985 Y30.613
G1 X76.210 Y31.755
G1 X76.496 Y32.441
G0 Z5.000 F500.000
G0 X76.555 Y31.463 F3000.000
G1 Z1.000 F500.000
G4 P100
G1 X76.430 Y30.698 F1000.000
G1 X76.468 Y30.453
G1 X76.555 Y30.368
G1 X76.679 Y30.515
G1 X76.780 Y30.955
G1 X76.895 Y32.418
G1 X76.555 Y31.463
G0 Z5.000 F500.000
G0 X77.510 Y32.618 F3000.000
G1 Z1.000 F500.000
G4 P100
G1 X77.843 Y32.815 F1000.000
G1 X78.085 Y33.205
G1 X78.175 Y33.693
G1 X78.115 Y33.920
G1 X77.955 Y33.998
G1 X77.756 Y33.903
G1 X77.520 Y33.618
G1 X77.510 Y32.618
G0 Z5.000 F500.000
G0 X79.150 Y33.203 F3000.000
G1 Z1.000 F500.000
G4 P100
G1 X79.295 Y33.845 F1000.000
G1 X79.468 Y34.112
G1 X79.972 Y34.449
G1 X80.280 Y34.493
G1 X80.541 Y34.450
G1 X80.745 Y34.320
G1 X80.876 Y34.117
G1 X80.920 Y33.853
G1 X80.858 Y33.532
G1 X80.673 Y33.260
G1 X80.339 Y33.038
G1 X79.835 Y32.868
G1 X80.016 Y32.695
G1 X80.310 Y32.638
G1 X80.823 Y32.795
G1 X81.455 Y33.278
G1 X81.558 Y33.218
G1 X81.595 Y33.053
G1 X81.500 Y32.743
G1 X80.978 Y32.328
G1 X80.255 Y32.138
G1 X79.789 Y32.209
G1 X79.440 Y32.423
G1 X79.223 Y32.760
G1 X79.150 Y33.203
G0 Z5.000 F500.000
G0 X79.755 Y33.268 F3000.000
G1 Z1.000 F500.000
G4 P100
G1 X80.220 Y33.468 F1000.000
G1 X80.348 Y33.619
G1 X80.338 Y33.945
G1 X80.195 Y34.003
G1 X80.024 Y33.949
G1 X79.883 Y33.788
G1 X79.755 Y33.268
G0 Z5.000 F500.000
G0 X81.168 Y33.343 F3000.000
G1 Z1.000 F500.000
G4 P100
G1 X81.497 Y34.011 F1000.000
G1 X81.763 Y34.260
G1 X82.430 Y34.518
G1 X82.568 Y35.417
G1 X82.793 Y36.175
G1 X83.102 Y36.691
G1 X83.288 Y36.820
G1 X83.692 Y36.814
G1 X83.853 Y36.668
G1 X83.959 Y36.423
G1 X83.926 Y35.470
G1 X83.720 Y34.768
G1 X82.985 Y33.228
G1 X83.073 Y32.813
G1 X83.245 Y32.688
G1 X83.520 Y32.808
G1 X84.030 Y33.278
G1 X84.133 Y33.218
G1 X84.170 Y33.053
G1 X84.075 Y32.743
G1 X83.381 Y32.182
G1 X83.140 Y32.138
G1 X82.805 Y32.249
G1 X82.560 Y32.583
G1 X82.193 Y32.228
G1 X81.825 Y32.138
G1 X81.547 Y32.195
G1 X81.323 Y32.365
G1 X81.174 Y32.627
G1 X81.168 Y33.343
G0 Z5.000 F500.000
G0 X81.750 Y33.008 F3000.000
G1 Z1.000 F500.000
G4 P100
G1 X81.813 Y32.734 F1000.000
G1 X82.000 Y32.643
G1 X82.190 Y32.720
G1 X82.430 Y33.008
G1 X82.390 Y34.003
G1 X82.138 Y33.868
G1 X81.933 Y33.635
G1 X81.750 Y33.008
G0 Z5.000 F500.000
G0 X82.990 Y34.013 F3000.000
G1 Z1.000 F500.000
G4 P100
G1 X83.410 Y35.113 F1000.000
G1 X83.550 Y35.973
G1 X83.440 Y36.373
G1 X83.250 Y36.035
G1 X82.990 Y34.013
G0 Z5.000 F500.000
G0 X85.325 Y35.193 F3000.000
G1 Z1.000 F500.000
G4 P100
G1 X85.463 Y35.485 F1000.000
G1 X85.805 Y35.603
G1 X86.105 Y35.513
G1 X86.220 Y35.258
G1 X86.090 Y34.940
G1 X85.745 Y34.823
G1 X85.430 Y34.920
G1 X85.325 Y35.193
G0 Z5.000 F500.000
G0 X85.650 Y34.493 F3000.000
G1 Z1.000 F500.000
G4 P100
G1 X85.841 Y34.450 F1000.000
G1 X85.905 Y34.323
G1 X85.690 Y32.998
G1 X85.730 Y32.768
G1 X85.865 Y32.688
G1 X86.090 Y32.813
G1 X86.585 Y33.278
G1 X86.688 Y33.218
G1 X86.725 Y33.053
G1 X86.630 Y32.743
G1 X86.151 Y32.289
G1 X85.705 Y32.138
G1 X85.424 Y32.195
G1 X85.233 Y32.368
G1 X85.085 Y32.978
G1 X85.290 Y34.213
G1 X85.410 Y34.433
G1 X85.650 Y34.493
G0 Z5.000 F500.000
G0 X86.515 Y34.213 F3000.000
G1 Z1.000 F500.000
G4 P100
G1 X86.663 Y34.425 F1000.000
G1 X87.090 Y34.468
G1 X87.130 Y34.373
G1 X86.925 Y33.298
G1 X87.248 Y33.958
G1 X87.633 Y34.360
G1 X88.005 Y34.493
G1 X88.253 Y34.413
G1 X88.325 Y34.168
G1 X88.175 Y33.318
G1 X88.439 Y33.849
G1 X88.730 Y34.213
G1 X89.025 Y34.423
G1 X89.300 Y34.493
G1 X89.544 Y34.411
G1 X89.625 Y34.168
G1 X89.420 Y32.888
G1 X89.456 Y32.738
G1 X89.565 Y32.688
G1 X89.803 Y32.810
G1 X90.305 Y33.278
G1 X90.408 Y33.218
G1 X90.445 Y33.053
G1 X90.350 Y32.743
G1 X89.888 Y32.308
G1 X89.623 Y32.180
G1 X89.101 Y32.175
G1 X88.843 Y32.466
G1 X88.810 Y32.713
G1 X88.945 Y33.648
G1 X88.890 Y33.728
G1 X88.705 Y33.560
G1 X88.465 Y33.118
G1 X88.143 Y32.218
G1 X87.910 Y32.138
G1 X87.766 Y32.177
G1 X87.663 Y32.295
G1 X87.580 Y32.678
G1 X87.670 Y33.648
G1 X87.615 Y33.728
G1 X87.425 Y33.548
G1 X87.203 Y33.088
G1 X86.903 Y32.220
G1 X86.675 Y32.138
G1 X86.513 Y32.188
G1 X86.408 Y32.338
G1 X86.330 Y32.978
G1 X86.515 Y34.213
G0 Z5.000 F500.000
G0 X90.021 Y33.342 F3000.000
G1 Z1.000 F500.000
G4 P100
G1 X90.376 Y34.033 F1000.000
G1 X90.653 Y34.285
G1 X90.969 Y34.448
G1 X91.305 Y34.503
G1 X91.453 Y34.460
G1 X91.515 Y34.308
G1 X91.919 Y34.284
G1 X91.980 Y34.153
G1 X91.790 Y32.853
G1 X91.828 Y32.733
G1 X91.925 Y32.688
G1 X92.155 Y32.810
G1 X92.655 Y33.278
G1 X92.758 Y33.218
G1 X92.795 Y33.053
G1 X92.700 Y32.743
G1 X92.265 Y32.313
G1 X91.820 Y32.138
G1 X91.518 Y32.250
G1 X91.310 Y32.558
G1 X91.016 Y32.243
G1 X90.655 Y32.138
G1 X90.376 Y32.194
G1 X90.160 Y32.363
G1 X90.021 Y32.623
G1 X90.021 Y33.342
G0 Z5.000 F500.000
G0 X90.600 Y32.948 F3000.000
G1 Z1.000 F500.000
G4 P100
G1 X90.663 Y32.718 F1000.000
G1 X90.835 Y32.643
G1 X91.045 Y32.773
G1 X91.190 Y33.118
G1 X91.375 Y34.038
G1 X90.988 Y33.880
G1 X90.705 Y33.478
G1 X90.600 Y32.948
G0 Z5.000 F500.000
G0 X92.371 Y33.342 F3000.000
G1 Z1.000 F500.000
G4 P100
G1 X92.726 Y34.033 F1000.000
G1 X93.003 Y34.285
G1 X93.319 Y34.448
G1 X93.655 Y34.503
G1 X93.803 Y34.460
G1 X93.865 Y34.308
G1 X94.263 Y34.290
G1 X94.315 Y34.143
G1 X94.095 Y32.698
G1 X94.835 Y33.228
G1 X94.950 Y33.268
G1 X95.053 Y33.205
G1 X95.090 Y33.048
G1 X94.945 Y32.753
G1 X93.995 Y32.108
G1 X93.776 Y31.183
G1 X93.498 Y30.480
G1 X93.148 Y30.036
G1 X92.715 Y29.888
G1 X92.484 Y29.927
G1 X92.180 Y30.227
G1 X92.140 Y30.458
G1 X92.210 Y30.826
G1 X92.420 Y31.220
G1 X92.823 Y31.675
G1 X93.470 Y32.223
G1 X93.500 Y32.418
G1 X93.278 Y32.210
G1 X93.005 Y32.138
G1 X92.726 Y32.194
G1 X92.510 Y32.363
G1 X92.371 Y32.623
G1 X92.371 Y33.342
G0 Z5.000 F500.000
G0 X92.950 Y32.948 F3000.000
G1 Z1.000 F500.000
G4 P100
G1 X93.013 Y32.718 F1000.000
G1 X93.185 Y32.643
G1 X93.405 Y32.783
G1 X93.715 Y34.038
G1 X93.335 Y33.880
G1 X93.055 Y33.478
G1 X92.950 Y32.948
G0 Z5.000 F500.000
G0 X93.355 Y31.628 F3000.000
G1 Z1.000 F500.000
G4 P100
G1 X92.800 Y31.033 F1000.000
G1 X92.630 Y30.568
G1 X92.663 Y30.428
G1 X92.770 Y30.373
G1 X92.903 Y30.448
G1 X93.053 Y30.673
G1 X93.355 Y31.628
G0 Z5.000 F500.000
G0 X95.000 Y32.423 F3000.000
G1 Z1.000 F500.000
G4 P100
G1 X94.783 Y32.760 F1000.000
G1 X94.710 Y33.203
G1 X94.855 Y33.845
G1 X95.258 Y34.318
G1 X95.532 Y34.449
G1 X96.101 Y34.450
G1 X96.305 Y34.320
G1 X96.436 Y34.117
G1 X96.480 Y33.853
G1 X96.418 Y33.532
G1 X96.233 Y33.260
G1 X95.899 Y33.038
G1 X95.395 Y32.868
G1 X95.576 Y32.695
G1 X95.870 Y32.638
G1 X96.383 Y32.795
G1 X97.015 Y33.278
G1 X97.118 Y33.218
G1 X97.155 Y33.053
G1 X97.060 Y32.743
G1 X96.538 Y32.328
G1 X96.188 Y32.185
G1 X95.815 Y32.138
G1 X95.349 Y32.209
G1 X95.000 Y32.423
G0 Z5.000 F500.000
G0 X95.315 Y33.268 F3000.000
G1 Z1.000 F500.000
G4 P100
G1 X95.780 Y33.468 F1000.000
G1 X95.908 Y33.619
G1 X95.898 Y33.945
G1 X95.755 Y34.003
G1 X95.584 Y33.949
G1 X95.443 Y33.788
G1 X95.315 Y33.268
G0 Z5.000 F500.000
G0 X97.840 Y34.248 F3000.000
G1 Z1.000 F500.000
G4 P100
G1 X97.896 Y34.458 F1000.000
G1 X98.350 Y34.528
G1 X98.610 Y35.533
G1 X99.033 Y36.258
G1 X99.289 Y36.460
G1 X99.565 Y36.528
G1 X99.753 Y36.481
G1 X99.895 Y36.343
G1 X100.015 Y35.878
G1 X99.974 Y35.503
G1 X99.853 Y35.153
G1 X99.365 Y34.528
G1 X100.040 Y34.493
G1 X100.040 Y34.212
G1 X99.934 Y34.104
G1 X99.510 Y34.018
G1 X98.900 Y34.018
G1 X98.921 Y33.185
G1 X99.013 Y32.898
G1 X99.171 Y32.740
G1 X99.400 Y32.688
G1 X99.780 Y32.818
G1 X100.305 Y33.278
G1 X100.408 Y33.218
G1 X100.445 Y33.053
G1 X100.350 Y32.743
G1 X99.880 Y32.308
G1 X99.606 Y32.180
G1 X99.295 Y32.138
G1 X98.849 Y32.227
G1 X98.530 Y32.496
G1 X98.339 Y32.945
G1 X98.290 Y34.018
G1 X97.893 Y34.073
G1 X97.840 Y34.248
G0 Z5.000 F500.000
G0 X98.950 Y34.603 F3000.000
G1 Z1.000 F500.000
G4 P100
G1 X99.393 Y35.175 F1000.000
G1 X99.540 Y35.753
G1 X99.513 Y35.974
G1 X99.430 Y36.048
G1 X99.263 Y35.860
G1 X99.088 Y35.340
G1 X98.950 Y34.603
G0 Z5.000 F500.000
G0 X100.376 Y34.033 F3000.000
G1 Z1.000 F500.000
G4 P100
G1 X100.969 Y34.448 F1000.000
G1 X101.305 Y34.503
G1 X101.453 Y34.460
G1 X101.515 Y34.308
G1 X101.919 Y34.284
G1 X101.980 Y34.153
G1 X101.790 Y32.853
G1 X101.828 Y32.733
G1 X101.925 Y32.688
G1 X102.155 Y32.810
G1 X102.655 Y33.278
G1 X102.758 Y33.218
G1 X102.795 Y33.053
G1 X102.700 Y32.743
G1 X102.265 Y32.313
G1 X101.820 Y32.138
G1 X101.518 Y32.250
G1 X101.310 Y32.558
G1 X101.016 Y32.243
G1 X100.655 Y32.138
G1 X100.376 Y32.194
G1 X100.160 Y32.363
G1 X100.021 Y32.623
G1 X99.975 Y32.953
G1 X100.021 Y33.342
G1 X100.376 Y34.033
G0 Z5.000 F500.000
G0 X100.705 Y33.478 F3000.000
G1 Z1.000 F500.000
G4 P100
G1 X100.600 Y32.948 F1000.000
G1 X100.663 Y32.718
G1 X100.835 Y32.643
G1 X101.045 Y32.773
G1 X101.190 Y33.118
G1 X101.375 Y34.038
G1 X100.988 Y33.880
G1 X100.705 Y33.478
G0 Z5.000 F500.000
G0 X102.446 Y33.611 F3000.000
G1 Z1.000 F500.000
G4 P100
G1 X102.585 Y34.213 F1000.000
G1 X102.733 Y34.425
G1 X103.020 Y34.493
G1 X103.160 Y34.468
G1 X103.200 Y34.373
G1 X102.995 Y33.293
G1 X103.365 Y33.993
G1 X103.768 Y34.378
G1 X104.130 Y34.493
G1 X104.374 Y34.411
G1 X104.455 Y34.168
G1 X104.401 Y33.471
G1 X104.495 Y33.428
G1 X104.990 Y33.713
G1 X105.093 Y33.655
G1 X105.130 Y33.503
G1 X105.030 Y33.213
G1 X104.703 Y32.965
G1 X104.305 Y32.863
G1 X104.072 Y32.896
G1 X103.799 Y33.156
G1 X103.735 Y33.728
G1 X103.538 Y33.560
G1 X103.295 Y33.118
G1 X102.973 Y32.220
G1 X102.745 Y32.138
G1 X102.583 Y32.188
G1 X102.478 Y32.338
G1 X102.400 Y32.978
G1 X102.446 Y33.611
G0 Z5.000 F500.000
G0 X104.600 Y32.953 F3000.000
G1 Z1.000 F500.000
G4 P100
G1 X104.646 Y33.342 F1000.000
G1 X105.001 Y34.033
G1 X105.594 Y34.448
G1 X105.930 Y34.503
G1 X106.078 Y34.460
G1 X106.140 Y34.308
G1 X106.538 Y34.290
G1 X106.590 Y34.143
G1 X106.370 Y32.698
G1 X107.110 Y33.228
G1 X107.225 Y33.268
G1 X107.328 Y33.205
G1 X107.365 Y33.048
G1 X107.220 Y32.753
G1 X106.270 Y32.108
G1 X106.051 Y31.183
G1 X105.773 Y30.480
G1 X105.423 Y30.036
G1 X104.990 Y29.888
G1 X104.759 Y29.927
G1 X104.455 Y30.227
G1 X104.415 Y30.458
G1 X104.485 Y30.826
G1 X104.695 Y31.220
G1 X105.098 Y31.675
G1 X105.745 Y32.223
G1 X105.775 Y32.418
G1 X105.553 Y32.210
G1 X105.280 Y32.138
G1 X105.001 Y32.194
G1 X104.785 Y32.363
G1 X104.646 Y32.623
G1 X104.600 Y32.953
G0 Z5.000 F500.000
G0 X105.288 Y32.718 F3000.000
G1 Z1.000 F500.000
G4 P100
G1 X105.460 Y32.643 F1000.000
G1 X105.680 Y32.783
G1 X105.990 Y34.038
G1 X105.610 Y33.880
G1 X105.330 Y33.478
G1 X105.225 Y32.948
G1 X105.288 Y32.718
G0 Z5.000 F500.000
G0 X105.630 Y31.628 F3000.000
G1 Z1.000 F500.000
G4 P100
G1 X105.075 Y31.033 F1000.000
G1 X104.905 Y30.568
G1 X104.938 Y30.428
G1 X105.045 Y30.373
G1 X105.178 Y30.448
G1 X105.328 Y30.673
G1 X105.630 Y31.628
G0 Z5.000 F500.000
G0 X107.275 Y32.423 F3000.000
G1 Z1.000 F500.000
G4 P100
G1 X107.058 Y32.760 F1000.000
G1 X106.985 Y33.203
G1 X107.130 Y33.845
G1 X107.533 Y34.318
G1 X107.807 Y34.449
G1 X108.376 Y34.450
G1 X108.580 Y34.320
G1 X108.711 Y34.117
G1 X108.755 Y33.853
G1 X108.693 Y33.532
G1 X108.508 Y33.260
G1 X108.174 Y33.038
G1 X107.670 Y32.868
G1 X107.851 Y32.695
G1 X108.145 Y32.638
G1 X108.658 Y32.795
G1 X109.290 Y33.278
G1 X109.393 Y33.218
G1 X109.430 Y33.053
G1 X109.335 Y32.743
G1 X108.813 Y32.328
G1 X108.463 Y32.185
G1 X108.090 Y32.138
G1 X107.624 Y32.209
G1 X107.275 Y32.423
G0 Z5.000 F500.000
G0 X107.590 Y33.268 F3000.000
G1 Z1.000 F500.000
G4 P100
G1 X108.055 Y33.468 F1000.000
G1 X108.183 Y33.619
G1 X108.173 Y33.945
G1 X108.030 Y34.003
G1 X107.859 Y33.949
G1 X107.718 Y33.788
G1 X107.590 Y33.268
G0 Z5.000 F500.000
G0 X108.843 Y34.073 F3000.000
G1 Z1.000 F500.000
G4 P100
G1 X108.790 Y34.248 F1000.000
G1 X108.846 Y34.458
G1 X109.300 Y34.528
G1 X109.560 Y35.533
G1 X109.983 Y36.258
G1 X110.239 Y36.460
G1 X110.515 Y36.528
G1 X110.703 Y36.481
G1 X110.845 Y36.343
G1 X110.965 Y35.878
G1 X110.924 Y35.503
G1 X110.803 Y35.153
G1 X110.315 Y34.528
G1 X110.990 Y34.493
G1 X110.990 Y34.212
G1 X110.884 Y34.104
G1 X110.460 Y34.018
G1 X109.850 Y34.018
G1 X109.871 Y33.185
G1 X109.963 Y32.898
G1 X110.121 Y32.740
G1 X110.350 Y32.688
G1 X110.730 Y32.818
G1 X111.255 Y33.278
G1 X111.358 Y33.218
G1 X111.395 Y33.053
G1 X111.300 Y32.743
G1 X110.830 Y32.308
G1 X110.556 Y32.180
G1 X110.245 Y32.138
G1 X109.799 Y32.227
G1 X109.480 Y32.496
G1 X109.289 Y32.945
G1 X109.240 Y34.018
G1 X108.843 Y34.073
G0 Z5.000 F500.000
G0 X109.900 Y34.603 F3000.000
G1 Z1.000 F500.000
G4 P100
G1 X110.343 Y35.175 F1000.000
G1 X110.490 Y35.753
G1 X110.463 Y35.974
G1 X110.380 Y36.048
G1 X110.213 Y35.860
G1 X110.038 Y35.340
G1 X109.900 Y34.603
G0 Z5.000 F500.000
G0 X111.171 Y33.034 F3000.000
G1 Z1.000 F500.000
G4 P100
G1 X111.375 Y33.068 F1000.000
G1 X111.708 Y32.960
G1 X111.820 Y32.643
G1 X111.690 Y32.275
G1 X111.536 Y32.172
G1 X111.335 Y32.138
G1 X111.003 Y32.258
G1 X110.890 Y32.573
G1 X111.018 Y32.933
G1 X111.171 Y33.034
G0 Z5.000 F500.000
G0 X84.736 Y16.294 F3000.000
G1 Z1.000 F500.000
G4 P100
G1 X84.481 Y16.588 F1000.000
G1 X84.004 Y16.611
G1 X83.643 Y16.382
G1 X83.424 Y15.940
G1 X83.411 Y15.191
G1 X83.530 Y14.872
G1 X83.892 Y14.680
G1 X84.332 Y14.769
G1 X84.511 Y14.942
G1 X84.596 Y15.184
G1 X84.570 Y15.438
G1 X84.434 Y15.625
G1 X84.019 Y15.730
G1 X83.432 Y15.487
G0 Z5.000 F500.000
G0 X92.356 Y186.943 F3000.000
G1 Z1.000 F500.000
G4 P100
G1 X93.004 Y186.943 F1000.000
G1 X93.004 Y189.182
G1 X92.299 Y189.041
G1 X92.299 Y189.402
G1 X93.000 Y189.544
G1 X93.397 Y189.544
G1 X93.397 Y186.943
G1 X94.046 Y186.943
G1 X94.046 Y186.609
G1 X92.356 Y186.609
G1 X92.356 Y186.943
G0 Z5.000 F500.000
G0 X89.551 Y189.133 F3000.000
G1 Z1.000 F500.000
G4 P100
G1 X89.551 Y188.038 F1000.000
G1 X90.646 Y188.038
G1 X90.646 Y187.704
G1 X89.551 Y187.704
G1 X89.551 Y186.609
G1 X89.221 Y186.609
G1 X89.221 Y187.704
G1 X88.126 Y187.704
G1 X88.126 Y188.038
G1 X89.221 Y188.038
G1 X89.221 Y189.133
G1 X89.551 Y189.133
G0 Z5.000 F500.000
G0 X86.949 Y188.810 F3000.000
G1 Z1.000 F500.000
G4 P100
G1 X85.939 Y187.731 F1000.000
G1 X86.558 Y186.609
G1 X86.143 Y186.609
G1 X85.678 Y187.482
G1 X84.868 Y186.609
G1 X84.429 Y186.609
G1 X85.512 Y187.769
G1 X84.937 Y188.810
G1 X85.351 Y188.810
G1 X85.774 Y188.014
G1 X86.511 Y188.810
G1 X86.949 Y188.810
G0 Z5.000 F500.000
G0 X83.499 Y189.903 F3000.000
G1 Z1.000 F500.000
G4 P100
G1 X83.499 Y190.262 F1000.000
G1 X95.465 Y190.262
G1 X95.465 Y189.903
G1 X83.499 Y189.903
G0 Z5.000 F500.000
G0 X93.403 Y190.956 F3000.000
G1 Z1.000 F500.000
G4 P100
G1 X94.052 Y190.956 F1000.000
G1 X94.052 Y193.195
G1 X93.346 Y193.053
G1 X93.346 Y193.415
G1 X94.048 Y193.556
G1 X94.445 Y193.556
G1 X94.445 Y190.956
G1 X95.093 Y190.956
G1 X95.093 Y190.622
G1 X93.403 Y190.622
G1 X93.403 Y190.956
G0 Z5.000 F500.000
G0 X90.599 Y193.146 F3000.000
G1 Z1.000 F500.000
G4 P100
G1 X90.599 Y192.051 F1000.000
G1 X91.693 Y192.051
G1 X91.693 Y191.717
G1 X90.599 Y191.717
G1 X90.599 Y190.622
G1 X90.269 Y190.622
G1 X90.269 Y191.717
G1 X89.174 Y191.717
G1 X89.174 Y192.051
G1 X90.269 Y192.051
G1 X90.269 Y193.146
G1 X90.599 Y193.146
G0 Z5.000 F500.000
G0 X86.601 Y192.518 F3000.000
G1 Z1.000 F500.000
G4 P100
G1 X87.571 Y192.518 F1000.000
G1 X87.571 Y192.284
G1 X86.267 Y192.284
G1 X86.267 Y192.518
G1 X87.103 Y193.385
G1 X87.281 Y193.771
G1 X87.216 Y193.983
G1 X86.954 Y194.135
G1 X86.662 Y194.116
G1 X86.281 Y193.958
G1 X86.281 Y194.239
G1 X86.734 Y194.367
G1 X87.148 Y194.335
G1 X87.370 Y194.215
G1 X87.512 Y194.029
G1 X87.533 Y193.607
G1 X87.340 Y193.282
G1 X86.601 Y192.518
G0 Z5.000 F500.000
G0 X85.914 Y192.823 F3000.000
G1 Z1.000 F500.000
G4 P100
G1 X84.904 Y191.744 F1000.000
G1 X85.523 Y190.622
G1 X85.108 Y190.622
G1 X84.643 Y191.495
G1 X83.833 Y190.622
G1 X83.394 Y190.622
G1 X84.477 Y191.781
G1 X83.902 Y192.823
G1 X84.316 Y192.823
G1 X84.739 Y192.027
G1 X85.476 Y192.823
G1 X85.914 Y192.823
G0 Z5.000 F500.000
G0 X77.810 Y191.256 F3000.000
G1 Z1.000 F500.000
G4 P100
G1 X81.409 Y191.256 F1000.000
G1 X81.409 Y190.784
G1 X77.810 Y190.784
G1 X77.810 Y191.256
G0 Z5.000 F500.000
G0 X77.810 Y190.111 F3000.000
G1 Z1.000 F500.000
G4 P100
G1 X81.409 Y190.111 F1000.000
G1 X81.409 Y189.634
G1 X77.810 Y189.634
G1 X77.810 Y190.111
G0 Z5.000 F500.000
G0 X74.105 Y188.353 F3000.000
G1 Z1.000 F500.000
G4 P100
G1 X73.519 Y187.599 F1000.000
G1 X73.110 Y187.459
G1 X72.535 Y187.449
G1 X72.622 Y187.882
G1 X73.024 Y187.889
G1 X73.287 Y187.999
G1 X73.787 Y188.760
G1 X73.091 Y191.790
G1 X73.639 Y191.790
G1 X74.161 Y189.381
G1 X75.603 Y191.790
G1 X76.145 Y191.790
G1 X74.105 Y188.353
G0 Z5.000 F500.000
G0 X90.598 Y125.670 F3000.000
G1 Z1.000 F500.000
G4 P100
G1 X90.770 Y125.152 F1000.000
G0 Z5.000 F500.000
G0 X90.770 Y125.152 F3000.000
G1 Z1.000 F500.000
G4 P100
G1 X91.029 Y125.325 F1000.000
G1 X91.288 Y125.325
G0 Z5.000 F500.000
G0 X90.770 Y125.152 F3000.000
G1 Z1.000 F500.000
G4 P100
G1 X86.630 Y116.950 F1000.000
G1 X86.544 Y116.518
G0 Z5.000 F500.000
G0 X86.544 Y116.432 F3000.000
G1 Z1.000 F500.000
G4 P100
G1 X86.803 Y116.172 F1000.000
G1 X89.735 Y115.050
G1 X91.374 Y114.187
G1 X92.323 Y113.928
G1 X93.961 Y113.064
G1 X95.428 Y112.546
G1 X96.031 Y112.201
G1 X96.635 Y112.115
G0 Z5.000 F500.000
G0 X96.721 Y112.201 F3000.000
G1 Z1.000 F500.000
G4 P100
G1 X96.721 Y112.460 F1000.000
G1 X96.204 Y113.323
G1 X95.686 Y114.791
G1 X95.428 Y116.345
G1 X95.428 Y117.381
G1 X95.686 Y118.935
G1 X96.463 Y120.921
G1 X97.239 Y122.044
G1 X98.705 Y123.511
G1 X99.395 Y124.029
G1 X100.344 Y124.547
G1 X101.810 Y125.065
G1 X103.362 Y125.325
G1 X104.397 Y125.325
G1 X105.950 Y125.065
G1 X108.106 Y124.202
G1 X108.968 Y123.598
G1 X110.521 Y122.044
G1 X110.952 Y121.439
G1 X111.814 Y119.712
G1 X112.245 Y117.899
G1 X112.159 Y115.223
G1 X111.814 Y114.014
G1 X111.124 Y112.460
G0 Z5.000 F500.000
G0 X111.124 Y112.460 F3000.000
G1 Z1.000 F500.000
G4 P100
G1 X111.556 Y112.374 F1000.000
G1 X113.022 Y113.064
G1 X113.453 Y113.151
G1 X115.092 Y114.014
G1 X115.954 Y114.273
G0 Z5.000 F500.000
G0 X115.954 Y114.273 F3000.000
G1 Z1.000 F500.000
G4 P100
G1 X116.040 Y114.187 F1000.000
G1 X116.040 Y110.129
G1 X116.127 Y110.042
G1 X126.993 Y110.042
G1 X127.080 Y110.129
G1 X127.080 Y123.166
G1 X126.993 Y123.252
G1 X116.127 Y123.252
G1 X116.040 Y123.166
G1 X116.040 Y114.532
G0 Z5.000 F500.000
G0 X116.127 Y114.446 F3000.000
G1 Z1.000 F500.000
G4 P100
G1 X116.385 Y114.446 F1000.000
G1 X117.679 Y115.136
G1 X120.180 Y116.086
G1 X120.784 Y116.432
G1 X122.854 Y117.122
G1 X123.285 Y117.122
G1 X123.889 Y117.381
G1 X125.355 Y117.554
G1 X125.872 Y117.727
G0 Z5.000 F500.000
G0 X125.872 Y105.207 F3000.000
G1 Z1.000 F500.000
G4 P100
G1 X122.940 Y102.272 F1000.000
G0 Z5.000 F500.000
G0 X122.854 Y102.185 F3000.000
G1 Z1.000 F500.000
G4 P100
G1 X119.921 Y105.121 F1000.000
G0 Z5.000 F500.000
G0 X122.767 Y102.099 F3000.000
G1 Z1.000 F500.000
G4 P100
G1 X121.388 Y100.718 F1000.000
G1 X121.388 Y100.545
G0 Z5.000 F500.000
G0 X121.474 Y100.459 F3000.000
G1 Z1.000 F500.000
G4 P100
G1 X124.234 Y100.459 F1000.000
G0 Z5.000 F500.000
G0 X124.320 Y100.545 F3000.000
G1 Z1.000 F500.000
G4 P100
G1 X124.320 Y100.718 F1000.000
G1 X122.940 Y102.099
G0 Z5.000 F500.000
G0 X124.406 Y100.459 F3000.000
G1 Z1.000 F500.000
G4 P100
G1 X124.837 Y100.459 F1000.000
G0 Z5.000 F500.000
G0 X124.924 Y100.372 F3000.000
G1 Z1.000 F500.000
G4 P100
G1 X124.924 Y100.113 F1000.000
G1 X125.872 Y99.164
G0 Z5.000 F500.000
G0 X120.870 Y100.372 F3000.000
G1 Z1.000 F500.000
G4 P100
G1 X120.784 Y100.113 F1000.000
G1 X119.921 Y99.250
G0 Z5.000 F500.000
G0 X120.784 Y100.459 F3000.000
G1 Z1.000 F500.000
G4 P100
G1 X41.007 Y100.459 F1000.000
G1 X40.834 Y100.631
G1 X40.834 Y127.915
G1 X40.920 Y128.087
G0 Z5.000 F500.000
G0 X35.142 Y133.095 F3000.000
G1 Z1.000 F500.000
G4 P100
G1 X132.944 Y133.095 F1000.000
G1 X133.031 Y133.009
G1 X133.031 Y93.810
G1 X132.944 Y93.724
G1 X35.142 Y93.724
G1 X35.056 Y93.810
G1 X35.056 Y133.009
G1 X35.142 Y133.095
G0 Z5.000 F500.000
G0 X42.731 Y114.187 F3000.000
G1 Z1.000 F500.000
G4 P100
G1 X43.163 Y114.100 F1000.000
G1 X44.801 Y113.237
G1 X45.233 Y113.151
G1 X46.871 Y112.374
G1 X47.820 Y112.115
G1 X48.424 Y111.769
G1 X50.752 Y111.165
G0 Z5.000 F500.000
G0 X50.839 Y111.078 F3000.000
G1 Z1.000 F500.000
G4 P100
G1 X50.494 Y110.560 F1000.000
G1 X45.233 Y104.776
G0 Z5.000 F500.000
G0 X46.785 Y97.091 F3000.000
G1 Z1.000 F500.000
G4 P100
G1 X51.701 Y97.091 F1000.000
G1 X51.873 Y97.178
G0 Z5.000 F500.000
G0 X57.134 Y97.091 F3000.000
G1 Z1.000 F500.000
G4 P100
G1 X62.050 Y97.091 F1000.000
G1 X62.223 Y97.178
G0 Z5.000 F500.000
G0 X67.570 Y97.091 F3000.000
G1 Z1.000 F500.000
G4 P100
G1 X72.486 Y97.091 F1000.000
G0 Z5.000 F500.000
G0 X65.328 Y104.603 F3000.000
G1 Z1.000 F500.000
G4 P100
G1 X65.242 Y104.948 F1000.000
G0 Z5.000 F500.000
G0 X65.242 Y105.121 F3000.000
G1 Z1.000 F500.000
G4 P100
G1 X72.486 Y115.913 F1000.000
G1 X72.486 Y116.172
G0 Z5.000 F500.000
G0 X72.486 Y116.259 F3000.000
G1 Z1.000 F500.000
G4 P100
G1 X72.227 Y116.432 F1000.000
G1 X71.106 Y116.086
G1 X62.223 Y112.115
G1 X60.153 Y111.424
G1 X59.722 Y111.424
G1 X58.083 Y110.906
G1 X56.703 Y110.733
G1 X52.908 Y110.733
G1 X51.528 Y110.906
G1 X51.184 Y111.078
G0 Z5.000 F500.000
G0 X51.184 Y111.251 F3000.000
G1 Z1.000 F500.000
G4 P100
G1 X51.270 Y111.510 F1000.000
G1 X61.533 Y122.821
G0 Z5.000 F500.000
G0 X72.572 Y116.259 F3000.000
G1 Z1.000 F500.000
G4 P100
G1 X73.607 Y117.295 F1000.000
G1 X73.952 Y117.295
G1 X74.470 Y117.036
G0 Z5.000 F500.000
G0 X74.556 Y117.036 F3000.000
G1 Z1.000 F500.000
G4 P100
G1 X74.815 Y117.295 F1000.000
G1 X75.677 Y117.381
G1 X76.367 Y117.640
G1 X77.230 Y117.640
G1 X78.006 Y117.813
G1 X80.248 Y117.813
G1 X83.008 Y117.468
G1 X85.854 Y116.604
G1 X86.199 Y116.345
G0 Z5.000 F500.000
G0 X86.199 Y116.259 F3000.000
G1 Z1.000 F500.000
G4 P100
G1 X86.199 Y116.000 F1000.000
G1 X82.663 Y108.920
G1 X82.404 Y108.661
G0 Z5.000 F500.000
G0 X82.232 Y108.661 F3000.000
G1 Z1.000 F500.000
G4 P100
G1 X82.059 Y108.661 F1000.000
G1 X80.680 Y110.042
G1 X74.815 Y116.518
G1 X74.556 Y116.950
G0 Z5.000 F500.000
G0 X96.807 Y112.115 F3000.000
G1 Z1.000 F500.000
G4 P100
G1 X97.497 Y111.596 F1000.000
G0 Z5.000 F500.000
G0 X97.584 Y111.510 F3000.000
G1 Z1.000 F500.000
G4 P100
G1 X97.670 Y111.251 F1000.000
G1 X98.705 Y110.215
G1 X100.602 Y109.093
G1 X101.551 Y108.747
G1 X102.845 Y108.488
G1 X104.915 Y108.488
G1 X106.726 Y108.920
G1 X108.192 Y109.611
G1 X109.313 Y110.388
G1 X110.348 Y111.424
G1 X110.434 Y111.769
G0 Z5.000 F500.000
G0 X110.434 Y111.855 F3000.000
G1 Z1.000 F500.000
G4 P100
G1 X110.262 Y111.942 F1000.000
G1 X108.278 Y111.251
G1 X107.847 Y111.251
G1 X107.243 Y110.992
G1 X105.691 Y110.733
G1 X101.723 Y110.733
G1 X99.654 Y111.078
G1 X99.050 Y111.337
G1 X97.670 Y111.596
G0 Z5.000 F500.000
G0 X110.521 Y111.855 F3000.000
G1 Z1.000 F500.000
G4 P100
G1 X111.124 Y112.460 F1000.000
G0 Z5.000 F500.000
G0 X87.139 Y55.481 F3000.000
G1 Z1.000 F500.000
G4 P100
G1 X85.084 Y52.858 F1000.000
G0 Z5.000 F500.000
G0 X85.077 Y52.828 F3000.000
G1 Z1.000 F500.000
G4 P100
G1 X88.188 Y50.637 F1000.000
G0 Z5.000 F500.000
G0 X88.223 Y50.660 F3000.000
G1 Z1.000 F500.000
G4 P100
G1 X88.083 Y52.159 F1000.000
G1 X88.358 Y53.019
G1 X88.764 Y53.636
G1 X89.983 Y54.479
G1 X90.876 Y54.656
G1 X91.421 Y54.632
G1 X92.280 Y54.357
G1 X92.949 Y53.909
G1 X93.715 Y52.767
G1 X93.898 Y51.474
G1 X93.676 Y50.572
G1 X93.126 Y49.710
G0 Z5.000 F500.000
G0 X93.126 Y49.710 F3000.000
G1 Z1.000 F500.000
G4 P100
G1 X93.266 Y49.650 F1000.000
G1 X94.894 Y49.977
G0 Z5.000 F500.000
G0 X94.894 Y49.977 F3000.000
G1 Z1.000 F500.000
G4 P100
G1 X94.648 Y48.530 F1000.000
G1 X98.333 Y47.747
G1 X99.308 Y52.190
G1 X95.600 Y53.009
G1 X94.942 Y50.058
G0 Z5.000 F500.000
G0 X94.965 Y50.023 F3000.000
G1 Z1.000 F500.000
G4 P100
G1 X96.688 Y50.361 F1000.000
G1 X98.507 Y50.433
G0 Z5.000 F500.000
G0 X97.604 Y46.188 F3000.000
G1 Z1.000 F500.000
G4 P100
G1 X96.398 Y45.404 F1000.000
G0 Z5.000 F500.000
G0 X96.363 Y45.381 F3000.000
G1 Z1.000 F500.000
G4 P100
G1 X95.580 Y46.587 F1000.000
G0 Z5.000 F500.000
G0 X96.327 Y45.358 F3000.000
G1 Z1.000 F500.000
G4 P100
G1 X95.747 Y44.930 F1000.000
G0 Z5.000 F500.000
G0 X95.770 Y44.895 F3000.000
G1 Z1.000 F500.000
G4 P100
G1 X96.706 Y44.696 F1000.000
G0 Z5.000 F500.000
G0 X96.742 Y44.719 F3000.000
G1 Z1.000 F500.000
G4 P100
G1 X96.386 Y45.345 F1000.000
G0 Z5.000 F500.000
G0 X96.934 Y44.617 F3000.000
G1 Z1.000 F500.000
G4 P100
G1 X97.169 Y44.138 F1000.000
G0 Z5.000 F500.000
G0 X95.560 Y44.909 F3000.000
G1 Z1.000 F500.000
G4 P100
G1 X95.157 Y44.597 F1000.000
G0 Z5.000 F500.000
G0 X95.536 Y44.944 F3000.000
G1 Z1.000 F500.000
G4 P100
G1 X68.485 Y50.694 F1000.000
G1 X70.447 Y60.069
G0 Z5.000 F500.000
G0 X68.848 Y62.184 F3000.000
G1 Z1.000 F500.000
G4 P100
G1 X102.012 Y55.135 F1000.000
G1 X99.210 Y41.807
G1 X66.011 Y48.833
G1 X68.848 Y62.184
G0 Z5.000 F500.000
G0 X70.059 Y55.225 F3000.000
G1 Z1.000 F500.000
G4 P100
G1 X71.815 Y53.995 F1000.000
G1 X72.561 Y53.622
G0 Z5.000 F500.000
G0 X72.584 Y53.587 F3000.000
G1 Z1.000 F500.000
G4 P100
G1 X70.229 Y51.854 F1000.000
G0 Z5.000 F500.000
G0 X70.201 Y49.136 F3000.000
G1 Z1.000 F500.000
G4 P100
G1 X71.933 Y48.799 F1000.000
G0 Z5.000 F500.000
G0 X73.711 Y48.390 F3000.000
G1 Z1.000 F500.000
G4 P100
G1 X75.443 Y48.053 F1000.000
G0 Z5.000 F500.000
G0 X77.250 Y47.638 F3000.000
G1 Z1.000 F500.000
G4 P100
G1 X78.917 Y47.284 F1000.000
G0 Z5.000 F500.000
G0 X77.039 Y50.529 F3000.000
G1 Z1.000 F500.000
G4 P100
G1 X80.292 Y53.754 F1000.000
G0 Z5.000 F500.000
G0 X80.298 Y53.783 F3000.000
G1 Z1.000 F500.000
G4 P100
G1 X79.818 Y53.824 F1000.000
G1 X76.519 Y53.118
G1 X75.028 Y53.006
G1 X73.261 Y53.320
G1 X72.701 Y53.562
G0 Z5.000 F500.000
G0 X72.714 Y53.620 F3000.000
G1 Z1.000 F500.000
G4 P100
G1 X77.057 Y56.798 F1000.000
G0 Z5.000 F500.000
G0 X80.327 Y53.777 F3000.000
G1 Z1.000 F500.000
G4 P100
G1 X80.753 Y54.054 F1000.000
G1 X81.027 Y53.904
G0 Z5.000 F500.000
G0 X81.056 Y53.897 F3000.000
G1 Z1.000 F500.000
G4 P100
G1 X81.714 Y53.972 F1000.000
G1 X83.042 Y53.751
G1 X83.953 Y53.435
G1 X84.954 Y52.824
G0 Z5.000 F500.000
G0 X84.948 Y52.795 F3000.000
G1 Z1.000 F500.000
G4 P100
G1 X83.114 Y50.492 F1000.000
G0 Z5.000 F500.000
G0 X83.055 Y50.504 F3000.000
G1 Z1.000 F500.000
G4 P100
G1 X81.050 Y53.868 F1000.000
G0 Z5.000 F500.000
G0 X88.466 Y50.364 F3000.000
G1 Z1.000 F500.000
G4 P100
G1 X88.753 Y49.844 F1000.000
G1 X89.315 Y49.327
G1 X90.032 Y48.960
G1 X90.734 Y48.811
G1 X91.926 Y48.955
G1 X92.842 Y49.526
G0 Z5.000 F500.000
G0 X92.849 Y49.555 F3000.000
G1 Z1.000 F500.000
G4 P100
G1 X91.159 Y49.516 F1000.000
G1 X89.814 Y49.802
G1 X88.502 Y50.387
G0 Z5.000 F500.000
M400
M84
; End
