; Generated by plotter-processor
; Page 13/20
; Motion profile: safe
; Draw feed: 1000.000 mm/min
; Travel feed: 3000.000 mm/min
; Z feed: 500.000 mm/min
; Pen Z: down=1.000 up=5.000
; Down settle: 100 ms
; Estimated ideal time: 799.124043 s
G21
G90
G0 Z5.000 F500.000
G0 X29.899 Y203.548 F3000.000
G1 Z1.000 F500.000
G4 P100
G1 X29.804 Y203.238 F1000.000
G1 X29.319 Y202.790
G1 X29.051 Y202.672
G1 X28.438 Y202.676
G1 X28.186 Y202.808
G1 X27.964 Y203.045
G1 X27.306 Y204.143
G1 X27.079 Y204.228
G1 X26.914 Y203.263
G1 X26.714 Y202.795
G1 X26.525 Y202.673
G1 X26.259 Y202.633
G1 X25.943 Y202.682
G1 X25.666 Y202.830
G1 X25.269 Y203.380
G1 X25.129 Y204.183
G1 X25.202 Y204.965
G1 X25.421 Y205.633
G1 X25.772 Y206.171
G1 X26.241 Y206.565
G1 X26.809 Y206.807
G1 X27.459 Y206.888
G1 X28.264 Y206.743
G1 X28.746 Y206.343
G1 X28.904 Y205.768
G1 X28.771 Y205.220
G1 X28.374 Y204.748
G1 X27.729 Y204.443
G1 X28.099 Y204.233
G1 X28.636 Y203.368
G1 X28.954 Y203.228
G1 X29.259 Y203.335
G1 X29.759 Y203.773
G1 X29.861 Y203.713
G1 X29.899 Y203.548
G0 Z5.000 F500.000
G0 X28.021 Y205.203 F3000.000
G1 Z1.000 F500.000
G4 P100
G1 X28.154 Y205.668 F1000.000
G1 X28.100 Y205.949
G1 X27.939 Y206.163
G1 X27.674 Y206.298
G1 X27.309 Y206.343
G1 X26.849 Y206.282
G1 X26.451 Y206.100
G1 X26.124 Y205.799
G1 X25.879 Y205.380
G1 X25.725 Y204.851
G1 X25.674 Y204.218
G1 X25.739 Y203.668
G1 X25.899 Y203.323
G1 X26.079 Y203.208
G1 X26.186 Y203.273
G1 X26.389 Y204.233
G1 X26.156 Y204.313
G1 X26.094 Y204.493
G1 X26.171 Y204.683
G1 X26.474 Y204.753
G1 X26.624 Y205.598
G1 X26.761 Y205.841
G1 X27.044 Y205.923
G1 X27.257 Y205.859
G1 X27.324 Y205.583
G1 X27.174 Y204.753
G1 X27.666 Y204.883
G1 X28.021 Y205.203
G0 Z5.000 F500.000
G0 X29.564 Y204.360 F3000.000
G1 Z1.000 F500.000
G4 P100
G1 X29.736 Y204.625 F1000.000
G1 X30.232 Y204.951
G1 X30.529 Y204.993
G1 X30.872 Y204.927
G1 X31.141 Y204.730
G1 X31.326 Y204.437
G1 X31.414 Y204.083
G1 X32.044 Y204.193
G1 X32.144 Y204.128
G1 X32.142 Y203.771
G1 X32.034 Y203.678
G1 X31.374 Y203.558
G1 X31.232 Y203.180
G1 X30.999 Y202.885
G1 X30.700 Y202.696
G1 X30.086 Y202.669
G1 X29.851 Y202.778
G1 X29.529 Y203.163
G1 X29.419 Y203.683
G1 X29.564 Y204.360
G0 Z5.000 F500.000
G0 X30.044 Y203.728 F3000.000
G1 Z1.000 F500.000
G4 P100
G1 X30.151 Y203.308 F1000.000
G1 X30.404 Y203.163
G1 X30.681 Y203.293
G1 X30.839 Y203.668
G1 X30.601 Y203.943
G1 X30.534 Y204.463
G1 X30.332 Y204.415
G1 X30.176 Y204.270
G1 X30.044 Y203.728
G0 Z5.000 F500.000
G0 X31.759 Y204.523 F3000.000
G1 Z1.000 F500.000
G4 P100
G1 X31.849 Y204.928 F1000.000
G1 X32.104 Y204.993
G1 X32.296 Y204.935
G1 X32.429 Y203.248
G1 X33.054 Y204.738
G1 X33.186 Y204.940
G1 X33.374 Y204.993
G1 X33.561 Y204.938
G1 X33.614 Y204.743
G1 X33.684 Y203.248
G1 X34.134 Y203.958
G1 X34.059 Y204.303
G1 X34.134 Y204.633
G1 X34.339 Y204.893
G1 X34.634 Y204.993
G1 X34.869 Y204.890
G1 X34.959 Y204.593
G1 X34.839 Y204.078
G1 X35.529 Y204.183
G1 X35.644 Y204.133
G1 X35.684 Y203.998
G1 X35.624 Y203.755
G1 X35.444 Y203.628
G1 X34.954 Y203.553
G1 X34.539 Y203.613
G1 X33.876 Y202.738
G1 X33.554 Y202.633
G1 X33.251 Y202.788
G1 X33.099 Y203.663
G1 X32.821 Y203.023
G1 X32.576 Y202.718
G1 X32.289 Y202.633
G1 X31.966 Y202.793
G1 X31.819 Y203.298
G1 X31.759 Y204.523
G0 Z5.000 F500.000
G0 X55.115 Y204.183 F3000.000
G1 Z1.000 F500.000
G4 P100
G1 X55.189 Y204.965 F1000.000
G1 X55.408 Y205.633
G1 X55.759 Y206.171
G1 X56.228 Y206.565
G1 X56.796 Y206.807
G1 X57.445 Y206.888
G1 X57.887 Y206.851
G1 X58.534 Y206.570
G1 X58.733 Y206.343
G1 X58.890 Y205.768
G1 X58.758 Y205.220
G1 X58.360 Y204.748
G1 X57.715 Y204.443
G1 X58.085 Y204.233
G1 X58.623 Y203.368
G1 X58.940 Y203.228
G1 X59.245 Y203.335
G1 X59.745 Y203.773
G1 X59.848 Y203.713
G1 X59.885 Y203.548
G1 X59.790 Y203.238
G1 X59.305 Y202.790
G1 X59.038 Y202.672
G1 X58.425 Y202.676
G1 X58.173 Y202.808
G1 X57.951 Y203.045
G1 X57.293 Y204.143
G1 X57.065 Y204.228
G1 X56.900 Y203.263
G1 X56.700 Y202.795
G1 X56.512 Y202.673
G1 X56.245 Y202.633
G1 X55.930 Y202.682
G1 X55.425 Y203.066
G1 X55.255 Y203.380
G1 X55.115 Y204.183
G0 Z5.000 F500.000
G0 X55.725 Y203.668 F3000.000
G1 Z1.000 F500.000
G4 P100
G1 X55.885 Y203.323 F1000.000
G1 X56.065 Y203.208
G1 X56.173 Y203.273
G1 X56.375 Y204.233
G1 X56.143 Y204.313
G1 X56.080 Y204.493
G1 X56.158 Y204.683
G1 X56.460 Y204.753
G1 X56.610 Y205.598
G1 X56.748 Y205.841
G1 X57.030 Y205.923
G1 X57.244 Y205.859
G1 X57.310 Y205.583
G1 X57.160 Y204.753
G1 X57.653 Y204.883
G1 X58.008 Y205.203
G1 X58.140 Y205.668
G1 X58.087 Y205.949
G1 X57.925 Y206.163
G1 X57.660 Y206.298
G1 X57.295 Y206.343
G1 X56.836 Y206.282
G1 X56.438 Y206.100
G1 X56.111 Y205.799
G1 X55.865 Y205.380
G1 X55.712 Y204.851
G1 X55.660 Y204.218
G1 X55.725 Y203.668
G0 Z5.000 F500.000
G0 X59.530 Y204.045 F3000.000
G1 Z1.000 F500.000
G4 P100
G1 X59.695 Y204.708 F1000.000
G1 X59.835 Y204.923
G1 X60.273 Y204.953
G1 X60.315 Y204.848
G1 X60.080 Y203.543
G1 X60.185 Y203.353
G1 X60.373 Y203.503
G1 X60.613 Y203.958
G1 X60.983 Y204.923
G1 X61.390 Y204.960
G1 X61.435 Y204.858
G1 X61.170 Y203.383
G1 X61.210 Y203.235
G1 X61.315 Y203.183
G1 X61.553 Y203.305
G1 X62.055 Y203.773
G1 X62.158 Y203.713
G1 X62.195 Y203.548
G1 X62.100 Y203.238
G1 X61.638 Y202.803
G1 X61.374 Y202.675
G1 X60.867 Y202.679
G1 X60.723 Y202.818
G1 X60.610 Y203.338
G1 X60.355 Y202.815
G1 X59.990 Y202.633
G1 X59.786 Y202.685
G1 X59.516 Y203.073
G1 X59.530 Y204.045
G0 Z5.000 F500.000
G0 X61.495 Y203.108 F3000.000
G1 Z1.000 F500.000
G4 P100
G1 X62.045 Y203.933 F1000.000
G1 X62.470 Y204.823
G1 X62.617 Y204.988
G1 X62.865 Y205.043
G1 X63.060 Y205.018
G1 X63.115 Y204.938
G1 X62.950 Y204.408
G1 X63.408 Y203.660
G1 X63.480 Y203.198
G1 X64.190 Y203.773
G1 X64.293 Y203.713
G1 X64.330 Y203.548
G1 X64.235 Y203.238
G1 X63.758 Y202.815
G1 X62.720 Y202.523
G1 X62.323 Y202.643
G1 X62.185 Y202.913
G1 X62.280 Y203.138
G1 X62.560 Y203.233
G1 X62.845 Y203.203
G1 X62.788 Y203.448
G1 X62.505 Y203.858
G1 X61.865 Y202.998
G1 X61.675 Y202.908
G1 X61.545 Y202.965
G1 X61.495 Y203.108
G0 Z5.000 F500.000
G0 X63.630 Y203.108 F3000.000
G1 Z1.000 F500.000
G4 P100
G1 X64.180 Y203.933 F1000.000
G1 X64.605 Y204.823
G1 X64.752 Y204.988
G1 X65.000 Y205.043
G1 X65.195 Y205.018
G1 X65.250 Y204.938
G1 X65.085 Y204.408
G1 X65.543 Y203.660
G1 X65.615 Y203.198
G1 X66.325 Y203.773
G1 X66.428 Y203.713
G1 X66.465 Y203.548
G1 X66.370 Y203.238
G1 X65.893 Y202.815
G1 X64.855 Y202.523
G1 X64.458 Y202.643
G1 X64.320 Y202.913
G1 X64.415 Y203.138
G1 X64.695 Y203.233
G1 X64.980 Y203.203
G1 X64.923 Y203.448
G1 X64.640 Y203.858
G1 X64.000 Y202.998
G1 X63.810 Y202.908
G1 X63.680 Y202.965
G1 X63.630 Y203.108
G0 Z5.000 F500.000
G0 X66.092 Y203.130 F3000.000
G1 Z1.000 F500.000
G4 P100
G1 X66.113 Y204.050 F1000.000
G1 X66.260 Y204.708
G1 X66.380 Y204.928
G1 X66.620 Y204.988
G1 X66.812 Y204.945
G1 X66.875 Y204.818
G1 X66.660 Y203.493
G1 X66.700 Y203.263
G1 X66.835 Y203.183
G1 X67.060 Y203.308
G1 X67.555 Y203.773
G1 X67.658 Y203.713
G1 X67.695 Y203.548
G1 X67.600 Y203.238
G1 X67.122 Y202.784
G1 X66.675 Y202.633
G1 X66.395 Y202.690
G1 X66.203 Y202.863
G1 X66.092 Y203.130
G0 Z5.000 F500.000
G0 X66.715 Y205.318 F3000.000
G1 Z1.000 F500.000
G4 P100
G1 X66.400 Y205.415 F1000.000
G1 X66.295 Y205.688
G1 X66.433 Y205.980
G1 X66.775 Y206.098
G1 X67.075 Y206.008
G1 X67.190 Y205.753
G1 X67.060 Y205.435
G1 X66.715 Y205.318
G0 Z5.000 F500.000
G0 X67.903 Y204.780 F3000.000
G1 Z1.000 F500.000
G4 P100
G1 X68.220 Y204.943 F1000.000
G1 X68.555 Y204.998
G1 X68.703 Y204.955
G1 X68.765 Y204.803
G1 X69.169 Y204.779
G1 X69.230 Y204.648
G1 X69.040 Y203.348
G1 X69.078 Y203.228
G1 X69.175 Y203.183
G1 X69.405 Y203.305
G1 X69.905 Y203.773
G1 X70.008 Y203.713
G1 X70.045 Y203.548
G1 X69.950 Y203.238
G1 X69.515 Y202.808
G1 X69.070 Y202.633
G1 X68.768 Y202.745
G1 X68.560 Y203.053
G1 X68.267 Y202.738
G1 X67.905 Y202.633
G1 X67.627 Y202.689
G1 X67.410 Y202.858
G1 X67.272 Y203.118
G1 X67.272 Y203.837
G1 X67.626 Y204.528
G1 X67.903 Y204.780
G0 Z5.000 F500.000
G0 X68.238 Y204.375 F3000.000
G1 Z1.000 F500.000
G4 P100
G1 X67.955 Y203.973 F1000.000
G1 X67.850 Y203.443
G1 X67.913 Y203.213
G1 X68.085 Y203.138
G1 X68.295 Y203.268
G1 X68.440 Y203.613
G1 X68.625 Y204.533
G1 X68.238 Y204.375
G0 Z5.000 F500.000
G0 X69.697 Y204.106 F3000.000
G1 Z1.000 F500.000
G4 P100
G1 X69.835 Y204.708 F1000.000
G1 X69.983 Y204.920
G1 X70.270 Y204.988
G1 X70.410 Y204.963
G1 X70.450 Y204.868
G1 X70.245 Y203.788
G1 X70.615 Y204.488
G1 X71.018 Y204.873
G1 X71.380 Y204.988
G1 X71.624 Y204.906
G1 X71.705 Y204.663
G1 X71.500 Y203.383
G1 X71.537 Y203.233
G1 X71.645 Y203.183
G1 X71.883 Y203.305
G1 X72.385 Y203.773
G1 X72.488 Y203.713
G1 X72.525 Y203.548
G1 X72.430 Y203.238
G1 X71.968 Y202.803
G1 X71.704 Y202.675
G1 X71.182 Y202.670
G1 X70.923 Y202.961
G1 X70.890 Y203.208
G1 X71.025 Y204.143
G1 X70.970 Y204.223
G1 X70.788 Y204.055
G1 X70.548 Y203.613
G1 X70.223 Y202.715
G1 X69.995 Y202.633
G1 X69.834 Y202.683
G1 X69.728 Y202.833
G1 X69.650 Y203.473
G1 X69.697 Y204.106
G0 Z5.000 F500.000
G0 X57.583 Y193.616 F3000.000
G1 Z1.000 F500.000
G4 P100
G1 X57.620 Y193.451 F1000.000
G1 X57.525 Y193.141
G1 X57.048 Y192.718
G1 X56.485 Y192.596
G1 X56.267 Y192.468
G1 X56.010 Y192.426
G1 X55.613 Y192.546
G1 X55.475 Y192.816
G1 X55.570 Y193.041
G1 X55.850 Y193.136
G1 X56.135 Y193.106
G1 X56.078 Y193.351
G1 X55.795 Y193.761
G1 X55.155 Y192.901
G1 X54.965 Y192.811
G1 X54.835 Y192.868
G1 X54.785 Y193.011
G1 X55.335 Y193.836
G1 X55.760 Y194.726
G1 X55.907 Y194.891
G1 X56.155 Y194.946
G1 X56.350 Y194.921
G1 X56.405 Y194.841
G1 X56.240 Y194.311
G1 X56.698 Y193.563
G1 X56.770 Y193.101
G1 X57.345 Y193.606
G1 X57.480 Y193.676
G1 X57.583 Y193.616
G0 Z5.000 F500.000
G0 X57.197 Y193.740 F3000.000
G1 Z1.000 F500.000
G4 P100
G1 X57.551 Y194.431 F1000.000
G1 X57.828 Y194.683
G1 X58.145 Y194.846
G1 X58.480 Y194.901
G1 X58.628 Y194.858
G1 X58.690 Y194.706
G1 X59.094 Y194.682
G1 X59.155 Y194.551
G1 X58.965 Y193.251
G1 X59.003 Y193.131
G1 X59.100 Y193.086
G1 X59.330 Y193.208
G1 X59.830 Y193.676
G1 X59.933 Y193.616
G1 X59.970 Y193.451
G1 X59.875 Y193.141
G1 X59.440 Y192.711
G1 X58.995 Y192.536
G1 X58.693 Y192.648
G1 X58.485 Y192.956
G1 X58.192 Y192.641
G1 X57.830 Y192.536
G1 X57.552 Y192.592
G1 X57.335 Y192.761
G1 X57.197 Y193.021
G1 X57.197 Y193.740
G0 Z5.000 F500.000
G0 X57.775 Y193.346 F3000.000
G1 Z1.000 F500.000
G4 P100
G1 X57.838 Y193.116 F1000.000
G1 X58.010 Y193.041
G1 X58.220 Y193.171
G1 X58.365 Y193.516
G1 X58.550 Y194.436
G1 X58.163 Y194.278
G1 X57.880 Y193.876
G1 X57.775 Y193.346
G0 Z5.000 F500.000
G0 X59.622 Y194.009 F3000.000
G1 Z1.000 F500.000
G4 P100
G1 X59.760 Y194.611 F1000.000
G1 X59.908 Y194.823
G1 X60.195 Y194.891
G1 X60.335 Y194.866
G1 X60.375 Y194.771
G1 X60.170 Y193.696
G1 X60.493 Y194.356
G1 X60.878 Y194.758
G1 X61.250 Y194.891
G1 X61.498 Y194.811
G1 X61.570 Y194.566
G1 X61.420 Y193.716
G1 X61.684 Y194.247
G1 X61.975 Y194.611
G1 X62.270 Y194.821
G1 X62.545 Y194.891
G1 X62.789 Y194.809
G1 X62.870 Y194.566
G1 X62.665 Y193.286
G1 X62.702 Y193.136
G1 X62.810 Y193.086
G1 X63.048 Y193.208
G1 X63.550 Y193.676
G1 X63.653 Y193.616
G1 X63.690 Y193.451
G1 X63.595 Y193.141
G1 X63.133 Y192.706
G1 X62.869 Y192.578
G1 X62.347 Y192.573
G1 X62.088 Y192.864
G1 X62.055 Y193.111
G1 X62.190 Y194.046
G1 X62.135 Y194.126
G1 X61.950 Y193.958
G1 X61.710 Y193.516
G1 X61.388 Y192.616
G1 X61.155 Y192.536
G1 X60.908 Y192.693
G1 X60.825 Y193.076
G1 X60.915 Y194.046
G1 X60.860 Y194.126
G1 X60.670 Y193.946
G1 X60.448 Y193.486
G1 X60.148 Y192.618
G1 X59.920 Y192.536
G1 X59.759 Y192.586
G1 X59.653 Y192.736
G1 X59.575 Y193.376
G1 X59.622 Y194.009
G0 Z5.000 F500.000
G0 X62.675 Y192.153 F3000.000
G1 Z1.000 F500.000
G4 P100
G1 X63.370 Y193.591 F1000.000
G1 X63.360 Y194.606
G1 X63.475 Y194.836
G1 X63.775 Y194.921
G1 X63.928 Y194.878
G1 X63.985 Y194.526
G1 X64.300 Y194.813
G1 X64.630 Y194.901
G1 X64.885 Y194.844
G1 X65.088 Y194.676
G1 X65.221 Y194.416
G1 X65.265 Y194.086
G1 X65.180 Y193.571
G1 X64.945 Y193.116
G1 X65.120 Y193.086
G1 X65.435 Y193.206
G1 X65.820 Y193.606
G1 X65.955 Y193.676
G1 X66.058 Y193.616
G1 X66.095 Y193.451
G1 X66.000 Y193.141
G1 X65.538 Y192.706
G1 X64.975 Y192.536
G1 X64.735 Y192.583
G1 X64.545 Y192.726
G1 X63.950 Y192.536
G1 X63.844 Y191.650
G1 X63.655 Y190.923
G1 X63.372 Y190.438
G1 X63.190 Y190.316
G1 X62.745 Y190.324
G1 X62.580 Y190.471
G1 X62.483 Y190.703
G1 X62.507 Y191.541
G1 X62.675 Y192.153
G0 Z5.000 F500.000
G0 X62.895 Y191.096 F3000.000
G1 Z1.000 F500.000
G4 P100
G1 X62.933 Y190.851 F1000.000
G1 X63.020 Y190.766
G1 X63.144 Y190.913
G1 X63.245 Y191.353
G1 X63.360 Y192.816
G1 X63.020 Y191.861
G1 X62.895 Y191.096
G0 Z5.000 F500.000
G0 X63.975 Y193.016 F3000.000
G1 Z1.000 F500.000
G4 P100
G1 X64.308 Y193.213 F1000.000
G1 X64.550 Y193.603
G1 X64.640 Y194.091
G1 X64.580 Y194.318
G1 X64.420 Y194.396
G1 X64.222 Y194.301
G1 X63.985 Y194.016
G1 X63.975 Y193.016
G0 Z5.000 F500.000
G0 X65.779 Y193.394 F3000.000
G1 Z1.000 F500.000
G4 P100
G1 X65.725 Y193.971 F1000.000
G1 X65.883 Y195.361
G1 X66.078 Y196.086
G1 X66.348 Y196.701
G1 X66.685 Y197.121
G1 X67.080 Y197.261
G1 X67.295 Y197.205
G1 X67.458 Y197.038
G1 X67.561 Y196.768
G1 X67.595 Y196.401
G1 X67.513 Y195.758
G1 X67.265 Y195.021
G1 X66.877 Y194.239
G1 X66.370 Y193.466
G1 X66.485 Y193.173
G1 X66.695 Y193.086
G1 X67.055 Y193.203
G1 X67.585 Y193.676
G1 X67.688 Y193.616
G1 X67.725 Y193.451
G1 X67.630 Y193.141
G1 X67.163 Y192.706
G1 X66.590 Y192.536
G1 X66.207 Y192.636
G1 X65.938 Y192.936
G1 X65.779 Y193.394
G0 Z5.000 F500.000
G0 X66.335 Y194.141 F3000.000
G1 Z1.000 F500.000
G4 P100
G1 X66.900 Y195.313 F1000.000
G1 X67.058 Y195.875
G1 X67.110 Y196.386
G1 X67.075 Y196.671
G1 X66.970 Y196.766
G1 X66.710 Y196.351
G1 X66.455 Y195.321
G1 X66.335 Y194.141
G0 Z5.000 F500.000
G0 X67.564 Y194.510 F3000.000
G1 Z1.000 F500.000
G4 P100
G1 X68.067 Y194.847 F1000.000
G1 X68.637 Y194.848
G1 X68.840 Y194.718
G1 X68.972 Y194.515
G1 X69.015 Y194.251
G1 X68.954 Y193.930
G1 X68.768 Y193.658
G1 X68.435 Y193.436
G1 X67.930 Y193.266
G1 X68.112 Y193.093
G1 X68.405 Y193.036
G1 X68.918 Y193.193
G1 X69.550 Y193.676
G1 X69.653 Y193.616
G1 X69.690 Y193.451
G1 X69.595 Y193.141
G1 X69.073 Y192.726
G1 X68.724 Y192.583
G1 X68.350 Y192.536
G1 X67.884 Y192.607
G1 X67.535 Y192.821
G1 X67.318 Y193.158
G1 X67.245 Y193.601
G1 X67.390 Y194.243
G1 X67.564 Y194.510
G0 Z5.000 F500.000
G0 X67.978 Y194.186 F3000.000
G1 Z1.000 F500.000
G4 P100
G1 X67.850 Y193.666 F1000.000
G1 X68.315 Y193.866
G1 X68.485 Y194.191
G1 X68.433 Y194.343
G1 X68.290 Y194.401
G1 X68.120 Y194.347
G1 X67.978 Y194.186
G0 Z5.000 F500.000
G0 X84.664 Y202.906 F3000.000
G1 Z1.000 F500.000
G4 P100
G1 X84.681 Y203.312 F1000.000
G1 X84.857 Y203.495
G1 X85.131 Y203.617
G1 X85.547 Y203.658
G1 X85.637 Y205.113
G1 X85.817 Y205.938
G1 X86.232 Y206.493
G1 X86.757 Y206.795
G1 X87.382 Y206.898
G1 X87.860 Y206.828
G1 X88.212 Y206.618
G1 X88.430 Y206.295
G1 X88.502 Y205.888
G1 X88.392 Y205.395
G1 X88.261 Y205.255
G1 X88.087 Y205.208
G1 X87.867 Y205.275
G1 X87.787 Y205.468
G1 X87.837 Y205.883
G1 X87.715 Y206.215
G1 X87.342 Y206.338
G1 X86.952 Y206.266
G1 X86.662 Y206.050
G1 X86.466 Y205.681
G1 X86.357 Y205.148
G1 X86.177 Y203.598
G1 X87.672 Y203.293
G1 X88.170 Y203.390
G1 X88.697 Y203.773
G1 X88.800 Y203.713
G1 X88.837 Y203.548
G1 X88.742 Y203.238
G1 X88.200 Y202.768
G1 X87.567 Y202.633
G1 X87.087 Y202.698
G1 X86.002 Y203.098
G1 X85.684 Y202.749
G1 X85.237 Y202.633
G1 X84.790 Y202.760
G1 X84.664 Y202.906
G0 Z5.000 F500.000
G0 X88.414 Y203.118 F3000.000
G1 Z1.000 F500.000
G4 P100
G1 X88.414 Y203.837 F1000.000
G1 X88.768 Y204.528
G1 X89.362 Y204.943
G1 X89.697 Y204.998
G1 X89.845 Y204.955
G1 X89.907 Y204.803
G1 X90.311 Y204.779
G1 X90.372 Y204.648
G1 X90.182 Y203.348
G1 X90.220 Y203.228
G1 X90.317 Y203.183
G1 X90.547 Y203.305
G1 X91.047 Y203.773
G1 X91.150 Y203.713
G1 X91.187 Y203.548
G1 X91.092 Y203.238
G1 X90.657 Y202.808
G1 X90.212 Y202.633
G1 X89.910 Y202.745
G1 X89.702 Y203.053
G1 X89.409 Y202.738
G1 X89.047 Y202.633
G1 X88.769 Y202.689
G1 X88.552 Y202.858
G1 X88.414 Y203.118
G0 Z5.000 F500.000
G0 X89.055 Y203.213 F3000.000
G1 Z1.000 F500.000
G4 P100
G1 X89.227 Y203.138 F1000.000
G1 X89.437 Y203.268
G1 X89.582 Y203.613
G1 X89.767 Y204.533
G1 X89.380 Y204.375
G1 X89.097 Y203.973
G1 X88.992 Y203.443
G1 X89.055 Y203.213
G0 Z5.000 F500.000
G0 X90.600 Y204.568 F3000.000
G1 Z1.000 F500.000
G4 P100
G1 X90.547 Y204.743 F1000.000
G1 X90.604 Y204.953
G1 X91.057 Y205.023
G1 X91.317 Y206.028
G1 X91.740 Y206.753
G1 X91.997 Y206.955
G1 X92.272 Y207.023
G1 X92.460 Y206.976
G1 X92.602 Y206.838
G1 X92.722 Y206.373
G1 X92.682 Y205.998
G1 X92.560 Y205.648
G1 X92.072 Y205.023
G1 X92.747 Y204.988
G1 X92.747 Y204.707
G1 X92.641 Y204.599
G1 X92.217 Y204.513
G1 X91.607 Y204.513
G1 X91.628 Y203.680
G1 X91.720 Y203.393
G1 X91.878 Y203.235
G1 X92.107 Y203.183
G1 X92.487 Y203.313
G1 X93.012 Y203.773
G1 X93.115 Y203.713
G1 X93.152 Y203.548
G1 X93.057 Y203.238
G1 X92.587 Y202.803
G1 X92.314 Y202.675
G1 X92.002 Y202.633
G1 X91.556 Y202.722
G1 X91.237 Y202.991
G1 X91.046 Y203.440
G1 X90.997 Y204.513
G1 X90.600 Y204.568
G0 Z5.000 F500.000
G0 X91.657 Y205.098 F3000.000
G1 Z1.000 F500.000
G4 P100
G1 X92.100 Y205.670 F1000.000
G1 X92.247 Y206.248
G1 X92.220 Y206.469
G1 X92.137 Y206.543
G1 X91.970 Y206.355
G1 X91.795 Y205.835
G1 X91.657 Y205.098
G0 Z5.000 F500.000
G0 X92.982 Y205.688 F3000.000
G1 Z1.000 F500.000
G4 P100
G1 X93.120 Y205.980 F1000.000
G1 X93.462 Y206.098
G1 X93.762 Y206.008
G1 X93.877 Y205.753
G1 X93.747 Y205.435
G1 X93.402 Y205.318
G1 X93.087 Y205.415
G1 X92.982 Y205.688
G0 Z5.000 F500.000
G0 X93.307 Y204.988 F3000.000
G1 Z1.000 F500.000
G4 P100
G1 X93.499 Y204.945 F1000.000
G1 X93.562 Y204.818
G1 X93.347 Y203.493
G1 X93.387 Y203.263
G1 X93.522 Y203.183
G1 X93.747 Y203.308
G1 X94.242 Y203.773
G1 X94.345 Y203.713
G1 X94.382 Y203.548
G1 X94.287 Y203.238
G1 X93.809 Y202.784
G1 X93.362 Y202.633
G1 X93.082 Y202.690
G1 X92.890 Y202.863
G1 X92.742 Y203.473
G1 X92.947 Y204.708
G1 X93.067 Y204.928
G1 X93.307 Y204.988
G0 Z5.000 F500.000
G0 X94.172 Y204.708 F3000.000
G1 Z1.000 F500.000
G4 P100
G1 X94.320 Y204.920 F1000.000
G1 X94.747 Y204.963
G1 X94.787 Y204.868
G1 X94.582 Y203.788
G1 X94.952 Y204.488
G1 X95.355 Y204.873
G1 X95.717 Y204.988
G1 X95.961 Y204.906
G1 X96.042 Y204.663
G1 X95.837 Y203.383
G1 X95.874 Y203.233
G1 X95.982 Y203.183
G1 X96.220 Y203.305
G1 X96.722 Y203.773
G1 X96.825 Y203.713
G1 X96.862 Y203.548
G1 X96.767 Y203.238
G1 X96.305 Y202.803
G1 X96.040 Y202.675
G1 X95.519 Y202.670
G1 X95.260 Y202.961
G1 X95.227 Y203.208
G1 X95.362 Y204.143
G1 X95.307 Y204.223
G1 X95.125 Y204.055
G1 X94.885 Y203.613
G1 X94.560 Y202.715
G1 X94.332 Y202.633
G1 X94.170 Y202.683
G1 X94.065 Y202.833
G1 X93.987 Y203.473
G1 X94.172 Y204.708
G0 Z5.000 F500.000
G0 X97.487 Y203.108 F3000.000
G1 Z1.000 F500.000
G4 P100
G1 X98.037 Y203.933 F1000.000
G1 X98.462 Y204.823
G1 X98.609 Y204.988
G1 X98.857 Y205.043
G1 X99.052 Y205.018
G1 X99.107 Y204.938
G1 X98.942 Y204.408
G1 X99.400 Y203.660
G1 X99.472 Y203.198
G1 X100.182 Y203.773
G1 X100.285 Y203.713
G1 X100.322 Y203.548
G1 X100.227 Y203.238
G1 X99.750 Y202.815
G1 X98.712 Y202.523
G1 X98.315 Y202.643
G1 X98.177 Y202.913
G1 X98.272 Y203.138
G1 X98.552 Y203.233
G1 X98.837 Y203.203
G1 X98.780 Y203.448
G1 X98.497 Y203.858
G1 X97.857 Y202.998
G1 X97.667 Y202.908
G1 X97.537 Y202.965
G1 X97.487 Y203.108
G0 Z5.000 F500.000
G0 X99.852 Y203.448 F3000.000
G1 Z1.000 F500.000
G4 P100
G1 X99.899 Y203.837 F1000.000
G1 X100.253 Y204.528
G1 X100.847 Y204.943
G1 X101.182 Y204.998
G1 X101.330 Y204.955
G1 X101.392 Y204.803
G1 X101.796 Y204.779
G1 X101.857 Y204.648
G1 X101.667 Y203.348
G1 X101.705 Y203.228
G1 X101.802 Y203.183
G1 X102.032 Y203.305
G1 X102.532 Y203.773
G1 X102.635 Y203.713
G1 X102.672 Y203.548
G1 X102.577 Y203.238
G1 X102.142 Y202.808
G1 X101.697 Y202.633
G1 X101.395 Y202.745
G1 X101.187 Y203.053
G1 X100.894 Y202.738
G1 X100.532 Y202.633
G1 X100.254 Y202.689
G1 X100.037 Y202.858
G1 X99.899 Y203.118
G1 X99.852 Y203.448
G0 Z5.000 F500.000
G0 X100.540 Y203.213 F3000.000
G1 Z1.000 F500.000
G4 P100
G1 X100.712 Y203.138 F1000.000
G1 X100.922 Y203.268
G1 X101.067 Y203.613
G1 X101.252 Y204.533
G1 X100.865 Y204.375
G1 X100.582 Y203.973
G1 X100.477 Y203.443
G1 X100.540 Y203.213
G0 Z5.000 F500.000
G0 X102.277 Y203.473 F3000.000
G1 Z1.000 F500.000
G4 P100
G1 X102.462 Y204.708 F1000.000
G1 X102.610 Y204.920
G1 X102.897 Y204.988
G1 X103.037 Y204.963
G1 X103.077 Y204.868
G1 X102.872 Y203.793
G1 X103.195 Y204.453
G1 X103.580 Y204.855
G1 X103.952 Y204.988
G1 X104.200 Y204.908
G1 X104.272 Y204.663
G1 X104.122 Y203.813
G1 X104.386 Y204.344
G1 X104.677 Y204.708
G1 X104.972 Y204.918
G1 X105.247 Y204.988
G1 X105.491 Y204.906
G1 X105.572 Y204.663
G1 X105.367 Y203.383
G1 X105.404 Y203.233
G1 X105.512 Y203.183
G1 X105.750 Y203.305
G1 X106.252 Y203.773
G1 X106.355 Y203.713
G1 X106.392 Y203.548
G1 X106.297 Y203.238
G1 X105.835 Y202.803
G1 X105.272 Y202.633
G1 X105.049 Y202.670
G1 X104.790 Y202.961
G1 X104.757 Y203.208
G1 X104.892 Y204.143
G1 X104.837 Y204.223
G1 X104.652 Y204.055
G1 X104.412 Y203.613
G1 X104.090 Y202.713
G1 X103.857 Y202.633
G1 X103.610 Y202.790
G1 X103.527 Y203.173
G1 X103.617 Y204.143
G1 X103.562 Y204.223
G1 X103.372 Y204.043
G1 X103.150 Y203.583
G1 X102.850 Y202.715
G1 X102.622 Y202.633
G1 X102.460 Y202.683
G1 X102.355 Y202.833
G1 X102.277 Y203.473
G0 Z5.000 F500.000
G0 X105.377 Y202.250 F3000.000
G1 Z1.000 F500.000
G4 P100
G1 X106.072 Y203.688 F1000.000
G1 X106.062 Y204.703
G1 X106.177 Y204.933
G1 X106.477 Y205.018
G1 X106.630 Y204.975
G1 X106.687 Y204.623
G1 X107.002 Y204.910
G1 X107.332 Y204.998
G1 X107.587 Y204.941
G1 X107.790 Y204.773
G1 X107.923 Y204.513
G1 X107.967 Y204.183
G1 X107.882 Y203.668
G1 X107.647 Y203.213
G1 X107.822 Y203.183
G1 X108.137 Y203.303
G1 X108.522 Y203.703
G1 X108.657 Y203.773
G1 X108.760 Y203.713
G1 X108.797 Y203.548
G1 X108.702 Y203.238
G1 X108.240 Y202.803
G1 X107.677 Y202.633
G1 X107.437 Y202.680
G1 X107.247 Y202.823
G1 X106.652 Y202.633
G1 X106.546 Y201.747
G1 X106.357 Y201.020
G1 X106.074 Y200.535
G1 X105.891 Y200.413
G1 X105.447 Y200.421
G1 X105.282 Y200.568
G1 X105.185 Y200.800
G1 X105.209 Y201.638
G1 X105.377 Y202.250
G0 Z5.000 F500.000
G0 X105.597 Y201.193 F3000.000
G1 Z1.000 F500.000
G4 P100
G1 X105.635 Y200.948 F1000.000
G1 X105.722 Y200.863
G1 X105.846 Y201.010
G1 X105.947 Y201.450
G1 X106.062 Y202.913
G1 X105.722 Y201.958
G1 X105.597 Y201.193
G0 Z5.000 F500.000
G0 X106.677 Y203.113 F3000.000
G1 Z1.000 F500.000
G4 P100
G1 X107.010 Y203.310 F1000.000
G1 X107.252 Y203.700
G1 X107.342 Y204.188
G1 X107.282 Y204.415
G1 X107.122 Y204.493
G1 X106.924 Y204.398
G1 X106.687 Y204.113
G1 X106.677 Y203.113
G0 Z5.000 F500.000
G0 X108.480 Y203.491 F3000.000
G1 Z1.000 F500.000
G4 P100
G1 X108.427 Y204.068 F1000.000
G1 X108.585 Y205.458
G1 X108.780 Y206.183
G1 X109.050 Y206.798
G1 X109.387 Y207.218
G1 X109.782 Y207.358
G1 X109.997 Y207.302
G1 X110.160 Y207.135
G1 X110.263 Y206.865
G1 X110.297 Y206.498
G1 X110.215 Y205.855
G1 X109.967 Y205.118
G1 X109.579 Y204.336
G1 X109.072 Y203.563
G1 X109.187 Y203.270
G1 X109.397 Y203.183
G1 X109.757 Y203.300
G1 X110.287 Y203.773
G1 X110.390 Y203.713
G1 X110.427 Y203.548
G1 X110.332 Y203.238
G1 X109.865 Y202.803
G1 X109.292 Y202.633
G1 X108.909 Y202.733
G1 X108.640 Y203.033
G1 X108.480 Y203.491
G0 Z5.000 F500.000
G0 X109.037 Y204.238 F3000.000
G1 Z1.000 F500.000
G4 P100
G1 X109.602 Y205.410 F1000.000
G1 X109.760 Y205.972
G1 X109.812 Y206.483
G1 X109.777 Y206.768
G1 X109.672 Y206.863
G1 X109.412 Y206.448
G1 X109.157 Y205.418
G1 X109.037 Y204.238
G0 Z5.000 F500.000
G0 X110.265 Y204.607 F3000.000
G1 Z1.000 F500.000
G4 P100
G1 X110.769 Y204.944 F1000.000
G1 X111.339 Y204.945
G1 X111.542 Y204.815
G1 X111.674 Y204.612
G1 X111.717 Y204.348
G1 X111.655 Y204.027
G1 X111.470 Y203.755
G1 X111.137 Y203.533
G1 X110.632 Y203.363
G1 X110.814 Y203.190
G1 X111.107 Y203.133
G1 X111.620 Y203.290
G1 X112.252 Y203.773
G1 X112.355 Y203.713
G1 X112.392 Y203.548
G1 X112.297 Y203.238
G1 X111.775 Y202.823
G1 X111.425 Y202.680
G1 X111.052 Y202.633
G1 X110.586 Y202.704
G1 X110.237 Y202.918
G1 X110.020 Y203.255
G1 X109.947 Y203.698
G1 X110.092 Y204.340
G1 X110.265 Y204.607
G0 Z5.000 F500.000
G0 X110.680 Y204.283 F3000.000
G1 Z1.000 F500.000
G4 P100
G1 X110.552 Y203.763 F1000.000
G1 X111.017 Y203.963
G1 X111.187 Y204.288
G1 X111.135 Y204.440
G1 X110.992 Y204.498
G1 X110.822 Y204.444
G1 X110.680 Y204.283
G0 Z5.000 F500.000
G0 X114.809 Y205.848 F3000.000
G1 Z1.000 F500.000
G4 P100
G1 X114.949 Y206.198 F1000.000
G1 X115.484 Y206.715
G1 X115.779 Y206.852
G1 X116.317 Y206.854
G1 X116.497 Y206.723
G1 X116.607 Y206.508
G1 X116.644 Y206.213
G1 X116.544 Y205.438
G1 X116.847 Y206.130
G1 X117.184 Y206.575
G1 X117.557 Y206.817
G1 X117.964 Y206.898
G1 X118.255 Y206.840
G1 X118.477 Y206.668
G1 X118.617 Y206.390
G1 X118.619 Y205.608
G1 X118.890 Y206.200
G1 X119.204 Y206.598
G1 X119.564 Y206.823
G1 X119.974 Y206.898
G1 X120.283 Y206.841
G1 X120.512 Y206.673
G1 X120.652 Y206.403
G1 X120.699 Y206.043
G1 X120.329 Y204.078
G1 X120.279 Y203.648
G1 X120.377 Y203.333
G1 X120.649 Y203.228
G1 X120.972 Y203.338
G1 X121.479 Y203.773
G1 X121.582 Y203.713
G1 X121.619 Y203.548
G1 X121.524 Y203.238
G1 X121.009 Y202.778
G1 X120.474 Y202.633
G1 X120.095 Y202.696
G1 X119.809 Y202.885
G1 X119.629 Y203.181
G1 X119.569 Y203.563
G1 X119.979 Y205.913
G1 X119.912 Y206.175
G1 X119.719 Y206.263
G1 X119.478 Y206.187
G1 X119.227 Y205.960
G1 X118.975 Y205.558
G1 X118.737 Y204.958
G1 X118.237 Y202.735
G1 X117.954 Y202.633
G1 X117.707 Y202.713
G1 X117.629 Y203.013
G1 X117.684 Y203.550
G1 X118.054 Y205.893
G1 X117.982 Y206.173
G1 X117.764 Y206.263
G1 X117.515 Y206.193
G1 X117.259 Y205.985
G1 X117.002 Y205.600
G1 X116.525 Y204.168
G1 X116.237 Y202.733
G1 X115.974 Y202.633
G1 X115.709 Y202.715
G1 X115.629 Y203.028
G1 X115.974 Y205.453
G1 X115.978 Y206.221
G1 X115.854 Y206.278
G1 X115.542 Y206.145
G1 X114.984 Y205.628
G1 X114.862 Y205.695
G1 X114.809 Y205.848
G0 Z5.000 F500.000
G0 X121.284 Y204.340 F3000.000
G1 Z1.000 F500.000
G4 P100
G1 X121.687 Y204.813 F1000.000
G1 X121.961 Y204.944
G1 X122.530 Y204.945
G1 X122.734 Y204.815
G1 X122.865 Y204.612
G1 X122.909 Y204.348
G1 X122.847 Y204.027
G1 X122.662 Y203.755
G1 X122.328 Y203.533
G1 X121.824 Y203.363
G1 X122.005 Y203.190
G1 X122.299 Y203.133
G1 X122.812 Y203.290
G1 X123.444 Y203.773
G1 X123.547 Y203.713
G1 X123.584 Y203.548
G1 X123.489 Y203.238
G1 X122.967 Y202.823
G1 X122.617 Y202.680
G1 X122.244 Y202.633
G1 X121.778 Y202.704
G1 X121.429 Y202.918
G1 X121.212 Y203.255
G1 X121.139 Y203.698
G1 X121.284 Y204.340
G0 Z5.000 F500.000
G0 X121.744 Y203.763 F3000.000
G1 Z1.000 F500.000
G4 P100
G1 X122.209 Y203.963 F1000.000
G1 X122.337 Y204.114
G1 X122.327 Y204.440
G1 X122.184 Y204.498
G1 X122.013 Y204.444
G1 X121.872 Y204.283
G1 X121.744 Y203.763
G0 Z5.000 F500.000
G0 X122.997 Y204.568 F3000.000
G1 Z1.000 F500.000
G4 P100
G1 X122.944 Y204.743 F1000.000
G1 X123.000 Y204.953
G1 X123.454 Y205.023
G1 X123.714 Y206.028
G1 X124.137 Y206.753
G1 X124.393 Y206.955
G1 X124.669 Y207.023
G1 X124.857 Y206.976
G1 X124.999 Y206.838
G1 X125.119 Y206.373
G1 X125.078 Y205.998
G1 X124.957 Y205.648
G1 X124.469 Y205.023
G1 X125.144 Y204.988
G1 X125.144 Y204.707
G1 X125.038 Y204.599
G1 X124.614 Y204.513
G1 X124.004 Y204.513
G1 X124.025 Y203.680
G1 X124.117 Y203.393
G1 X124.275 Y203.235
G1 X124.504 Y203.183
G1 X124.884 Y203.313
G1 X125.409 Y203.773
G1 X125.512 Y203.713
G1 X125.549 Y203.548
G1 X125.454 Y203.238
G1 X124.984 Y202.803
G1 X124.710 Y202.675
G1 X124.399 Y202.633
G1 X123.953 Y202.722
G1 X123.634 Y202.991
G1 X123.443 Y203.440
G1 X123.394 Y204.513
G1 X122.997 Y204.568
G0 Z5.000 F500.000
G0 X124.054 Y205.098 F3000.000
G1 Z1.000 F500.000
G4 P100
G1 X124.497 Y205.670 F1000.000
G1 X124.644 Y206.248
G1 X124.617 Y206.469
G1 X124.534 Y206.543
G1 X124.367 Y206.355
G1 X124.192 Y205.835
G1 X124.054 Y205.098
G0 Z5.000 F500.000
G0 X125.487 Y204.920 F3000.000
G1 Z1.000 F500.000
G4 P100
G1 X125.774 Y204.988 F1000.000
G1 X125.914 Y204.963
G1 X125.954 Y204.868
G1 X125.749 Y203.788
G1 X126.119 Y204.488
G1 X126.522 Y204.873
G1 X126.884 Y204.988
G1 X127.128 Y204.906
G1 X127.209 Y204.663
G1 X127.155 Y203.966
G1 X127.249 Y203.923
G1 X127.744 Y204.208
G1 X127.847 Y204.150
G1 X127.884 Y203.998
G1 X127.784 Y203.708
G1 X127.457 Y203.460
G1 X127.059 Y203.358
G1 X126.826 Y203.391
G1 X126.553 Y203.651
G1 X126.489 Y204.223
G1 X126.292 Y204.055
G1 X126.049 Y203.613
G1 X125.727 Y202.715
G1 X125.499 Y202.633
G1 X125.337 Y202.683
G1 X125.232 Y202.833
G1 X125.154 Y203.473
G1 X125.200 Y204.106
G1 X125.339 Y204.708
G1 X125.487 Y204.920
G0 Z5.000 F500.000
G0 X127.472 Y204.050 F3000.000
G1 Z1.000 F500.000
G4 P100
G1 X127.619 Y204.708 F1000.000
G1 X127.739 Y204.928
G1 X127.979 Y204.988
G1 X128.170 Y204.945
G1 X128.234 Y204.818
G1 X128.019 Y203.493
G1 X128.059 Y203.263
G1 X128.194 Y203.183
G1 X128.419 Y203.308
G1 X128.914 Y203.773
G1 X129.017 Y203.713
G1 X129.054 Y203.548
G1 X128.959 Y203.238
G1 X128.480 Y202.784
G1 X128.034 Y202.633
G1 X127.753 Y202.690
G1 X127.562 Y202.863
G1 X127.451 Y203.130
G1 X127.472 Y204.050
G0 Z5.000 F500.000
G0 X128.074 Y205.318 F3000.000
G1 Z1.000 F500.000
G4 P100
G1 X127.759 Y205.415 F1000.000
G1 X127.654 Y205.688
G1 X127.792 Y205.980
G1 X128.134 Y206.098
G1 X128.434 Y206.008
G1 X128.549 Y205.753
G1 X128.419 Y205.435
G1 X128.074 Y205.318
G0 Z5.000 F500.000
G0 X129.144 Y204.823 F3000.000
G1 Z1.000 F500.000
G4 P100
G1 X129.405 Y204.946 F1000.000
G1 X129.923 Y204.947
G1 X130.107 Y204.825
G1 X130.259 Y204.408
G1 X130.167 Y204.053
G1 X129.924 Y203.908
G1 X129.772 Y203.953
G1 X129.714 Y204.078
G1 X129.732 Y204.463
G1 X129.639 Y204.498
G1 X129.424 Y204.395
G1 X129.264 Y204.118
G1 X129.204 Y203.733
G1 X129.330 Y203.298
G1 X129.709 Y203.153
G1 X130.152 Y203.290
G1 X130.754 Y203.773
G1 X130.857 Y203.713
G1 X130.894 Y203.548
G1 X130.799 Y203.238
G1 X130.541 Y202.981
G1 X130.237 Y202.790
G1 X129.604 Y202.633
G1 X129.168 Y202.702
G1 X128.842 Y202.910
G1 X128.637 Y203.232
G1 X128.569 Y203.643
G1 X128.609 Y204.023
G1 X128.729 Y204.353
G1 X129.144 Y204.823
G0 Z5.000 F500.000
G0 X27.322 Y179.493 F3000.000
G1 Z1.000 F500.000
G4 P100
G1 X27.389 Y178.966 F1000.000
G1 X27.349 Y178.491
G1 X27.231 Y178.074
G1 X27.042 Y177.730
G1 X26.791 Y177.471
G1 X26.486 Y177.310
G1 X26.134 Y177.256
G1 X25.699 Y177.336
G1 X25.376 Y177.576
G1 X25.176 Y177.965
G1 X25.109 Y178.491
G1 X25.148 Y178.967
G1 X25.266 Y179.384
G1 X25.455 Y179.728
G1 X25.706 Y179.986
G1 X26.012 Y180.148
G1 X26.364 Y180.201
G1 X26.798 Y180.121
G1 X27.121 Y179.881
G1 X27.322 Y179.493
G0 Z5.000 F500.000
G0 X26.649 Y179.459 F3000.000
G1 Z1.000 F500.000
G4 P100
G1 X26.507 Y179.596 F1000.000
G1 X26.314 Y179.641
G1 X26.072 Y179.566
G1 X25.889 Y179.339
G1 X25.734 Y178.521
G1 X25.846 Y177.996
G1 X25.987 Y177.861
G1 X26.184 Y177.816
G1 X26.425 Y177.891
G1 X26.609 Y178.116
G1 X26.764 Y178.931
G1 X26.649 Y179.459
G0 Z5.000 F500.000
G0 X27.862 Y178.952 F3000.000
G1 Z1.000 F500.000
G4 P100
G1 X27.991 Y179.374 F1000.000
G1 X28.200 Y179.723
G1 X28.481 Y179.984
G1 X28.826 Y180.147
G1 X29.574 Y180.157
G1 X29.856 Y180.024
G1 X30.051 Y179.818
G1 X30.139 Y179.556
G1 X30.061 Y179.299
G1 X29.829 Y179.226
G1 X29.651 Y179.284
G1 X29.401 Y179.646
G1 X29.169 Y179.706
G1 X28.906 Y179.650
G1 X28.696 Y179.479
G1 X28.548 Y179.196
G1 X28.469 Y178.801
G1 X28.764 Y179.014
G1 X29.129 Y179.076
G1 X29.576 Y178.971
G1 X29.884 Y178.679
G1 X29.994 Y178.261
G1 X29.861 Y177.749
G1 X29.476 Y177.389
G1 X28.879 Y177.256
G1 X28.424 Y177.337
G1 X28.091 Y177.579
G1 X27.887 Y177.963
G1 X27.819 Y178.471
G1 X27.862 Y178.952
G0 Z5.000 F500.000
G0 X28.524 Y178.136 F3000.000
G1 Z1.000 F500.000
G4 P100
G1 X28.624 Y177.851 F1000.000
G1 X28.904 Y177.746
G1 X29.226 Y177.874
G1 X29.349 Y178.206
G1 X29.249 Y178.476
G1 X28.979 Y178.576
G1 X28.644 Y178.456
G1 X28.524 Y178.136
G0 Z5.000 F500.000
G0 X55.015 Y180.336 F3000.000
G1 Z1.000 F500.000
G4 P100
G1 X55.089 Y180.720 F1000.000
G1 X55.310 Y181.019
G1 X55.681 Y181.242
G1 X56.203 Y181.396
G1 X57.745 Y181.516
G1 X59.665 Y181.366
G1 X59.888 Y181.264
G1 X59.955 Y181.086
G1 X59.880 Y180.859
G1 X59.655 Y180.781
G1 X59.065 Y180.851
G1 X58.605 Y178.271
G1 X58.703 Y177.956
G1 X58.975 Y177.851
G1 X59.298 Y177.961
G1 X59.805 Y178.396
G1 X59.908 Y178.336
G1 X59.945 Y178.171
G1 X59.850 Y177.861
G1 X59.343 Y177.401
G1 X58.805 Y177.256
G1 X58.428 Y177.320
G1 X58.145 Y177.509
G1 X57.969 Y177.805
G1 X57.910 Y178.186
G1 X58.375 Y180.901
G1 X57.205 Y180.911
G1 X56.670 Y177.556
G1 X56.550 Y177.334
G1 X56.285 Y177.256
G1 X56.030 Y177.336
G1 X55.940 Y177.546
G1 X55.978 Y177.944
G1 X56.490 Y180.866
G1 X55.818 Y180.686
G1 X55.662 Y180.539
G1 X55.610 Y180.346
G1 X55.720 Y179.951
G1 X55.613 Y179.769
G1 X55.385 Y179.686
G1 X55.245 Y179.736
G1 X55.080 Y179.979
G1 X55.015 Y180.336
G0 Z5.000 F500.000
G0 X59.615 Y179.326 F3000.000
G1 Z1.000 F500.000
G4 P100
G1 X59.730 Y179.556 F1000.000
G1 X60.030 Y179.641
G1 X60.183 Y179.599
G1 X60.240 Y179.246
G1 X60.555 Y179.534
G1 X60.885 Y179.621
G1 X61.140 Y179.565
G1 X61.343 Y179.396
G1 X61.476 Y179.136
G1 X61.520 Y178.806
G1 X61.435 Y178.291
G1 X61.200 Y177.836
G1 X61.375 Y177.806
G1 X61.690 Y177.926
G1 X62.210 Y178.396
G1 X62.313 Y178.336
G1 X62.350 Y178.171
G1 X62.255 Y177.861
G1 X61.793 Y177.426
G1 X61.529 Y177.299
G1 X60.990 Y177.304
G1 X60.800 Y177.446
G1 X60.205 Y177.256
G1 X60.099 Y176.371
G1 X59.910 Y175.644
G1 X59.627 Y175.158
G1 X59.235 Y174.996
G1 X59.000 Y175.045
G1 X58.835 Y175.191
G1 X58.705 Y175.731
G1 X58.930 Y176.874
G1 X59.625 Y178.311
G1 X59.615 Y179.326
G0 Z5.000 F500.000
G0 X60.235 Y178.091 F3000.000
G1 Z1.000 F500.000
G4 P100
G1 X60.230 Y177.736 F1000.000
G1 X60.563 Y177.934
G1 X60.805 Y178.324
G1 X60.895 Y178.811
G1 X60.835 Y179.039
G1 X60.675 Y179.116
G1 X60.477 Y179.021
G1 X60.240 Y178.736
G1 X60.235 Y178.091
G0 Z5.000 F500.000
G0 X59.615 Y177.536 F3000.000
G1 Z1.000 F500.000
G4 P100
G1 X59.275 Y176.581 F1000.000
G1 X59.150 Y175.816
G1 X59.188 Y175.571
G1 X59.275 Y175.486
G1 X59.399 Y175.633
G1 X59.500 Y176.074
G1 X59.615 Y177.536
G0 Z5.000 F500.000
G0 X61.980 Y177.786 F3000.000
G1 Z1.000 F500.000
G4 P100
G1 X61.870 Y178.306 F1000.000
G1 X62.015 Y178.984
G1 X62.188 Y179.249
G1 X62.684 Y179.575
G1 X62.980 Y179.616
G1 X63.324 Y179.551
G1 X63.593 Y179.354
G1 X63.777 Y179.061
G1 X63.865 Y178.706
G1 X64.495 Y178.816
G1 X64.595 Y178.751
G1 X64.594 Y178.395
G1 X64.485 Y178.301
G1 X63.825 Y178.181
G1 X63.684 Y177.803
G1 X63.450 Y177.509
G1 X63.152 Y177.320
G1 X62.537 Y177.293
G1 X62.303 Y177.401
G1 X61.980 Y177.786
G0 Z5.000 F500.000
G0 X62.603 Y177.931 F3000.000
G1 Z1.000 F500.000
G4 P100
G1 X62.855 Y177.786 F1000.000
G1 X63.133 Y177.916
G1 X63.290 Y178.291
G1 X63.053 Y178.566
G1 X62.985 Y179.086
G1 X62.784 Y179.038
G1 X62.628 Y178.894
G1 X62.529 Y178.662
G1 X62.495 Y178.351
G1 X62.603 Y177.931
G0 Z5.000 F500.000
G0 X64.235 Y178.756 F3000.000
G1 Z1.000 F500.000
G4 P100
G1 X64.395 Y180.159 F1000.000
G1 X64.592 Y180.860
G1 X64.863 Y181.449
G1 X65.200 Y181.848
G1 X65.595 Y181.981
G1 X65.803 Y181.932
G1 X66.070 Y181.557
G1 X66.105 Y181.271
G1 X65.950 Y180.456
G1 X65.435 Y179.606
G1 X65.739 Y179.525
G1 X65.980 Y179.329
G1 X66.148 Y179.047
G1 X66.230 Y178.706
G1 X66.860 Y178.816
G1 X66.960 Y178.751
G1 X66.960 Y178.394
G1 X66.850 Y178.301
G1 X66.190 Y178.181
G1 X66.046 Y177.806
G1 X65.813 Y177.511
G1 X65.521 Y177.320
G1 X65.200 Y177.256
G1 X64.764 Y177.353
G1 X64.465 Y177.641
G1 X64.293 Y178.113
G1 X64.235 Y178.756
G0 Z5.000 F500.000
G0 X64.860 Y178.371 F3000.000
G1 Z1.000 F500.000
G4 P100
G1 X64.968 Y177.936 F1000.000
G1 X65.220 Y177.786
G1 X65.495 Y177.916
G1 X65.655 Y178.291
G1 X65.418 Y178.566
G1 X65.355 Y179.116
G1 X65.156 Y179.066
G1 X64.998 Y178.914
G1 X64.860 Y178.371
G0 Z5.000 F500.000
G0 X64.895 Y179.266 F3000.000
G1 Z1.000 F500.000
G4 P100
G1 X65.571 Y180.771 F1000.000
G1 X65.620 Y181.156
G1 X65.583 Y181.401
G1 X65.480 Y181.486
G1 X65.263 Y181.189
G1 X65.045 Y180.381
G1 X64.895 Y179.266
G0 Z5.000 F500.000
G0 X66.809 Y179.231 F3000.000
G1 Z1.000 F500.000
G4 P100
G1 X67.312 Y179.568 F1000.000
G1 X67.882 Y179.568
G1 X68.085 Y179.439
G1 X68.217 Y179.236
G1 X68.260 Y178.971
G1 X68.199 Y178.651
G1 X68.013 Y178.379
G1 X67.680 Y178.157
G1 X67.175 Y177.986
G1 X67.357 Y177.814
G1 X67.650 Y177.756
G1 X68.163 Y177.914
G1 X68.795 Y178.396
G1 X68.898 Y178.336
G1 X68.935 Y178.171
G1 X68.840 Y177.861
G1 X68.318 Y177.446
G1 X67.969 Y177.304
G1 X67.595 Y177.256
G1 X67.129 Y177.328
G1 X66.780 Y177.541
G1 X66.563 Y177.879
G1 X66.490 Y178.321
G1 X66.635 Y178.964
G1 X66.809 Y179.231
G0 Z5.000 F500.000
G0 X67.223 Y178.906 F3000.000
G1 Z1.000 F500.000
G4 P100
G1 X67.095 Y178.386 F1000.000
G1 X67.560 Y178.586
G1 X67.730 Y178.911
G1 X67.678 Y179.064
G1 X67.535 Y179.121
G1 X67.365 Y179.068
G1 X67.223 Y178.906
G0 Z5.000 F500.000
G0 X68.605 Y179.326 F3000.000
G1 Z1.000 F500.000
G4 P100
G1 X68.720 Y179.556 F1000.000
G1 X69.020 Y179.641
G1 X69.173 Y179.599
G1 X69.230 Y179.246
G1 X69.545 Y179.534
G1 X69.875 Y179.621
G1 X70.130 Y179.565
G1 X70.333 Y179.396
G1 X70.466 Y179.136
G1 X70.510 Y178.806
G1 X70.425 Y178.291
G1 X70.190 Y177.836
G1 X70.365 Y177.806
G1 X70.680 Y177.926
G1 X71.200 Y178.396
G1 X71.303 Y178.336
G1 X71.340 Y178.171
G1 X71.245 Y177.861
G1 X70.783 Y177.426
G1 X70.519 Y177.299
G1 X69.980 Y177.304
G1 X69.790 Y177.446
G1 X69.195 Y177.256
G1 X69.089 Y176.371
G1 X68.900 Y175.644
G1 X68.617 Y175.158
G1 X68.225 Y174.996
G1 X67.990 Y175.045
G1 X67.825 Y175.191
G1 X67.695 Y175.731
G1 X67.920 Y176.874
G1 X68.615 Y178.311
G1 X68.605 Y179.326
G0 Z5.000 F500.000
G0 X69.225 Y178.091 F3000.000
G1 Z1.000 F500.000
G4 P100
G1 X69.220 Y177.736 F1000.000
G1 X69.553 Y177.934
G1 X69.795 Y178.324
G1 X69.885 Y178.811
G1 X69.825 Y179.039
G1 X69.665 Y179.116
G1 X69.467 Y179.021
G1 X69.230 Y178.736
G1 X69.225 Y178.091
G0 Z5.000 F500.000
G0 X68.605 Y177.536 F3000.000
G1 Z1.000 F500.000
G4 P100
G1 X68.265 Y176.581 F1000.000
G1 X68.140 Y175.816
G1 X68.178 Y175.571
G1 X68.265 Y175.486
G1 X68.389 Y175.633
G1 X68.490 Y176.074
G1 X68.605 Y177.536
G0 Z5.000 F500.000
G0 X71.023 Y177.456 F3000.000
G1 Z1.000 F500.000
G4 P100
G1 X70.945 Y178.096 F1000.000
G1 X70.992 Y178.730
G1 X71.130 Y179.331
G1 X71.278 Y179.544
G1 X71.565 Y179.611
G1 X71.705 Y179.586
G1 X71.745 Y179.491
G1 X71.530 Y178.311
G1 X71.734 Y178.911
G1 X71.985 Y179.311
G1 X72.289 Y179.536
G1 X72.650 Y179.611
G1 X73.058 Y179.449
G1 X73.205 Y179.031
G1 X73.113 Y178.676
G1 X72.870 Y178.531
G1 X72.718 Y178.576
G1 X72.660 Y178.701
G1 X72.710 Y178.986
G1 X72.580 Y179.121
G1 X72.385 Y179.019
G1 X72.233 Y178.744
G1 X72.175 Y178.371
G1 X72.300 Y177.939
G1 X72.660 Y177.776
G1 X72.990 Y177.899
G1 X73.525 Y178.396
G1 X73.628 Y178.336
G1 X73.665 Y178.171
G1 X73.570 Y177.861
G1 X73.120 Y177.424
G1 X72.880 Y177.298
G1 X72.610 Y177.256
G1 X72.183 Y177.359
G1 X71.870 Y177.606
G1 X71.715 Y177.886
G1 X71.513 Y177.331
G1 X71.290 Y177.256
G1 X71.129 Y177.306
G1 X71.023 Y177.456
G0 Z5.000 F500.000
G0 X73.242 Y177.741 F3000.000
G1 Z1.000 F500.000
G4 P100
G1 X73.242 Y178.461 F1000.000
G1 X73.596 Y179.151
G1 X74.190 Y179.567
G1 X74.525 Y179.621
G1 X74.673 Y179.579
G1 X74.735 Y179.426
G1 X75.139 Y179.403
G1 X75.200 Y179.271
G1 X75.010 Y177.971
G1 X75.048 Y177.851
G1 X75.145 Y177.806
G1 X75.375 Y177.929
G1 X75.875 Y178.396
G1 X75.978 Y178.336
G1 X76.015 Y178.171
G1 X75.920 Y177.861
G1 X75.485 Y177.431
G1 X75.040 Y177.256
G1 X74.738 Y177.369
G1 X74.530 Y177.676
G1 X74.237 Y177.361
G1 X73.875 Y177.256
G1 X73.597 Y177.313
G1 X73.380 Y177.481
G1 X73.242 Y177.741
G0 Z5.000 F500.000
G0 X73.883 Y177.836 F3000.000
G1 Z1.000 F500.000
G4 P100
G1 X74.055 Y177.761 F1000.000
G1 X74.265 Y177.891
G1 X74.410 Y178.236
G1 X74.595 Y179.156
G1 X74.208 Y178.999
G1 X73.925 Y178.596
G1 X73.820 Y178.066
G1 X73.883 Y177.836
G0 Z5.000 F500.000
G0 X77.080 Y178.186 F3000.000
G1 Z1.000 F500.000
G4 P100
G1 X77.155 Y178.706 F1000.000
G1 X77.440 Y179.161
G1 X76.935 Y179.341
G1 X76.900 Y179.466
G1 X76.978 Y179.644
G1 X77.150 Y179.721
G1 X77.495 Y179.604
G1 X78.303 Y179.576
G1 X78.345 Y179.461
G1 X78.275 Y179.264
G1 X78.040 Y179.161
G1 X77.800 Y178.726
G1 X78.105 Y178.916
G1 X78.460 Y178.991
G1 X78.734 Y178.941
G1 X78.943 Y178.791
G1 X79.076 Y178.564
G1 X79.120 Y178.281
G1 X79.025 Y177.811
G1 X79.390 Y177.926
G1 X79.910 Y178.396
G1 X80.013 Y178.336
G1 X80.050 Y178.171
G1 X79.955 Y177.861
G1 X79.483 Y177.426
G1 X79.224 Y177.299
G1 X78.930 Y177.256
G1 X78.585 Y177.366
G1 X78.030 Y177.256
G1 X77.621 Y177.320
G1 X77.323 Y177.511
G1 X77.141 Y177.808
G1 X77.080 Y178.186
G0 Z5.000 F500.000
G0 X77.813 Y177.881 F3000.000
G1 Z1.000 F500.000
G4 P100
G1 X78.075 Y177.786 F1000.000
G1 X78.385 Y177.896
G1 X78.495 Y178.201
G1 X78.424 Y178.400
G1 X78.210 Y178.466
G1 X77.920 Y178.376
G1 X77.720 Y178.166
G1 X77.813 Y177.881
G0 Z5.000 F500.000
G0 X79.610 Y177.666 F3000.000
G1 Z1.000 F500.000
G4 P100
G1 X79.728 Y178.051 F1000.000
G1 X80.030 Y178.186
G1 X80.303 Y178.089
G1 X80.395 Y177.826
G1 X80.290 Y177.361
G1 X79.878 Y176.551
G1 X79.725 Y176.491
G1 X79.550 Y176.541
G1 X79.485 Y176.701
G1 X79.610 Y177.666
G0 Z5.000 F500.000
G0 X58.033 Y168.239 F3000.000
G1 Z1.000 F500.000
G4 P100
G1 X58.070 Y168.074 F1000.000
G1 X57.975 Y167.764
G1 X57.503 Y167.329
G1 X56.950 Y167.159
G1 X56.590 Y167.279
G1 X56.070 Y167.159
G1 X55.665 Y167.224
G1 X55.358 Y167.417
G1 X55.165 Y167.714
G1 X55.100 Y168.089
G1 X55.285 Y169.234
G1 X55.433 Y169.447
G1 X55.730 Y169.514
G1 X55.899 Y169.484
G1 X55.955 Y169.394
G1 X55.775 Y168.584
G1 X56.098 Y168.807
G1 X56.480 Y168.894
G1 X56.754 Y168.844
G1 X56.963 Y168.694
G1 X57.096 Y168.467
G1 X57.140 Y168.184
G1 X57.025 Y167.714
G1 X57.410 Y167.829
G1 X57.795 Y168.229
G1 X57.930 Y168.299
G1 X58.033 Y168.239
G0 Z5.000 F500.000
G0 X56.515 Y168.104 F3000.000
G1 Z1.000 F500.000
G4 P100
G1 X56.444 Y168.303 F1000.000
G1 X56.230 Y168.369
G1 X55.938 Y168.274
G1 X55.730 Y168.059
G1 X55.835 Y167.784
G1 X56.095 Y167.689
G1 X56.405 Y167.799
G1 X56.515 Y168.104
G0 Z5.000 F500.000
G0 X57.630 Y167.569 F3000.000
G1 Z1.000 F500.000
G4 P100
G1 X57.748 Y167.954 F1000.000
G1 X58.050 Y168.089
G1 X58.323 Y167.992
G1 X58.415 Y167.729
G1 X58.310 Y167.264
G1 X57.898 Y166.454
G1 X57.745 Y166.394
G1 X57.570 Y166.444
G1 X57.505 Y166.604
G1 X57.630 Y167.569
G0 Z5.000 F500.000
G0 X60.360 Y167.717 F3000.000
G1 Z1.000 F500.000
G4 P100
G1 X60.295 Y168.089 F1000.000
G1 X60.340 Y168.659
G1 X60.480 Y169.234
G1 X60.628 Y169.447
G1 X60.925 Y169.514
G1 X61.094 Y169.484
G1 X61.150 Y169.394
G1 X60.970 Y168.584
G1 X61.293 Y168.807
G1 X61.675 Y168.894
G1 X62.055 Y168.757
G1 X62.225 Y168.369
G1 X62.878 Y169.454
G1 X63.115 Y169.514
G1 X63.307 Y169.472
G1 X63.370 Y169.344
G1 X63.155 Y168.019
G1 X63.195 Y167.789
G1 X63.330 Y167.709
G1 X63.555 Y167.834
G1 X64.050 Y168.299
G1 X64.153 Y168.239
G1 X64.190 Y168.074
G1 X64.095 Y167.764
G1 X63.617 Y167.311
G1 X63.170 Y167.159
G1 X62.890 Y167.217
G1 X62.698 Y167.389
G1 X62.587 Y167.657
G1 X62.550 Y168.074
G1 X61.943 Y167.409
G1 X61.602 Y167.222
G1 X61.245 Y167.159
G1 X60.855 Y167.224
G1 X60.553 Y167.419
G1 X60.360 Y167.717
G0 Z5.000 F500.000
G0 X61.030 Y167.779 F3000.000
G1 Z1.000 F500.000
G4 P100
G1 X61.290 Y167.689 F1000.000
G1 X61.600 Y167.799
G1 X61.710 Y168.104
G1 X61.639 Y168.303
G1 X61.425 Y168.369
G1 X61.128 Y168.274
G1 X60.925 Y168.054
G1 X61.030 Y167.779
G0 Z5.000 F500.000
G0 X63.750 Y167.569 F3000.000
G1 Z1.000 F500.000
G4 P100
G1 X63.868 Y167.954 F1000.000
G1 X64.170 Y168.089
G1 X64.443 Y167.992
G1 X64.535 Y167.729
G1 X64.430 Y167.264
G1 X64.018 Y166.454
G1 X63.865 Y166.394
G1 X63.690 Y166.444
G1 X63.625 Y166.604
G1 X63.750 Y167.569
G0 Z5.000 F500.000
G0 X66.431 Y167.600 F3000.000
G1 Z1.000 F500.000
G4 P100
G1 X66.445 Y168.572 F1000.000
G1 X66.610 Y169.234
G1 X66.750 Y169.449
G1 X67.035 Y169.514
G1 X67.188 Y169.479
G1 X67.230 Y169.374
G1 X67.020 Y167.922
G1 X67.100 Y167.879
G1 X67.288 Y168.029
G1 X67.898 Y169.449
G1 X68.145 Y169.514
G1 X68.305 Y169.487
G1 X68.350 Y169.384
G1 X68.085 Y167.909
G1 X68.125 Y167.762
G1 X68.230 Y167.709
G1 X68.468 Y167.832
G1 X68.970 Y168.299
G1 X69.073 Y168.239
G1 X69.110 Y168.074
G1 X69.015 Y167.764
G1 X68.553 Y167.329
G1 X68.289 Y167.202
G1 X67.782 Y167.206
G1 X67.638 Y167.344
G1 X67.525 Y167.864
G1 X67.270 Y167.342
G1 X66.905 Y167.159
G1 X66.701 Y167.211
G1 X66.431 Y167.600
G0 Z5.000 F500.000
G0 X67.040 Y169.939 F3000.000
G1 Z1.000 F500.000
G4 P100
G1 X66.770 Y170.189 F1000.000
G1 X66.675 Y170.519
G1 X66.755 Y170.722
G1 X66.960 Y170.799
G1 X67.150 Y170.739
G1 X67.339 Y170.377
G1 X67.520 Y170.324
G1 X67.925 Y170.457
G1 X68.260 Y170.922
G1 X68.518 Y170.907
G1 X68.560 Y170.704
G1 X68.375 Y170.304
G1 X68.005 Y169.977
G1 X67.445 Y169.844
G1 X67.040 Y169.939
G0 Z5.000 F500.000
G0 X68.788 Y167.954 F3000.000
G1 Z1.000 F500.000
G4 P100
G1 X69.090 Y168.089 F1000.000
G1 X69.363 Y167.992
G1 X69.455 Y167.729
G1 X69.350 Y167.264
G1 X69.095 Y166.699
G1 X68.938 Y166.454
G1 X68.785 Y166.394
G1 X68.610 Y166.444
G1 X68.545 Y166.604
G1 X68.788 Y167.954
G0 Z5.000 F500.000
G0 X71.313 Y167.782 F3000.000
G1 Z1.000 F500.000
G4 P100
G1 X71.240 Y168.224 F1000.000
G1 X71.385 Y168.867
G1 X71.788 Y169.339
G1 X72.370 Y169.514
G1 X72.632 Y169.471
G1 X72.835 Y169.342
G1 X72.967 Y169.139
G1 X73.010 Y168.874
G1 X72.949 Y168.554
G1 X72.763 Y168.282
G1 X72.430 Y168.060
G1 X71.925 Y167.889
G1 X72.107 Y167.717
G1 X72.400 Y167.659
G1 X72.913 Y167.817
G1 X73.545 Y168.299
G1 X73.648 Y168.239
G1 X73.685 Y168.074
G1 X73.590 Y167.764
G1 X73.068 Y167.349
G1 X72.345 Y167.159
G1 X71.879 Y167.231
G1 X71.530 Y167.444
G1 X71.313 Y167.782
G0 Z5.000 F500.000
G0 X71.845 Y168.289 F3000.000
G1 Z1.000 F500.000
G4 P100
G1 X72.310 Y168.489 F1000.000
G1 X72.438 Y168.641
G1 X72.428 Y168.967
G1 X72.285 Y169.024
G1 X72.115 Y168.971
G1 X71.973 Y168.809
G1 X71.845 Y168.289
G0 Z5.000 F500.000
G0 X71.915 Y169.844 F3000.000
G1 Z1.000 F500.000
G4 P100
G1 X71.665 Y169.932 F1000.000
G1 X71.575 Y170.204
G1 X71.683 Y170.517
G1 X71.970 Y170.629
G1 X72.220 Y170.542
G1 X72.310 Y170.269
G1 X72.203 Y169.957
G1 X71.915 Y169.844
G0 Z5.000 F500.000
G0 X72.615 Y170.204 F3000.000
G1 Z1.000 F500.000
G4 P100
G1 X72.723 Y170.517 F1000.000
G1 X73.010 Y170.629
G1 X73.260 Y170.542
G1 X73.350 Y170.269
G1 X73.243 Y169.957
G1 X72.955 Y169.844
G1 X72.705 Y169.932
G1 X72.615 Y170.204
G0 Z5.000 F500.000
G0 X74.820 Y169.234 F3000.000
G1 Z1.000 F500.000
G4 P100
G1 X74.960 Y169.449 F1000.000
G1 X75.245 Y169.514
G1 X75.398 Y169.479
G1 X75.440 Y169.374
G1 X75.205 Y168.069
G1 X75.310 Y167.879
G1 X75.498 Y168.029
G1 X75.738 Y168.484
G1 X76.108 Y169.449
G1 X76.515 Y169.487
G1 X76.560 Y169.384
G1 X76.295 Y167.909
G1 X76.335 Y167.762
G1 X76.440 Y167.709
G1 X76.678 Y167.832
G1 X77.180 Y168.299
G1 X77.283 Y168.239
G1 X77.320 Y168.074
G1 X77.225 Y167.764
G1 X76.763 Y167.329
G1 X76.200 Y167.159
G1 X75.992 Y167.206
G1 X75.848 Y167.344
G1 X75.735 Y167.864
G1 X75.480 Y167.342
G1 X75.115 Y167.159
G1 X74.911 Y167.211
G1 X74.641 Y167.600
G1 X74.605 Y167.884
G1 X74.655 Y168.572
G1 X74.820 Y169.234
G0 Z5.000 F500.000
G0 X57.928 Y158.142 F3000.000
G1 Z1.000 F500.000
G4 P100
G1 X57.965 Y157.977 F1000.000
G1 X57.870 Y157.667
G1 X57.408 Y157.232
G1 X57.144 Y157.105
G1 X56.622 Y157.099
G1 X56.363 Y157.391
G1 X56.330 Y157.637
G1 X56.465 Y158.572
G1 X56.410 Y158.652
G1 X56.228 Y158.485
G1 X55.988 Y158.042
G1 X55.663 Y157.145
G1 X55.435 Y157.062
G1 X55.274 Y157.112
G1 X55.168 Y157.262
G1 X55.090 Y157.902
G1 X55.137 Y158.536
G1 X55.275 Y159.137
G1 X55.423 Y159.350
G1 X55.710 Y159.417
G1 X55.850 Y159.392
G1 X55.890 Y159.297
G1 X55.685 Y158.217
G1 X56.055 Y158.917
G1 X56.458 Y159.302
G1 X56.820 Y159.417
G1 X57.064 Y159.336
G1 X57.145 Y159.092
G1 X56.940 Y157.812
G1 X56.977 Y157.662
G1 X57.085 Y157.612
G1 X57.323 Y157.735
G1 X57.825 Y158.202
G1 X57.928 Y158.142
G0 Z5.000 F500.000
G0 X58.110 Y158.157 F3000.000
G1 Z1.000 F500.000
G4 P100
G1 X58.218 Y157.737 F1000.000
G1 X58.470 Y157.592
G1 X58.748 Y157.722
G1 X58.905 Y158.097
G1 X58.668 Y158.372
G1 X58.600 Y158.892
G1 X58.399 Y158.844
G1 X58.243 Y158.700
G1 X58.110 Y158.157
G0 Z5.000 F500.000
G0 X57.630 Y158.790 F3000.000
G1 Z1.000 F500.000
G4 P100
G1 X57.803 Y159.055 F1000.000
G1 X58.299 Y159.381
G1 X58.595 Y159.422
G1 X58.939 Y159.357
G1 X59.208 Y159.160
G1 X59.392 Y158.867
G1 X59.480 Y158.512
G1 X60.110 Y158.622
G1 X60.210 Y158.557
G1 X60.209 Y158.201
G1 X60.100 Y158.107
G1 X59.440 Y157.987
G1 X59.299 Y157.609
G1 X59.065 Y157.315
G1 X58.767 Y157.126
G1 X58.152 Y157.099
G1 X57.918 Y157.207
G1 X57.595 Y157.592
G1 X57.485 Y158.112
G1 X57.630 Y158.790
G0 Z5.000 F500.000
G0 X59.850 Y158.562 F3000.000
G1 Z1.000 F500.000
G4 P100
G1 X60.010 Y159.965 F1000.000
G1 X60.207 Y160.666
G1 X60.478 Y161.255
G1 X60.815 Y161.654
G1 X61.210 Y161.787
G1 X61.418 Y161.738
G1 X61.685 Y161.363
G1 X61.720 Y161.077
G1 X61.565 Y160.262
G1 X61.050 Y159.412
G1 X61.354 Y159.331
G1 X61.595 Y159.135
G1 X61.763 Y158.853
G1 X61.845 Y158.512
G1 X62.475 Y158.622
G1 X62.575 Y158.557
G1 X62.575 Y158.200
G1 X62.465 Y158.107
G1 X61.805 Y157.987
G1 X61.661 Y157.612
G1 X61.428 Y157.317
G1 X61.136 Y157.126
G1 X60.815 Y157.062
G1 X60.379 Y157.159
G1 X60.080 Y157.447
G1 X59.908 Y157.919
G1 X59.850 Y158.562
G0 Z5.000 F500.000
G0 X60.475 Y158.177 F3000.000
G1 Z1.000 F500.000
G4 P100
G1 X60.583 Y157.742 F1000.000
G1 X60.835 Y157.592
G1 X61.110 Y157.722
G1 X61.270 Y158.097
G1 X61.033 Y158.372
G1 X60.970 Y158.922
G1 X60.771 Y158.872
G1 X60.613 Y158.720
G1 X60.475 Y158.177
G0 Z5.000 F500.000
G0 X60.510 Y159.072 F3000.000
G1 Z1.000 F500.000
G4 P100
G1 X61.186 Y160.577 F1000.000
G1 X61.235 Y160.962
G1 X61.198 Y161.207
G1 X61.095 Y161.292
G1 X60.878 Y160.995
G1 X60.660 Y160.187
G1 X60.510 Y159.072
G0 Z5.000 F500.000
G0 X62.375 Y159.137 F3000.000
G1 Z1.000 F500.000
G4 P100
G1 X62.523 Y159.350 F1000.000
G1 X62.950 Y159.392
G1 X62.990 Y159.297
G1 X62.785 Y158.222
G1 X63.108 Y158.882
G1 X63.493 Y159.285
G1 X63.865 Y159.417
G1 X64.113 Y159.337
G1 X64.185 Y159.092
G1 X64.035 Y158.242
G1 X64.299 Y158.774
G1 X64.590 Y159.137
G1 X64.885 Y159.347
G1 X65.160 Y159.417
G1 X65.404 Y159.336
G1 X65.485 Y159.092
G1 X65.280 Y157.812
G1 X65.317 Y157.662
G1 X65.425 Y157.612
G1 X65.663 Y157.735
G1 X66.165 Y158.202
G1 X66.268 Y158.142
G1 X66.305 Y157.977
G1 X66.210 Y157.667
G1 X65.748 Y157.232
G1 X65.484 Y157.105
G1 X64.962 Y157.099
G1 X64.703 Y157.391
G1 X64.670 Y157.637
G1 X64.805 Y158.572
G1 X64.750 Y158.652
G1 X64.565 Y158.485
G1 X64.325 Y158.042
G1 X64.003 Y157.142
G1 X63.770 Y157.062
G1 X63.626 Y157.102
G1 X63.523 Y157.220
G1 X63.440 Y157.602
G1 X63.530 Y158.572
G1 X63.475 Y158.652
G1 X63.285 Y158.472
G1 X63.063 Y158.012
G1 X62.763 Y157.145
G1 X62.535 Y157.062
G1 X62.374 Y157.112
G1 X62.268 Y157.262
G1 X62.190 Y157.902
G1 X62.375 Y159.137
G0 Z5.000 F500.000
G0 X65.825 Y158.112 F3000.000
G1 Z1.000 F500.000
G4 P100
G1 X65.970 Y158.790 F1000.000
G1 X66.143 Y159.055
G1 X66.639 Y159.381
G1 X66.935 Y159.422
G1 X67.279 Y159.357
G1 X67.548 Y159.160
G1 X67.732 Y158.867
G1 X67.820 Y158.512
G1 X68.450 Y158.622
G1 X68.550 Y158.557
G1 X68.585 Y158.392
G1 X68.549 Y158.201
G1 X68.440 Y158.107
G1 X67.780 Y157.987
G1 X67.639 Y157.609
G1 X67.405 Y157.315
G1 X67.107 Y157.126
G1 X66.770 Y157.062
G1 X66.258 Y157.207
G1 X65.935 Y157.592
G1 X65.825 Y158.112
G0 Z5.000 F500.000
G0 X66.558 Y157.737 F3000.000
G1 Z1.000 F500.000
G4 P100
G1 X66.810 Y157.592 F1000.000
G1 X67.088 Y157.722
G1 X67.245 Y158.097
G1 X67.008 Y158.372
G1 X66.940 Y158.892
G1 X66.739 Y158.844
G1 X66.583 Y158.700
G1 X66.484 Y158.468
G1 X66.450 Y158.157
G1 X66.558 Y157.737
G0 Z5.000 F500.000
G0 X67.832 Y157.366 F3000.000
G1 Z1.000 F500.000
G4 P100
G1 X68.240 Y158.117 F1000.000
G1 X68.230 Y159.132
G1 X68.345 Y159.362
G1 X68.645 Y159.447
G1 X68.798 Y159.405
G1 X68.855 Y159.052
G1 X69.170 Y159.340
G1 X69.500 Y159.427
G1 X69.755 Y159.371
G1 X69.958 Y159.202
G1 X70.091 Y158.942
G1 X70.135 Y158.612
G1 X70.050 Y158.097
G1 X69.815 Y157.642
G1 X69.990 Y157.612
G1 X70.305 Y157.732
G1 X70.825 Y158.202
G1 X70.928 Y158.142
G1 X70.965 Y157.977
G1 X70.870 Y157.667
G1 X70.408 Y157.232
G1 X70.144 Y157.105
G1 X69.605 Y157.110
G1 X69.415 Y157.252
G1 X68.820 Y157.062
G1 X68.714 Y156.177
G1 X68.525 Y155.450
G1 X68.242 Y154.964
G1 X67.850 Y154.802
G1 X67.615 Y154.851
G1 X67.450 Y154.997
G1 X67.320 Y155.537
G1 X67.545 Y156.680
G1 X67.832 Y157.366
G0 Z5.000 F500.000
G0 X67.890 Y156.387 F3000.000
G1 Z1.000 F500.000
G4 P100
G1 X67.765 Y155.622 F1000.000
G1 X67.803 Y155.377
G1 X67.890 Y155.292
G1 X68.014 Y155.439
G1 X68.115 Y155.880
G1 X68.230 Y157.342
G1 X67.890 Y156.387
G0 Z5.000 F500.000
G0 X68.845 Y157.542 F3000.000
G1 Z1.000 F500.000
G4 P100
G1 X69.178 Y157.740 F1000.000
G1 X69.420 Y158.130
G1 X69.510 Y158.617
G1 X69.450 Y158.845
G1 X69.290 Y158.922
G1 X69.092 Y158.827
G1 X68.855 Y158.542
G1 X68.845 Y157.542
G0 Z5.000 F500.000
G0 X70.325 Y157.717 F3000.000
G1 Z1.000 F500.000
G4 P100
G1 X70.443 Y158.127 F1000.000
G1 X70.765 Y158.277
G1 X70.900 Y158.241
G1 X70.945 Y158.132
G1 X70.995 Y157.677
G1 X71.185 Y157.572
G1 X71.500 Y157.670
G1 X71.815 Y157.947
G1 X71.481 Y157.995
G1 X71.273 Y158.137
G1 X71.140 Y158.360
G1 X71.095 Y158.647
G1 X71.149 Y158.976
G1 X71.310 Y159.220
G1 X71.568 Y159.372
G1 X71.910 Y159.422
G1 X72.465 Y159.337
G1 X72.695 Y159.412
G1 X72.853 Y159.365
G1 X72.900 Y159.237
G1 X72.695 Y158.242
G1 X72.693 Y157.665
G1 X72.800 Y157.612
G1 X73.030 Y157.727
G1 X73.540 Y158.202
G1 X73.643 Y158.142
G1 X73.680 Y157.977
G1 X73.585 Y157.667
G1 X73.085 Y157.212
G1 X72.610 Y157.062
G1 X72.295 Y157.207
G1 X72.185 Y157.622
G1 X72.215 Y157.937
G1 X71.679 Y157.281
G1 X71.365 Y157.117
G1 X71.020 Y157.062
G1 X70.740 Y157.107
G1 X70.518 Y157.242
G1 X70.374 Y157.451
G1 X70.325 Y157.717
G0 Z5.000 F500.000
G0 X71.703 Y158.417 F3000.000
G1 Z1.000 F500.000
G4 P100
G1 X72.080 Y158.332 F1000.000
G1 X72.350 Y158.962
G1 X72.030 Y159.017
G1 X71.720 Y158.922
G1 X71.610 Y158.652
G1 X71.703 Y158.417
G0 Z5.000 F500.000
G0 X73.332 Y158.536 F3000.000
G1 Z1.000 F500.000
G4 P100
G1 X73.470 Y159.137 F1000.000
G1 X73.618 Y159.350
G1 X74.045 Y159.392
G1 X74.085 Y159.297
G1 X73.935 Y158.537
G1 X74.380 Y158.537
G1 X74.530 Y158.901
G1 X74.770 Y159.182
G1 X75.079 Y159.362
G1 X75.435 Y159.422
G1 X75.779 Y159.357
G1 X76.048 Y159.160
G1 X76.232 Y158.867
G1 X76.320 Y158.512
G1 X76.950 Y158.622
G1 X77.050 Y158.557
G1 X77.085 Y158.392
G1 X77.049 Y158.201
G1 X76.940 Y158.107
G1 X76.280 Y157.987
G1 X76.139 Y157.609
G1 X75.905 Y157.315
G1 X75.607 Y157.126
G1 X75.270 Y157.062
G1 X74.778 Y157.195
G1 X74.458 Y157.545
G1 X74.330 Y158.027
G1 X73.875 Y158.027
G1 X73.855 Y157.302
G1 X73.795 Y157.120
G1 X73.630 Y157.062
G1 X73.469 Y157.112
G1 X73.363 Y157.262
G1 X73.285 Y157.902
G1 X73.332 Y158.536
G0 Z5.000 F500.000
G0 X74.950 Y158.157 F3000.000
G1 Z1.000 F500.000
G4 P100
G1 X75.058 Y157.737 F1000.000
G1 X75.310 Y157.592
G1 X75.588 Y157.722
G1 X75.745 Y158.097
G1 X75.508 Y158.372
G1 X75.440 Y158.892
G1 X75.239 Y158.844
G1 X75.083 Y158.700
G1 X74.950 Y158.157
G0 Z5.000 F500.000
G0 X76.705 Y158.475 F3000.000
G1 Z1.000 F500.000
G4 P100
G1 X76.870 Y159.137 F1000.000
G1 X77.010 Y159.352
G1 X77.448 Y159.382
G1 X77.490 Y159.277
G1 X77.255 Y157.972
G1 X77.360 Y157.782
G1 X77.524 Y157.876
G1 X77.683 Y158.155
G1 X78.130 Y159.340
G1 X78.530 Y159.350
G1 X78.580 Y159.202
G1 X78.410 Y157.972
G1 X78.515 Y157.782
G1 X78.703 Y157.932
G1 X78.943 Y158.387
G1 X79.313 Y159.352
G1 X79.720 Y159.390
G1 X79.765 Y159.287
G1 X79.540 Y158.182
G1 X79.520 Y157.735
G1 X79.743 Y157.672
G1 X79.755 Y157.532
G1 X80.450 Y157.967
G1 X80.553 Y157.907
G1 X80.560 Y157.585
G1 X79.725 Y157.017
G1 X79.445 Y156.100
G1 X79.230 Y155.807
G1 X78.968 Y155.627
G1 X78.670 Y155.567
G1 X78.323 Y155.707
G1 X78.185 Y156.057
G1 X78.273 Y156.400
G1 X78.593 Y156.762
G1 X79.250 Y157.217
G1 X79.023 Y157.395
G1 X78.940 Y157.767
G1 X78.685 Y157.245
G1 X78.509 Y157.108
G1 X78.320 Y157.062
G1 X77.979 Y157.197
G1 X77.880 Y157.802
G1 X77.560 Y157.252
G1 X77.377 Y157.110
G1 X76.961 Y157.114
G1 X76.691 Y157.503
G1 X76.705 Y158.475
G0 Z5.000 F500.000
G0 X78.800 Y156.431 F3000.000
G1 Z1.000 F500.000
G4 P100
G1 X78.670 Y156.147 F1000.000
G1 X78.775 Y156.037
G1 X79.008 Y156.212
G1 X79.190 Y156.732
G1 X78.800 Y156.431
G0 Z5.000 F500.000
G0 X80.458 Y157.270 F3000.000
G1 Z1.000 F500.000
G4 P100
G1 X80.315 Y157.787 F1000.000
G1 X80.365 Y158.475
G1 X80.530 Y159.137
G1 X80.670 Y159.352
G1 X80.955 Y159.417
G1 X81.108 Y159.382
G1 X81.150 Y159.277
G1 X80.915 Y157.972
G1 X81.020 Y157.782
G1 X81.208 Y157.932
G1 X81.448 Y158.387
G1 X81.818 Y159.352
G1 X82.225 Y159.390
G1 X82.270 Y159.287
G1 X82.005 Y157.812
G1 X82.045 Y157.665
G1 X82.150 Y157.612
G1 X82.388 Y157.735
G1 X82.890 Y158.202
G1 X82.993 Y158.142
G1 X83.030 Y157.977
G1 X82.935 Y157.667
G1 X82.473 Y157.232
G1 X82.209 Y157.105
G1 X81.702 Y157.109
G1 X81.558 Y157.247
G1 X81.445 Y157.767
G1 X81.190 Y157.245
G1 X81.014 Y157.108
G1 X80.621 Y157.114
G1 X80.458 Y157.270
G0 Z5.000 F500.000
G0 X58.093 Y148.045 F3000.000
G1 Z1.000 F500.000
G4 P100
G1 X58.130 Y147.880 F1000.000
G1 X58.035 Y147.570
G1 X57.553 Y147.138
G1 X57.274 Y147.009
G1 X56.960 Y146.965
G1 X56.508 Y147.060
G1 X56.195 Y147.330
G1 X55.884 Y147.060
G1 X55.520 Y146.970
G1 X55.274 Y147.010
G1 X54.965 Y147.317
G1 X54.925 Y147.555
G1 X55.040 Y147.960
G1 X55.179 Y148.077
G1 X55.500 Y148.082
G1 X55.520 Y147.650
G1 X55.650 Y147.500
G1 X55.833 Y147.613
G1 X55.978 Y147.920
G1 X56.035 Y148.350
G1 X55.990 Y148.653
G1 X55.880 Y148.775
G1 X55.670 Y148.528
G1 X55.495 Y148.480
G1 X55.320 Y148.558
G1 X55.255 Y148.795
G1 X55.294 Y149.023
G1 X55.588 Y149.304
G1 X55.810 Y149.340
G1 X56.190 Y149.238
G1 X56.450 Y148.940
G1 X56.788 Y149.240
G1 X57.155 Y149.340
G1 X57.453 Y149.250
G1 X57.555 Y148.960
G1 X57.470 Y148.608
G1 X57.265 Y148.480
G1 X57.115 Y148.525
G1 X56.955 Y148.775
G1 X56.828 Y148.663
G1 X56.665 Y147.980
G1 X56.778 Y147.618
G1 X57.085 Y147.490
G1 X57.453 Y147.623
G1 X57.855 Y148.035
G1 X57.990 Y148.105
G1 X58.093 Y148.045
G0 Z5.000 F500.000
G0 X58.280 Y148.065 F3000.000
G1 Z1.000 F500.000
G4 P100
G1 X58.407 Y147.630 F1000.000
G1 X58.785 Y147.485
G1 X59.228 Y147.623
G1 X59.830 Y148.105
G1 X59.933 Y148.045
G1 X59.970 Y147.880
G1 X59.875 Y147.570
G1 X59.313 Y147.123
G1 X58.680 Y146.965
G1 X58.245 Y147.035
G1 X57.918 Y147.243
G1 X57.714 Y147.565
G1 X57.645 Y147.975
G1 X57.805 Y148.685
G1 X58.220 Y149.155
G1 X58.755 Y149.320
G1 X59.000 Y149.280
G1 X59.297 Y148.972
G1 X59.335 Y148.740
G1 X59.243 Y148.385
G1 X59.000 Y148.240
G1 X58.848 Y148.285
G1 X58.790 Y148.410
G1 X58.840 Y148.695
G1 X58.715 Y148.830
G1 X58.500 Y148.728
G1 X58.340 Y148.450
G1 X58.280 Y148.065
G0 Z5.000 F500.000
G0 X59.448 Y148.030 F3000.000
G1 Z1.000 F500.000
G4 P100
G1 X59.587 Y148.143 F1000.000
G1 X59.905 Y148.144
G1 X60.000 Y147.580
G1 X60.190 Y147.475
G1 X60.505 Y147.573
G1 X60.820 Y147.850
G1 X60.486 Y147.898
G1 X60.278 Y148.040
G1 X60.145 Y148.263
G1 X60.154 Y148.879
G1 X60.315 Y149.123
G1 X60.573 Y149.275
G1 X60.915 Y149.325
G1 X61.470 Y149.240
G1 X61.700 Y149.315
G1 X61.858 Y149.268
G1 X61.905 Y149.140
G1 X61.700 Y148.145
G1 X61.698 Y147.568
G1 X61.805 Y147.515
G1 X62.035 Y147.630
G1 X62.545 Y148.105
G1 X62.648 Y148.045
G1 X62.685 Y147.880
G1 X62.590 Y147.570
G1 X62.090 Y147.115
G1 X61.615 Y146.965
G1 X61.300 Y147.110
G1 X61.190 Y147.525
G1 X61.220 Y147.840
G1 X60.684 Y147.184
G1 X60.370 Y147.020
G1 X60.025 Y146.965
G1 X59.745 Y147.010
G1 X59.523 Y147.145
G1 X59.379 Y147.354
G1 X59.330 Y147.620
G1 X59.448 Y148.030
G0 Z5.000 F500.000
G0 X60.708 Y148.320 F3000.000
G1 Z1.000 F500.000
G4 P100
G1 X61.085 Y148.235 F1000.000
G1 X61.355 Y148.865
G1 X61.035 Y148.920
G1 X60.725 Y148.825
G1 X60.615 Y148.555
G1 X60.708 Y148.320
G0 Z5.000 F500.000
G0 X58.145 Y139.196 F3000.000
G1 Z1.000 F500.000
G4 P100
G1 X58.190 Y139.093 F1000.000
G1 X57.925 Y137.618
G1 X57.965 Y137.471
G1 X58.070 Y137.418
G1 X58.308 Y137.541
G1 X58.810 Y138.008
G1 X58.913 Y137.948
G1 X58.950 Y137.783
G1 X58.855 Y137.473
G1 X58.383 Y137.038
G1 X58.124 Y136.911
G1 X57.622 Y136.915
G1 X57.475 Y137.056
G1 X57.365 Y137.573
G1 X57.110 Y137.051
G1 X56.934 Y136.914
G1 X56.546 Y136.902
G1 X56.404 Y137.003
G1 X56.305 Y137.608
G1 X55.985 Y137.058
G1 X55.802 Y136.916
G1 X55.386 Y136.920
G1 X55.223 Y137.076
G1 X55.080 Y137.593
G1 X55.130 Y138.281
G1 X55.295 Y138.943
G1 X55.435 Y139.158
G1 X55.720 Y139.223
G1 X55.873 Y139.188
G1 X55.915 Y139.083
G1 X55.680 Y137.778
G1 X55.785 Y137.588
G1 X55.949 Y137.682
G1 X56.108 Y137.961
G1 X56.555 Y139.146
G1 X56.955 Y139.156
G1 X57.005 Y139.008
G1 X56.835 Y137.778
G1 X56.940 Y137.588
G1 X57.128 Y137.738
G1 X57.368 Y138.193
G1 X57.738 Y139.158
G1 X58.145 Y139.196
G0 Z5.000 F500.000
G0 X58.740 Y138.943 F3000.000
G1 Z1.000 F500.000
G4 P100
G1 X58.888 Y139.156 F1000.000
G1 X59.315 Y139.198
G1 X59.355 Y139.103
G1 X59.150 Y138.028
G1 X59.473 Y138.688
G1 X59.858 Y139.091
G1 X60.230 Y139.223
G1 X60.478 Y139.143
G1 X60.550 Y138.898
G1 X60.400 Y138.048
G1 X60.664 Y138.580
G1 X60.955 Y138.943
G1 X61.250 Y139.153
G1 X61.525 Y139.223
G1 X61.769 Y139.142
G1 X61.850 Y138.898
G1 X61.645 Y137.618
G1 X61.682 Y137.468
G1 X61.790 Y137.418
G1 X62.028 Y137.541
G1 X62.530 Y138.008
G1 X62.633 Y137.948
G1 X62.670 Y137.783
G1 X62.575 Y137.473
G1 X62.113 Y137.038
G1 X61.849 Y136.911
G1 X61.327 Y136.905
G1 X61.068 Y137.197
G1 X61.035 Y137.443
G1 X61.170 Y138.378
G1 X61.115 Y138.458
G1 X60.930 Y138.291
G1 X60.690 Y137.848
G1 X60.368 Y136.948
G1 X60.135 Y136.868
G1 X59.991 Y136.908
G1 X59.888 Y137.026
G1 X59.805 Y137.408
G1 X59.895 Y138.378
G1 X59.840 Y138.458
G1 X59.650 Y138.278
G1 X59.428 Y137.818
G1 X59.128 Y136.951
G1 X58.900 Y136.868
G1 X58.739 Y136.918
G1 X58.633 Y137.068
G1 X58.555 Y137.708
G1 X58.740 Y138.943
G0 Z5.000 F500.000
G0 X61.942 Y137.172 F3000.000
G1 Z1.000 F500.000
G4 P100
G1 X62.350 Y137.923 F1000.000
G1 X62.340 Y138.938
G1 X62.455 Y139.168
G1 X62.755 Y139.253
G1 X62.908 Y139.211
G1 X62.965 Y138.858
G1 X63.280 Y139.146
G1 X63.610 Y139.233
G1 X63.865 Y139.177
G1 X64.068 Y139.008
G1 X64.201 Y138.748
G1 X64.245 Y138.418
G1 X64.160 Y137.903
G1 X63.925 Y137.448
G1 X64.100 Y137.418
G1 X64.415 Y137.538
G1 X64.935 Y138.008
G1 X65.038 Y137.948
G1 X65.075 Y137.783
G1 X64.980 Y137.473
G1 X64.518 Y137.038
G1 X64.254 Y136.911
G1 X63.715 Y136.916
G1 X63.525 Y137.058
G1 X62.930 Y136.868
G1 X62.824 Y135.983
G1 X62.635 Y135.256
G1 X62.352 Y134.770
G1 X61.960 Y134.608
G1 X61.725 Y134.657
G1 X61.560 Y134.803
G1 X61.430 Y135.343
G1 X61.655 Y136.486
G1 X61.942 Y137.172
G0 Z5.000 F500.000
G0 X62.000 Y136.193 F3000.000
G1 Z1.000 F500.000
G4 P100
G1 X61.875 Y135.428 F1000.000
G1 X61.913 Y135.183
G1 X62.000 Y135.098
G1 X62.124 Y135.245
G1 X62.225 Y135.686
G1 X62.340 Y137.148
G1 X62.000 Y136.193
G0 Z5.000 F500.000
G0 X62.955 Y137.348 F3000.000
G1 Z1.000 F500.000
G4 P100
G1 X63.288 Y137.546 F1000.000
G1 X63.530 Y137.936
G1 X63.620 Y138.423
G1 X63.560 Y138.651
G1 X63.400 Y138.728
G1 X63.202 Y138.633
G1 X62.965 Y138.348
G1 X62.955 Y137.348
G0 Z5.000 F500.000
G0 X64.670 Y137.593 F3000.000
G1 Z1.000 F500.000
G4 P100
G1 X64.720 Y138.281 F1000.000
G1 X64.885 Y138.943
G1 X65.025 Y139.158
G1 X65.310 Y139.223
G1 X65.463 Y139.188
G1 X65.505 Y139.083
G1 X65.295 Y137.631
G1 X65.375 Y137.588
G1 X65.563 Y137.738
G1 X66.173 Y139.158
G1 X66.420 Y139.223
G1 X66.580 Y139.196
G1 X66.625 Y139.093
G1 X66.360 Y137.618
G1 X66.400 Y137.471
G1 X66.505 Y137.418
G1 X66.743 Y137.541
G1 X67.245 Y138.008
G1 X67.348 Y137.948
G1 X67.385 Y137.783
G1 X67.290 Y137.473
G1 X66.828 Y137.038
G1 X66.265 Y136.868
G1 X66.057 Y136.915
G1 X65.913 Y137.053
G1 X65.800 Y137.573
G1 X65.545 Y137.051
G1 X65.180 Y136.868
G1 X64.976 Y136.920
G1 X64.706 Y137.309
G1 X64.670 Y137.593
G0 Z5.000 F500.000
G0 X66.825 Y137.458 F3000.000
G1 Z1.000 F500.000
G4 P100
G1 X66.940 Y137.863 F1000.000
G1 X67.265 Y138.018
G1 X67.400 Y137.985
G1 X67.445 Y137.883
G1 X67.453 Y137.441
G1 X67.550 Y137.403
G1 X67.733 Y137.516
G1 X67.878 Y137.823
G1 X67.935 Y138.253
G1 X67.890 Y138.556
G1 X67.780 Y138.678
G1 X67.700 Y138.651
G1 X67.570 Y138.431
G1 X67.395 Y138.383
G1 X67.220 Y138.461
G1 X67.155 Y138.698
G1 X67.310 Y139.098
G1 X67.710 Y139.243
G1 X68.090 Y139.141
G1 X68.350 Y138.843
G1 X68.688 Y139.143
G1 X69.055 Y139.243
G1 X69.353 Y139.153
G1 X69.455 Y138.863
G1 X69.370 Y138.511
G1 X69.165 Y138.383
G1 X69.015 Y138.428
G1 X68.855 Y138.678
G1 X68.728 Y138.566
G1 X68.565 Y137.883
G1 X68.678 Y137.521
G1 X68.985 Y137.393
G1 X69.353 Y137.526
G1 X69.890 Y138.008
G1 X69.993 Y137.948
G1 X70.030 Y137.783
G1 X69.935 Y137.473
G1 X69.453 Y137.041
G1 X68.860 Y136.868
G1 X68.408 Y136.963
G1 X68.095 Y137.233
G1 X67.784 Y136.963
G1 X67.420 Y136.873
G1 X67.174 Y136.913
G1 X66.865 Y137.220
G1 X66.825 Y137.458
G0 Z5.000 F500.000
G0 X69.550 Y137.918 F3000.000
G1 Z1.000 F500.000
G4 P100
G1 X69.695 Y138.596 F1000.000
G1 X69.868 Y138.861
G1 X70.364 Y139.187
G1 X70.660 Y139.228
G1 X71.004 Y139.163
G1 X71.273 Y138.966
G1 X71.457 Y138.673
G1 X71.545 Y138.318
G1 X72.175 Y138.428
G1 X72.275 Y138.363
G1 X72.310 Y138.198
G1 X72.274 Y138.007
G1 X72.165 Y137.913
G1 X71.505 Y137.793
G1 X71.364 Y137.415
G1 X71.130 Y137.121
G1 X70.832 Y136.932
G1 X70.495 Y136.868
G1 X69.983 Y137.013
G1 X69.660 Y137.398
G1 X69.550 Y137.918
G0 Z5.000 F500.000
G0 X70.283 Y137.543 F3000.000
G1 Z1.000 F500.000
G4 P100
G1 X70.535 Y137.398 F1000.000
G1 X70.813 Y137.528
G1 X70.970 Y137.903
G1 X70.733 Y138.178
G1 X70.665 Y138.698
G1 X70.464 Y138.650
G1 X70.308 Y138.506
G1 X70.209 Y138.274
G1 X70.175 Y137.963
G1 X70.283 Y137.543
G0 Z5.000 F500.000
G0 X71.915 Y138.368 F3000.000
G1 Z1.000 F500.000
G4 P100
G1 X72.075 Y139.771 F1000.000
G1 X72.272 Y140.472
G1 X72.543 Y141.061
G1 X72.880 Y141.460
G1 X73.275 Y141.593
G1 X73.483 Y141.544
G1 X73.750 Y141.169
G1 X73.785 Y140.883
G1 X73.630 Y140.068
G1 X73.115 Y139.218
G1 X73.419 Y139.137
G1 X73.660 Y138.941
G1 X73.828 Y138.659
G1 X73.910 Y138.318
G1 X74.540 Y138.428
G1 X74.640 Y138.363
G1 X74.640 Y138.006
G1 X74.530 Y137.913
G1 X73.870 Y137.793
G1 X73.726 Y137.418
G1 X73.493 Y137.123
G1 X73.201 Y136.932
G1 X72.880 Y136.868
G1 X72.444 Y136.965
G1 X72.145 Y137.253
G1 X71.973 Y137.725
G1 X71.915 Y138.368
G0 Z5.000 F500.000
G0 X72.540 Y137.983 F3000.000
G1 Z1.000 F500.000
G4 P100
G1 X72.648 Y137.548 F1000.000
G1 X72.900 Y137.398
G1 X73.175 Y137.528
G1 X73.335 Y137.903
G1 X73.098 Y138.178
G1 X73.035 Y138.728
G1 X72.836 Y138.678
G1 X72.678 Y138.526
G1 X72.540 Y137.983
G0 Z5.000 F500.000
G0 X72.575 Y138.878 F3000.000
G1 Z1.000 F500.000
G4 P100
G1 X73.251 Y140.383 F1000.000
G1 X73.300 Y140.768
G1 X73.263 Y141.013
G1 X73.160 Y141.098
G1 X72.943 Y140.801
G1 X72.725 Y139.993
G1 X72.575 Y138.878
G0 Z5.000 F500.000
G0 X74.273 Y137.663 F3000.000
G1 Z1.000 F500.000
G4 P100
G1 X74.630 Y137.798 F1000.000
G1 X74.963 Y137.691
G1 X75.075 Y137.373
G1 X74.945 Y137.006
G1 X74.590 Y136.868
G1 X74.258 Y136.988
G1 X74.145 Y137.303
G1 X74.273 Y137.663
G0 Z5.000 F500.000
G0 X85.587 Y177.326 F3000.000
G1 Z1.000 F500.000
G4 P100
G1 X85.260 Y177.534 F1000.000
G1 X85.055 Y177.856
G1 X84.987 Y178.266
G1 X85.027 Y178.646
G1 X85.147 Y178.976
G1 X85.562 Y179.446
G1 X85.824 Y179.570
G1 X86.342 Y179.571
G1 X86.639 Y179.263
G1 X86.677 Y179.031
G1 X86.585 Y178.676
G1 X86.342 Y178.531
G1 X86.190 Y178.576
G1 X86.150 Y179.086
G1 X86.057 Y179.121
G1 X85.842 Y179.019
G1 X85.682 Y178.741
G1 X85.654 Y178.103
G1 X85.906 Y177.813
G1 X86.127 Y177.776
G1 X86.570 Y177.914
G1 X87.172 Y178.396
G1 X87.275 Y178.336
G1 X87.312 Y178.171
G1 X87.217 Y177.861
G1 X86.655 Y177.414
G1 X86.022 Y177.256
G1 X85.587 Y177.326
G0 Z5.000 F500.000
G0 X86.943 Y177.697 F3000.000
G1 Z1.000 F500.000
G4 P100
G1 X86.957 Y178.669 F1000.000
G1 X87.122 Y179.331
G1 X87.262 Y179.546
G1 X87.547 Y179.611
G1 X87.700 Y179.576
G1 X87.742 Y179.471
G1 X87.532 Y178.019
G1 X87.612 Y177.976
G1 X87.800 Y178.126
G1 X88.410 Y179.546
G1 X88.657 Y179.611
G1 X88.817 Y179.584
G1 X88.862 Y179.481
G1 X88.597 Y178.006
G1 X88.637 Y177.859
G1 X88.742 Y177.806
G1 X88.980 Y177.929
G1 X89.482 Y178.396
G1 X89.585 Y178.336
G1 X89.622 Y178.171
G1 X89.527 Y177.861
G1 X89.065 Y177.426
G1 X88.800 Y177.299
G1 X88.294 Y177.303
G1 X88.150 Y177.441
G1 X88.037 Y177.961
G1 X87.782 Y177.439
G1 X87.417 Y177.256
G1 X87.213 Y177.308
G1 X86.943 Y177.697
G0 Z5.000 F500.000
G0 X89.305 Y177.456 F3000.000
G1 Z1.000 F500.000
G4 P100
G1 X89.227 Y178.096 F1000.000
G1 X89.274 Y178.730
G1 X89.412 Y179.331
G1 X89.560 Y179.544
G1 X89.847 Y179.611
G1 X89.987 Y179.586
G1 X90.027 Y179.491
G1 X89.822 Y178.411
G1 X90.192 Y179.111
G1 X90.595 Y179.496
G1 X90.957 Y179.611
G1 X91.201 Y179.530
G1 X91.282 Y179.286
G1 X91.229 Y178.590
G1 X91.322 Y178.546
G1 X91.817 Y178.831
G1 X91.920 Y178.774
G1 X91.957 Y178.621
G1 X91.857 Y178.331
G1 X91.530 Y178.084
G1 X91.132 Y177.981
G1 X90.730 Y178.116
G1 X90.627 Y178.275
G1 X90.562 Y178.846
G1 X90.365 Y178.679
G1 X90.122 Y178.236
G1 X89.800 Y177.339
G1 X89.572 Y177.256
G1 X89.410 Y177.306
G1 X89.305 Y177.456
G0 Z5.000 F500.000
G0 X91.562 Y177.921 F3000.000
G1 Z1.000 F500.000
G4 P100
G1 X91.502 Y179.321 F1000.000
G1 X91.592 Y179.551
G1 X91.847 Y179.616
G1 X92.040 Y179.559
G1 X92.172 Y177.871
G1 X92.622 Y178.581
G1 X92.547 Y178.926
G1 X92.622 Y179.256
G1 X92.827 Y179.516
G1 X93.122 Y179.616
G1 X93.357 Y179.514
G1 X93.447 Y179.216
G1 X93.327 Y178.701
G1 X94.017 Y178.806
G1 X94.132 Y178.756
G1 X94.112 Y178.379
G1 X93.932 Y178.251
G1 X93.442 Y178.176
G1 X93.027 Y178.236
G1 X92.362 Y177.361
G1 X92.032 Y177.256
G1 X91.849 Y177.296
G1 X91.710 Y177.416
G1 X91.562 Y177.921
G0 Z5.000 F500.000
G0 X93.735 Y177.879 F3000.000
G1 Z1.000 F500.000
G4 P100
G1 X93.662 Y178.321 F1000.000
G1 X93.807 Y178.964
G1 X94.210 Y179.436
G1 X94.792 Y179.611
G1 X95.054 Y179.568
G1 X95.257 Y179.439
G1 X95.389 Y179.236
G1 X95.432 Y178.971
G1 X95.370 Y178.651
G1 X95.185 Y178.379
G1 X94.852 Y178.157
G1 X94.347 Y177.986
G1 X94.529 Y177.814
G1 X94.822 Y177.756
G1 X95.335 Y177.914
G1 X95.967 Y178.396
G1 X96.070 Y178.336
G1 X96.107 Y178.171
G1 X96.012 Y177.861
G1 X95.490 Y177.446
G1 X94.767 Y177.256
G1 X94.301 Y177.328
G1 X93.952 Y177.541
G1 X93.735 Y177.879
G0 Z5.000 F500.000
G0 X94.267 Y178.386 F3000.000
G1 Z1.000 F500.000
G4 P100
G1 X94.732 Y178.586 F1000.000
G1 X94.860 Y178.738
G1 X94.850 Y179.064
G1 X94.707 Y179.121
G1 X94.537 Y179.068
G1 X94.395 Y178.906
G1 X94.267 Y178.386
G0 Z5.000 F500.000
G0 X97.107 Y178.526 F3000.000
G1 Z1.000 F500.000
G4 P100
G1 X97.202 Y179.331 F1000.000
G1 X97.312 Y179.544
G1 X97.587 Y179.611
G1 X97.785 Y179.566
G1 X97.832 Y179.441
G1 X97.617 Y177.826
G1 X98.462 Y178.386
G1 X98.565 Y178.324
G1 X98.567 Y177.986
G1 X97.522 Y177.236
G1 X97.299 Y176.308
G1 X97.017 Y175.601
G1 X96.665 Y175.155
G1 X96.227 Y175.006
G1 X95.993 Y175.046
G1 X95.692 Y175.346
G1 X95.652 Y175.576
G1 X95.721 Y175.943
G1 X95.927 Y176.334
G1 X96.324 Y176.783
G1 X96.962 Y177.326
G1 X97.107 Y178.526
G0 Z5.000 F500.000
G0 X96.857 Y176.736 F3000.000
G1 Z1.000 F500.000
G4 P100
G1 X96.310 Y176.149 F1000.000
G1 X96.142 Y175.686
G1 X96.177 Y175.540
G1 X96.282 Y175.491
G1 X96.419 Y175.565
G1 X96.567 Y175.786
G1 X96.857 Y176.736
G0 Z5.000 F500.000
G0 X97.562 Y179.941 F3000.000
G1 Z1.000 F500.000
G4 P100
G1 X97.247 Y180.039 F1000.000
G1 X97.142 Y180.311
G1 X97.280 Y180.604
G1 X97.622 Y180.721
G1 X97.922 Y180.631
G1 X98.037 Y180.376
G1 X97.907 Y180.059
G1 X97.562 Y179.941
G0 Z5.000 F500.000
G0 X98.540 Y179.249 F3000.000
G1 Z1.000 F500.000
G4 P100
G1 X99.036 Y179.575 F1000.000
G1 X99.332 Y179.616
G1 X99.675 Y179.551
G1 X99.945 Y179.354
G1 X100.129 Y179.061
G1 X100.217 Y178.706
G1 X100.847 Y178.816
G1 X100.947 Y178.751
G1 X100.946 Y178.395
G1 X100.837 Y178.301
G1 X100.177 Y178.181
G1 X100.036 Y177.803
G1 X99.802 Y177.509
G1 X99.504 Y177.320
G1 X98.889 Y177.293
G1 X98.655 Y177.401
G1 X98.332 Y177.786
G1 X98.222 Y178.306
G1 X98.367 Y178.984
G1 X98.540 Y179.249
G0 Z5.000 F500.000
G0 X98.880 Y178.662 F3000.000
G1 Z1.000 F500.000
G4 P100
G1 X98.847 Y178.351 F1000.000
G1 X98.955 Y177.931
G1 X99.207 Y177.786
G1 X99.485 Y177.916
G1 X99.642 Y178.291
G1 X99.405 Y178.566
G1 X99.337 Y179.086
G1 X99.135 Y179.038
G1 X98.980 Y178.894
G1 X98.880 Y178.662
G0 Z5.000 F500.000
G0 X100.605 Y178.674 F3000.000
G1 Z1.000 F500.000
G4 P100
G1 X100.752 Y179.331 F1000.000
G1 X100.872 Y179.551
G1 X101.112 Y179.611
G1 X101.304 Y179.569
G1 X101.367 Y179.441
G1 X101.152 Y178.116
G1 X101.192 Y177.886
G1 X101.327 Y177.806
G1 X101.552 Y177.931
G1 X102.047 Y178.396
G1 X102.150 Y178.336
G1 X102.187 Y178.171
G1 X102.092 Y177.861
G1 X101.614 Y177.408
G1 X101.167 Y177.256
G1 X100.887 Y177.314
G1 X100.695 Y177.486
G1 X100.584 Y177.754
G1 X100.605 Y178.674
G0 Z5.000 F500.000
G0 X101.207 Y179.941 F3000.000
G1 Z1.000 F500.000
G4 P100
G1 X100.892 Y180.039 F1000.000
G1 X100.787 Y180.311
G1 X100.925 Y180.604
G1 X101.267 Y180.721
G1 X101.567 Y180.631
G1 X101.682 Y180.376
G1 X101.552 Y180.059
G1 X101.207 Y179.941
G0 Z5.000 F500.000
G0 X102.125 Y179.544 F3000.000
G1 Z1.000 F500.000
G4 P100
G1 X102.412 Y179.611 F1000.000
G1 X102.552 Y179.586
G1 X102.592 Y179.491
G1 X102.387 Y178.411
G1 X102.757 Y179.111
G1 X103.160 Y179.496
G1 X103.522 Y179.611
G1 X103.766 Y179.530
G1 X103.847 Y179.286
G1 X103.642 Y178.006
G1 X103.679 Y177.856
G1 X103.787 Y177.806
G1 X104.025 Y177.929
G1 X104.527 Y178.396
G1 X104.630 Y178.336
G1 X104.667 Y178.171
G1 X104.572 Y177.861
G1 X104.110 Y177.426
G1 X103.845 Y177.299
G1 X103.324 Y177.293
G1 X103.065 Y177.585
G1 X103.032 Y177.831
G1 X103.167 Y178.766
G1 X103.112 Y178.846
G1 X102.930 Y178.679
G1 X102.690 Y178.236
G1 X102.365 Y177.339
G1 X102.137 Y177.256
G1 X101.975 Y177.306
G1 X101.870 Y177.456
G1 X101.792 Y178.096
G1 X101.839 Y178.730
G1 X101.977 Y179.331
G1 X102.125 Y179.544
G0 Z5.000 F500.000
G0 X86.887 Y171.364 F3000.000
G1 Z1.000 F500.000
G4 P100
G1 X87.007 Y170.899 F1000.000
G1 X86.967 Y170.524
G1 X86.845 Y170.174
G1 X86.357 Y169.549
G1 X87.032 Y169.514
G1 X87.032 Y169.233
G1 X86.926 Y169.126
G1 X86.502 Y169.039
G1 X85.892 Y169.039
G1 X85.913 Y168.207
G1 X86.005 Y167.919
G1 X86.163 Y167.762
G1 X86.392 Y167.709
G1 X86.772 Y167.839
G1 X87.297 Y168.299
G1 X87.400 Y168.239
G1 X87.437 Y168.074
G1 X87.342 Y167.764
G1 X86.872 Y167.329
G1 X86.287 Y167.159
G1 X85.841 Y167.249
G1 X85.522 Y167.518
G1 X85.331 Y167.967
G1 X85.282 Y169.039
G1 X84.885 Y169.094
G1 X84.832 Y169.269
G1 X84.889 Y169.479
G1 X85.342 Y169.549
G1 X85.602 Y170.554
G1 X86.025 Y171.279
G1 X86.282 Y171.482
G1 X86.557 Y171.549
G1 X86.745 Y171.503
G1 X86.887 Y171.364
G0 Z5.000 F500.000
G0 X86.422 Y171.069 F3000.000
G1 Z1.000 F500.000
G4 P100
G1 X86.255 Y170.882 F1000.000
G1 X86.080 Y170.362
G1 X85.942 Y169.624
G1 X86.385 Y170.197
G1 X86.532 Y170.774
G1 X86.505 Y170.996
G1 X86.422 Y171.069
G0 Z5.000 F500.000
G0 X87.505 Y169.339 F3000.000
G1 Z1.000 F500.000
G4 P100
G1 X87.779 Y169.471 F1000.000
G1 X88.349 Y169.471
G1 X88.552 Y169.342
G1 X88.684 Y169.139
G1 X88.727 Y168.874
G1 X88.665 Y168.554
G1 X88.480 Y168.282
G1 X88.147 Y168.060
G1 X87.642 Y167.889
G1 X87.824 Y167.717
G1 X88.117 Y167.659
G1 X88.630 Y167.817
G1 X89.262 Y168.299
G1 X89.365 Y168.239
G1 X89.402 Y168.074
G1 X89.307 Y167.764
G1 X88.785 Y167.349
G1 X88.435 Y167.207
G1 X88.062 Y167.159
G1 X87.596 Y167.231
G1 X87.247 Y167.444
G1 X87.030 Y167.782
G1 X86.957 Y168.224
G1 X87.102 Y168.867
G1 X87.505 Y169.339
G0 Z5.000 F500.000
G0 X87.690 Y168.809 F3000.000
G1 Z1.000 F500.000
G4 P100
G1 X87.562 Y168.289 F1000.000
G1 X88.027 Y168.489
G1 X88.197 Y168.814
G1 X88.145 Y168.967
G1 X88.002 Y169.024
G1 X87.832 Y168.971
G1 X87.690 Y168.809
G0 Z5.000 F500.000
G0 X88.837 Y167.899 F3000.000
G1 Z1.000 F500.000
G4 P100
G1 X89.252 Y168.459 F1000.000
G1 X89.677 Y169.349
G1 X89.824 Y169.514
G1 X90.072 Y169.569
G1 X90.267 Y169.544
G1 X90.322 Y169.464
G1 X90.157 Y168.934
G1 X90.615 Y168.187
G1 X90.687 Y167.724
G1 X91.397 Y168.299
G1 X91.500 Y168.239
G1 X91.537 Y168.074
G1 X91.442 Y167.764
G1 X90.965 Y167.342
G1 X89.927 Y167.049
G1 X89.530 Y167.169
G1 X89.392 Y167.439
G1 X89.487 Y167.664
G1 X89.767 Y167.759
G1 X90.052 Y167.729
G1 X89.995 Y167.974
G1 X89.712 Y168.384
G1 X89.405 Y167.894
G1 X89.072 Y167.524
G1 X88.882 Y167.434
G1 X88.752 Y167.492
G1 X88.702 Y167.634
G1 X88.837 Y167.899
G0 Z5.000 F500.000
G0 X90.950 Y169.094 F3000.000
G1 Z1.000 F500.000
G4 P100
G1 X90.897 Y169.269 F1000.000
G1 X90.954 Y169.479
G1 X91.407 Y169.549
G1 X91.667 Y170.554
G1 X92.090 Y171.279
G1 X92.347 Y171.482
G1 X92.622 Y171.549
G1 X92.810 Y171.503
G1 X92.952 Y171.364
G1 X93.072 Y170.899
G1 X93.032 Y170.524
G1 X92.910 Y170.174
G1 X92.422 Y169.549
G1 X93.097 Y169.514
G1 X93.097 Y169.233
G1 X92.991 Y169.126
G1 X92.567 Y169.039
G1 X91.957 Y169.039
G1 X91.978 Y168.207
G1 X92.070 Y167.919
G1 X92.228 Y167.762
G1 X92.457 Y167.709
G1 X92.837 Y167.839
G1 X93.362 Y168.299
G1 X93.465 Y168.239
G1 X93.502 Y168.074
G1 X93.407 Y167.764
G1 X92.937 Y167.329
G1 X92.664 Y167.202
G1 X92.352 Y167.159
G1 X91.906 Y167.249
G1 X91.587 Y167.518
G1 X91.396 Y167.967
G1 X91.347 Y169.039
G1 X90.950 Y169.094
G0 Z5.000 F500.000
G0 X92.007 Y169.624 F3000.000
G1 Z1.000 F500.000
G4 P100
G1 X92.450 Y170.197 F1000.000
G1 X92.597 Y170.774
G1 X92.570 Y170.996
G1 X92.487 Y171.069
G1 X92.320 Y170.882
G1 X92.145 Y170.362
G1 X92.007 Y169.624
G0 Z5.000 F500.000
G0 X94.605 Y169.277 F3000.000
G1 Z1.000 F500.000
G4 P100
G1 X94.814 Y169.626 F1000.000
G1 X95.095 Y169.887
G1 X95.439 Y170.050
G1 X96.188 Y170.060
G1 X96.470 Y169.927
G1 X96.664 Y169.721
G1 X96.757 Y169.404
G1 X96.675 Y169.202
G1 X96.442 Y169.129
G1 X96.265 Y169.187
G1 X96.015 Y169.549
G1 X95.782 Y169.609
G1 X95.519 Y169.553
G1 X95.310 Y169.382
G1 X95.162 Y169.099
G1 X95.082 Y168.704
G1 X95.377 Y168.917
G1 X95.742 Y168.979
G1 X96.190 Y168.874
G1 X96.497 Y168.582
G1 X96.607 Y168.164
G1 X96.475 Y167.652
G1 X96.090 Y167.292
G1 X95.492 Y167.159
G1 X95.038 Y167.240
G1 X94.705 Y167.482
G1 X94.500 Y167.866
G1 X94.432 Y168.374
G1 X94.605 Y169.277
G0 Z5.000 F500.000
G0 X95.257 Y168.359 F3000.000
G1 Z1.000 F500.000
G4 P100
G1 X95.137 Y168.039 F1000.000
G1 X95.237 Y167.754
G1 X95.517 Y167.649
G1 X95.840 Y167.777
G1 X95.962 Y168.109
G1 X95.862 Y168.379
G1 X95.592 Y168.479
G1 X95.257 Y168.359
G0 Z5.000 F500.000
G0 X97.155 Y167.954 F3000.000
G1 Z1.000 F500.000
G4 P100
G1 X97.512 Y168.089 F1000.000
G1 X97.845 Y167.982
G1 X97.957 Y167.664
G1 X97.827 Y167.297
G1 X97.472 Y167.159
G1 X97.140 Y167.279
G1 X97.027 Y167.594
G1 X97.155 Y167.954
G0 Z5.000 F500.000
G0 X97.315 Y168.704 F3000.000
G1 Z1.000 F500.000
G4 P100
G1 X97.202 Y169.019 F1000.000
G1 X97.330 Y169.379
G1 X97.687 Y169.514
G1 X98.020 Y169.407
G1 X98.132 Y169.089
G1 X98.002 Y168.722
G1 X97.647 Y168.584
G1 X97.315 Y168.704
G0 Z5.000 F500.000
G0 X88.291 Y159.336 F3000.000
G1 Z1.000 F500.000
G4 P100
G1 X88.372 Y159.092 F1000.000
G1 X88.167 Y157.812
G1 X88.204 Y157.662
G1 X88.312 Y157.612
G1 X88.550 Y157.735
G1 X89.052 Y158.202
G1 X89.155 Y158.142
G1 X89.192 Y157.977
G1 X89.097 Y157.667
G1 X88.635 Y157.232
G1 X88.072 Y157.062
G1 X87.687 Y157.210
G1 X87.557 Y157.637
G1 X87.692 Y158.572
G1 X87.637 Y158.652
G1 X87.452 Y158.485
G1 X87.212 Y158.042
G1 X86.890 Y157.142
G1 X86.657 Y157.062
G1 X86.410 Y157.220
G1 X86.327 Y157.602
G1 X86.417 Y158.572
G1 X86.362 Y158.652
G1 X86.172 Y158.472
G1 X85.950 Y158.012
G1 X85.650 Y157.145
G1 X85.422 Y157.062
G1 X85.260 Y157.112
G1 X85.155 Y157.262
G1 X85.077 Y157.902
G1 X85.124 Y158.536
G1 X85.262 Y159.137
G1 X85.410 Y159.350
G1 X85.697 Y159.417
G1 X85.837 Y159.392
G1 X85.877 Y159.297
G1 X85.672 Y158.222
G1 X85.995 Y158.882
G1 X86.380 Y159.285
G1 X86.752 Y159.417
G1 X87.000 Y159.337
G1 X87.072 Y159.092
G1 X86.922 Y158.242
G1 X87.186 Y158.774
G1 X87.477 Y159.137
G1 X87.772 Y159.347
G1 X88.047 Y159.417
G1 X88.291 Y159.336
G0 Z5.000 F500.000
G0 X88.987 Y159.137 F3000.000
G1 Z1.000 F500.000
G4 P100
G1 X89.107 Y159.357 F1000.000
G1 X89.347 Y159.417
G1 X89.539 Y159.375
G1 X89.602 Y159.247
G1 X89.387 Y157.922
G1 X89.427 Y157.692
G1 X89.562 Y157.612
G1 X89.787 Y157.737
G1 X90.282 Y158.202
G1 X90.385 Y158.142
G1 X90.422 Y157.977
G1 X90.327 Y157.667
G1 X89.849 Y157.214
G1 X89.402 Y157.062
G1 X89.122 Y157.120
G1 X88.930 Y157.292
G1 X88.819 Y157.560
G1 X88.840 Y158.480
G1 X88.987 Y159.137
G0 Z5.000 F500.000
G0 X89.127 Y159.845 F3000.000
G1 Z1.000 F500.000
G4 P100
G1 X89.022 Y160.117 F1000.000
G1 X89.160 Y160.410
G1 X89.502 Y160.527
G1 X89.802 Y160.437
G1 X89.917 Y160.182
G1 X89.787 Y159.865
G1 X89.442 Y159.747
G1 X89.127 Y159.845
G0 Z5.000 F500.000
G0 X90.212 Y159.137 F3000.000
G1 Z1.000 F500.000
G4 P100
G1 X90.360 Y159.350 F1000.000
G1 X90.787 Y159.392
G1 X90.827 Y159.297
G1 X90.622 Y158.217
G1 X90.992 Y158.917
G1 X91.395 Y159.302
G1 X91.757 Y159.417
G1 X92.001 Y159.336
G1 X92.082 Y159.092
G1 X91.877 Y157.812
G1 X91.914 Y157.662
G1 X92.022 Y157.612
G1 X92.260 Y157.735
G1 X92.762 Y158.202
G1 X92.865 Y158.142
G1 X92.902 Y157.977
G1 X92.807 Y157.667
G1 X92.345 Y157.232
G1 X92.080 Y157.105
G1 X91.559 Y157.099
G1 X91.300 Y157.391
G1 X91.267 Y157.637
G1 X91.402 Y158.572
G1 X91.347 Y158.652
G1 X91.165 Y158.485
G1 X90.925 Y158.042
G1 X90.600 Y157.145
G1 X90.372 Y157.062
G1 X90.210 Y157.112
G1 X90.105 Y157.262
G1 X90.027 Y157.902
G1 X90.212 Y159.137
G0 Z5.000 F500.000
G0 X92.550 Y158.480 F3000.000
G1 Z1.000 F500.000
G4 P100
G1 X92.697 Y159.137 F1000.000
G1 X92.817 Y159.357
G1 X93.057 Y159.417
G1 X93.249 Y159.375
G1 X93.312 Y159.247
G1 X93.097 Y157.922
G1 X93.137 Y157.692
G1 X93.272 Y157.612
G1 X93.497 Y157.737
G1 X93.992 Y158.202
G1 X94.095 Y158.142
G1 X94.132 Y157.977
G1 X94.037 Y157.667
G1 X93.559 Y157.214
G1 X93.112 Y157.062
G1 X92.832 Y157.120
G1 X92.640 Y157.292
G1 X92.529 Y157.560
G1 X92.550 Y158.480
G0 Z5.000 F500.000
G0 X93.152 Y159.747 F3000.000
G1 Z1.000 F500.000
G4 P100
G1 X92.837 Y159.845 F1000.000
G1 X92.732 Y160.117
G1 X92.870 Y160.410
G1 X93.212 Y160.527
G1 X93.512 Y160.437
G1 X93.627 Y160.182
G1 X93.497 Y159.865
G1 X93.152 Y159.747
G0 Z5.000 F500.000
G0 X94.070 Y159.350 F3000.000
G1 Z1.000 F500.000
G4 P100
G1 X94.357 Y159.417 F1000.000
G1 X94.497 Y159.392
G1 X94.537 Y159.297
G1 X94.332 Y158.222
G1 X94.655 Y158.882
G1 X95.040 Y159.285
G1 X95.412 Y159.417
G1 X95.660 Y159.337
G1 X95.732 Y159.092
G1 X95.582 Y158.242
G1 X95.846 Y158.774
G1 X96.137 Y159.137
G1 X96.432 Y159.347
G1 X96.707 Y159.417
G1 X96.951 Y159.336
G1 X97.032 Y159.092
G1 X96.827 Y157.812
G1 X96.864 Y157.662
G1 X96.972 Y157.612
G1 X97.210 Y157.735
G1 X97.712 Y158.202
G1 X97.815 Y158.142
G1 X97.852 Y157.977
G1 X97.757 Y157.667
G1 X97.295 Y157.232
G1 X97.030 Y157.105
G1 X96.509 Y157.099
G1 X96.250 Y157.391
G1 X96.217 Y157.637
G1 X96.352 Y158.572
G1 X96.297 Y158.652
G1 X96.112 Y158.485
G1 X95.872 Y158.042
G1 X95.550 Y157.142
G1 X95.317 Y157.062
G1 X95.173 Y157.102
G1 X95.070 Y157.220
G1 X94.987 Y157.602
G1 X95.077 Y158.572
G1 X95.022 Y158.652
G1 X94.832 Y158.472
G1 X94.610 Y158.012
G1 X94.310 Y157.145
G1 X94.082 Y157.062
G1 X93.920 Y157.112
G1 X93.815 Y157.262
G1 X93.737 Y157.902
G1 X93.784 Y158.536
G1 X93.922 Y159.137
G1 X94.070 Y159.350
G0 Z5.000 F500.000
G0 X97.497 Y158.475 F3000.000
G1 Z1.000 F500.000
G4 P100
G1 X97.662 Y159.137 F1000.000
G1 X97.802 Y159.352
G1 X98.240 Y159.382
G1 X98.282 Y159.277
G1 X98.047 Y157.972
G1 X98.152 Y157.782
G1 X98.340 Y157.932
G1 X98.580 Y158.387
G1 X98.950 Y159.352
G1 X99.357 Y159.390
G1 X99.402 Y159.287
G1 X99.137 Y157.812
G1 X99.177 Y157.665
G1 X99.282 Y157.612
G1 X99.520 Y157.735
G1 X100.022 Y158.202
G1 X100.125 Y158.142
G1 X100.162 Y157.977
G1 X100.067 Y157.667
G1 X99.605 Y157.232
G1 X99.340 Y157.105
G1 X98.834 Y157.109
G1 X98.690 Y157.247
G1 X98.577 Y157.767
G1 X98.322 Y157.245
G1 X97.957 Y157.062
G1 X97.753 Y157.114
G1 X97.483 Y157.503
G1 X97.497 Y158.475
G0 Z5.000 F500.000
G0 X99.767 Y157.902 F3000.000
G1 Z1.000 F500.000
G4 P100
G1 X99.952 Y159.137 F1000.000
G1 X100.100 Y159.350
G1 X100.387 Y159.417
G1 X100.527 Y159.392
G1 X100.567 Y159.297
G1 X100.362 Y158.222
G1 X100.685 Y158.882
G1 X101.070 Y159.285
G1 X101.442 Y159.417
G1 X101.690 Y159.337
G1 X101.762 Y159.092
G1 X101.612 Y158.242
G1 X101.876 Y158.774
G1 X102.167 Y159.137
G1 X102.462 Y159.347
G1 X102.737 Y159.417
G1 X102.981 Y159.336
G1 X103.062 Y159.092
G1 X102.857 Y157.812
G1 X102.894 Y157.662
G1 X103.002 Y157.612
G1 X103.240 Y157.735
G1 X103.742 Y158.202
G1 X103.845 Y158.142
G1 X103.882 Y157.977
G1 X103.787 Y157.667
G1 X103.325 Y157.232
G1 X102.762 Y157.062
G1 X102.539 Y157.099
G1 X102.280 Y157.391
G1 X102.247 Y157.637
G1 X102.382 Y158.572
G1 X102.327 Y158.652
G1 X102.142 Y158.485
G1 X101.902 Y158.042
G1 X101.580 Y157.142
G1 X101.347 Y157.062
G1 X101.100 Y157.220
G1 X101.017 Y157.602
G1 X101.107 Y158.572
G1 X101.052 Y158.652
G1 X100.862 Y158.472
G1 X100.640 Y158.012
G1 X100.340 Y157.145
G1 X100.112 Y157.062
G1 X99.950 Y157.112
G1 X99.845 Y157.262
G1 X99.767 Y157.902
G0 Z5.000 F500.000
G0 X104.024 Y156.068 F3000.000
G1 Z1.000 F500.000
G4 P100
G1 X104.479 Y157.366 F1000.000
G1 X104.887 Y158.117
G1 X104.877 Y159.132
G1 X104.992 Y159.362
G1 X105.292 Y159.447
G1 X105.445 Y159.405
G1 X105.502 Y159.052
G1 X105.817 Y159.340
G1 X106.147 Y159.427
G1 X106.402 Y159.371
G1 X106.605 Y159.202
G1 X106.738 Y158.942
G1 X106.782 Y158.612
G1 X106.697 Y158.097
G1 X106.462 Y157.642
G1 X106.637 Y157.612
G1 X106.952 Y157.732
G1 X107.337 Y158.132
G1 X107.472 Y158.202
G1 X107.575 Y158.142
G1 X107.612 Y157.977
G1 X107.517 Y157.667
G1 X107.055 Y157.232
G1 X106.492 Y157.062
G1 X106.252 Y157.110
G1 X106.062 Y157.252
G1 X105.467 Y157.062
G1 X105.361 Y156.177
G1 X105.172 Y155.450
G1 X104.889 Y154.964
G1 X104.706 Y154.843
G1 X104.262 Y154.851
G1 X104.097 Y154.997
G1 X103.967 Y155.537
G1 X104.024 Y156.068
G0 Z5.000 F500.000
G0 X104.412 Y155.622 F3000.000
G1 Z1.000 F500.000
G4 P100
G1 X104.450 Y155.377 F1000.000
G1 X104.537 Y155.292
G1 X104.661 Y155.439
G1 X104.762 Y155.880
G1 X104.877 Y157.342
G1 X104.537 Y156.387
G1 X104.412 Y155.622
G0 Z5.000 F500.000
G0 X105.492 Y157.542 F3000.000
G1 Z1.000 F500.000
G4 P100
G1 X105.825 Y157.740 F1000.000
G1 X106.067 Y158.130
G1 X106.157 Y158.617
G1 X106.097 Y158.845
G1 X105.937 Y158.922
G1 X105.739 Y158.827
G1 X105.502 Y158.542
G1 X105.492 Y157.542
G0 Z5.000 F500.000
G0 X107.132 Y158.127 F3000.000
G1 Z1.000 F500.000
G4 P100
G1 X107.277 Y158.770 F1000.000
G1 X107.450 Y159.037
G1 X107.954 Y159.374
G1 X108.262 Y159.417
G1 X108.524 Y159.374
G1 X108.727 Y159.245
G1 X108.859 Y159.042
G1 X108.902 Y158.777
G1 X108.840 Y158.457
G1 X108.655 Y158.185
G1 X108.322 Y157.963
G1 X107.817 Y157.792
G1 X107.999 Y157.620
G1 X108.292 Y157.562
G1 X108.805 Y157.720
G1 X109.437 Y158.202
G1 X109.540 Y158.142
G1 X109.577 Y157.977
G1 X109.482 Y157.667
G1 X108.960 Y157.252
G1 X108.237 Y157.062
G1 X107.771 Y157.134
G1 X107.422 Y157.347
G1 X107.205 Y157.685
G1 X107.132 Y158.127
G0 Z5.000 F500.000
G0 X107.737 Y158.192 F3000.000
G1 Z1.000 F500.000
G4 P100
G1 X108.202 Y158.392 F1000.000
G1 X108.330 Y158.544
G1 X108.320 Y158.870
G1 X108.177 Y158.927
G1 X108.007 Y158.874
G1 X107.865 Y158.712
G1 X107.737 Y158.192
G0 Z5.000 F500.000
G0 X109.229 Y158.536 F3000.000
G1 Z1.000 F500.000
G4 P100
G1 X109.367 Y159.137 F1000.000
G1 X109.515 Y159.350
G1 X109.802 Y159.417
G1 X109.942 Y159.392
G1 X109.982 Y159.297
G1 X109.777 Y158.217
G1 X110.147 Y158.917
G1 X110.550 Y159.302
G1 X110.912 Y159.417
G1 X111.156 Y159.336
G1 X111.237 Y159.092
G1 X111.032 Y157.812
G1 X111.069 Y157.662
G1 X111.177 Y157.612
G1 X111.415 Y157.735
G1 X111.917 Y158.202
G1 X112.020 Y158.142
G1 X112.057 Y157.977
G1 X111.962 Y157.667
G1 X111.500 Y157.232
G1 X111.235 Y157.105
G1 X110.714 Y157.099
G1 X110.455 Y157.391
G1 X110.422 Y157.637
G1 X110.557 Y158.572
G1 X110.502 Y158.652
G1 X110.320 Y158.485
G1 X110.080 Y158.042
G1 X109.755 Y157.145
G1 X109.527 Y157.062
G1 X109.365 Y157.112
G1 X109.260 Y157.262
G1 X109.182 Y157.902
G1 X109.229 Y158.536
G0 Z5.000 F500.000
G0 X86.938 Y151.197 F3000.000
G1 Z1.000 F500.000
G4 P100
G1 X86.972 Y150.830 F1000.000
G1 X86.890 Y150.188
G1 X86.642 Y149.450
G1 X86.254 Y148.669
G1 X85.747 Y147.895
G1 X85.862 Y147.603
G1 X86.072 Y147.515
G1 X86.432 Y147.633
G1 X86.962 Y148.105
G1 X87.065 Y148.045
G1 X87.102 Y147.880
G1 X87.007 Y147.570
G1 X86.540 Y147.135
G1 X86.270 Y147.008
G1 X85.967 Y146.965
G1 X85.584 Y147.065
G1 X85.315 Y147.365
G1 X85.155 Y147.824
G1 X85.102 Y148.400
G1 X85.260 Y149.790
G1 X85.455 Y150.515
G1 X85.725 Y151.130
G1 X86.062 Y151.550
G1 X86.457 Y151.690
G1 X86.672 Y151.635
G1 X86.835 Y151.468
G1 X86.938 Y151.197
G0 Z5.000 F500.000
G0 X86.452 Y151.100 F3000.000
G1 Z1.000 F500.000
G4 P100
G1 X86.347 Y151.195 F1000.000
G1 X86.225 Y151.092
G1 X86.087 Y150.780
G1 X85.832 Y149.750
G1 X85.712 Y148.570
G1 X86.277 Y149.743
G1 X86.435 Y150.305
G1 X86.452 Y151.100
G0 Z5.000 F500.000
G0 X87.070 Y150.313 F3000.000
G1 Z1.000 F500.000
G4 P100
G1 X87.412 Y150.430 F1000.000
G1 X87.712 Y150.340
G1 X87.827 Y150.085
G1 X87.697 Y149.768
G1 X87.352 Y149.650
G1 X87.037 Y149.748
G1 X86.932 Y150.020
G1 X87.070 Y150.313
G0 Z5.000 F500.000
G0 X87.017 Y149.260 F3000.000
G1 Z1.000 F500.000
G4 P100
G1 X87.257 Y149.320 F1000.000
G1 X87.449 Y149.278
G1 X87.512 Y149.150
G1 X87.297 Y147.825
G1 X87.337 Y147.595
G1 X87.472 Y147.515
G1 X87.697 Y147.640
G1 X88.192 Y148.105
G1 X88.295 Y148.045
G1 X88.332 Y147.880
G1 X88.237 Y147.570
G1 X87.759 Y147.117
G1 X87.312 Y146.965
G1 X87.032 Y147.023
G1 X86.840 Y147.195
G1 X86.729 Y147.463
G1 X86.750 Y148.383
G1 X86.897 Y149.040
G1 X87.017 Y149.260
G0 Z5.000 F500.000
G0 X87.999 Y148.427 F3000.000
G1 Z1.000 F500.000
G4 P100
G1 X88.155 Y149.408 F1000.000
G1 X88.401 Y150.310
G1 X88.725 Y151.043
G1 X89.105 Y151.529
G1 X89.522 Y151.690
G1 X89.732 Y151.638
G1 X89.989 Y151.234
G1 X90.022 Y150.915
G1 X89.934 Y150.315
G1 X89.671 Y149.688
G1 X89.232 Y149.035
G1 X88.617 Y148.355
G1 X88.602 Y146.438
G1 X88.717 Y145.895
G1 X88.830 Y146.025
G1 X88.867 Y146.415
G1 X88.672 Y147.940
G1 X88.715 Y148.105
G1 X88.957 Y148.355
G1 X89.922 Y148.390
G1 X90.027 Y148.338
G1 X90.062 Y148.180
G1 X89.907 Y147.884
G1 X89.442 Y147.785
G1 X89.097 Y147.830
G1 X89.247 Y146.520
G1 X89.204 Y146.044
G1 X89.072 Y145.695
G1 X88.870 Y145.482
G1 X88.612 Y145.410
G1 X88.304 Y145.538
G1 X88.100 Y145.920
G1 X87.985 Y146.560
G1 X87.947 Y147.460
G1 X87.999 Y148.427
G0 Z5.000 F500.000
G0 X88.707 Y149.020 F3000.000
G1 Z1.000 F500.000
G4 P100
G1 X89.061 Y149.485 F1000.000
G1 X89.485 Y150.445
G1 X89.542 Y150.890
G1 X89.511 Y151.119
G1 X89.417 Y151.195
G1 X89.195 Y150.890
G1 X88.932 Y150.083
G1 X88.707 Y149.020
G0 Z5.000 F500.000
G0 X89.604 Y149.285 F3000.000
G1 Z1.000 F500.000
G4 P100
G1 X90.057 Y149.355 F1000.000
G1 X90.317 Y150.360
G1 X90.740 Y151.085
G1 X90.997 Y151.288
G1 X91.272 Y151.355
G1 X91.460 Y151.309
G1 X91.602 Y151.170
G1 X91.722 Y150.705
G1 X91.682 Y150.330
G1 X91.560 Y149.980
G1 X91.072 Y149.355
G1 X91.747 Y149.320
G1 X91.747 Y149.039
G1 X91.641 Y148.932
G1 X91.217 Y148.845
G1 X90.607 Y148.845
G1 X90.628 Y148.013
G1 X90.720 Y147.725
G1 X90.878 Y147.568
G1 X91.107 Y147.515
G1 X91.487 Y147.645
G1 X92.012 Y148.105
G1 X92.115 Y148.045
G1 X92.152 Y147.880
G1 X92.057 Y147.570
G1 X91.587 Y147.135
G1 X91.314 Y147.008
G1 X91.002 Y146.965
G1 X90.556 Y147.055
G1 X90.237 Y147.324
G1 X90.046 Y147.773
G1 X89.997 Y148.845
G1 X89.600 Y148.900
G1 X89.547 Y149.075
G1 X89.604 Y149.285
G0 Z5.000 F500.000
G0 X90.657 Y149.430 F3000.000
G1 Z1.000 F500.000
G4 P100
G1 X91.100 Y150.003 F1000.000
G1 X91.247 Y150.580
G1 X91.220 Y150.802
G1 X91.137 Y150.875
G1 X90.970 Y150.688
G1 X90.795 Y150.168
G1 X90.657 Y149.430
G0 Z5.000 F500.000
G0 X92.427 Y149.155 F3000.000
G1 Z1.000 F500.000
G4 P100
G1 X92.574 Y149.320 F1000.000
G1 X92.822 Y149.375
G1 X93.017 Y149.350
G1 X93.072 Y149.270
G1 X92.907 Y148.740
G1 X93.365 Y147.993
G1 X93.437 Y147.530
G1 X94.012 Y148.035
G1 X94.147 Y148.105
G1 X94.250 Y148.045
G1 X94.287 Y147.880
G1 X94.192 Y147.570
G1 X93.715 Y147.148
G1 X92.677 Y146.855
G1 X92.280 Y146.975
G1 X92.142 Y147.245
G1 X92.237 Y147.470
G1 X92.517 Y147.565
G1 X92.802 Y147.535
G1 X92.745 Y147.780
G1 X92.462 Y148.190
G1 X91.822 Y147.330
G1 X91.632 Y147.240
G1 X91.502 Y147.298
G1 X91.452 Y147.440
G1 X91.522 Y147.625
G1 X92.002 Y148.265
G1 X92.427 Y149.155
G0 Z5.000 F500.000
G0 X95.189 Y148.170 F3000.000
G1 Z1.000 F500.000
G4 P100
G1 X95.543 Y148.860 F1000.000
G1 X95.820 Y149.113
G1 X96.137 Y149.276
G1 X96.472 Y149.330
G1 X96.620 Y149.288
G1 X96.682 Y149.135
G1 X97.086 Y149.112
G1 X97.147 Y148.980
G1 X96.957 Y147.680
G1 X96.995 Y147.560
G1 X97.092 Y147.515
G1 X97.322 Y147.638
G1 X97.822 Y148.105
G1 X97.925 Y148.045
G1 X97.962 Y147.880
G1 X97.867 Y147.570
G1 X97.432 Y147.140
G1 X96.987 Y146.965
G1 X96.685 Y147.078
G1 X96.477 Y147.385
G1 X96.184 Y147.070
G1 X95.822 Y146.965
G1 X95.544 Y147.022
G1 X95.327 Y147.190
G1 X95.189 Y147.450
G1 X95.189 Y148.170
G0 Z5.000 F500.000
G0 X95.767 Y147.775 F3000.000
G1 Z1.000 F500.000
G4 P100
G1 X95.830 Y147.545 F1000.000
G1 X96.002 Y147.470
G1 X96.212 Y147.600
G1 X96.357 Y147.945
G1 X96.542 Y148.865
G1 X96.155 Y148.708
G1 X95.872 Y148.305
G1 X95.767 Y147.775
G0 Z5.000 F500.000
G0 X97.614 Y148.439 F3000.000
G1 Z1.000 F500.000
G4 P100
G1 X97.752 Y149.040 F1000.000
G1 X97.900 Y149.253
G1 X98.187 Y149.320
G1 X98.327 Y149.295
G1 X98.367 Y149.200
G1 X98.162 Y148.120
G1 X98.532 Y148.820
G1 X98.935 Y149.205
G1 X99.297 Y149.320
G1 X99.541 Y149.239
G1 X99.622 Y148.995
G1 X99.417 Y147.715
G1 X99.454 Y147.565
G1 X99.562 Y147.515
G1 X99.800 Y147.638
G1 X100.302 Y148.105
G1 X100.405 Y148.045
G1 X100.442 Y147.880
G1 X100.347 Y147.570
G1 X99.885 Y147.135
G1 X99.620 Y147.008
G1 X99.099 Y147.002
G1 X98.840 Y147.294
G1 X98.807 Y147.540
G1 X98.942 Y148.475
G1 X98.887 Y148.555
G1 X98.705 Y148.388
G1 X98.465 Y147.945
G1 X98.140 Y147.048
G1 X97.912 Y146.965
G1 X97.750 Y147.015
G1 X97.645 Y147.165
G1 X97.567 Y147.805
G1 X97.614 Y148.439
G0 Z5.000 F500.000
G0 X99.972 Y147.785 F3000.000
G1 Z1.000 F500.000
G4 P100
G1 X100.015 Y148.171 F1000.000
G1 X100.344 Y148.839
G1 X100.925 Y149.261
G1 X101.277 Y149.345
G1 X101.415 Y150.245
G1 X101.640 Y151.003
G1 X101.949 Y151.519
G1 X102.135 Y151.647
G1 X102.539 Y151.642
G1 X102.700 Y151.495
G1 X102.807 Y151.250
G1 X102.774 Y150.298
G1 X102.567 Y149.595
G1 X101.832 Y148.055
G1 X101.920 Y147.640
G1 X102.092 Y147.515
G1 X102.367 Y147.635
G1 X102.877 Y148.105
G1 X102.980 Y148.045
G1 X103.017 Y147.880
G1 X102.922 Y147.570
G1 X102.229 Y147.010
G1 X101.987 Y146.965
G1 X101.652 Y147.077
G1 X101.407 Y147.410
G1 X101.040 Y147.055
G1 X100.672 Y146.965
G1 X100.394 Y147.022
G1 X100.170 Y147.193
G1 X100.022 Y147.455
G1 X99.972 Y147.785
G0 Z5.000 F500.000
G0 X100.660 Y147.562 F3000.000
G1 Z1.000 F500.000
G4 P100
G1 X100.847 Y147.470 F1000.000
G1 X101.037 Y147.548
G1 X101.277 Y147.835
G1 X101.237 Y148.830
G1 X100.985 Y148.696
G1 X100.643 Y148.165
G1 X100.597 Y147.835
G1 X100.660 Y147.562
G0 Z5.000 F500.000
G0 X101.837 Y148.840 F3000.000
G1 Z1.000 F500.000
G4 P100
G1 X102.257 Y149.940 F1000.000
G1 X102.397 Y150.800
G1 X102.287 Y151.200
G1 X102.097 Y150.863
G1 X101.837 Y148.840
G0 Z5.000 F500.000
G0 X87.570 Y137.948 F3000.000
G1 Z1.000 F500.000
G4 P100
G1 X87.607 Y137.783 F1000.000
G1 X87.512 Y137.473
G1 X87.035 Y137.051
G1 X86.472 Y136.928
G1 X86.254 Y136.801
G1 X85.997 Y136.758
G1 X85.600 Y136.878
G1 X85.462 Y137.148
G1 X85.557 Y137.373
G1 X85.837 Y137.468
G1 X86.122 Y137.438
G1 X86.065 Y137.683
G1 X85.782 Y138.093
G1 X85.142 Y137.233
G1 X84.952 Y137.143
G1 X84.822 Y137.201
G1 X84.772 Y137.343
G1 X85.322 Y138.168
G1 X85.747 Y139.058
G1 X85.894 Y139.223
G1 X86.142 Y139.278
G1 X86.337 Y139.253
G1 X86.392 Y139.173
G1 X86.227 Y138.643
G1 X86.685 Y137.896
G1 X86.757 Y137.433
G1 X87.332 Y137.938
G1 X87.467 Y138.008
G1 X87.570 Y137.948
G0 Z5.000 F500.000
G0 X87.402 Y138.303 F3000.000
G1 Z1.000 F500.000
G4 P100
G1 X87.417 Y138.748 F1000.000
G1 X87.020 Y138.803
G1 X86.967 Y138.978
G1 X87.024 Y139.188
G1 X87.477 Y139.258
G1 X87.737 Y140.263
G1 X88.160 Y140.988
G1 X88.417 Y141.191
G1 X88.692 Y141.258
G1 X88.880 Y141.212
G1 X89.022 Y141.073
G1 X89.142 Y140.608
G1 X89.102 Y140.233
G1 X88.980 Y139.883
G1 X88.492 Y139.258
G1 X89.167 Y139.223
G1 X89.167 Y138.942
G1 X89.061 Y138.835
G1 X88.637 Y138.748
G1 X88.027 Y138.748
G1 X88.048 Y137.916
G1 X88.140 Y137.628
G1 X88.298 Y137.471
G1 X88.527 Y137.418
G1 X88.907 Y137.548
G1 X89.432 Y138.008
G1 X89.535 Y137.948
G1 X89.572 Y137.783
G1 X89.477 Y137.473
G1 X89.007 Y137.038
G1 X88.734 Y136.911
G1 X88.422 Y136.868
G1 X87.976 Y136.958
G1 X87.657 Y137.227
G1 X87.466 Y137.676
G1 X87.402 Y138.303
G0 Z5.000 F500.000
G0 X88.077 Y139.333 F3000.000
G1 Z1.000 F500.000
G4 P100
G1 X88.520 Y139.906 F1000.000
G1 X88.667 Y140.483
G1 X88.640 Y140.705
G1 X88.557 Y140.778
G1 X88.390 Y140.591
G1 X88.215 Y140.071
G1 X88.077 Y139.333
G0 Z5.000 F500.000
G0 X89.503 Y138.763 F3000.000
G1 Z1.000 F500.000
G4 P100
G1 X90.097 Y139.179 F1000.000
G1 X90.432 Y139.233
G1 X90.580 Y139.191
G1 X90.642 Y139.038
G1 X91.046 Y139.015
G1 X91.107 Y138.883
G1 X90.917 Y137.583
G1 X90.955 Y137.463
G1 X91.052 Y137.418
G1 X91.282 Y137.541
G1 X91.782 Y138.008
G1 X91.885 Y137.948
G1 X91.922 Y137.783
G1 X91.827 Y137.473
G1 X91.392 Y137.043
G1 X90.947 Y136.868
G1 X90.645 Y136.981
G1 X90.437 Y137.288
G1 X90.144 Y136.973
G1 X89.782 Y136.868
G1 X89.504 Y136.925
G1 X89.287 Y137.093
G1 X89.149 Y137.353
G1 X89.102 Y137.683
G1 X89.149 Y138.073
G1 X89.503 Y138.763
G0 Z5.000 F500.000
G0 X89.832 Y138.208 F3000.000
G1 Z1.000 F500.000
G4 P100
G1 X89.727 Y137.678 F1000.000
G1 X89.790 Y137.448
G1 X89.962 Y137.373
G1 X90.172 Y137.503
G1 X90.317 Y137.848
G1 X90.502 Y138.768
G1 X90.115 Y138.611
G1 X89.832 Y138.208
G0 Z5.000 F500.000
G0 X91.552 Y138.368 F3000.000
G1 Z1.000 F500.000
G4 P100
G1 X91.712 Y139.771 F1000.000
G1 X91.909 Y140.472
G1 X92.180 Y141.061
G1 X92.517 Y141.460
G1 X92.912 Y141.593
G1 X93.120 Y141.544
G1 X93.387 Y141.169
G1 X93.422 Y140.883
G1 X93.267 Y140.068
G1 X92.752 Y139.218
G1 X93.056 Y139.137
G1 X93.297 Y138.941
G1 X93.465 Y138.659
G1 X93.547 Y138.318
G1 X94.177 Y138.428
G1 X94.277 Y138.363
G1 X94.277 Y138.006
G1 X94.167 Y137.913
G1 X93.507 Y137.793
G1 X93.363 Y137.418
G1 X93.130 Y137.123
G1 X92.838 Y136.932
G1 X92.517 Y136.868
G1 X92.081 Y136.965
G1 X91.782 Y137.253
G1 X91.610 Y137.725
G1 X91.552 Y138.368
G0 Z5.000 F500.000
G0 X92.177 Y137.983 F3000.000
G1 Z1.000 F500.000
G4 P100
G1 X92.285 Y137.548 F1000.000
G1 X92.537 Y137.398
G1 X92.812 Y137.528
G1 X92.972 Y137.903
G1 X92.735 Y138.178
G1 X92.672 Y138.728
G1 X92.473 Y138.678
G1 X92.315 Y138.526
G1 X92.177 Y137.983
G0 Z5.000 F500.000
G0 X92.212 Y138.878 F3000.000
G1 Z1.000 F500.000
G4 P100
G1 X92.888 Y140.383 F1000.000
G1 X92.937 Y140.768
G1 X92.900 Y141.013
G1 X92.797 Y141.098
G1 X92.580 Y140.801
G1 X92.362 Y139.993
G1 X92.212 Y138.878
G0 Z5.000 F500.000
G0 X94.075 Y139.693 F3000.000
G1 Z1.000 F500.000
G4 P100
G1 X94.270 Y140.418 F1000.000
G1 X94.540 Y141.033
G1 X94.877 Y141.453
G1 X95.272 Y141.593
G1 X95.487 Y141.538
G1 X95.650 Y141.371
G1 X95.753 Y141.100
G1 X95.787 Y140.733
G1 X95.705 Y140.091
G1 X95.457 Y139.353
G1 X95.069 Y138.572
G1 X94.562 Y137.798
G1 X94.677 Y137.506
G1 X94.887 Y137.418
G1 X95.247 Y137.536
G1 X95.777 Y138.008
G1 X95.880 Y137.948
G1 X95.917 Y137.783
G1 X95.822 Y137.473
G1 X95.355 Y137.038
G1 X95.085 Y136.911
G1 X94.782 Y136.868
G1 X94.399 Y136.968
G1 X94.130 Y137.268
G1 X93.970 Y137.727
G1 X93.917 Y138.303
G1 X94.075 Y139.693
G0 Z5.000 F500.000
G0 X94.527 Y138.473 F3000.000
G1 Z1.000 F500.000
G4 P100
G1 X95.092 Y139.646 F1000.000
G1 X95.250 Y140.208
G1 X95.302 Y140.718
G1 X95.267 Y141.003
G1 X95.162 Y141.098
G1 X94.902 Y140.683
G1 X94.647 Y139.653
G1 X94.527 Y138.473
G0 Z5.000 F500.000
G0 X95.755 Y138.843 F3000.000
G1 Z1.000 F500.000
G4 P100
G1 X96.259 Y139.180 F1000.000
G1 X96.829 Y139.180
G1 X97.032 Y139.051
G1 X97.164 Y138.848
G1 X97.207 Y138.583
G1 X97.145 Y138.263
G1 X96.960 Y137.991
G1 X96.627 Y137.769
G1 X96.122 Y137.598
G1 X96.304 Y137.426
G1 X96.597 Y137.368
G1 X97.110 Y137.526
G1 X97.742 Y138.008
G1 X97.845 Y137.948
G1 X97.882 Y137.783
G1 X97.787 Y137.473
G1 X97.265 Y137.058
G1 X96.915 Y136.916
G1 X96.542 Y136.868
G1 X96.076 Y136.940
G1 X95.727 Y137.153
G1 X95.510 Y137.491
G1 X95.437 Y137.933
G1 X95.582 Y138.576
G1 X95.755 Y138.843
G0 Z5.000 F500.000
G0 X96.170 Y138.518 F3000.000
G1 Z1.000 F500.000
G4 P100
G1 X96.042 Y137.998 F1000.000
G1 X96.507 Y138.198
G1 X96.677 Y138.523
G1 X96.625 Y138.676
G1 X96.482 Y138.733
G1 X96.312 Y138.680
G1 X96.170 Y138.518
G0 Z5.000 F500.000
G0 X86.832 Y131.299 F3000.000
G1 Z1.000 F500.000
G4 P100
G1 X86.972 Y130.786 F1000.000
G1 X86.817 Y129.971
G1 X86.302 Y129.121
G1 X86.606 Y129.040
G1 X86.847 Y128.844
G1 X87.015 Y128.562
G1 X87.097 Y128.221
G1 X87.727 Y128.331
G1 X87.827 Y128.266
G1 X87.862 Y128.101
G1 X87.827 Y127.909
G1 X87.717 Y127.816
G1 X87.057 Y127.696
G1 X86.913 Y127.321
G1 X86.680 Y127.026
G1 X86.388 Y126.835
G1 X86.067 Y126.771
G1 X85.631 Y126.868
G1 X85.332 Y127.156
G1 X85.160 Y127.628
G1 X85.102 Y128.271
G1 X85.262 Y129.674
G1 X85.459 Y130.375
G1 X85.730 Y130.964
G1 X86.067 Y131.363
G1 X86.462 Y131.496
G1 X86.670 Y131.447
G1 X86.832 Y131.299
G0 Z5.000 F500.000
G0 X86.347 Y131.001 F3000.000
G1 Z1.000 F500.000
G4 P100
G1 X86.130 Y130.704 F1000.000
G1 X85.912 Y129.896
G1 X85.762 Y128.781
G1 X86.438 Y130.286
G1 X86.487 Y130.671
G1 X86.450 Y130.916
G1 X86.347 Y131.001
G0 Z5.000 F500.000
G0 X86.222 Y128.631 F3000.000
G1 Z1.000 F500.000
G4 P100
G1 X86.023 Y128.581 F1000.000
G1 X85.865 Y128.429
G1 X85.727 Y127.886
G1 X85.835 Y127.451
G1 X86.087 Y127.301
G1 X86.362 Y127.431
G1 X86.522 Y127.806
G1 X86.285 Y128.081
G1 X86.222 Y128.631
G0 Z5.000 F500.000
G0 X87.414 Y127.976 F3000.000
G1 Z1.000 F500.000
G4 P100
G1 X87.768 Y128.666 F1000.000
G1 X88.045 Y128.919
G1 X88.362 Y129.082
G1 X88.697 Y129.136
G1 X88.845 Y129.094
G1 X88.907 Y128.941
G1 X89.311 Y128.918
G1 X89.372 Y128.786
G1 X89.182 Y127.486
G1 X89.220 Y127.366
G1 X89.317 Y127.321
G1 X89.547 Y127.444
G1 X90.047 Y127.911
G1 X90.150 Y127.851
G1 X90.187 Y127.686
G1 X90.092 Y127.376
G1 X89.657 Y126.946
G1 X89.212 Y126.771
G1 X88.910 Y126.884
G1 X88.702 Y127.191
G1 X88.409 Y126.876
G1 X88.047 Y126.771
G1 X87.769 Y126.828
G1 X87.552 Y126.996
G1 X87.414 Y127.256
G1 X87.414 Y127.976
G0 Z5.000 F500.000
G0 X87.992 Y127.581 F3000.000
G1 Z1.000 F500.000
G4 P100
G1 X88.055 Y127.351 F1000.000
G1 X88.227 Y127.276
G1 X88.437 Y127.406
G1 X88.582 Y127.751
G1 X88.767 Y128.671
G1 X88.380 Y128.514
G1 X88.097 Y128.111
G1 X87.992 Y127.581
G0 Z5.000 F500.000
G0 X89.557 Y127.431 F3000.000
G1 Z1.000 F500.000
G4 P100
G1 X90.037 Y128.071 F1000.000
G1 X90.462 Y128.961
G1 X90.609 Y129.126
G1 X90.857 Y129.181
G1 X91.052 Y129.156
G1 X91.107 Y129.076
G1 X90.942 Y128.546
G1 X91.400 Y127.799
G1 X91.472 Y127.336
G1 X92.182 Y127.911
G1 X92.285 Y127.851
G1 X92.322 Y127.686
G1 X92.227 Y127.376
G1 X91.750 Y126.954
G1 X90.712 Y126.661
G1 X90.315 Y126.781
G1 X90.177 Y127.051
G1 X90.272 Y127.276
G1 X90.552 Y127.371
G1 X90.837 Y127.341
G1 X90.780 Y127.586
G1 X90.497 Y127.996
G1 X89.857 Y127.136
G1 X89.667 Y127.046
G1 X89.537 Y127.104
G1 X89.487 Y127.246
G1 X89.557 Y127.431
G0 Z5.000 F500.000
G0 X91.842 Y127.836 F3000.000
G1 Z1.000 F500.000
G4 P100
G1 X91.987 Y128.479 F1000.000
G1 X92.160 Y128.746
G1 X92.664 Y129.083
G1 X92.972 Y129.126
G1 X93.234 Y129.083
G1 X93.437 Y128.954
G1 X93.569 Y128.751
G1 X93.612 Y128.486
G1 X93.550 Y128.166
G1 X93.365 Y127.894
G1 X93.032 Y127.672
G1 X92.527 Y127.501
G1 X92.709 Y127.329
G1 X93.002 Y127.271
G1 X93.515 Y127.429
G1 X94.147 Y127.911
G1 X94.250 Y127.851
G1 X94.287 Y127.686
G1 X94.192 Y127.376
G1 X93.670 Y126.961
G1 X92.947 Y126.771
G1 X92.481 Y126.843
G1 X92.132 Y127.056
G1 X91.915 Y127.394
G1 X91.842 Y127.836
G0 Z5.000 F500.000
G0 X92.447 Y127.901 F3000.000
G1 Z1.000 F500.000
G4 P100
G1 X92.912 Y128.101 F1000.000
G1 X93.040 Y128.253
G1 X93.030 Y128.579
G1 X92.887 Y128.636
G1 X92.717 Y128.583
G1 X92.575 Y128.421
G1 X92.447 Y127.901
G0 Z5.000 F500.000
G0 X93.917 Y128.206 F3000.000
G1 Z1.000 F500.000
G4 P100
G1 X94.075 Y129.596 F1000.000
G1 X94.270 Y130.321
G1 X94.540 Y130.936
G1 X94.877 Y131.356
G1 X95.272 Y131.496
G1 X95.487 Y131.441
G1 X95.650 Y131.274
G1 X95.753 Y131.003
G1 X95.787 Y130.636
G1 X95.705 Y129.994
G1 X95.457 Y129.256
G1 X95.069 Y128.475
G1 X94.562 Y127.701
G1 X94.677 Y127.409
G1 X94.887 Y127.321
G1 X95.247 Y127.439
G1 X95.777 Y127.911
G1 X95.880 Y127.851
G1 X95.917 Y127.686
G1 X95.822 Y127.376
G1 X95.355 Y126.941
G1 X95.085 Y126.814
G1 X94.782 Y126.771
G1 X94.399 Y126.871
G1 X94.130 Y127.171
G1 X93.970 Y127.630
G1 X93.917 Y128.206
G0 Z5.000 F500.000
G0 X94.527 Y128.376 F3000.000
G1 Z1.000 F500.000
G4 P100
G1 X95.092 Y129.549 F1000.000
G1 X95.250 Y130.111
G1 X95.302 Y130.621
G1 X95.267 Y130.906
G1 X95.162 Y131.001
G1 X94.902 Y130.586
G1 X94.647 Y129.556
G1 X94.527 Y128.376
G0 Z5.000 F500.000
G0 X95.747 Y129.826 F3000.000
G1 Z1.000 F500.000
G4 P100
G1 X95.885 Y130.119 F1000.000
G1 X96.227 Y130.236
G1 X96.527 Y130.146
G1 X96.642 Y129.891
G1 X96.512 Y129.574
G1 X96.167 Y129.456
G1 X95.852 Y129.554
G1 X95.747 Y129.826
G0 Z5.000 F500.000
G0 X96.072 Y129.126 F3000.000
G1 Z1.000 F500.000
G4 P100
G1 X96.264 Y129.084 F1000.000
G1 X96.327 Y128.956
G1 X96.112 Y127.631
G1 X96.152 Y127.401
G1 X96.287 Y127.321
G1 X96.512 Y127.446
G1 X97.007 Y127.911
G1 X97.110 Y127.851
G1 X97.147 Y127.686
G1 X97.052 Y127.376
G1 X96.574 Y126.923
G1 X96.127 Y126.771
G1 X95.847 Y126.829
G1 X95.655 Y127.001
G1 X95.507 Y127.611
G1 X95.712 Y128.846
G1 X95.832 Y129.066
G1 X96.072 Y129.126
G0 Z5.000 F500.000
G0 X96.937 Y128.846 F3000.000
G1 Z1.000 F500.000
G4 P100
G1 X97.085 Y129.059 F1000.000
G1 X97.512 Y129.101
G1 X97.552 Y129.006
G1 X97.347 Y127.926
G1 X97.717 Y128.626
G1 X98.120 Y129.011
G1 X98.482 Y129.126
G1 X98.726 Y129.045
G1 X98.807 Y128.801
G1 X98.602 Y127.521
G1 X98.639 Y127.371
G1 X98.747 Y127.321
G1 X98.985 Y127.444
G1 X99.487 Y127.911
G1 X99.590 Y127.851
G1 X99.627 Y127.686
G1 X99.532 Y127.376
G1 X99.070 Y126.941
G1 X98.805 Y126.814
G1 X98.284 Y126.808
G1 X98.025 Y127.100
G1 X97.992 Y127.346
G1 X98.127 Y128.281
G1 X98.072 Y128.361
G1 X97.890 Y128.194
G1 X97.650 Y127.751
G1 X97.325 Y126.854
G1 X97.097 Y126.771
G1 X96.935 Y126.821
G1 X96.830 Y126.971
G1 X96.752 Y127.611
G1 X96.937 Y128.846
G0 Z5.000 F500.000
G0 X99.147 Y127.836 F3000.000
G1 Z1.000 F500.000
G4 P100
G1 X99.292 Y128.479 F1000.000
G1 X99.465 Y128.746
G1 X99.969 Y129.083
G1 X100.277 Y129.126
G1 X100.539 Y129.083
G1 X100.742 Y128.954
G1 X100.874 Y128.751
G1 X100.917 Y128.486
G1 X100.855 Y128.166
G1 X100.670 Y127.894
G1 X100.337 Y127.672
G1 X99.832 Y127.501
G1 X100.014 Y127.329
G1 X100.307 Y127.271
G1 X100.820 Y127.429
G1 X101.452 Y127.911
G1 X101.555 Y127.851
G1 X101.592 Y127.686
G1 X101.497 Y127.376
G1 X100.975 Y126.961
G1 X100.252 Y126.771
G1 X99.786 Y126.843
G1 X99.437 Y127.056
G1 X99.220 Y127.394
G1 X99.147 Y127.836
G0 Z5.000 F500.000
G0 X99.752 Y127.901 F3000.000
G1 Z1.000 F500.000
G4 P100
G1 X100.217 Y128.101 F1000.000
G1 X100.345 Y128.253
G1 X100.335 Y128.579
G1 X100.192 Y128.636
G1 X100.022 Y128.583
G1 X99.880 Y128.421
G1 X99.752 Y127.901
G0 Z5.000 F500.000
G0 X115.229 Y177.241 F3000.000
G1 Z1.000 F500.000
G4 P100
G1 X115.097 Y177.314 F1000.000
G1 X115.044 Y177.531
G1 X115.119 Y177.779
G1 X115.997 Y178.319
G1 X116.482 Y178.821
G1 X116.664 Y179.336
G1 X116.577 Y179.624
G1 X116.299 Y179.716
G1 X115.947 Y179.596
G1 X115.740 Y179.040
G1 X115.519 Y178.966
G1 X115.302 Y179.046
G1 X115.224 Y179.276
G1 X115.354 Y179.736
G1 X115.744 Y180.074
G1 X116.379 Y180.201
G1 X116.780 Y180.145
G1 X117.084 Y179.976
G1 X117.275 Y179.708
G1 X117.339 Y179.351
G1 X117.256 Y178.963
G1 X117.007 Y178.556
G1 X116.601 Y178.165
G1 X116.049 Y177.821
G1 X117.194 Y177.841
G1 X117.354 Y177.771
G1 X117.409 Y177.596
G1 X117.327 Y177.364
G1 X117.104 Y177.261
G1 X115.639 Y177.331
G1 X115.229 Y177.241
G0 Z5.000 F500.000
G0 X117.844 Y177.531 F3000.000
G1 Z1.000 F500.000
G4 P100
G1 X117.919 Y177.779 F1000.000
G1 X118.797 Y178.319
G1 X119.282 Y178.821
G1 X119.464 Y179.336
G1 X119.377 Y179.624
G1 X119.099 Y179.716
G1 X118.747 Y179.596
G1 X118.540 Y179.040
G1 X118.319 Y178.966
G1 X118.102 Y179.046
G1 X118.024 Y179.276
G1 X118.154 Y179.736
G1 X118.544 Y180.074
G1 X119.179 Y180.201
G1 X119.580 Y180.145
G1 X119.884 Y179.976
G1 X120.075 Y179.708
G1 X120.139 Y179.351
G1 X120.056 Y178.963
G1 X119.807 Y178.556
G1 X119.401 Y178.165
G1 X118.849 Y177.821
G1 X119.994 Y177.841
G1 X120.154 Y177.771
G1 X120.209 Y177.596
G1 X120.127 Y177.364
G1 X119.904 Y177.261
G1 X118.439 Y177.331
G1 X118.029 Y177.241
G1 X117.897 Y177.314
G1 X117.844 Y177.531
G0 Z5.000 F500.000
G0 X120.554 Y177.691 F3000.000
G1 Z1.000 F500.000
G4 P100
G1 X120.682 Y178.051 F1000.000
G1 X121.039 Y178.186
G1 X121.372 Y178.079
G1 X121.484 Y177.761
G1 X121.354 Y177.394
G1 X120.999 Y177.256
G1 X120.667 Y177.376
G1 X120.554 Y177.691
G0 Z5.000 F500.000
G0 X121.929 Y177.531 F3000.000
G1 Z1.000 F500.000
G4 P100
G1 X122.004 Y177.779 F1000.000
G1 X122.882 Y178.319
G1 X123.367 Y178.821
G1 X123.549 Y179.336
G1 X123.462 Y179.624
G1 X123.184 Y179.716
G1 X122.832 Y179.596
G1 X122.625 Y179.040
G1 X122.404 Y178.966
G1 X122.187 Y179.046
G1 X122.109 Y179.276
G1 X122.239 Y179.736
G1 X122.629 Y180.074
G1 X123.264 Y180.201
G1 X123.665 Y180.145
G1 X123.969 Y179.976
G1 X124.160 Y179.708
G1 X124.224 Y179.351
G1 X124.141 Y178.963
G1 X123.892 Y178.556
G1 X123.486 Y178.165
G1 X122.934 Y177.821
G1 X124.079 Y177.841
G1 X124.239 Y177.771
G1 X124.294 Y177.596
G1 X124.212 Y177.364
G1 X123.989 Y177.261
G1 X122.524 Y177.331
G1 X122.114 Y177.241
G1 X121.982 Y177.314
G1 X121.929 Y177.531
G0 Z5.000 F500.000
G0 X27.121 Y114.117 F3000.000
G1 Z1.000 F500.000
G4 P100
G1 X27.322 Y113.728 F1000.000
G1 X27.389 Y113.202
G1 X27.349 Y112.726
G1 X27.042 Y111.965
G1 X26.791 Y111.707
G1 X26.486 Y111.546
G1 X26.134 Y111.492
G1 X25.699 Y111.572
G1 X25.376 Y111.812
G1 X25.176 Y112.201
G1 X25.109 Y112.727
G1 X25.148 Y113.203
G1 X25.455 Y113.964
G1 X25.706 Y114.222
G1 X26.012 Y114.383
G1 X26.364 Y114.437
G1 X26.798 Y114.357
G1 X27.121 Y114.117
G0 Z5.000 F500.000
G0 X26.507 Y113.831 F3000.000
G1 Z1.000 F500.000
G4 P100
G1 X26.314 Y113.877 F1000.000
G1 X26.072 Y113.801
G1 X25.889 Y113.575
G1 X25.772 Y113.219
G1 X25.734 Y112.757
G1 X25.846 Y112.232
G1 X25.987 Y112.097
G1 X26.184 Y112.052
G1 X26.425 Y112.127
G1 X26.609 Y112.352
G1 X26.725 Y112.706
G1 X26.764 Y113.167
G1 X26.649 Y113.695
G1 X26.507 Y113.831
G0 Z5.000 F500.000
G0 X27.794 Y114.072 F3000.000
G1 Z1.000 F500.000
G4 P100
G1 X27.876 Y114.305 F1000.000
G1 X28.099 Y114.407
G1 X29.564 Y114.337
G1 X29.974 Y114.427
G1 X30.106 Y114.355
G1 X30.159 Y114.137
G1 X30.104 Y113.935
G1 X29.399 Y113.341
G1 X29.111 Y112.897
G1 X28.746 Y111.587
G1 X28.514 Y111.492
G1 X28.279 Y111.590
G1 X28.184 Y111.932
G1 X28.291 Y112.560
G1 X28.636 Y113.242
G1 X29.239 Y113.847
G1 X28.009 Y113.827
G1 X27.849 Y113.897
G1 X27.794 Y114.072
G0 Z5.000 F500.000
G0 X54.920 Y112.052 F3000.000
G1 Z1.000 F500.000
G4 P100
G1 X54.973 Y112.329 F1000.000
G1 X55.130 Y112.550
G1 X55.377 Y112.694
G1 X55.695 Y112.742
G1 X56.120 Y112.677
G1 X56.293 Y113.685
G1 X56.600 Y114.482
G1 X56.765 Y114.692
G1 X57.000 Y114.757
G1 X57.210 Y114.702
G1 X57.285 Y114.557
G1 X57.028 Y113.867
G1 X56.715 Y112.432
G1 X57.243 Y112.205
G1 X57.715 Y112.122
G1 X58.025 Y112.176
G1 X58.293 Y112.337
G1 X58.675 Y112.942
G1 X58.810 Y113.852
G1 X58.732 Y114.467
G1 X58.495 Y114.902
G1 X58.099 Y115.161
G1 X57.540 Y115.247
G1 X56.738 Y115.127
G1 X55.865 Y114.747
G1 X55.728 Y114.815
G1 X55.675 Y114.997
G1 X55.715 Y115.192
G1 X55.850 Y115.337
G1 X56.633 Y115.687
G1 X57.555 Y115.817
G1 X58.407 Y115.690
G1 X58.748 Y115.532
G1 X59.257 Y115.028
G1 X59.417 Y114.689
G1 X59.545 Y113.842
G1 X59.490 Y113.216
G1 X59.325 Y112.650
G1 X59.063 Y112.169
G1 X58.715 Y111.802
G1 X58.300 Y111.570
G1 X57.835 Y111.492
G1 X57.383 Y111.542
G1 X56.555 Y111.957
G1 X56.195 Y111.572
G1 X55.635 Y111.442
G1 X55.315 Y111.483
G1 X55.093 Y111.605
G1 X54.964 Y111.798
G1 X54.920 Y112.052
G0 Z5.000 F500.000
G0 X55.440 Y112.077 F3000.000
G1 Z1.000 F500.000
G4 P100
G1 X55.497 Y111.946 F1000.000
G1 X55.665 Y111.902
G1 X55.908 Y111.975
G1 X56.050 Y112.217
G1 X55.700 Y112.292
G1 X55.508 Y112.227
G1 X55.440 Y112.077
G0 Z5.000 F500.000
G0 X59.665 Y112.147 F3000.000
G1 Z1.000 F500.000
G4 P100
G1 X59.780 Y112.552 F1000.000
G1 X60.105 Y112.707
G1 X60.248 Y112.667
G1 X60.285 Y112.557
G1 X60.268 Y112.092
G1 X60.335 Y112.047
G1 X60.448 Y112.122
G1 X61.285 Y113.760
G1 X61.585 Y113.837
G1 X61.865 Y113.762
G1 X61.955 Y113.517
G1 X61.979 Y112.148
G1 X62.140 Y112.017
G1 X62.318 Y112.102
G1 X62.850 Y112.632
G1 X62.953 Y112.572
G1 X62.990 Y112.407
G1 X62.895 Y112.097
G1 X62.608 Y111.785
G1 X62.308 Y111.580
G1 X61.905 Y111.492
G1 X61.653 Y111.550
G1 X61.485 Y111.725
G1 X61.392 Y112.016
G1 X61.380 Y112.882
G1 X61.150 Y112.293
G1 X60.878 Y111.857
G1 X60.565 Y111.587
G1 X60.210 Y111.497
G1 X59.983 Y111.543
G1 X59.810 Y111.682
G1 X59.665 Y112.147
G0 Z5.000 F500.000
G0 X62.645 Y112.217 F3000.000
G1 Z1.000 F500.000
G4 P100
G1 X62.695 Y112.905 F1000.000
G1 X62.860 Y113.567
G1 X63.000 Y113.782
G1 X63.285 Y113.847
G1 X63.438 Y113.812
G1 X63.480 Y113.707
G1 X63.270 Y112.255
G1 X63.350 Y112.212
G1 X63.538 Y112.362
G1 X64.148 Y113.782
G1 X64.395 Y113.847
G1 X64.555 Y113.820
G1 X64.600 Y113.717
G1 X64.335 Y112.242
G1 X64.375 Y112.095
G1 X64.480 Y112.042
G1 X64.718 Y112.165
G1 X65.220 Y112.632
G1 X65.323 Y112.572
G1 X65.360 Y112.407
G1 X65.265 Y112.097
G1 X64.803 Y111.662
G1 X64.240 Y111.492
G1 X64.032 Y111.538
G1 X63.888 Y111.677
G1 X63.775 Y112.197
G1 X63.520 Y111.675
G1 X63.155 Y111.492
G1 X62.951 Y111.544
G1 X62.681 Y111.933
G1 X62.645 Y112.217
G0 Z5.000 F500.000
G0 X64.965 Y112.332 F3000.000
G1 Z1.000 F500.000
G4 P100
G1 X65.150 Y113.567 F1000.000
G1 X65.295 Y113.780
G1 X65.585 Y113.847
G1 X65.725 Y113.822
G1 X65.765 Y113.727
G1 X65.615 Y112.967
G1 X66.255 Y112.967
G1 X66.523 Y113.782
G1 X66.930 Y113.820
G1 X66.975 Y113.717
G1 X66.710 Y112.242
G1 X66.750 Y112.095
G1 X66.855 Y112.042
G1 X67.093 Y112.165
G1 X67.595 Y112.632
G1 X67.698 Y112.572
G1 X67.735 Y112.407
G1 X67.640 Y112.097
G1 X67.168 Y111.662
G1 X66.615 Y111.492
G1 X66.394 Y111.532
G1 X66.250 Y111.652
G1 X66.145 Y112.132
G1 X66.170 Y112.457
G1 X65.560 Y112.467
G1 X65.535 Y111.732
G1 X65.475 Y111.550
G1 X65.310 Y111.492
G1 X65.149 Y111.542
G1 X65.043 Y111.692
G1 X64.965 Y112.332
G0 Z5.000 F500.000
G0 X67.418 Y111.692 F3000.000
G1 Z1.000 F500.000
G4 P100
G1 X67.340 Y112.332 F1000.000
G1 X67.387 Y112.966
G1 X67.525 Y113.567
G1 X67.670 Y113.780
G1 X67.960 Y113.847
G1 X68.100 Y113.822
G1 X68.140 Y113.727
G1 X67.990 Y112.967
G1 X68.630 Y112.967
G1 X68.898 Y113.782
G1 X69.305 Y113.820
G1 X69.350 Y113.717
G1 X69.085 Y112.242
G1 X69.125 Y112.095
G1 X69.230 Y112.042
G1 X69.468 Y112.165
G1 X69.970 Y112.632
G1 X70.073 Y112.572
G1 X70.110 Y112.407
G1 X70.015 Y112.097
G1 X69.543 Y111.662
G1 X68.990 Y111.492
G1 X68.769 Y111.532
G1 X68.625 Y111.652
G1 X68.520 Y112.132
G1 X68.545 Y112.457
G1 X67.935 Y112.467
G1 X67.850 Y111.550
G1 X67.685 Y111.492
G1 X67.524 Y111.542
G1 X67.418 Y111.692
G0 Z5.000 F500.000
G0 X69.687 Y111.977 F3000.000
G1 Z1.000 F500.000
G4 P100
G1 X69.687 Y112.696 F1000.000
G1 X70.041 Y113.387
G1 X70.635 Y113.803
G1 X70.970 Y113.857
G1 X71.118 Y113.815
G1 X71.180 Y113.662
G1 X71.584 Y113.638
G1 X71.645 Y113.507
G1 X71.455 Y112.207
G1 X71.493 Y112.087
G1 X71.590 Y112.042
G1 X71.820 Y112.165
G1 X72.320 Y112.632
G1 X72.423 Y112.572
G1 X72.460 Y112.407
G1 X72.365 Y112.097
G1 X71.930 Y111.667
G1 X71.485 Y111.492
G1 X71.183 Y111.605
G1 X70.975 Y111.912
G1 X70.682 Y111.597
G1 X70.320 Y111.492
G1 X70.042 Y111.548
G1 X69.825 Y111.717
G1 X69.687 Y111.977
G0 Z5.000 F500.000
G0 X70.328 Y112.072 F3000.000
G1 Z1.000 F500.000
G4 P100
G1 X70.500 Y111.997 F1000.000
G1 X70.710 Y112.127
G1 X70.855 Y112.472
G1 X71.040 Y113.392
G1 X70.653 Y113.235
G1 X70.370 Y112.832
G1 X70.265 Y112.302
G1 X70.328 Y112.072
G0 Z5.000 F500.000
G0 X71.820 Y112.147 F3000.000
G1 Z1.000 F500.000
G4 P100
G1 X71.938 Y112.557 F1000.000
G1 X72.260 Y112.707
G1 X72.395 Y112.671
G1 X72.440 Y112.562
G1 X72.490 Y112.107
G1 X72.680 Y112.002
G1 X72.995 Y112.100
G1 X73.310 Y112.377
G1 X72.976 Y112.425
G1 X72.768 Y112.567
G1 X72.635 Y112.790
G1 X72.590 Y113.077
G1 X72.644 Y113.405
G1 X72.805 Y113.650
G1 X73.063 Y113.801
G1 X73.405 Y113.852
G1 X73.960 Y113.767
G1 X74.190 Y113.842
G1 X74.348 Y113.795
G1 X74.395 Y113.667
G1 X74.190 Y112.672
G1 X74.188 Y112.095
G1 X74.295 Y112.042
G1 X74.525 Y112.157
G1 X75.035 Y112.632
G1 X75.138 Y112.572
G1 X75.175 Y112.407
G1 X75.080 Y112.097
G1 X74.580 Y111.642
G1 X74.105 Y111.492
G1 X73.790 Y111.637
G1 X73.680 Y112.052
G1 X73.710 Y112.367
G1 X73.174 Y111.711
G1 X72.860 Y111.547
G1 X72.515 Y111.492
G1 X72.235 Y111.537
G1 X72.013 Y111.672
G1 X71.869 Y111.881
G1 X71.820 Y112.147
G0 Z5.000 F500.000
G0 X73.198 Y112.847 F3000.000
G1 Z1.000 F500.000
G4 P100
G1 X73.575 Y112.762 F1000.000
G1 X73.845 Y113.392
G1 X73.525 Y113.447
G1 X73.215 Y113.352
G1 X73.105 Y113.082
G1 X73.198 Y112.847
G0 Z5.000 F500.000
G0 X57.288 Y102.475 F3000.000
G1 Z1.000 F500.000
G4 P100
G1 X57.325 Y102.310 F1000.000
G1 X57.230 Y102.000
G1 X56.972 Y101.743
G1 X56.668 Y101.553
G1 X56.035 Y101.395
G1 X55.600 Y101.464
G1 X55.273 Y101.673
G1 X55.069 Y101.994
G1 X55.000 Y102.405
G1 X55.040 Y102.785
G1 X55.344 Y103.385
G1 X55.575 Y103.585
G1 X56.110 Y103.750
G1 X56.538 Y103.588
G1 X56.690 Y103.170
G1 X56.598 Y102.815
G1 X56.355 Y102.670
G1 X56.203 Y102.715
G1 X56.145 Y102.840
G1 X56.163 Y103.225
G1 X56.070 Y103.260
G1 X55.855 Y103.158
G1 X55.695 Y102.880
G1 X55.635 Y102.495
G1 X55.762 Y102.060
G1 X56.140 Y101.915
G1 X56.583 Y102.053
G1 X57.185 Y102.535
G1 X57.288 Y102.475
G0 Z5.000 F500.000
G0 X57.525 Y102.555 F3000.000
G1 Z1.000 F500.000
G4 P100
G1 X57.848 Y103.215 F1000.000
G1 X58.233 Y103.618
G1 X58.605 Y103.750
G1 X58.853 Y103.670
G1 X58.925 Y103.425
G1 X58.775 Y102.575
G1 X59.039 Y103.106
G1 X59.330 Y103.470
G1 X59.625 Y103.680
G1 X59.900 Y103.750
G1 X60.144 Y103.669
G1 X60.225 Y103.425
G1 X60.020 Y102.145
G1 X60.057 Y101.995
G1 X60.165 Y101.945
G1 X60.403 Y102.068
G1 X60.905 Y102.535
G1 X61.008 Y102.475
G1 X61.045 Y102.310
G1 X60.950 Y102.000
G1 X60.488 Y101.565
G1 X60.224 Y101.438
G1 X59.702 Y101.432
G1 X59.443 Y101.723
G1 X59.410 Y101.970
G1 X59.545 Y102.905
G1 X59.490 Y102.985
G1 X59.305 Y102.818
G1 X59.065 Y102.375
G1 X58.743 Y101.475
G1 X58.510 Y101.395
G1 X58.263 Y101.553
G1 X58.180 Y101.935
G1 X58.270 Y102.905
G1 X58.215 Y102.985
G1 X58.025 Y102.805
G1 X57.803 Y102.345
G1 X57.503 Y101.478
G1 X57.275 Y101.395
G1 X57.114 Y101.445
G1 X57.008 Y101.595
G1 X56.930 Y102.235
G1 X56.977 Y102.869
G1 X57.115 Y103.470
G1 X57.263 Y103.683
G1 X57.550 Y103.750
G1 X57.690 Y103.725
G1 X57.730 Y103.630
G1 X57.525 Y102.555
G0 Z5.000 F500.000
G0 X60.317 Y101.698 F3000.000
G1 Z1.000 F500.000
G4 P100
G1 X60.725 Y102.450 F1000.000
G1 X60.715 Y103.465
G1 X60.830 Y103.695
G1 X61.130 Y103.780
G1 X61.283 Y103.738
G1 X61.340 Y103.385
G1 X61.655 Y103.673
G1 X61.985 Y103.760
G1 X62.240 Y103.704
G1 X62.443 Y103.535
G1 X62.576 Y103.275
G1 X62.620 Y102.945
G1 X62.535 Y102.430
G1 X62.300 Y101.975
G1 X62.475 Y101.945
G1 X62.790 Y102.065
G1 X63.310 Y102.535
G1 X63.413 Y102.475
G1 X63.450 Y102.310
G1 X63.355 Y102.000
G1 X62.893 Y101.565
G1 X62.629 Y101.438
G1 X62.090 Y101.443
G1 X61.900 Y101.585
G1 X61.305 Y101.395
G1 X61.199 Y100.509
G1 X61.010 Y99.783
G1 X60.727 Y99.297
G1 X60.335 Y99.135
G1 X60.100 Y99.184
G1 X59.935 Y99.330
G1 X59.805 Y99.870
G1 X60.030 Y101.013
G1 X60.317 Y101.698
G0 Z5.000 F500.000
G0 X60.375 Y100.720 F3000.000
G1 Z1.000 F500.000
G4 P100
G1 X60.250 Y99.955 F1000.000
G1 X60.288 Y99.710
G1 X60.375 Y99.625
G1 X60.499 Y99.772
G1 X60.600 Y100.213
G1 X60.715 Y101.675
G1 X60.375 Y100.720
G0 Z5.000 F500.000
G0 X61.330 Y101.875 F3000.000
G1 Z1.000 F500.000
G4 P100
G1 X61.663 Y102.073 F1000.000
G1 X61.905 Y102.463
G1 X61.995 Y102.950
G1 X61.935 Y103.178
G1 X61.775 Y103.255
G1 X61.577 Y103.160
G1 X61.340 Y102.875
G1 X61.330 Y101.875
G0 Z5.000 F500.000
G0 X62.970 Y102.445 F3000.000
G1 Z1.000 F500.000
G4 P100
G1 X63.115 Y103.123 F1000.000
G1 X63.288 Y103.388
G1 X63.784 Y103.713
G1 X64.080 Y103.755
G1 X64.424 Y103.689
G1 X64.693 Y103.493
G1 X64.877 Y103.199
G1 X64.965 Y102.845
G1 X65.595 Y102.955
G1 X65.695 Y102.890
G1 X65.730 Y102.725
G1 X65.694 Y102.534
G1 X65.585 Y102.440
G1 X64.925 Y102.320
G1 X64.784 Y101.942
G1 X64.550 Y101.648
G1 X64.252 Y101.458
G1 X63.915 Y101.395
G1 X63.403 Y101.540
G1 X63.080 Y101.925
G1 X62.970 Y102.445
G0 Z5.000 F500.000
G0 X63.703 Y102.070 F3000.000
G1 Z1.000 F500.000
G4 P100
G1 X63.955 Y101.925 F1000.000
G1 X64.233 Y102.055
G1 X64.390 Y102.430
G1 X64.153 Y102.705
G1 X64.085 Y103.225
G1 X63.884 Y103.177
G1 X63.728 Y103.033
G1 X63.629 Y102.801
G1 X63.595 Y102.490
G1 X63.703 Y102.070
G0 Z5.000 F500.000
G0 X65.310 Y102.235 F3000.000
G1 Z1.000 F500.000
G4 P100
G1 X65.495 Y103.470 F1000.000
G1 X65.643 Y103.683
G1 X65.930 Y103.750
G1 X66.070 Y103.725
G1 X66.110 Y103.630
G1 X65.895 Y102.450
G1 X66.099 Y103.050
G1 X66.350 Y103.450
G1 X66.654 Y103.675
G1 X67.015 Y103.750
G1 X67.423 Y103.588
G1 X67.570 Y103.170
G1 X67.478 Y102.815
G1 X67.235 Y102.670
G1 X67.083 Y102.715
G1 X67.025 Y102.840
G1 X67.043 Y103.226
G1 X66.945 Y103.260
G1 X66.750 Y103.158
G1 X66.598 Y102.883
G1 X66.540 Y102.510
G1 X66.665 Y102.078
G1 X67.025 Y101.915
G1 X67.355 Y102.038
G1 X67.890 Y102.535
G1 X67.993 Y102.475
G1 X68.030 Y102.310
G1 X67.935 Y102.000
G1 X67.485 Y101.563
G1 X66.975 Y101.395
G1 X66.548 Y101.498
G1 X66.235 Y101.745
G1 X66.080 Y102.025
G1 X65.878 Y101.470
G1 X65.655 Y101.395
G1 X65.494 Y101.445
G1 X65.388 Y101.595
G1 X65.310 Y102.235
G0 Z5.000 F500.000
G0 X67.607 Y101.880 F3000.000
G1 Z1.000 F500.000
G4 P100
G1 X67.607 Y102.599 F1000.000
G1 X67.961 Y103.290
G1 X68.555 Y103.706
G1 X68.890 Y103.760
G1 X69.038 Y103.718
G1 X69.100 Y103.565
G1 X69.504 Y103.541
G1 X69.565 Y103.410
G1 X69.375 Y102.110
G1 X69.413 Y101.990
G1 X69.510 Y101.945
G1 X69.740 Y102.068
G1 X70.240 Y102.535
G1 X70.343 Y102.475
G1 X70.380 Y102.310
G1 X70.285 Y102.000
G1 X69.850 Y101.570
G1 X69.405 Y101.395
G1 X69.103 Y101.508
G1 X68.895 Y101.815
G1 X68.602 Y101.500
G1 X68.240 Y101.395
G1 X67.962 Y101.451
G1 X67.745 Y101.620
G1 X67.607 Y101.880
G0 Z5.000 F500.000
G0 X68.248 Y101.975 F3000.000
G1 Z1.000 F500.000
G4 P100
G1 X68.420 Y101.900 F1000.000
G1 X68.630 Y102.030
G1 X68.775 Y102.375
G1 X68.960 Y103.295
G1 X68.573 Y103.138
G1 X68.290 Y102.735
G1 X68.185 Y102.205
G1 X68.248 Y101.975
G0 Z5.000 F500.000
G0 X56.953 Y93.451 F3000.000
G1 Z1.000 F500.000
G4 P100
G1 X57.000 Y93.208 F1000.000
G1 X56.785 Y91.858
G1 X57.640 Y92.428
G1 X57.743 Y92.366
G1 X57.745 Y92.028
G1 X56.685 Y91.268
G1 X56.466 Y90.344
G1 X56.188 Y89.641
G1 X55.839 Y89.196
G1 X55.405 Y89.048
G1 X55.174 Y89.087
G1 X54.870 Y89.387
G1 X54.830 Y89.618
G1 X54.900 Y89.986
G1 X55.110 Y90.381
G1 X55.513 Y90.835
G1 X56.160 Y91.383
G1 X56.190 Y91.578
G1 X55.968 Y91.371
G1 X55.695 Y91.298
G1 X55.417 Y91.354
G1 X55.200 Y91.523
G1 X55.062 Y91.783
G1 X55.015 Y92.113
G1 X55.200 Y92.871
G1 X55.416 Y93.193
G1 X56.010 Y93.609
G1 X56.345 Y93.663
G1 X56.493 Y93.621
G1 X56.555 Y93.468
G1 X56.953 Y93.451
G0 Z5.000 F500.000
G0 X56.405 Y93.198 F3000.000
G1 Z1.000 F500.000
G4 P100
G1 X56.025 Y93.041 F1000.000
G1 X55.745 Y92.638
G1 X55.640 Y92.108
G1 X55.703 Y91.878
G1 X55.875 Y91.803
G1 X56.095 Y91.943
G1 X56.405 Y93.198
G0 Z5.000 F500.000
G0 X56.045 Y90.788 F3000.000
G1 Z1.000 F500.000
G4 P100
G1 X55.490 Y90.193 F1000.000
G1 X55.320 Y89.728
G1 X55.353 Y89.588
G1 X55.460 Y89.533
G1 X55.594 Y89.608
G1 X55.743 Y89.833
G1 X56.045 Y90.788
G0 Z5.000 F500.000
G0 X57.833 Y91.443 F3000.000
G1 Z1.000 F500.000
G4 P100
G1 X57.510 Y91.828 F1000.000
G1 X57.400 Y92.348
G1 X57.545 Y93.026
G1 X57.945 Y93.491
G1 X58.510 Y93.658
G1 X58.854 Y93.592
G1 X59.123 Y93.396
G1 X59.307 Y93.102
G1 X59.395 Y92.748
G1 X60.025 Y92.858
G1 X60.125 Y92.793
G1 X60.124 Y92.437
G1 X60.015 Y92.343
G1 X59.355 Y92.223
G1 X59.214 Y91.845
G1 X58.980 Y91.551
G1 X58.682 Y91.361
G1 X58.345 Y91.298
G1 X57.833 Y91.443
G0 Z5.000 F500.000
G0 X58.385 Y91.828 F3000.000
G1 Z1.000 F500.000
G4 P100
G1 X58.663 Y91.958 F1000.000
G1 X58.820 Y92.333
G1 X58.583 Y92.608
G1 X58.515 Y93.128
G1 X58.314 Y93.080
G1 X58.158 Y92.936
G1 X58.025 Y92.393
G1 X58.133 Y91.973
G1 X58.385 Y91.828
G0 Z5.000 F500.000
G0 X59.495 Y91.953 F3000.000
G1 Z1.000 F500.000
G4 P100
G1 X59.610 Y92.358 F1000.000
G1 X59.935 Y92.513
G1 X60.078 Y92.473
G1 X60.115 Y92.363
G1 X60.098 Y91.898
G1 X60.165 Y91.853
G1 X60.278 Y91.928
G1 X61.115 Y93.566
G1 X61.415 Y93.643
G1 X61.695 Y93.568
G1 X61.785 Y93.323
G1 X61.809 Y91.954
G1 X61.970 Y91.823
G1 X62.148 Y91.908
G1 X62.680 Y92.438
G1 X62.783 Y92.378
G1 X62.820 Y92.213
G1 X62.725 Y91.903
G1 X62.438 Y91.591
G1 X62.138 Y91.386
G1 X61.735 Y91.298
G1 X61.483 Y91.356
G1 X61.315 Y91.531
G1 X61.222 Y91.822
G1 X61.210 Y92.688
G1 X60.980 Y92.099
G1 X60.708 Y91.663
G1 X60.395 Y91.393
G1 X60.040 Y91.303
G1 X59.813 Y91.349
G1 X59.640 Y91.488
G1 X59.495 Y91.953
G0 Z5.000 F500.000
G0 X62.320 Y91.888 F3000.000
G1 Z1.000 F500.000
G4 P100
G1 X62.435 Y92.293 F1000.000
G1 X62.760 Y92.448
G1 X62.895 Y92.414
G1 X62.940 Y92.313
G1 X62.948 Y91.871
G1 X63.045 Y91.833
G1 X63.228 Y91.946
G1 X63.373 Y92.253
G1 X63.430 Y92.683
G1 X63.385 Y92.986
G1 X63.275 Y93.108
G1 X63.195 Y93.081
G1 X63.065 Y92.861
G1 X62.890 Y92.813
G1 X62.715 Y92.891
G1 X62.650 Y93.128
G1 X62.813 Y93.526
G1 X63.220 Y93.673
G1 X63.623 Y93.486
G1 X63.905 Y92.913
G1 X63.990 Y93.418
G1 X64.120 Y93.603
G1 X64.515 Y93.623
G1 X64.555 Y93.523
G1 X64.355 Y92.353
G1 X64.655 Y93.121
G1 X65.003 Y93.528
G1 X65.450 Y93.653
G1 X65.682 Y93.612
G1 X65.969 Y93.305
G1 X66.005 Y93.073
G1 X65.913 Y92.718
G1 X65.670 Y92.573
G1 X65.518 Y92.618
G1 X65.478 Y93.129
G1 X65.380 Y93.163
G1 X65.185 Y93.061
G1 X65.033 Y92.786
G1 X64.975 Y92.413
G1 X65.100 Y91.981
G1 X65.460 Y91.818
G1 X65.790 Y91.941
G1 X66.325 Y92.438
G1 X66.428 Y92.378
G1 X66.465 Y92.213
G1 X66.370 Y91.903
G1 X65.920 Y91.466
G1 X65.410 Y91.298
G1 X64.980 Y91.418
G1 X64.675 Y91.721
G1 X64.525 Y92.088
G1 X64.365 Y91.468
G1 X64.263 Y91.338
G1 X64.110 Y91.298
G1 X63.940 Y91.383
G1 X63.890 Y91.653
G1 X64.000 Y92.533
G1 X63.723 Y91.888
G1 X63.403 Y91.473
G1 X63.182 Y91.346
G1 X62.669 Y91.343
G1 X62.360 Y91.649
G1 X62.320 Y91.888
G0 Z5.000 F500.000
G0 X66.070 Y92.138 F3000.000
G1 Z1.000 F500.000
G4 P100
G1 X66.255 Y93.373 F1000.000
G1 X66.400 Y93.586
G1 X66.690 Y93.653
G1 X66.830 Y93.628
G1 X66.870 Y93.533
G1 X66.720 Y92.773
G1 X67.360 Y92.773
G1 X67.628 Y93.588
G1 X68.035 Y93.626
G1 X68.080 Y93.523
G1 X67.815 Y92.048
G1 X67.855 Y91.901
G1 X67.960 Y91.848
G1 X68.198 Y91.971
G1 X68.700 Y92.438
G1 X68.803 Y92.378
G1 X68.840 Y92.213
G1 X68.745 Y91.903
G1 X68.273 Y91.468
G1 X67.720 Y91.298
G1 X67.499 Y91.338
G1 X67.355 Y91.458
G1 X67.250 Y91.938
G1 X67.275 Y92.263
G1 X66.665 Y92.273
G1 X66.640 Y91.538
G1 X66.580 Y91.356
G1 X66.415 Y91.298
G1 X66.254 Y91.348
G1 X66.148 Y91.498
G1 X66.070 Y92.138
G0 Z5.000 F500.000
G0 X68.417 Y91.783 F3000.000
G1 Z1.000 F500.000
G4 P100
G1 X68.417 Y92.502 F1000.000
G1 X68.771 Y93.193
G1 X69.365 Y93.609
G1 X69.700 Y93.663
G1 X69.848 Y93.621
G1 X69.910 Y93.468
G1 X70.314 Y93.444
G1 X70.375 Y93.313
G1 X70.185 Y92.013
G1 X70.223 Y91.893
G1 X70.320 Y91.848
G1 X70.550 Y91.971
G1 X71.050 Y92.438
G1 X71.153 Y92.378
G1 X71.190 Y92.213
G1 X71.095 Y91.903
G1 X70.660 Y91.473
G1 X70.215 Y91.298
G1 X69.913 Y91.411
G1 X69.705 Y91.718
G1 X69.412 Y91.403
G1 X69.050 Y91.298
G1 X68.772 Y91.354
G1 X68.555 Y91.523
G1 X68.417 Y91.783
G0 Z5.000 F500.000
G0 X69.058 Y91.878 F3000.000
G1 Z1.000 F500.000
G4 P100
G1 X69.230 Y91.803 F1000.000
G1 X69.440 Y91.933
G1 X69.585 Y92.278
G1 X69.770 Y93.198
G1 X69.383 Y93.041
G1 X69.100 Y92.638
G1 X68.995 Y92.108
G1 X69.058 Y91.878
G0 Z5.000 F500.000
G0 X57.203 Y83.394 F3000.000
G1 Z1.000 F500.000
G4 P100
G1 X57.350 Y82.976 F1000.000
G1 X57.258 Y82.621
G1 X57.015 Y82.476
G1 X56.863 Y82.521
G1 X56.805 Y82.646
G1 X56.855 Y82.931
G1 X56.725 Y83.066
G1 X56.530 Y82.964
G1 X56.378 Y82.689
G1 X56.320 Y82.316
G1 X56.445 Y81.884
G1 X56.805 Y81.721
G1 X57.135 Y81.844
G1 X57.670 Y82.341
G1 X57.773 Y82.281
G1 X57.810 Y82.116
G1 X57.715 Y81.806
G1 X57.265 Y81.369
G1 X56.755 Y81.201
G1 X56.328 Y81.304
G1 X56.015 Y81.551
G1 X55.860 Y81.831
G1 X55.658 Y81.276
G1 X55.435 Y81.201
G1 X55.274 Y81.251
G1 X55.168 Y81.401
G1 X55.090 Y82.041
G1 X55.137 Y82.675
G1 X55.275 Y83.276
G1 X55.423 Y83.489
G1 X55.710 Y83.556
G1 X55.850 Y83.531
G1 X55.890 Y83.436
G1 X55.675 Y82.256
G1 X55.879 Y82.856
G1 X56.130 Y83.256
G1 X56.434 Y83.481
G1 X56.795 Y83.556
G1 X57.203 Y83.394
G0 Z5.000 F500.000
G0 X57.648 Y83.194 F3000.000
G1 Z1.000 F500.000
G4 P100
G1 X58.144 Y83.519 F1000.000
G1 X58.440 Y83.561
G1 X58.784 Y83.495
G1 X59.053 Y83.299
G1 X59.237 Y83.005
G1 X59.325 Y82.651
G1 X59.955 Y82.761
G1 X60.055 Y82.696
G1 X60.054 Y82.340
G1 X59.945 Y82.246
G1 X59.285 Y82.126
G1 X59.144 Y81.748
G1 X58.910 Y81.454
G1 X58.612 Y81.264
G1 X57.997 Y81.237
G1 X57.763 Y81.346
G1 X57.440 Y81.731
G1 X57.330 Y82.251
G1 X57.475 Y82.929
G1 X57.648 Y83.194
G0 Z5.000 F500.000
G0 X57.989 Y82.607 F3000.000
G1 Z1.000 F500.000
G4 P100
G1 X57.955 Y82.296 F1000.000
G1 X58.063 Y81.876
G1 X58.315 Y81.731
G1 X58.593 Y81.861
G1 X58.750 Y82.236
G1 X58.513 Y82.511
G1 X58.445 Y83.031
G1 X58.244 Y82.983
G1 X58.088 Y82.839
G1 X57.989 Y82.607
G0 Z5.000 F500.000
G0 X59.735 Y83.271 F3000.000
G1 Z1.000 F500.000
G4 P100
G1 X59.850 Y83.501 F1000.000
G1 X60.150 Y83.586
G1 X60.303 Y83.544
G1 X60.360 Y83.191
G1 X60.675 Y83.479
G1 X61.005 Y83.566
G1 X61.260 Y83.510
G1 X61.463 Y83.341
G1 X61.596 Y83.081
G1 X61.640 Y82.751
G1 X61.555 Y82.236
G1 X61.320 Y81.781
G1 X61.495 Y81.751
G1 X61.810 Y81.871
G1 X62.330 Y82.341
G1 X62.433 Y82.281
G1 X62.470 Y82.116
G1 X62.375 Y81.806
G1 X61.913 Y81.371
G1 X61.649 Y81.244
G1 X61.110 Y81.249
G1 X60.920 Y81.391
G1 X60.325 Y81.201
G1 X60.219 Y80.315
G1 X60.030 Y79.589
G1 X59.747 Y79.103
G1 X59.355 Y78.941
G1 X59.120 Y78.990
G1 X58.955 Y79.136
G1 X58.825 Y79.676
G1 X59.050 Y80.819
G1 X59.745 Y82.256
G1 X59.735 Y83.271
G0 Z5.000 F500.000
G0 X60.355 Y82.036 F3000.000
G1 Z1.000 F500.000
G4 P100
G1 X60.350 Y81.681 F1000.000
G1 X60.683 Y81.879
G1 X60.925 Y82.269
G1 X61.015 Y82.756
G1 X60.955 Y82.984
G1 X60.795 Y83.061
G1 X60.597 Y82.966
G1 X60.360 Y82.681
G1 X60.355 Y82.036
G0 Z5.000 F500.000
G0 X59.735 Y81.481 F3000.000
G1 Z1.000 F500.000
G4 P100
G1 X59.395 Y80.526 F1000.000
G1 X59.270 Y79.761
G1 X59.308 Y79.516
G1 X59.395 Y79.431
G1 X59.519 Y79.578
G1 X59.620 Y80.019
G1 X59.735 Y81.481
G0 Z5.000 F500.000
G0 X61.230 Y79.676 F3000.000
G1 Z1.000 F500.000
G4 P100
G1 X61.455 Y80.819 F1000.000
G1 X62.150 Y82.256
G1 X62.140 Y83.271
G1 X62.255 Y83.501
G1 X62.555 Y83.586
G1 X62.708 Y83.544
G1 X62.765 Y83.191
G1 X63.080 Y83.479
G1 X63.410 Y83.566
G1 X63.665 Y83.510
G1 X63.868 Y83.341
G1 X64.001 Y83.081
G1 X64.045 Y82.751
G1 X63.960 Y82.236
G1 X63.725 Y81.781
G1 X63.900 Y81.751
G1 X64.215 Y81.871
G1 X64.735 Y82.341
G1 X64.838 Y82.281
G1 X64.875 Y82.116
G1 X64.780 Y81.806
G1 X64.318 Y81.371
G1 X64.054 Y81.244
G1 X63.515 Y81.249
G1 X63.325 Y81.391
G1 X62.730 Y81.201
G1 X62.624 Y80.315
G1 X62.435 Y79.589
G1 X62.152 Y79.103
G1 X61.970 Y78.982
G1 X61.525 Y78.990
G1 X61.360 Y79.136
G1 X61.230 Y79.676
G0 Z5.000 F500.000
G0 X61.713 Y79.516 F3000.000
G1 Z1.000 F500.000
G4 P100
G1 X61.800 Y79.431 F1000.000
G1 X61.924 Y79.578
G1 X62.025 Y80.019
G1 X62.140 Y81.481
G1 X61.800 Y80.526
G1 X61.675 Y79.761
G1 X61.713 Y79.516
G0 Z5.000 F500.000
G0 X62.755 Y81.681 F3000.000
G1 Z1.000 F500.000
G4 P100
G1 X63.088 Y81.879 F1000.000
G1 X63.330 Y82.269
G1 X63.420 Y82.756
G1 X63.360 Y82.984
G1 X63.200 Y83.061
G1 X63.002 Y82.966
G1 X62.765 Y82.681
G1 X62.755 Y81.681
G0 Z5.000 F500.000
G0 X64.395 Y82.266 F3000.000
G1 Z1.000 F500.000
G4 P100
G1 X64.540 Y82.909 F1000.000
G1 X64.714 Y83.175
G1 X65.217 Y83.512
G1 X65.525 Y83.556
G1 X65.787 Y83.513
G1 X65.990 Y83.384
G1 X66.122 Y83.180
G1 X66.165 Y82.916
G1 X66.104 Y82.595
G1 X65.918 Y82.324
G1 X65.585 Y82.102
G1 X65.080 Y81.931
G1 X65.262 Y81.759
G1 X65.555 Y81.701
G1 X66.068 Y81.859
G1 X66.700 Y82.341
G1 X66.803 Y82.281
G1 X66.840 Y82.116
G1 X66.745 Y81.806
G1 X66.223 Y81.391
G1 X65.500 Y81.201
G1 X65.034 Y81.272
G1 X64.685 Y81.486
G1 X64.468 Y81.824
G1 X64.395 Y82.266
G0 Z5.000 F500.000
G0 X65.000 Y82.331 F3000.000
G1 Z1.000 F500.000
G4 P100
G1 X65.465 Y82.531 F1000.000
G1 X65.593 Y82.682
G1 X65.583 Y83.009
G1 X65.440 Y83.066
G1 X65.270 Y83.012
G1 X65.128 Y82.851
G1 X65.000 Y82.331
G0 Z5.000 F500.000
G0 X66.492 Y82.675 F3000.000
G1 Z1.000 F500.000
G4 P100
G1 X66.630 Y83.276 F1000.000
G1 X66.778 Y83.489
G1 X67.065 Y83.556
G1 X67.205 Y83.531
G1 X67.245 Y83.436
G1 X67.030 Y82.256
G1 X67.234 Y82.856
G1 X67.485 Y83.256
G1 X67.789 Y83.481
G1 X68.150 Y83.556
G1 X68.382 Y83.515
G1 X68.669 Y83.208
G1 X68.705 Y82.976
G1 X68.613 Y82.621
G1 X68.370 Y82.476
G1 X68.218 Y82.521
G1 X68.178 Y83.032
G1 X68.080 Y83.066
G1 X67.885 Y82.964
G1 X67.733 Y82.689
G1 X67.675 Y82.316
G1 X67.800 Y81.884
G1 X68.160 Y81.721
G1 X68.490 Y81.844
G1 X69.025 Y82.341
G1 X69.128 Y82.281
G1 X69.165 Y82.116
G1 X69.070 Y81.806
G1 X68.620 Y81.369
G1 X68.380 Y81.243
G1 X68.110 Y81.201
G1 X67.683 Y81.304
G1 X67.370 Y81.551
G1 X67.215 Y81.831
G1 X67.013 Y81.276
G1 X66.790 Y81.201
G1 X66.629 Y81.251
G1 X66.523 Y81.401
G1 X66.445 Y82.041
G1 X66.492 Y82.675
G0 Z5.000 F500.000
G0 X68.770 Y82.041 F3000.000
G1 Z1.000 F500.000
G4 P100
G1 X68.955 Y83.276 F1000.000
G1 X69.103 Y83.489
G1 X69.390 Y83.556
G1 X69.530 Y83.531
G1 X69.570 Y83.436
G1 X69.365 Y82.361
G1 X69.688 Y83.021
G1 X70.073 Y83.424
G1 X70.445 Y83.556
G1 X70.693 Y83.476
G1 X70.765 Y83.231
G1 X70.615 Y82.381
G1 X70.879 Y82.912
G1 X71.170 Y83.276
G1 X71.465 Y83.486
G1 X71.740 Y83.556
G1 X71.984 Y83.475
G1 X72.065 Y83.231
G1 X71.860 Y81.951
G1 X71.897 Y81.801
G1 X72.005 Y81.751
G1 X72.243 Y81.874
G1 X72.745 Y82.341
G1 X72.848 Y82.281
G1 X72.885 Y82.116
G1 X72.790 Y81.806
G1 X72.328 Y81.371
G1 X71.765 Y81.201
G1 X71.542 Y81.238
G1 X71.283 Y81.529
G1 X71.250 Y81.776
G1 X71.385 Y82.711
G1 X71.330 Y82.791
G1 X71.145 Y82.624
G1 X70.905 Y82.181
G1 X70.583 Y81.281
G1 X70.350 Y81.201
G1 X70.103 Y81.359
G1 X70.020 Y81.741
G1 X70.110 Y82.711
G1 X70.055 Y82.791
G1 X69.865 Y82.611
G1 X69.643 Y82.151
G1 X69.343 Y81.284
G1 X69.115 Y81.201
G1 X68.954 Y81.251
G1 X68.848 Y81.401
G1 X68.770 Y82.041
G0 Z5.000 F500.000
G0 X72.490 Y82.041 F3000.000
G1 Z1.000 F500.000
G4 P100
G1 X72.675 Y83.276 F1000.000
G1 X72.820 Y83.489
G1 X73.110 Y83.556
G1 X73.250 Y83.531
G1 X73.290 Y83.436
G1 X73.140 Y82.676
G1 X73.780 Y82.676
G1 X74.048 Y83.491
G1 X74.455 Y83.529
G1 X74.500 Y83.426
G1 X74.235 Y81.951
G1 X74.275 Y81.804
G1 X74.380 Y81.751
G1 X74.618 Y81.874
G1 X75.120 Y82.341
G1 X75.223 Y82.281
G1 X75.260 Y82.116
G1 X75.165 Y81.806
G1 X74.693 Y81.371
G1 X74.140 Y81.201
G1 X73.919 Y81.241
G1 X73.775 Y81.361
G1 X73.670 Y81.841
G1 X73.695 Y82.166
G1 X73.085 Y82.176
G1 X73.060 Y81.441
G1 X73.000 Y81.259
G1 X72.835 Y81.201
G1 X72.674 Y81.251
G1 X72.568 Y81.401
G1 X72.490 Y82.041
G0 Z5.000 F500.000
G0 X74.890 Y81.731 F3000.000
G1 Z1.000 F500.000
G4 P100
G1 X74.780 Y82.251 F1000.000
G1 X74.925 Y82.929
G1 X75.098 Y83.194
G1 X75.594 Y83.519
G1 X75.890 Y83.561
G1 X76.234 Y83.495
G1 X76.503 Y83.299
G1 X76.687 Y83.005
G1 X76.775 Y82.651
G1 X77.405 Y82.761
G1 X77.505 Y82.696
G1 X77.504 Y82.340
G1 X77.395 Y82.246
G1 X76.735 Y82.126
G1 X76.594 Y81.748
G1 X76.360 Y81.454
G1 X76.062 Y81.264
G1 X75.447 Y81.237
G1 X75.213 Y81.346
G1 X74.890 Y81.731
G0 Z5.000 F500.000
G0 X75.513 Y81.876 F3000.000
G1 Z1.000 F500.000
G4 P100
G1 X75.765 Y81.731 F1000.000
G1 X76.043 Y81.861
G1 X76.200 Y82.236
G1 X75.963 Y82.511
G1 X75.895 Y83.031
G1 X75.694 Y82.983
G1 X75.538 Y82.839
G1 X75.439 Y82.607
G1 X75.405 Y82.296
G1 X75.513 Y81.876
G0 Z5.000 F500.000
G0 X57.928 Y72.184 F3000.000
G1 Z1.000 F500.000
G4 P100
G1 X57.965 Y72.019 F1000.000
G1 X57.870 Y71.709
G1 X57.408 Y71.274
G1 X57.144 Y71.147
G1 X56.622 Y71.141
G1 X56.363 Y71.432
G1 X56.330 Y71.679
G1 X56.465 Y72.614
G1 X56.410 Y72.694
G1 X56.228 Y72.527
G1 X55.988 Y72.084
G1 X55.663 Y71.187
G1 X55.435 Y71.104
G1 X55.274 Y71.154
G1 X55.168 Y71.304
G1 X55.090 Y71.944
G1 X55.137 Y72.578
G1 X55.275 Y73.179
G1 X55.423 Y73.392
G1 X55.710 Y73.459
G1 X55.850 Y73.434
G1 X55.890 Y73.339
G1 X55.685 Y72.259
G1 X56.055 Y72.959
G1 X56.458 Y73.344
G1 X56.820 Y73.459
G1 X57.064 Y73.378
G1 X57.145 Y73.134
G1 X56.940 Y71.854
G1 X56.977 Y71.704
G1 X57.085 Y71.654
G1 X57.323 Y71.777
G1 X57.825 Y72.244
G1 X57.928 Y72.184
G0 Z5.000 F500.000
G0 X58.090 Y72.234 F3000.000
G1 Z1.000 F500.000
G4 P100
G1 X58.555 Y72.434 F1000.000
G1 X58.683 Y72.585
G1 X58.673 Y72.912
G1 X58.530 Y72.969
G1 X58.360 Y72.915
G1 X58.218 Y72.754
G1 X58.090 Y72.234
G0 Z5.000 F500.000
G0 X57.804 Y73.078 F3000.000
G1 Z1.000 F500.000
G4 P100
G1 X58.307 Y73.415 F1000.000
G1 X58.877 Y73.416
G1 X59.080 Y73.287
G1 X59.212 Y73.083
G1 X59.255 Y72.819
G1 X59.194 Y72.498
G1 X59.008 Y72.227
G1 X58.675 Y72.005
G1 X58.170 Y71.834
G1 X58.352 Y71.662
G1 X58.645 Y71.604
G1 X59.158 Y71.762
G1 X59.790 Y72.244
G1 X59.893 Y72.184
G1 X59.930 Y72.019
G1 X59.835 Y71.709
G1 X59.313 Y71.294
G1 X58.964 Y71.152
G1 X58.590 Y71.104
G1 X58.124 Y71.175
G1 X57.775 Y71.389
G1 X57.558 Y71.727
G1 X57.485 Y72.169
G1 X57.630 Y72.812
G1 X57.804 Y73.078
G0 Z5.000 F500.000
G0 X59.600 Y73.174 F3000.000
G1 Z1.000 F500.000
G4 P100
G1 X59.715 Y73.404 F1000.000
G1 X60.015 Y73.489
G1 X60.168 Y73.447
G1 X60.225 Y73.094
G1 X60.540 Y73.382
G1 X60.870 Y73.469
G1 X61.125 Y73.413
G1 X61.328 Y73.244
G1 X61.461 Y72.984
G1 X61.505 Y72.654
G1 X61.420 Y72.139
G1 X61.185 Y71.684
G1 X61.360 Y71.654
G1 X61.675 Y71.774
G1 X62.195 Y72.244
G1 X62.298 Y72.184
G1 X62.335 Y72.019
G1 X62.240 Y71.709
G1 X61.778 Y71.274
G1 X61.514 Y71.147
G1 X60.975 Y71.152
G1 X60.785 Y71.294
G1 X60.190 Y71.104
G1 X60.084 Y70.218
G1 X59.895 Y69.492
G1 X59.612 Y69.006
G1 X59.220 Y68.844
G1 X58.985 Y68.893
G1 X58.820 Y69.039
G1 X58.690 Y69.579
G1 X58.915 Y70.722
G1 X59.610 Y72.159
G1 X59.600 Y73.174
G0 Z5.000 F500.000
G0 X60.220 Y71.939 F3000.000
G1 Z1.000 F500.000
G4 P100
G1 X60.215 Y71.584 F1000.000
G1 X60.548 Y71.782
G1 X60.790 Y72.172
G1 X60.880 Y72.659
G1 X60.820 Y72.887
G1 X60.660 Y72.964
G1 X60.462 Y72.869
G1 X60.225 Y72.584
G1 X60.220 Y71.939
G0 Z5.000 F500.000
G0 X59.600 Y71.384 F3000.000
G1 Z1.000 F500.000
G4 P100
G1 X59.260 Y70.429 F1000.000
G1 X59.135 Y69.664
G1 X59.173 Y69.419
G1 X59.260 Y69.334
G1 X59.384 Y69.481
G1 X59.485 Y69.922
G1 X59.600 Y71.384
G0 Z5.000 F500.000
G0 X61.928 Y71.727 F3000.000
G1 Z1.000 F500.000
G4 P100
G1 X61.855 Y72.169 F1000.000
G1 X62.000 Y72.812
G1 X62.403 Y73.284
G1 X62.985 Y73.459
G1 X63.247 Y73.416
G1 X63.450 Y73.287
G1 X63.582 Y73.083
G1 X63.625 Y72.819
G1 X63.564 Y72.498
G1 X63.378 Y72.227
G1 X63.045 Y72.005
G1 X62.540 Y71.834
G1 X62.722 Y71.662
G1 X63.015 Y71.604
G1 X63.528 Y71.762
G1 X64.160 Y72.244
G1 X64.263 Y72.184
G1 X64.300 Y72.019
G1 X64.205 Y71.709
G1 X63.683 Y71.294
G1 X62.960 Y71.104
G1 X62.494 Y71.175
G1 X62.145 Y71.389
G1 X61.928 Y71.727
G0 Z5.000 F500.000
G0 X62.460 Y72.234 F3000.000
G1 Z1.000 F500.000
G4 P100
G1 X62.925 Y72.434 F1000.000
G1 X63.053 Y72.585
G1 X63.043 Y72.912
G1 X62.900 Y72.969
G1 X62.730 Y72.915
G1 X62.588 Y72.754
G1 X62.460 Y72.234
G0 Z5.000 F500.000
G0 X63.952 Y72.578 F3000.000
G1 Z1.000 F500.000
G4 P100
G1 X64.090 Y73.179 F1000.000
G1 X64.235 Y73.392
G1 X64.525 Y73.459
G1 X64.665 Y73.434
G1 X64.705 Y73.339
G1 X64.555 Y72.579
G1 X65.195 Y72.579
G1 X65.463 Y73.394
G1 X65.870 Y73.432
G1 X65.915 Y73.329
G1 X65.650 Y71.854
G1 X65.690 Y71.707
G1 X65.795 Y71.654
G1 X66.033 Y71.777
G1 X66.535 Y72.244
G1 X66.638 Y72.184
G1 X66.675 Y72.019
G1 X66.580 Y71.709
G1 X66.108 Y71.274
G1 X65.555 Y71.104
G1 X65.334 Y71.144
G1 X65.190 Y71.264
G1 X65.085 Y71.744
G1 X65.110 Y72.069
G1 X64.500 Y72.079
G1 X64.475 Y71.344
G1 X64.415 Y71.162
G1 X64.250 Y71.104
G1 X64.089 Y71.154
G1 X63.983 Y71.304
G1 X63.905 Y71.944
G1 X63.952 Y72.578
G0 Z5.000 F500.000
G0 X66.195 Y72.154 F3000.000
G1 Z1.000 F500.000
G4 P100
G1 X66.340 Y72.832 F1000.000
G1 X66.513 Y73.097
G1 X67.009 Y73.422
G1 X67.305 Y73.464
G1 X67.649 Y73.398
G1 X67.918 Y73.202
G1 X68.102 Y72.908
G1 X68.190 Y72.554
G1 X68.820 Y72.664
G1 X68.920 Y72.599
G1 X68.955 Y72.434
G1 X68.919 Y72.243
G1 X68.810 Y72.149
G1 X68.150 Y72.029
G1 X68.009 Y71.651
G1 X67.775 Y71.357
G1 X67.477 Y71.167
G1 X67.140 Y71.104
G1 X66.628 Y71.249
G1 X66.305 Y71.634
G1 X66.195 Y72.154
G0 Z5.000 F500.000
G0 X66.928 Y71.779 F3000.000
G1 Z1.000 F500.000
G4 P100
G1 X67.180 Y71.634 F1000.000
G1 X67.458 Y71.764
G1 X67.615 Y72.139
G1 X67.378 Y72.414
G1 X67.310 Y72.934
G1 X67.109 Y72.886
G1 X66.953 Y72.742
G1 X66.854 Y72.510
G1 X66.820 Y72.199
G1 X66.928 Y71.779
G0 Z5.000 F500.000
G0 X68.445 Y72.114 F3000.000
G1 Z1.000 F500.000
G4 P100
G1 X68.485 Y72.494 F1000.000
G1 X68.789 Y73.094
G1 X69.020 Y73.294
G1 X69.555 Y73.459
G1 X69.983 Y73.297
G1 X70.135 Y72.879
G1 X70.043 Y72.524
G1 X69.800 Y72.379
G1 X69.648 Y72.424
G1 X69.590 Y72.549
G1 X69.608 Y72.934
G1 X69.515 Y72.969
G1 X69.300 Y72.867
G1 X69.140 Y72.589
G1 X69.080 Y72.204
G1 X69.207 Y71.769
G1 X69.585 Y71.624
G1 X70.028 Y71.762
G1 X70.630 Y72.244
G1 X70.733 Y72.184
G1 X70.770 Y72.019
G1 X70.675 Y71.709
G1 X70.417 Y71.452
G1 X70.113 Y71.262
G1 X69.480 Y71.104
G1 X69.045 Y71.173
G1 X68.718 Y71.382
G1 X68.514 Y71.703
G1 X68.445 Y72.114
G0 Z5.000 F500.000
G0 X70.365 Y71.829 F3000.000
G1 Z1.000 F500.000
G4 P100
G1 X70.415 Y72.517 F1000.000
G1 X70.580 Y73.179
G1 X70.720 Y73.394
G1 X71.005 Y73.459
G1 X71.158 Y73.424
G1 X71.200 Y73.319
G1 X70.990 Y71.867
G1 X71.070 Y71.824
G1 X71.258 Y71.974
G1 X71.868 Y73.394
G1 X72.115 Y73.459
G1 X72.275 Y73.432
G1 X72.320 Y73.329
G1 X72.055 Y71.854
G1 X72.095 Y71.707
G1 X72.200 Y71.654
G1 X72.438 Y71.777
G1 X72.940 Y72.244
G1 X73.043 Y72.184
G1 X73.080 Y72.019
G1 X72.985 Y71.709
G1 X72.523 Y71.274
G1 X71.960 Y71.104
G1 X71.752 Y71.150
G1 X71.608 Y71.289
G1 X71.495 Y71.809
G1 X71.240 Y71.287
G1 X70.875 Y71.104
G1 X70.671 Y71.156
G1 X70.401 Y71.545
G1 X70.365 Y71.829
G0 Z5.000 F500.000
G0 X72.685 Y71.944 F3000.000
G1 Z1.000 F500.000
G4 P100
G1 X72.870 Y73.179 F1000.000
G1 X73.018 Y73.392
G1 X73.305 Y73.459
G1 X73.445 Y73.434
G1 X73.485 Y73.339
G1 X73.280 Y72.264
G1 X73.603 Y72.924
G1 X73.988 Y73.327
G1 X74.360 Y73.459
G1 X74.608 Y73.379
G1 X74.680 Y73.134
G1 X74.530 Y72.284
G1 X74.794 Y72.815
G1 X75.085 Y73.179
G1 X75.380 Y73.389
G1 X75.655 Y73.459
G1 X75.899 Y73.378
G1 X75.980 Y73.134
G1 X75.775 Y71.854
G1 X75.812 Y71.704
G1 X75.920 Y71.654
G1 X76.158 Y71.777
G1 X76.660 Y72.244
G1 X76.763 Y72.184
G1 X76.800 Y72.019
G1 X76.705 Y71.709
G1 X76.243 Y71.274
G1 X75.680 Y71.104
G1 X75.457 Y71.141
G1 X75.198 Y71.432
G1 X75.165 Y71.679
G1 X75.300 Y72.614
G1 X75.245 Y72.694
G1 X75.060 Y72.527
G1 X74.820 Y72.084
G1 X74.498 Y71.184
G1 X74.265 Y71.104
G1 X74.018 Y71.262
G1 X73.935 Y71.644
G1 X74.025 Y72.614
G1 X73.970 Y72.694
G1 X73.780 Y72.514
G1 X73.558 Y72.054
G1 X73.258 Y71.187
G1 X73.030 Y71.104
G1 X72.869 Y71.154
G1 X72.763 Y71.304
G1 X72.685 Y71.944
G0 Z5.000 F500.000
G0 X76.415 Y72.034 F3000.000
G1 Z1.000 F500.000
G4 P100
G1 X76.600 Y73.179 F1000.000
G1 X76.748 Y73.392
G1 X77.045 Y73.459
G1 X77.214 Y73.429
G1 X77.270 Y73.339
G1 X77.090 Y72.529
G1 X77.413 Y72.752
G1 X77.795 Y72.839
G1 X78.069 Y72.789
G1 X78.278 Y72.639
G1 X78.411 Y72.412
G1 X78.455 Y72.129
G1 X78.340 Y71.659
G1 X78.725 Y71.774
G1 X79.245 Y72.244
G1 X79.348 Y72.184
G1 X79.385 Y72.019
G1 X79.290 Y71.709
G1 X78.818 Y71.274
G1 X78.559 Y71.147
G1 X78.265 Y71.104
G1 X77.905 Y71.224
G1 X77.385 Y71.104
G1 X76.980 Y71.168
G1 X76.673 Y71.362
G1 X76.480 Y71.658
G1 X76.415 Y72.034
G0 Z5.000 F500.000
G0 X77.045 Y72.004 F3000.000
G1 Z1.000 F500.000
G4 P100
G1 X77.150 Y71.729 F1000.000
G1 X77.410 Y71.634
G1 X77.720 Y71.744
G1 X77.830 Y72.049
G1 X77.759 Y72.248
G1 X77.545 Y72.314
G1 X77.253 Y72.219
G1 X77.045 Y72.004
G0 Z5.000 F500.000
G0 X78.900 Y72.114 F3000.000
G1 Z1.000 F500.000
G4 P100
G1 X78.940 Y72.494 F1000.000
G1 X79.244 Y73.094
G1 X79.475 Y73.294
G1 X80.010 Y73.459
G1 X80.438 Y73.297
G1 X80.590 Y72.879
G1 X80.498 Y72.524
G1 X80.255 Y72.379
G1 X80.103 Y72.424
G1 X80.045 Y72.549
G1 X80.063 Y72.934
G1 X79.970 Y72.969
G1 X79.755 Y72.867
G1 X79.595 Y72.589
G1 X79.535 Y72.204
G1 X79.662 Y71.769
G1 X80.040 Y71.624
G1 X80.483 Y71.762
G1 X81.085 Y72.244
G1 X81.188 Y72.184
G1 X81.225 Y72.019
G1 X81.130 Y71.709
G1 X80.872 Y71.452
G1 X80.568 Y71.262
G1 X79.935 Y71.104
G1 X79.500 Y71.173
G1 X79.173 Y71.382
G1 X78.969 Y71.703
G1 X78.900 Y72.114
G0 Z5.000 F500.000
G0 X58.163 Y62.087 F3000.000
G1 Z1.000 F500.000
G4 P100
G1 X58.200 Y61.922 F1000.000
G1 X58.105 Y61.612
G1 X57.605 Y61.157
G1 X57.130 Y61.007
G1 X56.815 Y61.152
G1 X56.705 Y61.567
G1 X56.735 Y61.882
G1 X56.199 Y61.226
G1 X55.885 Y61.062
G1 X55.540 Y61.007
G1 X55.260 Y61.052
G1 X55.038 Y61.187
G1 X54.894 Y61.396
G1 X54.845 Y61.662
G1 X54.963 Y62.072
G1 X55.285 Y62.222
G1 X55.420 Y62.186
G1 X55.465 Y62.077
G1 X55.515 Y61.622
G1 X55.705 Y61.517
G1 X56.020 Y61.615
G1 X56.335 Y61.892
G1 X56.001 Y61.940
G1 X55.793 Y62.082
G1 X55.660 Y62.305
G1 X55.615 Y62.592
G1 X55.669 Y62.920
G1 X55.830 Y63.165
G1 X56.088 Y63.316
G1 X56.430 Y63.367
G1 X56.985 Y63.282
G1 X57.215 Y63.357
G1 X57.373 Y63.310
G1 X57.420 Y63.182
G1 X57.215 Y62.187
G1 X57.213 Y61.610
G1 X57.320 Y61.557
G1 X57.550 Y61.672
G1 X58.060 Y62.147
G1 X58.163 Y62.087
G0 Z5.000 F500.000
G0 X56.870 Y62.907 F3000.000
G1 Z1.000 F500.000
G4 P100
G1 X56.550 Y62.962 F1000.000
G1 X56.240 Y62.867
G1 X56.130 Y62.597
G1 X56.223 Y62.362
G1 X56.600 Y62.277
G1 X56.870 Y62.907
G0 Z5.000 F500.000
G0 X59.155 Y62.507 F3000.000
G1 Z1.000 F500.000
G4 P100
G1 X59.315 Y63.910 F1000.000
G1 X59.512 Y64.611
G1 X59.783 Y65.200
G1 X60.120 Y65.599
G1 X60.515 Y65.732
G1 X60.723 Y65.683
G1 X60.990 Y65.308
G1 X61.025 Y65.022
G1 X60.870 Y64.207
G1 X60.355 Y63.357
G1 X60.659 Y63.275
G1 X60.900 Y63.080
G1 X61.068 Y62.798
G1 X61.150 Y62.457
G1 X61.780 Y62.567
G1 X61.880 Y62.502
G1 X61.880 Y62.145
G1 X61.770 Y62.052
G1 X61.110 Y61.932
G1 X60.966 Y61.557
G1 X60.733 Y61.262
G1 X60.441 Y61.071
G1 X60.120 Y61.007
G1 X59.684 Y61.103
G1 X59.385 Y61.392
G1 X59.213 Y61.863
G1 X59.155 Y62.507
G0 Z5.000 F500.000
G0 X59.780 Y62.122 F3000.000
G1 Z1.000 F500.000
G4 P100
G1 X59.888 Y61.687 F1000.000
G1 X60.140 Y61.537
G1 X60.415 Y61.667
G1 X60.575 Y62.042
G1 X60.338 Y62.317
G1 X60.275 Y62.867
G1 X60.076 Y62.816
G1 X59.918 Y62.665
G1 X59.780 Y62.122
G0 Z5.000 F500.000
G0 X59.815 Y63.017 F3000.000
G1 Z1.000 F500.000
G4 P100
G1 X60.491 Y64.521 F1000.000
G1 X60.540 Y64.907
G1 X60.503 Y65.152
G1 X60.400 Y65.237
G1 X60.183 Y64.940
G1 X59.965 Y64.132
G1 X59.815 Y63.017
G0 Z5.000 F500.000
G0 X61.680 Y63.082 F3000.000
G1 Z1.000 F500.000
G4 P100
G1 X61.825 Y63.295 F1000.000
G1 X62.255 Y63.337
G1 X62.295 Y63.242
G1 X62.145 Y62.482
G1 X62.785 Y62.482
G1 X63.053 Y63.297
G1 X63.460 Y63.335
G1 X63.505 Y63.232
G1 X63.240 Y61.757
G1 X63.280 Y61.610
G1 X63.385 Y61.557
G1 X63.623 Y61.680
G1 X64.125 Y62.147
G1 X64.228 Y62.087
G1 X64.265 Y61.922
G1 X64.170 Y61.612
G1 X63.698 Y61.177
G1 X63.145 Y61.007
G1 X62.924 Y61.047
G1 X62.780 Y61.167
G1 X62.675 Y61.647
G1 X62.700 Y61.972
G1 X62.090 Y61.982
G1 X62.005 Y61.065
G1 X61.840 Y61.007
G1 X61.679 Y61.057
G1 X61.573 Y61.207
G1 X61.495 Y61.847
G1 X61.680 Y63.082
G0 Z5.000 F500.000
G0 X63.910 Y62.420 F3000.000
G1 Z1.000 F500.000
G4 P100
G1 X64.075 Y63.082 F1000.000
G1 X64.215 Y63.297
G1 X64.653 Y63.327
G1 X64.695 Y63.222
G1 X64.460 Y61.917
G1 X64.565 Y61.727
G1 X64.753 Y61.877
G1 X64.993 Y62.332
G1 X65.363 Y63.297
G1 X65.770 Y63.332
G1 X65.815 Y63.232
G1 X65.555 Y61.567
G1 X66.305 Y62.097
G1 X66.420 Y62.137
G1 X66.523 Y62.075
G1 X66.560 Y61.917
G1 X66.415 Y61.622
G1 X65.455 Y60.977
G1 X65.236 Y60.053
G1 X64.958 Y59.350
G1 X64.609 Y58.905
G1 X64.175 Y58.757
G1 X63.944 Y58.796
G1 X63.640 Y59.096
G1 X63.600 Y59.327
G1 X63.708 Y59.807
G1 X64.108 Y60.370
G1 X64.935 Y61.097
G1 X65.030 Y61.742
G1 X64.750 Y61.195
G1 X64.370 Y61.007
G1 X64.166 Y61.059
G1 X63.896 Y61.448
G1 X63.910 Y62.420
G0 Z5.000 F500.000
G0 X64.820 Y60.497 F3000.000
G1 Z1.000 F500.000
G4 P100
G1 X64.263 Y59.905 F1000.000
G1 X64.090 Y59.437
G1 X64.123 Y59.297
G1 X64.230 Y59.242
G1 X64.363 Y59.315
G1 X64.510 Y59.532
G1 X64.820 Y60.497
G0 Z5.000 F500.000
G0 X66.449 Y61.057 F3000.000
G1 Z1.000 F500.000
G4 P100
G1 X66.343 Y61.207 F1000.000
G1 X66.265 Y61.847
G1 X66.312 Y62.481
G1 X66.450 Y63.082
G1 X66.598 Y63.295
G1 X66.885 Y63.362
G1 X67.025 Y63.337
G1 X67.065 Y63.242
G1 X66.860 Y62.167
G1 X67.183 Y62.827
G1 X67.568 Y63.230
G1 X67.940 Y63.362
G1 X68.188 Y63.282
G1 X68.260 Y63.037
G1 X68.110 Y62.187
G1 X68.374 Y62.718
G1 X68.665 Y63.082
G1 X68.960 Y63.292
G1 X69.235 Y63.362
G1 X69.479 Y63.281
G1 X69.560 Y63.037
G1 X69.355 Y61.757
G1 X69.392 Y61.607
G1 X69.500 Y61.557
G1 X69.738 Y61.680
G1 X70.240 Y62.147
G1 X70.343 Y62.087
G1 X70.380 Y61.922
G1 X70.285 Y61.612
G1 X69.823 Y61.177
G1 X69.559 Y61.050
G1 X69.037 Y61.044
G1 X68.778 Y61.335
G1 X68.745 Y61.582
G1 X68.880 Y62.517
G1 X68.825 Y62.597
G1 X68.640 Y62.430
G1 X68.400 Y61.987
G1 X68.078 Y61.087
G1 X67.845 Y61.007
G1 X67.598 Y61.165
G1 X67.515 Y61.547
G1 X67.605 Y62.517
G1 X67.550 Y62.597
G1 X67.360 Y62.417
G1 X67.138 Y61.957
G1 X66.838 Y61.090
G1 X66.610 Y61.007
G1 X66.449 Y61.057
G0 Z5.000 F500.000
G0 X69.197 Y60.013 F3000.000
G1 Z1.000 F500.000
G4 P100
G1 X69.652 Y61.310 F1000.000
G1 X70.060 Y62.062
G1 X70.050 Y63.077
G1 X70.165 Y63.307
G1 X70.465 Y63.392
G1 X70.618 Y63.350
G1 X70.675 Y62.997
G1 X70.990 Y63.285
G1 X71.320 Y63.372
G1 X71.575 Y63.316
G1 X71.778 Y63.147
G1 X71.911 Y62.887
G1 X71.955 Y62.557
G1 X71.870 Y62.042
G1 X71.635 Y61.587
G1 X71.810 Y61.557
G1 X72.125 Y61.677
G1 X72.510 Y62.077
G1 X72.645 Y62.147
G1 X72.748 Y62.087
G1 X72.785 Y61.922
G1 X72.690 Y61.612
G1 X72.228 Y61.177
G1 X71.665 Y61.007
G1 X71.425 Y61.055
G1 X71.235 Y61.197
G1 X70.640 Y61.007
G1 X70.534 Y60.121
G1 X70.345 Y59.395
G1 X70.062 Y58.909
G1 X69.880 Y58.788
G1 X69.435 Y58.796
G1 X69.270 Y58.942
G1 X69.140 Y59.482
G1 X69.197 Y60.013
G0 Z5.000 F500.000
G0 X69.585 Y59.567 F3000.000
G1 Z1.000 F500.000
G4 P100
G1 X69.623 Y59.322 F1000.000
G1 X69.710 Y59.237
G1 X69.834 Y59.384
G1 X69.935 Y59.825
G1 X70.050 Y61.287
G1 X69.710 Y60.332
G1 X69.585 Y59.567
G0 Z5.000 F500.000
G0 X70.665 Y61.487 F3000.000
G1 Z1.000 F500.000
G4 P100
G1 X70.998 Y61.685 F1000.000
G1 X71.240 Y62.075
G1 X71.330 Y62.562
G1 X71.270 Y62.790
G1 X71.110 Y62.867
G1 X70.912 Y62.772
G1 X70.675 Y62.487
G1 X70.665 Y61.487
G0 Z5.000 F500.000
G0 X72.380 Y61.732 F3000.000
G1 Z1.000 F500.000
G4 P100
G1 X72.430 Y62.420 F1000.000
G1 X72.595 Y63.082
G1 X72.735 Y63.297
G1 X73.020 Y63.362
G1 X73.173 Y63.327
G1 X73.215 Y63.222
G1 X73.005 Y61.770
G1 X73.085 Y61.727
G1 X73.273 Y61.877
G1 X73.883 Y63.297
G1 X74.130 Y63.362
G1 X74.290 Y63.335
G1 X74.335 Y63.232
G1 X74.070 Y61.757
G1 X74.110 Y61.610
G1 X74.215 Y61.557
G1 X74.453 Y61.680
G1 X74.955 Y62.147
G1 X75.058 Y62.087
G1 X75.095 Y61.922
G1 X75.000 Y61.612
G1 X74.538 Y61.177
G1 X73.975 Y61.007
G1 X73.767 Y61.053
G1 X73.623 Y61.192
G1 X73.510 Y61.712
G1 X73.255 Y61.190
G1 X72.890 Y61.007
G1 X72.686 Y61.059
G1 X72.416 Y61.448
G1 X72.380 Y61.732
G0 Z5.000 F500.000
G0 X58.163 Y51.990 F3000.000
G1 Z1.000 F500.000
G4 P100
G1 X58.200 Y51.825 F1000.000
G1 X58.105 Y51.515
G1 X57.605 Y51.060
G1 X57.130 Y50.910
G1 X56.815 Y51.055
G1 X56.705 Y51.470
G1 X56.735 Y51.785
G1 X56.199 Y51.129
G1 X55.885 Y50.965
G1 X55.540 Y50.910
G1 X55.260 Y50.955
G1 X55.038 Y51.090
G1 X54.894 Y51.299
G1 X54.845 Y51.565
G1 X54.963 Y51.975
G1 X55.285 Y52.125
G1 X55.420 Y52.089
G1 X55.465 Y51.980
G1 X55.515 Y51.525
G1 X55.705 Y51.420
G1 X56.020 Y51.518
G1 X56.335 Y51.795
G1 X56.001 Y51.843
G1 X55.793 Y51.985
G1 X55.660 Y52.208
G1 X55.615 Y52.495
G1 X55.669 Y52.823
G1 X55.830 Y53.068
G1 X56.088 Y53.219
G1 X56.430 Y53.270
G1 X56.985 Y53.185
G1 X57.215 Y53.260
G1 X57.373 Y53.213
G1 X57.420 Y53.085
G1 X57.215 Y52.090
G1 X57.213 Y51.513
G1 X57.320 Y51.460
G1 X57.550 Y51.575
G1 X58.060 Y52.050
G1 X58.163 Y51.990
G0 Z5.000 F500.000
G0 X56.870 Y52.810 F3000.000
G1 Z1.000 F500.000
G4 P100
G1 X56.550 Y52.865 F1000.000
G1 X56.240 Y52.770
G1 X56.130 Y52.500
G1 X56.223 Y52.265
G1 X56.600 Y52.180
G1 X56.870 Y52.810
G0 Z5.000 F500.000
G0 X57.570 Y51.575 F3000.000
G1 Z1.000 F500.000
G4 P100
G1 X58.065 Y52.210 F1000.000
G1 X58.625 Y53.476
G1 X58.885 Y53.560
G1 X59.077 Y53.509
G1 X59.338 Y53.178
G1 X59.595 Y53.120
G1 X60.215 Y53.275
G1 X60.350 Y53.225
G1 X60.400 Y53.075
G1 X60.355 Y52.868
G1 X60.220 Y52.705
G1 X59.538 Y52.108
G1 X59.390 Y51.886
G1 X59.340 Y51.665
G1 X59.418 Y51.478
G1 X59.650 Y51.415
G1 X60.190 Y51.568
G1 X60.840 Y52.050
G1 X60.943 Y51.990
G1 X60.980 Y51.825
G1 X60.885 Y51.515
G1 X60.295 Y51.033
G1 X59.585 Y50.860
G1 X59.211 Y50.904
G1 X58.938 Y51.038
G1 X58.771 Y51.258
G1 X58.715 Y51.565
G1 X58.771 Y51.884
G1 X58.938 Y52.163
G1 X59.580 Y52.710
G1 X59.355 Y52.675
G1 X59.078 Y52.760
G1 X58.895 Y53.015
G1 X58.570 Y52.135
G1 X58.233 Y51.663
G1 X57.870 Y51.280
G1 X57.680 Y51.190
G1 X57.550 Y51.248
G1 X57.500 Y51.390
G1 X57.570 Y51.575
G0 Z5.000 F500.000
G0 X60.495 Y51.975 F3000.000
G1 Z1.000 F500.000
G4 P100
G1 X60.640 Y52.618 F1000.000
G1 X60.814 Y52.884
G1 X61.317 Y53.221
G1 X61.625 Y53.265
G1 X61.887 Y53.222
G1 X62.090 Y53.093
G1 X62.222 Y52.889
G1 X62.265 Y52.625
G1 X62.204 Y52.304
G1 X62.018 Y52.033
G1 X61.685 Y51.811
G1 X61.180 Y51.640
G1 X61.362 Y51.468
G1 X61.655 Y51.410
G1 X62.168 Y51.568
G1 X62.800 Y52.050
G1 X62.903 Y51.990
G1 X62.940 Y51.825
G1 X62.845 Y51.515
G1 X62.323 Y51.100
G1 X61.600 Y50.910
G1 X61.134 Y50.981
G1 X60.785 Y51.195
G1 X60.568 Y51.533
G1 X60.495 Y51.975
G0 Z5.000 F500.000
G0 X61.100 Y52.040 F3000.000
G1 Z1.000 F500.000
G4 P100
G1 X61.565 Y52.240 F1000.000
G1 X61.693 Y52.391
G1 X61.683 Y52.718
G1 X61.540 Y52.775
G1 X61.370 Y52.721
G1 X61.228 Y52.560
G1 X61.100 Y52.040
G0 Z5.000 F500.000
G0 X62.585 Y52.323 F3000.000
G1 Z1.000 F500.000
G4 P100
G1 X62.750 Y52.985 F1000.000
G1 X62.890 Y53.200
G1 X63.328 Y53.230
G1 X63.370 Y53.125
G1 X63.135 Y51.820
G1 X63.240 Y51.630
G1 X63.428 Y51.780
G1 X63.668 Y52.235
G1 X64.038 Y53.200
G1 X64.445 Y53.238
G1 X64.490 Y53.135
G1 X64.225 Y51.660
G1 X64.265 Y51.513
G1 X64.370 Y51.460
G1 X64.608 Y51.583
G1 X65.110 Y52.050
G1 X65.213 Y51.990
G1 X65.250 Y51.825
G1 X65.155 Y51.515
G1 X64.693 Y51.080
G1 X64.429 Y50.953
G1 X63.922 Y50.956
G1 X63.778 Y51.095
G1 X63.665 Y51.615
G1 X63.410 Y51.093
G1 X63.045 Y50.910
G1 X62.841 Y50.962
G1 X62.571 Y51.351
G1 X62.585 Y52.323
G0 Z5.000 F500.000
G0 X63.180 Y53.690 F3000.000
G1 Z1.000 F500.000
G4 P100
G1 X62.910 Y53.940 F1000.000
G1 X62.815 Y54.270
G1 X62.895 Y54.473
G1 X63.100 Y54.550
G1 X63.290 Y54.490
G1 X63.479 Y54.128
G1 X63.660 Y54.075
G1 X64.065 Y54.208
G1 X64.400 Y54.673
G1 X64.658 Y54.658
G1 X64.700 Y54.455
G1 X64.515 Y54.055
G1 X64.145 Y53.728
G1 X63.585 Y53.595
G1 X63.180 Y53.690
G0 Z5.000 F500.000
G0 X65.040 Y52.985 F3000.000
G1 Z1.000 F500.000
G4 P100
G1 X65.188 Y53.198 F1000.000
G1 X65.475 Y53.265
G1 X65.615 Y53.240
G1 X65.655 Y53.145
G1 X65.440 Y51.965
G1 X65.644 Y52.565
G1 X65.895 Y52.965
G1 X66.199 Y53.190
G1 X66.560 Y53.265
G1 X66.792 Y53.224
G1 X67.079 Y52.917
G1 X67.115 Y52.685
G1 X67.023 Y52.330
G1 X66.780 Y52.185
G1 X66.628 Y52.230
G1 X66.588 Y52.741
G1 X66.490 Y52.775
G1 X66.295 Y52.673
G1 X66.143 Y52.398
G1 X66.085 Y52.025
G1 X66.210 Y51.593
G1 X66.570 Y51.430
G1 X66.900 Y51.553
G1 X67.435 Y52.050
G1 X67.538 Y51.990
G1 X67.575 Y51.825
G1 X67.480 Y51.515
G1 X67.030 Y51.078
G1 X66.520 Y50.910
G1 X66.093 Y51.013
G1 X65.780 Y51.260
G1 X65.625 Y51.540
G1 X65.423 Y50.985
G1 X65.200 Y50.910
G1 X65.039 Y50.960
G1 X64.933 Y51.110
G1 X64.855 Y51.750
G1 X65.040 Y52.985
G0 Z5.000 F500.000
G0 X67.220 Y52.323 F3000.000
G1 Z1.000 F500.000
G4 P100
G1 X67.385 Y52.985 F1000.000
G1 X67.525 Y53.200
G1 X67.963 Y53.230
G1 X68.005 Y53.125
G1 X67.770 Y51.820
G1 X67.875 Y51.630
G1 X68.063 Y51.780
G1 X68.303 Y52.235
G1 X68.673 Y53.200
G1 X69.080 Y53.238
G1 X69.125 Y53.135
G1 X68.860 Y51.660
G1 X68.900 Y51.513
G1 X69.005 Y51.460
G1 X69.243 Y51.583
G1 X69.745 Y52.050
G1 X69.848 Y51.990
G1 X69.885 Y51.825
G1 X69.790 Y51.515
G1 X69.328 Y51.080
G1 X69.064 Y50.953
G1 X68.557 Y50.956
G1 X68.413 Y51.095
G1 X68.300 Y51.615
G1 X68.045 Y51.093
G1 X67.680 Y50.910
G1 X67.476 Y50.962
G1 X67.206 Y51.351
G1 X67.220 Y52.323
G0 Z5.000 F500.000
G0 X69.380 Y51.345 F3000.000
G1 Z1.000 F500.000
G4 P100
G1 X69.508 Y51.705 F1000.000
G1 X69.865 Y51.840
G1 X70.198 Y51.733
G1 X70.310 Y51.415
G1 X70.180 Y51.048
G1 X69.825 Y50.910
G1 X69.493 Y51.030
G1 X69.380 Y51.345
G0 Z5.000 F500.000
G0 X85.587 Y111.561 F3000.000
G1 Z1.000 F500.000
G4 P100
G1 X85.260 Y111.770 F1000.000
G1 X85.055 Y112.091
G1 X84.987 Y112.502
G1 X85.027 Y112.882
G1 X85.147 Y113.212
G1 X85.562 Y113.682
G1 X85.824 Y113.806
G1 X86.342 Y113.806
G1 X86.639 Y113.499
G1 X86.677 Y113.267
G1 X86.585 Y112.912
G1 X86.342 Y112.767
G1 X86.190 Y112.812
G1 X86.150 Y113.322
G1 X86.057 Y113.357
G1 X85.842 Y113.255
G1 X85.682 Y112.977
G1 X85.654 Y112.338
G1 X85.906 Y112.048
G1 X86.127 Y112.012
G1 X86.570 Y112.150
G1 X87.172 Y112.632
G1 X87.275 Y112.572
G1 X87.312 Y112.407
G1 X87.217 Y112.097
G1 X86.655 Y111.650
G1 X86.022 Y111.492
G1 X85.587 Y111.561
G0 Z5.000 F500.000
G0 X86.943 Y111.933 F3000.000
G1 Z1.000 F500.000
G4 P100
G1 X86.957 Y112.905 F1000.000
G1 X87.122 Y113.567
G1 X87.262 Y113.782
G1 X87.547 Y113.847
G1 X87.700 Y113.812
G1 X87.742 Y113.707
G1 X87.532 Y112.255
G1 X87.612 Y112.212
G1 X87.800 Y112.362
G1 X88.410 Y113.782
G1 X88.657 Y113.847
G1 X88.817 Y113.820
G1 X88.862 Y113.717
G1 X88.597 Y112.242
G1 X88.637 Y112.095
G1 X88.742 Y112.042
G1 X88.980 Y112.165
G1 X89.482 Y112.632
G1 X89.585 Y112.572
G1 X89.622 Y112.407
G1 X89.527 Y112.097
G1 X89.065 Y111.662
G1 X88.800 Y111.535
G1 X88.294 Y111.538
G1 X88.150 Y111.677
G1 X88.037 Y112.197
G1 X87.782 Y111.675
G1 X87.417 Y111.492
G1 X87.213 Y111.544
G1 X86.943 Y111.933
G0 Z5.000 F500.000
G0 X89.305 Y111.692 F3000.000
G1 Z1.000 F500.000
G4 P100
G1 X89.227 Y112.332 F1000.000
G1 X89.274 Y112.966
G1 X89.412 Y113.567
G1 X89.560 Y113.780
G1 X89.847 Y113.847
G1 X89.987 Y113.822
G1 X90.027 Y113.727
G1 X89.822 Y112.647
G1 X90.192 Y113.347
G1 X90.595 Y113.732
G1 X90.957 Y113.847
G1 X91.201 Y113.766
G1 X91.282 Y113.522
G1 X91.229 Y112.826
G1 X91.322 Y112.782
G1 X91.817 Y113.067
G1 X91.920 Y113.010
G1 X91.957 Y112.857
G1 X91.857 Y112.567
G1 X91.530 Y112.320
G1 X91.132 Y112.217
G1 X90.730 Y112.352
G1 X90.627 Y112.511
G1 X90.562 Y113.082
G1 X90.365 Y112.915
G1 X90.122 Y112.472
G1 X89.800 Y111.575
G1 X89.572 Y111.492
G1 X89.410 Y111.542
G1 X89.305 Y111.692
G0 Z5.000 F500.000
G0 X91.562 Y112.157 F3000.000
G1 Z1.000 F500.000
G4 P100
G1 X91.502 Y113.557 F1000.000
G1 X91.592 Y113.787
G1 X91.847 Y113.852
G1 X92.040 Y113.795
G1 X92.172 Y112.107
G1 X92.622 Y112.817
G1 X92.547 Y113.162
G1 X92.622 Y113.492
G1 X92.827 Y113.752
G1 X93.122 Y113.852
G1 X93.357 Y113.750
G1 X93.447 Y113.452
G1 X93.327 Y112.937
G1 X94.017 Y113.042
G1 X94.132 Y112.992
G1 X94.112 Y112.615
G1 X93.932 Y112.487
G1 X93.442 Y112.412
G1 X93.027 Y112.472
G1 X92.362 Y111.597
G1 X92.032 Y111.492
G1 X91.849 Y111.532
G1 X91.710 Y111.652
G1 X91.562 Y112.157
G0 Z5.000 F500.000
G0 X93.735 Y112.115 F3000.000
G1 Z1.000 F500.000
G4 P100
G1 X93.662 Y112.557 F1000.000
G1 X93.807 Y113.200
G1 X94.210 Y113.672
G1 X94.792 Y113.847
G1 X95.054 Y113.804
G1 X95.257 Y113.675
G1 X95.389 Y113.471
G1 X95.432 Y113.207
G1 X95.370 Y112.886
G1 X95.185 Y112.615
G1 X94.852 Y112.393
G1 X94.347 Y112.222
G1 X94.529 Y112.050
G1 X94.822 Y111.992
G1 X95.335 Y112.150
G1 X95.967 Y112.632
G1 X96.070 Y112.572
G1 X96.107 Y112.407
G1 X96.012 Y112.097
G1 X95.490 Y111.682
G1 X94.767 Y111.492
G1 X94.301 Y111.563
G1 X93.952 Y111.777
G1 X93.735 Y112.115
G0 Z5.000 F500.000
G0 X94.267 Y112.622 F3000.000
G1 Z1.000 F500.000
G4 P100
G1 X94.732 Y112.822 F1000.000
G1 X94.860 Y112.973
G1 X94.850 Y113.300
G1 X94.707 Y113.357
G1 X94.537 Y113.303
G1 X94.395 Y113.142
G1 X94.267 Y112.622
G0 Z5.000 F500.000
G0 X97.107 Y112.762 F3000.000
G1 Z1.000 F500.000
G4 P100
G1 X97.202 Y113.567 F1000.000
G1 X97.312 Y113.780
G1 X97.587 Y113.847
G1 X97.785 Y113.802
G1 X97.832 Y113.677
G1 X97.617 Y112.062
G1 X98.462 Y112.622
G1 X98.565 Y112.560
G1 X98.567 Y112.222
G1 X97.522 Y111.472
G1 X97.299 Y110.543
G1 X97.017 Y109.837
G1 X96.665 Y109.391
G1 X96.227 Y109.242
G1 X95.993 Y109.281
G1 X95.692 Y109.581
G1 X95.652 Y109.812
G1 X95.721 Y110.179
G1 X95.927 Y110.570
G1 X96.324 Y111.019
G1 X96.962 Y111.562
G1 X97.107 Y112.762
G0 Z5.000 F500.000
G0 X96.857 Y110.972 F3000.000
G1 Z1.000 F500.000
G4 P100
G1 X96.310 Y110.385 F1000.000
G1 X96.142 Y109.922
G1 X96.177 Y109.776
G1 X96.282 Y109.727
G1 X96.419 Y109.801
G1 X96.567 Y110.022
G1 X96.857 Y110.972
G0 Z5.000 F500.000
G0 X97.562 Y114.177 F3000.000
G1 Z1.000 F500.000
G4 P100
G1 X97.247 Y114.275 F1000.000
G1 X97.142 Y114.547
G1 X97.280 Y114.840
G1 X97.622 Y114.957
G1 X97.922 Y114.867
G1 X98.037 Y114.612
G1 X97.907 Y114.295
G1 X97.562 Y114.177
G0 Z5.000 F500.000
G0 X98.540 Y113.485 F3000.000
G1 Z1.000 F500.000
G4 P100
G1 X99.036 Y113.810 F1000.000
G1 X99.332 Y113.852
G1 X99.675 Y113.786
G1 X99.945 Y113.590
G1 X100.129 Y113.296
G1 X100.217 Y112.942
G1 X100.847 Y113.052
G1 X100.947 Y112.987
G1 X100.946 Y112.631
G1 X100.837 Y112.537
G1 X100.177 Y112.417
G1 X100.036 Y112.039
G1 X99.802 Y111.745
G1 X99.504 Y111.555
G1 X98.889 Y111.528
G1 X98.655 Y111.637
G1 X98.332 Y112.022
G1 X98.222 Y112.542
G1 X98.367 Y113.220
G1 X98.540 Y113.485
G0 Z5.000 F500.000
G0 X98.880 Y112.898 F3000.000
G1 Z1.000 F500.000
G4 P100
G1 X98.847 Y112.587 F1000.000
G1 X98.955 Y112.167
G1 X99.207 Y112.022
G1 X99.485 Y112.152
G1 X99.642 Y112.527
G1 X99.405 Y112.802
G1 X99.337 Y113.322
G1 X99.135 Y113.274
G1 X98.980 Y113.130
G1 X98.880 Y112.898
G0 Z5.000 F500.000
G0 X100.605 Y112.910 F3000.000
G1 Z1.000 F500.000
G4 P100
G1 X100.752 Y113.567 F1000.000
G1 X100.872 Y113.787
G1 X101.112 Y113.847
G1 X101.304 Y113.805
G1 X101.367 Y113.677
G1 X101.152 Y112.352
G1 X101.192 Y112.122
G1 X101.327 Y112.042
G1 X101.552 Y112.167
G1 X102.047 Y112.632
G1 X102.150 Y112.572
G1 X102.187 Y112.407
G1 X102.092 Y112.097
G1 X101.614 Y111.643
G1 X101.167 Y111.492
G1 X100.887 Y111.550
G1 X100.695 Y111.722
G1 X100.584 Y111.990
G1 X100.605 Y112.910
G0 Z5.000 F500.000
G0 X101.207 Y114.177 F3000.000
G1 Z1.000 F500.000
G4 P100
G1 X100.892 Y114.275 F1000.000
G1 X100.787 Y114.547
G1 X100.925 Y114.840
G1 X101.267 Y114.957
G1 X101.567 Y114.867
G1 X101.682 Y114.612
G1 X101.552 Y114.295
G1 X101.207 Y114.177
G0 Z5.000 F500.000
G0 X102.125 Y113.780 F3000.000
G1 Z1.000 F500.000
G4 P100
G1 X102.412 Y113.847 F1000.000
G1 X102.552 Y113.822
G1 X102.592 Y113.727
G1 X102.387 Y112.647
G1 X102.757 Y113.347
G1 X103.160 Y113.732
G1 X103.522 Y113.847
G1 X103.766 Y113.766
G1 X103.847 Y113.522
G1 X103.642 Y112.242
G1 X103.679 Y112.092
G1 X103.787 Y112.042
G1 X104.025 Y112.165
G1 X104.527 Y112.632
G1 X104.630 Y112.572
G1 X104.667 Y112.407
G1 X104.572 Y112.097
G1 X104.110 Y111.662
G1 X103.845 Y111.535
G1 X103.324 Y111.529
G1 X103.065 Y111.820
G1 X103.032 Y112.067
G1 X103.167 Y113.002
G1 X103.112 Y113.082
G1 X102.930 Y112.915
G1 X102.690 Y112.472
G1 X102.365 Y111.575
G1 X102.137 Y111.492
G1 X101.975 Y111.542
G1 X101.870 Y111.692
G1 X101.792 Y112.332
G1 X101.839 Y112.966
G1 X101.977 Y113.567
G1 X102.125 Y113.780
G0 Z5.000 F500.000
G0 X86.887 Y105.600 F3000.000
G1 Z1.000 F500.000
G4 P100
G1 X87.007 Y105.135 F1000.000
G1 X86.967 Y104.760
G1 X86.845 Y104.410
G1 X86.357 Y103.785
G1 X87.032 Y103.750
G1 X87.032 Y103.469
G1 X86.926 Y103.361
G1 X86.502 Y103.275
G1 X85.892 Y103.275
G1 X85.913 Y102.443
G1 X86.005 Y102.155
G1 X86.163 Y101.998
G1 X86.392 Y101.945
G1 X86.772 Y102.075
G1 X87.297 Y102.535
G1 X87.400 Y102.475
G1 X87.437 Y102.310
G1 X87.342 Y102.000
G1 X86.872 Y101.565
G1 X86.287 Y101.395
G1 X85.841 Y101.485
G1 X85.522 Y101.754
G1 X85.331 Y102.202
G1 X85.282 Y103.275
G1 X84.885 Y103.330
G1 X84.832 Y103.505
G1 X84.889 Y103.715
G1 X85.342 Y103.785
G1 X85.602 Y104.790
G1 X86.025 Y105.515
G1 X86.282 Y105.718
G1 X86.557 Y105.785
G1 X86.745 Y105.739
G1 X86.887 Y105.600
G0 Z5.000 F500.000
G0 X86.422 Y105.305 F3000.000
G1 Z1.000 F500.000
G4 P100
G1 X86.255 Y105.118 F1000.000
G1 X86.080 Y104.598
G1 X85.942 Y103.860
G1 X86.385 Y104.433
G1 X86.532 Y105.010
G1 X86.505 Y105.231
G1 X86.422 Y105.305
G0 Z5.000 F500.000
G0 X87.505 Y103.575 F3000.000
G1 Z1.000 F500.000
G4 P100
G1 X87.779 Y103.706 F1000.000
G1 X88.349 Y103.707
G1 X88.552 Y103.578
G1 X88.684 Y103.374
G1 X88.727 Y103.110
G1 X88.665 Y102.789
G1 X88.480 Y102.518
G1 X88.147 Y102.296
G1 X87.642 Y102.125
G1 X87.824 Y101.953
G1 X88.117 Y101.895
G1 X88.630 Y102.053
G1 X89.262 Y102.535
G1 X89.365 Y102.475
G1 X89.402 Y102.310
G1 X89.307 Y102.000
G1 X88.785 Y101.585
G1 X88.435 Y101.443
G1 X88.062 Y101.395
G1 X87.596 Y101.466
G1 X87.247 Y101.680
G1 X87.030 Y102.018
G1 X86.957 Y102.460
G1 X87.102 Y103.103
G1 X87.505 Y103.575
G0 Z5.000 F500.000
G0 X87.690 Y103.045 F3000.000
G1 Z1.000 F500.000
G4 P100
G1 X87.562 Y102.525 F1000.000
G1 X88.027 Y102.725
G1 X88.197 Y103.050
G1 X88.145 Y103.203
G1 X88.002 Y103.260
G1 X87.832 Y103.206
G1 X87.690 Y103.045
G0 Z5.000 F500.000
G0 X88.837 Y102.135 F3000.000
G1 Z1.000 F500.000
G4 P100
G1 X89.252 Y102.695 F1000.000
G1 X89.677 Y103.585
G1 X89.824 Y103.750
G1 X90.072 Y103.805
G1 X90.267 Y103.780
G1 X90.322 Y103.700
G1 X90.157 Y103.170
G1 X90.615 Y102.423
G1 X90.687 Y101.960
G1 X91.397 Y102.535
G1 X91.500 Y102.475
G1 X91.537 Y102.310
G1 X91.442 Y102.000
G1 X90.965 Y101.578
G1 X89.927 Y101.285
G1 X89.530 Y101.405
G1 X89.392 Y101.675
G1 X89.487 Y101.900
G1 X89.767 Y101.995
G1 X90.052 Y101.965
G1 X89.995 Y102.210
G1 X89.712 Y102.620
G1 X89.405 Y102.130
G1 X89.072 Y101.760
G1 X88.882 Y101.670
G1 X88.752 Y101.728
G1 X88.702 Y101.870
G1 X88.837 Y102.135
G0 Z5.000 F500.000
G0 X90.950 Y103.330 F3000.000
G1 Z1.000 F500.000
G4 P100
G1 X90.897 Y103.505 F1000.000
G1 X90.954 Y103.715
G1 X91.407 Y103.785
G1 X91.667 Y104.790
G1 X92.090 Y105.515
G1 X92.347 Y105.718
G1 X92.622 Y105.785
G1 X92.810 Y105.739
G1 X92.952 Y105.600
G1 X93.072 Y105.135
G1 X93.032 Y104.760
G1 X92.910 Y104.410
G1 X92.422 Y103.785
G1 X93.097 Y103.750
G1 X93.097 Y103.469
G1 X92.991 Y103.361
G1 X92.567 Y103.275
G1 X91.957 Y103.275
G1 X91.978 Y102.443
G1 X92.070 Y102.155
G1 X92.228 Y101.998
G1 X92.457 Y101.945
G1 X92.837 Y102.075
G1 X93.362 Y102.535
G1 X93.465 Y102.475
G1 X93.502 Y102.310
G1 X93.407 Y102.000
G1 X92.937 Y101.565
G1 X92.664 Y101.438
G1 X92.352 Y101.395
G1 X91.906 Y101.485
G1 X91.587 Y101.754
G1 X91.396 Y102.202
G1 X91.347 Y103.275
G1 X90.950 Y103.330
G0 Z5.000 F500.000
G0 X92.007 Y103.860 F3000.000
G1 Z1.000 F500.000
G4 P100
G1 X92.450 Y104.433 F1000.000
G1 X92.597 Y105.010
G1 X92.570 Y105.231
G1 X92.487 Y105.305
G1 X92.320 Y105.118
G1 X92.145 Y104.598
G1 X92.007 Y103.860
G0 Z5.000 F500.000
G0 X94.407 Y103.975 F3000.000
G1 Z1.000 F500.000
G4 P100
G1 X94.490 Y104.208 F1000.000
G1 X94.712 Y104.310
G1 X96.177 Y104.240
G1 X96.587 Y104.330
G1 X96.720 Y104.258
G1 X96.772 Y104.040
G1 X96.717 Y103.838
G1 X96.013 Y103.244
G1 X95.725 Y102.800
G1 X95.360 Y101.490
G1 X95.127 Y101.395
G1 X94.892 Y101.493
G1 X94.797 Y101.835
G1 X94.905 Y102.463
G1 X95.250 Y103.145
G1 X95.852 Y103.750
G1 X94.622 Y103.730
G1 X94.462 Y103.800
G1 X94.407 Y103.975
G0 Z5.000 F500.000
G0 X96.982 Y103.255 F3000.000
G1 Z1.000 F500.000
G4 P100
G1 X97.110 Y103.615 F1000.000
G1 X97.467 Y103.750
G1 X97.800 Y103.643
G1 X97.912 Y103.325
G1 X97.782 Y102.958
G1 X97.427 Y102.820
G1 X97.095 Y102.940
G1 X96.982 Y103.255
G0 Z5.000 F500.000
G0 X97.292 Y102.325 F3000.000
G1 Z1.000 F500.000
G4 P100
G1 X97.625 Y102.218 F1000.000
G1 X97.737 Y101.900
G1 X97.607 Y101.533
G1 X97.252 Y101.395
G1 X96.920 Y101.515
G1 X96.807 Y101.830
G1 X96.935 Y102.190
G1 X97.292 Y102.325
G0 Z5.000 F500.000
G0 X88.291 Y93.572 F3000.000
G1 Z1.000 F500.000
G4 P100
G1 X88.372 Y93.328 F1000.000
G1 X88.167 Y92.048
G1 X88.204 Y91.898
G1 X88.312 Y91.848
G1 X88.550 Y91.971
G1 X89.052 Y92.438
G1 X89.155 Y92.378
G1 X89.192 Y92.213
G1 X89.097 Y91.903
G1 X88.635 Y91.468
G1 X88.072 Y91.298
G1 X87.687 Y91.446
G1 X87.557 Y91.873
G1 X87.692 Y92.808
G1 X87.637 Y92.888
G1 X87.452 Y92.721
G1 X87.212 Y92.278
G1 X86.890 Y91.378
G1 X86.657 Y91.298
G1 X86.410 Y91.456
G1 X86.327 Y91.838
G1 X86.417 Y92.808
G1 X86.362 Y92.888
G1 X86.172 Y92.708
G1 X85.950 Y92.248
G1 X85.650 Y91.381
G1 X85.422 Y91.298
G1 X85.260 Y91.348
G1 X85.155 Y91.498
G1 X85.077 Y92.138
G1 X85.124 Y92.772
G1 X85.262 Y93.373
G1 X85.410 Y93.586
G1 X85.697 Y93.653
G1 X85.837 Y93.628
G1 X85.877 Y93.533
G1 X85.672 Y92.458
G1 X85.995 Y93.118
G1 X86.380 Y93.521
G1 X86.752 Y93.653
G1 X87.000 Y93.573
G1 X87.072 Y93.328
G1 X86.922 Y92.478
G1 X87.186 Y93.009
G1 X87.477 Y93.373
G1 X87.772 Y93.583
G1 X88.047 Y93.653
G1 X88.291 Y93.572
G0 Z5.000 F500.000
G0 X88.987 Y93.373 F3000.000
G1 Z1.000 F500.000
G4 P100
G1 X89.107 Y93.593 F1000.000
G1 X89.347 Y93.653
G1 X89.539 Y93.611
G1 X89.602 Y93.483
G1 X89.387 Y92.158
G1 X89.427 Y91.928
G1 X89.562 Y91.848
G1 X89.787 Y91.973
G1 X90.282 Y92.438
G1 X90.385 Y92.378
G1 X90.422 Y92.213
G1 X90.327 Y91.903
G1 X89.849 Y91.449
G1 X89.402 Y91.298
G1 X89.122 Y91.356
G1 X88.930 Y91.528
G1 X88.819 Y91.796
G1 X88.840 Y92.716
G1 X88.987 Y93.373
G0 Z5.000 F500.000
G0 X89.127 Y94.081 F3000.000
G1 Z1.000 F500.000
G4 P100
G1 X89.022 Y94.353 F1000.000
G1 X89.160 Y94.646
G1 X89.502 Y94.763
G1 X89.802 Y94.673
G1 X89.917 Y94.418
G1 X89.787 Y94.101
G1 X89.442 Y93.983
G1 X89.127 Y94.081
G0 Z5.000 F500.000
G0 X90.212 Y93.373 F3000.000
G1 Z1.000 F500.000
G4 P100
G1 X90.360 Y93.586 F1000.000
G1 X90.787 Y93.628
G1 X90.827 Y93.533
G1 X90.622 Y92.453
G1 X90.992 Y93.153
G1 X91.395 Y93.538
G1 X91.757 Y93.653
G1 X92.001 Y93.572
G1 X92.082 Y93.328
G1 X91.877 Y92.048
G1 X91.914 Y91.898
G1 X92.022 Y91.848
G1 X92.260 Y91.971
G1 X92.762 Y92.438
G1 X92.865 Y92.378
G1 X92.902 Y92.213
G1 X92.807 Y91.903
G1 X92.345 Y91.468
G1 X92.080 Y91.341
G1 X91.559 Y91.335
G1 X91.300 Y91.626
G1 X91.267 Y91.873
G1 X91.402 Y92.808
G1 X91.347 Y92.888
G1 X91.165 Y92.721
G1 X90.925 Y92.278
G1 X90.600 Y91.381
G1 X90.372 Y91.298
G1 X90.210 Y91.348
G1 X90.105 Y91.498
G1 X90.027 Y92.138
G1 X90.212 Y93.373
G0 Z5.000 F500.000
G0 X92.550 Y92.716 F3000.000
G1 Z1.000 F500.000
G4 P100
G1 X92.697 Y93.373 F1000.000
G1 X92.817 Y93.593
G1 X93.057 Y93.653
G1 X93.249 Y93.611
G1 X93.312 Y93.483
G1 X93.097 Y92.158
G1 X93.137 Y91.928
G1 X93.272 Y91.848
G1 X93.497 Y91.973
G1 X93.992 Y92.438
G1 X94.095 Y92.378
G1 X94.132 Y92.213
G1 X94.037 Y91.903
G1 X93.559 Y91.449
G1 X93.112 Y91.298
G1 X92.832 Y91.356
G1 X92.640 Y91.528
G1 X92.529 Y91.796
G1 X92.550 Y92.716
G0 Z5.000 F500.000
G0 X93.152 Y93.983 F3000.000
G1 Z1.000 F500.000
G4 P100
G1 X92.837 Y94.081 F1000.000
G1 X92.732 Y94.353
G1 X92.870 Y94.646
G1 X93.212 Y94.763
G1 X93.512 Y94.673
G1 X93.627 Y94.418
G1 X93.497 Y94.101
G1 X93.152 Y93.983
G0 Z5.000 F500.000
G0 X94.070 Y93.586 F3000.000
G1 Z1.000 F500.000
G4 P100
G1 X94.357 Y93.653 F1000.000
G1 X94.497 Y93.628
G1 X94.537 Y93.533
G1 X94.332 Y92.458
G1 X94.655 Y93.118
G1 X95.040 Y93.521
G1 X95.412 Y93.653
G1 X95.660 Y93.573
G1 X95.732 Y93.328
G1 X95.582 Y92.478
G1 X95.846 Y93.009
G1 X96.137 Y93.373
G1 X96.432 Y93.583
G1 X96.707 Y93.653
G1 X96.951 Y93.572
G1 X97.032 Y93.328
G1 X96.827 Y92.048
G1 X96.864 Y91.898
G1 X96.972 Y91.848
G1 X97.210 Y91.971
G1 X97.712 Y92.438
G1 X97.815 Y92.378
G1 X97.852 Y92.213
G1 X97.757 Y91.903
G1 X97.295 Y91.468
G1 X97.030 Y91.341
G1 X96.509 Y91.335
G1 X96.250 Y91.626
G1 X96.217 Y91.873
G1 X96.352 Y92.808
G1 X96.297 Y92.888
G1 X96.112 Y92.721
G1 X95.872 Y92.278
G1 X95.550 Y91.378
G1 X95.317 Y91.298
G1 X95.173 Y91.337
G1 X95.070 Y91.456
G1 X94.987 Y91.838
G1 X95.077 Y92.808
G1 X95.022 Y92.888
G1 X94.832 Y92.708
G1 X94.610 Y92.248
G1 X94.310 Y91.381
G1 X94.082 Y91.298
G1 X93.920 Y91.348
G1 X93.815 Y91.498
G1 X93.737 Y92.138
G1 X93.784 Y92.772
G1 X93.922 Y93.373
G1 X94.070 Y93.586
G0 Z5.000 F500.000
G0 X97.497 Y92.711 F3000.000
G1 Z1.000 F500.000
G4 P100
G1 X97.662 Y93.373 F1000.000
G1 X97.802 Y93.588
G1 X98.240 Y93.618
G1 X98.282 Y93.513
G1 X98.047 Y92.208
G1 X98.152 Y92.018
G1 X98.340 Y92.168
G1 X98.580 Y92.623
G1 X98.950 Y93.588
G1 X99.357 Y93.626
G1 X99.402 Y93.523
G1 X99.137 Y92.048
G1 X99.177 Y91.901
G1 X99.282 Y91.848
G1 X99.520 Y91.971
G1 X100.022 Y92.438
G1 X100.125 Y92.378
G1 X100.162 Y92.213
G1 X100.067 Y91.903
G1 X99.605 Y91.468
G1 X99.340 Y91.341
G1 X98.834 Y91.344
G1 X98.690 Y91.483
G1 X98.577 Y92.003
G1 X98.322 Y91.481
G1 X97.957 Y91.298
G1 X97.753 Y91.350
G1 X97.483 Y91.739
G1 X97.497 Y92.711
G0 Z5.000 F500.000
G0 X99.767 Y92.138 F3000.000
G1 Z1.000 F500.000
G4 P100
G1 X99.952 Y93.373 F1000.000
G1 X100.100 Y93.586
G1 X100.387 Y93.653
G1 X100.527 Y93.628
G1 X100.567 Y93.533
G1 X100.362 Y92.458
G1 X100.685 Y93.118
G1 X101.070 Y93.521
G1 X101.442 Y93.653
G1 X101.690 Y93.573
G1 X101.762 Y93.328
G1 X101.612 Y92.478
G1 X101.876 Y93.009
G1 X102.167 Y93.373
G1 X102.462 Y93.583
G1 X102.737 Y93.653
G1 X102.981 Y93.572
G1 X103.062 Y93.328
G1 X102.857 Y92.048
G1 X102.894 Y91.898
G1 X103.002 Y91.848
G1 X103.240 Y91.971
G1 X103.742 Y92.438
G1 X103.845 Y92.378
G1 X103.882 Y92.213
G1 X103.787 Y91.903
G1 X103.325 Y91.468
G1 X102.762 Y91.298
G1 X102.539 Y91.335
G1 X102.280 Y91.626
G1 X102.247 Y91.873
G1 X102.382 Y92.808
G1 X102.327 Y92.888
G1 X102.142 Y92.721
G1 X101.902 Y92.278
G1 X101.580 Y91.378
G1 X101.347 Y91.298
G1 X101.100 Y91.456
G1 X101.017 Y91.838
G1 X101.107 Y92.808
G1 X101.052 Y92.888
G1 X100.862 Y92.708
G1 X100.640 Y92.248
G1 X100.340 Y91.381
G1 X100.112 Y91.298
G1 X99.950 Y91.348
G1 X99.845 Y91.498
G1 X99.767 Y92.138
G0 Z5.000 F500.000
G0 X104.024 Y90.304 F3000.000
G1 Z1.000 F500.000
G4 P100
G1 X104.479 Y91.601 F1000.000
G1 X104.887 Y92.353
G1 X104.877 Y93.368
G1 X104.992 Y93.598
G1 X105.292 Y93.683
G1 X105.445 Y93.641
G1 X105.502 Y93.288
G1 X105.817 Y93.576
G1 X106.147 Y93.663
G1 X106.402 Y93.607
G1 X106.605 Y93.438
G1 X106.738 Y93.178
G1 X106.782 Y92.848
G1 X106.697 Y92.333
G1 X106.462 Y91.878
G1 X106.637 Y91.848
G1 X106.952 Y91.968
G1 X107.337 Y92.368
G1 X107.472 Y92.438
G1 X107.575 Y92.378
G1 X107.612 Y92.213
G1 X107.517 Y91.903
G1 X107.055 Y91.468
G1 X106.492 Y91.298
G1 X106.252 Y91.346
G1 X106.062 Y91.488
G1 X105.467 Y91.298
G1 X105.361 Y90.412
G1 X105.172 Y89.686
G1 X104.889 Y89.200
G1 X104.706 Y89.079
G1 X104.262 Y89.087
G1 X104.097 Y89.233
G1 X103.967 Y89.773
G1 X104.024 Y90.304
G0 Z5.000 F500.000
G0 X104.412 Y89.858 F3000.000
G1 Z1.000 F500.000
G4 P100
G1 X104.450 Y89.613 F1000.000
G1 X104.537 Y89.528
G1 X104.661 Y89.675
G1 X104.762 Y90.116
G1 X104.877 Y91.578
G1 X104.537 Y90.623
G1 X104.412 Y89.858
G0 Z5.000 F500.000
G0 X105.492 Y91.778 F3000.000
G1 Z1.000 F500.000
G4 P100
G1 X105.825 Y91.976 F1000.000
G1 X106.067 Y92.366
G1 X106.157 Y92.853
G1 X106.097 Y93.081
G1 X105.937 Y93.158
G1 X105.739 Y93.063
G1 X105.502 Y92.778
G1 X105.492 Y91.778
G0 Z5.000 F500.000
G0 X107.132 Y92.363 F3000.000
G1 Z1.000 F500.000
G4 P100
G1 X107.277 Y93.006 F1000.000
G1 X107.450 Y93.272
G1 X107.954 Y93.609
G1 X108.262 Y93.653
G1 X108.524 Y93.610
G1 X108.727 Y93.481
G1 X108.859 Y93.277
G1 X108.902 Y93.013
G1 X108.840 Y92.692
G1 X108.655 Y92.421
G1 X108.322 Y92.199
G1 X107.817 Y92.028
G1 X107.999 Y91.856
G1 X108.292 Y91.798
G1 X108.805 Y91.956
G1 X109.437 Y92.438
G1 X109.540 Y92.378
G1 X109.577 Y92.213
G1 X109.482 Y91.903
G1 X108.960 Y91.488
G1 X108.237 Y91.298
G1 X107.771 Y91.369
G1 X107.422 Y91.583
G1 X107.205 Y91.921
G1 X107.132 Y92.363
G0 Z5.000 F500.000
G0 X107.737 Y92.428 F3000.000
G1 Z1.000 F500.000
G4 P100
G1 X108.202 Y92.628 F1000.000
G1 X108.330 Y92.779
G1 X108.320 Y93.106
G1 X108.177 Y93.163
G1 X108.007 Y93.109
G1 X107.865 Y92.948
G1 X107.737 Y92.428
G0 Z5.000 F500.000
G0 X109.229 Y92.772 F3000.000
G1 Z1.000 F500.000
G4 P100
G1 X109.367 Y93.373 F1000.000
G1 X109.515 Y93.586
G1 X109.802 Y93.653
G1 X109.942 Y93.628
G1 X109.982 Y93.533
G1 X109.777 Y92.453
G1 X110.147 Y93.153
G1 X110.550 Y93.538
G1 X110.912 Y93.653
G1 X111.156 Y93.572
G1 X111.237 Y93.328
G1 X111.032 Y92.048
G1 X111.069 Y91.898
G1 X111.177 Y91.848
G1 X111.415 Y91.971
G1 X111.917 Y92.438
G1 X112.020 Y92.378
G1 X112.057 Y92.213
G1 X111.962 Y91.903
G1 X111.500 Y91.468
G1 X111.235 Y91.341
G1 X110.714 Y91.335
G1 X110.455 Y91.626
G1 X110.422 Y91.873
G1 X110.557 Y92.808
G1 X110.502 Y92.888
G1 X110.320 Y92.721
G1 X110.080 Y92.278
G1 X109.755 Y91.381
G1 X109.527 Y91.298
G1 X109.365 Y91.348
G1 X109.260 Y91.498
G1 X109.182 Y92.138
G1 X109.229 Y92.772
G0 Z5.000 F500.000
G0 X86.938 Y85.433 F3000.000
G1 Z1.000 F500.000
G4 P100
G1 X86.972 Y85.066 F1000.000
G1 X86.890 Y84.424
G1 X86.642 Y83.686
G1 X86.254 Y82.905
G1 X85.747 Y82.131
G1 X85.862 Y81.839
G1 X86.072 Y81.751
G1 X86.432 Y81.869
G1 X86.962 Y82.341
G1 X87.065 Y82.281
G1 X87.102 Y82.116
G1 X87.007 Y81.806
G1 X86.540 Y81.371
G1 X86.270 Y81.244
G1 X85.967 Y81.201
G1 X85.584 Y81.301
G1 X85.315 Y81.601
G1 X85.155 Y82.060
G1 X85.102 Y82.636
G1 X85.260 Y84.026
G1 X85.455 Y84.751
G1 X85.725 Y85.366
G1 X86.062 Y85.786
G1 X86.457 Y85.926
G1 X86.672 Y85.870
G1 X86.835 Y85.704
G1 X86.938 Y85.433
G0 Z5.000 F500.000
G0 X86.452 Y85.336 F3000.000
G1 Z1.000 F500.000
G4 P100
G1 X86.347 Y85.431 F1000.000
G1 X86.225 Y85.327
G1 X86.087 Y85.016
G1 X85.832 Y83.986
G1 X85.712 Y82.806
G1 X86.277 Y83.979
G1 X86.435 Y84.540
G1 X86.452 Y85.336
G0 Z5.000 F500.000
G0 X87.070 Y84.549 F3000.000
G1 Z1.000 F500.000
G4 P100
G1 X87.412 Y84.666 F1000.000
G1 X87.712 Y84.576
G1 X87.827 Y84.321
G1 X87.697 Y84.004
G1 X87.352 Y83.886
G1 X87.037 Y83.984
G1 X86.932 Y84.256
G1 X87.070 Y84.549
G0 Z5.000 F500.000
G0 X87.017 Y83.496 F3000.000
G1 Z1.000 F500.000
G4 P100
G1 X87.257 Y83.556 F1000.000
G1 X87.449 Y83.514
G1 X87.512 Y83.386
G1 X87.297 Y82.061
G1 X87.337 Y81.831
G1 X87.472 Y81.751
G1 X87.697 Y81.876
G1 X88.192 Y82.341
G1 X88.295 Y82.281
G1 X88.332 Y82.116
G1 X88.237 Y81.806
G1 X87.759 Y81.352
G1 X87.312 Y81.201
G1 X87.032 Y81.259
G1 X86.840 Y81.431
G1 X86.729 Y81.699
G1 X86.750 Y82.619
G1 X86.897 Y83.276
G1 X87.017 Y83.496
G0 Z5.000 F500.000
G0 X87.999 Y82.663 F3000.000
G1 Z1.000 F500.000
G4 P100
G1 X88.155 Y83.644 F1000.000
G1 X88.401 Y84.546
G1 X88.725 Y85.279
G1 X89.105 Y85.764
G1 X89.522 Y85.926
G1 X89.732 Y85.874
G1 X89.989 Y85.470
G1 X90.022 Y85.151
G1 X89.934 Y84.550
G1 X89.671 Y83.924
G1 X89.232 Y83.270
G1 X88.617 Y82.591
G1 X88.602 Y80.674
G1 X88.717 Y80.131
G1 X88.830 Y80.261
G1 X88.867 Y80.651
G1 X88.672 Y82.176
G1 X88.715 Y82.341
G1 X88.957 Y82.591
G1 X89.922 Y82.626
G1 X90.027 Y82.574
G1 X90.062 Y82.416
G1 X89.907 Y82.120
G1 X89.442 Y82.021
G1 X89.097 Y82.066
G1 X89.247 Y80.756
G1 X89.204 Y80.280
G1 X89.072 Y79.931
G1 X88.870 Y79.717
G1 X88.612 Y79.646
G1 X88.304 Y79.774
G1 X88.100 Y80.156
G1 X87.985 Y80.796
G1 X87.947 Y81.696
G1 X87.999 Y82.663
G0 Z5.000 F500.000
G0 X88.707 Y83.256 F3000.000
G1 Z1.000 F500.000
G4 P100
G1 X89.061 Y83.720 F1000.000
G1 X89.485 Y84.680
G1 X89.542 Y85.126
G1 X89.511 Y85.355
G1 X89.417 Y85.431
G1 X89.195 Y85.126
G1 X88.932 Y84.319
G1 X88.707 Y83.256
G0 Z5.000 F500.000
G0 X89.604 Y83.521 F3000.000
G1 Z1.000 F500.000
G4 P100
G1 X90.057 Y83.591 F1000.000
G1 X90.317 Y84.596
G1 X90.740 Y85.321
G1 X90.997 Y85.524
G1 X91.272 Y85.591
G1 X91.460 Y85.545
G1 X91.602 Y85.406
G1 X91.722 Y84.941
G1 X91.682 Y84.566
G1 X91.560 Y84.216
G1 X91.072 Y83.591
G1 X91.747 Y83.556
G1 X91.747 Y83.275
G1 X91.641 Y83.167
G1 X91.217 Y83.081
G1 X90.607 Y83.081
G1 X90.628 Y82.249
G1 X90.720 Y81.961
G1 X90.878 Y81.804
G1 X91.107 Y81.751
G1 X91.487 Y81.881
G1 X92.012 Y82.341
G1 X92.115 Y82.281
G1 X92.152 Y82.116
G1 X92.057 Y81.806
G1 X91.587 Y81.371
G1 X91.314 Y81.244
G1 X91.002 Y81.201
G1 X90.556 Y81.291
G1 X90.237 Y81.560
G1 X90.046 Y82.008
G1 X89.997 Y83.081
G1 X89.600 Y83.136
G1 X89.547 Y83.311
G1 X89.604 Y83.521
G0 Z5.000 F500.000
G0 X90.657 Y83.666 F3000.000
G1 Z1.000 F500.000
G4 P100
G1 X91.100 Y84.239 F1000.000
G1 X91.247 Y84.816
G1 X91.220 Y85.037
G1 X91.137 Y85.111
G1 X90.970 Y84.924
G1 X90.795 Y84.404
G1 X90.657 Y83.666
G0 Z5.000 F500.000
G0 X92.427 Y83.391 F3000.000
G1 Z1.000 F500.000
G4 P100
G1 X92.574 Y83.556 F1000.000
G1 X92.822 Y83.611
G1 X93.017 Y83.586
G1 X93.072 Y83.506
G1 X92.907 Y82.976
G1 X93.365 Y82.229
G1 X93.437 Y81.766
G1 X94.012 Y82.271
G1 X94.147 Y82.341
G1 X94.250 Y82.281
G1 X94.287 Y82.116
G1 X94.192 Y81.806
G1 X93.715 Y81.384
G1 X92.677 Y81.091
G1 X92.280 Y81.211
G1 X92.142 Y81.481
G1 X92.237 Y81.706
G1 X92.517 Y81.801
G1 X92.802 Y81.771
G1 X92.745 Y82.016
G1 X92.462 Y82.426
G1 X91.822 Y81.566
G1 X91.632 Y81.476
G1 X91.502 Y81.534
G1 X91.452 Y81.676
G1 X91.522 Y81.861
G1 X92.002 Y82.501
G1 X92.427 Y83.391
G0 Z5.000 F500.000
G0 X95.189 Y82.405 F3000.000
G1 Z1.000 F500.000
G4 P100
G1 X95.543 Y83.096 F1000.000
G1 X95.820 Y83.349
G1 X96.137 Y83.512
G1 X96.472 Y83.566
G1 X96.620 Y83.524
G1 X96.682 Y83.371
G1 X97.086 Y83.347
G1 X97.147 Y83.216
G1 X96.957 Y81.916
G1 X96.995 Y81.796
G1 X97.092 Y81.751
G1 X97.322 Y81.874
G1 X97.822 Y82.341
G1 X97.925 Y82.281
G1 X97.962 Y82.116
G1 X97.867 Y81.806
G1 X97.432 Y81.376
G1 X96.987 Y81.201
G1 X96.685 Y81.314
G1 X96.477 Y81.621
G1 X96.184 Y81.306
G1 X95.822 Y81.201
G1 X95.544 Y81.257
G1 X95.327 Y81.426
G1 X95.189 Y81.686
G1 X95.189 Y82.405
G0 Z5.000 F500.000
G0 X95.767 Y82.011 F3000.000
G1 Z1.000 F500.000
G4 P100
G1 X95.830 Y81.781 F1000.000
G1 X96.002 Y81.706
G1 X96.212 Y81.836
G1 X96.357 Y82.181
G1 X96.542 Y83.101
G1 X96.155 Y82.944
G1 X95.872 Y82.541
G1 X95.767 Y82.011
G0 Z5.000 F500.000
G0 X97.614 Y82.675 F3000.000
G1 Z1.000 F500.000
G4 P100
G1 X97.752 Y83.276 F1000.000
G1 X97.900 Y83.489
G1 X98.187 Y83.556
G1 X98.327 Y83.531
G1 X98.367 Y83.436
G1 X98.162 Y82.356
G1 X98.532 Y83.056
G1 X98.935 Y83.441
G1 X99.297 Y83.556
G1 X99.541 Y83.475
G1 X99.622 Y83.231
G1 X99.417 Y81.951
G1 X99.454 Y81.801
G1 X99.562 Y81.751
G1 X99.800 Y81.874
G1 X100.302 Y82.341
G1 X100.405 Y82.281
G1 X100.442 Y82.116
G1 X100.347 Y81.806
G1 X99.885 Y81.371
G1 X99.620 Y81.244
G1 X99.099 Y81.238
G1 X98.840 Y81.529
G1 X98.807 Y81.776
G1 X98.942 Y82.711
G1 X98.887 Y82.791
G1 X98.705 Y82.624
G1 X98.465 Y82.181
G1 X98.140 Y81.284
G1 X97.912 Y81.201
G1 X97.750 Y81.251
G1 X97.645 Y81.401
G1 X97.567 Y82.041
G1 X97.614 Y82.675
G0 Z5.000 F500.000
G0 X99.972 Y82.021 F3000.000
G1 Z1.000 F500.000
G4 P100
G1 X100.015 Y82.407 F1000.000
G1 X100.344 Y83.075
G1 X100.925 Y83.497
G1 X101.277 Y83.581
G1 X101.415 Y84.480
G1 X101.640 Y85.239
G1 X101.949 Y85.754
G1 X102.135 Y85.883
G1 X102.539 Y85.877
G1 X102.700 Y85.731
G1 X102.807 Y85.486
G1 X102.774 Y84.534
G1 X102.567 Y83.831
G1 X101.832 Y82.291
G1 X101.920 Y81.876
G1 X102.092 Y81.751
G1 X102.367 Y81.871
G1 X102.877 Y82.341
G1 X102.980 Y82.281
G1 X103.017 Y82.116
G1 X102.922 Y81.806
G1 X102.229 Y81.245
G1 X101.987 Y81.201
G1 X101.652 Y81.312
G1 X101.407 Y81.646
G1 X101.040 Y81.291
G1 X100.672 Y81.201
G1 X100.394 Y81.258
G1 X100.170 Y81.429
G1 X100.022 Y81.690
G1 X99.972 Y82.021
G0 Z5.000 F500.000
G0 X100.660 Y81.797 F3000.000
G1 Z1.000 F500.000
G4 P100
G1 X100.847 Y81.706 F1000.000
G1 X101.037 Y81.784
G1 X101.277 Y82.071
G1 X101.237 Y83.066
G1 X100.985 Y82.932
G1 X100.643 Y82.400
G1 X100.597 Y82.071
G1 X100.660 Y81.797
G0 Z5.000 F500.000
G0 X101.837 Y83.076 F3000.000
G1 Z1.000 F500.000
G4 P100
G1 X102.257 Y84.176 F1000.000
G1 X102.397 Y85.036
G1 X102.287 Y85.436
G1 X102.097 Y85.099
G1 X101.837 Y83.076
G0 Z5.000 F500.000
G0 X87.570 Y72.184 F3000.000
G1 Z1.000 F500.000
G4 P100
G1 X87.607 Y72.019 F1000.000
G1 X87.512 Y71.709
G1 X87.035 Y71.287
G1 X86.472 Y71.164
G1 X86.254 Y71.037
G1 X85.997 Y70.994
G1 X85.600 Y71.114
G1 X85.462 Y71.384
G1 X85.557 Y71.609
G1 X85.837 Y71.704
G1 X86.122 Y71.674
G1 X86.065 Y71.919
G1 X85.782 Y72.329
G1 X85.142 Y71.469
G1 X84.952 Y71.379
G1 X84.822 Y71.437
G1 X84.772 Y71.579
G1 X85.322 Y72.404
G1 X85.747 Y73.294
G1 X85.894 Y73.459
G1 X86.142 Y73.514
G1 X86.337 Y73.489
G1 X86.392 Y73.409
G1 X86.227 Y72.879
G1 X86.685 Y72.132
G1 X86.757 Y71.669
G1 X87.332 Y72.174
G1 X87.467 Y72.244
G1 X87.570 Y72.184
G0 Z5.000 F500.000
G0 X87.402 Y72.539 F3000.000
G1 Z1.000 F500.000
G4 P100
G1 X87.417 Y72.984 F1000.000
G1 X87.020 Y73.039
G1 X86.967 Y73.214
G1 X87.024 Y73.424
G1 X87.477 Y73.494
G1 X87.737 Y74.499
G1 X88.160 Y75.224
G1 X88.417 Y75.427
G1 X88.692 Y75.494
G1 X88.880 Y75.448
G1 X89.022 Y75.309
G1 X89.142 Y74.844
G1 X89.102 Y74.469
G1 X88.980 Y74.119
G1 X88.492 Y73.494
G1 X89.167 Y73.459
G1 X89.167 Y73.178
G1 X89.061 Y73.070
G1 X88.637 Y72.984
G1 X88.027 Y72.984
G1 X88.048 Y72.152
G1 X88.140 Y71.864
G1 X88.298 Y71.707
G1 X88.527 Y71.654
G1 X88.907 Y71.784
G1 X89.432 Y72.244
G1 X89.535 Y72.184
G1 X89.572 Y72.019
G1 X89.477 Y71.709
G1 X89.007 Y71.274
G1 X88.734 Y71.147
G1 X88.422 Y71.104
G1 X87.976 Y71.194
G1 X87.657 Y71.463
G1 X87.466 Y71.911
G1 X87.402 Y72.539
G0 Z5.000 F500.000
G0 X88.077 Y73.569 F3000.000
G1 Z1.000 F500.000
G4 P100
G1 X88.520 Y74.142 F1000.000
G1 X88.667 Y74.719
G1 X88.640 Y74.940
G1 X88.557 Y75.014
G1 X88.390 Y74.827
G1 X88.215 Y74.307
G1 X88.077 Y73.569
G0 Z5.000 F500.000
G0 X89.503 Y72.999 F3000.000
G1 Z1.000 F500.000
G4 P100
G1 X90.097 Y73.415 F1000.000
G1 X90.432 Y73.469
G1 X90.580 Y73.427
G1 X90.642 Y73.274
G1 X91.046 Y73.250
G1 X91.107 Y73.119
G1 X90.917 Y71.819
G1 X90.955 Y71.699
G1 X91.052 Y71.654
G1 X91.282 Y71.777
G1 X91.782 Y72.244
G1 X91.885 Y72.184
G1 X91.922 Y72.019
G1 X91.827 Y71.709
G1 X91.392 Y71.279
G1 X90.947 Y71.104
G1 X90.645 Y71.217
G1 X90.437 Y71.524
G1 X90.144 Y71.209
G1 X89.782 Y71.104
G1 X89.504 Y71.160
G1 X89.287 Y71.329
G1 X89.149 Y71.589
G1 X89.102 Y71.919
G1 X89.149 Y72.308
G1 X89.503 Y72.999
G0 Z5.000 F500.000
G0 X89.832 Y72.444 F3000.000
G1 Z1.000 F500.000
G4 P100
G1 X89.727 Y71.914 F1000.000
G1 X89.790 Y71.684
G1 X89.962 Y71.609
G1 X90.172 Y71.739
G1 X90.317 Y72.084
G1 X90.502 Y73.004
G1 X90.115 Y72.847
G1 X89.832 Y72.444
G0 Z5.000 F500.000
G0 X91.552 Y72.604 F3000.000
G1 Z1.000 F500.000
G4 P100
G1 X91.712 Y74.007 F1000.000
G1 X91.909 Y74.708
G1 X92.180 Y75.297
G1 X92.517 Y75.696
G1 X92.912 Y75.829
G1 X93.120 Y75.780
G1 X93.387 Y75.405
G1 X93.422 Y75.119
G1 X93.267 Y74.304
G1 X92.752 Y73.454
G1 X93.056 Y73.372
G1 X93.297 Y73.177
G1 X93.465 Y72.895
G1 X93.547 Y72.554
G1 X94.177 Y72.664
G1 X94.277 Y72.599
G1 X94.277 Y72.242
G1 X94.167 Y72.149
G1 X93.507 Y72.029
G1 X93.363 Y71.654
G1 X93.130 Y71.359
G1 X92.838 Y71.168
G1 X92.517 Y71.104
G1 X92.081 Y71.200
G1 X91.782 Y71.489
G1 X91.610 Y71.960
G1 X91.552 Y72.604
G0 Z5.000 F500.000
G0 X92.177 Y72.219 F3000.000
G1 Z1.000 F500.000
G4 P100
G1 X92.285 Y71.784 F1000.000
G1 X92.537 Y71.634
G1 X92.812 Y71.764
G1 X92.972 Y72.139
G1 X92.735 Y72.414
G1 X92.672 Y72.964
G1 X92.473 Y72.913
G1 X92.315 Y72.762
G1 X92.177 Y72.219
G0 Z5.000 F500.000
G0 X92.212 Y73.114 F3000.000
G1 Z1.000 F500.000
G4 P100
G1 X92.888 Y74.618 F1000.000
G1 X92.937 Y75.004
G1 X92.900 Y75.249
G1 X92.797 Y75.334
G1 X92.580 Y75.037
G1 X92.362 Y74.229
G1 X92.212 Y73.114
G0 Z5.000 F500.000
G0 X94.075 Y73.929 F3000.000
G1 Z1.000 F500.000
G4 P100
G1 X94.270 Y74.654 F1000.000
G1 X94.540 Y75.269
G1 X94.877 Y75.689
G1 X95.272 Y75.829
G1 X95.487 Y75.773
G1 X95.650 Y75.607
G1 X95.753 Y75.336
G1 X95.787 Y74.969
G1 X95.705 Y74.327
G1 X95.457 Y73.589
G1 X95.069 Y72.808
G1 X94.562 Y72.034
G1 X94.677 Y71.742
G1 X94.887 Y71.654
G1 X95.247 Y71.772
G1 X95.777 Y72.244
G1 X95.880 Y72.184
G1 X95.917 Y72.019
G1 X95.822 Y71.709
G1 X95.355 Y71.274
G1 X95.085 Y71.147
G1 X94.782 Y71.104
G1 X94.399 Y71.204
G1 X94.130 Y71.504
G1 X93.970 Y71.963
G1 X93.917 Y72.539
G1 X94.075 Y73.929
G0 Z5.000 F500.000
G0 X94.527 Y72.709 F3000.000
G1 Z1.000 F500.000
G4 P100
G1 X95.092 Y73.882 F1000.000
G1 X95.250 Y74.443
G1 X95.302 Y74.954
G1 X95.267 Y75.239
G1 X95.162 Y75.334
G1 X94.902 Y74.919
G1 X94.647 Y73.889
G1 X94.527 Y72.709
G0 Z5.000 F500.000
G0 X95.755 Y73.078 F3000.000
G1 Z1.000 F500.000
G4 P100
G1 X96.259 Y73.415 F1000.000
G1 X96.829 Y73.416
G1 X97.032 Y73.287
G1 X97.164 Y73.083
G1 X97.207 Y72.819
G1 X97.145 Y72.498
G1 X96.960 Y72.227
G1 X96.627 Y72.005
G1 X96.122 Y71.834
G1 X96.304 Y71.662
G1 X96.597 Y71.604
G1 X97.110 Y71.762
G1 X97.742 Y72.244
G1 X97.845 Y72.184
G1 X97.882 Y72.019
G1 X97.787 Y71.709
G1 X97.265 Y71.294
G1 X96.915 Y71.152
G1 X96.542 Y71.104
G1 X96.076 Y71.175
G1 X95.727 Y71.389
G1 X95.510 Y71.727
G1 X95.437 Y72.169
G1 X95.582 Y72.812
G1 X95.755 Y73.078
G0 Z5.000 F500.000
G0 X96.170 Y72.754 F3000.000
G1 Z1.000 F500.000
G4 P100
G1 X96.042 Y72.234 F1000.000
G1 X96.507 Y72.434
G1 X96.677 Y72.759
G1 X96.625 Y72.912
G1 X96.482 Y72.969
G1 X96.312 Y72.915
G1 X96.170 Y72.754
G0 Z5.000 F500.000
G0 X86.832 Y65.535 F3000.000
G1 Z1.000 F500.000
G4 P100
G1 X86.972 Y65.022 F1000.000
G1 X86.817 Y64.207
G1 X86.302 Y63.357
G1 X86.606 Y63.275
G1 X86.847 Y63.080
G1 X87.015 Y62.798
G1 X87.097 Y62.457
G1 X87.727 Y62.567
G1 X87.827 Y62.502
G1 X87.862 Y62.337
G1 X87.827 Y62.145
G1 X87.717 Y62.052
G1 X87.057 Y61.932
G1 X86.913 Y61.557
G1 X86.680 Y61.262
G1 X86.388 Y61.071
G1 X86.067 Y61.007
G1 X85.631 Y61.103
G1 X85.332 Y61.392
G1 X85.160 Y61.863
G1 X85.102 Y62.507
G1 X85.262 Y63.910
G1 X85.459 Y64.611
G1 X85.730 Y65.200
G1 X86.067 Y65.599
G1 X86.462 Y65.732
G1 X86.670 Y65.683
G1 X86.832 Y65.535
G0 Z5.000 F500.000
G0 X86.347 Y65.237 F3000.000
G1 Z1.000 F500.000
G4 P100
G1 X86.130 Y64.940 F1000.000
G1 X85.912 Y64.132
G1 X85.762 Y63.017
G1 X86.438 Y64.521
G1 X86.487 Y64.907
G1 X86.450 Y65.152
G1 X86.347 Y65.237
G0 Z5.000 F500.000
G0 X86.222 Y62.867 F3000.000
G1 Z1.000 F500.000
G4 P100
G1 X86.023 Y62.816 F1000.000
G1 X85.865 Y62.665
G1 X85.727 Y62.122
G1 X85.835 Y61.687
G1 X86.087 Y61.537
G1 X86.362 Y61.667
G1 X86.522 Y62.042
G1 X86.285 Y62.317
G1 X86.222 Y62.867
G0 Z5.000 F500.000
G0 X87.414 Y62.211 F3000.000
G1 Z1.000 F500.000
G4 P100
G1 X87.768 Y62.902 F1000.000
G1 X88.045 Y63.155
G1 X88.362 Y63.318
G1 X88.697 Y63.372
G1 X88.845 Y63.330
G1 X88.907 Y63.177
G1 X89.311 Y63.153
G1 X89.372 Y63.022
G1 X89.182 Y61.722
G1 X89.220 Y61.602
G1 X89.317 Y61.557
G1 X89.547 Y61.680
G1 X90.047 Y62.147
G1 X90.150 Y62.087
G1 X90.187 Y61.922
G1 X90.092 Y61.612
G1 X89.657 Y61.182
G1 X89.212 Y61.007
G1 X88.910 Y61.120
G1 X88.702 Y61.427
G1 X88.409 Y61.112
G1 X88.047 Y61.007
G1 X87.769 Y61.063
G1 X87.552 Y61.232
G1 X87.414 Y61.492
G1 X87.414 Y62.211
G0 Z5.000 F500.000
G0 X87.992 Y61.817 F3000.000
G1 Z1.000 F500.000
G4 P100
G1 X88.055 Y61.587 F1000.000
G1 X88.227 Y61.512
G1 X88.437 Y61.642
G1 X88.582 Y61.987
G1 X88.767 Y62.907
G1 X88.380 Y62.750
G1 X88.097 Y62.347
G1 X87.992 Y61.817
G0 Z5.000 F500.000
G0 X89.557 Y61.667 F3000.000
G1 Z1.000 F500.000
G4 P100
G1 X90.037 Y62.307 F1000.000
G1 X90.462 Y63.197
G1 X90.609 Y63.362
G1 X90.857 Y63.417
G1 X91.052 Y63.392
G1 X91.107 Y63.312
G1 X90.942 Y62.782
G1 X91.400 Y62.035
G1 X91.472 Y61.572
G1 X92.182 Y62.147
G1 X92.285 Y62.087
G1 X92.322 Y61.922
G1 X92.227 Y61.612
G1 X91.750 Y61.190
G1 X90.712 Y60.897
G1 X90.315 Y61.017
G1 X90.177 Y61.287
G1 X90.272 Y61.512
G1 X90.552 Y61.607
G1 X90.837 Y61.577
G1 X90.780 Y61.822
G1 X90.497 Y62.232
G1 X89.857 Y61.372
G1 X89.667 Y61.282
G1 X89.537 Y61.340
G1 X89.487 Y61.482
G1 X89.557 Y61.667
G0 Z5.000 F500.000
G0 X91.842 Y62.072 F3000.000
G1 Z1.000 F500.000
G4 P100
G1 X91.987 Y62.715 F1000.000
G1 X92.160 Y62.981
G1 X92.664 Y63.318
G1 X92.972 Y63.362
G1 X93.234 Y63.319
G1 X93.437 Y63.190
G1 X93.569 Y62.986
G1 X93.612 Y62.722
G1 X93.550 Y62.401
G1 X93.365 Y62.130
G1 X93.032 Y61.908
G1 X92.527 Y61.737
G1 X92.709 Y61.565
G1 X93.002 Y61.507
G1 X93.515 Y61.665
G1 X94.147 Y62.147
G1 X94.250 Y62.087
G1 X94.287 Y61.922
G1 X94.192 Y61.612
G1 X93.670 Y61.197
G1 X92.947 Y61.007
G1 X92.481 Y61.078
G1 X92.132 Y61.292
G1 X91.915 Y61.630
G1 X91.842 Y62.072
G0 Z5.000 F500.000
G0 X92.447 Y62.137 F3000.000
G1 Z1.000 F500.000
G4 P100
G1 X92.912 Y62.337 F1000.000
G1 X93.040 Y62.488
G1 X93.030 Y62.815
G1 X92.887 Y62.872
G1 X92.717 Y62.818
G1 X92.575 Y62.657
G1 X92.447 Y62.137
G0 Z5.000 F500.000
G0 X93.917 Y62.442 F3000.000
G1 Z1.000 F500.000
G4 P100
G1 X94.075 Y63.832 F1000.000
G1 X94.270 Y64.557
G1 X94.540 Y65.172
G1 X94.877 Y65.592
G1 X95.272 Y65.732
G1 X95.487 Y65.676
G1 X95.650 Y65.510
G1 X95.753 Y65.239
G1 X95.787 Y64.872
G1 X95.705 Y64.230
G1 X95.457 Y63.492
G1 X95.069 Y62.711
G1 X94.562 Y61.937
G1 X94.677 Y61.645
G1 X94.887 Y61.557
G1 X95.247 Y61.675
G1 X95.777 Y62.147
G1 X95.880 Y62.087
G1 X95.917 Y61.922
G1 X95.822 Y61.612
G1 X95.355 Y61.177
G1 X95.085 Y61.050
G1 X94.782 Y61.007
G1 X94.399 Y61.107
G1 X94.130 Y61.407
G1 X93.970 Y61.866
G1 X93.917 Y62.442
G0 Z5.000 F500.000
G0 X94.527 Y62.612 F3000.000
G1 Z1.000 F500.000
G4 P100
G1 X95.092 Y63.785 F1000.000
G1 X95.250 Y64.346
G1 X95.302 Y64.857
G1 X95.267 Y65.142
G1 X95.162 Y65.237
G1 X94.902 Y64.822
G1 X94.647 Y63.792
G1 X94.527 Y62.612
G0 Z5.000 F500.000
G0 X95.747 Y64.062 F3000.000
G1 Z1.000 F500.000
G4 P100
G1 X95.885 Y64.355 F1000.000
G1 X96.227 Y64.472
G1 X96.527 Y64.382
G1 X96.642 Y64.127
G1 X96.512 Y63.810
G1 X96.167 Y63.692
G1 X95.852 Y63.790
G1 X95.747 Y64.062
G0 Z5.000 F500.000
G0 X96.072 Y63.362 F3000.000
G1 Z1.000 F500.000
G4 P100
G1 X96.264 Y63.320 F1000.000
G1 X96.327 Y63.192
G1 X96.112 Y61.867
G1 X96.152 Y61.637
G1 X96.287 Y61.557
G1 X96.512 Y61.682
G1 X97.007 Y62.147
G1 X97.110 Y62.087
G1 X97.147 Y61.922
G1 X97.052 Y61.612
G1 X96.574 Y61.158
G1 X96.127 Y61.007
G1 X95.847 Y61.065
G1 X95.655 Y61.237
G1 X95.507 Y61.847
G1 X95.712 Y63.082
G1 X95.832 Y63.302
G1 X96.072 Y63.362
G0 Z5.000 F500.000
G0 X96.937 Y63.082 F3000.000
G1 Z1.000 F500.000
G4 P100
G1 X97.085 Y63.295 F1000.000
G1 X97.512 Y63.337
G1 X97.552 Y63.242
G1 X97.347 Y62.162
G1 X97.717 Y62.862
G1 X98.120 Y63.247
G1 X98.482 Y63.362
G1 X98.726 Y63.281
G1 X98.807 Y63.037
G1 X98.602 Y61.757
G1 X98.639 Y61.607
G1 X98.747 Y61.557
G1 X98.985 Y61.680
G1 X99.487 Y62.147
G1 X99.590 Y62.087
G1 X99.627 Y61.922
G1 X99.532 Y61.612
G1 X99.070 Y61.177
G1 X98.805 Y61.050
G1 X98.284 Y61.044
G1 X98.025 Y61.335
G1 X97.992 Y61.582
G1 X98.127 Y62.517
G1 X98.072 Y62.597
G1 X97.890 Y62.430
G1 X97.650 Y61.987
G1 X97.325 Y61.090
G1 X97.097 Y61.007
G1 X96.935 Y61.057
G1 X96.830 Y61.207
G1 X96.752 Y61.847
G1 X96.937 Y63.082
G0 Z5.000 F500.000
G0 X99.147 Y62.072 F3000.000
G1 Z1.000 F500.000
G4 P100
G1 X99.292 Y62.715 F1000.000
G1 X99.465 Y62.981
G1 X99.969 Y63.318
G1 X100.277 Y63.362
G1 X100.539 Y63.319
G1 X100.742 Y63.190
G1 X100.874 Y62.986
G1 X100.917 Y62.722
G1 X100.855 Y62.401
G1 X100.670 Y62.130
G1 X100.337 Y61.908
G1 X99.832 Y61.737
G1 X100.014 Y61.565
G1 X100.307 Y61.507
G1 X100.820 Y61.665
G1 X101.452 Y62.147
G1 X101.555 Y62.087
G1 X101.592 Y61.922
G1 X101.497 Y61.612
G1 X100.975 Y61.197
G1 X100.252 Y61.007
G1 X99.786 Y61.078
G1 X99.437 Y61.292
G1 X99.220 Y61.630
G1 X99.147 Y62.072
G0 Z5.000 F500.000
G0 X99.752 Y62.137 F3000.000
G1 Z1.000 F500.000
G4 P100
G1 X100.217 Y62.337 F1000.000
G1 X100.345 Y62.488
G1 X100.335 Y62.815
G1 X100.192 Y62.872
G1 X100.022 Y62.818
G1 X99.880 Y62.657
G1 X99.752 Y62.137
G0 Z5.000 F500.000
G0 X115.229 Y111.477 F3000.000
G1 Z1.000 F500.000
G4 P100
G1 X115.097 Y111.550 F1000.000
G1 X115.044 Y111.767
G1 X115.119 Y112.015
G1 X115.997 Y112.555
G1 X116.482 Y113.057
G1 X116.664 Y113.572
G1 X116.577 Y113.860
G1 X116.299 Y113.952
G1 X115.947 Y113.832
G1 X115.740 Y113.276
G1 X115.519 Y113.202
G1 X115.302 Y113.282
G1 X115.224 Y113.512
G1 X115.354 Y113.972
G1 X115.744 Y114.310
G1 X116.379 Y114.437
G1 X116.780 Y114.381
G1 X117.084 Y114.212
G1 X117.275 Y113.943
G1 X117.339 Y113.587
G1 X117.256 Y113.198
G1 X117.007 Y112.792
G1 X116.601 Y112.401
G1 X116.049 Y112.057
G1 X117.194 Y112.077
G1 X117.354 Y112.007
G1 X117.409 Y111.832
G1 X117.327 Y111.600
G1 X117.104 Y111.497
G1 X115.639 Y111.567
G1 X115.229 Y111.477
G0 Z5.000 F500.000
G0 X117.844 Y112.157 F3000.000
G1 Z1.000 F500.000
G4 P100
G1 X117.922 Y112.415 F1000.000
G1 X118.139 Y112.507
G1 X118.309 Y112.450
G1 X118.580 Y112.023
G1 X118.924 Y111.947
G1 X119.229 Y112.060
G1 X119.349 Y112.337
G1 X119.291 Y112.531
G1 X119.115 Y112.675
G1 X118.127 Y112.872
G1 X118.039 Y113.057
G1 X118.209 Y113.867
G1 X118.039 Y113.915
G1 X117.979 Y114.047
G1 X118.039 Y114.250
G1 X118.219 Y114.367
G1 X119.029 Y114.437
G1 X119.639 Y114.425
G1 X120.074 Y114.320
G1 X120.047 Y113.950
G1 X119.819 Y113.877
G1 X118.824 Y113.897
G1 X118.679 Y113.297
G1 X119.247 Y113.213
G1 X119.659 Y113.032
G1 X119.910 Y112.761
G1 X119.994 Y112.407
G1 X119.862 Y111.940
G1 X119.474 Y111.612
G1 X118.874 Y111.492
G1 X118.455 Y111.537
G1 X118.127 Y111.672
G1 X117.915 Y111.883
G1 X117.844 Y112.157
G0 Z5.000 F500.000
G0 X120.344 Y111.927 F3000.000
G1 Z1.000 F500.000
G4 P100
G1 X120.472 Y112.287 F1000.000
G1 X120.829 Y112.422
G1 X121.162 Y112.315
G1 X121.274 Y111.997
G1 X121.144 Y111.630
G1 X120.789 Y111.492
G1 X120.457 Y111.612
G1 X120.344 Y111.927
G0 Z5.000 F500.000
G0 X121.694 Y112.137 F3000.000
G1 Z1.000 F500.000
G4 P100
G1 X121.772 Y112.395 F1000.000
G1 X122.004 Y112.467
G1 X122.182 Y112.410
G1 X122.432 Y112.047
G1 X122.664 Y111.987
G1 X122.927 Y112.044
G1 X123.137 Y112.215
G1 X123.285 Y112.498
G1 X123.364 Y112.892
G1 X123.069 Y112.680
G1 X122.704 Y112.617
G1 X122.257 Y112.722
G1 X121.949 Y113.015
G1 X121.839 Y113.432
G1 X121.972 Y113.945
G1 X122.357 Y114.305
G1 X122.954 Y114.437
G1 X123.408 Y114.356
G1 X123.742 Y114.115
G1 X123.946 Y113.730
G1 X124.014 Y113.222
G1 X123.971 Y112.741
G1 X123.842 Y112.320
G1 X123.633 Y111.971
G1 X123.352 Y111.710
G1 X123.007 Y111.546
G1 X122.609 Y111.492
G1 X122.258 Y111.536
G1 X121.977 Y111.670
G1 X121.782 Y111.875
G1 X121.694 Y112.137
G0 Z5.000 F500.000
G0 X122.584 Y113.217 F3000.000
G1 Z1.000 F500.000
G4 P100
G1 X122.854 Y113.117 F1000.000
G1 X123.189 Y113.237
G1 X123.309 Y113.557
G1 X123.209 Y113.842
G1 X122.929 Y113.947
G1 X122.607 Y113.820
G1 X122.484 Y113.487
G1 X122.584 Y113.217
G0 Z5.000 F500.000
G0 X84.177 Y16.210 F3000.000
G1 Z1.000 F500.000
G4 P100
G1 X84.307 Y16.460 F1000.000
G1 X84.586 Y16.614
G1 X84.987 Y16.630
G1 X85.282 Y16.497
G1 X85.382 Y16.261
G1 X85.291 Y15.993
G1 X84.898 Y15.624
G1 X84.650 Y15.610
G1 X84.898 Y15.624
G1 X85.207 Y15.397
G1 X85.338 Y15.082
G1 X85.126 Y14.782
G1 X84.670 Y14.673
G1 X84.220 Y14.778
G1 X84.050 Y15.073
G0 Z5.000 F500.000
G0 X83.001 Y14.765 F3000.000
G1 Z1.000 F500.000
G4 P100
G1 X83.244 Y16.434 F1000.000
G1 X83.175 Y16.542
G1 X82.638 Y16.423
G0 Z5.000 F500.000
G0 X84.000 Y42.998 F3000.000
G1 Z1.000 F500.000
G4 P100
G1 X113.987 Y42.998 F1000.000
G0 Z5.000 F500.000
G0 X113.987 Y42.998 F3000.000
G1 Z1.000 F500.000
G4 P100
G1 X143.974 Y42.998 F1000.000
G0 Z5.000 F500.000
G0 X143.974 Y118.859 F3000.000
G1 Z1.000 F500.000
G4 P100
G1 X143.974 Y42.998 F1000.000
G0 Z5.000 F500.000
G0 X113.987 Y118.859 F3000.000
G1 Z1.000 F500.000
G4 P100
G1 X113.987 Y42.998 F1000.000
G0 Z5.000 F500.000
G0 X54.013 Y42.998 F3000.000
G1 Z1.000 F500.000
G4 P100
G1 X84.000 Y42.998 F1000.000
G0 Z5.000 F500.000
G0 X24.026 Y42.998 F3000.000
G1 Z1.000 F500.000
G4 P100
G1 X54.013 Y42.998 F1000.000
G0 Z5.000 F500.000
G0 X54.013 Y118.859 F3000.000
G1 Z1.000 F500.000
G4 P100
G1 X54.013 Y42.998 F1000.000
G0 Z5.000 F500.000
G0 X54.013 Y118.859 F3000.000
G1 Z1.000 F500.000
G4 P100
G1 X84.000 Y118.859 F1000.000
G0 Z5.000 F500.000
G0 X84.000 Y118.859 F3000.000
G1 Z1.000 F500.000
G4 P100
G1 X84.000 Y42.998 F1000.000
G0 Z5.000 F500.000
G0 X84.000 Y118.859 F3000.000
G1 Z1.000 F500.000
G4 P100
G1 X113.987 Y118.859 F1000.000
G0 Z5.000 F500.000
G0 X113.987 Y118.859 F3000.000
G1 Z1.000 F500.000
G4 P100
G1 X143.974 Y118.859 F1000.000
G0 Z5.000 F500.000
G0 X143.974 Y184.624 F3000.000
G1 Z1.000 F500.000
G4 P100
G1 X143.974 Y118.859 F1000.000
G0 Z5.000 F500.000
G0 X113.987 Y184.624 F3000.000
G1 Z1.000 F500.000
G4 P100
G1 X113.987 Y118.859 F1000.000
G0 Z5.000 F500.000
G0 X113.987 Y184.624 F3000.000
G1 Z1.000 F500.000
G4 P100
G1 X143.974 Y184.624 F1000.000
G0 Z5.000 F500.000
G0 X143.974 Y210.000 F3000.000
G1 Z1.000 F500.000
G4 P100
G1 X143.974 Y184.624 F1000.000
G0 Z5.000 F500.000
G0 X113.987 Y210.000 F3000.000
G1 Z1.000 F500.000
G4 P100
G1 X113.987 Y184.624 F1000.000
G0 Z5.000 F500.000
G0 X113.987 Y210.000 F3000.000
G1 Z1.000 F500.000
G4 P100
G1 X143.974 Y210.000 F1000.000
G0 Z5.000 F500.000
G0 X84.000 Y210.000 F3000.000
G1 Z1.000 F500.000
G4 P100
G1 X84.000 Y184.624 F1000.000
G0 Z5.000 F500.000
G0 X84.000 Y184.624 F3000.000
G1 Z1.000 F500.000
G4 P100
G1 X84.000 Y118.859 F1000.000
G0 Z5.000 F500.000
G0 X24.026 Y118.859 F3000.000
G1 Z1.000 F500.000
G4 P100
G1 X24.026 Y42.998 F1000.000
G0 Z5.000 F500.000
G0 X24.026 Y118.859 F3000.000
G1 Z1.000 F500.000
G4 P100
G1 X54.013 Y118.859 F1000.000
G0 Z5.000 F500.000
G0 X54.013 Y184.624 F3000.000
G1 Z1.000 F500.000
G4 P100
G1 X54.013 Y118.859 F1000.000
G0 Z5.000 F500.000
G0 X54.013 Y184.624 F3000.000
G1 Z1.000 F500.000
G4 P100
G1 X84.000 Y184.624 F1000.000
G0 Z5.000 F500.000
G0 X84.000 Y184.624 F3000.000
G1 Z1.000 F500.000
G4 P100
G1 X113.987 Y184.624 F1000.000
G0 Z5.000 F500.000
G0 X84.000 Y210.000 F3000.000
G1 Z1.000 F500.000
G4 P100
G1 X113.987 Y210.000 F1000.000
G0 Z5.000 F500.000
G0 X54.013 Y210.000 F3000.000
G1 Z1.000 F500.000
G4 P100
G1 X54.013 Y184.624 F1000.000
G0 Z5.000 F500.000
G0 X54.013 Y210.000 F3000.000
G1 Z1.000 F500.000
G4 P100
G1 X84.000 Y210.000 F1000.000
G0 Z5.000 F500.000
G0 X24.026 Y210.000 F3000.000
G1 Z1.000 F500.000
G4 P100
G1 X24.026 Y184.624 F1000.000
G0 Z5.000 F500.000
G0 X24.026 Y184.624 F3000.000
G1 Z1.000 F500.000
G4 P100
G1 X24.026 Y118.859 F1000.000
G0 Z5.000 F500.000
G0 X24.026 Y184.624 F3000.000
G1 Z1.000 F500.000
G4 P100
G1 X54.013 Y184.624 F1000.000
G0 Z5.000 F500.000
G0 X24.026 Y210.000 F3000.000
G1 Z1.000 F500.000
G4 P100
G1 X54.013 Y210.000 F1000.000
G0 Z5.000 F500.000
M400
M84
; End
