; Generated by plotter-processor
; Page 8/20
; Motion profile: safe
; Draw feed: 1000.000 mm/min
; Travel feed: 3000.000 mm/min
; Z feed: 500.000 mm/min
; Pen Z: down=1.000 up=5.000
; Down settle: 100 ms
; Estimated ideal time: 1243.370984 s
G21
G90
G0 Z5.000 F500.000
G0 X20.250 Y204.300 F3000.000
G1 Z1.000 F500.000
G4 P100
G1 X20.435 Y205.535 F1000.000
G1 X20.582 Y205.748
G1 X20.870 Y205.815
G1 X21.010 Y205.790
G1 X21.050 Y205.695
G1 X20.845 Y204.615
G1 X21.215 Y205.315
G1 X21.617 Y205.700
G1 X21.980 Y205.815
G1 X22.224 Y205.734
G1 X22.305 Y205.490
G1 X22.100 Y204.210
G1 X22.136 Y204.060
G1 X22.245 Y204.010
G1 X22.483 Y204.132
G1 X22.985 Y204.600
G1 X23.087 Y204.540
G1 X23.125 Y204.375
G1 X23.030 Y204.065
G1 X22.567 Y203.630
G1 X22.005 Y203.460
G1 X21.781 Y203.497
G1 X21.523 Y203.788
G1 X21.490 Y204.035
G1 X21.625 Y204.970
G1 X21.570 Y205.050
G1 X21.387 Y204.882
G1 X21.148 Y204.440
G1 X20.822 Y203.542
G1 X20.595 Y203.460
G1 X20.433 Y203.510
G1 X20.328 Y203.660
G1 X20.250 Y204.300
G0 Z5.000 F500.000
G0 X22.755 Y203.990 F3000.000
G1 Z1.000 F500.000
G4 P100
G1 X22.645 Y204.510 F1000.000
G1 X22.790 Y205.188
G1 X22.962 Y205.452
G1 X23.459 Y205.778
G1 X23.755 Y205.820
G1 X24.098 Y205.754
G1 X24.367 Y205.558
G1 X24.552 Y205.264
G1 X24.640 Y204.910
G1 X25.270 Y205.020
G1 X25.370 Y204.955
G1 X25.369 Y204.599
G1 X25.260 Y204.505
G1 X24.600 Y204.385
G1 X24.459 Y204.007
G1 X24.225 Y203.713
G1 X23.926 Y203.523
G1 X23.312 Y203.496
G1 X23.078 Y203.605
G1 X22.755 Y203.990
G0 Z5.000 F500.000
G0 X23.378 Y204.135 F3000.000
G1 Z1.000 F500.000
G4 P100
G1 X23.630 Y203.990 F1000.000
G1 X23.907 Y204.120
G1 X24.065 Y204.495
G1 X23.828 Y204.770
G1 X23.760 Y205.290
G1 X23.558 Y205.242
G1 X23.402 Y205.097
G1 X23.303 Y204.866
G1 X23.270 Y204.555
G1 X23.378 Y204.135
G0 Z5.000 F500.000
G0 X24.740 Y204.115 F3000.000
G1 Z1.000 F500.000
G4 P100
G1 X24.855 Y204.520 F1000.000
G1 X25.180 Y204.675
G1 X25.322 Y204.635
G1 X25.360 Y204.525
G1 X25.343 Y204.060
G1 X25.410 Y204.015
G1 X25.523 Y204.090
G1 X26.360 Y205.727
G1 X26.660 Y205.805
G1 X26.940 Y205.730
G1 X27.030 Y205.485
G1 X27.054 Y204.116
G1 X27.215 Y203.985
G1 X27.392 Y204.070
G1 X27.925 Y204.600
G1 X28.027 Y204.540
G1 X28.065 Y204.375
G1 X27.970 Y204.065
G1 X27.682 Y203.752
G1 X27.383 Y203.548
G1 X26.980 Y203.460
G1 X26.727 Y203.518
G1 X26.560 Y203.692
G1 X26.466 Y203.984
G1 X26.455 Y204.850
G1 X26.224 Y204.261
G1 X25.953 Y203.825
G1 X25.639 Y203.555
G1 X25.285 Y203.465
G1 X25.057 Y203.511
G1 X24.885 Y203.650
G1 X24.740 Y204.115
G0 Z5.000 F500.000
G0 X27.730 Y204.300 F3000.000
G1 Z1.000 F500.000
G4 P100
G1 X27.915 Y205.535 F1000.000
G1 X28.060 Y205.748
G1 X28.350 Y205.815
G1 X28.490 Y205.790
G1 X28.530 Y205.695
G1 X28.380 Y204.935
G1 X29.020 Y204.935
G1 X29.288 Y205.750
G1 X29.695 Y205.787
G1 X29.740 Y205.685
G1 X29.475 Y204.210
G1 X29.515 Y204.062
G1 X29.620 Y204.010
G1 X29.858 Y204.132
G1 X30.360 Y204.600
G1 X30.462 Y204.540
G1 X30.500 Y204.375
G1 X30.405 Y204.065
G1 X29.933 Y203.630
G1 X29.380 Y203.460
G1 X29.159 Y203.500
G1 X29.015 Y203.620
G1 X28.910 Y204.100
G1 X28.935 Y204.425
G1 X28.325 Y204.435
G1 X28.300 Y203.700
G1 X28.240 Y203.517
G1 X28.075 Y203.460
G1 X27.913 Y203.510
G1 X27.808 Y203.660
G1 X27.730 Y204.300
G0 Z5.000 F500.000
G0 X30.131 Y203.901 F3000.000
G1 Z1.000 F500.000
G4 P100
G1 X30.145 Y204.873 F1000.000
G1 X30.310 Y205.535
G1 X30.450 Y205.750
G1 X30.735 Y205.815
G1 X30.887 Y205.780
G1 X30.930 Y205.675
G1 X30.725 Y204.678
G1 X30.721 Y204.227
G1 X30.800 Y204.180
G1 X30.988 Y204.330
G1 X31.598 Y205.750
G1 X31.845 Y205.815
G1 X32.005 Y205.785
G1 X32.050 Y205.685
G1 X31.790 Y204.020
G1 X32.540 Y204.550
G1 X32.655 Y204.590
G1 X32.758 Y204.528
G1 X32.795 Y204.370
G1 X32.650 Y204.075
G1 X31.690 Y203.430
G1 X31.471 Y202.506
G1 X31.193 Y201.803
G1 X30.843 Y201.358
G1 X30.410 Y201.210
G1 X30.179 Y201.249
G1 X29.875 Y201.549
G1 X29.835 Y201.780
G1 X29.943 Y202.260
G1 X30.343 Y202.822
G1 X31.170 Y203.550
G1 X31.265 Y204.195
G1 X30.985 Y203.648
G1 X30.800 Y203.507
G1 X30.401 Y203.512
G1 X30.131 Y203.901
G0 Z5.000 F500.000
G0 X31.055 Y202.950 F3000.000
G1 Z1.000 F500.000
G4 P100
G1 X30.498 Y202.358 F1000.000
G1 X30.325 Y201.890
G1 X30.358 Y201.750
G1 X30.465 Y201.695
G1 X30.597 Y201.767
G1 X30.745 Y201.985
G1 X31.055 Y202.950
G0 Z5.000 F500.000
G0 X32.683 Y203.510 F3000.000
G1 Z1.000 F500.000
G4 P100
G1 X32.578 Y203.660 F1000.000
G1 X32.500 Y204.300
G1 X32.546 Y204.934
G1 X32.685 Y205.535
G1 X32.832 Y205.748
G1 X33.120 Y205.815
G1 X33.260 Y205.790
G1 X33.300 Y205.695
G1 X33.150 Y204.935
G1 X33.595 Y204.935
G1 X33.745 Y205.299
G1 X33.985 Y205.580
G1 X34.294 Y205.760
G1 X34.650 Y205.820
G1 X34.993 Y205.754
G1 X35.263 Y205.558
G1 X35.447 Y205.264
G1 X35.535 Y204.910
G1 X36.165 Y205.020
G1 X36.265 Y204.955
G1 X36.264 Y204.599
G1 X36.155 Y204.505
G1 X35.495 Y204.385
G1 X35.354 Y204.007
G1 X35.120 Y203.713
G1 X34.821 Y203.523
G1 X34.485 Y203.460
G1 X33.992 Y203.593
G1 X33.672 Y203.942
G1 X33.545 Y204.425
G1 X33.090 Y204.425
G1 X33.010 Y203.517
G1 X32.845 Y203.460
G1 X32.683 Y203.510
G0 Z5.000 F500.000
G0 X34.273 Y204.135 F3000.000
G1 Z1.000 F500.000
G4 P100
G1 X34.525 Y203.990 F1000.000
G1 X34.803 Y204.120
G1 X34.960 Y204.495
G1 X34.722 Y204.770
G1 X34.655 Y205.290
G1 X34.453 Y205.242
G1 X34.297 Y205.097
G1 X34.198 Y204.866
G1 X34.165 Y204.555
G1 X34.273 Y204.135
G0 Z5.000 F500.000
G0 X38.053 Y204.185 F3000.000
G1 Z1.000 F500.000
G4 P100
G1 X38.103 Y204.873 F1000.000
G1 X38.268 Y205.535
G1 X38.408 Y205.750
G1 X38.693 Y205.815
G1 X38.846 Y205.780
G1 X38.888 Y205.675
G1 X38.653 Y204.370
G1 X38.758 Y204.180
G1 X38.921 Y204.273
G1 X39.081 Y204.553
G1 X39.528 Y205.738
G1 X39.748 Y205.790
G1 X39.928 Y205.748
G1 X39.978 Y205.600
G1 X39.833 Y204.222
G1 X39.913 Y204.180
G1 X40.101 Y204.330
G1 X40.711 Y205.750
G1 X40.958 Y205.815
G1 X41.118 Y205.787
G1 X41.163 Y205.685
G1 X40.898 Y204.210
G1 X40.938 Y204.062
G1 X41.043 Y204.010
G1 X41.281 Y204.132
G1 X41.783 Y204.600
G1 X41.886 Y204.540
G1 X41.923 Y204.375
G1 X41.828 Y204.065
G1 X41.356 Y203.630
G1 X40.803 Y203.460
G1 X40.595 Y203.507
G1 X40.448 Y203.648
G1 X40.338 Y204.165
G1 X40.083 Y203.642
G1 X39.907 Y203.506
G1 X39.519 Y203.494
G1 X39.377 Y203.595
G1 X39.278 Y204.200
G1 X38.958 Y203.650
G1 X38.775 Y203.507
G1 X38.359 Y203.512
G1 X38.089 Y203.901
G1 X38.053 Y204.185
G0 Z5.000 F500.000
G0 X41.518 Y204.185 F3000.000
G1 Z1.000 F500.000
G4 P100
G1 X41.568 Y204.873 F1000.000
G1 X41.733 Y205.535
G1 X41.873 Y205.750
G1 X42.158 Y205.815
G1 X42.311 Y205.780
G1 X42.353 Y205.675
G1 X42.143 Y204.222
G1 X42.223 Y204.180
G1 X42.411 Y204.330
G1 X43.021 Y205.750
G1 X43.268 Y205.815
G1 X43.428 Y205.787
G1 X43.473 Y205.685
G1 X43.208 Y204.210
G1 X43.248 Y204.062
G1 X43.353 Y204.010
G1 X43.591 Y204.132
G1 X44.093 Y204.600
G1 X44.196 Y204.540
G1 X44.233 Y204.375
G1 X44.138 Y204.065
G1 X43.676 Y203.630
G1 X43.113 Y203.460
G1 X42.905 Y203.506
G1 X42.761 Y203.645
G1 X42.648 Y204.165
G1 X42.393 Y203.642
G1 X42.028 Y203.460
G1 X41.824 Y203.512
G1 X41.554 Y203.901
G1 X41.518 Y204.185
G0 Z5.000 F500.000
G0 X43.218 Y203.077 F3000.000
G1 Z1.000 F500.000
G4 P100
G1 X43.913 Y204.515 F1000.000
G1 X43.903 Y205.530
G1 X44.018 Y205.760
G1 X44.318 Y205.845
G1 X44.471 Y205.803
G1 X44.528 Y205.450
G1 X44.843 Y205.738
G1 X45.173 Y205.825
G1 X45.428 Y205.769
G1 X45.631 Y205.600
G1 X45.764 Y205.340
G1 X45.808 Y205.010
G1 X45.723 Y204.495
G1 X45.488 Y204.040
G1 X45.663 Y204.010
G1 X45.978 Y204.130
G1 X46.363 Y204.530
G1 X46.498 Y204.600
G1 X46.601 Y204.540
G1 X46.638 Y204.375
G1 X46.543 Y204.065
G1 X46.081 Y203.630
G1 X45.518 Y203.460
G1 X45.278 Y203.507
G1 X45.088 Y203.650
G1 X44.493 Y203.460
G1 X44.387 Y202.574
G1 X44.198 Y201.847
G1 X43.915 Y201.362
G1 X43.732 Y201.240
G1 X43.288 Y201.249
G1 X43.123 Y201.395
G1 X43.026 Y201.627
G1 X43.050 Y202.466
G1 X43.218 Y203.077
G0 Z5.000 F500.000
G0 X43.438 Y202.020 F3000.000
G1 Z1.000 F500.000
G4 P100
G1 X43.476 Y201.775 F1000.000
G1 X43.563 Y201.690
G1 X43.687 Y201.837
G1 X43.788 Y202.278
G1 X43.903 Y203.740
G1 X43.563 Y202.785
G1 X43.438 Y202.020
G0 Z5.000 F500.000
G0 X44.518 Y203.940 F3000.000
G1 Z1.000 F500.000
G4 P100
G1 X44.851 Y204.137 F1000.000
G1 X45.093 Y204.528
G1 X45.183 Y205.015
G1 X45.123 Y205.243
G1 X44.963 Y205.320
G1 X44.765 Y205.225
G1 X44.528 Y204.940
G1 X44.518 Y203.940
G0 Z5.000 F500.000
G0 X46.233 Y204.185 F3000.000
G1 Z1.000 F500.000
G4 P100
G1 X46.283 Y204.873 F1000.000
G1 X46.448 Y205.535
G1 X46.588 Y205.750
G1 X46.873 Y205.815
G1 X47.026 Y205.780
G1 X47.068 Y205.675
G1 X46.858 Y204.222
G1 X46.938 Y204.180
G1 X47.126 Y204.330
G1 X47.736 Y205.750
G1 X47.983 Y205.815
G1 X48.143 Y205.787
G1 X48.188 Y205.685
G1 X47.923 Y204.210
G1 X47.963 Y204.062
G1 X48.068 Y204.010
G1 X48.306 Y204.132
G1 X48.808 Y204.600
G1 X48.911 Y204.540
G1 X48.948 Y204.375
G1 X48.853 Y204.065
G1 X48.391 Y203.630
G1 X47.828 Y203.460
G1 X47.620 Y203.506
G1 X47.476 Y203.645
G1 X47.363 Y204.165
G1 X47.108 Y203.642
G1 X46.743 Y203.460
G1 X46.539 Y203.512
G1 X46.269 Y203.901
G1 X46.233 Y204.185
G0 Z5.000 F500.000
G0 X48.553 Y204.300 F3000.000
G1 Z1.000 F500.000
G4 P100
G1 X48.738 Y205.535 F1000.000
G1 X48.883 Y205.748
G1 X49.173 Y205.815
G1 X49.313 Y205.790
G1 X49.353 Y205.695
G1 X49.203 Y204.935
G1 X49.843 Y204.935
G1 X50.111 Y205.750
G1 X50.518 Y205.787
G1 X50.563 Y205.685
G1 X50.298 Y204.210
G1 X50.338 Y204.062
G1 X50.443 Y204.010
G1 X50.681 Y204.132
G1 X51.183 Y204.600
G1 X51.286 Y204.540
G1 X51.323 Y204.375
G1 X51.228 Y204.065
G1 X50.756 Y203.630
G1 X50.203 Y203.460
G1 X49.982 Y203.500
G1 X49.838 Y203.620
G1 X49.733 Y204.100
G1 X49.758 Y204.425
G1 X49.148 Y204.435
G1 X49.123 Y203.700
G1 X49.063 Y203.517
G1 X48.898 Y203.460
G1 X48.736 Y203.510
G1 X48.631 Y203.660
G1 X48.553 Y204.300
G0 Z5.000 F500.000
G0 X50.954 Y203.901 F3000.000
G1 Z1.000 F500.000
G4 P100
G1 X50.968 Y204.873 F1000.000
G1 X51.133 Y205.535
G1 X51.273 Y205.750
G1 X51.558 Y205.815
G1 X51.711 Y205.780
G1 X51.753 Y205.675
G1 X51.548 Y204.678
G1 X51.545 Y204.227
G1 X51.623 Y204.180
G1 X51.811 Y204.330
G1 X52.421 Y205.750
G1 X52.668 Y205.815
G1 X52.828 Y205.785
G1 X52.873 Y205.685
G1 X52.613 Y204.020
G1 X53.363 Y204.550
G1 X53.478 Y204.590
G1 X53.581 Y204.528
G1 X53.618 Y204.370
G1 X53.473 Y204.075
G1 X52.513 Y203.430
G1 X52.294 Y202.506
G1 X52.016 Y201.803
G1 X51.666 Y201.358
G1 X51.233 Y201.210
G1 X51.002 Y201.249
G1 X50.698 Y201.549
G1 X50.658 Y201.780
G1 X50.766 Y202.260
G1 X51.166 Y202.822
G1 X51.993 Y203.550
G1 X52.088 Y204.195
G1 X51.808 Y203.648
G1 X51.623 Y203.507
G1 X51.224 Y203.512
G1 X50.954 Y203.901
G0 Z5.000 F500.000
G0 X51.878 Y202.950 F3000.000
G1 Z1.000 F500.000
G4 P100
G1 X51.321 Y202.358 F1000.000
G1 X51.148 Y201.890
G1 X51.181 Y201.750
G1 X51.288 Y201.695
G1 X51.421 Y201.767
G1 X51.568 Y201.985
G1 X51.878 Y202.950
G0 Z5.000 F500.000
G0 X55.485 Y204.059 F3000.000
G1 Z1.000 F500.000
G4 P100
G1 X55.417 Y204.470 F1000.000
G1 X55.577 Y205.180
G1 X55.992 Y205.650
G1 X56.527 Y205.815
G1 X56.954 Y205.653
G1 X57.107 Y205.235
G1 X57.014 Y204.880
G1 X56.772 Y204.735
G1 X56.619 Y204.780
G1 X56.562 Y204.905
G1 X56.579 Y205.290
G1 X56.487 Y205.325
G1 X56.272 Y205.222
G1 X56.112 Y204.945
G1 X56.052 Y204.560
G1 X56.178 Y204.125
G1 X56.557 Y203.980
G1 X56.999 Y204.118
G1 X57.602 Y204.600
G1 X57.704 Y204.540
G1 X57.742 Y204.375
G1 X57.647 Y204.065
G1 X57.389 Y203.808
G1 X57.084 Y203.618
G1 X56.452 Y203.460
G1 X56.016 Y203.529
G1 X55.689 Y203.738
G1 X55.485 Y204.059
G0 Z5.000 F500.000
G0 X57.424 Y203.660 F3000.000
G1 Z1.000 F500.000
G4 P100
G1 X57.347 Y204.300 F1000.000
G1 X57.532 Y205.535
G1 X57.679 Y205.748
G1 X57.967 Y205.815
G1 X58.107 Y205.790
G1 X58.147 Y205.695
G1 X57.942 Y204.620
G1 X58.264 Y205.280
G1 X58.649 Y205.683
G1 X59.022 Y205.815
G1 X59.269 Y205.735
G1 X59.342 Y205.490
G1 X59.192 Y204.640
G1 X59.455 Y205.171
G1 X59.747 Y205.535
G1 X60.042 Y205.745
G1 X60.317 Y205.815
G1 X60.560 Y205.734
G1 X60.642 Y205.490
G1 X60.437 Y204.210
G1 X60.473 Y204.060
G1 X60.582 Y204.010
G1 X60.819 Y204.132
G1 X61.322 Y204.600
G1 X61.424 Y204.540
G1 X61.462 Y204.375
G1 X61.367 Y204.065
G1 X60.904 Y203.630
G1 X60.640 Y203.502
G1 X60.118 Y203.497
G1 X59.859 Y203.788
G1 X59.827 Y204.035
G1 X59.962 Y204.970
G1 X59.907 Y205.050
G1 X59.722 Y204.882
G1 X59.482 Y204.440
G1 X59.159 Y203.540
G1 X58.927 Y203.460
G1 X58.679 Y203.618
G1 X58.597 Y204.000
G1 X58.687 Y204.970
G1 X58.632 Y205.050
G1 X58.442 Y204.870
G1 X58.219 Y204.410
G1 X57.919 Y203.542
G1 X57.692 Y203.460
G1 X57.530 Y203.510
G1 X57.424 Y203.660
G0 Z5.000 F500.000
G0 X60.278 Y202.466 F3000.000
G1 Z1.000 F500.000
G4 P100
G1 X60.733 Y203.763 F1000.000
G1 X61.142 Y204.515
G1 X61.132 Y205.530
G1 X61.247 Y205.760
G1 X61.547 Y205.845
G1 X61.699 Y205.803
G1 X61.757 Y205.450
G1 X62.072 Y205.738
G1 X62.402 Y205.825
G1 X62.656 Y205.769
G1 X62.859 Y205.600
G1 X62.992 Y205.340
G1 X63.037 Y205.010
G1 X62.952 Y204.495
G1 X62.717 Y204.040
G1 X62.892 Y204.010
G1 X63.207 Y204.130
G1 X63.592 Y204.530
G1 X63.727 Y204.600
G1 X63.829 Y204.540
G1 X63.867 Y204.375
G1 X63.772 Y204.065
G1 X63.309 Y203.630
G1 X62.747 Y203.460
G1 X62.507 Y203.507
G1 X62.317 Y203.650
G1 X61.722 Y203.460
G1 X61.615 Y202.574
G1 X61.427 Y201.847
G1 X61.143 Y201.362
G1 X60.961 Y201.240
G1 X60.517 Y201.249
G1 X60.352 Y201.395
G1 X60.222 Y201.935
G1 X60.278 Y202.466
G0 Z5.000 F500.000
G0 X60.667 Y202.020 F3000.000
G1 Z1.000 F500.000
G4 P100
G1 X60.704 Y201.775 F1000.000
G1 X60.792 Y201.690
G1 X60.915 Y201.837
G1 X61.017 Y202.278
G1 X61.132 Y203.740
G1 X60.792 Y202.785
G1 X60.667 Y202.020
G0 Z5.000 F500.000
G0 X61.747 Y203.940 F3000.000
G1 Z1.000 F500.000
G4 P100
G1 X62.079 Y204.137 F1000.000
G1 X62.322 Y204.528
G1 X62.412 Y205.015
G1 X62.352 Y205.243
G1 X62.192 Y205.320
G1 X61.993 Y205.225
G1 X61.757 Y204.940
G1 X61.747 Y203.940
G0 Z5.000 F500.000
G0 X63.387 Y204.510 F3000.000
G1 Z1.000 F500.000
G4 P100
G1 X63.532 Y205.188 F1000.000
G1 X63.704 Y205.452
G1 X64.200 Y205.778
G1 X64.497 Y205.820
G1 X64.840 Y205.754
G1 X65.109 Y205.558
G1 X65.294 Y205.264
G1 X65.382 Y204.910
G1 X66.012 Y205.020
G1 X66.112 Y204.955
G1 X66.147 Y204.790
G1 X66.110 Y204.599
G1 X66.002 Y204.505
G1 X65.342 Y204.385
G1 X65.200 Y204.007
G1 X64.967 Y203.713
G1 X64.668 Y203.523
G1 X64.332 Y203.460
G1 X63.819 Y203.605
G1 X63.497 Y203.990
G1 X63.387 Y204.510
G0 Z5.000 F500.000
G0 X64.119 Y204.135 F3000.000
G1 Z1.000 F500.000
G4 P100
G1 X64.372 Y203.990 F1000.000
G1 X64.649 Y204.120
G1 X64.807 Y204.495
G1 X64.569 Y204.770
G1 X64.502 Y205.290
G1 X64.300 Y205.242
G1 X64.144 Y205.097
G1 X64.045 Y204.866
G1 X64.012 Y204.555
G1 X64.119 Y204.135
G0 Z5.000 F500.000
G0 X65.727 Y204.300 F3000.000
G1 Z1.000 F500.000
G4 P100
G1 X65.912 Y205.535 F1000.000
G1 X66.059 Y205.748
G1 X66.347 Y205.815
G1 X66.487 Y205.790
G1 X66.527 Y205.695
G1 X66.312 Y204.515
G1 X66.515 Y205.115
G1 X66.767 Y205.515
G1 X67.070 Y205.740
G1 X67.432 Y205.815
G1 X67.839 Y205.653
G1 X67.987 Y205.235
G1 X67.894 Y204.880
G1 X67.652 Y204.735
G1 X67.499 Y204.780
G1 X67.442 Y204.905
G1 X67.459 Y205.291
G1 X67.362 Y205.325
G1 X67.167 Y205.222
G1 X67.014 Y204.947
G1 X66.957 Y204.575
G1 X67.082 Y204.143
G1 X67.442 Y203.980
G1 X67.772 Y204.102
G1 X68.307 Y204.600
G1 X68.409 Y204.540
G1 X68.447 Y204.375
G1 X68.352 Y204.065
G1 X67.902 Y203.627
G1 X67.392 Y203.460
G1 X66.964 Y203.562
G1 X66.652 Y203.810
G1 X66.497 Y204.090
G1 X66.294 Y203.535
G1 X66.072 Y203.460
G1 X65.910 Y203.510
G1 X65.804 Y203.660
G1 X65.727 Y204.300
G0 Z5.000 F500.000
G0 X68.077 Y203.901 F3000.000
G1 Z1.000 F500.000
G4 P100
G1 X68.092 Y204.873 F1000.000
G1 X68.257 Y205.535
G1 X68.397 Y205.750
G1 X68.682 Y205.815
G1 X68.834 Y205.780
G1 X68.877 Y205.675
G1 X68.667 Y204.222
G1 X68.747 Y204.180
G1 X68.934 Y204.330
G1 X69.544 Y205.750
G1 X69.792 Y205.815
G1 X69.952 Y205.787
G1 X69.997 Y205.685
G1 X69.732 Y204.210
G1 X69.772 Y204.062
G1 X69.877 Y204.010
G1 X70.114 Y204.132
G1 X70.617 Y204.600
G1 X70.719 Y204.540
G1 X70.757 Y204.375
G1 X70.662 Y204.065
G1 X70.199 Y203.630
G1 X69.935 Y203.502
G1 X69.429 Y203.506
G1 X69.284 Y203.645
G1 X69.172 Y204.165
G1 X68.917 Y203.642
G1 X68.552 Y203.460
G1 X68.347 Y203.512
G1 X68.077 Y203.901
G0 Z5.000 F500.000
G0 X70.252 Y203.895 F3000.000
G1 Z1.000 F500.000
G4 P100
G1 X70.379 Y204.255 F1000.000
G1 X70.737 Y204.390
G1 X71.069 Y204.282
G1 X71.182 Y203.965
G1 X71.052 Y203.597
G1 X70.697 Y203.460
G1 X70.364 Y203.580
G1 X70.252 Y203.895
G0 Z5.000 F500.000
G0 X74.315 Y203.740 F3000.000
G1 Z1.000 F500.000
G4 P100
G1 X74.610 Y205.080 F1000.000
G1 X74.130 Y205.127
G1 X74.055 Y205.315
G1 X74.150 Y205.558
G1 X74.730 Y205.655
G1 X74.860 Y206.730
G1 X74.790 Y207.050
G1 X74.605 Y207.135
G1 X74.232 Y206.989
G1 X73.670 Y206.465
G1 X73.550 Y206.530
G1 X73.500 Y206.695
G1 X73.625 Y207.025
G1 X74.180 Y207.528
G1 X74.517 Y207.676
G1 X74.860 Y207.725
G1 X75.148 Y207.669
G1 X75.362 Y207.502
G1 X75.496 Y207.218
G1 X75.540 Y206.810
G1 X75.420 Y205.685
G1 X76.450 Y205.760
G1 X76.725 Y206.790
G1 X77.185 Y207.570
G1 X77.476 Y207.795
G1 X77.800 Y207.870
G1 X78.024 Y207.821
G1 X78.195 Y207.673
G1 X78.340 Y207.155
G1 X78.261 Y206.583
G1 X78.024 Y206.105
G1 X77.628 Y205.722
G1 X77.075 Y205.435
G1 X77.092 Y204.571
G1 X77.190 Y204.275
G1 X77.346 Y204.110
G1 X77.555 Y204.055
G1 X77.930 Y204.162
G1 X78.450 Y204.600
G1 X78.552 Y204.540
G1 X78.590 Y204.375
G1 X78.495 Y204.065
G1 X77.984 Y203.611
G1 X77.440 Y203.460
G1 X77.004 Y203.554
G1 X76.665 Y203.835
G1 X76.447 Y204.291
G1 X76.390 Y205.250
G1 X75.315 Y205.135
G1 X75.035 Y203.885
G1 X74.882 Y203.559
G1 X74.635 Y203.450
G1 X74.395 Y203.523
G1 X74.315 Y203.740
G0 Z5.000 F500.000
G0 X77.135 Y205.935 F3000.000
G1 Z1.000 F500.000
G4 P100
G1 X77.482 Y206.135 F1000.000
G1 X77.725 Y206.405
G1 X77.867 Y206.754
G1 X77.915 Y207.190
G1 X77.875 Y207.370
G1 X77.775 Y207.435
G1 X77.542 Y207.235
G1 X77.310 Y206.690
G1 X77.135 Y205.935
G0 Z5.000 F500.000
G0 X78.540 Y205.750 F3000.000
G1 Z1.000 F500.000
G4 P100
G1 X78.825 Y205.815 F1000.000
G1 X78.977 Y205.780
G1 X79.020 Y205.675
G1 X78.785 Y204.370
G1 X78.890 Y204.180
G1 X79.077 Y204.330
G1 X79.317 Y204.785
G1 X79.687 Y205.750
G1 X79.935 Y205.815
G1 X80.095 Y205.785
G1 X80.140 Y205.685
G1 X79.880 Y204.020
G1 X80.630 Y204.550
G1 X80.745 Y204.590
G1 X80.847 Y204.528
G1 X80.885 Y204.370
G1 X80.740 Y204.075
G1 X79.780 Y203.430
G1 X79.561 Y202.506
G1 X79.282 Y201.803
G1 X78.933 Y201.358
G1 X78.500 Y201.210
G1 X78.269 Y201.249
G1 X77.965 Y201.549
G1 X77.925 Y201.780
G1 X78.032 Y202.260
G1 X78.432 Y202.822
G1 X79.260 Y203.550
G1 X79.355 Y204.195
G1 X79.075 Y203.648
G1 X78.890 Y203.507
G1 X78.491 Y203.512
G1 X78.327 Y203.667
G1 X78.185 Y204.185
G1 X78.235 Y204.873
G1 X78.400 Y205.535
G1 X78.540 Y205.750
G0 Z5.000 F500.000
G0 X79.145 Y202.950 F3000.000
G1 Z1.000 F500.000
G4 P100
G1 X78.587 Y202.358 F1000.000
G1 X78.415 Y201.890
G1 X78.447 Y201.750
G1 X78.555 Y201.695
G1 X78.687 Y201.767
G1 X78.835 Y201.985
G1 X79.145 Y202.950
G0 Z5.000 F500.000
G0 X80.845 Y203.845 F3000.000
G1 Z1.000 F500.000
G4 P100
G1 X80.672 Y204.316 F1000.000
G1 X80.615 Y204.960
G1 X80.775 Y206.363
G1 X80.972 Y207.064
G1 X81.242 Y207.653
G1 X81.579 Y208.052
G1 X81.975 Y208.185
G1 X82.182 Y208.136
G1 X82.450 Y207.761
G1 X82.485 Y207.475
G1 X82.330 Y206.660
G1 X81.815 Y205.810
G1 X82.119 Y205.728
G1 X82.360 Y205.532
G1 X82.527 Y205.251
G1 X82.610 Y204.910
G1 X83.240 Y205.020
G1 X83.340 Y204.955
G1 X83.340 Y204.597
G1 X83.230 Y204.505
G1 X82.570 Y204.385
G1 X82.426 Y204.010
G1 X82.192 Y203.715
G1 X81.901 Y203.524
G1 X81.580 Y203.460
G1 X81.144 Y203.556
G1 X80.845 Y203.845
G0 Z5.000 F500.000
G0 X81.347 Y204.140 F3000.000
G1 Z1.000 F500.000
G4 P100
G1 X81.600 Y203.990 F1000.000
G1 X81.875 Y204.120
G1 X82.035 Y204.495
G1 X81.797 Y204.770
G1 X81.735 Y205.320
G1 X81.536 Y205.269
G1 X81.274 Y204.881
G1 X81.240 Y204.575
G1 X81.347 Y204.140
G0 Z5.000 F500.000
G0 X81.275 Y205.470 F3000.000
G1 Z1.000 F500.000
G4 P100
G1 X81.951 Y206.974 F1000.000
G1 X82.000 Y207.360
G1 X81.962 Y207.605
G1 X81.860 Y207.690
G1 X81.642 Y207.392
G1 X81.425 Y206.585
G1 X81.275 Y205.470
G0 Z5.000 F500.000
G0 X83.140 Y205.535 F3000.000
G1 Z1.000 F500.000
G4 P100
G1 X83.287 Y205.748 F1000.000
G1 X83.715 Y205.790
G1 X83.755 Y205.695
G1 X83.550 Y204.615
G1 X83.920 Y205.315
G1 X84.322 Y205.700
G1 X84.685 Y205.815
G1 X84.929 Y205.734
G1 X85.010 Y205.490
G1 X84.956 Y204.794
G1 X85.050 Y204.750
G1 X85.545 Y205.035
G1 X85.647 Y204.977
G1 X85.685 Y204.825
G1 X85.585 Y204.535
G1 X85.257 Y204.287
G1 X84.860 Y204.185
G1 X84.627 Y204.219
G1 X84.354 Y204.479
G1 X84.290 Y205.050
G1 X84.092 Y204.882
G1 X83.850 Y204.440
G1 X83.527 Y203.542
G1 X83.300 Y203.460
G1 X83.138 Y203.510
G1 X83.032 Y203.660
G1 X82.955 Y204.300
G1 X83.140 Y205.535
G0 Z5.000 F500.000
G0 X85.272 Y204.877 F3000.000
G1 Z1.000 F500.000
G4 P100
G1 X85.420 Y205.535 F1000.000
G1 X85.540 Y205.755
G1 X85.780 Y205.815
G1 X85.971 Y205.773
G1 X86.035 Y205.645
G1 X85.820 Y204.320
G1 X85.860 Y204.090
G1 X85.995 Y204.010
G1 X86.220 Y204.135
G1 X86.715 Y204.600
G1 X86.817 Y204.540
G1 X86.855 Y204.375
G1 X86.760 Y204.065
G1 X86.281 Y203.611
G1 X85.835 Y203.460
G1 X85.554 Y203.517
G1 X85.362 Y203.690
G1 X85.252 Y203.958
G1 X85.272 Y204.877
G0 Z5.000 F500.000
G0 X85.875 Y206.145 F3000.000
G1 Z1.000 F500.000
G4 P100
G1 X85.560 Y206.243 F1000.000
G1 X85.455 Y206.515
G1 X85.592 Y206.808
G1 X85.935 Y206.925
G1 X86.235 Y206.835
G1 X86.350 Y206.580
G1 X86.220 Y206.262
G1 X85.875 Y206.145
G0 Z5.000 F500.000
G0 X87.022 Y205.583 F3000.000
G1 Z1.000 F500.000
G4 P100
G1 X87.690 Y205.840 F1000.000
G1 X87.828 Y206.739
G1 X88.052 Y207.498
G1 X88.362 Y208.013
G1 X88.548 Y208.142
G1 X88.952 Y208.136
G1 X89.112 Y207.990
G1 X89.219 Y207.745
G1 X89.186 Y206.792
G1 X88.980 Y206.090
G1 X88.245 Y204.550
G1 X88.332 Y204.135
G1 X88.505 Y204.010
G1 X88.780 Y204.130
G1 X89.290 Y204.600
G1 X89.392 Y204.540
G1 X89.430 Y204.375
G1 X89.335 Y204.065
G1 X88.641 Y203.504
G1 X88.400 Y203.460
G1 X88.065 Y203.571
G1 X87.820 Y203.905
G1 X87.452 Y203.550
G1 X87.085 Y203.460
G1 X86.807 Y203.517
G1 X86.582 Y203.688
G1 X86.434 Y203.949
G1 X86.385 Y204.280
G1 X86.555 Y205.023
G1 X87.022 Y205.583
G0 Z5.000 F500.000
G0 X87.192 Y204.958 F3000.000
G1 Z1.000 F500.000
G4 P100
G1 X87.010 Y204.330 F1000.000
G1 X87.072 Y204.056
G1 X87.260 Y203.965
G1 X87.450 Y204.042
G1 X87.690 Y204.330
G1 X87.650 Y205.325
G1 X87.398 Y205.191
G1 X87.192 Y204.958
G0 Z5.000 F500.000
G0 X88.250 Y205.335 F3000.000
G1 Z1.000 F500.000
G4 P100
G1 X88.670 Y206.435 F1000.000
G1 X88.810 Y207.295
G1 X88.700 Y207.695
G1 X88.510 Y207.357
G1 X88.250 Y205.335
G0 Z5.000 F500.000
G0 X88.900 Y204.000 F3000.000
G1 Z1.000 F500.000
G4 P100
G1 X90.995 Y207.935 F1000.000
G1 X91.132 Y208.105
G1 X91.290 Y208.160
G1 X91.487 Y208.067
G1 X91.570 Y207.840
G1 X91.515 Y207.635
G1 X89.262 Y203.500
G1 X89.120 Y203.460
G1 X88.917 Y203.542
G1 X88.830 Y203.760
G1 X88.900 Y204.000
G0 Z5.000 F500.000
G0 X90.960 Y203.077 F3000.000
G1 Z1.000 F500.000
G4 P100
G1 X91.655 Y204.515 F1000.000
G1 X91.645 Y205.530
G1 X91.760 Y205.760
G1 X92.060 Y205.845
G1 X92.212 Y205.803
G1 X92.270 Y205.450
G1 X92.585 Y205.738
G1 X92.915 Y205.825
G1 X93.169 Y205.769
G1 X93.372 Y205.600
G1 X93.506 Y205.340
G1 X93.550 Y205.010
G1 X93.465 Y204.495
G1 X93.230 Y204.040
G1 X93.405 Y204.010
G1 X93.720 Y204.130
G1 X94.105 Y204.530
G1 X94.240 Y204.600
G1 X94.342 Y204.540
G1 X94.380 Y204.375
G1 X94.285 Y204.065
G1 X93.822 Y203.630
G1 X93.260 Y203.460
G1 X93.020 Y203.507
G1 X92.830 Y203.650
G1 X92.235 Y203.460
G1 X92.129 Y202.574
G1 X91.940 Y201.847
G1 X91.656 Y201.362
G1 X91.474 Y201.240
G1 X91.030 Y201.249
G1 X90.865 Y201.395
G1 X90.767 Y201.627
G1 X90.791 Y202.466
G1 X90.960 Y203.077
G0 Z5.000 F500.000
G0 X91.180 Y202.020 F3000.000
G1 Z1.000 F500.000
G4 P100
G1 X91.217 Y201.775 F1000.000
G1 X91.305 Y201.690
G1 X91.429 Y201.837
G1 X91.530 Y202.278
G1 X91.645 Y203.740
G1 X91.305 Y202.785
G1 X91.180 Y202.020
G0 Z5.000 F500.000
G0 X92.260 Y203.940 F3000.000
G1 Z1.000 F500.000
G4 P100
G1 X92.592 Y204.137 F1000.000
G1 X92.835 Y204.528
G1 X92.925 Y205.015
G1 X92.865 Y205.243
G1 X92.705 Y205.320
G1 X92.506 Y205.225
G1 X92.270 Y204.940
G1 X92.260 Y203.940
G0 Z5.000 F500.000
G0 X93.985 Y204.300 F3000.000
G1 Z1.000 F500.000
G4 P100
G1 X94.170 Y205.535 F1000.000
G1 X94.317 Y205.748
G1 X94.605 Y205.815
G1 X94.745 Y205.790
G1 X94.785 Y205.695
G1 X94.580 Y204.615
G1 X94.950 Y205.315
G1 X95.352 Y205.700
G1 X95.715 Y205.815
G1 X95.959 Y205.734
G1 X96.040 Y205.490
G1 X95.986 Y204.794
G1 X96.080 Y204.750
G1 X96.575 Y205.035
G1 X96.677 Y204.977
G1 X96.715 Y204.825
G1 X96.615 Y204.535
G1 X96.287 Y204.287
G1 X95.890 Y204.185
G1 X95.657 Y204.219
G1 X95.384 Y204.479
G1 X95.320 Y205.050
G1 X95.122 Y204.882
G1 X94.880 Y204.440
G1 X94.557 Y203.542
G1 X94.330 Y203.460
G1 X94.168 Y203.510
G1 X94.062 Y203.660
G1 X93.985 Y204.300
G0 Z5.000 F500.000
G0 X96.248 Y204.083 F3000.000
G1 Z1.000 F500.000
G4 P100
G1 X96.175 Y204.525 F1000.000
G1 X96.320 Y205.167
G1 X96.722 Y205.640
G1 X97.305 Y205.815
G1 X97.566 Y205.772
G1 X97.770 Y205.642
G1 X97.901 Y205.439
G1 X97.945 Y205.175
G1 X97.883 Y204.854
G1 X97.697 Y204.583
G1 X97.364 Y204.361
G1 X96.860 Y204.190
G1 X97.041 Y204.018
G1 X97.335 Y203.960
G1 X97.847 Y204.118
G1 X98.480 Y204.600
G1 X98.582 Y204.540
G1 X98.620 Y204.375
G1 X98.525 Y204.065
G1 X98.002 Y203.650
G1 X97.280 Y203.460
G1 X96.814 Y203.531
G1 X96.465 Y203.745
G1 X96.248 Y204.083
G0 Z5.000 F500.000
G0 X96.780 Y204.590 F3000.000
G1 Z1.000 F500.000
G4 P100
G1 X97.245 Y204.790 F1000.000
G1 X97.372 Y204.941
G1 X97.362 Y205.267
G1 X97.220 Y205.325
G1 X97.049 Y205.271
G1 X96.907 Y205.110
G1 X96.780 Y204.590
G0 Z5.000 F500.000
G0 X98.055 Y204.200 F3000.000
G1 Z1.000 F500.000
G4 P100
G1 X98.470 Y204.760 F1000.000
G1 X98.895 Y205.650
G1 X99.041 Y205.815
G1 X99.290 Y205.870
G1 X99.485 Y205.845
G1 X99.540 Y205.765
G1 X99.375 Y205.235
G1 X99.832 Y204.488
G1 X99.905 Y204.025
G1 X100.615 Y204.600
G1 X100.718 Y204.540
G1 X100.755 Y204.375
G1 X100.660 Y204.065
G1 X100.183 Y203.642
G1 X99.145 Y203.350
G1 X98.748 Y203.470
G1 X98.610 Y203.740
G1 X98.705 Y203.965
G1 X98.985 Y204.060
G1 X99.270 Y204.030
G1 X99.213 Y204.275
G1 X98.930 Y204.685
G1 X98.623 Y204.195
G1 X98.290 Y203.825
G1 X98.100 Y203.735
G1 X97.970 Y203.792
G1 X97.920 Y203.935
G1 X98.055 Y204.200
G0 Z5.000 F500.000
G0 X100.275 Y204.525 F3000.000
G1 Z1.000 F500.000
G4 P100
G1 X100.420 Y205.167 F1000.000
G1 X100.593 Y205.434
G1 X101.097 Y205.771
G1 X101.405 Y205.815
G1 X101.666 Y205.772
G1 X101.870 Y205.642
G1 X102.001 Y205.439
G1 X102.045 Y205.175
G1 X101.983 Y204.854
G1 X101.797 Y204.583
G1 X101.464 Y204.361
G1 X100.960 Y204.190
G1 X101.141 Y204.018
G1 X101.435 Y203.960
G1 X101.947 Y204.118
G1 X102.580 Y204.600
G1 X102.683 Y204.540
G1 X102.720 Y204.375
G1 X102.625 Y204.065
G1 X102.102 Y203.650
G1 X101.380 Y203.460
G1 X100.914 Y203.531
G1 X100.565 Y203.745
G1 X100.347 Y204.083
G1 X100.275 Y204.525
G0 Z5.000 F500.000
G0 X100.880 Y204.590 F3000.000
G1 Z1.000 F500.000
G4 P100
G1 X101.345 Y204.790 F1000.000
G1 X101.472 Y204.941
G1 X101.463 Y205.267
G1 X101.320 Y205.325
G1 X101.149 Y205.271
G1 X101.007 Y205.110
G1 X100.880 Y204.590
G0 Z5.000 F500.000
G0 X102.371 Y204.934 F3000.000
G1 Z1.000 F500.000
G4 P100
G1 X102.510 Y205.535 F1000.000
G1 X102.657 Y205.748
G1 X102.945 Y205.815
G1 X103.085 Y205.790
G1 X103.125 Y205.695
G1 X102.920 Y204.615
G1 X103.290 Y205.315
G1 X103.692 Y205.700
G1 X104.055 Y205.815
G1 X104.299 Y205.734
G1 X104.380 Y205.490
G1 X104.326 Y204.794
G1 X104.420 Y204.750
G1 X104.915 Y205.035
G1 X105.018 Y204.977
G1 X105.055 Y204.825
G1 X104.955 Y204.535
G1 X104.627 Y204.287
G1 X104.230 Y204.185
G1 X103.997 Y204.219
G1 X103.724 Y204.479
G1 X103.660 Y205.050
G1 X103.463 Y204.882
G1 X103.220 Y204.440
G1 X102.898 Y203.542
G1 X102.670 Y203.460
G1 X102.508 Y203.510
G1 X102.403 Y203.660
G1 X102.325 Y204.300
G1 X102.371 Y204.934
G0 Z5.000 F500.000
G0 X104.660 Y204.125 F3000.000
G1 Z1.000 F500.000
G4 P100
G1 X104.600 Y205.525 F1000.000
G1 X104.690 Y205.755
G1 X104.945 Y205.820
G1 X105.138 Y205.762
G1 X105.270 Y204.075
G1 X105.720 Y204.785
G1 X105.645 Y205.130
G1 X105.720 Y205.460
G1 X105.925 Y205.720
G1 X106.220 Y205.820
G1 X106.455 Y205.718
G1 X106.545 Y205.420
G1 X106.425 Y204.905
G1 X107.115 Y205.010
G1 X107.230 Y204.960
G1 X107.210 Y204.583
G1 X107.030 Y204.455
G1 X106.540 Y204.380
G1 X106.125 Y204.440
G1 X105.460 Y203.565
G1 X105.130 Y203.460
G1 X104.947 Y203.500
G1 X104.808 Y203.620
G1 X104.660 Y204.125
G0 Z5.000 F500.000
G0 X106.833 Y204.083 F3000.000
G1 Z1.000 F500.000
G4 P100
G1 X106.760 Y204.525 F1000.000
G1 X106.905 Y205.167
G1 X107.308 Y205.640
G1 X107.890 Y205.815
G1 X108.151 Y205.772
G1 X108.355 Y205.642
G1 X108.486 Y205.439
G1 X108.530 Y205.175
G1 X108.468 Y204.854
G1 X108.283 Y204.583
G1 X107.949 Y204.361
G1 X107.445 Y204.190
G1 X107.626 Y204.018
G1 X107.920 Y203.960
G1 X108.433 Y204.118
G1 X109.065 Y204.600
G1 X109.168 Y204.540
G1 X109.205 Y204.375
G1 X109.110 Y204.065
G1 X108.588 Y203.650
G1 X107.865 Y203.460
G1 X107.399 Y203.531
G1 X107.050 Y203.745
G1 X106.833 Y204.083
G0 Z5.000 F500.000
G0 X107.365 Y204.590 F3000.000
G1 Z1.000 F500.000
G4 P100
G1 X107.830 Y204.790 F1000.000
G1 X107.958 Y204.941
G1 X107.948 Y205.267
G1 X107.805 Y205.325
G1 X107.634 Y205.271
G1 X107.493 Y205.110
G1 X107.365 Y204.590
G0 Z5.000 F500.000
G0 X111.040 Y204.934 F3000.000
G1 Z1.000 F500.000
G4 P100
G1 X111.178 Y205.535 F1000.000
G1 X111.326 Y205.748
G1 X111.613 Y205.815
G1 X111.753 Y205.790
G1 X111.793 Y205.695
G1 X111.588 Y204.620
G1 X111.911 Y205.280
G1 X112.296 Y205.683
G1 X112.668 Y205.815
G1 X112.916 Y205.735
G1 X112.988 Y205.490
G1 X112.838 Y204.640
G1 X113.102 Y205.171
G1 X113.393 Y205.535
G1 X113.688 Y205.745
G1 X113.963 Y205.815
G1 X114.207 Y205.734
G1 X114.288 Y205.490
G1 X114.083 Y204.210
G1 X114.120 Y204.060
G1 X114.228 Y204.010
G1 X114.466 Y204.132
G1 X114.968 Y204.600
G1 X115.071 Y204.540
G1 X115.108 Y204.375
G1 X115.013 Y204.065
G1 X114.551 Y203.630
G1 X114.286 Y203.502
G1 X113.765 Y203.497
G1 X113.506 Y203.788
G1 X113.473 Y204.035
G1 X113.608 Y204.970
G1 X113.553 Y205.050
G1 X113.368 Y204.882
G1 X113.128 Y204.440
G1 X112.806 Y203.540
G1 X112.573 Y203.460
G1 X112.326 Y203.618
G1 X112.243 Y204.000
G1 X112.333 Y204.970
G1 X112.278 Y205.050
G1 X112.088 Y204.870
G1 X111.866 Y204.410
G1 X111.566 Y203.542
G1 X111.338 Y203.460
G1 X111.176 Y203.510
G1 X111.071 Y203.660
G1 X110.993 Y204.300
G1 X111.040 Y204.934
G0 Z5.000 F500.000
G0 X114.628 Y204.510 F3000.000
G1 Z1.000 F500.000
G4 P100
G1 X114.773 Y205.188 F1000.000
G1 X114.946 Y205.452
G1 X115.442 Y205.778
G1 X115.738 Y205.820
G1 X116.081 Y205.754
G1 X116.351 Y205.558
G1 X116.535 Y205.264
G1 X116.623 Y204.910
G1 X117.253 Y205.020
G1 X117.353 Y204.955
G1 X117.388 Y204.790
G1 X117.352 Y204.599
G1 X117.243 Y204.505
G1 X116.583 Y204.385
G1 X116.442 Y204.007
G1 X116.208 Y203.713
G1 X115.910 Y203.523
G1 X115.573 Y203.460
G1 X115.061 Y203.605
G1 X114.738 Y203.990
G1 X114.628 Y204.510
G0 Z5.000 F500.000
G0 X115.361 Y204.135 F3000.000
G1 Z1.000 F500.000
G4 P100
G1 X115.613 Y203.990 F1000.000
G1 X115.891 Y204.120
G1 X116.048 Y204.495
G1 X115.811 Y204.770
G1 X115.743 Y205.290
G1 X115.541 Y205.242
G1 X115.386 Y205.097
G1 X115.286 Y204.866
G1 X115.253 Y204.555
G1 X115.361 Y204.135
G0 Z5.000 F500.000
G0 X116.893 Y204.280 F3000.000
G1 Z1.000 F500.000
G4 P100
G1 X116.936 Y204.666 F1000.000
G1 X117.265 Y205.334
G1 X117.846 Y205.756
G1 X118.198 Y205.840
G1 X118.336 Y206.739
G1 X118.561 Y207.498
G1 X118.870 Y208.013
G1 X119.056 Y208.142
G1 X119.460 Y208.136
G1 X119.621 Y207.990
G1 X119.728 Y207.745
G1 X119.695 Y206.792
G1 X119.488 Y206.090
G1 X118.753 Y204.550
G1 X118.841 Y204.135
G1 X119.013 Y204.010
G1 X119.288 Y204.130
G1 X119.798 Y204.600
G1 X119.901 Y204.540
G1 X119.938 Y204.375
G1 X119.843 Y204.065
G1 X119.150 Y203.504
G1 X118.908 Y203.460
G1 X118.573 Y203.571
G1 X118.328 Y203.905
G1 X117.961 Y203.550
G1 X117.593 Y203.460
G1 X117.315 Y203.517
G1 X117.091 Y203.688
G1 X116.943 Y203.949
G1 X116.893 Y204.280
G0 Z5.000 F500.000
G0 X117.581 Y204.056 F3000.000
G1 Z1.000 F500.000
G4 P100
G1 X117.768 Y203.965 F1000.000
G1 X117.958 Y204.042
G1 X118.198 Y204.330
G1 X118.158 Y205.325
G1 X117.906 Y205.191
G1 X117.564 Y204.659
G1 X117.518 Y204.330
G1 X117.581 Y204.056
G0 Z5.000 F500.000
G0 X118.758 Y205.335 F3000.000
G1 Z1.000 F500.000
G4 P100
G1 X119.178 Y206.435 F1000.000
G1 X119.318 Y207.295
G1 X119.208 Y207.695
G1 X119.018 Y207.357
G1 X118.758 Y205.335
G0 Z5.000 F500.000
G0 X119.776 Y205.434 F3000.000
G1 Z1.000 F500.000
G4 P100
G1 X120.280 Y205.771 F1000.000
G1 X120.850 Y205.772
G1 X121.053 Y205.642
G1 X121.185 Y205.439
G1 X121.228 Y205.175
G1 X121.166 Y204.854
G1 X120.981 Y204.583
G1 X120.648 Y204.361
G1 X120.143 Y204.190
G1 X120.325 Y204.018
G1 X120.618 Y203.960
G1 X121.131 Y204.118
G1 X121.763 Y204.600
G1 X121.866 Y204.540
G1 X121.903 Y204.375
G1 X121.808 Y204.065
G1 X121.286 Y203.650
G1 X120.936 Y203.507
G1 X120.563 Y203.460
G1 X120.097 Y203.531
G1 X119.748 Y203.745
G1 X119.531 Y204.083
G1 X119.458 Y204.525
G1 X119.603 Y205.167
G1 X119.776 Y205.434
G0 Z5.000 F500.000
G0 X120.191 Y205.110 F3000.000
G1 Z1.000 F500.000
G4 P100
G1 X120.063 Y204.590 F1000.000
G1 X120.528 Y204.790
G1 X120.698 Y205.115
G1 X120.646 Y205.267
G1 X120.503 Y205.325
G1 X120.333 Y205.271
G1 X120.191 Y205.110
G0 Z5.000 F500.000
G0 X123.457 Y204.120 F3000.000
G1 Z1.000 F500.000
G4 P100
G1 X123.937 Y204.760 F1000.000
G1 X124.362 Y205.650
G1 X124.508 Y205.815
G1 X124.757 Y205.870
G1 X124.952 Y205.845
G1 X125.007 Y205.765
G1 X124.842 Y205.235
G1 X125.299 Y204.488
G1 X125.372 Y204.025
G1 X126.082 Y204.600
G1 X126.184 Y204.540
G1 X126.222 Y204.375
G1 X126.127 Y204.065
G1 X125.649 Y203.642
G1 X124.612 Y203.350
G1 X124.214 Y203.470
G1 X124.077 Y203.740
G1 X124.172 Y203.965
G1 X124.452 Y204.060
G1 X124.737 Y204.030
G1 X124.679 Y204.275
G1 X124.397 Y204.685
G1 X123.757 Y203.825
G1 X123.567 Y203.735
G1 X123.437 Y203.792
G1 X123.387 Y203.935
G1 X123.457 Y204.120
G0 Z5.000 F500.000
G0 X125.842 Y203.955 F3000.000
G1 Z1.000 F500.000
G4 P100
G1 X126.009 Y206.215 F1000.000
G1 X126.204 Y206.983
G1 X126.474 Y207.618
G1 X126.812 Y208.043
G1 X127.212 Y208.185
G1 X127.420 Y208.136
G1 X127.691 Y207.761
G1 X127.653 Y206.961
G1 X127.432 Y206.428
G1 X126.472 Y205.160
G1 X126.457 Y204.625
G1 X126.824 Y205.317
G1 X127.224 Y205.700
G1 X127.587 Y205.815
G1 X127.830 Y205.734
G1 X127.912 Y205.490
G1 X127.707 Y204.210
G1 X127.743 Y204.060
G1 X127.852 Y204.010
G1 X128.089 Y204.132
G1 X128.592 Y204.600
G1 X128.694 Y204.540
G1 X128.732 Y204.375
G1 X128.637 Y204.065
G1 X128.164 Y203.630
G1 X127.905 Y203.502
G1 X127.388 Y203.497
G1 X127.129 Y203.788
G1 X127.097 Y204.035
G1 X127.232 Y204.970
G1 X127.177 Y205.050
G1 X126.992 Y204.882
G1 X126.752 Y204.440
G1 X126.392 Y203.560
G1 X126.087 Y203.460
G1 X125.889 Y203.567
G1 X125.842 Y203.955
G0 Z5.000 F500.000
G0 X126.527 Y205.785 F3000.000
G1 Z1.000 F500.000
G4 P100
G1 X127.039 Y206.580 F1000.000
G1 X127.191 Y206.990
G1 X127.242 Y207.360
G1 X127.207 Y207.605
G1 X127.107 Y207.690
G1 X126.907 Y207.433
G1 X126.694 Y206.738
G1 X126.527 Y205.785
G0 Z5.000 F500.000
G0 X128.569 Y205.452 F3000.000
G1 Z1.000 F500.000
G4 P100
G1 X129.065 Y205.778 F1000.000
G1 X129.362 Y205.820
G1 X129.705 Y205.754
G1 X129.974 Y205.558
G1 X130.159 Y205.264
G1 X130.247 Y204.910
G1 X130.877 Y205.020
G1 X130.977 Y204.955
G1 X130.975 Y204.599
G1 X130.867 Y204.505
G1 X130.207 Y204.385
G1 X130.065 Y204.007
G1 X129.832 Y203.713
G1 X129.533 Y203.523
G1 X128.919 Y203.496
G1 X128.684 Y203.605
G1 X128.362 Y203.990
G1 X128.252 Y204.510
G1 X128.397 Y205.188
G1 X128.569 Y205.452
G0 Z5.000 F500.000
G0 X128.910 Y204.866 F3000.000
G1 Z1.000 F500.000
G4 P100
G1 X128.877 Y204.555 F1000.000
G1 X128.984 Y204.135
G1 X129.237 Y203.990
G1 X129.514 Y204.120
G1 X129.672 Y204.495
G1 X129.434 Y204.770
G1 X129.367 Y205.290
G1 X129.165 Y205.242
G1 X129.009 Y205.097
G1 X128.910 Y204.866
G0 Z5.000 F500.000
G0 X130.632 Y204.873 F3000.000
G1 Z1.000 F500.000
G4 P100
G1 X130.797 Y205.535 F1000.000
G1 X130.937 Y205.750
G1 X131.374 Y205.780
G1 X131.417 Y205.675
G1 X131.182 Y204.370
G1 X131.287 Y204.180
G1 X131.474 Y204.330
G1 X131.714 Y204.785
G1 X132.084 Y205.750
G1 X132.492 Y205.787
G1 X132.537 Y205.685
G1 X132.272 Y204.210
G1 X132.312 Y204.062
G1 X132.417 Y204.010
G1 X132.654 Y204.132
G1 X133.157 Y204.600
G1 X133.259 Y204.540
G1 X133.297 Y204.375
G1 X133.202 Y204.065
G1 X132.739 Y203.630
G1 X132.475 Y203.502
G1 X131.969 Y203.506
G1 X131.824 Y203.645
G1 X131.712 Y204.165
G1 X131.457 Y203.642
G1 X131.092 Y203.460
G1 X130.887 Y203.512
G1 X130.617 Y203.901
G1 X130.632 Y204.873
G0 Z5.000 F500.000
G0 X132.980 Y204.319 F3000.000
G1 Z1.000 F500.000
G4 P100
G1 X132.927 Y204.895 F1000.000
G1 X133.084 Y206.285
G1 X133.279 Y207.010
G1 X133.549 Y207.625
G1 X133.886 Y208.045
G1 X134.282 Y208.185
G1 X134.496 Y208.129
G1 X134.659 Y207.963
G1 X134.762 Y207.692
G1 X134.797 Y207.325
G1 X134.714 Y206.683
G1 X134.467 Y205.945
G1 X134.078 Y205.164
G1 X133.572 Y204.390
G1 X133.687 Y204.097
G1 X133.897 Y204.010
G1 X134.257 Y204.127
G1 X134.787 Y204.600
G1 X134.889 Y204.540
G1 X134.927 Y204.375
G1 X134.832 Y204.065
G1 X134.364 Y203.630
G1 X133.792 Y203.460
G1 X133.409 Y203.560
G1 X133.139 Y203.860
G1 X132.980 Y204.319
G0 Z5.000 F500.000
G0 X133.537 Y205.065 F3000.000
G1 Z1.000 F500.000
G4 P100
G1 X134.102 Y206.238 F1000.000
G1 X134.259 Y206.799
G1 X134.312 Y207.310
G1 X134.277 Y207.595
G1 X134.172 Y207.690
G1 X133.912 Y207.275
G1 X133.657 Y206.245
G1 X133.537 Y205.065
G0 Z5.000 F500.000
G0 X134.829 Y205.334 F3000.000
G1 Z1.000 F500.000
G4 P100
G1 X135.410 Y205.756 F1000.000
G1 X135.762 Y205.840
G1 X135.900 Y206.739
G1 X136.124 Y207.498
G1 X136.434 Y208.013
G1 X136.620 Y208.142
G1 X137.024 Y208.136
G1 X137.184 Y207.990
G1 X137.291 Y207.745
G1 X137.258 Y206.792
G1 X137.052 Y206.090
G1 X136.317 Y204.550
G1 X136.404 Y204.135
G1 X136.577 Y204.010
G1 X136.852 Y204.130
G1 X137.362 Y204.600
G1 X137.464 Y204.540
G1 X137.502 Y204.375
G1 X137.407 Y204.065
G1 X136.713 Y203.504
G1 X136.472 Y203.460
G1 X136.137 Y203.571
G1 X135.892 Y203.905
G1 X135.524 Y203.550
G1 X135.157 Y203.460
G1 X134.879 Y203.517
G1 X134.654 Y203.688
G1 X134.506 Y203.949
G1 X134.457 Y204.280
G1 X134.499 Y204.666
G1 X134.829 Y205.334
G0 Z5.000 F500.000
G0 X135.127 Y204.659 F3000.000
G1 Z1.000 F500.000
G4 P100
G1 X135.082 Y204.330 F1000.000
G1 X135.144 Y204.056
G1 X135.332 Y203.965
G1 X135.522 Y204.042
G1 X135.762 Y204.330
G1 X135.722 Y205.325
G1 X135.470 Y205.191
G1 X135.127 Y204.659
G0 Z5.000 F500.000
G0 X136.322 Y205.335 F3000.000
G1 Z1.000 F500.000
G4 P100
G1 X136.742 Y206.435 F1000.000
G1 X136.882 Y207.295
G1 X136.772 Y207.695
G1 X136.582 Y207.357
G1 X136.322 Y205.335
G0 Z5.000 F500.000
G0 X139.472 Y206.215 F3000.000
G1 Z1.000 F500.000
G4 P100
G1 X139.667 Y206.983 F1000.000
G1 X139.938 Y207.618
G1 X140.276 Y208.043
G1 X140.675 Y208.185
G1 X140.883 Y208.136
G1 X141.154 Y207.761
G1 X141.116 Y206.961
G1 X140.895 Y206.428
G1 X139.935 Y205.160
G1 X139.920 Y204.625
G1 X140.178 Y205.164
G1 X140.470 Y205.532
G1 X140.770 Y205.744
G1 X141.050 Y205.815
G1 X141.276 Y205.773
G1 X141.567 Y205.455
G1 X141.605 Y205.225
G1 X141.465 Y204.720
G1 X140.985 Y204.310
G1 X141.107 Y204.093
G1 X141.355 Y204.010
G1 X141.655 Y204.130
G1 X142.170 Y204.600
G1 X142.272 Y204.540
G1 X142.310 Y204.375
G1 X142.215 Y204.065
G1 X141.760 Y203.625
G1 X141.509 Y203.501
G1 X140.867 Y203.515
G1 X140.595 Y203.680
G1 X140.419 Y203.936
G1 X140.360 Y204.265
G1 X140.410 Y204.433
G1 X140.875 Y204.748
G1 X140.970 Y205.010
G1 X140.840 Y205.190
G1 X140.542 Y204.995
G1 X140.240 Y204.493
G1 X139.892 Y203.542
G1 X139.665 Y203.460
G1 X139.438 Y203.572
G1 X139.340 Y203.920
G1 X139.315 Y204.610
G1 X139.472 Y206.215
G0 Z5.000 F500.000
G0 X139.990 Y205.785 F3000.000
G1 Z1.000 F500.000
G4 P100
G1 X140.502 Y206.580 F1000.000
G1 X140.654 Y206.990
G1 X140.705 Y207.360
G1 X140.670 Y207.605
G1 X140.570 Y207.690
G1 X140.370 Y207.433
G1 X140.157 Y206.738
G1 X139.990 Y205.785
G0 Z5.000 F500.000
G0 X142.148 Y205.434 F3000.000
G1 Z1.000 F500.000
G4 P100
G1 X142.652 Y205.771 F1000.000
G1 X143.221 Y205.772
G1 X143.425 Y205.642
G1 X143.556 Y205.439
G1 X143.600 Y205.175
G1 X143.538 Y204.854
G1 X143.352 Y204.583
G1 X143.019 Y204.361
G1 X142.515 Y204.190
G1 X142.696 Y204.018
G1 X142.990 Y203.960
G1 X143.502 Y204.118
G1 X144.135 Y204.600
G1 X144.238 Y204.540
G1 X144.275 Y204.375
G1 X144.180 Y204.065
G1 X143.657 Y203.650
G1 X143.308 Y203.507
G1 X142.935 Y203.460
G1 X142.469 Y203.531
G1 X142.120 Y203.745
G1 X141.902 Y204.083
G1 X141.830 Y204.525
G1 X141.975 Y205.167
G1 X142.148 Y205.434
G0 Z5.000 F500.000
G0 X142.562 Y205.110 F3000.000
G1 Z1.000 F500.000
G4 P100
G1 X142.435 Y204.590 F1000.000
G1 X142.900 Y204.790
G1 X143.070 Y205.115
G1 X143.017 Y205.267
G1 X142.875 Y205.325
G1 X142.704 Y205.271
G1 X142.562 Y205.110
G0 Z5.000 F500.000
G0 X143.940 Y205.167 F3000.000
G1 Z1.000 F500.000
G4 P100
G1 X144.343 Y205.640 F1000.000
G1 X144.617 Y205.771
G1 X145.186 Y205.772
G1 X145.390 Y205.642
G1 X145.521 Y205.439
G1 X145.565 Y205.175
G1 X145.503 Y204.854
G1 X145.317 Y204.583
G1 X144.984 Y204.361
G1 X144.480 Y204.190
G1 X144.661 Y204.018
G1 X144.955 Y203.960
G1 X145.468 Y204.118
G1 X146.100 Y204.600
G1 X146.202 Y204.540
G1 X146.240 Y204.375
G1 X146.145 Y204.065
G1 X145.623 Y203.650
G1 X145.273 Y203.507
G1 X144.900 Y203.460
G1 X144.434 Y203.531
G1 X144.085 Y203.745
G1 X143.868 Y204.083
G1 X143.795 Y204.525
G1 X143.940 Y205.167
G0 Z5.000 F500.000
G0 X144.400 Y204.590 F3000.000
G1 Z1.000 F500.000
G4 P100
G1 X144.865 Y204.790 F1000.000
G1 X144.993 Y204.941
G1 X144.983 Y205.267
G1 X144.840 Y205.325
G1 X144.669 Y205.271
G1 X144.528 Y205.110
G1 X144.400 Y204.590
G0 Z5.000 F500.000
G0 X145.910 Y205.530 F3000.000
G1 Z1.000 F500.000
G4 P100
G1 X146.025 Y205.760 F1000.000
G1 X146.325 Y205.845
G1 X146.478 Y205.803
G1 X146.535 Y205.450
G1 X146.850 Y205.738
G1 X147.180 Y205.825
G1 X147.434 Y205.769
G1 X147.637 Y205.600
G1 X147.771 Y205.340
G1 X147.815 Y205.010
G1 X147.730 Y204.495
G1 X147.495 Y204.040
G1 X147.670 Y204.010
G1 X147.985 Y204.130
G1 X148.505 Y204.600
G1 X148.608 Y204.540
G1 X148.645 Y204.375
G1 X148.550 Y204.065
G1 X148.088 Y203.630
G1 X147.823 Y203.502
G1 X147.285 Y203.507
G1 X147.095 Y203.650
G1 X146.500 Y203.460
G1 X146.394 Y202.574
G1 X146.205 Y201.847
G1 X145.921 Y201.362
G1 X145.530 Y201.200
G1 X145.295 Y201.249
G1 X145.130 Y201.395
G1 X145.000 Y201.935
G1 X145.225 Y203.077
G1 X145.920 Y204.515
G1 X145.910 Y205.530
G0 Z5.000 F500.000
G0 X146.530 Y204.295 F3000.000
G1 Z1.000 F500.000
G4 P100
G1 X146.525 Y203.940 F1000.000
G1 X146.858 Y204.137
G1 X147.100 Y204.528
G1 X147.190 Y205.015
G1 X147.130 Y205.243
G1 X146.970 Y205.320
G1 X146.771 Y205.225
G1 X146.535 Y204.940
G1 X146.530 Y204.295
G0 Z5.000 F500.000
G0 X145.910 Y203.740 F3000.000
G1 Z1.000 F500.000
G4 P100
G1 X145.570 Y202.785 F1000.000
G1 X145.445 Y202.020
G1 X145.483 Y201.775
G1 X145.570 Y201.690
G1 X145.694 Y201.837
G1 X145.795 Y202.278
G1 X145.910 Y203.740
G0 Z5.000 F500.000
G0 X22.610 Y194.278 F3000.000
G1 Z1.000 F500.000
G4 P100
G1 X22.515 Y193.968 F1000.000
G1 X22.045 Y193.533
G1 X21.460 Y193.363
G1 X21.014 Y193.453
G1 X20.695 Y193.722
G1 X20.504 Y194.170
G1 X20.455 Y195.243
G1 X20.058 Y195.298
G1 X20.005 Y195.473
G1 X20.061 Y195.683
G1 X20.515 Y195.753
G1 X20.775 Y196.758
G1 X21.197 Y197.483
G1 X21.454 Y197.685
G1 X21.730 Y197.753
G1 X21.918 Y197.707
G1 X22.060 Y197.568
G1 X22.180 Y197.103
G1 X22.017 Y196.378
G1 X21.530 Y195.753
G1 X22.090 Y195.753
G1 X22.205 Y195.718
G1 X22.240 Y195.588
G1 X22.099 Y195.329
G1 X21.675 Y195.243
G1 X21.065 Y195.243
G1 X21.086 Y194.411
G1 X21.178 Y194.123
G1 X21.336 Y193.965
G1 X21.565 Y193.913
G1 X21.945 Y194.043
G1 X22.470 Y194.503
G1 X22.572 Y194.443
G1 X22.610 Y194.278
G0 Z5.000 F500.000
G0 X21.115 Y195.828 F3000.000
G1 Z1.000 F500.000
G4 P100
G1 X21.558 Y196.400 F1000.000
G1 X21.705 Y196.978
G1 X21.678 Y197.199
G1 X21.595 Y197.273
G1 X21.428 Y197.085
G1 X21.253 Y196.565
G1 X21.115 Y195.828
G0 Z5.000 F500.000
G0 X22.398 Y196.118 F3000.000
G1 Z1.000 F500.000
G4 P100
G1 X22.593 Y196.886 F1000.000
G1 X22.863 Y197.520
G1 X23.201 Y197.946
G1 X23.600 Y198.088
G1 X23.808 Y198.039
G1 X24.079 Y197.664
G1 X24.041 Y196.864
G1 X23.820 Y196.331
G1 X22.860 Y195.063
G1 X22.845 Y194.528
G1 X23.212 Y195.221
G1 X23.613 Y195.603
G1 X23.975 Y195.718
G1 X24.219 Y195.637
G1 X24.300 Y195.393
G1 X24.095 Y194.113
G1 X24.131 Y193.963
G1 X24.240 Y193.913
G1 X24.477 Y194.036
G1 X24.980 Y194.503
G1 X25.082 Y194.443
G1 X25.120 Y194.278
G1 X25.025 Y193.968
G1 X24.553 Y193.533
G1 X24.293 Y193.406
G1 X23.776 Y193.400
G1 X23.517 Y193.691
G1 X23.485 Y193.938
G1 X23.620 Y194.873
G1 X23.565 Y194.953
G1 X23.380 Y194.786
G1 X23.140 Y194.343
G1 X22.780 Y193.463
G1 X22.475 Y193.363
G1 X22.277 Y193.471
G1 X22.240 Y194.513
G1 X22.398 Y196.118
G0 Z5.000 F500.000
G0 X22.915 Y195.688 F3000.000
G1 Z1.000 F500.000
G4 P100
G1 X23.427 Y196.483 F1000.000
G1 X23.579 Y196.893
G1 X23.630 Y197.263
G1 X23.595 Y197.508
G1 X23.495 Y197.593
G1 X23.295 Y197.335
G1 X23.082 Y196.641
G1 X22.915 Y195.688
G0 Z5.000 F500.000
G0 X24.958 Y195.337 F3000.000
G1 Z1.000 F500.000
G4 P100
G1 X25.462 Y195.674 F1000.000
G1 X26.031 Y195.675
G1 X26.235 Y195.546
G1 X26.366 Y195.342
G1 X26.410 Y195.078
G1 X26.348 Y194.757
G1 X26.163 Y194.486
G1 X25.829 Y194.264
G1 X25.325 Y194.093
G1 X25.506 Y193.921
G1 X25.800 Y193.863
G1 X26.312 Y194.020
G1 X26.945 Y194.503
G1 X27.047 Y194.443
G1 X27.085 Y194.278
G1 X26.990 Y193.968
G1 X26.468 Y193.553
G1 X26.118 Y193.411
G1 X25.745 Y193.363
G1 X25.279 Y193.434
G1 X24.930 Y193.648
G1 X24.712 Y193.986
G1 X24.640 Y194.428
G1 X24.785 Y195.071
G1 X24.958 Y195.337
G0 Z5.000 F500.000
G0 X25.372 Y195.013 F3000.000
G1 Z1.000 F500.000
G4 P100
G1 X25.245 Y194.493 F1000.000
G1 X25.710 Y194.693
G1 X25.880 Y195.018
G1 X25.828 Y195.171
G1 X25.685 Y195.228
G1 X25.514 Y195.174
G1 X25.372 Y195.013
G0 Z5.000 F500.000
G0 X28.343 Y194.781 F3000.000
G1 Z1.000 F500.000
G4 P100
G1 X28.491 Y195.438 F1000.000
G1 X28.611 Y195.658
G1 X28.851 Y195.718
G1 X29.042 Y195.675
G1 X29.106 Y195.548
G1 X28.891 Y194.223
G1 X28.931 Y193.993
G1 X29.066 Y193.913
G1 X29.291 Y194.038
G1 X29.786 Y194.503
G1 X29.888 Y194.443
G1 X29.926 Y194.278
G1 X29.831 Y193.968
G1 X29.352 Y193.514
G1 X28.906 Y193.363
G1 X28.625 Y193.421
G1 X28.433 Y193.593
G1 X28.323 Y193.861
G1 X28.343 Y194.781
G0 Z5.000 F500.000
G0 X28.946 Y196.048 F3000.000
G1 Z1.000 F500.000
G4 P100
G1 X28.631 Y196.145 F1000.000
G1 X28.526 Y196.418
G1 X28.663 Y196.710
G1 X29.006 Y196.828
G1 X29.306 Y196.738
G1 X29.421 Y196.483
G1 X29.291 Y196.166
G1 X28.946 Y196.048
G0 Z5.000 F500.000
G0 X29.863 Y195.650 F3000.000
G1 Z1.000 F500.000
G4 P100
G1 X30.151 Y195.718 F1000.000
G1 X30.291 Y195.693
G1 X30.331 Y195.598
G1 X30.126 Y194.523
G1 X30.448 Y195.183
G1 X30.833 Y195.585
G1 X31.206 Y195.718
G1 X31.453 Y195.638
G1 X31.526 Y195.393
G1 X31.376 Y194.543
G1 X31.640 Y195.074
G1 X31.931 Y195.438
G1 X32.226 Y195.648
G1 X32.501 Y195.718
G1 X32.745 Y195.637
G1 X32.826 Y195.393
G1 X32.621 Y194.113
G1 X32.657 Y193.963
G1 X32.766 Y193.913
G1 X33.003 Y194.036
G1 X33.506 Y194.503
G1 X33.608 Y194.443
G1 X33.646 Y194.278
G1 X33.551 Y193.968
G1 X33.088 Y193.533
G1 X32.824 Y193.406
G1 X32.302 Y193.400
G1 X32.043 Y193.691
G1 X32.011 Y193.938
G1 X32.146 Y194.873
G1 X32.091 Y194.953
G1 X31.906 Y194.786
G1 X31.666 Y194.343
G1 X31.343 Y193.443
G1 X31.111 Y193.363
G1 X30.967 Y193.402
G1 X30.863 Y193.520
G1 X30.781 Y193.903
G1 X30.871 Y194.873
G1 X30.816 Y194.953
G1 X30.626 Y194.773
G1 X30.403 Y194.313
G1 X30.103 Y193.446
G1 X29.876 Y193.363
G1 X29.714 Y193.413
G1 X29.608 Y193.563
G1 X29.531 Y194.203
G1 X29.577 Y194.837
G1 X29.716 Y195.438
G1 X29.863 Y195.650
G0 Z5.000 F500.000
G0 X33.222 Y194.567 F3000.000
G1 Z1.000 F500.000
G4 P100
G1 X33.577 Y195.258 F1000.000
G1 X33.853 Y195.511
G1 X34.170 Y195.674
G1 X34.506 Y195.728
G1 X34.653 Y195.685
G1 X34.716 Y195.533
G1 X35.120 Y195.509
G1 X35.181 Y195.378
G1 X34.991 Y194.078
G1 X35.028 Y193.958
G1 X35.126 Y193.913
G1 X35.356 Y194.036
G1 X35.856 Y194.503
G1 X35.958 Y194.443
G1 X35.996 Y194.278
G1 X35.901 Y193.968
G1 X35.466 Y193.538
G1 X35.021 Y193.363
G1 X34.718 Y193.476
G1 X34.511 Y193.783
G1 X34.217 Y193.468
G1 X33.856 Y193.363
G1 X33.577 Y193.419
G1 X33.361 Y193.588
G1 X33.222 Y193.848
G1 X33.222 Y194.567
G0 Z5.000 F500.000
G0 X33.801 Y194.173 F3000.000
G1 Z1.000 F500.000
G4 P100
G1 X33.863 Y193.943 F1000.000
G1 X34.036 Y193.868
G1 X34.246 Y193.998
G1 X34.391 Y194.343
G1 X34.576 Y195.263
G1 X34.188 Y195.106
G1 X33.906 Y194.703
G1 X33.801 Y194.173
G0 Z5.000 F500.000
G0 X35.572 Y194.567 F3000.000
G1 Z1.000 F500.000
G4 P100
G1 X35.927 Y195.258 F1000.000
G1 X36.203 Y195.511
G1 X36.520 Y195.674
G1 X36.856 Y195.728
G1 X37.003 Y195.685
G1 X37.066 Y195.533
G1 X37.463 Y195.516
G1 X37.516 Y195.368
G1 X37.296 Y193.923
G1 X38.036 Y194.453
G1 X38.151 Y194.493
G1 X38.253 Y194.430
G1 X38.291 Y194.273
G1 X38.146 Y193.978
G1 X37.196 Y193.333
G1 X36.977 Y192.409
G1 X36.698 Y191.706
G1 X36.349 Y191.261
G1 X35.916 Y191.113
G1 X35.685 Y191.152
G1 X35.381 Y191.452
G1 X35.341 Y191.683
G1 X35.411 Y192.051
G1 X35.621 Y192.446
G1 X36.023 Y192.900
G1 X36.671 Y193.448
G1 X36.701 Y193.643
G1 X36.478 Y193.435
G1 X36.206 Y193.363
G1 X35.927 Y193.419
G1 X35.711 Y193.588
G1 X35.572 Y193.848
G1 X35.572 Y194.567
G0 Z5.000 F500.000
G0 X36.151 Y194.173 F3000.000
G1 Z1.000 F500.000
G4 P100
G1 X36.213 Y193.943 F1000.000
G1 X36.386 Y193.868
G1 X36.606 Y194.008
G1 X36.916 Y195.263
G1 X36.536 Y195.106
G1 X36.256 Y194.703
G1 X36.151 Y194.173
G0 Z5.000 F500.000
G0 X36.556 Y192.853 F3000.000
G1 Z1.000 F500.000
G4 P100
G1 X36.001 Y192.258 F1000.000
G1 X35.831 Y191.793
G1 X35.863 Y191.653
G1 X35.971 Y191.598
G1 X36.104 Y191.673
G1 X36.253 Y191.898
G1 X36.556 Y192.853
G0 Z5.000 F500.000
G0 X38.201 Y193.648 F3000.000
G1 Z1.000 F500.000
G4 P100
G1 X37.983 Y193.986 F1000.000
G1 X37.911 Y194.428
G1 X38.056 Y195.071
G1 X38.458 Y195.543
G1 X38.733 Y195.674
G1 X39.302 Y195.675
G1 X39.506 Y195.546
G1 X39.637 Y195.342
G1 X39.681 Y195.078
G1 X39.619 Y194.757
G1 X39.433 Y194.486
G1 X39.100 Y194.264
G1 X38.596 Y194.093
G1 X38.777 Y193.921
G1 X39.071 Y193.863
G1 X39.583 Y194.020
G1 X40.216 Y194.503
G1 X40.318 Y194.443
G1 X40.356 Y194.278
G1 X40.261 Y193.968
G1 X39.738 Y193.553
G1 X39.389 Y193.411
G1 X39.016 Y193.363
G1 X38.550 Y193.434
G1 X38.201 Y193.648
G0 Z5.000 F500.000
G0 X38.516 Y194.493 F3000.000
G1 Z1.000 F500.000
G4 P100
G1 X38.981 Y194.693 F1000.000
G1 X39.108 Y194.844
G1 X39.098 Y195.171
G1 X38.956 Y195.228
G1 X38.785 Y195.174
G1 X38.643 Y195.013
G1 X38.516 Y194.493
G0 Z5.000 F500.000
G0 X41.522 Y194.753 F3000.000
G1 Z1.000 F500.000
G4 P100
G1 X41.642 Y195.083 F1000.000
G1 X42.057 Y195.553
G1 X42.318 Y195.677
G1 X42.836 Y195.677
G1 X43.134 Y195.370
G1 X43.172 Y195.138
G1 X43.079 Y194.783
G1 X42.837 Y194.638
G1 X42.684 Y194.683
G1 X42.644 Y195.193
G1 X42.552 Y195.228
G1 X42.337 Y195.125
G1 X42.177 Y194.848
G1 X42.117 Y194.463
G1 X42.243 Y194.028
G1 X42.622 Y193.883
G1 X43.064 Y194.020
G1 X43.667 Y194.503
G1 X43.769 Y194.443
G1 X43.807 Y194.278
G1 X43.712 Y193.968
G1 X43.149 Y193.520
G1 X42.517 Y193.363
G1 X42.081 Y193.432
G1 X41.754 Y193.641
G1 X41.550 Y193.962
G1 X41.482 Y194.373
G1 X41.522 Y194.753
G0 Z5.000 F500.000
G0 X43.437 Y194.798 F3000.000
G1 Z1.000 F500.000
G4 P100
G1 X43.594 Y196.188 F1000.000
G1 X43.789 Y196.913
G1 X44.059 Y197.528
G1 X44.396 Y197.948
G1 X44.792 Y198.088
G1 X45.006 Y198.032
G1 X45.169 Y197.865
G1 X45.272 Y197.595
G1 X45.307 Y197.228
G1 X45.224 Y196.585
G1 X44.977 Y195.848
G1 X44.588 Y195.067
G1 X44.082 Y194.293
G1 X44.197 Y194.000
G1 X44.407 Y193.913
G1 X44.767 Y194.031
G1 X45.297 Y194.503
G1 X45.399 Y194.443
G1 X45.437 Y194.278
G1 X45.342 Y193.968
G1 X44.874 Y193.533
G1 X44.605 Y193.406
G1 X44.302 Y193.363
G1 X43.919 Y193.463
G1 X43.649 Y193.763
G1 X43.490 Y194.222
G1 X43.437 Y194.798
G0 Z5.000 F500.000
G0 X44.047 Y194.968 F3000.000
G1 Z1.000 F500.000
G4 P100
G1 X44.612 Y196.141 F1000.000
G1 X44.769 Y196.702
G1 X44.822 Y197.213
G1 X44.787 Y197.498
G1 X44.682 Y197.593
G1 X44.422 Y197.178
G1 X44.167 Y196.148
G1 X44.047 Y194.968
G0 Z5.000 F500.000
G0 X45.274 Y195.356 F3000.000
G1 Z1.000 F500.000
G4 P100
G1 X45.771 Y195.681 F1000.000
G1 X46.067 Y195.723
G1 X46.410 Y195.657
G1 X46.679 Y195.460
G1 X46.864 Y195.167
G1 X46.952 Y194.813
G1 X47.582 Y194.923
G1 X47.682 Y194.858
G1 X47.681 Y194.502
G1 X47.572 Y194.408
G1 X46.912 Y194.288
G1 X46.771 Y193.910
G1 X46.537 Y193.615
G1 X46.238 Y193.426
G1 X45.624 Y193.399
G1 X45.389 Y193.508
G1 X45.067 Y193.893
G1 X44.957 Y194.413
G1 X45.102 Y195.090
G1 X45.274 Y195.356
G0 Z5.000 F500.000
G0 X45.615 Y194.769 F3000.000
G1 Z1.000 F500.000
G4 P100
G1 X45.582 Y194.458 F1000.000
G1 X45.689 Y194.038
G1 X45.942 Y193.893
G1 X46.219 Y194.023
G1 X46.377 Y194.398
G1 X46.139 Y194.673
G1 X46.072 Y195.193
G1 X45.870 Y195.145
G1 X45.714 Y195.000
G1 X45.615 Y194.769
G0 Z5.000 F500.000
G0 X47.062 Y194.023 F3000.000
G1 Z1.000 F500.000
G4 P100
G1 X47.542 Y194.663 F1000.000
G1 X47.967 Y195.553
G1 X48.113 Y195.718
G1 X48.362 Y195.773
G1 X48.557 Y195.748
G1 X48.612 Y195.668
G1 X48.447 Y195.138
G1 X48.904 Y194.391
G1 X48.977 Y193.928
G1 X49.687 Y194.503
G1 X49.789 Y194.443
G1 X49.827 Y194.278
G1 X49.732 Y193.968
G1 X49.254 Y193.546
G1 X48.217 Y193.253
G1 X47.819 Y193.373
G1 X47.682 Y193.643
G1 X47.777 Y193.868
G1 X48.057 Y193.963
G1 X48.342 Y193.933
G1 X48.284 Y194.178
G1 X48.002 Y194.588
G1 X47.362 Y193.728
G1 X47.172 Y193.638
G1 X47.042 Y193.696
G1 X46.992 Y193.838
G1 X47.062 Y194.023
G0 Z5.000 F500.000
G0 X49.347 Y194.428 F3000.000
G1 Z1.000 F500.000
G4 P100
G1 X49.492 Y195.071 F1000.000
G1 X49.665 Y195.337
G1 X50.169 Y195.674
G1 X50.477 Y195.718
G1 X50.738 Y195.675
G1 X50.942 Y195.546
G1 X51.073 Y195.342
G1 X51.117 Y195.078
G1 X51.055 Y194.757
G1 X50.869 Y194.486
G1 X50.536 Y194.264
G1 X50.032 Y194.093
G1 X50.213 Y193.921
G1 X50.507 Y193.863
G1 X51.019 Y194.020
G1 X51.652 Y194.503
G1 X51.754 Y194.443
G1 X51.792 Y194.278
G1 X51.697 Y193.968
G1 X51.174 Y193.553
G1 X50.452 Y193.363
G1 X49.986 Y193.434
G1 X49.637 Y193.648
G1 X49.419 Y193.986
G1 X49.347 Y194.428
G0 Z5.000 F500.000
G0 X49.952 Y194.493 F3000.000
G1 Z1.000 F500.000
G4 P100
G1 X50.417 Y194.693 F1000.000
G1 X50.544 Y194.844
G1 X50.534 Y195.171
G1 X50.392 Y195.228
G1 X50.221 Y195.174
G1 X50.079 Y195.013
G1 X49.952 Y194.493
G0 Z5.000 F500.000
G0 X52.763 Y195.473 F3000.000
G1 Z1.000 F500.000
G4 P100
G1 X52.819 Y195.683 F1000.000
G1 X53.273 Y195.753
G1 X53.533 Y196.758
G1 X53.955 Y197.483
G1 X54.212 Y197.685
G1 X54.488 Y197.753
G1 X54.675 Y197.707
G1 X54.818 Y197.568
G1 X54.938 Y197.103
G1 X54.897 Y196.728
G1 X54.775 Y196.378
G1 X54.288 Y195.753
G1 X54.963 Y195.718
G1 X54.962 Y195.437
G1 X54.856 Y195.329
G1 X54.433 Y195.243
G1 X53.823 Y195.243
G1 X53.843 Y194.411
G1 X53.935 Y194.123
G1 X54.093 Y193.965
G1 X54.323 Y193.913
G1 X54.703 Y194.043
G1 X55.228 Y194.503
G1 X55.330 Y194.443
G1 X55.368 Y194.278
G1 X55.273 Y193.968
G1 X54.803 Y193.533
G1 X54.529 Y193.406
G1 X54.218 Y193.363
G1 X53.771 Y193.453
G1 X53.453 Y193.722
G1 X53.261 Y194.170
G1 X53.213 Y195.243
G1 X52.815 Y195.298
G1 X52.763 Y195.473
G0 Z5.000 F500.000
G0 X53.873 Y195.828 F3000.000
G1 Z1.000 F500.000
G4 P100
G1 X54.315 Y196.400 F1000.000
G1 X54.463 Y196.978
G1 X54.435 Y197.199
G1 X54.353 Y197.273
G1 X54.185 Y197.085
G1 X54.010 Y196.565
G1 X53.873 Y195.828
G0 Z5.000 F500.000
G0 X55.205 Y195.356 F3000.000
G1 Z1.000 F500.000
G4 P100
G1 X55.701 Y195.681 F1000.000
G1 X55.998 Y195.723
G1 X56.341 Y195.657
G1 X56.610 Y195.460
G1 X56.795 Y195.167
G1 X56.883 Y194.813
G1 X57.513 Y194.923
G1 X57.613 Y194.858
G1 X57.611 Y194.502
G1 X57.503 Y194.408
G1 X56.843 Y194.288
G1 X56.701 Y193.910
G1 X56.468 Y193.615
G1 X56.169 Y193.426
G1 X55.555 Y193.399
G1 X55.320 Y193.508
G1 X54.998 Y193.893
G1 X54.888 Y194.413
G1 X55.033 Y195.090
G1 X55.205 Y195.356
G0 Z5.000 F500.000
G0 X55.546 Y194.769 F3000.000
G1 Z1.000 F500.000
G4 P100
G1 X55.513 Y194.458 F1000.000
G1 X55.620 Y194.038
G1 X55.873 Y193.893
G1 X56.150 Y194.023
G1 X56.308 Y194.398
G1 X56.070 Y194.673
G1 X56.003 Y195.193
G1 X55.801 Y195.145
G1 X55.645 Y195.000
G1 X55.546 Y194.769
G0 Z5.000 F500.000
G0 X58.881 Y194.781 F3000.000
G1 Z1.000 F500.000
G4 P100
G1 X59.029 Y195.438 F1000.000
G1 X59.149 Y195.658
G1 X59.389 Y195.718
G1 X59.580 Y195.675
G1 X59.644 Y195.548
G1 X59.429 Y194.223
G1 X59.469 Y193.993
G1 X59.604 Y193.913
G1 X59.829 Y194.038
G1 X60.324 Y194.503
G1 X60.426 Y194.443
G1 X60.464 Y194.278
G1 X60.369 Y193.968
G1 X59.890 Y193.514
G1 X59.444 Y193.363
G1 X59.163 Y193.421
G1 X58.971 Y193.593
G1 X58.861 Y193.861
G1 X58.881 Y194.781
G0 Z5.000 F500.000
G0 X59.484 Y196.048 F3000.000
G1 Z1.000 F500.000
G4 P100
G1 X59.169 Y196.145 F1000.000
G1 X59.064 Y196.418
G1 X59.201 Y196.710
G1 X59.544 Y196.828
G1 X59.844 Y196.738
G1 X59.959 Y196.483
G1 X59.829 Y196.166
G1 X59.484 Y196.048
G0 Z5.000 F500.000
G0 X60.049 Y195.753 F3000.000
G1 Z1.000 F500.000
G4 P100
G1 X60.334 Y195.753 F1000.000
G1 X60.594 Y196.758
G1 X61.016 Y197.483
G1 X61.273 Y197.685
G1 X61.549 Y197.753
G1 X61.736 Y197.707
G1 X61.879 Y197.568
G1 X61.999 Y197.103
G1 X61.958 Y196.728
G1 X61.836 Y196.378
G1 X61.349 Y195.753
G1 X62.024 Y195.718
G1 X62.023 Y195.437
G1 X61.917 Y195.329
G1 X61.494 Y195.243
G1 X60.884 Y195.243
G1 X60.904 Y194.411
G1 X60.996 Y194.123
G1 X61.154 Y193.965
G1 X61.384 Y193.913
G1 X61.764 Y194.043
G1 X62.289 Y194.503
G1 X62.391 Y194.443
G1 X62.429 Y194.278
G1 X62.334 Y193.968
G1 X61.864 Y193.533
G1 X61.590 Y193.406
G1 X61.279 Y193.363
G1 X60.832 Y193.453
G1 X60.514 Y193.722
G1 X60.322 Y194.170
G1 X60.274 Y195.243
G1 X59.876 Y195.298
G1 X59.824 Y195.473
G1 X59.880 Y195.683
G1 X60.049 Y195.753
G0 Z5.000 F500.000
G0 X60.934 Y195.828 F3000.000
G1 Z1.000 F500.000
G4 P100
G1 X61.376 Y196.400 F1000.000
G1 X61.524 Y196.978
G1 X61.496 Y197.199
G1 X61.414 Y197.273
G1 X61.246 Y197.085
G1 X61.071 Y196.565
G1 X60.934 Y195.828
G0 Z5.000 F500.000
G0 X62.704 Y195.553 F3000.000
G1 Z1.000 F500.000
G4 P100
G1 X62.850 Y195.718 F1000.000
G1 X63.099 Y195.773
G1 X63.294 Y195.748
G1 X63.349 Y195.668
G1 X63.184 Y195.138
G1 X63.641 Y194.391
G1 X63.714 Y193.928
G1 X64.289 Y194.433
G1 X64.424 Y194.503
G1 X64.526 Y194.443
G1 X64.564 Y194.278
G1 X64.469 Y193.968
G1 X63.991 Y193.546
G1 X62.954 Y193.253
G1 X62.556 Y193.373
G1 X62.419 Y193.643
G1 X62.514 Y193.868
G1 X62.794 Y193.963
G1 X63.079 Y193.933
G1 X63.021 Y194.178
G1 X62.739 Y194.588
G1 X62.099 Y193.728
G1 X61.909 Y193.638
G1 X61.779 Y193.696
G1 X61.729 Y193.838
G1 X61.799 Y194.023
G1 X62.279 Y194.663
G1 X62.704 Y195.553
G0 Z5.000 F500.000
G0 X65.695 Y194.413 F3000.000
G1 Z1.000 F500.000
G4 P100
G1 X65.840 Y195.090 F1000.000
G1 X66.012 Y195.356
G1 X66.508 Y195.681
G1 X66.805 Y195.723
G1 X67.148 Y195.657
G1 X67.417 Y195.460
G1 X67.601 Y195.167
G1 X67.690 Y194.813
G1 X68.320 Y194.923
G1 X68.420 Y194.858
G1 X68.455 Y194.693
G1 X68.418 Y194.502
G1 X68.310 Y194.408
G1 X67.650 Y194.288
G1 X67.508 Y193.910
G1 X67.275 Y193.615
G1 X66.976 Y193.426
G1 X66.640 Y193.363
G1 X66.127 Y193.508
G1 X65.805 Y193.893
G1 X65.695 Y194.413
G0 Z5.000 F500.000
G0 X66.427 Y194.038 F3000.000
G1 Z1.000 F500.000
G4 P100
G1 X66.680 Y193.893 F1000.000
G1 X66.957 Y194.023
G1 X67.115 Y194.398
G1 X66.877 Y194.673
G1 X66.810 Y195.193
G1 X66.608 Y195.145
G1 X66.452 Y195.000
G1 X66.353 Y194.769
G1 X66.320 Y194.458
G1 X66.427 Y194.038
G0 Z5.000 F500.000
G0 X68.035 Y194.203 F3000.000
G1 Z1.000 F500.000
G4 P100
G1 X68.220 Y195.438 F1000.000
G1 X68.367 Y195.650
G1 X68.655 Y195.718
G1 X68.795 Y195.693
G1 X68.835 Y195.598
G1 X68.630 Y194.518
G1 X69.000 Y195.218
G1 X69.402 Y195.603
G1 X69.765 Y195.718
G1 X70.008 Y195.637
G1 X70.090 Y195.393
G1 X70.036 Y194.697
G1 X70.130 Y194.653
G1 X70.625 Y194.938
G1 X70.727 Y194.881
G1 X70.765 Y194.728
G1 X70.665 Y194.438
G1 X70.337 Y194.190
G1 X69.940 Y194.088
G1 X69.706 Y194.122
G1 X69.434 Y194.382
G1 X69.370 Y194.953
G1 X69.172 Y194.786
G1 X68.930 Y194.343
G1 X68.607 Y193.446
G1 X68.380 Y193.363
G1 X68.218 Y193.413
G1 X68.112 Y193.563
G1 X68.035 Y194.203
G0 Z5.000 F500.000
G0 X70.331 Y193.861 F3000.000
G1 Z1.000 F500.000
G4 P100
G1 X70.352 Y194.781 F1000.000
G1 X70.500 Y195.438
G1 X70.620 Y195.658
G1 X70.860 Y195.718
G1 X71.051 Y195.675
G1 X71.115 Y195.548
G1 X70.900 Y194.223
G1 X70.940 Y193.993
G1 X71.075 Y193.913
G1 X71.300 Y194.038
G1 X71.795 Y194.503
G1 X71.897 Y194.443
G1 X71.935 Y194.278
G1 X71.840 Y193.968
G1 X71.361 Y193.514
G1 X70.915 Y193.363
G1 X70.634 Y193.421
G1 X70.442 Y193.593
G1 X70.331 Y193.861
G0 Z5.000 F500.000
G0 X70.955 Y196.048 F3000.000
G1 Z1.000 F500.000
G4 P100
G1 X70.640 Y196.145 F1000.000
G1 X70.535 Y196.418
G1 X70.672 Y196.710
G1 X71.015 Y196.828
G1 X71.315 Y196.738
G1 X71.430 Y196.483
G1 X71.300 Y196.166
G1 X70.955 Y196.048
G0 Z5.000 F500.000
G0 X72.142 Y195.511 F3000.000
G1 Z1.000 F500.000
G4 P100
G1 X72.459 Y195.674 F1000.000
G1 X72.795 Y195.728
G1 X72.942 Y195.685
G1 X73.005 Y195.533
G1 X73.402 Y195.516
G1 X73.450 Y195.273
G1 X73.235 Y193.923
G1 X73.975 Y194.453
G1 X74.090 Y194.493
G1 X74.192 Y194.430
G1 X74.230 Y194.273
G1 X74.085 Y193.978
G1 X73.135 Y193.333
G1 X72.915 Y192.409
G1 X72.637 Y191.706
G1 X72.288 Y191.261
G1 X71.855 Y191.113
G1 X71.623 Y191.152
G1 X71.320 Y191.452
G1 X71.280 Y191.683
G1 X71.350 Y192.051
G1 X71.560 Y192.446
G1 X71.962 Y192.900
G1 X72.610 Y193.448
G1 X72.640 Y193.643
G1 X72.417 Y193.435
G1 X72.145 Y193.363
G1 X71.866 Y193.419
G1 X71.650 Y193.588
G1 X71.511 Y193.848
G1 X71.511 Y194.567
G1 X71.650 Y194.935
G1 X72.142 Y195.511
G0 Z5.000 F500.000
G0 X72.475 Y195.106 F3000.000
G1 Z1.000 F500.000
G4 P100
G1 X72.195 Y194.703 F1000.000
G1 X72.090 Y194.173
G1 X72.152 Y193.943
G1 X72.325 Y193.868
G1 X72.545 Y194.008
G1 X72.855 Y195.263
G1 X72.475 Y195.106
G0 Z5.000 F500.000
G0 X72.495 Y192.853 F3000.000
G1 Z1.000 F500.000
G4 P100
G1 X71.940 Y192.258 F1000.000
G1 X71.770 Y191.793
G1 X71.802 Y191.653
G1 X71.910 Y191.598
G1 X72.043 Y191.673
G1 X72.192 Y191.898
G1 X72.495 Y192.853
G0 Z5.000 F500.000
G0 X74.067 Y193.593 F3000.000
G1 Z1.000 F500.000
G4 P100
G1 X73.920 Y194.203 F1000.000
G1 X74.125 Y195.438
G1 X74.245 Y195.658
G1 X74.485 Y195.718
G1 X74.676 Y195.675
G1 X74.740 Y195.548
G1 X74.525 Y194.223
G1 X74.565 Y193.993
G1 X74.700 Y193.913
G1 X74.925 Y194.038
G1 X75.420 Y194.503
G1 X75.522 Y194.443
G1 X75.560 Y194.278
G1 X75.465 Y193.968
G1 X74.986 Y193.514
G1 X74.540 Y193.363
G1 X74.259 Y193.421
G1 X74.067 Y193.593
G0 Z5.000 F500.000
G0 X74.580 Y196.048 F3000.000
G1 Z1.000 F500.000
G4 P100
G1 X74.265 Y196.145 F1000.000
G1 X74.160 Y196.418
G1 X74.297 Y196.710
G1 X74.640 Y196.828
G1 X74.940 Y196.738
G1 X75.055 Y196.483
G1 X74.925 Y196.166
G1 X74.580 Y196.048
G0 Z5.000 F500.000
G0 X75.497 Y195.650 F3000.000
G1 Z1.000 F500.000
G4 P100
G1 X75.785 Y195.718 F1000.000
G1 X75.925 Y195.693
G1 X75.965 Y195.598
G1 X75.760 Y194.518
G1 X76.130 Y195.218
G1 X76.532 Y195.603
G1 X76.895 Y195.718
G1 X77.138 Y195.637
G1 X77.220 Y195.393
G1 X77.015 Y194.113
G1 X77.051 Y193.963
G1 X77.160 Y193.913
G1 X77.397 Y194.036
G1 X77.900 Y194.503
G1 X78.002 Y194.443
G1 X78.040 Y194.278
G1 X77.945 Y193.968
G1 X77.482 Y193.533
G1 X77.218 Y193.406
G1 X76.696 Y193.400
G1 X76.437 Y193.691
G1 X76.405 Y193.938
G1 X76.540 Y194.873
G1 X76.485 Y194.953
G1 X76.302 Y194.786
G1 X76.062 Y194.343
G1 X75.737 Y193.446
G1 X75.510 Y193.363
G1 X75.348 Y193.413
G1 X75.242 Y193.563
G1 X75.165 Y194.203
G1 X75.211 Y194.837
G1 X75.350 Y195.438
G1 X75.497 Y195.650
G0 Z5.000 F500.000
G0 X77.616 Y194.567 F3000.000
G1 Z1.000 F500.000
G4 P100
G1 X77.970 Y195.258 F1000.000
G1 X78.247 Y195.511
G1 X78.564 Y195.674
G1 X78.900 Y195.728
G1 X79.047 Y195.685
G1 X79.110 Y195.533
G1 X79.513 Y195.509
G1 X79.575 Y195.378
G1 X79.385 Y194.078
G1 X79.422 Y193.958
G1 X79.520 Y193.913
G1 X79.750 Y194.036
G1 X80.250 Y194.503
G1 X80.352 Y194.443
G1 X80.390 Y194.278
G1 X80.295 Y193.968
G1 X79.860 Y193.538
G1 X79.415 Y193.363
G1 X79.112 Y193.476
G1 X78.905 Y193.783
G1 X78.611 Y193.468
G1 X78.250 Y193.363
G1 X77.971 Y193.419
G1 X77.755 Y193.588
G1 X77.616 Y193.848
G1 X77.616 Y194.567
G0 Z5.000 F500.000
G0 X78.195 Y194.173 F3000.000
G1 Z1.000 F500.000
G4 P100
G1 X78.257 Y193.943 F1000.000
G1 X78.430 Y193.868
G1 X78.640 Y193.998
G1 X78.785 Y194.343
G1 X78.970 Y195.263
G1 X78.582 Y195.106
G1 X78.300 Y194.703
G1 X78.195 Y194.173
G0 Z5.000 F500.000
G0 X80.020 Y194.798 F3000.000
G1 Z1.000 F500.000
G4 P100
G1 X80.177 Y196.188 F1000.000
G1 X80.372 Y196.913
G1 X80.642 Y197.528
G1 X80.979 Y197.948
G1 X81.375 Y198.088
G1 X81.589 Y198.032
G1 X81.752 Y197.865
G1 X81.855 Y197.595
G1 X81.890 Y197.228
G1 X81.807 Y196.585
G1 X81.560 Y195.848
G1 X81.171 Y195.067
G1 X80.665 Y194.293
G1 X80.780 Y194.000
G1 X80.990 Y193.913
G1 X81.350 Y194.031
G1 X81.880 Y194.503
G1 X81.982 Y194.443
G1 X82.020 Y194.278
G1 X81.925 Y193.968
G1 X81.457 Y193.533
G1 X81.188 Y193.406
G1 X80.885 Y193.363
G1 X80.501 Y193.463
G1 X80.232 Y193.763
G1 X80.073 Y194.222
G1 X80.020 Y194.798
G0 Z5.000 F500.000
G0 X80.630 Y194.968 F3000.000
G1 Z1.000 F500.000
G4 P100
G1 X81.195 Y196.141 F1000.000
G1 X81.352 Y196.702
G1 X81.405 Y197.213
G1 X81.370 Y197.498
G1 X81.265 Y197.593
G1 X81.005 Y197.178
G1 X80.750 Y196.148
G1 X80.630 Y194.968
G0 Z5.000 F500.000
G0 X83.345 Y194.935 F3000.000
G1 Z1.000 F500.000
G4 P100
G1 X83.561 Y195.258 F1000.000
G1 X84.155 Y195.674
G1 X84.490 Y195.728
G1 X84.638 Y195.685
G1 X84.700 Y195.533
G1 X85.104 Y195.509
G1 X85.165 Y195.378
G1 X84.975 Y194.078
G1 X85.013 Y193.958
G1 X85.110 Y193.913
G1 X85.340 Y194.036
G1 X85.840 Y194.503
G1 X85.943 Y194.443
G1 X85.980 Y194.278
G1 X85.885 Y193.968
G1 X85.450 Y193.538
G1 X85.005 Y193.363
G1 X84.703 Y193.476
G1 X84.495 Y193.783
G1 X84.202 Y193.468
G1 X83.840 Y193.363
G1 X83.562 Y193.419
G1 X83.345 Y193.588
G1 X83.207 Y193.848
G1 X83.207 Y194.567
G1 X83.345 Y194.935
G0 Z5.000 F500.000
G0 X83.890 Y194.703 F3000.000
G1 Z1.000 F500.000
G4 P100
G1 X83.785 Y194.173 F1000.000
G1 X83.848 Y193.943
G1 X84.020 Y193.868
G1 X84.230 Y193.998
G1 X84.375 Y194.343
G1 X84.560 Y195.263
G1 X84.173 Y195.106
G1 X83.890 Y194.703
G0 Z5.000 F500.000
G0 X85.632 Y194.837 F3000.000
G1 Z1.000 F500.000
G4 P100
G1 X85.770 Y195.438 F1000.000
G1 X85.918 Y195.650
G1 X86.205 Y195.718
G1 X86.345 Y195.693
G1 X86.385 Y195.598
G1 X86.180 Y194.518
G1 X86.550 Y195.218
G1 X86.953 Y195.603
G1 X87.315 Y195.718
G1 X87.559 Y195.637
G1 X87.640 Y195.393
G1 X87.435 Y194.113
G1 X87.472 Y193.963
G1 X87.580 Y193.913
G1 X87.818 Y194.036
G1 X88.320 Y194.503
G1 X88.423 Y194.443
G1 X88.460 Y194.278
G1 X88.365 Y193.968
G1 X87.903 Y193.533
G1 X87.639 Y193.406
G1 X87.117 Y193.400
G1 X86.858 Y193.691
G1 X86.825 Y193.938
G1 X86.960 Y194.873
G1 X86.905 Y194.953
G1 X86.723 Y194.786
G1 X86.483 Y194.343
G1 X86.158 Y193.446
G1 X85.930 Y193.363
G1 X85.769 Y193.413
G1 X85.663 Y193.563
G1 X85.585 Y194.203
G1 X85.632 Y194.837
G0 Z5.000 F500.000
G0 X87.975 Y194.373 F3000.000
G1 Z1.000 F500.000
G4 P100
G1 X88.015 Y194.753 F1000.000
G1 X88.319 Y195.353
G1 X88.550 Y195.553
G1 X89.085 Y195.718
G1 X89.513 Y195.555
G1 X89.665 Y195.138
G1 X89.573 Y194.783
G1 X89.330 Y194.638
G1 X89.178 Y194.683
G1 X89.120 Y194.808
G1 X89.138 Y195.193
G1 X89.045 Y195.228
G1 X88.830 Y195.125
G1 X88.670 Y194.848
G1 X88.610 Y194.463
G1 X88.737 Y194.028
G1 X89.115 Y193.883
G1 X89.558 Y194.020
G1 X90.160 Y194.503
G1 X90.263 Y194.443
G1 X90.300 Y194.278
G1 X90.205 Y193.968
G1 X89.947 Y193.711
G1 X89.643 Y193.520
G1 X89.010 Y193.363
G1 X88.575 Y193.432
G1 X88.248 Y193.641
G1 X88.044 Y193.962
G1 X87.975 Y194.373
G0 Z5.000 F500.000
G0 X89.920 Y193.858 F3000.000
G1 Z1.000 F500.000
G4 P100
G1 X90.088 Y196.118 F1000.000
G1 X90.283 Y196.886
G1 X90.553 Y197.520
G1 X90.891 Y197.946
G1 X91.290 Y198.088
G1 X91.499 Y198.039
G1 X91.770 Y197.664
G1 X91.732 Y196.864
G1 X91.510 Y196.331
G1 X90.550 Y195.063
G1 X90.535 Y194.528
G1 X90.903 Y195.221
G1 X91.303 Y195.603
G1 X91.665 Y195.718
G1 X91.909 Y195.637
G1 X91.990 Y195.393
G1 X91.785 Y194.113
G1 X91.822 Y193.963
G1 X91.930 Y193.913
G1 X92.168 Y194.036
G1 X92.670 Y194.503
G1 X92.773 Y194.443
G1 X92.810 Y194.278
G1 X92.715 Y193.968
G1 X92.243 Y193.533
G1 X91.984 Y193.406
G1 X91.467 Y193.400
G1 X91.208 Y193.691
G1 X91.175 Y193.938
G1 X91.310 Y194.873
G1 X91.255 Y194.953
G1 X91.070 Y194.786
G1 X90.830 Y194.343
G1 X90.470 Y193.463
G1 X90.165 Y193.363
G1 X89.968 Y193.471
G1 X89.920 Y193.858
G0 Z5.000 F500.000
G0 X90.605 Y195.688 F3000.000
G1 Z1.000 F500.000
G4 P100
G1 X91.118 Y196.483 F1000.000
G1 X91.270 Y196.893
G1 X91.320 Y197.263
G1 X91.285 Y197.508
G1 X91.185 Y197.593
G1 X90.985 Y197.335
G1 X90.773 Y196.641
G1 X90.605 Y195.688
G0 Z5.000 F500.000
G0 X92.648 Y195.356 F3000.000
G1 Z1.000 F500.000
G4 P100
G1 X93.144 Y195.681 F1000.000
G1 X93.440 Y195.723
G1 X93.784 Y195.657
G1 X94.053 Y195.460
G1 X94.237 Y195.167
G1 X94.325 Y194.813
G1 X94.955 Y194.923
G1 X95.055 Y194.858
G1 X95.054 Y194.502
G1 X94.945 Y194.408
G1 X94.285 Y194.288
G1 X94.144 Y193.910
G1 X93.910 Y193.615
G1 X93.612 Y193.426
G1 X92.997 Y193.399
G1 X92.763 Y193.508
G1 X92.440 Y193.893
G1 X92.330 Y194.413
G1 X92.475 Y195.090
G1 X92.648 Y195.356
G0 Z5.000 F500.000
G0 X92.989 Y194.769 F3000.000
G1 Z1.000 F500.000
G4 P100
G1 X92.955 Y194.458 F1000.000
G1 X93.063 Y194.038
G1 X93.315 Y193.893
G1 X93.593 Y194.023
G1 X93.750 Y194.398
G1 X93.513 Y194.673
G1 X93.445 Y195.193
G1 X93.244 Y195.145
G1 X93.088 Y195.000
G1 X92.989 Y194.769
G0 Z5.000 F500.000
G0 X94.717 Y194.837 F3000.000
G1 Z1.000 F500.000
G4 P100
G1 X94.855 Y195.438 F1000.000
G1 X95.003 Y195.650
G1 X95.290 Y195.718
G1 X95.430 Y195.693
G1 X95.470 Y195.598
G1 X95.265 Y194.518
G1 X95.635 Y195.218
G1 X96.038 Y195.603
G1 X96.400 Y195.718
G1 X96.644 Y195.637
G1 X96.725 Y195.393
G1 X96.672 Y194.697
G1 X96.765 Y194.653
G1 X97.260 Y194.938
G1 X97.363 Y194.881
G1 X97.400 Y194.728
G1 X97.300 Y194.438
G1 X96.973 Y194.190
G1 X96.575 Y194.088
G1 X96.342 Y194.122
G1 X96.070 Y194.382
G1 X96.005 Y194.953
G1 X95.808 Y194.786
G1 X95.565 Y194.343
G1 X95.243 Y193.446
G1 X95.015 Y193.363
G1 X94.854 Y193.413
G1 X94.748 Y193.563
G1 X94.670 Y194.203
G1 X94.717 Y194.837
G0 Z5.000 F500.000
G0 X96.900 Y193.773 F3000.000
G1 Z1.000 F500.000
G4 P100
G1 X97.018 Y194.158 F1000.000
G1 X97.320 Y194.293
G1 X97.593 Y194.196
G1 X97.685 Y193.933
G1 X97.580 Y193.468
G1 X97.168 Y192.658
G1 X97.015 Y192.598
G1 X96.840 Y192.648
G1 X96.775 Y192.808
G1 X96.900 Y193.773
G0 Z5.000 F500.000
G0 X97.455 Y194.788 F3000.000
G1 Z1.000 F500.000
G4 P100
G1 X97.123 Y194.908 F1000.000
G1 X97.010 Y195.223
G1 X97.138 Y195.583
G1 X97.495 Y195.718
G1 X97.828 Y195.611
G1 X97.940 Y195.293
G1 X97.810 Y194.925
G1 X97.455 Y194.788
G0 Z5.000 F500.000
G0 X99.888 Y194.837 F3000.000
G1 Z1.000 F500.000
G4 P100
G1 X100.026 Y195.438 F1000.000
G1 X100.174 Y195.650
G1 X100.461 Y195.718
G1 X100.601 Y195.693
G1 X100.641 Y195.598
G1 X100.436 Y194.518
G1 X100.806 Y195.218
G1 X101.209 Y195.603
G1 X101.571 Y195.718
G1 X101.815 Y195.637
G1 X101.896 Y195.393
G1 X101.843 Y194.697
G1 X101.936 Y194.653
G1 X102.431 Y194.938
G1 X102.534 Y194.881
G1 X102.571 Y194.728
G1 X102.471 Y194.438
G1 X102.144 Y194.190
G1 X101.746 Y194.088
G1 X101.513 Y194.122
G1 X101.241 Y194.382
G1 X101.176 Y194.953
G1 X100.979 Y194.786
G1 X100.736 Y194.343
G1 X100.414 Y193.446
G1 X100.186 Y193.363
G1 X100.024 Y193.413
G1 X99.919 Y193.563
G1 X99.841 Y194.203
G1 X99.888 Y194.837
G0 Z5.000 F500.000
G0 X102.031 Y194.428 F3000.000
G1 Z1.000 F500.000
G4 P100
G1 X102.176 Y195.071 F1000.000
G1 X102.349 Y195.337
G1 X102.853 Y195.674
G1 X103.161 Y195.718
G1 X103.423 Y195.675
G1 X103.626 Y195.546
G1 X103.758 Y195.342
G1 X103.801 Y195.078
G1 X103.739 Y194.757
G1 X103.554 Y194.486
G1 X103.221 Y194.264
G1 X102.716 Y194.093
G1 X102.898 Y193.921
G1 X103.191 Y193.863
G1 X103.704 Y194.020
G1 X104.336 Y194.503
G1 X104.439 Y194.443
G1 X104.476 Y194.278
G1 X104.381 Y193.968
G1 X103.859 Y193.553
G1 X103.136 Y193.363
G1 X102.670 Y193.434
G1 X102.321 Y193.648
G1 X102.104 Y193.986
G1 X102.031 Y194.428
G0 Z5.000 F500.000
G0 X102.636 Y194.493 F3000.000
G1 Z1.000 F500.000
G4 P100
G1 X103.101 Y194.693 F1000.000
G1 X103.229 Y194.844
G1 X103.219 Y195.171
G1 X103.076 Y195.228
G1 X102.906 Y195.174
G1 X102.764 Y195.013
G1 X102.636 Y194.493
G0 Z5.000 F500.000
G0 X104.143 Y194.825 F3000.000
G1 Z1.000 F500.000
G4 P100
G1 X104.299 Y195.805 F1000.000
G1 X104.545 Y196.708
G1 X104.869 Y197.440
G1 X105.249 Y197.926
G1 X105.666 Y198.088
G1 X105.876 Y198.036
G1 X106.133 Y197.632
G1 X106.166 Y197.313
G1 X106.079 Y196.712
G1 X105.815 Y196.085
G1 X105.376 Y195.432
G1 X104.761 Y194.753
G1 X104.746 Y192.835
G1 X104.861 Y192.293
G1 X104.974 Y192.423
G1 X105.011 Y192.813
G1 X104.816 Y194.338
G1 X104.859 Y194.503
G1 X105.101 Y194.753
G1 X106.066 Y194.788
G1 X106.171 Y194.736
G1 X106.206 Y194.578
G1 X106.051 Y194.282
G1 X105.586 Y194.183
G1 X105.241 Y194.228
G1 X105.391 Y192.918
G1 X105.348 Y192.442
G1 X105.216 Y192.093
G1 X105.014 Y191.879
G1 X104.756 Y191.808
G1 X104.448 Y191.935
G1 X104.244 Y192.318
G1 X104.129 Y192.958
G1 X104.091 Y193.858
G1 X104.143 Y194.825
G0 Z5.000 F500.000
G0 X104.851 Y195.418 F3000.000
G1 Z1.000 F500.000
G4 P100
G1 X105.205 Y195.882 F1000.000
G1 X105.629 Y196.842
G1 X105.686 Y197.288
G1 X105.655 Y197.517
G1 X105.561 Y197.593
G1 X105.339 Y197.288
G1 X105.076 Y196.481
G1 X104.851 Y195.418
G0 Z5.000 F500.000
G0 X106.119 Y196.188 F3000.000
G1 Z1.000 F500.000
G4 P100
G1 X106.314 Y196.913 F1000.000
G1 X106.584 Y197.528
G1 X106.921 Y197.948
G1 X107.316 Y198.088
G1 X107.531 Y198.032
G1 X107.694 Y197.865
G1 X107.797 Y197.595
G1 X107.831 Y197.228
G1 X107.749 Y196.585
G1 X107.501 Y195.848
G1 X107.113 Y195.067
G1 X106.606 Y194.293
G1 X106.721 Y194.000
G1 X106.931 Y193.913
G1 X107.291 Y194.031
G1 X107.821 Y194.503
G1 X107.924 Y194.443
G1 X107.961 Y194.278
G1 X107.866 Y193.968
G1 X107.399 Y193.533
G1 X107.129 Y193.406
G1 X106.826 Y193.363
G1 X106.443 Y193.463
G1 X106.174 Y193.763
G1 X106.014 Y194.222
G1 X105.961 Y194.798
G1 X106.119 Y196.188
G0 Z5.000 F500.000
G0 X106.571 Y194.968 F3000.000
G1 Z1.000 F500.000
G4 P100
G1 X107.136 Y196.141 F1000.000
G1 X107.294 Y196.702
G1 X107.346 Y197.213
G1 X107.311 Y197.498
G1 X107.206 Y197.593
G1 X106.946 Y197.178
G1 X106.691 Y196.148
G1 X106.571 Y194.968
G0 Z5.000 F500.000
G0 X107.799 Y195.356 F3000.000
G1 Z1.000 F500.000
G4 P100
G1 X108.295 Y195.681 F1000.000
G1 X108.591 Y195.723
G1 X108.934 Y195.657
G1 X109.204 Y195.460
G1 X109.388 Y195.167
G1 X109.476 Y194.813
G1 X110.106 Y194.923
G1 X110.206 Y194.858
G1 X110.205 Y194.502
G1 X110.096 Y194.408
G1 X109.436 Y194.288
G1 X109.295 Y193.910
G1 X109.061 Y193.615
G1 X108.763 Y193.426
G1 X108.148 Y193.399
G1 X107.914 Y193.508
G1 X107.591 Y193.893
G1 X107.481 Y194.413
G1 X107.626 Y195.090
G1 X107.799 Y195.356
G0 Z5.000 F500.000
G0 X108.139 Y194.769 F3000.000
G1 Z1.000 F500.000
G4 P100
G1 X108.106 Y194.458 F1000.000
G1 X108.214 Y194.038
G1 X108.466 Y193.893
G1 X108.744 Y194.023
G1 X108.901 Y194.398
G1 X108.664 Y194.673
G1 X108.596 Y195.193
G1 X108.394 Y195.145
G1 X108.239 Y195.000
G1 X108.139 Y194.769
G0 Z5.000 F500.000
G0 X109.821 Y195.253 F3000.000
G1 Z1.000 F500.000
G4 P100
G1 X109.911 Y195.658 F1000.000
G1 X110.166 Y195.723
G1 X110.359 Y195.666
G1 X110.491 Y193.978
G1 X111.116 Y195.468
G1 X111.249 Y195.671
G1 X111.436 Y195.723
G1 X111.624 Y195.668
G1 X111.676 Y195.473
G1 X111.746 Y193.978
G1 X112.196 Y194.688
G1 X112.121 Y195.033
G1 X112.196 Y195.363
G1 X112.401 Y195.623
G1 X112.696 Y195.723
G1 X112.931 Y195.620
G1 X113.021 Y195.323
G1 X112.901 Y194.808
G1 X113.591 Y194.913
G1 X113.706 Y194.863
G1 X113.746 Y194.728
G1 X113.686 Y194.486
G1 X113.506 Y194.358
G1 X113.016 Y194.283
G1 X112.601 Y194.343
G1 X111.939 Y193.468
G1 X111.616 Y193.363
G1 X111.314 Y193.518
G1 X111.161 Y194.393
G1 X110.884 Y193.753
G1 X110.639 Y193.448
G1 X110.351 Y193.363
G1 X110.029 Y193.523
G1 X109.881 Y194.028
G1 X109.821 Y195.253
G0 Z5.000 F500.000
G0 X114.932 Y194.203 F3000.000
G1 Z1.000 F500.000
G4 P100
G1 X115.117 Y195.438 F1000.000
G1 X115.265 Y195.650
G1 X115.552 Y195.718
G1 X115.692 Y195.693
G1 X115.732 Y195.598
G1 X115.527 Y194.523
G1 X115.850 Y195.183
G1 X116.235 Y195.585
G1 X116.607 Y195.718
G1 X116.855 Y195.638
G1 X116.927 Y195.393
G1 X116.777 Y194.543
G1 X117.041 Y195.074
G1 X117.332 Y195.438
G1 X117.627 Y195.648
G1 X117.902 Y195.718
G1 X118.146 Y195.637
G1 X118.227 Y195.393
G1 X118.022 Y194.113
G1 X118.059 Y193.963
G1 X118.167 Y193.913
G1 X118.405 Y194.036
G1 X118.907 Y194.503
G1 X119.010 Y194.443
G1 X119.047 Y194.278
G1 X118.952 Y193.968
G1 X118.490 Y193.533
G1 X117.927 Y193.363
G1 X117.704 Y193.400
G1 X117.445 Y193.691
G1 X117.412 Y193.938
G1 X117.547 Y194.873
G1 X117.492 Y194.953
G1 X117.307 Y194.786
G1 X117.067 Y194.343
G1 X116.745 Y193.443
G1 X116.512 Y193.363
G1 X116.265 Y193.520
G1 X116.182 Y193.903
G1 X116.272 Y194.873
G1 X116.217 Y194.953
G1 X116.027 Y194.773
G1 X115.805 Y194.313
G1 X115.505 Y193.446
G1 X115.277 Y193.363
G1 X115.115 Y193.413
G1 X115.010 Y193.563
G1 X114.932 Y194.203
G0 Z5.000 F500.000
G0 X118.577 Y194.178 F3000.000
G1 Z1.000 F500.000
G4 P100
G1 X118.624 Y194.567 F1000.000
G1 X118.978 Y195.258
G1 X119.572 Y195.674
G1 X119.907 Y195.728
G1 X120.055 Y195.685
G1 X120.117 Y195.533
G1 X120.521 Y195.509
G1 X120.582 Y195.378
G1 X120.392 Y194.078
G1 X120.430 Y193.958
G1 X120.527 Y193.913
G1 X120.757 Y194.036
G1 X121.257 Y194.503
G1 X121.360 Y194.443
G1 X121.397 Y194.278
G1 X121.302 Y193.968
G1 X120.867 Y193.538
G1 X120.422 Y193.363
G1 X120.120 Y193.476
G1 X119.912 Y193.783
G1 X119.619 Y193.468
G1 X119.257 Y193.363
G1 X118.979 Y193.419
G1 X118.762 Y193.588
G1 X118.624 Y193.848
G1 X118.577 Y194.178
G0 Z5.000 F500.000
G0 X119.265 Y193.943 F3000.000
G1 Z1.000 F500.000
G4 P100
G1 X119.437 Y193.868 F1000.000
G1 X119.647 Y193.998
G1 X119.792 Y194.343
G1 X119.977 Y195.263
G1 X119.590 Y195.106
G1 X119.307 Y194.703
G1 X119.202 Y194.173
G1 X119.265 Y193.943
G0 Z5.000 F500.000
G0 X120.992 Y194.088 F3000.000
G1 Z1.000 F500.000
G4 P100
G1 X121.042 Y194.775 F1000.000
G1 X121.207 Y195.438
G1 X121.347 Y195.653
G1 X121.632 Y195.718
G1 X121.785 Y195.683
G1 X121.827 Y195.578
G1 X121.622 Y194.581
G1 X121.619 Y194.131
G1 X121.697 Y194.083
G1 X121.885 Y194.233
G1 X122.495 Y195.653
G1 X122.742 Y195.718
G1 X122.902 Y195.688
G1 X122.947 Y195.588
G1 X122.687 Y193.923
G1 X123.437 Y194.453
G1 X123.552 Y194.493
G1 X123.655 Y194.430
G1 X123.692 Y194.273
G1 X123.547 Y193.978
G1 X122.587 Y193.333
G1 X122.368 Y192.409
G1 X122.090 Y191.706
G1 X121.740 Y191.261
G1 X121.307 Y191.113
G1 X121.076 Y191.152
G1 X120.772 Y191.452
G1 X120.732 Y191.683
G1 X120.840 Y192.163
G1 X121.240 Y192.726
G1 X122.067 Y193.453
G1 X122.162 Y194.098
G1 X121.882 Y193.550
G1 X121.502 Y193.363
G1 X121.298 Y193.415
G1 X121.135 Y193.571
G1 X120.992 Y194.088
G0 Z5.000 F500.000
G0 X121.952 Y192.853 F3000.000
G1 Z1.000 F500.000
G4 P100
G1 X121.395 Y192.261 F1000.000
G1 X121.222 Y191.793
G1 X121.255 Y191.653
G1 X121.362 Y191.598
G1 X121.495 Y191.671
G1 X121.642 Y191.888
G1 X121.952 Y192.853
G0 Z5.000 F500.000
G0 X125.086 Y193.563 F3000.000
G1 Z1.000 F500.000
G4 P100
G1 X125.008 Y194.203 F1000.000
G1 X125.193 Y195.438
G1 X125.341 Y195.650
G1 X125.628 Y195.718
G1 X125.768 Y195.693
G1 X125.808 Y195.598
G1 X125.603 Y194.523
G1 X125.926 Y195.183
G1 X126.311 Y195.585
G1 X126.683 Y195.718
G1 X126.931 Y195.638
G1 X127.003 Y195.393
G1 X126.853 Y194.543
G1 X127.117 Y195.074
G1 X127.408 Y195.438
G1 X127.703 Y195.648
G1 X127.978 Y195.718
G1 X128.222 Y195.637
G1 X128.303 Y195.393
G1 X128.098 Y194.113
G1 X128.134 Y193.963
G1 X128.243 Y193.913
G1 X128.481 Y194.036
G1 X128.983 Y194.503
G1 X129.086 Y194.443
G1 X129.123 Y194.278
G1 X129.028 Y193.968
G1 X128.566 Y193.533
G1 X128.301 Y193.406
G1 X127.779 Y193.400
G1 X127.521 Y193.691
G1 X127.488 Y193.938
G1 X127.623 Y194.873
G1 X127.568 Y194.953
G1 X127.383 Y194.786
G1 X127.143 Y194.343
G1 X126.821 Y193.443
G1 X126.588 Y193.363
G1 X126.341 Y193.520
G1 X126.258 Y193.903
G1 X126.348 Y194.873
G1 X126.293 Y194.953
G1 X126.103 Y194.773
G1 X125.881 Y194.313
G1 X125.581 Y193.446
G1 X125.353 Y193.363
G1 X125.191 Y193.413
G1 X125.086 Y193.563
G0 Z5.000 F500.000
G0 X128.643 Y194.413 F3000.000
G1 Z1.000 F500.000
G4 P100
G1 X128.788 Y195.090 F1000.000
G1 X128.961 Y195.356
G1 X129.457 Y195.681
G1 X129.753 Y195.723
G1 X130.096 Y195.657
G1 X130.366 Y195.460
G1 X130.550 Y195.167
G1 X130.638 Y194.813
G1 X131.268 Y194.923
G1 X131.368 Y194.858
G1 X131.403 Y194.693
G1 X131.367 Y194.502
G1 X131.258 Y194.408
G1 X130.598 Y194.288
G1 X130.457 Y193.910
G1 X130.223 Y193.615
G1 X129.924 Y193.426
G1 X129.588 Y193.363
G1 X129.076 Y193.508
G1 X128.753 Y193.893
G1 X128.643 Y194.413
G0 Z5.000 F500.000
G0 X129.376 Y194.038 F3000.000
G1 Z1.000 F500.000
G4 P100
G1 X129.628 Y193.893 F1000.000
G1 X129.906 Y194.023
G1 X130.063 Y194.398
G1 X129.826 Y194.673
G1 X129.758 Y195.193
G1 X129.556 Y195.145
G1 X129.401 Y195.000
G1 X129.301 Y194.769
G1 X129.268 Y194.458
G1 X129.376 Y194.038
G0 Z5.000 F500.000
G0 X131.043 Y194.028 F3000.000
G1 Z1.000 F500.000
G4 P100
G1 X130.983 Y195.428 F1000.000
G1 X131.073 Y195.658
G1 X131.328 Y195.723
G1 X131.521 Y195.666
G1 X131.653 Y193.978
G1 X132.103 Y194.688
G1 X132.028 Y195.033
G1 X132.103 Y195.363
G1 X132.308 Y195.623
G1 X132.603 Y195.723
G1 X132.838 Y195.620
G1 X132.928 Y195.323
G1 X132.808 Y194.808
G1 X133.498 Y194.913
G1 X133.613 Y194.863
G1 X133.593 Y194.486
G1 X133.413 Y194.358
G1 X132.923 Y194.283
G1 X132.508 Y194.343
G1 X131.843 Y193.468
G1 X131.513 Y193.363
G1 X131.330 Y193.403
G1 X131.191 Y193.523
G1 X131.043 Y194.028
G0 Z5.000 F500.000
G0 X133.216 Y193.986 F3000.000
G1 Z1.000 F500.000
G4 P100
G1 X133.143 Y194.428 F1000.000
G1 X133.288 Y195.071
G1 X133.691 Y195.543
G1 X134.273 Y195.718
G1 X134.534 Y195.675
G1 X134.738 Y195.546
G1 X134.869 Y195.342
G1 X134.913 Y195.078
G1 X134.851 Y194.757
G1 X134.666 Y194.486
G1 X134.333 Y194.264
G1 X133.828 Y194.093
G1 X134.009 Y193.921
G1 X134.303 Y193.863
G1 X134.816 Y194.020
G1 X135.448 Y194.503
G1 X135.551 Y194.443
G1 X135.588 Y194.278
G1 X135.493 Y193.968
G1 X134.971 Y193.553
G1 X134.248 Y193.363
G1 X133.782 Y193.434
G1 X133.433 Y193.648
G1 X133.216 Y193.986
G0 Z5.000 F500.000
G0 X133.748 Y194.493 F3000.000
G1 Z1.000 F500.000
G4 P100
G1 X134.213 Y194.693 F1000.000
G1 X134.341 Y194.844
G1 X134.331 Y195.171
G1 X134.188 Y195.228
G1 X134.018 Y195.174
G1 X133.876 Y195.013
G1 X133.748 Y194.493
G0 Z5.000 F500.000
G0 X136.847 Y194.781 F3000.000
G1 Z1.000 F500.000
G4 P100
G1 X136.994 Y195.438 F1000.000
G1 X137.114 Y195.658
G1 X137.354 Y195.718
G1 X137.545 Y195.675
G1 X137.609 Y195.548
G1 X137.394 Y194.223
G1 X137.434 Y193.993
G1 X137.569 Y193.913
G1 X137.794 Y194.038
G1 X138.289 Y194.503
G1 X138.392 Y194.443
G1 X138.429 Y194.278
G1 X138.334 Y193.968
G1 X137.855 Y193.514
G1 X137.409 Y193.363
G1 X137.128 Y193.421
G1 X136.937 Y193.593
G1 X136.826 Y193.861
G1 X136.847 Y194.781
G0 Z5.000 F500.000
G0 X137.449 Y196.048 F3000.000
G1 Z1.000 F500.000
G4 P100
G1 X137.134 Y196.145 F1000.000
G1 X137.029 Y196.418
G1 X137.167 Y196.710
G1 X137.509 Y196.828
G1 X137.809 Y196.738
G1 X137.924 Y196.483
G1 X137.794 Y196.166
G1 X137.449 Y196.048
G0 Z5.000 F500.000
G0 X138.014 Y195.753 F3000.000
G1 Z1.000 F500.000
G4 P100
G1 X138.299 Y195.753 F1000.000
G1 X138.559 Y196.758
G1 X138.982 Y197.483
G1 X139.238 Y197.685
G1 X139.514 Y197.753
G1 X139.702 Y197.707
G1 X139.844 Y197.568
G1 X139.964 Y197.103
G1 X139.923 Y196.728
G1 X139.802 Y196.378
G1 X139.314 Y195.753
G1 X139.989 Y195.718
G1 X139.989 Y195.437
G1 X139.883 Y195.329
G1 X139.459 Y195.243
G1 X138.849 Y195.243
G1 X138.870 Y194.411
G1 X138.962 Y194.123
G1 X139.120 Y193.965
G1 X139.349 Y193.913
G1 X139.729 Y194.043
G1 X140.254 Y194.503
G1 X140.357 Y194.443
G1 X140.394 Y194.278
G1 X140.299 Y193.968
G1 X139.829 Y193.533
G1 X139.555 Y193.406
G1 X139.244 Y193.363
G1 X138.798 Y193.453
G1 X138.479 Y193.722
G1 X138.288 Y194.170
G1 X138.239 Y195.243
G1 X137.842 Y195.298
G1 X137.789 Y195.473
G1 X137.845 Y195.683
G1 X138.014 Y195.753
G0 Z5.000 F500.000
G0 X138.899 Y195.828 F3000.000
G1 Z1.000 F500.000
G4 P100
G1 X139.342 Y196.400 F1000.000
G1 X139.489 Y196.978
G1 X139.462 Y197.199
G1 X139.379 Y197.273
G1 X139.212 Y197.085
G1 X139.037 Y196.565
G1 X138.899 Y195.828
G0 Z5.000 F500.000
G0 X141.795 Y196.266 F3000.000
G1 Z1.000 F500.000
G4 P100
G1 X141.992 Y196.967 F1000.000
G1 X142.262 Y197.555
G1 X142.599 Y197.955
G1 X142.995 Y198.088
G1 X143.202 Y198.039
G1 X143.470 Y197.664
G1 X143.505 Y197.378
G1 X143.350 Y196.563
G1 X142.835 Y195.713
G1 X143.139 Y195.631
G1 X143.380 Y195.435
G1 X143.547 Y195.154
G1 X143.630 Y194.813
G1 X144.260 Y194.923
G1 X144.360 Y194.858
G1 X144.360 Y194.500
G1 X144.250 Y194.408
G1 X143.590 Y194.288
G1 X143.446 Y193.913
G1 X143.212 Y193.618
G1 X142.921 Y193.427
G1 X142.600 Y193.363
G1 X142.164 Y193.459
G1 X141.865 Y193.748
G1 X141.692 Y194.219
G1 X141.635 Y194.863
G1 X141.795 Y196.266
G0 Z5.000 F500.000
G0 X142.294 Y194.784 F3000.000
G1 Z1.000 F500.000
G4 P100
G1 X142.260 Y194.478 F1000.000
G1 X142.368 Y194.043
G1 X142.620 Y193.893
G1 X142.895 Y194.023
G1 X143.055 Y194.398
G1 X142.817 Y194.673
G1 X142.755 Y195.223
G1 X142.556 Y195.172
G1 X142.294 Y194.784
G0 Z5.000 F500.000
G0 X142.295 Y195.373 F3000.000
G1 Z1.000 F500.000
G4 P100
G1 X142.971 Y196.877 F1000.000
G1 X143.020 Y197.263
G1 X142.982 Y197.508
G1 X142.880 Y197.593
G1 X142.662 Y197.296
G1 X142.445 Y196.488
G1 X142.295 Y195.373
G0 Z5.000 F500.000
G0 X144.180 Y195.438 F3000.000
G1 Z1.000 F500.000
G4 P100
G1 X144.320 Y195.653 F1000.000
G1 X144.605 Y195.718
G1 X144.757 Y195.683
G1 X144.800 Y195.578
G1 X144.565 Y194.273
G1 X144.670 Y194.083
G1 X144.858 Y194.233
G1 X145.097 Y194.688
G1 X145.467 Y195.653
G1 X145.875 Y195.690
G1 X145.920 Y195.588
G1 X145.655 Y194.113
G1 X145.695 Y193.965
G1 X145.800 Y193.913
G1 X146.037 Y194.036
G1 X146.540 Y194.503
G1 X146.642 Y194.443
G1 X146.680 Y194.278
G1 X146.585 Y193.968
G1 X146.123 Y193.533
G1 X145.560 Y193.363
G1 X145.352 Y193.409
G1 X145.207 Y193.548
G1 X145.095 Y194.068
G1 X144.840 Y193.546
G1 X144.475 Y193.363
G1 X144.271 Y193.415
G1 X144.001 Y193.804
G1 X143.965 Y194.088
G1 X144.015 Y194.775
G1 X144.180 Y195.438
G0 Z5.000 F500.000
G0 X146.040 Y195.473 F3000.000
G1 Z1.000 F500.000
G4 P100
G1 X146.096 Y195.683 F1000.000
G1 X146.550 Y195.753
G1 X146.810 Y196.758
G1 X147.232 Y197.483
G1 X147.489 Y197.685
G1 X147.765 Y197.753
G1 X147.952 Y197.707
G1 X148.095 Y197.568
G1 X148.215 Y197.103
G1 X148.174 Y196.728
G1 X148.053 Y196.378
G1 X147.565 Y195.753
G1 X148.240 Y195.718
G1 X148.240 Y195.437
G1 X148.134 Y195.329
G1 X147.710 Y195.243
G1 X147.100 Y195.243
G1 X147.121 Y194.411
G1 X147.213 Y194.123
G1 X147.371 Y193.965
G1 X147.600 Y193.913
G1 X147.980 Y194.043
G1 X148.505 Y194.503
G1 X148.608 Y194.443
G1 X148.645 Y194.278
G1 X148.550 Y193.968
G1 X148.080 Y193.533
G1 X147.806 Y193.406
G1 X147.495 Y193.363
G1 X147.049 Y193.453
G1 X146.730 Y193.722
G1 X146.539 Y194.170
G1 X146.490 Y195.243
G1 X146.093 Y195.298
G1 X146.040 Y195.473
G0 Z5.000 F500.000
G0 X147.150 Y195.828 F3000.000
G1 Z1.000 F500.000
G4 P100
G1 X147.593 Y196.400 F1000.000
G1 X147.740 Y196.978
G1 X147.713 Y197.199
G1 X147.630 Y197.273
G1 X147.463 Y197.085
G1 X147.287 Y196.565
G1 X147.150 Y195.828
G0 Z5.000 F500.000
G0 X24.365 Y184.181 F3000.000
G1 Z1.000 F500.000
G4 P100
G1 X24.270 Y183.871 F1000.000
G1 X23.808 Y183.436
G1 X23.245 Y183.266
G1 X23.021 Y183.303
G1 X22.762 Y183.594
G1 X22.730 Y183.841
G1 X22.865 Y184.776
G1 X22.810 Y184.856
G1 X22.625 Y184.689
G1 X22.385 Y184.246
G1 X22.062 Y183.346
G1 X21.830 Y183.266
G1 X21.582 Y183.423
G1 X21.500 Y183.806
G1 X21.590 Y184.776
G1 X21.535 Y184.856
G1 X21.345 Y184.676
G1 X21.123 Y184.216
G1 X20.822 Y183.349
G1 X20.595 Y183.266
G1 X20.433 Y183.316
G1 X20.328 Y183.466
G1 X20.250 Y184.106
G1 X20.435 Y185.341
G1 X20.582 Y185.553
G1 X20.870 Y185.621
G1 X21.010 Y185.596
G1 X21.050 Y185.501
G1 X20.845 Y184.426
G1 X21.168 Y185.086
G1 X21.553 Y185.488
G1 X21.925 Y185.621
G1 X22.172 Y185.541
G1 X22.245 Y185.296
G1 X22.095 Y184.446
G1 X22.359 Y184.977
G1 X22.650 Y185.341
G1 X22.945 Y185.551
G1 X23.220 Y185.621
G1 X23.464 Y185.540
G1 X23.545 Y185.296
G1 X23.340 Y184.016
G1 X23.376 Y183.866
G1 X23.485 Y183.816
G1 X23.723 Y183.939
G1 X24.225 Y184.406
G1 X24.328 Y184.346
G1 X24.365 Y184.181
G0 Z5.000 F500.000
G0 X24.560 Y184.176 F3000.000
G1 Z1.000 F500.000
G4 P100
G1 X24.665 Y183.986 F1000.000
G1 X24.852 Y184.136
G1 X25.462 Y185.556
G1 X25.710 Y185.621
G1 X25.870 Y185.594
G1 X25.915 Y185.491
G1 X25.650 Y184.016
G1 X25.690 Y183.869
G1 X25.795 Y183.816
G1 X26.033 Y183.939
G1 X26.535 Y184.406
G1 X26.638 Y184.346
G1 X26.675 Y184.181
G1 X26.580 Y183.871
G1 X26.117 Y183.436
G1 X25.853 Y183.309
G1 X25.347 Y183.312
G1 X25.203 Y183.451
G1 X25.090 Y183.971
G1 X24.835 Y183.449
G1 X24.470 Y183.266
G1 X24.266 Y183.318
G1 X23.996 Y183.707
G1 X24.010 Y184.679
G1 X24.175 Y185.341
G1 X24.315 Y185.556
G1 X24.600 Y185.621
G1 X24.753 Y185.586
G1 X24.795 Y185.481
G1 X24.560 Y184.176
G0 Z5.000 F500.000
G0 X26.045 Y183.926 F3000.000
G1 Z1.000 F500.000
G4 P100
G1 X26.525 Y184.566 F1000.000
G1 X26.950 Y185.456
G1 X27.096 Y185.621
G1 X27.345 Y185.676
G1 X27.540 Y185.651
G1 X27.595 Y185.571
G1 X27.430 Y185.041
G1 X27.888 Y184.293
G1 X27.960 Y183.831
G1 X28.670 Y184.406
G1 X28.773 Y184.346
G1 X28.810 Y184.181
G1 X28.715 Y183.871
G1 X28.238 Y183.449
G1 X27.200 Y183.156
G1 X26.803 Y183.276
G1 X26.665 Y183.546
G1 X26.760 Y183.771
G1 X27.040 Y183.866
G1 X27.325 Y183.836
G1 X27.267 Y184.081
G1 X26.985 Y184.491
G1 X26.345 Y183.631
G1 X26.155 Y183.541
G1 X26.025 Y183.599
G1 X25.975 Y183.741
G1 X26.045 Y183.926
G0 Z5.000 F500.000
G0 X28.223 Y185.201 F3000.000
G1 Z1.000 F500.000
G4 P100
G1 X28.170 Y185.376 F1000.000
G1 X28.226 Y185.586
G1 X28.680 Y185.656
G1 X28.940 Y186.661
G1 X29.363 Y187.386
G1 X29.619 Y187.589
G1 X29.895 Y187.656
G1 X30.083 Y187.610
G1 X30.225 Y187.471
G1 X30.345 Y187.006
G1 X30.304 Y186.631
G1 X30.183 Y186.281
G1 X29.695 Y185.656
G1 X30.370 Y185.621
G1 X30.370 Y185.340
G1 X30.264 Y185.232
G1 X29.840 Y185.146
G1 X29.230 Y185.146
G1 X29.251 Y184.314
G1 X29.343 Y184.026
G1 X29.501 Y183.869
G1 X29.730 Y183.816
G1 X30.110 Y183.946
G1 X30.635 Y184.406
G1 X30.738 Y184.346
G1 X30.775 Y184.181
G1 X30.680 Y183.871
G1 X30.210 Y183.436
G1 X29.936 Y183.309
G1 X29.625 Y183.266
G1 X29.179 Y183.356
G1 X28.860 Y183.625
G1 X28.669 Y184.073
G1 X28.620 Y185.146
G1 X28.223 Y185.201
G0 Z5.000 F500.000
G0 X29.280 Y185.731 F3000.000
G1 Z1.000 F500.000
G4 P100
G1 X29.723 Y186.303 F1000.000
G1 X29.870 Y186.881
G1 X29.843 Y187.102
G1 X29.760 Y187.176
G1 X29.593 Y186.988
G1 X29.418 Y186.469
G1 X29.280 Y185.731
G0 Z5.000 F500.000
G0 X31.890 Y185.341 F3000.000
G1 Z1.000 F500.000
G4 P100
G1 X32.038 Y185.553 F1000.000
G1 X32.465 Y185.596
G1 X32.505 Y185.501
G1 X32.300 Y184.421
G1 X32.670 Y185.121
G1 X33.073 Y185.506
G1 X33.435 Y185.621
G1 X33.679 Y185.540
G1 X33.760 Y185.296
G1 X33.555 Y184.016
G1 X33.591 Y183.866
G1 X33.700 Y183.816
G1 X33.938 Y183.939
G1 X34.440 Y184.406
G1 X34.543 Y184.346
G1 X34.580 Y184.181
G1 X34.485 Y183.871
G1 X34.023 Y183.436
G1 X33.758 Y183.309
G1 X33.236 Y183.303
G1 X32.977 Y183.594
G1 X32.945 Y183.841
G1 X33.080 Y184.776
G1 X33.025 Y184.856
G1 X32.843 Y184.689
G1 X32.602 Y184.246
G1 X32.278 Y183.349
G1 X32.050 Y183.266
G1 X31.888 Y183.316
G1 X31.783 Y183.466
G1 X31.705 Y184.106
G1 X31.890 Y185.341
G0 Z5.000 F500.000
G0 X34.100 Y184.316 F3000.000
G1 Z1.000 F500.000
G4 P100
G1 X34.245 Y184.994 F1000.000
G1 X34.418 Y185.258
G1 X34.914 Y185.584
G1 X35.210 Y185.626
G1 X35.553 Y185.560
G1 X35.823 Y185.363
G1 X36.007 Y185.070
G1 X36.095 Y184.716
G1 X36.725 Y184.826
G1 X36.825 Y184.761
G1 X36.860 Y184.596
G1 X36.824 Y184.405
G1 X36.715 Y184.311
G1 X36.055 Y184.191
G1 X35.914 Y183.813
G1 X35.680 Y183.519
G1 X35.381 Y183.329
G1 X35.045 Y183.266
G1 X34.532 Y183.411
G1 X34.210 Y183.796
G1 X34.100 Y184.316
G0 Z5.000 F500.000
G0 X34.833 Y183.941 F3000.000
G1 Z1.000 F500.000
G4 P100
G1 X35.085 Y183.796 F1000.000
G1 X35.363 Y183.926
G1 X35.520 Y184.301
G1 X35.282 Y184.576
G1 X35.215 Y185.096
G1 X35.013 Y185.048
G1 X34.858 Y184.904
G1 X34.758 Y184.672
G1 X34.725 Y184.361
G1 X34.833 Y183.941
G0 Z5.000 F500.000
G0 X36.248 Y185.201 F3000.000
G1 Z1.000 F500.000
G4 P100
G1 X36.195 Y185.376 F1000.000
G1 X36.251 Y185.586
G1 X36.705 Y185.656
G1 X36.965 Y186.661
G1 X37.388 Y187.386
G1 X37.644 Y187.589
G1 X37.920 Y187.656
G1 X38.108 Y187.610
G1 X38.250 Y187.471
G1 X38.370 Y187.006
G1 X38.329 Y186.631
G1 X38.208 Y186.281
G1 X37.720 Y185.656
G1 X38.395 Y185.621
G1 X38.395 Y185.340
G1 X38.289 Y185.232
G1 X37.865 Y185.146
G1 X37.255 Y185.146
G1 X37.276 Y184.314
G1 X37.367 Y184.026
G1 X37.526 Y183.869
G1 X37.755 Y183.816
G1 X38.135 Y183.946
G1 X38.660 Y184.406
G1 X38.763 Y184.346
G1 X38.800 Y184.181
G1 X38.705 Y183.871
G1 X38.235 Y183.436
G1 X37.961 Y183.309
G1 X37.650 Y183.266
G1 X37.204 Y183.356
G1 X36.885 Y183.625
G1 X36.694 Y184.073
G1 X36.645 Y185.146
G1 X36.248 Y185.201
G0 Z5.000 F500.000
G0 X37.305 Y185.731 F3000.000
G1 Z1.000 F500.000
G4 P100
G1 X37.748 Y186.303 F1000.000
G1 X37.895 Y186.881
G1 X37.868 Y187.102
G1 X37.785 Y187.176
G1 X37.617 Y186.988
G1 X37.443 Y186.469
G1 X37.305 Y185.731
G0 Z5.000 F500.000
G0 X39.790 Y184.994 F3000.000
G1 Z1.000 F500.000
G4 P100
G1 X39.962 Y185.258 F1000.000
G1 X40.459 Y185.584
G1 X40.755 Y185.626
G1 X41.098 Y185.560
G1 X41.367 Y185.363
G1 X41.552 Y185.070
G1 X41.640 Y184.716
G1 X42.270 Y184.826
G1 X42.370 Y184.761
G1 X42.369 Y184.405
G1 X42.260 Y184.311
G1 X41.600 Y184.191
G1 X41.459 Y183.813
G1 X41.225 Y183.519
G1 X40.926 Y183.329
G1 X40.312 Y183.302
G1 X40.078 Y183.411
G1 X39.755 Y183.796
G1 X39.645 Y184.316
G1 X39.790 Y184.994
G0 Z5.000 F500.000
G0 X40.270 Y184.361 F3000.000
G1 Z1.000 F500.000
G4 P100
G1 X40.377 Y183.941 F1000.000
G1 X40.630 Y183.796
G1 X40.907 Y183.926
G1 X41.065 Y184.301
G1 X40.828 Y184.576
G1 X40.760 Y185.096
G1 X40.558 Y185.048
G1 X40.403 Y184.904
G1 X40.270 Y184.361
G0 Z5.000 F500.000
G0 X41.985 Y185.156 F3000.000
G1 Z1.000 F500.000
G4 P100
G1 X42.075 Y185.561 F1000.000
G1 X42.330 Y185.626
G1 X42.523 Y185.569
G1 X42.655 Y183.881
G1 X43.105 Y184.591
G1 X43.030 Y184.936
G1 X43.105 Y185.266
G1 X43.310 Y185.526
G1 X43.605 Y185.626
G1 X43.840 Y185.524
G1 X43.930 Y185.226
G1 X43.810 Y184.711
G1 X44.500 Y184.816
G1 X44.615 Y184.766
G1 X44.655 Y184.631
G1 X44.595 Y184.389
G1 X44.415 Y184.261
G1 X43.925 Y184.186
G1 X43.510 Y184.246
G1 X42.845 Y183.371
G1 X42.515 Y183.266
G1 X42.193 Y183.426
G1 X42.045 Y183.931
G1 X41.985 Y185.156
G0 Z5.000 F500.000
G0 X44.145 Y184.331 F3000.000
G1 Z1.000 F500.000
G4 P100
G1 X44.290 Y184.974 F1000.000
G1 X44.463 Y185.240
G1 X44.967 Y185.577
G1 X45.275 Y185.621
G1 X45.536 Y185.578
G1 X45.740 Y185.448
G1 X45.871 Y185.245
G1 X45.915 Y184.981
G1 X45.853 Y184.660
G1 X45.667 Y184.389
G1 X45.334 Y184.167
G1 X44.830 Y183.996
G1 X45.011 Y183.823
G1 X45.305 Y183.766
G1 X45.817 Y183.923
G1 X46.450 Y184.406
G1 X46.552 Y184.346
G1 X46.590 Y184.181
G1 X46.495 Y183.871
G1 X45.972 Y183.456
G1 X45.250 Y183.266
G1 X44.784 Y183.337
G1 X44.435 Y183.551
G1 X44.217 Y183.888
G1 X44.145 Y184.331
G0 Z5.000 F500.000
G0 X44.750 Y184.396 F3000.000
G1 Z1.000 F500.000
G4 P100
G1 X45.215 Y184.596 F1000.000
G1 X45.343 Y184.747
G1 X45.332 Y185.074
G1 X45.190 Y185.131
G1 X45.019 Y185.077
G1 X44.877 Y184.916
G1 X44.750 Y184.396
G0 Z5.000 F500.000
G0 X46.241 Y184.740 F3000.000
G1 Z1.000 F500.000
G4 P100
G1 X46.380 Y185.341 F1000.000
G1 X46.528 Y185.553
G1 X46.815 Y185.621
G1 X46.955 Y185.596
G1 X46.995 Y185.501
G1 X46.790 Y184.421
G1 X47.160 Y185.121
G1 X47.562 Y185.506
G1 X47.925 Y185.621
G1 X48.169 Y185.540
G1 X48.250 Y185.296
G1 X48.196 Y184.600
G1 X48.290 Y184.556
G1 X48.785 Y184.841
G1 X48.888 Y184.784
G1 X48.925 Y184.631
G1 X48.825 Y184.341
G1 X48.498 Y184.094
G1 X48.100 Y183.991
G1 X47.867 Y184.025
G1 X47.594 Y184.285
G1 X47.530 Y184.856
G1 X47.332 Y184.689
G1 X47.090 Y184.246
G1 X46.767 Y183.349
G1 X46.540 Y183.266
G1 X46.378 Y183.316
G1 X46.273 Y183.466
G1 X46.195 Y184.106
G1 X46.241 Y184.740
G0 Z5.000 F500.000
G0 X48.548 Y184.125 F3000.000
G1 Z1.000 F500.000
G4 P100
G1 X48.495 Y184.701 F1000.000
G1 X48.653 Y186.091
G1 X48.848 Y186.816
G1 X49.117 Y187.431
G1 X49.454 Y187.851
G1 X49.850 Y187.991
G1 X50.064 Y187.935
G1 X50.227 Y187.769
G1 X50.331 Y187.498
G1 X50.365 Y187.131
G1 X50.282 Y186.488
G1 X50.035 Y185.751
G1 X49.646 Y184.970
G1 X49.140 Y184.196
G1 X49.255 Y183.904
G1 X49.465 Y183.816
G1 X49.825 Y183.934
G1 X50.355 Y184.406
G1 X50.457 Y184.346
G1 X50.495 Y184.181
G1 X50.400 Y183.871
G1 X49.933 Y183.436
G1 X49.360 Y183.266
G1 X48.977 Y183.366
G1 X48.707 Y183.666
G1 X48.548 Y184.125
G0 Z5.000 F500.000
G0 X49.105 Y184.871 F3000.000
G1 Z1.000 F500.000
G4 P100
G1 X49.670 Y186.043 F1000.000
G1 X49.828 Y186.605
G1 X49.880 Y187.116
G1 X49.845 Y187.401
G1 X49.740 Y187.496
G1 X49.480 Y187.081
G1 X49.225 Y186.051
G1 X49.105 Y184.871
G0 Z5.000 F500.000
G0 X50.426 Y185.161 F3000.000
G1 Z1.000 F500.000
G4 P100
G1 X51.019 Y185.577 F1000.000
G1 X51.355 Y185.631
G1 X51.502 Y185.589
G1 X51.565 Y185.436
G1 X51.969 Y185.412
G1 X52.030 Y185.281
G1 X51.840 Y183.981
G1 X51.877 Y183.861
G1 X51.975 Y183.816
G1 X52.205 Y183.939
G1 X52.705 Y184.406
G1 X52.808 Y184.346
G1 X52.845 Y184.181
G1 X52.750 Y183.871
G1 X52.315 Y183.441
G1 X51.870 Y183.266
G1 X51.567 Y183.379
G1 X51.360 Y183.686
G1 X51.066 Y183.371
G1 X50.705 Y183.266
G1 X50.426 Y183.322
G1 X50.210 Y183.491
G1 X50.071 Y183.751
G1 X50.025 Y184.081
G1 X50.071 Y184.470
G1 X50.426 Y185.161
G0 Z5.000 F500.000
G0 X50.755 Y184.606 F3000.000
G1 Z1.000 F500.000
G4 P100
G1 X50.650 Y184.076 F1000.000
G1 X50.712 Y183.846
G1 X50.885 Y183.771
G1 X51.095 Y183.901
G1 X51.240 Y184.246
G1 X51.425 Y185.166
G1 X51.038 Y185.008
G1 X50.755 Y184.606
G0 Z5.000 F500.000
G0 X52.515 Y185.336 F3000.000
G1 Z1.000 F500.000
G4 P100
G1 X52.630 Y185.566 F1000.000
G1 X52.930 Y185.651
G1 X53.083 Y185.608
G1 X53.140 Y185.256
G1 X53.455 Y185.543
G1 X53.785 Y185.631
G1 X54.039 Y185.575
G1 X54.243 Y185.406
G1 X54.376 Y185.146
G1 X54.420 Y184.816
G1 X54.335 Y184.301
G1 X54.100 Y183.846
G1 X54.275 Y183.816
G1 X54.590 Y183.936
G1 X55.110 Y184.406
G1 X55.213 Y184.346
G1 X55.250 Y184.181
G1 X55.155 Y183.871
G1 X54.693 Y183.436
G1 X54.428 Y183.309
G1 X53.890 Y183.314
G1 X53.700 Y183.456
G1 X53.105 Y183.266
G1 X52.999 Y182.380
G1 X52.810 Y181.654
G1 X52.526 Y181.168
G1 X52.135 Y181.006
G1 X51.900 Y181.055
G1 X51.735 Y181.201
G1 X51.605 Y181.741
G1 X51.830 Y182.883
G1 X52.525 Y184.321
G1 X52.515 Y185.336
G0 Z5.000 F500.000
G0 X53.135 Y184.101 F3000.000
G1 Z1.000 F500.000
G4 P100
G1 X53.130 Y183.746 F1000.000
G1 X53.463 Y183.944
G1 X53.705 Y184.334
G1 X53.795 Y184.821
G1 X53.735 Y185.048
G1 X53.575 Y185.126
G1 X53.376 Y185.031
G1 X53.140 Y184.746
G1 X53.135 Y184.101
G0 Z5.000 F500.000
G0 X52.515 Y183.546 F3000.000
G1 Z1.000 F500.000
G4 P100
G1 X52.175 Y182.591 F1000.000
G1 X52.050 Y181.826
G1 X52.088 Y181.581
G1 X52.175 Y181.496
G1 X52.299 Y181.643
G1 X52.400 Y182.084
G1 X52.515 Y183.546
G0 Z5.000 F500.000
G0 X56.625 Y183.625 F3000.000
G1 Z1.000 F500.000
G4 P100
G1 X56.434 Y184.073 F1000.000
G1 X56.385 Y185.146
G1 X55.988 Y185.201
G1 X55.935 Y185.376
G1 X55.991 Y185.586
G1 X56.445 Y185.656
G1 X56.705 Y186.661
G1 X57.128 Y187.386
G1 X57.384 Y187.589
G1 X57.660 Y187.656
G1 X57.848 Y187.610
G1 X57.990 Y187.471
G1 X58.110 Y187.006
G1 X58.069 Y186.631
G1 X57.948 Y186.281
G1 X57.460 Y185.656
G1 X58.135 Y185.621
G1 X58.135 Y185.340
G1 X58.029 Y185.232
G1 X57.605 Y185.146
G1 X56.995 Y185.146
G1 X57.016 Y184.314
G1 X57.108 Y184.026
G1 X57.266 Y183.869
G1 X57.495 Y183.816
G1 X57.875 Y183.946
G1 X58.400 Y184.406
G1 X58.503 Y184.346
G1 X58.540 Y184.181
G1 X58.445 Y183.871
G1 X57.975 Y183.436
G1 X57.390 Y183.266
G1 X56.944 Y183.356
G1 X56.625 Y183.625
G0 Z5.000 F500.000
G0 X57.045 Y185.731 F3000.000
G1 Z1.000 F500.000
G4 P100
G1 X57.488 Y186.303 F1000.000
G1 X57.635 Y186.881
G1 X57.608 Y187.102
G1 X57.525 Y187.176
G1 X57.358 Y186.988
G1 X57.183 Y186.469
G1 X57.045 Y185.731
G0 Z5.000 F500.000
G0 X58.378 Y185.240 F3000.000
G1 Z1.000 F500.000
G4 P100
G1 X58.882 Y185.577 F1000.000
G1 X59.451 Y185.578
G1 X59.655 Y185.448
G1 X59.786 Y185.245
G1 X59.830 Y184.981
G1 X59.768 Y184.660
G1 X59.583 Y184.389
G1 X59.249 Y184.167
G1 X58.745 Y183.996
G1 X58.926 Y183.823
G1 X59.220 Y183.766
G1 X59.733 Y183.923
G1 X60.365 Y184.406
G1 X60.468 Y184.346
G1 X60.505 Y184.181
G1 X60.410 Y183.871
G1 X59.888 Y183.456
G1 X59.538 Y183.314
G1 X59.165 Y183.266
G1 X58.699 Y183.337
G1 X58.350 Y183.551
G1 X58.133 Y183.888
G1 X58.060 Y184.331
G1 X58.205 Y184.974
G1 X58.378 Y185.240
G0 Z5.000 F500.000
G0 X58.793 Y184.916 F3000.000
G1 Z1.000 F500.000
G4 P100
G1 X58.665 Y184.396 F1000.000
G1 X59.130 Y184.596
G1 X59.300 Y184.921
G1 X59.248 Y185.074
G1 X59.105 Y185.131
G1 X58.934 Y185.077
G1 X58.793 Y184.916
G0 Z5.000 F500.000
G0 X60.275 Y185.096 F3000.000
G1 Z1.000 F500.000
G4 P100
G1 X60.314 Y185.323 F1000.000
G1 X60.608 Y185.605
G1 X60.830 Y185.641
G1 X61.210 Y185.538
G1 X61.470 Y185.241
G1 X61.808 Y185.541
G1 X62.175 Y185.641
G1 X62.473 Y185.551
G1 X62.575 Y185.261
G1 X62.490 Y184.909
G1 X62.285 Y184.781
G1 X62.135 Y184.826
G1 X61.975 Y185.076
G1 X61.848 Y184.964
G1 X61.685 Y184.281
G1 X61.798 Y183.918
G1 X62.105 Y183.791
G1 X62.473 Y183.923
G1 X63.010 Y184.406
G1 X63.113 Y184.346
G1 X63.150 Y184.181
G1 X63.055 Y183.871
G1 X62.573 Y183.439
G1 X62.293 Y183.309
G1 X61.980 Y183.266
G1 X61.528 Y183.361
G1 X61.215 Y183.631
G1 X60.904 Y183.361
G1 X60.540 Y183.271
G1 X60.294 Y183.311
G1 X59.985 Y183.617
G1 X59.945 Y183.856
G1 X60.060 Y184.261
G1 X60.199 Y184.377
G1 X60.520 Y184.382
G1 X60.540 Y183.951
G1 X60.670 Y183.801
G1 X60.853 Y183.913
G1 X60.998 Y184.221
G1 X61.055 Y184.651
G1 X61.010 Y184.954
G1 X60.900 Y185.076
G1 X60.690 Y184.829
G1 X60.515 Y184.781
G1 X60.340 Y184.858
G1 X60.275 Y185.096
G0 Z5.000 F500.000
G0 X62.510 Y185.376 F3000.000
G1 Z1.000 F500.000
G4 P100
G1 X62.566 Y185.586 F1000.000
G1 X63.020 Y185.656
G1 X63.280 Y186.661
G1 X63.703 Y187.386
G1 X63.959 Y187.589
G1 X64.235 Y187.656
G1 X64.423 Y187.610
G1 X64.565 Y187.471
G1 X64.685 Y187.006
G1 X64.644 Y186.631
G1 X64.523 Y186.281
G1 X64.035 Y185.656
G1 X64.710 Y185.621
G1 X64.710 Y185.340
G1 X64.604 Y185.232
G1 X64.180 Y185.146
G1 X63.570 Y185.146
G1 X63.591 Y184.314
G1 X63.683 Y184.026
G1 X63.841 Y183.869
G1 X64.070 Y183.816
G1 X64.450 Y183.946
G1 X64.975 Y184.406
G1 X65.078 Y184.346
G1 X65.115 Y184.181
G1 X65.020 Y183.871
G1 X64.550 Y183.436
G1 X64.276 Y183.309
G1 X63.965 Y183.266
G1 X63.519 Y183.356
G1 X63.200 Y183.625
G1 X63.009 Y184.073
G1 X62.960 Y185.146
G1 X62.563 Y185.201
G1 X62.510 Y185.376
G0 Z5.000 F500.000
G0 X63.620 Y185.731 F3000.000
G1 Z1.000 F500.000
G4 P100
G1 X64.063 Y186.303 F1000.000
G1 X64.210 Y186.881
G1 X64.183 Y187.102
G1 X64.100 Y187.176
G1 X63.933 Y186.988
G1 X63.758 Y186.469
G1 X63.620 Y185.731
G0 Z5.000 F500.000
G0 X64.891 Y184.162 F3000.000
G1 Z1.000 F500.000
G4 P100
G1 X65.095 Y184.196 F1000.000
G1 X65.428 Y184.089
G1 X65.540 Y183.771
G1 X65.410 Y183.404
G1 X65.256 Y183.300
G1 X65.055 Y183.266
G1 X64.723 Y183.386
G1 X64.610 Y183.701
G1 X64.738 Y184.061
G1 X64.891 Y184.162
G0 Z5.000 F500.000
G0 X23.027 Y162.415 F3000.000
G1 Z1.000 F500.000
G4 P100
G1 X23.106 Y162.208 F1000.000
G1 X22.894 Y160.977
G1 X23.367 Y160.907
G1 X23.450 Y160.696
G1 X23.325 Y160.383
G1 X22.800 Y160.296
G1 X22.653 Y159.577
G1 X22.319 Y159.477
G1 X22.070 Y159.579
G1 X21.988 Y159.883
G1 X22.025 Y160.296
G1 X20.650 Y160.302
G1 X20.406 Y160.427
G1 X20.300 Y160.752
G1 X20.344 Y161.002
G1 X21.169 Y162.821
G1 X21.409 Y163.130
G1 X21.788 Y163.221
G1 X21.997 Y163.158
G1 X22.069 Y162.996
G1 X21.144 Y160.977
G1 X22.106 Y160.977
G1 X22.312 Y162.083
G1 X22.475 Y162.380
G1 X22.788 Y162.483
G1 X23.027 Y162.415
G0 Z5.000 F500.000
G0 X23.941 Y160.533 F3000.000
G1 Z1.000 F500.000
G4 P100
G1 X24.132 Y160.660 F1000.000
G1 X24.387 Y160.702
G1 X24.803 Y160.568
G1 X24.944 Y160.171
G1 X24.781 Y159.711
G1 X24.589 Y159.583
G1 X24.337 Y159.540
G1 X23.922 Y159.690
G1 X23.781 Y160.083
G1 X23.941 Y160.533
G0 Z5.000 F500.000
G0 X27.717 Y161.185 F3000.000
G1 Z1.000 F500.000
G4 P100
G1 X27.637 Y162.340 F1000.000
G1 X27.677 Y163.383
G1 X27.794 Y164.315
G1 X27.953 Y164.755
G1 X28.306 Y164.871
G1 X28.616 Y164.782
G1 X28.719 Y164.515
G1 X28.566 Y163.305
G1 X28.559 Y161.498
G1 X28.678 Y160.886
G1 X28.877 Y160.514
G1 X29.156 Y160.390
G1 X29.495 Y160.502
G1 X29.862 Y160.840
G1 X30.562 Y161.971
G1 X30.228 Y162.243
G1 X29.987 Y162.586
G1 X29.842 Y162.993
G1 X29.794 Y163.458
G1 X29.947 Y164.293
G1 X30.128 Y164.590
G1 X30.646 Y164.929
G1 X30.956 Y164.971
G1 X31.315 Y164.899
G1 X31.591 Y164.683
G1 X31.766 Y164.343
G1 X31.825 Y163.896
G1 X31.747 Y163.144
G1 X31.512 Y162.327
G1 X32.478 Y162.208
G1 X32.544 Y162.046
G1 X32.447 Y161.758
G1 X32.144 Y161.627
G1 X31.256 Y161.702
G1 X30.766 Y160.850
G1 X30.184 Y160.155
G1 X29.555 Y159.693
G1 X28.925 Y159.540
G1 X28.621 Y159.587
G1 X28.136 Y159.965
G1 X27.956 Y160.296
G1 X27.717 Y161.185
G0 Z5.000 F500.000
G0 X30.819 Y162.596 F3000.000
G1 Z1.000 F500.000
G4 P100
G1 X31.062 Y163.752 F1000.000
G1 X30.994 Y164.136
G1 X30.806 Y164.258
G1 X30.531 Y164.061
G1 X30.425 Y163.502
G1 X30.523 Y162.969
G1 X30.819 Y162.596
G0 Z5.000 F500.000
G0 X31.697 Y163.368 F3000.000
G1 Z1.000 F500.000
G4 P100
G1 X31.631 Y163.558 F1000.000
G1 X31.806 Y163.996
G1 X32.123 Y164.367
G1 X32.844 Y164.814
G1 X33.212 Y164.871
G1 X33.516 Y164.816
G1 X33.741 Y164.652
G1 X33.879 Y164.383
G1 X33.925 Y164.015
G1 X33.800 Y163.046
G1 X34.178 Y163.911
G1 X34.600 Y164.468
G1 X35.066 Y164.770
G1 X35.575 Y164.871
G1 X35.938 Y164.799
G1 X36.216 Y164.583
G1 X36.391 Y164.236
G1 X36.450 Y163.771
G1 X36.394 Y163.258
G1 X36.733 Y163.999
G1 X37.125 Y164.496
G1 X37.575 Y164.777
G1 X38.087 Y164.871
G1 X38.474 Y164.800
G1 X38.759 Y164.590
G1 X38.935 Y164.252
G1 X38.994 Y163.802
G1 X38.531 Y161.346
G1 X38.469 Y160.808
G1 X38.591 Y160.415
G1 X38.931 Y160.283
G1 X39.334 Y160.421
G1 X39.969 Y160.965
G1 X40.097 Y160.890
G1 X40.144 Y160.683
G1 X40.025 Y160.296
G1 X39.381 Y159.721
G1 X38.712 Y159.540
G1 X38.239 Y159.618
G1 X37.881 Y159.855
G1 X37.656 Y160.225
G1 X37.581 Y160.702
G1 X38.094 Y163.640
G1 X38.009 Y163.968
G1 X37.769 Y164.077
G1 X37.468 Y163.983
G1 X37.153 Y163.699
G1 X36.839 Y163.197
G1 X36.541 Y162.446
G1 X35.916 Y159.668
G1 X35.562 Y159.540
G1 X35.253 Y159.640
G1 X35.156 Y160.015
G1 X35.225 Y160.686
G1 X35.688 Y163.615
G1 X35.597 Y163.965
G1 X35.325 Y164.077
G1 X35.014 Y163.990
G1 X34.694 Y163.730
G1 X34.373 Y163.249
G1 X34.059 Y162.499
G1 X33.776 Y161.459
G1 X33.416 Y159.665
G1 X33.087 Y159.540
G1 X32.756 Y159.643
G1 X32.656 Y160.033
G1 X33.087 Y163.065
G1 X33.144 Y163.815
G1 X33.092 Y164.025
G1 X32.938 Y164.096
G1 X32.547 Y163.930
G1 X32.044 Y163.402
G1 X31.850 Y163.283
G1 X31.697 Y163.368
G0 Z5.000 F500.000
G0 X39.155 Y160.389 F3000.000
G1 Z1.000 F500.000
G4 P100
G1 X39.375 Y160.618 F1000.000
G1 X39.717 Y160.770
G1 X40.237 Y160.821
G1 X40.425 Y163.210
G1 X40.575 Y163.671
G1 X41.094 Y164.365
G1 X41.750 Y164.743
G1 X42.531 Y164.871
G1 X43.128 Y164.783
G1 X43.569 Y164.521
G1 X43.841 Y164.118
G1 X43.931 Y163.608
G1 X43.794 Y162.993
G1 X43.630 Y162.817
G1 X43.413 Y162.758
G1 X43.138 Y162.843
G1 X43.038 Y163.083
G1 X43.062 Y163.837
G1 X42.947 Y164.018
G1 X42.754 Y164.133
G1 X42.481 Y164.171
G1 X41.994 Y164.081
G1 X41.631 Y163.811
G1 X41.386 Y163.350
G1 X41.250 Y162.683
G1 X41.025 Y160.746
G1 X42.894 Y160.365
G1 X43.516 Y160.486
G1 X44.175 Y160.965
G1 X44.303 Y160.890
G1 X44.350 Y160.683
G1 X44.231 Y160.296
G1 X43.887 Y159.940
G1 X43.553 Y159.708
G1 X42.762 Y159.540
G1 X42.163 Y159.621
G1 X40.806 Y160.121
G1 X40.408 Y159.685
G1 X39.850 Y159.540
G1 X39.535 Y159.579
G1 X39.291 Y159.699
G1 X39.134 Y159.881
G1 X39.081 Y160.108
G1 X39.155 Y160.389
G0 Z5.000 F500.000
G0 X45.419 Y160.558 F3000.000
G1 Z1.000 F500.000
G4 P100
G1 X45.477 Y161.045 F1000.000
G1 X45.650 Y161.505
G1 X45.920 Y161.908
G1 X46.266 Y162.224
G1 X46.662 Y162.428
G1 X47.081 Y162.496
G1 X47.266 Y162.443
G1 X47.344 Y162.252
G1 X47.848 Y162.222
G1 X47.925 Y162.058
G1 X47.687 Y160.433
G1 X47.734 Y160.283
G1 X47.856 Y160.227
G1 X48.144 Y160.380
G1 X48.600 Y160.877
G1 X48.769 Y160.965
G1 X48.897 Y160.890
G1 X48.944 Y160.683
G1 X48.825 Y160.296
G1 X48.281 Y159.758
G1 X47.725 Y159.540
G1 X47.347 Y159.680
G1 X47.087 Y160.065
G1 X46.720 Y159.671
G1 X46.269 Y159.540
G1 X45.920 Y159.610
G1 X45.650 Y159.821
G1 X45.477 Y160.146
G1 X45.419 Y160.558
G0 Z5.000 F500.000
G0 X46.278 Y160.265 F3000.000
G1 Z1.000 F500.000
G4 P100
G1 X46.494 Y160.171 F1000.000
G1 X46.756 Y160.333
G1 X46.937 Y160.765
G1 X47.169 Y161.915
G1 X46.684 Y161.718
G1 X46.331 Y161.215
G1 X46.200 Y160.552
G1 X46.278 Y160.265
G0 Z5.000 F500.000
G0 X48.450 Y160.590 F3000.000
G1 Z1.000 F500.000
G4 P100
G1 X48.508 Y161.382 F1000.000
G1 X48.681 Y162.133
G1 X48.866 Y162.399
G1 X49.225 Y162.483
G1 X49.400 Y162.452
G1 X49.450 Y162.333
G1 X49.194 Y160.983
G1 X49.656 Y161.858
G1 X50.159 Y162.340
G1 X50.612 Y162.483
G1 X50.917 Y162.382
G1 X51.019 Y162.077
G1 X50.912 Y161.371
G1 X50.952 Y161.207
G1 X51.069 Y161.152
G1 X51.269 Y161.221
G1 X51.687 Y161.508
G1 X51.816 Y161.436
G1 X51.862 Y161.246
G1 X51.737 Y160.883
G1 X51.328 Y160.574
G1 X50.831 Y160.446
G1 X50.540 Y160.488
G1 X50.328 Y160.615
G1 X50.199 Y160.813
G1 X50.187 Y161.427
G1 X50.119 Y161.527
G1 X49.872 Y161.318
G1 X49.569 Y160.765
G1 X49.166 Y159.643
G1 X48.881 Y159.540
G1 X48.679 Y159.602
G1 X48.547 Y159.790
G1 X48.450 Y160.590
G0 Z5.000 F500.000
G0 X51.391 Y159.790 F3000.000
G1 Z1.000 F500.000
G4 P100
G1 X51.294 Y160.590 F1000.000
G1 X51.352 Y161.382
G1 X51.525 Y162.133
G1 X51.709 Y162.399
G1 X52.069 Y162.483
G1 X52.244 Y162.452
G1 X52.294 Y162.333
G1 X52.037 Y160.983
G1 X52.500 Y161.858
G1 X53.003 Y162.340
G1 X53.456 Y162.483
G1 X53.761 Y162.382
G1 X53.862 Y162.077
G1 X53.756 Y161.371
G1 X53.795 Y161.207
G1 X53.912 Y161.152
G1 X54.112 Y161.221
G1 X54.531 Y161.508
G1 X54.659 Y161.436
G1 X54.706 Y161.246
G1 X54.581 Y160.883
G1 X54.172 Y160.574
G1 X53.675 Y160.446
G1 X53.384 Y160.488
G1 X53.172 Y160.615
G1 X53.043 Y160.813
G1 X53.031 Y161.427
G1 X52.962 Y161.527
G1 X52.716 Y161.318
G1 X52.412 Y160.765
G1 X52.009 Y159.643
G1 X51.725 Y159.540
G1 X51.523 Y159.602
G1 X51.391 Y159.790
G0 Z5.000 F500.000
G0 X54.169 Y160.202 F3000.000
G1 Z1.000 F500.000
G4 P100
G1 X54.031 Y160.852 F1000.000
G1 X54.212 Y161.699
G1 X54.428 Y162.030
G1 X54.712 Y162.280
G1 X55.048 Y162.437
G1 X55.419 Y162.490
G1 X55.848 Y162.408
G1 X56.184 Y162.161
G1 X56.415 Y161.795
G1 X56.525 Y161.352
G1 X57.312 Y161.490
G1 X57.438 Y161.408
G1 X57.436 Y160.963
G1 X57.300 Y160.846
G1 X56.475 Y160.696
G1 X56.298 Y160.223
G1 X56.006 Y159.855
G1 X55.633 Y159.618
G1 X55.212 Y159.540
G1 X54.865 Y159.585
G1 X54.572 Y159.721
G1 X54.169 Y160.202
G0 Z5.000 F500.000
G0 X54.947 Y160.383 F3000.000
G1 Z1.000 F500.000
G4 P100
G1 X55.093 Y160.247 F1000.000
G1 X55.449 Y160.243
G1 X55.609 Y160.365
G1 X55.806 Y160.833
G1 X55.509 Y161.177
G1 X55.425 Y161.827
G1 X55.165 Y161.767
G1 X54.978 Y161.586
G1 X54.854 Y161.297
G1 X54.812 Y160.908
G1 X54.947 Y160.383
G0 Z5.000 F500.000
G0 X57.031 Y160.371 F3000.000
G1 Z1.000 F500.000
G4 P100
G1 X56.956 Y162.121 F1000.000
G1 X57.069 Y162.408
G1 X57.387 Y162.490
G1 X57.628 Y162.418
G1 X57.706 Y162.177
G1 X57.794 Y160.308
G1 X58.575 Y162.171
G1 X58.741 Y162.424
G1 X58.975 Y162.490
G1 X59.209 Y162.421
G1 X59.275 Y162.177
G1 X59.362 Y160.308
G1 X59.925 Y161.196
G1 X59.831 Y161.627
G1 X59.925 Y162.040
G1 X60.181 Y162.365
G1 X60.550 Y162.490
G1 X60.844 Y162.361
G1 X60.956 Y161.990
G1 X60.806 Y161.346
G1 X61.669 Y161.477
G1 X61.812 Y161.415
G1 X61.862 Y161.246
G1 X61.787 Y160.943
G1 X61.562 Y160.783
G1 X60.950 Y160.690
G1 X60.431 Y160.765
G1 X59.603 Y159.671
G1 X59.200 Y159.540
G1 X58.980 Y159.588
G1 X58.822 Y159.733
G1 X58.631 Y160.827
G1 X58.284 Y160.027
G1 X57.978 Y159.646
G1 X57.619 Y159.540
G1 X57.390 Y159.590
G1 X57.216 Y159.740
G1 X57.031 Y160.371
G0 Z5.000 F500.000
G0 X60.950 Y160.133 F3000.000
G1 Z1.000 F500.000
G4 P100
G1 X61.037 Y160.365 F1000.000
G1 X61.637 Y161.165
G1 X62.169 Y162.277
G1 X62.352 Y162.483
G1 X62.662 Y162.552
G1 X62.906 Y162.521
G1 X62.975 Y162.421
G1 X62.769 Y161.758
G1 X62.834 Y161.552
G1 X63.341 Y160.824
G1 X63.431 Y160.246
G1 X64.319 Y160.965
G1 X64.447 Y160.890
G1 X64.494 Y160.683
G1 X64.375 Y160.296
G1 X63.778 Y159.768
G1 X62.481 Y159.402
G1 X61.984 Y159.552
G1 X61.812 Y159.890
G1 X61.931 Y160.171
G1 X62.281 Y160.290
G1 X62.637 Y160.252
G1 X62.566 Y160.558
G1 X62.212 Y161.071
G1 X61.828 Y160.458
G1 X61.412 Y159.996
G1 X61.175 Y159.883
G1 X61.012 Y159.955
G1 X60.950 Y160.133
G0 Z5.000 F500.000
G0 X65.562 Y160.558 F3000.000
G1 Z1.000 F500.000
G4 P100
G1 X65.620 Y161.045 F1000.000
G1 X65.794 Y161.505
G1 X66.063 Y161.908
G1 X66.409 Y162.224
G1 X66.805 Y162.428
G1 X67.225 Y162.496
G1 X67.409 Y162.443
G1 X67.487 Y162.252
G1 X67.992 Y162.222
G1 X68.069 Y162.058
G1 X67.831 Y160.433
G1 X67.878 Y160.283
G1 X68.000 Y160.227
G1 X68.287 Y160.380
G1 X68.744 Y160.877
G1 X68.912 Y160.965
G1 X69.041 Y160.890
G1 X69.088 Y160.683
G1 X68.969 Y160.296
G1 X68.425 Y159.758
G1 X67.869 Y159.540
G1 X67.491 Y159.680
G1 X67.231 Y160.065
G1 X66.864 Y159.671
G1 X66.412 Y159.540
G1 X66.064 Y159.610
G1 X65.794 Y159.821
G1 X65.620 Y160.146
G1 X65.562 Y160.558
G0 Z5.000 F500.000
G0 X66.422 Y160.265 F3000.000
G1 Z1.000 F500.000
G4 P100
G1 X66.638 Y160.171 F1000.000
G1 X66.900 Y160.333
G1 X67.081 Y160.765
G1 X67.312 Y161.915
G1 X66.828 Y161.718
G1 X66.475 Y161.215
G1 X66.344 Y160.552
G1 X66.422 Y160.265
G0 Z5.000 F500.000
G0 X68.594 Y160.590 F3000.000
G1 Z1.000 F500.000
G4 P100
G1 X68.652 Y161.382 F1000.000
G1 X68.825 Y162.133
G1 X69.009 Y162.399
G1 X69.369 Y162.483
G1 X69.544 Y162.452
G1 X69.594 Y162.333
G1 X69.338 Y160.983
G1 X69.800 Y161.858
G1 X70.303 Y162.340
G1 X70.756 Y162.483
G1 X71.061 Y162.382
G1 X71.162 Y162.077
G1 X70.906 Y160.477
G1 X70.952 Y160.290
G1 X71.088 Y160.227
G1 X71.384 Y160.380
G1 X71.844 Y160.877
G1 X72.013 Y160.965
G1 X72.141 Y160.890
G1 X72.188 Y160.683
G1 X72.069 Y160.296
G1 X71.491 Y159.752
G1 X71.160 Y159.593
G1 X70.787 Y159.540
G1 X70.508 Y159.586
G1 X70.306 Y159.724
G1 X70.184 Y159.950
G1 X70.144 Y160.258
G1 X70.312 Y161.427
G1 X70.244 Y161.527
G1 X70.016 Y161.318
G1 X69.716 Y160.765
G1 X69.309 Y159.643
G1 X69.025 Y159.540
G1 X68.823 Y159.602
G1 X68.691 Y159.790
G1 X68.594 Y160.590
G0 Z5.000 F500.000
G0 X71.662 Y160.151 F3000.000
G1 Z1.000 F500.000
G4 P100
G1 X71.600 Y160.565 F1000.000
G1 X71.653 Y161.047
G1 X71.812 Y161.493
G1 X72.065 Y161.882
G1 X72.397 Y162.193
G1 X72.791 Y162.409
G1 X73.231 Y162.515
G1 X73.404 Y163.639
G1 X73.684 Y164.586
G1 X74.071 Y165.231
G1 X74.304 Y165.392
G1 X74.562 Y165.446
G1 X74.809 Y165.385
G1 X75.009 Y165.202
G1 X75.143 Y164.896
G1 X75.188 Y164.465
G1 X75.102 Y163.705
G1 X74.844 Y162.827
G1 X73.925 Y160.902
G1 X74.034 Y160.383
G1 X74.250 Y160.227
G1 X74.594 Y160.377
G1 X75.062 Y160.877
G1 X75.231 Y160.965
G1 X75.359 Y160.890
G1 X75.406 Y160.683
G1 X75.287 Y160.296
G1 X74.725 Y159.761
G1 X74.420 Y159.595
G1 X74.119 Y159.540
G1 X73.700 Y159.679
G1 X73.394 Y160.096
G1 X72.934 Y159.652
G1 X72.475 Y159.540
G1 X72.127 Y159.611
G1 X71.847 Y159.824
G1 X71.662 Y160.151
G0 Z5.000 F500.000
G0 X72.459 Y160.285 F3000.000
G1 Z1.000 F500.000
G4 P100
G1 X72.694 Y160.171 F1000.000
G1 X72.931 Y160.268
G1 X73.231 Y160.627
G1 X73.181 Y161.871
G1 X72.866 Y161.703
G1 X72.609 Y161.411
G1 X72.438 Y161.039
G1 X72.381 Y160.627
G1 X72.459 Y160.285
G0 Z5.000 F500.000
G0 X73.931 Y161.883 F3000.000
G1 Z1.000 F500.000
G4 P100
G1 X74.456 Y163.258 F1000.000
G1 X74.631 Y164.333
G1 X74.591 Y164.702
G1 X74.494 Y164.833
G1 X74.375 Y164.728
G1 X74.256 Y164.411
G1 X74.053 Y163.308
G1 X73.931 Y161.883
G0 Z5.000 F500.000
G0 X76.797 Y163.071 F3000.000
G1 Z1.000 F500.000
G4 P100
G1 X77.041 Y163.977 F1000.000
G1 X77.378 Y164.746
G1 X77.799 Y165.271
G1 X78.037 Y165.402
G1 X78.294 Y165.446
G1 X78.562 Y165.376
G1 X78.766 Y165.168
G1 X78.895 Y164.829
G1 X78.938 Y164.371
G1 X78.834 Y163.568
G1 X78.525 Y162.646
G1 X78.039 Y161.669
G1 X77.406 Y160.702
G1 X77.550 Y160.336
G1 X77.812 Y160.227
G1 X78.262 Y160.374
G1 X78.925 Y160.965
G1 X79.053 Y160.890
G1 X79.100 Y160.683
G1 X78.981 Y160.296
G1 X78.397 Y159.752
G1 X78.060 Y159.593
G1 X77.681 Y159.540
G1 X77.202 Y159.665
G1 X76.866 Y160.040
G1 X76.666 Y160.613
G1 X76.600 Y161.333
G1 X76.797 Y163.071
G0 Z5.000 F500.000
G0 X77.362 Y161.546 F3000.000
G1 Z1.000 F500.000
G4 P100
G1 X78.069 Y163.011 F1000.000
G1 X78.266 Y163.714
G1 X78.331 Y164.352
G1 X78.287 Y164.708
G1 X78.156 Y164.827
G1 X78.003 Y164.697
G1 X77.831 Y164.308
G1 X77.512 Y163.021
G1 X77.362 Y161.546
G0 Z5.000 F500.000
G0 X78.887 Y163.358 F3000.000
G1 Z1.000 F500.000
G4 P100
G1 X79.059 Y163.724 F1000.000
G1 X79.487 Y163.871
G1 X79.862 Y163.758
G1 X80.006 Y163.440
G1 X79.844 Y163.043
G1 X79.412 Y162.896
G1 X79.019 Y163.018
G1 X78.887 Y163.358
G0 Z5.000 F500.000
G0 X79.294 Y162.483 F3000.000
G1 Z1.000 F500.000
G4 P100
G1 X79.533 Y162.430 F1000.000
G1 X79.612 Y162.271
G1 X79.344 Y160.615
G1 X79.394 Y160.327
G1 X79.562 Y160.227
G1 X79.844 Y160.383
G1 X80.294 Y160.877
G1 X80.462 Y160.965
G1 X80.591 Y160.890
G1 X80.637 Y160.683
G1 X80.519 Y160.296
G1 X79.920 Y159.729
G1 X79.362 Y159.540
G1 X79.012 Y159.611
G1 X78.772 Y159.827
G1 X78.634 Y160.161
G1 X78.587 Y160.590
G1 X78.844 Y162.133
G1 X78.994 Y162.408
G1 X79.294 Y162.483
G0 Z5.000 F500.000
G0 X80.375 Y162.133 F3000.000
G1 Z1.000 F500.000
G4 P100
G1 X80.559 Y162.399 F1000.000
G1 X81.094 Y162.452
G1 X81.144 Y162.333
G1 X80.887 Y160.983
G1 X81.350 Y161.858
G1 X81.853 Y162.340
G1 X82.306 Y162.483
G1 X82.611 Y162.382
G1 X82.712 Y162.077
G1 X82.456 Y160.477
G1 X82.502 Y160.290
G1 X82.637 Y160.227
G1 X82.934 Y160.380
G1 X83.394 Y160.877
G1 X83.562 Y160.965
G1 X83.691 Y160.890
G1 X83.737 Y160.683
G1 X83.619 Y160.296
G1 X83.041 Y159.752
G1 X82.710 Y159.593
G1 X82.058 Y159.586
G1 X81.856 Y159.724
G1 X81.734 Y159.950
G1 X81.694 Y160.258
G1 X81.862 Y161.427
G1 X81.794 Y161.527
G1 X81.566 Y161.318
G1 X81.266 Y160.765
G1 X80.859 Y159.643
G1 X80.575 Y159.540
G1 X80.373 Y159.602
G1 X80.241 Y159.790
G1 X80.144 Y160.590
G1 X80.202 Y161.382
G1 X80.375 Y162.133
G0 Z5.000 F500.000
G0 X83.137 Y160.871 F3000.000
G1 Z1.000 F500.000
G4 P100
G1 X83.183 Y161.287 F1000.000
G1 X83.535 Y162.008
G1 X83.822 Y162.265
G1 X84.165 Y162.429
G1 X84.550 Y162.483
G1 X84.877 Y162.429
G1 X85.131 Y162.268
G1 X85.295 Y162.014
G1 X85.350 Y161.683
G1 X85.273 Y161.283
G1 X85.041 Y160.943
G1 X84.624 Y160.665
G1 X83.994 Y160.452
G1 X84.220 Y160.236
G1 X84.587 Y160.165
G1 X85.228 Y160.361
G1 X86.019 Y160.965
G1 X86.147 Y160.890
G1 X86.194 Y160.683
G1 X86.075 Y160.296
G1 X85.422 Y159.777
G1 X84.985 Y159.599
G1 X84.519 Y159.540
G1 X83.936 Y159.629
G1 X83.500 Y159.896
G1 X83.228 Y160.318
G1 X83.137 Y160.871
G0 Z5.000 F500.000
G0 X83.894 Y160.952 F3000.000
G1 Z1.000 F500.000
G4 P100
G1 X84.475 Y161.202 F1000.000
G1 X84.634 Y161.391
G1 X84.687 Y161.608
G1 X84.622 Y161.799
G1 X84.444 Y161.871
G1 X84.230 Y161.804
G1 X84.053 Y161.602
G1 X83.894 Y160.952
G0 Z5.000 F500.000
G0 X86.975 Y160.133 F3000.000
G1 Z1.000 F500.000
G4 P100
G1 X87.062 Y160.365 F1000.000
G1 X87.662 Y161.165
G1 X88.194 Y162.277
G1 X88.377 Y162.483
G1 X88.687 Y162.552
G1 X88.931 Y162.521
G1 X89.000 Y162.421
G1 X88.794 Y161.758
G1 X88.859 Y161.552
G1 X89.366 Y160.824
G1 X89.456 Y160.246
G1 X90.344 Y160.965
G1 X90.472 Y160.890
G1 X90.519 Y160.683
G1 X90.400 Y160.296
G1 X89.803 Y159.768
G1 X88.506 Y159.402
G1 X88.009 Y159.552
G1 X87.837 Y159.890
G1 X87.956 Y160.171
G1 X88.306 Y160.290
G1 X88.662 Y160.252
G1 X88.591 Y160.558
G1 X88.237 Y161.071
G1 X87.853 Y160.458
G1 X87.437 Y159.996
G1 X87.200 Y159.883
G1 X87.037 Y159.955
G1 X86.975 Y160.133
G0 Z5.000 F500.000
G0 X90.009 Y160.318 F3000.000
G1 Z1.000 F500.000
G4 P100
G1 X89.919 Y160.871 F1000.000
G1 X90.100 Y161.674
G1 X90.316 Y162.008
G1 X90.603 Y162.265
G1 X90.946 Y162.429
G1 X91.331 Y162.483
G1 X91.658 Y162.429
G1 X91.912 Y162.268
G1 X92.077 Y162.014
G1 X92.131 Y161.683
G1 X92.054 Y161.283
G1 X91.822 Y160.943
G1 X91.405 Y160.665
G1 X90.775 Y160.452
G1 X91.002 Y160.236
G1 X91.369 Y160.165
G1 X92.009 Y160.361
G1 X92.800 Y160.965
G1 X92.928 Y160.890
G1 X92.975 Y160.683
G1 X92.856 Y160.296
G1 X92.203 Y159.777
G1 X91.766 Y159.599
G1 X91.300 Y159.540
G1 X90.717 Y159.629
G1 X90.281 Y159.896
G1 X90.009 Y160.318
G0 Z5.000 F500.000
G0 X90.675 Y160.952 F3000.000
G1 Z1.000 F500.000
G4 P100
G1 X91.256 Y161.202 F1000.000
G1 X91.416 Y161.391
G1 X91.469 Y161.608
G1 X91.403 Y161.799
G1 X91.225 Y161.871
G1 X91.012 Y161.804
G1 X90.834 Y161.602
G1 X90.675 Y160.952
G0 Z5.000 F500.000
G0 X92.539 Y161.382 F3000.000
G1 Z1.000 F500.000
G4 P100
G1 X92.712 Y162.133 F1000.000
G1 X92.897 Y162.399
G1 X93.256 Y162.483
G1 X93.431 Y162.452
G1 X93.481 Y162.333
G1 X93.225 Y160.990
G1 X93.628 Y161.815
G1 X94.109 Y162.318
G1 X94.575 Y162.483
G1 X94.884 Y162.383
G1 X94.975 Y162.077
G1 X94.787 Y161.015
G1 X95.117 Y161.679
G1 X95.481 Y162.133
G1 X95.850 Y162.396
G1 X96.194 Y162.483
G1 X96.498 Y162.382
G1 X96.600 Y162.077
G1 X96.344 Y160.477
G1 X96.389 Y160.290
G1 X96.525 Y160.227
G1 X96.822 Y160.380
G1 X97.281 Y160.877
G1 X97.450 Y160.965
G1 X97.578 Y160.890
G1 X97.625 Y160.683
G1 X97.506 Y160.296
G1 X96.928 Y159.752
G1 X96.598 Y159.593
G1 X95.945 Y159.586
G1 X95.744 Y159.724
G1 X95.622 Y159.950
G1 X95.581 Y160.258
G1 X95.750 Y161.427
G1 X95.681 Y161.527
G1 X95.450 Y161.318
G1 X95.150 Y160.765
G1 X94.747 Y159.640
G1 X94.456 Y159.540
G1 X94.276 Y159.589
G1 X94.147 Y159.736
G1 X94.044 Y160.215
G1 X94.156 Y161.427
G1 X94.087 Y161.527
G1 X93.850 Y161.302
G1 X93.572 Y160.727
G1 X93.197 Y159.643
G1 X92.912 Y159.540
G1 X92.710 Y159.602
G1 X92.578 Y159.790
G1 X92.481 Y160.590
G1 X92.539 Y161.382
G0 Z5.000 F500.000
G0 X97.037 Y160.558 F3000.000
G1 Z1.000 F500.000
G4 P100
G1 X97.095 Y161.045 F1000.000
G1 X97.269 Y161.505
G1 X97.538 Y161.908
G1 X97.884 Y162.224
G1 X98.280 Y162.428
G1 X98.700 Y162.496
G1 X98.884 Y162.443
G1 X98.962 Y162.252
G1 X99.467 Y162.222
G1 X99.544 Y162.058
G1 X99.306 Y160.433
G1 X99.353 Y160.283
G1 X99.475 Y160.227
G1 X99.762 Y160.380
G1 X100.219 Y160.877
G1 X100.387 Y160.965
G1 X100.516 Y160.890
G1 X100.562 Y160.683
G1 X100.444 Y160.296
G1 X99.900 Y159.758
G1 X99.344 Y159.540
G1 X98.966 Y159.680
G1 X98.706 Y160.065
G1 X98.339 Y159.671
G1 X97.887 Y159.540
G1 X97.539 Y159.610
G1 X97.269 Y159.821
G1 X97.095 Y160.146
G1 X97.037 Y160.558
G0 Z5.000 F500.000
G0 X97.897 Y160.265 F3000.000
G1 Z1.000 F500.000
G4 P100
G1 X98.112 Y160.171 F1000.000
G1 X98.375 Y160.333
G1 X98.556 Y160.765
G1 X98.787 Y161.915
G1 X98.303 Y161.718
G1 X97.950 Y161.215
G1 X97.819 Y160.552
G1 X97.897 Y160.265
G0 Z5.000 F500.000
G0 X100.069 Y160.590 F3000.000
G1 Z1.000 F500.000
G4 P100
G1 X100.127 Y161.382 F1000.000
G1 X100.300 Y162.133
G1 X100.484 Y162.399
G1 X100.844 Y162.483
G1 X101.019 Y162.452
G1 X101.069 Y162.333
G1 X100.812 Y160.983
G1 X101.275 Y161.858
G1 X101.778 Y162.340
G1 X102.231 Y162.483
G1 X102.536 Y162.382
G1 X102.637 Y162.077
G1 X102.381 Y160.477
G1 X102.427 Y160.290
G1 X102.562 Y160.227
G1 X102.859 Y160.380
G1 X103.319 Y160.877
G1 X103.487 Y160.965
G1 X103.616 Y160.890
G1 X103.662 Y160.683
G1 X103.544 Y160.296
G1 X102.966 Y159.752
G1 X102.635 Y159.593
G1 X102.262 Y159.540
G1 X101.983 Y159.586
G1 X101.781 Y159.724
G1 X101.659 Y159.950
G1 X101.619 Y160.258
G1 X101.787 Y161.427
G1 X101.719 Y161.527
G1 X101.491 Y161.318
G1 X101.191 Y160.765
G1 X100.784 Y159.643
G1 X100.500 Y159.540
G1 X100.298 Y159.602
G1 X100.166 Y159.790
G1 X100.069 Y160.590
G0 Z5.000 F500.000
G0 X103.486 Y160.549 F3000.000
G1 Z1.000 F500.000
G4 P100
G1 X103.425 Y161.890 F1000.000
G1 X102.928 Y161.958
G1 X102.862 Y162.177
G1 X102.933 Y162.440
G1 X103.144 Y162.527
G1 X103.500 Y162.527
G1 X103.825 Y163.783
G1 X104.353 Y164.690
G1 X104.674 Y164.943
G1 X105.019 Y165.027
G1 X105.253 Y164.969
G1 X105.431 Y164.796
G1 X105.544 Y164.535
G1 X105.530 Y163.746
G1 X105.378 Y163.308
G1 X104.769 Y162.527
G1 X105.612 Y162.483
G1 X105.612 Y162.132
G1 X105.480 Y161.997
G1 X104.950 Y161.890
G1 X104.187 Y161.890
G1 X104.213 Y160.849
G1 X104.328 Y160.490
G1 X104.526 Y160.293
G1 X104.812 Y160.227
G1 X105.287 Y160.390
G1 X105.944 Y160.965
G1 X106.072 Y160.890
G1 X106.119 Y160.683
G1 X106.000 Y160.296
G1 X105.412 Y159.752
G1 X105.070 Y159.593
G1 X104.681 Y159.540
G1 X104.123 Y159.652
G1 X103.725 Y159.988
G1 X103.486 Y160.549
G0 Z5.000 F500.000
G0 X104.250 Y162.621 F3000.000
G1 Z1.000 F500.000
G4 P100
G1 X104.573 Y162.959 F1000.000
G1 X104.941 Y163.715
G1 X104.953 Y164.335
G1 X104.850 Y164.427
G1 X104.641 Y164.193
G1 X104.422 Y163.543
G1 X104.250 Y162.621
G0 Z5.000 F500.000
G0 X105.906 Y163.358 F3000.000
G1 Z1.000 F500.000
G4 P100
G1 X106.078 Y163.724 F1000.000
G1 X106.506 Y163.871
G1 X106.881 Y163.758
G1 X107.025 Y163.440
G1 X106.862 Y163.043
G1 X106.431 Y162.896
G1 X106.037 Y163.018
G1 X105.906 Y163.358
G0 Z5.000 F500.000
G0 X106.312 Y162.483 F3000.000
G1 Z1.000 F500.000
G4 P100
G1 X106.552 Y162.430 F1000.000
G1 X106.631 Y162.271
G1 X106.362 Y160.615
G1 X106.412 Y160.327
G1 X106.581 Y160.227
G1 X106.862 Y160.383
G1 X107.312 Y160.877
G1 X107.481 Y160.965
G1 X107.609 Y160.890
G1 X107.656 Y160.683
G1 X107.537 Y160.296
G1 X106.939 Y159.729
G1 X106.381 Y159.540
G1 X106.030 Y159.611
G1 X105.791 Y159.827
G1 X105.652 Y160.161
G1 X105.606 Y160.590
G1 X105.862 Y162.133
G1 X106.012 Y162.408
G1 X106.312 Y162.483
G0 Z5.000 F500.000
G0 X107.250 Y161.690 F3000.000
G1 Z1.000 F500.000
G4 P100
G1 X107.480 Y162.027 F1000.000
G1 X107.769 Y162.277
G1 X108.095 Y162.432
G1 X108.437 Y162.483
G1 X108.743 Y162.433
G1 X108.972 Y162.280
G1 X109.115 Y162.048
G1 X109.162 Y161.758
G1 X109.047 Y161.315
G1 X108.744 Y161.133
G1 X108.553 Y161.190
G1 X108.481 Y161.346
G1 X108.503 Y161.827
G1 X108.387 Y161.871
G1 X108.119 Y161.743
G1 X107.919 Y161.396
G1 X107.844 Y160.915
G1 X107.883 Y160.597
G1 X108.002 Y160.371
G1 X108.199 Y160.235
G1 X108.475 Y160.190
G1 X109.028 Y160.361
G1 X109.781 Y160.965
G1 X109.909 Y160.890
G1 X109.956 Y160.683
G1 X109.837 Y160.296
G1 X109.515 Y159.975
G1 X108.732 Y159.589
G1 X108.344 Y159.540
G1 X107.799 Y159.626
G1 X107.391 Y159.886
G1 X107.135 Y160.289
G1 X107.050 Y160.802
G1 X107.100 Y161.277
G1 X107.250 Y161.690
G0 Z5.000 F500.000
G0 X109.169 Y160.365 F3000.000
G1 Z1.000 F500.000
G4 P100
G1 X109.769 Y161.165 F1000.000
G1 X110.300 Y162.277
G1 X110.483 Y162.483
G1 X110.794 Y162.552
G1 X111.037 Y162.521
G1 X111.106 Y162.421
G1 X110.900 Y161.758
G1 X110.966 Y161.552
G1 X111.472 Y160.824
G1 X111.562 Y160.246
G1 X112.450 Y160.965
G1 X112.578 Y160.890
G1 X112.625 Y160.683
G1 X112.506 Y160.296
G1 X111.909 Y159.768
G1 X110.612 Y159.402
G1 X110.116 Y159.552
G1 X109.944 Y159.890
G1 X110.062 Y160.171
G1 X110.412 Y160.290
G1 X110.769 Y160.252
G1 X110.697 Y160.558
G1 X110.344 Y161.071
G1 X109.959 Y160.458
G1 X109.544 Y159.996
G1 X109.306 Y159.883
G1 X109.144 Y159.955
G1 X109.081 Y160.133
G1 X109.169 Y160.365
G0 Z5.000 F500.000
G0 X24.515 Y152.448 F3000.000
G1 Z1.000 F500.000
G4 P100
G1 X24.422 Y152.208 F1000.000
G1 X24.130 Y152.148
G1 X22.765 Y152.213
G1 X22.230 Y148.853
G1 X22.110 Y148.631
G1 X21.845 Y148.553
G1 X21.590 Y148.633
G1 X21.500 Y148.843
G1 X21.538 Y149.241
G1 X22.055 Y152.208
G1 X21.285 Y152.128
G1 X20.887 Y151.946
G1 X20.770 Y151.643
G1 X20.890 Y151.243
G1 X20.777 Y151.066
G1 X20.545 Y150.983
G1 X20.405 Y151.033
G1 X20.240 Y151.276
G1 X20.175 Y151.633
G1 X20.244 Y152.016
G1 X20.453 Y152.316
G1 X20.803 Y152.539
G1 X21.297 Y152.693
G1 X22.755 Y152.813
G1 X24.205 Y152.728
G1 X24.438 Y152.623
G1 X24.515 Y152.448
G0 Z5.000 F500.000
G0 X24.383 Y152.711 F3000.000
G1 Z1.000 F500.000
G4 P100
G1 X24.721 Y153.136 F1000.000
G1 X25.120 Y153.278
G1 X25.328 Y153.229
G1 X25.599 Y152.854
G1 X25.561 Y152.054
G1 X25.340 Y151.521
G1 X24.380 Y150.253
G1 X24.365 Y149.718
G1 X24.732 Y150.411
G1 X25.133 Y150.793
G1 X25.495 Y150.908
G1 X25.739 Y150.827
G1 X25.820 Y150.583
G1 X25.615 Y149.303
G1 X25.651 Y149.153
G1 X25.760 Y149.103
G1 X25.997 Y149.226
G1 X26.500 Y149.693
G1 X26.602 Y149.633
G1 X26.640 Y149.468
G1 X26.545 Y149.158
G1 X26.072 Y148.723
G1 X25.813 Y148.596
G1 X25.296 Y148.590
G1 X25.037 Y148.881
G1 X25.005 Y149.128
G1 X25.140 Y150.063
G1 X25.085 Y150.143
G1 X24.900 Y149.976
G1 X24.660 Y149.533
G1 X24.300 Y148.653
G1 X23.995 Y148.553
G1 X23.797 Y148.661
G1 X23.760 Y149.703
G1 X23.918 Y151.308
G1 X24.113 Y152.076
G1 X24.383 Y152.711
G0 Z5.000 F500.000
G0 X24.602 Y151.831 F3000.000
G1 Z1.000 F500.000
G4 P100
G1 X24.435 Y150.878 F1000.000
G1 X24.947 Y151.673
G1 X25.099 Y152.083
G1 X25.150 Y152.453
G1 X25.115 Y152.698
G1 X25.015 Y152.783
G1 X24.815 Y152.526
G1 X24.602 Y151.831
G0 Z5.000 F500.000
G0 X26.578 Y150.841 F3000.000
G1 Z1.000 F500.000
G4 P100
G1 X26.865 Y150.908 F1000.000
G1 X27.005 Y150.883
G1 X27.045 Y150.788
G1 X26.840 Y149.708
G1 X27.210 Y150.408
G1 X27.612 Y150.793
G1 X27.975 Y150.908
G1 X28.219 Y150.827
G1 X28.300 Y150.583
G1 X28.246 Y149.887
G1 X28.340 Y149.843
G1 X28.835 Y150.128
G1 X28.938 Y150.071
G1 X28.975 Y149.918
G1 X28.875 Y149.628
G1 X28.547 Y149.381
G1 X28.150 Y149.278
G1 X27.917 Y149.312
G1 X27.644 Y149.572
G1 X27.580 Y150.143
G1 X27.383 Y149.976
G1 X27.140 Y149.533
G1 X26.817 Y148.636
G1 X26.590 Y148.553
G1 X26.428 Y148.603
G1 X26.322 Y148.753
G1 X26.245 Y149.393
G1 X26.291 Y150.027
G1 X26.430 Y150.628
G1 X26.578 Y150.841
G0 Z5.000 F500.000
G0 X28.580 Y150.261 F3000.000
G1 Z1.000 F500.000
G4 P100
G1 X28.982 Y150.733 F1000.000
G1 X29.257 Y150.865
G1 X29.826 Y150.865
G1 X30.030 Y150.736
G1 X30.161 Y150.533
G1 X30.205 Y150.268
G1 X30.143 Y149.948
G1 X29.957 Y149.676
G1 X29.624 Y149.454
G1 X29.120 Y149.283
G1 X29.301 Y149.111
G1 X29.595 Y149.053
G1 X30.108 Y149.211
G1 X30.740 Y149.693
G1 X30.843 Y149.633
G1 X30.880 Y149.468
G1 X30.785 Y149.158
G1 X30.263 Y148.743
G1 X29.913 Y148.601
G1 X29.540 Y148.553
G1 X29.074 Y148.625
G1 X28.725 Y148.838
G1 X28.508 Y149.176
G1 X28.435 Y149.618
G1 X28.580 Y150.261
G0 Z5.000 F500.000
G0 X29.040 Y149.683 F3000.000
G1 Z1.000 F500.000
G4 P100
G1 X29.505 Y149.883 F1000.000
G1 X29.633 Y150.035
G1 X29.623 Y150.361
G1 X29.480 Y150.418
G1 X29.309 Y150.365
G1 X29.167 Y150.203
G1 X29.040 Y149.683
G0 Z5.000 F500.000
G0 X30.400 Y149.618 F3000.000
G1 Z1.000 F500.000
G4 P100
G1 X30.545 Y150.261 F1000.000
G1 X30.718 Y150.528
G1 X31.222 Y150.865
G1 X31.530 Y150.908
G1 X31.791 Y150.865
G1 X31.995 Y150.736
G1 X32.126 Y150.533
G1 X32.170 Y150.268
G1 X32.108 Y149.948
G1 X31.922 Y149.676
G1 X31.589 Y149.454
G1 X31.085 Y149.283
G1 X31.266 Y149.111
G1 X31.560 Y149.053
G1 X32.072 Y149.211
G1 X32.705 Y149.693
G1 X32.807 Y149.633
G1 X32.845 Y149.468
G1 X32.750 Y149.158
G1 X32.227 Y148.743
G1 X31.505 Y148.553
G1 X31.039 Y148.625
G1 X30.690 Y148.838
G1 X30.472 Y149.176
G1 X30.400 Y149.618
G0 Z5.000 F500.000
G0 X31.005 Y149.683 F3000.000
G1 Z1.000 F500.000
G4 P100
G1 X31.470 Y149.883 F1000.000
G1 X31.598 Y150.035
G1 X31.587 Y150.361
G1 X31.445 Y150.418
G1 X31.274 Y150.365
G1 X31.133 Y150.203
G1 X31.005 Y149.683
G0 Z5.000 F500.000
G0 X33.746 Y149.758 F3000.000
G1 Z1.000 F500.000
G4 P100
G1 X34.101 Y150.448 F1000.000
G1 X34.377 Y150.701
G1 X34.694 Y150.864
G1 X35.030 Y150.918
G1 X35.177 Y150.876
G1 X35.240 Y150.723
G1 X35.644 Y150.700
G1 X35.705 Y150.568
G1 X35.515 Y149.268
G1 X35.552 Y149.148
G1 X35.650 Y149.103
G1 X35.880 Y149.226
G1 X36.380 Y149.693
G1 X36.483 Y149.633
G1 X36.520 Y149.468
G1 X36.425 Y149.158
G1 X35.990 Y148.728
G1 X35.545 Y148.553
G1 X35.242 Y148.666
G1 X35.035 Y148.973
G1 X34.741 Y148.658
G1 X34.380 Y148.553
G1 X34.101 Y148.610
G1 X33.885 Y148.778
G1 X33.746 Y149.038
G1 X33.746 Y149.758
G0 Z5.000 F500.000
G0 X34.325 Y149.363 F3000.000
G1 Z1.000 F500.000
G4 P100
G1 X34.388 Y149.133 F1000.000
G1 X34.560 Y149.058
G1 X34.770 Y149.188
G1 X34.915 Y149.533
G1 X35.100 Y150.453
G1 X34.712 Y150.296
G1 X34.430 Y149.893
G1 X34.325 Y149.363
G0 Z5.000 F500.000
G0 X36.171 Y150.027 F3000.000
G1 Z1.000 F500.000
G4 P100
G1 X36.310 Y150.628 F1000.000
G1 X36.457 Y150.841
G1 X36.745 Y150.908
G1 X36.885 Y150.883
G1 X36.925 Y150.788
G1 X36.720 Y149.708
G1 X37.090 Y150.408
G1 X37.492 Y150.793
G1 X37.855 Y150.908
G1 X38.099 Y150.827
G1 X38.180 Y150.583
G1 X38.126 Y149.887
G1 X38.220 Y149.843
G1 X38.715 Y150.128
G1 X38.818 Y150.071
G1 X38.855 Y149.918
G1 X38.755 Y149.628
G1 X38.428 Y149.381
G1 X38.030 Y149.278
G1 X37.797 Y149.312
G1 X37.524 Y149.572
G1 X37.460 Y150.143
G1 X37.263 Y149.976
G1 X37.020 Y149.533
G1 X36.697 Y148.636
G1 X36.470 Y148.553
G1 X36.308 Y148.603
G1 X36.203 Y148.753
G1 X36.125 Y149.393
G1 X36.171 Y150.027
G0 Z5.000 F500.000
G0 X38.400 Y149.393 F3000.000
G1 Z1.000 F500.000
G4 P100
G1 X38.585 Y150.628 F1000.000
G1 X38.733 Y150.841
G1 X39.020 Y150.908
G1 X39.160 Y150.883
G1 X39.200 Y150.788
G1 X38.995 Y149.708
G1 X39.365 Y150.408
G1 X39.767 Y150.793
G1 X40.130 Y150.908
G1 X40.374 Y150.827
G1 X40.455 Y150.583
G1 X40.401 Y149.887
G1 X40.495 Y149.843
G1 X40.990 Y150.128
G1 X41.093 Y150.071
G1 X41.130 Y149.918
G1 X41.030 Y149.628
G1 X40.703 Y149.381
G1 X40.305 Y149.278
G1 X40.072 Y149.312
G1 X39.799 Y149.572
G1 X39.735 Y150.143
G1 X39.538 Y149.976
G1 X39.295 Y149.533
G1 X38.972 Y148.636
G1 X38.745 Y148.553
G1 X38.583 Y148.603
G1 X38.477 Y148.753
G1 X38.400 Y149.393
G0 Z5.000 F500.000
G0 X40.700 Y149.083 F3000.000
G1 Z1.000 F500.000
G4 P100
G1 X40.590 Y149.603 F1000.000
G1 X40.735 Y150.281
G1 X40.907 Y150.546
G1 X41.404 Y150.871
G1 X41.700 Y150.913
G1 X42.043 Y150.848
G1 X42.312 Y150.651
G1 X42.497 Y150.358
G1 X42.585 Y150.003
G1 X43.215 Y150.113
G1 X43.315 Y150.048
G1 X43.314 Y149.692
G1 X43.205 Y149.598
G1 X42.545 Y149.478
G1 X42.404 Y149.100
G1 X42.170 Y148.806
G1 X41.871 Y148.616
G1 X41.257 Y148.590
G1 X41.022 Y148.698
G1 X40.700 Y149.083
G0 Z5.000 F500.000
G0 X41.322 Y149.228 F3000.000
G1 Z1.000 F500.000
G4 P100
G1 X41.575 Y149.083 F1000.000
G1 X41.852 Y149.213
G1 X42.010 Y149.588
G1 X41.772 Y149.863
G1 X41.705 Y150.383
G1 X41.503 Y150.335
G1 X41.347 Y150.191
G1 X41.248 Y149.959
G1 X41.215 Y149.648
G1 X41.322 Y149.228
G0 Z5.000 F500.000
G0 X42.990 Y149.218 F3000.000
G1 Z1.000 F500.000
G4 P100
G1 X42.930 Y150.618 F1000.000
G1 X43.020 Y150.848
G1 X43.275 Y150.913
G1 X43.468 Y150.856
G1 X43.530 Y150.663
G1 X43.600 Y149.168
G1 X44.225 Y150.658
G1 X44.358 Y150.861
G1 X44.545 Y150.913
G1 X44.733 Y150.858
G1 X44.785 Y150.663
G1 X44.855 Y149.168
G1 X45.305 Y149.878
G1 X45.230 Y150.223
G1 X45.305 Y150.553
G1 X45.510 Y150.813
G1 X45.805 Y150.913
G1 X46.040 Y150.811
G1 X46.130 Y150.513
G1 X46.010 Y149.998
G1 X46.700 Y150.103
G1 X46.815 Y150.053
G1 X46.855 Y149.918
G1 X46.795 Y149.676
G1 X46.615 Y149.548
G1 X46.125 Y149.473
G1 X45.710 Y149.533
G1 X45.047 Y148.658
G1 X44.725 Y148.553
G1 X44.422 Y148.708
G1 X44.270 Y149.583
G1 X43.992 Y148.943
G1 X43.748 Y148.638
G1 X43.460 Y148.553
G1 X43.138 Y148.713
G1 X42.990 Y149.218
G0 Z5.000 F500.000
G0 X46.966 Y147.559 F3000.000
G1 Z1.000 F500.000
G4 P100
G1 X47.421 Y148.856 F1000.000
G1 X47.830 Y149.608
G1 X47.820 Y150.623
G1 X47.935 Y150.853
G1 X48.235 Y150.938
G1 X48.388 Y150.896
G1 X48.445 Y150.543
G1 X48.760 Y150.831
G1 X49.090 Y150.918
G1 X49.344 Y150.862
G1 X49.547 Y150.693
G1 X49.681 Y150.433
G1 X49.725 Y150.103
G1 X49.640 Y149.588
G1 X49.405 Y149.133
G1 X49.580 Y149.103
G1 X49.895 Y149.223
G1 X50.280 Y149.623
G1 X50.415 Y149.693
G1 X50.517 Y149.633
G1 X50.555 Y149.468
G1 X50.460 Y149.158
G1 X49.998 Y148.723
G1 X49.435 Y148.553
G1 X49.195 Y148.601
G1 X49.005 Y148.743
G1 X48.410 Y148.553
G1 X48.304 Y147.668
G1 X48.115 Y146.941
G1 X47.831 Y146.455
G1 X47.649 Y146.334
G1 X47.205 Y146.342
G1 X47.040 Y146.488
G1 X46.910 Y147.028
G1 X46.966 Y147.559
G0 Z5.000 F500.000
G0 X47.355 Y147.113 F3000.000
G1 Z1.000 F500.000
G4 P100
G1 X47.392 Y146.868 F1000.000
G1 X47.480 Y146.783
G1 X47.604 Y146.930
G1 X47.705 Y147.371
G1 X47.820 Y148.833
G1 X47.480 Y147.878
G1 X47.355 Y147.113
G0 Z5.000 F500.000
G0 X48.435 Y149.033 F3000.000
G1 Z1.000 F500.000
G4 P100
G1 X48.767 Y149.231 F1000.000
G1 X49.010 Y149.621
G1 X49.100 Y150.108
G1 X49.040 Y150.336
G1 X48.880 Y150.413
G1 X48.681 Y150.318
G1 X48.445 Y150.033
G1 X48.435 Y149.033
G0 Z5.000 F500.000
G0 X50.160 Y149.393 F3000.000
G1 Z1.000 F500.000
G4 P100
G1 X50.345 Y150.628 F1000.000
G1 X50.493 Y150.841
G1 X50.780 Y150.908
G1 X50.920 Y150.883
G1 X50.960 Y150.788
G1 X50.755 Y149.708
G1 X51.125 Y150.408
G1 X51.528 Y150.793
G1 X51.890 Y150.908
G1 X52.134 Y150.827
G1 X52.215 Y150.583
G1 X52.161 Y149.887
G1 X52.255 Y149.843
G1 X52.750 Y150.128
G1 X52.853 Y150.071
G1 X52.890 Y149.918
G1 X52.790 Y149.628
G1 X52.463 Y149.381
G1 X52.065 Y149.278
G1 X51.832 Y149.312
G1 X51.559 Y149.572
G1 X51.495 Y150.143
G1 X51.297 Y149.976
G1 X51.055 Y149.533
G1 X50.733 Y148.636
G1 X50.505 Y148.553
G1 X50.343 Y148.603
G1 X50.238 Y148.753
G1 X50.160 Y149.393
G0 Z5.000 F500.000
G0 X52.457 Y149.051 F3000.000
G1 Z1.000 F500.000
G4 P100
G1 X52.478 Y149.971 F1000.000
G1 X52.625 Y150.628
G1 X52.745 Y150.848
G1 X52.985 Y150.908
G1 X53.176 Y150.866
G1 X53.240 Y150.738
G1 X53.025 Y149.413
G1 X53.065 Y149.183
G1 X53.200 Y149.103
G1 X53.425 Y149.228
G1 X53.920 Y149.693
G1 X54.023 Y149.633
G1 X54.060 Y149.468
G1 X53.965 Y149.158
G1 X53.486 Y148.705
G1 X53.040 Y148.553
G1 X52.759 Y148.611
G1 X52.568 Y148.783
G1 X52.457 Y149.051
G0 Z5.000 F500.000
G0 X53.080 Y151.238 F3000.000
G1 Z1.000 F500.000
G4 P100
G1 X52.765 Y151.336 F1000.000
G1 X52.660 Y151.608
G1 X52.797 Y151.901
G1 X53.140 Y152.018
G1 X53.440 Y151.928
G1 X53.555 Y151.673
G1 X53.425 Y151.356
G1 X53.080 Y151.238
G0 Z5.000 F500.000
G0 X53.998 Y150.841 F3000.000
G1 Z1.000 F500.000
G4 P100
G1 X54.285 Y150.908 F1000.000
G1 X54.425 Y150.883
G1 X54.465 Y150.788
G1 X54.260 Y149.713
G1 X54.582 Y150.373
G1 X54.968 Y150.776
G1 X55.340 Y150.908
G1 X55.587 Y150.828
G1 X55.660 Y150.583
G1 X55.510 Y149.733
G1 X55.774 Y150.265
G1 X56.065 Y150.628
G1 X56.360 Y150.838
G1 X56.635 Y150.908
G1 X56.879 Y150.827
G1 X56.960 Y150.583
G1 X56.755 Y149.303
G1 X56.791 Y149.153
G1 X56.900 Y149.103
G1 X57.138 Y149.226
G1 X57.640 Y149.693
G1 X57.742 Y149.633
G1 X57.780 Y149.468
G1 X57.685 Y149.158
G1 X57.222 Y148.723
G1 X56.958 Y148.596
G1 X56.436 Y148.590
G1 X56.177 Y148.881
G1 X56.145 Y149.128
G1 X56.280 Y150.063
G1 X56.225 Y150.143
G1 X56.040 Y149.976
G1 X55.800 Y149.533
G1 X55.477 Y148.633
G1 X55.245 Y148.553
G1 X55.101 Y148.593
G1 X54.998 Y148.711
G1 X54.915 Y149.093
G1 X55.005 Y150.063
G1 X54.950 Y150.143
G1 X54.760 Y149.963
G1 X54.537 Y149.503
G1 X54.237 Y148.636
G1 X54.010 Y148.553
G1 X53.848 Y148.603
G1 X53.742 Y148.753
G1 X53.665 Y149.393
G1 X53.711 Y150.027
G1 X53.850 Y150.628
G1 X53.998 Y150.841
G0 Z5.000 F500.000
G0 X57.427 Y149.971 F3000.000
G1 Z1.000 F500.000
G4 P100
G1 X57.575 Y150.628 F1000.000
G1 X57.695 Y150.848
G1 X57.935 Y150.908
G1 X58.126 Y150.866
G1 X58.190 Y150.738
G1 X57.975 Y149.413
G1 X58.015 Y149.183
G1 X58.150 Y149.103
G1 X58.375 Y149.228
G1 X58.870 Y149.693
G1 X58.972 Y149.633
G1 X59.010 Y149.468
G1 X58.915 Y149.158
G1 X58.436 Y148.705
G1 X57.990 Y148.553
G1 X57.709 Y148.611
G1 X57.517 Y148.783
G1 X57.407 Y149.051
G1 X57.427 Y149.971
G0 Z5.000 F500.000
G0 X58.030 Y151.238 F3000.000
G1 Z1.000 F500.000
G4 P100
G1 X57.715 Y151.336 F1000.000
G1 X57.610 Y151.608
G1 X57.748 Y151.901
G1 X58.090 Y152.018
G1 X58.390 Y151.928
G1 X58.505 Y151.673
G1 X58.375 Y151.356
G1 X58.030 Y151.238
G0 Z5.000 F500.000
G0 X58.595 Y150.943 F3000.000
G1 Z1.000 F500.000
G4 P100
G1 X58.880 Y150.943 F1000.000
G1 X59.140 Y151.948
G1 X59.562 Y152.673
G1 X59.819 Y152.876
G1 X60.095 Y152.943
G1 X60.282 Y152.897
G1 X60.425 Y152.758
G1 X60.545 Y152.293
G1 X60.504 Y151.918
G1 X60.382 Y151.568
G1 X59.895 Y150.943
G1 X60.570 Y150.908
G1 X60.570 Y150.627
G1 X60.464 Y150.520
G1 X60.040 Y150.433
G1 X59.430 Y150.433
G1 X59.451 Y149.601
G1 X59.542 Y149.313
G1 X59.701 Y149.156
G1 X59.930 Y149.103
G1 X60.310 Y149.233
G1 X60.835 Y149.693
G1 X60.937 Y149.633
G1 X60.975 Y149.468
G1 X60.880 Y149.158
G1 X60.410 Y148.723
G1 X60.136 Y148.596
G1 X59.825 Y148.553
G1 X59.379 Y148.643
G1 X59.060 Y148.912
G1 X58.869 Y149.360
G1 X58.820 Y150.433
G1 X58.422 Y150.488
G1 X58.370 Y150.663
G1 X58.426 Y150.873
G1 X58.595 Y150.943
G0 Z5.000 F500.000
G0 X59.480 Y151.018 F3000.000
G1 Z1.000 F500.000
G4 P100
G1 X59.922 Y151.591 F1000.000
G1 X60.070 Y152.168
G1 X60.042 Y152.390
G1 X59.960 Y152.463
G1 X59.792 Y152.276
G1 X59.617 Y151.756
G1 X59.480 Y151.018
G0 Z5.000 F500.000
G0 X60.805 Y151.608 F3000.000
G1 Z1.000 F500.000
G4 P100
G1 X60.942 Y151.901 F1000.000
G1 X61.285 Y152.018
G1 X61.585 Y151.928
G1 X61.700 Y151.673
G1 X61.570 Y151.356
G1 X61.225 Y151.238
G1 X60.910 Y151.336
G1 X60.805 Y151.608
G0 Z5.000 F500.000
G0 X61.130 Y150.908 F3000.000
G1 Z1.000 F500.000
G4 P100
G1 X61.321 Y150.866 F1000.000
G1 X61.385 Y150.738
G1 X61.170 Y149.413
G1 X61.210 Y149.183
G1 X61.345 Y149.103
G1 X61.570 Y149.228
G1 X62.065 Y149.693
G1 X62.167 Y149.633
G1 X62.205 Y149.468
G1 X62.110 Y149.158
G1 X61.631 Y148.705
G1 X61.185 Y148.553
G1 X60.904 Y148.611
G1 X60.712 Y148.783
G1 X60.565 Y149.393
G1 X60.770 Y150.628
G1 X60.890 Y150.848
G1 X61.130 Y150.908
G0 Z5.000 F500.000
G0 X61.810 Y150.618 F3000.000
G1 Z1.000 F500.000
G4 P100
G1 X61.900 Y150.848 F1000.000
G1 X62.155 Y150.913
G1 X62.347 Y150.856
G1 X62.480 Y149.168
G1 X62.930 Y149.878
G1 X62.855 Y150.223
G1 X62.930 Y150.553
G1 X63.135 Y150.813
G1 X63.430 Y150.913
G1 X63.665 Y150.811
G1 X63.755 Y150.513
G1 X63.635 Y149.998
G1 X64.325 Y150.103
G1 X64.440 Y150.053
G1 X64.480 Y149.918
G1 X64.420 Y149.676
G1 X64.240 Y149.548
G1 X63.750 Y149.473
G1 X63.335 Y149.533
G1 X62.670 Y148.658
G1 X62.340 Y148.553
G1 X62.157 Y148.593
G1 X62.017 Y148.713
G1 X61.870 Y149.218
G1 X61.810 Y150.618
G0 Z5.000 F500.000
G0 X63.970 Y149.618 F3000.000
G1 Z1.000 F500.000
G4 P100
G1 X64.115 Y150.261 F1000.000
G1 X64.288 Y150.528
G1 X64.792 Y150.865
G1 X65.100 Y150.908
G1 X65.361 Y150.865
G1 X65.565 Y150.736
G1 X65.696 Y150.533
G1 X65.740 Y150.268
G1 X65.678 Y149.948
G1 X65.492 Y149.676
G1 X65.159 Y149.454
G1 X64.655 Y149.283
G1 X64.836 Y149.111
G1 X65.130 Y149.053
G1 X65.642 Y149.211
G1 X66.275 Y149.693
G1 X66.377 Y149.633
G1 X66.415 Y149.468
G1 X66.320 Y149.158
G1 X65.797 Y148.743
G1 X65.075 Y148.553
G1 X64.609 Y148.625
G1 X64.260 Y148.838
G1 X64.042 Y149.176
G1 X63.970 Y149.618
G0 Z5.000 F500.000
G0 X64.575 Y149.683 F3000.000
G1 Z1.000 F500.000
G4 P100
G1 X65.040 Y149.883 F1000.000
G1 X65.167 Y150.035
G1 X65.157 Y150.361
G1 X65.015 Y150.418
G1 X64.844 Y150.365
G1 X64.702 Y150.203
G1 X64.575 Y149.683
G0 Z5.000 F500.000
G0 X65.850 Y149.293 F3000.000
G1 Z1.000 F500.000
G4 P100
G1 X66.265 Y149.853 F1000.000
G1 X66.690 Y150.743
G1 X66.836 Y150.908
G1 X67.085 Y150.963
G1 X67.280 Y150.938
G1 X67.335 Y150.858
G1 X67.170 Y150.328
G1 X67.627 Y149.581
G1 X67.700 Y149.118
G1 X68.410 Y149.693
G1 X68.512 Y149.633
G1 X68.550 Y149.468
G1 X68.455 Y149.158
G1 X67.977 Y148.736
G1 X66.940 Y148.443
G1 X66.542 Y148.563
G1 X66.405 Y148.833
G1 X66.500 Y149.058
G1 X66.780 Y149.153
G1 X67.065 Y149.123
G1 X67.007 Y149.368
G1 X66.725 Y149.778
G1 X66.417 Y149.288
G1 X66.085 Y148.918
G1 X65.895 Y148.828
G1 X65.765 Y148.886
G1 X65.715 Y149.028
G1 X65.850 Y149.293
G0 Z5.000 F500.000
G0 X69.490 Y149.048 F3000.000
G1 Z1.000 F500.000
G4 P100
G1 X69.542 Y150.015 F1000.000
G1 X69.697 Y150.996
G1 X69.944 Y151.898
G1 X70.267 Y152.631
G1 X70.648 Y153.116
G1 X71.065 Y153.278
G1 X71.274 Y153.226
G1 X71.532 Y152.822
G1 X71.565 Y152.503
G1 X71.477 Y151.903
G1 X71.214 Y151.276
G1 X70.775 Y150.623
G1 X70.160 Y149.943
G1 X70.145 Y148.026
G1 X70.260 Y147.483
G1 X70.373 Y147.613
G1 X70.410 Y148.003
G1 X70.215 Y149.528
G1 X70.257 Y149.693
G1 X70.500 Y149.943
G1 X71.465 Y149.978
G1 X71.570 Y149.926
G1 X71.605 Y149.768
G1 X71.450 Y149.472
G1 X70.985 Y149.373
G1 X70.640 Y149.418
G1 X70.790 Y148.108
G1 X70.746 Y147.632
G1 X70.615 Y147.283
G1 X70.412 Y147.070
G1 X70.155 Y146.998
G1 X69.847 Y147.126
G1 X69.642 Y147.508
G1 X69.528 Y148.148
G1 X69.490 Y149.048
G0 Z5.000 F500.000
G0 X70.250 Y150.608 F3000.000
G1 Z1.000 F500.000
G4 P100
G1 X70.604 Y151.073 F1000.000
G1 X71.028 Y152.033
G1 X71.085 Y152.478
G1 X71.054 Y152.707
G1 X70.960 Y152.783
G1 X70.737 Y152.478
G1 X70.475 Y151.671
G1 X70.250 Y150.608
G0 Z5.000 F500.000
G0 X71.567 Y150.546 F3000.000
G1 Z1.000 F500.000
G4 P100
G1 X72.064 Y150.871 F1000.000
G1 X72.360 Y150.913
G1 X72.703 Y150.848
G1 X72.972 Y150.651
G1 X73.157 Y150.358
G1 X73.245 Y150.003
G1 X73.875 Y150.113
G1 X73.975 Y150.048
G1 X73.974 Y149.692
G1 X73.865 Y149.598
G1 X73.205 Y149.478
G1 X73.064 Y149.100
G1 X72.830 Y148.806
G1 X72.531 Y148.616
G1 X71.917 Y148.590
G1 X71.682 Y148.698
G1 X71.360 Y149.083
G1 X71.250 Y149.603
G1 X71.395 Y150.281
G1 X71.567 Y150.546
G0 Z5.000 F500.000
G0 X71.908 Y149.959 F3000.000
G1 Z1.000 F500.000
G4 P100
G1 X71.875 Y149.648 F1000.000
G1 X71.982 Y149.228
G1 X72.235 Y149.083
G1 X72.512 Y149.213
G1 X72.670 Y149.588
G1 X72.432 Y149.863
G1 X72.365 Y150.383
G1 X72.163 Y150.335
G1 X72.007 Y150.191
G1 X71.908 Y149.959
G0 Z5.000 F500.000
G0 X73.615 Y149.988 F3000.000
G1 Z1.000 F500.000
G4 P100
G1 X73.772 Y151.378 F1000.000
G1 X73.968 Y152.103
G1 X74.237 Y152.718
G1 X74.574 Y153.138
G1 X74.970 Y153.278
G1 X75.184 Y153.223
G1 X75.347 Y153.056
G1 X75.451 Y152.785
G1 X75.485 Y152.418
G1 X75.403 Y151.776
G1 X75.155 Y151.038
G1 X74.766 Y150.257
G1 X74.260 Y149.483
G1 X74.375 Y149.191
G1 X74.585 Y149.103
G1 X74.945 Y149.221
G1 X75.475 Y149.693
G1 X75.577 Y149.633
G1 X75.615 Y149.468
G1 X75.520 Y149.158
G1 X75.052 Y148.723
G1 X74.783 Y148.596
G1 X74.480 Y148.553
G1 X74.097 Y148.653
G1 X73.827 Y148.953
G1 X73.668 Y149.412
G1 X73.615 Y149.988
G0 Z5.000 F500.000
G0 X74.225 Y150.158 F3000.000
G1 Z1.000 F500.000
G4 P100
G1 X74.790 Y151.331 F1000.000
G1 X74.947 Y151.893
G1 X75.000 Y152.403
G1 X74.965 Y152.688
G1 X74.860 Y152.783
G1 X74.600 Y152.368
G1 X74.345 Y151.338
G1 X74.225 Y150.158
G0 Z5.000 F500.000
G0 X75.403 Y151.378 F3000.000
G1 Z1.000 F500.000
G4 P100
G1 X75.597 Y152.103 F1000.000
G1 X75.868 Y152.718
G1 X76.204 Y153.138
G1 X76.600 Y153.278
G1 X76.814 Y153.223
G1 X76.977 Y153.056
G1 X77.081 Y152.785
G1 X77.115 Y152.418
G1 X77.032 Y151.776
G1 X76.785 Y151.038
G1 X76.396 Y150.257
G1 X75.890 Y149.483
G1 X76.005 Y149.191
G1 X76.215 Y149.103
G1 X76.575 Y149.221
G1 X77.105 Y149.693
G1 X77.208 Y149.633
G1 X77.245 Y149.468
G1 X77.150 Y149.158
G1 X76.683 Y148.723
G1 X76.413 Y148.596
G1 X76.110 Y148.553
G1 X75.727 Y148.653
G1 X75.458 Y148.953
G1 X75.298 Y149.412
G1 X75.245 Y149.988
G1 X75.403 Y151.378
G0 Z5.000 F500.000
G0 X75.855 Y150.158 F3000.000
G1 Z1.000 F500.000
G4 P100
G1 X76.420 Y151.331 F1000.000
G1 X76.577 Y151.893
G1 X76.630 Y152.403
G1 X76.595 Y152.688
G1 X76.490 Y152.783
G1 X76.230 Y152.368
G1 X75.975 Y151.338
G1 X75.855 Y150.158
G0 Z5.000 F500.000
G0 X77.082 Y150.546 F3000.000
G1 Z1.000 F500.000
G4 P100
G1 X77.579 Y150.871 F1000.000
G1 X77.875 Y150.913
G1 X78.218 Y150.848
G1 X78.487 Y150.651
G1 X78.672 Y150.358
G1 X78.760 Y150.003
G1 X79.390 Y150.113
G1 X79.490 Y150.048
G1 X79.489 Y149.692
G1 X79.380 Y149.598
G1 X78.720 Y149.478
G1 X78.579 Y149.100
G1 X78.345 Y148.806
G1 X78.046 Y148.616
G1 X77.432 Y148.590
G1 X77.197 Y148.698
G1 X76.875 Y149.083
G1 X76.765 Y149.603
G1 X76.910 Y150.281
G1 X77.082 Y150.546
G0 Z5.000 F500.000
G0 X77.423 Y149.959 F3000.000
G1 Z1.000 F500.000
G4 P100
G1 X77.390 Y149.648 F1000.000
G1 X77.498 Y149.228
G1 X77.750 Y149.083
G1 X78.028 Y149.213
G1 X78.185 Y149.588
G1 X77.947 Y149.863
G1 X77.880 Y150.383
G1 X77.678 Y150.335
G1 X77.523 Y150.191
G1 X77.423 Y149.959
G0 Z5.000 F500.000
G0 X79.105 Y150.443 F3000.000
G1 Z1.000 F500.000
G4 P100
G1 X79.195 Y150.848 F1000.000
G1 X79.450 Y150.913
G1 X79.642 Y150.856
G1 X79.775 Y149.168
G1 X80.400 Y150.658
G1 X80.532 Y150.861
G1 X80.720 Y150.913
G1 X80.907 Y150.858
G1 X80.960 Y150.663
G1 X81.030 Y149.168
G1 X81.480 Y149.878
G1 X81.405 Y150.223
G1 X81.480 Y150.553
G1 X81.685 Y150.813
G1 X81.980 Y150.913
G1 X82.215 Y150.811
G1 X82.305 Y150.513
G1 X82.185 Y149.998
G1 X82.875 Y150.103
G1 X82.990 Y150.053
G1 X83.030 Y149.918
G1 X82.970 Y149.676
G1 X82.790 Y149.548
G1 X82.300 Y149.473
G1 X81.885 Y149.533
G1 X81.222 Y148.658
G1 X80.900 Y148.553
G1 X80.597 Y148.708
G1 X80.445 Y149.583
G1 X80.167 Y148.943
G1 X79.922 Y148.638
G1 X79.635 Y148.553
G1 X79.312 Y148.713
G1 X79.165 Y149.218
G1 X79.105 Y150.443
G0 Z5.000 F500.000
G0 X82.495 Y148.988 F3000.000
G1 Z1.000 F500.000
G4 P100
G1 X82.622 Y149.348 F1000.000
G1 X82.980 Y149.483
G1 X83.312 Y149.376
G1 X83.425 Y149.058
G1 X83.295 Y148.691
G1 X82.940 Y148.553
G1 X82.607 Y148.673
G1 X82.495 Y148.988
G0 Z5.000 F500.000
G0 X83.115 Y149.978 F3000.000
G1 Z1.000 F500.000
G4 P100
G1 X82.782 Y150.098 F1000.000
G1 X82.670 Y150.413
G1 X82.797 Y150.773
G1 X83.155 Y150.908
G1 X83.487 Y150.801
G1 X83.600 Y150.483
G1 X83.470 Y150.116
G1 X83.115 Y149.978
G0 Z5.000 F500.000
G0 X85.130 Y149.603 F3000.000
G1 Z1.000 F500.000
G4 P100
G1 X85.275 Y150.281 F1000.000
G1 X85.447 Y150.546
G1 X85.944 Y150.871
G1 X86.240 Y150.913
G1 X86.583 Y150.848
G1 X86.852 Y150.651
G1 X87.037 Y150.358
G1 X87.125 Y150.003
G1 X87.755 Y150.113
G1 X87.855 Y150.048
G1 X87.890 Y149.883
G1 X87.854 Y149.692
G1 X87.745 Y149.598
G1 X87.085 Y149.478
G1 X86.944 Y149.100
G1 X86.710 Y148.806
G1 X86.411 Y148.616
G1 X86.075 Y148.553
G1 X85.562 Y148.698
G1 X85.240 Y149.083
G1 X85.130 Y149.603
G0 Z5.000 F500.000
G0 X85.862 Y149.228 F3000.000
G1 Z1.000 F500.000
G4 P100
G1 X86.115 Y149.083 F1000.000
G1 X86.392 Y149.213
G1 X86.550 Y149.588
G1 X86.312 Y149.863
G1 X86.245 Y150.383
G1 X86.043 Y150.335
G1 X85.887 Y150.191
G1 X85.788 Y149.959
G1 X85.755 Y149.648
G1 X85.862 Y149.228
G0 Z5.000 F500.000
G0 X87.470 Y149.393 F3000.000
G1 Z1.000 F500.000
G4 P100
G1 X87.655 Y150.628 F1000.000
G1 X87.802 Y150.841
G1 X88.090 Y150.908
G1 X88.230 Y150.883
G1 X88.270 Y150.788
G1 X88.065 Y149.708
G1 X88.435 Y150.408
G1 X88.837 Y150.793
G1 X89.200 Y150.908
G1 X89.444 Y150.827
G1 X89.525 Y150.583
G1 X89.320 Y149.303
G1 X89.356 Y149.153
G1 X89.465 Y149.103
G1 X89.702 Y149.226
G1 X90.205 Y149.693
G1 X90.307 Y149.633
G1 X90.345 Y149.468
G1 X90.250 Y149.158
G1 X89.787 Y148.723
G1 X89.225 Y148.553
G1 X89.001 Y148.590
G1 X88.742 Y148.881
G1 X88.710 Y149.128
G1 X88.845 Y150.063
G1 X88.790 Y150.143
G1 X88.607 Y149.976
G1 X88.367 Y149.533
G1 X88.042 Y148.636
G1 X87.815 Y148.553
G1 X87.653 Y148.603
G1 X87.547 Y148.753
G1 X87.470 Y149.393
G0 Z5.000 F500.000
G0 X89.938 Y149.176 F3000.000
G1 Z1.000 F500.000
G4 P100
G1 X89.865 Y149.618 F1000.000
G1 X90.010 Y150.261
G1 X90.412 Y150.733
G1 X90.995 Y150.908
G1 X91.256 Y150.865
G1 X91.460 Y150.736
G1 X91.591 Y150.533
G1 X91.635 Y150.268
G1 X91.573 Y149.948
G1 X91.387 Y149.676
G1 X91.054 Y149.454
G1 X90.550 Y149.283
G1 X90.731 Y149.111
G1 X91.025 Y149.053
G1 X91.537 Y149.211
G1 X92.170 Y149.693
G1 X92.272 Y149.633
G1 X92.310 Y149.468
G1 X92.215 Y149.158
G1 X91.692 Y148.743
G1 X90.970 Y148.553
G1 X90.504 Y148.625
G1 X90.155 Y148.838
G1 X89.938 Y149.176
G0 Z5.000 F500.000
G0 X90.470 Y149.683 F3000.000
G1 Z1.000 F500.000
G4 P100
G1 X90.935 Y149.883 F1000.000
G1 X91.062 Y150.035
G1 X91.052 Y150.361
G1 X90.910 Y150.418
G1 X90.739 Y150.365
G1 X90.597 Y150.203
G1 X90.470 Y149.683
G0 Z5.000 F500.000
G0 X91.950 Y150.103 F3000.000
G1 Z1.000 F500.000
G4 P100
G1 X92.017 Y150.303 F1000.000
G1 X92.215 Y150.378
G1 X93.240 Y150.478
G1 X93.432 Y150.416
G1 X93.500 Y150.203
G1 X93.435 Y149.995
G1 X93.240 Y149.908
G1 X92.215 Y149.808
G1 X92.022 Y149.878
G1 X91.950 Y150.103
G0 Z5.000 F500.000
G0 X93.955 Y149.703 F3000.000
G1 Z1.000 F500.000
G4 P100
G1 X94.112 Y151.308 F1000.000
G1 X94.307 Y152.076
G1 X94.577 Y152.711
G1 X94.916 Y153.136
G1 X95.315 Y153.278
G1 X95.523 Y153.229
G1 X95.794 Y152.854
G1 X95.756 Y152.054
G1 X95.535 Y151.521
G1 X94.575 Y150.253
G1 X94.560 Y149.718
G1 X94.927 Y150.411
G1 X95.327 Y150.793
G1 X95.690 Y150.908
G1 X95.934 Y150.827
G1 X96.015 Y150.583
G1 X95.810 Y149.303
G1 X95.846 Y149.153
G1 X95.955 Y149.103
G1 X96.192 Y149.226
G1 X96.695 Y149.693
G1 X96.797 Y149.633
G1 X96.835 Y149.468
G1 X96.740 Y149.158
G1 X96.267 Y148.723
G1 X96.008 Y148.596
G1 X95.491 Y148.590
G1 X95.232 Y148.881
G1 X95.200 Y149.128
G1 X95.335 Y150.063
G1 X95.280 Y150.143
G1 X95.095 Y149.976
G1 X94.855 Y149.533
G1 X94.495 Y148.653
G1 X94.190 Y148.553
G1 X93.992 Y148.661
G1 X93.955 Y149.703
G0 Z5.000 F500.000
G0 X94.630 Y150.878 F3000.000
G1 Z1.000 F500.000
G4 P100
G1 X95.142 Y151.673 F1000.000
G1 X95.294 Y152.083
G1 X95.345 Y152.453
G1 X95.310 Y152.698
G1 X95.210 Y152.783
G1 X95.010 Y152.526
G1 X94.797 Y151.831
G1 X94.630 Y150.878
G0 Z5.000 F500.000
G0 X96.673 Y150.528 F3000.000
G1 Z1.000 F500.000
G4 P100
G1 X97.177 Y150.865 F1000.000
G1 X97.746 Y150.865
G1 X97.950 Y150.736
G1 X98.081 Y150.533
G1 X98.125 Y150.268
G1 X98.063 Y149.948
G1 X97.877 Y149.676
G1 X97.544 Y149.454
G1 X97.040 Y149.283
G1 X97.221 Y149.111
G1 X97.515 Y149.053
G1 X98.028 Y149.211
G1 X98.660 Y149.693
G1 X98.762 Y149.633
G1 X98.800 Y149.468
G1 X98.705 Y149.158
G1 X98.183 Y148.743
G1 X97.833 Y148.601
G1 X97.460 Y148.553
G1 X96.994 Y148.625
G1 X96.645 Y148.838
G1 X96.428 Y149.176
G1 X96.355 Y149.618
G1 X96.500 Y150.261
G1 X96.673 Y150.528
G0 Z5.000 F500.000
G0 X97.088 Y150.203 F3000.000
G1 Z1.000 F500.000
G4 P100
G1 X96.960 Y149.683 F1000.000
G1 X97.425 Y149.883
G1 X97.595 Y150.208
G1 X97.542 Y150.361
G1 X97.400 Y150.418
G1 X97.229 Y150.365
G1 X97.088 Y150.203
G0 Z5.000 F500.000
G0 X98.376 Y149.758 F3000.000
G1 Z1.000 F500.000
G4 P100
G1 X98.731 Y150.448 F1000.000
G1 X99.007 Y150.701
G1 X99.324 Y150.864
G1 X99.660 Y150.918
G1 X99.808 Y150.876
G1 X99.870 Y150.723
G1 X100.274 Y150.700
G1 X100.335 Y150.568
G1 X100.145 Y149.268
G1 X100.183 Y149.148
G1 X100.280 Y149.103
G1 X100.510 Y149.226
G1 X101.010 Y149.693
G1 X101.113 Y149.633
G1 X101.150 Y149.468
G1 X101.055 Y149.158
G1 X100.620 Y148.728
G1 X100.175 Y148.553
G1 X99.873 Y148.666
G1 X99.665 Y148.973
G1 X99.371 Y148.658
G1 X99.010 Y148.553
G1 X98.731 Y148.610
G1 X98.515 Y148.778
G1 X98.376 Y149.038
G1 X98.376 Y149.758
G0 Z5.000 F500.000
G0 X98.955 Y149.363 F3000.000
G1 Z1.000 F500.000
G4 P100
G1 X99.017 Y149.133 F1000.000
G1 X99.190 Y149.058
G1 X99.400 Y149.188
G1 X99.545 Y149.533
G1 X99.730 Y150.453
G1 X99.343 Y150.296
G1 X99.060 Y149.893
G1 X98.955 Y149.363
G0 Z5.000 F500.000
G0 X100.722 Y149.759 F3000.000
G1 Z1.000 F500.000
G4 P100
G1 X101.052 Y150.427 F1000.000
G1 X101.317 Y150.676
G1 X101.985 Y150.933
G1 X102.123 Y151.833
G1 X102.347 Y152.591
G1 X102.657 Y153.106
G1 X102.843 Y153.235
G1 X103.247 Y153.230
G1 X103.407 Y153.083
G1 X103.514 Y152.838
G1 X103.481 Y151.886
G1 X103.275 Y151.183
G1 X102.540 Y149.643
G1 X102.627 Y149.228
G1 X102.800 Y149.103
G1 X103.075 Y149.223
G1 X103.585 Y149.693
G1 X103.688 Y149.633
G1 X103.725 Y149.468
G1 X103.630 Y149.158
G1 X102.936 Y148.598
G1 X102.695 Y148.553
G1 X102.360 Y148.665
G1 X102.115 Y148.998
G1 X101.748 Y148.643
G1 X101.380 Y148.553
G1 X101.102 Y148.610
G1 X100.877 Y148.781
G1 X100.729 Y149.043
G1 X100.722 Y149.759
G0 Z5.000 F500.000
G0 X101.305 Y149.423 F3000.000
G1 Z1.000 F500.000
G4 P100
G1 X101.367 Y149.150 F1000.000
G1 X101.555 Y149.058
G1 X101.745 Y149.136
G1 X101.985 Y149.423
G1 X101.945 Y150.418
G1 X101.693 Y150.284
G1 X101.487 Y150.051
G1 X101.305 Y149.423
G0 Z5.000 F500.000
G0 X102.545 Y150.428 F3000.000
G1 Z1.000 F500.000
G4 P100
G1 X102.965 Y151.528 F1000.000
G1 X103.105 Y152.388
G1 X102.995 Y152.788
G1 X102.805 Y152.451
G1 X102.545 Y150.428
G0 Z5.000 F500.000
G0 X103.563 Y150.528 F3000.000
G1 Z1.000 F500.000
G4 P100
G1 X104.067 Y150.865 F1000.000
G1 X104.636 Y150.865
G1 X104.840 Y150.736
G1 X104.971 Y150.533
G1 X105.015 Y150.268
G1 X104.953 Y149.948
G1 X104.767 Y149.676
G1 X104.434 Y149.454
G1 X103.930 Y149.283
G1 X104.111 Y149.111
G1 X104.405 Y149.053
G1 X104.917 Y149.211
G1 X105.550 Y149.693
G1 X105.653 Y149.633
G1 X105.690 Y149.468
G1 X105.595 Y149.158
G1 X105.072 Y148.743
G1 X104.723 Y148.601
G1 X104.350 Y148.553
G1 X103.884 Y148.625
G1 X103.535 Y148.838
G1 X103.317 Y149.176
G1 X103.245 Y149.618
G1 X103.390 Y150.261
G1 X103.563 Y150.528
G0 Z5.000 F500.000
G0 X103.977 Y150.203 F3000.000
G1 Z1.000 F500.000
G4 P100
G1 X103.850 Y149.683 F1000.000
G1 X104.315 Y149.883
G1 X104.485 Y150.208
G1 X104.433 Y150.361
G1 X104.290 Y150.418
G1 X104.119 Y150.365
G1 X103.977 Y150.203
G0 Z5.000 F500.000
G0 X105.263 Y149.759 F3000.000
G1 Z1.000 F500.000
G4 P100
G1 X105.592 Y150.427 F1000.000
G1 X105.858 Y150.676
G1 X106.525 Y150.933
G1 X106.663 Y151.833
G1 X106.888 Y152.591
G1 X107.197 Y153.106
G1 X107.383 Y153.235
G1 X107.787 Y153.230
G1 X107.948 Y153.083
G1 X108.054 Y152.838
G1 X108.021 Y151.886
G1 X107.815 Y151.183
G1 X107.080 Y149.643
G1 X107.168 Y149.228
G1 X107.340 Y149.103
G1 X107.615 Y149.223
G1 X108.125 Y149.693
G1 X108.227 Y149.633
G1 X108.265 Y149.468
G1 X108.170 Y149.158
G1 X107.476 Y148.598
G1 X107.235 Y148.553
G1 X106.900 Y148.665
G1 X106.655 Y148.998
G1 X106.287 Y148.643
G1 X105.920 Y148.553
G1 X105.642 Y148.610
G1 X105.417 Y148.781
G1 X105.269 Y149.043
G1 X105.263 Y149.759
G0 Z5.000 F500.000
G0 X105.845 Y149.423 F3000.000
G1 Z1.000 F500.000
G4 P100
G1 X105.907 Y149.150 F1000.000
G1 X106.095 Y149.058
G1 X106.285 Y149.136
G1 X106.525 Y149.423
G1 X106.485 Y150.418
G1 X106.233 Y150.284
G1 X106.028 Y150.051
G1 X105.845 Y149.423
G0 Z5.000 F500.000
G0 X107.085 Y150.428 F3000.000
G1 Z1.000 F500.000
G4 P100
G1 X107.505 Y151.528 F1000.000
G1 X107.645 Y152.388
G1 X107.535 Y152.788
G1 X107.345 Y152.451
G1 X107.085 Y150.428
G0 Z5.000 F500.000
G0 X108.245 Y149.483 F3000.000
G1 Z1.000 F500.000
G4 P100
G1 X108.518 Y149.386 F1000.000
G1 X108.610 Y149.123
G1 X108.505 Y148.658
G1 X108.250 Y148.093
G1 X108.093 Y147.848
G1 X107.940 Y147.788
G1 X107.765 Y147.838
G1 X107.700 Y147.998
G1 X107.825 Y148.963
G1 X107.942 Y149.348
G1 X108.245 Y149.483
G0 Z5.000 F500.000
G0 X110.287 Y150.488 F3000.000
G1 Z1.000 F500.000
G4 P100
G1 X110.235 Y150.663 F1000.000
G1 X110.291 Y150.873
G1 X110.745 Y150.943
G1 X111.005 Y151.948
G1 X111.428 Y152.673
G1 X111.684 Y152.876
G1 X111.960 Y152.943
G1 X112.148 Y152.897
G1 X112.290 Y152.758
G1 X112.410 Y152.293
G1 X112.369 Y151.918
G1 X112.248 Y151.568
G1 X111.760 Y150.943
G1 X112.435 Y150.908
G1 X112.435 Y150.627
G1 X112.329 Y150.520
G1 X111.905 Y150.433
G1 X111.295 Y150.433
G1 X111.316 Y149.601
G1 X111.407 Y149.313
G1 X111.566 Y149.156
G1 X111.795 Y149.103
G1 X112.175 Y149.233
G1 X112.700 Y149.693
G1 X112.803 Y149.633
G1 X112.840 Y149.468
G1 X112.745 Y149.158
G1 X112.275 Y148.723
G1 X112.001 Y148.596
G1 X111.690 Y148.553
G1 X111.244 Y148.643
G1 X110.925 Y148.912
G1 X110.734 Y149.360
G1 X110.685 Y150.433
G1 X110.287 Y150.488
G0 Z5.000 F500.000
G0 X111.345 Y151.018 F3000.000
G1 Z1.000 F500.000
G4 P100
G1 X111.787 Y151.591 F1000.000
G1 X111.935 Y152.168
G1 X111.907 Y152.390
G1 X111.825 Y152.463
G1 X111.657 Y152.276
G1 X111.483 Y151.756
G1 X111.345 Y151.018
G0 Z5.000 F500.000
G0 X112.535 Y150.848 F3000.000
G1 Z1.000 F500.000
G4 P100
G1 X112.790 Y150.913 F1000.000
G1 X112.983 Y150.856
G1 X113.115 Y149.168
G1 X113.740 Y150.658
G1 X113.873 Y150.861
G1 X114.060 Y150.913
G1 X114.248 Y150.858
G1 X114.300 Y150.663
G1 X114.370 Y149.168
G1 X114.820 Y149.878
G1 X114.745 Y150.223
G1 X114.820 Y150.553
G1 X115.025 Y150.813
G1 X115.320 Y150.913
G1 X115.555 Y150.811
G1 X115.645 Y150.513
G1 X115.525 Y149.998
G1 X116.215 Y150.103
G1 X116.330 Y150.053
G1 X116.370 Y149.918
G1 X116.310 Y149.676
G1 X116.130 Y149.548
G1 X115.640 Y149.473
G1 X115.225 Y149.533
G1 X114.562 Y148.658
G1 X114.240 Y148.553
G1 X113.938 Y148.708
G1 X113.785 Y149.583
G1 X113.508 Y148.943
G1 X113.263 Y148.638
G1 X112.975 Y148.553
G1 X112.792 Y148.593
G1 X112.653 Y148.713
G1 X112.505 Y149.218
G1 X112.445 Y150.618
G1 X112.535 Y150.848
G0 Z5.000 F500.000
G0 X115.860 Y149.603 F3000.000
G1 Z1.000 F500.000
G4 P100
G1 X116.005 Y150.281 F1000.000
G1 X116.178 Y150.546
G1 X116.674 Y150.871
G1 X116.970 Y150.913
G1 X117.313 Y150.848
G1 X117.583 Y150.651
G1 X117.767 Y150.358
G1 X117.855 Y150.003
G1 X118.485 Y150.113
G1 X118.585 Y150.048
G1 X118.620 Y149.883
G1 X118.584 Y149.692
G1 X118.475 Y149.598
G1 X117.815 Y149.478
G1 X117.674 Y149.100
G1 X117.440 Y148.806
G1 X117.141 Y148.616
G1 X116.805 Y148.553
G1 X116.293 Y148.698
G1 X115.970 Y149.083
G1 X115.860 Y149.603
G0 Z5.000 F500.000
G0 X116.593 Y149.228 F3000.000
G1 Z1.000 F500.000
G4 P100
G1 X116.845 Y149.083 F1000.000
G1 X117.123 Y149.213
G1 X117.280 Y149.588
G1 X117.043 Y149.863
G1 X116.975 Y150.383
G1 X116.773 Y150.335
G1 X116.618 Y150.191
G1 X116.518 Y149.959
G1 X116.485 Y149.648
G1 X116.593 Y149.228
G0 Z5.000 F500.000
G0 X118.235 Y150.103 F3000.000
G1 Z1.000 F500.000
G4 P100
G1 X118.303 Y150.303 F1000.000
G1 X118.500 Y150.378
G1 X119.525 Y150.478
G1 X119.718 Y150.416
G1 X119.785 Y150.203
G1 X119.720 Y149.995
G1 X119.525 Y149.908
G1 X118.500 Y149.808
G1 X118.308 Y149.878
G1 X118.235 Y150.103
G0 Z5.000 F500.000
G0 X120.240 Y149.703 F3000.000
G1 Z1.000 F500.000
G4 P100
G1 X120.398 Y151.308 F1000.000
G1 X120.593 Y152.076
G1 X120.863 Y152.711
G1 X121.201 Y153.136
G1 X121.600 Y153.278
G1 X121.808 Y153.229
G1 X122.079 Y152.854
G1 X122.041 Y152.054
G1 X121.820 Y151.521
G1 X120.860 Y150.253
G1 X120.845 Y149.718
G1 X121.213 Y150.411
G1 X121.613 Y150.793
G1 X121.975 Y150.908
G1 X122.219 Y150.827
G1 X122.300 Y150.583
G1 X122.095 Y149.303
G1 X122.131 Y149.153
G1 X122.240 Y149.103
G1 X122.478 Y149.226
G1 X122.980 Y149.693
G1 X123.083 Y149.633
G1 X123.120 Y149.468
G1 X123.025 Y149.158
G1 X122.553 Y148.723
G1 X122.293 Y148.596
G1 X121.776 Y148.590
G1 X121.518 Y148.881
G1 X121.485 Y149.128
G1 X121.620 Y150.063
G1 X121.565 Y150.143
G1 X121.380 Y149.976
G1 X121.140 Y149.533
G1 X120.780 Y148.653
G1 X120.475 Y148.553
G1 X120.278 Y148.661
G1 X120.240 Y149.703
G0 Z5.000 F500.000
G0 X120.915 Y150.878 F3000.000
G1 Z1.000 F500.000
G4 P100
G1 X121.428 Y151.673 F1000.000
G1 X121.579 Y152.083
G1 X121.630 Y152.453
G1 X121.595 Y152.698
G1 X121.495 Y152.783
G1 X121.295 Y152.526
G1 X121.083 Y151.831
G1 X120.915 Y150.878
G0 Z5.000 F500.000
G0 X122.958 Y150.528 F3000.000
G1 Z1.000 F500.000
G4 P100
G1 X123.462 Y150.865 F1000.000
G1 X124.031 Y150.865
G1 X124.235 Y150.736
G1 X124.366 Y150.533
G1 X124.410 Y150.268
G1 X124.348 Y149.948
G1 X124.163 Y149.676
G1 X123.829 Y149.454
G1 X123.325 Y149.283
G1 X123.506 Y149.111
G1 X123.800 Y149.053
G1 X124.312 Y149.211
G1 X124.945 Y149.693
G1 X125.048 Y149.633
G1 X125.085 Y149.468
G1 X124.990 Y149.158
G1 X124.468 Y148.743
G1 X124.118 Y148.601
G1 X123.745 Y148.553
G1 X123.279 Y148.625
G1 X122.930 Y148.838
G1 X122.713 Y149.176
G1 X122.640 Y149.618
G1 X122.785 Y150.261
G1 X122.958 Y150.528
G0 Z5.000 F500.000
G0 X123.373 Y150.203 F3000.000
G1 Z1.000 F500.000
G4 P100
G1 X123.245 Y149.683 F1000.000
G1 X123.710 Y149.883
G1 X123.880 Y150.208
G1 X123.828 Y150.361
G1 X123.685 Y150.418
G1 X123.514 Y150.365
G1 X123.373 Y150.203
G0 Z5.000 F500.000
G0 X124.661 Y149.758 F3000.000
G1 Z1.000 F500.000
G4 P100
G1 X125.016 Y150.448 F1000.000
G1 X125.293 Y150.701
G1 X125.609 Y150.864
G1 X125.945 Y150.918
G1 X126.093 Y150.876
G1 X126.155 Y150.723
G1 X126.559 Y150.700
G1 X126.620 Y150.568
G1 X126.430 Y149.268
G1 X126.468 Y149.148
G1 X126.565 Y149.103
G1 X126.795 Y149.226
G1 X127.295 Y149.693
G1 X127.398 Y149.633
G1 X127.435 Y149.468
G1 X127.340 Y149.158
G1 X126.905 Y148.728
G1 X126.460 Y148.553
G1 X126.158 Y148.666
G1 X125.950 Y148.973
G1 X125.656 Y148.658
G1 X125.295 Y148.553
G1 X125.016 Y148.610
G1 X124.800 Y148.778
G1 X124.661 Y149.038
G1 X124.661 Y149.758
G0 Z5.000 F500.000
G0 X125.240 Y149.363 F3000.000
G1 Z1.000 F500.000
G4 P100
G1 X125.303 Y149.133 F1000.000
G1 X125.475 Y149.058
G1 X125.685 Y149.188
G1 X125.830 Y149.533
G1 X126.015 Y150.453
G1 X125.628 Y150.296
G1 X125.345 Y149.893
G1 X125.240 Y149.363
G0 Z5.000 F500.000
G0 X127.008 Y149.759 F3000.000
G1 Z1.000 F500.000
G4 P100
G1 X127.337 Y150.427 F1000.000
G1 X127.603 Y150.676
G1 X128.270 Y150.933
G1 X128.408 Y151.833
G1 X128.632 Y152.591
G1 X128.942 Y153.106
G1 X129.128 Y153.235
G1 X129.532 Y153.230
G1 X129.692 Y153.083
G1 X129.799 Y152.838
G1 X129.766 Y151.886
G1 X129.560 Y151.183
G1 X128.825 Y149.643
G1 X128.913 Y149.228
G1 X129.085 Y149.103
G1 X129.360 Y149.223
G1 X129.870 Y149.693
G1 X129.972 Y149.633
G1 X130.010 Y149.468
G1 X129.915 Y149.158
G1 X129.221 Y148.598
G1 X128.980 Y148.553
G1 X128.645 Y148.665
G1 X128.400 Y148.998
G1 X128.032 Y148.643
G1 X127.665 Y148.553
G1 X127.387 Y148.610
G1 X127.162 Y148.781
G1 X127.014 Y149.043
G1 X127.008 Y149.759
G0 Z5.000 F500.000
G0 X127.590 Y149.423 F3000.000
G1 Z1.000 F500.000
G4 P100
G1 X127.653 Y149.150 F1000.000
G1 X127.840 Y149.058
G1 X128.030 Y149.136
G1 X128.270 Y149.423
G1 X128.230 Y150.418
G1 X127.978 Y150.284
G1 X127.773 Y150.051
G1 X127.590 Y149.423
G0 Z5.000 F500.000
G0 X128.830 Y150.428 F3000.000
G1 Z1.000 F500.000
G4 P100
G1 X129.250 Y151.528 F1000.000
G1 X129.390 Y152.388
G1 X129.280 Y152.788
G1 X129.090 Y152.451
G1 X128.830 Y150.428
G0 Z5.000 F500.000
G0 X129.848 Y150.528 F3000.000
G1 Z1.000 F500.000
G4 P100
G1 X130.352 Y150.865 F1000.000
G1 X130.921 Y150.865
G1 X131.125 Y150.736
G1 X131.256 Y150.533
G1 X131.300 Y150.268
G1 X131.238 Y149.948
G1 X131.053 Y149.676
G1 X130.719 Y149.454
G1 X130.215 Y149.283
G1 X130.396 Y149.111
G1 X130.690 Y149.053
G1 X131.203 Y149.211
G1 X131.835 Y149.693
G1 X131.938 Y149.633
G1 X131.975 Y149.468
G1 X131.880 Y149.158
G1 X131.358 Y148.743
G1 X131.008 Y148.601
G1 X130.635 Y148.553
G1 X130.169 Y148.625
G1 X129.820 Y148.838
G1 X129.603 Y149.176
G1 X129.530 Y149.618
G1 X129.675 Y150.261
G1 X129.848 Y150.528
G0 Z5.000 F500.000
G0 X130.263 Y150.203 F3000.000
G1 Z1.000 F500.000
G4 P100
G1 X130.135 Y149.683 F1000.000
G1 X130.600 Y149.883
G1 X130.770 Y150.208
G1 X130.718 Y150.361
G1 X130.575 Y150.418
G1 X130.404 Y150.365
G1 X130.263 Y150.203
G0 Z5.000 F500.000
G0 X131.548 Y149.759 F3000.000
G1 Z1.000 F500.000
G4 P100
G1 X131.877 Y150.427 F1000.000
G1 X132.143 Y150.676
G1 X132.810 Y150.933
G1 X132.948 Y151.833
G1 X133.173 Y152.591
G1 X133.482 Y153.106
G1 X133.668 Y153.235
G1 X134.072 Y153.230
G1 X134.233 Y153.083
G1 X134.339 Y152.838
G1 X134.306 Y151.886
G1 X134.100 Y151.183
G1 X133.365 Y149.643
G1 X133.453 Y149.228
G1 X133.625 Y149.103
G1 X133.900 Y149.223
G1 X134.410 Y149.693
G1 X134.513 Y149.633
G1 X134.550 Y149.468
G1 X134.455 Y149.158
G1 X133.761 Y148.598
G1 X133.520 Y148.553
G1 X133.185 Y148.665
G1 X132.940 Y148.998
G1 X132.573 Y148.643
G1 X132.205 Y148.553
G1 X131.927 Y148.610
G1 X131.703 Y148.781
G1 X131.554 Y149.043
G1 X131.548 Y149.759
G0 Z5.000 F500.000
G0 X132.130 Y149.423 F3000.000
G1 Z1.000 F500.000
G4 P100
G1 X132.192 Y149.150 F1000.000
G1 X132.380 Y149.058
G1 X132.570 Y149.136
G1 X132.810 Y149.423
G1 X132.770 Y150.418
G1 X132.518 Y150.284
G1 X132.312 Y150.051
G1 X132.130 Y149.423
G0 Z5.000 F500.000
G0 X133.370 Y150.428 F3000.000
G1 Z1.000 F500.000
G4 P100
G1 X133.790 Y151.528 F1000.000
G1 X133.930 Y152.388
G1 X133.820 Y152.788
G1 X133.630 Y152.451
G1 X133.370 Y150.428
G0 Z5.000 F500.000
G0 X134.530 Y149.483 F3000.000
G1 Z1.000 F500.000
G4 P100
G1 X134.803 Y149.386 F1000.000
G1 X134.895 Y149.123
G1 X134.790 Y148.658
G1 X134.535 Y148.093
G1 X134.378 Y147.848
G1 X134.225 Y147.788
G1 X134.050 Y147.838
G1 X133.985 Y147.998
G1 X134.110 Y148.963
G1 X134.228 Y149.348
G1 X134.530 Y149.483
G0 Z5.000 F500.000
G0 X136.690 Y149.368 F3000.000
G1 Z1.000 F500.000
G4 P100
G1 X136.736 Y149.758 F1000.000
G1 X137.091 Y150.448
G1 X137.684 Y150.864
G1 X138.020 Y150.918
G1 X138.168 Y150.876
G1 X138.230 Y150.723
G1 X138.634 Y150.700
G1 X138.695 Y150.568
G1 X138.505 Y149.268
G1 X138.543 Y149.148
G1 X138.640 Y149.103
G1 X138.870 Y149.226
G1 X139.370 Y149.693
G1 X139.473 Y149.633
G1 X139.510 Y149.468
G1 X139.415 Y149.158
G1 X138.980 Y148.728
G1 X138.535 Y148.553
G1 X138.233 Y148.666
G1 X138.025 Y148.973
G1 X137.731 Y148.658
G1 X137.370 Y148.553
G1 X137.091 Y148.610
G1 X136.875 Y148.778
G1 X136.736 Y149.038
G1 X136.690 Y149.368
G0 Z5.000 F500.000
G0 X137.377 Y149.133 F3000.000
G1 Z1.000 F500.000
G4 P100
G1 X137.550 Y149.058 F1000.000
G1 X137.760 Y149.188
G1 X137.905 Y149.533
G1 X138.090 Y150.453
G1 X137.703 Y150.296
G1 X137.420 Y149.893
G1 X137.315 Y149.363
G1 X137.377 Y149.133
G0 Z5.000 F500.000
G0 X139.115 Y149.393 F3000.000
G1 Z1.000 F500.000
G4 P100
G1 X139.300 Y150.628 F1000.000
G1 X139.447 Y150.841
G1 X139.735 Y150.908
G1 X139.875 Y150.883
G1 X139.915 Y150.788
G1 X139.710 Y149.708
G1 X140.080 Y150.408
G1 X140.483 Y150.793
G1 X140.845 Y150.908
G1 X141.089 Y150.827
G1 X141.170 Y150.583
G1 X140.965 Y149.303
G1 X141.001 Y149.153
G1 X141.110 Y149.103
G1 X141.348 Y149.226
G1 X141.850 Y149.693
G1 X141.953 Y149.633
G1 X141.990 Y149.468
G1 X141.895 Y149.158
G1 X141.433 Y148.723
G1 X140.870 Y148.553
G1 X140.646 Y148.590
G1 X140.388 Y148.881
G1 X140.355 Y149.128
G1 X140.490 Y150.063
G1 X140.435 Y150.143
G1 X140.252 Y149.976
G1 X140.013 Y149.533
G1 X139.688 Y148.636
G1 X139.460 Y148.553
G1 X139.298 Y148.603
G1 X139.192 Y148.753
G1 X139.115 Y149.393
G0 Z5.000 F500.000
G0 X141.569 Y149.043 F3000.000
G1 Z1.000 F500.000
G4 P100
G1 X141.562 Y149.759 F1000.000
G1 X141.690 Y150.116
G1 X142.157 Y150.676
G1 X142.825 Y150.933
G1 X142.963 Y151.833
G1 X143.188 Y152.591
G1 X143.497 Y153.106
G1 X143.683 Y153.235
G1 X144.087 Y153.230
G1 X144.248 Y153.083
G1 X144.354 Y152.838
G1 X144.321 Y151.886
G1 X144.115 Y151.183
G1 X143.380 Y149.643
G1 X143.468 Y149.228
G1 X143.640 Y149.103
G1 X143.915 Y149.223
G1 X144.425 Y149.693
G1 X144.528 Y149.633
G1 X144.565 Y149.468
G1 X144.470 Y149.158
G1 X144.020 Y148.731
G1 X143.535 Y148.553
G1 X143.200 Y148.665
G1 X142.955 Y148.998
G1 X142.588 Y148.643
G1 X142.220 Y148.553
G1 X141.942 Y148.610
G1 X141.718 Y148.781
G1 X141.569 Y149.043
G0 Z5.000 F500.000
G0 X142.208 Y149.150 F3000.000
G1 Z1.000 F500.000
G4 P100
G1 X142.395 Y149.058 F1000.000
G1 X142.585 Y149.136
G1 X142.825 Y149.423
G1 X142.785 Y150.418
G1 X142.533 Y150.284
G1 X142.191 Y149.753
G1 X142.145 Y149.423
G1 X142.208 Y149.150
G0 Z5.000 F500.000
G0 X143.385 Y150.428 F3000.000
G1 Z1.000 F500.000
G4 P100
G1 X143.805 Y151.528 F1000.000
G1 X143.945 Y152.388
G1 X143.835 Y152.788
G1 X143.645 Y152.451
G1 X143.385 Y150.428
G0 Z5.000 F500.000
G0 X22.485 Y139.371 F3000.000
G1 Z1.000 F500.000
G4 P100
G1 X22.390 Y139.061 F1000.000
G1 X21.828 Y138.614
G1 X21.195 Y138.456
G1 X20.759 Y138.526
G1 X20.433 Y138.734
G1 X20.228 Y139.056
G1 X20.160 Y139.466
G1 X20.200 Y139.846
G1 X20.320 Y140.176
G1 X20.735 Y140.646
G1 X20.996 Y140.770
G1 X21.514 Y140.771
G1 X21.812 Y140.463
G1 X21.850 Y140.231
G1 X21.758 Y139.876
G1 X21.515 Y139.731
G1 X21.363 Y139.776
G1 X21.322 Y140.286
G1 X21.230 Y140.321
G1 X21.015 Y140.219
G1 X20.855 Y139.941
G1 X20.795 Y139.556
G1 X20.921 Y139.121
G1 X21.300 Y138.976
G1 X21.742 Y139.114
G1 X22.345 Y139.596
G1 X22.447 Y139.536
G1 X22.485 Y139.371
G0 Z5.000 F500.000
G0 X22.760 Y139.386 F3000.000
G1 Z1.000 F500.000
G4 P100
G1 X22.875 Y139.094 F1000.000
G1 X23.085 Y139.006
G1 X23.445 Y139.124
G1 X23.975 Y139.596
G1 X24.078 Y139.536
G1 X24.115 Y139.371
G1 X24.020 Y139.061
G1 X23.553 Y138.626
G1 X22.980 Y138.456
G1 X22.597 Y138.556
G1 X22.328 Y138.856
G1 X22.168 Y139.315
G1 X22.115 Y139.891
G1 X22.273 Y141.281
G1 X22.468 Y142.006
G1 X22.738 Y142.621
G1 X23.074 Y143.041
G1 X23.470 Y143.181
G1 X23.684 Y143.126
G1 X23.848 Y142.959
G1 X23.951 Y142.688
G1 X23.985 Y142.321
G1 X23.902 Y141.679
G1 X23.655 Y140.941
G1 X23.266 Y140.160
G1 X22.760 Y139.386
G0 Z5.000 F500.000
G0 X22.725 Y140.061 F3000.000
G1 Z1.000 F500.000
G4 P100
G1 X23.290 Y141.234 F1000.000
G1 X23.447 Y141.796
G1 X23.500 Y142.306
G1 X23.465 Y142.591
G1 X23.360 Y142.686
G1 X23.100 Y142.271
G1 X22.845 Y141.241
G1 X22.725 Y140.061
G0 Z5.000 F500.000
G0 X24.046 Y140.351 F3000.000
G1 Z1.000 F500.000
G4 P100
G1 X24.639 Y140.767 F1000.000
G1 X24.975 Y140.821
G1 X25.123 Y140.779
G1 X25.185 Y140.626
G1 X25.589 Y140.603
G1 X25.650 Y140.471
G1 X25.460 Y139.171
G1 X25.498 Y139.051
G1 X25.595 Y139.006
G1 X25.825 Y139.129
G1 X26.325 Y139.596
G1 X26.428 Y139.536
G1 X26.465 Y139.371
G1 X26.370 Y139.061
G1 X25.935 Y138.631
G1 X25.490 Y138.456
G1 X25.188 Y138.569
G1 X24.980 Y138.876
G1 X24.686 Y138.561
G1 X24.325 Y138.456
G1 X24.046 Y138.513
G1 X23.830 Y138.681
G1 X23.691 Y138.941
G1 X23.645 Y139.271
G1 X23.691 Y139.661
G1 X24.046 Y140.351
G0 Z5.000 F500.000
G0 X24.375 Y139.796 F3000.000
G1 Z1.000 F500.000
G4 P100
G1 X24.270 Y139.266 F1000.000
G1 X24.333 Y139.036
G1 X24.505 Y138.961
G1 X24.715 Y139.091
G1 X24.860 Y139.436
G1 X25.045 Y140.356
G1 X24.657 Y140.199
G1 X24.375 Y139.796
G0 Z5.000 F500.000
G0 X25.900 Y139.196 F3000.000
G1 Z1.000 F500.000
G4 P100
G1 X26.315 Y139.756 F1000.000
G1 X26.740 Y140.646
G1 X26.886 Y140.811
G1 X27.135 Y140.866
G1 X27.330 Y140.841
G1 X27.385 Y140.761
G1 X27.220 Y140.231
G1 X27.678 Y139.484
G1 X27.750 Y139.021
G1 X28.460 Y139.596
G1 X28.562 Y139.536
G1 X28.600 Y139.371
G1 X28.505 Y139.061
G1 X28.027 Y138.639
G1 X26.990 Y138.346
G1 X26.593 Y138.466
G1 X26.455 Y138.736
G1 X26.550 Y138.961
G1 X26.830 Y139.056
G1 X27.115 Y139.026
G1 X27.057 Y139.271
G1 X26.775 Y139.681
G1 X26.468 Y139.191
G1 X26.135 Y138.821
G1 X25.945 Y138.731
G1 X25.815 Y138.789
G1 X25.765 Y138.931
G1 X25.900 Y139.196
G0 Z5.000 F500.000
G0 X27.900 Y138.931 F3000.000
G1 Z1.000 F500.000
G4 P100
G1 X28.450 Y139.756 F1000.000
G1 X28.875 Y140.646
G1 X29.021 Y140.811
G1 X29.270 Y140.866
G1 X29.465 Y140.841
G1 X29.520 Y140.761
G1 X29.355 Y140.231
G1 X29.812 Y139.484
G1 X29.885 Y139.021
G1 X30.595 Y139.596
G1 X30.698 Y139.536
G1 X30.735 Y139.371
G1 X30.640 Y139.061
G1 X30.163 Y138.639
G1 X29.125 Y138.346
G1 X28.728 Y138.466
G1 X28.590 Y138.736
G1 X28.685 Y138.961
G1 X28.965 Y139.056
G1 X29.250 Y139.026
G1 X29.193 Y139.271
G1 X28.910 Y139.681
G1 X28.270 Y138.821
G1 X28.080 Y138.731
G1 X27.950 Y138.789
G1 X27.900 Y138.931
G0 Z5.000 F500.000
G0 X30.362 Y138.954 F3000.000
G1 Z1.000 F500.000
G4 P100
G1 X30.383 Y139.874 F1000.000
G1 X30.530 Y140.531
G1 X30.650 Y140.751
G1 X30.890 Y140.811
G1 X31.081 Y140.769
G1 X31.145 Y140.641
G1 X30.930 Y139.316
G1 X30.970 Y139.086
G1 X31.105 Y139.006
G1 X31.330 Y139.131
G1 X31.825 Y139.596
G1 X31.928 Y139.536
G1 X31.965 Y139.371
G1 X31.870 Y139.061
G1 X31.391 Y138.608
G1 X30.945 Y138.456
G1 X30.664 Y138.514
G1 X30.473 Y138.686
G1 X30.362 Y138.954
G0 Z5.000 F500.000
G0 X30.985 Y141.141 F3000.000
G1 Z1.000 F500.000
G4 P100
G1 X30.670 Y141.239 F1000.000
G1 X30.565 Y141.511
G1 X30.703 Y141.804
G1 X31.045 Y141.921
G1 X31.345 Y141.831
G1 X31.460 Y141.576
G1 X31.330 Y141.259
G1 X30.985 Y141.141
G0 Z5.000 F500.000
G0 X32.055 Y140.646 F3000.000
G1 Z1.000 F500.000
G4 P100
G1 X32.316 Y140.770 F1000.000
G1 X32.834 Y140.771
G1 X33.018 Y140.649
G1 X33.170 Y140.231
G1 X33.078 Y139.876
G1 X32.835 Y139.731
G1 X32.683 Y139.776
G1 X32.625 Y139.901
G1 X32.643 Y140.286
G1 X32.550 Y140.321
G1 X32.335 Y140.219
G1 X32.175 Y139.941
G1 X32.115 Y139.556
G1 X32.241 Y139.121
G1 X32.620 Y138.976
G1 X33.062 Y139.114
G1 X33.665 Y139.596
G1 X33.768 Y139.536
G1 X33.805 Y139.371
G1 X33.710 Y139.061
G1 X33.452 Y138.804
G1 X33.148 Y138.614
G1 X32.515 Y138.456
G1 X32.079 Y138.526
G1 X31.753 Y138.734
G1 X31.548 Y139.056
G1 X31.480 Y139.466
G1 X31.520 Y139.846
G1 X31.640 Y140.176
G1 X32.055 Y140.646
G0 Z5.000 F500.000
G0 X34.706 Y139.661 F3000.000
G1 Z1.000 F500.000
G4 P100
G1 X35.061 Y140.351 F1000.000
G1 X35.338 Y140.604
G1 X35.654 Y140.767
G1 X35.990 Y140.821
G1 X36.138 Y140.779
G1 X36.200 Y140.626
G1 X36.604 Y140.603
G1 X36.665 Y140.471
G1 X36.475 Y139.171
G1 X36.513 Y139.051
G1 X36.610 Y139.006
G1 X36.840 Y139.129
G1 X37.340 Y139.596
G1 X37.443 Y139.536
G1 X37.480 Y139.371
G1 X37.385 Y139.061
G1 X36.950 Y138.631
G1 X36.505 Y138.456
G1 X36.203 Y138.569
G1 X35.995 Y138.876
G1 X35.701 Y138.561
G1 X35.340 Y138.456
G1 X35.061 Y138.513
G1 X34.845 Y138.681
G1 X34.706 Y138.941
G1 X34.706 Y139.661
G0 Z5.000 F500.000
G0 X35.285 Y139.266 F3000.000
G1 Z1.000 F500.000
G4 P100
G1 X35.348 Y139.036 F1000.000
G1 X35.520 Y138.961
G1 X35.730 Y139.091
G1 X35.875 Y139.436
G1 X36.060 Y140.356
G1 X35.672 Y140.199
G1 X35.390 Y139.796
G1 X35.285 Y139.266
G0 Z5.000 F500.000
G0 X37.131 Y139.930 F3000.000
G1 Z1.000 F500.000
G4 P100
G1 X37.270 Y140.531 F1000.000
G1 X37.418 Y140.744
G1 X37.705 Y140.811
G1 X37.845 Y140.786
G1 X37.885 Y140.691
G1 X37.680 Y139.611
G1 X38.050 Y140.311
G1 X38.453 Y140.696
G1 X38.815 Y140.811
G1 X39.059 Y140.730
G1 X39.140 Y140.486
G1 X39.086 Y139.790
G1 X39.180 Y139.746
G1 X39.675 Y140.031
G1 X39.778 Y139.974
G1 X39.815 Y139.821
G1 X39.715 Y139.531
G1 X39.388 Y139.284
G1 X38.990 Y139.181
G1 X38.757 Y139.215
G1 X38.484 Y139.475
G1 X38.420 Y140.046
G1 X38.223 Y139.879
G1 X37.980 Y139.436
G1 X37.658 Y138.539
G1 X37.430 Y138.456
G1 X37.268 Y138.506
G1 X37.163 Y138.656
G1 X37.085 Y139.296
G1 X37.131 Y139.930
G0 Z5.000 F500.000
G0 X39.360 Y139.296 F3000.000
G1 Z1.000 F500.000
G4 P100
G1 X39.545 Y140.531 F1000.000
G1 X39.693 Y140.744
G1 X39.980 Y140.811
G1 X40.120 Y140.786
G1 X40.160 Y140.691
G1 X39.955 Y139.611
G1 X40.325 Y140.311
G1 X40.728 Y140.696
G1 X41.090 Y140.811
G1 X41.334 Y140.730
G1 X41.415 Y140.486
G1 X41.361 Y139.790
G1 X41.455 Y139.746
G1 X41.950 Y140.031
G1 X42.053 Y139.974
G1 X42.090 Y139.821
G1 X41.990 Y139.531
G1 X41.663 Y139.284
G1 X41.265 Y139.181
G1 X41.032 Y139.215
G1 X40.759 Y139.475
G1 X40.695 Y140.046
G1 X40.498 Y139.879
G1 X40.255 Y139.436
G1 X39.933 Y138.539
G1 X39.705 Y138.456
G1 X39.543 Y138.506
G1 X39.438 Y138.656
G1 X39.360 Y139.296
G0 Z5.000 F500.000
G0 X41.660 Y138.986 F3000.000
G1 Z1.000 F500.000
G4 P100
G1 X41.550 Y139.506 F1000.000
G1 X41.695 Y140.184
G1 X41.867 Y140.449
G1 X42.364 Y140.774
G1 X42.660 Y140.816
G1 X43.003 Y140.751
G1 X43.273 Y140.554
G1 X43.457 Y140.261
G1 X43.545 Y139.906
G1 X44.175 Y140.016
G1 X44.275 Y139.951
G1 X44.274 Y139.595
G1 X44.165 Y139.501
G1 X43.505 Y139.381
G1 X43.364 Y139.003
G1 X43.130 Y138.709
G1 X42.831 Y138.519
G1 X42.217 Y138.493
G1 X41.983 Y138.601
G1 X41.660 Y138.986
G0 Z5.000 F500.000
G0 X42.282 Y139.131 F3000.000
G1 Z1.000 F500.000
G4 P100
G1 X42.535 Y138.986 F1000.000
G1 X42.812 Y139.116
G1 X42.970 Y139.491
G1 X42.733 Y139.766
G1 X42.665 Y140.286
G1 X42.463 Y140.238
G1 X42.308 Y140.094
G1 X42.208 Y139.862
G1 X42.175 Y139.551
G1 X42.282 Y139.131
G0 Z5.000 F500.000
G0 X43.950 Y139.121 F3000.000
G1 Z1.000 F500.000
G4 P100
G1 X43.890 Y140.521 F1000.000
G1 X43.980 Y140.751
G1 X44.235 Y140.816
G1 X44.428 Y140.759
G1 X44.490 Y140.566
G1 X44.560 Y139.071
G1 X45.185 Y140.561
G1 X45.318 Y140.764
G1 X45.505 Y140.816
G1 X45.692 Y140.761
G1 X45.745 Y140.566
G1 X45.815 Y139.071
G1 X46.265 Y139.781
G1 X46.190 Y140.126
G1 X46.265 Y140.456
G1 X46.470 Y140.716
G1 X46.765 Y140.816
G1 X47.000 Y140.714
G1 X47.090 Y140.416
G1 X46.970 Y139.901
G1 X47.660 Y140.006
G1 X47.775 Y139.956
G1 X47.815 Y139.821
G1 X47.755 Y139.579
G1 X47.575 Y139.451
G1 X47.085 Y139.376
G1 X46.670 Y139.436
G1 X46.008 Y138.561
G1 X45.685 Y138.456
G1 X45.383 Y138.611
G1 X45.230 Y139.486
G1 X44.953 Y138.846
G1 X44.707 Y138.541
G1 X44.420 Y138.456
G1 X44.098 Y138.616
G1 X43.950 Y139.121
G0 Z5.000 F500.000
G0 X47.405 Y138.951 F3000.000
G1 Z1.000 F500.000
G4 P100
G1 X47.573 Y141.211 F1000.000
G1 X47.768 Y141.979
G1 X48.038 Y142.614
G1 X48.376 Y143.039
G1 X48.775 Y143.181
G1 X48.983 Y143.132
G1 X49.254 Y142.757
G1 X49.216 Y141.957
G1 X48.995 Y141.424
G1 X48.035 Y140.156
G1 X48.020 Y139.621
G1 X48.388 Y140.314
G1 X48.788 Y140.696
G1 X49.150 Y140.811
G1 X49.394 Y140.730
G1 X49.475 Y140.486
G1 X49.270 Y139.206
G1 X49.306 Y139.056
G1 X49.415 Y139.006
G1 X49.653 Y139.129
G1 X50.155 Y139.596
G1 X50.258 Y139.536
G1 X50.295 Y139.371
G1 X50.200 Y139.061
G1 X49.727 Y138.626
G1 X49.468 Y138.499
G1 X48.951 Y138.493
G1 X48.693 Y138.784
G1 X48.660 Y139.031
G1 X48.795 Y139.966
G1 X48.740 Y140.046
G1 X48.555 Y139.879
G1 X48.315 Y139.436
G1 X47.955 Y138.556
G1 X47.650 Y138.456
G1 X47.453 Y138.564
G1 X47.405 Y138.951
G0 Z5.000 F500.000
G0 X48.090 Y140.781 F3000.000
G1 Z1.000 F500.000
G4 P100
G1 X48.602 Y141.576 F1000.000
G1 X48.754 Y141.986
G1 X48.805 Y142.356
G1 X48.770 Y142.601
G1 X48.670 Y142.686
G1 X48.470 Y142.429
G1 X48.258 Y141.734
G1 X48.090 Y140.781
G0 Z5.000 F500.000
G0 X50.133 Y140.431 F3000.000
G1 Z1.000 F500.000
G4 P100
G1 X50.637 Y140.768 F1000.000
G1 X51.206 Y140.768
G1 X51.410 Y140.639
G1 X51.541 Y140.436
G1 X51.585 Y140.171
G1 X51.523 Y139.851
G1 X51.337 Y139.579
G1 X51.004 Y139.357
G1 X50.500 Y139.186
G1 X50.681 Y139.014
G1 X50.975 Y138.956
G1 X51.487 Y139.114
G1 X52.120 Y139.596
G1 X52.222 Y139.536
G1 X52.260 Y139.371
G1 X52.165 Y139.061
G1 X51.642 Y138.646
G1 X51.293 Y138.504
G1 X50.920 Y138.456
G1 X50.454 Y138.528
G1 X50.105 Y138.741
G1 X49.887 Y139.079
G1 X49.815 Y139.521
G1 X49.960 Y140.164
G1 X50.133 Y140.431
G0 Z5.000 F500.000
G0 X50.547 Y140.106 F3000.000
G1 Z1.000 F500.000
G4 P100
G1 X50.420 Y139.586 F1000.000
G1 X50.885 Y139.786
G1 X51.055 Y140.111
G1 X51.002 Y140.264
G1 X50.860 Y140.321
G1 X50.689 Y140.268
G1 X50.547 Y140.106
G0 Z5.000 F500.000
G0 X51.836 Y139.661 F3000.000
G1 Z1.000 F500.000
G4 P100
G1 X52.191 Y140.351 F1000.000
G1 X52.468 Y140.604
G1 X52.784 Y140.767
G1 X53.120 Y140.821
G1 X53.267 Y140.779
G1 X53.330 Y140.626
G1 X53.734 Y140.603
G1 X53.795 Y140.471
G1 X53.605 Y139.171
G1 X53.642 Y139.051
G1 X53.740 Y139.006
G1 X53.970 Y139.129
G1 X54.470 Y139.596
G1 X54.573 Y139.536
G1 X54.610 Y139.371
G1 X54.515 Y139.061
G1 X54.080 Y138.631
G1 X53.635 Y138.456
G1 X53.332 Y138.569
G1 X53.125 Y138.876
G1 X52.831 Y138.561
G1 X52.470 Y138.456
G1 X52.191 Y138.513
G1 X51.975 Y138.681
G1 X51.836 Y138.941
G1 X51.836 Y139.661
G0 Z5.000 F500.000
G0 X52.415 Y139.266 F3000.000
G1 Z1.000 F500.000
G4 P100
G1 X52.477 Y139.036 F1000.000
G1 X52.650 Y138.961
G1 X52.860 Y139.091
G1 X53.005 Y139.436
G1 X53.190 Y140.356
G1 X52.803 Y140.199
G1 X52.520 Y139.796
G1 X52.415 Y139.266
G0 Z5.000 F500.000
G0 X54.183 Y139.662 F3000.000
G1 Z1.000 F500.000
G4 P100
G1 X54.512 Y140.330 F1000.000
G1 X54.778 Y140.579
G1 X55.445 Y140.836
G1 X55.583 Y141.736
G1 X55.808 Y142.494
G1 X56.117 Y143.009
G1 X56.303 Y143.138
G1 X56.707 Y143.133
G1 X56.868 Y142.986
G1 X56.974 Y142.741
G1 X56.941 Y141.789
G1 X56.735 Y141.086
G1 X56.000 Y139.546
G1 X56.088 Y139.131
G1 X56.260 Y139.006
G1 X56.535 Y139.126
G1 X57.045 Y139.596
G1 X57.148 Y139.536
G1 X57.185 Y139.371
G1 X57.090 Y139.061
G1 X56.396 Y138.501
G1 X56.155 Y138.456
G1 X55.820 Y138.568
G1 X55.575 Y138.901
G1 X55.208 Y138.546
G1 X54.840 Y138.456
G1 X54.562 Y138.513
G1 X54.338 Y138.684
G1 X54.189 Y138.946
G1 X54.183 Y139.662
G0 Z5.000 F500.000
G0 X54.765 Y139.326 F3000.000
G1 Z1.000 F500.000
G4 P100
G1 X54.828 Y139.053 F1000.000
G1 X55.015 Y138.961
G1 X55.205 Y139.039
G1 X55.445 Y139.326
G1 X55.405 Y140.321
G1 X55.153 Y140.187
G1 X54.948 Y139.954
G1 X54.765 Y139.326
G0 Z5.000 F500.000
G0 X56.005 Y140.331 F3000.000
G1 Z1.000 F500.000
G4 P100
G1 X56.425 Y141.431 F1000.000
G1 X56.565 Y142.291
G1 X56.455 Y142.691
G1 X56.265 Y142.354
G1 X56.005 Y140.331
G0 Z5.000 F500.000
G0 X56.961 Y139.353 F3000.000
G1 Z1.000 F500.000
G4 P100
G1 X57.165 Y139.386 F1000.000
G1 X57.498 Y139.279
G1 X57.610 Y138.961
G1 X57.480 Y138.594
G1 X57.326 Y138.491
G1 X57.125 Y138.456
G1 X56.793 Y138.576
G1 X56.680 Y138.891
G1 X56.808 Y139.251
G1 X56.961 Y139.353
G0 Z5.000 F500.000
G0 X59.390 Y141.179 F3000.000
G1 Z1.000 F500.000
G4 P100
G1 X59.325 Y141.536 F1000.000
G1 X59.394 Y141.919
G1 X59.603 Y142.219
G1 X59.953 Y142.442
G1 X60.448 Y142.596
G1 X61.905 Y142.716
G1 X62.783 Y142.696
G1 X63.355 Y142.631
G1 X63.588 Y142.526
G1 X63.665 Y142.351
G1 X63.573 Y142.111
G1 X63.280 Y142.051
G1 X61.915 Y142.116
G1 X61.380 Y138.756
G1 X61.260 Y138.534
G1 X60.995 Y138.456
G1 X60.740 Y138.536
G1 X60.650 Y138.746
G1 X61.205 Y142.111
G1 X60.435 Y142.031
G1 X60.038 Y141.849
G1 X59.920 Y141.546
G1 X60.040 Y141.146
G1 X59.928 Y140.969
G1 X59.695 Y140.886
G1 X59.555 Y140.936
G1 X59.390 Y141.179
G0 Z5.000 F500.000
G0 X63.068 Y141.211 F3000.000
G1 Z1.000 F500.000
G4 P100
G1 X63.263 Y141.979 F1000.000
G1 X63.533 Y142.614
G1 X63.871 Y143.039
G1 X64.270 Y143.181
G1 X64.478 Y143.132
G1 X64.749 Y142.757
G1 X64.711 Y141.957
G1 X64.490 Y141.424
G1 X63.530 Y140.156
G1 X63.515 Y139.621
G1 X63.883 Y140.314
G1 X64.282 Y140.696
G1 X64.645 Y140.811
G1 X64.889 Y140.730
G1 X64.970 Y140.486
G1 X64.765 Y139.206
G1 X64.801 Y139.056
G1 X64.910 Y139.006
G1 X65.148 Y139.129
G1 X65.650 Y139.596
G1 X65.752 Y139.536
G1 X65.790 Y139.371
G1 X65.695 Y139.061
G1 X65.222 Y138.626
G1 X64.963 Y138.499
G1 X64.446 Y138.493
G1 X64.188 Y138.784
G1 X64.155 Y139.031
G1 X64.290 Y139.966
G1 X64.235 Y140.046
G1 X64.050 Y139.879
G1 X63.810 Y139.436
G1 X63.450 Y138.556
G1 X63.145 Y138.456
G1 X62.948 Y138.564
G1 X62.910 Y139.606
G1 X63.068 Y141.211
G0 Z5.000 F500.000
G0 X63.585 Y140.781 F3000.000
G1 Z1.000 F500.000
G4 P100
G1 X64.097 Y141.576 F1000.000
G1 X64.249 Y141.986
G1 X64.300 Y142.356
G1 X64.265 Y142.601
G1 X64.165 Y142.686
G1 X63.965 Y142.429
G1 X63.753 Y141.734
G1 X63.585 Y140.781
G0 Z5.000 F500.000
G0 X65.628 Y140.431 F3000.000
G1 Z1.000 F500.000
G4 P100
G1 X66.132 Y140.768 F1000.000
G1 X66.701 Y140.768
G1 X66.905 Y140.639
G1 X67.036 Y140.436
G1 X67.080 Y140.171
G1 X67.018 Y139.851
G1 X66.833 Y139.579
G1 X66.499 Y139.357
G1 X65.995 Y139.186
G1 X66.176 Y139.014
G1 X66.470 Y138.956
G1 X66.983 Y139.114
G1 X67.615 Y139.596
G1 X67.718 Y139.536
G1 X67.755 Y139.371
G1 X67.660 Y139.061
G1 X67.138 Y138.646
G1 X66.788 Y138.504
G1 X66.415 Y138.456
G1 X65.949 Y138.528
G1 X65.600 Y138.741
G1 X65.382 Y139.079
G1 X65.310 Y139.521
G1 X65.455 Y140.164
G1 X65.628 Y140.431
G0 Z5.000 F500.000
G0 X66.043 Y140.106 F3000.000
G1 Z1.000 F500.000
G4 P100
G1 X65.915 Y139.586 F1000.000
G1 X66.380 Y139.786
G1 X66.550 Y140.111
G1 X66.498 Y140.264
G1 X66.355 Y140.321
G1 X66.184 Y140.268
G1 X66.043 Y140.106
G0 Z5.000 F500.000
G0 X68.710 Y141.784 F3000.000
G1 Z1.000 F500.000
G4 P100
G1 X68.700 Y142.159 F1000.000
G1 X68.835 Y142.301
G1 X69.645 Y142.659
G1 X70.540 Y142.781
G1 X71.109 Y142.728
G1 X71.595 Y142.569
G1 X71.989 Y142.307
G1 X72.280 Y141.946
G1 X72.460 Y141.494
G1 X72.520 Y140.956
G1 X72.445 Y140.249
G1 X72.220 Y139.639
G1 X71.851 Y139.139
G1 X71.345 Y138.766
G1 X70.715 Y138.534
G1 X69.975 Y138.456
G1 X69.320 Y138.506
G1 X69.045 Y138.611
G1 X68.980 Y138.871
G1 X69.145 Y140.094
G1 X69.460 Y141.496
G1 X69.600 Y141.671
G1 X70.104 Y141.679
G1 X70.180 Y141.551
G1 X69.890 Y140.319
G1 X69.705 Y139.036
G1 X70.045 Y139.021
G1 X70.809 Y139.154
G1 X71.109 Y139.319
G1 X71.353 Y139.551
G1 X71.677 Y140.170
G1 X71.785 Y140.966
G1 X71.700 Y141.494
G1 X71.445 Y141.886
G1 X71.035 Y142.130
G1 X70.485 Y142.211
G1 X69.693 Y142.086
G1 X68.845 Y141.711
G1 X68.710 Y141.784
G0 Z5.000 F500.000
G0 X73.004 Y140.886 F3000.000
G1 Z1.000 F500.000
G4 P100
G1 X73.213 Y141.511 F1000.000
G1 X73.540 Y142.025
G1 X73.968 Y142.406
G1 X74.471 Y142.643
G1 X75.025 Y142.721
G1 X75.448 Y142.671
G1 X75.828 Y142.521
G1 X76.148 Y142.274
G1 X76.395 Y141.934
G1 X76.553 Y141.508
G1 X76.605 Y141.006
G1 X76.536 Y140.291
G1 X76.328 Y139.666
G1 X76.000 Y139.153
G1 X75.573 Y138.771
G1 X75.069 Y138.535
G1 X74.515 Y138.456
G1 X74.092 Y138.506
G1 X73.713 Y138.656
G1 X73.392 Y138.903
G1 X73.145 Y139.244
G1 X72.988 Y139.669
G1 X72.935 Y140.171
G1 X73.004 Y140.886
G0 Z5.000 F500.000
G0 X73.670 Y140.256 F3000.000
G1 Z1.000 F500.000
G4 P100
G1 X73.733 Y139.733 F1000.000
G1 X73.920 Y139.354
G1 X74.206 Y139.123
G1 X74.565 Y139.046
G1 X74.932 Y139.106
G1 X75.253 Y139.286
G1 X75.516 Y139.573
G1 X75.830 Y140.409
G1 X75.870 Y140.921
G1 X75.808 Y141.444
G1 X75.620 Y141.824
G1 X75.334 Y142.054
G1 X74.975 Y142.131
G1 X74.613 Y142.072
G1 X74.295 Y141.894
G1 X74.033 Y141.609
G1 X73.835 Y141.229
G1 X73.670 Y140.256
G0 Z5.000 F500.000
G0 X77.015 Y140.221 F3000.000
G1 Z1.000 F500.000
G4 P100
G1 X77.084 Y140.915 F1000.000
G1 X77.293 Y141.526
G1 X77.619 Y142.032
G1 X78.045 Y142.409
G1 X78.546 Y142.643
G1 X79.100 Y142.721
G1 X79.575 Y142.652
G1 X79.920 Y142.444
G1 X80.130 Y142.122
G1 X80.200 Y141.711
G1 X80.093 Y141.221
G1 X79.962 Y141.083
G1 X79.785 Y141.036
G1 X79.565 Y141.101
G1 X79.485 Y141.291
G1 X79.535 Y141.696
G1 X79.414 Y142.038
G1 X79.050 Y142.151
G1 X78.728 Y142.098
G1 X78.420 Y141.936
G1 X78.149 Y141.671
G1 X77.935 Y141.304
G1 X77.796 Y140.847
G1 X77.750 Y140.311
G1 X77.834 Y139.779
G1 X78.085 Y139.384
G1 X78.500 Y139.138
G1 X79.075 Y139.056
G1 X79.733 Y139.139
G1 X80.595 Y139.421
G1 X80.715 Y139.361
G1 X80.755 Y139.206
G1 X80.673 Y138.941
G1 X80.425 Y138.756
G1 X79.688 Y138.529
G1 X78.960 Y138.456
G1 X78.404 Y138.511
G1 X77.925 Y138.674
G1 X77.536 Y138.937
G1 X77.250 Y139.291
G1 X77.074 Y139.724
G1 X77.015 Y140.221
G0 Z5.000 F500.000
G0 X80.050 Y138.656 F3000.000
G1 Z1.000 F500.000
G4 P100
G1 X80.195 Y138.941 F1000.000
G1 X81.815 Y140.786
G1 X81.400 Y141.946
G1 X81.080 Y142.111
G1 X80.793 Y142.015
G1 X80.325 Y141.661
G1 X80.198 Y141.719
G1 X80.145 Y141.866
G1 X80.290 Y142.191
G1 X80.735 Y142.576
G1 X80.998 Y142.685
G1 X81.629 Y142.666
G1 X81.890 Y142.499
G1 X82.096 Y142.208
G1 X82.355 Y141.431
G1 X83.435 Y142.666
G1 X83.903 Y142.666
G1 X83.980 Y142.526
G1 X83.845 Y142.251
G1 X82.545 Y140.751
G1 X82.965 Y139.326
G1 X83.113 Y139.119
G1 X83.345 Y139.051
G1 X83.668 Y139.161
G1 X84.190 Y139.596
G1 X84.293 Y139.536
G1 X84.330 Y139.371
G1 X84.235 Y139.061
G1 X83.750 Y138.614
G1 X83.496 Y138.496
G1 X83.215 Y138.456
G1 X82.824 Y138.523
G1 X82.543 Y138.721
G1 X82.337 Y139.048
G1 X82.005 Y140.116
G1 X80.825 Y138.656
G1 X80.620 Y138.494
G1 X80.143 Y138.509
G1 X80.050 Y138.656
G0 Z5.000 F500.000
G0 X84.955 Y138.931 F3000.000
G1 Z1.000 F500.000
G4 P100
G1 X85.505 Y139.756 F1000.000
G1 X85.930 Y140.646
G1 X86.076 Y140.811
G1 X86.325 Y140.866
G1 X86.520 Y140.841
G1 X86.575 Y140.761
G1 X86.410 Y140.231
G1 X86.868 Y139.484
G1 X86.940 Y139.021
G1 X87.650 Y139.596
G1 X87.753 Y139.536
G1 X87.790 Y139.371
G1 X87.695 Y139.061
G1 X87.218 Y138.639
G1 X86.180 Y138.346
G1 X85.783 Y138.466
G1 X85.645 Y138.736
G1 X85.740 Y138.961
G1 X86.020 Y139.056
G1 X86.305 Y139.026
G1 X86.248 Y139.271
G1 X85.965 Y139.681
G1 X85.325 Y138.821
G1 X85.135 Y138.731
G1 X85.005 Y138.789
G1 X84.955 Y138.931
G0 Z5.000 F500.000
G0 X87.383 Y139.079 F3000.000
G1 Z1.000 F500.000
G4 P100
G1 X87.310 Y139.521 F1000.000
G1 X87.455 Y140.164
G1 X87.858 Y140.636
G1 X88.440 Y140.811
G1 X88.701 Y140.768
G1 X88.905 Y140.639
G1 X89.036 Y140.436
G1 X89.080 Y140.171
G1 X89.018 Y139.851
G1 X88.833 Y139.579
G1 X88.499 Y139.357
G1 X87.995 Y139.186
G1 X88.176 Y139.014
G1 X88.470 Y138.956
G1 X88.983 Y139.114
G1 X89.615 Y139.596
G1 X89.718 Y139.536
G1 X89.755 Y139.371
G1 X89.660 Y139.061
G1 X89.138 Y138.646
G1 X88.415 Y138.456
G1 X87.949 Y138.528
G1 X87.600 Y138.741
G1 X87.383 Y139.079
G0 Z5.000 F500.000
G0 X87.915 Y139.586 F3000.000
G1 Z1.000 F500.000
G4 P100
G1 X88.380 Y139.786 F1000.000
G1 X88.508 Y139.938
G1 X88.498 Y140.264
G1 X88.355 Y140.321
G1 X88.184 Y140.268
G1 X88.043 Y140.106
G1 X87.915 Y139.586
G0 Z5.000 F500.000
G0 X89.406 Y139.930 F3000.000
G1 Z1.000 F500.000
G4 P100
G1 X89.545 Y140.531 F1000.000
G1 X89.693 Y140.744
G1 X89.980 Y140.811
G1 X90.120 Y140.786
G1 X90.160 Y140.691
G1 X89.955 Y139.616
G1 X90.278 Y140.276
G1 X90.663 Y140.679
G1 X91.035 Y140.811
G1 X91.283 Y140.731
G1 X91.355 Y140.486
G1 X91.205 Y139.636
G1 X91.469 Y140.168
G1 X91.760 Y140.531
G1 X92.055 Y140.741
G1 X92.330 Y140.811
G1 X92.574 Y140.730
G1 X92.655 Y140.486
G1 X92.450 Y139.206
G1 X92.486 Y139.056
G1 X92.595 Y139.006
G1 X92.833 Y139.129
G1 X93.335 Y139.596
G1 X93.438 Y139.536
G1 X93.475 Y139.371
G1 X93.380 Y139.061
G1 X92.918 Y138.626
G1 X92.653 Y138.499
G1 X92.131 Y138.493
G1 X91.873 Y138.784
G1 X91.840 Y139.031
G1 X91.975 Y139.966
G1 X91.920 Y140.046
G1 X91.735 Y139.879
G1 X91.495 Y139.436
G1 X91.173 Y138.536
G1 X90.940 Y138.456
G1 X90.693 Y138.614
G1 X90.610 Y138.996
G1 X90.700 Y139.966
G1 X90.645 Y140.046
G1 X90.455 Y139.866
G1 X90.233 Y139.406
G1 X89.933 Y138.539
G1 X89.705 Y138.456
G1 X89.543 Y138.506
G1 X89.438 Y138.656
G1 X89.360 Y139.296
G1 X89.406 Y139.930
G0 Z5.000 F500.000
G0 X93.005 Y139.271 F3000.000
G1 Z1.000 F500.000
G4 P100
G1 X93.051 Y139.661 F1000.000
G1 X93.406 Y140.351
G1 X93.999 Y140.767
G1 X94.335 Y140.821
G1 X94.483 Y140.779
G1 X94.545 Y140.626
G1 X94.949 Y140.603
G1 X95.010 Y140.471
G1 X94.820 Y139.171
G1 X94.858 Y139.051
G1 X94.955 Y139.006
G1 X95.185 Y139.129
G1 X95.685 Y139.596
G1 X95.788 Y139.536
G1 X95.825 Y139.371
G1 X95.730 Y139.061
G1 X95.295 Y138.631
G1 X94.850 Y138.456
G1 X94.548 Y138.569
G1 X94.340 Y138.876
G1 X94.046 Y138.561
G1 X93.685 Y138.456
G1 X93.406 Y138.513
G1 X93.190 Y138.681
G1 X93.051 Y138.941
G1 X93.005 Y139.271
G0 Z5.000 F500.000
G0 X93.693 Y139.036 F3000.000
G1 Z1.000 F500.000
G4 P100
G1 X93.865 Y138.961 F1000.000
G1 X94.075 Y139.091
G1 X94.220 Y139.436
G1 X94.405 Y140.356
G1 X94.018 Y140.199
G1 X93.735 Y139.796
G1 X93.630 Y139.266
G1 X93.693 Y139.036
G0 Z5.000 F500.000
G0 X95.430 Y139.296 F3000.000
G1 Z1.000 F500.000
G4 P100
G1 X95.615 Y140.531 F1000.000
G1 X95.763 Y140.744
G1 X96.050 Y140.811
G1 X96.190 Y140.786
G1 X96.230 Y140.691
G1 X96.025 Y139.611
G1 X96.395 Y140.311
G1 X96.798 Y140.696
G1 X97.160 Y140.811
G1 X97.404 Y140.730
G1 X97.485 Y140.486
G1 X97.280 Y139.206
G1 X97.316 Y139.056
G1 X97.425 Y139.006
G1 X97.663 Y139.129
G1 X98.165 Y139.596
G1 X98.268 Y139.536
G1 X98.305 Y139.371
G1 X98.210 Y139.061
G1 X97.748 Y138.626
G1 X97.185 Y138.456
G1 X96.961 Y138.493
G1 X96.703 Y138.784
G1 X96.670 Y139.031
G1 X96.805 Y139.966
G1 X96.750 Y140.046
G1 X96.568 Y139.879
G1 X96.328 Y139.436
G1 X96.003 Y138.539
G1 X95.775 Y138.456
G1 X95.613 Y138.506
G1 X95.508 Y138.656
G1 X95.430 Y139.296
G0 Z5.000 F500.000
G0 X98.164 Y139.263 F3000.000
G1 Z1.000 F500.000
G4 P100
G1 X98.115 Y140.336 F1000.000
G1 X97.718 Y140.391
G1 X97.665 Y140.566
G1 X97.721 Y140.776
G1 X98.175 Y140.846
G1 X98.435 Y141.851
G1 X98.858 Y142.576
G1 X99.114 Y142.779
G1 X99.390 Y142.846
G1 X99.578 Y142.800
G1 X99.720 Y142.661
G1 X99.840 Y142.196
G1 X99.799 Y141.821
G1 X99.678 Y141.471
G1 X99.190 Y140.846
G1 X99.865 Y140.811
G1 X99.865 Y140.530
G1 X99.759 Y140.423
G1 X99.335 Y140.336
G1 X98.725 Y140.336
G1 X98.746 Y139.504
G1 X98.838 Y139.216
G1 X98.996 Y139.059
G1 X99.225 Y139.006
G1 X99.605 Y139.136
G1 X100.130 Y139.596
G1 X100.233 Y139.536
G1 X100.270 Y139.371
G1 X100.175 Y139.061
G1 X99.705 Y138.626
G1 X99.120 Y138.456
G1 X98.674 Y138.546
G1 X98.355 Y138.815
G1 X98.164 Y139.263
G0 Z5.000 F500.000
G0 X98.775 Y140.921 F3000.000
G1 Z1.000 F500.000
G4 P100
G1 X99.218 Y141.494 F1000.000
G1 X99.365 Y142.071
G1 X99.338 Y142.293
G1 X99.255 Y142.366
G1 X99.088 Y142.179
G1 X98.913 Y141.659
G1 X98.775 Y140.921
G0 Z5.000 F500.000
G0 X100.100 Y141.511 F3000.000
G1 Z1.000 F500.000
G4 P100
G1 X100.238 Y141.804 F1000.000
G1 X100.580 Y141.921
G1 X100.880 Y141.831
G1 X100.995 Y141.576
G1 X100.865 Y141.259
G1 X100.520 Y141.141
G1 X100.205 Y141.239
G1 X100.100 Y141.511
G0 Z5.000 F500.000
G0 X100.425 Y140.811 F3000.000
G1 Z1.000 F500.000
G4 P100
G1 X100.616 Y140.769 F1000.000
G1 X100.680 Y140.641
G1 X100.465 Y139.316
G1 X100.505 Y139.086
G1 X100.640 Y139.006
G1 X100.865 Y139.131
G1 X101.360 Y139.596
G1 X101.463 Y139.536
G1 X101.500 Y139.371
G1 X101.405 Y139.061
G1 X100.926 Y138.608
G1 X100.480 Y138.456
G1 X100.199 Y138.514
G1 X100.008 Y138.686
G1 X99.860 Y139.296
G1 X100.065 Y140.531
G1 X100.185 Y140.751
G1 X100.425 Y140.811
G0 Z5.000 F500.000
G0 X101.175 Y140.176 F3000.000
G1 Z1.000 F500.000
G4 P100
G1 X101.590 Y140.646 F1000.000
G1 X101.851 Y140.770
G1 X102.369 Y140.771
G1 X102.667 Y140.463
G1 X102.705 Y140.231
G1 X102.613 Y139.876
G1 X102.370 Y139.731
G1 X102.218 Y139.776
G1 X102.178 Y140.286
G1 X102.085 Y140.321
G1 X101.870 Y140.219
G1 X101.710 Y139.941
G1 X101.682 Y139.303
G1 X101.776 Y139.121
G1 X102.155 Y138.976
G1 X102.598 Y139.114
G1 X103.200 Y139.596
G1 X103.303 Y139.536
G1 X103.340 Y139.371
G1 X103.245 Y139.061
G1 X102.683 Y138.614
G1 X102.050 Y138.456
G1 X101.614 Y138.526
G1 X101.288 Y138.734
G1 X101.083 Y139.056
G1 X101.015 Y139.466
G1 X101.175 Y140.176
G0 Z5.000 F500.000
G0 X104.255 Y139.296 F3000.000
G1 Z1.000 F500.000
G4 P100
G1 X104.460 Y140.531 F1000.000
G1 X104.580 Y140.751
G1 X104.820 Y140.811
G1 X105.011 Y140.769
G1 X105.075 Y140.641
G1 X104.860 Y139.316
G1 X104.900 Y139.086
G1 X105.035 Y139.006
G1 X105.260 Y139.131
G1 X105.755 Y139.596
G1 X105.858 Y139.536
G1 X105.895 Y139.371
G1 X105.800 Y139.061
G1 X105.321 Y138.608
G1 X104.875 Y138.456
G1 X104.594 Y138.514
G1 X104.403 Y138.686
G1 X104.255 Y139.296
G0 Z5.000 F500.000
G0 X104.915 Y141.141 F3000.000
G1 Z1.000 F500.000
G4 P100
G1 X104.600 Y141.239 F1000.000
G1 X104.495 Y141.511
G1 X104.633 Y141.804
G1 X104.975 Y141.921
G1 X105.275 Y141.831
G1 X105.390 Y141.576
G1 X105.260 Y141.259
G1 X104.915 Y141.141
G0 Z5.000 F500.000
G0 X105.833 Y140.744 F3000.000
G1 Z1.000 F500.000
G4 P100
G1 X106.120 Y140.811 F1000.000
G1 X106.260 Y140.786
G1 X106.300 Y140.691
G1 X106.095 Y139.616
G1 X106.418 Y140.276
G1 X106.803 Y140.679
G1 X107.175 Y140.811
G1 X107.423 Y140.731
G1 X107.495 Y140.486
G1 X107.345 Y139.636
G1 X107.609 Y140.168
G1 X107.900 Y140.531
G1 X108.195 Y140.741
G1 X108.470 Y140.811
G1 X108.714 Y140.730
G1 X108.795 Y140.486
G1 X108.590 Y139.206
G1 X108.626 Y139.056
G1 X108.735 Y139.006
G1 X108.973 Y139.129
G1 X109.475 Y139.596
G1 X109.578 Y139.536
G1 X109.615 Y139.371
G1 X109.520 Y139.061
G1 X109.058 Y138.626
G1 X108.793 Y138.499
G1 X108.271 Y138.493
G1 X108.013 Y138.784
G1 X107.980 Y139.031
G1 X108.115 Y139.966
G1 X108.060 Y140.046
G1 X107.875 Y139.879
G1 X107.635 Y139.436
G1 X107.313 Y138.536
G1 X107.080 Y138.456
G1 X106.936 Y138.496
G1 X106.833 Y138.614
G1 X106.750 Y138.996
G1 X106.840 Y139.966
G1 X106.785 Y140.046
G1 X106.595 Y139.866
G1 X106.373 Y139.406
G1 X106.073 Y138.539
G1 X105.845 Y138.456
G1 X105.683 Y138.506
G1 X105.578 Y138.656
G1 X105.500 Y139.296
G1 X105.546 Y139.930
G1 X105.685 Y140.531
G1 X105.833 Y140.744
G0 Z5.000 F500.000
G0 X109.285 Y140.526 F3000.000
G1 Z1.000 F500.000
G4 P100
G1 X109.400 Y140.756 F1000.000
G1 X109.700 Y140.841
G1 X109.853 Y140.799
G1 X109.910 Y140.446
G1 X110.225 Y140.734
G1 X110.555 Y140.821
G1 X110.809 Y140.765
G1 X111.013 Y140.596
G1 X111.146 Y140.336
G1 X111.190 Y140.006
G1 X111.105 Y139.491
G1 X110.870 Y139.036
G1 X111.045 Y139.006
G1 X111.360 Y139.126
G1 X111.880 Y139.596
G1 X111.983 Y139.536
G1 X112.020 Y139.371
G1 X111.925 Y139.061
G1 X111.463 Y138.626
G1 X111.198 Y138.499
G1 X110.660 Y138.504
G1 X110.470 Y138.646
G1 X109.875 Y138.456
G1 X109.769 Y137.571
G1 X109.580 Y136.844
G1 X109.296 Y136.358
G1 X108.905 Y136.196
G1 X108.670 Y136.245
G1 X108.505 Y136.391
G1 X108.375 Y136.931
G1 X108.600 Y138.074
G1 X109.295 Y139.511
G1 X109.285 Y140.526
G0 Z5.000 F500.000
G0 X109.905 Y139.291 F3000.000
G1 Z1.000 F500.000
G4 P100
G1 X109.900 Y138.936 F1000.000
G1 X110.233 Y139.134
G1 X110.475 Y139.524
G1 X110.565 Y140.011
G1 X110.505 Y140.239
G1 X110.345 Y140.316
G1 X110.146 Y140.221
G1 X109.910 Y139.936
G1 X109.905 Y139.291
G0 Z5.000 F500.000
G0 X109.285 Y138.736 F3000.000
G1 Z1.000 F500.000
G4 P100
G1 X108.945 Y137.781 F1000.000
G1 X108.820 Y137.016
G1 X108.858 Y136.771
G1 X108.945 Y136.686
G1 X109.069 Y136.833
G1 X109.170 Y137.274
G1 X109.285 Y138.736
G0 Z5.000 F500.000
G0 X111.650 Y138.986 F3000.000
G1 Z1.000 F500.000
G4 P100
G1 X111.540 Y139.506 F1000.000
G1 X111.685 Y140.184
G1 X111.858 Y140.449
G1 X112.354 Y140.774
G1 X112.650 Y140.816
G1 X112.993 Y140.751
G1 X113.263 Y140.554
G1 X113.447 Y140.261
G1 X113.535 Y139.906
G1 X114.165 Y140.016
G1 X114.265 Y139.951
G1 X114.264 Y139.595
G1 X114.155 Y139.501
G1 X113.495 Y139.381
G1 X113.354 Y139.003
G1 X113.120 Y138.709
G1 X112.821 Y138.519
G1 X112.207 Y138.493
G1 X111.973 Y138.601
G1 X111.650 Y138.986
G0 Z5.000 F500.000
G0 X112.273 Y139.131 F3000.000
G1 Z1.000 F500.000
G4 P100
G1 X112.525 Y138.986 F1000.000
G1 X112.803 Y139.116
G1 X112.960 Y139.491
G1 X112.723 Y139.766
G1 X112.655 Y140.286
G1 X112.453 Y140.238
G1 X112.298 Y140.094
G1 X112.198 Y139.862
G1 X112.165 Y139.551
G1 X112.273 Y139.131
G0 Z5.000 F500.000
G0 X113.880 Y139.296 F3000.000
G1 Z1.000 F500.000
G4 P100
G1 X114.065 Y140.531 F1000.000
G1 X114.213 Y140.744
G1 X114.500 Y140.811
G1 X114.640 Y140.786
G1 X114.680 Y140.691
G1 X114.475 Y139.611
G1 X114.845 Y140.311
G1 X115.248 Y140.696
G1 X115.610 Y140.811
G1 X115.854 Y140.730
G1 X115.935 Y140.486
G1 X115.881 Y139.790
G1 X115.975 Y139.746
G1 X116.470 Y140.031
G1 X116.573 Y139.974
G1 X116.610 Y139.821
G1 X116.510 Y139.531
G1 X116.183 Y139.284
G1 X115.785 Y139.181
G1 X115.552 Y139.215
G1 X115.279 Y139.475
G1 X115.215 Y140.046
G1 X115.018 Y139.879
G1 X114.775 Y139.436
G1 X114.453 Y138.539
G1 X114.225 Y138.456
G1 X114.063 Y138.506
G1 X113.958 Y138.656
G1 X113.880 Y139.296
G0 Z5.000 F500.000
G0 X116.409 Y139.263 F3000.000
G1 Z1.000 F500.000
G4 P100
G1 X116.360 Y140.336 F1000.000
G1 X115.963 Y140.391
G1 X115.910 Y140.566
G1 X115.966 Y140.776
G1 X116.420 Y140.846
G1 X116.680 Y141.851
G1 X117.103 Y142.576
G1 X117.359 Y142.779
G1 X117.635 Y142.846
G1 X117.823 Y142.800
G1 X117.965 Y142.661
G1 X118.085 Y142.196
G1 X118.044 Y141.821
G1 X117.923 Y141.471
G1 X117.435 Y140.846
G1 X118.110 Y140.811
G1 X118.110 Y140.530
G1 X118.004 Y140.423
G1 X117.580 Y140.336
G1 X116.970 Y140.336
G1 X116.991 Y139.504
G1 X117.083 Y139.216
G1 X117.241 Y139.059
G1 X117.470 Y139.006
G1 X117.850 Y139.136
G1 X118.375 Y139.596
G1 X118.478 Y139.536
G1 X118.515 Y139.371
G1 X118.420 Y139.061
G1 X117.950 Y138.626
G1 X117.365 Y138.456
G1 X116.919 Y138.546
G1 X116.600 Y138.815
G1 X116.409 Y139.263
G0 Z5.000 F500.000
G0 X117.020 Y140.921 F3000.000
G1 Z1.000 F500.000
G4 P100
G1 X117.463 Y141.494 F1000.000
G1 X117.610 Y142.071
G1 X117.583 Y142.293
G1 X117.500 Y142.366
G1 X117.333 Y142.179
G1 X117.158 Y141.659
G1 X117.020 Y140.921
G0 Z5.000 F500.000
G0 X118.353 Y140.431 F3000.000
G1 Z1.000 F500.000
G4 P100
G1 X118.857 Y140.768 F1000.000
G1 X119.426 Y140.768
G1 X119.630 Y140.639
G1 X119.761 Y140.436
G1 X119.805 Y140.171
G1 X119.743 Y139.851
G1 X119.558 Y139.579
G1 X119.224 Y139.357
G1 X118.720 Y139.186
G1 X118.901 Y139.014
G1 X119.195 Y138.956
G1 X119.708 Y139.114
G1 X120.340 Y139.596
G1 X120.443 Y139.536
G1 X120.480 Y139.371
G1 X120.385 Y139.061
G1 X119.863 Y138.646
G1 X119.513 Y138.504
G1 X119.140 Y138.456
G1 X118.674 Y138.528
G1 X118.325 Y138.741
G1 X118.108 Y139.079
G1 X118.035 Y139.521
G1 X118.180 Y140.164
G1 X118.353 Y140.431
G0 Z5.000 F500.000
G0 X118.768 Y140.106 F3000.000
G1 Z1.000 F500.000
G4 P100
G1 X118.640 Y139.586 F1000.000
G1 X119.105 Y139.786
G1 X119.275 Y140.111
G1 X119.223 Y140.264
G1 X119.080 Y140.321
G1 X118.909 Y140.268
G1 X118.768 Y140.106
G0 Z5.000 F500.000
G0 X120.131 Y139.930 F3000.000
G1 Z1.000 F500.000
G4 P100
G1 X120.270 Y140.531 F1000.000
G1 X120.418 Y140.744
G1 X120.705 Y140.811
G1 X120.845 Y140.786
G1 X120.885 Y140.691
G1 X120.680 Y139.611
G1 X121.050 Y140.311
G1 X121.453 Y140.696
G1 X121.815 Y140.811
G1 X122.059 Y140.730
G1 X122.140 Y140.486
G1 X122.086 Y139.790
G1 X122.180 Y139.746
G1 X122.675 Y140.031
G1 X122.778 Y139.974
G1 X122.815 Y139.821
G1 X122.715 Y139.531
G1 X122.388 Y139.284
G1 X121.990 Y139.181
G1 X121.757 Y139.215
G1 X121.484 Y139.475
G1 X121.420 Y140.046
G1 X121.223 Y139.879
G1 X120.980 Y139.436
G1 X120.658 Y138.539
G1 X120.430 Y138.456
G1 X120.268 Y138.506
G1 X120.163 Y138.656
G1 X120.085 Y139.296
G1 X120.131 Y139.930
G0 Z5.000 F500.000
G0 X123.380 Y138.931 F3000.000
G1 Z1.000 F500.000
G4 P100
G1 X123.930 Y139.756 F1000.000
G1 X124.355 Y140.646
G1 X124.501 Y140.811
G1 X124.750 Y140.866
G1 X124.945 Y140.841
G1 X125.000 Y140.761
G1 X124.835 Y140.231
G1 X125.293 Y139.484
G1 X125.365 Y139.021
G1 X126.075 Y139.596
G1 X126.178 Y139.536
G1 X126.215 Y139.371
G1 X126.120 Y139.061
G1 X125.643 Y138.639
G1 X124.605 Y138.346
G1 X124.208 Y138.466
G1 X124.070 Y138.736
G1 X124.165 Y138.961
G1 X124.445 Y139.056
G1 X124.730 Y139.026
G1 X124.673 Y139.271
G1 X124.390 Y139.681
G1 X123.750 Y138.821
G1 X123.560 Y138.731
G1 X123.430 Y138.789
G1 X123.380 Y138.931
G0 Z5.000 F500.000
G0 X125.835 Y138.951 F3000.000
G1 Z1.000 F500.000
G4 P100
G1 X126.003 Y141.211 F1000.000
G1 X126.198 Y141.979
G1 X126.468 Y142.614
G1 X126.806 Y143.039
G1 X127.205 Y143.181
G1 X127.413 Y143.132
G1 X127.684 Y142.757
G1 X127.646 Y141.957
G1 X127.425 Y141.424
G1 X126.465 Y140.156
G1 X126.450 Y139.621
G1 X126.818 Y140.314
G1 X127.218 Y140.696
G1 X127.580 Y140.811
G1 X127.824 Y140.730
G1 X127.905 Y140.486
G1 X127.700 Y139.206
G1 X127.736 Y139.056
G1 X127.845 Y139.006
G1 X128.083 Y139.129
G1 X128.585 Y139.596
G1 X128.688 Y139.536
G1 X128.725 Y139.371
G1 X128.630 Y139.061
G1 X128.158 Y138.626
G1 X127.898 Y138.499
G1 X127.381 Y138.493
G1 X127.123 Y138.784
G1 X127.090 Y139.031
G1 X127.225 Y139.966
G1 X127.170 Y140.046
G1 X126.985 Y139.879
G1 X126.745 Y139.436
G1 X126.385 Y138.556
G1 X126.080 Y138.456
G1 X125.883 Y138.564
G1 X125.835 Y138.951
G0 Z5.000 F500.000
G0 X126.520 Y140.781 F3000.000
G1 Z1.000 F500.000
G4 P100
G1 X127.033 Y141.576 F1000.000
G1 X127.184 Y141.986
G1 X127.235 Y142.356
G1 X127.200 Y142.601
G1 X127.100 Y142.686
G1 X126.900 Y142.429
G1 X126.688 Y141.734
G1 X126.520 Y140.781
G0 Z5.000 F500.000
G0 X128.563 Y140.449 F3000.000
G1 Z1.000 F500.000
G4 P100
G1 X129.059 Y140.774 F1000.000
G1 X129.355 Y140.816
G1 X129.698 Y140.751
G1 X129.968 Y140.554
G1 X130.152 Y140.261
G1 X130.240 Y139.906
G1 X130.870 Y140.016
G1 X130.970 Y139.951
G1 X130.969 Y139.595
G1 X130.860 Y139.501
G1 X130.200 Y139.381
G1 X130.059 Y139.003
G1 X129.825 Y138.709
G1 X129.526 Y138.519
G1 X128.912 Y138.493
G1 X128.678 Y138.601
G1 X128.355 Y138.986
G1 X128.245 Y139.506
G1 X128.390 Y140.184
G1 X128.563 Y140.449
G0 Z5.000 F500.000
G0 X128.903 Y139.862 F3000.000
G1 Z1.000 F500.000
G4 P100
G1 X128.870 Y139.551 F1000.000
G1 X128.978 Y139.131
G1 X129.230 Y138.986
G1 X129.508 Y139.116
G1 X129.665 Y139.491
G1 X129.428 Y139.766
G1 X129.360 Y140.286
G1 X129.158 Y140.238
G1 X129.003 Y140.094
G1 X128.903 Y139.862
G0 Z5.000 F500.000
G0 X130.625 Y139.869 F3000.000
G1 Z1.000 F500.000
G4 P100
G1 X130.790 Y140.531 F1000.000
G1 X130.930 Y140.746
G1 X131.368 Y140.776
G1 X131.410 Y140.671
G1 X131.175 Y139.366
G1 X131.280 Y139.176
G1 X131.468 Y139.326
G1 X131.708 Y139.781
G1 X132.078 Y140.746
G1 X132.485 Y140.784
G1 X132.530 Y140.681
G1 X132.265 Y139.206
G1 X132.305 Y139.059
G1 X132.410 Y139.006
G1 X132.648 Y139.129
G1 X133.150 Y139.596
G1 X133.253 Y139.536
G1 X133.290 Y139.371
G1 X133.195 Y139.061
G1 X132.733 Y138.626
G1 X132.468 Y138.499
G1 X131.962 Y138.503
G1 X131.818 Y138.641
G1 X131.705 Y139.161
G1 X131.450 Y138.639
G1 X131.085 Y138.456
G1 X130.881 Y138.508
G1 X130.611 Y138.897
G1 X130.625 Y139.869
G0 Z5.000 F500.000
G0 X132.973 Y139.315 F3000.000
G1 Z1.000 F500.000
G4 P100
G1 X132.920 Y139.891 F1000.000
G1 X133.078 Y141.281
G1 X133.273 Y142.006
G1 X133.543 Y142.621
G1 X133.879 Y143.041
G1 X134.275 Y143.181
G1 X134.489 Y143.126
G1 X134.653 Y142.959
G1 X134.756 Y142.688
G1 X134.790 Y142.321
G1 X134.708 Y141.679
G1 X134.460 Y140.941
G1 X134.071 Y140.160
G1 X133.565 Y139.386
G1 X133.680 Y139.094
G1 X133.890 Y139.006
G1 X134.250 Y139.124
G1 X134.780 Y139.596
G1 X134.883 Y139.536
G1 X134.920 Y139.371
G1 X134.825 Y139.061
G1 X134.358 Y138.626
G1 X133.785 Y138.456
G1 X133.402 Y138.556
G1 X133.133 Y138.856
G1 X132.973 Y139.315
G0 Z5.000 F500.000
G0 X133.530 Y140.061 F3000.000
G1 Z1.000 F500.000
G4 P100
G1 X134.095 Y141.234 F1000.000
G1 X134.253 Y141.796
G1 X134.305 Y142.306
G1 X134.270 Y142.591
G1 X134.165 Y142.686
G1 X133.905 Y142.271
G1 X133.650 Y141.241
G1 X133.530 Y140.061
G0 Z5.000 F500.000
G0 X134.822 Y140.330 F3000.000
G1 Z1.000 F500.000
G4 P100
G1 X135.403 Y140.752 F1000.000
G1 X135.755 Y140.836
G1 X135.893 Y141.736
G1 X136.118 Y142.494
G1 X136.427 Y143.009
G1 X136.613 Y143.138
G1 X137.017 Y143.133
G1 X137.178 Y142.986
G1 X137.284 Y142.741
G1 X137.251 Y141.789
G1 X137.045 Y141.086
G1 X136.310 Y139.546
G1 X136.398 Y139.131
G1 X136.570 Y139.006
G1 X136.845 Y139.126
G1 X137.355 Y139.596
G1 X137.458 Y139.536
G1 X137.495 Y139.371
G1 X137.400 Y139.061
G1 X136.706 Y138.501
G1 X136.465 Y138.456
G1 X136.130 Y138.568
G1 X135.885 Y138.901
G1 X135.518 Y138.546
G1 X135.150 Y138.456
G1 X134.872 Y138.513
G1 X134.648 Y138.684
G1 X134.499 Y138.946
G1 X134.450 Y139.276
G1 X134.493 Y139.662
G1 X134.822 Y140.330
G0 Z5.000 F500.000
G0 X135.121 Y139.656 F3000.000
G1 Z1.000 F500.000
G4 P100
G1 X135.075 Y139.326 F1000.000
G1 X135.138 Y139.053
G1 X135.325 Y138.961
G1 X135.515 Y139.039
G1 X135.755 Y139.326
G1 X135.715 Y140.321
G1 X135.463 Y140.187
G1 X135.121 Y139.656
G0 Z5.000 F500.000
G0 X136.315 Y140.331 F3000.000
G1 Z1.000 F500.000
G4 P100
G1 X136.735 Y141.431 F1000.000
G1 X136.875 Y142.291
G1 X136.765 Y142.691
G1 X136.575 Y142.354
G1 X136.315 Y140.331
G0 Z5.000 F500.000
G0 X22.980 Y129.724 F3000.000
G1 Z1.000 F500.000
G4 P100
G1 X22.880 Y129.434 F1000.000
G1 X22.553 Y129.187
G1 X22.155 Y129.084
G1 X21.922 Y129.118
G1 X21.649 Y129.378
G1 X21.585 Y129.949
G1 X21.387 Y129.782
G1 X21.145 Y129.339
G1 X20.822 Y128.442
G1 X20.595 Y128.359
G1 X20.433 Y128.409
G1 X20.328 Y128.559
G1 X20.250 Y129.199
G1 X20.296 Y129.833
G1 X20.435 Y130.434
G1 X20.582 Y130.647
G1 X20.870 Y130.714
G1 X21.010 Y130.689
G1 X21.050 Y130.594
G1 X20.845 Y129.514
G1 X21.215 Y130.214
G1 X21.617 Y130.599
G1 X21.980 Y130.714
G1 X22.224 Y130.633
G1 X22.305 Y130.389
G1 X22.251 Y129.693
G1 X22.345 Y129.649
G1 X22.840 Y129.934
G1 X22.943 Y129.877
G1 X22.980 Y129.724
G0 Z5.000 F500.000
G0 X23.172 Y130.009 F3000.000
G1 Z1.000 F500.000
G4 P100
G1 X23.045 Y129.489 F1000.000
G1 X23.510 Y129.689
G1 X23.680 Y130.014
G1 X23.628 Y130.167
G1 X23.485 Y130.224
G1 X23.314 Y130.171
G1 X23.172 Y130.009
G0 Z5.000 F500.000
G0 X22.988 Y130.539 F3000.000
G1 Z1.000 F500.000
G4 P100
G1 X23.262 Y130.671 F1000.000
G1 X23.831 Y130.671
G1 X24.035 Y130.542
G1 X24.166 Y130.339
G1 X24.210 Y130.074
G1 X24.148 Y129.754
G1 X23.962 Y129.482
G1 X23.629 Y129.260
G1 X23.125 Y129.089
G1 X23.306 Y128.917
G1 X23.600 Y128.859
G1 X24.113 Y129.017
G1 X24.745 Y129.499
G1 X24.848 Y129.439
G1 X24.885 Y129.274
G1 X24.790 Y128.964
G1 X24.267 Y128.549
G1 X23.918 Y128.407
G1 X23.545 Y128.359
G1 X23.079 Y128.431
G1 X22.730 Y128.644
G1 X22.512 Y128.982
G1 X22.440 Y129.424
G1 X22.585 Y130.067
G1 X22.988 Y130.539
G0 Z5.000 F500.000
G0 X24.555 Y130.429 F3000.000
G1 Z1.000 F500.000
G4 P100
G1 X24.670 Y130.659 F1000.000
G1 X24.970 Y130.744
G1 X25.122 Y130.702
G1 X25.180 Y130.349
G1 X25.495 Y130.637
G1 X25.825 Y130.724
G1 X26.079 Y130.668
G1 X26.282 Y130.499
G1 X26.416 Y130.239
G1 X26.460 Y129.909
G1 X26.375 Y129.394
G1 X26.140 Y128.939
G1 X26.315 Y128.909
G1 X26.630 Y129.029
G1 X27.150 Y129.499
G1 X27.252 Y129.439
G1 X27.290 Y129.274
G1 X27.195 Y128.964
G1 X26.733 Y128.529
G1 X26.468 Y128.402
G1 X25.930 Y128.407
G1 X25.740 Y128.549
G1 X25.145 Y128.359
G1 X25.039 Y127.474
G1 X24.850 Y126.747
G1 X24.566 Y126.261
G1 X24.175 Y126.099
G1 X23.940 Y126.148
G1 X23.775 Y126.294
G1 X23.645 Y126.834
G1 X23.870 Y127.977
G1 X24.565 Y129.414
G1 X24.555 Y130.429
G0 Z5.000 F500.000
G0 X25.175 Y129.194 F3000.000
G1 Z1.000 F500.000
G4 P100
G1 X25.170 Y128.839 F1000.000
G1 X25.503 Y129.037
G1 X25.745 Y129.427
G1 X25.835 Y129.914
G1 X25.775 Y130.142
G1 X25.615 Y130.219
G1 X25.416 Y130.124
G1 X25.180 Y129.839
G1 X25.175 Y129.194
G0 Z5.000 F500.000
G0 X24.555 Y128.639 F3000.000
G1 Z1.000 F500.000
G4 P100
G1 X24.215 Y127.684 F1000.000
G1 X24.090 Y126.919
G1 X24.128 Y126.674
G1 X24.215 Y126.589
G1 X24.339 Y126.736
G1 X24.440 Y127.177
G1 X24.555 Y128.639
G0 Z5.000 F500.000
G0 X26.920 Y128.889 F3000.000
G1 Z1.000 F500.000
G4 P100
G1 X26.810 Y129.409 F1000.000
G1 X26.955 Y130.087
G1 X27.127 Y130.352
G1 X27.624 Y130.677
G1 X27.920 Y130.719
G1 X28.263 Y130.654
G1 X28.532 Y130.457
G1 X28.717 Y130.164
G1 X28.805 Y129.809
G1 X29.435 Y129.919
G1 X29.535 Y129.854
G1 X29.534 Y129.498
G1 X29.425 Y129.404
G1 X28.765 Y129.284
G1 X28.624 Y128.906
G1 X28.390 Y128.612
G1 X28.091 Y128.422
G1 X27.477 Y128.396
G1 X27.242 Y128.504
G1 X26.920 Y128.889
G0 Z5.000 F500.000
G0 X27.542 Y129.034 F3000.000
G1 Z1.000 F500.000
G4 P100
G1 X27.795 Y128.889 F1000.000
G1 X28.072 Y129.019
G1 X28.230 Y129.394
G1 X27.992 Y129.669
G1 X27.925 Y130.189
G1 X27.723 Y130.141
G1 X27.567 Y129.997
G1 X27.468 Y129.765
G1 X27.435 Y129.454
G1 X27.542 Y129.034
G0 Z5.000 F500.000
G0 X29.150 Y129.199 F3000.000
G1 Z1.000 F500.000
G4 P100
G1 X29.335 Y130.434 F1000.000
G1 X29.482 Y130.647
G1 X29.770 Y130.714
G1 X29.910 Y130.689
G1 X29.950 Y130.594
G1 X29.745 Y129.514
G1 X30.115 Y130.214
G1 X30.517 Y130.599
G1 X30.880 Y130.714
G1 X31.124 Y130.633
G1 X31.205 Y130.389
G1 X31.151 Y129.693
G1 X31.245 Y129.649
G1 X31.740 Y129.934
G1 X31.843 Y129.877
G1 X31.880 Y129.724
G1 X31.780 Y129.434
G1 X31.453 Y129.187
G1 X31.055 Y129.084
G1 X30.822 Y129.118
G1 X30.549 Y129.378
G1 X30.485 Y129.949
G1 X30.288 Y129.782
G1 X30.045 Y129.339
G1 X29.722 Y128.442
G1 X29.495 Y128.359
G1 X29.333 Y128.409
G1 X29.227 Y128.559
G1 X29.150 Y129.199
G0 Z5.000 F500.000
G0 X31.679 Y129.166 F3000.000
G1 Z1.000 F500.000
G4 P100
G1 X31.630 Y130.239 F1000.000
G1 X31.232 Y130.294
G1 X31.180 Y130.469
G1 X31.236 Y130.679
G1 X31.690 Y130.749
G1 X31.950 Y131.754
G1 X32.372 Y132.479
G1 X32.629 Y132.682
G1 X32.905 Y132.749
G1 X33.093 Y132.703
G1 X33.235 Y132.564
G1 X33.355 Y132.099
G1 X33.314 Y131.724
G1 X33.192 Y131.374
G1 X32.705 Y130.749
G1 X33.380 Y130.714
G1 X33.380 Y130.433
G1 X33.274 Y130.326
G1 X32.850 Y130.239
G1 X32.240 Y130.239
G1 X32.261 Y129.407
G1 X32.352 Y129.119
G1 X32.511 Y128.962
G1 X32.740 Y128.909
G1 X33.120 Y129.039
G1 X33.645 Y129.499
G1 X33.747 Y129.439
G1 X33.785 Y129.274
G1 X33.690 Y128.964
G1 X33.220 Y128.529
G1 X32.635 Y128.359
G1 X32.189 Y128.449
G1 X31.870 Y128.718
G1 X31.679 Y129.166
G0 Z5.000 F500.000
G0 X32.290 Y130.824 F3000.000
G1 Z1.000 F500.000
G4 P100
G1 X32.732 Y131.397 F1000.000
G1 X32.880 Y131.974
G1 X32.852 Y132.196
G1 X32.770 Y132.269
G1 X32.602 Y132.082
G1 X32.427 Y131.562
G1 X32.290 Y130.824
G0 Z5.000 F500.000
G0 X34.526 Y130.679 F3000.000
G1 Z1.000 F500.000
G4 P100
G1 X34.980 Y130.749 F1000.000
G1 X35.240 Y131.754
G1 X35.662 Y132.479
G1 X35.919 Y132.682
G1 X36.195 Y132.749
G1 X36.382 Y132.703
G1 X36.525 Y132.564
G1 X36.645 Y132.099
G1 X36.604 Y131.724
G1 X36.482 Y131.374
G1 X35.995 Y130.749
G1 X36.670 Y130.714
G1 X36.670 Y130.433
G1 X36.564 Y130.326
G1 X36.140 Y130.239
G1 X35.530 Y130.239
G1 X35.551 Y129.407
G1 X35.642 Y129.119
G1 X35.801 Y128.962
G1 X36.030 Y128.909
G1 X36.410 Y129.039
G1 X36.935 Y129.499
G1 X37.037 Y129.439
G1 X37.075 Y129.274
G1 X36.980 Y128.964
G1 X36.510 Y128.529
G1 X36.236 Y128.402
G1 X35.925 Y128.359
G1 X35.479 Y128.449
G1 X35.160 Y128.718
G1 X34.969 Y129.166
G1 X34.920 Y130.239
G1 X34.522 Y130.294
G1 X34.470 Y130.469
G1 X34.526 Y130.679
G0 Z5.000 F500.000
G0 X35.580 Y130.824 F3000.000
G1 Z1.000 F500.000
G4 P100
G1 X36.022 Y131.397 F1000.000
G1 X36.170 Y131.974
G1 X36.142 Y132.196
G1 X36.060 Y132.269
G1 X35.892 Y132.082
G1 X35.718 Y131.562
G1 X35.580 Y130.824
G0 Z5.000 F500.000
G0 X36.862 Y131.114 F3000.000
G1 Z1.000 F500.000
G4 P100
G1 X37.057 Y131.882 F1000.000
G1 X37.328 Y132.517
G1 X37.666 Y132.942
G1 X38.065 Y133.084
G1 X38.273 Y133.035
G1 X38.544 Y132.660
G1 X38.506 Y131.860
G1 X38.285 Y131.327
G1 X37.325 Y130.059
G1 X37.310 Y129.524
G1 X37.677 Y130.217
G1 X38.077 Y130.599
G1 X38.440 Y130.714
G1 X38.684 Y130.633
G1 X38.765 Y130.389
G1 X38.560 Y129.109
G1 X38.596 Y128.959
G1 X38.705 Y128.909
G1 X38.942 Y129.032
G1 X39.445 Y129.499
G1 X39.547 Y129.439
G1 X39.585 Y129.274
G1 X39.490 Y128.964
G1 X39.017 Y128.529
G1 X38.758 Y128.402
G1 X38.241 Y128.396
G1 X37.982 Y128.687
G1 X37.950 Y128.934
G1 X38.085 Y129.869
G1 X38.030 Y129.949
G1 X37.845 Y129.782
G1 X37.605 Y129.339
G1 X37.245 Y128.459
G1 X36.940 Y128.359
G1 X36.742 Y128.467
G1 X36.705 Y129.509
G1 X36.862 Y131.114
G0 Z5.000 F500.000
G0 X37.380 Y130.684 F3000.000
G1 Z1.000 F500.000
G4 P100
G1 X37.892 Y131.479 F1000.000
G1 X38.044 Y131.889
G1 X38.095 Y132.259
G1 X38.060 Y132.504
G1 X37.960 Y132.589
G1 X37.760 Y132.332
G1 X37.547 Y131.637
G1 X37.380 Y130.684
G0 Z5.000 F500.000
G0 X39.423 Y130.334 F3000.000
G1 Z1.000 F500.000
G4 P100
G1 X39.927 Y130.671 F1000.000
G1 X40.496 Y130.671
G1 X40.700 Y130.542
G1 X40.831 Y130.339
G1 X40.875 Y130.074
G1 X40.813 Y129.754
G1 X40.627 Y129.482
G1 X40.294 Y129.260
G1 X39.790 Y129.089
G1 X39.971 Y128.917
G1 X40.265 Y128.859
G1 X40.777 Y129.017
G1 X41.410 Y129.499
G1 X41.512 Y129.439
G1 X41.550 Y129.274
G1 X41.455 Y128.964
G1 X40.932 Y128.549
G1 X40.583 Y128.407
G1 X40.210 Y128.359
G1 X39.744 Y128.431
G1 X39.395 Y128.644
G1 X39.177 Y128.982
G1 X39.105 Y129.424
G1 X39.250 Y130.067
G1 X39.423 Y130.334
G0 Z5.000 F500.000
G0 X39.837 Y130.009 F3000.000
G1 Z1.000 F500.000
G4 P100
G1 X39.710 Y129.489 F1000.000
G1 X40.175 Y129.689
G1 X40.345 Y130.014
G1 X40.292 Y130.167
G1 X40.150 Y130.224
G1 X39.979 Y130.171
G1 X39.837 Y130.009
G0 Z5.000 F500.000
G0 X41.201 Y129.833 F3000.000
G1 Z1.000 F500.000
G4 P100
G1 X41.340 Y130.434 F1000.000
G1 X41.487 Y130.647
G1 X41.775 Y130.714
G1 X41.915 Y130.689
G1 X41.955 Y130.594
G1 X41.750 Y129.519
G1 X42.072 Y130.179
G1 X42.457 Y130.582
G1 X42.830 Y130.714
G1 X43.078 Y130.634
G1 X43.150 Y130.389
G1 X43.000 Y129.539
G1 X43.264 Y130.071
G1 X43.555 Y130.434
G1 X43.850 Y130.644
G1 X44.125 Y130.714
G1 X44.369 Y130.633
G1 X44.450 Y130.389
G1 X44.245 Y129.109
G1 X44.281 Y128.959
G1 X44.390 Y128.909
G1 X44.627 Y129.032
G1 X45.130 Y129.499
G1 X45.233 Y129.439
G1 X45.270 Y129.274
G1 X45.175 Y128.964
G1 X44.712 Y128.529
G1 X44.448 Y128.402
G1 X43.926 Y128.396
G1 X43.668 Y128.687
G1 X43.635 Y128.934
G1 X43.770 Y129.869
G1 X43.715 Y129.949
G1 X43.530 Y129.782
G1 X43.290 Y129.339
G1 X42.968 Y128.439
G1 X42.735 Y128.359
G1 X42.487 Y128.517
G1 X42.405 Y128.899
G1 X42.495 Y129.869
G1 X42.440 Y129.949
G1 X42.250 Y129.769
G1 X42.027 Y129.309
G1 X41.727 Y128.442
G1 X41.500 Y128.359
G1 X41.338 Y128.409
G1 X41.233 Y128.559
G1 X41.155 Y129.199
G1 X41.201 Y129.833
G0 Z5.000 F500.000
G0 X45.895 Y128.834 F3000.000
G1 Z1.000 F500.000
G4 P100
G1 X46.445 Y129.659 F1000.000
G1 X46.870 Y130.549
G1 X47.016 Y130.714
G1 X47.265 Y130.769
G1 X47.460 Y130.744
G1 X47.515 Y130.664
G1 X47.350 Y130.134
G1 X47.808 Y129.387
G1 X47.880 Y128.924
G1 X48.590 Y129.499
G1 X48.693 Y129.439
G1 X48.730 Y129.274
G1 X48.635 Y128.964
G1 X48.157 Y128.542
G1 X47.120 Y128.249
G1 X46.722 Y128.369
G1 X46.585 Y128.639
G1 X46.680 Y128.864
G1 X46.960 Y128.959
G1 X47.245 Y128.929
G1 X47.188 Y129.174
G1 X46.905 Y129.584
G1 X46.265 Y128.724
G1 X46.075 Y128.634
G1 X45.945 Y128.692
G1 X45.895 Y128.834
G0 Z5.000 F500.000
G0 X48.322 Y128.982 F3000.000
G1 Z1.000 F500.000
G4 P100
G1 X48.250 Y129.424 F1000.000
G1 X48.395 Y130.067
G1 X48.797 Y130.539
G1 X49.380 Y130.714
G1 X49.641 Y130.671
G1 X49.845 Y130.542
G1 X49.976 Y130.339
G1 X50.020 Y130.074
G1 X49.958 Y129.754
G1 X49.773 Y129.482
G1 X49.439 Y129.260
G1 X48.935 Y129.089
G1 X49.116 Y128.917
G1 X49.410 Y128.859
G1 X49.922 Y129.017
G1 X50.555 Y129.499
G1 X50.657 Y129.439
G1 X50.695 Y129.274
G1 X50.600 Y128.964
G1 X50.078 Y128.549
G1 X49.355 Y128.359
G1 X48.889 Y128.431
G1 X48.540 Y128.644
G1 X48.322 Y128.982
G0 Z5.000 F500.000
G0 X48.855 Y129.489 F3000.000
G1 Z1.000 F500.000
G4 P100
G1 X49.320 Y129.689 F1000.000
G1 X49.448 Y129.841
G1 X49.438 Y130.167
G1 X49.295 Y130.224
G1 X49.124 Y130.171
G1 X48.983 Y130.009
G1 X48.855 Y129.489
G0 Z5.000 F500.000
G0 X50.365 Y130.429 F3000.000
G1 Z1.000 F500.000
G4 P100
G1 X50.480 Y130.659 F1000.000
G1 X50.780 Y130.744
G1 X50.933 Y130.702
G1 X50.990 Y130.349
G1 X51.305 Y130.637
G1 X51.635 Y130.724
G1 X51.889 Y130.668
G1 X52.093 Y130.499
G1 X52.226 Y130.239
G1 X52.270 Y129.909
G1 X52.185 Y129.394
G1 X51.950 Y128.939
G1 X52.125 Y128.909
G1 X52.440 Y129.029
G1 X52.960 Y129.499
G1 X53.062 Y129.439
G1 X53.100 Y129.274
G1 X53.005 Y128.964
G1 X52.543 Y128.529
G1 X52.278 Y128.402
G1 X51.740 Y128.407
G1 X51.550 Y128.549
G1 X50.955 Y128.359
G1 X50.849 Y127.474
G1 X50.660 Y126.747
G1 X50.376 Y126.261
G1 X49.985 Y126.099
G1 X49.750 Y126.148
G1 X49.585 Y126.294
G1 X49.455 Y126.834
G1 X49.680 Y127.977
G1 X50.375 Y129.414
G1 X50.365 Y130.429
G0 Z5.000 F500.000
G0 X50.985 Y129.194 F3000.000
G1 Z1.000 F500.000
G4 P100
G1 X50.980 Y128.839 F1000.000
G1 X51.312 Y129.037
G1 X51.555 Y129.427
G1 X51.645 Y129.914
G1 X51.585 Y130.142
G1 X51.425 Y130.219
G1 X51.226 Y130.124
G1 X50.990 Y129.839
G1 X50.985 Y129.194
G0 Z5.000 F500.000
G0 X50.365 Y128.639 F3000.000
G1 Z1.000 F500.000
G4 P100
G1 X50.025 Y127.684 F1000.000
G1 X49.900 Y126.919
G1 X49.938 Y126.674
G1 X50.025 Y126.589
G1 X50.149 Y126.736
G1 X50.250 Y127.177
G1 X50.365 Y128.639
G0 Z5.000 F500.000
G0 X52.815 Y128.584 F3000.000
G1 Z1.000 F500.000
G4 P100
G1 X52.676 Y128.844 F1000.000
G1 X52.630 Y129.174
G1 X52.815 Y129.932
G1 X53.031 Y130.254
G1 X53.624 Y130.670
G1 X53.960 Y130.724
G1 X54.108 Y130.682
G1 X54.170 Y130.529
G1 X54.574 Y130.506
G1 X54.635 Y130.374
G1 X54.445 Y129.074
G1 X54.483 Y128.954
G1 X54.580 Y128.909
G1 X54.810 Y129.032
G1 X55.175 Y129.429
G1 X55.310 Y129.499
G1 X55.413 Y129.439
G1 X55.450 Y129.274
G1 X55.355 Y128.964
G1 X54.920 Y128.534
G1 X54.475 Y128.359
G1 X54.172 Y128.472
G1 X53.965 Y128.779
G1 X53.671 Y128.464
G1 X53.310 Y128.359
G1 X53.031 Y128.416
G1 X52.815 Y128.584
G0 Z5.000 F500.000
G0 X53.318 Y128.939 F3000.000
G1 Z1.000 F500.000
G4 P100
G1 X53.490 Y128.864 F1000.000
G1 X53.700 Y128.994
G1 X53.845 Y129.339
G1 X54.030 Y130.259
G1 X53.643 Y130.102
G1 X53.360 Y129.699
G1 X53.255 Y129.169
G1 X53.318 Y128.939
G0 Z5.000 F500.000
G0 X55.055 Y129.199 F3000.000
G1 Z1.000 F500.000
G4 P100
G1 X55.240 Y130.434 F1000.000
G1 X55.388 Y130.647
G1 X55.675 Y130.714
G1 X55.815 Y130.689
G1 X55.855 Y130.594
G1 X55.650 Y129.514
G1 X56.020 Y130.214
G1 X56.423 Y130.599
G1 X56.785 Y130.714
G1 X57.029 Y130.633
G1 X57.110 Y130.389
G1 X57.056 Y129.693
G1 X57.150 Y129.649
G1 X57.645 Y129.934
G1 X57.748 Y129.877
G1 X57.785 Y129.724
G1 X57.685 Y129.434
G1 X57.358 Y129.187
G1 X56.960 Y129.084
G1 X56.727 Y129.118
G1 X56.454 Y129.378
G1 X56.390 Y129.949
G1 X56.193 Y129.782
G1 X55.950 Y129.339
G1 X55.628 Y128.442
G1 X55.400 Y128.359
G1 X55.238 Y128.409
G1 X55.133 Y128.559
G1 X55.055 Y129.199
G0 Z5.000 F500.000
G0 X57.301 Y128.844 F3000.000
G1 Z1.000 F500.000
G4 P100
G1 X57.301 Y129.564 F1000.000
G1 X57.656 Y130.254
G1 X58.249 Y130.670
G1 X58.585 Y130.724
G1 X58.733 Y130.682
G1 X58.795 Y130.529
G1 X59.199 Y130.506
G1 X59.260 Y130.374
G1 X59.070 Y129.074
G1 X59.108 Y128.954
G1 X59.205 Y128.909
G1 X59.435 Y129.032
G1 X59.935 Y129.499
G1 X60.038 Y129.439
G1 X60.075 Y129.274
G1 X59.980 Y128.964
G1 X59.545 Y128.534
G1 X59.100 Y128.359
G1 X58.797 Y128.472
G1 X58.590 Y128.779
G1 X58.296 Y128.464
G1 X57.935 Y128.359
G1 X57.656 Y128.416
G1 X57.440 Y128.584
G1 X57.301 Y128.844
G0 Z5.000 F500.000
G0 X57.943 Y128.939 F3000.000
G1 Z1.000 F500.000
G4 P100
G1 X58.115 Y128.864 F1000.000
G1 X58.325 Y128.994
G1 X58.470 Y129.339
G1 X58.655 Y130.259
G1 X58.268 Y130.102
G1 X57.985 Y129.699
G1 X57.880 Y129.169
G1 X57.943 Y128.939
G0 Z5.000 F500.000
G0 X59.488 Y130.294 F3000.000
G1 Z1.000 F500.000
G4 P100
G1 X59.435 Y130.469 F1000.000
G1 X59.491 Y130.679
G1 X59.945 Y130.749
G1 X60.205 Y131.754
G1 X60.628 Y132.479
G1 X60.884 Y132.682
G1 X61.160 Y132.749
G1 X61.348 Y132.703
G1 X61.490 Y132.564
G1 X61.610 Y132.099
G1 X61.569 Y131.724
G1 X61.448 Y131.374
G1 X60.960 Y130.749
G1 X61.635 Y130.714
G1 X61.635 Y130.433
G1 X61.529 Y130.326
G1 X61.105 Y130.239
G1 X60.495 Y130.239
G1 X60.516 Y129.407
G1 X60.608 Y129.119
G1 X60.766 Y128.962
G1 X60.995 Y128.909
G1 X61.375 Y129.039
G1 X61.900 Y129.499
G1 X62.003 Y129.439
G1 X62.040 Y129.274
G1 X61.945 Y128.964
G1 X61.475 Y128.529
G1 X61.201 Y128.402
G1 X60.890 Y128.359
G1 X60.444 Y128.449
G1 X60.125 Y128.718
G1 X59.934 Y129.166
G1 X59.885 Y130.239
G1 X59.488 Y130.294
G0 Z5.000 F500.000
G0 X60.545 Y130.824 F3000.000
G1 Z1.000 F500.000
G4 P100
G1 X60.988 Y131.397 F1000.000
G1 X61.135 Y131.974
G1 X61.108 Y132.196
G1 X61.025 Y132.269
G1 X60.858 Y132.082
G1 X60.683 Y131.562
G1 X60.545 Y130.824
G0 Z5.000 F500.000
G0 X61.878 Y130.334 F3000.000
G1 Z1.000 F500.000
G4 P100
G1 X62.382 Y130.671 F1000.000
G1 X62.951 Y130.671
G1 X63.155 Y130.542
G1 X63.286 Y130.339
G1 X63.330 Y130.074
G1 X63.268 Y129.754
G1 X63.083 Y129.482
G1 X62.749 Y129.260
G1 X62.245 Y129.089
G1 X62.426 Y128.917
G1 X62.720 Y128.859
G1 X63.233 Y129.017
G1 X63.865 Y129.499
G1 X63.968 Y129.439
G1 X64.005 Y129.274
G1 X63.910 Y128.964
G1 X63.388 Y128.549
G1 X63.038 Y128.407
G1 X62.665 Y128.359
G1 X62.199 Y128.431
G1 X61.850 Y128.644
G1 X61.633 Y128.982
G1 X61.560 Y129.424
G1 X61.705 Y130.067
G1 X61.878 Y130.334
G0 Z5.000 F500.000
G0 X62.293 Y130.009 F3000.000
G1 Z1.000 F500.000
G4 P100
G1 X62.165 Y129.489 F1000.000
G1 X62.630 Y129.689
G1 X62.800 Y130.014
G1 X62.748 Y130.167
G1 X62.605 Y130.224
G1 X62.434 Y130.171
G1 X62.293 Y130.009
G0 Z5.000 F500.000
G0 X63.635 Y129.794 F3000.000
G1 Z1.000 F500.000
G4 P100
G1 X63.793 Y131.184 F1000.000
G1 X63.988 Y131.909
G1 X64.258 Y132.524
G1 X64.594 Y132.944
G1 X64.990 Y133.084
G1 X65.204 Y133.029
G1 X65.368 Y132.862
G1 X65.471 Y132.591
G1 X65.505 Y132.224
G1 X65.423 Y131.582
G1 X65.175 Y130.844
G1 X64.786 Y130.063
G1 X64.280 Y129.289
G1 X64.395 Y128.997
G1 X64.605 Y128.909
G1 X64.965 Y129.027
G1 X65.495 Y129.499
G1 X65.598 Y129.439
G1 X65.635 Y129.274
G1 X65.540 Y128.964
G1 X65.073 Y128.529
G1 X64.803 Y128.402
G1 X64.500 Y128.359
G1 X64.117 Y128.459
G1 X63.848 Y128.759
G1 X63.688 Y129.218
G1 X63.635 Y129.794
G0 Z5.000 F500.000
G0 X64.245 Y129.964 F3000.000
G1 Z1.000 F500.000
G4 P100
G1 X64.810 Y131.137 F1000.000
G1 X64.968 Y131.699
G1 X65.020 Y132.209
G1 X64.985 Y132.494
G1 X64.880 Y132.589
G1 X64.620 Y132.174
G1 X64.365 Y131.144
G1 X64.245 Y129.964
G0 Z5.000 F500.000
G0 X65.445 Y130.434 F3000.000
G1 Z1.000 F500.000
G4 P100
G1 X65.585 Y130.649 F1000.000
G1 X65.870 Y130.714
G1 X66.023 Y130.679
G1 X66.065 Y130.574
G1 X65.830 Y129.269
G1 X65.935 Y129.079
G1 X66.123 Y129.229
G1 X66.363 Y129.684
G1 X66.733 Y130.649
G1 X66.980 Y130.714
G1 X67.140 Y130.684
G1 X67.185 Y130.584
G1 X66.925 Y128.919
G1 X67.675 Y129.449
G1 X67.790 Y129.489
G1 X67.893 Y129.427
G1 X67.930 Y129.269
G1 X67.785 Y128.974
G1 X66.825 Y128.329
G1 X66.606 Y127.405
G1 X66.328 Y126.702
G1 X65.978 Y126.257
G1 X65.545 Y126.109
G1 X65.314 Y126.149
G1 X65.010 Y126.449
G1 X64.970 Y126.679
G1 X65.078 Y127.159
G1 X65.478 Y127.722
G1 X66.305 Y128.449
G1 X66.400 Y129.094
G1 X66.120 Y128.547
G1 X65.935 Y128.406
G1 X65.536 Y128.411
G1 X65.373 Y128.567
G1 X65.230 Y129.084
G1 X65.280 Y129.772
G1 X65.445 Y130.434
G0 Z5.000 F500.000
G0 X66.190 Y127.849 F3000.000
G1 Z1.000 F500.000
G4 P100
G1 X65.633 Y127.257 F1000.000
G1 X65.460 Y126.789
G1 X65.493 Y126.649
G1 X65.600 Y126.594
G1 X65.733 Y126.667
G1 X65.880 Y126.884
G1 X66.190 Y127.849
G0 Z5.000 F500.000
G0 X67.638 Y128.479 F3000.000
G1 Z1.000 F500.000
G4 P100
G1 X67.525 Y128.794 F1000.000
G1 X67.653 Y129.154
G1 X68.010 Y129.289
G1 X68.343 Y129.182
G1 X68.455 Y128.864
G1 X68.325 Y128.497
G1 X67.970 Y128.359
G1 X67.638 Y128.479
G0 Z5.000 F500.000
G0 X24.165 Y111.653 F3000.000
G1 Z1.000 F500.000
G4 P100
G1 X24.200 Y111.523 F1000.000
G1 X24.102 Y111.278
G1 X23.875 Y111.163
G1 X22.980 Y111.283
G1 X22.393 Y111.207
G1 X21.900 Y110.976
G1 X21.511 Y110.619
G1 X21.235 Y110.163
G1 X21.070 Y109.638
G1 X21.015 Y109.073
G1 X21.057 Y108.697
G1 X21.183 Y108.416
G1 X21.376 Y108.242
G1 X21.620 Y108.183
G1 X21.906 Y108.246
G1 X22.155 Y108.433
G1 X22.375 Y108.761
G1 X22.575 Y109.243
G1 X22.950 Y110.763
G1 X23.070 Y110.953
G1 X23.310 Y111.003
G1 X23.576 Y110.946
G1 X23.665 Y110.773
G1 X23.305 Y108.708
G1 X23.385 Y108.316
G1 X23.630 Y108.193
G1 X23.935 Y108.301
G1 X24.435 Y108.738
G1 X24.538 Y108.678
G1 X24.575 Y108.513
G1 X24.480 Y108.203
G1 X24.000 Y107.753
G1 X23.425 Y107.598
G1 X23.109 Y107.649
G1 X22.860 Y107.801
G1 X22.685 Y108.045
G1 X22.590 Y108.373
G1 X22.133 Y107.792
G1 X21.838 Y107.647
G1 X21.172 Y107.641
G1 X20.629 Y107.977
G1 X20.320 Y108.613
G1 X20.280 Y109.023
G1 X20.361 Y109.755
G1 X20.605 Y110.431
G1 X21.008 Y111.015
G1 X21.565 Y111.471
G1 X22.264 Y111.765
G1 X23.090 Y111.863
G1 X23.582 Y111.828
G1 X24.165 Y111.653
G0 Z5.000 F500.000
G0 X24.512 Y109.886 F3000.000
G1 Z1.000 F500.000
G4 P100
G1 X24.800 Y109.953 F1000.000
G1 X24.940 Y109.928
G1 X24.980 Y109.833
G1 X24.775 Y108.753
G1 X25.145 Y109.453
G1 X25.547 Y109.838
G1 X25.910 Y109.953
G1 X26.154 Y109.872
G1 X26.235 Y109.628
G1 X26.181 Y108.932
G1 X26.275 Y108.888
G1 X26.770 Y109.173
G1 X26.873 Y109.116
G1 X26.910 Y108.963
G1 X26.810 Y108.673
G1 X26.483 Y108.426
G1 X26.085 Y108.323
G1 X25.852 Y108.357
G1 X25.579 Y108.617
G1 X25.515 Y109.188
G1 X25.317 Y109.021
G1 X25.075 Y108.578
G1 X24.752 Y107.681
G1 X24.525 Y107.598
G1 X24.363 Y107.648
G1 X24.258 Y107.798
G1 X24.180 Y108.438
G1 X24.226 Y109.072
G1 X24.365 Y109.673
G1 X24.512 Y109.886
G0 Z5.000 F500.000
G0 X26.501 Y109.072 F3000.000
G1 Z1.000 F500.000
G4 P100
G1 X26.640 Y109.673 F1000.000
G1 X26.787 Y109.886
G1 X27.075 Y109.953
G1 X27.215 Y109.928
G1 X27.255 Y109.833
G1 X27.050 Y108.753
G1 X27.420 Y109.453
G1 X27.822 Y109.838
G1 X28.185 Y109.953
G1 X28.429 Y109.872
G1 X28.510 Y109.628
G1 X28.456 Y108.932
G1 X28.550 Y108.888
G1 X29.045 Y109.173
G1 X29.148 Y109.116
G1 X29.185 Y108.963
G1 X29.085 Y108.673
G1 X28.758 Y108.426
G1 X28.360 Y108.323
G1 X28.127 Y108.357
G1 X27.854 Y108.617
G1 X27.790 Y109.188
G1 X27.593 Y109.021
G1 X27.350 Y108.578
G1 X27.027 Y107.681
G1 X26.800 Y107.598
G1 X26.638 Y107.648
G1 X26.532 Y107.798
G1 X26.455 Y108.438
G1 X26.501 Y109.072
G0 Z5.000 F500.000
G0 X28.645 Y108.648 F3000.000
G1 Z1.000 F500.000
G4 P100
G1 X28.790 Y109.326 F1000.000
G1 X28.962 Y109.591
G1 X29.459 Y109.917
G1 X29.755 Y109.958
G1 X30.098 Y109.893
G1 X30.367 Y109.696
G1 X30.552 Y109.403
G1 X30.640 Y109.048
G1 X31.270 Y109.158
G1 X31.370 Y109.093
G1 X31.405 Y108.928
G1 X31.369 Y108.737
G1 X31.260 Y108.643
G1 X30.600 Y108.523
G1 X30.459 Y108.145
G1 X30.225 Y107.851
G1 X29.926 Y107.662
G1 X29.590 Y107.598
G1 X29.077 Y107.743
G1 X28.755 Y108.128
G1 X28.645 Y108.648
G0 Z5.000 F500.000
G0 X29.377 Y108.273 F3000.000
G1 Z1.000 F500.000
G4 P100
G1 X29.630 Y108.128 F1000.000
G1 X29.907 Y108.258
G1 X30.065 Y108.633
G1 X29.827 Y108.908
G1 X29.760 Y109.428
G1 X29.558 Y109.380
G1 X29.402 Y109.236
G1 X29.303 Y109.004
G1 X29.270 Y108.693
G1 X29.377 Y108.273
G0 Z5.000 F500.000
G0 X31.045 Y108.263 F3000.000
G1 Z1.000 F500.000
G4 P100
G1 X30.985 Y109.663 F1000.000
G1 X31.075 Y109.893
G1 X31.330 Y109.958
G1 X31.522 Y109.901
G1 X31.585 Y109.708
G1 X31.655 Y108.213
G1 X32.280 Y109.703
G1 X32.412 Y109.906
G1 X32.600 Y109.958
G1 X32.787 Y109.903
G1 X32.840 Y109.708
G1 X32.910 Y108.213
G1 X33.360 Y108.923
G1 X33.285 Y109.268
G1 X33.360 Y109.598
G1 X33.565 Y109.858
G1 X33.860 Y109.958
G1 X34.095 Y109.856
G1 X34.185 Y109.558
G1 X34.065 Y109.043
G1 X34.755 Y109.148
G1 X34.870 Y109.098
G1 X34.910 Y108.963
G1 X34.850 Y108.721
G1 X34.670 Y108.593
G1 X34.180 Y108.518
G1 X33.765 Y108.578
G1 X33.102 Y107.703
G1 X32.780 Y107.598
G1 X32.477 Y107.753
G1 X32.325 Y108.628
G1 X32.047 Y107.988
G1 X31.802 Y107.683
G1 X31.515 Y107.598
G1 X31.192 Y107.758
G1 X31.045 Y108.263
G0 Z5.000 F500.000
G0 X35.888 Y108.457 F3000.000
G1 Z1.000 F500.000
G4 P100
G1 X35.835 Y109.033 F1000.000
G1 X35.992 Y110.423
G1 X36.187 Y111.148
G1 X36.457 Y111.763
G1 X36.794 Y112.183
G1 X37.190 Y112.323
G1 X37.404 Y112.268
G1 X37.567 Y112.101
G1 X37.671 Y111.830
G1 X37.705 Y111.463
G1 X37.622 Y110.821
G1 X37.375 Y110.083
G1 X36.986 Y109.302
G1 X36.480 Y108.528
G1 X36.595 Y108.236
G1 X36.805 Y108.148
G1 X37.165 Y108.266
G1 X37.695 Y108.738
G1 X37.797 Y108.678
G1 X37.835 Y108.513
G1 X37.740 Y108.203
G1 X37.272 Y107.768
G1 X36.700 Y107.598
G1 X36.317 Y107.698
G1 X36.047 Y107.998
G1 X35.888 Y108.457
G0 Z5.000 F500.000
G0 X36.445 Y109.203 F3000.000
G1 Z1.000 F500.000
G4 P100
G1 X37.010 Y110.376 F1000.000
G1 X37.167 Y110.938
G1 X37.220 Y111.448
G1 X37.185 Y111.733
G1 X37.080 Y111.828
G1 X36.820 Y111.413
G1 X36.565 Y110.383
G1 X36.445 Y109.203
G0 Z5.000 F500.000
G0 X37.766 Y109.493 F3000.000
G1 Z1.000 F500.000
G4 P100
G1 X38.359 Y109.909 F1000.000
G1 X38.695 Y109.963
G1 X38.842 Y109.921
G1 X38.905 Y109.768
G1 X39.309 Y109.745
G1 X39.370 Y109.613
G1 X39.180 Y108.313
G1 X39.217 Y108.193
G1 X39.315 Y108.148
G1 X39.545 Y108.271
G1 X40.045 Y108.738
G1 X40.147 Y108.678
G1 X40.185 Y108.513
G1 X40.090 Y108.203
G1 X39.655 Y107.773
G1 X39.210 Y107.598
G1 X38.907 Y107.711
G1 X38.700 Y108.018
G1 X38.406 Y107.703
G1 X38.045 Y107.598
G1 X37.766 Y107.655
G1 X37.550 Y107.823
G1 X37.411 Y108.083
G1 X37.365 Y108.413
G1 X37.411 Y108.803
G1 X37.766 Y109.493
G0 Z5.000 F500.000
G0 X38.095 Y108.938 F3000.000
G1 Z1.000 F500.000
G4 P100
G1 X37.990 Y108.408 F1000.000
G1 X38.052 Y108.178
G1 X38.225 Y108.103
G1 X38.435 Y108.233
G1 X38.580 Y108.578
G1 X38.765 Y109.498
G1 X38.377 Y109.341
G1 X38.095 Y108.938
G0 Z5.000 F500.000
G0 X39.815 Y109.098 F3000.000
G1 Z1.000 F500.000
G4 P100
G1 X39.975 Y110.501 F1000.000
G1 X40.172 Y111.202
G1 X40.442 Y111.791
G1 X40.779 Y112.190
G1 X41.175 Y112.323
G1 X41.382 Y112.274
G1 X41.650 Y111.899
G1 X41.685 Y111.613
G1 X41.530 Y110.798
G1 X41.015 Y109.948
G1 X41.319 Y109.867
G1 X41.560 Y109.671
G1 X41.727 Y109.389
G1 X41.810 Y109.048
G1 X42.440 Y109.158
G1 X42.540 Y109.093
G1 X42.540 Y108.736
G1 X42.430 Y108.643
G1 X41.770 Y108.523
G1 X41.626 Y108.148
G1 X41.392 Y107.853
G1 X41.101 Y107.662
G1 X40.780 Y107.598
G1 X40.344 Y107.695
G1 X40.045 Y107.983
G1 X39.872 Y108.455
G1 X39.815 Y109.098
G0 Z5.000 F500.000
G0 X40.440 Y108.713 F3000.000
G1 Z1.000 F500.000
G4 P100
G1 X40.547 Y108.278 F1000.000
G1 X40.800 Y108.128
G1 X41.075 Y108.258
G1 X41.235 Y108.633
G1 X40.997 Y108.908
G1 X40.935 Y109.458
G1 X40.736 Y109.408
G1 X40.577 Y109.256
G1 X40.440 Y108.713
G0 Z5.000 F500.000
G0 X40.475 Y109.608 F3000.000
G1 Z1.000 F500.000
G4 P100
G1 X41.151 Y111.113 F1000.000
G1 X41.200 Y111.498
G1 X41.162 Y111.743
G1 X41.060 Y111.828
G1 X40.842 Y111.531
G1 X40.625 Y110.723
G1 X40.475 Y109.608
G0 Z5.000 F500.000
G0 X42.388 Y109.573 F3000.000
G1 Z1.000 F500.000
G4 P100
G1 X42.892 Y109.910 F1000.000
G1 X43.461 Y109.910
G1 X43.665 Y109.781
G1 X43.796 Y109.578
G1 X43.840 Y109.313
G1 X43.778 Y108.993
G1 X43.592 Y108.721
G1 X43.259 Y108.499
G1 X42.755 Y108.328
G1 X42.936 Y108.156
G1 X43.230 Y108.098
G1 X43.742 Y108.256
G1 X44.375 Y108.738
G1 X44.477 Y108.678
G1 X44.515 Y108.513
G1 X44.420 Y108.203
G1 X43.897 Y107.788
G1 X43.548 Y107.646
G1 X43.175 Y107.598
G1 X42.709 Y107.670
G1 X42.360 Y107.883
G1 X42.142 Y108.221
G1 X42.070 Y108.663
G1 X42.215 Y109.306
G1 X42.388 Y109.573
G0 Z5.000 F500.000
G0 X42.802 Y109.248 F3000.000
G1 Z1.000 F500.000
G4 P100
G1 X42.675 Y108.728 F1000.000
G1 X43.140 Y108.928
G1 X43.310 Y109.253
G1 X43.257 Y109.406
G1 X43.115 Y109.463
G1 X42.944 Y109.410
G1 X42.802 Y109.248
G0 Z5.000 F500.000
G0 X44.145 Y109.033 F3000.000
G1 Z1.000 F500.000
G4 P100
G1 X44.302 Y110.423 F1000.000
G1 X44.497 Y111.148
G1 X44.767 Y111.763
G1 X45.104 Y112.183
G1 X45.500 Y112.323
G1 X45.714 Y112.268
G1 X45.877 Y112.101
G1 X45.981 Y111.830
G1 X46.015 Y111.463
G1 X45.933 Y110.821
G1 X45.685 Y110.083
G1 X45.296 Y109.302
G1 X44.790 Y108.528
G1 X44.905 Y108.236
G1 X45.115 Y108.148
G1 X45.475 Y108.266
G1 X46.005 Y108.738
G1 X46.108 Y108.678
G1 X46.145 Y108.513
G1 X46.050 Y108.203
G1 X45.582 Y107.768
G1 X45.313 Y107.641
G1 X45.010 Y107.598
G1 X44.627 Y107.698
G1 X44.358 Y107.998
G1 X44.198 Y108.457
G1 X44.145 Y109.033
G0 Z5.000 F500.000
G0 X44.755 Y109.203 F3000.000
G1 Z1.000 F500.000
G4 P100
G1 X45.320 Y110.376 F1000.000
G1 X45.477 Y110.938
G1 X45.530 Y111.448
G1 X45.495 Y111.733
G1 X45.390 Y111.828
G1 X45.130 Y111.413
G1 X44.875 Y110.383
G1 X44.755 Y109.203
G0 Z5.000 F500.000
G0 X46.420 Y109.788 F3000.000
G1 Z1.000 F500.000
G4 P100
G1 X46.566 Y109.953 F1000.000
G1 X46.815 Y110.008
G1 X47.010 Y109.983
G1 X47.065 Y109.903
G1 X46.900 Y109.373
G1 X47.358 Y108.626
G1 X47.430 Y108.163
G1 X48.005 Y108.668
G1 X48.140 Y108.738
G1 X48.242 Y108.678
G1 X48.280 Y108.513
G1 X48.185 Y108.203
G1 X47.707 Y107.781
G1 X46.670 Y107.488
G1 X46.272 Y107.608
G1 X46.135 Y107.878
G1 X46.230 Y108.103
G1 X46.510 Y108.198
G1 X46.795 Y108.168
G1 X46.737 Y108.413
G1 X46.455 Y108.823
G1 X45.815 Y107.963
G1 X45.625 Y107.873
G1 X45.495 Y107.931
G1 X45.445 Y108.073
G1 X45.515 Y108.258
G1 X45.995 Y108.898
G1 X46.420 Y109.788
G0 Z5.000 F500.000
G0 X47.950 Y109.458 F3000.000
G1 Z1.000 F500.000
G4 P100
G1 X48.078 Y109.818 F1000.000
G1 X48.435 Y109.953
G1 X48.767 Y109.846
G1 X48.880 Y109.528
G1 X48.750 Y109.161
G1 X48.395 Y109.023
G1 X48.062 Y109.143
G1 X47.950 Y109.458
G0 Z5.000 F500.000
G0 X48.260 Y108.528 F3000.000
G1 Z1.000 F500.000
G4 P100
G1 X48.593 Y108.421 F1000.000
G1 X48.705 Y108.103
G1 X48.575 Y107.736
G1 X48.220 Y107.598
G1 X47.888 Y107.718
G1 X47.775 Y108.033
G1 X47.903 Y108.393
G1 X48.260 Y108.528
G0 Z5.000 F500.000
G0 X50.565 Y108.613 F3000.000
G1 Z1.000 F500.000
G4 P100
G1 X50.525 Y109.023 F1000.000
G1 X50.606 Y109.755
G1 X50.850 Y110.431
G1 X51.252 Y111.015
G1 X51.810 Y111.471
G1 X52.509 Y111.765
G1 X53.335 Y111.863
G1 X53.828 Y111.828
G1 X54.410 Y111.653
G1 X54.445 Y111.523
G1 X54.347 Y111.278
G1 X54.120 Y111.163
G1 X53.225 Y111.283
G1 X52.637 Y111.207
G1 X52.145 Y110.976
G1 X51.756 Y110.619
G1 X51.480 Y110.163
G1 X51.315 Y109.638
G1 X51.260 Y109.073
G1 X51.302 Y108.697
G1 X51.427 Y108.416
G1 X51.621 Y108.242
G1 X51.865 Y108.183
G1 X52.151 Y108.246
G1 X52.400 Y108.433
G1 X52.620 Y108.761
G1 X52.820 Y109.243
G1 X53.195 Y110.763
G1 X53.315 Y110.953
G1 X53.555 Y111.003
G1 X53.821 Y110.946
G1 X53.910 Y110.773
G1 X53.550 Y108.708
G1 X53.630 Y108.316
G1 X53.875 Y108.193
G1 X54.180 Y108.301
G1 X54.680 Y108.738
G1 X54.782 Y108.678
G1 X54.820 Y108.513
G1 X54.725 Y108.203
G1 X54.245 Y107.753
G1 X53.670 Y107.598
G1 X53.354 Y107.649
G1 X53.105 Y107.801
G1 X52.930 Y108.045
G1 X52.835 Y108.373
G1 X52.377 Y107.792
G1 X52.083 Y107.647
G1 X51.417 Y107.641
G1 X50.874 Y107.977
G1 X50.565 Y108.613
G0 Z5.000 F500.000
G0 X55.785 Y109.148 F3000.000
G1 Z1.000 F500.000
G4 P100
G1 X55.852 Y109.348 F1000.000
G1 X56.050 Y109.423
G1 X57.075 Y109.523
G1 X57.267 Y109.461
G1 X57.335 Y109.248
G1 X57.270 Y109.040
G1 X57.075 Y108.953
G1 X56.050 Y108.853
G1 X55.858 Y108.923
G1 X55.785 Y109.148
G0 Z5.000 F500.000
G0 X57.850 Y108.183 F3000.000
G1 Z1.000 F500.000
G4 P100
G1 X57.907 Y108.361 F1000.000
G1 X58.080 Y108.483
G1 X59.830 Y109.073
G1 X58.100 Y109.763
G1 X58.055 Y109.903
G1 X58.138 Y110.111
G1 X58.345 Y110.203
G1 X60.635 Y109.293
G1 X60.680 Y109.123
G1 X60.610 Y108.891
G1 X60.425 Y108.738
G1 X58.195 Y107.963
G1 X57.910 Y108.013
G1 X57.850 Y108.183
G0 Z5.000 F500.000
G0 X62.900 Y107.688 F3000.000
G1 Z1.000 F500.000
G4 P100
G1 X63.075 Y109.156 F1000.000
G1 X63.405 Y110.638
G1 X63.545 Y110.813
G1 X64.049 Y110.821
G1 X64.125 Y110.693
G1 X63.835 Y109.476
G1 X63.650 Y108.203
G1 X64.040 Y108.183
G1 X64.647 Y108.234
G1 X65.067 Y108.386
G1 X65.313 Y108.617
G1 X65.395 Y108.903
G1 X65.348 Y109.106
G1 X65.208 Y109.273
G1 X64.957 Y109.390
G1 X64.440 Y109.488
G1 X64.460 Y109.868
G1 X65.323 Y110.068
G1 X65.775 Y110.336
G1 X65.940 Y110.738
G1 X65.869 Y110.998
G1 X65.655 Y111.196
G1 X65.294 Y111.322
G1 X64.780 Y111.363
G1 X63.745 Y111.226
G1 X62.625 Y110.783
G1 X62.488 Y110.846
G1 X62.493 Y111.218
G1 X62.745 Y111.423
G1 X63.730 Y111.798
G1 X64.885 Y111.933
G1 X65.675 Y111.857
G1 X66.235 Y111.628
G1 X66.569 Y111.275
G1 X66.680 Y110.823
G1 X66.605 Y110.428
G1 X66.380 Y110.091
G1 X66.011 Y109.827
G1 X65.505 Y109.648
G1 X65.778 Y109.537
G1 X66.095 Y109.164
G1 X66.073 Y108.560
G1 X65.888 Y108.243
G1 X65.583 Y107.987
G1 X65.165 Y107.796
G1 X64.641 Y107.678
G1 X63.620 Y107.653
G1 X63.500 Y107.443
G1 X63.205 Y107.373
G1 X62.958 Y107.453
G1 X62.900 Y107.688
G0 Z5.000 F500.000
G0 X66.555 Y107.043 F3000.000
G1 Z1.000 F500.000
G4 P100
G1 X66.797 Y108.393 F1000.000
G1 X67.100 Y108.528
G1 X67.373 Y108.431
G1 X67.465 Y108.168
G1 X67.360 Y107.703
G1 X67.105 Y107.138
G1 X66.948 Y106.893
G1 X66.795 Y106.833
G1 X66.620 Y106.883
G1 X66.555 Y107.043
G0 Z5.000 F500.000
G0 X67.235 Y109.023 F3000.000
G1 Z1.000 F500.000
G4 P100
G1 X66.903 Y109.143 F1000.000
G1 X66.790 Y109.458
G1 X66.918 Y109.818
G1 X67.275 Y109.953
G1 X67.608 Y109.846
G1 X67.720 Y109.528
G1 X67.590 Y109.161
G1 X67.235 Y109.023
G0 Z5.000 F500.000
G0 X69.405 Y109.363 F3000.000
G1 Z1.000 F500.000
G4 P100
G1 X69.474 Y110.057 F1000.000
G1 X69.683 Y110.668
G1 X70.009 Y111.174
G1 X70.435 Y111.551
G1 X70.936 Y111.785
G1 X71.490 Y111.863
G1 X71.965 Y111.794
G1 X72.310 Y111.586
G1 X72.520 Y111.264
G1 X72.590 Y110.853
G1 X72.483 Y110.363
G1 X72.352 Y110.225
G1 X72.175 Y110.178
G1 X71.955 Y110.243
G1 X71.875 Y110.433
G1 X71.925 Y110.838
G1 X71.804 Y111.180
G1 X71.440 Y111.293
G1 X71.118 Y111.240
G1 X70.810 Y111.078
G1 X70.539 Y110.813
G1 X70.325 Y110.446
G1 X70.186 Y109.989
G1 X70.140 Y109.453
G1 X70.224 Y108.922
G1 X70.475 Y108.526
G1 X70.890 Y108.280
G1 X71.465 Y108.198
G1 X72.123 Y108.281
G1 X72.985 Y108.563
G1 X73.105 Y108.503
G1 X73.145 Y108.348
G1 X73.062 Y108.083
G1 X72.815 Y107.898
G1 X72.078 Y107.671
G1 X71.350 Y107.598
G1 X70.794 Y107.653
G1 X70.315 Y107.816
G1 X69.926 Y108.079
G1 X69.640 Y108.433
G1 X69.464 Y108.866
G1 X69.405 Y109.363
G0 Z5.000 F500.000
G0 X74.250 Y109.018 F3000.000
G1 Z1.000 F500.000
G4 P100
G1 X74.320 Y109.251 F1000.000
G1 X74.505 Y109.403
G1 X76.735 Y110.178
G1 X77.020 Y110.128
G1 X77.080 Y109.958
G1 X77.023 Y109.781
G1 X76.850 Y109.658
G1 X75.100 Y109.068
G1 X76.830 Y108.378
G1 X76.875 Y108.238
G1 X76.793 Y108.031
G1 X76.585 Y107.938
G1 X74.425 Y108.743
G1 X74.295 Y108.848
G1 X74.250 Y109.018
G0 Z5.000 F500.000
G0 X77.625 Y109.148 F3000.000
G1 Z1.000 F500.000
G4 P100
G1 X77.692 Y109.348 F1000.000
G1 X77.890 Y109.423
G1 X78.915 Y109.523
G1 X79.108 Y109.461
G1 X79.175 Y109.248
G1 X79.110 Y109.040
G1 X78.915 Y108.953
G1 X77.890 Y108.853
G1 X77.698 Y108.923
G1 X77.625 Y109.148
G0 Z5.000 F500.000
G0 X79.690 Y108.183 F3000.000
G1 Z1.000 F500.000
G4 P100
G1 X79.748 Y108.361 F1000.000
G1 X79.920 Y108.483
G1 X81.670 Y109.073
G1 X79.940 Y109.763
G1 X79.895 Y109.903
G1 X79.978 Y110.111
G1 X80.185 Y110.203
G1 X82.475 Y109.293
G1 X82.520 Y109.123
G1 X82.450 Y108.891
G1 X82.265 Y108.738
G1 X80.035 Y107.963
G1 X79.750 Y108.013
G1 X79.690 Y108.183
G0 Z5.000 F500.000
G0 X84.725 Y108.013 F3000.000
G1 Z1.000 F500.000
G4 P100
G1 X84.890 Y109.236 F1000.000
G1 X85.205 Y110.638
G1 X85.345 Y110.813
G1 X85.849 Y110.821
G1 X85.925 Y110.693
G1 X85.635 Y109.461
G1 X85.450 Y108.178
G1 X85.790 Y108.163
G1 X86.554 Y108.296
G1 X86.854 Y108.462
G1 X87.097 Y108.693
G1 X87.422 Y109.312
G1 X87.530 Y110.108
G1 X87.445 Y110.636
G1 X87.190 Y111.028
G1 X86.780 Y111.272
G1 X86.230 Y111.353
G1 X85.438 Y111.228
G1 X84.590 Y110.853
G1 X84.455 Y110.926
G1 X84.445 Y111.301
G1 X84.580 Y111.443
G1 X85.390 Y111.801
G1 X86.285 Y111.923
G1 X86.854 Y111.870
G1 X87.340 Y111.711
G1 X87.734 Y111.449
G1 X88.025 Y111.088
G1 X88.205 Y110.636
G1 X88.265 Y110.098
G1 X88.190 Y109.392
G1 X87.965 Y108.781
G1 X87.596 Y108.282
G1 X87.090 Y107.908
G1 X86.460 Y107.676
G1 X85.720 Y107.598
G1 X85.065 Y107.648
G1 X84.790 Y107.753
G1 X84.725 Y108.013
G0 Z5.000 F500.000
G0 X88.455 Y107.148 F3000.000
G1 Z1.000 F500.000
G4 P100
G1 X88.683 Y108.393 F1000.000
G1 X88.985 Y108.528
G1 X89.258 Y108.431
G1 X89.350 Y108.168
G1 X89.245 Y107.703
G1 X88.990 Y107.138
G1 X88.833 Y106.893
G1 X88.680 Y106.833
G1 X88.505 Y106.883
G1 X88.455 Y107.148
G0 Z5.000 F500.000
G0 X89.120 Y109.023 F3000.000
G1 Z1.000 F500.000
G4 P100
G1 X88.788 Y109.143 F1000.000
G1 X88.675 Y109.458
G1 X88.803 Y109.818
G1 X89.160 Y109.953
G1 X89.493 Y109.846
G1 X89.605 Y109.528
G1 X89.475 Y109.161
G1 X89.120 Y109.023
G0 Z5.000 F500.000
G0 X91.245 Y109.033 F3000.000
G1 Z1.000 F500.000
G4 P100
G1 X91.403 Y110.423 F1000.000
G1 X91.598 Y111.148
G1 X91.868 Y111.763
G1 X92.204 Y112.183
G1 X92.600 Y112.323
G1 X92.814 Y112.268
G1 X92.978 Y112.101
G1 X93.081 Y111.830
G1 X93.115 Y111.463
G1 X93.033 Y110.821
G1 X92.785 Y110.083
G1 X92.396 Y109.302
G1 X91.890 Y108.528
G1 X92.005 Y108.236
G1 X92.215 Y108.148
G1 X92.575 Y108.266
G1 X93.105 Y108.738
G1 X93.208 Y108.678
G1 X93.245 Y108.513
G1 X93.150 Y108.203
G1 X92.683 Y107.768
G1 X92.413 Y107.641
G1 X92.110 Y107.598
G1 X91.727 Y107.698
G1 X91.458 Y107.998
G1 X91.298 Y108.457
G1 X91.245 Y109.033
G0 Z5.000 F500.000
G0 X91.855 Y109.203 F3000.000
G1 Z1.000 F500.000
G4 P100
G1 X92.420 Y110.376 F1000.000
G1 X92.578 Y110.938
G1 X92.630 Y111.448
G1 X92.595 Y111.733
G1 X92.490 Y111.828
G1 X92.230 Y111.413
G1 X91.975 Y110.383
G1 X91.855 Y109.203
G0 Z5.000 F500.000
G0 X93.083 Y109.591 F3000.000
G1 Z1.000 F500.000
G4 P100
G1 X93.579 Y109.917 F1000.000
G1 X93.875 Y109.958
G1 X94.218 Y109.893
G1 X94.488 Y109.696
G1 X94.672 Y109.403
G1 X94.760 Y109.048
G1 X95.390 Y109.158
G1 X95.490 Y109.093
G1 X95.489 Y108.737
G1 X95.380 Y108.643
G1 X94.720 Y108.523
G1 X94.579 Y108.145
G1 X94.345 Y107.851
G1 X94.046 Y107.662
G1 X93.432 Y107.635
G1 X93.198 Y107.743
G1 X92.875 Y108.128
G1 X92.765 Y108.648
G1 X92.910 Y109.326
G1 X93.083 Y109.591
G0 Z5.000 F500.000
G0 X93.423 Y109.004 F3000.000
G1 Z1.000 F500.000
G4 P100
G1 X93.390 Y108.693 F1000.000
G1 X93.498 Y108.273
G1 X93.750 Y108.128
G1 X94.028 Y108.258
G1 X94.185 Y108.633
G1 X93.948 Y108.908
G1 X93.880 Y109.428
G1 X93.678 Y109.380
G1 X93.523 Y109.236
G1 X93.423 Y109.004
G0 Z5.000 F500.000
G0 X95.151 Y109.072 F3000.000
G1 Z1.000 F500.000
G4 P100
G1 X95.290 Y109.673 F1000.000
G1 X95.438 Y109.886
G1 X95.725 Y109.953
G1 X95.865 Y109.928
G1 X95.905 Y109.833
G1 X95.700 Y108.753
G1 X96.070 Y109.453
G1 X96.472 Y109.838
G1 X96.835 Y109.953
G1 X97.079 Y109.872
G1 X97.160 Y109.628
G1 X96.955 Y108.348
G1 X96.991 Y108.198
G1 X97.100 Y108.148
G1 X97.338 Y108.271
G1 X97.840 Y108.738
G1 X97.942 Y108.678
G1 X97.980 Y108.513
G1 X97.885 Y108.203
G1 X97.422 Y107.768
G1 X97.158 Y107.641
G1 X96.636 Y107.635
G1 X96.377 Y107.927
G1 X96.345 Y108.173
G1 X96.480 Y109.108
G1 X96.425 Y109.188
G1 X96.243 Y109.021
G1 X96.002 Y108.578
G1 X95.678 Y107.681
G1 X95.450 Y107.598
G1 X95.288 Y107.648
G1 X95.183 Y107.798
G1 X95.105 Y108.438
G1 X95.151 Y109.072
G0 Z5.000 F500.000
G0 X97.510 Y108.413 F3000.000
G1 Z1.000 F500.000
G4 P100
G1 X97.556 Y108.803 F1000.000
G1 X97.911 Y109.493
G1 X98.504 Y109.909
G1 X98.840 Y109.963
G1 X98.988 Y109.921
G1 X99.050 Y109.768
G1 X99.448 Y109.751
G1 X99.500 Y109.603
G1 X99.280 Y108.158
G1 X100.020 Y108.688
G1 X100.135 Y108.728
G1 X100.238 Y108.666
G1 X100.275 Y108.508
G1 X100.130 Y108.213
G1 X99.180 Y107.568
G1 X98.961 Y106.644
G1 X98.683 Y105.941
G1 X98.333 Y105.497
G1 X97.900 Y105.348
G1 X97.669 Y105.388
G1 X97.365 Y105.688
G1 X97.325 Y105.918
G1 X97.395 Y106.287
G1 X97.605 Y106.681
G1 X98.008 Y107.135
G1 X98.655 Y107.683
G1 X98.685 Y107.878
G1 X98.463 Y107.671
G1 X98.190 Y107.598
G1 X97.911 Y107.655
G1 X97.695 Y107.823
G1 X97.556 Y108.083
G1 X97.510 Y108.413
G0 Z5.000 F500.000
G0 X98.198 Y108.178 F3000.000
G1 Z1.000 F500.000
G4 P100
G1 X98.370 Y108.103 F1000.000
G1 X98.590 Y108.243
G1 X98.900 Y109.498
G1 X98.520 Y109.341
G1 X98.240 Y108.938
G1 X98.135 Y108.408
G1 X98.198 Y108.178
G0 Z5.000 F500.000
G0 X98.540 Y107.088 F3000.000
G1 Z1.000 F500.000
G4 P100
G1 X97.985 Y106.493 F1000.000
G1 X97.815 Y106.028
G1 X97.848 Y105.888
G1 X97.955 Y105.833
G1 X98.088 Y105.908
G1 X98.238 Y106.133
G1 X98.540 Y107.088
G0 Z5.000 F500.000
G0 X101.383 Y107.798 F3000.000
G1 Z1.000 F500.000
G4 P100
G1 X101.305 Y108.438 F1000.000
G1 X101.351 Y109.072
G1 X101.490 Y109.673
G1 X101.638 Y109.886
G1 X101.925 Y109.953
G1 X102.065 Y109.928
G1 X102.105 Y109.833
G1 X101.900 Y108.753
G1 X102.270 Y109.453
G1 X102.673 Y109.838
G1 X103.035 Y109.953
G1 X103.279 Y109.872
G1 X103.360 Y109.628
G1 X103.306 Y108.932
G1 X103.400 Y108.888
G1 X103.895 Y109.173
G1 X103.998 Y109.116
G1 X104.035 Y108.963
G1 X103.935 Y108.673
G1 X103.608 Y108.426
G1 X103.210 Y108.323
G1 X102.808 Y108.458
G1 X102.704 Y108.617
G1 X102.640 Y109.188
G1 X102.443 Y109.021
G1 X102.200 Y108.578
G1 X101.877 Y107.681
G1 X101.650 Y107.598
G1 X101.488 Y107.648
G1 X101.383 Y107.798
G0 Z5.000 F500.000
G0 X103.605 Y108.128 F3000.000
G1 Z1.000 F500.000
G4 P100
G1 X103.495 Y108.648 F1000.000
G1 X103.640 Y109.326
G1 X103.813 Y109.591
G1 X104.309 Y109.917
G1 X104.605 Y109.958
G1 X104.948 Y109.893
G1 X105.218 Y109.696
G1 X105.402 Y109.403
G1 X105.490 Y109.048
G1 X106.120 Y109.158
G1 X106.220 Y109.093
G1 X106.219 Y108.737
G1 X106.110 Y108.643
G1 X105.450 Y108.523
G1 X105.309 Y108.145
G1 X105.075 Y107.851
G1 X104.776 Y107.662
G1 X104.162 Y107.635
G1 X103.928 Y107.743
G1 X103.605 Y108.128
G0 Z5.000 F500.000
G0 X104.228 Y108.273 F3000.000
G1 Z1.000 F500.000
G4 P100
G1 X104.480 Y108.128 F1000.000
G1 X104.758 Y108.258
G1 X104.915 Y108.633
G1 X104.678 Y108.908
G1 X104.610 Y109.428
G1 X104.408 Y109.380
G1 X104.253 Y109.236
G1 X104.153 Y109.004
G1 X104.120 Y108.693
G1 X104.228 Y108.273
G0 Z5.000 F500.000
G0 X105.825 Y108.323 F3000.000
G1 Z1.000 F500.000
G4 P100
G1 X105.875 Y109.011 F1000.000
G1 X106.040 Y109.673
G1 X106.180 Y109.888
G1 X106.465 Y109.953
G1 X106.618 Y109.918
G1 X106.660 Y109.813
G1 X106.450 Y108.361
G1 X106.530 Y108.318
G1 X106.718 Y108.468
G1 X107.328 Y109.888
G1 X107.575 Y109.953
G1 X107.735 Y109.926
G1 X107.780 Y109.823
G1 X107.515 Y108.348
G1 X107.555 Y108.201
G1 X107.660 Y108.148
G1 X107.898 Y108.271
G1 X108.400 Y108.738
G1 X108.502 Y108.678
G1 X108.540 Y108.513
G1 X108.445 Y108.203
G1 X107.983 Y107.768
G1 X107.420 Y107.598
G1 X107.212 Y107.645
G1 X107.068 Y107.783
G1 X106.955 Y108.303
G1 X106.700 Y107.781
G1 X106.335 Y107.598
G1 X106.131 Y107.650
G1 X105.861 Y108.039
G1 X105.825 Y108.323
G0 Z5.000 F500.000
G0 X108.399 Y108.406 F3000.000
G1 Z1.000 F500.000
G4 P100
G1 X108.350 Y109.478 F1000.000
G1 X107.953 Y109.533
G1 X107.900 Y109.708
G1 X107.956 Y109.918
G1 X108.410 Y109.988
G1 X108.670 Y110.993
G1 X109.093 Y111.718
G1 X109.349 Y111.921
G1 X109.625 Y111.988
G1 X109.813 Y111.942
G1 X109.955 Y111.803
G1 X110.075 Y111.338
G1 X110.034 Y110.963
G1 X109.913 Y110.613
G1 X109.425 Y109.988
G1 X110.100 Y109.953
G1 X110.100 Y109.672
G1 X109.994 Y109.565
G1 X109.570 Y109.478
G1 X108.960 Y109.478
G1 X108.981 Y108.646
G1 X109.073 Y108.358
G1 X109.231 Y108.201
G1 X109.460 Y108.148
G1 X109.840 Y108.278
G1 X110.365 Y108.738
G1 X110.468 Y108.678
G1 X110.505 Y108.513
G1 X110.410 Y108.203
G1 X109.940 Y107.768
G1 X109.355 Y107.598
G1 X108.909 Y107.688
G1 X108.590 Y107.957
G1 X108.399 Y108.406
G0 Z5.000 F500.000
G0 X109.010 Y110.063 F3000.000
G1 Z1.000 F500.000
G4 P100
G1 X109.453 Y110.636 F1000.000
G1 X109.600 Y111.213
G1 X109.573 Y111.435
G1 X109.490 Y111.508
G1 X109.323 Y111.321
G1 X109.148 Y110.801
G1 X109.010 Y110.063
G0 Z5.000 F500.000
G0 X110.343 Y109.573 F3000.000
G1 Z1.000 F500.000
G4 P100
G1 X110.847 Y109.910 F1000.000
G1 X111.416 Y109.910
G1 X111.620 Y109.781
G1 X111.751 Y109.578
G1 X111.795 Y109.313
G1 X111.733 Y108.993
G1 X111.548 Y108.721
G1 X111.214 Y108.499
G1 X110.710 Y108.328
G1 X110.891 Y108.156
G1 X111.185 Y108.098
G1 X111.698 Y108.256
G1 X112.330 Y108.738
G1 X112.433 Y108.678
G1 X112.470 Y108.513
G1 X112.375 Y108.203
G1 X111.853 Y107.788
G1 X111.503 Y107.646
G1 X111.130 Y107.598
G1 X110.664 Y107.670
G1 X110.315 Y107.883
G1 X110.098 Y108.221
G1 X110.025 Y108.663
G1 X110.170 Y109.306
G1 X110.343 Y109.573
G0 Z5.000 F500.000
G0 X110.758 Y109.248 F3000.000
G1 Z1.000 F500.000
G4 P100
G1 X110.630 Y108.728 F1000.000
G1 X111.095 Y108.928
G1 X111.265 Y109.253
G1 X111.213 Y109.406
G1 X111.070 Y109.463
G1 X110.899 Y109.410
G1 X110.758 Y109.248
G0 Z5.000 F500.000
G0 X113.374 Y109.097 F3000.000
G1 Z1.000 F500.000
G4 P100
G1 X113.583 Y109.431 F1000.000
G1 X113.926 Y109.692
G1 X114.400 Y109.868
G1 X113.948 Y110.168
G1 X113.790 Y110.648
G1 X113.847 Y110.988
G1 X114.018 Y111.286
G1 X114.284 Y111.532
G1 X114.630 Y111.713
G1 X115.475 Y111.863
G1 X116.018 Y111.797
G1 X116.405 Y111.596
G1 X116.638 Y111.289
G1 X116.715 Y110.903
G1 X116.608 Y110.426
G1 X116.477 Y110.289
G1 X116.300 Y110.243
G1 X116.080 Y110.306
G1 X116.000 Y110.493
G1 X116.050 Y110.903
G1 X115.915 Y111.196
G1 X115.465 Y111.308
G1 X115.083 Y111.263
G1 X114.785 Y111.128
G1 X114.594 Y110.917
G1 X114.530 Y110.643
G1 X114.578 Y110.429
G1 X114.723 Y110.256
G1 X114.976 Y110.138
G1 X115.505 Y110.038
G1 X115.550 Y109.888
G1 X115.475 Y109.640
G1 X114.563 Y109.438
G1 X114.168 Y109.171
G1 X114.045 Y108.823
G1 X114.118 Y108.552
G1 X114.335 Y108.356
G1 X114.710 Y108.238
G1 X115.255 Y108.198
G1 X116.133 Y108.296
G1 X117.050 Y108.563
G1 X117.170 Y108.503
G1 X117.210 Y108.348
G1 X117.138 Y108.093
G1 X116.890 Y107.903
G1 X116.125 Y107.681
G1 X115.200 Y107.598
G1 X114.145 Y107.741
G1 X113.774 Y107.910
G1 X113.513 Y108.133
G1 X113.357 Y108.400
G1 X113.305 Y108.698
G1 X113.374 Y109.097
G0 Z5.000 F500.000
G0 X118.190 Y109.148 F3000.000
G1 Z1.000 F500.000
G4 P100
G1 X118.258 Y109.348 F1000.000
G1 X118.455 Y109.423
G1 X119.480 Y109.523
G1 X119.673 Y109.461
G1 X119.740 Y109.248
G1 X119.675 Y109.040
G1 X119.480 Y108.953
G1 X118.455 Y108.853
G1 X118.263 Y108.923
G1 X118.190 Y109.148
G0 Z5.000 F500.000
G0 X120.255 Y108.183 F3000.000
G1 Z1.000 F500.000
G4 P100
G1 X120.313 Y108.361 F1000.000
G1 X120.485 Y108.483
G1 X122.235 Y109.073
G1 X120.505 Y109.763
G1 X120.460 Y109.903
G1 X120.543 Y110.111
G1 X120.750 Y110.203
G1 X123.040 Y109.293
G1 X123.085 Y109.123
G1 X123.015 Y108.891
G1 X122.830 Y108.738
G1 X120.600 Y107.963
G1 X120.315 Y108.013
G1 X120.255 Y108.183
G0 Z5.000 F500.000
G0 X124.740 Y108.293 F3000.000
G1 Z1.000 F500.000
G4 P100
G1 X124.798 Y108.503 F1000.000
G1 X124.940 Y108.593
G1 X125.474 Y108.162
G1 X125.800 Y108.083
G1 X126.062 Y108.142
G1 X126.278 Y108.316
G1 X126.436 Y108.615
G1 X126.555 Y109.323
G1 X126.118 Y109.388
G1 X126.035 Y109.573
G1 X126.115 Y109.811
G1 X126.625 Y109.898
G1 X126.755 Y111.233
G1 X125.995 Y111.058
G1 X125.830 Y110.903
G1 X125.775 Y110.688
G1 X125.905 Y110.273
G1 X125.805 Y110.116
G1 X125.580 Y110.048
G1 X125.350 Y110.128
G1 X125.180 Y110.678
G1 X125.220 Y110.967
G1 X125.539 Y111.417
G1 X125.818 Y111.578
G1 X126.602 Y111.788
G1 X127.680 Y111.858
G1 X129.180 Y111.768
G1 X129.373 Y111.683
G1 X129.425 Y111.513
G1 X129.333 Y111.261
G1 X129.055 Y111.193
G1 X127.455 Y111.263
G1 X127.330 Y109.913
G1 X128.190 Y109.928
G1 X128.438 Y109.863
G1 X128.500 Y109.688
G1 X128.400 Y109.421
G1 X128.115 Y109.323
G1 X127.260 Y109.323
G1 X127.066 Y108.402
G1 X126.783 Y107.933
G1 X126.376 Y107.671
G1 X125.840 Y107.583
G1 X125.215 Y107.731
G1 X124.795 Y108.088
G1 X124.740 Y108.293
G0 Z5.000 F500.000
G0 X128.445 Y108.033 F3000.000
G1 Z1.000 F500.000
G4 P100
G1 X128.573 Y108.393 F1000.000
G1 X128.930 Y108.528
G1 X129.263 Y108.421
G1 X129.375 Y108.103
G1 X129.245 Y107.736
G1 X128.890 Y107.598
G1 X128.558 Y107.718
G1 X128.445 Y108.033
G0 Z5.000 F500.000
G0 X131.122 Y108.400 F3000.000
G1 Z1.000 F500.000
G4 P100
G1 X131.070 Y108.698 F1000.000
G1 X131.139 Y109.097
G1 X131.348 Y109.431
G1 X131.691 Y109.692
G1 X132.165 Y109.868
G1 X131.904 Y109.986
G1 X131.594 Y110.396
G1 X131.612 Y110.988
G1 X131.783 Y111.286
G1 X132.049 Y111.532
G1 X132.799 Y111.826
G1 X133.240 Y111.863
G1 X133.783 Y111.797
G1 X134.170 Y111.596
G1 X134.403 Y111.289
G1 X134.480 Y110.903
G1 X134.373 Y110.426
G1 X134.242 Y110.289
G1 X134.065 Y110.243
G1 X133.845 Y110.306
G1 X133.765 Y110.493
G1 X133.815 Y110.903
G1 X133.680 Y111.196
G1 X133.230 Y111.308
G1 X132.848 Y111.263
G1 X132.550 Y111.128
G1 X132.359 Y110.917
G1 X132.295 Y110.643
G1 X132.343 Y110.429
G1 X132.488 Y110.256
G1 X133.270 Y110.038
G1 X133.315 Y109.888
G1 X133.240 Y109.640
G1 X132.328 Y109.438
G1 X131.933 Y109.171
G1 X131.810 Y108.823
G1 X131.883 Y108.552
G1 X132.100 Y108.356
G1 X132.475 Y108.238
G1 X133.020 Y108.198
G1 X133.898 Y108.296
G1 X134.815 Y108.563
G1 X134.935 Y108.503
G1 X134.975 Y108.348
G1 X134.903 Y108.093
G1 X134.655 Y107.903
G1 X133.890 Y107.681
G1 X132.965 Y107.598
G1 X132.386 Y107.634
G1 X131.539 Y107.910
G1 X131.278 Y108.133
G1 X131.122 Y108.400
G0 Z5.000 F500.000
G0 X134.430 Y108.188 F3000.000
G1 Z1.000 F500.000
G4 P100
G1 X134.545 Y108.593 F1000.000
G1 X134.870 Y108.748
G1 X135.005 Y108.715
G1 X135.050 Y108.613
G1 X135.058 Y108.171
G1 X135.155 Y108.133
G1 X135.338 Y108.246
G1 X135.483 Y108.553
G1 X135.540 Y108.983
G1 X135.495 Y109.286
G1 X135.385 Y109.408
G1 X135.305 Y109.381
G1 X135.175 Y109.161
G1 X135.000 Y109.113
G1 X134.825 Y109.191
G1 X134.760 Y109.428
G1 X134.915 Y109.828
G1 X135.315 Y109.973
G1 X135.695 Y109.871
G1 X135.955 Y109.573
G1 X136.293 Y109.873
G1 X136.660 Y109.973
G1 X136.958 Y109.883
G1 X137.060 Y109.593
G1 X136.975 Y109.241
G1 X136.770 Y109.113
G1 X136.620 Y109.158
G1 X136.460 Y109.408
G1 X136.333 Y109.296
G1 X136.170 Y108.613
G1 X136.283 Y108.251
G1 X136.590 Y108.123
G1 X136.958 Y108.256
G1 X137.495 Y108.738
G1 X137.598 Y108.678
G1 X137.635 Y108.513
G1 X137.540 Y108.203
G1 X137.058 Y107.771
G1 X136.465 Y107.598
G1 X136.013 Y107.693
G1 X135.700 Y107.963
G1 X135.389 Y107.693
G1 X135.025 Y107.603
G1 X134.779 Y107.643
G1 X134.470 Y107.950
G1 X134.430 Y108.188
G0 Z5.000 F500.000
G0 X137.165 Y108.413 F3000.000
G1 Z1.000 F500.000
G4 P100
G1 X137.211 Y108.803 F1000.000
G1 X137.566 Y109.493
G1 X138.159 Y109.909
G1 X138.495 Y109.963
G1 X138.643 Y109.921
G1 X138.705 Y109.768
G1 X139.109 Y109.745
G1 X139.170 Y109.613
G1 X138.980 Y108.313
G1 X139.018 Y108.193
G1 X139.115 Y108.148
G1 X139.345 Y108.271
G1 X139.845 Y108.738
G1 X139.948 Y108.678
G1 X139.985 Y108.513
G1 X139.890 Y108.203
G1 X139.455 Y107.773
G1 X139.010 Y107.598
G1 X138.708 Y107.711
G1 X138.500 Y108.018
G1 X138.206 Y107.703
G1 X137.845 Y107.598
G1 X137.566 Y107.655
G1 X137.350 Y107.823
G1 X137.211 Y108.083
G1 X137.165 Y108.413
G0 Z5.000 F500.000
G0 X137.853 Y108.178 F3000.000
G1 Z1.000 F500.000
G4 P100
G1 X138.025 Y108.103 F1000.000
G1 X138.235 Y108.233
G1 X138.380 Y108.578
G1 X138.565 Y109.498
G1 X138.178 Y109.341
G1 X137.895 Y108.938
G1 X137.790 Y108.408
G1 X137.853 Y108.178
G0 Z5.000 F500.000
G0 X139.500 Y108.608 F3000.000
G1 Z1.000 F500.000
G4 P100
G1 X139.540 Y108.988 F1000.000
G1 X139.844 Y109.588
G1 X140.075 Y109.788
G1 X140.610 Y109.953
G1 X141.038 Y109.791
G1 X141.190 Y109.373
G1 X141.098 Y109.018
G1 X140.855 Y108.873
G1 X140.703 Y108.918
G1 X140.645 Y109.043
G1 X140.663 Y109.428
G1 X140.570 Y109.463
G1 X140.355 Y109.361
G1 X140.195 Y109.083
G1 X140.135 Y108.698
G1 X140.261 Y108.263
G1 X140.640 Y108.118
G1 X141.083 Y108.256
G1 X141.685 Y108.738
G1 X141.788 Y108.678
G1 X141.825 Y108.513
G1 X141.730 Y108.203
G1 X141.472 Y107.947
G1 X141.168 Y107.756
G1 X140.535 Y107.598
G1 X140.099 Y107.668
G1 X139.773 Y107.876
G1 X139.568 Y108.198
G1 X139.500 Y108.608
G0 Z5.000 F500.000
G0 X141.684 Y108.406 F3000.000
G1 Z1.000 F500.000
G4 P100
G1 X141.635 Y109.478 F1000.000
G1 X141.238 Y109.533
G1 X141.185 Y109.708
G1 X141.241 Y109.918
G1 X141.695 Y109.988
G1 X141.955 Y110.993
G1 X142.378 Y111.718
G1 X142.634 Y111.921
G1 X142.910 Y111.988
G1 X143.098 Y111.942
G1 X143.240 Y111.803
G1 X143.360 Y111.338
G1 X143.319 Y110.963
G1 X143.198 Y110.613
G1 X142.710 Y109.988
G1 X143.385 Y109.953
G1 X143.385 Y109.672
G1 X143.279 Y109.565
G1 X142.855 Y109.478
G1 X142.245 Y109.478
G1 X142.266 Y108.646
G1 X142.358 Y108.358
G1 X142.516 Y108.201
G1 X142.745 Y108.148
G1 X143.125 Y108.278
G1 X143.650 Y108.738
G1 X143.753 Y108.678
G1 X143.790 Y108.513
G1 X143.695 Y108.203
G1 X143.225 Y107.768
G1 X142.640 Y107.598
G1 X142.194 Y107.688
G1 X141.875 Y107.957
G1 X141.684 Y108.406
G0 Z5.000 F500.000
G0 X142.295 Y110.063 F3000.000
G1 Z1.000 F500.000
G4 P100
G1 X142.738 Y110.636 F1000.000
G1 X142.885 Y111.213
G1 X142.858 Y111.435
G1 X142.775 Y111.508
G1 X142.608 Y111.321
G1 X142.433 Y110.801
G1 X142.295 Y110.063
G0 Z5.000 F500.000
G0 X22.995 Y98.416 F3000.000
G1 Z1.000 F500.000
G4 P100
G1 X22.900 Y98.106 F1000.000
G1 X22.465 Y97.676
G1 X22.020 Y97.501
G1 X21.718 Y97.614
G1 X21.510 Y97.921
G1 X21.216 Y97.606
G1 X20.855 Y97.501
G1 X20.576 Y97.558
G1 X20.360 Y97.726
G1 X20.221 Y97.986
G1 X20.175 Y98.316
G1 X20.221 Y98.706
G1 X20.576 Y99.396
G1 X21.169 Y99.812
G1 X21.505 Y99.866
G1 X21.652 Y99.824
G1 X21.715 Y99.671
G1 X22.119 Y99.648
G1 X22.180 Y99.516
G1 X21.990 Y98.216
G1 X22.027 Y98.096
G1 X22.125 Y98.051
G1 X22.355 Y98.174
G1 X22.855 Y98.641
G1 X22.957 Y98.581
G1 X22.995 Y98.416
G0 Z5.000 F500.000
G0 X21.390 Y98.481 F3000.000
G1 Z1.000 F500.000
G4 P100
G1 X21.575 Y99.401 F1000.000
G1 X21.188 Y99.244
G1 X20.905 Y98.841
G1 X20.800 Y98.311
G1 X20.863 Y98.081
G1 X21.035 Y98.006
G1 X21.245 Y98.136
G1 X21.390 Y98.481
G0 Z5.000 F500.000
G0 X22.600 Y98.341 F3000.000
G1 Z1.000 F500.000
G4 P100
G1 X22.785 Y99.576 F1000.000
G1 X22.933 Y99.789
G1 X23.220 Y99.856
G1 X23.360 Y99.831
G1 X23.400 Y99.736
G1 X23.195 Y98.656
G1 X23.565 Y99.356
G1 X23.968 Y99.741
G1 X24.330 Y99.856
G1 X24.574 Y99.775
G1 X24.655 Y99.531
G1 X24.601 Y98.835
G1 X24.695 Y98.791
G1 X25.190 Y99.076
G1 X25.293 Y99.019
G1 X25.330 Y98.866
G1 X25.230 Y98.576
G1 X24.902 Y98.329
G1 X24.505 Y98.226
G1 X24.272 Y98.260
G1 X23.999 Y98.520
G1 X23.935 Y99.091
G1 X23.738 Y98.924
G1 X23.495 Y98.481
G1 X23.172 Y97.584
G1 X22.945 Y97.501
G1 X22.783 Y97.551
G1 X22.677 Y97.701
G1 X22.600 Y98.341
G0 Z5.000 F500.000
G0 X24.953 Y97.701 F3000.000
G1 Z1.000 F500.000
G4 P100
G1 X24.875 Y98.341 F1000.000
G1 X24.921 Y98.975
G1 X25.060 Y99.576
G1 X25.207 Y99.789
G1 X25.495 Y99.856
G1 X25.635 Y99.831
G1 X25.675 Y99.736
G1 X25.470 Y98.656
G1 X25.840 Y99.356
G1 X26.242 Y99.741
G1 X26.605 Y99.856
G1 X26.849 Y99.775
G1 X26.930 Y99.531
G1 X26.876 Y98.835
G1 X26.970 Y98.791
G1 X27.465 Y99.076
G1 X27.568 Y99.019
G1 X27.605 Y98.866
G1 X27.505 Y98.576
G1 X27.178 Y98.329
G1 X26.780 Y98.226
G1 X26.377 Y98.361
G1 X26.274 Y98.520
G1 X26.210 Y99.091
G1 X26.013 Y98.924
G1 X25.770 Y98.481
G1 X25.447 Y97.584
G1 X25.220 Y97.501
G1 X25.058 Y97.551
G1 X24.953 Y97.701
G0 Z5.000 F500.000
G0 X27.175 Y98.031 F3000.000
G1 Z1.000 F500.000
G4 P100
G1 X27.065 Y98.551 F1000.000
G1 X27.210 Y99.229
G1 X27.383 Y99.494
G1 X27.879 Y99.820
G1 X28.175 Y99.861
G1 X28.518 Y99.796
G1 X28.788 Y99.599
G1 X28.972 Y99.306
G1 X29.060 Y98.951
G1 X29.690 Y99.061
G1 X29.790 Y98.996
G1 X29.789 Y98.640
G1 X29.680 Y98.546
G1 X29.020 Y98.426
G1 X28.879 Y98.048
G1 X28.645 Y97.754
G1 X28.346 Y97.565
G1 X27.732 Y97.538
G1 X27.497 Y97.646
G1 X27.175 Y98.031
G0 Z5.000 F500.000
G0 X27.797 Y98.176 F3000.000
G1 Z1.000 F500.000
G4 P100
G1 X28.050 Y98.031 F1000.000
G1 X28.328 Y98.161
G1 X28.485 Y98.536
G1 X28.247 Y98.811
G1 X28.180 Y99.331
G1 X27.978 Y99.283
G1 X27.822 Y99.139
G1 X27.723 Y98.907
G1 X27.690 Y98.596
G1 X27.797 Y98.176
G0 Z5.000 F500.000
G0 X29.465 Y98.166 F3000.000
G1 Z1.000 F500.000
G4 P100
G1 X29.405 Y99.566 F1000.000
G1 X29.495 Y99.796
G1 X29.750 Y99.861
G1 X29.942 Y99.804
G1 X30.005 Y99.611
G1 X30.075 Y98.116
G1 X30.700 Y99.606
G1 X30.832 Y99.809
G1 X31.020 Y99.861
G1 X31.207 Y99.806
G1 X31.260 Y99.611
G1 X31.330 Y98.116
G1 X31.780 Y98.826
G1 X31.705 Y99.171
G1 X31.780 Y99.501
G1 X31.985 Y99.761
G1 X32.280 Y99.861
G1 X32.515 Y99.759
G1 X32.605 Y99.461
G1 X32.485 Y98.946
G1 X33.175 Y99.051
G1 X33.290 Y99.001
G1 X33.330 Y98.866
G1 X33.270 Y98.624
G1 X33.090 Y98.496
G1 X32.600 Y98.421
G1 X32.185 Y98.481
G1 X31.523 Y97.606
G1 X31.200 Y97.501
G1 X30.897 Y97.656
G1 X30.745 Y98.531
G1 X30.467 Y97.891
G1 X30.222 Y97.586
G1 X29.935 Y97.501
G1 X29.612 Y97.661
G1 X29.465 Y98.166
G0 Z5.000 F500.000
G0 X34.155 Y98.316 F3000.000
G1 Z1.000 F500.000
G4 P100
G1 X34.201 Y98.706 F1000.000
G1 X34.556 Y99.396
G1 X35.149 Y99.812
G1 X35.485 Y99.866
G1 X35.632 Y99.824
G1 X35.695 Y99.671
G1 X36.092 Y99.654
G1 X36.145 Y99.506
G1 X35.925 Y98.061
G1 X36.665 Y98.591
G1 X36.780 Y98.631
G1 X36.883 Y98.569
G1 X36.920 Y98.411
G1 X36.775 Y98.116
G1 X35.825 Y97.471
G1 X35.606 Y96.547
G1 X35.328 Y95.844
G1 X34.978 Y95.400
G1 X34.545 Y95.251
G1 X34.314 Y95.291
G1 X34.010 Y95.591
G1 X33.970 Y95.821
G1 X34.040 Y96.190
G1 X34.250 Y96.584
G1 X34.652 Y97.038
G1 X35.300 Y97.586
G1 X35.330 Y97.781
G1 X35.107 Y97.574
G1 X34.835 Y97.501
G1 X34.556 Y97.558
G1 X34.340 Y97.726
G1 X34.201 Y97.986
G1 X34.155 Y98.316
G0 Z5.000 F500.000
G0 X34.843 Y98.081 F3000.000
G1 Z1.000 F500.000
G4 P100
G1 X35.015 Y98.006 F1000.000
G1 X35.235 Y98.146
G1 X35.545 Y99.401
G1 X35.165 Y99.244
G1 X34.885 Y98.841
G1 X34.780 Y98.311
G1 X34.843 Y98.081
G0 Z5.000 F500.000
G0 X35.185 Y96.991 F3000.000
G1 Z1.000 F500.000
G4 P100
G1 X34.630 Y96.396 F1000.000
G1 X34.460 Y95.931
G1 X34.492 Y95.791
G1 X34.600 Y95.736
G1 X34.733 Y95.811
G1 X34.882 Y96.036
G1 X35.185 Y96.991
G0 Z5.000 F500.000
G0 X36.830 Y97.786 F3000.000
G1 Z1.000 F500.000
G4 P100
G1 X36.612 Y98.124 F1000.000
G1 X36.540 Y98.566
G1 X36.685 Y99.209
G1 X37.087 Y99.681
G1 X37.362 Y99.813
G1 X37.931 Y99.813
G1 X38.135 Y99.684
G1 X38.266 Y99.481
G1 X38.310 Y99.216
G1 X38.248 Y98.896
G1 X38.062 Y98.624
G1 X37.729 Y98.402
G1 X37.225 Y98.231
G1 X37.406 Y98.059
G1 X37.700 Y98.001
G1 X38.212 Y98.159
G1 X38.845 Y98.641
G1 X38.947 Y98.581
G1 X38.985 Y98.416
G1 X38.890 Y98.106
G1 X38.367 Y97.691
G1 X38.018 Y97.549
G1 X37.645 Y97.501
G1 X37.179 Y97.573
G1 X36.830 Y97.786
G0 Z5.000 F500.000
G0 X37.145 Y98.631 F3000.000
G1 Z1.000 F500.000
G4 P100
G1 X37.610 Y98.831 F1000.000
G1 X37.737 Y98.983
G1 X37.727 Y99.309
G1 X37.585 Y99.366
G1 X37.414 Y99.313
G1 X37.272 Y99.151
G1 X37.145 Y98.631
G0 Z5.000 F500.000
G0 X38.505 Y98.551 F3000.000
G1 Z1.000 F500.000
G4 P100
G1 X38.650 Y99.229 F1000.000
G1 X38.822 Y99.494
G1 X39.319 Y99.820
G1 X39.615 Y99.861
G1 X39.958 Y99.796
G1 X40.227 Y99.599
G1 X40.412 Y99.306
G1 X40.500 Y98.951
G1 X41.130 Y99.061
G1 X41.230 Y98.996
G1 X41.265 Y98.831
G1 X41.229 Y98.640
G1 X41.120 Y98.546
G1 X40.460 Y98.426
G1 X40.319 Y98.048
G1 X40.085 Y97.754
G1 X39.786 Y97.565
G1 X39.450 Y97.501
G1 X38.938 Y97.646
G1 X38.615 Y98.031
G1 X38.505 Y98.551
G0 Z5.000 F500.000
G0 X39.237 Y98.176 F3000.000
G1 Z1.000 F500.000
G4 P100
G1 X39.490 Y98.031 F1000.000
G1 X39.767 Y98.161
G1 X39.925 Y98.536
G1 X39.688 Y98.811
G1 X39.620 Y99.331
G1 X39.418 Y99.283
G1 X39.262 Y99.139
G1 X39.163 Y98.907
G1 X39.130 Y98.596
G1 X39.237 Y98.176
G0 Z5.000 F500.000
G0 X40.845 Y98.341 F3000.000
G1 Z1.000 F500.000
G4 P100
G1 X41.030 Y99.576 F1000.000
G1 X41.177 Y99.789
G1 X41.465 Y99.856
G1 X41.605 Y99.831
G1 X41.645 Y99.736
G1 X41.440 Y98.661
G1 X41.762 Y99.321
G1 X42.147 Y99.724
G1 X42.520 Y99.856
G1 X42.767 Y99.776
G1 X42.840 Y99.531
G1 X42.690 Y98.681
G1 X42.954 Y99.213
G1 X43.245 Y99.576
G1 X43.540 Y99.786
G1 X43.815 Y99.856
G1 X44.059 Y99.775
G1 X44.140 Y99.531
G1 X43.935 Y98.251
G1 X43.971 Y98.101
G1 X44.080 Y98.051
G1 X44.317 Y98.174
G1 X44.820 Y98.641
G1 X44.922 Y98.581
G1 X44.960 Y98.416
G1 X44.865 Y98.106
G1 X44.402 Y97.671
G1 X43.840 Y97.501
G1 X43.616 Y97.538
G1 X43.358 Y97.830
G1 X43.325 Y98.076
G1 X43.460 Y99.011
G1 X43.405 Y99.091
G1 X43.220 Y98.924
G1 X42.980 Y98.481
G1 X42.657 Y97.581
G1 X42.425 Y97.501
G1 X42.177 Y97.659
G1 X42.095 Y98.041
G1 X42.185 Y99.011
G1 X42.130 Y99.091
G1 X41.940 Y98.911
G1 X41.717 Y98.451
G1 X41.417 Y97.584
G1 X41.190 Y97.501
G1 X41.028 Y97.551
G1 X40.922 Y97.701
G1 X40.845 Y98.341
G0 Z5.000 F500.000
G0 X44.552 Y98.124 F3000.000
G1 Z1.000 F500.000
G4 P100
G1 X44.480 Y98.566 F1000.000
G1 X44.625 Y99.209
G1 X45.027 Y99.681
G1 X45.610 Y99.856
G1 X45.871 Y99.813
G1 X46.075 Y99.684
G1 X46.206 Y99.481
G1 X46.250 Y99.216
G1 X46.188 Y98.896
G1 X46.002 Y98.624
G1 X45.669 Y98.402
G1 X45.165 Y98.231
G1 X45.346 Y98.059
G1 X45.640 Y98.001
G1 X46.152 Y98.159
G1 X46.785 Y98.641
G1 X46.887 Y98.581
G1 X46.925 Y98.416
G1 X46.830 Y98.106
G1 X46.307 Y97.691
G1 X45.585 Y97.501
G1 X45.119 Y97.573
G1 X44.770 Y97.786
G1 X44.552 Y98.124
G0 Z5.000 F500.000
G0 X45.085 Y98.631 F3000.000
G1 Z1.000 F500.000
G4 P100
G1 X45.550 Y98.831 F1000.000
G1 X45.677 Y98.983
G1 X45.667 Y99.309
G1 X45.525 Y99.366
G1 X45.354 Y99.313
G1 X45.212 Y99.151
G1 X45.085 Y98.631
G0 Z5.000 F500.000
G0 X46.338 Y99.436 F3000.000
G1 Z1.000 F500.000
G4 P100
G1 X46.285 Y99.611 F1000.000
G1 X46.341 Y99.821
G1 X46.795 Y99.891
G1 X47.055 Y100.896
G1 X47.478 Y101.621
G1 X47.734 Y101.824
G1 X48.010 Y101.891
G1 X48.197 Y101.845
G1 X48.340 Y101.706
G1 X48.460 Y101.241
G1 X48.419 Y100.866
G1 X48.297 Y100.516
G1 X47.810 Y99.891
G1 X48.485 Y99.856
G1 X48.485 Y99.575
G1 X48.379 Y99.468
G1 X47.955 Y99.381
G1 X47.345 Y99.381
G1 X47.366 Y98.549
G1 X47.457 Y98.261
G1 X47.616 Y98.104
G1 X47.845 Y98.051
G1 X48.225 Y98.181
G1 X48.750 Y98.641
G1 X48.852 Y98.581
G1 X48.890 Y98.416
G1 X48.795 Y98.106
G1 X48.325 Y97.671
G1 X48.051 Y97.544
G1 X47.740 Y97.501
G1 X47.294 Y97.591
G1 X46.975 Y97.860
G1 X46.784 Y98.309
G1 X46.735 Y99.381
G1 X46.338 Y99.436
G0 Z5.000 F500.000
G0 X47.395 Y99.966 F3000.000
G1 Z1.000 F500.000
G4 P100
G1 X47.837 Y100.539 F1000.000
G1 X47.985 Y101.116
G1 X47.957 Y101.338
G1 X47.875 Y101.411
G1 X47.708 Y101.224
G1 X47.532 Y100.704
G1 X47.395 Y99.966
G0 Z5.000 F500.000
G0 X48.828 Y99.789 F3000.000
G1 Z1.000 F500.000
G4 P100
G1 X49.115 Y99.856 F1000.000
G1 X49.255 Y99.831
G1 X49.295 Y99.736
G1 X49.090 Y98.656
G1 X49.460 Y99.356
G1 X49.863 Y99.741
G1 X50.225 Y99.856
G1 X50.469 Y99.775
G1 X50.550 Y99.531
G1 X50.496 Y98.835
G1 X50.590 Y98.791
G1 X51.085 Y99.076
G1 X51.188 Y99.019
G1 X51.225 Y98.866
G1 X51.125 Y98.576
G1 X50.798 Y98.329
G1 X50.400 Y98.226
G1 X50.167 Y98.260
G1 X49.894 Y98.520
G1 X49.830 Y99.091
G1 X49.633 Y98.924
G1 X49.390 Y98.481
G1 X49.068 Y97.584
G1 X48.840 Y97.501
G1 X48.678 Y97.551
G1 X48.573 Y97.701
G1 X48.495 Y98.341
G1 X48.541 Y98.975
G1 X48.680 Y99.576
G1 X48.828 Y99.789
G0 Z5.000 F500.000
G0 X50.810 Y98.914 F3000.000
G1 Z1.000 F500.000
G4 P100
G1 X50.975 Y99.576 F1000.000
G1 X51.115 Y99.791
G1 X51.553 Y99.821
G1 X51.595 Y99.716
G1 X51.360 Y98.411
G1 X51.465 Y98.221
G1 X51.653 Y98.371
G1 X51.892 Y98.826
G1 X52.263 Y99.791
G1 X52.670 Y99.826
G1 X52.715 Y99.726
G1 X52.455 Y98.061
G1 X53.205 Y98.591
G1 X53.320 Y98.631
G1 X53.422 Y98.569
G1 X53.460 Y98.411
G1 X53.315 Y98.116
G1 X52.355 Y97.471
G1 X52.136 Y96.547
G1 X51.858 Y95.844
G1 X51.508 Y95.400
G1 X51.075 Y95.251
G1 X50.844 Y95.291
G1 X50.540 Y95.591
G1 X50.500 Y95.821
G1 X50.608 Y96.301
G1 X51.008 Y96.864
G1 X51.835 Y97.591
G1 X51.930 Y98.236
G1 X51.650 Y97.689
G1 X51.270 Y97.501
G1 X51.066 Y97.553
G1 X50.796 Y97.942
G1 X50.810 Y98.914
G0 Z5.000 F500.000
G0 X51.720 Y96.991 F3000.000
G1 Z1.000 F500.000
G4 P100
G1 X51.163 Y96.399 F1000.000
G1 X50.990 Y95.931
G1 X51.023 Y95.791
G1 X51.130 Y95.736
G1 X51.263 Y95.809
G1 X51.410 Y96.026
G1 X51.720 Y96.991
G0 Z5.000 F500.000
G0 X54.568 Y97.701 F3000.000
G1 Z1.000 F500.000
G4 P100
G1 X54.490 Y98.341 F1000.000
G1 X54.675 Y99.576
G1 X54.823 Y99.789
G1 X55.110 Y99.856
G1 X55.250 Y99.831
G1 X55.290 Y99.736
G1 X55.085 Y98.661
G1 X55.408 Y99.321
G1 X55.793 Y99.724
G1 X56.165 Y99.856
G1 X56.413 Y99.776
G1 X56.485 Y99.531
G1 X56.335 Y98.681
G1 X56.599 Y99.213
G1 X56.890 Y99.576
G1 X57.185 Y99.786
G1 X57.460 Y99.856
G1 X57.704 Y99.775
G1 X57.785 Y99.531
G1 X57.580 Y98.251
G1 X57.616 Y98.101
G1 X57.725 Y98.051
G1 X57.963 Y98.174
G1 X58.465 Y98.641
G1 X58.568 Y98.581
G1 X58.605 Y98.416
G1 X58.510 Y98.106
G1 X58.048 Y97.671
G1 X57.783 Y97.544
G1 X57.261 Y97.538
G1 X57.003 Y97.830
G1 X56.970 Y98.076
G1 X57.105 Y99.011
G1 X57.050 Y99.091
G1 X56.865 Y98.924
G1 X56.625 Y98.481
G1 X56.303 Y97.581
G1 X56.070 Y97.501
G1 X55.823 Y97.659
G1 X55.740 Y98.041
G1 X55.830 Y99.011
G1 X55.775 Y99.091
G1 X55.585 Y98.911
G1 X55.363 Y98.451
G1 X55.063 Y97.584
G1 X54.835 Y97.501
G1 X54.673 Y97.551
G1 X54.568 Y97.701
G0 Z5.000 F500.000
G0 X58.181 Y97.986 F3000.000
G1 Z1.000 F500.000
G4 P100
G1 X58.181 Y98.706 F1000.000
G1 X58.536 Y99.396
G1 X59.129 Y99.812
G1 X59.465 Y99.866
G1 X59.613 Y99.824
G1 X59.675 Y99.671
G1 X60.079 Y99.648
G1 X60.140 Y99.516
G1 X59.950 Y98.216
G1 X59.988 Y98.096
G1 X60.085 Y98.051
G1 X60.315 Y98.174
G1 X60.815 Y98.641
G1 X60.918 Y98.581
G1 X60.955 Y98.416
G1 X60.860 Y98.106
G1 X60.425 Y97.676
G1 X59.980 Y97.501
G1 X59.678 Y97.614
G1 X59.470 Y97.921
G1 X59.176 Y97.606
G1 X58.815 Y97.501
G1 X58.536 Y97.558
G1 X58.320 Y97.726
G1 X58.181 Y97.986
G0 Z5.000 F500.000
G0 X58.823 Y98.081 F3000.000
G1 Z1.000 F500.000
G4 P100
G1 X58.995 Y98.006 F1000.000
G1 X59.205 Y98.136
G1 X59.350 Y98.481
G1 X59.535 Y99.401
G1 X59.148 Y99.244
G1 X58.865 Y98.841
G1 X58.760 Y98.311
G1 X58.823 Y98.081
G0 Z5.000 F500.000
G0 X60.368 Y99.436 F3000.000
G1 Z1.000 F500.000
G4 P100
G1 X60.315 Y99.611 F1000.000
G1 X60.371 Y99.821
G1 X60.825 Y99.891
G1 X61.085 Y100.896
G1 X61.508 Y101.621
G1 X61.764 Y101.824
G1 X62.040 Y101.891
G1 X62.228 Y101.845
G1 X62.370 Y101.706
G1 X62.490 Y101.241
G1 X62.449 Y100.866
G1 X62.328 Y100.516
G1 X61.840 Y99.891
G1 X62.515 Y99.856
G1 X62.515 Y99.575
G1 X62.409 Y99.468
G1 X61.985 Y99.381
G1 X61.375 Y99.381
G1 X61.396 Y98.549
G1 X61.488 Y98.261
G1 X61.646 Y98.104
G1 X61.875 Y98.051
G1 X62.255 Y98.181
G1 X62.780 Y98.641
G1 X62.883 Y98.581
G1 X62.920 Y98.416
G1 X62.825 Y98.106
G1 X62.355 Y97.671
G1 X62.081 Y97.544
G1 X61.770 Y97.501
G1 X61.324 Y97.591
G1 X61.005 Y97.860
G1 X60.814 Y98.309
G1 X60.765 Y99.381
G1 X60.368 Y99.436
G0 Z5.000 F500.000
G0 X61.425 Y99.966 F3000.000
G1 Z1.000 F500.000
G4 P100
G1 X61.868 Y100.539 F1000.000
G1 X62.015 Y101.116
G1 X61.988 Y101.338
G1 X61.905 Y101.411
G1 X61.738 Y101.224
G1 X61.563 Y100.704
G1 X61.425 Y99.966
G0 Z5.000 F500.000
G0 X62.336 Y99.821 F3000.000
G1 Z1.000 F500.000
G4 P100
G1 X62.790 Y99.891 F1000.000
G1 X63.050 Y100.896
G1 X63.473 Y101.621
G1 X63.729 Y101.824
G1 X64.005 Y101.891
G1 X64.193 Y101.845
G1 X64.335 Y101.706
G1 X64.455 Y101.241
G1 X64.414 Y100.866
G1 X64.293 Y100.516
G1 X63.805 Y99.891
G1 X64.480 Y99.856
G1 X64.480 Y99.575
G1 X64.374 Y99.468
G1 X63.950 Y99.381
G1 X63.340 Y99.381
G1 X63.361 Y98.549
G1 X63.453 Y98.261
G1 X63.611 Y98.104
G1 X63.840 Y98.051
G1 X64.220 Y98.181
G1 X64.745 Y98.641
G1 X64.848 Y98.581
G1 X64.885 Y98.416
G1 X64.790 Y98.106
G1 X64.320 Y97.671
G1 X64.046 Y97.544
G1 X63.735 Y97.501
G1 X63.289 Y97.591
G1 X62.970 Y97.860
G1 X62.779 Y98.309
G1 X62.730 Y99.381
G1 X62.333 Y99.436
G1 X62.280 Y99.611
G1 X62.336 Y99.821
G0 Z5.000 F500.000
G0 X63.390 Y99.966 F3000.000
G1 Z1.000 F500.000
G4 P100
G1 X63.833 Y100.539 F1000.000
G1 X63.980 Y101.116
G1 X63.953 Y101.338
G1 X63.870 Y101.411
G1 X63.703 Y101.224
G1 X63.528 Y100.704
G1 X63.390 Y99.966
G0 Z5.000 F500.000
G0 X64.723 Y99.476 F3000.000
G1 Z1.000 F500.000
G4 P100
G1 X65.227 Y99.813 F1000.000
G1 X65.796 Y99.813
G1 X66.000 Y99.684
G1 X66.131 Y99.481
G1 X66.175 Y99.216
G1 X66.113 Y98.896
G1 X65.928 Y98.624
G1 X65.594 Y98.402
G1 X65.090 Y98.231
G1 X65.271 Y98.059
G1 X65.565 Y98.001
G1 X66.078 Y98.159
G1 X66.710 Y98.641
G1 X66.813 Y98.581
G1 X66.850 Y98.416
G1 X66.755 Y98.106
G1 X66.233 Y97.691
G1 X65.883 Y97.549
G1 X65.510 Y97.501
G1 X65.044 Y97.573
G1 X64.695 Y97.786
G1 X64.478 Y98.124
G1 X64.405 Y98.566
G1 X64.550 Y99.209
G1 X64.723 Y99.476
G0 Z5.000 F500.000
G0 X65.138 Y99.151 F3000.000
G1 Z1.000 F500.000
G4 P100
G1 X65.010 Y98.631 F1000.000
G1 X65.475 Y98.831
G1 X65.645 Y99.156
G1 X65.593 Y99.309
G1 X65.450 Y99.366
G1 X65.279 Y99.313
G1 X65.138 Y99.151
G0 Z5.000 F500.000
G0 X66.501 Y98.975 F3000.000
G1 Z1.000 F500.000
G4 P100
G1 X66.640 Y99.576 F1000.000
G1 X66.788 Y99.789
G1 X67.075 Y99.856
G1 X67.215 Y99.831
G1 X67.255 Y99.736
G1 X67.050 Y98.656
G1 X67.420 Y99.356
G1 X67.823 Y99.741
G1 X68.185 Y99.856
G1 X68.429 Y99.775
G1 X68.510 Y99.531
G1 X68.456 Y98.835
G1 X68.550 Y98.791
G1 X69.045 Y99.076
G1 X69.148 Y99.019
G1 X69.185 Y98.866
G1 X69.085 Y98.576
G1 X68.758 Y98.329
G1 X68.360 Y98.226
G1 X68.127 Y98.260
G1 X67.854 Y98.520
G1 X67.790 Y99.091
G1 X67.593 Y98.924
G1 X67.350 Y98.481
G1 X67.028 Y97.584
G1 X66.800 Y97.501
G1 X66.638 Y97.551
G1 X66.533 Y97.701
G1 X66.455 Y98.341
G1 X66.501 Y98.975
G0 Z5.000 F500.000
G0 X68.425 Y97.976 F3000.000
G1 Z1.000 F500.000
G4 P100
G1 X68.975 Y98.801 F1000.000
G1 X69.400 Y99.691
G1 X69.546 Y99.856
G1 X69.795 Y99.911
G1 X69.990 Y99.886
G1 X70.045 Y99.806
G1 X69.880 Y99.276
G1 X70.338 Y98.529
G1 X70.410 Y98.066
G1 X71.120 Y98.641
G1 X71.223 Y98.581
G1 X71.260 Y98.416
G1 X71.165 Y98.106
G1 X70.688 Y97.684
G1 X69.650 Y97.391
G1 X69.253 Y97.511
G1 X69.115 Y97.781
G1 X69.210 Y98.006
G1 X69.490 Y98.101
G1 X69.775 Y98.071
G1 X69.718 Y98.316
G1 X69.435 Y98.726
G1 X68.795 Y97.866
G1 X68.605 Y97.776
G1 X68.475 Y97.834
G1 X68.425 Y97.976
G0 Z5.000 F500.000
G0 X72.190 Y98.341 F3000.000
G1 Z1.000 F500.000
G4 P100
G1 X72.375 Y99.576 F1000.000
G1 X72.523 Y99.789
G1 X72.810 Y99.856
G1 X72.950 Y99.831
G1 X72.990 Y99.736
G1 X72.785 Y98.661
G1 X73.108 Y99.321
G1 X73.493 Y99.724
G1 X73.865 Y99.856
G1 X74.113 Y99.776
G1 X74.185 Y99.531
G1 X74.035 Y98.681
G1 X74.299 Y99.213
G1 X74.590 Y99.576
G1 X74.885 Y99.786
G1 X75.160 Y99.856
G1 X75.404 Y99.775
G1 X75.485 Y99.531
G1 X75.280 Y98.251
G1 X75.316 Y98.101
G1 X75.425 Y98.051
G1 X75.663 Y98.174
G1 X76.165 Y98.641
G1 X76.268 Y98.581
G1 X76.305 Y98.416
G1 X76.210 Y98.106
G1 X75.748 Y97.671
G1 X75.185 Y97.501
G1 X74.961 Y97.538
G1 X74.703 Y97.830
G1 X74.670 Y98.076
G1 X74.805 Y99.011
G1 X74.750 Y99.091
G1 X74.565 Y98.924
G1 X74.325 Y98.481
G1 X74.003 Y97.581
G1 X73.770 Y97.501
G1 X73.523 Y97.659
G1 X73.440 Y98.041
G1 X73.530 Y99.011
G1 X73.475 Y99.091
G1 X73.285 Y98.911
G1 X73.063 Y98.451
G1 X72.763 Y97.584
G1 X72.535 Y97.501
G1 X72.373 Y97.551
G1 X72.268 Y97.701
G1 X72.190 Y98.341
G0 Z5.000 F500.000
G0 X75.825 Y98.551 F3000.000
G1 Z1.000 F500.000
G4 P100
G1 X75.970 Y99.229 F1000.000
G1 X76.143 Y99.494
G1 X76.639 Y99.820
G1 X76.935 Y99.861
G1 X77.278 Y99.796
G1 X77.548 Y99.599
G1 X77.732 Y99.306
G1 X77.820 Y98.951
G1 X78.450 Y99.061
G1 X78.550 Y98.996
G1 X78.585 Y98.831
G1 X78.549 Y98.640
G1 X78.440 Y98.546
G1 X77.780 Y98.426
G1 X77.639 Y98.048
G1 X77.405 Y97.754
G1 X77.106 Y97.565
G1 X76.770 Y97.501
G1 X76.258 Y97.646
G1 X75.935 Y98.031
G1 X75.825 Y98.551
G0 Z5.000 F500.000
G0 X76.558 Y98.176 F3000.000
G1 Z1.000 F500.000
G4 P100
G1 X76.810 Y98.031 F1000.000
G1 X77.088 Y98.161
G1 X77.245 Y98.536
G1 X77.008 Y98.811
G1 X76.940 Y99.331
G1 X76.738 Y99.283
G1 X76.583 Y99.139
G1 X76.483 Y98.907
G1 X76.450 Y98.596
G1 X76.558 Y98.176
G0 Z5.000 F500.000
G0 X78.165 Y98.341 F3000.000
G1 Z1.000 F500.000
G4 P100
G1 X78.350 Y99.576 F1000.000
G1 X78.498 Y99.789
G1 X78.785 Y99.856
G1 X78.925 Y99.831
G1 X78.965 Y99.736
G1 X78.760 Y98.656
G1 X79.130 Y99.356
G1 X79.533 Y99.741
G1 X79.895 Y99.856
G1 X80.139 Y99.775
G1 X80.220 Y99.531
G1 X80.166 Y98.835
G1 X80.260 Y98.791
G1 X80.755 Y99.076
G1 X80.858 Y99.019
G1 X80.895 Y98.866
G1 X80.795 Y98.576
G1 X80.468 Y98.329
G1 X80.070 Y98.226
G1 X79.837 Y98.260
G1 X79.564 Y98.520
G1 X79.500 Y99.091
G1 X79.303 Y98.924
G1 X79.060 Y98.481
G1 X78.738 Y97.584
G1 X78.510 Y97.501
G1 X78.348 Y97.551
G1 X78.243 Y97.701
G1 X78.165 Y98.341
G0 Z5.000 F500.000
G0 X80.428 Y98.124 F3000.000
G1 Z1.000 F500.000
G4 P100
G1 X80.355 Y98.566 F1000.000
G1 X80.500 Y99.209
G1 X80.903 Y99.681
G1 X81.485 Y99.856
G1 X81.746 Y99.813
G1 X81.950 Y99.684
G1 X82.081 Y99.481
G1 X82.125 Y99.216
G1 X82.063 Y98.896
G1 X81.878 Y98.624
G1 X81.544 Y98.402
G1 X81.040 Y98.231
G1 X81.221 Y98.059
G1 X81.515 Y98.001
G1 X82.028 Y98.159
G1 X82.660 Y98.641
G1 X82.763 Y98.581
G1 X82.800 Y98.416
G1 X82.705 Y98.106
G1 X82.183 Y97.691
G1 X81.460 Y97.501
G1 X80.994 Y97.573
G1 X80.645 Y97.786
G1 X80.428 Y98.124
G0 Z5.000 F500.000
G0 X80.960 Y98.631 F3000.000
G1 Z1.000 F500.000
G4 P100
G1 X81.425 Y98.831 F1000.000
G1 X81.553 Y98.983
G1 X81.543 Y99.309
G1 X81.400 Y99.366
G1 X81.229 Y99.313
G1 X81.088 Y99.151
G1 X80.960 Y98.631
G0 Z5.000 F500.000
G0 X83.485 Y99.611 F3000.000
G1 Z1.000 F500.000
G4 P100
G1 X83.541 Y99.821 F1000.000
G1 X83.995 Y99.891
G1 X84.255 Y100.896
G1 X84.678 Y101.621
G1 X84.934 Y101.824
G1 X85.210 Y101.891
G1 X85.398 Y101.845
G1 X85.540 Y101.706
G1 X85.660 Y101.241
G1 X85.619 Y100.866
G1 X85.498 Y100.516
G1 X85.010 Y99.891
G1 X85.685 Y99.856
G1 X85.685 Y99.575
G1 X85.579 Y99.468
G1 X85.155 Y99.381
G1 X84.545 Y99.381
G1 X84.566 Y98.549
G1 X84.658 Y98.261
G1 X84.816 Y98.104
G1 X85.045 Y98.051
G1 X85.425 Y98.181
G1 X85.950 Y98.641
G1 X86.053 Y98.581
G1 X86.090 Y98.416
G1 X85.995 Y98.106
G1 X85.525 Y97.671
G1 X85.251 Y97.544
G1 X84.940 Y97.501
G1 X84.494 Y97.591
G1 X84.175 Y97.860
G1 X83.984 Y98.309
G1 X83.935 Y99.381
G1 X83.538 Y99.436
G1 X83.485 Y99.611
G0 Z5.000 F500.000
G0 X84.595 Y99.966 F3000.000
G1 Z1.000 F500.000
G4 P100
G1 X85.038 Y100.539 F1000.000
G1 X85.185 Y101.116
G1 X85.158 Y101.338
G1 X85.075 Y101.411
G1 X84.908 Y101.224
G1 X84.733 Y100.704
G1 X84.595 Y99.966
G0 Z5.000 F500.000
G0 X85.878 Y100.256 F3000.000
G1 Z1.000 F500.000
G4 P100
G1 X86.073 Y101.025 F1000.000
G1 X86.343 Y101.659
G1 X86.681 Y102.085
G1 X87.080 Y102.226
G1 X87.288 Y102.177
G1 X87.559 Y101.802
G1 X87.521 Y101.002
G1 X87.300 Y100.469
G1 X86.340 Y99.201
G1 X86.325 Y98.666
G1 X86.693 Y99.359
G1 X87.093 Y99.741
G1 X87.455 Y99.856
G1 X87.699 Y99.775
G1 X87.780 Y99.531
G1 X87.575 Y98.251
G1 X87.611 Y98.101
G1 X87.720 Y98.051
G1 X87.958 Y98.174
G1 X88.460 Y98.641
G1 X88.563 Y98.581
G1 X88.600 Y98.416
G1 X88.505 Y98.106
G1 X88.033 Y97.671
G1 X87.773 Y97.544
G1 X87.256 Y97.538
G1 X86.998 Y97.830
G1 X86.965 Y98.076
G1 X87.100 Y99.011
G1 X87.045 Y99.091
G1 X86.860 Y98.924
G1 X86.620 Y98.481
G1 X86.260 Y97.601
G1 X85.955 Y97.501
G1 X85.758 Y97.609
G1 X85.720 Y98.651
G1 X85.878 Y100.256
G0 Z5.000 F500.000
G0 X86.395 Y99.826 F3000.000
G1 Z1.000 F500.000
G4 P100
G1 X86.908 Y100.621 F1000.000
G1 X87.059 Y101.031
G1 X87.110 Y101.401
G1 X87.075 Y101.646
G1 X86.975 Y101.731
G1 X86.775 Y101.474
G1 X86.563 Y100.779
G1 X86.395 Y99.826
G0 Z5.000 F500.000
G0 X88.531 Y99.396 F3000.000
G1 Z1.000 F500.000
G4 P100
G1 X89.124 Y99.812 F1000.000
G1 X89.460 Y99.866
G1 X89.608 Y99.824
G1 X89.670 Y99.671
G1 X90.074 Y99.648
G1 X90.135 Y99.516
G1 X89.945 Y98.216
G1 X89.983 Y98.096
G1 X90.080 Y98.051
G1 X90.310 Y98.174
G1 X90.810 Y98.641
G1 X90.913 Y98.581
G1 X90.950 Y98.416
G1 X90.855 Y98.106
G1 X90.420 Y97.676
G1 X89.975 Y97.501
G1 X89.673 Y97.614
G1 X89.465 Y97.921
G1 X89.171 Y97.606
G1 X88.810 Y97.501
G1 X88.531 Y97.558
G1 X88.315 Y97.726
G1 X88.176 Y97.986
G1 X88.130 Y98.316
G1 X88.176 Y98.706
G1 X88.531 Y99.396
G0 Z5.000 F500.000
G0 X88.860 Y98.841 F3000.000
G1 Z1.000 F500.000
G4 P100
G1 X88.755 Y98.311 F1000.000
G1 X88.818 Y98.081
G1 X88.990 Y98.006
G1 X89.200 Y98.136
G1 X89.345 Y98.481
G1 X89.530 Y99.401
G1 X89.143 Y99.244
G1 X88.860 Y98.841
G0 Z5.000 F500.000
G0 X90.601 Y98.975 F3000.000
G1 Z1.000 F500.000
G4 P100
G1 X90.740 Y99.576 F1000.000
G1 X90.888 Y99.789
G1 X91.175 Y99.856
G1 X91.315 Y99.831
G1 X91.355 Y99.736
G1 X91.150 Y98.656
G1 X91.520 Y99.356
G1 X91.923 Y99.741
G1 X92.285 Y99.856
G1 X92.529 Y99.775
G1 X92.610 Y99.531
G1 X92.405 Y98.251
G1 X92.441 Y98.101
G1 X92.550 Y98.051
G1 X92.788 Y98.174
G1 X93.290 Y98.641
G1 X93.393 Y98.581
G1 X93.430 Y98.416
G1 X93.335 Y98.106
G1 X92.873 Y97.671
G1 X92.608 Y97.544
G1 X92.086 Y97.538
G1 X91.828 Y97.830
G1 X91.795 Y98.076
G1 X91.930 Y99.011
G1 X91.875 Y99.091
G1 X91.693 Y98.924
G1 X91.453 Y98.481
G1 X91.128 Y97.584
G1 X90.900 Y97.501
G1 X90.738 Y97.551
G1 X90.633 Y97.701
G1 X90.555 Y98.341
G1 X90.601 Y98.975
G0 Z5.000 F500.000
G0 X94.168 Y99.436 F3000.000
G1 Z1.000 F500.000
G4 P100
G1 X94.115 Y99.611 F1000.000
G1 X94.171 Y99.821
G1 X94.625 Y99.891
G1 X94.885 Y100.896
G1 X95.308 Y101.621
G1 X95.564 Y101.824
G1 X95.840 Y101.891
G1 X96.028 Y101.845
G1 X96.170 Y101.706
G1 X96.290 Y101.241
G1 X96.249 Y100.866
G1 X96.128 Y100.516
G1 X95.640 Y99.891
G1 X96.315 Y99.856
G1 X96.315 Y99.575
G1 X96.209 Y99.468
G1 X95.785 Y99.381
G1 X95.175 Y99.381
G1 X95.196 Y98.549
G1 X95.288 Y98.261
G1 X95.446 Y98.104
G1 X95.675 Y98.051
G1 X96.055 Y98.181
G1 X96.580 Y98.641
G1 X96.683 Y98.581
G1 X96.720 Y98.416
G1 X96.625 Y98.106
G1 X96.155 Y97.671
G1 X95.881 Y97.544
G1 X95.570 Y97.501
G1 X95.124 Y97.591
G1 X94.805 Y97.860
G1 X94.614 Y98.309
G1 X94.565 Y99.381
G1 X94.168 Y99.436
G0 Z5.000 F500.000
G0 X95.225 Y99.966 F3000.000
G1 Z1.000 F500.000
G4 P100
G1 X95.668 Y100.539 F1000.000
G1 X95.815 Y101.116
G1 X95.788 Y101.338
G1 X95.705 Y101.411
G1 X95.538 Y101.224
G1 X95.363 Y100.704
G1 X95.225 Y99.966
G0 Z5.000 F500.000
G0 X96.670 Y99.791 F3000.000
G1 Z1.000 F500.000
G4 P100
G1 X96.955 Y99.856 F1000.000
G1 X97.108 Y99.821
G1 X97.150 Y99.716
G1 X96.915 Y98.411
G1 X97.020 Y98.221
G1 X97.208 Y98.371
G1 X97.448 Y98.826
G1 X97.818 Y99.791
G1 X98.065 Y99.856
G1 X98.225 Y99.826
G1 X98.270 Y99.726
G1 X98.010 Y98.061
G1 X98.760 Y98.591
G1 X98.875 Y98.631
G1 X98.978 Y98.569
G1 X99.015 Y98.411
G1 X98.870 Y98.116
G1 X97.910 Y97.471
G1 X97.691 Y96.547
G1 X97.413 Y95.844
G1 X97.063 Y95.400
G1 X96.630 Y95.251
G1 X96.399 Y95.291
G1 X96.095 Y95.591
G1 X96.055 Y95.821
G1 X96.163 Y96.301
G1 X96.563 Y96.864
G1 X97.390 Y97.591
G1 X97.485 Y98.236
G1 X97.205 Y97.689
G1 X97.020 Y97.548
G1 X96.621 Y97.553
G1 X96.458 Y97.709
G1 X96.315 Y98.226
G1 X96.365 Y98.914
G1 X96.530 Y99.576
G1 X96.670 Y99.791
G0 Z5.000 F500.000
G0 X97.275 Y96.991 F3000.000
G1 Z1.000 F500.000
G4 P100
G1 X96.718 Y96.399 F1000.000
G1 X96.545 Y95.931
G1 X96.578 Y95.791
G1 X96.685 Y95.736
G1 X96.818 Y95.809
G1 X96.965 Y96.026
G1 X97.275 Y96.991
G0 Z5.000 F500.000
G0 X97.875 Y95.976 F3000.000
G1 Z1.000 F500.000
G4 P100
G1 X98.100 Y97.119 F1000.000
G1 X98.795 Y98.556
G1 X98.785 Y99.571
G1 X98.900 Y99.801
G1 X99.200 Y99.886
G1 X99.353 Y99.844
G1 X99.410 Y99.491
G1 X99.725 Y99.779
G1 X100.055 Y99.866
G1 X100.309 Y99.810
G1 X100.513 Y99.641
G1 X100.646 Y99.381
G1 X100.690 Y99.051
G1 X100.605 Y98.536
G1 X100.370 Y98.081
G1 X100.545 Y98.051
G1 X100.860 Y98.171
G1 X101.380 Y98.641
G1 X101.483 Y98.581
G1 X101.520 Y98.416
G1 X101.425 Y98.106
G1 X100.963 Y97.671
G1 X100.698 Y97.544
G1 X100.160 Y97.549
G1 X99.970 Y97.691
G1 X99.375 Y97.501
G1 X99.269 Y96.616
G1 X99.080 Y95.889
G1 X98.796 Y95.403
G1 X98.614 Y95.282
G1 X98.170 Y95.290
G1 X98.005 Y95.436
G1 X97.875 Y95.976
G0 Z5.000 F500.000
G0 X98.358 Y95.816 F3000.000
G1 Z1.000 F500.000
G4 P100
G1 X98.445 Y95.731 F1000.000
G1 X98.569 Y95.878
G1 X98.670 Y96.319
G1 X98.785 Y97.781
G1 X98.445 Y96.826
G1 X98.320 Y96.061
G1 X98.358 Y95.816
G0 Z5.000 F500.000
G0 X99.400 Y97.981 F3000.000
G1 Z1.000 F500.000
G4 P100
G1 X99.733 Y98.179 F1000.000
G1 X99.975 Y98.569
G1 X100.065 Y99.056
G1 X100.005 Y99.284
G1 X99.845 Y99.361
G1 X99.646 Y99.266
G1 X99.410 Y98.981
G1 X99.400 Y97.981
G0 Z5.000 F500.000
G0 X101.040 Y98.551 F3000.000
G1 Z1.000 F500.000
G4 P100
G1 X101.185 Y99.229 F1000.000
G1 X101.358 Y99.494
G1 X101.854 Y99.820
G1 X102.150 Y99.861
G1 X102.493 Y99.796
G1 X102.763 Y99.599
G1 X102.947 Y99.306
G1 X103.035 Y98.951
G1 X103.665 Y99.061
G1 X103.765 Y98.996
G1 X103.800 Y98.831
G1 X103.764 Y98.640
G1 X103.655 Y98.546
G1 X102.995 Y98.426
G1 X102.854 Y98.048
G1 X102.620 Y97.754
G1 X102.321 Y97.565
G1 X101.985 Y97.501
G1 X101.473 Y97.646
G1 X101.150 Y98.031
G1 X101.040 Y98.551
G0 Z5.000 F500.000
G0 X101.773 Y98.176 F3000.000
G1 Z1.000 F500.000
G4 P100
G1 X102.025 Y98.031 F1000.000
G1 X102.303 Y98.161
G1 X102.460 Y98.536
G1 X102.223 Y98.811
G1 X102.155 Y99.331
G1 X101.953 Y99.283
G1 X101.798 Y99.139
G1 X101.698 Y98.907
G1 X101.665 Y98.596
G1 X101.773 Y98.176
G0 Z5.000 F500.000
G0 X103.305 Y98.316 F3000.000
G1 Z1.000 F500.000
G4 P100
G1 X103.351 Y98.706 F1000.000
G1 X103.706 Y99.396
G1 X104.299 Y99.812
G1 X104.635 Y99.866
G1 X104.783 Y99.824
G1 X104.845 Y99.671
G1 X105.243 Y99.654
G1 X105.295 Y99.506
G1 X105.075 Y98.061
G1 X105.815 Y98.591
G1 X105.930 Y98.631
G1 X106.033 Y98.569
G1 X106.070 Y98.411
G1 X105.925 Y98.116
G1 X104.975 Y97.471
G1 X104.756 Y96.547
G1 X104.478 Y95.844
G1 X104.128 Y95.400
G1 X103.695 Y95.251
G1 X103.464 Y95.291
G1 X103.160 Y95.591
G1 X103.120 Y95.821
G1 X103.190 Y96.190
G1 X103.400 Y96.584
G1 X103.803 Y97.038
G1 X104.450 Y97.586
G1 X104.480 Y97.781
G1 X104.258 Y97.574
G1 X103.985 Y97.501
G1 X103.706 Y97.558
G1 X103.490 Y97.726
G1 X103.351 Y97.986
G1 X103.305 Y98.316
G0 Z5.000 F500.000
G0 X103.993 Y98.081 F3000.000
G1 Z1.000 F500.000
G4 P100
G1 X104.165 Y98.006 F1000.000
G1 X104.385 Y98.146
G1 X104.695 Y99.401
G1 X104.315 Y99.244
G1 X104.035 Y98.841
G1 X103.930 Y98.311
G1 X103.993 Y98.081
G0 Z5.000 F500.000
G0 X104.335 Y96.991 F3000.000
G1 Z1.000 F500.000
G4 P100
G1 X103.780 Y96.396 F1000.000
G1 X103.610 Y95.931
G1 X103.643 Y95.791
G1 X103.750 Y95.736
G1 X103.883 Y95.811
G1 X104.033 Y96.036
G1 X104.335 Y96.991
G0 Z5.000 F500.000
G0 X105.958 Y97.551 F3000.000
G1 Z1.000 F500.000
G4 P100
G1 X105.853 Y97.701 F1000.000
G1 X105.775 Y98.341
G1 X105.821 Y98.975
G1 X105.960 Y99.576
G1 X106.108 Y99.789
G1 X106.395 Y99.856
G1 X106.535 Y99.831
G1 X106.575 Y99.736
G1 X106.370 Y98.656
G1 X106.740 Y99.356
G1 X107.143 Y99.741
G1 X107.505 Y99.856
G1 X107.749 Y99.775
G1 X107.830 Y99.531
G1 X107.776 Y98.835
G1 X107.870 Y98.791
G1 X108.365 Y99.076
G1 X108.468 Y99.019
G1 X108.505 Y98.866
G1 X108.405 Y98.576
G1 X108.078 Y98.329
G1 X107.680 Y98.226
G1 X107.278 Y98.361
G1 X107.174 Y98.520
G1 X107.110 Y99.091
G1 X106.913 Y98.924
G1 X106.670 Y98.481
G1 X106.348 Y97.584
G1 X106.120 Y97.501
G1 X105.958 Y97.551
G0 Z5.000 F500.000
G0 X108.021 Y97.986 F3000.000
G1 Z1.000 F500.000
G4 P100
G1 X108.021 Y98.706 F1000.000
G1 X108.376 Y99.396
G1 X108.969 Y99.812
G1 X109.305 Y99.866
G1 X109.453 Y99.824
G1 X109.515 Y99.671
G1 X109.919 Y99.648
G1 X109.980 Y99.516
G1 X109.790 Y98.216
G1 X109.828 Y98.096
G1 X109.925 Y98.051
G1 X110.155 Y98.174
G1 X110.655 Y98.641
G1 X110.758 Y98.581
G1 X110.795 Y98.416
G1 X110.700 Y98.106
G1 X110.265 Y97.676
G1 X109.820 Y97.501
G1 X109.518 Y97.614
G1 X109.310 Y97.921
G1 X109.016 Y97.606
G1 X108.655 Y97.501
G1 X108.376 Y97.558
G1 X108.160 Y97.726
G1 X108.021 Y97.986
G0 Z5.000 F500.000
G0 X108.663 Y98.081 F3000.000
G1 Z1.000 F500.000
G4 P100
G1 X108.835 Y98.006 F1000.000
G1 X109.045 Y98.136
G1 X109.190 Y98.481
G1 X109.375 Y99.401
G1 X108.988 Y99.244
G1 X108.705 Y98.841
G1 X108.600 Y98.311
G1 X108.663 Y98.081
G0 Z5.000 F500.000
G0 X110.066 Y97.805 F3000.000
G1 Z1.000 F500.000
G4 P100
G1 X110.475 Y98.556 F1000.000
G1 X110.465 Y99.571
G1 X110.580 Y99.801
G1 X110.880 Y99.886
G1 X111.033 Y99.844
G1 X111.090 Y99.491
G1 X111.405 Y99.779
G1 X111.735 Y99.866
G1 X111.989 Y99.810
G1 X112.193 Y99.641
G1 X112.326 Y99.381
G1 X112.370 Y99.051
G1 X112.285 Y98.536
G1 X112.050 Y98.081
G1 X112.225 Y98.051
G1 X112.540 Y98.171
G1 X113.060 Y98.641
G1 X113.163 Y98.581
G1 X113.200 Y98.416
G1 X113.105 Y98.106
G1 X112.643 Y97.671
G1 X112.378 Y97.544
G1 X111.840 Y97.549
G1 X111.650 Y97.691
G1 X111.055 Y97.501
G1 X110.949 Y96.616
G1 X110.760 Y95.889
G1 X110.476 Y95.403
G1 X110.085 Y95.241
G1 X109.850 Y95.290
G1 X109.685 Y95.436
G1 X109.555 Y95.976
G1 X109.780 Y97.119
G1 X110.066 Y97.805
G0 Z5.000 F500.000
G0 X110.125 Y96.826 F3000.000
G1 Z1.000 F500.000
G4 P100
G1 X110.000 Y96.061 F1000.000
G1 X110.038 Y95.816
G1 X110.125 Y95.731
G1 X110.249 Y95.878
G1 X110.350 Y96.319
G1 X110.465 Y97.781
G1 X110.125 Y96.826
G0 Z5.000 F500.000
G0 X111.080 Y97.981 F3000.000
G1 Z1.000 F500.000
G4 P100
G1 X111.413 Y98.179 F1000.000
G1 X111.655 Y98.569
G1 X111.745 Y99.056
G1 X111.685 Y99.284
G1 X111.525 Y99.361
G1 X111.326 Y99.266
G1 X111.090 Y98.981
G1 X111.080 Y97.981
G0 Z5.000 F500.000
G0 X112.825 Y98.251 F3000.000
G1 Z1.000 F500.000
G4 P100
G1 X112.988 Y100.256 F1000.000
G1 X113.183 Y101.025
G1 X113.453 Y101.659
G1 X113.791 Y102.085
G1 X114.190 Y102.226
G1 X114.398 Y102.177
G1 X114.669 Y101.802
G1 X114.631 Y101.002
G1 X114.410 Y100.469
G1 X113.450 Y99.201
G1 X113.435 Y98.666
G1 X113.803 Y99.359
G1 X114.203 Y99.741
G1 X114.565 Y99.856
G1 X114.809 Y99.775
G1 X114.890 Y99.531
G1 X114.685 Y98.251
G1 X114.721 Y98.101
G1 X114.830 Y98.051
G1 X115.068 Y98.174
G1 X115.570 Y98.641
G1 X115.673 Y98.581
G1 X115.710 Y98.416
G1 X115.615 Y98.106
G1 X115.143 Y97.671
G1 X114.883 Y97.544
G1 X114.366 Y97.538
G1 X114.108 Y97.830
G1 X114.075 Y98.076
G1 X114.210 Y99.011
G1 X114.155 Y99.091
G1 X113.970 Y98.924
G1 X113.730 Y98.481
G1 X113.370 Y97.601
G1 X113.065 Y97.501
G1 X112.868 Y97.609
G1 X112.825 Y98.251
G0 Z5.000 F500.000
G0 X113.505 Y99.826 F3000.000
G1 Z1.000 F500.000
G4 P100
G1 X114.018 Y100.621 F1000.000
G1 X114.169 Y101.031
G1 X114.220 Y101.401
G1 X114.185 Y101.646
G1 X114.085 Y101.731
G1 X113.885 Y101.474
G1 X113.673 Y100.779
G1 X113.505 Y99.826
G0 Z5.000 F500.000
G0 X115.520 Y99.576 F3000.000
G1 Z1.000 F500.000
G4 P100
G1 X115.660 Y99.791 F1000.000
G1 X115.945 Y99.856
G1 X116.098 Y99.821
G1 X116.140 Y99.716
G1 X115.905 Y98.411
G1 X116.010 Y98.221
G1 X116.198 Y98.371
G1 X116.438 Y98.826
G1 X116.808 Y99.791
G1 X117.055 Y99.856
G1 X117.215 Y99.826
G1 X117.260 Y99.726
G1 X117.000 Y98.061
G1 X117.750 Y98.591
G1 X117.865 Y98.631
G1 X117.968 Y98.569
G1 X118.005 Y98.411
G1 X117.860 Y98.116
G1 X116.900 Y97.471
G1 X116.681 Y96.547
G1 X116.403 Y95.844
G1 X116.053 Y95.400
G1 X115.620 Y95.251
G1 X115.389 Y95.291
G1 X115.085 Y95.591
G1 X115.045 Y95.821
G1 X115.153 Y96.301
G1 X115.553 Y96.864
G1 X116.380 Y97.591
G1 X116.475 Y98.236
G1 X116.195 Y97.689
G1 X116.010 Y97.548
G1 X115.611 Y97.553
G1 X115.448 Y97.709
G1 X115.305 Y98.226
G1 X115.355 Y98.914
G1 X115.520 Y99.576
G0 Z5.000 F500.000
G0 X116.265 Y96.991 F3000.000
G1 Z1.000 F500.000
G4 P100
G1 X115.708 Y96.399 F1000.000
G1 X115.535 Y95.931
G1 X115.568 Y95.791
G1 X115.675 Y95.736
G1 X115.808 Y95.809
G1 X115.955 Y96.026
G1 X116.265 Y96.991
G0 Z5.000 F500.000
G0 X119.168 Y97.731 F3000.000
G1 Z1.000 F500.000
G4 P100
G1 X119.020 Y98.341 F1000.000
G1 X119.225 Y99.576
G1 X119.345 Y99.796
G1 X119.585 Y99.856
G1 X119.776 Y99.814
G1 X119.840 Y99.686
G1 X119.625 Y98.361
G1 X119.665 Y98.131
G1 X119.800 Y98.051
G1 X120.025 Y98.176
G1 X120.520 Y98.641
G1 X120.623 Y98.581
G1 X120.660 Y98.416
G1 X120.565 Y98.106
G1 X120.086 Y97.653
G1 X119.640 Y97.501
G1 X119.359 Y97.559
G1 X119.168 Y97.731
G0 Z5.000 F500.000
G0 X119.680 Y100.186 F3000.000
G1 Z1.000 F500.000
G4 P100
G1 X119.365 Y100.284 F1000.000
G1 X119.260 Y100.556
G1 X119.398 Y100.849
G1 X119.740 Y100.966
G1 X120.040 Y100.876
G1 X120.155 Y100.621
G1 X120.025 Y100.304
G1 X119.680 Y100.186
G0 Z5.000 F500.000
G0 X120.598 Y99.789 F3000.000
G1 Z1.000 F500.000
G4 P100
G1 X120.885 Y99.856 F1000.000
G1 X121.025 Y99.831
G1 X121.065 Y99.736
G1 X120.860 Y98.656
G1 X121.230 Y99.356
G1 X121.633 Y99.741
G1 X121.995 Y99.856
G1 X122.239 Y99.775
G1 X122.320 Y99.531
G1 X122.115 Y98.251
G1 X122.151 Y98.101
G1 X122.260 Y98.051
G1 X122.498 Y98.174
G1 X123.000 Y98.641
G1 X123.103 Y98.581
G1 X123.140 Y98.416
G1 X123.045 Y98.106
G1 X122.583 Y97.671
G1 X122.318 Y97.544
G1 X121.796 Y97.538
G1 X121.538 Y97.830
G1 X121.505 Y98.076
G1 X121.640 Y99.011
G1 X121.585 Y99.091
G1 X121.403 Y98.924
G1 X121.163 Y98.481
G1 X120.838 Y97.584
G1 X120.610 Y97.501
G1 X120.448 Y97.551
G1 X120.343 Y97.701
G1 X120.265 Y98.341
G1 X120.311 Y98.975
G1 X120.450 Y99.576
G1 X120.598 Y99.789
G0 Z5.000 F500.000
G0 X123.825 Y99.611 F3000.000
G1 Z1.000 F500.000
G4 P100
G1 X123.881 Y99.821 F1000.000
G1 X124.335 Y99.891
G1 X124.595 Y100.896
G1 X125.018 Y101.621
G1 X125.274 Y101.824
G1 X125.550 Y101.891
G1 X125.738 Y101.845
G1 X125.880 Y101.706
G1 X126.000 Y101.241
G1 X125.959 Y100.866
G1 X125.838 Y100.516
G1 X125.350 Y99.891
G1 X126.025 Y99.856
G1 X126.025 Y99.575
G1 X125.919 Y99.468
G1 X125.495 Y99.381
G1 X124.885 Y99.381
G1 X124.906 Y98.549
G1 X124.998 Y98.261
G1 X125.156 Y98.104
G1 X125.385 Y98.051
G1 X125.765 Y98.181
G1 X126.290 Y98.641
G1 X126.393 Y98.581
G1 X126.430 Y98.416
G1 X126.335 Y98.106
G1 X125.865 Y97.671
G1 X125.591 Y97.544
G1 X125.280 Y97.501
G1 X124.834 Y97.591
G1 X124.515 Y97.860
G1 X124.324 Y98.309
G1 X124.275 Y99.381
G1 X123.878 Y99.436
G1 X123.825 Y99.611
G0 Z5.000 F500.000
G0 X124.935 Y99.966 F3000.000
G1 Z1.000 F500.000
G4 P100
G1 X125.378 Y100.539 F1000.000
G1 X125.525 Y101.116
G1 X125.498 Y101.338
G1 X125.415 Y101.411
G1 X125.248 Y101.224
G1 X125.073 Y100.704
G1 X124.935 Y99.966
G0 Z5.000 F500.000
G0 X126.218 Y100.256 F3000.000
G1 Z1.000 F500.000
G4 P100
G1 X126.413 Y101.025 F1000.000
G1 X126.683 Y101.659
G1 X127.021 Y102.085
G1 X127.420 Y102.226
G1 X127.628 Y102.177
G1 X127.899 Y101.802
G1 X127.861 Y101.002
G1 X127.640 Y100.469
G1 X126.680 Y99.201
G1 X126.665 Y98.666
G1 X127.033 Y99.359
G1 X127.433 Y99.741
G1 X127.795 Y99.856
G1 X128.039 Y99.775
G1 X128.120 Y99.531
G1 X127.915 Y98.251
G1 X127.951 Y98.101
G1 X128.060 Y98.051
G1 X128.298 Y98.174
G1 X128.800 Y98.641
G1 X128.903 Y98.581
G1 X128.940 Y98.416
G1 X128.845 Y98.106
G1 X128.373 Y97.671
G1 X128.113 Y97.544
G1 X127.596 Y97.538
G1 X127.338 Y97.830
G1 X127.305 Y98.076
G1 X127.440 Y99.011
G1 X127.385 Y99.091
G1 X127.200 Y98.924
G1 X126.960 Y98.481
G1 X126.600 Y97.601
G1 X126.295 Y97.501
G1 X126.098 Y97.609
G1 X126.060 Y98.651
G1 X126.218 Y100.256
G0 Z5.000 F500.000
G0 X126.735 Y99.826 F3000.000
G1 Z1.000 F500.000
G4 P100
G1 X127.248 Y100.621 F1000.000
G1 X127.399 Y101.031
G1 X127.450 Y101.401
G1 X127.415 Y101.646
G1 X127.315 Y101.731
G1 X127.115 Y101.474
G1 X126.903 Y100.779
G1 X126.735 Y99.826
G0 Z5.000 F500.000
G0 X128.770 Y100.556 F3000.000
G1 Z1.000 F500.000
G4 P100
G1 X128.908 Y100.849 F1000.000
G1 X129.250 Y100.966
G1 X129.550 Y100.876
G1 X129.665 Y100.621
G1 X129.535 Y100.304
G1 X129.190 Y100.186
G1 X128.875 Y100.284
G1 X128.770 Y100.556
G0 Z5.000 F500.000
G0 X129.095 Y99.856 F3000.000
G1 Z1.000 F500.000
G4 P100
G1 X129.286 Y99.814 F1000.000
G1 X129.350 Y99.686
G1 X129.135 Y98.361
G1 X129.175 Y98.131
G1 X129.310 Y98.051
G1 X129.535 Y98.176
G1 X130.030 Y98.641
G1 X130.133 Y98.581
G1 X130.170 Y98.416
G1 X130.075 Y98.106
G1 X129.596 Y97.653
G1 X129.150 Y97.501
G1 X128.869 Y97.559
G1 X128.678 Y97.731
G1 X128.530 Y98.341
G1 X128.735 Y99.576
G1 X128.855 Y99.796
G1 X129.095 Y99.856
G0 Z5.000 F500.000
G0 X130.220 Y99.189 F3000.000
G1 Z1.000 F500.000
G4 P100
G1 X130.591 Y99.856 F1000.000
G1 X131.035 Y99.886
G1 X131.090 Y99.806
G1 X130.925 Y99.276
G1 X131.383 Y98.529
G1 X131.455 Y98.066
G1 X132.165 Y98.641
G1 X132.268 Y98.581
G1 X132.305 Y98.416
G1 X132.210 Y98.106
G1 X131.733 Y97.684
G1 X131.170 Y97.561
G1 X130.951 Y97.434
G1 X130.695 Y97.391
G1 X130.298 Y97.511
G1 X130.160 Y97.781
G1 X130.255 Y98.006
G1 X130.535 Y98.101
G1 X130.820 Y98.071
G1 X130.763 Y98.316
G1 X130.480 Y98.726
G1 X129.840 Y97.866
G1 X129.650 Y97.776
G1 X129.520 Y97.834
G1 X129.470 Y97.976
G1 X129.540 Y98.161
G1 X130.220 Y99.189
G0 Z5.000 F500.000
G0 X133.260 Y99.001 F3000.000
G1 Z1.000 F500.000
G4 P100
G1 X133.420 Y100.404 F1000.000
G1 X133.617 Y101.105
G1 X133.888 Y101.694
G1 X134.224 Y102.093
G1 X134.620 Y102.226
G1 X134.828 Y102.177
G1 X135.095 Y101.802
G1 X135.130 Y101.516
G1 X134.975 Y100.701
G1 X134.460 Y99.851
G1 X134.764 Y99.770
G1 X135.005 Y99.574
G1 X135.173 Y99.292
G1 X135.255 Y98.951
G1 X135.885 Y99.061
G1 X135.985 Y98.996
G1 X135.985 Y98.639
G1 X135.875 Y98.546
G1 X135.215 Y98.426
G1 X135.071 Y98.051
G1 X134.838 Y97.756
G1 X134.546 Y97.565
G1 X134.225 Y97.501
G1 X133.789 Y97.598
G1 X133.490 Y97.886
G1 X133.318 Y98.358
G1 X133.260 Y99.001
G0 Z5.000 F500.000
G0 X133.885 Y98.616 F3000.000
G1 Z1.000 F500.000
G4 P100
G1 X133.993 Y98.181 F1000.000
G1 X134.245 Y98.031
G1 X134.520 Y98.161
G1 X134.680 Y98.536
G1 X134.443 Y98.811
G1 X134.380 Y99.361
G1 X134.181 Y99.311
G1 X134.023 Y99.159
G1 X133.885 Y98.616
G0 Z5.000 F500.000
G0 X133.920 Y99.511 F3000.000
G1 Z1.000 F500.000
G4 P100
G1 X134.596 Y101.016 F1000.000
G1 X134.645 Y101.401
G1 X134.608 Y101.646
G1 X134.505 Y101.731
G1 X134.288 Y101.434
G1 X134.070 Y100.626
G1 X133.920 Y99.511
G0 Z5.000 F500.000
G0 X135.783 Y100.326 F3000.000
G1 Z1.000 F500.000
G4 P100
G1 X135.978 Y101.051 F1000.000
G1 X136.248 Y101.666
G1 X136.584 Y102.086
G1 X136.980 Y102.226
G1 X137.194 Y102.171
G1 X137.358 Y102.004
G1 X137.461 Y101.733
G1 X137.495 Y101.366
G1 X137.413 Y100.724
G1 X137.165 Y99.986
G1 X136.776 Y99.205
G1 X136.270 Y98.431
G1 X136.385 Y98.139
G1 X136.595 Y98.051
G1 X136.955 Y98.169
G1 X137.485 Y98.641
G1 X137.588 Y98.581
G1 X137.625 Y98.416
G1 X137.530 Y98.106
G1 X137.063 Y97.671
G1 X136.793 Y97.544
G1 X136.490 Y97.501
G1 X136.107 Y97.601
G1 X135.838 Y97.901
G1 X135.678 Y98.360
G1 X135.625 Y98.936
G1 X135.783 Y100.326
G0 Z5.000 F500.000
G0 X136.235 Y99.106 F3000.000
G1 Z1.000 F500.000
G4 P100
G1 X136.800 Y100.279 F1000.000
G1 X136.958 Y100.841
G1 X137.010 Y101.351
G1 X136.975 Y101.636
G1 X136.870 Y101.731
G1 X136.610 Y101.316
G1 X136.355 Y100.286
G1 X136.235 Y99.106
G0 Z5.000 F500.000
G0 X137.463 Y99.494 F3000.000
G1 Z1.000 F500.000
G4 P100
G1 X137.959 Y99.820 F1000.000
G1 X138.255 Y99.861
G1 X138.598 Y99.796
G1 X138.868 Y99.599
G1 X139.052 Y99.306
G1 X139.140 Y98.951
G1 X139.770 Y99.061
G1 X139.870 Y98.996
G1 X139.869 Y98.640
G1 X139.760 Y98.546
G1 X139.100 Y98.426
G1 X138.959 Y98.048
G1 X138.725 Y97.754
G1 X138.426 Y97.565
G1 X137.812 Y97.538
G1 X137.578 Y97.646
G1 X137.255 Y98.031
G1 X137.145 Y98.551
G1 X137.290 Y99.229
G1 X137.463 Y99.494
G0 Z5.000 F500.000
G0 X137.803 Y98.907 F3000.000
G1 Z1.000 F500.000
G4 P100
G1 X137.770 Y98.596 F1000.000
G1 X137.878 Y98.176
G1 X138.130 Y98.031
G1 X138.408 Y98.161
G1 X138.565 Y98.536
G1 X138.328 Y98.811
G1 X138.260 Y99.331
G1 X138.058 Y99.283
G1 X137.903 Y99.139
G1 X137.803 Y98.907
G0 Z5.000 F500.000
G0 X139.435 Y98.891 F3000.000
G1 Z1.000 F500.000
G4 P100
G1 X139.555 Y99.221 F1000.000
G1 X139.970 Y99.691
G1 X140.231 Y99.815
G1 X140.749 Y99.816
G1 X141.047 Y99.508
G1 X141.085 Y99.276
G1 X140.993 Y98.921
G1 X140.750 Y98.776
G1 X140.598 Y98.821
G1 X140.558 Y99.331
G1 X140.465 Y99.366
G1 X140.250 Y99.264
G1 X140.090 Y98.986
G1 X140.030 Y98.601
G1 X140.156 Y98.166
G1 X140.535 Y98.021
G1 X140.978 Y98.159
G1 X141.580 Y98.641
G1 X141.683 Y98.581
G1 X141.720 Y98.416
G1 X141.625 Y98.106
G1 X141.063 Y97.659
G1 X140.430 Y97.501
G1 X139.994 Y97.571
G1 X139.668 Y97.779
G1 X139.463 Y98.101
G1 X139.395 Y98.511
G1 X139.435 Y98.891
G0 Z5.000 F500.000
G0 X141.350 Y98.651 F3000.000
G1 Z1.000 F500.000
G4 P100
G1 X141.508 Y100.256 F1000.000
G1 X141.703 Y101.025
G1 X141.973 Y101.659
G1 X142.311 Y102.085
G1 X142.710 Y102.226
G1 X142.918 Y102.177
G1 X143.189 Y101.802
G1 X143.151 Y101.002
G1 X142.930 Y100.469
G1 X141.970 Y99.201
G1 X141.955 Y98.666
G1 X142.213 Y99.206
G1 X142.505 Y99.574
G1 X142.805 Y99.786
G1 X143.085 Y99.856
G1 X143.311 Y99.814
G1 X143.602 Y99.496
G1 X143.640 Y99.266
G1 X143.500 Y98.761
G1 X143.020 Y98.351
G1 X143.143 Y98.134
G1 X143.390 Y98.051
G1 X143.690 Y98.171
G1 X144.205 Y98.641
G1 X144.308 Y98.581
G1 X144.345 Y98.416
G1 X144.250 Y98.106
G1 X143.795 Y97.666
G1 X143.544 Y97.543
G1 X142.903 Y97.556
G1 X142.630 Y97.721
G1 X142.454 Y97.978
G1 X142.395 Y98.306
G1 X142.445 Y98.474
G1 X142.910 Y98.789
G1 X143.005 Y99.051
G1 X142.875 Y99.231
G1 X142.578 Y99.036
G1 X142.275 Y98.534
G1 X141.928 Y97.584
G1 X141.700 Y97.501
G1 X141.473 Y97.614
G1 X141.375 Y97.961
G1 X141.350 Y98.651
G0 Z5.000 F500.000
G0 X142.025 Y99.826 F3000.000
G1 Z1.000 F500.000
G4 P100
G1 X142.538 Y100.621 F1000.000
G1 X142.689 Y101.031
G1 X142.740 Y101.401
G1 X142.705 Y101.646
G1 X142.605 Y101.731
G1 X142.405 Y101.474
G1 X142.193 Y100.779
G1 X142.025 Y99.826
G0 Z5.000 F500.000
G0 X143.968 Y98.296 F3000.000
G1 Z1.000 F500.000
G4 P100
G1 X144.325 Y98.431 F1000.000
G1 X144.658 Y98.324
G1 X144.770 Y98.006
G1 X144.640 Y97.639
G1 X144.285 Y97.501
G1 X143.953 Y97.621
G1 X143.840 Y97.936
G1 X143.968 Y98.296
G0 Z5.000 F500.000
G0 X23.125 Y77.150 F3000.000
G1 Z1.000 F500.000
G4 P100
G1 X23.041 Y76.847 F1000.000
G1 X22.756 Y76.756
G1 X21.512 Y76.781
G1 X21.331 Y76.031
G1 X22.041 Y75.927
G1 X22.556 Y75.700
G1 X22.870 Y75.361
G1 X22.975 Y74.919
G1 X22.809 Y74.334
G1 X22.325 Y73.925
G1 X21.978 Y73.812
G1 X21.051 Y73.831
G1 X20.641 Y74.000
G1 X20.376 Y74.264
G1 X20.288 Y74.606
G1 X20.384 Y74.928
G1 X20.656 Y75.044
G1 X20.869 Y74.972
G1 X21.208 Y74.439
G1 X21.637 Y74.344
G1 X22.019 Y74.484
G1 X22.169 Y74.831
G1 X22.096 Y75.074
G1 X21.877 Y75.253
G1 X20.641 Y75.500
G1 X20.531 Y75.731
G1 X20.744 Y76.744
G1 X20.531 Y76.803
G1 X20.456 Y76.969
G1 X20.531 Y77.222
G1 X20.756 Y77.369
G1 X22.531 Y77.441
G1 X23.075 Y77.309
G1 X23.125 Y77.150
G0 Z5.000 F500.000
G0 X23.763 Y74.895 F3000.000
G1 Z1.000 F500.000
G4 P100
G1 X24.260 Y74.904 F1000.000
G1 X24.540 Y74.637
G1 X24.534 Y74.148
G1 X24.413 Y73.947
G1 X24.220 Y73.818
G1 X23.727 Y73.812
G1 X23.448 Y74.098
G1 X23.452 Y74.572
G1 X23.572 Y74.769
G1 X23.763 Y74.895
G0 Z5.000 F500.000
G0 X26.800 Y77.178 F3000.000
G1 Z1.000 F500.000
G4 P100
G1 X26.719 Y77.625 F1000.000
G1 X26.805 Y78.104
G1 X27.066 Y78.478
G1 X27.503 Y78.757
G1 X28.122 Y78.950
G1 X28.932 Y79.062
G1 X31.041 Y79.075
G1 X31.756 Y78.994
G1 X32.047 Y78.862
G1 X32.144 Y78.644
G1 X32.028 Y78.344
G1 X31.663 Y78.269
G1 X29.956 Y78.350
G1 X29.531 Y76.037
G1 X29.288 Y74.150
G1 X29.137 Y73.872
G1 X28.806 Y73.775
G1 X28.488 Y73.875
G1 X28.375 Y74.137
G1 X29.069 Y78.344
G1 X28.106 Y78.244
G1 X27.609 Y78.016
G1 X27.462 Y77.637
G1 X27.613 Y77.137
G1 X27.472 Y76.916
G1 X27.181 Y76.812
G1 X27.006 Y76.875
G1 X26.800 Y77.178
G0 Z5.000 F500.000
G0 X31.133 Y75.280 F3000.000
G1 Z1.000 F500.000
G4 P100
G1 X31.306 Y75.741 F1000.000
G1 X31.576 Y76.144
G1 X31.922 Y76.459
G1 X32.318 Y76.663
G1 X32.737 Y76.731
G1 X32.922 Y76.678
G1 X33.000 Y76.487
G1 X33.505 Y76.458
G1 X33.581 Y76.294
G1 X33.344 Y74.669
G1 X33.391 Y74.519
G1 X33.513 Y74.462
G1 X33.800 Y74.616
G1 X34.256 Y75.112
G1 X34.425 Y75.200
G1 X34.553 Y75.125
G1 X34.600 Y74.919
G1 X34.481 Y74.531
G1 X33.938 Y73.994
G1 X33.655 Y73.830
G1 X33.381 Y73.775
G1 X33.003 Y73.916
G1 X32.744 Y74.300
G1 X32.377 Y73.906
G1 X31.925 Y73.775
G1 X31.577 Y73.845
G1 X31.306 Y74.056
G1 X31.133 Y74.381
G1 X31.075 Y74.794
G1 X31.133 Y75.280
G0 Z5.000 F500.000
G0 X31.856 Y74.787 F3000.000
G1 Z1.000 F500.000
G4 P100
G1 X31.934 Y74.500 F1000.000
G1 X32.150 Y74.406
G1 X32.412 Y74.569
G1 X32.594 Y75.000
G1 X32.825 Y76.150
G1 X32.341 Y75.953
G1 X31.987 Y75.450
G1 X31.856 Y74.787
G0 Z5.000 F500.000
G0 X34.138 Y75.650 F3000.000
G1 Z1.000 F500.000
G4 P100
G1 X34.337 Y77.403 F1000.000
G1 X34.584 Y78.280
G1 X34.922 Y79.016
G1 X35.343 Y79.515
G1 X35.581 Y79.640
G1 X35.837 Y79.681
G1 X36.097 Y79.619
G1 X36.300 Y79.434
G1 X36.431 Y79.151
G1 X36.427 Y78.283
G1 X36.281 Y77.775
G1 X36.023 Y77.256
G1 X35.638 Y76.712
G1 X36.017 Y76.610
G1 X36.319 Y76.366
G1 X36.528 Y76.013
G1 X36.631 Y75.587
G1 X37.419 Y75.725
G1 X37.544 Y75.644
G1 X37.544 Y75.197
G1 X37.406 Y75.081
G1 X36.581 Y74.931
G1 X36.401 Y74.462
G1 X36.109 Y74.094
G1 X35.745 Y73.855
G1 X35.344 Y73.775
G1 X34.798 Y73.895
G1 X34.425 Y74.256
G1 X34.209 Y74.845
G1 X34.138 Y75.650
G0 Z5.000 F500.000
G0 X34.952 Y74.855 F3000.000
G1 Z1.000 F500.000
G4 P100
G1 X35.199 Y74.484 F1000.000
G1 X35.552 Y74.478
G1 X35.712 Y74.600
G1 X35.912 Y75.069
G1 X35.616 Y75.412
G1 X35.513 Y75.862
G1 X35.537 Y76.100
G1 X35.288 Y76.037
G1 X35.091 Y75.847
G1 X34.962 Y75.551
G1 X34.952 Y74.855
G0 Z5.000 F500.000
G0 X34.962 Y76.287 F3000.000
G1 Z1.000 F500.000
G4 P100
G1 X35.622 Y77.622 F1000.000
G1 X35.807 Y78.168
G1 X35.869 Y78.650
G1 X35.822 Y78.956
G1 X35.694 Y79.062
G1 X35.563 Y78.969
G1 X35.422 Y78.691
G1 X35.150 Y77.681
G1 X34.962 Y76.287
G0 Z5.000 F500.000
G0 X37.291 Y77.306 F3000.000
G1 Z1.000 F500.000
G4 P100
G1 X37.534 Y78.212 F1000.000
G1 X37.872 Y78.981
G1 X38.293 Y79.506
G1 X38.531 Y79.637
G1 X38.788 Y79.681
G1 X39.055 Y79.612
G1 X39.259 Y79.403
G1 X39.388 Y79.065
G1 X39.431 Y78.606
G1 X39.328 Y77.803
G1 X39.019 Y76.881
G1 X38.533 Y75.905
G1 X37.900 Y74.937
G1 X38.044 Y74.572
G1 X38.306 Y74.462
G1 X38.756 Y74.609
G1 X39.419 Y75.200
G1 X39.547 Y75.125
G1 X39.594 Y74.919
G1 X39.475 Y74.531
G1 X38.891 Y73.987
G1 X38.554 Y73.828
G1 X38.175 Y73.775
G1 X37.696 Y73.900
G1 X37.359 Y74.275
G1 X37.160 Y74.848
G1 X37.094 Y75.569
G1 X37.291 Y77.306
G0 Z5.000 F500.000
G0 X37.856 Y75.781 F3000.000
G1 Z1.000 F500.000
G4 P100
G1 X38.562 Y77.247 F1000.000
G1 X38.759 Y77.949
G1 X38.825 Y78.587
G1 X38.781 Y78.944
G1 X38.650 Y79.062
G1 X38.497 Y78.933
G1 X38.325 Y78.544
G1 X38.006 Y77.256
G1 X37.856 Y75.781
G0 Z5.000 F500.000
G0 X39.391 Y76.243 F3000.000
G1 Z1.000 F500.000
G4 P100
G1 X39.678 Y76.500 F1000.000
G1 X40.021 Y76.664
G1 X40.406 Y76.719
G1 X40.733 Y76.665
G1 X40.987 Y76.503
G1 X41.152 Y76.249
G1 X41.206 Y75.919
G1 X41.129 Y75.518
G1 X40.897 Y75.178
G1 X40.480 Y74.901
G1 X39.850 Y74.687
G1 X40.077 Y74.472
G1 X40.444 Y74.400
G1 X40.745 Y74.449
G1 X41.084 Y74.597
G1 X41.875 Y75.200
G1 X42.003 Y75.125
G1 X42.050 Y74.919
G1 X41.931 Y74.531
G1 X41.278 Y74.012
G1 X40.841 Y73.834
G1 X40.375 Y73.775
G1 X39.792 Y73.864
G1 X39.356 Y74.131
G1 X39.084 Y74.553
G1 X38.994 Y75.106
G1 X39.039 Y75.523
G1 X39.391 Y76.243
G0 Z5.000 F500.000
G0 X39.790 Y75.541 F3000.000
G1 Z1.000 F500.000
G4 P100
G1 X39.750 Y75.187 F1000.000
G1 X40.331 Y75.437
G1 X40.491 Y75.627
G1 X40.544 Y75.844
G1 X40.478 Y76.034
G1 X40.300 Y76.106
G1 X40.087 Y76.039
G1 X39.790 Y75.541
G0 Z5.000 F500.000
G0 X41.344 Y74.700 F3000.000
G1 Z1.000 F500.000
G4 P100
G1 X41.862 Y75.400 F1000.000
G1 X42.394 Y76.512
G1 X42.577 Y76.719
G1 X42.888 Y76.787
G1 X43.131 Y76.756
G1 X43.200 Y76.656
G1 X42.994 Y75.994
G1 X43.059 Y75.787
G1 X43.566 Y75.059
G1 X43.656 Y74.481
G1 X44.544 Y75.200
G1 X44.672 Y75.125
G1 X44.719 Y74.919
G1 X44.600 Y74.531
G1 X44.003 Y74.003
G1 X42.706 Y73.637
G1 X42.209 Y73.787
G1 X42.038 Y74.125
G1 X42.156 Y74.406
G1 X42.506 Y74.525
G1 X42.863 Y74.487
G1 X42.791 Y74.794
G1 X42.438 Y75.306
G1 X42.053 Y74.694
G1 X41.638 Y74.231
G1 X41.400 Y74.119
G1 X41.237 Y74.191
G1 X41.175 Y74.369
G1 X41.344 Y74.700
G0 Z5.000 F500.000
G0 X44.169 Y74.287 F3000.000
G1 Z1.000 F500.000
G4 P100
G1 X44.205 Y74.564 F1000.000
G1 X44.484 Y74.895
G1 X44.694 Y74.937
G1 X45.034 Y74.816
G1 X45.150 Y74.487
G1 X45.019 Y73.906
G1 X44.503 Y72.894
G1 X44.312 Y72.819
G1 X44.094 Y72.881
G1 X44.013 Y73.081
G1 X44.169 Y74.287
G0 Z5.000 F500.000
G0 X47.591 Y74.845 F3000.000
G1 Z1.000 F500.000
G4 P100
G1 X47.519 Y75.650 F1000.000
G1 X47.569 Y76.491
G1 X47.719 Y77.403
G1 X47.965 Y78.280
G1 X48.303 Y79.016
G1 X48.724 Y79.515
G1 X49.219 Y79.681
G1 X49.478 Y79.619
G1 X49.681 Y79.434
G1 X49.812 Y79.151
G1 X49.808 Y78.283
G1 X49.663 Y77.775
G1 X49.405 Y77.256
G1 X49.019 Y76.712
G1 X49.398 Y76.610
G1 X49.700 Y76.366
G1 X49.909 Y76.013
G1 X50.013 Y75.587
G1 X50.800 Y75.725
G1 X50.925 Y75.644
G1 X50.925 Y75.197
G1 X50.788 Y75.081
G1 X49.963 Y74.931
G1 X49.782 Y74.462
G1 X49.491 Y74.094
G1 X49.126 Y73.855
G1 X48.725 Y73.775
G1 X48.180 Y73.895
G1 X47.806 Y74.256
G1 X47.591 Y74.845
G0 Z5.000 F500.000
G0 X48.434 Y74.625 F3000.000
G1 Z1.000 F500.000
G4 P100
G1 X48.580 Y74.484 F1000.000
G1 X48.933 Y74.478
G1 X49.094 Y74.600
G1 X49.294 Y75.069
G1 X48.997 Y75.412
G1 X48.894 Y75.862
G1 X48.919 Y76.100
G1 X48.670 Y76.037
G1 X48.472 Y75.847
G1 X48.343 Y75.551
G1 X48.300 Y75.169
G1 X48.434 Y74.625
G0 Z5.000 F500.000
G0 X48.344 Y76.287 F3000.000
G1 Z1.000 F500.000
G4 P100
G1 X49.003 Y77.622 F1000.000
G1 X49.188 Y78.168
G1 X49.250 Y78.650
G1 X49.203 Y78.956
G1 X49.075 Y79.062
G1 X48.945 Y78.969
G1 X48.803 Y78.691
G1 X48.531 Y77.681
G1 X48.344 Y76.287
G0 Z5.000 F500.000
G0 X50.734 Y76.266 F3000.000
G1 Z1.000 F500.000
G4 P100
G1 X51.019 Y76.516 F1000.000
G1 X51.355 Y76.673
G1 X51.725 Y76.725
G1 X52.154 Y76.643
G1 X52.491 Y76.397
G1 X52.721 Y76.030
G1 X52.831 Y75.587
G1 X53.619 Y75.725
G1 X53.744 Y75.644
G1 X53.742 Y75.198
G1 X53.606 Y75.081
G1 X52.781 Y74.931
G1 X52.605 Y74.459
G1 X52.312 Y74.091
G1 X51.939 Y73.854
G1 X51.519 Y73.775
G1 X51.171 Y73.820
G1 X50.645 Y74.167
G1 X50.475 Y74.437
G1 X50.337 Y75.087
G1 X50.383 Y75.537
G1 X50.519 Y75.934
G1 X50.734 Y76.266
G0 Z5.000 F500.000
G0 X51.160 Y75.532 F3000.000
G1 Z1.000 F500.000
G4 P100
G1 X51.119 Y75.144 F1000.000
G1 X51.253 Y74.619
G1 X51.399 Y74.483
G1 X51.755 Y74.478
G1 X51.916 Y74.600
G1 X52.113 Y75.069
G1 X51.816 Y75.412
G1 X51.731 Y76.062
G1 X51.471 Y76.002
G1 X51.284 Y75.822
G1 X51.160 Y75.532
G0 Z5.000 F500.000
G0 X53.320 Y75.617 F3000.000
G1 Z1.000 F500.000
G4 P100
G1 X53.494 Y76.369 F1000.000
G1 X53.678 Y76.634
G1 X54.038 Y76.719
G1 X54.213 Y76.687
G1 X54.263 Y76.569
G1 X54.006 Y75.219
G1 X54.469 Y76.094
G1 X54.972 Y76.575
G1 X55.425 Y76.719
G1 X55.730 Y76.617
G1 X55.831 Y76.312
G1 X55.725 Y75.606
G1 X55.764 Y75.442
G1 X55.881 Y75.387
G1 X56.081 Y75.456
G1 X56.500 Y75.744
G1 X56.628 Y75.672
G1 X56.675 Y75.481
G1 X56.550 Y75.119
G1 X56.141 Y74.809
G1 X55.644 Y74.681
G1 X55.352 Y74.723
G1 X55.141 Y74.850
G1 X55.012 Y75.048
G1 X55.000 Y75.662
G1 X54.931 Y75.762
G1 X54.684 Y75.553
G1 X54.381 Y75.000
G1 X53.978 Y73.878
G1 X53.694 Y73.775
G1 X53.491 Y73.837
G1 X53.359 Y74.025
G1 X53.263 Y74.825
G1 X53.320 Y75.617
G0 Z5.000 F500.000
G0 X56.013 Y74.800 F3000.000
G1 Z1.000 F500.000
G4 P100
G1 X56.066 Y75.282 F1000.000
G1 X56.225 Y75.728
G1 X56.477 Y76.117
G1 X56.809 Y76.428
G1 X57.204 Y76.644
G1 X57.644 Y76.750
G1 X57.816 Y77.874
G1 X58.097 Y78.822
G1 X58.484 Y79.466
G1 X58.716 Y79.627
G1 X58.975 Y79.681
G1 X59.221 Y79.620
G1 X59.422 Y79.437
G1 X59.555 Y79.131
G1 X59.600 Y78.700
G1 X59.514 Y77.941
G1 X59.256 Y77.062
G1 X58.338 Y75.137
G1 X58.447 Y74.619
G1 X58.663 Y74.462
G1 X59.006 Y74.612
G1 X59.475 Y75.112
G1 X59.644 Y75.200
G1 X59.772 Y75.125
G1 X59.819 Y74.919
G1 X59.700 Y74.531
G1 X59.138 Y73.997
G1 X58.833 Y73.830
G1 X58.531 Y73.775
G1 X58.113 Y73.914
G1 X57.806 Y74.331
G1 X57.347 Y73.887
G1 X56.888 Y73.775
G1 X56.540 Y73.846
G1 X56.259 Y74.059
G1 X56.074 Y74.387
G1 X56.013 Y74.800
G0 Z5.000 F500.000
G0 X56.872 Y74.520 F3000.000
G1 Z1.000 F500.000
G4 P100
G1 X57.106 Y74.406 F1000.000
G1 X57.344 Y74.503
G1 X57.644 Y74.862
G1 X57.594 Y76.106
G1 X57.279 Y75.938
G1 X57.022 Y75.647
G1 X56.851 Y75.274
G1 X56.794 Y74.862
G1 X56.872 Y74.520
G0 Z5.000 F500.000
G0 X58.344 Y76.119 F3000.000
G1 Z1.000 F500.000
G4 P100
G1 X58.869 Y77.494 F1000.000
G1 X59.044 Y78.569
G1 X59.003 Y78.937
G1 X58.906 Y79.069
G1 X58.788 Y78.963
G1 X58.669 Y78.647
G1 X58.466 Y77.544
G1 X58.344 Y76.119
G0 Z5.000 F500.000
G0 X59.616 Y76.243 F3000.000
G1 Z1.000 F500.000
G4 P100
G1 X59.903 Y76.500 F1000.000
G1 X60.246 Y76.664
G1 X60.631 Y76.719
G1 X60.958 Y76.665
G1 X61.213 Y76.503
G1 X61.377 Y76.249
G1 X61.431 Y75.919
G1 X61.354 Y75.518
G1 X61.122 Y75.178
G1 X60.705 Y74.901
G1 X60.075 Y74.687
G1 X60.302 Y74.472
G1 X60.669 Y74.400
G1 X60.970 Y74.449
G1 X61.309 Y74.597
G1 X62.100 Y75.200
G1 X62.228 Y75.125
G1 X62.275 Y74.919
G1 X62.156 Y74.531
G1 X61.503 Y74.012
G1 X61.066 Y73.834
G1 X60.600 Y73.775
G1 X60.017 Y73.864
G1 X59.581 Y74.131
G1 X59.309 Y74.553
G1 X59.219 Y75.106
G1 X59.264 Y75.523
G1 X59.616 Y76.243
G0 Z5.000 F500.000
G0 X60.015 Y75.541 F3000.000
G1 Z1.000 F500.000
G4 P100
G1 X59.975 Y75.187 F1000.000
G1 X60.556 Y75.437
G1 X60.716 Y75.627
G1 X60.769 Y75.844
G1 X60.703 Y76.034
G1 X60.525 Y76.106
G1 X60.312 Y76.039
G1 X60.015 Y75.541
G0 Z5.000 F500.000
G0 X61.839 Y75.617 F3000.000
G1 Z1.000 F500.000
G4 P100
G1 X62.013 Y76.369 F1000.000
G1 X62.197 Y76.634
G1 X62.556 Y76.719
G1 X62.731 Y76.687
G1 X62.781 Y76.569
G1 X62.525 Y75.219
G1 X62.987 Y76.094
G1 X63.491 Y76.575
G1 X63.944 Y76.719
G1 X64.248 Y76.617
G1 X64.350 Y76.312
G1 X64.244 Y75.606
G1 X64.283 Y75.442
G1 X64.400 Y75.387
G1 X64.600 Y75.456
G1 X65.019 Y75.744
G1 X65.147 Y75.672
G1 X65.194 Y75.481
G1 X65.069 Y75.119
G1 X64.659 Y74.809
G1 X64.162 Y74.681
G1 X63.871 Y74.723
G1 X63.659 Y74.850
G1 X63.530 Y75.048
G1 X63.519 Y75.662
G1 X63.450 Y75.762
G1 X63.203 Y75.553
G1 X62.900 Y75.000
G1 X62.497 Y73.878
G1 X62.212 Y73.775
G1 X62.010 Y73.837
G1 X61.878 Y74.025
G1 X61.781 Y74.825
G1 X61.839 Y75.617
G0 Z5.000 F500.000
G0 X64.244 Y74.369 F3000.000
G1 Z1.000 F500.000
G4 P100
G1 X64.331 Y74.600 F1000.000
G1 X64.931 Y75.400
G1 X65.463 Y76.512
G1 X65.645 Y76.719
G1 X65.956 Y76.787
G1 X66.200 Y76.756
G1 X66.269 Y76.656
G1 X66.062 Y75.994
G1 X66.128 Y75.787
G1 X66.634 Y75.059
G1 X66.725 Y74.481
G1 X67.612 Y75.200
G1 X67.741 Y75.125
G1 X67.787 Y74.919
G1 X67.669 Y74.531
G1 X67.072 Y74.003
G1 X65.775 Y73.637
G1 X65.278 Y73.787
G1 X65.106 Y74.125
G1 X65.225 Y74.406
G1 X65.575 Y74.525
G1 X65.931 Y74.487
G1 X65.859 Y74.794
G1 X65.506 Y75.306
G1 X65.122 Y74.694
G1 X64.706 Y74.231
G1 X64.469 Y74.119
G1 X64.306 Y74.191
G1 X64.244 Y74.369
G0 Z5.000 F500.000
G0 X67.203 Y73.744 F3000.000
G1 Z1.000 F500.000
G4 P100
G1 X67.274 Y74.564 F1000.000
G1 X67.384 Y74.769
G1 X67.763 Y74.937
G1 X68.103 Y74.816
G1 X68.219 Y74.487
G1 X68.088 Y73.906
G1 X67.572 Y72.894
G1 X67.381 Y72.819
G1 X67.163 Y72.881
G1 X67.081 Y73.081
G1 X67.203 Y73.744
G0 Z5.000 F500.000
G0 X70.529 Y74.524 F3000.000
G1 Z1.000 F500.000
G4 P100
G1 X70.444 Y75.037 F1000.000
G1 X70.494 Y75.512
G1 X70.644 Y75.925
G1 X70.873 Y76.262
G1 X71.163 Y76.512
G1 X71.489 Y76.667
G1 X71.831 Y76.719
G1 X72.137 Y76.668
G1 X72.366 Y76.516
G1 X72.509 Y76.284
G1 X72.556 Y75.994
G1 X72.441 Y75.550
G1 X72.138 Y75.369
G1 X71.947 Y75.425
G1 X71.875 Y75.581
G1 X71.897 Y76.062
G1 X71.781 Y76.106
G1 X71.513 Y75.978
G1 X71.312 Y75.631
G1 X71.238 Y75.150
G1 X71.277 Y74.833
G1 X71.395 Y74.606
G1 X71.593 Y74.470
G1 X71.869 Y74.425
G1 X72.422 Y74.597
G1 X73.175 Y75.200
G1 X73.303 Y75.125
G1 X73.350 Y74.919
G1 X73.231 Y74.531
G1 X72.909 Y74.210
G1 X72.126 Y73.824
G1 X71.738 Y73.775
G1 X71.193 Y73.862
G1 X70.784 Y74.122
G1 X70.529 Y74.524
G0 Z5.000 F500.000
G0 X72.841 Y74.553 F3000.000
G1 Z1.000 F500.000
G4 P100
G1 X72.750 Y75.106 F1000.000
G1 X72.931 Y75.909
G1 X73.148 Y76.243
G1 X73.434 Y76.500
G1 X73.777 Y76.664
G1 X74.163 Y76.719
G1 X74.489 Y76.665
G1 X74.744 Y76.503
G1 X74.908 Y76.249
G1 X74.963 Y75.919
G1 X74.885 Y75.518
G1 X74.653 Y75.178
G1 X74.237 Y74.901
G1 X73.606 Y74.687
G1 X73.833 Y74.472
G1 X74.200 Y74.400
G1 X74.841 Y74.597
G1 X75.631 Y75.200
G1 X75.759 Y75.125
G1 X75.806 Y74.919
G1 X75.688 Y74.531
G1 X75.034 Y74.012
G1 X74.598 Y73.834
G1 X74.131 Y73.775
G1 X73.548 Y73.864
G1 X73.112 Y74.131
G1 X72.841 Y74.553
G0 Z5.000 F500.000
G0 X73.506 Y75.187 F3000.000
G1 Z1.000 F500.000
G4 P100
G1 X74.088 Y75.437 F1000.000
G1 X74.247 Y75.627
G1 X74.300 Y75.844
G1 X74.234 Y76.034
G1 X74.056 Y76.106
G1 X73.843 Y76.039
G1 X73.666 Y75.837
G1 X73.506 Y75.187
G0 Z5.000 F500.000
G0 X75.344 Y75.569 F3000.000
G1 Z1.000 F500.000
G4 P100
G1 X75.541 Y77.306 F1000.000
G1 X75.784 Y78.212
G1 X76.122 Y78.981
G1 X76.543 Y79.506
G1 X76.781 Y79.637
G1 X77.037 Y79.681
G1 X77.305 Y79.612
G1 X77.509 Y79.403
G1 X77.638 Y79.065
G1 X77.681 Y78.606
G1 X77.578 Y77.803
G1 X77.269 Y76.881
G1 X76.783 Y75.905
G1 X76.150 Y74.937
G1 X76.294 Y74.572
G1 X76.556 Y74.462
G1 X77.006 Y74.609
G1 X77.669 Y75.200
G1 X77.797 Y75.125
G1 X77.844 Y74.919
G1 X77.725 Y74.531
G1 X77.141 Y73.987
G1 X76.804 Y73.828
G1 X76.425 Y73.775
G1 X75.946 Y73.900
G1 X75.609 Y74.275
G1 X75.410 Y74.848
G1 X75.344 Y75.569
G0 Z5.000 F500.000
G0 X76.106 Y75.781 F3000.000
G1 Z1.000 F500.000
G4 P100
G1 X76.812 Y77.247 F1000.000
G1 X77.009 Y77.949
G1 X77.075 Y78.587
G1 X77.031 Y78.944
G1 X76.900 Y79.062
G1 X76.747 Y78.933
G1 X76.575 Y78.544
G1 X76.256 Y77.256
G1 X76.106 Y75.781
G0 Z5.000 F500.000
G0 X77.578 Y77.306 F3000.000
G1 Z1.000 F500.000
G4 P100
G1 X77.822 Y78.212 F1000.000
G1 X78.159 Y78.981
G1 X78.580 Y79.506
G1 X78.819 Y79.637
G1 X79.075 Y79.681
G1 X79.343 Y79.612
G1 X79.547 Y79.403
G1 X79.676 Y79.065
G1 X79.719 Y78.606
G1 X79.616 Y77.803
G1 X79.306 Y76.881
G1 X78.820 Y75.905
G1 X78.188 Y74.937
G1 X78.331 Y74.572
G1 X78.594 Y74.462
G1 X79.044 Y74.609
G1 X79.706 Y75.200
G1 X79.834 Y75.125
G1 X79.881 Y74.919
G1 X79.762 Y74.531
G1 X79.178 Y73.987
G1 X78.841 Y73.828
G1 X78.462 Y73.775
G1 X77.984 Y73.900
G1 X77.647 Y74.275
G1 X77.448 Y74.848
G1 X77.381 Y75.569
G1 X77.578 Y77.306
G0 Z5.000 F500.000
G0 X78.144 Y75.781 F3000.000
G1 Z1.000 F500.000
G4 P100
G1 X78.850 Y77.247 F1000.000
G1 X79.047 Y77.949
G1 X79.112 Y78.587
G1 X79.069 Y78.944
G1 X78.938 Y79.062
G1 X78.784 Y78.933
G1 X78.612 Y78.544
G1 X78.294 Y77.256
G1 X78.144 Y75.781
G0 Z5.000 F500.000
G0 X81.181 Y75.741 F3000.000
G1 Z1.000 F500.000
G4 P100
G1 X81.451 Y76.144 F1000.000
G1 X81.797 Y76.459
G1 X82.193 Y76.663
G1 X82.612 Y76.731
G1 X82.797 Y76.678
G1 X82.875 Y76.487
G1 X83.380 Y76.458
G1 X83.456 Y76.294
G1 X83.219 Y74.669
G1 X83.266 Y74.519
G1 X83.387 Y74.462
G1 X83.675 Y74.616
G1 X84.131 Y75.112
G1 X84.300 Y75.200
G1 X84.428 Y75.125
G1 X84.475 Y74.919
G1 X84.356 Y74.531
G1 X83.812 Y73.994
G1 X83.530 Y73.830
G1 X83.256 Y73.775
G1 X82.878 Y73.916
G1 X82.619 Y74.300
G1 X82.252 Y73.906
G1 X81.800 Y73.775
G1 X81.452 Y73.845
G1 X81.181 Y74.056
G1 X81.008 Y74.381
G1 X80.950 Y74.794
G1 X81.008 Y75.280
G1 X81.181 Y75.741
G0 Z5.000 F500.000
G0 X81.862 Y75.450 F3000.000
G1 Z1.000 F500.000
G4 P100
G1 X81.731 Y74.787 F1000.000
G1 X81.809 Y74.500
G1 X82.025 Y74.406
G1 X82.287 Y74.569
G1 X82.469 Y75.000
G1 X82.700 Y76.150
G1 X82.216 Y75.953
G1 X81.862 Y75.450
G0 Z5.000 F500.000
G0 X84.012 Y75.569 F3000.000
G1 Z1.000 F500.000
G4 P100
G1 X84.209 Y77.306 F1000.000
G1 X84.453 Y78.212
G1 X84.791 Y78.981
G1 X85.212 Y79.506
G1 X85.450 Y79.637
G1 X85.706 Y79.681
G1 X85.974 Y79.612
G1 X86.178 Y79.403
G1 X86.307 Y79.065
G1 X86.350 Y78.606
G1 X86.247 Y77.803
G1 X85.938 Y76.881
G1 X85.452 Y75.905
G1 X84.819 Y74.937
G1 X84.962 Y74.572
G1 X85.225 Y74.462
G1 X85.675 Y74.609
G1 X86.337 Y75.200
G1 X86.466 Y75.125
G1 X86.512 Y74.919
G1 X86.394 Y74.531
G1 X85.809 Y73.987
G1 X85.473 Y73.828
G1 X85.094 Y73.775
G1 X84.615 Y73.900
G1 X84.278 Y74.275
G1 X84.079 Y74.848
G1 X84.012 Y75.569
G0 Z5.000 F500.000
G0 X84.775 Y75.781 F3000.000
G1 Z1.000 F500.000
G4 P100
G1 X85.481 Y77.247 F1000.000
G1 X85.678 Y77.949
G1 X85.744 Y78.587
G1 X85.700 Y78.944
G1 X85.569 Y79.062
G1 X85.416 Y78.933
G1 X85.244 Y78.544
G1 X84.925 Y77.256
G1 X84.775 Y75.781
G0 Z5.000 F500.000
G0 X86.300 Y77.594 F3000.000
G1 Z1.000 F500.000
G4 P100
G1 X86.472 Y77.959 F1000.000
G1 X86.900 Y78.106
G1 X87.275 Y77.994
G1 X87.419 Y77.675
G1 X87.256 Y77.278
G1 X86.825 Y77.131
G1 X86.431 Y77.253
G1 X86.300 Y77.594
G0 Z5.000 F500.000
G0 X86.706 Y76.719 F3000.000
G1 Z1.000 F500.000
G4 P100
G1 X86.945 Y76.666 F1000.000
G1 X87.025 Y76.506
G1 X86.756 Y74.850
G1 X86.806 Y74.562
G1 X86.975 Y74.462
G1 X87.256 Y74.619
G1 X87.706 Y75.112
G1 X87.875 Y75.200
G1 X88.003 Y75.125
G1 X88.050 Y74.919
G1 X87.931 Y74.531
G1 X87.333 Y73.964
G1 X86.775 Y73.775
G1 X86.424 Y73.847
G1 X86.184 Y74.062
G1 X86.046 Y74.397
G1 X86.000 Y74.825
G1 X86.256 Y76.369
G1 X86.406 Y76.644
G1 X86.706 Y76.719
G0 Z5.000 F500.000
G0 X87.694 Y75.741 F3000.000
G1 Z1.000 F500.000
G4 P100
G1 X87.963 Y76.144 F1000.000
G1 X88.309 Y76.459
G1 X88.705 Y76.663
G1 X89.125 Y76.731
G1 X89.309 Y76.678
G1 X89.387 Y76.487
G1 X89.884 Y76.466
G1 X89.950 Y76.281
G1 X89.675 Y74.475
G1 X90.600 Y75.137
G1 X90.744 Y75.187
G1 X90.872 Y75.109
G1 X90.919 Y74.912
G1 X90.875 Y74.687
G1 X90.737 Y74.544
G1 X89.550 Y73.737
G1 X89.276 Y72.582
G1 X88.928 Y71.703
G1 X88.491 Y71.148
G1 X87.950 Y70.962
G1 X87.661 Y71.012
G1 X87.431 Y71.159
G1 X87.281 Y71.387
G1 X87.231 Y71.675
G1 X87.319 Y72.135
G1 X87.581 Y72.628
G1 X88.084 Y73.196
G1 X88.894 Y73.881
G1 X88.931 Y74.125
G1 X88.653 Y73.866
G1 X88.312 Y73.775
G1 X87.964 Y73.845
G1 X87.694 Y74.056
G1 X87.520 Y74.381
G1 X87.462 Y74.794
G1 X87.520 Y75.280
G1 X87.694 Y75.741
G0 Z5.000 F500.000
G0 X88.375 Y75.450 F3000.000
G1 Z1.000 F500.000
G4 P100
G1 X88.244 Y74.787 F1000.000
G1 X88.322 Y74.500
G1 X88.537 Y74.406
G1 X88.812 Y74.581
G1 X89.000 Y75.081
G1 X89.200 Y76.150
G1 X88.725 Y75.953
G1 X88.375 Y75.450
G0 Z5.000 F500.000
G0 X88.750 Y73.137 F3000.000
G1 Z1.000 F500.000
G4 P100
G1 X88.056 Y72.394 F1000.000
G1 X87.897 Y72.083
G1 X87.884 Y71.637
G1 X88.019 Y71.569
G1 X88.185 Y71.662
G1 X88.372 Y71.944
G1 X88.750 Y73.137
G0 Z5.000 F500.000
G0 X90.779 Y73.837 F3000.000
G1 Z1.000 F500.000
G4 P100
G1 X90.647 Y74.025 F1000.000
G1 X90.550 Y74.825
G1 X90.608 Y75.617
G1 X90.781 Y76.369
G1 X90.966 Y76.634
G1 X91.325 Y76.719
G1 X91.500 Y76.687
G1 X91.550 Y76.569
G1 X91.294 Y75.219
G1 X91.756 Y76.094
G1 X92.259 Y76.575
G1 X92.712 Y76.719
G1 X93.017 Y76.617
G1 X93.119 Y76.312
G1 X92.862 Y74.712
G1 X92.908 Y74.525
G1 X93.044 Y74.462
G1 X93.341 Y74.616
G1 X93.800 Y75.112
G1 X93.969 Y75.200
G1 X94.097 Y75.125
G1 X94.144 Y74.919
G1 X94.025 Y74.531
G1 X93.447 Y73.987
G1 X93.116 Y73.828
G1 X92.464 Y73.821
G1 X92.262 Y73.959
G1 X92.141 Y74.185
G1 X92.100 Y74.494
G1 X92.269 Y75.662
G1 X92.200 Y75.762
G1 X91.972 Y75.553
G1 X91.672 Y75.000
G1 X91.266 Y73.878
G1 X90.981 Y73.775
G1 X90.779 Y73.837
G0 Z5.000 F500.000
G0 X93.747 Y74.025 F3000.000
G1 Z1.000 F500.000
G4 P100
G1 X93.650 Y74.825 F1000.000
G1 X93.708 Y75.617
G1 X93.881 Y76.369
G1 X94.066 Y76.634
G1 X94.425 Y76.719
G1 X94.600 Y76.687
G1 X94.650 Y76.569
G1 X94.394 Y75.225
G1 X94.797 Y76.050
G1 X95.278 Y76.553
G1 X95.744 Y76.719
G1 X96.053 Y76.619
G1 X96.144 Y76.312
G1 X95.956 Y75.250
G1 X96.286 Y75.914
G1 X96.650 Y76.369
G1 X97.019 Y76.631
G1 X97.362 Y76.719
G1 X97.667 Y76.617
G1 X97.769 Y76.312
G1 X97.512 Y74.712
G1 X97.558 Y74.525
G1 X97.694 Y74.462
G1 X97.991 Y74.616
G1 X98.450 Y75.112
G1 X98.619 Y75.200
G1 X98.747 Y75.125
G1 X98.794 Y74.919
G1 X98.675 Y74.531
G1 X98.097 Y73.987
G1 X97.766 Y73.828
G1 X97.114 Y73.821
G1 X96.912 Y73.959
G1 X96.791 Y74.185
G1 X96.750 Y74.494
G1 X96.919 Y75.662
G1 X96.850 Y75.762
G1 X96.619 Y75.553
G1 X96.319 Y75.000
G1 X95.916 Y73.875
G1 X95.625 Y73.775
G1 X95.445 Y73.824
G1 X95.316 Y73.972
G1 X95.212 Y74.450
G1 X95.325 Y75.662
G1 X95.256 Y75.762
G1 X95.019 Y75.537
G1 X94.741 Y74.962
G1 X94.366 Y73.878
G1 X94.081 Y73.775
G1 X93.879 Y73.837
G1 X93.747 Y74.025
G0 Z5.000 F500.000
G0 X98.284 Y74.553 F3000.000
G1 Z1.000 F500.000
G4 P100
G1 X98.194 Y75.106 F1000.000
G1 X98.375 Y75.909
G1 X98.591 Y76.243
G1 X98.878 Y76.500
G1 X99.221 Y76.664
G1 X99.606 Y76.719
G1 X99.933 Y76.665
G1 X100.187 Y76.503
G1 X100.352 Y76.249
G1 X100.406 Y75.919
G1 X100.329 Y75.518
G1 X100.097 Y75.178
G1 X99.680 Y74.901
G1 X99.050 Y74.687
G1 X99.277 Y74.472
G1 X99.644 Y74.400
G1 X100.284 Y74.597
G1 X101.075 Y75.200
G1 X101.203 Y75.125
G1 X101.250 Y74.919
G1 X101.131 Y74.531
G1 X100.478 Y74.012
G1 X100.041 Y73.834
G1 X99.575 Y73.775
G1 X98.992 Y73.864
G1 X98.556 Y74.131
G1 X98.284 Y74.553
G0 Z5.000 F500.000
G0 X98.950 Y75.187 F3000.000
G1 Z1.000 F500.000
G4 P100
G1 X99.531 Y75.437 F1000.000
G1 X99.691 Y75.627
G1 X99.744 Y75.844
G1 X99.678 Y76.034
G1 X99.500 Y76.106
G1 X99.287 Y76.039
G1 X99.109 Y75.837
G1 X98.950 Y75.187
G0 Z5.000 F500.000
G0 X100.814 Y75.617 F3000.000
G1 Z1.000 F500.000
G4 P100
G1 X100.987 Y76.369 F1000.000
G1 X101.172 Y76.634
G1 X101.531 Y76.719
G1 X101.706 Y76.687
G1 X101.756 Y76.569
G1 X101.500 Y75.219
G1 X101.962 Y76.094
G1 X102.466 Y76.575
G1 X102.919 Y76.719
G1 X103.223 Y76.617
G1 X103.325 Y76.312
G1 X103.069 Y74.712
G1 X103.114 Y74.525
G1 X103.250 Y74.462
G1 X103.547 Y74.616
G1 X104.006 Y75.112
G1 X104.175 Y75.200
G1 X104.303 Y75.125
G1 X104.350 Y74.919
G1 X104.231 Y74.531
G1 X103.653 Y73.987
G1 X103.323 Y73.828
G1 X102.670 Y73.821
G1 X102.469 Y73.959
G1 X102.347 Y74.185
G1 X102.306 Y74.494
G1 X102.475 Y75.662
G1 X102.406 Y75.762
G1 X102.178 Y75.553
G1 X101.878 Y75.000
G1 X101.472 Y73.878
G1 X101.187 Y73.775
G1 X100.985 Y73.837
G1 X100.853 Y74.025
G1 X100.756 Y74.825
G1 X100.814 Y75.617
G0 Z5.000 F500.000
G0 X103.616 Y76.194 F3000.000
G1 Z1.000 F500.000
G4 P100
G1 X103.550 Y76.412 F1000.000
G1 X103.620 Y76.675
G1 X103.831 Y76.762
G1 X104.187 Y76.762
G1 X104.512 Y78.019
G1 X105.041 Y78.925
G1 X105.362 Y79.178
G1 X105.706 Y79.262
G1 X105.941 Y79.205
G1 X106.119 Y79.031
G1 X106.231 Y78.770
G1 X106.218 Y77.981
G1 X106.066 Y77.544
G1 X105.456 Y76.762
G1 X106.300 Y76.719
G1 X106.300 Y76.368
G1 X106.167 Y76.233
G1 X105.637 Y76.125
G1 X104.875 Y76.125
G1 X104.901 Y75.084
G1 X105.016 Y74.725
G1 X105.213 Y74.528
G1 X105.500 Y74.462
G1 X105.975 Y74.625
G1 X106.631 Y75.200
G1 X106.759 Y75.125
G1 X106.806 Y74.919
G1 X106.687 Y74.531
G1 X106.100 Y73.987
G1 X105.758 Y73.828
G1 X105.369 Y73.775
G1 X104.811 Y73.887
G1 X104.412 Y74.223
G1 X104.173 Y74.784
G1 X104.112 Y76.125
G1 X103.616 Y76.194
G0 Z5.000 F500.000
G0 X104.937 Y76.856 F3000.000
G1 Z1.000 F500.000
G4 P100
G1 X105.260 Y77.194 F1000.000
G1 X105.629 Y77.951
G1 X105.641 Y78.570
G1 X105.537 Y78.662
G1 X105.328 Y78.428
G1 X105.109 Y77.778
G1 X104.937 Y76.856
G0 Z5.000 F500.000
G0 X108.106 Y75.741 F3000.000
G1 Z1.000 F500.000
G4 P100
G1 X108.376 Y76.144 F1000.000
G1 X108.722 Y76.459
G1 X109.118 Y76.663
G1 X109.537 Y76.731
G1 X109.722 Y76.678
G1 X109.800 Y76.487
G1 X110.305 Y76.458
G1 X110.381 Y76.294
G1 X110.144 Y74.669
G1 X110.191 Y74.519
G1 X110.312 Y74.462
G1 X110.600 Y74.616
G1 X111.056 Y75.112
G1 X111.225 Y75.200
G1 X111.353 Y75.125
G1 X111.400 Y74.919
G1 X111.281 Y74.531
G1 X110.737 Y73.994
G1 X110.455 Y73.830
G1 X110.181 Y73.775
G1 X109.803 Y73.916
G1 X109.544 Y74.300
G1 X109.177 Y73.906
G1 X108.725 Y73.775
G1 X108.377 Y73.845
G1 X108.106 Y74.056
G1 X107.933 Y74.381
G1 X107.875 Y74.794
G1 X107.933 Y75.280
G1 X108.106 Y75.741
G0 Z5.000 F500.000
G0 X108.787 Y75.450 F3000.000
G1 Z1.000 F500.000
G4 P100
G1 X108.656 Y74.787 F1000.000
G1 X108.734 Y74.500
G1 X108.950 Y74.406
G1 X109.212 Y74.569
G1 X109.394 Y75.000
G1 X109.625 Y76.150
G1 X109.141 Y75.953
G1 X108.787 Y75.450
G0 Z5.000 F500.000
G0 X110.964 Y75.617 F3000.000
G1 Z1.000 F500.000
G4 P100
G1 X111.137 Y76.369 F1000.000
G1 X111.322 Y76.634
G1 X111.681 Y76.719
G1 X111.856 Y76.687
G1 X111.906 Y76.569
G1 X111.650 Y75.219
G1 X112.112 Y76.094
G1 X112.616 Y76.575
G1 X113.069 Y76.719
G1 X113.373 Y76.617
G1 X113.475 Y76.312
G1 X113.219 Y74.712
G1 X113.264 Y74.525
G1 X113.400 Y74.462
G1 X113.697 Y74.616
G1 X114.156 Y75.112
G1 X114.325 Y75.200
G1 X114.453 Y75.125
G1 X114.500 Y74.919
G1 X114.381 Y74.531
G1 X113.803 Y73.987
G1 X113.473 Y73.828
G1 X112.820 Y73.821
G1 X112.619 Y73.959
G1 X112.497 Y74.185
G1 X112.456 Y74.494
G1 X112.625 Y75.662
G1 X112.556 Y75.762
G1 X112.328 Y75.553
G1 X112.028 Y75.000
G1 X111.622 Y73.878
G1 X111.337 Y73.775
G1 X111.135 Y73.837
G1 X111.003 Y74.025
G1 X110.906 Y74.825
G1 X110.964 Y75.617
G0 Z5.000 F500.000
G0 X113.912 Y74.800 F3000.000
G1 Z1.000 F500.000
G4 P100
G1 X113.966 Y75.282 F1000.000
G1 X114.125 Y75.728
G1 X114.377 Y76.117
G1 X114.709 Y76.428
G1 X115.104 Y76.644
G1 X115.544 Y76.750
G1 X115.716 Y77.874
G1 X115.997 Y78.822
G1 X116.384 Y79.466
G1 X116.616 Y79.627
G1 X116.875 Y79.681
G1 X117.121 Y79.620
G1 X117.322 Y79.437
G1 X117.455 Y79.131
G1 X117.500 Y78.700
G1 X117.414 Y77.941
G1 X117.156 Y77.062
G1 X116.237 Y75.137
G1 X116.347 Y74.619
G1 X116.562 Y74.462
G1 X116.906 Y74.612
G1 X117.375 Y75.112
G1 X117.544 Y75.200
G1 X117.672 Y75.125
G1 X117.719 Y74.919
G1 X117.600 Y74.531
G1 X117.037 Y73.997
G1 X116.733 Y73.830
G1 X116.431 Y73.775
G1 X116.012 Y73.914
G1 X115.706 Y74.331
G1 X115.247 Y73.887
G1 X114.787 Y73.775
G1 X114.440 Y73.846
G1 X114.159 Y74.059
G1 X113.974 Y74.387
G1 X113.912 Y74.800
G0 Z5.000 F500.000
G0 X114.772 Y74.520 F3000.000
G1 Z1.000 F500.000
G4 P100
G1 X115.006 Y74.406 F1000.000
G1 X115.244 Y74.503
G1 X115.544 Y74.862
G1 X115.494 Y76.106
G1 X115.179 Y75.938
G1 X114.922 Y75.647
G1 X114.751 Y75.274
G1 X114.694 Y74.862
G1 X114.772 Y74.520
G0 Z5.000 F500.000
G0 X116.244 Y76.119 F3000.000
G1 Z1.000 F500.000
G4 P100
G1 X116.769 Y77.494 F1000.000
G1 X116.944 Y78.569
G1 X116.903 Y78.937
G1 X116.806 Y79.069
G1 X116.687 Y78.963
G1 X116.569 Y78.647
G1 X116.366 Y77.544
G1 X116.244 Y76.119
G0 Z5.000 F500.000
G0 X119.112 Y76.369 F3000.000
G1 Z1.000 F500.000
G4 P100
G1 X119.297 Y76.634 F1000.000
G1 X119.831 Y76.687
G1 X119.881 Y76.569
G1 X119.625 Y75.225
G1 X120.028 Y76.050
G1 X120.509 Y76.553
G1 X120.975 Y76.719
G1 X121.284 Y76.619
G1 X121.375 Y76.312
G1 X121.187 Y75.250
G1 X121.517 Y75.914
G1 X121.881 Y76.369
G1 X122.250 Y76.631
G1 X122.594 Y76.719
G1 X122.898 Y76.617
G1 X123.000 Y76.312
G1 X122.744 Y74.712
G1 X122.789 Y74.525
G1 X122.925 Y74.462
G1 X123.222 Y74.616
G1 X123.681 Y75.112
G1 X123.850 Y75.200
G1 X123.978 Y75.125
G1 X124.025 Y74.919
G1 X123.906 Y74.531
G1 X123.328 Y73.987
G1 X122.998 Y73.828
G1 X122.345 Y73.821
G1 X122.144 Y73.959
G1 X122.022 Y74.185
G1 X121.981 Y74.494
G1 X122.150 Y75.662
G1 X122.081 Y75.762
G1 X121.850 Y75.553
G1 X121.550 Y75.000
G1 X121.147 Y73.875
G1 X120.856 Y73.775
G1 X120.676 Y73.824
G1 X120.547 Y73.972
G1 X120.444 Y74.450
G1 X120.556 Y75.662
G1 X120.487 Y75.762
G1 X120.250 Y75.537
G1 X119.972 Y74.962
G1 X119.597 Y73.878
G1 X119.312 Y73.775
G1 X119.110 Y73.837
G1 X118.978 Y74.025
G1 X118.881 Y74.825
G1 X118.939 Y75.617
G1 X119.112 Y76.369
G0 Z5.000 F500.000
G0 X123.425 Y75.106 F3000.000
G1 Z1.000 F500.000
G4 P100
G1 X123.470 Y75.523 F1000.000
G1 X123.823 Y76.243
G1 X124.109 Y76.500
G1 X124.452 Y76.664
G1 X124.837 Y76.719
G1 X125.164 Y76.665
G1 X125.419 Y76.503
G1 X125.583 Y76.249
G1 X125.637 Y75.919
G1 X125.560 Y75.518
G1 X125.328 Y75.178
G1 X124.912 Y74.901
G1 X124.281 Y74.687
G1 X124.508 Y74.472
G1 X124.875 Y74.400
G1 X125.516 Y74.597
G1 X126.306 Y75.200
G1 X126.434 Y75.125
G1 X126.481 Y74.919
G1 X126.362 Y74.531
G1 X125.709 Y74.012
G1 X125.273 Y73.834
G1 X124.806 Y73.775
G1 X124.223 Y73.864
G1 X123.787 Y74.131
G1 X123.516 Y74.553
G1 X123.425 Y75.106
G0 Z5.000 F500.000
G0 X124.181 Y75.187 F3000.000
G1 Z1.000 F500.000
G4 P100
G1 X124.762 Y75.437 F1000.000
G1 X124.922 Y75.627
G1 X124.975 Y75.844
G1 X124.909 Y76.034
G1 X124.731 Y76.106
G1 X124.518 Y76.039
G1 X124.341 Y75.837
G1 X124.181 Y75.187
G0 Z5.000 F500.000
G0 X126.045 Y75.617 F3000.000
G1 Z1.000 F500.000
G4 P100
G1 X126.219 Y76.369 F1000.000
G1 X126.403 Y76.634
G1 X126.762 Y76.719
G1 X126.937 Y76.687
G1 X126.987 Y76.569
G1 X126.731 Y75.219
G1 X127.194 Y76.094
G1 X127.697 Y76.575
G1 X128.150 Y76.719
G1 X128.455 Y76.617
G1 X128.556 Y76.312
G1 X128.450 Y75.606
G1 X128.489 Y75.442
G1 X128.606 Y75.387
G1 X128.806 Y75.456
G1 X129.225 Y75.744
G1 X129.353 Y75.672
G1 X129.400 Y75.481
G1 X129.275 Y75.119
G1 X128.866 Y74.809
G1 X128.369 Y74.681
G1 X128.077 Y74.723
G1 X127.866 Y74.850
G1 X127.737 Y75.048
G1 X127.725 Y75.662
G1 X127.656 Y75.762
G1 X127.409 Y75.553
G1 X127.106 Y75.000
G1 X126.703 Y73.878
G1 X126.419 Y73.775
G1 X126.216 Y73.837
G1 X126.084 Y74.025
G1 X125.987 Y74.825
G1 X126.045 Y75.617
G0 Z5.000 F500.000
G0 X128.737 Y74.794 F3000.000
G1 Z1.000 F500.000
G4 P100
G1 X128.795 Y75.280 F1000.000
G1 X128.969 Y75.741
G1 X129.238 Y76.144
G1 X129.584 Y76.459
G1 X129.980 Y76.663
G1 X130.400 Y76.731
G1 X130.584 Y76.678
G1 X130.662 Y76.487
G1 X131.159 Y76.466
G1 X131.225 Y76.281
G1 X130.950 Y74.475
G1 X131.875 Y75.137
G1 X132.019 Y75.187
G1 X132.147 Y75.109
G1 X132.194 Y74.912
G1 X132.150 Y74.687
G1 X132.012 Y74.544
G1 X130.825 Y73.737
G1 X130.551 Y72.582
G1 X130.203 Y71.703
G1 X129.766 Y71.148
G1 X129.509 Y71.009
G1 X128.936 Y71.012
G1 X128.706 Y71.159
G1 X128.556 Y71.387
G1 X128.506 Y71.675
G1 X128.594 Y72.135
G1 X128.856 Y72.628
G1 X129.359 Y73.196
G1 X130.169 Y73.881
G1 X130.206 Y74.125
G1 X129.928 Y73.866
G1 X129.587 Y73.775
G1 X129.239 Y73.845
G1 X128.969 Y74.056
G1 X128.795 Y74.381
G1 X128.737 Y74.794
G0 Z5.000 F500.000
G0 X129.597 Y74.500 F3000.000
G1 Z1.000 F500.000
G4 P100
G1 X129.812 Y74.406 F1000.000
G1 X130.087 Y74.581
G1 X130.275 Y75.081
G1 X130.475 Y76.150
G1 X130.000 Y75.953
G1 X129.650 Y75.450
G1 X129.519 Y74.787
G1 X129.597 Y74.500
G0 Z5.000 F500.000
G0 X130.025 Y73.137 F3000.000
G1 Z1.000 F500.000
G4 P100
G1 X129.331 Y72.394 F1000.000
G1 X129.172 Y72.083
G1 X129.159 Y71.637
G1 X129.294 Y71.569
G1 X129.460 Y71.662
G1 X129.647 Y71.944
G1 X130.025 Y73.137
G0 Z5.000 F500.000
G0 X132.081 Y74.131 F3000.000
G1 Z1.000 F500.000
G4 P100
G1 X131.809 Y74.553 F1000.000
G1 X131.719 Y75.106
G1 X131.900 Y75.909
G1 X132.116 Y76.243
G1 X132.403 Y76.500
G1 X132.746 Y76.664
G1 X133.131 Y76.719
G1 X133.458 Y76.665
G1 X133.712 Y76.503
G1 X133.877 Y76.249
G1 X133.931 Y75.919
G1 X133.854 Y75.518
G1 X133.622 Y75.178
G1 X133.205 Y74.901
G1 X132.575 Y74.687
G1 X132.802 Y74.472
G1 X133.169 Y74.400
G1 X133.470 Y74.449
G1 X133.809 Y74.597
G1 X134.600 Y75.200
G1 X134.728 Y75.125
G1 X134.775 Y74.919
G1 X134.656 Y74.531
G1 X134.003 Y74.012
G1 X133.566 Y73.834
G1 X133.100 Y73.775
G1 X132.517 Y73.864
G1 X132.081 Y74.131
G0 Z5.000 F500.000
G0 X132.475 Y75.187 F3000.000
G1 Z1.000 F500.000
G4 P100
G1 X133.056 Y75.437 F1000.000
G1 X133.216 Y75.627
G1 X133.269 Y75.844
G1 X133.203 Y76.034
G1 X133.025 Y76.106
G1 X132.812 Y76.039
G1 X132.634 Y75.837
G1 X132.475 Y75.187
G0 Z5.000 F500.000
G0 X133.987 Y74.600 F3000.000
G1 Z1.000 F500.000
G4 P100
G1 X134.587 Y75.400 F1000.000
G1 X135.119 Y76.512
G1 X135.302 Y76.719
G1 X135.612 Y76.787
G1 X135.856 Y76.756
G1 X135.925 Y76.656
G1 X135.719 Y75.994
G1 X135.784 Y75.787
G1 X136.291 Y75.059
G1 X136.381 Y74.481
G1 X137.269 Y75.200
G1 X137.397 Y75.125
G1 X137.444 Y74.919
G1 X137.325 Y74.531
G1 X136.728 Y74.003
G1 X135.431 Y73.637
G1 X134.934 Y73.787
G1 X134.762 Y74.125
G1 X134.881 Y74.406
G1 X135.231 Y74.525
G1 X135.587 Y74.487
G1 X135.516 Y74.794
G1 X135.162 Y75.306
G1 X134.778 Y74.694
G1 X134.362 Y74.231
G1 X134.125 Y74.119
G1 X133.962 Y74.191
G1 X133.900 Y74.369
G1 X133.987 Y74.600
G0 Z5.000 F500.000
G0 X27.634 Y63.981 F3000.000
G1 Z1.000 F500.000
G4 P100
G1 X27.534 Y63.724 F1000.000
G1 X27.249 Y63.626
G1 X26.809 Y63.621
G1 X26.329 Y60.541
G1 X26.974 Y60.476
G1 X27.069 Y60.266
G1 X26.966 Y60.046
G1 X26.679 Y59.956
G1 X25.029 Y59.896
G1 X24.844 Y59.956
G1 X24.769 Y60.131
G1 X24.929 Y60.411
G1 X25.614 Y60.521
G1 X25.914 Y62.416
G1 X26.094 Y63.611
G1 X25.426 Y63.664
G1 X25.359 Y63.826
G1 X25.481 Y64.088
G1 X25.849 Y64.191
G1 X27.324 Y64.196
G1 X27.544 Y64.134
G1 X27.634 Y63.981
G0 Z5.000 F500.000
G0 X27.729 Y63.806 F3000.000
G1 Z1.000 F500.000
G4 P100
G1 X28.539 Y64.164 F1000.000
G1 X29.434 Y64.286
G1 X30.002 Y64.233
G1 X30.489 Y64.074
G1 X30.882 Y63.812
G1 X31.174 Y63.451
G1 X31.354 Y62.999
G1 X31.414 Y62.461
G1 X31.339 Y61.755
G1 X31.114 Y61.144
G1 X30.745 Y60.645
G1 X30.239 Y60.271
G1 X29.609 Y60.039
G1 X28.869 Y59.961
G1 X28.214 Y60.011
G1 X27.939 Y60.116
G1 X27.874 Y60.376
G1 X28.039 Y61.599
G1 X28.354 Y63.001
G1 X28.494 Y63.176
G1 X28.997 Y63.184
G1 X29.074 Y63.056
G1 X28.784 Y61.824
G1 X28.599 Y60.541
G1 X28.939 Y60.526
G1 X29.703 Y60.659
G1 X30.002 Y60.825
G1 X30.246 Y61.056
G1 X30.571 Y61.675
G1 X30.679 Y62.471
G1 X30.594 Y62.999
G1 X30.339 Y63.391
G1 X29.929 Y63.635
G1 X29.379 Y63.716
G1 X28.586 Y63.591
G1 X27.739 Y63.216
G1 X27.604 Y63.289
G1 X27.554 Y63.466
G1 X27.594 Y63.664
G1 X27.729 Y63.806
G0 Z5.000 F500.000
G0 X55.065 Y63.466 F3000.000
G1 Z1.000 F500.000
G4 P100
G1 X55.105 Y63.664 F1000.000
G1 X55.240 Y63.806
G1 X56.050 Y64.164
G1 X56.945 Y64.286
G1 X57.514 Y64.233
G1 X58.000 Y64.074
G1 X58.394 Y63.812
G1 X58.685 Y63.451
G1 X58.865 Y62.999
G1 X58.925 Y62.461
G1 X58.850 Y61.755
G1 X58.625 Y61.144
G1 X58.257 Y60.645
G1 X57.750 Y60.271
G1 X57.120 Y60.039
G1 X56.380 Y59.961
G1 X55.725 Y60.011
G1 X55.450 Y60.116
G1 X55.385 Y60.376
G1 X55.550 Y61.599
G1 X55.865 Y63.001
G1 X56.005 Y63.176
G1 X56.509 Y63.184
G1 X56.585 Y63.056
G1 X56.295 Y61.824
G1 X56.110 Y60.541
G1 X56.450 Y60.526
G1 X57.215 Y60.659
G1 X57.514 Y60.825
G1 X57.758 Y61.056
G1 X58.082 Y61.675
G1 X58.190 Y62.471
G1 X58.105 Y62.999
G1 X57.850 Y63.391
G1 X57.440 Y63.635
G1 X56.890 Y63.716
G1 X56.098 Y63.591
G1 X55.250 Y63.216
G1 X55.115 Y63.289
G1 X55.065 Y63.466
G0 Z5.000 F500.000
G0 X59.330 Y61.669 F3000.000
G1 Z1.000 F500.000
G4 P100
G1 X59.733 Y62.141 F1000.000
G1 X60.007 Y62.273
G1 X60.577 Y62.273
G1 X60.780 Y62.144
G1 X60.912 Y61.941
G1 X60.955 Y61.676
G1 X60.894 Y61.356
G1 X60.708 Y61.084
G1 X60.375 Y60.862
G1 X59.870 Y60.691
G1 X60.052 Y60.519
G1 X60.345 Y60.461
G1 X60.858 Y60.619
G1 X61.490 Y61.101
G1 X61.593 Y61.041
G1 X61.630 Y60.876
G1 X61.535 Y60.566
G1 X61.013 Y60.151
G1 X60.664 Y60.009
G1 X60.290 Y59.961
G1 X59.824 Y60.033
G1 X59.475 Y60.246
G1 X59.258 Y60.584
G1 X59.185 Y61.026
G1 X59.330 Y61.669
G0 Z5.000 F500.000
G0 X59.790 Y61.091 F3000.000
G1 Z1.000 F500.000
G4 P100
G1 X60.255 Y61.291 F1000.000
G1 X60.383 Y61.443
G1 X60.373 Y61.769
G1 X60.230 Y61.826
G1 X60.060 Y61.773
G1 X59.918 Y61.611
G1 X59.790 Y61.091
G0 Z5.000 F500.000
G0 X61.065 Y60.701 F3000.000
G1 Z1.000 F500.000
G4 P100
G1 X61.480 Y61.261 F1000.000
G1 X61.905 Y62.151
G1 X62.052 Y62.316
G1 X62.300 Y62.371
G1 X62.495 Y62.346
G1 X62.550 Y62.266
G1 X62.385 Y61.736
G1 X62.843 Y60.989
G1 X62.915 Y60.526
G1 X63.625 Y61.101
G1 X63.728 Y61.041
G1 X63.765 Y60.876
G1 X63.670 Y60.566
G1 X63.193 Y60.144
G1 X62.155 Y59.851
G1 X61.758 Y59.971
G1 X61.620 Y60.241
G1 X61.715 Y60.466
G1 X61.995 Y60.561
G1 X62.280 Y60.531
G1 X62.223 Y60.776
G1 X61.940 Y61.186
G1 X61.633 Y60.696
G1 X61.300 Y60.326
G1 X61.110 Y60.236
G1 X60.980 Y60.294
G1 X60.930 Y60.436
G1 X61.065 Y60.701
G0 Z5.000 F500.000
G0 X63.280 Y60.971 F3000.000
G1 Z1.000 F500.000
G4 P100
G1 X63.320 Y61.351 F1000.000
G1 X63.624 Y61.951
G1 X63.855 Y62.151
G1 X64.390 Y62.316
G1 X64.818 Y62.154
G1 X64.970 Y61.736
G1 X64.878 Y61.381
G1 X64.635 Y61.236
G1 X64.483 Y61.281
G1 X64.425 Y61.406
G1 X64.443 Y61.791
G1 X64.350 Y61.826
G1 X64.135 Y61.724
G1 X63.975 Y61.446
G1 X63.915 Y61.061
G1 X64.042 Y60.626
G1 X64.420 Y60.481
G1 X64.863 Y60.619
G1 X65.465 Y61.101
G1 X65.568 Y61.041
G1 X65.605 Y60.876
G1 X65.510 Y60.566
G1 X65.252 Y60.310
G1 X64.948 Y60.119
G1 X64.315 Y59.961
G1 X63.880 Y60.031
G1 X63.553 Y60.239
G1 X63.349 Y60.561
G1 X63.280 Y60.971
G0 Z5.000 F500.000
G0 X65.210 Y60.801 F3000.000
G1 Z1.000 F500.000
G4 P100
G1 X65.395 Y62.036 F1000.000
G1 X65.543 Y62.249
G1 X65.830 Y62.316
G1 X65.970 Y62.291
G1 X66.010 Y62.196
G1 X65.805 Y61.116
G1 X66.175 Y61.816
G1 X66.578 Y62.201
G1 X66.940 Y62.316
G1 X67.184 Y62.235
G1 X67.265 Y61.991
G1 X67.212 Y61.295
G1 X67.305 Y61.251
G1 X67.800 Y61.536
G1 X67.903 Y61.479
G1 X67.940 Y61.326
G1 X67.840 Y61.036
G1 X67.513 Y60.789
G1 X67.115 Y60.686
G1 X66.882 Y60.720
G1 X66.610 Y60.980
G1 X66.545 Y61.551
G1 X66.348 Y61.384
G1 X66.105 Y60.941
G1 X65.783 Y60.044
G1 X65.555 Y59.961
G1 X65.394 Y60.011
G1 X65.288 Y60.161
G1 X65.210 Y60.801
G0 Z5.000 F500.000
G0 X67.507 Y60.459 F3000.000
G1 Z1.000 F500.000
G4 P100
G1 X67.528 Y61.379 F1000.000
G1 X67.675 Y62.036
G1 X67.795 Y62.256
G1 X68.035 Y62.316
G1 X68.227 Y62.274
G1 X68.290 Y62.146
G1 X68.075 Y60.821
G1 X68.115 Y60.591
G1 X68.250 Y60.511
G1 X68.475 Y60.636
G1 X68.970 Y61.101
G1 X69.073 Y61.041
G1 X69.110 Y60.876
G1 X69.015 Y60.566
G1 X68.537 Y60.113
G1 X68.090 Y59.961
G1 X67.810 Y60.019
G1 X67.618 Y60.191
G1 X67.507 Y60.459
G0 Z5.000 F500.000
G0 X68.130 Y62.646 F3000.000
G1 Z1.000 F500.000
G4 P100
G1 X67.815 Y62.744 F1000.000
G1 X67.710 Y63.016
G1 X67.848 Y63.309
G1 X68.190 Y63.426
G1 X68.490 Y63.336
G1 X68.605 Y63.081
G1 X68.475 Y62.764
G1 X68.130 Y62.646
G0 Z5.000 F500.000
G0 X68.895 Y62.261 F3000.000
G1 Z1.000 F500.000
G4 P100
G1 X69.195 Y62.346 F1000.000
G1 X69.348 Y62.304
G1 X69.405 Y61.951
G1 X69.720 Y62.239
G1 X70.050 Y62.326
G1 X70.305 Y62.270
G1 X70.508 Y62.101
G1 X70.641 Y61.841
G1 X70.685 Y61.511
G1 X70.600 Y60.996
G1 X70.365 Y60.541
G1 X70.540 Y60.511
G1 X70.855 Y60.631
G1 X71.375 Y61.101
G1 X71.478 Y61.041
G1 X71.515 Y60.876
G1 X71.420 Y60.566
G1 X70.958 Y60.131
G1 X70.694 Y60.004
G1 X70.155 Y60.009
G1 X69.965 Y60.151
G1 X69.370 Y59.961
G1 X69.264 Y59.076
G1 X69.075 Y58.349
G1 X68.792 Y57.863
G1 X68.400 Y57.701
G1 X68.165 Y57.750
G1 X68.000 Y57.896
G1 X67.903 Y58.129
G1 X67.927 Y58.967
G1 X68.382 Y60.265
G1 X68.790 Y61.016
G1 X68.780 Y62.031
G1 X68.895 Y62.261
G0 Z5.000 F500.000
G0 X69.405 Y61.441 F3000.000
G1 Z1.000 F500.000
G4 P100
G1 X69.395 Y60.441 F1000.000
G1 X69.728 Y60.639
G1 X69.970 Y61.029
G1 X70.060 Y61.516
G1 X70.000 Y61.744
G1 X69.840 Y61.821
G1 X69.642 Y61.726
G1 X69.405 Y61.441
G0 Z5.000 F500.000
G0 X68.780 Y60.241 F3000.000
G1 Z1.000 F500.000
G4 P100
G1 X68.440 Y59.286 F1000.000
G1 X68.315 Y58.521
G1 X68.353 Y58.276
G1 X68.440 Y58.191
G1 X68.564 Y58.338
G1 X68.665 Y58.779
G1 X68.780 Y60.241
G0 Z5.000 F500.000
G0 X71.565 Y60.320 F3000.000
G1 Z1.000 F500.000
G4 P100
G1 X71.374 Y60.769 F1000.000
G1 X71.325 Y61.841
G1 X70.928 Y61.896
G1 X70.875 Y62.071
G1 X70.932 Y62.281
G1 X71.385 Y62.351
G1 X71.645 Y63.356
G1 X72.068 Y64.081
G1 X72.325 Y64.284
G1 X72.600 Y64.351
G1 X72.788 Y64.305
G1 X72.930 Y64.166
G1 X73.050 Y63.701
G1 X73.010 Y63.326
G1 X72.888 Y62.976
G1 X72.400 Y62.351
G1 X73.075 Y62.316
G1 X73.075 Y62.036
G1 X72.969 Y61.928
G1 X72.545 Y61.841
G1 X71.935 Y61.841
G1 X71.956 Y61.009
G1 X72.048 Y60.721
G1 X72.206 Y60.564
G1 X72.435 Y60.511
G1 X72.815 Y60.641
G1 X73.340 Y61.101
G1 X73.443 Y61.041
G1 X73.480 Y60.876
G1 X73.385 Y60.566
G1 X72.915 Y60.131
G1 X72.330 Y59.961
G1 X71.884 Y60.051
G1 X71.565 Y60.320
G0 Z5.000 F500.000
G0 X71.985 Y62.426 F3000.000
G1 Z1.000 F500.000
G4 P100
G1 X72.428 Y62.999 F1000.000
G1 X72.575 Y63.576
G1 X72.548 Y63.798
G1 X72.465 Y63.871
G1 X72.298 Y63.684
G1 X72.123 Y63.164
G1 X71.985 Y62.426
G0 Z5.000 F500.000
G0 X73.310 Y63.016 F3000.000
G1 Z1.000 F500.000
G4 P100
G1 X73.448 Y63.309 F1000.000
G1 X73.790 Y63.426
G1 X74.090 Y63.336
G1 X74.205 Y63.081
G1 X74.075 Y62.764
G1 X73.730 Y62.646
G1 X73.415 Y62.744
G1 X73.310 Y63.016
G0 Z5.000 F500.000
G0 X73.635 Y62.316 F3000.000
G1 Z1.000 F500.000
G4 P100
G1 X73.827 Y62.274 F1000.000
G1 X73.890 Y62.146
G1 X73.675 Y60.821
G1 X73.715 Y60.591
G1 X73.850 Y60.511
G1 X74.075 Y60.636
G1 X74.570 Y61.101
G1 X74.673 Y61.041
G1 X74.710 Y60.876
G1 X74.615 Y60.566
G1 X74.137 Y60.113
G1 X73.690 Y59.961
G1 X73.410 Y60.019
G1 X73.218 Y60.191
G1 X73.070 Y60.801
G1 X73.275 Y62.036
G1 X73.395 Y62.256
G1 X73.635 Y62.316
G0 Z5.000 F500.000
G0 X74.375 Y61.689 F3000.000
G1 Z1.000 F500.000
G4 P100
G1 X74.548 Y61.954 F1000.000
G1 X75.044 Y62.280
G1 X75.340 Y62.321
G1 X75.684 Y62.256
G1 X75.953 Y62.059
G1 X76.137 Y61.766
G1 X76.225 Y61.411
G1 X76.855 Y61.521
G1 X76.955 Y61.456
G1 X76.954 Y61.100
G1 X76.845 Y61.006
G1 X76.185 Y60.886
G1 X76.044 Y60.508
G1 X75.810 Y60.214
G1 X75.512 Y60.025
G1 X74.897 Y59.998
G1 X74.663 Y60.106
G1 X74.340 Y60.491
G1 X74.230 Y61.011
G1 X74.375 Y61.689
G0 Z5.000 F500.000
G0 X74.855 Y61.056 F3000.000
G1 Z1.000 F500.000
G4 P100
G1 X74.963 Y60.636 F1000.000
G1 X75.215 Y60.491
G1 X75.493 Y60.621
G1 X75.650 Y60.996
G1 X75.413 Y61.271
G1 X75.345 Y61.791
G1 X75.144 Y61.743
G1 X74.988 Y61.599
G1 X74.855 Y61.056
G0 Z5.000 F500.000
G0 X76.617 Y61.435 F3000.000
G1 Z1.000 F500.000
G4 P100
G1 X76.755 Y62.036 F1000.000
G1 X76.903 Y62.249
G1 X77.190 Y62.316
G1 X77.330 Y62.291
G1 X77.370 Y62.196
G1 X77.165 Y61.116
G1 X77.535 Y61.816
G1 X77.938 Y62.201
G1 X78.300 Y62.316
G1 X78.544 Y62.235
G1 X78.625 Y61.991
G1 X78.420 Y60.711
G1 X78.457 Y60.561
G1 X78.565 Y60.511
G1 X78.803 Y60.634
G1 X79.305 Y61.101
G1 X79.408 Y61.041
G1 X79.445 Y60.876
G1 X79.350 Y60.566
G1 X78.888 Y60.131
G1 X78.624 Y60.004
G1 X78.102 Y59.998
G1 X77.843 Y60.290
G1 X77.810 Y60.536
G1 X77.945 Y61.471
G1 X77.890 Y61.551
G1 X77.708 Y61.384
G1 X77.468 Y60.941
G1 X77.143 Y60.044
G1 X76.915 Y59.961
G1 X76.754 Y60.011
G1 X76.648 Y60.161
G1 X76.570 Y60.801
G1 X76.617 Y61.435
G0 Z5.000 F500.000
G0 X85.506 Y61.278 F3000.000
G1 Z1.000 F500.000
G4 P100
G1 X85.442 Y62.201 F1000.000
G1 X85.567 Y63.781
G1 X85.695 Y64.134
G1 X85.977 Y64.226
G1 X86.225 Y64.155
G1 X86.307 Y63.941
G1 X86.147 Y62.201
G1 X86.179 Y61.528
G1 X86.275 Y61.039
G1 X86.434 Y60.741
G1 X86.657 Y60.641
G1 X86.929 Y60.731
G1 X87.222 Y61.001
G1 X87.782 Y61.906
G1 X87.515 Y62.125
G1 X87.206 Y62.725
G1 X87.167 Y63.096
G1 X87.290 Y63.764
G1 X87.625 Y64.171
G1 X88.097 Y64.306
G1 X88.384 Y64.249
G1 X88.605 Y64.076
G1 X88.745 Y63.804
G1 X88.792 Y63.446
G1 X88.730 Y62.845
G1 X88.542 Y62.191
G1 X89.315 Y62.096
G1 X89.367 Y61.966
G1 X89.290 Y61.736
G1 X89.047 Y61.631
G1 X88.337 Y61.691
G1 X87.945 Y61.010
G1 X87.480 Y60.454
G1 X86.977 Y60.085
G1 X86.472 Y59.961
G1 X86.019 Y60.113
G1 X85.697 Y60.566
G1 X85.506 Y61.278
G0 Z5.000 F500.000
G0 X87.987 Y62.406 F3000.000
G1 Z1.000 F500.000
G4 P100
G1 X88.182 Y63.331 F1000.000
G1 X88.127 Y63.639
G1 X87.977 Y63.736
G1 X87.757 Y63.579
G1 X87.672 Y63.131
G1 X87.751 Y62.705
G1 X87.987 Y62.406
G0 Z5.000 F500.000
G0 X89.218 Y61.856 F3000.000
G1 Z1.000 F500.000
G4 P100
G1 X89.812 Y62.272 F1000.000
G1 X90.147 Y62.326
G1 X90.295 Y62.284
G1 X90.357 Y62.131
G1 X90.761 Y62.108
G1 X90.822 Y61.976
G1 X90.632 Y60.676
G1 X90.670 Y60.556
G1 X90.767 Y60.511
G1 X90.997 Y60.634
G1 X91.497 Y61.101
G1 X91.600 Y61.041
G1 X91.637 Y60.876
G1 X91.542 Y60.566
G1 X91.107 Y60.136
G1 X90.662 Y59.961
G1 X90.360 Y60.074
G1 X90.152 Y60.381
G1 X89.859 Y60.066
G1 X89.497 Y59.961
G1 X89.219 Y60.018
G1 X89.002 Y60.186
G1 X88.864 Y60.446
G1 X88.817 Y60.776
G1 X88.864 Y61.166
G1 X89.218 Y61.856
G0 Z5.000 F500.000
G0 X89.547 Y61.301 F3000.000
G1 Z1.000 F500.000
G4 P100
G1 X89.442 Y60.771 F1000.000
G1 X89.505 Y60.541
G1 X89.677 Y60.466
G1 X89.887 Y60.596
G1 X90.032 Y60.941
G1 X90.217 Y61.861
G1 X89.830 Y61.704
G1 X89.547 Y61.301
G0 Z5.000 F500.000
G0 X91.267 Y61.396 F3000.000
G1 Z1.000 F500.000
G4 P100
G1 X91.425 Y62.786 F1000.000
G1 X91.620 Y63.511
G1 X91.890 Y64.126
G1 X92.227 Y64.546
G1 X92.622 Y64.686
G1 X92.837 Y64.631
G1 X93.000 Y64.464
G1 X93.103 Y64.193
G1 X93.137 Y63.826
G1 X93.055 Y63.184
G1 X92.807 Y62.446
G1 X92.419 Y61.665
G1 X91.912 Y60.891
G1 X92.027 Y60.599
G1 X92.237 Y60.511
G1 X92.597 Y60.629
G1 X93.127 Y61.101
G1 X93.230 Y61.041
G1 X93.267 Y60.876
G1 X93.172 Y60.566
G1 X92.705 Y60.131
G1 X92.435 Y60.004
G1 X92.132 Y59.961
G1 X91.749 Y60.061
G1 X91.480 Y60.361
G1 X91.320 Y60.820
G1 X91.267 Y61.396
G0 Z5.000 F500.000
G0 X91.877 Y61.566 F3000.000
G1 Z1.000 F500.000
G4 P100
G1 X92.442 Y62.739 F1000.000
G1 X92.600 Y63.301
G1 X92.652 Y63.811
G1 X92.617 Y64.096
G1 X92.512 Y64.191
G1 X92.252 Y63.776
G1 X91.997 Y62.746
G1 X91.877 Y61.566
G0 Z5.000 F500.000
G0 X93.077 Y62.036 F3000.000
G1 Z1.000 F500.000
G4 P100
G1 X93.217 Y62.251 F1000.000
G1 X93.502 Y62.316
G1 X93.655 Y62.281
G1 X93.697 Y62.176
G1 X93.462 Y60.871
G1 X93.567 Y60.681
G1 X93.755 Y60.831
G1 X93.995 Y61.286
G1 X94.365 Y62.251
G1 X94.772 Y62.289
G1 X94.817 Y62.186
G1 X94.552 Y60.711
G1 X94.592 Y60.564
G1 X94.697 Y60.511
G1 X94.935 Y60.634
G1 X95.437 Y61.101
G1 X95.540 Y61.041
G1 X95.577 Y60.876
G1 X95.482 Y60.566
G1 X95.020 Y60.131
G1 X94.457 Y59.961
G1 X94.249 Y60.008
G1 X94.105 Y60.146
G1 X93.992 Y60.666
G1 X93.737 Y60.144
G1 X93.372 Y59.961
G1 X93.168 Y60.013
G1 X92.898 Y60.402
G1 X92.862 Y60.686
G1 X92.912 Y61.374
G1 X93.077 Y62.036
G0 Z5.000 F500.000
G0 X95.097 Y61.026 F3000.000
G1 Z1.000 F500.000
G4 P100
G1 X95.242 Y61.669 F1000.000
G1 X95.415 Y61.936
G1 X95.919 Y62.273
G1 X96.227 Y62.316
G1 X96.489 Y62.273
G1 X96.692 Y62.144
G1 X96.824 Y61.941
G1 X96.867 Y61.676
G1 X96.805 Y61.356
G1 X96.620 Y61.084
G1 X96.287 Y60.862
G1 X95.782 Y60.691
G1 X95.964 Y60.519
G1 X96.257 Y60.461
G1 X96.770 Y60.619
G1 X97.402 Y61.101
G1 X97.505 Y61.041
G1 X97.542 Y60.876
G1 X97.447 Y60.566
G1 X96.925 Y60.151
G1 X96.202 Y59.961
G1 X95.736 Y60.033
G1 X95.387 Y60.246
G1 X95.170 Y60.584
G1 X95.097 Y61.026
G0 Z5.000 F500.000
G0 X95.702 Y61.091 F3000.000
G1 Z1.000 F500.000
G4 P100
G1 X96.167 Y61.291 F1000.000
G1 X96.295 Y61.443
G1 X96.285 Y61.769
G1 X96.142 Y61.826
G1 X95.972 Y61.773
G1 X95.830 Y61.611
G1 X95.702 Y61.091
G0 Z5.000 F500.000
G0 X114.984 Y60.971 F3000.000
G1 Z1.000 F500.000
G4 P100
G1 X115.079 Y61.391 F1000.000
G1 X115.359 Y61.536
G1 X115.579 Y61.466
G1 X115.664 Y61.286
G1 X115.691 Y60.740
G1 X115.862 Y60.601
G1 X116.499 Y60.491
G1 X117.164 Y60.644
G1 X117.344 Y60.827
G1 X117.404 Y61.071
G1 X117.294 Y61.364
G1 X117.019 Y61.569
G1 X115.927 Y62.056
G1 X115.512 Y62.424
G1 X115.339 Y63.001
G1 X115.387 Y63.341
G1 X115.532 Y63.641
G1 X115.767 Y63.890
G1 X116.481 Y64.193
G1 X116.939 Y64.231
G1 X117.609 Y64.124
G1 X118.097 Y63.796
G1 X118.233 Y63.551
G1 X118.279 Y63.256
G1 X118.184 Y62.781
G1 X118.067 Y62.661
G1 X117.904 Y62.621
G1 X117.687 Y62.701
G1 X117.599 Y62.891
G1 X117.578 Y63.441
G1 X117.424 Y63.576
G1 X116.914 Y63.686
G1 X116.535 Y63.647
G1 X116.257 Y63.529
G1 X116.086 Y63.340
G1 X116.029 Y63.086
G1 X116.147 Y62.761
G1 X116.439 Y62.536
G1 X117.539 Y62.041
G1 X117.932 Y61.701
G1 X118.094 Y61.171
G1 X117.982 Y60.650
G1 X117.647 Y60.264
G1 X117.123 Y60.026
G1 X116.449 Y59.946
G1 X115.850 Y60.010
G1 X115.384 Y60.199
G1 X115.084 Y60.518
G1 X114.984 Y60.971
G0 Z5.000 F500.000
G0 X118.337 Y61.896 F3000.000
G1 Z1.000 F500.000
G4 P100
G1 X118.284 Y62.071 F1000.000
G1 X118.340 Y62.281
G1 X118.794 Y62.351
G1 X119.054 Y63.356
G1 X119.477 Y64.081
G1 X119.733 Y64.284
G1 X120.009 Y64.351
G1 X120.197 Y64.305
G1 X120.339 Y64.166
G1 X120.459 Y63.701
G1 X120.418 Y63.326
G1 X120.297 Y62.976
G1 X119.809 Y62.351
G1 X120.484 Y62.316
G1 X120.484 Y62.036
G1 X120.378 Y61.928
G1 X119.954 Y61.841
G1 X119.344 Y61.841
G1 X119.365 Y61.009
G1 X119.457 Y60.721
G1 X119.615 Y60.564
G1 X119.844 Y60.511
G1 X120.224 Y60.641
G1 X120.749 Y61.101
G1 X120.852 Y61.041
G1 X120.889 Y60.876
G1 X120.794 Y60.566
G1 X120.324 Y60.131
G1 X120.050 Y60.004
G1 X119.739 Y59.961
G1 X119.293 Y60.051
G1 X118.974 Y60.320
G1 X118.783 Y60.769
G1 X118.734 Y61.841
G1 X118.337 Y61.896
G0 Z5.000 F500.000
G0 X119.394 Y62.426 F3000.000
G1 Z1.000 F500.000
G4 P100
G1 X119.837 Y62.999 F1000.000
G1 X119.984 Y63.576
G1 X119.957 Y63.798
G1 X119.874 Y63.871
G1 X119.707 Y63.684
G1 X119.532 Y63.164
G1 X119.394 Y62.426
G0 Z5.000 F500.000
G0 X120.820 Y61.856 F3000.000
G1 Z1.000 F500.000
G4 P100
G1 X121.413 Y62.272 F1000.000
G1 X121.749 Y62.326
G1 X121.897 Y62.284
G1 X121.959 Y62.131
G1 X122.363 Y62.108
G1 X122.424 Y61.976
G1 X122.234 Y60.676
G1 X122.272 Y60.556
G1 X122.369 Y60.511
G1 X122.599 Y60.634
G1 X123.099 Y61.101
G1 X123.202 Y61.041
G1 X123.239 Y60.876
G1 X123.144 Y60.566
G1 X122.709 Y60.136
G1 X122.264 Y59.961
G1 X121.962 Y60.074
G1 X121.754 Y60.381
G1 X121.460 Y60.066
G1 X121.099 Y59.961
G1 X120.820 Y60.018
G1 X120.604 Y60.186
G1 X120.465 Y60.446
G1 X120.419 Y60.776
G1 X120.465 Y61.166
G1 X120.820 Y61.856
G0 Z5.000 F500.000
G0 X121.149 Y61.301 F3000.000
G1 Z1.000 F500.000
G4 P100
G1 X121.044 Y60.771 F1000.000
G1 X121.107 Y60.541
G1 X121.279 Y60.466
G1 X121.489 Y60.596
G1 X121.634 Y60.941
G1 X121.819 Y61.861
G1 X121.432 Y61.704
G1 X121.149 Y61.301
G0 Z5.000 F500.000
G0 X122.599 Y62.071 F3000.000
G1 Z1.000 F500.000
G4 P100
G1 X122.655 Y62.281 F1000.000
G1 X123.109 Y62.351
G1 X123.369 Y63.356
G1 X123.792 Y64.081
G1 X124.048 Y64.284
G1 X124.324 Y64.351
G1 X124.512 Y64.305
G1 X124.654 Y64.166
G1 X124.774 Y63.701
G1 X124.733 Y63.326
G1 X124.612 Y62.976
G1 X124.124 Y62.351
G1 X124.799 Y62.316
G1 X124.799 Y62.036
G1 X124.693 Y61.928
G1 X124.269 Y61.841
G1 X123.659 Y61.841
G1 X123.680 Y61.009
G1 X123.772 Y60.721
G1 X123.930 Y60.564
G1 X124.159 Y60.511
G1 X124.539 Y60.641
G1 X125.064 Y61.101
G1 X125.167 Y61.041
G1 X125.204 Y60.876
G1 X125.109 Y60.566
G1 X124.639 Y60.131
G1 X124.365 Y60.004
G1 X124.054 Y59.961
G1 X123.608 Y60.051
G1 X123.289 Y60.320
G1 X123.098 Y60.769
G1 X123.049 Y61.841
G1 X122.652 Y61.896
G1 X122.599 Y62.071
G0 Z5.000 F500.000
G0 X123.709 Y62.426 F3000.000
G1 Z1.000 F500.000
G4 P100
G1 X124.152 Y62.999 F1000.000
G1 X124.299 Y63.576
G1 X124.272 Y63.798
G1 X124.189 Y63.871
G1 X124.022 Y63.684
G1 X123.847 Y63.164
G1 X123.709 Y62.426
G0 Z5.000 F500.000
G0 X125.042 Y61.936 F3000.000
G1 Z1.000 F500.000
G4 P100
G1 X125.546 Y62.273 F1000.000
G1 X126.115 Y62.273
G1 X126.319 Y62.144
G1 X126.450 Y61.941
G1 X126.494 Y61.676
G1 X126.432 Y61.356
G1 X126.247 Y61.084
G1 X125.913 Y60.862
G1 X125.409 Y60.691
G1 X125.590 Y60.519
G1 X125.884 Y60.461
G1 X126.397 Y60.619
G1 X127.029 Y61.101
G1 X127.132 Y61.041
G1 X127.169 Y60.876
G1 X127.074 Y60.566
G1 X126.552 Y60.151
G1 X126.202 Y60.009
G1 X125.829 Y59.961
G1 X125.363 Y60.033
G1 X125.014 Y60.246
G1 X124.797 Y60.584
G1 X124.724 Y61.026
G1 X124.869 Y61.669
G1 X125.042 Y61.936
G0 Z5.000 F500.000
G0 X125.457 Y61.611 F3000.000
G1 Z1.000 F500.000
G4 P100
G1 X125.329 Y61.091 F1000.000
G1 X125.794 Y61.291
G1 X125.964 Y61.616
G1 X125.912 Y61.769
G1 X125.769 Y61.826
G1 X125.598 Y61.773
G1 X125.457 Y61.611
G0 Z5.000 F500.000
G0 X84.228 Y15.630 F3000.000
G1 Z1.000 F500.000
G4 P100
G1 X84.637 Y16.072 F1000.000
G1 X84.658 Y16.404
G1 X84.337 Y16.626
G1 X83.807 Y16.577
G1 X83.597 Y16.406
G1 X83.527 Y16.161
G1 X83.592 Y15.952
G1 X83.826 Y15.698
G1 X83.457 Y15.314
G1 X83.375 Y15.073
G1 X83.488 Y14.819
G1 X83.796 Y14.687
G1 X84.381 Y14.757
G1 X84.562 Y14.911
G1 X84.632 Y15.114
G1 X84.555 Y15.347
G1 X84.228 Y15.630
G1 X83.826 Y15.698
G0 Z5.000 F500.000
G0 X63.304 Y119.275 F3000.000
G1 Z1.000 F500.000
G4 P100
G1 X65.861 Y117.706 F1000.000
G1 X63.304 Y116.138
G0 Z5.000 F500.000
G0 X20.000 Y117.706 F3000.000
G1 Z1.000 F500.000
G4 P100
G1 X65.861 Y117.706 F1000.000
G0 Z5.000 F500.000
G0 X54.013 Y67.329 F3000.000
G1 Z1.000 F500.000
G4 P100
G1 X54.013 Y52.049 F1000.000
G0 Z5.000 F500.000
G0 X54.013 Y52.049 F3000.000
G1 Z1.000 F500.000
G4 P100
G1 X84.000 Y52.049 F1000.000
G0 Z5.000 F500.000
G0 X84.000 Y52.049 F3000.000
G1 Z1.000 F500.000
G4 P100
G1 X113.987 Y52.049 F1000.000
G0 Z5.000 F500.000
G0 X113.987 Y52.049 F3000.000
G1 Z1.000 F500.000
G4 P100
G1 X143.974 Y52.049 F1000.000
G0 Z5.000 F500.000
G0 X143.974 Y67.329 F3000.000
G1 Z1.000 F500.000
G4 P100
G1 X143.974 Y52.049 F1000.000
G0 Z5.000 F500.000
G0 X113.987 Y67.329 F3000.000
G1 Z1.000 F500.000
G4 P100
G1 X113.987 Y52.049 F1000.000
G0 Z5.000 F500.000
G0 X113.987 Y67.329 F3000.000
G1 Z1.000 F500.000
G4 P100
G1 X143.974 Y67.329 F1000.000
G0 Z5.000 F500.000
G0 X84.000 Y67.329 F3000.000
G1 Z1.000 F500.000
G4 P100
G1 X84.000 Y52.049 F1000.000
G0 Z5.000 F500.000
G0 X84.000 Y67.329 F3000.000
G1 Z1.000 F500.000
G4 P100
G1 X113.987 Y67.329 F1000.000
G0 Z5.000 F500.000
G0 X54.013 Y67.329 F3000.000
G1 Z1.000 F500.000
G4 P100
G1 X84.000 Y67.329 F1000.000
G0 Z5.000 F500.000
G0 X24.026 Y67.329 F3000.000
G1 Z1.000 F500.000
G4 P100
G1 X24.026 Y52.049 F1000.000
G0 Z5.000 F500.000
G0 X24.026 Y52.049 F3000.000
G1 Z1.000 F500.000
G4 P100
G1 X54.013 Y52.049 F1000.000
G0 Z5.000 F500.000
G0 X24.026 Y67.329 F3000.000
G1 Z1.000 F500.000
G4 P100
G1 X54.013 Y67.329 F1000.000
G0 Z5.000 F500.000
M400
M84
; End
