; Generated by plotter-processor
; Page 10/20
; Motion profile: safe
; Draw feed: 1000.000 mm/min
; Travel feed: 3000.000 mm/min
; Z feed: 500.000 mm/min
; Pen Z: down=1.000 up=5.000
; Down settle: 100 ms
; Estimated ideal time: 555.070115 s
G21
G90
G0 Z5.000 F500.000
G0 X21.511 Y204.958 F3000.000
G1 Z1.000 F500.000
G4 P100
G1 X21.576 Y205.304 F1000.000
G1 X21.421 Y205.525
G1 X20.969 Y205.498
G1 X20.686 Y205.231
G1 X20.494 Y204.454
G1 X20.588 Y204.066
G1 X20.794 Y203.833
G1 X21.179 Y203.733
G1 X21.707 Y203.834
G1 X22.167 Y204.153
G1 X22.336 Y204.470
G0 Z5.000 F500.000
G0 X22.729 Y205.659 F3000.000
G1 Z1.000 F500.000
G4 P100
G1 X22.553 Y205.470 F1000.000
G1 X22.419 Y204.871
G1 X22.448 Y203.774
G1 X22.492 Y204.292
G1 X22.795 Y204.490
G1 X23.190 Y205.187
G1 X23.529 Y205.362
G1 X23.673 Y205.349
G1 X23.717 Y205.128
G1 X23.686 Y203.760
G1 X23.757 Y204.319
G1 X24.028 Y204.486
G1 X24.397 Y205.115
G1 X24.705 Y205.337
G1 X24.986 Y205.301
G1 X24.878 Y204.133
G1 X24.984 Y203.811
G1 X25.259 Y203.745
G1 X25.533 Y203.832
G1 X25.907 Y204.168
G1 X26.047 Y204.438
G0 Z5.000 F500.000
G0 X27.130 Y203.977 F3000.000
G1 Z1.000 F500.000
G4 P100
G1 X27.443 Y204.744 F1000.000
G1 X27.387 Y205.365
G1 X27.213 Y205.527
G1 X26.984 Y205.556
G1 X26.244 Y205.205
G1 X26.205 Y205.544
G1 X26.186 Y204.468
G1 X26.087 Y204.065
G1 X26.227 Y203.713
G1 X26.015 Y202.232
G1 X25.763 Y201.566
G1 X25.568 Y201.450
G1 X25.356 Y201.488
G1 X25.195 Y201.822
G1 X25.228 Y202.413
G1 X25.459 Y203.229
G1 X25.793 Y203.924
G1 X26.087 Y204.065
G1 X26.227 Y203.713
G1 X26.319 Y203.701
G1 X26.674 Y203.738
G1 X27.130 Y203.977
G1 X27.378 Y203.765
G1 X27.704 Y203.751
G1 X28.156 Y204.008
G1 X28.456 Y204.448
G0 Z5.000 F500.000
G0 X29.620 Y204.172 F3000.000
G1 Z1.000 F500.000
G4 P100
G1 X29.835 Y205.352 F1000.000
G1 X29.340 Y205.576
G1 X28.885 Y205.321
G1 X28.558 Y204.832
G1 X28.452 Y204.203
G1 X28.631 Y203.808
G1 X29.056 Y203.748
G1 X29.620 Y204.172
G1 X29.850 Y203.800
G1 X30.141 Y203.755
G1 X30.566 Y204.058
G1 X30.802 Y204.438
G0 Z5.000 F500.000
G0 X31.187 Y205.645 F3000.000
G1 Z1.000 F500.000
G4 P100
G1 X31.036 Y205.489 F1000.000
G1 X30.924 Y205.014
G1 X30.889 Y203.708
G1 X30.856 Y204.356
G1 X30.938 Y204.706
G1 X32.026 Y204.644
G1 X32.341 Y205.593
G1 X32.026 Y204.644
G1 X32.112 Y203.828
G1 X32.370 Y203.746
G1 X32.654 Y203.829
G1 X33.043 Y204.171
G1 X33.176 Y204.436
G0 Z5.000 F500.000
G0 X33.593 Y205.649 F3000.000
G1 Z1.000 F500.000
G4 P100
G1 X33.415 Y205.445 F1000.000
G1 X33.242 Y204.569
G1 X33.249 Y204.124
G1 X33.405 Y203.856
G1 X33.672 Y203.911
G1 X33.994 Y204.294
G1 X34.282 Y204.414
G1 X34.555 Y205.447
G1 X34.680 Y205.618
G1 X34.555 Y205.447
G1 X34.282 Y204.414
G1 X34.425 Y203.845
G1 X34.657 Y203.747
G1 X34.957 Y203.822
G1 X35.356 Y204.174
G1 X35.485 Y204.434
G0 Z5.000 F500.000
G0 X35.903 Y205.649 F3000.000
G1 Z1.000 F500.000
G4 P100
G1 X35.721 Y205.431 F1000.000
G1 X35.544 Y204.488
G1 X35.579 Y204.054
G1 X35.768 Y203.838
G1 X36.052 Y203.963
G1 X36.333 Y204.315
G1 X36.584 Y204.412
G1 X36.992 Y205.620
G1 X36.584 Y204.412
G1 X36.697 Y203.967
G1 X36.990 Y203.684
G1 X36.824 Y203.347
G1 X36.790 Y202.860
G1 X36.441 Y202.298
G1 X36.193 Y202.202
G1 X35.963 Y202.261
G1 X35.863 Y202.573
G1 X36.075 Y202.949
G1 X36.513 Y203.289
G1 X36.824 Y203.347
G1 X36.990 Y203.684
G1 X37.332 Y203.765
G1 X37.837 Y204.150
G0 Z5.000 F500.000
G0 X42.155 Y203.198 F3000.000
G1 Z1.000 F500.000
G4 P100
G1 X42.151 Y202.781 F1000.000
G1 X41.774 Y201.785
G1 X41.463 Y201.484
G1 X41.104 Y201.507
G1 X40.949 Y201.836
G1 X41.110 Y202.347
G1 X41.775 Y203.081
G1 X42.155 Y203.198
G1 X42.413 Y203.758
G1 X42.306 Y203.979
G1 X42.579 Y205.325
G1 X42.140 Y205.587
G1 X41.818 Y205.465
G1 X41.529 Y205.209
G1 X41.294 Y204.797
G1 X41.200 Y204.326
G1 X41.255 Y203.974
G1 X41.469 Y203.754
G1 X41.745 Y203.737
G1 X42.306 Y203.979
G1 X42.416 Y203.765
G1 X42.662 Y203.787
G1 X43.468 Y204.375
G0 Z5.000 F500.000
G0 X45.009 Y204.668 F3000.000
G1 Z1.000 F500.000
G4 P100
G1 X44.825 Y204.078 F1000.000
G1 X44.467 Y203.767
G1 X43.989 Y203.777
G1 X43.651 Y204.145
G1 X43.585 Y204.577
G1 X43.669 Y205.028
G1 X43.878 Y205.352
G1 X44.184 Y205.531
G1 X44.445 Y205.550
G1 X44.656 Y205.442
G1 X45.009 Y204.668
G1 X45.406 Y204.661
G1 X45.814 Y204.780
G0 Z5.000 F500.000
G0 X45.823 Y204.514 F3000.000
G1 Z1.000 F500.000
G4 P100
G1 X45.671 Y204.275 F1000.000
G1 X45.698 Y203.928
G1 X45.870 Y203.761
G1 X46.143 Y203.777
G1 X46.428 Y204.040
G1 X46.887 Y205.003
G1 X47.276 Y205.425
G1 X47.210 Y205.269
G1 X47.349 Y204.972
G1 X47.356 Y204.213
G1 X47.489 Y203.822
G1 X47.745 Y203.733
G1 X48.032 Y203.810
G1 X48.414 Y204.181
G1 X48.534 Y204.429
G1 X48.545 Y203.884
G1 X48.715 Y203.755
G1 X48.976 Y203.747
G1 X49.355 Y204.081
G1 X49.603 Y204.841
G1 X49.296 Y205.489
G1 X49.048 Y205.549
G1 X48.838 Y205.418
G1 X48.778 Y205.225
G1 X48.951 Y205.518
G1 X49.296 Y205.489
G1 X49.603 Y204.841
G1 X50.001 Y204.932
G1 X50.121 Y205.511
G1 X50.258 Y205.649
G1 X50.121 Y205.511
G1 X50.001 Y204.932
G1 X50.099 Y204.253
G1 X50.004 Y203.691
G1 X50.099 Y204.253
G1 X50.546 Y204.495
G1 X50.752 Y205.199
G1 X51.121 Y205.546
G1 X51.518 Y205.493
G1 X51.625 Y205.123
G1 X51.564 Y204.961
G1 X51.611 Y205.349
G1 X51.361 Y205.565
G1 X51.054 Y205.517
G1 X50.797 Y205.274
G1 X50.546 Y204.495
G1 X50.830 Y203.923
G1 X51.162 Y203.734
G1 X51.544 Y203.763
G1 X51.997 Y204.115
G1 X52.182 Y204.441
G0 Z5.000 F500.000
G0 X52.566 Y205.645 F3000.000
G1 Z1.000 F500.000
G4 P100
G1 X52.415 Y205.489 F1000.000
G1 X52.303 Y205.014
G1 X52.268 Y203.708
G1 X52.235 Y204.356
G1 X52.317 Y204.706
G1 X53.406 Y204.644
G1 X53.721 Y205.593
G1 X53.406 Y204.644
G1 X53.492 Y203.828
G1 X53.750 Y203.746
G1 X54.033 Y203.829
G1 X54.423 Y204.171
G1 X54.556 Y204.436
G0 Z5.000 F500.000
G0 X57.155 Y205.574 F3000.000
G1 Z1.000 F500.000
G4 P100
G1 X56.813 Y204.714 F1000.000
G1 X56.108 Y204.341
G1 X56.171 Y204.389
G1 X56.003 Y204.400
G1 X55.961 Y204.703
G1 X55.833 Y204.866
G1 X55.514 Y204.916
G1 X55.129 Y204.766
G1 X54.741 Y205.151
G1 X54.829 Y205.493
G1 X54.982 Y205.627
G1 X54.819 Y205.466
G1 X54.693 Y204.724
G1 X54.757 Y204.622
G1 X55.129 Y204.766
G1 X54.709 Y204.650
G1 X54.645 Y204.299
G1 X54.750 Y203.994
G1 X55.085 Y203.750
G1 X55.548 Y203.761
G1 X55.877 Y203.972
G1 X56.108 Y204.341
G1 X56.813 Y204.714
G1 X56.954 Y203.938
G1 X57.266 Y203.730
G1 X57.711 Y203.943
G1 X58.066 Y204.438
G0 Z5.000 F500.000
G0 X62.896 Y207.727 F3000.000
G1 Z1.000 F500.000
G4 P100
G1 X61.900 Y207.425 F1000.000
G1 X61.658 Y207.119
G1 X61.765 Y206.753
G1 X62.560 Y205.730
G1 X62.595 Y204.994
G1 X62.715 Y204.683
G1 X62.550 Y204.261
G1 X62.289 Y203.893
G1 X61.935 Y203.731
G1 X61.554 Y203.805
G1 X61.335 Y204.105
G1 X61.296 Y204.541
G1 X61.385 Y204.976
G1 X61.589 Y205.305
G1 X61.876 Y205.487
G1 X62.559 Y205.413
G1 X62.715 Y204.683
G1 X63.144 Y204.652
G1 X63.613 Y204.792
G0 Z5.000 F500.000
G0 X66.240 Y205.574 F3000.000
G1 Z1.000 F500.000
G4 P100
G1 X65.898 Y204.714 F1000.000
G1 X65.192 Y204.341
G1 X65.255 Y204.389
G1 X65.087 Y204.400
G1 X65.046 Y204.703
G1 X64.918 Y204.866
G1 X64.599 Y204.916
G1 X64.213 Y204.766
G1 X63.825 Y205.151
G1 X63.914 Y205.493
G1 X64.067 Y205.627
G1 X63.903 Y205.466
G1 X63.778 Y204.724
G1 X63.841 Y204.622
G1 X64.213 Y204.766
G1 X63.794 Y204.650
G1 X63.730 Y204.299
G1 X63.834 Y203.994
G1 X64.169 Y203.750
G1 X64.632 Y203.761
G1 X64.961 Y203.972
G1 X65.192 Y204.341
G1 X65.898 Y204.714
G1 X66.038 Y203.938
G1 X66.351 Y203.730
G1 X66.795 Y203.943
G1 X67.150 Y204.438
G0 Z5.000 F500.000
G0 X67.552 Y205.659 F3000.000
G1 Z1.000 F500.000
G4 P100
G1 X67.376 Y205.470 F1000.000
G1 X67.242 Y204.871
G1 X67.271 Y203.774
G1 X67.315 Y204.292
G1 X67.619 Y204.490
G1 X68.013 Y205.187
G1 X68.353 Y205.362
G1 X68.497 Y205.349
G1 X68.540 Y205.128
G1 X68.509 Y203.760
G1 X68.580 Y204.319
G1 X68.852 Y204.486
G1 X69.220 Y205.115
G1 X69.528 Y205.337
G1 X69.809 Y205.301
G1 X69.702 Y204.133
G1 X69.807 Y203.811
G1 X70.083 Y203.745
G1 X70.357 Y203.832
G1 X70.731 Y204.168
G1 X70.870 Y204.438
G0 Z5.000 F500.000
G0 X72.239 Y203.909 F3000.000
G1 Z1.000 F500.000
G4 P100
G1 X72.381 Y204.447 F1000.000
G1 X72.309 Y204.712
G1 X72.040 Y204.908
G1 X71.727 Y204.897
G1 X71.446 Y204.763
G1 X71.254 Y204.932
G1 X71.052 Y205.156
G1 X71.143 Y205.492
G1 X71.297 Y205.627
G1 X71.133 Y205.465
G1 X71.008 Y204.724
G1 X71.085 Y204.608
G1 X71.446 Y204.763
G1 X71.085 Y204.608
G1 X71.028 Y204.656
G1 X70.954 Y204.385
G1 X71.042 Y204.035
G1 X71.264 Y203.808
G1 X71.642 Y203.710
G1 X72.207 Y203.929
G1 X72.446 Y203.752
G1 X72.763 Y203.766
G1 X73.193 Y204.043
G1 X73.455 Y204.436
G0 Z5.000 F500.000
G0 X77.689 Y204.958 F3000.000
G1 Z1.000 F500.000
G4 P100
G1 X77.754 Y205.304 F1000.000
G1 X77.599 Y205.525
G1 X77.147 Y205.498
G1 X76.864 Y205.231
G1 X76.672 Y204.454
G1 X76.766 Y204.066
G1 X76.972 Y203.833
G1 X77.357 Y203.733
G1 X77.885 Y203.834
G1 X78.345 Y204.153
G1 X78.514 Y204.470
G0 Z5.000 F500.000
G0 X78.889 Y205.645 F3000.000
G1 Z1.000 F500.000
G4 P100
G1 X78.738 Y205.489 F1000.000
G1 X78.627 Y205.014
G1 X78.592 Y203.708
G1 X78.559 Y204.356
G1 X78.641 Y204.706
G1 X79.729 Y204.644
G1 X80.044 Y205.593
G1 X79.729 Y204.644
G1 X79.815 Y203.828
G1 X80.073 Y203.746
G1 X80.356 Y203.829
G1 X80.746 Y204.171
G1 X80.879 Y204.436
G0 Z5.000 F500.000
G0 X81.296 Y205.649 F3000.000
G1 Z1.000 F500.000
G4 P100
G1 X81.116 Y205.438 F1000.000
G1 X80.936 Y204.474
G1 X80.970 Y204.061
G1 X81.154 Y203.839
G1 X81.428 Y203.950
G1 X81.726 Y204.316
G1 X81.985 Y204.414
G1 X82.258 Y205.447
G1 X82.383 Y205.618
G1 X82.258 Y205.447
G1 X81.985 Y204.414
G1 X82.102 Y203.889
G1 X82.315 Y203.751
G1 X82.698 Y203.845
G1 X83.115 Y204.251
G1 X83.204 Y204.635
G1 X83.180 Y205.251
G1 X83.304 Y205.427
G1 X83.614 Y205.589
G1 X83.968 Y205.639
G1 X84.251 Y205.577
G1 X84.409 Y205.401
G1 X84.429 Y205.077
G1 X84.269 Y204.769
G1 X83.270 Y204.160
G1 X83.965 Y203.540
G1 X84.014 Y202.844
G1 X83.865 Y202.264
G1 X83.594 Y201.763
G1 X83.293 Y201.491
G1 X82.965 Y201.463
G1 X82.779 Y201.618
G1 X82.740 Y201.934
G1 X83.065 Y202.674
G1 X83.598 Y203.204
G1 X83.936 Y203.330
G1 X83.965 Y203.540
G1 X85.230 Y204.363
G0 Z5.000 F500.000
G0 X85.754 Y205.627 F3000.000
G1 Z1.000 F500.000
G4 P100
G1 X85.590 Y205.405 F1000.000
G1 X85.419 Y204.439
G1 X85.463 Y204.042
G1 X85.653 Y203.838
G1 X85.903 Y203.932
G1 X86.211 Y204.318
G1 X86.504 Y204.446
G1 X86.858 Y205.608
G1 X86.504 Y204.446
G1 X86.582 Y203.765
G1 X86.309 Y203.201
G1 X86.328 Y202.870
G1 X86.104 Y202.142
G1 X85.722 Y201.544
G1 X85.487 Y201.453
G1 X85.255 Y201.509
G1 X85.120 Y201.693
G1 X85.115 Y201.977
G1 X85.447 Y202.611
G1 X85.974 Y203.119
G1 X86.309 Y203.201
G1 X86.582 Y203.765
G1 X86.958 Y203.851
G1 X87.632 Y204.375
G0 Z5.000 F500.000
G0 X91.371 Y205.659 F3000.000
G1 Z1.000 F500.000
G4 P100
G1 X91.194 Y205.470 F1000.000
G1 X91.057 Y204.855
G1 X91.136 Y204.282
G1 X91.090 Y203.774
G1 X91.136 Y204.282
G1 X91.439 Y204.480
G1 X91.861 Y205.188
G1 X92.156 Y205.353
G1 X92.381 Y205.308
G1 X92.286 Y204.035
G1 X92.362 Y203.832
G1 X92.555 Y203.752
G1 X92.984 Y203.862
G1 X93.338 Y204.200
G1 X93.547 Y204.598
G1 X94.231 Y204.902
G1 X94.692 Y204.895
G1 X94.829 Y204.812
G1 X94.804 Y204.389
G1 X94.606 Y203.976
G1 X94.333 Y203.772
G1 X93.995 Y203.731
G1 X93.701 Y203.867
G1 X93.504 Y204.145
G1 X93.437 Y204.562
G1 X93.517 Y205.014
G1 X93.715 Y205.336
G1 X94.016 Y205.524
G1 X94.284 Y205.552
G1 X94.504 Y205.448
G1 X94.862 Y204.668
G1 X95.259 Y204.661
G1 X95.667 Y204.780
G0 Z5.000 F500.000
G0 X99.330 Y205.649 F3000.000
G1 Z1.000 F500.000
G4 P100
G1 X99.147 Y205.431 F1000.000
G1 X98.970 Y204.488
G1 X99.005 Y204.054
G1 X99.195 Y203.838
G1 X99.478 Y203.963
G1 X99.760 Y204.315
G1 X100.011 Y204.412
G1 X100.419 Y205.620
G1 X100.011 Y204.412
G1 X100.124 Y203.967
G1 X100.416 Y203.684
G1 X100.250 Y203.347
G1 X100.236 Y202.931
G1 X99.935 Y202.354
G1 X99.712 Y202.220
G1 X99.480 Y202.216
G1 X99.319 Y202.344
G1 X99.288 Y202.566
G1 X99.603 Y203.043
G1 X99.979 Y203.308
G1 X100.250 Y203.347
G1 X100.416 Y203.684
G1 X100.809 Y203.794
G1 X101.346 Y204.263
G1 X102.118 Y204.510
G1 X102.489 Y204.799
G1 X102.602 Y205.134
G1 X102.496 Y205.445
G1 X102.209 Y205.570
G1 X101.856 Y205.486
G1 X101.547 Y205.163
G1 X101.404 Y204.690
G1 X101.482 Y204.126
G1 X101.703 Y203.852
G1 X102.121 Y203.713
G1 X102.617 Y203.779
G1 X103.163 Y204.101
G1 X103.383 Y204.436
G0 Z5.000 F500.000
G0 X103.768 Y205.645 F3000.000
G1 Z1.000 F500.000
G4 P100
G1 X103.617 Y205.489 F1000.000
G1 X103.505 Y205.014
G1 X103.470 Y203.708
G1 X103.437 Y204.356
G1 X103.519 Y204.706
G1 X104.608 Y204.644
G1 X104.923 Y205.593
G1 X104.608 Y204.644
G1 X104.694 Y203.828
G1 X104.952 Y203.746
G1 X105.235 Y203.829
G1 X105.625 Y204.171
G1 X105.758 Y204.436
G0 Z5.000 F500.000
G0 X106.160 Y205.659 F3000.000
G1 Z1.000 F500.000
G4 P100
G1 X105.984 Y205.470 F1000.000
G1 X105.850 Y204.871
G1 X105.879 Y203.774
G1 X105.923 Y204.292
G1 X106.227 Y204.490
G1 X106.621 Y205.187
G1 X106.960 Y205.362
G1 X107.105 Y205.349
G1 X107.148 Y205.128
G1 X107.117 Y203.760
G1 X107.188 Y204.319
G1 X107.460 Y204.486
G1 X107.828 Y205.115
G1 X108.136 Y205.337
G1 X108.417 Y205.301
G1 X108.310 Y204.133
G1 X108.415 Y203.811
G1 X108.691 Y203.745
G1 X108.965 Y203.832
G1 X109.339 Y204.168
G1 X109.478 Y204.438
G0 Z5.000 F500.000
G0 X110.561 Y203.977 F3000.000
G1 Z1.000 F500.000
G4 P100
G1 X110.874 Y204.744 F1000.000
G1 X110.819 Y205.365
G1 X110.645 Y205.527
G1 X110.416 Y205.556
G1 X109.675 Y205.205
G1 X109.636 Y205.544
G1 X109.618 Y204.468
G1 X109.519 Y204.065
G1 X109.658 Y203.713
G1 X109.446 Y202.232
G1 X109.195 Y201.566
G1 X108.999 Y201.450
G1 X108.787 Y201.488
G1 X108.627 Y201.822
G1 X108.660 Y202.413
G1 X108.890 Y203.229
G1 X109.224 Y203.924
G1 X109.519 Y204.065
G1 X109.658 Y203.713
G1 X109.751 Y203.701
G1 X110.105 Y203.738
G1 X110.561 Y203.977
G1 X110.810 Y203.765
G1 X111.136 Y203.751
G1 X111.588 Y204.008
G1 X111.887 Y204.448
G0 Z5.000 F500.000
G0 X112.273 Y205.627 F3000.000
G1 Z1.000 F500.000
G4 P100
G1 X112.109 Y205.405 F1000.000
G1 X111.938 Y204.439
G1 X111.981 Y204.042
G1 X112.171 Y203.838
G1 X112.422 Y203.932
G1 X112.730 Y204.318
G1 X113.022 Y204.446
G1 X113.376 Y205.608
G1 X113.022 Y204.446
G1 X113.101 Y203.765
G1 X112.827 Y203.201
G1 X112.846 Y202.870
G1 X112.622 Y202.142
G1 X112.241 Y201.544
G1 X112.006 Y201.453
G1 X111.774 Y201.509
G1 X111.639 Y201.693
G1 X111.633 Y201.977
G1 X111.965 Y202.611
G1 X112.492 Y203.119
G1 X112.827 Y203.201
G1 X113.101 Y203.765
G1 X113.477 Y203.851
G1 X114.150 Y204.375
G0 Z5.000 F500.000
G0 X114.104 Y202.927 F3000.000
G1 Z1.000 F500.000
G4 P100
G1 X114.404 Y204.014 F1000.000
G0 Z5.000 F500.000
G0 X119.174 Y205.659 F3000.000
G1 Z1.000 F500.000
G4 P100
G1 X118.997 Y205.470 F1000.000
G1 X118.860 Y204.855
G1 X118.940 Y204.282
G1 X118.894 Y203.774
G1 X118.940 Y204.282
G1 X119.243 Y204.480
G1 X119.664 Y205.188
G1 X119.960 Y205.353
G1 X120.184 Y205.308
G1 X120.090 Y204.035
G1 X120.165 Y203.832
G1 X120.359 Y203.752
G1 X120.787 Y203.862
G1 X121.141 Y204.200
G1 X121.351 Y204.598
G1 X122.034 Y204.902
G1 X122.495 Y204.895
G1 X122.633 Y204.812
G1 X122.608 Y204.389
G1 X122.410 Y203.976
G1 X122.137 Y203.772
G1 X121.798 Y203.731
G1 X121.504 Y203.867
G1 X121.308 Y204.145
G1 X121.241 Y204.562
G1 X121.320 Y205.014
G1 X121.519 Y205.336
G1 X121.819 Y205.524
G1 X122.087 Y205.552
G1 X122.308 Y205.448
G1 X122.665 Y204.668
G1 X123.063 Y204.661
G1 X123.471 Y204.780
G0 Z5.000 F500.000
G0 X124.532 Y204.958 F3000.000
G1 Z1.000 F500.000
G4 P100
G1 X124.597 Y205.304 F1000.000
G1 X124.442 Y205.525
G1 X123.990 Y205.498
G1 X123.707 Y205.231
G1 X123.515 Y204.454
G1 X123.609 Y204.066
G1 X123.815 Y203.833
G1 X124.207 Y203.733
G1 X124.755 Y203.845
G1 X125.252 Y204.223
G1 X125.351 Y204.382
G1 X125.313 Y204.510
G1 X125.164 Y204.261
G1 X125.204 Y203.908
G1 X125.394 Y203.753
G1 X125.672 Y203.793
G1 X125.983 Y204.133
G1 X126.396 Y205.021
G1 X126.772 Y205.425
G1 X126.706 Y205.269
G1 X126.849 Y204.951
G1 X126.869 Y204.112
G1 X126.958 Y203.856
G1 X127.111 Y203.753
G1 X127.595 Y203.854
G1 X128.032 Y204.436
G1 X128.138 Y204.329
G1 X128.538 Y204.417
G1 X129.122 Y204.748
G1 X129.268 Y205.046
G1 X129.227 Y205.361
G1 X129.026 Y205.540
G1 X128.707 Y205.556
G1 X128.331 Y205.319
G1 X128.104 Y204.856
G1 X128.142 Y204.175
G1 X128.330 Y203.887
G1 X128.744 Y203.718
G1 X129.257 Y203.767
G1 X129.820 Y204.087
G1 X130.057 Y204.436
G0 Z5.000 F500.000
G0 X134.953 Y204.939 F3000.000
G1 Z1.000 F500.000
G4 P100
G1 X135.043 Y205.233 F1000.000
G1 X134.928 Y205.493
G1 X134.660 Y205.570
G1 X134.370 Y205.461
G1 X134.076 Y205.057
G1 X133.927 Y204.395
G1 X133.425 Y204.207
G1 X133.390 Y203.782
G1 X133.362 Y204.908
G1 X133.492 Y205.470
G1 X133.669 Y205.659
G1 X133.495 Y205.477
G1 X133.371 Y204.966
G1 X133.327 Y204.501
G1 X133.425 Y204.207
G1 X133.927 Y204.395
G1 X134.281 Y203.865
G1 X134.790 Y203.723
G1 X135.240 Y203.949
G1 X135.593 Y204.438
G0 Z5.000 F500.000
G0 X136.760 Y204.172 F3000.000
G1 Z1.000 F500.000
G4 P100
G1 X136.975 Y205.352 F1000.000
G1 X136.516 Y205.583
G1 X136.015 Y205.311
G1 X135.668 Y204.750
G1 X135.609 Y204.087
G1 X135.709 Y203.869
G1 X135.894 Y203.743
G1 X136.242 Y203.768
G1 X136.760 Y204.172
G1 X136.996 Y203.795
G1 X137.302 Y203.762
G1 X137.716 Y204.069
G1 X137.940 Y204.432
G1 X137.836 Y204.108
G1 X137.921 Y203.844
G1 X138.184 Y203.733
G1 X138.479 Y203.821
G1 X138.753 Y204.185
G1 X138.949 Y204.841
G1 X138.734 Y205.396
G1 X138.409 Y205.551
G1 X138.206 Y205.447
G1 X138.124 Y205.225
G1 X138.265 Y205.499
G1 X138.580 Y205.526
G1 X138.786 Y205.314
G1 X138.949 Y204.841
G1 X139.347 Y204.932
G1 X139.467 Y205.511
G1 X139.603 Y205.649
G1 X139.467 Y205.511
G1 X139.347 Y204.932
G1 X139.445 Y204.253
G1 X139.350 Y203.691
G1 X139.445 Y204.253
G1 X139.892 Y204.495
G1 X140.098 Y205.199
G1 X140.467 Y205.546
G1 X140.864 Y205.493
G1 X140.971 Y205.123
G1 X140.910 Y204.961
G1 X140.957 Y205.349
G1 X140.707 Y205.565
G1 X140.400 Y205.517
G1 X140.143 Y205.274
G1 X139.892 Y204.495
G1 X140.175 Y203.923
G1 X140.507 Y203.734
G1 X140.889 Y203.763
G1 X141.343 Y204.115
G1 X141.527 Y204.441
G0 Z5.000 F500.000
G0 X142.480 Y203.198 F3000.000
G1 Z1.000 F500.000
G4 P100
G1 X142.476 Y202.781 F1000.000
G1 X142.100 Y201.785
G1 X141.789 Y201.484
G1 X141.429 Y201.507
G1 X141.275 Y201.836
G1 X141.435 Y202.347
G1 X142.100 Y203.081
G1 X142.480 Y203.198
G1 X142.739 Y203.758
G1 X142.632 Y203.979
G1 X142.905 Y205.325
G1 X142.465 Y205.587
G1 X142.144 Y205.465
G1 X141.855 Y205.209
G1 X141.620 Y204.797
G1 X141.526 Y204.326
G1 X141.581 Y203.974
G1 X141.795 Y203.754
G1 X142.071 Y203.737
G1 X142.632 Y203.979
G1 X142.742 Y203.765
G1 X142.988 Y203.787
G1 X143.794 Y204.375
G0 Z5.000 F500.000
G0 X145.334 Y204.668 F3000.000
G1 Z1.000 F500.000
G4 P100
G1 X145.151 Y204.078 F1000.000
G1 X144.793 Y203.767
G1 X144.315 Y203.777
G1 X143.977 Y204.145
G1 X143.911 Y204.577
G1 X143.995 Y205.028
G1 X144.204 Y205.352
G1 X144.509 Y205.531
G1 X144.771 Y205.550
G1 X144.982 Y205.442
G1 X145.334 Y204.668
G1 X145.732 Y204.661
G1 X146.140 Y204.780
G0 Z5.000 F500.000
G0 X146.593 Y205.649 F3000.000
G1 Z1.000 F500.000
G4 P100
G1 X146.415 Y205.445 F1000.000
G1 X146.242 Y204.569
G1 X146.249 Y204.124
G1 X146.405 Y203.856
G1 X146.672 Y203.911
G1 X146.994 Y204.294
G1 X147.282 Y204.414
G1 X147.555 Y205.447
G1 X147.680 Y205.618
G1 X147.555 Y205.447
G1 X147.282 Y204.414
G1 X147.425 Y203.845
G1 X147.657 Y203.747
G1 X147.957 Y203.822
G1 X148.356 Y204.174
G1 X148.485 Y204.434
G0 Z5.000 F500.000
G0 X147.914 Y207.075 F3000.000
G1 Z1.000 F500.000
G4 P100
G1 X147.640 Y206.623 F1000.000
G1 X147.196 Y206.398
G1 X146.713 Y206.466
G1 X146.491 Y206.819
G0 Z5.000 F500.000
G0 X21.511 Y194.861 F3000.000
G1 Z1.000 F500.000
G4 P100
G1 X21.576 Y195.207 F1000.000
G1 X21.421 Y195.428
G1 X20.969 Y195.401
G1 X20.686 Y195.134
G1 X20.494 Y194.357
G1 X20.588 Y193.969
G1 X20.794 Y193.736
G1 X21.179 Y193.636
G1 X21.707 Y193.737
G1 X22.167 Y194.056
G1 X22.336 Y194.373
G0 Z5.000 F500.000
G0 X22.729 Y195.562 F3000.000
G1 Z1.000 F500.000
G4 P100
G1 X22.553 Y195.373 F1000.000
G1 X22.419 Y194.774
G1 X22.448 Y193.677
G1 X22.492 Y194.195
G1 X22.795 Y194.393
G1 X23.190 Y195.090
G1 X23.529 Y195.265
G1 X23.673 Y195.252
G1 X23.717 Y195.031
G1 X23.686 Y193.663
G1 X23.757 Y194.222
G1 X24.028 Y194.389
G1 X24.397 Y195.018
G1 X24.705 Y195.240
G1 X24.986 Y195.204
G1 X24.878 Y194.036
G1 X24.984 Y193.714
G1 X25.259 Y193.648
G1 X25.533 Y193.735
G1 X25.907 Y194.071
G1 X26.047 Y194.341
G0 Z5.000 F500.000
G0 X27.130 Y193.880 F3000.000
G1 Z1.000 F500.000
G4 P100
G1 X27.443 Y194.647 F1000.000
G1 X27.387 Y195.268
G1 X27.213 Y195.430
G1 X26.984 Y195.459
G1 X26.244 Y195.108
G1 X26.205 Y195.447
G1 X26.186 Y194.371
G1 X26.087 Y193.968
G1 X26.227 Y193.616
G1 X26.015 Y192.135
G1 X25.763 Y191.469
G1 X25.568 Y191.353
G1 X25.356 Y191.391
G1 X25.195 Y191.725
G1 X25.228 Y192.316
G1 X25.459 Y193.132
G1 X25.793 Y193.827
G1 X26.087 Y193.968
G1 X26.227 Y193.616
G1 X26.319 Y193.604
G1 X26.674 Y193.641
G1 X27.130 Y193.880
G1 X27.378 Y193.668
G1 X27.704 Y193.654
G1 X28.156 Y193.911
G1 X28.456 Y194.351
G0 Z5.000 F500.000
G0 X29.620 Y194.075 F3000.000
G1 Z1.000 F500.000
G4 P100
G1 X29.835 Y195.255 F1000.000
G1 X29.340 Y195.479
G1 X28.885 Y195.224
G1 X28.558 Y194.735
G1 X28.452 Y194.106
G1 X28.631 Y193.711
G1 X29.056 Y193.651
G1 X29.620 Y194.075
G1 X29.850 Y193.703
G1 X30.141 Y193.658
G1 X30.566 Y193.961
G1 X30.802 Y194.341
G0 Z5.000 F500.000
G0 X31.187 Y195.548 F3000.000
G1 Z1.000 F500.000
G4 P100
G1 X31.036 Y195.392 F1000.000
G1 X30.924 Y194.917
G1 X30.889 Y193.611
G1 X30.856 Y194.259
G1 X30.938 Y194.609
G1 X32.026 Y194.547
G1 X32.341 Y195.496
G1 X32.026 Y194.547
G1 X32.112 Y193.731
G1 X32.370 Y193.649
G1 X32.654 Y193.732
G1 X33.043 Y194.074
G1 X33.176 Y194.339
G0 Z5.000 F500.000
G0 X33.593 Y195.552 F3000.000
G1 Z1.000 F500.000
G4 P100
G1 X33.415 Y195.348 F1000.000
G1 X33.242 Y194.472
G1 X33.249 Y194.027
G1 X33.405 Y193.759
G1 X33.672 Y193.814
G1 X33.994 Y194.197
G1 X34.282 Y194.317
G1 X34.555 Y195.350
G1 X34.680 Y195.521
G1 X34.555 Y195.350
G1 X34.282 Y194.317
G1 X34.425 Y193.748
G1 X34.657 Y193.650
G1 X34.957 Y193.725
G1 X35.356 Y194.077
G1 X35.485 Y194.337
G0 Z5.000 F500.000
G0 X35.903 Y195.552 F3000.000
G1 Z1.000 F500.000
G4 P100
G1 X35.721 Y195.334 F1000.000
G1 X35.544 Y194.391
G1 X35.579 Y193.957
G1 X35.768 Y193.741
G1 X36.052 Y193.866
G1 X36.333 Y194.218
G1 X36.584 Y194.315
G1 X36.992 Y195.523
G1 X36.584 Y194.315
G1 X36.697 Y193.870
G1 X36.990 Y193.587
G1 X36.824 Y193.250
G1 X36.790 Y192.763
G1 X36.441 Y192.201
G1 X36.193 Y192.105
G1 X35.963 Y192.164
G1 X35.863 Y192.476
G1 X36.075 Y192.852
G1 X36.513 Y193.192
G1 X36.824 Y193.250
G1 X36.990 Y193.587
G1 X37.332 Y193.668
G1 X37.837 Y194.053
G0 Z5.000 F500.000
G0 X40.591 Y195.477 F3000.000
G1 Z1.000 F500.000
G4 P100
G1 X40.249 Y194.617 F1000.000
G1 X39.544 Y194.244
G1 X39.607 Y194.292
G1 X39.439 Y194.303
G1 X39.397 Y194.606
G1 X39.269 Y194.769
G1 X38.950 Y194.819
G1 X38.565 Y194.669
G1 X38.176 Y195.054
G1 X38.265 Y195.396
G1 X38.418 Y195.530
G1 X38.254 Y195.369
G1 X38.129 Y194.627
G1 X38.193 Y194.525
G1 X38.565 Y194.669
G1 X38.145 Y194.553
G1 X38.081 Y194.202
G1 X38.186 Y193.897
G1 X38.520 Y193.653
G1 X38.984 Y193.664
G1 X39.312 Y193.875
G1 X39.544 Y194.244
G1 X40.249 Y194.617
G1 X40.390 Y193.841
G1 X40.702 Y193.633
G1 X41.146 Y193.846
G1 X41.502 Y194.341
G0 Z5.000 F500.000
G0 X48.124 Y195.025 F3000.000
G1 Z1.000 F500.000
G4 P100
G1 X48.906 Y194.949 F1000.000
G1 X48.898 Y194.374
G1 X48.761 Y193.790
G1 X48.834 Y193.680
G1 X48.605 Y193.091
G1 X48.168 Y192.945
G1 X47.504 Y192.150
G1 X47.416 Y191.610
G1 X47.518 Y191.438
G1 X47.713 Y191.356
G1 X48.056 Y191.474
G1 X48.328 Y191.870
G1 X48.612 Y192.724
G1 X48.605 Y193.091
G1 X48.834 Y193.680
G1 X49.237 Y193.748
G1 X49.913 Y194.263
G1 X49.039 Y193.680
G1 X48.834 Y193.680
G1 X48.644 Y193.807
G1 X47.761 Y193.663
G1 X47.030 Y193.799
G1 X46.590 Y194.093
G1 X46.301 Y194.540
G1 X46.194 Y195.097
G1 X46.252 Y195.796
G1 X46.441 Y196.357
G1 X46.743 Y196.805
G1 X47.145 Y197.131
G1 X47.629 Y197.313
G1 X48.206 Y197.325
G1 X48.607 Y197.149
G1 X48.806 Y196.781
G1 X48.756 Y196.299
G0 Z5.000 F500.000
G0 X50.128 Y194.905 F3000.000
G1 Z1.000 F500.000
G4 P100
G1 X51.112 Y195.001 F1000.000
G0 Z5.000 F500.000
G0 X53.095 Y194.847 F3000.000
G1 Z1.000 F500.000
G4 P100
G1 X53.177 Y195.173 F1000.000
G1 X53.016 Y195.428
G1 X52.680 Y195.456
G1 X52.353 Y195.255
G1 X52.063 Y194.597
G1 X52.069 Y194.211
G1 X52.188 Y193.906
G1 X52.511 Y193.666
G1 X52.959 Y193.642
G1 X53.341 Y193.847
G1 X53.540 Y194.207
G0 Z5.000 F500.000
G0 X53.924 Y194.262 F3000.000
G1 Z1.000 F500.000
G4 P100
G1 X53.977 Y194.892 F1000.000
G1 X54.209 Y195.292
G1 X54.652 Y195.438
G1 X55.061 Y195.276
G1 X55.201 Y195.006
G1 X55.256 Y194.595
G1 X55.158 Y194.109
G1 X54.957 Y193.798
G1 X54.588 Y193.660
G1 X54.258 Y193.698
G1 X54.040 Y193.896
G1 X53.924 Y194.262
G0 Z5.000 F500.000
G0 X57.410 Y195.435 F3000.000
G1 Z1.000 F500.000
G4 P100
G1 X57.791 Y197.449 F1000.000
G1 X57.980 Y197.757
G1 X58.321 Y197.788
G1 X58.475 Y197.442
G1 X58.447 Y196.809
G1 X57.905 Y195.193
G1 X57.447 Y194.927
G1 X57.335 Y195.119
G1 X57.376 Y195.477
G1 X56.920 Y195.428
G1 X56.630 Y195.260
G1 X56.229 Y194.610
G1 X56.173 Y194.204
G1 X56.268 Y193.815
G1 X56.430 Y193.661
G1 X56.660 Y193.646
G1 X57.451 Y194.053
G1 X57.637 Y193.619
G1 X57.450 Y194.061
G1 X57.471 Y195.037
G1 X58.576 Y194.264
G1 X58.934 Y194.264
G1 X59.484 Y194.439
G1 X59.816 Y194.719
G1 X59.917 Y195.074
G1 X59.774 Y195.383
G1 X59.427 Y195.472
G1 X59.053 Y195.304
G1 X58.789 Y194.905
G1 X58.715 Y194.452
G1 X58.848 Y193.909
G1 X59.180 Y193.657
G1 X59.651 Y193.629
G1 X60.044 Y193.826
G1 X60.261 Y194.193
G0 Z5.000 F500.000
G0 X66.144 Y193.101 F3000.000
G1 Z1.000 F500.000
G4 P100
G1 X66.140 Y192.684 F1000.000
G1 X65.763 Y191.688
G1 X65.452 Y191.387
G1 X65.093 Y191.410
G1 X64.938 Y191.739
G1 X65.099 Y192.250
G1 X65.764 Y192.984
G1 X66.144 Y193.101
G1 X66.402 Y193.661
G1 X66.295 Y193.882
G1 X66.568 Y195.228
G1 X66.129 Y195.490
G1 X65.807 Y195.368
G1 X65.518 Y195.112
G1 X65.283 Y194.700
G1 X65.189 Y194.229
G1 X65.244 Y193.877
G1 X65.458 Y193.657
G1 X65.734 Y193.640
G1 X66.295 Y193.882
G1 X66.405 Y193.668
G1 X66.651 Y193.690
G1 X67.457 Y194.278
G0 Z5.000 F500.000
G0 X68.998 Y194.571 F3000.000
G1 Z1.000 F500.000
G4 P100
G1 X68.814 Y193.981 F1000.000
G1 X68.456 Y193.670
G1 X67.978 Y193.680
G1 X67.640 Y194.048
G1 X67.574 Y194.480
G1 X67.658 Y194.931
G1 X67.867 Y195.255
G1 X68.173 Y195.434
G1 X68.434 Y195.453
G1 X68.645 Y195.345
G1 X68.998 Y194.571
G1 X69.395 Y194.564
G1 X69.803 Y194.683
G0 Z5.000 F500.000
G0 X69.812 Y194.417 F3000.000
G1 Z1.000 F500.000
G4 P100
G1 X69.660 Y194.178 F1000.000
G1 X69.688 Y193.831
G1 X69.859 Y193.664
G1 X70.132 Y193.680
G1 X70.417 Y193.943
G1 X70.876 Y194.906
G1 X71.265 Y195.328
G1 X71.199 Y195.172
G1 X71.338 Y194.875
G1 X71.345 Y194.116
G1 X71.478 Y193.725
G1 X71.734 Y193.636
G1 X72.021 Y193.713
G1 X72.403 Y194.084
G1 X72.523 Y194.332
G1 X72.534 Y193.787
G1 X72.704 Y193.658
G1 X72.965 Y193.650
G1 X73.344 Y193.984
G1 X73.592 Y194.744
G1 X73.285 Y195.392
G1 X73.037 Y195.452
G1 X72.827 Y195.321
G1 X72.767 Y195.128
G1 X72.940 Y195.421
G1 X73.285 Y195.392
G1 X73.592 Y194.744
G1 X73.990 Y194.835
G1 X74.110 Y195.414
G1 X74.247 Y195.552
G1 X74.110 Y195.414
G1 X73.990 Y194.835
G1 X74.088 Y194.156
G1 X73.993 Y193.594
G1 X74.088 Y194.156
G1 X74.535 Y194.398
G1 X74.741 Y195.102
G1 X75.110 Y195.449
G1 X75.507 Y195.396
G1 X75.614 Y195.026
G1 X75.553 Y194.864
G1 X75.600 Y195.252
G1 X75.350 Y195.468
G1 X75.043 Y195.420
G1 X74.787 Y195.177
G1 X74.535 Y194.398
G1 X74.819 Y193.826
G1 X75.151 Y193.637
G1 X75.533 Y193.666
G1 X75.986 Y194.018
G1 X76.171 Y194.344
G0 Z5.000 F500.000
G0 X76.216 Y194.232 F3000.000
G1 Z1.000 F500.000
G4 P100
G1 X76.902 Y194.429 F1000.000
G1 X77.283 Y194.769
G1 X77.354 Y195.037
G1 X77.295 Y195.283
G1 X77.137 Y195.428
G1 X76.887 Y195.473
G1 X76.474 Y195.290
G1 X76.203 Y194.837
G1 X76.159 Y194.382
G1 X76.239 Y194.016
G1 X76.385 Y193.810
G1 X76.793 Y193.625
G1 X77.313 Y193.664
G1 X77.892 Y193.986
G1 X78.135 Y194.339
G0 Z5.000 F500.000
G0 X78.520 Y195.548 F3000.000
G1 Z1.000 F500.000
G4 P100
G1 X78.369 Y195.392 F1000.000
G1 X78.257 Y194.917
G1 X78.222 Y193.611
G1 X78.189 Y194.259
G1 X78.271 Y194.609
G1 X79.360 Y194.547
G1 X79.675 Y195.496
G1 X79.360 Y194.547
G1 X79.446 Y193.731
G1 X79.704 Y193.649
G1 X79.987 Y193.732
G1 X80.377 Y194.074
G1 X80.510 Y194.339
G0 Z5.000 F500.000
G0 X85.404 Y195.562 F3000.000
G1 Z1.000 F500.000
G4 P100
G1 X85.227 Y195.373 F1000.000
G1 X85.089 Y194.758
G1 X85.169 Y194.185
G1 X85.123 Y193.677
G1 X85.169 Y194.185
G1 X85.448 Y194.355
G1 X85.831 Y195.018
G1 X86.153 Y195.247
G1 X86.367 Y195.271
G1 X86.420 Y195.180
G1 X86.314 Y194.033
G1 X86.422 Y193.712
G1 X86.697 Y193.649
G1 X86.973 Y193.737
G1 X87.343 Y194.068
G1 X87.481 Y194.339
G0 Z5.000 F500.000
G0 X88.650 Y194.075 F3000.000
G1 Z1.000 F500.000
G4 P100
G1 X88.865 Y195.255 F1000.000
G1 X88.370 Y195.479
G1 X87.915 Y195.224
G1 X87.588 Y194.735
G1 X87.482 Y194.106
G1 X87.661 Y193.711
G1 X88.086 Y193.651
G1 X88.650 Y194.075
G1 X88.880 Y193.703
G1 X89.171 Y193.658
G1 X89.596 Y193.961
G1 X89.832 Y194.341
G0 Z5.000 F500.000
G0 X90.915 Y193.880 F3000.000
G1 Z1.000 F500.000
G4 P100
G1 X91.228 Y194.647 F1000.000
G1 X91.172 Y195.268
G1 X90.998 Y195.430
G1 X90.769 Y195.459
G1 X90.029 Y195.108
G1 X89.990 Y195.447
G1 X89.971 Y194.371
G1 X89.872 Y193.968
G1 X90.012 Y193.616
G1 X89.800 Y192.135
G1 X89.548 Y191.469
G1 X89.353 Y191.353
G1 X89.141 Y191.391
G1 X88.980 Y191.725
G1 X89.013 Y192.316
G1 X89.244 Y193.132
G1 X89.578 Y193.827
G1 X89.872 Y193.968
G1 X90.012 Y193.616
G1 X90.104 Y193.604
G1 X90.459 Y193.641
G1 X90.915 Y193.880
G1 X91.163 Y193.668
G1 X91.489 Y193.654
G1 X91.941 Y193.911
G1 X92.241 Y194.351
G0 Z5.000 F500.000
G0 X93.923 Y194.842 F3000.000
G1 Z1.000 F500.000
G4 P100
G1 X94.013 Y195.136 F1000.000
G1 X93.898 Y195.396
G1 X93.630 Y195.473
G1 X93.340 Y195.364
G1 X93.046 Y194.960
G1 X92.897 Y194.298
G1 X92.395 Y194.110
G1 X92.360 Y193.685
G1 X92.332 Y194.811
G1 X92.462 Y195.373
G1 X92.639 Y195.562
G1 X92.468 Y195.387
G1 X92.361 Y194.976
G1 X92.352 Y194.186
G1 X92.395 Y194.110
G1 X92.897 Y194.298
G1 X93.181 Y193.831
G1 X93.534 Y193.638
G1 X94.059 Y193.735
G1 X94.452 Y194.106
G1 X94.662 Y194.503
G1 X95.344 Y194.805
G1 X95.805 Y194.798
G1 X95.942 Y194.715
G1 X95.909 Y194.263
G1 X95.700 Y193.857
G1 X95.419 Y193.665
G1 X95.086 Y193.637
G1 X94.797 Y193.785
G1 X94.612 Y194.062
G1 X94.551 Y194.480
G1 X94.632 Y194.924
G1 X94.833 Y195.244
G1 X95.135 Y195.430
G1 X95.404 Y195.454
G1 X95.622 Y195.345
G1 X95.974 Y194.571
G1 X96.372 Y194.564
G1 X96.780 Y194.683
G0 Z5.000 F500.000
G0 X98.339 Y194.571 F3000.000
G1 Z1.000 F500.000
G4 P100
G1 X98.023 Y195.313 F1000.000
G1 X97.629 Y195.553
G1 X97.660 Y195.782
G1 X98.089 Y196.589
G1 X98.224 Y197.151
G1 X98.160 Y197.675
G1 X98.031 Y197.809
G1 X97.852 Y197.834
G1 X97.638 Y197.729
G1 X97.456 Y197.482
G1 X97.109 Y196.459
G1 X96.957 Y195.505
G1 X96.992 Y195.130
G1 X97.299 Y195.214
G1 X97.641 Y195.496
G1 X97.299 Y195.214
G1 X96.992 Y195.130
G1 X96.922 Y194.544
G1 X97.016 Y194.026
G1 X97.311 Y193.687
G1 X97.747 Y193.653
G1 X98.141 Y193.962
G1 X98.339 Y194.571
G1 X99.135 Y194.671
G0 Z5.000 F500.000
G0 X100.350 Y194.075 F3000.000
G1 Z1.000 F500.000
G4 P100
G1 X100.565 Y195.255 F1000.000
G1 X100.070 Y195.479
G1 X99.615 Y195.224
G1 X99.288 Y194.735
G1 X99.182 Y194.106
G1 X99.361 Y193.711
G1 X99.786 Y193.651
G1 X100.350 Y194.075
G1 X100.580 Y193.703
G1 X100.871 Y193.658
G1 X101.296 Y193.961
G1 X101.532 Y194.341
G0 Z5.000 F500.000
G0 X101.934 Y195.562 F3000.000
G1 Z1.000 F500.000
G4 P100
G1 X101.758 Y195.373 F1000.000
G1 X101.624 Y194.774
G1 X101.653 Y193.677
G1 X101.697 Y194.195
G1 X102.000 Y194.393
G1 X102.395 Y195.090
G1 X102.734 Y195.265
G1 X102.878 Y195.252
G1 X102.922 Y195.031
G1 X102.891 Y193.663
G1 X102.962 Y194.222
G1 X103.233 Y194.389
G1 X103.602 Y195.018
G1 X103.910 Y195.240
G1 X104.191 Y195.204
G1 X104.083 Y194.036
G1 X104.189 Y193.714
G1 X104.464 Y193.648
G1 X104.738 Y193.735
G1 X105.112 Y194.071
G1 X105.252 Y194.341
G0 Z5.000 F500.000
G0 X106.620 Y193.812 F3000.000
G1 Z1.000 F500.000
G4 P100
G1 X106.762 Y194.350 F1000.000
G1 X106.690 Y194.615
G1 X106.422 Y194.811
G1 X106.109 Y194.800
G1 X105.827 Y194.666
G1 X105.635 Y194.835
G1 X105.434 Y195.059
G1 X105.525 Y195.395
G1 X105.678 Y195.530
G1 X105.514 Y195.368
G1 X105.389 Y194.627
G1 X105.466 Y194.511
G1 X105.827 Y194.666
G1 X105.466 Y194.511
G1 X105.410 Y194.559
G1 X105.335 Y194.288
G1 X105.423 Y193.938
G1 X105.646 Y193.711
G1 X106.024 Y193.613
G1 X106.588 Y193.832
G1 X106.827 Y193.655
G1 X107.145 Y193.669
G1 X107.575 Y193.946
G1 X107.836 Y194.339
G0 Z5.000 F500.000
G0 X112.730 Y195.562 F3000.000
G1 Z1.000 F500.000
G4 P100
G1 X112.553 Y195.373 F1000.000
G1 X112.416 Y194.758
G1 X112.496 Y194.185
G1 X112.450 Y193.677
G1 X112.496 Y194.185
G1 X112.775 Y194.355
G1 X113.158 Y195.018
G1 X113.480 Y195.247
G1 X113.694 Y195.271
G1 X113.747 Y195.180
G1 X113.640 Y194.033
G1 X113.749 Y193.712
G1 X114.024 Y193.649
G1 X114.300 Y193.737
G1 X114.670 Y194.068
G1 X114.808 Y194.339
G0 Z5.000 F500.000
G0 X114.854 Y194.232 F3000.000
G1 Z1.000 F500.000
G4 P100
G1 X115.541 Y194.429 F1000.000
G1 X115.922 Y194.769
G1 X115.992 Y195.037
G1 X115.933 Y195.283
G1 X115.775 Y195.428
G1 X115.525 Y195.473
G1 X115.112 Y195.290
G1 X114.841 Y194.837
G1 X114.798 Y194.382
G1 X114.877 Y194.016
G1 X115.024 Y193.810
G1 X115.431 Y193.625
G1 X115.952 Y193.664
G1 X116.531 Y193.986
G1 X116.773 Y194.339
G0 Z5.000 F500.000
G0 X117.856 Y193.880 F3000.000
G1 Z1.000 F500.000
G4 P100
G1 X118.169 Y194.647 F1000.000
G1 X118.114 Y195.268
G1 X117.940 Y195.430
G1 X117.711 Y195.459
G1 X116.970 Y195.108
G1 X116.931 Y195.447
G1 X116.913 Y194.371
G1 X116.814 Y193.968
G1 X116.953 Y193.616
G1 X116.742 Y192.135
G1 X116.490 Y191.469
G1 X116.295 Y191.353
G1 X116.083 Y191.391
G1 X115.919 Y191.747
G1 X115.969 Y192.388
G1 X116.359 Y193.568
G1 X116.589 Y193.880
G1 X116.814 Y193.968
G1 X117.017 Y193.607
G1 X117.387 Y193.636
G1 X117.856 Y193.880
G1 X118.112 Y193.666
G1 X118.460 Y193.660
G1 X118.936 Y193.962
G1 X119.280 Y194.512
G1 X119.463 Y194.646
G1 X119.961 Y194.809
G1 X120.421 Y194.799
G1 X120.591 Y194.571
G1 X120.524 Y194.256
G1 X120.363 Y193.914
G1 X120.103 Y193.693
G1 X119.797 Y193.627
G1 X119.507 Y193.714
G1 X119.288 Y193.936
G1 X119.180 Y194.261
G1 X119.187 Y194.691
G1 X119.310 Y195.057
G1 X119.538 Y195.321
G1 X119.845 Y195.452
G1 X120.253 Y195.329
G1 X120.591 Y194.571
G1 X120.989 Y194.564
G1 X121.397 Y194.683
G0 Z5.000 F500.000
G0 X126.342 Y195.552 F3000.000
G1 Z1.000 F500.000
G4 P100
G1 X126.163 Y195.348 F1000.000
G1 X125.991 Y194.472
G1 X125.998 Y194.027
G1 X126.154 Y193.759
G1 X126.420 Y193.814
G1 X126.742 Y194.197
G1 X127.030 Y194.317
G1 X127.304 Y195.350
G1 X127.428 Y195.521
G1 X127.304 Y195.350
G1 X127.030 Y194.317
G1 X127.173 Y193.748
G1 X127.405 Y193.650
G1 X127.705 Y193.725
G1 X128.105 Y194.077
G1 X128.234 Y194.337
G0 Z5.000 F500.000
G0 X133.680 Y193.101 F3000.000
G1 Z1.000 F500.000
G4 P100
G1 X133.676 Y192.684 F1000.000
G1 X133.300 Y191.688
G1 X132.989 Y191.387
G1 X132.629 Y191.410
G1 X132.475 Y191.739
G1 X132.635 Y192.250
G1 X133.300 Y192.984
G1 X133.680 Y193.101
G1 X133.942 Y193.668
G1 X133.832 Y193.882
G1 X134.103 Y195.241
G1 X133.735 Y195.484
G1 X133.514 Y195.451
G1 X133.060 Y195.117
G1 X132.777 Y194.568
G1 X132.748 Y193.966
G1 X133.029 Y193.644
G1 X133.284 Y193.644
G1 X133.832 Y193.882
G1 X133.942 Y193.668
G1 X134.174 Y193.686
G1 X134.994 Y194.278
G1 X135.410 Y194.280
G1 X135.974 Y194.499
G1 X136.248 Y194.795
G1 X136.295 Y195.154
G1 X136.121 Y195.411
G1 X135.772 Y195.466
G1 X135.384 Y195.249
G1 X135.141 Y194.788
G1 X135.170 Y194.085
G1 X135.348 Y193.800
G1 X135.766 Y193.622
G1 X136.279 Y193.668
G1 X136.850 Y193.990
G1 X137.086 Y194.339
G0 Z5.000 F500.000
G0 X137.059 Y194.417 F3000.000
G1 Z1.000 F500.000
G4 P100
G1 X136.906 Y194.178 F1000.000
G1 X136.934 Y193.831
G1 X137.105 Y193.664
G1 X137.379 Y193.680
G1 X137.664 Y193.943
G1 X138.123 Y194.906
G1 X138.512 Y195.328
G1 X138.446 Y195.172
G1 X138.589 Y194.847
G1 X138.596 Y194.087
G1 X138.746 Y193.707
G1 X139.003 Y193.636
G1 X139.286 Y193.725
G1 X139.654 Y194.090
G1 X139.771 Y194.339
G0 Z5.000 F500.000
G0 X141.000 Y194.075 F3000.000
G1 Z1.000 F500.000
G4 P100
G1 X141.215 Y195.255 F1000.000
G1 X140.720 Y195.479
G1 X140.265 Y195.224
G1 X139.938 Y194.735
G1 X139.832 Y194.106
G1 X140.011 Y193.711
G1 X140.436 Y193.651
G1 X141.000 Y194.075
G1 X141.230 Y193.703
G1 X141.521 Y193.658
G1 X141.946 Y193.961
G1 X142.182 Y194.341
G0 Z5.000 F500.000
G0 X142.584 Y195.562 F3000.000
G1 Z1.000 F500.000
G4 P100
G1 X142.408 Y195.373 F1000.000
G1 X142.274 Y194.774
G1 X142.303 Y193.677
G1 X142.347 Y194.195
G1 X142.650 Y194.393
G1 X143.045 Y195.090
G1 X143.384 Y195.265
G1 X143.528 Y195.252
G1 X143.572 Y195.031
G1 X143.541 Y193.663
G1 X143.612 Y194.222
G1 X143.883 Y194.389
G1 X144.252 Y195.018
G1 X144.560 Y195.240
G1 X144.841 Y195.204
G1 X144.733 Y194.036
G1 X144.839 Y193.714
G1 X145.114 Y193.648
G1 X145.388 Y193.735
G1 X145.762 Y194.071
G1 X145.902 Y194.341
G0 Z5.000 F500.000
G0 X147.270 Y193.812 F3000.000
G1 Z1.000 F500.000
G4 P100
G1 X147.412 Y194.350 F1000.000
G1 X147.340 Y194.615
G1 X147.072 Y194.811
G1 X146.759 Y194.800
G1 X146.477 Y194.666
G1 X146.285 Y194.835
G1 X146.084 Y195.059
G1 X146.175 Y195.395
G1 X146.328 Y195.530
G1 X146.164 Y195.368
G1 X146.039 Y194.627
G1 X146.116 Y194.511
G1 X146.477 Y194.666
G1 X146.116 Y194.511
G1 X146.060 Y194.559
G1 X145.985 Y194.288
G1 X146.073 Y193.938
G1 X146.296 Y193.711
G1 X146.674 Y193.613
G1 X147.238 Y193.832
G1 X147.477 Y193.655
G1 X147.795 Y193.669
G1 X148.225 Y193.946
G1 X148.486 Y194.339
G0 Z5.000 F500.000
G0 X20.574 Y185.209 F3000.000
G1 Z1.000 F500.000
G4 P100
G1 X20.967 Y185.411 F1000.000
G1 X21.424 Y185.427
G1 X21.673 Y185.272
G1 X21.738 Y184.955
G1 X21.470 Y184.484
G1 X20.570 Y183.973
G1 X20.639 Y183.822
G1 X21.057 Y183.584
G1 X21.262 Y183.346
G1 X21.307 Y182.614
G1 X21.141 Y182.015
G1 X20.855 Y181.523
G1 X20.543 Y181.277
G1 X20.208 Y181.292
G1 X20.060 Y181.464
G1 X20.044 Y181.806
G1 X20.385 Y182.508
G1 X20.907 Y183.019
G1 X21.233 Y183.136
G1 X21.262 Y183.346
G1 X22.527 Y184.169
G0 Z5.000 F500.000
G0 X23.830 Y183.978 F3000.000
G1 Z1.000 F500.000
G4 P100
G1 X24.045 Y185.158 F1000.000
G1 X23.550 Y185.382
G1 X23.095 Y185.127
G1 X22.768 Y184.638
G1 X22.662 Y184.009
G1 X22.841 Y183.614
G1 X23.266 Y183.554
G1 X23.830 Y183.978
G1 X24.060 Y183.606
G1 X24.351 Y183.561
G1 X24.776 Y183.864
G1 X25.012 Y184.244
G0 Z5.000 F500.000
G0 X25.965 Y183.004 F3000.000
G1 Z1.000 F500.000
G4 P100
G1 X25.961 Y182.587 F1000.000
G1 X25.585 Y181.591
G1 X25.274 Y181.290
G1 X24.914 Y181.313
G1 X24.760 Y181.642
G1 X24.920 Y182.153
G1 X25.585 Y182.887
G1 X25.965 Y183.004
G1 X26.224 Y183.564
G1 X26.117 Y183.785
G1 X26.390 Y185.131
G1 X25.950 Y185.393
G1 X25.629 Y185.271
G1 X25.340 Y185.015
G1 X25.105 Y184.603
G1 X25.011 Y184.132
G1 X25.066 Y183.780
G1 X25.280 Y183.560
G1 X25.556 Y183.543
G1 X26.117 Y183.785
G1 X26.227 Y183.571
G1 X26.473 Y183.593
G1 X27.279 Y184.181
G0 Z5.000 F500.000
G0 X28.575 Y183.978 F3000.000
G1 Z1.000 F500.000
G4 P100
G1 X28.790 Y185.158 F1000.000
G1 X28.295 Y185.382
G1 X27.840 Y185.127
G1 X27.513 Y184.638
G1 X27.407 Y184.009
G1 X27.586 Y183.614
G1 X28.011 Y183.554
G1 X28.575 Y183.978
G1 X28.805 Y183.606
G1 X29.096 Y183.561
G1 X29.521 Y183.864
G1 X29.757 Y184.244
G0 Z5.000 F500.000
G0 X30.142 Y185.451 F3000.000
G1 Z1.000 F500.000
G4 P100
G1 X29.991 Y185.295 F1000.000
G1 X29.879 Y184.820
G1 X29.844 Y183.514
G1 X29.811 Y184.162
G1 X29.893 Y184.512
G1 X30.981 Y184.450
G1 X31.296 Y185.399
G1 X30.981 Y184.450
G1 X31.067 Y183.634
G1 X31.325 Y183.552
G1 X31.609 Y183.635
G1 X31.998 Y183.977
G1 X32.131 Y184.242
G0 Z5.000 F500.000
G0 X32.517 Y185.451 F3000.000
G1 Z1.000 F500.000
G4 P100
G1 X32.366 Y185.295 F1000.000
G1 X32.254 Y184.820
G1 X32.219 Y183.514
G1 X32.186 Y184.162
G1 X32.268 Y184.512
G1 X33.356 Y184.450
G1 X33.671 Y185.399
G1 X33.356 Y184.450
G1 X33.442 Y183.634
G1 X33.700 Y183.552
G1 X33.984 Y183.635
G1 X34.373 Y183.977
G1 X34.506 Y184.242
G0 Z5.000 F500.000
G0 X34.896 Y185.433 F3000.000
G1 Z1.000 F500.000
G4 P100
G1 X34.732 Y185.211 F1000.000
G1 X34.561 Y184.245
G1 X34.605 Y183.848
G1 X34.795 Y183.644
G1 X35.045 Y183.738
G1 X35.353 Y184.124
G1 X35.646 Y184.252
G1 X36.000 Y185.414
G1 X35.646 Y184.252
G1 X35.724 Y183.571
G1 X35.451 Y183.007
G1 X35.470 Y182.676
G1 X35.246 Y181.948
G1 X34.864 Y181.350
G1 X34.629 Y181.259
G1 X34.397 Y181.315
G1 X34.263 Y181.499
G1 X34.257 Y181.783
G1 X34.589 Y182.417
G1 X35.116 Y182.925
G1 X35.451 Y183.007
G1 X35.724 Y183.571
G1 X36.101 Y183.657
G1 X36.774 Y184.181
G0 Z5.000 F500.000
G0 X36.989 Y183.514 F3000.000
G1 Z1.000 F500.000
G4 P100
G1 X36.956 Y184.187 F1000.000
G1 X37.042 Y184.515
G1 X37.973 Y184.462
G1 X38.213 Y185.046
G1 X38.592 Y185.332
G1 X38.873 Y185.355
G1 X39.085 Y185.251
G1 X39.440 Y184.472
G1 X39.891 Y184.474
G1 X40.251 Y184.585
G1 X39.891 Y184.474
G1 X39.440 Y184.472
G1 X39.322 Y184.012
G1 X39.128 Y183.723
G1 X38.828 Y183.550
G1 X38.495 Y183.555
G1 X38.132 Y183.845
G1 X37.973 Y184.462
G1 X37.042 Y184.515
G1 X37.116 Y185.241
G1 X37.304 Y185.465
G0 Z5.000 F500.000
G0 X42.631 Y185.465 F3000.000
G1 Z1.000 F500.000
G4 P100
G1 X42.454 Y185.276 F1000.000
G1 X42.317 Y184.661
G1 X42.396 Y184.088
G1 X42.350 Y183.580
G1 X42.396 Y184.088
G1 X42.675 Y184.258
G1 X43.059 Y184.921
G1 X43.381 Y185.150
G1 X43.594 Y185.174
G1 X43.647 Y185.083
G1 X43.541 Y183.936
G1 X43.649 Y183.615
G1 X43.924 Y183.552
G1 X44.201 Y183.640
G1 X44.571 Y183.971
G1 X44.708 Y184.242
G0 Z5.000 F500.000
G0 X45.877 Y183.978 F3000.000
G1 Z1.000 F500.000
G4 P100
G1 X46.092 Y185.158 F1000.000
G1 X45.597 Y185.382
G1 X45.142 Y185.127
G1 X44.815 Y184.638
G1 X44.709 Y184.009
G1 X44.888 Y183.614
G1 X45.313 Y183.554
G1 X45.877 Y183.978
G1 X46.107 Y183.606
G1 X46.398 Y183.561
G1 X46.823 Y183.864
G1 X47.059 Y184.244
G0 Z5.000 F500.000
G0 X47.449 Y185.433 F3000.000
G1 Z1.000 F500.000
G4 P100
G1 X47.284 Y185.211 F1000.000
G1 X47.113 Y184.245
G1 X47.157 Y183.848
G1 X47.347 Y183.644
G1 X47.598 Y183.738
G1 X47.905 Y184.124
G1 X48.198 Y184.252
G1 X48.552 Y185.414
G1 X48.198 Y184.252
G1 X48.276 Y183.571
G1 X48.003 Y183.007
G1 X48.023 Y182.683
G1 X47.824 Y182.016
G1 X47.467 Y181.392
G1 X47.261 Y181.272
G1 X47.035 Y181.274
G1 X46.863 Y181.401
G1 X46.796 Y181.614
G1 X46.998 Y182.224
G1 X47.633 Y182.899
G1 X48.003 Y183.007
G1 X48.276 Y183.571
G1 X48.627 Y183.643
G1 X49.281 Y184.106
G1 X49.443 Y185.076
G1 X49.640 Y185.284
G1 X50.028 Y185.431
G1 X50.441 Y185.414
G1 X50.652 Y185.253
G1 X50.703 Y184.941
G1 X50.432 Y184.480
G1 X49.537 Y183.973
G1 X49.606 Y183.822
G1 X50.024 Y183.584
G1 X50.229 Y183.346
G1 X50.273 Y182.606
G1 X50.102 Y182.002
G1 X49.808 Y181.506
G1 X49.496 Y181.273
G1 X49.156 Y181.303
G1 X49.023 Y181.478
G1 X49.015 Y181.828
G1 X49.361 Y182.520
G1 X49.880 Y183.023
G1 X50.200 Y183.136
G1 X50.229 Y183.346
G1 X51.494 Y184.169
G0 Z5.000 F500.000
G0 X52.019 Y185.433 F3000.000
G1 Z1.000 F500.000
G4 P100
G1 X51.854 Y185.211 F1000.000
G1 X51.683 Y184.245
G1 X51.727 Y183.848
G1 X51.917 Y183.644
G1 X52.168 Y183.738
G1 X52.475 Y184.124
G1 X52.768 Y184.252
G1 X53.122 Y185.414
G1 X52.768 Y184.252
G1 X52.846 Y183.571
G1 X52.573 Y183.007
G1 X52.592 Y182.676
G1 X52.368 Y181.948
G1 X51.986 Y181.350
G1 X51.751 Y181.259
G1 X51.520 Y181.315
G1 X51.385 Y181.499
G1 X51.379 Y181.783
G1 X51.711 Y182.417
G1 X52.238 Y182.925
G1 X52.573 Y183.007
G1 X52.846 Y183.571
G1 X53.223 Y183.657
G1 X53.896 Y184.181
G0 Z5.000 F500.000
G0 X54.126 Y183.717 F3000.000
G1 Z1.000 F500.000
G4 P100
G1 X54.162 Y183.754 F1000.000
G0 Z5.000 F500.000
G0 X57.336 Y185.985 F3000.000
G1 Z1.000 F500.000
G4 P100
G1 X57.239 Y186.319 F1000.000
G1 X57.305 Y186.662
G1 X57.511 Y186.904
G1 X57.860 Y187.071
G1 X58.791 Y187.211
G1 X59.174 Y187.113
G1 X59.604 Y187.232
G1 X61.003 Y187.140
G1 X59.611 Y187.232
G1 X59.174 Y187.113
G1 X58.637 Y183.632
G0 Z5.000 F500.000
G0 X61.910 Y183.978 F3000.000
G1 Z1.000 F500.000
G4 P100
G1 X62.124 Y185.158 F1000.000
G1 X61.629 Y185.382
G1 X61.174 Y185.127
G1 X60.847 Y184.638
G1 X60.742 Y184.009
G1 X60.921 Y183.614
G1 X61.345 Y183.554
G1 X61.910 Y183.978
G1 X62.139 Y183.606
G1 X62.430 Y183.561
G1 X62.855 Y183.864
G1 X63.091 Y184.244
G0 Z5.000 F500.000
G0 X64.711 Y187.533 F3000.000
G1 Z1.000 F500.000
G4 P100
G1 X63.716 Y187.231 F1000.000
G1 X63.474 Y186.925
G1 X63.581 Y186.559
G1 X64.375 Y185.536
G1 X64.411 Y184.800
G1 X64.531 Y184.489
G1 X64.366 Y184.067
G1 X64.104 Y183.699
G1 X63.751 Y183.537
G1 X63.369 Y183.611
G1 X63.151 Y183.911
G1 X63.112 Y184.347
G1 X63.201 Y184.782
G1 X63.405 Y185.111
G1 X63.692 Y185.293
G1 X64.374 Y185.219
G1 X64.531 Y184.489
G1 X64.959 Y184.458
G1 X65.429 Y184.598
G0 Z5.000 F500.000
G0 X65.428 Y184.320 F3000.000
G1 Z1.000 F500.000
G4 P100
G1 X65.276 Y184.081 F1000.000
G1 X65.303 Y183.734
G1 X65.475 Y183.567
G1 X65.748 Y183.583
G1 X66.033 Y183.846
G1 X66.492 Y184.809
G1 X66.881 Y185.231
G1 X66.815 Y185.075
G1 X66.958 Y184.750
G1 X66.965 Y183.990
G1 X67.115 Y183.610
G1 X67.372 Y183.539
G1 X67.655 Y183.628
G1 X68.023 Y183.993
G1 X68.141 Y184.242
G0 Z5.000 F500.000
G0 X68.618 Y185.455 F3000.000
G1 Z1.000 F500.000
G4 P100
G1 X68.439 Y185.251 F1000.000
G1 X68.267 Y184.375
G1 X68.274 Y183.930
G1 X68.430 Y183.662
G1 X68.696 Y183.717
G1 X69.018 Y184.100
G1 X69.306 Y184.220
G1 X69.580 Y185.253
G1 X69.704 Y185.424
G1 X69.580 Y185.253
G1 X69.306 Y184.220
G1 X69.449 Y183.651
G1 X69.681 Y183.553
G1 X69.981 Y183.628
G1 X70.381 Y183.980
G1 X70.510 Y184.240
G0 Z5.000 F500.000
G0 X70.928 Y185.455 F3000.000
G1 Z1.000 F500.000
G4 P100
G1 X70.745 Y185.237 F1000.000
G1 X70.568 Y184.294
G1 X70.603 Y183.860
G1 X70.793 Y183.644
G1 X71.076 Y183.769
G1 X71.358 Y184.121
G1 X71.609 Y184.218
G1 X72.016 Y185.426
G1 X71.609 Y184.218
G1 X71.721 Y183.773
G1 X72.014 Y183.490
G1 X71.848 Y183.153
G1 X71.814 Y182.666
G1 X71.466 Y182.104
G1 X71.217 Y182.008
G1 X70.987 Y182.067
G1 X70.887 Y182.379
G1 X71.099 Y182.755
G1 X71.538 Y183.095
G1 X71.848 Y183.153
G1 X72.014 Y183.490
G1 X72.356 Y183.571
G1 X72.861 Y183.956
G0 Z5.000 F500.000
G0 X74.185 Y183.978 F3000.000
G1 Z1.000 F500.000
G4 P100
G1 X74.399 Y185.158 F1000.000
G1 X73.904 Y185.382
G1 X73.449 Y185.127
G1 X73.122 Y184.638
G1 X73.017 Y184.009
G1 X73.196 Y183.614
G1 X73.620 Y183.554
G1 X74.185 Y183.978
G1 X74.414 Y183.606
G1 X74.705 Y183.561
G1 X75.130 Y183.864
G1 X75.366 Y184.244
G0 Z5.000 F500.000
G0 X77.698 Y185.451 F3000.000
G1 Z1.000 F500.000
G4 P100
G1 X77.547 Y185.295 F1000.000
G1 X77.435 Y184.820
G1 X77.400 Y183.514
G1 X77.367 Y184.162
G1 X77.449 Y184.512
G1 X78.538 Y184.450
G1 X78.853 Y185.399
G1 X78.538 Y184.450
G1 X78.624 Y183.634
G1 X78.882 Y183.552
G1 X79.165 Y183.635
G1 X79.555 Y183.977
G1 X79.688 Y184.242
G0 Z5.000 F500.000
G0 X80.105 Y185.455 F3000.000
G1 Z1.000 F500.000
G4 P100
G1 X79.924 Y185.244 F1000.000
G1 X79.747 Y184.302
G1 X79.774 Y183.880
G1 X79.949 Y183.647
G1 X80.195 Y183.725
G1 X80.506 Y184.100
G1 X80.793 Y184.220
G1 X81.067 Y185.253
G1 X81.191 Y185.424
G1 X81.067 Y185.253
G1 X80.793 Y184.220
G1 X80.896 Y183.728
G1 X81.045 Y183.571
G1 X81.300 Y183.563
G1 X81.543 Y183.675
G1 X81.882 Y183.997
G1 X81.995 Y184.232
G1 X81.893 Y183.870
G1 X82.032 Y183.602
G1 X82.371 Y183.551
G1 X82.671 Y183.760
G1 X83.006 Y184.647
G1 X82.786 Y185.208
G1 X82.451 Y185.355
G1 X82.258 Y185.247
G1 X82.180 Y185.031
G1 X82.321 Y185.305
G1 X82.637 Y185.332
G1 X82.842 Y185.120
G1 X83.006 Y184.647
G1 X83.404 Y184.738
G1 X83.523 Y185.317
G1 X83.660 Y185.455
G1 X83.523 Y185.317
G1 X83.404 Y184.738
G1 X83.501 Y184.059
G1 X83.406 Y183.497
G1 X83.501 Y184.059
G1 X83.948 Y184.301
G1 X84.155 Y185.005
G1 X84.523 Y185.352
G1 X84.920 Y185.299
G1 X85.027 Y184.929
G1 X84.966 Y184.767
G1 X85.013 Y185.155
G1 X84.763 Y185.371
G1 X84.456 Y185.323
G1 X84.200 Y185.080
G1 X83.948 Y184.301
G1 X84.232 Y183.729
G1 X84.564 Y183.540
G1 X84.946 Y183.569
G1 X85.399 Y183.921
G1 X85.584 Y184.247
G0 Z5.000 F500.000
G0 X85.629 Y184.135 F3000.000
G1 Z1.000 F500.000
G4 P100
G1 X86.315 Y184.332 F1000.000
G1 X86.696 Y184.672
G1 X86.767 Y184.940
G1 X86.708 Y185.186
G1 X86.550 Y185.331
G1 X86.300 Y185.376
G1 X85.887 Y185.193
G1 X85.616 Y184.740
G1 X85.573 Y184.285
G1 X85.652 Y183.919
G1 X85.799 Y183.713
G1 X86.206 Y183.528
G1 X86.727 Y183.567
G1 X87.306 Y183.889
G1 X87.548 Y184.242
G0 Z5.000 F500.000
G0 X90.449 Y183.004 F3000.000
G1 Z1.000 F500.000
G4 P100
G1 X90.445 Y182.587 F1000.000
G1 X90.068 Y181.591
G1 X89.758 Y181.290
G1 X89.398 Y181.313
G1 X89.243 Y181.642
G1 X89.404 Y182.153
G1 X90.069 Y182.887
G1 X90.449 Y183.004
G1 X90.708 Y183.564
G1 X90.600 Y183.785
G1 X90.874 Y185.131
G1 X90.434 Y185.393
G1 X90.112 Y185.271
G1 X89.824 Y185.015
G1 X89.588 Y184.603
G1 X89.495 Y184.132
G1 X89.549 Y183.780
G1 X89.763 Y183.560
G1 X90.039 Y183.543
G1 X90.600 Y183.785
G1 X90.710 Y183.571
G1 X90.956 Y183.593
G1 X91.762 Y184.181
G0 Z5.000 F500.000
G0 X93.303 Y184.474 F3000.000
G1 Z1.000 F500.000
G4 P100
G1 X93.120 Y183.884 F1000.000
G1 X92.761 Y183.573
G1 X92.284 Y183.583
G1 X91.945 Y183.951
G1 X91.879 Y184.383
G1 X91.963 Y184.834
G1 X92.172 Y185.158
G1 X92.478 Y185.337
G1 X92.740 Y185.356
G1 X92.951 Y185.248
G1 X93.303 Y184.474
G1 X93.701 Y184.467
G1 X94.109 Y184.586
G0 Z5.000 F500.000
G0 X94.118 Y184.320 F3000.000
G1 Z1.000 F500.000
G4 P100
G1 X93.965 Y184.081 F1000.000
G1 X93.993 Y183.734
G1 X94.164 Y183.567
G1 X94.437 Y183.583
G1 X94.722 Y183.846
G1 X95.182 Y184.809
G1 X95.570 Y185.231
G1 X95.504 Y185.075
G1 X95.643 Y184.778
G1 X95.650 Y184.019
G1 X95.783 Y183.628
G1 X96.040 Y183.539
G1 X96.326 Y183.616
G1 X96.708 Y183.987
G1 X96.828 Y184.235
G1 X96.839 Y183.690
G1 X97.009 Y183.561
G1 X97.270 Y183.553
G1 X97.649 Y183.887
G1 X97.898 Y184.647
G1 X97.590 Y185.295
G1 X97.343 Y185.355
G1 X97.133 Y185.224
G1 X97.073 Y185.031
G1 X97.245 Y185.324
G1 X97.590 Y185.295
G1 X97.898 Y184.647
G1 X98.296 Y184.738
G1 X98.416 Y185.317
G1 X98.552 Y185.455
G1 X98.416 Y185.317
G1 X98.296 Y184.738
G1 X98.393 Y184.059
G1 X98.298 Y183.497
G1 X98.393 Y184.059
G1 X98.840 Y184.301
G1 X99.047 Y185.005
G1 X99.415 Y185.352
G1 X99.812 Y185.299
G1 X99.919 Y184.929
G1 X99.858 Y184.767
G1 X99.906 Y185.155
G1 X99.655 Y185.371
G1 X99.348 Y185.323
G1 X99.092 Y185.080
G1 X98.840 Y184.301
G1 X99.124 Y183.729
G1 X99.456 Y183.540
G1 X99.838 Y183.569
G1 X100.291 Y183.921
G1 X100.476 Y184.247
G0 Z5.000 F500.000
G0 X100.860 Y185.451 F3000.000
G1 Z1.000 F500.000
G4 P100
G1 X100.709 Y185.295 F1000.000
G1 X100.597 Y184.820
G1 X100.562 Y183.514
G1 X100.529 Y184.162
G1 X100.612 Y184.512
G1 X101.700 Y184.450
G1 X102.015 Y185.399
G1 X101.700 Y184.450
G1 X101.786 Y183.634
G1 X102.044 Y183.552
G1 X102.327 Y183.635
G1 X102.717 Y183.977
G1 X102.850 Y184.242
G0 Z5.000 F500.000
G0 X104.019 Y183.978 F3000.000
G1 Z1.000 F500.000
G4 P100
G1 X104.234 Y185.158 F1000.000
G1 X103.738 Y185.382
G1 X103.284 Y185.127
G1 X102.957 Y184.638
G1 X102.851 Y184.009
G1 X103.030 Y183.614
G1 X103.454 Y183.554
G1 X104.019 Y183.978
G1 X104.248 Y183.606
G1 X104.539 Y183.561
G1 X104.965 Y183.864
G1 X105.200 Y184.244
G0 Z5.000 F500.000
G0 X108.172 Y184.764 F3000.000
G1 Z1.000 F500.000
G4 P100
G1 X108.237 Y185.110 F1000.000
G1 X108.082 Y185.331
G1 X107.630 Y185.304
G1 X107.347 Y185.037
G1 X107.155 Y184.260
G1 X107.249 Y183.872
G1 X107.455 Y183.639
G1 X107.840 Y183.539
G1 X108.368 Y183.640
G1 X108.828 Y183.959
G1 X108.997 Y184.276
G0 Z5.000 F500.000
G0 X110.400 Y184.474 F3000.000
G1 Z1.000 F500.000
G4 P100
G1 X110.217 Y183.884 F1000.000
G1 X109.858 Y183.573
G1 X109.381 Y183.583
G1 X109.043 Y183.951
G1 X108.978 Y184.427
G1 X109.092 Y184.908
G1 X109.353 Y185.228
G1 X109.720 Y185.363
G1 X110.048 Y185.248
G1 X110.326 Y184.565
G1 X110.610 Y184.454
G1 X111.116 Y184.519
G1 X111.517 Y184.764
G1 X112.989 Y184.777
G1 X113.187 Y185.018
G1 X113.142 Y185.301
G1 X112.764 Y185.299
G1 X112.304 Y184.879
G1 X111.942 Y185.317
G1 X111.714 Y185.358
G1 X111.519 Y185.270
G1 X111.425 Y185.031
G1 X111.546 Y185.294
G1 X111.831 Y185.353
G1 X112.041 Y185.245
G1 X112.303 Y184.872
G1 X112.225 Y183.998
G1 X111.729 Y183.597
G1 X111.388 Y183.553
G1 X111.154 Y183.771
G1 X111.224 Y184.183
G1 X111.150 Y183.786
G1 X111.353 Y183.564
G1 X111.716 Y183.590
G1 X112.225 Y183.998
G1 X112.550 Y183.634
G1 X112.965 Y183.530
G1 X113.500 Y183.741
G1 X113.888 Y184.247
G0 Z5.000 F500.000
G0 X114.971 Y183.783 F3000.000
G1 Z1.000 F500.000
G4 P100
G1 X115.283 Y184.550 F1000.000
G1 X115.228 Y185.171
G1 X115.054 Y185.333
G1 X114.825 Y185.362
G1 X114.084 Y185.011
G1 X114.045 Y185.350
G1 X114.027 Y184.274
G1 X113.928 Y183.871
G1 X114.067 Y183.519
G1 X113.856 Y182.038
G1 X113.604 Y181.372
G1 X113.409 Y181.256
G1 X113.197 Y181.294
G1 X113.036 Y181.628
G1 X113.069 Y182.219
G1 X113.299 Y183.035
G1 X113.633 Y183.730
G1 X113.928 Y183.871
G1 X114.067 Y183.519
G1 X114.160 Y183.507
G1 X114.515 Y183.544
G1 X114.971 Y183.783
G1 X115.219 Y183.571
G1 X115.545 Y183.557
G1 X115.997 Y183.814
G1 X116.296 Y184.254
G0 Z5.000 F500.000
G0 X117.461 Y183.978 F3000.000
G1 Z1.000 F500.000
G4 P100
G1 X117.676 Y185.158 F1000.000
G1 X117.181 Y185.382
G1 X116.726 Y185.127
G1 X116.399 Y184.638
G1 X116.293 Y184.009
G1 X116.472 Y183.614
G1 X116.896 Y183.554
G1 X117.461 Y183.978
G1 X117.690 Y183.606
G1 X117.981 Y183.561
G1 X118.407 Y183.864
G1 X118.643 Y184.244
G0 Z5.000 F500.000
G0 X119.027 Y185.451 F3000.000
G1 Z1.000 F500.000
G4 P100
G1 X118.876 Y185.295 F1000.000
G1 X118.764 Y184.820
G1 X118.729 Y183.514
G1 X118.696 Y184.162
G1 X118.779 Y184.512
G1 X119.867 Y184.450
G1 X120.182 Y185.399
G1 X119.867 Y184.450
G1 X119.881 Y183.825
G1 X120.036 Y183.580
G1 X120.312 Y183.562
G1 X120.592 Y183.701
G1 X120.941 Y184.053
G1 X120.964 Y184.299
G1 X120.845 Y183.919
G1 X121.062 Y183.590
G1 X121.490 Y183.543
G1 X121.922 Y183.780
G1 X122.165 Y184.053
G1 X122.220 Y184.284
G1 X121.706 Y184.475
G1 X121.561 Y184.905
G1 X121.690 Y185.240
G1 X122.024 Y185.410
G1 X122.804 Y185.284
G1 X122.579 Y184.410
G1 X122.220 Y184.284
G1 X122.579 Y184.410
G1 X122.648 Y183.808
G1 X122.763 Y183.585
G1 X122.998 Y183.556
G1 X123.259 Y183.665
G1 X123.607 Y183.989
G1 X123.734 Y184.249
G0 Z5.000 F500.000
G0 X124.134 Y185.465 F3000.000
G1 Z1.000 F500.000
G4 P100
G1 X123.958 Y185.276 F1000.000
G1 X123.825 Y184.677
G1 X123.854 Y183.580
G1 X123.898 Y184.098
G1 X124.201 Y184.296
G1 X124.595 Y184.993
G1 X124.935 Y185.168
G1 X125.079 Y185.155
G1 X125.122 Y184.934
G1 X125.091 Y183.566
G1 X125.162 Y184.125
G1 X125.434 Y184.292
G1 X125.802 Y184.921
G1 X126.110 Y185.143
G1 X126.392 Y185.107
G1 X126.284 Y183.939
G1 X126.389 Y183.617
G1 X126.665 Y183.551
G1 X126.939 Y183.638
G1 X127.313 Y183.974
G1 X127.452 Y184.244
G0 Z5.000 F500.000
G0 X128.821 Y183.715 F3000.000
G1 Z1.000 F500.000
G4 P100
G1 X128.963 Y184.253 F1000.000
G1 X128.891 Y184.518
G1 X128.623 Y184.714
G1 X128.309 Y184.703
G1 X128.028 Y184.569
G1 X127.836 Y184.738
G1 X127.634 Y184.962
G1 X127.726 Y185.298
G1 X127.879 Y185.433
G1 X127.715 Y185.271
G1 X127.590 Y184.530
G1 X127.667 Y184.414
G1 X128.028 Y184.569
G1 X127.667 Y184.414
G1 X127.610 Y184.462
G1 X127.536 Y184.191
G1 X127.624 Y183.841
G1 X127.846 Y183.614
G1 X128.225 Y183.516
G1 X128.789 Y183.735
G1 X129.028 Y183.558
G1 X129.346 Y183.572
G1 X129.776 Y183.849
G1 X130.037 Y184.242
G0 Z5.000 F500.000
G0 X133.009 Y184.764 F3000.000
G1 Z1.000 F500.000
G4 P100
G1 X133.074 Y185.110 F1000.000
G1 X132.919 Y185.331
G1 X132.467 Y185.304
G1 X132.184 Y185.037
G1 X131.992 Y184.260
G1 X132.086 Y183.872
G1 X132.292 Y183.639
G1 X132.677 Y183.539
G1 X133.205 Y183.640
G1 X133.665 Y183.959
G1 X133.834 Y184.276
G0 Z5.000 F500.000
G0 X133.870 Y184.135 F3000.000
G1 Z1.000 F500.000
G4 P100
G1 X134.557 Y184.332 F1000.000
G1 X134.938 Y184.672
G1 X135.009 Y184.940
G1 X134.949 Y185.186
G1 X134.791 Y185.331
G1 X134.541 Y185.376
G1 X134.129 Y185.193
G1 X133.857 Y184.740
G1 X133.814 Y184.285
G1 X133.893 Y183.919
G1 X134.040 Y183.713
G1 X134.447 Y183.528
G1 X134.968 Y183.567
G1 X135.547 Y183.889
G1 X135.789 Y184.242
G0 Z5.000 F500.000
G0 X136.192 Y185.465 F3000.000
G1 Z1.000 F500.000
G4 P100
G1 X136.015 Y185.276 F1000.000
G1 X135.882 Y184.677
G1 X135.911 Y183.580
G1 X135.955 Y184.098
G1 X136.258 Y184.296
G1 X136.652 Y184.993
G1 X136.992 Y185.168
G1 X137.136 Y185.155
G1 X137.180 Y184.934
G1 X137.149 Y183.566
G1 X137.219 Y184.125
G1 X137.491 Y184.292
G1 X137.859 Y184.921
G1 X138.168 Y185.143
G1 X138.449 Y185.107
G1 X138.341 Y183.939
G1 X138.446 Y183.617
G1 X138.722 Y183.551
G1 X138.996 Y183.638
G1 X139.370 Y183.974
G1 X139.509 Y184.244
G0 Z5.000 F500.000
G0 X141.196 Y184.745 F3000.000
G1 Z1.000 F500.000
G4 P100
G1 X141.286 Y185.039 F1000.000
G1 X141.171 Y185.299
G1 X140.903 Y185.376
G1 X140.613 Y185.267
G1 X140.319 Y184.863
G1 X140.170 Y184.201
G1 X139.667 Y184.013
G1 X139.633 Y183.588
G1 X139.605 Y184.714
G1 X139.735 Y185.276
G1 X139.912 Y185.465
G1 X139.737 Y185.283
G1 X139.614 Y184.772
G1 X139.569 Y184.307
G1 X139.667 Y184.013
G1 X140.170 Y184.201
G1 X140.524 Y183.671
G1 X141.033 Y183.529
G1 X141.482 Y183.755
G1 X141.835 Y184.244
G0 Z5.000 F500.000
G0 X142.224 Y185.433 F3000.000
G1 Z1.000 F500.000
G4 P100
G1 X142.060 Y185.211 F1000.000
G1 X141.889 Y184.245
G1 X141.933 Y183.848
G1 X142.123 Y183.644
G1 X142.373 Y183.738
G1 X142.681 Y184.124
G1 X142.974 Y184.252
G1 X143.328 Y185.414
G1 X142.974 Y184.252
G1 X143.052 Y183.571
G1 X142.779 Y183.007
G1 X142.798 Y182.676
G1 X142.574 Y181.948
G1 X142.192 Y181.350
G1 X141.957 Y181.259
G1 X141.725 Y181.315
G1 X141.590 Y181.499
G1 X141.585 Y181.783
G1 X141.917 Y182.417
G1 X142.444 Y182.925
G1 X142.779 Y183.007
G1 X143.052 Y183.571
G1 X143.428 Y183.657
G1 X144.102 Y184.181
G0 Z5.000 F500.000
G0 X146.593 Y185.455 F3000.000
G1 Z1.000 F500.000
G4 P100
G1 X146.415 Y185.251 F1000.000
G1 X146.242 Y184.375
G1 X146.249 Y183.930
G1 X146.405 Y183.662
G1 X146.672 Y183.717
G1 X146.994 Y184.100
G1 X147.282 Y184.220
G1 X147.555 Y185.253
G1 X147.680 Y185.424
G1 X147.555 Y185.253
G1 X147.282 Y184.220
G1 X147.425 Y183.651
G1 X147.657 Y183.553
G1 X147.957 Y183.628
G1 X148.356 Y183.980
G1 X148.485 Y184.240
G0 Z5.000 F500.000
G0 X20.889 Y175.368 F3000.000
G1 Z1.000 F500.000
G4 P100
G1 X20.712 Y175.179 F1000.000
G1 X20.574 Y174.564
G1 X20.654 Y173.991
G1 X20.608 Y173.483
G1 X20.654 Y173.991
G1 X20.957 Y174.189
G1 X21.379 Y174.897
G1 X21.674 Y175.062
G1 X21.899 Y175.017
G1 X21.804 Y173.744
G1 X21.880 Y173.541
G1 X22.073 Y173.461
G1 X22.501 Y173.571
G1 X22.856 Y173.909
G1 X23.065 Y174.307
G1 X23.749 Y174.611
G1 X24.210 Y174.604
G1 X24.347 Y174.521
G1 X24.322 Y174.098
G1 X24.124 Y173.685
G1 X23.851 Y173.481
G1 X23.513 Y173.440
G1 X23.219 Y173.576
G1 X23.022 Y173.854
G1 X22.955 Y174.271
G1 X23.034 Y174.723
G1 X23.233 Y175.045
G1 X23.533 Y175.233
G1 X23.802 Y175.261
G1 X24.022 Y175.157
G1 X24.379 Y174.377
G1 X24.777 Y174.370
G1 X25.185 Y174.489
G0 Z5.000 F500.000
G0 X26.744 Y174.377 F3000.000
G1 Z1.000 F500.000
G4 P100
G1 X26.428 Y175.119 F1000.000
G1 X26.034 Y175.359
G1 X26.065 Y175.588
G1 X26.494 Y176.395
G1 X26.629 Y176.957
G1 X26.565 Y177.481
G1 X26.436 Y177.615
G1 X26.257 Y177.640
G1 X26.043 Y177.535
G1 X25.861 Y177.288
G1 X25.514 Y176.265
G1 X25.362 Y175.311
G1 X25.397 Y174.936
G1 X25.704 Y175.020
G1 X26.046 Y175.302
G1 X25.704 Y175.020
G1 X25.397 Y174.936
G1 X25.327 Y174.350
G1 X25.421 Y173.832
G1 X25.716 Y173.493
G1 X26.152 Y173.459
G1 X26.546 Y173.768
G1 X26.744 Y174.377
G1 X27.540 Y174.477
G0 Z5.000 F500.000
G0 X27.989 Y175.368 F3000.000
G1 Z1.000 F500.000
G4 P100
G1 X27.813 Y175.179 F1000.000
G1 X27.679 Y174.580
G1 X27.708 Y173.483
G1 X27.752 Y174.001
G1 X28.055 Y174.199
G1 X28.450 Y174.896
G1 X28.789 Y175.071
G1 X28.933 Y175.058
G1 X28.977 Y174.837
G1 X28.946 Y173.469
G1 X29.017 Y174.028
G1 X29.308 Y174.217
G1 X29.724 Y174.902
G1 X30.015 Y175.059
G1 X30.242 Y175.026
G1 X30.142 Y173.755
G1 X30.217 Y173.543
G1 X30.416 Y173.460
G1 X30.849 Y173.577
G1 X31.219 Y173.940
G1 X31.407 Y174.309
G1 X32.091 Y174.611
G1 X32.551 Y174.604
G1 X32.687 Y174.521
G1 X32.662 Y174.098
G1 X32.464 Y173.685
G1 X32.191 Y173.481
G1 X31.853 Y173.440
G1 X31.559 Y173.576
G1 X31.362 Y173.854
G1 X31.295 Y174.271
G1 X31.374 Y174.723
G1 X31.573 Y175.045
G1 X31.873 Y175.233
G1 X32.142 Y175.261
G1 X32.362 Y175.157
G1 X32.719 Y174.377
G1 X33.117 Y174.370
G1 X33.525 Y174.489
G0 Z5.000 F500.000
G0 X34.645 Y173.686 F3000.000
G1 Z1.000 F500.000
G4 P100
G1 X34.958 Y174.453 F1000.000
G1 X34.902 Y175.074
G1 X34.728 Y175.236
G1 X34.499 Y175.265
G1 X33.759 Y174.914
G1 X33.720 Y175.253
G1 X33.701 Y174.177
G1 X33.602 Y173.774
G1 X33.742 Y173.422
G1 X33.530 Y171.941
G1 X33.278 Y171.275
G1 X33.083 Y171.159
G1 X32.871 Y171.197
G1 X32.706 Y171.568
G1 X32.768 Y172.244
G1 X33.165 Y173.414
G1 X33.416 Y173.708
G1 X33.602 Y173.774
G1 X33.791 Y173.415
G1 X34.175 Y173.442
G1 X34.645 Y173.686
G1 X34.893 Y173.474
G1 X35.219 Y173.460
G1 X35.802 Y173.847
G1 X35.955 Y174.100
G1 X35.914 Y174.202
G1 X35.789 Y173.903
G1 X35.913 Y173.568
G1 X36.215 Y173.432
G1 X36.592 Y173.497
G1 X36.919 Y173.728
G1 X37.159 Y174.063
G1 X37.169 Y174.187
G1 X36.644 Y174.388
G1 X36.511 Y174.705
G1 X36.634 Y175.138
G1 X37.053 Y175.323
G1 X37.756 Y175.181
G1 X37.528 Y174.313
G1 X37.169 Y174.187
G1 X37.528 Y174.313
G1 X37.597 Y173.711
G1 X37.706 Y173.492
G1 X37.940 Y173.458
G1 X38.202 Y173.564
G1 X38.556 Y173.892
G1 X38.683 Y174.152
G0 Z5.000 F500.000
G0 X39.084 Y175.368 F3000.000
G1 Z1.000 F500.000
G4 P100
G1 X38.908 Y175.179 F1000.000
G1 X38.774 Y174.580
G1 X38.803 Y173.483
G1 X38.847 Y174.001
G1 X39.150 Y174.199
G1 X39.545 Y174.896
G1 X39.884 Y175.071
G1 X40.028 Y175.058
G1 X40.072 Y174.837
G1 X40.041 Y173.469
G1 X40.112 Y174.028
G1 X40.383 Y174.195
G1 X40.752 Y174.824
G1 X41.060 Y175.046
G1 X41.341 Y175.010
G1 X41.233 Y173.842
G1 X41.339 Y173.520
G1 X41.614 Y173.454
G1 X41.888 Y173.541
G1 X42.262 Y173.877
G1 X42.402 Y174.147
G0 Z5.000 F500.000
G0 X43.770 Y173.618 F3000.000
G1 Z1.000 F500.000
G4 P100
G1 X43.912 Y174.156 F1000.000
G1 X43.840 Y174.421
G1 X43.572 Y174.617
G1 X43.259 Y174.606
G1 X42.977 Y174.472
G1 X42.785 Y174.641
G1 X42.584 Y174.865
G1 X42.675 Y175.201
G1 X42.828 Y175.336
G1 X42.664 Y175.174
G1 X42.539 Y174.433
G1 X42.616 Y174.317
G1 X42.977 Y174.472
G1 X42.616 Y174.317
G1 X42.560 Y174.365
G1 X42.485 Y174.094
G1 X42.573 Y173.744
G1 X42.796 Y173.517
G1 X43.174 Y173.419
G1 X43.738 Y173.638
G1 X43.977 Y173.461
G1 X44.295 Y173.475
G1 X44.725 Y173.752
G1 X44.986 Y174.145
G0 Z5.000 F500.000
G0 X47.336 Y174.667 F3000.000
G1 Z1.000 F500.000
G4 P100
G1 X47.401 Y175.013 F1000.000
G1 X47.246 Y175.234
G1 X46.794 Y175.207
G1 X46.511 Y174.940
G1 X46.319 Y174.163
G1 X46.413 Y173.775
G1 X46.619 Y173.542
G1 X47.004 Y173.442
G1 X47.532 Y173.543
G1 X47.992 Y173.862
G1 X48.161 Y174.179
G0 Z5.000 F500.000
G0 X48.554 Y175.368 F3000.000
G1 Z1.000 F500.000
G4 P100
G1 X48.378 Y175.179 F1000.000
G1 X48.244 Y174.580
G1 X48.273 Y173.483
G1 X48.317 Y174.001
G1 X48.620 Y174.199
G1 X49.015 Y174.896
G1 X49.354 Y175.071
G1 X49.498 Y175.058
G1 X49.542 Y174.837
G1 X49.511 Y173.469
G1 X49.582 Y174.028
G1 X49.853 Y174.195
G1 X50.222 Y174.824
G1 X50.530 Y175.046
G1 X50.811 Y175.010
G1 X50.703 Y173.842
G1 X50.809 Y173.520
G1 X51.084 Y173.454
G1 X51.358 Y173.541
G1 X51.732 Y173.877
G1 X51.872 Y174.147
G0 Z5.000 F500.000
G0 X52.955 Y173.686 F3000.000
G1 Z1.000 F500.000
G4 P100
G1 X53.268 Y174.453 F1000.000
G1 X53.212 Y175.074
G1 X53.038 Y175.236
G1 X52.809 Y175.265
G1 X52.069 Y174.914
G1 X52.030 Y175.253
G1 X52.011 Y174.177
G1 X51.912 Y173.774
G1 X52.052 Y173.422
G1 X51.840 Y171.941
G1 X51.588 Y171.275
G1 X51.393 Y171.159
G1 X51.181 Y171.197
G1 X51.017 Y171.553
G1 X51.067 Y172.194
G1 X51.457 Y173.374
G1 X51.687 Y173.686
G1 X51.912 Y173.774
G1 X52.115 Y173.413
G1 X52.485 Y173.442
G1 X52.955 Y173.686
G1 X53.210 Y173.472
G1 X53.558 Y173.466
G1 X54.035 Y173.768
G1 X54.378 Y174.318
G1 X54.562 Y174.452
G1 X55.059 Y174.615
G1 X55.520 Y174.605
G1 X55.689 Y174.377
G1 X55.622 Y174.062
G1 X55.461 Y173.720
G1 X55.202 Y173.499
G1 X54.895 Y173.433
G1 X54.606 Y173.520
G1 X54.386 Y173.742
G1 X54.278 Y174.067
G1 X54.285 Y174.497
G1 X54.409 Y174.863
G1 X54.636 Y175.127
G1 X54.943 Y175.258
G1 X55.352 Y175.135
G1 X55.689 Y174.377
G1 X56.087 Y174.370
G1 X56.495 Y174.489
G0 Z5.000 F500.000
G0 X58.218 Y174.648 F3000.000
G1 Z1.000 F500.000
G4 P100
G1 X58.308 Y174.942 F1000.000
G1 X58.193 Y175.202
G1 X57.925 Y175.279
G1 X57.635 Y175.170
G1 X57.341 Y174.766
G1 X57.192 Y174.104
G1 X56.690 Y173.916
G1 X56.655 Y173.491
G1 X56.627 Y174.617
G1 X56.757 Y175.179
G1 X56.934 Y175.368
G1 X56.760 Y175.186
G1 X56.636 Y174.675
G1 X56.592 Y174.210
G1 X56.690 Y173.916
G1 X57.192 Y174.104
G1 X57.546 Y173.574
G1 X58.055 Y173.432
G1 X58.505 Y173.658
G1 X58.858 Y174.147
G0 Z5.000 F500.000
G0 X59.246 Y175.336 F3000.000
G1 Z1.000 F500.000
G4 P100
G1 X59.082 Y175.114 F1000.000
G1 X58.911 Y174.148
G1 X58.955 Y173.751
G1 X59.145 Y173.547
G1 X59.395 Y173.641
G1 X59.703 Y174.027
G1 X59.996 Y174.155
G1 X60.350 Y175.317
G1 X59.996 Y174.155
G1 X60.074 Y173.474
G1 X59.801 Y172.910
G1 X59.820 Y172.579
G1 X59.596 Y171.851
G1 X59.214 Y171.253
G1 X58.979 Y171.162
G1 X58.747 Y171.218
G1 X58.613 Y171.402
G1 X58.607 Y171.686
G1 X58.939 Y172.320
G1 X59.466 Y172.828
G1 X59.801 Y172.910
G1 X60.074 Y173.474
G1 X60.451 Y173.560
G1 X61.124 Y174.084
G0 Z5.000 F500.000
G0 X62.664 Y175.112 F3000.000
G1 Z1.000 F500.000
G4 P100
G1 X63.057 Y175.314 F1000.000
G1 X63.514 Y175.330
G1 X63.763 Y175.175
G1 X63.828 Y174.858
G1 X63.560 Y174.387
G1 X62.660 Y173.876
G1 X62.729 Y173.725
G1 X63.147 Y173.487
G1 X63.352 Y173.249
G1 X63.397 Y172.517
G1 X63.231 Y171.918
G1 X62.945 Y171.426
G1 X62.633 Y171.180
G1 X62.298 Y171.195
G1 X62.150 Y171.367
G1 X62.134 Y171.709
G1 X62.475 Y172.411
G1 X62.997 Y172.922
G1 X63.323 Y173.039
G1 X63.352 Y173.249
G1 X64.617 Y174.072
G0 Z5.000 F500.000
G0 X65.920 Y173.881 F3000.000
G1 Z1.000 F500.000
G4 P100
G1 X66.135 Y175.061 F1000.000
G1 X65.676 Y175.292
G1 X65.175 Y175.020
G1 X64.828 Y174.459
G1 X64.769 Y173.796
G1 X64.869 Y173.578
G1 X65.054 Y173.452
G1 X65.402 Y173.477
G1 X65.920 Y173.881
G1 X66.219 Y173.468
G1 X66.659 Y173.581
G1 X67.095 Y174.119
G1 X67.031 Y175.029
G1 X67.166 Y175.210
G1 X67.503 Y175.329
G1 X67.976 Y175.275
G1 X68.158 Y175.009
G1 X68.011 Y174.675
G1 X67.344 Y174.250
G1 X67.155 Y174.014
G1 X67.154 Y173.623
G1 X67.472 Y173.422
G1 X67.946 Y173.408
G1 X68.401 Y173.541
G1 X68.840 Y173.855
G1 X69.104 Y174.311
G1 X69.286 Y174.446
G1 X70.034 Y174.633
G1 X70.382 Y174.521
G1 X70.414 Y174.377
G1 X70.288 Y173.897
G1 X70.067 Y173.591
G1 X69.781 Y173.448
G1 X69.463 Y173.460
G1 X69.190 Y173.637
G1 X69.034 Y173.924
G1 X68.993 Y174.344
G1 X69.088 Y174.771
G1 X69.294 Y175.071
G1 X69.596 Y175.242
G1 X69.858 Y175.258
G1 X70.062 Y175.151
G1 X70.414 Y174.377
G1 X70.812 Y174.370
G1 X71.220 Y174.489
G0 Z5.000 F500.000
G0 X71.229 Y174.223 F3000.000
G1 Z1.000 F500.000
G4 P100
G1 X71.076 Y173.984 F1000.000
G1 X71.104 Y173.637
G1 X71.275 Y173.470
G1 X71.549 Y173.486
G1 X71.834 Y173.749
G1 X72.293 Y174.712
G1 X72.682 Y175.134
G1 X72.616 Y174.978
G1 X72.759 Y174.653
G1 X72.766 Y173.893
G1 X72.916 Y173.513
G1 X73.173 Y173.442
G1 X73.456 Y173.531
G1 X73.824 Y173.896
G1 X73.941 Y174.145
G0 Z5.000 F500.000
G0 X75.414 Y174.377 F3000.000
G1 Z1.000 F500.000
G4 P100
G1 X75.231 Y173.787 F1000.000
G1 X74.873 Y173.476
G1 X74.395 Y173.486
G1 X74.057 Y173.854
G1 X73.991 Y174.286
G1 X74.075 Y174.737
G1 X74.284 Y175.061
G1 X74.589 Y175.240
G1 X74.851 Y175.259
G1 X75.062 Y175.151
G1 X75.414 Y174.377
G1 X75.812 Y174.370
G1 X76.220 Y174.489
G0 Z5.000 F500.000
G0 X77.779 Y174.377 F3000.000
G1 Z1.000 F500.000
G4 P100
G1 X77.463 Y175.119 F1000.000
G1 X77.069 Y175.359
G1 X77.100 Y175.588
G1 X77.529 Y176.395
G1 X77.664 Y176.957
G1 X77.600 Y177.481
G1 X77.471 Y177.615
G1 X77.292 Y177.640
G1 X77.078 Y177.535
G1 X76.896 Y177.288
G1 X76.549 Y176.265
G1 X76.397 Y175.311
G1 X76.432 Y174.936
G1 X76.739 Y175.020
G1 X77.081 Y175.302
G1 X76.739 Y175.020
G1 X76.432 Y174.936
G1 X76.362 Y174.350
G1 X76.456 Y173.832
G1 X76.751 Y173.493
G1 X77.187 Y173.459
G1 X77.581 Y173.768
G1 X77.779 Y174.377
G1 X78.575 Y174.477
G0 Z5.000 F500.000
G0 X80.308 Y174.648 F3000.000
G1 Z1.000 F500.000
G4 P100
G1 X80.398 Y174.942 F1000.000
G1 X80.283 Y175.202
G1 X80.015 Y175.279
G1 X79.725 Y175.170
G1 X79.431 Y174.766
G1 X79.282 Y174.104
G1 X78.780 Y173.916
G1 X78.745 Y173.491
G1 X78.717 Y174.617
G1 X78.847 Y175.179
G1 X79.024 Y175.368
G1 X78.850 Y175.186
G1 X78.726 Y174.675
G1 X78.682 Y174.210
G1 X78.780 Y173.916
G1 X79.282 Y174.104
G1 X79.636 Y173.574
G1 X80.145 Y173.432
G1 X80.595 Y173.658
G1 X80.948 Y174.147
G0 Z5.000 F500.000
G0 X82.115 Y173.881 F3000.000
G1 Z1.000 F500.000
G4 P100
G1 X82.330 Y175.061 F1000.000
G1 X81.835 Y175.285
G1 X81.380 Y175.030
G1 X81.053 Y174.541
G1 X80.947 Y173.912
G1 X81.126 Y173.517
G1 X81.551 Y173.457
G1 X82.115 Y173.881
G1 X82.345 Y173.509
G1 X82.636 Y173.464
G1 X83.061 Y173.767
G1 X83.297 Y174.147
G0 Z5.000 F500.000
G0 X85.024 Y175.368 F3000.000
G1 Z1.000 F500.000
G4 P100
G1 X84.847 Y175.179 F1000.000
G1 X84.709 Y174.564
G1 X84.789 Y173.991
G1 X84.743 Y173.483
G1 X84.789 Y173.991
G1 X85.092 Y174.189
G1 X85.514 Y174.897
G1 X85.809 Y175.062
G1 X86.034 Y175.017
G1 X85.939 Y173.744
G1 X86.015 Y173.541
G1 X86.208 Y173.461
G1 X86.636 Y173.571
G1 X86.991 Y173.909
G1 X87.200 Y174.307
G1 X87.884 Y174.611
G1 X88.345 Y174.604
G1 X88.482 Y174.521
G1 X88.457 Y174.098
G1 X88.259 Y173.685
G1 X87.986 Y173.481
G1 X87.648 Y173.440
G1 X87.354 Y173.576
G1 X87.157 Y173.854
G1 X87.090 Y174.271
G1 X87.169 Y174.723
G1 X87.368 Y175.045
G1 X87.668 Y175.233
G1 X87.937 Y175.261
G1 X88.157 Y175.157
G1 X88.514 Y174.377
G1 X88.912 Y174.370
G1 X89.320 Y174.489
G0 Z5.000 F500.000
G0 X90.381 Y174.667 F3000.000
G1 Z1.000 F500.000
G4 P100
G1 X90.446 Y175.013 F1000.000
G1 X90.291 Y175.234
G1 X89.839 Y175.207
G1 X89.556 Y174.940
G1 X89.364 Y174.163
G1 X89.458 Y173.775
G1 X89.664 Y173.542
G1 X90.056 Y173.442
G1 X90.604 Y173.554
G1 X91.101 Y173.932
G1 X91.200 Y174.091
G1 X91.162 Y174.219
G1 X91.013 Y173.970
G1 X91.053 Y173.617
G1 X91.243 Y173.462
G1 X91.522 Y173.502
G1 X91.833 Y173.842
G1 X92.245 Y174.730
G1 X92.622 Y175.134
G1 X92.556 Y174.978
G1 X92.698 Y174.660
G1 X92.718 Y173.821
G1 X92.808 Y173.565
G1 X92.960 Y173.462
G1 X93.444 Y173.563
G1 X93.881 Y174.145
G1 X93.987 Y174.038
G1 X94.387 Y174.126
G1 X94.972 Y174.457
G1 X95.117 Y174.755
G1 X95.077 Y175.070
G1 X94.875 Y175.249
G1 X94.556 Y175.265
G1 X94.180 Y175.028
G1 X93.954 Y174.565
G1 X93.991 Y173.884
G1 X94.179 Y173.596
G1 X94.594 Y173.427
G1 X95.106 Y173.476
G1 X95.670 Y173.796
G1 X95.906 Y174.145
G0 Z5.000 F500.000
G0 X98.315 Y173.686 F3000.000
G1 Z1.000 F500.000
G4 P100
G1 X98.628 Y174.453 F1000.000
G1 X98.572 Y175.074
G1 X98.398 Y175.236
G1 X98.169 Y175.265
G1 X97.429 Y174.914
G1 X97.390 Y175.253
G1 X97.371 Y174.177
G1 X97.272 Y173.774
G1 X97.412 Y173.422
G1 X97.200 Y171.941
G1 X96.948 Y171.275
G1 X96.753 Y171.159
G1 X96.541 Y171.197
G1 X96.380 Y171.531
G1 X96.413 Y172.122
G1 X96.644 Y172.938
G1 X96.978 Y173.633
G1 X97.272 Y173.774
G1 X97.412 Y173.422
G1 X97.504 Y173.410
G1 X97.859 Y173.447
G1 X98.315 Y173.686
G1 X98.563 Y173.474
G1 X98.889 Y173.460
G1 X99.341 Y173.717
G1 X99.641 Y174.157
G0 Z5.000 F500.000
G0 X100.805 Y173.881 F3000.000
G1 Z1.000 F500.000
G4 P100
G1 X101.020 Y175.061 F1000.000
G1 X100.625 Y175.295
G1 X100.305 Y175.202
G1 X99.883 Y174.806
G1 X99.656 Y174.232
G1 X99.690 Y173.684
G1 X100.011 Y173.434
G1 X100.313 Y173.491
G1 X100.805 Y173.881
G1 X101.071 Y173.484
G1 X101.434 Y173.509
G1 X101.957 Y174.049
G1 X101.978 Y174.961
G1 X102.079 Y175.117
G1 X102.706 Y175.347
G1 X103.008 Y175.305
G1 X103.188 Y175.150
G1 X103.232 Y174.814
G1 X103.080 Y174.494
G1 X102.067 Y173.869
G1 X102.762 Y173.249
G1 X102.818 Y172.633
G1 X102.707 Y172.096
G1 X102.482 Y171.605
G1 X102.194 Y171.267
G1 X101.914 Y171.155
G1 X101.641 Y171.241
G1 X101.538 Y171.490
G1 X101.589 Y171.894
G1 X101.809 Y172.313
G1 X102.360 Y172.887
G1 X102.733 Y173.039
G1 X102.762 Y173.249
G1 X104.027 Y174.072
G0 Z5.000 F500.000
G0 X105.245 Y173.686 F3000.000
G1 Z1.000 F500.000
G4 P100
G1 X105.558 Y174.453 F1000.000
G1 X105.502 Y175.074
G1 X105.328 Y175.236
G1 X105.099 Y175.265
G1 X104.359 Y174.914
G1 X104.320 Y175.253
G1 X104.301 Y174.177
G1 X104.202 Y173.774
G1 X104.342 Y173.422
G1 X104.130 Y171.941
G1 X103.878 Y171.275
G1 X103.683 Y171.159
G1 X103.471 Y171.197
G1 X103.310 Y171.531
G1 X103.343 Y172.122
G1 X103.574 Y172.938
G1 X103.908 Y173.633
G1 X104.202 Y173.774
G1 X104.342 Y173.422
G1 X104.434 Y173.410
G1 X104.789 Y173.447
G1 X105.245 Y173.686
G1 X105.493 Y173.474
G1 X105.819 Y173.460
G1 X106.271 Y173.717
G1 X106.571 Y174.157
G0 Z5.000 F500.000
G0 X109.166 Y175.283 F3000.000
G1 Z1.000 F500.000
G4 P100
G1 X108.824 Y174.423 F1000.000
G1 X108.119 Y174.050
G1 X108.182 Y174.098
G1 X108.014 Y174.109
G1 X107.972 Y174.412
G1 X107.844 Y174.575
G1 X107.525 Y174.625
G1 X107.140 Y174.475
G1 X106.751 Y174.860
G1 X106.840 Y175.202
G1 X106.993 Y175.336
G1 X106.829 Y175.175
G1 X106.704 Y174.433
G1 X106.768 Y174.331
G1 X107.140 Y174.475
G1 X106.720 Y174.359
G1 X106.656 Y174.008
G1 X106.761 Y173.703
G1 X107.096 Y173.459
G1 X107.559 Y173.470
G1 X107.887 Y173.681
G1 X108.119 Y174.050
G1 X108.824 Y174.423
G1 X108.965 Y173.647
G1 X109.277 Y173.439
G1 X109.721 Y173.652
G1 X110.077 Y174.147
G0 Z5.000 F500.000
G0 X111.599 Y174.377 F3000.000
G1 Z1.000 F500.000
G4 P100
G1 X111.283 Y175.119 F1000.000
G1 X110.889 Y175.359
G1 X110.920 Y175.588
G1 X111.349 Y176.395
G1 X111.484 Y176.957
G1 X111.420 Y177.481
G1 X111.291 Y177.615
G1 X111.112 Y177.640
G1 X110.898 Y177.535
G1 X110.716 Y177.288
G1 X110.369 Y176.265
G1 X110.217 Y175.311
G1 X110.252 Y174.936
G1 X110.559 Y175.020
G1 X110.901 Y175.302
G1 X110.559 Y175.020
G1 X110.252 Y174.936
G1 X110.182 Y174.350
G1 X110.276 Y173.832
G1 X110.571 Y173.493
G1 X111.007 Y173.459
G1 X111.401 Y173.768
G1 X111.599 Y174.377
G1 X112.395 Y174.477
G0 Z5.000 F500.000
G0 X113.610 Y173.881 F3000.000
G1 Z1.000 F500.000
G4 P100
G1 X113.825 Y175.061 F1000.000
G1 X113.330 Y175.285
G1 X112.875 Y175.030
G1 X112.548 Y174.541
G1 X112.442 Y173.912
G1 X112.621 Y173.517
G1 X113.046 Y173.457
G1 X113.610 Y173.881
G1 X113.840 Y173.509
G1 X114.131 Y173.464
G1 X114.556 Y173.767
G1 X114.792 Y174.147
G0 Z5.000 F500.000
G0 X117.141 Y174.667 F3000.000
G1 Z1.000 F500.000
G4 P100
G1 X117.206 Y175.013 F1000.000
G1 X117.051 Y175.234
G1 X116.599 Y175.207
G1 X116.316 Y174.940
G1 X116.124 Y174.163
G1 X116.218 Y173.775
G1 X116.424 Y173.542
G1 X116.809 Y173.442
G1 X117.337 Y173.543
G1 X117.797 Y173.862
G1 X117.966 Y174.179
G0 Z5.000 F500.000
G0 X118.359 Y175.368 F3000.000
G1 Z1.000 F500.000
G4 P100
G1 X118.183 Y175.179 F1000.000
G1 X118.049 Y174.580
G1 X118.078 Y173.483
G1 X118.122 Y174.001
G1 X118.425 Y174.199
G1 X118.820 Y174.896
G1 X119.159 Y175.071
G1 X119.303 Y175.058
G1 X119.347 Y174.837
G1 X119.316 Y173.469
G1 X119.387 Y174.028
G1 X119.658 Y174.195
G1 X120.027 Y174.824
G1 X120.335 Y175.046
G1 X120.616 Y175.010
G1 X120.508 Y173.842
G1 X120.614 Y173.520
G1 X120.889 Y173.454
G1 X121.163 Y173.541
G1 X121.537 Y173.877
G1 X121.677 Y174.147
G0 Z5.000 F500.000
G0 X122.760 Y173.686 F3000.000
G1 Z1.000 F500.000
G4 P100
G1 X123.073 Y174.453 F1000.000
G1 X123.017 Y175.074
G1 X122.843 Y175.236
G1 X122.614 Y175.265
G1 X121.874 Y174.914
G1 X121.835 Y175.253
G1 X121.816 Y174.177
G1 X121.717 Y173.774
G1 X121.857 Y173.422
G1 X121.645 Y171.941
G1 X121.393 Y171.275
G1 X121.198 Y171.159
G1 X120.986 Y171.197
G1 X120.825 Y171.531
G1 X120.858 Y172.122
G1 X121.089 Y172.938
G1 X121.423 Y173.633
G1 X121.717 Y173.774
G1 X121.857 Y173.422
G1 X121.949 Y173.410
G1 X122.304 Y173.447
G1 X122.760 Y173.686
G1 X123.008 Y173.474
G1 X123.334 Y173.460
G1 X123.786 Y173.717
G1 X124.086 Y174.157
G0 Z5.000 F500.000
G0 X125.250 Y173.881 F3000.000
G1 Z1.000 F500.000
G4 P100
G1 X125.465 Y175.061 F1000.000
G1 X124.970 Y175.285
G1 X124.515 Y175.030
G1 X124.188 Y174.541
G1 X124.082 Y173.912
G1 X124.261 Y173.517
G1 X124.686 Y173.457
G1 X125.250 Y173.881
G1 X125.480 Y173.509
G1 X125.771 Y173.464
G1 X126.196 Y173.767
G1 X126.432 Y174.147
G0 Z5.000 F500.000
G0 X126.817 Y175.354 F3000.000
G1 Z1.000 F500.000
G4 P100
G1 X126.666 Y175.198 F1000.000
G1 X126.554 Y174.723
G1 X126.519 Y173.417
G1 X126.486 Y174.065
G1 X126.568 Y174.415
G1 X127.656 Y174.353
G1 X127.971 Y175.302
G1 X127.656 Y174.353
G1 X127.742 Y173.537
G1 X128.000 Y173.455
G1 X128.284 Y173.538
G1 X128.673 Y173.880
G1 X128.806 Y174.145
G0 Z5.000 F500.000
G0 X129.223 Y175.358 F3000.000
G1 Z1.000 F500.000
G4 P100
G1 X129.045 Y175.154 F1000.000
G1 X128.872 Y174.278
G1 X128.879 Y173.833
G1 X129.035 Y173.565
G1 X129.302 Y173.620
G1 X129.624 Y174.003
G1 X129.912 Y174.123
G1 X130.185 Y175.156
G1 X130.310 Y175.327
G1 X130.185 Y175.156
G1 X129.912 Y174.123
G1 X130.055 Y173.554
G1 X130.287 Y173.456
G1 X130.587 Y173.531
G1 X130.986 Y173.883
G1 X131.115 Y174.143
G0 Z5.000 F500.000
G0 X131.533 Y175.358 F3000.000
G1 Z1.000 F500.000
G4 P100
G1 X131.351 Y175.140 F1000.000
G1 X131.174 Y174.197
G1 X131.209 Y173.763
G1 X131.398 Y173.547
G1 X131.682 Y173.672
G1 X131.963 Y174.024
G1 X132.214 Y174.121
G1 X132.622 Y175.329
G1 X132.214 Y174.121
G1 X132.327 Y173.676
G1 X132.620 Y173.393
G1 X132.454 Y173.056
G1 X132.420 Y172.569
G1 X132.071 Y172.007
G1 X131.823 Y171.911
G1 X131.593 Y171.970
G1 X131.493 Y172.282
G1 X131.705 Y172.658
G1 X132.143 Y172.998
G1 X132.454 Y173.056
G1 X132.620 Y173.393
G1 X132.962 Y173.474
G1 X133.467 Y173.859
G0 Z5.000 F500.000
G0 X136.221 Y175.283 F3000.000
G1 Z1.000 F500.000
G4 P100
G1 X135.879 Y174.423 F1000.000
G1 X135.174 Y174.050
G1 X135.237 Y174.098
G1 X135.069 Y174.109
G1 X135.027 Y174.412
G1 X134.899 Y174.575
G1 X134.580 Y174.625
G1 X134.195 Y174.475
G1 X133.806 Y174.860
G1 X133.895 Y175.202
G1 X134.048 Y175.336
G1 X133.884 Y175.175
G1 X133.759 Y174.433
G1 X133.823 Y174.331
G1 X134.195 Y174.475
G1 X133.775 Y174.359
G1 X133.711 Y174.008
G1 X133.816 Y173.703
G1 X134.151 Y173.459
G1 X134.614 Y173.470
G1 X134.942 Y173.681
G1 X135.174 Y174.050
G1 X135.879 Y174.423
G1 X136.020 Y173.647
G1 X136.332 Y173.439
G1 X136.776 Y173.652
G1 X137.132 Y174.147
G0 Z5.000 F500.000
G0 X137.233 Y173.620 F3000.000
G1 Z1.000 F500.000
G4 P100
G1 X137.270 Y173.657 F1000.000
G0 Z5.000 F500.000
G0 X27.022 Y159.705 F3000.000
G1 Z1.000 F500.000
G4 P100
G1 X26.824 Y158.630 F1000.000
G1 X27.415 Y158.543
G1 X28.306 Y159.173
G1 X28.496 Y159.565
G1 X28.513 Y159.980
G1 X28.403 Y160.264
G1 X28.189 Y160.484
G1 X27.491 Y160.696
G1 X26.670 Y160.579
G1 X26.005 Y160.137
G1 X25.584 Y159.438
G1 X25.405 Y158.523
G1 X25.484 Y157.653
G1 X25.826 Y157.118
G1 X26.263 Y157.024
G1 X26.537 Y157.270
G1 X26.731 Y158.526
G1 X26.350 Y158.579
G1 X26.731 Y158.526
G1 X26.824 Y158.630
G1 X27.415 Y158.543
G1 X27.856 Y158.063
G1 X28.304 Y157.278
G1 X28.659 Y157.045
G1 X28.964 Y157.027
G1 X29.258 Y157.131
G1 X29.596 Y157.421
G1 X29.741 Y157.695
G0 Z5.000 F500.000
G0 X29.868 Y158.397 F3000.000
G1 Z1.000 F500.000
G4 P100
G1 X30.080 Y158.673 F1000.000
G1 X30.380 Y158.781
G1 X30.726 Y158.750
G1 X30.943 Y158.572
G1 X31.087 Y157.890
G1 X30.973 Y157.409
G1 X30.743 Y157.112
G1 X30.250 Y157.009
G1 X29.896 Y157.219
G1 X29.746 Y157.791
G1 X29.868 Y158.397
G0 Z5.000 F500.000
G0 X32.124 Y158.838 F3000.000
G1 Z1.000 F500.000
G4 P100
G1 X32.062 Y158.768 F1000.000
G1 X32.126 Y157.374
G1 X32.191 Y157.136
G1 X32.342 Y157.038
G1 X32.616 Y157.198
G1 X33.037 Y158.018
G1 X33.247 Y158.150
G1 X33.561 Y158.144
G1 X33.365 Y158.687
G1 X33.398 Y158.816
G1 X33.367 Y158.677
G1 X33.571 Y158.185
G1 X33.496 Y158.108
G1 X33.247 Y158.150
G1 X33.380 Y157.859
G1 X33.414 Y157.261
G1 X33.541 Y157.045
G1 X33.789 Y157.097
G1 X34.717 Y158.809
G0 Z5.000 F500.000
G0 X57.008 Y159.705 F3000.000
G1 Z1.000 F500.000
G4 P100
G1 X56.811 Y158.630 F1000.000
G1 X57.402 Y158.543
G1 X58.292 Y159.173
G1 X58.483 Y159.565
G1 X58.500 Y159.980
G1 X58.390 Y160.264
G1 X58.176 Y160.484
G1 X57.478 Y160.696
G1 X56.657 Y160.579
G1 X55.992 Y160.137
G1 X55.571 Y159.438
G1 X55.392 Y158.523
G1 X55.471 Y157.653
G1 X55.813 Y157.118
G1 X56.250 Y157.024
G1 X56.524 Y157.270
G1 X56.718 Y158.526
G1 X56.337 Y158.579
G1 X56.718 Y158.526
G1 X56.811 Y158.630
G1 X57.402 Y158.543
G1 X57.843 Y158.063
G1 X58.291 Y157.278
G1 X58.646 Y157.045
G1 X58.951 Y157.027
G1 X59.244 Y157.131
G1 X59.583 Y157.421
G1 X59.728 Y157.695
G0 Z5.000 F500.000
G0 X60.144 Y158.906 F3000.000
G1 Z1.000 F500.000
G4 P100
G1 X59.982 Y158.743 F1000.000
G1 X59.854 Y158.231
G1 X59.829 Y157.278
G1 X59.956 Y157.110
G1 X60.125 Y157.120
G1 X60.560 Y157.566
G1 X60.888 Y157.681
G1 X60.932 Y157.041
G1 X60.888 Y157.681
G1 X61.189 Y158.831
G1 X61.335 Y158.875
G1 X61.412 Y158.736
G1 X61.599 Y157.139
G1 X62.376 Y158.135
G1 X62.608 Y158.298
G1 X62.722 Y158.778
G1 X62.888 Y158.933
G1 X62.722 Y158.778
G1 X62.608 Y158.298
G1 X63.078 Y157.675
G1 X63.158 Y157.275
G1 X62.936 Y156.984
G1 X62.527 Y156.985
G0 Z5.000 F500.000
G0 X63.825 Y157.192 F3000.000
G1 Z1.000 F500.000
G4 P100
G1 X64.502 Y158.124 F1000.000
G1 X64.743 Y158.298
G1 X64.857 Y158.778
G1 X65.023 Y158.933
G1 X64.857 Y158.778
G1 X64.743 Y158.298
G1 X65.213 Y157.675
G1 X65.293 Y157.275
G1 X65.071 Y156.984
G1 X64.662 Y156.985
G0 Z5.000 F500.000
G0 X66.253 Y156.980 F3000.000
G1 Z1.000 F500.000
G4 P100
G1 X66.555 Y158.688 F1000.000
G1 X66.653 Y158.826
G0 Z5.000 F500.000
G0 X68.691 Y157.344 F3000.000
G1 Z1.000 F500.000
G4 P100
G1 X68.915 Y158.590 F1000.000
G1 X68.480 Y158.843
G1 X68.098 Y158.685
G1 X67.777 Y158.345
G1 X67.580 Y157.891
G1 X67.543 Y157.411
G1 X67.640 Y157.138
G1 X67.832 Y156.997
G1 X68.076 Y157.008
G1 X68.386 Y157.269
G1 X68.691 Y157.344
G1 X68.728 Y157.048
G0 Z5.000 F500.000
G0 X70.260 Y158.894 F3000.000
G1 Z1.000 F500.000
G4 P100
G1 X70.097 Y158.640 F1000.000
G1 X69.984 Y158.118
G1 X70.011 Y157.019
G1 X70.018 Y157.542
G1 X70.390 Y157.769
G1 X70.767 Y158.433
G1 X71.329 Y158.623
G1 X71.351 Y158.718
G1 X71.217 Y157.056
G0 Z5.000 F500.000
G0 X66.704 Y159.778 F3000.000
G1 Z1.000 F500.000
G4 P100
G1 X66.839 Y159.800 F1000.000
G0 Z5.000 F500.000
G0 X54.980 Y147.095 F3000.000
G1 Z1.000 F500.000
G4 P100
G1 X55.657 Y148.027 F1000.000
G1 X55.898 Y148.201
G1 X56.012 Y148.681
G1 X56.178 Y148.836
G1 X56.012 Y148.681
G1 X55.898 Y148.201
G1 X56.368 Y147.578
G1 X56.448 Y147.178
G1 X56.226 Y146.887
G1 X55.817 Y146.888
G0 Z5.000 F500.000
G0 X58.616 Y147.247 F3000.000
G1 Z1.000 F500.000
G4 P100
G1 X58.840 Y148.493 F1000.000
G1 X58.405 Y148.746
G1 X58.023 Y148.588
G1 X57.702 Y148.248
G1 X57.505 Y147.794
G1 X57.468 Y147.314
G1 X57.565 Y147.041
G1 X57.757 Y146.900
G1 X58.001 Y146.911
G1 X58.311 Y147.172
G1 X58.616 Y147.247
G1 X58.653 Y146.951
G0 Z5.000 F500.000
G0 X60.214 Y148.819 F3000.000
G1 Z1.000 F500.000
G4 P100
G1 X60.038 Y148.630 F1000.000
G1 X59.902 Y148.017
G1 X59.933 Y146.934
G1 X59.977 Y147.452
G1 X60.281 Y147.650
G1 X60.690 Y148.363
G1 X61.096 Y148.530
G1 X61.200 Y148.308
G1 X61.157 Y147.764
G1 X61.242 Y147.479
G1 X61.171 Y146.920
G1 X61.242 Y147.479
G1 X61.538 Y147.674
G1 X61.987 Y148.388
G1 X62.445 Y148.512
G1 X62.498 Y148.143
G1 X62.382 Y146.942
G0 Z5.000 F500.000
G0 X63.729 Y148.365 F3000.000
G1 Z1.000 F500.000
G4 P100
G1 X63.992 Y148.424 F1000.000
G1 X64.385 Y148.697
G1 X64.694 Y148.689
G1 X64.926 Y148.394
G1 X64.921 Y147.866
G1 X64.682 Y147.321
G1 X64.274 Y146.951
G1 X63.712 Y146.873
G1 X63.573 Y147.225
G1 X63.188 Y146.970
G1 X62.849 Y146.112
G1 X62.684 Y145.370
G1 X62.712 Y144.838
G1 X62.935 Y144.610
G1 X63.129 Y144.634
G1 X63.290 Y144.779
G1 X63.517 Y145.471
G1 X63.712 Y146.873
G1 X63.573 Y147.225
G1 X63.729 Y148.365
G1 X63.667 Y148.657
G1 X63.744 Y148.768
G0 Z5.000 F500.000
G0 X66.129 Y147.896 F3000.000
G1 Z1.000 F500.000
G4 P100
G1 X66.382 Y147.992 F1000.000
G1 X66.561 Y148.189
G1 X67.221 Y149.646
G1 X67.344 Y150.665
G1 X67.248 Y150.971
G1 X67.060 Y151.092
G1 X66.810 Y151.024
G1 X66.602 Y150.773
G1 X66.202 Y149.600
G1 X66.031 Y148.258
G1 X66.129 Y147.896
G1 X66.079 Y147.502
G1 X66.196 Y147.172
G1 X66.470 Y146.932
G1 X66.865 Y146.921
G1 X67.104 Y147.042
G1 X67.444 Y147.431
G1 X68.473 Y147.794
G1 X68.706 Y148.078
G1 X68.739 Y148.418
G1 X68.585 Y148.657
G1 X68.261 Y148.729
G1 X67.887 Y148.561
G1 X67.622 Y148.162
G1 X67.548 Y147.709
G1 X67.682 Y147.166
G1 X68.014 Y146.914
G1 X68.485 Y146.886
G1 X68.878 Y147.083
G1 X69.095 Y147.450
G0 Z5.000 F500.000
G0 X88.099 Y159.602 F3000.000
G1 Z1.000 F500.000
G4 P100
G1 X88.141 Y160.198 F1000.000
G1 X87.817 Y160.603
G1 X87.152 Y160.690
G1 X86.539 Y160.437
G1 X86.240 Y160.098
G1 X86.060 Y159.644
G1 X85.843 Y157.520
G1 X85.513 Y157.284
G1 X85.074 Y157.188
G1 X85.513 Y157.284
G1 X85.843 Y157.520
G1 X87.218 Y157.097
G1 X87.822 Y157.060
G1 X88.362 Y157.285
G1 X88.680 Y157.698
G0 Z5.000 F500.000
G0 X89.833 Y157.344 F3000.000
G1 Z1.000 F500.000
G4 P100
G1 X90.057 Y158.590 F1000.000
G1 X89.622 Y158.843
G1 X89.240 Y158.685
G1 X88.919 Y158.345
G1 X88.722 Y157.891
G1 X88.685 Y157.411
G1 X88.782 Y157.138
G1 X88.974 Y156.997
G1 X89.218 Y157.008
G1 X89.528 Y157.269
G1 X89.833 Y157.344
G1 X89.870 Y157.048
G0 Z5.000 F500.000
G0 X90.782 Y158.833 F3000.000
G1 Z1.000 F500.000
G4 P100
G1 X91.254 Y158.802 F1000.000
G1 X91.387 Y158.914
G1 X91.397 Y159.400
G1 X91.650 Y160.286
G1 X91.912 Y160.725
G1 X92.202 Y160.862
G1 X92.443 Y160.673
G1 X92.461 Y160.144
G1 X92.307 Y159.703
G1 X91.900 Y159.160
G1 X91.826 Y158.916
G1 X92.177 Y158.846
G1 X92.598 Y158.926
G1 X92.177 Y158.846
G1 X91.387 Y158.914
G1 X91.299 Y158.818
G1 X91.316 Y157.717
G1 X91.532 Y157.158
G1 X92.005 Y156.996
G1 X92.282 Y157.084
G1 X92.449 Y157.254
G1 X92.982 Y156.999
G1 X93.161 Y158.277
G1 X93.340 Y158.826
G0 Z5.000 F500.000
G0 X94.597 Y158.894 F3000.000
G1 Z1.000 F500.000
G4 P100
G1 X94.434 Y158.640 F1000.000
G1 X94.321 Y158.118
G1 X94.348 Y157.019
G1 X94.355 Y157.542
G1 X94.727 Y157.769
G1 X95.104 Y158.433
G1 X95.666 Y158.623
G1 X95.688 Y158.718
G1 X95.554 Y157.056
G0 Z5.000 F500.000
G0 X97.681 Y157.192 F3000.000
G1 Z1.000 F500.000
G4 P100
G1 X98.359 Y158.124 F1000.000
G1 X98.599 Y158.298
G1 X98.714 Y158.778
G1 X98.880 Y158.933
G1 X98.714 Y158.778
G1 X98.599 Y158.298
G1 X99.069 Y157.675
G1 X99.149 Y157.275
G1 X98.927 Y156.984
G1 X98.519 Y156.985
G0 Z5.000 F500.000
G0 X101.318 Y157.344 F3000.000
G1 Z1.000 F500.000
G4 P100
G1 X101.542 Y158.590 F1000.000
G1 X101.107 Y158.843
G1 X100.725 Y158.685
G1 X100.404 Y158.345
G1 X100.207 Y157.891
G1 X100.170 Y157.411
G1 X100.267 Y157.138
G1 X100.459 Y156.997
G1 X100.703 Y157.008
G1 X101.013 Y157.269
G1 X101.318 Y157.344
G1 X101.355 Y157.048
G0 Z5.000 F500.000
G0 X102.916 Y158.916 F3000.000
G1 Z1.000 F500.000
G4 P100
G1 X102.740 Y158.727 F1000.000
G1 X102.604 Y158.114
G1 X102.635 Y157.031
G1 X102.679 Y157.549
G1 X102.982 Y157.747
G1 X103.392 Y158.460
G1 X103.798 Y158.627
G1 X103.901 Y158.405
G1 X103.859 Y157.861
G1 X103.944 Y157.576
G1 X103.873 Y157.017
G1 X103.944 Y157.576
G1 X104.240 Y157.771
G1 X104.689 Y158.485
G1 X105.147 Y158.609
G1 X105.200 Y158.240
G1 X105.084 Y157.039
G0 Z5.000 F500.000
G0 X106.431 Y158.462 F3000.000
G1 Z1.000 F500.000
G4 P100
G1 X106.694 Y158.521 F1000.000
G1 X107.086 Y158.794
G1 X107.396 Y158.786
G1 X107.628 Y158.491
G1 X107.623 Y157.963
G1 X107.384 Y157.418
G1 X106.976 Y157.048
G1 X106.414 Y156.970
G1 X106.275 Y157.322
G1 X105.890 Y157.067
G1 X105.551 Y156.209
G1 X105.386 Y155.467
G1 X105.414 Y154.935
G1 X105.637 Y154.707
G1 X105.831 Y154.731
G1 X105.992 Y154.876
G1 X106.219 Y155.568
G1 X106.414 Y156.970
G1 X106.275 Y157.322
G1 X106.431 Y158.462
G1 X106.369 Y158.754
G1 X106.446 Y158.865
G0 Z5.000 F500.000
G0 X108.831 Y157.993 F3000.000
G1 Z1.000 F500.000
G4 P100
G1 X109.083 Y158.089 F1000.000
G1 X109.262 Y158.286
G1 X109.922 Y159.743
G1 X110.046 Y160.762
G1 X109.950 Y161.068
G1 X109.762 Y161.189
G1 X109.512 Y161.121
G1 X109.304 Y160.870
G1 X108.904 Y159.697
G1 X108.732 Y158.355
G1 X108.831 Y157.993
G1 X108.781 Y157.599
G1 X108.898 Y157.269
G1 X109.171 Y157.029
G1 X109.567 Y157.018
G1 X109.806 Y157.139
G1 X110.145 Y157.528
G1 X111.175 Y157.891
G1 X111.408 Y158.175
G1 X111.440 Y158.515
G1 X111.287 Y158.754
G1 X110.963 Y158.826
G1 X110.588 Y158.658
G1 X110.324 Y158.259
G1 X110.250 Y157.806
G1 X110.384 Y157.263
G1 X110.716 Y157.011
G1 X111.187 Y156.983
G1 X111.580 Y157.180
G1 X111.796 Y157.547
G0 Z5.000 F500.000
G0 X93.391 Y159.778 F3000.000
G1 Z1.000 F500.000
G4 P100
G1 X93.525 Y159.800 F1000.000
G0 Z5.000 F500.000
G0 X114.990 Y159.900 F3000.000
G1 Z1.000 F500.000
G4 P100
G1 X115.265 Y160.307 F1000.000
G1 X115.659 Y160.595
G1 X116.040 Y160.655
G1 X116.278 Y160.484
G1 X116.265 Y159.492
G1 X116.350 Y159.199
G1 X115.971 Y157.061
G1 X116.350 Y159.199
G1 X116.665 Y159.405
G1 X117.221 Y160.360
G1 X117.780 Y160.655
G1 X118.095 Y160.611
G1 X118.283 Y160.415
G1 X118.410 Y159.370
G1 X117.976 Y157.063
G1 X118.410 Y159.370
G1 X118.727 Y159.560
G1 X119.241 Y160.389
G1 X119.701 Y160.644
G1 X120.152 Y160.562
G1 X120.331 Y160.175
G1 X119.935 Y157.901
G1 X120.016 Y157.295
G1 X120.327 Y157.052
G1 X120.773 Y157.051
G1 X121.187 Y157.293
G1 X121.462 Y157.698
G0 Z5.000 F500.000
G0 X121.504 Y157.590 F3000.000
G1 Z1.000 F500.000
G4 P100
G1 X122.146 Y157.761 F1000.000
G1 X122.535 Y158.061
G1 X122.630 Y158.522
G1 X122.359 Y158.808
G1 X121.943 Y158.767
G1 X121.604 Y158.444
G1 X121.445 Y157.938
G1 X121.512 Y157.402
G1 X121.709 Y157.118
G1 X122.057 Y156.975
G1 X122.477 Y157.009
G1 X122.808 Y157.216
G1 X122.987 Y157.539
G1 X123.073 Y158.691
G1 X123.234 Y158.872
G1 X123.645 Y158.801
G1 X123.784 Y158.914
G1 X123.798 Y159.422
G1 X124.062 Y160.320
G1 X124.324 Y160.740
G1 X124.628 Y160.861
G1 X124.846 Y160.652
G1 X124.854 Y160.123
G1 X124.697 Y159.690
G1 X124.297 Y159.160
G1 X124.223 Y158.916
G1 X124.574 Y158.846
G1 X124.995 Y158.926
G1 X124.574 Y158.846
G1 X123.784 Y158.914
G1 X123.696 Y158.818
G1 X123.691 Y157.942
G1 X123.795 Y157.384
G1 X124.036 Y157.071
G1 X124.489 Y157.010
G1 X124.846 Y157.254
G0 Z5.000 F500.000
G0 X125.776 Y158.901 F3000.000
G1 Z1.000 F500.000
G4 P100
G1 X125.625 Y158.746 F1000.000
G1 X125.470 Y158.062
G1 X125.556 Y157.542
G1 X125.512 Y157.014
G1 X125.556 Y157.542
G1 X125.855 Y157.731
G1 X126.302 Y158.463
G1 X126.838 Y158.733
G1 X126.750 Y158.623
G1 X126.938 Y158.018
G1 X126.891 Y157.925
G1 X126.938 Y158.018
G1 X127.253 Y158.110
G1 X127.485 Y157.004
G1 X127.666 Y157.023
G1 X127.927 Y158.737
G1 X128.179 Y158.873
G1 X128.548 Y158.768
G1 X129.659 Y158.088
G1 X129.964 Y158.255
G1 X129.963 Y158.665
G1 X129.774 Y158.813
G1 X129.478 Y158.800
G1 X129.211 Y158.635
G1 X129.005 Y158.344
G1 X128.899 Y157.579
G1 X129.009 Y157.279
G1 X129.217 Y157.078
G1 X129.566 Y156.977
G1 X129.931 Y157.040
G1 X130.219 Y157.250
G1 X130.372 Y157.561
G0 Z5.000 F500.000
G0 X128.063 Y159.778 F3000.000
G1 Z1.000 F500.000
G4 P100
G1 X128.197 Y159.800 F1000.000
G0 Z5.000 F500.000
G0 X27.035 Y133.426 F3000.000
G1 Z1.000 F500.000
G4 P100
G1 X27.039 Y132.581 F1000.000
G1 X26.765 Y131.918
G1 X26.267 Y131.626
G1 X25.707 Y131.768
G1 X25.486 Y132.106
G1 X25.420 Y132.633
G1 X25.502 Y133.248
G1 X25.728 Y133.703
G1 X26.067 Y133.960
G1 X26.509 Y133.990
G1 X26.846 Y133.800
G1 X27.035 Y133.426
G0 Z5.000 F500.000
G0 X28.106 Y133.769 F3000.000
G1 Z1.000 F500.000
G4 P100
G1 X28.777 Y133.918 F1000.000
G1 X28.864 Y133.783
G1 X28.560 Y131.697
G0 Z5.000 F500.000
G0 X56.308 Y131.706 F3000.000
G1 Z1.000 F500.000
G4 P100
G1 X56.843 Y135.010 F1000.000
G1 X56.754 Y135.196
G1 X56.323 Y135.219
G1 X55.761 Y135.059
G1 X55.437 Y134.816
G1 X55.312 Y134.451
G1 X55.407 Y134.060
G1 X55.311 Y134.399
G1 X55.392 Y134.750
G1 X55.646 Y134.998
G1 X56.059 Y135.160
G1 X56.526 Y135.238
G1 X56.833 Y135.156
G1 X57.103 Y135.282
G1 X57.585 Y135.303
G1 X58.418 Y135.284
G1 X58.735 Y135.158
G1 X59.060 Y135.233
G1 X59.662 Y135.156
G1 X59.060 Y135.233
G1 X58.735 Y135.158
G1 X58.258 Y132.253
G1 X58.449 Y131.793
G1 X58.918 Y131.643
G1 X59.414 Y131.834
G1 X59.787 Y132.317
G0 Z5.000 F500.000
G0 X59.759 Y132.395 F3000.000
G1 Z1.000 F500.000
G4 P100
G1 X59.607 Y132.156 F1000.000
G1 X59.635 Y131.809
G1 X59.806 Y131.642
G1 X60.079 Y131.657
G1 X60.364 Y131.921
G1 X60.824 Y132.883
G1 X61.212 Y133.305
G1 X61.146 Y133.149
G1 X61.289 Y132.824
G1 X61.296 Y132.065
G1 X61.446 Y131.684
G1 X61.704 Y131.613
G1 X61.987 Y131.702
G1 X62.354 Y132.068
G1 X62.472 Y132.317
G0 Z5.000 F500.000
G0 X63.701 Y132.053 F3000.000
G1 Z1.000 F500.000
G4 P100
G1 X63.916 Y133.232 F1000.000
G1 X63.420 Y133.457
G1 X62.966 Y133.202
G1 X62.639 Y132.713
G1 X62.533 Y132.084
G1 X62.712 Y131.689
G1 X63.136 Y131.628
G1 X63.701 Y132.053
G1 X63.930 Y131.681
G1 X64.221 Y131.636
G1 X64.647 Y131.939
G1 X64.882 Y132.319
G0 Z5.000 F500.000
G0 X66.405 Y132.549 F3000.000
G1 Z1.000 F500.000
G4 P100
G1 X66.089 Y133.291 F1000.000
G1 X65.694 Y133.531
G1 X65.726 Y133.760
G1 X66.155 Y134.567
G1 X66.290 Y135.128
G1 X66.225 Y135.652
G1 X66.097 Y135.787
G1 X65.917 Y135.812
G1 X65.704 Y135.707
G1 X65.522 Y135.460
G1 X65.174 Y134.437
G1 X65.022 Y133.483
G1 X65.057 Y133.108
G1 X65.365 Y133.192
G1 X65.707 Y133.474
G1 X65.365 Y133.192
G1 X65.057 Y133.108
G1 X64.988 Y132.522
G1 X65.082 Y132.004
G1 X65.377 Y131.665
G1 X65.812 Y131.630
G1 X66.207 Y131.940
G1 X66.405 Y132.549
G1 X67.201 Y132.649
G0 Z5.000 F500.000
G0 X67.632 Y133.525 F3000.000
G1 Z1.000 F500.000
G4 P100
G1 X67.481 Y133.370 F1000.000
G1 X67.369 Y132.894
G1 X67.334 Y131.589
G1 X67.301 Y132.236
G1 X67.383 Y132.587
G1 X68.472 Y132.524
G1 X68.787 Y133.474
G1 X68.472 Y132.524
G1 X68.558 Y131.709
G1 X68.816 Y131.626
G1 X69.099 Y131.710
G1 X69.489 Y132.052
G1 X69.622 Y132.317
G0 Z5.000 F500.000
G0 X72.221 Y133.454 F3000.000
G1 Z1.000 F500.000
G4 P100
G1 X71.880 Y132.595 F1000.000
G1 X71.174 Y132.221
G1 X71.237 Y132.270
G1 X71.069 Y132.280
G1 X71.027 Y132.584
G1 X70.900 Y132.747
G1 X70.580 Y132.797
G1 X70.195 Y132.646
G1 X69.807 Y133.032
G1 X69.896 Y133.373
G1 X70.049 Y133.508
G1 X69.885 Y133.346
G1 X69.760 Y132.604
G1 X69.823 Y132.503
G1 X70.195 Y132.646
G1 X69.776 Y132.530
G1 X69.712 Y132.179
G1 X69.816 Y131.875
G1 X70.151 Y131.631
G1 X70.614 Y131.641
G1 X70.943 Y131.853
G1 X71.174 Y132.221
G1 X71.880 Y132.595
G1 X72.020 Y131.819
G1 X72.332 Y131.611
G1 X72.777 Y131.823
G1 X73.132 Y132.319
G0 Z5.000 F500.000
G0 X73.178 Y132.209 F3000.000
G1 Z1.000 F500.000
G4 P100
G1 X73.864 Y132.407 F1000.000
G1 X74.245 Y132.746
G1 X74.316 Y133.015
G1 X74.257 Y133.261
G1 X74.099 Y133.406
G1 X73.849 Y133.451
G1 X73.436 Y133.268
G1 X73.165 Y132.815
G1 X73.122 Y132.359
G1 X73.201 Y131.993
G1 X73.348 Y131.787
G1 X73.755 Y131.603
G1 X74.276 Y131.641
G1 X74.855 Y131.963
G1 X75.097 Y132.317
G0 Z5.000 F500.000
G0 X56.352 Y122.742 F3000.000
G1 Z1.000 F500.000
G4 P100
G1 X56.417 Y123.087 F1000.000
G1 X56.262 Y123.308
G1 X55.810 Y123.282
G1 X55.526 Y123.015
G1 X55.335 Y122.237
G1 X55.429 Y121.849
G1 X55.634 Y121.616
G1 X56.019 Y121.517
G1 X56.548 Y121.617
G1 X57.008 Y121.936
G1 X57.177 Y122.254
G0 Z5.000 F500.000
G0 X58.580 Y122.452 F3000.000
G1 Z1.000 F500.000
G4 P100
G1 X58.396 Y121.861 F1000.000
G1 X58.038 Y121.551
G1 X57.561 Y121.561
G1 X57.222 Y121.929
G1 X57.156 Y122.361
G1 X57.240 Y122.811
G1 X57.449 Y123.135
G1 X57.755 Y123.315
G1 X58.017 Y123.334
G1 X58.228 Y123.226
G1 X58.580 Y122.452
G1 X58.978 Y122.444
G1 X59.386 Y122.564
G0 Z5.000 F500.000
G0 X59.468 Y122.112 F3000.000
G1 Z1.000 F500.000
G4 P100
G1 X60.154 Y122.310 F1000.000
G1 X60.535 Y122.649
G1 X60.606 Y122.918
G1 X60.547 Y123.164
G1 X60.389 Y123.309
G1 X60.139 Y123.354
G1 X59.726 Y123.171
G1 X59.455 Y122.718
G1 X59.412 Y122.262
G1 X59.491 Y121.896
G1 X59.638 Y121.690
G1 X60.045 Y121.506
G1 X60.566 Y121.544
G1 X61.145 Y121.866
G1 X61.387 Y122.220
G0 Z5.000 F500.000
G0 X62.341 Y120.982 F3000.000
G1 Z1.000 F500.000
G4 P100
G1 X62.337 Y120.565 F1000.000
G1 X61.960 Y119.568
G1 X61.650 Y119.268
G1 X61.290 Y119.291
G1 X61.135 Y119.620
G1 X61.296 Y120.130
G1 X61.961 Y120.865
G1 X62.341 Y120.982
G1 X62.600 Y121.541
G1 X62.492 Y121.763
G1 X62.765 Y123.109
G1 X62.326 Y123.371
G1 X62.004 Y123.248
G1 X61.716 Y122.992
G1 X61.480 Y122.581
G1 X61.386 Y122.109
G1 X61.441 Y121.758
G1 X61.655 Y121.538
G1 X61.931 Y121.521
G1 X62.492 Y121.763
G1 X62.602 Y121.548
G1 X62.848 Y121.571
G1 X63.654 Y122.159
G0 Z5.000 F500.000
G0 X64.199 Y123.433 F3000.000
G1 Z1.000 F500.000
G4 P100
G1 X64.020 Y123.229 F1000.000
G1 X63.848 Y122.352
G1 X63.855 Y121.907
G1 X64.011 Y121.640
G1 X64.277 Y121.695
G1 X64.600 Y122.077
G1 X64.887 Y122.198
G1 X65.161 Y123.231
G1 X65.285 Y123.401
G1 X65.161 Y123.231
G1 X64.887 Y122.198
G1 X65.030 Y121.628
G1 X65.262 Y121.531
G1 X65.562 Y121.606
G1 X65.962 Y121.958
G1 X66.091 Y122.217
G0 Z5.000 F500.000
G0 X66.477 Y123.428 F3000.000
G1 Z1.000 F500.000
G4 P100
G1 X66.326 Y123.273 F1000.000
G1 X66.214 Y122.797
G1 X66.179 Y121.492
G1 X66.146 Y122.139
G1 X66.228 Y122.490
G1 X67.317 Y122.427
G1 X67.632 Y123.377
G1 X67.317 Y122.427
G1 X67.403 Y121.612
G1 X67.661 Y121.529
G1 X67.944 Y121.613
G1 X68.334 Y121.955
G1 X68.467 Y122.220
G0 Z5.000 F500.000
G0 X68.513 Y122.112 F3000.000
G1 Z1.000 F500.000
G4 P100
G1 X69.199 Y122.310 F1000.000
G1 X69.580 Y122.649
G1 X69.651 Y122.918
G1 X69.592 Y123.164
G1 X69.434 Y123.309
G1 X69.184 Y123.354
G1 X68.771 Y123.171
G1 X68.500 Y122.718
G1 X68.457 Y122.262
G1 X68.536 Y121.896
G1 X68.683 Y121.690
G1 X69.090 Y121.506
G1 X69.611 Y121.544
G1 X70.190 Y121.866
G1 X70.432 Y122.220
G0 Z5.000 F500.000
G0 X70.817 Y123.428 F3000.000
G1 Z1.000 F500.000
G4 P100
G1 X70.666 Y123.273 F1000.000
G1 X70.554 Y122.797
G1 X70.519 Y121.492
G1 X70.486 Y122.139
G1 X70.568 Y122.490
G1 X71.657 Y122.427
G1 X71.972 Y123.377
G1 X71.657 Y122.427
G1 X71.743 Y121.612
G1 X72.001 Y121.529
G1 X72.284 Y121.613
G1 X72.674 Y121.955
G1 X72.807 Y122.220
G0 Z5.000 F500.000
G0 X73.224 Y123.433 F3000.000
G1 Z1.000 F500.000
G4 P100
G1 X73.043 Y123.222 F1000.000
G1 X72.866 Y122.279
G1 X72.893 Y121.858
G1 X73.068 Y121.625
G1 X73.314 Y121.703
G1 X73.625 Y122.077
G1 X73.912 Y122.198
G1 X74.186 Y123.231
G1 X74.310 Y123.401
G1 X74.186 Y123.231
G1 X73.912 Y122.198
G1 X74.010 Y121.719
G1 X74.143 Y121.555
G1 X74.426 Y121.542
G1 X74.704 Y121.683
G1 X75.039 Y122.028
G1 X75.064 Y122.276
G1 X74.945 Y121.897
G1 X75.162 Y121.568
G1 X75.590 Y121.521
G1 X76.022 Y121.757
G1 X76.265 Y122.030
G1 X76.320 Y122.261
G1 X75.805 Y122.452
G1 X75.661 Y122.882
G1 X75.790 Y123.218
G1 X76.124 Y123.388
G1 X76.904 Y123.262
G1 X76.679 Y122.388
G1 X76.320 Y122.261
G1 X76.679 Y122.388
G1 X76.747 Y121.785
G1 X76.862 Y121.563
G1 X77.098 Y121.534
G1 X77.359 Y121.643
G1 X77.707 Y121.966
G1 X77.834 Y122.227
G0 Z5.000 F500.000
G0 X56.947 Y115.414 F3000.000
G1 Z1.000 F500.000
G4 P100
G1 X55.952 Y115.111 F1000.000
G1 X55.710 Y114.805
G1 X55.817 Y114.440
G1 X56.612 Y113.417
G1 X56.647 Y112.681
G1 X56.767 Y112.369
G1 X56.602 Y111.948
G1 X56.340 Y111.580
G1 X55.987 Y111.418
G1 X55.605 Y111.492
G1 X55.387 Y111.791
G1 X55.348 Y112.228
G1 X55.437 Y112.663
G1 X55.641 Y112.991
G1 X55.928 Y113.174
G1 X56.611 Y113.099
G1 X56.767 Y112.369
G1 X57.196 Y112.338
G1 X57.665 Y112.479
G0 Z5.000 F500.000
G0 X58.082 Y113.314 F3000.000
G1 Z1.000 F500.000
G4 P100
G1 X57.918 Y113.092 F1000.000
G1 X57.747 Y112.126
G1 X57.790 Y111.729
G1 X57.980 Y111.525
G1 X58.231 Y111.619
G1 X58.539 Y112.004
G1 X58.831 Y112.132
G1 X59.185 Y113.295
G1 X58.831 Y112.132
G1 X58.910 Y111.451
G1 X58.636 Y110.887
G1 X58.655 Y110.557
G1 X58.431 Y109.828
G1 X58.050 Y109.231
G1 X57.815 Y109.139
G1 X57.583 Y109.195
G1 X57.448 Y109.379
G1 X57.442 Y109.664
G1 X57.774 Y110.298
G1 X58.301 Y110.806
G1 X58.636 Y110.887
G1 X58.910 Y111.451
G1 X59.286 Y111.537
G1 X59.959 Y112.062
G0 Z5.000 F500.000
G0 X61.773 Y112.626 F3000.000
G1 Z1.000 F500.000
G4 P100
G1 X61.863 Y112.919 F1000.000
G1 X61.749 Y113.180
G1 X61.480 Y113.256
G1 X61.191 Y113.148
G1 X60.896 Y112.743
G1 X60.748 Y112.081
G1 X60.245 Y111.893
G1 X60.211 Y111.468
G1 X60.183 Y112.595
G1 X60.312 Y113.157
G1 X60.489 Y113.346
G1 X60.315 Y113.164
G1 X60.192 Y112.653
G1 X60.147 Y112.188
G1 X60.245 Y111.893
G1 X60.748 Y112.081
G1 X61.102 Y111.552
G1 X61.611 Y111.410
G1 X62.060 Y111.635
G1 X62.413 Y112.125
G0 Z5.000 F500.000
G0 X63.935 Y112.355 F3000.000
G1 Z1.000 F500.000
G4 P100
G1 X63.619 Y113.097 F1000.000
G1 X63.224 Y113.337
G1 X63.256 Y113.566
G1 X63.685 Y114.373
G1 X63.820 Y114.934
G1 X63.755 Y115.458
G1 X63.627 Y115.593
G1 X63.447 Y115.618
G1 X63.234 Y115.513
G1 X63.052 Y115.266
G1 X62.704 Y114.243
G1 X62.552 Y113.289
G1 X62.587 Y112.914
G1 X62.895 Y112.998
G1 X63.237 Y113.280
G1 X62.895 Y112.998
G1 X62.587 Y112.914
G1 X62.518 Y112.328
G1 X62.612 Y111.810
G1 X62.907 Y111.471
G1 X63.342 Y111.436
G1 X63.737 Y111.746
G1 X63.935 Y112.355
G1 X64.731 Y112.455
G0 Z5.000 F500.000
G0 X66.519 Y113.336 F3000.000
G1 Z1.000 F500.000
G4 P100
G1 X66.340 Y113.132 F1000.000
G1 X66.168 Y112.255
G1 X66.175 Y111.810
G1 X66.331 Y111.543
G1 X66.597 Y111.598
G1 X66.920 Y111.980
G1 X67.207 Y112.101
G1 X67.481 Y113.134
G1 X67.605 Y113.304
G1 X67.481 Y113.134
G1 X67.207 Y112.101
G1 X67.350 Y111.531
G1 X67.582 Y111.434
G1 X67.882 Y111.509
G1 X68.282 Y111.861
G1 X68.411 Y112.120
G0 Z5.000 F500.000
G0 X55.282 Y102.099 F3000.000
G1 Z1.000 F500.000
G4 P100
G1 X55.147 Y101.833 F1000.000
G1 X55.193 Y101.487
G1 X55.381 Y101.341
G1 X55.654 Y101.375
G1 X55.914 Y101.654
G1 X56.282 Y102.680
G1 X56.598 Y103.097
G1 X56.519 Y102.949
G1 X56.695 Y102.636
G1 X56.718 Y102.003
G1 X56.889 Y101.696
G1 X56.860 Y101.323
G1 X56.889 Y101.696
G1 X57.126 Y101.918
G1 X57.524 Y102.804
G1 X57.784 Y103.001
G1 X57.958 Y102.736
G1 X57.916 Y101.787
G1 X58.054 Y101.381
G1 X58.315 Y101.329
G1 X58.574 Y101.434
G1 X58.901 Y101.767
G1 X59.008 Y102.053
G0 Z5.000 F500.000
G0 X59.414 Y103.239 F3000.000
G1 Z1.000 F500.000
G4 P100
G1 X59.235 Y103.035 F1000.000
G1 X59.063 Y102.158
G1 X59.070 Y101.713
G1 X59.226 Y101.446
G1 X59.492 Y101.501
G1 X59.815 Y101.883
G1 X60.102 Y102.004
G1 X60.376 Y103.037
G1 X60.500 Y103.207
G1 X60.376 Y103.037
G1 X60.102 Y102.004
G1 X60.245 Y101.434
G1 X60.477 Y101.337
G1 X60.777 Y101.412
G1 X61.177 Y101.764
G1 X61.306 Y102.023
G0 Z5.000 F500.000
G0 X61.692 Y103.234 F3000.000
G1 Z1.000 F500.000
G4 P100
G1 X61.541 Y103.079 F1000.000
G1 X61.429 Y102.603
G1 X61.394 Y101.298
G1 X61.361 Y101.945
G1 X61.443 Y102.296
G1 X62.532 Y102.233
G1 X62.847 Y103.183
G1 X62.532 Y102.233
G1 X62.618 Y101.418
G1 X62.876 Y101.335
G1 X63.159 Y101.419
G1 X63.549 Y101.761
G1 X63.682 Y102.026
G0 Z5.000 F500.000
G0 X64.099 Y103.239 F3000.000
G1 Z1.000 F500.000
G4 P100
G1 X63.920 Y103.035 F1000.000
G1 X63.748 Y102.158
G1 X63.755 Y101.713
G1 X63.911 Y101.446
G1 X64.177 Y101.501
G1 X64.500 Y101.883
G1 X64.787 Y102.004
G1 X65.061 Y103.037
G1 X65.185 Y103.207
G1 X65.061 Y103.037
G1 X64.787 Y102.004
G1 X64.930 Y101.434
G1 X65.162 Y101.337
G1 X65.462 Y101.412
G1 X65.862 Y101.764
G1 X65.991 Y102.023
G0 Z5.000 F500.000
G0 X65.947 Y102.099 F3000.000
G1 Z1.000 F500.000
G4 P100
G1 X65.812 Y101.833 F1000.000
G1 X65.858 Y101.487
G1 X66.046 Y101.341
G1 X66.319 Y101.375
G1 X66.579 Y101.654
G1 X66.947 Y102.680
G1 X67.263 Y103.097
G1 X67.184 Y102.949
G1 X67.360 Y102.636
G1 X67.383 Y102.003
G1 X67.554 Y101.696
G1 X67.525 Y101.323
G1 X67.554 Y101.696
G1 X67.791 Y101.918
G1 X68.189 Y102.804
G1 X68.449 Y103.001
G1 X68.623 Y102.736
G1 X68.581 Y101.787
G1 X68.719 Y101.381
G1 X68.980 Y101.329
G1 X69.239 Y101.434
G1 X69.566 Y101.767
G1 X69.673 Y102.053
G0 Z5.000 F500.000
G0 X70.052 Y103.217 F3000.000
G1 Z1.000 F500.000
G4 P100
G1 X69.888 Y102.995 F1000.000
G1 X69.717 Y102.029
G1 X69.760 Y101.632
G1 X69.950 Y101.428
G1 X70.201 Y101.522
G1 X70.509 Y101.907
G1 X70.801 Y102.035
G1 X71.155 Y103.198
G1 X70.801 Y102.035
G1 X70.880 Y101.354
G1 X70.606 Y100.790
G1 X70.625 Y100.460
G1 X70.401 Y99.731
G1 X70.020 Y99.134
G1 X69.785 Y99.042
G1 X69.553 Y99.098
G1 X69.418 Y99.282
G1 X69.412 Y99.567
G1 X69.744 Y100.201
G1 X70.271 Y100.709
G1 X70.606 Y100.790
G1 X70.880 Y101.354
G1 X71.256 Y101.440
G1 X71.929 Y101.965
G0 Z5.000 F500.000
G0 X72.012 Y102.099 F3000.000
G1 Z1.000 F500.000
G4 P100
G1 X71.877 Y101.833 F1000.000
G1 X71.923 Y101.487
G1 X72.111 Y101.341
G1 X72.384 Y101.375
G1 X72.644 Y101.654
G1 X73.012 Y102.680
G1 X73.328 Y103.097
G1 X73.249 Y102.949
G1 X73.425 Y102.636
G1 X73.448 Y102.003
G1 X73.619 Y101.696
G1 X73.590 Y101.323
G1 X73.619 Y101.696
G1 X73.856 Y101.918
G1 X74.254 Y102.804
G1 X74.514 Y103.001
G1 X74.688 Y102.736
G1 X74.646 Y101.787
G1 X74.784 Y101.381
G1 X75.045 Y101.329
G1 X75.304 Y101.434
G1 X75.631 Y101.767
G1 X75.738 Y102.053
G0 Z5.000 F500.000
G0 X55.729 Y93.152 F3000.000
G1 Z1.000 F500.000
G4 P100
G1 X55.552 Y92.962 F1000.000
G1 X55.415 Y92.347
G1 X55.495 Y91.775
G1 X55.448 Y91.267
G1 X55.495 Y91.775
G1 X55.798 Y91.973
G1 X56.219 Y92.680
G1 X56.514 Y92.845
G1 X56.739 Y92.800
G1 X56.644 Y91.527
G1 X56.720 Y91.325
G1 X56.913 Y91.244
G1 X57.342 Y91.354
G1 X57.696 Y91.692
G1 X57.906 Y92.091
G1 X58.589 Y92.394
G1 X59.050 Y92.388
G1 X59.187 Y92.305
G1 X59.163 Y91.881
G1 X58.965 Y91.469
G1 X58.692 Y91.265
G1 X58.353 Y91.223
G1 X58.059 Y91.360
G1 X57.862 Y91.638
G1 X57.796 Y92.055
G1 X57.875 Y92.507
G1 X58.074 Y92.829
G1 X58.374 Y93.017
G1 X58.642 Y93.045
G1 X58.862 Y92.940
G1 X59.220 Y92.161
G1 X59.618 Y92.153
G1 X60.026 Y92.273
G0 Z5.000 F500.000
G0 X61.016 Y90.691 F3000.000
G1 Z1.000 F500.000
G4 P100
G1 X61.012 Y90.274 F1000.000
G1 X60.635 Y89.277
G1 X60.325 Y88.977
G1 X59.965 Y89.000
G1 X59.810 Y89.329
G1 X59.971 Y89.839
G1 X60.636 Y90.574
G1 X61.016 Y90.691
G1 X61.275 Y91.250
G1 X61.167 Y91.472
G1 X61.440 Y92.818
G1 X61.001 Y93.080
G1 X60.679 Y92.957
G1 X60.391 Y92.701
G1 X60.155 Y92.290
G1 X60.061 Y91.818
G1 X60.116 Y91.467
G1 X60.330 Y91.247
G1 X60.606 Y91.230
G1 X61.167 Y91.472
G1 X61.277 Y91.257
G1 X61.523 Y91.280
G1 X62.329 Y91.868
G0 Z5.000 F500.000
G0 X63.963 Y91.401 F3000.000
G1 Z1.000 F500.000
G4 P100
G1 X64.094 Y91.924 F1000.000
G1 X63.971 Y92.278
G1 X63.623 Y92.420
G1 X63.211 Y92.295
G1 X62.874 Y92.632
G1 X63.008 Y92.959
G1 X63.423 Y93.115
G1 X63.008 Y92.959
G1 X62.425 Y93.169
G1 X63.008 Y92.959
G1 X62.772 Y92.448
G1 X62.771 Y92.200
G1 X63.211 Y92.295
G1 X62.761 Y92.195
G1 X62.690 Y91.999
G1 X62.717 Y91.594
G1 X62.993 Y91.283
G1 X63.351 Y91.207
G1 X63.963 Y91.401
G1 X64.171 Y91.245
G1 X64.498 Y91.263
G1 X64.918 Y91.549
G1 X65.166 Y91.926
G0 Z5.000 F500.000
G0 X65.213 Y91.821 F3000.000
G1 Z1.000 F500.000
G4 P100
G1 X65.899 Y92.019 F1000.000
G1 X66.280 Y92.358
G1 X66.351 Y92.627
G1 X66.292 Y92.873
G1 X66.134 Y93.018
G1 X65.884 Y93.063
G1 X65.471 Y92.880
G1 X65.200 Y92.427
G1 X65.157 Y91.971
G1 X65.236 Y91.605
G1 X65.383 Y91.399
G1 X65.790 Y91.215
G1 X66.311 Y91.253
G1 X66.890 Y91.575
G1 X67.132 Y91.929
G0 Z5.000 F500.000
G0 X67.087 Y92.002 F3000.000
G1 Z1.000 F500.000
G4 P100
G1 X66.952 Y91.736 F1000.000
G1 X66.998 Y91.390
G1 X67.186 Y91.244
G1 X67.459 Y91.278
G1 X67.719 Y91.557
G1 X68.087 Y92.583
G1 X68.403 Y93.000
G1 X68.324 Y92.852
G1 X68.500 Y92.539
G1 X68.523 Y91.906
G1 X68.694 Y91.599
G1 X68.665 Y91.226
G1 X68.694 Y91.599
G1 X68.931 Y91.821
G1 X69.302 Y92.663
G1 X69.638 Y92.910
G1 X69.768 Y92.602
G1 X69.739 Y91.546
G1 X69.815 Y91.332
G1 X69.950 Y91.243
G1 X70.219 Y91.254
G1 X70.477 Y91.416
G1 X70.739 Y91.719
G1 X70.898 Y92.117
G1 X71.075 Y92.250
G1 X71.826 Y92.423
G1 X72.181 Y92.305
G1 X72.180 Y91.974
G1 X72.016 Y91.545
G1 X71.779 Y91.311
G1 X71.472 Y91.217
G1 X71.032 Y91.379
G1 X70.808 Y91.822
G1 X70.860 Y92.479
G1 X71.186 Y92.927
G1 X71.527 Y93.049
G1 X71.819 Y92.973
G1 X72.215 Y92.161
G1 X72.613 Y92.153
G1 X73.021 Y92.273
G0 Z5.000 F500.000
G0 X74.580 Y92.161 F3000.000
G1 Z1.000 F500.000
G4 P100
G1 X74.264 Y92.903 F1000.000
G1 X73.869 Y93.143
G1 X73.901 Y93.372
G1 X74.330 Y94.179
G1 X74.465 Y94.740
G1 X74.400 Y95.264
G1 X74.272 Y95.399
G1 X74.092 Y95.424
G1 X73.879 Y95.319
G1 X73.697 Y95.072
G1 X73.349 Y94.049
G1 X73.197 Y93.095
G1 X73.232 Y92.720
G1 X73.540 Y92.804
G1 X73.882 Y93.086
G1 X73.540 Y92.804
G1 X73.232 Y92.720
G1 X73.163 Y92.134
G1 X73.257 Y91.616
G1 X73.552 Y91.277
G1 X73.987 Y91.242
G1 X74.382 Y91.552
G1 X74.580 Y92.161
G1 X75.376 Y92.261
G0 Z5.000 F500.000
G0 X66.573 Y93.992 F3000.000
G1 Z1.000 F500.000
G4 P100
G1 X66.590 Y94.058 F1000.000
G0 Z5.000 F500.000
G0 X65.550 Y94.058 F3000.000
G1 Z1.000 F500.000
G4 P100
G1 X65.545 Y94.006 F1000.000
G0 Z5.000 F500.000
G0 X55.729 Y83.055 F3000.000
G1 Z1.000 F500.000
G4 P100
G1 X55.552 Y82.865 F1000.000
G1 X55.415 Y82.250
G1 X55.495 Y81.678
G1 X55.448 Y81.170
G1 X55.495 Y81.678
G1 X55.774 Y81.848
G1 X56.157 Y82.511
G1 X56.479 Y82.739
G1 X56.692 Y82.763
G1 X56.746 Y82.673
G1 X56.639 Y81.526
G1 X56.748 Y81.205
G1 X57.023 Y81.141
G1 X57.299 Y81.230
G1 X57.669 Y81.561
G1 X57.807 Y81.832
G0 Z5.000 F500.000
G0 X57.853 Y81.724 F3000.000
G1 Z1.000 F500.000
G4 P100
G1 X58.539 Y81.922 F1000.000
G1 X58.920 Y82.261
G1 X58.991 Y82.530
G1 X58.932 Y82.776
G1 X58.774 Y82.921
G1 X58.524 Y82.966
G1 X58.111 Y82.783
G1 X57.840 Y82.330
G1 X57.797 Y81.874
G1 X57.876 Y81.508
G1 X58.023 Y81.302
G1 X58.430 Y81.118
G1 X58.951 Y81.156
G1 X59.530 Y81.478
G1 X59.772 Y81.832
G0 Z5.000 F500.000
G0 X60.855 Y81.373 F3000.000
G1 Z1.000 F500.000
G4 P100
G1 X61.168 Y82.140 F1000.000
G1 X61.113 Y82.761
G1 X60.939 Y82.923
G1 X60.710 Y82.952
G1 X59.969 Y82.601
G1 X59.930 Y82.940
G1 X59.912 Y81.864
G1 X59.813 Y81.461
G1 X59.952 Y81.109
G1 X59.740 Y79.627
G1 X59.489 Y78.962
G1 X59.294 Y78.846
G1 X59.081 Y78.884
G1 X58.921 Y79.218
G1 X58.954 Y79.808
G1 X59.184 Y80.625
G1 X59.518 Y81.320
G1 X59.813 Y81.461
G1 X59.952 Y81.109
G1 X60.045 Y81.096
G1 X60.400 Y81.133
G1 X60.855 Y81.373
G1 X61.104 Y81.161
G1 X61.430 Y81.146
G1 X61.882 Y81.404
G1 X62.181 Y81.844
G0 Z5.000 F500.000
G0 X63.346 Y81.568 F3000.000
G1 Z1.000 F500.000
G4 P100
G1 X63.561 Y82.747 F1000.000
G1 X63.065 Y82.972
G1 X62.611 Y82.717
G1 X62.284 Y82.228
G1 X62.178 Y81.599
G1 X62.357 Y81.204
G1 X62.781 Y81.143
G1 X63.346 Y81.568
G1 X63.575 Y81.196
G1 X63.866 Y81.151
G1 X64.292 Y81.454
G1 X64.527 Y81.834
G0 Z5.000 F500.000
G0 X64.629 Y81.307 F3000.000
G1 Z1.000 F500.000
G4 P100
G1 X64.665 Y81.343 F1000.000
G0 Z5.000 F500.000
G0 X86.346 Y132.824 F3000.000
G1 Z1.000 F500.000
G4 P100
G1 X86.427 Y133.150 F1000.000
G1 X86.266 Y133.406
G1 X85.931 Y133.434
G1 X85.603 Y133.233
G1 X85.313 Y132.575
G1 X85.320 Y132.189
G1 X85.439 Y131.884
G1 X85.762 Y131.643
G1 X86.210 Y131.620
G1 X86.592 Y131.825
G1 X86.790 Y132.185
G0 Z5.000 F500.000
G0 X87.571 Y133.530 F3000.000
G1 Z1.000 F500.000
G4 P100
G1 X87.408 Y133.366 F1000.000
G1 X87.281 Y132.855
G1 X87.256 Y131.901
G1 X87.382 Y131.734
G1 X87.551 Y131.744
G1 X87.987 Y132.190
G1 X88.315 Y132.304
G1 X88.359 Y131.665
G1 X88.315 Y132.304
G1 X88.640 Y133.474
G0 Z5.000 F500.000
G0 X89.849 Y133.525 F3000.000
G1 Z1.000 F500.000
G4 P100
G1 X89.699 Y133.369 F1000.000
G1 X89.543 Y132.686
G1 X89.629 Y132.165
G1 X89.585 Y131.638
G1 X89.629 Y132.165
G1 X89.923 Y132.349
G1 X90.455 Y133.150
G1 X90.823 Y133.247
G1 X90.911 Y133.357
G1 X90.823 Y133.247
G1 X91.011 Y132.641
G1 X90.965 Y132.549
G1 X91.216 Y132.729
G0 Z5.000 F500.000
G0 X91.836 Y133.435 F3000.000
G1 Z1.000 F500.000
G4 P100
G1 X91.865 Y131.965 F1000.000
G1 X91.951 Y131.726
G1 X92.097 Y131.657
G1 X92.420 Y131.852
G1 X93.252 Y133.447
G1 X93.381 Y133.469
G1 X93.475 Y133.358
G1 X93.760 Y132.413
G1 X94.027 Y132.214
G1 X94.629 Y132.367
G1 X95.009 Y132.623
G1 X95.168 Y133.000
G1 X95.042 Y133.346
G1 X94.598 Y133.436
G1 X94.185 Y133.153
G1 X93.974 Y132.613
G1 X94.038 Y132.018
G1 X94.357 Y131.665
G1 X94.902 Y131.607
G1 X95.295 Y131.804
G1 X95.586 Y132.309
G1 X95.714 Y132.356
G1 X96.078 Y132.231
G1 X96.700 Y131.696
G1 X97.102 Y131.069
G1 X97.118 Y130.746
G1 X96.738 Y129.680
G1 X96.515 Y129.421
G1 X96.256 Y129.332
G1 X95.941 Y129.508
G1 X95.939 Y129.972
G1 X96.462 Y130.731
G1 X96.802 Y131.019
G1 X97.102 Y131.069
G1 X97.194 Y131.219
G1 X97.497 Y133.329
G1 X97.603 Y133.469
G0 Z5.000 F500.000
G0 X98.828 Y133.249 F3000.000
G1 Z1.000 F500.000
G4 P100
G1 X99.062 Y133.378 F1000.000
G1 X99.416 Y133.403
G1 X99.649 Y133.304
G1 X99.811 Y133.073
G1 X99.898 Y132.630
G1 X99.836 Y132.205
G1 X99.686 Y131.874
G1 X99.457 Y131.687
G1 X98.946 Y131.657
G1 X98.635 Y131.965
G1 X98.561 Y132.582
G1 X98.655 Y132.981
G1 X98.828 Y133.249
G0 Z5.000 F500.000
G0 X100.744 Y131.604 F3000.000
G1 Z1.000 F500.000
G4 P100
G1 X101.047 Y133.311 F1000.000
G1 X101.145 Y133.449
G0 Z5.000 F500.000
G0 X102.402 Y133.518 F3000.000
G1 Z1.000 F500.000
G4 P100
G1 X102.239 Y133.264 F1000.000
G1 X102.126 Y132.742
G1 X102.153 Y131.643
G1 X102.160 Y132.165
G1 X102.532 Y132.393
G1 X102.909 Y133.056
G1 X103.471 Y133.247
G1 X103.493 Y133.342
G1 X103.359 Y131.679
G0 Z5.000 F500.000
G0 X97.542 Y134.402 F3000.000
G1 Z1.000 F500.000
G4 P100
G1 X97.676 Y134.424 F1000.000
G0 Z5.000 F500.000
G0 X101.196 Y134.402 F3000.000
G1 Z1.000 F500.000
G4 P100
G1 X101.330 Y134.424 F1000.000
G0 Z5.000 F500.000
G0 X85.067 Y123.360 F3000.000
G1 Z1.000 F500.000
G4 P100
G1 X85.539 Y123.328 F1000.000
G1 X85.672 Y123.440
G1 X85.694 Y123.984
G1 X85.977 Y124.906
G1 X86.250 Y125.300
G1 X86.573 Y125.375
G1 X86.749 Y125.122
G1 X86.732 Y124.606
G1 X86.111 Y123.443
G1 X86.462 Y123.372
G1 X86.883 Y123.453
G1 X86.462 Y123.372
G1 X85.672 Y123.440
G1 X85.584 Y123.345
G1 X85.593 Y122.309
G1 X85.767 Y121.748
G1 X86.037 Y121.547
G1 X86.405 Y121.544
G1 X86.985 Y122.010
G1 X88.173 Y122.408
G1 X88.415 Y122.695
G1 X88.450 Y123.042
G1 X88.290 Y123.285
G1 X87.966 Y123.352
G1 X87.593 Y123.180
G1 X87.332 Y122.779
G1 X87.261 Y122.325
G1 X87.398 Y121.783
G1 X87.733 Y121.535
G1 X88.204 Y121.511
G1 X88.590 Y121.707
G1 X88.806 Y122.073
G0 Z5.000 F500.000
G0 X88.896 Y121.719 F3000.000
G1 Z1.000 F500.000
G4 P100
G1 X89.574 Y122.651 F1000.000
G1 X89.814 Y122.825
G1 X89.929 Y123.304
G1 X90.095 Y123.460
G1 X89.929 Y123.304
G1 X89.814 Y122.825
G1 X90.284 Y122.202
G1 X90.364 Y121.802
G1 X90.142 Y121.510
G1 X89.734 Y121.512
G0 Z5.000 F500.000
G0 X91.132 Y123.360 F3000.000
G1 Z1.000 F500.000
G4 P100
G1 X91.604 Y123.328 F1000.000
G1 X91.737 Y123.440
G1 X91.768 Y124.027
G1 X92.074 Y124.972
G1 X92.369 Y125.337
G1 X92.701 Y125.340
G1 X92.828 Y125.027
G1 X92.785 Y124.557
G1 X92.176 Y123.443
G1 X92.527 Y123.372
G1 X92.948 Y123.453
G1 X92.527 Y123.372
G1 X91.737 Y123.440
G1 X91.649 Y123.345
G1 X91.639 Y122.571
G1 X91.731 Y121.959
G1 X91.964 Y121.614
G1 X92.428 Y121.534
G1 X92.799 Y121.780
G0 Z5.000 F500.000
G0 X94.719 Y123.672 F3000.000
G1 Z1.000 F500.000
G4 P100
G1 X95.391 Y123.821 F1000.000
G1 X95.477 Y123.686
G1 X95.173 Y121.600
G0 Z5.000 F500.000
G0 X96.822 Y123.118 F3000.000
G1 Z1.000 F500.000
G4 P100
G1 X96.863 Y123.157 F1000.000
G0 Z5.000 F500.000
G0 X96.687 Y121.731 F3000.000
G1 Z1.000 F500.000
G4 P100
G1 X96.651 Y121.695 F1000.000
G0 Z5.000 F500.000
G0 X85.716 Y113.346 F3000.000
G1 Z1.000 F500.000
G4 P100
G1 X85.540 Y113.156 F1000.000
G1 X85.404 Y112.543
G1 X85.435 Y111.461
G1 X85.479 Y111.979
G1 X85.778 Y112.171
G1 X86.059 Y112.724
G1 X86.283 Y112.962
G1 X86.583 Y113.056
G1 X86.673 Y112.994
G1 X86.660 Y112.276
G1 X86.744 Y112.005
G1 X86.673 Y111.446
G1 X86.744 Y112.005
G1 X87.040 Y112.200
G1 X87.478 Y112.905
G1 X87.911 Y113.054
G1 X88.001 Y112.706
G1 X87.884 Y111.468
G1 X87.941 Y111.327
G1 X88.305 Y111.247
G1 X89.030 Y111.440
G1 X89.196 Y112.678
G1 X89.380 Y113.255
G0 Z5.000 F500.000
G0 X90.637 Y113.324 F3000.000
G1 Z1.000 F500.000
G4 P100
G1 X90.474 Y113.070 F1000.000
G1 X90.361 Y112.548
G1 X90.388 Y111.449
G1 X90.395 Y111.971
G1 X90.767 Y112.199
G1 X91.144 Y112.862
G1 X91.706 Y113.053
G1 X91.728 Y113.148
G1 X91.583 Y111.517
G1 X91.690 Y111.348
G1 X92.057 Y111.262
G1 X92.740 Y111.440
G1 X92.906 Y112.678
G1 X93.090 Y113.255
G0 Z5.000 F500.000
G0 X94.376 Y113.346 F3000.000
G1 Z1.000 F500.000
G4 P100
G1 X94.200 Y113.156 F1000.000
G1 X94.064 Y112.543
G1 X94.095 Y111.461
G1 X94.139 Y111.979
G1 X94.442 Y112.177
G1 X94.852 Y112.889
G1 X95.258 Y113.057
G1 X95.361 Y112.835
G1 X95.319 Y112.291
G1 X95.404 Y112.005
G1 X95.333 Y111.446
G1 X95.404 Y112.005
G1 X95.700 Y112.200
G1 X96.149 Y112.914
G1 X96.607 Y113.039
G1 X96.660 Y112.670
G1 X96.544 Y111.468
G0 Z5.000 F500.000
G0 X98.111 Y113.336 F3000.000
G1 Z1.000 F500.000
G4 P100
G1 X97.948 Y113.172 F1000.000
G1 X97.821 Y112.661
G1 X97.796 Y111.707
G1 X97.922 Y111.540
G1 X98.091 Y111.550
G1 X98.527 Y111.996
G1 X98.855 Y112.110
G1 X98.899 Y111.471
G1 X98.855 Y112.110
G1 X99.180 Y113.280
G0 Z5.000 F500.000
G0 X100.406 Y113.346 F3000.000
G1 Z1.000 F500.000
G4 P100
G1 X100.230 Y113.156 F1000.000
G1 X100.094 Y112.543
G1 X100.125 Y111.461
G1 X100.169 Y111.979
G1 X100.472 Y112.177
G1 X100.882 Y112.889
G1 X101.288 Y113.057
G1 X101.391 Y112.835
G1 X101.349 Y112.291
G1 X101.434 Y112.005
G1 X101.363 Y111.446
G1 X101.434 Y112.005
G1 X101.730 Y112.200
G1 X102.179 Y112.914
G1 X102.637 Y113.039
G1 X102.690 Y112.670
G1 X102.574 Y111.468
G0 Z5.000 F500.000
G0 X105.246 Y112.892 F3000.000
G1 Z1.000 F500.000
G4 P100
G1 X105.509 Y112.950 F1000.000
G1 X105.901 Y113.224
G1 X106.211 Y113.216
G1 X106.443 Y112.921
G1 X106.438 Y112.393
G1 X106.199 Y111.848
G1 X105.791 Y111.478
G1 X105.229 Y111.400
G1 X105.090 Y111.752
G1 X104.705 Y111.497
G1 X104.366 Y110.639
G1 X104.201 Y109.896
G1 X104.229 Y109.365
G1 X104.452 Y109.137
G1 X104.646 Y109.160
G1 X104.807 Y109.306
G1 X105.034 Y109.998
G1 X105.229 Y111.400
G1 X105.090 Y111.752
G1 X105.246 Y112.892
G1 X105.184 Y113.183
G1 X105.261 Y113.295
G0 Z5.000 F500.000
G0 X107.497 Y112.020 F3000.000
G1 Z1.000 F500.000
G4 P100
G1 X108.172 Y112.206 F1000.000
G1 X108.560 Y112.540
G1 X108.637 Y112.791
G1 X108.592 Y113.041
G1 X108.453 Y113.195
G1 X108.222 Y113.258
G1 X107.824 Y113.129
G1 X107.531 Y112.743
G1 X107.434 Y112.257
G1 X107.557 Y111.711
G1 X107.887 Y111.445
G1 X108.364 Y111.411
G1 X108.765 Y111.610
G1 X108.981 Y111.976
G0 Z5.000 F500.000
G0 X109.792 Y113.324 F3000.000
G1 Z1.000 F500.000
G4 P100
G1 X109.629 Y113.070 F1000.000
G1 X109.516 Y112.548
G1 X109.543 Y111.449
G1 X109.550 Y111.971
G1 X109.922 Y112.199
G1 X110.299 Y112.862
G1 X110.861 Y113.053
G1 X110.883 Y113.148
G1 X110.749 Y111.485
G0 Z5.000 F500.000
G0 X89.431 Y114.208 F3000.000
G1 Z1.000 F500.000
G4 P100
G1 X89.565 Y114.230 F1000.000
G0 Z5.000 F500.000
G0 X93.141 Y114.208 F3000.000
G1 Z1.000 F500.000
G4 P100
G1 X93.275 Y114.230 F1000.000
G0 Z5.000 F500.000
G0 X85.506 Y102.326 F3000.000
G1 Z1.000 F500.000
G4 P100
G1 X85.782 Y102.439 F1000.000
G1 X85.975 Y102.681
G1 X86.417 Y103.566
G1 X86.666 Y104.346
G1 X86.730 Y104.934
G1 X86.657 Y105.342
G1 X86.452 Y105.520
G1 X86.164 Y105.437
G1 X85.847 Y104.925
G1 X85.552 Y103.900
G1 X85.409 Y102.753
G1 X85.506 Y102.326
G1 X85.458 Y101.918
G1 X85.604 Y101.552
G1 X85.826 Y101.370
G1 X86.256 Y101.354
G1 X86.573 Y101.594
G1 X86.889 Y101.313
G1 X87.243 Y103.129
G1 X87.468 Y103.202
G1 X88.240 Y102.865
G1 X88.614 Y102.843
G1 X88.890 Y103.011
G1 X89.336 Y103.619
G1 X89.646 Y104.258
G1 X89.777 Y104.857
G1 X89.723 Y105.341
G1 X89.475 Y105.525
G1 X89.188 Y105.395
G1 X88.917 Y104.963
G1 X88.411 Y103.237
G1 X88.439 Y102.826
G1 X88.272 Y102.079
G1 X88.270 Y100.960
G1 X88.370 Y100.074
G1 X88.557 Y99.764
G1 X88.863 Y99.823
G1 X89.033 Y100.195
G1 X88.916 Y102.068
G1 X89.027 Y102.171
G1 X89.816 Y102.226
G0 Z5.000 F500.000
G0 X89.782 Y103.166 F3000.000
G1 Z1.000 F500.000
G4 P100
G1 X90.254 Y103.134 F1000.000
G1 X90.387 Y103.246
G1 X90.416 Y103.826
G1 X90.717 Y104.765
G1 X91.007 Y105.136
G1 X91.340 Y105.154
G1 X91.477 Y104.848
G1 X91.437 Y104.370
G1 X90.826 Y103.249
G1 X91.177 Y103.178
G1 X91.598 Y103.259
G1 X91.177 Y103.178
G1 X90.387 Y103.246
G1 X90.299 Y103.151
G1 X90.366 Y101.814
G1 X90.532 Y101.491
G1 X90.801 Y101.340
G1 X91.183 Y101.370
G1 X91.449 Y101.586
G1 X91.646 Y101.525
G1 X92.324 Y102.457
G1 X92.564 Y102.631
G1 X92.679 Y103.110
G1 X92.845 Y103.266
G1 X92.679 Y103.110
G1 X92.564 Y102.631
G1 X93.034 Y102.008
G1 X93.114 Y101.608
G1 X92.892 Y101.316
G1 X92.484 Y101.318
G0 Z5.000 F500.000
G0 X96.608 Y101.677 F3000.000
G1 Z1.000 F500.000
G4 P100
G1 X96.832 Y102.923 F1000.000
G1 X96.397 Y103.175
G1 X96.015 Y103.018
G1 X95.694 Y102.678
G1 X95.497 Y102.224
G1 X95.460 Y101.744
G1 X95.557 Y101.471
G1 X95.749 Y101.330
G1 X95.993 Y101.341
G1 X96.303 Y101.601
G1 X96.608 Y101.677
G1 X96.645 Y101.381
G0 Z5.000 F500.000
G0 X98.177 Y103.227 F3000.000
G1 Z1.000 F500.000
G4 P100
G1 X98.014 Y102.973 F1000.000
G1 X97.901 Y102.451
G1 X97.928 Y101.352
G1 X97.935 Y101.874
G1 X98.307 Y102.102
G1 X98.684 Y102.765
G1 X99.246 Y102.956
G1 X99.268 Y103.051
G1 X99.134 Y101.388
G0 Z5.000 F500.000
G0 X101.536 Y103.122 F3000.000
G1 Z1.000 F500.000
G4 P100
G1 X101.917 Y105.136 F1000.000
G1 X102.106 Y105.444
G1 X102.446 Y105.475
G1 X102.601 Y105.129
G1 X102.572 Y104.495
G1 X102.037 Y102.893
G1 X101.572 Y102.614
G1 X101.461 Y102.805
G1 X101.495 Y103.166
G1 X101.025 Y103.108
G1 X100.707 Y102.903
G1 X100.458 Y102.570
G1 X100.332 Y102.182
G1 X100.309 Y101.804
G1 X100.470 Y101.403
G1 X100.684 Y101.322
G1 X101.005 Y101.395
G1 X101.577 Y101.740
G1 X101.763 Y101.305
G1 X101.576 Y101.747
G1 X101.572 Y102.614
G0 Z5.000 F500.000
G0 X87.341 Y104.111 F3000.000
G1 Z1.000 F500.000
G4 P100
G1 X87.475 Y104.133 F1000.000
G0 Z5.000 F500.000
G0 X84.966 Y91.428 F3000.000
G1 Z1.000 F500.000
G4 P100
G1 X85.644 Y92.360 F1000.000
G1 X85.884 Y92.534
G1 X85.999 Y93.013
G1 X86.165 Y93.169
G1 X85.999 Y93.013
G1 X85.884 Y92.534
G1 X86.354 Y91.911
G1 X86.434 Y91.511
G1 X86.212 Y91.219
G1 X85.804 Y91.221
G0 Z5.000 F500.000
G0 X87.202 Y93.069 F3000.000
G1 Z1.000 F500.000
G4 P100
G1 X87.674 Y93.037 F1000.000
G1 X87.807 Y93.149
G1 X87.838 Y93.736
G1 X88.144 Y94.681
G1 X88.439 Y95.046
G1 X88.771 Y95.049
G1 X88.898 Y94.736
G1 X88.855 Y94.266
G1 X88.246 Y93.152
G1 X88.597 Y93.081
G1 X89.018 Y93.162
G1 X88.597 Y93.081
G1 X87.807 Y93.149
G1 X87.719 Y93.054
G1 X87.709 Y92.280
G1 X87.801 Y91.668
G1 X88.034 Y91.323
G1 X88.498 Y91.243
G1 X88.869 Y91.489
G0 Z5.000 F500.000
G0 X90.568 Y91.580 F3000.000
G1 Z1.000 F500.000
G4 P100
G1 X90.792 Y92.826 F1000.000
G1 X90.357 Y93.078
G1 X89.975 Y92.921
G1 X89.654 Y92.581
G1 X89.457 Y92.127
G1 X89.420 Y91.647
G1 X89.517 Y91.374
G1 X89.709 Y91.233
G1 X89.953 Y91.244
G1 X90.263 Y91.504
G1 X90.568 Y91.580
G1 X90.605 Y91.284
G0 Z5.000 F500.000
G0 X91.939 Y92.725 F3000.000
G1 Z1.000 F500.000
G4 P100
G1 X92.243 Y92.802 F1000.000
G1 X92.593 Y93.064
G1 X92.906 Y92.965
G1 X93.112 Y92.764
G1 X93.236 Y92.398
G1 X93.217 Y91.947
G1 X93.077 Y91.571
G1 X92.831 Y91.315
G1 X92.461 Y91.224
G1 X92.118 Y91.371
G1 X91.925 Y91.718
G1 X91.870 Y92.258
G1 X91.950 Y93.468
G1 X92.197 Y94.567
G1 X92.517 Y95.247
G1 X92.889 Y95.425
G1 X93.132 Y95.208
G1 X93.167 Y94.702
G1 X93.014 Y94.123
G1 X92.594 Y93.338
G1 X92.593 Y93.064
G0 Z5.000 F500.000
G0 X94.321 Y92.229 F3000.000
G1 Z1.000 F500.000
G4 P100
G1 X94.573 Y92.325 F1000.000
G1 X94.752 Y92.521
G1 X95.412 Y93.979
G1 X95.536 Y94.997
G1 X95.440 Y95.304
G1 X95.252 Y95.425
G1 X95.002 Y95.357
G1 X94.794 Y95.106
G1 X94.394 Y93.932
G1 X94.222 Y92.590
G1 X94.321 Y92.229
G1 X94.271 Y91.835
G1 X94.388 Y91.505
G1 X94.661 Y91.265
G1 X95.057 Y91.253
G1 X95.296 Y91.375
G1 X95.635 Y91.763
G1 X96.665 Y92.126
G1 X96.898 Y92.411
G1 X96.930 Y92.751
G1 X96.777 Y92.990
G1 X96.453 Y93.061
G1 X96.078 Y92.894
G1 X95.814 Y92.495
G1 X95.740 Y92.041
G1 X95.874 Y91.498
G1 X96.206 Y91.246
G1 X96.677 Y91.219
G1 X97.070 Y91.416
G1 X97.286 Y91.782
G0 Z5.000 F500.000
G0 X85.489 Y82.628 F3000.000
G1 Z1.000 F500.000
G4 P100
G1 X85.793 Y82.705 F1000.000
G1 X86.143 Y82.967
G1 X86.456 Y82.868
G1 X86.662 Y82.667
G1 X86.786 Y82.301
G1 X86.767 Y81.850
G1 X86.627 Y81.474
G1 X86.381 Y81.218
G1 X86.011 Y81.127
G1 X85.668 Y81.274
G1 X85.475 Y81.621
G1 X85.420 Y82.161
G1 X85.500 Y83.371
G1 X85.747 Y84.470
G1 X86.067 Y85.150
G1 X86.439 Y85.328
G1 X86.682 Y85.111
G1 X86.717 Y84.605
G1 X86.564 Y84.026
G1 X86.144 Y83.241
G1 X86.143 Y82.967
G0 Z5.000 F500.000
G0 X88.833 Y81.483 F3000.000
G1 Z1.000 F500.000
G4 P100
G1 X89.053 Y82.742 F1000.000
G1 X88.666 Y82.984
G1 X88.198 Y82.793
G1 X87.923 Y82.490
G1 X87.744 Y82.108
G1 X87.676 Y81.674
G1 X87.752 Y81.327
G1 X87.913 Y81.161
G1 X88.133 Y81.124
G1 X88.535 Y81.411
G1 X88.833 Y81.483
G1 X88.937 Y81.075
G1 X89.107 Y81.055
G1 X89.681 Y81.331
G1 X90.359 Y82.263
G1 X90.599 Y82.437
G1 X90.714 Y82.916
G1 X90.880 Y83.072
G1 X90.714 Y82.916
G1 X90.599 Y82.437
G1 X91.069 Y81.814
G1 X91.149 Y81.414
G1 X90.927 Y81.122
G1 X90.519 Y81.124
G0 Z5.000 F500.000
G0 X92.207 Y81.729 F3000.000
G1 Z1.000 F500.000
G4 P100
G1 X92.915 Y81.932 F1000.000
G1 X93.294 Y82.294
G1 X93.347 Y82.574
G1 X93.256 Y82.824
G1 X93.048 Y82.951
G1 X92.771 Y82.950
G1 X92.347 Y82.644
G1 X92.148 Y82.069
G1 X92.253 Y81.446
G1 X92.625 Y81.145
G1 X92.995 Y81.109
G1 X93.334 Y81.215
G1 X93.933 Y81.985
G1 X94.690 Y82.335
G1 X95.243 Y83.399
G1 X95.518 Y84.361
G1 X95.478 Y85.135
G1 X95.335 Y85.303
G1 X95.113 Y85.316
G1 X94.887 Y85.150
G1 X94.679 Y84.772
G1 X94.310 Y83.382
G1 X94.223 Y82.530
G1 X94.321 Y82.132
G1 X94.265 Y81.789
G1 X94.488 Y81.275
G1 X94.963 Y81.137
G1 X95.232 Y81.231
G1 X95.388 Y81.400
G1 X95.747 Y81.137
G1 X95.926 Y82.416
G1 X96.105 Y82.964
G0 Z5.000 F500.000
G0 X97.362 Y83.033 F3000.000
G1 Z1.000 F500.000
G4 P100
G1 X97.199 Y82.779 F1000.000
G1 X97.086 Y82.257
G1 X97.113 Y81.158
G1 X97.120 Y81.680
G1 X97.492 Y81.908
G1 X97.869 Y82.571
G1 X98.431 Y82.762
G1 X98.453 Y82.857
G1 X98.306 Y81.248
G1 X98.403 Y81.090
G1 X99.317 Y81.656
G1 X100.107 Y81.879
G1 X100.494 Y82.138
G1 X100.645 Y82.441
G1 X100.604 Y82.757
G1 X100.402 Y82.935
G1 X100.083 Y82.951
G1 X99.731 Y82.741
G1 X99.503 Y82.335
G1 X99.452 Y81.915
G1 X99.601 Y81.377
G1 X99.937 Y81.142
G1 X100.408 Y81.126
G1 X100.791 Y81.329
G1 X100.996 Y81.685
G0 Z5.000 F500.000
G0 X96.156 Y83.917 F3000.000
G1 Z1.000 F500.000
G4 P100
G1 X96.290 Y83.939 F1000.000
G0 Z5.000 F500.000
G0 X115.236 Y132.082 F3000.000
G1 Z1.000 F500.000
G4 P100
G1 X115.450 Y131.714 F1000.000
G1 X116.012 Y131.582
G1 X116.581 Y131.718
G1 X116.847 Y132.093
G1 X116.683 Y132.487
G1 X116.296 Y132.771
G1 X115.986 Y132.754
G1 X116.296 Y132.771
G1 X116.788 Y133.232
G1 X116.902 Y133.567
G1 X116.777 Y133.862
G1 X116.408 Y134.028
G1 X115.906 Y134.008
G1 X115.557 Y133.816
G1 X115.395 Y133.503
G0 Z5.000 F500.000
G0 X118.002 Y131.792 F3000.000
G1 Z1.000 F500.000
G4 P100
G1 X118.039 Y131.828 F1000.000
G0 Z5.000 F500.000
G0 X119.197 Y133.948 F3000.000
G1 Z1.000 F500.000
G4 P100
G1 X120.281 Y133.960 F1000.000
G1 X120.696 Y133.823
G1 X121.011 Y133.977
G1 X120.696 Y133.823
G1 X120.000 Y132.919
G1 X119.739 Y132.309
G1 X119.646 Y131.667
G0 Z5.000 F500.000
G0 X85.030 Y16.589 F3000.000
G1 Z1.000 F500.000
G4 P100
G1 X85.260 Y16.447 F1000.000
G1 X85.400 Y16.193
G1 X85.388 Y15.353
G1 X85.079 Y14.827
G1 X84.831 Y14.714
G1 X84.552 Y14.722
G1 X84.310 Y14.856
G1 X84.165 Y15.115
G1 X84.174 Y15.966
G1 X84.504 Y16.504
G1 X84.750 Y16.605
G1 X85.030 Y16.589
G0 Z5.000 F500.000
G0 X82.592 Y16.423 F3000.000
G1 Z1.000 F500.000
G4 P100
G1 X83.129 Y16.542 F1000.000
G1 X83.198 Y16.434
G1 X82.955 Y14.765
G0 Z5.000 F500.000
G0 X84.000 Y72.944 F3000.000
G1 Z1.000 F500.000
G4 P100
G1 X113.987 Y72.944 F1000.000
G0 Z5.000 F500.000
G0 X113.987 Y72.944 F3000.000
G1 Z1.000 F500.000
G4 P100
G1 X143.974 Y72.944 F1000.000
G0 Z5.000 F500.000
G0 X143.974 Y138.708 F3000.000
G1 Z1.000 F500.000
G4 P100
G1 X143.974 Y72.944 F1000.000
G0 Z5.000 F500.000
G0 X113.987 Y138.708 F3000.000
G1 Z1.000 F500.000
G4 P100
G1 X113.987 Y72.944 F1000.000
G0 Z5.000 F500.000
G0 X54.013 Y72.944 F3000.000
G1 Z1.000 F500.000
G4 P100
G1 X84.000 Y72.944 F1000.000
G0 Z5.000 F500.000
G0 X24.026 Y72.944 F3000.000
G1 Z1.000 F500.000
G4 P100
G1 X54.013 Y72.944 F1000.000
G0 Z5.000 F500.000
G0 X54.013 Y138.708 F3000.000
G1 Z1.000 F500.000
G4 P100
G1 X54.013 Y72.944 F1000.000
G0 Z5.000 F500.000
G0 X54.013 Y138.708 F3000.000
G1 Z1.000 F500.000
G4 P100
G1 X84.000 Y138.708 F1000.000
G0 Z5.000 F500.000
G0 X84.000 Y138.708 F3000.000
G1 Z1.000 F500.000
G4 P100
G1 X84.000 Y72.944 F1000.000
G0 Z5.000 F500.000
G0 X84.000 Y138.708 F3000.000
G1 Z1.000 F500.000
G4 P100
G1 X113.987 Y138.708 F1000.000
G0 Z5.000 F500.000
G0 X113.987 Y138.708 F3000.000
G1 Z1.000 F500.000
G4 P100
G1 X143.974 Y138.708 F1000.000
G0 Z5.000 F500.000
G0 X143.974 Y164.084 F3000.000
G1 Z1.000 F500.000
G4 P100
G1 X143.974 Y138.708 F1000.000
G0 Z5.000 F500.000
G0 X113.987 Y164.084 F3000.000
G1 Z1.000 F500.000
G4 P100
G1 X113.987 Y138.708 F1000.000
G0 Z5.000 F500.000
G0 X113.987 Y164.084 F3000.000
G1 Z1.000 F500.000
G4 P100
G1 X143.974 Y164.084 F1000.000
G0 Z5.000 F500.000
G0 X84.000 Y164.084 F3000.000
G1 Z1.000 F500.000
G4 P100
G1 X84.000 Y138.708 F1000.000
G0 Z5.000 F500.000
G0 X84.000 Y164.084 F3000.000
G1 Z1.000 F500.000
G4 P100
G1 X113.987 Y164.084 F1000.000
G0 Z5.000 F500.000
G0 X54.013 Y164.084 F3000.000
G1 Z1.000 F500.000
G4 P100
G1 X54.013 Y138.708 F1000.000
G0 Z5.000 F500.000
G0 X54.013 Y164.084 F3000.000
G1 Z1.000 F500.000
G4 P100
G1 X84.000 Y164.084 F1000.000
G0 Z5.000 F500.000
G0 X24.026 Y164.084 F3000.000
G1 Z1.000 F500.000
G4 P100
G1 X24.026 Y138.708 F1000.000
G0 Z5.000 F500.000
G0 X24.026 Y138.708 F3000.000
G1 Z1.000 F500.000
G4 P100
G1 X24.026 Y72.944 F1000.000
G0 Z5.000 F500.000
G0 X24.026 Y138.708 F3000.000
G1 Z1.000 F500.000
G4 P100
G1 X54.013 Y138.708 F1000.000
G0 Z5.000 F500.000
G0 X24.026 Y164.084 F3000.000
G1 Z1.000 F500.000
G4 P100
G1 X54.013 Y164.084 F1000.000
G0 Z5.000 F500.000
M400
M84
; End
