; Generated by plotter-processor
; Page 7/20
; Motion profile: safe
; Draw feed: 1000.000 mm/min
; Travel feed: 3000.000 mm/min
; Z feed: 500.000 mm/min
; Pen Z: down=1.000 up=5.000
; Down settle: 100 ms
; Estimated ideal time: 983.828635 s
G21
G90
G0 Z5.000 F500.000
G0 X20.566 Y206.179 F3000.000
G1 Z1.000 F500.000
G4 P100
G1 X20.470 Y206.513 F1000.000
G1 X20.536 Y206.856
G1 X20.742 Y207.098
G1 X21.090 Y207.265
G1 X22.022 Y207.405
G1 X22.405 Y207.307
G1 X22.835 Y207.426
G1 X24.233 Y207.334
G1 X22.842 Y207.426
G1 X22.405 Y207.307
G1 X21.884 Y203.679
G1 X21.957 Y203.599
G1 X22.239 Y203.601
G1 X23.603 Y204.195
G1 X24.842 Y204.608
G1 X25.104 Y204.905
G1 X25.142 Y205.265
G1 X24.965 Y205.512
G1 X24.608 Y205.560
G1 X24.224 Y205.335
G1 X23.987 Y204.870
G1 X24.021 Y204.175
G1 X24.204 Y203.892
G1 X24.616 Y203.719
G1 X25.129 Y203.765
G1 X25.700 Y204.087
G1 X25.936 Y204.436
G0 Z5.000 F500.000
G0 X27.623 Y204.939 F3000.000
G1 Z1.000 F500.000
G4 P100
G1 X27.713 Y205.233 F1000.000
G1 X27.598 Y205.493
G1 X27.330 Y205.570
G1 X27.040 Y205.461
G1 X26.746 Y205.057
G1 X26.597 Y204.395
G1 X26.095 Y204.207
G1 X26.060 Y203.782
G1 X26.032 Y204.908
G1 X26.162 Y205.470
G1 X26.339 Y205.659
G1 X26.165 Y205.477
G1 X26.041 Y204.966
G1 X25.997 Y204.501
G1 X26.095 Y204.207
G1 X26.597 Y204.395
G1 X26.951 Y203.865
G1 X27.460 Y203.723
G1 X27.910 Y203.949
G1 X28.262 Y204.438
G0 Z5.000 F500.000
G0 X29.286 Y204.958 F3000.000
G1 Z1.000 F500.000
G4 P100
G1 X29.351 Y205.304 F1000.000
G1 X29.196 Y205.525
G1 X28.744 Y205.498
G1 X28.461 Y205.231
G1 X28.269 Y204.454
G1 X28.363 Y204.066
G1 X28.569 Y203.833
G1 X28.954 Y203.733
G1 X29.482 Y203.834
G1 X29.942 Y204.153
G1 X30.111 Y204.470
G0 Z5.000 F500.000
G0 X30.504 Y205.659 F3000.000
G1 Z1.000 F500.000
G4 P100
G1 X30.328 Y205.470 F1000.000
G1 X30.194 Y204.871
G1 X30.223 Y203.774
G1 X30.267 Y204.292
G1 X30.570 Y204.490
G1 X30.965 Y205.187
G1 X31.304 Y205.362
G1 X31.448 Y205.349
G1 X31.492 Y205.128
G1 X31.461 Y203.760
G1 X31.532 Y204.319
G1 X31.803 Y204.486
G1 X32.172 Y205.115
G1 X32.480 Y205.337
G1 X32.761 Y205.301
G1 X32.653 Y204.133
G1 X32.759 Y203.811
G1 X33.034 Y203.745
G1 X33.308 Y203.832
G1 X33.682 Y204.168
G1 X33.822 Y204.438
G0 Z5.000 F500.000
G0 X36.100 Y203.198 F3000.000
G1 Z1.000 F500.000
G4 P100
G1 X36.096 Y202.781 F1000.000
G1 X35.720 Y201.785
G1 X35.409 Y201.484
G1 X35.049 Y201.507
G1 X34.895 Y201.836
G1 X35.055 Y202.347
G1 X35.720 Y203.081
G1 X36.100 Y203.198
G1 X36.359 Y203.758
G1 X36.252 Y203.979
G1 X36.525 Y205.325
G1 X36.085 Y205.587
G1 X35.764 Y205.465
G1 X35.475 Y205.209
G1 X35.240 Y204.797
G1 X35.146 Y204.326
G1 X35.201 Y203.974
G1 X35.415 Y203.754
G1 X35.691 Y203.737
G1 X36.252 Y203.979
G1 X36.362 Y203.765
G1 X36.608 Y203.787
G1 X37.414 Y204.375
G0 Z5.000 F500.000
G0 X37.514 Y204.514 F3000.000
G1 Z1.000 F500.000
G4 P100
G1 X37.361 Y204.275 F1000.000
G1 X37.389 Y203.928
G1 X37.560 Y203.761
G1 X37.834 Y203.777
G1 X38.119 Y204.040
G1 X38.578 Y205.003
G1 X38.967 Y205.425
G1 X38.901 Y205.269
G1 X39.044 Y204.944
G1 X39.050 Y204.191
G1 X39.190 Y203.813
G1 X39.458 Y203.733
G1 X39.753 Y203.829
G1 X40.126 Y204.210
G1 X40.234 Y204.493
G1 X40.110 Y204.223
G1 X40.205 Y203.892
G1 X40.456 Y203.737
G1 X40.802 Y203.748
G1 X41.234 Y204.014
G1 X41.490 Y204.426
G1 X40.922 Y204.728
G1 X40.832 Y204.989
G1 X40.867 Y205.277
G1 X41.080 Y205.529
G1 X41.469 Y205.617
G1 X42.076 Y205.472
G1 X41.848 Y204.604
G1 X41.489 Y204.478
G1 X41.848 Y204.604
G1 X42.020 Y203.787
G1 X42.253 Y203.748
G1 X42.522 Y203.855
G1 X42.876 Y204.183
G1 X43.003 Y204.443
G0 Z5.000 F500.000
G0 X44.729 Y205.659 F3000.000
G1 Z1.000 F500.000
G4 P100
G1 X44.552 Y205.470 F1000.000
G1 X44.414 Y204.855
G1 X44.494 Y204.282
G1 X44.448 Y203.774
G1 X44.494 Y204.282
G1 X44.773 Y204.452
G1 X45.156 Y205.115
G1 X45.478 Y205.344
G1 X45.692 Y205.368
G1 X45.745 Y205.277
G1 X45.639 Y204.130
G1 X45.747 Y203.809
G1 X46.022 Y203.746
G1 X46.298 Y203.834
G1 X46.668 Y204.165
G1 X46.806 Y204.436
G0 Z5.000 F500.000
G0 X47.890 Y203.977 F3000.000
G1 Z1.000 F500.000
G4 P100
G1 X48.203 Y204.744 F1000.000
G1 X48.147 Y205.365
G1 X47.973 Y205.527
G1 X47.744 Y205.556
G1 X47.004 Y205.205
G1 X46.965 Y205.544
G1 X46.946 Y204.468
G1 X46.847 Y204.065
G1 X46.987 Y203.713
G1 X46.775 Y202.232
G1 X46.523 Y201.566
G1 X46.328 Y201.450
G1 X46.116 Y201.488
G1 X45.952 Y201.844
G1 X46.002 Y202.485
G1 X46.392 Y203.665
G1 X46.622 Y203.977
G1 X46.847 Y204.065
G1 X47.050 Y203.704
G1 X47.420 Y203.733
G1 X47.890 Y203.977
G1 X48.145 Y203.763
G1 X48.493 Y203.757
G1 X48.970 Y204.059
G1 X49.313 Y204.609
G1 X49.497 Y204.743
G1 X49.994 Y204.906
G1 X50.455 Y204.896
G1 X50.624 Y204.668
G1 X50.557 Y204.353
G1 X50.396 Y204.011
G1 X50.137 Y203.790
G1 X49.830 Y203.724
G1 X49.541 Y203.811
G1 X49.321 Y204.033
G1 X49.213 Y204.358
G1 X49.220 Y204.788
G1 X49.344 Y205.154
G1 X49.571 Y205.418
G1 X49.878 Y205.549
G1 X50.287 Y205.426
G1 X50.624 Y204.668
G1 X51.022 Y204.661
G1 X51.430 Y204.780
G0 Z5.000 F500.000
G0 X52.989 Y204.668 F3000.000
G1 Z1.000 F500.000
G4 P100
G1 X52.673 Y205.410 F1000.000
G1 X52.279 Y205.650
G1 X52.310 Y205.879
G1 X52.739 Y206.686
G1 X52.874 Y207.248
G1 X52.810 Y207.772
G1 X52.681 Y207.906
G1 X52.502 Y207.931
G1 X52.288 Y207.826
G1 X52.106 Y207.579
G1 X51.759 Y206.556
G1 X51.607 Y205.602
G1 X51.642 Y205.227
G1 X51.949 Y205.311
G1 X52.291 Y205.593
G1 X51.949 Y205.311
G1 X51.642 Y205.227
G1 X51.572 Y204.641
G1 X51.666 Y204.123
G1 X51.961 Y203.784
G1 X52.397 Y203.750
G1 X52.791 Y204.059
G1 X52.989 Y204.668
G1 X53.785 Y204.768
G0 Z5.000 F500.000
G0 X53.877 Y204.329 F3000.000
G1 Z1.000 F500.000
G4 P100
G1 X54.564 Y204.526 F1000.000
G1 X54.945 Y204.866
G1 X55.016 Y205.134
G1 X54.956 Y205.380
G1 X54.799 Y205.525
G1 X54.549 Y205.570
G1 X54.136 Y205.387
G1 X53.864 Y204.934
G1 X53.821 Y204.479
G1 X53.900 Y204.113
G1 X54.047 Y203.907
G1 X54.455 Y203.722
G1 X54.975 Y203.761
G1 X55.554 Y204.083
G1 X55.796 Y204.436
G0 Z5.000 F500.000
G0 X56.880 Y203.977 F3000.000
G1 Z1.000 F500.000
G4 P100
G1 X57.193 Y204.744 F1000.000
G1 X57.137 Y205.365
G1 X56.963 Y205.527
G1 X56.734 Y205.556
G1 X55.994 Y205.205
G1 X55.955 Y205.544
G1 X55.936 Y204.468
G1 X55.837 Y204.065
G1 X55.977 Y203.713
G1 X55.765 Y202.232
G1 X55.513 Y201.566
G1 X55.318 Y201.450
G1 X55.106 Y201.488
G1 X54.945 Y201.822
G1 X54.978 Y202.413
G1 X55.209 Y203.229
G1 X55.543 Y203.924
G1 X55.837 Y204.065
G1 X55.977 Y203.713
G1 X56.069 Y203.701
G1 X56.424 Y203.738
G1 X56.880 Y203.977
G1 X57.128 Y203.765
G1 X57.454 Y203.751
G1 X57.906 Y204.008
G1 X58.206 Y204.448
G0 Z5.000 F500.000
G0 X59.888 Y204.939 F3000.000
G1 Z1.000 F500.000
G4 P100
G1 X59.978 Y205.233 F1000.000
G1 X59.863 Y205.493
G1 X59.595 Y205.570
G1 X59.305 Y205.461
G1 X59.011 Y205.057
G1 X58.862 Y204.395
G1 X58.360 Y204.207
G1 X58.325 Y203.782
G1 X58.297 Y204.908
G1 X58.427 Y205.470
G1 X58.604 Y205.659
G1 X58.430 Y205.477
G1 X58.306 Y204.966
G1 X58.262 Y204.501
G1 X58.360 Y204.207
G1 X58.862 Y204.395
G1 X59.216 Y203.865
G1 X59.725 Y203.723
G1 X60.175 Y203.949
G1 X60.528 Y204.438
G0 Z5.000 F500.000
G0 X60.943 Y205.649 F3000.000
G1 Z1.000 F500.000
G4 P100
G1 X60.765 Y205.445 F1000.000
G1 X60.592 Y204.569
G1 X60.599 Y204.124
G1 X60.755 Y203.856
G1 X61.022 Y203.911
G1 X61.344 Y204.294
G1 X61.632 Y204.414
G1 X61.905 Y205.447
G1 X62.030 Y205.618
G1 X61.905 Y205.447
G1 X61.632 Y204.414
G1 X61.775 Y203.845
G1 X62.007 Y203.747
G1 X62.307 Y203.822
G1 X62.706 Y204.174
G1 X62.835 Y204.434
G0 Z5.000 F500.000
G0 X65.574 Y204.668 F3000.000
G1 Z1.000 F500.000
G4 P100
G1 X65.391 Y204.078 F1000.000
G1 X65.033 Y203.767
G1 X64.555 Y203.777
G1 X64.217 Y204.145
G1 X64.151 Y204.577
G1 X64.235 Y205.028
G1 X64.444 Y205.352
G1 X64.749 Y205.531
G1 X65.011 Y205.550
G1 X65.222 Y205.442
G1 X65.574 Y204.668
G1 X65.972 Y204.661
G1 X66.380 Y204.780
G0 Z5.000 F500.000
G0 X68.037 Y207.727 F3000.000
G1 Z1.000 F500.000
G4 P100
G1 X67.042 Y207.425 F1000.000
G1 X66.800 Y207.119
G1 X66.907 Y206.753
G1 X67.701 Y205.730
G1 X67.737 Y204.994
G1 X67.856 Y204.683
G1 X67.691 Y204.261
G1 X67.430 Y203.893
G1 X67.077 Y203.731
G1 X66.695 Y203.805
G1 X66.477 Y204.105
G1 X66.438 Y204.541
G1 X66.527 Y204.976
G1 X66.731 Y205.305
G1 X67.017 Y205.487
G1 X67.700 Y205.413
G1 X67.856 Y204.683
G1 X68.285 Y204.652
G1 X68.755 Y204.792
G0 Z5.000 F500.000
G0 X69.184 Y205.659 F3000.000
G1 Z1.000 F500.000
G4 P100
G1 X69.008 Y205.470 F1000.000
G1 X68.874 Y204.871
G1 X68.903 Y203.774
G1 X68.947 Y204.292
G1 X69.250 Y204.490
G1 X69.645 Y205.187
G1 X69.984 Y205.362
G1 X70.128 Y205.349
G1 X70.172 Y205.128
G1 X70.141 Y203.760
G1 X70.212 Y204.319
G1 X70.483 Y204.486
G1 X70.852 Y205.115
G1 X71.160 Y205.337
G1 X71.441 Y205.301
G1 X71.333 Y204.133
G1 X71.439 Y203.811
G1 X71.714 Y203.745
G1 X71.988 Y203.832
G1 X72.362 Y204.168
G1 X72.502 Y204.438
G0 Z5.000 F500.000
G0 X72.547 Y204.329 F3000.000
G1 Z1.000 F500.000
G4 P100
G1 X73.234 Y204.526 F1000.000
G1 X73.615 Y204.866
G1 X73.686 Y205.134
G1 X73.626 Y205.380
G1 X73.469 Y205.525
G1 X73.219 Y205.570
G1 X72.806 Y205.387
G1 X72.534 Y204.934
G1 X72.491 Y204.479
G1 X72.570 Y204.113
G1 X72.717 Y203.907
G1 X73.125 Y203.722
G1 X73.645 Y203.761
G1 X74.224 Y204.083
G1 X74.466 Y204.436
G0 Z5.000 F500.000
G0 X76.153 Y204.939 F3000.000
G1 Z1.000 F500.000
G4 P100
G1 X76.243 Y205.233 F1000.000
G1 X76.128 Y205.493
G1 X75.860 Y205.570
G1 X75.570 Y205.461
G1 X75.276 Y205.057
G1 X75.127 Y204.395
G1 X74.625 Y204.207
G1 X74.590 Y203.782
G1 X74.562 Y204.908
G1 X74.692 Y205.470
G1 X74.869 Y205.659
G1 X74.695 Y205.477
G1 X74.571 Y204.966
G1 X74.527 Y204.501
G1 X74.625 Y204.207
G1 X75.127 Y204.395
G1 X75.481 Y203.865
G1 X75.990 Y203.723
G1 X76.440 Y203.949
G1 X76.793 Y204.438
G0 Z5.000 F500.000
G0 X77.960 Y204.172 F3000.000
G1 Z1.000 F500.000
G4 P100
G1 X78.175 Y205.352 F1000.000
G1 X77.680 Y205.576
G1 X77.225 Y205.321
G1 X76.898 Y204.832
G1 X76.792 Y204.203
G1 X76.971 Y203.808
G1 X77.396 Y203.748
G1 X77.960 Y204.172
G1 X78.190 Y203.800
G1 X78.481 Y203.755
G1 X78.906 Y204.058
G1 X79.142 Y204.438
G0 Z5.000 F500.000
G0 X79.527 Y205.645 F3000.000
G1 Z1.000 F500.000
G4 P100
G1 X79.376 Y205.489 F1000.000
G1 X79.264 Y205.014
G1 X79.229 Y203.708
G1 X79.196 Y204.356
G1 X79.278 Y204.706
G1 X80.366 Y204.644
G1 X80.681 Y205.593
G1 X80.366 Y204.644
G1 X80.452 Y203.828
G1 X80.710 Y203.746
G1 X80.994 Y203.829
G1 X81.383 Y204.171
G1 X81.516 Y204.436
G0 Z5.000 F500.000
G0 X81.933 Y205.649 F3000.000
G1 Z1.000 F500.000
G4 P100
G1 X81.753 Y205.438 F1000.000
G1 X81.575 Y204.496
G1 X81.603 Y204.074
G1 X81.777 Y203.841
G1 X82.024 Y203.919
G1 X82.334 Y204.294
G1 X82.622 Y204.414
G1 X82.895 Y205.447
G1 X83.020 Y205.618
G1 X82.895 Y205.447
G1 X82.622 Y204.414
G1 X82.720 Y203.936
G1 X82.852 Y203.772
G1 X83.135 Y203.758
G1 X83.413 Y203.900
G1 X83.749 Y204.245
G1 X83.774 Y204.493
G1 X83.654 Y204.113
G1 X83.871 Y203.784
G1 X84.299 Y203.737
G1 X84.732 Y203.974
G1 X84.974 Y204.247
G1 X85.029 Y204.478
G1 X84.515 Y204.669
G1 X84.370 Y205.099
G1 X84.499 Y205.434
G1 X84.833 Y205.604
G1 X85.614 Y205.478
G1 X85.388 Y204.604
G1 X85.029 Y204.478
G1 X85.388 Y204.604
G1 X85.457 Y204.002
G1 X85.572 Y203.779
G1 X85.807 Y203.750
G1 X86.068 Y203.859
G1 X86.416 Y204.183
G1 X86.543 Y204.443
G0 Z5.000 F500.000
G0 X21.570 Y193.002 F3000.000
G1 Z1.000 F500.000
G4 P100
G1 X21.883 Y193.769 F1000.000
G1 X21.827 Y194.390
G1 X21.653 Y194.552
G1 X21.424 Y194.581
G1 X20.684 Y194.230
G1 X20.645 Y194.569
G1 X20.626 Y193.493
G1 X20.527 Y193.090
G1 X20.667 Y192.738
G1 X20.455 Y191.257
G1 X20.203 Y190.591
G1 X20.008 Y190.475
G1 X19.796 Y190.513
G1 X19.635 Y190.847
G1 X19.668 Y191.438
G1 X19.899 Y192.254
G1 X20.233 Y192.949
G1 X20.527 Y193.090
G1 X20.667 Y192.738
G1 X20.759 Y192.726
G1 X21.114 Y192.763
G1 X21.570 Y193.002
G1 X21.818 Y192.790
G1 X22.144 Y192.776
G1 X22.596 Y193.033
G1 X22.896 Y193.473
G0 Z5.000 F500.000
G0 X23.308 Y194.674 F3000.000
G1 Z1.000 F500.000
G4 P100
G1 X23.130 Y194.470 F1000.000
G1 X22.957 Y193.594
G1 X22.964 Y193.149
G1 X23.120 Y192.881
G1 X23.387 Y192.936
G1 X23.709 Y193.319
G1 X23.997 Y193.439
G1 X24.270 Y194.472
G1 X24.395 Y194.643
G1 X24.270 Y194.472
G1 X23.997 Y193.439
G1 X24.140 Y192.870
G1 X24.372 Y192.772
G1 X24.672 Y192.847
G1 X25.071 Y193.199
G1 X25.200 Y193.459
G0 Z5.000 F500.000
G0 X26.226 Y193.983 F3000.000
G1 Z1.000 F500.000
G4 P100
G1 X26.291 Y194.329 F1000.000
G1 X26.136 Y194.550
G1 X25.684 Y194.523
G1 X25.401 Y194.256
G1 X25.209 Y193.479
G1 X25.303 Y193.091
G1 X25.509 Y192.858
G1 X25.894 Y192.758
G1 X26.422 Y192.859
G1 X26.882 Y193.178
G1 X27.051 Y193.495
G0 Z5.000 F500.000
G0 X27.431 Y194.652 F3000.000
G1 Z1.000 F500.000
G4 P100
G1 X27.267 Y194.430 F1000.000
G1 X27.096 Y193.464
G1 X27.140 Y193.067
G1 X27.330 Y192.863
G1 X27.580 Y192.957
G1 X27.888 Y193.343
G1 X28.181 Y193.471
G1 X28.535 Y194.633
G1 X28.181 Y193.471
G1 X28.259 Y192.790
G1 X27.986 Y192.226
G1 X28.005 Y191.895
G1 X27.781 Y191.167
G1 X27.399 Y190.569
G1 X27.164 Y190.478
G1 X26.932 Y190.534
G1 X26.798 Y190.718
G1 X26.792 Y191.002
G1 X27.124 Y191.636
G1 X27.651 Y192.144
G1 X27.986 Y192.226
G1 X28.259 Y192.790
G1 X28.636 Y192.876
G1 X29.309 Y193.400
G0 Z5.000 F500.000
G0 X29.822 Y194.670 F3000.000
G1 Z1.000 F500.000
G4 P100
G1 X29.671 Y194.514 F1000.000
G1 X29.559 Y194.039
G1 X29.524 Y192.733
G1 X29.491 Y193.381
G1 X29.573 Y193.731
G1 X30.661 Y193.669
G1 X30.976 Y194.618
G1 X30.661 Y193.669
G1 X30.747 Y192.853
G1 X31.005 Y192.771
G1 X31.289 Y192.854
G1 X31.678 Y193.196
G1 X31.811 Y193.461
G0 Z5.000 F500.000
G0 X33.498 Y193.964 F3000.000
G1 Z1.000 F500.000
G4 P100
G1 X33.588 Y194.258 F1000.000
G1 X33.473 Y194.518
G1 X33.205 Y194.595
G1 X32.915 Y194.486
G1 X32.621 Y194.082
G1 X32.472 Y193.420
G1 X31.970 Y193.232
G1 X31.935 Y192.807
G1 X31.907 Y193.933
G1 X32.037 Y194.495
G1 X32.214 Y194.684
G1 X32.040 Y194.502
G1 X31.916 Y193.991
G1 X31.872 Y193.526
G1 X31.970 Y193.232
G1 X32.472 Y193.420
G1 X32.826 Y192.890
G1 X33.335 Y192.748
G1 X33.785 Y192.974
G1 X34.138 Y193.463
G0 Z5.000 F500.000
G0 X35.305 Y193.197 F3000.000
G1 Z1.000 F500.000
G4 P100
G1 X35.520 Y194.377 F1000.000
G1 X35.025 Y194.601
G1 X34.570 Y194.346
G1 X34.243 Y193.857
G1 X34.137 Y193.228
G1 X34.316 Y192.833
G1 X34.741 Y192.773
G1 X35.305 Y193.197
G1 X35.535 Y192.825
G1 X35.826 Y192.780
G1 X36.251 Y193.083
G1 X36.487 Y193.463
G0 Z5.000 F500.000
G0 X36.759 Y194.359 F3000.000
G1 Z1.000 F500.000
G4 P100
G1 X36.801 Y194.399 F1000.000
G0 Z5.000 F500.000
G0 X36.625 Y192.973 F3000.000
G1 Z1.000 F500.000
G4 P100
G1 X36.588 Y192.936 F1000.000
G0 Z5.000 F500.000
G0 X39.499 Y194.684 F3000.000
G1 Z1.000 F500.000
G4 P100
G1 X39.322 Y194.495 F1000.000
G1 X39.184 Y193.880
G1 X39.264 Y193.307
G1 X39.218 Y192.799
G1 X39.264 Y193.307
G1 X39.567 Y193.505
G1 X39.989 Y194.213
G1 X40.284 Y194.378
G1 X40.509 Y194.333
G1 X40.414 Y193.060
G1 X40.490 Y192.857
G1 X40.683 Y192.777
G1 X41.111 Y192.887
G1 X41.466 Y193.225
G1 X41.675 Y193.623
G1 X42.359 Y193.927
G1 X42.820 Y193.920
G1 X42.957 Y193.837
G1 X42.932 Y193.414
G1 X42.734 Y193.001
G1 X42.461 Y192.797
G1 X42.123 Y192.756
G1 X41.829 Y192.892
G1 X41.632 Y193.170
G1 X41.565 Y193.587
G1 X41.644 Y194.039
G1 X41.843 Y194.361
G1 X42.143 Y194.549
G1 X42.412 Y194.577
G1 X42.632 Y194.473
G1 X42.989 Y193.693
G1 X43.387 Y193.686
G1 X43.795 Y193.805
G0 Z5.000 F500.000
G0 X43.804 Y193.539 F3000.000
G1 Z1.000 F500.000
G4 P100
G1 X43.651 Y193.300 F1000.000
G1 X43.679 Y192.953
G1 X43.850 Y192.786
G1 X44.124 Y192.802
G1 X44.409 Y193.065
G1 X44.868 Y194.028
G1 X45.257 Y194.450
G1 X45.191 Y194.294
G1 X45.334 Y193.969
G1 X45.341 Y193.209
G1 X45.491 Y192.829
G1 X45.748 Y192.758
G1 X46.031 Y192.847
G1 X46.399 Y193.212
G1 X46.516 Y193.461
G0 Z5.000 F500.000
G0 X47.989 Y193.693 F3000.000
G1 Z1.000 F500.000
G4 P100
G1 X47.806 Y193.103 F1000.000
G1 X47.448 Y192.792
G1 X46.970 Y192.802
G1 X46.632 Y193.170
G1 X46.566 Y193.602
G1 X46.650 Y194.053
G1 X46.859 Y194.377
G1 X47.164 Y194.556
G1 X47.426 Y194.575
G1 X47.637 Y194.467
G1 X47.989 Y193.693
G1 X48.387 Y193.686
G1 X48.795 Y193.805
G0 Z5.000 F500.000
G0 X48.816 Y193.405 F3000.000
G1 Z1.000 F500.000
G4 P100
G1 X48.726 Y193.103 F1000.000
G1 X48.826 Y192.853
G1 X49.096 Y192.757
G1 X49.380 Y192.854
G1 X49.647 Y193.216
G1 X49.839 Y193.866
G1 X49.532 Y194.514
G1 X49.277 Y194.573
G1 X49.066 Y194.431
G1 X49.014 Y194.250
G1 X49.186 Y194.543
G1 X49.532 Y194.514
G1 X49.839 Y193.866
G1 X50.237 Y193.957
G1 X50.357 Y194.536
G1 X50.493 Y194.674
G1 X50.357 Y194.536
G1 X50.237 Y193.957
G1 X50.335 Y193.278
G1 X50.240 Y192.716
G1 X50.335 Y193.278
G1 X50.782 Y193.520
G1 X50.988 Y194.224
G1 X51.357 Y194.571
G1 X51.754 Y194.518
G1 X51.861 Y194.148
G1 X51.800 Y193.986
G1 X51.847 Y194.374
G1 X51.597 Y194.590
G1 X51.290 Y194.542
G1 X51.033 Y194.299
G1 X50.782 Y193.520
G1 X51.065 Y192.948
G1 X51.397 Y192.759
G1 X51.779 Y192.788
G1 X52.233 Y193.140
G1 X52.417 Y193.466
G0 Z5.000 F500.000
G0 X52.462 Y193.354 F3000.000
G1 Z1.000 F500.000
G4 P100
G1 X53.149 Y193.551 F1000.000
G1 X53.530 Y193.891
G1 X53.601 Y194.159
G1 X53.541 Y194.405
G1 X53.384 Y194.550
G1 X53.134 Y194.595
G1 X52.721 Y194.412
G1 X52.449 Y193.959
G1 X52.406 Y193.504
G1 X52.485 Y193.138
G1 X52.632 Y192.932
G1 X53.040 Y192.747
G1 X53.560 Y192.786
G1 X54.139 Y193.108
G1 X54.381 Y193.461
G0 Z5.000 F500.000
G0 X54.767 Y194.670 F3000.000
G1 Z1.000 F500.000
G4 P100
G1 X54.616 Y194.514 F1000.000
G1 X54.504 Y194.039
G1 X54.469 Y192.733
G1 X54.436 Y193.381
G1 X54.518 Y193.731
G1 X55.606 Y193.669
G1 X55.921 Y194.618
G1 X55.606 Y193.669
G1 X55.692 Y192.853
G1 X55.950 Y192.771
G1 X56.234 Y192.854
G1 X56.623 Y193.196
G1 X56.756 Y193.461
G0 Z5.000 F500.000
G0 X57.173 Y194.674 F3000.000
G1 Z1.000 F500.000
G4 P100
G1 X56.995 Y194.470 F1000.000
G1 X56.822 Y193.594
G1 X56.829 Y193.149
G1 X56.985 Y192.881
G1 X57.252 Y192.936
G1 X57.574 Y193.319
G1 X57.862 Y193.439
G1 X58.135 Y194.472
G1 X58.260 Y194.643
G1 X58.135 Y194.472
G1 X57.862 Y193.439
G1 X58.005 Y192.870
G1 X58.237 Y192.772
G1 X58.537 Y192.847
G1 X58.936 Y193.199
G1 X59.065 Y193.459
G0 Z5.000 F500.000
G0 X59.112 Y193.354 F3000.000
G1 Z1.000 F500.000
G4 P100
G1 X59.799 Y193.551 F1000.000
G1 X60.180 Y193.891
G1 X60.251 Y194.159
G1 X60.191 Y194.405
G1 X60.034 Y194.550
G1 X59.784 Y194.595
G1 X59.371 Y194.412
G1 X59.099 Y193.959
G1 X59.056 Y193.504
G1 X59.135 Y193.138
G1 X59.282 Y192.932
G1 X59.690 Y192.747
G1 X60.210 Y192.786
G1 X60.789 Y193.108
G1 X61.031 Y193.461
G0 Z5.000 F500.000
G0 X63.381 Y193.983 F3000.000
G1 Z1.000 F500.000
G4 P100
G1 X63.446 Y194.329 F1000.000
G1 X63.291 Y194.550
G1 X62.839 Y194.523
G1 X62.556 Y194.256
G1 X62.364 Y193.479
G1 X62.458 Y193.091
G1 X62.664 Y192.858
G1 X63.049 Y192.758
G1 X63.577 Y192.859
G1 X64.037 Y193.178
G1 X64.206 Y193.495
G0 Z5.000 F500.000
G0 X64.599 Y194.684 F3000.000
G1 Z1.000 F500.000
G4 P100
G1 X64.423 Y194.495 F1000.000
G1 X64.289 Y193.896
G1 X64.318 Y192.799
G1 X64.362 Y193.317
G1 X64.665 Y193.515
G1 X65.060 Y194.212
G1 X65.399 Y194.387
G1 X65.543 Y194.374
G1 X65.587 Y194.153
G1 X65.556 Y192.785
G1 X65.627 Y193.344
G1 X65.898 Y193.511
G1 X66.267 Y194.140
G1 X66.575 Y194.362
G1 X66.856 Y194.326
G1 X66.748 Y193.158
G1 X66.854 Y192.836
G1 X67.129 Y192.770
G1 X67.403 Y192.857
G1 X67.777 Y193.193
G1 X67.917 Y193.463
G0 Z5.000 F500.000
G0 X69.000 Y193.002 F3000.000
G1 Z1.000 F500.000
G4 P100
G1 X69.313 Y193.769 F1000.000
G1 X69.257 Y194.390
G1 X69.083 Y194.552
G1 X68.854 Y194.581
G1 X68.114 Y194.230
G1 X68.075 Y194.569
G1 X68.056 Y193.493
G1 X67.957 Y193.090
G1 X68.097 Y192.738
G1 X67.885 Y191.257
G1 X67.633 Y190.591
G1 X67.438 Y190.475
G1 X67.226 Y190.513
G1 X67.062 Y190.869
G1 X67.112 Y191.510
G1 X67.502 Y192.690
G1 X67.732 Y193.002
G1 X67.957 Y193.090
G1 X68.160 Y192.729
G1 X68.530 Y192.758
G1 X69.000 Y193.002
G1 X69.255 Y192.788
G1 X69.603 Y192.782
G1 X70.080 Y193.084
G1 X70.423 Y193.634
G1 X70.607 Y193.768
G1 X71.104 Y193.931
G1 X71.565 Y193.921
G1 X71.734 Y193.693
G1 X71.667 Y193.378
G1 X71.506 Y193.036
G1 X71.247 Y192.815
G1 X70.940 Y192.749
G1 X70.651 Y192.836
G1 X70.431 Y193.058
G1 X70.323 Y193.383
G1 X70.330 Y193.813
G1 X70.454 Y194.179
G1 X70.681 Y194.443
G1 X70.988 Y194.574
G1 X71.397 Y194.451
G1 X71.734 Y193.693
G1 X72.132 Y193.686
G1 X72.540 Y193.805
G0 Z5.000 F500.000
G0 X74.263 Y193.964 F3000.000
G1 Z1.000 F500.000
G4 P100
G1 X74.353 Y194.258 F1000.000
G1 X74.238 Y194.518
G1 X73.970 Y194.595
G1 X73.680 Y194.486
G1 X73.386 Y194.082
G1 X73.237 Y193.420
G1 X72.735 Y193.232
G1 X72.700 Y192.807
G1 X72.672 Y193.933
G1 X72.802 Y194.495
G1 X72.979 Y194.684
G1 X72.805 Y194.502
G1 X72.681 Y193.991
G1 X72.637 Y193.526
G1 X72.735 Y193.232
G1 X73.237 Y193.420
G1 X73.591 Y192.890
G1 X74.100 Y192.748
G1 X74.550 Y192.974
G1 X74.903 Y193.463
G0 Z5.000 F500.000
G0 X76.612 Y194.670 F3000.000
G1 Z1.000 F500.000
G4 P100
G1 X76.461 Y194.514 F1000.000
G1 X76.349 Y194.039
G1 X76.314 Y192.733
G1 X76.281 Y193.381
G1 X76.363 Y193.731
G1 X77.451 Y193.669
G1 X77.766 Y194.618
G1 X77.451 Y193.669
G1 X77.537 Y192.853
G1 X77.795 Y192.771
G1 X78.079 Y192.854
G1 X78.468 Y193.196
G1 X78.601 Y193.461
G0 Z5.000 F500.000
G0 X78.647 Y193.354 F3000.000
G1 Z1.000 F500.000
G4 P100
G1 X79.334 Y193.551 F1000.000
G1 X79.715 Y193.891
G1 X79.786 Y194.159
G1 X79.726 Y194.405
G1 X79.569 Y194.550
G1 X79.319 Y194.595
G1 X78.906 Y194.412
G1 X78.634 Y193.959
G1 X78.591 Y193.504
G1 X78.670 Y193.138
G1 X78.817 Y192.932
G1 X79.225 Y192.747
G1 X79.745 Y192.786
G1 X80.324 Y193.108
G1 X80.566 Y193.461
G0 Z5.000 F500.000
G0 X21.440 Y181.248 F3000.000
G1 Z1.000 F500.000
G4 P100
G1 X21.436 Y180.831 F1000.000
G1 X21.060 Y179.835
G1 X20.749 Y179.534
G1 X20.389 Y179.557
G1 X20.235 Y179.886
G1 X20.395 Y180.397
G1 X21.060 Y181.131
G1 X21.440 Y181.248
G1 X21.699 Y181.808
G1 X21.592 Y182.029
G1 X21.865 Y183.375
G1 X21.425 Y183.637
G1 X21.104 Y183.515
G1 X20.815 Y183.259
G1 X20.580 Y182.847
G1 X20.486 Y182.376
G1 X20.541 Y182.024
G1 X20.755 Y181.804
G1 X21.031 Y181.787
G1 X21.592 Y182.029
G1 X21.702 Y181.815
G1 X21.948 Y181.837
G1 X22.754 Y182.425
G0 Z5.000 F500.000
G0 X24.294 Y182.718 F3000.000
G1 Z1.000 F500.000
G4 P100
G1 X24.111 Y182.128 F1000.000
G1 X23.753 Y181.817
G1 X23.275 Y181.827
G1 X22.937 Y182.195
G1 X22.871 Y182.627
G1 X22.955 Y183.078
G1 X23.164 Y183.402
G1 X23.469 Y183.581
G1 X23.731 Y183.600
G1 X23.942 Y183.492
G1 X24.294 Y182.718
G1 X24.692 Y182.711
G1 X25.100 Y182.830
G0 Z5.000 F500.000
G0 X25.109 Y182.564 F3000.000
G1 Z1.000 F500.000
G4 P100
G1 X24.956 Y182.325 F1000.000
G1 X24.984 Y181.978
G1 X25.155 Y181.811
G1 X25.429 Y181.827
G1 X25.714 Y182.090
G1 X26.173 Y183.053
G1 X26.562 Y183.475
G1 X26.496 Y183.319
G1 X26.634 Y183.022
G1 X26.642 Y182.263
G1 X26.775 Y181.872
G1 X27.031 Y181.783
G1 X27.317 Y181.860
G1 X27.699 Y182.231
G1 X27.820 Y182.479
G1 X27.831 Y181.934
G1 X28.001 Y181.805
G1 X28.262 Y181.797
G1 X28.640 Y182.131
G1 X28.889 Y182.891
G1 X28.582 Y183.539
G1 X28.334 Y183.599
G1 X28.124 Y183.468
G1 X28.064 Y183.275
G1 X28.236 Y183.568
G1 X28.582 Y183.539
G1 X28.889 Y182.891
G1 X29.287 Y182.982
G1 X29.407 Y183.561
G1 X29.543 Y183.699
G1 X29.407 Y183.561
G1 X29.287 Y182.982
G1 X29.385 Y182.303
G1 X29.290 Y181.741
G1 X29.385 Y182.303
G1 X29.832 Y182.545
G1 X30.038 Y183.249
G1 X30.407 Y183.596
G1 X30.804 Y183.543
G1 X30.911 Y183.173
G1 X30.850 Y183.011
G1 X30.897 Y183.399
G1 X30.647 Y183.615
G1 X30.340 Y183.567
G1 X30.083 Y183.324
G1 X29.832 Y182.545
G1 X30.115 Y181.973
G1 X30.447 Y181.784
G1 X30.829 Y181.813
G1 X31.283 Y182.165
G1 X31.467 Y182.491
G0 Z5.000 F500.000
G0 X31.852 Y183.695 F3000.000
G1 Z1.000 F500.000
G4 P100
G1 X31.701 Y183.539 F1000.000
G1 X31.589 Y183.064
G1 X31.554 Y181.758
G1 X31.521 Y182.406
G1 X31.603 Y182.756
G1 X32.691 Y182.694
G1 X33.006 Y183.643
G1 X32.691 Y182.694
G1 X32.708 Y182.055
G1 X32.881 Y181.818
G1 X33.356 Y181.902
G1 X33.731 Y182.249
G1 X33.941 Y182.648
G1 X34.625 Y182.951
G1 X35.085 Y182.945
G1 X35.222 Y182.862
G1 X35.191 Y182.417
G1 X34.985 Y182.009
G1 X34.706 Y181.814
G1 X34.373 Y181.783
G1 X34.082 Y181.927
G1 X33.892 Y182.209
G1 X33.831 Y182.627
G1 X33.912 Y183.071
G1 X34.113 Y183.391
G1 X34.415 Y183.577
G1 X34.684 Y183.601
G1 X34.902 Y183.492
G1 X35.254 Y182.718
G1 X35.652 Y182.711
G1 X36.060 Y182.830
G0 Z5.000 F500.000
G0 X37.824 Y183.709 F3000.000
G1 Z1.000 F500.000
G4 P100
G1 X37.647 Y183.520 F1000.000
G1 X37.509 Y182.905
G1 X37.589 Y182.332
G1 X37.543 Y181.824
G1 X37.589 Y182.332
G1 X37.868 Y182.502
G1 X38.251 Y183.165
G1 X38.573 Y183.394
G1 X38.787 Y183.418
G1 X38.840 Y183.327
G1 X38.734 Y182.180
G1 X38.842 Y181.859
G1 X39.117 Y181.796
G1 X39.393 Y181.884
G1 X39.763 Y182.215
G1 X39.901 Y182.486
G0 Z5.000 F500.000
G0 X39.947 Y182.379 F3000.000
G1 Z1.000 F500.000
G4 P100
G1 X40.634 Y182.576 F1000.000
G1 X41.015 Y182.916
G1 X41.086 Y183.184
G1 X41.026 Y183.430
G1 X40.869 Y183.575
G1 X40.619 Y183.620
G1 X40.206 Y183.437
G1 X39.934 Y182.984
G1 X39.891 Y182.529
G1 X39.970 Y182.163
G1 X40.117 Y181.957
G1 X40.525 Y181.772
G1 X41.045 Y181.811
G1 X41.624 Y182.133
G1 X41.866 Y182.486
G0 Z5.000 F500.000
G0 X42.950 Y182.027 F3000.000
G1 Z1.000 F500.000
G4 P100
G1 X43.263 Y182.794 F1000.000
G1 X43.207 Y183.415
G1 X43.033 Y183.577
G1 X42.804 Y183.606
G1 X42.064 Y183.255
G1 X42.025 Y183.594
G1 X42.006 Y182.518
G1 X41.907 Y182.115
G1 X42.047 Y181.763
G1 X41.835 Y180.282
G1 X41.583 Y179.616
G1 X41.388 Y179.500
G1 X41.176 Y179.538
G1 X41.015 Y179.872
G1 X41.048 Y180.463
G1 X41.279 Y181.279
G1 X41.613 Y181.974
G1 X41.907 Y182.115
G1 X42.047 Y181.763
G1 X42.139 Y181.751
G1 X42.494 Y181.788
G1 X42.950 Y182.027
G1 X43.198 Y181.815
G1 X43.524 Y181.801
G1 X43.976 Y182.058
G1 X44.276 Y182.498
G0 Z5.000 F500.000
G0 X44.317 Y182.379 F3000.000
G1 Z1.000 F500.000
G4 P100
G1 X45.004 Y182.576 F1000.000
G1 X45.385 Y182.916
G1 X45.456 Y183.184
G1 X45.396 Y183.430
G1 X45.239 Y183.575
G1 X44.989 Y183.620
G1 X44.576 Y183.437
G1 X44.304 Y182.984
G1 X44.261 Y182.529
G1 X44.340 Y182.163
G1 X44.487 Y181.957
G1 X44.895 Y181.772
G1 X45.415 Y181.811
G1 X45.994 Y182.133
G1 X46.236 Y182.486
G0 Z5.000 F500.000
G0 X47.261 Y183.008 F3000.000
G1 Z1.000 F500.000
G4 P100
G1 X47.326 Y183.354 F1000.000
G1 X47.171 Y183.575
G1 X46.719 Y183.548
G1 X46.436 Y183.281
G1 X46.244 Y182.504
G1 X46.338 Y182.116
G1 X46.544 Y181.883
G1 X46.929 Y181.783
G1 X47.457 Y181.884
G1 X47.917 Y182.203
G1 X48.086 Y182.520
G0 Z5.000 F500.000
G0 X48.122 Y182.379 F3000.000
G1 Z1.000 F500.000
G4 P100
G1 X48.809 Y182.576 F1000.000
G1 X49.190 Y182.916
G1 X49.261 Y183.184
G1 X49.201 Y183.430
G1 X49.044 Y183.575
G1 X48.794 Y183.620
G1 X48.381 Y183.437
G1 X48.109 Y182.984
G1 X48.066 Y182.529
G1 X48.145 Y182.163
G1 X48.292 Y181.957
G1 X48.700 Y181.772
G1 X49.220 Y181.811
G1 X49.799 Y182.133
G1 X50.041 Y182.486
G0 Z5.000 F500.000
G0 X51.728 Y182.989 F3000.000
G1 Z1.000 F500.000
G4 P100
G1 X51.818 Y183.283 F1000.000
G1 X51.703 Y183.543
G1 X51.435 Y183.620
G1 X51.145 Y183.511
G1 X50.851 Y183.107
G1 X50.702 Y182.445
G1 X50.200 Y182.257
G1 X50.165 Y181.832
G1 X50.137 Y182.958
G1 X50.267 Y183.520
G1 X50.444 Y183.709
G1 X50.270 Y183.527
G1 X50.146 Y183.016
G1 X50.102 Y182.551
G1 X50.200 Y182.257
G1 X50.702 Y182.445
G1 X51.056 Y181.915
G1 X51.565 Y181.773
G1 X52.015 Y181.999
G1 X52.368 Y182.488
G0 Z5.000 F500.000
G0 X53.535 Y182.222 F3000.000
G1 Z1.000 F500.000
G4 P100
G1 X53.750 Y183.402 F1000.000
G1 X53.255 Y183.626
G1 X52.800 Y183.371
G1 X52.473 Y182.882
G1 X52.367 Y182.253
G1 X52.546 Y181.858
G1 X52.971 Y181.798
G1 X53.535 Y182.222
G1 X53.765 Y181.850
G1 X54.056 Y181.805
G1 X54.481 Y182.108
G1 X54.717 Y182.488
G0 Z5.000 F500.000
G0 X55.119 Y183.709 F3000.000
G1 Z1.000 F500.000
G4 P100
G1 X54.943 Y183.520 F1000.000
G1 X54.809 Y182.921
G1 X54.838 Y181.824
G1 X54.882 Y182.342
G1 X55.185 Y182.540
G1 X55.580 Y183.237
G1 X55.919 Y183.412
G1 X56.063 Y183.399
G1 X56.107 Y183.178
G1 X56.076 Y181.810
G1 X56.147 Y182.369
G1 X56.418 Y182.536
G1 X56.787 Y183.165
G1 X57.095 Y183.387
G1 X57.376 Y183.351
G1 X57.268 Y182.183
G1 X57.374 Y181.861
G1 X57.649 Y181.795
G1 X57.923 Y181.882
G1 X58.297 Y182.218
G1 X58.437 Y182.488
G0 Z5.000 F500.000
G0 X59.805 Y181.959 F3000.000
G1 Z1.000 F500.000
G4 P100
G1 X59.947 Y182.497 F1000.000
G1 X59.875 Y182.762
G1 X59.607 Y182.958
G1 X59.294 Y182.947
G1 X59.012 Y182.813
G1 X58.820 Y182.982
G1 X58.619 Y183.206
G1 X58.710 Y183.542
G1 X58.863 Y183.677
G1 X58.699 Y183.515
G1 X58.574 Y182.774
G1 X58.651 Y182.658
G1 X59.012 Y182.813
G1 X58.651 Y182.658
G1 X58.595 Y182.706
G1 X58.520 Y182.435
G1 X58.608 Y182.085
G1 X58.831 Y181.858
G1 X59.209 Y181.760
G1 X59.773 Y181.979
G1 X60.012 Y181.802
G1 X60.330 Y181.816
G1 X60.760 Y182.093
G1 X61.021 Y182.486
G0 Z5.000 F500.000
G0 X63.759 Y182.718 F3000.000
G1 Z1.000 F500.000
G4 P100
G1 X63.576 Y182.128 F1000.000
G1 X63.218 Y181.817
G1 X62.740 Y181.827
G1 X62.402 Y182.195
G1 X62.336 Y182.627
G1 X62.420 Y183.078
G1 X62.629 Y183.402
G1 X62.934 Y183.581
G1 X63.196 Y183.600
G1 X63.407 Y183.492
G1 X63.759 Y182.718
G1 X64.157 Y182.711
G1 X64.565 Y182.830
G0 Z5.000 F500.000
G0 X66.222 Y185.777 F3000.000
G1 Z1.000 F500.000
G4 P100
G1 X65.227 Y185.475 F1000.000
G1 X64.985 Y185.169
G1 X65.092 Y184.803
G1 X65.886 Y183.780
G1 X65.922 Y183.044
G1 X66.041 Y182.733
G1 X65.876 Y182.311
G1 X65.615 Y181.943
G1 X65.262 Y181.781
G1 X64.880 Y181.855
G1 X64.662 Y182.155
G1 X64.623 Y182.591
G1 X64.712 Y183.026
G1 X64.916 Y183.355
G1 X65.202 Y183.537
G1 X65.885 Y183.463
G1 X66.041 Y182.733
G1 X66.470 Y182.702
G1 X66.940 Y182.842
G0 Z5.000 F500.000
G0 X66.939 Y182.564 F3000.000
G1 Z1.000 F500.000
G4 P100
G1 X66.786 Y182.325 F1000.000
G1 X66.814 Y181.978
G1 X66.985 Y181.811
G1 X67.259 Y181.827
G1 X67.544 Y182.090
G1 X68.003 Y183.053
G1 X68.392 Y183.475
G1 X68.326 Y183.319
G1 X68.469 Y182.994
G1 X68.476 Y182.234
G1 X68.626 Y181.854
G1 X68.883 Y181.783
G1 X69.166 Y181.872
G1 X69.534 Y182.237
G1 X69.651 Y182.486
G0 Z5.000 F500.000
G0 X70.880 Y182.222 F3000.000
G1 Z1.000 F500.000
G4 P100
G1 X71.095 Y183.402 F1000.000
G1 X70.600 Y183.626
G1 X70.145 Y183.371
G1 X69.818 Y182.882
G1 X69.712 Y182.253
G1 X69.891 Y181.858
G1 X70.316 Y181.798
G1 X70.880 Y182.222
G1 X71.110 Y181.850
G1 X71.401 Y181.805
G1 X71.826 Y182.108
G1 X72.062 Y182.488
G0 Z5.000 F500.000
G0 X73.086 Y183.008 F3000.000
G1 Z1.000 F500.000
G4 P100
G1 X73.151 Y183.354 F1000.000
G1 X72.996 Y183.575
G1 X72.544 Y183.548
G1 X72.261 Y183.281
G1 X72.069 Y182.504
G1 X72.163 Y182.116
G1 X72.369 Y181.883
G1 X72.754 Y181.783
G1 X73.282 Y181.884
G1 X73.742 Y182.203
G1 X73.911 Y182.520
G0 Z5.000 F500.000
G0 X74.304 Y183.709 F3000.000
G1 Z1.000 F500.000
G4 P100
G1 X74.128 Y183.520 F1000.000
G1 X73.994 Y182.921
G1 X74.023 Y181.824
G1 X74.067 Y182.342
G1 X74.370 Y182.540
G1 X74.765 Y183.237
G1 X75.104 Y183.412
G1 X75.248 Y183.399
G1 X75.292 Y183.178
G1 X75.261 Y181.810
G1 X75.332 Y182.369
G1 X75.603 Y182.536
G1 X75.972 Y183.165
G1 X76.280 Y183.387
G1 X76.561 Y183.351
G1 X76.453 Y182.183
G1 X76.559 Y181.861
G1 X76.834 Y181.795
G1 X77.108 Y181.882
G1 X77.482 Y182.218
G1 X77.622 Y182.488
G0 Z5.000 F500.000
G0 X78.990 Y181.959 F3000.000
G1 Z1.000 F500.000
G4 P100
G1 X79.132 Y182.497 F1000.000
G1 X79.060 Y182.762
G1 X78.792 Y182.958
G1 X78.479 Y182.947
G1 X78.197 Y182.813
G1 X78.005 Y182.982
G1 X77.804 Y183.206
G1 X77.895 Y183.542
G1 X78.048 Y183.677
G1 X77.884 Y183.515
G1 X77.759 Y182.774
G1 X77.836 Y182.658
G1 X78.197 Y182.813
G1 X77.836 Y182.658
G1 X77.780 Y182.706
G1 X77.705 Y182.435
G1 X77.793 Y182.085
G1 X78.016 Y181.858
G1 X78.394 Y181.760
G1 X78.958 Y181.979
G1 X79.197 Y181.802
G1 X79.515 Y181.816
G1 X79.945 Y182.093
G1 X80.206 Y182.486
G0 Z5.000 F500.000
G0 X20.903 Y172.724 F3000.000
G1 Z1.000 F500.000
G4 P100
G1 X20.723 Y172.513 F1000.000
G1 X20.544 Y171.549
G1 X20.577 Y171.136
G1 X20.761 Y170.914
G1 X21.035 Y171.025
G1 X21.333 Y171.391
G1 X21.592 Y171.489
G1 X21.865 Y172.522
G1 X21.990 Y172.693
G1 X21.865 Y172.522
G1 X21.592 Y171.489
G1 X21.709 Y170.964
G1 X21.923 Y170.826
G1 X22.305 Y170.920
G1 X22.722 Y171.326
G1 X22.812 Y171.710
G1 X22.788 Y172.326
G1 X22.912 Y172.502
G1 X23.221 Y172.664
G1 X23.575 Y172.714
G1 X23.858 Y172.652
G1 X24.016 Y172.476
G1 X24.037 Y172.152
G1 X23.876 Y171.844
G1 X22.877 Y171.235
G1 X23.572 Y170.615
G1 X23.621 Y169.919
G1 X23.472 Y169.339
G1 X23.202 Y168.838
G1 X22.900 Y168.566
G1 X22.572 Y168.538
G1 X22.386 Y168.693
G1 X22.347 Y169.009
G1 X22.672 Y169.749
G1 X23.205 Y170.279
G1 X23.543 Y170.405
G1 X23.572 Y170.615
G1 X24.837 Y171.438
G0 Z5.000 F500.000
G0 X26.384 Y171.743 F3000.000
G1 Z1.000 F500.000
G4 P100
G1 X26.201 Y171.153 F1000.000
G1 X25.843 Y170.842
G1 X25.365 Y170.852
G1 X25.027 Y171.220
G1 X24.961 Y171.652
G1 X25.045 Y172.103
G1 X25.254 Y172.427
G1 X25.559 Y172.606
G1 X25.821 Y172.625
G1 X26.032 Y172.517
G1 X26.384 Y171.743
G1 X26.782 Y171.736
G1 X27.190 Y171.855
G0 Z5.000 F500.000
G0 X28.847 Y174.802 F3000.000
G1 Z1.000 F500.000
G4 P100
G1 X27.852 Y174.500 F1000.000
G1 X27.610 Y174.194
G1 X27.717 Y173.828
G1 X28.511 Y172.805
G1 X28.547 Y172.069
G1 X28.666 Y171.758
G1 X28.501 Y171.336
G1 X28.240 Y170.968
G1 X27.887 Y170.806
G1 X27.505 Y170.880
G1 X27.287 Y171.180
G1 X27.248 Y171.616
G1 X27.337 Y172.051
G1 X27.541 Y172.380
G1 X27.827 Y172.562
G1 X28.510 Y172.488
G1 X28.666 Y171.758
G1 X29.095 Y171.727
G1 X29.565 Y171.867
G0 Z5.000 F500.000
G0 X30.675 Y171.052 F3000.000
G1 Z1.000 F500.000
G4 P100
G1 X30.988 Y171.819 F1000.000
G1 X30.932 Y172.440
G1 X30.758 Y172.602
G1 X30.529 Y172.631
G1 X29.789 Y172.280
G1 X29.750 Y172.619
G1 X29.731 Y171.543
G1 X29.632 Y171.140
G1 X29.772 Y170.788
G1 X29.560 Y169.307
G1 X29.308 Y168.641
G1 X29.113 Y168.525
G1 X28.901 Y168.563
G1 X28.740 Y168.897
G1 X28.773 Y169.488
G1 X29.004 Y170.304
G1 X29.338 Y170.999
G1 X29.632 Y171.140
G1 X29.772 Y170.788
G1 X29.864 Y170.776
G1 X30.219 Y170.813
G1 X30.675 Y171.052
G1 X30.923 Y170.840
G1 X31.249 Y170.826
G1 X31.701 Y171.083
G1 X32.001 Y171.523
G0 Z5.000 F500.000
G0 X33.165 Y171.247 F3000.000
G1 Z1.000 F500.000
G4 P100
G1 X33.380 Y172.427 F1000.000
G1 X32.921 Y172.658
G1 X32.420 Y172.386
G1 X32.073 Y171.825
G1 X32.014 Y171.162
G1 X32.114 Y170.944
G1 X32.299 Y170.818
G1 X32.647 Y170.843
G1 X33.165 Y171.247
G1 X33.401 Y170.870
G1 X33.707 Y170.837
G1 X34.121 Y171.144
G1 X34.345 Y171.507
G1 X34.241 Y171.183
G1 X34.326 Y170.919
G1 X34.589 Y170.808
G1 X34.884 Y170.896
G1 X35.158 Y171.260
G1 X35.354 Y171.916
G1 X35.139 Y172.471
G1 X34.814 Y172.626
G1 X34.611 Y172.522
G1 X34.529 Y172.300
G1 X34.670 Y172.574
G1 X34.985 Y172.601
G1 X35.191 Y172.389
G1 X35.354 Y171.916
G1 X35.752 Y172.007
G1 X35.872 Y172.586
G1 X36.008 Y172.724
G1 X35.872 Y172.586
G1 X35.752 Y172.007
G1 X35.850 Y171.328
G1 X35.755 Y170.766
G1 X35.850 Y171.328
G1 X36.297 Y171.570
G1 X36.503 Y172.274
G1 X36.872 Y172.621
G1 X37.269 Y172.568
G1 X37.376 Y172.198
G1 X37.315 Y172.036
G1 X37.362 Y172.424
G1 X37.112 Y172.640
G1 X36.805 Y172.592
G1 X36.548 Y172.349
G1 X36.297 Y171.570
G1 X36.580 Y170.998
G1 X36.912 Y170.809
G1 X37.294 Y170.838
G1 X37.748 Y171.190
G1 X37.932 Y171.516
G0 Z5.000 F500.000
G0 X37.977 Y171.404 F3000.000
G1 Z1.000 F500.000
G4 P100
G1 X38.664 Y171.601 F1000.000
G1 X39.045 Y171.941
G1 X39.116 Y172.209
G1 X39.056 Y172.455
G1 X38.899 Y172.600
G1 X38.649 Y172.645
G1 X38.236 Y172.462
G1 X37.964 Y172.009
G1 X37.921 Y171.554
G1 X38.000 Y171.188
G1 X38.147 Y170.982
G1 X38.555 Y170.797
G1 X39.075 Y170.836
G1 X39.654 Y171.158
G1 X39.896 Y171.511
G0 Z5.000 F500.000
G0 X40.282 Y172.720 F3000.000
G1 Z1.000 F500.000
G4 P100
G1 X40.131 Y172.564 F1000.000
G1 X40.019 Y172.089
G1 X39.984 Y170.783
G1 X39.951 Y171.431
G1 X40.033 Y171.781
G1 X41.121 Y171.719
G1 X41.436 Y172.668
G1 X41.121 Y171.719
G1 X41.207 Y170.903
G1 X41.465 Y170.821
G1 X41.749 Y170.904
G1 X42.138 Y171.246
G1 X42.271 Y171.511
G0 Z5.000 F500.000
G0 X42.688 Y172.724 F3000.000
G1 Z1.000 F500.000
G4 P100
G1 X42.508 Y172.513 F1000.000
G1 X42.330 Y171.571
G1 X42.358 Y171.149
G1 X42.532 Y170.916
G1 X42.779 Y170.994
G1 X43.089 Y171.369
G1 X43.377 Y171.489
G1 X43.650 Y172.522
G1 X43.775 Y172.693
G1 X43.650 Y172.522
G1 X43.377 Y171.489
G1 X43.475 Y171.011
G1 X43.607 Y170.847
G1 X43.890 Y170.833
G1 X44.168 Y170.975
G1 X44.504 Y171.320
G1 X44.529 Y171.568
G1 X44.409 Y171.188
G1 X44.626 Y170.859
G1 X45.054 Y170.812
G1 X45.487 Y171.049
G1 X45.729 Y171.322
G1 X45.784 Y171.553
G1 X45.270 Y171.744
G1 X45.125 Y172.174
G1 X45.254 Y172.509
G1 X45.588 Y172.679
G1 X46.369 Y172.553
G1 X46.143 Y171.679
G1 X45.784 Y171.553
G1 X46.143 Y171.679
G1 X46.212 Y171.077
G1 X46.327 Y170.854
G1 X46.562 Y170.825
G1 X46.823 Y170.934
G1 X47.171 Y171.258
G1 X47.298 Y171.518
G0 Z5.000 F500.000
G0 X47.123 Y170.002 F3000.000
G1 Z1.000 F500.000
G4 P100
G1 X47.423 Y171.089 F1000.000
G0 Z5.000 F500.000
G0 X51.075 Y171.247 F3000.000
G1 Z1.000 F500.000
G4 P100
G1 X51.290 Y172.427 F1000.000
G1 X50.795 Y172.651
G1 X50.340 Y172.396
G1 X50.013 Y171.907
G1 X49.907 Y171.278
G1 X50.086 Y170.883
G1 X50.511 Y170.823
G1 X51.075 Y171.247
G1 X51.305 Y170.875
G1 X51.596 Y170.830
G1 X52.021 Y171.133
G1 X52.257 Y171.513
G0 Z5.000 F500.000
G0 X53.984 Y172.734 F3000.000
G1 Z1.000 F500.000
G4 P100
G1 X53.807 Y172.545 F1000.000
G1 X53.669 Y171.930
G1 X53.749 Y171.357
G1 X53.703 Y170.849
G1 X53.749 Y171.357
G1 X54.052 Y171.555
G1 X54.474 Y172.263
G1 X54.769 Y172.428
G1 X54.994 Y172.383
G1 X54.899 Y171.110
G1 X54.975 Y170.907
G1 X55.168 Y170.827
G1 X55.596 Y170.937
G1 X55.951 Y171.274
G1 X56.160 Y171.673
G1 X56.844 Y171.977
G1 X57.305 Y171.970
G1 X57.442 Y171.887
G1 X57.417 Y171.464
G1 X57.219 Y171.051
G1 X56.946 Y170.847
G1 X56.608 Y170.806
G1 X56.314 Y170.942
G1 X56.117 Y171.220
G1 X56.050 Y171.637
G1 X56.129 Y172.089
G1 X56.328 Y172.411
G1 X56.628 Y172.599
G1 X56.897 Y172.627
G1 X57.117 Y172.523
G1 X57.474 Y171.743
G1 X57.872 Y171.736
G1 X58.280 Y171.855
G0 Z5.000 F500.000
G0 X59.341 Y172.033 F3000.000
G1 Z1.000 F500.000
G4 P100
G1 X59.406 Y172.379 F1000.000
G1 X59.251 Y172.600
G1 X58.799 Y172.573
G1 X58.516 Y172.306
G1 X58.324 Y171.529
G1 X58.418 Y171.141
G1 X58.624 Y170.908
G1 X59.016 Y170.808
G1 X59.564 Y170.920
G1 X60.061 Y171.298
G1 X60.160 Y171.457
G1 X60.122 Y171.585
G1 X59.973 Y171.336
G1 X60.013 Y170.983
G1 X60.203 Y170.828
G1 X60.482 Y170.868
G1 X60.793 Y171.208
G1 X61.205 Y172.096
G1 X61.582 Y172.500
G1 X61.516 Y172.344
G1 X61.658 Y172.026
G1 X61.678 Y171.187
G1 X61.768 Y170.931
G1 X61.920 Y170.828
G1 X62.404 Y170.929
G1 X62.841 Y171.511
G1 X62.947 Y171.404
G1 X63.347 Y171.492
G1 X63.932 Y171.823
G1 X64.077 Y172.121
G1 X64.037 Y172.436
G1 X63.835 Y172.615
G1 X63.516 Y172.631
G1 X63.140 Y172.394
G1 X62.914 Y171.931
G1 X62.951 Y171.250
G1 X63.139 Y170.962
G1 X63.554 Y170.793
G1 X64.066 Y170.842
G1 X64.630 Y171.162
G1 X64.866 Y171.511
G0 Z5.000 F500.000
G0 X67.604 Y171.743 F3000.000
G1 Z1.000 F500.000
G4 P100
G1 X67.421 Y171.153 F1000.000
G1 X67.063 Y170.842
G1 X66.585 Y170.852
G1 X66.247 Y171.220
G1 X66.181 Y171.652
G1 X66.265 Y172.103
G1 X66.474 Y172.427
G1 X66.779 Y172.606
G1 X67.041 Y172.625
G1 X67.252 Y172.517
G1 X67.604 Y171.743
G1 X68.002 Y171.736
G1 X68.410 Y171.855
G0 Z5.000 F500.000
G0 X70.133 Y172.014 F3000.000
G1 Z1.000 F500.000
G4 P100
G1 X70.223 Y172.308 F1000.000
G1 X70.108 Y172.568
G1 X69.840 Y172.645
G1 X69.550 Y172.536
G1 X69.256 Y172.132
G1 X69.107 Y171.470
G1 X68.605 Y171.282
G1 X68.570 Y170.857
G1 X68.542 Y171.983
G1 X68.672 Y172.545
G1 X68.849 Y172.734
G1 X68.678 Y172.559
G1 X68.571 Y172.148
G1 X68.562 Y171.358
G1 X68.605 Y171.282
G1 X69.107 Y171.470
G1 X69.391 Y171.003
G1 X69.744 Y170.810
G1 X70.269 Y170.907
G1 X70.662 Y171.278
G1 X70.872 Y171.675
G1 X71.554 Y171.977
G1 X72.015 Y171.970
G1 X72.152 Y171.887
G1 X72.119 Y171.435
G1 X71.910 Y171.029
G1 X71.629 Y170.837
G1 X71.296 Y170.809
G1 X71.007 Y170.957
G1 X70.822 Y171.234
G1 X70.761 Y171.652
G1 X70.842 Y172.096
G1 X71.043 Y172.416
G1 X71.345 Y172.602
G1 X71.614 Y172.626
G1 X71.832 Y172.517
G1 X72.184 Y171.743
G1 X72.582 Y171.736
G1 X72.990 Y171.855
G0 Z5.000 F500.000
G0 X73.412 Y172.720 F3000.000
G1 Z1.000 F500.000
G4 P100
G1 X73.261 Y172.564 F1000.000
G1 X73.149 Y172.089
G1 X73.114 Y170.783
G1 X73.081 Y171.431
G1 X73.163 Y171.781
G1 X74.251 Y171.719
G1 X74.566 Y172.668
G1 X74.251 Y171.719
G1 X74.337 Y170.903
G1 X74.595 Y170.821
G1 X74.879 Y170.904
G1 X75.268 Y171.246
G1 X75.401 Y171.511
G0 Z5.000 F500.000
G0 X75.054 Y171.015 F3000.000
G1 Z1.000 F500.000
G4 P100
G1 X75.653 Y171.761 F1000.000
G1 X76.063 Y172.781
G1 X76.215 Y172.909
G1 X76.619 Y172.562
G1 X77.215 Y172.453
G1 X77.554 Y172.690
G1 X77.215 Y172.453
G1 X77.107 Y172.224
G1 X76.481 Y171.584
G1 X76.389 Y171.177
G1 X76.548 Y170.877
G1 X76.959 Y170.761
G1 X77.465 Y170.863
G1 X77.971 Y171.180
G1 X78.184 Y171.521
G0 Z5.000 F500.000
G0 X79.345 Y171.247 F3000.000
G1 Z1.000 F500.000
G4 P100
G1 X79.560 Y172.427 F1000.000
G1 X79.065 Y172.651
G1 X78.610 Y172.396
G1 X78.283 Y171.907
G1 X78.177 Y171.278
G1 X78.356 Y170.883
G1 X78.781 Y170.823
G1 X79.345 Y171.247
G1 X79.575 Y170.875
G1 X79.866 Y170.830
G1 X80.291 Y171.133
G1 X80.527 Y171.513
G0 Z5.000 F500.000
G0 X80.912 Y172.720 F3000.000
G1 Z1.000 F500.000
G4 P100
G1 X80.761 Y172.564 F1000.000
G1 X80.649 Y172.089
G1 X80.614 Y170.783
G1 X80.581 Y171.431
G1 X80.663 Y171.781
G1 X81.751 Y171.719
G1 X82.066 Y172.668
G1 X81.751 Y171.719
G1 X81.837 Y170.903
G1 X82.095 Y170.821
G1 X82.379 Y170.904
G1 X82.768 Y171.246
G1 X82.901 Y171.511
G0 Z5.000 F500.000
G0 X83.318 Y172.724 F3000.000
G1 Z1.000 F500.000
G4 P100
G1 X83.138 Y172.513 F1000.000
G1 X82.960 Y171.571
G1 X82.988 Y171.149
G1 X83.162 Y170.916
G1 X83.409 Y170.994
G1 X83.719 Y171.369
G1 X84.007 Y171.489
G1 X84.280 Y172.522
G1 X84.405 Y172.693
G1 X84.280 Y172.522
G1 X84.007 Y171.489
G1 X84.105 Y171.011
G1 X84.237 Y170.847
G1 X84.520 Y170.833
G1 X84.798 Y170.975
G1 X85.134 Y171.320
G1 X85.159 Y171.568
G1 X85.039 Y171.188
G1 X85.256 Y170.859
G1 X85.684 Y170.812
G1 X86.117 Y171.049
G1 X86.359 Y171.322
G1 X86.414 Y171.553
G1 X85.900 Y171.744
G1 X85.755 Y172.174
G1 X85.884 Y172.509
G1 X86.218 Y172.679
G1 X86.999 Y172.553
G1 X86.773 Y171.679
G1 X86.414 Y171.553
G1 X86.773 Y171.679
G1 X86.842 Y171.077
G1 X86.957 Y170.854
G1 X87.192 Y170.825
G1 X87.453 Y170.934
G1 X87.801 Y171.258
G1 X87.928 Y171.518
G0 Z5.000 F500.000
G0 X90.335 Y171.052 F3000.000
G1 Z1.000 F500.000
G4 P100
G1 X90.648 Y171.819 F1000.000
G1 X90.592 Y172.440
G1 X90.418 Y172.602
G1 X90.189 Y172.631
G1 X89.449 Y172.280
G1 X89.410 Y172.619
G1 X89.391 Y171.543
G1 X89.292 Y171.140
G1 X89.432 Y170.788
G1 X89.220 Y169.307
G1 X88.968 Y168.641
G1 X88.773 Y168.525
G1 X88.561 Y168.563
G1 X88.400 Y168.897
G1 X88.433 Y169.488
G1 X88.664 Y170.304
G1 X88.998 Y170.999
G1 X89.292 Y171.140
G1 X89.432 Y170.788
G1 X89.524 Y170.776
G1 X89.879 Y170.813
G1 X90.335 Y171.052
G1 X90.583 Y170.840
G1 X90.909 Y170.826
G1 X91.361 Y171.083
G1 X91.661 Y171.523
G0 Z5.000 F500.000
G0 X92.073 Y172.724 F3000.000
G1 Z1.000 F500.000
G4 P100
G1 X91.895 Y172.520 F1000.000
G1 X91.722 Y171.644
G1 X91.729 Y171.199
G1 X91.885 Y170.931
G1 X92.152 Y170.986
G1 X92.474 Y171.369
G1 X92.762 Y171.489
G1 X93.035 Y172.522
G1 X93.160 Y172.693
G1 X93.035 Y172.522
G1 X92.762 Y171.489
G1 X92.905 Y170.920
G1 X93.137 Y170.822
G1 X93.437 Y170.897
G1 X93.836 Y171.249
G1 X93.965 Y171.509
G0 Z5.000 F500.000
G0 X94.991 Y172.033 F3000.000
G1 Z1.000 F500.000
G4 P100
G1 X95.056 Y172.379 F1000.000
G1 X94.901 Y172.600
G1 X94.449 Y172.573
G1 X94.166 Y172.306
G1 X93.974 Y171.529
G1 X94.068 Y171.141
G1 X94.274 Y170.908
G1 X94.659 Y170.808
G1 X95.187 Y170.909
G1 X95.647 Y171.228
G1 X95.816 Y171.545
G0 Z5.000 F500.000
G0 X96.196 Y172.702 F3000.000
G1 Z1.000 F500.000
G4 P100
G1 X96.032 Y172.480 F1000.000
G1 X95.861 Y171.514
G1 X95.905 Y171.117
G1 X96.095 Y170.913
G1 X96.345 Y171.007
G1 X96.653 Y171.393
G1 X96.946 Y171.521
G1 X97.300 Y172.683
G1 X96.946 Y171.521
G1 X97.024 Y170.840
G1 X96.751 Y170.276
G1 X96.770 Y169.945
G1 X96.546 Y169.217
G1 X96.164 Y168.619
G1 X95.929 Y168.528
G1 X95.697 Y168.584
G1 X95.563 Y168.768
G1 X95.557 Y169.052
G1 X95.889 Y169.686
G1 X96.416 Y170.194
G1 X96.751 Y170.276
G1 X97.024 Y170.840
G1 X97.401 Y170.926
G1 X98.074 Y171.450
G0 Z5.000 F500.000
G0 X98.587 Y172.720 F3000.000
G1 Z1.000 F500.000
G4 P100
G1 X98.436 Y172.564 F1000.000
G1 X98.324 Y172.089
G1 X98.289 Y170.783
G1 X98.256 Y171.431
G1 X98.338 Y171.781
G1 X99.426 Y171.719
G1 X99.741 Y172.668
G1 X99.426 Y171.719
G1 X99.512 Y170.903
G1 X99.770 Y170.821
G1 X100.054 Y170.904
G1 X100.443 Y171.246
G1 X100.576 Y171.511
G0 Z5.000 F500.000
G0 X102.263 Y172.014 F3000.000
G1 Z1.000 F500.000
G4 P100
G1 X102.353 Y172.308 F1000.000
G1 X102.238 Y172.568
G1 X101.970 Y172.645
G1 X101.680 Y172.536
G1 X101.386 Y172.132
G1 X101.237 Y171.470
G1 X100.735 Y171.282
G1 X100.700 Y170.857
G1 X100.672 Y171.983
G1 X100.802 Y172.545
G1 X100.979 Y172.734
G1 X100.805 Y172.552
G1 X100.681 Y172.041
G1 X100.637 Y171.576
G1 X100.735 Y171.282
G1 X101.237 Y171.470
G1 X101.591 Y170.940
G1 X102.100 Y170.798
G1 X102.550 Y171.024
G1 X102.903 Y171.513
G0 Z5.000 F500.000
G0 X104.070 Y171.247 F3000.000
G1 Z1.000 F500.000
G4 P100
G1 X104.285 Y172.427 F1000.000
G1 X103.790 Y172.651
G1 X103.335 Y172.396
G1 X103.008 Y171.907
G1 X102.902 Y171.278
G1 X103.081 Y170.883
G1 X103.506 Y170.823
G1 X104.070 Y171.247
G1 X104.300 Y170.875
G1 X104.591 Y170.830
G1 X105.016 Y171.133
G1 X105.252 Y171.513
G0 Z5.000 F500.000
G0 X107.745 Y171.247 F3000.000
G1 Z1.000 F500.000
G4 P100
G1 X107.960 Y172.427 F1000.000
G1 X107.465 Y172.651
G1 X107.010 Y172.396
G1 X106.683 Y171.907
G1 X106.577 Y171.278
G1 X106.756 Y170.883
G1 X107.181 Y170.823
G1 X107.745 Y171.247
G1 X107.975 Y170.875
G1 X108.266 Y170.830
G1 X108.691 Y171.133
G1 X108.927 Y171.513
G0 Z5.000 F500.000
G0 X110.547 Y174.802 F3000.000
G1 Z1.000 F500.000
G4 P100
G1 X109.591 Y174.518 F1000.000
G1 X109.331 Y174.286
G1 X109.397 Y173.859
G1 X110.196 Y172.846
G1 X110.247 Y172.069
G1 X110.366 Y171.758
G1 X110.128 Y171.193
G1 X109.840 Y170.896
G1 X109.425 Y170.805
G1 X109.086 Y170.986
G1 X108.952 Y171.368
G1 X108.992 Y171.913
G1 X109.183 Y172.313
G1 X109.486 Y172.548
G1 X110.210 Y172.488
G1 X110.313 Y171.854
G1 X110.366 Y171.758
G1 X110.574 Y171.722
G1 X111.222 Y171.817
G1 X111.379 Y172.478
G1 X111.730 Y172.668
G1 X112.320 Y172.668
G1 X112.478 Y172.541
G1 X112.545 Y172.319
G1 X112.491 Y172.026
G1 X112.314 Y171.787
G1 X111.375 Y171.242
G1 X111.444 Y171.091
G1 X111.862 Y170.853
G1 X112.067 Y170.615
G1 X112.105 Y169.839
G1 X111.920 Y169.224
G1 X111.612 Y168.737
G1 X111.284 Y168.529
G1 X110.951 Y168.602
G1 X110.849 Y168.805
G1 X110.863 Y169.147
G1 X111.222 Y169.817
G1 X111.735 Y170.305
G1 X112.038 Y170.405
G1 X112.067 Y170.615
G1 X113.332 Y171.438
G0 Z5.000 F500.000
G0 X114.635 Y171.247 F3000.000
G1 Z1.000 F500.000
G4 P100
G1 X114.850 Y172.427 F1000.000
G1 X114.355 Y172.651
G1 X113.900 Y172.396
G1 X113.573 Y171.907
G1 X113.467 Y171.278
G1 X113.646 Y170.883
G1 X114.071 Y170.823
G1 X114.635 Y171.247
G1 X114.865 Y170.875
G1 X115.156 Y170.830
G1 X115.581 Y171.133
G1 X115.817 Y171.513
G0 Z5.000 F500.000
G0 X116.233 Y172.724 F3000.000
G1 Z1.000 F500.000
G4 P100
G1 X116.051 Y172.506 F1000.000
G1 X115.874 Y171.563
G1 X115.909 Y171.129
G1 X116.098 Y170.913
G1 X116.382 Y171.038
G1 X116.663 Y171.390
G1 X116.914 Y171.487
G1 X117.322 Y172.695
G1 X116.914 Y171.487
G1 X117.027 Y171.042
G1 X117.320 Y170.759
G1 X117.154 Y170.422
G1 X117.120 Y169.935
G1 X116.771 Y169.373
G1 X116.523 Y169.277
G1 X116.293 Y169.336
G1 X116.193 Y169.648
G1 X116.405 Y170.024
G1 X116.843 Y170.364
G1 X117.154 Y170.422
G1 X117.320 Y170.759
G1 X117.662 Y170.840
G1 X118.167 Y171.225
G0 Z5.000 F500.000
G0 X120.600 Y170.273 F3000.000
G1 Z1.000 F500.000
G4 P100
G1 X120.596 Y169.856 F1000.000
G1 X120.220 Y168.860
G1 X119.909 Y168.559
G1 X119.549 Y168.582
G1 X119.395 Y168.911
G1 X119.555 Y169.422
G1 X120.220 Y170.156
G1 X120.600 Y170.273
G1 X120.859 Y170.833
G1 X120.752 Y171.054
G1 X121.025 Y172.400
G1 X120.585 Y172.662
G1 X120.264 Y172.540
G1 X119.975 Y172.284
G1 X119.740 Y171.872
G1 X119.646 Y171.401
G1 X119.701 Y171.049
G1 X119.915 Y170.829
G1 X120.191 Y170.812
G1 X120.752 Y171.054
G1 X120.862 Y170.840
G1 X121.108 Y170.862
G1 X121.914 Y171.450
G0 Z5.000 F500.000
G0 X123.454 Y171.743 F3000.000
G1 Z1.000 F500.000
G4 P100
G1 X123.271 Y171.153 F1000.000
G1 X122.913 Y170.842
G1 X122.435 Y170.852
G1 X122.097 Y171.220
G1 X122.031 Y171.652
G1 X122.115 Y172.103
G1 X122.324 Y172.427
G1 X122.629 Y172.606
G1 X122.891 Y172.625
G1 X123.102 Y172.517
G1 X123.454 Y171.743
G1 X123.852 Y171.736
G1 X124.260 Y171.855
G0 Z5.000 F500.000
G0 X124.269 Y171.589 F3000.000
G1 Z1.000 F500.000
G4 P100
G1 X124.116 Y171.350 F1000.000
G1 X124.144 Y171.003
G1 X124.315 Y170.836
G1 X124.589 Y170.852
G1 X124.874 Y171.115
G1 X125.333 Y172.078
G1 X125.722 Y172.500
G1 X125.656 Y172.344
G1 X125.794 Y172.047
G1 X125.802 Y171.288
G1 X125.935 Y170.897
G1 X126.191 Y170.808
G1 X126.477 Y170.885
G1 X126.859 Y171.256
G1 X126.980 Y171.504
G1 X126.991 Y170.959
G1 X127.161 Y170.830
G1 X127.422 Y170.822
G1 X127.800 Y171.156
G1 X128.049 Y171.916
G1 X127.742 Y172.564
G1 X127.494 Y172.624
G1 X127.284 Y172.493
G1 X127.224 Y172.300
G1 X127.396 Y172.593
G1 X127.742 Y172.564
G1 X128.049 Y171.916
G1 X128.447 Y172.007
G1 X128.567 Y172.586
G1 X128.703 Y172.724
G1 X128.567 Y172.586
G1 X128.447 Y172.007
G1 X128.545 Y171.328
G1 X128.450 Y170.766
G1 X128.545 Y171.328
G1 X128.992 Y171.570
G1 X129.198 Y172.274
G1 X129.567 Y172.621
G1 X129.964 Y172.568
G1 X130.071 Y172.198
G1 X130.010 Y172.036
G1 X130.057 Y172.424
G1 X129.807 Y172.640
G1 X129.500 Y172.592
G1 X129.243 Y172.349
G1 X128.992 Y171.570
G1 X129.275 Y170.998
G1 X129.607 Y170.809
G1 X129.989 Y170.838
G1 X130.443 Y171.190
G1 X130.627 Y171.516
G0 Z5.000 F500.000
G0 X130.672 Y171.404 F3000.000
G1 Z1.000 F500.000
G4 P100
G1 X131.359 Y171.601 F1000.000
G1 X131.740 Y171.941
G1 X131.811 Y172.209
G1 X131.751 Y172.455
G1 X131.594 Y172.600
G1 X131.344 Y172.645
G1 X130.931 Y172.462
G1 X130.659 Y172.009
G1 X130.616 Y171.554
G1 X130.695 Y171.188
G1 X130.842 Y170.982
G1 X131.250 Y170.797
G1 X131.770 Y170.836
G1 X132.349 Y171.158
G1 X132.591 Y171.511
G0 Z5.000 F500.000
G0 X132.977 Y172.720 F3000.000
G1 Z1.000 F500.000
G4 P100
G1 X132.826 Y172.564 F1000.000
G1 X132.714 Y172.089
G1 X132.679 Y170.783
G1 X132.646 Y171.431
G1 X132.728 Y171.781
G1 X133.816 Y171.719
G1 X134.131 Y172.668
G1 X133.816 Y171.719
G1 X133.902 Y170.903
G1 X134.160 Y170.821
G1 X134.444 Y170.904
G1 X134.833 Y171.246
G1 X134.966 Y171.511
G0 Z5.000 F500.000
G0 X137.316 Y172.033 F3000.000
G1 Z1.000 F500.000
G4 P100
G1 X137.381 Y172.379 F1000.000
G1 X137.226 Y172.600
G1 X136.774 Y172.573
G1 X136.491 Y172.306
G1 X136.299 Y171.529
G1 X136.393 Y171.141
G1 X136.599 Y170.908
G1 X136.984 Y170.808
G1 X137.512 Y170.909
G1 X137.972 Y171.228
G1 X138.141 Y171.545
G0 Z5.000 F500.000
G0 X138.517 Y172.720 F3000.000
G1 Z1.000 F500.000
G4 P100
G1 X138.366 Y172.564 F1000.000
G1 X138.254 Y172.089
G1 X138.219 Y170.783
G1 X138.186 Y171.431
G1 X138.268 Y171.781
G1 X139.356 Y171.719
G1 X139.671 Y172.668
G1 X139.356 Y171.719
G1 X139.373 Y171.080
G1 X139.546 Y170.843
G1 X140.021 Y170.927
G1 X140.396 Y171.274
G1 X140.606 Y171.673
G1 X141.290 Y171.976
G1 X141.750 Y171.970
G1 X141.887 Y171.887
G1 X141.856 Y171.442
G1 X141.650 Y171.034
G1 X141.371 Y170.839
G1 X141.038 Y170.808
G1 X140.747 Y170.952
G1 X140.557 Y171.234
G1 X140.496 Y171.652
G1 X140.577 Y172.096
G1 X140.778 Y172.416
G1 X141.080 Y172.602
G1 X141.349 Y172.626
G1 X141.567 Y172.517
G1 X141.919 Y171.743
G1 X142.317 Y171.736
G1 X142.725 Y171.855
G0 Z5.000 F500.000
G0 X144.284 Y171.743 F3000.000
G1 Z1.000 F500.000
G4 P100
G1 X143.968 Y172.485 F1000.000
G1 X143.574 Y172.725
G1 X143.605 Y172.954
G1 X144.034 Y173.761
G1 X144.169 Y174.323
G1 X144.105 Y174.847
G1 X143.976 Y174.981
G1 X143.797 Y175.006
G1 X143.583 Y174.901
G1 X143.401 Y174.654
G1 X143.054 Y173.631
G1 X142.902 Y172.677
G1 X142.937 Y172.302
G1 X143.244 Y172.386
G1 X143.586 Y172.668
G1 X143.244 Y172.386
G1 X142.937 Y172.302
G1 X142.867 Y171.716
G1 X142.961 Y171.198
G1 X143.256 Y170.859
G1 X143.692 Y170.825
G1 X144.086 Y171.134
G1 X144.284 Y171.743
G1 X145.080 Y171.843
G0 Z5.000 F500.000
G0 X146.295 Y171.247 F3000.000
G1 Z1.000 F500.000
G4 P100
G1 X146.510 Y172.427 F1000.000
G1 X146.015 Y172.651
G1 X145.560 Y172.396
G1 X145.233 Y171.907
G1 X145.127 Y171.278
G1 X145.306 Y170.883
G1 X145.731 Y170.823
G1 X146.295 Y171.247
G1 X146.525 Y170.875
G1 X146.816 Y170.830
G1 X147.241 Y171.133
G1 X147.477 Y171.513
G0 Z5.000 F500.000
G0 X20.903 Y161.749 F3000.000
G1 Z1.000 F500.000
G4 P100
G1 X20.725 Y161.545 F1000.000
G1 X20.552 Y160.669
G1 X20.559 Y160.224
G1 X20.715 Y159.956
G1 X20.982 Y160.011
G1 X21.304 Y160.394
G1 X21.592 Y160.514
G1 X21.865 Y161.547
G1 X21.990 Y161.718
G1 X21.865 Y161.547
G1 X21.592 Y160.514
G1 X21.735 Y159.945
G1 X21.967 Y159.847
G1 X22.267 Y159.922
G1 X22.666 Y160.274
G1 X22.795 Y160.534
G0 Z5.000 F500.000
G0 X23.821 Y161.058 F3000.000
G1 Z1.000 F500.000
G4 P100
G1 X23.886 Y161.404 F1000.000
G1 X23.731 Y161.625
G1 X23.279 Y161.598
G1 X22.996 Y161.331
G1 X22.804 Y160.554
G1 X22.898 Y160.166
G1 X23.104 Y159.933
G1 X23.489 Y159.833
G1 X24.017 Y159.934
G1 X24.477 Y160.253
G1 X24.646 Y160.570
G0 Z5.000 F500.000
G0 X25.039 Y161.759 F3000.000
G1 Z1.000 F500.000
G4 P100
G1 X24.862 Y161.570 F1000.000
G1 X24.724 Y160.955
G1 X24.804 Y160.382
G1 X24.758 Y159.874
G1 X24.804 Y160.382
G1 X25.107 Y160.580
G1 X25.529 Y161.288
G1 X25.824 Y161.453
G1 X26.049 Y161.408
G1 X25.954 Y160.135
G1 X26.030 Y159.932
G1 X26.223 Y159.852
G1 X26.651 Y159.962
G1 X27.006 Y160.299
G1 X27.215 Y160.698
G1 X27.899 Y161.002
G1 X28.360 Y160.995
G1 X28.497 Y160.912
G1 X28.472 Y160.489
G1 X28.274 Y160.076
G1 X28.001 Y159.872
G1 X27.663 Y159.831
G1 X27.369 Y159.967
G1 X27.172 Y160.245
G1 X27.105 Y160.662
G1 X27.184 Y161.114
G1 X27.383 Y161.436
G1 X27.683 Y161.624
G1 X27.952 Y161.652
G1 X28.172 Y161.548
G1 X28.529 Y160.768
G1 X28.927 Y160.761
G1 X29.335 Y160.880
G0 Z5.000 F500.000
G0 X29.344 Y160.614 F3000.000
G1 Z1.000 F500.000
G4 P100
G1 X29.191 Y160.375 F1000.000
G1 X29.219 Y160.028
G1 X29.390 Y159.861
G1 X29.664 Y159.877
G1 X29.949 Y160.140
G1 X30.408 Y161.103
G1 X30.797 Y161.525
G1 X30.731 Y161.369
G1 X30.874 Y161.044
G1 X30.881 Y160.284
G1 X31.031 Y159.904
G1 X31.288 Y159.833
G1 X31.571 Y159.922
G1 X31.939 Y160.287
G1 X32.056 Y160.536
G0 Z5.000 F500.000
G0 X33.485 Y160.009 F3000.000
G1 Z1.000 F500.000
G4 P100
G1 X33.627 Y160.547 F1000.000
G1 X33.555 Y160.812
G1 X33.287 Y161.008
G1 X32.974 Y160.997
G1 X32.692 Y160.863
G1 X32.500 Y161.032
G1 X32.299 Y161.256
G1 X32.390 Y161.592
G1 X32.543 Y161.727
G1 X32.379 Y161.565
G1 X32.254 Y160.824
G1 X32.331 Y160.708
G1 X32.692 Y160.863
G1 X32.331 Y160.708
G1 X32.275 Y160.756
G1 X32.205 Y160.400
G1 X32.409 Y159.980
G1 X32.865 Y159.808
G1 X33.453 Y160.029
G1 X33.805 Y159.830
G1 X34.182 Y159.941
G1 X34.674 Y160.447
G1 X34.694 Y161.351
G1 X34.794 Y161.508
G1 X35.392 Y161.737
G1 X35.703 Y161.704
G1 X35.888 Y161.566
G1 X35.950 Y161.227
G1 X35.800 Y160.890
G1 X34.782 Y160.260
G1 X35.477 Y159.640
G1 X35.534 Y159.046
G1 X35.220 Y158.034
G1 X34.943 Y157.686
G1 X34.665 Y157.549
G1 X34.379 Y157.613
G1 X34.256 Y157.852
G1 X34.297 Y158.264
G1 X34.516 Y158.692
G1 X35.070 Y159.273
G1 X35.448 Y159.430
G1 X35.477 Y159.640
G1 X36.742 Y160.463
G0 Z5.000 F500.000
G0 X38.289 Y160.768 F3000.000
G1 Z1.000 F500.000
G4 P100
G1 X38.106 Y160.178 F1000.000
G1 X37.748 Y159.867
G1 X37.270 Y159.877
G1 X36.932 Y160.245
G1 X36.866 Y160.677
G1 X36.950 Y161.128
G1 X37.159 Y161.452
G1 X37.464 Y161.631
G1 X37.726 Y161.650
G1 X37.937 Y161.542
G1 X38.289 Y160.768
G1 X38.687 Y160.761
G1 X39.095 Y160.880
G0 Z5.000 F500.000
G0 X40.654 Y160.768 F3000.000
G1 Z1.000 F500.000
G4 P100
G1 X40.338 Y161.510 F1000.000
G1 X39.944 Y161.750
G1 X39.975 Y161.979
G1 X40.404 Y162.786
G1 X40.539 Y163.348
G1 X40.475 Y163.872
G1 X40.346 Y164.006
G1 X40.167 Y164.031
G1 X39.953 Y163.926
G1 X39.771 Y163.679
G1 X39.424 Y162.656
G1 X39.272 Y161.702
G1 X39.307 Y161.327
G1 X39.614 Y161.411
G1 X39.956 Y161.693
G1 X39.614 Y161.411
G1 X39.307 Y161.327
G1 X39.237 Y160.741
G1 X39.331 Y160.223
G1 X39.626 Y159.884
G1 X40.062 Y159.850
G1 X40.456 Y160.159
G1 X40.654 Y160.768
G1 X41.450 Y160.868
G0 Z5.000 F500.000
G0 X42.665 Y160.272 F3000.000
G1 Z1.000 F500.000
G4 P100
G1 X42.880 Y161.452 F1000.000
G1 X42.385 Y161.676
G1 X41.930 Y161.421
G1 X41.603 Y160.932
G1 X41.497 Y160.303
G1 X41.676 Y159.908
G1 X42.101 Y159.848
G1 X42.665 Y160.272
G1 X42.895 Y159.900
G1 X43.186 Y159.855
G1 X43.611 Y160.158
G1 X43.847 Y160.538
G0 Z5.000 F500.000
G0 X44.249 Y161.759 F3000.000
G1 Z1.000 F500.000
G4 P100
G1 X44.073 Y161.570 F1000.000
G1 X43.939 Y160.971
G1 X43.968 Y159.874
G1 X44.012 Y160.392
G1 X44.315 Y160.590
G1 X44.710 Y161.287
G1 X45.049 Y161.462
G1 X45.193 Y161.449
G1 X45.237 Y161.228
G1 X45.206 Y159.860
G1 X45.277 Y160.419
G1 X45.548 Y160.586
G1 X45.917 Y161.215
G1 X46.225 Y161.437
G1 X46.506 Y161.401
G1 X46.398 Y160.233
G1 X46.504 Y159.911
G1 X46.779 Y159.845
G1 X47.053 Y159.932
G1 X47.427 Y160.268
G1 X47.567 Y160.538
G0 Z5.000 F500.000
G0 X48.935 Y160.009 F3000.000
G1 Z1.000 F500.000
G4 P100
G1 X49.077 Y160.547 F1000.000
G1 X49.005 Y160.812
G1 X48.737 Y161.008
G1 X48.424 Y160.997
G1 X48.142 Y160.863
G1 X47.950 Y161.032
G1 X47.749 Y161.256
G1 X47.840 Y161.592
G1 X47.993 Y161.727
G1 X47.829 Y161.565
G1 X47.704 Y160.824
G1 X47.781 Y160.708
G1 X48.142 Y160.863
G1 X47.781 Y160.708
G1 X47.725 Y160.756
G1 X47.650 Y160.485
G1 X47.738 Y160.135
G1 X47.961 Y159.908
G1 X48.339 Y159.810
G1 X48.903 Y160.029
G1 X49.142 Y159.852
G1 X49.460 Y159.866
G1 X49.890 Y160.143
G1 X50.151 Y160.536
G0 Z5.000 F500.000
G0 X51.879 Y161.759 F3000.000
G1 Z1.000 F500.000
G4 P100
G1 X51.702 Y161.570 F1000.000
G1 X51.564 Y160.955
G1 X51.644 Y160.382
G1 X51.598 Y159.874
G1 X51.644 Y160.382
G1 X51.947 Y160.580
G1 X52.369 Y161.288
G1 X52.664 Y161.453
G1 X52.889 Y161.408
G1 X52.794 Y160.135
G1 X52.870 Y159.932
G1 X53.063 Y159.852
G1 X53.491 Y159.962
G1 X53.846 Y160.299
G1 X54.055 Y160.698
G1 X54.739 Y161.002
G1 X55.200 Y160.995
G1 X55.337 Y160.912
G1 X55.312 Y160.489
G1 X55.114 Y160.076
G1 X54.841 Y159.872
G1 X54.503 Y159.831
G1 X54.209 Y159.967
G1 X54.012 Y160.245
G1 X53.945 Y160.662
G1 X54.024 Y161.114
G1 X54.223 Y161.436
G1 X54.523 Y161.624
G1 X54.792 Y161.652
G1 X55.012 Y161.548
G1 X55.369 Y160.768
G1 X55.767 Y160.761
G1 X56.175 Y160.880
G0 Z5.000 F500.000
G0 X56.184 Y160.614 F3000.000
G1 Z1.000 F500.000
G4 P100
G1 X56.031 Y160.375 F1000.000
G1 X56.059 Y160.028
G1 X56.230 Y159.861
G1 X56.504 Y159.877
G1 X56.789 Y160.140
G1 X57.248 Y161.103
G1 X57.637 Y161.525
G1 X57.571 Y161.369
G1 X57.714 Y161.044
G1 X57.721 Y160.284
G1 X57.871 Y159.904
G1 X58.128 Y159.833
G1 X58.411 Y159.922
G1 X58.779 Y160.287
G1 X58.896 Y160.536
G0 Z5.000 F500.000
G0 X59.342 Y161.745 F3000.000
G1 Z1.000 F500.000
G4 P100
G1 X59.191 Y161.589 F1000.000
G1 X59.079 Y161.114
G1 X59.044 Y159.808
G1 X59.011 Y160.456
G1 X59.093 Y160.806
G1 X60.181 Y160.744
G1 X60.496 Y161.693
G1 X60.181 Y160.744
G1 X60.267 Y159.928
G1 X60.525 Y159.846
G1 X60.809 Y159.929
G1 X61.198 Y160.271
G1 X61.331 Y160.536
G0 Z5.000 F500.000
G0 X61.721 Y161.727 F3000.000
G1 Z1.000 F500.000
G4 P100
G1 X61.557 Y161.505 F1000.000
G1 X61.386 Y160.539
G1 X61.430 Y160.142
G1 X61.620 Y159.938
G1 X61.870 Y160.032
G1 X62.178 Y160.418
G1 X62.471 Y160.546
G1 X62.825 Y161.708
G1 X62.471 Y160.546
G1 X62.549 Y159.865
G1 X62.276 Y159.301
G1 X62.295 Y158.970
G1 X62.071 Y158.242
G1 X61.689 Y157.644
G1 X61.454 Y157.553
G1 X61.222 Y157.609
G1 X61.088 Y157.793
G1 X61.082 Y158.077
G1 X61.414 Y158.711
G1 X61.941 Y159.219
G1 X62.276 Y159.301
G1 X62.549 Y159.865
G1 X62.926 Y159.951
G1 X63.599 Y160.475
G0 Z5.000 F500.000
G0 X63.814 Y159.808 F3000.000
G1 Z1.000 F500.000
G4 P100
G1 X63.781 Y160.481 F1000.000
G1 X63.867 Y160.809
G1 X64.798 Y160.756
G1 X65.038 Y161.340
G1 X65.417 Y161.626
G1 X65.698 Y161.649
G1 X65.910 Y161.545
G1 X66.265 Y160.766
G1 X66.716 Y160.768
G1 X67.076 Y160.879
G1 X66.716 Y160.768
G1 X66.265 Y160.766
G1 X66.147 Y160.306
G1 X65.953 Y160.017
G1 X65.653 Y159.844
G1 X65.320 Y159.849
G1 X64.957 Y160.139
G1 X64.798 Y160.756
G1 X63.867 Y160.809
G1 X63.941 Y161.535
G1 X64.129 Y161.759
G0 Z5.000 F500.000
G0 X68.821 Y161.727 F3000.000
G1 Z1.000 F500.000
G4 P100
G1 X68.662 Y161.527 F1000.000
G1 X68.487 Y160.561
G1 X68.519 Y160.169
G1 X68.684 Y159.945
G1 X68.983 Y160.033
G1 X69.349 Y160.474
G1 X69.784 Y160.713
G1 X69.784 Y161.477
G1 X69.891 Y161.674
G1 X69.782 Y161.461
G1 X69.821 Y160.789
G1 X69.581 Y160.597
G1 X69.809 Y159.953
G1 X70.090 Y160.017
G1 X70.404 Y160.394
G1 X70.692 Y160.514
G1 X71.036 Y161.669
G1 X70.692 Y160.514
G1 X70.842 Y159.932
G1 X71.080 Y159.846
G1 X71.365 Y159.924
G1 X71.771 Y160.280
G1 X71.895 Y160.534
G0 Z5.000 F500.000
G0 X72.313 Y161.749 F3000.000
G1 Z1.000 F500.000
G4 P100
G1 X72.135 Y161.545 F1000.000
G1 X71.962 Y160.669
G1 X71.969 Y160.224
G1 X72.125 Y159.956
G1 X72.392 Y160.011
G1 X72.714 Y160.394
G1 X73.002 Y160.514
G1 X73.275 Y161.547
G1 X73.400 Y161.718
G1 X73.275 Y161.547
G1 X73.002 Y160.514
G1 X73.145 Y159.945
G1 X73.377 Y159.847
G1 X73.677 Y159.922
G1 X74.076 Y160.274
G1 X74.205 Y160.534
G0 Z5.000 F500.000
G0 X75.290 Y160.077 F3000.000
G1 Z1.000 F500.000
G4 P100
G1 X75.603 Y160.844 F1000.000
G1 X75.547 Y161.465
G1 X75.373 Y161.627
G1 X75.144 Y161.656
G1 X74.404 Y161.305
G1 X74.365 Y161.644
G1 X74.346 Y160.568
G1 X74.247 Y160.165
G1 X74.387 Y159.813
G1 X74.175 Y158.332
G1 X73.923 Y157.666
G1 X73.728 Y157.550
G1 X73.516 Y157.588
G1 X73.355 Y157.922
G1 X73.388 Y158.513
G1 X73.619 Y159.329
G1 X73.953 Y160.024
G1 X74.247 Y160.165
G1 X74.387 Y159.813
G1 X74.479 Y159.801
G1 X74.834 Y159.838
G1 X75.290 Y160.077
G1 X75.538 Y159.865
G1 X75.864 Y159.851
G1 X76.316 Y160.108
G1 X76.616 Y160.548
G0 Z5.000 F500.000
G0 X77.028 Y161.749 F3000.000
G1 Z1.000 F500.000
G4 P100
G1 X76.850 Y161.545 F1000.000
G1 X76.677 Y160.669
G1 X76.684 Y160.224
G1 X76.840 Y159.956
G1 X77.107 Y160.011
G1 X77.429 Y160.394
G1 X77.717 Y160.514
G1 X77.990 Y161.547
G1 X78.115 Y161.718
G1 X77.990 Y161.547
G1 X77.717 Y160.514
G1 X77.860 Y159.945
G1 X78.092 Y159.847
G1 X78.392 Y159.922
G1 X78.791 Y160.274
G1 X78.920 Y160.534
G0 Z5.000 F500.000
G0 X79.307 Y161.745 F3000.000
G1 Z1.000 F500.000
G4 P100
G1 X79.156 Y161.589 F1000.000
G1 X79.044 Y161.114
G1 X79.009 Y159.808
G1 X78.976 Y160.456
G1 X79.058 Y160.806
G1 X80.146 Y160.744
G1 X80.461 Y161.693
G1 X80.146 Y160.744
G1 X80.232 Y159.928
G1 X80.490 Y159.846
G1 X80.774 Y159.929
G1 X81.163 Y160.271
G1 X81.296 Y160.536
G0 Z5.000 F500.000
G0 X81.686 Y161.727 F3000.000
G1 Z1.000 F500.000
G4 P100
G1 X81.522 Y161.505 F1000.000
G1 X81.351 Y160.539
G1 X81.395 Y160.142
G1 X81.585 Y159.938
G1 X81.835 Y160.032
G1 X82.143 Y160.418
G1 X82.436 Y160.546
G1 X82.790 Y161.708
G1 X82.436 Y160.546
G1 X82.514 Y159.865
G1 X82.241 Y159.301
G1 X82.260 Y158.970
G1 X82.036 Y158.242
G1 X81.654 Y157.644
G1 X81.419 Y157.553
G1 X81.187 Y157.609
G1 X81.053 Y157.793
G1 X81.047 Y158.077
G1 X81.379 Y158.711
G1 X81.906 Y159.219
G1 X82.241 Y159.301
G1 X82.514 Y159.865
G1 X82.891 Y159.951
G1 X83.564 Y160.475
G0 Z5.000 F500.000
G0 X86.041 Y161.058 F3000.000
G1 Z1.000 F500.000
G4 P100
G1 X86.106 Y161.404 F1000.000
G1 X85.951 Y161.625
G1 X85.499 Y161.598
G1 X85.216 Y161.331
G1 X85.024 Y160.554
G1 X85.118 Y160.166
G1 X85.324 Y159.933
G1 X85.709 Y159.833
G1 X86.237 Y159.934
G1 X86.697 Y160.253
G1 X86.866 Y160.570
G0 Z5.000 F500.000
G0 X87.259 Y161.759 F3000.000
G1 Z1.000 F500.000
G4 P100
G1 X87.083 Y161.570 F1000.000
G1 X86.949 Y160.971
G1 X86.978 Y159.874
G1 X87.022 Y160.392
G1 X87.325 Y160.590
G1 X87.720 Y161.287
G1 X88.059 Y161.462
G1 X88.203 Y161.449
G1 X88.247 Y161.228
G1 X88.216 Y159.860
G1 X88.287 Y160.419
G1 X88.558 Y160.586
G1 X88.927 Y161.215
G1 X89.235 Y161.437
G1 X89.516 Y161.401
G1 X89.408 Y160.233
G1 X89.514 Y159.911
G1 X89.789 Y159.845
G1 X90.063 Y159.932
G1 X90.437 Y160.268
G1 X90.577 Y160.538
G0 Z5.000 F500.000
G0 X91.660 Y160.077 F3000.000
G1 Z1.000 F500.000
G4 P100
G1 X91.973 Y160.844 F1000.000
G1 X91.917 Y161.465
G1 X91.743 Y161.627
G1 X91.514 Y161.656
G1 X90.774 Y161.305
G1 X90.735 Y161.644
G1 X90.716 Y160.568
G1 X90.617 Y160.165
G1 X90.757 Y159.813
G1 X90.545 Y158.332
G1 X90.293 Y157.666
G1 X90.098 Y157.550
G1 X89.886 Y157.588
G1 X89.722 Y157.944
G1 X89.772 Y158.585
G1 X90.162 Y159.765
G1 X90.392 Y160.077
G1 X90.617 Y160.165
G1 X90.820 Y159.804
G1 X91.190 Y159.833
G1 X91.660 Y160.077
G1 X91.915 Y159.863
G1 X92.263 Y159.857
G1 X92.740 Y160.159
G1 X93.083 Y160.709
G1 X93.267 Y160.843
G1 X93.764 Y161.006
G1 X94.225 Y160.996
G1 X94.394 Y160.768
G1 X94.327 Y160.453
G1 X94.166 Y160.111
G1 X93.907 Y159.890
G1 X93.600 Y159.824
G1 X93.311 Y159.911
G1 X93.091 Y160.133
G1 X92.983 Y160.458
G1 X92.990 Y160.888
G1 X93.114 Y161.254
G1 X93.341 Y161.518
G1 X93.648 Y161.649
G1 X94.057 Y161.526
G1 X94.394 Y160.768
G1 X94.792 Y160.761
G1 X95.200 Y160.880
G0 Z5.000 F500.000
G0 X96.923 Y161.039 F3000.000
G1 Z1.000 F500.000
G4 P100
G1 X97.013 Y161.333 F1000.000
G1 X96.898 Y161.593
G1 X96.630 Y161.670
G1 X96.340 Y161.561
G1 X96.046 Y161.157
G1 X95.897 Y160.495
G1 X95.395 Y160.307
G1 X95.360 Y159.882
G1 X95.332 Y161.008
G1 X95.462 Y161.570
G1 X95.639 Y161.759
G1 X95.465 Y161.577
G1 X95.341 Y161.066
G1 X95.297 Y160.601
G1 X95.395 Y160.307
G1 X95.897 Y160.495
G1 X96.251 Y159.965
G1 X96.760 Y159.823
G1 X97.210 Y160.049
G1 X97.563 Y160.538
G0 Z5.000 F500.000
G0 X97.978 Y161.749 F3000.000
G1 Z1.000 F500.000
G4 P100
G1 X97.800 Y161.545 F1000.000
G1 X97.627 Y160.669
G1 X97.634 Y160.224
G1 X97.790 Y159.956
G1 X98.057 Y160.011
G1 X98.379 Y160.394
G1 X98.667 Y160.514
G1 X98.940 Y161.547
G1 X99.065 Y161.718
G1 X98.940 Y161.547
G1 X98.667 Y160.514
G1 X98.810 Y159.945
G1 X99.042 Y159.847
G1 X99.342 Y159.922
G1 X99.741 Y160.274
G1 X99.870 Y160.534
G0 Z5.000 F500.000
G0 X99.973 Y160.011 F3000.000
G1 Z1.000 F500.000
G4 P100
G1 X100.010 Y160.048 F1000.000
G0 Z5.000 F500.000
G0 X102.083 Y162.565 F3000.000
G1 Z1.000 F500.000
G4 P100
G1 X102.211 Y162.986 F1000.000
G1 X102.715 Y163.415
G1 X103.202 Y163.516
G1 X103.530 Y163.316
G1 X103.615 Y162.836
G1 X103.499 Y161.564
G1 X103.360 Y161.410
G1 X103.330 Y160.960
G1 X103.040 Y159.860
G1 X103.330 Y160.960
G1 X103.360 Y161.410
G1 X102.747 Y161.447
G1 X103.360 Y161.410
G1 X103.499 Y161.564
G1 X105.110 Y161.574
G1 X105.245 Y161.820
G1 X105.572 Y161.813
G1 X105.885 Y161.969
G1 X106.279 Y162.337
G1 X106.491 Y162.815
G1 X106.525 Y163.440
G1 X106.317 Y163.732
G1 X106.087 Y163.738
G1 X105.864 Y163.603
G1 X105.457 Y162.906
G1 X105.260 Y162.233
G1 X105.245 Y161.820
G1 X105.110 Y161.574
G1 X105.161 Y160.635
G1 X105.400 Y160.078
G1 X105.872 Y159.859
G1 X106.460 Y160.048
G1 X106.849 Y160.543
G0 Z5.000 F500.000
G0 X107.263 Y161.749 F3000.000
G1 Z1.000 F500.000
G4 P100
G1 X107.079 Y161.525 F1000.000
G1 X106.903 Y160.583
G1 X106.940 Y160.157
G1 X107.127 Y159.939
G1 X107.384 Y160.031
G1 X107.692 Y160.416
G1 X107.984 Y160.546
G1 X108.320 Y161.691
G1 X107.984 Y160.546
G1 X108.035 Y160.225
G1 X107.907 Y159.497
G1 X107.793 Y159.301
G1 X107.330 Y159.124
G1 X106.755 Y158.470
G1 X106.585 Y157.932
G1 X106.749 Y157.601
G1 X107.111 Y157.588
G1 X107.422 Y157.898
G1 X107.791 Y158.898
G1 X107.793 Y159.301
G0 Z5.000 F500.000
G0 X109.417 Y161.332 F3000.000
G1 Z1.000 F500.000
G4 P100
G1 X109.720 Y161.410 F1000.000
G1 X110.071 Y161.671
G1 X110.384 Y161.573
G1 X110.590 Y161.372
G1 X110.714 Y161.005
G1 X110.695 Y160.554
G1 X110.555 Y160.178
G1 X110.308 Y159.922
G1 X109.939 Y159.831
G1 X109.596 Y159.979
G1 X109.402 Y160.326
G1 X109.347 Y160.865
G1 X109.428 Y162.076
G1 X109.675 Y163.174
G1 X109.994 Y163.854
G1 X110.367 Y164.033
G1 X110.610 Y163.816
G1 X110.644 Y163.309
G1 X110.492 Y162.731
G1 X110.071 Y161.945
G1 X110.071 Y161.671
G0 Z5.000 F500.000
G0 X111.992 Y161.745 F3000.000
G1 Z1.000 F500.000
G4 P100
G1 X111.841 Y161.589 F1000.000
G1 X111.686 Y160.905
G1 X111.772 Y160.385
G1 X111.728 Y159.857
G1 X111.772 Y160.385
G1 X112.071 Y160.574
G1 X112.518 Y161.306
G1 X113.054 Y161.576
G1 X112.966 Y161.466
G1 X113.154 Y160.861
G1 X113.107 Y160.768
G1 X113.154 Y160.861
G1 X113.469 Y160.953
G1 X113.629 Y160.017
G1 X113.701 Y159.847
G1 X113.864 Y159.837
G1 X114.128 Y161.523
G1 X114.228 Y161.669
G0 Z5.000 F500.000
G0 X116.363 Y161.632 F3000.000
G1 Z1.000 F500.000
G4 P100
G1 X116.745 Y163.646 F1000.000
G1 X116.933 Y163.954
G1 X117.274 Y163.985
G1 X117.429 Y163.639
G1 X117.400 Y163.006
G1 X116.865 Y161.403
G1 X116.400 Y161.124
G1 X116.289 Y161.316
G1 X116.323 Y161.676
G1 X115.852 Y161.619
G1 X115.535 Y161.413
G1 X115.285 Y161.080
G1 X115.159 Y160.692
G1 X115.137 Y160.314
G1 X115.297 Y159.914
G1 X115.512 Y159.832
G1 X115.833 Y159.905
G1 X116.405 Y160.250
G1 X116.590 Y159.816
G1 X116.404 Y160.258
G1 X116.400 Y161.124
G0 Z5.000 F500.000
G0 X117.532 Y159.850 F3000.000
G1 Z1.000 F500.000
G4 P100
G1 X119.700 Y163.974 F1000.000
G0 Z5.000 F500.000
G0 X120.429 Y161.305 F3000.000
G1 Z1.000 F500.000
G4 P100
G1 X120.692 Y161.364 F1000.000
G1 X121.084 Y161.637
G1 X121.393 Y161.629
G1 X121.626 Y161.334
G1 X121.621 Y160.806
G1 X121.382 Y160.261
G1 X120.974 Y159.891
G1 X120.412 Y159.813
G1 X120.272 Y160.165
G1 X119.888 Y159.910
G1 X119.549 Y159.052
G1 X119.384 Y158.310
G1 X119.412 Y157.778
G1 X119.635 Y157.550
G1 X119.829 Y157.574
G1 X119.990 Y157.719
G1 X120.217 Y158.411
G1 X120.412 Y159.813
G1 X120.272 Y160.165
G1 X120.429 Y161.305
G1 X120.367 Y161.597
G1 X120.443 Y161.708
G0 Z5.000 F500.000
G0 X123.022 Y161.745 F3000.000
G1 Z1.000 F500.000
G4 P100
G1 X122.871 Y161.589 F1000.000
G1 X122.716 Y160.905
G1 X122.802 Y160.385
G1 X122.758 Y159.857
G1 X122.802 Y160.385
G1 X123.101 Y160.574
G1 X123.548 Y161.306
G1 X124.084 Y161.576
G1 X123.996 Y161.466
G1 X124.184 Y160.861
G1 X124.137 Y160.768
G1 X124.389 Y160.949
G1 X124.529 Y160.926
G1 X124.789 Y160.518
G1 X124.955 Y160.433
G1 X125.537 Y160.578
G1 X125.911 Y160.815
G1 X126.090 Y161.160
G1 X126.017 Y161.511
G1 X125.789 Y161.657
G1 X125.476 Y161.642
G1 X125.204 Y161.476
G1 X125.000 Y161.183
G1 X124.893 Y160.729
G1 X124.957 Y160.273
G1 X125.271 Y159.891
G1 X125.625 Y159.809
G1 X125.997 Y159.877
G1 X126.284 Y160.086
G1 X126.439 Y160.390
G0 Z5.000 F500.000
G0 X126.529 Y160.036 F3000.000
G1 Z1.000 F500.000
G4 P100
G1 X127.206 Y160.967 F1000.000
G1 X127.447 Y161.142
G1 X127.561 Y161.621
G1 X127.728 Y161.776
G1 X127.561 Y161.621
G1 X127.447 Y161.142
G1 X127.917 Y160.518
G1 X127.997 Y160.118
G1 X127.775 Y159.827
G1 X127.367 Y159.828
G0 Z5.000 F500.000
G0 X129.055 Y160.433 F3000.000
G1 Z1.000 F500.000
G4 P100
G1 X129.730 Y160.620 F1000.000
G1 X130.118 Y160.953
G1 X130.194 Y161.204
G1 X130.150 Y161.455
G1 X130.011 Y161.609
G1 X129.780 Y161.671
G1 X129.382 Y161.542
G1 X129.088 Y161.156
G1 X128.992 Y160.671
G1 X129.115 Y160.124
G1 X129.445 Y159.859
G1 X129.922 Y159.825
G1 X130.323 Y160.023
G1 X130.539 Y160.390
G0 Z5.000 F500.000
G0 X131.362 Y161.745 F3000.000
G1 Z1.000 F500.000
G4 P100
G1 X131.211 Y161.589 F1000.000
G1 X131.056 Y160.905
G1 X131.142 Y160.385
G1 X131.098 Y159.857
G1 X131.142 Y160.385
G1 X131.436 Y160.569
G1 X131.968 Y161.369
G1 X132.336 Y161.466
G1 X132.424 Y161.576
G1 X132.336 Y161.466
G1 X132.524 Y160.861
G1 X132.477 Y160.768
G1 X132.729 Y160.949
G0 Z5.000 F500.000
G0 X133.348 Y161.654 F3000.000
G1 Z1.000 F500.000
G4 P100
G1 X133.372 Y160.228 F1000.000
G1 X133.538 Y159.890
G1 X133.733 Y159.898
G1 X133.904 Y160.030
G1 X134.646 Y161.544
G1 X134.894 Y161.688
G1 X135.273 Y160.632
G1 X135.540 Y160.433
G1 X136.108 Y160.573
G1 X136.481 Y160.800
G1 X136.667 Y161.116
G1 X136.628 Y161.468
G1 X136.423 Y161.642
G1 X136.110 Y161.656
G1 X135.827 Y161.511
G1 X135.611 Y161.236
G1 X135.484 Y160.591
G1 X135.579 Y160.163
G1 X135.811 Y159.916
G1 X136.166 Y159.810
G1 X136.561 Y159.869
G1 X136.859 Y160.075
G1 X137.024 Y160.390
G0 Z5.000 F500.000
G0 X114.279 Y162.621 F3000.000
G1 Z1.000 F500.000
G4 P100
G1 X114.413 Y162.643 F1000.000
G0 Z5.000 F500.000
G0 X20.889 Y150.784 F3000.000
G1 Z1.000 F500.000
G4 P100
G1 X20.713 Y150.595 F1000.000
G1 X20.577 Y149.982
G1 X20.608 Y148.899
G1 X20.652 Y149.417
G1 X20.955 Y149.615
G1 X21.365 Y150.328
G1 X21.771 Y150.495
G1 X21.874 Y150.273
G1 X21.832 Y149.729
G1 X21.917 Y149.444
G1 X21.846 Y148.885
G1 X21.917 Y149.444
G1 X22.213 Y149.639
G1 X22.662 Y150.353
G1 X23.120 Y150.477
G1 X23.173 Y150.108
G1 X23.057 Y148.907
G0 Z5.000 F500.000
G0 X24.262 Y150.043 F3000.000
G1 Z1.000 F500.000
G4 P100
G1 X24.402 Y150.386 F1000.000
G1 X24.628 Y150.590
G1 X25.021 Y150.656
G1 X25.339 Y150.524
G1 X25.494 Y150.263
G1 X25.561 Y149.838
G1 X25.471 Y149.358
G1 X25.292 Y149.051
G1 X24.811 Y148.874
G1 X24.428 Y149.010
G1 X24.232 Y149.456
G1 X24.262 Y150.043
G0 Z5.000 F500.000
G0 X27.713 Y150.657 F3000.000
G1 Z1.000 F500.000
G4 P100
G1 X28.095 Y152.671 F1000.000
G1 X28.283 Y152.979
G1 X28.624 Y153.010
G1 X28.779 Y152.664
G1 X28.750 Y152.031
G1 X28.208 Y150.415
G1 X27.750 Y150.149
G1 X27.639 Y150.341
G1 X27.679 Y150.699
G1 X27.223 Y150.650
G1 X26.934 Y150.482
G1 X26.532 Y149.832
G1 X26.476 Y149.426
G1 X26.571 Y149.037
G1 X26.733 Y148.883
G1 X26.963 Y148.868
G1 X27.755 Y149.275
G1 X27.940 Y148.841
G1 X27.754 Y149.283
G1 X27.775 Y150.259
G1 X28.879 Y149.486
G1 X29.237 Y149.486
G1 X29.788 Y149.661
G1 X30.120 Y149.941
G1 X30.220 Y150.296
G1 X30.078 Y150.605
G1 X29.731 Y150.694
G1 X29.356 Y150.526
G1 X29.092 Y150.127
G1 X29.018 Y149.674
G1 X29.152 Y149.131
G1 X29.484 Y148.879
G1 X29.954 Y148.851
G1 X30.348 Y149.048
G1 X30.564 Y149.415
G0 Z5.000 F500.000
G0 X31.979 Y149.061 F3000.000
G1 Z1.000 F500.000
G4 P100
G1 X32.656 Y149.992 F1000.000
G1 X32.897 Y150.167
G1 X33.011 Y150.646
G1 X33.178 Y150.801
G1 X33.011 Y150.646
G1 X32.897 Y150.167
G1 X33.367 Y149.543
G1 X33.447 Y149.143
G1 X33.225 Y148.852
G1 X32.817 Y148.853
G0 Z5.000 F500.000
G0 X34.681 Y150.638 F3000.000
G1 Z1.000 F500.000
G4 P100
G1 X35.063 Y150.791 F1000.000
G1 X35.731 Y151.845
G1 X35.880 Y152.623
G1 X35.816 Y152.883
G1 X35.661 Y153.043
G1 X35.444 Y153.042
G1 X35.253 Y152.910
G1 X34.923 Y152.245
G1 X34.656 Y151.113
G1 X34.681 Y150.638
G1 X34.575 Y150.344
G1 X34.551 Y149.782
G1 X34.659 Y149.417
G1 X34.612 Y148.909
G1 X34.659 Y149.417
G1 X34.964 Y149.611
G1 X35.421 Y150.347
G1 X35.874 Y150.485
G1 X35.941 Y150.145
G1 X35.821 Y148.907
G0 Z5.000 F500.000
G0 X37.036 Y149.286 F3000.000
G1 Z1.000 F500.000
G4 P100
G1 X36.990 Y149.834 F1000.000
G1 X37.211 Y150.445
G1 X37.648 Y150.654
G1 X38.076 Y150.549
G1 X38.250 Y150.290
G1 X38.326 Y149.860
G1 X38.248 Y149.393
G1 X38.091 Y149.089
G1 X37.857 Y148.921
G1 X37.445 Y148.883
G1 X37.188 Y149.015
G1 X37.036 Y149.286
G0 Z5.000 F500.000
G0 X39.643 Y150.774 F3000.000
G1 Z1.000 F500.000
G4 P100
G1 X39.459 Y150.550 F1000.000
G1 X39.287 Y149.651
G1 X39.310 Y149.201
G1 X39.475 Y148.969
G1 X39.770 Y149.072
G1 X40.083 Y149.450
G1 X40.388 Y149.549
G1 X40.432 Y148.909
G1 X40.388 Y149.549
G1 X40.713 Y150.718
G1 X40.853 Y150.756
G1 X40.987 Y150.659
G1 X41.553 Y149.899
G1 X41.729 Y149.861
G1 X41.999 Y149.970
G1 X42.499 Y150.788
G1 X42.864 Y151.774
G1 X42.946 Y152.608
G1 X42.750 Y153.029
G1 X42.375 Y152.963
G1 X42.067 Y152.454
G1 X41.767 Y151.400
G1 X41.630 Y150.208
G1 X41.729 Y149.861
G1 X41.690 Y149.410
G1 X41.901 Y148.999
G1 X42.378 Y148.867
G1 X42.640 Y148.960
G1 X42.796 Y149.129
G0 Z5.000 F500.000
G0 X44.418 Y150.657 F3000.000
G1 Z1.000 F500.000
G4 P100
G1 X44.800 Y152.671 F1000.000
G1 X44.988 Y152.979
G1 X45.329 Y153.010
G1 X45.484 Y152.664
G1 X45.455 Y152.031
G1 X44.920 Y150.428
G1 X44.455 Y150.149
G1 X44.344 Y150.341
G1 X44.378 Y150.701
G1 X43.907 Y150.644
G1 X43.590 Y150.438
G1 X43.340 Y150.105
G1 X43.214 Y149.717
G1 X43.192 Y149.339
G1 X43.352 Y148.939
G1 X43.567 Y148.857
G1 X43.888 Y148.930
G1 X44.460 Y149.275
G1 X44.645 Y148.841
G1 X44.459 Y149.283
G1 X44.455 Y150.149
G0 Z5.000 F500.000
G0 X47.286 Y150.638 F3000.000
G1 Z1.000 F500.000
G4 P100
G1 X47.549 Y150.696 F1000.000
G1 X47.720 Y150.852
G1 X48.373 Y151.941
G1 X48.471 Y152.731
G1 X48.360 Y152.975
G1 X48.158 Y153.061
G1 X47.934 Y152.979
G1 X47.744 Y152.751
G1 X47.371 Y151.681
G1 X47.164 Y150.154
G1 X47.165 Y149.679
G1 X47.264 Y149.415
G1 X47.217 Y148.909
G1 X47.264 Y149.415
G1 X47.573 Y149.615
G1 X48.033 Y150.376
G1 X48.403 Y150.599
G1 X48.723 Y150.527
G1 X48.814 Y150.162
G1 X48.703 Y149.863
G1 X48.290 Y149.497
G1 X48.225 Y149.292
G1 X48.418 Y148.989
G1 X48.805 Y148.872
G1 X49.034 Y148.947
G1 X49.577 Y149.402
G1 X50.282 Y149.590
G1 X50.654 Y149.805
G1 X50.872 Y150.200
G1 X50.744 Y150.596
G1 X50.437 Y150.696
G1 X50.098 Y150.592
G1 X49.835 Y150.312
G1 X49.691 Y149.915
G1 X49.815 Y149.119
G1 X50.071 Y148.906
G1 X50.434 Y148.833
G1 X50.935 Y148.992
G1 X51.325 Y149.490
G1 X51.994 Y149.515
G1 X52.597 Y149.786
G1 X52.841 Y150.251
G1 X52.785 Y150.499
G1 X52.617 Y150.654
G1 X52.299 Y150.687
G1 X51.993 Y150.540
G1 X51.761 Y150.241
G1 X51.646 Y149.850
G1 X51.788 Y149.107
G1 X52.043 Y148.903
G1 X52.392 Y148.833
G1 X52.748 Y148.905
G1 X53.029 Y149.111
G1 X53.394 Y149.997
G1 X53.649 Y150.277
G1 X54.068 Y150.383
G1 X54.495 Y150.668
G1 X54.847 Y150.619
G1 X55.016 Y150.359
G1 X55.031 Y149.954
G1 X54.910 Y149.527
G1 X54.667 Y149.154
G1 X54.331 Y148.900
G1 X53.948 Y148.818
G1 X53.802 Y148.838
G1 X53.662 Y149.190
G1 X53.390 Y149.068
G1 X53.218 Y148.818
G1 X52.895 Y147.930
G1 X52.763 Y147.211
G1 X52.829 Y146.735
G1 X53.091 Y146.569
G1 X53.411 Y146.794
G1 X53.623 Y147.523
G1 X53.802 Y148.838
G1 X53.662 Y149.190
G1 X53.819 Y150.330
G1 X53.757 Y150.622
G1 X53.833 Y150.733
G0 Z5.000 F500.000
G0 X57.104 Y150.701 F3000.000
G1 Z1.000 F500.000
G4 P100
G1 X57.577 Y150.670 F1000.000
G1 X57.710 Y150.782
G1 X57.741 Y151.369
G1 X58.047 Y152.314
G1 X58.342 Y152.679
G1 X58.674 Y152.681
G1 X58.801 Y152.369
G1 X58.757 Y151.898
G1 X58.149 Y150.784
G1 X58.500 Y150.714
G1 X58.921 Y150.794
G1 X58.500 Y150.714
G1 X57.710 Y150.782
G1 X57.622 Y150.687
G1 X57.611 Y150.051
G1 X57.670 Y149.419
G1 X57.859 Y149.021
G1 X58.218 Y148.862
G1 X58.642 Y148.976
G1 X58.850 Y149.304
G1 X59.242 Y150.494
G1 X59.888 Y150.759
G1 X60.546 Y151.750
G1 X60.735 Y152.616
G1 X60.657 Y152.908
G1 X60.474 Y153.055
G1 X60.232 Y153.012
G1 X60.028 Y152.806
G1 X59.646 Y151.788
G1 X59.416 Y150.191
G1 X59.414 Y149.688
G1 X59.514 Y149.417
G1 X59.467 Y148.909
G1 X59.514 Y149.417
G1 X59.819 Y149.611
G1 X60.238 Y150.312
G1 X60.584 Y150.486
G1 X60.738 Y150.477
G1 X60.794 Y150.233
G1 X60.716 Y148.796
G1 X61.667 Y149.383
G1 X62.458 Y149.606
G1 X62.846 Y149.862
G1 X63.001 Y150.163
G1 X62.961 Y150.486
G1 X62.759 Y150.665
G1 X62.440 Y150.681
G1 X62.089 Y150.470
G1 X61.861 Y150.065
G1 X61.810 Y149.645
G1 X61.958 Y149.107
G1 X62.294 Y148.872
G1 X62.766 Y148.856
G1 X63.148 Y149.058
G1 X63.354 Y149.415
G0 Z5.000 F500.000
G0 X65.062 Y148.848 F3000.000
G1 Z1.000 F500.000
G4 P100
G1 X65.365 Y150.556 F1000.000
G1 X65.463 Y150.694
G0 Z5.000 F500.000
G0 X66.749 Y150.784 F3000.000
G1 Z1.000 F500.000
G4 P100
G1 X66.573 Y150.595 F1000.000
G1 X66.437 Y149.982
G1 X66.468 Y148.899
G1 X66.512 Y149.417
G1 X66.815 Y149.615
G1 X67.225 Y150.328
G1 X67.631 Y150.495
G1 X67.734 Y150.273
G1 X67.692 Y149.729
G1 X67.777 Y149.444
G1 X67.706 Y148.885
G1 X67.777 Y149.444
G1 X68.073 Y149.639
G1 X68.522 Y150.353
G1 X68.980 Y150.477
G1 X69.033 Y150.108
G1 X68.917 Y148.907
G0 Z5.000 F500.000
G0 X71.221 Y149.212 F3000.000
G1 Z1.000 F500.000
G4 P100
G1 X71.445 Y150.458 F1000.000
G1 X71.010 Y150.711
G1 X70.627 Y150.553
G1 X70.307 Y150.213
G1 X70.110 Y149.759
G1 X70.072 Y149.279
G1 X70.170 Y149.006
G1 X70.362 Y148.865
G1 X70.605 Y148.876
G1 X70.916 Y149.137
G1 X71.221 Y149.212
G1 X71.257 Y148.917
G0 Z5.000 F500.000
G0 X73.370 Y148.323 F3000.000
G1 Z1.000 F500.000
G4 P100
G1 X73.036 Y148.243 F1000.000
G1 X72.355 Y147.522
G1 X72.165 Y146.983
G1 X72.320 Y146.631
G1 X72.632 Y146.592
G1 X72.911 Y146.795
G1 X73.152 Y147.228
G1 X73.382 Y147.970
G1 X73.370 Y148.323
G1 X73.545 Y148.780
G1 X73.514 Y149.102
G1 X72.762 Y148.856
G1 X72.521 Y149.011
G1 X72.417 Y149.334
G1 X72.459 Y149.756
G1 X72.621 Y150.155
G1 X72.883 Y150.478
G1 X73.200 Y150.671
G1 X73.421 Y150.709
G1 X73.786 Y150.465
G1 X73.515 Y148.981
G1 X75.389 Y149.585
G1 X75.769 Y149.800
G1 X75.968 Y150.091
G1 X75.969 Y150.432
G1 X75.791 Y150.644
G1 X75.469 Y150.689
G1 X75.104 Y150.501
G1 X74.857 Y150.099
G1 X74.794 Y149.659
G1 X74.935 Y149.119
G1 X75.266 Y148.876
G1 X75.736 Y148.853
G1 X76.123 Y149.048
G1 X76.339 Y149.415
G0 Z5.000 F500.000
G0 X65.514 Y151.646 F3000.000
G1 Z1.000 F500.000
G4 P100
G1 X65.648 Y151.668 F1000.000
G0 Z5.000 F500.000
G0 X79.134 Y150.069 F3000.000
G1 Z1.000 F500.000
G4 P100
G1 X79.209 Y150.431 F1000.000
G1 X79.001 Y150.674
G1 X78.622 Y150.644
G1 X78.290 Y150.352
G1 X78.131 Y149.985
G1 X78.093 Y149.549
G1 X78.185 Y149.197
G1 X78.392 Y148.965
G1 X78.787 Y148.845
G1 X79.202 Y148.939
G1 X79.452 Y149.152
G1 X79.787 Y149.715
G1 X80.336 Y149.927
G1 X80.545 Y150.123
G1 X81.030 Y151.068
G1 X81.298 Y151.903
G1 X81.345 Y152.659
G1 X81.142 Y153.036
G1 X80.775 Y152.958
G1 X80.467 Y152.440
G1 X80.170 Y151.385
G1 X80.035 Y150.201
G1 X80.134 Y149.861
G1 X80.095 Y149.410
G1 X80.311 Y148.994
G1 X80.783 Y148.867
G1 X81.045 Y148.960
G1 X81.201 Y149.129
G0 Z5.000 F500.000
G0 X81.641 Y149.272 F3000.000
G1 Z1.000 F500.000
G4 P100
G1 X81.587 Y149.812 F1000.000
G1 X81.802 Y150.433
G1 X82.233 Y150.652
G1 X82.671 Y150.553
G1 X82.847 Y150.297
G1 X82.926 Y149.867
G1 X82.850 Y149.400
G1 X82.696 Y149.095
G1 X82.457 Y148.921
G1 X82.052 Y148.882
G1 X81.793 Y149.010
G1 X81.641 Y149.272
G0 Z5.000 F500.000
G0 X83.479 Y149.061 F3000.000
G1 Z1.000 F500.000
G4 P100
G1 X84.156 Y149.992 F1000.000
G1 X84.397 Y150.167
G1 X84.511 Y150.646
G1 X84.678 Y150.801
G1 X84.511 Y150.646
G1 X84.397 Y150.167
G1 X84.867 Y149.543
G1 X84.947 Y149.143
G1 X84.725 Y148.852
G1 X84.317 Y148.853
G0 Z5.000 F500.000
G0 X86.005 Y149.458 F3000.000
G1 Z1.000 F500.000
G4 P100
G1 X86.680 Y149.645 F1000.000
G1 X87.068 Y149.978
G1 X87.144 Y150.229
G1 X87.100 Y150.480
G1 X86.961 Y150.634
G1 X86.730 Y150.696
G1 X86.332 Y150.567
G1 X86.038 Y150.181
G1 X85.942 Y149.696
G1 X86.065 Y149.149
G1 X86.395 Y148.884
G1 X86.872 Y148.850
G1 X87.273 Y149.048
G1 X87.489 Y149.415
G0 Z5.000 F500.000
G0 X89.004 Y150.701 F3000.000
G1 Z1.000 F500.000
G4 P100
G1 X89.477 Y150.670 F1000.000
G1 X89.610 Y150.782
G1 X89.641 Y151.369
G1 X89.947 Y152.314
G1 X90.242 Y152.679
G1 X90.574 Y152.681
G1 X90.701 Y152.369
G1 X90.657 Y151.898
G1 X90.049 Y150.784
G1 X90.400 Y150.714
G1 X90.821 Y150.794
G1 X90.400 Y150.714
G1 X89.610 Y150.782
G1 X89.522 Y150.687
G1 X89.512 Y149.912
G1 X89.604 Y149.300
G1 X89.837 Y148.955
G1 X90.300 Y148.875
G1 X90.672 Y149.122
G0 Z5.000 F500.000
G0 X91.277 Y149.299 F3000.000
G1 Z1.000 F500.000
G4 P100
G1 X91.236 Y149.841 F1000.000
G1 X91.456 Y150.445
G1 X91.893 Y150.654
G1 X92.321 Y150.549
G1 X92.495 Y150.290
G1 X92.571 Y149.860
G1 X92.493 Y149.393
G1 X92.332 Y149.083
G1 X92.095 Y148.919
G1 X91.683 Y148.884
G1 X91.428 Y149.020
G1 X91.277 Y149.299
G0 Z5.000 F500.000
G0 X94.742 Y148.848 F3000.000
G1 Z1.000 F500.000
G4 P100
G1 X95.074 Y150.637 F1000.000
G1 X95.298 Y150.719
G1 X95.640 Y150.653
G1 X95.876 Y150.748
G1 X96.297 Y150.687
G1 X96.385 Y150.782
G1 X96.400 Y151.297
G1 X96.668 Y152.201
G1 X96.920 Y152.603
G1 X97.200 Y152.731
G1 X97.440 Y152.541
G1 X97.459 Y152.012
G1 X97.304 Y151.571
G1 X96.898 Y151.028
G1 X96.824 Y150.784
G1 X97.175 Y150.714
G1 X97.596 Y150.794
G1 X97.175 Y150.714
G1 X96.385 Y150.782
G1 X96.297 Y150.687
G1 X96.374 Y149.314
G1 X96.539 Y149.015
G1 X96.813 Y148.872
G1 X97.187 Y148.908
G1 X97.447 Y149.122
G1 X97.644 Y149.061
G1 X98.321 Y149.992
G1 X98.562 Y150.167
G1 X98.676 Y150.646
G1 X98.843 Y150.801
G1 X98.676 Y150.646
G1 X98.562 Y150.167
G1 X99.032 Y149.543
G1 X99.112 Y149.143
G1 X98.890 Y148.852
G1 X98.482 Y148.853
G0 Z5.000 F500.000
G0 X95.194 Y151.646 F3000.000
G1 Z1.000 F500.000
G4 P100
G1 X95.328 Y151.668 F1000.000
G0 Z5.000 F500.000
G0 X101.483 Y149.420 F3000.000
G1 Z1.000 F500.000
G4 P100
G1 X101.512 Y150.064 F1000.000
G1 X101.736 Y150.494
G1 X102.200 Y150.660
G1 X102.594 Y150.514
G1 X102.743 Y150.249
G1 X102.806 Y149.831
G1 X102.714 Y149.352
G1 X102.527 Y149.040
G1 X102.266 Y148.904
G1 X101.840 Y148.906
G1 X101.612 Y149.081
G1 X101.483 Y149.420
G0 Z5.000 F500.000
G0 X104.092 Y150.770 F3000.000
G1 Z1.000 F500.000
G4 P100
G1 X103.941 Y150.614 F1000.000
G1 X103.786 Y149.930
G1 X103.872 Y149.410
G1 X103.828 Y148.882
G1 X103.872 Y149.410
G1 X104.171 Y149.599
G1 X104.618 Y150.331
G1 X105.154 Y150.601
G1 X105.066 Y150.491
G1 X105.254 Y149.886
G1 X105.207 Y149.793
G1 X105.254 Y149.886
G1 X105.569 Y149.978
G1 X105.729 Y149.042
G1 X105.801 Y148.872
G1 X105.964 Y148.862
G1 X106.228 Y150.548
G1 X106.328 Y150.694
G0 Z5.000 F500.000
G0 X108.165 Y148.323 F3000.000
G1 Z1.000 F500.000
G4 P100
G1 X107.831 Y148.243 F1000.000
G1 X107.150 Y147.522
G1 X106.960 Y146.983
G1 X107.115 Y146.631
G1 X107.502 Y146.620
G1 X107.828 Y146.978
G1 X108.152 Y147.871
G1 X108.165 Y148.323
G1 X108.343 Y148.801
G1 X108.309 Y149.102
G1 X107.667 Y148.848
G1 X107.296 Y149.041
G1 X107.225 Y149.612
G1 X107.475 Y150.248
G1 X107.758 Y150.542
G1 X108.087 Y150.699
G1 X108.550 Y150.509
G1 X108.313 Y148.954
G1 X108.616 Y148.782
G1 X109.354 Y148.788
G1 X109.605 Y148.884
G1 X109.766 Y150.102
G1 X109.953 Y150.694
G0 Z5.000 F500.000
G0 X111.209 Y150.762 F3000.000
G1 Z1.000 F500.000
G4 P100
G1 X111.046 Y150.508 F1000.000
G1 X110.933 Y149.986
G1 X110.960 Y148.887
G1 X110.968 Y149.410
G1 X111.340 Y149.637
G1 X111.717 Y150.301
G1 X112.279 Y150.491
G1 X112.301 Y150.586
G1 X112.166 Y148.924
G0 Z5.000 F500.000
G0 X114.471 Y149.212 F3000.000
G1 Z1.000 F500.000
G4 P100
G1 X114.679 Y150.488 F1000.000
G1 X114.324 Y150.710
G1 X114.159 Y150.689
G1 X113.813 Y150.504
G1 X113.526 Y150.164
G1 X113.353 Y149.731
G1 X113.321 Y149.287
G1 X113.442 Y148.977
G1 X113.698 Y148.850
G1 X113.908 Y148.903
G1 X114.185 Y149.147
G1 X114.471 Y149.212
G1 X114.533 Y148.801
G1 X114.612 Y148.803
G1 X115.469 Y149.639
G1 X116.169 Y150.002
G1 X116.712 Y150.967
G1 X117.032 Y151.946
G1 X117.053 Y152.752
G1 X116.942 Y152.982
G1 X116.761 Y153.060
G1 X116.425 Y152.879
G1 X116.129 Y152.268
G1 X115.873 Y151.270
G1 X115.761 Y150.179
G1 X115.859 Y149.861
G1 X115.820 Y149.410
G1 X116.036 Y148.994
G1 X116.508 Y148.867
G1 X116.770 Y148.960
G1 X116.926 Y149.129
G0 Z5.000 F500.000
G0 X106.379 Y151.646 F3000.000
G1 Z1.000 F500.000
G4 P100
G1 X106.513 Y151.668 F1000.000
G0 Z5.000 F500.000
G0 X110.004 Y151.646 F3000.000
G1 Z1.000 F500.000
G4 P100
G1 X110.138 Y151.668 F1000.000
G0 Z5.000 F500.000
G0 X119.776 Y149.212 F3000.000
G1 Z1.000 F500.000
G4 P100
G1 X120.000 Y150.458 F1000.000
G1 X119.565 Y150.711
G1 X119.182 Y150.553
G1 X118.862 Y150.213
G1 X118.665 Y149.759
G1 X118.627 Y149.279
G1 X118.725 Y149.006
G1 X118.917 Y148.865
G1 X119.160 Y148.876
G1 X119.471 Y149.137
G1 X119.776 Y149.212
G1 X119.812 Y148.917
G0 Z5.000 F500.000
G0 X121.344 Y150.762 F3000.000
G1 Z1.000 F500.000
G4 P100
G1 X121.181 Y150.508 F1000.000
G1 X121.068 Y149.986
G1 X121.095 Y148.887
G1 X121.103 Y149.410
G1 X121.475 Y149.637
G1 X121.852 Y150.301
G1 X122.414 Y150.491
G1 X122.436 Y150.586
G1 X122.301 Y148.924
G0 Z5.000 F500.000
G0 X124.484 Y150.069 F3000.000
G1 Z1.000 F500.000
G4 P100
G1 X124.559 Y150.431 F1000.000
G1 X124.351 Y150.674
G1 X123.972 Y150.644
G1 X123.640 Y150.352
G1 X123.481 Y149.985
G1 X123.443 Y149.549
G1 X123.535 Y149.197
G1 X123.742 Y148.965
G1 X124.239 Y148.847
G1 X124.708 Y149.049
G1 X124.903 Y149.338
G1 X125.216 Y150.466
G1 X125.342 Y150.588
G1 X125.830 Y150.731
G1 X126.214 Y151.209
G1 X126.533 Y151.777
G1 X126.691 Y152.292
G1 X126.690 Y152.762
G1 X126.510 Y153.034
G1 X126.295 Y153.048
G1 X126.099 Y152.926
G1 X125.762 Y152.273
G1 X125.487 Y151.120
G1 X125.511 Y150.638
G1 X125.381 Y149.790
G1 X125.489 Y149.417
G1 X125.442 Y148.909
G1 X125.489 Y149.417
G1 X125.794 Y149.611
G1 X126.251 Y150.347
G1 X126.704 Y150.485
G1 X126.771 Y150.145
G1 X126.651 Y148.907
G0 Z5.000 F500.000
G0 X127.866 Y149.286 F3000.000
G1 Z1.000 F500.000
G4 P100
G1 X127.820 Y149.834 F1000.000
G1 X128.041 Y150.445
G1 X128.478 Y150.654
G1 X128.906 Y150.549
G1 X129.080 Y150.290
G1 X129.156 Y149.860
G1 X129.078 Y149.393
G1 X128.921 Y149.089
G1 X128.687 Y148.921
G1 X128.275 Y148.883
G1 X128.018 Y149.015
G1 X127.866 Y149.286
G0 Z5.000 F500.000
G0 X130.442 Y150.770 F3000.000
G1 Z1.000 F500.000
G4 P100
G1 X130.291 Y150.614 F1000.000
G1 X130.136 Y149.930
G1 X130.222 Y149.410
G1 X130.178 Y148.882
G1 X130.222 Y149.410
G1 X130.516 Y149.594
G1 X131.048 Y150.394
G1 X131.416 Y150.491
G1 X131.504 Y150.601
G1 X131.416 Y150.491
G1 X131.604 Y149.886
G1 X131.557 Y149.793
G1 X131.809 Y149.974
G0 Z5.000 F500.000
G0 X132.158 Y148.052 F3000.000
G1 Z1.000 F500.000
G4 P100
G1 X132.458 Y149.139 F1000.000
G0 Z5.000 F500.000
G0 X132.624 Y150.474 F3000.000
G1 Z1.000 F500.000
G4 P100
G1 X132.624 Y150.477 F1000.000
G0 Z5.000 F500.000
G0 X135.327 Y150.770 F3000.000
G1 Z1.000 F500.000
G4 P100
G1 X135.176 Y150.614 F1000.000
G1 X135.021 Y149.930
G1 X135.107 Y149.410
G1 X135.063 Y148.882
G1 X135.107 Y149.410
G1 X135.406 Y149.599
G1 X135.853 Y150.331
G1 X136.389 Y150.601
G1 X136.301 Y150.491
G1 X136.489 Y149.886
G1 X136.442 Y149.793
G1 X136.694 Y149.974
G1 X136.834 Y149.951
G1 X137.094 Y149.543
G1 X137.260 Y149.458
G1 X138.044 Y149.705
G1 X138.323 Y149.978
G1 X138.399 Y150.311
G1 X138.269 Y150.596
G1 X137.962 Y150.696
G1 X137.599 Y150.576
G1 X137.321 Y150.241
G1 X137.199 Y149.776
G1 X137.260 Y149.305
G1 X137.390 Y149.055
G1 X137.636 Y148.889
G1 X137.974 Y148.834
G1 X138.302 Y148.902
G1 X138.658 Y149.206
G1 X139.110 Y150.201
G1 X139.829 Y150.481
G1 X140.407 Y151.262
G1 X140.774 Y152.290
G1 X140.770 Y152.750
G1 X140.630 Y153.010
G1 X140.300 Y153.011
G1 X140.003 Y152.655
G1 X139.686 Y151.868
G1 X139.417 Y150.758
G1 X139.447 Y150.362
G1 X139.322 Y150.059
G1 X139.270 Y149.431
G1 X139.306 Y148.058
G1 X139.448 Y147.419
G1 X139.578 Y147.293
G1 X139.758 Y147.292
G1 X139.966 Y147.488
G1 X140.056 Y147.870
G1 X139.921 Y149.597
G1 X140.035 Y149.707
G1 X140.618 Y149.696
G1 X141.328 Y149.884
G1 X141.644 Y150.129
G1 X142.140 Y151.102
G1 X142.404 Y151.960
G1 X142.431 Y152.716
G1 X142.340 Y152.949
G1 X142.189 Y153.052
G1 X141.833 Y152.923
G1 X141.536 Y152.372
G1 X141.255 Y151.335
G1 X141.131 Y150.194
G1 X141.229 Y149.861
G1 X141.190 Y149.410
G1 X141.406 Y148.994
G1 X141.878 Y148.867
G1 X142.140 Y148.960
G1 X142.296 Y149.129
G0 Z5.000 F500.000
G0 X142.736 Y149.272 F3000.000
G1 Z1.000 F500.000
G4 P100
G1 X142.682 Y149.812 F1000.000
G1 X142.897 Y150.433
G1 X143.328 Y150.652
G1 X143.766 Y150.553
G1 X143.942 Y150.297
G1 X144.021 Y149.867
G1 X143.945 Y149.400
G1 X143.791 Y149.095
G1 X143.552 Y148.921
G1 X143.147 Y148.882
G1 X142.888 Y149.010
G1 X142.736 Y149.272
G0 Z5.000 F500.000
G0 X145.050 Y150.706 F3000.000
G1 Z1.000 F500.000
G4 P100
G1 X144.988 Y150.636 F1000.000
G1 X145.053 Y149.242
G1 X145.117 Y149.005
G1 X145.268 Y148.906
G1 X145.542 Y149.066
G1 X145.963 Y149.886
G1 X146.173 Y150.018
G1 X146.488 Y150.012
G1 X146.291 Y150.555
G1 X146.325 Y150.684
G1 X146.294 Y150.545
G1 X146.497 Y150.053
G1 X146.422 Y149.976
G1 X146.173 Y150.018
G1 X146.306 Y149.727
G1 X146.341 Y149.130
G1 X146.467 Y148.913
G1 X146.716 Y148.965
G1 X147.643 Y150.677
G0 Z5.000 F500.000
G0 X20.889 Y139.809 F3000.000
G1 Z1.000 F500.000
G4 P100
G1 X20.713 Y139.620 F1000.000
G1 X20.577 Y139.007
G1 X20.608 Y137.924
G1 X20.652 Y138.442
G1 X20.955 Y138.640
G1 X21.365 Y139.353
G1 X21.771 Y139.520
G1 X21.874 Y139.298
G1 X21.832 Y138.754
G1 X21.917 Y138.469
G1 X21.846 Y137.910
G1 X21.917 Y138.469
G1 X22.213 Y138.664
G1 X22.662 Y139.378
G1 X23.120 Y139.502
G1 X23.173 Y139.133
G1 X23.057 Y137.932
G0 Z5.000 F500.000
G0 X25.361 Y138.237 F3000.000
G1 Z1.000 F500.000
G4 P100
G1 X25.585 Y139.483 F1000.000
G1 X25.150 Y139.736
G1 X24.767 Y139.578
G1 X24.447 Y139.238
G1 X24.250 Y138.784
G1 X24.212 Y138.304
G1 X24.310 Y138.031
G1 X24.502 Y137.890
G1 X24.745 Y137.901
G1 X25.056 Y138.162
G1 X25.361 Y138.237
G1 X25.397 Y137.942
G0 Z5.000 F500.000
G0 X26.973 Y139.799 F3000.000
G1 Z1.000 F500.000
G4 P100
G1 X26.789 Y139.575 F1000.000
G1 X26.613 Y138.633
G1 X26.650 Y138.207
G1 X26.837 Y137.989
G1 X27.094 Y138.081
G1 X27.402 Y138.466
G1 X27.694 Y138.596
G1 X28.030 Y139.741
G1 X27.694 Y138.596
G1 X27.745 Y138.275
G1 X27.617 Y137.547
G1 X27.503 Y137.351
G1 X27.040 Y137.174
G1 X26.465 Y136.520
G1 X26.295 Y135.982
G1 X26.459 Y135.651
G1 X26.821 Y135.638
G1 X27.132 Y135.948
G1 X27.501 Y136.948
G1 X27.503 Y137.351
G0 Z5.000 F500.000
G0 X30.679 Y139.809 F3000.000
G1 Z1.000 F500.000
G4 P100
G1 X30.503 Y139.620 F1000.000
G1 X30.367 Y139.007
G1 X30.398 Y137.924
G1 X30.442 Y138.442
G1 X30.745 Y138.640
G1 X31.155 Y139.353
G1 X31.561 Y139.520
G1 X31.664 Y139.298
G1 X31.622 Y138.754
G1 X31.707 Y138.469
G1 X31.636 Y137.910
G1 X31.707 Y138.469
G1 X32.003 Y138.664
G1 X32.452 Y139.378
G1 X32.910 Y139.502
G1 X32.963 Y139.133
G1 X32.847 Y137.932
G0 Z5.000 F500.000
G0 X34.061 Y138.311 F3000.000
G1 Z1.000 F500.000
G4 P100
G1 X34.015 Y138.859 F1000.000
G1 X34.236 Y139.470
G1 X34.673 Y139.679
G1 X35.101 Y139.574
G1 X35.275 Y139.315
G1 X35.351 Y138.885
G1 X35.273 Y138.418
G1 X35.116 Y138.114
G1 X34.882 Y137.946
G1 X34.470 Y137.908
G1 X34.213 Y138.040
G1 X34.061 Y138.311
G0 Z5.000 F500.000
G0 X36.348 Y139.704 F3000.000
G1 Z1.000 F500.000
G4 P100
G1 X36.372 Y138.278 F1000.000
G1 X36.538 Y137.940
G1 X36.733 Y137.948
G1 X36.904 Y138.080
G1 X37.646 Y139.594
G1 X37.894 Y139.738
G1 X38.273 Y138.682
G1 X38.540 Y138.483
G1 X39.108 Y138.623
G1 X39.481 Y138.850
G1 X39.667 Y139.166
G1 X39.628 Y139.518
G1 X39.423 Y139.692
G1 X39.110 Y139.706
G1 X38.827 Y139.561
G1 X38.611 Y139.286
G1 X38.484 Y138.641
G1 X38.579 Y138.213
G1 X38.811 Y137.966
G1 X39.166 Y137.860
G1 X39.561 Y137.919
G1 X39.859 Y138.125
G1 X40.024 Y138.440
G0 Z5.000 F500.000
G0 X41.732 Y137.873 F3000.000
G1 Z1.000 F500.000
G4 P100
G1 X42.064 Y139.662 F1000.000
G1 X42.288 Y139.744
G1 X42.630 Y139.678
G1 X42.866 Y139.773
G1 X43.287 Y139.712
G1 X43.375 Y139.807
G1 X43.388 Y140.308
G1 X43.650 Y141.206
G1 X43.894 Y141.612
G1 X44.168 Y141.755
G1 X44.425 Y141.580
G1 X44.452 Y141.052
G1 X44.294 Y140.596
G1 X43.888 Y140.053
G1 X43.814 Y139.809
G1 X44.165 Y139.739
G1 X44.586 Y139.819
G1 X44.165 Y139.739
G1 X43.375 Y139.807
G1 X43.287 Y139.712
G1 X43.285 Y138.791
G1 X43.397 Y138.250
G1 X43.639 Y137.957
G1 X44.087 Y137.905
G1 X44.437 Y138.147
G0 Z5.000 F500.000
G0 X42.184 Y140.671 F3000.000
G1 Z1.000 F500.000
G4 P100
G1 X42.318 Y140.693 F1000.000
G0 Z5.000 F500.000
G0 X46.482 Y139.382 F3000.000
G1 Z1.000 F500.000
G4 P100
G1 X46.785 Y139.460 F1000.000
G1 X47.136 Y139.721
G1 X47.449 Y139.623
G1 X47.655 Y139.422
G1 X47.779 Y139.055
G1 X47.760 Y138.604
G1 X47.620 Y138.228
G1 X47.373 Y137.972
G1 X47.004 Y137.881
G1 X46.661 Y138.029
G1 X46.467 Y138.376
G1 X46.412 Y138.915
G1 X46.493 Y140.126
G1 X46.740 Y141.224
G1 X47.059 Y141.904
G1 X47.432 Y142.083
G1 X47.675 Y141.866
G1 X47.709 Y141.359
G1 X47.557 Y140.781
G1 X47.136 Y139.995
G1 X47.136 Y139.721
G0 Z5.000 F500.000
G0 X49.088 Y139.799 F3000.000
G1 Z1.000 F500.000
G4 P100
G1 X48.926 Y139.636 F1000.000
G1 X48.799 Y139.124
G1 X48.774 Y138.171
G1 X48.900 Y138.003
G1 X49.069 Y138.013
G1 X49.505 Y138.459
G1 X49.833 Y138.574
G1 X49.877 Y137.934
G1 X49.833 Y138.574
G1 X50.111 Y139.696
G1 X50.838 Y139.773
G1 X51.252 Y139.712
G1 X51.340 Y139.807
G1 X51.437 Y140.672
G1 X51.673 Y141.332
G1 X51.947 Y141.688
G1 X52.268 Y141.729
G1 X52.423 Y141.452
G1 X52.395 Y140.951
G1 X51.779 Y139.809
G1 X52.130 Y139.739
G1 X52.551 Y139.819
G1 X52.130 Y139.739
G1 X51.340 Y139.807
G1 X51.252 Y139.712
G1 X51.243 Y138.908
G1 X51.339 Y138.312
G1 X51.573 Y137.976
G1 X52.030 Y137.900
G1 X52.402 Y138.147
G0 Z5.000 F500.000
G0 X54.674 Y139.809 F3000.000
G1 Z1.000 F500.000
G4 P100
G1 X54.498 Y139.620 F1000.000
G1 X54.362 Y139.007
G1 X54.393 Y137.924
G1 X54.437 Y138.442
G1 X54.740 Y138.640
G1 X55.150 Y139.353
G1 X55.556 Y139.520
G1 X55.659 Y139.298
G1 X55.617 Y138.754
G1 X55.702 Y138.469
G1 X55.631 Y137.910
G1 X55.702 Y138.469
G1 X55.998 Y138.664
G1 X56.447 Y139.378
G1 X56.905 Y139.502
G1 X56.958 Y139.133
G1 X56.842 Y137.932
G0 Z5.000 F500.000
G0 X58.408 Y139.799 F3000.000
G1 Z1.000 F500.000
G4 P100
G1 X58.246 Y139.636 F1000.000
G1 X58.119 Y139.124
G1 X58.094 Y138.171
G1 X58.220 Y138.003
G1 X58.389 Y138.013
G1 X58.825 Y138.459
G1 X59.153 Y138.574
G1 X59.197 Y137.934
G1 X59.153 Y138.574
G1 X59.453 Y139.724
G1 X59.599 Y139.768
G1 X59.677 Y139.629
G1 X59.863 Y138.032
G1 X60.641 Y139.029
G1 X60.872 Y139.192
G1 X60.986 Y139.671
G1 X61.153 Y139.826
G1 X60.986 Y139.671
G1 X60.872 Y139.192
G1 X61.342 Y138.568
G1 X61.422 Y138.168
G1 X61.200 Y137.877
G1 X60.792 Y137.878
G0 Z5.000 F500.000
G0 X62.189 Y139.726 F3000.000
G1 Z1.000 F500.000
G4 P100
G1 X62.662 Y139.695 F1000.000
G1 X62.795 Y139.807
G1 X62.826 Y140.394
G1 X63.132 Y141.339
G1 X63.427 Y141.704
G1 X63.759 Y141.706
G1 X63.886 Y141.394
G1 X63.842 Y140.923
G1 X63.234 Y139.809
G1 X63.585 Y139.739
G1 X64.006 Y139.819
G1 X63.585 Y139.739
G1 X62.795 Y139.807
G1 X62.707 Y139.712
G1 X62.697 Y138.937
G1 X62.789 Y138.325
G1 X63.022 Y137.980
G1 X63.485 Y137.900
G1 X63.857 Y138.147
G0 Z5.000 F500.000
G0 X66.099 Y139.787 F3000.000
G1 Z1.000 F500.000
G4 P100
G1 X65.936 Y139.533 F1000.000
G1 X65.823 Y139.011
G1 X65.850 Y137.912
G1 X65.858 Y138.435
G1 X66.230 Y138.662
G1 X66.607 Y139.326
G1 X67.169 Y139.516
G1 X67.191 Y139.611
G1 X67.056 Y137.949
G0 Z5.000 F500.000
G0 X68.269 Y138.317 F3000.000
G1 Z1.000 F500.000
G4 P100
G1 X68.225 Y138.859 F1000.000
G1 X68.446 Y139.470
G1 X68.883 Y139.679
G1 X69.311 Y139.574
G1 X69.485 Y139.315
G1 X69.561 Y138.885
G1 X69.483 Y138.418
G1 X69.322 Y138.108
G1 X69.085 Y137.944
G1 X68.673 Y137.909
G1 X68.418 Y138.045
G1 X68.269 Y138.317
G0 Z5.000 F500.000
G0 X70.214 Y139.726 F3000.000
G1 Z1.000 F500.000
G4 P100
G1 X70.687 Y139.695 F1000.000
G1 X70.820 Y139.807
G1 X70.851 Y140.394
G1 X71.157 Y141.339
G1 X71.452 Y141.704
G1 X71.784 Y141.706
G1 X71.911 Y141.394
G1 X71.867 Y140.923
G1 X71.259 Y139.809
G1 X71.610 Y139.739
G1 X72.031 Y139.819
G1 X71.610 Y139.739
G1 X70.820 Y139.807
G1 X70.732 Y139.712
G1 X70.722 Y138.937
G1 X70.814 Y138.325
G1 X71.047 Y137.980
G1 X71.510 Y137.900
G1 X71.882 Y138.147
G0 Z5.000 F500.000
G0 X73.780 Y138.466 F3000.000
G1 Z1.000 F500.000
G4 P100
G1 X73.816 Y139.104 F1000.000
G1 X74.041 Y139.524
G1 X74.500 Y139.685
G1 X74.899 Y139.533
G1 X75.043 Y139.274
G1 X75.106 Y138.856
G1 X75.012 Y138.370
G1 X74.822 Y138.060
G1 X74.552 Y137.926
G1 X74.133 Y137.934
G1 X73.904 Y138.118
G1 X73.780 Y138.466
G0 Z5.000 F500.000
G0 X76.103 Y139.704 F3000.000
G1 Z1.000 F500.000
G4 P100
G1 X76.127 Y138.278 F1000.000
G1 X76.293 Y137.940
G1 X76.488 Y137.948
G1 X76.659 Y138.080
G1 X77.401 Y139.594
G1 X77.649 Y139.738
G1 X78.028 Y138.682
G1 X78.295 Y138.483
G1 X78.863 Y138.623
G1 X79.236 Y138.850
G1 X79.422 Y139.166
G1 X79.383 Y139.518
G1 X79.178 Y139.692
G1 X78.865 Y139.706
G1 X78.582 Y139.561
G1 X78.366 Y139.286
G1 X78.239 Y138.641
G1 X78.334 Y138.213
G1 X78.566 Y137.966
G1 X78.921 Y137.860
G1 X79.316 Y137.919
G1 X79.614 Y138.125
G1 X79.779 Y138.440
G0 Z5.000 F500.000
G0 X80.602 Y139.795 F3000.000
G1 Z1.000 F500.000
G4 P100
G1 X80.451 Y139.639 F1000.000
G1 X80.296 Y138.955
G1 X80.382 Y138.435
G1 X80.338 Y137.907
G1 X80.382 Y138.435
G1 X80.681 Y138.624
G1 X81.128 Y139.356
G1 X81.664 Y139.626
G1 X81.576 Y139.516
G1 X81.764 Y138.911
G1 X81.717 Y138.818
G1 X81.764 Y138.911
G1 X82.130 Y139.035
G1 X82.684 Y138.886
G1 X82.954 Y138.995
G1 X83.454 Y139.813
G1 X83.819 Y140.799
G1 X83.901 Y141.633
G1 X83.705 Y142.054
G1 X83.330 Y141.988
G1 X83.022 Y141.479
G1 X82.722 Y140.425
G1 X82.585 Y139.233
G1 X82.684 Y138.886
G1 X82.645 Y138.435
G1 X82.856 Y138.024
G1 X83.333 Y137.892
G1 X83.595 Y137.985
G1 X83.751 Y138.154
G0 Z5.000 F500.000
G0 X85.276 Y138.237 F3000.000
G1 Z1.000 F500.000
G4 P100
G1 X85.500 Y139.483 F1000.000
G1 X85.065 Y139.736
G1 X84.682 Y139.578
G1 X84.362 Y139.238
G1 X84.165 Y138.784
G1 X84.127 Y138.304
G1 X84.225 Y138.031
G1 X84.417 Y137.890
G1 X84.660 Y137.901
G1 X84.971 Y138.162
G1 X85.276 Y138.237
G1 X85.312 Y137.942
G0 Z5.000 F500.000
G0 X86.669 Y139.355 F3000.000
G1 Z1.000 F500.000
G4 P100
G1 X86.932 Y139.414 F1000.000
G1 X87.324 Y139.687
G1 X87.633 Y139.679
G1 X87.866 Y139.384
G1 X87.861 Y138.856
G1 X87.622 Y138.311
G1 X87.214 Y137.941
G1 X86.652 Y137.863
G1 X86.512 Y138.215
G1 X86.128 Y137.960
G1 X85.789 Y137.102
G1 X85.624 Y136.360
G1 X85.652 Y135.828
G1 X85.875 Y135.600
G1 X86.069 Y135.624
G1 X86.230 Y135.769
G1 X86.457 Y136.461
G1 X86.652 Y137.863
G1 X86.512 Y138.215
G1 X86.669 Y139.355
G1 X86.607 Y139.647
G1 X86.683 Y139.758
G0 Z5.000 F500.000
G0 X89.954 Y139.726 F3000.000
G1 Z1.000 F500.000
G4 P100
G1 X90.427 Y139.695 F1000.000
G1 X90.560 Y139.807
G1 X90.581 Y140.351
G1 X90.865 Y141.273
G1 X91.138 Y141.667
G1 X91.461 Y141.741
G1 X91.637 Y141.488
G1 X91.620 Y140.973
G1 X90.999 Y139.809
G1 X91.350 Y139.739
G1 X91.771 Y139.819
G1 X91.350 Y139.739
G1 X90.560 Y139.807
G1 X90.472 Y139.712
G1 X90.481 Y138.675
G1 X90.655 Y138.114
G1 X90.925 Y137.913
G1 X91.293 Y137.910
G1 X91.873 Y138.376
G1 X93.061 Y138.775
G1 X93.302 Y139.061
G1 X93.338 Y139.408
G1 X93.178 Y139.651
G1 X92.853 Y139.718
G1 X92.481 Y139.546
G1 X92.219 Y139.145
G1 X92.148 Y138.692
G1 X92.286 Y138.150
G1 X92.621 Y137.901
G1 X93.091 Y137.878
G1 X93.478 Y138.073
G1 X93.694 Y138.440
G0 Z5.000 F500.000
G0 X96.074 Y139.355 F3000.000
G1 Z1.000 F500.000
G4 P100
G1 X96.051 Y139.616 F1000.000
G1 X95.932 Y139.685
G1 X95.616 Y139.622
G1 X95.193 Y139.223
G1 X94.851 Y139.651
G1 X94.453 Y139.651
G1 X94.314 Y139.375
G1 X94.435 Y139.638
G1 X94.721 Y139.697
G1 X94.925 Y139.594
G1 X95.193 Y139.223
G1 X95.115 Y138.337
G1 X94.528 Y137.903
G1 X94.274 Y137.898
G1 X94.080 Y138.032
G1 X94.030 Y138.302
G1 X94.126 Y138.540
G1 X94.042 Y138.118
G1 X94.295 Y137.892
G1 X94.616 Y137.939
G1 X95.115 Y138.337
G1 X95.383 Y138.011
G1 X95.627 Y137.887
G1 X95.961 Y137.895
G1 X96.269 Y138.070
G1 X96.487 Y138.457
G1 X96.433 Y139.587
G1 X96.585 Y139.765
G1 X96.996 Y139.694
G1 X97.135 Y139.807
G1 X97.161 Y140.372
G1 X97.455 Y141.306
G1 X97.742 Y141.688
G1 X98.069 Y141.726
G1 X98.221 Y141.437
G1 X98.188 Y140.944
G1 X97.574 Y139.809
G1 X97.925 Y139.739
G1 X98.346 Y139.819
G1 X97.925 Y139.739
G1 X97.135 Y139.807
G1 X97.047 Y139.712
G1 X97.038 Y138.908
G1 X97.134 Y138.312
G1 X97.368 Y137.976
G1 X97.825 Y137.900
G1 X98.197 Y138.147
G0 Z5.000 F500.000
G0 X98.843 Y138.061 F3000.000
G1 Z1.000 F500.000
G4 P100
G1 X98.880 Y138.098 F1000.000
G0 Z5.000 F500.000
G0 X20.566 Y126.854 F3000.000
G1 Z1.000 F500.000
G4 P100
G1 X20.470 Y127.188 F1000.000
G1 X20.536 Y127.531
G1 X20.742 Y127.773
G1 X21.090 Y127.940
G1 X22.022 Y128.080
G1 X22.405 Y127.982
G1 X22.835 Y128.101
G1 X24.233 Y128.009
G1 X22.842 Y128.101
G1 X22.405 Y127.982
G1 X21.884 Y124.354
G1 X21.957 Y124.274
G1 X22.239 Y124.276
G1 X23.603 Y124.870
G1 X24.842 Y125.283
G1 X25.104 Y125.580
G1 X25.142 Y125.940
G1 X24.965 Y126.187
G1 X24.608 Y126.235
G1 X24.224 Y126.010
G1 X23.987 Y125.545
G1 X24.021 Y124.850
G1 X24.204 Y124.567
G1 X24.616 Y124.394
G1 X25.129 Y124.440
G1 X25.700 Y124.762
G1 X25.936 Y125.111
G0 Z5.000 F500.000
G0 X27.623 Y125.614 F3000.000
G1 Z1.000 F500.000
G4 P100
G1 X27.713 Y125.908 F1000.000
G1 X27.598 Y126.168
G1 X27.330 Y126.245
G1 X27.040 Y126.136
G1 X26.746 Y125.732
G1 X26.597 Y125.070
G1 X26.095 Y124.882
G1 X26.060 Y124.457
G1 X26.032 Y125.583
G1 X26.162 Y126.145
G1 X26.339 Y126.334
G1 X26.165 Y126.152
G1 X26.041 Y125.641
G1 X25.997 Y125.176
G1 X26.095 Y124.882
G1 X26.597 Y125.070
G1 X26.951 Y124.540
G1 X27.460 Y124.398
G1 X27.910 Y124.624
G1 X28.262 Y125.113
G0 Z5.000 F500.000
G0 X29.286 Y125.633 F3000.000
G1 Z1.000 F500.000
G4 P100
G1 X29.351 Y125.979 F1000.000
G1 X29.196 Y126.200
G1 X28.744 Y126.173
G1 X28.461 Y125.906
G1 X28.269 Y125.129
G1 X28.363 Y124.741
G1 X28.569 Y124.508
G1 X28.954 Y124.408
G1 X29.482 Y124.509
G1 X29.942 Y124.828
G1 X30.111 Y125.145
G0 Z5.000 F500.000
G0 X30.504 Y126.334 F3000.000
G1 Z1.000 F500.000
G4 P100
G1 X30.328 Y126.145 F1000.000
G1 X30.194 Y125.546
G1 X30.223 Y124.449
G1 X30.267 Y124.967
G1 X30.570 Y125.165
G1 X30.965 Y125.862
G1 X31.304 Y126.037
G1 X31.448 Y126.024
G1 X31.492 Y125.803
G1 X31.461 Y124.435
G1 X31.532 Y124.994
G1 X31.803 Y125.161
G1 X32.172 Y125.790
G1 X32.480 Y126.012
G1 X32.761 Y125.976
G1 X32.653 Y124.808
G1 X32.759 Y124.486
G1 X33.034 Y124.420
G1 X33.308 Y124.507
G1 X33.682 Y124.843
G1 X33.822 Y125.113
G0 Z5.000 F500.000
G0 X36.178 Y123.873 F3000.000
G1 Z1.000 F500.000
G4 P100
G1 X36.174 Y123.456 F1000.000
G1 X35.797 Y122.460
G1 X35.486 Y122.159
G1 X35.126 Y122.182
G1 X34.972 Y122.511
G1 X35.133 Y123.022
G1 X35.798 Y123.756
G1 X36.178 Y123.873
G1 X36.436 Y124.433
G1 X36.329 Y124.654
G1 X36.602 Y126.000
G1 X36.162 Y126.262
G1 X35.841 Y126.140
G1 X35.552 Y125.884
G1 X35.317 Y125.472
G1 X35.223 Y125.001
G1 X35.278 Y124.649
G1 X35.492 Y124.429
G1 X35.768 Y124.412
G1 X36.329 Y124.654
G1 X36.439 Y124.440
G1 X36.685 Y124.462
G1 X37.491 Y125.050
G0 Z5.000 F500.000
G0 X37.591 Y125.189 F3000.000
G1 Z1.000 F500.000
G4 P100
G1 X37.438 Y124.950 F1000.000
G1 X37.466 Y124.603
G1 X37.637 Y124.436
G1 X37.911 Y124.452
G1 X38.196 Y124.715
G1 X38.655 Y125.678
G1 X39.044 Y126.100
G1 X38.978 Y125.944
G1 X39.121 Y125.619
G1 X39.127 Y124.866
G1 X39.267 Y124.488
G1 X39.535 Y124.408
G1 X39.831 Y124.504
G1 X40.204 Y124.885
G1 X40.311 Y125.168
G1 X40.187 Y124.898
G1 X40.282 Y124.567
G1 X40.533 Y124.412
G1 X40.879 Y124.423
G1 X41.311 Y124.689
G1 X41.567 Y125.101
G1 X40.999 Y125.403
G1 X40.909 Y125.664
G1 X40.945 Y125.952
G1 X41.157 Y126.204
G1 X41.546 Y126.292
G1 X42.153 Y126.147
G1 X41.925 Y125.279
G1 X41.567 Y125.153
G1 X41.925 Y125.279
G1 X42.097 Y124.462
G1 X42.330 Y124.423
G1 X42.599 Y124.530
G1 X42.954 Y124.858
G1 X43.080 Y125.118
G0 Z5.000 F500.000
G0 X44.883 Y126.334 F3000.000
G1 Z1.000 F500.000
G4 P100
G1 X44.706 Y126.145 F1000.000
G1 X44.569 Y125.530
G1 X44.649 Y124.957
G1 X44.602 Y124.449
G1 X44.649 Y124.957
G1 X44.928 Y125.127
G1 X45.311 Y125.790
G1 X45.633 Y126.019
G1 X45.846 Y126.043
G1 X45.899 Y125.952
G1 X45.793 Y124.805
G1 X45.902 Y124.484
G1 X46.177 Y124.421
G1 X46.453 Y124.509
G1 X46.823 Y124.840
G1 X46.961 Y125.111
G0 Z5.000 F500.000
G0 X48.044 Y124.652 F3000.000
G1 Z1.000 F500.000
G4 P100
G1 X48.357 Y125.419 F1000.000
G1 X48.302 Y126.040
G1 X48.128 Y126.202
G1 X47.899 Y126.231
G1 X47.158 Y125.880
G1 X47.119 Y126.219
G1 X47.100 Y125.143
G1 X47.002 Y124.740
G1 X47.141 Y124.388
G1 X46.929 Y122.907
G1 X46.678 Y122.241
G1 X46.482 Y122.125
G1 X46.270 Y122.163
G1 X46.107 Y122.519
G1 X46.156 Y123.160
G1 X46.547 Y124.340
G1 X46.776 Y124.652
G1 X47.002 Y124.740
G1 X47.205 Y124.379
G1 X47.575 Y124.408
G1 X48.044 Y124.652
G1 X48.299 Y124.438
G1 X48.647 Y124.432
G1 X49.124 Y124.734
G1 X49.468 Y125.284
G1 X49.651 Y125.418
G1 X50.149 Y125.581
G1 X50.609 Y125.571
G1 X50.779 Y125.343
G1 X50.712 Y125.028
G1 X50.550 Y124.686
G1 X50.291 Y124.465
G1 X49.985 Y124.399
G1 X49.695 Y124.486
G1 X49.475 Y124.708
G1 X49.368 Y125.033
G1 X49.375 Y125.463
G1 X49.498 Y125.829
G1 X49.726 Y126.093
G1 X50.032 Y126.224
G1 X50.441 Y126.101
G1 X50.779 Y125.343
G1 X51.176 Y125.336
G1 X51.584 Y125.455
G0 Z5.000 F500.000
G0 X53.144 Y125.343 F3000.000
G1 Z1.000 F500.000
G4 P100
G1 X52.828 Y126.085 F1000.000
G1 X52.433 Y126.325
G1 X52.465 Y126.554
G1 X52.893 Y127.361
G1 X53.028 Y127.923
G1 X52.964 Y128.447
G1 X52.836 Y128.581
G1 X52.656 Y128.606
G1 X52.443 Y128.501
G1 X52.260 Y128.254
G1 X51.913 Y127.231
G1 X51.761 Y126.277
G1 X51.796 Y125.902
G1 X52.104 Y125.986
G1 X52.445 Y126.268
G1 X52.104 Y125.986
G1 X51.796 Y125.902
G1 X51.726 Y125.316
G1 X51.820 Y124.798
G1 X52.115 Y124.459
G1 X52.551 Y124.425
G1 X52.946 Y124.734
G1 X53.144 Y125.343
G1 X53.939 Y125.443
G0 Z5.000 F500.000
G0 X54.032 Y125.004 F3000.000
G1 Z1.000 F500.000
G4 P100
G1 X54.718 Y125.201 F1000.000
G1 X55.099 Y125.541
G1 X55.170 Y125.809
G1 X55.111 Y126.055
G1 X54.953 Y126.200
G1 X54.703 Y126.245
G1 X54.290 Y126.062
G1 X54.018 Y125.609
G1 X53.975 Y125.154
G1 X54.055 Y124.788
G1 X54.201 Y124.582
G1 X54.609 Y124.397
G1 X55.129 Y124.436
G1 X55.708 Y124.758
G1 X55.950 Y125.111
G0 Z5.000 F500.000
G0 X57.034 Y124.652 F3000.000
G1 Z1.000 F500.000
G4 P100
G1 X57.347 Y125.419 F1000.000
G1 X57.292 Y126.040
G1 X57.118 Y126.202
G1 X56.889 Y126.231
G1 X56.148 Y125.880
G1 X56.109 Y126.219
G1 X56.090 Y125.143
G1 X55.992 Y124.740
G1 X56.131 Y124.388
G1 X55.919 Y122.907
G1 X55.668 Y122.241
G1 X55.472 Y122.125
G1 X55.260 Y122.163
G1 X55.100 Y122.497
G1 X55.133 Y123.088
G1 X55.363 Y123.904
G1 X55.697 Y124.599
G1 X55.992 Y124.740
G1 X56.131 Y124.388
G1 X56.223 Y124.376
G1 X56.578 Y124.413
G1 X57.034 Y124.652
G1 X57.282 Y124.440
G1 X57.609 Y124.426
G1 X58.061 Y124.683
G1 X58.360 Y125.123
G0 Z5.000 F500.000
G0 X60.042 Y125.614 F3000.000
G1 Z1.000 F500.000
G4 P100
G1 X60.132 Y125.908 F1000.000
G1 X60.017 Y126.168
G1 X59.749 Y126.245
G1 X59.460 Y126.136
G1 X59.165 Y125.732
G1 X59.017 Y125.070
G1 X58.514 Y124.882
G1 X58.480 Y124.457
G1 X58.452 Y125.583
G1 X58.581 Y126.145
G1 X58.758 Y126.334
G1 X58.584 Y126.152
G1 X58.461 Y125.641
G1 X58.416 Y125.176
G1 X58.514 Y124.882
G1 X59.017 Y125.070
G1 X59.371 Y124.540
G1 X59.879 Y124.398
G1 X60.329 Y124.624
G1 X60.682 Y125.113
G0 Z5.000 F500.000
G0 X61.098 Y126.324 F3000.000
G1 Z1.000 F500.000
G4 P100
G1 X60.919 Y126.120 F1000.000
G1 X60.747 Y125.244
G1 X60.754 Y124.799
G1 X60.910 Y124.531
G1 X61.176 Y124.586
G1 X61.498 Y124.969
G1 X61.786 Y125.089
G1 X62.060 Y126.122
G1 X62.184 Y126.293
G1 X62.060 Y126.122
G1 X61.786 Y125.089
G1 X61.929 Y124.520
G1 X62.161 Y124.422
G1 X62.461 Y124.497
G1 X62.861 Y124.849
G1 X62.990 Y125.109
G0 Z5.000 F500.000
G0 X65.806 Y125.343 F3000.000
G1 Z1.000 F500.000
G4 P100
G1 X65.622 Y124.753 F1000.000
G1 X65.264 Y124.442
G1 X64.786 Y124.452
G1 X64.448 Y124.820
G1 X64.382 Y125.252
G1 X64.466 Y125.703
G1 X64.675 Y126.027
G1 X64.981 Y126.206
G1 X65.243 Y126.225
G1 X65.453 Y126.117
G1 X65.806 Y125.343
G1 X66.204 Y125.336
G1 X66.612 Y125.455
G0 Z5.000 F500.000
G0 X68.268 Y128.402 F3000.000
G1 Z1.000 F500.000
G4 P100
G1 X67.273 Y128.100 F1000.000
G1 X67.031 Y127.794
G1 X67.138 Y127.428
G1 X67.933 Y126.405
G1 X67.968 Y125.669
G1 X68.088 Y125.358
G1 X67.923 Y124.936
G1 X67.661 Y124.568
G1 X67.308 Y124.406
G1 X66.926 Y124.480
G1 X66.708 Y124.780
G1 X66.669 Y125.216
G1 X66.758 Y125.651
G1 X66.962 Y125.980
G1 X67.249 Y126.162
G1 X67.931 Y126.088
G1 X68.088 Y125.358
G1 X68.517 Y125.327
G1 X68.986 Y125.467
G0 Z5.000 F500.000
G0 X69.415 Y126.334 F3000.000
G1 Z1.000 F500.000
G4 P100
G1 X69.239 Y126.145 F1000.000
G1 X69.105 Y125.546
G1 X69.134 Y124.449
G1 X69.178 Y124.967
G1 X69.482 Y125.165
G1 X69.876 Y125.862
G1 X70.215 Y126.037
G1 X70.360 Y126.024
G1 X70.403 Y125.803
G1 X70.372 Y124.435
G1 X70.443 Y124.994
G1 X70.715 Y125.161
G1 X71.083 Y125.790
G1 X71.391 Y126.012
G1 X71.672 Y125.976
G1 X71.565 Y124.808
G1 X71.670 Y124.486
G1 X71.946 Y124.420
G1 X72.220 Y124.507
G1 X72.594 Y124.843
G1 X72.733 Y125.113
G0 Z5.000 F500.000
G0 X72.779 Y125.004 F3000.000
G1 Z1.000 F500.000
G4 P100
G1 X73.465 Y125.201 F1000.000
G1 X73.846 Y125.541
G1 X73.917 Y125.809
G1 X73.858 Y126.055
G1 X73.700 Y126.200
G1 X73.450 Y126.245
G1 X73.037 Y126.062
G1 X72.766 Y125.609
G1 X72.723 Y125.154
G1 X72.802 Y124.788
G1 X72.949 Y124.582
G1 X73.356 Y124.397
G1 X73.877 Y124.436
G1 X74.456 Y124.758
G1 X74.698 Y125.111
G0 Z5.000 F500.000
G0 X76.384 Y125.614 F3000.000
G1 Z1.000 F500.000
G4 P100
G1 X76.474 Y125.908 F1000.000
G1 X76.359 Y126.168
G1 X76.091 Y126.245
G1 X75.802 Y126.136
G1 X75.507 Y125.732
G1 X75.359 Y125.070
G1 X74.856 Y124.882
G1 X74.822 Y124.457
G1 X74.794 Y125.583
G1 X74.923 Y126.145
G1 X75.100 Y126.334
G1 X74.926 Y126.152
G1 X74.803 Y125.641
G1 X74.758 Y125.176
G1 X74.856 Y124.882
G1 X75.359 Y125.070
G1 X75.713 Y124.540
G1 X76.221 Y124.398
G1 X76.671 Y124.624
G1 X77.024 Y125.113
G0 Z5.000 F500.000
G0 X78.192 Y124.847 F3000.000
G1 Z1.000 F500.000
G4 P100
G1 X78.407 Y126.027 F1000.000
G1 X77.911 Y126.251
G1 X77.457 Y125.996
G1 X77.130 Y125.507
G1 X77.024 Y124.878
G1 X77.203 Y124.483
G1 X77.627 Y124.423
G1 X78.192 Y124.847
G1 X78.421 Y124.475
G1 X78.712 Y124.430
G1 X79.137 Y124.733
G1 X79.373 Y125.113
G0 Z5.000 F500.000
G0 X79.758 Y126.320 F3000.000
G1 Z1.000 F500.000
G4 P100
G1 X79.607 Y126.164 F1000.000
G1 X79.495 Y125.689
G1 X79.460 Y124.383
G1 X79.427 Y125.031
G1 X79.509 Y125.381
G1 X80.598 Y125.319
G1 X80.913 Y126.268
G1 X80.598 Y125.319
G1 X80.684 Y124.503
G1 X80.942 Y124.421
G1 X81.225 Y124.504
G1 X81.615 Y124.846
G1 X81.748 Y125.111
G0 Z5.000 F500.000
G0 X82.165 Y126.324 F3000.000
G1 Z1.000 F500.000
G4 P100
G1 X81.984 Y126.113 F1000.000
G1 X81.807 Y125.171
G1 X81.834 Y124.749
G1 X82.009 Y124.516
G1 X82.255 Y124.594
G1 X82.566 Y124.969
G1 X82.853 Y125.089
G1 X83.127 Y126.122
G1 X83.251 Y126.293
G1 X83.127 Y126.122
G1 X82.853 Y125.089
G1 X82.951 Y124.611
G1 X83.084 Y124.447
G1 X83.367 Y124.433
G1 X83.645 Y124.575
G1 X83.980 Y124.920
G1 X84.005 Y125.168
G1 X83.886 Y124.788
G1 X84.103 Y124.459
G1 X84.531 Y124.412
G1 X84.963 Y124.649
G1 X85.205 Y124.922
G1 X85.261 Y125.153
G1 X84.746 Y125.344
G1 X84.602 Y125.774
G1 X84.731 Y126.109
G1 X85.064 Y126.279
G1 X85.845 Y126.153
G1 X85.620 Y125.279
G1 X85.261 Y125.153
G1 X85.620 Y125.279
G1 X85.688 Y124.677
G1 X85.803 Y124.454
G1 X86.039 Y124.425
G1 X86.300 Y124.534
G1 X86.648 Y124.858
G1 X86.775 Y125.118
G0 Z5.000 F500.000
G0 X89.258 Y124.652 F3000.000
G1 Z1.000 F500.000
G4 P100
G1 X89.571 Y125.419 F1000.000
G1 X89.516 Y126.040
G1 X89.342 Y126.202
G1 X89.113 Y126.231
G1 X88.372 Y125.880
G1 X88.333 Y126.219
G1 X88.315 Y125.143
G1 X88.216 Y124.740
G1 X88.355 Y124.388
G1 X88.143 Y122.907
G1 X87.892 Y122.241
G1 X87.697 Y122.125
G1 X87.485 Y122.163
G1 X87.324 Y122.497
G1 X87.357 Y123.088
G1 X87.587 Y123.904
G1 X87.921 Y124.599
G1 X88.216 Y124.740
G1 X88.355 Y124.388
G1 X88.448 Y124.376
G1 X88.803 Y124.413
G1 X89.258 Y124.652
G1 X89.507 Y124.440
G1 X89.833 Y124.426
G1 X90.285 Y124.683
G1 X90.584 Y125.123
G0 Z5.000 F500.000
G0 X90.997 Y126.324 F3000.000
G1 Z1.000 F500.000
G4 P100
G1 X90.819 Y126.120 F1000.000
G1 X90.646 Y125.244
G1 X90.653 Y124.799
G1 X90.809 Y124.531
G1 X91.075 Y124.586
G1 X91.398 Y124.969
G1 X91.685 Y125.089
G1 X91.959 Y126.122
G1 X92.083 Y126.293
G1 X91.959 Y126.122
G1 X91.685 Y125.089
G1 X91.828 Y124.520
G1 X92.061 Y124.422
G1 X92.360 Y124.497
G1 X92.760 Y124.849
G1 X92.889 Y125.109
G0 Z5.000 F500.000
G0 X93.915 Y125.633 F3000.000
G1 Z1.000 F500.000
G4 P100
G1 X93.980 Y125.979 F1000.000
G1 X93.825 Y126.200
G1 X93.373 Y126.173
G1 X93.090 Y125.906
G1 X92.898 Y125.129
G1 X92.992 Y124.741
G1 X93.198 Y124.508
G1 X93.582 Y124.408
G1 X94.111 Y124.509
G1 X94.571 Y124.828
G1 X94.740 Y125.145
G0 Z5.000 F500.000
G0 X95.120 Y126.302 F3000.000
G1 Z1.000 F500.000
G4 P100
G1 X94.956 Y126.080 F1000.000
G1 X94.785 Y125.114
G1 X94.829 Y124.717
G1 X95.018 Y124.513
G1 X95.269 Y124.607
G1 X95.577 Y124.993
G1 X95.870 Y125.121
G1 X96.224 Y126.283
G1 X95.870 Y125.121
G1 X95.948 Y124.440
G1 X95.674 Y123.876
G1 X95.693 Y123.545
G1 X95.469 Y122.817
G1 X95.088 Y122.219
G1 X94.853 Y122.128
G1 X94.621 Y122.184
G1 X94.486 Y122.368
G1 X94.480 Y122.652
G1 X94.812 Y123.286
G1 X95.339 Y123.794
G1 X95.674 Y123.876
G1 X95.948 Y124.440
G1 X96.324 Y124.526
G1 X96.997 Y125.050
G0 Z5.000 F500.000
G0 X97.510 Y126.320 F3000.000
G1 Z1.000 F500.000
G4 P100
G1 X97.359 Y126.164 F1000.000
G1 X97.247 Y125.689
G1 X97.212 Y124.383
G1 X97.179 Y125.031
G1 X97.262 Y125.381
G1 X98.350 Y125.319
G1 X98.665 Y126.268
G1 X98.350 Y125.319
G1 X98.436 Y124.503
G1 X98.694 Y124.421
G1 X98.977 Y124.504
G1 X99.367 Y124.846
G1 X99.500 Y125.111
G0 Z5.000 F500.000
G0 X101.186 Y125.614 F3000.000
G1 Z1.000 F500.000
G4 P100
G1 X101.276 Y125.908 F1000.000
G1 X101.162 Y126.168
G1 X100.893 Y126.245
G1 X100.604 Y126.136
G1 X100.309 Y125.732
G1 X100.161 Y125.070
G1 X99.658 Y124.882
G1 X99.624 Y124.457
G1 X99.596 Y125.583
G1 X99.725 Y126.145
G1 X99.902 Y126.334
G1 X99.728 Y126.152
G1 X99.605 Y125.641
G1 X99.560 Y125.176
G1 X99.658 Y124.882
G1 X100.161 Y125.070
G1 X100.515 Y124.540
G1 X101.024 Y124.398
G1 X101.473 Y124.624
G1 X101.826 Y125.113
G0 Z5.000 F500.000
G0 X102.994 Y124.847 F3000.000
G1 Z1.000 F500.000
G4 P100
G1 X103.209 Y126.027 F1000.000
G1 X102.713 Y126.251
G1 X102.259 Y125.996
G1 X101.932 Y125.507
G1 X101.826 Y124.878
G1 X102.005 Y124.483
G1 X102.429 Y124.423
G1 X102.994 Y124.847
G1 X103.223 Y124.475
G1 X103.514 Y124.430
G1 X103.940 Y124.733
G1 X104.175 Y125.113
G0 Z5.000 F500.000
G0 X104.448 Y126.009 F3000.000
G1 Z1.000 F500.000
G4 P100
G1 X104.489 Y126.049 F1000.000
G0 Z5.000 F500.000
G0 X104.314 Y124.623 F3000.000
G1 Z1.000 F500.000
G4 P100
G1 X104.277 Y124.586 F1000.000
G0 Z5.000 F500.000
G0 X107.264 Y126.334 F3000.000
G1 Z1.000 F500.000
G4 P100
G1 X107.087 Y126.145 F1000.000
G1 X106.950 Y125.530
G1 X107.030 Y124.957
G1 X106.984 Y124.449
G1 X107.030 Y124.957
G1 X107.333 Y125.155
G1 X107.754 Y125.863
G1 X108.050 Y126.028
G1 X108.274 Y125.983
G1 X108.180 Y124.710
G1 X108.255 Y124.507
G1 X108.449 Y124.427
G1 X108.877 Y124.537
G1 X109.231 Y124.875
G1 X109.441 Y125.273
G1 X110.124 Y125.577
G1 X110.585 Y125.570
G1 X110.723 Y125.487
G1 X110.698 Y125.064
G1 X110.500 Y124.651
G1 X110.227 Y124.447
G1 X109.888 Y124.406
G1 X109.594 Y124.542
G1 X109.398 Y124.820
G1 X109.331 Y125.237
G1 X109.410 Y125.689
G1 X109.609 Y126.011
G1 X109.909 Y126.199
G1 X110.177 Y126.227
G1 X110.398 Y126.123
G1 X110.755 Y125.343
G1 X111.153 Y125.336
G1 X111.561 Y125.455
G0 Z5.000 F500.000
G0 X111.570 Y125.189 F3000.000
G1 Z1.000 F500.000
G4 P100
G1 X111.417 Y124.950 F1000.000
G1 X111.445 Y124.603
G1 X111.616 Y124.436
G1 X111.890 Y124.452
G1 X112.175 Y124.715
G1 X112.634 Y125.678
G1 X113.022 Y126.100
G1 X112.956 Y125.944
G1 X113.100 Y125.619
G1 X113.106 Y124.859
G1 X113.256 Y124.479
G1 X113.514 Y124.408
G1 X113.797 Y124.497
G1 X114.165 Y124.862
G1 X114.282 Y125.111
G0 Z5.000 F500.000
G0 X115.755 Y125.343 F3000.000
G1 Z1.000 F500.000
G4 P100
G1 X115.572 Y124.753 F1000.000
G1 X115.213 Y124.442
G1 X114.736 Y124.452
G1 X114.398 Y124.820
G1 X114.331 Y125.252
G1 X114.415 Y125.703
G1 X114.624 Y126.027
G1 X114.930 Y126.206
G1 X115.192 Y126.225
G1 X115.403 Y126.117
G1 X115.755 Y125.343
G1 X116.153 Y125.336
G1 X116.561 Y125.455
G0 Z5.000 F500.000
G0 X116.582 Y125.055 F3000.000
G1 Z1.000 F500.000
G4 P100
G1 X116.492 Y124.753 F1000.000
G1 X116.592 Y124.503
G1 X116.862 Y124.407
G1 X117.146 Y124.504
G1 X117.412 Y124.866
G1 X117.605 Y125.516
G1 X117.297 Y126.164
G1 X117.043 Y126.223
G1 X116.832 Y126.081
G1 X116.780 Y125.900
G1 X116.952 Y126.193
G1 X117.297 Y126.164
G1 X117.605 Y125.516
G1 X118.003 Y125.607
G1 X118.123 Y126.186
G1 X118.259 Y126.324
G1 X118.123 Y126.186
G1 X118.003 Y125.607
G1 X118.100 Y124.928
G1 X118.005 Y124.366
G1 X118.100 Y124.928
G1 X118.547 Y125.170
G1 X118.754 Y125.874
G1 X119.122 Y126.221
G1 X119.519 Y126.168
G1 X119.626 Y125.798
G1 X119.565 Y125.636
G1 X119.613 Y126.024
G1 X119.362 Y126.240
G1 X119.055 Y126.192
G1 X118.799 Y125.949
G1 X118.547 Y125.170
G1 X118.831 Y124.598
G1 X119.163 Y124.409
G1 X119.545 Y124.438
G1 X119.998 Y124.790
G1 X120.183 Y125.116
G0 Z5.000 F500.000
G0 X120.228 Y125.004 F3000.000
G1 Z1.000 F500.000
G4 P100
G1 X120.915 Y125.201 F1000.000
G1 X121.296 Y125.541
G1 X121.366 Y125.809
G1 X121.307 Y126.055
G1 X121.149 Y126.200
G1 X120.899 Y126.245
G1 X120.486 Y126.062
G1 X120.215 Y125.609
G1 X120.172 Y125.154
G1 X120.251 Y124.788
G1 X120.398 Y124.582
G1 X120.805 Y124.397
G1 X121.326 Y124.436
G1 X121.905 Y124.758
G1 X122.147 Y125.111
G0 Z5.000 F500.000
G0 X122.532 Y126.320 F3000.000
G1 Z1.000 F500.000
G4 P100
G1 X122.381 Y126.164 F1000.000
G1 X122.269 Y125.689
G1 X122.234 Y124.383
G1 X122.201 Y125.031
G1 X122.284 Y125.381
G1 X123.372 Y125.319
G1 X123.687 Y126.268
G1 X123.372 Y125.319
G1 X123.458 Y124.503
G1 X123.716 Y124.421
G1 X123.999 Y124.504
G1 X124.389 Y124.846
G1 X124.522 Y125.111
G0 Z5.000 F500.000
G0 X124.939 Y126.324 F3000.000
G1 Z1.000 F500.000
G4 P100
G1 X124.761 Y126.120 F1000.000
G1 X124.588 Y125.244
G1 X124.595 Y124.799
G1 X124.751 Y124.531
G1 X125.017 Y124.586
G1 X125.340 Y124.969
G1 X125.628 Y125.089
G1 X125.901 Y126.122
G1 X126.025 Y126.293
G1 X125.901 Y126.122
G1 X125.628 Y125.089
G1 X125.771 Y124.520
G1 X126.003 Y124.422
G1 X126.303 Y124.497
G1 X126.702 Y124.849
G1 X126.831 Y125.109
G0 Z5.000 F500.000
G0 X126.878 Y125.004 F3000.000
G1 Z1.000 F500.000
G4 P100
G1 X127.565 Y125.201 F1000.000
G1 X127.946 Y125.541
G1 X128.016 Y125.809
G1 X127.957 Y126.055
G1 X127.799 Y126.200
G1 X127.549 Y126.245
G1 X127.136 Y126.062
G1 X126.865 Y125.609
G1 X126.822 Y125.154
G1 X126.901 Y124.788
G1 X127.048 Y124.582
G1 X127.455 Y124.397
G1 X127.976 Y124.436
G1 X128.555 Y124.758
G1 X128.797 Y125.111
G0 Z5.000 F500.000
G0 X131.224 Y125.633 F3000.000
G1 Z1.000 F500.000
G4 P100
G1 X131.289 Y125.979 F1000.000
G1 X131.134 Y126.200
G1 X130.682 Y126.173
G1 X130.399 Y125.906
G1 X130.207 Y125.129
G1 X130.301 Y124.741
G1 X130.507 Y124.508
G1 X130.892 Y124.408
G1 X131.420 Y124.509
G1 X131.880 Y124.828
G1 X132.049 Y125.145
G0 Z5.000 F500.000
G0 X132.442 Y126.334 F3000.000
G1 Z1.000 F500.000
G4 P100
G1 X132.265 Y126.145 F1000.000
G1 X132.132 Y125.546
G1 X132.161 Y124.449
G1 X132.205 Y124.967
G1 X132.508 Y125.165
G1 X132.902 Y125.862
G1 X133.242 Y126.037
G1 X133.386 Y126.024
G1 X133.430 Y125.803
G1 X133.399 Y124.435
G1 X133.469 Y124.994
G1 X133.741 Y125.161
G1 X134.109 Y125.790
G1 X134.418 Y126.012
G1 X134.699 Y125.976
G1 X134.591 Y124.808
G1 X134.696 Y124.486
G1 X134.972 Y124.420
G1 X135.246 Y124.507
G1 X135.620 Y124.843
G1 X135.759 Y125.113
G0 Z5.000 F500.000
G0 X136.843 Y124.652 F3000.000
G1 Z1.000 F500.000
G4 P100
G1 X137.155 Y125.419 F1000.000
G1 X137.100 Y126.040
G1 X136.926 Y126.202
G1 X136.697 Y126.231
G1 X135.956 Y125.880
G1 X135.917 Y126.219
G1 X135.899 Y125.143
G1 X135.800 Y124.740
G1 X135.939 Y124.388
G1 X135.728 Y122.907
G1 X135.476 Y122.241
G1 X135.281 Y122.125
G1 X135.069 Y122.163
G1 X134.905 Y122.519
G1 X134.955 Y123.160
G1 X135.345 Y124.340
G1 X135.575 Y124.652
G1 X135.800 Y124.740
G1 X136.003 Y124.379
G1 X136.373 Y124.408
G1 X136.843 Y124.652
G1 X137.098 Y124.438
G1 X137.446 Y124.432
G1 X137.923 Y124.734
G1 X138.266 Y125.284
G1 X138.450 Y125.418
G1 X138.947 Y125.581
G1 X139.408 Y125.571
G1 X139.577 Y125.343
G1 X139.510 Y125.028
G1 X139.349 Y124.686
G1 X139.089 Y124.465
G1 X138.783 Y124.399
G1 X138.494 Y124.486
G1 X138.274 Y124.708
G1 X138.166 Y125.033
G1 X138.173 Y125.463
G1 X138.297 Y125.829
G1 X138.524 Y126.093
G1 X138.831 Y126.224
G1 X139.239 Y126.101
G1 X139.577 Y125.343
G1 X139.975 Y125.336
G1 X140.383 Y125.455
G0 Z5.000 F500.000
G0 X142.106 Y125.614 F3000.000
G1 Z1.000 F500.000
G4 P100
G1 X142.196 Y125.908 F1000.000
G1 X142.081 Y126.168
G1 X141.813 Y126.245
G1 X141.523 Y126.136
G1 X141.229 Y125.732
G1 X141.080 Y125.070
G1 X140.577 Y124.882
G1 X140.543 Y124.457
G1 X140.515 Y125.583
G1 X140.645 Y126.145
G1 X140.822 Y126.334
G1 X140.647 Y126.152
G1 X140.524 Y125.641
G1 X140.479 Y125.176
G1 X140.577 Y124.882
G1 X141.080 Y125.070
G1 X141.434 Y124.540
G1 X141.943 Y124.398
G1 X142.392 Y124.624
G1 X142.745 Y125.113
G0 Z5.000 F500.000
G0 X144.532 Y126.320 F3000.000
G1 Z1.000 F500.000
G4 P100
G1 X144.381 Y126.164 F1000.000
G1 X144.269 Y125.689
G1 X144.234 Y124.383
G1 X144.201 Y125.031
G1 X144.283 Y125.381
G1 X145.371 Y125.319
G1 X145.686 Y126.268
G1 X145.371 Y125.319
G1 X145.457 Y124.503
G1 X145.715 Y124.421
G1 X145.999 Y124.504
G1 X146.388 Y124.846
G1 X146.521 Y125.111
G0 Z5.000 F500.000
G0 X146.567 Y125.004 F3000.000
G1 Z1.000 F500.000
G4 P100
G1 X147.254 Y125.201 F1000.000
G1 X147.635 Y125.541
G1 X147.706 Y125.809
G1 X147.646 Y126.055
G1 X147.489 Y126.200
G1 X147.239 Y126.245
G1 X146.826 Y126.062
G1 X146.554 Y125.609
G1 X146.511 Y125.154
G1 X146.590 Y124.788
G1 X146.737 Y124.582
G1 X147.145 Y124.397
G1 X147.665 Y124.436
G1 X148.244 Y124.758
G1 X148.486 Y125.111
G0 Z5.000 F500.000
G0 X21.440 Y113.776 F3000.000
G1 Z1.000 F500.000
G4 P100
G1 X21.436 Y113.359 F1000.000
G1 X21.060 Y112.363
G1 X20.749 Y112.062
G1 X20.389 Y112.085
G1 X20.235 Y112.414
G1 X20.395 Y112.925
G1 X21.060 Y113.659
G1 X21.440 Y113.776
G1 X21.699 Y114.336
G1 X21.592 Y114.557
G1 X21.865 Y115.903
G1 X21.425 Y116.165
G1 X21.104 Y116.043
G1 X20.815 Y115.787
G1 X20.580 Y115.375
G1 X20.486 Y114.904
G1 X20.541 Y114.552
G1 X20.755 Y114.332
G1 X21.031 Y114.315
G1 X21.592 Y114.557
G1 X21.702 Y114.343
G1 X21.948 Y114.365
G1 X22.754 Y114.953
G0 Z5.000 F500.000
G0 X24.294 Y115.246 F3000.000
G1 Z1.000 F500.000
G4 P100
G1 X24.111 Y114.656 F1000.000
G1 X23.753 Y114.345
G1 X23.275 Y114.355
G1 X22.937 Y114.723
G1 X22.871 Y115.155
G1 X22.955 Y115.606
G1 X23.164 Y115.930
G1 X23.469 Y116.109
G1 X23.731 Y116.128
G1 X23.942 Y116.020
G1 X24.294 Y115.246
G1 X24.692 Y115.239
G1 X25.100 Y115.358
G0 Z5.000 F500.000
G0 X25.109 Y115.092 F3000.000
G1 Z1.000 F500.000
G4 P100
G1 X24.956 Y114.853 F1000.000
G1 X24.984 Y114.506
G1 X25.155 Y114.339
G1 X25.429 Y114.355
G1 X25.714 Y114.618
G1 X26.173 Y115.581
G1 X26.562 Y116.003
G1 X26.496 Y115.847
G1 X26.634 Y115.550
G1 X26.642 Y114.791
G1 X26.775 Y114.400
G1 X27.031 Y114.311
G1 X27.317 Y114.388
G1 X27.699 Y114.759
G1 X27.820 Y115.007
G1 X27.831 Y114.462
G1 X28.001 Y114.333
G1 X28.262 Y114.325
G1 X28.640 Y114.659
G1 X28.889 Y115.419
G1 X28.582 Y116.067
G1 X28.334 Y116.127
G1 X28.124 Y115.996
G1 X28.064 Y115.803
G1 X28.236 Y116.096
G1 X28.582 Y116.067
G1 X28.889 Y115.419
G1 X29.287 Y115.510
G1 X29.407 Y116.089
G1 X29.543 Y116.227
G1 X29.407 Y116.089
G1 X29.287 Y115.510
G1 X29.385 Y114.831
G1 X29.290 Y114.269
G1 X29.385 Y114.831
G1 X29.832 Y115.073
G1 X30.038 Y115.777
G1 X30.407 Y116.124
G1 X30.804 Y116.071
G1 X30.911 Y115.701
G1 X30.850 Y115.539
G1 X30.897 Y115.927
G1 X30.647 Y116.143
G1 X30.340 Y116.095
G1 X30.083 Y115.852
G1 X29.832 Y115.073
G1 X30.115 Y114.501
G1 X30.447 Y114.312
G1 X30.829 Y114.341
G1 X31.283 Y114.693
G1 X31.467 Y115.019
G0 Z5.000 F500.000
G0 X31.852 Y116.223 F3000.000
G1 Z1.000 F500.000
G4 P100
G1 X31.701 Y116.067 F1000.000
G1 X31.589 Y115.592
G1 X31.554 Y114.286
G1 X31.521 Y114.934
G1 X31.603 Y115.284
G1 X32.691 Y115.222
G1 X33.006 Y116.171
G1 X32.691 Y115.222
G1 X32.708 Y114.583
G1 X32.881 Y114.346
G1 X33.356 Y114.430
G1 X33.731 Y114.777
G1 X33.941 Y115.176
G1 X34.625 Y115.479
G1 X35.085 Y115.473
G1 X35.222 Y115.390
G1 X35.191 Y114.945
G1 X34.985 Y114.537
G1 X34.706 Y114.342
G1 X34.373 Y114.311
G1 X34.082 Y114.455
G1 X33.892 Y114.737
G1 X33.831 Y115.155
G1 X33.912 Y115.599
G1 X34.113 Y115.919
G1 X34.415 Y116.105
G1 X34.684 Y116.129
G1 X34.902 Y116.020
G1 X35.254 Y115.246
G1 X35.652 Y115.239
G1 X36.060 Y115.358
G0 Z5.000 F500.000
G0 X41.824 Y116.237 F3000.000
G1 Z1.000 F500.000
G4 P100
G1 X41.647 Y116.048 F1000.000
G1 X41.509 Y115.433
G1 X41.589 Y114.860
G1 X41.543 Y114.352
G1 X41.589 Y114.860
G1 X41.868 Y115.030
G1 X42.251 Y115.693
G1 X42.573 Y115.922
G1 X42.787 Y115.946
G1 X42.840 Y115.855
G1 X42.734 Y114.708
G1 X42.842 Y114.387
G1 X43.117 Y114.324
G1 X43.393 Y114.412
G1 X43.763 Y114.743
G1 X43.901 Y115.014
G0 Z5.000 F500.000
G0 X43.947 Y114.907 F3000.000
G1 Z1.000 F500.000
G4 P100
G1 X44.634 Y115.104 F1000.000
G1 X45.015 Y115.444
G1 X45.086 Y115.712
G1 X45.026 Y115.958
G1 X44.869 Y116.103
G1 X44.619 Y116.148
G1 X44.206 Y115.965
G1 X43.934 Y115.512
G1 X43.891 Y115.057
G1 X43.970 Y114.691
G1 X44.117 Y114.485
G1 X44.525 Y114.300
G1 X45.045 Y114.339
G1 X45.624 Y114.661
G1 X45.866 Y115.014
G0 Z5.000 F500.000
G0 X46.950 Y114.555 F3000.000
G1 Z1.000 F500.000
G4 P100
G1 X47.263 Y115.322 F1000.000
G1 X47.207 Y115.943
G1 X47.033 Y116.105
G1 X46.804 Y116.134
G1 X46.064 Y115.783
G1 X46.025 Y116.122
G1 X46.006 Y115.046
G1 X45.907 Y114.643
G1 X46.047 Y114.291
G1 X45.835 Y112.810
G1 X45.583 Y112.144
G1 X45.388 Y112.028
G1 X45.176 Y112.066
G1 X45.015 Y112.400
G1 X45.048 Y112.991
G1 X45.279 Y113.807
G1 X45.613 Y114.502
G1 X45.907 Y114.643
G1 X46.047 Y114.291
G1 X46.139 Y114.279
G1 X46.494 Y114.316
G1 X46.950 Y114.555
G1 X47.198 Y114.343
G1 X47.524 Y114.329
G1 X47.976 Y114.586
G1 X48.276 Y115.026
G0 Z5.000 F500.000
G0 X48.317 Y114.907 F3000.000
G1 Z1.000 F500.000
G4 P100
G1 X49.004 Y115.104 F1000.000
G1 X49.385 Y115.444
G1 X49.456 Y115.712
G1 X49.396 Y115.958
G1 X49.239 Y116.103
G1 X48.989 Y116.148
G1 X48.576 Y115.965
G1 X48.304 Y115.512
G1 X48.261 Y115.057
G1 X48.340 Y114.691
G1 X48.487 Y114.485
G1 X48.895 Y114.300
G1 X49.415 Y114.339
G1 X49.994 Y114.661
G1 X50.236 Y115.014
G0 Z5.000 F500.000
G0 X51.261 Y115.536 F3000.000
G1 Z1.000 F500.000
G4 P100
G1 X51.326 Y115.882 F1000.000
G1 X51.171 Y116.103
G1 X50.719 Y116.076
G1 X50.436 Y115.809
G1 X50.244 Y115.032
G1 X50.338 Y114.644
G1 X50.544 Y114.411
G1 X50.929 Y114.311
G1 X51.457 Y114.412
G1 X51.917 Y114.731
G1 X52.086 Y115.048
G0 Z5.000 F500.000
G0 X52.122 Y114.907 F3000.000
G1 Z1.000 F500.000
G4 P100
G1 X52.809 Y115.104 F1000.000
G1 X53.190 Y115.444
G1 X53.261 Y115.712
G1 X53.201 Y115.958
G1 X53.044 Y116.103
G1 X52.794 Y116.148
G1 X52.381 Y115.965
G1 X52.109 Y115.512
G1 X52.066 Y115.057
G1 X52.145 Y114.691
G1 X52.292 Y114.485
G1 X52.700 Y114.300
G1 X53.220 Y114.339
G1 X53.799 Y114.661
G1 X54.041 Y115.014
G0 Z5.000 F500.000
G0 X55.728 Y115.517 F3000.000
G1 Z1.000 F500.000
G4 P100
G1 X55.818 Y115.811 F1000.000
G1 X55.703 Y116.071
G1 X55.435 Y116.148
G1 X55.145 Y116.039
G1 X54.851 Y115.635
G1 X54.702 Y114.973
G1 X54.200 Y114.785
G1 X54.165 Y114.360
G1 X54.137 Y115.486
G1 X54.267 Y116.048
G1 X54.444 Y116.237
G1 X54.270 Y116.055
G1 X54.146 Y115.544
G1 X54.102 Y115.079
G1 X54.200 Y114.785
G1 X54.702 Y114.973
G1 X55.056 Y114.443
G1 X55.565 Y114.301
G1 X56.015 Y114.527
G1 X56.368 Y115.016
G0 Z5.000 F500.000
G0 X57.535 Y114.750 F3000.000
G1 Z1.000 F500.000
G4 P100
G1 X57.750 Y115.930 F1000.000
G1 X57.255 Y116.154
G1 X56.800 Y115.899
G1 X56.473 Y115.410
G1 X56.367 Y114.781
G1 X56.546 Y114.386
G1 X56.971 Y114.326
G1 X57.535 Y114.750
G1 X57.765 Y114.378
G1 X58.056 Y114.333
G1 X58.481 Y114.636
G1 X58.717 Y115.016
G0 Z5.000 F500.000
G0 X59.119 Y116.237 F3000.000
G1 Z1.000 F500.000
G4 P100
G1 X58.943 Y116.048 F1000.000
G1 X58.809 Y115.449
G1 X58.838 Y114.352
G1 X58.882 Y114.870
G1 X59.185 Y115.068
G1 X59.580 Y115.765
G1 X59.919 Y115.940
G1 X60.063 Y115.927
G1 X60.107 Y115.706
G1 X60.076 Y114.338
G1 X60.147 Y114.897
G1 X60.418 Y115.064
G1 X60.787 Y115.693
G1 X61.095 Y115.915
G1 X61.376 Y115.879
G1 X61.268 Y114.711
G1 X61.374 Y114.389
G1 X61.649 Y114.323
G1 X61.923 Y114.410
G1 X62.297 Y114.746
G1 X62.437 Y115.016
G0 Z5.000 F500.000
G0 X63.805 Y114.487 F3000.000
G1 Z1.000 F500.000
G4 P100
G1 X63.947 Y115.025 F1000.000
G1 X63.875 Y115.290
G1 X63.607 Y115.486
G1 X63.294 Y115.475
G1 X63.012 Y115.341
G1 X62.820 Y115.510
G1 X62.619 Y115.734
G1 X62.710 Y116.070
G1 X62.863 Y116.205
G1 X62.699 Y116.043
G1 X62.574 Y115.302
G1 X62.651 Y115.186
G1 X63.012 Y115.341
G1 X62.651 Y115.186
G1 X62.595 Y115.234
G1 X62.520 Y114.963
G1 X62.608 Y114.613
G1 X62.831 Y114.386
G1 X63.209 Y114.288
G1 X63.773 Y114.507
G1 X64.012 Y114.330
G1 X64.330 Y114.344
G1 X64.760 Y114.621
G1 X65.021 Y115.014
G0 Z5.000 F500.000
G0 X71.759 Y115.246 F3000.000
G1 Z1.000 F500.000
G4 P100
G1 X71.576 Y114.656 F1000.000
G1 X71.218 Y114.345
G1 X70.740 Y114.355
G1 X70.402 Y114.723
G1 X70.336 Y115.155
G1 X70.420 Y115.606
G1 X70.629 Y115.930
G1 X70.934 Y116.109
G1 X71.196 Y116.128
G1 X71.407 Y116.020
G1 X71.759 Y115.246
G1 X72.157 Y115.239
G1 X72.565 Y115.358
G0 Z5.000 F500.000
G0 X74.222 Y118.305 F3000.000
G1 Z1.000 F500.000
G4 P100
G1 X73.227 Y118.003 F1000.000
G1 X72.985 Y117.697
G1 X73.092 Y117.331
G1 X73.886 Y116.308
G1 X73.922 Y115.572
G1 X74.041 Y115.261
G1 X73.876 Y114.839
G1 X73.615 Y114.471
G1 X73.262 Y114.309
G1 X72.880 Y114.383
G1 X72.662 Y114.683
G1 X72.623 Y115.119
G1 X72.712 Y115.554
G1 X72.916 Y115.883
G1 X73.202 Y116.065
G1 X73.885 Y115.991
G1 X74.041 Y115.261
G1 X74.470 Y115.230
G1 X74.940 Y115.370
G0 Z5.000 F500.000
G0 X74.939 Y115.092 F3000.000
G1 Z1.000 F500.000
G4 P100
G1 X74.786 Y114.853 F1000.000
G1 X74.814 Y114.506
G1 X74.985 Y114.339
G1 X75.259 Y114.355
G1 X75.544 Y114.618
G1 X76.003 Y115.581
G1 X76.392 Y116.003
G1 X76.326 Y115.847
G1 X76.469 Y115.522
G1 X76.476 Y114.762
G1 X76.626 Y114.382
G1 X76.883 Y114.311
G1 X77.166 Y114.400
G1 X77.534 Y114.765
G1 X77.651 Y115.014
G0 Z5.000 F500.000
G0 X78.880 Y114.750 F3000.000
G1 Z1.000 F500.000
G4 P100
G1 X79.095 Y115.930 F1000.000
G1 X78.600 Y116.154
G1 X78.145 Y115.899
G1 X77.818 Y115.410
G1 X77.712 Y114.781
G1 X77.891 Y114.386
G1 X78.316 Y114.326
G1 X78.880 Y114.750
G1 X79.110 Y114.378
G1 X79.401 Y114.333
G1 X79.826 Y114.636
G1 X80.062 Y115.016
G0 Z5.000 F500.000
G0 X81.086 Y115.536 F3000.000
G1 Z1.000 F500.000
G4 P100
G1 X81.151 Y115.882 F1000.000
G1 X80.996 Y116.103
G1 X80.544 Y116.076
G1 X80.261 Y115.809
G1 X80.069 Y115.032
G1 X80.163 Y114.644
G1 X80.369 Y114.411
G1 X80.754 Y114.311
G1 X81.282 Y114.412
G1 X81.742 Y114.731
G1 X81.911 Y115.048
G0 Z5.000 F500.000
G0 X82.304 Y116.237 F3000.000
G1 Z1.000 F500.000
G4 P100
G1 X82.128 Y116.048 F1000.000
G1 X81.994 Y115.449
G1 X82.023 Y114.352
G1 X82.067 Y114.870
G1 X82.370 Y115.068
G1 X82.765 Y115.765
G1 X83.104 Y115.940
G1 X83.248 Y115.927
G1 X83.292 Y115.706
G1 X83.261 Y114.338
G1 X83.332 Y114.897
G1 X83.603 Y115.064
G1 X83.972 Y115.693
G1 X84.280 Y115.915
G1 X84.561 Y115.879
G1 X84.453 Y114.711
G1 X84.559 Y114.389
G1 X84.834 Y114.323
G1 X85.108 Y114.410
G1 X85.482 Y114.746
G1 X85.622 Y115.016
G0 Z5.000 F500.000
G0 X86.990 Y114.487 F3000.000
G1 Z1.000 F500.000
G4 P100
G1 X87.132 Y115.025 F1000.000
G1 X87.060 Y115.290
G1 X86.792 Y115.486
G1 X86.479 Y115.475
G1 X86.197 Y115.341
G1 X86.005 Y115.510
G1 X85.804 Y115.734
G1 X85.895 Y116.070
G1 X86.048 Y116.205
G1 X85.884 Y116.043
G1 X85.759 Y115.302
G1 X85.836 Y115.186
G1 X86.197 Y115.341
G1 X85.836 Y115.186
G1 X85.780 Y115.234
G1 X85.705 Y114.963
G1 X85.793 Y114.613
G1 X86.016 Y114.386
G1 X86.394 Y114.288
G1 X86.958 Y114.507
G1 X87.197 Y114.330
G1 X87.515 Y114.344
G1 X87.945 Y114.621
G1 X88.206 Y115.014
G0 Z5.000 F500.000
G0 X93.948 Y116.227 F3000.000
G1 Z1.000 F500.000
G4 P100
G1 X93.768 Y116.016 F1000.000
G1 X93.589 Y115.052
G1 X93.622 Y114.639
G1 X93.806 Y114.417
G1 X94.080 Y114.528
G1 X94.378 Y114.894
G1 X94.637 Y114.992
G1 X94.910 Y116.025
G1 X95.035 Y116.196
G1 X94.910 Y116.025
G1 X94.637 Y114.992
G1 X94.754 Y114.467
G1 X94.968 Y114.329
G1 X95.350 Y114.423
G1 X95.767 Y114.829
G1 X95.857 Y115.213
G1 X95.833 Y115.829
G1 X95.957 Y116.005
G1 X96.266 Y116.167
G1 X96.620 Y116.217
G1 X96.903 Y116.155
G1 X97.061 Y115.979
G1 X97.082 Y115.655
G1 X96.921 Y115.347
G1 X95.922 Y114.738
G1 X96.617 Y114.118
G1 X96.666 Y113.422
G1 X96.517 Y112.842
G1 X96.247 Y112.341
G1 X95.945 Y112.069
G1 X95.617 Y112.041
G1 X95.431 Y112.196
G1 X95.392 Y112.512
G1 X95.717 Y113.252
G1 X96.250 Y113.782
G1 X96.588 Y113.908
G1 X96.617 Y114.118
G1 X97.882 Y114.941
G0 Z5.000 F500.000
G0 X99.429 Y115.246 F3000.000
G1 Z1.000 F500.000
G4 P100
G1 X99.246 Y114.656 F1000.000
G1 X98.888 Y114.345
G1 X98.410 Y114.355
G1 X98.072 Y114.723
G1 X98.006 Y115.155
G1 X98.090 Y115.606
G1 X98.299 Y115.930
G1 X98.604 Y116.109
G1 X98.866 Y116.128
G1 X99.077 Y116.020
G1 X99.429 Y115.246
G1 X99.827 Y115.239
G1 X100.235 Y115.358
G0 Z5.000 F500.000
G0 X101.892 Y118.305 F3000.000
G1 Z1.000 F500.000
G4 P100
G1 X100.897 Y118.003 F1000.000
G1 X100.655 Y117.697
G1 X100.762 Y117.331
G1 X101.556 Y116.308
G1 X101.592 Y115.572
G1 X101.711 Y115.261
G1 X101.546 Y114.839
G1 X101.285 Y114.471
G1 X100.932 Y114.309
G1 X100.550 Y114.383
G1 X100.332 Y114.683
G1 X100.293 Y115.119
G1 X100.382 Y115.554
G1 X100.586 Y115.883
G1 X100.872 Y116.065
G1 X101.555 Y115.991
G1 X101.711 Y115.261
G1 X102.140 Y115.230
G1 X102.610 Y115.370
G0 Z5.000 F500.000
G0 X103.720 Y114.555 F3000.000
G1 Z1.000 F500.000
G4 P100
G1 X104.033 Y115.322 F1000.000
G1 X103.977 Y115.943
G1 X103.803 Y116.105
G1 X103.574 Y116.134
G1 X102.834 Y115.783
G1 X102.795 Y116.122
G1 X102.776 Y115.046
G1 X102.677 Y114.643
G1 X102.817 Y114.291
G1 X102.605 Y112.810
G1 X102.353 Y112.144
G1 X102.158 Y112.028
G1 X101.946 Y112.066
G1 X101.785 Y112.400
G1 X101.818 Y112.991
G1 X102.049 Y113.807
G1 X102.383 Y114.502
G1 X102.677 Y114.643
G1 X102.817 Y114.291
G1 X102.909 Y114.279
G1 X103.264 Y114.316
G1 X103.720 Y114.555
G1 X103.968 Y114.343
G1 X104.294 Y114.329
G1 X104.746 Y114.586
G1 X105.046 Y115.026
G0 Z5.000 F500.000
G0 X106.210 Y114.750 F3000.000
G1 Z1.000 F500.000
G4 P100
G1 X106.425 Y115.930 F1000.000
G1 X105.966 Y116.161
G1 X105.465 Y115.889
G1 X105.118 Y115.328
G1 X105.059 Y114.665
G1 X105.159 Y114.447
G1 X105.344 Y114.321
G1 X105.692 Y114.346
G1 X106.210 Y114.750
G1 X106.446 Y114.373
G1 X106.752 Y114.340
G1 X107.166 Y114.647
G1 X107.390 Y115.010
G1 X107.286 Y114.686
G1 X107.371 Y114.422
G1 X107.634 Y114.311
G1 X107.929 Y114.399
G1 X108.203 Y114.763
G1 X108.399 Y115.419
G1 X108.184 Y115.974
G1 X107.859 Y116.129
G1 X107.656 Y116.025
G1 X107.574 Y115.803
G1 X107.715 Y116.077
G1 X108.030 Y116.104
G1 X108.236 Y115.892
G1 X108.399 Y115.419
G1 X108.797 Y115.510
G1 X108.917 Y116.089
G1 X109.053 Y116.227
G1 X108.917 Y116.089
G1 X108.797 Y115.510
G1 X108.895 Y114.831
G1 X108.800 Y114.269
G1 X108.895 Y114.831
G1 X109.342 Y115.073
G1 X109.548 Y115.777
G1 X109.917 Y116.124
G1 X110.314 Y116.071
G1 X110.421 Y115.701
G1 X110.360 Y115.539
G1 X110.407 Y115.927
G1 X110.157 Y116.143
G1 X109.850 Y116.095
G1 X109.593 Y115.852
G1 X109.342 Y115.073
G1 X109.625 Y114.501
G1 X109.957 Y114.312
G1 X110.339 Y114.341
G1 X110.793 Y114.693
G1 X110.977 Y115.019
G0 Z5.000 F500.000
G0 X111.022 Y114.907 F3000.000
G1 Z1.000 F500.000
G4 P100
G1 X111.709 Y115.104 F1000.000
G1 X112.090 Y115.444
G1 X112.161 Y115.712
G1 X112.101 Y115.958
G1 X111.944 Y116.103
G1 X111.694 Y116.148
G1 X111.281 Y115.965
G1 X111.009 Y115.512
G1 X110.966 Y115.057
G1 X111.045 Y114.691
G1 X111.192 Y114.485
G1 X111.600 Y114.300
G1 X112.120 Y114.339
G1 X112.699 Y114.661
G1 X112.941 Y115.014
G0 Z5.000 F500.000
G0 X113.327 Y116.223 F3000.000
G1 Z1.000 F500.000
G4 P100
G1 X113.176 Y116.067 F1000.000
G1 X113.064 Y115.592
G1 X113.029 Y114.286
G1 X112.996 Y114.934
G1 X113.078 Y115.284
G1 X114.166 Y115.222
G1 X114.481 Y116.171
G1 X114.166 Y115.222
G1 X114.252 Y114.406
G1 X114.510 Y114.324
G1 X114.794 Y114.407
G1 X115.183 Y114.749
G1 X115.316 Y115.014
G0 Z5.000 F500.000
G0 X115.733 Y116.227 F3000.000
G1 Z1.000 F500.000
G4 P100
G1 X115.553 Y116.016 F1000.000
G1 X115.375 Y115.074
G1 X115.403 Y114.652
G1 X115.577 Y114.419
G1 X115.824 Y114.497
G1 X116.134 Y114.872
G1 X116.422 Y114.992
G1 X116.695 Y116.025
G1 X116.820 Y116.196
G1 X116.695 Y116.025
G1 X116.422 Y114.992
G1 X116.520 Y114.514
G1 X116.652 Y114.350
G1 X116.935 Y114.336
G1 X117.213 Y114.478
G1 X117.549 Y114.823
G1 X117.574 Y115.071
G1 X117.454 Y114.691
G1 X117.671 Y114.362
G1 X118.099 Y114.315
G1 X118.532 Y114.552
G1 X118.774 Y114.825
G1 X118.829 Y115.056
G1 X118.315 Y115.247
G1 X118.170 Y115.677
G1 X118.299 Y116.012
G1 X118.633 Y116.182
G1 X119.414 Y116.056
G1 X119.188 Y115.182
G1 X118.829 Y115.056
G1 X119.188 Y115.182
G1 X119.257 Y114.580
G1 X119.372 Y114.357
G1 X119.607 Y114.328
G1 X119.868 Y114.437
G1 X120.216 Y114.761
G1 X120.343 Y115.021
G0 Z5.000 F500.000
G0 X120.168 Y113.505 F3000.000
G1 Z1.000 F500.000
G4 P100
G1 X120.468 Y114.592 F1000.000
G0 Z5.000 F500.000
G0 X128.120 Y114.750 F3000.000
G1 Z1.000 F500.000
G4 P100
G1 X128.335 Y115.930 F1000.000
G1 X127.840 Y116.154
G1 X127.385 Y115.899
G1 X127.058 Y115.410
G1 X126.952 Y114.781
G1 X127.131 Y114.386
G1 X127.556 Y114.326
G1 X128.120 Y114.750
G1 X128.350 Y114.378
G1 X128.641 Y114.333
G1 X129.066 Y114.636
G1 X129.302 Y115.016
G0 Z5.000 F500.000
G0 X135.029 Y116.237 F3000.000
G1 Z1.000 F500.000
G4 P100
G1 X134.852 Y116.048 F1000.000
G1 X134.714 Y115.433
G1 X134.794 Y114.860
G1 X134.748 Y114.352
G1 X134.794 Y114.860
G1 X135.097 Y115.058
G1 X135.519 Y115.766
G1 X135.814 Y115.931
G1 X136.039 Y115.886
G1 X135.944 Y114.613
G1 X136.020 Y114.410
G1 X136.213 Y114.330
G1 X136.641 Y114.440
G1 X136.996 Y114.778
G1 X137.205 Y115.176
G1 X137.889 Y115.480
G1 X138.350 Y115.473
G1 X138.487 Y115.390
G1 X138.462 Y114.967
G1 X138.264 Y114.554
G1 X137.991 Y114.350
G1 X137.653 Y114.309
G1 X137.359 Y114.445
G1 X137.162 Y114.723
G1 X137.095 Y115.140
G1 X137.174 Y115.592
G1 X137.373 Y115.914
G1 X137.673 Y116.102
G1 X137.942 Y116.130
G1 X138.162 Y116.026
G1 X138.519 Y115.246
G1 X138.917 Y115.239
G1 X139.325 Y115.358
G0 Z5.000 F500.000
G0 X140.386 Y115.536 F3000.000
G1 Z1.000 F500.000
G4 P100
G1 X140.451 Y115.882 F1000.000
G1 X140.296 Y116.103
G1 X139.844 Y116.076
G1 X139.561 Y115.809
G1 X139.369 Y115.032
G1 X139.463 Y114.644
G1 X139.669 Y114.411
G1 X140.061 Y114.311
G1 X140.609 Y114.423
G1 X141.106 Y114.801
G1 X141.205 Y114.960
G1 X141.167 Y115.088
G1 X141.018 Y114.839
G1 X141.058 Y114.486
G1 X141.248 Y114.331
G1 X141.527 Y114.371
G1 X141.838 Y114.711
G1 X142.250 Y115.599
G1 X142.627 Y116.003
G1 X142.561 Y115.847
G1 X142.703 Y115.529
G1 X142.723 Y114.690
G1 X142.813 Y114.434
G1 X142.965 Y114.331
G1 X143.449 Y114.432
G1 X143.886 Y115.014
G1 X143.992 Y114.907
G1 X144.392 Y114.995
G1 X144.977 Y115.326
G1 X145.122 Y115.624
G1 X145.082 Y115.939
G1 X144.880 Y116.118
G1 X144.561 Y116.134
G1 X144.185 Y115.897
G1 X143.959 Y115.434
G1 X143.996 Y114.753
G1 X144.184 Y114.465
G1 X144.599 Y114.296
G1 X145.111 Y114.345
G1 X145.675 Y114.665
G1 X145.911 Y115.014
G0 Z5.000 F500.000
G0 X21.899 Y105.149 F3000.000
G1 Z1.000 F500.000
G4 P100
G1 X21.716 Y104.559 F1000.000
G1 X21.358 Y104.248
G1 X20.880 Y104.258
G1 X20.542 Y104.626
G1 X20.476 Y105.058
G1 X20.560 Y105.509
G1 X20.769 Y105.833
G1 X21.074 Y106.012
G1 X21.336 Y106.031
G1 X21.547 Y105.923
G1 X21.899 Y105.149
G1 X22.297 Y105.142
G1 X22.705 Y105.261
G0 Z5.000 F500.000
G0 X24.428 Y105.420 F3000.000
G1 Z1.000 F500.000
G4 P100
G1 X24.518 Y105.714 F1000.000
G1 X24.403 Y105.974
G1 X24.135 Y106.051
G1 X23.845 Y105.942
G1 X23.551 Y105.538
G1 X23.402 Y104.876
G1 X22.900 Y104.688
G1 X22.865 Y104.263
G1 X22.837 Y105.389
G1 X22.967 Y105.951
G1 X23.144 Y106.140
G1 X22.973 Y105.965
G1 X22.866 Y105.554
G1 X22.857 Y104.764
G1 X22.900 Y104.688
G1 X23.402 Y104.876
G1 X23.686 Y104.409
G1 X24.039 Y104.216
G1 X24.564 Y104.313
G1 X24.957 Y104.684
G1 X25.167 Y105.081
G1 X25.849 Y105.383
G1 X26.310 Y105.376
G1 X26.447 Y105.293
G1 X26.414 Y104.841
G1 X26.205 Y104.435
G1 X25.924 Y104.243
G1 X25.591 Y104.215
G1 X25.302 Y104.363
G1 X25.117 Y104.640
G1 X25.056 Y105.058
G1 X25.137 Y105.502
G1 X25.338 Y105.822
G1 X25.640 Y106.008
G1 X25.909 Y106.032
G1 X26.127 Y105.923
G1 X26.479 Y105.149
G1 X26.877 Y105.142
G1 X27.285 Y105.261
G0 Z5.000 F500.000
G0 X27.707 Y106.126 F3000.000
G1 Z1.000 F500.000
G4 P100
G1 X27.556 Y105.970 F1000.000
G1 X27.444 Y105.495
G1 X27.409 Y104.189
G1 X27.376 Y104.837
G1 X27.458 Y105.187
G1 X28.546 Y105.125
G1 X28.861 Y106.074
G1 X28.546 Y105.125
G1 X28.632 Y104.309
G1 X28.890 Y104.227
G1 X29.174 Y104.310
G1 X29.563 Y104.652
G1 X29.696 Y104.917
G0 Z5.000 F500.000
G0 X29.349 Y104.421 F3000.000
G1 Z1.000 F500.000
G4 P100
G1 X29.948 Y105.167 F1000.000
G1 X30.358 Y106.187
G1 X30.510 Y106.315
G1 X30.914 Y105.968
G1 X31.510 Y105.859
G1 X31.849 Y106.096
G1 X31.510 Y105.859
G1 X31.402 Y105.630
G1 X30.776 Y104.990
G1 X30.684 Y104.583
G1 X30.843 Y104.283
G1 X31.254 Y104.167
G1 X31.760 Y104.269
G1 X32.266 Y104.586
G1 X32.479 Y104.927
G0 Z5.000 F500.000
G0 X33.640 Y104.653 F3000.000
G1 Z1.000 F500.000
G4 P100
G1 X33.855 Y105.833 F1000.000
G1 X33.360 Y106.057
G1 X32.905 Y105.802
G1 X32.578 Y105.313
G1 X32.472 Y104.684
G1 X32.651 Y104.289
G1 X33.076 Y104.229
G1 X33.640 Y104.653
G1 X33.870 Y104.281
G1 X34.161 Y104.236
G1 X34.586 Y104.539
G1 X34.822 Y104.919
G0 Z5.000 F500.000
G0 X35.207 Y106.126 F3000.000
G1 Z1.000 F500.000
G4 P100
G1 X35.056 Y105.970 F1000.000
G1 X34.944 Y105.495
G1 X34.909 Y104.189
G1 X34.876 Y104.837
G1 X34.958 Y105.187
G1 X36.046 Y105.125
G1 X36.361 Y106.074
G1 X36.046 Y105.125
G1 X36.132 Y104.309
G1 X36.390 Y104.227
G1 X36.674 Y104.310
G1 X37.063 Y104.652
G1 X37.196 Y104.917
G0 Z5.000 F500.000
G0 X37.613 Y106.130 F3000.000
G1 Z1.000 F500.000
G4 P100
G1 X37.433 Y105.919 F1000.000
G1 X37.255 Y104.977
G1 X37.283 Y104.555
G1 X37.457 Y104.322
G1 X37.704 Y104.400
G1 X38.014 Y104.775
G1 X38.302 Y104.895
G1 X38.575 Y105.928
G1 X38.700 Y106.099
G1 X38.575 Y105.928
G1 X38.302 Y104.895
G1 X38.400 Y104.417
G1 X38.532 Y104.253
G1 X38.815 Y104.239
G1 X39.093 Y104.381
G1 X39.429 Y104.726
G1 X39.454 Y104.974
G1 X39.334 Y104.594
G1 X39.551 Y104.265
G1 X39.979 Y104.218
G1 X40.412 Y104.455
G1 X40.654 Y104.728
G1 X40.709 Y104.959
G1 X40.195 Y105.150
G1 X40.050 Y105.580
G1 X40.179 Y105.915
G1 X40.513 Y106.085
G1 X41.294 Y105.959
G1 X41.068 Y105.085
G1 X40.709 Y104.959
G1 X41.068 Y105.085
G1 X41.137 Y104.483
G1 X41.252 Y104.260
G1 X41.487 Y104.231
G1 X41.748 Y104.340
G1 X42.096 Y104.664
G1 X42.223 Y104.924
G0 Z5.000 F500.000
G0 X47.775 Y104.458 F3000.000
G1 Z1.000 F500.000
G4 P100
G1 X48.088 Y105.225 F1000.000
G1 X48.032 Y105.846
G1 X47.858 Y106.008
G1 X47.629 Y106.037
G1 X46.889 Y105.686
G1 X46.850 Y106.025
G1 X46.831 Y104.949
G1 X46.732 Y104.546
G1 X46.872 Y104.194
G1 X46.660 Y102.713
G1 X46.408 Y102.047
G1 X46.213 Y101.931
G1 X46.001 Y101.969
G1 X45.840 Y102.303
G1 X45.873 Y102.894
G1 X46.104 Y103.710
G1 X46.438 Y104.405
G1 X46.732 Y104.546
G1 X46.872 Y104.194
G1 X46.964 Y104.182
G1 X47.319 Y104.219
G1 X47.775 Y104.458
G1 X48.023 Y104.246
G1 X48.349 Y104.232
G1 X48.801 Y104.489
G1 X49.101 Y104.929
G0 Z5.000 F500.000
G0 X49.513 Y106.130 F3000.000
G1 Z1.000 F500.000
G4 P100
G1 X49.335 Y105.926 F1000.000
G1 X49.162 Y105.050
G1 X49.169 Y104.605
G1 X49.325 Y104.337
G1 X49.592 Y104.392
G1 X49.914 Y104.775
G1 X50.202 Y104.895
G1 X50.475 Y105.928
G1 X50.600 Y106.099
G1 X50.475 Y105.928
G1 X50.202 Y104.895
G1 X50.345 Y104.326
G1 X50.577 Y104.228
G1 X50.877 Y104.303
G1 X51.276 Y104.655
G1 X51.405 Y104.915
G0 Z5.000 F500.000
G0 X52.431 Y105.439 F3000.000
G1 Z1.000 F500.000
G4 P100
G1 X52.496 Y105.785 F1000.000
G1 X52.341 Y106.006
G1 X51.889 Y105.979
G1 X51.606 Y105.712
G1 X51.414 Y104.935
G1 X51.508 Y104.547
G1 X51.714 Y104.314
G1 X52.099 Y104.214
G1 X52.627 Y104.315
G1 X53.087 Y104.634
G1 X53.256 Y104.951
G0 Z5.000 F500.000
G0 X53.636 Y106.108 F3000.000
G1 Z1.000 F500.000
G4 P100
G1 X53.472 Y105.886 F1000.000
G1 X53.301 Y104.920
G1 X53.345 Y104.523
G1 X53.535 Y104.319
G1 X53.785 Y104.413
G1 X54.093 Y104.799
G1 X54.386 Y104.927
G1 X54.740 Y106.089
G1 X54.386 Y104.927
G1 X54.464 Y104.246
G1 X54.191 Y103.682
G1 X54.210 Y103.351
G1 X53.986 Y102.623
G1 X53.604 Y102.025
G1 X53.369 Y101.934
G1 X53.137 Y101.990
G1 X53.003 Y102.174
G1 X52.997 Y102.458
G1 X53.329 Y103.092
G1 X53.856 Y103.600
G1 X54.191 Y103.682
G1 X54.464 Y104.246
G1 X54.841 Y104.332
G1 X55.514 Y104.856
G0 Z5.000 F500.000
G0 X56.027 Y106.126 F3000.000
G1 Z1.000 F500.000
G4 P100
G1 X55.876 Y105.970 F1000.000
G1 X55.764 Y105.495
G1 X55.729 Y104.189
G1 X55.696 Y104.837
G1 X55.778 Y105.187
G1 X56.866 Y105.125
G1 X57.181 Y106.074
G1 X56.866 Y105.125
G1 X56.952 Y104.309
G1 X57.210 Y104.227
G1 X57.494 Y104.310
G1 X57.883 Y104.652
G1 X58.016 Y104.917
G0 Z5.000 F500.000
G0 X59.703 Y105.420 F3000.000
G1 Z1.000 F500.000
G4 P100
G1 X59.793 Y105.714 F1000.000
G1 X59.678 Y105.974
G1 X59.410 Y106.051
G1 X59.120 Y105.942
G1 X58.826 Y105.538
G1 X58.677 Y104.876
G1 X58.175 Y104.688
G1 X58.140 Y104.263
G1 X58.112 Y105.389
G1 X58.242 Y105.951
G1 X58.419 Y106.140
G1 X58.245 Y105.958
G1 X58.121 Y105.447
G1 X58.077 Y104.982
G1 X58.175 Y104.688
G1 X58.677 Y104.876
G1 X59.031 Y104.346
G1 X59.540 Y104.204
G1 X59.990 Y104.430
G1 X60.343 Y104.919
G0 Z5.000 F500.000
G0 X61.510 Y104.653 F3000.000
G1 Z1.000 F500.000
G4 P100
G1 X61.725 Y105.833 F1000.000
G1 X61.230 Y106.057
G1 X60.775 Y105.802
G1 X60.448 Y105.313
G1 X60.342 Y104.684
G1 X60.521 Y104.289
G1 X60.946 Y104.229
G1 X61.510 Y104.653
G1 X61.740 Y104.281
G1 X62.031 Y104.236
G1 X62.456 Y104.539
G1 X62.692 Y104.919
G0 Z5.000 F500.000
G0 X68.330 Y104.653 F3000.000
G1 Z1.000 F500.000
G4 P100
G1 X68.545 Y105.833 F1000.000
G1 X68.050 Y106.057
G1 X67.595 Y105.802
G1 X67.268 Y105.313
G1 X67.162 Y104.684
G1 X67.341 Y104.289
G1 X67.766 Y104.229
G1 X68.330 Y104.653
G1 X68.560 Y104.281
G1 X68.851 Y104.236
G1 X69.276 Y104.539
G1 X69.512 Y104.919
G0 Z5.000 F500.000
G0 X71.132 Y108.208 F3000.000
G1 Z1.000 F500.000
G4 P100
G1 X70.176 Y107.924 F1000.000
G1 X69.916 Y107.692
G1 X69.982 Y107.265
G1 X70.781 Y106.252
G1 X70.832 Y105.475
G1 X70.951 Y105.164
G1 X70.713 Y104.599
G1 X70.425 Y104.302
G1 X70.010 Y104.211
G1 X69.671 Y104.392
G1 X69.537 Y104.774
G1 X69.577 Y105.319
G1 X69.768 Y105.719
G1 X70.071 Y105.954
G1 X70.795 Y105.894
G1 X70.898 Y105.260
G1 X70.951 Y105.164
G1 X71.159 Y105.128
G1 X71.807 Y105.223
G1 X71.964 Y105.884
G1 X72.315 Y106.074
G1 X72.905 Y106.074
G1 X73.063 Y105.947
G1 X73.130 Y105.725
G1 X73.076 Y105.432
G1 X72.899 Y105.193
G1 X71.960 Y104.648
G1 X72.029 Y104.497
G1 X72.447 Y104.259
G1 X72.652 Y104.021
G1 X72.690 Y103.245
G1 X72.505 Y102.630
G1 X72.197 Y102.143
G1 X71.869 Y101.935
G1 X71.536 Y102.008
G1 X71.434 Y102.211
G1 X71.448 Y102.553
G1 X71.807 Y103.223
G1 X72.320 Y103.711
G1 X72.623 Y103.811
G1 X72.652 Y104.021
G1 X73.917 Y104.844
G0 Z5.000 F500.000
G0 X75.220 Y104.653 F3000.000
G1 Z1.000 F500.000
G4 P100
G1 X75.435 Y105.833 F1000.000
G1 X74.940 Y106.057
G1 X74.485 Y105.802
G1 X74.158 Y105.313
G1 X74.052 Y104.684
G1 X74.231 Y104.289
G1 X74.656 Y104.229
G1 X75.220 Y104.653
G1 X75.450 Y104.281
G1 X75.741 Y104.236
G1 X76.166 Y104.539
G1 X76.402 Y104.919
G0 Z5.000 F500.000
G0 X76.818 Y106.130 F3000.000
G1 Z1.000 F500.000
G4 P100
G1 X76.636 Y105.912 F1000.000
G1 X76.459 Y104.969
G1 X76.494 Y104.535
G1 X76.683 Y104.319
G1 X76.967 Y104.444
G1 X77.248 Y104.796
G1 X77.499 Y104.893
G1 X77.907 Y106.101
G1 X77.499 Y104.893
G1 X77.612 Y104.448
G1 X77.905 Y104.165
G1 X77.739 Y103.828
G1 X77.705 Y103.341
G1 X77.356 Y102.779
G1 X77.108 Y102.683
G1 X76.878 Y102.742
G1 X76.778 Y103.054
G1 X76.990 Y103.430
G1 X77.428 Y103.770
G1 X77.739 Y103.828
G1 X77.905 Y104.165
G1 X78.247 Y104.246
G1 X78.752 Y104.631
G0 Z5.000 F500.000
G0 X84.330 Y103.679 F3000.000
G1 Z1.000 F500.000
G4 P100
G1 X84.326 Y103.262 F1000.000
G1 X83.950 Y102.266
G1 X83.639 Y101.965
G1 X83.279 Y101.988
G1 X83.125 Y102.317
G1 X83.285 Y102.828
G1 X83.950 Y103.562
G1 X84.330 Y103.679
G1 X84.589 Y104.239
G1 X84.482 Y104.460
G1 X84.755 Y105.806
G1 X84.315 Y106.068
G1 X83.994 Y105.946
G1 X83.705 Y105.690
G1 X83.470 Y105.278
G1 X83.376 Y104.807
G1 X83.431 Y104.455
G1 X83.645 Y104.235
G1 X83.921 Y104.218
G1 X84.482 Y104.460
G1 X84.592 Y104.246
G1 X84.838 Y104.268
G1 X85.644 Y104.856
G0 Z5.000 F500.000
G0 X87.184 Y105.149 F3000.000
G1 Z1.000 F500.000
G4 P100
G1 X87.001 Y104.559 F1000.000
G1 X86.643 Y104.248
G1 X86.165 Y104.258
G1 X85.827 Y104.626
G1 X85.761 Y105.058
G1 X85.845 Y105.509
G1 X86.054 Y105.833
G1 X86.359 Y106.012
G1 X86.621 Y106.031
G1 X86.832 Y105.923
G1 X87.184 Y105.149
G1 X87.582 Y105.142
G1 X87.990 Y105.261
G0 Z5.000 F500.000
G0 X87.999 Y104.995 F3000.000
G1 Z1.000 F500.000
G4 P100
G1 X87.846 Y104.756 F1000.000
G1 X87.874 Y104.409
G1 X88.045 Y104.242
G1 X88.319 Y104.258
G1 X88.604 Y104.521
G1 X89.063 Y105.484
G1 X89.452 Y105.906
G1 X89.386 Y105.750
G1 X89.524 Y105.453
G1 X89.532 Y104.694
G1 X89.665 Y104.303
G1 X89.921 Y104.214
G1 X90.207 Y104.291
G1 X90.589 Y104.662
G1 X90.710 Y104.910
G1 X90.721 Y104.365
G1 X90.891 Y104.236
G1 X91.152 Y104.228
G1 X91.530 Y104.562
G1 X91.779 Y105.322
G1 X91.472 Y105.970
G1 X91.224 Y106.030
G1 X91.014 Y105.899
G1 X90.954 Y105.706
G1 X91.126 Y105.999
G1 X91.472 Y105.970
G1 X91.779 Y105.322
G1 X92.177 Y105.413
G1 X92.297 Y105.992
G1 X92.433 Y106.130
G1 X92.297 Y105.992
G1 X92.177 Y105.413
G1 X92.275 Y104.734
G1 X92.180 Y104.172
G1 X92.275 Y104.734
G1 X92.722 Y104.976
G1 X92.928 Y105.680
G1 X93.297 Y106.027
G1 X93.694 Y105.974
G1 X93.801 Y105.604
G1 X93.740 Y105.442
G1 X93.787 Y105.830
G1 X93.537 Y106.046
G1 X93.230 Y105.998
G1 X92.973 Y105.755
G1 X92.722 Y104.976
G1 X93.005 Y104.404
G1 X93.337 Y104.215
G1 X93.719 Y104.244
G1 X94.173 Y104.596
G1 X94.357 Y104.922
G0 Z5.000 F500.000
G0 X94.402 Y104.810 F3000.000
G1 Z1.000 F500.000
G4 P100
G1 X95.089 Y105.007 F1000.000
G1 X95.470 Y105.347
G1 X95.541 Y105.615
G1 X95.481 Y105.861
G1 X95.324 Y106.006
G1 X95.074 Y106.051
G1 X94.661 Y105.868
G1 X94.389 Y105.415
G1 X94.346 Y104.960
G1 X94.425 Y104.594
G1 X94.572 Y104.388
G1 X94.980 Y104.203
G1 X95.500 Y104.242
G1 X96.079 Y104.564
G1 X96.321 Y104.917
G0 Z5.000 F500.000
G0 X96.707 Y106.126 F3000.000
G1 Z1.000 F500.000
G4 P100
G1 X96.556 Y105.970 F1000.000
G1 X96.444 Y105.495
G1 X96.409 Y104.189
G1 X96.376 Y104.837
G1 X96.458 Y105.187
G1 X97.546 Y105.125
G1 X97.861 Y106.074
G1 X97.546 Y105.125
G1 X97.632 Y104.309
G1 X97.890 Y104.227
G1 X98.174 Y104.310
G1 X98.563 Y104.652
G1 X98.696 Y104.917
G0 Z5.000 F500.000
G0 X104.191 Y105.439 F3000.000
G1 Z1.000 F500.000
G4 P100
G1 X104.256 Y105.785 F1000.000
G1 X104.101 Y106.006
G1 X103.649 Y105.979
G1 X103.366 Y105.712
G1 X103.174 Y104.935
G1 X103.268 Y104.547
G1 X103.474 Y104.314
G1 X103.859 Y104.214
G1 X104.387 Y104.315
G1 X104.847 Y104.634
G1 X105.016 Y104.951
G0 Z5.000 F500.000
G0 X105.392 Y106.126 F3000.000
G1 Z1.000 F500.000
G4 P100
G1 X105.241 Y105.970 F1000.000
G1 X105.129 Y105.495
G1 X105.094 Y104.189
G1 X105.061 Y104.837
G1 X105.143 Y105.187
G1 X106.231 Y105.125
G1 X106.546 Y106.074
G1 X106.231 Y105.125
G1 X106.248 Y104.486
G1 X106.421 Y104.249
G1 X106.896 Y104.333
G1 X107.271 Y104.680
G1 X107.481 Y105.079
G1 X108.165 Y105.382
G1 X108.625 Y105.376
G1 X108.762 Y105.293
G1 X108.731 Y104.848
G1 X108.525 Y104.440
G1 X108.246 Y104.245
G1 X107.913 Y104.214
G1 X107.622 Y104.358
G1 X107.432 Y104.640
G1 X107.371 Y105.058
G1 X107.452 Y105.502
G1 X107.653 Y105.822
G1 X107.955 Y106.008
G1 X108.224 Y106.032
G1 X108.442 Y105.923
G1 X108.794 Y105.149
G1 X109.192 Y105.142
G1 X109.600 Y105.261
G0 Z5.000 F500.000
G0 X111.159 Y105.149 F3000.000
G1 Z1.000 F500.000
G4 P100
G1 X110.843 Y105.891 F1000.000
G1 X110.449 Y106.131
G1 X110.480 Y106.360
G1 X110.909 Y107.167
G1 X111.044 Y107.729
G1 X110.980 Y108.253
G1 X110.851 Y108.387
G1 X110.672 Y108.412
G1 X110.458 Y108.307
G1 X110.276 Y108.060
G1 X109.929 Y107.037
G1 X109.777 Y106.083
G1 X109.812 Y105.708
G1 X110.119 Y105.792
G1 X110.461 Y106.074
G1 X110.119 Y105.792
G1 X109.812 Y105.708
G1 X109.742 Y105.122
G1 X109.836 Y104.604
G1 X110.131 Y104.265
G1 X110.567 Y104.231
G1 X110.961 Y104.540
G1 X111.159 Y105.149
G1 X111.955 Y105.249
G0 Z5.000 F500.000
G0 X113.170 Y104.653 F3000.000
G1 Z1.000 F500.000
G4 P100
G1 X113.385 Y105.833 F1000.000
G1 X112.890 Y106.057
G1 X112.435 Y105.802
G1 X112.108 Y105.313
G1 X112.002 Y104.684
G1 X112.181 Y104.289
G1 X112.606 Y104.229
G1 X113.170 Y104.653
G1 X113.400 Y104.281
G1 X113.691 Y104.236
G1 X114.116 Y104.539
G1 X114.352 Y104.919
G0 Z5.000 F500.000
G0 X119.238 Y106.130 F3000.000
G1 Z1.000 F500.000
G4 P100
G1 X119.060 Y105.926 F1000.000
G1 X118.887 Y105.050
G1 X118.894 Y104.605
G1 X119.050 Y104.337
G1 X119.317 Y104.392
G1 X119.639 Y104.775
G1 X119.927 Y104.895
G1 X120.200 Y105.928
G1 X120.325 Y106.099
G1 X120.200 Y105.928
G1 X119.927 Y104.895
G1 X120.070 Y104.326
G1 X120.302 Y104.228
G1 X120.602 Y104.303
G1 X121.001 Y104.655
G1 X121.130 Y104.915
G0 Z5.000 F500.000
G0 X122.156 Y105.439 F3000.000
G1 Z1.000 F500.000
G4 P100
G1 X122.221 Y105.785 F1000.000
G1 X122.066 Y106.006
G1 X121.614 Y105.979
G1 X121.331 Y105.712
G1 X121.139 Y104.935
G1 X121.233 Y104.547
G1 X121.439 Y104.314
G1 X121.824 Y104.214
G1 X122.352 Y104.315
G1 X122.812 Y104.634
G1 X122.981 Y104.951
G0 Z5.000 F500.000
G0 X123.374 Y106.140 F3000.000
G1 Z1.000 F500.000
G4 P100
G1 X123.197 Y105.951 F1000.000
G1 X123.059 Y105.336
G1 X123.139 Y104.763
G1 X123.093 Y104.255
G1 X123.139 Y104.763
G1 X123.442 Y104.961
G1 X123.864 Y105.669
G1 X124.159 Y105.834
G1 X124.384 Y105.789
G1 X124.289 Y104.516
G1 X124.365 Y104.313
G1 X124.558 Y104.233
G1 X124.986 Y104.343
G1 X125.341 Y104.681
G1 X125.550 Y105.079
G1 X126.234 Y105.383
G1 X126.695 Y105.376
G1 X126.832 Y105.293
G1 X126.807 Y104.870
G1 X126.609 Y104.457
G1 X126.336 Y104.253
G1 X125.998 Y104.212
G1 X125.704 Y104.348
G1 X125.507 Y104.626
G1 X125.440 Y105.043
G1 X125.519 Y105.495
G1 X125.718 Y105.817
G1 X126.018 Y106.005
G1 X126.287 Y106.033
G1 X126.507 Y105.929
G1 X126.864 Y105.149
G1 X127.262 Y105.142
G1 X127.670 Y105.261
G0 Z5.000 F500.000
G0 X127.679 Y104.995 F3000.000
G1 Z1.000 F500.000
G4 P100
G1 X127.526 Y104.756 F1000.000
G1 X127.554 Y104.409
G1 X127.725 Y104.242
G1 X127.999 Y104.258
G1 X128.284 Y104.521
G1 X128.743 Y105.484
G1 X129.132 Y105.906
G1 X129.066 Y105.750
G1 X129.209 Y105.425
G1 X129.216 Y104.665
G1 X129.366 Y104.285
G1 X129.623 Y104.214
G1 X129.906 Y104.303
G1 X130.274 Y104.668
G1 X130.391 Y104.917
G0 Z5.000 F500.000
G0 X131.820 Y104.390 F3000.000
G1 Z1.000 F500.000
G4 P100
G1 X131.962 Y104.928 F1000.000
G1 X131.890 Y105.193
G1 X131.622 Y105.389
G1 X131.309 Y105.378
G1 X131.027 Y105.244
G1 X130.835 Y105.413
G1 X130.634 Y105.637
G1 X130.725 Y105.973
G1 X130.878 Y106.108
G1 X130.714 Y105.946
G1 X130.589 Y105.205
G1 X130.666 Y105.089
G1 X131.027 Y105.244
G1 X130.666 Y105.089
G1 X130.610 Y105.137
G1 X130.540 Y104.781
G1 X130.744 Y104.361
G1 X131.200 Y104.189
G1 X131.788 Y104.410
G1 X132.140 Y104.211
G1 X132.517 Y104.322
G1 X133.009 Y104.828
G1 X133.029 Y105.732
G1 X133.129 Y105.889
G1 X133.727 Y106.118
G1 X134.038 Y106.085
G1 X134.223 Y105.947
G1 X134.285 Y105.608
G1 X134.135 Y105.271
G1 X133.117 Y104.641
G1 X133.812 Y104.021
G1 X133.869 Y103.427
G1 X133.555 Y102.415
G1 X133.278 Y102.067
G1 X133.000 Y101.930
G1 X132.714 Y101.994
G1 X132.591 Y102.233
G1 X132.632 Y102.645
G1 X132.851 Y103.073
G1 X133.405 Y103.654
G1 X133.783 Y103.811
G1 X133.812 Y104.021
G1 X135.077 Y104.844
G0 Z5.000 F500.000
G0 X136.624 Y105.149 F3000.000
G1 Z1.000 F500.000
G4 P100
G1 X136.441 Y104.559 F1000.000
G1 X136.083 Y104.248
G1 X135.605 Y104.258
G1 X135.267 Y104.626
G1 X135.201 Y105.058
G1 X135.285 Y105.509
G1 X135.494 Y105.833
G1 X135.799 Y106.012
G1 X136.061 Y106.031
G1 X136.272 Y105.923
G1 X136.624 Y105.149
G1 X137.022 Y105.142
G1 X137.430 Y105.261
G0 Z5.000 F500.000
G0 X138.989 Y105.149 F3000.000
G1 Z1.000 F500.000
G4 P100
G1 X138.673 Y105.891 F1000.000
G1 X138.279 Y106.131
G1 X138.310 Y106.360
G1 X138.739 Y107.167
G1 X138.874 Y107.729
G1 X138.810 Y108.253
G1 X138.681 Y108.387
G1 X138.502 Y108.412
G1 X138.288 Y108.307
G1 X138.106 Y108.060
G1 X137.759 Y107.037
G1 X137.607 Y106.083
G1 X137.642 Y105.708
G1 X137.949 Y105.792
G1 X138.291 Y106.074
G1 X137.949 Y105.792
G1 X137.642 Y105.708
G1 X137.572 Y105.122
G1 X137.666 Y104.604
G1 X137.961 Y104.265
G1 X138.397 Y104.231
G1 X138.791 Y104.540
G1 X138.989 Y105.149
G1 X139.785 Y105.249
G0 Z5.000 F500.000
G0 X141.000 Y104.653 F3000.000
G1 Z1.000 F500.000
G4 P100
G1 X141.215 Y105.833 F1000.000
G1 X140.720 Y106.057
G1 X140.265 Y105.802
G1 X139.938 Y105.313
G1 X139.832 Y104.684
G1 X140.011 Y104.289
G1 X140.436 Y104.229
G1 X141.000 Y104.653
G1 X141.230 Y104.281
G1 X141.521 Y104.236
G1 X141.946 Y104.539
G1 X142.182 Y104.919
G0 Z5.000 F500.000
G0 X142.584 Y106.140 F3000.000
G1 Z1.000 F500.000
G4 P100
G1 X142.408 Y105.951 F1000.000
G1 X142.274 Y105.352
G1 X142.303 Y104.255
G1 X142.347 Y104.773
G1 X142.650 Y104.971
G1 X143.045 Y105.668
G1 X143.384 Y105.843
G1 X143.528 Y105.830
G1 X143.572 Y105.609
G1 X143.541 Y104.241
G1 X143.612 Y104.800
G1 X143.883 Y104.967
G1 X144.252 Y105.596
G1 X144.560 Y105.818
G1 X144.841 Y105.782
G1 X144.733 Y104.614
G1 X144.839 Y104.292
G1 X145.114 Y104.226
G1 X145.388 Y104.313
G1 X145.762 Y104.649
G1 X145.902 Y104.919
G0 Z5.000 F500.000
G0 X147.270 Y104.390 F3000.000
G1 Z1.000 F500.000
G4 P100
G1 X147.412 Y104.928 F1000.000
G1 X147.340 Y105.193
G1 X147.072 Y105.389
G1 X146.759 Y105.378
G1 X146.477 Y105.244
G1 X146.285 Y105.413
G1 X146.084 Y105.637
G1 X146.175 Y105.973
G1 X146.328 Y106.108
G1 X146.164 Y105.946
G1 X146.039 Y105.205
G1 X146.116 Y105.089
G1 X146.477 Y105.244
G1 X146.116 Y105.089
G1 X146.060 Y105.137
G1 X145.985 Y104.866
G1 X146.073 Y104.516
G1 X146.296 Y104.289
G1 X146.674 Y104.191
G1 X147.238 Y104.410
G1 X147.477 Y104.233
G1 X147.795 Y104.247
G1 X148.225 Y104.524
G1 X148.486 Y104.917
G0 Z5.000 F500.000
G0 X20.889 Y96.043 F3000.000
G1 Z1.000 F500.000
G4 P100
G1 X20.712 Y95.854 F1000.000
G1 X20.574 Y95.239
G1 X20.654 Y94.666
G1 X20.608 Y94.158
G1 X20.654 Y94.666
G1 X20.957 Y94.864
G1 X21.379 Y95.572
G1 X21.674 Y95.737
G1 X21.899 Y95.692
G1 X21.804 Y94.419
G1 X21.880 Y94.216
G1 X22.073 Y94.136
G1 X22.501 Y94.246
G1 X22.856 Y94.584
G1 X23.065 Y94.982
G1 X23.749 Y95.286
G1 X24.210 Y95.279
G1 X24.347 Y95.196
G1 X24.322 Y94.773
G1 X24.124 Y94.360
G1 X23.851 Y94.156
G1 X23.513 Y94.115
G1 X23.219 Y94.251
G1 X23.022 Y94.529
G1 X22.955 Y94.946
G1 X23.034 Y95.398
G1 X23.233 Y95.720
G1 X23.533 Y95.908
G1 X23.802 Y95.936
G1 X24.022 Y95.832
G1 X24.379 Y95.052
G1 X24.777 Y95.045
G1 X25.185 Y95.164
G0 Z5.000 F500.000
G0 X25.194 Y94.898 F3000.000
G1 Z1.000 F500.000
G4 P100
G1 X25.041 Y94.659 F1000.000
G1 X25.069 Y94.312
G1 X25.240 Y94.145
G1 X25.514 Y94.161
G1 X25.799 Y94.424
G1 X26.258 Y95.387
G1 X26.647 Y95.809
G1 X26.581 Y95.653
G1 X26.724 Y95.328
G1 X26.731 Y94.568
G1 X26.881 Y94.188
G1 X27.138 Y94.117
G1 X27.421 Y94.206
G1 X27.789 Y94.571
G1 X27.906 Y94.820
G0 Z5.000 F500.000
G0 X28.352 Y96.029 F3000.000
G1 Z1.000 F500.000
G4 P100
G1 X28.201 Y95.873 F1000.000
G1 X28.089 Y95.398
G1 X28.054 Y94.092
G1 X28.021 Y94.740
G1 X28.103 Y95.090
G1 X29.191 Y95.028
G1 X29.506 Y95.977
G1 X29.191 Y95.028
G1 X29.277 Y94.212
G1 X29.535 Y94.130
G1 X29.819 Y94.213
G1 X30.208 Y94.555
G1 X30.341 Y94.820
G0 Z5.000 F500.000
G0 X30.731 Y96.011 F3000.000
G1 Z1.000 F500.000
G4 P100
G1 X30.567 Y95.789 F1000.000
G1 X30.396 Y94.823
G1 X30.440 Y94.426
G1 X30.630 Y94.222
G1 X30.880 Y94.316
G1 X31.188 Y94.702
G1 X31.481 Y94.830
G1 X31.835 Y95.992
G1 X31.481 Y94.830
G1 X31.559 Y94.149
G1 X31.286 Y93.585
G1 X31.305 Y93.254
G1 X31.081 Y92.526
G1 X30.699 Y91.928
G1 X30.464 Y91.837
G1 X30.232 Y91.893
G1 X30.098 Y92.077
G1 X30.092 Y92.361
G1 X30.424 Y92.995
G1 X30.951 Y93.503
G1 X31.286 Y93.585
G1 X31.559 Y94.149
G1 X31.936 Y94.235
G1 X32.609 Y94.759
G0 Z5.000 F500.000
G0 X32.824 Y94.092 F3000.000
G1 Z1.000 F500.000
G4 P100
G1 X32.791 Y94.765 F1000.000
G1 X32.877 Y95.093
G1 X33.808 Y95.040
G1 X34.048 Y95.624
G1 X34.427 Y95.910
G1 X34.708 Y95.933
G1 X34.920 Y95.829
G1 X35.275 Y95.050
G1 X35.726 Y95.052
G1 X36.086 Y95.163
G1 X35.726 Y95.052
G1 X35.275 Y95.050
G1 X35.157 Y94.590
G1 X34.963 Y94.301
G1 X34.663 Y94.128
G1 X34.330 Y94.133
G1 X33.967 Y94.423
G1 X33.808 Y95.040
G1 X32.877 Y95.093
G1 X32.951 Y95.819
G1 X33.139 Y96.043
G0 Z5.000 F500.000
G0 X38.690 Y96.011 F3000.000
G1 Z1.000 F500.000
G4 P100
G1 X38.530 Y95.811 F1000.000
G1 X38.355 Y94.845
G1 X38.387 Y94.453
G1 X38.552 Y94.229
G1 X38.851 Y94.317
G1 X39.217 Y94.758
G1 X39.652 Y94.997
G1 X39.652 Y95.761
G1 X39.759 Y95.958
G1 X39.651 Y95.745
G1 X39.689 Y95.073
G1 X39.449 Y94.881
G1 X39.677 Y94.237
G1 X39.958 Y94.301
G1 X40.273 Y94.678
G1 X40.560 Y94.798
G1 X40.904 Y95.953
G1 X40.560 Y94.798
G1 X40.711 Y94.216
G1 X40.949 Y94.130
G1 X41.234 Y94.208
G1 X41.639 Y94.564
G1 X41.764 Y94.818
G0 Z5.000 F500.000
G0 X42.182 Y96.033 F3000.000
G1 Z1.000 F500.000
G4 P100
G1 X42.003 Y95.829 F1000.000
G1 X41.831 Y94.953
G1 X41.838 Y94.508
G1 X41.994 Y94.240
G1 X42.260 Y94.295
G1 X42.582 Y94.678
G1 X42.870 Y94.798
G1 X43.144 Y95.831
G1 X43.268 Y96.002
G1 X43.144 Y95.831
G1 X42.870 Y94.798
G1 X43.013 Y94.229
G1 X43.245 Y94.131
G1 X43.545 Y94.206
G1 X43.945 Y94.558
G1 X44.074 Y94.818
G0 Z5.000 F500.000
G0 X45.158 Y94.361 F3000.000
G1 Z1.000 F500.000
G4 P100
G1 X45.471 Y95.128 F1000.000
G1 X45.416 Y95.749
G1 X45.242 Y95.911
G1 X45.013 Y95.940
G1 X44.272 Y95.589
G1 X44.233 Y95.928
G1 X44.215 Y94.852
G1 X44.116 Y94.449
G1 X44.255 Y94.097
G1 X44.043 Y92.616
G1 X43.792 Y91.950
G1 X43.596 Y91.834
G1 X43.384 Y91.872
G1 X43.224 Y92.206
G1 X43.257 Y92.797
G1 X43.487 Y93.613
G1 X43.821 Y94.308
G1 X44.116 Y94.449
G1 X44.255 Y94.097
G1 X44.347 Y94.085
G1 X44.702 Y94.122
G1 X45.158 Y94.361
G1 X45.407 Y94.149
G1 X45.733 Y94.135
G1 X46.185 Y94.392
G1 X46.484 Y94.832
G0 Z5.000 F500.000
G0 X46.897 Y96.033 F3000.000
G1 Z1.000 F500.000
G4 P100
G1 X46.718 Y95.829 F1000.000
G1 X46.546 Y94.953
G1 X46.553 Y94.508
G1 X46.709 Y94.240
G1 X46.975 Y94.295
G1 X47.297 Y94.678
G1 X47.585 Y94.798
G1 X47.859 Y95.831
G1 X47.983 Y96.002
G1 X47.859 Y95.831
G1 X47.585 Y94.798
G1 X47.728 Y94.229
G1 X47.960 Y94.131
G1 X48.260 Y94.206
G1 X48.660 Y94.558
G1 X48.789 Y94.818
G0 Z5.000 F500.000
G0 X49.175 Y96.029 F3000.000
G1 Z1.000 F500.000
G4 P100
G1 X49.024 Y95.873 F1000.000
G1 X48.912 Y95.398
G1 X48.877 Y94.092
G1 X48.844 Y94.740
G1 X48.926 Y95.090
G1 X50.015 Y95.028
G1 X50.330 Y95.977
G1 X50.015 Y95.028
G1 X50.101 Y94.212
G1 X50.359 Y94.130
G1 X50.642 Y94.213
G1 X51.032 Y94.555
G1 X51.165 Y94.820
G0 Z5.000 F500.000
G0 X51.555 Y96.011 F3000.000
G1 Z1.000 F500.000
G4 P100
G1 X51.391 Y95.789 F1000.000
G1 X51.219 Y94.823
G1 X51.263 Y94.426
G1 X51.453 Y94.222
G1 X51.704 Y94.316
G1 X52.011 Y94.702
G1 X52.304 Y94.830
G1 X52.658 Y95.992
G1 X52.304 Y94.830
G1 X52.382 Y94.149
G1 X52.109 Y93.585
G1 X52.128 Y93.254
G1 X51.904 Y92.526
G1 X51.523 Y91.928
G1 X51.288 Y91.837
G1 X51.056 Y91.893
G1 X50.921 Y92.077
G1 X50.915 Y92.361
G1 X51.247 Y92.995
G1 X51.774 Y93.503
G1 X52.109 Y93.585
G1 X52.382 Y94.149
G1 X52.759 Y94.235
G1 X53.432 Y94.759
G0 Z5.000 F500.000
G0 X56.768 Y95.342 F3000.000
G1 Z1.000 F500.000
G4 P100
G1 X56.833 Y95.688 F1000.000
G1 X56.678 Y95.909
G1 X56.226 Y95.882
G1 X55.943 Y95.615
G1 X55.751 Y94.838
G1 X55.845 Y94.450
G1 X56.051 Y94.217
G1 X56.436 Y94.117
G1 X56.964 Y94.218
G1 X57.424 Y94.537
G1 X57.593 Y94.854
G0 Z5.000 F500.000
G0 X57.985 Y96.043 F3000.000
G1 Z1.000 F500.000
G4 P100
G1 X57.809 Y95.854 F1000.000
G1 X57.676 Y95.255
G1 X57.705 Y94.158
G1 X57.749 Y94.676
G1 X58.052 Y94.874
G1 X58.446 Y95.571
G1 X58.786 Y95.746
G1 X58.930 Y95.733
G1 X58.973 Y95.512
G1 X58.942 Y94.144
G1 X59.013 Y94.703
G1 X59.285 Y94.870
G1 X59.653 Y95.499
G1 X59.961 Y95.721
G1 X60.243 Y95.685
G1 X60.135 Y94.517
G1 X60.240 Y94.195
G1 X60.516 Y94.129
G1 X60.790 Y94.216
G1 X61.164 Y94.552
G1 X61.303 Y94.822
G0 Z5.000 F500.000
G0 X62.386 Y94.361 F3000.000
G1 Z1.000 F500.000
G4 P100
G1 X62.699 Y95.128 F1000.000
G1 X62.644 Y95.749
G1 X62.470 Y95.911
G1 X62.241 Y95.940
G1 X61.500 Y95.589
G1 X61.461 Y95.928
G1 X61.443 Y94.852
G1 X61.344 Y94.449
G1 X61.483 Y94.097
G1 X61.272 Y92.616
G1 X61.020 Y91.950
G1 X60.825 Y91.834
G1 X60.613 Y91.872
G1 X60.449 Y92.228
G1 X60.499 Y92.869
G1 X60.889 Y94.049
G1 X61.119 Y94.361
G1 X61.344 Y94.449
G1 X61.547 Y94.088
G1 X61.917 Y94.117
G1 X62.386 Y94.361
G1 X62.642 Y94.147
G1 X62.990 Y94.141
G1 X63.466 Y94.443
G1 X63.810 Y94.993
G1 X63.993 Y95.127
G1 X64.491 Y95.290
G1 X64.951 Y95.280
G1 X65.121 Y95.052
G1 X65.054 Y94.737
G1 X64.893 Y94.395
G1 X64.633 Y94.174
G1 X64.327 Y94.108
G1 X64.037 Y94.195
G1 X63.818 Y94.417
G1 X63.710 Y94.742
G1 X63.717 Y95.172
G1 X63.840 Y95.538
G1 X64.068 Y95.802
G1 X64.375 Y95.933
G1 X64.783 Y95.810
G1 X65.121 Y95.052
G1 X65.519 Y95.045
G1 X65.927 Y95.164
G0 Z5.000 F500.000
G0 X67.650 Y95.323 F3000.000
G1 Z1.000 F500.000
G4 P100
G1 X67.739 Y95.617 F1000.000
G1 X67.625 Y95.877
G1 X67.357 Y95.954
G1 X67.067 Y95.845
G1 X66.773 Y95.441
G1 X66.624 Y94.779
G1 X66.121 Y94.591
G1 X66.087 Y94.166
G1 X66.059 Y95.292
G1 X66.188 Y95.854
G1 X66.365 Y96.043
G1 X66.191 Y95.861
G1 X66.068 Y95.350
G1 X66.023 Y94.885
G1 X66.121 Y94.591
G1 X66.624 Y94.779
G1 X66.978 Y94.249
G1 X67.487 Y94.107
G1 X67.936 Y94.333
G1 X68.289 Y94.822
G0 Z5.000 F500.000
G0 X68.705 Y96.033 F3000.000
G1 Z1.000 F500.000
G4 P100
G1 X68.527 Y95.829 F1000.000
G1 X68.354 Y94.953
G1 X68.361 Y94.508
G1 X68.517 Y94.240
G1 X68.783 Y94.295
G1 X69.106 Y94.678
G1 X69.393 Y94.798
G1 X69.667 Y95.831
G1 X69.791 Y96.002
G1 X69.667 Y95.831
G1 X69.393 Y94.798
G1 X69.537 Y94.229
G1 X69.769 Y94.131
G1 X70.069 Y94.206
G1 X70.468 Y94.558
G1 X70.597 Y94.818
G0 Z5.000 F500.000
G0 X70.700 Y94.295 F3000.000
G1 Z1.000 F500.000
G4 P100
G1 X70.737 Y94.332 F1000.000
G0 Z5.000 F500.000
G0 X73.668 Y96.849 F3000.000
G1 Z1.000 F500.000
G4 P100
G1 X73.796 Y97.270 F1000.000
G1 X74.300 Y97.699
G1 X74.787 Y97.800
G1 X75.115 Y97.600
G1 X75.200 Y97.120
G1 X75.084 Y95.848
G1 X74.945 Y95.694
G1 X74.915 Y95.244
G1 X74.625 Y94.144
G1 X74.915 Y95.244
G1 X74.945 Y95.694
G1 X74.332 Y95.731
G1 X74.945 Y95.694
G1 X75.084 Y95.848
G1 X76.695 Y95.858
G1 X76.830 Y96.104
G1 X77.157 Y96.097
G1 X77.470 Y96.253
G1 X77.864 Y96.621
G1 X78.076 Y97.099
G1 X78.110 Y97.724
G1 X77.902 Y98.016
G1 X77.672 Y98.022
G1 X77.449 Y97.887
G1 X77.042 Y97.190
G1 X76.845 Y96.517
G1 X76.830 Y96.104
G1 X76.695 Y95.858
G1 X76.746 Y94.919
G1 X76.985 Y94.362
G1 X77.457 Y94.143
G1 X78.045 Y94.332
G1 X78.434 Y94.827
G0 Z5.000 F500.000
G0 X78.848 Y96.033 F3000.000
G1 Z1.000 F500.000
G4 P100
G1 X78.664 Y95.809 F1000.000
G1 X78.488 Y94.867
G1 X78.525 Y94.441
G1 X78.711 Y94.223
G1 X78.969 Y94.315
G1 X79.277 Y94.700
G1 X79.569 Y94.830
G1 X79.905 Y95.975
G1 X79.569 Y94.830
G1 X79.620 Y94.509
G1 X79.492 Y93.781
G1 X79.378 Y93.585
G1 X78.915 Y93.408
G1 X78.340 Y92.754
G1 X78.170 Y92.216
G1 X78.334 Y91.885
G1 X78.696 Y91.872
G1 X79.007 Y92.182
G1 X79.376 Y93.182
G1 X79.378 Y93.585
G0 Z5.000 F500.000
G0 X81.002 Y95.616 F3000.000
G1 Z1.000 F500.000
G4 P100
G1 X81.305 Y95.694 F1000.000
G1 X81.656 Y95.955
G1 X81.969 Y95.857
G1 X82.175 Y95.656
G1 X82.299 Y95.289
G1 X82.280 Y94.838
G1 X82.140 Y94.462
G1 X81.893 Y94.206
G1 X81.524 Y94.115
G1 X81.181 Y94.263
G1 X80.987 Y94.610
G1 X80.932 Y95.149
G1 X81.013 Y96.360
G1 X81.260 Y97.458
G1 X81.579 Y98.138
G1 X81.952 Y98.317
G1 X82.195 Y98.100
G1 X82.229 Y97.593
G1 X82.077 Y97.015
G1 X81.656 Y96.229
G1 X81.656 Y95.955
G0 Z5.000 F500.000
G0 X83.577 Y96.029 F3000.000
G1 Z1.000 F500.000
G4 P100
G1 X83.426 Y95.873 F1000.000
G1 X83.271 Y95.189
G1 X83.357 Y94.669
G1 X83.313 Y94.141
G1 X83.357 Y94.669
G1 X83.656 Y94.858
G1 X84.103 Y95.590
G1 X84.639 Y95.860
G1 X84.551 Y95.750
G1 X84.739 Y95.145
G1 X84.692 Y95.052
G1 X84.739 Y95.145
G1 X85.054 Y95.237
G1 X85.214 Y94.301
G1 X85.286 Y94.131
G1 X85.449 Y94.121
G1 X85.713 Y95.807
G1 X85.813 Y95.953
G0 Z5.000 F500.000
G0 X87.948 Y95.916 F3000.000
G1 Z1.000 F500.000
G4 P100
G1 X88.330 Y97.930 F1000.000
G1 X88.518 Y98.238
G1 X88.859 Y98.269
G1 X89.014 Y97.923
G1 X88.985 Y97.290
G1 X88.450 Y95.687
G1 X87.985 Y95.408
G1 X87.874 Y95.600
G1 X87.908 Y95.960
G1 X87.437 Y95.903
G1 X87.120 Y95.697
G1 X86.870 Y95.364
G1 X86.744 Y94.976
G1 X86.722 Y94.598
G1 X86.882 Y94.198
G1 X87.097 Y94.116
G1 X87.418 Y94.189
G1 X87.990 Y94.534
G1 X88.175 Y94.100
G1 X87.989 Y94.542
G1 X87.985 Y95.408
G0 Z5.000 F500.000
G0 X89.117 Y94.134 F3000.000
G1 Z1.000 F500.000
G4 P100
G1 X91.285 Y98.258 F1000.000
G0 Z5.000 F500.000
G0 X92.014 Y95.589 F3000.000
G1 Z1.000 F500.000
G4 P100
G1 X92.277 Y95.648 F1000.000
G1 X92.669 Y95.921
G1 X92.978 Y95.913
G1 X93.211 Y95.618
G1 X93.206 Y95.090
G1 X92.967 Y94.545
G1 X92.559 Y94.175
G1 X91.997 Y94.097
G1 X91.857 Y94.449
G1 X91.473 Y94.194
G1 X91.134 Y93.336
G1 X90.969 Y92.594
G1 X90.997 Y92.062
G1 X91.220 Y91.834
G1 X91.414 Y91.858
G1 X91.575 Y92.003
G1 X91.802 Y92.695
G1 X91.997 Y94.097
G1 X91.857 Y94.449
G1 X92.014 Y95.589
G1 X91.952 Y95.881
G1 X92.028 Y95.992
G0 Z5.000 F500.000
G0 X94.607 Y96.029 F3000.000
G1 Z1.000 F500.000
G4 P100
G1 X94.456 Y95.873 F1000.000
G1 X94.301 Y95.189
G1 X94.387 Y94.669
G1 X94.343 Y94.141
G1 X94.387 Y94.669
G1 X94.686 Y94.858
G1 X95.133 Y95.590
G1 X95.669 Y95.860
G1 X95.581 Y95.750
G1 X95.769 Y95.145
G1 X95.722 Y95.052
G1 X95.974 Y95.233
G1 X96.114 Y95.210
G1 X96.374 Y94.802
G1 X96.540 Y94.717
G1 X97.122 Y94.862
G1 X97.496 Y95.099
G1 X97.675 Y95.444
G1 X97.602 Y95.795
G1 X97.374 Y95.941
G1 X97.061 Y95.926
G1 X96.789 Y95.760
G1 X96.585 Y95.467
G1 X96.478 Y95.013
G1 X96.542 Y94.557
G1 X96.856 Y94.175
G1 X97.210 Y94.093
G1 X97.582 Y94.161
G1 X97.869 Y94.370
G1 X98.024 Y94.674
G0 Z5.000 F500.000
G0 X98.114 Y94.320 F3000.000
G1 Z1.000 F500.000
G4 P100
G1 X98.791 Y95.251 F1000.000
G1 X99.032 Y95.426
G1 X99.146 Y95.905
G1 X99.313 Y96.060
G1 X99.146 Y95.905
G1 X99.032 Y95.426
G1 X99.502 Y94.802
G1 X99.582 Y94.402
G1 X99.360 Y94.111
G1 X98.952 Y94.112
G0 Z5.000 F500.000
G0 X100.640 Y94.717 F3000.000
G1 Z1.000 F500.000
G4 P100
G1 X101.315 Y94.904 F1000.000
G1 X101.703 Y95.237
G1 X101.779 Y95.488
G1 X101.735 Y95.739
G1 X101.596 Y95.893
G1 X101.365 Y95.955
G1 X100.967 Y95.826
G1 X100.673 Y95.440
G1 X100.577 Y94.955
G1 X100.700 Y94.408
G1 X101.030 Y94.143
G1 X101.507 Y94.109
G1 X101.908 Y94.307
G1 X102.124 Y94.674
G0 Z5.000 F500.000
G0 X102.947 Y96.029 F3000.000
G1 Z1.000 F500.000
G4 P100
G1 X102.796 Y95.873 F1000.000
G1 X102.641 Y95.189
G1 X102.727 Y94.669
G1 X102.683 Y94.141
G1 X102.727 Y94.669
G1 X103.021 Y94.853
G1 X103.553 Y95.653
G1 X103.921 Y95.750
G1 X104.009 Y95.860
G1 X103.921 Y95.750
G1 X104.109 Y95.145
G1 X104.062 Y95.052
G1 X104.314 Y95.233
G0 Z5.000 F500.000
G0 X104.933 Y95.938 F3000.000
G1 Z1.000 F500.000
G4 P100
G1 X104.957 Y94.512 F1000.000
G1 X105.123 Y94.174
G1 X105.318 Y94.182
G1 X105.489 Y94.314
G1 X106.231 Y95.828
G1 X106.479 Y95.972
G1 X106.858 Y94.916
G1 X107.125 Y94.717
G1 X107.693 Y94.857
G1 X108.066 Y95.084
G1 X108.252 Y95.400
G1 X108.213 Y95.752
G1 X108.008 Y95.926
G1 X107.695 Y95.940
G1 X107.412 Y95.795
G1 X107.196 Y95.520
G1 X107.069 Y94.875
G1 X107.164 Y94.447
G1 X107.396 Y94.200
G1 X107.751 Y94.094
G1 X108.146 Y94.153
G1 X108.444 Y94.359
G1 X108.609 Y94.674
G0 Z5.000 F500.000
G0 X85.864 Y96.905 F3000.000
G1 Z1.000 F500.000
G4 P100
G1 X85.998 Y96.927 F1000.000
G0 Z5.000 F500.000
G0 X111.632 Y96.043 F3000.000
G1 Z1.000 F500.000
G4 P100
G1 X111.456 Y95.854 F1000.000
G1 X111.320 Y95.241
G1 X111.351 Y94.158
G1 X111.395 Y94.676
G1 X111.698 Y94.874
G1 X112.108 Y95.587
G1 X112.514 Y95.754
G1 X112.618 Y95.532
G1 X112.575 Y94.988
G1 X112.660 Y94.703
G1 X112.589 Y94.144
G1 X112.660 Y94.703
G1 X112.956 Y94.898
G1 X113.405 Y95.612
G1 X113.863 Y95.736
G1 X113.916 Y95.367
G1 X113.800 Y94.166
G0 Z5.000 F500.000
G0 X115.014 Y94.545 F3000.000
G1 Z1.000 F500.000
G4 P100
G1 X114.968 Y95.093 F1000.000
G1 X115.189 Y95.704
G1 X115.626 Y95.913
G1 X116.055 Y95.808
G1 X116.228 Y95.549
G1 X116.304 Y95.119
G1 X116.226 Y94.652
G1 X116.070 Y94.348
G1 X115.835 Y94.180
G1 X115.423 Y94.142
G1 X115.167 Y94.274
G1 X115.014 Y94.545
G0 Z5.000 F500.000
G0 X118.457 Y95.916 F3000.000
G1 Z1.000 F500.000
G4 P100
G1 X118.838 Y97.930 F1000.000
G1 X119.027 Y98.238
G1 X119.367 Y98.269
G1 X119.522 Y97.923
G1 X119.493 Y97.290
G1 X118.952 Y95.674
G1 X118.493 Y95.408
G1 X118.382 Y95.600
G1 X118.423 Y95.958
G1 X117.967 Y95.909
G1 X117.677 Y95.741
G1 X117.276 Y95.091
G1 X117.219 Y94.685
G1 X117.315 Y94.296
G1 X117.477 Y94.142
G1 X117.706 Y94.127
G1 X118.498 Y94.534
G1 X118.684 Y94.100
G1 X118.497 Y94.542
G1 X118.518 Y95.518
G1 X119.623 Y94.745
G1 X119.981 Y94.745
G1 X120.531 Y94.920
G1 X120.863 Y95.200
G1 X120.963 Y95.555
G1 X120.821 Y95.864
G1 X120.474 Y95.953
G1 X120.100 Y95.785
G1 X119.835 Y95.386
G1 X119.761 Y94.933
G1 X119.895 Y94.390
G1 X120.227 Y94.138
G1 X120.698 Y94.110
G1 X121.091 Y94.307
G1 X121.307 Y94.674
G0 Z5.000 F500.000
G0 X123.581 Y94.320 F3000.000
G1 Z1.000 F500.000
G4 P100
G1 X124.258 Y95.251 F1000.000
G1 X124.499 Y95.426
G1 X124.613 Y95.905
G1 X124.780 Y96.060
G1 X124.613 Y95.905
G1 X124.499 Y95.426
G1 X124.969 Y94.802
G1 X125.049 Y94.402
G1 X124.827 Y94.111
G1 X124.418 Y94.112
G0 Z5.000 F500.000
G0 X126.282 Y95.897 F3000.000
G1 Z1.000 F500.000
G4 P100
G1 X126.665 Y96.050 F1000.000
G1 X127.333 Y97.104
G1 X127.482 Y97.882
G1 X127.418 Y98.142
G1 X127.262 Y98.302
G1 X127.046 Y98.301
G1 X126.855 Y98.169
G1 X126.524 Y97.504
G1 X126.257 Y96.372
G1 X126.282 Y95.897
G1 X126.177 Y95.603
G1 X126.153 Y95.041
G1 X126.260 Y94.676
G1 X126.214 Y94.168
G1 X126.260 Y94.676
G1 X126.566 Y94.870
G1 X127.023 Y95.606
G1 X127.475 Y95.744
G1 X127.542 Y95.404
G1 X127.422 Y94.166
G0 Z5.000 F500.000
G0 X128.638 Y94.545 F3000.000
G1 Z1.000 F500.000
G4 P100
G1 X128.592 Y95.093 F1000.000
G1 X128.813 Y95.704
G1 X129.249 Y95.913
G1 X129.678 Y95.808
G1 X129.851 Y95.549
G1 X129.928 Y95.119
G1 X129.849 Y94.652
G1 X129.693 Y94.348
G1 X129.459 Y94.180
G1 X129.047 Y94.142
G1 X128.790 Y94.274
G1 X128.638 Y94.545
G0 Z5.000 F500.000
G0 X131.245 Y96.033 F3000.000
G1 Z1.000 F500.000
G4 P100
G1 X131.060 Y95.809 F1000.000
G1 X130.889 Y94.910
G1 X130.912 Y94.460
G1 X131.077 Y94.228
G1 X131.371 Y94.331
G1 X131.685 Y94.709
G1 X131.990 Y94.808
G1 X132.034 Y94.168
G1 X131.990 Y94.808
G1 X132.314 Y95.977
G1 X132.455 Y96.015
G1 X132.588 Y95.918
G1 X133.155 Y95.158
G1 X133.330 Y95.120
G1 X133.601 Y95.229
G1 X134.101 Y96.047
G1 X134.466 Y97.033
G1 X134.548 Y97.867
G1 X134.351 Y98.288
G1 X133.977 Y98.222
G1 X133.669 Y97.713
G1 X133.369 Y96.659
G1 X133.232 Y95.467
G1 X133.330 Y95.120
G1 X133.291 Y94.669
G1 X133.503 Y94.258
G1 X133.980 Y94.126
G1 X134.241 Y94.219
G1 X134.397 Y94.388
G0 Z5.000 F500.000
G0 X136.020 Y95.916 F3000.000
G1 Z1.000 F500.000
G4 P100
G1 X136.401 Y97.930 F1000.000
G1 X136.590 Y98.238
G1 X136.931 Y98.269
G1 X137.085 Y97.923
G1 X137.057 Y97.290
G1 X136.521 Y95.687
G1 X136.057 Y95.408
G1 X135.945 Y95.600
G1 X135.979 Y95.960
G1 X135.509 Y95.903
G1 X135.191 Y95.697
G1 X134.942 Y95.364
G1 X134.816 Y94.976
G1 X134.793 Y94.598
G1 X134.954 Y94.198
G1 X135.168 Y94.116
G1 X135.490 Y94.189
G1 X136.061 Y94.534
G1 X136.247 Y94.100
G1 X136.060 Y94.542
G1 X136.057 Y95.408
G0 Z5.000 F500.000
G0 X139.746 Y95.897 F3000.000
G1 Z1.000 F500.000
G4 P100
G1 X140.009 Y95.955 F1000.000
G1 X140.180 Y96.111
G1 X140.833 Y97.200
G1 X140.931 Y97.990
G1 X140.820 Y98.234
G1 X140.618 Y98.320
G1 X140.394 Y98.238
G1 X140.204 Y98.010
G1 X139.831 Y96.940
G1 X139.624 Y95.413
G1 X139.625 Y94.938
G1 X139.724 Y94.674
G1 X139.677 Y94.168
G1 X139.724 Y94.674
G1 X140.033 Y94.874
G1 X140.493 Y95.635
G1 X140.863 Y95.858
G1 X141.183 Y95.786
G1 X141.274 Y95.421
G1 X141.163 Y95.122
G1 X140.750 Y94.756
G1 X140.685 Y94.551
G1 X140.878 Y94.248
G1 X141.265 Y94.131
G1 X141.494 Y94.206
G1 X142.037 Y94.661
G1 X142.742 Y94.849
G1 X143.114 Y95.064
G1 X143.332 Y95.459
G1 X143.204 Y95.855
G1 X142.897 Y95.955
G1 X142.558 Y95.851
G1 X142.295 Y95.571
G1 X142.151 Y95.174
G1 X142.275 Y94.378
G1 X142.531 Y94.165
G1 X142.894 Y94.092
G1 X143.395 Y94.251
G1 X143.785 Y94.749
G1 X144.454 Y94.774
G1 X145.057 Y95.045
G1 X145.300 Y95.510
G1 X145.245 Y95.758
G1 X145.077 Y95.913
G1 X144.759 Y95.946
G1 X144.453 Y95.799
G1 X144.221 Y95.500
G1 X144.106 Y95.109
G1 X144.248 Y94.366
G1 X144.503 Y94.162
G1 X144.852 Y94.092
G1 X145.208 Y94.164
G1 X145.489 Y94.370
G1 X145.854 Y95.256
G1 X146.109 Y95.536
G1 X146.528 Y95.642
G1 X146.955 Y95.927
G1 X147.307 Y95.878
G1 X147.476 Y95.618
G1 X147.491 Y95.213
G1 X147.370 Y94.786
G1 X147.127 Y94.413
G1 X146.791 Y94.159
G1 X146.408 Y94.077
G1 X146.262 Y94.097
G1 X146.122 Y94.449
G1 X145.850 Y94.327
G1 X145.678 Y94.077
G1 X145.355 Y93.189
G1 X145.223 Y92.470
G1 X145.289 Y91.994
G1 X145.551 Y91.828
G1 X145.871 Y92.053
G1 X146.083 Y92.782
G1 X146.262 Y94.097
G1 X146.122 Y94.449
G1 X146.279 Y95.589
G1 X146.217 Y95.881
G1 X146.293 Y95.992
G0 Z5.000 F500.000
G0 X20.239 Y85.863 F3000.000
G1 Z1.000 F500.000
G4 P100
G1 X20.712 Y85.832 F1000.000
G1 X20.845 Y85.944
G1 X20.876 Y86.531
G1 X21.182 Y87.476
G1 X21.477 Y87.841
G1 X21.809 Y87.843
G1 X21.936 Y87.531
G1 X21.892 Y87.060
G1 X21.284 Y85.946
G1 X21.635 Y85.876
G1 X22.056 Y85.956
G1 X21.635 Y85.876
G1 X20.845 Y85.944
G1 X20.757 Y85.849
G1 X20.746 Y85.213
G1 X20.805 Y84.581
G1 X20.994 Y84.183
G1 X21.353 Y84.024
G1 X21.777 Y84.138
G1 X21.985 Y84.466
G1 X22.377 Y85.656
G1 X23.023 Y85.921
G1 X23.681 Y86.912
G1 X23.870 Y87.778
G1 X23.792 Y88.070
G1 X23.609 Y88.217
G1 X23.367 Y88.174
G1 X23.163 Y87.968
G1 X22.781 Y86.950
G1 X22.551 Y85.353
G1 X22.549 Y84.850
G1 X22.649 Y84.579
G1 X22.602 Y84.071
G1 X22.649 Y84.579
G1 X22.954 Y84.773
G1 X23.373 Y85.474
G1 X23.719 Y85.648
G1 X23.873 Y85.639
G1 X23.929 Y85.395
G1 X23.851 Y83.958
G1 X24.802 Y84.545
G1 X25.593 Y84.768
G1 X25.981 Y85.024
G1 X26.136 Y85.325
G1 X26.096 Y85.648
G1 X25.894 Y85.827
G1 X25.575 Y85.843
G1 X25.224 Y85.632
G1 X24.996 Y85.227
G1 X24.945 Y84.807
G1 X25.093 Y84.269
G1 X25.429 Y84.034
G1 X25.901 Y84.018
G1 X26.283 Y84.220
G1 X26.489 Y84.577
G0 Z5.000 F500.000
G0 X28.483 Y84.010 F3000.000
G1 Z1.000 F500.000
G4 P100
G1 X28.786 Y85.718 F1000.000
G1 X28.883 Y85.856
G0 Z5.000 F500.000
G0 X30.170 Y85.946 F3000.000
G1 Z1.000 F500.000
G4 P100
G1 X29.993 Y85.757 F1000.000
G1 X29.857 Y85.144
G1 X29.889 Y84.061
G1 X29.933 Y84.579
G1 X30.236 Y84.777
G1 X30.645 Y85.490
G1 X31.052 Y85.657
G1 X31.155 Y85.435
G1 X31.113 Y84.891
G1 X31.197 Y84.606
G1 X31.127 Y84.047
G1 X31.197 Y84.606
G1 X31.494 Y84.801
G1 X31.943 Y85.515
G1 X32.401 Y85.639
G1 X32.453 Y85.270
G1 X32.338 Y84.069
G0 Z5.000 F500.000
G0 X34.642 Y84.374 F3000.000
G1 Z1.000 F500.000
G4 P100
G1 X34.866 Y85.620 F1000.000
G1 X34.431 Y85.873
G1 X34.048 Y85.715
G1 X33.727 Y85.375
G1 X33.531 Y84.921
G1 X33.493 Y84.441
G1 X33.590 Y84.168
G1 X33.783 Y84.027
G1 X34.026 Y84.038
G1 X34.337 Y84.299
G1 X34.642 Y84.374
G1 X34.678 Y84.079
G0 Z5.000 F500.000
G0 X36.791 Y83.485 F3000.000
G1 Z1.000 F500.000
G4 P100
G1 X36.456 Y83.405 F1000.000
G1 X35.776 Y82.684
G1 X35.586 Y82.145
G1 X35.741 Y81.793
G1 X36.053 Y81.754
G1 X36.332 Y81.957
G1 X36.573 Y82.390
G1 X36.803 Y83.132
G1 X36.791 Y83.485
G1 X36.966 Y83.942
G1 X36.935 Y84.264
G1 X36.183 Y84.018
G1 X35.942 Y84.173
G1 X35.838 Y84.496
G1 X35.879 Y84.918
G1 X36.041 Y85.317
G1 X36.304 Y85.640
G1 X36.621 Y85.833
G1 X36.842 Y85.871
G1 X37.207 Y85.627
G1 X36.936 Y84.143
G1 X38.810 Y84.747
G1 X39.190 Y84.962
G1 X39.389 Y85.253
G1 X39.390 Y85.594
G1 X39.212 Y85.806
G1 X38.890 Y85.851
G1 X38.525 Y85.663
G1 X38.278 Y85.261
G1 X38.215 Y84.821
G1 X38.356 Y84.281
G1 X38.686 Y84.038
G1 X39.157 Y84.015
G1 X39.544 Y84.210
G1 X39.760 Y84.577
G0 Z5.000 F500.000
G0 X28.935 Y86.808 F3000.000
G1 Z1.000 F500.000
G4 P100
G1 X29.069 Y86.830 F1000.000
G0 Z5.000 F500.000
G0 X42.840 Y85.231 F3000.000
G1 Z1.000 F500.000
G4 P100
G1 X42.915 Y85.593 F1000.000
G1 X42.708 Y85.836
G1 X42.329 Y85.806
G1 X41.997 Y85.514
G1 X41.838 Y85.147
G1 X41.800 Y84.711
G1 X41.892 Y84.359
G1 X42.099 Y84.127
G1 X42.494 Y84.007
G1 X42.909 Y84.101
G1 X43.159 Y84.314
G1 X43.494 Y84.877
G1 X44.042 Y85.089
G1 X44.252 Y85.285
G1 X44.737 Y86.230
G1 X45.005 Y87.065
G1 X45.052 Y87.821
G1 X44.848 Y88.198
G1 X44.481 Y88.120
G1 X44.173 Y87.602
G1 X43.876 Y86.547
G1 X43.742 Y85.363
G1 X43.841 Y85.023
G1 X43.801 Y84.572
G1 X44.018 Y84.156
G1 X44.490 Y84.029
G1 X44.751 Y84.122
G1 X44.907 Y84.291
G0 Z5.000 F500.000
G0 X45.347 Y84.434 F3000.000
G1 Z1.000 F500.000
G4 P100
G1 X45.294 Y84.974 F1000.000
G1 X45.509 Y85.595
G1 X45.940 Y85.814
G1 X46.377 Y85.715
G1 X46.554 Y85.459
G1 X46.633 Y85.029
G1 X46.557 Y84.562
G1 X46.403 Y84.257
G1 X46.164 Y84.083
G1 X45.759 Y84.044
G1 X45.500 Y84.172
G1 X45.347 Y84.434
G0 Z5.000 F500.000
G0 X47.186 Y84.223 F3000.000
G1 Z1.000 F500.000
G4 P100
G1 X47.863 Y85.154 F1000.000
G1 X48.104 Y85.329
G1 X48.218 Y85.808
G1 X48.385 Y85.963
G1 X48.218 Y85.808
G1 X48.104 Y85.329
G1 X48.574 Y84.705
G1 X48.654 Y84.305
G1 X48.432 Y84.014
G1 X48.023 Y84.015
G0 Z5.000 F500.000
G0 X49.712 Y84.620 F3000.000
G1 Z1.000 F500.000
G4 P100
G1 X50.387 Y84.807 F1000.000
G1 X50.775 Y85.140
G1 X50.851 Y85.391
G1 X50.807 Y85.642
G1 X50.667 Y85.796
G1 X50.436 Y85.858
G1 X50.039 Y85.729
G1 X49.745 Y85.343
G1 X49.649 Y84.858
G1 X49.772 Y84.311
G1 X50.102 Y84.046
G1 X50.579 Y84.012
G1 X50.980 Y84.210
G1 X51.196 Y84.577
G0 Z5.000 F500.000
G0 X52.997 Y85.863 F3000.000
G1 Z1.000 F500.000
G4 P100
G1 X53.470 Y85.832 F1000.000
G1 X53.602 Y85.944
G1 X53.633 Y86.531
G1 X53.939 Y87.476
G1 X54.235 Y87.841
G1 X54.567 Y87.843
G1 X54.694 Y87.531
G1 X54.650 Y87.060
G1 X54.042 Y85.946
G1 X54.393 Y85.876
G1 X54.813 Y85.956
G1 X54.393 Y85.876
G1 X53.602 Y85.944
G1 X53.515 Y85.849
G1 X53.505 Y85.074
G1 X53.596 Y84.462
G1 X53.830 Y84.117
G1 X54.293 Y84.037
G1 X54.664 Y84.284
G0 Z5.000 F500.000
G0 X55.270 Y84.461 F3000.000
G1 Z1.000 F500.000
G4 P100
G1 X55.229 Y85.003 F1000.000
G1 X55.449 Y85.607
G1 X55.885 Y85.816
G1 X56.314 Y85.711
G1 X56.487 Y85.452
G1 X56.564 Y85.022
G1 X56.485 Y84.555
G1 X56.324 Y84.245
G1 X56.088 Y84.081
G1 X55.676 Y84.046
G1 X55.421 Y84.182
G1 X55.270 Y84.461
G0 Z5.000 F500.000
G0 X59.021 Y84.010 F3000.000
G1 Z1.000 F500.000
G4 P100
G1 X59.352 Y85.799 F1000.000
G1 X59.577 Y85.881
G1 X59.919 Y85.815
G1 X60.155 Y85.910
G1 X60.575 Y85.849
G1 X60.663 Y85.944
G1 X60.679 Y86.459
G1 X60.947 Y87.363
G1 X61.198 Y87.765
G1 X61.479 Y87.893
G1 X61.719 Y87.703
G1 X61.738 Y87.174
G1 X61.583 Y86.733
G1 X61.176 Y86.190
G1 X61.103 Y85.946
G1 X61.454 Y85.876
G1 X61.874 Y85.956
G1 X61.454 Y85.876
G1 X60.663 Y85.944
G1 X60.575 Y85.849
G1 X60.653 Y84.476
G1 X60.818 Y84.177
G1 X61.092 Y84.034
G1 X61.466 Y84.070
G1 X61.725 Y84.284
G1 X61.923 Y84.223
G1 X62.600 Y85.154
G1 X62.841 Y85.329
G1 X62.955 Y85.808
G1 X63.122 Y85.963
G1 X62.955 Y85.808
G1 X62.841 Y85.329
G1 X63.311 Y84.705
G1 X63.391 Y84.305
G1 X63.169 Y84.014
G1 X62.760 Y84.015
G0 Z5.000 F500.000
G0 X59.472 Y86.808 F3000.000
G1 Z1.000 F500.000
G4 P100
G1 X59.607 Y86.830 F1000.000
G0 Z5.000 F500.000
G0 X66.045 Y84.596 F3000.000
G1 Z1.000 F500.000
G4 P100
G1 X66.079 Y85.234 F1000.000
G1 X66.300 Y85.656
G1 X66.765 Y85.822
G1 X67.159 Y85.676
G1 X67.308 Y85.411
G1 X67.370 Y84.993
G1 X67.276 Y84.507
G1 X67.086 Y84.197
G1 X66.816 Y84.063
G1 X66.398 Y84.071
G1 X66.168 Y84.255
G1 X66.045 Y84.596
G0 Z5.000 F500.000
G0 X68.656 Y85.932 F3000.000
G1 Z1.000 F500.000
G4 P100
G1 X68.506 Y85.776 F1000.000
G1 X68.350 Y85.092
G1 X68.436 Y84.572
G1 X68.392 Y84.044
G1 X68.436 Y84.572
G1 X68.735 Y84.761
G1 X69.183 Y85.493
G1 X69.718 Y85.763
G1 X69.630 Y85.653
G1 X69.818 Y85.048
G1 X69.772 Y84.955
G1 X69.818 Y85.048
G1 X70.133 Y85.140
G1 X70.294 Y84.204
G1 X70.366 Y84.034
G1 X70.529 Y84.024
G1 X70.793 Y85.710
G1 X70.892 Y85.856
G0 Z5.000 F500.000
G0 X72.730 Y83.485 F3000.000
G1 Z1.000 F500.000
G4 P100
G1 X72.395 Y83.405 F1000.000
G1 X71.715 Y82.684
G1 X71.525 Y82.145
G1 X71.680 Y81.793
G1 X72.067 Y81.782
G1 X72.393 Y82.140
G1 X72.716 Y83.033
G1 X72.730 Y83.485
G1 X72.907 Y83.963
G1 X72.874 Y84.264
G1 X72.231 Y84.010
G1 X71.860 Y84.203
G1 X71.790 Y84.774
G1 X72.039 Y85.410
G1 X72.323 Y85.704
G1 X72.651 Y85.861
G1 X73.114 Y85.671
G1 X72.877 Y84.116
G1 X73.181 Y83.944
G1 X73.918 Y83.950
G1 X74.170 Y84.046
G1 X74.330 Y85.264
G1 X74.517 Y85.856
G0 Z5.000 F500.000
G0 X75.774 Y85.924 F3000.000
G1 Z1.000 F500.000
G4 P100
G1 X75.611 Y85.670 F1000.000
G1 X75.498 Y85.148
G1 X75.525 Y84.049
G1 X75.532 Y84.572
G1 X75.904 Y84.799
G1 X76.281 Y85.463
G1 X76.843 Y85.653
G1 X76.865 Y85.748
G1 X76.731 Y84.086
G0 Z5.000 F500.000
G0 X79.035 Y84.374 F3000.000
G1 Z1.000 F500.000
G4 P100
G1 X79.244 Y85.650 F1000.000
G1 X78.889 Y85.872
G1 X78.723 Y85.851
G1 X78.378 Y85.666
G1 X78.090 Y85.326
G1 X77.917 Y84.893
G1 X77.886 Y84.449
G1 X78.007 Y84.139
G1 X78.263 Y84.012
G1 X78.472 Y84.065
G1 X78.750 Y84.309
G1 X79.035 Y84.374
G1 X79.098 Y83.963
G1 X79.176 Y83.965
G1 X80.034 Y84.801
G1 X80.733 Y85.164
G1 X81.276 Y86.129
G1 X81.596 Y87.108
G1 X81.617 Y87.914
G1 X81.506 Y88.144
G1 X81.325 Y88.222
G1 X80.990 Y88.041
G1 X80.693 Y87.430
G1 X80.438 Y86.432
G1 X80.326 Y85.341
G1 X80.423 Y85.023
G1 X80.384 Y84.572
G1 X80.601 Y84.156
G1 X81.073 Y84.029
G1 X81.334 Y84.122
G1 X81.490 Y84.291
G0 Z5.000 F500.000
G0 X70.943 Y86.808 F3000.000
G1 Z1.000 F500.000
G4 P100
G1 X71.078 Y86.830 F1000.000
G0 Z5.000 F500.000
G0 X74.568 Y86.808 F3000.000
G1 Z1.000 F500.000
G4 P100
G1 X74.703 Y86.830 F1000.000
G0 Z5.000 F500.000
G0 X84.626 Y84.374 F3000.000
G1 Z1.000 F500.000
G4 P100
G1 X84.850 Y85.620 F1000.000
G1 X84.415 Y85.873
G1 X84.033 Y85.715
G1 X83.712 Y85.375
G1 X83.515 Y84.921
G1 X83.478 Y84.441
G1 X83.575 Y84.168
G1 X83.767 Y84.027
G1 X84.011 Y84.038
G1 X84.321 Y84.299
G1 X84.626 Y84.374
G1 X84.663 Y84.079
G0 Z5.000 F500.000
G0 X86.195 Y85.924 F3000.000
G1 Z1.000 F500.000
G4 P100
G1 X86.032 Y85.670 F1000.000
G1 X85.919 Y85.148
G1 X85.946 Y84.049
G1 X85.953 Y84.572
G1 X86.325 Y84.799
G1 X86.702 Y85.463
G1 X87.264 Y85.653
G1 X87.286 Y85.748
G1 X87.152 Y84.086
G0 Z5.000 F500.000
G0 X89.334 Y85.231 F3000.000
G1 Z1.000 F500.000
G4 P100
G1 X89.409 Y85.593 F1000.000
G1 X89.201 Y85.836
G1 X88.822 Y85.806
G1 X88.491 Y85.514
G1 X88.332 Y85.147
G1 X88.293 Y84.711
G1 X88.386 Y84.359
G1 X88.593 Y84.127
G1 X89.090 Y84.009
G1 X89.558 Y84.211
G1 X89.754 Y84.500
G1 X90.066 Y85.628
G1 X90.193 Y85.750
G1 X90.681 Y85.893
G1 X91.065 Y86.371
G1 X91.383 Y86.939
G1 X91.541 Y87.454
G1 X91.541 Y87.924
G1 X91.361 Y88.196
G1 X91.145 Y88.210
G1 X90.949 Y88.088
G1 X90.613 Y87.435
G1 X90.337 Y86.282
G1 X90.361 Y85.800
G1 X90.231 Y84.952
G1 X90.339 Y84.579
G1 X90.293 Y84.071
G1 X90.339 Y84.579
G1 X90.645 Y84.773
G1 X91.101 Y85.509
G1 X91.554 Y85.647
G1 X91.621 Y85.307
G1 X91.501 Y84.069
G0 Z5.000 F500.000
G0 X92.717 Y84.448 F3000.000
G1 Z1.000 F500.000
G4 P100
G1 X92.671 Y84.996 F1000.000
G1 X92.891 Y85.607
G1 X93.328 Y85.816
G1 X93.757 Y85.711
G1 X93.930 Y85.452
G1 X94.007 Y85.022
G1 X93.928 Y84.555
G1 X93.772 Y84.251
G1 X93.538 Y84.083
G1 X93.126 Y84.045
G1 X92.869 Y84.177
G1 X92.717 Y84.448
G0 Z5.000 F500.000
G0 X95.292 Y85.932 F3000.000
G1 Z1.000 F500.000
G4 P100
G1 X95.142 Y85.776 F1000.000
G1 X94.986 Y85.092
G1 X95.072 Y84.572
G1 X95.028 Y84.044
G1 X95.072 Y84.572
G1 X95.366 Y84.756
G1 X95.898 Y85.556
G1 X96.266 Y85.653
G1 X96.354 Y85.763
G1 X96.266 Y85.653
G1 X96.454 Y85.048
G1 X96.408 Y84.955
G1 X96.659 Y85.136
G0 Z5.000 F500.000
G0 X97.008 Y83.214 F3000.000
G1 Z1.000 F500.000
G4 P100
G1 X97.308 Y84.301 F1000.000
G0 Z5.000 F500.000
G0 X97.474 Y85.636 F3000.000
G1 Z1.000 F500.000
G4 P100
G1 X97.474 Y85.639 F1000.000
G0 Z5.000 F500.000
G0 X100.463 Y85.932 F3000.000
G1 Z1.000 F500.000
G4 P100
G1 X100.313 Y85.776 F1000.000
G1 X100.157 Y85.092
G1 X100.243 Y84.572
G1 X100.199 Y84.044
G1 X100.243 Y84.572
G1 X100.542 Y84.761
G1 X100.989 Y85.493
G1 X101.525 Y85.763
G1 X101.437 Y85.653
G1 X101.625 Y85.048
G1 X101.579 Y84.955
G1 X101.830 Y85.136
G1 X101.970 Y85.113
G1 X102.230 Y84.705
G1 X102.396 Y84.620
G1 X103.180 Y84.867
G1 X103.459 Y85.140
G1 X103.535 Y85.473
G1 X103.405 Y85.758
G1 X103.099 Y85.858
G1 X102.735 Y85.738
G1 X102.457 Y85.403
G1 X102.335 Y84.938
G1 X102.396 Y84.467
G1 X102.526 Y84.218
G1 X102.773 Y84.051
G1 X103.110 Y83.996
G1 X103.438 Y84.064
G1 X103.795 Y84.368
G1 X104.246 Y85.363
G1 X104.966 Y85.643
G1 X105.544 Y86.424
G1 X105.911 Y87.452
G1 X105.907 Y87.912
G1 X105.767 Y88.172
G1 X105.436 Y88.173
G1 X105.140 Y87.817
G1 X104.822 Y87.030
G1 X104.553 Y85.920
G1 X104.583 Y85.524
G1 X104.458 Y85.221
G1 X104.406 Y84.593
G1 X104.442 Y83.220
G1 X104.584 Y82.581
G1 X104.715 Y82.455
G1 X104.894 Y82.454
G1 X105.102 Y82.650
G1 X105.192 Y83.032
G1 X105.057 Y84.759
G1 X105.172 Y84.869
G1 X105.755 Y84.858
G1 X106.465 Y85.046
G1 X106.781 Y85.291
G1 X107.276 Y86.264
G1 X107.541 Y87.122
G1 X107.567 Y87.878
G1 X107.476 Y88.111
G1 X107.325 Y88.214
G1 X106.970 Y88.085
G1 X106.672 Y87.534
G1 X106.391 Y86.497
G1 X106.267 Y85.356
G1 X106.365 Y85.023
G1 X106.326 Y84.572
G1 X106.543 Y84.156
G1 X107.015 Y84.029
G1 X107.276 Y84.122
G1 X107.432 Y84.291
G0 Z5.000 F500.000
G0 X107.872 Y84.434 F3000.000
G1 Z1.000 F500.000
G4 P100
G1 X107.818 Y84.974 F1000.000
G1 X108.033 Y85.595
G1 X108.464 Y85.814
G1 X108.902 Y85.715
G1 X109.078 Y85.459
G1 X109.157 Y85.029
G1 X109.081 Y84.562
G1 X108.927 Y84.257
G1 X108.688 Y84.083
G1 X108.284 Y84.044
G1 X108.025 Y84.172
G1 X107.872 Y84.434
G0 Z5.000 F500.000
G0 X110.187 Y85.868 F3000.000
G1 Z1.000 F500.000
G4 P100
G1 X110.124 Y85.798 F1000.000
G1 X110.189 Y84.404
G1 X110.253 Y84.167
G1 X110.404 Y84.068
G1 X110.679 Y84.228
G1 X111.099 Y85.048
G1 X111.310 Y85.180
G1 X111.624 Y85.174
G1 X111.427 Y85.717
G1 X111.461 Y85.846
G1 X111.430 Y85.707
G1 X111.633 Y85.215
G1 X111.559 Y85.138
G1 X111.310 Y85.180
G1 X111.442 Y84.889
G1 X111.477 Y84.292
G1 X111.603 Y84.075
G1 X111.852 Y84.127
G1 X112.779 Y85.839
G0 Z5.000 F500.000
G0 X115.571 Y85.946 F3000.000
G1 Z1.000 F500.000
G4 P100
G1 X115.395 Y85.757 F1000.000
G1 X115.259 Y85.144
G1 X115.290 Y84.061
G1 X115.334 Y84.579
G1 X115.637 Y84.777
G1 X116.047 Y85.490
G1 X116.453 Y85.657
G1 X116.556 Y85.435
G1 X116.514 Y84.891
G1 X116.599 Y84.606
G1 X116.528 Y84.047
G1 X116.599 Y84.606
G1 X116.895 Y84.801
G1 X117.344 Y85.515
G1 X117.802 Y85.639
G1 X117.855 Y85.270
G1 X117.739 Y84.069
G0 Z5.000 F500.000
G0 X120.043 Y84.374 F3000.000
G1 Z1.000 F500.000
G4 P100
G1 X120.267 Y85.620 F1000.000
G1 X119.832 Y85.873
G1 X119.450 Y85.715
G1 X119.129 Y85.375
G1 X118.932 Y84.921
G1 X118.895 Y84.441
G1 X118.992 Y84.168
G1 X119.184 Y84.027
G1 X119.428 Y84.038
G1 X119.738 Y84.299
G1 X120.043 Y84.374
G1 X120.080 Y84.079
G0 Z5.000 F500.000
G0 X121.656 Y85.936 F3000.000
G1 Z1.000 F500.000
G4 P100
G1 X121.471 Y85.712 F1000.000
G1 X121.296 Y84.770
G1 X121.332 Y84.344
G1 X121.519 Y84.126
G1 X121.777 Y84.218
G1 X122.084 Y84.603
G1 X122.376 Y84.733
G1 X122.713 Y85.878
G1 X122.376 Y84.733
G1 X122.427 Y84.412
G1 X122.299 Y83.684
G1 X122.185 Y83.488
G1 X121.723 Y83.311
G1 X121.147 Y82.657
G1 X120.977 Y82.119
G1 X121.142 Y81.788
G1 X121.503 Y81.775
G1 X121.814 Y82.085
G1 X122.184 Y83.085
G1 X122.185 Y83.488
G0 Z5.000 F500.000
G0 X125.647 Y85.946 F3000.000
G1 Z1.000 F500.000
G4 P100
G1 X125.471 Y85.757 F1000.000
G1 X125.335 Y85.144
G1 X125.366 Y84.061
G1 X125.410 Y84.579
G1 X125.713 Y84.777
G1 X126.123 Y85.490
G1 X126.529 Y85.657
G1 X126.632 Y85.435
G1 X126.590 Y84.891
G1 X126.675 Y84.606
G1 X126.604 Y84.047
G1 X126.675 Y84.606
G1 X126.971 Y84.801
G1 X127.420 Y85.515
G1 X127.878 Y85.639
G1 X127.931 Y85.270
G1 X127.815 Y84.069
G0 Z5.000 F500.000
G0 X129.029 Y84.448 F3000.000
G1 Z1.000 F500.000
G4 P100
G1 X128.983 Y84.996 F1000.000
G1 X129.204 Y85.607
G1 X129.641 Y85.816
G1 X130.070 Y85.711
G1 X130.243 Y85.452
G1 X130.319 Y85.022
G1 X130.241 Y84.555
G1 X130.084 Y84.251
G1 X129.850 Y84.083
G1 X129.438 Y84.045
G1 X129.181 Y84.177
G1 X129.029 Y84.448
G0 Z5.000 F500.000
G0 X131.317 Y85.841 F3000.000
G1 Z1.000 F500.000
G4 P100
G1 X131.340 Y84.415 F1000.000
G1 X131.506 Y84.077
G1 X131.701 Y84.085
G1 X131.872 Y84.217
G1 X132.614 Y85.731
G1 X132.862 Y85.875
G1 X133.241 Y84.819
G1 X133.508 Y84.620
G1 X134.076 Y84.760
G1 X134.449 Y84.987
G1 X134.635 Y85.303
G1 X134.596 Y85.655
G1 X134.391 Y85.829
G1 X134.079 Y85.843
G1 X133.795 Y85.698
G1 X133.579 Y85.423
G1 X133.452 Y84.778
G1 X133.548 Y84.350
G1 X133.779 Y84.103
G1 X134.134 Y83.997
G1 X134.529 Y84.056
G1 X134.827 Y84.262
G1 X134.992 Y84.577
G0 Z5.000 F500.000
G0 X136.986 Y84.010 F3000.000
G1 Z1.000 F500.000
G4 P100
G1 X137.318 Y85.799 F1000.000
G1 X137.542 Y85.881
G1 X137.884 Y85.815
G1 X138.120 Y85.910
G1 X138.541 Y85.849
G1 X138.629 Y85.944
G1 X138.642 Y86.445
G1 X138.904 Y87.343
G1 X139.149 Y87.749
G1 X139.422 Y87.892
G1 X139.679 Y87.717
G1 X139.706 Y87.189
G1 X139.548 Y86.733
G1 X139.142 Y86.190
G1 X139.068 Y85.946
G1 X139.419 Y85.876
G1 X139.840 Y85.956
G1 X139.419 Y85.876
G1 X138.629 Y85.944
G1 X138.541 Y85.849
G1 X138.539 Y84.928
G1 X138.652 Y84.387
G1 X138.893 Y84.094
G1 X139.341 Y84.042
G1 X139.691 Y84.284
G0 Z5.000 F500.000
G0 X137.438 Y86.808 F3000.000
G1 Z1.000 F500.000
G4 P100
G1 X137.572 Y86.830 F1000.000
G0 Z5.000 F500.000
G0 X142.022 Y85.519 F3000.000
G1 Z1.000 F500.000
G4 P100
G1 X142.325 Y85.597 F1000.000
G1 X142.676 Y85.858
G1 X142.989 Y85.760
G1 X143.195 Y85.559
G1 X143.319 Y85.192
G1 X143.300 Y84.741
G1 X143.160 Y84.365
G1 X142.913 Y84.109
G1 X142.544 Y84.018
G1 X142.201 Y84.166
G1 X142.007 Y84.513
G1 X141.952 Y85.052
G1 X142.033 Y86.263
G1 X142.280 Y87.361
G1 X142.599 Y88.041
G1 X142.972 Y88.220
G1 X143.215 Y88.003
G1 X143.249 Y87.496
G1 X143.097 Y86.918
G1 X142.676 Y86.132
G1 X142.676 Y85.858
G0 Z5.000 F500.000
G0 X144.628 Y85.936 F3000.000
G1 Z1.000 F500.000
G4 P100
G1 X144.466 Y85.773 F1000.000
G1 X144.339 Y85.261
G1 X144.314 Y84.308
G1 X144.440 Y84.140
G1 X144.609 Y84.150
G1 X145.045 Y84.596
G1 X145.373 Y84.711
G1 X145.417 Y84.071
G1 X145.373 Y84.711
G1 X145.651 Y85.833
G1 X146.378 Y85.910
G1 X146.792 Y85.849
G1 X146.880 Y85.944
G1 X146.977 Y86.809
G1 X147.213 Y87.469
G1 X147.487 Y87.825
G1 X147.808 Y87.866
G1 X147.963 Y87.589
G1 X147.935 Y87.088
G1 X147.319 Y85.946
G1 X147.670 Y85.876
G1 X148.091 Y85.956
G1 X147.670 Y85.876
G1 X146.880 Y85.944
G1 X146.792 Y85.849
G1 X146.783 Y85.045
G1 X146.879 Y84.449
G1 X147.113 Y84.113
G1 X147.570 Y84.037
G1 X147.942 Y84.284
G0 Z5.000 F500.000
G0 X20.889 Y75.849 F3000.000
G1 Z1.000 F500.000
G4 P100
G1 X20.713 Y75.660 F1000.000
G1 X20.577 Y75.047
G1 X20.608 Y73.964
G1 X20.652 Y74.482
G1 X20.955 Y74.680
G1 X21.365 Y75.393
G1 X21.771 Y75.560
G1 X21.874 Y75.338
G1 X21.832 Y74.794
G1 X21.917 Y74.509
G1 X21.846 Y73.950
G1 X21.917 Y74.509
G1 X22.213 Y74.704
G1 X22.662 Y75.418
G1 X23.120 Y75.542
G1 X23.173 Y75.173
G1 X23.057 Y73.972
G0 Z5.000 F500.000
G0 X24.623 Y75.839 F3000.000
G1 Z1.000 F500.000
G4 P100
G1 X24.461 Y75.676 F1000.000
G1 X24.334 Y75.164
G1 X24.309 Y74.211
G1 X24.435 Y74.043
G1 X24.604 Y74.053
G1 X25.040 Y74.499
G1 X25.368 Y74.614
G1 X25.412 Y73.974
G1 X25.368 Y74.614
G1 X25.668 Y75.764
G1 X25.814 Y75.808
G1 X25.892 Y75.669
G1 X26.078 Y74.072
G1 X26.856 Y75.069
G1 X27.087 Y75.232
G1 X27.201 Y75.711
G1 X27.368 Y75.866
G1 X27.201 Y75.711
G1 X27.087 Y75.232
G1 X27.557 Y74.608
G1 X27.637 Y74.208
G1 X27.415 Y73.917
G1 X27.007 Y73.918
G0 Z5.000 F500.000
G0 X28.404 Y75.766 F3000.000
G1 Z1.000 F500.000
G4 P100
G1 X28.877 Y75.735 F1000.000
G1 X29.010 Y75.847
G1 X29.041 Y76.434
G1 X29.347 Y77.379
G1 X29.642 Y77.744
G1 X29.974 Y77.746
G1 X30.101 Y77.434
G1 X30.057 Y76.963
G1 X29.449 Y75.849
G1 X29.800 Y75.779
G1 X30.221 Y75.859
G1 X29.800 Y75.779
G1 X29.010 Y75.847
G1 X28.922 Y75.752
G1 X28.912 Y74.977
G1 X29.004 Y74.365
G1 X29.237 Y74.020
G1 X29.700 Y73.940
G1 X30.072 Y74.187
G0 Z5.000 F500.000
G0 X32.314 Y75.827 F3000.000
G1 Z1.000 F500.000
G4 P100
G1 X32.151 Y75.573 F1000.000
G1 X32.038 Y75.051
G1 X32.065 Y73.952
G1 X32.073 Y74.475
G1 X32.445 Y74.702
G1 X32.822 Y75.366
G1 X33.384 Y75.556
G1 X33.406 Y75.651
G1 X33.271 Y73.989
G0 Z5.000 F500.000
G0 X34.484 Y74.357 F3000.000
G1 Z1.000 F500.000
G4 P100
G1 X34.440 Y74.899 F1000.000
G1 X34.661 Y75.510
G1 X35.098 Y75.719
G1 X35.526 Y75.614
G1 X35.700 Y75.355
G1 X35.776 Y74.925
G1 X35.698 Y74.458
G1 X35.537 Y74.148
G1 X35.300 Y73.984
G1 X34.888 Y73.949
G1 X34.633 Y74.085
G1 X34.484 Y74.357
G0 Z5.000 F500.000
G0 X36.429 Y75.766 F3000.000
G1 Z1.000 F500.000
G4 P100
G1 X36.902 Y75.735 F1000.000
G1 X37.035 Y75.847
G1 X37.066 Y76.434
G1 X37.372 Y77.379
G1 X37.667 Y77.744
G1 X37.999 Y77.746
G1 X38.126 Y77.434
G1 X38.082 Y76.963
G1 X37.474 Y75.849
G1 X37.825 Y75.779
G1 X38.246 Y75.859
G1 X37.825 Y75.779
G1 X37.035 Y75.847
G1 X36.947 Y75.752
G1 X36.937 Y74.977
G1 X37.029 Y74.365
G1 X37.262 Y74.020
G1 X37.725 Y73.940
G1 X38.097 Y74.187
G0 Z5.000 F500.000
G0 X39.995 Y74.506 F3000.000
G1 Z1.000 F500.000
G4 P100
G1 X40.031 Y75.144 F1000.000
G1 X40.256 Y75.564
G1 X40.715 Y75.725
G1 X41.114 Y75.573
G1 X41.258 Y75.314
G1 X41.321 Y74.896
G1 X41.227 Y74.410
G1 X41.037 Y74.100
G1 X40.767 Y73.966
G1 X40.348 Y73.974
G1 X40.119 Y74.158
G1 X39.995 Y74.506
G0 Z5.000 F500.000
G0 X42.318 Y75.744 F3000.000
G1 Z1.000 F500.000
G4 P100
G1 X42.342 Y74.318 F1000.000
G1 X42.508 Y73.980
G1 X42.703 Y73.988
G1 X42.874 Y74.120
G1 X43.616 Y75.634
G1 X43.864 Y75.778
G1 X44.243 Y74.722
G1 X44.510 Y74.523
G1 X45.078 Y74.663
G1 X45.451 Y74.890
G1 X45.637 Y75.206
G1 X45.598 Y75.558
G1 X45.393 Y75.732
G1 X45.080 Y75.746
G1 X44.797 Y75.601
G1 X44.581 Y75.326
G1 X44.454 Y74.681
G1 X44.549 Y74.253
G1 X44.781 Y74.006
G1 X45.136 Y73.900
G1 X45.531 Y73.959
G1 X45.829 Y74.165
G1 X45.994 Y74.480
G0 Z5.000 F500.000
G0 X46.817 Y75.835 F3000.000
G1 Z1.000 F500.000
G4 P100
G1 X46.666 Y75.679 F1000.000
G1 X46.511 Y74.995
G1 X46.597 Y74.475
G1 X46.553 Y73.947
G1 X46.597 Y74.475
G1 X46.896 Y74.664
G1 X47.343 Y75.396
G1 X47.879 Y75.666
G1 X47.791 Y75.556
G1 X47.979 Y74.951
G1 X47.932 Y74.858
G1 X47.979 Y74.951
G1 X48.345 Y75.075
G1 X48.899 Y74.926
G1 X49.169 Y75.035
G1 X49.669 Y75.853
G1 X50.034 Y76.839
G1 X50.116 Y77.673
G1 X49.920 Y78.094
G1 X49.545 Y78.028
G1 X49.237 Y77.519
G1 X48.937 Y76.465
G1 X48.800 Y75.273
G1 X48.899 Y74.926
G1 X48.860 Y74.475
G1 X49.071 Y74.064
G1 X49.548 Y73.932
G1 X49.810 Y74.025
G1 X49.966 Y74.194
G0 Z5.000 F500.000
G0 X51.491 Y74.277 F3000.000
G1 Z1.000 F500.000
G4 P100
G1 X51.715 Y75.523 F1000.000
G1 X51.280 Y75.776
G1 X50.897 Y75.618
G1 X50.577 Y75.278
G1 X50.380 Y74.824
G1 X50.342 Y74.344
G1 X50.440 Y74.071
G1 X50.632 Y73.930
G1 X50.875 Y73.941
G1 X51.186 Y74.202
G1 X51.491 Y74.277
G1 X51.527 Y73.982
G0 Z5.000 F500.000
G0 X52.884 Y75.395 F3000.000
G1 Z1.000 F500.000
G4 P100
G1 X53.147 Y75.454 F1000.000
G1 X53.539 Y75.727
G1 X53.848 Y75.719
G1 X54.081 Y75.424
G1 X54.076 Y74.896
G1 X53.837 Y74.351
G1 X53.429 Y73.981
G1 X52.867 Y73.903
G1 X52.727 Y74.255
G1 X52.343 Y74.000
G1 X52.004 Y73.142
G1 X51.839 Y72.400
G1 X51.867 Y71.868
G1 X52.090 Y71.640
G1 X52.284 Y71.664
G1 X52.445 Y71.809
G1 X52.672 Y72.501
G1 X52.867 Y73.903
G1 X52.727 Y74.255
G1 X52.884 Y75.395
G1 X52.822 Y75.687
G1 X52.898 Y75.798
G0 Z5.000 F500.000
G0 X56.169 Y75.766 F3000.000
G1 Z1.000 F500.000
G4 P100
G1 X56.642 Y75.735 F1000.000
G1 X56.775 Y75.847
G1 X56.796 Y76.391
G1 X57.080 Y77.313
G1 X57.353 Y77.707
G1 X57.676 Y77.781
G1 X57.852 Y77.528
G1 X57.835 Y77.013
G1 X57.214 Y75.849
G1 X57.565 Y75.779
G1 X57.986 Y75.859
G1 X57.565 Y75.779
G1 X56.775 Y75.847
G1 X56.687 Y75.752
G1 X56.696 Y74.715
G1 X56.870 Y74.154
G1 X57.140 Y73.953
G1 X57.508 Y73.950
G1 X58.088 Y74.416
G1 X59.276 Y74.815
G1 X59.517 Y75.101
G1 X59.553 Y75.448
G1 X59.393 Y75.691
G1 X59.068 Y75.758
G1 X58.696 Y75.586
G1 X58.434 Y75.185
G1 X58.363 Y74.732
G1 X58.501 Y74.190
G1 X58.836 Y73.941
G1 X59.306 Y73.918
G1 X59.693 Y74.113
G1 X59.909 Y74.480
G0 Z5.000 F500.000
G0 X62.289 Y75.395 F3000.000
G1 Z1.000 F500.000
G4 P100
G1 X62.266 Y75.656 F1000.000
G1 X62.147 Y75.725
G1 X61.831 Y75.662
G1 X61.408 Y75.263
G1 X61.066 Y75.691
G1 X60.668 Y75.691
G1 X60.529 Y75.415
G1 X60.650 Y75.678
G1 X60.936 Y75.737
G1 X61.140 Y75.634
G1 X61.408 Y75.263
G1 X61.330 Y74.377
G1 X60.743 Y73.943
G1 X60.489 Y73.938
G1 X60.295 Y74.072
G1 X60.245 Y74.342
G1 X60.341 Y74.580
G1 X60.257 Y74.158
G1 X60.510 Y73.932
G1 X60.831 Y73.979
G1 X61.330 Y74.377
G1 X61.598 Y74.051
G1 X61.842 Y73.927
G1 X62.176 Y73.935
G1 X62.484 Y74.110
G1 X62.702 Y74.497
G1 X62.648 Y75.627
G1 X62.800 Y75.805
G1 X63.211 Y75.734
G1 X63.350 Y75.847
G1 X63.376 Y76.412
G1 X63.670 Y77.346
G1 X63.957 Y77.728
G1 X64.284 Y77.766
G1 X64.436 Y77.477
G1 X64.403 Y76.984
G1 X63.789 Y75.849
G1 X64.140 Y75.779
G1 X64.561 Y75.859
G1 X64.140 Y75.779
G1 X63.350 Y75.847
G1 X63.262 Y75.752
G1 X63.253 Y74.948
G1 X63.349 Y74.352
G1 X63.583 Y74.016
G1 X64.040 Y73.940
G1 X64.412 Y74.187
G0 Z5.000 F500.000
G0 X65.058 Y74.101 F3000.000
G1 Z1.000 F500.000
G4 P100
G1 X65.095 Y74.138 F1000.000
G0 Z5.000 F500.000
G0 X20.566 Y62.744 F3000.000
G1 Z1.000 F500.000
G4 P100
G1 X20.470 Y63.078 F1000.000
G1 X20.536 Y63.421
G1 X20.742 Y63.664
G1 X21.090 Y63.830
G1 X22.022 Y63.970
G1 X22.405 Y63.872
G1 X22.835 Y63.991
G1 X24.233 Y63.899
G1 X22.842 Y63.991
G1 X22.405 Y63.872
G1 X21.884 Y60.244
G1 X21.957 Y60.164
G1 X22.239 Y60.166
G1 X23.603 Y60.760
G1 X24.842 Y61.173
G1 X25.104 Y61.470
G1 X25.142 Y61.831
G1 X24.965 Y62.077
G1 X24.608 Y62.126
G1 X24.224 Y61.900
G1 X23.987 Y61.436
G1 X24.021 Y60.740
G1 X24.204 Y60.457
G1 X24.616 Y60.284
G1 X25.129 Y60.330
G1 X25.700 Y60.652
G1 X25.936 Y61.001
G0 Z5.000 F500.000
G0 X27.623 Y61.504 F3000.000
G1 Z1.000 F500.000
G4 P100
G1 X27.713 Y61.798 F1000.000
G1 X27.598 Y62.059
G1 X27.330 Y62.135
G1 X27.040 Y62.026
G1 X26.746 Y61.622
G1 X26.597 Y60.960
G1 X26.095 Y60.772
G1 X26.060 Y60.347
G1 X26.032 Y61.474
G1 X26.162 Y62.036
G1 X26.339 Y62.224
G1 X26.165 Y62.042
G1 X26.041 Y61.531
G1 X25.997 Y61.066
G1 X26.095 Y60.772
G1 X26.597 Y60.960
G1 X26.951 Y60.430
G1 X27.460 Y60.288
G1 X27.910 Y60.514
G1 X28.262 Y61.004
G0 Z5.000 F500.000
G0 X29.286 Y61.524 F3000.000
G1 Z1.000 F500.000
G4 P100
G1 X29.351 Y61.869 F1000.000
G1 X29.196 Y62.090
G1 X28.744 Y62.063
G1 X28.461 Y61.797
G1 X28.269 Y61.019
G1 X28.363 Y60.631
G1 X28.569 Y60.398
G1 X28.954 Y60.298
G1 X29.482 Y60.399
G1 X29.942 Y60.718
G1 X30.111 Y61.035
G0 Z5.000 F500.000
G0 X30.504 Y62.224 F3000.000
G1 Z1.000 F500.000
G4 P100
G1 X30.328 Y62.035 F1000.000
G1 X30.194 Y61.436
G1 X30.223 Y60.340
G1 X30.267 Y60.857
G1 X30.570 Y61.055
G1 X30.965 Y61.752
G1 X31.304 Y61.927
G1 X31.448 Y61.915
G1 X31.492 Y61.693
G1 X31.461 Y60.325
G1 X31.532 Y60.884
G1 X31.803 Y61.051
G1 X32.172 Y61.680
G1 X32.480 Y61.903
G1 X32.761 Y61.867
G1 X32.653 Y60.699
G1 X32.759 Y60.376
G1 X33.034 Y60.310
G1 X33.308 Y60.397
G1 X33.682 Y60.734
G1 X33.822 Y61.004
G0 Z5.000 F500.000
G0 X36.178 Y59.763 F3000.000
G1 Z1.000 F500.000
G4 P100
G1 X36.174 Y59.346 F1000.000
G1 X35.797 Y58.350
G1 X35.486 Y58.049
G1 X35.126 Y58.072
G1 X34.972 Y58.401
G1 X35.133 Y58.912
G1 X35.798 Y59.646
G1 X36.178 Y59.763
G1 X36.436 Y60.323
G1 X36.329 Y60.545
G1 X36.602 Y61.890
G1 X36.162 Y62.152
G1 X35.841 Y62.030
G1 X35.552 Y61.774
G1 X35.317 Y61.362
G1 X35.223 Y60.891
G1 X35.278 Y60.539
G1 X35.492 Y60.319
G1 X35.768 Y60.302
G1 X36.329 Y60.545
G1 X36.439 Y60.330
G1 X36.685 Y60.352
G1 X37.491 Y60.940
G0 Z5.000 F500.000
G0 X37.591 Y61.079 F3000.000
G1 Z1.000 F500.000
G4 P100
G1 X37.438 Y60.840 F1000.000
G1 X37.466 Y60.494
G1 X37.637 Y60.326
G1 X37.911 Y60.342
G1 X38.196 Y60.605
G1 X38.655 Y61.568
G1 X39.044 Y61.990
G1 X38.978 Y61.834
G1 X39.121 Y61.509
G1 X39.127 Y60.757
G1 X39.267 Y60.378
G1 X39.535 Y60.298
G1 X39.831 Y60.395
G1 X40.204 Y60.775
G1 X40.311 Y61.058
G1 X40.187 Y60.788
G1 X40.282 Y60.457
G1 X40.533 Y60.302
G1 X40.879 Y60.313
G1 X41.311 Y60.579
G1 X41.567 Y60.991
G1 X40.999 Y61.294
G1 X40.909 Y61.554
G1 X40.945 Y61.843
G1 X41.157 Y62.094
G1 X41.546 Y62.183
G1 X42.153 Y62.037
G1 X41.925 Y61.170
G1 X41.567 Y61.043
G1 X41.925 Y61.170
G1 X42.097 Y60.353
G1 X42.330 Y60.314
G1 X42.599 Y60.420
G1 X42.954 Y60.748
G1 X43.080 Y61.009
G0 Z5.000 F500.000
G0 X44.883 Y62.224 F3000.000
G1 Z1.000 F500.000
G4 P100
G1 X44.706 Y62.035 F1000.000
G1 X44.569 Y61.420
G1 X44.649 Y60.847
G1 X44.602 Y60.340
G1 X44.649 Y60.847
G1 X44.928 Y61.018
G1 X45.311 Y61.680
G1 X45.633 Y61.909
G1 X45.846 Y61.933
G1 X45.899 Y61.842
G1 X45.793 Y60.695
G1 X45.902 Y60.375
G1 X46.177 Y60.311
G1 X46.453 Y60.399
G1 X46.823 Y60.731
G1 X46.961 Y61.001
G0 Z5.000 F500.000
G0 X48.044 Y60.542 F3000.000
G1 Z1.000 F500.000
G4 P100
G1 X48.357 Y61.309 F1000.000
G1 X48.302 Y61.930
G1 X48.128 Y62.093
G1 X47.899 Y62.122
G1 X47.158 Y61.770
G1 X47.119 Y62.110
G1 X47.100 Y61.033
G1 X47.002 Y60.630
G1 X47.141 Y60.279
G1 X46.929 Y58.797
G1 X46.678 Y58.131
G1 X46.482 Y58.015
G1 X46.270 Y58.054
G1 X46.107 Y58.409
G1 X46.156 Y59.050
G1 X46.547 Y60.230
G1 X46.776 Y60.543
G1 X47.002 Y60.630
G1 X47.205 Y60.269
G1 X47.575 Y60.298
G1 X48.044 Y60.542
G1 X48.299 Y60.328
G1 X48.647 Y60.322
G1 X49.124 Y60.624
G1 X49.468 Y61.174
G1 X49.651 Y61.308
G1 X50.149 Y61.472
G1 X50.609 Y61.461
G1 X50.779 Y61.233
G1 X50.712 Y60.918
G1 X50.550 Y60.576
G1 X50.291 Y60.355
G1 X49.985 Y60.289
G1 X49.695 Y60.377
G1 X49.475 Y60.599
G1 X49.368 Y60.923
G1 X49.375 Y61.353
G1 X49.498 Y61.719
G1 X49.726 Y61.983
G1 X50.032 Y62.115
G1 X50.441 Y61.992
G1 X50.779 Y61.233
G1 X51.176 Y61.226
G1 X51.584 Y61.345
G0 Z5.000 F500.000
G0 X53.144 Y61.233 F3000.000
G1 Z1.000 F500.000
G4 P100
G1 X52.828 Y61.975 F1000.000
G1 X52.433 Y62.216
G1 X52.465 Y62.444
G1 X52.893 Y63.252
G1 X53.028 Y63.813
G1 X52.964 Y64.337
G1 X52.836 Y64.472
G1 X52.656 Y64.496
G1 X52.443 Y64.391
G1 X52.260 Y64.144
G1 X51.913 Y63.121
G1 X51.761 Y62.167
G1 X51.796 Y61.792
G1 X52.104 Y61.877
G1 X52.445 Y62.158
G1 X52.104 Y61.877
G1 X51.796 Y61.792
G1 X51.726 Y61.206
G1 X51.820 Y60.688
G1 X52.115 Y60.350
G1 X52.551 Y60.315
G1 X52.946 Y60.625
G1 X53.144 Y61.233
G1 X53.939 Y61.333
G0 Z5.000 F500.000
G0 X54.032 Y60.894 F3000.000
G1 Z1.000 F500.000
G4 P100
G1 X54.718 Y61.091 F1000.000
G1 X55.099 Y61.431
G1 X55.170 Y61.699
G1 X55.111 Y61.946
G1 X54.953 Y62.091
G1 X54.703 Y62.136
G1 X54.290 Y61.952
G1 X54.018 Y61.499
G1 X53.975 Y61.044
G1 X54.055 Y60.678
G1 X54.201 Y60.472
G1 X54.609 Y60.288
G1 X55.129 Y60.326
G1 X55.708 Y60.648
G1 X55.950 Y61.001
G0 Z5.000 F500.000
G0 X57.034 Y60.542 F3000.000
G1 Z1.000 F500.000
G4 P100
G1 X57.347 Y61.309 F1000.000
G1 X57.292 Y61.930
G1 X57.118 Y62.093
G1 X56.889 Y62.122
G1 X56.148 Y61.770
G1 X56.109 Y62.110
G1 X56.090 Y61.033
G1 X55.992 Y60.630
G1 X56.131 Y60.279
G1 X55.919 Y58.797
G1 X55.668 Y58.131
G1 X55.472 Y58.015
G1 X55.260 Y58.054
G1 X55.100 Y58.388
G1 X55.133 Y58.978
G1 X55.363 Y59.795
G1 X55.697 Y60.490
G1 X55.992 Y60.630
G1 X56.131 Y60.279
G1 X56.223 Y60.266
G1 X56.578 Y60.303
G1 X57.034 Y60.542
G1 X57.282 Y60.331
G1 X57.609 Y60.316
G1 X58.061 Y60.573
G1 X58.360 Y61.013
G0 Z5.000 F500.000
G0 X60.042 Y61.504 F3000.000
G1 Z1.000 F500.000
G4 P100
G1 X60.132 Y61.798 F1000.000
G1 X60.017 Y62.059
G1 X59.749 Y62.135
G1 X59.460 Y62.026
G1 X59.165 Y61.622
G1 X59.017 Y60.960
G1 X58.514 Y60.772
G1 X58.480 Y60.347
G1 X58.452 Y61.474
G1 X58.581 Y62.036
G1 X58.758 Y62.224
G1 X58.584 Y62.042
G1 X58.461 Y61.531
G1 X58.416 Y61.066
G1 X58.514 Y60.772
G1 X59.017 Y60.960
G1 X59.371 Y60.430
G1 X59.879 Y60.288
G1 X60.329 Y60.514
G1 X60.682 Y61.004
G0 Z5.000 F500.000
G0 X61.098 Y62.215 F3000.000
G1 Z1.000 F500.000
G4 P100
G1 X60.919 Y62.010 F1000.000
G1 X60.747 Y61.134
G1 X60.754 Y60.689
G1 X60.910 Y60.421
G1 X61.176 Y60.477
G1 X61.498 Y60.859
G1 X61.786 Y60.979
G1 X62.060 Y62.012
G1 X62.184 Y62.183
G1 X62.060 Y62.012
G1 X61.786 Y60.979
G1 X61.929 Y60.410
G1 X62.161 Y60.312
G1 X62.461 Y60.387
G1 X62.861 Y60.740
G1 X62.990 Y60.999
G0 Z5.000 F500.000
G0 X65.806 Y61.233 F3000.000
G1 Z1.000 F500.000
G4 P100
G1 X65.622 Y60.643 F1000.000
G1 X65.264 Y60.332
G1 X64.786 Y60.342
G1 X64.448 Y60.710
G1 X64.382 Y61.142
G1 X64.466 Y61.593
G1 X64.675 Y61.917
G1 X64.981 Y62.096
G1 X65.243 Y62.115
G1 X65.453 Y62.008
G1 X65.806 Y61.233
G1 X66.204 Y61.226
G1 X66.612 Y61.345
G0 Z5.000 F500.000
G0 X68.268 Y64.292 F3000.000
G1 Z1.000 F500.000
G4 P100
G1 X67.273 Y63.990 F1000.000
G1 X67.031 Y63.684
G1 X67.138 Y63.318
G1 X67.933 Y62.295
G1 X67.968 Y61.559
G1 X68.088 Y61.248
G1 X67.923 Y60.826
G1 X67.661 Y60.458
G1 X67.308 Y60.296
G1 X66.926 Y60.371
G1 X66.708 Y60.670
G1 X66.669 Y61.106
G1 X66.758 Y61.542
G1 X66.962 Y61.870
G1 X67.249 Y62.052
G1 X67.931 Y61.978
G1 X68.088 Y61.248
G1 X68.517 Y61.217
G1 X68.986 Y61.358
G0 Z5.000 F500.000
G0 X69.415 Y62.224 F3000.000
G1 Z1.000 F500.000
G4 P100
G1 X69.239 Y62.035 F1000.000
G1 X69.105 Y61.436
G1 X69.134 Y60.340
G1 X69.178 Y60.857
G1 X69.482 Y61.055
G1 X69.876 Y61.752
G1 X70.215 Y61.927
G1 X70.360 Y61.915
G1 X70.403 Y61.693
G1 X70.372 Y60.325
G1 X70.443 Y60.884
G1 X70.715 Y61.051
G1 X71.083 Y61.680
G1 X71.391 Y61.903
G1 X71.672 Y61.867
G1 X71.565 Y60.699
G1 X71.670 Y60.376
G1 X71.946 Y60.310
G1 X72.220 Y60.397
G1 X72.594 Y60.734
G1 X72.733 Y61.004
G0 Z5.000 F500.000
G0 X72.779 Y60.894 F3000.000
G1 Z1.000 F500.000
G4 P100
G1 X73.465 Y61.091 F1000.000
G1 X73.846 Y61.431
G1 X73.917 Y61.699
G1 X73.858 Y61.946
G1 X73.700 Y62.091
G1 X73.450 Y62.136
G1 X73.037 Y61.952
G1 X72.766 Y61.499
G1 X72.723 Y61.044
G1 X72.802 Y60.678
G1 X72.949 Y60.472
G1 X73.356 Y60.288
G1 X73.877 Y60.326
G1 X74.456 Y60.648
G1 X74.698 Y61.001
G0 Z5.000 F500.000
G0 X76.384 Y61.504 F3000.000
G1 Z1.000 F500.000
G4 P100
G1 X76.474 Y61.798 F1000.000
G1 X76.359 Y62.059
G1 X76.091 Y62.135
G1 X75.802 Y62.026
G1 X75.507 Y61.622
G1 X75.359 Y60.960
G1 X74.856 Y60.772
G1 X74.822 Y60.347
G1 X74.794 Y61.474
G1 X74.923 Y62.036
G1 X75.100 Y62.224
G1 X74.926 Y62.042
G1 X74.803 Y61.531
G1 X74.758 Y61.066
G1 X74.856 Y60.772
G1 X75.359 Y60.960
G1 X75.713 Y60.430
G1 X76.221 Y60.288
G1 X76.671 Y60.514
G1 X77.024 Y61.004
G0 Z5.000 F500.000
G0 X78.192 Y60.738 F3000.000
G1 Z1.000 F500.000
G4 P100
G1 X78.407 Y61.917 F1000.000
G1 X77.911 Y62.141
G1 X77.457 Y61.887
G1 X77.130 Y61.397
G1 X77.024 Y60.768
G1 X77.203 Y60.373
G1 X77.627 Y60.313
G1 X78.192 Y60.738
G1 X78.421 Y60.365
G1 X78.712 Y60.321
G1 X79.137 Y60.623
G1 X79.373 Y61.004
G0 Z5.000 F500.000
G0 X79.758 Y62.210 F3000.000
G1 Z1.000 F500.000
G4 P100
G1 X79.607 Y62.055 F1000.000
G1 X79.495 Y61.579
G1 X79.460 Y60.274
G1 X79.427 Y60.921
G1 X79.509 Y61.272
G1 X80.598 Y61.209
G1 X80.913 Y62.158
G1 X80.598 Y61.209
G1 X80.684 Y60.393
G1 X80.942 Y60.311
G1 X81.225 Y60.394
G1 X81.615 Y60.736
G1 X81.748 Y61.001
G0 Z5.000 F500.000
G0 X82.165 Y62.215 F3000.000
G1 Z1.000 F500.000
G4 P100
G1 X81.984 Y62.003 F1000.000
G1 X81.807 Y61.061
G1 X81.834 Y60.640
G1 X82.009 Y60.406
G1 X82.255 Y60.485
G1 X82.566 Y60.859
G1 X82.853 Y60.979
G1 X83.127 Y62.012
G1 X83.251 Y62.183
G1 X83.127 Y62.012
G1 X82.853 Y60.979
G1 X82.951 Y60.501
G1 X83.084 Y60.337
G1 X83.367 Y60.324
G1 X83.645 Y60.465
G1 X83.980 Y60.810
G1 X84.005 Y61.058
G1 X83.886 Y60.678
G1 X84.103 Y60.349
G1 X84.531 Y60.302
G1 X84.963 Y60.539
G1 X85.205 Y60.812
G1 X85.261 Y61.043
G1 X84.746 Y61.234
G1 X84.602 Y61.664
G1 X84.731 Y62.000
G1 X85.064 Y62.169
G1 X85.845 Y62.043
G1 X85.620 Y61.170
G1 X85.261 Y61.043
G1 X85.620 Y61.170
G1 X85.688 Y60.567
G1 X85.803 Y60.344
G1 X86.039 Y60.316
G1 X86.300 Y60.424
G1 X86.648 Y60.748
G1 X86.775 Y61.009
G0 Z5.000 F500.000
G0 X89.258 Y60.542 F3000.000
G1 Z1.000 F500.000
G4 P100
G1 X89.571 Y61.309 F1000.000
G1 X89.516 Y61.930
G1 X89.342 Y62.093
G1 X89.113 Y62.122
G1 X88.372 Y61.770
G1 X88.333 Y62.110
G1 X88.315 Y61.033
G1 X88.216 Y60.630
G1 X88.355 Y60.279
G1 X88.143 Y58.797
G1 X87.892 Y58.131
G1 X87.697 Y58.015
G1 X87.485 Y58.054
G1 X87.324 Y58.388
G1 X87.357 Y58.978
G1 X87.587 Y59.795
G1 X87.921 Y60.490
G1 X88.216 Y60.630
G1 X88.355 Y60.279
G1 X88.448 Y60.266
G1 X88.803 Y60.303
G1 X89.258 Y60.542
G1 X89.507 Y60.331
G1 X89.833 Y60.316
G1 X90.285 Y60.573
G1 X90.584 Y61.013
G0 Z5.000 F500.000
G0 X90.997 Y62.215 F3000.000
G1 Z1.000 F500.000
G4 P100
G1 X90.819 Y62.010 F1000.000
G1 X90.646 Y61.134
G1 X90.653 Y60.689
G1 X90.809 Y60.421
G1 X91.075 Y60.477
G1 X91.398 Y60.859
G1 X91.685 Y60.979
G1 X91.959 Y62.012
G1 X92.083 Y62.183
G1 X91.959 Y62.012
G1 X91.685 Y60.979
G1 X91.828 Y60.410
G1 X92.061 Y60.312
G1 X92.360 Y60.387
G1 X92.760 Y60.740
G1 X92.889 Y60.999
G0 Z5.000 F500.000
G0 X93.915 Y61.524 F3000.000
G1 Z1.000 F500.000
G4 P100
G1 X93.980 Y61.869 F1000.000
G1 X93.825 Y62.090
G1 X93.373 Y62.063
G1 X93.090 Y61.797
G1 X92.898 Y61.019
G1 X92.992 Y60.631
G1 X93.198 Y60.398
G1 X93.582 Y60.298
G1 X94.111 Y60.399
G1 X94.571 Y60.718
G1 X94.740 Y61.035
G0 Z5.000 F500.000
G0 X95.120 Y62.193 F3000.000
G1 Z1.000 F500.000
G4 P100
G1 X94.956 Y61.970 F1000.000
G1 X94.785 Y61.005
G1 X94.829 Y60.607
G1 X95.018 Y60.403
G1 X95.269 Y60.497
G1 X95.577 Y60.883
G1 X95.870 Y61.011
G1 X96.224 Y62.173
G1 X95.870 Y61.011
G1 X95.948 Y60.330
G1 X95.674 Y59.766
G1 X95.693 Y59.435
G1 X95.469 Y58.707
G1 X95.088 Y58.109
G1 X94.853 Y58.018
G1 X94.621 Y58.074
G1 X94.486 Y58.258
G1 X94.480 Y58.543
G1 X94.812 Y59.177
G1 X95.339 Y59.684
G1 X95.674 Y59.766
G1 X95.948 Y60.330
G1 X96.324 Y60.416
G1 X96.997 Y60.940
G0 Z5.000 F500.000
G0 X97.510 Y62.210 F3000.000
G1 Z1.000 F500.000
G4 P100
G1 X97.359 Y62.055 F1000.000
G1 X97.247 Y61.579
G1 X97.212 Y60.274
G1 X97.179 Y60.921
G1 X97.262 Y61.272
G1 X98.350 Y61.209
G1 X98.665 Y62.158
G1 X98.350 Y61.209
G1 X98.436 Y60.393
G1 X98.694 Y60.311
G1 X98.977 Y60.394
G1 X99.367 Y60.736
G1 X99.500 Y61.001
G0 Z5.000 F500.000
G0 X101.186 Y61.504 F3000.000
G1 Z1.000 F500.000
G4 P100
G1 X101.276 Y61.798 F1000.000
G1 X101.162 Y62.059
G1 X100.893 Y62.135
G1 X100.604 Y62.026
G1 X100.309 Y61.622
G1 X100.161 Y60.960
G1 X99.658 Y60.772
G1 X99.624 Y60.347
G1 X99.596 Y61.474
G1 X99.725 Y62.036
G1 X99.902 Y62.224
G1 X99.728 Y62.042
G1 X99.605 Y61.531
G1 X99.560 Y61.066
G1 X99.658 Y60.772
G1 X100.161 Y60.960
G1 X100.515 Y60.430
G1 X101.024 Y60.288
G1 X101.473 Y60.514
G1 X101.826 Y61.004
G0 Z5.000 F500.000
G0 X102.994 Y60.738 F3000.000
G1 Z1.000 F500.000
G4 P100
G1 X103.209 Y61.917 F1000.000
G1 X102.713 Y62.141
G1 X102.259 Y61.887
G1 X101.932 Y61.397
G1 X101.826 Y60.768
G1 X102.005 Y60.373
G1 X102.429 Y60.313
G1 X102.994 Y60.738
G1 X103.223 Y60.365
G1 X103.514 Y60.321
G1 X103.940 Y60.623
G1 X104.175 Y61.004
G0 Z5.000 F500.000
G0 X104.448 Y61.900 F3000.000
G1 Z1.000 F500.000
G4 P100
G1 X104.489 Y61.939 F1000.000
G0 Z5.000 F500.000
G0 X104.314 Y60.513 F3000.000
G1 Z1.000 F500.000
G4 P100
G1 X104.277 Y60.476 F1000.000
G0 Z5.000 F500.000
G0 X107.264 Y62.224 F3000.000
G1 Z1.000 F500.000
G4 P100
G1 X107.087 Y62.035 F1000.000
G1 X106.950 Y61.420
G1 X107.030 Y60.847
G1 X106.984 Y60.340
G1 X107.030 Y60.847
G1 X107.333 Y61.045
G1 X107.754 Y61.753
G1 X108.050 Y61.918
G1 X108.274 Y61.873
G1 X108.180 Y60.600
G1 X108.255 Y60.397
G1 X108.449 Y60.317
G1 X108.877 Y60.427
G1 X109.231 Y60.765
G1 X109.441 Y61.163
G1 X110.124 Y61.467
G1 X110.585 Y61.460
G1 X110.723 Y61.377
G1 X110.698 Y60.954
G1 X110.500 Y60.541
G1 X110.227 Y60.337
G1 X109.888 Y60.296
G1 X109.594 Y60.432
G1 X109.398 Y60.710
G1 X109.331 Y61.128
G1 X109.410 Y61.579
G1 X109.609 Y61.901
G1 X109.909 Y62.090
G1 X110.177 Y62.118
G1 X110.398 Y62.013
G1 X110.755 Y61.233
G1 X111.153 Y61.226
G1 X111.561 Y61.345
G0 Z5.000 F500.000
G0 X111.570 Y61.079 F3000.000
G1 Z1.000 F500.000
G4 P100
G1 X111.417 Y60.840 F1000.000
G1 X111.445 Y60.494
G1 X111.616 Y60.326
G1 X111.890 Y60.342
G1 X112.175 Y60.605
G1 X112.634 Y61.568
G1 X113.022 Y61.990
G1 X112.956 Y61.834
G1 X113.100 Y61.509
G1 X113.106 Y60.749
G1 X113.256 Y60.369
G1 X113.514 Y60.298
G1 X113.797 Y60.387
G1 X114.165 Y60.752
G1 X114.282 Y61.001
G0 Z5.000 F500.000
G0 X115.755 Y61.233 F3000.000
G1 Z1.000 F500.000
G4 P100
G1 X115.572 Y60.643 F1000.000
G1 X115.213 Y60.332
G1 X114.736 Y60.342
G1 X114.398 Y60.710
G1 X114.331 Y61.142
G1 X114.415 Y61.593
G1 X114.624 Y61.917
G1 X114.930 Y62.096
G1 X115.192 Y62.115
G1 X115.403 Y62.008
G1 X115.755 Y61.233
G1 X116.153 Y61.226
G1 X116.561 Y61.345
G0 Z5.000 F500.000
G0 X116.582 Y60.945 F3000.000
G1 Z1.000 F500.000
G4 P100
G1 X116.492 Y60.644 F1000.000
G1 X116.592 Y60.393
G1 X116.862 Y60.297
G1 X117.146 Y60.395
G1 X117.412 Y60.757
G1 X117.605 Y61.407
G1 X117.297 Y62.054
G1 X117.043 Y62.113
G1 X116.832 Y61.971
G1 X116.780 Y61.790
G1 X116.952 Y62.083
G1 X117.297 Y62.054
G1 X117.605 Y61.407
G1 X118.003 Y61.497
G1 X118.123 Y62.076
G1 X118.259 Y62.215
G1 X118.123 Y62.076
G1 X118.003 Y61.497
G1 X118.100 Y60.818
G1 X118.005 Y60.257
G1 X118.100 Y60.818
G1 X118.547 Y61.060
G1 X118.754 Y61.764
G1 X119.122 Y62.111
G1 X119.519 Y62.059
G1 X119.626 Y61.688
G1 X119.565 Y61.526
G1 X119.613 Y61.914
G1 X119.362 Y62.130
G1 X119.055 Y62.082
G1 X118.799 Y61.840
G1 X118.547 Y61.060
G1 X118.831 Y60.488
G1 X119.163 Y60.299
G1 X119.545 Y60.328
G1 X119.998 Y60.680
G1 X120.183 Y61.006
G0 Z5.000 F500.000
G0 X120.228 Y60.894 F3000.000
G1 Z1.000 F500.000
G4 P100
G1 X120.915 Y61.091 F1000.000
G1 X121.296 Y61.431
G1 X121.366 Y61.699
G1 X121.307 Y61.946
G1 X121.149 Y62.091
G1 X120.899 Y62.136
G1 X120.486 Y61.952
G1 X120.215 Y61.499
G1 X120.172 Y61.044
G1 X120.251 Y60.678
G1 X120.398 Y60.472
G1 X120.805 Y60.288
G1 X121.326 Y60.326
G1 X121.905 Y60.648
G1 X122.147 Y61.001
G0 Z5.000 F500.000
G0 X122.532 Y62.210 F3000.000
G1 Z1.000 F500.000
G4 P100
G1 X122.381 Y62.055 F1000.000
G1 X122.269 Y61.579
G1 X122.234 Y60.274
G1 X122.201 Y60.921
G1 X122.284 Y61.272
G1 X123.372 Y61.209
G1 X123.687 Y62.158
G1 X123.372 Y61.209
G1 X123.458 Y60.393
G1 X123.716 Y60.311
G1 X123.999 Y60.394
G1 X124.389 Y60.736
G1 X124.522 Y61.001
G0 Z5.000 F500.000
G0 X124.939 Y62.215 F3000.000
G1 Z1.000 F500.000
G4 P100
G1 X124.761 Y62.010 F1000.000
G1 X124.588 Y61.134
G1 X124.595 Y60.689
G1 X124.751 Y60.421
G1 X125.017 Y60.477
G1 X125.340 Y60.859
G1 X125.628 Y60.979
G1 X125.901 Y62.012
G1 X126.025 Y62.183
G1 X125.901 Y62.012
G1 X125.628 Y60.979
G1 X125.771 Y60.410
G1 X126.003 Y60.312
G1 X126.303 Y60.387
G1 X126.702 Y60.740
G1 X126.831 Y60.999
G0 Z5.000 F500.000
G0 X126.878 Y60.894 F3000.000
G1 Z1.000 F500.000
G4 P100
G1 X127.565 Y61.091 F1000.000
G1 X127.946 Y61.431
G1 X128.016 Y61.699
G1 X127.957 Y61.946
G1 X127.799 Y62.091
G1 X127.549 Y62.136
G1 X127.136 Y61.952
G1 X126.865 Y61.499
G1 X126.822 Y61.044
G1 X126.901 Y60.678
G1 X127.048 Y60.472
G1 X127.455 Y60.288
G1 X127.976 Y60.326
G1 X128.555 Y60.648
G1 X128.797 Y61.001
G0 Z5.000 F500.000
G0 X131.224 Y61.524 F3000.000
G1 Z1.000 F500.000
G4 P100
G1 X131.289 Y61.869 F1000.000
G1 X131.134 Y62.090
G1 X130.682 Y62.063
G1 X130.399 Y61.797
G1 X130.207 Y61.019
G1 X130.301 Y60.631
G1 X130.507 Y60.398
G1 X130.892 Y60.298
G1 X131.420 Y60.399
G1 X131.880 Y60.718
G1 X132.049 Y61.035
G0 Z5.000 F500.000
G0 X132.442 Y62.224 F3000.000
G1 Z1.000 F500.000
G4 P100
G1 X132.265 Y62.035 F1000.000
G1 X132.132 Y61.436
G1 X132.161 Y60.340
G1 X132.205 Y60.857
G1 X132.508 Y61.055
G1 X132.902 Y61.752
G1 X133.242 Y61.927
G1 X133.386 Y61.915
G1 X133.430 Y61.693
G1 X133.399 Y60.325
G1 X133.469 Y60.884
G1 X133.741 Y61.051
G1 X134.109 Y61.680
G1 X134.418 Y61.903
G1 X134.699 Y61.867
G1 X134.591 Y60.699
G1 X134.696 Y60.376
G1 X134.972 Y60.310
G1 X135.246 Y60.397
G1 X135.620 Y60.734
G1 X135.759 Y61.004
G0 Z5.000 F500.000
G0 X136.843 Y60.542 F3000.000
G1 Z1.000 F500.000
G4 P100
G1 X137.155 Y61.309 F1000.000
G1 X137.100 Y61.930
G1 X136.926 Y62.093
G1 X136.697 Y62.122
G1 X135.956 Y61.770
G1 X135.917 Y62.110
G1 X135.899 Y61.033
G1 X135.800 Y60.630
G1 X135.939 Y60.279
G1 X135.728 Y58.797
G1 X135.476 Y58.131
G1 X135.281 Y58.015
G1 X135.069 Y58.054
G1 X134.905 Y58.409
G1 X134.955 Y59.050
G1 X135.345 Y60.230
G1 X135.575 Y60.543
G1 X135.800 Y60.630
G1 X136.003 Y60.269
G1 X136.373 Y60.298
G1 X136.843 Y60.542
G1 X137.098 Y60.328
G1 X137.446 Y60.322
G1 X137.923 Y60.624
G1 X138.266 Y61.174
G1 X138.450 Y61.308
G1 X138.947 Y61.472
G1 X139.408 Y61.461
G1 X139.577 Y61.233
G1 X139.510 Y60.918
G1 X139.349 Y60.576
G1 X139.089 Y60.355
G1 X138.783 Y60.289
G1 X138.494 Y60.377
G1 X138.274 Y60.599
G1 X138.166 Y60.923
G1 X138.173 Y61.353
G1 X138.297 Y61.719
G1 X138.524 Y61.983
G1 X138.831 Y62.115
G1 X139.239 Y61.992
G1 X139.577 Y61.233
G1 X139.975 Y61.226
G1 X140.383 Y61.345
G0 Z5.000 F500.000
G0 X142.106 Y61.504 F3000.000
G1 Z1.000 F500.000
G4 P100
G1 X142.196 Y61.798 F1000.000
G1 X142.081 Y62.059
G1 X141.813 Y62.135
G1 X141.523 Y62.026
G1 X141.229 Y61.622
G1 X141.080 Y60.960
G1 X140.577 Y60.772
G1 X140.543 Y60.347
G1 X140.515 Y61.474
G1 X140.645 Y62.036
G1 X140.822 Y62.224
G1 X140.647 Y62.042
G1 X140.524 Y61.531
G1 X140.479 Y61.066
G1 X140.577 Y60.772
G1 X141.080 Y60.960
G1 X141.434 Y60.430
G1 X141.943 Y60.288
G1 X142.392 Y60.514
G1 X142.745 Y61.004
G0 Z5.000 F500.000
G0 X144.532 Y62.210 F3000.000
G1 Z1.000 F500.000
G4 P100
G1 X144.381 Y62.055 F1000.000
G1 X144.269 Y61.579
G1 X144.234 Y60.274
G1 X144.201 Y60.921
G1 X144.283 Y61.272
G1 X145.371 Y61.209
G1 X145.686 Y62.158
G1 X145.371 Y61.209
G1 X145.457 Y60.393
G1 X145.715 Y60.311
G1 X145.999 Y60.394
G1 X146.388 Y60.736
G1 X146.521 Y61.001
G0 Z5.000 F500.000
G0 X146.567 Y60.894 F3000.000
G1 Z1.000 F500.000
G4 P100
G1 X147.254 Y61.091 F1000.000
G1 X147.635 Y61.431
G1 X147.706 Y61.699
G1 X147.646 Y61.946
G1 X147.489 Y62.091
G1 X147.239 Y62.136
G1 X146.826 Y61.952
G1 X146.554 Y61.499
G1 X146.511 Y61.044
G1 X146.590 Y60.678
G1 X146.737 Y60.472
G1 X147.145 Y60.288
G1 X147.665 Y60.326
G1 X148.244 Y60.648
G1 X148.486 Y61.001
G0 Z5.000 F500.000
G0 X21.440 Y49.666 F3000.000
G1 Z1.000 F500.000
G4 P100
G1 X21.436 Y49.249 F1000.000
G1 X21.060 Y48.253
G1 X20.749 Y47.952
G1 X20.389 Y47.975
G1 X20.235 Y48.304
G1 X20.395 Y48.815
G1 X21.060 Y49.549
G1 X21.440 Y49.666
G1 X21.699 Y50.226
G1 X21.592 Y50.448
G1 X21.865 Y51.793
G1 X21.425 Y52.055
G1 X21.104 Y51.933
G1 X20.815 Y51.677
G1 X20.580 Y51.265
G1 X20.486 Y50.794
G1 X20.541 Y50.442
G1 X20.755 Y50.222
G1 X21.031 Y50.205
G1 X21.592 Y50.448
G1 X21.702 Y50.233
G1 X21.948 Y50.255
G1 X22.754 Y50.843
G0 Z5.000 F500.000
G0 X24.294 Y51.136 F3000.000
G1 Z1.000 F500.000
G4 P100
G1 X24.111 Y50.546 F1000.000
G1 X23.753 Y50.235
G1 X23.275 Y50.245
G1 X22.937 Y50.613
G1 X22.871 Y51.045
G1 X22.955 Y51.496
G1 X23.164 Y51.820
G1 X23.469 Y51.999
G1 X23.731 Y52.018
G1 X23.942 Y51.911
G1 X24.294 Y51.136
G1 X24.692 Y51.129
G1 X25.100 Y51.248
G0 Z5.000 F500.000
G0 X25.109 Y50.982 F3000.000
G1 Z1.000 F500.000
G4 P100
G1 X24.956 Y50.743 F1000.000
G1 X24.984 Y50.397
G1 X25.155 Y50.229
G1 X25.429 Y50.245
G1 X25.714 Y50.508
G1 X26.173 Y51.471
G1 X26.562 Y51.893
G1 X26.496 Y51.737
G1 X26.634 Y51.441
G1 X26.642 Y50.681
G1 X26.775 Y50.291
G1 X27.031 Y50.201
G1 X27.317 Y50.279
G1 X27.699 Y50.649
G1 X27.820 Y50.897
G1 X27.831 Y50.352
G1 X28.001 Y50.223
G1 X28.262 Y50.215
G1 X28.640 Y50.549
G1 X28.889 Y51.310
G1 X28.582 Y51.957
G1 X28.334 Y52.017
G1 X28.124 Y51.886
G1 X28.064 Y51.693
G1 X28.236 Y51.986
G1 X28.582 Y51.957
G1 X28.889 Y51.310
G1 X29.287 Y51.400
G1 X29.407 Y51.979
G1 X29.543 Y52.118
G1 X29.407 Y51.979
G1 X29.287 Y51.400
G1 X29.385 Y50.721
G1 X29.290 Y50.160
G1 X29.385 Y50.721
G1 X29.832 Y50.963
G1 X30.038 Y51.667
G1 X30.407 Y52.014
G1 X30.804 Y51.962
G1 X30.911 Y51.591
G1 X30.850 Y51.429
G1 X30.897 Y51.817
G1 X30.647 Y52.033
G1 X30.340 Y51.985
G1 X30.083 Y51.743
G1 X29.832 Y50.963
G1 X30.115 Y50.391
G1 X30.447 Y50.202
G1 X30.829 Y50.231
G1 X31.283 Y50.583
G1 X31.467 Y50.909
G0 Z5.000 F500.000
G0 X31.852 Y52.113 F3000.000
G1 Z1.000 F500.000
G4 P100
G1 X31.701 Y51.958 F1000.000
G1 X31.589 Y51.482
G1 X31.554 Y50.177
G1 X31.521 Y50.824
G1 X31.603 Y51.175
G1 X32.691 Y51.112
G1 X33.006 Y52.061
G1 X32.691 Y51.112
G1 X32.708 Y50.473
G1 X32.881 Y50.236
G1 X33.356 Y50.320
G1 X33.731 Y50.667
G1 X33.941 Y51.066
G1 X34.625 Y51.369
G1 X35.085 Y51.363
G1 X35.222 Y51.280
G1 X35.191 Y50.835
G1 X34.985 Y50.428
G1 X34.706 Y50.233
G1 X34.373 Y50.201
G1 X34.082 Y50.345
G1 X33.892 Y50.627
G1 X33.831 Y51.045
G1 X33.912 Y51.489
G1 X34.113 Y51.810
G1 X34.415 Y51.995
G1 X34.684 Y52.020
G1 X34.902 Y51.911
G1 X35.254 Y51.136
G1 X35.652 Y51.129
G1 X36.060 Y51.248
G0 Z5.000 F500.000
G0 X41.824 Y52.127 F3000.000
G1 Z1.000 F500.000
G4 P100
G1 X41.647 Y51.938 F1000.000
G1 X41.509 Y51.323
G1 X41.589 Y50.750
G1 X41.543 Y50.243
G1 X41.589 Y50.750
G1 X41.868 Y50.921
G1 X42.251 Y51.583
G1 X42.573 Y51.812
G1 X42.787 Y51.836
G1 X42.840 Y51.745
G1 X42.734 Y50.598
G1 X42.842 Y50.278
G1 X43.117 Y50.214
G1 X43.393 Y50.302
G1 X43.763 Y50.634
G1 X43.901 Y50.904
G0 Z5.000 F500.000
G0 X43.947 Y50.797 F3000.000
G1 Z1.000 F500.000
G4 P100
G1 X44.634 Y50.994 F1000.000
G1 X45.015 Y51.334
G1 X45.086 Y51.602
G1 X45.026 Y51.849
G1 X44.869 Y51.994
G1 X44.619 Y52.039
G1 X44.206 Y51.855
G1 X43.934 Y51.402
G1 X43.891 Y50.947
G1 X43.970 Y50.581
G1 X44.117 Y50.375
G1 X44.525 Y50.191
G1 X45.045 Y50.229
G1 X45.624 Y50.551
G1 X45.866 Y50.904
G0 Z5.000 F500.000
G0 X46.950 Y50.445 F3000.000
G1 Z1.000 F500.000
G4 P100
G1 X47.263 Y51.212 F1000.000
G1 X47.207 Y51.833
G1 X47.033 Y51.996
G1 X46.804 Y52.025
G1 X46.064 Y51.673
G1 X46.025 Y52.013
G1 X46.006 Y50.936
G1 X45.907 Y50.533
G1 X46.047 Y50.182
G1 X45.835 Y48.700
G1 X45.583 Y48.034
G1 X45.388 Y47.918
G1 X45.176 Y47.957
G1 X45.015 Y48.291
G1 X45.048 Y48.881
G1 X45.279 Y49.698
G1 X45.613 Y50.393
G1 X45.907 Y50.533
G1 X46.047 Y50.182
G1 X46.139 Y50.169
G1 X46.494 Y50.206
G1 X46.950 Y50.445
G1 X47.198 Y50.234
G1 X47.524 Y50.219
G1 X47.976 Y50.476
G1 X48.276 Y50.916
G0 Z5.000 F500.000
G0 X48.317 Y50.797 F3000.000
G1 Z1.000 F500.000
G4 P100
G1 X49.004 Y50.994 F1000.000
G1 X49.385 Y51.334
G1 X49.456 Y51.602
G1 X49.396 Y51.849
G1 X49.239 Y51.994
G1 X48.989 Y52.039
G1 X48.576 Y51.855
G1 X48.304 Y51.402
G1 X48.261 Y50.947
G1 X48.340 Y50.581
G1 X48.487 Y50.375
G1 X48.895 Y50.191
G1 X49.415 Y50.229
G1 X49.994 Y50.551
G1 X50.236 Y50.904
G0 Z5.000 F500.000
G0 X51.261 Y51.427 F3000.000
G1 Z1.000 F500.000
G4 P100
G1 X51.326 Y51.772 F1000.000
G1 X51.171 Y51.993
G1 X50.719 Y51.966
G1 X50.436 Y51.700
G1 X50.244 Y50.922
G1 X50.338 Y50.534
G1 X50.544 Y50.301
G1 X50.929 Y50.201
G1 X51.457 Y50.302
G1 X51.917 Y50.621
G1 X52.086 Y50.938
G0 Z5.000 F500.000
G0 X52.122 Y50.797 F3000.000
G1 Z1.000 F500.000
G4 P100
G1 X52.809 Y50.994 F1000.000
G1 X53.190 Y51.334
G1 X53.261 Y51.602
G1 X53.201 Y51.849
G1 X53.044 Y51.994
G1 X52.794 Y52.039
G1 X52.381 Y51.855
G1 X52.109 Y51.402
G1 X52.066 Y50.947
G1 X52.145 Y50.581
G1 X52.292 Y50.375
G1 X52.700 Y50.191
G1 X53.220 Y50.229
G1 X53.799 Y50.551
G1 X54.041 Y50.904
G0 Z5.000 F500.000
G0 X55.728 Y51.407 F3000.000
G1 Z1.000 F500.000
G4 P100
G1 X55.818 Y51.701 F1000.000
G1 X55.703 Y51.962
G1 X55.435 Y52.038
G1 X55.145 Y51.929
G1 X54.851 Y51.525
G1 X54.702 Y50.863
G1 X54.200 Y50.675
G1 X54.165 Y50.250
G1 X54.137 Y51.377
G1 X54.267 Y51.939
G1 X54.444 Y52.127
G1 X54.270 Y51.945
G1 X54.146 Y51.434
G1 X54.102 Y50.969
G1 X54.200 Y50.675
G1 X54.702 Y50.863
G1 X55.056 Y50.333
G1 X55.565 Y50.191
G1 X56.015 Y50.417
G1 X56.368 Y50.907
G0 Z5.000 F500.000
G0 X57.535 Y50.641 F3000.000
G1 Z1.000 F500.000
G4 P100
G1 X57.750 Y51.820 F1000.000
G1 X57.255 Y52.044
G1 X56.800 Y51.790
G1 X56.473 Y51.300
G1 X56.367 Y50.671
G1 X56.546 Y50.276
G1 X56.971 Y50.216
G1 X57.535 Y50.641
G1 X57.765 Y50.268
G1 X58.056 Y50.224
G1 X58.481 Y50.526
G1 X58.717 Y50.907
G0 Z5.000 F500.000
G0 X59.119 Y52.127 F3000.000
G1 Z1.000 F500.000
G4 P100
G1 X58.943 Y51.938 F1000.000
G1 X58.809 Y51.339
G1 X58.838 Y50.243
G1 X58.882 Y50.760
G1 X59.185 Y50.958
G1 X59.580 Y51.655
G1 X59.919 Y51.830
G1 X60.063 Y51.818
G1 X60.107 Y51.596
G1 X60.076 Y50.228
G1 X60.147 Y50.787
G1 X60.418 Y50.954
G1 X60.787 Y51.583
G1 X61.095 Y51.806
G1 X61.376 Y51.770
G1 X61.268 Y50.602
G1 X61.374 Y50.279
G1 X61.649 Y50.213
G1 X61.923 Y50.300
G1 X62.297 Y50.637
G1 X62.437 Y50.907
G0 Z5.000 F500.000
G0 X63.805 Y50.377 F3000.000
G1 Z1.000 F500.000
G4 P100
G1 X63.947 Y50.915 F1000.000
G1 X63.875 Y51.180
G1 X63.607 Y51.376
G1 X63.294 Y51.365
G1 X63.012 Y51.231
G1 X62.820 Y51.401
G1 X62.619 Y51.625
G1 X62.710 Y51.960
G1 X62.863 Y52.096
G1 X62.699 Y51.933
G1 X62.574 Y51.193
G1 X62.651 Y51.076
G1 X63.012 Y51.231
G1 X62.651 Y51.076
G1 X62.595 Y51.124
G1 X62.520 Y50.854
G1 X62.608 Y50.503
G1 X62.831 Y50.276
G1 X63.209 Y50.178
G1 X63.773 Y50.397
G1 X64.012 Y50.220
G1 X64.330 Y50.234
G1 X64.760 Y50.512
G1 X65.021 Y50.904
G0 Z5.000 F500.000
G0 X71.759 Y51.136 F3000.000
G1 Z1.000 F500.000
G4 P100
G1 X71.576 Y50.546 F1000.000
G1 X71.218 Y50.235
G1 X70.740 Y50.245
G1 X70.402 Y50.613
G1 X70.336 Y51.045
G1 X70.420 Y51.496
G1 X70.629 Y51.820
G1 X70.934 Y51.999
G1 X71.196 Y52.018
G1 X71.407 Y51.911
G1 X71.759 Y51.136
G1 X72.157 Y51.129
G1 X72.565 Y51.248
G0 Z5.000 F500.000
G0 X74.222 Y54.195 F3000.000
G1 Z1.000 F500.000
G4 P100
G1 X73.227 Y53.893 F1000.000
G1 X72.985 Y53.587
G1 X73.092 Y53.221
G1 X73.886 Y52.198
G1 X73.922 Y51.462
G1 X74.041 Y51.151
G1 X73.876 Y50.729
G1 X73.615 Y50.361
G1 X73.262 Y50.199
G1 X72.880 Y50.274
G1 X72.662 Y50.573
G1 X72.623 Y51.009
G1 X72.712 Y51.445
G1 X72.916 Y51.773
G1 X73.202 Y51.955
G1 X73.885 Y51.881
G1 X74.041 Y51.151
G1 X74.470 Y51.120
G1 X74.940 Y51.261
G0 Z5.000 F500.000
G0 X74.939 Y50.982 F3000.000
G1 Z1.000 F500.000
G4 P100
G1 X74.786 Y50.743 F1000.000
G1 X74.814 Y50.397
G1 X74.985 Y50.229
G1 X75.259 Y50.245
G1 X75.544 Y50.508
G1 X76.003 Y51.471
G1 X76.392 Y51.893
G1 X76.326 Y51.737
G1 X76.469 Y51.412
G1 X76.476 Y50.652
G1 X76.626 Y50.272
G1 X76.883 Y50.201
G1 X77.166 Y50.290
G1 X77.534 Y50.655
G1 X77.651 Y50.904
G0 Z5.000 F500.000
G0 X78.880 Y50.641 F3000.000
G1 Z1.000 F500.000
G4 P100
G1 X79.095 Y51.820 F1000.000
G1 X78.600 Y52.044
G1 X78.145 Y51.790
G1 X77.818 Y51.300
G1 X77.712 Y50.671
G1 X77.891 Y50.276
G1 X78.316 Y50.216
G1 X78.880 Y50.641
G1 X79.110 Y50.268
G1 X79.401 Y50.224
G1 X79.826 Y50.526
G1 X80.062 Y50.907
G0 Z5.000 F500.000
G0 X81.086 Y51.427 F3000.000
G1 Z1.000 F500.000
G4 P100
G1 X81.151 Y51.772 F1000.000
G1 X80.996 Y51.993
G1 X80.544 Y51.966
G1 X80.261 Y51.700
G1 X80.069 Y50.922
G1 X80.163 Y50.534
G1 X80.369 Y50.301
G1 X80.754 Y50.201
G1 X81.282 Y50.302
G1 X81.742 Y50.621
G1 X81.911 Y50.938
G0 Z5.000 F500.000
G0 X82.304 Y52.127 F3000.000
G1 Z1.000 F500.000
G4 P100
G1 X82.128 Y51.938 F1000.000
G1 X81.994 Y51.339
G1 X82.023 Y50.243
G1 X82.067 Y50.760
G1 X82.370 Y50.958
G1 X82.765 Y51.655
G1 X83.104 Y51.830
G1 X83.248 Y51.818
G1 X83.292 Y51.596
G1 X83.261 Y50.228
G1 X83.332 Y50.787
G1 X83.603 Y50.954
G1 X83.972 Y51.583
G1 X84.280 Y51.806
G1 X84.561 Y51.770
G1 X84.453 Y50.602
G1 X84.559 Y50.279
G1 X84.834 Y50.213
G1 X85.108 Y50.300
G1 X85.482 Y50.637
G1 X85.622 Y50.907
G0 Z5.000 F500.000
G0 X86.990 Y50.377 F3000.000
G1 Z1.000 F500.000
G4 P100
G1 X87.132 Y50.915 F1000.000
G1 X87.060 Y51.180
G1 X86.792 Y51.376
G1 X86.479 Y51.365
G1 X86.197 Y51.231
G1 X86.005 Y51.401
G1 X85.804 Y51.625
G1 X85.895 Y51.960
G1 X86.048 Y52.096
G1 X85.884 Y51.933
G1 X85.759 Y51.193
G1 X85.836 Y51.076
G1 X86.197 Y51.231
G1 X85.836 Y51.076
G1 X85.780 Y51.124
G1 X85.705 Y50.854
G1 X85.793 Y50.503
G1 X86.016 Y50.276
G1 X86.394 Y50.178
G1 X86.958 Y50.397
G1 X87.197 Y50.220
G1 X87.515 Y50.234
G1 X87.945 Y50.512
G1 X88.206 Y50.904
G0 Z5.000 F500.000
G0 X93.948 Y52.118 F3000.000
G1 Z1.000 F500.000
G4 P100
G1 X93.768 Y51.906 F1000.000
G1 X93.589 Y50.942
G1 X93.622 Y50.529
G1 X93.806 Y50.307
G1 X94.080 Y50.418
G1 X94.378 Y50.784
G1 X94.637 Y50.882
G1 X94.910 Y51.915
G1 X95.035 Y52.086
G1 X94.910 Y51.915
G1 X94.637 Y50.882
G1 X94.754 Y50.357
G1 X94.968 Y50.219
G1 X95.350 Y50.313
G1 X95.767 Y50.719
G1 X95.857 Y51.103
G1 X95.833 Y51.719
G1 X95.957 Y51.895
G1 X96.266 Y52.057
G1 X96.620 Y52.107
G1 X96.903 Y52.045
G1 X97.061 Y51.870
G1 X97.082 Y51.545
G1 X96.921 Y51.237
G1 X95.922 Y50.628
G1 X96.617 Y50.008
G1 X96.666 Y49.312
G1 X96.517 Y48.732
G1 X96.247 Y48.231
G1 X95.945 Y47.959
G1 X95.617 Y47.931
G1 X95.431 Y48.086
G1 X95.392 Y48.403
G1 X95.717 Y49.142
G1 X96.250 Y49.673
G1 X96.588 Y49.798
G1 X96.617 Y50.008
G1 X97.882 Y50.831
G0 Z5.000 F500.000
G0 X99.429 Y51.136 F3000.000
G1 Z1.000 F500.000
G4 P100
G1 X99.246 Y50.546 F1000.000
G1 X98.888 Y50.235
G1 X98.410 Y50.245
G1 X98.072 Y50.613
G1 X98.006 Y51.045
G1 X98.090 Y51.496
G1 X98.299 Y51.820
G1 X98.604 Y51.999
G1 X98.866 Y52.018
G1 X99.077 Y51.911
G1 X99.429 Y51.136
G1 X99.827 Y51.129
G1 X100.235 Y51.248
G0 Z5.000 F500.000
G0 X101.892 Y54.195 F3000.000
G1 Z1.000 F500.000
G4 P100
G1 X100.897 Y53.893 F1000.000
G1 X100.655 Y53.587
G1 X100.762 Y53.221
G1 X101.556 Y52.198
G1 X101.592 Y51.462
G1 X101.711 Y51.151
G1 X101.546 Y50.729
G1 X101.285 Y50.361
G1 X100.932 Y50.199
G1 X100.550 Y50.274
G1 X100.332 Y50.573
G1 X100.293 Y51.009
G1 X100.382 Y51.445
G1 X100.586 Y51.773
G1 X100.872 Y51.955
G1 X101.555 Y51.881
G1 X101.711 Y51.151
G1 X102.140 Y51.120
G1 X102.610 Y51.261
G0 Z5.000 F500.000
G0 X103.720 Y50.445 F3000.000
G1 Z1.000 F500.000
G4 P100
G1 X104.033 Y51.212 F1000.000
G1 X103.977 Y51.833
G1 X103.803 Y51.996
G1 X103.574 Y52.025
G1 X102.834 Y51.673
G1 X102.795 Y52.013
G1 X102.776 Y50.936
G1 X102.677 Y50.533
G1 X102.817 Y50.182
G1 X102.605 Y48.700
G1 X102.353 Y48.034
G1 X102.158 Y47.918
G1 X101.946 Y47.957
G1 X101.785 Y48.291
G1 X101.818 Y48.881
G1 X102.049 Y49.698
G1 X102.383 Y50.393
G1 X102.677 Y50.533
G1 X102.817 Y50.182
G1 X102.909 Y50.169
G1 X103.264 Y50.206
G1 X103.720 Y50.445
G1 X103.968 Y50.234
G1 X104.294 Y50.219
G1 X104.746 Y50.476
G1 X105.046 Y50.916
G0 Z5.000 F500.000
G0 X106.210 Y50.641 F3000.000
G1 Z1.000 F500.000
G4 P100
G1 X106.425 Y51.820 F1000.000
G1 X105.966 Y52.052
G1 X105.465 Y51.779
G1 X105.118 Y51.218
G1 X105.059 Y50.555
G1 X105.159 Y50.337
G1 X105.344 Y50.211
G1 X105.692 Y50.236
G1 X106.210 Y50.641
G1 X106.446 Y50.264
G1 X106.752 Y50.230
G1 X107.166 Y50.537
G1 X107.390 Y50.900
G1 X107.286 Y50.576
G1 X107.371 Y50.312
G1 X107.634 Y50.201
G1 X107.929 Y50.289
G1 X108.203 Y50.653
G1 X108.399 Y51.310
G1 X108.184 Y51.864
G1 X107.859 Y52.019
G1 X107.656 Y51.915
G1 X107.574 Y51.693
G1 X107.715 Y51.968
G1 X108.030 Y51.994
G1 X108.236 Y51.783
G1 X108.399 Y51.310
G1 X108.797 Y51.400
G1 X108.917 Y51.979
G1 X109.053 Y52.118
G1 X108.917 Y51.979
G1 X108.797 Y51.400
G1 X108.895 Y50.721
G1 X108.800 Y50.160
G1 X108.895 Y50.721
G1 X109.342 Y50.963
G1 X109.548 Y51.667
G1 X109.917 Y52.014
G1 X110.314 Y51.962
G1 X110.421 Y51.591
G1 X110.360 Y51.429
G1 X110.407 Y51.817
G1 X110.157 Y52.033
G1 X109.850 Y51.985
G1 X109.593 Y51.743
G1 X109.342 Y50.963
G1 X109.625 Y50.391
G1 X109.957 Y50.202
G1 X110.339 Y50.231
G1 X110.793 Y50.583
G1 X110.977 Y50.909
G0 Z5.000 F500.000
G0 X111.022 Y50.797 F3000.000
G1 Z1.000 F500.000
G4 P100
G1 X111.709 Y50.994 F1000.000
G1 X112.090 Y51.334
G1 X112.161 Y51.602
G1 X112.101 Y51.849
G1 X111.944 Y51.994
G1 X111.694 Y52.039
G1 X111.281 Y51.855
G1 X111.009 Y51.402
G1 X110.966 Y50.947
G1 X111.045 Y50.581
G1 X111.192 Y50.375
G1 X111.600 Y50.191
G1 X112.120 Y50.229
G1 X112.699 Y50.551
G1 X112.941 Y50.904
G0 Z5.000 F500.000
G0 X113.327 Y52.113 F3000.000
G1 Z1.000 F500.000
G4 P100
G1 X113.176 Y51.958 F1000.000
G1 X113.064 Y51.482
G1 X113.029 Y50.177
G1 X112.996 Y50.824
G1 X113.078 Y51.175
G1 X114.166 Y51.112
G1 X114.481 Y52.061
G1 X114.166 Y51.112
G1 X114.252 Y50.296
G1 X114.510 Y50.214
G1 X114.794 Y50.297
G1 X115.183 Y50.639
G1 X115.316 Y50.904
G0 Z5.000 F500.000
G0 X115.733 Y52.118 F3000.000
G1 Z1.000 F500.000
G4 P100
G1 X115.553 Y51.906 F1000.000
G1 X115.375 Y50.964
G1 X115.403 Y50.543
G1 X115.577 Y50.309
G1 X115.824 Y50.388
G1 X116.134 Y50.762
G1 X116.422 Y50.882
G1 X116.695 Y51.915
G1 X116.820 Y52.086
G1 X116.695 Y51.915
G1 X116.422 Y50.882
G1 X116.520 Y50.404
G1 X116.652 Y50.240
G1 X116.935 Y50.227
G1 X117.213 Y50.368
G1 X117.549 Y50.713
G1 X117.574 Y50.961
G1 X117.454 Y50.581
G1 X117.671 Y50.252
G1 X118.099 Y50.205
G1 X118.532 Y50.442
G1 X118.774 Y50.715
G1 X118.829 Y50.946
G1 X118.315 Y51.137
G1 X118.170 Y51.567
G1 X118.299 Y51.903
G1 X118.633 Y52.072
G1 X119.414 Y51.946
G1 X119.188 Y51.073
G1 X118.829 Y50.946
G1 X119.188 Y51.073
G1 X119.257 Y50.470
G1 X119.372 Y50.247
G1 X119.607 Y50.219
G1 X119.868 Y50.327
G1 X120.216 Y50.651
G1 X120.343 Y50.912
G0 Z5.000 F500.000
G0 X120.168 Y49.395 F3000.000
G1 Z1.000 F500.000
G4 P100
G1 X120.468 Y50.482 F1000.000
G0 Z5.000 F500.000
G0 X128.120 Y50.641 F3000.000
G1 Z1.000 F500.000
G4 P100
G1 X128.335 Y51.820 F1000.000
G1 X127.840 Y52.044
G1 X127.385 Y51.790
G1 X127.058 Y51.300
G1 X126.952 Y50.671
G1 X127.131 Y50.276
G1 X127.556 Y50.216
G1 X128.120 Y50.641
G1 X128.350 Y50.268
G1 X128.641 Y50.224
G1 X129.066 Y50.526
G1 X129.302 Y50.907
G0 Z5.000 F500.000
G0 X135.029 Y52.127 F3000.000
G1 Z1.000 F500.000
G4 P100
G1 X134.852 Y51.938 F1000.000
G1 X134.714 Y51.323
G1 X134.794 Y50.750
G1 X134.748 Y50.243
G1 X134.794 Y50.750
G1 X135.097 Y50.948
G1 X135.519 Y51.656
G1 X135.814 Y51.821
G1 X136.039 Y51.776
G1 X135.944 Y50.503
G1 X136.020 Y50.300
G1 X136.213 Y50.220
G1 X136.641 Y50.330
G1 X136.996 Y50.668
G1 X137.205 Y51.066
G1 X137.889 Y51.370
G1 X138.350 Y51.363
G1 X138.487 Y51.280
G1 X138.462 Y50.857
G1 X138.264 Y50.444
G1 X137.991 Y50.240
G1 X137.653 Y50.199
G1 X137.359 Y50.335
G1 X137.162 Y50.613
G1 X137.095 Y51.031
G1 X137.174 Y51.482
G1 X137.373 Y51.804
G1 X137.673 Y51.993
G1 X137.942 Y52.021
G1 X138.162 Y51.916
G1 X138.519 Y51.136
G1 X138.917 Y51.129
G1 X139.325 Y51.248
G0 Z5.000 F500.000
G0 X140.386 Y51.427 F3000.000
G1 Z1.000 F500.000
G4 P100
G1 X140.451 Y51.772 F1000.000
G1 X140.296 Y51.993
G1 X139.844 Y51.966
G1 X139.561 Y51.700
G1 X139.369 Y50.922
G1 X139.463 Y50.534
G1 X139.669 Y50.301
G1 X140.061 Y50.201
G1 X140.609 Y50.313
G1 X141.106 Y50.691
G1 X141.205 Y50.850
G1 X141.167 Y50.978
G1 X141.018 Y50.729
G1 X141.058 Y50.377
G1 X141.248 Y50.221
G1 X141.527 Y50.261
G1 X141.838 Y50.601
G1 X142.250 Y51.489
G1 X142.627 Y51.893
G1 X142.561 Y51.737
G1 X142.703 Y51.419
G1 X142.723 Y50.580
G1 X142.813 Y50.324
G1 X142.965 Y50.221
G1 X143.449 Y50.323
G1 X143.886 Y50.904
G1 X143.992 Y50.797
G1 X144.392 Y50.885
G1 X144.977 Y51.216
G1 X145.122 Y51.514
G1 X145.082 Y51.829
G1 X144.880 Y52.008
G1 X144.561 Y52.024
G1 X144.185 Y51.787
G1 X143.959 Y51.324
G1 X143.996 Y50.643
G1 X144.184 Y50.356
G1 X144.599 Y50.186
G1 X145.111 Y50.236
G1 X145.675 Y50.555
G1 X145.911 Y50.904
G0 Z5.000 F500.000
G0 X21.899 Y41.039 F3000.000
G1 Z1.000 F500.000
G4 P100
G1 X21.716 Y40.449 F1000.000
G1 X21.358 Y40.138
G1 X20.880 Y40.148
G1 X20.542 Y40.516
G1 X20.476 Y40.948
G1 X20.560 Y41.399
G1 X20.769 Y41.723
G1 X21.074 Y41.902
G1 X21.336 Y41.921
G1 X21.547 Y41.814
G1 X21.899 Y41.039
G1 X22.297 Y41.032
G1 X22.705 Y41.151
G0 Z5.000 F500.000
G0 X24.428 Y41.310 F3000.000
G1 Z1.000 F500.000
G4 P100
G1 X24.518 Y41.604 F1000.000
G1 X24.403 Y41.865
G1 X24.135 Y41.941
G1 X23.845 Y41.832
G1 X23.551 Y41.428
G1 X23.402 Y40.766
G1 X22.900 Y40.578
G1 X22.865 Y40.153
G1 X22.837 Y41.280
G1 X22.967 Y41.842
G1 X23.144 Y42.030
G1 X22.973 Y41.855
G1 X22.866 Y41.444
G1 X22.857 Y40.654
G1 X22.900 Y40.578
G1 X23.402 Y40.766
G1 X23.686 Y40.300
G1 X24.039 Y40.106
G1 X24.564 Y40.203
G1 X24.957 Y40.574
G1 X25.167 Y40.971
G1 X25.849 Y41.274
G1 X26.310 Y41.266
G1 X26.447 Y41.183
G1 X26.414 Y40.731
G1 X26.205 Y40.325
G1 X25.924 Y40.133
G1 X25.591 Y40.106
G1 X25.302 Y40.253
G1 X25.117 Y40.530
G1 X25.056 Y40.948
G1 X25.137 Y41.392
G1 X25.338 Y41.713
G1 X25.640 Y41.898
G1 X25.909 Y41.923
G1 X26.127 Y41.814
G1 X26.479 Y41.039
G1 X26.877 Y41.032
G1 X27.285 Y41.151
G0 Z5.000 F500.000
G0 X27.707 Y42.016 F3000.000
G1 Z1.000 F500.000
G4 P100
G1 X27.556 Y41.861 F1000.000
G1 X27.444 Y41.385
G1 X27.409 Y40.080
G1 X27.376 Y40.727
G1 X27.458 Y41.078
G1 X28.546 Y41.015
G1 X28.861 Y41.964
G1 X28.546 Y41.015
G1 X28.632 Y40.199
G1 X28.890 Y40.117
G1 X29.174 Y40.200
G1 X29.563 Y40.542
G1 X29.696 Y40.807
G0 Z5.000 F500.000
G0 X29.349 Y40.312 F3000.000
G1 Z1.000 F500.000
G4 P100
G1 X29.948 Y41.057 F1000.000
G1 X30.358 Y42.077
G1 X30.510 Y42.205
G1 X30.914 Y41.858
G1 X31.510 Y41.750
G1 X31.849 Y41.986
G1 X31.510 Y41.750
G1 X31.402 Y41.520
G1 X30.776 Y40.880
G1 X30.684 Y40.473
G1 X30.843 Y40.173
G1 X31.254 Y40.058
G1 X31.760 Y40.159
G1 X32.266 Y40.476
G1 X32.479 Y40.817
G0 Z5.000 F500.000
G0 X33.640 Y40.544 F3000.000
G1 Z1.000 F500.000
G4 P100
G1 X33.855 Y41.723 F1000.000
G1 X33.360 Y41.947
G1 X32.905 Y41.693
G1 X32.578 Y41.203
G1 X32.472 Y40.574
G1 X32.651 Y40.179
G1 X33.076 Y40.119
G1 X33.640 Y40.544
G1 X33.870 Y40.171
G1 X34.161 Y40.127
G1 X34.586 Y40.429
G1 X34.822 Y40.810
G0 Z5.000 F500.000
G0 X35.207 Y42.016 F3000.000
G1 Z1.000 F500.000
G4 P100
G1 X35.056 Y41.861 F1000.000
G1 X34.944 Y41.385
G1 X34.909 Y40.080
G1 X34.876 Y40.727
G1 X34.958 Y41.078
G1 X36.046 Y41.015
G1 X36.361 Y41.964
G1 X36.046 Y41.015
G1 X36.132 Y40.199
G1 X36.390 Y40.117
G1 X36.674 Y40.200
G1 X37.063 Y40.542
G1 X37.196 Y40.807
G0 Z5.000 F500.000
G0 X37.613 Y42.021 F3000.000
G1 Z1.000 F500.000
G4 P100
G1 X37.433 Y41.809 F1000.000
G1 X37.255 Y40.867
G1 X37.283 Y40.446
G1 X37.457 Y40.212
G1 X37.704 Y40.291
G1 X38.014 Y40.665
G1 X38.302 Y40.785
G1 X38.575 Y41.818
G1 X38.700 Y41.989
G1 X38.575 Y41.818
G1 X38.302 Y40.785
G1 X38.400 Y40.307
G1 X38.532 Y40.143
G1 X38.815 Y40.130
G1 X39.093 Y40.271
G1 X39.429 Y40.616
G1 X39.454 Y40.864
G1 X39.334 Y40.484
G1 X39.551 Y40.155
G1 X39.979 Y40.108
G1 X40.412 Y40.345
G1 X40.654 Y40.618
G1 X40.709 Y40.849
G1 X40.195 Y41.040
G1 X40.050 Y41.470
G1 X40.179 Y41.806
G1 X40.513 Y41.975
G1 X41.294 Y41.849
G1 X41.068 Y40.976
G1 X40.709 Y40.849
G1 X41.068 Y40.976
G1 X41.137 Y40.373
G1 X41.252 Y40.150
G1 X41.487 Y40.122
G1 X41.748 Y40.230
G1 X42.096 Y40.554
G1 X42.223 Y40.815
G0 Z5.000 F500.000
G0 X47.775 Y40.348 F3000.000
G1 Z1.000 F500.000
G4 P100
G1 X48.088 Y41.115 F1000.000
G1 X48.032 Y41.736
G1 X47.858 Y41.899
G1 X47.629 Y41.928
G1 X46.889 Y41.576
G1 X46.850 Y41.916
G1 X46.831 Y40.839
G1 X46.732 Y40.436
G1 X46.872 Y40.085
G1 X46.660 Y38.603
G1 X46.408 Y37.937
G1 X46.213 Y37.821
G1 X46.001 Y37.860
G1 X45.840 Y38.194
G1 X45.873 Y38.784
G1 X46.104 Y39.601
G1 X46.438 Y40.296
G1 X46.732 Y40.436
G1 X46.872 Y40.085
G1 X46.964 Y40.072
G1 X47.319 Y40.109
G1 X47.775 Y40.348
G1 X48.023 Y40.137
G1 X48.349 Y40.122
G1 X48.801 Y40.379
G1 X49.101 Y40.819
G0 Z5.000 F500.000
G0 X49.513 Y42.021 F3000.000
G1 Z1.000 F500.000
G4 P100
G1 X49.335 Y41.816 F1000.000
G1 X49.162 Y40.940
G1 X49.169 Y40.495
G1 X49.325 Y40.227
G1 X49.592 Y40.283
G1 X49.914 Y40.665
G1 X50.202 Y40.785
G1 X50.475 Y41.818
G1 X50.600 Y41.989
G1 X50.475 Y41.818
G1 X50.202 Y40.785
G1 X50.345 Y40.216
G1 X50.577 Y40.118
G1 X50.877 Y40.193
G1 X51.276 Y40.546
G1 X51.405 Y40.805
G0 Z5.000 F500.000
G0 X52.431 Y41.330 F3000.000
G1 Z1.000 F500.000
G4 P100
G1 X52.496 Y41.675 F1000.000
G1 X52.341 Y41.896
G1 X51.889 Y41.869
G1 X51.606 Y41.603
G1 X51.414 Y40.825
G1 X51.508 Y40.437
G1 X51.714 Y40.204
G1 X52.099 Y40.104
G1 X52.627 Y40.205
G1 X53.087 Y40.524
G1 X53.256 Y40.841
G0 Z5.000 F500.000
G0 X53.636 Y41.999 F3000.000
G1 Z1.000 F500.000
G4 P100
G1 X53.472 Y41.776 F1000.000
G1 X53.301 Y40.811
G1 X53.345 Y40.413
G1 X53.535 Y40.209
G1 X53.785 Y40.303
G1 X54.093 Y40.689
G1 X54.386 Y40.817
G1 X54.740 Y41.979
G1 X54.386 Y40.817
G1 X54.464 Y40.136
G1 X54.191 Y39.572
G1 X54.210 Y39.241
G1 X53.986 Y38.513
G1 X53.604 Y37.915
G1 X53.369 Y37.824
G1 X53.137 Y37.880
G1 X53.003 Y38.064
G1 X52.997 Y38.349
G1 X53.329 Y38.983
G1 X53.856 Y39.490
G1 X54.191 Y39.572
G1 X54.464 Y40.136
G1 X54.841 Y40.222
G1 X55.514 Y40.746
G0 Z5.000 F500.000
G0 X56.027 Y42.016 F3000.000
G1 Z1.000 F500.000
G4 P100
G1 X55.876 Y41.861 F1000.000
G1 X55.764 Y41.385
G1 X55.729 Y40.080
G1 X55.696 Y40.727
G1 X55.778 Y41.078
G1 X56.866 Y41.015
G1 X57.181 Y41.964
G1 X56.866 Y41.015
G1 X56.952 Y40.199
G1 X57.210 Y40.117
G1 X57.494 Y40.200
G1 X57.883 Y40.542
G1 X58.016 Y40.807
G0 Z5.000 F500.000
G0 X59.703 Y41.310 F3000.000
G1 Z1.000 F500.000
G4 P100
G1 X59.793 Y41.604 F1000.000
G1 X59.678 Y41.865
G1 X59.410 Y41.941
G1 X59.120 Y41.832
G1 X58.826 Y41.428
G1 X58.677 Y40.766
G1 X58.175 Y40.578
G1 X58.140 Y40.153
G1 X58.112 Y41.280
G1 X58.242 Y41.842
G1 X58.419 Y42.030
G1 X58.245 Y41.848
G1 X58.121 Y41.337
G1 X58.077 Y40.872
G1 X58.175 Y40.578
G1 X58.677 Y40.766
G1 X59.031 Y40.236
G1 X59.540 Y40.094
G1 X59.990 Y40.320
G1 X60.343 Y40.810
G0 Z5.000 F500.000
G0 X61.510 Y40.544 F3000.000
G1 Z1.000 F500.000
G4 P100
G1 X61.725 Y41.723 F1000.000
G1 X61.230 Y41.947
G1 X60.775 Y41.693
G1 X60.448 Y41.203
G1 X60.342 Y40.574
G1 X60.521 Y40.179
G1 X60.946 Y40.119
G1 X61.510 Y40.544
G1 X61.740 Y40.171
G1 X62.031 Y40.127
G1 X62.456 Y40.429
G1 X62.692 Y40.810
G0 Z5.000 F500.000
G0 X68.330 Y40.544 F3000.000
G1 Z1.000 F500.000
G4 P100
G1 X68.545 Y41.723 F1000.000
G1 X68.050 Y41.947
G1 X67.595 Y41.693
G1 X67.268 Y41.203
G1 X67.162 Y40.574
G1 X67.341 Y40.179
G1 X67.766 Y40.119
G1 X68.330 Y40.544
G1 X68.560 Y40.171
G1 X68.851 Y40.127
G1 X69.276 Y40.429
G1 X69.512 Y40.810
G0 Z5.000 F500.000
G0 X71.132 Y44.098 F3000.000
G1 Z1.000 F500.000
G4 P100
G1 X70.176 Y43.814 F1000.000
G1 X69.916 Y43.583
G1 X69.982 Y43.155
G1 X70.781 Y42.143
G1 X70.832 Y41.365
G1 X70.951 Y41.054
G1 X70.713 Y40.489
G1 X70.425 Y40.192
G1 X70.010 Y40.101
G1 X69.671 Y40.282
G1 X69.537 Y40.664
G1 X69.577 Y41.209
G1 X69.768 Y41.609
G1 X70.071 Y41.844
G1 X70.795 Y41.784
G1 X70.898 Y41.150
G1 X70.951 Y41.054
G1 X71.159 Y41.018
G1 X71.807 Y41.113
G1 X71.964 Y41.774
G1 X72.315 Y41.965
G1 X72.905 Y41.964
G1 X73.063 Y41.837
G1 X73.130 Y41.616
G1 X73.076 Y41.322
G1 X72.899 Y41.083
G1 X71.960 Y40.538
G1 X72.029 Y40.388
G1 X72.447 Y40.149
G1 X72.652 Y39.911
G1 X72.690 Y39.135
G1 X72.505 Y38.520
G1 X72.197 Y38.033
G1 X71.869 Y37.825
G1 X71.536 Y37.898
G1 X71.434 Y38.101
G1 X71.448 Y38.443
G1 X71.807 Y39.113
G1 X72.320 Y39.602
G1 X72.623 Y39.701
G1 X72.652 Y39.911
G1 X73.917 Y40.734
G0 Z5.000 F500.000
G0 X75.220 Y40.544 F3000.000
G1 Z1.000 F500.000
G4 P100
G1 X75.435 Y41.723 F1000.000
G1 X74.940 Y41.947
G1 X74.485 Y41.693
G1 X74.158 Y41.203
G1 X74.052 Y40.574
G1 X74.231 Y40.179
G1 X74.656 Y40.119
G1 X75.220 Y40.544
G1 X75.450 Y40.171
G1 X75.741 Y40.127
G1 X76.166 Y40.429
G1 X76.402 Y40.810
G0 Z5.000 F500.000
G0 X76.818 Y42.021 F3000.000
G1 Z1.000 F500.000
G4 P100
G1 X76.636 Y41.802 F1000.000
G1 X76.459 Y40.859
G1 X76.494 Y40.425
G1 X76.683 Y40.209
G1 X76.967 Y40.335
G1 X77.248 Y40.686
G1 X77.499 Y40.783
G1 X77.907 Y41.991
G1 X77.499 Y40.783
G1 X77.612 Y40.338
G1 X77.905 Y40.055
G1 X77.739 Y39.718
G1 X77.705 Y39.231
G1 X77.356 Y38.669
G1 X77.108 Y38.574
G1 X76.878 Y38.632
G1 X76.778 Y38.945
G1 X76.990 Y39.320
G1 X77.428 Y39.660
G1 X77.739 Y39.718
G1 X77.905 Y40.055
G1 X78.247 Y40.136
G1 X78.752 Y40.522
G0 Z5.000 F500.000
G0 X84.330 Y39.569 F3000.000
G1 Z1.000 F500.000
G4 P100
G1 X84.326 Y39.152 F1000.000
G1 X83.950 Y38.156
G1 X83.639 Y37.855
G1 X83.279 Y37.878
G1 X83.125 Y38.207
G1 X83.285 Y38.718
G1 X83.950 Y39.452
G1 X84.330 Y39.569
G1 X84.589 Y40.129
G1 X84.482 Y40.351
G1 X84.755 Y41.696
G1 X84.315 Y41.958
G1 X83.994 Y41.836
G1 X83.705 Y41.580
G1 X83.470 Y41.168
G1 X83.376 Y40.697
G1 X83.431 Y40.345
G1 X83.645 Y40.125
G1 X83.921 Y40.108
G1 X84.482 Y40.351
G1 X84.592 Y40.136
G1 X84.838 Y40.158
G1 X85.644 Y40.746
G0 Z5.000 F500.000
G0 X87.184 Y41.039 F3000.000
G1 Z1.000 F500.000
G4 P100
G1 X87.001 Y40.449 F1000.000
G1 X86.643 Y40.138
G1 X86.165 Y40.148
G1 X85.827 Y40.516
G1 X85.761 Y40.948
G1 X85.845 Y41.399
G1 X86.054 Y41.723
G1 X86.359 Y41.902
G1 X86.621 Y41.921
G1 X86.832 Y41.814
G1 X87.184 Y41.039
G1 X87.582 Y41.032
G1 X87.990 Y41.151
G0 Z5.000 F500.000
G0 X87.999 Y40.885 F3000.000
G1 Z1.000 F500.000
G4 P100
G1 X87.846 Y40.646 F1000.000
G1 X87.874 Y40.300
G1 X88.045 Y40.132
G1 X88.319 Y40.148
G1 X88.604 Y40.411
G1 X89.063 Y41.374
G1 X89.452 Y41.796
G1 X89.386 Y41.640
G1 X89.524 Y41.344
G1 X89.532 Y40.584
G1 X89.665 Y40.194
G1 X89.921 Y40.104
G1 X90.207 Y40.182
G1 X90.589 Y40.552
G1 X90.710 Y40.800
G1 X90.721 Y40.255
G1 X90.891 Y40.126
G1 X91.152 Y40.118
G1 X91.530 Y40.452
G1 X91.779 Y41.213
G1 X91.472 Y41.860
G1 X91.224 Y41.920
G1 X91.014 Y41.789
G1 X90.954 Y41.596
G1 X91.126 Y41.889
G1 X91.472 Y41.860
G1 X91.779 Y41.213
G1 X92.177 Y41.303
G1 X92.297 Y41.882
G1 X92.433 Y42.021
G1 X92.297 Y41.882
G1 X92.177 Y41.303
G1 X92.275 Y40.624
G1 X92.180 Y40.063
G1 X92.275 Y40.624
G1 X92.722 Y40.866
G1 X92.928 Y41.570
G1 X93.297 Y41.917
G1 X93.694 Y41.865
G1 X93.801 Y41.494
G1 X93.740 Y41.332
G1 X93.787 Y41.720
G1 X93.537 Y41.936
G1 X93.230 Y41.888
G1 X92.973 Y41.646
G1 X92.722 Y40.866
G1 X93.005 Y40.294
G1 X93.337 Y40.105
G1 X93.719 Y40.134
G1 X94.173 Y40.486
G1 X94.357 Y40.812
G0 Z5.000 F500.000
G0 X94.402 Y40.700 F3000.000
G1 Z1.000 F500.000
G4 P100
G1 X95.089 Y40.897 F1000.000
G1 X95.470 Y41.237
G1 X95.541 Y41.505
G1 X95.481 Y41.752
G1 X95.324 Y41.897
G1 X95.074 Y41.942
G1 X94.661 Y41.758
G1 X94.389 Y41.305
G1 X94.346 Y40.850
G1 X94.425 Y40.484
G1 X94.572 Y40.278
G1 X94.980 Y40.094
G1 X95.500 Y40.132
G1 X96.079 Y40.454
G1 X96.321 Y40.807
G0 Z5.000 F500.000
G0 X96.707 Y42.016 F3000.000
G1 Z1.000 F500.000
G4 P100
G1 X96.556 Y41.861 F1000.000
G1 X96.444 Y41.385
G1 X96.409 Y40.080
G1 X96.376 Y40.727
G1 X96.458 Y41.078
G1 X97.546 Y41.015
G1 X97.861 Y41.964
G1 X97.546 Y41.015
G1 X97.632 Y40.199
G1 X97.890 Y40.117
G1 X98.174 Y40.200
G1 X98.563 Y40.542
G1 X98.696 Y40.807
G0 Z5.000 F500.000
G0 X104.191 Y41.330 F3000.000
G1 Z1.000 F500.000
G4 P100
G1 X104.256 Y41.675 F1000.000
G1 X104.101 Y41.896
G1 X103.649 Y41.869
G1 X103.366 Y41.603
G1 X103.174 Y40.825
G1 X103.268 Y40.437
G1 X103.474 Y40.204
G1 X103.859 Y40.104
G1 X104.387 Y40.205
G1 X104.847 Y40.524
G1 X105.016 Y40.841
G0 Z5.000 F500.000
G0 X105.392 Y42.016 F3000.000
G1 Z1.000 F500.000
G4 P100
G1 X105.241 Y41.861 F1000.000
G1 X105.129 Y41.385
G1 X105.094 Y40.080
G1 X105.061 Y40.727
G1 X105.143 Y41.078
G1 X106.231 Y41.015
G1 X106.546 Y41.964
G1 X106.231 Y41.015
G1 X106.248 Y40.376
G1 X106.421 Y40.139
G1 X106.896 Y40.223
G1 X107.271 Y40.570
G1 X107.481 Y40.969
G1 X108.165 Y41.272
G1 X108.625 Y41.266
G1 X108.762 Y41.183
G1 X108.731 Y40.738
G1 X108.525 Y40.331
G1 X108.246 Y40.136
G1 X107.913 Y40.104
G1 X107.622 Y40.248
G1 X107.432 Y40.530
G1 X107.371 Y40.948
G1 X107.452 Y41.392
G1 X107.653 Y41.713
G1 X107.955 Y41.898
G1 X108.224 Y41.923
G1 X108.442 Y41.814
G1 X108.794 Y41.039
G1 X109.192 Y41.032
G1 X109.600 Y41.151
G0 Z5.000 F500.000
G0 X111.159 Y41.039 F3000.000
G1 Z1.000 F500.000
G4 P100
G1 X110.843 Y41.781 F1000.000
G1 X110.449 Y42.022
G1 X110.480 Y42.250
G1 X110.909 Y43.058
G1 X111.044 Y43.619
G1 X110.980 Y44.143
G1 X110.851 Y44.278
G1 X110.672 Y44.302
G1 X110.458 Y44.197
G1 X110.276 Y43.950
G1 X109.929 Y42.927
G1 X109.777 Y41.973
G1 X109.812 Y41.598
G1 X110.119 Y41.683
G1 X110.461 Y41.964
G1 X110.119 Y41.683
G1 X109.812 Y41.598
G1 X109.742 Y41.012
G1 X109.836 Y40.494
G1 X110.131 Y40.156
G1 X110.567 Y40.121
G1 X110.961 Y40.431
G1 X111.159 Y41.039
G1 X111.955 Y41.139
G0 Z5.000 F500.000
G0 X113.170 Y40.544 F3000.000
G1 Z1.000 F500.000
G4 P100
G1 X113.385 Y41.723 F1000.000
G1 X112.890 Y41.947
G1 X112.435 Y41.693
G1 X112.108 Y41.203
G1 X112.002 Y40.574
G1 X112.181 Y40.179
G1 X112.606 Y40.119
G1 X113.170 Y40.544
G1 X113.400 Y40.171
G1 X113.691 Y40.127
G1 X114.116 Y40.429
G1 X114.352 Y40.810
G0 Z5.000 F500.000
G0 X119.238 Y42.021 F3000.000
G1 Z1.000 F500.000
G4 P100
G1 X119.060 Y41.816 F1000.000
G1 X118.887 Y40.940
G1 X118.894 Y40.495
G1 X119.050 Y40.227
G1 X119.317 Y40.283
G1 X119.639 Y40.665
G1 X119.927 Y40.785
G1 X120.200 Y41.818
G1 X120.325 Y41.989
G1 X120.200 Y41.818
G1 X119.927 Y40.785
G1 X120.070 Y40.216
G1 X120.302 Y40.118
G1 X120.602 Y40.193
G1 X121.001 Y40.546
G1 X121.130 Y40.805
G0 Z5.000 F500.000
G0 X122.156 Y41.330 F3000.000
G1 Z1.000 F500.000
G4 P100
G1 X122.221 Y41.675 F1000.000
G1 X122.066 Y41.896
G1 X121.614 Y41.869
G1 X121.331 Y41.603
G1 X121.139 Y40.825
G1 X121.233 Y40.437
G1 X121.439 Y40.204
G1 X121.824 Y40.104
G1 X122.352 Y40.205
G1 X122.812 Y40.524
G1 X122.981 Y40.841
G0 Z5.000 F500.000
G0 X123.374 Y42.030 F3000.000
G1 Z1.000 F500.000
G4 P100
G1 X123.197 Y41.841 F1000.000
G1 X123.059 Y41.226
G1 X123.139 Y40.653
G1 X123.093 Y40.146
G1 X123.139 Y40.653
G1 X123.442 Y40.851
G1 X123.864 Y41.559
G1 X124.159 Y41.724
G1 X124.384 Y41.679
G1 X124.289 Y40.406
G1 X124.365 Y40.203
G1 X124.558 Y40.123
G1 X124.986 Y40.233
G1 X125.341 Y40.571
G1 X125.550 Y40.969
G1 X126.234 Y41.273
G1 X126.695 Y41.266
G1 X126.832 Y41.183
G1 X126.807 Y40.760
G1 X126.609 Y40.347
G1 X126.336 Y40.143
G1 X125.998 Y40.102
G1 X125.704 Y40.238
G1 X125.507 Y40.516
G1 X125.440 Y40.934
G1 X125.519 Y41.385
G1 X125.718 Y41.707
G1 X126.018 Y41.896
G1 X126.287 Y41.924
G1 X126.507 Y41.819
G1 X126.864 Y41.039
G1 X127.262 Y41.032
G1 X127.670 Y41.151
G0 Z5.000 F500.000
G0 X127.679 Y40.885 F3000.000
G1 Z1.000 F500.000
G4 P100
G1 X127.526 Y40.646 F1000.000
G1 X127.554 Y40.300
G1 X127.725 Y40.132
G1 X127.999 Y40.148
G1 X128.284 Y40.411
G1 X128.743 Y41.374
G1 X129.132 Y41.796
G1 X129.066 Y41.640
G1 X129.209 Y41.315
G1 X129.216 Y40.555
G1 X129.366 Y40.175
G1 X129.623 Y40.104
G1 X129.906 Y40.193
G1 X130.274 Y40.558
G1 X130.391 Y40.807
G0 Z5.000 F500.000
G0 X131.820 Y40.280 F3000.000
G1 Z1.000 F500.000
G4 P100
G1 X131.962 Y40.818 F1000.000
G1 X131.890 Y41.083
G1 X131.622 Y41.279
G1 X131.309 Y41.268
G1 X131.027 Y41.134
G1 X130.835 Y41.304
G1 X130.634 Y41.528
G1 X130.725 Y41.863
G1 X130.878 Y41.999
G1 X130.714 Y41.836
G1 X130.589 Y41.096
G1 X130.666 Y40.979
G1 X131.027 Y41.134
G1 X130.666 Y40.979
G1 X130.610 Y41.027
G1 X130.540 Y40.672
G1 X130.744 Y40.251
G1 X131.200 Y40.080
G1 X131.788 Y40.300
G1 X132.140 Y40.101
G1 X132.517 Y40.212
G1 X133.009 Y40.718
G1 X133.029 Y41.623
G1 X133.129 Y41.779
G1 X133.727 Y42.008
G1 X134.038 Y41.975
G1 X134.223 Y41.837
G1 X134.285 Y41.498
G1 X134.135 Y41.162
G1 X133.117 Y40.531
G1 X133.812 Y39.911
G1 X133.869 Y39.317
G1 X133.555 Y38.305
G1 X133.278 Y37.957
G1 X133.000 Y37.821
G1 X132.714 Y37.884
G1 X132.591 Y38.123
G1 X132.632 Y38.536
G1 X132.851 Y38.963
G1 X133.405 Y39.544
G1 X133.783 Y39.701
G1 X133.812 Y39.911
G1 X135.077 Y40.734
G0 Z5.000 F500.000
G0 X136.624 Y41.039 F3000.000
G1 Z1.000 F500.000
G4 P100
G1 X136.441 Y40.449 F1000.000
G1 X136.083 Y40.138
G1 X135.605 Y40.148
G1 X135.267 Y40.516
G1 X135.201 Y40.948
G1 X135.285 Y41.399
G1 X135.494 Y41.723
G1 X135.799 Y41.902
G1 X136.061 Y41.921
G1 X136.272 Y41.814
G1 X136.624 Y41.039
G1 X137.022 Y41.032
G1 X137.430 Y41.151
G0 Z5.000 F500.000
G0 X138.989 Y41.039 F3000.000
G1 Z1.000 F500.000
G4 P100
G1 X138.673 Y41.781 F1000.000
G1 X138.279 Y42.022
G1 X138.310 Y42.250
G1 X138.739 Y43.058
G1 X138.874 Y43.619
G1 X138.810 Y44.143
G1 X138.681 Y44.278
G1 X138.502 Y44.302
G1 X138.288 Y44.197
G1 X138.106 Y43.950
G1 X137.759 Y42.927
G1 X137.607 Y41.973
G1 X137.642 Y41.598
G1 X137.949 Y41.683
G1 X138.291 Y41.964
G1 X137.949 Y41.683
G1 X137.642 Y41.598
G1 X137.572 Y41.012
G1 X137.666 Y40.494
G1 X137.961 Y40.156
G1 X138.397 Y40.121
G1 X138.791 Y40.431
G1 X138.989 Y41.039
G1 X139.785 Y41.139
G0 Z5.000 F500.000
G0 X141.000 Y40.544 F3000.000
G1 Z1.000 F500.000
G4 P100
G1 X141.215 Y41.723 F1000.000
G1 X140.720 Y41.947
G1 X140.265 Y41.693
G1 X139.938 Y41.203
G1 X139.832 Y40.574
G1 X140.011 Y40.179
G1 X140.436 Y40.119
G1 X141.000 Y40.544
G1 X141.230 Y40.171
G1 X141.521 Y40.127
G1 X141.946 Y40.429
G1 X142.182 Y40.810
G0 Z5.000 F500.000
G0 X142.584 Y42.030 F3000.000
G1 Z1.000 F500.000
G4 P100
G1 X142.408 Y41.841 F1000.000
G1 X142.274 Y41.242
G1 X142.303 Y40.146
G1 X142.347 Y40.663
G1 X142.650 Y40.861
G1 X143.045 Y41.558
G1 X143.384 Y41.733
G1 X143.528 Y41.721
G1 X143.572 Y41.499
G1 X143.541 Y40.131
G1 X143.612 Y40.690
G1 X143.883 Y40.857
G1 X144.252 Y41.486
G1 X144.560 Y41.709
G1 X144.841 Y41.673
G1 X144.733 Y40.505
G1 X144.839 Y40.182
G1 X145.114 Y40.116
G1 X145.388 Y40.203
G1 X145.762 Y40.540
G1 X145.902 Y40.810
G0 Z5.000 F500.000
G0 X147.270 Y40.280 F3000.000
G1 Z1.000 F500.000
G4 P100
G1 X147.412 Y40.818 F1000.000
G1 X147.340 Y41.083
G1 X147.072 Y41.279
G1 X146.759 Y41.268
G1 X146.477 Y41.134
G1 X146.285 Y41.304
G1 X146.084 Y41.528
G1 X146.175 Y41.863
G1 X146.328 Y41.999
G1 X146.164 Y41.836
G1 X146.039 Y41.096
G1 X146.116 Y40.979
G1 X146.477 Y41.134
G1 X146.116 Y40.979
G1 X146.060 Y41.027
G1 X145.985 Y40.757
G1 X146.073 Y40.406
G1 X146.296 Y40.179
G1 X146.674 Y40.081
G1 X147.238 Y40.300
G1 X147.477 Y40.123
G1 X147.795 Y40.137
G1 X148.225 Y40.415
G1 X148.486 Y40.807
G0 Z5.000 F500.000
G0 X83.404 Y16.566 F3000.000
G1 Z1.000 F500.000
G4 P100
G1 X84.271 Y16.575 F1000.000
G1 X84.604 Y16.466
G1 X84.856 Y16.589
G1 X84.604 Y16.466
G1 X84.047 Y15.743
G1 X83.838 Y15.255
G1 X83.764 Y14.741
G0 Z5.000 F500.000
G0 X95.689 Y191.460 F3000.000
G1 Z1.000 F500.000
G4 P100
G1 X97.860 Y191.496 F1000.000
G0 Z5.000 F500.000
G0 X100.104 Y191.460 F3000.000
G1 Z1.000 F500.000
G4 P100
G1 X102.275 Y191.496 F1000.000
G0 Z5.000 F500.000
G0 X104.557 Y191.460 F3000.000
G1 Z1.000 F500.000
G4 P100
G1 X106.654 Y191.460 F1000.000
G0 Z5.000 F500.000
G0 X103.563 Y194.886 F3000.000
G1 Z1.000 F500.000
G4 P100
G1 X106.654 Y199.601 F1000.000
G0 Z5.000 F500.000
G0 X106.654 Y199.638 F3000.000
G1 Z1.000 F500.000
G4 P100
G1 X106.544 Y199.711 F1000.000
G1 X106.066 Y199.564
G1 X102.275 Y197.869
G1 X100.509 Y197.354
G1 X98.301 Y197.280
G1 X97.565 Y197.427
G0 Z5.000 F500.000
G0 X97.565 Y197.501 F3000.000
G1 Z1.000 F500.000
G4 P100
G1 X101.981 Y202.437 F1000.000
G0 Z5.000 F500.000
G0 X106.691 Y199.638 F3000.000
G1 Z1.000 F500.000
G4 P100
G1 X107.133 Y200.080 F1000.000
G1 X107.501 Y199.969
G0 Z5.000 F500.000
G0 X107.538 Y199.969 F3000.000
G1 Z1.000 F500.000
G4 P100
G1 X108.310 Y200.227 F1000.000
G1 X109.966 Y200.301
G1 X111.144 Y200.153
G1 X112.505 Y199.675
G0 Z5.000 F500.000
G0 X112.505 Y199.638 F3000.000
G1 Z1.000 F500.000
G4 P100
G1 X110.886 Y196.396 F1000.000
G0 Z5.000 F500.000
G0 X110.813 Y196.396 F3000.000
G1 Z1.000 F500.000
G4 P100
G1 X110.150 Y196.985 F1000.000
G1 X107.538 Y199.932
G0 Z5.000 F500.000
G0 X112.652 Y199.748 F3000.000
G1 Z1.000 F500.000
G4 P100
G1 X114.456 Y203.432 F1000.000
G0 Z5.000 F500.000
G0 X112.652 Y199.711 F3000.000
G1 Z1.000 F500.000
G4 P100
G1 X116.958 Y197.869 F1000.000
G0 Z5.000 F500.000
G0 X116.995 Y197.906 F3000.000
G1 Z1.000 F500.000
G4 P100
G1 X116.553 Y199.011 F1000.000
G1 X116.443 Y199.675
G1 X116.553 Y200.780
G1 X116.884 Y201.627
G1 X117.215 Y202.106
G1 X118.135 Y202.953
G1 X119.166 Y203.395
G1 X119.828 Y203.506
G1 X120.932 Y203.395
G1 X121.852 Y203.027
G1 X123.066 Y201.848
G1 X123.434 Y201.111
G1 X123.618 Y200.338
G1 X123.582 Y199.196
G1 X123.140 Y198.017
G0 Z5.000 F500.000
G0 X123.140 Y198.017 F3000.000
G1 Z1.000 F500.000
G4 P100
G1 X123.324 Y197.980 F1000.000
G1 X125.201 Y198.790
G0 Z5.000 F500.000
G0 X125.201 Y198.790 F3000.000
G1 Z1.000 F500.000
G4 P100
G1 X125.274 Y196.985 F1000.000
G1 X129.911 Y196.985
G1 X129.948 Y202.585
G1 X125.274 Y202.622
G1 X125.237 Y198.901
G0 Z5.000 F500.000
G0 X125.274 Y198.864 F3000.000
G1 Z1.000 F500.000
G4 P100
G1 X127.261 Y199.711 F1000.000
G1 X129.432 Y200.264
G0 Z5.000 F500.000
G0 X129.432 Y194.922 F3000.000
G1 Z1.000 F500.000
G4 P100
G1 X128.181 Y193.670 F1000.000
G0 Z5.000 F500.000
G0 X128.144 Y193.633 F3000.000
G1 Z1.000 F500.000
G4 P100
G1 X126.893 Y194.886 F1000.000
G0 Z5.000 F500.000
G0 X128.108 Y193.596 F3000.000
G1 Z1.000 F500.000
G4 P100
G1 X127.519 Y192.933 F1000.000
G0 Z5.000 F500.000
G0 X127.556 Y192.896 F3000.000
G1 Z1.000 F500.000
G4 P100
G1 X128.733 Y192.896 F1000.000
G0 Z5.000 F500.000
G0 X128.770 Y192.933 F3000.000
G1 Z1.000 F500.000
G4 P100
G1 X128.181 Y193.596 F1000.000
G0 Z5.000 F500.000
G0 X129.028 Y192.859 F3000.000
G1 Z1.000 F500.000
G4 P100
G1 X129.432 Y192.344 F1000.000
G0 Z5.000 F500.000
G0 X127.298 Y192.859 F3000.000
G1 Z1.000 F500.000
G4 P100
G1 X126.893 Y192.381 F1000.000
G0 Z5.000 F500.000
G0 X127.261 Y192.896 F3000.000
G1 Z1.000 F500.000
G4 P100
G1 X93.223 Y192.896 F1000.000
G1 X93.186 Y204.685
G0 Z5.000 F500.000
G0 X90.721 Y206.821 F3000.000
G1 Z1.000 F500.000
G4 P100
G1 X132.450 Y206.821 F1000.000
G1 X132.487 Y190.060
G1 X90.721 Y190.023
G1 X90.721 Y206.821
G0 Z5.000 F500.000
G0 X93.959 Y198.754 F3000.000
G1 Z1.000 F500.000
G4 P100
G1 X96.388 Y197.722 F1000.000
G1 X97.381 Y197.464
G0 Z5.000 F500.000
G0 X97.418 Y197.427 F3000.000
G1 Z1.000 F500.000
G4 P100
G1 X95.026 Y194.738 F1000.000
G0 Z5.000 F500.000
G0 X117.031 Y197.869 F3000.000
G1 Z1.000 F500.000
G4 P100
G1 X117.326 Y197.648 F1000.000
G0 Z5.000 F500.000
G0 X117.363 Y197.612 F3000.000
G1 Z1.000 F500.000
G4 P100
G1 X117.841 Y197.059 F1000.000
G1 X118.651 Y196.580
G1 X119.607 Y196.322
G1 X120.490 Y196.322
G1 X121.889 Y196.801
G1 X122.367 Y197.133
G1 X122.846 Y197.722
G0 Z5.000 F500.000
G0 X122.846 Y197.759 F3000.000
G1 Z1.000 F500.000
G4 P100
G1 X120.822 Y197.280 F1000.000
G1 X119.129 Y197.280
G1 X117.399 Y197.648
G0 Z5.000 F500.000
G0 X122.882 Y197.759 F3000.000
G1 Z1.000 F500.000
G4 P100
G1 X123.140 Y198.017 F1000.000
G0 Z5.000 F500.000
M400
M84
; End
