; Generated by plotter-processor
; Page 19/20
; Motion profile: safe
; Draw feed: 1000.000 mm/min
; Travel feed: 3000.000 mm/min
; Z feed: 500.000 mm/min
; Pen Z: down=1.000 up=5.000
; Down settle: 100 ms
; Estimated ideal time: 728.725473 s
G21
G90
G0 Z5.000 F500.000
G0 X21.511 Y204.958 F3000.000
G1 Z1.000 F500.000
G4 P100
G1 X21.576 Y205.304 F1000.000
G1 X21.421 Y205.525
G1 X20.969 Y205.498
G1 X20.686 Y205.231
G1 X20.494 Y204.454
G1 X20.588 Y204.066
G1 X20.794 Y203.833
G1 X21.179 Y203.733
G1 X21.707 Y203.834
G1 X22.167 Y204.153
G1 X22.336 Y204.470
G0 Z5.000 F500.000
G0 X23.849 Y204.668 F3000.000
G1 Z1.000 F500.000
G4 P100
G1 X23.533 Y205.410 F1000.000
G1 X23.139 Y205.650
G1 X23.170 Y205.879
G1 X23.599 Y206.686
G1 X23.734 Y207.248
G1 X23.670 Y207.772
G1 X23.541 Y207.906
G1 X23.362 Y207.931
G1 X23.148 Y207.826
G1 X22.966 Y207.579
G1 X22.619 Y206.556
G1 X22.467 Y205.602
G1 X22.502 Y205.227
G1 X22.809 Y205.311
G1 X23.151 Y205.593
G1 X22.809 Y205.311
G1 X22.502 Y205.227
G1 X22.432 Y204.641
G1 X22.526 Y204.123
G1 X22.821 Y203.784
G1 X23.257 Y203.750
G1 X23.651 Y204.059
G1 X23.849 Y204.668
G1 X24.645 Y204.768
G0 Z5.000 F500.000
G0 X24.644 Y204.497 F3000.000
G1 Z1.000 F500.000
G4 P100
G1 X24.514 Y204.172 F1000.000
G1 X24.664 Y203.834
G1 X25.013 Y203.719
G1 X25.416 Y203.838
G1 X25.807 Y204.198
G1 X25.894 Y204.478
G1 X25.502 Y204.587
G1 X25.319 Y204.740
G1 X25.234 Y205.048
G1 X25.313 Y205.364
G1 X25.727 Y205.609
G1 X26.400 Y205.520
G1 X26.477 Y205.339
G1 X26.253 Y204.604
G1 X25.894 Y204.478
G1 X26.253 Y204.604
G1 X26.379 Y203.843
G1 X26.723 Y203.761
G1 X27.044 Y203.945
G1 X27.362 Y204.304
G1 X27.399 Y205.253
G1 X27.499 Y205.408
G1 X28.060 Y205.635
G1 X28.366 Y205.616
G1 X28.567 Y205.501
G1 X28.659 Y205.164
G1 X28.519 Y204.807
G1 X27.487 Y204.160
G1 X28.182 Y203.540
G1 X28.237 Y202.902
G1 X28.115 Y202.353
G1 X27.875 Y201.853
G1 X27.579 Y201.532
G1 X27.290 Y201.445
G1 X27.035 Y201.558
G1 X26.955 Y201.825
G1 X27.021 Y202.220
G1 X27.242 Y202.621
G1 X27.786 Y203.182
G1 X28.153 Y203.330
G1 X28.182 Y203.540
G1 X29.447 Y204.363
G0 Z5.000 F500.000
G0 X29.967 Y205.645 F3000.000
G1 Z1.000 F500.000
G4 P100
G1 X29.816 Y205.489 F1000.000
G1 X29.704 Y205.014
G1 X29.669 Y203.708
G1 X29.636 Y204.356
G1 X29.718 Y204.706
G1 X30.806 Y204.644
G1 X31.121 Y205.593
G1 X30.806 Y204.644
G1 X30.841 Y203.941
G1 X30.917 Y203.803
G1 X31.099 Y203.749
G1 X31.582 Y203.936
G1 X32.241 Y204.733
G1 X32.740 Y204.901
G1 X33.200 Y204.895
G1 X33.337 Y204.812
G1 X33.308 Y204.374
G1 X33.105 Y203.965
G1 X32.814 Y203.762
G1 X32.467 Y203.737
G1 X32.170 Y203.902
G1 X31.991 Y204.207
G1 X31.950 Y204.657
G1 X32.062 Y205.102
G1 X32.299 Y205.404
G1 X32.638 Y205.552
G1 X33.007 Y205.453
G1 X33.295 Y204.759
G1 X33.579 Y204.648
G1 X34.162 Y204.761
G1 X34.165 Y205.308
G1 X34.321 Y205.526
G1 X34.795 Y205.633
G1 X35.183 Y205.501
G1 X35.268 Y205.300
G1 X35.173 Y205.027
G1 X34.426 Y204.518
G1 X34.242 Y204.243
G1 X34.296 Y203.865
G1 X34.669 Y203.698
G1 X35.114 Y203.707
G1 X35.531 Y203.841
G1 X35.955 Y204.152
G1 X36.214 Y204.602
G1 X36.396 Y204.737
G1 X37.144 Y204.924
G1 X37.492 Y204.812
G1 X37.524 Y204.668
G1 X37.404 Y204.201
G1 X37.193 Y203.897
G1 X36.905 Y203.743
G1 X36.587 Y203.746
G1 X36.310 Y203.917
G1 X36.148 Y204.200
G1 X36.102 Y204.621
G1 X36.193 Y205.048
G1 X36.399 Y205.357
G1 X36.699 Y205.531
G1 X36.961 Y205.550
G1 X37.172 Y205.442
G1 X37.524 Y204.668
G1 X37.922 Y204.661
G1 X38.330 Y204.780
G0 Z5.000 F500.000
G0 X40.716 Y204.958 F3000.000
G1 Z1.000 F500.000
G4 P100
G1 X40.781 Y205.304 F1000.000
G1 X40.626 Y205.525
G1 X40.174 Y205.498
G1 X39.891 Y205.231
G1 X39.699 Y204.454
G1 X39.793 Y204.066
G1 X39.999 Y203.833
G1 X40.391 Y203.733
G1 X40.939 Y203.845
G1 X41.436 Y204.223
G1 X41.535 Y204.382
G1 X41.497 Y204.510
G1 X41.348 Y204.261
G1 X41.388 Y203.908
G1 X41.578 Y203.753
G1 X41.857 Y203.793
G1 X42.168 Y204.133
G1 X42.580 Y205.021
G1 X42.957 Y205.425
G1 X42.891 Y205.269
G1 X43.034 Y204.944
G1 X43.041 Y204.184
G1 X43.191 Y203.804
G1 X43.448 Y203.733
G1 X43.731 Y203.822
G1 X44.099 Y204.187
G1 X44.216 Y204.436
G0 Z5.000 F500.000
G0 X45.689 Y204.668 F3000.000
G1 Z1.000 F500.000
G4 P100
G1 X45.506 Y204.078 F1000.000
G1 X45.148 Y203.767
G1 X44.670 Y203.777
G1 X44.332 Y204.145
G1 X44.266 Y204.577
G1 X44.350 Y205.028
G1 X44.559 Y205.352
G1 X44.864 Y205.531
G1 X45.126 Y205.550
G1 X45.337 Y205.442
G1 X45.689 Y204.668
G1 X46.087 Y204.661
G1 X46.495 Y204.780
G0 Z5.000 F500.000
G0 X48.054 Y204.668 F3000.000
G1 Z1.000 F500.000
G4 P100
G1 X47.738 Y205.410 F1000.000
G1 X47.344 Y205.650
G1 X47.375 Y205.879
G1 X47.804 Y206.686
G1 X47.939 Y207.248
G1 X47.875 Y207.772
G1 X47.746 Y207.906
G1 X47.567 Y207.931
G1 X47.353 Y207.826
G1 X47.171 Y207.579
G1 X46.824 Y206.556
G1 X46.672 Y205.602
G1 X46.707 Y205.227
G1 X47.014 Y205.311
G1 X47.356 Y205.593
G1 X47.014 Y205.311
G1 X46.707 Y205.227
G1 X46.637 Y204.641
G1 X46.731 Y204.123
G1 X47.026 Y203.784
G1 X47.462 Y203.750
G1 X47.856 Y204.059
G1 X48.054 Y204.668
G1 X48.850 Y204.768
G0 Z5.000 F500.000
G0 X50.065 Y204.172 F3000.000
G1 Z1.000 F500.000
G4 P100
G1 X50.280 Y205.352 F1000.000
G1 X49.785 Y205.576
G1 X49.330 Y205.321
G1 X49.003 Y204.832
G1 X48.897 Y204.203
G1 X49.076 Y203.808
G1 X49.501 Y203.748
G1 X50.065 Y204.172
G1 X50.295 Y203.800
G1 X50.586 Y203.755
G1 X51.011 Y204.058
G1 X51.247 Y204.438
G0 Z5.000 F500.000
G0 X51.073 Y202.927 F3000.000
G1 Z1.000 F500.000
G4 P100
G1 X51.373 Y204.014 F1000.000
G0 Z5.000 F500.000
G0 X53.902 Y204.329 F3000.000
G1 Z1.000 F500.000
G4 P100
G1 X54.589 Y204.526 F1000.000
G1 X54.970 Y204.866
G1 X55.041 Y205.134
G1 X54.981 Y205.380
G1 X54.824 Y205.525
G1 X54.574 Y205.570
G1 X54.161 Y205.387
G1 X53.889 Y204.934
G1 X53.846 Y204.479
G1 X53.925 Y204.113
G1 X54.072 Y203.907
G1 X54.480 Y203.722
G1 X55.000 Y203.761
G1 X55.579 Y204.083
G1 X55.821 Y204.436
G0 Z5.000 F500.000
G0 X56.846 Y204.958 F3000.000
G1 Z1.000 F500.000
G4 P100
G1 X56.911 Y205.304 F1000.000
G1 X56.756 Y205.525
G1 X56.304 Y205.498
G1 X56.021 Y205.231
G1 X55.829 Y204.454
G1 X55.923 Y204.066
G1 X56.129 Y203.833
G1 X56.521 Y203.733
G1 X57.069 Y203.845
G1 X57.566 Y204.223
G1 X57.665 Y204.382
G1 X57.627 Y204.510
G1 X57.478 Y204.261
G1 X57.518 Y203.908
G1 X57.708 Y203.753
G1 X57.987 Y203.793
G1 X58.298 Y204.133
G1 X58.710 Y205.021
G1 X59.087 Y205.425
G1 X59.021 Y205.269
G1 X59.164 Y204.944
G1 X59.171 Y204.184
G1 X59.321 Y203.804
G1 X59.578 Y203.733
G1 X59.861 Y203.822
G1 X60.229 Y204.187
G1 X60.346 Y204.436
G0 Z5.000 F500.000
G0 X60.823 Y205.649 F3000.000
G1 Z1.000 F500.000
G4 P100
G1 X60.645 Y205.445 F1000.000
G1 X60.472 Y204.569
G1 X60.479 Y204.124
G1 X60.635 Y203.856
G1 X60.902 Y203.911
G1 X61.224 Y204.294
G1 X61.512 Y204.414
G1 X61.785 Y205.447
G1 X61.910 Y205.618
G1 X61.785 Y205.447
G1 X61.512 Y204.414
G1 X61.655 Y203.845
G1 X61.887 Y203.747
G1 X62.187 Y203.822
G1 X62.586 Y204.174
G1 X62.715 Y204.434
G0 Z5.000 F500.000
G0 X64.051 Y205.454 F3000.000
G1 Z1.000 F500.000
G4 P100
G1 X64.328 Y205.595 F1000.000
G1 X64.683 Y205.629
G1 X64.973 Y205.533
G1 X65.096 Y205.344
G1 X64.956 Y204.971
G1 X64.117 Y204.351
G1 X64.060 Y204.010
G1 X64.239 Y203.774
G1 X64.718 Y203.686
G1 X65.247 Y203.791
G1 X65.738 Y204.105
G1 X65.948 Y204.441
G0 Z5.000 F500.000
G0 X65.987 Y204.329 F3000.000
G1 Z1.000 F500.000
G4 P100
G1 X66.681 Y204.530 F1000.000
G1 X67.062 Y204.879
G1 X67.126 Y205.149
G1 X67.059 Y205.393
G1 X66.889 Y205.534
G1 X66.629 Y205.568
G1 X66.148 Y205.279
G1 X65.924 Y204.653
G1 X66.053 Y204.029
G1 X66.507 Y203.733
G1 X66.900 Y203.720
G1 X67.295 Y203.844
G1 X67.745 Y204.156
G1 X68.001 Y204.599
G1 X68.184 Y204.735
G1 X68.936 Y204.924
G1 X69.286 Y204.812
G1 X69.319 Y204.668
G1 X69.199 Y204.201
G1 X68.988 Y203.897
G1 X68.700 Y203.743
G1 X68.382 Y203.746
G1 X68.105 Y203.917
G1 X67.941 Y204.207
G1 X67.898 Y204.628
G1 X67.991 Y205.055
G1 X68.199 Y205.362
G1 X68.501 Y205.533
G1 X68.763 Y205.549
G1 X68.967 Y205.442
G1 X69.319 Y204.668
G1 X69.717 Y204.661
G1 X70.125 Y204.780
G0 Z5.000 F500.000
G0 X70.117 Y204.509 F3000.000
G1 Z1.000 F500.000
G4 P100
G1 X69.982 Y204.243 F1000.000
G1 X70.028 Y203.897
G1 X70.215 Y203.751
G1 X70.488 Y203.786
G1 X70.748 Y204.065
G1 X71.117 Y205.090
G1 X71.433 Y205.508
G1 X71.353 Y205.359
G1 X71.529 Y205.046
G1 X71.552 Y204.413
G1 X71.723 Y204.106
G1 X71.694 Y203.733
G1 X71.723 Y204.106
G1 X71.961 Y204.328
G1 X72.358 Y205.214
G1 X72.619 Y205.411
G1 X72.793 Y205.146
G1 X72.751 Y204.198
G1 X72.888 Y203.791
G1 X73.149 Y203.740
G1 X73.409 Y203.845
G1 X73.736 Y204.177
G1 X73.842 Y204.463
G0 Z5.000 F500.000
G0 X73.877 Y204.329 F3000.000
G1 Z1.000 F500.000
G4 P100
G1 X74.564 Y204.526 F1000.000
G1 X74.945 Y204.866
G1 X75.016 Y205.134
G1 X74.956 Y205.380
G1 X74.799 Y205.525
G1 X74.549 Y205.570
G1 X74.136 Y205.387
G1 X73.864 Y204.934
G1 X73.821 Y204.479
G1 X73.900 Y204.113
G1 X74.047 Y203.907
G1 X74.455 Y203.722
G1 X74.975 Y203.761
G1 X75.554 Y204.083
G1 X75.796 Y204.436
G0 Z5.000 F500.000
G0 X76.199 Y205.659 F3000.000
G1 Z1.000 F500.000
G4 P100
G1 X76.023 Y205.470 F1000.000
G1 X75.889 Y204.871
G1 X75.918 Y203.774
G1 X75.962 Y204.292
G1 X76.265 Y204.490
G1 X76.660 Y205.187
G1 X76.999 Y205.362
G1 X77.143 Y205.349
G1 X77.187 Y205.128
G1 X77.156 Y203.760
G1 X77.227 Y204.319
G1 X77.498 Y204.486
G1 X77.867 Y205.115
G1 X78.175 Y205.337
G1 X78.456 Y205.301
G1 X78.348 Y204.133
G1 X78.454 Y203.811
G1 X78.729 Y203.745
G1 X79.003 Y203.832
G1 X79.377 Y204.168
G1 X79.517 Y204.438
G0 Z5.000 F500.000
G0 X80.600 Y203.977 F3000.000
G1 Z1.000 F500.000
G4 P100
G1 X80.913 Y204.744 F1000.000
G1 X80.857 Y205.365
G1 X80.683 Y205.527
G1 X80.454 Y205.556
G1 X79.714 Y205.205
G1 X79.675 Y205.544
G1 X79.656 Y204.468
G1 X79.557 Y204.065
G1 X79.697 Y203.713
G1 X79.485 Y202.232
G1 X79.233 Y201.566
G1 X79.038 Y201.450
G1 X78.826 Y201.488
G1 X78.665 Y201.822
G1 X78.698 Y202.413
G1 X78.929 Y203.229
G1 X79.263 Y203.924
G1 X79.557 Y204.065
G1 X79.697 Y203.713
G1 X79.789 Y203.701
G1 X80.144 Y203.738
G1 X80.600 Y203.977
G1 X80.848 Y203.765
G1 X81.174 Y203.751
G1 X81.626 Y204.008
G1 X81.926 Y204.448
G0 Z5.000 F500.000
G0 X82.338 Y205.649 F3000.000
G1 Z1.000 F500.000
G4 P100
G1 X82.158 Y205.438 F1000.000
G1 X81.980 Y204.496
G1 X82.008 Y204.074
G1 X82.182 Y203.841
G1 X82.429 Y203.919
G1 X82.739 Y204.294
G1 X83.027 Y204.414
G1 X83.300 Y205.447
G1 X83.425 Y205.618
G1 X83.300 Y205.447
G1 X83.027 Y204.414
G1 X83.125 Y203.936
G1 X83.257 Y203.772
G1 X83.540 Y203.758
G1 X83.818 Y203.900
G1 X84.154 Y204.245
G1 X84.179 Y204.493
G1 X84.059 Y204.113
G1 X84.276 Y203.784
G1 X84.704 Y203.737
G1 X85.137 Y203.974
G1 X85.379 Y204.247
G1 X85.434 Y204.478
G1 X84.920 Y204.669
G1 X84.775 Y205.099
G1 X84.904 Y205.434
G1 X85.238 Y205.604
G1 X86.019 Y205.478
G1 X85.793 Y204.604
G1 X85.434 Y204.478
G1 X85.793 Y204.604
G1 X85.862 Y204.002
G1 X85.977 Y203.779
G1 X86.212 Y203.750
G1 X86.473 Y203.859
G1 X86.821 Y204.183
G1 X86.948 Y204.443
G0 Z5.000 F500.000
G0 X88.281 Y205.454 F3000.000
G1 Z1.000 F500.000
G4 P100
G1 X88.558 Y205.595 F1000.000
G1 X88.913 Y205.629
G1 X89.203 Y205.533
G1 X89.326 Y205.344
G1 X89.186 Y204.971
G1 X88.347 Y204.351
G1 X88.290 Y204.010
G1 X88.469 Y203.774
G1 X88.948 Y203.686
G1 X89.477 Y203.791
G1 X89.968 Y204.105
G1 X90.178 Y204.441
G0 Z5.000 F500.000
G0 X90.144 Y204.514 F3000.000
G1 Z1.000 F500.000
G4 P100
G1 X89.991 Y204.275 F1000.000
G1 X90.019 Y203.928
G1 X90.190 Y203.761
G1 X90.464 Y203.777
G1 X90.749 Y204.040
G1 X91.208 Y205.003
G1 X91.597 Y205.425
G1 X91.531 Y205.269
G1 X91.674 Y204.944
G1 X91.681 Y204.184
G1 X91.831 Y203.804
G1 X92.088 Y203.733
G1 X92.371 Y203.822
G1 X92.739 Y204.187
G1 X92.856 Y204.436
G0 Z5.000 F500.000
G0 X93.333 Y205.649 F3000.000
G1 Z1.000 F500.000
G4 P100
G1 X93.155 Y205.445 F1000.000
G1 X92.982 Y204.569
G1 X92.989 Y204.124
G1 X93.145 Y203.856
G1 X93.412 Y203.911
G1 X93.734 Y204.294
G1 X94.022 Y204.414
G1 X94.295 Y205.447
G1 X94.420 Y205.618
G1 X94.295 Y205.447
G1 X94.022 Y204.414
G1 X94.165 Y203.845
G1 X94.397 Y203.747
G1 X94.697 Y203.822
G1 X95.096 Y204.174
G1 X95.225 Y204.434
G0 Z5.000 F500.000
G0 X96.390 Y202.104 F3000.000
G1 Z1.000 F500.000
G4 P100
G1 X96.418 Y203.330 F1000.000
G1 X96.512 Y203.730
G1 X96.439 Y204.202
G1 X96.622 Y205.085
G1 X96.558 Y205.526
G1 X96.110 Y205.575
G1 X95.672 Y205.334
G1 X95.367 Y204.908
G1 X95.229 Y204.387
G1 X95.286 Y203.964
G1 X95.535 Y203.740
G1 X95.854 Y203.773
G1 X96.439 Y204.202
G1 X96.533 Y203.725
G1 X96.988 Y203.719
G1 X97.506 Y203.977
G1 X97.747 Y203.768
G1 X98.073 Y203.750
G1 X98.466 Y203.949
G1 X98.842 Y204.388
G1 X98.317 Y203.843
G1 X97.767 Y203.760
G1 X97.506 Y203.977
G1 X97.820 Y204.792
G1 X97.825 Y205.170
G1 X97.718 Y205.423
G1 X97.523 Y205.548
G1 X97.284 Y205.540
G1 X96.622 Y205.085
G1 X96.552 Y205.547
G1 X96.984 Y207.148
G0 Z5.000 F500.000
G0 X100.000 Y204.172 F3000.000
G1 Z1.000 F500.000
G4 P100
G1 X100.215 Y205.352 F1000.000
G1 X99.720 Y205.576
G1 X99.265 Y205.321
G1 X98.938 Y204.832
G1 X98.832 Y204.203
G1 X99.011 Y203.808
G1 X99.436 Y203.748
G1 X100.000 Y204.172
G1 X100.230 Y203.800
G1 X100.521 Y203.755
G1 X100.946 Y204.058
G1 X101.182 Y204.438
G0 Z5.000 F500.000
G0 X102.923 Y205.649 F3000.000
G1 Z1.000 F500.000
G4 P100
G1 X102.745 Y205.445 F1000.000
G1 X102.572 Y204.569
G1 X102.579 Y204.124
G1 X102.735 Y203.856
G1 X103.002 Y203.911
G1 X103.324 Y204.294
G1 X103.612 Y204.414
G1 X103.885 Y205.447
G1 X104.010 Y205.618
G1 X103.885 Y205.447
G1 X103.612 Y204.414
G1 X103.755 Y203.845
G1 X103.987 Y203.747
G1 X104.287 Y203.822
G1 X104.686 Y204.174
G1 X104.815 Y204.434
G0 Z5.000 F500.000
G0 X105.794 Y203.936 F3000.000
G1 Z1.000 F500.000
G4 P100
G1 X106.471 Y204.867 F1000.000
G1 X106.712 Y205.042
G1 X106.826 Y205.521
G1 X106.993 Y205.676
G1 X106.826 Y205.521
G1 X106.712 Y205.042
G1 X107.182 Y204.418
G1 X107.262 Y204.018
G1 X107.040 Y203.727
G1 X106.632 Y203.728
G0 Z5.000 F500.000
G0 X109.431 Y204.087 F3000.000
G1 Z1.000 F500.000
G4 P100
G1 X109.655 Y205.333 F1000.000
G1 X109.220 Y205.586
G1 X108.837 Y205.428
G1 X108.517 Y205.088
G1 X108.320 Y204.634
G1 X108.282 Y204.154
G1 X108.380 Y203.881
G1 X108.572 Y203.740
G1 X108.815 Y203.751
G1 X109.126 Y204.012
G1 X109.431 Y204.087
G1 X109.467 Y203.792
G0 Z5.000 F500.000
G0 X110.892 Y205.237 F3000.000
G1 Z1.000 F500.000
G4 P100
G1 X111.151 Y205.281 F1000.000
G1 X111.353 Y205.432
G1 X112.038 Y206.511
G1 X112.234 Y207.413
G1 X112.182 Y207.737
G1 X112.020 Y207.917
G1 X111.702 Y207.858
G1 X111.425 Y207.485
G1 X111.129 Y206.736
G1 X110.868 Y205.669
G1 X110.892 Y205.237
G1 X110.723 Y204.460
G1 X110.727 Y203.276
G1 X110.833 Y202.442
G1 X111.037 Y202.163
G1 X111.321 Y202.238
G1 X111.482 Y202.584
G1 X111.497 Y203.300
G1 X111.349 Y204.350
G1 X111.453 Y204.570
G1 X112.269 Y204.636
G1 X112.525 Y204.333
G1 X113.246 Y204.543
G1 X113.552 Y204.798
G1 X113.665 Y205.119
G1 X113.569 Y205.434
G1 X113.294 Y205.568
G1 X112.882 Y205.463
G1 X112.573 Y205.090
G1 X112.462 Y204.585
G1 X112.578 Y204.037
G1 X112.901 Y203.764
G1 X113.378 Y203.722
G1 X113.787 Y203.918
G1 X114.009 Y204.290
G0 Z5.000 F500.000
G0 X114.526 Y205.002 F3000.000
G1 Z1.000 F500.000
G4 P100
G1 X115.510 Y205.098 F1000.000
G0 Z5.000 F500.000
G0 X117.494 Y204.944 F3000.000
G1 Z1.000 F500.000
G4 P100
G1 X117.575 Y205.270 F1000.000
G1 X117.414 Y205.525
G1 X117.079 Y205.553
G1 X116.751 Y205.352
G1 X116.461 Y204.694
G1 X116.467 Y204.308
G1 X116.587 Y204.003
G1 X116.910 Y203.763
G1 X117.358 Y203.739
G1 X117.739 Y203.944
G1 X117.938 Y204.304
G0 Z5.000 F500.000
G0 X118.323 Y204.359 F3000.000
G1 Z1.000 F500.000
G4 P100
G1 X118.375 Y204.989 F1000.000
G1 X118.607 Y205.389
G1 X119.050 Y205.535
G1 X119.459 Y205.373
G1 X119.600 Y205.103
G1 X119.655 Y204.691
G1 X119.557 Y204.206
G1 X119.356 Y203.895
G1 X118.986 Y203.757
G1 X118.656 Y203.795
G1 X118.438 Y203.993
G1 X118.323 Y204.359
G0 Z5.000 F500.000
G0 X120.929 Y205.637 F3000.000
G1 Z1.000 F500.000
G4 P100
G1 X120.766 Y205.383 F1000.000
G1 X120.653 Y204.861
G1 X120.680 Y203.762
G1 X120.688 Y204.285
G1 X121.060 Y204.512
G1 X121.437 Y205.176
G1 X121.999 Y205.366
G1 X122.021 Y205.461
G1 X121.886 Y203.799
G0 Z5.000 F500.000
G0 X123.409 Y205.637 F3000.000
G1 Z1.000 F500.000
G4 P100
G1 X123.246 Y205.383 F1000.000
G1 X123.133 Y204.861
G1 X123.160 Y203.762
G1 X123.168 Y204.285
G1 X123.540 Y204.512
G1 X123.917 Y205.176
G1 X124.479 Y205.366
G1 X124.501 Y205.461
G1 X124.354 Y203.852
G1 X124.451 Y203.694
G1 X125.365 Y204.261
G1 X126.155 Y204.484
G1 X126.541 Y204.742
G1 X126.692 Y205.045
G1 X126.651 Y205.361
G1 X126.449 Y205.540
G1 X126.130 Y205.556
G1 X125.779 Y205.345
G1 X125.551 Y204.940
G1 X125.500 Y204.520
G1 X125.648 Y203.982
G1 X125.984 Y203.747
G1 X126.456 Y203.731
G1 X126.838 Y203.933
G1 X127.044 Y204.290
G0 Z5.000 F500.000
G0 X128.514 Y204.944 F3000.000
G1 Z1.000 F500.000
G4 P100
G1 X128.589 Y205.306 F1000.000
G1 X128.381 Y205.549
G1 X128.002 Y205.519
G1 X127.670 Y205.227
G1 X127.511 Y204.860
G1 X127.473 Y204.424
G1 X127.565 Y204.072
G1 X127.772 Y203.840
G1 X128.356 Y203.735
G1 X128.845 Y204.045
G1 X128.976 Y204.491
G1 X128.975 Y205.436
G1 X129.130 Y205.615
G1 X129.541 Y205.544
G1 X129.680 Y205.657
G1 X129.685 Y206.114
G1 X129.913 Y206.954
G1 X130.161 Y207.418
G1 X130.429 Y207.599
G1 X130.715 Y207.463
G1 X130.762 Y206.931
G1 X130.606 Y206.459
G1 X130.193 Y205.903
G1 X130.119 Y205.659
G1 X130.470 Y205.589
G1 X130.891 Y205.669
G1 X130.470 Y205.589
G1 X129.680 Y205.657
G1 X129.592 Y205.562
G1 X129.609 Y204.460
G1 X129.824 Y203.901
G1 X130.298 Y203.739
G1 X130.574 Y203.827
G1 X130.742 Y203.997
G1 X131.275 Y203.742
G1 X131.454 Y205.020
G1 X131.633 Y205.569
G0 Z5.000 F500.000
G0 X132.822 Y205.389 F3000.000
G1 Z1.000 F500.000
G4 P100
G1 X133.099 Y205.513 F1000.000
G1 X133.418 Y205.517
G1 X133.638 Y205.409
G1 X133.789 Y205.179
G1 X133.871 Y204.742
G1 X133.805 Y204.310
G1 X133.654 Y203.987
G1 X133.423 Y203.804
G1 X132.905 Y203.781
G1 X132.600 Y204.105
G1 X132.545 Y204.767
G1 X132.642 Y205.134
G1 X132.822 Y205.389
G0 Z5.000 F500.000
G0 X135.144 Y205.637 F3000.000
G1 Z1.000 F500.000
G4 P100
G1 X134.981 Y205.383 F1000.000
G1 X134.868 Y204.861
G1 X134.895 Y203.762
G1 X134.903 Y204.285
G1 X135.275 Y204.512
G1 X135.652 Y205.176
G1 X136.214 Y205.366
G1 X136.236 Y205.461
G1 X136.101 Y203.799
G0 Z5.000 F500.000
G0 X131.684 Y206.521 F3000.000
G1 Z1.000 F500.000
G4 P100
G1 X131.818 Y206.543 F1000.000
G0 Z5.000 F500.000
G0 X20.889 Y195.562 F3000.000
G1 Z1.000 F500.000
G4 P100
G1 X20.712 Y195.373 F1000.000
G1 X20.574 Y194.758
G1 X20.654 Y194.185
G1 X20.608 Y193.677
G1 X20.654 Y194.185
G1 X20.933 Y194.355
G1 X21.316 Y195.018
G1 X21.631 Y195.245
G1 X21.899 Y195.211
G1 X21.803 Y193.945
G1 X21.870 Y193.746
G1 X22.051 Y193.658
G1 X22.311 Y193.671
G1 X22.571 Y193.817
G1 X23.250 Y194.636
G1 X24.000 Y194.826
G1 X24.347 Y194.715
G1 X24.341 Y194.370
G1 X24.176 Y193.950
G1 X23.937 Y193.718
G1 X23.629 Y193.627
G1 X23.191 Y193.794
G1 X22.970 Y194.247
G1 X23.029 Y194.903
G1 X23.362 Y195.346
G1 X23.677 Y195.458
G1 X23.960 Y195.400
G1 X24.336 Y194.621
G1 X24.640 Y194.552
G1 X25.167 Y194.659
G1 X25.240 Y195.174
G1 X25.497 Y195.431
G1 X25.993 Y195.542
G1 X26.372 Y195.414
G1 X26.475 Y195.081
G1 X26.334 Y194.710
G1 X25.302 Y194.063
G1 X25.997 Y193.443
G1 X26.051 Y192.790
G1 X25.920 Y192.228
G1 X25.673 Y191.732
G1 X25.376 Y191.423
G1 X25.076 Y191.350
G1 X24.881 Y191.430
G1 X24.787 Y191.590
G1 X24.868 Y192.205
G1 X25.429 Y192.938
G1 X25.720 Y193.169
G1 X25.968 Y193.233
G1 X25.997 Y193.443
G1 X27.151 Y194.144
G1 X27.402 Y194.392
G1 X28.970 Y194.467
G1 X28.603 Y195.313
G1 X28.211 Y195.539
G1 X28.238 Y195.775
G1 X28.684 Y196.631
G1 X28.810 Y197.224
G1 X28.699 Y197.736
G1 X28.543 Y197.832
G1 X28.333 Y197.805
G1 X27.969 Y197.344
G1 X27.646 Y196.251
G1 X27.530 Y195.425
G1 X27.572 Y195.130
G1 X27.879 Y195.214
G1 X28.221 Y195.496
G1 X27.886 Y195.218
G1 X27.569 Y195.123
G1 X27.503 Y194.515
G1 X27.608 Y193.999
G1 X27.904 Y193.681
G1 X28.334 Y193.655
G1 X28.725 Y193.969
G1 X28.919 Y194.571
G1 X29.715 Y194.671
G0 Z5.000 F500.000
G0 X31.174 Y194.571 F3000.000
G1 Z1.000 F500.000
G4 P100
G1 X30.991 Y193.981 F1000.000
G1 X30.633 Y193.670
G1 X30.155 Y193.680
G1 X29.817 Y194.048
G1 X29.751 Y194.480
G1 X29.835 Y194.931
G1 X30.044 Y195.255
G1 X30.349 Y195.434
G1 X30.611 Y195.453
G1 X30.822 Y195.345
G1 X31.174 Y194.571
G1 X31.572 Y194.564
G1 X31.980 Y194.683
G0 Z5.000 F500.000
G0 X31.989 Y194.417 F3000.000
G1 Z1.000 F500.000
G4 P100
G1 X31.836 Y194.178 F1000.000
G1 X31.864 Y193.831
G1 X32.035 Y193.664
G1 X32.309 Y193.680
G1 X32.594 Y193.943
G1 X33.053 Y194.906
G1 X33.442 Y195.328
G1 X33.376 Y195.172
G1 X33.519 Y194.847
G1 X33.525 Y194.094
G1 X33.665 Y193.716
G1 X33.933 Y193.636
G1 X34.228 Y193.732
G1 X34.601 Y194.113
G1 X34.709 Y194.396
G1 X34.585 Y194.126
G1 X34.680 Y193.795
G1 X34.931 Y193.640
G1 X35.277 Y193.651
G1 X35.709 Y193.917
G1 X35.965 Y194.329
G1 X35.397 Y194.631
G1 X35.307 Y194.892
G1 X35.342 Y195.180
G1 X35.555 Y195.432
G1 X35.944 Y195.520
G1 X36.551 Y195.375
G1 X36.323 Y194.507
G1 X35.964 Y194.381
G1 X36.323 Y194.507
G1 X36.495 Y193.690
G1 X36.728 Y193.651
G1 X36.997 Y193.758
G1 X37.351 Y194.086
G1 X37.478 Y194.346
G0 Z5.000 F500.000
G0 X37.564 Y193.611 F3000.000
G1 Z1.000 F500.000
G4 P100
G1 X37.531 Y194.284 F1000.000
G1 X37.617 Y194.612
G1 X38.548 Y194.559
G1 X38.788 Y195.143
G1 X39.167 Y195.429
G1 X39.448 Y195.452
G1 X39.660 Y195.348
G1 X40.015 Y194.569
G1 X40.466 Y194.571
G1 X40.826 Y194.682
G1 X40.466 Y194.571
G1 X40.015 Y194.569
G1 X39.897 Y194.109
G1 X39.703 Y193.820
G1 X39.403 Y193.647
G1 X39.070 Y193.652
G1 X38.707 Y193.942
G1 X38.548 Y194.559
G1 X37.617 Y194.612
G1 X37.691 Y195.338
G1 X37.879 Y195.562
G0 Z5.000 F500.000
G0 X41.259 Y195.562 F3000.000
G1 Z1.000 F500.000
G4 P100
G1 X41.083 Y195.373 F1000.000
G1 X40.949 Y194.774
G1 X40.978 Y193.677
G1 X41.022 Y194.195
G1 X41.325 Y194.393
G1 X41.720 Y195.090
G1 X42.059 Y195.265
G1 X42.203 Y195.252
G1 X42.247 Y195.031
G1 X42.216 Y193.663
G1 X42.287 Y194.222
G1 X42.558 Y194.389
G1 X42.927 Y195.018
G1 X43.235 Y195.240
G1 X43.516 Y195.204
G1 X43.408 Y194.036
G1 X43.514 Y193.714
G1 X43.789 Y193.648
G1 X44.063 Y193.735
G1 X44.437 Y194.071
G1 X44.577 Y194.341
G0 Z5.000 F500.000
G0 X46.926 Y194.861 F3000.000
G1 Z1.000 F500.000
G4 P100
G1 X46.991 Y195.207 F1000.000
G1 X46.836 Y195.428
G1 X46.384 Y195.401
G1 X46.101 Y195.134
G1 X45.909 Y194.357
G1 X46.003 Y193.969
G1 X46.209 Y193.736
G1 X46.594 Y193.636
G1 X47.122 Y193.737
G1 X47.582 Y194.056
G1 X47.751 Y194.373
G0 Z5.000 F500.000
G0 X49.154 Y194.571 F3000.000
G1 Z1.000 F500.000
G4 P100
G1 X48.971 Y193.981 F1000.000
G1 X48.613 Y193.670
G1 X48.135 Y193.680
G1 X47.797 Y194.048
G1 X47.731 Y194.480
G1 X47.815 Y194.931
G1 X48.024 Y195.255
G1 X48.329 Y195.434
G1 X48.591 Y195.453
G1 X48.802 Y195.345
G1 X49.154 Y194.571
G1 X49.552 Y194.564
G1 X49.960 Y194.683
G0 Z5.000 F500.000
G0 X50.042 Y194.232 F3000.000
G1 Z1.000 F500.000
G4 P100
G1 X50.729 Y194.429 F1000.000
G1 X51.110 Y194.769
G1 X51.181 Y195.037
G1 X51.121 Y195.283
G1 X50.964 Y195.428
G1 X50.714 Y195.473
G1 X50.301 Y195.290
G1 X50.029 Y194.837
G1 X49.986 Y194.382
G1 X50.065 Y194.016
G1 X50.212 Y193.810
G1 X50.620 Y193.625
G1 X51.140 Y193.664
G1 X51.719 Y193.986
G1 X51.961 Y194.339
G0 Z5.000 F500.000
G0 X52.915 Y193.101 F3000.000
G1 Z1.000 F500.000
G4 P100
G1 X52.911 Y192.684 F1000.000
G1 X52.535 Y191.688
G1 X52.224 Y191.387
G1 X51.864 Y191.410
G1 X51.710 Y191.739
G1 X51.870 Y192.250
G1 X52.535 Y192.984
G1 X52.915 Y193.101
G1 X53.174 Y193.661
G1 X53.067 Y193.882
G1 X53.340 Y195.228
G1 X52.900 Y195.490
G1 X52.579 Y195.368
G1 X52.290 Y195.112
G1 X52.055 Y194.700
G1 X51.961 Y194.229
G1 X52.016 Y193.877
G1 X52.230 Y193.657
G1 X52.506 Y193.640
G1 X53.067 Y193.882
G1 X53.177 Y193.668
G1 X53.423 Y193.690
G1 X54.229 Y194.278
G0 Z5.000 F500.000
G0 X54.773 Y195.552 F3000.000
G1 Z1.000 F500.000
G4 P100
G1 X54.595 Y195.348 F1000.000
G1 X54.422 Y194.472
G1 X54.429 Y194.027
G1 X54.585 Y193.759
G1 X54.852 Y193.814
G1 X55.174 Y194.197
G1 X55.462 Y194.317
G1 X55.735 Y195.350
G1 X55.860 Y195.521
G1 X55.735 Y195.350
G1 X55.462 Y194.317
G1 X55.605 Y193.748
G1 X55.837 Y193.650
G1 X56.137 Y193.725
G1 X56.536 Y194.077
G1 X56.665 Y194.337
G0 Z5.000 F500.000
G0 X57.052 Y195.548 F3000.000
G1 Z1.000 F500.000
G4 P100
G1 X56.901 Y195.392 F1000.000
G1 X56.789 Y194.917
G1 X56.754 Y193.611
G1 X56.721 Y194.259
G1 X56.803 Y194.609
G1 X57.891 Y194.547
G1 X58.206 Y195.496
G1 X57.891 Y194.547
G1 X57.977 Y193.731
G1 X58.235 Y193.649
G1 X58.519 Y193.732
G1 X58.908 Y194.074
G1 X59.041 Y194.339
G0 Z5.000 F500.000
G0 X59.087 Y194.232 F3000.000
G1 Z1.000 F500.000
G4 P100
G1 X59.774 Y194.429 F1000.000
G1 X60.155 Y194.769
G1 X60.226 Y195.037
G1 X60.166 Y195.283
G1 X60.009 Y195.428
G1 X59.759 Y195.473
G1 X59.346 Y195.290
G1 X59.074 Y194.837
G1 X59.031 Y194.382
G1 X59.110 Y194.016
G1 X59.257 Y193.810
G1 X59.665 Y193.625
G1 X60.185 Y193.664
G1 X60.764 Y193.986
G1 X61.006 Y194.339
G0 Z5.000 F500.000
G0 X61.392 Y195.548 F3000.000
G1 Z1.000 F500.000
G4 P100
G1 X61.241 Y195.392 F1000.000
G1 X61.129 Y194.917
G1 X61.094 Y193.611
G1 X61.061 Y194.259
G1 X61.143 Y194.609
G1 X62.231 Y194.547
G1 X62.546 Y195.496
G1 X62.231 Y194.547
G1 X62.317 Y193.731
G1 X62.575 Y193.649
G1 X62.859 Y193.732
G1 X63.248 Y194.074
G1 X63.381 Y194.339
G0 Z5.000 F500.000
G0 X63.798 Y195.552 F3000.000
G1 Z1.000 F500.000
G4 P100
G1 X63.620 Y195.348 F1000.000
G1 X63.447 Y194.472
G1 X63.454 Y194.027
G1 X63.610 Y193.759
G1 X63.877 Y193.814
G1 X64.199 Y194.197
G1 X64.487 Y194.317
G1 X64.760 Y195.350
G1 X64.885 Y195.521
G1 X64.760 Y195.350
G1 X64.487 Y194.317
G1 X64.630 Y193.748
G1 X64.862 Y193.650
G1 X65.162 Y193.725
G1 X65.561 Y194.077
G1 X65.690 Y194.337
G0 Z5.000 F500.000
G0 X65.737 Y194.232 F3000.000
G1 Z1.000 F500.000
G4 P100
G1 X66.424 Y194.429 F1000.000
G1 X66.805 Y194.769
G1 X66.876 Y195.037
G1 X66.816 Y195.283
G1 X66.659 Y195.428
G1 X66.409 Y195.473
G1 X65.996 Y195.290
G1 X65.724 Y194.837
G1 X65.681 Y194.382
G1 X65.760 Y194.016
G1 X65.907 Y193.810
G1 X66.315 Y193.625
G1 X66.835 Y193.664
G1 X67.414 Y193.986
G1 X67.656 Y194.339
G0 Z5.000 F500.000
G0 X67.758 Y193.814 F3000.000
G1 Z1.000 F500.000
G4 P100
G1 X67.795 Y193.851 F1000.000
G0 Z5.000 F500.000
G0 X27.425 Y180.480 F3000.000
G1 Z1.000 F500.000
G4 P100
G1 X27.638 Y180.111 F1000.000
G1 X28.200 Y179.979
G1 X28.770 Y180.116
G1 X29.035 Y180.491
G1 X28.872 Y180.885
G1 X28.485 Y181.168
G1 X28.175 Y181.151
G1 X28.485 Y181.168
G1 X28.977 Y181.630
G1 X29.091 Y181.964
G1 X28.966 Y182.260
G1 X28.596 Y182.426
G1 X28.095 Y182.406
G1 X27.746 Y182.214
G1 X27.584 Y181.901
G0 Z5.000 F500.000
G0 X30.191 Y180.189 F3000.000
G1 Z1.000 F500.000
G4 P100
G1 X30.228 Y180.226 F1000.000
G0 Z5.000 F500.000
G0 X33.101 Y181.937 F3000.000
G1 Z1.000 F500.000
G4 P100
G1 X32.925 Y181.748 F1000.000
G1 X32.789 Y181.135
G1 X32.821 Y180.053
G1 X32.864 Y180.570
G1 X33.163 Y180.763
G1 X33.444 Y181.316
G1 X33.669 Y181.554
G1 X33.968 Y181.647
G1 X34.058 Y181.585
G1 X34.045 Y180.868
G1 X34.129 Y180.597
G1 X34.058 Y180.038
G1 X34.129 Y180.597
G1 X34.425 Y180.792
G1 X34.863 Y181.496
G1 X35.297 Y181.645
G1 X35.386 Y181.298
G1 X35.269 Y180.060
G1 X35.326 Y179.918
G1 X35.690 Y179.839
G1 X36.415 Y180.031
G1 X36.581 Y181.269
G1 X36.765 Y181.847
G0 Z5.000 F500.000
G0 X38.022 Y181.915 F3000.000
G1 Z1.000 F500.000
G4 P100
G1 X37.859 Y181.661 F1000.000
G1 X37.746 Y181.140
G1 X37.773 Y180.040
G1 X37.780 Y180.563
G1 X38.152 Y180.791
G1 X38.530 Y181.454
G1 X39.091 Y181.644
G1 X39.113 Y181.740
G1 X38.968 Y180.108
G1 X39.075 Y179.940
G1 X39.442 Y179.853
G1 X40.125 Y180.031
G1 X40.291 Y181.269
G1 X40.475 Y181.847
G0 Z5.000 F500.000
G0 X41.761 Y181.937 F3000.000
G1 Z1.000 F500.000
G4 P100
G1 X41.585 Y181.748 F1000.000
G1 X41.449 Y181.135
G1 X41.481 Y180.053
G1 X41.524 Y180.570
G1 X41.828 Y180.768
G1 X42.237 Y181.481
G1 X42.644 Y181.648
G1 X42.747 Y181.427
G1 X42.704 Y180.882
G1 X42.789 Y180.597
G1 X42.718 Y180.038
G1 X42.789 Y180.597
G1 X43.085 Y180.792
G1 X43.534 Y181.506
G1 X43.992 Y181.630
G1 X44.045 Y181.261
G1 X43.929 Y180.060
G0 Z5.000 F500.000
G0 X45.496 Y181.928 F3000.000
G1 Z1.000 F500.000
G4 P100
G1 X45.334 Y181.764 F1000.000
G1 X45.207 Y181.253
G1 X45.181 Y180.299
G1 X45.308 Y180.132
G1 X45.477 Y180.142
G1 X45.912 Y180.587
G1 X46.241 Y180.702
G1 X46.285 Y180.062
G1 X46.241 Y180.702
G1 X46.565 Y181.871
G0 Z5.000 F500.000
G0 X47.791 Y181.937 F3000.000
G1 Z1.000 F500.000
G4 P100
G1 X47.615 Y181.748 F1000.000
G1 X47.479 Y181.135
G1 X47.511 Y180.053
G1 X47.554 Y180.570
G1 X47.858 Y180.768
G1 X48.267 Y181.481
G1 X48.674 Y181.648
G1 X48.777 Y181.427
G1 X48.734 Y180.882
G1 X48.819 Y180.597
G1 X48.748 Y180.038
G1 X48.819 Y180.597
G1 X49.115 Y180.792
G1 X49.564 Y181.506
G1 X50.022 Y181.630
G1 X50.075 Y181.261
G1 X49.959 Y180.060
G0 Z5.000 F500.000
G0 X36.816 Y182.799 F3000.000
G1 Z1.000 F500.000
G4 P100
G1 X36.951 Y182.821 F1000.000
G0 Z5.000 F500.000
G0 X40.526 Y182.799 F3000.000
G1 Z1.000 F500.000
G4 P100
G1 X40.661 Y182.821 F1000.000
G0 Z5.000 F500.000
G0 X52.836 Y181.937 F3000.000
G1 Z1.000 F500.000
G4 P100
G1 X52.660 Y181.748 F1000.000
G1 X52.524 Y181.135
G1 X52.556 Y180.053
G1 X52.599 Y180.570
G1 X52.903 Y180.768
G1 X53.312 Y181.481
G1 X53.719 Y181.648
G1 X53.822 Y181.427
G1 X53.779 Y180.882
G1 X53.864 Y180.597
G1 X53.793 Y180.038
G1 X53.864 Y180.597
G1 X54.160 Y180.792
G1 X54.609 Y181.506
G1 X55.067 Y181.630
G1 X55.120 Y181.261
G1 X55.004 Y180.060
G0 Z5.000 F500.000
G0 X57.308 Y180.365 F3000.000
G1 Z1.000 F500.000
G4 P100
G1 X57.532 Y181.611 F1000.000
G1 X57.097 Y181.864
G1 X56.715 Y181.706
G1 X56.394 Y181.366
G1 X56.197 Y180.912
G1 X56.160 Y180.433
G1 X56.257 Y180.159
G1 X56.449 Y180.018
G1 X56.693 Y180.030
G1 X57.004 Y180.290
G1 X57.308 Y180.365
G1 X57.345 Y180.070
G0 Z5.000 F500.000
G0 X60.447 Y181.483 F3000.000
G1 Z1.000 F500.000
G4 P100
G1 X60.423 Y181.744 F1000.000
G1 X60.305 Y181.813
G1 X59.988 Y181.750
G1 X59.565 Y181.351
G1 X59.223 Y181.779
G1 X58.826 Y181.779
G1 X58.687 Y181.503
G1 X58.808 Y181.766
G1 X59.093 Y181.825
G1 X59.298 Y181.722
G1 X59.565 Y181.351
G1 X59.487 Y180.465
G1 X58.880 Y180.025
G1 X58.612 Y180.037
G1 X58.432 Y180.198
G1 X58.405 Y180.459
G1 X58.499 Y180.668
G1 X58.409 Y180.275
G1 X58.612 Y180.037
G1 X58.976 Y180.061
G1 X59.487 Y180.465
G1 X59.832 Y180.084
G1 X60.256 Y180.006
G1 X60.652 Y180.208
G1 X60.859 Y180.585
G0 Z5.000 F500.000
G0 X61.095 Y180.001 F3000.000
G1 Z1.000 F500.000
G4 P100
G1 X61.397 Y181.709 F1000.000
G1 X61.495 Y181.847
G0 Z5.000 F500.000
G0 X62.781 Y181.937 F3000.000
G1 Z1.000 F500.000
G4 P100
G1 X62.605 Y181.748 F1000.000
G1 X62.469 Y181.135
G1 X62.501 Y180.053
G1 X62.544 Y180.570
G1 X62.848 Y180.768
G1 X63.257 Y181.481
G1 X63.664 Y181.648
G1 X63.767 Y181.427
G1 X63.724 Y180.882
G1 X63.809 Y180.597
G1 X63.738 Y180.038
G1 X63.809 Y180.597
G1 X64.105 Y180.792
G1 X64.554 Y181.506
G1 X65.012 Y181.630
G1 X65.065 Y181.261
G1 X64.949 Y180.060
G0 Z5.000 F500.000
G0 X66.516 Y181.928 F3000.000
G1 Z1.000 F500.000
G4 P100
G1 X66.354 Y181.764 F1000.000
G1 X66.227 Y181.253
G1 X66.201 Y180.299
G1 X66.328 Y180.132
G1 X66.497 Y180.142
G1 X66.932 Y180.587
G1 X67.261 Y180.702
G1 X67.305 Y180.062
G1 X67.261 Y180.702
G1 X67.585 Y181.871
G0 Z5.000 F500.000
G0 X68.811 Y181.937 F3000.000
G1 Z1.000 F500.000
G4 P100
G1 X68.635 Y181.748 F1000.000
G1 X68.499 Y181.135
G1 X68.531 Y180.053
G1 X68.574 Y180.570
G1 X68.878 Y180.768
G1 X69.287 Y181.481
G1 X69.694 Y181.648
G1 X69.797 Y181.427
G1 X69.754 Y180.882
G1 X69.839 Y180.597
G1 X69.768 Y180.038
G1 X69.839 Y180.597
G1 X70.135 Y180.792
G1 X70.584 Y181.506
G1 X71.042 Y181.630
G1 X71.095 Y181.261
G1 X70.979 Y180.060
G0 Z5.000 F500.000
G0 X61.546 Y182.799 F3000.000
G1 Z1.000 F500.000
G4 P100
G1 X61.681 Y182.821 F1000.000
G0 Z5.000 F500.000
G0 X74.608 Y180.365 F3000.000
G1 Z1.000 F500.000
G4 P100
G1 X74.817 Y181.641 F1000.000
G1 X74.462 Y181.863
G1 X74.296 Y181.842
G1 X73.951 Y181.657
G1 X73.663 Y181.317
G1 X73.490 Y180.884
G1 X73.459 Y180.440
G1 X73.580 Y180.131
G1 X73.836 Y180.003
G1 X74.045 Y180.056
G1 X74.323 Y180.300
G1 X74.608 Y180.365
G1 X74.671 Y179.954
G1 X74.749 Y179.956
G1 X75.607 Y180.792
G1 X76.306 Y181.155
G1 X76.850 Y182.121
G1 X77.169 Y183.099
G1 X77.191 Y183.905
G1 X77.080 Y184.135
G1 X76.898 Y184.213
G1 X76.563 Y184.032
G1 X76.266 Y183.422
G1 X76.011 Y182.424
G1 X75.899 Y181.332
G1 X75.996 Y181.015
G1 X75.957 Y180.564
G1 X76.174 Y180.147
G1 X76.646 Y180.021
G1 X76.907 Y180.113
G1 X77.063 Y180.282
G0 Z5.000 F500.000
G0 X77.851 Y181.928 F3000.000
G1 Z1.000 F500.000
G4 P100
G1 X77.689 Y181.764 F1000.000
G1 X77.562 Y181.253
G1 X77.536 Y180.299
G1 X77.663 Y180.132
G1 X77.832 Y180.142
G1 X78.267 Y180.587
G1 X78.596 Y180.702
G1 X78.640 Y180.062
G1 X78.596 Y180.702
G1 X78.920 Y181.871
G0 Z5.000 F500.000
G0 X80.146 Y181.937 F3000.000
G1 Z1.000 F500.000
G4 P100
G1 X79.970 Y181.748 F1000.000
G1 X79.834 Y181.135
G1 X79.866 Y180.053
G1 X79.909 Y180.570
G1 X80.208 Y180.763
G1 X80.489 Y181.316
G1 X80.714 Y181.554
G1 X81.013 Y181.647
G1 X81.103 Y181.585
G1 X81.090 Y180.868
G1 X81.174 Y180.597
G1 X81.103 Y180.038
G1 X81.174 Y180.597
G1 X81.470 Y180.792
G1 X81.908 Y181.496
G1 X82.342 Y181.645
G1 X82.431 Y181.298
G1 X82.314 Y180.060
G1 X82.371 Y179.918
G1 X82.735 Y179.839
G1 X83.460 Y180.031
G1 X83.626 Y181.269
G1 X83.810 Y181.847
G0 Z5.000 F500.000
G0 X85.067 Y181.915 F3000.000
G1 Z1.000 F500.000
G4 P100
G1 X84.904 Y181.661 F1000.000
G1 X84.791 Y181.140
G1 X84.818 Y180.040
G1 X84.825 Y180.563
G1 X85.197 Y180.791
G1 X85.575 Y181.454
G1 X86.136 Y181.644
G1 X86.158 Y181.740
G1 X86.024 Y180.077
G0 Z5.000 F500.000
G0 X87.591 Y181.928 F3000.000
G1 Z1.000 F500.000
G4 P100
G1 X87.429 Y181.764 F1000.000
G1 X87.302 Y181.253
G1 X87.276 Y180.299
G1 X87.403 Y180.132
G1 X87.572 Y180.142
G1 X88.007 Y180.587
G1 X88.336 Y180.702
G1 X88.380 Y180.062
G1 X88.336 Y180.702
G1 X88.660 Y181.871
G0 Z5.000 F500.000
G0 X89.886 Y181.937 F3000.000
G1 Z1.000 F500.000
G4 P100
G1 X89.710 Y181.748 F1000.000
G1 X89.574 Y181.135
G1 X89.606 Y180.053
G1 X89.649 Y180.570
G1 X89.953 Y180.768
G1 X90.362 Y181.481
G1 X90.769 Y181.648
G1 X90.872 Y181.427
G1 X90.829 Y180.882
G1 X90.914 Y180.597
G1 X90.843 Y180.038
G1 X90.914 Y180.597
G1 X91.210 Y180.792
G1 X91.659 Y181.506
G1 X92.117 Y181.630
G1 X92.170 Y181.261
G1 X92.054 Y180.060
G0 Z5.000 F500.000
G0 X83.861 Y182.799 F3000.000
G1 Z1.000 F500.000
G4 P100
G1 X83.996 Y182.821 F1000.000
G0 Z5.000 F500.000
G0 X95.561 Y181.222 F3000.000
G1 Z1.000 F500.000
G4 P100
G1 X95.642 Y181.548 F1000.000
G1 X95.482 Y181.803
G1 X95.146 Y181.832
G1 X94.819 Y181.631
G1 X94.529 Y180.973
G1 X94.535 Y180.586
G1 X94.654 Y180.282
G1 X94.977 Y180.041
G1 X95.425 Y180.017
G1 X95.807 Y180.222
G1 X96.006 Y180.582
G0 Z5.000 F500.000
G0 X96.390 Y180.638 F3000.000
G1 Z1.000 F500.000
G4 P100
G1 X96.443 Y181.267 F1000.000
G1 X96.675 Y181.667
G1 X97.118 Y181.813
G1 X97.527 Y181.651
G1 X97.667 Y181.381
G1 X97.722 Y180.970
G1 X97.624 Y180.484
G1 X97.423 Y180.174
G1 X97.054 Y180.035
G1 X96.724 Y180.074
G1 X96.506 Y180.271
G1 X96.390 Y180.638
G0 Z5.000 F500.000
G0 X98.997 Y181.915 F3000.000
G1 Z1.000 F500.000
G4 P100
G1 X98.834 Y181.661 F1000.000
G1 X98.721 Y181.140
G1 X98.748 Y180.040
G1 X98.755 Y180.563
G1 X99.127 Y180.791
G1 X99.505 Y181.454
G1 X100.066 Y181.644
G1 X100.088 Y181.740
G1 X99.954 Y180.077
G0 Z5.000 F500.000
G0 X100.857 Y181.854 F3000.000
G1 Z1.000 F500.000
G4 P100
G1 X101.330 Y181.823 F1000.000
G1 X101.462 Y181.935
G1 X101.472 Y182.421
G1 X101.726 Y183.307
G1 X101.987 Y183.746
G1 X102.278 Y183.884
G1 X102.518 Y183.694
G1 X102.537 Y183.165
G1 X102.382 Y182.724
G1 X101.975 Y182.181
G1 X101.902 Y181.937
G1 X102.253 Y181.867
G1 X102.673 Y181.947
G1 X102.253 Y181.867
G1 X101.462 Y181.935
G1 X101.374 Y181.840
G1 X101.391 Y180.738
G1 X101.607 Y180.179
G1 X102.081 Y180.017
G1 X102.357 Y180.106
G1 X102.524 Y180.275
G1 X103.057 Y180.020
G1 X103.237 Y181.298
G1 X103.415 Y181.847
G0 Z5.000 F500.000
G0 X104.672 Y181.915 F3000.000
G1 Z1.000 F500.000
G4 P100
G1 X104.509 Y181.661 F1000.000
G1 X104.396 Y181.140
G1 X104.423 Y180.040
G1 X104.430 Y180.563
G1 X104.802 Y180.791
G1 X105.180 Y181.454
G1 X105.741 Y181.644
G1 X105.763 Y181.740
G1 X105.629 Y180.077
G0 Z5.000 F500.000
G0 X107.196 Y181.928 F3000.000
G1 Z1.000 F500.000
G4 P100
G1 X107.034 Y181.764 F1000.000
G1 X106.907 Y181.253
G1 X106.881 Y180.299
G1 X107.008 Y180.132
G1 X107.177 Y180.142
G1 X107.612 Y180.587
G1 X107.941 Y180.702
G1 X107.985 Y180.062
G1 X107.941 Y180.702
G1 X108.258 Y181.867
G1 X108.973 Y182.103
G1 X109.540 Y182.036
G1 X109.344 Y181.764
G1 X109.231 Y181.324
G1 X109.143 Y180.702
G1 X109.186 Y180.312
G1 X109.318 Y180.132
G1 X109.480 Y180.139
G1 X109.928 Y180.592
G1 X110.251 Y180.702
G1 X110.295 Y180.062
G1 X110.251 Y180.702
G1 X110.575 Y181.871
G0 Z5.000 F500.000
G0 X111.801 Y181.937 F3000.000
G1 Z1.000 F500.000
G4 P100
G1 X111.625 Y181.748 F1000.000
G1 X111.489 Y181.135
G1 X111.521 Y180.053
G1 X111.564 Y180.570
G1 X111.868 Y180.768
G1 X112.277 Y181.481
G1 X112.684 Y181.648
G1 X112.787 Y181.427
G1 X112.744 Y180.882
G1 X112.829 Y180.597
G1 X112.758 Y180.038
G1 X112.829 Y180.597
G1 X113.125 Y180.792
G1 X113.574 Y181.506
G1 X114.032 Y181.630
G1 X114.085 Y181.261
G1 X113.969 Y180.060
G0 Z5.000 F500.000
G0 X103.466 Y182.799 F3000.000
G1 Z1.000 F500.000
G4 P100
G1 X103.601 Y182.821 F1000.000
G0 Z5.000 F500.000
G0 X116.829 Y181.923 F3000.000
G1 Z1.000 F500.000
G4 P100
G1 X116.679 Y181.767 F1000.000
G1 X116.523 Y181.083
G1 X116.609 Y180.563
G1 X116.566 Y180.036
G1 X116.609 Y180.563
G1 X116.904 Y180.747
G1 X117.423 Y181.539
G1 X117.803 Y181.644
G1 X117.891 Y181.754
G1 X117.803 Y181.644
G1 X117.991 Y181.039
G1 X117.945 Y180.946
G1 X118.760 Y181.735
G1 X119.195 Y181.847
G1 X119.410 Y182.051
G1 X119.837 Y182.681
G1 X120.087 Y183.296
G1 X120.128 Y183.865
G1 X119.944 Y184.183
G1 X119.730 Y184.203
G1 X119.531 Y184.085
G1 X119.192 Y183.433
G1 X118.914 Y182.273
G1 X118.938 Y181.791
G1 X118.809 Y180.943
G1 X118.916 Y180.570
G1 X118.870 Y180.062
G1 X118.916 Y180.570
G1 X119.222 Y180.764
G1 X119.678 Y181.500
G1 X120.131 Y181.638
G1 X120.198 Y181.298
G1 X120.078 Y180.060
G0 Z5.000 F500.000
G0 X121.646 Y181.928 F3000.000
G1 Z1.000 F500.000
G4 P100
G1 X121.461 Y181.703 F1000.000
G1 X121.286 Y180.761
G1 X121.323 Y180.335
G1 X121.509 Y180.117
G1 X121.767 Y180.210
G1 X122.074 Y180.594
G1 X122.366 Y180.724
G1 X122.703 Y181.869
G1 X122.366 Y180.724
G1 X122.418 Y180.404
G1 X122.289 Y179.675
G1 X122.176 Y179.479
G1 X121.713 Y179.303
G1 X121.138 Y178.649
G1 X120.967 Y178.110
G1 X121.132 Y177.779
G1 X121.494 Y177.766
G1 X121.805 Y178.077
G1 X122.174 Y179.077
G1 X122.176 Y179.479
G0 Z5.000 F500.000
G0 X123.377 Y181.854 F3000.000
G1 Z1.000 F500.000
G4 P100
G1 X123.850 Y181.823 F1000.000
G1 X123.982 Y181.935
G1 X124.013 Y182.522
G1 X124.319 Y183.467
G1 X124.615 Y183.832
G1 X124.947 Y183.834
G1 X125.074 Y183.522
G1 X125.030 Y183.051
G1 X124.422 Y181.937
G1 X124.773 Y181.867
G1 X125.193 Y181.947
G1 X124.773 Y181.867
G1 X123.982 Y181.935
G1 X123.894 Y181.840
G1 X123.884 Y181.204
G1 X123.942 Y180.573
G1 X124.132 Y180.174
G1 X124.491 Y180.015
G1 X124.914 Y180.129
G1 X125.123 Y180.457
G1 X125.515 Y181.647
G1 X126.156 Y181.907
G1 X126.803 Y182.870
G1 X127.010 Y183.702
G1 X126.959 Y184.004
G1 X126.802 Y184.190
G1 X126.586 Y184.200
G1 X126.391 Y184.074
G1 X126.055 Y183.412
G1 X125.783 Y182.266
G1 X125.808 Y181.791
G1 X125.703 Y181.497
G1 X125.679 Y180.936
G1 X125.786 Y180.570
G1 X125.740 Y180.062
G1 X125.786 Y180.570
G1 X126.092 Y180.764
G1 X126.548 Y181.500
G1 X127.001 Y181.638
G1 X127.068 Y181.298
G1 X126.948 Y180.060
G0 Z5.000 F500.000
G0 X128.501 Y181.937 F3000.000
G1 Z1.000 F500.000
G4 P100
G1 X128.325 Y181.748 F1000.000
G1 X128.189 Y181.135
G1 X128.221 Y180.053
G1 X128.264 Y180.570
G1 X128.568 Y180.768
G1 X128.977 Y181.481
G1 X129.384 Y181.648
G1 X129.487 Y181.427
G1 X129.444 Y180.882
G1 X129.529 Y180.597
G1 X129.458 Y180.038
G1 X129.529 Y180.597
G1 X129.825 Y180.792
G1 X130.274 Y181.506
G1 X130.732 Y181.630
G1 X130.785 Y181.261
G1 X130.669 Y180.060
G0 Z5.000 F500.000
G0 X20.706 Y171.694 F3000.000
G1 Z1.000 F500.000
G4 P100
G1 X21.088 Y171.847 F1000.000
G1 X21.756 Y172.901
G1 X21.905 Y173.680
G1 X21.841 Y173.939
G1 X21.686 Y174.099
G1 X21.469 Y174.098
G1 X21.278 Y173.966
G1 X20.948 Y173.301
G1 X20.681 Y172.169
G1 X20.706 Y171.694
G1 X20.600 Y171.400
G1 X20.576 Y170.839
G1 X20.684 Y170.473
G1 X20.637 Y169.965
G1 X20.684 Y170.473
G1 X20.989 Y170.667
G1 X21.446 Y171.403
G1 X21.899 Y171.541
G1 X21.966 Y171.201
G1 X21.846 Y169.963
G0 Z5.000 F500.000
G0 X24.151 Y170.268 F3000.000
G1 Z1.000 F500.000
G4 P100
G1 X24.375 Y171.514 F1000.000
G1 X23.940 Y171.767
G1 X23.557 Y171.609
G1 X23.237 Y171.269
G1 X23.040 Y170.815
G1 X23.002 Y170.336
G1 X23.100 Y170.062
G1 X23.292 Y169.921
G1 X23.535 Y169.933
G1 X23.846 Y170.193
G1 X24.151 Y170.268
G1 X24.187 Y169.973
G0 Z5.000 F500.000
G0 X25.719 Y171.818 F3000.000
G1 Z1.000 F500.000
G4 P100
G1 X25.556 Y171.564 F1000.000
G1 X25.443 Y171.043
G1 X25.470 Y169.943
G1 X25.478 Y170.466
G1 X25.850 Y170.694
G1 X26.227 Y171.357
G1 X26.789 Y171.547
G1 X26.811 Y171.643
G1 X26.676 Y169.980
G0 Z5.000 F500.000
G0 X29.078 Y171.713 F3000.000
G1 Z1.000 F500.000
G4 P100
G1 X29.460 Y173.727 F1000.000
G1 X29.648 Y174.035
G1 X29.989 Y174.067
G1 X30.144 Y173.721
G1 X30.115 Y173.087
G1 X29.580 Y171.484
G1 X29.115 Y171.206
G1 X29.004 Y171.397
G1 X29.038 Y171.757
G1 X28.567 Y171.700
G1 X28.250 Y171.494
G1 X28.000 Y171.162
G1 X27.874 Y170.773
G1 X27.852 Y170.395
G1 X28.012 Y169.995
G1 X28.227 Y169.913
G1 X28.548 Y169.986
G1 X29.120 Y170.332
G1 X29.305 Y169.897
G1 X29.119 Y170.339
G1 X29.115 Y171.206
G0 Z5.000 F500.000
G0 X30.530 Y171.762 F3000.000
G1 Z1.000 F500.000
G4 P100
G1 X30.468 Y171.693 F1000.000
G1 X30.533 Y170.299
G1 X30.597 Y170.061
G1 X30.748 Y169.963
G1 X31.022 Y170.122
G1 X31.443 Y170.943
G1 X31.653 Y171.074
G1 X31.968 Y171.069
G1 X31.771 Y171.611
G1 X31.805 Y171.740
G1 X31.774 Y171.601
G1 X31.977 Y171.110
G1 X31.902 Y171.032
G1 X31.653 Y171.074
G1 X31.786 Y170.783
G1 X31.821 Y170.186
G1 X31.947 Y169.969
G1 X32.196 Y170.022
G1 X33.123 Y171.733
G0 Z5.000 F500.000
G0 X34.287 Y171.826 F3000.000
G1 Z1.000 F500.000
G4 P100
G1 X34.136 Y171.670 F1000.000
G1 X33.981 Y170.986
G1 X34.067 Y170.466
G1 X34.023 Y169.939
G1 X34.067 Y170.466
G1 X34.366 Y170.656
G1 X34.813 Y171.387
G1 X35.349 Y171.657
G1 X35.261 Y171.547
G1 X35.449 Y170.942
G1 X35.402 Y170.849
G1 X35.449 Y170.942
G1 X35.764 Y171.034
G1 X35.924 Y170.098
G1 X35.996 Y169.928
G1 X36.144 Y169.910
G1 X36.454 Y171.693
G1 X36.678 Y171.775
G1 X37.020 Y171.710
G1 X37.256 Y171.804
G1 X37.677 Y171.743
G1 X37.765 Y171.838
G1 X37.780 Y172.353
G1 X38.048 Y173.257
G1 X38.300 Y173.659
G1 X38.580 Y173.787
G1 X38.820 Y173.597
G1 X38.839 Y173.068
G1 X38.684 Y172.627
G1 X38.278 Y172.084
G1 X38.204 Y171.840
G1 X38.555 Y171.770
G1 X38.976 Y171.850
G1 X38.555 Y171.770
G1 X37.765 Y171.838
G1 X37.677 Y171.743
G1 X37.694 Y170.641
G1 X37.909 Y170.082
G1 X38.383 Y169.920
G1 X38.659 Y170.009
G1 X38.827 Y170.178
G1 X39.360 Y169.923
G1 X39.539 Y171.201
G1 X39.718 Y171.750
G0 Z5.000 F500.000
G0 X40.974 Y171.818 F3000.000
G1 Z1.000 F500.000
G4 P100
G1 X40.811 Y171.564 F1000.000
G1 X40.698 Y171.043
G1 X40.725 Y169.943
G1 X40.733 Y170.466
G1 X41.105 Y170.694
G1 X41.482 Y171.357
G1 X42.044 Y171.547
G1 X42.066 Y171.643
G1 X41.931 Y169.980
G0 Z5.000 F500.000
G0 X44.035 Y169.379 F3000.000
G1 Z1.000 F500.000
G4 P100
G1 X43.701 Y169.299 F1000.000
G1 X43.020 Y168.578
G1 X42.830 Y168.039
G1 X42.985 Y167.687
G1 X43.290 Y167.646
G1 X43.567 Y167.839
G1 X43.809 Y168.264
G1 X44.035 Y168.977
G1 X44.035 Y169.379
G1 X44.210 Y169.836
G1 X44.179 Y170.158
G1 X43.645 Y169.924
G1 X43.406 Y169.917
G1 X43.166 Y170.098
G1 X43.080 Y170.457
G1 X43.152 Y170.911
G1 X43.358 Y171.322
G1 X43.670 Y171.628
G1 X44.030 Y171.768
G1 X44.452 Y171.514
G1 X44.179 Y170.158
G0 Z5.000 F500.000
G0 X36.574 Y172.702 F3000.000
G1 Z1.000 F500.000
G4 P100
G1 X36.708 Y172.724 F1000.000
G0 Z5.000 F500.000
G0 X39.769 Y172.702 F3000.000
G1 Z1.000 F500.000
G4 P100
G1 X39.903 Y172.724 F1000.000
G0 Z5.000 F500.000
G0 X47.834 Y171.125 F3000.000
G1 Z1.000 F500.000
G4 P100
G1 X47.915 Y171.451 F1000.000
G1 X47.754 Y171.706
G1 X47.419 Y171.735
G1 X47.091 Y171.534
G1 X46.801 Y170.876
G1 X46.807 Y170.489
G1 X46.927 Y170.185
G1 X47.250 Y169.944
G1 X47.698 Y169.920
G1 X48.079 Y170.125
G1 X48.278 Y170.485
G0 Z5.000 F500.000
G0 X48.663 Y170.541 F3000.000
G1 Z1.000 F500.000
G4 P100
G1 X48.715 Y171.170 F1000.000
G1 X48.947 Y171.570
G1 X49.390 Y171.716
G1 X49.799 Y171.554
G1 X49.940 Y171.284
G1 X49.995 Y170.873
G1 X49.897 Y170.387
G1 X49.696 Y170.077
G1 X49.326 Y169.938
G1 X48.996 Y169.977
G1 X48.778 Y170.174
G1 X48.663 Y170.541
G0 Z5.000 F500.000
G0 X51.269 Y171.818 F3000.000
G1 Z1.000 F500.000
G4 P100
G1 X51.106 Y171.564 F1000.000
G1 X50.993 Y171.043
G1 X51.020 Y169.943
G1 X51.028 Y170.466
G1 X51.400 Y170.694
G1 X51.777 Y171.357
G1 X52.339 Y171.547
G1 X52.361 Y171.643
G1 X52.226 Y169.980
G0 Z5.000 F500.000
G0 X53.749 Y171.818 F3000.000
G1 Z1.000 F500.000
G4 P100
G1 X53.586 Y171.564 F1000.000
G1 X53.473 Y171.043
G1 X53.500 Y169.943
G1 X53.508 Y170.466
G1 X53.880 Y170.694
G1 X54.257 Y171.357
G1 X54.819 Y171.547
G1 X54.841 Y171.643
G1 X54.694 Y170.033
G1 X54.791 Y169.875
G1 X55.705 Y170.442
G1 X56.495 Y170.665
G1 X56.881 Y170.923
G1 X57.032 Y171.227
G1 X56.991 Y171.543
G1 X56.789 Y171.721
G1 X56.470 Y171.737
G1 X56.119 Y171.526
G1 X55.891 Y171.121
G1 X55.840 Y170.701
G1 X55.988 Y170.163
G1 X56.324 Y169.928
G1 X56.796 Y169.912
G1 X57.178 Y170.114
G1 X57.384 Y170.471
G0 Z5.000 F500.000
G0 X58.854 Y171.125 F3000.000
G1 Z1.000 F500.000
G4 P100
G1 X58.929 Y171.487 F1000.000
G1 X58.721 Y171.730
G1 X58.342 Y171.700
G1 X58.010 Y171.408
G1 X57.851 Y171.042
G1 X57.813 Y170.605
G1 X57.905 Y170.254
G1 X58.112 Y170.022
G1 X58.696 Y169.916
G1 X59.185 Y170.226
G1 X59.316 Y170.672
G1 X59.315 Y171.617
G1 X59.470 Y171.797
G1 X59.881 Y171.725
G1 X60.020 Y171.838
G1 X60.025 Y172.296
G1 X60.253 Y173.136
G1 X60.501 Y173.599
G1 X60.769 Y173.780
G1 X61.055 Y173.645
G1 X61.102 Y173.112
G1 X60.946 Y172.640
G1 X60.533 Y172.084
G1 X60.459 Y171.840
G1 X60.810 Y171.770
G1 X61.231 Y171.850
G1 X60.810 Y171.770
G1 X60.020 Y171.838
G1 X59.932 Y171.743
G1 X59.949 Y170.641
G1 X60.164 Y170.082
G1 X60.638 Y169.920
G1 X60.914 Y170.009
G1 X61.082 Y170.178
G1 X61.615 Y169.923
G1 X61.794 Y171.201
G1 X61.973 Y171.750
G0 Z5.000 F500.000
G0 X63.162 Y171.570 F3000.000
G1 Z1.000 F500.000
G4 P100
G1 X63.439 Y171.694 F1000.000
G1 X63.758 Y171.698
G1 X63.978 Y171.590
G1 X64.129 Y171.360
G1 X64.211 Y170.924
G1 X64.145 Y170.491
G1 X63.994 Y170.168
G1 X63.763 Y169.985
G1 X63.245 Y169.963
G1 X62.940 Y170.287
G1 X62.885 Y170.948
G1 X62.982 Y171.315
G1 X63.162 Y171.570
G0 Z5.000 F500.000
G0 X65.484 Y171.818 F3000.000
G1 Z1.000 F500.000
G4 P100
G1 X65.321 Y171.564 F1000.000
G1 X65.208 Y171.043
G1 X65.235 Y169.943
G1 X65.243 Y170.466
G1 X65.615 Y170.694
G1 X65.992 Y171.357
G1 X66.554 Y171.547
G1 X66.576 Y171.643
G1 X66.441 Y169.980
G0 Z5.000 F500.000
G0 X67.693 Y170.092 F3000.000
G1 Z1.000 F500.000
G4 P100
G1 X67.730 Y170.129 F1000.000
G0 Z5.000 F500.000
G0 X62.024 Y172.702 F3000.000
G1 Z1.000 F500.000
G4 P100
G1 X62.158 Y172.724 F1000.000
G0 Z5.000 F500.000
G0 X71.182 Y170.007 F3000.000
G1 Z1.000 F500.000
G4 P100
G1 X71.718 Y173.310 F1000.000
G1 X71.629 Y173.496
G1 X71.198 Y173.519
G1 X70.636 Y173.360
G1 X70.311 Y173.117
G1 X70.186 Y172.751
G1 X70.281 Y172.360
G1 X70.186 Y172.700
G1 X70.266 Y173.050
G1 X70.520 Y173.298
G1 X70.933 Y173.460
G1 X71.400 Y173.539
G1 X71.707 Y173.457
G1 X71.977 Y173.582
G1 X72.459 Y173.603
G1 X73.292 Y173.584
G1 X73.609 Y173.459
G1 X73.934 Y173.533
G1 X74.537 Y173.457
G1 X73.934 Y173.533
G1 X73.609 Y173.459
G1 X73.133 Y170.554
G1 X73.323 Y170.094
G1 X73.793 Y169.944
G1 X74.289 Y170.135
G1 X74.661 Y170.617
G0 Z5.000 F500.000
G0 X74.707 Y170.510 F3000.000
G1 Z1.000 F500.000
G4 P100
G1 X75.394 Y170.707 F1000.000
G1 X75.775 Y171.047
G1 X75.846 Y171.315
G1 X75.786 Y171.562
G1 X75.629 Y171.707
G1 X75.379 Y171.752
G1 X74.966 Y171.568
G1 X74.694 Y171.115
G1 X74.651 Y170.660
G1 X74.730 Y170.294
G1 X74.877 Y170.088
G1 X75.285 Y169.904
G1 X75.805 Y169.942
G1 X76.384 Y170.264
G1 X76.626 Y170.617
G0 Z5.000 F500.000
G0 X77.710 Y170.158 F3000.000
G1 Z1.000 F500.000
G4 P100
G1 X78.023 Y170.925 F1000.000
G1 X77.967 Y171.546
G1 X77.793 Y171.709
G1 X77.564 Y171.738
G1 X76.824 Y171.386
G1 X76.785 Y171.726
G1 X76.766 Y170.649
G1 X76.667 Y170.246
G1 X76.807 Y169.895
G1 X76.595 Y168.413
G1 X76.343 Y167.747
G1 X76.148 Y167.631
G1 X75.936 Y167.670
G1 X75.772 Y168.025
G1 X75.822 Y168.666
G1 X76.212 Y169.846
G1 X76.442 Y170.159
G1 X76.667 Y170.246
G1 X76.870 Y169.885
G1 X77.240 Y169.914
G1 X77.710 Y170.158
G1 X77.965 Y169.944
G1 X78.313 Y169.938
G1 X78.790 Y170.240
G1 X79.133 Y170.790
G1 X79.317 Y170.924
G1 X79.814 Y171.088
G1 X80.275 Y171.077
G1 X80.444 Y170.849
G1 X80.377 Y170.534
G1 X80.216 Y170.192
G1 X79.957 Y169.971
G1 X79.650 Y169.905
G1 X79.361 Y169.993
G1 X79.141 Y170.215
G1 X79.033 Y170.539
G1 X79.040 Y170.969
G1 X79.164 Y171.335
G1 X79.391 Y171.599
G1 X79.698 Y171.731
G1 X80.107 Y171.608
G1 X80.444 Y170.849
G1 X80.842 Y170.842
G1 X81.250 Y170.961
G0 Z5.000 F500.000
G0 X82.596 Y170.561 F3000.000
G1 Z1.000 F500.000
G4 P100
G1 X82.506 Y170.260 F1000.000
G1 X82.606 Y170.009
G1 X82.876 Y169.913
G1 X83.160 Y170.011
G1 X83.427 Y170.373
G1 X83.619 Y171.023
G1 X83.312 Y171.670
G1 X83.057 Y171.729
G1 X82.846 Y171.587
G1 X82.794 Y171.406
G1 X82.966 Y171.699
G1 X83.312 Y171.670
G1 X83.619 Y171.023
G1 X84.017 Y171.113
G1 X84.137 Y171.692
G1 X84.273 Y171.831
G1 X84.137 Y171.692
G1 X84.017 Y171.113
G1 X84.115 Y170.434
G1 X84.020 Y169.873
G1 X84.115 Y170.434
G1 X84.562 Y170.676
G1 X84.768 Y171.380
G1 X85.137 Y171.727
G1 X85.534 Y171.675
G1 X85.641 Y171.304
G1 X85.580 Y171.142
G1 X85.627 Y171.530
G1 X85.377 Y171.746
G1 X85.070 Y171.698
G1 X84.813 Y171.456
G1 X84.562 Y170.676
G1 X84.845 Y170.104
G1 X85.177 Y169.915
G1 X85.559 Y169.944
G1 X86.013 Y170.296
G1 X86.197 Y170.622
G0 Z5.000 F500.000
G0 X86.242 Y170.510 F3000.000
G1 Z1.000 F500.000
G4 P100
G1 X86.929 Y170.707 F1000.000
G1 X87.310 Y171.047
G1 X87.381 Y171.315
G1 X87.321 Y171.562
G1 X87.164 Y171.707
G1 X86.914 Y171.752
G1 X86.501 Y171.568
G1 X86.229 Y171.115
G1 X86.186 Y170.660
G1 X86.265 Y170.294
G1 X86.412 Y170.088
G1 X86.820 Y169.904
G1 X87.340 Y169.942
G1 X87.919 Y170.264
G1 X88.161 Y170.617
G0 Z5.000 F500.000
G0 X88.134 Y170.695 F3000.000
G1 Z1.000 F500.000
G4 P100
G1 X87.981 Y170.456 F1000.000
G1 X88.009 Y170.110
G1 X88.180 Y169.942
G1 X88.454 Y169.958
G1 X88.739 Y170.221
G1 X89.198 Y171.184
G1 X89.587 Y171.606
G1 X89.521 Y171.450
G1 X89.664 Y171.125
G1 X89.671 Y170.365
G1 X89.821 Y169.985
G1 X90.078 Y169.914
G1 X90.361 Y170.003
G1 X90.729 Y170.368
G1 X90.846 Y170.617
G0 Z5.000 F500.000
G0 X92.075 Y170.354 F3000.000
G1 Z1.000 F500.000
G4 P100
G1 X92.290 Y171.533 F1000.000
G1 X91.795 Y171.757
G1 X91.340 Y171.503
G1 X91.013 Y171.013
G1 X90.907 Y170.384
G1 X91.086 Y169.989
G1 X91.511 Y169.929
G1 X92.075 Y170.354
G1 X92.305 Y169.981
G1 X92.596 Y169.937
G1 X93.021 Y170.239
G1 X93.257 Y170.620
G0 Z5.000 F500.000
G0 X93.659 Y171.840 F3000.000
G1 Z1.000 F500.000
G4 P100
G1 X93.483 Y171.651 F1000.000
G1 X93.349 Y171.052
G1 X93.378 Y169.956
G1 X93.422 Y170.473
G1 X93.725 Y170.671
G1 X94.120 Y171.368
G1 X94.459 Y171.543
G1 X94.603 Y171.531
G1 X94.647 Y171.309
G1 X94.616 Y169.941
G1 X94.687 Y170.500
G1 X94.958 Y170.667
G1 X95.327 Y171.296
G1 X95.635 Y171.519
G1 X95.916 Y171.483
G1 X95.808 Y170.315
G1 X95.914 Y169.992
G1 X96.189 Y169.926
G1 X96.463 Y170.013
G1 X96.837 Y170.350
G1 X96.977 Y170.620
G0 Z5.000 F500.000
G0 X97.022 Y170.510 F3000.000
G1 Z1.000 F500.000
G4 P100
G1 X97.709 Y170.707 F1000.000
G1 X98.090 Y171.047
G1 X98.161 Y171.315
G1 X98.101 Y171.562
G1 X97.944 Y171.707
G1 X97.694 Y171.752
G1 X97.281 Y171.568
G1 X97.009 Y171.115
G1 X96.966 Y170.660
G1 X97.045 Y170.294
G1 X97.192 Y170.088
G1 X97.600 Y169.904
G1 X98.120 Y169.942
G1 X98.699 Y170.264
G1 X98.941 Y170.617
G0 Z5.000 F500.000
G0 X98.914 Y170.695 F3000.000
G1 Z1.000 F500.000
G4 P100
G1 X98.761 Y170.456 F1000.000
G1 X98.789 Y170.110
G1 X98.960 Y169.942
G1 X99.234 Y169.958
G1 X99.519 Y170.221
G1 X99.978 Y171.184
G1 X100.367 Y171.606
G1 X100.301 Y171.450
G1 X100.444 Y171.125
G1 X100.451 Y170.365
G1 X100.601 Y169.985
G1 X100.858 Y169.914
G1 X101.141 Y170.003
G1 X101.509 Y170.368
G1 X101.626 Y170.617
G0 Z5.000 F500.000
G0 X103.055 Y170.090 F3000.000
G1 Z1.000 F500.000
G4 P100
G1 X103.197 Y170.628 F1000.000
G1 X103.125 Y170.893
G1 X102.857 Y171.089
G1 X102.544 Y171.078
G1 X102.262 Y170.944
G1 X102.070 Y171.114
G1 X101.869 Y171.338
G1 X101.960 Y171.673
G1 X102.113 Y171.809
G1 X101.949 Y171.646
G1 X101.824 Y170.906
G1 X101.901 Y170.789
G1 X102.262 Y170.944
G1 X101.901 Y170.789
G1 X101.845 Y170.837
G1 X101.770 Y170.567
G1 X101.858 Y170.216
G1 X102.081 Y169.989
G1 X102.459 Y169.891
G1 X103.023 Y170.110
G1 X103.262 Y169.933
G1 X103.580 Y169.947
G1 X104.010 Y170.225
G1 X104.271 Y170.617
G0 Z5.000 F500.000
G0 X104.657 Y171.826 F3000.000
G1 Z1.000 F500.000
G4 P100
G1 X104.506 Y171.671 F1000.000
G1 X104.394 Y171.195
G1 X104.359 Y169.890
G1 X104.326 Y170.537
G1 X104.408 Y170.888
G1 X105.496 Y170.825
G1 X105.811 Y171.774
G1 X105.496 Y170.825
G1 X105.513 Y170.186
G1 X105.686 Y169.949
G1 X106.161 Y170.033
G1 X106.536 Y170.380
G1 X106.746 Y170.779
G1 X107.430 Y171.082
G1 X107.890 Y171.076
G1 X108.027 Y170.993
G1 X107.996 Y170.548
G1 X107.790 Y170.141
G1 X107.511 Y169.946
G1 X107.178 Y169.914
G1 X106.887 Y170.058
G1 X106.697 Y170.340
G1 X106.636 Y170.758
G1 X106.717 Y171.202
G1 X106.918 Y171.523
G1 X107.220 Y171.708
G1 X107.489 Y171.733
G1 X107.707 Y171.624
G1 X108.059 Y170.849
G1 X108.457 Y170.842
G1 X108.865 Y170.961
G0 Z5.000 F500.000
G0 X110.612 Y171.826 F3000.000
G1 Z1.000 F500.000
G4 P100
G1 X110.461 Y171.671 F1000.000
G1 X110.349 Y171.195
G1 X110.314 Y169.890
G1 X110.281 Y170.537
G1 X110.363 Y170.888
G1 X111.451 Y170.825
G1 X111.766 Y171.774
G1 X111.451 Y170.825
G1 X111.537 Y170.009
G1 X111.795 Y169.927
G1 X112.079 Y170.010
G1 X112.468 Y170.352
G1 X112.601 Y170.617
G0 Z5.000 F500.000
G0 X112.647 Y170.510 F3000.000
G1 Z1.000 F500.000
G4 P100
G1 X113.334 Y170.707 F1000.000
G1 X113.715 Y171.047
G1 X113.786 Y171.315
G1 X113.726 Y171.562
G1 X113.569 Y171.707
G1 X113.319 Y171.752
G1 X112.906 Y171.568
G1 X112.634 Y171.115
G1 X112.591 Y170.660
G1 X112.670 Y170.294
G1 X112.817 Y170.088
G1 X113.225 Y169.904
G1 X113.745 Y169.942
G1 X114.324 Y170.264
G1 X114.566 Y170.617
G0 Z5.000 F500.000
G0 X116.294 Y171.840 F3000.000
G1 Z1.000 F500.000
G4 P100
G1 X116.117 Y171.651 F1000.000
G1 X115.979 Y171.036
G1 X116.059 Y170.463
G1 X116.013 Y169.956
G1 X116.059 Y170.463
G1 X116.362 Y170.661
G1 X116.784 Y171.369
G1 X117.079 Y171.534
G1 X117.304 Y171.489
G1 X117.209 Y170.216
G1 X117.285 Y170.013
G1 X117.478 Y169.933
G1 X117.906 Y170.043
G1 X118.261 Y170.381
G1 X118.470 Y170.779
G1 X119.154 Y171.083
G1 X119.615 Y171.076
G1 X119.752 Y170.993
G1 X119.727 Y170.570
G1 X119.529 Y170.157
G1 X119.256 Y169.953
G1 X118.918 Y169.912
G1 X118.624 Y170.048
G1 X118.427 Y170.326
G1 X118.360 Y170.744
G1 X118.439 Y171.195
G1 X118.638 Y171.517
G1 X118.938 Y171.706
G1 X119.207 Y171.734
G1 X119.427 Y171.629
G1 X119.784 Y170.849
G1 X120.182 Y170.842
G1 X120.590 Y170.961
G0 Z5.000 F500.000
G0 X121.580 Y169.379 F3000.000
G1 Z1.000 F500.000
G4 P100
G1 X121.576 Y168.962 F1000.000
G1 X121.200 Y167.966
G1 X120.889 Y167.665
G1 X120.529 Y167.688
G1 X120.375 Y168.017
G1 X120.535 Y168.528
G1 X121.200 Y169.262
G1 X121.580 Y169.379
G1 X121.839 Y169.939
G1 X121.732 Y170.161
G1 X122.005 Y171.506
G1 X121.565 Y171.768
G1 X121.244 Y171.646
G1 X120.955 Y171.390
G1 X120.720 Y170.978
G1 X120.626 Y170.507
G1 X120.681 Y170.155
G1 X120.895 Y169.935
G1 X121.171 Y169.918
G1 X121.732 Y170.161
G1 X121.842 Y169.946
G1 X122.088 Y169.968
G1 X122.894 Y170.556
G0 Z5.000 F500.000
G0 X123.407 Y171.826 F3000.000
G1 Z1.000 F500.000
G4 P100
G1 X123.256 Y171.671 F1000.000
G1 X123.144 Y171.195
G1 X123.109 Y169.890
G1 X123.076 Y170.537
G1 X123.158 Y170.888
G1 X124.246 Y170.825
G1 X124.561 Y171.774
G1 X124.246 Y170.825
G1 X124.332 Y170.009
G1 X124.590 Y169.927
G1 X124.874 Y170.010
G1 X125.263 Y170.352
G1 X125.396 Y170.617
G0 Z5.000 F500.000
G0 X125.813 Y171.831 F3000.000
G1 Z1.000 F500.000
G4 P100
G1 X125.635 Y171.626 F1000.000
G1 X125.462 Y170.750
G1 X125.469 Y170.305
G1 X125.625 Y170.037
G1 X125.892 Y170.093
G1 X126.214 Y170.475
G1 X126.502 Y170.595
G1 X126.775 Y171.628
G1 X126.900 Y171.799
G1 X126.775 Y171.628
G1 X126.502 Y170.595
G1 X126.645 Y170.026
G1 X126.877 Y169.928
G1 X127.177 Y170.003
G1 X127.576 Y170.356
G1 X127.705 Y170.615
G0 Z5.000 F500.000
G0 X127.662 Y170.690 F3000.000
G1 Z1.000 F500.000
G4 P100
G1 X127.527 Y170.424 F1000.000
G1 X127.573 Y170.078
G1 X127.760 Y169.933
G1 X128.033 Y169.967
G1 X128.293 Y170.246
G1 X128.662 Y171.271
G1 X128.978 Y171.689
G1 X128.898 Y171.541
G1 X129.074 Y171.227
G1 X129.097 Y170.594
G1 X129.268 Y170.288
G1 X129.239 Y169.914
G1 X129.268 Y170.288
G1 X129.506 Y170.509
G1 X129.903 Y171.395
G1 X130.164 Y171.592
G1 X130.338 Y171.327
G1 X130.296 Y170.379
G1 X130.433 Y169.973
G1 X130.694 Y169.921
G1 X130.954 Y170.026
G1 X131.281 Y170.359
G1 X131.387 Y170.644
G0 Z5.000 F500.000
G0 X132.545 Y170.354 F3000.000
G1 Z1.000 F500.000
G4 P100
G1 X132.760 Y171.533 F1000.000
G1 X132.265 Y171.757
G1 X131.810 Y171.503
G1 X131.483 Y171.013
G1 X131.377 Y170.384
G1 X131.556 Y169.989
G1 X131.981 Y169.929
G1 X132.545 Y170.354
G1 X132.775 Y169.981
G1 X133.066 Y169.937
G1 X133.491 Y170.239
G1 X133.727 Y170.620
G0 Z5.000 F500.000
G0 X134.129 Y171.840 F3000.000
G1 Z1.000 F500.000
G4 P100
G1 X133.953 Y171.651 F1000.000
G1 X133.819 Y171.052
G1 X133.848 Y169.956
G1 X133.892 Y170.473
G1 X134.195 Y170.671
G1 X134.590 Y171.368
G1 X134.929 Y171.543
G1 X135.073 Y171.531
G1 X135.117 Y171.309
G1 X135.086 Y169.941
G1 X135.157 Y170.500
G1 X135.428 Y170.667
G1 X135.797 Y171.296
G1 X136.105 Y171.519
G1 X136.386 Y171.483
G1 X136.278 Y170.315
G1 X136.384 Y169.992
G1 X136.659 Y169.926
G1 X136.933 Y170.013
G1 X137.307 Y170.350
G1 X137.447 Y170.620
G0 Z5.000 F500.000
G0 X138.815 Y170.090 F3000.000
G1 Z1.000 F500.000
G4 P100
G1 X138.957 Y170.628 F1000.000
G1 X138.885 Y170.893
G1 X138.617 Y171.089
G1 X138.304 Y171.078
G1 X138.022 Y170.944
G1 X137.830 Y171.114
G1 X137.629 Y171.338
G1 X137.720 Y171.673
G1 X137.873 Y171.809
G1 X137.709 Y171.646
G1 X137.584 Y170.906
G1 X137.661 Y170.789
G1 X138.022 Y170.944
G1 X137.661 Y170.789
G1 X137.605 Y170.837
G1 X137.530 Y170.567
G1 X137.618 Y170.216
G1 X137.841 Y169.989
G1 X138.219 Y169.891
G1 X138.783 Y170.110
G1 X139.022 Y169.933
G1 X139.340 Y169.947
G1 X139.770 Y170.225
G1 X140.031 Y170.617
G0 Z5.000 F500.000
G0 X22.009 Y160.752 F3000.000
G1 Z1.000 F500.000
G4 P100
G1 X21.693 Y161.494 F1000.000
G1 X21.299 Y161.735
G1 X21.330 Y161.963
G1 X21.759 Y162.771
G1 X21.894 Y163.332
G1 X21.830 Y163.856
G1 X21.701 Y163.991
G1 X21.522 Y164.015
G1 X21.308 Y163.910
G1 X21.126 Y163.663
G1 X20.779 Y162.640
G1 X20.627 Y161.686
G1 X20.662 Y161.311
G1 X20.969 Y161.396
G1 X21.311 Y161.677
G1 X20.969 Y161.396
G1 X20.662 Y161.311
G1 X20.592 Y160.725
G1 X20.686 Y160.207
G1 X20.981 Y159.869
G1 X21.417 Y159.834
G1 X21.811 Y160.144
G1 X22.009 Y160.752
G1 X22.805 Y160.852
G0 Z5.000 F500.000
G0 X23.237 Y161.729 F3000.000
G1 Z1.000 F500.000
G4 P100
G1 X23.086 Y161.574 F1000.000
G1 X22.974 Y161.098
G1 X22.939 Y159.793
G1 X22.906 Y160.440
G1 X22.988 Y160.791
G1 X24.076 Y160.728
G1 X24.391 Y161.677
G1 X24.076 Y160.728
G1 X24.162 Y159.912
G1 X24.420 Y159.830
G1 X24.704 Y159.913
G1 X25.093 Y160.255
G1 X25.226 Y160.520
G0 Z5.000 F500.000
G0 X25.616 Y161.712 F3000.000
G1 Z1.000 F500.000
G4 P100
G1 X25.452 Y161.489 F1000.000
G1 X25.281 Y160.524
G1 X25.325 Y160.126
G1 X25.515 Y159.922
G1 X25.765 Y160.016
G1 X26.073 Y160.402
G1 X26.366 Y160.530
G1 X26.720 Y161.692
G1 X26.366 Y160.530
G1 X26.444 Y159.849
G1 X26.171 Y159.285
G1 X26.190 Y158.954
G1 X25.966 Y158.226
G1 X25.584 Y157.628
G1 X25.349 Y157.537
G1 X25.117 Y157.593
G1 X24.983 Y157.777
G1 X24.977 Y158.062
G1 X25.309 Y158.696
G1 X25.836 Y159.203
G1 X26.171 Y159.285
G1 X26.444 Y159.849
G1 X26.821 Y159.935
G1 X27.494 Y160.459
G0 Z5.000 F500.000
G0 X28.024 Y161.743 F3000.000
G1 Z1.000 F500.000
G4 P100
G1 X27.848 Y161.554 F1000.000
G1 X27.714 Y160.955
G1 X27.743 Y159.859
G1 X27.787 Y160.376
G1 X28.090 Y160.574
G1 X28.485 Y161.271
G1 X28.824 Y161.446
G1 X28.968 Y161.434
G1 X29.012 Y161.212
G1 X28.981 Y159.844
G1 X29.052 Y160.403
G1 X29.323 Y160.570
G1 X29.692 Y161.199
G1 X30.000 Y161.422
G1 X30.281 Y161.386
G1 X30.173 Y160.218
G1 X30.279 Y159.895
G1 X30.554 Y159.829
G1 X30.828 Y159.916
G1 X31.202 Y160.253
G1 X31.342 Y160.523
G0 Z5.000 F500.000
G0 X32.425 Y160.061 F3000.000
G1 Z1.000 F500.000
G4 P100
G1 X32.738 Y160.828 F1000.000
G1 X32.682 Y161.449
G1 X32.508 Y161.612
G1 X32.279 Y161.641
G1 X31.539 Y161.289
G1 X31.500 Y161.629
G1 X31.481 Y160.552
G1 X31.382 Y160.149
G1 X31.522 Y159.798
G1 X31.310 Y158.316
G1 X31.058 Y157.650
G1 X30.863 Y157.534
G1 X30.651 Y157.573
G1 X30.490 Y157.907
G1 X30.523 Y158.497
G1 X30.754 Y159.314
G1 X31.088 Y160.009
G1 X31.382 Y160.149
G1 X31.522 Y159.798
G1 X31.614 Y159.785
G1 X31.969 Y159.822
G1 X32.425 Y160.061
G1 X32.673 Y159.850
G1 X32.999 Y159.835
G1 X33.451 Y160.092
G1 X33.751 Y160.532
G0 Z5.000 F500.000
G0 X34.163 Y161.734 F3000.000
G1 Z1.000 F500.000
G4 P100
G1 X33.985 Y161.529 F1000.000
G1 X33.812 Y160.653
G1 X33.819 Y160.208
G1 X33.975 Y159.940
G1 X34.242 Y159.996
G1 X34.564 Y160.378
G1 X34.852 Y160.498
G1 X35.125 Y161.531
G1 X35.250 Y161.702
G1 X35.125 Y161.531
G1 X34.852 Y160.498
G1 X34.995 Y159.929
G1 X35.227 Y159.831
G1 X35.527 Y159.906
G1 X35.926 Y160.259
G1 X36.055 Y160.518
G0 Z5.000 F500.000
G0 X38.406 Y161.043 F3000.000
G1 Z1.000 F500.000
G4 P100
G1 X38.471 Y161.388 F1000.000
G1 X38.316 Y161.609
G1 X37.864 Y161.582
G1 X37.581 Y161.316
G1 X37.389 Y160.538
G1 X37.483 Y160.150
G1 X37.689 Y159.917
G1 X38.074 Y159.817
G1 X38.602 Y159.918
G1 X39.062 Y160.237
G1 X39.231 Y160.554
G0 Z5.000 F500.000
G0 X40.744 Y160.752 F3000.000
G1 Z1.000 F500.000
G4 P100
G1 X40.428 Y161.494 F1000.000
G1 X40.034 Y161.735
G1 X40.065 Y161.963
G1 X40.494 Y162.771
G1 X40.629 Y163.332
G1 X40.565 Y163.856
G1 X40.436 Y163.991
G1 X40.257 Y164.015
G1 X40.043 Y163.910
G1 X39.861 Y163.663
G1 X39.514 Y162.640
G1 X39.362 Y161.686
G1 X39.397 Y161.311
G1 X39.704 Y161.396
G1 X40.046 Y161.677
G1 X39.704 Y161.396
G1 X39.397 Y161.311
G1 X39.327 Y160.725
G1 X39.421 Y160.207
G1 X39.716 Y159.869
G1 X40.152 Y159.834
G1 X40.546 Y160.144
G1 X40.744 Y160.752
G1 X41.540 Y160.852
G0 Z5.000 F500.000
G0 X41.539 Y160.581 F3000.000
G1 Z1.000 F500.000
G4 P100
G1 X41.409 Y160.256 F1000.000
G1 X41.559 Y159.918
G1 X41.908 Y159.804
G1 X42.311 Y159.922
G1 X42.702 Y160.282
G1 X42.789 Y160.562
G1 X42.397 Y160.672
G1 X42.214 Y160.824
G1 X42.129 Y161.132
G1 X42.208 Y161.448
G1 X42.622 Y161.693
G1 X43.295 Y161.604
G1 X43.372 Y161.424
G1 X43.148 Y160.689
G1 X42.789 Y160.562
G1 X43.148 Y160.689
G1 X43.274 Y159.927
G1 X43.618 Y159.845
G1 X43.939 Y160.029
G1 X44.257 Y160.389
G1 X44.294 Y161.337
G1 X44.394 Y161.492
G1 X44.955 Y161.719
G1 X45.261 Y161.700
G1 X45.462 Y161.585
G1 X45.554 Y161.248
G1 X45.414 Y160.892
G1 X44.382 Y160.244
G1 X45.077 Y159.624
G1 X45.132 Y158.986
G1 X45.010 Y158.437
G1 X44.770 Y157.937
G1 X44.474 Y157.616
G1 X44.185 Y157.529
G1 X43.930 Y157.642
G1 X43.850 Y157.909
G1 X43.916 Y158.304
G1 X44.137 Y158.706
G1 X44.681 Y159.266
G1 X45.048 Y159.414
G1 X45.077 Y159.624
G1 X46.342 Y160.447
G0 Z5.000 F500.000
G0 X46.862 Y161.729 F3000.000
G1 Z1.000 F500.000
G4 P100
G1 X46.711 Y161.574 F1000.000
G1 X46.599 Y161.098
G1 X46.564 Y159.793
G1 X46.531 Y160.440
G1 X46.613 Y160.791
G1 X47.701 Y160.728
G1 X48.016 Y161.677
G1 X47.701 Y160.728
G1 X47.736 Y160.025
G1 X47.812 Y159.887
G1 X47.994 Y159.833
G1 X48.477 Y160.020
G1 X49.136 Y160.817
G1 X49.635 Y160.985
G1 X50.095 Y160.979
G1 X50.232 Y160.896
G1 X50.203 Y160.459
G1 X50.000 Y160.049
G1 X49.709 Y159.846
G1 X49.362 Y159.821
G1 X49.065 Y159.986
G1 X48.886 Y160.292
G1 X48.845 Y160.741
G1 X48.957 Y161.186
G1 X49.194 Y161.489
G1 X49.533 Y161.636
G1 X49.902 Y161.537
G1 X50.190 Y160.843
G1 X50.474 Y160.733
G1 X51.057 Y160.846
G1 X51.060 Y161.392
G1 X51.216 Y161.610
G1 X51.690 Y161.717
G1 X52.078 Y161.585
G1 X52.163 Y161.384
G1 X52.068 Y161.111
G1 X51.321 Y160.602
G1 X51.137 Y160.327
G1 X51.191 Y159.949
G1 X51.564 Y159.782
G1 X52.009 Y159.792
G1 X52.426 Y159.926
G1 X52.850 Y160.236
G1 X53.109 Y160.687
G1 X53.291 Y160.821
G1 X54.039 Y161.008
G1 X54.387 Y160.896
G1 X54.419 Y160.752
G1 X54.299 Y160.285
G1 X54.088 Y159.981
G1 X53.800 Y159.827
G1 X53.482 Y159.831
G1 X53.205 Y160.001
G1 X53.043 Y160.285
G1 X52.997 Y160.705
G1 X53.088 Y161.132
G1 X53.294 Y161.441
G1 X53.594 Y161.615
G1 X53.856 Y161.634
G1 X54.067 Y161.527
G1 X54.419 Y160.752
G1 X54.817 Y160.745
G1 X55.225 Y160.864
G0 Z5.000 F500.000
G0 X57.611 Y161.043 F3000.000
G1 Z1.000 F500.000
G4 P100
G1 X57.676 Y161.388 F1000.000
G1 X57.521 Y161.609
G1 X57.069 Y161.582
G1 X56.786 Y161.316
G1 X56.594 Y160.538
G1 X56.688 Y160.150
G1 X56.894 Y159.917
G1 X57.286 Y159.817
G1 X57.834 Y159.929
G1 X58.331 Y160.307
G1 X58.430 Y160.466
G1 X58.392 Y160.594
G1 X58.243 Y160.345
G1 X58.283 Y159.993
G1 X58.473 Y159.837
G1 X58.752 Y159.877
G1 X59.063 Y160.217
G1 X59.475 Y161.105
G1 X59.852 Y161.509
G1 X59.786 Y161.353
G1 X59.929 Y161.028
G1 X59.936 Y160.268
G1 X60.086 Y159.888
G1 X60.343 Y159.817
G1 X60.626 Y159.906
G1 X60.994 Y160.271
G1 X61.111 Y160.520
G0 Z5.000 F500.000
G0 X62.584 Y160.752 F3000.000
G1 Z1.000 F500.000
G4 P100
G1 X62.401 Y160.162 F1000.000
G1 X62.043 Y159.851
G1 X61.565 Y159.861
G1 X61.227 Y160.229
G1 X61.161 Y160.661
G1 X61.245 Y161.112
G1 X61.454 Y161.436
G1 X61.759 Y161.615
G1 X62.021 Y161.634
G1 X62.232 Y161.527
G1 X62.584 Y160.752
G1 X62.982 Y160.745
G1 X63.390 Y160.864
G0 Z5.000 F500.000
G0 X64.949 Y160.752 F3000.000
G1 Z1.000 F500.000
G4 P100
G1 X64.633 Y161.494 F1000.000
G1 X64.239 Y161.735
G1 X64.270 Y161.963
G1 X64.699 Y162.771
G1 X64.834 Y163.332
G1 X64.770 Y163.856
G1 X64.641 Y163.991
G1 X64.462 Y164.015
G1 X64.248 Y163.910
G1 X64.066 Y163.663
G1 X63.719 Y162.640
G1 X63.567 Y161.686
G1 X63.602 Y161.311
G1 X63.909 Y161.396
G1 X64.251 Y161.677
G1 X63.909 Y161.396
G1 X63.602 Y161.311
G1 X63.532 Y160.725
G1 X63.626 Y160.207
G1 X63.921 Y159.869
G1 X64.357 Y159.834
G1 X64.751 Y160.144
G1 X64.949 Y160.752
G1 X65.745 Y160.852
G0 Z5.000 F500.000
G0 X66.960 Y160.257 F3000.000
G1 Z1.000 F500.000
G4 P100
G1 X67.175 Y161.436 F1000.000
G1 X66.680 Y161.660
G1 X66.225 Y161.406
G1 X65.898 Y160.916
G1 X65.792 Y160.287
G1 X65.971 Y159.892
G1 X66.396 Y159.832
G1 X66.960 Y160.257
G1 X67.190 Y159.884
G1 X67.481 Y159.840
G1 X67.906 Y160.142
G1 X68.142 Y160.523
G0 Z5.000 F500.000
G0 X67.968 Y159.011 F3000.000
G1 Z1.000 F500.000
G4 P100
G1 X68.268 Y160.098 F1000.000
G0 Z5.000 F500.000
G0 X70.797 Y160.413 F3000.000
G1 Z1.000 F500.000
G4 P100
G1 X71.484 Y160.610 F1000.000
G1 X71.865 Y160.950
G1 X71.936 Y161.218
G1 X71.876 Y161.465
G1 X71.719 Y161.610
G1 X71.469 Y161.655
G1 X71.056 Y161.471
G1 X70.784 Y161.018
G1 X70.741 Y160.563
G1 X70.820 Y160.197
G1 X70.967 Y159.991
G1 X71.375 Y159.807
G1 X71.895 Y159.845
G1 X72.474 Y160.167
G1 X72.716 Y160.520
G0 Z5.000 F500.000
G0 X73.741 Y161.043 F3000.000
G1 Z1.000 F500.000
G4 P100
G1 X73.806 Y161.388 F1000.000
G1 X73.651 Y161.609
G1 X73.199 Y161.582
G1 X72.916 Y161.316
G1 X72.724 Y160.538
G1 X72.818 Y160.150
G1 X73.024 Y159.917
G1 X73.416 Y159.817
G1 X73.964 Y159.929
G1 X74.461 Y160.307
G1 X74.560 Y160.466
G1 X74.522 Y160.594
G1 X74.373 Y160.345
G1 X74.413 Y159.993
G1 X74.603 Y159.837
G1 X74.882 Y159.877
G1 X75.193 Y160.217
G1 X75.605 Y161.105
G1 X75.982 Y161.509
G1 X75.916 Y161.353
G1 X76.059 Y161.028
G1 X76.066 Y160.268
G1 X76.216 Y159.888
G1 X76.473 Y159.817
G1 X76.756 Y159.906
G1 X77.124 Y160.271
G1 X77.241 Y160.520
G0 Z5.000 F500.000
G0 X77.718 Y161.734 F3000.000
G1 Z1.000 F500.000
G4 P100
G1 X77.540 Y161.529 F1000.000
G1 X77.367 Y160.653
G1 X77.374 Y160.208
G1 X77.530 Y159.940
G1 X77.797 Y159.996
G1 X78.119 Y160.378
G1 X78.407 Y160.498
G1 X78.680 Y161.531
G1 X78.805 Y161.702
G1 X78.680 Y161.531
G1 X78.407 Y160.498
G1 X78.550 Y159.929
G1 X78.782 Y159.831
G1 X79.082 Y159.906
G1 X79.481 Y160.259
G1 X79.610 Y160.518
G0 Z5.000 F500.000
G0 X80.946 Y161.538 F3000.000
G1 Z1.000 F500.000
G4 P100
G1 X81.223 Y161.679 F1000.000
G1 X81.578 Y161.713
G1 X81.868 Y161.617
G1 X81.991 Y161.428
G1 X81.851 Y161.056
G1 X81.012 Y160.435
G1 X80.955 Y160.094
G1 X81.134 Y159.859
G1 X81.613 Y159.770
G1 X82.142 Y159.875
G1 X82.633 Y160.190
G1 X82.843 Y160.525
G0 Z5.000 F500.000
G0 X82.882 Y160.413 F3000.000
G1 Z1.000 F500.000
G4 P100
G1 X83.576 Y160.614 F1000.000
G1 X83.957 Y160.963
G1 X84.021 Y161.233
G1 X83.954 Y161.477
G1 X83.784 Y161.618
G1 X83.524 Y161.652
G1 X83.043 Y161.363
G1 X82.819 Y160.737
G1 X82.948 Y160.113
G1 X83.402 Y159.818
G1 X83.795 Y159.805
G1 X84.190 Y159.928
G1 X84.640 Y160.240
G1 X84.896 Y160.683
G1 X85.079 Y160.819
G1 X85.831 Y161.008
G1 X86.181 Y160.896
G1 X86.214 Y160.752
G1 X86.094 Y160.285
G1 X85.883 Y159.981
G1 X85.595 Y159.827
G1 X85.277 Y159.831
G1 X85.000 Y160.001
G1 X84.836 Y160.292
G1 X84.793 Y160.712
G1 X84.886 Y161.139
G1 X85.094 Y161.446
G1 X85.396 Y161.617
G1 X85.658 Y161.633
G1 X85.862 Y161.527
G1 X86.214 Y160.752
G1 X86.612 Y160.745
G1 X87.020 Y160.864
G0 Z5.000 F500.000
G0 X87.012 Y160.593 F3000.000
G1 Z1.000 F500.000
G4 P100
G1 X86.877 Y160.327 F1000.000
G1 X86.923 Y159.981
G1 X87.110 Y159.836
G1 X87.383 Y159.870
G1 X87.643 Y160.149
G1 X88.012 Y161.174
G1 X88.328 Y161.592
G1 X88.248 Y161.444
G1 X88.424 Y161.130
G1 X88.447 Y160.497
G1 X88.618 Y160.191
G1 X88.589 Y159.817
G1 X88.618 Y160.191
G1 X88.856 Y160.412
G1 X89.253 Y161.298
G1 X89.514 Y161.495
G1 X89.688 Y161.230
G1 X89.646 Y160.282
G1 X89.783 Y159.876
G1 X90.044 Y159.824
G1 X90.304 Y159.929
G1 X90.631 Y160.262
G1 X90.737 Y160.547
G0 Z5.000 F500.000
G0 X90.772 Y160.413 F3000.000
G1 Z1.000 F500.000
G4 P100
G1 X91.459 Y160.610 F1000.000
G1 X91.840 Y160.950
G1 X91.911 Y161.218
G1 X91.851 Y161.465
G1 X91.694 Y161.610
G1 X91.444 Y161.655
G1 X91.031 Y161.471
G1 X90.759 Y161.018
G1 X90.716 Y160.563
G1 X90.795 Y160.197
G1 X90.942 Y159.991
G1 X91.350 Y159.807
G1 X91.870 Y159.845
G1 X92.449 Y160.167
G1 X92.691 Y160.520
G0 Z5.000 F500.000
G0 X93.094 Y161.743 F3000.000
G1 Z1.000 F500.000
G4 P100
G1 X92.918 Y161.554 F1000.000
G1 X92.784 Y160.955
G1 X92.813 Y159.859
G1 X92.857 Y160.376
G1 X93.160 Y160.574
G1 X93.555 Y161.271
G1 X93.894 Y161.446
G1 X94.038 Y161.434
G1 X94.082 Y161.212
G1 X94.051 Y159.844
G1 X94.122 Y160.403
G1 X94.393 Y160.570
G1 X94.762 Y161.199
G1 X95.070 Y161.422
G1 X95.351 Y161.386
G1 X95.243 Y160.218
G1 X95.349 Y159.895
G1 X95.624 Y159.829
G1 X95.898 Y159.916
G1 X96.272 Y160.253
G1 X96.412 Y160.523
G0 Z5.000 F500.000
G0 X97.495 Y160.061 F3000.000
G1 Z1.000 F500.000
G4 P100
G1 X97.808 Y160.828 F1000.000
G1 X97.752 Y161.449
G1 X97.578 Y161.612
G1 X97.349 Y161.641
G1 X96.609 Y161.289
G1 X96.570 Y161.629
G1 X96.551 Y160.552
G1 X96.452 Y160.149
G1 X96.592 Y159.798
G1 X96.380 Y158.316
G1 X96.128 Y157.650
G1 X95.933 Y157.534
G1 X95.721 Y157.573
G1 X95.560 Y157.907
G1 X95.593 Y158.497
G1 X95.824 Y159.314
G1 X96.158 Y160.009
G1 X96.452 Y160.149
G1 X96.592 Y159.798
G1 X96.684 Y159.785
G1 X97.039 Y159.822
G1 X97.495 Y160.061
G1 X97.743 Y159.850
G1 X98.069 Y159.835
G1 X98.521 Y160.092
G1 X98.821 Y160.532
G0 Z5.000 F500.000
G0 X99.233 Y161.734 F3000.000
G1 Z1.000 F500.000
G4 P100
G1 X99.053 Y161.522 F1000.000
G1 X98.875 Y160.580
G1 X98.903 Y160.159
G1 X99.077 Y159.925
G1 X99.324 Y160.004
G1 X99.634 Y160.378
G1 X99.922 Y160.498
G1 X100.195 Y161.531
G1 X100.320 Y161.702
G1 X100.195 Y161.531
G1 X99.922 Y160.498
G1 X100.020 Y160.020
G1 X100.152 Y159.856
G1 X100.435 Y159.843
G1 X100.713 Y159.984
G1 X101.049 Y160.329
G1 X101.074 Y160.577
G1 X100.954 Y160.197
G1 X101.171 Y159.868
G1 X101.599 Y159.821
G1 X102.032 Y160.058
G1 X102.274 Y160.331
G1 X102.329 Y160.562
G1 X101.815 Y160.753
G1 X101.670 Y161.183
G1 X101.799 Y161.519
G1 X102.133 Y161.688
G1 X102.914 Y161.562
G1 X102.688 Y160.689
G1 X102.329 Y160.562
G1 X102.688 Y160.689
G1 X102.757 Y160.086
G1 X102.872 Y159.863
G1 X103.107 Y159.835
G1 X103.368 Y159.943
G1 X103.716 Y160.267
G1 X103.843 Y160.528
G0 Z5.000 F500.000
G0 X105.176 Y161.538 F3000.000
G1 Z1.000 F500.000
G4 P100
G1 X105.453 Y161.679 F1000.000
G1 X105.808 Y161.713
G1 X106.098 Y161.617
G1 X106.221 Y161.428
G1 X106.081 Y161.056
G1 X105.242 Y160.435
G1 X105.185 Y160.094
G1 X105.364 Y159.859
G1 X105.843 Y159.770
G1 X106.372 Y159.875
G1 X106.863 Y160.190
G1 X107.073 Y160.525
G0 Z5.000 F500.000
G0 X107.039 Y160.598 F3000.000
G1 Z1.000 F500.000
G4 P100
G1 X106.886 Y160.359 F1000.000
G1 X106.914 Y160.013
G1 X107.085 Y159.845
G1 X107.359 Y159.861
G1 X107.644 Y160.124
G1 X108.103 Y161.087
G1 X108.492 Y161.509
G1 X108.426 Y161.353
G1 X108.569 Y161.028
G1 X108.576 Y160.268
G1 X108.726 Y159.888
G1 X108.983 Y159.817
G1 X109.266 Y159.906
G1 X109.634 Y160.271
G1 X109.751 Y160.520
G0 Z5.000 F500.000
G0 X110.228 Y161.734 F3000.000
G1 Z1.000 F500.000
G4 P100
G1 X110.050 Y161.529 F1000.000
G1 X109.877 Y160.653
G1 X109.884 Y160.208
G1 X110.040 Y159.940
G1 X110.307 Y159.996
G1 X110.629 Y160.378
G1 X110.917 Y160.498
G1 X111.190 Y161.531
G1 X111.315 Y161.702
G1 X111.190 Y161.531
G1 X110.917 Y160.498
G1 X111.060 Y159.929
G1 X111.292 Y159.831
G1 X111.592 Y159.906
G1 X111.991 Y160.259
G1 X112.120 Y160.518
G0 Z5.000 F500.000
G0 X113.285 Y158.189 F3000.000
G1 Z1.000 F500.000
G4 P100
G1 X113.313 Y159.414 F1000.000
G1 X113.407 Y159.815
G1 X113.334 Y160.286
G1 X113.517 Y161.170
G1 X113.453 Y161.610
G1 X113.005 Y161.659
G1 X112.567 Y161.419
G1 X112.262 Y160.992
G1 X112.124 Y160.472
G1 X112.181 Y160.049
G1 X112.430 Y159.824
G1 X112.749 Y159.857
G1 X113.334 Y160.286
G1 X113.428 Y159.809
G1 X113.883 Y159.803
G1 X114.401 Y160.061
G1 X114.642 Y159.852
G1 X114.968 Y159.834
G1 X115.361 Y160.033
G1 X115.737 Y160.473
G1 X115.212 Y159.928
G1 X114.662 Y159.844
G1 X114.401 Y160.061
G1 X114.715 Y160.876
G1 X114.720 Y161.254
G1 X114.613 Y161.508
G1 X114.418 Y161.632
G1 X114.179 Y161.625
G1 X113.517 Y161.170
G1 X113.447 Y161.631
G1 X113.879 Y163.233
G0 Z5.000 F500.000
G0 X116.895 Y160.257 F3000.000
G1 Z1.000 F500.000
G4 P100
G1 X117.110 Y161.436 F1000.000
G1 X116.615 Y161.660
G1 X116.160 Y161.406
G1 X115.833 Y160.916
G1 X115.727 Y160.287
G1 X115.906 Y159.892
G1 X116.331 Y159.832
G1 X116.895 Y160.257
G1 X117.125 Y159.884
G1 X117.416 Y159.840
G1 X117.841 Y160.142
G1 X118.077 Y160.523
G0 Z5.000 F500.000
G0 X119.818 Y161.734 F3000.000
G1 Z1.000 F500.000
G4 P100
G1 X119.640 Y161.529 F1000.000
G1 X119.467 Y160.653
G1 X119.474 Y160.208
G1 X119.630 Y159.940
G1 X119.897 Y159.996
G1 X120.219 Y160.378
G1 X120.507 Y160.498
G1 X120.780 Y161.531
G1 X120.905 Y161.702
G1 X120.780 Y161.531
G1 X120.507 Y160.498
G1 X120.650 Y159.929
G1 X120.882 Y159.831
G1 X121.182 Y159.906
G1 X121.581 Y160.259
G1 X121.710 Y160.518
G0 Z5.000 F500.000
G0 X20.139 Y149.923 F3000.000
G1 Z1.000 F500.000
G4 P100
G1 X20.816 Y150.855 F1000.000
G1 X21.057 Y151.029
G1 X21.171 Y151.508
G1 X21.338 Y151.663
G1 X21.171 Y151.508
G1 X21.057 Y151.029
G1 X21.527 Y150.405
G1 X21.607 Y150.005
G1 X21.385 Y149.714
G1 X20.977 Y149.715
G0 Z5.000 F500.000
G0 X23.776 Y150.074 F3000.000
G1 Z1.000 F500.000
G4 P100
G1 X24.000 Y151.320 F1000.000
G1 X23.565 Y151.573
G1 X23.182 Y151.415
G1 X22.862 Y151.075
G1 X22.665 Y150.621
G1 X22.627 Y150.142
G1 X22.725 Y149.868
G1 X22.917 Y149.727
G1 X23.160 Y149.739
G1 X23.471 Y149.999
G1 X23.776 Y150.074
G1 X23.812 Y149.779
G0 Z5.000 F500.000
G0 X25.237 Y151.224 F3000.000
G1 Z1.000 F500.000
G4 P100
G1 X25.496 Y151.268 F1000.000
G1 X25.698 Y151.419
G1 X26.383 Y152.498
G1 X26.579 Y153.401
G1 X26.527 Y153.725
G1 X26.365 Y153.904
G1 X26.046 Y153.845
G1 X25.770 Y153.472
G1 X25.474 Y152.723
G1 X25.213 Y151.656
G1 X25.237 Y151.224
G1 X25.068 Y150.447
G1 X25.072 Y149.263
G1 X25.178 Y148.429
G1 X25.382 Y148.150
G1 X25.666 Y148.225
G1 X25.827 Y148.571
G1 X25.842 Y149.287
G1 X25.694 Y150.337
G1 X25.798 Y150.558
G1 X26.614 Y150.623
G1 X26.870 Y150.321
G1 X27.591 Y150.530
G1 X27.897 Y150.786
G1 X28.010 Y151.106
G1 X27.914 Y151.422
G1 X27.639 Y151.555
G1 X27.227 Y151.450
G1 X26.918 Y151.077
G1 X26.807 Y150.573
G1 X26.923 Y150.024
G1 X27.246 Y149.751
G1 X27.723 Y149.709
G1 X28.132 Y149.905
G1 X28.354 Y150.277
G0 Z5.000 F500.000
G0 X28.871 Y150.990 F3000.000
G1 Z1.000 F500.000
G4 P100
G1 X29.855 Y151.085 F1000.000
G0 Z5.000 F500.000
G0 X31.839 Y150.931 F3000.000
G1 Z1.000 F500.000
G4 P100
G1 X31.920 Y151.257 F1000.000
G1 X31.759 Y151.512
G1 X31.424 Y151.541
G1 X31.096 Y151.340
G1 X30.806 Y150.682
G1 X30.812 Y150.295
G1 X30.932 Y149.991
G1 X31.255 Y149.750
G1 X31.703 Y149.726
G1 X32.084 Y149.931
G1 X32.283 Y150.291
G0 Z5.000 F500.000
G0 X32.668 Y150.347 F3000.000
G1 Z1.000 F500.000
G4 P100
G1 X32.720 Y150.976 F1000.000
G1 X32.952 Y151.376
G1 X33.395 Y151.522
G1 X33.804 Y151.360
G1 X33.945 Y151.090
G1 X34.000 Y150.679
G1 X33.902 Y150.193
G1 X33.701 Y149.883
G1 X33.331 Y149.744
G1 X33.001 Y149.783
G1 X32.783 Y149.980
G1 X32.668 Y150.347
G0 Z5.000 F500.000
G0 X35.274 Y151.624 F3000.000
G1 Z1.000 F500.000
G4 P100
G1 X35.111 Y151.370 F1000.000
G1 X34.998 Y150.849
G1 X35.025 Y149.749
G1 X35.033 Y150.272
G1 X35.405 Y150.500
G1 X35.782 Y151.163
G1 X36.344 Y151.353
G1 X36.366 Y151.449
G1 X36.231 Y149.786
G0 Z5.000 F500.000
G0 X37.754 Y151.624 F3000.000
G1 Z1.000 F500.000
G4 P100
G1 X37.591 Y151.370 F1000.000
G1 X37.478 Y150.849
G1 X37.505 Y149.749
G1 X37.513 Y150.272
G1 X37.885 Y150.500
G1 X38.262 Y151.163
G1 X38.824 Y151.353
G1 X38.846 Y151.449
G1 X38.699 Y149.839
G1 X38.796 Y149.681
G1 X39.710 Y150.248
G1 X40.500 Y150.471
G1 X40.886 Y150.729
G1 X41.037 Y151.033
G1 X40.996 Y151.349
G1 X40.794 Y151.527
G1 X40.475 Y151.543
G1 X40.124 Y151.332
G1 X39.896 Y150.927
G1 X39.845 Y150.507
G1 X39.993 Y149.969
G1 X40.329 Y149.734
G1 X40.801 Y149.718
G1 X41.183 Y149.920
G1 X41.389 Y150.277
G0 Z5.000 F500.000
G0 X42.859 Y150.931 F3000.000
G1 Z1.000 F500.000
G4 P100
G1 X42.934 Y151.293 F1000.000
G1 X42.726 Y151.536
G1 X42.347 Y151.506
G1 X42.015 Y151.214
G1 X41.856 Y150.848
G1 X41.818 Y150.411
G1 X41.910 Y150.060
G1 X42.117 Y149.828
G1 X42.701 Y149.722
G1 X43.190 Y150.032
G1 X43.321 Y150.478
G1 X43.320 Y151.423
G1 X43.475 Y151.603
G1 X43.886 Y151.531
G1 X44.025 Y151.644
G1 X44.030 Y152.102
G1 X44.258 Y152.942
G1 X44.506 Y153.405
G1 X44.774 Y153.586
G1 X45.060 Y153.451
G1 X45.107 Y152.918
G1 X44.951 Y152.446
G1 X44.538 Y151.890
G1 X44.464 Y151.646
G1 X44.815 Y151.576
G1 X45.236 Y151.656
G1 X44.815 Y151.576
G1 X44.025 Y151.644
G1 X43.937 Y151.549
G1 X43.954 Y150.447
G1 X44.169 Y149.888
G1 X44.643 Y149.726
G1 X44.919 Y149.815
G1 X45.087 Y149.984
G1 X45.620 Y149.729
G1 X45.799 Y151.007
G1 X45.978 Y151.556
G0 Z5.000 F500.000
G0 X47.167 Y151.376 F3000.000
G1 Z1.000 F500.000
G4 P100
G1 X47.444 Y151.500 F1000.000
G1 X47.763 Y151.504
G1 X47.983 Y151.396
G1 X48.134 Y151.166
G1 X48.216 Y150.730
G1 X48.150 Y150.297
G1 X47.999 Y149.974
G1 X47.768 Y149.791
G1 X47.250 Y149.769
G1 X46.945 Y150.093
G1 X46.890 Y150.754
G1 X46.987 Y151.121
G1 X47.167 Y151.376
G0 Z5.000 F500.000
G0 X49.489 Y151.624 F3000.000
G1 Z1.000 F500.000
G4 P100
G1 X49.326 Y151.370 F1000.000
G1 X49.213 Y150.849
G1 X49.240 Y149.749
G1 X49.248 Y150.272
G1 X49.620 Y150.500
G1 X49.997 Y151.163
G1 X50.559 Y151.353
G1 X50.581 Y151.449
G1 X50.446 Y149.786
G0 Z5.000 F500.000
G0 X46.029 Y152.508 F3000.000
G1 Z1.000 F500.000
G4 P100
G1 X46.163 Y152.530 F1000.000
G0 Z5.000 F500.000
G0 X53.324 Y151.646 F3000.000
G1 Z1.000 F500.000
G4 P100
G1 X53.147 Y151.457 F1000.000
G1 X53.009 Y150.842
G1 X53.089 Y150.269
G1 X53.043 Y149.762
G1 X53.089 Y150.269
G1 X53.368 Y150.440
G1 X53.751 Y151.102
G1 X54.066 Y151.329
G1 X54.334 Y151.295
G1 X54.238 Y150.029
G1 X54.305 Y149.830
G1 X54.486 Y149.743
G1 X54.746 Y149.756
G1 X55.006 Y149.901
G1 X55.685 Y150.720
G1 X56.435 Y150.910
G1 X56.782 Y150.799
G1 X56.776 Y150.454
G1 X56.611 Y150.034
G1 X56.372 Y149.802
G1 X56.064 Y149.711
G1 X55.626 Y149.879
G1 X55.405 Y150.331
G1 X55.464 Y150.987
G1 X55.797 Y151.430
G1 X56.112 Y151.542
G1 X56.395 Y151.484
G1 X56.771 Y150.705
G1 X57.075 Y150.636
G1 X57.602 Y150.743
G1 X57.675 Y151.258
G1 X57.932 Y151.516
G1 X58.428 Y151.626
G1 X58.807 Y151.499
G1 X58.910 Y151.166
G1 X58.769 Y150.795
G1 X57.737 Y150.147
G1 X58.432 Y149.527
G1 X58.486 Y148.875
G1 X58.355 Y148.312
G1 X58.108 Y147.816
G1 X57.811 Y147.507
G1 X57.511 Y147.434
G1 X57.316 Y147.514
G1 X57.222 Y147.674
G1 X57.303 Y148.289
G1 X57.864 Y149.022
G1 X58.155 Y149.253
G1 X58.403 Y149.317
G1 X58.432 Y149.527
G1 X59.586 Y150.228
G1 X59.837 Y150.477
G1 X61.405 Y150.551
G1 X61.038 Y151.397
G1 X60.646 Y151.623
G1 X60.673 Y151.860
G1 X61.119 Y152.715
G1 X61.245 Y153.308
G1 X61.134 Y153.821
G1 X60.978 Y153.916
G1 X60.768 Y153.889
G1 X60.404 Y153.428
G1 X60.081 Y152.335
G1 X59.965 Y151.509
G1 X60.007 Y151.214
G1 X60.314 Y151.299
G1 X60.656 Y151.580
G1 X60.321 Y151.302
G1 X60.004 Y151.207
G1 X59.938 Y150.599
G1 X60.043 Y150.083
G1 X60.339 Y149.765
G1 X60.769 Y149.739
G1 X61.160 Y150.053
G1 X61.354 Y150.655
G1 X62.150 Y150.755
G0 Z5.000 F500.000
G0 X63.609 Y150.655 F3000.000
G1 Z1.000 F500.000
G4 P100
G1 X63.426 Y150.065 F1000.000
G1 X63.068 Y149.754
G1 X62.590 Y149.764
G1 X62.252 Y150.132
G1 X62.186 Y150.564
G1 X62.270 Y151.015
G1 X62.479 Y151.339
G1 X62.784 Y151.518
G1 X63.046 Y151.537
G1 X63.257 Y151.430
G1 X63.609 Y150.655
G1 X64.007 Y150.648
G1 X64.415 Y150.767
G0 Z5.000 F500.000
G0 X64.424 Y150.501 F3000.000
G1 Z1.000 F500.000
G4 P100
G1 X64.271 Y150.262 F1000.000
G1 X64.299 Y149.916
G1 X64.470 Y149.748
G1 X64.744 Y149.764
G1 X65.029 Y150.027
G1 X65.488 Y150.990
G1 X65.877 Y151.412
G1 X65.811 Y151.256
G1 X65.954 Y150.931
G1 X65.960 Y150.179
G1 X66.100 Y149.800
G1 X66.368 Y149.720
G1 X66.663 Y149.817
G1 X67.036 Y150.197
G1 X67.144 Y150.480
G1 X67.020 Y150.210
G1 X67.115 Y149.879
G1 X67.366 Y149.724
G1 X67.712 Y149.735
G1 X68.144 Y150.001
G1 X68.400 Y150.413
G1 X67.832 Y150.716
G1 X67.742 Y150.976
G1 X67.777 Y151.265
G1 X67.990 Y151.516
G1 X68.379 Y151.605
G1 X68.986 Y151.459
G1 X68.758 Y150.592
G1 X68.399 Y150.465
G1 X68.758 Y150.592
G1 X68.930 Y149.775
G1 X69.163 Y149.736
G1 X69.432 Y149.842
G1 X69.786 Y150.170
G1 X69.913 Y150.431
G0 Z5.000 F500.000
G0 X69.999 Y149.696 F3000.000
G1 Z1.000 F500.000
G4 P100
G1 X69.966 Y150.368 F1000.000
G1 X70.052 Y150.697
G1 X70.983 Y150.643
G1 X71.223 Y151.227
G1 X71.602 Y151.513
G1 X71.883 Y151.537
G1 X72.095 Y151.433
G1 X72.450 Y150.653
G1 X72.901 Y150.655
G1 X73.261 Y150.767
G1 X72.901 Y150.655
G1 X72.450 Y150.653
G1 X72.332 Y150.193
G1 X72.138 Y149.904
G1 X71.838 Y149.731
G1 X71.505 Y149.737
G1 X71.142 Y150.027
G1 X70.983 Y150.643
G1 X70.052 Y150.697
G1 X70.126 Y151.422
G1 X70.314 Y151.646
G0 Z5.000 F500.000
G0 X73.694 Y151.646 F3000.000
G1 Z1.000 F500.000
G4 P100
G1 X73.518 Y151.457 F1000.000
G1 X73.384 Y150.858
G1 X73.413 Y149.762
G1 X73.457 Y150.279
G1 X73.760 Y150.477
G1 X74.155 Y151.174
G1 X74.494 Y151.349
G1 X74.638 Y151.337
G1 X74.682 Y151.115
G1 X74.651 Y149.747
G1 X74.722 Y150.306
G1 X74.993 Y150.473
G1 X75.362 Y151.102
G1 X75.670 Y151.325
G1 X75.951 Y151.289
G1 X75.843 Y150.121
G1 X75.949 Y149.798
G1 X76.224 Y149.732
G1 X76.498 Y149.819
G1 X76.872 Y150.156
G1 X77.012 Y150.426
G0 Z5.000 F500.000
G0 X79.361 Y150.946 F3000.000
G1 Z1.000 F500.000
G4 P100
G1 X79.426 Y151.291 F1000.000
G1 X79.271 Y151.512
G1 X78.819 Y151.485
G1 X78.536 Y151.219
G1 X78.344 Y150.441
G1 X78.438 Y150.053
G1 X78.644 Y149.820
G1 X79.029 Y149.720
G1 X79.557 Y149.821
G1 X80.017 Y150.140
G1 X80.186 Y150.457
G0 Z5.000 F500.000
G0 X81.589 Y150.655 F3000.000
G1 Z1.000 F500.000
G4 P100
G1 X81.406 Y150.065 F1000.000
G1 X81.048 Y149.754
G1 X80.570 Y149.764
G1 X80.232 Y150.132
G1 X80.166 Y150.564
G1 X80.250 Y151.015
G1 X80.459 Y151.339
G1 X80.764 Y151.518
G1 X81.026 Y151.537
G1 X81.237 Y151.430
G1 X81.589 Y150.655
G1 X81.987 Y150.648
G1 X82.395 Y150.767
G0 Z5.000 F500.000
G0 X82.477 Y150.316 F3000.000
G1 Z1.000 F500.000
G4 P100
G1 X83.164 Y150.513 F1000.000
G1 X83.545 Y150.853
G1 X83.616 Y151.121
G1 X83.556 Y151.368
G1 X83.399 Y151.513
G1 X83.149 Y151.558
G1 X82.736 Y151.374
G1 X82.464 Y150.921
G1 X82.421 Y150.466
G1 X82.500 Y150.100
G1 X82.647 Y149.894
G1 X83.055 Y149.710
G1 X83.575 Y149.748
G1 X84.154 Y150.070
G1 X84.396 Y150.423
G0 Z5.000 F500.000
G0 X85.350 Y149.185 F3000.000
G1 Z1.000 F500.000
G4 P100
G1 X85.346 Y148.768 F1000.000
G1 X84.970 Y147.772
G1 X84.659 Y147.471
G1 X84.299 Y147.494
G1 X84.145 Y147.823
G1 X84.305 Y148.334
G1 X84.970 Y149.068
G1 X85.350 Y149.185
G1 X85.609 Y149.745
G1 X85.502 Y149.967
G1 X85.775 Y151.312
G1 X85.335 Y151.574
G1 X85.014 Y151.452
G1 X84.725 Y151.196
G1 X84.490 Y150.784
G1 X84.396 Y150.313
G1 X84.451 Y149.961
G1 X84.665 Y149.741
G1 X84.941 Y149.724
G1 X85.502 Y149.967
G1 X85.612 Y149.752
G1 X85.858 Y149.774
G1 X86.664 Y150.362
G0 Z5.000 F500.000
G0 X87.208 Y151.637 F3000.000
G1 Z1.000 F500.000
G4 P100
G1 X87.030 Y151.432 F1000.000
G1 X86.857 Y150.556
G1 X86.864 Y150.111
G1 X87.020 Y149.843
G1 X87.287 Y149.899
G1 X87.609 Y150.281
G1 X87.897 Y150.401
G1 X88.170 Y151.434
G1 X88.295 Y151.605
G1 X88.170 Y151.434
G1 X87.897 Y150.401
G1 X88.040 Y149.832
G1 X88.272 Y149.734
G1 X88.572 Y149.809
G1 X88.971 Y150.162
G1 X89.100 Y150.421
G0 Z5.000 F500.000
G0 X89.487 Y151.632 F3000.000
G1 Z1.000 F500.000
G4 P100
G1 X89.336 Y151.477 F1000.000
G1 X89.224 Y151.001
G1 X89.189 Y149.696
G1 X89.156 Y150.343
G1 X89.238 Y150.694
G1 X90.326 Y150.631
G1 X90.641 Y151.580
G1 X90.326 Y150.631
G1 X90.412 Y149.815
G1 X90.670 Y149.733
G1 X90.954 Y149.816
G1 X91.343 Y150.158
G1 X91.476 Y150.423
G0 Z5.000 F500.000
G0 X91.522 Y150.316 F3000.000
G1 Z1.000 F500.000
G4 P100
G1 X92.209 Y150.513 F1000.000
G1 X92.590 Y150.853
G1 X92.661 Y151.121
G1 X92.601 Y151.368
G1 X92.444 Y151.513
G1 X92.194 Y151.558
G1 X91.781 Y151.374
G1 X91.509 Y150.921
G1 X91.466 Y150.466
G1 X91.545 Y150.100
G1 X91.692 Y149.894
G1 X92.100 Y149.710
G1 X92.620 Y149.748
G1 X93.199 Y150.070
G1 X93.441 Y150.423
G0 Z5.000 F500.000
G0 X93.827 Y151.632 F3000.000
G1 Z1.000 F500.000
G4 P100
G1 X93.676 Y151.477 F1000.000
G1 X93.564 Y151.001
G1 X93.529 Y149.696
G1 X93.496 Y150.343
G1 X93.578 Y150.694
G1 X94.666 Y150.631
G1 X94.981 Y151.580
G1 X94.666 Y150.631
G1 X94.752 Y149.815
G1 X95.010 Y149.733
G1 X95.294 Y149.816
G1 X95.683 Y150.158
G1 X95.816 Y150.423
G0 Z5.000 F500.000
G0 X96.233 Y151.637 F3000.000
G1 Z1.000 F500.000
G4 P100
G1 X96.055 Y151.432 F1000.000
G1 X95.882 Y150.556
G1 X95.889 Y150.111
G1 X96.045 Y149.843
G1 X96.312 Y149.899
G1 X96.634 Y150.281
G1 X96.922 Y150.401
G1 X97.195 Y151.434
G1 X97.320 Y151.605
G1 X97.195 Y151.434
G1 X96.922 Y150.401
G1 X97.065 Y149.832
G1 X97.297 Y149.734
G1 X97.597 Y149.809
G1 X97.996 Y150.162
G1 X98.125 Y150.421
G0 Z5.000 F500.000
G0 X98.172 Y150.316 F3000.000
G1 Z1.000 F500.000
G4 P100
G1 X98.859 Y150.513 F1000.000
G1 X99.240 Y150.853
G1 X99.311 Y151.121
G1 X99.251 Y151.368
G1 X99.094 Y151.513
G1 X98.844 Y151.558
G1 X98.431 Y151.374
G1 X98.159 Y150.921
G1 X98.116 Y150.466
G1 X98.195 Y150.100
G1 X98.342 Y149.894
G1 X98.750 Y149.710
G1 X99.270 Y149.748
G1 X99.849 Y150.070
G1 X100.091 Y150.423
G0 Z5.000 F500.000
G0 X100.193 Y149.898 F3000.000
G1 Z1.000 F500.000
G4 P100
G1 X100.230 Y149.935 F1000.000
G0 Z5.000 F500.000
G0 X28.431 Y138.551 F3000.000
G1 Z1.000 F500.000
G4 P100
G1 X28.256 Y138.400 F1000.000
G1 X27.820 Y137.538
G1 X27.610 Y137.008
G1 X27.625 Y136.779
G1 X28.929 Y136.664
G1 X28.900 Y136.083
G1 X28.929 Y136.664
G1 X29.002 Y136.740
G1 X29.495 Y136.708
G1 X29.002 Y136.740
G1 X29.117 Y137.661
G1 X29.234 Y137.926
G0 Z5.000 F500.000
G0 X30.476 Y136.274 F3000.000
G1 Z1.000 F500.000
G4 P100
G1 X30.513 Y136.310 F1000.000
G0 Z5.000 F500.000
G0 X34.153 Y136.535 F3000.000
G1 Z1.000 F500.000
G4 P100
G1 X34.368 Y137.714 F1000.000
G1 X33.872 Y137.939
G1 X33.418 Y137.684
G1 X33.091 Y137.195
G1 X32.985 Y136.565
G1 X33.164 Y136.171
G1 X33.588 Y136.110
G1 X34.153 Y136.535
G1 X34.382 Y136.162
G1 X34.673 Y136.118
G1 X35.099 Y136.421
G1 X35.335 Y136.801
G0 Z5.000 F500.000
G0 X36.503 Y136.535 F3000.000
G1 Z1.000 F500.000
G4 P100
G1 X36.718 Y137.714 F1000.000
G1 X36.222 Y137.939
G1 X35.768 Y137.684
G1 X35.441 Y137.195
G1 X35.335 Y136.565
G1 X35.514 Y136.171
G1 X35.938 Y136.110
G1 X36.503 Y136.535
G1 X36.732 Y136.162
G1 X37.023 Y136.118
G1 X37.449 Y136.421
G1 X37.685 Y136.801
G0 Z5.000 F500.000
G0 X38.853 Y136.535 F3000.000
G1 Z1.000 F500.000
G4 P100
G1 X39.068 Y137.714 F1000.000
G1 X38.572 Y137.939
G1 X38.118 Y137.684
G1 X37.791 Y137.195
G1 X37.685 Y136.565
G1 X37.864 Y136.171
G1 X38.288 Y136.110
G1 X38.853 Y136.535
G1 X39.082 Y136.162
G1 X39.373 Y136.118
G1 X39.799 Y136.421
G1 X40.035 Y136.801
G0 Z5.000 F500.000
G0 X41.203 Y136.535 F3000.000
G1 Z1.000 F500.000
G4 P100
G1 X41.418 Y137.714 F1000.000
G1 X40.922 Y137.939
G1 X40.468 Y137.684
G1 X40.141 Y137.195
G1 X40.035 Y136.565
G1 X40.214 Y136.171
G1 X40.638 Y136.110
G1 X41.203 Y136.535
G1 X41.432 Y136.162
G1 X41.723 Y136.118
G1 X42.149 Y136.421
G1 X42.385 Y136.801
G0 Z5.000 F500.000
G0 X43.665 Y136.872 F3000.000
G1 Z1.000 F500.000
G4 P100
G1 X43.529 Y136.606 F1000.000
G1 X43.575 Y136.260
G1 X43.763 Y136.114
G1 X44.036 Y136.148
G1 X44.296 Y136.427
G1 X44.664 Y137.452
G1 X44.980 Y137.870
G1 X44.901 Y137.722
G1 X45.077 Y137.408
G1 X45.100 Y136.776
G1 X45.271 Y136.469
G1 X45.242 Y136.095
G1 X45.271 Y136.469
G1 X45.508 Y136.691
G1 X45.879 Y137.533
G1 X46.215 Y137.780
G1 X46.343 Y137.494
G1 X46.296 Y136.604
G1 X46.405 Y136.184
G1 X46.675 Y136.100
G1 X46.974 Y136.220
G1 X47.327 Y136.609
G1 X47.389 Y136.818
G1 X47.328 Y136.868
G1 X47.203 Y136.627
G1 X47.225 Y136.307
G1 X47.364 Y136.139
G1 X47.603 Y136.112
G1 X47.944 Y136.389
G1 X48.334 Y137.452
G1 X48.650 Y137.870
G1 X48.571 Y137.722
G1 X48.747 Y137.408
G1 X48.770 Y136.776
G1 X48.941 Y136.469
G1 X48.912 Y136.095
G1 X48.941 Y136.469
G1 X49.178 Y136.691
G1 X49.549 Y137.533
G1 X49.879 Y137.781
G1 X50.013 Y137.494
G1 X49.966 Y136.604
G1 X50.075 Y136.184
G1 X50.345 Y136.100
G1 X50.644 Y136.220
G1 X50.997 Y136.609
G1 X51.059 Y136.818
G1 X50.998 Y136.868
G1 X50.876 Y136.642
G1 X50.888 Y136.328
G1 X51.009 Y136.153
G1 X51.236 Y136.106
G1 X51.606 Y136.376
G1 X52.004 Y137.452
G1 X52.320 Y137.870
G1 X52.241 Y137.722
G1 X52.417 Y137.408
G1 X52.440 Y136.776
G1 X52.611 Y136.469
G1 X52.582 Y136.095
G1 X52.611 Y136.469
G1 X52.848 Y136.691
G1 X53.250 Y137.583
G1 X53.542 Y137.781
G1 X53.683 Y137.494
G1 X53.636 Y136.604
G1 X53.745 Y136.184
G1 X54.015 Y136.100
G1 X54.314 Y136.220
G1 X54.667 Y136.609
G1 X54.729 Y136.818
G1 X54.668 Y136.868
G1 X54.546 Y136.642
G1 X54.556 Y136.335
G1 X54.673 Y136.157
G1 X54.891 Y136.105
G1 X55.276 Y136.376
G1 X55.674 Y137.452
G1 X55.990 Y137.870
G1 X55.911 Y137.722
G1 X56.087 Y137.408
G1 X56.110 Y136.776
G1 X56.281 Y136.469
G1 X56.252 Y136.095
G1 X56.281 Y136.469
G1 X56.518 Y136.691
G1 X56.916 Y137.577
G1 X57.177 Y137.773
G1 X57.351 Y137.509
G1 X57.309 Y136.560
G1 X57.446 Y136.154
G1 X57.707 Y136.102
G1 X57.966 Y136.207
G1 X58.293 Y136.540
G1 X58.400 Y136.825
G0 Z5.000 F500.000
G0 X60.104 Y137.990 F3000.000
G1 Z1.000 F500.000
G4 P100
G1 X59.945 Y137.790 F1000.000
G1 X59.770 Y136.823
G1 X59.802 Y136.431
G1 X59.967 Y136.207
G1 X60.265 Y136.295
G1 X60.631 Y136.736
G1 X61.067 Y136.975
G1 X61.066 Y137.739
G1 X61.173 Y137.936
G1 X61.065 Y137.724
G1 X61.103 Y137.052
G1 X60.863 Y136.860
G1 X61.092 Y136.215
G1 X61.372 Y136.280
G1 X61.687 Y136.656
G1 X61.974 Y136.777
G1 X62.318 Y137.931
G1 X61.974 Y136.777
G1 X62.125 Y136.194
G1 X62.363 Y136.109
G1 X62.648 Y136.186
G1 X63.053 Y136.543
G1 X63.178 Y136.796
G0 Z5.000 F500.000
G0 X63.569 Y137.990 F3000.000
G1 Z1.000 F500.000
G4 P100
G1 X63.410 Y137.790 F1000.000
G1 X63.235 Y136.823
G1 X63.267 Y136.431
G1 X63.432 Y136.207
G1 X63.730 Y136.295
G1 X64.096 Y136.736
G1 X64.532 Y136.975
G1 X64.531 Y137.739
G1 X64.638 Y137.936
G1 X64.530 Y137.724
G1 X64.568 Y137.052
G1 X64.328 Y136.860
G1 X64.557 Y136.215
G1 X64.837 Y136.280
G1 X65.152 Y136.656
G1 X65.439 Y136.777
G1 X65.783 Y137.931
G1 X65.439 Y136.777
G1 X65.590 Y136.194
G1 X65.828 Y136.109
G1 X66.113 Y136.186
G1 X66.518 Y136.543
G1 X66.643 Y136.796
G0 Z5.000 F500.000
G0 X67.034 Y137.990 F3000.000
G1 Z1.000 F500.000
G4 P100
G1 X66.875 Y137.790 F1000.000
G1 X66.700 Y136.823
G1 X66.732 Y136.431
G1 X66.897 Y136.207
G1 X67.195 Y136.295
G1 X67.561 Y136.736
G1 X67.997 Y136.975
G1 X67.996 Y137.739
G1 X68.103 Y137.936
G1 X67.995 Y137.724
G1 X68.033 Y137.052
G1 X67.793 Y136.860
G1 X68.022 Y136.215
G1 X68.302 Y136.280
G1 X68.617 Y136.656
G1 X68.904 Y136.777
G1 X69.248 Y137.931
G1 X68.904 Y136.777
G1 X69.055 Y136.194
G1 X69.293 Y136.109
G1 X69.578 Y136.186
G1 X69.983 Y136.543
G1 X70.108 Y136.796
G0 Z5.000 F500.000
G0 X71.824 Y137.985 F3000.000
G1 Z1.000 F500.000
G4 P100
G1 X71.645 Y137.671 F1000.000
G1 X71.495 Y136.779
G1 X71.535 Y136.374
G1 X71.697 Y136.242
G1 X72.074 Y136.378
G1 X72.295 Y136.681
G1 X72.613 Y136.829
G1 X72.867 Y137.890
G1 X72.605 Y136.944
G1 X72.696 Y136.745
G1 X72.684 Y136.385
G1 X72.837 Y136.242
G1 X73.211 Y136.388
G1 X73.385 Y136.634
G1 X73.736 Y136.791
G1 X73.699 Y136.885
G1 X74.090 Y137.973
G1 X73.698 Y136.878
G1 X73.810 Y136.321
G1 X74.018 Y136.221
G1 X74.019 Y136.119
G1 X74.238 Y137.110
G1 X73.885 Y135.230
G1 X73.561 Y134.676
G1 X73.091 Y134.611
G1 X72.981 Y134.871
G1 X73.182 Y135.317
G1 X73.624 Y135.651
G1 X73.953 Y135.707
G1 X74.034 Y136.047
G1 X74.491 Y136.165
G1 X74.903 Y136.446
G1 X74.969 Y136.593
G0 Z5.000 F500.000
G0 X75.484 Y137.985 F3000.000
G1 Z1.000 F500.000
G4 P100
G1 X75.305 Y137.671 F1000.000
G1 X75.155 Y136.779
G1 X75.195 Y136.374
G1 X75.357 Y136.242
G1 X75.734 Y136.378
G1 X75.955 Y136.681
G1 X76.273 Y136.829
G1 X76.527 Y137.890
G1 X76.265 Y136.944
G1 X76.356 Y136.745
G1 X76.344 Y136.385
G1 X76.497 Y136.242
G1 X76.871 Y136.388
G1 X77.045 Y136.634
G1 X77.396 Y136.791
G1 X77.359 Y136.885
G1 X77.750 Y137.973
G1 X77.358 Y136.878
G1 X77.470 Y136.321
G1 X77.678 Y136.221
G1 X77.679 Y136.119
G1 X77.898 Y137.110
G1 X77.545 Y135.230
G1 X77.221 Y134.676
G1 X76.751 Y134.611
G1 X76.641 Y134.871
G1 X76.842 Y135.317
G1 X77.284 Y135.651
G1 X77.613 Y135.707
G1 X77.694 Y136.047
G1 X78.151 Y136.165
G1 X78.563 Y136.446
G1 X78.629 Y136.593
G0 Z5.000 F500.000
G0 X79.144 Y137.985 F3000.000
G1 Z1.000 F500.000
G4 P100
G1 X78.965 Y137.671 F1000.000
G1 X78.815 Y136.779
G1 X78.855 Y136.374
G1 X79.017 Y136.242
G1 X79.394 Y136.378
G1 X79.615 Y136.681
G1 X79.933 Y136.829
G1 X80.187 Y137.890
G1 X79.925 Y136.944
G1 X80.016 Y136.745
G1 X80.004 Y136.385
G1 X80.157 Y136.242
G1 X80.531 Y136.388
G1 X80.705 Y136.634
G1 X81.056 Y136.791
G1 X81.019 Y136.885
G1 X81.410 Y137.973
G1 X81.018 Y136.878
G1 X81.130 Y136.321
G1 X81.338 Y136.221
G1 X81.339 Y136.119
G1 X81.558 Y137.110
G1 X81.205 Y135.230
G1 X80.881 Y134.676
G1 X80.411 Y134.611
G1 X80.301 Y134.871
G1 X80.502 Y135.317
G1 X80.944 Y135.651
G1 X81.273 Y135.707
G1 X81.354 Y136.047
G1 X81.811 Y136.165
G1 X82.223 Y136.446
G1 X82.289 Y136.593
G0 Z5.000 F500.000
G0 X86.339 Y137.936 F3000.000
G1 Z1.000 F500.000
G4 P100
G1 X85.997 Y137.077 F1000.000
G1 X85.291 Y136.703
G1 X85.354 Y136.752
G1 X85.186 Y136.762
G1 X85.145 Y137.065
G1 X85.017 Y137.229
G1 X84.698 Y137.279
G1 X84.312 Y137.128
G1 X83.924 Y137.514
G1 X84.013 Y137.855
G1 X84.166 Y137.990
G1 X84.002 Y137.828
G1 X83.877 Y137.086
G1 X83.940 Y136.984
G1 X84.312 Y137.128
G1 X83.893 Y137.012
G1 X83.829 Y136.661
G1 X83.933 Y136.357
G1 X84.268 Y136.112
G1 X84.732 Y136.123
G1 X85.060 Y136.334
G1 X85.291 Y136.703
G1 X85.997 Y137.077
G1 X86.137 Y136.301
G1 X86.450 Y136.092
G1 X86.894 Y136.305
G1 X87.249 Y136.801
G0 Z5.000 F500.000
G0 X89.849 Y137.936 F3000.000
G1 Z1.000 F500.000
G4 P100
G1 X89.507 Y137.077 F1000.000
G1 X88.801 Y136.703
G1 X88.864 Y136.752
G1 X88.696 Y136.762
G1 X88.655 Y137.065
G1 X88.527 Y137.229
G1 X88.208 Y137.279
G1 X87.822 Y137.128
G1 X87.434 Y137.514
G1 X87.523 Y137.855
G1 X87.676 Y137.990
G1 X87.512 Y137.828
G1 X87.387 Y137.086
G1 X87.450 Y136.984
G1 X87.822 Y137.128
G1 X87.403 Y137.012
G1 X87.339 Y136.661
G1 X87.443 Y136.357
G1 X87.778 Y136.112
G1 X88.242 Y136.123
G1 X88.570 Y136.334
G1 X88.801 Y136.703
G1 X89.507 Y137.077
G1 X89.647 Y136.301
G1 X89.960 Y136.092
G1 X90.404 Y136.305
G1 X90.759 Y136.801
G0 Z5.000 F500.000
G0 X93.359 Y137.936 F3000.000
G1 Z1.000 F500.000
G4 P100
G1 X93.017 Y137.077 F1000.000
G1 X92.311 Y136.703
G1 X92.374 Y136.752
G1 X92.206 Y136.762
G1 X92.165 Y137.065
G1 X92.037 Y137.229
G1 X91.718 Y137.279
G1 X91.332 Y137.128
G1 X90.944 Y137.514
G1 X91.033 Y137.855
G1 X91.186 Y137.990
G1 X91.022 Y137.828
G1 X90.897 Y137.086
G1 X90.960 Y136.984
G1 X91.332 Y137.128
G1 X90.913 Y137.012
G1 X90.849 Y136.661
G1 X90.953 Y136.357
G1 X91.288 Y136.112
G1 X91.752 Y136.123
G1 X92.080 Y136.334
G1 X92.311 Y136.703
G1 X93.017 Y137.077
G1 X93.157 Y136.301
G1 X93.470 Y136.092
G1 X93.914 Y136.305
G1 X94.269 Y136.801
G0 Z5.000 F500.000
G0 X96.963 Y136.271 F3000.000
G1 Z1.000 F500.000
G4 P100
G1 X97.105 Y136.809 F1000.000
G1 X97.033 Y137.075
G1 X96.764 Y137.270
G1 X96.451 Y137.259
G1 X96.170 Y137.126
G1 X95.978 Y137.295
G1 X95.776 Y137.519
G1 X95.867 Y137.854
G1 X96.021 Y137.990
G1 X95.857 Y137.827
G1 X95.732 Y137.087
G1 X95.809 Y136.971
G1 X96.170 Y137.126
G1 X95.809 Y136.971
G1 X95.752 Y137.018
G1 X95.678 Y136.748
G1 X95.766 Y136.397
G1 X95.988 Y136.170
G1 X96.367 Y136.072
G1 X96.931 Y136.291
G1 X97.170 Y136.114
G1 X97.487 Y136.128
G1 X97.917 Y136.406
G1 X98.179 Y136.798
G0 Z5.000 F500.000
G0 X99.548 Y136.271 F3000.000
G1 Z1.000 F500.000
G4 P100
G1 X99.690 Y136.809 F1000.000
G1 X99.618 Y137.075
G1 X99.349 Y137.270
G1 X99.036 Y137.259
G1 X98.755 Y137.126
G1 X98.563 Y137.295
G1 X98.361 Y137.519
G1 X98.452 Y137.854
G1 X98.606 Y137.990
G1 X98.442 Y137.827
G1 X98.317 Y137.087
G1 X98.394 Y136.971
G1 X98.755 Y137.126
G1 X98.394 Y136.971
G1 X98.337 Y137.018
G1 X98.263 Y136.748
G1 X98.351 Y136.397
G1 X98.573 Y136.170
G1 X98.952 Y136.072
G1 X99.516 Y136.291
G1 X99.755 Y136.114
G1 X100.072 Y136.128
G1 X100.502 Y136.406
G1 X100.764 Y136.798
G0 Z5.000 F500.000
G0 X102.133 Y136.271 F3000.000
G1 Z1.000 F500.000
G4 P100
G1 X102.275 Y136.809 F1000.000
G1 X102.203 Y137.075
G1 X101.934 Y137.270
G1 X101.621 Y137.259
G1 X101.340 Y137.126
G1 X101.148 Y137.295
G1 X100.946 Y137.519
G1 X101.037 Y137.854
G1 X101.191 Y137.990
G1 X101.027 Y137.827
G1 X100.902 Y137.087
G1 X100.979 Y136.971
G1 X101.340 Y137.126
G1 X100.979 Y136.971
G1 X100.922 Y137.018
G1 X100.848 Y136.748
G1 X100.936 Y136.397
G1 X101.158 Y136.170
G1 X101.537 Y136.072
G1 X102.101 Y136.291
G1 X102.340 Y136.114
G1 X102.657 Y136.128
G1 X103.087 Y136.406
G1 X103.349 Y136.798
G0 Z5.000 F500.000
G0 X106.180 Y136.271 F3000.000
G1 Z1.000 F500.000
G4 P100
G1 X106.311 Y136.794 F1000.000
G1 X106.188 Y137.148
G1 X105.840 Y137.290
G1 X105.428 Y137.165
G1 X105.091 Y137.502
G1 X105.225 Y137.829
G1 X105.640 Y137.985
G1 X105.225 Y137.829
G1 X104.642 Y138.039
G1 X105.225 Y137.829
G1 X104.989 Y137.318
G1 X104.988 Y137.069
G1 X105.428 Y137.165
G1 X104.978 Y137.065
G1 X104.908 Y136.869
G1 X104.934 Y136.464
G1 X105.210 Y136.153
G1 X105.568 Y136.077
G1 X106.180 Y136.271
G1 X106.388 Y136.115
G1 X106.715 Y136.133
G1 X107.135 Y136.419
G1 X107.383 Y136.796
G0 Z5.000 F500.000
G0 X108.890 Y136.271 F3000.000
G1 Z1.000 F500.000
G4 P100
G1 X109.021 Y136.794 F1000.000
G1 X108.898 Y137.148
G1 X108.550 Y137.290
G1 X108.138 Y137.165
G1 X107.801 Y137.502
G1 X107.935 Y137.829
G1 X108.350 Y137.985
G1 X107.935 Y137.829
G1 X107.352 Y138.039
G1 X107.935 Y137.829
G1 X107.699 Y137.318
G1 X107.698 Y137.069
G1 X108.138 Y137.165
G1 X107.688 Y137.065
G1 X107.618 Y136.869
G1 X107.644 Y136.464
G1 X107.920 Y136.153
G1 X108.278 Y136.077
G1 X108.890 Y136.271
G1 X109.098 Y136.115
G1 X109.425 Y136.133
G1 X109.845 Y136.419
G1 X110.093 Y136.796
G0 Z5.000 F500.000
G0 X111.600 Y136.271 F3000.000
G1 Z1.000 F500.000
G4 P100
G1 X111.731 Y136.794 F1000.000
G1 X111.608 Y137.148
G1 X111.260 Y137.290
G1 X110.848 Y137.165
G1 X110.511 Y137.502
G1 X110.645 Y137.829
G1 X111.060 Y137.985
G1 X110.645 Y137.829
G1 X110.062 Y138.039
G1 X110.645 Y137.829
G1 X110.409 Y137.318
G1 X110.408 Y137.069
G1 X110.848 Y137.165
G1 X110.398 Y137.065
G1 X110.328 Y136.869
G1 X110.354 Y136.464
G1 X110.630 Y136.153
G1 X110.988 Y136.077
G1 X111.600 Y136.271
G1 X111.808 Y136.115
G1 X112.135 Y136.133
G1 X112.555 Y136.419
G1 X112.803 Y136.796
G0 Z5.000 F500.000
G0 X114.546 Y138.012 F3000.000
G1 Z1.000 F500.000
G4 P100
G1 X114.368 Y137.808 F1000.000
G1 X114.195 Y136.931
G1 X114.202 Y136.486
G1 X114.358 Y136.218
G1 X114.624 Y136.274
G1 X114.947 Y136.656
G1 X115.234 Y136.777
G1 X115.508 Y137.810
G1 X115.632 Y137.980
G1 X115.508 Y137.810
G1 X115.234 Y136.777
G1 X115.378 Y136.207
G1 X115.610 Y136.109
G1 X115.910 Y136.184
G1 X116.309 Y136.537
G1 X116.438 Y136.796
G0 Z5.000 F500.000
G0 X116.856 Y138.012 F3000.000
G1 Z1.000 F500.000
G4 P100
G1 X116.678 Y137.808 F1000.000
G1 X116.505 Y136.931
G1 X116.512 Y136.486
G1 X116.668 Y136.218
G1 X116.934 Y136.274
G1 X117.257 Y136.656
G1 X117.544 Y136.777
G1 X117.818 Y137.810
G1 X117.942 Y137.980
G1 X117.818 Y137.810
G1 X117.544 Y136.777
G1 X117.688 Y136.207
G1 X117.920 Y136.109
G1 X118.220 Y136.184
G1 X118.619 Y136.537
G1 X118.748 Y136.796
G0 Z5.000 F500.000
G0 X119.166 Y138.012 F3000.000
G1 Z1.000 F500.000
G4 P100
G1 X118.988 Y137.808 F1000.000
G1 X118.815 Y136.931
G1 X118.822 Y136.486
G1 X118.978 Y136.218
G1 X119.244 Y136.274
G1 X119.567 Y136.656
G1 X119.854 Y136.777
G1 X120.128 Y137.810
G1 X120.252 Y137.980
G1 X120.128 Y137.810
G1 X119.854 Y136.777
G1 X119.998 Y136.207
G1 X120.230 Y136.109
G1 X120.530 Y136.184
G1 X120.929 Y136.537
G1 X121.058 Y136.796
G0 Z5.000 F500.000
G0 X115.867 Y139.438 F3000.000
G1 Z1.000 F500.000
G4 P100
G1 X115.592 Y138.985 F1000.000
G1 X115.148 Y138.760
G1 X114.665 Y138.828
G1 X114.443 Y139.181
G0 Z5.000 F500.000
G0 X116.753 Y139.181 F3000.000
G1 Z1.000 F500.000
G4 P100
G1 X116.975 Y138.828 F1000.000
G1 X117.458 Y138.760
G1 X117.902 Y138.985
G1 X118.177 Y139.438
G0 Z5.000 F500.000
G0 X120.487 Y139.438 F3000.000
G1 Z1.000 F500.000
G4 P100
G1 X120.212 Y138.985 F1000.000
G1 X119.768 Y138.760
G1 X119.285 Y138.828
G1 X119.063 Y139.181
G0 Z5.000 F500.000
G0 X122.430 Y136.691 F3000.000
G1 Z1.000 F500.000
G4 P100
G1 X123.117 Y136.889 F1000.000
G1 X123.498 Y137.228
G1 X123.568 Y137.496
G1 X123.509 Y137.743
G1 X123.351 Y137.888
G1 X123.101 Y137.933
G1 X122.688 Y137.750
G1 X122.417 Y137.296
G1 X122.374 Y136.841
G1 X122.453 Y136.475
G1 X122.600 Y136.269
G1 X123.007 Y136.085
G1 X123.528 Y136.123
G1 X124.107 Y136.445
G1 X124.349 Y136.798
G0 Z5.000 F500.000
G0 X124.395 Y136.691 F3000.000
G1 Z1.000 F500.000
G4 P100
G1 X125.082 Y136.889 F1000.000
G1 X125.463 Y137.228
G1 X125.533 Y137.496
G1 X125.474 Y137.743
G1 X125.316 Y137.888
G1 X125.066 Y137.933
G1 X124.653 Y137.750
G1 X124.382 Y137.296
G1 X124.339 Y136.841
G1 X124.418 Y136.475
G1 X124.565 Y136.269
G1 X124.972 Y136.085
G1 X125.493 Y136.123
G1 X126.072 Y136.445
G1 X126.314 Y136.798
G0 Z5.000 F500.000
G0 X126.360 Y136.691 F3000.000
G1 Z1.000 F500.000
G4 P100
G1 X127.047 Y136.889 F1000.000
G1 X127.428 Y137.228
G1 X127.498 Y137.496
G1 X127.439 Y137.743
G1 X127.281 Y137.888
G1 X127.031 Y137.933
G1 X126.618 Y137.750
G1 X126.347 Y137.296
G1 X126.304 Y136.841
G1 X126.383 Y136.475
G1 X126.530 Y136.269
G1 X126.937 Y136.085
G1 X127.458 Y136.123
G1 X128.037 Y136.445
G1 X128.279 Y136.798
G0 Z5.000 F500.000
G0 X122.762 Y138.876 F3000.000
G1 Z1.000 F500.000
G4 P100
G1 X122.767 Y138.927 F1000.000
G0 Z5.000 F500.000
G0 X123.790 Y138.861 F3000.000
G1 Z1.000 F500.000
G4 P100
G1 X123.807 Y138.927 F1000.000
G0 Z5.000 F500.000
G0 X125.755 Y138.861 F3000.000
G1 Z1.000 F500.000
G4 P100
G1 X125.772 Y138.927 F1000.000
G0 Z5.000 F500.000
G0 X124.732 Y138.927 F3000.000
G1 Z1.000 F500.000
G4 P100
G1 X124.727 Y138.876 F1000.000
G0 Z5.000 F500.000
G0 X126.692 Y138.876 F3000.000
G1 Z1.000 F500.000
G4 P100
G1 X126.697 Y138.927 F1000.000
G0 Z5.000 F500.000
G0 X127.720 Y138.861 F3000.000
G1 Z1.000 F500.000
G4 P100
G1 X127.737 Y138.927 F1000.000
G0 Z5.000 F500.000
G0 X129.589 Y136.742 F3000.000
G1 Z1.000 F500.000
G4 P100
G1 X129.499 Y136.441 F1000.000
G1 X129.599 Y136.191
G1 X129.869 Y136.095
G1 X130.153 Y136.192
G1 X130.419 Y136.554
G1 X130.612 Y137.204
G1 X130.304 Y137.852
G1 X130.049 Y137.910
G1 X129.839 Y137.768
G1 X129.787 Y137.587
G1 X129.959 Y137.880
G1 X130.304 Y137.852
G1 X130.612 Y137.204
G1 X131.010 Y137.294
G1 X131.130 Y137.874
G1 X131.266 Y138.012
G1 X131.130 Y137.874
G1 X131.010 Y137.294
G1 X131.107 Y136.615
G1 X131.012 Y136.054
G1 X131.107 Y136.615
G1 X131.554 Y136.857
G1 X131.802 Y137.631
G1 X132.006 Y137.846
G1 X132.251 Y137.933
G1 X132.594 Y137.772
G1 X132.577 Y137.329
G1 X132.641 Y137.596
G1 X132.557 Y137.825
G1 X132.347 Y137.930
G1 X132.082 Y137.889
G1 X131.747 Y137.535
G1 X131.554 Y136.857
G1 X131.818 Y136.307
G1 X132.227 Y136.086
G1 X132.742 Y136.233
G1 X133.188 Y136.796
G1 X133.084 Y136.426
G1 X133.217 Y136.163
G1 X133.562 Y136.108
G1 X133.862 Y136.316
G1 X134.197 Y137.204
G1 X133.982 Y137.758
G1 X133.664 Y137.914
G1 X133.458 Y137.815
G1 X133.372 Y137.587
G1 X133.513 Y137.862
G1 X133.828 Y137.888
G1 X134.033 Y137.677
G1 X134.197 Y137.204
G1 X134.595 Y137.294
G1 X134.715 Y137.874
G1 X134.851 Y138.012
G1 X134.715 Y137.874
G1 X134.595 Y137.294
G1 X134.692 Y136.615
G1 X134.597 Y136.054
G1 X134.692 Y136.615
G1 X135.139 Y136.857
G1 X135.379 Y137.618
G1 X135.807 Y137.930
G1 X136.172 Y137.784
G1 X136.162 Y137.329
G1 X136.226 Y137.596
G1 X136.142 Y137.825
G1 X135.932 Y137.930
G1 X135.667 Y137.889
G1 X135.332 Y137.535
G1 X135.139 Y136.857
G1 X135.385 Y136.329
G1 X135.741 Y136.100
G1 X136.024 Y136.093
G1 X136.291 Y136.207
G1 X136.648 Y136.543
G1 X136.773 Y136.796
G1 X136.669 Y136.426
G1 X136.802 Y136.163
G1 X137.140 Y136.106
G1 X137.438 Y136.305
G1 X137.782 Y137.204
G1 X137.562 Y137.764
G1 X137.227 Y137.911
G1 X137.034 Y137.804
G1 X136.957 Y137.587
G1 X137.098 Y137.862
G1 X137.413 Y137.888
G1 X137.618 Y137.677
G1 X137.782 Y137.204
G1 X138.180 Y137.294
G1 X138.300 Y137.874
G1 X138.436 Y138.012
G1 X138.300 Y137.874
G1 X138.180 Y137.294
G1 X138.277 Y136.615
G1 X138.182 Y136.054
G1 X138.277 Y136.615
G1 X138.724 Y136.857
G1 X138.931 Y137.561
G1 X139.299 Y137.908
G1 X139.696 Y137.856
G1 X139.803 Y137.486
G1 X139.742 Y137.323
G1 X139.790 Y137.711
G1 X139.539 Y137.927
G1 X139.232 Y137.880
G1 X138.976 Y137.637
G1 X138.724 Y136.857
G1 X139.008 Y136.285
G1 X139.340 Y136.096
G1 X139.722 Y136.126
G1 X140.175 Y136.477
G1 X140.360 Y136.803
G0 Z5.000 F500.000
G0 X140.461 Y136.274 F3000.000
G1 Z1.000 F500.000
G4 P100
G1 X140.498 Y136.310 F1000.000
G0 Z5.000 F500.000
G0 X21.467 Y126.091 F3000.000
G1 Z1.000 F500.000
G4 P100
G1 X22.003 Y129.395 F1000.000
G1 X21.914 Y129.581
G1 X21.483 Y129.604
G1 X20.921 Y129.444
G1 X20.596 Y129.201
G1 X20.471 Y128.835
G1 X20.566 Y128.445
G1 X20.471 Y128.784
G1 X20.551 Y129.135
G1 X20.805 Y129.383
G1 X21.218 Y129.545
G1 X21.685 Y129.623
G1 X21.992 Y129.541
G1 X22.262 Y129.666
G1 X22.744 Y129.688
G1 X23.577 Y129.668
G1 X23.894 Y129.543
G1 X24.219 Y129.618
G1 X24.822 Y129.541
G1 X24.219 Y129.618
G1 X23.894 Y129.543
G1 X23.418 Y126.638
G1 X23.608 Y126.178
G1 X24.078 Y126.028
G1 X24.574 Y126.219
G1 X24.946 Y126.701
G0 Z5.000 F500.000
G0 X24.992 Y126.594 F3000.000
G1 Z1.000 F500.000
G4 P100
G1 X25.679 Y126.792 F1000.000
G1 X26.060 Y127.131
G1 X26.131 Y127.399
G1 X26.071 Y127.646
G1 X25.914 Y127.791
G1 X25.664 Y127.836
G1 X25.251 Y127.653
G1 X24.979 Y127.199
G1 X24.936 Y126.744
G1 X25.015 Y126.378
G1 X25.162 Y126.172
G1 X25.570 Y125.988
G1 X26.090 Y126.026
G1 X26.669 Y126.348
G1 X26.911 Y126.701
G0 Z5.000 F500.000
G0 X27.995 Y126.242 F3000.000
G1 Z1.000 F500.000
G4 P100
G1 X28.308 Y127.010 F1000.000
G1 X28.252 Y127.631
G1 X28.078 Y127.793
G1 X27.849 Y127.822
G1 X27.109 Y127.471
G1 X27.070 Y127.810
G1 X27.051 Y126.733
G1 X26.952 Y126.330
G1 X27.092 Y125.979
G1 X26.880 Y124.497
G1 X26.628 Y123.832
G1 X26.433 Y123.715
G1 X26.221 Y123.754
G1 X26.057 Y124.110
G1 X26.107 Y124.750
G1 X26.497 Y125.930
G1 X26.727 Y126.243
G1 X26.952 Y126.330
G1 X27.155 Y125.969
G1 X27.525 Y125.998
G1 X27.995 Y126.242
G1 X28.250 Y126.028
G1 X28.598 Y126.022
G1 X29.075 Y126.324
G1 X29.418 Y126.875
G1 X29.602 Y127.008
G1 X30.099 Y127.172
G1 X30.560 Y127.161
G1 X30.729 Y126.933
G1 X30.662 Y126.619
G1 X30.501 Y126.276
G1 X30.242 Y126.056
G1 X29.935 Y125.989
G1 X29.646 Y126.077
G1 X29.426 Y126.299
G1 X29.318 Y126.624
G1 X29.325 Y127.053
G1 X29.449 Y127.419
G1 X29.676 Y127.683
G1 X29.983 Y127.815
G1 X30.392 Y127.692
G1 X30.729 Y126.933
G1 X31.127 Y126.926
G1 X31.535 Y127.046
G0 Z5.000 F500.000
G0 X32.881 Y126.645 F3000.000
G1 Z1.000 F500.000
G4 P100
G1 X32.791 Y126.344 F1000.000
G1 X32.891 Y126.094
G1 X33.161 Y125.998
G1 X33.445 Y126.095
G1 X33.712 Y126.457
G1 X33.904 Y127.107
G1 X33.597 Y127.755
G1 X33.342 Y127.813
G1 X33.131 Y127.671
G1 X33.079 Y127.490
G1 X33.251 Y127.783
G1 X33.597 Y127.755
G1 X33.904 Y127.107
G1 X34.302 Y127.197
G1 X34.422 Y127.777
G1 X34.558 Y127.915
G1 X34.422 Y127.777
G1 X34.302 Y127.197
G1 X34.400 Y126.518
G1 X34.305 Y125.957
G1 X34.400 Y126.518
G1 X34.847 Y126.760
G1 X35.053 Y127.464
G1 X35.422 Y127.811
G1 X35.819 Y127.759
G1 X35.926 Y127.389
G1 X35.865 Y127.226
G1 X35.912 Y127.614
G1 X35.662 Y127.830
G1 X35.355 Y127.783
G1 X35.098 Y127.540
G1 X34.847 Y126.760
G1 X35.130 Y126.188
G1 X35.462 Y125.999
G1 X35.844 Y126.029
G1 X36.298 Y126.380
G1 X36.482 Y126.706
G0 Z5.000 F500.000
G0 X36.527 Y126.594 F3000.000
G1 Z1.000 F500.000
G4 P100
G1 X37.214 Y126.792 F1000.000
G1 X37.595 Y127.131
G1 X37.666 Y127.399
G1 X37.606 Y127.646
G1 X37.449 Y127.791
G1 X37.199 Y127.836
G1 X36.786 Y127.653
G1 X36.514 Y127.199
G1 X36.471 Y126.744
G1 X36.550 Y126.378
G1 X36.697 Y126.172
G1 X37.105 Y125.988
G1 X37.625 Y126.026
G1 X38.204 Y126.348
G1 X38.446 Y126.701
G0 Z5.000 F500.000
G0 X38.419 Y126.780 F3000.000
G1 Z1.000 F500.000
G4 P100
G1 X38.266 Y126.540 F1000.000
G1 X38.294 Y126.194
G1 X38.465 Y126.026
G1 X38.739 Y126.042
G1 X39.024 Y126.306
G1 X39.483 Y127.268
G1 X39.872 Y127.690
G1 X39.806 Y127.534
G1 X39.949 Y127.209
G1 X39.956 Y126.450
G1 X40.106 Y126.069
G1 X40.363 Y125.998
G1 X40.646 Y126.087
G1 X41.014 Y126.452
G1 X41.131 Y126.701
G0 Z5.000 F500.000
G0 X42.360 Y126.438 F3000.000
G1 Z1.000 F500.000
G4 P100
G1 X42.575 Y127.617 F1000.000
G1 X42.080 Y127.842
G1 X41.625 Y127.587
G1 X41.298 Y127.098
G1 X41.192 Y126.468
G1 X41.371 Y126.074
G1 X41.796 Y126.013
G1 X42.360 Y126.438
G1 X42.590 Y126.065
G1 X42.881 Y126.021
G1 X43.306 Y126.324
G1 X43.542 Y126.704
G0 Z5.000 F500.000
G0 X43.944 Y127.925 F3000.000
G1 Z1.000 F500.000
G4 P100
G1 X43.768 Y127.735 F1000.000
G1 X43.634 Y127.136
G1 X43.663 Y126.040
G1 X43.707 Y126.557
G1 X44.010 Y126.755
G1 X44.405 Y127.453
G1 X44.744 Y127.628
G1 X44.888 Y127.615
G1 X44.932 Y127.394
G1 X44.901 Y126.025
G1 X44.972 Y126.584
G1 X45.243 Y126.752
G1 X45.612 Y127.381
G1 X45.920 Y127.603
G1 X46.201 Y127.567
G1 X46.093 Y126.399
G1 X46.199 Y126.076
G1 X46.474 Y126.011
G1 X46.748 Y126.097
G1 X47.122 Y126.434
G1 X47.262 Y126.704
G0 Z5.000 F500.000
G0 X47.307 Y126.594 F3000.000
G1 Z1.000 F500.000
G4 P100
G1 X47.994 Y126.792 F1000.000
G1 X48.375 Y127.131
G1 X48.446 Y127.399
G1 X48.386 Y127.646
G1 X48.229 Y127.791
G1 X47.979 Y127.836
G1 X47.566 Y127.653
G1 X47.294 Y127.199
G1 X47.251 Y126.744
G1 X47.330 Y126.378
G1 X47.477 Y126.172
G1 X47.885 Y125.988
G1 X48.405 Y126.026
G1 X48.984 Y126.348
G1 X49.226 Y126.701
G0 Z5.000 F500.000
G0 X49.199 Y126.780 F3000.000
G1 Z1.000 F500.000
G4 P100
G1 X49.046 Y126.540 F1000.000
G1 X49.074 Y126.194
G1 X49.245 Y126.026
G1 X49.519 Y126.042
G1 X49.804 Y126.306
G1 X50.263 Y127.268
G1 X50.652 Y127.690
G1 X50.586 Y127.534
G1 X50.729 Y127.209
G1 X50.736 Y126.450
G1 X50.886 Y126.069
G1 X51.143 Y125.998
G1 X51.426 Y126.087
G1 X51.794 Y126.452
G1 X51.911 Y126.701
G0 Z5.000 F500.000
G0 X53.340 Y126.174 F3000.000
G1 Z1.000 F500.000
G4 P100
G1 X53.482 Y126.712 F1000.000
G1 X53.410 Y126.978
G1 X53.142 Y127.173
G1 X52.829 Y127.162
G1 X52.547 Y127.029
G1 X52.355 Y127.198
G1 X52.154 Y127.422
G1 X52.245 Y127.757
G1 X52.398 Y127.893
G1 X52.234 Y127.730
G1 X52.109 Y126.990
G1 X52.186 Y126.874
G1 X52.547 Y127.029
G1 X52.186 Y126.874
G1 X52.130 Y126.921
G1 X52.055 Y126.651
G1 X52.143 Y126.300
G1 X52.366 Y126.073
G1 X52.744 Y125.975
G1 X53.308 Y126.194
G1 X53.547 Y126.017
G1 X53.865 Y126.031
G1 X54.295 Y126.309
G1 X54.556 Y126.701
G0 Z5.000 F500.000
G0 X54.942 Y127.910 F3000.000
G1 Z1.000 F500.000
G4 P100
G1 X54.791 Y127.755 F1000.000
G1 X54.679 Y127.279
G1 X54.644 Y125.974
G1 X54.611 Y126.621
G1 X54.693 Y126.972
G1 X55.781 Y126.909
G1 X56.096 Y127.859
G1 X55.781 Y126.909
G1 X55.798 Y126.271
G1 X55.971 Y126.033
G1 X56.446 Y126.118
G1 X56.821 Y126.465
G1 X57.031 Y126.863
G1 X57.715 Y127.167
G1 X58.175 Y127.160
G1 X58.312 Y127.077
G1 X58.281 Y126.633
G1 X58.075 Y126.225
G1 X57.796 Y126.030
G1 X57.463 Y125.998
G1 X57.172 Y126.142
G1 X56.982 Y126.424
G1 X56.921 Y126.842
G1 X57.002 Y127.286
G1 X57.203 Y127.607
G1 X57.505 Y127.792
G1 X57.774 Y127.817
G1 X57.992 Y127.708
G1 X58.344 Y126.933
G1 X58.742 Y126.926
G1 X59.150 Y127.046
G0 Z5.000 F500.000
G0 X60.897 Y127.910 F3000.000
G1 Z1.000 F500.000
G4 P100
G1 X60.746 Y127.755 F1000.000
G1 X60.634 Y127.279
G1 X60.599 Y125.974
G1 X60.566 Y126.621
G1 X60.648 Y126.972
G1 X61.736 Y126.909
G1 X62.051 Y127.859
G1 X61.736 Y126.909
G1 X61.822 Y126.093
G1 X62.080 Y126.011
G1 X62.364 Y126.094
G1 X62.753 Y126.436
G1 X62.886 Y126.701
G0 Z5.000 F500.000
G0 X62.932 Y126.594 F3000.000
G1 Z1.000 F500.000
G4 P100
G1 X63.619 Y126.792 F1000.000
G1 X64.000 Y127.131
G1 X64.071 Y127.399
G1 X64.011 Y127.646
G1 X63.854 Y127.791
G1 X63.604 Y127.836
G1 X63.191 Y127.653
G1 X62.919 Y127.199
G1 X62.876 Y126.744
G1 X62.955 Y126.378
G1 X63.102 Y126.172
G1 X63.510 Y125.988
G1 X64.030 Y126.026
G1 X64.609 Y126.348
G1 X64.851 Y126.701
G0 Z5.000 F500.000
G0 X66.579 Y127.925 F3000.000
G1 Z1.000 F500.000
G4 P100
G1 X66.402 Y127.735 F1000.000
G1 X66.264 Y127.120
G1 X66.344 Y126.548
G1 X66.298 Y126.040
G1 X66.344 Y126.548
G1 X66.647 Y126.746
G1 X67.069 Y127.453
G1 X67.364 Y127.618
G1 X67.589 Y127.573
G1 X67.494 Y126.300
G1 X67.570 Y126.098
G1 X67.763 Y126.017
G1 X68.191 Y126.127
G1 X68.546 Y126.465
G1 X68.755 Y126.863
G1 X69.439 Y127.167
G1 X69.900 Y127.161
G1 X70.037 Y127.077
G1 X70.012 Y126.654
G1 X69.814 Y126.242
G1 X69.541 Y126.038
G1 X69.203 Y125.996
G1 X68.909 Y126.133
G1 X68.712 Y126.410
G1 X68.645 Y126.828
G1 X68.724 Y127.279
G1 X68.923 Y127.602
G1 X69.223 Y127.790
G1 X69.492 Y127.818
G1 X69.712 Y127.713
G1 X70.069 Y126.933
G1 X70.467 Y126.926
G1 X70.875 Y127.046
G0 Z5.000 F500.000
G0 X71.865 Y125.464 F3000.000
G1 Z1.000 F500.000
G4 P100
G1 X71.861 Y125.046 F1000.000
G1 X71.485 Y124.050
G1 X71.174 Y123.749
G1 X70.814 Y123.773
G1 X70.660 Y124.102
G1 X70.820 Y124.612
G1 X71.485 Y125.346
G1 X71.865 Y125.464
G1 X72.124 Y126.023
G1 X72.017 Y126.245
G1 X72.290 Y127.590
G1 X71.850 Y127.852
G1 X71.529 Y127.730
G1 X71.240 Y127.474
G1 X71.005 Y127.062
G1 X70.911 Y126.591
G1 X70.966 Y126.239
G1 X71.180 Y126.020
G1 X71.456 Y126.002
G1 X72.017 Y126.245
G1 X72.127 Y126.030
G1 X72.373 Y126.053
G1 X73.179 Y126.640
G0 Z5.000 F500.000
G0 X73.692 Y127.910 F3000.000
G1 Z1.000 F500.000
G4 P100
G1 X73.541 Y127.755 F1000.000
G1 X73.429 Y127.279
G1 X73.394 Y125.974
G1 X73.361 Y126.621
G1 X73.443 Y126.972
G1 X74.531 Y126.909
G1 X74.846 Y127.859
G1 X74.531 Y126.909
G1 X74.617 Y126.093
G1 X74.875 Y126.011
G1 X75.159 Y126.094
G1 X75.548 Y126.436
G1 X75.681 Y126.701
G0 Z5.000 F500.000
G0 X76.098 Y127.915 F3000.000
G1 Z1.000 F500.000
G4 P100
G1 X75.920 Y127.711 F1000.000
G1 X75.747 Y126.834
G1 X75.754 Y126.389
G1 X75.910 Y126.121
G1 X76.177 Y126.177
G1 X76.499 Y126.559
G1 X76.787 Y126.680
G1 X77.060 Y127.713
G1 X77.185 Y127.883
G1 X77.060 Y127.713
G1 X76.787 Y126.680
G1 X76.930 Y126.110
G1 X77.162 Y126.012
G1 X77.462 Y126.087
G1 X77.861 Y126.440
G1 X77.990 Y126.699
G0 Z5.000 F500.000
G0 X77.947 Y126.775 F3000.000
G1 Z1.000 F500.000
G4 P100
G1 X77.812 Y126.509 F1000.000
G1 X77.858 Y126.163
G1 X78.045 Y126.017
G1 X78.318 Y126.051
G1 X78.578 Y126.330
G1 X78.947 Y127.355
G1 X79.263 Y127.773
G1 X79.183 Y127.625
G1 X79.359 Y127.311
G1 X79.382 Y126.679
G1 X79.553 Y126.372
G1 X79.524 Y125.998
G1 X79.553 Y126.372
G1 X79.791 Y126.594
G1 X80.188 Y127.480
G1 X80.449 Y127.676
G1 X80.623 Y127.412
G1 X80.581 Y126.463
G1 X80.718 Y126.057
G1 X80.979 Y126.005
G1 X81.239 Y126.110
G1 X81.566 Y126.443
G1 X81.672 Y126.728
G0 Z5.000 F500.000
G0 X82.830 Y126.438 F3000.000
G1 Z1.000 F500.000
G4 P100
G1 X83.045 Y127.617 F1000.000
G1 X82.550 Y127.842
G1 X82.095 Y127.587
G1 X81.768 Y127.098
G1 X81.662 Y126.468
G1 X81.841 Y126.074
G1 X82.266 Y126.013
G1 X82.830 Y126.438
G1 X83.060 Y126.065
G1 X83.351 Y126.021
G1 X83.776 Y126.324
G1 X84.012 Y126.704
G0 Z5.000 F500.000
G0 X84.414 Y127.925 F3000.000
G1 Z1.000 F500.000
G4 P100
G1 X84.238 Y127.735 F1000.000
G1 X84.104 Y127.136
G1 X84.133 Y126.040
G1 X84.177 Y126.557
G1 X84.480 Y126.755
G1 X84.875 Y127.453
G1 X85.214 Y127.628
G1 X85.358 Y127.615
G1 X85.402 Y127.394
G1 X85.371 Y126.025
G1 X85.442 Y126.584
G1 X85.713 Y126.752
G1 X86.082 Y127.381
G1 X86.390 Y127.603
G1 X86.671 Y127.567
G1 X86.563 Y126.399
G1 X86.669 Y126.076
G1 X86.944 Y126.011
G1 X87.218 Y126.097
G1 X87.592 Y126.434
G1 X87.732 Y126.704
G0 Z5.000 F500.000
G0 X89.100 Y126.174 F3000.000
G1 Z1.000 F500.000
G4 P100
G1 X89.242 Y126.712 F1000.000
G1 X89.170 Y126.978
G1 X88.902 Y127.173
G1 X88.589 Y127.162
G1 X88.307 Y127.029
G1 X88.115 Y127.198
G1 X87.914 Y127.422
G1 X88.005 Y127.757
G1 X88.158 Y127.893
G1 X87.994 Y127.730
G1 X87.869 Y126.990
G1 X87.946 Y126.874
G1 X88.307 Y127.029
G1 X87.946 Y126.874
G1 X87.890 Y126.921
G1 X87.815 Y126.651
G1 X87.903 Y126.300
G1 X88.126 Y126.073
G1 X88.504 Y125.975
G1 X89.068 Y126.194
G1 X89.307 Y126.017
G1 X89.625 Y126.031
G1 X90.055 Y126.309
G1 X90.316 Y126.701
G0 Z5.000 F500.000
G0 X93.164 Y126.933 F3000.000
G1 Z1.000 F500.000
G4 P100
G1 X92.848 Y127.676 F1000.000
G1 X92.454 Y127.916
G1 X92.485 Y128.145
G1 X92.914 Y128.952
G1 X93.049 Y129.513
G1 X92.985 Y130.037
G1 X92.856 Y130.172
G1 X92.677 Y130.196
G1 X92.463 Y130.092
G1 X92.281 Y129.845
G1 X91.934 Y128.822
G1 X91.782 Y127.868
G1 X91.817 Y127.492
G1 X92.124 Y127.577
G1 X92.466 Y127.859
G1 X92.124 Y127.577
G1 X91.817 Y127.492
G1 X91.747 Y126.906
G1 X91.841 Y126.389
G1 X92.136 Y126.050
G1 X92.572 Y126.015
G1 X92.966 Y126.325
G1 X93.164 Y126.933
G1 X93.960 Y127.034
G0 Z5.000 F500.000
G0 X94.392 Y127.910 F3000.000
G1 Z1.000 F500.000
G4 P100
G1 X94.241 Y127.755 F1000.000
G1 X94.129 Y127.279
G1 X94.094 Y125.974
G1 X94.061 Y126.621
G1 X94.143 Y126.972
G1 X95.231 Y126.909
G1 X95.546 Y127.859
G1 X95.231 Y126.909
G1 X95.317 Y126.093
G1 X95.575 Y126.011
G1 X95.859 Y126.094
G1 X96.248 Y126.436
G1 X96.381 Y126.701
G0 Z5.000 F500.000
G0 X96.771 Y127.893 F3000.000
G1 Z1.000 F500.000
G4 P100
G1 X96.607 Y127.671 F1000.000
G1 X96.436 Y126.705
G1 X96.480 Y126.307
G1 X96.670 Y126.104
G1 X96.920 Y126.198
G1 X97.228 Y126.583
G1 X97.521 Y126.711
G1 X97.875 Y127.873
G1 X97.521 Y126.711
G1 X97.599 Y126.030
G1 X97.326 Y125.466
G1 X97.345 Y125.136
G1 X97.121 Y124.407
G1 X96.739 Y123.809
G1 X96.504 Y123.718
G1 X96.272 Y123.774
G1 X96.138 Y123.958
G1 X96.132 Y124.243
G1 X96.464 Y124.877
G1 X96.991 Y125.384
G1 X97.326 Y125.466
G1 X97.599 Y126.030
G1 X97.976 Y126.116
G1 X98.649 Y126.640
G0 Z5.000 F500.000
G0 X99.179 Y127.925 F3000.000
G1 Z1.000 F500.000
G4 P100
G1 X99.003 Y127.735 F1000.000
G1 X98.869 Y127.136
G1 X98.898 Y126.040
G1 X98.942 Y126.557
G1 X99.245 Y126.755
G1 X99.640 Y127.453
G1 X99.979 Y127.628
G1 X100.123 Y127.615
G1 X100.167 Y127.394
G1 X100.136 Y126.025
G1 X100.207 Y126.584
G1 X100.478 Y126.752
G1 X100.847 Y127.381
G1 X101.155 Y127.603
G1 X101.436 Y127.567
G1 X101.328 Y126.399
G1 X101.434 Y126.076
G1 X101.709 Y126.011
G1 X101.983 Y126.097
G1 X102.357 Y126.434
G1 X102.497 Y126.704
G0 Z5.000 F500.000
G0 X103.580 Y126.242 F3000.000
G1 Z1.000 F500.000
G4 P100
G1 X103.893 Y127.010 F1000.000
G1 X103.837 Y127.631
G1 X103.663 Y127.793
G1 X103.434 Y127.822
G1 X102.694 Y127.471
G1 X102.655 Y127.810
G1 X102.636 Y126.733
G1 X102.537 Y126.330
G1 X102.677 Y125.979
G1 X102.465 Y124.497
G1 X102.213 Y123.832
G1 X102.018 Y123.715
G1 X101.806 Y123.754
G1 X101.645 Y124.088
G1 X101.678 Y124.678
G1 X101.909 Y125.495
G1 X102.243 Y126.190
G1 X102.537 Y126.330
G1 X102.677 Y125.979
G1 X102.769 Y125.966
G1 X103.124 Y126.003
G1 X103.580 Y126.242
G1 X103.828 Y126.031
G1 X104.154 Y126.016
G1 X104.606 Y126.273
G1 X104.906 Y126.714
G0 Z5.000 F500.000
G0 X105.318 Y127.915 F3000.000
G1 Z1.000 F500.000
G4 P100
G1 X105.140 Y127.711 F1000.000
G1 X104.967 Y126.834
G1 X104.974 Y126.389
G1 X105.130 Y126.121
G1 X105.397 Y126.177
G1 X105.719 Y126.559
G1 X106.007 Y126.680
G1 X106.280 Y127.713
G1 X106.405 Y127.883
G1 X106.280 Y127.713
G1 X106.007 Y126.680
G1 X106.150 Y126.110
G1 X106.382 Y126.012
G1 X106.682 Y126.087
G1 X107.081 Y126.440
G1 X107.210 Y126.699
G0 Z5.000 F500.000
G0 X109.561 Y127.224 F3000.000
G1 Z1.000 F500.000
G4 P100
G1 X109.626 Y127.569 F1000.000
G1 X109.471 Y127.790
G1 X109.019 Y127.763
G1 X108.736 Y127.497
G1 X108.544 Y126.719
G1 X108.638 Y126.331
G1 X108.844 Y126.098
G1 X109.229 Y125.998
G1 X109.757 Y126.099
G1 X110.217 Y126.418
G1 X110.386 Y126.736
G0 Z5.000 F500.000
G0 X111.899 Y126.933 F3000.000
G1 Z1.000 F500.000
G4 P100
G1 X111.583 Y127.676 F1000.000
G1 X111.189 Y127.916
G1 X111.220 Y128.145
G1 X111.649 Y128.952
G1 X111.784 Y129.513
G1 X111.720 Y130.037
G1 X111.591 Y130.172
G1 X111.412 Y130.196
G1 X111.198 Y130.092
G1 X111.016 Y129.845
G1 X110.669 Y128.822
G1 X110.517 Y127.868
G1 X110.552 Y127.492
G1 X110.859 Y127.577
G1 X111.201 Y127.859
G1 X110.859 Y127.577
G1 X110.552 Y127.492
G1 X110.482 Y126.906
G1 X110.576 Y126.389
G1 X110.871 Y126.050
G1 X111.307 Y126.015
G1 X111.701 Y126.325
G1 X111.899 Y126.933
G1 X112.695 Y127.034
G0 Z5.000 F500.000
G0 X112.694 Y126.763 F3000.000
G1 Z1.000 F500.000
G4 P100
G1 X112.564 Y126.437 F1000.000
G1 X112.714 Y126.099
G1 X113.063 Y125.985
G1 X113.466 Y126.104
G1 X113.857 Y126.464
G1 X113.944 Y126.743
G1 X113.552 Y126.853
G1 X113.369 Y127.006
G1 X113.284 Y127.313
G1 X113.363 Y127.629
G1 X113.777 Y127.874
G1 X114.450 Y127.785
G1 X114.527 Y127.605
G1 X114.303 Y126.870
G1 X113.944 Y126.743
G1 X114.303 Y126.870
G1 X114.429 Y126.109
G1 X114.773 Y126.026
G1 X115.094 Y126.210
G1 X115.412 Y126.570
G1 X115.449 Y127.518
G1 X115.549 Y127.674
G1 X116.110 Y127.900
G1 X116.416 Y127.882
G1 X116.617 Y127.766
G1 X116.709 Y127.429
G1 X116.569 Y127.073
G1 X115.537 Y126.426
G1 X116.232 Y125.805
G1 X116.287 Y125.167
G1 X116.165 Y124.618
G1 X115.925 Y124.118
G1 X115.629 Y123.797
G1 X115.340 Y123.711
G1 X115.085 Y123.823
G1 X115.005 Y124.090
G1 X115.071 Y124.486
G1 X115.292 Y124.887
G1 X115.836 Y125.448
G1 X116.203 Y125.596
G1 X116.232 Y125.805
G1 X117.497 Y126.628
G0 Z5.000 F500.000
G0 X118.017 Y127.910 F3000.000
G1 Z1.000 F500.000
G4 P100
G1 X117.866 Y127.755 F1000.000
G1 X117.754 Y127.279
G1 X117.719 Y125.974
G1 X117.686 Y126.621
G1 X117.768 Y126.972
G1 X118.856 Y126.909
G1 X119.171 Y127.859
G1 X118.856 Y126.909
G1 X118.891 Y126.207
G1 X118.967 Y126.068
G1 X119.149 Y126.014
G1 X119.632 Y126.202
G1 X120.291 Y126.998
G1 X120.790 Y127.167
G1 X121.250 Y127.160
G1 X121.387 Y127.077
G1 X121.358 Y126.640
G1 X121.155 Y126.230
G1 X120.864 Y126.027
G1 X120.517 Y126.003
G1 X120.220 Y126.167
G1 X120.041 Y126.473
G1 X120.000 Y126.923
G1 X120.112 Y127.367
G1 X120.349 Y127.670
G1 X120.688 Y127.817
G1 X121.057 Y127.718
G1 X121.345 Y127.025
G1 X121.629 Y126.914
G1 X122.212 Y127.027
G1 X122.215 Y127.573
G1 X122.371 Y127.792
G1 X122.845 Y127.898
G1 X123.233 Y127.766
G1 X123.318 Y127.565
G1 X123.223 Y127.292
G1 X122.476 Y126.783
G1 X122.292 Y126.508
G1 X122.346 Y126.131
G1 X122.719 Y125.964
G1 X123.164 Y125.973
G1 X123.581 Y126.107
G1 X124.005 Y126.417
G1 X124.264 Y126.868
G1 X124.446 Y127.002
G1 X125.194 Y127.189
G1 X125.542 Y127.077
G1 X125.574 Y126.933
G1 X125.454 Y126.466
G1 X125.243 Y126.162
G1 X124.955 Y126.008
G1 X124.637 Y126.012
G1 X124.360 Y126.183
G1 X124.198 Y126.466
G1 X124.152 Y126.886
G1 X124.243 Y127.313
G1 X124.449 Y127.622
G1 X124.749 Y127.796
G1 X125.011 Y127.815
G1 X125.222 Y127.708
G1 X125.574 Y126.933
G1 X125.972 Y126.926
G1 X126.380 Y127.046
G0 Z5.000 F500.000
G0 X128.766 Y127.224 F3000.000
G1 Z1.000 F500.000
G4 P100
G1 X128.831 Y127.569 F1000.000
G1 X128.676 Y127.790
G1 X128.224 Y127.763
G1 X127.941 Y127.497
G1 X127.749 Y126.719
G1 X127.843 Y126.331
G1 X128.049 Y126.098
G1 X128.441 Y125.998
G1 X128.989 Y126.111
G1 X129.486 Y126.488
G1 X129.585 Y126.647
G1 X129.547 Y126.776
G1 X129.398 Y126.526
G1 X129.438 Y126.174
G1 X129.628 Y126.018
G1 X129.907 Y126.058
G1 X130.218 Y126.399
G1 X130.630 Y127.287
G1 X131.007 Y127.690
G1 X130.941 Y127.534
G1 X131.084 Y127.209
G1 X131.091 Y126.450
G1 X131.241 Y126.069
G1 X131.498 Y125.998
G1 X131.781 Y126.087
G1 X132.149 Y126.452
G1 X132.266 Y126.701
G0 Z5.000 F500.000
G0 X133.739 Y126.933 F3000.000
G1 Z1.000 F500.000
G4 P100
G1 X133.556 Y126.343 F1000.000
G1 X133.198 Y126.032
G1 X132.720 Y126.042
G1 X132.382 Y126.410
G1 X132.316 Y126.842
G1 X132.400 Y127.293
G1 X132.609 Y127.617
G1 X132.914 Y127.796
G1 X133.176 Y127.815
G1 X133.387 Y127.708
G1 X133.739 Y126.933
G1 X134.137 Y126.926
G1 X134.545 Y127.046
G0 Z5.000 F500.000
G0 X136.104 Y126.933 F3000.000
G1 Z1.000 F500.000
G4 P100
G1 X135.788 Y127.676 F1000.000
G1 X135.394 Y127.916
G1 X135.425 Y128.145
G1 X135.854 Y128.952
G1 X135.989 Y129.513
G1 X135.925 Y130.037
G1 X135.796 Y130.172
G1 X135.617 Y130.196
G1 X135.403 Y130.092
G1 X135.221 Y129.845
G1 X134.874 Y128.822
G1 X134.722 Y127.868
G1 X134.757 Y127.492
G1 X135.064 Y127.577
G1 X135.406 Y127.859
G1 X135.064 Y127.577
G1 X134.757 Y127.492
G1 X134.687 Y126.906
G1 X134.781 Y126.389
G1 X135.076 Y126.050
G1 X135.512 Y126.015
G1 X135.906 Y126.325
G1 X136.104 Y126.933
G1 X136.900 Y127.034
G0 Z5.000 F500.000
G0 X138.115 Y126.438 F3000.000
G1 Z1.000 F500.000
G4 P100
G1 X138.330 Y127.617 F1000.000
G1 X137.835 Y127.842
G1 X137.380 Y127.587
G1 X137.053 Y127.098
G1 X136.947 Y126.468
G1 X137.126 Y126.074
G1 X137.551 Y126.013
G1 X138.115 Y126.438
G1 X138.345 Y126.065
G1 X138.636 Y126.021
G1 X139.061 Y126.324
G1 X139.297 Y126.704
G0 Z5.000 F500.000
G0 X139.123 Y125.193 F3000.000
G1 Z1.000 F500.000
G4 P100
G1 X139.423 Y126.279 F1000.000
G0 Z5.000 F500.000
G0 X20.532 Y116.497 F3000.000
G1 Z1.000 F500.000
G4 P100
G1 X21.219 Y116.695 F1000.000
G1 X21.600 Y117.034
G1 X21.671 Y117.302
G1 X21.611 Y117.549
G1 X21.454 Y117.694
G1 X21.204 Y117.739
G1 X20.791 Y117.556
G1 X20.519 Y117.102
G1 X20.476 Y116.647
G1 X20.555 Y116.281
G1 X20.702 Y116.075
G1 X21.110 Y115.891
G1 X21.630 Y115.929
G1 X22.209 Y116.251
G1 X22.451 Y116.604
G0 Z5.000 F500.000
G0 X23.476 Y117.127 F3000.000
G1 Z1.000 F500.000
G4 P100
G1 X23.541 Y117.472 F1000.000
G1 X23.386 Y117.693
G1 X22.934 Y117.666
G1 X22.651 Y117.400
G1 X22.459 Y116.622
G1 X22.553 Y116.234
G1 X22.759 Y116.001
G1 X23.151 Y115.901
G1 X23.699 Y116.014
G1 X24.196 Y116.391
G1 X24.295 Y116.550
G1 X24.257 Y116.679
G1 X24.108 Y116.429
G1 X24.148 Y116.077
G1 X24.338 Y115.921
G1 X24.617 Y115.961
G1 X24.928 Y116.302
G1 X25.340 Y117.190
G1 X25.717 Y117.593
G1 X25.651 Y117.437
G1 X25.794 Y117.112
G1 X25.801 Y116.353
G1 X25.951 Y115.972
G1 X26.208 Y115.901
G1 X26.491 Y115.990
G1 X26.859 Y116.355
G1 X26.976 Y116.604
G0 Z5.000 F500.000
G0 X27.453 Y117.818 F3000.000
G1 Z1.000 F500.000
G4 P100
G1 X27.275 Y117.614 F1000.000
G1 X27.102 Y116.737
G1 X27.109 Y116.292
G1 X27.265 Y116.024
G1 X27.532 Y116.080
G1 X27.854 Y116.462
G1 X28.142 Y116.583
G1 X28.415 Y117.616
G1 X28.540 Y117.786
G1 X28.415 Y117.616
G1 X28.142 Y116.583
G1 X28.285 Y116.013
G1 X28.517 Y115.915
G1 X28.817 Y115.990
G1 X29.216 Y116.343
G1 X29.345 Y116.602
G0 Z5.000 F500.000
G0 X30.681 Y117.623 F3000.000
G1 Z1.000 F500.000
G4 P100
G1 X30.958 Y117.763 F1000.000
G1 X31.313 Y117.798
G1 X31.603 Y117.701
G1 X31.726 Y117.513
G1 X31.586 Y117.140
G1 X30.747 Y116.519
G1 X30.690 Y116.178
G1 X30.869 Y115.943
G1 X31.348 Y115.855
G1 X31.877 Y115.960
G1 X32.368 Y116.274
G1 X32.578 Y116.609
G0 Z5.000 F500.000
G0 X32.617 Y116.497 F3000.000
G1 Z1.000 F500.000
G4 P100
G1 X33.311 Y116.698 F1000.000
G1 X33.692 Y117.047
G1 X33.756 Y117.317
G1 X33.689 Y117.561
G1 X33.519 Y117.703
G1 X33.259 Y117.736
G1 X32.778 Y117.447
G1 X32.554 Y116.821
G1 X32.683 Y116.197
G1 X33.137 Y115.902
G1 X33.530 Y115.889
G1 X33.925 Y116.012
G1 X34.375 Y116.324
G1 X34.631 Y116.767
G1 X34.814 Y116.903
G1 X35.566 Y117.092
G1 X35.916 Y116.981
G1 X35.949 Y116.836
G1 X35.829 Y116.369
G1 X35.618 Y116.065
G1 X35.330 Y115.911
G1 X35.012 Y115.915
G1 X34.735 Y116.086
G1 X34.571 Y116.376
G1 X34.528 Y116.796
G1 X34.621 Y117.223
G1 X34.829 Y117.530
G1 X35.131 Y117.702
G1 X35.393 Y117.717
G1 X35.597 Y117.611
G1 X35.949 Y116.836
G1 X36.347 Y116.829
G1 X36.755 Y116.949
G0 Z5.000 F500.000
G0 X36.747 Y116.678 F3000.000
G1 Z1.000 F500.000
G4 P100
G1 X36.612 Y116.412 F1000.000
G1 X36.658 Y116.066
G1 X36.845 Y115.920
G1 X37.118 Y115.954
G1 X37.378 Y116.233
G1 X37.747 Y117.258
G1 X38.063 Y117.676
G1 X37.983 Y117.528
G1 X38.159 Y117.214
G1 X38.182 Y116.582
G1 X38.353 Y116.275
G1 X38.324 Y115.901
G1 X38.353 Y116.275
G1 X38.591 Y116.497
G1 X38.988 Y117.383
G1 X39.249 Y117.579
G1 X39.423 Y117.315
G1 X39.381 Y116.366
G1 X39.518 Y115.960
G1 X39.779 Y115.908
G1 X40.039 Y116.013
G1 X40.366 Y116.346
G1 X40.472 Y116.631
G0 Z5.000 F500.000
G0 X40.507 Y116.497 F3000.000
G1 Z1.000 F500.000
G4 P100
G1 X41.194 Y116.695 F1000.000
G1 X41.575 Y117.034
G1 X41.646 Y117.302
G1 X41.586 Y117.549
G1 X41.429 Y117.694
G1 X41.179 Y117.739
G1 X40.766 Y117.556
G1 X40.494 Y117.102
G1 X40.451 Y116.647
G1 X40.530 Y116.281
G1 X40.677 Y116.075
G1 X41.085 Y115.891
G1 X41.605 Y115.929
G1 X42.184 Y116.251
G1 X42.426 Y116.604
G0 Z5.000 F500.000
G0 X42.829 Y117.828 F3000.000
G1 Z1.000 F500.000
G4 P100
G1 X42.653 Y117.638 F1000.000
G1 X42.519 Y117.039
G1 X42.548 Y115.943
G1 X42.592 Y116.460
G1 X42.895 Y116.658
G1 X43.290 Y117.356
G1 X43.629 Y117.531
G1 X43.773 Y117.518
G1 X43.817 Y117.297
G1 X43.786 Y115.928
G1 X43.857 Y116.487
G1 X44.128 Y116.655
G1 X44.497 Y117.284
G1 X44.805 Y117.506
G1 X45.086 Y117.470
G1 X44.978 Y116.302
G1 X45.084 Y115.979
G1 X45.359 Y115.914
G1 X45.633 Y116.000
G1 X46.007 Y116.337
G1 X46.147 Y116.607
G0 Z5.000 F500.000
G0 X47.230 Y116.145 F3000.000
G1 Z1.000 F500.000
G4 P100
G1 X47.543 Y116.913 F1000.000
G1 X47.487 Y117.534
G1 X47.313 Y117.696
G1 X47.084 Y117.725
G1 X46.344 Y117.374
G1 X46.305 Y117.713
G1 X46.286 Y116.636
G1 X46.187 Y116.233
G1 X46.327 Y115.882
G1 X46.115 Y114.400
G1 X45.863 Y113.735
G1 X45.668 Y113.618
G1 X45.456 Y113.657
G1 X45.295 Y113.991
G1 X45.328 Y114.581
G1 X45.559 Y115.398
G1 X45.893 Y116.093
G1 X46.187 Y116.233
G1 X46.327 Y115.882
G1 X46.419 Y115.869
G1 X46.774 Y115.906
G1 X47.230 Y116.145
G1 X47.478 Y115.934
G1 X47.804 Y115.919
G1 X48.256 Y116.176
G1 X48.556 Y116.617
G0 Z5.000 F500.000
G0 X48.968 Y117.818 F3000.000
G1 Z1.000 F500.000
G4 P100
G1 X48.788 Y117.606 F1000.000
G1 X48.610 Y116.664
G1 X48.638 Y116.243
G1 X48.812 Y116.010
G1 X49.059 Y116.088
G1 X49.369 Y116.462
G1 X49.657 Y116.583
G1 X49.930 Y117.616
G1 X50.055 Y117.786
G1 X49.930 Y117.616
G1 X49.657 Y116.583
G1 X49.755 Y116.104
G1 X49.887 Y115.940
G1 X50.170 Y115.927
G1 X50.448 Y116.068
G1 X50.784 Y116.413
G1 X50.809 Y116.661
G1 X50.689 Y116.281
G1 X50.906 Y115.953
G1 X51.334 Y115.905
G1 X51.767 Y116.142
G1 X52.009 Y116.415
G1 X52.064 Y116.646
G1 X51.550 Y116.837
G1 X51.405 Y117.267
G1 X51.534 Y117.603
G1 X51.868 Y117.772
G1 X52.649 Y117.647
G1 X52.423 Y116.773
G1 X52.064 Y116.646
G1 X52.423 Y116.773
G1 X52.492 Y116.170
G1 X52.607 Y115.947
G1 X52.842 Y115.919
G1 X53.103 Y116.028
G1 X53.451 Y116.351
G1 X53.578 Y116.612
G0 Z5.000 F500.000
G0 X54.911 Y117.623 F3000.000
G1 Z1.000 F500.000
G4 P100
G1 X55.188 Y117.763 F1000.000
G1 X55.543 Y117.798
G1 X55.833 Y117.701
G1 X55.956 Y117.513
G1 X55.816 Y117.140
G1 X54.977 Y116.519
G1 X54.920 Y116.178
G1 X55.099 Y115.943
G1 X55.578 Y115.855
G1 X56.107 Y115.960
G1 X56.598 Y116.274
G1 X56.808 Y116.609
G0 Z5.000 F500.000
G0 X56.774 Y116.683 F3000.000
G1 Z1.000 F500.000
G4 P100
G1 X56.621 Y116.443 F1000.000
G1 X56.649 Y116.097
G1 X56.820 Y115.929
G1 X57.094 Y115.945
G1 X57.379 Y116.209
G1 X57.838 Y117.171
G1 X58.227 Y117.593
G1 X58.161 Y117.437
G1 X58.304 Y117.112
G1 X58.311 Y116.353
G1 X58.461 Y115.972
G1 X58.718 Y115.901
G1 X59.001 Y115.990
G1 X59.369 Y116.355
G1 X59.486 Y116.604
G0 Z5.000 F500.000
G0 X59.963 Y117.818 F3000.000
G1 Z1.000 F500.000
G4 P100
G1 X59.785 Y117.614 F1000.000
G1 X59.612 Y116.737
G1 X59.619 Y116.292
G1 X59.775 Y116.024
G1 X60.042 Y116.080
G1 X60.364 Y116.462
G1 X60.652 Y116.583
G1 X60.925 Y117.616
G1 X61.050 Y117.786
G1 X60.925 Y117.616
G1 X60.652 Y116.583
G1 X60.795 Y116.013
G1 X61.027 Y115.915
G1 X61.327 Y115.990
G1 X61.726 Y116.343
G1 X61.855 Y116.602
G0 Z5.000 F500.000
G0 X63.020 Y114.273 F3000.000
G1 Z1.000 F500.000
G4 P100
G1 X63.048 Y115.499 F1000.000
G1 X63.142 Y115.899
G1 X63.069 Y116.370
G1 X63.252 Y117.254
G1 X63.188 Y117.694
G1 X62.740 Y117.743
G1 X62.302 Y117.503
G1 X61.997 Y117.076
G1 X61.859 Y116.556
G1 X61.916 Y116.133
G1 X62.165 Y115.909
G1 X62.484 Y115.941
G1 X63.069 Y116.370
G1 X63.163 Y115.893
G1 X63.618 Y115.888
G1 X64.136 Y116.145
G1 X64.377 Y115.936
G1 X64.703 Y115.918
G1 X65.096 Y116.118
G1 X65.472 Y116.557
G1 X64.947 Y116.012
G1 X64.397 Y115.929
G1 X64.136 Y116.145
G1 X64.450 Y116.960
G1 X64.455 Y117.339
G1 X64.348 Y117.592
G1 X64.153 Y117.716
G1 X63.914 Y117.709
G1 X63.252 Y117.254
G1 X63.182 Y117.715
G1 X63.614 Y119.317
G0 Z5.000 F500.000
G0 X66.630 Y116.341 F3000.000
G1 Z1.000 F500.000
G4 P100
G1 X66.845 Y117.520 F1000.000
G1 X66.350 Y117.745
G1 X65.895 Y117.490
G1 X65.568 Y117.001
G1 X65.462 Y116.371
G1 X65.641 Y115.977
G1 X66.066 Y115.916
G1 X66.630 Y116.341
G1 X66.860 Y115.968
G1 X67.151 Y115.924
G1 X67.576 Y116.227
G1 X67.812 Y116.607
G0 Z5.000 F500.000
G0 X69.553 Y117.818 F3000.000
G1 Z1.000 F500.000
G4 P100
G1 X69.375 Y117.614 F1000.000
G1 X69.202 Y116.737
G1 X69.209 Y116.292
G1 X69.365 Y116.024
G1 X69.632 Y116.080
G1 X69.954 Y116.462
G1 X70.242 Y116.583
G1 X70.515 Y117.616
G1 X70.640 Y117.786
G1 X70.515 Y117.616
G1 X70.242 Y116.583
G1 X70.385 Y116.013
G1 X70.617 Y115.915
G1 X70.917 Y115.990
G1 X71.316 Y116.343
G1 X71.445 Y116.602
G0 Z5.000 F500.000
G0 X72.424 Y116.104 F3000.000
G1 Z1.000 F500.000
G4 P100
G1 X73.101 Y117.036 F1000.000
G1 X73.342 Y117.210
G1 X73.456 Y117.689
G1 X73.623 Y117.845
G1 X73.456 Y117.689
G1 X73.342 Y117.210
G1 X73.812 Y116.587
G1 X73.892 Y116.186
G1 X73.670 Y115.895
G1 X73.262 Y115.896
G0 Z5.000 F500.000
G0 X76.061 Y116.255 F3000.000
G1 Z1.000 F500.000
G4 P100
G1 X76.285 Y117.502 F1000.000
G1 X75.850 Y117.754
G1 X75.467 Y117.596
G1 X75.147 Y117.257
G1 X74.950 Y116.803
G1 X74.912 Y116.323
G1 X75.010 Y116.050
G1 X75.202 Y115.908
G1 X75.445 Y115.920
G1 X75.756 Y116.180
G1 X76.061 Y116.255
G1 X76.097 Y115.960
G0 Z5.000 F500.000
G0 X77.522 Y117.405 F3000.000
G1 Z1.000 F500.000
G4 P100
G1 X77.781 Y117.449 F1000.000
G1 X77.983 Y117.601
G1 X78.668 Y118.680
G1 X78.864 Y119.582
G1 X78.812 Y119.906
G1 X78.650 Y120.086
G1 X78.332 Y120.026
G1 X78.055 Y119.653
G1 X77.759 Y118.905
G1 X77.498 Y117.837
G1 X77.522 Y117.405
G1 X77.353 Y116.628
G1 X77.357 Y115.444
G1 X77.463 Y114.610
G1 X77.667 Y114.332
G1 X77.951 Y114.407
G1 X78.112 Y114.752
G1 X78.127 Y115.468
G1 X77.979 Y116.518
G1 X78.083 Y116.739
G1 X78.899 Y116.805
G1 X79.155 Y116.502
G1 X79.876 Y116.711
G1 X80.182 Y116.967
G1 X80.295 Y117.288
G1 X80.199 Y117.603
G1 X79.924 Y117.736
G1 X79.512 Y117.632
G1 X79.203 Y117.258
G1 X79.092 Y116.754
G1 X79.208 Y116.206
G1 X79.531 Y115.932
G1 X80.008 Y115.891
G1 X80.417 Y116.087
G1 X80.639 Y116.458
G0 Z5.000 F500.000
G0 X81.156 Y117.171 F3000.000
G1 Z1.000 F500.000
G4 P100
G1 X82.140 Y117.266 F1000.000
G0 Z5.000 F500.000
G0 X84.124 Y117.112 F3000.000
G1 Z1.000 F500.000
G4 P100
G1 X84.205 Y117.438 F1000.000
G1 X84.044 Y117.694
G1 X83.709 Y117.722
G1 X83.381 Y117.521
G1 X83.091 Y116.863
G1 X83.097 Y116.476
G1 X83.217 Y116.172
G1 X83.540 Y115.931
G1 X83.988 Y115.908
G1 X84.369 Y116.113
G1 X84.568 Y116.473
G0 Z5.000 F500.000
G0 X84.953 Y116.528 F3000.000
G1 Z1.000 F500.000
G4 P100
G1 X85.005 Y117.158 F1000.000
G1 X85.237 Y117.557
G1 X85.680 Y117.703
G1 X86.089 Y117.541
G1 X86.230 Y117.271
G1 X86.285 Y116.860
G1 X86.187 Y116.374
G1 X85.986 Y116.064
G1 X85.616 Y115.925
G1 X85.286 Y115.964
G1 X85.068 Y116.161
G1 X84.953 Y116.528
G0 Z5.000 F500.000
G0 X87.559 Y117.806 F3000.000
G1 Z1.000 F500.000
G4 P100
G1 X87.396 Y117.552 F1000.000
G1 X87.283 Y117.030
G1 X87.310 Y115.931
G1 X87.318 Y116.453
G1 X87.690 Y116.681
G1 X88.067 Y117.344
G1 X88.629 Y117.535
G1 X88.651 Y117.630
G1 X88.516 Y115.967
G0 Z5.000 F500.000
G0 X90.039 Y117.806 F3000.000
G1 Z1.000 F500.000
G4 P100
G1 X89.876 Y117.552 F1000.000
G1 X89.763 Y117.030
G1 X89.790 Y115.931
G1 X89.798 Y116.453
G1 X90.170 Y116.681
G1 X90.547 Y117.344
G1 X91.109 Y117.535
G1 X91.131 Y117.630
G1 X90.984 Y116.020
G1 X91.081 Y115.862
G1 X91.995 Y116.429
G1 X92.785 Y116.652
G1 X93.171 Y116.910
G1 X93.322 Y117.214
G1 X93.281 Y117.530
G1 X93.079 Y117.708
G1 X92.760 Y117.724
G1 X92.409 Y117.514
G1 X92.181 Y117.108
G1 X92.130 Y116.688
G1 X92.278 Y116.150
G1 X92.614 Y115.915
G1 X93.086 Y115.899
G1 X93.468 Y116.102
G1 X93.674 Y116.458
G0 Z5.000 F500.000
G0 X95.144 Y117.112 F3000.000
G1 Z1.000 F500.000
G4 P100
G1 X95.219 Y117.474 F1000.000
G1 X95.011 Y117.717
G1 X94.632 Y117.687
G1 X94.300 Y117.395
G1 X94.141 Y117.029
G1 X94.103 Y116.592
G1 X94.195 Y116.241
G1 X94.402 Y116.009
G1 X94.986 Y115.903
G1 X95.475 Y116.213
G1 X95.606 Y116.659
G1 X95.605 Y117.604
G1 X95.760 Y117.784
G1 X96.171 Y117.713
G1 X96.310 Y117.825
G1 X96.315 Y118.283
G1 X96.543 Y119.123
G1 X96.791 Y119.587
G1 X97.059 Y119.767
G1 X97.345 Y119.632
G1 X97.392 Y119.099
G1 X97.236 Y118.627
G1 X96.823 Y118.072
G1 X96.749 Y117.828
G1 X97.100 Y117.757
G1 X97.521 Y117.837
G1 X97.100 Y117.757
G1 X96.310 Y117.825
G1 X96.222 Y117.730
G1 X96.239 Y116.628
G1 X96.454 Y116.069
G1 X96.928 Y115.907
G1 X97.204 Y115.996
G1 X97.372 Y116.165
G1 X97.905 Y115.910
G1 X98.084 Y117.188
G1 X98.263 Y117.737
G0 Z5.000 F500.000
G0 X99.452 Y117.557 F3000.000
G1 Z1.000 F500.000
G4 P100
G1 X99.729 Y117.681 F1000.000
G1 X100.048 Y117.685
G1 X100.268 Y117.578
G1 X100.419 Y117.347
G1 X100.501 Y116.911
G1 X100.435 Y116.479
G1 X100.284 Y116.156
G1 X100.053 Y115.972
G1 X99.535 Y115.950
G1 X99.230 Y116.274
G1 X99.175 Y116.935
G1 X99.272 Y117.302
G1 X99.452 Y117.557
G0 Z5.000 F500.000
G0 X101.774 Y117.806 F3000.000
G1 Z1.000 F500.000
G4 P100
G1 X101.611 Y117.552 F1000.000
G1 X101.498 Y117.030
G1 X101.525 Y115.931
G1 X101.533 Y116.453
G1 X101.905 Y116.681
G1 X102.282 Y117.344
G1 X102.844 Y117.535
G1 X102.866 Y117.630
G1 X102.731 Y115.967
G0 Z5.000 F500.000
G0 X98.314 Y118.689 F3000.000
G1 Z1.000 F500.000
G4 P100
G1 X98.448 Y118.711 F1000.000
G0 Z5.000 F500.000
G0 X105.609 Y117.828 F3000.000
G1 Z1.000 F500.000
G4 P100
G1 X105.432 Y117.638 F1000.000
G1 X105.294 Y117.023
G1 X105.374 Y116.451
G1 X105.328 Y115.943
G1 X105.374 Y116.451
G1 X105.653 Y116.621
G1 X106.036 Y117.284
G1 X106.351 Y117.510
G1 X106.619 Y117.476
G1 X106.523 Y116.211
G1 X106.590 Y116.011
G1 X106.771 Y115.924
G1 X107.031 Y115.937
G1 X107.291 Y116.083
G1 X107.970 Y116.902
G1 X108.720 Y117.092
G1 X109.067 Y116.980
G1 X109.061 Y116.636
G1 X108.896 Y116.215
G1 X108.657 Y115.983
G1 X108.349 Y115.892
G1 X107.911 Y116.060
G1 X107.690 Y116.512
G1 X107.749 Y117.169
G1 X108.082 Y117.611
G1 X108.397 Y117.724
G1 X108.680 Y117.665
G1 X109.056 Y116.887
G1 X109.360 Y116.817
G1 X109.887 Y116.924
G1 X109.960 Y117.439
G1 X110.217 Y117.697
G1 X110.713 Y117.807
G1 X111.092 Y117.680
G1 X111.195 Y117.347
G1 X111.054 Y116.976
G1 X110.022 Y116.329
G1 X110.717 Y115.708
G1 X110.771 Y115.056
G1 X110.640 Y114.494
G1 X110.393 Y113.997
G1 X110.096 Y113.688
G1 X109.796 Y113.616
G1 X109.601 Y113.695
G1 X109.507 Y113.855
G1 X109.588 Y114.470
G1 X110.149 Y115.203
G1 X110.440 Y115.435
G1 X110.688 Y115.499
G1 X110.717 Y115.708
G1 X111.871 Y116.409
G1 X112.122 Y116.658
G1 X113.690 Y116.732
G1 X113.323 Y117.579
G1 X112.931 Y117.804
G1 X112.958 Y118.041
G1 X113.404 Y118.896
G1 X113.530 Y119.489
G1 X113.419 Y120.002
G1 X113.263 Y120.098
G1 X113.053 Y120.071
G1 X112.689 Y119.609
G1 X112.366 Y118.516
G1 X112.250 Y117.690
G1 X112.292 Y117.395
G1 X112.599 Y117.480
G1 X112.941 Y117.762
G1 X112.606 Y117.483
G1 X112.289 Y117.389
G1 X112.223 Y116.780
G1 X112.328 Y116.265
G1 X112.624 Y115.946
G1 X113.054 Y115.920
G1 X113.445 Y116.234
G1 X113.639 Y116.836
G1 X114.435 Y116.937
G0 Z5.000 F500.000
G0 X115.894 Y116.836 F3000.000
G1 Z1.000 F500.000
G4 P100
G1 X115.711 Y116.246 F1000.000
G1 X115.353 Y115.935
G1 X114.875 Y115.945
G1 X114.537 Y116.313
G1 X114.471 Y116.745
G1 X114.555 Y117.196
G1 X114.764 Y117.520
G1 X115.069 Y117.699
G1 X115.331 Y117.718
G1 X115.542 Y117.611
G1 X115.894 Y116.836
G1 X116.292 Y116.829
G1 X116.700 Y116.949
G0 Z5.000 F500.000
G0 X116.709 Y116.683 F3000.000
G1 Z1.000 F500.000
G4 P100
G1 X116.556 Y116.443 F1000.000
G1 X116.584 Y116.097
G1 X116.755 Y115.929
G1 X117.029 Y115.945
G1 X117.314 Y116.209
G1 X117.773 Y117.171
G1 X118.162 Y117.593
G1 X118.096 Y117.437
G1 X118.239 Y117.112
G1 X118.245 Y116.360
G1 X118.385 Y115.981
G1 X118.653 Y115.901
G1 X118.948 Y115.998
G1 X119.321 Y116.379
G1 X119.429 Y116.661
G1 X119.305 Y116.392
G1 X119.400 Y116.060
G1 X119.651 Y115.905
G1 X119.997 Y115.916
G1 X120.429 Y116.182
G1 X120.685 Y116.594
G1 X120.117 Y116.897
G1 X120.027 Y117.158
G1 X120.062 Y117.446
G1 X120.275 Y117.698
G1 X120.664 Y117.786
G1 X121.271 Y117.640
G1 X121.043 Y116.773
G1 X120.684 Y116.646
G1 X121.043 Y116.773
G1 X121.215 Y115.956
G1 X121.448 Y115.917
G1 X121.717 Y116.024
G1 X122.071 Y116.351
G1 X122.198 Y116.612
G0 Z5.000 F500.000
G0 X122.284 Y115.877 F3000.000
G1 Z1.000 F500.000
G4 P100
G1 X122.251 Y116.549 F1000.000
G1 X122.337 Y116.878
G1 X123.268 Y116.824
G1 X123.508 Y117.409
G1 X123.887 Y117.694
G1 X124.168 Y117.718
G1 X124.380 Y117.614
G1 X124.735 Y116.834
G1 X125.186 Y116.836
G1 X125.546 Y116.948
G1 X125.186 Y116.836
G1 X124.735 Y116.834
G1 X124.617 Y116.375
G1 X124.423 Y116.085
G1 X124.123 Y115.912
G1 X123.790 Y115.918
G1 X123.427 Y116.208
G1 X123.268 Y116.824
G1 X122.337 Y116.878
G1 X122.411 Y117.603
G1 X122.599 Y117.828
G0 Z5.000 F500.000
G0 X125.979 Y117.828 F3000.000
G1 Z1.000 F500.000
G4 P100
G1 X125.803 Y117.638 F1000.000
G1 X125.669 Y117.039
G1 X125.698 Y115.943
G1 X125.742 Y116.460
G1 X126.045 Y116.658
G1 X126.440 Y117.356
G1 X126.779 Y117.531
G1 X126.923 Y117.518
G1 X126.967 Y117.297
G1 X126.936 Y115.928
G1 X127.007 Y116.487
G1 X127.278 Y116.655
G1 X127.647 Y117.284
G1 X127.955 Y117.506
G1 X128.236 Y117.470
G1 X128.128 Y116.302
G1 X128.234 Y115.979
G1 X128.509 Y115.914
G1 X128.783 Y116.000
G1 X129.157 Y116.337
G1 X129.297 Y116.607
G0 Z5.000 F500.000
G0 X21.511 Y107.030 F3000.000
G1 Z1.000 F500.000
G4 P100
G1 X21.576 Y107.375 F1000.000
G1 X21.421 Y107.596
G1 X20.969 Y107.569
G1 X20.686 Y107.303
G1 X20.494 Y106.525
G1 X20.588 Y106.137
G1 X20.794 Y105.904
G1 X21.179 Y105.804
G1 X21.707 Y105.905
G1 X22.167 Y106.224
G1 X22.336 Y106.542
G0 Z5.000 F500.000
G0 X23.739 Y106.739 F3000.000
G1 Z1.000 F500.000
G4 P100
G1 X23.556 Y106.149 F1000.000
G1 X23.198 Y105.838
G1 X22.720 Y105.848
G1 X22.382 Y106.216
G1 X22.316 Y106.648
G1 X22.400 Y107.099
G1 X22.609 Y107.423
G1 X22.914 Y107.602
G1 X23.176 Y107.621
G1 X23.387 Y107.514
G1 X23.739 Y106.739
G1 X24.137 Y106.732
G1 X24.545 Y106.852
G0 Z5.000 F500.000
G0 X24.627 Y106.400 F3000.000
G1 Z1.000 F500.000
G4 P100
G1 X25.314 Y106.598 F1000.000
G1 X25.695 Y106.937
G1 X25.766 Y107.205
G1 X25.706 Y107.452
G1 X25.549 Y107.597
G1 X25.299 Y107.642
G1 X24.886 Y107.459
G1 X24.614 Y107.005
G1 X24.571 Y106.550
G1 X24.650 Y106.184
G1 X24.797 Y105.978
G1 X25.205 Y105.794
G1 X25.725 Y105.832
G1 X26.304 Y106.154
G1 X26.546 Y106.507
G0 Z5.000 F500.000
G0 X27.500 Y105.270 F3000.000
G1 Z1.000 F500.000
G4 P100
G1 X27.496 Y104.852 F1000.000
G1 X27.120 Y103.856
G1 X26.809 Y103.555
G1 X26.449 Y103.579
G1 X26.295 Y103.908
G1 X26.455 Y104.418
G1 X27.120 Y105.152
G1 X27.500 Y105.270
G1 X27.759 Y105.829
G1 X27.652 Y106.051
G1 X27.925 Y107.396
G1 X27.485 Y107.658
G1 X27.164 Y107.536
G1 X26.875 Y107.280
G1 X26.640 Y106.868
G1 X26.546 Y106.397
G1 X26.601 Y106.045
G1 X26.815 Y105.826
G1 X27.091 Y105.808
G1 X27.652 Y106.051
G1 X27.762 Y105.836
G1 X28.008 Y105.859
G1 X28.814 Y106.446
G0 Z5.000 F500.000
G0 X29.358 Y107.721 F3000.000
G1 Z1.000 F500.000
G4 P100
G1 X29.180 Y107.517 F1000.000
G1 X29.007 Y106.640
G1 X29.014 Y106.195
G1 X29.170 Y105.927
G1 X29.437 Y105.983
G1 X29.759 Y106.365
G1 X30.047 Y106.486
G1 X30.320 Y107.519
G1 X30.445 Y107.689
G1 X30.320 Y107.519
G1 X30.047 Y106.486
G1 X30.190 Y105.916
G1 X30.422 Y105.818
G1 X30.722 Y105.893
G1 X31.121 Y106.246
G1 X31.250 Y106.505
G0 Z5.000 F500.000
G0 X31.637 Y107.716 F3000.000
G1 Z1.000 F500.000
G4 P100
G1 X31.486 Y107.561 F1000.000
G1 X31.374 Y107.085
G1 X31.339 Y105.780
G1 X31.306 Y106.427
G1 X31.388 Y106.778
G1 X32.476 Y106.715
G1 X32.791 Y107.665
G1 X32.476 Y106.715
G1 X32.562 Y105.899
G1 X32.820 Y105.817
G1 X33.104 Y105.900
G1 X33.493 Y106.242
G1 X33.626 Y106.507
G0 Z5.000 F500.000
G0 X33.672 Y106.400 F3000.000
G1 Z1.000 F500.000
G4 P100
G1 X34.359 Y106.598 F1000.000
G1 X34.740 Y106.937
G1 X34.811 Y107.205
G1 X34.751 Y107.452
G1 X34.594 Y107.597
G1 X34.344 Y107.642
G1 X33.931 Y107.459
G1 X33.659 Y107.005
G1 X33.616 Y106.550
G1 X33.695 Y106.184
G1 X33.842 Y105.978
G1 X34.250 Y105.794
G1 X34.770 Y105.832
G1 X35.349 Y106.154
G1 X35.591 Y106.507
G0 Z5.000 F500.000
G0 X35.977 Y107.716 F3000.000
G1 Z1.000 F500.000
G4 P100
G1 X35.826 Y107.561 F1000.000
G1 X35.714 Y107.085
G1 X35.679 Y105.780
G1 X35.646 Y106.427
G1 X35.728 Y106.778
G1 X36.816 Y106.715
G1 X37.131 Y107.665
G1 X36.816 Y106.715
G1 X36.902 Y105.899
G1 X37.160 Y105.817
G1 X37.444 Y105.900
G1 X37.833 Y106.242
G1 X37.966 Y106.507
G0 Z5.000 F500.000
G0 X38.383 Y107.721 F3000.000
G1 Z1.000 F500.000
G4 P100
G1 X38.205 Y107.517 F1000.000
G1 X38.032 Y106.640
G1 X38.039 Y106.195
G1 X38.195 Y105.927
G1 X38.462 Y105.983
G1 X38.784 Y106.365
G1 X39.072 Y106.486
G1 X39.345 Y107.519
G1 X39.470 Y107.689
G1 X39.345 Y107.519
G1 X39.072 Y106.486
G1 X39.215 Y105.916
G1 X39.447 Y105.818
G1 X39.747 Y105.893
G1 X40.146 Y106.246
G1 X40.275 Y106.505
G0 Z5.000 F500.000
G0 X40.322 Y106.400 F3000.000
G1 Z1.000 F500.000
G4 P100
G1 X41.009 Y106.598 F1000.000
G1 X41.390 Y106.937
G1 X41.461 Y107.205
G1 X41.401 Y107.452
G1 X41.244 Y107.597
G1 X40.994 Y107.642
G1 X40.581 Y107.459
G1 X40.309 Y107.005
G1 X40.266 Y106.550
G1 X40.345 Y106.184
G1 X40.492 Y105.978
G1 X40.900 Y105.794
G1 X41.420 Y105.832
G1 X41.999 Y106.154
G1 X42.241 Y106.507
G0 Z5.000 F500.000
G0 X42.343 Y105.983 F3000.000
G1 Z1.000 F500.000
G4 P100
G1 X42.380 Y106.019 F1000.000
G0 Z5.000 F500.000
G0 X21.328 Y83.709 F3000.000
G1 Z1.000 F500.000
G4 P100
G1 X21.956 Y83.602 F1000.000
G1 X22.466 Y83.160
G1 X22.587 Y82.795
G1 X22.479 Y82.478
G1 X22.195 Y82.238
G1 X21.774 Y82.119
G1 X21.282 Y82.128
G1 X20.799 Y82.335
G1 X20.623 Y82.731
G1 X20.751 Y83.108
G1 X21.328 Y83.709
G1 X20.962 Y84.105
G1 X20.862 Y84.432
G1 X20.970 Y84.815
G1 X21.299 Y85.082
G1 X21.689 Y85.179
G1 X22.127 Y85.158
G1 X22.438 Y85.030
G1 X22.628 Y84.812
G1 X22.673 Y84.552
G1 X22.595 Y84.292
G1 X21.956 Y83.602
G0 Z5.000 F500.000
G0 X23.935 Y82.369 F3000.000
G1 Z1.000 F500.000
G4 P100
G1 X23.981 Y82.415 F1000.000
G0 Z5.000 F500.000
G0 X26.728 Y82.769 F3000.000
G1 Z1.000 F500.000
G4 P100
G1 X26.927 Y82.438 F1000.000
G1 X27.336 Y82.183
G1 X27.811 Y82.097
G1 X28.275 Y82.183
G1 X28.631 Y82.403
G1 X28.882 Y82.739
G1 X29.155 Y83.889
G1 X29.163 Y84.273
G1 X28.431 Y84.316
G1 X30.775 Y84.350
G1 X29.261 Y84.377
G1 X29.398 Y86.602
G1 X30.014 Y86.767
G1 X31.947 Y86.660
G1 X29.987 Y86.766
G1 X29.398 Y86.602
G1 X28.961 Y86.706
G1 X28.128 Y86.544
G1 X27.705 Y86.332
G1 X27.446 Y86.018
G1 X27.378 Y85.588
G1 X27.500 Y85.216
G0 Z5.000 F500.000
G0 X31.453 Y82.134 F3000.000
G1 Z1.000 F500.000
G4 P100
G1 X31.831 Y84.268 F1000.000
G1 X31.953 Y84.441
G0 Z5.000 F500.000
G0 X33.524 Y84.527 F3000.000
G1 Z1.000 F500.000
G4 P100
G1 X33.320 Y84.209 F1000.000
G1 X33.179 Y83.557
G1 X33.125 Y82.967
G1 X33.222 Y82.836
G1 X33.213 Y82.183
G1 X33.222 Y82.836
G1 X33.687 Y83.120
G1 X34.159 Y83.950
G1 X34.861 Y84.188
G1 X34.888 Y84.307
G1 X34.721 Y82.229
G0 Z5.000 F500.000
G0 X37.601 Y82.589 F3000.000
G1 Z1.000 F500.000
G4 P100
G1 X37.861 Y84.184 F1000.000
G1 X37.417 Y84.461
G1 X37.211 Y84.435
G1 X36.779 Y84.204
G1 X36.419 Y83.778
G1 X36.160 Y82.965
G1 X36.298 Y82.317
G1 X36.501 Y82.164
G1 X36.753 Y82.145
G1 X37.228 Y82.499
G1 X37.601 Y82.589
G1 X37.735 Y82.061
G1 X38.941 Y83.196
G1 X39.723 Y83.576
G1 X40.402 Y84.783
G1 X40.802 Y86.006
G1 X40.829 Y87.014
G1 X40.690 Y87.301
G1 X40.463 Y87.399
G1 X40.044 Y87.172
G1 X39.673 Y86.409
G1 X39.354 Y85.162
G1 X39.214 Y83.798
G1 X39.336 Y83.400
G1 X39.287 Y82.837
G1 X39.558 Y82.316
G1 X39.822 Y82.176
G1 X40.148 Y82.158
G1 X40.474 Y82.274
G1 X40.670 Y82.485
G0 Z5.000 F500.000
G0 X32.017 Y85.631 F3000.000
G1 Z1.000 F500.000
G4 P100
G1 X32.185 Y85.659 F1000.000
G0 Z5.000 F500.000
G0 X44.232 Y82.589 F3000.000
G1 Z1.000 F500.000
G4 P100
G1 X44.512 Y84.147 F1000.000
G1 X43.969 Y84.462
G1 X43.490 Y84.265
G1 X43.089 Y83.840
G1 X42.843 Y83.273
G1 X42.797 Y82.673
G1 X42.918 Y82.332
G1 X43.158 Y82.155
G1 X43.463 Y82.169
G1 X43.851 Y82.495
G1 X44.232 Y82.589
G1 X44.278 Y82.219
G0 Z5.000 F500.000
G0 X47.017 Y83.660 F3000.000
G1 Z1.000 F500.000
G4 P100
G1 X47.119 Y84.067 F1000.000
G1 X46.918 Y84.387
G1 X46.498 Y84.422
G1 X46.089 Y84.171
G1 X45.849 Y83.806
G1 X45.726 Y83.348
G1 X45.734 Y82.865
G1 X45.883 Y82.484
G1 X46.287 Y82.184
G1 X46.847 Y82.154
G1 X47.324 Y82.410
G1 X47.572 Y82.860
G0 Z5.000 F500.000
G0 X49.317 Y83.660 F3000.000
G1 Z1.000 F500.000
G4 P100
G1 X49.411 Y84.112 F1000.000
G1 X49.151 Y84.416
G1 X48.677 Y84.378
G1 X48.263 Y84.014
G1 X48.064 Y83.556
G1 X48.016 Y83.010
G1 X48.132 Y82.571
G1 X48.391 Y82.281
G1 X48.793 Y82.137
G1 X49.235 Y82.178
G1 X49.637 Y82.423
G1 X49.983 Y82.938
G1 X50.596 Y82.935
G1 X51.369 Y83.209
G1 X51.649 Y83.456
G1 X51.790 Y83.750
G1 X51.782 Y84.088
G1 X51.621 Y84.335
G1 X51.222 Y84.443
G1 X50.790 Y84.283
G1 X50.466 Y83.892
G1 X50.312 Y83.367
G1 X50.385 Y82.687
G1 X50.526 Y82.414
G1 X50.886 Y82.172
G1 X51.375 Y82.122
G1 X51.757 Y82.237
G1 X52.060 Y82.484
G1 X52.447 Y83.470
G1 X52.845 Y83.935
G1 X53.342 Y84.052
G1 X53.929 Y84.422
G1 X54.227 Y84.395
G1 X54.439 Y84.217
G1 X54.554 Y83.854
G1 X54.510 Y83.318
G1 X54.323 Y82.844
G1 X54.020 Y82.443
G1 X53.603 Y82.170
G1 X53.136 Y82.100
G1 X53.008 Y82.122
G1 X52.834 Y82.561
G1 X52.501 Y82.414
G1 X52.294 Y82.130
G1 X51.872 Y80.977
G1 X51.708 Y80.033
G1 X51.821 Y79.446
G1 X51.985 Y79.309
G1 X52.193 Y79.293
G1 X52.399 Y79.406
G1 X52.557 Y79.640
G1 X52.805 Y80.594
G1 X53.008 Y82.122
G1 X52.834 Y82.561
G1 X53.029 Y83.986
G1 X52.952 Y84.351
G1 X53.048 Y84.490
G0 Z5.000 F500.000
G0 X55.480 Y84.450 F3000.000
G1 Z1.000 F500.000
G4 P100
G1 X55.638 Y84.508 F1000.000
G1 X56.071 Y84.411
G1 X56.237 Y84.551
G1 X56.276 Y85.284
G1 X56.658 Y86.466
G1 X57.028 Y86.922
G1 X57.247 Y86.987
G1 X57.442 Y86.925
G1 X57.601 Y86.535
G1 X57.547 Y85.946
G1 X57.311 Y85.402
G1 X56.865 Y84.836
G1 X56.786 Y84.554
G1 X57.225 Y84.466
G1 X57.751 Y84.566
G1 X57.225 Y84.466
G1 X56.237 Y84.551
G1 X56.127 Y84.432
G1 X56.115 Y83.464
G1 X56.230 Y82.699
G1 X56.521 Y82.267
G1 X57.101 Y82.167
G1 X57.394 Y82.289
G1 X57.565 Y82.476
G0 Z5.000 F500.000
G0 X59.688 Y82.589 F3000.000
G1 Z1.000 F500.000
G4 P100
G1 X59.968 Y84.147 F1000.000
G1 X59.425 Y84.462
G1 X58.947 Y84.265
G1 X58.546 Y83.840
G1 X58.300 Y83.273
G1 X58.253 Y82.673
G1 X58.374 Y82.332
G1 X58.615 Y82.155
G1 X58.919 Y82.169
G1 X59.307 Y82.495
G1 X59.688 Y82.589
G1 X59.734 Y82.219
G0 Z5.000 F500.000
G0 X61.649 Y84.527 F3000.000
G1 Z1.000 F500.000
G4 P100
G1 X61.445 Y84.209 F1000.000
G1 X61.304 Y83.557
G1 X61.250 Y82.967
G1 X61.347 Y82.836
G1 X61.338 Y82.183
G1 X61.347 Y82.836
G1 X61.812 Y83.120
G1 X62.284 Y83.950
G1 X62.986 Y84.188
G1 X63.013 Y84.307
G1 X62.846 Y82.229
G0 Z5.000 F500.000
G0 X65.573 Y83.660 F3000.000
G1 Z1.000 F500.000
G4 P100
G1 X65.667 Y84.112 F1000.000
G1 X65.407 Y84.416
G1 X64.934 Y84.378
G1 X64.519 Y84.014
G1 X64.320 Y83.556
G1 X64.272 Y83.010
G1 X64.388 Y82.571
G1 X64.647 Y82.281
G1 X65.049 Y82.137
G1 X65.500 Y82.180
G1 X65.893 Y82.423
G1 X66.239 Y82.938
G1 X66.996 Y82.966
G1 X67.730 Y83.283
G1 X68.013 Y83.645
G1 X68.041 Y84.079
G1 X67.832 Y84.366
G1 X67.414 Y84.436
G1 X66.956 Y84.207
G1 X66.643 Y83.707
G1 X66.561 Y83.148
G1 X66.737 Y82.472
G1 X67.151 Y82.169
G1 X67.739 Y82.139
G1 X68.222 Y82.384
G1 X68.493 Y82.842
G0 Z5.000 F500.000
G0 X71.198 Y84.554 F3000.000
G1 Z1.000 F500.000
G4 P100
G1 X70.978 Y84.317 F1000.000
G1 X70.808 Y83.551
G1 X70.787 Y83.160
G1 X70.902 Y82.845
G1 X70.847 Y82.198
G1 X70.902 Y82.845
G1 X71.281 Y83.093
G1 X71.793 Y83.983
G1 X72.301 Y84.192
G1 X72.430 Y83.916
G1 X72.377 Y83.235
G1 X72.483 Y82.879
G1 X72.395 Y82.180
G1 X72.483 Y82.879
G1 X72.853 Y83.122
G1 X73.415 Y84.015
G1 X73.677 Y84.159
G1 X73.987 Y84.170
G1 X74.053 Y83.709
G1 X73.908 Y82.207
G0 Z5.000 F500.000
G0 X76.788 Y82.589 F3000.000
G1 Z1.000 F500.000
G4 P100
G1 X77.068 Y84.147 F1000.000
G1 X76.525 Y84.462
G1 X76.047 Y84.265
G1 X75.646 Y83.840
G1 X75.400 Y83.273
G1 X75.353 Y82.673
G1 X75.474 Y82.332
G1 X75.715 Y82.155
G1 X76.019 Y82.169
G1 X76.407 Y82.495
G1 X76.788 Y82.589
G1 X76.834 Y82.219
G0 Z5.000 F500.000
G0 X78.764 Y84.536 F3000.000
G1 Z1.000 F500.000
G4 P100
G1 X78.577 Y84.341 F1000.000
G1 X78.382 Y83.486
G1 X78.379 Y83.124
G1 X78.490 Y82.836
G1 X78.435 Y82.177
G1 X78.490 Y82.836
G1 X78.858 Y83.066
G1 X79.226 Y83.747
G1 X79.500 Y84.051
G1 X79.982 Y84.188
G1 X80.092 Y84.325
G1 X79.982 Y84.188
G1 X80.217 Y83.431
G1 X80.159 Y83.315
G1 X80.609 Y83.662
G1 X81.094 Y84.242
G1 X81.746 Y84.453
G1 X82.037 Y84.753
G1 X82.571 Y85.571
G1 X82.862 Y86.360
G1 X82.865 Y87.059
G1 X82.750 Y87.285
G1 X82.573 Y87.391
G1 X82.280 Y87.342
G1 X82.017 Y87.082
G1 X81.539 Y85.809
G1 X81.349 Y84.792
G1 X81.401 Y84.371
G1 X81.251 Y83.812
G1 X81.248 Y83.182
G1 X81.373 Y82.842
G1 X81.315 Y82.210
G1 X81.373 Y82.842
G1 X81.760 Y83.093
G1 X82.348 Y84.057
G1 X82.852 Y84.332
G1 X83.172 Y84.258
G1 X83.318 Y83.923
G1 X83.173 Y83.402
G1 X82.565 Y82.796
G1 X82.677 Y82.454
G1 X82.944 Y82.238
G1 X83.309 Y82.164
G1 X83.560 Y82.242
G1 X84.291 Y82.841
G1 X85.164 Y83.068
G1 X85.645 Y83.361
G1 X85.866 Y83.732
G1 X85.846 Y84.140
G1 X85.617 Y84.387
G1 X85.212 Y84.432
G1 X84.761 Y84.188
G1 X84.462 Y83.689
G1 X84.386 Y83.148
G1 X84.562 Y82.472
G1 X84.976 Y82.169
G1 X85.564 Y82.139
G1 X86.047 Y82.384
G1 X86.318 Y82.842
G0 Z5.000 F500.000
G0 X87.346 Y84.536 F3000.000
G1 Z1.000 F500.000
G4 P100
G1 X87.158 Y84.341 F1000.000
G1 X86.963 Y83.486
G1 X86.960 Y83.124
G1 X87.071 Y82.836
G1 X87.016 Y82.177
G1 X87.071 Y82.836
G1 X87.445 Y83.073
G1 X88.004 Y83.988
G1 X88.266 Y84.149
G1 X88.563 Y84.188
G1 X88.673 Y84.325
G1 X88.563 Y84.188
G1 X88.798 Y83.431
G1 X88.740 Y83.315
G1 X88.798 Y83.431
G1 X89.164 Y83.513
G1 X89.200 Y82.391
G1 X89.274 Y82.399
G1 X90.120 Y83.564
G1 X90.421 Y83.782
G1 X90.564 Y84.381
G1 X90.772 Y84.575
G1 X90.564 Y84.381
G1 X90.421 Y83.782
G1 X91.009 Y83.003
G1 X91.109 Y82.503
G1 X90.831 Y82.139
G1 X90.321 Y82.140
G0 Z5.000 F500.000
G0 X23.967 Y74.727 F3000.000
G1 Z1.000 F500.000
G4 P100
G1 X23.041 Y74.788 F1000.000
G1 X22.337 Y74.706
G1 X21.759 Y74.464
G1 X21.279 Y74.060
G1 X20.886 Y73.430
G1 X20.688 Y72.663
G1 X20.706 Y71.877
G1 X20.973 Y71.342
G1 X21.378 Y71.138
G1 X21.898 Y71.200
G1 X22.190 Y71.377
G1 X22.452 Y71.726
G1 X22.920 Y71.968
G1 X23.229 Y73.663
G1 X23.357 Y73.922
G1 X23.229 Y73.663
G1 X22.920 Y71.968
G1 X23.017 Y71.482
G1 X23.158 Y71.239
G1 X23.397 Y71.138
G1 X23.878 Y71.221
G1 X24.135 Y71.386
G1 X24.402 Y71.694
G1 X24.474 Y71.995
G1 X25.020 Y72.357
G1 X25.627 Y73.615
G1 X25.796 Y74.259
G1 X25.827 Y74.827
G1 X25.720 Y75.182
G1 X25.496 Y75.294
G1 X25.261 Y75.201
G1 X25.063 Y74.940
G1 X24.685 Y73.813
G1 X24.510 Y72.478
G1 X24.639 Y71.443
G1 X24.963 Y71.126
G1 X25.455 Y71.160
G1 X25.642 Y71.305
G1 X26.077 Y72.024
G1 X26.466 Y72.175
G1 X26.658 Y72.369
G1 X27.166 Y73.376
G1 X27.426 Y74.259
G1 X27.427 Y75.007
G1 X27.317 Y75.221
G1 X27.141 Y75.294
G1 X26.805 Y75.113
G1 X26.509 Y74.502
G1 X26.253 Y73.504
G1 X26.141 Y72.413
G1 X26.239 Y72.095
G1 X26.200 Y71.644
G1 X26.416 Y71.228
G1 X26.888 Y71.101
G1 X27.150 Y71.194
G1 X27.306 Y71.363
G0 Z5.000 F500.000
G0 X30.034 Y72.303 F3000.000
G1 Z1.000 F500.000
G4 P100
G1 X30.115 Y72.628 F1000.000
G1 X29.954 Y72.884
G1 X29.619 Y72.912
G1 X29.291 Y72.711
G1 X29.001 Y72.053
G1 X29.007 Y71.667
G1 X29.127 Y71.362
G1 X29.450 Y71.122
G1 X29.898 Y71.098
G1 X30.279 Y71.303
G1 X30.478 Y71.663
G0 Z5.000 F500.000
G0 X30.863 Y71.718 F3000.000
G1 Z1.000 F500.000
G4 P100
G1 X30.915 Y72.348 F1000.000
G1 X31.147 Y72.747
G1 X31.590 Y72.893
G1 X31.999 Y72.731
G1 X32.140 Y72.462
G1 X32.195 Y72.050
G1 X32.097 Y71.565
G1 X31.896 Y71.254
G1 X31.526 Y71.115
G1 X31.196 Y71.154
G1 X30.978 Y71.352
G1 X30.863 Y71.718
G0 Z5.000 F500.000
G0 X33.469 Y72.996 F3000.000
G1 Z1.000 F500.000
G4 P100
G1 X33.306 Y72.742 F1000.000
G1 X33.193 Y72.220
G1 X33.220 Y71.121
G1 X33.228 Y71.643
G1 X33.600 Y71.871
G1 X33.977 Y72.535
G1 X34.539 Y72.725
G1 X34.561 Y72.820
G1 X34.426 Y71.158
G0 Z5.000 F500.000
G0 X35.329 Y72.935 F3000.000
G1 Z1.000 F500.000
G4 P100
G1 X35.802 Y72.904 F1000.000
G1 X35.935 Y73.015
G1 X35.956 Y73.559
G1 X36.240 Y74.481
G1 X36.513 Y74.876
G1 X36.836 Y74.950
G1 X37.012 Y74.697
G1 X36.995 Y74.181
G1 X36.374 Y73.018
G1 X36.725 Y72.947
G1 X37.146 Y73.028
G1 X36.725 Y72.947
G1 X35.935 Y73.015
G1 X35.847 Y72.920
G1 X35.856 Y71.884
G1 X36.030 Y71.323
G1 X36.300 Y71.122
G1 X36.668 Y71.119
G1 X37.248 Y71.585
G1 X38.436 Y71.984
G1 X38.677 Y72.270
G1 X38.713 Y72.617
G1 X38.553 Y72.860
G1 X38.228 Y72.927
G1 X37.856 Y72.755
G1 X37.594 Y72.354
G1 X37.523 Y71.900
G1 X37.661 Y71.358
G1 X37.996 Y71.110
G1 X38.466 Y71.086
G1 X38.853 Y71.282
G1 X39.069 Y71.648
G0 Z5.000 F500.000
G0 X39.879 Y72.996 F3000.000
G1 Z1.000 F500.000
G4 P100
G1 X39.716 Y72.742 F1000.000
G1 X39.603 Y72.220
G1 X39.630 Y71.121
G1 X39.638 Y71.643
G1 X40.010 Y71.871
G1 X40.387 Y72.535
G1 X40.949 Y72.725
G1 X40.971 Y72.820
G1 X40.836 Y71.158
G0 Z5.000 F500.000
G0 X41.739 Y72.935 F3000.000
G1 Z1.000 F500.000
G4 P100
G1 X42.212 Y72.904 F1000.000
G1 X42.345 Y73.015
G1 X42.376 Y73.602
G1 X42.682 Y74.547
G1 X42.977 Y74.913
G1 X43.309 Y74.915
G1 X43.436 Y74.602
G1 X43.392 Y74.132
G1 X42.784 Y73.018
G1 X43.135 Y72.947
G1 X43.556 Y73.028
G1 X43.135 Y72.947
G1 X42.345 Y73.015
G1 X42.257 Y72.920
G1 X42.247 Y72.146
G1 X42.339 Y71.534
G1 X42.572 Y71.189
G1 X43.035 Y71.109
G1 X43.407 Y71.355
G0 Z5.000 F500.000
G0 X45.662 Y73.003 F3000.000
G1 Z1.000 F500.000
G4 P100
G1 X45.511 Y72.847 F1000.000
G1 X45.356 Y72.164
G1 X45.442 Y71.643
G1 X45.398 Y71.116
G1 X45.442 Y71.643
G1 X45.741 Y71.833
G1 X46.188 Y72.565
G1 X46.724 Y72.835
G1 X46.636 Y72.725
G1 X46.824 Y72.119
G1 X46.777 Y72.027
G1 X47.029 Y72.207
G1 X47.169 Y72.184
G1 X47.429 Y71.777
G1 X47.595 Y71.692
G1 X48.177 Y71.837
G1 X48.551 Y72.074
G1 X48.730 Y72.419
G1 X48.657 Y72.770
G1 X48.429 Y72.916
G1 X48.116 Y72.901
G1 X47.844 Y72.735
G1 X47.640 Y72.442
G1 X47.533 Y71.988
G1 X47.597 Y71.532
G1 X47.911 Y71.149
G1 X48.265 Y71.067
G1 X48.637 Y71.136
G1 X48.924 Y71.345
G1 X49.079 Y71.648
G0 Z5.000 F500.000
G0 X49.919 Y73.018 F3000.000
G1 Z1.000 F500.000
G4 P100
G1 X49.743 Y72.829 F1000.000
G1 X49.607 Y72.216
G1 X49.638 Y71.133
G1 X49.682 Y71.651
G1 X49.985 Y71.849
G1 X50.395 Y72.562
G1 X50.801 Y72.729
G1 X50.904 Y72.507
G1 X50.862 Y71.963
G1 X50.947 Y71.678
G1 X50.876 Y71.119
G1 X50.947 Y71.678
G1 X51.243 Y71.872
G1 X51.692 Y72.586
G1 X52.150 Y72.711
G1 X52.203 Y72.342
G1 X52.087 Y71.140
G0 Z5.000 F500.000
G0 X54.391 Y71.446 F3000.000
G1 Z1.000 F500.000
G4 P100
G1 X54.608 Y72.711 F1000.000
G1 X54.209 Y72.948
G1 X53.668 Y72.679
G1 X53.273 Y71.964
G1 X53.238 Y71.557
G1 X53.335 Y71.246
G1 X53.497 Y71.112
G1 X53.705 Y71.090
G1 X54.092 Y71.374
G1 X54.391 Y71.446
G1 X54.483 Y71.007
G1 X54.851 Y70.922
G1 X55.583 Y71.112
G1 X55.748 Y72.350
G1 X55.933 Y72.928
G0 Z5.000 F500.000
G0 X57.189 Y72.996 F3000.000
G1 Z1.000 F500.000
G4 P100
G1 X57.026 Y72.742 F1000.000
G1 X56.913 Y72.220
G1 X56.940 Y71.121
G1 X56.948 Y71.643
G1 X57.320 Y71.871
G1 X57.697 Y72.535
G1 X58.259 Y72.725
G1 X58.281 Y72.820
G1 X58.134 Y71.196
G1 X58.246 Y71.051
G1 X58.418 Y71.031
G1 X58.949 Y71.294
G1 X59.626 Y72.226
G1 X59.867 Y72.400
G1 X59.981 Y72.880
G1 X60.148 Y73.035
G1 X59.981 Y72.880
G1 X59.867 Y72.400
G1 X60.337 Y71.777
G1 X60.417 Y71.377
G1 X60.195 Y71.086
G1 X59.787 Y71.087
G0 Z5.000 F500.000
G0 X55.984 Y73.880 F3000.000
G1 Z1.000 F500.000
G4 P100
G1 X56.118 Y73.902 F1000.000
G0 Z5.000 F500.000
G0 X62.702 Y71.082 F3000.000
G1 Z1.000 F500.000
G4 P100
G1 X63.005 Y72.789 F1000.000
G1 X63.103 Y72.928
G0 Z5.000 F500.000
G0 X64.359 Y72.996 F3000.000
G1 Z1.000 F500.000
G4 P100
G1 X64.196 Y72.742 F1000.000
G1 X64.083 Y72.220
G1 X64.110 Y71.121
G1 X64.118 Y71.643
G1 X64.490 Y71.871
G1 X64.867 Y72.535
G1 X65.429 Y72.725
G1 X65.451 Y72.820
G1 X65.304 Y71.196
G1 X65.416 Y71.051
G1 X65.588 Y71.031
G1 X66.119 Y71.294
G1 X66.796 Y72.226
G1 X67.037 Y72.400
G1 X67.151 Y72.880
G1 X67.318 Y73.035
G1 X67.151 Y72.880
G1 X67.037 Y72.400
G1 X67.507 Y71.777
G1 X67.587 Y71.377
G1 X67.365 Y71.086
G1 X66.957 Y71.087
G0 Z5.000 F500.000
G0 X68.547 Y71.082 F3000.000
G1 Z1.000 F500.000
G4 P100
G1 X68.850 Y72.789 F1000.000
G1 X68.948 Y72.928
G0 Z5.000 F500.000
G0 X71.083 Y72.891 F3000.000
G1 Z1.000 F500.000
G4 P100
G1 X71.465 Y74.905 F1000.000
G1 X71.653 Y75.213
G1 X71.994 Y75.244
G1 X72.149 Y74.898
G1 X72.120 Y74.264
G1 X71.578 Y72.649
G1 X71.120 Y72.383
G1 X71.009 Y72.574
G1 X71.049 Y72.933
G1 X70.593 Y72.884
G1 X70.304 Y72.716
G1 X69.902 Y72.066
G1 X69.846 Y71.660
G1 X69.941 Y71.270
G1 X70.103 Y71.117
G1 X70.333 Y71.102
G1 X71.125 Y71.509
G1 X71.310 Y71.075
G1 X71.124 Y71.516
G1 X71.145 Y72.493
G1 X72.249 Y71.720
G1 X72.607 Y71.720
G1 X73.158 Y71.895
G1 X73.490 Y72.175
G1 X73.590 Y72.530
G1 X73.448 Y72.839
G1 X73.101 Y72.927
G1 X72.726 Y72.760
G1 X72.462 Y72.361
G1 X72.388 Y71.908
G1 X72.522 Y71.365
G1 X72.854 Y71.112
G1 X73.324 Y71.085
G1 X73.718 Y71.282
G1 X73.934 Y71.648
G0 Z5.000 F500.000
G0 X63.154 Y73.880 F3000.000
G1 Z1.000 F500.000
G4 P100
G1 X63.288 Y73.902 F1000.000
G0 Z5.000 F500.000
G0 X68.999 Y73.880 F3000.000
G1 Z1.000 F500.000
G4 P100
G1 X69.133 Y73.902 F1000.000
G0 Z5.000 F500.000
G0 X75.894 Y72.564 F3000.000
G1 Z1.000 F500.000
G4 P100
G1 X76.157 Y72.623 F1000.000
G1 X76.549 Y72.896
G1 X76.858 Y72.888
G1 X77.091 Y72.593
G1 X77.086 Y72.065
G1 X76.847 Y71.520
G1 X76.439 Y71.150
G1 X75.877 Y71.072
G1 X75.737 Y71.424
G1 X75.353 Y71.169
G1 X75.014 Y70.311
G1 X74.849 Y69.568
G1 X74.877 Y69.037
G1 X75.100 Y68.809
G1 X75.294 Y68.833
G1 X75.455 Y68.978
G1 X75.682 Y69.670
G1 X75.877 Y71.072
G1 X75.737 Y71.424
G1 X75.894 Y72.564
G1 X75.832 Y72.855
G1 X75.908 Y72.967
G0 Z5.000 F500.000
G0 X79.256 Y71.446 F3000.000
G1 Z1.000 F500.000
G4 P100
G1 X79.480 Y72.692 F1000.000
G1 X79.045 Y72.944
G1 X78.662 Y72.787
G1 X78.342 Y72.447
G1 X78.145 Y71.993
G1 X78.107 Y71.513
G1 X78.205 Y71.240
G1 X78.397 Y71.099
G1 X78.640 Y71.110
G1 X78.951 Y71.371
G1 X79.256 Y71.446
G1 X79.292 Y71.150
G0 Z5.000 F500.000
G0 X81.405 Y70.557 F3000.000
G1 Z1.000 F500.000
G4 P100
G1 X81.071 Y70.477 F1000.000
G1 X80.390 Y69.756
G1 X80.200 Y69.216
G1 X80.355 Y68.865
G1 X80.667 Y68.825
G1 X80.946 Y69.028
G1 X81.187 Y69.461
G1 X81.417 Y70.204
G1 X81.405 Y70.557
G1 X81.580 Y71.013
G1 X81.549 Y71.336
G1 X80.797 Y71.090
G1 X80.556 Y71.245
G1 X80.452 Y71.568
G1 X80.494 Y71.990
G1 X80.656 Y72.389
G1 X80.918 Y72.712
G1 X81.235 Y72.905
G1 X81.456 Y72.943
G1 X81.821 Y72.698
G1 X81.550 Y71.215
G1 X83.424 Y71.819
G1 X83.804 Y72.034
G1 X84.003 Y72.325
G1 X84.004 Y72.666
G1 X83.826 Y72.878
G1 X83.504 Y72.923
G1 X83.139 Y72.735
G1 X82.892 Y72.333
G1 X82.829 Y71.893
G1 X82.970 Y71.352
G1 X83.301 Y71.110
G1 X83.771 Y71.086
G1 X84.158 Y71.282
G1 X84.374 Y71.648
G0 Z5.000 F500.000
G0 X86.539 Y73.018 F3000.000
G1 Z1.000 F500.000
G4 P100
G1 X86.363 Y72.829 F1000.000
G1 X86.227 Y72.216
G1 X86.258 Y71.133
G1 X86.302 Y71.651
G1 X86.605 Y71.849
G1 X87.015 Y72.562
G1 X87.421 Y72.729
G1 X87.524 Y72.507
G1 X87.482 Y71.963
G1 X87.567 Y71.678
G1 X87.496 Y71.119
G1 X87.567 Y71.678
G1 X87.863 Y71.872
G1 X88.312 Y72.586
G1 X88.770 Y72.711
G1 X88.823 Y72.342
G1 X88.707 Y71.140
G0 Z5.000 F500.000
G0 X91.011 Y71.446 F3000.000
G1 Z1.000 F500.000
G4 P100
G1 X91.235 Y72.692 F1000.000
G1 X90.800 Y72.944
G1 X90.417 Y72.787
G1 X90.097 Y72.447
G1 X89.900 Y71.993
G1 X89.862 Y71.513
G1 X89.960 Y71.240
G1 X90.152 Y71.099
G1 X90.395 Y71.110
G1 X90.706 Y71.371
G1 X91.011 Y71.446
G1 X91.047 Y71.150
G0 Z5.000 F500.000
G0 X92.592 Y73.003 F3000.000
G1 Z1.000 F500.000
G4 P100
G1 X92.441 Y72.847 F1000.000
G1 X92.286 Y72.164
G1 X92.372 Y71.643
G1 X92.328 Y71.116
G1 X92.372 Y71.643
G1 X92.666 Y71.828
G1 X93.198 Y72.628
G1 X93.566 Y72.725
G1 X93.654 Y72.835
G1 X93.566 Y72.725
G1 X93.754 Y72.119
G1 X93.707 Y72.027
G1 X93.959 Y72.207
G0 Z5.000 F500.000
G0 X95.435 Y70.557 F3000.000
G1 Z1.000 F500.000
G4 P100
G1 X95.101 Y70.477 F1000.000
G1 X94.420 Y69.756
G1 X94.230 Y69.216
G1 X94.385 Y68.865
G1 X94.772 Y68.854
G1 X95.098 Y69.211
G1 X95.422 Y70.105
G1 X95.435 Y70.557
G1 X95.613 Y71.035
G1 X95.579 Y71.336
G1 X94.937 Y71.082
G1 X94.566 Y71.275
G1 X94.495 Y71.846
G1 X94.745 Y72.481
G1 X95.028 Y72.776
G1 X95.357 Y72.933
G1 X95.820 Y72.742
G1 X95.583 Y71.188
G1 X95.886 Y71.016
G1 X96.624 Y71.022
G1 X96.875 Y71.118
G1 X97.036 Y72.336
G1 X97.223 Y72.928
G0 Z5.000 F500.000
G0 X98.479 Y72.996 F3000.000
G1 Z1.000 F500.000
G4 P100
G1 X98.316 Y72.742 F1000.000
G1 X98.203 Y72.220
G1 X98.230 Y71.121
G1 X98.238 Y71.643
G1 X98.610 Y71.871
G1 X98.987 Y72.535
G1 X99.549 Y72.725
G1 X99.571 Y72.820
G1 X99.424 Y71.196
G1 X99.536 Y71.051
G1 X99.708 Y71.031
G1 X100.239 Y71.294
G1 X100.916 Y72.226
G1 X101.157 Y72.400
G1 X101.271 Y72.880
G1 X101.438 Y73.035
G1 X101.271 Y72.880
G1 X101.157 Y72.400
G1 X101.627 Y71.777
G1 X101.707 Y71.377
G1 X101.485 Y71.086
G1 X101.077 Y71.087
G0 Z5.000 F500.000
G0 X97.274 Y73.880 F3000.000
G1 Z1.000 F500.000
G4 P100
G1 X97.408 Y73.902 F1000.000
G0 Z5.000 F500.000
G0 X104.078 Y71.653 F3000.000
G1 Z1.000 F500.000
G4 P100
G1 X104.107 Y72.298 F1000.000
G1 X104.331 Y72.727
G1 X104.795 Y72.893
G1 X105.189 Y72.747
G1 X105.338 Y72.483
G1 X105.401 Y72.065
G1 X105.309 Y71.585
G1 X105.122 Y71.274
G1 X104.861 Y71.137
G1 X104.435 Y71.140
G1 X104.207 Y71.315
G1 X104.078 Y71.653
G0 Z5.000 F500.000
G0 X106.674 Y72.996 F3000.000
G1 Z1.000 F500.000
G4 P100
G1 X106.511 Y72.742 F1000.000
G1 X106.398 Y72.220
G1 X106.425 Y71.121
G1 X106.433 Y71.643
G1 X106.805 Y71.871
G1 X107.182 Y72.535
G1 X107.744 Y72.725
G1 X107.766 Y72.820
G1 X107.631 Y71.158
G0 Z5.000 F500.000
G0 X113.587 Y74.727 F3000.000
G1 Z1.000 F500.000
G4 P100
G1 X112.079 Y74.732 F1000.000
G1 X111.572 Y74.568
G1 X111.119 Y74.275
G1 X110.724 Y73.835
G1 X110.446 Y73.273
G1 X110.302 Y72.605
G1 X110.313 Y71.949
G1 X110.483 Y71.479
G1 X110.802 Y71.196
G1 X111.203 Y71.136
G1 X111.731 Y71.312
G1 X112.072 Y71.726
G1 X112.540 Y71.968
G1 X112.849 Y73.663
G1 X112.977 Y73.922
G1 X112.849 Y73.663
G1 X112.540 Y71.968
G1 X112.683 Y71.367
G1 X112.974 Y71.144
G1 X113.498 Y71.221
G1 X113.885 Y71.514
G1 X114.046 Y71.829
G0 Z5.000 F500.000
G0 X114.978 Y73.548 F3000.000
G1 Z1.000 F500.000
G4 P100
G1 X114.804 Y73.397 F1000.000
G1 X114.367 Y72.535
G1 X114.157 Y72.004
G1 X114.172 Y71.775
G1 X115.476 Y71.661
G1 X115.447 Y71.079
G1 X115.476 Y71.661
G1 X115.550 Y71.736
G1 X116.043 Y71.704
G1 X115.550 Y71.736
G1 X115.665 Y72.657
G1 X115.781 Y72.923
G0 Z5.000 F500.000
G0 X117.899 Y71.294 F3000.000
G1 Z1.000 F500.000
G4 P100
G1 X118.576 Y72.226 F1000.000
G1 X118.817 Y72.400
G1 X118.931 Y72.880
G1 X119.098 Y73.035
G1 X118.931 Y72.880
G1 X118.817 Y72.400
G1 X119.287 Y71.777
G1 X119.367 Y71.377
G1 X119.145 Y71.086
G1 X118.737 Y71.087
G0 Z5.000 F500.000
G0 X120.436 Y71.554 F3000.000
G1 Z1.000 F500.000
G4 P100
G1 X120.408 Y72.118 F1000.000
G1 X120.631 Y72.690
G1 X121.072 Y72.889
G1 X121.492 Y72.778
G1 X121.662 Y72.517
G1 X121.736 Y72.094
G1 X121.656 Y71.620
G1 X121.492 Y71.312
G1 X121.253 Y71.151
G1 X120.834 Y71.121
G1 X120.583 Y71.264
G1 X120.436 Y71.554
G0 Z5.000 F500.000
G0 X123.053 Y73.008 F3000.000
G1 Z1.000 F500.000
G4 P100
G1 X122.891 Y72.845 F1000.000
G1 X122.764 Y72.333
G1 X122.739 Y71.379
G1 X122.865 Y71.212
G1 X123.034 Y71.222
G1 X123.470 Y71.668
G1 X123.798 Y71.783
G1 X123.842 Y71.143
G1 X123.798 Y71.783
G1 X124.123 Y72.952
G0 Z5.000 F500.000
G0 X125.332 Y73.003 F3000.000
G1 Z1.000 F500.000
G4 P100
G1 X125.181 Y72.847 F1000.000
G1 X125.026 Y72.164
G1 X125.112 Y71.643
G1 X125.068 Y71.116
G1 X125.112 Y71.643
G1 X125.406 Y71.828
G1 X125.938 Y72.628
G1 X126.306 Y72.725
G1 X126.394 Y72.835
G1 X126.306 Y72.725
G1 X126.494 Y72.119
G1 X126.447 Y72.027
G1 X126.699 Y72.207
G0 Z5.000 F500.000
G0 X128.254 Y72.303 F3000.000
G1 Z1.000 F500.000
G4 P100
G1 X128.329 Y72.665 F1000.000
G1 X128.121 Y72.908
G1 X127.742 Y72.878
G1 X127.410 Y72.586
G1 X127.251 Y72.219
G1 X127.213 Y71.782
G1 X127.305 Y71.431
G1 X127.512 Y71.199
G1 X127.834 Y71.084
G1 X128.195 Y71.119
G1 X128.510 Y71.313
G1 X128.786 Y71.725
G1 X129.392 Y71.747
G1 X129.979 Y72.001
G1 X130.206 Y72.291
G1 X130.228 Y72.638
G1 X130.061 Y72.867
G1 X129.726 Y72.924
G1 X129.360 Y72.740
G1 X129.109 Y72.340
G1 X129.044 Y71.893
G1 X129.185 Y71.352
G1 X129.516 Y71.110
G1 X129.986 Y71.086
G1 X130.373 Y71.282
G1 X130.589 Y71.648
G0 Z5.000 F500.000
G0 X133.506 Y71.446 F3000.000
G1 Z1.000 F500.000
G4 P100
G1 X133.730 Y72.692 F1000.000
G1 X133.295 Y72.944
G1 X132.912 Y72.787
G1 X132.592 Y72.447
G1 X132.395 Y71.993
G1 X132.357 Y71.513
G1 X132.455 Y71.240
G1 X132.647 Y71.099
G1 X132.890 Y71.110
G1 X133.201 Y71.371
G1 X133.506 Y71.446
G1 X133.542 Y71.150
G0 Z5.000 F500.000
G0 X135.074 Y72.996 F3000.000
G1 Z1.000 F500.000
G4 P100
G1 X134.911 Y72.742 F1000.000
G1 X134.798 Y72.220
G1 X134.825 Y71.121
G1 X134.833 Y71.643
G1 X135.205 Y71.871
G1 X135.582 Y72.535
G1 X136.144 Y72.725
G1 X136.166 Y72.820
G1 X136.031 Y71.158
G0 Z5.000 F500.000
G0 X138.433 Y72.891 F3000.000
G1 Z1.000 F500.000
G4 P100
G1 X138.815 Y74.905 F1000.000
G1 X139.003 Y75.213
G1 X139.344 Y75.244
G1 X139.499 Y74.898
G1 X139.470 Y74.264
G1 X138.935 Y72.662
G1 X138.470 Y72.383
G1 X138.359 Y72.574
G1 X138.393 Y72.935
G1 X137.922 Y72.878
G1 X137.605 Y72.672
G1 X137.355 Y72.339
G1 X137.229 Y71.951
G1 X137.207 Y71.573
G1 X137.367 Y71.173
G1 X137.582 Y71.091
G1 X137.903 Y71.164
G1 X138.475 Y71.509
G1 X138.660 Y71.075
G1 X138.474 Y71.516
G1 X138.470 Y72.383
G0 Z5.000 F500.000
G0 X144.562 Y74.727 F3000.000
G1 Z1.000 F500.000
G4 P100
G1 X143.054 Y74.732 F1000.000
G1 X142.547 Y74.568
G1 X142.094 Y74.275
G1 X141.699 Y73.835
G1 X141.421 Y73.273
G1 X141.277 Y72.605
G1 X141.288 Y71.949
G1 X141.458 Y71.479
G1 X141.777 Y71.196
G1 X142.178 Y71.136
G1 X142.706 Y71.312
G1 X143.047 Y71.726
G1 X143.515 Y71.968
G1 X143.824 Y73.663
G1 X143.952 Y73.922
G1 X143.824 Y73.663
G1 X143.515 Y71.968
G1 X143.658 Y71.367
G1 X143.949 Y71.144
G1 X144.473 Y71.221
G1 X144.860 Y71.514
G1 X145.021 Y71.829
G0 Z5.000 F500.000
G0 X145.038 Y71.560 F3000.000
G1 Z1.000 F500.000
G4 P100
G1 X145.164 Y71.259 F1000.000
G1 X145.559 Y71.068
G1 X146.061 Y71.076
G1 X146.428 Y71.294
G1 X146.577 Y71.622
G1 X146.510 Y71.975
G1 X146.143 Y72.255
G1 X145.305 Y72.466
G1 X145.416 Y73.384
G1 X145.145 Y73.433
G1 X146.761 Y73.465
G0 Z5.000 F500.000
G0 X20.239 Y62.838 F3000.000
G1 Z1.000 F500.000
G4 P100
G1 X20.712 Y62.807 F1000.000
G1 X20.845 Y62.918
G1 X20.876 Y63.505
G1 X21.182 Y64.450
G1 X21.477 Y64.816
G1 X21.809 Y64.818
G1 X21.936 Y64.505
G1 X21.892 Y64.035
G1 X21.284 Y62.921
G1 X21.635 Y62.850
G1 X22.056 Y62.931
G1 X21.635 Y62.850
G1 X20.845 Y62.918
G1 X20.757 Y62.823
G1 X20.747 Y62.049
G1 X20.839 Y61.437
G1 X21.072 Y61.092
G1 X21.535 Y61.012
G1 X21.907 Y61.258
G0 Z5.000 F500.000
G0 X23.606 Y61.349 F3000.000
G1 Z1.000 F500.000
G4 P100
G1 X23.830 Y62.595 F1000.000
G1 X23.395 Y62.847
G1 X23.012 Y62.690
G1 X22.692 Y62.350
G1 X22.495 Y61.896
G1 X22.457 Y61.416
G1 X22.555 Y61.143
G1 X22.747 Y61.002
G1 X22.990 Y61.013
G1 X23.301 Y61.274
G1 X23.606 Y61.349
G1 X23.642 Y61.053
G0 Z5.000 F500.000
G0 X25.187 Y62.906 F3000.000
G1 Z1.000 F500.000
G4 P100
G1 X25.036 Y62.750 F1000.000
G1 X24.881 Y62.067
G1 X24.967 Y61.546
G1 X24.923 Y61.019
G1 X24.967 Y61.546
G1 X25.261 Y61.731
G1 X25.793 Y62.531
G1 X26.161 Y62.628
G1 X26.249 Y62.738
G1 X26.161 Y62.628
G1 X26.349 Y62.022
G1 X26.302 Y61.930
G1 X26.554 Y62.110
G0 Z5.000 F500.000
G0 X28.030 Y60.460 F3000.000
G1 Z1.000 F500.000
G4 P100
G1 X27.696 Y60.380 F1000.000
G1 X27.015 Y59.659
G1 X26.825 Y59.119
G1 X26.980 Y58.768
G1 X27.367 Y58.757
G1 X27.689 Y59.108
G1 X28.015 Y60.001
G1 X28.030 Y60.460
G1 X28.204 Y60.909
G1 X28.174 Y61.239
G1 X27.510 Y60.984
G1 X27.281 Y61.052
G1 X27.133 Y61.230
G1 X27.119 Y61.893
G1 X27.454 Y62.527
G1 X28.025 Y62.849
G1 X28.439 Y62.620
G1 X28.174 Y61.239
G1 X28.175 Y61.118
G1 X28.292 Y61.107
G1 X30.389 Y61.904
G1 X30.581 Y62.121
G1 X30.655 Y62.373
G1 X30.603 Y62.630
G1 X30.438 Y62.787
G1 X30.085 Y62.817
G1 X29.754 Y62.628
G1 X29.524 Y62.257
G1 X29.454 Y61.796
G1 X29.545 Y61.345
G1 X29.762 Y61.093
G1 X30.148 Y60.972
G1 X30.577 Y61.048
G1 X30.834 Y61.237
G1 X30.987 Y61.502
G1 X31.084 Y62.696
G1 X31.245 Y62.877
G1 X31.656 Y62.806
G1 X31.795 Y62.918
G1 X31.803 Y63.398
G1 X32.047 Y64.264
G1 X32.305 Y64.713
G1 X32.588 Y64.867
G1 X32.845 Y64.692
G1 X32.872 Y64.163
G1 X32.714 Y63.708
G1 X32.308 Y63.165
G1 X32.234 Y62.921
G1 X32.585 Y62.850
G1 X33.006 Y62.931
G1 X32.585 Y62.850
G1 X31.795 Y62.918
G1 X31.707 Y62.823
G1 X31.705 Y61.903
G1 X31.817 Y61.362
G1 X32.059 Y61.069
G1 X32.507 Y61.016
G1 X32.857 Y61.258
G0 Z5.000 F500.000
G0 X33.503 Y61.173 F3000.000
G1 Z1.000 F500.000
G4 P100
G1 X33.540 Y61.210 F1000.000
G0 Z5.000 F500.000
G0 X20.176 Y50.280 F3000.000
G1 Z1.000 F500.000
G4 P100
G1 X20.431 Y50.665 F1000.000
G1 X20.826 Y50.963
G1 X21.209 Y51.037
G1 X21.471 Y50.893
G1 X21.536 Y49.545
G1 X21.157 Y47.441
G1 X21.536 Y49.545
G1 X21.875 Y49.736
G1 X22.476 Y50.716
G1 X23.038 Y51.025
G1 X23.557 Y50.944
G1 X23.775 Y50.556
G1 X23.377 Y48.259
G1 X23.472 Y47.655
G1 X23.794 Y47.427
G1 X24.227 Y47.432
G1 X24.692 Y47.728
G1 X24.907 Y48.078
G0 Z5.000 F500.000
G0 X24.995 Y48.675 F3000.000
G1 Z1.000 F500.000
G4 P100
G1 X25.160 Y48.974 F1000.000
G1 X25.396 Y49.127
G1 X25.794 Y49.157
G1 X26.079 Y48.993
G1 X26.258 Y48.314
G1 X26.154 Y47.823
G1 X25.944 Y47.518
G1 X25.453 Y47.386
G1 X25.089 Y47.564
G1 X24.916 Y48.098
G1 X24.995 Y48.675
G0 Z5.000 F500.000
G0 X28.239 Y49.213 F3000.000
G1 Z1.000 F500.000
G4 P100
G1 X28.712 Y49.182 F1000.000
G1 X28.845 Y49.294
G1 X28.866 Y49.838
G1 X29.150 Y50.760
G1 X29.423 Y51.154
G1 X29.746 Y51.228
G1 X29.922 Y50.975
G1 X29.905 Y50.460
G1 X29.284 Y49.296
G1 X29.635 Y49.226
G1 X30.056 Y49.306
G1 X29.635 Y49.226
G1 X28.845 Y49.294
G1 X28.757 Y49.198
G1 X28.766 Y48.162
G1 X28.940 Y47.601
G1 X29.210 Y47.400
G1 X29.578 Y47.397
G1 X30.158 Y47.863
G1 X31.346 Y48.262
G1 X31.587 Y48.548
G1 X31.623 Y48.895
G1 X31.463 Y49.138
G1 X31.138 Y49.205
G1 X30.766 Y49.033
G1 X30.504 Y48.632
G1 X30.433 Y48.179
G1 X30.571 Y47.637
G1 X30.906 Y47.388
G1 X31.376 Y47.365
G1 X31.763 Y47.560
G1 X31.979 Y47.927
G0 Z5.000 F500.000
G0 X34.359 Y48.842 F3000.000
G1 Z1.000 F500.000
G4 P100
G1 X34.336 Y49.103 F1000.000
G1 X34.217 Y49.172
G1 X33.901 Y49.108
G1 X33.478 Y48.710
G1 X33.136 Y49.138
G1 X32.738 Y49.138
G1 X32.599 Y48.862
G1 X32.720 Y49.125
G1 X33.006 Y49.184
G1 X33.210 Y49.081
G1 X33.478 Y48.710
G1 X33.400 Y47.824
G1 X32.813 Y47.390
G1 X32.559 Y47.385
G1 X32.365 Y47.519
G1 X32.315 Y47.789
G1 X32.411 Y48.027
G1 X32.327 Y47.605
G1 X32.580 Y47.379
G1 X32.901 Y47.426
G1 X33.400 Y47.824
G1 X33.668 Y47.498
G1 X33.912 Y47.374
G1 X34.246 Y47.382
G1 X34.554 Y47.557
G1 X34.772 Y47.944
G1 X34.718 Y49.074
G1 X34.870 Y49.252
G1 X35.281 Y49.181
G1 X35.420 Y49.294
G1 X35.446 Y49.859
G1 X35.740 Y50.793
G1 X36.027 Y51.175
G1 X36.354 Y51.213
G1 X36.506 Y50.924
G1 X36.473 Y50.431
G1 X35.859 Y49.296
G1 X36.210 Y49.226
G1 X36.631 Y49.306
G1 X36.210 Y49.226
G1 X35.420 Y49.294
G1 X35.332 Y49.198
G1 X35.323 Y48.395
G1 X35.419 Y47.799
G1 X35.653 Y47.463
G1 X36.110 Y47.387
G1 X36.482 Y47.634
G0 Z5.000 F500.000
G0 X38.380 Y47.953 F3000.000
G1 Z1.000 F500.000
G4 P100
G1 X38.416 Y48.591 F1000.000
G1 X38.641 Y49.011
G1 X39.100 Y49.172
G1 X39.499 Y49.020
G1 X39.643 Y48.761
G1 X39.706 Y48.343
G1 X39.612 Y47.857
G1 X39.422 Y47.547
G1 X39.152 Y47.413
G1 X38.733 Y47.421
G1 X38.504 Y47.605
G1 X38.380 Y47.953
G0 Z5.000 F500.000
G0 X40.703 Y49.191 F3000.000
G1 Z1.000 F500.000
G4 P100
G1 X40.727 Y47.765 F1000.000
G1 X40.893 Y47.427
G1 X41.088 Y47.435
G1 X41.259 Y47.567
G1 X42.001 Y49.081
G1 X42.249 Y49.225
G1 X42.628 Y48.169
G1 X42.895 Y47.970
G1 X43.463 Y48.110
G1 X43.836 Y48.337
G1 X44.022 Y48.653
G1 X43.983 Y49.005
G1 X43.778 Y49.179
G1 X43.465 Y49.193
G1 X43.182 Y49.048
G1 X42.966 Y48.773
G1 X42.839 Y48.128
G1 X42.934 Y47.700
G1 X43.166 Y47.452
G1 X43.521 Y47.347
G1 X43.916 Y47.406
G1 X44.214 Y47.612
G1 X44.379 Y47.927
G0 Z5.000 F500.000
G0 X45.202 Y49.282 F3000.000
G1 Z1.000 F500.000
G4 P100
G1 X45.051 Y49.126 F1000.000
G1 X44.896 Y48.442
G1 X44.982 Y47.922
G1 X44.938 Y47.394
G1 X44.982 Y47.922
G1 X45.281 Y48.111
G1 X45.728 Y48.843
G1 X46.264 Y49.113
G1 X46.176 Y49.003
G1 X46.364 Y48.398
G1 X46.317 Y48.305
G1 X46.364 Y48.398
G1 X46.730 Y48.522
G1 X47.284 Y48.373
G1 X47.554 Y48.482
G1 X48.054 Y49.300
G1 X48.419 Y50.286
G1 X48.501 Y51.120
G1 X48.305 Y51.541
G1 X47.930 Y51.475
G1 X47.622 Y50.966
G1 X47.322 Y49.912
G1 X47.185 Y48.720
G1 X47.284 Y48.373
G1 X47.245 Y47.922
G1 X47.456 Y47.511
G1 X47.933 Y47.379
G1 X48.195 Y47.472
G1 X48.351 Y47.641
G0 Z5.000 F500.000
G0 X49.876 Y47.724 F3000.000
G1 Z1.000 F500.000
G4 P100
G1 X50.100 Y48.970 F1000.000
G1 X49.665 Y49.223
G1 X49.282 Y49.065
G1 X48.962 Y48.725
G1 X48.765 Y48.271
G1 X48.727 Y47.791
G1 X48.825 Y47.518
G1 X49.017 Y47.377
G1 X49.260 Y47.388
G1 X49.571 Y47.649
G1 X49.876 Y47.724
G1 X49.912 Y47.428
G0 Z5.000 F500.000
G0 X51.269 Y48.842 F3000.000
G1 Z1.000 F500.000
G4 P100
G1 X51.532 Y48.901 F1000.000
G1 X51.931 Y49.176
G1 X52.240 Y49.163
G1 X52.469 Y48.857
G1 X52.454 Y48.315
G1 X52.205 Y47.774
G1 X51.801 Y47.421
G1 X51.252 Y47.350
G1 X51.112 Y47.702
G1 X50.735 Y47.460
G1 X50.236 Y45.941
G1 X50.230 Y45.402
G1 X50.400 Y45.116
G1 X50.606 Y45.089
G1 X50.790 Y45.204
G1 X51.035 Y45.841
G1 X51.252 Y47.350
G1 X51.112 Y47.702
G1 X51.269 Y48.842
G1 X51.207 Y49.134
G1 X51.283 Y49.245
G1 X51.421 Y49.322
G1 X51.712 Y49.178
G1 X52.611 Y47.769
G1 X52.885 Y47.493
G1 X53.012 Y47.478
G1 X53.811 Y48.510
G1 X54.047 Y48.678
G1 X54.161 Y49.158
G1 X54.328 Y49.313
G1 X54.161 Y49.158
G1 X54.047 Y48.678
G1 X54.517 Y48.055
G1 X54.597 Y47.655
G1 X54.375 Y47.364
G1 X53.967 Y47.365
G0 Z5.000 F500.000
G0 X56.882 Y47.360 F3000.000
G1 Z1.000 F500.000
G4 P100
G1 X57.185 Y49.068 F1000.000
G1 X57.283 Y49.206
G0 Z5.000 F500.000
G0 X58.569 Y49.296 F3000.000
G1 Z1.000 F500.000
G4 P100
G1 X58.393 Y49.107 F1000.000
G1 X58.257 Y48.494
G1 X58.288 Y47.411
G1 X58.332 Y47.929
G1 X58.635 Y48.127
G1 X59.045 Y48.840
G1 X59.451 Y49.007
G1 X59.554 Y48.785
G1 X59.512 Y48.241
G1 X59.597 Y47.956
G1 X59.526 Y47.397
G1 X59.597 Y47.956
G1 X59.893 Y48.151
G1 X60.342 Y48.865
G1 X60.800 Y48.989
G1 X60.853 Y48.620
G1 X60.737 Y47.419
G0 Z5.000 F500.000
G0 X63.041 Y47.724 F3000.000
G1 Z1.000 F500.000
G4 P100
G1 X63.265 Y48.970 F1000.000
G1 X62.830 Y49.223
G1 X62.447 Y49.065
G1 X62.127 Y48.725
G1 X61.930 Y48.271
G1 X61.892 Y47.791
G1 X61.990 Y47.518
G1 X62.182 Y47.377
G1 X62.425 Y47.388
G1 X62.736 Y47.649
G1 X63.041 Y47.724
G1 X63.077 Y47.428
G0 Z5.000 F500.000
G0 X65.190 Y46.835 F3000.000
G1 Z1.000 F500.000
G4 P100
G1 X64.856 Y46.755 F1000.000
G1 X64.175 Y46.034
G1 X63.985 Y45.495
G1 X64.140 Y45.143
G1 X64.452 Y45.104
G1 X64.731 Y45.307
G1 X64.972 Y45.740
G1 X65.202 Y46.482
G1 X65.190 Y46.835
G1 X65.365 Y47.292
G1 X65.334 Y47.614
G1 X64.582 Y47.368
G1 X64.341 Y47.523
G1 X64.237 Y47.846
G1 X64.279 Y48.268
G1 X64.441 Y48.667
G1 X64.703 Y48.990
G1 X65.020 Y49.183
G1 X65.241 Y49.221
G1 X65.606 Y48.977
G1 X65.335 Y47.493
G1 X67.209 Y48.097
G1 X67.589 Y48.312
G1 X67.788 Y48.603
G1 X67.789 Y48.944
G1 X67.611 Y49.156
G1 X67.289 Y49.201
G1 X66.924 Y49.013
G1 X66.677 Y48.611
G1 X66.614 Y48.171
G1 X66.755 Y47.631
G1 X67.086 Y47.388
G1 X67.556 Y47.365
G1 X67.943 Y47.560
G1 X68.159 Y47.927
G0 Z5.000 F500.000
G0 X57.334 Y50.158 F3000.000
G1 Z1.000 F500.000
G4 P100
G1 X57.468 Y50.180 F1000.000
G0 Z5.000 F500.000
G0 X69.933 Y48.084 F3000.000
G1 Z1.000 F500.000
G4 P100
G1 X70.012 Y48.682 F1000.000
G1 X70.256 Y49.049
G1 X70.729 Y49.168
G1 X71.107 Y48.975
G1 X71.272 Y48.299
G1 X71.163 Y47.809
G1 X70.942 Y47.505
G1 X70.548 Y47.387
G1 X70.237 Y47.452
G1 X70.031 Y47.682
G1 X69.933 Y48.084
G0 Z5.000 F500.000
G0 X72.562 Y49.282 F3000.000
G1 Z1.000 F500.000
G4 P100
G1 X72.411 Y49.126 F1000.000
G1 X72.256 Y48.442
G1 X72.342 Y47.922
G1 X72.298 Y47.394
G1 X72.342 Y47.922
G1 X72.636 Y48.106
G1 X73.168 Y48.906
G1 X73.536 Y49.003
G1 X73.624 Y49.113
G1 X73.536 Y49.003
G1 X73.724 Y48.398
G1 X73.677 Y48.305
G1 X73.929 Y48.486
G0 Z5.000 F500.000
G0 X75.529 Y49.213 F3000.000
G1 Z1.000 F500.000
G4 P100
G1 X76.002 Y49.182 F1000.000
G1 X76.135 Y49.294
G1 X76.166 Y49.881
G1 X76.472 Y50.826
G1 X76.767 Y51.191
G1 X77.099 Y51.193
G1 X77.226 Y50.881
G1 X77.182 Y50.410
G1 X76.574 Y49.296
G1 X76.925 Y49.226
G1 X77.346 Y49.306
G1 X76.925 Y49.226
G1 X76.135 Y49.294
G1 X76.047 Y49.198
G1 X76.037 Y48.424
G1 X76.129 Y47.812
G1 X76.362 Y47.467
G1 X76.825 Y47.387
G1 X77.197 Y47.634
G0 Z5.000 F500.000
G0 X78.896 Y47.724 F3000.000
G1 Z1.000 F500.000
G4 P100
G1 X79.120 Y48.970 F1000.000
G1 X78.685 Y49.223
G1 X78.302 Y49.065
G1 X77.982 Y48.725
G1 X77.785 Y48.271
G1 X77.747 Y47.791
G1 X77.845 Y47.518
G1 X78.037 Y47.377
G1 X78.280 Y47.388
G1 X78.591 Y47.649
G1 X78.896 Y47.724
G1 X78.932 Y47.428
G0 Z5.000 F500.000
G0 X80.267 Y48.869 F3000.000
G1 Z1.000 F500.000
G4 P100
G1 X80.570 Y48.947 F1000.000
G1 X80.921 Y49.208
G1 X81.234 Y49.110
G1 X81.440 Y48.909
G1 X81.564 Y48.542
G1 X81.545 Y48.091
G1 X81.405 Y47.715
G1 X81.158 Y47.459
G1 X80.789 Y47.368
G1 X80.446 Y47.516
G1 X80.252 Y47.863
G1 X80.197 Y48.402
G1 X80.278 Y49.613
G1 X80.525 Y50.711
G1 X80.844 Y51.391
G1 X81.217 Y51.570
G1 X81.460 Y51.353
G1 X81.494 Y50.846
G1 X81.342 Y50.268
G1 X80.921 Y49.482
G1 X80.921 Y49.208
G0 Z5.000 F500.000
G0 X82.649 Y48.373 F3000.000
G1 Z1.000 F500.000
G4 P100
G1 X82.901 Y48.469 F1000.000
G1 X83.080 Y48.666
G1 X83.740 Y50.123
G1 X83.864 Y51.142
G1 X83.768 Y51.448
G1 X83.580 Y51.569
G1 X83.329 Y51.501
G1 X83.121 Y51.250
G1 X82.721 Y50.077
G1 X82.550 Y48.735
G1 X82.649 Y48.373
G1 X82.599 Y47.979
G1 X82.716 Y47.649
G1 X82.989 Y47.409
G1 X83.384 Y47.398
G1 X83.624 Y47.519
G1 X83.963 Y47.908
G1 X84.993 Y48.271
G1 X85.225 Y48.555
G1 X85.258 Y48.895
G1 X85.104 Y49.134
G1 X84.781 Y49.206
G1 X84.406 Y49.038
G1 X84.142 Y48.639
G1 X84.068 Y48.186
G1 X84.202 Y47.643
G1 X84.534 Y47.391
G1 X85.004 Y47.363
G1 X85.398 Y47.560
G1 X85.614 Y47.927
G0 Z5.000 F500.000
G0 X87.552 Y48.869 F3000.000
G1 Z1.000 F500.000
G4 P100
G1 X87.855 Y48.947 F1000.000
G1 X88.206 Y49.208
G1 X88.519 Y49.110
G1 X88.725 Y48.909
G1 X88.849 Y48.542
G1 X88.830 Y48.091
G1 X88.690 Y47.715
G1 X88.443 Y47.459
G1 X88.074 Y47.368
G1 X87.731 Y47.516
G1 X87.537 Y47.863
G1 X87.482 Y48.402
G1 X87.563 Y49.613
G1 X87.810 Y50.711
G1 X88.129 Y51.391
G1 X88.502 Y51.570
G1 X88.745 Y51.353
G1 X88.779 Y50.846
G1 X88.627 Y50.268
G1 X88.206 Y49.482
G1 X88.206 Y49.208
G0 Z5.000 F500.000
G0 X89.830 Y48.675 F3000.000
G1 Z1.000 F500.000
G4 P100
G1 X89.995 Y48.974 F1000.000
G1 X90.231 Y49.127
G1 X90.629 Y49.157
G1 X90.914 Y48.993
G1 X91.093 Y48.314
G1 X90.989 Y47.823
G1 X90.779 Y47.518
G1 X90.288 Y47.386
G1 X89.924 Y47.564
G1 X89.751 Y48.098
G1 X89.830 Y48.675
G0 Z5.000 F500.000
G0 X92.382 Y49.282 F3000.000
G1 Z1.000 F500.000
G4 P100
G1 X92.231 Y49.126 F1000.000
G1 X92.076 Y48.442
G1 X92.162 Y47.922
G1 X92.118 Y47.394
G1 X92.162 Y47.922
G1 X92.456 Y48.106
G1 X92.988 Y48.906
G1 X93.356 Y49.003
G1 X93.444 Y49.113
G1 X93.356 Y49.003
G1 X93.544 Y48.398
G1 X93.497 Y48.305
G1 X93.749 Y48.486
G0 Z5.000 F500.000
G0 X95.523 Y49.169 F3000.000
G1 Z1.000 F500.000
G4 P100
G1 X95.905 Y51.183 F1000.000
G1 X96.093 Y51.491
G1 X96.434 Y51.522
G1 X96.589 Y51.176
G1 X96.560 Y50.543
G1 X96.018 Y48.927
G1 X95.560 Y48.661
G1 X95.449 Y48.853
G1 X95.489 Y49.211
G1 X95.033 Y49.162
G1 X94.744 Y48.994
G1 X94.342 Y48.344
G1 X94.286 Y47.938
G1 X94.381 Y47.549
G1 X94.543 Y47.395
G1 X94.773 Y47.380
G1 X95.565 Y47.787
G1 X95.750 Y47.353
G1 X95.564 Y47.795
G1 X95.585 Y48.771
G1 X96.689 Y47.998
G1 X97.047 Y47.998
G1 X97.598 Y48.173
G1 X97.930 Y48.453
G1 X98.030 Y48.808
G1 X97.888 Y49.117
G1 X97.541 Y49.206
G1 X97.166 Y49.038
G1 X96.902 Y48.639
G1 X96.828 Y48.186
G1 X96.962 Y47.643
G1 X97.294 Y47.391
G1 X97.764 Y47.363
G1 X98.158 Y47.560
G1 X98.374 Y47.927
G0 Z5.000 F500.000
G0 X99.197 Y49.282 F3000.000
G1 Z1.000 F500.000
G4 P100
G1 X99.046 Y49.126 F1000.000
G1 X98.891 Y48.442
G1 X98.977 Y47.922
G1 X98.933 Y47.394
G1 X98.977 Y47.922
G1 X99.276 Y48.111
G1 X99.723 Y48.843
G1 X100.259 Y49.113
G1 X100.171 Y49.003
G1 X100.359 Y48.398
G1 X100.312 Y48.305
G1 X100.564 Y48.486
G1 X100.661 Y48.436
G1 X100.675 Y47.589
G1 X100.739 Y47.573
G1 X101.416 Y48.504
G1 X101.657 Y48.678
G1 X101.771 Y49.158
G1 X101.938 Y49.313
G1 X101.771 Y49.158
G1 X101.657 Y48.678
G1 X102.127 Y48.055
G1 X102.207 Y47.655
G1 X101.985 Y47.364
G1 X101.577 Y47.365
G0 Z5.000 F500.000
G0 X103.048 Y46.564 F3000.000
G1 Z1.000 F500.000
G4 P100
G1 X103.348 Y47.651 F1000.000
G0 Z5.000 F500.000
G0 X103.514 Y48.986 F3000.000
G1 Z1.000 F500.000
G4 P100
G1 X103.514 Y48.989 F1000.000
G0 Z5.000 F500.000
G0 X106.217 Y49.282 F3000.000
G1 Z1.000 F500.000
G4 P100
G1 X106.066 Y49.126 F1000.000
G1 X105.911 Y48.442
G1 X105.997 Y47.922
G1 X105.953 Y47.394
G1 X105.997 Y47.922
G1 X106.291 Y48.106
G1 X106.823 Y48.906
G1 X107.191 Y49.003
G1 X107.279 Y49.113
G1 X107.191 Y49.003
G1 X107.379 Y48.398
G1 X107.332 Y48.305
G1 X107.584 Y48.486
G0 Z5.000 F500.000
G0 X108.132 Y48.389 F3000.000
G1 Z1.000 F500.000
G4 P100
G1 X108.247 Y48.803 F1000.000
G1 X108.464 Y49.066
G1 X108.855 Y49.172
G1 X109.164 Y49.095
G1 X109.366 Y48.850
G1 X109.458 Y48.430
G1 X109.286 Y47.685
G1 X108.964 Y47.425
G1 X108.409 Y47.460
G1 X108.169 Y47.804
G1 X108.132 Y48.389
G0 Z5.000 F500.000
G0 X110.114 Y49.213 F3000.000
G1 Z1.000 F500.000
G4 P100
G1 X110.587 Y49.182 F1000.000
G1 X110.720 Y49.294
G1 X110.751 Y49.881
G1 X111.057 Y50.826
G1 X111.352 Y51.191
G1 X111.684 Y51.193
G1 X111.811 Y50.881
G1 X111.767 Y50.410
G1 X111.159 Y49.296
G1 X111.510 Y49.226
G1 X111.931 Y49.306
G1 X111.510 Y49.226
G1 X110.720 Y49.294
G1 X110.632 Y49.198
G1 X110.622 Y48.424
G1 X110.714 Y47.812
G1 X110.947 Y47.467
G1 X111.410 Y47.387
G1 X111.782 Y47.634
G0 Z5.000 F500.000
G0 X113.481 Y47.724 F3000.000
G1 Z1.000 F500.000
G4 P100
G1 X113.705 Y48.970 F1000.000
G1 X113.270 Y49.223
G1 X112.887 Y49.065
G1 X112.567 Y48.725
G1 X112.370 Y48.271
G1 X112.332 Y47.791
G1 X112.430 Y47.518
G1 X112.622 Y47.377
G1 X112.865 Y47.388
G1 X113.176 Y47.649
G1 X113.481 Y47.724
G1 X113.517 Y47.428
G0 Z5.000 F500.000
G0 X114.429 Y49.213 F3000.000
G1 Z1.000 F500.000
G4 P100
G1 X114.902 Y49.182 F1000.000
G1 X115.035 Y49.294
G1 X115.056 Y49.838
G1 X115.340 Y50.760
G1 X115.613 Y51.154
G1 X115.936 Y51.228
G1 X116.112 Y50.975
G1 X116.095 Y50.460
G1 X115.474 Y49.296
G1 X115.825 Y49.226
G1 X116.246 Y49.306
G1 X115.825 Y49.226
G1 X115.035 Y49.294
G1 X114.947 Y49.198
G1 X114.956 Y48.162
G1 X115.130 Y47.601
G1 X115.400 Y47.400
G1 X115.768 Y47.397
G1 X116.348 Y47.863
G1 X117.536 Y48.262
G1 X117.777 Y48.548
G1 X117.813 Y48.895
G1 X117.653 Y49.138
G1 X117.328 Y49.205
G1 X116.956 Y49.033
G1 X116.694 Y48.632
G1 X116.623 Y48.179
G1 X116.761 Y47.637
G1 X117.096 Y47.388
G1 X117.566 Y47.365
G1 X117.953 Y47.560
G1 X118.169 Y47.927
G0 Z5.000 F500.000
G0 X119.858 Y49.169 F3000.000
G1 Z1.000 F500.000
G4 P100
G1 X120.240 Y51.183 F1000.000
G1 X120.428 Y51.491
G1 X120.769 Y51.522
G1 X120.924 Y51.176
G1 X120.895 Y50.543
G1 X120.360 Y48.940
G1 X119.895 Y48.661
G1 X119.784 Y48.853
G1 X119.818 Y49.213
G1 X119.347 Y49.156
G1 X119.030 Y48.950
G1 X118.780 Y48.617
G1 X118.654 Y48.229
G1 X118.632 Y47.851
G1 X118.792 Y47.451
G1 X119.007 Y47.369
G1 X119.328 Y47.442
G1 X119.900 Y47.787
G1 X120.085 Y47.353
G1 X119.899 Y47.795
G1 X119.895 Y48.661
G0 Z5.000 F500.000
G0 X122.452 Y47.360 F3000.000
G1 Z1.000 F500.000
G4 P100
G1 X122.755 Y49.068 F1000.000
G1 X122.853 Y49.206
G0 Z5.000 F500.000
G0 X124.139 Y49.296 F3000.000
G1 Z1.000 F500.000
G4 P100
G1 X123.963 Y49.107 F1000.000
G1 X123.827 Y48.494
G1 X123.858 Y47.411
G1 X123.902 Y47.929
G1 X124.205 Y48.127
G1 X124.615 Y48.840
G1 X125.021 Y49.007
G1 X125.124 Y48.785
G1 X125.082 Y48.241
G1 X125.167 Y47.956
G1 X125.096 Y47.397
G1 X125.167 Y47.956
G1 X125.463 Y48.151
G1 X125.912 Y48.865
G1 X126.370 Y48.989
G1 X126.423 Y48.620
G1 X126.307 Y47.419
G0 Z5.000 F500.000
G0 X128.611 Y47.724 F3000.000
G1 Z1.000 F500.000
G4 P100
G1 X128.835 Y48.970 F1000.000
G1 X128.400 Y49.223
G1 X128.017 Y49.065
G1 X127.697 Y48.725
G1 X127.500 Y48.271
G1 X127.462 Y47.791
G1 X127.560 Y47.518
G1 X127.752 Y47.377
G1 X127.995 Y47.388
G1 X128.306 Y47.649
G1 X128.611 Y47.724
G1 X128.647 Y47.428
G0 Z5.000 F500.000
G0 X130.760 Y46.835 F3000.000
G1 Z1.000 F500.000
G4 P100
G1 X130.426 Y46.755 F1000.000
G1 X129.745 Y46.034
G1 X129.555 Y45.495
G1 X129.710 Y45.143
G1 X130.022 Y45.104
G1 X130.301 Y45.307
G1 X130.542 Y45.740
G1 X130.772 Y46.482
G1 X130.760 Y46.835
G1 X130.935 Y47.292
G1 X130.904 Y47.614
G1 X130.152 Y47.368
G1 X129.911 Y47.523
G1 X129.807 Y47.846
G1 X129.849 Y48.268
G1 X130.011 Y48.667
G1 X130.273 Y48.990
G1 X130.590 Y49.183
G1 X130.811 Y49.221
G1 X131.176 Y48.977
G1 X130.905 Y47.493
G1 X132.779 Y48.097
G1 X133.159 Y48.312
G1 X133.358 Y48.603
G1 X133.359 Y48.944
G1 X133.181 Y49.156
G1 X132.859 Y49.201
G1 X132.494 Y49.013
G1 X132.247 Y48.611
G1 X132.184 Y48.171
G1 X132.325 Y47.631
G1 X132.656 Y47.388
G1 X133.126 Y47.365
G1 X133.513 Y47.560
G1 X133.729 Y47.927
G0 Z5.000 F500.000
G0 X122.904 Y50.158 F3000.000
G1 Z1.000 F500.000
G4 P100
G1 X123.038 Y50.180 F1000.000
G0 Z5.000 F500.000
G0 X20.872 Y39.185 F3000.000
G1 Z1.000 F500.000
G4 P100
G1 X20.721 Y39.029 F1000.000
G1 X20.566 Y38.345
G1 X20.652 Y37.825
G1 X20.608 Y37.297
G1 X20.652 Y37.825
G1 X20.951 Y38.014
G1 X21.398 Y38.746
G1 X21.934 Y39.016
G1 X21.846 Y38.906
G1 X22.034 Y38.301
G1 X21.987 Y38.208
G1 X22.239 Y38.389
G1 X22.379 Y38.366
G1 X22.639 Y37.958
G1 X22.805 Y37.873
G1 X23.387 Y38.018
G1 X23.761 Y38.255
G1 X23.940 Y38.600
G1 X23.867 Y38.951
G1 X23.639 Y39.097
G1 X23.326 Y39.082
G1 X23.054 Y38.916
G1 X22.850 Y38.623
G1 X22.743 Y38.169
G1 X22.807 Y37.713
G1 X23.121 Y37.331
G1 X23.475 Y37.249
G1 X23.847 Y37.317
G1 X24.134 Y37.526
G1 X24.289 Y37.830
G0 Z5.000 F500.000
G0 X25.129 Y39.199 F3000.000
G1 Z1.000 F500.000
G4 P100
G1 X24.953 Y39.010 F1000.000
G1 X24.817 Y38.397
G1 X24.848 Y37.314
G1 X24.892 Y37.832
G1 X25.195 Y38.030
G1 X25.605 Y38.743
G1 X26.011 Y38.910
G1 X26.114 Y38.688
G1 X26.072 Y38.144
G1 X26.157 Y37.859
G1 X26.086 Y37.300
G1 X26.157 Y37.859
G1 X26.453 Y38.054
G1 X26.902 Y38.768
G1 X27.360 Y38.892
G1 X27.413 Y38.523
G1 X27.297 Y37.322
G0 Z5.000 F500.000
G0 X29.601 Y37.627 F3000.000
G1 Z1.000 F500.000
G4 P100
G1 X29.818 Y38.892 F1000.000
G1 X29.419 Y39.129
G1 X28.878 Y38.860
G1 X28.483 Y38.146
G1 X28.448 Y37.738
G1 X28.545 Y37.427
G1 X28.707 Y37.293
G1 X28.915 Y37.271
G1 X29.302 Y37.555
G1 X29.601 Y37.627
G1 X29.693 Y37.188
G1 X30.061 Y37.103
G1 X30.793 Y37.293
G1 X30.958 Y38.531
G1 X31.143 Y39.109
G0 Z5.000 F500.000
G0 X32.399 Y39.177 F3000.000
G1 Z1.000 F500.000
G4 P100
G1 X32.236 Y38.923 F1000.000
G1 X32.123 Y38.401
G1 X32.150 Y37.302
G1 X32.158 Y37.825
G1 X32.530 Y38.052
G1 X32.907 Y38.716
G1 X33.469 Y38.906
G1 X33.491 Y39.001
G1 X33.344 Y37.377
G1 X33.456 Y37.233
G1 X33.628 Y37.212
G1 X34.159 Y37.476
G1 X34.836 Y38.407
G1 X35.077 Y38.581
G1 X35.191 Y39.061
G1 X35.358 Y39.216
G1 X35.191 Y39.061
G1 X35.077 Y38.581
G1 X35.547 Y37.958
G1 X35.627 Y37.558
G1 X35.405 Y37.267
G1 X34.997 Y37.268
G0 Z5.000 F500.000
G0 X31.194 Y40.061 F3000.000
G1 Z1.000 F500.000
G4 P100
G1 X31.328 Y40.083 F1000.000
G0 Z5.000 F500.000
G0 X38.352 Y39.185 F3000.000
G1 Z1.000 F500.000
G4 P100
G1 X38.201 Y39.029 F1000.000
G1 X38.046 Y38.345
G1 X38.132 Y37.825
G1 X38.088 Y37.297
G1 X38.132 Y37.825
G1 X38.426 Y38.009
G1 X38.958 Y38.809
G1 X39.326 Y38.906
G1 X39.414 Y39.016
G1 X39.326 Y38.906
G1 X39.514 Y38.301
G1 X39.467 Y38.208
G1 X39.719 Y38.389
G0 Z5.000 F500.000
G0 X40.267 Y38.292 F3000.000
G1 Z1.000 F500.000
G4 P100
G1 X40.382 Y38.706 F1000.000
G1 X40.599 Y38.969
G1 X40.990 Y39.075
G1 X41.299 Y38.998
G1 X41.501 Y38.753
G1 X41.593 Y38.333
G1 X41.421 Y37.588
G1 X41.099 Y37.328
G1 X40.544 Y37.363
G1 X40.304 Y37.707
G1 X40.267 Y38.292
G0 Z5.000 F500.000
G0 X42.249 Y39.116 F3000.000
G1 Z1.000 F500.000
G4 P100
G1 X42.722 Y39.085 F1000.000
G1 X42.855 Y39.197
G1 X42.886 Y39.784
G1 X43.192 Y40.729
G1 X43.487 Y41.094
G1 X43.819 Y41.096
G1 X43.946 Y40.784
G1 X43.902 Y40.313
G1 X43.294 Y39.199
G1 X43.645 Y39.129
G1 X44.066 Y39.209
G1 X43.645 Y39.129
G1 X42.855 Y39.197
G1 X42.767 Y39.101
G1 X42.757 Y38.327
G1 X42.849 Y37.715
G1 X43.082 Y37.370
G1 X43.545 Y37.290
G1 X43.917 Y37.537
G0 Z5.000 F500.000
G0 X45.616 Y37.627 F3000.000
G1 Z1.000 F500.000
G4 P100
G1 X45.840 Y38.873 F1000.000
G1 X45.405 Y39.126
G1 X45.022 Y38.968
G1 X44.702 Y38.628
G1 X44.505 Y38.174
G1 X44.467 Y37.694
G1 X44.565 Y37.421
G1 X44.757 Y37.280
G1 X45.000 Y37.291
G1 X45.311 Y37.552
G1 X45.616 Y37.627
G1 X45.652 Y37.331
G0 Z5.000 F500.000
G0 X46.564 Y39.116 F3000.000
G1 Z1.000 F500.000
G4 P100
G1 X47.037 Y39.085 F1000.000
G1 X47.170 Y39.197
G1 X47.191 Y39.741
G1 X47.475 Y40.663
G1 X47.748 Y41.057
G1 X48.071 Y41.131
G1 X48.247 Y40.878
G1 X48.230 Y40.363
G1 X47.609 Y39.199
G1 X47.960 Y39.129
G1 X48.381 Y39.209
G1 X47.960 Y39.129
G1 X47.170 Y39.197
G1 X47.082 Y39.101
G1 X47.091 Y38.065
G1 X47.265 Y37.504
G1 X47.535 Y37.303
G1 X47.903 Y37.300
G1 X48.483 Y37.766
G1 X49.671 Y38.165
G1 X49.912 Y38.451
G1 X49.948 Y38.798
G1 X49.788 Y39.041
G1 X49.463 Y39.108
G1 X49.091 Y38.936
G1 X48.829 Y38.535
G1 X48.758 Y38.082
G1 X48.896 Y37.540
G1 X49.231 Y37.291
G1 X49.701 Y37.268
G1 X50.088 Y37.463
G1 X50.304 Y37.830
G0 Z5.000 F500.000
G0 X51.993 Y39.072 F3000.000
G1 Z1.000 F500.000
G4 P100
G1 X52.375 Y41.086 F1000.000
G1 X52.563 Y41.394
G1 X52.904 Y41.425
G1 X53.059 Y41.079
G1 X53.030 Y40.446
G1 X52.495 Y38.843
G1 X52.030 Y38.564
G1 X51.919 Y38.756
G1 X51.953 Y39.116
G1 X51.482 Y39.059
G1 X51.165 Y38.853
G1 X50.915 Y38.520
G1 X50.789 Y38.132
G1 X50.767 Y37.754
G1 X50.927 Y37.354
G1 X51.142 Y37.272
G1 X51.463 Y37.345
G1 X52.035 Y37.690
G1 X52.220 Y37.256
G1 X52.034 Y37.698
G1 X52.030 Y38.564
G0 Z5.000 F500.000
G0 X53.418 Y37.451 F3000.000
G1 Z1.000 F500.000
G4 P100
G1 X53.455 Y37.488 F1000.000
G0 Z5.000 F500.000
G0 X82.596 Y16.423 F3000.000
G1 Z1.000 F500.000
G4 P100
G1 X83.133 Y16.542 F1000.000
G1 X83.202 Y16.434
G1 X82.959 Y14.765
G0 Z5.000 F500.000
G0 X84.072 Y15.021 F3000.000
G1 Z1.000 F500.000
G4 P100
G1 X84.316 Y14.734 F1000.000
G1 X84.787 Y14.700
G1 X85.154 Y14.926
G1 X85.375 Y15.354
G1 X85.373 Y15.827
G1 X84.739 Y15.582
G1 X84.485 Y15.623
G1 X84.294 Y15.773
G1 X84.225 Y16.210
G1 X84.476 Y16.549
G1 X84.851 Y16.640
G1 X85.195 Y16.526
G1 X85.375 Y16.239
G1 X85.373 Y15.827
G0 Z5.000 F500.000
M400
M84
; End
