; Generated by plotter-processor
; Page 1/20
; Motion profile: safe
; Draw feed: 1000.000 mm/min
; Travel feed: 3000.000 mm/min
; Z feed: 500.000 mm/min
; Pen Z: down=1.000 up=5.000
; Down settle: 100 ms
; Estimated ideal time: 862.682905 s
G21
G90
G0 Z5.000 F500.000
G0 X38.913 Y203.034 F3000.000
G1 Z1.000 F500.000
G4 P100
G1 X38.623 Y201.407 F1000.000
G1 X38.502 Y200.997
G1 X38.309 Y200.704
G1 X38.043 Y200.528
G1 X37.705 Y200.469
G1 X37.309 Y200.530
G1 X36.946 Y200.712
G1 X36.633 Y201.019
G1 X36.389 Y201.454
G1 X36.232 Y202.011
G1 X36.180 Y202.683
G1 X36.290 Y203.949
G1 X36.622 Y205.008
G1 X37.140 Y205.844
G1 X37.810 Y206.439
G1 X38.594 Y206.796
G1 X39.453 Y206.915
G1 X40.040 Y206.860
G1 X40.530 Y206.692
G1 X40.918 Y206.430
G1 X41.198 Y206.088
G1 X41.368 Y205.683
G1 X41.424 Y205.228
G1 X41.350 Y204.678
G1 X41.127 Y204.175
G1 X40.763 Y203.739
G1 X40.263 Y203.392
G1 X39.642 Y203.150
G1 X38.913 Y203.034
G0 Z5.000 F500.000
G0 X39.640 Y203.885 F3000.000
G1 Z1.000 F500.000
G4 P100
G1 X40.073 Y204.176 F1000.000
G1 X40.332 Y204.604
G1 X40.419 Y205.167
G1 X40.345 Y205.571
G1 X40.125 Y205.893
G1 X39.751 Y206.103
G1 X39.217 Y206.173
G1 X38.567 Y206.063
G1 X38.006 Y205.734
G1 X37.548 Y205.210
G1 X37.209 Y204.516
G1 X36.999 Y203.681
G1 X36.929 Y202.737
G1 X37.013 Y201.994
G1 X37.229 Y201.492
G1 X37.482 Y201.313
G1 X37.631 Y201.429
G1 X37.962 Y203.054
G1 X37.469 Y203.213
G1 X37.408 Y203.446
G1 X37.493 Y203.682
G1 X37.725 Y203.770
G1 X38.076 Y203.729
G1 X38.326 Y205.140
G1 X38.512 Y205.467
G1 X38.853 Y205.565
G1 X39.173 Y205.481
G1 X39.271 Y205.214
G1 X39.035 Y203.729
G1 X39.640 Y203.885
G0 Z5.000 F500.000
G0 X41.105 Y202.088 F3000.000
G1 Z1.000 F500.000
G4 P100
G1 X41.343 Y202.335 F1000.000
G1 X41.713 Y202.500
G1 X42.275 Y202.555
G1 X42.477 Y205.135
G1 X42.639 Y205.633
G1 X42.881 Y206.039
G1 X43.200 Y206.382
G1 X43.908 Y206.790
G1 X44.752 Y206.929
G1 X45.397 Y206.834
G1 X45.873 Y206.551
G1 X46.166 Y206.115
G1 X46.264 Y205.565
G1 X46.116 Y204.900
G1 X45.938 Y204.711
G1 X45.704 Y204.647
G1 X45.407 Y204.738
G1 X45.299 Y204.998
G1 X45.325 Y205.812
G1 X45.201 Y206.007
G1 X44.993 Y206.131
G1 X44.698 Y206.173
G1 X44.172 Y206.076
G1 X43.780 Y205.785
G1 X43.515 Y205.286
G1 X43.368 Y204.566
G1 X43.125 Y202.474
G1 X45.144 Y202.062
G1 X45.815 Y202.194
G1 X46.527 Y202.710
G1 X46.666 Y202.629
G1 X46.716 Y202.406
G1 X46.588 Y201.988
G1 X46.216 Y201.603
G1 X45.856 Y201.353
G1 X45.465 Y201.217
G1 X45.002 Y201.171
G1 X44.354 Y201.259
G1 X42.889 Y201.799
G1 X42.459 Y201.328
G1 X41.856 Y201.171
G1 X41.516 Y201.214
G1 X41.252 Y201.343
G1 X41.083 Y201.540
G1 X41.026 Y201.785
G1 X41.105 Y202.088
G0 Z5.000 F500.000
G0 X46.349 Y202.809 F3000.000
G1 Z1.000 F500.000
G4 P100
G1 X46.278 Y203.486 F1000.000
G1 X46.371 Y204.452
G1 X46.652 Y205.295
G1 X47.094 Y205.989
G1 X47.672 Y206.504
G1 X48.351 Y206.822
G1 X49.099 Y206.929
G1 X49.670 Y206.861
G1 X50.183 Y206.659
G1 X50.615 Y206.325
G1 X50.949 Y205.866
G1 X51.161 Y205.291
G1 X51.232 Y204.613
G1 X51.138 Y203.648
G1 X50.858 Y202.804
G1 X50.415 Y202.111
G1 X49.838 Y201.596
G1 X49.159 Y201.277
G1 X48.411 Y201.171
G1 X47.839 Y201.238
G1 X47.327 Y201.441
G1 X46.894 Y201.774
G1 X46.561 Y202.234
G1 X46.349 Y202.809
G0 Z5.000 F500.000
G0 X47.354 Y202.895 F3000.000
G1 Z1.000 F500.000
G4 P100
G1 X47.607 Y202.383 F1000.000
G1 X47.994 Y202.071
G1 X48.478 Y201.968
G1 X48.973 Y202.048
G1 X49.406 Y202.291
G1 X49.761 Y202.679
G1 X50.024 Y203.193
G1 X50.186 Y203.808
G1 X50.240 Y204.499
G1 X50.156 Y205.205
G1 X49.902 Y205.717
G1 X49.516 Y206.028
G1 X49.032 Y206.132
G1 X48.542 Y206.052
G1 X48.114 Y205.812
G1 X47.759 Y205.427
G1 X47.493 Y204.914
G1 X47.326 Y204.297
G1 X47.270 Y203.601
G1 X47.354 Y202.895
G0 Z5.000 F500.000
G0 X51.678 Y204.846 F3000.000
G1 Z1.000 F500.000
G4 P100
G1 X51.590 Y205.329 F1000.000
G1 X51.684 Y205.846
G1 X51.965 Y206.250
G1 X52.437 Y206.552
G1 X53.105 Y206.760
G1 X53.980 Y206.881
G1 X56.258 Y206.895
G1 X57.030 Y206.807
G1 X57.344 Y206.666
G1 X57.449 Y206.429
G1 X57.324 Y206.105
G1 X56.929 Y206.024
G1 X55.086 Y206.112
G1 X54.627 Y203.614
G1 X54.364 Y201.576
G1 X54.202 Y201.276
G1 X53.844 Y201.171
G1 X53.500 Y201.279
G1 X53.379 Y201.562
G1 X53.662 Y203.601
G1 X54.128 Y206.105
G1 X53.088 Y205.997
G1 X52.552 Y205.751
G1 X52.393 Y205.343
G1 X52.555 Y204.803
G1 X52.403 Y204.563
G1 X52.089 Y204.452
G1 X51.900 Y204.519
G1 X51.678 Y204.846
G0 Z5.000 F500.000
G0 X56.295 Y205.329 F3000.000
G1 Z1.000 F500.000
G4 P100
G1 X56.388 Y205.846 F1000.000
G1 X56.669 Y206.250
G1 X57.142 Y206.552
G1 X57.810 Y206.760
G1 X58.685 Y206.881
G1 X60.962 Y206.895
G1 X61.735 Y206.807
G1 X62.049 Y206.666
G1 X62.154 Y206.429
G1 X62.029 Y206.105
G1 X61.634 Y206.024
G1 X59.791 Y206.112
G1 X59.332 Y203.614
G1 X59.069 Y201.576
G1 X58.907 Y201.276
G1 X58.549 Y201.171
G1 X58.205 Y201.279
G1 X58.083 Y201.562
G1 X58.367 Y203.601
G1 X58.833 Y206.105
G1 X57.793 Y205.997
G1 X57.257 Y205.751
G1 X57.098 Y205.343
G1 X57.260 Y204.803
G1 X57.108 Y204.563
G1 X56.794 Y204.452
G1 X56.605 Y204.519
G1 X56.382 Y204.846
G1 X56.295 Y205.329
G0 Z5.000 F500.000
G0 X61.066 Y203.193 F3000.000
G1 Z1.000 F500.000
G4 P100
G1 X61.347 Y203.645 F1000.000
G1 X61.810 Y203.997
G1 X62.451 Y204.236
G1 X62.099 Y204.394
G1 X61.840 Y204.641
G1 X61.680 Y204.948
G1 X61.627 Y205.288
G1 X61.704 Y205.747
G1 X61.934 Y206.149
G1 X62.295 Y206.481
G1 X62.761 Y206.726
G1 X63.306 Y206.878
G1 X63.902 Y206.929
G1 X64.634 Y206.838
G1 X65.157 Y206.568
G1 X65.471 Y206.153
G1 X65.576 Y205.633
G1 X65.540 Y205.272
G1 X65.431 Y204.988
G1 X65.254 Y204.803
G1 X65.016 Y204.742
G1 X64.719 Y204.826
G1 X64.611 Y205.079
G1 X64.678 Y205.633
G1 X64.633 Y205.853
G1 X64.496 Y206.028
G1 X64.253 Y206.142
G1 X63.888 Y206.179
G1 X63.372 Y206.119
G1 X62.970 Y205.936
G1 X62.712 Y205.651
G1 X62.626 Y205.282
G1 X62.691 Y204.992
G1 X62.886 Y204.759
G1 X63.228 Y204.599
G1 X63.942 Y204.465
G1 X64.003 Y204.262
G1 X63.902 Y203.927
G1 X62.670 Y203.655
G1 X62.353 Y203.494
G1 X62.137 Y203.294
G1 X61.971 Y202.825
G1 X62.069 Y202.458
G1 X62.363 Y202.194
G1 X62.869 Y202.034
G1 X63.605 Y201.981
G1 X64.790 Y202.113
G1 X66.028 Y202.474
G1 X66.190 Y202.393
G1 X66.244 Y202.184
G1 X66.146 Y201.839
G1 X65.812 Y201.583
G1 X64.779 Y201.282
G1 X63.531 Y201.171
G1 X62.749 Y201.219
G1 X62.106 Y201.363
G1 X61.606 Y201.592
G1 X61.252 Y201.893
G1 X61.042 Y202.253
G1 X60.972 Y202.656
G1 X61.066 Y203.193
G0 Z5.000 F500.000
G0 X65.765 Y203.263 F3000.000
G1 Z1.000 F500.000
G4 P100
G1 X65.864 Y204.320 F1000.000
G1 X66.160 Y205.221
G1 X66.634 Y205.947
G1 X67.267 Y206.480
G1 X68.034 Y206.806
G1 X68.910 Y206.915
G1 X69.506 Y206.866
G1 X69.997 Y206.719
G1 X70.379 Y206.487
G1 X70.648 Y206.179
G1 X70.808 Y205.813
G1 X70.861 Y205.403
G1 X70.682 Y204.664
G1 X70.459 Y204.324
G1 X69.749 Y203.785
G1 X69.275 Y203.614
G1 X69.774 Y203.331
G1 X70.500 Y202.163
G1 X70.700 Y202.022
G1 X70.929 Y201.974
G1 X71.340 Y202.119
G1 X72.015 Y202.710
G1 X72.154 Y202.629
G1 X72.204 Y202.406
G1 X72.076 Y201.988
G1 X71.421 Y201.384
G1 X71.060 Y201.224
G1 X70.638 Y201.171
G1 X70.233 Y201.230
G1 X69.892 Y201.407
G1 X69.593 Y201.728
G1 X68.958 Y202.896
G1 X68.704 Y203.209
G1 X68.397 Y203.324
G1 X68.073 Y201.658
G1 X67.905 Y201.390
G1 X67.650 Y201.226
G1 X67.290 Y201.171
G1 X66.864 Y201.238
G1 X66.490 Y201.438
G1 X66.183 Y201.757
G1 X65.954 Y202.180
G1 X65.812 Y202.689
G1 X65.765 Y203.263
G0 Z5.000 F500.000
G0 X66.588 Y202.568 F3000.000
G1 Z1.000 F500.000
G4 P100
G1 X66.804 Y202.102 F1000.000
G1 X67.047 Y201.947
G1 X67.192 Y202.035
G1 X67.466 Y203.331
G1 X67.152 Y203.439
G1 X67.068 Y203.682
G1 X67.172 Y203.939
G1 X67.581 Y204.033
G1 X67.783 Y205.174
G1 X67.969 Y205.503
G1 X68.350 Y205.613
G1 X68.639 Y205.526
G1 X68.728 Y205.154
G1 X68.526 Y204.033
G1 X69.191 Y204.208
G1 X69.460 Y204.394
G1 X69.804 Y204.936
G1 X69.849 Y205.268
G1 X69.776 Y205.648
G1 X69.558 Y205.936
G1 X69.201 Y206.119
G1 X68.708 Y206.179
G1 X68.088 Y206.098
G1 X67.550 Y205.852
G1 X67.109 Y205.445
G1 X66.777 Y204.880
G1 X66.570 Y204.165
G1 X66.501 Y203.311
G1 X66.588 Y202.568
G0 Z5.000 F500.000
G0 X73.116 Y202.109 F3000.000
G1 Z1.000 F500.000
G4 P100
G1 X73.193 Y202.393 F1000.000
G1 X73.386 Y202.514
G1 X73.544 Y202.460
G1 X74.106 Y201.932
G1 X74.547 Y201.826
G1 X74.900 Y201.904
G1 X75.191 Y202.140
G1 X75.405 Y202.544
G1 X75.566 Y203.500
G1 X74.975 Y203.588
G1 X74.864 Y203.837
G1 X74.972 Y204.158
G1 X75.289 Y204.269
G1 X75.660 Y204.276
G1 X75.836 Y206.078
G1 X74.810 Y205.842
G1 X74.587 Y205.633
G1 X74.513 Y205.343
G1 X74.688 Y204.782
G1 X74.553 Y204.570
G1 X74.250 Y204.478
G1 X73.939 Y204.587
G1 X73.784 Y204.863
G1 X73.710 Y205.329
G1 X73.763 Y205.719
G1 X73.925 Y206.051
G1 X74.194 Y206.326
G1 X74.570 Y206.544
G1 X75.629 Y206.827
G1 X77.085 Y206.922
G1 X79.110 Y206.800
G1 X79.370 Y206.686
G1 X79.409 Y206.255
G1 X79.316 Y206.115
G1 X78.941 Y206.024
G1 X76.781 Y206.119
G1 X76.612 Y204.296
G1 X77.773 Y204.316
G1 X78.107 Y204.229
G1 X78.192 Y203.993
G1 X78.158 Y203.787
G1 X77.893 Y203.533
G1 X76.518 Y203.500
G1 X76.255 Y202.256
G1 X75.873 Y201.623
G1 X75.324 Y201.269
G1 X74.601 Y201.151
G1 X74.160 Y201.201
G1 X73.423 Y201.570
G1 X73.190 Y201.832
G1 X73.116 Y202.109
G0 Z5.000 F500.000
G0 X79.022 Y202.325 F3000.000
G1 Z1.000 F500.000
G4 P100
G1 X79.643 Y205.802 F1000.000
G1 X79.579 Y206.044
G1 X79.407 Y206.125
G1 X78.934 Y205.933
G1 X78.158 Y205.214
G1 X77.992 Y205.305
G1 X77.922 Y205.511
G1 X78.111 Y205.984
G1 X78.470 Y206.397
G1 X78.858 Y206.692
G1 X79.276 Y206.870
G1 X79.724 Y206.929
G1 X80.091 Y206.866
G1 X80.368 Y206.679
G1 X80.543 Y206.370
G1 X80.601 Y205.943
G1 X80.554 Y205.309
G1 X79.994 Y202.501
G1 X80.115 Y202.156
G1 X80.460 Y202.028
G1 X80.867 Y202.136
G1 X81.280 Y202.460
G1 X81.680 Y203.025
G1 X82.049 Y203.854
G1 X82.364 Y204.950
G1 X82.738 Y206.794
G1 X83.092 Y206.929
G1 X83.443 Y206.787
G1 X83.558 Y206.328
G1 X83.514 Y205.849
G1 X83.038 Y202.541
G1 X83.163 Y202.119
G1 X83.497 Y201.974
G1 X83.932 Y202.123
G1 X84.435 Y202.615
G1 X84.618 Y202.710
G1 X84.756 Y202.629
G1 X84.807 Y202.406
G1 X84.678 Y201.988
G1 X84.329 Y201.620
G1 X83.983 Y201.367
G1 X83.261 Y201.171
G1 X82.766 Y201.243
G1 X82.404 Y201.458
G1 X82.181 Y201.788
G1 X82.107 Y202.204
G1 X82.215 Y203.203
G1 X81.832 Y202.329
G1 X81.361 Y201.691
G1 X80.805 Y201.301
G1 X80.169 Y201.171
G1 X79.672 Y201.249
G1 X79.312 Y201.485
G1 X79.094 Y201.852
G1 X79.022 Y202.325
G0 Z5.000 F500.000
G0 X83.659 Y201.785 F3000.000
G1 Z1.000 F500.000
G4 P100
G1 X83.738 Y202.088 F1000.000
G1 X83.976 Y202.335
G1 X84.346 Y202.500
G1 X84.908 Y202.555
G1 X85.110 Y205.135
G1 X85.272 Y205.633
G1 X85.514 Y206.039
G1 X85.833 Y206.382
G1 X86.541 Y206.790
G1 X87.385 Y206.929
G1 X88.030 Y206.834
G1 X88.506 Y206.551
G1 X88.799 Y206.115
G1 X88.897 Y205.565
G1 X88.749 Y204.900
G1 X88.571 Y204.711
G1 X88.337 Y204.647
G1 X88.040 Y204.738
G1 X87.932 Y204.998
G1 X87.958 Y205.812
G1 X87.834 Y206.007
G1 X87.626 Y206.131
G1 X87.331 Y206.173
G1 X86.805 Y206.076
G1 X86.413 Y205.785
G1 X86.148 Y205.286
G1 X86.001 Y204.566
G1 X85.758 Y202.474
G1 X87.777 Y202.062
G1 X88.448 Y202.194
G1 X89.160 Y202.710
G1 X89.299 Y202.629
G1 X89.349 Y202.406
G1 X89.221 Y201.988
G1 X88.849 Y201.603
G1 X88.489 Y201.353
G1 X88.098 Y201.217
G1 X87.635 Y201.171
G1 X86.987 Y201.259
G1 X85.522 Y201.799
G1 X85.092 Y201.328
G1 X84.489 Y201.171
G1 X84.149 Y201.214
G1 X83.885 Y201.343
G1 X83.716 Y201.540
G1 X83.659 Y201.785
G0 Z5.000 F500.000
G0 X88.202 Y201.785 F3000.000
G1 Z1.000 F500.000
G4 P100
G1 X88.281 Y202.088 F1000.000
G1 X88.519 Y202.335
G1 X88.889 Y202.500
G1 X89.451 Y202.555
G1 X89.653 Y205.135
G1 X89.815 Y205.633
G1 X90.056 Y206.039
G1 X90.375 Y206.382
G1 X91.084 Y206.790
G1 X91.928 Y206.929
G1 X92.572 Y206.834
G1 X93.048 Y206.551
G1 X93.342 Y206.115
G1 X93.440 Y205.565
G1 X93.291 Y204.900
G1 X93.114 Y204.711
G1 X92.880 Y204.647
G1 X92.583 Y204.738
G1 X92.475 Y204.998
G1 X92.501 Y205.812
G1 X92.377 Y206.007
G1 X92.168 Y206.131
G1 X91.874 Y206.173
G1 X91.347 Y206.076
G1 X90.956 Y205.785
G1 X90.691 Y205.286
G1 X90.544 Y204.566
G1 X90.301 Y202.474
G1 X92.319 Y202.062
G1 X92.991 Y202.194
G1 X93.703 Y202.710
G1 X93.841 Y202.629
G1 X93.892 Y202.406
G1 X93.764 Y201.988
G1 X93.392 Y201.603
G1 X93.031 Y201.353
G1 X92.641 Y201.217
G1 X92.178 Y201.171
G1 X91.530 Y201.259
G1 X90.065 Y201.799
G1 X89.635 Y201.328
G1 X89.032 Y201.171
G1 X88.692 Y201.214
G1 X88.428 Y201.343
G1 X88.258 Y201.540
G1 X88.202 Y201.785
G0 Z5.000 F500.000
G0 X95.173 Y202.011 F3000.000
G1 Z1.000 F500.000
G4 P100
G1 X95.121 Y202.683 F1000.000
G1 X95.231 Y203.949
G1 X95.563 Y205.008
G1 X96.081 Y205.844
G1 X96.751 Y206.439
G1 X97.535 Y206.796
G1 X98.394 Y206.915
G1 X98.981 Y206.860
G1 X99.471 Y206.692
G1 X99.859 Y206.430
G1 X100.139 Y206.088
G1 X100.309 Y205.683
G1 X100.365 Y205.228
G1 X100.291 Y204.678
G1 X100.068 Y204.175
G1 X99.704 Y203.739
G1 X99.204 Y203.392
G1 X98.583 Y203.150
G1 X97.854 Y203.034
G1 X97.564 Y201.407
G1 X97.443 Y200.997
G1 X97.250 Y200.704
G1 X96.984 Y200.528
G1 X96.646 Y200.469
G1 X96.250 Y200.530
G1 X95.887 Y200.712
G1 X95.574 Y201.019
G1 X95.330 Y201.454
G1 X95.173 Y202.011
G0 Z5.000 F500.000
G0 X95.954 Y201.994 F3000.000
G1 Z1.000 F500.000
G4 P100
G1 X96.170 Y201.492 F1000.000
G1 X96.423 Y201.313
G1 X96.572 Y201.429
G1 X96.903 Y203.054
G1 X96.410 Y203.213
G1 X96.349 Y203.446
G1 X96.434 Y203.682
G1 X96.666 Y203.770
G1 X97.017 Y203.729
G1 X97.267 Y205.140
G1 X97.453 Y205.467
G1 X97.794 Y205.565
G1 X98.114 Y205.481
G1 X98.212 Y205.214
G1 X97.976 Y203.729
G1 X98.581 Y203.885
G1 X99.014 Y204.176
G1 X99.273 Y204.604
G1 X99.360 Y205.167
G1 X99.286 Y205.571
G1 X99.066 Y205.893
G1 X98.692 Y206.103
G1 X98.158 Y206.173
G1 X97.508 Y206.063
G1 X96.947 Y205.734
G1 X96.489 Y205.210
G1 X96.150 Y204.516
G1 X95.940 Y203.681
G1 X95.870 Y202.737
G1 X95.954 Y201.994
G0 Z5.000 F500.000
G0 X100.183 Y201.617 F3000.000
G1 Z1.000 F500.000
G4 P100
G1 X100.345 Y201.779 F1000.000
G1 X100.605 Y201.881
G1 X101.270 Y201.927
G1 X101.675 Y204.485
G1 X101.918 Y206.099
G1 X101.351 Y206.092
G1 X101.017 Y206.169
G1 X100.926 Y206.389
G1 X100.967 Y206.592
G1 X101.091 Y206.741
G1 X101.587 Y206.881
G1 X103.578 Y206.888
G1 X103.875 Y206.804
G1 X103.997 Y206.598
G1 X103.862 Y206.250
G1 X103.477 Y206.119
G1 X102.883 Y206.112
G1 X102.235 Y201.954
G1 X103.106 Y201.866
G1 X103.234 Y201.583
G1 X103.096 Y201.286
G1 X102.708 Y201.164
G1 X101.729 Y201.191
G1 X100.480 Y201.083
G1 X100.230 Y201.164
G1 X100.129 Y201.400
G1 X100.183 Y201.617
G0 Z5.000 F500.000
G0 X103.948 Y202.011 F3000.000
G1 Z1.000 F500.000
G4 P100
G1 X103.896 Y202.683 F1000.000
G1 X104.006 Y203.949
G1 X104.338 Y205.008
G1 X104.856 Y205.844
G1 X105.526 Y206.439
G1 X106.310 Y206.796
G1 X107.169 Y206.915
G1 X107.756 Y206.860
G1 X108.246 Y206.692
G1 X108.634 Y206.430
G1 X108.914 Y206.088
G1 X109.084 Y205.683
G1 X109.140 Y205.228
G1 X109.066 Y204.678
G1 X108.843 Y204.175
G1 X108.479 Y203.739
G1 X107.979 Y203.392
G1 X107.358 Y203.150
G1 X106.629 Y203.034
G1 X106.339 Y201.407
G1 X106.218 Y200.997
G1 X106.025 Y200.704
G1 X105.759 Y200.528
G1 X105.421 Y200.469
G1 X105.025 Y200.530
G1 X104.662 Y200.712
G1 X104.349 Y201.019
G1 X104.105 Y201.454
G1 X103.948 Y202.011
G0 Z5.000 F500.000
G0 X104.729 Y201.994 F3000.000
G1 Z1.000 F500.000
G4 P100
G1 X104.945 Y201.492 F1000.000
G1 X105.198 Y201.313
G1 X105.347 Y201.429
G1 X105.678 Y203.054
G1 X105.185 Y203.213
G1 X105.124 Y203.446
G1 X105.209 Y203.682
G1 X105.441 Y203.770
G1 X105.792 Y203.729
G1 X106.042 Y205.140
G1 X106.228 Y205.467
G1 X106.569 Y205.565
G1 X106.889 Y205.481
G1 X106.987 Y205.214
G1 X106.751 Y203.729
G1 X107.356 Y203.885
G1 X107.789 Y204.176
G1 X108.048 Y204.604
G1 X108.135 Y205.167
G1 X108.061 Y205.571
G1 X107.841 Y205.893
G1 X107.467 Y206.103
G1 X106.933 Y206.173
G1 X106.283 Y206.063
G1 X105.722 Y205.734
G1 X105.264 Y205.210
G1 X104.925 Y204.516
G1 X104.715 Y203.681
G1 X104.645 Y202.737
G1 X104.729 Y201.994
G0 Z5.000 F500.000
G0 X109.228 Y202.656 F3000.000
G1 Z1.000 F500.000
G4 P100
G1 X109.322 Y203.193 F1000.000
G1 X109.603 Y203.645
G1 X110.066 Y203.997
G1 X110.706 Y204.236
G1 X110.355 Y204.394
G1 X110.096 Y204.641
G1 X109.936 Y204.948
G1 X109.883 Y205.288
G1 X109.960 Y205.747
G1 X110.190 Y206.149
G1 X110.550 Y206.481
G1 X111.017 Y206.726
G1 X111.562 Y206.878
G1 X112.158 Y206.929
G1 X112.890 Y206.838
G1 X113.413 Y206.568
G1 X113.727 Y206.153
G1 X113.832 Y205.633
G1 X113.686 Y204.988
G1 X113.510 Y204.803
G1 X113.271 Y204.742
G1 X112.974 Y204.826
G1 X112.866 Y205.079
G1 X112.934 Y205.633
G1 X112.888 Y205.853
G1 X112.752 Y206.028
G1 X112.509 Y206.142
G1 X111.628 Y206.119
G1 X111.226 Y205.936
G1 X110.968 Y205.651
G1 X110.882 Y205.282
G1 X110.947 Y204.992
G1 X111.142 Y204.759
G1 X111.483 Y204.599
G1 X112.198 Y204.465
G1 X112.259 Y204.262
G1 X112.158 Y203.927
G1 X110.926 Y203.655
G1 X110.609 Y203.494
G1 X110.393 Y203.294
G1 X110.227 Y202.825
G1 X110.325 Y202.458
G1 X110.619 Y202.194
G1 X111.125 Y202.034
G1 X111.861 Y201.981
G1 X113.045 Y202.113
G1 X114.284 Y202.474
G1 X114.446 Y202.393
G1 X114.500 Y202.184
G1 X114.402 Y201.839
G1 X114.068 Y201.583
G1 X113.035 Y201.282
G1 X111.786 Y201.171
G1 X111.005 Y201.219
G1 X110.362 Y201.363
G1 X109.862 Y201.592
G1 X109.508 Y201.893
G1 X109.298 Y202.253
G1 X109.228 Y202.656
G0 Z5.000 F500.000
G0 X113.373 Y201.785 F3000.000
G1 Z1.000 F500.000
G4 P100
G1 X113.452 Y202.088 F1000.000
G1 X113.690 Y202.335
G1 X114.059 Y202.500
G1 X114.621 Y202.555
G1 X114.824 Y205.135
G1 X114.986 Y205.633
G1 X115.227 Y206.039
G1 X115.546 Y206.382
G1 X116.255 Y206.790
G1 X117.099 Y206.929
G1 X117.743 Y206.834
G1 X118.219 Y206.551
G1 X118.513 Y206.115
G1 X118.611 Y205.565
G1 X118.462 Y204.900
G1 X118.285 Y204.711
G1 X118.050 Y204.647
G1 X117.753 Y204.738
G1 X117.645 Y204.998
G1 X117.672 Y205.812
G1 X117.547 Y206.007
G1 X117.339 Y206.131
G1 X117.045 Y206.173
G1 X116.518 Y206.076
G1 X116.127 Y205.785
G1 X115.862 Y205.286
G1 X115.715 Y204.566
G1 X115.472 Y202.474
G1 X117.490 Y202.062
G1 X118.162 Y202.194
G1 X118.874 Y202.710
G1 X119.012 Y202.629
G1 X119.063 Y202.406
G1 X118.935 Y201.988
G1 X118.563 Y201.603
G1 X118.202 Y201.353
G1 X117.812 Y201.217
G1 X117.348 Y201.171
G1 X116.700 Y201.259
G1 X115.236 Y201.799
G1 X114.805 Y201.328
G1 X114.203 Y201.171
G1 X113.863 Y201.214
G1 X113.599 Y201.343
G1 X113.429 Y201.540
G1 X113.373 Y201.785
G0 Z5.000 F500.000
G0 X118.077 Y201.400 F3000.000
G1 Z1.000 F500.000
G4 P100
G1 X118.131 Y201.617 F1000.000
G1 X118.293 Y201.779
G1 X118.553 Y201.881
G1 X119.218 Y201.927
G1 X119.866 Y206.099
G1 X119.299 Y206.092
G1 X118.965 Y206.169
G1 X118.874 Y206.389
G1 X118.915 Y206.592
G1 X119.039 Y206.741
G1 X119.535 Y206.881
G1 X121.527 Y206.888
G1 X121.824 Y206.804
G1 X121.945 Y206.598
G1 X121.810 Y206.250
G1 X121.425 Y206.119
G1 X120.831 Y206.112
G1 X120.183 Y201.954
G1 X121.054 Y201.866
G1 X121.182 Y201.583
G1 X121.044 Y201.286
G1 X120.656 Y201.164
G1 X119.677 Y201.191
G1 X118.428 Y201.083
G1 X118.179 Y201.164
G1 X118.077 Y201.400
G0 Z5.000 F500.000
G0 X122.634 Y201.704 F3000.000
G1 Z1.000 F500.000
G4 P100
G1 X123.160 Y205.788 F1000.000
G1 X123.104 Y206.016
G1 X122.937 Y206.092
G1 X122.516 Y205.913
G1 X121.763 Y205.214
G1 X121.598 Y205.305
G1 X121.527 Y205.511
G1 X121.716 Y205.984
G1 X122.065 Y206.385
G1 X122.451 Y206.682
G1 X122.867 Y206.867
G1 X123.302 Y206.929
G1 X123.627 Y206.871
G1 X123.859 Y206.699
G1 X123.998 Y206.417
G1 X124.044 Y206.031
G1 X123.936 Y204.897
G1 X124.319 Y205.775
G1 X124.794 Y206.412
G1 X125.359 Y206.800
G1 X126.015 Y206.929
G1 X126.501 Y206.850
G1 X126.849 Y206.615
G1 X127.059 Y206.248
G1 X127.129 Y205.774
G1 X126.630 Y203.122
G1 X126.595 Y202.293
G1 X126.694 Y202.116
G1 X127.062 Y201.974
G1 X127.497 Y202.123
G1 X128.182 Y202.710
G1 X128.321 Y202.629
G1 X128.371 Y202.406
G1 X128.243 Y201.988
G1 X127.894 Y201.620
G1 X127.195 Y201.220
G1 X126.825 Y201.171
G1 X126.314 Y201.256
G1 X125.928 Y201.512
G1 X125.685 Y201.911
G1 X125.604 Y202.427
G1 X126.157 Y205.599
G1 X126.036 Y205.943
G1 X125.691 Y206.071
G1 X125.286 Y205.964
G1 X124.881 Y205.639
G1 X124.492 Y205.075
G1 X124.132 Y204.246
G1 X123.825 Y203.150
G1 X123.454 Y201.306
G1 X123.099 Y201.171
G1 X122.742 Y201.282
G1 X122.634 Y201.704
G0 Z5.000 F500.000
G0 X127.780 Y202.253 F3000.000
G1 Z1.000 F500.000
G4 P100
G1 X127.710 Y202.656 F1000.000
G1 X127.803 Y203.193
G1 X128.084 Y203.645
G1 X128.547 Y203.997
G1 X129.188 Y204.236
G1 X128.836 Y204.394
G1 X128.577 Y204.641
G1 X128.418 Y204.948
G1 X128.364 Y205.288
G1 X128.441 Y205.747
G1 X128.671 Y206.149
G1 X129.032 Y206.481
G1 X129.498 Y206.726
G1 X130.043 Y206.878
G1 X130.639 Y206.929
G1 X131.371 Y206.838
G1 X131.895 Y206.568
G1 X132.208 Y206.153
G1 X132.313 Y205.633
G1 X132.168 Y204.988
G1 X131.992 Y204.803
G1 X131.753 Y204.742
G1 X131.456 Y204.826
G1 X131.348 Y205.079
G1 X131.415 Y205.633
G1 X131.370 Y205.853
G1 X131.233 Y206.028
G1 X130.990 Y206.142
G1 X130.109 Y206.119
G1 X129.708 Y205.936
G1 X129.449 Y205.651
G1 X129.363 Y205.282
G1 X129.428 Y204.992
G1 X129.623 Y204.759
G1 X129.965 Y204.599
G1 X130.680 Y204.465
G1 X130.740 Y204.262
G1 X130.639 Y203.927
G1 X129.407 Y203.655
G1 X129.090 Y203.494
G1 X128.874 Y203.294
G1 X128.709 Y202.825
G1 X128.806 Y202.458
G1 X129.100 Y202.194
G1 X129.606 Y202.034
G1 X130.342 Y201.981
G1 X131.527 Y202.113
G1 X132.765 Y202.474
G1 X132.927 Y202.393
G1 X132.981 Y202.184
G1 X132.883 Y201.839
G1 X132.549 Y201.583
G1 X131.517 Y201.282
G1 X130.268 Y201.171
G1 X129.487 Y201.219
G1 X128.844 Y201.363
G1 X128.343 Y201.592
G1 X127.990 Y201.893
G1 X127.780 Y202.253
G0 Z5.000 F500.000
G0 X47.483 Y190.331 F3000.000
G1 Z1.000 F500.000
G4 P100
G1 X47.371 Y189.973 F1000.000
G1 X47.037 Y189.723
G1 X46.041 Y189.416
G1 X45.059 Y189.318
G1 X44.308 Y189.391
G1 X43.662 Y189.612
G1 X43.137 Y189.967
G1 X42.751 Y190.445
G1 X42.513 Y191.029
G1 X42.434 Y191.701
G1 X42.527 Y192.637
G1 X42.808 Y193.463
G1 X43.249 Y194.145
G1 X43.824 Y194.654
G1 X44.501 Y194.970
G1 X45.248 Y195.076
G1 X45.889 Y194.982
G1 X46.355 Y194.701
G1 X46.639 Y194.267
G1 X46.733 Y193.712
G1 X46.588 Y193.051
G1 X46.412 Y192.863
G1 X46.173 Y192.801
G1 X45.876 Y192.889
G1 X45.768 Y193.145
G1 X45.795 Y193.961
G1 X45.672 Y194.153
G1 X45.467 Y194.268
G1 X45.181 Y194.306
G1 X44.745 Y194.234
G1 X44.330 Y194.016
G1 X43.964 Y193.657
G1 X43.675 Y193.162
G1 X43.488 Y192.545
G1 X43.426 Y191.822
G1 X43.539 Y191.104
G1 X43.878 Y190.570
G1 X44.438 Y190.239
G1 X45.215 Y190.128
G1 X46.102 Y190.239
G1 X47.267 Y190.621
G1 X47.428 Y190.540
G1 X47.483 Y190.331
G0 Z5.000 F500.000
G0 X47.347 Y190.381 F3000.000
G1 Z1.000 F500.000
G4 P100
G1 X47.135 Y190.956 F1000.000
G1 X47.064 Y191.633
G1 X47.158 Y192.599
G1 X47.439 Y193.442
G1 X47.881 Y194.136
G1 X48.458 Y194.650
G1 X49.137 Y194.969
G1 X49.886 Y195.076
G1 X50.457 Y195.008
G1 X50.969 Y194.806
G1 X51.402 Y194.472
G1 X51.735 Y194.013
G1 X51.948 Y193.438
G1 X52.018 Y192.761
G1 X51.925 Y191.795
G1 X51.644 Y190.952
G1 X51.202 Y190.258
G1 X50.625 Y189.743
G1 X49.945 Y189.424
G1 X49.197 Y189.318
G1 X48.626 Y189.385
G1 X48.114 Y189.588
G1 X47.681 Y189.921
G1 X47.347 Y190.381
G0 Z5.000 F500.000
G0 X48.394 Y190.530 F3000.000
G1 Z1.000 F500.000
G4 P100
G1 X48.780 Y190.218 F1000.000
G1 X49.264 Y190.114
G1 X49.760 Y190.195
G1 X50.193 Y190.439
G1 X50.548 Y190.826
G1 X50.810 Y191.340
G1 X50.972 Y191.955
G1 X51.026 Y192.646
G1 X50.942 Y193.352
G1 X50.689 Y193.864
G1 X50.302 Y194.175
G1 X49.818 Y194.279
G1 X49.329 Y194.199
G1 X48.900 Y193.959
G1 X48.546 Y193.574
G1 X48.279 Y193.061
G1 X48.112 Y192.444
G1 X48.056 Y191.748
G1 X48.141 Y191.042
G1 X48.394 Y190.530
G0 Z5.000 F500.000
G0 X52.204 Y193.452 F3000.000
G1 Z1.000 F500.000
G4 P100
G1 X52.133 Y193.658 F1000.000
G1 X52.322 Y194.131
G1 X52.672 Y194.532
G1 X53.058 Y194.829
G1 X53.473 Y195.014
G1 X53.909 Y195.076
G1 X54.233 Y195.018
G1 X54.465 Y194.846
G1 X54.605 Y194.564
G1 X54.651 Y194.178
G1 X54.543 Y193.044
G1 X54.926 Y193.922
G1 X55.400 Y194.559
G1 X55.966 Y194.947
G1 X56.622 Y195.076
G1 X57.107 Y194.997
G1 X57.456 Y194.762
G1 X57.666 Y194.395
G1 X57.736 Y193.921
G1 X57.236 Y191.269
G1 X57.202 Y190.440
G1 X57.300 Y190.263
G1 X57.668 Y190.121
G1 X58.104 Y190.270
G1 X58.789 Y190.857
G1 X58.927 Y190.776
G1 X58.978 Y190.553
G1 X58.849 Y190.135
G1 X58.500 Y189.767
G1 X57.802 Y189.367
G1 X57.432 Y189.318
G1 X56.921 Y189.403
G1 X56.534 Y189.659
G1 X56.291 Y190.058
G1 X56.210 Y190.573
G1 X56.764 Y193.746
G1 X56.642 Y194.090
G1 X56.298 Y194.219
G1 X55.893 Y194.111
G1 X55.488 Y193.786
G1 X55.098 Y193.222
G1 X54.739 Y192.393
G1 X54.432 Y191.297
G1 X54.060 Y189.453
G1 X53.706 Y189.318
G1 X53.348 Y189.429
G1 X53.240 Y189.851
G1 X53.699 Y193.125
G1 X53.767 Y193.935
G1 X53.711 Y194.163
G1 X53.544 Y194.239
G1 X53.122 Y194.060
G1 X52.579 Y193.489
G1 X52.370 Y193.361
G1 X52.204 Y193.452
G0 Z5.000 F500.000
G0 X58.343 Y193.476 F3000.000
G1 Z1.000 F500.000
G4 P100
G1 X58.437 Y193.993 F1000.000
G1 X58.718 Y194.397
G1 X59.190 Y194.699
G1 X59.859 Y194.907
G1 X60.734 Y195.029
G1 X63.011 Y195.042
G1 X63.784 Y194.954
G1 X64.098 Y194.812
G1 X64.202 Y194.576
G1 X64.077 Y194.252
G1 X63.682 Y194.171
G1 X61.840 Y194.259
G1 X61.381 Y191.761
G1 X61.117 Y189.723
G1 X60.956 Y189.423
G1 X60.598 Y189.318
G1 X60.254 Y189.426
G1 X60.132 Y189.709
G1 X60.416 Y191.748
G1 X60.881 Y194.252
G1 X59.842 Y194.144
G1 X59.305 Y193.898
G1 X59.146 Y193.489
G1 X59.309 Y192.950
G1 X59.157 Y192.710
G1 X58.843 Y192.599
G1 X58.654 Y192.666
G1 X58.431 Y192.993
G1 X58.343 Y193.476
G0 Z5.000 F500.000
G0 X63.282 Y192.467 F3000.000
G1 Z1.000 F500.000
G4 P100
G1 X63.578 Y193.368 F1000.000
G1 X64.052 Y194.094
G1 X64.685 Y194.627
G1 X65.452 Y194.953
G1 X66.329 Y195.062
G1 X66.924 Y195.013
G1 X67.415 Y194.867
G1 X67.797 Y194.634
G1 X68.067 Y194.327
G1 X68.226 Y193.960
G1 X68.235 Y193.176
G1 X67.877 Y192.471
G1 X67.564 Y192.173
G1 X66.693 Y191.761
G1 X67.192 Y191.478
G1 X67.918 Y190.310
G1 X68.118 Y190.168
G1 X68.347 Y190.121
G1 X68.758 Y190.266
G1 X69.434 Y190.857
G1 X69.572 Y190.776
G1 X69.623 Y190.553
G1 X69.494 Y190.135
G1 X68.840 Y189.531
G1 X68.478 Y189.371
G1 X68.056 Y189.318
G1 X67.651 Y189.377
G1 X67.311 Y189.554
G1 X67.011 Y189.875
G1 X66.376 Y191.043
G1 X66.123 Y191.356
G1 X65.816 Y191.471
G1 X65.593 Y190.168
G1 X65.323 Y189.537
G1 X65.068 Y189.373
G1 X64.709 Y189.318
G1 X64.282 Y189.385
G1 X63.909 Y189.585
G1 X63.601 Y189.904
G1 X63.372 Y190.327
G1 X63.230 Y190.836
G1 X63.183 Y191.410
G1 X63.282 Y192.467
G0 Z5.000 F500.000
G0 X63.919 Y191.458 F3000.000
G1 Z1.000 F500.000
G4 P100
G1 X64.007 Y190.715 F1000.000
G1 X64.222 Y190.250
G1 X64.466 Y190.094
G1 X64.611 Y190.182
G1 X64.702 Y190.465
G1 X64.884 Y191.478
G1 X64.570 Y191.586
G1 X64.486 Y191.829
G1 X64.590 Y192.085
G1 X64.999 Y192.180
G1 X65.201 Y193.321
G1 X65.387 Y193.650
G1 X65.768 Y193.760
G1 X66.057 Y193.673
G1 X66.146 Y193.300
G1 X65.944 Y192.180
G1 X66.609 Y192.356
G1 X67.088 Y192.787
G1 X67.222 Y193.083
G1 X67.267 Y193.415
G1 X67.194 Y193.795
G1 X66.977 Y194.083
G1 X66.619 Y194.266
G1 X66.126 Y194.327
G1 X65.506 Y194.245
G1 X64.968 Y193.999
G1 X64.527 Y193.592
G1 X64.196 Y193.027
G1 X63.988 Y192.312
G1 X63.919 Y191.458
G0 Z5.000 F500.000
G0 X69.184 Y191.633 F3000.000
G1 Z1.000 F500.000
G4 P100
G1 X69.277 Y192.599 F1000.000
G1 X69.558 Y193.442
G1 X70.001 Y194.136
G1 X70.578 Y194.650
G1 X71.257 Y194.969
G1 X72.005 Y195.076
G1 X72.576 Y195.008
G1 X73.089 Y194.806
G1 X73.521 Y194.472
G1 X73.855 Y194.013
G1 X74.067 Y193.438
G1 X74.138 Y192.761
G1 X74.045 Y191.795
G1 X73.764 Y190.952
G1 X73.322 Y190.258
G1 X72.744 Y189.743
G1 X72.065 Y189.424
G1 X71.317 Y189.318
G1 X70.746 Y189.385
G1 X70.233 Y189.588
G1 X69.801 Y189.921
G1 X69.467 Y190.381
G1 X69.255 Y190.956
G1 X69.184 Y191.633
G0 Z5.000 F500.000
G0 X70.260 Y191.042 F3000.000
G1 Z1.000 F500.000
G4 P100
G1 X70.513 Y190.530 F1000.000
G1 X70.900 Y190.218
G1 X71.384 Y190.114
G1 X71.880 Y190.195
G1 X72.312 Y190.439
G1 X72.668 Y190.826
G1 X72.930 Y191.340
G1 X73.092 Y191.955
G1 X73.146 Y192.646
G1 X73.062 Y193.352
G1 X72.809 Y193.864
G1 X72.422 Y194.175
G1 X71.938 Y194.279
G1 X71.448 Y194.199
G1 X71.020 Y193.959
G1 X70.665 Y193.574
G1 X70.399 Y193.061
G1 X70.232 Y192.444
G1 X70.176 Y191.748
G1 X70.260 Y191.042
G0 Z5.000 F500.000
G0 X74.062 Y190.235 F3000.000
G1 Z1.000 F500.000
G4 P100
G1 X74.300 Y190.482 F1000.000
G1 X74.670 Y190.647
G1 X75.232 Y190.702
G1 X75.434 Y193.282
G1 X75.596 Y193.780
G1 X75.838 Y194.186
G1 X76.156 Y194.529
G1 X76.865 Y194.937
G1 X77.709 Y195.076
G1 X78.354 Y194.981
G1 X78.829 Y194.698
G1 X79.123 Y194.262
G1 X79.221 Y193.712
G1 X79.072 Y193.047
G1 X78.895 Y192.858
G1 X78.661 Y192.794
G1 X78.364 Y192.885
G1 X78.256 Y193.145
G1 X78.282 Y193.959
G1 X78.158 Y194.154
G1 X77.949 Y194.278
G1 X77.655 Y194.320
G1 X77.129 Y194.223
G1 X76.737 Y193.932
G1 X76.472 Y193.433
G1 X76.325 Y192.713
G1 X76.082 Y190.621
G1 X78.100 Y190.209
G1 X78.772 Y190.341
G1 X79.484 Y190.857
G1 X79.623 Y190.776
G1 X79.673 Y190.553
G1 X79.545 Y190.135
G1 X79.173 Y189.750
G1 X78.813 Y189.500
G1 X78.422 Y189.364
G1 X77.959 Y189.318
G1 X77.311 Y189.406
G1 X75.846 Y189.946
G1 X75.416 Y189.475
G1 X74.813 Y189.318
G1 X74.473 Y189.361
G1 X74.209 Y189.490
G1 X74.040 Y189.687
G1 X73.983 Y189.932
G1 X74.062 Y190.235
G0 Z5.000 F500.000
G0 X81.327 Y189.878 F3000.000
G1 Z1.000 F500.000
G4 P100
G1 X81.550 Y191.529 F1000.000
G1 X81.975 Y193.422
G1 X82.164 Y193.658
G1 X82.535 Y193.726
G1 X82.844 Y193.668
G1 X82.947 Y193.496
G1 X82.555 Y191.832
G1 X82.306 Y190.101
G1 X83.318 Y190.125
G1 X83.797 Y190.260
G1 X84.201 Y190.483
G1 X84.530 Y190.796
G1 X84.785 Y191.184
G1 X84.968 Y191.632
G1 X85.114 Y192.707
G1 X84.999 Y193.419
G1 X84.655 Y193.948
G1 X84.101 Y194.278
G1 X83.359 Y194.387
G1 X82.821 Y194.345
G1 X82.289 Y194.219
G1 X81.145 Y193.712
G1 X80.963 Y193.810
G1 X80.895 Y194.050
G1 X80.949 Y194.316
G1 X81.131 Y194.509
G1 X81.638 Y194.788
G1 X82.225 Y194.991
G1 X83.433 Y195.157
G1 X84.201 Y195.085
G1 X84.857 Y194.870
G1 X85.389 Y194.516
G1 X85.782 Y194.029
G1 X86.025 Y193.419
G1 X86.106 Y192.693
G1 X86.005 Y191.739
G1 X85.701 Y190.914
G1 X85.203 Y190.240
G1 X84.520 Y189.736
G1 X83.669 Y189.423
G1 X82.670 Y189.318
G1 X81.786 Y189.386
G1 X81.415 Y189.527
G1 X81.327 Y189.878
G0 Z5.000 F500.000
G0 X86.737 Y190.956 F3000.000
G1 Z1.000 F500.000
G4 P100
G1 X86.666 Y191.633 F1000.000
G1 X86.760 Y192.599
G1 X87.041 Y193.442
G1 X87.483 Y194.136
G1 X88.060 Y194.650
G1 X88.739 Y194.969
G1 X89.488 Y195.076
G1 X90.059 Y195.008
G1 X90.571 Y194.806
G1 X91.004 Y194.472
G1 X91.337 Y194.013
G1 X91.550 Y193.438
G1 X91.621 Y192.761
G1 X91.527 Y191.795
G1 X91.246 Y190.952
G1 X90.804 Y190.258
G1 X90.227 Y189.743
G1 X89.548 Y189.424
G1 X88.799 Y189.318
G1 X88.228 Y189.385
G1 X87.716 Y189.588
G1 X87.283 Y189.921
G1 X86.950 Y190.381
G1 X86.737 Y190.956
G0 Z5.000 F500.000
G0 X87.743 Y191.042 F3000.000
G1 Z1.000 F500.000
G4 P100
G1 X87.996 Y190.530 F1000.000
G1 X88.382 Y190.218
G1 X88.867 Y190.114
G1 X89.362 Y190.195
G1 X89.795 Y190.439
G1 X90.150 Y190.826
G1 X90.412 Y191.340
G1 X90.575 Y191.955
G1 X90.629 Y192.646
G1 X90.544 Y193.352
G1 X90.291 Y193.864
G1 X89.905 Y194.175
G1 X89.420 Y194.279
G1 X88.931 Y194.199
G1 X88.502 Y193.959
G1 X88.148 Y193.574
G1 X87.881 Y193.061
G1 X87.714 Y192.444
G1 X87.659 Y191.748
G1 X87.743 Y191.042
G0 Z5.000 F500.000
G0 X92.174 Y191.701 F3000.000
G1 Z1.000 F500.000
G4 P100
G1 X92.268 Y192.637 F1000.000
G1 X92.549 Y193.463
G1 X92.990 Y194.145
G1 X93.565 Y194.654
G1 X94.241 Y194.970
G1 X94.989 Y195.076
G1 X95.630 Y194.982
G1 X96.096 Y194.701
G1 X96.380 Y194.267
G1 X96.474 Y193.712
G1 X96.329 Y193.051
G1 X96.153 Y192.863
G1 X95.914 Y192.801
G1 X95.617 Y192.889
G1 X95.509 Y193.145
G1 X95.535 Y193.961
G1 X95.413 Y194.153
G1 X95.208 Y194.268
G1 X94.922 Y194.306
G1 X94.486 Y194.234
G1 X94.071 Y194.016
G1 X93.705 Y193.657
G1 X93.416 Y193.162
G1 X93.229 Y192.545
G1 X93.167 Y191.822
G1 X93.280 Y191.104
G1 X93.619 Y190.570
G1 X94.179 Y190.239
G1 X94.955 Y190.128
G1 X95.843 Y190.239
G1 X97.007 Y190.621
G1 X97.169 Y190.540
G1 X97.223 Y190.331
G1 X97.112 Y189.973
G1 X96.778 Y189.723
G1 X95.782 Y189.416
G1 X94.800 Y189.318
G1 X94.049 Y189.391
G1 X93.403 Y189.612
G1 X92.878 Y189.967
G1 X92.492 Y190.445
G1 X92.254 Y191.029
G1 X92.174 Y191.701
G0 Z5.000 F500.000
G0 X96.437 Y193.452 F3000.000
G1 Z1.000 F500.000
G4 P100
G1 X96.366 Y193.658 F1000.000
G1 X96.555 Y194.131
G1 X96.914 Y194.544
G1 X97.303 Y194.839
G1 X97.721 Y195.017
G1 X98.168 Y195.076
G1 X98.535 Y195.013
G1 X98.813 Y194.826
G1 X98.988 Y194.517
G1 X99.046 Y194.090
G1 X98.999 Y193.456
G1 X98.438 Y190.648
G1 X98.560 Y190.303
G1 X98.904 Y190.175
G1 X99.312 Y190.283
G1 X99.724 Y190.607
G1 X100.124 Y191.172
G1 X100.494 Y192.001
G1 X100.808 Y193.097
G1 X101.182 Y194.941
G1 X101.316 Y195.042
G1 X101.742 Y195.040
G1 X101.888 Y194.934
G1 X102.002 Y194.475
G1 X101.483 Y190.688
G1 X101.607 Y190.266
G1 X101.941 Y190.121
G1 X102.377 Y190.270
G1 X103.062 Y190.857
G1 X103.200 Y190.776
G1 X103.251 Y190.553
G1 X103.123 Y190.135
G1 X102.773 Y189.767
G1 X102.075 Y189.367
G1 X101.705 Y189.318
G1 X101.211 Y189.390
G1 X100.848 Y189.605
G1 X100.625 Y189.935
G1 X100.551 Y190.351
G1 X100.659 Y191.350
G1 X100.277 Y190.476
G1 X99.805 Y189.838
G1 X99.249 Y189.448
G1 X98.614 Y189.318
G1 X98.116 Y189.396
G1 X97.757 Y189.632
G1 X97.539 Y189.999
G1 X97.466 Y190.472
G1 X97.554 Y191.195
G1 X98.037 Y193.422
G1 X98.087 Y193.948
G1 X98.023 Y194.191
G1 X97.851 Y194.272
G1 X97.379 Y194.080
G1 X96.811 Y193.489
G1 X96.602 Y193.361
G1 X96.437 Y193.452
G0 Z5.000 F500.000
G0 X102.373 Y193.658 F3000.000
G1 Z1.000 F500.000
G4 P100
G1 X102.562 Y194.131 F1000.000
G1 X103.285 Y194.829
G1 X103.683 Y195.014
G1 X104.081 Y195.076
G1 X104.409 Y195.017
G1 X104.652 Y194.839
G1 X104.801 Y194.549
G1 X104.851 Y194.151
G1 X104.716 Y193.105
G1 X105.124 Y194.039
G1 X105.580 Y194.640
G1 X106.083 Y194.967
G1 X106.633 Y195.076
G1 X107.025 Y194.998
G1 X107.325 Y194.765
G1 X107.514 Y194.391
G1 X107.578 Y193.888
G1 X107.517 Y193.334
G1 X107.883 Y194.134
G1 X108.307 Y194.671
G1 X108.793 Y194.975
G1 X109.346 Y195.076
G1 X109.764 Y195.000
G1 X110.072 Y194.772
G1 X110.262 Y194.407
G1 X110.325 Y193.921
G1 X109.825 Y191.269
G1 X109.791 Y190.440
G1 X109.890 Y190.263
G1 X110.257 Y190.121
G1 X110.693 Y190.270
G1 X111.378 Y190.857
G1 X111.516 Y190.776
G1 X111.567 Y190.553
G1 X111.439 Y190.135
G1 X110.743 Y189.514
G1 X110.021 Y189.318
G1 X109.510 Y189.403
G1 X109.123 Y189.659
G1 X108.880 Y190.058
G1 X108.799 Y190.573
G1 X109.353 Y193.746
G1 X109.262 Y194.100
G1 X109.002 Y194.219
G1 X108.677 Y194.116
G1 X108.337 Y193.810
G1 X107.998 Y193.268
G1 X107.676 Y192.457
G1 X107.001 Y189.456
G1 X106.619 Y189.318
G1 X106.285 Y189.426
G1 X106.180 Y189.831
G1 X106.255 Y190.557
G1 X106.754 Y193.719
G1 X106.656 Y194.097
G1 X106.363 Y194.219
G1 X106.027 Y194.125
G1 X105.681 Y193.844
G1 X105.334 Y193.324
G1 X104.996 Y192.514
G1 X104.690 Y191.391
G1 X104.301 Y189.453
G1 X103.946 Y189.318
G1 X103.588 Y189.429
G1 X103.480 Y189.851
G1 X103.946 Y193.125
G1 X104.007 Y193.935
G1 X103.951 Y194.163
G1 X103.784 Y194.239
G1 X103.362 Y194.060
G1 X102.610 Y193.361
G1 X102.444 Y193.452
G1 X102.373 Y193.658
G0 Z5.000 F500.000
G0 X110.999 Y191.340 F3000.000
G1 Z1.000 F500.000
G4 P100
G1 X111.280 Y191.792 F1000.000
G1 X111.743 Y192.144
G1 X112.384 Y192.382
G1 X112.032 Y192.541
G1 X111.773 Y192.787
G1 X111.613 Y193.095
G1 X111.560 Y193.435
G1 X111.637 Y193.894
G1 X111.867 Y194.296
G1 X112.228 Y194.628
G1 X112.694 Y194.873
G1 X113.239 Y195.025
G1 X113.835 Y195.076
G1 X114.567 Y194.985
G1 X115.090 Y194.715
G1 X115.404 Y194.300
G1 X115.509 Y193.780
G1 X115.473 Y193.419
G1 X115.364 Y193.135
G1 X115.188 Y192.950
G1 X114.949 Y192.889
G1 X114.652 Y192.973
G1 X114.544 Y193.226
G1 X114.611 Y193.780
G1 X114.566 Y194.000
G1 X114.429 Y194.175
G1 X114.186 Y194.289
G1 X113.821 Y194.327
G1 X113.305 Y194.266
G1 X112.903 Y194.083
G1 X112.645 Y193.798
G1 X112.559 Y193.429
G1 X112.624 Y193.139
G1 X112.819 Y192.906
G1 X113.161 Y192.746
G1 X113.875 Y192.612
G1 X113.936 Y192.409
G1 X113.835 Y192.074
G1 X112.603 Y191.802
G1 X112.286 Y191.641
G1 X112.070 Y191.441
G1 X111.904 Y190.972
G1 X112.002 Y190.605
G1 X112.296 Y190.341
G1 X112.802 Y190.181
G1 X113.538 Y190.128
G1 X114.723 Y190.260
G1 X115.961 Y190.621
G1 X116.123 Y190.540
G1 X116.177 Y190.331
G1 X116.079 Y189.986
G1 X115.745 Y189.730
G1 X114.712 Y189.429
G1 X113.464 Y189.318
G1 X112.682 Y189.366
G1 X112.039 Y189.510
G1 X111.539 Y189.739
G1 X111.186 Y190.040
G1 X110.976 Y190.400
G1 X110.905 Y190.803
G1 X110.999 Y191.340
G0 Z5.000 F500.000
G0 X115.391 Y193.452 F3000.000
G1 Z1.000 F500.000
G4 P100
G1 X115.320 Y193.658 F1000.000
G1 X115.509 Y194.131
G1 X115.858 Y194.532
G1 X116.245 Y194.829
G1 X116.660 Y195.014
G1 X117.095 Y195.076
G1 X117.420 Y195.018
G1 X117.652 Y194.846
G1 X117.791 Y194.564
G1 X117.838 Y194.178
G1 X117.730 Y193.044
G1 X118.113 Y193.922
G1 X118.587 Y194.559
G1 X119.152 Y194.947
G1 X119.809 Y195.076
G1 X120.294 Y194.997
G1 X120.642 Y194.762
G1 X120.852 Y194.395
G1 X120.922 Y193.921
G1 X120.423 Y191.269
G1 X120.388 Y190.440
G1 X120.487 Y190.263
G1 X120.855 Y190.121
G1 X121.290 Y190.270
G1 X121.976 Y190.857
G1 X122.114 Y190.776
G1 X122.165 Y190.553
G1 X122.036 Y190.135
G1 X121.687 Y189.767
G1 X120.988 Y189.367
G1 X120.619 Y189.318
G1 X120.107 Y189.403
G1 X119.721 Y189.659
G1 X119.478 Y190.058
G1 X119.397 Y190.573
G1 X119.951 Y193.746
G1 X119.829 Y194.090
G1 X119.485 Y194.219
G1 X119.080 Y194.111
G1 X118.675 Y193.786
G1 X118.285 Y193.222
G1 X117.925 Y192.393
G1 X117.618 Y191.297
G1 X117.247 Y189.453
G1 X116.893 Y189.318
G1 X116.535 Y189.429
G1 X116.427 Y189.851
G1 X116.886 Y193.125
G1 X116.954 Y193.935
G1 X116.898 Y194.163
G1 X116.731 Y194.239
G1 X116.309 Y194.060
G1 X115.766 Y193.489
G1 X115.556 Y193.361
G1 X115.391 Y193.452
G0 Z5.000 F500.000
G0 X121.530 Y193.476 F3000.000
G1 Z1.000 F500.000
G4 P100
G1 X121.624 Y193.993 F1000.000
G1 X121.905 Y194.397
G1 X122.377 Y194.699
G1 X123.045 Y194.907
G1 X123.920 Y195.029
G1 X126.198 Y195.042
G1 X126.970 Y194.954
G1 X127.284 Y194.812
G1 X127.389 Y194.576
G1 X127.264 Y194.252
G1 X126.869 Y194.171
G1 X125.026 Y194.259
G1 X124.567 Y191.761
G1 X124.304 Y189.723
G1 X124.142 Y189.423
G1 X123.784 Y189.318
G1 X123.440 Y189.426
G1 X123.319 Y189.709
G1 X123.602 Y191.748
G1 X124.068 Y194.252
G1 X123.028 Y194.144
G1 X122.492 Y193.898
G1 X122.333 Y193.489
G1 X122.495 Y192.950
G1 X122.343 Y192.710
G1 X122.029 Y192.599
G1 X121.840 Y192.666
G1 X121.618 Y192.993
G1 X121.530 Y193.476
G0 Z5.000 F500.000
G0 X24.990 Y177.500 F3000.000
G1 Z1.000 F500.000
G4 P100
G1 X25.050 Y176.962 F1000.000
G1 X24.975 Y176.255
G1 X24.750 Y175.645
G1 X24.381 Y175.145
G1 X23.875 Y174.772
G1 X23.245 Y174.540
G1 X22.505 Y174.462
G1 X21.850 Y174.512
G1 X21.575 Y174.617
G1 X21.510 Y174.877
G1 X21.675 Y176.100
G1 X21.990 Y177.502
G1 X22.130 Y177.677
G1 X22.634 Y177.685
G1 X22.710 Y177.557
G1 X22.420 Y176.325
G1 X22.235 Y175.042
G1 X22.575 Y175.027
G1 X23.339 Y175.160
G1 X23.639 Y175.325
G1 X23.882 Y175.557
G1 X24.207 Y176.176
G1 X24.315 Y176.972
G1 X24.230 Y177.500
G1 X23.975 Y177.892
G1 X23.565 Y178.136
G1 X23.015 Y178.217
G1 X22.222 Y178.092
G1 X21.375 Y177.717
G1 X21.240 Y177.790
G1 X21.190 Y177.967
G1 X21.230 Y178.165
G1 X21.365 Y178.307
G1 X22.175 Y178.665
G1 X23.070 Y178.787
G1 X23.639 Y178.734
G1 X24.125 Y178.575
G1 X24.519 Y178.313
G1 X24.810 Y177.952
G1 X24.990 Y177.500
G0 Z5.000 F500.000
G0 X25.742 Y177.517 F3000.000
G1 Z1.000 F500.000
G4 P100
G1 X26.070 Y178.031 F1000.000
G1 X26.497 Y178.412
G1 X27.001 Y178.649
G1 X27.555 Y178.727
G1 X27.978 Y178.677
G1 X28.357 Y178.527
G1 X28.678 Y178.280
G1 X28.925 Y177.940
G1 X29.082 Y177.514
G1 X29.135 Y177.012
G1 X29.066 Y176.297
G1 X28.857 Y175.672
G1 X28.530 Y175.159
G1 X28.102 Y174.777
G1 X27.599 Y174.541
G1 X27.045 Y174.462
G1 X26.622 Y174.512
G1 X26.242 Y174.662
G1 X25.922 Y174.909
G1 X25.675 Y175.250
G1 X25.517 Y175.675
G1 X25.465 Y176.177
G1 X25.534 Y176.892
G1 X25.742 Y177.517
G0 Z5.000 F500.000
G0 X26.241 Y176.778 F3000.000
G1 Z1.000 F500.000
G4 P100
G1 X26.200 Y176.262 F1000.000
G1 X26.262 Y175.739
G1 X26.450 Y175.360
G1 X26.736 Y175.129
G1 X27.095 Y175.052
G1 X27.462 Y175.112
G1 X27.782 Y175.292
G1 X28.046 Y175.579
G1 X28.240 Y175.960
G1 X28.400 Y176.927
G1 X28.337 Y177.450
G1 X28.150 Y177.830
G1 X27.864 Y178.060
G1 X27.505 Y178.137
G1 X27.142 Y178.078
G1 X26.825 Y177.900
G1 X26.562 Y177.615
G1 X26.241 Y176.778
G0 Z5.000 F500.000
G0 X29.614 Y176.921 F3000.000
G1 Z1.000 F500.000
G4 P100
G1 X29.822 Y177.532 F1000.000
G1 X30.149 Y178.038
G1 X30.575 Y178.415
G1 X31.076 Y178.649
G1 X31.630 Y178.727
G1 X32.105 Y178.658
G1 X32.450 Y178.450
G1 X32.660 Y178.128
G1 X32.730 Y177.717
G1 X32.622 Y177.227
G1 X32.492 Y177.089
G1 X32.315 Y177.042
G1 X32.095 Y177.107
G1 X32.015 Y177.297
G1 X32.065 Y177.702
G1 X31.944 Y178.044
G1 X31.580 Y178.157
G1 X31.257 Y178.104
G1 X30.950 Y177.942
G1 X30.679 Y177.677
G1 X30.465 Y177.310
G1 X30.326 Y176.853
G1 X30.280 Y176.317
G1 X30.364 Y175.785
G1 X30.615 Y175.390
G1 X31.030 Y175.144
G1 X31.605 Y175.062
G1 X32.262 Y175.145
G1 X33.125 Y175.427
G1 X33.245 Y175.367
G1 X33.285 Y175.212
G1 X33.202 Y174.947
G1 X32.955 Y174.762
G1 X32.217 Y174.535
G1 X31.490 Y174.462
G1 X30.934 Y174.517
G1 X30.455 Y174.680
G1 X30.066 Y174.943
G1 X29.780 Y175.297
G1 X29.604 Y175.730
G1 X29.545 Y176.227
G1 X29.614 Y176.921
G0 Z5.000 F500.000
G0 X32.580 Y174.662 F3000.000
G1 Z1.000 F500.000
G4 P100
G1 X32.725 Y174.947 F1000.000
G1 X34.345 Y176.792
G1 X33.930 Y177.952
G1 X33.610 Y178.117
G1 X33.322 Y178.021
G1 X32.855 Y177.667
G1 X32.727 Y177.725
G1 X32.675 Y177.872
G1 X32.820 Y178.197
G1 X33.265 Y178.582
G1 X33.527 Y178.691
G1 X34.159 Y178.672
G1 X34.420 Y178.505
G1 X34.626 Y178.214
G1 X34.885 Y177.437
G1 X35.965 Y178.672
G1 X36.220 Y178.722
G1 X36.432 Y178.672
G1 X36.510 Y178.532
G1 X36.375 Y178.257
G1 X35.075 Y176.757
G1 X35.495 Y175.332
G1 X35.642 Y175.125
G1 X35.875 Y175.057
G1 X36.197 Y175.167
G1 X36.720 Y175.602
G1 X36.822 Y175.542
G1 X36.860 Y175.377
G1 X36.765 Y175.067
G1 X36.280 Y174.620
G1 X36.026 Y174.502
G1 X35.745 Y174.462
G1 X35.354 Y174.529
G1 X35.072 Y174.727
G1 X34.867 Y175.054
G1 X34.535 Y176.122
G1 X33.355 Y174.662
G1 X33.150 Y174.500
G1 X32.672 Y174.515
G1 X32.580 Y174.662
G0 Z5.000 F500.000
G0 X37.955 Y175.887 F3000.000
G1 Z1.000 F500.000
G4 P100
G1 X38.037 Y176.112 F1000.000
G1 X38.260 Y176.212
G1 X39.075 Y176.212
G1 X39.185 Y177.127
G1 X39.290 Y177.322
G1 X39.495 Y177.392
G1 X39.690 Y177.322
G1 X39.755 Y177.127
G1 X39.645 Y176.212
G1 X40.460 Y176.212
G1 X40.635 Y176.142
G1 X40.695 Y175.972
G1 X40.612 Y175.745
G1 X40.390 Y175.642
G1 X39.570 Y175.642
G1 X39.460 Y174.727
G1 X39.347 Y174.527
G1 X39.135 Y174.457
G1 X38.947 Y174.527
G1 X38.890 Y174.727
G1 X39.000 Y175.642
G1 X38.190 Y175.642
G1 X38.015 Y175.715
G1 X37.955 Y175.887
G0 Z5.000 F500.000
G0 X42.595 Y175.582 F3000.000
G1 Z1.000 F500.000
G4 P100
G1 X42.677 Y176.520 F1000.000
G1 X42.922 Y177.305
G1 X43.306 Y177.924
G1 X43.802 Y178.365
G1 X44.383 Y178.629
G1 X45.020 Y178.717
G1 X45.454 Y178.676
G1 X45.817 Y178.552
G1 X46.312 Y178.105
G1 X46.480 Y177.467
G1 X46.425 Y177.060
G1 X46.260 Y176.687
G1 X45.990 Y176.365
G1 X45.620 Y176.107
G1 X45.160 Y175.929
G1 X44.620 Y175.842
G1 X44.405 Y174.637
G1 X44.172 Y174.116
G1 X43.976 Y173.986
G1 X43.725 Y173.942
G1 X43.162 Y174.122
G1 X42.750 Y174.672
G1 X42.595 Y175.582
G0 Z5.000 F500.000
G0 X43.212 Y175.072 F3000.000
G1 Z1.000 F500.000
G4 P100
G1 X43.372 Y174.700 F1000.000
G1 X43.560 Y174.567
G1 X43.670 Y174.654
G1 X43.915 Y175.857
G1 X43.550 Y175.975
G1 X43.505 Y176.147
G1 X43.567 Y176.322
G1 X43.740 Y176.387
G1 X44.000 Y176.357
G1 X44.185 Y177.402
G1 X44.322 Y177.645
G1 X44.575 Y177.717
G1 X44.812 Y177.655
G1 X44.885 Y177.457
G1 X44.710 Y176.357
G1 X45.158 Y176.473
G1 X45.479 Y176.689
G1 X45.671 Y177.005
G1 X45.735 Y177.422
G1 X45.681 Y177.722
G1 X45.517 Y177.960
G1 X45.241 Y178.115
G1 X44.845 Y178.167
G1 X44.363 Y178.086
G1 X43.947 Y177.842
G1 X43.609 Y177.454
G1 X43.357 Y176.940
G1 X43.202 Y176.322
G1 X43.150 Y175.622
G1 X43.212 Y175.072
G0 Z5.000 F500.000
G0 X46.935 Y174.877 F3000.000
G1 Z1.000 F500.000
G4 P100
G1 X47.100 Y176.100 F1000.000
G1 X47.415 Y177.502
G1 X47.555 Y177.677
G1 X48.059 Y177.685
G1 X48.135 Y177.557
G1 X47.845 Y176.325
G1 X47.660 Y175.042
G1 X48.000 Y175.027
G1 X48.764 Y175.160
G1 X49.064 Y175.325
G1 X49.307 Y175.557
G1 X49.632 Y176.176
G1 X49.740 Y176.972
G1 X49.655 Y177.500
G1 X49.400 Y177.892
G1 X48.990 Y178.136
G1 X48.440 Y178.217
G1 X47.647 Y178.092
G1 X46.800 Y177.717
G1 X46.665 Y177.790
G1 X46.655 Y178.165
G1 X46.790 Y178.307
G1 X47.600 Y178.665
G1 X48.495 Y178.787
G1 X49.064 Y178.734
G1 X49.550 Y178.575
G1 X49.944 Y178.313
G1 X50.235 Y177.952
G1 X50.415 Y177.500
G1 X50.475 Y176.962
G1 X50.400 Y176.255
G1 X50.175 Y175.645
G1 X49.806 Y175.145
G1 X49.300 Y174.772
G1 X48.670 Y174.540
G1 X47.930 Y174.462
G1 X47.275 Y174.512
G1 X47.000 Y174.617
G1 X46.935 Y174.877
G0 Z5.000 F500.000
G0 X50.565 Y175.157 F3000.000
G1 Z1.000 F500.000
G4 P100
G1 X50.622 Y175.367 F1000.000
G1 X50.765 Y175.457
G1 X51.299 Y175.026
G1 X51.625 Y174.947
G1 X51.887 Y175.005
G1 X52.102 Y175.180
G1 X52.261 Y175.479
G1 X52.380 Y176.187
G1 X51.942 Y176.252
G1 X51.860 Y176.437
G1 X51.940 Y176.675
G1 X52.450 Y176.762
G1 X52.580 Y178.097
G1 X51.820 Y177.922
G1 X51.655 Y177.767
G1 X51.600 Y177.552
G1 X51.730 Y177.137
G1 X51.630 Y176.980
G1 X51.405 Y176.912
G1 X51.175 Y176.992
G1 X51.005 Y177.542
G1 X51.045 Y177.831
G1 X51.364 Y178.281
G1 X51.642 Y178.442
G1 X52.427 Y178.652
G1 X53.505 Y178.722
G1 X55.005 Y178.632
G1 X55.197 Y178.547
G1 X55.250 Y178.377
G1 X55.157 Y178.125
G1 X54.880 Y178.057
G1 X53.280 Y178.127
G1 X53.155 Y176.777
G1 X54.015 Y176.792
G1 X54.262 Y176.727
G1 X54.325 Y176.552
G1 X54.225 Y176.285
G1 X53.940 Y176.187
G1 X53.085 Y176.187
G1 X52.891 Y175.266
G1 X52.607 Y174.797
G1 X52.201 Y174.535
G1 X51.665 Y174.447
G1 X51.040 Y174.595
G1 X50.620 Y174.952
G1 X50.565 Y175.157
G0 Z5.000 F500.000
G0 X55.500 Y174.762 F3000.000
G1 Z1.000 F500.000
G4 P100
G1 X57.665 Y178.937 F1000.000
G1 X57.802 Y179.107
G1 X57.960 Y179.162
G1 X58.157 Y179.070
G1 X58.240 Y178.842
G1 X58.185 Y178.637
G1 X56.045 Y174.622
G1 X55.790 Y174.462
G1 X55.587 Y174.545
G1 X55.500 Y174.762
G0 Z5.000 F500.000
G0 X59.645 Y175.477 F3000.000
G1 Z1.000 F500.000
G4 P100
G1 X59.605 Y175.887 F1000.000
G1 X59.686 Y176.619
G1 X59.930 Y177.295
G1 X60.332 Y177.879
G1 X60.890 Y178.335
G1 X61.589 Y178.629
G1 X62.415 Y178.727
G1 X62.907 Y178.692
G1 X63.490 Y178.517
G1 X63.525 Y178.387
G1 X63.427 Y178.142
G1 X63.200 Y178.027
G1 X62.305 Y178.147
G1 X61.717 Y178.070
G1 X61.225 Y177.840
G1 X60.836 Y177.483
G1 X60.560 Y177.027
G1 X60.395 Y176.502
G1 X60.340 Y175.937
G1 X60.382 Y175.560
G1 X60.507 Y175.280
G1 X60.701 Y175.105
G1 X60.945 Y175.047
G1 X61.231 Y175.110
G1 X61.480 Y175.297
G1 X61.700 Y175.625
G1 X61.900 Y176.107
G1 X62.275 Y177.627
G1 X62.395 Y177.817
G1 X62.635 Y177.867
G1 X62.901 Y177.810
G1 X62.990 Y177.637
G1 X62.630 Y175.572
G1 X62.710 Y175.180
G1 X62.955 Y175.057
G1 X63.260 Y175.165
G1 X63.760 Y175.602
G1 X63.862 Y175.542
G1 X63.900 Y175.377
G1 X63.805 Y175.067
G1 X63.325 Y174.617
G1 X62.750 Y174.462
G1 X62.434 Y174.513
G1 X62.185 Y174.665
G1 X62.010 Y174.909
G1 X61.915 Y175.237
G1 X61.457 Y174.656
G1 X61.163 Y174.511
G1 X60.497 Y174.505
G1 X59.954 Y174.840
G1 X59.645 Y175.477
G0 Z5.000 F500.000
G0 X63.495 Y175.432 F3000.000
G1 Z1.000 F500.000
G4 P100
G1 X64.190 Y177.087 F1000.000
G1 X64.382 Y177.335
G1 X64.685 Y177.407
G1 X64.852 Y177.357
G1 X64.910 Y177.227
G1 X64.170 Y175.612
G1 X64.940 Y175.612
G1 X65.105 Y176.497
G1 X65.235 Y176.735
G1 X65.485 Y176.817
G1 X65.676 Y176.762
G1 X65.740 Y176.597
G1 X65.570 Y175.612
G1 X65.949 Y175.556
G1 X66.015 Y175.387
G1 X65.915 Y175.137
G1 X65.495 Y175.067
G1 X65.377 Y174.492
G1 X65.110 Y174.412
G1 X64.911 Y174.494
G1 X64.845 Y174.737
G1 X64.875 Y175.067
G1 X63.775 Y175.072
G1 X63.580 Y175.172
G1 X63.495 Y175.432
G0 Z5.000 F500.000
G0 X67.410 Y174.937 F3000.000
G1 Z1.000 F500.000
G4 P100
G1 X67.960 Y175.762 F1000.000
G1 X68.385 Y176.652
G1 X68.531 Y176.817
G1 X68.780 Y176.872
G1 X68.975 Y176.847
G1 X69.030 Y176.767
G1 X68.865 Y176.237
G1 X69.322 Y175.490
G1 X69.395 Y175.027
G1 X70.105 Y175.602
G1 X70.207 Y175.542
G1 X70.245 Y175.377
G1 X70.150 Y175.067
G1 X69.672 Y174.645
G1 X68.635 Y174.352
G1 X68.237 Y174.472
G1 X68.100 Y174.742
G1 X68.195 Y174.967
G1 X68.475 Y175.062
G1 X68.760 Y175.032
G1 X68.702 Y175.277
G1 X68.420 Y175.687
G1 X67.780 Y174.827
G1 X67.590 Y174.737
G1 X67.460 Y174.795
G1 X67.410 Y174.937
G0 Z5.000 F500.000
G0 X69.765 Y175.512 F3000.000
G1 Z1.000 F500.000
G4 P100
G1 X69.910 Y176.190 F1000.000
G1 X70.082 Y176.455
G1 X70.579 Y176.780
G1 X70.875 Y176.822
G1 X71.218 Y176.757
G1 X71.487 Y176.560
G1 X71.672 Y176.267
G1 X71.760 Y175.912
G1 X72.390 Y176.022
G1 X72.490 Y175.957
G1 X72.525 Y175.792
G1 X72.489 Y175.601
G1 X72.380 Y175.507
G1 X71.720 Y175.387
G1 X71.579 Y175.009
G1 X71.345 Y174.715
G1 X71.046 Y174.525
G1 X70.710 Y174.462
G1 X70.197 Y174.607
G1 X69.875 Y174.992
G1 X69.765 Y175.512
G0 Z5.000 F500.000
G0 X70.497 Y175.137 F3000.000
G1 Z1.000 F500.000
G4 P100
G1 X70.750 Y174.992 F1000.000
G1 X71.027 Y175.122
G1 X71.185 Y175.497
G1 X70.947 Y175.772
G1 X70.880 Y176.292
G1 X70.678 Y176.244
G1 X70.522 Y176.100
G1 X70.423 Y175.868
G1 X70.390 Y175.557
G1 X70.497 Y175.137
G0 Z5.000 F500.000
G0 X72.095 Y175.187 F3000.000
G1 Z1.000 F500.000
G4 P100
G1 X72.145 Y175.875 F1000.000
G1 X72.310 Y176.537
G1 X72.450 Y176.752
G1 X72.735 Y176.817
G1 X72.887 Y176.782
G1 X72.930 Y176.677
G1 X72.720 Y175.225
G1 X72.800 Y175.182
G1 X72.987 Y175.332
G1 X73.597 Y176.752
G1 X73.845 Y176.817
G1 X74.005 Y176.790
G1 X74.050 Y176.687
G1 X73.785 Y175.212
G1 X73.825 Y175.065
G1 X73.930 Y175.012
G1 X74.167 Y175.135
G1 X74.670 Y175.602
G1 X74.772 Y175.542
G1 X74.810 Y175.377
G1 X74.715 Y175.067
G1 X74.252 Y174.632
G1 X73.690 Y174.462
G1 X73.482 Y174.509
G1 X73.337 Y174.647
G1 X73.225 Y175.167
G1 X72.970 Y174.645
G1 X72.605 Y174.462
G1 X72.401 Y174.514
G1 X72.131 Y174.903
G1 X72.095 Y175.187
G0 Z5.000 F500.000
G0 X74.415 Y175.302 F3000.000
G1 Z1.000 F500.000
G4 P100
G1 X74.600 Y176.537 F1000.000
G1 X74.748 Y176.750
G1 X75.035 Y176.817
G1 X75.175 Y176.792
G1 X75.215 Y176.697
G1 X75.010 Y175.617
G1 X75.380 Y176.317
G1 X75.782 Y176.702
G1 X76.145 Y176.817
G1 X76.389 Y176.736
G1 X76.470 Y176.492
G1 X76.416 Y175.796
G1 X76.510 Y175.752
G1 X77.005 Y176.037
G1 X77.107 Y175.980
G1 X77.145 Y175.827
G1 X77.045 Y175.537
G1 X76.717 Y175.290
G1 X76.320 Y175.187
G1 X76.087 Y175.221
G1 X75.814 Y175.481
G1 X75.750 Y176.052
G1 X75.552 Y175.885
G1 X75.310 Y175.442
G1 X74.987 Y174.545
G1 X74.760 Y174.462
G1 X74.598 Y174.512
G1 X74.492 Y174.662
G1 X74.415 Y175.302
G0 Z5.000 F500.000
G0 X76.668 Y175.062 F3000.000
G1 Z1.000 F500.000
G4 P100
G1 X76.600 Y175.472 F1000.000
G1 X76.760 Y176.182
G1 X77.175 Y176.652
G1 X77.710 Y176.817
G1 X78.137 Y176.655
G1 X78.290 Y176.237
G1 X78.197 Y175.882
G1 X77.955 Y175.737
G1 X77.802 Y175.782
G1 X77.745 Y175.907
G1 X77.762 Y176.292
G1 X77.670 Y176.327
G1 X77.455 Y176.225
G1 X77.295 Y175.947
G1 X77.235 Y175.562
G1 X77.361 Y175.127
G1 X77.740 Y174.982
G1 X78.182 Y175.120
G1 X78.785 Y175.602
G1 X78.887 Y175.542
G1 X78.925 Y175.377
G1 X78.830 Y175.067
G1 X78.572 Y174.810
G1 X78.267 Y174.620
G1 X77.635 Y174.462
G1 X77.199 Y174.532
G1 X76.872 Y174.740
G1 X76.668 Y175.062
G0 Z5.000 F500.000
G0 X78.517 Y175.085 F3000.000
G1 Z1.000 F500.000
G4 P100
G1 X78.445 Y175.527 F1000.000
G1 X78.590 Y176.170
G1 X78.992 Y176.642
G1 X79.575 Y176.817
G1 X79.836 Y176.774
G1 X80.040 Y176.645
G1 X80.171 Y176.442
G1 X80.215 Y176.177
G1 X80.153 Y175.857
G1 X79.967 Y175.585
G1 X79.634 Y175.363
G1 X79.130 Y175.192
G1 X79.311 Y175.020
G1 X79.605 Y174.962
G1 X80.117 Y175.120
G1 X80.750 Y175.602
G1 X80.852 Y175.542
G1 X80.890 Y175.377
G1 X80.795 Y175.067
G1 X80.272 Y174.652
G1 X79.550 Y174.462
G1 X79.084 Y174.534
G1 X78.735 Y174.747
G1 X78.517 Y175.085
G0 Z5.000 F500.000
G0 X79.050 Y175.592 F3000.000
G1 Z1.000 F500.000
G4 P100
G1 X79.515 Y175.792 F1000.000
G1 X79.642 Y175.944
G1 X79.632 Y176.270
G1 X79.490 Y176.327
G1 X79.319 Y176.274
G1 X79.177 Y176.112
G1 X79.050 Y175.592
G0 Z5.000 F500.000
G0 X81.685 Y175.002 F3000.000
G1 Z1.000 F500.000
G4 P100
G1 X83.780 Y178.937 F1000.000
G1 X83.917 Y179.107
G1 X84.075 Y179.162
G1 X84.272 Y179.070
G1 X84.355 Y178.842
G1 X84.300 Y178.637
G1 X82.047 Y174.502
G1 X81.905 Y174.462
G1 X81.702 Y174.545
G1 X81.615 Y174.762
G1 X81.685 Y175.002
G0 Z5.000 F500.000
G0 X85.615 Y175.282 F3000.000
G1 Z1.000 F500.000
G4 P100
G1 X85.657 Y175.668 F1000.000
G1 X85.987 Y176.336
G1 X86.568 Y176.758
G1 X86.920 Y176.842
G1 X87.058 Y177.742
G1 X87.282 Y178.500
G1 X87.592 Y179.015
G1 X87.778 Y179.144
G1 X88.182 Y179.139
G1 X88.343 Y178.992
G1 X88.449 Y178.747
G1 X88.416 Y177.795
G1 X88.210 Y177.092
G1 X87.475 Y175.552
G1 X87.562 Y175.137
G1 X87.735 Y175.012
G1 X88.010 Y175.132
G1 X88.520 Y175.602
G1 X88.623 Y175.542
G1 X88.660 Y175.377
G1 X88.565 Y175.067
G1 X87.871 Y174.507
G1 X87.630 Y174.462
G1 X87.295 Y174.574
G1 X87.050 Y174.907
G1 X86.683 Y174.552
G1 X86.315 Y174.462
G1 X86.037 Y174.519
G1 X85.812 Y174.690
G1 X85.664 Y174.952
G1 X85.615 Y175.282
G0 Z5.000 F500.000
G0 X86.302 Y175.059 F3000.000
G1 Z1.000 F500.000
G4 P100
G1 X86.490 Y174.967 F1000.000
G1 X86.680 Y175.045
G1 X86.920 Y175.332
G1 X86.880 Y176.327
G1 X86.628 Y176.193
G1 X86.286 Y175.662
G1 X86.240 Y175.332
G1 X86.302 Y175.059
G0 Z5.000 F500.000
G0 X87.480 Y176.337 F3000.000
G1 Z1.000 F500.000
G4 P100
G1 X87.900 Y177.437 F1000.000
G1 X88.040 Y178.297
G1 X87.930 Y178.697
G1 X87.740 Y178.360
G1 X87.480 Y176.337
G0 Z5.000 F500.000
G0 X88.498 Y176.437 F3000.000
G1 Z1.000 F500.000
G4 P100
G1 X89.002 Y176.774 F1000.000
G1 X89.571 Y176.774
G1 X89.775 Y176.645
G1 X89.906 Y176.442
G1 X89.950 Y176.177
G1 X89.888 Y175.857
G1 X89.703 Y175.585
G1 X89.369 Y175.363
G1 X88.865 Y175.192
G1 X89.046 Y175.020
G1 X89.340 Y174.962
G1 X89.852 Y175.120
G1 X90.485 Y175.602
G1 X90.588 Y175.542
G1 X90.625 Y175.377
G1 X90.530 Y175.067
G1 X90.007 Y174.652
G1 X89.658 Y174.510
G1 X89.285 Y174.462
G1 X88.819 Y174.534
G1 X88.470 Y174.747
G1 X88.252 Y175.085
G1 X88.180 Y175.527
G1 X88.325 Y176.170
G1 X88.498 Y176.437
G0 Z5.000 F500.000
G0 X88.912 Y176.112 F3000.000
G1 Z1.000 F500.000
G4 P100
G1 X88.785 Y175.592 F1000.000
G1 X89.250 Y175.792
G1 X89.420 Y176.117
G1 X89.368 Y176.270
G1 X89.225 Y176.327
G1 X89.054 Y176.274
G1 X88.912 Y176.112
G0 Z5.000 F500.000
G0 X90.060 Y175.202 F3000.000
G1 Z1.000 F500.000
G4 P100
G1 X90.475 Y175.762 F1000.000
G1 X90.900 Y176.652
G1 X91.046 Y176.817
G1 X91.295 Y176.872
G1 X91.490 Y176.847
G1 X91.545 Y176.767
G1 X91.380 Y176.237
G1 X91.838 Y175.490
G1 X91.910 Y175.027
G1 X92.620 Y175.602
G1 X92.722 Y175.542
G1 X92.760 Y175.377
G1 X92.665 Y175.067
G1 X92.188 Y174.645
G1 X91.150 Y174.352
G1 X90.752 Y174.472
G1 X90.615 Y174.742
G1 X90.710 Y174.967
G1 X90.990 Y175.062
G1 X91.275 Y175.032
G1 X91.218 Y175.277
G1 X90.935 Y175.687
G1 X90.627 Y175.197
G1 X90.295 Y174.827
G1 X90.105 Y174.737
G1 X89.975 Y174.795
G1 X89.925 Y174.937
G1 X90.060 Y175.202
G0 Z5.000 F500.000
G0 X92.350 Y175.302 F3000.000
G1 Z1.000 F500.000
G4 P100
G1 X92.555 Y176.537 F1000.000
G1 X92.675 Y176.757
G1 X92.915 Y176.817
G1 X93.106 Y176.775
G1 X93.170 Y176.647
G1 X92.955 Y175.322
G1 X92.995 Y175.092
G1 X93.130 Y175.012
G1 X93.355 Y175.137
G1 X93.850 Y175.602
G1 X93.953 Y175.542
G1 X93.990 Y175.377
G1 X93.895 Y175.067
G1 X93.416 Y174.614
G1 X92.970 Y174.462
G1 X92.689 Y174.520
G1 X92.498 Y174.692
G1 X92.350 Y175.302
G0 Z5.000 F500.000
G0 X93.010 Y177.147 F3000.000
G1 Z1.000 F500.000
G4 P100
G1 X92.695 Y177.245 F1000.000
G1 X92.590 Y177.517
G1 X92.728 Y177.810
G1 X93.070 Y177.927
G1 X93.370 Y177.837
G1 X93.485 Y177.582
G1 X93.355 Y177.265
G1 X93.010 Y177.147
G0 Z5.000 F500.000
G0 X94.198 Y176.610 F3000.000
G1 Z1.000 F500.000
G4 P100
G1 X94.514 Y176.773 F1000.000
G1 X94.850 Y176.827
G1 X94.998 Y176.785
G1 X95.060 Y176.632
G1 X95.458 Y176.615
G1 X95.505 Y176.372
G1 X95.290 Y175.022
G1 X96.030 Y175.552
G1 X96.145 Y175.592
G1 X96.248 Y175.530
G1 X96.285 Y175.372
G1 X96.140 Y175.077
G1 X95.190 Y174.432
G1 X94.971 Y173.508
G1 X94.693 Y172.805
G1 X94.343 Y172.360
G1 X93.910 Y172.212
G1 X93.679 Y172.252
G1 X93.375 Y172.552
G1 X93.335 Y172.782
G1 X93.405 Y173.150
G1 X93.615 Y173.545
G1 X94.018 Y173.999
G1 X94.665 Y174.547
G1 X94.695 Y174.742
G1 X94.473 Y174.535
G1 X94.200 Y174.462
G1 X93.921 Y174.519
G1 X93.705 Y174.687
G1 X93.566 Y174.947
G1 X93.566 Y175.667
G1 X93.705 Y176.035
G1 X94.198 Y176.610
G0 Z5.000 F500.000
G0 X94.530 Y176.205 F3000.000
G1 Z1.000 F500.000
G4 P100
G1 X94.250 Y175.802 F1000.000
G1 X94.145 Y175.272
G1 X94.208 Y175.042
G1 X94.380 Y174.967
G1 X94.600 Y175.107
G1 X94.910 Y176.362
G1 X94.530 Y176.205
G0 Z5.000 F500.000
G0 X94.550 Y173.952 F3000.000
G1 Z1.000 F500.000
G4 P100
G1 X93.995 Y173.357 F1000.000
G1 X93.825 Y172.892
G1 X93.858 Y172.752
G1 X93.965 Y172.697
G1 X94.098 Y172.772
G1 X94.248 Y172.997
G1 X94.550 Y173.952
G0 Z5.000 F500.000
G0 X96.173 Y174.512 F3000.000
G1 Z1.000 F500.000
G4 P100
G1 X96.068 Y174.662 F1000.000
G1 X95.990 Y175.302
G1 X96.036 Y175.936
G1 X96.175 Y176.537
G1 X96.323 Y176.750
G1 X96.610 Y176.817
G1 X96.750 Y176.792
G1 X96.790 Y176.697
G1 X96.585 Y175.617
G1 X96.955 Y176.317
G1 X97.358 Y176.702
G1 X97.720 Y176.817
G1 X97.964 Y176.736
G1 X98.045 Y176.492
G1 X97.840 Y175.212
G1 X97.876 Y175.062
G1 X97.985 Y175.012
G1 X98.223 Y175.135
G1 X98.725 Y175.602
G1 X98.828 Y175.542
G1 X98.865 Y175.377
G1 X98.770 Y175.067
G1 X98.308 Y174.632
G1 X98.043 Y174.505
G1 X97.521 Y174.499
G1 X97.263 Y174.790
G1 X97.230 Y175.037
G1 X97.365 Y175.972
G1 X97.310 Y176.052
G1 X97.127 Y175.885
G1 X96.888 Y175.442
G1 X96.562 Y174.545
G1 X96.335 Y174.462
G1 X96.173 Y174.512
G0 Z5.000 F500.000
G0 X98.458 Y175.085 F3000.000
G1 Z1.000 F500.000
G4 P100
G1 X98.385 Y175.527 F1000.000
G1 X98.530 Y176.170
G1 X98.933 Y176.642
G1 X99.515 Y176.817
G1 X99.776 Y176.774
G1 X99.980 Y176.645
G1 X100.111 Y176.442
G1 X100.155 Y176.177
G1 X100.093 Y175.857
G1 X99.908 Y175.585
G1 X99.574 Y175.363
G1 X99.070 Y175.192
G1 X99.251 Y175.020
G1 X99.545 Y174.962
G1 X100.058 Y175.120
G1 X100.690 Y175.602
G1 X100.793 Y175.542
G1 X100.830 Y175.377
G1 X100.735 Y175.067
G1 X100.213 Y174.652
G1 X99.490 Y174.462
G1 X99.024 Y174.534
G1 X98.675 Y174.747
G1 X98.458 Y175.085
G0 Z5.000 F500.000
G0 X98.990 Y175.592 F3000.000
G1 Z1.000 F500.000
G4 P100
G1 X99.455 Y175.792 F1000.000
G1 X99.583 Y175.944
G1 X99.573 Y176.270
G1 X99.430 Y176.327
G1 X99.259 Y176.274
G1 X99.118 Y176.112
G1 X98.990 Y175.592
G0 Z5.000 F500.000
G0 X100.403 Y175.668 F3000.000
G1 Z1.000 F500.000
G4 P100
G1 X100.732 Y176.336 F1000.000
G1 X100.998 Y176.585
G1 X101.665 Y176.842
G1 X101.803 Y177.742
G1 X102.028 Y178.500
G1 X102.337 Y179.015
G1 X102.523 Y179.144
G1 X102.927 Y179.139
G1 X103.088 Y178.992
G1 X103.194 Y178.747
G1 X103.161 Y177.795
G1 X102.955 Y177.092
G1 X102.220 Y175.552
G1 X102.308 Y175.137
G1 X102.480 Y175.012
G1 X102.755 Y175.132
G1 X103.265 Y175.602
G1 X103.368 Y175.542
G1 X103.405 Y175.377
G1 X103.310 Y175.067
G1 X102.616 Y174.507
G1 X102.375 Y174.462
G1 X102.040 Y174.574
G1 X101.795 Y174.907
G1 X101.428 Y174.552
G1 X101.060 Y174.462
G1 X100.782 Y174.519
G1 X100.558 Y174.690
G1 X100.409 Y174.952
G1 X100.403 Y175.668
G0 Z5.000 F500.000
G0 X100.985 Y175.332 F3000.000
G1 Z1.000 F500.000
G4 P100
G1 X101.048 Y175.059 F1000.000
G1 X101.235 Y174.967
G1 X101.425 Y175.045
G1 X101.665 Y175.332
G1 X101.625 Y176.327
G1 X101.373 Y176.193
G1 X101.168 Y175.960
G1 X100.985 Y175.332
G0 Z5.000 F500.000
G0 X102.225 Y176.337 F3000.000
G1 Z1.000 F500.000
G4 P100
G1 X102.645 Y177.437 F1000.000
G1 X102.785 Y178.297
G1 X102.675 Y178.697
G1 X102.485 Y178.360
G1 X102.225 Y176.337
G0 Z5.000 F500.000
G0 X104.553 Y176.905 F3000.000
G1 Z1.000 F500.000
G4 P100
G1 X104.799 Y177.807 F1000.000
G1 X105.123 Y178.540
G1 X105.503 Y179.025
G1 X105.920 Y179.187
G1 X106.129 Y179.135
G1 X106.387 Y178.731
G1 X106.420 Y178.412
G1 X106.332 Y177.812
G1 X106.069 Y177.185
G1 X105.630 Y176.532
G1 X105.015 Y175.852
G1 X105.000 Y173.935
G1 X105.115 Y173.392
G1 X105.228 Y173.522
G1 X105.265 Y173.912
G1 X105.070 Y175.437
G1 X105.113 Y175.602
G1 X105.355 Y175.852
G1 X106.320 Y175.887
G1 X106.425 Y175.835
G1 X106.460 Y175.677
G1 X106.305 Y175.381
G1 X105.840 Y175.282
G1 X105.495 Y175.327
G1 X105.645 Y174.017
G1 X105.601 Y173.541
G1 X105.470 Y173.192
G1 X105.268 Y172.979
G1 X105.010 Y172.907
G1 X104.702 Y173.035
G1 X104.498 Y173.417
G1 X104.383 Y174.057
G1 X104.397 Y175.924
G1 X104.553 Y176.905
G0 Z5.000 F500.000
G0 X105.105 Y176.517 F3000.000
G1 Z1.000 F500.000
G4 P100
G1 X105.459 Y176.982 F1000.000
G1 X105.883 Y177.942
G1 X105.940 Y178.387
G1 X105.909 Y178.616
G1 X105.815 Y178.692
G1 X105.593 Y178.387
G1 X105.330 Y177.580
G1 X105.105 Y176.517
G0 Z5.000 F500.000
G0 X106.423 Y176.455 F3000.000
G1 Z1.000 F500.000
G4 P100
G1 X106.919 Y176.780 F1000.000
G1 X107.215 Y176.822
G1 X107.558 Y176.757
G1 X107.828 Y176.560
G1 X108.012 Y176.267
G1 X108.100 Y175.912
G1 X108.730 Y176.022
G1 X108.830 Y175.957
G1 X108.829 Y175.601
G1 X108.720 Y175.507
G1 X108.060 Y175.387
G1 X107.919 Y175.009
G1 X107.685 Y174.715
G1 X107.386 Y174.525
G1 X106.772 Y174.499
G1 X106.538 Y174.607
G1 X106.215 Y174.992
G1 X106.105 Y175.512
G1 X106.250 Y176.190
G1 X106.423 Y176.455
G0 Z5.000 F500.000
G0 X106.763 Y175.868 F3000.000
G1 Z1.000 F500.000
G4 P100
G1 X106.730 Y175.557 F1000.000
G1 X106.838 Y175.137
G1 X107.090 Y174.992
G1 X107.368 Y175.122
G1 X107.525 Y175.497
G1 X107.288 Y175.772
G1 X107.220 Y176.292
G1 X107.018 Y176.244
G1 X106.863 Y176.100
G1 X106.763 Y175.868
G0 Z5.000 F500.000
G0 X108.491 Y175.936 F3000.000
G1 Z1.000 F500.000
G4 P100
G1 X108.630 Y176.537 F1000.000
G1 X108.778 Y176.750
G1 X109.065 Y176.817
G1 X109.205 Y176.792
G1 X109.245 Y176.697
G1 X109.040 Y175.617
G1 X109.410 Y176.317
G1 X109.813 Y176.702
G1 X110.175 Y176.817
G1 X110.419 Y176.736
G1 X110.500 Y176.492
G1 X110.446 Y175.796
G1 X110.540 Y175.752
G1 X111.035 Y176.037
G1 X111.138 Y175.980
G1 X111.175 Y175.827
G1 X111.075 Y175.537
G1 X110.748 Y175.290
G1 X110.350 Y175.187
G1 X110.117 Y175.221
G1 X109.844 Y175.481
G1 X109.780 Y176.052
G1 X109.583 Y175.885
G1 X109.340 Y175.442
G1 X109.018 Y174.545
G1 X108.790 Y174.462
G1 X108.628 Y174.512
G1 X108.523 Y174.662
G1 X108.445 Y175.302
G1 X108.491 Y175.936
G0 Z5.000 F500.000
G0 X112.115 Y175.477 F3000.000
G1 Z1.000 F500.000
G4 P100
G1 X112.075 Y175.887 F1000.000
G1 X112.156 Y176.619
G1 X112.400 Y177.295
G1 X112.803 Y177.879
G1 X113.360 Y178.335
G1 X114.059 Y178.629
G1 X114.885 Y178.727
G1 X115.378 Y178.692
G1 X115.960 Y178.517
G1 X115.995 Y178.387
G1 X115.898 Y178.142
G1 X115.670 Y178.027
G1 X114.775 Y178.147
G1 X114.188 Y178.070
G1 X113.695 Y177.840
G1 X113.306 Y177.483
G1 X113.030 Y177.027
G1 X112.865 Y176.502
G1 X112.810 Y175.937
G1 X112.852 Y175.560
G1 X112.978 Y175.280
G1 X113.171 Y175.105
G1 X113.415 Y175.047
G1 X113.701 Y175.110
G1 X113.950 Y175.297
G1 X114.170 Y175.625
G1 X114.370 Y176.107
G1 X114.745 Y177.627
G1 X114.865 Y177.817
G1 X115.105 Y177.867
G1 X115.371 Y177.810
G1 X115.460 Y177.637
G1 X115.100 Y175.572
G1 X115.180 Y175.180
G1 X115.425 Y175.057
G1 X115.730 Y175.165
G1 X116.230 Y175.602
G1 X116.333 Y175.542
G1 X116.370 Y175.377
G1 X116.275 Y175.067
G1 X115.795 Y174.617
G1 X115.220 Y174.462
G1 X114.904 Y174.513
G1 X114.655 Y174.665
G1 X114.480 Y174.909
G1 X114.385 Y175.237
G1 X113.928 Y174.656
G1 X113.633 Y174.511
G1 X112.967 Y174.505
G1 X112.424 Y174.840
G1 X112.115 Y175.477
G0 Z5.000 F500.000
G0 X115.955 Y175.127 F3000.000
G1 Z1.000 F500.000
G4 P100
G1 X116.033 Y175.385 F1000.000
G1 X116.250 Y175.477
G1 X116.420 Y175.420
G1 X116.691 Y174.994
G1 X117.035 Y174.917
G1 X117.340 Y175.030
G1 X117.460 Y175.307
G1 X117.402 Y175.502
G1 X117.226 Y175.645
G1 X116.238 Y175.842
G1 X116.150 Y176.027
G1 X116.320 Y176.837
G1 X116.150 Y176.885
G1 X116.090 Y177.017
G1 X116.150 Y177.220
G1 X116.330 Y177.337
G1 X117.140 Y177.407
G1 X117.750 Y177.395
G1 X118.185 Y177.290
G1 X118.158 Y176.920
G1 X117.930 Y176.847
G1 X116.935 Y176.867
G1 X116.790 Y176.267
G1 X117.358 Y176.184
G1 X117.770 Y176.002
G1 X118.021 Y175.731
G1 X118.105 Y175.377
G1 X117.973 Y174.910
G1 X117.585 Y174.582
G1 X116.985 Y174.462
G1 X116.566 Y174.507
G1 X116.238 Y174.642
G1 X116.026 Y174.854
G1 X115.955 Y175.127
G0 Z5.000 F500.000
G0 X119.890 Y175.302 F3000.000
G1 Z1.000 F500.000
G4 P100
G1 X120.075 Y176.537 F1000.000
G1 X120.223 Y176.750
G1 X120.510 Y176.817
G1 X120.650 Y176.792
G1 X120.690 Y176.697
G1 X120.485 Y175.617
G1 X120.855 Y176.317
G1 X121.258 Y176.702
G1 X121.620 Y176.817
G1 X121.864 Y176.736
G1 X121.945 Y176.492
G1 X121.891 Y175.796
G1 X121.985 Y175.752
G1 X122.480 Y176.037
G1 X122.583 Y175.980
G1 X122.620 Y175.827
G1 X122.520 Y175.537
G1 X122.193 Y175.290
G1 X121.795 Y175.187
G1 X121.562 Y175.221
G1 X121.289 Y175.481
G1 X121.225 Y176.052
G1 X121.028 Y175.885
G1 X120.785 Y175.442
G1 X120.463 Y174.545
G1 X120.235 Y174.462
G1 X120.073 Y174.512
G1 X119.968 Y174.662
G1 X119.890 Y175.302
G0 Z5.000 F500.000
G0 X122.153 Y175.085 F3000.000
G1 Z1.000 F500.000
G4 P100
G1 X122.080 Y175.527 F1000.000
G1 X122.225 Y176.170
G1 X122.628 Y176.642
G1 X123.210 Y176.817
G1 X123.471 Y176.774
G1 X123.675 Y176.645
G1 X123.806 Y176.442
G1 X123.850 Y176.177
G1 X123.788 Y175.857
G1 X123.603 Y175.585
G1 X123.269 Y175.363
G1 X122.765 Y175.192
G1 X122.946 Y175.020
G1 X123.240 Y174.962
G1 X123.753 Y175.120
G1 X124.385 Y175.602
G1 X124.488 Y175.542
G1 X124.525 Y175.377
G1 X124.430 Y175.067
G1 X123.908 Y174.652
G1 X123.185 Y174.462
G1 X122.719 Y174.534
G1 X122.370 Y174.747
G1 X122.153 Y175.085
G0 Z5.000 F500.000
G0 X122.685 Y175.592 F3000.000
G1 Z1.000 F500.000
G4 P100
G1 X123.150 Y175.792 F1000.000
G1 X123.278 Y175.944
G1 X123.268 Y176.270
G1 X123.125 Y176.327
G1 X122.954 Y176.274
G1 X122.813 Y176.112
G1 X122.685 Y175.592
G0 Z5.000 F500.000
G0 X124.165 Y176.012 F3000.000
G1 Z1.000 F500.000
G4 P100
G1 X124.233 Y176.212 F1000.000
G1 X124.430 Y176.287
G1 X125.455 Y176.387
G1 X125.648 Y176.325
G1 X125.715 Y176.112
G1 X125.650 Y175.904
G1 X125.455 Y175.817
G1 X124.430 Y175.717
G1 X124.238 Y175.787
G1 X124.165 Y176.012
G0 Z5.000 F500.000
G0 X125.811 Y174.765 F3000.000
G1 Z1.000 F500.000
G4 P100
G1 X126.220 Y175.517 F1000.000
G1 X126.210 Y176.532
G1 X126.325 Y176.762
G1 X126.625 Y176.847
G1 X126.778 Y176.805
G1 X126.835 Y176.452
G1 X127.150 Y176.740
G1 X127.480 Y176.827
G1 X127.734 Y176.771
G1 X127.938 Y176.602
G1 X128.071 Y176.342
G1 X128.115 Y176.012
G1 X128.030 Y175.497
G1 X127.795 Y175.042
G1 X127.970 Y175.012
G1 X128.285 Y175.132
G1 X128.805 Y175.602
G1 X128.908 Y175.542
G1 X128.945 Y175.377
G1 X128.850 Y175.067
G1 X128.388 Y174.632
G1 X128.123 Y174.505
G1 X127.585 Y174.510
G1 X127.395 Y174.652
G1 X126.800 Y174.462
G1 X126.694 Y173.577
G1 X126.505 Y172.850
G1 X126.221 Y172.364
G1 X125.830 Y172.202
G1 X125.595 Y172.251
G1 X125.430 Y172.397
G1 X125.300 Y172.937
G1 X125.525 Y174.080
G1 X125.811 Y174.765
G0 Z5.000 F500.000
G0 X125.870 Y173.787 F3000.000
G1 Z1.000 F500.000
G4 P100
G1 X125.745 Y173.022 F1000.000
G1 X125.783 Y172.777
G1 X125.870 Y172.692
G1 X125.994 Y172.839
G1 X126.095 Y173.280
G1 X126.210 Y174.742
G1 X125.870 Y173.787
G0 Z5.000 F500.000
G0 X126.825 Y174.942 F3000.000
G1 Z1.000 F500.000
G4 P100
G1 X127.158 Y175.140 F1000.000
G1 X127.400 Y175.530
G1 X127.490 Y176.017
G1 X127.430 Y176.245
G1 X127.270 Y176.322
G1 X127.071 Y176.227
G1 X126.835 Y175.942
G1 X126.825 Y174.942
G0 Z5.000 F500.000
G0 X128.475 Y175.277 F3000.000
G1 Z1.000 F500.000
G4 P100
G1 X128.521 Y175.667 F1000.000
G1 X128.876 Y176.357
G1 X129.469 Y176.773
G1 X129.805 Y176.827
G1 X129.953 Y176.785
G1 X130.015 Y176.632
G1 X130.419 Y176.609
G1 X130.480 Y176.477
G1 X130.290 Y175.177
G1 X130.328 Y175.057
G1 X130.425 Y175.012
G1 X130.655 Y175.135
G1 X131.155 Y175.602
G1 X131.258 Y175.542
G1 X131.295 Y175.377
G1 X131.200 Y175.067
G1 X130.765 Y174.637
G1 X130.320 Y174.462
G1 X130.018 Y174.575
G1 X129.810 Y174.882
G1 X129.516 Y174.567
G1 X129.155 Y174.462
G1 X128.876 Y174.519
G1 X128.660 Y174.687
G1 X128.521 Y174.947
G1 X128.475 Y175.277
G0 Z5.000 F500.000
G0 X129.163 Y175.042 F3000.000
G1 Z1.000 F500.000
G4 P100
G1 X129.335 Y174.967 F1000.000
G1 X129.545 Y175.097
G1 X129.690 Y175.442
G1 X129.875 Y176.362
G1 X129.488 Y176.205
G1 X129.205 Y175.802
G1 X129.100 Y175.272
G1 X129.163 Y175.042
G0 Z5.000 F500.000
G0 X130.825 Y175.277 F3000.000
G1 Z1.000 F500.000
G4 P100
G1 X130.871 Y175.667 F1000.000
G1 X131.226 Y176.357
G1 X131.819 Y176.773
G1 X132.155 Y176.827
G1 X132.303 Y176.785
G1 X132.365 Y176.632
G1 X132.763 Y176.615
G1 X132.815 Y176.467
G1 X132.595 Y175.022
G1 X133.335 Y175.552
G1 X133.450 Y175.592
G1 X133.553 Y175.530
G1 X133.590 Y175.372
G1 X133.445 Y175.077
G1 X132.495 Y174.432
G1 X132.276 Y173.508
G1 X131.998 Y172.805
G1 X131.648 Y172.360
G1 X131.215 Y172.212
G1 X130.984 Y172.252
G1 X130.680 Y172.552
G1 X130.640 Y172.782
G1 X130.710 Y173.150
G1 X130.920 Y173.545
G1 X131.323 Y173.999
G1 X131.970 Y174.547
G1 X132.000 Y174.742
G1 X131.778 Y174.535
G1 X131.505 Y174.462
G1 X131.226 Y174.519
G1 X131.010 Y174.687
G1 X130.871 Y174.947
G1 X130.825 Y175.277
G0 Z5.000 F500.000
G0 X131.513 Y175.042 F3000.000
G1 Z1.000 F500.000
G4 P100
G1 X131.685 Y174.967 F1000.000
G1 X131.905 Y175.107
G1 X132.215 Y176.362
G1 X131.835 Y176.205
G1 X131.555 Y175.802
G1 X131.450 Y175.272
G1 X131.513 Y175.042
G0 Z5.000 F500.000
G0 X131.855 Y173.952 F3000.000
G1 Z1.000 F500.000
G4 P100
G1 X131.300 Y173.357 F1000.000
G1 X131.130 Y172.892
G1 X131.163 Y172.752
G1 X131.270 Y172.697
G1 X131.403 Y172.772
G1 X131.553 Y172.997
G1 X131.855 Y173.952
G0 Z5.000 F500.000
G0 X133.428 Y174.692 F3000.000
G1 Z1.000 F500.000
G4 P100
G1 X133.280 Y175.302 F1000.000
G1 X133.485 Y176.537
G1 X133.605 Y176.757
G1 X133.845 Y176.817
G1 X134.036 Y176.775
G1 X134.100 Y176.647
G1 X133.885 Y175.322
G1 X133.925 Y175.092
G1 X134.060 Y175.012
G1 X134.285 Y175.137
G1 X134.780 Y175.602
G1 X134.883 Y175.542
G1 X134.920 Y175.377
G1 X134.825 Y175.067
G1 X134.346 Y174.614
G1 X133.900 Y174.462
G1 X133.619 Y174.520
G1 X133.428 Y174.692
G0 Z5.000 F500.000
G0 X133.940 Y177.147 F3000.000
G1 Z1.000 F500.000
G4 P100
G1 X133.625 Y177.245 F1000.000
G1 X133.520 Y177.517
G1 X133.658 Y177.810
G1 X134.000 Y177.927
G1 X134.300 Y177.837
G1 X134.415 Y177.582
G1 X134.285 Y177.265
G1 X133.940 Y177.147
G0 Z5.000 F500.000
G0 X134.858 Y176.750 F3000.000
G1 Z1.000 F500.000
G4 P100
G1 X135.145 Y176.817 F1000.000
G1 X135.285 Y176.792
G1 X135.325 Y176.697
G1 X135.120 Y175.617
G1 X135.490 Y176.317
G1 X135.893 Y176.702
G1 X136.255 Y176.817
G1 X136.499 Y176.736
G1 X136.580 Y176.492
G1 X136.375 Y175.212
G1 X136.411 Y175.062
G1 X136.520 Y175.012
G1 X136.758 Y175.135
G1 X137.260 Y175.602
G1 X137.363 Y175.542
G1 X137.400 Y175.377
G1 X137.305 Y175.067
G1 X136.843 Y174.632
G1 X136.578 Y174.505
G1 X136.056 Y174.499
G1 X135.798 Y174.790
G1 X135.765 Y175.037
G1 X135.900 Y175.972
G1 X135.845 Y176.052
G1 X135.663 Y175.885
G1 X135.423 Y175.442
G1 X135.098 Y174.545
G1 X134.870 Y174.462
G1 X134.708 Y174.512
G1 X134.603 Y174.662
G1 X134.525 Y175.302
G1 X134.571 Y175.936
G1 X134.710 Y176.537
G1 X134.858 Y176.750
G0 Z5.000 F500.000
G0 X136.976 Y175.667 F3000.000
G1 Z1.000 F500.000
G4 P100
G1 X137.331 Y176.357 F1000.000
G1 X137.608 Y176.610
G1 X137.924 Y176.773
G1 X138.260 Y176.827
G1 X138.408 Y176.785
G1 X138.470 Y176.632
G1 X138.874 Y176.609
G1 X138.935 Y176.477
G1 X138.745 Y175.177
G1 X138.783 Y175.057
G1 X138.880 Y175.012
G1 X139.110 Y175.135
G1 X139.610 Y175.602
G1 X139.713 Y175.542
G1 X139.750 Y175.377
G1 X139.655 Y175.067
G1 X139.220 Y174.637
G1 X138.775 Y174.462
G1 X138.473 Y174.575
G1 X138.265 Y174.882
G1 X137.971 Y174.567
G1 X137.610 Y174.462
G1 X137.331 Y174.519
G1 X137.115 Y174.687
G1 X136.976 Y174.947
G1 X136.976 Y175.667
G0 Z5.000 F500.000
G0 X137.555 Y175.272 F3000.000
G1 Z1.000 F500.000
G4 P100
G1 X137.618 Y175.042 F1000.000
G1 X137.790 Y174.967
G1 X138.000 Y175.097
G1 X138.145 Y175.442
G1 X138.330 Y176.362
G1 X137.943 Y176.205
G1 X137.660 Y175.802
G1 X137.555 Y175.272
G0 Z5.000 F500.000
G0 X139.163 Y176.397 F3000.000
G1 Z1.000 F500.000
G4 P100
G1 X139.110 Y176.572 F1000.000
G1 X139.166 Y176.782
G1 X139.620 Y176.852
G1 X139.880 Y177.857
G1 X140.303 Y178.582
G1 X140.559 Y178.785
G1 X140.835 Y178.852
G1 X141.023 Y178.806
G1 X141.165 Y178.667
G1 X141.285 Y178.202
G1 X141.244 Y177.827
G1 X141.123 Y177.477
G1 X140.635 Y176.852
G1 X141.310 Y176.817
G1 X141.310 Y176.536
G1 X141.204 Y176.429
G1 X140.780 Y176.342
G1 X140.170 Y176.342
G1 X140.191 Y175.510
G1 X140.283 Y175.222
G1 X140.441 Y175.065
G1 X140.670 Y175.012
G1 X141.050 Y175.142
G1 X141.575 Y175.602
G1 X141.678 Y175.542
G1 X141.715 Y175.377
G1 X141.620 Y175.067
G1 X141.150 Y174.632
G1 X140.876 Y174.505
G1 X140.565 Y174.462
G1 X140.119 Y174.552
G1 X139.800 Y174.821
G1 X139.609 Y175.270
G1 X139.560 Y176.342
G1 X139.163 Y176.397
G0 Z5.000 F500.000
G0 X140.220 Y176.927 F3000.000
G1 Z1.000 F500.000
G4 P100
G1 X140.663 Y177.500 F1000.000
G1 X140.810 Y178.077
G1 X140.783 Y178.299
G1 X140.700 Y178.372
G1 X140.533 Y178.185
G1 X140.358 Y177.665
G1 X140.220 Y176.927
G0 Z5.000 F500.000
G0 X141.545 Y177.517 F3000.000
G1 Z1.000 F500.000
G4 P100
G1 X141.683 Y177.810 F1000.000
G1 X142.025 Y177.927
G1 X142.325 Y177.837
G1 X142.440 Y177.582
G1 X142.310 Y177.265
G1 X141.965 Y177.147
G1 X141.650 Y177.245
G1 X141.545 Y177.517
G0 Z5.000 F500.000
G0 X141.870 Y176.817 F3000.000
G1 Z1.000 F500.000
G4 P100
G1 X142.061 Y176.775 F1000.000
G1 X142.125 Y176.647
G1 X141.910 Y175.322
G1 X141.950 Y175.092
G1 X142.085 Y175.012
G1 X142.310 Y175.137
G1 X142.805 Y175.602
G1 X142.908 Y175.542
G1 X142.945 Y175.377
G1 X142.850 Y175.067
G1 X142.371 Y174.614
G1 X141.925 Y174.462
G1 X141.644 Y174.520
G1 X141.453 Y174.692
G1 X141.305 Y175.302
G1 X141.510 Y176.537
G1 X141.630 Y176.757
G1 X141.870 Y176.817
G0 Z5.000 F500.000
G0 X142.610 Y176.190 F3000.000
G1 Z1.000 F500.000
G4 P100
G1 X142.783 Y176.455 F1000.000
G1 X143.279 Y176.780
G1 X143.575 Y176.822
G1 X143.918 Y176.757
G1 X144.188 Y176.560
G1 X144.372 Y176.267
G1 X144.460 Y175.912
G1 X145.090 Y176.022
G1 X145.190 Y175.957
G1 X145.189 Y175.601
G1 X145.080 Y175.507
G1 X144.420 Y175.387
G1 X144.279 Y175.009
G1 X144.045 Y174.715
G1 X143.746 Y174.525
G1 X143.132 Y174.499
G1 X142.898 Y174.607
G1 X142.575 Y174.992
G1 X142.465 Y175.512
G1 X142.610 Y176.190
G0 Z5.000 F500.000
G0 X143.090 Y175.557 F3000.000
G1 Z1.000 F500.000
G4 P100
G1 X143.198 Y175.137 F1000.000
G1 X143.450 Y174.992
G1 X143.728 Y175.122
G1 X143.885 Y175.497
G1 X143.648 Y175.772
G1 X143.580 Y176.292
G1 X143.378 Y176.244
G1 X143.223 Y176.100
G1 X143.090 Y175.557
G0 Z5.000 F500.000
G0 X144.851 Y175.936 F3000.000
G1 Z1.000 F500.000
G4 P100
G1 X144.990 Y176.537 F1000.000
G1 X145.138 Y176.750
G1 X145.425 Y176.817
G1 X145.565 Y176.792
G1 X145.605 Y176.697
G1 X145.400 Y175.617
G1 X145.770 Y176.317
G1 X146.173 Y176.702
G1 X146.535 Y176.817
G1 X146.779 Y176.736
G1 X146.860 Y176.492
G1 X146.655 Y175.212
G1 X146.691 Y175.062
G1 X146.800 Y175.012
G1 X147.038 Y175.135
G1 X147.540 Y175.602
G1 X147.643 Y175.542
G1 X147.680 Y175.377
G1 X147.585 Y175.067
G1 X147.123 Y174.632
G1 X146.858 Y174.505
G1 X146.336 Y174.499
G1 X146.078 Y174.790
G1 X146.045 Y175.037
G1 X146.180 Y175.972
G1 X146.125 Y176.052
G1 X145.943 Y175.885
G1 X145.703 Y175.442
G1 X145.378 Y174.545
G1 X145.150 Y174.462
G1 X144.988 Y174.512
G1 X144.883 Y174.662
G1 X144.805 Y175.302
G1 X144.851 Y175.936
G0 Z5.000 F500.000
G0 X41.197 Y163.843 F3000.000
G1 Z1.000 F500.000
G4 P100
G1 X41.142 Y163.435 F1000.000
G1 X40.977 Y163.063
G1 X40.707 Y162.740
G1 X40.337 Y162.483
G1 X39.877 Y162.304
G1 X39.337 Y162.218
G1 X39.122 Y161.013
G1 X38.890 Y160.491
G1 X38.693 Y160.361
G1 X38.149 Y160.363
G1 X37.648 Y160.725
G1 X37.351 Y161.460
G1 X37.312 Y161.958
G1 X37.394 Y162.896
G1 X37.640 Y163.680
G1 X38.024 Y164.299
G1 X38.520 Y164.740
G1 X39.101 Y165.004
G1 X39.737 Y165.093
G1 X40.172 Y165.051
G1 X40.822 Y164.733
G1 X41.030 Y164.480
G1 X41.197 Y163.843
G0 Z5.000 F500.000
G0 X40.398 Y164.097 F3000.000
G1 Z1.000 F500.000
G4 P100
G1 X40.235 Y164.335 F1000.000
G1 X39.958 Y164.491
G1 X39.562 Y164.543
G1 X39.081 Y164.461
G1 X38.665 Y164.218
G1 X38.326 Y163.829
G1 X38.075 Y163.315
G1 X37.919 Y162.697
G1 X37.867 Y161.998
G1 X37.930 Y161.448
G1 X38.090 Y161.075
G1 X38.277 Y160.943
G1 X38.387 Y161.029
G1 X38.632 Y162.233
G1 X38.267 Y162.350
G1 X38.222 Y162.523
G1 X38.285 Y162.698
G1 X38.457 Y162.763
G1 X38.717 Y162.733
G1 X38.902 Y163.778
G1 X39.040 Y164.020
G1 X39.292 Y164.093
G1 X39.530 Y164.030
G1 X39.602 Y163.833
G1 X39.427 Y162.733
G1 X39.876 Y162.848
G1 X40.196 Y163.064
G1 X40.388 Y163.380
G1 X40.452 Y163.798
G1 X40.398 Y164.097
G0 Z5.000 F500.000
G0 X41.702 Y163.128 F3000.000
G1 Z1.000 F500.000
G4 P100
G1 X41.987 Y163.193 F1000.000
G1 X42.140 Y163.158
G1 X42.182 Y163.053
G1 X41.972 Y161.600
G1 X42.052 Y161.558
G1 X42.240 Y161.708
G1 X42.850 Y163.128
G1 X43.097 Y163.193
G1 X43.257 Y163.165
G1 X43.302 Y163.063
G1 X43.037 Y161.588
G1 X43.077 Y161.440
G1 X43.182 Y161.388
G1 X43.420 Y161.510
G1 X43.922 Y161.978
G1 X44.025 Y161.918
G1 X44.062 Y161.753
G1 X43.967 Y161.443
G1 X43.505 Y161.008
G1 X42.942 Y160.838
G1 X42.734 Y160.884
G1 X42.590 Y161.023
G1 X42.477 Y161.543
G1 X42.222 Y161.020
G1 X41.857 Y160.838
G1 X41.653 Y160.889
G1 X41.383 Y161.278
G1 X41.347 Y161.563
G1 X41.397 Y162.250
G1 X41.562 Y162.913
G1 X41.702 Y163.128
G0 Z5.000 F500.000
G0 X43.714 Y162.311 F3000.000
G1 Z1.000 F500.000
G4 P100
G1 X43.852 Y162.913 F1000.000
G1 X44.000 Y163.125
G1 X44.287 Y163.193
G1 X44.427 Y163.168
G1 X44.467 Y163.073
G1 X44.262 Y161.993
G1 X44.632 Y162.693
G1 X45.035 Y163.078
G1 X45.397 Y163.193
G1 X45.641 Y163.111
G1 X45.722 Y162.868
G1 X45.669 Y162.171
G1 X45.762 Y162.128
G1 X46.257 Y162.413
G1 X46.360 Y162.355
G1 X46.397 Y162.203
G1 X46.297 Y161.913
G1 X45.970 Y161.665
G1 X45.572 Y161.563
G1 X45.339 Y161.596
G1 X45.067 Y161.856
G1 X45.002 Y162.428
G1 X44.805 Y162.260
G1 X44.562 Y161.818
G1 X44.240 Y160.920
G1 X44.012 Y160.838
G1 X43.851 Y160.888
G1 X43.745 Y161.038
G1 X43.667 Y161.678
G1 X43.714 Y162.311
G0 Z5.000 F500.000
G0 X45.609 Y161.141 F3000.000
G1 Z1.000 F500.000
G4 P100
G1 X46.017 Y161.893 F1000.000
G1 X46.007 Y162.908
G1 X46.122 Y163.138
G1 X46.422 Y163.223
G1 X46.575 Y163.180
G1 X46.632 Y162.828
G1 X46.947 Y163.115
G1 X47.277 Y163.203
G1 X47.532 Y163.146
G1 X47.735 Y162.978
G1 X47.868 Y162.718
G1 X47.912 Y162.388
G1 X47.827 Y161.873
G1 X47.592 Y161.418
G1 X47.767 Y161.388
G1 X48.082 Y161.508
G1 X48.602 Y161.978
G1 X48.705 Y161.918
G1 X48.742 Y161.753
G1 X48.647 Y161.443
G1 X48.185 Y161.008
G1 X47.921 Y160.880
G1 X47.382 Y160.885
G1 X47.192 Y161.028
G1 X46.597 Y160.838
G1 X46.491 Y159.952
G1 X46.302 Y159.225
G1 X46.019 Y158.739
G1 X45.627 Y158.578
G1 X45.392 Y158.626
G1 X45.227 Y158.773
G1 X45.097 Y159.313
G1 X45.322 Y160.455
G1 X45.609 Y161.141
G0 Z5.000 F500.000
G0 X45.667 Y160.163 F3000.000
G1 Z1.000 F500.000
G4 P100
G1 X45.542 Y159.398 F1000.000
G1 X45.580 Y159.153
G1 X45.667 Y159.068
G1 X45.791 Y159.214
G1 X45.892 Y159.655
G1 X46.007 Y161.118
G1 X45.667 Y160.163
G0 Z5.000 F500.000
G0 X46.622 Y161.318 F3000.000
G1 Z1.000 F500.000
G4 P100
G1 X46.955 Y161.515 F1000.000
G1 X47.197 Y161.905
G1 X47.287 Y162.393
G1 X47.227 Y162.620
G1 X47.067 Y162.698
G1 X46.869 Y162.603
G1 X46.632 Y162.318
G1 X46.622 Y161.318
G0 Z5.000 F500.000
G0 X48.262 Y161.888 F3000.000
G1 Z1.000 F500.000
G4 P100
G1 X48.407 Y162.565 F1000.000
G1 X48.580 Y162.830
G1 X49.076 Y163.156
G1 X49.372 Y163.198
G1 X49.716 Y163.132
G1 X49.985 Y162.935
G1 X50.169 Y162.642
G1 X50.257 Y162.288
G1 X50.887 Y162.398
G1 X50.987 Y162.333
G1 X51.022 Y162.168
G1 X50.986 Y161.976
G1 X50.877 Y161.883
G1 X50.217 Y161.763
G1 X50.076 Y161.384
G1 X49.842 Y161.090
G1 X49.544 Y160.901
G1 X49.207 Y160.838
G1 X48.695 Y160.983
G1 X48.372 Y161.368
G1 X48.262 Y161.888
G0 Z5.000 F500.000
G0 X48.995 Y161.513 F3000.000
G1 Z1.000 F500.000
G4 P100
G1 X49.247 Y161.368 F1000.000
G1 X49.525 Y161.498
G1 X49.682 Y161.873
G1 X49.445 Y162.148
G1 X49.377 Y162.668
G1 X49.176 Y162.619
G1 X49.020 Y162.475
G1 X48.921 Y162.243
G1 X48.887 Y161.933
G1 X48.995 Y161.513
G0 Z5.000 F500.000
G0 X50.297 Y161.313 F3000.000
G1 Z1.000 F500.000
G4 P100
G1 X50.847 Y162.138 F1000.000
G1 X51.272 Y163.028
G1 X51.419 Y163.193
G1 X51.667 Y163.248
G1 X51.862 Y163.223
G1 X51.917 Y163.143
G1 X51.752 Y162.613
G1 X52.210 Y161.865
G1 X52.282 Y161.403
G1 X52.992 Y161.978
G1 X53.095 Y161.918
G1 X53.132 Y161.753
G1 X53.037 Y161.443
G1 X52.560 Y161.020
G1 X51.522 Y160.728
G1 X51.125 Y160.848
G1 X50.987 Y161.118
G1 X51.082 Y161.343
G1 X51.362 Y161.438
G1 X51.647 Y161.408
G1 X51.590 Y161.653
G1 X51.307 Y162.063
G1 X50.667 Y161.203
G1 X50.477 Y161.113
G1 X50.347 Y161.170
G1 X50.297 Y161.313
G0 Z5.000 F500.000
G0 X52.725 Y161.460 F3000.000
G1 Z1.000 F500.000
G4 P100
G1 X52.652 Y161.903 F1000.000
G1 X52.797 Y162.545
G1 X53.200 Y163.018
G1 X53.782 Y163.193
G1 X54.044 Y163.149
G1 X54.247 Y163.020
G1 X54.379 Y162.817
G1 X54.422 Y162.553
G1 X54.361 Y162.232
G1 X54.175 Y161.960
G1 X53.842 Y161.738
G1 X53.337 Y161.568
G1 X53.519 Y161.395
G1 X53.812 Y161.338
G1 X54.325 Y161.495
G1 X54.957 Y161.978
G1 X55.060 Y161.918
G1 X55.097 Y161.753
G1 X55.002 Y161.443
G1 X54.480 Y161.028
G1 X53.757 Y160.838
G1 X53.291 Y160.909
G1 X52.942 Y161.123
G1 X52.725 Y161.460
G0 Z5.000 F500.000
G0 X53.257 Y161.968 F3000.000
G1 Z1.000 F500.000
G4 P100
G1 X53.722 Y162.168 F1000.000
G1 X53.850 Y162.319
G1 X53.840 Y162.645
G1 X53.697 Y162.703
G1 X53.527 Y162.649
G1 X53.385 Y162.488
G1 X53.257 Y161.968
G0 Z5.000 F500.000
G0 X54.767 Y162.698 F3000.000
G1 Z1.000 F500.000
G4 P100
G1 X54.895 Y163.058 F1000.000
G1 X55.252 Y163.193
G1 X55.585 Y163.085
G1 X55.697 Y162.768
G1 X55.567 Y162.400
G1 X55.212 Y162.263
G1 X54.880 Y162.383
G1 X54.767 Y162.698
G0 Z5.000 F500.000
G0 X55.077 Y161.768 F3000.000
G1 Z1.000 F500.000
G4 P100
G1 X55.410 Y161.660 F1000.000
G1 X55.522 Y161.343
G1 X55.392 Y160.975
G1 X55.037 Y160.838
G1 X54.705 Y160.958
G1 X54.592 Y161.273
G1 X54.720 Y161.633
G1 X55.077 Y161.768
G0 Z5.000 F500.000
G0 X57.237 Y161.658 F3000.000
G1 Z1.000 F500.000
G4 P100
G1 X57.280 Y162.043 F1000.000
G1 X57.609 Y162.711
G1 X58.191 Y163.133
G1 X58.542 Y163.218
G1 X58.681 Y164.117
G1 X58.905 Y164.875
G1 X59.214 Y165.391
G1 X59.400 Y165.520
G1 X59.804 Y165.514
G1 X59.965 Y165.368
G1 X60.072 Y165.123
G1 X60.039 Y164.170
G1 X59.832 Y163.468
G1 X59.097 Y161.928
G1 X59.185 Y161.513
G1 X59.357 Y161.388
G1 X59.632 Y161.508
G1 X60.142 Y161.978
G1 X60.245 Y161.918
G1 X60.282 Y161.753
G1 X60.187 Y161.443
G1 X59.494 Y160.882
G1 X59.252 Y160.838
G1 X58.917 Y160.949
G1 X58.672 Y161.283
G1 X58.305 Y160.928
G1 X57.937 Y160.838
G1 X57.659 Y160.894
G1 X57.435 Y161.065
G1 X57.287 Y161.327
G1 X57.237 Y161.658
G0 Z5.000 F500.000
G0 X57.925 Y161.434 F3000.000
G1 Z1.000 F500.000
G4 P100
G1 X58.112 Y161.343 F1000.000
G1 X58.302 Y161.420
G1 X58.542 Y161.708
G1 X58.502 Y162.703
G1 X58.251 Y162.568
G1 X57.908 Y162.037
G1 X57.862 Y161.708
G1 X57.925 Y161.434
G0 Z5.000 F500.000
G0 X59.102 Y162.713 F3000.000
G1 Z1.000 F500.000
G4 P100
G1 X59.522 Y163.813 F1000.000
G1 X59.662 Y164.673
G1 X59.552 Y165.073
G1 X59.362 Y164.735
G1 X59.102 Y162.713
G0 Z5.000 F500.000
G0 X60.121 Y162.812 F3000.000
G1 Z1.000 F500.000
G4 P100
G1 X60.624 Y163.149 F1000.000
G1 X61.194 Y163.149
G1 X61.397 Y163.020
G1 X61.529 Y162.817
G1 X61.572 Y162.553
G1 X61.511 Y162.232
G1 X61.325 Y161.960
G1 X60.992 Y161.738
G1 X60.487 Y161.568
G1 X60.669 Y161.395
G1 X60.962 Y161.338
G1 X61.475 Y161.495
G1 X62.107 Y161.978
G1 X62.210 Y161.918
G1 X62.247 Y161.753
G1 X62.152 Y161.443
G1 X61.630 Y161.028
G1 X61.281 Y160.885
G1 X60.907 Y160.838
G1 X60.441 Y160.909
G1 X60.092 Y161.123
G1 X59.875 Y161.460
G1 X59.802 Y161.903
G1 X59.947 Y162.545
G1 X60.121 Y162.812
G0 Z5.000 F500.000
G0 X60.535 Y162.488 F3000.000
G1 Z1.000 F500.000
G4 P100
G1 X60.407 Y161.968 F1000.000
G1 X60.872 Y162.168
G1 X61.042 Y162.493
G1 X60.990 Y162.645
G1 X60.847 Y162.703
G1 X60.677 Y162.649
G1 X60.535 Y162.488
G0 Z5.000 F500.000
G0 X61.607 Y162.948 F3000.000
G1 Z1.000 F500.000
G4 P100
G1 X61.664 Y163.158 F1000.000
G1 X62.117 Y163.228
G1 X62.377 Y164.233
G1 X62.800 Y164.958
G1 X63.057 Y165.160
G1 X63.332 Y165.228
G1 X63.520 Y165.181
G1 X63.662 Y165.043
G1 X63.782 Y164.578
G1 X63.742 Y164.203
G1 X63.620 Y163.853
G1 X63.132 Y163.228
G1 X63.807 Y163.193
G1 X63.807 Y162.912
G1 X63.701 Y162.804
G1 X63.277 Y162.718
G1 X62.667 Y162.718
G1 X62.688 Y161.885
G1 X62.780 Y161.598
G1 X62.938 Y161.440
G1 X63.167 Y161.388
G1 X63.547 Y161.518
G1 X64.072 Y161.978
G1 X64.175 Y161.918
G1 X64.212 Y161.753
G1 X64.117 Y161.443
G1 X63.647 Y161.008
G1 X63.374 Y160.880
G1 X63.062 Y160.838
G1 X62.616 Y160.927
G1 X62.297 Y161.196
G1 X62.106 Y161.645
G1 X62.057 Y162.718
G1 X61.660 Y162.773
G1 X61.607 Y162.948
G0 Z5.000 F500.000
G0 X62.717 Y163.303 F3000.000
G1 Z1.000 F500.000
G4 P100
G1 X63.160 Y163.875 F1000.000
G1 X63.307 Y164.453
G1 X63.280 Y164.674
G1 X63.197 Y164.748
G1 X63.030 Y164.560
G1 X62.855 Y164.040
G1 X62.717 Y163.303
G0 Z5.000 F500.000
G0 X64.051 Y162.812 F3000.000
G1 Z1.000 F500.000
G4 P100
G1 X64.554 Y163.149 F1000.000
G1 X65.124 Y163.149
G1 X65.327 Y163.020
G1 X65.459 Y162.817
G1 X65.502 Y162.553
G1 X65.441 Y162.232
G1 X65.255 Y161.960
G1 X64.922 Y161.738
G1 X64.417 Y161.568
G1 X64.599 Y161.395
G1 X64.892 Y161.338
G1 X65.405 Y161.495
G1 X66.037 Y161.978
G1 X66.140 Y161.918
G1 X66.177 Y161.753
G1 X66.082 Y161.443
G1 X65.560 Y161.028
G1 X65.211 Y160.885
G1 X64.837 Y160.838
G1 X64.371 Y160.909
G1 X64.022 Y161.123
G1 X63.805 Y161.460
G1 X63.732 Y161.903
G1 X63.877 Y162.545
G1 X64.051 Y162.812
G0 Z5.000 F500.000
G0 X64.465 Y162.488 F3000.000
G1 Z1.000 F500.000
G4 P100
G1 X64.337 Y161.968 F1000.000
G1 X64.802 Y162.168
G1 X64.972 Y162.493
G1 X64.920 Y162.645
G1 X64.777 Y162.703
G1 X64.607 Y162.649
G1 X64.465 Y162.488
G0 Z5.000 F500.000
G0 X65.732 Y162.228 F3000.000
G1 Z1.000 F500.000
G4 P100
G1 X65.852 Y162.558 F1000.000
G1 X66.267 Y163.028
G1 X66.529 Y163.151
G1 X67.047 Y163.152
G1 X67.344 Y162.844
G1 X67.382 Y162.613
G1 X67.290 Y162.258
G1 X67.047 Y162.113
G1 X66.895 Y162.158
G1 X66.855 Y162.668
G1 X66.762 Y162.703
G1 X66.547 Y162.600
G1 X66.387 Y162.323
G1 X66.327 Y161.938
G1 X66.454 Y161.503
G1 X66.832 Y161.358
G1 X67.275 Y161.495
G1 X67.877 Y161.978
G1 X67.980 Y161.918
G1 X68.017 Y161.753
G1 X67.922 Y161.443
G1 X67.360 Y160.995
G1 X66.727 Y160.838
G1 X66.292 Y160.907
G1 X65.965 Y161.115
G1 X65.761 Y161.437
G1 X65.692 Y161.848
G1 X65.732 Y162.228
G0 Z5.000 F500.000
G0 X67.430 Y162.773 F3000.000
G1 Z1.000 F500.000
G4 P100
G1 X67.377 Y162.948 F1000.000
G1 X67.434 Y163.158
G1 X67.887 Y163.228
G1 X68.147 Y164.233
G1 X68.570 Y164.958
G1 X68.827 Y165.160
G1 X69.102 Y165.228
G1 X69.290 Y165.181
G1 X69.432 Y165.043
G1 X69.552 Y164.578
G1 X69.512 Y164.203
G1 X69.390 Y163.853
G1 X68.903 Y163.228
G1 X69.578 Y163.193
G1 X69.577 Y162.912
G1 X69.471 Y162.804
G1 X69.047 Y162.718
G1 X68.438 Y162.718
G1 X68.458 Y161.885
G1 X68.550 Y161.598
G1 X68.708 Y161.440
G1 X68.938 Y161.388
G1 X69.317 Y161.518
G1 X69.843 Y161.978
G1 X69.945 Y161.918
G1 X69.982 Y161.753
G1 X69.887 Y161.443
G1 X69.417 Y161.008
G1 X69.144 Y160.880
G1 X68.832 Y160.838
G1 X68.386 Y160.927
G1 X68.067 Y161.196
G1 X67.876 Y161.645
G1 X67.827 Y162.718
G1 X67.430 Y162.773
G0 Z5.000 F500.000
G0 X68.487 Y163.303 F3000.000
G1 Z1.000 F500.000
G4 P100
G1 X68.930 Y163.875 F1000.000
G1 X69.077 Y164.453
G1 X69.050 Y164.674
G1 X68.968 Y164.748
G1 X68.800 Y164.560
G1 X68.625 Y164.040
G1 X68.487 Y163.303
G0 Z5.000 F500.000
G0 X71.097 Y162.913 F3000.000
G1 Z1.000 F500.000
G4 P100
G1 X71.245 Y163.125 F1000.000
G1 X71.672 Y163.168
G1 X71.713 Y163.073
G1 X71.507 Y161.993
G1 X71.877 Y162.693
G1 X72.280 Y163.078
G1 X72.642 Y163.193
G1 X72.886 Y163.111
G1 X72.968 Y162.868
G1 X72.914 Y162.171
G1 X73.007 Y162.128
G1 X73.502 Y162.413
G1 X73.605 Y162.355
G1 X73.642 Y162.203
G1 X73.543 Y161.913
G1 X73.215 Y161.665
G1 X72.817 Y161.563
G1 X72.584 Y161.596
G1 X72.312 Y161.856
G1 X72.248 Y162.428
G1 X72.050 Y162.260
G1 X71.808 Y161.818
G1 X71.485 Y160.920
G1 X71.257 Y160.838
G1 X71.096 Y160.888
G1 X70.990 Y161.038
G1 X70.912 Y161.678
G1 X71.097 Y162.913
G0 Z5.000 F500.000
G0 X73.102 Y161.903 F3000.000
G1 Z1.000 F500.000
G4 P100
G1 X73.248 Y162.545 F1000.000
G1 X73.421 Y162.812
G1 X73.924 Y163.149
G1 X74.233 Y163.193
G1 X74.494 Y163.149
G1 X74.697 Y163.020
G1 X74.829 Y162.817
G1 X74.873 Y162.553
G1 X74.811 Y162.232
G1 X74.625 Y161.960
G1 X74.292 Y161.738
G1 X73.787 Y161.568
G1 X73.969 Y161.395
G1 X74.263 Y161.338
G1 X74.775 Y161.495
G1 X75.407 Y161.978
G1 X75.510 Y161.918
G1 X75.547 Y161.753
G1 X75.453 Y161.443
G1 X74.930 Y161.028
G1 X74.207 Y160.838
G1 X73.741 Y160.909
G1 X73.392 Y161.123
G1 X73.175 Y161.460
G1 X73.102 Y161.903
G0 Z5.000 F500.000
G0 X73.708 Y161.968 F3000.000
G1 Z1.000 F500.000
G4 P100
G1 X74.172 Y162.168 F1000.000
G1 X74.300 Y162.319
G1 X74.290 Y162.645
G1 X74.147 Y162.703
G1 X73.977 Y162.649
G1 X73.835 Y162.488
G1 X73.708 Y161.968
G0 Z5.000 F500.000
G0 X75.124 Y162.042 F3000.000
G1 Z1.000 F500.000
G4 P100
G1 X75.478 Y162.733 F1000.000
G1 X75.755 Y162.985
G1 X76.072 Y163.148
G1 X76.407 Y163.203
G1 X76.555 Y163.160
G1 X76.618 Y163.008
G1 X77.015 Y162.990
G1 X77.068 Y162.843
G1 X76.847 Y161.398
G1 X77.588 Y161.928
G1 X77.703 Y161.968
G1 X77.805 Y161.905
G1 X77.843 Y161.748
G1 X77.698 Y161.453
G1 X76.748 Y160.808
G1 X76.528 Y159.883
G1 X76.250 Y159.180
G1 X75.901 Y158.736
G1 X75.468 Y158.588
G1 X75.236 Y158.627
G1 X74.933 Y158.927
G1 X74.892 Y159.158
G1 X74.963 Y159.526
G1 X75.172 Y159.920
G1 X75.575 Y160.374
G1 X76.222 Y160.923
G1 X76.252 Y161.118
G1 X76.030 Y160.910
G1 X75.758 Y160.838
G1 X75.479 Y160.894
G1 X75.263 Y161.063
G1 X75.124 Y161.323
G1 X75.124 Y162.042
G0 Z5.000 F500.000
G0 X75.703 Y161.648 F3000.000
G1 Z1.000 F500.000
G4 P100
G1 X75.765 Y161.418 F1000.000
G1 X75.938 Y161.343
G1 X76.157 Y161.483
G1 X76.468 Y162.738
G1 X76.088 Y162.580
G1 X75.808 Y162.178
G1 X75.703 Y161.648
G0 Z5.000 F500.000
G0 X76.108 Y160.328 F3000.000
G1 Z1.000 F500.000
G4 P100
G1 X75.553 Y159.733 F1000.000
G1 X75.383 Y159.268
G1 X75.415 Y159.128
G1 X75.523 Y159.073
G1 X75.656 Y159.148
G1 X75.805 Y159.373
G1 X76.108 Y160.328
G0 Z5.000 F500.000
G0 X77.731 Y160.888 F3000.000
G1 Z1.000 F500.000
G4 P100
G1 X77.625 Y161.038 F1000.000
G1 X77.548 Y161.678
G1 X77.594 Y162.311
G1 X77.733 Y162.913
G1 X77.880 Y163.125
G1 X78.168 Y163.193
G1 X78.308 Y163.168
G1 X78.348 Y163.073
G1 X78.143 Y161.993
G1 X78.513 Y162.693
G1 X78.915 Y163.078
G1 X79.278 Y163.193
G1 X79.521 Y163.111
G1 X79.603 Y162.868
G1 X79.549 Y162.171
G1 X79.643 Y162.128
G1 X80.138 Y162.413
G1 X80.240 Y162.355
G1 X80.278 Y162.203
G1 X80.178 Y161.913
G1 X79.850 Y161.665
G1 X79.453 Y161.563
G1 X79.050 Y161.698
G1 X78.947 Y161.856
G1 X78.883 Y162.428
G1 X78.685 Y162.260
G1 X78.443 Y161.818
G1 X78.120 Y160.920
G1 X77.893 Y160.838
G1 X77.731 Y160.888
G0 Z5.000 F500.000
G0 X79.810 Y161.460 F3000.000
G1 Z1.000 F500.000
G4 P100
G1 X79.738 Y161.903 F1000.000
G1 X79.883 Y162.545
G1 X80.285 Y163.018
G1 X80.868 Y163.193
G1 X81.129 Y163.149
G1 X81.333 Y163.020
G1 X81.464 Y162.817
G1 X81.508 Y162.553
G1 X81.446 Y162.232
G1 X81.260 Y161.960
G1 X80.927 Y161.738
G1 X80.422 Y161.568
G1 X80.604 Y161.395
G1 X80.898 Y161.338
G1 X81.410 Y161.495
G1 X82.043 Y161.978
G1 X82.145 Y161.918
G1 X82.183 Y161.753
G1 X82.088 Y161.443
G1 X81.565 Y161.028
G1 X80.843 Y160.838
G1 X80.376 Y160.909
G1 X80.028 Y161.123
G1 X79.810 Y161.460
G0 Z5.000 F500.000
G0 X80.343 Y161.968 F3000.000
G1 Z1.000 F500.000
G4 P100
G1 X80.808 Y162.168 F1000.000
G1 X80.935 Y162.319
G1 X80.925 Y162.645
G1 X80.782 Y162.703
G1 X80.612 Y162.649
G1 X80.470 Y162.488
G1 X80.343 Y161.968
G0 Z5.000 F500.000
G0 X81.618 Y161.578 F3000.000
G1 Z1.000 F500.000
G4 P100
G1 X82.033 Y162.138 F1000.000
G1 X82.458 Y163.028
G1 X82.604 Y163.193
G1 X82.853 Y163.248
G1 X83.048 Y163.223
G1 X83.103 Y163.143
G1 X82.938 Y162.613
G1 X83.395 Y161.865
G1 X83.468 Y161.403
G1 X84.178 Y161.978
G1 X84.280 Y161.918
G1 X84.318 Y161.753
G1 X84.223 Y161.443
G1 X83.745 Y161.020
G1 X82.708 Y160.728
G1 X82.310 Y160.848
G1 X82.173 Y161.118
G1 X82.268 Y161.343
G1 X82.548 Y161.438
G1 X82.833 Y161.408
G1 X82.775 Y161.653
G1 X82.493 Y162.063
G1 X82.185 Y161.573
G1 X81.853 Y161.203
G1 X81.663 Y161.113
G1 X81.532 Y161.170
G1 X81.483 Y161.313
G1 X81.618 Y161.578
G0 Z5.000 F500.000
G0 X83.618 Y161.313 F3000.000
G1 Z1.000 F500.000
G4 P100
G1 X84.168 Y162.138 F1000.000
G1 X84.593 Y163.028
G1 X84.739 Y163.193
G1 X84.988 Y163.248
G1 X85.183 Y163.223
G1 X85.238 Y163.143
G1 X85.073 Y162.613
G1 X85.530 Y161.865
G1 X85.603 Y161.403
G1 X86.313 Y161.978
G1 X86.415 Y161.918
G1 X86.453 Y161.753
G1 X86.358 Y161.443
G1 X85.880 Y161.020
G1 X84.843 Y160.728
G1 X84.445 Y160.848
G1 X84.308 Y161.118
G1 X84.403 Y161.343
G1 X84.683 Y161.438
G1 X84.968 Y161.408
G1 X84.910 Y161.653
G1 X84.628 Y162.063
G1 X83.988 Y161.203
G1 X83.798 Y161.113
G1 X83.668 Y161.170
G1 X83.618 Y161.313
G0 Z5.000 F500.000
G0 X86.079 Y161.335 F3000.000
G1 Z1.000 F500.000
G4 P100
G1 X86.100 Y162.255 F1000.000
G1 X86.248 Y162.913
G1 X86.368 Y163.133
G1 X86.608 Y163.193
G1 X86.799 Y163.150
G1 X86.863 Y163.023
G1 X86.648 Y161.698
G1 X86.688 Y161.468
G1 X86.823 Y161.388
G1 X87.048 Y161.513
G1 X87.543 Y161.978
G1 X87.645 Y161.918
G1 X87.683 Y161.753
G1 X87.588 Y161.443
G1 X87.109 Y160.989
G1 X86.663 Y160.838
G1 X86.382 Y160.895
G1 X86.190 Y161.068
G1 X86.079 Y161.335
G0 Z5.000 F500.000
G0 X86.703 Y163.523 F3000.000
G1 Z1.000 F500.000
G4 P100
G1 X86.388 Y163.620 F1000.000
G1 X86.282 Y163.893
G1 X86.420 Y164.185
G1 X86.763 Y164.303
G1 X87.062 Y164.213
G1 X87.178 Y163.958
G1 X87.048 Y163.640
G1 X86.703 Y163.523
G0 Z5.000 F500.000
G0 X87.748 Y163.030 F3000.000
G1 Z1.000 F500.000
G4 P100
G1 X88.312 Y163.198 F1000.000
G1 X88.656 Y163.132
G1 X88.925 Y162.935
G1 X89.109 Y162.642
G1 X89.197 Y162.288
G1 X89.828 Y162.398
G1 X89.927 Y162.333
G1 X89.926 Y161.976
G1 X89.817 Y161.883
G1 X89.157 Y161.763
G1 X89.016 Y161.384
G1 X88.782 Y161.090
G1 X88.484 Y160.901
G1 X88.147 Y160.838
G1 X87.635 Y160.983
G1 X87.312 Y161.368
G1 X87.203 Y161.888
G1 X87.347 Y162.565
G1 X87.748 Y163.030
G0 Z5.000 F500.000
G0 X87.960 Y162.475 F3000.000
G1 Z1.000 F500.000
G4 P100
G1 X87.828 Y161.933 F1000.000
G1 X87.935 Y161.513
G1 X88.188 Y161.368
G1 X88.465 Y161.498
G1 X88.622 Y161.873
G1 X88.385 Y162.148
G1 X88.317 Y162.668
G1 X88.116 Y162.619
G1 X87.960 Y162.475
G0 Z5.000 F500.000
G0 X89.589 Y162.311 F3000.000
G1 Z1.000 F500.000
G4 P100
G1 X89.728 Y162.913 F1000.000
G1 X89.875 Y163.125
G1 X90.163 Y163.193
G1 X90.303 Y163.168
G1 X90.343 Y163.073
G1 X90.138 Y161.993
G1 X90.508 Y162.693
G1 X90.910 Y163.078
G1 X91.273 Y163.193
G1 X91.516 Y163.111
G1 X91.598 Y162.868
G1 X91.392 Y161.588
G1 X91.429 Y161.438
G1 X91.538 Y161.388
G1 X91.775 Y161.510
G1 X92.278 Y161.978
G1 X92.380 Y161.918
G1 X92.418 Y161.753
G1 X92.323 Y161.443
G1 X91.860 Y161.008
G1 X91.596 Y160.880
G1 X91.074 Y160.874
G1 X90.815 Y161.166
G1 X90.782 Y161.413
G1 X90.918 Y162.348
G1 X90.862 Y162.428
G1 X90.680 Y162.260
G1 X90.440 Y161.818
G1 X90.115 Y160.920
G1 X89.888 Y160.838
G1 X89.726 Y160.888
G1 X89.620 Y161.038
G1 X89.543 Y161.678
G1 X89.589 Y162.311
G0 Z5.000 F500.000
G0 X91.718 Y161.313 F3000.000
G1 Z1.000 F500.000
G4 P100
G1 X92.268 Y162.138 F1000.000
G1 X92.693 Y163.028
G1 X92.839 Y163.193
G1 X93.088 Y163.248
G1 X93.282 Y163.223
G1 X93.338 Y163.143
G1 X93.173 Y162.613
G1 X93.630 Y161.865
G1 X93.703 Y161.403
G1 X94.413 Y161.978
G1 X94.515 Y161.918
G1 X94.553 Y161.753
G1 X94.458 Y161.443
G1 X93.980 Y161.020
G1 X92.943 Y160.728
G1 X92.545 Y160.848
G1 X92.408 Y161.118
G1 X92.503 Y161.343
G1 X92.783 Y161.438
G1 X93.068 Y161.408
G1 X93.010 Y161.653
G1 X92.728 Y162.063
G1 X92.088 Y161.203
G1 X91.898 Y161.113
G1 X91.768 Y161.170
G1 X91.718 Y161.313
G0 Z5.000 F500.000
G0 X95.468 Y161.678 F3000.000
G1 Z1.000 F500.000
G4 P100
G1 X95.673 Y162.913 F1000.000
G1 X95.793 Y163.133
G1 X96.033 Y163.193
G1 X96.224 Y163.150
G1 X96.288 Y163.023
G1 X96.073 Y161.698
G1 X96.113 Y161.468
G1 X96.248 Y161.388
G1 X96.473 Y161.513
G1 X96.968 Y161.978
G1 X97.070 Y161.918
G1 X97.108 Y161.753
G1 X97.013 Y161.443
G1 X96.534 Y160.989
G1 X96.088 Y160.838
G1 X95.807 Y160.895
G1 X95.615 Y161.068
G1 X95.468 Y161.678
G0 Z5.000 F500.000
G0 X96.128 Y163.523 F3000.000
G1 Z1.000 F500.000
G4 P100
G1 X95.813 Y163.620 F1000.000
G1 X95.708 Y163.893
G1 X95.845 Y164.185
G1 X96.188 Y164.303
G1 X96.488 Y164.213
G1 X96.603 Y163.958
G1 X96.473 Y163.640
G1 X96.128 Y163.523
G0 Z5.000 F500.000
G0 X97.045 Y163.125 F3000.000
G1 Z1.000 F500.000
G4 P100
G1 X97.333 Y163.193 F1000.000
G1 X97.473 Y163.168
G1 X97.513 Y163.073
G1 X97.308 Y161.993
G1 X97.678 Y162.693
G1 X98.080 Y163.078
G1 X98.443 Y163.193
G1 X98.686 Y163.111
G1 X98.768 Y162.868
G1 X98.563 Y161.588
G1 X98.599 Y161.438
G1 X98.708 Y161.388
G1 X98.945 Y161.510
G1 X99.448 Y161.978
G1 X99.550 Y161.918
G1 X99.588 Y161.753
G1 X99.493 Y161.443
G1 X99.030 Y161.008
G1 X98.766 Y160.880
G1 X98.244 Y160.874
G1 X97.985 Y161.166
G1 X97.953 Y161.413
G1 X98.088 Y162.348
G1 X98.033 Y162.428
G1 X97.850 Y162.260
G1 X97.610 Y161.818
G1 X97.285 Y160.920
G1 X97.058 Y160.838
G1 X96.896 Y160.888
G1 X96.790 Y161.038
G1 X96.713 Y161.678
G1 X96.759 Y162.311
G1 X96.898 Y162.913
G1 X97.045 Y163.125
G0 Z5.000 F500.000
G0 X100.560 Y162.255 F3000.000
G1 Z1.000 F500.000
G4 P100
G1 X100.708 Y162.913 F1000.000
G1 X100.828 Y163.133
G1 X101.068 Y163.193
G1 X101.259 Y163.150
G1 X101.323 Y163.023
G1 X101.108 Y161.698
G1 X101.148 Y161.468
G1 X101.283 Y161.388
G1 X101.508 Y161.513
G1 X102.003 Y161.978
G1 X102.105 Y161.918
G1 X102.143 Y161.753
G1 X102.048 Y161.443
G1 X101.569 Y160.989
G1 X101.123 Y160.838
G1 X100.842 Y160.895
G1 X100.650 Y161.068
G1 X100.539 Y161.335
G1 X100.560 Y162.255
G0 Z5.000 F500.000
G0 X101.163 Y163.523 F3000.000
G1 Z1.000 F500.000
G4 P100
G1 X100.848 Y163.620 F1000.000
G1 X100.743 Y163.893
G1 X100.880 Y164.185
G1 X101.223 Y164.303
G1 X101.523 Y164.213
G1 X101.638 Y163.958
G1 X101.508 Y163.640
G1 X101.163 Y163.523
G0 Z5.000 F500.000
G0 X102.080 Y163.125 F3000.000
G1 Z1.000 F500.000
G4 P100
G1 X102.368 Y163.193 F1000.000
G1 X102.508 Y163.168
G1 X102.548 Y163.073
G1 X102.343 Y161.998
G1 X102.665 Y162.658
G1 X103.050 Y163.060
G1 X103.423 Y163.193
G1 X103.670 Y163.113
G1 X103.743 Y162.868
G1 X103.593 Y162.018
G1 X103.856 Y162.549
G1 X104.148 Y162.913
G1 X104.443 Y163.123
G1 X104.718 Y163.193
G1 X104.961 Y163.111
G1 X105.043 Y162.868
G1 X104.838 Y161.588
G1 X104.874 Y161.438
G1 X104.983 Y161.388
G1 X105.220 Y161.510
G1 X105.723 Y161.978
G1 X105.825 Y161.918
G1 X105.863 Y161.753
G1 X105.768 Y161.443
G1 X105.305 Y161.008
G1 X105.041 Y160.880
G1 X104.519 Y160.874
G1 X104.260 Y161.166
G1 X104.228 Y161.413
G1 X104.363 Y162.348
G1 X104.308 Y162.428
G1 X104.123 Y162.260
G1 X103.883 Y161.818
G1 X103.560 Y160.918
G1 X103.328 Y160.838
G1 X103.183 Y160.877
G1 X103.080 Y160.995
G1 X102.998 Y161.378
G1 X103.088 Y162.348
G1 X103.033 Y162.428
G1 X102.843 Y162.248
G1 X102.620 Y161.788
G1 X102.320 Y160.920
G1 X102.093 Y160.838
G1 X101.931 Y160.888
G1 X101.825 Y161.038
G1 X101.748 Y161.678
G1 X101.794 Y162.311
G1 X101.933 Y162.913
G1 X102.080 Y163.125
G0 Z5.000 F500.000
G0 X105.533 Y162.908 F3000.000
G1 Z1.000 F500.000
G4 P100
G1 X105.648 Y163.138 F1000.000
G1 X105.948 Y163.223
G1 X106.100 Y163.180
G1 X106.158 Y162.828
G1 X106.473 Y163.115
G1 X106.803 Y163.203
G1 X107.057 Y163.146
G1 X107.260 Y162.978
G1 X107.393 Y162.718
G1 X107.438 Y162.388
G1 X107.353 Y161.873
G1 X107.118 Y161.418
G1 X107.293 Y161.388
G1 X107.608 Y161.508
G1 X108.128 Y161.978
G1 X108.230 Y161.918
G1 X108.268 Y161.753
G1 X108.173 Y161.443
G1 X107.710 Y161.008
G1 X107.446 Y160.880
G1 X106.908 Y160.885
G1 X106.718 Y161.028
G1 X106.123 Y160.838
G1 X106.016 Y159.952
G1 X105.828 Y159.225
G1 X105.544 Y158.739
G1 X105.153 Y158.578
G1 X104.918 Y158.626
G1 X104.753 Y158.773
G1 X104.623 Y159.313
G1 X104.848 Y160.455
G1 X105.543 Y161.893
G1 X105.533 Y162.908
G0 Z5.000 F500.000
G0 X106.153 Y161.673 F3000.000
G1 Z1.000 F500.000
G4 P100
G1 X106.148 Y161.318 F1000.000
G1 X106.480 Y161.515
G1 X106.723 Y161.905
G1 X106.813 Y162.393
G1 X106.753 Y162.620
G1 X106.593 Y162.698
G1 X106.394 Y162.603
G1 X106.158 Y162.318
G1 X106.153 Y161.673
G0 Z5.000 F500.000
G0 X105.533 Y161.118 F3000.000
G1 Z1.000 F500.000
G4 P100
G1 X105.193 Y160.163 F1000.000
G1 X105.068 Y159.398
G1 X105.105 Y159.153
G1 X105.193 Y159.068
G1 X105.316 Y159.214
G1 X105.418 Y159.655
G1 X105.533 Y161.118
G0 Z5.000 F500.000
G0 X107.898 Y161.368 F3000.000
G1 Z1.000 F500.000
G4 P100
G1 X107.788 Y161.888 F1000.000
G1 X107.933 Y162.565
G1 X108.105 Y162.830
G1 X108.601 Y163.156
G1 X108.898 Y163.198
G1 X109.241 Y163.132
G1 X109.510 Y162.935
G1 X109.694 Y162.642
G1 X109.783 Y162.288
G1 X110.413 Y162.398
G1 X110.513 Y162.333
G1 X110.511 Y161.976
G1 X110.403 Y161.883
G1 X109.743 Y161.763
G1 X109.601 Y161.384
G1 X109.368 Y161.090
G1 X109.069 Y160.901
G1 X108.454 Y160.874
G1 X108.220 Y160.983
G1 X107.898 Y161.368
G0 Z5.000 F500.000
G0 X108.520 Y161.513 F3000.000
G1 Z1.000 F500.000
G4 P100
G1 X108.773 Y161.368 F1000.000
G1 X109.050 Y161.498
G1 X109.208 Y161.873
G1 X108.970 Y162.148
G1 X108.903 Y162.668
G1 X108.701 Y162.619
G1 X108.545 Y162.475
G1 X108.446 Y162.243
G1 X108.413 Y161.933
G1 X108.520 Y161.513
G0 Z5.000 F500.000
G0 X110.128 Y161.678 F3000.000
G1 Z1.000 F500.000
G4 P100
G1 X110.313 Y162.913 F1000.000
G1 X110.460 Y163.125
G1 X110.748 Y163.193
G1 X110.888 Y163.168
G1 X110.928 Y163.073
G1 X110.723 Y161.993
G1 X111.093 Y162.693
G1 X111.495 Y163.078
G1 X111.858 Y163.193
G1 X112.101 Y163.111
G1 X112.183 Y162.868
G1 X112.129 Y162.171
G1 X112.223 Y162.128
G1 X112.718 Y162.413
G1 X112.820 Y162.355
G1 X112.858 Y162.203
G1 X112.758 Y161.913
G1 X112.430 Y161.665
G1 X112.033 Y161.563
G1 X111.799 Y161.596
G1 X111.527 Y161.856
G1 X111.463 Y162.428
G1 X111.265 Y162.260
G1 X111.023 Y161.818
G1 X110.700 Y160.920
G1 X110.473 Y160.838
G1 X110.311 Y160.888
G1 X110.205 Y161.038
G1 X110.128 Y161.678
G0 Z5.000 F500.000
G0 X112.656 Y161.645 F3000.000
G1 Z1.000 F500.000
G4 P100
G1 X112.608 Y162.718 F1000.000
G1 X112.210 Y162.773
G1 X112.158 Y162.948
G1 X112.214 Y163.158
G1 X112.668 Y163.228
G1 X112.928 Y164.233
G1 X113.350 Y164.958
G1 X113.607 Y165.160
G1 X113.883 Y165.228
G1 X114.070 Y165.181
G1 X114.213 Y165.043
G1 X114.333 Y164.578
G1 X114.292 Y164.203
G1 X114.170 Y163.853
G1 X113.683 Y163.228
G1 X114.358 Y163.193
G1 X114.357 Y162.912
G1 X114.251 Y162.804
G1 X113.828 Y162.718
G1 X113.218 Y162.718
G1 X113.238 Y161.885
G1 X113.330 Y161.598
G1 X113.488 Y161.440
G1 X113.718 Y161.388
G1 X114.098 Y161.518
G1 X114.623 Y161.978
G1 X114.725 Y161.918
G1 X114.763 Y161.753
G1 X114.668 Y161.443
G1 X114.198 Y161.008
G1 X113.613 Y160.838
G1 X113.166 Y160.927
G1 X112.848 Y161.196
G1 X112.656 Y161.645
G0 Z5.000 F500.000
G0 X113.268 Y163.303 F3000.000
G1 Z1.000 F500.000
G4 P100
G1 X113.710 Y163.875 F1000.000
G1 X113.858 Y164.453
G1 X113.830 Y164.674
G1 X113.748 Y164.748
G1 X113.580 Y164.560
G1 X113.405 Y164.040
G1 X113.268 Y163.303
G0 Z5.000 F500.000
G0 X114.440 Y161.633 F3000.000
G1 Z1.000 F500.000
G4 P100
G1 X114.743 Y161.768 F1000.000
G1 X115.015 Y161.670
G1 X115.108 Y161.408
G1 X115.003 Y160.943
G1 X114.748 Y160.378
G1 X114.590 Y160.133
G1 X114.438 Y160.073
G1 X114.263 Y160.123
G1 X114.198 Y160.283
G1 X114.440 Y161.633
G0 Z5.000 F500.000
G0 X117.056 Y161.696 F3000.000
G1 Z1.000 F500.000
G4 P100
G1 X117.003 Y162.273 F1000.000
G1 X117.160 Y163.663
G1 X117.355 Y164.388
G1 X117.625 Y165.003
G1 X117.962 Y165.423
G1 X118.358 Y165.563
G1 X118.572 Y165.507
G1 X118.735 Y165.340
G1 X118.838 Y165.069
G1 X118.873 Y164.703
G1 X118.790 Y164.060
G1 X118.543 Y163.323
G1 X118.154 Y162.541
G1 X117.648 Y161.768
G1 X117.763 Y161.475
G1 X117.973 Y161.388
G1 X118.333 Y161.505
G1 X118.863 Y161.978
G1 X118.965 Y161.918
G1 X119.003 Y161.753
G1 X118.908 Y161.443
G1 X118.440 Y161.008
G1 X117.868 Y160.838
G1 X117.484 Y160.938
G1 X117.215 Y161.238
G1 X117.056 Y161.696
G0 Z5.000 F500.000
G0 X117.613 Y162.443 F3000.000
G1 Z1.000 F500.000
G4 P100
G1 X118.178 Y163.615 F1000.000
G1 X118.335 Y164.177
G1 X118.388 Y164.688
G1 X118.353 Y164.973
G1 X118.248 Y165.068
G1 X117.988 Y164.653
G1 X117.733 Y163.623
G1 X117.613 Y162.443
G0 Z5.000 F500.000
G0 X118.933 Y162.733 F3000.000
G1 Z1.000 F500.000
G4 P100
G1 X119.527 Y163.148 F1000.000
G1 X119.863 Y163.203
G1 X120.010 Y163.160
G1 X120.073 Y163.008
G1 X120.476 Y162.984
G1 X120.538 Y162.853
G1 X120.348 Y161.553
G1 X120.385 Y161.433
G1 X120.483 Y161.388
G1 X120.713 Y161.510
G1 X121.213 Y161.978
G1 X121.315 Y161.918
G1 X121.353 Y161.753
G1 X121.258 Y161.443
G1 X120.823 Y161.013
G1 X120.378 Y160.838
G1 X120.075 Y160.950
G1 X119.868 Y161.258
G1 X119.574 Y160.943
G1 X119.213 Y160.838
G1 X118.934 Y160.894
G1 X118.718 Y161.063
G1 X118.579 Y161.323
G1 X118.533 Y161.653
G1 X118.579 Y162.042
G1 X118.933 Y162.733
G0 Z5.000 F500.000
G0 X119.263 Y162.178 F3000.000
G1 Z1.000 F500.000
G4 P100
G1 X119.158 Y161.648 F1000.000
G1 X119.220 Y161.418
G1 X119.393 Y161.343
G1 X119.603 Y161.473
G1 X119.748 Y161.818
G1 X119.933 Y162.738
G1 X119.545 Y162.580
G1 X119.263 Y162.178
G0 Z5.000 F500.000
G0 X120.998 Y162.250 F3000.000
G1 Z1.000 F500.000
G4 P100
G1 X121.163 Y162.913 F1000.000
G1 X121.303 Y163.128
G1 X121.740 Y163.158
G1 X121.783 Y163.053
G1 X121.548 Y161.748
G1 X121.653 Y161.558
G1 X121.840 Y161.708
G1 X122.080 Y162.163
G1 X122.450 Y163.128
G1 X122.858 Y163.163
G1 X122.903 Y163.063
G1 X122.643 Y161.398
G1 X123.393 Y161.928
G1 X123.508 Y161.968
G1 X123.610 Y161.905
G1 X123.648 Y161.748
G1 X123.503 Y161.453
G1 X122.543 Y160.808
G1 X122.323 Y159.883
G1 X122.045 Y159.180
G1 X121.696 Y158.736
G1 X121.263 Y158.588
G1 X121.031 Y158.627
G1 X120.728 Y158.927
G1 X120.688 Y159.158
G1 X120.795 Y159.638
G1 X121.195 Y160.200
G1 X122.023 Y160.928
G1 X122.118 Y161.573
G1 X121.838 Y161.025
G1 X121.458 Y160.838
G1 X121.253 Y160.889
G1 X120.983 Y161.278
G1 X120.998 Y162.250
G0 Z5.000 F500.000
G0 X121.908 Y160.328 F3000.000
G1 Z1.000 F500.000
G4 P100
G1 X121.350 Y159.735 F1000.000
G1 X121.178 Y159.268
G1 X121.210 Y159.128
G1 X121.318 Y159.073
G1 X121.450 Y159.145
G1 X121.598 Y159.363
G1 X121.908 Y160.328
G0 Z5.000 F500.000
G0 X123.700 Y160.983 F3000.000
G1 Z1.000 F500.000
G4 P100
G1 X123.378 Y161.368 F1000.000
G1 X123.268 Y161.888
G1 X123.413 Y162.565
G1 X123.813 Y163.030
G1 X124.378 Y163.198
G1 X124.721 Y163.132
G1 X124.990 Y162.935
G1 X125.174 Y162.642
G1 X125.263 Y162.288
G1 X125.893 Y162.398
G1 X125.993 Y162.333
G1 X125.991 Y161.976
G1 X125.883 Y161.883
G1 X125.223 Y161.763
G1 X125.081 Y161.384
G1 X124.848 Y161.090
G1 X124.549 Y160.901
G1 X124.213 Y160.838
G1 X123.700 Y160.983
G0 Z5.000 F500.000
G0 X124.253 Y161.368 F3000.000
G1 Z1.000 F500.000
G4 P100
G1 X124.530 Y161.498 F1000.000
G1 X124.688 Y161.873
G1 X124.450 Y162.148
G1 X124.383 Y162.668
G1 X124.181 Y162.619
G1 X124.025 Y162.475
G1 X123.893 Y161.933
G1 X124.000 Y161.513
G1 X124.253 Y161.368
G0 Z5.000 F500.000
G0 X125.598 Y161.563 F3000.000
G1 Z1.000 F500.000
G4 P100
G1 X125.648 Y162.250 F1000.000
G1 X125.813 Y162.913
G1 X125.953 Y163.128
G1 X126.238 Y163.193
G1 X126.390 Y163.158
G1 X126.433 Y163.053
G1 X126.223 Y161.600
G1 X126.303 Y161.558
G1 X126.490 Y161.708
G1 X127.100 Y163.128
G1 X127.348 Y163.193
G1 X127.508 Y163.165
G1 X127.553 Y163.063
G1 X127.288 Y161.588
G1 X127.328 Y161.440
G1 X127.433 Y161.388
G1 X127.670 Y161.510
G1 X128.173 Y161.978
G1 X128.275 Y161.918
G1 X128.312 Y161.753
G1 X128.218 Y161.443
G1 X127.755 Y161.008
G1 X127.193 Y160.838
G1 X126.984 Y160.884
G1 X126.840 Y161.023
G1 X126.728 Y161.543
G1 X126.473 Y161.020
G1 X126.108 Y160.838
G1 X125.903 Y160.889
G1 X125.633 Y161.278
G1 X125.598 Y161.563
G0 Z5.000 F500.000
G0 X128.171 Y161.645 F3000.000
G1 Z1.000 F500.000
G4 P100
G1 X128.123 Y162.718 F1000.000
G1 X127.725 Y162.773
G1 X127.673 Y162.948
G1 X127.729 Y163.158
G1 X128.183 Y163.228
G1 X128.443 Y164.233
G1 X128.865 Y164.958
G1 X129.122 Y165.160
G1 X129.398 Y165.228
G1 X129.585 Y165.181
G1 X129.728 Y165.043
G1 X129.848 Y164.578
G1 X129.807 Y164.203
G1 X129.685 Y163.853
G1 X129.198 Y163.228
G1 X129.873 Y163.193
G1 X129.872 Y162.912
G1 X129.766 Y162.804
G1 X129.343 Y162.718
G1 X128.733 Y162.718
G1 X128.753 Y161.885
G1 X128.845 Y161.598
G1 X129.003 Y161.440
G1 X129.233 Y161.388
G1 X129.613 Y161.518
G1 X130.138 Y161.978
G1 X130.240 Y161.918
G1 X130.278 Y161.753
G1 X130.183 Y161.443
G1 X129.713 Y161.008
G1 X129.127 Y160.838
G1 X128.681 Y160.927
G1 X128.363 Y161.196
G1 X128.171 Y161.645
G0 Z5.000 F500.000
G0 X128.783 Y163.303 F3000.000
G1 Z1.000 F500.000
G4 P100
G1 X129.225 Y163.875 F1000.000
G1 X129.373 Y164.453
G1 X129.345 Y164.674
G1 X129.263 Y164.748
G1 X129.095 Y164.560
G1 X128.920 Y164.040
G1 X128.783 Y163.303
G0 Z5.000 F500.000
G0 X129.955 Y161.633 F3000.000
G1 Z1.000 F500.000
G4 P100
G1 X130.258 Y161.768 F1000.000
G1 X130.530 Y161.670
G1 X130.623 Y161.408
G1 X130.518 Y160.943
G1 X130.263 Y160.378
G1 X130.105 Y160.133
G1 X129.953 Y160.073
G1 X129.778 Y160.123
G1 X129.713 Y160.283
G1 X129.955 Y161.633
G0 Z5.000 F500.000
G0 X29.700 Y151.656 F3000.000
G1 Z1.000 F500.000
G4 P100
G1 X29.605 Y151.346 F1000.000
G1 X29.042 Y150.898
G1 X28.410 Y150.741
G1 X27.974 Y150.810
G1 X27.647 Y151.018
G1 X27.443 Y151.340
G1 X27.375 Y151.751
G1 X27.415 Y152.131
G1 X27.535 Y152.461
G1 X27.950 Y152.931
G1 X28.211 Y153.054
G1 X28.729 Y153.055
G1 X29.027 Y152.747
G1 X29.065 Y152.516
G1 X28.972 Y152.161
G1 X28.730 Y152.016
G1 X28.577 Y152.061
G1 X28.537 Y152.571
G1 X28.445 Y152.606
G1 X28.230 Y152.503
G1 X28.070 Y152.226
G1 X28.010 Y151.841
G1 X28.136 Y151.406
G1 X28.515 Y151.261
G1 X28.957 Y151.398
G1 X29.560 Y151.881
G1 X29.662 Y151.821
G1 X29.700 Y151.656
G0 Z5.000 F500.000
G0 X29.825 Y151.871 F3000.000
G1 Z1.000 F500.000
G4 P100
G1 X30.290 Y152.071 F1000.000
G1 X30.417 Y152.222
G1 X30.407 Y152.548
G1 X30.265 Y152.606
G1 X30.094 Y152.552
G1 X29.952 Y152.391
G1 X29.825 Y151.871
G0 Z5.000 F500.000
G0 X29.538 Y152.715 F3000.000
G1 Z1.000 F500.000
G4 P100
G1 X30.042 Y153.052 F1000.000
G1 X30.611 Y153.052
G1 X30.815 Y152.923
G1 X30.946 Y152.720
G1 X30.990 Y152.456
G1 X30.928 Y152.135
G1 X30.742 Y151.863
G1 X30.409 Y151.641
G1 X29.905 Y151.471
G1 X30.086 Y151.298
G1 X30.380 Y151.241
G1 X30.892 Y151.398
G1 X31.525 Y151.881
G1 X31.627 Y151.821
G1 X31.665 Y151.656
G1 X31.570 Y151.346
G1 X31.047 Y150.931
G1 X30.698 Y150.788
G1 X30.325 Y150.741
G1 X29.859 Y150.812
G1 X29.510 Y151.026
G1 X29.292 Y151.363
G1 X29.220 Y151.806
G1 X29.365 Y152.448
G1 X29.538 Y152.715
G0 Z5.000 F500.000
G0 X31.316 Y152.214 F3000.000
G1 Z1.000 F500.000
G4 P100
G1 X31.455 Y152.816 F1000.000
G1 X31.602 Y153.028
G1 X31.890 Y153.096
G1 X32.030 Y153.071
G1 X32.070 Y152.976
G1 X31.865 Y151.896
G1 X32.235 Y152.596
G1 X32.637 Y152.981
G1 X33.000 Y153.096
G1 X33.244 Y153.014
G1 X33.325 Y152.771
G1 X33.120 Y151.491
G1 X33.156 Y151.341
G1 X33.265 Y151.291
G1 X33.502 Y151.413
G1 X34.005 Y151.881
G1 X34.107 Y151.821
G1 X34.145 Y151.656
G1 X34.050 Y151.346
G1 X33.587 Y150.911
G1 X33.323 Y150.783
G1 X32.801 Y150.777
G1 X32.542 Y151.069
G1 X32.510 Y151.316
G1 X32.645 Y152.251
G1 X32.590 Y152.331
G1 X32.407 Y152.163
G1 X32.167 Y151.721
G1 X31.842 Y150.823
G1 X31.615 Y150.741
G1 X31.453 Y150.791
G1 X31.347 Y150.941
G1 X31.270 Y151.581
G1 X31.316 Y152.214
G0 Z5.000 F500.000
G0 X33.557 Y152.676 F3000.000
G1 Z1.000 F500.000
G4 P100
G1 X33.505 Y152.851 F1000.000
G1 X33.561 Y153.061
G1 X34.015 Y153.131
G1 X34.275 Y154.136
G1 X34.697 Y154.861
G1 X34.954 Y155.063
G1 X35.230 Y155.131
G1 X35.417 Y155.084
G1 X35.560 Y154.946
G1 X35.680 Y154.481
G1 X35.639 Y154.106
G1 X35.517 Y153.756
G1 X35.030 Y153.131
G1 X35.705 Y153.096
G1 X35.705 Y152.815
G1 X35.599 Y152.707
G1 X35.175 Y152.621
G1 X34.565 Y152.621
G1 X34.586 Y151.788
G1 X34.677 Y151.501
G1 X34.836 Y151.343
G1 X35.065 Y151.291
G1 X35.445 Y151.421
G1 X35.970 Y151.881
G1 X36.072 Y151.821
G1 X36.110 Y151.656
G1 X36.015 Y151.346
G1 X35.545 Y150.911
G1 X35.271 Y150.783
G1 X34.960 Y150.741
G1 X34.514 Y150.830
G1 X34.195 Y151.099
G1 X34.004 Y151.548
G1 X33.955 Y152.621
G1 X33.557 Y152.676
G0 Z5.000 F500.000
G0 X34.615 Y153.206 F3000.000
G1 Z1.000 F500.000
G4 P100
G1 X35.057 Y153.778 F1000.000
G1 X35.205 Y154.356
G1 X35.177 Y154.577
G1 X35.095 Y154.651
G1 X34.927 Y154.463
G1 X34.752 Y153.943
G1 X34.615 Y153.206
G0 Z5.000 F500.000
G0 X35.948 Y152.715 F3000.000
G1 Z1.000 F500.000
G4 P100
G1 X36.452 Y153.052 F1000.000
G1 X37.021 Y153.052
G1 X37.225 Y152.923
G1 X37.356 Y152.720
G1 X37.400 Y152.456
G1 X37.338 Y152.135
G1 X37.152 Y151.863
G1 X36.819 Y151.641
G1 X36.315 Y151.471
G1 X36.496 Y151.298
G1 X36.790 Y151.241
G1 X37.302 Y151.398
G1 X37.935 Y151.881
G1 X38.037 Y151.821
G1 X38.075 Y151.656
G1 X37.980 Y151.346
G1 X37.457 Y150.931
G1 X37.108 Y150.788
G1 X36.735 Y150.741
G1 X36.269 Y150.812
G1 X35.920 Y151.026
G1 X35.702 Y151.363
G1 X35.630 Y151.806
G1 X35.775 Y152.448
G1 X35.948 Y152.715
G0 Z5.000 F500.000
G0 X36.362 Y152.391 F3000.000
G1 Z1.000 F500.000
G4 P100
G1 X36.235 Y151.871 F1000.000
G1 X36.700 Y152.071
G1 X36.870 Y152.396
G1 X36.817 Y152.548
G1 X36.675 Y152.606
G1 X36.504 Y152.552
G1 X36.362 Y152.391
G0 Z5.000 F500.000
G0 X37.726 Y152.214 F3000.000
G1 Z1.000 F500.000
G4 P100
G1 X37.865 Y152.816 F1000.000
G1 X38.012 Y153.028
G1 X38.300 Y153.096
G1 X38.440 Y153.071
G1 X38.480 Y152.976
G1 X38.275 Y151.896
G1 X38.645 Y152.596
G1 X39.047 Y152.981
G1 X39.410 Y153.096
G1 X39.654 Y153.014
G1 X39.735 Y152.771
G1 X39.681 Y152.074
G1 X39.775 Y152.031
G1 X40.270 Y152.316
G1 X40.372 Y152.258
G1 X40.410 Y152.106
G1 X40.310 Y151.816
G1 X39.982 Y151.568
G1 X39.585 Y151.466
G1 X39.352 Y151.499
G1 X39.079 Y151.759
G1 X39.015 Y152.331
G1 X38.817 Y152.163
G1 X38.575 Y151.721
G1 X38.252 Y150.823
G1 X38.025 Y150.741
G1 X37.863 Y150.791
G1 X37.757 Y150.941
G1 X37.680 Y151.581
G1 X37.726 Y152.214
G0 Z5.000 F500.000
G0 X40.033 Y151.599 F3000.000
G1 Z1.000 F500.000
G4 P100
G1 X39.980 Y152.176 F1000.000
G1 X40.137 Y153.566
G1 X40.332 Y154.291
G1 X40.602 Y154.906
G1 X40.939 Y155.326
G1 X41.335 Y155.466
G1 X41.549 Y155.410
G1 X41.712 Y155.243
G1 X41.816 Y154.972
G1 X41.850 Y154.606
G1 X41.767 Y153.963
G1 X41.520 Y153.226
G1 X41.131 Y152.444
G1 X40.625 Y151.671
G1 X40.740 Y151.378
G1 X40.950 Y151.291
G1 X41.310 Y151.408
G1 X41.840 Y151.881
G1 X41.942 Y151.821
G1 X41.980 Y151.656
G1 X41.885 Y151.346
G1 X41.417 Y150.911
G1 X40.845 Y150.741
G1 X40.462 Y150.841
G1 X40.192 Y151.141
G1 X40.033 Y151.599
G0 Z5.000 F500.000
G0 X40.590 Y152.346 F3000.000
G1 Z1.000 F500.000
G4 P100
G1 X41.155 Y153.518 F1000.000
G1 X41.312 Y154.080
G1 X41.365 Y154.591
G1 X41.330 Y154.876
G1 X41.225 Y154.971
G1 X40.965 Y154.556
G1 X40.710 Y153.526
G1 X40.590 Y152.346
G0 Z5.000 F500.000
G0 X41.810 Y153.796 F3000.000
G1 Z1.000 F500.000
G4 P100
G1 X41.947 Y154.088 F1000.000
G1 X42.290 Y154.206
G1 X42.590 Y154.116
G1 X42.705 Y153.861
G1 X42.575 Y153.543
G1 X42.230 Y153.426
G1 X41.915 Y153.523
G1 X41.810 Y153.796
G0 Z5.000 F500.000
G0 X42.135 Y153.096 F3000.000
G1 Z1.000 F500.000
G4 P100
G1 X42.326 Y153.053 F1000.000
G1 X42.390 Y152.926
G1 X42.175 Y151.601
G1 X42.215 Y151.371
G1 X42.350 Y151.291
G1 X42.575 Y151.416
G1 X43.070 Y151.881
G1 X43.172 Y151.821
G1 X43.210 Y151.656
G1 X43.115 Y151.346
G1 X42.636 Y150.892
G1 X42.190 Y150.741
G1 X41.909 Y150.798
G1 X41.717 Y150.971
G1 X41.570 Y151.581
G1 X41.775 Y152.816
G1 X41.895 Y153.036
G1 X42.135 Y153.096
G0 Z5.000 F500.000
G0 X43.000 Y152.816 F3000.000
G1 Z1.000 F500.000
G4 P100
G1 X43.147 Y153.028 F1000.000
G1 X43.575 Y153.071
G1 X43.615 Y152.976
G1 X43.410 Y151.896
G1 X43.780 Y152.596
G1 X44.182 Y152.981
G1 X44.545 Y153.096
G1 X44.789 Y153.014
G1 X44.870 Y152.771
G1 X44.665 Y151.491
G1 X44.701 Y151.341
G1 X44.810 Y151.291
G1 X45.047 Y151.413
G1 X45.550 Y151.881
G1 X45.652 Y151.821
G1 X45.690 Y151.656
G1 X45.595 Y151.346
G1 X45.132 Y150.911
G1 X44.868 Y150.783
G1 X44.346 Y150.777
G1 X44.087 Y151.069
G1 X44.055 Y151.316
G1 X44.190 Y152.251
G1 X44.135 Y152.331
G1 X43.952 Y152.163
G1 X43.712 Y151.721
G1 X43.387 Y150.823
G1 X43.160 Y150.741
G1 X42.998 Y150.791
G1 X42.892 Y150.941
G1 X42.815 Y151.581
G1 X43.000 Y152.816
G0 Z5.000 F500.000
G0 X45.210 Y151.806 F3000.000
G1 Z1.000 F500.000
G4 P100
G1 X45.355 Y152.448 F1000.000
G1 X45.528 Y152.715
G1 X46.032 Y153.052
G1 X46.340 Y153.096
G1 X46.601 Y153.052
G1 X46.805 Y152.923
G1 X46.936 Y152.720
G1 X46.980 Y152.456
G1 X46.918 Y152.135
G1 X46.732 Y151.863
G1 X46.399 Y151.641
G1 X45.895 Y151.471
G1 X46.076 Y151.298
G1 X46.370 Y151.241
G1 X46.882 Y151.398
G1 X47.515 Y151.881
G1 X47.617 Y151.821
G1 X47.655 Y151.656
G1 X47.560 Y151.346
G1 X47.037 Y150.931
G1 X46.315 Y150.741
G1 X45.849 Y150.812
G1 X45.500 Y151.026
G1 X45.282 Y151.363
G1 X45.210 Y151.806
G0 Z5.000 F500.000
G0 X45.815 Y151.871 F3000.000
G1 Z1.000 F500.000
G4 P100
G1 X46.280 Y152.071 F1000.000
G1 X46.407 Y152.222
G1 X46.397 Y152.548
G1 X46.255 Y152.606
G1 X46.084 Y152.552
G1 X45.942 Y152.391
G1 X45.815 Y151.871
G0 Z5.000 F500.000
G0 X47.125 Y151.281 F3000.000
G1 Z1.000 F500.000
G4 P100
G1 X49.220 Y155.216 F1000.000
G1 X49.357 Y155.386
G1 X49.515 Y155.441
G1 X49.712 Y155.348
G1 X49.795 Y155.121
G1 X49.740 Y154.916
G1 X47.487 Y150.781
G1 X47.345 Y150.741
G1 X47.142 Y150.823
G1 X47.055 Y151.041
G1 X47.125 Y151.281
G0 Z5.000 F500.000
G0 X49.720 Y151.791 F3000.000
G1 Z1.000 F500.000
G4 P100
G1 X49.865 Y152.468 F1000.000
G1 X50.037 Y152.733
G1 X50.534 Y153.059
G1 X50.830 Y153.101
G1 X51.173 Y153.035
G1 X51.442 Y152.838
G1 X51.627 Y152.545
G1 X51.715 Y152.191
G1 X52.345 Y152.301
G1 X52.445 Y152.236
G1 X52.480 Y152.071
G1 X52.444 Y151.879
G1 X52.335 Y151.786
G1 X51.675 Y151.666
G1 X51.534 Y151.287
G1 X51.300 Y150.993
G1 X51.001 Y150.804
G1 X50.665 Y150.741
G1 X50.152 Y150.886
G1 X49.830 Y151.271
G1 X49.720 Y151.791
G0 Z5.000 F500.000
G0 X50.452 Y151.416 F3000.000
G1 Z1.000 F500.000
G4 P100
G1 X50.705 Y151.271 F1000.000
G1 X50.982 Y151.401
G1 X51.140 Y151.776
G1 X50.902 Y152.051
G1 X50.835 Y152.571
G1 X50.633 Y152.522
G1 X50.477 Y152.378
G1 X50.378 Y152.146
G1 X50.345 Y151.836
G1 X50.452 Y151.416
G0 Z5.000 F500.000
G0 X52.050 Y151.466 F3000.000
G1 Z1.000 F500.000
G4 P100
G1 X52.100 Y152.153 F1000.000
G1 X52.265 Y152.816
G1 X52.405 Y153.031
G1 X52.690 Y153.096
G1 X52.842 Y153.061
G1 X52.885 Y152.956
G1 X52.675 Y151.503
G1 X52.755 Y151.461
G1 X52.942 Y151.611
G1 X53.552 Y153.031
G1 X53.800 Y153.096
G1 X53.960 Y153.068
G1 X54.005 Y152.966
G1 X53.740 Y151.491
G1 X53.780 Y151.343
G1 X53.885 Y151.291
G1 X54.122 Y151.413
G1 X54.625 Y151.881
G1 X54.727 Y151.821
G1 X54.765 Y151.656
G1 X54.670 Y151.346
G1 X54.207 Y150.911
G1 X53.645 Y150.741
G1 X53.437 Y150.787
G1 X53.292 Y150.926
G1 X53.180 Y151.446
G1 X52.925 Y150.923
G1 X52.560 Y150.741
G1 X52.356 Y150.792
G1 X52.086 Y151.181
G1 X52.050 Y151.466
G0 Z5.000 F500.000
G0 X54.624 Y151.548 F3000.000
G1 Z1.000 F500.000
G4 P100
G1 X54.575 Y152.621 F1000.000
G1 X54.177 Y152.676
G1 X54.125 Y152.851
G1 X54.181 Y153.061
G1 X54.635 Y153.131
G1 X54.895 Y154.136
G1 X55.317 Y154.861
G1 X55.574 Y155.063
G1 X55.850 Y155.131
G1 X56.037 Y155.084
G1 X56.180 Y154.946
G1 X56.300 Y154.481
G1 X56.259 Y154.106
G1 X56.137 Y153.756
G1 X55.650 Y153.131
G1 X56.325 Y153.096
G1 X56.325 Y152.815
G1 X56.219 Y152.707
G1 X55.795 Y152.621
G1 X55.185 Y152.621
G1 X55.206 Y151.788
G1 X55.297 Y151.501
G1 X55.456 Y151.343
G1 X55.685 Y151.291
G1 X56.065 Y151.421
G1 X56.590 Y151.881
G1 X56.692 Y151.821
G1 X56.730 Y151.656
G1 X56.635 Y151.346
G1 X56.165 Y150.911
G1 X55.580 Y150.741
G1 X55.134 Y150.830
G1 X54.815 Y151.099
G1 X54.624 Y151.548
G0 Z5.000 F500.000
G0 X55.235 Y153.206 F3000.000
G1 Z1.000 F500.000
G4 P100
G1 X55.677 Y153.778 F1000.000
G1 X55.825 Y154.356
G1 X55.797 Y154.577
G1 X55.715 Y154.651
G1 X55.547 Y154.463
G1 X55.372 Y153.943
G1 X55.235 Y153.206
G0 Z5.000 F500.000
G0 X56.517 Y153.566 F3000.000
G1 Z1.000 F500.000
G4 P100
G1 X56.712 Y154.291 F1000.000
G1 X56.982 Y154.906
G1 X57.319 Y155.326
G1 X57.715 Y155.466
G1 X57.929 Y155.410
G1 X58.092 Y155.243
G1 X58.196 Y154.972
G1 X58.230 Y154.606
G1 X58.147 Y153.963
G1 X57.900 Y153.226
G1 X57.511 Y152.444
G1 X57.005 Y151.671
G1 X57.120 Y151.378
G1 X57.330 Y151.291
G1 X57.690 Y151.408
G1 X58.220 Y151.881
G1 X58.322 Y151.821
G1 X58.360 Y151.656
G1 X58.265 Y151.346
G1 X57.797 Y150.911
G1 X57.528 Y150.783
G1 X57.225 Y150.741
G1 X56.842 Y150.841
G1 X56.572 Y151.141
G1 X56.413 Y151.599
G1 X56.360 Y152.176
G1 X56.517 Y153.566
G0 Z5.000 F500.000
G0 X56.970 Y152.346 F3000.000
G1 Z1.000 F500.000
G4 P100
G1 X57.535 Y153.518 F1000.000
G1 X57.692 Y154.080
G1 X57.745 Y154.591
G1 X57.710 Y154.876
G1 X57.605 Y154.971
G1 X57.345 Y154.556
G1 X57.090 Y153.526
G1 X56.970 Y152.346
G0 Z5.000 F500.000
G0 X58.190 Y153.796 F3000.000
G1 Z1.000 F500.000
G4 P100
G1 X58.327 Y154.088 F1000.000
G1 X58.670 Y154.206
G1 X58.970 Y154.116
G1 X59.085 Y153.861
G1 X58.955 Y153.543
G1 X58.610 Y153.426
G1 X58.295 Y153.523
G1 X58.190 Y153.796
G0 Z5.000 F500.000
G0 X58.515 Y153.096 F3000.000
G1 Z1.000 F500.000
G4 P100
G1 X58.706 Y153.053 F1000.000
G1 X58.770 Y152.926
G1 X58.555 Y151.601
G1 X58.595 Y151.371
G1 X58.730 Y151.291
G1 X58.955 Y151.416
G1 X59.450 Y151.881
G1 X59.552 Y151.821
G1 X59.590 Y151.656
G1 X59.495 Y151.346
G1 X59.016 Y150.892
G1 X58.570 Y150.741
G1 X58.289 Y150.798
G1 X58.097 Y150.971
G1 X57.950 Y151.581
G1 X58.155 Y152.816
G1 X58.275 Y153.036
G1 X58.515 Y153.096
G0 Z5.000 F500.000
G0 X59.380 Y152.816 F3000.000
G1 Z1.000 F500.000
G4 P100
G1 X59.527 Y153.028 F1000.000
G1 X59.955 Y153.071
G1 X59.995 Y152.976
G1 X59.790 Y151.896
G1 X60.160 Y152.596
G1 X60.562 Y152.981
G1 X60.925 Y153.096
G1 X61.169 Y153.014
G1 X61.250 Y152.771
G1 X61.045 Y151.491
G1 X61.081 Y151.341
G1 X61.190 Y151.291
G1 X61.427 Y151.413
G1 X61.930 Y151.881
G1 X62.032 Y151.821
G1 X62.070 Y151.656
G1 X61.975 Y151.346
G1 X61.512 Y150.911
G1 X61.248 Y150.783
G1 X60.726 Y150.777
G1 X60.467 Y151.069
G1 X60.435 Y151.316
G1 X60.570 Y152.251
G1 X60.515 Y152.331
G1 X60.332 Y152.163
G1 X60.092 Y151.721
G1 X59.767 Y150.823
G1 X59.540 Y150.741
G1 X59.378 Y150.791
G1 X59.272 Y150.941
G1 X59.195 Y151.581
G1 X59.380 Y152.816
G0 Z5.000 F500.000
G0 X61.590 Y151.806 F3000.000
G1 Z1.000 F500.000
G4 P100
G1 X61.735 Y152.448 F1000.000
G1 X61.908 Y152.715
G1 X62.412 Y153.052
G1 X62.720 Y153.096
G1 X62.981 Y153.052
G1 X63.185 Y152.923
G1 X63.316 Y152.720
G1 X63.360 Y152.456
G1 X63.298 Y152.135
G1 X63.112 Y151.863
G1 X62.779 Y151.641
G1 X62.275 Y151.471
G1 X62.456 Y151.298
G1 X62.750 Y151.241
G1 X63.262 Y151.398
G1 X63.895 Y151.881
G1 X63.997 Y151.821
G1 X64.035 Y151.656
G1 X63.940 Y151.346
G1 X63.417 Y150.931
G1 X62.695 Y150.741
G1 X62.229 Y150.812
G1 X61.880 Y151.026
G1 X61.662 Y151.363
G1 X61.590 Y151.806
G0 Z5.000 F500.000
G0 X62.195 Y151.871 F3000.000
G1 Z1.000 F500.000
G4 P100
G1 X62.660 Y152.071 F1000.000
G1 X62.787 Y152.222
G1 X62.777 Y152.548
G1 X62.635 Y152.606
G1 X62.464 Y152.552
G1 X62.322 Y152.391
G1 X62.195 Y151.871
G0 Z5.000 F500.000
G0 X64.915 Y152.131 F3000.000
G1 Z1.000 F500.000
G4 P100
G1 X65.035 Y152.461 F1000.000
G1 X65.450 Y152.931
G1 X65.711 Y153.054
G1 X66.229 Y153.055
G1 X66.527 Y152.747
G1 X66.565 Y152.516
G1 X66.472 Y152.161
G1 X66.230 Y152.016
G1 X66.077 Y152.061
G1 X66.037 Y152.571
G1 X65.945 Y152.606
G1 X65.730 Y152.503
G1 X65.570 Y152.226
G1 X65.510 Y151.841
G1 X65.636 Y151.406
G1 X66.015 Y151.261
G1 X66.457 Y151.398
G1 X67.060 Y151.881
G1 X67.162 Y151.821
G1 X67.200 Y151.656
G1 X67.105 Y151.346
G1 X66.542 Y150.898
G1 X65.910 Y150.741
G1 X65.474 Y150.810
G1 X65.147 Y151.018
G1 X64.943 Y151.340
G1 X64.875 Y151.751
G1 X64.915 Y152.131
G0 Z5.000 F500.000
G0 X66.720 Y151.791 F3000.000
G1 Z1.000 F500.000
G4 P100
G1 X66.865 Y152.468 F1000.000
G1 X67.037 Y152.733
G1 X67.534 Y153.059
G1 X67.830 Y153.101
G1 X68.173 Y153.035
G1 X68.442 Y152.838
G1 X68.627 Y152.545
G1 X68.715 Y152.191
G1 X69.345 Y152.301
G1 X69.445 Y152.236
G1 X69.480 Y152.071
G1 X69.444 Y151.879
G1 X69.335 Y151.786
G1 X68.675 Y151.666
G1 X68.534 Y151.287
G1 X68.300 Y150.993
G1 X68.001 Y150.804
G1 X67.665 Y150.741
G1 X67.152 Y150.886
G1 X66.830 Y151.271
G1 X66.720 Y151.791
G0 Z5.000 F500.000
G0 X67.452 Y151.416 F3000.000
G1 Z1.000 F500.000
G4 P100
G1 X67.705 Y151.271 F1000.000
G1 X67.982 Y151.401
G1 X68.140 Y151.776
G1 X67.902 Y152.051
G1 X67.835 Y152.571
G1 X67.633 Y152.522
G1 X67.477 Y152.378
G1 X67.378 Y152.146
G1 X67.345 Y151.836
G1 X67.452 Y151.416
G0 Z5.000 F500.000
G0 X69.060 Y151.581 F3000.000
G1 Z1.000 F500.000
G4 P100
G1 X69.245 Y152.816 F1000.000
G1 X69.392 Y153.028
G1 X69.680 Y153.096
G1 X69.820 Y153.071
G1 X69.860 Y152.976
G1 X69.655 Y151.896
G1 X70.025 Y152.596
G1 X70.427 Y152.981
G1 X70.790 Y153.096
G1 X71.034 Y153.014
G1 X71.115 Y152.771
G1 X70.910 Y151.491
G1 X70.946 Y151.341
G1 X71.055 Y151.291
G1 X71.292 Y151.413
G1 X71.795 Y151.881
G1 X71.897 Y151.821
G1 X71.935 Y151.656
G1 X71.840 Y151.346
G1 X71.377 Y150.911
G1 X70.815 Y150.741
G1 X70.591 Y150.777
G1 X70.332 Y151.069
G1 X70.300 Y151.316
G1 X70.435 Y152.251
G1 X70.380 Y152.331
G1 X70.197 Y152.163
G1 X69.957 Y151.721
G1 X69.632 Y150.823
G1 X69.405 Y150.741
G1 X69.243 Y150.791
G1 X69.137 Y150.941
G1 X69.060 Y151.581
G0 Z5.000 F500.000
G0 X71.600 Y151.406 F3000.000
G1 Z1.000 F500.000
G4 P100
G1 X71.540 Y152.806 F1000.000
G1 X71.630 Y153.036
G1 X71.885 Y153.101
G1 X72.077 Y153.043
G1 X72.210 Y151.356
G1 X72.660 Y152.066
G1 X72.585 Y152.411
G1 X72.660 Y152.741
G1 X72.865 Y153.001
G1 X73.160 Y153.101
G1 X73.395 Y152.998
G1 X73.485 Y152.701
G1 X73.365 Y152.186
G1 X74.055 Y152.291
G1 X74.170 Y152.241
G1 X74.150 Y151.863
G1 X73.970 Y151.736
G1 X73.480 Y151.661
G1 X73.065 Y151.721
G1 X72.400 Y150.846
G1 X72.070 Y150.741
G1 X71.887 Y150.781
G1 X71.748 Y150.901
G1 X71.600 Y151.406
G0 Z5.000 F500.000
G0 X73.772 Y151.363 F3000.000
G1 Z1.000 F500.000
G4 P100
G1 X73.700 Y151.806 F1000.000
G1 X73.845 Y152.448
G1 X74.247 Y152.921
G1 X74.830 Y153.096
G1 X75.091 Y153.052
G1 X75.295 Y152.923
G1 X75.426 Y152.720
G1 X75.470 Y152.456
G1 X75.408 Y152.135
G1 X75.222 Y151.863
G1 X74.889 Y151.641
G1 X74.385 Y151.471
G1 X74.566 Y151.298
G1 X74.860 Y151.241
G1 X75.373 Y151.398
G1 X76.005 Y151.881
G1 X76.107 Y151.821
G1 X76.145 Y151.656
G1 X76.050 Y151.346
G1 X75.527 Y150.931
G1 X74.805 Y150.741
G1 X74.339 Y150.812
G1 X73.990 Y151.026
G1 X73.772 Y151.363
G0 Z5.000 F500.000
G0 X74.305 Y151.871 F3000.000
G1 Z1.000 F500.000
G4 P100
G1 X74.770 Y152.071 F1000.000
G1 X74.897 Y152.222
G1 X74.887 Y152.548
G1 X74.745 Y152.606
G1 X74.574 Y152.552
G1 X74.432 Y152.391
G1 X74.305 Y151.871
G0 Z5.000 F500.000
G0 X75.796 Y152.214 F3000.000
G1 Z1.000 F500.000
G4 P100
G1 X75.935 Y152.816 F1000.000
G1 X76.083 Y153.028
G1 X76.370 Y153.096
G1 X76.510 Y153.071
G1 X76.550 Y152.976
G1 X76.345 Y151.896
G1 X76.715 Y152.596
G1 X77.118 Y152.981
G1 X77.480 Y153.096
G1 X77.724 Y153.014
G1 X77.805 Y152.771
G1 X77.751 Y152.074
G1 X77.845 Y152.031
G1 X78.340 Y152.316
G1 X78.442 Y152.258
G1 X78.480 Y152.106
G1 X78.380 Y151.816
G1 X78.052 Y151.568
G1 X77.655 Y151.466
G1 X77.422 Y151.499
G1 X77.149 Y151.759
G1 X77.085 Y152.331
G1 X76.888 Y152.163
G1 X76.645 Y151.721
G1 X76.322 Y150.823
G1 X76.095 Y150.741
G1 X75.933 Y150.791
G1 X75.828 Y150.941
G1 X75.750 Y151.581
G1 X75.796 Y152.214
G0 Z5.000 F500.000
G0 X77.720 Y151.216 F3000.000
G1 Z1.000 F500.000
G4 P100
G1 X78.270 Y152.041 F1000.000
G1 X78.695 Y152.931
G1 X78.841 Y153.096
G1 X79.090 Y153.151
G1 X79.285 Y153.126
G1 X79.340 Y153.046
G1 X79.175 Y152.516
G1 X79.632 Y151.768
G1 X79.705 Y151.306
G1 X80.415 Y151.881
G1 X80.517 Y151.821
G1 X80.555 Y151.656
G1 X80.460 Y151.346
G1 X79.982 Y150.923
G1 X78.945 Y150.631
G1 X78.547 Y150.751
G1 X78.410 Y151.021
G1 X78.505 Y151.246
G1 X78.785 Y151.341
G1 X79.070 Y151.311
G1 X79.012 Y151.556
G1 X78.730 Y151.966
G1 X78.090 Y151.106
G1 X77.900 Y151.016
G1 X77.770 Y151.073
G1 X77.720 Y151.216
G0 Z5.000 F500.000
G0 X80.182 Y151.238 F3000.000
G1 Z1.000 F500.000
G4 P100
G1 X80.202 Y152.158 F1000.000
G1 X80.350 Y152.816
G1 X80.470 Y153.036
G1 X80.710 Y153.096
G1 X80.901 Y153.053
G1 X80.965 Y152.926
G1 X80.750 Y151.601
G1 X80.790 Y151.371
G1 X80.925 Y151.291
G1 X81.150 Y151.416
G1 X81.645 Y151.881
G1 X81.748 Y151.821
G1 X81.785 Y151.656
G1 X81.690 Y151.346
G1 X81.211 Y150.892
G1 X80.765 Y150.741
G1 X80.484 Y150.798
G1 X80.292 Y150.971
G1 X80.182 Y151.238
G0 Z5.000 F500.000
G0 X80.805 Y153.426 F3000.000
G1 Z1.000 F500.000
G4 P100
G1 X80.490 Y153.523 F1000.000
G1 X80.385 Y153.796
G1 X80.522 Y154.088
G1 X80.865 Y154.206
G1 X81.165 Y154.116
G1 X81.280 Y153.861
G1 X81.150 Y153.543
G1 X80.805 Y153.426
G0 Z5.000 F500.000
G0 X81.850 Y152.933 F3000.000
G1 Z1.000 F500.000
G4 P100
G1 X82.415 Y153.101 F1000.000
G1 X82.758 Y153.035
G1 X83.027 Y152.838
G1 X83.212 Y152.545
G1 X83.300 Y152.191
G1 X83.930 Y152.301
G1 X84.030 Y152.236
G1 X84.029 Y151.879
G1 X83.920 Y151.786
G1 X83.260 Y151.666
G1 X83.119 Y151.287
G1 X82.885 Y150.993
G1 X82.586 Y150.804
G1 X82.250 Y150.741
G1 X81.737 Y150.886
G1 X81.415 Y151.271
G1 X81.305 Y151.791
G1 X81.450 Y152.468
G1 X81.850 Y152.933
G0 Z5.000 F500.000
G0 X82.062 Y152.378 F3000.000
G1 Z1.000 F500.000
G4 P100
G1 X81.930 Y151.836 F1000.000
G1 X82.037 Y151.416
G1 X82.290 Y151.271
G1 X82.567 Y151.401
G1 X82.725 Y151.776
G1 X82.487 Y152.051
G1 X82.420 Y152.571
G1 X82.218 Y152.522
G1 X82.062 Y152.378
G0 Z5.000 F500.000
G0 X83.691 Y152.214 F3000.000
G1 Z1.000 F500.000
G4 P100
G1 X83.830 Y152.816 F1000.000
G1 X83.977 Y153.028
G1 X84.265 Y153.096
G1 X84.405 Y153.071
G1 X84.445 Y152.976
G1 X84.240 Y151.896
G1 X84.610 Y152.596
G1 X85.012 Y152.981
G1 X85.375 Y153.096
G1 X85.619 Y153.014
G1 X85.700 Y152.771
G1 X85.495 Y151.491
G1 X85.531 Y151.341
G1 X85.640 Y151.291
G1 X85.877 Y151.413
G1 X86.380 Y151.881
G1 X86.482 Y151.821
G1 X86.520 Y151.656
G1 X86.425 Y151.346
G1 X85.962 Y150.911
G1 X85.698 Y150.783
G1 X85.176 Y150.777
G1 X84.917 Y151.069
G1 X84.885 Y151.316
G1 X85.020 Y152.251
G1 X84.965 Y152.331
G1 X84.782 Y152.163
G1 X84.542 Y151.721
G1 X84.217 Y150.823
G1 X83.990 Y150.741
G1 X83.828 Y150.791
G1 X83.722 Y150.941
G1 X83.645 Y151.581
G1 X83.691 Y152.214
G0 Z5.000 F500.000
G0 X86.080 Y151.151 F3000.000
G1 Z1.000 F500.000
G4 P100
G1 X86.197 Y151.536 F1000.000
G1 X86.500 Y151.671
G1 X86.773 Y151.573
G1 X86.865 Y151.311
G1 X86.760 Y150.846
G1 X86.347 Y150.036
G1 X86.195 Y149.976
G1 X86.020 Y150.026
G1 X85.955 Y150.186
G1 X86.080 Y151.151
G0 Z5.000 F500.000
G0 X88.430 Y151.216 F3000.000
G1 Z1.000 F500.000
G4 P100
G1 X88.980 Y152.041 F1000.000
G1 X89.405 Y152.931
G1 X89.551 Y153.096
G1 X89.800 Y153.151
G1 X89.995 Y153.126
G1 X90.050 Y153.046
G1 X89.885 Y152.516
G1 X90.342 Y151.768
G1 X90.415 Y151.306
G1 X91.125 Y151.881
G1 X91.227 Y151.821
G1 X91.265 Y151.656
G1 X91.170 Y151.346
G1 X90.692 Y150.923
G1 X89.655 Y150.631
G1 X89.257 Y150.751
G1 X89.120 Y151.021
G1 X89.215 Y151.246
G1 X89.495 Y151.341
G1 X89.780 Y151.311
G1 X89.722 Y151.556
G1 X89.440 Y151.966
G1 X88.800 Y151.106
G1 X88.610 Y151.016
G1 X88.480 Y151.073
G1 X88.430 Y151.216
G0 Z5.000 F500.000
G0 X90.858 Y151.363 F3000.000
G1 Z1.000 F500.000
G4 P100
G1 X90.785 Y151.806 F1000.000
G1 X90.930 Y152.448
G1 X91.333 Y152.921
G1 X91.915 Y153.096
G1 X92.176 Y153.052
G1 X92.380 Y152.923
G1 X92.511 Y152.720
G1 X92.555 Y152.456
G1 X92.493 Y152.135
G1 X92.308 Y151.863
G1 X91.974 Y151.641
G1 X91.470 Y151.471
G1 X91.651 Y151.298
G1 X91.945 Y151.241
G1 X92.458 Y151.398
G1 X93.090 Y151.881
G1 X93.192 Y151.821
G1 X93.230 Y151.656
G1 X93.135 Y151.346
G1 X92.613 Y150.931
G1 X91.890 Y150.741
G1 X91.424 Y150.812
G1 X91.075 Y151.026
G1 X90.858 Y151.363
G0 Z5.000 F500.000
G0 X91.390 Y151.871 F3000.000
G1 Z1.000 F500.000
G4 P100
G1 X91.855 Y152.071 F1000.000
G1 X91.983 Y152.222
G1 X91.972 Y152.548
G1 X91.830 Y152.606
G1 X91.659 Y152.552
G1 X91.518 Y152.391
G1 X91.390 Y151.871
G0 Z5.000 F500.000
G0 X92.881 Y152.214 F3000.000
G1 Z1.000 F500.000
G4 P100
G1 X93.020 Y152.816 F1000.000
G1 X93.168 Y153.028
G1 X93.455 Y153.096
G1 X93.595 Y153.071
G1 X93.635 Y152.976
G1 X93.430 Y151.901
G1 X93.753 Y152.561
G1 X94.138 Y152.963
G1 X94.510 Y153.096
G1 X94.758 Y153.016
G1 X94.830 Y152.771
G1 X94.680 Y151.921
G1 X94.944 Y152.452
G1 X95.235 Y152.816
G1 X95.530 Y153.026
G1 X95.805 Y153.096
G1 X96.049 Y153.014
G1 X96.130 Y152.771
G1 X95.925 Y151.491
G1 X95.961 Y151.341
G1 X96.070 Y151.291
G1 X96.308 Y151.413
G1 X96.810 Y151.881
G1 X96.913 Y151.821
G1 X96.950 Y151.656
G1 X96.855 Y151.346
G1 X96.393 Y150.911
G1 X96.128 Y150.783
G1 X95.606 Y150.777
G1 X95.348 Y151.069
G1 X95.315 Y151.316
G1 X95.450 Y152.251
G1 X95.395 Y152.331
G1 X95.210 Y152.163
G1 X94.970 Y151.721
G1 X94.648 Y150.821
G1 X94.415 Y150.741
G1 X94.168 Y150.898
G1 X94.085 Y151.281
G1 X94.175 Y152.251
G1 X94.120 Y152.331
G1 X93.930 Y152.151
G1 X93.708 Y151.691
G1 X93.407 Y150.823
G1 X93.180 Y150.741
G1 X93.018 Y150.791
G1 X92.913 Y150.941
G1 X92.835 Y151.581
G1 X92.881 Y152.214
G0 Z5.000 F500.000
G0 X96.480 Y151.556 F3000.000
G1 Z1.000 F500.000
G4 P100
G1 X96.526 Y151.945 F1000.000
G1 X96.881 Y152.636
G1 X97.474 Y153.051
G1 X97.810 Y153.106
G1 X97.958 Y153.063
G1 X98.020 Y152.911
G1 X98.424 Y152.887
G1 X98.485 Y152.756
G1 X98.295 Y151.456
G1 X98.333 Y151.336
G1 X98.430 Y151.291
G1 X98.660 Y151.413
G1 X99.160 Y151.881
G1 X99.263 Y151.821
G1 X99.300 Y151.656
G1 X99.205 Y151.346
G1 X98.770 Y150.916
G1 X98.325 Y150.741
G1 X98.023 Y150.853
G1 X97.815 Y151.161
G1 X97.521 Y150.846
G1 X97.160 Y150.741
G1 X96.881 Y150.797
G1 X96.665 Y150.966
G1 X96.526 Y151.226
G1 X96.480 Y151.556
G0 Z5.000 F500.000
G0 X97.168 Y151.321 F3000.000
G1 Z1.000 F500.000
G4 P100
G1 X97.340 Y151.246 F1000.000
G1 X97.550 Y151.376
G1 X97.695 Y151.721
G1 X97.880 Y152.641
G1 X97.493 Y152.483
G1 X97.210 Y152.081
G1 X97.105 Y151.551
G1 X97.168 Y151.321
G0 Z5.000 F500.000
G0 X98.905 Y151.581 F3000.000
G1 Z1.000 F500.000
G4 P100
G1 X99.090 Y152.816 F1000.000
G1 X99.238 Y153.028
G1 X99.525 Y153.096
G1 X99.665 Y153.071
G1 X99.705 Y152.976
G1 X99.500 Y151.896
G1 X99.870 Y152.596
G1 X100.273 Y152.981
G1 X100.635 Y153.096
G1 X100.879 Y153.014
G1 X100.960 Y152.771
G1 X100.755 Y151.491
G1 X100.791 Y151.341
G1 X100.900 Y151.291
G1 X101.138 Y151.413
G1 X101.640 Y151.881
G1 X101.743 Y151.821
G1 X101.780 Y151.656
G1 X101.685 Y151.346
G1 X101.222 Y150.911
G1 X100.660 Y150.741
G1 X100.436 Y150.777
G1 X100.178 Y151.069
G1 X100.145 Y151.316
G1 X100.280 Y152.251
G1 X100.225 Y152.331
G1 X100.042 Y152.163
G1 X99.803 Y151.721
G1 X99.477 Y150.823
G1 X99.250 Y150.741
G1 X99.088 Y150.791
G1 X98.983 Y150.941
G1 X98.905 Y151.581
G0 Z5.000 F500.000
G0 X101.639 Y151.548 F3000.000
G1 Z1.000 F500.000
G4 P100
G1 X101.590 Y152.621 F1000.000
G1 X101.192 Y152.676
G1 X101.140 Y152.851
G1 X101.196 Y153.061
G1 X101.650 Y153.131
G1 X101.910 Y154.136
G1 X102.332 Y154.861
G1 X102.589 Y155.063
G1 X102.865 Y155.131
G1 X103.052 Y155.084
G1 X103.195 Y154.946
G1 X103.315 Y154.481
G1 X103.274 Y154.106
G1 X103.153 Y153.756
G1 X102.665 Y153.131
G1 X103.340 Y153.096
G1 X103.340 Y152.815
G1 X103.234 Y152.707
G1 X102.810 Y152.621
G1 X102.200 Y152.621
G1 X102.221 Y151.788
G1 X102.312 Y151.501
G1 X102.471 Y151.343
G1 X102.700 Y151.291
G1 X103.080 Y151.421
G1 X103.605 Y151.881
G1 X103.707 Y151.821
G1 X103.745 Y151.656
G1 X103.650 Y151.346
G1 X103.180 Y150.911
G1 X102.595 Y150.741
G1 X102.149 Y150.830
G1 X101.830 Y151.099
G1 X101.639 Y151.548
G0 Z5.000 F500.000
G0 X102.250 Y153.206 F3000.000
G1 Z1.000 F500.000
G4 P100
G1 X102.692 Y153.778 F1000.000
G1 X102.840 Y154.356
G1 X102.812 Y154.577
G1 X102.730 Y154.651
G1 X102.562 Y154.463
G1 X102.387 Y153.943
G1 X102.250 Y153.206
G0 Z5.000 F500.000
G0 X103.575 Y153.796 F3000.000
G1 Z1.000 F500.000
G4 P100
G1 X103.712 Y154.088 F1000.000
G1 X104.055 Y154.206
G1 X104.355 Y154.116
G1 X104.470 Y153.861
G1 X104.340 Y153.543
G1 X103.995 Y153.426
G1 X103.680 Y153.523
G1 X103.575 Y153.796
G0 Z5.000 F500.000
G0 X103.900 Y153.096 F3000.000
G1 Z1.000 F500.000
G4 P100
G1 X104.091 Y153.053 F1000.000
G1 X104.155 Y152.926
G1 X103.940 Y151.601
G1 X103.980 Y151.371
G1 X104.115 Y151.291
G1 X104.340 Y151.416
G1 X104.835 Y151.881
G1 X104.938 Y151.821
G1 X104.975 Y151.656
G1 X104.880 Y151.346
G1 X104.401 Y150.892
G1 X103.955 Y150.741
G1 X103.674 Y150.798
G1 X103.482 Y150.971
G1 X103.335 Y151.581
G1 X103.540 Y152.816
G1 X103.660 Y153.036
G1 X103.900 Y153.096
G0 Z5.000 F500.000
G0 X104.650 Y152.461 F3000.000
G1 Z1.000 F500.000
G4 P100
G1 X105.065 Y152.931 F1000.000
G1 X105.326 Y153.054
G1 X105.844 Y153.055
G1 X106.142 Y152.747
G1 X106.180 Y152.516
G1 X106.088 Y152.161
G1 X105.845 Y152.016
G1 X105.693 Y152.061
G1 X105.653 Y152.571
G1 X105.560 Y152.606
G1 X105.345 Y152.503
G1 X105.185 Y152.226
G1 X105.157 Y151.587
G1 X105.409 Y151.297
G1 X105.630 Y151.261
G1 X106.073 Y151.398
G1 X106.675 Y151.881
G1 X106.778 Y151.821
G1 X106.815 Y151.656
G1 X106.720 Y151.346
G1 X106.158 Y150.898
G1 X105.525 Y150.741
G1 X105.089 Y150.810
G1 X104.763 Y151.018
G1 X104.558 Y151.340
G1 X104.490 Y151.751
G1 X104.650 Y152.461
G0 Z5.000 F500.000
G0 X106.185 Y151.401 F3000.000
G1 Z1.000 F500.000
G4 P100
G1 X106.665 Y152.041 F1000.000
G1 X107.090 Y152.931
G1 X107.236 Y153.096
G1 X107.485 Y153.151
G1 X107.680 Y153.126
G1 X107.735 Y153.046
G1 X107.570 Y152.516
G1 X108.028 Y151.768
G1 X108.100 Y151.306
G1 X108.810 Y151.881
G1 X108.913 Y151.821
G1 X108.950 Y151.656
G1 X108.855 Y151.346
G1 X108.378 Y150.923
G1 X107.340 Y150.631
G1 X106.943 Y150.751
G1 X106.805 Y151.021
G1 X106.900 Y151.246
G1 X107.180 Y151.341
G1 X107.465 Y151.311
G1 X107.408 Y151.556
G1 X107.125 Y151.966
G1 X106.485 Y151.106
G1 X106.295 Y151.016
G1 X106.165 Y151.073
G1 X106.115 Y151.216
G1 X106.185 Y151.401
G0 Z5.000 F500.000
G0 X108.510 Y151.151 F3000.000
G1 Z1.000 F500.000
G4 P100
G1 X108.627 Y151.536 F1000.000
G1 X108.930 Y151.671
G1 X109.203 Y151.573
G1 X109.295 Y151.311
G1 X109.190 Y150.846
G1 X108.778 Y150.036
G1 X108.625 Y149.976
G1 X108.450 Y150.026
G1 X108.385 Y150.186
G1 X108.510 Y151.151
G0 Z5.000 F500.000
G0 X110.545 Y150.358 F3000.000
G1 Z1.000 F500.000
G4 P100
G1 X111.240 Y151.796 F1000.000
G1 X111.230 Y152.811
G1 X111.345 Y153.041
G1 X111.645 Y153.126
G1 X111.798 Y153.083
G1 X111.855 Y152.731
G1 X112.170 Y153.018
G1 X112.500 Y153.106
G1 X112.754 Y153.049
G1 X112.958 Y152.881
G1 X113.091 Y152.621
G1 X113.135 Y152.291
G1 X113.050 Y151.776
G1 X112.815 Y151.321
G1 X112.990 Y151.291
G1 X113.305 Y151.411
G1 X113.690 Y151.811
G1 X113.825 Y151.881
G1 X113.928 Y151.821
G1 X113.965 Y151.656
G1 X113.870 Y151.346
G1 X113.408 Y150.911
G1 X112.845 Y150.741
G1 X112.605 Y150.788
G1 X112.415 Y150.931
G1 X111.820 Y150.741
G1 X111.714 Y149.855
G1 X111.525 Y149.128
G1 X111.241 Y148.642
G1 X111.059 Y148.521
G1 X110.615 Y148.529
G1 X110.450 Y148.676
G1 X110.353 Y148.908
G1 X110.376 Y149.746
G1 X110.545 Y150.358
G0 Z5.000 F500.000
G0 X110.765 Y149.301 F3000.000
G1 Z1.000 F500.000
G4 P100
G1 X110.803 Y149.056 F1000.000
G1 X110.890 Y148.971
G1 X111.014 Y149.117
G1 X111.115 Y149.558
G1 X111.230 Y151.021
G1 X110.890 Y150.066
G1 X110.765 Y149.301
G0 Z5.000 F500.000
G0 X111.845 Y151.221 F3000.000
G1 Z1.000 F500.000
G4 P100
G1 X112.178 Y151.418 F1000.000
G1 X112.420 Y151.808
G1 X112.510 Y152.296
G1 X112.450 Y152.523
G1 X112.290 Y152.601
G1 X112.091 Y152.506
G1 X111.855 Y152.221
G1 X111.845 Y151.221
G0 Z5.000 F500.000
G0 X113.495 Y151.556 F3000.000
G1 Z1.000 F500.000
G4 P100
G1 X113.541 Y151.945 F1000.000
G1 X113.896 Y152.636
G1 X114.489 Y153.051
G1 X114.825 Y153.106
G1 X114.973 Y153.063
G1 X115.035 Y152.911
G1 X115.439 Y152.887
G1 X115.500 Y152.756
G1 X115.310 Y151.456
G1 X115.348 Y151.336
G1 X115.445 Y151.291
G1 X115.675 Y151.413
G1 X116.175 Y151.881
G1 X116.278 Y151.821
G1 X116.315 Y151.656
G1 X116.220 Y151.346
G1 X115.785 Y150.916
G1 X115.340 Y150.741
G1 X115.038 Y150.853
G1 X114.830 Y151.161
G1 X114.536 Y150.846
G1 X114.175 Y150.741
G1 X113.896 Y150.797
G1 X113.680 Y150.966
G1 X113.541 Y151.226
G1 X113.495 Y151.556
G0 Z5.000 F500.000
G0 X114.183 Y151.321 F3000.000
G1 Z1.000 F500.000
G4 P100
G1 X114.355 Y151.246 F1000.000
G1 X114.565 Y151.376
G1 X114.710 Y151.721
G1 X114.895 Y152.641
G1 X114.508 Y152.483
G1 X114.225 Y152.081
G1 X114.120 Y151.551
G1 X114.183 Y151.321
G0 Z5.000 F500.000
G0 X115.845 Y151.556 F3000.000
G1 Z1.000 F500.000
G4 P100
G1 X115.891 Y151.945 F1000.000
G1 X116.246 Y152.636
G1 X116.839 Y153.051
G1 X117.175 Y153.106
G1 X117.323 Y153.063
G1 X117.385 Y152.911
G1 X117.783 Y152.893
G1 X117.835 Y152.746
G1 X117.615 Y151.301
G1 X118.355 Y151.831
G1 X118.470 Y151.871
G1 X118.573 Y151.808
G1 X118.610 Y151.651
G1 X118.465 Y151.356
G1 X117.515 Y150.711
G1 X117.296 Y149.786
G1 X117.018 Y149.083
G1 X116.668 Y148.639
G1 X116.235 Y148.491
G1 X116.004 Y148.530
G1 X115.700 Y148.830
G1 X115.660 Y149.061
G1 X115.730 Y149.429
G1 X115.940 Y149.823
G1 X116.343 Y150.277
G1 X116.990 Y150.826
G1 X117.020 Y151.021
G1 X116.798 Y150.813
G1 X116.525 Y150.741
G1 X116.246 Y150.797
G1 X116.030 Y150.966
G1 X115.891 Y151.226
G1 X115.845 Y151.556
G0 Z5.000 F500.000
G0 X116.533 Y151.321 F3000.000
G1 Z1.000 F500.000
G4 P100
G1 X116.705 Y151.246 F1000.000
G1 X116.925 Y151.386
G1 X117.235 Y152.641
G1 X116.855 Y152.483
G1 X116.575 Y152.081
G1 X116.470 Y151.551
G1 X116.533 Y151.321
G0 Z5.000 F500.000
G0 X116.875 Y150.231 F3000.000
G1 Z1.000 F500.000
G4 P100
G1 X116.320 Y149.636 F1000.000
G1 X116.150 Y149.171
G1 X116.183 Y149.031
G1 X116.290 Y148.976
G1 X116.423 Y149.051
G1 X116.573 Y149.276
G1 X116.875 Y150.231
G0 Z5.000 F500.000
G0 X118.447 Y150.971 F3000.000
G1 Z1.000 F500.000
G4 P100
G1 X118.300 Y151.581 F1000.000
G1 X118.505 Y152.816
G1 X118.625 Y153.036
G1 X118.865 Y153.096
G1 X119.056 Y153.053
G1 X119.120 Y152.926
G1 X118.905 Y151.601
G1 X118.945 Y151.371
G1 X119.080 Y151.291
G1 X119.305 Y151.416
G1 X119.800 Y151.881
G1 X119.903 Y151.821
G1 X119.940 Y151.656
G1 X119.845 Y151.346
G1 X119.366 Y150.892
G1 X118.920 Y150.741
G1 X118.639 Y150.798
G1 X118.447 Y150.971
G0 Z5.000 F500.000
G0 X118.960 Y153.426 F3000.000
G1 Z1.000 F500.000
G4 P100
G1 X118.645 Y153.523 F1000.000
G1 X118.540 Y153.796
G1 X118.677 Y154.088
G1 X119.020 Y154.206
G1 X119.320 Y154.116
G1 X119.435 Y153.861
G1 X119.305 Y153.543
G1 X118.960 Y153.426
G0 Z5.000 F500.000
G0 X119.878 Y153.028 F3000.000
G1 Z1.000 F500.000
G4 P100
G1 X120.165 Y153.096 F1000.000
G1 X120.305 Y153.071
G1 X120.345 Y152.976
G1 X120.140 Y151.896
G1 X120.510 Y152.596
G1 X120.913 Y152.981
G1 X121.275 Y153.096
G1 X121.519 Y153.014
G1 X121.600 Y152.771
G1 X121.395 Y151.491
G1 X121.431 Y151.341
G1 X121.540 Y151.291
G1 X121.778 Y151.413
G1 X122.280 Y151.881
G1 X122.383 Y151.821
G1 X122.420 Y151.656
G1 X122.325 Y151.346
G1 X121.863 Y150.911
G1 X121.598 Y150.783
G1 X121.076 Y150.777
G1 X120.818 Y151.069
G1 X120.785 Y151.316
G1 X120.920 Y152.251
G1 X120.865 Y152.331
G1 X120.683 Y152.163
G1 X120.443 Y151.721
G1 X120.118 Y150.823
G1 X119.890 Y150.741
G1 X119.728 Y150.791
G1 X119.623 Y150.941
G1 X119.545 Y151.581
G1 X119.591 Y152.214
G1 X119.730 Y152.816
G1 X119.878 Y153.028
G0 Z5.000 F500.000
G0 X121.996 Y151.945 F3000.000
G1 Z1.000 F500.000
G4 P100
G1 X122.351 Y152.636 F1000.000
G1 X122.627 Y152.888
G1 X122.944 Y153.051
G1 X123.280 Y153.106
G1 X123.428 Y153.063
G1 X123.490 Y152.911
G1 X123.894 Y152.887
G1 X123.955 Y152.756
G1 X123.765 Y151.456
G1 X123.803 Y151.336
G1 X123.900 Y151.291
G1 X124.130 Y151.413
G1 X124.630 Y151.881
G1 X124.733 Y151.821
G1 X124.770 Y151.656
G1 X124.675 Y151.346
G1 X124.240 Y150.916
G1 X123.795 Y150.741
G1 X123.493 Y150.853
G1 X123.285 Y151.161
G1 X122.991 Y150.846
G1 X122.630 Y150.741
G1 X122.351 Y150.797
G1 X122.135 Y150.966
G1 X121.996 Y151.226
G1 X121.996 Y151.945
G0 Z5.000 F500.000
G0 X122.575 Y151.551 F3000.000
G1 Z1.000 F500.000
G4 P100
G1 X122.638 Y151.321 F1000.000
G1 X122.810 Y151.246
G1 X123.020 Y151.376
G1 X123.165 Y151.721
G1 X123.350 Y152.641
G1 X122.963 Y152.483
G1 X122.680 Y152.081
G1 X122.575 Y151.551
G0 Z5.000 F500.000
G0 X124.183 Y152.676 F3000.000
G1 Z1.000 F500.000
G4 P100
G1 X124.130 Y152.851 F1000.000
G1 X124.186 Y153.061
G1 X124.640 Y153.131
G1 X124.900 Y154.136
G1 X125.322 Y154.861
G1 X125.579 Y155.063
G1 X125.855 Y155.131
G1 X126.043 Y155.084
G1 X126.185 Y154.946
G1 X126.305 Y154.481
G1 X126.264 Y154.106
G1 X126.143 Y153.756
G1 X125.655 Y153.131
G1 X126.330 Y153.096
G1 X126.330 Y152.815
G1 X126.224 Y152.707
G1 X125.800 Y152.621
G1 X125.190 Y152.621
G1 X125.211 Y151.788
G1 X125.303 Y151.501
G1 X125.461 Y151.343
G1 X125.690 Y151.291
G1 X126.070 Y151.421
G1 X126.595 Y151.881
G1 X126.697 Y151.821
G1 X126.735 Y151.656
G1 X126.640 Y151.346
G1 X126.170 Y150.911
G1 X125.896 Y150.783
G1 X125.585 Y150.741
G1 X125.139 Y150.830
G1 X124.820 Y151.099
G1 X124.629 Y151.548
G1 X124.580 Y152.621
G1 X124.183 Y152.676
G0 Z5.000 F500.000
G0 X125.240 Y153.206 F3000.000
G1 Z1.000 F500.000
G4 P100
G1 X125.683 Y153.778 F1000.000
G1 X125.830 Y154.356
G1 X125.803 Y154.577
G1 X125.720 Y154.651
G1 X125.552 Y154.463
G1 X125.377 Y153.943
G1 X125.240 Y153.206
G0 Z5.000 F500.000
G0 X126.565 Y153.796 F3000.000
G1 Z1.000 F500.000
G4 P100
G1 X126.703 Y154.088 F1000.000
G1 X127.045 Y154.206
G1 X127.345 Y154.116
G1 X127.460 Y153.861
G1 X127.330 Y153.543
G1 X126.985 Y153.426
G1 X126.670 Y153.523
G1 X126.565 Y153.796
G0 Z5.000 F500.000
G0 X126.890 Y153.096 F3000.000
G1 Z1.000 F500.000
G4 P100
G1 X127.081 Y153.053 F1000.000
G1 X127.145 Y152.926
G1 X126.930 Y151.601
G1 X126.970 Y151.371
G1 X127.105 Y151.291
G1 X127.330 Y151.416
G1 X127.825 Y151.881
G1 X127.928 Y151.821
G1 X127.965 Y151.656
G1 X127.870 Y151.346
G1 X127.391 Y150.892
G1 X126.945 Y150.741
G1 X126.664 Y150.798
G1 X126.472 Y150.971
G1 X126.325 Y151.581
G1 X126.530 Y152.816
G1 X126.650 Y153.036
G1 X126.890 Y153.096
G0 Z5.000 F500.000
G0 X127.630 Y152.468 F3000.000
G1 Z1.000 F500.000
G4 P100
G1 X127.803 Y152.733 F1000.000
G1 X128.299 Y153.059
G1 X128.595 Y153.101
G1 X128.938 Y153.035
G1 X129.208 Y152.838
G1 X129.392 Y152.545
G1 X129.480 Y152.191
G1 X130.110 Y152.301
G1 X130.210 Y152.236
G1 X130.209 Y151.879
G1 X130.100 Y151.786
G1 X129.440 Y151.666
G1 X129.299 Y151.287
G1 X129.065 Y150.993
G1 X128.766 Y150.804
G1 X128.152 Y150.777
G1 X127.918 Y150.886
G1 X127.595 Y151.271
G1 X127.485 Y151.791
G1 X127.630 Y152.468
G0 Z5.000 F500.000
G0 X128.110 Y151.836 F3000.000
G1 Z1.000 F500.000
G4 P100
G1 X128.218 Y151.416 F1000.000
G1 X128.470 Y151.271
G1 X128.748 Y151.401
G1 X128.905 Y151.776
G1 X128.668 Y152.051
G1 X128.600 Y152.571
G1 X128.398 Y152.522
G1 X128.243 Y152.378
G1 X128.110 Y151.836
G0 Z5.000 F500.000
G0 X129.871 Y152.214 F3000.000
G1 Z1.000 F500.000
G4 P100
G1 X130.010 Y152.816 F1000.000
G1 X130.158 Y153.028
G1 X130.445 Y153.096
G1 X130.585 Y153.071
G1 X130.625 Y152.976
G1 X130.420 Y151.896
G1 X130.790 Y152.596
G1 X131.193 Y152.981
G1 X131.555 Y153.096
G1 X131.799 Y153.014
G1 X131.880 Y152.771
G1 X131.675 Y151.491
G1 X131.711 Y151.341
G1 X131.820 Y151.291
G1 X132.058 Y151.413
G1 X132.560 Y151.881
G1 X132.663 Y151.821
G1 X132.700 Y151.656
G1 X132.605 Y151.346
G1 X132.143 Y150.911
G1 X131.878 Y150.783
G1 X131.356 Y150.777
G1 X131.098 Y151.069
G1 X131.065 Y151.316
G1 X131.200 Y152.251
G1 X131.145 Y152.331
G1 X130.963 Y152.163
G1 X130.723 Y151.721
G1 X130.398 Y150.823
G1 X130.170 Y150.741
G1 X130.008 Y150.791
G1 X129.903 Y150.941
G1 X129.825 Y151.581
G1 X129.871 Y152.214
G0 Z5.000 F500.000
G0 X133.555 Y151.556 F3000.000
G1 Z1.000 F500.000
G4 P100
G1 X133.601 Y151.945 F1000.000
G1 X133.956 Y152.636
G1 X134.549 Y153.051
G1 X134.885 Y153.106
G1 X135.033 Y153.063
G1 X135.095 Y152.911
G1 X135.499 Y152.887
G1 X135.560 Y152.756
G1 X135.370 Y151.456
G1 X135.408 Y151.336
G1 X135.505 Y151.291
G1 X135.735 Y151.413
G1 X136.235 Y151.881
G1 X136.338 Y151.821
G1 X136.375 Y151.656
G1 X136.280 Y151.346
G1 X135.845 Y150.916
G1 X135.400 Y150.741
G1 X135.098 Y150.853
G1 X134.890 Y151.161
G1 X134.596 Y150.846
G1 X134.235 Y150.741
G1 X133.956 Y150.797
G1 X133.740 Y150.966
G1 X133.601 Y151.226
G1 X133.555 Y151.556
G0 Z5.000 F500.000
G0 X134.243 Y151.321 F3000.000
G1 Z1.000 F500.000
G4 P100
G1 X134.415 Y151.246 F1000.000
G1 X134.625 Y151.376
G1 X134.770 Y151.721
G1 X134.955 Y152.641
G1 X134.568 Y152.483
G1 X134.285 Y152.081
G1 X134.180 Y151.551
G1 X134.243 Y151.321
G0 Z5.000 F500.000
G0 X135.980 Y151.581 F3000.000
G1 Z1.000 F500.000
G4 P100
G1 X136.165 Y152.816 F1000.000
G1 X136.313 Y153.028
G1 X136.600 Y153.096
G1 X136.740 Y153.071
G1 X136.780 Y152.976
G1 X136.575 Y151.896
G1 X136.945 Y152.596
G1 X137.348 Y152.981
G1 X137.710 Y153.096
G1 X137.954 Y153.014
G1 X138.035 Y152.771
G1 X137.830 Y151.491
G1 X137.866 Y151.341
G1 X137.975 Y151.291
G1 X138.213 Y151.413
G1 X138.715 Y151.881
G1 X138.818 Y151.821
G1 X138.855 Y151.656
G1 X138.760 Y151.346
G1 X138.298 Y150.911
G1 X137.735 Y150.741
G1 X137.511 Y150.777
G1 X137.253 Y151.069
G1 X137.220 Y151.316
G1 X137.355 Y152.251
G1 X137.300 Y152.331
G1 X137.118 Y152.163
G1 X136.878 Y151.721
G1 X136.553 Y150.823
G1 X136.325 Y150.741
G1 X136.163 Y150.791
G1 X136.058 Y150.941
G1 X135.980 Y151.581
G0 Z5.000 F500.000
G0 X138.434 Y151.230 F3000.000
G1 Z1.000 F500.000
G4 P100
G1 X138.428 Y151.946 F1000.000
G1 X138.555 Y152.303
G1 X139.023 Y152.863
G1 X139.690 Y153.121
G1 X139.828 Y154.020
G1 X140.053 Y154.778
G1 X140.362 Y155.294
G1 X140.548 Y155.423
G1 X140.952 Y155.417
G1 X141.113 Y155.271
G1 X141.219 Y155.026
G1 X141.186 Y154.073
G1 X140.980 Y153.371
G1 X140.245 Y151.831
G1 X140.333 Y151.416
G1 X140.505 Y151.291
G1 X140.780 Y151.411
G1 X141.290 Y151.881
G1 X141.393 Y151.821
G1 X141.430 Y151.656
G1 X141.335 Y151.346
G1 X140.885 Y150.918
G1 X140.400 Y150.741
G1 X140.065 Y150.852
G1 X139.820 Y151.186
G1 X139.453 Y150.831
G1 X139.085 Y150.741
G1 X138.807 Y150.797
G1 X138.583 Y150.968
G1 X138.434 Y151.230
G0 Z5.000 F500.000
G0 X139.073 Y151.337 F3000.000
G1 Z1.000 F500.000
G4 P100
G1 X139.260 Y151.246 F1000.000
G1 X139.450 Y151.323
G1 X139.690 Y151.611
G1 X139.650 Y152.606
G1 X139.398 Y152.471
G1 X139.056 Y151.940
G1 X139.010 Y151.611
G1 X139.073 Y151.337
G0 Z5.000 F500.000
G0 X140.250 Y152.616 F3000.000
G1 Z1.000 F500.000
G4 P100
G1 X140.670 Y153.716 F1000.000
G1 X140.810 Y154.576
G1 X140.700 Y154.976
G1 X140.510 Y154.638
G1 X140.250 Y152.616
G0 Z5.000 F500.000
G0 X73.188 Y141.554 F3000.000
G1 Z1.000 F500.000
G4 P100
G1 X73.043 Y141.259 F1000.000
G1 X72.103 Y140.619
G1 X71.879 Y139.694
G1 X71.598 Y138.989
G1 X71.246 Y138.542
G1 X70.812 Y138.394
G1 X70.581 Y138.433
G1 X70.278 Y138.733
G1 X70.238 Y138.964
G1 X70.343 Y139.439
G1 X70.735 Y139.994
G1 X71.548 Y140.714
G1 X71.562 Y140.809
G1 X70.788 Y140.644
G1 X70.261 Y140.698
G1 X69.803 Y140.861
G1 X69.425 Y141.124
G1 X69.143 Y141.479
G1 X68.966 Y141.911
G1 X68.907 Y142.409
G1 X68.978 Y143.105
G1 X69.188 Y143.716
G1 X69.521 Y144.220
G1 X69.960 Y144.596
G1 X70.482 Y144.830
G1 X71.062 Y144.909
G1 X71.574 Y144.840
G1 X71.940 Y144.636
G1 X72.159 Y144.319
G1 X72.233 Y143.914
G1 X72.125 Y143.441
G1 X71.817 Y143.264
G1 X71.600 Y143.329
G1 X71.518 Y143.509
G1 X71.567 Y143.899
G1 X71.440 Y144.224
G1 X71.013 Y144.339
G1 X70.661 Y144.286
G1 X70.335 Y144.129
G1 X70.053 Y143.867
G1 X69.833 Y143.501
G1 X69.690 Y143.042
G1 X69.643 Y142.499
G1 X69.724 Y141.967
G1 X69.970 Y141.571
G1 X70.371 Y141.325
G1 X70.918 Y141.244
G1 X71.638 Y141.399
G1 X71.708 Y142.009
G1 X70.983 Y142.076
G1 X70.907 Y142.299
G1 X70.983 Y142.519
G1 X71.183 Y142.599
G1 X72.118 Y142.599
G1 X72.300 Y142.526
G1 X72.358 Y142.319
G1 X72.203 Y141.214
G1 X73.048 Y141.774
G1 X73.150 Y141.711
G1 X73.188 Y141.554
G0 Z5.000 F500.000
G0 X71.442 Y140.124 F3000.000
G1 Z1.000 F500.000
G4 P100
G1 X70.895 Y139.536 F1000.000
G1 X70.728 Y139.074
G1 X70.763 Y138.927
G1 X70.868 Y138.879
G1 X71.004 Y138.952
G1 X71.153 Y139.174
G1 X71.442 Y140.124
G0 Z5.000 F500.000
G0 X73.000 Y141.969 F3000.000
G1 Z1.000 F500.000
G4 P100
G1 X72.928 Y142.194 F1000.000
G1 X72.995 Y142.394
G1 X73.192 Y142.469
G1 X74.218 Y142.569
G1 X74.410 Y142.506
G1 X74.478 Y142.294
G1 X74.412 Y142.085
G1 X74.218 Y141.999
G1 X73.192 Y141.899
G1 X73.000 Y141.969
G0 Z5.000 F500.000
G0 X74.817 Y141.654 F3000.000
G1 Z1.000 F500.000
G4 P100
G1 X74.857 Y142.034 F1000.000
G1 X75.161 Y142.634
G1 X75.392 Y142.834
G1 X75.927 Y142.999
G1 X76.355 Y142.836
G1 X76.507 Y142.419
G1 X76.415 Y142.064
G1 X76.172 Y141.919
G1 X76.020 Y141.964
G1 X75.963 Y142.089
G1 X75.980 Y142.474
G1 X75.888 Y142.509
G1 X75.672 Y142.406
G1 X75.513 Y142.129
G1 X75.453 Y141.744
G1 X75.579 Y141.309
G1 X75.957 Y141.164
G1 X76.400 Y141.301
G1 X77.002 Y141.784
G1 X77.105 Y141.724
G1 X77.142 Y141.559
G1 X77.047 Y141.249
G1 X76.789 Y140.992
G1 X76.485 Y140.801
G1 X75.852 Y140.644
G1 X75.417 Y140.713
G1 X75.090 Y140.921
G1 X74.886 Y141.243
G1 X74.817 Y141.654
G0 Z5.000 F500.000
G0 X76.663 Y141.694 F3000.000
G1 Z1.000 F500.000
G4 P100
G1 X76.808 Y142.371 F1000.000
G1 X76.980 Y142.636
G1 X77.476 Y142.962
G1 X77.773 Y143.004
G1 X78.116 Y142.938
G1 X78.385 Y142.741
G1 X78.569 Y142.448
G1 X78.657 Y142.094
G1 X79.288 Y142.204
G1 X79.388 Y142.139
G1 X79.422 Y141.974
G1 X79.386 Y141.782
G1 X79.278 Y141.689
G1 X78.618 Y141.569
G1 X78.476 Y141.190
G1 X78.243 Y140.896
G1 X77.944 Y140.707
G1 X77.608 Y140.644
G1 X77.095 Y140.789
G1 X76.773 Y141.174
G1 X76.663 Y141.694
G0 Z5.000 F500.000
G0 X77.395 Y141.319 F3000.000
G1 Z1.000 F500.000
G4 P100
G1 X77.648 Y141.174 F1000.000
G1 X77.925 Y141.304
G1 X78.082 Y141.679
G1 X77.845 Y141.954
G1 X77.778 Y142.474
G1 X77.576 Y142.425
G1 X77.420 Y142.281
G1 X77.321 Y142.049
G1 X77.288 Y141.739
G1 X77.395 Y141.319
G0 Z5.000 F500.000
G0 X78.927 Y141.464 F3000.000
G1 Z1.000 F500.000
G4 P100
G1 X78.970 Y141.849 F1000.000
G1 X79.299 Y142.517
G1 X79.881 Y142.939
G1 X80.233 Y143.024
G1 X80.371 Y143.923
G1 X80.595 Y144.681
G1 X80.904 Y145.197
G1 X81.090 Y145.326
G1 X81.494 Y145.320
G1 X81.655 Y145.174
G1 X81.762 Y144.929
G1 X81.729 Y143.976
G1 X81.523 Y143.274
G1 X80.787 Y141.734
G1 X80.875 Y141.319
G1 X81.047 Y141.194
G1 X81.322 Y141.314
G1 X81.832 Y141.784
G1 X81.935 Y141.724
G1 X81.972 Y141.559
G1 X81.877 Y141.249
G1 X81.184 Y140.688
G1 X80.942 Y140.644
G1 X80.608 Y140.755
G1 X80.362 Y141.089
G1 X79.995 Y140.734
G1 X79.627 Y140.644
G1 X79.349 Y140.700
G1 X79.125 Y140.871
G1 X78.977 Y141.133
G1 X78.927 Y141.464
G0 Z5.000 F500.000
G0 X79.615 Y141.240 F3000.000
G1 Z1.000 F500.000
G4 P100
G1 X79.802 Y141.149 F1000.000
G1 X79.992 Y141.226
G1 X80.233 Y141.514
G1 X80.192 Y142.509
G1 X79.941 Y142.374
G1 X79.598 Y141.843
G1 X79.552 Y141.514
G1 X79.615 Y141.240
G0 Z5.000 F500.000
G0 X80.793 Y142.519 F3000.000
G1 Z1.000 F500.000
G4 P100
G1 X81.212 Y143.619 F1000.000
G1 X81.352 Y144.479
G1 X81.242 Y144.879
G1 X81.052 Y144.541
G1 X80.793 Y142.519
G0 Z5.000 F500.000
G0 X81.811 Y142.618 F3000.000
G1 Z1.000 F500.000
G4 P100
G1 X82.314 Y142.955 F1000.000
G1 X82.884 Y142.955
G1 X83.088 Y142.826
G1 X83.219 Y142.623
G1 X83.263 Y142.359
G1 X83.201 Y142.038
G1 X83.015 Y141.766
G1 X82.682 Y141.544
G1 X82.177 Y141.374
G1 X82.359 Y141.201
G1 X82.653 Y141.144
G1 X83.165 Y141.301
G1 X83.797 Y141.784
G1 X83.900 Y141.724
G1 X83.938 Y141.559
G1 X83.843 Y141.249
G1 X83.320 Y140.834
G1 X82.971 Y140.691
G1 X82.597 Y140.644
G1 X82.131 Y140.715
G1 X81.782 Y140.929
G1 X81.565 Y141.266
G1 X81.493 Y141.709
G1 X81.638 Y142.351
G1 X81.811 Y142.618
G0 Z5.000 F500.000
G0 X82.225 Y142.294 F3000.000
G1 Z1.000 F500.000
G4 P100
G1 X82.097 Y141.774 F1000.000
G1 X82.562 Y141.974
G1 X82.733 Y142.299
G1 X82.680 Y142.451
G1 X82.537 Y142.509
G1 X82.367 Y142.455
G1 X82.225 Y142.294
G0 Z5.000 F500.000
G0 X84.783 Y141.709 F3000.000
G1 Z1.000 F500.000
G4 P100
G1 X84.928 Y142.351 F1000.000
G1 X85.101 Y142.618
G1 X85.604 Y142.955
G1 X85.913 Y142.999
G1 X86.174 Y142.955
G1 X86.377 Y142.826
G1 X86.509 Y142.623
G1 X86.553 Y142.359
G1 X86.491 Y142.038
G1 X86.305 Y141.766
G1 X85.972 Y141.544
G1 X85.468 Y141.374
G1 X85.649 Y141.201
G1 X85.943 Y141.144
G1 X86.455 Y141.301
G1 X87.088 Y141.784
G1 X87.190 Y141.724
G1 X87.228 Y141.559
G1 X87.133 Y141.249
G1 X86.610 Y140.834
G1 X85.888 Y140.644
G1 X85.421 Y140.715
G1 X85.073 Y140.929
G1 X84.855 Y141.266
G1 X84.783 Y141.709
G0 Z5.000 F500.000
G0 X85.388 Y141.774 F3000.000
G1 Z1.000 F500.000
G4 P100
G1 X85.853 Y141.974 F1000.000
G1 X85.980 Y142.125
G1 X85.970 Y142.451
G1 X85.828 Y142.509
G1 X85.657 Y142.455
G1 X85.515 Y142.294
G1 X85.388 Y141.774
G0 Z5.000 F500.000
G0 X86.782 Y141.639 F3000.000
G1 Z1.000 F500.000
G4 P100
G1 X86.921 Y141.755 F1000.000
G1 X87.243 Y141.760
G1 X87.263 Y141.329
G1 X87.393 Y141.179
G1 X87.575 Y141.291
G1 X87.720 Y141.599
G1 X87.778 Y142.029
G1 X87.733 Y142.331
G1 X87.623 Y142.454
G1 X87.413 Y142.206
G1 X87.238 Y142.159
G1 X87.063 Y142.236
G1 X86.998 Y142.474
G1 X87.153 Y142.874
G1 X87.553 Y143.019
G1 X87.933 Y142.916
G1 X88.193 Y142.619
G1 X88.530 Y142.919
G1 X88.898 Y143.019
G1 X89.195 Y142.929
G1 X89.298 Y142.639
G1 X89.213 Y142.286
G1 X89.008 Y142.159
G1 X88.858 Y142.204
G1 X88.698 Y142.454
G1 X88.570 Y142.341
G1 X88.408 Y141.659
G1 X88.520 Y141.296
G1 X88.828 Y141.169
G1 X89.195 Y141.301
G1 X89.733 Y141.784
G1 X89.835 Y141.724
G1 X89.873 Y141.559
G1 X89.778 Y141.249
G1 X89.295 Y140.816
G1 X89.016 Y140.687
G1 X88.703 Y140.644
G1 X88.250 Y140.739
G1 X87.938 Y141.009
G1 X87.626 Y140.739
G1 X87.263 Y140.649
G1 X87.016 Y140.689
G1 X86.708 Y140.995
G1 X86.668 Y141.234
G1 X86.782 Y141.639
G0 Z5.000 F500.000
G0 X88.858 Y140.261 F3000.000
G1 Z1.000 F500.000
G4 P100
G1 X89.553 Y141.699 F1000.000
G1 X89.543 Y142.714
G1 X89.657 Y142.944
G1 X89.958 Y143.029
G1 X90.110 Y142.986
G1 X90.168 Y142.634
G1 X90.483 Y142.921
G1 X90.812 Y143.009
G1 X91.067 Y142.952
G1 X91.270 Y142.784
G1 X91.403 Y142.524
G1 X91.448 Y142.194
G1 X91.363 Y141.679
G1 X91.128 Y141.224
G1 X91.303 Y141.194
G1 X91.618 Y141.314
G1 X92.003 Y141.714
G1 X92.138 Y141.784
G1 X92.240 Y141.724
G1 X92.278 Y141.559
G1 X92.183 Y141.249
G1 X91.720 Y140.814
G1 X91.158 Y140.644
G1 X90.918 Y140.691
G1 X90.728 Y140.834
G1 X90.133 Y140.644
G1 X90.026 Y139.758
G1 X89.838 Y139.031
G1 X89.554 Y138.545
G1 X89.372 Y138.424
G1 X88.928 Y138.432
G1 X88.763 Y138.579
G1 X88.665 Y138.811
G1 X88.689 Y139.649
G1 X88.858 Y140.261
G0 Z5.000 F500.000
G0 X89.078 Y139.204 F3000.000
G1 Z1.000 F500.000
G4 P100
G1 X89.115 Y138.959 F1000.000
G1 X89.203 Y138.874
G1 X89.326 Y139.020
G1 X89.428 Y139.461
G1 X89.543 Y140.924
G1 X89.203 Y139.969
G1 X89.078 Y139.204
G0 Z5.000 F500.000
G0 X90.158 Y141.124 F3000.000
G1 Z1.000 F500.000
G4 P100
G1 X90.490 Y141.321 F1000.000
G1 X90.733 Y141.711
G1 X90.823 Y142.199
G1 X90.763 Y142.426
G1 X90.603 Y142.504
G1 X90.404 Y142.409
G1 X90.168 Y142.124
G1 X90.158 Y141.124
G0 Z5.000 F500.000
G0 X91.797 Y141.694 F3000.000
G1 Z1.000 F500.000
G4 P100
G1 X91.942 Y142.371 F1000.000
G1 X92.115 Y142.636
G1 X92.611 Y142.962
G1 X92.907 Y143.004
G1 X93.251 Y142.938
G1 X93.520 Y142.741
G1 X93.704 Y142.448
G1 X93.792 Y142.094
G1 X94.422 Y142.204
G1 X94.522 Y142.139
G1 X94.557 Y141.974
G1 X94.521 Y141.782
G1 X94.412 Y141.689
G1 X93.752 Y141.569
G1 X93.611 Y141.190
G1 X93.377 Y140.896
G1 X93.079 Y140.707
G1 X92.742 Y140.644
G1 X92.230 Y140.789
G1 X91.907 Y141.174
G1 X91.797 Y141.694
G0 Z5.000 F500.000
G0 X92.530 Y141.319 F3000.000
G1 Z1.000 F500.000
G4 P100
G1 X92.782 Y141.174 F1000.000
G1 X93.060 Y141.304
G1 X93.217 Y141.679
G1 X92.980 Y141.954
G1 X92.912 Y142.474
G1 X92.711 Y142.425
G1 X92.555 Y142.281
G1 X92.456 Y142.049
G1 X92.422 Y141.739
G1 X92.530 Y141.319
G0 Z5.000 F500.000
G0 X94.138 Y141.484 F3000.000
G1 Z1.000 F500.000
G4 P100
G1 X94.323 Y142.719 F1000.000
G1 X94.470 Y142.931
G1 X94.758 Y142.999
G1 X94.898 Y142.974
G1 X94.938 Y142.879
G1 X94.733 Y141.799
G1 X95.103 Y142.499
G1 X95.505 Y142.884
G1 X95.868 Y142.999
G1 X96.111 Y142.917
G1 X96.193 Y142.674
G1 X96.139 Y141.977
G1 X96.233 Y141.934
G1 X96.728 Y142.219
G1 X96.830 Y142.161
G1 X96.868 Y142.009
G1 X96.767 Y141.719
G1 X96.440 Y141.471
G1 X96.043 Y141.369
G1 X95.809 Y141.402
G1 X95.537 Y141.662
G1 X95.472 Y142.234
G1 X95.275 Y142.066
G1 X95.032 Y141.624
G1 X94.710 Y140.726
G1 X94.483 Y140.644
G1 X94.321 Y140.694
G1 X94.215 Y140.844
G1 X94.138 Y141.484
G0 Z5.000 F500.000
G0 X96.666 Y141.451 F3000.000
G1 Z1.000 F500.000
G4 P100
G1 X96.617 Y142.524 F1000.000
G1 X96.220 Y142.579
G1 X96.167 Y142.754
G1 X96.224 Y142.964
G1 X96.677 Y143.034
G1 X96.938 Y144.039
G1 X97.360 Y144.764
G1 X97.617 Y144.966
G1 X97.892 Y145.034
G1 X98.080 Y144.987
G1 X98.222 Y144.849
G1 X98.343 Y144.384
G1 X98.302 Y144.009
G1 X98.180 Y143.659
G1 X97.692 Y143.034
G1 X98.367 Y142.999
G1 X98.367 Y142.718
G1 X98.261 Y142.610
G1 X97.837 Y142.524
G1 X97.227 Y142.524
G1 X97.248 Y141.691
G1 X97.340 Y141.404
G1 X97.498 Y141.246
G1 X97.727 Y141.194
G1 X98.107 Y141.324
G1 X98.632 Y141.784
G1 X98.735 Y141.724
G1 X98.772 Y141.559
G1 X98.677 Y141.249
G1 X98.207 Y140.814
G1 X97.622 Y140.644
G1 X97.176 Y140.733
G1 X96.857 Y141.002
G1 X96.666 Y141.451
G0 Z5.000 F500.000
G0 X97.277 Y143.109 F3000.000
G1 Z1.000 F500.000
G4 P100
G1 X97.720 Y143.681 F1000.000
G1 X97.867 Y144.259
G1 X97.840 Y144.480
G1 X97.757 Y144.554
G1 X97.590 Y144.366
G1 X97.415 Y143.846
G1 X97.277 Y143.109
G0 Z5.000 F500.000
G0 X98.548 Y141.540 F3000.000
G1 Z1.000 F500.000
G4 P100
G1 X98.752 Y141.574 F1000.000
G1 X99.085 Y141.466
G1 X99.197 Y141.149
G1 X99.067 Y140.781
G1 X98.914 Y140.678
G1 X98.712 Y140.644
G1 X98.380 Y140.764
G1 X98.267 Y141.079
G1 X98.395 Y141.439
G1 X98.548 Y141.540
G0 Z5.000 F500.000
G0 X23.085 Y119.712 F3000.000
G1 Z1.000 F500.000
G4 P100
G1 X23.169 Y119.055 F1000.000
G1 X23.120 Y118.460
G1 X22.972 Y117.939
G1 X22.736 Y117.509
G1 X22.422 Y117.186
G1 X22.040 Y116.984
G1 X21.600 Y116.917
G1 X21.057 Y117.017
G1 X20.653 Y117.317
G1 X20.402 Y117.803
G1 X20.319 Y118.461
G1 X20.368 Y119.055
G1 X20.516 Y119.576
G1 X20.752 Y120.007
G1 X21.066 Y120.330
G1 X21.448 Y120.531
G1 X21.887 Y120.598
G1 X22.430 Y120.498
G1 X22.834 Y120.198
G1 X23.085 Y119.712
G0 Z5.000 F500.000
G0 X22.244 Y119.670 F3000.000
G1 Z1.000 F500.000
G4 P100
G1 X22.067 Y119.841 F1000.000
G1 X21.825 Y119.898
G1 X21.523 Y119.804
G1 X21.294 Y119.520
G1 X21.148 Y119.076
G1 X21.100 Y118.498
G1 X21.241 Y117.842
G1 X21.416 Y117.673
G1 X21.663 Y117.617
G1 X21.964 Y117.711
G1 X22.194 Y117.992
G1 X22.339 Y118.434
G1 X22.387 Y119.011
G1 X22.244 Y119.670
G0 Z5.000 F500.000
G0 X23.728 Y117.911 F3000.000
G1 Z1.000 F500.000
G4 P100
G1 X23.920 Y118.037 F1000.000
G1 X24.175 Y118.080
G1 X24.591 Y117.945
G1 X24.731 Y117.548
G1 X24.569 Y117.089
G1 X24.377 Y116.960
G1 X24.125 Y116.917
G1 X23.709 Y117.067
G1 X23.569 Y117.461
G1 X23.728 Y117.911
G0 Z5.000 F500.000
G0 X27.130 Y118.501 F3000.000
G1 Z1.000 F500.000
G4 P100
G1 X27.056 Y119.123 F1000.000
G1 X27.143 Y119.991
G1 X27.403 Y120.755
G1 X27.812 Y121.387
G1 X28.344 Y121.858
G1 X28.970 Y122.151
G1 X29.663 Y122.248
G1 X30.256 Y122.162
G1 X30.688 Y121.901
G1 X30.950 Y121.499
G1 X31.038 Y120.986
G1 X30.903 Y120.373
G1 X30.740 Y120.200
G1 X30.519 Y120.142
G1 X30.244 Y120.223
G1 X30.144 Y120.461
G1 X30.168 Y121.216
G1 X30.055 Y121.394
G1 X29.865 Y121.500
G1 X29.197 Y121.469
G1 X28.812 Y121.267
G1 X28.473 Y120.935
G1 X28.206 Y120.476
G1 X28.033 Y119.905
G1 X27.975 Y119.236
G1 X28.080 Y118.571
G1 X28.394 Y118.076
G1 X28.913 Y117.769
G1 X29.631 Y117.667
G1 X30.453 Y117.770
G1 X31.531 Y118.123
G1 X31.681 Y118.048
G1 X31.731 Y117.855
G1 X31.628 Y117.523
G1 X31.319 Y117.292
G1 X30.397 Y117.008
G1 X29.488 Y116.917
G1 X28.792 Y116.985
G1 X28.194 Y117.189
G1 X27.708 Y117.518
G1 X27.350 Y117.961
G1 X27.130 Y118.501
G0 Z5.000 F500.000
G0 X31.150 Y118.230 F3000.000
G1 Z1.000 F500.000
G4 P100
G1 X31.195 Y118.679 F1000.000
G1 X31.331 Y119.076
G1 X31.547 Y119.408
G1 X31.831 Y119.658
G1 X32.167 Y119.815
G1 X32.538 Y119.867
G1 X32.966 Y119.785
G1 X33.303 Y119.539
G1 X33.534 Y119.173
G1 X33.644 Y118.730
G1 X34.431 Y118.867
G1 X34.556 Y118.786
G1 X34.600 Y118.580
G1 X34.555 Y118.341
G1 X34.419 Y118.223
G1 X33.594 Y118.073
G1 X33.417 Y117.601
G1 X33.125 Y117.233
G1 X32.752 Y116.996
G1 X32.331 Y116.917
G1 X31.984 Y116.962
G1 X31.457 Y117.309
G1 X31.288 Y117.580
G1 X31.150 Y118.230
G0 Z5.000 F500.000
G0 X31.965 Y117.983 F3000.000
G1 Z1.000 F500.000
G4 P100
G1 X32.212 Y117.625 F1000.000
G1 X32.568 Y117.620
G1 X32.728 Y117.742
G1 X32.925 Y118.211
G1 X32.628 Y118.555
G1 X32.544 Y119.205
G1 X32.284 Y119.144
G1 X32.097 Y118.964
G1 X31.973 Y118.674
G1 X31.965 Y117.983
G0 Z5.000 F500.000
G0 X34.150 Y117.748 F3000.000
G1 Z1.000 F500.000
G4 P100
G1 X34.075 Y119.498 F1000.000
G1 X34.188 Y119.786
G1 X34.506 Y119.867
G1 X34.747 Y119.795
G1 X34.825 Y119.555
G1 X34.913 Y117.686
G1 X35.475 Y118.573
G1 X35.381 Y119.005
G1 X35.475 Y119.417
G1 X35.731 Y119.742
G1 X36.100 Y119.867
G1 X36.394 Y119.739
G1 X36.506 Y119.367
G1 X36.356 Y118.723
G1 X37.219 Y118.855
G1 X37.363 Y118.792
G1 X37.413 Y118.623
G1 X37.338 Y118.320
G1 X37.113 Y118.161
G1 X36.500 Y118.067
G1 X35.981 Y118.142
G1 X35.150 Y117.048
G1 X34.738 Y116.917
G1 X34.509 Y116.967
G1 X34.334 Y117.117
G1 X34.215 Y117.375
G1 X34.150 Y117.748
G0 Z5.000 F500.000
G0 X36.866 Y117.695 F3000.000
G1 Z1.000 F500.000
G4 P100
G1 X36.775 Y118.248 F1000.000
G1 X36.956 Y119.051
G1 X37.173 Y119.385
G1 X37.459 Y119.642
G1 X37.802 Y119.806
G1 X38.188 Y119.861
G1 X38.514 Y119.807
G1 X38.769 Y119.645
G1 X38.933 Y119.391
G1 X38.987 Y119.061
G1 X38.910 Y118.660
G1 X38.678 Y118.320
G1 X38.262 Y118.043
G1 X37.631 Y117.830
G1 X37.858 Y117.614
G1 X38.225 Y117.542
G1 X38.866 Y117.739
G1 X39.656 Y118.342
G1 X39.784 Y118.267
G1 X39.831 Y118.061
G1 X39.713 Y117.673
G1 X39.059 Y117.155
G1 X38.623 Y116.976
G1 X38.156 Y116.917
G1 X37.573 Y117.006
G1 X37.138 Y117.273
G1 X36.866 Y117.695
G0 Z5.000 F500.000
G0 X37.531 Y118.330 F3000.000
G1 Z1.000 F500.000
G4 P100
G1 X38.113 Y118.580 F1000.000
G1 X38.272 Y118.769
G1 X38.325 Y118.986
G1 X38.259 Y119.176
G1 X38.081 Y119.248
G1 X37.868 Y119.181
G1 X37.691 Y118.980
G1 X37.531 Y118.330
G0 Z5.000 F500.000
G0 X39.395 Y118.759 F3000.000
G1 Z1.000 F500.000
G4 P100
G1 X39.569 Y119.511 F1000.000
G1 X39.753 Y119.776
G1 X40.112 Y119.861
G1 X40.288 Y119.830
G1 X40.338 Y119.711
G1 X40.081 Y118.361
G1 X40.544 Y119.236
G1 X41.047 Y119.717
G1 X41.500 Y119.861
G1 X41.805 Y119.759
G1 X41.906 Y119.455
G1 X41.800 Y118.748
G1 X41.839 Y118.584
G1 X41.956 Y118.530
G1 X42.156 Y118.598
G1 X42.575 Y118.886
G1 X42.703 Y118.814
G1 X42.750 Y118.623
G1 X42.625 Y118.261
G1 X42.216 Y117.951
G1 X41.719 Y117.823
G1 X41.427 Y117.866
G1 X41.216 Y117.992
G1 X41.087 Y118.191
G1 X41.075 Y118.805
G1 X41.006 Y118.905
G1 X40.759 Y118.695
G1 X40.456 Y118.142
G1 X40.053 Y117.020
G1 X39.769 Y116.917
G1 X39.566 Y116.980
G1 X39.434 Y117.167
G1 X39.338 Y117.967
G1 X39.395 Y118.759
G0 Z5.000 F500.000
G0 X42.088 Y117.936 F3000.000
G1 Z1.000 F500.000
G4 P100
G1 X42.145 Y118.423 F1000.000
G1 X42.319 Y118.883
G1 X42.588 Y119.286
G1 X42.934 Y119.601
G1 X43.330 Y119.805
G1 X43.750 Y119.873
G1 X43.934 Y119.820
G1 X44.013 Y119.630
G1 X44.517 Y119.600
G1 X44.594 Y119.436
G1 X44.356 Y117.811
G1 X44.403 Y117.661
G1 X44.525 Y117.605
G1 X44.812 Y117.758
G1 X45.269 Y118.255
G1 X45.438 Y118.342
G1 X45.566 Y118.267
G1 X45.613 Y118.061
G1 X45.494 Y117.673
G1 X44.950 Y117.136
G1 X44.394 Y116.917
G1 X44.016 Y117.058
G1 X43.756 Y117.442
G1 X43.389 Y117.048
G1 X42.938 Y116.917
G1 X42.589 Y116.987
G1 X42.319 Y117.198
G1 X42.145 Y117.523
G1 X42.088 Y117.936
G0 Z5.000 F500.000
G0 X42.947 Y117.642 F3000.000
G1 Z1.000 F500.000
G4 P100
G1 X43.163 Y117.548 F1000.000
G1 X43.425 Y117.711
G1 X43.606 Y118.142
G1 X43.838 Y119.292
G1 X43.353 Y119.095
G1 X43.000 Y118.592
G1 X42.869 Y117.930
G1 X42.947 Y117.642
G0 Z5.000 F500.000
G0 X45.025 Y117.936 F3000.000
G1 Z1.000 F500.000
G4 P100
G1 X45.083 Y118.423 F1000.000
G1 X45.256 Y118.883
G1 X45.526 Y119.286
G1 X45.872 Y119.601
G1 X46.268 Y119.805
G1 X46.688 Y119.873
G1 X46.872 Y119.820
G1 X46.950 Y119.630
G1 X47.447 Y119.608
G1 X47.513 Y119.423
G1 X47.238 Y117.617
G1 X48.163 Y118.280
G1 X48.306 Y118.330
G1 X48.434 Y118.251
G1 X48.481 Y118.055
G1 X48.438 Y117.830
G1 X48.300 Y117.686
G1 X47.113 Y116.880
G1 X46.838 Y115.724
G1 X46.491 Y114.845
G1 X46.054 Y114.290
G1 X45.796 Y114.151
G1 X45.223 Y114.154
G1 X44.994 Y114.301
G1 X44.844 Y114.529
G1 X44.794 Y114.817
G1 X44.881 Y115.277
G1 X45.144 Y115.770
G1 X45.647 Y116.338
G1 X46.456 Y117.023
G1 X46.494 Y117.267
G1 X46.216 Y117.008
G1 X45.875 Y116.917
G1 X45.527 Y116.987
G1 X45.256 Y117.198
G1 X45.083 Y117.523
G1 X45.025 Y117.936
G0 Z5.000 F500.000
G0 X45.884 Y117.642 F3000.000
G1 Z1.000 F500.000
G4 P100
G1 X46.100 Y117.548 F1000.000
G1 X46.375 Y117.723
G1 X46.563 Y118.223
G1 X46.763 Y119.292
G1 X46.288 Y119.095
G1 X45.938 Y118.592
G1 X45.806 Y117.930
G1 X45.884 Y117.642
G0 Z5.000 F500.000
G0 X46.313 Y116.280 F3000.000
G1 Z1.000 F500.000
G4 P100
G1 X45.619 Y115.536 F1000.000
G1 X45.459 Y115.225
G1 X45.447 Y114.780
G1 X45.581 Y114.711
G1 X45.748 Y114.805
G1 X45.934 Y115.086
G1 X46.313 Y116.280
G0 Z5.000 F500.000
G0 X48.369 Y117.273 F3000.000
G1 Z1.000 F500.000
G4 P100
G1 X48.097 Y117.695 F1000.000
G1 X48.006 Y118.248
G1 X48.188 Y119.051
G1 X48.404 Y119.385
G1 X48.691 Y119.642
G1 X49.034 Y119.806
G1 X49.419 Y119.861
G1 X49.745 Y119.807
G1 X50.000 Y119.645
G1 X50.164 Y119.391
G1 X50.219 Y119.061
G1 X50.141 Y118.660
G1 X49.909 Y118.320
G1 X49.493 Y118.043
G1 X48.863 Y117.830
G1 X49.089 Y117.614
G1 X49.456 Y117.542
G1 X49.757 Y117.591
G1 X50.097 Y117.739
G1 X50.888 Y118.342
G1 X51.016 Y118.267
G1 X51.063 Y118.061
G1 X50.944 Y117.673
G1 X50.291 Y117.155
G1 X49.854 Y116.976
G1 X49.388 Y116.917
G1 X48.805 Y117.006
G1 X48.369 Y117.273
G0 Z5.000 F500.000
G0 X48.763 Y118.330 F3000.000
G1 Z1.000 F500.000
G4 P100
G1 X49.344 Y118.580 F1000.000
G1 X49.503 Y118.769
G1 X49.556 Y118.986
G1 X49.491 Y119.176
G1 X49.313 Y119.248
G1 X49.099 Y119.181
G1 X48.922 Y118.980
G1 X48.763 Y118.330
G0 Z5.000 F500.000
G0 X52.283 Y118.759 F3000.000
G1 Z1.000 F500.000
G4 P100
G1 X52.456 Y119.511 F1000.000
G1 X52.641 Y119.776
G1 X53.000 Y119.861
G1 X53.175 Y119.830
G1 X53.225 Y119.711
G1 X52.969 Y118.367
G1 X53.372 Y119.192
G1 X53.853 Y119.695
G1 X54.319 Y119.861
G1 X54.628 Y119.761
G1 X54.719 Y119.455
G1 X54.531 Y118.392
G1 X54.861 Y119.056
G1 X55.225 Y119.511
G1 X55.594 Y119.773
G1 X55.938 Y119.861
G1 X56.242 Y119.759
G1 X56.344 Y119.455
G1 X56.087 Y117.855
G1 X56.133 Y117.667
G1 X56.269 Y117.605
G1 X56.566 Y117.758
G1 X57.025 Y118.255
G1 X57.194 Y118.342
G1 X57.322 Y118.267
G1 X57.369 Y118.061
G1 X57.250 Y117.673
G1 X56.672 Y117.130
G1 X56.341 Y116.970
G1 X55.689 Y116.963
G1 X55.487 Y117.101
G1 X55.366 Y117.327
G1 X55.325 Y117.636
G1 X55.494 Y118.805
G1 X55.425 Y118.905
G1 X55.194 Y118.695
G1 X54.894 Y118.142
G1 X54.491 Y117.017
G1 X54.200 Y116.917
G1 X54.020 Y116.966
G1 X53.891 Y117.114
G1 X53.788 Y117.592
G1 X53.900 Y118.805
G1 X53.831 Y118.905
G1 X53.594 Y118.680
G1 X53.316 Y118.105
G1 X52.941 Y117.020
G1 X52.656 Y116.917
G1 X52.454 Y116.980
G1 X52.322 Y117.167
G1 X52.225 Y117.967
G1 X52.283 Y118.759
G0 Z5.000 F500.000
G0 X56.781 Y117.936 F3000.000
G1 Z1.000 F500.000
G4 P100
G1 X56.839 Y118.423 F1000.000
G1 X57.013 Y118.883
G1 X57.282 Y119.286
G1 X57.628 Y119.601
G1 X58.024 Y119.805
G1 X58.444 Y119.873
G1 X58.628 Y119.820
G1 X58.706 Y119.630
G1 X59.211 Y119.600
G1 X59.288 Y119.436
G1 X59.050 Y117.811
G1 X59.097 Y117.661
G1 X59.219 Y117.605
G1 X59.506 Y117.758
G1 X59.962 Y118.255
G1 X60.131 Y118.342
G1 X60.259 Y118.267
G1 X60.306 Y118.061
G1 X60.188 Y117.673
G1 X59.644 Y117.136
G1 X59.087 Y116.917
G1 X58.709 Y117.058
G1 X58.450 Y117.442
G1 X58.083 Y117.048
G1 X57.631 Y116.917
G1 X57.283 Y116.987
G1 X57.013 Y117.198
G1 X56.839 Y117.523
G1 X56.781 Y117.936
G0 Z5.000 F500.000
G0 X57.641 Y117.642 F3000.000
G1 Z1.000 F500.000
G4 P100
G1 X57.856 Y117.548 F1000.000
G1 X58.119 Y117.711
G1 X58.300 Y118.142
G1 X58.531 Y119.292
G1 X58.047 Y119.095
G1 X57.694 Y118.592
G1 X57.562 Y117.930
G1 X57.641 Y117.642
G0 Z5.000 F500.000
G0 X59.395 Y117.296 F3000.000
G1 Z1.000 F500.000
G4 P100
G1 X59.906 Y118.236 F1000.000
G1 X59.927 Y119.667
G1 X60.038 Y119.792
G1 X60.413 Y119.898
G1 X60.603 Y119.845
G1 X60.675 Y119.405
G1 X61.069 Y119.764
G1 X61.481 Y119.873
G1 X61.799 Y119.803
G1 X62.053 Y119.592
G1 X62.220 Y119.267
G1 X62.275 Y118.855
G1 X62.169 Y118.211
G1 X61.875 Y117.642
G1 X62.094 Y117.605
G1 X62.487 Y117.755
G1 X63.138 Y118.342
G1 X63.266 Y118.267
G1 X63.312 Y118.061
G1 X63.194 Y117.673
G1 X62.616 Y117.130
G1 X62.285 Y116.970
G1 X61.913 Y116.917
G1 X61.612 Y116.976
G1 X61.375 Y117.155
G1 X61.011 Y116.980
G1 X60.631 Y116.917
G1 X60.498 Y115.810
G1 X60.263 Y114.901
G1 X59.908 Y114.294
G1 X59.680 Y114.143
G1 X59.419 Y114.092
G1 X59.125 Y114.153
G1 X58.919 Y114.336
G1 X58.797 Y114.626
G1 X58.756 Y115.011
G1 X58.827 Y115.674
G1 X59.038 Y116.439
G1 X59.395 Y117.296
G0 Z5.000 F500.000
G0 X59.469 Y116.073 F3000.000
G1 Z1.000 F500.000
G4 P100
G1 X59.312 Y115.117 F1000.000
G1 X59.359 Y114.811
G1 X59.469 Y114.705
G1 X59.623 Y114.888
G1 X59.750 Y115.439
G1 X59.894 Y117.267
G1 X59.469 Y116.073
G0 Z5.000 F500.000
G0 X60.663 Y117.517 F3000.000
G1 Z1.000 F500.000
G4 P100
G1 X61.078 Y117.764 F1000.000
G1 X61.381 Y118.251
G1 X61.494 Y118.861
G1 X61.419 Y119.145
G1 X61.219 Y119.242
G1 X60.970 Y119.123
G1 X60.675 Y118.767
G1 X60.663 Y117.517
G0 Z5.000 F500.000
G0 X29.469 Y107.189 F3000.000
G1 Z1.000 F500.000
G4 P100
G1 X29.522 Y107.019 F1000.000
G1 X29.429 Y106.766
G1 X29.152 Y106.699
G1 X27.552 Y106.769
G1 X27.427 Y105.419
G1 X28.287 Y105.434
G1 X28.534 Y105.369
G1 X28.597 Y105.194
G1 X28.497 Y104.926
G1 X28.212 Y104.829
G1 X27.357 Y104.829
G1 X27.162 Y103.907
G1 X26.879 Y103.439
G1 X26.472 Y103.176
G1 X25.937 Y103.089
G1 X25.312 Y103.236
G1 X24.892 Y103.594
G1 X24.837 Y103.799
G1 X24.894 Y104.009
G1 X25.037 Y104.099
G1 X25.570 Y103.667
G1 X25.897 Y103.589
G1 X26.158 Y103.647
G1 X26.374 Y103.821
G1 X26.532 Y104.120
G1 X26.652 Y104.829
G1 X26.214 Y104.894
G1 X26.132 Y105.079
G1 X26.212 Y105.316
G1 X26.722 Y105.404
G1 X26.852 Y106.739
G1 X26.092 Y106.564
G1 X25.927 Y106.409
G1 X25.872 Y106.194
G1 X26.002 Y105.779
G1 X25.902 Y105.621
G1 X25.677 Y105.554
G1 X25.447 Y105.634
G1 X25.277 Y106.184
G1 X25.436 Y106.719
G1 X25.635 Y106.922
G1 X25.914 Y107.084
G1 X26.698 Y107.294
G1 X27.777 Y107.364
G1 X29.277 Y107.274
G1 X29.469 Y107.189
G0 Z5.000 F500.000
G0 X29.388 Y105.415 F3000.000
G1 Z1.000 F500.000
G4 P100
G1 X29.958 Y105.415 F1000.000
G1 X30.162 Y105.286
G1 X30.293 Y105.083
G1 X30.337 Y104.819
G1 X30.275 Y104.498
G1 X30.089 Y104.226
G1 X29.756 Y104.004
G1 X29.252 Y103.834
G1 X29.433 Y103.661
G1 X29.727 Y103.604
G1 X30.239 Y103.761
G1 X30.737 Y104.174
G1 X30.872 Y104.244
G1 X30.974 Y104.184
G1 X31.012 Y104.019
G1 X30.917 Y103.709
G1 X30.394 Y103.294
G1 X30.045 Y103.151
G1 X29.672 Y103.104
G1 X29.205 Y103.175
G1 X28.857 Y103.389
G1 X28.639 Y103.726
G1 X28.567 Y104.169
G1 X28.712 Y104.811
G1 X29.114 Y105.284
G1 X29.388 Y105.415
G0 Z5.000 F500.000
G0 X29.441 Y104.915 F3000.000
G1 Z1.000 F500.000
G4 P100
G1 X29.299 Y104.754 F1000.000
G1 X29.172 Y104.234
G1 X29.637 Y104.434
G1 X29.764 Y104.585
G1 X29.754 Y104.911
G1 X29.612 Y104.969
G1 X29.441 Y104.915
G0 Z5.000 F500.000
G0 X30.727 Y104.676 F3000.000
G1 Z1.000 F500.000
G4 P100
G1 X30.942 Y104.999 F1000.000
G1 X31.536 Y105.414
G1 X31.872 Y105.469
G1 X32.019 Y105.426
G1 X32.082 Y105.274
G1 X32.485 Y105.250
G1 X32.547 Y105.119
G1 X32.357 Y103.819
G1 X32.394 Y103.699
G1 X32.492 Y103.654
G1 X32.722 Y103.776
G1 X33.222 Y104.244
G1 X33.324 Y104.184
G1 X33.362 Y104.019
G1 X33.267 Y103.709
G1 X32.832 Y103.279
G1 X32.387 Y103.104
G1 X32.084 Y103.216
G1 X31.877 Y103.524
G1 X31.583 Y103.209
G1 X31.222 Y103.104
G1 X30.943 Y103.160
G1 X30.727 Y103.329
G1 X30.588 Y103.589
G1 X30.588 Y104.308
G1 X30.727 Y104.676
G0 Z5.000 F500.000
G0 X31.272 Y104.444 F3000.000
G1 Z1.000 F500.000
G4 P100
G1 X31.167 Y103.914 F1000.000
G1 X31.229 Y103.684
G1 X31.402 Y103.609
G1 X31.612 Y103.739
G1 X31.757 Y104.084
G1 X31.942 Y105.004
G1 X31.554 Y104.846
G1 X31.272 Y104.444
G0 Z5.000 F500.000
G0 X32.722 Y105.214 F3000.000
G1 Z1.000 F500.000
G4 P100
G1 X32.778 Y105.424 F1000.000
G1 X33.232 Y105.494
G1 X33.492 Y106.499
G1 X33.914 Y107.224
G1 X34.171 Y107.426
G1 X34.447 Y107.494
G1 X34.634 Y107.447
G1 X34.777 Y107.309
G1 X34.897 Y106.844
G1 X34.856 Y106.469
G1 X34.734 Y106.119
G1 X34.247 Y105.494
G1 X34.922 Y105.459
G1 X34.921 Y105.178
G1 X34.815 Y105.070
G1 X34.392 Y104.984
G1 X33.782 Y104.984
G1 X33.802 Y104.151
G1 X33.894 Y103.864
G1 X34.052 Y103.706
G1 X34.282 Y103.654
G1 X34.662 Y103.784
G1 X35.187 Y104.244
G1 X35.289 Y104.184
G1 X35.327 Y104.019
G1 X35.232 Y103.709
G1 X34.762 Y103.274
G1 X34.488 Y103.146
G1 X34.177 Y103.104
G1 X33.730 Y103.193
G1 X33.412 Y103.462
G1 X33.220 Y103.911
G1 X33.172 Y104.984
G1 X32.774 Y105.039
G1 X32.722 Y105.214
G0 Z5.000 F500.000
G0 X33.832 Y105.569 F3000.000
G1 Z1.000 F500.000
G4 P100
G1 X34.274 Y106.141 F1000.000
G1 X34.422 Y106.719
G1 X34.394 Y106.940
G1 X34.312 Y107.014
G1 X34.144 Y106.826
G1 X33.969 Y106.306
G1 X33.832 Y105.569
G0 Z5.000 F500.000
G0 X35.277 Y105.394 F3000.000
G1 Z1.000 F500.000
G4 P100
G1 X35.562 Y105.459 F1000.000
G1 X35.714 Y105.424
G1 X35.757 Y105.319
G1 X35.547 Y103.866
G1 X35.627 Y103.824
G1 X35.814 Y103.974
G1 X36.424 Y105.394
G1 X36.672 Y105.459
G1 X36.832 Y105.431
G1 X36.877 Y105.329
G1 X36.612 Y103.854
G1 X36.652 Y103.706
G1 X36.757 Y103.654
G1 X36.994 Y103.776
G1 X37.497 Y104.244
G1 X37.599 Y104.184
G1 X37.637 Y104.019
G1 X37.542 Y103.709
G1 X37.079 Y103.274
G1 X36.517 Y103.104
G1 X36.308 Y103.150
G1 X36.164 Y103.289
G1 X36.052 Y103.809
G1 X35.797 Y103.286
G1 X35.432 Y103.104
G1 X35.227 Y103.155
G1 X34.957 Y103.544
G1 X34.922 Y103.829
G1 X34.972 Y104.516
G1 X35.137 Y105.179
G1 X35.277 Y105.394
G0 Z5.000 F500.000
G0 X37.288 Y104.577 F3000.000
G1 Z1.000 F500.000
G4 P100
G1 X37.427 Y105.179 F1000.000
G1 X37.574 Y105.391
G1 X37.862 Y105.459
G1 X38.002 Y105.434
G1 X38.042 Y105.339
G1 X37.837 Y104.259
G1 X38.207 Y104.959
G1 X38.609 Y105.344
G1 X38.972 Y105.459
G1 X39.215 Y105.377
G1 X39.297 Y105.134
G1 X39.243 Y104.437
G1 X39.337 Y104.394
G1 X39.832 Y104.679
G1 X39.934 Y104.621
G1 X39.972 Y104.469
G1 X39.872 Y104.179
G1 X39.544 Y103.931
G1 X39.147 Y103.829
G1 X38.913 Y103.862
G1 X38.641 Y104.122
G1 X38.577 Y104.694
G1 X38.379 Y104.526
G1 X38.137 Y104.084
G1 X37.814 Y103.186
G1 X37.587 Y103.104
G1 X37.425 Y103.154
G1 X37.319 Y103.304
G1 X37.242 Y103.944
G1 X37.288 Y104.577
G0 Z5.000 F500.000
G0 X39.432 Y104.169 F3000.000
G1 Z1.000 F500.000
G4 P100
G1 X39.577 Y104.811 F1000.000
G1 X39.750 Y105.078
G1 X40.253 Y105.415
G1 X40.562 Y105.459
G1 X40.823 Y105.415
G1 X41.027 Y105.286
G1 X41.158 Y105.083
G1 X41.202 Y104.819
G1 X41.140 Y104.498
G1 X40.954 Y104.226
G1 X40.621 Y104.004
G1 X40.117 Y103.834
G1 X40.298 Y103.661
G1 X40.592 Y103.604
G1 X41.104 Y103.761
G1 X41.737 Y104.244
G1 X41.839 Y104.184
G1 X41.877 Y104.019
G1 X41.782 Y103.709
G1 X41.259 Y103.294
G1 X40.537 Y103.104
G1 X40.070 Y103.175
G1 X39.722 Y103.389
G1 X39.504 Y103.726
G1 X39.432 Y104.169
G0 Z5.000 F500.000
G0 X40.037 Y104.234 F3000.000
G1 Z1.000 F500.000
G4 P100
G1 X40.502 Y104.434 F1000.000
G1 X40.629 Y104.585
G1 X40.619 Y104.911
G1 X40.477 Y104.969
G1 X40.306 Y104.915
G1 X40.164 Y104.754
G1 X40.037 Y104.234
G0 Z5.000 F500.000
G0 X84.982 Y104.204 F3000.000
G1 Z1.000 F500.000
G4 P100
G1 X85.052 Y104.602 F1000.000
G1 X85.260 Y104.936
G1 X85.603 Y105.197
G1 X86.077 Y105.374
G1 X85.817 Y105.491
G1 X85.507 Y105.901
G1 X85.524 Y106.493
G1 X85.695 Y106.791
G1 X85.962 Y107.037
G1 X86.711 Y107.331
G1 X87.152 Y107.369
G1 X87.695 Y107.302
G1 X88.082 Y107.101
G1 X88.315 Y106.794
G1 X88.392 Y106.409
G1 X88.285 Y105.931
G1 X88.154 Y105.794
G1 X87.977 Y105.749
G1 X87.757 Y105.811
G1 X87.677 Y105.999
G1 X87.727 Y106.409
G1 X87.592 Y106.701
G1 X87.142 Y106.814
G1 X86.760 Y106.769
G1 X86.462 Y106.634
G1 X86.271 Y106.422
G1 X86.207 Y106.149
G1 X86.255 Y105.934
G1 X86.400 Y105.761
G1 X87.182 Y105.544
G1 X87.227 Y105.394
G1 X87.152 Y105.145
G1 X86.240 Y104.944
G1 X85.845 Y104.676
G1 X85.722 Y104.329
G1 X85.795 Y104.057
G1 X86.012 Y103.861
G1 X86.387 Y103.743
G1 X86.932 Y103.704
G1 X87.810 Y103.801
G1 X88.727 Y104.069
G1 X88.847 Y104.009
G1 X88.887 Y103.854
G1 X88.815 Y103.599
G1 X88.567 Y103.409
G1 X87.802 Y103.186
G1 X86.877 Y103.104
G1 X86.299 Y103.139
G1 X85.452 Y103.415
G1 X85.190 Y103.639
G1 X85.034 Y103.905
G1 X84.982 Y104.204
G0 Z5.000 F500.000
G0 X88.342 Y103.694 F3000.000
G1 Z1.000 F500.000
G4 P100
G1 X88.457 Y104.099 F1000.000
G1 X88.782 Y104.254
G1 X88.917 Y104.220
G1 X88.962 Y104.119
G1 X88.970 Y103.676
G1 X89.067 Y103.639
G1 X89.250 Y103.751
G1 X89.395 Y104.059
G1 X89.452 Y104.489
G1 X89.407 Y104.791
G1 X89.297 Y104.914
G1 X89.217 Y104.886
G1 X89.087 Y104.666
G1 X88.912 Y104.619
G1 X88.737 Y104.696
G1 X88.672 Y104.934
G1 X88.827 Y105.334
G1 X89.227 Y105.479
G1 X89.607 Y105.376
G1 X89.867 Y105.079
G1 X90.205 Y105.379
G1 X90.572 Y105.479
G1 X90.870 Y105.389
G1 X90.972 Y105.099
G1 X90.887 Y104.746
G1 X90.682 Y104.619
G1 X90.532 Y104.664
G1 X90.372 Y104.914
G1 X90.245 Y104.801
G1 X90.082 Y104.119
G1 X90.195 Y103.756
G1 X90.502 Y103.629
G1 X90.870 Y103.761
G1 X91.407 Y104.244
G1 X91.510 Y104.184
G1 X91.547 Y104.019
G1 X91.452 Y103.709
G1 X90.970 Y103.276
G1 X90.377 Y103.104
G1 X89.925 Y103.199
G1 X89.612 Y103.469
G1 X89.301 Y103.199
G1 X88.937 Y103.109
G1 X88.691 Y103.149
G1 X88.382 Y103.455
G1 X88.342 Y103.694
G0 Z5.000 F500.000
G0 X90.532 Y102.721 F3000.000
G1 Z1.000 F500.000
G4 P100
G1 X91.227 Y104.159 F1000.000
G1 X91.217 Y105.174
G1 X91.332 Y105.404
G1 X91.632 Y105.489
G1 X91.785 Y105.446
G1 X91.842 Y105.094
G1 X92.157 Y105.381
G1 X92.487 Y105.469
G1 X92.742 Y105.412
G1 X92.945 Y105.244
G1 X93.078 Y104.984
G1 X93.122 Y104.654
G1 X93.037 Y104.139
G1 X92.802 Y103.684
G1 X92.977 Y103.654
G1 X93.292 Y103.774
G1 X93.677 Y104.174
G1 X93.812 Y104.244
G1 X93.915 Y104.184
G1 X93.952 Y104.019
G1 X93.857 Y103.709
G1 X93.395 Y103.274
G1 X92.832 Y103.104
G1 X92.592 Y103.151
G1 X92.402 Y103.294
G1 X91.807 Y103.104
G1 X91.701 Y102.218
G1 X91.512 Y101.491
G1 X91.229 Y101.005
G1 X91.046 Y100.884
G1 X90.602 Y100.892
G1 X90.437 Y101.039
G1 X90.340 Y101.271
G1 X90.364 Y102.109
G1 X90.532 Y102.721
G0 Z5.000 F500.000
G0 X90.752 Y101.664 F3000.000
G1 Z1.000 F500.000
G4 P100
G1 X90.790 Y101.419 F1000.000
G1 X90.877 Y101.334
G1 X91.001 Y101.480
G1 X91.102 Y101.921
G1 X91.217 Y103.384
G1 X90.877 Y102.429
G1 X90.752 Y101.664
G0 Z5.000 F500.000
G0 X91.832 Y103.584 F3000.000
G1 Z1.000 F500.000
G4 P100
G1 X92.165 Y103.781 F1000.000
G1 X92.407 Y104.171
G1 X92.497 Y104.659
G1 X92.437 Y104.886
G1 X92.277 Y104.964
G1 X92.079 Y104.869
G1 X91.842 Y104.584
G1 X91.832 Y103.584
G0 Z5.000 F500.000
G0 X93.472 Y104.169 F3000.000
G1 Z1.000 F500.000
G4 P100
G1 X93.617 Y104.811 F1000.000
G1 X93.790 Y105.078
G1 X94.294 Y105.415
G1 X94.602 Y105.459
G1 X94.864 Y105.415
G1 X95.067 Y105.286
G1 X95.199 Y105.083
G1 X95.242 Y104.819
G1 X95.180 Y104.498
G1 X94.995 Y104.226
G1 X94.662 Y104.004
G1 X94.157 Y103.834
G1 X94.339 Y103.661
G1 X94.632 Y103.604
G1 X95.145 Y103.761
G1 X95.777 Y104.244
G1 X95.880 Y104.184
G1 X95.917 Y104.019
G1 X95.822 Y103.709
G1 X95.300 Y103.294
G1 X94.577 Y103.104
G1 X94.111 Y103.175
G1 X93.762 Y103.389
G1 X93.545 Y103.726
G1 X93.472 Y104.169
G0 Z5.000 F500.000
G0 X94.077 Y104.234 F3000.000
G1 Z1.000 F500.000
G4 P100
G1 X94.542 Y104.434 F1000.000
G1 X94.670 Y104.585
G1 X94.660 Y104.911
G1 X94.517 Y104.969
G1 X94.347 Y104.915
G1 X94.205 Y104.754
G1 X94.077 Y104.234
G0 Z5.000 F500.000
G0 X95.472 Y104.494 F3000.000
G1 Z1.000 F500.000
G4 P100
G1 X95.592 Y104.824 F1000.000
G1 X96.007 Y105.294
G1 X96.269 Y105.417
G1 X96.787 Y105.418
G1 X97.084 Y105.110
G1 X97.122 Y104.879
G1 X97.030 Y104.524
G1 X96.787 Y104.379
G1 X96.635 Y104.424
G1 X96.595 Y104.934
G1 X96.502 Y104.969
G1 X96.287 Y104.866
G1 X96.127 Y104.589
G1 X96.067 Y104.204
G1 X96.194 Y103.769
G1 X96.572 Y103.624
G1 X97.015 Y103.761
G1 X97.617 Y104.244
G1 X97.720 Y104.184
G1 X97.757 Y104.019
G1 X97.662 Y103.709
G1 X97.100 Y103.261
G1 X96.467 Y103.104
G1 X96.032 Y103.173
G1 X95.705 Y103.381
G1 X95.500 Y103.703
G1 X95.432 Y104.114
G1 X95.472 Y104.494
G0 Z5.000 F500.000
G0 X97.170 Y105.039 F3000.000
G1 Z1.000 F500.000
G4 P100
G1 X97.117 Y105.214 F1000.000
G1 X97.174 Y105.424
G1 X97.627 Y105.494
G1 X97.887 Y106.499
G1 X98.310 Y107.224
G1 X98.567 Y107.426
G1 X98.842 Y107.494
G1 X99.030 Y107.447
G1 X99.172 Y107.309
G1 X99.292 Y106.844
G1 X99.252 Y106.469
G1 X99.130 Y106.119
G1 X98.642 Y105.494
G1 X99.317 Y105.459
G1 X99.317 Y105.178
G1 X99.211 Y105.070
G1 X98.787 Y104.984
G1 X98.177 Y104.984
G1 X98.198 Y104.151
G1 X98.290 Y103.864
G1 X98.448 Y103.706
G1 X98.677 Y103.654
G1 X99.057 Y103.784
G1 X99.582 Y104.244
G1 X99.685 Y104.184
G1 X99.722 Y104.019
G1 X99.627 Y103.709
G1 X99.157 Y103.274
G1 X98.884 Y103.146
G1 X98.572 Y103.104
G1 X98.126 Y103.193
G1 X97.807 Y103.462
G1 X97.616 Y103.911
G1 X97.567 Y104.984
G1 X97.170 Y105.039
G0 Z5.000 F500.000
G0 X98.227 Y105.569 F3000.000
G1 Z1.000 F500.000
G4 P100
G1 X98.670 Y106.141 F1000.000
G1 X98.817 Y106.719
G1 X98.790 Y106.940
G1 X98.707 Y107.014
G1 X98.540 Y106.826
G1 X98.365 Y106.306
G1 X98.227 Y105.569
G0 Z5.000 F500.000
G0 X99.560 Y105.078 F3000.000
G1 Z1.000 F500.000
G4 P100
G1 X100.064 Y105.415 F1000.000
G1 X100.634 Y105.415
G1 X100.837 Y105.286
G1 X100.969 Y105.083
G1 X101.012 Y104.819
G1 X100.950 Y104.498
G1 X100.765 Y104.226
G1 X100.432 Y104.004
G1 X99.927 Y103.834
G1 X100.109 Y103.661
G1 X100.402 Y103.604
G1 X100.915 Y103.761
G1 X101.547 Y104.244
G1 X101.650 Y104.184
G1 X101.687 Y104.019
G1 X101.592 Y103.709
G1 X101.070 Y103.294
G1 X100.720 Y103.151
G1 X100.347 Y103.104
G1 X99.881 Y103.175
G1 X99.532 Y103.389
G1 X99.315 Y103.726
G1 X99.242 Y104.169
G1 X99.387 Y104.811
G1 X99.560 Y105.078
G0 Z5.000 F500.000
G0 X99.975 Y104.754 F3000.000
G1 Z1.000 F500.000
G4 P100
G1 X99.847 Y104.234 F1000.000
G1 X100.312 Y104.434
G1 X100.482 Y104.759
G1 X100.430 Y104.911
G1 X100.287 Y104.969
G1 X100.117 Y104.915
G1 X99.975 Y104.754
G0 Z5.000 F500.000
G0 X101.260 Y104.309 F3000.000
G1 Z1.000 F500.000
G4 P100
G1 X101.589 Y104.977 F1000.000
G1 X101.855 Y105.226
G1 X102.522 Y105.484
G1 X102.660 Y106.383
G1 X102.885 Y107.141
G1 X103.194 Y107.657
G1 X103.380 Y107.786
G1 X103.784 Y107.780
G1 X103.945 Y107.634
G1 X104.052 Y107.389
G1 X104.019 Y106.436
G1 X103.812 Y105.734
G1 X103.077 Y104.194
G1 X103.165 Y103.779
G1 X103.337 Y103.654
G1 X103.612 Y103.774
G1 X104.122 Y104.244
G1 X104.225 Y104.184
G1 X104.262 Y104.019
G1 X104.167 Y103.709
G1 X103.474 Y103.148
G1 X103.232 Y103.104
G1 X102.897 Y103.215
G1 X102.652 Y103.549
G1 X102.285 Y103.194
G1 X101.917 Y103.104
G1 X101.639 Y103.160
G1 X101.415 Y103.331
G1 X101.267 Y103.593
G1 X101.260 Y104.309
G0 Z5.000 F500.000
G0 X101.842 Y103.974 F3000.000
G1 Z1.000 F500.000
G4 P100
G1 X101.905 Y103.700 F1000.000
G1 X102.092 Y103.609
G1 X102.282 Y103.686
G1 X102.522 Y103.974
G1 X102.482 Y104.969
G1 X102.230 Y104.834
G1 X102.025 Y104.601
G1 X101.842 Y103.974
G0 Z5.000 F500.000
G0 X103.082 Y104.979 F3000.000
G1 Z1.000 F500.000
G4 P100
G1 X103.502 Y106.079 F1000.000
G1 X103.642 Y106.939
G1 X103.532 Y107.339
G1 X103.342 Y107.001
G1 X103.082 Y104.979
G0 Z5.000 F500.000
G0 X105.637 Y104.791 F3000.000
G1 Z1.000 F500.000
G4 P100
G1 X106.009 Y105.459 F1000.000
G1 X106.452 Y105.489
G1 X106.507 Y105.409
G1 X106.342 Y104.879
G1 X106.800 Y104.131
G1 X106.872 Y103.669
G1 X107.582 Y104.244
G1 X107.685 Y104.184
G1 X107.722 Y104.019
G1 X107.627 Y103.709
G1 X107.150 Y103.286
G1 X106.587 Y103.164
G1 X106.369 Y103.036
G1 X106.112 Y102.994
G1 X105.715 Y103.114
G1 X105.577 Y103.384
G1 X105.672 Y103.609
G1 X105.952 Y103.704
G1 X106.237 Y103.674
G1 X106.180 Y103.919
G1 X105.897 Y104.329
G1 X105.257 Y103.469
G1 X105.067 Y103.379
G1 X104.937 Y103.436
G1 X104.887 Y103.579
G1 X104.957 Y103.764
G1 X105.637 Y104.791
G0 Z5.000 F500.000
G0 X107.135 Y105.039 F3000.000
G1 Z1.000 F500.000
G4 P100
G1 X107.082 Y105.214 F1000.000
G1 X107.139 Y105.424
G1 X107.592 Y105.494
G1 X107.852 Y106.499
G1 X108.275 Y107.224
G1 X108.532 Y107.426
G1 X108.807 Y107.494
G1 X108.995 Y107.447
G1 X109.137 Y107.309
G1 X109.257 Y106.844
G1 X109.217 Y106.469
G1 X109.095 Y106.119
G1 X108.607 Y105.494
G1 X109.282 Y105.459
G1 X109.282 Y105.178
G1 X109.176 Y105.070
G1 X108.752 Y104.984
G1 X108.142 Y104.984
G1 X108.163 Y104.151
G1 X108.255 Y103.864
G1 X108.413 Y103.706
G1 X108.642 Y103.654
G1 X109.022 Y103.784
G1 X109.547 Y104.244
G1 X109.650 Y104.184
G1 X109.687 Y104.019
G1 X109.592 Y103.709
G1 X109.122 Y103.274
G1 X108.849 Y103.146
G1 X108.537 Y103.104
G1 X108.091 Y103.193
G1 X107.772 Y103.462
G1 X107.581 Y103.911
G1 X107.532 Y104.984
G1 X107.135 Y105.039
G0 Z5.000 F500.000
G0 X108.192 Y105.569 F3000.000
G1 Z1.000 F500.000
G4 P100
G1 X108.635 Y106.141 F1000.000
G1 X108.782 Y106.719
G1 X108.755 Y106.940
G1 X108.672 Y107.014
G1 X108.505 Y106.826
G1 X108.330 Y106.306
G1 X108.192 Y105.569
G0 Z5.000 F500.000
G0 X109.625 Y105.391 F3000.000
G1 Z1.000 F500.000
G4 P100
G1 X109.912 Y105.459 F1000.000
G1 X110.052 Y105.434
G1 X110.092 Y105.339
G1 X109.887 Y104.259
G1 X110.257 Y104.959
G1 X110.660 Y105.344
G1 X111.022 Y105.459
G1 X111.266 Y105.377
G1 X111.347 Y105.134
G1 X111.294 Y104.437
G1 X111.387 Y104.394
G1 X111.882 Y104.679
G1 X111.985 Y104.621
G1 X112.022 Y104.469
G1 X111.922 Y104.179
G1 X111.595 Y103.931
G1 X111.197 Y103.829
G1 X110.964 Y103.862
G1 X110.692 Y104.122
G1 X110.627 Y104.694
G1 X110.430 Y104.526
G1 X110.187 Y104.084
G1 X109.865 Y103.186
G1 X109.637 Y103.104
G1 X109.475 Y103.154
G1 X109.370 Y103.304
G1 X109.292 Y103.944
G1 X109.339 Y104.577
G1 X109.477 Y105.179
G1 X109.625 Y105.391
G0 Z5.000 F500.000
G0 X111.627 Y104.811 F3000.000
G1 Z1.000 F500.000
G4 P100
G1 X112.030 Y105.284 F1000.000
G1 X112.304 Y105.415
G1 X112.874 Y105.415
G1 X113.077 Y105.286
G1 X113.209 Y105.083
G1 X113.252 Y104.819
G1 X113.190 Y104.498
G1 X113.005 Y104.226
G1 X112.672 Y104.004
G1 X112.167 Y103.834
G1 X112.349 Y103.661
G1 X112.642 Y103.604
G1 X113.155 Y103.761
G1 X113.787 Y104.244
G1 X113.890 Y104.184
G1 X113.927 Y104.019
G1 X113.832 Y103.709
G1 X113.310 Y103.294
G1 X112.960 Y103.151
G1 X112.587 Y103.104
G1 X112.121 Y103.175
G1 X111.772 Y103.389
G1 X111.555 Y103.726
G1 X111.482 Y104.169
G1 X111.627 Y104.811
G0 Z5.000 F500.000
G0 X112.087 Y104.234 F3000.000
G1 Z1.000 F500.000
G4 P100
G1 X112.552 Y104.434 F1000.000
G1 X112.680 Y104.585
G1 X112.670 Y104.911
G1 X112.527 Y104.969
G1 X112.357 Y104.915
G1 X112.215 Y104.754
G1 X112.087 Y104.234
G0 Z5.000 F500.000
G0 X113.362 Y103.844 F3000.000
G1 Z1.000 F500.000
G4 P100
G1 X113.777 Y104.404 F1000.000
G1 X114.202 Y105.294
G1 X114.349 Y105.459
G1 X114.597 Y105.514
G1 X114.792 Y105.489
G1 X114.847 Y105.409
G1 X114.682 Y104.879
G1 X115.140 Y104.131
G1 X115.212 Y103.669
G1 X115.922 Y104.244
G1 X116.025 Y104.184
G1 X116.062 Y104.019
G1 X115.967 Y103.709
G1 X115.490 Y103.286
G1 X114.452 Y102.994
G1 X114.055 Y103.114
G1 X113.917 Y103.384
G1 X114.012 Y103.609
G1 X114.292 Y103.704
G1 X114.577 Y103.674
G1 X114.520 Y103.919
G1 X114.237 Y104.329
G1 X113.930 Y103.839
G1 X113.597 Y103.469
G1 X113.407 Y103.379
G1 X113.277 Y103.436
G1 X113.227 Y103.579
G1 X113.362 Y103.844
G0 Z5.000 F500.000
G0 X115.362 Y103.579 F3000.000
G1 Z1.000 F500.000
G4 P100
G1 X115.912 Y104.404 F1000.000
G1 X116.337 Y105.294
G1 X116.484 Y105.459
G1 X116.732 Y105.514
G1 X116.927 Y105.489
G1 X116.982 Y105.409
G1 X116.817 Y104.879
G1 X117.275 Y104.131
G1 X117.347 Y103.669
G1 X118.057 Y104.244
G1 X118.160 Y104.184
G1 X118.197 Y104.019
G1 X118.102 Y103.709
G1 X117.625 Y103.286
G1 X116.587 Y102.994
G1 X116.190 Y103.114
G1 X116.052 Y103.384
G1 X116.147 Y103.609
G1 X116.427 Y103.704
G1 X116.712 Y103.674
G1 X116.655 Y103.919
G1 X116.372 Y104.329
G1 X115.732 Y103.469
G1 X115.542 Y103.379
G1 X115.412 Y103.436
G1 X115.362 Y103.579
G0 Z5.000 F500.000
G0 X118.507 Y102.721 F3000.000
G1 Z1.000 F500.000
G4 P100
G1 X119.202 Y104.159 F1000.000
G1 X119.192 Y105.174
G1 X119.307 Y105.404
G1 X119.607 Y105.489
G1 X119.760 Y105.446
G1 X119.817 Y105.094
G1 X120.132 Y105.381
G1 X120.462 Y105.469
G1 X120.717 Y105.412
G1 X120.920 Y105.244
G1 X121.053 Y104.984
G1 X121.097 Y104.654
G1 X121.012 Y104.139
G1 X120.777 Y103.684
G1 X120.952 Y103.654
G1 X121.267 Y103.774
G1 X121.652 Y104.174
G1 X121.787 Y104.244
G1 X121.890 Y104.184
G1 X121.927 Y104.019
G1 X121.832 Y103.709
G1 X121.370 Y103.274
G1 X120.807 Y103.104
G1 X120.567 Y103.151
G1 X120.377 Y103.294
G1 X119.782 Y103.104
G1 X119.676 Y102.218
G1 X119.487 Y101.491
G1 X119.204 Y101.005
G1 X119.021 Y100.884
G1 X118.577 Y100.892
G1 X118.412 Y101.039
G1 X118.315 Y101.271
G1 X118.339 Y102.109
G1 X118.507 Y102.721
G0 Z5.000 F500.000
G0 X118.727 Y101.664 F3000.000
G1 Z1.000 F500.000
G4 P100
G1 X118.765 Y101.419 F1000.000
G1 X118.852 Y101.334
G1 X118.976 Y101.480
G1 X119.077 Y101.921
G1 X119.192 Y103.384
G1 X118.852 Y102.429
G1 X118.727 Y101.664
G0 Z5.000 F500.000
G0 X119.807 Y103.584 F3000.000
G1 Z1.000 F500.000
G4 P100
G1 X120.140 Y103.781 F1000.000
G1 X120.382 Y104.171
G1 X120.472 Y104.659
G1 X120.412 Y104.886
G1 X120.252 Y104.964
G1 X120.054 Y104.869
G1 X119.817 Y104.584
G1 X119.807 Y103.584
G0 Z5.000 F500.000
G0 X121.447 Y104.154 F3000.000
G1 Z1.000 F500.000
G4 P100
G1 X121.592 Y104.831 F1000.000
G1 X121.765 Y105.096
G1 X122.261 Y105.422
G1 X122.557 Y105.464
G1 X122.900 Y105.398
G1 X123.170 Y105.201
G1 X123.354 Y104.908
G1 X123.442 Y104.554
G1 X124.072 Y104.664
G1 X124.172 Y104.599
G1 X124.207 Y104.434
G1 X124.171 Y104.242
G1 X124.062 Y104.149
G1 X123.402 Y104.029
G1 X123.261 Y103.650
G1 X123.027 Y103.356
G1 X122.729 Y103.167
G1 X122.392 Y103.104
G1 X121.880 Y103.249
G1 X121.557 Y103.634
G1 X121.447 Y104.154
G0 Z5.000 F500.000
G0 X122.180 Y103.779 F3000.000
G1 Z1.000 F500.000
G4 P100
G1 X122.432 Y103.634 F1000.000
G1 X122.710 Y103.764
G1 X122.867 Y104.139
G1 X122.630 Y104.414
G1 X122.562 Y104.934
G1 X122.360 Y104.885
G1 X122.205 Y104.741
G1 X122.105 Y104.509
G1 X122.072 Y104.199
G1 X122.180 Y103.779
G0 Z5.000 F500.000
G0 X123.772 Y103.944 F3000.000
G1 Z1.000 F500.000
G4 P100
G1 X123.977 Y105.179 F1000.000
G1 X124.097 Y105.399
G1 X124.337 Y105.459
G1 X124.529 Y105.416
G1 X124.592 Y105.289
G1 X124.377 Y103.964
G1 X124.417 Y103.734
G1 X124.552 Y103.654
G1 X124.777 Y103.779
G1 X125.272 Y104.244
G1 X125.375 Y104.184
G1 X125.412 Y104.019
G1 X125.317 Y103.709
G1 X124.839 Y103.255
G1 X124.392 Y103.104
G1 X124.112 Y103.161
G1 X123.920 Y103.334
G1 X123.772 Y103.944
G0 Z5.000 F500.000
G0 X124.432 Y105.789 F3000.000
G1 Z1.000 F500.000
G4 P100
G1 X124.117 Y105.886 F1000.000
G1 X124.012 Y106.159
G1 X124.150 Y106.451
G1 X124.492 Y106.569
G1 X124.792 Y106.479
G1 X124.907 Y106.224
G1 X124.777 Y105.906
G1 X124.432 Y105.789
G0 Z5.000 F500.000
G0 X125.350 Y105.391 F3000.000
G1 Z1.000 F500.000
G4 P100
G1 X125.637 Y105.459 F1000.000
G1 X125.777 Y105.434
G1 X125.817 Y105.339
G1 X125.612 Y104.259
G1 X125.982 Y104.959
G1 X126.385 Y105.344
G1 X126.747 Y105.459
G1 X126.991 Y105.377
G1 X127.072 Y105.134
G1 X126.867 Y103.854
G1 X126.904 Y103.704
G1 X127.012 Y103.654
G1 X127.250 Y103.776
G1 X127.752 Y104.244
G1 X127.855 Y104.184
G1 X127.892 Y104.019
G1 X127.797 Y103.709
G1 X127.335 Y103.274
G1 X127.070 Y103.146
G1 X126.549 Y103.140
G1 X126.290 Y103.432
G1 X126.257 Y103.679
G1 X126.392 Y104.614
G1 X126.337 Y104.694
G1 X126.155 Y104.526
G1 X125.915 Y104.084
G1 X125.590 Y103.186
G1 X125.362 Y103.104
G1 X125.200 Y103.154
G1 X125.095 Y103.304
G1 X125.017 Y103.944
G1 X125.064 Y104.577
G1 X125.202 Y105.179
G1 X125.350 Y105.391
G0 Z5.000 F500.000
G0 X127.252 Y105.214 F3000.000
G1 Z1.000 F500.000
G4 P100
G1 X127.309 Y105.424 F1000.000
G1 X127.762 Y105.494
G1 X128.022 Y106.499
G1 X128.445 Y107.224
G1 X128.702 Y107.426
G1 X128.977 Y107.494
G1 X129.165 Y107.447
G1 X129.307 Y107.309
G1 X129.427 Y106.844
G1 X129.387 Y106.469
G1 X129.265 Y106.119
G1 X128.777 Y105.494
G1 X129.452 Y105.459
G1 X129.452 Y105.178
G1 X129.346 Y105.070
G1 X128.922 Y104.984
G1 X128.312 Y104.984
G1 X128.333 Y104.151
G1 X128.425 Y103.864
G1 X128.583 Y103.706
G1 X128.812 Y103.654
G1 X129.192 Y103.784
G1 X129.717 Y104.244
G1 X129.820 Y104.184
G1 X129.857 Y104.019
G1 X129.762 Y103.709
G1 X129.292 Y103.274
G1 X129.019 Y103.146
G1 X128.707 Y103.104
G1 X128.261 Y103.193
G1 X127.942 Y103.462
G1 X127.751 Y103.911
G1 X127.702 Y104.984
G1 X127.305 Y105.039
G1 X127.252 Y105.214
G0 Z5.000 F500.000
G0 X128.362 Y105.569 F3000.000
G1 Z1.000 F500.000
G4 P100
G1 X128.805 Y106.141 F1000.000
G1 X128.952 Y106.719
G1 X128.925 Y106.940
G1 X128.842 Y107.014
G1 X128.675 Y106.826
G1 X128.500 Y106.306
G1 X128.362 Y105.569
G0 Z5.000 F500.000
G0 X29.357 Y91.719 F3000.000
G1 Z1.000 F500.000
G4 P100
G1 X29.264 Y91.479 F1000.000
G1 X28.972 Y91.419
G1 X27.607 Y91.484
G1 X27.072 Y88.124
G1 X26.952 Y87.902
G1 X26.687 Y87.824
G1 X26.432 Y87.904
G1 X26.342 Y88.114
G1 X26.379 Y88.512
G1 X26.897 Y91.479
G1 X26.127 Y91.399
G1 X25.729 Y91.217
G1 X25.612 Y90.914
G1 X25.732 Y90.514
G1 X25.619 Y90.337
G1 X25.387 Y90.254
G1 X25.247 Y90.304
G1 X25.082 Y90.547
G1 X25.017 Y90.904
G1 X25.086 Y91.287
G1 X25.294 Y91.587
G1 X25.644 Y91.810
G1 X26.139 Y91.964
G1 X27.597 Y92.084
G1 X29.047 Y91.999
G1 X29.279 Y91.894
G1 X29.357 Y91.719
G0 Z5.000 F500.000
G0 X29.622 Y90.179 F3000.000
G1 Z1.000 F500.000
G4 P100
G1 X29.883 Y90.136 F1000.000
G1 X30.087 Y90.007
G1 X30.218 Y89.804
G1 X30.262 Y89.539
G1 X30.200 Y89.219
G1 X30.014 Y88.947
G1 X29.681 Y88.725
G1 X29.177 Y88.554
G1 X29.358 Y88.382
G1 X29.652 Y88.324
G1 X30.164 Y88.482
G1 X30.797 Y88.964
G1 X30.899 Y88.904
G1 X30.937 Y88.739
G1 X30.842 Y88.429
G1 X30.319 Y88.014
G1 X29.597 Y87.824
G1 X29.130 Y87.896
G1 X28.782 Y88.109
G1 X28.564 Y88.447
G1 X28.492 Y88.889
G1 X28.637 Y89.532
G1 X28.810 Y89.799
G1 X29.313 Y90.136
G1 X29.622 Y90.179
G0 Z5.000 F500.000
G0 X29.537 Y89.689 F3000.000
G1 Z1.000 F500.000
G4 P100
G1 X29.366 Y89.636 F1000.000
G1 X29.224 Y89.474
G1 X29.097 Y88.954
G1 X29.562 Y89.154
G1 X29.689 Y89.306
G1 X29.679 Y89.632
G1 X29.537 Y89.689
G0 Z5.000 F500.000
G0 X30.707 Y89.654 F3000.000
G1 Z1.000 F500.000
G4 P100
G1 X30.745 Y89.882 F1000.000
G1 X31.039 Y90.163
G1 X31.262 Y90.199
G1 X31.642 Y90.097
G1 X31.902 Y89.799
G1 X32.239 Y90.099
G1 X32.607 Y90.199
G1 X32.904 Y90.109
G1 X33.007 Y89.819
G1 X32.922 Y89.467
G1 X32.717 Y89.339
G1 X32.567 Y89.384
G1 X32.407 Y89.634
G1 X32.279 Y89.522
G1 X32.117 Y88.839
G1 X32.229 Y88.477
G1 X32.537 Y88.349
G1 X32.904 Y88.482
G1 X33.442 Y88.964
G1 X33.544 Y88.904
G1 X33.582 Y88.739
G1 X33.487 Y88.429
G1 X33.004 Y87.997
G1 X32.725 Y87.867
G1 X32.412 Y87.824
G1 X31.959 Y87.919
G1 X31.647 Y88.189
G1 X31.335 Y87.919
G1 X30.972 Y87.829
G1 X30.725 Y87.869
G1 X30.417 Y88.176
G1 X30.377 Y88.414
G1 X30.492 Y88.819
G1 X30.630 Y88.936
G1 X30.952 Y88.941
G1 X30.972 Y88.509
G1 X31.102 Y88.359
G1 X31.284 Y88.472
G1 X31.429 Y88.779
G1 X31.487 Y89.209
G1 X31.442 Y89.512
G1 X31.332 Y89.634
G1 X31.122 Y89.387
G1 X30.947 Y89.339
G1 X30.772 Y89.417
G1 X30.707 Y89.654
G0 Z5.000 F500.000
G0 X32.942 Y89.934 F3000.000
G1 Z1.000 F500.000
G4 P100
G1 X32.998 Y90.144 F1000.000
G1 X33.452 Y90.214
G1 X33.712 Y91.219
G1 X34.134 Y91.944
G1 X34.391 Y92.147
G1 X34.667 Y92.214
G1 X34.854 Y92.168
G1 X34.997 Y92.029
G1 X35.117 Y91.564
G1 X35.076 Y91.189
G1 X34.954 Y90.839
G1 X34.467 Y90.214
G1 X35.142 Y90.179
G1 X35.141 Y89.898
G1 X35.035 Y89.791
G1 X34.612 Y89.704
G1 X34.002 Y89.704
G1 X34.022 Y88.872
G1 X34.114 Y88.584
G1 X34.272 Y88.427
G1 X34.502 Y88.374
G1 X34.882 Y88.504
G1 X35.407 Y88.964
G1 X35.509 Y88.904
G1 X35.547 Y88.739
G1 X35.452 Y88.429
G1 X34.982 Y87.994
G1 X34.708 Y87.867
G1 X34.397 Y87.824
G1 X33.950 Y87.914
G1 X33.632 Y88.183
G1 X33.440 Y88.631
G1 X33.392 Y89.704
G1 X32.994 Y89.759
G1 X32.942 Y89.934
G0 Z5.000 F500.000
G0 X34.052 Y90.289 F3000.000
G1 Z1.000 F500.000
G4 P100
G1 X34.494 Y90.862 F1000.000
G1 X34.642 Y91.439
G1 X34.614 Y91.661
G1 X34.532 Y91.734
G1 X34.364 Y91.547
G1 X34.189 Y91.027
G1 X34.052 Y90.289
G0 Z5.000 F500.000
G0 X85.147 Y89.589 F3000.000
G1 Z1.000 F500.000
G4 P100
G1 X85.217 Y90.283 F1000.000
G1 X85.425 Y90.894
G1 X85.752 Y91.400
G1 X86.177 Y91.777
G1 X86.679 Y92.011
G1 X87.232 Y92.089
G1 X87.707 Y92.020
G1 X88.052 Y91.812
G1 X88.262 Y91.490
G1 X88.332 Y91.079
G1 X88.225 Y90.589
G1 X88.094 Y90.451
G1 X87.917 Y90.404
G1 X87.697 Y90.469
G1 X87.617 Y90.659
G1 X87.667 Y91.064
G1 X87.546 Y91.406
G1 X87.182 Y91.519
G1 X86.860 Y91.466
G1 X86.552 Y91.304
G1 X86.281 Y91.039
G1 X86.067 Y90.672
G1 X85.929 Y90.215
G1 X85.882 Y89.679
G1 X85.966 Y89.147
G1 X86.217 Y88.752
G1 X86.632 Y88.506
G1 X87.207 Y88.424
G1 X87.865 Y88.507
G1 X88.727 Y88.789
G1 X88.847 Y88.729
G1 X88.887 Y88.574
G1 X88.805 Y88.309
G1 X88.557 Y88.124
G1 X87.820 Y87.897
G1 X87.092 Y87.824
G1 X86.536 Y87.879
G1 X86.057 Y88.042
G1 X85.669 Y88.305
G1 X85.382 Y88.659
G1 X85.206 Y89.092
G1 X85.147 Y89.589
G0 Z5.000 F500.000
G0 X88.497 Y88.549 F3000.000
G1 Z1.000 F500.000
G4 P100
G1 X88.547 Y89.237 F1000.000
G1 X88.712 Y89.899
G1 X88.852 Y90.114
G1 X89.137 Y90.179
G1 X89.290 Y90.144
G1 X89.332 Y90.039
G1 X89.127 Y89.042
G1 X89.124 Y88.592
G1 X89.202 Y88.544
G1 X89.390 Y88.694
G1 X90.000 Y90.114
G1 X90.247 Y90.179
G1 X90.407 Y90.149
G1 X90.452 Y90.049
G1 X90.192 Y88.384
G1 X90.942 Y88.914
G1 X91.057 Y88.954
G1 X91.160 Y88.892
G1 X91.197 Y88.734
G1 X91.052 Y88.439
G1 X90.092 Y87.794
G1 X89.873 Y86.870
G1 X89.595 Y86.167
G1 X89.245 Y85.722
G1 X88.812 Y85.574
G1 X88.581 Y85.614
G1 X88.277 Y85.914
G1 X88.237 Y86.144
G1 X88.345 Y86.624
G1 X88.745 Y87.187
G1 X89.572 Y87.914
G1 X89.667 Y88.559
G1 X89.387 Y88.012
G1 X89.007 Y87.824
G1 X88.803 Y87.876
G1 X88.640 Y88.032
G1 X88.497 Y88.549
G0 Z5.000 F500.000
G0 X89.457 Y87.314 F3000.000
G1 Z1.000 F500.000
G4 P100
G1 X88.900 Y86.722 F1000.000
G1 X88.727 Y86.254
G1 X88.760 Y86.114
G1 X88.867 Y86.059
G1 X89.000 Y86.132
G1 X89.147 Y86.349
G1 X89.457 Y87.314
G0 Z5.000 F500.000
G0 X91.085 Y87.874 F3000.000
G1 Z1.000 F500.000
G4 P100
G1 X90.980 Y88.024 F1000.000
G1 X90.902 Y88.664
G1 X90.949 Y89.298
G1 X91.087 Y89.899
G1 X91.235 Y90.112
G1 X91.522 Y90.179
G1 X91.662 Y90.154
G1 X91.702 Y90.059
G1 X91.497 Y88.979
G1 X91.867 Y89.679
G1 X92.270 Y90.064
G1 X92.632 Y90.179
G1 X92.876 Y90.098
G1 X92.957 Y89.854
G1 X92.904 Y89.158
G1 X92.997 Y89.114
G1 X93.492 Y89.399
G1 X93.595 Y89.342
G1 X93.632 Y89.189
G1 X93.532 Y88.899
G1 X93.205 Y88.652
G1 X92.807 Y88.549
G1 X92.405 Y88.684
G1 X92.302 Y88.843
G1 X92.237 Y89.414
G1 X92.040 Y89.247
G1 X91.797 Y88.804
G1 X91.475 Y87.907
G1 X91.247 Y87.824
G1 X91.085 Y87.874
G0 Z5.000 F500.000
G0 X93.199 Y88.322 F3000.000
G1 Z1.000 F500.000
G4 P100
G1 X93.220 Y89.242 F1000.000
G1 X93.367 Y89.899
G1 X93.487 Y90.119
G1 X93.727 Y90.179
G1 X93.919 Y90.137
G1 X93.982 Y90.009
G1 X93.767 Y88.684
G1 X93.807 Y88.454
G1 X93.942 Y88.374
G1 X94.167 Y88.499
G1 X94.662 Y88.964
G1 X94.765 Y88.904
G1 X94.802 Y88.739
G1 X94.707 Y88.429
G1 X94.229 Y87.976
G1 X93.782 Y87.824
G1 X93.502 Y87.882
G1 X93.310 Y88.054
G1 X93.199 Y88.322
G0 Z5.000 F500.000
G0 X93.822 Y90.509 F3000.000
G1 Z1.000 F500.000
G4 P100
G1 X93.507 Y90.607 F1000.000
G1 X93.402 Y90.879
G1 X93.540 Y91.172
G1 X93.882 Y91.289
G1 X94.182 Y91.199
G1 X94.297 Y90.944
G1 X94.167 Y90.627
G1 X93.822 Y90.509
G0 Z5.000 F500.000
G0 X94.590 Y90.649 F3000.000
G1 Z1.000 F500.000
G4 P100
G1 X94.785 Y91.374 F1000.000
G1 X95.055 Y91.989
G1 X95.392 Y92.409
G1 X95.787 Y92.549
G1 X96.002 Y92.494
G1 X96.165 Y92.327
G1 X96.268 Y92.056
G1 X96.302 Y91.689
G1 X96.220 Y91.047
G1 X95.972 Y90.309
G1 X95.584 Y89.528
G1 X95.077 Y88.754
G1 X95.192 Y88.462
G1 X95.402 Y88.374
G1 X95.762 Y88.492
G1 X96.292 Y88.964
G1 X96.395 Y88.904
G1 X96.432 Y88.739
G1 X96.337 Y88.429
G1 X95.870 Y87.994
G1 X95.600 Y87.867
G1 X95.297 Y87.824
G1 X94.914 Y87.924
G1 X94.645 Y88.224
G1 X94.485 Y88.683
G1 X94.432 Y89.259
G1 X94.590 Y90.649
G0 Z5.000 F500.000
G0 X95.042 Y89.429 F3000.000
G1 Z1.000 F500.000
G4 P100
G1 X95.607 Y90.602 F1000.000
G1 X95.765 Y91.164
G1 X95.817 Y91.674
G1 X95.782 Y91.959
G1 X95.677 Y92.054
G1 X95.417 Y91.639
G1 X95.162 Y90.609
G1 X95.042 Y89.429
G0 Z5.000 F500.000
G0 X96.220 Y90.649 F3000.000
G1 Z1.000 F500.000
G4 P100
G1 X96.415 Y91.374 F1000.000
G1 X96.685 Y91.989
G1 X97.022 Y92.409
G1 X97.417 Y92.549
G1 X97.632 Y92.494
G1 X97.795 Y92.327
G1 X97.898 Y92.056
G1 X97.932 Y91.689
G1 X97.850 Y91.047
G1 X97.602 Y90.309
G1 X97.214 Y89.528
G1 X96.707 Y88.754
G1 X96.822 Y88.462
G1 X97.032 Y88.374
G1 X97.392 Y88.492
G1 X97.922 Y88.964
G1 X98.025 Y88.904
G1 X98.062 Y88.739
G1 X97.967 Y88.429
G1 X97.500 Y87.994
G1 X97.230 Y87.867
G1 X96.927 Y87.824
G1 X96.544 Y87.924
G1 X96.275 Y88.224
G1 X96.115 Y88.683
G1 X96.062 Y89.259
G1 X96.220 Y90.649
G0 Z5.000 F500.000
G0 X96.672 Y89.429 F3000.000
G1 Z1.000 F500.000
G4 P100
G1 X97.237 Y90.602 F1000.000
G1 X97.395 Y91.164
G1 X97.447 Y91.674
G1 X97.412 Y91.959
G1 X97.307 Y92.054
G1 X97.047 Y91.639
G1 X96.792 Y90.609
G1 X96.672 Y89.429
G0 Z5.000 F500.000
G0 X97.892 Y90.879 F3000.000
G1 Z1.000 F500.000
G4 P100
G1 X98.030 Y91.172 F1000.000
G1 X98.372 Y91.289
G1 X98.672 Y91.199
G1 X98.787 Y90.944
G1 X98.657 Y90.627
G1 X98.312 Y90.509
G1 X97.997 Y90.607
G1 X97.892 Y90.879
G0 Z5.000 F500.000
G0 X98.217 Y90.179 F3000.000
G1 Z1.000 F500.000
G4 P100
G1 X98.409 Y90.137 F1000.000
G1 X98.472 Y90.009
G1 X98.257 Y88.684
G1 X98.297 Y88.454
G1 X98.432 Y88.374
G1 X98.657 Y88.499
G1 X99.152 Y88.964
G1 X99.255 Y88.904
G1 X99.292 Y88.739
G1 X99.197 Y88.429
G1 X98.719 Y87.976
G1 X98.272 Y87.824
G1 X97.992 Y87.882
G1 X97.800 Y88.054
G1 X97.652 Y88.664
G1 X97.857 Y89.899
G1 X97.977 Y90.119
G1 X98.217 Y90.179
G0 Z5.000 F500.000
G0 X98.967 Y89.544 F3000.000
G1 Z1.000 F500.000
G4 P100
G1 X99.382 Y90.014 F1000.000
G1 X99.644 Y90.138
G1 X100.162 Y90.139
G1 X100.459 Y89.831
G1 X100.497 Y89.599
G1 X100.405 Y89.244
G1 X100.162 Y89.099
G1 X100.010 Y89.144
G1 X99.970 Y89.654
G1 X99.877 Y89.689
G1 X99.662 Y89.587
G1 X99.502 Y89.309
G1 X99.474 Y88.671
G1 X99.569 Y88.489
G1 X99.947 Y88.344
G1 X100.390 Y88.482
G1 X100.992 Y88.964
G1 X101.095 Y88.904
G1 X101.132 Y88.739
G1 X101.037 Y88.429
G1 X100.475 Y87.982
G1 X99.842 Y87.824
G1 X99.407 Y87.894
G1 X99.080 Y88.102
G1 X98.875 Y88.424
G1 X98.807 Y88.834
G1 X98.967 Y89.544
G0 Z5.000 F500.000
G0 X102.227 Y89.249 F3000.000
G1 Z1.000 F500.000
G4 P100
G1 X102.310 Y89.474 F1000.000
G1 X102.532 Y89.574
G1 X103.347 Y89.574
G1 X103.457 Y90.489
G1 X103.562 Y90.684
G1 X103.767 Y90.754
G1 X103.962 Y90.684
G1 X104.027 Y90.489
G1 X103.917 Y89.574
G1 X104.732 Y89.574
G1 X104.907 Y89.504
G1 X104.967 Y89.334
G1 X104.885 Y89.107
G1 X104.662 Y89.004
G1 X103.842 Y89.004
G1 X103.732 Y88.089
G1 X103.620 Y87.889
G1 X103.407 Y87.819
G1 X103.220 Y87.889
G1 X103.162 Y88.089
G1 X103.272 Y89.004
G1 X102.462 Y89.004
G1 X102.287 Y89.077
G1 X102.227 Y89.249
G0 Z5.000 F500.000
G0 X106.432 Y88.279 F3000.000
G1 Z1.000 F500.000
G4 P100
G1 X106.491 Y88.504 F1000.000
G1 X106.667 Y88.687
G1 X106.941 Y88.809
G1 X107.357 Y88.849
G1 X107.447 Y90.304
G1 X107.627 Y91.129
G1 X108.042 Y91.684
G1 X108.567 Y91.987
G1 X109.192 Y92.089
G1 X109.670 Y92.019
G1 X110.022 Y91.809
G1 X110.240 Y91.487
G1 X110.312 Y91.079
G1 X110.202 Y90.587
G1 X110.071 Y90.446
G1 X109.897 Y90.399
G1 X109.677 Y90.467
G1 X109.597 Y90.659
G1 X109.647 Y91.074
G1 X109.525 Y91.407
G1 X109.152 Y91.529
G1 X108.762 Y91.457
G1 X108.472 Y91.242
G1 X108.276 Y90.872
G1 X108.167 Y90.339
G1 X107.987 Y88.789
G1 X109.482 Y88.484
G1 X109.980 Y88.582
G1 X110.507 Y88.964
G1 X110.610 Y88.904
G1 X110.647 Y88.739
G1 X110.552 Y88.429
G1 X110.010 Y87.959
G1 X109.377 Y87.824
G1 X108.897 Y87.889
G1 X107.812 Y88.289
G1 X107.494 Y87.941
G1 X107.047 Y87.824
G1 X106.600 Y87.952
G1 X106.432 Y88.279
G0 Z5.000 F500.000
G0 X110.177 Y88.639 F3000.000
G1 Z1.000 F500.000
G4 P100
G1 X110.224 Y89.029 F1000.000
G1 X110.578 Y89.719
G1 X111.172 Y90.135
G1 X111.507 Y90.189
G1 X111.655 Y90.147
G1 X111.717 Y89.994
G1 X112.121 Y89.971
G1 X112.182 Y89.839
G1 X111.992 Y88.539
G1 X112.030 Y88.419
G1 X112.127 Y88.374
G1 X112.357 Y88.497
G1 X112.857 Y88.964
G1 X112.960 Y88.904
G1 X112.997 Y88.739
G1 X112.902 Y88.429
G1 X112.467 Y87.999
G1 X112.022 Y87.824
G1 X111.720 Y87.937
G1 X111.512 Y88.244
G1 X111.219 Y87.929
G1 X110.857 Y87.824
G1 X110.579 Y87.881
G1 X110.362 Y88.049
G1 X110.224 Y88.309
G1 X110.177 Y88.639
G0 Z5.000 F500.000
G0 X110.865 Y88.404 F3000.000
G1 Z1.000 F500.000
G4 P100
G1 X111.037 Y88.329 F1000.000
G1 X111.247 Y88.459
G1 X111.392 Y88.804
G1 X111.577 Y89.724
G1 X111.190 Y89.567
G1 X110.907 Y89.164
G1 X110.802 Y88.634
G1 X110.865 Y88.404
G0 Z5.000 F500.000
G0 X112.410 Y89.759 F3000.000
G1 Z1.000 F500.000
G4 P100
G1 X112.357 Y89.934 F1000.000
G1 X112.414 Y90.144
G1 X112.867 Y90.214
G1 X113.127 Y91.219
G1 X113.550 Y91.944
G1 X113.807 Y92.147
G1 X114.082 Y92.214
G1 X114.270 Y92.168
G1 X114.412 Y92.029
G1 X114.532 Y91.564
G1 X114.492 Y91.189
G1 X114.370 Y90.839
G1 X113.882 Y90.214
G1 X114.557 Y90.179
G1 X114.557 Y89.898
G1 X114.451 Y89.791
G1 X114.027 Y89.704
G1 X113.417 Y89.704
G1 X113.438 Y88.872
G1 X113.530 Y88.584
G1 X113.688 Y88.427
G1 X113.917 Y88.374
G1 X114.297 Y88.504
G1 X114.822 Y88.964
G1 X114.925 Y88.904
G1 X114.962 Y88.739
G1 X114.867 Y88.429
G1 X114.397 Y87.994
G1 X114.124 Y87.867
G1 X113.812 Y87.824
G1 X113.366 Y87.914
G1 X113.047 Y88.183
G1 X112.856 Y88.631
G1 X112.807 Y89.704
G1 X112.410 Y89.759
G0 Z5.000 F500.000
G0 X113.467 Y90.289 F3000.000
G1 Z1.000 F500.000
G4 P100
G1 X113.910 Y90.862 F1000.000
G1 X114.057 Y91.439
G1 X114.030 Y91.661
G1 X113.947 Y91.734
G1 X113.780 Y91.547
G1 X113.605 Y91.027
G1 X113.467 Y90.289
G0 Z5.000 F500.000
G0 X114.792 Y90.879 F3000.000
G1 Z1.000 F500.000
G4 P100
G1 X114.930 Y91.172 F1000.000
G1 X115.272 Y91.289
G1 X115.572 Y91.199
G1 X115.687 Y90.944
G1 X115.557 Y90.627
G1 X115.212 Y90.509
G1 X114.897 Y90.607
G1 X114.792 Y90.879
G0 Z5.000 F500.000
G0 X115.117 Y90.179 F3000.000
G1 Z1.000 F500.000
G4 P100
G1 X115.309 Y90.137 F1000.000
G1 X115.372 Y90.009
G1 X115.157 Y88.684
G1 X115.197 Y88.454
G1 X115.332 Y88.374
G1 X115.557 Y88.499
G1 X116.052 Y88.964
G1 X116.155 Y88.904
G1 X116.192 Y88.739
G1 X116.097 Y88.429
G1 X115.619 Y87.976
G1 X115.172 Y87.824
G1 X114.892 Y87.882
G1 X114.700 Y88.054
G1 X114.552 Y88.664
G1 X114.757 Y89.899
G1 X114.877 Y90.119
G1 X115.117 Y90.179
G0 Z5.000 F500.000
G0 X115.982 Y89.899 F3000.000
G1 Z1.000 F500.000
G4 P100
G1 X116.130 Y90.112 F1000.000
G1 X116.557 Y90.154
G1 X116.597 Y90.059
G1 X116.392 Y88.979
G1 X116.762 Y89.679
G1 X117.165 Y90.064
G1 X117.527 Y90.179
G1 X117.771 Y90.098
G1 X117.852 Y89.854
G1 X117.647 Y88.574
G1 X117.684 Y88.424
G1 X117.792 Y88.374
G1 X118.030 Y88.497
G1 X118.532 Y88.964
G1 X118.635 Y88.904
G1 X118.672 Y88.739
G1 X118.577 Y88.429
G1 X118.115 Y87.994
G1 X117.850 Y87.867
G1 X117.329 Y87.861
G1 X117.070 Y88.152
G1 X117.037 Y88.399
G1 X117.172 Y89.334
G1 X117.117 Y89.414
G1 X116.935 Y89.247
G1 X116.695 Y88.804
G1 X116.370 Y87.907
G1 X116.142 Y87.824
G1 X115.980 Y87.874
G1 X115.875 Y88.024
G1 X115.797 Y88.664
G1 X115.982 Y89.899
G0 Z5.000 F500.000
G0 X119.767 Y89.249 F3000.000
G1 Z1.000 F500.000
G4 P100
G1 X119.850 Y89.474 F1000.000
G1 X120.072 Y89.574
G1 X120.887 Y89.574
G1 X120.997 Y90.489
G1 X121.102 Y90.684
G1 X121.307 Y90.754
G1 X121.502 Y90.684
G1 X121.567 Y90.489
G1 X121.457 Y89.574
G1 X122.272 Y89.574
G1 X122.447 Y89.504
G1 X122.507 Y89.334
G1 X122.425 Y89.107
G1 X122.202 Y89.004
G1 X121.382 Y89.004
G1 X121.272 Y88.089
G1 X121.160 Y87.889
G1 X120.947 Y87.819
G1 X120.760 Y87.889
G1 X120.702 Y88.089
G1 X120.812 Y89.004
G1 X120.002 Y89.004
G1 X119.827 Y89.077
G1 X119.767 Y89.249
G0 Z5.000 F500.000
G0 X124.352 Y88.644 F3000.000
G1 Z1.000 F500.000
G4 P100
G1 X124.395 Y89.030 F1000.000
G1 X124.724 Y89.698
G1 X125.305 Y90.120
G1 X125.657 Y90.204
G1 X125.795 Y91.104
G1 X126.020 Y91.862
G1 X126.329 Y92.377
G1 X126.515 Y92.506
G1 X126.919 Y92.501
G1 X127.080 Y92.354
G1 X127.187 Y92.109
G1 X127.154 Y91.157
G1 X126.947 Y90.454
G1 X126.212 Y88.914
G1 X126.300 Y88.499
G1 X126.472 Y88.374
G1 X126.747 Y88.494
G1 X127.257 Y88.964
G1 X127.360 Y88.904
G1 X127.397 Y88.739
G1 X127.302 Y88.429
G1 X126.609 Y87.869
G1 X126.367 Y87.824
G1 X126.032 Y87.936
G1 X125.787 Y88.269
G1 X125.420 Y87.914
G1 X125.052 Y87.824
G1 X124.774 Y87.881
G1 X124.550 Y88.052
G1 X124.402 Y88.314
G1 X124.352 Y88.644
G0 Z5.000 F500.000
G0 X125.040 Y88.421 F3000.000
G1 Z1.000 F500.000
G4 P100
G1 X125.227 Y88.329 F1000.000
G1 X125.417 Y88.407
G1 X125.657 Y88.694
G1 X125.617 Y89.689
G1 X125.365 Y89.555
G1 X125.023 Y89.024
G1 X124.977 Y88.694
G1 X125.040 Y88.421
G0 Z5.000 F500.000
G0 X126.217 Y89.699 F3000.000
G1 Z1.000 F500.000
G4 P100
G1 X126.637 Y90.799 F1000.000
G1 X126.777 Y91.659
G1 X126.667 Y92.059
G1 X126.477 Y91.722
G1 X126.217 Y89.699
G0 Z5.000 F500.000
G0 X127.227 Y90.879 F3000.000
G1 Z1.000 F500.000
G4 P100
G1 X127.365 Y91.172 F1000.000
G1 X127.707 Y91.289
G1 X128.007 Y91.199
G1 X128.122 Y90.944
G1 X127.992 Y90.627
G1 X127.647 Y90.509
G1 X127.332 Y90.607
G1 X127.227 Y90.879
G0 Z5.000 F500.000
G0 X127.552 Y90.179 F3000.000
G1 Z1.000 F500.000
G4 P100
G1 X127.744 Y90.137 F1000.000
G1 X127.807 Y90.009
G1 X127.592 Y88.684
G1 X127.632 Y88.454
G1 X127.767 Y88.374
G1 X127.992 Y88.499
G1 X128.487 Y88.964
G1 X128.590 Y88.904
G1 X128.627 Y88.739
G1 X128.532 Y88.429
G1 X128.054 Y87.976
G1 X127.607 Y87.824
G1 X127.327 Y87.882
G1 X127.135 Y88.054
G1 X126.987 Y88.664
G1 X127.192 Y89.899
G1 X127.312 Y90.119
G1 X127.552 Y90.179
G0 Z5.000 F500.000
G0 X128.342 Y89.397 F3000.000
G1 Z1.000 F500.000
G4 P100
G1 X128.835 Y89.972 F1000.000
G1 X129.152 Y90.135
G1 X129.487 Y90.189
G1 X129.635 Y90.147
G1 X129.697 Y89.994
G1 X130.095 Y89.977
G1 X130.147 Y89.829
G1 X129.927 Y88.384
G1 X130.667 Y88.914
G1 X130.782 Y88.954
G1 X130.885 Y88.892
G1 X130.922 Y88.734
G1 X130.777 Y88.439
G1 X129.827 Y87.794
G1 X129.608 Y86.870
G1 X129.330 Y86.167
G1 X128.980 Y85.722
G1 X128.547 Y85.574
G1 X128.316 Y85.614
G1 X128.012 Y85.914
G1 X127.972 Y86.144
G1 X128.042 Y86.512
G1 X128.252 Y86.907
G1 X128.655 Y87.361
G1 X129.302 Y87.909
G1 X129.332 Y88.104
G1 X129.110 Y87.897
G1 X128.837 Y87.824
G1 X128.559 Y87.881
G1 X128.342 Y88.049
G1 X128.204 Y88.309
G1 X128.157 Y88.639
G1 X128.342 Y89.397
G0 Z5.000 F500.000
G0 X128.887 Y89.164 F3000.000
G1 Z1.000 F500.000
G4 P100
G1 X128.782 Y88.634 F1000.000
G1 X128.845 Y88.404
G1 X129.017 Y88.329
G1 X129.237 Y88.469
G1 X129.547 Y89.724
G1 X129.167 Y89.567
G1 X128.887 Y89.164
G0 Z5.000 F500.000
G0 X129.187 Y87.314 F3000.000
G1 Z1.000 F500.000
G4 P100
G1 X128.632 Y86.719 F1000.000
G1 X128.462 Y86.254
G1 X128.495 Y86.114
G1 X128.602 Y86.059
G1 X128.735 Y86.134
G1 X128.885 Y86.359
G1 X129.187 Y87.314
G0 Z5.000 F500.000
G0 X130.760 Y88.054 F3000.000
G1 Z1.000 F500.000
G4 P100
G1 X130.612 Y88.664 F1000.000
G1 X130.817 Y89.899
G1 X130.937 Y90.119
G1 X131.177 Y90.179
G1 X131.369 Y90.137
G1 X131.432 Y90.009
G1 X131.217 Y88.684
G1 X131.257 Y88.454
G1 X131.392 Y88.374
G1 X131.617 Y88.499
G1 X132.112 Y88.964
G1 X132.215 Y88.904
G1 X132.252 Y88.739
G1 X132.157 Y88.429
G1 X131.679 Y87.976
G1 X131.232 Y87.824
G1 X130.952 Y87.882
G1 X130.760 Y88.054
G0 Z5.000 F500.000
G0 X131.272 Y90.509 F3000.000
G1 Z1.000 F500.000
G4 P100
G1 X130.957 Y90.607 F1000.000
G1 X130.852 Y90.879
G1 X130.990 Y91.172
G1 X131.332 Y91.289
G1 X131.632 Y91.199
G1 X131.747 Y90.944
G1 X131.617 Y90.627
G1 X131.272 Y90.509
G0 Z5.000 F500.000
G0 X131.837 Y90.214 F3000.000
G1 Z1.000 F500.000
G4 P100
G1 X132.122 Y90.214 F1000.000
G1 X132.382 Y91.219
G1 X132.805 Y91.944
G1 X133.062 Y92.147
G1 X133.337 Y92.214
G1 X133.525 Y92.168
G1 X133.667 Y92.029
G1 X133.787 Y91.564
G1 X133.747 Y91.189
G1 X133.625 Y90.839
G1 X133.137 Y90.214
G1 X133.812 Y90.179
G1 X133.812 Y89.898
G1 X133.706 Y89.791
G1 X133.282 Y89.704
G1 X132.672 Y89.704
G1 X132.693 Y88.872
G1 X132.785 Y88.584
G1 X132.943 Y88.427
G1 X133.172 Y88.374
G1 X133.552 Y88.504
G1 X134.077 Y88.964
G1 X134.180 Y88.904
G1 X134.217 Y88.739
G1 X134.122 Y88.429
G1 X133.652 Y87.994
G1 X133.379 Y87.867
G1 X133.067 Y87.824
G1 X132.621 Y87.914
G1 X132.302 Y88.183
G1 X132.111 Y88.631
G1 X132.062 Y89.704
G1 X131.665 Y89.759
G1 X131.612 Y89.934
G1 X131.669 Y90.144
G1 X131.837 Y90.214
G0 Z5.000 F500.000
G0 X132.722 Y90.289 F3000.000
G1 Z1.000 F500.000
G4 P100
G1 X133.165 Y90.862 F1000.000
G1 X133.312 Y91.439
G1 X133.285 Y91.661
G1 X133.202 Y91.734
G1 X133.035 Y91.547
G1 X132.860 Y91.027
G1 X132.722 Y90.289
G0 Z5.000 F500.000
G0 X134.492 Y90.014 F3000.000
G1 Z1.000 F500.000
G4 P100
G1 X134.639 Y90.179 F1000.000
G1 X134.887 Y90.234
G1 X135.082 Y90.209
G1 X135.137 Y90.129
G1 X134.972 Y89.599
G1 X135.430 Y88.852
G1 X135.502 Y88.389
G1 X136.077 Y88.894
G1 X136.212 Y88.964
G1 X136.315 Y88.904
G1 X136.352 Y88.739
G1 X136.257 Y88.429
G1 X135.780 Y88.007
G1 X134.742 Y87.714
G1 X134.345 Y87.834
G1 X134.207 Y88.104
G1 X134.302 Y88.329
G1 X134.582 Y88.424
G1 X134.867 Y88.394
G1 X134.810 Y88.639
G1 X134.527 Y89.049
G1 X133.887 Y88.189
G1 X133.697 Y88.099
G1 X133.567 Y88.157
G1 X133.517 Y88.299
G1 X133.587 Y88.484
G1 X134.067 Y89.124
G1 X134.492 Y90.014
G0 Z5.000 F500.000
G0 X137.447 Y89.249 F3000.000
G1 Z1.000 F500.000
G4 P100
G1 X137.530 Y89.474 F1000.000
G1 X137.752 Y89.574
G1 X138.567 Y89.574
G1 X138.677 Y90.489
G1 X138.782 Y90.684
G1 X138.987 Y90.754
G1 X139.182 Y90.684
G1 X139.247 Y90.489
G1 X139.137 Y89.574
G1 X139.952 Y89.574
G1 X140.127 Y89.504
G1 X140.187 Y89.334
G1 X140.105 Y89.107
G1 X139.882 Y89.004
G1 X139.062 Y89.004
G1 X138.952 Y88.089
G1 X138.840 Y87.889
G1 X138.627 Y87.819
G1 X138.440 Y87.889
G1 X138.382 Y88.089
G1 X138.492 Y89.004
G1 X137.682 Y89.004
G1 X137.507 Y89.077
G1 X137.447 Y89.249
G0 Z5.000 F500.000
G0 X87.877 Y78.642 F3000.000
G1 Z1.000 F500.000
G4 P100
G1 X87.782 Y78.332 F1000.000
G1 X87.320 Y77.897
G1 X87.055 Y77.770
G1 X86.517 Y77.775
G1 X86.327 Y77.917
G1 X85.732 Y77.727
G1 X85.626 Y76.842
G1 X85.437 Y76.115
G1 X85.154 Y75.629
G1 X84.762 Y75.467
G1 X84.527 Y75.516
G1 X84.362 Y75.662
G1 X84.232 Y76.202
G1 X84.289 Y76.733
G1 X84.744 Y78.030
G1 X85.152 Y78.782
G1 X85.142 Y79.797
G1 X85.257 Y80.027
G1 X85.557 Y80.112
G1 X85.710 Y80.070
G1 X85.767 Y79.717
G1 X86.082 Y80.005
G1 X86.412 Y80.092
G1 X86.667 Y80.036
G1 X86.870 Y79.867
G1 X87.003 Y79.607
G1 X87.047 Y79.277
G1 X86.962 Y78.762
G1 X86.727 Y78.307
G1 X86.902 Y78.277
G1 X87.217 Y78.397
G1 X87.737 Y78.867
G1 X87.840 Y78.807
G1 X87.877 Y78.642
G0 Z5.000 F500.000
G0 X86.422 Y79.282 F3000.000
G1 Z1.000 F500.000
G4 P100
G1 X86.362 Y79.510 F1000.000
G1 X86.202 Y79.587
G1 X86.004 Y79.492
G1 X85.767 Y79.207
G1 X85.757 Y78.207
G1 X86.090 Y78.405
G1 X86.332 Y78.795
G1 X86.422 Y79.282
G0 Z5.000 F500.000
G0 X85.142 Y78.007 F3000.000
G1 Z1.000 F500.000
G4 P100
G1 X84.802 Y77.052 F1000.000
G1 X84.677 Y76.287
G1 X84.715 Y76.042
G1 X84.802 Y75.957
G1 X84.926 Y76.104
G1 X85.027 Y76.545
G1 X85.142 Y78.007
G0 Z5.000 F500.000
G0 X87.615 Y77.935 F3000.000
G1 Z1.000 F500.000
G4 P100
G1 X87.472 Y78.452 F1000.000
G1 X87.522 Y79.140
G1 X87.687 Y79.802
G1 X87.827 Y80.017
G1 X88.112 Y80.082
G1 X88.265 Y80.047
G1 X88.307 Y79.942
G1 X88.072 Y78.637
G1 X88.177 Y78.447
G1 X88.365 Y78.597
G1 X88.605 Y79.052
G1 X88.975 Y80.017
G1 X89.382 Y80.055
G1 X89.427 Y79.952
G1 X89.162 Y78.477
G1 X89.202 Y78.330
G1 X89.307 Y78.277
G1 X89.545 Y78.400
G1 X90.047 Y78.867
G1 X90.150 Y78.807
G1 X90.187 Y78.642
G1 X90.092 Y78.332
G1 X89.630 Y77.897
G1 X89.365 Y77.770
G1 X88.859 Y77.774
G1 X88.715 Y77.912
G1 X88.602 Y78.432
G1 X88.347 Y77.910
G1 X88.171 Y77.773
G1 X87.778 Y77.779
G1 X87.615 Y77.935
G0 Z5.000 F500.000
G0 X89.870 Y77.927 F3000.000
G1 Z1.000 F500.000
G4 P100
G1 X89.792 Y78.567 F1000.000
G1 X89.839 Y79.201
G1 X89.977 Y79.802
G1 X90.125 Y80.015
G1 X90.412 Y80.082
G1 X90.552 Y80.057
G1 X90.592 Y79.962
G1 X90.387 Y78.882
G1 X90.757 Y79.582
G1 X91.160 Y79.967
G1 X91.522 Y80.082
G1 X91.766 Y80.001
G1 X91.847 Y79.757
G1 X91.642 Y78.477
G1 X91.679 Y78.327
G1 X91.787 Y78.277
G1 X92.025 Y78.400
G1 X92.527 Y78.867
G1 X92.630 Y78.807
G1 X92.667 Y78.642
G1 X92.572 Y78.332
G1 X92.110 Y77.897
G1 X91.845 Y77.770
G1 X91.324 Y77.764
G1 X91.065 Y78.055
G1 X91.032 Y78.302
G1 X91.167 Y79.237
G1 X91.112 Y79.317
G1 X90.930 Y79.150
G1 X90.690 Y78.707
G1 X90.365 Y77.810
G1 X90.137 Y77.727
G1 X89.975 Y77.777
G1 X89.870 Y77.927
G0 Z5.000 F500.000
G0 X92.250 Y78.327 F3000.000
G1 Z1.000 F500.000
G4 P100
G1 X92.182 Y78.737 F1000.000
G1 X92.342 Y79.447
G1 X92.757 Y79.917
G1 X93.292 Y80.082
G1 X93.720 Y79.920
G1 X93.872 Y79.502
G1 X93.780 Y79.147
G1 X93.537 Y79.002
G1 X93.385 Y79.047
G1 X93.327 Y79.172
G1 X93.345 Y79.557
G1 X93.252 Y79.592
G1 X93.037 Y79.490
G1 X92.877 Y79.212
G1 X92.817 Y78.827
G1 X92.944 Y78.392
G1 X93.322 Y78.247
G1 X93.765 Y78.385
G1 X94.367 Y78.867
G1 X94.470 Y78.807
G1 X94.507 Y78.642
G1 X94.412 Y78.332
G1 X94.154 Y78.075
G1 X93.850 Y77.885
G1 X93.217 Y77.727
G1 X92.782 Y77.797
G1 X92.455 Y78.005
G1 X92.250 Y78.327
G0 Z5.000 F500.000
G0 X94.366 Y78.534 F3000.000
G1 Z1.000 F500.000
G4 P100
G1 X94.317 Y79.607 F1000.000
G1 X93.920 Y79.662
G1 X93.867 Y79.837
G1 X93.924 Y80.047
G1 X94.377 Y80.117
G1 X94.637 Y81.122
G1 X95.060 Y81.847
G1 X95.317 Y82.050
G1 X95.592 Y82.117
G1 X95.780 Y82.071
G1 X95.922 Y81.932
G1 X96.042 Y81.467
G1 X96.002 Y81.092
G1 X95.880 Y80.742
G1 X95.392 Y80.117
G1 X96.067 Y80.082
G1 X96.067 Y79.801
G1 X95.961 Y79.694
G1 X95.537 Y79.607
G1 X94.927 Y79.607
G1 X94.948 Y78.775
G1 X95.040 Y78.487
G1 X95.198 Y78.330
G1 X95.427 Y78.277
G1 X95.807 Y78.407
G1 X96.332 Y78.867
G1 X96.435 Y78.807
G1 X96.472 Y78.642
G1 X96.377 Y78.332
G1 X95.907 Y77.897
G1 X95.322 Y77.727
G1 X94.876 Y77.817
G1 X94.557 Y78.086
G1 X94.366 Y78.534
G0 Z5.000 F500.000
G0 X94.977 Y80.192 F3000.000
G1 Z1.000 F500.000
G4 P100
G1 X95.420 Y80.765 F1000.000
G1 X95.567 Y81.342
G1 X95.540 Y81.564
G1 X95.457 Y81.637
G1 X95.290 Y81.450
G1 X95.115 Y80.930
G1 X94.977 Y80.192
G0 Z5.000 F500.000
G0 X96.422 Y80.017 F3000.000
G1 Z1.000 F500.000
G4 P100
G1 X96.707 Y80.082 F1000.000
G1 X96.860 Y80.047
G1 X96.902 Y79.942
G1 X96.692 Y78.490
G1 X96.772 Y78.447
G1 X96.960 Y78.597
G1 X97.570 Y80.017
G1 X97.817 Y80.082
G1 X97.977 Y80.055
G1 X98.022 Y79.952
G1 X97.757 Y78.477
G1 X97.797 Y78.330
G1 X97.902 Y78.277
G1 X98.140 Y78.400
G1 X98.642 Y78.867
G1 X98.745 Y78.807
G1 X98.782 Y78.642
G1 X98.687 Y78.332
G1 X98.225 Y77.897
G1 X97.662 Y77.727
G1 X97.454 Y77.774
G1 X97.310 Y77.912
G1 X97.197 Y78.432
G1 X96.942 Y77.910
G1 X96.577 Y77.727
G1 X96.373 Y77.779
G1 X96.103 Y78.168
G1 X96.067 Y78.452
G1 X96.117 Y79.140
G1 X96.282 Y79.802
G1 X96.422 Y80.017
G0 Z5.000 F500.000
G0 X98.359 Y78.932 F3000.000
G1 Z1.000 F500.000
G4 P100
G1 X98.713 Y79.622 F1000.000
G1 X98.990 Y79.875
G1 X99.307 Y80.038
G1 X99.642 Y80.092
G1 X99.790 Y80.050
G1 X99.852 Y79.897
G1 X100.256 Y79.874
G1 X100.317 Y79.742
G1 X100.127 Y78.442
G1 X100.165 Y78.322
G1 X100.262 Y78.277
G1 X100.492 Y78.400
G1 X100.992 Y78.867
G1 X101.095 Y78.807
G1 X101.132 Y78.642
G1 X101.037 Y78.332
G1 X100.602 Y77.902
G1 X100.157 Y77.727
G1 X99.855 Y77.840
G1 X99.647 Y78.147
G1 X99.354 Y77.832
G1 X98.992 Y77.727
G1 X98.714 Y77.784
G1 X98.497 Y77.952
G1 X98.359 Y78.212
G1 X98.359 Y78.932
G0 Z5.000 F500.000
G0 X98.937 Y78.537 F3000.000
G1 Z1.000 F500.000
G4 P100
G1 X99.000 Y78.307 F1000.000
G1 X99.172 Y78.232
G1 X99.382 Y78.362
G1 X99.527 Y78.707
G1 X99.712 Y79.627
G1 X99.325 Y79.470
G1 X99.042 Y79.067
G1 X98.937 Y78.537
G0 Z5.000 F500.000
G0 X100.545 Y79.662 F3000.000
G1 Z1.000 F500.000
G4 P100
G1 X100.492 Y79.837 F1000.000
G1 X100.549 Y80.047
G1 X101.002 Y80.117
G1 X101.262 Y81.122
G1 X101.685 Y81.847
G1 X101.942 Y82.050
G1 X102.217 Y82.117
G1 X102.405 Y82.071
G1 X102.547 Y81.932
G1 X102.667 Y81.467
G1 X102.627 Y81.092
G1 X102.505 Y80.742
G1 X102.017 Y80.117
G1 X102.692 Y80.082
G1 X102.692 Y79.801
G1 X102.586 Y79.694
G1 X102.162 Y79.607
G1 X101.552 Y79.607
G1 X101.573 Y78.775
G1 X101.665 Y78.487
G1 X101.823 Y78.330
G1 X102.052 Y78.277
G1 X102.432 Y78.407
G1 X102.957 Y78.867
G1 X103.060 Y78.807
G1 X103.097 Y78.642
G1 X103.002 Y78.332
G1 X102.532 Y77.897
G1 X102.259 Y77.770
G1 X101.947 Y77.727
G1 X101.501 Y77.817
G1 X101.182 Y78.086
G1 X100.991 Y78.534
G1 X100.942 Y79.607
G1 X100.545 Y79.662
G0 Z5.000 F500.000
G0 X101.602 Y80.192 F3000.000
G1 Z1.000 F500.000
G4 P100
G1 X102.045 Y80.765 F1000.000
G1 X102.192 Y81.342
G1 X102.165 Y81.564
G1 X102.082 Y81.637
G1 X101.915 Y81.450
G1 X101.740 Y80.930
G1 X101.602 Y80.192
G0 Z5.000 F500.000
G0 X102.927 Y80.782 F3000.000
G1 Z1.000 F500.000
G4 P100
G1 X103.065 Y81.075 F1000.000
G1 X103.407 Y81.192
G1 X103.707 Y81.102
G1 X103.822 Y80.847
G1 X103.692 Y80.530
G1 X103.347 Y80.412
G1 X103.032 Y80.510
G1 X102.927 Y80.782
G0 Z5.000 F500.000
G0 X103.252 Y80.082 F3000.000
G1 Z1.000 F500.000
G4 P100
G1 X103.444 Y80.040 F1000.000
G1 X103.507 Y79.912
G1 X103.292 Y78.587
G1 X103.332 Y78.357
G1 X103.467 Y78.277
G1 X103.692 Y78.402
G1 X104.187 Y78.867
G1 X104.290 Y78.807
G1 X104.327 Y78.642
G1 X104.232 Y78.332
G1 X103.754 Y77.879
G1 X103.307 Y77.727
G1 X103.027 Y77.785
G1 X102.835 Y77.957
G1 X102.687 Y78.567
G1 X102.892 Y79.802
G1 X103.012 Y80.022
G1 X103.252 Y80.082
G0 Z5.000 F500.000
G0 X103.992 Y79.455 F3000.000
G1 Z1.000 F500.000
G4 P100
G1 X104.165 Y79.720 F1000.000
G1 X104.661 Y80.045
G1 X104.957 Y80.087
G1 X105.300 Y80.022
G1 X105.570 Y79.825
G1 X105.754 Y79.532
G1 X105.842 Y79.177
G1 X106.472 Y79.287
G1 X106.572 Y79.222
G1 X106.571 Y78.866
G1 X106.462 Y78.772
G1 X105.802 Y78.652
G1 X105.661 Y78.274
G1 X105.427 Y77.980
G1 X105.129 Y77.790
G1 X104.514 Y77.764
G1 X104.280 Y77.872
G1 X103.957 Y78.257
G1 X103.847 Y78.777
G1 X103.992 Y79.455
G0 Z5.000 F500.000
G0 X104.472 Y78.822 F3000.000
G1 Z1.000 F500.000
G4 P100
G1 X104.580 Y78.402 F1000.000
G1 X104.832 Y78.257
G1 X105.110 Y78.387
G1 X105.267 Y78.762
G1 X105.030 Y79.037
G1 X104.962 Y79.557
G1 X104.760 Y79.509
G1 X104.605 Y79.365
G1 X104.472 Y78.822
G0 Z5.000 F500.000
G0 X106.234 Y79.201 F3000.000
G1 Z1.000 F500.000
G4 P100
G1 X106.372 Y79.802 F1000.000
G1 X106.520 Y80.015
G1 X106.807 Y80.082
G1 X106.947 Y80.057
G1 X106.987 Y79.962
G1 X106.782 Y78.882
G1 X107.152 Y79.582
G1 X107.555 Y79.967
G1 X107.917 Y80.082
G1 X108.161 Y80.001
G1 X108.242 Y79.757
G1 X108.037 Y78.477
G1 X108.074 Y78.327
G1 X108.182 Y78.277
G1 X108.420 Y78.400
G1 X108.922 Y78.867
G1 X109.025 Y78.807
G1 X109.062 Y78.642
G1 X108.967 Y78.332
G1 X108.505 Y77.897
G1 X108.240 Y77.770
G1 X107.719 Y77.764
G1 X107.460 Y78.055
G1 X107.427 Y78.302
G1 X107.562 Y79.237
G1 X107.507 Y79.317
G1 X107.325 Y79.150
G1 X107.085 Y78.707
G1 X106.760 Y77.810
G1 X106.532 Y77.727
G1 X106.370 Y77.777
G1 X106.265 Y77.927
G1 X106.187 Y78.567
G1 X106.234 Y79.201
G0 Z5.000 F500.000
G0 X108.622 Y78.137 F3000.000
G1 Z1.000 F500.000
G4 P100
G1 X108.740 Y78.522 F1000.000
G1 X109.042 Y78.657
G1 X109.315 Y78.560
G1 X109.407 Y78.297
G1 X109.302 Y77.832
G1 X108.890 Y77.022
G1 X108.737 Y76.962
G1 X108.562 Y77.012
G1 X108.497 Y77.172
G1 X108.622 Y78.137
G0 Z5.000 F500.000
G0 X109.177 Y79.152 F3000.000
G1 Z1.000 F500.000
G4 P100
G1 X108.845 Y79.272 F1000.000
G1 X108.732 Y79.587
G1 X108.860 Y79.947
G1 X109.217 Y80.082
G1 X109.550 Y79.975
G1 X109.662 Y79.657
G1 X109.532 Y79.290
G1 X109.177 Y79.152
G0 Z5.000 F500.000
G0 X111.302 Y79.162 F3000.000
G1 Z1.000 F500.000
G4 P100
G1 X111.460 Y80.552 F1000.000
G1 X111.655 Y81.277
G1 X111.925 Y81.892
G1 X112.262 Y82.312
G1 X112.657 Y82.452
G1 X112.872 Y82.397
G1 X113.035 Y82.230
G1 X113.138 Y81.959
G1 X113.172 Y81.592
G1 X113.090 Y80.950
G1 X112.842 Y80.212
G1 X112.454 Y79.431
G1 X111.947 Y78.657
G1 X112.062 Y78.365
G1 X112.272 Y78.277
G1 X112.632 Y78.395
G1 X113.162 Y78.867
G1 X113.265 Y78.807
G1 X113.302 Y78.642
G1 X113.207 Y78.332
G1 X112.740 Y77.897
G1 X112.470 Y77.770
G1 X112.167 Y77.727
G1 X111.784 Y77.827
G1 X111.515 Y78.127
G1 X111.355 Y78.586
G1 X111.302 Y79.162
G0 Z5.000 F500.000
G0 X111.912 Y79.332 F3000.000
G1 Z1.000 F500.000
G4 P100
G1 X112.477 Y80.505 F1000.000
G1 X112.635 Y81.067
G1 X112.687 Y81.577
G1 X112.652 Y81.862
G1 X112.547 Y81.957
G1 X112.287 Y81.542
G1 X112.032 Y80.512
G1 X111.912 Y79.332
G0 Z5.000 F500.000
G0 X113.140 Y79.720 F3000.000
G1 Z1.000 F500.000
G4 P100
G1 X113.636 Y80.045 F1000.000
G1 X113.932 Y80.087
G1 X114.275 Y80.022
G1 X114.545 Y79.825
G1 X114.729 Y79.532
G1 X114.817 Y79.177
G1 X115.447 Y79.287
G1 X115.547 Y79.222
G1 X115.546 Y78.866
G1 X115.437 Y78.772
G1 X114.777 Y78.652
G1 X114.636 Y78.274
G1 X114.402 Y77.980
G1 X114.104 Y77.790
G1 X113.489 Y77.764
G1 X113.255 Y77.872
G1 X112.932 Y78.257
G1 X112.822 Y78.777
G1 X112.967 Y79.455
G1 X113.140 Y79.720
G0 Z5.000 F500.000
G0 X113.480 Y79.133 F3000.000
G1 Z1.000 F500.000
G4 P100
G1 X113.447 Y78.822 F1000.000
G1 X113.555 Y78.402
G1 X113.807 Y78.257
G1 X114.085 Y78.387
G1 X114.242 Y78.762
G1 X114.005 Y79.037
G1 X113.937 Y79.557
G1 X113.735 Y79.509
G1 X113.580 Y79.365
G1 X113.480 Y79.133
G0 Z5.000 F500.000
G0 X115.209 Y79.201 F3000.000
G1 Z1.000 F500.000
G4 P100
G1 X115.347 Y79.802 F1000.000
G1 X115.495 Y80.015
G1 X115.782 Y80.082
G1 X115.922 Y80.057
G1 X115.962 Y79.962
G1 X115.757 Y78.882
G1 X116.127 Y79.582
G1 X116.530 Y79.967
G1 X116.892 Y80.082
G1 X117.136 Y80.001
G1 X117.217 Y79.757
G1 X117.012 Y78.477
G1 X117.049 Y78.327
G1 X117.157 Y78.277
G1 X117.395 Y78.400
G1 X117.897 Y78.867
G1 X118.000 Y78.807
G1 X118.037 Y78.642
G1 X117.942 Y78.332
G1 X117.480 Y77.897
G1 X117.215 Y77.770
G1 X116.694 Y77.764
G1 X116.435 Y78.055
G1 X116.402 Y78.302
G1 X116.537 Y79.237
G1 X116.482 Y79.317
G1 X116.300 Y79.150
G1 X116.060 Y78.707
G1 X115.735 Y77.810
G1 X115.507 Y77.727
G1 X115.345 Y77.777
G1 X115.240 Y77.927
G1 X115.162 Y78.567
G1 X115.209 Y79.201
G0 Z5.000 F500.000
G0 X117.567 Y78.542 F3000.000
G1 Z1.000 F500.000
G4 P100
G1 X117.614 Y78.932 F1000.000
G1 X117.968 Y79.622
G1 X118.562 Y80.038
G1 X118.897 Y80.092
G1 X119.045 Y80.050
G1 X119.107 Y79.897
G1 X119.505 Y79.880
G1 X119.557 Y79.732
G1 X119.337 Y78.287
G1 X120.077 Y78.817
G1 X120.192 Y78.857
G1 X120.295 Y78.795
G1 X120.332 Y78.637
G1 X120.187 Y78.342
G1 X119.237 Y77.697
G1 X119.018 Y76.773
G1 X118.740 Y76.070
G1 X118.390 Y75.625
G1 X117.957 Y75.477
G1 X117.726 Y75.517
G1 X117.422 Y75.817
G1 X117.382 Y76.047
G1 X117.452 Y76.415
G1 X117.662 Y76.810
G1 X118.065 Y77.264
G1 X118.712 Y77.812
G1 X118.742 Y78.007
G1 X118.520 Y77.800
G1 X118.247 Y77.727
G1 X117.969 Y77.784
G1 X117.752 Y77.952
G1 X117.614 Y78.212
G1 X117.567 Y78.542
G0 Z5.000 F500.000
G0 X118.255 Y78.307 F3000.000
G1 Z1.000 F500.000
G4 P100
G1 X118.427 Y78.232 F1000.000
G1 X118.647 Y78.372
G1 X118.957 Y79.627
G1 X118.577 Y79.470
G1 X118.297 Y79.067
G1 X118.192 Y78.537
G1 X118.255 Y78.307
G0 Z5.000 F500.000
G0 X118.597 Y77.217 F3000.000
G1 Z1.000 F500.000
G4 P100
G1 X118.042 Y76.622 F1000.000
G1 X117.872 Y76.157
G1 X117.905 Y76.017
G1 X118.012 Y75.962
G1 X118.145 Y76.037
G1 X118.295 Y76.262
G1 X118.597 Y77.217
G0 Z5.000 F500.000
G0 X121.600 Y78.127 F3000.000
G1 Z1.000 F500.000
G4 P100
G1 X121.440 Y78.586 F1000.000
G1 X121.387 Y79.162
G1 X121.545 Y80.552
G1 X121.740 Y81.277
G1 X122.010 Y81.892
G1 X122.347 Y82.312
G1 X122.742 Y82.452
G1 X122.957 Y82.397
G1 X123.120 Y82.230
G1 X123.223 Y81.959
G1 X123.257 Y81.592
G1 X123.175 Y80.950
G1 X122.927 Y80.212
G1 X122.539 Y79.431
G1 X122.032 Y78.657
G1 X122.147 Y78.365
G1 X122.357 Y78.277
G1 X122.717 Y78.395
G1 X123.247 Y78.867
G1 X123.350 Y78.807
G1 X123.387 Y78.642
G1 X123.292 Y78.332
G1 X122.825 Y77.897
G1 X122.252 Y77.727
G1 X121.869 Y77.827
G1 X121.600 Y78.127
G0 Z5.000 F500.000
G0 X121.997 Y79.332 F3000.000
G1 Z1.000 F500.000
G4 P100
G1 X122.562 Y80.505 F1000.000
G1 X122.720 Y81.067
G1 X122.772 Y81.577
G1 X122.737 Y81.862
G1 X122.632 Y81.957
G1 X122.372 Y81.542
G1 X122.117 Y80.512
G1 X121.997 Y79.332
G0 Z5.000 F500.000
G0 X123.217 Y80.782 F3000.000
G1 Z1.000 F500.000
G4 P100
G1 X123.355 Y81.075 F1000.000
G1 X123.697 Y81.192
G1 X123.997 Y81.102
G1 X124.112 Y80.847
G1 X123.982 Y80.530
G1 X123.637 Y80.412
G1 X123.322 Y80.510
G1 X123.217 Y80.782
G0 Z5.000 F500.000
G0 X123.542 Y80.082 F3000.000
G1 Z1.000 F500.000
G4 P100
G1 X123.734 Y80.040 F1000.000
G1 X123.797 Y79.912
G1 X123.582 Y78.587
G1 X123.622 Y78.357
G1 X123.757 Y78.277
G1 X123.982 Y78.402
G1 X124.477 Y78.867
G1 X124.580 Y78.807
G1 X124.617 Y78.642
G1 X124.522 Y78.332
G1 X124.044 Y77.879
G1 X123.597 Y77.727
G1 X123.317 Y77.785
G1 X123.125 Y77.957
G1 X122.977 Y78.567
G1 X123.182 Y79.802
G1 X123.302 Y80.022
G1 X123.542 Y80.082
G0 Z5.000 F500.000
G0 X124.407 Y79.802 F3000.000
G1 Z1.000 F500.000
G4 P100
G1 X124.555 Y80.015 F1000.000
G1 X124.982 Y80.057
G1 X125.022 Y79.962
G1 X124.817 Y78.882
G1 X125.187 Y79.582
G1 X125.590 Y79.967
G1 X125.952 Y80.082
G1 X126.196 Y80.001
G1 X126.277 Y79.757
G1 X126.072 Y78.477
G1 X126.109 Y78.327
G1 X126.217 Y78.277
G1 X126.455 Y78.400
G1 X126.957 Y78.867
G1 X127.060 Y78.807
G1 X127.097 Y78.642
G1 X127.002 Y78.332
G1 X126.540 Y77.897
G1 X126.275 Y77.770
G1 X125.754 Y77.764
G1 X125.495 Y78.055
G1 X125.462 Y78.302
G1 X125.597 Y79.237
G1 X125.542 Y79.317
G1 X125.360 Y79.150
G1 X125.120 Y78.707
G1 X124.795 Y77.810
G1 X124.567 Y77.727
G1 X124.405 Y77.777
G1 X124.300 Y77.927
G1 X124.222 Y78.567
G1 X124.407 Y79.802
G0 Z5.000 F500.000
G0 X126.617 Y78.792 F3000.000
G1 Z1.000 F500.000
G4 P100
G1 X126.762 Y79.435 F1000.000
G1 X126.935 Y79.702
G1 X127.439 Y80.039
G1 X127.747 Y80.082
G1 X128.009 Y80.039
G1 X128.212 Y79.910
G1 X128.344 Y79.707
G1 X128.387 Y79.442
G1 X128.325 Y79.122
G1 X128.140 Y78.850
G1 X127.807 Y78.628
G1 X127.302 Y78.457
G1 X127.484 Y78.285
G1 X127.777 Y78.227
G1 X128.290 Y78.385
G1 X128.922 Y78.867
G1 X129.025 Y78.807
G1 X129.062 Y78.642
G1 X128.967 Y78.332
G1 X128.445 Y77.917
G1 X127.722 Y77.727
G1 X127.256 Y77.799
G1 X126.907 Y78.012
G1 X126.690 Y78.350
G1 X126.617 Y78.792
G0 Z5.000 F500.000
G0 X127.222 Y78.857 F3000.000
G1 Z1.000 F500.000
G4 P100
G1 X127.687 Y79.057 F1000.000
G1 X127.815 Y79.209
G1 X127.805 Y79.535
G1 X127.662 Y79.592
G1 X127.492 Y79.539
G1 X127.350 Y79.377
G1 X127.222 Y78.857
G0 Z5.000 F500.000
G0 X128.497 Y78.467 F3000.000
G1 Z1.000 F500.000
G4 P100
G1 X128.912 Y79.027 F1000.000
G1 X129.337 Y79.917
G1 X129.484 Y80.082
G1 X129.732 Y80.137
G1 X129.927 Y80.112
G1 X129.982 Y80.032
G1 X129.817 Y79.502
G1 X130.275 Y78.755
G1 X130.347 Y78.292
G1 X131.057 Y78.867
G1 X131.160 Y78.807
G1 X131.197 Y78.642
G1 X131.102 Y78.332
G1 X130.625 Y77.910
G1 X129.587 Y77.617
G1 X129.190 Y77.737
G1 X129.052 Y78.007
G1 X129.147 Y78.232
G1 X129.427 Y78.327
G1 X129.712 Y78.297
G1 X129.655 Y78.542
G1 X129.372 Y78.952
G1 X129.065 Y78.462
G1 X128.732 Y78.092
G1 X128.542 Y78.002
G1 X128.412 Y78.060
G1 X128.362 Y78.202
G1 X128.497 Y78.467
G0 Z5.000 F500.000
G0 X132.052 Y78.542 F3000.000
G1 Z1.000 F500.000
G4 P100
G1 X132.099 Y78.932 F1000.000
G1 X132.453 Y79.622
G1 X133.047 Y80.038
G1 X133.382 Y80.092
G1 X133.530 Y80.050
G1 X133.592 Y79.897
G1 X133.996 Y79.874
G1 X134.057 Y79.742
G1 X133.867 Y78.442
G1 X133.905 Y78.322
G1 X134.002 Y78.277
G1 X134.232 Y78.400
G1 X134.732 Y78.867
G1 X134.835 Y78.807
G1 X134.872 Y78.642
G1 X134.777 Y78.332
G1 X134.342 Y77.902
G1 X133.897 Y77.727
G1 X133.595 Y77.840
G1 X133.387 Y78.147
G1 X133.094 Y77.832
G1 X132.732 Y77.727
G1 X132.454 Y77.784
G1 X132.237 Y77.952
G1 X132.099 Y78.212
G1 X132.052 Y78.542
G0 Z5.000 F500.000
G0 X132.740 Y78.307 F3000.000
G1 Z1.000 F500.000
G4 P100
G1 X132.912 Y78.232 F1000.000
G1 X133.122 Y78.362
G1 X133.267 Y78.707
G1 X133.452 Y79.627
G1 X133.065 Y79.470
G1 X132.782 Y79.067
G1 X132.677 Y78.537
G1 X132.740 Y78.307
G0 Z5.000 F500.000
G0 X134.477 Y78.567 F3000.000
G1 Z1.000 F500.000
G4 P100
G1 X134.662 Y79.802 F1000.000
G1 X134.810 Y80.015
G1 X135.097 Y80.082
G1 X135.237 Y80.057
G1 X135.277 Y79.962
G1 X135.072 Y78.882
G1 X135.442 Y79.582
G1 X135.845 Y79.967
G1 X136.207 Y80.082
G1 X136.451 Y80.001
G1 X136.532 Y79.757
G1 X136.327 Y78.477
G1 X136.364 Y78.327
G1 X136.472 Y78.277
G1 X136.710 Y78.400
G1 X137.212 Y78.867
G1 X137.315 Y78.807
G1 X137.352 Y78.642
G1 X137.257 Y78.332
G1 X136.795 Y77.897
G1 X136.232 Y77.727
G1 X136.009 Y77.764
G1 X135.750 Y78.055
G1 X135.717 Y78.302
G1 X135.852 Y79.237
G1 X135.797 Y79.317
G1 X135.615 Y79.150
G1 X135.375 Y78.707
G1 X135.050 Y77.810
G1 X134.822 Y77.727
G1 X134.660 Y77.777
G1 X134.555 Y77.927
G1 X134.477 Y78.567
G0 Z5.000 F500.000
G0 X136.932 Y78.217 F3000.000
G1 Z1.000 F500.000
G4 P100
G1 X136.925 Y78.933 F1000.000
G1 X137.052 Y79.290
G1 X137.520 Y79.850
G1 X138.187 Y80.107
G1 X138.325 Y81.007
G1 X138.550 Y81.765
G1 X138.859 Y82.280
G1 X139.045 Y82.409
G1 X139.449 Y82.404
G1 X139.610 Y82.257
G1 X139.717 Y82.012
G1 X139.684 Y81.060
G1 X139.477 Y80.357
G1 X138.742 Y78.817
G1 X138.830 Y78.402
G1 X139.002 Y78.277
G1 X139.277 Y78.397
G1 X139.787 Y78.867
G1 X139.890 Y78.807
G1 X139.927 Y78.642
G1 X139.832 Y78.332
G1 X139.382 Y77.905
G1 X138.897 Y77.727
G1 X138.562 Y77.839
G1 X138.317 Y78.172
G1 X137.950 Y77.817
G1 X137.582 Y77.727
G1 X137.304 Y77.784
G1 X137.080 Y77.955
G1 X136.932 Y78.217
G0 Z5.000 F500.000
G0 X137.570 Y78.324 F3000.000
G1 Z1.000 F500.000
G4 P100
G1 X137.757 Y78.232 F1000.000
G1 X137.947 Y78.310
G1 X138.187 Y78.597
G1 X138.147 Y79.592
G1 X137.895 Y79.458
G1 X137.553 Y78.927
G1 X137.507 Y78.597
G1 X137.570 Y78.324
G0 Z5.000 F500.000
G0 X138.747 Y79.602 F3000.000
G1 Z1.000 F500.000
G4 P100
G1 X139.167 Y80.702 F1000.000
G1 X139.307 Y81.562
G1 X139.197 Y81.962
G1 X139.007 Y81.625
G1 X138.747 Y79.602
G0 Z5.000 F500.000
G0 X89.002 Y68.995 F3000.000
G1 Z1.000 F500.000
G4 P100
G1 X88.942 Y68.753 F1000.000
G1 X88.762 Y68.625
G1 X88.272 Y68.550
G1 X87.857 Y68.610
G1 X87.195 Y67.735
G1 X86.872 Y67.630
G1 X86.570 Y67.785
G1 X86.417 Y68.660
G1 X86.140 Y68.020
G1 X85.895 Y67.715
G1 X85.607 Y67.630
G1 X85.285 Y67.790
G1 X85.137 Y68.295
G1 X85.077 Y69.695
G1 X85.167 Y69.925
G1 X85.422 Y69.990
G1 X85.615 Y69.933
G1 X85.747 Y68.245
G1 X86.372 Y69.735
G1 X86.505 Y69.938
G1 X86.692 Y69.990
G1 X86.880 Y69.935
G1 X86.932 Y69.740
G1 X87.002 Y68.245
G1 X87.452 Y68.955
G1 X87.377 Y69.300
G1 X87.452 Y69.630
G1 X87.657 Y69.890
G1 X87.952 Y69.990
G1 X88.187 Y69.888
G1 X88.277 Y69.590
G1 X88.157 Y69.075
G1 X88.847 Y69.180
G1 X88.962 Y69.130
G1 X89.002 Y68.995
G0 Z5.000 F500.000
G0 X89.222 Y69.155 F3000.000
G1 Z1.000 F500.000
G4 P100
G1 X89.172 Y68.785 F1000.000
G1 X89.542 Y69.485
G1 X89.945 Y69.870
G1 X90.307 Y69.985
G1 X90.551 Y69.904
G1 X90.632 Y69.660
G1 X90.579 Y68.964
G1 X90.672 Y68.920
G1 X91.167 Y69.205
G1 X91.270 Y69.148
G1 X91.307 Y68.995
G1 X91.207 Y68.705
G1 X90.880 Y68.458
G1 X90.482 Y68.355
G1 X90.249 Y68.389
G1 X89.977 Y68.649
G1 X89.912 Y69.220
G1 X89.715 Y69.053
G1 X89.472 Y68.610
G1 X89.150 Y67.713
G1 X88.922 Y67.630
G1 X88.760 Y67.680
G1 X88.655 Y67.830
G1 X88.577 Y68.470
G1 X88.624 Y69.104
G1 X88.762 Y69.705
G1 X88.910 Y69.918
G1 X89.197 Y69.985
G1 X89.337 Y69.960
G1 X89.377 Y69.865
G1 X89.222 Y69.155
G0 Z5.000 F500.000
G0 X90.824 Y68.835 F3000.000
G1 Z1.000 F500.000
G4 P100
G1 X91.178 Y69.525 F1000.000
G1 X91.455 Y69.778
G1 X91.772 Y69.941
G1 X92.107 Y69.995
G1 X92.255 Y69.953
G1 X92.317 Y69.800
G1 X92.721 Y69.777
G1 X92.782 Y69.645
G1 X92.592 Y68.345
G1 X92.630 Y68.225
G1 X92.727 Y68.180
G1 X92.957 Y68.303
G1 X93.457 Y68.770
G1 X93.560 Y68.710
G1 X93.597 Y68.545
G1 X93.502 Y68.235
G1 X93.067 Y67.805
G1 X92.622 Y67.630
G1 X92.320 Y67.743
G1 X92.112 Y68.050
G1 X91.819 Y67.735
G1 X91.457 Y67.630
G1 X91.179 Y67.687
G1 X90.962 Y67.855
G1 X90.824 Y68.115
G1 X90.824 Y68.835
G0 Z5.000 F500.000
G0 X91.402 Y68.440 F3000.000
G1 Z1.000 F500.000
G4 P100
G1 X91.465 Y68.210 F1000.000
G1 X91.637 Y68.135
G1 X91.847 Y68.265
G1 X91.992 Y68.610
G1 X92.177 Y69.530
G1 X91.790 Y69.373
G1 X91.507 Y68.970
G1 X91.402 Y68.440
G0 Z5.000 F500.000
G0 X92.869 Y67.933 F3000.000
G1 Z1.000 F500.000
G4 P100
G1 X93.277 Y68.685 F1000.000
G1 X93.267 Y69.700
G1 X93.382 Y69.930
G1 X93.682 Y70.015
G1 X93.835 Y69.973
G1 X93.892 Y69.620
G1 X94.207 Y69.908
G1 X94.537 Y69.995
G1 X94.792 Y69.939
G1 X94.995 Y69.770
G1 X95.128 Y69.510
G1 X95.172 Y69.180
G1 X95.087 Y68.665
G1 X94.852 Y68.210
G1 X95.027 Y68.180
G1 X95.342 Y68.300
G1 X95.862 Y68.770
G1 X95.965 Y68.710
G1 X96.002 Y68.545
G1 X95.907 Y68.235
G1 X95.445 Y67.800
G1 X95.180 Y67.673
G1 X94.642 Y67.678
G1 X94.452 Y67.820
G1 X93.857 Y67.630
G1 X93.751 Y66.745
G1 X93.562 Y66.018
G1 X93.279 Y65.532
G1 X92.887 Y65.370
G1 X92.652 Y65.419
G1 X92.487 Y65.565
G1 X92.357 Y66.105
G1 X92.582 Y67.248
G1 X92.869 Y67.933
G0 Z5.000 F500.000
G0 X92.927 Y66.955 F3000.000
G1 Z1.000 F500.000
G4 P100
G1 X92.802 Y66.190 F1000.000
G1 X92.840 Y65.945
G1 X92.927 Y65.860
G1 X93.051 Y66.007
G1 X93.152 Y66.448
G1 X93.267 Y67.910
G1 X92.927 Y66.955
G0 Z5.000 F500.000
G0 X93.882 Y68.110 F3000.000
G1 Z1.000 F500.000
G4 P100
G1 X94.215 Y68.308 F1000.000
G1 X94.457 Y68.698
G1 X94.547 Y69.185
G1 X94.487 Y69.413
G1 X94.327 Y69.490
G1 X94.129 Y69.395
G1 X93.892 Y69.110
G1 X93.882 Y68.110
G0 Z5.000 F500.000
G0 X95.274 Y67.933 F3000.000
G1 Z1.000 F500.000
G4 P100
G1 X95.682 Y68.685 F1000.000
G1 X95.672 Y69.700
G1 X95.787 Y69.930
G1 X96.087 Y70.015
G1 X96.240 Y69.973
G1 X96.297 Y69.620
G1 X96.612 Y69.908
G1 X96.942 Y69.995
G1 X97.197 Y69.939
G1 X97.400 Y69.770
G1 X97.533 Y69.510
G1 X97.577 Y69.180
G1 X97.492 Y68.665
G1 X97.257 Y68.210
G1 X97.432 Y68.180
G1 X97.747 Y68.300
G1 X98.267 Y68.770
G1 X98.370 Y68.710
G1 X98.407 Y68.545
G1 X98.312 Y68.235
G1 X97.850 Y67.800
G1 X97.585 Y67.673
G1 X97.047 Y67.678
G1 X96.857 Y67.820
G1 X96.262 Y67.630
G1 X96.156 Y66.745
G1 X95.967 Y66.018
G1 X95.684 Y65.532
G1 X95.292 Y65.370
G1 X95.057 Y65.419
G1 X94.892 Y65.565
G1 X94.762 Y66.105
G1 X94.987 Y67.248
G1 X95.274 Y67.933
G0 Z5.000 F500.000
G0 X95.332 Y66.955 F3000.000
G1 Z1.000 F500.000
G4 P100
G1 X95.207 Y66.190 F1000.000
G1 X95.245 Y65.945
G1 X95.332 Y65.860
G1 X95.456 Y66.007
G1 X95.557 Y66.448
G1 X95.672 Y67.910
G1 X95.332 Y66.955
G0 Z5.000 F500.000
G0 X96.287 Y68.110 F3000.000
G1 Z1.000 F500.000
G4 P100
G1 X96.620 Y68.308 F1000.000
G1 X96.862 Y68.698
G1 X96.952 Y69.185
G1 X96.892 Y69.413
G1 X96.732 Y69.490
G1 X96.534 Y69.395
G1 X96.297 Y69.110
G1 X96.287 Y68.110
G0 Z5.000 F500.000
G0 X97.997 Y68.470 F3000.000
G1 Z1.000 F500.000
G4 P100
G1 X98.202 Y69.705 F1000.000
G1 X98.322 Y69.925
G1 X98.562 Y69.985
G1 X98.754 Y69.943
G1 X98.817 Y69.815
G1 X98.602 Y68.490
G1 X98.642 Y68.260
G1 X98.777 Y68.180
G1 X99.002 Y68.305
G1 X99.497 Y68.770
G1 X99.600 Y68.710
G1 X99.637 Y68.545
G1 X99.542 Y68.235
G1 X99.064 Y67.782
G1 X98.617 Y67.630
G1 X98.337 Y67.688
G1 X98.145 Y67.860
G1 X97.997 Y68.470
G0 Z5.000 F500.000
G0 X98.657 Y70.315 F3000.000
G1 Z1.000 F500.000
G4 P100
G1 X98.342 Y70.413 F1000.000
G1 X98.237 Y70.685
G1 X98.375 Y70.978
G1 X98.717 Y71.095
G1 X99.017 Y71.005
G1 X99.132 Y70.750
G1 X99.002 Y70.433
G1 X98.657 Y70.315
G0 Z5.000 F500.000
G0 X99.575 Y69.918 F3000.000
G1 Z1.000 F500.000
G4 P100
G1 X99.862 Y69.985 F1000.000
G1 X100.002 Y69.960
G1 X100.042 Y69.865
G1 X99.837 Y68.785
G1 X100.207 Y69.485
G1 X100.610 Y69.870
G1 X100.972 Y69.985
G1 X101.216 Y69.904
G1 X101.297 Y69.660
G1 X101.092 Y68.380
G1 X101.129 Y68.230
G1 X101.237 Y68.180
G1 X101.475 Y68.303
G1 X101.977 Y68.770
G1 X102.080 Y68.710
G1 X102.117 Y68.545
G1 X102.022 Y68.235
G1 X101.560 Y67.800
G1 X101.295 Y67.673
G1 X100.774 Y67.667
G1 X100.515 Y67.958
G1 X100.482 Y68.205
G1 X100.617 Y69.140
G1 X100.562 Y69.220
G1 X100.380 Y69.053
G1 X100.140 Y68.610
G1 X99.815 Y67.713
G1 X99.587 Y67.630
G1 X99.425 Y67.680
G1 X99.320 Y67.830
G1 X99.242 Y68.470
G1 X99.289 Y69.104
G1 X99.427 Y69.705
G1 X99.575 Y69.918
G0 Z5.000 F500.000
G0 X101.694 Y68.835 F3000.000
G1 Z1.000 F500.000
G4 P100
G1 X102.048 Y69.525 F1000.000
G1 X102.325 Y69.778
G1 X102.642 Y69.941
G1 X102.977 Y69.995
G1 X103.125 Y69.953
G1 X103.187 Y69.800
G1 X103.585 Y69.783
G1 X103.637 Y69.635
G1 X103.417 Y68.190
G1 X104.157 Y68.720
G1 X104.272 Y68.760
G1 X104.375 Y68.698
G1 X104.412 Y68.540
G1 X104.267 Y68.245
G1 X103.317 Y67.600
G1 X103.098 Y66.676
G1 X102.820 Y65.973
G1 X102.470 Y65.528
G1 X102.037 Y65.380
G1 X101.806 Y65.420
G1 X101.502 Y65.720
G1 X101.462 Y65.950
G1 X101.532 Y66.318
G1 X101.742 Y66.713
G1 X102.145 Y67.167
G1 X102.792 Y67.715
G1 X102.822 Y67.910
G1 X102.600 Y67.703
G1 X102.327 Y67.630
G1 X102.049 Y67.687
G1 X101.832 Y67.855
G1 X101.694 Y68.115
G1 X101.694 Y68.835
G0 Z5.000 F500.000
G0 X102.272 Y68.440 F3000.000
G1 Z1.000 F500.000
G4 P100
G1 X102.335 Y68.210 F1000.000
G1 X102.507 Y68.135
G1 X102.727 Y68.275
G1 X103.037 Y69.530
G1 X102.657 Y69.373
G1 X102.377 Y68.970
G1 X102.272 Y68.440
G0 Z5.000 F500.000
G0 X102.677 Y67.120 F3000.000
G1 Z1.000 F500.000
G4 P100
G1 X102.122 Y66.525 F1000.000
G1 X101.952 Y66.060
G1 X101.985 Y65.920
G1 X102.092 Y65.865
G1 X102.225 Y65.940
G1 X102.375 Y66.165
G1 X102.677 Y67.120
G0 Z5.000 F500.000
G0 X83.678 Y16.423 F3000.000
G1 Z1.000 F500.000
G4 P100
G1 X84.215 Y16.542 F1000.000
G1 X84.284 Y16.434
G1 X84.041 Y14.765
G0 Z5.000 F500.000
G0 X84.000 Y59.718 F3000.000
G1 Z1.000 F500.000
G4 P100
G1 X143.986 Y59.718 F1000.000
G0 Z5.000 F500.000
G0 X143.986 Y95.192 F3000.000
G1 Z1.000 F500.000
G4 P100
G1 X143.986 Y59.718 F1000.000
G0 Z5.000 F500.000
G0 X143.986 Y110.471 F3000.000
G1 Z1.000 F500.000
G4 P100
G1 X143.986 Y95.192 F1000.000
G0 Z5.000 F500.000
G0 X84.000 Y95.192 F3000.000
G1 Z1.000 F500.000
G4 P100
G1 X84.000 Y59.718 F1000.000
G0 Z5.000 F500.000
G0 X84.000 Y95.192 F3000.000
G1 Z1.000 F500.000
G4 P100
G1 X143.986 Y95.192 F1000.000
G0 Z5.000 F500.000
G0 X84.000 Y110.471 F3000.000
G1 Z1.000 F500.000
G4 P100
G1 X84.000 Y95.192 F1000.000
G0 Z5.000 F500.000
G0 X84.000 Y110.471 F3000.000
G1 Z1.000 F500.000
G4 P100
G1 X143.986 Y110.471 F1000.000
G0 Z5.000 F500.000
G0 X24.014 Y110.471 F3000.000
G1 Z1.000 F500.000
G4 P100
G1 X24.014 Y95.192 F1000.000
G0 Z5.000 F500.000
G0 X24.014 Y95.192 F3000.000
G1 Z1.000 F500.000
G4 P100
G1 X24.014 Y59.718 F1000.000
G0 Z5.000 F500.000
G0 X24.014 Y59.718 F3000.000
G1 Z1.000 F500.000
G4 P100
G1 X84.000 Y59.718 F1000.000
G0 Z5.000 F500.000
G0 X24.014 Y95.192 F3000.000
G1 Z1.000 F500.000
G4 P100
G1 X84.000 Y95.192 F1000.000
G0 Z5.000 F500.000
G0 X24.014 Y110.471 F3000.000
G1 Z1.000 F500.000
G4 P100
G1 X84.000 Y110.471 F1000.000
G0 Z5.000 F500.000
M400
M84
; End
