; Generated by plotter-processor
; Page 7/20
; Motion profile: safe
; Draw feed: 1000.000 mm/min
; Travel feed: 3000.000 mm/min
; Z feed: 500.000 mm/min
; Pen Z: down=1.000 up=5.000
; Down settle: 100 ms
; Estimated ideal time: 1837.469218 s
G21
G90
G0 Z5.000 F500.000
G0 X24.515 Y207.355 F3000.000
G1 Z1.000 F500.000
G4 P100
G1 X24.422 Y207.115 F1000.000
G1 X24.130 Y207.055
G1 X22.765 Y207.120
G1 X22.230 Y203.760
G1 X22.110 Y203.537
G1 X21.845 Y203.460
G1 X21.590 Y203.540
G1 X21.500 Y203.750
G1 X21.538 Y204.148
G1 X22.055 Y207.115
G1 X21.285 Y207.035
G1 X20.887 Y206.852
G1 X20.770 Y206.550
G1 X20.890 Y206.150
G1 X20.777 Y205.972
G1 X20.545 Y205.890
G1 X20.405 Y205.940
G1 X20.240 Y206.183
G1 X20.175 Y206.540
G1 X20.244 Y206.923
G1 X20.453 Y207.222
G1 X20.803 Y207.446
G1 X21.297 Y207.600
G1 X22.755 Y207.720
G1 X24.205 Y207.635
G1 X24.438 Y207.530
G1 X24.515 Y207.355
G0 Z5.000 F500.000
G0 X24.780 Y205.815 F3000.000
G1 Z1.000 F500.000
G4 P100
G1 X25.041 Y205.772 F1000.000
G1 X25.245 Y205.642
G1 X25.376 Y205.439
G1 X25.420 Y205.175
G1 X25.358 Y204.854
G1 X25.172 Y204.583
G1 X24.839 Y204.361
G1 X24.335 Y204.190
G1 X24.516 Y204.018
G1 X24.810 Y203.960
G1 X25.322 Y204.118
G1 X25.955 Y204.600
G1 X26.057 Y204.540
G1 X26.095 Y204.375
G1 X26.000 Y204.065
G1 X25.477 Y203.650
G1 X24.755 Y203.460
G1 X24.289 Y203.531
G1 X23.940 Y203.745
G1 X23.722 Y204.083
G1 X23.650 Y204.525
G1 X23.795 Y205.167
G1 X23.968 Y205.434
G1 X24.472 Y205.771
G1 X24.780 Y205.815
G0 Z5.000 F500.000
G0 X24.695 Y205.325 F3000.000
G1 Z1.000 F500.000
G4 P100
G1 X24.524 Y205.271 F1000.000
G1 X24.383 Y205.110
G1 X24.255 Y204.590
G1 X24.720 Y204.790
G1 X24.848 Y204.941
G1 X24.837 Y205.267
G1 X24.695 Y205.325
G0 Z5.000 F500.000
G0 X25.746 Y204.934 F3000.000
G1 Z1.000 F500.000
G4 P100
G1 X25.885 Y205.535 F1000.000
G1 X26.032 Y205.748
G1 X26.320 Y205.815
G1 X26.460 Y205.790
G1 X26.500 Y205.695
G1 X26.285 Y204.515
G1 X26.489 Y205.115
G1 X26.740 Y205.515
G1 X27.044 Y205.740
G1 X27.405 Y205.815
G1 X27.637 Y205.774
G1 X27.923 Y205.467
G1 X27.960 Y205.235
G1 X27.867 Y204.880
G1 X27.625 Y204.735
G1 X27.473 Y204.780
G1 X27.432 Y205.291
G1 X27.335 Y205.325
G1 X27.140 Y205.222
G1 X26.987 Y204.947
G1 X26.930 Y204.575
G1 X27.055 Y204.143
G1 X27.415 Y203.980
G1 X27.745 Y204.102
G1 X28.280 Y204.600
G1 X28.383 Y204.540
G1 X28.420 Y204.375
G1 X28.325 Y204.065
G1 X27.875 Y203.627
G1 X27.635 Y203.502
G1 X27.365 Y203.460
G1 X26.938 Y203.562
G1 X26.625 Y203.810
G1 X26.470 Y204.090
G1 X26.267 Y203.535
G1 X26.045 Y203.460
G1 X25.883 Y203.510
G1 X25.777 Y203.660
G1 X25.700 Y204.300
G1 X25.746 Y204.934
G0 Z5.000 F500.000
G0 X27.935 Y204.470 F3000.000
G1 Z1.000 F500.000
G4 P100
G1 X27.975 Y204.850 F1000.000
G1 X28.279 Y205.450
G1 X28.510 Y205.650
G1 X29.045 Y205.815
G1 X29.473 Y205.653
G1 X29.625 Y205.235
G1 X29.532 Y204.880
G1 X29.290 Y204.735
G1 X29.137 Y204.780
G1 X29.080 Y204.905
G1 X29.097 Y205.290
G1 X29.005 Y205.325
G1 X28.790 Y205.222
G1 X28.630 Y204.945
G1 X28.570 Y204.560
G1 X28.696 Y204.125
G1 X29.075 Y203.980
G1 X29.517 Y204.118
G1 X30.120 Y204.600
G1 X30.222 Y204.540
G1 X30.260 Y204.375
G1 X30.165 Y204.065
G1 X29.907 Y203.808
G1 X29.602 Y203.618
G1 X28.970 Y203.460
G1 X28.534 Y203.529
G1 X28.207 Y203.738
G1 X28.003 Y204.059
G1 X27.935 Y204.470
G0 Z5.000 F500.000
G0 X29.865 Y204.300 F3000.000
G1 Z1.000 F500.000
G4 P100
G1 X30.050 Y205.535 F1000.000
G1 X30.197 Y205.748
G1 X30.485 Y205.815
G1 X30.625 Y205.790
G1 X30.665 Y205.695
G1 X30.460 Y204.620
G1 X30.782 Y205.280
G1 X31.167 Y205.683
G1 X31.540 Y205.815
G1 X31.788 Y205.735
G1 X31.860 Y205.490
G1 X31.710 Y204.640
G1 X31.974 Y205.171
G1 X32.265 Y205.535
G1 X32.560 Y205.745
G1 X32.835 Y205.815
G1 X33.079 Y205.734
G1 X33.160 Y205.490
G1 X32.955 Y204.210
G1 X32.991 Y204.060
G1 X33.100 Y204.010
G1 X33.337 Y204.132
G1 X33.840 Y204.600
G1 X33.942 Y204.540
G1 X33.980 Y204.375
G1 X33.885 Y204.065
G1 X33.422 Y203.630
G1 X32.860 Y203.460
G1 X32.636 Y203.497
G1 X32.377 Y203.788
G1 X32.345 Y204.035
G1 X32.480 Y204.970
G1 X32.425 Y205.050
G1 X32.240 Y204.882
G1 X32.000 Y204.440
G1 X31.677 Y203.540
G1 X31.445 Y203.460
G1 X31.197 Y203.618
G1 X31.115 Y204.000
G1 X31.205 Y204.970
G1 X31.150 Y205.050
G1 X30.960 Y204.870
G1 X30.737 Y204.410
G1 X30.438 Y203.542
G1 X30.210 Y203.460
G1 X30.048 Y203.510
G1 X29.942 Y203.660
G1 X29.865 Y204.300
G0 Z5.000 F500.000
G0 X34.835 Y204.275 F3000.000
G1 Z1.000 F500.000
G4 P100
G1 X34.881 Y204.664 F1000.000
G1 X35.236 Y205.355
G1 X35.829 Y205.771
G1 X36.165 Y205.825
G1 X36.312 Y205.782
G1 X36.375 Y205.630
G1 X36.772 Y205.613
G1 X36.825 Y205.465
G1 X36.605 Y204.020
G1 X37.345 Y204.550
G1 X37.460 Y204.590
G1 X37.562 Y204.528
G1 X37.600 Y204.370
G1 X37.455 Y204.075
G1 X36.505 Y203.430
G1 X36.286 Y202.506
G1 X36.007 Y201.803
G1 X35.658 Y201.358
G1 X35.225 Y201.210
G1 X34.994 Y201.249
G1 X34.690 Y201.549
G1 X34.650 Y201.780
G1 X34.720 Y202.148
G1 X34.930 Y202.542
G1 X35.332 Y202.997
G1 X35.980 Y203.545
G1 X36.010 Y203.740
G1 X35.787 Y203.532
G1 X35.515 Y203.460
G1 X35.236 Y203.516
G1 X35.020 Y203.685
G1 X34.881 Y203.945
G1 X34.835 Y204.275
G0 Z5.000 F500.000
G0 X35.522 Y204.040 F3000.000
G1 Z1.000 F500.000
G4 P100
G1 X35.695 Y203.965 F1000.000
G1 X35.915 Y204.105
G1 X36.225 Y205.360
G1 X35.845 Y205.202
G1 X35.565 Y204.800
G1 X35.460 Y204.270
G1 X35.522 Y204.040
G0 Z5.000 F500.000
G0 X35.865 Y202.950 F3000.000
G1 Z1.000 F500.000
G4 P100
G1 X35.310 Y202.355 F1000.000
G1 X35.140 Y201.890
G1 X35.172 Y201.750
G1 X35.280 Y201.695
G1 X35.413 Y201.770
G1 X35.562 Y201.995
G1 X35.865 Y202.950
G0 Z5.000 F500.000
G0 X37.205 Y203.650 F3000.000
G1 Z1.000 F500.000
G4 P100
G1 X37.060 Y204.115 F1000.000
G1 X37.175 Y204.520
G1 X37.314 Y204.636
G1 X37.642 Y204.635
G1 X37.662 Y204.060
G1 X37.730 Y204.015
G1 X37.843 Y204.090
G1 X38.680 Y205.727
G1 X38.980 Y205.805
G1 X39.260 Y205.730
G1 X39.350 Y205.485
G1 X39.374 Y204.116
G1 X39.535 Y203.985
G1 X39.712 Y204.070
G1 X40.110 Y204.530
G1 X40.245 Y204.600
G1 X40.347 Y204.540
G1 X40.385 Y204.375
G1 X40.290 Y204.065
G1 X39.702 Y203.548
G1 X39.300 Y203.460
G1 X39.047 Y203.518
G1 X38.880 Y203.692
G1 X38.786 Y203.984
G1 X38.775 Y204.850
G1 X38.544 Y204.261
G1 X38.272 Y203.825
G1 X37.959 Y203.555
G1 X37.605 Y203.465
G1 X37.377 Y203.511
G1 X37.205 Y203.650
G0 Z5.000 F500.000
G0 X39.853 Y203.849 F3000.000
G1 Z1.000 F500.000
G4 P100
G1 X39.805 Y204.115 F1000.000
G1 X39.922 Y204.525
G1 X40.062 Y204.637
G1 X40.380 Y204.639
G1 X40.475 Y204.075
G1 X40.665 Y203.970
G1 X40.980 Y204.067
G1 X41.295 Y204.345
G1 X40.961 Y204.392
G1 X40.752 Y204.535
G1 X40.619 Y204.757
G1 X40.629 Y205.373
G1 X40.790 Y205.618
G1 X41.047 Y205.769
G1 X41.390 Y205.820
G1 X41.945 Y205.735
G1 X42.175 Y205.810
G1 X42.332 Y205.762
G1 X42.380 Y205.635
G1 X42.175 Y204.640
G1 X42.172 Y204.062
G1 X42.280 Y204.010
G1 X42.510 Y204.125
G1 X43.020 Y204.600
G1 X43.122 Y204.540
G1 X43.160 Y204.375
G1 X43.065 Y204.065
G1 X42.565 Y203.610
G1 X42.090 Y203.460
G1 X41.775 Y203.605
G1 X41.665 Y204.020
G1 X41.695 Y204.335
G1 X41.442 Y203.952
G1 X41.159 Y203.679
G1 X40.845 Y203.515
G1 X40.219 Y203.505
G1 X39.997 Y203.640
G1 X39.853 Y203.849
G0 Z5.000 F500.000
G0 X41.182 Y204.815 F3000.000
G1 Z1.000 F500.000
G4 P100
G1 X41.560 Y204.730 F1000.000
G1 X41.830 Y205.360
G1 X41.510 Y205.415
G1 X41.200 Y205.320
G1 X41.090 Y205.050
G1 X41.182 Y204.815
G0 Z5.000 F500.000
G0 X44.136 Y204.934 F3000.000
G1 Z1.000 F500.000
G4 P100
G1 X44.275 Y205.535 F1000.000
G1 X44.422 Y205.748
G1 X44.710 Y205.815
G1 X44.850 Y205.790
G1 X44.890 Y205.695
G1 X44.685 Y204.615
G1 X45.055 Y205.315
G1 X45.458 Y205.700
G1 X45.820 Y205.815
G1 X46.064 Y205.734
G1 X46.145 Y205.490
G1 X45.940 Y204.210
G1 X45.976 Y204.060
G1 X46.085 Y204.010
G1 X46.323 Y204.132
G1 X46.825 Y204.600
G1 X46.928 Y204.540
G1 X46.965 Y204.375
G1 X46.870 Y204.065
G1 X46.407 Y203.630
G1 X46.143 Y203.502
G1 X45.621 Y203.497
G1 X45.363 Y203.788
G1 X45.330 Y204.035
G1 X45.465 Y204.970
G1 X45.410 Y205.050
G1 X45.228 Y204.882
G1 X44.988 Y204.440
G1 X44.663 Y203.542
G1 X44.435 Y203.460
G1 X44.273 Y203.510
G1 X44.168 Y203.660
G1 X44.090 Y204.300
G1 X44.136 Y204.934
G0 Z5.000 F500.000
G0 X46.236 Y203.763 F3000.000
G1 Z1.000 F500.000
G4 P100
G1 X46.645 Y204.515 F1000.000
G1 X46.635 Y205.530
G1 X46.750 Y205.760
G1 X47.050 Y205.845
G1 X47.203 Y205.803
G1 X47.260 Y205.450
G1 X47.575 Y205.738
G1 X47.905 Y205.825
G1 X48.159 Y205.769
G1 X48.362 Y205.600
G1 X48.496 Y205.340
G1 X48.540 Y205.010
G1 X48.455 Y204.495
G1 X48.220 Y204.040
G1 X48.395 Y204.010
G1 X48.710 Y204.130
G1 X49.230 Y204.600
G1 X49.332 Y204.540
G1 X49.370 Y204.375
G1 X49.275 Y204.065
G1 X48.812 Y203.630
G1 X48.548 Y203.502
G1 X48.010 Y203.507
G1 X47.820 Y203.650
G1 X47.225 Y203.460
G1 X47.119 Y202.574
G1 X46.930 Y201.847
G1 X46.646 Y201.362
G1 X46.255 Y201.200
G1 X46.020 Y201.249
G1 X45.855 Y201.395
G1 X45.725 Y201.935
G1 X45.950 Y203.077
G1 X46.236 Y203.763
G0 Z5.000 F500.000
G0 X46.295 Y202.785 F3000.000
G1 Z1.000 F500.000
G4 P100
G1 X46.170 Y202.020 F1000.000
G1 X46.207 Y201.775
G1 X46.295 Y201.690
G1 X46.419 Y201.837
G1 X46.520 Y202.278
G1 X46.635 Y203.740
G1 X46.295 Y202.785
G0 Z5.000 F500.000
G0 X47.250 Y203.940 F3000.000
G1 Z1.000 F500.000
G4 P100
G1 X47.582 Y204.137 F1000.000
G1 X47.825 Y204.528
G1 X47.915 Y205.015
G1 X47.855 Y205.243
G1 X47.695 Y205.320
G1 X47.496 Y205.225
G1 X47.260 Y204.940
G1 X47.250 Y203.940
G0 Z5.000 F500.000
G0 X48.890 Y204.510 F3000.000
G1 Z1.000 F500.000
G4 P100
G1 X49.035 Y205.188 F1000.000
G1 X49.208 Y205.452
G1 X49.704 Y205.778
G1 X50.000 Y205.820
G1 X50.343 Y205.754
G1 X50.612 Y205.558
G1 X50.797 Y205.264
G1 X50.885 Y204.910
G1 X51.515 Y205.020
G1 X51.615 Y204.955
G1 X51.650 Y204.790
G1 X51.614 Y204.599
G1 X51.505 Y204.505
G1 X50.845 Y204.385
G1 X50.704 Y204.007
G1 X50.470 Y203.713
G1 X50.171 Y203.523
G1 X49.835 Y203.460
G1 X49.323 Y203.605
G1 X49.000 Y203.990
G1 X48.890 Y204.510
G0 Z5.000 F500.000
G0 X49.623 Y204.135 F3000.000
G1 Z1.000 F500.000
G4 P100
G1 X49.875 Y203.990 F1000.000
G1 X50.153 Y204.120
G1 X50.310 Y204.495
G1 X50.073 Y204.770
G1 X50.005 Y205.290
G1 X49.803 Y205.242
G1 X49.648 Y205.097
G1 X49.548 Y204.866
G1 X49.515 Y204.555
G1 X49.623 Y204.135
G0 Z5.000 F500.000
G0 X51.255 Y204.960 F3000.000
G1 Z1.000 F500.000
G4 P100
G1 X51.415 Y206.363 F1000.000
G1 X51.612 Y207.064
G1 X51.883 Y207.653
G1 X52.219 Y208.052
G1 X52.615 Y208.185
G1 X52.823 Y208.136
G1 X53.090 Y207.761
G1 X53.125 Y207.475
G1 X52.970 Y206.660
G1 X52.455 Y205.810
G1 X52.759 Y205.728
G1 X53.000 Y205.532
G1 X53.168 Y205.251
G1 X53.250 Y204.910
G1 X53.880 Y205.020
G1 X53.980 Y204.955
G1 X53.980 Y204.597
G1 X53.870 Y204.505
G1 X53.210 Y204.385
G1 X53.066 Y204.010
G1 X52.833 Y203.715
G1 X52.541 Y203.524
G1 X52.220 Y203.460
G1 X51.784 Y203.556
G1 X51.485 Y203.845
G1 X51.312 Y204.316
G1 X51.255 Y204.960
G0 Z5.000 F500.000
G0 X51.880 Y204.575 F3000.000
G1 Z1.000 F500.000
G4 P100
G1 X51.988 Y204.140 F1000.000
G1 X52.240 Y203.990
G1 X52.515 Y204.120
G1 X52.675 Y204.495
G1 X52.438 Y204.770
G1 X52.375 Y205.320
G1 X52.176 Y205.269
G1 X52.017 Y205.118
G1 X51.880 Y204.575
G0 Z5.000 F500.000
G0 X51.915 Y205.470 F3000.000
G1 Z1.000 F500.000
G4 P100
G1 X52.591 Y206.974 F1000.000
G1 X52.640 Y207.360
G1 X52.603 Y207.605
G1 X52.500 Y207.690
G1 X52.283 Y207.392
G1 X52.065 Y206.585
G1 X51.915 Y205.470
G0 Z5.000 F500.000
G0 X53.828 Y205.434 F3000.000
G1 Z1.000 F500.000
G4 P100
G1 X54.332 Y205.771 F1000.000
G1 X54.901 Y205.772
G1 X55.105 Y205.642
G1 X55.236 Y205.439
G1 X55.280 Y205.175
G1 X55.218 Y204.854
G1 X55.033 Y204.583
G1 X54.699 Y204.361
G1 X54.195 Y204.190
G1 X54.376 Y204.018
G1 X54.670 Y203.960
G1 X55.183 Y204.118
G1 X55.815 Y204.600
G1 X55.918 Y204.540
G1 X55.955 Y204.375
G1 X55.860 Y204.065
G1 X55.338 Y203.650
G1 X54.988 Y203.507
G1 X54.615 Y203.460
G1 X54.149 Y203.531
G1 X53.800 Y203.745
G1 X53.583 Y204.083
G1 X53.510 Y204.525
G1 X53.655 Y205.167
G1 X53.828 Y205.434
G0 Z5.000 F500.000
G0 X54.243 Y205.110 F3000.000
G1 Z1.000 F500.000
G4 P100
G1 X54.115 Y204.590 F1000.000
G1 X54.580 Y204.790
G1 X54.750 Y205.115
G1 X54.698 Y205.267
G1 X54.555 Y205.325
G1 X54.384 Y205.271
G1 X54.243 Y205.110
G0 Z5.000 F500.000
G0 X55.625 Y205.530 F3000.000
G1 Z1.000 F500.000
G4 P100
G1 X55.740 Y205.760 F1000.000
G1 X56.040 Y205.845
G1 X56.193 Y205.803
G1 X56.250 Y205.450
G1 X56.565 Y205.738
G1 X56.895 Y205.825
G1 X57.149 Y205.769
G1 X57.353 Y205.600
G1 X57.486 Y205.340
G1 X57.530 Y205.010
G1 X57.445 Y204.495
G1 X57.210 Y204.040
G1 X57.385 Y204.010
G1 X57.700 Y204.130
G1 X58.220 Y204.600
G1 X58.323 Y204.540
G1 X58.360 Y204.375
G1 X58.265 Y204.065
G1 X57.803 Y203.630
G1 X57.538 Y203.502
G1 X57.000 Y203.507
G1 X56.810 Y203.650
G1 X56.215 Y203.460
G1 X56.109 Y202.574
G1 X55.920 Y201.847
G1 X55.636 Y201.362
G1 X55.245 Y201.200
G1 X55.010 Y201.249
G1 X54.845 Y201.395
G1 X54.715 Y201.935
G1 X54.940 Y203.077
G1 X55.635 Y204.515
G1 X55.625 Y205.530
G0 Z5.000 F500.000
G0 X56.245 Y204.295 F3000.000
G1 Z1.000 F500.000
G4 P100
G1 X56.240 Y203.940 F1000.000
G1 X56.573 Y204.137
G1 X56.815 Y204.528
G1 X56.905 Y205.015
G1 X56.845 Y205.243
G1 X56.685 Y205.320
G1 X56.486 Y205.225
G1 X56.250 Y204.940
G1 X56.245 Y204.295
G0 Z5.000 F500.000
G0 X55.625 Y203.740 F3000.000
G1 Z1.000 F500.000
G4 P100
G1 X55.285 Y202.785 F1000.000
G1 X55.160 Y202.020
G1 X55.198 Y201.775
G1 X55.285 Y201.690
G1 X55.409 Y201.837
G1 X55.510 Y202.278
G1 X55.625 Y203.740
G0 Z5.000 F500.000
G0 X58.043 Y203.660 F3000.000
G1 Z1.000 F500.000
G4 P100
G1 X57.965 Y204.300 F1000.000
G1 X58.011 Y204.934
G1 X58.150 Y205.535
G1 X58.298 Y205.748
G1 X58.585 Y205.815
G1 X58.725 Y205.790
G1 X58.765 Y205.695
G1 X58.550 Y204.515
G1 X58.754 Y205.115
G1 X59.005 Y205.515
G1 X59.309 Y205.740
G1 X59.670 Y205.815
G1 X60.078 Y205.653
G1 X60.225 Y205.235
G1 X60.133 Y204.880
G1 X59.890 Y204.735
G1 X59.738 Y204.780
G1 X59.680 Y204.905
G1 X59.730 Y205.190
G1 X59.600 Y205.325
G1 X59.405 Y205.222
G1 X59.253 Y204.947
G1 X59.195 Y204.575
G1 X59.320 Y204.143
G1 X59.680 Y203.980
G1 X60.010 Y204.102
G1 X60.545 Y204.600
G1 X60.648 Y204.540
G1 X60.685 Y204.375
G1 X60.590 Y204.065
G1 X60.140 Y203.627
G1 X59.900 Y203.502
G1 X59.630 Y203.460
G1 X59.203 Y203.562
G1 X58.890 Y203.810
G1 X58.735 Y204.090
G1 X58.533 Y203.535
G1 X58.310 Y203.460
G1 X58.148 Y203.510
G1 X58.043 Y203.660
G0 Z5.000 F500.000
G0 X60.316 Y203.901 F3000.000
G1 Z1.000 F500.000
G4 P100
G1 X60.330 Y204.873 F1000.000
G1 X60.495 Y205.535
G1 X60.635 Y205.750
G1 X60.920 Y205.815
G1 X61.073 Y205.780
G1 X61.115 Y205.675
G1 X60.905 Y204.222
G1 X60.985 Y204.180
G1 X61.173 Y204.330
G1 X61.783 Y205.750
G1 X62.030 Y205.815
G1 X62.190 Y205.787
G1 X62.235 Y205.685
G1 X61.970 Y204.210
G1 X62.010 Y204.062
G1 X62.115 Y204.010
G1 X62.353 Y204.132
G1 X62.855 Y204.600
G1 X62.958 Y204.540
G1 X62.995 Y204.375
G1 X62.900 Y204.065
G1 X62.438 Y203.630
G1 X62.173 Y203.502
G1 X61.667 Y203.506
G1 X61.523 Y203.645
G1 X61.410 Y204.165
G1 X61.155 Y203.642
G1 X60.790 Y203.460
G1 X60.586 Y203.512
G1 X60.316 Y203.901
G0 Z5.000 F500.000
G0 X63.840 Y204.510 F3000.000
G1 Z1.000 F500.000
G4 P100
G1 X63.985 Y205.188 F1000.000
G1 X64.158 Y205.452
G1 X64.654 Y205.778
G1 X64.950 Y205.820
G1 X65.293 Y205.754
G1 X65.563 Y205.558
G1 X65.747 Y205.264
G1 X65.835 Y204.910
G1 X66.465 Y205.020
G1 X66.565 Y204.955
G1 X66.600 Y204.790
G1 X66.564 Y204.599
G1 X66.455 Y204.505
G1 X65.795 Y204.385
G1 X65.654 Y204.007
G1 X65.420 Y203.713
G1 X65.121 Y203.523
G1 X64.785 Y203.460
G1 X64.273 Y203.605
G1 X63.950 Y203.990
G1 X63.840 Y204.510
G0 Z5.000 F500.000
G0 X64.573 Y204.135 F3000.000
G1 Z1.000 F500.000
G4 P100
G1 X64.825 Y203.990 F1000.000
G1 X65.103 Y204.120
G1 X65.260 Y204.495
G1 X65.023 Y204.770
G1 X64.955 Y205.290
G1 X64.753 Y205.242
G1 X64.598 Y205.097
G1 X64.498 Y204.866
G1 X64.465 Y204.555
G1 X64.573 Y204.135
G0 Z5.000 F500.000
G0 X66.125 Y204.450 F3000.000
G1 Z1.000 F500.000
G4 P100
G1 X66.263 Y205.123 F1000.000
G1 X66.635 Y205.588
G1 X67.155 Y205.755
G1 X67.415 Y205.700
G1 X66.580 Y206.782
G1 X66.510 Y207.100
G1 X66.640 Y207.468
G1 X66.960 Y207.675
G1 X68.130 Y208.025
G1 X68.243 Y207.935
G1 X68.285 Y207.725
G1 X68.190 Y207.475
G1 X67.198 Y207.208
G1 X67.090 Y207.045
G1 X68.043 Y205.697
G1 X68.145 Y204.905
G1 X68.830 Y205.020
G1 X68.930 Y204.955
G1 X68.930 Y204.597
G1 X68.820 Y204.505
G1 X68.060 Y204.380
G1 X67.893 Y203.988
G1 X67.653 Y203.700
G1 X67.349 Y203.524
G1 X66.995 Y203.465
G1 X66.630 Y203.526
G1 X66.355 Y203.708
G1 X66.183 Y204.014
G1 X66.125 Y204.450
G0 Z5.000 F500.000
G0 X66.808 Y204.110 F3000.000
G1 Z1.000 F500.000
G4 P100
G1 X66.995 Y203.990 F1000.000
G1 X67.283 Y204.162
G1 X67.495 Y204.610
G1 X67.353 Y204.850
G1 X67.315 Y205.265
G1 X66.988 Y205.165
G1 X66.815 Y204.873
G1 X66.750 Y204.450
G1 X66.808 Y204.110
G0 Z5.000 F500.000
G0 X68.545 Y204.300 F3000.000
G1 Z1.000 F500.000
G4 P100
G1 X68.730 Y205.535 F1000.000
G1 X68.878 Y205.748
G1 X69.165 Y205.815
G1 X69.305 Y205.790
G1 X69.345 Y205.695
G1 X69.140 Y204.620
G1 X69.463 Y205.280
G1 X69.848 Y205.683
G1 X70.220 Y205.815
G1 X70.468 Y205.735
G1 X70.540 Y205.490
G1 X70.390 Y204.640
G1 X70.654 Y205.171
G1 X70.945 Y205.535
G1 X71.240 Y205.745
G1 X71.515 Y205.815
G1 X71.759 Y205.734
G1 X71.840 Y205.490
G1 X71.635 Y204.210
G1 X71.671 Y204.060
G1 X71.780 Y204.010
G1 X72.018 Y204.132
G1 X72.520 Y204.600
G1 X72.623 Y204.540
G1 X72.660 Y204.375
G1 X72.565 Y204.065
G1 X72.103 Y203.630
G1 X71.540 Y203.460
G1 X71.316 Y203.497
G1 X71.058 Y203.788
G1 X71.025 Y204.035
G1 X71.160 Y204.970
G1 X71.105 Y205.050
G1 X70.920 Y204.882
G1 X70.680 Y204.440
G1 X70.358 Y203.540
G1 X70.125 Y203.460
G1 X69.878 Y203.618
G1 X69.795 Y204.000
G1 X69.885 Y204.970
G1 X69.830 Y205.050
G1 X69.640 Y204.870
G1 X69.418 Y204.410
G1 X69.118 Y203.542
G1 X68.890 Y203.460
G1 X68.728 Y203.510
G1 X68.623 Y203.660
G1 X68.545 Y204.300
G0 Z5.000 F500.000
G0 X72.253 Y204.083 F3000.000
G1 Z1.000 F500.000
G4 P100
G1 X72.180 Y204.525 F1000.000
G1 X72.325 Y205.167
G1 X72.728 Y205.640
G1 X73.310 Y205.815
G1 X73.571 Y205.772
G1 X73.775 Y205.642
G1 X73.906 Y205.439
G1 X73.950 Y205.175
G1 X73.888 Y204.854
G1 X73.703 Y204.583
G1 X73.369 Y204.361
G1 X72.865 Y204.190
G1 X73.046 Y204.018
G1 X73.340 Y203.960
G1 X73.853 Y204.118
G1 X74.485 Y204.600
G1 X74.588 Y204.540
G1 X74.625 Y204.375
G1 X74.530 Y204.065
G1 X74.008 Y203.650
G1 X73.285 Y203.460
G1 X72.819 Y203.531
G1 X72.470 Y203.745
G1 X72.253 Y204.083
G0 Z5.000 F500.000
G0 X72.785 Y204.590 F3000.000
G1 Z1.000 F500.000
G4 P100
G1 X73.250 Y204.790 F1000.000
G1 X73.378 Y204.941
G1 X73.368 Y205.267
G1 X73.225 Y205.325
G1 X73.054 Y205.271
G1 X72.913 Y205.110
G1 X72.785 Y204.590
G0 Z5.000 F500.000
G0 X74.276 Y204.934 F3000.000
G1 Z1.000 F500.000
G4 P100
G1 X74.415 Y205.535 F1000.000
G1 X74.563 Y205.748
G1 X74.850 Y205.815
G1 X74.990 Y205.790
G1 X75.030 Y205.695
G1 X74.815 Y204.515
G1 X75.019 Y205.115
G1 X75.270 Y205.515
G1 X75.574 Y205.740
G1 X75.935 Y205.815
G1 X76.167 Y205.774
G1 X76.453 Y205.467
G1 X76.490 Y205.235
G1 X76.398 Y204.880
G1 X76.155 Y204.735
G1 X76.003 Y204.780
G1 X75.963 Y205.291
G1 X75.865 Y205.325
G1 X75.670 Y205.222
G1 X75.518 Y204.947
G1 X75.460 Y204.575
G1 X75.585 Y204.143
G1 X75.945 Y203.980
G1 X76.275 Y204.102
G1 X76.810 Y204.600
G1 X76.913 Y204.540
G1 X76.950 Y204.375
G1 X76.855 Y204.065
G1 X76.405 Y203.627
G1 X76.165 Y203.502
G1 X75.895 Y203.460
G1 X75.468 Y203.562
G1 X75.155 Y203.810
G1 X75.000 Y204.090
G1 X74.798 Y203.535
G1 X74.575 Y203.460
G1 X74.413 Y203.510
G1 X74.308 Y203.660
G1 X74.230 Y204.300
G1 X74.276 Y204.934
G0 Z5.000 F500.000
G0 X76.480 Y204.275 F3000.000
G1 Z1.000 F500.000
G4 P100
G1 X76.526 Y204.664 F1000.000
G1 X76.881 Y205.355
G1 X77.474 Y205.771
G1 X77.810 Y205.825
G1 X77.958 Y205.782
G1 X78.020 Y205.630
G1 X78.424 Y205.606
G1 X78.485 Y205.475
G1 X78.295 Y204.175
G1 X78.333 Y204.055
G1 X78.430 Y204.010
G1 X78.660 Y204.132
G1 X79.160 Y204.600
G1 X79.263 Y204.540
G1 X79.300 Y204.375
G1 X79.205 Y204.065
G1 X78.770 Y203.635
G1 X78.325 Y203.460
G1 X78.023 Y203.572
G1 X77.815 Y203.880
G1 X77.521 Y203.565
G1 X77.160 Y203.460
G1 X76.881 Y203.516
G1 X76.665 Y203.685
G1 X76.526 Y203.945
G1 X76.480 Y204.275
G0 Z5.000 F500.000
G0 X77.168 Y204.040 F3000.000
G1 Z1.000 F500.000
G4 P100
G1 X77.340 Y203.965 F1000.000
G1 X77.550 Y204.095
G1 X77.695 Y204.440
G1 X77.880 Y205.360
G1 X77.493 Y205.202
G1 X77.210 Y204.800
G1 X77.105 Y204.270
G1 X77.168 Y204.040
G0 Z5.000 F500.000
G0 X78.905 Y204.300 F3000.000
G1 Z1.000 F500.000
G4 P100
G1 X79.090 Y205.535 F1000.000
G1 X79.235 Y205.748
G1 X79.525 Y205.815
G1 X79.665 Y205.790
G1 X79.705 Y205.695
G1 X79.555 Y204.935
G1 X80.195 Y204.935
G1 X80.463 Y205.750
G1 X80.870 Y205.787
G1 X80.915 Y205.685
G1 X80.650 Y204.210
G1 X80.690 Y204.062
G1 X80.795 Y204.010
G1 X81.033 Y204.132
G1 X81.535 Y204.600
G1 X81.638 Y204.540
G1 X81.675 Y204.375
G1 X81.580 Y204.065
G1 X81.108 Y203.630
G1 X80.555 Y203.460
G1 X80.334 Y203.500
G1 X80.190 Y203.620
G1 X80.085 Y204.100
G1 X80.110 Y204.425
G1 X79.500 Y204.435
G1 X79.475 Y203.700
G1 X79.415 Y203.517
G1 X79.250 Y203.460
G1 X79.088 Y203.510
G1 X78.983 Y203.660
G1 X78.905 Y204.300
G0 Z5.000 F500.000
G0 X81.306 Y203.901 F3000.000
G1 Z1.000 F500.000
G4 P100
G1 X81.320 Y204.873 F1000.000
G1 X81.485 Y205.535
G1 X81.625 Y205.750
G1 X81.910 Y205.815
G1 X82.063 Y205.780
G1 X82.105 Y205.675
G1 X81.895 Y204.222
G1 X81.975 Y204.180
G1 X82.163 Y204.330
G1 X82.773 Y205.750
G1 X83.020 Y205.815
G1 X83.180 Y205.787
G1 X83.225 Y205.685
G1 X82.960 Y204.210
G1 X83.000 Y204.062
G1 X83.105 Y204.010
G1 X83.343 Y204.132
G1 X83.845 Y204.600
G1 X83.948 Y204.540
G1 X83.985 Y204.375
G1 X83.890 Y204.065
G1 X83.428 Y203.630
G1 X83.163 Y203.502
G1 X82.657 Y203.506
G1 X82.513 Y203.645
G1 X82.400 Y204.165
G1 X82.145 Y203.642
G1 X81.780 Y203.460
G1 X81.576 Y203.512
G1 X81.306 Y203.901
G0 Z5.000 F500.000
G0 X83.345 Y204.115 F3000.000
G1 Z1.000 F500.000
G4 P100
G1 X83.463 Y204.525 F1000.000
G1 X83.785 Y204.675
G1 X83.920 Y204.639
G1 X83.965 Y204.530
G1 X84.015 Y204.075
G1 X84.205 Y203.970
G1 X84.520 Y204.067
G1 X84.835 Y204.345
G1 X84.501 Y204.392
G1 X84.293 Y204.535
G1 X84.159 Y204.757
G1 X84.115 Y205.045
G1 X84.169 Y205.373
G1 X84.330 Y205.618
G1 X84.588 Y205.769
G1 X84.930 Y205.820
G1 X85.485 Y205.735
G1 X85.715 Y205.810
G1 X85.873 Y205.762
G1 X85.920 Y205.635
G1 X85.715 Y204.640
G1 X85.713 Y204.062
G1 X85.820 Y204.010
G1 X86.050 Y204.125
G1 X86.560 Y204.600
G1 X86.663 Y204.540
G1 X86.700 Y204.375
G1 X86.605 Y204.065
G1 X86.105 Y203.610
G1 X85.630 Y203.460
G1 X85.315 Y203.605
G1 X85.205 Y204.020
G1 X85.235 Y204.335
G1 X84.699 Y203.679
G1 X84.385 Y203.515
G1 X84.040 Y203.460
G1 X83.759 Y203.505
G1 X83.538 Y203.640
G1 X83.393 Y203.849
G1 X83.345 Y204.115
G0 Z5.000 F500.000
G0 X84.723 Y204.815 F3000.000
G1 Z1.000 F500.000
G4 P100
G1 X85.100 Y204.730 F1000.000
G1 X85.370 Y205.360
G1 X85.050 Y205.415
G1 X84.740 Y205.320
G1 X84.630 Y205.050
G1 X84.723 Y204.815
G0 Z5.000 F500.000
G0 X23.050 Y193.400 F3000.000
G1 Z1.000 F500.000
G4 P100
G1 X22.955 Y193.090 F1000.000
G1 X22.492 Y192.655
G1 X22.228 Y192.528
G1 X21.690 Y192.532
G1 X21.500 Y192.675
G1 X20.905 Y192.485
G1 X20.799 Y191.599
G1 X20.610 Y190.873
G1 X20.326 Y190.387
G1 X19.935 Y190.225
G1 X19.700 Y190.274
G1 X19.535 Y190.420
G1 X19.405 Y190.960
G1 X19.461 Y191.491
G1 X19.916 Y192.788
G1 X20.325 Y193.540
G1 X20.315 Y194.555
G1 X20.430 Y194.785
G1 X20.730 Y194.870
G1 X20.883 Y194.827
G1 X20.940 Y194.475
G1 X21.255 Y194.762
G1 X21.585 Y194.850
G1 X21.839 Y194.794
G1 X22.043 Y194.625
G1 X22.176 Y194.365
G1 X22.220 Y194.035
G1 X22.135 Y193.520
G1 X21.900 Y193.065
G1 X22.075 Y193.035
G1 X22.390 Y193.155
G1 X22.910 Y193.625
G1 X23.012 Y193.565
G1 X23.050 Y193.400
G0 Z5.000 F500.000
G0 X21.595 Y194.040 F3000.000
G1 Z1.000 F500.000
G4 P100
G1 X21.535 Y194.267 F1000.000
G1 X21.375 Y194.345
G1 X21.176 Y194.250
G1 X20.940 Y193.965
G1 X20.930 Y192.965
G1 X21.262 Y193.162
G1 X21.505 Y193.553
G1 X21.595 Y194.040
G0 Z5.000 F500.000
G0 X20.315 Y192.765 F3000.000
G1 Z1.000 F500.000
G4 P100
G1 X19.975 Y191.810 F1000.000
G1 X19.850 Y191.045
G1 X19.887 Y190.800
G1 X19.975 Y190.715
G1 X20.099 Y190.862
G1 X20.200 Y191.303
G1 X20.315 Y192.765
G0 Z5.000 F500.000
G0 X22.788 Y192.692 F3000.000
G1 Z1.000 F500.000
G4 P100
G1 X22.645 Y193.210 F1000.000
G1 X22.695 Y193.898
G1 X22.860 Y194.560
G1 X23.000 Y194.775
G1 X23.285 Y194.840
G1 X23.438 Y194.805
G1 X23.480 Y194.700
G1 X23.245 Y193.395
G1 X23.350 Y193.205
G1 X23.538 Y193.355
G1 X23.778 Y193.810
G1 X24.148 Y194.775
G1 X24.555 Y194.812
G1 X24.600 Y194.710
G1 X24.335 Y193.235
G1 X24.375 Y193.088
G1 X24.480 Y193.035
G1 X24.718 Y193.157
G1 X25.220 Y193.625
G1 X25.323 Y193.565
G1 X25.360 Y193.400
G1 X25.265 Y193.090
G1 X24.803 Y192.655
G1 X24.538 Y192.528
G1 X24.032 Y192.531
G1 X23.888 Y192.670
G1 X23.775 Y193.190
G1 X23.520 Y192.667
G1 X23.344 Y192.531
G1 X22.951 Y192.537
G1 X22.788 Y192.692
G0 Z5.000 F500.000
G0 X24.943 Y193.084 F3000.000
G1 Z1.000 F500.000
G4 P100
G1 X24.875 Y193.495 F1000.000
G1 X25.035 Y194.205
G1 X25.450 Y194.675
G1 X25.985 Y194.840
G1 X26.413 Y194.678
G1 X26.565 Y194.260
G1 X26.473 Y193.905
G1 X26.230 Y193.760
G1 X26.078 Y193.805
G1 X26.020 Y193.930
G1 X26.038 Y194.315
G1 X25.945 Y194.350
G1 X25.730 Y194.248
G1 X25.570 Y193.970
G1 X25.510 Y193.585
G1 X25.636 Y193.150
G1 X26.015 Y193.005
G1 X26.458 Y193.142
G1 X27.060 Y193.625
G1 X27.163 Y193.565
G1 X27.200 Y193.400
G1 X27.105 Y193.090
G1 X26.847 Y192.833
G1 X26.543 Y192.642
G1 X25.910 Y192.485
G1 X25.474 Y192.554
G1 X25.148 Y192.762
G1 X24.943 Y193.084
G0 Z5.000 F500.000
G0 X26.831 Y192.926 F3000.000
G1 Z1.000 F500.000
G4 P100
G1 X26.845 Y193.898 F1000.000
G1 X27.010 Y194.560
G1 X27.150 Y194.775
G1 X27.435 Y194.840
G1 X27.588 Y194.805
G1 X27.630 Y194.700
G1 X27.425 Y193.702
G1 X27.421 Y193.252
G1 X27.500 Y193.205
G1 X27.688 Y193.355
G1 X28.298 Y194.775
G1 X28.545 Y194.840
G1 X28.705 Y194.810
G1 X28.750 Y194.710
G1 X28.490 Y193.045
G1 X29.240 Y193.575
G1 X29.355 Y193.615
G1 X29.458 Y193.553
G1 X29.495 Y193.395
G1 X29.350 Y193.100
G1 X28.390 Y192.455
G1 X28.171 Y191.531
G1 X27.893 Y190.827
G1 X27.543 Y190.383
G1 X27.110 Y190.235
G1 X26.879 Y190.274
G1 X26.575 Y190.574
G1 X26.535 Y190.805
G1 X26.643 Y191.285
G1 X27.043 Y191.847
G1 X27.870 Y192.575
G1 X27.965 Y193.220
G1 X27.685 Y192.673
G1 X27.500 Y192.532
G1 X27.101 Y192.537
G1 X26.831 Y192.926
G0 Z5.000 F500.000
G0 X27.755 Y191.975 F3000.000
G1 Z1.000 F500.000
G4 P100
G1 X27.198 Y191.382 F1000.000
G1 X27.025 Y190.915
G1 X27.058 Y190.775
G1 X27.165 Y190.720
G1 X27.297 Y190.792
G1 X27.445 Y191.010
G1 X27.755 Y191.975
G0 Z5.000 F500.000
G0 X29.383 Y192.535 F3000.000
G1 Z1.000 F500.000
G4 P100
G1 X29.278 Y192.685 F1000.000
G1 X29.200 Y193.325
G1 X29.246 Y193.959
G1 X29.385 Y194.560
G1 X29.530 Y194.773
G1 X29.820 Y194.840
G1 X29.960 Y194.815
G1 X30.000 Y194.720
G1 X29.850 Y193.960
G1 X30.490 Y193.960
G1 X30.758 Y194.775
G1 X31.165 Y194.812
G1 X31.210 Y194.710
G1 X30.945 Y193.235
G1 X30.985 Y193.088
G1 X31.090 Y193.035
G1 X31.328 Y193.157
G1 X31.830 Y193.625
G1 X31.933 Y193.565
G1 X31.970 Y193.400
G1 X31.875 Y193.090
G1 X31.403 Y192.655
G1 X30.850 Y192.485
G1 X30.629 Y192.525
G1 X30.485 Y192.645
G1 X30.380 Y193.125
G1 X30.405 Y193.450
G1 X29.795 Y193.460
G1 X29.710 Y192.542
G1 X29.545 Y192.485
G1 X29.383 Y192.535
G0 Z5.000 F500.000
G0 X31.653 Y192.685 F3000.000
G1 Z1.000 F500.000
G4 P100
G1 X31.575 Y193.325 F1000.000
G1 X31.621 Y193.959
G1 X31.760 Y194.560
G1 X31.908 Y194.773
G1 X32.195 Y194.840
G1 X32.335 Y194.815
G1 X32.375 Y194.720
G1 X32.160 Y193.540
G1 X32.364 Y194.140
G1 X32.615 Y194.540
G1 X32.919 Y194.765
G1 X33.280 Y194.840
G1 X33.688 Y194.678
G1 X33.835 Y194.260
G1 X33.743 Y193.905
G1 X33.500 Y193.760
G1 X33.348 Y193.805
G1 X33.290 Y193.930
G1 X33.340 Y194.215
G1 X33.210 Y194.350
G1 X33.015 Y194.248
G1 X32.863 Y193.972
G1 X32.805 Y193.600
G1 X32.930 Y193.167
G1 X33.290 Y193.005
G1 X33.620 Y193.127
G1 X34.155 Y193.625
G1 X34.258 Y193.565
G1 X34.295 Y193.400
G1 X34.200 Y193.090
G1 X33.750 Y192.653
G1 X33.510 Y192.527
G1 X33.240 Y192.485
G1 X32.812 Y192.588
G1 X32.500 Y192.835
G1 X32.345 Y193.115
G1 X32.143 Y192.560
G1 X31.920 Y192.485
G1 X31.758 Y192.535
G1 X31.653 Y192.685
G0 Z5.000 F500.000
G0 X33.871 Y192.970 F3000.000
G1 Z1.000 F500.000
G4 P100
G1 X33.871 Y193.689 F1000.000
G1 X34.226 Y194.380
G1 X34.819 Y194.796
G1 X35.155 Y194.850
G1 X35.303 Y194.808
G1 X35.365 Y194.655
G1 X35.769 Y194.631
G1 X35.830 Y194.500
G1 X35.640 Y193.200
G1 X35.678 Y193.080
G1 X35.775 Y193.035
G1 X36.005 Y193.157
G1 X36.505 Y193.625
G1 X36.608 Y193.565
G1 X36.645 Y193.400
G1 X36.550 Y193.090
G1 X36.115 Y192.660
G1 X35.670 Y192.485
G1 X35.368 Y192.597
G1 X35.160 Y192.905
G1 X34.866 Y192.590
G1 X34.505 Y192.485
G1 X34.226 Y192.541
G1 X34.010 Y192.710
G1 X33.871 Y192.970
G0 Z5.000 F500.000
G0 X34.513 Y193.065 F3000.000
G1 Z1.000 F500.000
G4 P100
G1 X34.685 Y192.990 F1000.000
G1 X34.895 Y193.120
G1 X35.040 Y193.465
G1 X35.225 Y194.385
G1 X34.838 Y194.227
G1 X34.555 Y193.825
G1 X34.450 Y193.295
G1 X34.513 Y193.065
G0 Z5.000 F500.000
G0 X36.140 Y192.920 F3000.000
G1 Z1.000 F500.000
G4 P100
G1 X36.268 Y193.280 F1000.000
G1 X36.625 Y193.415
G1 X36.958 Y193.308
G1 X37.070 Y192.990
G1 X36.940 Y192.623
G1 X36.585 Y192.485
G1 X36.253 Y192.605
G1 X36.140 Y192.920
G0 Z5.000 F500.000
G0 X36.760 Y193.910 F3000.000
G1 Z1.000 F500.000
G4 P100
G1 X36.428 Y194.030 F1000.000
G1 X36.315 Y194.345
G1 X36.443 Y194.705
G1 X36.800 Y194.840
G1 X37.133 Y194.733
G1 X37.245 Y194.415
G1 X37.115 Y194.048
G1 X36.760 Y193.910
G0 Z5.000 F500.000
G0 X38.906 Y193.959 F3000.000
G1 Z1.000 F500.000
G4 P100
G1 X39.045 Y194.560 F1000.000
G1 X39.193 Y194.773
G1 X39.480 Y194.840
G1 X39.620 Y194.815
G1 X39.660 Y194.720
G1 X39.455 Y193.640
G1 X39.825 Y194.340
G1 X40.228 Y194.725
G1 X40.590 Y194.840
G1 X40.834 Y194.759
G1 X40.915 Y194.515
G1 X40.710 Y193.235
G1 X40.746 Y193.085
G1 X40.855 Y193.035
G1 X41.093 Y193.157
G1 X41.595 Y193.625
G1 X41.698 Y193.565
G1 X41.735 Y193.400
G1 X41.640 Y193.090
G1 X41.178 Y192.655
G1 X40.913 Y192.528
G1 X40.391 Y192.522
G1 X40.133 Y192.813
G1 X40.100 Y193.060
G1 X40.235 Y193.995
G1 X40.180 Y194.075
G1 X39.998 Y193.907
G1 X39.758 Y193.465
G1 X39.433 Y192.567
G1 X39.205 Y192.485
G1 X39.043 Y192.535
G1 X38.938 Y192.685
G1 X38.860 Y193.325
G1 X38.906 Y193.959
G0 Z5.000 F500.000
G0 X41.255 Y193.535 F3000.000
G1 Z1.000 F500.000
G4 P100
G1 X41.400 Y194.213 F1000.000
G1 X41.573 Y194.477
G1 X42.069 Y194.803
G1 X42.365 Y194.845
G1 X42.708 Y194.779
G1 X42.978 Y194.582
G1 X43.162 Y194.289
G1 X43.250 Y193.935
G1 X43.880 Y194.045
G1 X43.980 Y193.980
G1 X44.015 Y193.815
G1 X43.979 Y193.624
G1 X43.870 Y193.530
G1 X43.210 Y193.410
G1 X43.069 Y193.032
G1 X42.835 Y192.738
G1 X42.536 Y192.548
G1 X42.200 Y192.485
G1 X41.688 Y192.630
G1 X41.365 Y193.015
G1 X41.255 Y193.535
G0 Z5.000 F500.000
G0 X41.988 Y193.160 F3000.000
G1 Z1.000 F500.000
G4 P100
G1 X42.240 Y193.015 F1000.000
G1 X42.518 Y193.145
G1 X42.675 Y193.520
G1 X42.438 Y193.795
G1 X42.370 Y194.315
G1 X42.168 Y194.267
G1 X42.013 Y194.123
G1 X41.913 Y193.891
G1 X41.880 Y193.580
G1 X41.988 Y193.160
G0 Z5.000 F500.000
G0 X43.350 Y193.140 F3000.000
G1 Z1.000 F500.000
G4 P100
G1 X43.465 Y193.545 F1000.000
G1 X43.790 Y193.700
G1 X43.933 Y193.660
G1 X43.970 Y193.550
G1 X43.953 Y193.085
G1 X44.020 Y193.040
G1 X44.133 Y193.115
G1 X44.970 Y194.752
G1 X45.270 Y194.830
G1 X45.550 Y194.755
G1 X45.640 Y194.510
G1 X45.664 Y193.141
G1 X45.825 Y193.010
G1 X46.003 Y193.095
G1 X46.535 Y193.625
G1 X46.638 Y193.565
G1 X46.675 Y193.400
G1 X46.580 Y193.090
G1 X46.293 Y192.778
G1 X45.993 Y192.572
G1 X45.590 Y192.485
G1 X45.338 Y192.543
G1 X45.170 Y192.718
G1 X45.076 Y193.009
G1 X45.065 Y193.875
G1 X44.834 Y193.286
G1 X44.562 Y192.850
G1 X44.249 Y192.580
G1 X43.895 Y192.490
G1 X43.668 Y192.536
G1 X43.495 Y192.675
G1 X43.350 Y193.140
G0 Z5.000 F500.000
G0 X46.255 Y193.535 F3000.000
G1 Z1.000 F500.000
G4 P100
G1 X46.400 Y194.213 F1000.000
G1 X46.573 Y194.477
G1 X47.069 Y194.803
G1 X47.365 Y194.845
G1 X47.708 Y194.779
G1 X47.978 Y194.582
G1 X48.162 Y194.289
G1 X48.250 Y193.935
G1 X48.880 Y194.045
G1 X48.980 Y193.980
G1 X49.015 Y193.815
G1 X48.979 Y193.624
G1 X48.870 Y193.530
G1 X48.210 Y193.410
G1 X48.069 Y193.032
G1 X47.835 Y192.738
G1 X47.536 Y192.548
G1 X47.200 Y192.485
G1 X46.688 Y192.630
G1 X46.365 Y193.015
G1 X46.255 Y193.535
G0 Z5.000 F500.000
G0 X46.988 Y193.160 F3000.000
G1 Z1.000 F500.000
G4 P100
G1 X47.240 Y193.015 F1000.000
G1 X47.518 Y193.145
G1 X47.675 Y193.520
G1 X47.438 Y193.795
G1 X47.370 Y194.315
G1 X47.168 Y194.267
G1 X47.013 Y194.123
G1 X46.913 Y193.891
G1 X46.880 Y193.580
G1 X46.988 Y193.160
G0 Z5.000 F500.000
G0 X48.430 Y193.075 F3000.000
G1 Z1.000 F500.000
G4 P100
G1 X48.545 Y193.480 F1000.000
G1 X48.870 Y193.635
G1 X49.005 Y193.601
G1 X49.050 Y193.500
G1 X49.058 Y193.058
G1 X49.155 Y193.020
G1 X49.338 Y193.132
G1 X49.483 Y193.440
G1 X49.540 Y193.870
G1 X49.495 Y194.173
G1 X49.385 Y194.295
G1 X49.305 Y194.267
G1 X49.175 Y194.048
G1 X49.000 Y194.000
G1 X48.825 Y194.077
G1 X48.760 Y194.315
G1 X48.923 Y194.713
G1 X49.330 Y194.860
G1 X49.733 Y194.673
G1 X50.015 Y194.100
G1 X50.100 Y194.605
G1 X50.230 Y194.790
G1 X50.625 Y194.810
G1 X50.665 Y194.710
G1 X50.465 Y193.540
G1 X50.765 Y194.308
G1 X51.113 Y194.715
G1 X51.560 Y194.840
G1 X51.792 Y194.799
G1 X52.078 Y194.492
G1 X52.115 Y194.260
G1 X52.023 Y193.905
G1 X51.780 Y193.760
G1 X51.628 Y193.805
G1 X51.588 Y194.316
G1 X51.490 Y194.350
G1 X51.295 Y194.248
G1 X51.143 Y193.972
G1 X51.085 Y193.600
G1 X51.210 Y193.167
G1 X51.570 Y193.005
G1 X51.900 Y193.127
G1 X52.435 Y193.625
G1 X52.538 Y193.565
G1 X52.575 Y193.400
G1 X52.480 Y193.090
G1 X52.030 Y192.653
G1 X51.520 Y192.485
G1 X51.090 Y192.605
G1 X50.785 Y192.907
G1 X50.635 Y193.275
G1 X50.475 Y192.655
G1 X50.373 Y192.525
G1 X50.220 Y192.485
G1 X50.050 Y192.570
G1 X50.000 Y192.840
G1 X50.110 Y193.720
G1 X49.833 Y193.075
G1 X49.513 Y192.660
G1 X49.292 Y192.532
G1 X48.779 Y192.530
G1 X48.470 Y192.836
G1 X48.430 Y193.075
G0 Z5.000 F500.000
G0 X52.095 Y193.550 F3000.000
G1 Z1.000 F500.000
G4 P100
G1 X52.240 Y194.192 F1000.000
G1 X52.413 Y194.459
G1 X52.917 Y194.796
G1 X53.225 Y194.840
G1 X53.486 Y194.797
G1 X53.690 Y194.667
G1 X53.821 Y194.464
G1 X53.865 Y194.200
G1 X53.803 Y193.879
G1 X53.618 Y193.607
G1 X53.284 Y193.386
G1 X52.780 Y193.215
G1 X52.961 Y193.042
G1 X53.255 Y192.985
G1 X53.768 Y193.142
G1 X54.400 Y193.625
G1 X54.503 Y193.565
G1 X54.540 Y193.400
G1 X54.445 Y193.090
G1 X53.923 Y192.675
G1 X53.200 Y192.485
G1 X52.734 Y192.556
G1 X52.385 Y192.770
G1 X52.168 Y193.108
G1 X52.095 Y193.550
G0 Z5.000 F500.000
G0 X52.700 Y193.615 F3000.000
G1 Z1.000 F500.000
G4 P100
G1 X53.165 Y193.815 F1000.000
G1 X53.293 Y193.966
G1 X53.283 Y194.292
G1 X53.140 Y194.350
G1 X52.969 Y194.296
G1 X52.828 Y194.135
G1 X52.700 Y193.615
G0 Z5.000 F500.000
G0 X54.191 Y193.959 F3000.000
G1 Z1.000 F500.000
G4 P100
G1 X54.330 Y194.560 F1000.000
G1 X54.475 Y194.773
G1 X54.765 Y194.840
G1 X54.905 Y194.815
G1 X54.945 Y194.720
G1 X54.795 Y193.960
G1 X55.435 Y193.960
G1 X55.703 Y194.775
G1 X56.110 Y194.812
G1 X56.155 Y194.710
G1 X55.890 Y193.235
G1 X55.930 Y193.088
G1 X56.035 Y193.035
G1 X56.273 Y193.157
G1 X56.775 Y193.625
G1 X56.878 Y193.565
G1 X56.915 Y193.400
G1 X56.820 Y193.090
G1 X56.348 Y192.655
G1 X55.795 Y192.485
G1 X55.574 Y192.525
G1 X55.430 Y192.645
G1 X55.325 Y193.125
G1 X55.350 Y193.450
G1 X54.740 Y193.460
G1 X54.715 Y192.725
G1 X54.655 Y192.542
G1 X54.490 Y192.485
G1 X54.328 Y192.535
G1 X54.223 Y192.685
G1 X54.145 Y193.325
G1 X54.191 Y193.959
G0 Z5.000 F500.000
G0 X56.510 Y193.210 F3000.000
G1 Z1.000 F500.000
G4 P100
G1 X56.560 Y193.898 F1000.000
G1 X56.725 Y194.560
G1 X56.865 Y194.775
G1 X57.150 Y194.840
G1 X57.303 Y194.805
G1 X57.345 Y194.700
G1 X57.135 Y193.248
G1 X57.215 Y193.205
G1 X57.403 Y193.355
G1 X58.013 Y194.775
G1 X58.260 Y194.840
G1 X58.420 Y194.812
G1 X58.465 Y194.710
G1 X58.200 Y193.235
G1 X58.240 Y193.088
G1 X58.345 Y193.035
G1 X58.583 Y193.157
G1 X59.085 Y193.625
G1 X59.188 Y193.565
G1 X59.225 Y193.400
G1 X59.130 Y193.090
G1 X58.668 Y192.655
G1 X58.105 Y192.485
G1 X57.897 Y192.531
G1 X57.753 Y192.670
G1 X57.640 Y193.190
G1 X57.385 Y192.667
G1 X57.020 Y192.485
G1 X56.816 Y192.537
G1 X56.546 Y192.926
G1 X56.510 Y193.210
G0 Z5.000 F500.000
G0 X58.818 Y193.108 F3000.000
G1 Z1.000 F500.000
G4 P100
G1 X58.745 Y193.550 F1000.000
G1 X58.890 Y194.192
G1 X59.293 Y194.665
G1 X59.875 Y194.840
G1 X60.136 Y194.797
G1 X60.340 Y194.667
G1 X60.471 Y194.464
G1 X60.515 Y194.200
G1 X60.453 Y193.879
G1 X60.268 Y193.607
G1 X59.934 Y193.386
G1 X59.430 Y193.215
G1 X59.611 Y193.042
G1 X59.905 Y192.985
G1 X60.418 Y193.142
G1 X61.050 Y193.625
G1 X61.153 Y193.565
G1 X61.190 Y193.400
G1 X61.095 Y193.090
G1 X60.573 Y192.675
G1 X59.850 Y192.485
G1 X59.384 Y192.556
G1 X59.035 Y192.770
G1 X58.818 Y193.108
G0 Z5.000 F500.000
G0 X59.350 Y193.615 F3000.000
G1 Z1.000 F500.000
G4 P100
G1 X59.815 Y193.815 F1000.000
G1 X59.943 Y193.966
G1 X59.933 Y194.292
G1 X59.790 Y194.350
G1 X59.619 Y194.296
G1 X59.478 Y194.135
G1 X59.350 Y193.615
G0 Z5.000 F500.000
G0 X62.070 Y193.875 F3000.000
G1 Z1.000 F500.000
G4 P100
G1 X62.190 Y194.205 F1000.000
G1 X62.605 Y194.675
G1 X62.866 Y194.799
G1 X63.384 Y194.799
G1 X63.682 Y194.492
G1 X63.720 Y194.260
G1 X63.628 Y193.905
G1 X63.385 Y193.760
G1 X63.233 Y193.805
G1 X63.193 Y194.315
G1 X63.100 Y194.350
G1 X62.885 Y194.248
G1 X62.725 Y193.970
G1 X62.665 Y193.585
G1 X62.791 Y193.150
G1 X63.170 Y193.005
G1 X63.613 Y193.142
G1 X64.215 Y193.625
G1 X64.318 Y193.565
G1 X64.355 Y193.400
G1 X64.260 Y193.090
G1 X63.698 Y192.642
G1 X63.065 Y192.485
G1 X62.629 Y192.554
G1 X62.303 Y192.762
G1 X62.098 Y193.084
G1 X62.030 Y193.495
G1 X62.070 Y193.875
G0 Z5.000 F500.000
G0 X63.960 Y193.325 F3000.000
G1 Z1.000 F500.000
G4 P100
G1 X64.145 Y194.560 F1000.000
G1 X64.293 Y194.773
G1 X64.580 Y194.840
G1 X64.720 Y194.815
G1 X64.760 Y194.720
G1 X64.555 Y193.645
G1 X64.878 Y194.305
G1 X65.263 Y194.707
G1 X65.635 Y194.840
G1 X65.883 Y194.760
G1 X65.955 Y194.515
G1 X65.805 Y193.665
G1 X66.069 Y194.196
G1 X66.360 Y194.560
G1 X66.655 Y194.770
G1 X66.930 Y194.840
G1 X67.174 Y194.759
G1 X67.255 Y194.515
G1 X67.050 Y193.235
G1 X67.086 Y193.085
G1 X67.195 Y193.035
G1 X67.433 Y193.157
G1 X67.935 Y193.625
G1 X68.038 Y193.565
G1 X68.075 Y193.400
G1 X67.980 Y193.090
G1 X67.518 Y192.655
G1 X66.955 Y192.485
G1 X66.731 Y192.522
G1 X66.473 Y192.813
G1 X66.440 Y193.060
G1 X66.575 Y193.995
G1 X66.520 Y194.075
G1 X66.335 Y193.907
G1 X66.095 Y193.465
G1 X65.773 Y192.565
G1 X65.540 Y192.485
G1 X65.293 Y192.642
G1 X65.210 Y193.025
G1 X65.300 Y193.995
G1 X65.245 Y194.075
G1 X65.055 Y193.895
G1 X64.833 Y193.435
G1 X64.533 Y192.567
G1 X64.305 Y192.485
G1 X64.143 Y192.535
G1 X64.038 Y192.685
G1 X63.960 Y193.325
G0 Z5.000 F500.000
G0 X67.060 Y192.102 F3000.000
G1 Z1.000 F500.000
G4 P100
G1 X67.755 Y193.540 F1000.000
G1 X67.745 Y194.555
G1 X67.860 Y194.785
G1 X68.160 Y194.870
G1 X68.313 Y194.827
G1 X68.370 Y194.475
G1 X68.685 Y194.762
G1 X69.015 Y194.850
G1 X69.269 Y194.794
G1 X69.473 Y194.625
G1 X69.606 Y194.365
G1 X69.650 Y194.035
G1 X69.565 Y193.520
G1 X69.330 Y193.065
G1 X69.505 Y193.035
G1 X69.820 Y193.155
G1 X70.205 Y193.555
G1 X70.340 Y193.625
G1 X70.443 Y193.565
G1 X70.480 Y193.400
G1 X70.385 Y193.090
G1 X69.923 Y192.655
G1 X69.360 Y192.485
G1 X69.120 Y192.532
G1 X68.930 Y192.675
G1 X68.335 Y192.485
G1 X68.229 Y191.599
G1 X68.040 Y190.873
G1 X67.756 Y190.387
G1 X67.574 Y190.265
G1 X67.130 Y190.274
G1 X66.965 Y190.420
G1 X66.868 Y190.653
G1 X66.891 Y191.491
G1 X67.060 Y192.102
G0 Z5.000 F500.000
G0 X67.280 Y191.045 F3000.000
G1 Z1.000 F500.000
G4 P100
G1 X67.318 Y190.800 F1000.000
G1 X67.405 Y190.715
G1 X67.529 Y190.862
G1 X67.630 Y191.303
G1 X67.745 Y192.765
G1 X67.405 Y191.810
G1 X67.280 Y191.045
G0 Z5.000 F500.000
G0 X68.360 Y192.965 F3000.000
G1 Z1.000 F500.000
G4 P100
G1 X68.693 Y193.162 F1000.000
G1 X68.935 Y193.553
G1 X69.025 Y194.040
G1 X68.965 Y194.267
G1 X68.805 Y194.345
G1 X68.606 Y194.250
G1 X68.370 Y193.965
G1 X68.360 Y192.965
G0 Z5.000 F500.000
G0 X70.000 Y193.535 F3000.000
G1 Z1.000 F500.000
G4 P100
G1 X70.145 Y194.213 F1000.000
G1 X70.318 Y194.477
G1 X70.814 Y194.803
G1 X71.110 Y194.845
G1 X71.453 Y194.779
G1 X71.723 Y194.582
G1 X71.907 Y194.289
G1 X71.995 Y193.935
G1 X72.625 Y194.045
G1 X72.725 Y193.980
G1 X72.760 Y193.815
G1 X72.724 Y193.624
G1 X72.615 Y193.530
G1 X71.955 Y193.410
G1 X71.814 Y193.032
G1 X71.580 Y192.738
G1 X71.281 Y192.548
G1 X70.945 Y192.485
G1 X70.433 Y192.630
G1 X70.110 Y193.015
G1 X70.000 Y193.535
G0 Z5.000 F500.000
G0 X70.733 Y193.160 F3000.000
G1 Z1.000 F500.000
G4 P100
G1 X70.985 Y193.015 F1000.000
G1 X71.263 Y193.145
G1 X71.420 Y193.520
G1 X71.183 Y193.795
G1 X71.115 Y194.315
G1 X70.913 Y194.267
G1 X70.758 Y194.123
G1 X70.658 Y193.891
G1 X70.625 Y193.580
G1 X70.733 Y193.160
G0 Z5.000 F500.000
G0 X72.340 Y193.325 F3000.000
G1 Z1.000 F500.000
G4 P100
G1 X72.525 Y194.560 F1000.000
G1 X72.673 Y194.773
G1 X72.960 Y194.840
G1 X73.100 Y194.815
G1 X73.140 Y194.720
G1 X72.925 Y193.540
G1 X73.129 Y194.140
G1 X73.380 Y194.540
G1 X73.684 Y194.765
G1 X74.045 Y194.840
G1 X74.453 Y194.678
G1 X74.600 Y194.260
G1 X74.508 Y193.905
G1 X74.265 Y193.760
G1 X74.113 Y193.805
G1 X74.055 Y193.930
G1 X74.073 Y194.316
G1 X73.975 Y194.350
G1 X73.780 Y194.248
G1 X73.628 Y193.972
G1 X73.570 Y193.600
G1 X73.695 Y193.167
G1 X74.055 Y193.005
G1 X74.385 Y193.127
G1 X74.920 Y193.625
G1 X75.023 Y193.565
G1 X75.060 Y193.400
G1 X74.965 Y193.090
G1 X74.515 Y192.653
G1 X74.005 Y192.485
G1 X73.578 Y192.588
G1 X73.265 Y192.835
G1 X73.110 Y193.115
G1 X72.908 Y192.560
G1 X72.685 Y192.485
G1 X72.523 Y192.535
G1 X72.418 Y192.685
G1 X72.340 Y193.325
G0 Z5.000 F500.000
G0 X75.990 Y193.325 F3000.000
G1 Z1.000 F500.000
G4 P100
G1 X76.175 Y194.560 F1000.000
G1 X76.320 Y194.773
G1 X76.610 Y194.840
G1 X76.750 Y194.815
G1 X76.790 Y194.720
G1 X76.640 Y193.960
G1 X77.280 Y193.960
G1 X77.548 Y194.775
G1 X77.955 Y194.812
G1 X78.000 Y194.710
G1 X77.735 Y193.235
G1 X77.775 Y193.088
G1 X77.880 Y193.035
G1 X78.118 Y193.157
G1 X78.620 Y193.625
G1 X78.723 Y193.565
G1 X78.760 Y193.400
G1 X78.665 Y193.090
G1 X78.193 Y192.655
G1 X77.640 Y192.485
G1 X77.419 Y192.525
G1 X77.275 Y192.645
G1 X77.170 Y193.125
G1 X77.195 Y193.450
G1 X76.585 Y193.460
G1 X76.560 Y192.725
G1 X76.500 Y192.542
G1 X76.335 Y192.485
G1 X76.173 Y192.535
G1 X76.068 Y192.685
G1 X75.990 Y193.325
G0 Z5.000 F500.000
G0 X78.353 Y193.108 F3000.000
G1 Z1.000 F500.000
G4 P100
G1 X78.280 Y193.550 F1000.000
G1 X78.425 Y194.192
G1 X78.828 Y194.665
G1 X79.410 Y194.840
G1 X79.671 Y194.797
G1 X79.875 Y194.667
G1 X80.006 Y194.464
G1 X80.050 Y194.200
G1 X79.988 Y193.879
G1 X79.803 Y193.607
G1 X79.469 Y193.386
G1 X78.965 Y193.215
G1 X79.146 Y193.042
G1 X79.440 Y192.985
G1 X79.953 Y193.142
G1 X80.585 Y193.625
G1 X80.688 Y193.565
G1 X80.725 Y193.400
G1 X80.630 Y193.090
G1 X80.108 Y192.675
G1 X79.385 Y192.485
G1 X78.919 Y192.556
G1 X78.570 Y192.770
G1 X78.353 Y193.108
G0 Z5.000 F500.000
G0 X78.885 Y193.615 F3000.000
G1 Z1.000 F500.000
G4 P100
G1 X79.350 Y193.815 F1000.000
G1 X79.478 Y193.966
G1 X79.468 Y194.292
G1 X79.325 Y194.350
G1 X79.154 Y194.296
G1 X79.013 Y194.135
G1 X78.885 Y193.615
G0 Z5.000 F500.000
G0 X22.940 Y182.420 F3000.000
G1 Z1.000 F500.000
G4 P100
G1 X22.795 Y182.125 F1000.000
G1 X21.845 Y181.480
G1 X21.626 Y180.556
G1 X21.348 Y179.852
G1 X20.998 Y179.408
G1 X20.565 Y179.260
G1 X20.150 Y179.417
G1 X19.990 Y179.830
G1 X20.060 Y180.198
G1 X20.270 Y180.593
G1 X20.672 Y181.047
G1 X21.320 Y181.595
G1 X21.350 Y181.790
G1 X21.128 Y181.582
G1 X20.855 Y181.510
G1 X20.576 Y181.566
G1 X20.360 Y181.735
G1 X20.221 Y181.995
G1 X20.221 Y182.714
G1 X20.576 Y183.405
G1 X21.169 Y183.821
G1 X21.505 Y183.875
G1 X21.652 Y183.832
G1 X21.715 Y183.680
G1 X22.113 Y183.662
G1 X22.160 Y183.420
G1 X21.945 Y182.070
G1 X22.685 Y182.600
G1 X22.800 Y182.640
G1 X22.902 Y182.577
G1 X22.940 Y182.420
G0 Z5.000 F500.000
G0 X21.405 Y182.555 F3000.000
G1 Z1.000 F500.000
G4 P100
G1 X21.565 Y183.410 F1000.000
G1 X21.185 Y183.252
G1 X20.905 Y182.850
G1 X20.800 Y182.320
G1 X20.863 Y182.090
G1 X21.035 Y182.015
G1 X21.255 Y182.155
G1 X21.405 Y182.555
G0 Z5.000 F500.000
G0 X21.205 Y181.000 F3000.000
G1 Z1.000 F500.000
G4 P100
G1 X20.650 Y180.405 F1000.000
G1 X20.480 Y179.940
G1 X20.512 Y179.800
G1 X20.620 Y179.745
G1 X20.753 Y179.820
G1 X20.902 Y180.045
G1 X21.205 Y181.000
G0 Z5.000 F500.000
G0 X22.992 Y181.655 F3000.000
G1 Z1.000 F500.000
G4 P100
G1 X22.670 Y182.040 F1000.000
G1 X22.560 Y182.560
G1 X22.705 Y183.238
G1 X23.105 Y183.702
G1 X23.670 Y183.870
G1 X24.013 Y183.804
G1 X24.282 Y183.608
G1 X24.467 Y183.314
G1 X24.555 Y182.960
G1 X25.185 Y183.070
G1 X25.285 Y183.005
G1 X25.284 Y182.649
G1 X25.175 Y182.555
G1 X24.515 Y182.435
G1 X24.374 Y182.057
G1 X24.140 Y181.762
G1 X23.841 Y181.573
G1 X23.505 Y181.510
G1 X22.992 Y181.655
G0 Z5.000 F500.000
G0 X23.545 Y182.040 F3000.000
G1 Z1.000 F500.000
G4 P100
G1 X23.822 Y182.170 F1000.000
G1 X23.980 Y182.545
G1 X23.742 Y182.820
G1 X23.675 Y183.340
G1 X23.473 Y183.292
G1 X23.317 Y183.147
G1 X23.185 Y182.605
G1 X23.293 Y182.185
G1 X23.545 Y182.040
G0 Z5.000 F500.000
G0 X24.655 Y182.165 F3000.000
G1 Z1.000 F500.000
G4 P100
G1 X24.770 Y182.570 F1000.000
G1 X25.095 Y182.725
G1 X25.237 Y182.685
G1 X25.275 Y182.575
G1 X25.258 Y182.110
G1 X25.325 Y182.065
G1 X25.438 Y182.140
G1 X26.275 Y183.778
G1 X26.575 Y183.855
G1 X26.855 Y183.780
G1 X26.945 Y183.535
G1 X26.969 Y182.166
G1 X27.130 Y182.035
G1 X27.307 Y182.120
G1 X27.840 Y182.650
G1 X27.942 Y182.590
G1 X27.980 Y182.425
G1 X27.885 Y182.115
G1 X27.597 Y181.803
G1 X27.297 Y181.597
G1 X26.895 Y181.510
G1 X26.642 Y181.568
G1 X26.475 Y181.743
G1 X26.381 Y182.034
G1 X26.370 Y182.900
G1 X26.139 Y182.311
G1 X25.867 Y181.875
G1 X25.554 Y181.605
G1 X25.200 Y181.515
G1 X24.972 Y181.561
G1 X24.800 Y181.700
G1 X24.655 Y182.165
G0 Z5.000 F500.000
G0 X27.480 Y182.100 F3000.000
G1 Z1.000 F500.000
G4 P100
G1 X27.595 Y182.505 F1000.000
G1 X27.920 Y182.660
G1 X28.055 Y182.626
G1 X28.100 Y182.525
G1 X28.108 Y182.082
G1 X28.205 Y182.045
G1 X28.388 Y182.157
G1 X28.532 Y182.465
G1 X28.590 Y182.895
G1 X28.545 Y183.197
G1 X28.435 Y183.320
G1 X28.355 Y183.292
G1 X28.225 Y183.072
G1 X28.050 Y183.025
G1 X27.875 Y183.102
G1 X27.810 Y183.340
G1 X27.972 Y183.738
G1 X28.380 Y183.885
G1 X28.782 Y183.697
G1 X29.065 Y183.125
G1 X29.150 Y183.630
G1 X29.280 Y183.815
G1 X29.675 Y183.835
G1 X29.715 Y183.735
G1 X29.515 Y182.565
G1 X29.815 Y183.332
G1 X30.163 Y183.740
G1 X30.610 Y183.865
G1 X30.842 Y183.824
G1 X31.128 Y183.517
G1 X31.165 Y183.285
G1 X31.072 Y182.930
G1 X30.830 Y182.785
G1 X30.678 Y182.830
G1 X30.637 Y183.341
G1 X30.540 Y183.375
G1 X30.345 Y183.272
G1 X30.192 Y182.998
G1 X30.135 Y182.625
G1 X30.260 Y182.192
G1 X30.620 Y182.030
G1 X30.950 Y182.153
G1 X31.485 Y182.650
G1 X31.587 Y182.590
G1 X31.625 Y182.425
G1 X31.530 Y182.115
G1 X31.080 Y181.678
G1 X30.570 Y181.510
G1 X30.140 Y181.630
G1 X29.835 Y181.933
G1 X29.685 Y182.300
G1 X29.525 Y181.680
G1 X29.422 Y181.550
G1 X29.270 Y181.510
G1 X29.100 Y181.595
G1 X29.050 Y181.865
G1 X29.160 Y182.745
G1 X28.883 Y182.100
G1 X28.562 Y181.685
G1 X28.342 Y181.558
G1 X27.829 Y181.555
G1 X27.520 Y181.861
G1 X27.480 Y182.100
G0 Z5.000 F500.000
G0 X31.230 Y182.350 F3000.000
G1 Z1.000 F500.000
G4 P100
G1 X31.415 Y183.585 F1000.000
G1 X31.560 Y183.798
G1 X31.850 Y183.865
G1 X31.990 Y183.840
G1 X32.030 Y183.745
G1 X31.880 Y182.985
G1 X32.520 Y182.985
G1 X32.788 Y183.800
G1 X33.195 Y183.837
G1 X33.240 Y183.735
G1 X32.975 Y182.260
G1 X33.015 Y182.113
G1 X33.120 Y182.060
G1 X33.358 Y182.183
G1 X33.860 Y182.650
G1 X33.962 Y182.590
G1 X34.000 Y182.425
G1 X33.905 Y182.115
G1 X33.433 Y181.680
G1 X32.880 Y181.510
G1 X32.659 Y181.550
G1 X32.515 Y181.670
G1 X32.410 Y182.150
G1 X32.435 Y182.475
G1 X31.825 Y182.485
G1 X31.800 Y181.750
G1 X31.740 Y181.567
G1 X31.575 Y181.510
G1 X31.413 Y181.560
G1 X31.308 Y181.710
G1 X31.230 Y182.350
G0 Z5.000 F500.000
G0 X33.630 Y182.040 F3000.000
G1 Z1.000 F500.000
G4 P100
G1 X33.520 Y182.560 F1000.000
G1 X33.665 Y183.238
G1 X33.837 Y183.502
G1 X34.334 Y183.828
G1 X34.630 Y183.870
G1 X34.973 Y183.804
G1 X35.242 Y183.608
G1 X35.427 Y183.314
G1 X35.515 Y182.960
G1 X36.145 Y183.070
G1 X36.245 Y183.005
G1 X36.244 Y182.649
G1 X36.135 Y182.555
G1 X35.475 Y182.435
G1 X35.334 Y182.057
G1 X35.100 Y181.762
G1 X34.801 Y181.573
G1 X34.187 Y181.546
G1 X33.953 Y181.655
G1 X33.630 Y182.040
G0 Z5.000 F500.000
G0 X34.252 Y182.185 F3000.000
G1 Z1.000 F500.000
G4 P100
G1 X34.505 Y182.040 F1000.000
G1 X34.782 Y182.170
G1 X34.940 Y182.545
G1 X34.703 Y182.820
G1 X34.635 Y183.340
G1 X34.433 Y183.292
G1 X34.278 Y183.147
G1 X34.178 Y182.916
G1 X34.145 Y182.605
G1 X34.252 Y182.185
G0 Z5.000 F500.000
G0 X37.185 Y182.350 F3000.000
G1 Z1.000 F500.000
G4 P100
G1 X37.370 Y183.585 F1000.000
G1 X37.517 Y183.798
G1 X37.805 Y183.865
G1 X37.945 Y183.840
G1 X37.985 Y183.745
G1 X37.780 Y182.665
G1 X38.150 Y183.365
G1 X38.552 Y183.750
G1 X38.915 Y183.865
G1 X39.159 Y183.784
G1 X39.240 Y183.540
G1 X39.035 Y182.260
G1 X39.071 Y182.110
G1 X39.180 Y182.060
G1 X39.417 Y182.183
G1 X39.920 Y182.650
G1 X40.023 Y182.590
G1 X40.060 Y182.425
G1 X39.965 Y182.115
G1 X39.502 Y181.680
G1 X38.940 Y181.510
G1 X38.716 Y181.547
G1 X38.457 Y181.838
G1 X38.425 Y182.085
G1 X38.560 Y183.020
G1 X38.505 Y183.100
G1 X38.322 Y182.933
G1 X38.082 Y182.490
G1 X37.758 Y181.593
G1 X37.530 Y181.510
G1 X37.368 Y181.560
G1 X37.263 Y181.710
G1 X37.185 Y182.350
G0 Z5.000 F500.000
G0 X39.652 Y182.132 F3000.000
G1 Z1.000 F500.000
G4 P100
G1 X39.580 Y182.575 F1000.000
G1 X39.725 Y183.218
G1 X40.127 Y183.690
G1 X40.710 Y183.865
G1 X40.971 Y183.822
G1 X41.175 Y183.692
G1 X41.306 Y183.489
G1 X41.350 Y183.225
G1 X41.288 Y182.904
G1 X41.102 Y182.632
G1 X40.769 Y182.411
G1 X40.265 Y182.240
G1 X40.446 Y182.067
G1 X40.740 Y182.010
G1 X41.252 Y182.167
G1 X41.885 Y182.650
G1 X41.987 Y182.590
G1 X42.025 Y182.425
G1 X41.930 Y182.115
G1 X41.407 Y181.700
G1 X40.685 Y181.510
G1 X40.219 Y181.581
G1 X39.870 Y181.795
G1 X39.652 Y182.132
G0 Z5.000 F500.000
G0 X40.185 Y182.640 F3000.000
G1 Z1.000 F500.000
G4 P100
G1 X40.650 Y182.840 F1000.000
G1 X40.778 Y182.991
G1 X40.767 Y183.317
G1 X40.625 Y183.375
G1 X40.454 Y183.321
G1 X40.312 Y183.160
G1 X40.185 Y182.640
G0 Z5.000 F500.000
G0 X41.695 Y183.580 F3000.000
G1 Z1.000 F500.000
G4 P100
G1 X41.810 Y183.810 F1000.000
G1 X42.110 Y183.895
G1 X42.263 Y183.852
G1 X42.320 Y183.500
G1 X42.635 Y183.787
G1 X42.965 Y183.875
G1 X43.219 Y183.819
G1 X43.422 Y183.650
G1 X43.556 Y183.390
G1 X43.600 Y183.060
G1 X43.515 Y182.545
G1 X43.280 Y182.090
G1 X43.455 Y182.060
G1 X43.770 Y182.180
G1 X44.290 Y182.650
G1 X44.392 Y182.590
G1 X44.430 Y182.425
G1 X44.335 Y182.115
G1 X43.873 Y181.680
G1 X43.608 Y181.553
G1 X43.070 Y181.558
G1 X42.880 Y181.700
G1 X42.285 Y181.510
G1 X42.179 Y180.624
G1 X41.990 Y179.897
G1 X41.706 Y179.412
G1 X41.315 Y179.250
G1 X41.080 Y179.299
G1 X40.915 Y179.445
G1 X40.785 Y179.985
G1 X41.010 Y181.127
G1 X41.705 Y182.565
G1 X41.695 Y183.580
G0 Z5.000 F500.000
G0 X42.315 Y182.345 F3000.000
G1 Z1.000 F500.000
G4 P100
G1 X42.310 Y181.990 F1000.000
G1 X42.642 Y182.188
G1 X42.885 Y182.577
G1 X42.975 Y183.065
G1 X42.915 Y183.292
G1 X42.755 Y183.370
G1 X42.556 Y183.275
G1 X42.320 Y182.990
G1 X42.315 Y182.345
G0 Z5.000 F500.000
G0 X41.695 Y181.790 F3000.000
G1 Z1.000 F500.000
G4 P100
G1 X41.355 Y180.835 F1000.000
G1 X41.230 Y180.070
G1 X41.267 Y179.825
G1 X41.355 Y179.740
G1 X41.479 Y179.887
G1 X41.580 Y180.327
G1 X41.695 Y181.790
G0 Z5.000 F500.000
G0 X44.022 Y182.132 F3000.000
G1 Z1.000 F500.000
G4 P100
G1 X43.950 Y182.575 F1000.000
G1 X44.095 Y183.218
G1 X44.497 Y183.690
G1 X45.080 Y183.865
G1 X45.341 Y183.822
G1 X45.545 Y183.692
G1 X45.676 Y183.489
G1 X45.720 Y183.225
G1 X45.658 Y182.904
G1 X45.472 Y182.632
G1 X45.139 Y182.411
G1 X44.635 Y182.240
G1 X44.816 Y182.067
G1 X45.110 Y182.010
G1 X45.622 Y182.167
G1 X46.255 Y182.650
G1 X46.357 Y182.590
G1 X46.395 Y182.425
G1 X46.300 Y182.115
G1 X45.777 Y181.700
G1 X45.055 Y181.510
G1 X44.589 Y181.581
G1 X44.240 Y181.795
G1 X44.022 Y182.132
G0 Z5.000 F500.000
G0 X44.555 Y182.640 F3000.000
G1 Z1.000 F500.000
G4 P100
G1 X45.020 Y182.840 F1000.000
G1 X45.147 Y182.991
G1 X45.137 Y183.317
G1 X44.995 Y183.375
G1 X44.824 Y183.321
G1 X44.682 Y183.160
G1 X44.555 Y182.640
G0 Z5.000 F500.000
G0 X45.950 Y182.900 F3000.000
G1 Z1.000 F500.000
G4 P100
G1 X46.070 Y183.230 F1000.000
G1 X46.485 Y183.700
G1 X46.746 Y183.824
G1 X47.264 Y183.824
G1 X47.562 Y183.517
G1 X47.600 Y183.285
G1 X47.508 Y182.930
G1 X47.265 Y182.785
G1 X47.112 Y182.830
G1 X47.072 Y183.340
G1 X46.980 Y183.375
G1 X46.765 Y183.272
G1 X46.605 Y182.995
G1 X46.545 Y182.610
G1 X46.671 Y182.175
G1 X47.050 Y182.030
G1 X47.492 Y182.167
G1 X48.095 Y182.650
G1 X48.197 Y182.590
G1 X48.235 Y182.425
G1 X48.140 Y182.115
G1 X47.578 Y181.667
G1 X46.945 Y181.510
G1 X46.509 Y181.579
G1 X46.182 Y181.787
G1 X45.978 Y182.109
G1 X45.910 Y182.520
G1 X45.950 Y182.900
G0 Z5.000 F500.000
G0 X47.755 Y182.575 F3000.000
G1 Z1.000 F500.000
G4 P100
G1 X47.900 Y183.218 F1000.000
G1 X48.073 Y183.484
G1 X48.577 Y183.821
G1 X48.885 Y183.865
G1 X49.146 Y183.822
G1 X49.350 Y183.692
G1 X49.481 Y183.489
G1 X49.525 Y183.225
G1 X49.463 Y182.904
G1 X49.278 Y182.632
G1 X48.944 Y182.411
G1 X48.440 Y182.240
G1 X48.621 Y182.067
G1 X48.915 Y182.010
G1 X49.428 Y182.167
G1 X50.060 Y182.650
G1 X50.163 Y182.590
G1 X50.200 Y182.425
G1 X50.105 Y182.115
G1 X49.583 Y181.700
G1 X48.860 Y181.510
G1 X48.394 Y181.581
G1 X48.045 Y181.795
G1 X47.828 Y182.132
G1 X47.755 Y182.575
G0 Z5.000 F500.000
G0 X48.360 Y182.640 F3000.000
G1 Z1.000 F500.000
G4 P100
G1 X48.825 Y182.840 F1000.000
G1 X48.953 Y182.991
G1 X48.943 Y183.317
G1 X48.800 Y183.375
G1 X48.629 Y183.321
G1 X48.488 Y183.160
G1 X48.360 Y182.640
G0 Z5.000 F500.000
G0 X49.851 Y182.984 F3000.000
G1 Z1.000 F500.000
G4 P100
G1 X49.990 Y183.585 F1000.000
G1 X50.138 Y183.798
G1 X50.425 Y183.865
G1 X50.565 Y183.840
G1 X50.605 Y183.745
G1 X50.390 Y182.565
G1 X50.594 Y183.165
G1 X50.845 Y183.565
G1 X51.149 Y183.790
G1 X51.510 Y183.865
G1 X51.742 Y183.824
G1 X52.028 Y183.517
G1 X52.065 Y183.285
G1 X51.973 Y182.930
G1 X51.730 Y182.785
G1 X51.578 Y182.830
G1 X51.538 Y183.341
G1 X51.440 Y183.375
G1 X51.245 Y183.272
G1 X51.093 Y182.998
G1 X51.035 Y182.625
G1 X51.160 Y182.192
G1 X51.520 Y182.030
G1 X51.850 Y182.153
G1 X52.385 Y182.650
G1 X52.488 Y182.590
G1 X52.525 Y182.425
G1 X52.430 Y182.115
G1 X51.980 Y181.678
G1 X51.740 Y181.552
G1 X51.470 Y181.510
G1 X51.043 Y181.613
G1 X50.730 Y181.860
G1 X50.575 Y182.140
G1 X50.373 Y181.585
G1 X50.150 Y181.510
G1 X49.988 Y181.560
G1 X49.883 Y181.710
G1 X49.805 Y182.350
G1 X49.851 Y182.984
G0 Z5.000 F500.000
G0 X52.055 Y182.325 F3000.000
G1 Z1.000 F500.000
G4 P100
G1 X52.101 Y182.714 F1000.000
G1 X52.456 Y183.405
G1 X53.049 Y183.821
G1 X53.385 Y183.875
G1 X53.533 Y183.832
G1 X53.595 Y183.680
G1 X53.999 Y183.656
G1 X54.060 Y183.525
G1 X53.870 Y182.225
G1 X53.908 Y182.105
G1 X54.005 Y182.060
G1 X54.235 Y182.183
G1 X54.735 Y182.650
G1 X54.838 Y182.590
G1 X54.875 Y182.425
G1 X54.780 Y182.115
G1 X54.345 Y181.685
G1 X53.900 Y181.510
G1 X53.598 Y181.623
G1 X53.390 Y181.930
G1 X53.096 Y181.615
G1 X52.735 Y181.510
G1 X52.456 Y181.566
G1 X52.240 Y181.735
G1 X52.101 Y181.995
G1 X52.055 Y182.325
G0 Z5.000 F500.000
G0 X52.743 Y182.090 F3000.000
G1 Z1.000 F500.000
G4 P100
G1 X52.915 Y182.015 F1000.000
G1 X53.125 Y182.145
G1 X53.270 Y182.490
G1 X53.455 Y183.410
G1 X53.068 Y183.252
G1 X52.785 Y182.850
G1 X52.680 Y182.320
G1 X52.743 Y182.090
G0 Z5.000 F500.000
G0 X54.480 Y182.350 F3000.000
G1 Z1.000 F500.000
G4 P100
G1 X54.665 Y183.585 F1000.000
G1 X54.813 Y183.798
G1 X55.100 Y183.865
G1 X55.240 Y183.840
G1 X55.280 Y183.745
G1 X55.075 Y182.670
G1 X55.398 Y183.330
G1 X55.783 Y183.732
G1 X56.155 Y183.865
G1 X56.403 Y183.785
G1 X56.475 Y183.540
G1 X56.325 Y182.690
G1 X56.589 Y183.221
G1 X56.880 Y183.585
G1 X57.175 Y183.795
G1 X57.450 Y183.865
G1 X57.694 Y183.784
G1 X57.775 Y183.540
G1 X57.570 Y182.260
G1 X57.606 Y182.110
G1 X57.715 Y182.060
G1 X57.953 Y182.183
G1 X58.455 Y182.650
G1 X58.558 Y182.590
G1 X58.595 Y182.425
G1 X58.500 Y182.115
G1 X58.038 Y181.680
G1 X57.475 Y181.510
G1 X57.251 Y181.547
G1 X56.993 Y181.838
G1 X56.960 Y182.085
G1 X57.095 Y183.020
G1 X57.040 Y183.100
G1 X56.855 Y182.933
G1 X56.615 Y182.490
G1 X56.293 Y181.590
G1 X56.060 Y181.510
G1 X55.813 Y181.667
G1 X55.730 Y182.050
G1 X55.820 Y183.020
G1 X55.765 Y183.100
G1 X55.575 Y182.920
G1 X55.353 Y182.460
G1 X55.053 Y181.593
G1 X54.825 Y181.510
G1 X54.663 Y181.560
G1 X54.558 Y181.710
G1 X54.480 Y182.350
G0 Z5.000 F500.000
G0 X58.210 Y182.440 F3000.000
G1 Z1.000 F500.000
G4 P100
G1 X58.395 Y183.585 F1000.000
G1 X58.543 Y183.798
G1 X58.840 Y183.865
G1 X59.009 Y183.835
G1 X59.065 Y183.745
G1 X58.885 Y182.935
G1 X59.208 Y183.157
G1 X59.590 Y183.245
G1 X59.863 Y183.195
G1 X60.073 Y183.045
G1 X60.206 Y182.817
G1 X60.250 Y182.535
G1 X60.135 Y182.065
G1 X60.520 Y182.180
G1 X61.040 Y182.650
G1 X61.143 Y182.590
G1 X61.180 Y182.425
G1 X61.085 Y182.115
G1 X60.613 Y181.680
G1 X60.353 Y181.553
G1 X60.060 Y181.510
G1 X59.700 Y181.630
G1 X59.180 Y181.510
G1 X58.774 Y181.574
G1 X58.468 Y181.767
G1 X58.274 Y182.064
G1 X58.210 Y182.440
G0 Z5.000 F500.000
G0 X58.840 Y182.410 F3000.000
G1 Z1.000 F500.000
G4 P100
G1 X58.945 Y182.135 F1000.000
G1 X59.205 Y182.040
G1 X59.515 Y182.150
G1 X59.625 Y182.455
G1 X59.554 Y182.654
G1 X59.340 Y182.720
G1 X59.048 Y182.625
G1 X58.840 Y182.410
G0 Z5.000 F500.000
G0 X62.025 Y182.560 F3000.000
G1 Z1.000 F500.000
G4 P100
G1 X62.170 Y183.238 F1000.000
G1 X62.343 Y183.502
G1 X62.839 Y183.828
G1 X63.135 Y183.870
G1 X63.478 Y183.804
G1 X63.748 Y183.608
G1 X63.932 Y183.314
G1 X64.020 Y182.960
G1 X64.650 Y183.070
G1 X64.750 Y183.005
G1 X64.785 Y182.840
G1 X64.749 Y182.649
G1 X64.640 Y182.555
G1 X63.980 Y182.435
G1 X63.839 Y182.057
G1 X63.605 Y181.762
G1 X63.306 Y181.573
G1 X62.970 Y181.510
G1 X62.458 Y181.655
G1 X62.135 Y182.040
G1 X62.025 Y182.560
G0 Z5.000 F500.000
G0 X62.758 Y182.185 F3000.000
G1 Z1.000 F500.000
G4 P100
G1 X63.010 Y182.040 F1000.000
G1 X63.288 Y182.170
G1 X63.445 Y182.545
G1 X63.208 Y182.820
G1 X63.140 Y183.340
G1 X62.938 Y183.292
G1 X62.783 Y183.147
G1 X62.683 Y182.916
G1 X62.650 Y182.605
G1 X62.758 Y182.185
G0 Z5.000 F500.000
G0 X64.310 Y182.500 F3000.000
G1 Z1.000 F500.000
G4 P100
G1 X64.448 Y183.173 F1000.000
G1 X64.820 Y183.637
G1 X65.340 Y183.805
G1 X65.600 Y183.750
G1 X64.765 Y184.832
G1 X64.695 Y185.150
G1 X64.825 Y185.517
G1 X65.145 Y185.725
G1 X66.315 Y186.075
G1 X66.428 Y185.985
G1 X66.470 Y185.775
G1 X66.375 Y185.525
G1 X65.383 Y185.257
G1 X65.275 Y185.095
G1 X66.228 Y183.748
G1 X66.330 Y182.955
G1 X67.015 Y183.070
G1 X67.115 Y183.005
G1 X67.115 Y182.647
G1 X67.005 Y182.555
G1 X66.245 Y182.430
G1 X66.078 Y182.037
G1 X65.838 Y181.750
G1 X65.534 Y181.574
G1 X65.180 Y181.515
G1 X64.815 Y181.576
G1 X64.540 Y181.757
G1 X64.368 Y182.064
G1 X64.310 Y182.500
G0 Z5.000 F500.000
G0 X64.993 Y182.160 F3000.000
G1 Z1.000 F500.000
G4 P100
G1 X65.180 Y182.040 F1000.000
G1 X65.468 Y182.213
G1 X65.680 Y182.660
G1 X65.538 Y182.900
G1 X65.500 Y183.315
G1 X65.173 Y183.215
G1 X65.000 Y182.923
G1 X64.935 Y182.500
G1 X64.993 Y182.160
G0 Z5.000 F500.000
G0 X66.485 Y182.165 F3000.000
G1 Z1.000 F500.000
G4 P100
G1 X66.600 Y182.570 F1000.000
G1 X66.925 Y182.725
G1 X67.068 Y182.685
G1 X67.105 Y182.575
G1 X67.088 Y182.110
G1 X67.155 Y182.065
G1 X67.268 Y182.140
G1 X68.105 Y183.778
G1 X68.405 Y183.855
G1 X68.685 Y183.780
G1 X68.775 Y183.535
G1 X68.799 Y182.166
G1 X68.960 Y182.035
G1 X69.138 Y182.120
G1 X69.670 Y182.650
G1 X69.773 Y182.590
G1 X69.810 Y182.425
G1 X69.715 Y182.115
G1 X69.428 Y181.803
G1 X69.128 Y181.597
G1 X68.725 Y181.510
G1 X68.473 Y181.568
G1 X68.305 Y181.743
G1 X68.211 Y182.034
G1 X68.200 Y182.900
G1 X67.969 Y182.311
G1 X67.698 Y181.875
G1 X67.384 Y181.605
G1 X67.030 Y181.515
G1 X66.803 Y181.561
G1 X66.630 Y181.700
G1 X66.485 Y182.165
G0 Z5.000 F500.000
G0 X69.400 Y182.325 F3000.000
G1 Z1.000 F500.000
G4 P100
G1 X69.446 Y182.714 F1000.000
G1 X69.801 Y183.405
G1 X70.394 Y183.821
G1 X70.730 Y183.875
G1 X70.878 Y183.832
G1 X70.940 Y183.680
G1 X71.344 Y183.656
G1 X71.405 Y183.525
G1 X71.215 Y182.225
G1 X71.253 Y182.105
G1 X71.350 Y182.060
G1 X71.580 Y182.183
G1 X72.080 Y182.650
G1 X72.183 Y182.590
G1 X72.220 Y182.425
G1 X72.125 Y182.115
G1 X71.690 Y181.685
G1 X71.245 Y181.510
G1 X70.943 Y181.623
G1 X70.735 Y181.930
G1 X70.441 Y181.615
G1 X70.080 Y181.510
G1 X69.801 Y181.566
G1 X69.585 Y181.735
G1 X69.446 Y181.995
G1 X69.400 Y182.325
G0 Z5.000 F500.000
G0 X70.088 Y182.090 F3000.000
G1 Z1.000 F500.000
G4 P100
G1 X70.260 Y182.015 F1000.000
G1 X70.470 Y182.145
G1 X70.615 Y182.490
G1 X70.800 Y183.410
G1 X70.413 Y183.252
G1 X70.130 Y182.850
G1 X70.025 Y182.320
G1 X70.088 Y182.090
G0 Z5.000 F500.000
G0 X71.735 Y182.520 F3000.000
G1 Z1.000 F500.000
G4 P100
G1 X71.775 Y182.900 F1000.000
G1 X72.079 Y183.500
G1 X72.310 Y183.700
G1 X72.845 Y183.865
G1 X73.273 Y183.702
G1 X73.425 Y183.285
G1 X73.333 Y182.930
G1 X73.090 Y182.785
G1 X72.938 Y182.830
G1 X72.880 Y182.955
G1 X72.898 Y183.340
G1 X72.805 Y183.375
G1 X72.590 Y183.272
G1 X72.430 Y182.995
G1 X72.370 Y182.610
G1 X72.496 Y182.175
G1 X72.875 Y182.030
G1 X73.318 Y182.167
G1 X73.920 Y182.650
G1 X74.023 Y182.590
G1 X74.060 Y182.425
G1 X73.965 Y182.115
G1 X73.707 Y181.858
G1 X73.403 Y181.667
G1 X72.770 Y181.510
G1 X72.334 Y181.579
G1 X72.008 Y181.787
G1 X71.803 Y182.109
G1 X71.735 Y182.520
G0 Z5.000 F500.000
G0 X73.665 Y182.350 F3000.000
G1 Z1.000 F500.000
G4 P100
G1 X73.850 Y183.585 F1000.000
G1 X73.998 Y183.798
G1 X74.285 Y183.865
G1 X74.425 Y183.840
G1 X74.465 Y183.745
G1 X74.260 Y182.670
G1 X74.583 Y183.330
G1 X74.968 Y183.732
G1 X75.340 Y183.865
G1 X75.588 Y183.785
G1 X75.660 Y183.540
G1 X75.510 Y182.690
G1 X75.774 Y183.221
G1 X76.065 Y183.585
G1 X76.360 Y183.795
G1 X76.635 Y183.865
G1 X76.879 Y183.784
G1 X76.960 Y183.540
G1 X76.755 Y182.260
G1 X76.791 Y182.110
G1 X76.900 Y182.060
G1 X77.138 Y182.183
G1 X77.640 Y182.650
G1 X77.743 Y182.590
G1 X77.780 Y182.425
G1 X77.685 Y182.115
G1 X77.223 Y181.680
G1 X76.660 Y181.510
G1 X76.436 Y181.547
G1 X76.178 Y181.838
G1 X76.145 Y182.085
G1 X76.280 Y183.020
G1 X76.225 Y183.100
G1 X76.040 Y182.933
G1 X75.800 Y182.490
G1 X75.478 Y181.590
G1 X75.245 Y181.510
G1 X74.998 Y181.667
G1 X74.915 Y182.050
G1 X75.005 Y183.020
G1 X74.950 Y183.100
G1 X74.760 Y182.920
G1 X74.538 Y182.460
G1 X74.238 Y181.593
G1 X74.010 Y181.510
G1 X73.848 Y181.560
G1 X73.743 Y181.710
G1 X73.665 Y182.350
G0 Z5.000 F500.000
G0 X77.395 Y182.440 F3000.000
G1 Z1.000 F500.000
G4 P100
G1 X77.580 Y183.585 F1000.000
G1 X77.728 Y183.798
G1 X78.025 Y183.865
G1 X78.194 Y183.835
G1 X78.250 Y183.745
G1 X78.070 Y182.935
G1 X78.393 Y183.157
G1 X78.775 Y183.245
G1 X79.048 Y183.195
G1 X79.258 Y183.045
G1 X79.391 Y182.817
G1 X79.435 Y182.535
G1 X79.320 Y182.065
G1 X79.705 Y182.180
G1 X80.225 Y182.650
G1 X80.328 Y182.590
G1 X80.365 Y182.425
G1 X80.270 Y182.115
G1 X79.798 Y181.680
G1 X79.538 Y181.553
G1 X79.245 Y181.510
G1 X78.885 Y181.630
G1 X78.365 Y181.510
G1 X77.959 Y181.574
G1 X77.653 Y181.767
G1 X77.459 Y182.064
G1 X77.395 Y182.440
G0 Z5.000 F500.000
G0 X78.025 Y182.410 F3000.000
G1 Z1.000 F500.000
G4 P100
G1 X78.130 Y182.135 F1000.000
G1 X78.390 Y182.040
G1 X78.700 Y182.150
G1 X78.810 Y182.455
G1 X78.739 Y182.654
G1 X78.525 Y182.720
G1 X78.233 Y182.625
G1 X78.025 Y182.410
G0 Z5.000 F500.000
G0 X22.955 Y171.450 F3000.000
G1 Z1.000 F500.000
G4 P100
G1 X22.860 Y171.140 F1000.000
G1 X22.398 Y170.705
G1 X22.133 Y170.577
G1 X21.627 Y170.581
G1 X21.483 Y170.720
G1 X21.370 Y171.240
G1 X21.115 Y170.718
G1 X20.750 Y170.535
G1 X20.546 Y170.587
G1 X20.276 Y170.976
G1 X20.240 Y171.260
G1 X20.290 Y171.947
G1 X20.455 Y172.610
G1 X20.595 Y172.825
G1 X20.880 Y172.890
G1 X21.032 Y172.855
G1 X21.075 Y172.750
G1 X20.840 Y171.445
G1 X20.945 Y171.255
G1 X21.133 Y171.405
G1 X21.373 Y171.860
G1 X21.742 Y172.825
G1 X21.990 Y172.890
G1 X22.150 Y172.863
G1 X22.195 Y172.760
G1 X21.930 Y171.285
G1 X21.970 Y171.137
G1 X22.075 Y171.085
G1 X22.312 Y171.207
G1 X22.815 Y171.675
G1 X22.918 Y171.615
G1 X22.955 Y171.450
G0 Z5.000 F500.000
G0 X22.990 Y171.590 F3000.000
G1 Z1.000 F500.000
G4 P100
G1 X23.678 Y171.960 F1000.000
G1 X23.800 Y172.275
G1 X23.740 Y172.435
G1 X23.540 Y172.490
G1 X22.870 Y172.270
G1 X22.724 Y172.317
G1 X22.675 Y172.460
G1 X22.788 Y172.695
G1 X23.110 Y172.870
G1 X23.600 Y172.935
G1 X23.909 Y172.892
G1 X24.128 Y172.765
G1 X24.257 Y172.569
G1 X24.300 Y172.320
G1 X24.221 Y171.939
G1 X23.983 Y171.635
G1 X23.165 Y171.225
G1 X23.690 Y170.915
G1 X24.775 Y171.625
G1 X24.890 Y171.665
G1 X24.992 Y171.605
G1 X25.030 Y171.445
G1 X24.890 Y171.150
G1 X23.880 Y170.520
G1 X23.872 Y169.734
G1 X23.541 Y168.886
G1 X23.282 Y168.565
G1 X22.987 Y168.355
G1 X22.675 Y168.285
G1 X22.250 Y168.438
G1 X22.100 Y168.870
G1 X22.164 Y169.289
G1 X22.355 Y169.695
G1 X22.706 Y170.120
G1 X23.250 Y170.595
G1 X22.660 Y170.995
G1 X22.580 Y171.205
G1 X22.680 Y171.455
G1 X22.990 Y171.590
G0 Z5.000 F500.000
G0 X23.350 Y170.120 F3000.000
G1 Z1.000 F500.000
G4 P100
G1 X22.780 Y169.509 F1000.000
G1 X22.637 Y169.225
G1 X22.625 Y168.805
G1 X22.730 Y168.755
G1 X22.998 Y168.977
G1 X23.248 Y169.515
G1 X23.350 Y170.120
G0 Z5.000 F500.000
G0 X24.760 Y171.065 F3000.000
G1 Z1.000 F500.000
G4 P100
G1 X24.650 Y171.585 F1000.000
G1 X24.795 Y172.262
G1 X24.968 Y172.528
G1 X25.464 Y172.853
G1 X25.760 Y172.895
G1 X26.103 Y172.829
G1 X26.373 Y172.632
G1 X26.557 Y172.339
G1 X26.645 Y171.985
G1 X27.275 Y172.095
G1 X27.375 Y172.030
G1 X27.374 Y171.674
G1 X27.265 Y171.580
G1 X26.605 Y171.460
G1 X26.464 Y171.082
G1 X26.230 Y170.787
G1 X25.931 Y170.598
G1 X25.317 Y170.571
G1 X25.083 Y170.680
G1 X24.760 Y171.065
G0 Z5.000 F500.000
G0 X25.383 Y171.210 F3000.000
G1 Z1.000 F500.000
G4 P100
G1 X25.635 Y171.065 F1000.000
G1 X25.913 Y171.195
G1 X26.070 Y171.570
G1 X25.833 Y171.845
G1 X25.765 Y172.365
G1 X25.563 Y172.317
G1 X25.408 Y172.173
G1 X25.308 Y171.941
G1 X25.275 Y171.630
G1 X25.383 Y171.210
G0 Z5.000 F500.000
G0 X26.935 Y171.525 F3000.000
G1 Z1.000 F500.000
G4 P100
G1 X27.073 Y172.197 F1000.000
G1 X27.445 Y172.662
G1 X27.965 Y172.830
G1 X28.225 Y172.775
G1 X27.390 Y173.858
G1 X27.320 Y174.175
G1 X27.450 Y174.542
G1 X27.770 Y174.750
G1 X28.940 Y175.100
G1 X29.053 Y175.010
G1 X29.095 Y174.800
G1 X29.000 Y174.550
G1 X28.008 Y174.282
G1 X27.900 Y174.120
G1 X28.853 Y172.772
G1 X28.955 Y171.980
G1 X29.640 Y172.095
G1 X29.740 Y172.030
G1 X29.740 Y171.673
G1 X29.630 Y171.580
G1 X28.870 Y171.455
G1 X28.703 Y171.062
G1 X28.463 Y170.775
G1 X28.159 Y170.599
G1 X27.805 Y170.540
G1 X27.440 Y170.601
G1 X27.165 Y170.782
G1 X26.993 Y171.089
G1 X26.935 Y171.525
G0 Z5.000 F500.000
G0 X27.617 Y171.185 F3000.000
G1 Z1.000 F500.000
G4 P100
G1 X27.805 Y171.065 F1000.000
G1 X28.093 Y171.238
G1 X28.305 Y171.685
G1 X28.163 Y171.925
G1 X28.125 Y172.340
G1 X27.797 Y172.240
G1 X27.625 Y171.947
G1 X27.560 Y171.525
G1 X27.617 Y171.185
G0 Z5.000 F500.000
G0 X29.021 Y170.838 F3000.000
G1 Z1.000 F500.000
G4 P100
G1 X29.430 Y171.590 F1000.000
G1 X29.420 Y172.605
G1 X29.535 Y172.835
G1 X29.835 Y172.920
G1 X29.988 Y172.877
G1 X30.045 Y172.525
G1 X30.360 Y172.812
G1 X30.690 Y172.900
G1 X30.944 Y172.844
G1 X31.148 Y172.675
G1 X31.281 Y172.415
G1 X31.325 Y172.085
G1 X31.240 Y171.570
G1 X31.005 Y171.115
G1 X31.180 Y171.085
G1 X31.495 Y171.205
G1 X32.015 Y171.675
G1 X32.118 Y171.615
G1 X32.155 Y171.450
G1 X32.060 Y171.140
G1 X31.598 Y170.705
G1 X31.333 Y170.577
G1 X30.795 Y170.582
G1 X30.605 Y170.725
G1 X30.010 Y170.535
G1 X29.904 Y169.649
G1 X29.715 Y168.922
G1 X29.431 Y168.437
G1 X29.040 Y168.275
G1 X28.805 Y168.324
G1 X28.640 Y168.470
G1 X28.510 Y169.010
G1 X28.735 Y170.152
G1 X29.021 Y170.838
G0 Z5.000 F500.000
G0 X29.080 Y169.860 F3000.000
G1 Z1.000 F500.000
G4 P100
G1 X28.955 Y169.095 F1000.000
G1 X28.993 Y168.850
G1 X29.080 Y168.765
G1 X29.204 Y168.912
G1 X29.305 Y169.352
G1 X29.420 Y170.815
G1 X29.080 Y169.860
G0 Z5.000 F500.000
G0 X30.035 Y171.015 F3000.000
G1 Z1.000 F500.000
G4 P100
G1 X30.368 Y171.212 F1000.000
G1 X30.610 Y171.602
G1 X30.700 Y172.090
G1 X30.640 Y172.317
G1 X30.480 Y172.395
G1 X30.281 Y172.300
G1 X30.045 Y172.015
G1 X30.035 Y171.015
G0 Z5.000 F500.000
G0 X31.685 Y171.350 F3000.000
G1 Z1.000 F500.000
G4 P100
G1 X31.731 Y171.739 F1000.000
G1 X32.086 Y172.430
G1 X32.679 Y172.846
G1 X33.015 Y172.900
G1 X33.163 Y172.857
G1 X33.225 Y172.705
G1 X33.629 Y172.681
G1 X33.690 Y172.550
G1 X33.500 Y171.250
G1 X33.538 Y171.130
G1 X33.635 Y171.085
G1 X33.865 Y171.207
G1 X34.365 Y171.675
G1 X34.468 Y171.615
G1 X34.505 Y171.450
G1 X34.410 Y171.140
G1 X33.975 Y170.710
G1 X33.530 Y170.535
G1 X33.228 Y170.647
G1 X33.020 Y170.955
G1 X32.726 Y170.640
G1 X32.365 Y170.535
G1 X32.086 Y170.591
G1 X31.870 Y170.760
G1 X31.731 Y171.020
G1 X31.685 Y171.350
G0 Z5.000 F500.000
G0 X32.373 Y171.115 F3000.000
G1 Z1.000 F500.000
G4 P100
G1 X32.545 Y171.040 F1000.000
G1 X32.755 Y171.170
G1 X32.900 Y171.515
G1 X33.085 Y172.435
G1 X32.698 Y172.277
G1 X32.415 Y171.875
G1 X32.310 Y171.345
G1 X32.373 Y171.115
G0 Z5.000 F500.000
G0 X33.945 Y171.125 F3000.000
G1 Z1.000 F500.000
G4 P100
G1 X34.060 Y171.530 F1000.000
G1 X34.385 Y171.685
G1 X34.520 Y171.651
G1 X34.565 Y171.550
G1 X34.573 Y171.107
G1 X34.670 Y171.070
G1 X34.853 Y171.183
G1 X34.998 Y171.490
G1 X35.055 Y171.920
G1 X35.010 Y172.222
G1 X34.900 Y172.345
G1 X34.820 Y172.317
G1 X34.690 Y172.097
G1 X34.515 Y172.050
G1 X34.340 Y172.127
G1 X34.275 Y172.365
G1 X34.438 Y172.762
G1 X34.845 Y172.910
G1 X35.248 Y172.722
G1 X35.530 Y172.150
G1 X35.615 Y172.655
G1 X35.745 Y172.840
G1 X36.140 Y172.860
G1 X36.180 Y172.760
G1 X35.980 Y171.590
G1 X36.280 Y172.357
G1 X36.628 Y172.765
G1 X37.075 Y172.890
G1 X37.307 Y172.849
G1 X37.593 Y172.542
G1 X37.630 Y172.310
G1 X37.538 Y171.955
G1 X37.295 Y171.810
G1 X37.143 Y171.855
G1 X37.103 Y172.366
G1 X37.005 Y172.400
G1 X36.810 Y172.298
G1 X36.658 Y172.022
G1 X36.600 Y171.650
G1 X36.725 Y171.218
G1 X37.085 Y171.055
G1 X37.415 Y171.178
G1 X37.950 Y171.675
G1 X38.053 Y171.615
G1 X38.090 Y171.450
G1 X37.995 Y171.140
G1 X37.545 Y170.702
G1 X37.035 Y170.535
G1 X36.605 Y170.655
G1 X36.300 Y170.957
G1 X36.150 Y171.325
G1 X35.990 Y170.705
G1 X35.888 Y170.575
G1 X35.735 Y170.535
G1 X35.565 Y170.620
G1 X35.515 Y170.890
G1 X35.625 Y171.770
G1 X35.348 Y171.125
G1 X35.028 Y170.710
G1 X34.807 Y170.582
G1 X34.294 Y170.580
G1 X33.985 Y170.886
G1 X33.945 Y171.125
G0 Z5.000 F500.000
G0 X37.610 Y171.600 F3000.000
G1 Z1.000 F500.000
G4 P100
G1 X37.755 Y172.243 F1000.000
G1 X37.928 Y172.509
G1 X38.432 Y172.846
G1 X38.740 Y172.890
G1 X39.001 Y172.847
G1 X39.205 Y172.718
G1 X39.336 Y172.514
G1 X39.380 Y172.250
G1 X39.318 Y171.929
G1 X39.133 Y171.657
G1 X38.799 Y171.436
G1 X38.295 Y171.265
G1 X38.476 Y171.093
G1 X38.770 Y171.035
G1 X39.283 Y171.192
G1 X39.915 Y171.675
G1 X40.018 Y171.615
G1 X40.055 Y171.450
G1 X39.960 Y171.140
G1 X39.438 Y170.725
G1 X38.715 Y170.535
G1 X38.249 Y170.606
G1 X37.900 Y170.820
G1 X37.683 Y171.157
G1 X37.610 Y171.600
G0 Z5.000 F500.000
G0 X38.215 Y171.665 F3000.000
G1 Z1.000 F500.000
G4 P100
G1 X38.680 Y171.865 F1000.000
G1 X38.808 Y172.016
G1 X38.798 Y172.343
G1 X38.655 Y172.400
G1 X38.484 Y172.346
G1 X38.343 Y172.185
G1 X38.215 Y171.665
G0 Z5.000 F500.000
G0 X39.706 Y172.009 F3000.000
G1 Z1.000 F500.000
G4 P100
G1 X39.845 Y172.610 F1000.000
G1 X39.990 Y172.822
G1 X40.280 Y172.890
G1 X40.420 Y172.865
G1 X40.460 Y172.770
G1 X40.310 Y172.010
G1 X40.950 Y172.010
G1 X41.218 Y172.825
G1 X41.625 Y172.863
G1 X41.670 Y172.760
G1 X41.405 Y171.285
G1 X41.445 Y171.137
G1 X41.550 Y171.085
G1 X41.788 Y171.207
G1 X42.290 Y171.675
G1 X42.393 Y171.615
G1 X42.430 Y171.450
G1 X42.335 Y171.140
G1 X41.863 Y170.705
G1 X41.310 Y170.535
G1 X41.089 Y170.575
G1 X40.945 Y170.695
G1 X40.840 Y171.175
G1 X40.865 Y171.500
G1 X40.255 Y171.510
G1 X40.230 Y170.775
G1 X40.170 Y170.593
G1 X40.005 Y170.535
G1 X39.843 Y170.585
G1 X39.738 Y170.735
G1 X39.660 Y171.375
G1 X39.706 Y172.009
G0 Z5.000 F500.000
G0 X42.025 Y171.260 F3000.000
G1 Z1.000 F500.000
G4 P100
G1 X42.075 Y171.947 F1000.000
G1 X42.240 Y172.610
G1 X42.380 Y172.825
G1 X42.665 Y172.890
G1 X42.818 Y172.855
G1 X42.860 Y172.750
G1 X42.650 Y171.298
G1 X42.730 Y171.255
G1 X42.918 Y171.405
G1 X43.528 Y172.825
G1 X43.775 Y172.890
G1 X43.935 Y172.863
G1 X43.980 Y172.760
G1 X43.715 Y171.285
G1 X43.755 Y171.137
G1 X43.860 Y171.085
G1 X44.098 Y171.207
G1 X44.600 Y171.675
G1 X44.703 Y171.615
G1 X44.740 Y171.450
G1 X44.645 Y171.140
G1 X44.183 Y170.705
G1 X43.620 Y170.535
G1 X43.412 Y170.581
G1 X43.268 Y170.720
G1 X43.155 Y171.240
G1 X42.900 Y170.718
G1 X42.535 Y170.535
G1 X42.331 Y170.587
G1 X42.061 Y170.976
G1 X42.025 Y171.260
G0 Z5.000 F500.000
G0 X44.100 Y171.190 F3000.000
G1 Z1.000 F500.000
G4 P100
G1 X44.218 Y171.600 F1000.000
G1 X44.540 Y171.750
G1 X44.675 Y171.714
G1 X44.720 Y171.605
G1 X44.770 Y171.150
G1 X44.960 Y171.045
G1 X45.275 Y171.142
G1 X45.590 Y171.420
G1 X45.256 Y171.468
G1 X45.048 Y171.610
G1 X44.914 Y171.832
G1 X44.870 Y172.120
G1 X44.924 Y172.448
G1 X45.085 Y172.692
G1 X45.343 Y172.844
G1 X45.685 Y172.895
G1 X46.240 Y172.810
G1 X46.470 Y172.885
G1 X46.628 Y172.837
G1 X46.675 Y172.710
G1 X46.470 Y171.715
G1 X46.468 Y171.137
G1 X46.575 Y171.085
G1 X46.805 Y171.200
G1 X47.315 Y171.675
G1 X47.418 Y171.615
G1 X47.455 Y171.450
G1 X47.360 Y171.140
G1 X46.860 Y170.685
G1 X46.385 Y170.535
G1 X46.070 Y170.680
G1 X45.960 Y171.095
G1 X45.990 Y171.410
G1 X45.454 Y170.754
G1 X45.140 Y170.590
G1 X44.795 Y170.535
G1 X44.514 Y170.580
G1 X44.293 Y170.715
G1 X44.148 Y170.924
G1 X44.100 Y171.190
G0 Z5.000 F500.000
G0 X45.478 Y171.890 F3000.000
G1 Z1.000 F500.000
G4 P100
G1 X45.855 Y171.805 F1000.000
G1 X46.125 Y172.435
G1 X45.805 Y172.490
G1 X45.495 Y172.395
G1 X45.385 Y172.125
G1 X45.478 Y171.890
G0 Z5.000 F500.000
G0 X47.133 Y171.330 F3000.000
G1 Z1.000 F500.000
G4 P100
G1 X47.435 Y171.465 F1000.000
G1 X47.708 Y171.368
G1 X47.800 Y171.105
G1 X47.695 Y170.640
G1 X47.440 Y170.075
G1 X47.282 Y169.830
G1 X47.130 Y169.770
G1 X46.955 Y169.820
G1 X46.890 Y169.980
G1 X47.133 Y171.330
G0 Z5.000 F500.000
G0 X49.595 Y171.350 F3000.000
G1 Z1.000 F500.000
G4 P100
G1 X49.641 Y171.739 F1000.000
G1 X49.996 Y172.430
G1 X50.589 Y172.846
G1 X50.925 Y172.900
G1 X51.073 Y172.857
G1 X51.135 Y172.705
G1 X51.539 Y172.681
G1 X51.600 Y172.550
G1 X51.410 Y171.250
G1 X51.448 Y171.130
G1 X51.545 Y171.085
G1 X51.775 Y171.207
G1 X52.275 Y171.675
G1 X52.377 Y171.615
G1 X52.415 Y171.450
G1 X52.320 Y171.140
G1 X51.885 Y170.710
G1 X51.440 Y170.535
G1 X51.138 Y170.647
G1 X50.930 Y170.955
G1 X50.636 Y170.640
G1 X50.275 Y170.535
G1 X49.996 Y170.591
G1 X49.780 Y170.760
G1 X49.641 Y171.020
G1 X49.595 Y171.350
G0 Z5.000 F500.000
G0 X50.282 Y171.115 F3000.000
G1 Z1.000 F500.000
G4 P100
G1 X50.455 Y171.040 F1000.000
G1 X50.665 Y171.170
G1 X50.810 Y171.515
G1 X50.995 Y172.435
G1 X50.608 Y172.277
G1 X50.325 Y171.875
G1 X50.220 Y171.345
G1 X50.282 Y171.115
G0 Z5.000 F500.000
G0 X53.345 Y171.375 F3000.000
G1 Z1.000 F500.000
G4 P100
G1 X53.530 Y172.610 F1000.000
G1 X53.678 Y172.822
G1 X53.965 Y172.890
G1 X54.105 Y172.865
G1 X54.145 Y172.770
G1 X53.940 Y171.690
G1 X54.310 Y172.390
G1 X54.713 Y172.775
G1 X55.075 Y172.890
G1 X55.319 Y172.809
G1 X55.400 Y172.565
G1 X55.195 Y171.285
G1 X55.231 Y171.135
G1 X55.340 Y171.085
G1 X55.578 Y171.207
G1 X56.080 Y171.675
G1 X56.183 Y171.615
G1 X56.220 Y171.450
G1 X56.125 Y171.140
G1 X55.663 Y170.705
G1 X55.100 Y170.535
G1 X54.876 Y170.572
G1 X54.618 Y170.863
G1 X54.585 Y171.110
G1 X54.720 Y172.045
G1 X54.665 Y172.125
G1 X54.483 Y171.957
G1 X54.243 Y171.515
G1 X53.918 Y170.618
G1 X53.690 Y170.535
G1 X53.528 Y170.585
G1 X53.423 Y170.735
G1 X53.345 Y171.375
G0 Z5.000 F500.000
G0 X55.850 Y171.065 F3000.000
G1 Z1.000 F500.000
G4 P100
G1 X55.740 Y171.585 F1000.000
G1 X55.885 Y172.262
G1 X56.058 Y172.528
G1 X56.554 Y172.853
G1 X56.850 Y172.895
G1 X57.193 Y172.829
G1 X57.463 Y172.632
G1 X57.647 Y172.339
G1 X57.735 Y171.985
G1 X58.365 Y172.095
G1 X58.465 Y172.030
G1 X58.464 Y171.674
G1 X58.355 Y171.580
G1 X57.695 Y171.460
G1 X57.554 Y171.082
G1 X57.320 Y170.787
G1 X57.021 Y170.598
G1 X56.407 Y170.571
G1 X56.172 Y170.680
G1 X55.850 Y171.065
G0 Z5.000 F500.000
G0 X56.473 Y171.210 F3000.000
G1 Z1.000 F500.000
G4 P100
G1 X56.725 Y171.065 F1000.000
G1 X57.003 Y171.195
G1 X57.160 Y171.570
G1 X56.922 Y171.845
G1 X56.855 Y172.365
G1 X56.653 Y172.317
G1 X56.498 Y172.173
G1 X56.398 Y171.941
G1 X56.365 Y171.630
G1 X56.473 Y171.210
G0 Z5.000 F500.000
G0 X57.990 Y171.545 F3000.000
G1 Z1.000 F500.000
G4 P100
G1 X58.030 Y171.925 F1000.000
G1 X58.334 Y172.525
G1 X58.565 Y172.725
G1 X59.100 Y172.890
G1 X59.528 Y172.727
G1 X59.680 Y172.310
G1 X59.588 Y171.955
G1 X59.345 Y171.810
G1 X59.193 Y171.855
G1 X59.135 Y171.980
G1 X59.153 Y172.365
G1 X59.060 Y172.400
G1 X58.845 Y172.298
G1 X58.685 Y172.020
G1 X58.625 Y171.635
G1 X58.751 Y171.200
G1 X59.130 Y171.055
G1 X59.573 Y171.192
G1 X60.175 Y171.675
G1 X60.278 Y171.615
G1 X60.315 Y171.450
G1 X60.220 Y171.140
G1 X59.962 Y170.883
G1 X59.658 Y170.692
G1 X59.025 Y170.535
G1 X58.589 Y170.604
G1 X58.263 Y170.812
G1 X58.058 Y171.134
G1 X57.990 Y171.545
G0 Z5.000 F500.000
G0 X59.675 Y171.190 F3000.000
G1 Z1.000 F500.000
G4 P100
G1 X59.790 Y171.595 F1000.000
G1 X60.115 Y171.750
G1 X60.258 Y171.710
G1 X60.295 Y171.600
G1 X60.278 Y171.135
G1 X60.345 Y171.090
G1 X60.458 Y171.165
G1 X61.295 Y172.803
G1 X61.595 Y172.880
G1 X61.875 Y172.805
G1 X61.965 Y172.560
G1 X61.989 Y171.191
G1 X62.150 Y171.060
G1 X62.328 Y171.145
G1 X62.860 Y171.675
G1 X62.963 Y171.615
G1 X63.000 Y171.450
G1 X62.905 Y171.140
G1 X62.618 Y170.827
G1 X62.318 Y170.623
G1 X61.915 Y170.535
G1 X61.663 Y170.593
G1 X61.495 Y170.767
G1 X61.401 Y171.059
G1 X61.390 Y171.925
G1 X61.159 Y171.336
G1 X60.888 Y170.900
G1 X60.574 Y170.630
G1 X60.220 Y170.540
G1 X59.993 Y170.586
G1 X59.820 Y170.725
G1 X59.675 Y171.190
G0 Z5.000 F500.000
G0 X62.580 Y171.600 F3000.000
G1 Z1.000 F500.000
G4 P100
G1 X62.725 Y172.243 F1000.000
G1 X62.898 Y172.509
G1 X63.402 Y172.846
G1 X63.710 Y172.890
G1 X63.971 Y172.847
G1 X64.175 Y172.718
G1 X64.306 Y172.514
G1 X64.350 Y172.250
G1 X64.288 Y171.929
G1 X64.103 Y171.657
G1 X63.769 Y171.436
G1 X63.265 Y171.265
G1 X63.446 Y171.093
G1 X63.740 Y171.035
G1 X64.252 Y171.192
G1 X64.885 Y171.675
G1 X64.988 Y171.615
G1 X65.025 Y171.450
G1 X64.930 Y171.140
G1 X64.407 Y170.725
G1 X63.685 Y170.535
G1 X63.219 Y170.606
G1 X62.870 Y170.820
G1 X62.653 Y171.157
G1 X62.580 Y171.600
G0 Z5.000 F500.000
G0 X63.185 Y171.665 F3000.000
G1 Z1.000 F500.000
G4 P100
G1 X63.650 Y171.865 F1000.000
G1 X63.778 Y172.016
G1 X63.768 Y172.343
G1 X63.625 Y172.400
G1 X63.454 Y172.346
G1 X63.313 Y172.185
G1 X63.185 Y171.665
G0 Z5.000 F500.000
G0 X65.870 Y171.585 F3000.000
G1 Z1.000 F500.000
G4 P100
G1 X66.015 Y172.262 F1000.000
G1 X66.188 Y172.528
G1 X66.684 Y172.853
G1 X66.980 Y172.895
G1 X67.323 Y172.829
G1 X67.593 Y172.632
G1 X67.777 Y172.339
G1 X67.865 Y171.985
G1 X68.495 Y172.095
G1 X68.595 Y172.030
G1 X68.630 Y171.865
G1 X68.594 Y171.674
G1 X68.485 Y171.580
G1 X67.825 Y171.460
G1 X67.684 Y171.082
G1 X67.450 Y170.787
G1 X67.151 Y170.598
G1 X66.815 Y170.535
G1 X66.303 Y170.680
G1 X65.980 Y171.065
G1 X65.870 Y171.585
G0 Z5.000 F500.000
G0 X66.603 Y171.210 F3000.000
G1 Z1.000 F500.000
G4 P100
G1 X66.855 Y171.065 F1000.000
G1 X67.133 Y171.195
G1 X67.290 Y171.570
G1 X67.053 Y171.845
G1 X66.985 Y172.365
G1 X66.783 Y172.317
G1 X66.628 Y172.173
G1 X66.528 Y171.941
G1 X66.495 Y171.630
G1 X66.603 Y171.210
G0 Z5.000 F500.000
G0 X68.210 Y171.375 F3000.000
G1 Z1.000 F500.000
G4 P100
G1 X68.395 Y172.610 F1000.000
G1 X68.543 Y172.822
G1 X68.830 Y172.890
G1 X68.970 Y172.865
G1 X69.010 Y172.770
G1 X68.795 Y171.590
G1 X68.999 Y172.190
G1 X69.250 Y172.590
G1 X69.554 Y172.815
G1 X69.915 Y172.890
G1 X70.323 Y172.727
G1 X70.470 Y172.310
G1 X70.378 Y171.955
G1 X70.135 Y171.810
G1 X69.983 Y171.855
G1 X69.925 Y171.980
G1 X69.943 Y172.366
G1 X69.845 Y172.400
G1 X69.650 Y172.298
G1 X69.498 Y172.022
G1 X69.440 Y171.650
G1 X69.565 Y171.218
G1 X69.925 Y171.055
G1 X70.255 Y171.178
G1 X70.790 Y171.675
G1 X70.893 Y171.615
G1 X70.930 Y171.450
G1 X70.835 Y171.140
G1 X70.385 Y170.702
G1 X69.875 Y170.535
G1 X69.448 Y170.637
G1 X69.135 Y170.885
G1 X68.980 Y171.165
G1 X68.778 Y170.610
G1 X68.555 Y170.535
G1 X68.393 Y170.585
G1 X68.288 Y170.735
G1 X68.210 Y171.375
G0 Z5.000 F500.000
G0 X70.560 Y171.065 F3000.000
G1 Z1.000 F500.000
G4 P100
G1 X70.450 Y171.585 F1000.000
G1 X70.595 Y172.262
G1 X70.768 Y172.528
G1 X71.264 Y172.853
G1 X71.560 Y172.895
G1 X71.903 Y172.829
G1 X72.173 Y172.632
G1 X72.357 Y172.339
G1 X72.445 Y171.985
G1 X73.075 Y172.095
G1 X73.175 Y172.030
G1 X73.174 Y171.674
G1 X73.065 Y171.580
G1 X72.405 Y171.460
G1 X72.264 Y171.082
G1 X72.030 Y170.787
G1 X71.731 Y170.598
G1 X71.117 Y170.571
G1 X70.883 Y170.680
G1 X70.560 Y171.065
G0 Z5.000 F500.000
G0 X71.183 Y171.210 F3000.000
G1 Z1.000 F500.000
G4 P100
G1 X71.435 Y171.065 F1000.000
G1 X71.713 Y171.195
G1 X71.870 Y171.570
G1 X71.633 Y171.845
G1 X71.565 Y172.365
G1 X71.363 Y172.317
G1 X71.208 Y172.173
G1 X71.108 Y171.941
G1 X71.075 Y171.630
G1 X71.183 Y171.210
G0 Z5.000 F500.000
G0 X72.790 Y171.375 F3000.000
G1 Z1.000 F500.000
G4 P100
G1 X72.975 Y172.610 F1000.000
G1 X73.120 Y172.822
G1 X73.410 Y172.890
G1 X73.550 Y172.865
G1 X73.590 Y172.770
G1 X73.440 Y172.010
G1 X74.080 Y172.010
G1 X74.348 Y172.825
G1 X74.755 Y172.863
G1 X74.800 Y172.760
G1 X74.535 Y171.285
G1 X74.575 Y171.137
G1 X74.680 Y171.085
G1 X74.918 Y171.207
G1 X75.420 Y171.675
G1 X75.523 Y171.615
G1 X75.560 Y171.450
G1 X75.465 Y171.140
G1 X74.993 Y170.705
G1 X74.440 Y170.535
G1 X74.219 Y170.575
G1 X74.075 Y170.695
G1 X73.970 Y171.175
G1 X73.995 Y171.500
G1 X73.385 Y171.510
G1 X73.360 Y170.775
G1 X73.300 Y170.593
G1 X73.135 Y170.535
G1 X72.973 Y170.585
G1 X72.868 Y170.735
G1 X72.790 Y171.375
G0 Z5.000 F500.000
G0 X74.860 Y171.015 F3000.000
G1 Z1.000 F500.000
G4 P100
G1 X75.425 Y171.835 F1000.000
G1 X75.985 Y173.101
G1 X76.245 Y173.185
G1 X76.436 Y173.134
G1 X76.698 Y172.803
G1 X76.955 Y172.745
G1 X77.575 Y172.900
G1 X77.710 Y172.850
G1 X77.760 Y172.700
G1 X77.715 Y172.493
G1 X77.580 Y172.330
G1 X76.898 Y171.733
G1 X76.749 Y171.511
G1 X76.700 Y171.290
G1 X76.778 Y171.102
G1 X77.010 Y171.040
G1 X77.550 Y171.192
G1 X78.200 Y171.675
G1 X78.303 Y171.615
G1 X78.340 Y171.450
G1 X78.245 Y171.140
G1 X77.655 Y170.657
G1 X76.945 Y170.485
G1 X76.571 Y170.529
G1 X76.298 Y170.662
G1 X76.131 Y170.883
G1 X76.075 Y171.190
G1 X76.131 Y171.509
G1 X76.298 Y171.787
G1 X76.940 Y172.335
G1 X76.715 Y172.300
G1 X76.438 Y172.385
G1 X76.255 Y172.640
G1 X75.930 Y171.760
G1 X75.593 Y171.287
G1 X75.230 Y170.905
G1 X75.040 Y170.815
G1 X74.910 Y170.873
G1 X74.860 Y171.015
G0 Z5.000 F500.000
G0 X77.865 Y171.350 F3000.000
G1 Z1.000 F500.000
G4 P100
G1 X77.911 Y171.739 F1000.000
G1 X78.266 Y172.430
G1 X78.859 Y172.846
G1 X79.195 Y172.900
G1 X79.343 Y172.857
G1 X79.405 Y172.705
G1 X79.809 Y172.681
G1 X79.870 Y172.550
G1 X79.680 Y171.250
G1 X79.718 Y171.130
G1 X79.815 Y171.085
G1 X80.045 Y171.207
G1 X80.545 Y171.675
G1 X80.648 Y171.615
G1 X80.685 Y171.450
G1 X80.590 Y171.140
G1 X80.155 Y170.710
G1 X79.710 Y170.535
G1 X79.408 Y170.647
G1 X79.200 Y170.955
G1 X78.906 Y170.640
G1 X78.545 Y170.535
G1 X78.266 Y170.591
G1 X78.050 Y170.760
G1 X77.911 Y171.020
G1 X77.865 Y171.350
G0 Z5.000 F500.000
G0 X78.553 Y171.115 F3000.000
G1 Z1.000 F500.000
G4 P100
G1 X78.725 Y171.040 F1000.000
G1 X78.935 Y171.170
G1 X79.080 Y171.515
G1 X79.265 Y172.435
G1 X78.878 Y172.277
G1 X78.595 Y171.875
G1 X78.490 Y171.345
G1 X78.553 Y171.115
G0 Z5.000 F500.000
G0 X80.290 Y171.375 F3000.000
G1 Z1.000 F500.000
G4 P100
G1 X80.475 Y172.610 F1000.000
G1 X80.620 Y172.822
G1 X80.910 Y172.890
G1 X81.050 Y172.865
G1 X81.090 Y172.770
G1 X80.940 Y172.010
G1 X81.580 Y172.010
G1 X81.848 Y172.825
G1 X82.255 Y172.863
G1 X82.300 Y172.760
G1 X82.035 Y171.285
G1 X82.075 Y171.137
G1 X82.180 Y171.085
G1 X82.418 Y171.207
G1 X82.920 Y171.675
G1 X83.023 Y171.615
G1 X83.060 Y171.450
G1 X82.965 Y171.140
G1 X82.493 Y170.705
G1 X81.940 Y170.535
G1 X81.719 Y170.575
G1 X81.575 Y170.695
G1 X81.470 Y171.175
G1 X81.495 Y171.500
G1 X80.885 Y171.510
G1 X80.860 Y170.775
G1 X80.800 Y170.593
G1 X80.635 Y170.535
G1 X80.473 Y170.585
G1 X80.368 Y170.735
G1 X80.290 Y171.375
G0 Z5.000 F500.000
G0 X82.691 Y170.976 F3000.000
G1 Z1.000 F500.000
G4 P100
G1 X82.705 Y171.947 F1000.000
G1 X82.870 Y172.610
G1 X83.010 Y172.825
G1 X83.295 Y172.890
G1 X83.448 Y172.855
G1 X83.490 Y172.750
G1 X83.280 Y171.298
G1 X83.360 Y171.255
G1 X83.548 Y171.405
G1 X84.158 Y172.825
G1 X84.405 Y172.890
G1 X84.565 Y172.863
G1 X84.610 Y172.760
G1 X84.345 Y171.285
G1 X84.385 Y171.137
G1 X84.490 Y171.085
G1 X84.728 Y171.207
G1 X85.230 Y171.675
G1 X85.333 Y171.615
G1 X85.370 Y171.450
G1 X85.275 Y171.140
G1 X84.813 Y170.705
G1 X84.548 Y170.577
G1 X84.042 Y170.581
G1 X83.898 Y170.720
G1 X83.785 Y171.240
G1 X83.530 Y170.718
G1 X83.165 Y170.535
G1 X82.961 Y170.587
G1 X82.691 Y170.976
G0 Z5.000 F500.000
G0 X84.730 Y171.190 F3000.000
G1 Z1.000 F500.000
G4 P100
G1 X84.848 Y171.600 F1000.000
G1 X85.170 Y171.750
G1 X85.305 Y171.714
G1 X85.350 Y171.605
G1 X85.400 Y171.150
G1 X85.590 Y171.045
G1 X85.905 Y171.142
G1 X86.220 Y171.420
G1 X85.886 Y171.468
G1 X85.678 Y171.610
G1 X85.544 Y171.832
G1 X85.500 Y172.120
G1 X85.554 Y172.448
G1 X85.715 Y172.692
G1 X85.973 Y172.844
G1 X86.315 Y172.895
G1 X86.870 Y172.810
G1 X87.100 Y172.885
G1 X87.258 Y172.837
G1 X87.305 Y172.710
G1 X87.100 Y171.715
G1 X87.098 Y171.137
G1 X87.205 Y171.085
G1 X87.435 Y171.200
G1 X87.945 Y171.675
G1 X88.048 Y171.615
G1 X88.085 Y171.450
G1 X87.990 Y171.140
G1 X87.490 Y170.685
G1 X87.015 Y170.535
G1 X86.700 Y170.680
G1 X86.590 Y171.095
G1 X86.620 Y171.410
G1 X86.084 Y170.754
G1 X85.770 Y170.590
G1 X85.425 Y170.535
G1 X85.144 Y170.580
G1 X84.923 Y170.715
G1 X84.778 Y170.924
G1 X84.730 Y171.190
G0 Z5.000 F500.000
G0 X86.108 Y171.890 F3000.000
G1 Z1.000 F500.000
G4 P100
G1 X86.485 Y171.805 F1000.000
G1 X86.755 Y172.435
G1 X86.435 Y172.490
G1 X86.125 Y172.395
G1 X86.015 Y172.125
G1 X86.108 Y171.890
G0 Z5.000 F500.000
G0 X88.681 Y170.838 F3000.000
G1 Z1.000 F500.000
G4 P100
G1 X89.090 Y171.590 F1000.000
G1 X89.080 Y172.605
G1 X89.195 Y172.835
G1 X89.495 Y172.920
G1 X89.648 Y172.877
G1 X89.705 Y172.525
G1 X90.020 Y172.812
G1 X90.350 Y172.900
G1 X90.604 Y172.844
G1 X90.808 Y172.675
G1 X90.941 Y172.415
G1 X90.985 Y172.085
G1 X90.900 Y171.570
G1 X90.665 Y171.115
G1 X90.840 Y171.085
G1 X91.155 Y171.205
G1 X91.675 Y171.675
G1 X91.778 Y171.615
G1 X91.815 Y171.450
G1 X91.720 Y171.140
G1 X91.258 Y170.705
G1 X90.993 Y170.577
G1 X90.455 Y170.582
G1 X90.265 Y170.725
G1 X89.670 Y170.535
G1 X89.564 Y169.649
G1 X89.375 Y168.922
G1 X89.091 Y168.437
G1 X88.700 Y168.275
G1 X88.465 Y168.324
G1 X88.300 Y168.470
G1 X88.170 Y169.010
G1 X88.395 Y170.152
G1 X88.681 Y170.838
G0 Z5.000 F500.000
G0 X88.740 Y169.860 F3000.000
G1 Z1.000 F500.000
G4 P100
G1 X88.615 Y169.095 F1000.000
G1 X88.653 Y168.850
G1 X88.740 Y168.765
G1 X88.864 Y168.912
G1 X88.965 Y169.352
G1 X89.080 Y170.815
G1 X88.740 Y169.860
G0 Z5.000 F500.000
G0 X89.695 Y171.015 F3000.000
G1 Z1.000 F500.000
G4 P100
G1 X90.028 Y171.212 F1000.000
G1 X90.270 Y171.602
G1 X90.360 Y172.090
G1 X90.300 Y172.317
G1 X90.140 Y172.395
G1 X89.941 Y172.300
G1 X89.705 Y172.015
G1 X89.695 Y171.015
G0 Z5.000 F500.000
G0 X91.410 Y171.260 F3000.000
G1 Z1.000 F500.000
G4 P100
G1 X91.460 Y171.947 F1000.000
G1 X91.625 Y172.610
G1 X91.765 Y172.825
G1 X92.050 Y172.890
G1 X92.203 Y172.855
G1 X92.245 Y172.750
G1 X92.035 Y171.298
G1 X92.115 Y171.255
G1 X92.303 Y171.405
G1 X92.913 Y172.825
G1 X93.160 Y172.890
G1 X93.320 Y172.863
G1 X93.365 Y172.760
G1 X93.100 Y171.285
G1 X93.140 Y171.137
G1 X93.245 Y171.085
G1 X93.483 Y171.207
G1 X93.985 Y171.675
G1 X94.088 Y171.615
G1 X94.125 Y171.450
G1 X94.030 Y171.140
G1 X93.568 Y170.705
G1 X93.005 Y170.535
G1 X92.797 Y170.581
G1 X92.653 Y170.720
G1 X92.540 Y171.240
G1 X92.285 Y170.718
G1 X91.920 Y170.535
G1 X91.716 Y170.587
G1 X91.446 Y170.976
G1 X91.410 Y171.260
G0 Z5.000 F500.000
G0 X93.640 Y171.545 F3000.000
G1 Z1.000 F500.000
G4 P100
G1 X93.680 Y171.925 F1000.000
G1 X93.984 Y172.525
G1 X94.215 Y172.725
G1 X94.750 Y172.890
G1 X95.178 Y172.727
G1 X95.330 Y172.310
G1 X95.238 Y171.955
G1 X94.995 Y171.810
G1 X94.843 Y171.855
G1 X94.785 Y171.980
G1 X94.803 Y172.365
G1 X94.710 Y172.400
G1 X94.495 Y172.298
G1 X94.335 Y172.020
G1 X94.275 Y171.635
G1 X94.401 Y171.200
G1 X94.780 Y171.055
G1 X95.223 Y171.192
G1 X95.825 Y171.675
G1 X95.928 Y171.615
G1 X95.965 Y171.450
G1 X95.870 Y171.140
G1 X95.612 Y170.883
G1 X95.308 Y170.692
G1 X94.675 Y170.535
G1 X94.239 Y170.604
G1 X93.913 Y170.812
G1 X93.708 Y171.134
G1 X93.640 Y171.545
G0 Z5.000 F500.000
G0 X95.560 Y171.260 F3000.000
G1 Z1.000 F500.000
G4 P100
G1 X95.610 Y171.947 F1000.000
G1 X95.775 Y172.610
G1 X95.915 Y172.825
G1 X96.200 Y172.890
G1 X96.353 Y172.855
G1 X96.395 Y172.750
G1 X96.190 Y171.752
G1 X96.186 Y171.303
G1 X96.265 Y171.255
G1 X96.453 Y171.405
G1 X97.063 Y172.825
G1 X97.310 Y172.890
G1 X97.470 Y172.860
G1 X97.515 Y172.760
G1 X97.255 Y171.095
G1 X98.005 Y171.625
G1 X98.120 Y171.665
G1 X98.223 Y171.602
G1 X98.260 Y171.445
G1 X98.115 Y171.150
G1 X97.155 Y170.505
G1 X96.936 Y169.581
G1 X96.658 Y168.877
G1 X96.308 Y168.433
G1 X95.875 Y168.285
G1 X95.644 Y168.324
G1 X95.340 Y168.624
G1 X95.300 Y168.855
G1 X95.408 Y169.335
G1 X95.808 Y169.897
G1 X96.635 Y170.625
G1 X96.730 Y171.270
G1 X96.450 Y170.722
G1 X96.070 Y170.535
G1 X95.866 Y170.587
G1 X95.703 Y170.743
G1 X95.560 Y171.260
G0 Z5.000 F500.000
G0 X96.520 Y170.025 F3000.000
G1 Z1.000 F500.000
G4 P100
G1 X95.963 Y169.433 F1000.000
G1 X95.790 Y168.965
G1 X95.823 Y168.825
G1 X95.930 Y168.770
G1 X96.063 Y168.843
G1 X96.210 Y169.060
G1 X96.520 Y170.025
G0 Z5.000 F500.000
G0 X98.148 Y170.585 F3000.000
G1 Z1.000 F500.000
G4 P100
G1 X98.043 Y170.735 F1000.000
G1 X97.965 Y171.375
G1 X98.011 Y172.009
G1 X98.150 Y172.610
G1 X98.295 Y172.822
G1 X98.585 Y172.890
G1 X98.725 Y172.865
G1 X98.765 Y172.770
G1 X98.615 Y172.010
G1 X99.255 Y172.010
G1 X99.523 Y172.825
G1 X99.930 Y172.863
G1 X99.975 Y172.760
G1 X99.710 Y171.285
G1 X99.750 Y171.137
G1 X99.855 Y171.085
G1 X100.093 Y171.207
G1 X100.595 Y171.675
G1 X100.698 Y171.615
G1 X100.735 Y171.450
G1 X100.640 Y171.140
G1 X100.168 Y170.705
G1 X99.615 Y170.535
G1 X99.394 Y170.575
G1 X99.250 Y170.695
G1 X99.145 Y171.175
G1 X99.170 Y171.500
G1 X98.560 Y171.510
G1 X98.475 Y170.593
G1 X98.310 Y170.535
G1 X98.148 Y170.585
G0 Z5.000 F500.000
G0 X100.418 Y170.735 F3000.000
G1 Z1.000 F500.000
G4 P100
G1 X100.340 Y171.375 F1000.000
G1 X100.386 Y172.009
G1 X100.525 Y172.610
G1 X100.673 Y172.822
G1 X100.960 Y172.890
G1 X101.100 Y172.865
G1 X101.140 Y172.770
G1 X100.925 Y171.590
G1 X101.129 Y172.190
G1 X101.380 Y172.590
G1 X101.684 Y172.815
G1 X102.045 Y172.890
G1 X102.453 Y172.727
G1 X102.600 Y172.310
G1 X102.508 Y171.955
G1 X102.265 Y171.810
G1 X102.113 Y171.855
G1 X102.055 Y171.980
G1 X102.105 Y172.265
G1 X101.975 Y172.400
G1 X101.780 Y172.298
G1 X101.628 Y172.022
G1 X101.570 Y171.650
G1 X101.695 Y171.218
G1 X102.055 Y171.055
G1 X102.385 Y171.178
G1 X102.920 Y171.675
G1 X103.023 Y171.615
G1 X103.060 Y171.450
G1 X102.965 Y171.140
G1 X102.515 Y170.702
G1 X102.275 Y170.577
G1 X102.005 Y170.535
G1 X101.578 Y170.637
G1 X101.265 Y170.885
G1 X101.110 Y171.165
G1 X100.908 Y170.610
G1 X100.685 Y170.535
G1 X100.523 Y170.585
G1 X100.418 Y170.735
G0 Z5.000 F500.000
G0 X102.636 Y171.020 F3000.000
G1 Z1.000 F500.000
G4 P100
G1 X102.636 Y171.739 F1000.000
G1 X102.991 Y172.430
G1 X103.584 Y172.846
G1 X103.920 Y172.900
G1 X104.068 Y172.857
G1 X104.130 Y172.705
G1 X104.534 Y172.681
G1 X104.595 Y172.550
G1 X104.405 Y171.250
G1 X104.443 Y171.130
G1 X104.540 Y171.085
G1 X104.770 Y171.207
G1 X105.270 Y171.675
G1 X105.373 Y171.615
G1 X105.410 Y171.450
G1 X105.315 Y171.140
G1 X104.880 Y170.710
G1 X104.435 Y170.535
G1 X104.133 Y170.647
G1 X103.925 Y170.955
G1 X103.631 Y170.640
G1 X103.270 Y170.535
G1 X102.991 Y170.591
G1 X102.775 Y170.760
G1 X102.636 Y171.020
G0 Z5.000 F500.000
G0 X103.278 Y171.115 F3000.000
G1 Z1.000 F500.000
G4 P100
G1 X103.450 Y171.040 F1000.000
G1 X103.660 Y171.170
G1 X103.805 Y171.515
G1 X103.990 Y172.435
G1 X103.603 Y172.277
G1 X103.320 Y171.875
G1 X103.215 Y171.345
G1 X103.278 Y171.115
G0 Z5.000 F500.000
G0 X106.265 Y171.350 F3000.000
G1 Z1.000 F500.000
G4 P100
G1 X106.311 Y171.739 F1000.000
G1 X106.666 Y172.430
G1 X107.259 Y172.846
G1 X107.595 Y172.900
G1 X107.743 Y172.857
G1 X107.805 Y172.705
G1 X108.209 Y172.681
G1 X108.270 Y172.550
G1 X108.080 Y171.250
G1 X108.118 Y171.130
G1 X108.215 Y171.085
G1 X108.445 Y171.207
G1 X108.945 Y171.675
G1 X109.048 Y171.615
G1 X109.085 Y171.450
G1 X108.990 Y171.140
G1 X108.555 Y170.710
G1 X108.110 Y170.535
G1 X107.808 Y170.647
G1 X107.600 Y170.955
G1 X107.306 Y170.640
G1 X106.945 Y170.535
G1 X106.666 Y170.591
G1 X106.450 Y170.760
G1 X106.311 Y171.020
G1 X106.265 Y171.350
G0 Z5.000 F500.000
G0 X106.953 Y171.115 F3000.000
G1 Z1.000 F500.000
G4 P100
G1 X107.125 Y171.040 F1000.000
G1 X107.335 Y171.170
G1 X107.480 Y171.515
G1 X107.665 Y172.435
G1 X107.278 Y172.277
G1 X106.995 Y171.875
G1 X106.890 Y171.345
G1 X106.953 Y171.115
G0 Z5.000 F500.000
G0 X108.635 Y171.525 F3000.000
G1 Z1.000 F500.000
G4 P100
G1 X108.773 Y172.197 F1000.000
G1 X109.145 Y172.662
G1 X109.665 Y172.830
G1 X109.925 Y172.775
G1 X109.090 Y173.858
G1 X109.020 Y174.175
G1 X109.150 Y174.542
G1 X109.470 Y174.750
G1 X110.640 Y175.100
G1 X110.753 Y175.010
G1 X110.795 Y174.800
G1 X110.700 Y174.550
G1 X109.708 Y174.282
G1 X109.600 Y174.120
G1 X110.553 Y172.772
G1 X110.655 Y171.980
G1 X111.340 Y172.095
G1 X111.440 Y172.030
G1 X111.440 Y171.673
G1 X111.330 Y171.580
G1 X110.570 Y171.455
G1 X110.403 Y171.062
G1 X110.163 Y170.775
G1 X109.859 Y170.599
G1 X109.505 Y170.540
G1 X109.140 Y170.601
G1 X108.865 Y170.782
G1 X108.693 Y171.089
G1 X108.635 Y171.525
G0 Z5.000 F500.000
G0 X109.318 Y171.185 F3000.000
G1 Z1.000 F500.000
G4 P100
G1 X109.505 Y171.065 F1000.000
G1 X109.793 Y171.238
G1 X110.005 Y171.685
G1 X109.863 Y171.925
G1 X109.825 Y172.340
G1 X109.498 Y172.240
G1 X109.325 Y171.947
G1 X109.260 Y171.525
G1 X109.318 Y171.185
G0 Z5.000 F500.000
G0 X111.075 Y171.205 F3000.000
G1 Z1.000 F500.000
G4 P100
G1 X111.175 Y171.455 F1000.000
G1 X111.888 Y171.752
G1 X112.173 Y171.960
G1 X112.295 Y172.275
G1 X112.235 Y172.435
G1 X112.035 Y172.490
G1 X111.483 Y172.292
G1 X111.219 Y172.317
G1 X111.170 Y172.460
G1 X111.283 Y172.695
G1 X111.605 Y172.870
G1 X112.095 Y172.935
G1 X112.404 Y172.892
G1 X112.623 Y172.765
G1 X112.752 Y172.569
G1 X112.795 Y172.320
G1 X112.716 Y171.939
G1 X112.478 Y171.635
G1 X111.660 Y171.225
G1 X112.185 Y170.915
G1 X113.270 Y171.625
G1 X113.385 Y171.665
G1 X113.488 Y171.605
G1 X113.525 Y171.445
G1 X113.385 Y171.150
G1 X112.375 Y170.520
G1 X112.367 Y169.734
G1 X112.036 Y168.886
G1 X111.778 Y168.565
G1 X111.482 Y168.355
G1 X111.170 Y168.285
G1 X110.926 Y168.323
G1 X110.633 Y168.622
G1 X110.659 Y169.289
G1 X110.850 Y169.695
G1 X111.201 Y170.120
G1 X111.745 Y170.595
G1 X111.155 Y170.995
G1 X111.075 Y171.205
G0 Z5.000 F500.000
G0 X111.845 Y170.120 F3000.000
G1 Z1.000 F500.000
G4 P100
G1 X111.275 Y169.509 F1000.000
G1 X111.133 Y169.225
G1 X111.120 Y168.805
G1 X111.225 Y168.755
G1 X111.493 Y168.977
G1 X111.743 Y169.515
G1 X111.845 Y170.120
G0 Z5.000 F500.000
G0 X113.340 Y170.760 F3000.000
G1 Z1.000 F500.000
G4 P100
G1 X113.201 Y171.020 F1000.000
G1 X113.155 Y171.350
G1 X113.340 Y172.107
G1 X113.556 Y172.430
G1 X114.149 Y172.846
G1 X114.485 Y172.900
G1 X114.633 Y172.857
G1 X114.695 Y172.705
G1 X115.099 Y172.681
G1 X115.160 Y172.550
G1 X114.970 Y171.250
G1 X115.008 Y171.130
G1 X115.105 Y171.085
G1 X115.335 Y171.207
G1 X115.700 Y171.605
G1 X115.835 Y171.675
G1 X115.938 Y171.615
G1 X115.975 Y171.450
G1 X115.880 Y171.140
G1 X115.445 Y170.710
G1 X115.000 Y170.535
G1 X114.698 Y170.647
G1 X114.490 Y170.955
G1 X114.196 Y170.640
G1 X113.835 Y170.535
G1 X113.556 Y170.591
G1 X113.340 Y170.760
G0 Z5.000 F500.000
G0 X113.843 Y171.115 F3000.000
G1 Z1.000 F500.000
G4 P100
G1 X114.015 Y171.040 F1000.000
G1 X114.225 Y171.170
G1 X114.370 Y171.515
G1 X114.555 Y172.435
G1 X114.168 Y172.277
G1 X113.885 Y171.875
G1 X113.780 Y171.345
G1 X113.843 Y171.115
G0 Z5.000 F500.000
G0 X115.570 Y171.260 F3000.000
G1 Z1.000 F500.000
G4 P100
G1 X115.620 Y171.942 F1000.000
G1 X115.785 Y172.610
G1 X115.928 Y172.827
G1 X116.210 Y172.890
G1 X116.360 Y172.857
G1 X116.405 Y172.750
G1 X116.170 Y171.445
G1 X116.275 Y171.255
G1 X116.424 Y171.350
G1 X116.600 Y171.635
G1 X117.075 Y172.827
G1 X117.320 Y172.890
G1 X117.480 Y172.863
G1 X117.525 Y172.760
G1 X117.300 Y171.655
G1 X117.280 Y171.207
G1 X117.503 Y171.145
G1 X117.515 Y171.005
G1 X118.210 Y171.440
G1 X118.312 Y171.380
G1 X118.350 Y171.220
G1 X118.205 Y170.940
G1 X117.485 Y170.490
G1 X117.205 Y169.572
G1 X116.990 Y169.280
G1 X116.728 Y169.100
G1 X116.430 Y169.040
G1 X116.083 Y169.180
G1 X115.945 Y169.530
G1 X116.033 Y169.873
G1 X116.353 Y170.235
G1 X117.010 Y170.690
G1 X116.783 Y170.868
G1 X116.700 Y171.240
G1 X116.453 Y170.725
G1 X116.276 Y170.582
G1 X115.879 Y170.586
G1 X115.606 Y170.972
G1 X115.570 Y171.260
G0 Z5.000 F500.000
G0 X116.560 Y169.904 F3000.000
G1 Z1.000 F500.000
G4 P100
G1 X116.430 Y169.620 F1000.000
G1 X116.535 Y169.510
G1 X116.785 Y169.700
G1 X116.950 Y170.205
G1 X116.560 Y169.904
G0 Z5.000 F500.000
G0 X119.220 Y169.223 F3000.000
G1 Z1.000 F500.000
G4 P100
G1 X119.430 Y169.618 F1000.000
G1 X119.833 Y170.072
G1 X120.480 Y170.620
G1 X120.510 Y170.815
G1 X120.288 Y170.607
G1 X120.015 Y170.535
G1 X119.736 Y170.591
G1 X119.520 Y170.760
G1 X119.381 Y171.020
G1 X119.335 Y171.350
G1 X119.520 Y172.107
G1 X119.736 Y172.430
G1 X120.329 Y172.846
G1 X120.665 Y172.900
G1 X120.812 Y172.857
G1 X120.875 Y172.705
G1 X121.273 Y172.688
G1 X121.320 Y172.445
G1 X121.105 Y171.095
G1 X121.960 Y171.665
G1 X122.062 Y171.602
G1 X122.065 Y171.265
G1 X121.005 Y170.505
G1 X120.786 Y169.581
G1 X120.508 Y168.877
G1 X120.158 Y168.433
G1 X119.725 Y168.285
G1 X119.310 Y168.442
G1 X119.150 Y168.855
G1 X119.220 Y169.223
G0 Z5.000 F500.000
G0 X119.640 Y168.965 F3000.000
G1 Z1.000 F500.000
G4 P100
G1 X119.673 Y168.825 F1000.000
G1 X119.780 Y168.770
G1 X119.913 Y168.845
G1 X120.063 Y169.070
G1 X120.365 Y170.025
G1 X119.810 Y169.430
G1 X119.640 Y168.965
G0 Z5.000 F500.000
G0 X120.195 Y171.040 F3000.000
G1 Z1.000 F500.000
G4 P100
G1 X120.415 Y171.180 F1000.000
G1 X120.725 Y172.435
G1 X120.345 Y172.277
G1 X120.065 Y171.875
G1 X119.960 Y171.345
G1 X120.023 Y171.115
G1 X120.195 Y171.040
G0 Z5.000 F500.000
G0 X121.720 Y171.585 F3000.000
G1 Z1.000 F500.000
G4 P100
G1 X121.865 Y172.262 F1000.000
G1 X122.038 Y172.528
G1 X122.534 Y172.853
G1 X122.830 Y172.895
G1 X123.173 Y172.829
G1 X123.443 Y172.632
G1 X123.627 Y172.339
G1 X123.715 Y171.985
G1 X124.345 Y172.095
G1 X124.445 Y172.030
G1 X124.480 Y171.865
G1 X124.444 Y171.674
G1 X124.335 Y171.580
G1 X123.675 Y171.460
G1 X123.534 Y171.082
G1 X123.300 Y170.787
G1 X123.001 Y170.598
G1 X122.665 Y170.535
G1 X122.153 Y170.680
G1 X121.830 Y171.065
G1 X121.720 Y171.585
G0 Z5.000 F500.000
G0 X122.453 Y171.210 F3000.000
G1 Z1.000 F500.000
G4 P100
G1 X122.705 Y171.065 F1000.000
G1 X122.983 Y171.195
G1 X123.140 Y171.570
G1 X122.903 Y171.845
G1 X122.835 Y172.365
G1 X122.633 Y172.317
G1 X122.478 Y172.173
G1 X122.378 Y171.941
G1 X122.345 Y171.630
G1 X122.453 Y171.210
G0 Z5.000 F500.000
G0 X123.815 Y171.190 F3000.000
G1 Z1.000 F500.000
G4 P100
G1 X123.930 Y171.595 F1000.000
G1 X124.255 Y171.750
G1 X124.398 Y171.710
G1 X124.435 Y171.600
G1 X124.417 Y171.135
G1 X124.485 Y171.090
G1 X124.597 Y171.165
G1 X125.435 Y172.803
G1 X125.735 Y172.880
G1 X126.015 Y172.805
G1 X126.105 Y172.560
G1 X126.129 Y171.191
G1 X126.290 Y171.060
G1 X126.468 Y171.145
G1 X127.000 Y171.675
G1 X127.102 Y171.615
G1 X127.140 Y171.450
G1 X127.045 Y171.140
G1 X126.757 Y170.827
G1 X126.458 Y170.623
G1 X126.055 Y170.535
G1 X125.803 Y170.593
G1 X125.635 Y170.767
G1 X125.541 Y171.059
G1 X125.530 Y171.925
G1 X125.299 Y171.336
G1 X125.028 Y170.900
G1 X124.714 Y170.630
G1 X124.360 Y170.540
G1 X124.132 Y170.586
G1 X123.960 Y170.725
G1 X123.815 Y171.190
G0 Z5.000 F500.000
G0 X126.640 Y171.125 F3000.000
G1 Z1.000 F500.000
G4 P100
G1 X126.755 Y171.530 F1000.000
G1 X127.080 Y171.685
G1 X127.215 Y171.651
G1 X127.260 Y171.550
G1 X127.268 Y171.107
G1 X127.365 Y171.070
G1 X127.548 Y171.183
G1 X127.692 Y171.490
G1 X127.750 Y171.920
G1 X127.705 Y172.222
G1 X127.595 Y172.345
G1 X127.515 Y172.317
G1 X127.385 Y172.097
G1 X127.210 Y172.050
G1 X127.035 Y172.127
G1 X126.970 Y172.365
G1 X127.133 Y172.762
G1 X127.540 Y172.910
G1 X127.943 Y172.722
G1 X128.225 Y172.150
G1 X128.310 Y172.655
G1 X128.440 Y172.840
G1 X128.835 Y172.860
G1 X128.875 Y172.760
G1 X128.675 Y171.590
G1 X128.975 Y172.357
G1 X129.322 Y172.765
G1 X129.770 Y172.890
G1 X130.002 Y172.849
G1 X130.288 Y172.542
G1 X130.325 Y172.310
G1 X130.233 Y171.955
G1 X129.990 Y171.810
G1 X129.838 Y171.855
G1 X129.798 Y172.366
G1 X129.700 Y172.400
G1 X129.505 Y172.298
G1 X129.353 Y172.022
G1 X129.295 Y171.650
G1 X129.420 Y171.218
G1 X129.780 Y171.055
G1 X130.110 Y171.178
G1 X130.645 Y171.675
G1 X130.748 Y171.615
G1 X130.785 Y171.450
G1 X130.690 Y171.140
G1 X130.240 Y170.702
G1 X129.730 Y170.535
G1 X129.300 Y170.655
G1 X128.995 Y170.957
G1 X128.845 Y171.325
G1 X128.685 Y170.705
G1 X128.583 Y170.575
G1 X128.430 Y170.535
G1 X128.260 Y170.620
G1 X128.210 Y170.890
G1 X128.320 Y171.770
G1 X128.043 Y171.125
G1 X127.722 Y170.710
G1 X127.502 Y170.582
G1 X126.989 Y170.580
G1 X126.680 Y170.886
G1 X126.640 Y171.125
G0 Z5.000 F500.000
G0 X130.305 Y171.600 F3000.000
G1 Z1.000 F500.000
G4 P100
G1 X130.450 Y172.243 F1000.000
G1 X130.623 Y172.509
G1 X131.127 Y172.846
G1 X131.435 Y172.890
G1 X131.696 Y172.847
G1 X131.900 Y172.718
G1 X132.031 Y172.514
G1 X132.075 Y172.250
G1 X132.013 Y171.929
G1 X131.827 Y171.657
G1 X131.494 Y171.436
G1 X130.990 Y171.265
G1 X131.171 Y171.093
G1 X131.465 Y171.035
G1 X131.977 Y171.192
G1 X132.610 Y171.675
G1 X132.713 Y171.615
G1 X132.750 Y171.450
G1 X132.655 Y171.140
G1 X132.132 Y170.725
G1 X131.410 Y170.535
G1 X130.944 Y170.606
G1 X130.595 Y170.820
G1 X130.377 Y171.157
G1 X130.305 Y171.600
G0 Z5.000 F500.000
G0 X130.910 Y171.665 F3000.000
G1 Z1.000 F500.000
G4 P100
G1 X131.375 Y171.865 F1000.000
G1 X131.502 Y172.016
G1 X131.493 Y172.343
G1 X131.350 Y172.400
G1 X131.179 Y172.346
G1 X131.037 Y172.185
G1 X130.910 Y171.665
G0 Z5.000 F500.000
G0 X132.401 Y172.009 F3000.000
G1 Z1.000 F500.000
G4 P100
G1 X132.540 Y172.610 F1000.000
G1 X132.685 Y172.822
G1 X132.975 Y172.890
G1 X133.115 Y172.865
G1 X133.155 Y172.770
G1 X133.005 Y172.010
G1 X133.645 Y172.010
G1 X133.912 Y172.825
G1 X134.320 Y172.863
G1 X134.365 Y172.760
G1 X134.100 Y171.285
G1 X134.140 Y171.137
G1 X134.245 Y171.085
G1 X134.483 Y171.207
G1 X134.985 Y171.675
G1 X135.088 Y171.615
G1 X135.125 Y171.450
G1 X135.030 Y171.140
G1 X134.558 Y170.705
G1 X134.005 Y170.535
G1 X133.784 Y170.575
G1 X133.640 Y170.695
G1 X133.535 Y171.175
G1 X133.560 Y171.500
G1 X132.950 Y171.510
G1 X132.925 Y170.775
G1 X132.865 Y170.593
G1 X132.700 Y170.535
G1 X132.538 Y170.585
G1 X132.433 Y170.735
G1 X132.355 Y171.375
G1 X132.401 Y172.009
G0 Z5.000 F500.000
G0 X135.965 Y171.545 F3000.000
G1 Z1.000 F500.000
G4 P100
G1 X136.005 Y171.925 F1000.000
G1 X136.309 Y172.525
G1 X136.540 Y172.725
G1 X137.075 Y172.890
G1 X137.502 Y172.727
G1 X137.655 Y172.310
G1 X137.562 Y171.955
G1 X137.320 Y171.810
G1 X137.168 Y171.855
G1 X137.110 Y171.980
G1 X137.127 Y172.365
G1 X137.035 Y172.400
G1 X136.820 Y172.298
G1 X136.660 Y172.020
G1 X136.600 Y171.635
G1 X136.726 Y171.200
G1 X137.105 Y171.055
G1 X137.548 Y171.192
G1 X138.150 Y171.675
G1 X138.252 Y171.615
G1 X138.290 Y171.450
G1 X138.195 Y171.140
G1 X137.937 Y170.883
G1 X137.632 Y170.692
G1 X137.000 Y170.535
G1 X136.564 Y170.604
G1 X136.238 Y170.812
G1 X136.033 Y171.134
G1 X135.965 Y171.545
G0 Z5.000 F500.000
G0 X137.895 Y171.375 F3000.000
G1 Z1.000 F500.000
G4 P100
G1 X138.080 Y172.610 F1000.000
G1 X138.225 Y172.822
G1 X138.515 Y172.890
G1 X138.655 Y172.865
G1 X138.695 Y172.770
G1 X138.545 Y172.010
G1 X139.185 Y172.010
G1 X139.452 Y172.825
G1 X139.860 Y172.863
G1 X139.905 Y172.760
G1 X139.640 Y171.285
G1 X139.680 Y171.137
G1 X139.785 Y171.085
G1 X140.023 Y171.207
G1 X140.525 Y171.675
G1 X140.627 Y171.615
G1 X140.665 Y171.450
G1 X140.570 Y171.140
G1 X140.098 Y170.705
G1 X139.545 Y170.535
G1 X139.324 Y170.575
G1 X139.180 Y170.695
G1 X139.075 Y171.175
G1 X139.100 Y171.500
G1 X138.490 Y171.510
G1 X138.465 Y170.775
G1 X138.405 Y170.593
G1 X138.240 Y170.535
G1 X138.078 Y170.585
G1 X137.973 Y170.735
G1 X137.895 Y171.375
G0 Z5.000 F500.000
G0 X140.295 Y171.065 F3000.000
G1 Z1.000 F500.000
G4 P100
G1 X140.185 Y171.585 F1000.000
G1 X140.330 Y172.262
G1 X140.503 Y172.528
G1 X140.999 Y172.853
G1 X141.295 Y172.895
G1 X141.638 Y172.829
G1 X141.908 Y172.632
G1 X142.092 Y172.339
G1 X142.180 Y171.985
G1 X142.810 Y172.095
G1 X142.910 Y172.030
G1 X142.909 Y171.674
G1 X142.800 Y171.580
G1 X142.140 Y171.460
G1 X141.999 Y171.082
G1 X141.765 Y170.787
G1 X141.466 Y170.598
G1 X140.852 Y170.571
G1 X140.618 Y170.680
G1 X140.295 Y171.065
G0 Z5.000 F500.000
G0 X140.918 Y171.210 F3000.000
G1 Z1.000 F500.000
G4 P100
G1 X141.170 Y171.065 F1000.000
G1 X141.447 Y171.195
G1 X141.605 Y171.570
G1 X141.368 Y171.845
G1 X141.300 Y172.365
G1 X141.098 Y172.317
G1 X140.942 Y172.173
G1 X140.843 Y171.941
G1 X140.810 Y171.630
G1 X140.918 Y171.210
G0 Z5.000 F500.000
G0 X142.550 Y172.035 F3000.000
G1 Z1.000 F500.000
G4 P100
G1 X142.710 Y173.438 F1000.000
G1 X142.907 Y174.139
G1 X143.178 Y174.727
G1 X143.514 Y175.127
G1 X143.910 Y175.260
G1 X144.118 Y175.211
G1 X144.385 Y174.836
G1 X144.420 Y174.550
G1 X144.265 Y173.735
G1 X143.750 Y172.885
G1 X144.054 Y172.803
G1 X144.295 Y172.607
G1 X144.463 Y172.326
G1 X144.545 Y171.985
G1 X145.175 Y172.095
G1 X145.275 Y172.030
G1 X145.275 Y171.673
G1 X145.165 Y171.580
G1 X144.505 Y171.460
G1 X144.361 Y171.085
G1 X144.127 Y170.790
G1 X143.836 Y170.599
G1 X143.515 Y170.535
G1 X143.079 Y170.631
G1 X142.780 Y170.920
G1 X142.608 Y171.391
G1 X142.550 Y172.035
G0 Z5.000 F500.000
G0 X143.175 Y171.650 F3000.000
G1 Z1.000 F500.000
G4 P100
G1 X143.283 Y171.215 F1000.000
G1 X143.535 Y171.065
G1 X143.810 Y171.195
G1 X143.970 Y171.570
G1 X143.733 Y171.845
G1 X143.670 Y172.395
G1 X143.471 Y172.344
G1 X143.312 Y172.192
G1 X143.175 Y171.650
G0 Z5.000 F500.000
G0 X143.210 Y172.545 F3000.000
G1 Z1.000 F500.000
G4 P100
G1 X143.886 Y174.049 F1000.000
G1 X143.935 Y174.435
G1 X143.898 Y174.680
G1 X143.795 Y174.765
G1 X143.577 Y174.468
G1 X143.360 Y173.660
G1 X143.210 Y172.545
G0 Z5.000 F500.000
G0 X145.216 Y172.430 F3000.000
G1 Z1.000 F500.000
G4 P100
G1 X145.809 Y172.846 F1000.000
G1 X146.145 Y172.900
G1 X146.293 Y172.857
G1 X146.355 Y172.705
G1 X146.759 Y172.681
G1 X146.820 Y172.550
G1 X146.630 Y171.250
G1 X146.668 Y171.130
G1 X146.765 Y171.085
G1 X146.995 Y171.207
G1 X147.495 Y171.675
G1 X147.598 Y171.615
G1 X147.635 Y171.450
G1 X147.540 Y171.140
G1 X147.105 Y170.710
G1 X146.660 Y170.535
G1 X146.358 Y170.647
G1 X146.150 Y170.955
G1 X145.856 Y170.640
G1 X145.495 Y170.535
G1 X145.216 Y170.591
G1 X145.000 Y170.760
G1 X144.861 Y171.020
G1 X144.815 Y171.350
G1 X144.861 Y171.739
G1 X145.216 Y172.430
G0 Z5.000 F500.000
G0 X145.545 Y171.875 F3000.000
G1 Z1.000 F500.000
G4 P100
G1 X145.440 Y171.345 F1000.000
G1 X145.503 Y171.115
G1 X145.675 Y171.040
G1 X145.885 Y171.170
G1 X146.030 Y171.515
G1 X146.215 Y172.435
G1 X145.828 Y172.277
G1 X145.545 Y171.875
G0 Z5.000 F500.000
G0 X22.955 Y160.475 F3000.000
G1 Z1.000 F500.000
G4 P100
G1 X22.860 Y160.165 F1000.000
G1 X22.398 Y159.730
G1 X22.133 Y159.602
G1 X21.627 Y159.606
G1 X21.483 Y159.745
G1 X21.370 Y160.265
G1 X21.115 Y159.743
G1 X20.750 Y159.560
G1 X20.546 Y159.612
G1 X20.276 Y160.001
G1 X20.240 Y160.285
G1 X20.290 Y160.972
G1 X20.455 Y161.635
G1 X20.595 Y161.850
G1 X20.880 Y161.915
G1 X21.032 Y161.880
G1 X21.075 Y161.775
G1 X20.840 Y160.470
G1 X20.945 Y160.280
G1 X21.133 Y160.430
G1 X21.373 Y160.885
G1 X21.742 Y161.850
G1 X21.990 Y161.915
G1 X22.150 Y161.887
G1 X22.195 Y161.785
G1 X21.930 Y160.310
G1 X21.970 Y160.162
G1 X22.075 Y160.110
G1 X22.312 Y160.232
G1 X22.815 Y160.700
G1 X22.918 Y160.640
G1 X22.955 Y160.475
G0 Z5.000 F500.000
G0 X23.105 Y160.660 F3000.000
G1 Z1.000 F500.000
G4 P100
G1 X23.231 Y160.225 F1000.000
G1 X23.610 Y160.080
G1 X24.053 Y160.218
G1 X24.655 Y160.700
G1 X24.758 Y160.640
G1 X24.795 Y160.475
G1 X24.700 Y160.165
G1 X24.137 Y159.718
G1 X23.505 Y159.560
G1 X23.069 Y159.629
G1 X22.742 Y159.837
G1 X22.538 Y160.159
G1 X22.470 Y160.570
G1 X22.630 Y161.280
G1 X23.045 Y161.750
G1 X23.580 Y161.915
G1 X23.824 Y161.874
G1 X24.122 Y161.567
G1 X24.160 Y161.335
G1 X24.068 Y160.980
G1 X23.825 Y160.835
G1 X23.672 Y160.880
G1 X23.615 Y161.005
G1 X23.665 Y161.290
G1 X23.540 Y161.425
G1 X23.325 Y161.322
G1 X23.165 Y161.045
G1 X23.105 Y160.660
G0 Z5.000 F500.000
G0 X24.446 Y161.034 F3000.000
G1 Z1.000 F500.000
G4 P100
G1 X24.585 Y161.635 F1000.000
G1 X24.733 Y161.847
G1 X25.020 Y161.915
G1 X25.160 Y161.890
G1 X25.200 Y161.795
G1 X24.995 Y160.715
G1 X25.365 Y161.415
G1 X25.767 Y161.800
G1 X26.130 Y161.915
G1 X26.374 Y161.834
G1 X26.455 Y161.590
G1 X26.250 Y160.310
G1 X26.286 Y160.160
G1 X26.395 Y160.110
G1 X26.633 Y160.232
G1 X27.135 Y160.700
G1 X27.237 Y160.640
G1 X27.275 Y160.475
G1 X27.180 Y160.165
G1 X26.718 Y159.730
G1 X26.453 Y159.602
G1 X25.931 Y159.597
G1 X25.672 Y159.888
G1 X25.640 Y160.135
G1 X25.775 Y161.070
G1 X25.720 Y161.150
G1 X25.538 Y160.982
G1 X25.297 Y160.540
G1 X24.973 Y159.642
G1 X24.745 Y159.560
G1 X24.583 Y159.610
G1 X24.477 Y159.760
G1 X24.400 Y160.400
G1 X24.446 Y161.034
G0 Z5.000 F500.000
G0 X26.795 Y160.610 F3000.000
G1 Z1.000 F500.000
G4 P100
G1 X26.940 Y161.287 F1000.000
G1 X27.112 Y161.553
G1 X27.609 Y161.878
G1 X27.905 Y161.920
G1 X28.248 Y161.854
G1 X28.517 Y161.657
G1 X28.702 Y161.364
G1 X28.790 Y161.010
G1 X29.420 Y161.120
G1 X29.520 Y161.055
G1 X29.555 Y160.890
G1 X29.519 Y160.699
G1 X29.410 Y160.605
G1 X28.750 Y160.485
G1 X28.609 Y160.107
G1 X28.375 Y159.812
G1 X28.076 Y159.623
G1 X27.740 Y159.560
G1 X27.227 Y159.705
G1 X26.905 Y160.090
G1 X26.795 Y160.610
G0 Z5.000 F500.000
G0 X27.527 Y160.235 F3000.000
G1 Z1.000 F500.000
G4 P100
G1 X27.780 Y160.090 F1000.000
G1 X28.057 Y160.220
G1 X28.215 Y160.595
G1 X27.977 Y160.870
G1 X27.910 Y161.390
G1 X27.708 Y161.342
G1 X27.552 Y161.197
G1 X27.453 Y160.966
G1 X27.420 Y160.655
G1 X27.527 Y160.235
G0 Z5.000 F500.000
G0 X28.890 Y160.215 F3000.000
G1 Z1.000 F500.000
G4 P100
G1 X29.005 Y160.620 F1000.000
G1 X29.330 Y160.775
G1 X29.472 Y160.735
G1 X29.510 Y160.625
G1 X29.492 Y160.160
G1 X29.560 Y160.115
G1 X29.672 Y160.190
G1 X30.510 Y161.827
G1 X30.810 Y161.905
G1 X31.090 Y161.830
G1 X31.180 Y161.585
G1 X31.204 Y160.216
G1 X31.365 Y160.085
G1 X31.542 Y160.170
G1 X32.075 Y160.700
G1 X32.177 Y160.640
G1 X32.215 Y160.475
G1 X32.120 Y160.165
G1 X31.832 Y159.852
G1 X31.532 Y159.647
G1 X31.130 Y159.560
G1 X30.877 Y159.618
G1 X30.710 Y159.792
G1 X30.616 Y160.084
G1 X30.605 Y160.950
G1 X30.374 Y160.361
G1 X30.102 Y159.925
G1 X29.789 Y159.655
G1 X29.435 Y159.565
G1 X29.207 Y159.611
G1 X29.035 Y159.750
G1 X28.890 Y160.215
G0 Z5.000 F500.000
G0 X31.890 Y160.490 F3000.000
G1 Z1.000 F500.000
G4 P100
G1 X32.075 Y161.635 F1000.000
G1 X32.222 Y161.847
G1 X32.520 Y161.915
G1 X32.689 Y161.885
G1 X32.745 Y161.795
G1 X32.565 Y160.985
G1 X32.888 Y161.207
G1 X33.270 Y161.295
G1 X33.543 Y161.245
G1 X33.752 Y161.095
G1 X33.886 Y160.868
G1 X33.930 Y160.585
G1 X33.815 Y160.115
G1 X34.200 Y160.230
G1 X34.720 Y160.700
G1 X34.822 Y160.640
G1 X34.860 Y160.475
G1 X34.765 Y160.165
G1 X34.292 Y159.730
G1 X34.033 Y159.602
G1 X33.740 Y159.560
G1 X33.380 Y159.680
G1 X32.860 Y159.560
G1 X32.454 Y159.624
G1 X32.148 Y159.817
G1 X31.954 Y160.114
G1 X31.890 Y160.490
G0 Z5.000 F500.000
G0 X32.520 Y160.460 F3000.000
G1 Z1.000 F500.000
G4 P100
G1 X32.625 Y160.185 F1000.000
G1 X32.885 Y160.090
G1 X33.195 Y160.200
G1 X33.305 Y160.505
G1 X33.234 Y160.704
G1 X33.020 Y160.770
G1 X32.727 Y160.675
G1 X32.520 Y160.460
G0 Z5.000 F500.000
G0 X34.485 Y160.230 F3000.000
G1 Z1.000 F500.000
G4 P100
G1 X34.585 Y160.480 F1000.000
G1 X35.297 Y160.778
G1 X35.582 Y160.985
G1 X35.705 Y161.300
G1 X35.645 Y161.460
G1 X35.445 Y161.515
G1 X34.892 Y161.317
G1 X34.629 Y161.343
G1 X34.580 Y161.485
G1 X34.692 Y161.720
G1 X35.015 Y161.895
G1 X35.505 Y161.960
G1 X35.814 Y161.917
G1 X36.032 Y161.790
G1 X36.162 Y161.594
G1 X36.205 Y161.345
G1 X36.126 Y160.964
G1 X35.888 Y160.660
G1 X35.070 Y160.250
G1 X35.595 Y159.940
G1 X36.680 Y160.650
G1 X36.795 Y160.690
G1 X36.898 Y160.630
G1 X36.935 Y160.470
G1 X36.795 Y160.175
G1 X35.785 Y159.545
G1 X35.777 Y158.759
G1 X35.446 Y157.911
G1 X35.188 Y157.590
G1 X34.892 Y157.380
G1 X34.580 Y157.310
G1 X34.336 Y157.348
G1 X34.042 Y157.647
G1 X34.069 Y158.314
G1 X34.260 Y158.720
G1 X34.611 Y159.145
G1 X35.155 Y159.620
G1 X34.565 Y160.020
G1 X34.485 Y160.230
G0 Z5.000 F500.000
G0 X35.255 Y159.145 F3000.000
G1 Z1.000 F500.000
G4 P100
G1 X34.685 Y158.534 F1000.000
G1 X34.543 Y158.250
G1 X34.530 Y157.830
G1 X34.635 Y157.780
G1 X34.903 Y158.002
G1 X35.153 Y158.540
G1 X35.255 Y159.145
G0 Z5.000 F500.000
G0 X36.665 Y160.090 F3000.000
G1 Z1.000 F500.000
G4 P100
G1 X36.555 Y160.610 F1000.000
G1 X36.700 Y161.287
G1 X36.873 Y161.553
G1 X37.369 Y161.878
G1 X37.665 Y161.920
G1 X38.008 Y161.854
G1 X38.278 Y161.657
G1 X38.462 Y161.364
G1 X38.550 Y161.010
G1 X39.180 Y161.120
G1 X39.280 Y161.055
G1 X39.279 Y160.699
G1 X39.170 Y160.605
G1 X38.510 Y160.485
G1 X38.369 Y160.107
G1 X38.135 Y159.812
G1 X37.836 Y159.623
G1 X37.222 Y159.596
G1 X36.987 Y159.705
G1 X36.665 Y160.090
G0 Z5.000 F500.000
G0 X37.288 Y160.235 F3000.000
G1 Z1.000 F500.000
G4 P100
G1 X37.540 Y160.090 F1000.000
G1 X37.818 Y160.220
G1 X37.975 Y160.595
G1 X37.737 Y160.870
G1 X37.670 Y161.390
G1 X37.468 Y161.342
G1 X37.312 Y161.197
G1 X37.213 Y160.966
G1 X37.180 Y160.655
G1 X37.288 Y160.235
G0 Z5.000 F500.000
G0 X38.920 Y161.060 F3000.000
G1 Z1.000 F500.000
G4 P100
G1 X39.080 Y162.462 F1000.000
G1 X39.277 Y163.164
G1 X39.547 Y163.752
G1 X39.884 Y164.152
G1 X40.280 Y164.285
G1 X40.487 Y164.236
G1 X40.755 Y163.861
G1 X40.790 Y163.575
G1 X40.635 Y162.760
G1 X40.120 Y161.910
G1 X40.424 Y161.828
G1 X40.665 Y161.632
G1 X40.832 Y161.351
G1 X40.915 Y161.010
G1 X41.545 Y161.120
G1 X41.645 Y161.055
G1 X41.645 Y160.697
G1 X41.535 Y160.605
G1 X40.875 Y160.485
G1 X40.731 Y160.110
G1 X40.498 Y159.815
G1 X40.206 Y159.624
G1 X39.885 Y159.560
G1 X39.449 Y159.656
G1 X39.150 Y159.945
G1 X38.977 Y160.416
G1 X38.920 Y161.060
G0 Z5.000 F500.000
G0 X39.545 Y160.675 F3000.000
G1 Z1.000 F500.000
G4 P100
G1 X39.652 Y160.240 F1000.000
G1 X39.905 Y160.090
G1 X40.180 Y160.220
G1 X40.340 Y160.595
G1 X40.102 Y160.870
G1 X40.040 Y161.420
G1 X39.841 Y161.369
G1 X39.682 Y161.218
G1 X39.545 Y160.675
G0 Z5.000 F500.000
G0 X39.580 Y161.570 F3000.000
G1 Z1.000 F500.000
G4 P100
G1 X40.256 Y163.074 F1000.000
G1 X40.305 Y163.460
G1 X40.267 Y163.705
G1 X40.165 Y163.790
G1 X39.947 Y163.493
G1 X39.730 Y162.685
G1 X39.580 Y161.570
G0 Z5.000 F500.000
G0 X41.586 Y161.455 F3000.000
G1 Z1.000 F500.000
G4 P100
G1 X42.179 Y161.871 F1000.000
G1 X42.515 Y161.925
G1 X42.662 Y161.882
G1 X42.725 Y161.730
G1 X43.129 Y161.706
G1 X43.190 Y161.575
G1 X43.000 Y160.275
G1 X43.037 Y160.155
G1 X43.135 Y160.110
G1 X43.365 Y160.232
G1 X43.865 Y160.700
G1 X43.968 Y160.640
G1 X44.005 Y160.475
G1 X43.910 Y160.165
G1 X43.475 Y159.735
G1 X43.030 Y159.560
G1 X42.727 Y159.673
G1 X42.520 Y159.980
G1 X42.226 Y159.665
G1 X41.865 Y159.560
G1 X41.586 Y159.616
G1 X41.370 Y159.785
G1 X41.231 Y160.045
G1 X41.185 Y160.375
G1 X41.231 Y160.764
G1 X41.586 Y161.455
G0 Z5.000 F500.000
G0 X41.915 Y160.900 F3000.000
G1 Z1.000 F500.000
G4 P100
G1 X41.810 Y160.370 F1000.000
G1 X41.873 Y160.140
G1 X42.045 Y160.065
G1 X42.255 Y160.195
G1 X42.400 Y160.540
G1 X42.585 Y161.460
G1 X42.197 Y161.303
G1 X41.915 Y160.900
G0 Z5.000 F500.000
G0 X43.656 Y161.034 F3000.000
G1 Z1.000 F500.000
G4 P100
G1 X43.795 Y161.635 F1000.000
G1 X43.942 Y161.847
G1 X44.230 Y161.915
G1 X44.370 Y161.890
G1 X44.410 Y161.795
G1 X44.205 Y160.720
G1 X44.527 Y161.380
G1 X44.912 Y161.782
G1 X45.285 Y161.915
G1 X45.532 Y161.835
G1 X45.605 Y161.590
G1 X45.455 Y160.740
G1 X45.719 Y161.271
G1 X46.010 Y161.635
G1 X46.305 Y161.845
G1 X46.580 Y161.915
G1 X46.824 Y161.834
G1 X46.905 Y161.590
G1 X46.700 Y160.310
G1 X46.736 Y160.160
G1 X46.845 Y160.110
G1 X47.082 Y160.232
G1 X47.585 Y160.700
G1 X47.688 Y160.640
G1 X47.725 Y160.475
G1 X47.630 Y160.165
G1 X47.168 Y159.730
G1 X46.903 Y159.602
G1 X46.381 Y159.597
G1 X46.123 Y159.888
G1 X46.090 Y160.135
G1 X46.225 Y161.070
G1 X46.170 Y161.150
G1 X45.985 Y160.982
G1 X45.745 Y160.540
G1 X45.422 Y159.640
G1 X45.190 Y159.560
G1 X44.942 Y159.718
G1 X44.860 Y160.100
G1 X44.950 Y161.070
G1 X44.895 Y161.150
G1 X44.705 Y160.970
G1 X44.483 Y160.510
G1 X44.183 Y159.642
G1 X43.955 Y159.560
G1 X43.793 Y159.610
G1 X43.688 Y159.760
G1 X43.610 Y160.400
G1 X43.656 Y161.034
G0 Z5.000 F500.000
G0 X47.340 Y160.490 F3000.000
G1 Z1.000 F500.000
G4 P100
G1 X47.525 Y161.635 F1000.000
G1 X47.672 Y161.847
G1 X47.970 Y161.915
G1 X48.139 Y161.885
G1 X48.195 Y161.795
G1 X48.015 Y160.985
G1 X48.337 Y161.207
G1 X48.720 Y161.295
G1 X48.993 Y161.245
G1 X49.203 Y161.095
G1 X49.336 Y160.868
G1 X49.380 Y160.585
G1 X49.265 Y160.115
G1 X49.650 Y160.230
G1 X50.170 Y160.700
G1 X50.272 Y160.640
G1 X50.310 Y160.475
G1 X50.215 Y160.165
G1 X49.742 Y159.730
G1 X49.483 Y159.602
G1 X49.190 Y159.560
G1 X48.830 Y159.680
G1 X48.310 Y159.560
G1 X47.904 Y159.624
G1 X47.597 Y159.817
G1 X47.404 Y160.114
G1 X47.340 Y160.490
G0 Z5.000 F500.000
G0 X47.970 Y160.460 F3000.000
G1 Z1.000 F500.000
G4 P100
G1 X48.075 Y160.185 F1000.000
G1 X48.335 Y160.090
G1 X48.645 Y160.200
G1 X48.755 Y160.505
G1 X48.684 Y160.704
G1 X48.470 Y160.770
G1 X48.177 Y160.675
G1 X47.970 Y160.460
G0 Z5.000 F500.000
G0 X51.240 Y160.400 F3000.000
G1 Z1.000 F500.000
G4 P100
G1 X51.425 Y161.635 F1000.000
G1 X51.573 Y161.847
G1 X51.860 Y161.915
G1 X52.000 Y161.890
G1 X52.040 Y161.795
G1 X51.835 Y160.715
G1 X52.205 Y161.415
G1 X52.608 Y161.800
G1 X52.970 Y161.915
G1 X53.214 Y161.834
G1 X53.295 Y161.590
G1 X53.090 Y160.310
G1 X53.126 Y160.160
G1 X53.235 Y160.110
G1 X53.472 Y160.232
G1 X53.975 Y160.700
G1 X54.078 Y160.640
G1 X54.115 Y160.475
G1 X54.020 Y160.165
G1 X53.558 Y159.730
G1 X52.995 Y159.560
G1 X52.771 Y159.597
G1 X52.513 Y159.888
G1 X52.480 Y160.135
G1 X52.615 Y161.070
G1 X52.560 Y161.150
G1 X52.378 Y160.982
G1 X52.138 Y160.540
G1 X51.812 Y159.642
G1 X51.585 Y159.560
G1 X51.423 Y159.610
G1 X51.318 Y159.760
G1 X51.240 Y160.400
G0 Z5.000 F500.000
G0 X53.745 Y160.090 F3000.000
G1 Z1.000 F500.000
G4 P100
G1 X53.635 Y160.610 F1000.000
G1 X53.780 Y161.287
G1 X53.953 Y161.553
G1 X54.449 Y161.878
G1 X54.745 Y161.920
G1 X55.088 Y161.854
G1 X55.358 Y161.657
G1 X55.542 Y161.364
G1 X55.630 Y161.010
G1 X56.260 Y161.120
G1 X56.360 Y161.055
G1 X56.359 Y160.699
G1 X56.250 Y160.605
G1 X55.590 Y160.485
G1 X55.449 Y160.107
G1 X55.215 Y159.812
G1 X54.916 Y159.623
G1 X54.302 Y159.596
G1 X54.067 Y159.705
G1 X53.745 Y160.090
G0 Z5.000 F500.000
G0 X54.367 Y160.235 F3000.000
G1 Z1.000 F500.000
G4 P100
G1 X54.620 Y160.090 F1000.000
G1 X54.898 Y160.220
G1 X55.055 Y160.595
G1 X54.817 Y160.870
G1 X54.750 Y161.390
G1 X54.548 Y161.342
G1 X54.392 Y161.197
G1 X54.293 Y160.966
G1 X54.260 Y160.655
G1 X54.367 Y160.235
G0 Z5.000 F500.000
G0 X55.730 Y160.215 F3000.000
G1 Z1.000 F500.000
G4 P100
G1 X55.845 Y160.620 F1000.000
G1 X56.170 Y160.775
G1 X56.312 Y160.735
G1 X56.350 Y160.625
G1 X56.333 Y160.160
G1 X56.400 Y160.115
G1 X56.513 Y160.190
G1 X57.350 Y161.827
G1 X57.650 Y161.905
G1 X57.930 Y161.830
G1 X58.020 Y161.585
G1 X58.044 Y160.216
G1 X58.205 Y160.085
G1 X58.383 Y160.170
G1 X58.915 Y160.700
G1 X59.017 Y160.640
G1 X59.055 Y160.475
G1 X58.960 Y160.165
G1 X58.672 Y159.852
G1 X58.373 Y159.647
G1 X57.970 Y159.560
G1 X57.718 Y159.618
G1 X57.550 Y159.792
G1 X57.456 Y160.084
G1 X57.445 Y160.950
G1 X57.214 Y160.361
G1 X56.942 Y159.925
G1 X56.629 Y159.655
G1 X56.275 Y159.565
G1 X56.047 Y159.611
G1 X55.875 Y159.750
G1 X55.730 Y160.215
G0 Z5.000 F500.000
G0 X58.720 Y160.400 F3000.000
G1 Z1.000 F500.000
G4 P100
G1 X58.905 Y161.635 F1000.000
G1 X59.050 Y161.847
G1 X59.340 Y161.915
G1 X59.480 Y161.890
G1 X59.520 Y161.795
G1 X59.370 Y161.035
G1 X60.010 Y161.035
G1 X60.278 Y161.850
G1 X60.685 Y161.887
G1 X60.730 Y161.785
G1 X60.465 Y160.310
G1 X60.505 Y160.162
G1 X60.610 Y160.110
G1 X60.847 Y160.232
G1 X61.350 Y160.700
G1 X61.453 Y160.640
G1 X61.490 Y160.475
G1 X61.395 Y160.165
G1 X60.922 Y159.730
G1 X60.370 Y159.560
G1 X60.149 Y159.600
G1 X60.005 Y159.720
G1 X59.900 Y160.200
G1 X59.925 Y160.525
G1 X59.315 Y160.535
G1 X59.290 Y159.800
G1 X59.230 Y159.618
G1 X59.065 Y159.560
G1 X58.903 Y159.610
G1 X58.797 Y159.760
G1 X58.720 Y160.400
G0 Z5.000 F500.000
G0 X61.121 Y160.001 F3000.000
G1 Z1.000 F500.000
G4 P100
G1 X61.135 Y160.972 F1000.000
G1 X61.300 Y161.635
G1 X61.440 Y161.850
G1 X61.725 Y161.915
G1 X61.877 Y161.880
G1 X61.920 Y161.775
G1 X61.715 Y160.778
G1 X61.711 Y160.327
G1 X61.790 Y160.280
G1 X61.977 Y160.430
G1 X62.587 Y161.850
G1 X62.835 Y161.915
G1 X62.995 Y161.885
G1 X63.040 Y161.785
G1 X62.780 Y160.120
G1 X63.530 Y160.650
G1 X63.645 Y160.690
G1 X63.748 Y160.627
G1 X63.785 Y160.470
G1 X63.640 Y160.175
G1 X62.680 Y159.530
G1 X62.461 Y158.606
G1 X62.183 Y157.902
G1 X61.833 Y157.458
G1 X61.400 Y157.310
G1 X61.169 Y157.349
G1 X60.865 Y157.649
G1 X60.825 Y157.880
G1 X60.932 Y158.360
G1 X61.332 Y158.923
G1 X62.160 Y159.650
G1 X62.255 Y160.295
G1 X61.975 Y159.748
G1 X61.790 Y159.607
G1 X61.391 Y159.612
G1 X61.121 Y160.001
G0 Z5.000 F500.000
G0 X62.045 Y159.050 F3000.000
G1 Z1.000 F500.000
G4 P100
G1 X61.487 Y158.457 F1000.000
G1 X61.315 Y157.990
G1 X61.347 Y157.850
G1 X61.455 Y157.795
G1 X61.587 Y157.868
G1 X61.735 Y158.085
G1 X62.045 Y159.050
G0 Z5.000 F500.000
G0 X63.673 Y159.610 F3000.000
G1 Z1.000 F500.000
G4 P100
G1 X63.568 Y159.760 F1000.000
G1 X63.490 Y160.400
G1 X63.536 Y161.034
G1 X63.675 Y161.635
G1 X63.823 Y161.847
G1 X64.110 Y161.915
G1 X64.250 Y161.890
G1 X64.290 Y161.795
G1 X64.140 Y161.035
G1 X64.585 Y161.035
G1 X64.735 Y161.399
G1 X64.975 Y161.680
G1 X65.284 Y161.860
G1 X65.640 Y161.920
G1 X65.983 Y161.854
G1 X66.252 Y161.657
G1 X66.437 Y161.364
G1 X66.525 Y161.010
G1 X67.155 Y161.120
G1 X67.255 Y161.055
G1 X67.254 Y160.699
G1 X67.145 Y160.605
G1 X66.485 Y160.485
G1 X66.344 Y160.107
G1 X66.110 Y159.812
G1 X65.811 Y159.623
G1 X65.475 Y159.560
G1 X64.983 Y159.692
G1 X64.663 Y160.042
G1 X64.535 Y160.525
G1 X64.080 Y160.525
G1 X64.000 Y159.618
G1 X63.835 Y159.560
G1 X63.673 Y159.610
G0 Z5.000 F500.000
G0 X65.263 Y160.235 F3000.000
G1 Z1.000 F500.000
G4 P100
G1 X65.515 Y160.090 F1000.000
G1 X65.793 Y160.220
G1 X65.950 Y160.595
G1 X65.713 Y160.870
G1 X65.645 Y161.390
G1 X65.443 Y161.342
G1 X65.287 Y161.197
G1 X65.188 Y160.966
G1 X65.155 Y160.655
G1 X65.263 Y160.235
G0 Z5.000 F500.000
G0 X68.185 Y160.285 F3000.000
G1 Z1.000 F500.000
G4 P100
G1 X68.235 Y160.972 F1000.000
G1 X68.400 Y161.635
G1 X68.540 Y161.850
G1 X68.825 Y161.915
G1 X68.978 Y161.880
G1 X69.020 Y161.775
G1 X68.785 Y160.470
G1 X68.890 Y160.280
G1 X69.053 Y160.373
G1 X69.213 Y160.652
G1 X69.660 Y161.837
G1 X69.880 Y161.890
G1 X70.060 Y161.847
G1 X70.110 Y161.700
G1 X69.965 Y160.322
G1 X70.045 Y160.280
G1 X70.233 Y160.430
G1 X70.843 Y161.850
G1 X71.090 Y161.915
G1 X71.250 Y161.887
G1 X71.295 Y161.785
G1 X71.030 Y160.310
G1 X71.070 Y160.162
G1 X71.175 Y160.110
G1 X71.413 Y160.232
G1 X71.915 Y160.700
G1 X72.018 Y160.640
G1 X72.055 Y160.475
G1 X71.960 Y160.165
G1 X71.488 Y159.730
G1 X70.935 Y159.560
G1 X70.726 Y159.607
G1 X70.580 Y159.748
G1 X70.470 Y160.265
G1 X70.215 Y159.743
G1 X70.039 Y159.606
G1 X69.651 Y159.594
G1 X69.509 Y159.695
G1 X69.410 Y160.300
G1 X69.090 Y159.750
G1 X68.906 Y159.607
G1 X68.491 Y159.612
G1 X68.221 Y160.001
G1 X68.185 Y160.285
G0 Z5.000 F500.000
G0 X71.650 Y160.285 F3000.000
G1 Z1.000 F500.000
G4 P100
G1 X71.700 Y160.972 F1000.000
G1 X71.865 Y161.635
G1 X72.005 Y161.850
G1 X72.290 Y161.915
G1 X72.443 Y161.880
G1 X72.485 Y161.775
G1 X72.275 Y160.322
G1 X72.355 Y160.280
G1 X72.543 Y160.430
G1 X73.153 Y161.850
G1 X73.400 Y161.915
G1 X73.560 Y161.887
G1 X73.605 Y161.785
G1 X73.340 Y160.310
G1 X73.380 Y160.162
G1 X73.485 Y160.110
G1 X73.723 Y160.232
G1 X74.225 Y160.700
G1 X74.328 Y160.640
G1 X74.365 Y160.475
G1 X74.270 Y160.165
G1 X73.808 Y159.730
G1 X73.245 Y159.560
G1 X73.037 Y159.606
G1 X72.893 Y159.745
G1 X72.780 Y160.265
G1 X72.525 Y159.743
G1 X72.160 Y159.560
G1 X71.956 Y159.612
G1 X71.686 Y160.001
G1 X71.650 Y160.285
G0 Z5.000 F500.000
G0 X73.350 Y159.178 F3000.000
G1 Z1.000 F500.000
G4 P100
G1 X74.045 Y160.615 F1000.000
G1 X74.035 Y161.630
G1 X74.150 Y161.860
G1 X74.450 Y161.945
G1 X74.603 Y161.902
G1 X74.660 Y161.550
G1 X74.975 Y161.837
G1 X75.305 Y161.925
G1 X75.559 Y161.869
G1 X75.763 Y161.700
G1 X75.896 Y161.440
G1 X75.940 Y161.110
G1 X75.855 Y160.595
G1 X75.620 Y160.140
G1 X75.795 Y160.110
G1 X76.110 Y160.230
G1 X76.495 Y160.630
G1 X76.630 Y160.700
G1 X76.733 Y160.640
G1 X76.770 Y160.475
G1 X76.675 Y160.165
G1 X76.213 Y159.730
G1 X75.650 Y159.560
G1 X75.410 Y159.607
G1 X75.220 Y159.750
G1 X74.625 Y159.560
G1 X74.519 Y158.674
G1 X74.330 Y157.947
G1 X74.046 Y157.462
G1 X73.864 Y157.340
G1 X73.420 Y157.349
G1 X73.255 Y157.495
G1 X73.158 Y157.727
G1 X73.181 Y158.566
G1 X73.350 Y159.178
G0 Z5.000 F500.000
G0 X73.570 Y158.120 F3000.000
G1 Z1.000 F500.000
G4 P100
G1 X73.608 Y157.875 F1000.000
G1 X73.695 Y157.790
G1 X73.819 Y157.937
G1 X73.920 Y158.377
G1 X74.035 Y159.840
G1 X73.695 Y158.885
G1 X73.570 Y158.120
G0 Z5.000 F500.000
G0 X74.650 Y160.040 F3000.000
G1 Z1.000 F500.000
G4 P100
G1 X74.983 Y160.238 F1000.000
G1 X75.225 Y160.627
G1 X75.315 Y161.115
G1 X75.255 Y161.343
G1 X75.095 Y161.420
G1 X74.896 Y161.325
G1 X74.660 Y161.040
G1 X74.650 Y160.040
G0 Z5.000 F500.000
G0 X76.365 Y160.285 F3000.000
G1 Z1.000 F500.000
G4 P100
G1 X76.415 Y160.972 F1000.000
G1 X76.580 Y161.635
G1 X76.720 Y161.850
G1 X77.005 Y161.915
G1 X77.158 Y161.880
G1 X77.200 Y161.775
G1 X76.990 Y160.322
G1 X77.070 Y160.280
G1 X77.258 Y160.430
G1 X77.868 Y161.850
G1 X78.115 Y161.915
G1 X78.275 Y161.887
G1 X78.320 Y161.785
G1 X78.055 Y160.310
G1 X78.095 Y160.162
G1 X78.200 Y160.110
G1 X78.438 Y160.232
G1 X78.940 Y160.700
G1 X79.043 Y160.640
G1 X79.080 Y160.475
G1 X78.985 Y160.165
G1 X78.523 Y159.730
G1 X77.960 Y159.560
G1 X77.752 Y159.606
G1 X77.608 Y159.745
G1 X77.495 Y160.265
G1 X77.240 Y159.743
G1 X76.875 Y159.560
G1 X76.671 Y159.612
G1 X76.401 Y160.001
G1 X76.365 Y160.285
G0 Z5.000 F500.000
G0 X78.685 Y160.400 F3000.000
G1 Z1.000 F500.000
G4 P100
G1 X78.870 Y161.635 F1000.000
G1 X79.015 Y161.847
G1 X79.305 Y161.915
G1 X79.445 Y161.890
G1 X79.485 Y161.795
G1 X79.335 Y161.035
G1 X79.975 Y161.035
G1 X80.243 Y161.850
G1 X80.650 Y161.887
G1 X80.695 Y161.785
G1 X80.430 Y160.310
G1 X80.470 Y160.162
G1 X80.575 Y160.110
G1 X80.813 Y160.232
G1 X81.315 Y160.700
G1 X81.418 Y160.640
G1 X81.455 Y160.475
G1 X81.360 Y160.165
G1 X80.888 Y159.730
G1 X80.335 Y159.560
G1 X80.114 Y159.600
G1 X79.970 Y159.720
G1 X79.865 Y160.200
G1 X79.890 Y160.525
G1 X79.280 Y160.535
G1 X79.255 Y159.800
G1 X79.195 Y159.618
G1 X79.030 Y159.560
G1 X78.868 Y159.610
G1 X78.763 Y159.760
G1 X78.685 Y160.400
G0 Z5.000 F500.000
G0 X81.086 Y160.001 F3000.000
G1 Z1.000 F500.000
G4 P100
G1 X81.100 Y160.972 F1000.000
G1 X81.265 Y161.635
G1 X81.405 Y161.850
G1 X81.690 Y161.915
G1 X81.843 Y161.880
G1 X81.885 Y161.775
G1 X81.680 Y160.778
G1 X81.676 Y160.327
G1 X81.755 Y160.280
G1 X81.943 Y160.430
G1 X82.553 Y161.850
G1 X82.800 Y161.915
G1 X82.960 Y161.885
G1 X83.005 Y161.785
G1 X82.745 Y160.120
G1 X83.495 Y160.650
G1 X83.610 Y160.690
G1 X83.713 Y160.627
G1 X83.750 Y160.470
G1 X83.605 Y160.175
G1 X82.645 Y159.530
G1 X82.426 Y158.606
G1 X82.148 Y157.902
G1 X81.798 Y157.458
G1 X81.365 Y157.310
G1 X81.134 Y157.349
G1 X80.830 Y157.649
G1 X80.790 Y157.880
G1 X80.898 Y158.360
G1 X81.298 Y158.923
G1 X82.125 Y159.650
G1 X82.220 Y160.295
G1 X81.940 Y159.748
G1 X81.755 Y159.607
G1 X81.356 Y159.612
G1 X81.086 Y160.001
G0 Z5.000 F500.000
G0 X82.010 Y159.050 F3000.000
G1 Z1.000 F500.000
G4 P100
G1 X81.453 Y158.457 F1000.000
G1 X81.280 Y157.990
G1 X81.313 Y157.850
G1 X81.420 Y157.795
G1 X81.553 Y157.868
G1 X81.700 Y158.085
G1 X82.010 Y159.050
G0 Z5.000 F500.000
G0 X84.758 Y160.159 F3000.000
G1 Z1.000 F500.000
G4 P100
G1 X84.690 Y160.570 F1000.000
G1 X84.850 Y161.280
G1 X85.265 Y161.750
G1 X85.800 Y161.915
G1 X86.228 Y161.752
G1 X86.380 Y161.335
G1 X86.288 Y160.980
G1 X86.045 Y160.835
G1 X85.893 Y160.880
G1 X85.835 Y161.005
G1 X85.853 Y161.390
G1 X85.760 Y161.425
G1 X85.545 Y161.322
G1 X85.385 Y161.045
G1 X85.325 Y160.660
G1 X85.451 Y160.225
G1 X85.830 Y160.080
G1 X86.273 Y160.218
G1 X86.875 Y160.700
G1 X86.978 Y160.640
G1 X87.015 Y160.475
G1 X86.920 Y160.165
G1 X86.662 Y159.908
G1 X86.358 Y159.718
G1 X85.725 Y159.560
G1 X85.289 Y159.629
G1 X84.963 Y159.837
G1 X84.758 Y160.159
G0 Z5.000 F500.000
G0 X86.698 Y159.760 F3000.000
G1 Z1.000 F500.000
G4 P100
G1 X86.620 Y160.400 F1000.000
G1 X86.805 Y161.635
G1 X86.953 Y161.847
G1 X87.240 Y161.915
G1 X87.380 Y161.890
G1 X87.420 Y161.795
G1 X87.215 Y160.720
G1 X87.538 Y161.380
G1 X87.923 Y161.782
G1 X88.295 Y161.915
G1 X88.543 Y161.835
G1 X88.615 Y161.590
G1 X88.465 Y160.740
G1 X88.729 Y161.271
G1 X89.020 Y161.635
G1 X89.315 Y161.845
G1 X89.590 Y161.915
G1 X89.834 Y161.834
G1 X89.915 Y161.590
G1 X89.710 Y160.310
G1 X89.746 Y160.160
G1 X89.855 Y160.110
G1 X90.093 Y160.232
G1 X90.595 Y160.700
G1 X90.698 Y160.640
G1 X90.735 Y160.475
G1 X90.640 Y160.165
G1 X90.178 Y159.730
G1 X89.913 Y159.602
G1 X89.391 Y159.597
G1 X89.133 Y159.888
G1 X89.100 Y160.135
G1 X89.235 Y161.070
G1 X89.180 Y161.150
G1 X88.995 Y160.982
G1 X88.755 Y160.540
G1 X88.433 Y159.640
G1 X88.200 Y159.560
G1 X87.953 Y159.718
G1 X87.870 Y160.100
G1 X87.960 Y161.070
G1 X87.905 Y161.150
G1 X87.715 Y160.970
G1 X87.493 Y160.510
G1 X87.193 Y159.642
G1 X86.965 Y159.560
G1 X86.803 Y159.610
G1 X86.698 Y159.760
G0 Z5.000 F500.000
G0 X89.551 Y158.566 F3000.000
G1 Z1.000 F500.000
G4 P100
G1 X90.006 Y159.863 F1000.000
G1 X90.415 Y160.615
G1 X90.405 Y161.630
G1 X90.520 Y161.860
G1 X90.820 Y161.945
G1 X90.973 Y161.902
G1 X91.030 Y161.550
G1 X91.345 Y161.837
G1 X91.675 Y161.925
G1 X91.929 Y161.869
G1 X92.133 Y161.700
G1 X92.266 Y161.440
G1 X92.310 Y161.110
G1 X92.225 Y160.595
G1 X91.990 Y160.140
G1 X92.165 Y160.110
G1 X92.480 Y160.230
G1 X92.865 Y160.630
G1 X93.000 Y160.700
G1 X93.103 Y160.640
G1 X93.140 Y160.475
G1 X93.045 Y160.165
G1 X92.583 Y159.730
G1 X92.020 Y159.560
G1 X91.780 Y159.607
G1 X91.590 Y159.750
G1 X90.995 Y159.560
G1 X90.889 Y158.674
G1 X90.700 Y157.947
G1 X90.416 Y157.462
G1 X90.234 Y157.340
G1 X89.790 Y157.349
G1 X89.625 Y157.495
G1 X89.495 Y158.035
G1 X89.551 Y158.566
G0 Z5.000 F500.000
G0 X89.940 Y158.120 F3000.000
G1 Z1.000 F500.000
G4 P100
G1 X89.978 Y157.875 F1000.000
G1 X90.065 Y157.790
G1 X90.189 Y157.937
G1 X90.290 Y158.377
G1 X90.405 Y159.840
G1 X90.065 Y158.885
G1 X89.940 Y158.120
G0 Z5.000 F500.000
G0 X91.020 Y160.040 F3000.000
G1 Z1.000 F500.000
G4 P100
G1 X91.353 Y160.238 F1000.000
G1 X91.595 Y160.627
G1 X91.685 Y161.115
G1 X91.625 Y161.343
G1 X91.465 Y161.420
G1 X91.266 Y161.325
G1 X91.030 Y161.040
G1 X91.020 Y160.040
G0 Z5.000 F500.000
G0 X92.660 Y160.610 F3000.000
G1 Z1.000 F500.000
G4 P100
G1 X92.805 Y161.287 F1000.000
G1 X92.978 Y161.553
G1 X93.474 Y161.878
G1 X93.770 Y161.920
G1 X94.113 Y161.854
G1 X94.383 Y161.657
G1 X94.567 Y161.364
G1 X94.655 Y161.010
G1 X95.285 Y161.120
G1 X95.385 Y161.055
G1 X95.420 Y160.890
G1 X95.384 Y160.699
G1 X95.275 Y160.605
G1 X94.615 Y160.485
G1 X94.474 Y160.107
G1 X94.240 Y159.812
G1 X93.941 Y159.623
G1 X93.605 Y159.560
G1 X93.093 Y159.705
G1 X92.770 Y160.090
G1 X92.660 Y160.610
G0 Z5.000 F500.000
G0 X93.393 Y160.235 F3000.000
G1 Z1.000 F500.000
G4 P100
G1 X93.645 Y160.090 F1000.000
G1 X93.923 Y160.220
G1 X94.080 Y160.595
G1 X93.843 Y160.870
G1 X93.775 Y161.390
G1 X93.573 Y161.342
G1 X93.418 Y161.197
G1 X93.318 Y160.966
G1 X93.285 Y160.655
G1 X93.393 Y160.235
G0 Z5.000 F500.000
G0 X95.000 Y160.400 F3000.000
G1 Z1.000 F500.000
G4 P100
G1 X95.185 Y161.635 F1000.000
G1 X95.333 Y161.847
G1 X95.620 Y161.915
G1 X95.760 Y161.890
G1 X95.800 Y161.795
G1 X95.585 Y160.615
G1 X95.789 Y161.215
G1 X96.040 Y161.615
G1 X96.344 Y161.840
G1 X96.705 Y161.915
G1 X97.113 Y161.752
G1 X97.260 Y161.335
G1 X97.168 Y160.980
G1 X96.925 Y160.835
G1 X96.773 Y160.880
G1 X96.715 Y161.005
G1 X96.733 Y161.391
G1 X96.635 Y161.425
G1 X96.440 Y161.322
G1 X96.288 Y161.047
G1 X96.230 Y160.675
G1 X96.355 Y160.243
G1 X96.715 Y160.080
G1 X97.045 Y160.202
G1 X97.580 Y160.700
G1 X97.683 Y160.640
G1 X97.720 Y160.475
G1 X97.625 Y160.165
G1 X97.175 Y159.727
G1 X96.665 Y159.560
G1 X96.238 Y159.662
G1 X95.925 Y159.910
G1 X95.770 Y160.190
G1 X95.568 Y159.635
G1 X95.345 Y159.560
G1 X95.183 Y159.610
G1 X95.078 Y159.760
G1 X95.000 Y160.400
G0 Z5.000 F500.000
G0 X97.351 Y160.001 F3000.000
G1 Z1.000 F500.000
G4 P100
G1 X97.365 Y160.972 F1000.000
G1 X97.530 Y161.635
G1 X97.670 Y161.850
G1 X97.955 Y161.915
G1 X98.108 Y161.880
G1 X98.150 Y161.775
G1 X97.940 Y160.322
G1 X98.020 Y160.280
G1 X98.208 Y160.430
G1 X98.818 Y161.850
G1 X99.065 Y161.915
G1 X99.225 Y161.887
G1 X99.270 Y161.785
G1 X99.005 Y160.310
G1 X99.045 Y160.162
G1 X99.150 Y160.110
G1 X99.388 Y160.232
G1 X99.890 Y160.700
G1 X99.993 Y160.640
G1 X100.030 Y160.475
G1 X99.935 Y160.165
G1 X99.473 Y159.730
G1 X99.208 Y159.602
G1 X98.702 Y159.606
G1 X98.558 Y159.745
G1 X98.445 Y160.265
G1 X98.190 Y159.743
G1 X97.825 Y159.560
G1 X97.621 Y159.612
G1 X97.351 Y160.001
G0 Z5.000 F500.000
G0 X99.525 Y159.995 F3000.000
G1 Z1.000 F500.000
G4 P100
G1 X99.653 Y160.355 F1000.000
G1 X100.010 Y160.490
G1 X100.343 Y160.382
G1 X100.455 Y160.065
G1 X100.325 Y159.697
G1 X99.970 Y159.560
G1 X99.638 Y159.680
G1 X99.525 Y159.995
G0 Z5.000 F500.000
G0 X102.730 Y159.840 F3000.000
G1 Z1.000 F500.000
G4 P100
G1 X103.025 Y161.180 F1000.000
G1 X102.545 Y161.227
G1 X102.470 Y161.415
G1 X102.565 Y161.657
G1 X103.145 Y161.755
G1 X103.275 Y162.830
G1 X103.205 Y163.150
G1 X103.020 Y163.235
G1 X102.648 Y163.089
G1 X102.085 Y162.565
G1 X101.965 Y162.630
G1 X101.915 Y162.795
G1 X102.040 Y163.125
G1 X102.595 Y163.627
G1 X102.933 Y163.776
G1 X103.275 Y163.825
G1 X103.563 Y163.769
G1 X103.778 Y163.602
G1 X103.911 Y163.318
G1 X103.955 Y162.910
G1 X103.835 Y161.785
G1 X104.865 Y161.860
G1 X105.140 Y162.890
G1 X105.600 Y163.670
G1 X105.891 Y163.895
G1 X106.215 Y163.970
G1 X106.439 Y163.921
G1 X106.610 Y163.772
G1 X106.755 Y163.255
G1 X106.676 Y162.683
G1 X106.439 Y162.205
G1 X106.043 Y161.822
G1 X105.490 Y161.535
G1 X105.508 Y160.671
G1 X105.605 Y160.375
G1 X105.761 Y160.210
G1 X105.970 Y160.155
G1 X106.345 Y160.262
G1 X106.865 Y160.700
G1 X106.968 Y160.640
G1 X107.005 Y160.475
G1 X106.910 Y160.165
G1 X106.399 Y159.711
G1 X105.855 Y159.560
G1 X105.419 Y159.654
G1 X105.080 Y159.935
G1 X104.863 Y160.391
G1 X104.805 Y161.350
G1 X103.730 Y161.235
G1 X103.450 Y159.985
G1 X103.298 Y159.659
G1 X103.050 Y159.550
G1 X102.810 Y159.623
G1 X102.730 Y159.840
G0 Z5.000 F500.000
G0 X105.550 Y162.035 F3000.000
G1 Z1.000 F500.000
G4 P100
G1 X105.898 Y162.235 F1000.000
G1 X106.140 Y162.505
G1 X106.283 Y162.854
G1 X106.330 Y163.290
G1 X106.290 Y163.470
G1 X106.190 Y163.535
G1 X105.958 Y163.335
G1 X105.725 Y162.790
G1 X105.550 Y162.035
G0 Z5.000 F500.000
G0 X106.955 Y161.850 F3000.000
G1 Z1.000 F500.000
G4 P100
G1 X107.240 Y161.915 F1000.000
G1 X107.393 Y161.880
G1 X107.435 Y161.775
G1 X107.200 Y160.470
G1 X107.305 Y160.280
G1 X107.493 Y160.430
G1 X107.733 Y160.885
G1 X108.103 Y161.850
G1 X108.350 Y161.915
G1 X108.510 Y161.885
G1 X108.555 Y161.785
G1 X108.295 Y160.120
G1 X109.045 Y160.650
G1 X109.160 Y160.690
G1 X109.263 Y160.627
G1 X109.300 Y160.470
G1 X109.155 Y160.175
G1 X108.195 Y159.530
G1 X107.976 Y158.606
G1 X107.698 Y157.902
G1 X107.348 Y157.458
G1 X106.915 Y157.310
G1 X106.684 Y157.349
G1 X106.380 Y157.649
G1 X106.340 Y157.880
G1 X106.448 Y158.360
G1 X106.848 Y158.923
G1 X107.675 Y159.650
G1 X107.770 Y160.295
G1 X107.490 Y159.748
G1 X107.305 Y159.607
G1 X106.906 Y159.612
G1 X106.743 Y159.767
G1 X106.600 Y160.285
G1 X106.650 Y160.972
G1 X106.815 Y161.635
G1 X106.955 Y161.850
G0 Z5.000 F500.000
G0 X107.560 Y159.050 F3000.000
G1 Z1.000 F500.000
G4 P100
G1 X107.003 Y158.457 F1000.000
G1 X106.830 Y157.990
G1 X106.863 Y157.850
G1 X106.970 Y157.795
G1 X107.103 Y157.868
G1 X107.250 Y158.085
G1 X107.560 Y159.050
G0 Z5.000 F500.000
G0 X109.260 Y159.945 F3000.000
G1 Z1.000 F500.000
G4 P100
G1 X109.088 Y160.416 F1000.000
G1 X109.030 Y161.060
G1 X109.190 Y162.462
G1 X109.387 Y163.164
G1 X109.657 Y163.752
G1 X109.994 Y164.152
G1 X110.390 Y164.285
G1 X110.597 Y164.236
G1 X110.865 Y163.861
G1 X110.900 Y163.575
G1 X110.745 Y162.760
G1 X110.230 Y161.910
G1 X110.534 Y161.828
G1 X110.775 Y161.632
G1 X110.943 Y161.351
G1 X111.025 Y161.010
G1 X111.655 Y161.120
G1 X111.755 Y161.055
G1 X111.755 Y160.697
G1 X111.645 Y160.605
G1 X110.985 Y160.485
G1 X110.841 Y160.110
G1 X110.608 Y159.815
G1 X110.316 Y159.624
G1 X109.995 Y159.560
G1 X109.559 Y159.656
G1 X109.260 Y159.945
G0 Z5.000 F500.000
G0 X109.763 Y160.240 F3000.000
G1 Z1.000 F500.000
G4 P100
G1 X110.015 Y160.090 F1000.000
G1 X110.290 Y160.220
G1 X110.450 Y160.595
G1 X110.213 Y160.870
G1 X110.150 Y161.420
G1 X109.951 Y161.369
G1 X109.689 Y160.981
G1 X109.655 Y160.675
G1 X109.763 Y160.240
G0 Z5.000 F500.000
G0 X109.690 Y161.570 F3000.000
G1 Z1.000 F500.000
G4 P100
G1 X110.366 Y163.074 F1000.000
G1 X110.415 Y163.460
G1 X110.377 Y163.705
G1 X110.275 Y163.790
G1 X110.058 Y163.493
G1 X109.840 Y162.685
G1 X109.690 Y161.570
G0 Z5.000 F500.000
G0 X111.555 Y161.635 F3000.000
G1 Z1.000 F500.000
G4 P100
G1 X111.703 Y161.847 F1000.000
G1 X112.130 Y161.890
G1 X112.170 Y161.795
G1 X111.965 Y160.715
G1 X112.335 Y161.415
G1 X112.738 Y161.800
G1 X113.100 Y161.915
G1 X113.344 Y161.834
G1 X113.425 Y161.590
G1 X113.371 Y160.894
G1 X113.465 Y160.850
G1 X113.960 Y161.135
G1 X114.062 Y161.077
G1 X114.100 Y160.925
G1 X114.000 Y160.635
G1 X113.672 Y160.387
G1 X113.275 Y160.285
G1 X113.042 Y160.319
G1 X112.769 Y160.579
G1 X112.705 Y161.150
G1 X112.508 Y160.982
G1 X112.265 Y160.540
G1 X111.942 Y159.642
G1 X111.715 Y159.560
G1 X111.553 Y159.610
G1 X111.448 Y159.760
G1 X111.370 Y160.400
G1 X111.555 Y161.635
G0 Z5.000 F500.000
G0 X113.688 Y160.977 F3000.000
G1 Z1.000 F500.000
G4 P100
G1 X113.835 Y161.635 F1000.000
G1 X113.955 Y161.855
G1 X114.195 Y161.915
G1 X114.386 Y161.873
G1 X114.450 Y161.745
G1 X114.235 Y160.420
G1 X114.275 Y160.190
G1 X114.410 Y160.110
G1 X114.635 Y160.235
G1 X115.130 Y160.700
G1 X115.233 Y160.640
G1 X115.270 Y160.475
G1 X115.175 Y160.165
G1 X114.696 Y159.711
G1 X114.250 Y159.560
G1 X113.969 Y159.618
G1 X113.778 Y159.790
G1 X113.667 Y160.058
G1 X113.688 Y160.977
G0 Z5.000 F500.000
G0 X114.290 Y162.245 F3000.000
G1 Z1.000 F500.000
G4 P100
G1 X113.975 Y162.342 F1000.000
G1 X113.870 Y162.615
G1 X114.008 Y162.907
G1 X114.350 Y163.025
G1 X114.650 Y162.935
G1 X114.765 Y162.680
G1 X114.635 Y162.363
G1 X114.290 Y162.245
G0 Z5.000 F500.000
G0 X115.438 Y161.683 F3000.000
G1 Z1.000 F500.000
G4 P100
G1 X116.105 Y161.940 F1000.000
G1 X116.243 Y162.839
G1 X116.468 Y163.597
G1 X116.777 Y164.113
G1 X116.963 Y164.242
G1 X117.367 Y164.236
G1 X117.528 Y164.090
G1 X117.634 Y163.845
G1 X117.601 Y162.892
G1 X117.395 Y162.190
G1 X116.660 Y160.650
G1 X116.748 Y160.235
G1 X116.920 Y160.110
G1 X117.195 Y160.230
G1 X117.705 Y160.700
G1 X117.808 Y160.640
G1 X117.845 Y160.475
G1 X117.750 Y160.165
G1 X117.056 Y159.604
G1 X116.815 Y159.560
G1 X116.480 Y159.671
G1 X116.235 Y160.005
G1 X115.868 Y159.650
G1 X115.500 Y159.560
G1 X115.222 Y159.617
G1 X114.998 Y159.787
G1 X114.849 Y160.049
G1 X114.800 Y160.380
G1 X114.970 Y161.123
G1 X115.438 Y161.683
G0 Z5.000 F500.000
G0 X115.608 Y161.058 F3000.000
G1 Z1.000 F500.000
G4 P100
G1 X115.425 Y160.430 F1000.000
G1 X115.488 Y160.156
G1 X115.675 Y160.065
G1 X115.865 Y160.142
G1 X116.105 Y160.430
G1 X116.065 Y161.425
G1 X115.813 Y161.291
G1 X115.608 Y161.058
G0 Z5.000 F500.000
G0 X116.665 Y161.435 F3000.000
G1 Z1.000 F500.000
G4 P100
G1 X117.085 Y162.535 F1000.000
G1 X117.225 Y163.395
G1 X117.115 Y163.795
G1 X116.925 Y163.457
G1 X116.665 Y161.435
G0 Z5.000 F500.000
G0 X117.315 Y160.100 F3000.000
G1 Z1.000 F500.000
G4 P100
G1 X119.410 Y164.035 F1000.000
G1 X119.548 Y164.205
G1 X119.705 Y164.260
G1 X119.903 Y164.167
G1 X119.985 Y163.940
G1 X119.930 Y163.735
G1 X117.678 Y159.600
G1 X117.535 Y159.560
G1 X117.333 Y159.642
G1 X117.245 Y159.860
G1 X117.315 Y160.100
G0 Z5.000 F500.000
G0 X119.375 Y159.178 F3000.000
G1 Z1.000 F500.000
G4 P100
G1 X120.070 Y160.615 F1000.000
G1 X120.060 Y161.630
G1 X120.175 Y161.860
G1 X120.475 Y161.945
G1 X120.628 Y161.902
G1 X120.685 Y161.550
G1 X121.000 Y161.837
G1 X121.330 Y161.925
G1 X121.584 Y161.869
G1 X121.788 Y161.700
G1 X121.921 Y161.440
G1 X121.965 Y161.110
G1 X121.880 Y160.595
G1 X121.645 Y160.140
G1 X121.820 Y160.110
G1 X122.135 Y160.230
G1 X122.520 Y160.630
G1 X122.655 Y160.700
G1 X122.758 Y160.640
G1 X122.795 Y160.475
G1 X122.700 Y160.165
G1 X122.238 Y159.730
G1 X121.675 Y159.560
G1 X121.435 Y159.607
G1 X121.245 Y159.750
G1 X120.650 Y159.560
G1 X120.544 Y158.674
G1 X120.355 Y157.947
G1 X120.071 Y157.462
G1 X119.889 Y157.340
G1 X119.445 Y157.349
G1 X119.280 Y157.495
G1 X119.183 Y157.727
G1 X119.206 Y158.566
G1 X119.375 Y159.178
G0 Z5.000 F500.000
G0 X119.595 Y158.120 F3000.000
G1 Z1.000 F500.000
G4 P100
G1 X119.633 Y157.875 F1000.000
G1 X119.720 Y157.790
G1 X119.844 Y157.937
G1 X119.945 Y158.377
G1 X120.060 Y159.840
G1 X119.720 Y158.885
G1 X119.595 Y158.120
G0 Z5.000 F500.000
G0 X120.675 Y160.040 F3000.000
G1 Z1.000 F500.000
G4 P100
G1 X121.008 Y160.238 F1000.000
G1 X121.250 Y160.627
G1 X121.340 Y161.115
G1 X121.280 Y161.343
G1 X121.120 Y161.420
G1 X120.921 Y161.325
G1 X120.685 Y161.040
G1 X120.675 Y160.040
G0 Z5.000 F500.000
G0 X122.400 Y160.400 F3000.000
G1 Z1.000 F500.000
G4 P100
G1 X122.585 Y161.635 F1000.000
G1 X122.733 Y161.847
G1 X123.020 Y161.915
G1 X123.160 Y161.890
G1 X123.200 Y161.795
G1 X122.995 Y160.715
G1 X123.365 Y161.415
G1 X123.768 Y161.800
G1 X124.130 Y161.915
G1 X124.374 Y161.834
G1 X124.455 Y161.590
G1 X124.401 Y160.894
G1 X124.495 Y160.850
G1 X124.990 Y161.135
G1 X125.093 Y161.077
G1 X125.130 Y160.925
G1 X125.030 Y160.635
G1 X124.703 Y160.387
G1 X124.305 Y160.285
G1 X124.072 Y160.319
G1 X123.799 Y160.579
G1 X123.735 Y161.150
G1 X123.538 Y160.982
G1 X123.295 Y160.540
G1 X122.973 Y159.642
G1 X122.745 Y159.560
G1 X122.583 Y159.610
G1 X122.478 Y159.760
G1 X122.400 Y160.400
G0 Z5.000 F500.000
G0 X124.663 Y160.183 F3000.000
G1 Z1.000 F500.000
G4 P100
G1 X124.590 Y160.625 F1000.000
G1 X124.735 Y161.267
G1 X125.138 Y161.740
G1 X125.720 Y161.915
G1 X125.981 Y161.872
G1 X126.185 Y161.743
G1 X126.316 Y161.539
G1 X126.360 Y161.275
G1 X126.298 Y160.954
G1 X126.113 Y160.683
G1 X125.779 Y160.461
G1 X125.275 Y160.290
G1 X125.456 Y160.118
G1 X125.750 Y160.060
G1 X126.263 Y160.218
G1 X126.895 Y160.700
G1 X126.998 Y160.640
G1 X127.035 Y160.475
G1 X126.940 Y160.165
G1 X126.418 Y159.750
G1 X125.695 Y159.560
G1 X125.229 Y159.631
G1 X124.880 Y159.845
G1 X124.663 Y160.183
G0 Z5.000 F500.000
G0 X125.195 Y160.690 F3000.000
G1 Z1.000 F500.000
G4 P100
G1 X125.660 Y160.890 F1000.000
G1 X125.788 Y161.041
G1 X125.778 Y161.368
G1 X125.635 Y161.425
G1 X125.464 Y161.371
G1 X125.323 Y161.210
G1 X125.195 Y160.690
G0 Z5.000 F500.000
G0 X126.470 Y160.300 F3000.000
G1 Z1.000 F500.000
G4 P100
G1 X126.885 Y160.860 F1000.000
G1 X127.310 Y161.750
G1 X127.456 Y161.915
G1 X127.705 Y161.970
G1 X127.900 Y161.945
G1 X127.955 Y161.865
G1 X127.790 Y161.335
G1 X128.248 Y160.587
G1 X128.320 Y160.125
G1 X129.030 Y160.700
G1 X129.133 Y160.640
G1 X129.170 Y160.475
G1 X129.075 Y160.165
G1 X128.598 Y159.743
G1 X127.560 Y159.450
G1 X127.163 Y159.570
G1 X127.025 Y159.840
G1 X127.120 Y160.065
G1 X127.400 Y160.160
G1 X127.685 Y160.130
G1 X127.628 Y160.375
G1 X127.345 Y160.785
G1 X127.038 Y160.295
G1 X126.705 Y159.925
G1 X126.515 Y159.835
G1 X126.385 Y159.892
G1 X126.335 Y160.035
G1 X126.470 Y160.300
G0 Z5.000 F500.000
G0 X128.690 Y160.625 F3000.000
G1 Z1.000 F500.000
G4 P100
G1 X128.835 Y161.267 F1000.000
G1 X129.008 Y161.534
G1 X129.512 Y161.871
G1 X129.820 Y161.915
G1 X130.081 Y161.872
G1 X130.285 Y161.743
G1 X130.416 Y161.539
G1 X130.460 Y161.275
G1 X130.398 Y160.954
G1 X130.213 Y160.683
G1 X129.879 Y160.461
G1 X129.375 Y160.290
G1 X129.556 Y160.118
G1 X129.850 Y160.060
G1 X130.363 Y160.218
G1 X130.995 Y160.700
G1 X131.098 Y160.640
G1 X131.135 Y160.475
G1 X131.040 Y160.165
G1 X130.518 Y159.750
G1 X129.795 Y159.560
G1 X129.329 Y159.631
G1 X128.980 Y159.845
G1 X128.763 Y160.183
G1 X128.690 Y160.625
G0 Z5.000 F500.000
G0 X129.295 Y160.690 F3000.000
G1 Z1.000 F500.000
G4 P100
G1 X129.760 Y160.890 F1000.000
G1 X129.888 Y161.041
G1 X129.878 Y161.368
G1 X129.735 Y161.425
G1 X129.564 Y161.371
G1 X129.423 Y161.210
G1 X129.295 Y160.690
G0 Z5.000 F500.000
G0 X130.786 Y161.034 F3000.000
G1 Z1.000 F500.000
G4 P100
G1 X130.925 Y161.635 F1000.000
G1 X131.073 Y161.847
G1 X131.360 Y161.915
G1 X131.500 Y161.890
G1 X131.540 Y161.795
G1 X131.335 Y160.715
G1 X131.705 Y161.415
G1 X132.108 Y161.800
G1 X132.470 Y161.915
G1 X132.714 Y161.834
G1 X132.795 Y161.590
G1 X132.741 Y160.894
G1 X132.835 Y160.850
G1 X133.330 Y161.135
G1 X133.433 Y161.077
G1 X133.470 Y160.925
G1 X133.370 Y160.635
G1 X133.043 Y160.387
G1 X132.645 Y160.285
G1 X132.412 Y160.319
G1 X132.139 Y160.579
G1 X132.075 Y161.150
G1 X131.878 Y160.982
G1 X131.635 Y160.540
G1 X131.313 Y159.642
G1 X131.085 Y159.560
G1 X130.923 Y159.610
G1 X130.818 Y159.760
G1 X130.740 Y160.400
G1 X130.786 Y161.034
G0 Z5.000 F500.000
G0 X133.075 Y160.225 F3000.000
G1 Z1.000 F500.000
G4 P100
G1 X133.015 Y161.625 F1000.000
G1 X133.105 Y161.855
G1 X133.360 Y161.920
G1 X133.553 Y161.863
G1 X133.685 Y160.175
G1 X134.135 Y160.885
G1 X134.060 Y161.230
G1 X134.135 Y161.560
G1 X134.340 Y161.820
G1 X134.635 Y161.920
G1 X134.870 Y161.817
G1 X134.960 Y161.520
G1 X134.840 Y161.005
G1 X135.530 Y161.110
G1 X135.645 Y161.060
G1 X135.625 Y160.683
G1 X135.445 Y160.555
G1 X134.955 Y160.480
G1 X134.540 Y160.540
G1 X133.875 Y159.665
G1 X133.545 Y159.560
G1 X133.362 Y159.600
G1 X133.223 Y159.720
G1 X133.075 Y160.225
G0 Z5.000 F500.000
G0 X135.248 Y160.183 F3000.000
G1 Z1.000 F500.000
G4 P100
G1 X135.175 Y160.625 F1000.000
G1 X135.320 Y161.267
G1 X135.723 Y161.740
G1 X136.305 Y161.915
G1 X136.566 Y161.872
G1 X136.770 Y161.743
G1 X136.901 Y161.539
G1 X136.945 Y161.275
G1 X136.883 Y160.954
G1 X136.698 Y160.683
G1 X136.364 Y160.461
G1 X135.860 Y160.290
G1 X136.041 Y160.118
G1 X136.335 Y160.060
G1 X136.848 Y160.218
G1 X137.480 Y160.700
G1 X137.583 Y160.640
G1 X137.620 Y160.475
G1 X137.525 Y160.165
G1 X137.003 Y159.750
G1 X136.280 Y159.560
G1 X135.814 Y159.631
G1 X135.465 Y159.845
G1 X135.248 Y160.183
G0 Z5.000 F500.000
G0 X135.780 Y160.690 F3000.000
G1 Z1.000 F500.000
G4 P100
G1 X136.245 Y160.890 F1000.000
G1 X136.373 Y161.041
G1 X136.363 Y161.368
G1 X136.220 Y161.425
G1 X136.049 Y161.371
G1 X135.908 Y161.210
G1 X135.780 Y160.690
G0 Z5.000 F500.000
G0 X24.365 Y149.500 F3000.000
G1 Z1.000 F500.000
G4 P100
G1 X24.270 Y149.190 F1000.000
G1 X23.808 Y148.755
G1 X23.245 Y148.585
G1 X23.021 Y148.622
G1 X22.762 Y148.913
G1 X22.730 Y149.160
G1 X22.865 Y150.095
G1 X22.810 Y150.175
G1 X22.625 Y150.007
G1 X22.385 Y149.565
G1 X22.062 Y148.665
G1 X21.830 Y148.585
G1 X21.582 Y148.743
G1 X21.500 Y149.125
G1 X21.590 Y150.095
G1 X21.535 Y150.175
G1 X21.345 Y149.995
G1 X21.123 Y149.535
G1 X20.822 Y148.667
G1 X20.595 Y148.585
G1 X20.433 Y148.635
G1 X20.328 Y148.785
G1 X20.250 Y149.425
G1 X20.435 Y150.660
G1 X20.582 Y150.873
G1 X20.870 Y150.940
G1 X21.010 Y150.915
G1 X21.050 Y150.820
G1 X20.845 Y149.745
G1 X21.168 Y150.405
G1 X21.553 Y150.808
G1 X21.925 Y150.940
G1 X22.172 Y150.860
G1 X22.245 Y150.615
G1 X22.095 Y149.765
G1 X22.359 Y150.296
G1 X22.650 Y150.660
G1 X22.945 Y150.870
G1 X23.220 Y150.940
G1 X23.464 Y150.859
G1 X23.545 Y150.615
G1 X23.340 Y149.335
G1 X23.376 Y149.185
G1 X23.485 Y149.135
G1 X23.723 Y149.257
G1 X24.225 Y149.725
G1 X24.328 Y149.665
G1 X24.365 Y149.500
G0 Z5.000 F500.000
G0 X24.510 Y149.680 F3000.000
G1 Z1.000 F500.000
G4 P100
G1 X24.617 Y149.260 F1000.000
G1 X24.870 Y149.115
G1 X25.148 Y149.245
G1 X25.305 Y149.620
G1 X25.068 Y149.895
G1 X25.000 Y150.415
G1 X24.798 Y150.367
G1 X24.643 Y150.222
G1 X24.510 Y149.680
G0 Z5.000 F500.000
G0 X24.030 Y150.312 F3000.000
G1 Z1.000 F500.000
G4 P100
G1 X24.203 Y150.577 F1000.000
G1 X24.699 Y150.903
G1 X24.995 Y150.945
G1 X25.338 Y150.879
G1 X25.608 Y150.683
G1 X25.792 Y150.389
G1 X25.880 Y150.035
G1 X26.510 Y150.145
G1 X26.610 Y150.080
G1 X26.609 Y149.724
G1 X26.500 Y149.630
G1 X25.840 Y149.510
G1 X25.699 Y149.132
G1 X25.465 Y148.838
G1 X25.166 Y148.648
G1 X24.552 Y148.621
G1 X24.318 Y148.730
G1 X23.995 Y149.115
G1 X23.885 Y149.635
G1 X24.030 Y150.312
G0 Z5.000 F500.000
G0 X26.150 Y149.405 F3000.000
G1 Z1.000 F500.000
G4 P100
G1 X26.193 Y149.791 F1000.000
G1 X26.522 Y150.459
G1 X27.103 Y150.881
G1 X27.455 Y150.965
G1 X27.593 Y151.864
G1 X27.818 Y152.623
G1 X28.127 Y153.138
G1 X28.313 Y153.267
G1 X28.717 Y153.261
G1 X28.878 Y153.115
G1 X28.984 Y152.870
G1 X28.951 Y151.918
G1 X28.745 Y151.215
G1 X28.010 Y149.675
G1 X28.098 Y149.260
G1 X28.270 Y149.135
G1 X28.545 Y149.255
G1 X29.055 Y149.725
G1 X29.157 Y149.665
G1 X29.195 Y149.500
G1 X29.100 Y149.190
G1 X28.406 Y148.629
G1 X28.165 Y148.585
G1 X27.830 Y148.696
G1 X27.585 Y149.030
G1 X27.218 Y148.675
G1 X26.850 Y148.585
G1 X26.572 Y148.642
G1 X26.348 Y148.812
G1 X26.199 Y149.074
G1 X26.150 Y149.405
G0 Z5.000 F500.000
G0 X26.838 Y149.181 F3000.000
G1 Z1.000 F500.000
G4 P100
G1 X27.025 Y149.090 F1000.000
G1 X27.215 Y149.168
G1 X27.455 Y149.455
G1 X27.415 Y150.450
G1 X27.163 Y150.316
G1 X26.821 Y149.784
G1 X26.775 Y149.455
G1 X26.838 Y149.181
G0 Z5.000 F500.000
G0 X28.015 Y150.460 F3000.000
G1 Z1.000 F500.000
G4 P100
G1 X28.435 Y151.560 F1000.000
G1 X28.575 Y152.420
G1 X28.465 Y152.820
G1 X28.275 Y152.482
G1 X28.015 Y150.460
G0 Z5.000 F500.000
G0 X29.033 Y150.559 F3000.000
G1 Z1.000 F500.000
G4 P100
G1 X29.537 Y150.896 F1000.000
G1 X30.106 Y150.897
G1 X30.310 Y150.767
G1 X30.441 Y150.564
G1 X30.485 Y150.300
G1 X30.423 Y149.979
G1 X30.238 Y149.707
G1 X29.904 Y149.486
G1 X29.400 Y149.315
G1 X29.581 Y149.142
G1 X29.875 Y149.085
G1 X30.388 Y149.243
G1 X31.020 Y149.725
G1 X31.123 Y149.665
G1 X31.160 Y149.500
G1 X31.065 Y149.190
G1 X30.543 Y148.775
G1 X30.193 Y148.632
G1 X29.820 Y148.585
G1 X29.354 Y148.656
G1 X29.005 Y148.870
G1 X28.788 Y149.208
G1 X28.715 Y149.650
G1 X28.860 Y150.293
G1 X29.033 Y150.559
G0 Z5.000 F500.000
G0 X29.447 Y150.235 F3000.000
G1 Z1.000 F500.000
G4 P100
G1 X29.320 Y149.715 F1000.000
G1 X29.785 Y149.915
G1 X29.955 Y150.240
G1 X29.903 Y150.392
G1 X29.760 Y150.450
G1 X29.589 Y150.396
G1 X29.447 Y150.235
G0 Z5.000 F500.000
G0 X31.855 Y149.245 F3000.000
G1 Z1.000 F500.000
G4 P100
G1 X32.335 Y149.885 F1000.000
G1 X32.760 Y150.775
G1 X32.906 Y150.940
G1 X33.155 Y150.995
G1 X33.350 Y150.970
G1 X33.405 Y150.890
G1 X33.240 Y150.360
G1 X33.697 Y149.613
G1 X33.770 Y149.150
G1 X34.480 Y149.725
G1 X34.583 Y149.665
G1 X34.620 Y149.500
G1 X34.525 Y149.190
G1 X34.047 Y148.767
G1 X33.010 Y148.475
G1 X32.612 Y148.595
G1 X32.475 Y148.865
G1 X32.570 Y149.090
G1 X32.850 Y149.185
G1 X33.135 Y149.155
G1 X33.078 Y149.400
G1 X32.795 Y149.810
G1 X32.155 Y148.950
G1 X31.965 Y148.860
G1 X31.835 Y148.917
G1 X31.785 Y149.060
G1 X31.855 Y149.245
G0 Z5.000 F500.000
G0 X34.240 Y149.080 F3000.000
G1 Z1.000 F500.000
G4 P100
G1 X34.407 Y151.340 F1000.000
G1 X34.602 Y152.108
G1 X34.873 Y152.743
G1 X35.211 Y153.168
G1 X35.610 Y153.310
G1 X35.818 Y153.261
G1 X36.089 Y152.886
G1 X36.051 Y152.086
G1 X35.830 Y151.553
G1 X34.870 Y150.285
G1 X34.855 Y149.750
G1 X35.223 Y150.442
G1 X35.623 Y150.825
G1 X35.985 Y150.940
G1 X36.229 Y150.859
G1 X36.310 Y150.615
G1 X36.105 Y149.335
G1 X36.141 Y149.185
G1 X36.250 Y149.135
G1 X36.487 Y149.257
G1 X36.990 Y149.725
G1 X37.093 Y149.665
G1 X37.130 Y149.500
G1 X37.035 Y149.190
G1 X36.562 Y148.755
G1 X36.303 Y148.627
G1 X35.786 Y148.622
G1 X35.528 Y148.913
G1 X35.495 Y149.160
G1 X35.630 Y150.095
G1 X35.575 Y150.175
G1 X35.390 Y150.007
G1 X35.150 Y149.565
G1 X34.790 Y148.685
G1 X34.485 Y148.585
G1 X34.288 Y148.692
G1 X34.240 Y149.080
G0 Z5.000 F500.000
G0 X34.925 Y150.910 F3000.000
G1 Z1.000 F500.000
G4 P100
G1 X35.438 Y151.705 F1000.000
G1 X35.589 Y152.115
G1 X35.640 Y152.485
G1 X35.605 Y152.730
G1 X35.505 Y152.815
G1 X35.305 Y152.558
G1 X35.093 Y151.863
G1 X34.925 Y150.910
G0 Z5.000 F500.000
G0 X36.968 Y150.577 F3000.000
G1 Z1.000 F500.000
G4 P100
G1 X37.464 Y150.903 F1000.000
G1 X37.760 Y150.945
G1 X38.103 Y150.879
G1 X38.373 Y150.683
G1 X38.557 Y150.389
G1 X38.645 Y150.035
G1 X39.275 Y150.145
G1 X39.375 Y150.080
G1 X39.374 Y149.724
G1 X39.265 Y149.630
G1 X38.605 Y149.510
G1 X38.464 Y149.132
G1 X38.230 Y148.838
G1 X37.931 Y148.648
G1 X37.317 Y148.621
G1 X37.083 Y148.730
G1 X36.760 Y149.115
G1 X36.650 Y149.635
G1 X36.795 Y150.312
G1 X36.968 Y150.577
G0 Z5.000 F500.000
G0 X37.308 Y149.991 F3000.000
G1 Z1.000 F500.000
G4 P100
G1 X37.275 Y149.680 F1000.000
G1 X37.383 Y149.260
G1 X37.635 Y149.115
G1 X37.913 Y149.245
G1 X38.070 Y149.620
G1 X37.833 Y149.895
G1 X37.765 Y150.415
G1 X37.563 Y150.367
G1 X37.407 Y150.222
G1 X37.308 Y149.991
G0 Z5.000 F500.000
G0 X39.030 Y149.998 F3000.000
G1 Z1.000 F500.000
G4 P100
G1 X39.195 Y150.660 F1000.000
G1 X39.335 Y150.875
G1 X39.773 Y150.905
G1 X39.815 Y150.800
G1 X39.580 Y149.495
G1 X39.685 Y149.305
G1 X39.873 Y149.455
G1 X40.113 Y149.910
G1 X40.483 Y150.875
G1 X40.890 Y150.912
G1 X40.935 Y150.810
G1 X40.670 Y149.335
G1 X40.710 Y149.188
G1 X40.815 Y149.135
G1 X41.053 Y149.257
G1 X41.555 Y149.725
G1 X41.657 Y149.665
G1 X41.695 Y149.500
G1 X41.600 Y149.190
G1 X41.138 Y148.755
G1 X40.873 Y148.627
G1 X40.367 Y148.631
G1 X40.223 Y148.770
G1 X40.110 Y149.290
G1 X39.855 Y148.767
G1 X39.490 Y148.585
G1 X39.286 Y148.637
G1 X39.016 Y149.026
G1 X39.030 Y149.998
G0 Z5.000 F500.000
G0 X41.378 Y149.444 F3000.000
G1 Z1.000 F500.000
G4 P100
G1 X41.325 Y150.020 F1000.000
G1 X41.483 Y151.410
G1 X41.678 Y152.135
G1 X41.948 Y152.750
G1 X42.284 Y153.170
G1 X42.680 Y153.310
G1 X42.894 Y153.254
G1 X43.058 Y153.088
G1 X43.161 Y152.817
G1 X43.195 Y152.450
G1 X43.112 Y151.808
G1 X42.865 Y151.070
G1 X42.476 Y150.289
G1 X41.970 Y149.515
G1 X42.085 Y149.222
G1 X42.295 Y149.135
G1 X42.655 Y149.252
G1 X43.185 Y149.725
G1 X43.288 Y149.665
G1 X43.325 Y149.500
G1 X43.230 Y149.190
G1 X42.763 Y148.755
G1 X42.190 Y148.585
G1 X41.807 Y148.685
G1 X41.538 Y148.985
G1 X41.378 Y149.444
G0 Z5.000 F500.000
G0 X41.935 Y150.190 F3000.000
G1 Z1.000 F500.000
G4 P100
G1 X42.500 Y151.363 F1000.000
G1 X42.657 Y151.924
G1 X42.710 Y152.435
G1 X42.675 Y152.720
G1 X42.570 Y152.815
G1 X42.310 Y152.400
G1 X42.055 Y151.370
G1 X41.935 Y150.190
G0 Z5.000 F500.000
G0 X43.227 Y150.459 F3000.000
G1 Z1.000 F500.000
G4 P100
G1 X43.808 Y150.881 F1000.000
G1 X44.160 Y150.965
G1 X44.298 Y151.864
G1 X44.523 Y152.623
G1 X44.832 Y153.138
G1 X45.018 Y153.267
G1 X45.422 Y153.261
G1 X45.582 Y153.115
G1 X45.689 Y152.870
G1 X45.656 Y151.918
G1 X45.450 Y151.215
G1 X44.715 Y149.675
G1 X44.802 Y149.260
G1 X44.975 Y149.135
G1 X45.250 Y149.255
G1 X45.760 Y149.725
G1 X45.862 Y149.665
G1 X45.900 Y149.500
G1 X45.805 Y149.190
G1 X45.111 Y148.629
G1 X44.870 Y148.585
G1 X44.535 Y148.696
G1 X44.290 Y149.030
G1 X43.922 Y148.675
G1 X43.555 Y148.585
G1 X43.277 Y148.642
G1 X43.052 Y148.812
G1 X42.904 Y149.074
G1 X42.855 Y149.405
G1 X42.897 Y149.791
G1 X43.227 Y150.459
G0 Z5.000 F500.000
G0 X43.526 Y149.784 F3000.000
G1 Z1.000 F500.000
G4 P100
G1 X43.480 Y149.455 F1000.000
G1 X43.542 Y149.181
G1 X43.730 Y149.090
G1 X43.920 Y149.168
G1 X44.160 Y149.455
G1 X44.120 Y150.450
G1 X43.868 Y150.316
G1 X43.526 Y149.784
G0 Z5.000 F500.000
G0 X44.720 Y150.460 F3000.000
G1 Z1.000 F500.000
G4 P100
G1 X45.140 Y151.560 F1000.000
G1 X45.280 Y152.420
G1 X45.170 Y152.820
G1 X44.980 Y152.482
G1 X44.720 Y150.460
G0 Z5.000 F500.000
G0 X47.013 Y151.340 F3000.000
G1 Z1.000 F500.000
G4 P100
G1 X47.208 Y152.108 F1000.000
G1 X47.478 Y152.743
G1 X47.816 Y153.168
G1 X48.215 Y153.310
G1 X48.423 Y153.261
G1 X48.694 Y152.886
G1 X48.656 Y152.086
G1 X48.435 Y151.553
G1 X47.475 Y150.285
G1 X47.460 Y149.750
G1 X47.718 Y150.289
G1 X48.010 Y150.657
G1 X48.310 Y150.869
G1 X48.590 Y150.940
G1 X48.816 Y150.897
G1 X49.107 Y150.580
G1 X49.145 Y150.350
G1 X49.005 Y149.845
G1 X48.525 Y149.435
G1 X48.648 Y149.218
G1 X48.895 Y149.135
G1 X49.195 Y149.255
G1 X49.710 Y149.725
G1 X49.813 Y149.665
G1 X49.850 Y149.500
G1 X49.755 Y149.190
G1 X49.300 Y148.750
G1 X49.049 Y148.626
G1 X48.407 Y148.640
G1 X48.135 Y148.805
G1 X47.959 Y149.061
G1 X47.900 Y149.390
G1 X47.950 Y149.558
G1 X48.415 Y149.873
G1 X48.510 Y150.135
G1 X48.380 Y150.315
G1 X48.083 Y150.120
G1 X47.780 Y149.618
G1 X47.433 Y148.667
G1 X47.205 Y148.585
G1 X46.978 Y148.697
G1 X46.880 Y149.045
G1 X46.855 Y149.735
G1 X47.013 Y151.340
G0 Z5.000 F500.000
G0 X47.530 Y150.910 F3000.000
G1 Z1.000 F500.000
G4 P100
G1 X48.043 Y151.705 F1000.000
G1 X48.194 Y152.115
G1 X48.245 Y152.485
G1 X48.210 Y152.730
G1 X48.110 Y152.815
G1 X47.910 Y152.558
G1 X47.698 Y151.863
G1 X47.530 Y150.910
G0 Z5.000 F500.000
G0 X49.688 Y150.559 F3000.000
G1 Z1.000 F500.000
G4 P100
G1 X50.192 Y150.896 F1000.000
G1 X50.761 Y150.897
G1 X50.965 Y150.767
G1 X51.096 Y150.564
G1 X51.140 Y150.300
G1 X51.078 Y149.979
G1 X50.893 Y149.707
G1 X50.559 Y149.486
G1 X50.055 Y149.315
G1 X50.236 Y149.142
G1 X50.530 Y149.085
G1 X51.043 Y149.243
G1 X51.675 Y149.725
G1 X51.778 Y149.665
G1 X51.815 Y149.500
G1 X51.720 Y149.190
G1 X51.198 Y148.775
G1 X50.848 Y148.632
G1 X50.475 Y148.585
G1 X50.009 Y148.656
G1 X49.660 Y148.870
G1 X49.443 Y149.208
G1 X49.370 Y149.650
G1 X49.515 Y150.293
G1 X49.688 Y150.559
G0 Z5.000 F500.000
G0 X50.103 Y150.235 F3000.000
G1 Z1.000 F500.000
G4 P100
G1 X49.975 Y149.715 F1000.000
G1 X50.440 Y149.915
G1 X50.610 Y150.240
G1 X50.558 Y150.392
G1 X50.415 Y150.450
G1 X50.244 Y150.396
G1 X50.103 Y150.235
G0 Z5.000 F500.000
G0 X51.480 Y150.293 F3000.000
G1 Z1.000 F500.000
G4 P100
G1 X51.883 Y150.765 F1000.000
G1 X52.157 Y150.896
G1 X52.726 Y150.897
G1 X52.930 Y150.767
G1 X53.061 Y150.564
G1 X53.105 Y150.300
G1 X53.043 Y149.979
G1 X52.858 Y149.707
G1 X52.524 Y149.486
G1 X52.020 Y149.315
G1 X52.201 Y149.142
G1 X52.495 Y149.085
G1 X53.008 Y149.243
G1 X53.640 Y149.725
G1 X53.743 Y149.665
G1 X53.780 Y149.500
G1 X53.685 Y149.190
G1 X53.163 Y148.775
G1 X52.813 Y148.632
G1 X52.440 Y148.585
G1 X51.974 Y148.656
G1 X51.625 Y148.870
G1 X51.408 Y149.208
G1 X51.335 Y149.650
G1 X51.480 Y150.293
G0 Z5.000 F500.000
G0 X51.940 Y149.715 F3000.000
G1 Z1.000 F500.000
G4 P100
G1 X52.405 Y149.915 F1000.000
G1 X52.533 Y150.066
G1 X52.523 Y150.392
G1 X52.380 Y150.450
G1 X52.209 Y150.396
G1 X52.068 Y150.235
G1 X51.940 Y149.715
G0 Z5.000 F500.000
G0 X53.450 Y150.655 F3000.000
G1 Z1.000 F500.000
G4 P100
G1 X53.565 Y150.885 F1000.000
G1 X53.865 Y150.970
G1 X54.018 Y150.928
G1 X54.075 Y150.575
G1 X54.390 Y150.863
G1 X54.720 Y150.950
G1 X54.974 Y150.894
G1 X55.178 Y150.725
G1 X55.311 Y150.465
G1 X55.355 Y150.135
G1 X55.270 Y149.620
G1 X55.035 Y149.165
G1 X55.210 Y149.135
G1 X55.525 Y149.255
G1 X56.045 Y149.725
G1 X56.148 Y149.665
G1 X56.185 Y149.500
G1 X56.090 Y149.190
G1 X55.628 Y148.755
G1 X55.363 Y148.627
G1 X54.825 Y148.632
G1 X54.635 Y148.775
G1 X54.040 Y148.585
G1 X53.934 Y147.699
G1 X53.745 Y146.972
G1 X53.461 Y146.487
G1 X53.070 Y146.325
G1 X52.835 Y146.374
G1 X52.670 Y146.520
G1 X52.540 Y147.060
G1 X52.765 Y148.202
G1 X53.460 Y149.640
G1 X53.450 Y150.655
G0 Z5.000 F500.000
G0 X54.070 Y149.420 F3000.000
G1 Z1.000 F500.000
G4 P100
G1 X54.065 Y149.065 F1000.000
G1 X54.398 Y149.262
G1 X54.640 Y149.653
G1 X54.730 Y150.140
G1 X54.670 Y150.368
G1 X54.510 Y150.445
G1 X54.311 Y150.350
G1 X54.075 Y150.065
G1 X54.070 Y149.420
G0 Z5.000 F500.000
G0 X53.450 Y148.865 F3000.000
G1 Z1.000 F500.000
G4 P100
G1 X53.110 Y147.910 F1000.000
G1 X52.985 Y147.145
G1 X53.023 Y146.900
G1 X53.110 Y146.815
G1 X53.234 Y146.962
G1 X53.335 Y147.403
G1 X53.450 Y148.865
G0 Z5.000 F500.000
G0 X57.560 Y148.944 F3000.000
G1 Z1.000 F500.000
G4 P100
G1 X57.369 Y149.392 F1000.000
G1 X57.320 Y150.465
G1 X56.923 Y150.520
G1 X56.870 Y150.695
G1 X56.926 Y150.905
G1 X57.380 Y150.975
G1 X57.640 Y151.980
G1 X58.063 Y152.705
G1 X58.319 Y152.907
G1 X58.595 Y152.975
G1 X58.783 Y152.929
G1 X58.925 Y152.790
G1 X59.045 Y152.325
G1 X59.004 Y151.950
G1 X58.883 Y151.600
G1 X58.395 Y150.975
G1 X59.070 Y150.940
G1 X59.070 Y150.659
G1 X58.964 Y150.551
G1 X58.540 Y150.465
G1 X57.930 Y150.465
G1 X57.951 Y149.632
G1 X58.043 Y149.345
G1 X58.201 Y149.188
G1 X58.430 Y149.135
G1 X58.810 Y149.265
G1 X59.335 Y149.725
G1 X59.438 Y149.665
G1 X59.475 Y149.500
G1 X59.380 Y149.190
G1 X58.910 Y148.755
G1 X58.325 Y148.585
G1 X57.879 Y148.675
G1 X57.560 Y148.944
G0 Z5.000 F500.000
G0 X57.980 Y151.050 F3000.000
G1 Z1.000 F500.000
G4 P100
G1 X58.423 Y151.623 F1000.000
G1 X58.570 Y152.200
G1 X58.543 Y152.421
G1 X58.460 Y152.495
G1 X58.293 Y152.308
G1 X58.118 Y151.787
G1 X57.980 Y151.050
G0 Z5.000 F500.000
G0 X59.263 Y151.340 F3000.000
G1 Z1.000 F500.000
G4 P100
G1 X59.458 Y152.108 F1000.000
G1 X59.728 Y152.743
G1 X60.066 Y153.168
G1 X60.465 Y153.310
G1 X60.673 Y153.261
G1 X60.944 Y152.886
G1 X60.906 Y152.086
G1 X60.685 Y151.553
G1 X59.725 Y150.285
G1 X59.710 Y149.750
G1 X60.078 Y150.442
G1 X60.478 Y150.825
G1 X60.840 Y150.940
G1 X61.084 Y150.859
G1 X61.165 Y150.615
G1 X60.960 Y149.335
G1 X60.996 Y149.185
G1 X61.105 Y149.135
G1 X61.343 Y149.257
G1 X61.845 Y149.725
G1 X61.948 Y149.665
G1 X61.985 Y149.500
G1 X61.890 Y149.190
G1 X61.418 Y148.755
G1 X61.158 Y148.627
G1 X60.641 Y148.622
G1 X60.383 Y148.913
G1 X60.350 Y149.160
G1 X60.485 Y150.095
G1 X60.430 Y150.175
G1 X60.245 Y150.007
G1 X60.005 Y149.565
G1 X59.645 Y148.685
G1 X59.340 Y148.585
G1 X59.143 Y148.692
G1 X59.105 Y149.735
G1 X59.263 Y151.340
G0 Z5.000 F500.000
G0 X59.780 Y150.910 F3000.000
G1 Z1.000 F500.000
G4 P100
G1 X60.293 Y151.705 F1000.000
G1 X60.444 Y152.115
G1 X60.495 Y152.485
G1 X60.460 Y152.730
G1 X60.360 Y152.815
G1 X60.160 Y152.558
G1 X59.948 Y151.863
G1 X59.780 Y150.910
G0 Z5.000 F500.000
G0 X61.823 Y150.559 F3000.000
G1 Z1.000 F500.000
G4 P100
G1 X62.327 Y150.896 F1000.000
G1 X62.896 Y150.897
G1 X63.100 Y150.767
G1 X63.231 Y150.564
G1 X63.275 Y150.300
G1 X63.213 Y149.979
G1 X63.028 Y149.707
G1 X62.694 Y149.486
G1 X62.190 Y149.315
G1 X62.371 Y149.142
G1 X62.665 Y149.085
G1 X63.178 Y149.243
G1 X63.810 Y149.725
G1 X63.913 Y149.665
G1 X63.950 Y149.500
G1 X63.855 Y149.190
G1 X63.333 Y148.775
G1 X62.983 Y148.632
G1 X62.610 Y148.585
G1 X62.144 Y148.656
G1 X61.795 Y148.870
G1 X61.578 Y149.208
G1 X61.505 Y149.650
G1 X61.650 Y150.293
G1 X61.823 Y150.559
G0 Z5.000 F500.000
G0 X62.238 Y150.235 F3000.000
G1 Z1.000 F500.000
G4 P100
G1 X62.110 Y149.715 F1000.000
G1 X62.575 Y149.915
G1 X62.745 Y150.240
G1 X62.693 Y150.392
G1 X62.550 Y150.450
G1 X62.379 Y150.396
G1 X62.238 Y150.235
G0 Z5.000 F500.000
G0 X64.923 Y150.002 F3000.000
G1 Z1.000 F500.000
G4 P100
G1 X65.070 Y150.660 F1000.000
G1 X65.190 Y150.880
G1 X65.430 Y150.940
G1 X65.621 Y150.897
G1 X65.685 Y150.770
G1 X65.470 Y149.445
G1 X65.510 Y149.215
G1 X65.645 Y149.135
G1 X65.870 Y149.260
G1 X66.365 Y149.725
G1 X66.468 Y149.665
G1 X66.505 Y149.500
G1 X66.410 Y149.190
G1 X65.931 Y148.736
G1 X65.485 Y148.585
G1 X65.204 Y148.642
G1 X65.013 Y148.815
G1 X64.902 Y149.083
G1 X64.923 Y150.002
G0 Z5.000 F500.000
G0 X65.525 Y151.270 F3000.000
G1 Z1.000 F500.000
G4 P100
G1 X65.210 Y151.368 F1000.000
G1 X65.105 Y151.640
G1 X65.243 Y151.933
G1 X65.585 Y152.050
G1 X65.885 Y151.960
G1 X66.000 Y151.705
G1 X65.870 Y151.387
G1 X65.525 Y151.270
G0 Z5.000 F500.000
G0 X66.443 Y150.873 F3000.000
G1 Z1.000 F500.000
G4 P100
G1 X66.730 Y150.940 F1000.000
G1 X66.870 Y150.915
G1 X66.910 Y150.820
G1 X66.705 Y149.745
G1 X67.028 Y150.405
G1 X67.413 Y150.808
G1 X67.785 Y150.940
G1 X68.033 Y150.860
G1 X68.105 Y150.615
G1 X67.955 Y149.765
G1 X68.219 Y150.296
G1 X68.510 Y150.660
G1 X68.805 Y150.870
G1 X69.080 Y150.940
G1 X69.324 Y150.859
G1 X69.405 Y150.615
G1 X69.200 Y149.335
G1 X69.236 Y149.185
G1 X69.345 Y149.135
G1 X69.583 Y149.257
G1 X70.085 Y149.725
G1 X70.188 Y149.665
G1 X70.225 Y149.500
G1 X70.130 Y149.190
G1 X69.668 Y148.755
G1 X69.403 Y148.627
G1 X68.881 Y148.622
G1 X68.623 Y148.913
G1 X68.590 Y149.160
G1 X68.725 Y150.095
G1 X68.670 Y150.175
G1 X68.485 Y150.007
G1 X68.245 Y149.565
G1 X67.923 Y148.665
G1 X67.690 Y148.585
G1 X67.546 Y148.624
G1 X67.443 Y148.743
G1 X67.360 Y149.125
G1 X67.450 Y150.095
G1 X67.395 Y150.175
G1 X67.205 Y149.995
G1 X66.983 Y149.535
G1 X66.683 Y148.667
G1 X66.455 Y148.585
G1 X66.293 Y148.635
G1 X66.188 Y148.785
G1 X66.110 Y149.425
G1 X66.156 Y150.059
G1 X66.295 Y150.660
G1 X66.443 Y150.873
G0 Z5.000 F500.000
G0 X69.801 Y149.789 F3000.000
G1 Z1.000 F500.000
G4 P100
G1 X70.156 Y150.480 F1000.000
G1 X70.433 Y150.733
G1 X70.749 Y150.896
G1 X71.085 Y150.950
G1 X71.233 Y150.907
G1 X71.295 Y150.755
G1 X71.699 Y150.731
G1 X71.760 Y150.600
G1 X71.570 Y149.300
G1 X71.608 Y149.180
G1 X71.705 Y149.135
G1 X71.935 Y149.257
G1 X72.435 Y149.725
G1 X72.538 Y149.665
G1 X72.575 Y149.500
G1 X72.480 Y149.190
G1 X72.045 Y148.760
G1 X71.600 Y148.585
G1 X71.298 Y148.697
G1 X71.090 Y149.005
G1 X70.796 Y148.690
G1 X70.435 Y148.585
G1 X70.156 Y148.641
G1 X69.940 Y148.810
G1 X69.801 Y149.070
G1 X69.801 Y149.789
G0 Z5.000 F500.000
G0 X70.380 Y149.395 F3000.000
G1 Z1.000 F500.000
G4 P100
G1 X70.443 Y149.165 F1000.000
G1 X70.615 Y149.090
G1 X70.825 Y149.220
G1 X70.970 Y149.565
G1 X71.155 Y150.485
G1 X70.768 Y150.327
G1 X70.485 Y149.925
G1 X70.380 Y149.395
G0 Z5.000 F500.000
G0 X72.151 Y149.789 F3000.000
G1 Z1.000 F500.000
G4 P100
G1 X72.506 Y150.480 F1000.000
G1 X72.783 Y150.733
G1 X73.099 Y150.896
G1 X73.435 Y150.950
G1 X73.583 Y150.907
G1 X73.645 Y150.755
G1 X74.043 Y150.738
G1 X74.095 Y150.590
G1 X73.875 Y149.145
G1 X74.615 Y149.675
G1 X74.730 Y149.715
G1 X74.833 Y149.653
G1 X74.870 Y149.495
G1 X74.725 Y149.200
G1 X73.775 Y148.555
G1 X73.556 Y147.631
G1 X73.278 Y146.928
G1 X72.928 Y146.483
G1 X72.495 Y146.335
G1 X72.264 Y146.374
G1 X71.960 Y146.674
G1 X71.920 Y146.905
G1 X71.990 Y147.273
G1 X72.200 Y147.668
G1 X72.603 Y148.122
G1 X73.250 Y148.670
G1 X73.280 Y148.865
G1 X73.058 Y148.657
G1 X72.785 Y148.585
G1 X72.506 Y148.641
G1 X72.290 Y148.810
G1 X72.151 Y149.070
G1 X72.151 Y149.789
G0 Z5.000 F500.000
G0 X72.730 Y149.395 F3000.000
G1 Z1.000 F500.000
G4 P100
G1 X72.793 Y149.165 F1000.000
G1 X72.965 Y149.090
G1 X73.185 Y149.230
G1 X73.495 Y150.485
G1 X73.115 Y150.327
G1 X72.835 Y149.925
G1 X72.730 Y149.395
G0 Z5.000 F500.000
G0 X73.135 Y148.075 F3000.000
G1 Z1.000 F500.000
G4 P100
G1 X72.580 Y147.480 F1000.000
G1 X72.410 Y147.015
G1 X72.443 Y146.875
G1 X72.550 Y146.820
G1 X72.683 Y146.895
G1 X72.833 Y147.120
G1 X73.135 Y148.075
G0 Z5.000 F500.000
G0 X74.780 Y148.870 F3000.000
G1 Z1.000 F500.000
G4 P100
G1 X74.563 Y149.208 F1000.000
G1 X74.490 Y149.650
G1 X74.635 Y150.293
G1 X75.038 Y150.765
G1 X75.312 Y150.896
G1 X75.881 Y150.897
G1 X76.085 Y150.767
G1 X76.216 Y150.564
G1 X76.260 Y150.300
G1 X76.198 Y149.979
G1 X76.013 Y149.707
G1 X75.679 Y149.486
G1 X75.175 Y149.315
G1 X75.356 Y149.142
G1 X75.650 Y149.085
G1 X76.163 Y149.243
G1 X76.795 Y149.725
G1 X76.898 Y149.665
G1 X76.935 Y149.500
G1 X76.840 Y149.190
G1 X76.318 Y148.775
G1 X75.968 Y148.632
G1 X75.595 Y148.585
G1 X75.129 Y148.656
G1 X74.780 Y148.870
G0 Z5.000 F500.000
G0 X75.095 Y149.715 F3000.000
G1 Z1.000 F500.000
G4 P100
G1 X75.560 Y149.915 F1000.000
G1 X75.688 Y150.066
G1 X75.678 Y150.392
G1 X75.535 Y150.450
G1 X75.364 Y150.396
G1 X75.223 Y150.235
G1 X75.095 Y149.715
G0 Z5.000 F500.000
G0 X77.815 Y149.975 F3000.000
G1 Z1.000 F500.000
G4 P100
G1 X77.935 Y150.305 F1000.000
G1 X78.350 Y150.775
G1 X78.611 Y150.899
G1 X79.129 Y150.899
G1 X79.427 Y150.592
G1 X79.465 Y150.360
G1 X79.373 Y150.005
G1 X79.130 Y149.860
G1 X78.978 Y149.905
G1 X78.938 Y150.415
G1 X78.845 Y150.450
G1 X78.630 Y150.347
G1 X78.470 Y150.070
G1 X78.410 Y149.685
G1 X78.536 Y149.250
G1 X78.915 Y149.105
G1 X79.358 Y149.243
G1 X79.960 Y149.725
G1 X80.063 Y149.665
G1 X80.100 Y149.500
G1 X80.005 Y149.190
G1 X79.443 Y148.743
G1 X78.810 Y148.585
G1 X78.374 Y148.654
G1 X78.048 Y148.863
G1 X77.843 Y149.184
G1 X77.775 Y149.595
G1 X77.815 Y149.975
G0 Z5.000 F500.000
G0 X79.730 Y150.020 F3000.000
G1 Z1.000 F500.000
G4 P100
G1 X79.888 Y151.410 F1000.000
G1 X80.083 Y152.135
G1 X80.353 Y152.750
G1 X80.689 Y153.170
G1 X81.085 Y153.310
G1 X81.299 Y153.254
G1 X81.463 Y153.088
G1 X81.566 Y152.817
G1 X81.600 Y152.450
G1 X81.518 Y151.808
G1 X81.270 Y151.070
G1 X80.881 Y150.289
G1 X80.375 Y149.515
G1 X80.490 Y149.222
G1 X80.700 Y149.135
G1 X81.060 Y149.252
G1 X81.590 Y149.725
G1 X81.693 Y149.665
G1 X81.730 Y149.500
G1 X81.635 Y149.190
G1 X81.168 Y148.755
G1 X80.898 Y148.627
G1 X80.595 Y148.585
G1 X80.212 Y148.685
G1 X79.943 Y148.985
G1 X79.783 Y149.444
G1 X79.730 Y150.020
G0 Z5.000 F500.000
G0 X80.340 Y150.190 F3000.000
G1 Z1.000 F500.000
G4 P100
G1 X80.905 Y151.363 F1000.000
G1 X81.063 Y151.924
G1 X81.115 Y152.435
G1 X81.080 Y152.720
G1 X80.975 Y152.815
G1 X80.715 Y152.400
G1 X80.460 Y151.370
G1 X80.340 Y150.190
G0 Z5.000 F500.000
G0 X81.568 Y150.577 F3000.000
G1 Z1.000 F500.000
G4 P100
G1 X82.064 Y150.903 F1000.000
G1 X82.360 Y150.945
G1 X82.703 Y150.879
G1 X82.973 Y150.683
G1 X83.157 Y150.389
G1 X83.245 Y150.035
G1 X83.875 Y150.145
G1 X83.975 Y150.080
G1 X83.974 Y149.724
G1 X83.865 Y149.630
G1 X83.205 Y149.510
G1 X83.064 Y149.132
G1 X82.830 Y148.838
G1 X82.531 Y148.648
G1 X81.917 Y148.621
G1 X81.683 Y148.730
G1 X81.360 Y149.115
G1 X81.250 Y149.635
G1 X81.395 Y150.312
G1 X81.568 Y150.577
G0 Z5.000 F500.000
G0 X81.908 Y149.991 F3000.000
G1 Z1.000 F500.000
G4 P100
G1 X81.875 Y149.680 F1000.000
G1 X81.983 Y149.260
G1 X82.235 Y149.115
G1 X82.513 Y149.245
G1 X82.670 Y149.620
G1 X82.433 Y149.895
G1 X82.365 Y150.415
G1 X82.163 Y150.367
G1 X82.008 Y150.222
G1 X81.908 Y149.991
G0 Z5.000 F500.000
G0 X83.355 Y149.245 F3000.000
G1 Z1.000 F500.000
G4 P100
G1 X83.835 Y149.885 F1000.000
G1 X84.260 Y150.775
G1 X84.406 Y150.940
G1 X84.655 Y150.995
G1 X84.850 Y150.970
G1 X84.905 Y150.890
G1 X84.740 Y150.360
G1 X85.198 Y149.613
G1 X85.270 Y149.150
G1 X85.980 Y149.725
G1 X86.083 Y149.665
G1 X86.120 Y149.500
G1 X86.025 Y149.190
G1 X85.548 Y148.767
G1 X84.510 Y148.475
G1 X84.113 Y148.595
G1 X83.975 Y148.865
G1 X84.070 Y149.090
G1 X84.350 Y149.185
G1 X84.635 Y149.155
G1 X84.578 Y149.400
G1 X84.295 Y149.810
G1 X83.655 Y148.950
G1 X83.465 Y148.860
G1 X83.335 Y148.917
G1 X83.285 Y149.060
G1 X83.355 Y149.245
G0 Z5.000 F500.000
G0 X85.640 Y149.650 F3000.000
G1 Z1.000 F500.000
G4 P100
G1 X85.785 Y150.293 F1000.000
G1 X85.958 Y150.559
G1 X86.462 Y150.896
G1 X86.770 Y150.940
G1 X87.031 Y150.897
G1 X87.235 Y150.767
G1 X87.366 Y150.564
G1 X87.410 Y150.300
G1 X87.348 Y149.979
G1 X87.163 Y149.707
G1 X86.829 Y149.486
G1 X86.325 Y149.315
G1 X86.506 Y149.142
G1 X86.800 Y149.085
G1 X87.313 Y149.243
G1 X87.945 Y149.725
G1 X88.048 Y149.665
G1 X88.085 Y149.500
G1 X87.990 Y149.190
G1 X87.468 Y148.775
G1 X86.745 Y148.585
G1 X86.279 Y148.656
G1 X85.930 Y148.870
G1 X85.713 Y149.208
G1 X85.640 Y149.650
G0 Z5.000 F500.000
G0 X86.245 Y149.715 F3000.000
G1 Z1.000 F500.000
G4 P100
G1 X86.710 Y149.915 F1000.000
G1 X86.838 Y150.066
G1 X86.828 Y150.392
G1 X86.685 Y150.450
G1 X86.514 Y150.396
G1 X86.373 Y150.235
G1 X86.245 Y149.715
G0 Z5.000 F500.000
G0 X88.770 Y150.695 F3000.000
G1 Z1.000 F500.000
G4 P100
G1 X88.826 Y150.905 F1000.000
G1 X89.280 Y150.975
G1 X89.540 Y151.980
G1 X89.963 Y152.705
G1 X90.219 Y152.907
G1 X90.495 Y152.975
G1 X90.683 Y152.929
G1 X90.825 Y152.790
G1 X90.945 Y152.325
G1 X90.904 Y151.950
G1 X90.783 Y151.600
G1 X90.295 Y150.975
G1 X90.970 Y150.940
G1 X90.970 Y150.659
G1 X90.864 Y150.551
G1 X90.440 Y150.465
G1 X89.830 Y150.465
G1 X89.851 Y149.632
G1 X89.943 Y149.345
G1 X90.101 Y149.188
G1 X90.330 Y149.135
G1 X90.710 Y149.265
G1 X91.235 Y149.725
G1 X91.338 Y149.665
G1 X91.375 Y149.500
G1 X91.280 Y149.190
G1 X90.810 Y148.755
G1 X90.536 Y148.627
G1 X90.225 Y148.585
G1 X89.779 Y148.675
G1 X89.460 Y148.944
G1 X89.269 Y149.392
G1 X89.220 Y150.465
G1 X88.823 Y150.520
G1 X88.770 Y150.695
G0 Z5.000 F500.000
G0 X89.880 Y151.050 F3000.000
G1 Z1.000 F500.000
G4 P100
G1 X90.323 Y151.623 F1000.000
G1 X90.470 Y152.200
G1 X90.443 Y152.421
G1 X90.360 Y152.495
G1 X90.193 Y152.308
G1 X90.018 Y151.787
G1 X89.880 Y151.050
G0 Z5.000 F500.000
G0 X91.213 Y150.577 F3000.000
G1 Z1.000 F500.000
G4 P100
G1 X91.709 Y150.903 F1000.000
G1 X92.005 Y150.945
G1 X92.348 Y150.879
G1 X92.618 Y150.683
G1 X92.802 Y150.389
G1 X92.890 Y150.035
G1 X93.520 Y150.145
G1 X93.620 Y150.080
G1 X93.619 Y149.724
G1 X93.510 Y149.630
G1 X92.850 Y149.510
G1 X92.709 Y149.132
G1 X92.475 Y148.838
G1 X92.176 Y148.648
G1 X91.562 Y148.621
G1 X91.328 Y148.730
G1 X91.005 Y149.115
G1 X90.895 Y149.635
G1 X91.040 Y150.312
G1 X91.213 Y150.577
G0 Z5.000 F500.000
G0 X91.553 Y149.991 F3000.000
G1 Z1.000 F500.000
G4 P100
G1 X91.520 Y149.680 F1000.000
G1 X91.628 Y149.260
G1 X91.880 Y149.115
G1 X92.158 Y149.245
G1 X92.315 Y149.620
G1 X92.078 Y149.895
G1 X92.010 Y150.415
G1 X91.808 Y150.367
G1 X91.653 Y150.222
G1 X91.553 Y149.991
G0 Z5.000 F500.000
G0 X94.603 Y150.002 F3000.000
G1 Z1.000 F500.000
G4 P100
G1 X94.750 Y150.660 F1000.000
G1 X94.870 Y150.880
G1 X95.110 Y150.940
G1 X95.301 Y150.897
G1 X95.365 Y150.770
G1 X95.150 Y149.445
G1 X95.190 Y149.215
G1 X95.325 Y149.135
G1 X95.550 Y149.260
G1 X96.045 Y149.725
G1 X96.148 Y149.665
G1 X96.185 Y149.500
G1 X96.090 Y149.190
G1 X95.611 Y148.736
G1 X95.165 Y148.585
G1 X94.884 Y148.642
G1 X94.693 Y148.815
G1 X94.582 Y149.083
G1 X94.603 Y150.002
G0 Z5.000 F500.000
G0 X95.205 Y151.270 F3000.000
G1 Z1.000 F500.000
G4 P100
G1 X94.890 Y151.368 F1000.000
G1 X94.785 Y151.640
G1 X94.923 Y151.933
G1 X95.265 Y152.050
G1 X95.565 Y151.960
G1 X95.680 Y151.705
G1 X95.550 Y151.387
G1 X95.205 Y151.270
G0 Z5.000 F500.000
G0 X95.770 Y150.975 F3000.000
G1 Z1.000 F500.000
G4 P100
G1 X96.055 Y150.975 F1000.000
G1 X96.315 Y151.980
G1 X96.738 Y152.705
G1 X96.994 Y152.907
G1 X97.270 Y152.975
G1 X97.458 Y152.929
G1 X97.600 Y152.790
G1 X97.720 Y152.325
G1 X97.679 Y151.950
G1 X97.558 Y151.600
G1 X97.070 Y150.975
G1 X97.745 Y150.940
G1 X97.745 Y150.659
G1 X97.639 Y150.551
G1 X97.215 Y150.465
G1 X96.605 Y150.465
G1 X96.626 Y149.632
G1 X96.718 Y149.345
G1 X96.876 Y149.188
G1 X97.105 Y149.135
G1 X97.485 Y149.265
G1 X98.010 Y149.725
G1 X98.113 Y149.665
G1 X98.150 Y149.500
G1 X98.055 Y149.190
G1 X97.585 Y148.755
G1 X97.311 Y148.627
G1 X97.000 Y148.585
G1 X96.554 Y148.675
G1 X96.235 Y148.944
G1 X96.044 Y149.392
G1 X95.995 Y150.465
G1 X95.598 Y150.520
G1 X95.545 Y150.695
G1 X95.601 Y150.905
G1 X95.770 Y150.975
G0 Z5.000 F500.000
G0 X96.655 Y151.050 F3000.000
G1 Z1.000 F500.000
G4 P100
G1 X97.098 Y151.623 F1000.000
G1 X97.245 Y152.200
G1 X97.218 Y152.421
G1 X97.135 Y152.495
G1 X96.968 Y152.308
G1 X96.793 Y151.787
G1 X96.655 Y151.050
G0 Z5.000 F500.000
G0 X98.425 Y150.775 F3000.000
G1 Z1.000 F500.000
G4 P100
G1 X98.571 Y150.940 F1000.000
G1 X98.820 Y150.995
G1 X99.015 Y150.970
G1 X99.070 Y150.890
G1 X98.905 Y150.360
G1 X99.363 Y149.613
G1 X99.435 Y149.150
G1 X100.010 Y149.655
G1 X100.145 Y149.725
G1 X100.248 Y149.665
G1 X100.285 Y149.500
G1 X100.190 Y149.190
G1 X99.713 Y148.767
G1 X98.675 Y148.475
G1 X98.278 Y148.595
G1 X98.140 Y148.865
G1 X98.235 Y149.090
G1 X98.515 Y149.185
G1 X98.800 Y149.155
G1 X98.743 Y149.400
G1 X98.460 Y149.810
G1 X97.820 Y148.950
G1 X97.630 Y148.860
G1 X97.500 Y148.917
G1 X97.450 Y149.060
G1 X97.520 Y149.245
G1 X98.000 Y149.885
G1 X98.425 Y150.775
G0 Z5.000 F500.000
G0 X101.130 Y149.635 F3000.000
G1 Z1.000 F500.000
G4 P100
G1 X101.275 Y150.312 F1000.000
G1 X101.448 Y150.577
G1 X101.944 Y150.903
G1 X102.240 Y150.945
G1 X102.583 Y150.879
G1 X102.853 Y150.683
G1 X103.037 Y150.389
G1 X103.125 Y150.035
G1 X103.755 Y150.145
G1 X103.855 Y150.080
G1 X103.890 Y149.915
G1 X103.854 Y149.724
G1 X103.745 Y149.630
G1 X103.085 Y149.510
G1 X102.944 Y149.132
G1 X102.710 Y148.838
G1 X102.411 Y148.648
G1 X102.075 Y148.585
G1 X101.563 Y148.730
G1 X101.240 Y149.115
G1 X101.130 Y149.635
G0 Z5.000 F500.000
G0 X101.863 Y149.260 F3000.000
G1 Z1.000 F500.000
G4 P100
G1 X102.115 Y149.115 F1000.000
G1 X102.393 Y149.245
G1 X102.550 Y149.620
G1 X102.313 Y149.895
G1 X102.245 Y150.415
G1 X102.043 Y150.367
G1 X101.888 Y150.222
G1 X101.788 Y149.991
G1 X101.755 Y149.680
G1 X101.863 Y149.260
G0 Z5.000 F500.000
G0 X103.470 Y149.425 F3000.000
G1 Z1.000 F500.000
G4 P100
G1 X103.655 Y150.660 F1000.000
G1 X103.803 Y150.873
G1 X104.090 Y150.940
G1 X104.230 Y150.915
G1 X104.270 Y150.820
G1 X104.065 Y149.740
G1 X104.435 Y150.440
G1 X104.838 Y150.825
G1 X105.200 Y150.940
G1 X105.444 Y150.859
G1 X105.525 Y150.615
G1 X105.471 Y149.919
G1 X105.565 Y149.875
G1 X106.060 Y150.160
G1 X106.163 Y150.102
G1 X106.200 Y149.950
G1 X106.100 Y149.660
G1 X105.773 Y149.412
G1 X105.375 Y149.310
G1 X105.142 Y149.344
G1 X104.869 Y149.604
G1 X104.805 Y150.175
G1 X104.608 Y150.007
G1 X104.365 Y149.565
G1 X104.043 Y148.667
G1 X103.815 Y148.585
G1 X103.653 Y148.635
G1 X103.548 Y148.785
G1 X103.470 Y149.425
G0 Z5.000 F500.000
G0 X105.767 Y149.083 F3000.000
G1 Z1.000 F500.000
G4 P100
G1 X105.788 Y150.002 F1000.000
G1 X105.935 Y150.660
G1 X106.055 Y150.880
G1 X106.295 Y150.940
G1 X106.486 Y150.897
G1 X106.550 Y150.770
G1 X106.335 Y149.445
G1 X106.375 Y149.215
G1 X106.510 Y149.135
G1 X106.735 Y149.260
G1 X107.230 Y149.725
G1 X107.333 Y149.665
G1 X107.370 Y149.500
G1 X107.275 Y149.190
G1 X106.796 Y148.736
G1 X106.350 Y148.585
G1 X106.069 Y148.642
G1 X105.878 Y148.815
G1 X105.767 Y149.083
G0 Z5.000 F500.000
G0 X106.390 Y151.270 F3000.000
G1 Z1.000 F500.000
G4 P100
G1 X106.075 Y151.368 F1000.000
G1 X105.970 Y151.640
G1 X106.108 Y151.933
G1 X106.450 Y152.050
G1 X106.750 Y151.960
G1 X106.865 Y151.705
G1 X106.735 Y151.387
G1 X106.390 Y151.270
G0 Z5.000 F500.000
G0 X107.578 Y150.733 F3000.000
G1 Z1.000 F500.000
G4 P100
G1 X107.894 Y150.896 F1000.000
G1 X108.230 Y150.950
G1 X108.378 Y150.907
G1 X108.440 Y150.755
G1 X108.838 Y150.738
G1 X108.885 Y150.495
G1 X108.670 Y149.145
G1 X109.410 Y149.675
G1 X109.525 Y149.715
G1 X109.628 Y149.653
G1 X109.665 Y149.495
G1 X109.520 Y149.200
G1 X108.570 Y148.555
G1 X108.351 Y147.631
G1 X108.073 Y146.928
G1 X107.723 Y146.483
G1 X107.290 Y146.335
G1 X107.059 Y146.374
G1 X106.755 Y146.674
G1 X106.715 Y146.905
G1 X106.785 Y147.273
G1 X106.995 Y147.668
G1 X107.398 Y148.122
G1 X108.045 Y148.670
G1 X108.075 Y148.865
G1 X107.853 Y148.657
G1 X107.580 Y148.585
G1 X107.301 Y148.641
G1 X107.085 Y148.810
G1 X106.946 Y149.070
G1 X106.946 Y149.789
G1 X107.085 Y150.157
G1 X107.578 Y150.733
G0 Z5.000 F500.000
G0 X107.910 Y150.327 F3000.000
G1 Z1.000 F500.000
G4 P100
G1 X107.630 Y149.925 F1000.000
G1 X107.525 Y149.395
G1 X107.588 Y149.165
G1 X107.760 Y149.090
G1 X107.980 Y149.230
G1 X108.290 Y150.485
G1 X107.910 Y150.327
G0 Z5.000 F500.000
G0 X107.930 Y148.075 F3000.000
G1 Z1.000 F500.000
G4 P100
G1 X107.375 Y147.480 F1000.000
G1 X107.205 Y147.015
G1 X107.238 Y146.875
G1 X107.345 Y146.820
G1 X107.478 Y146.895
G1 X107.628 Y147.120
G1 X107.930 Y148.075
G0 Z5.000 F500.000
G0 X109.503 Y148.815 F3000.000
G1 Z1.000 F500.000
G4 P100
G1 X109.355 Y149.425 F1000.000
G1 X109.560 Y150.660
G1 X109.680 Y150.880
G1 X109.920 Y150.940
G1 X110.111 Y150.897
G1 X110.175 Y150.770
G1 X109.960 Y149.445
G1 X110.000 Y149.215
G1 X110.135 Y149.135
G1 X110.360 Y149.260
G1 X110.855 Y149.725
G1 X110.958 Y149.665
G1 X110.995 Y149.500
G1 X110.900 Y149.190
G1 X110.421 Y148.736
G1 X109.975 Y148.585
G1 X109.694 Y148.642
G1 X109.503 Y148.815
G0 Z5.000 F500.000
G0 X110.015 Y151.270 F3000.000
G1 Z1.000 F500.000
G4 P100
G1 X109.700 Y151.368 F1000.000
G1 X109.595 Y151.640
G1 X109.733 Y151.933
G1 X110.075 Y152.050
G1 X110.375 Y151.960
G1 X110.490 Y151.705
G1 X110.360 Y151.387
G1 X110.015 Y151.270
G0 Z5.000 F500.000
G0 X110.933 Y150.873 F3000.000
G1 Z1.000 F500.000
G4 P100
G1 X111.220 Y150.940 F1000.000
G1 X111.360 Y150.915
G1 X111.400 Y150.820
G1 X111.195 Y149.740
G1 X111.565 Y150.440
G1 X111.968 Y150.825
G1 X112.330 Y150.940
G1 X112.574 Y150.859
G1 X112.655 Y150.615
G1 X112.450 Y149.335
G1 X112.486 Y149.185
G1 X112.595 Y149.135
G1 X112.833 Y149.257
G1 X113.335 Y149.725
G1 X113.438 Y149.665
G1 X113.475 Y149.500
G1 X113.380 Y149.190
G1 X112.918 Y148.755
G1 X112.653 Y148.627
G1 X112.131 Y148.622
G1 X111.873 Y148.913
G1 X111.840 Y149.160
G1 X111.975 Y150.095
G1 X111.920 Y150.175
G1 X111.738 Y150.007
G1 X111.498 Y149.565
G1 X111.173 Y148.667
G1 X110.945 Y148.585
G1 X110.783 Y148.635
G1 X110.678 Y148.785
G1 X110.600 Y149.425
G1 X110.646 Y150.059
G1 X110.785 Y150.660
G1 X110.933 Y150.873
G0 Z5.000 F500.000
G0 X113.051 Y149.789 F3000.000
G1 Z1.000 F500.000
G4 P100
G1 X113.406 Y150.480 F1000.000
G1 X113.683 Y150.733
G1 X113.999 Y150.896
G1 X114.335 Y150.950
G1 X114.483 Y150.907
G1 X114.545 Y150.755
G1 X114.949 Y150.731
G1 X115.010 Y150.600
G1 X114.820 Y149.300
G1 X114.858 Y149.180
G1 X114.955 Y149.135
G1 X115.185 Y149.257
G1 X115.685 Y149.725
G1 X115.788 Y149.665
G1 X115.825 Y149.500
G1 X115.730 Y149.190
G1 X115.295 Y148.760
G1 X114.850 Y148.585
G1 X114.548 Y148.697
G1 X114.340 Y149.005
G1 X114.046 Y148.690
G1 X113.685 Y148.585
G1 X113.406 Y148.641
G1 X113.190 Y148.810
G1 X113.051 Y149.070
G1 X113.051 Y149.789
G0 Z5.000 F500.000
G0 X113.630 Y149.395 F3000.000
G1 Z1.000 F500.000
G4 P100
G1 X113.693 Y149.165 F1000.000
G1 X113.865 Y149.090
G1 X114.075 Y149.220
G1 X114.220 Y149.565
G1 X114.405 Y150.485
G1 X114.018 Y150.327
G1 X113.735 Y149.925
G1 X113.630 Y149.395
G0 Z5.000 F500.000
G0 X115.455 Y150.020 F3000.000
G1 Z1.000 F500.000
G4 P100
G1 X115.613 Y151.410 F1000.000
G1 X115.808 Y152.135
G1 X116.078 Y152.750
G1 X116.414 Y153.170
G1 X116.810 Y153.310
G1 X117.024 Y153.254
G1 X117.188 Y153.088
G1 X117.291 Y152.817
G1 X117.325 Y152.450
G1 X117.243 Y151.808
G1 X116.995 Y151.070
G1 X116.606 Y150.289
G1 X116.100 Y149.515
G1 X116.215 Y149.222
G1 X116.425 Y149.135
G1 X116.785 Y149.252
G1 X117.315 Y149.725
G1 X117.418 Y149.665
G1 X117.455 Y149.500
G1 X117.360 Y149.190
G1 X116.893 Y148.755
G1 X116.623 Y148.627
G1 X116.320 Y148.585
G1 X115.937 Y148.685
G1 X115.668 Y148.985
G1 X115.508 Y149.444
G1 X115.455 Y150.020
G0 Z5.000 F500.000
G0 X116.065 Y150.190 F3000.000
G1 Z1.000 F500.000
G4 P100
G1 X116.630 Y151.363 F1000.000
G1 X116.788 Y151.924
G1 X116.840 Y152.435
G1 X116.805 Y152.720
G1 X116.700 Y152.815
G1 X116.440 Y152.400
G1 X116.185 Y151.370
G1 X116.065 Y150.190
G0 Z5.000 F500.000
G0 X118.495 Y150.157 F3000.000
G1 Z1.000 F500.000
G4 P100
G1 X118.711 Y150.480 F1000.000
G1 X119.304 Y150.896
G1 X119.640 Y150.950
G1 X119.788 Y150.907
G1 X119.850 Y150.755
G1 X120.254 Y150.731
G1 X120.315 Y150.600
G1 X120.125 Y149.300
G1 X120.163 Y149.180
G1 X120.260 Y149.135
G1 X120.490 Y149.257
G1 X120.990 Y149.725
G1 X121.093 Y149.665
G1 X121.130 Y149.500
G1 X121.035 Y149.190
G1 X120.600 Y148.760
G1 X120.155 Y148.585
G1 X119.853 Y148.697
G1 X119.645 Y149.005
G1 X119.351 Y148.690
G1 X118.990 Y148.585
G1 X118.711 Y148.641
G1 X118.495 Y148.810
G1 X118.356 Y149.070
G1 X118.356 Y149.789
G1 X118.495 Y150.157
G0 Z5.000 F500.000
G0 X119.040 Y149.925 F3000.000
G1 Z1.000 F500.000
G4 P100
G1 X118.935 Y149.395 F1000.000
G1 X118.998 Y149.165
G1 X119.170 Y149.090
G1 X119.380 Y149.220
G1 X119.525 Y149.565
G1 X119.710 Y150.485
G1 X119.323 Y150.327
G1 X119.040 Y149.925
G0 Z5.000 F500.000
G0 X120.781 Y150.059 F3000.000
G1 Z1.000 F500.000
G4 P100
G1 X120.920 Y150.660 F1000.000
G1 X121.068 Y150.873
G1 X121.355 Y150.940
G1 X121.495 Y150.915
G1 X121.535 Y150.820
G1 X121.330 Y149.740
G1 X121.700 Y150.440
G1 X122.103 Y150.825
G1 X122.465 Y150.940
G1 X122.709 Y150.859
G1 X122.790 Y150.615
G1 X122.585 Y149.335
G1 X122.621 Y149.185
G1 X122.730 Y149.135
G1 X122.968 Y149.257
G1 X123.470 Y149.725
G1 X123.573 Y149.665
G1 X123.610 Y149.500
G1 X123.515 Y149.190
G1 X123.053 Y148.755
G1 X122.788 Y148.627
G1 X122.266 Y148.622
G1 X122.008 Y148.913
G1 X121.975 Y149.160
G1 X122.110 Y150.095
G1 X122.055 Y150.175
G1 X121.873 Y150.007
G1 X121.633 Y149.565
G1 X121.308 Y148.667
G1 X121.080 Y148.585
G1 X120.918 Y148.635
G1 X120.813 Y148.785
G1 X120.735 Y149.425
G1 X120.781 Y150.059
G0 Z5.000 F500.000
G0 X123.125 Y149.595 F3000.000
G1 Z1.000 F500.000
G4 P100
G1 X123.165 Y149.975 F1000.000
G1 X123.469 Y150.575
G1 X123.700 Y150.775
G1 X124.235 Y150.940
G1 X124.663 Y150.778
G1 X124.815 Y150.360
G1 X124.723 Y150.005
G1 X124.480 Y149.860
G1 X124.328 Y149.905
G1 X124.270 Y150.030
G1 X124.288 Y150.415
G1 X124.195 Y150.450
G1 X123.980 Y150.347
G1 X123.820 Y150.070
G1 X123.760 Y149.685
G1 X123.886 Y149.250
G1 X124.265 Y149.105
G1 X124.708 Y149.243
G1 X125.310 Y149.725
G1 X125.413 Y149.665
G1 X125.450 Y149.500
G1 X125.355 Y149.190
G1 X125.097 Y148.933
G1 X124.793 Y148.743
G1 X124.160 Y148.585
G1 X123.724 Y148.654
G1 X123.398 Y148.863
G1 X123.193 Y149.184
G1 X123.125 Y149.595
G0 Z5.000 F500.000
G0 X125.070 Y149.080 F3000.000
G1 Z1.000 F500.000
G4 P100
G1 X125.238 Y151.340 F1000.000
G1 X125.433 Y152.108
G1 X125.703 Y152.743
G1 X126.041 Y153.168
G1 X126.440 Y153.310
G1 X126.648 Y153.261
G1 X126.919 Y152.886
G1 X126.881 Y152.086
G1 X126.660 Y151.553
G1 X125.700 Y150.285
G1 X125.685 Y149.750
G1 X126.053 Y150.442
G1 X126.453 Y150.825
G1 X126.815 Y150.940
G1 X127.059 Y150.859
G1 X127.140 Y150.615
G1 X126.935 Y149.335
G1 X126.971 Y149.185
G1 X127.080 Y149.135
G1 X127.318 Y149.257
G1 X127.820 Y149.725
G1 X127.923 Y149.665
G1 X127.960 Y149.500
G1 X127.865 Y149.190
G1 X127.393 Y148.755
G1 X127.133 Y148.627
G1 X126.616 Y148.622
G1 X126.358 Y148.913
G1 X126.325 Y149.160
G1 X126.460 Y150.095
G1 X126.405 Y150.175
G1 X126.220 Y150.007
G1 X125.980 Y149.565
G1 X125.620 Y148.685
G1 X125.315 Y148.585
G1 X125.118 Y148.692
G1 X125.070 Y149.080
G0 Z5.000 F500.000
G0 X125.755 Y150.910 F3000.000
G1 Z1.000 F500.000
G4 P100
G1 X126.268 Y151.705 F1000.000
G1 X126.419 Y152.115
G1 X126.470 Y152.485
G1 X126.435 Y152.730
G1 X126.335 Y152.815
G1 X126.135 Y152.558
G1 X125.923 Y151.863
G1 X125.755 Y150.910
G0 Z5.000 F500.000
G0 X127.798 Y150.577 F3000.000
G1 Z1.000 F500.000
G4 P100
G1 X128.294 Y150.903 F1000.000
G1 X128.590 Y150.945
G1 X128.933 Y150.879
G1 X129.203 Y150.683
G1 X129.387 Y150.389
G1 X129.475 Y150.035
G1 X130.105 Y150.145
G1 X130.205 Y150.080
G1 X130.204 Y149.724
G1 X130.095 Y149.630
G1 X129.435 Y149.510
G1 X129.294 Y149.132
G1 X129.060 Y148.838
G1 X128.761 Y148.648
G1 X128.147 Y148.621
G1 X127.913 Y148.730
G1 X127.590 Y149.115
G1 X127.480 Y149.635
G1 X127.625 Y150.312
G1 X127.798 Y150.577
G0 Z5.000 F500.000
G0 X128.138 Y149.991 F3000.000
G1 Z1.000 F500.000
G4 P100
G1 X128.105 Y149.680 F1000.000
G1 X128.213 Y149.260
G1 X128.465 Y149.115
G1 X128.743 Y149.245
G1 X128.900 Y149.620
G1 X128.663 Y149.895
G1 X128.595 Y150.415
G1 X128.393 Y150.367
G1 X128.238 Y150.222
G1 X128.138 Y149.991
G0 Z5.000 F500.000
G0 X129.866 Y150.059 F3000.000
G1 Z1.000 F500.000
G4 P100
G1 X130.005 Y150.660 F1000.000
G1 X130.153 Y150.873
G1 X130.440 Y150.940
G1 X130.580 Y150.915
G1 X130.620 Y150.820
G1 X130.415 Y149.740
G1 X130.785 Y150.440
G1 X131.188 Y150.825
G1 X131.550 Y150.940
G1 X131.794 Y150.859
G1 X131.875 Y150.615
G1 X131.821 Y149.919
G1 X131.915 Y149.875
G1 X132.410 Y150.160
G1 X132.513 Y150.102
G1 X132.550 Y149.950
G1 X132.450 Y149.660
G1 X132.123 Y149.412
G1 X131.725 Y149.310
G1 X131.492 Y149.344
G1 X131.219 Y149.604
G1 X131.155 Y150.175
G1 X130.958 Y150.007
G1 X130.715 Y149.565
G1 X130.393 Y148.667
G1 X130.165 Y148.585
G1 X130.003 Y148.635
G1 X129.898 Y148.785
G1 X129.820 Y149.425
G1 X129.866 Y150.059
G0 Z5.000 F500.000
G0 X132.050 Y148.995 F3000.000
G1 Z1.000 F500.000
G4 P100
G1 X132.168 Y149.380 F1000.000
G1 X132.470 Y149.515
G1 X132.743 Y149.417
G1 X132.835 Y149.155
G1 X132.730 Y148.690
G1 X132.318 Y147.880
G1 X132.165 Y147.820
G1 X131.990 Y147.870
G1 X131.925 Y148.030
G1 X132.050 Y148.995
G0 Z5.000 F500.000
G0 X132.605 Y150.010 F3000.000
G1 Z1.000 F500.000
G4 P100
G1 X132.273 Y150.130 F1000.000
G1 X132.160 Y150.445
G1 X132.288 Y150.805
G1 X132.645 Y150.940
G1 X132.978 Y150.832
G1 X133.090 Y150.515
G1 X132.960 Y150.147
G1 X132.605 Y150.010
G0 Z5.000 F500.000
G0 X134.751 Y150.059 F3000.000
G1 Z1.000 F500.000
G4 P100
G1 X134.890 Y150.660 F1000.000
G1 X135.038 Y150.873
G1 X135.325 Y150.940
G1 X135.465 Y150.915
G1 X135.505 Y150.820
G1 X135.300 Y149.740
G1 X135.670 Y150.440
G1 X136.073 Y150.825
G1 X136.435 Y150.940
G1 X136.679 Y150.859
G1 X136.760 Y150.615
G1 X136.706 Y149.919
G1 X136.800 Y149.875
G1 X137.295 Y150.160
G1 X137.398 Y150.102
G1 X137.435 Y149.950
G1 X137.335 Y149.660
G1 X137.008 Y149.412
G1 X136.610 Y149.310
G1 X136.377 Y149.344
G1 X136.104 Y149.604
G1 X136.040 Y150.175
G1 X135.843 Y150.007
G1 X135.600 Y149.565
G1 X135.278 Y148.667
G1 X135.050 Y148.585
G1 X134.888 Y148.635
G1 X134.783 Y148.785
G1 X134.705 Y149.425
G1 X134.751 Y150.059
G0 Z5.000 F500.000
G0 X136.895 Y149.650 F3000.000
G1 Z1.000 F500.000
G4 P100
G1 X137.040 Y150.293 F1000.000
G1 X137.213 Y150.559
G1 X137.717 Y150.896
G1 X138.025 Y150.940
G1 X138.286 Y150.897
G1 X138.490 Y150.767
G1 X138.621 Y150.564
G1 X138.665 Y150.300
G1 X138.603 Y149.979
G1 X138.418 Y149.707
G1 X138.084 Y149.486
G1 X137.580 Y149.315
G1 X137.761 Y149.142
G1 X138.055 Y149.085
G1 X138.568 Y149.243
G1 X139.200 Y149.725
G1 X139.303 Y149.665
G1 X139.340 Y149.500
G1 X139.245 Y149.190
G1 X138.723 Y148.775
G1 X138.000 Y148.585
G1 X137.534 Y148.656
G1 X137.185 Y148.870
G1 X136.968 Y149.208
G1 X136.895 Y149.650
G0 Z5.000 F500.000
G0 X137.500 Y149.715 F3000.000
G1 Z1.000 F500.000
G4 P100
G1 X137.965 Y149.915 F1000.000
G1 X138.093 Y150.066
G1 X138.083 Y150.392
G1 X137.940 Y150.450
G1 X137.769 Y150.396
G1 X137.628 Y150.235
G1 X137.500 Y149.715
G0 Z5.000 F500.000
G0 X139.007 Y150.047 F3000.000
G1 Z1.000 F500.000
G4 P100
G1 X139.163 Y151.028 F1000.000
G1 X139.409 Y151.930
G1 X139.733 Y152.662
G1 X140.113 Y153.148
G1 X140.530 Y153.310
G1 X140.739 Y153.257
G1 X140.997 Y152.854
G1 X141.030 Y152.535
G1 X140.942 Y151.934
G1 X140.679 Y151.308
G1 X140.240 Y150.654
G1 X139.625 Y149.975
G1 X139.610 Y148.058
G1 X139.725 Y147.515
G1 X139.838 Y147.645
G1 X139.875 Y148.035
G1 X139.680 Y149.560
G1 X139.723 Y149.725
G1 X139.965 Y149.975
G1 X140.930 Y150.010
G1 X141.035 Y149.958
G1 X141.070 Y149.800
G1 X140.915 Y149.504
G1 X140.450 Y149.405
G1 X140.105 Y149.450
G1 X140.255 Y148.140
G1 X140.211 Y147.664
G1 X140.080 Y147.315
G1 X139.878 Y147.101
G1 X139.620 Y147.030
G1 X139.312 Y147.157
G1 X139.108 Y147.540
G1 X138.993 Y148.180
G1 X138.955 Y149.080
G1 X139.007 Y150.047
G0 Z5.000 F500.000
G0 X139.715 Y150.640 F3000.000
G1 Z1.000 F500.000
G4 P100
G1 X140.069 Y151.104 F1000.000
G1 X140.493 Y152.064
G1 X140.550 Y152.510
G1 X140.519 Y152.739
G1 X140.425 Y152.815
G1 X140.203 Y152.510
G1 X139.940 Y151.702
G1 X139.715 Y150.640
G0 Z5.000 F500.000
G0 X140.983 Y151.410 F3000.000
G1 Z1.000 F500.000
G4 P100
G1 X141.178 Y152.135 F1000.000
G1 X141.448 Y152.750
G1 X141.784 Y153.170
G1 X142.180 Y153.310
G1 X142.394 Y153.254
G1 X142.558 Y153.088
G1 X142.661 Y152.817
G1 X142.695 Y152.450
G1 X142.613 Y151.808
G1 X142.365 Y151.070
G1 X141.976 Y150.289
G1 X141.470 Y149.515
G1 X141.585 Y149.222
G1 X141.795 Y149.135
G1 X142.155 Y149.252
G1 X142.685 Y149.725
G1 X142.788 Y149.665
G1 X142.825 Y149.500
G1 X142.730 Y149.190
G1 X142.263 Y148.755
G1 X141.993 Y148.627
G1 X141.690 Y148.585
G1 X141.307 Y148.685
G1 X141.038 Y148.985
G1 X140.878 Y149.444
G1 X140.825 Y150.020
G1 X140.983 Y151.410
G0 Z5.000 F500.000
G0 X141.435 Y150.190 F3000.000
G1 Z1.000 F500.000
G4 P100
G1 X142.000 Y151.363 F1000.000
G1 X142.158 Y151.924
G1 X142.210 Y152.435
G1 X142.175 Y152.720
G1 X142.070 Y152.815
G1 X141.810 Y152.400
G1 X141.555 Y151.370
G1 X141.435 Y150.190
G0 Z5.000 F500.000
G0 X142.663 Y150.577 F3000.000
G1 Z1.000 F500.000
G4 P100
G1 X143.159 Y150.903 F1000.000
G1 X143.455 Y150.945
G1 X143.798 Y150.879
G1 X144.068 Y150.683
G1 X144.252 Y150.389
G1 X144.340 Y150.035
G1 X144.970 Y150.145
G1 X145.070 Y150.080
G1 X145.069 Y149.724
G1 X144.960 Y149.630
G1 X144.300 Y149.510
G1 X144.159 Y149.132
G1 X143.925 Y148.838
G1 X143.626 Y148.648
G1 X143.012 Y148.621
G1 X142.778 Y148.730
G1 X142.455 Y149.115
G1 X142.345 Y149.635
G1 X142.490 Y150.312
G1 X142.663 Y150.577
G0 Z5.000 F500.000
G0 X143.003 Y149.991 F3000.000
G1 Z1.000 F500.000
G4 P100
G1 X142.970 Y149.680 F1000.000
G1 X143.078 Y149.260
G1 X143.330 Y149.115
G1 X143.608 Y149.245
G1 X143.765 Y149.620
G1 X143.528 Y149.895
G1 X143.460 Y150.415
G1 X143.258 Y150.367
G1 X143.103 Y150.222
G1 X143.003 Y149.991
G0 Z5.000 F500.000
G0 X144.685 Y150.475 F3000.000
G1 Z1.000 F500.000
G4 P100
G1 X144.775 Y150.880 F1000.000
G1 X145.030 Y150.945
G1 X145.223 Y150.887
G1 X145.355 Y149.200
G1 X145.980 Y150.690
G1 X146.113 Y150.892
G1 X146.300 Y150.945
G1 X146.488 Y150.890
G1 X146.540 Y150.695
G1 X146.610 Y149.200
G1 X147.060 Y149.910
G1 X146.985 Y150.255
G1 X147.060 Y150.585
G1 X147.265 Y150.845
G1 X147.560 Y150.945
G1 X147.795 Y150.843
G1 X147.885 Y150.545
G1 X147.765 Y150.030
G1 X148.455 Y150.135
G1 X148.570 Y150.085
G1 X148.610 Y149.950
G1 X148.550 Y149.708
G1 X148.370 Y149.580
G1 X147.880 Y149.505
G1 X147.465 Y149.565
G1 X146.803 Y148.690
G1 X146.480 Y148.585
G1 X146.178 Y148.740
G1 X146.025 Y149.615
G1 X145.748 Y148.975
G1 X145.503 Y148.670
G1 X145.215 Y148.585
G1 X144.893 Y148.745
G1 X144.745 Y149.250
G1 X144.685 Y150.475
G0 Z5.000 F500.000
G0 X24.365 Y138.525 F3000.000
G1 Z1.000 F500.000
G4 P100
G1 X24.270 Y138.215 F1000.000
G1 X23.808 Y137.780
G1 X23.245 Y137.610
G1 X23.021 Y137.647
G1 X22.762 Y137.938
G1 X22.730 Y138.185
G1 X22.865 Y139.120
G1 X22.810 Y139.200
G1 X22.625 Y139.032
G1 X22.385 Y138.590
G1 X22.062 Y137.690
G1 X21.830 Y137.610
G1 X21.582 Y137.768
G1 X21.500 Y138.150
G1 X21.590 Y139.120
G1 X21.535 Y139.200
G1 X21.345 Y139.020
G1 X21.123 Y138.560
G1 X20.822 Y137.692
G1 X20.595 Y137.610
G1 X20.433 Y137.660
G1 X20.328 Y137.810
G1 X20.250 Y138.450
G1 X20.435 Y139.685
G1 X20.582 Y139.898
G1 X20.870 Y139.965
G1 X21.010 Y139.940
G1 X21.050 Y139.845
G1 X20.845 Y138.770
G1 X21.168 Y139.430
G1 X21.553 Y139.833
G1 X21.925 Y139.965
G1 X22.172 Y139.885
G1 X22.245 Y139.640
G1 X22.095 Y138.790
G1 X22.359 Y139.321
G1 X22.650 Y139.685
G1 X22.945 Y139.895
G1 X23.220 Y139.965
G1 X23.464 Y139.884
G1 X23.545 Y139.640
G1 X23.340 Y138.360
G1 X23.376 Y138.210
G1 X23.485 Y138.160
G1 X23.723 Y138.282
G1 X24.225 Y138.750
G1 X24.328 Y138.690
G1 X24.365 Y138.525
G0 Z5.000 F500.000
G0 X24.520 Y138.420 F3000.000
G1 Z1.000 F500.000
G4 P100
G1 X24.583 Y138.190 F1000.000
G1 X24.755 Y138.115
G1 X24.965 Y138.245
G1 X25.110 Y138.590
G1 X25.295 Y139.510
G1 X24.907 Y139.353
G1 X24.625 Y138.950
G1 X24.520 Y138.420
G0 Z5.000 F500.000
G0 X24.080 Y139.183 F3000.000
G1 Z1.000 F500.000
G4 P100
G1 X24.296 Y139.505 F1000.000
G1 X24.889 Y139.921
G1 X25.225 Y139.975
G1 X25.373 Y139.933
G1 X25.435 Y139.780
G1 X25.839 Y139.756
G1 X25.900 Y139.625
G1 X25.710 Y138.325
G1 X25.748 Y138.205
G1 X25.845 Y138.160
G1 X26.075 Y138.282
G1 X26.575 Y138.750
G1 X26.678 Y138.690
G1 X26.715 Y138.525
G1 X26.620 Y138.215
G1 X26.185 Y137.785
G1 X25.740 Y137.610
G1 X25.438 Y137.722
G1 X25.230 Y138.030
G1 X24.936 Y137.715
G1 X24.575 Y137.610
G1 X24.296 Y137.666
G1 X24.080 Y137.835
G1 X23.941 Y138.095
G1 X23.941 Y138.814
G1 X24.080 Y139.183
G0 Z5.000 F500.000
G0 X26.310 Y138.335 F3000.000
G1 Z1.000 F500.000
G4 P100
G1 X26.360 Y139.023 F1000.000
G1 X26.525 Y139.685
G1 X26.665 Y139.900
G1 X26.950 Y139.965
G1 X27.102 Y139.930
G1 X27.145 Y139.825
G1 X26.940 Y138.827
G1 X26.936 Y138.377
G1 X27.015 Y138.330
G1 X27.203 Y138.480
G1 X27.812 Y139.900
G1 X28.060 Y139.965
G1 X28.220 Y139.935
G1 X28.265 Y139.835
G1 X28.005 Y138.170
G1 X28.755 Y138.700
G1 X28.870 Y138.740
G1 X28.973 Y138.678
G1 X29.010 Y138.520
G1 X28.865 Y138.225
G1 X27.905 Y137.580
G1 X27.686 Y136.656
G1 X27.407 Y135.952
G1 X27.058 Y135.508
G1 X26.625 Y135.360
G1 X26.394 Y135.399
G1 X26.090 Y135.699
G1 X26.050 Y135.930
G1 X26.157 Y136.410
G1 X26.558 Y136.972
G1 X27.385 Y137.700
G1 X27.480 Y138.345
G1 X27.200 Y137.798
G1 X26.820 Y137.610
G1 X26.616 Y137.662
G1 X26.453 Y137.817
G1 X26.310 Y138.335
G0 Z5.000 F500.000
G0 X27.270 Y137.100 F3000.000
G1 Z1.000 F500.000
G4 P100
G1 X26.712 Y136.507 F1000.000
G1 X26.540 Y136.040
G1 X26.572 Y135.900
G1 X26.680 Y135.845
G1 X26.812 Y135.918
G1 X26.960 Y136.135
G1 X27.270 Y137.100
G0 Z5.000 F500.000
G0 X30.117 Y137.810 F3000.000
G1 Z1.000 F500.000
G4 P100
G1 X30.040 Y138.450 F1000.000
G1 X30.225 Y139.685
G1 X30.372 Y139.898
G1 X30.660 Y139.965
G1 X30.800 Y139.940
G1 X30.840 Y139.845
G1 X30.635 Y138.770
G1 X30.957 Y139.430
G1 X31.343 Y139.833
G1 X31.715 Y139.965
G1 X31.962 Y139.885
G1 X32.035 Y139.640
G1 X31.885 Y138.790
G1 X32.149 Y139.321
G1 X32.440 Y139.685
G1 X32.735 Y139.895
G1 X33.010 Y139.965
G1 X33.254 Y139.884
G1 X33.335 Y139.640
G1 X33.130 Y138.360
G1 X33.166 Y138.210
G1 X33.275 Y138.160
G1 X33.513 Y138.282
G1 X34.015 Y138.750
G1 X34.117 Y138.690
G1 X34.155 Y138.525
G1 X34.060 Y138.215
G1 X33.597 Y137.780
G1 X33.333 Y137.653
G1 X32.811 Y137.647
G1 X32.553 Y137.938
G1 X32.520 Y138.185
G1 X32.655 Y139.120
G1 X32.600 Y139.200
G1 X32.415 Y139.032
G1 X32.175 Y138.590
G1 X31.852 Y137.690
G1 X31.620 Y137.610
G1 X31.372 Y137.768
G1 X31.290 Y138.150
G1 X31.380 Y139.120
G1 X31.325 Y139.200
G1 X31.135 Y139.020
G1 X30.913 Y138.560
G1 X30.612 Y137.692
G1 X30.385 Y137.610
G1 X30.223 Y137.660
G1 X30.117 Y137.810
G0 Z5.000 F500.000
G0 X33.675 Y138.660 F3000.000
G1 Z1.000 F500.000
G4 P100
G1 X33.820 Y139.338 F1000.000
G1 X33.992 Y139.603
G1 X34.489 Y139.928
G1 X34.785 Y139.970
G1 X35.128 Y139.904
G1 X35.398 Y139.708
G1 X35.582 Y139.414
G1 X35.670 Y139.060
G1 X36.300 Y139.170
G1 X36.400 Y139.105
G1 X36.435 Y138.940
G1 X36.399 Y138.749
G1 X36.290 Y138.655
G1 X35.630 Y138.535
G1 X35.489 Y138.157
G1 X35.255 Y137.863
G1 X34.956 Y137.673
G1 X34.620 Y137.610
G1 X34.108 Y137.755
G1 X33.785 Y138.140
G1 X33.675 Y138.660
G0 Z5.000 F500.000
G0 X34.407 Y138.285 F3000.000
G1 Z1.000 F500.000
G4 P100
G1 X34.660 Y138.140 F1000.000
G1 X34.938 Y138.270
G1 X35.095 Y138.645
G1 X34.858 Y138.920
G1 X34.790 Y139.440
G1 X34.588 Y139.392
G1 X34.432 Y139.248
G1 X34.333 Y139.016
G1 X34.300 Y138.705
G1 X34.407 Y138.285
G0 Z5.000 F500.000
G0 X36.075 Y138.275 F3000.000
G1 Z1.000 F500.000
G4 P100
G1 X36.015 Y139.675 F1000.000
G1 X36.105 Y139.905
G1 X36.360 Y139.970
G1 X36.552 Y139.912
G1 X36.685 Y138.225
G1 X37.135 Y138.935
G1 X37.060 Y139.280
G1 X37.135 Y139.610
G1 X37.340 Y139.870
G1 X37.635 Y139.970
G1 X37.870 Y139.868
G1 X37.960 Y139.570
G1 X37.840 Y139.055
G1 X38.530 Y139.160
G1 X38.645 Y139.110
G1 X38.625 Y138.733
G1 X38.445 Y138.605
G1 X37.955 Y138.530
G1 X37.540 Y138.590
G1 X36.875 Y137.715
G1 X36.545 Y137.610
G1 X36.362 Y137.650
G1 X36.222 Y137.770
G1 X36.075 Y138.275
G0 Z5.000 F500.000
G0 X38.247 Y138.233 F3000.000
G1 Z1.000 F500.000
G4 P100
G1 X38.175 Y138.675 F1000.000
G1 X38.320 Y139.317
G1 X38.722 Y139.790
G1 X39.305 Y139.965
G1 X39.566 Y139.922
G1 X39.770 Y139.793
G1 X39.901 Y139.589
G1 X39.945 Y139.325
G1 X39.883 Y139.004
G1 X39.697 Y138.733
G1 X39.364 Y138.511
G1 X38.860 Y138.340
G1 X39.041 Y138.167
G1 X39.335 Y138.110
G1 X39.847 Y138.268
G1 X40.480 Y138.750
G1 X40.582 Y138.690
G1 X40.620 Y138.525
G1 X40.525 Y138.215
G1 X40.002 Y137.800
G1 X39.280 Y137.610
G1 X38.814 Y137.681
G1 X38.465 Y137.895
G1 X38.247 Y138.233
G0 Z5.000 F500.000
G0 X38.780 Y138.740 F3000.000
G1 Z1.000 F500.000
G4 P100
G1 X39.245 Y138.940 F1000.000
G1 X39.373 Y139.091
G1 X39.362 Y139.418
G1 X39.220 Y139.475
G1 X39.049 Y139.421
G1 X38.907 Y139.260
G1 X38.780 Y138.740
G0 Z5.000 F500.000
G0 X41.593 Y139.028 F3000.000
G1 Z1.000 F500.000
G4 P100
G1 X41.740 Y139.685 F1000.000
G1 X41.860 Y139.905
G1 X42.100 Y139.965
G1 X42.291 Y139.923
G1 X42.355 Y139.795
G1 X42.140 Y138.470
G1 X42.180 Y138.240
G1 X42.315 Y138.160
G1 X42.540 Y138.285
G1 X43.035 Y138.750
G1 X43.137 Y138.690
G1 X43.175 Y138.525
G1 X43.080 Y138.215
G1 X42.601 Y137.761
G1 X42.155 Y137.610
G1 X41.874 Y137.667
G1 X41.682 Y137.840
G1 X41.572 Y138.108
G1 X41.593 Y139.028
G0 Z5.000 F500.000
G0 X42.195 Y140.295 F3000.000
G1 Z1.000 F500.000
G4 P100
G1 X41.880 Y140.393 F1000.000
G1 X41.775 Y140.665
G1 X41.912 Y140.958
G1 X42.255 Y141.075
G1 X42.555 Y140.985
G1 X42.670 Y140.730
G1 X42.540 Y140.412
G1 X42.195 Y140.295
G0 Z5.000 F500.000
G0 X42.760 Y140.000 F3000.000
G1 Z1.000 F500.000
G4 P100
G1 X43.045 Y140.000 F1000.000
G1 X43.305 Y141.005
G1 X43.727 Y141.730
G1 X43.984 Y141.933
G1 X44.260 Y142.000
G1 X44.447 Y141.954
G1 X44.590 Y141.815
G1 X44.710 Y141.350
G1 X44.669 Y140.975
G1 X44.547 Y140.625
G1 X44.060 Y140.000
G1 X44.735 Y139.965
G1 X44.735 Y139.684
G1 X44.629 Y139.576
G1 X44.205 Y139.490
G1 X43.595 Y139.490
G1 X43.616 Y138.657
G1 X43.707 Y138.370
G1 X43.866 Y138.213
G1 X44.095 Y138.160
G1 X44.475 Y138.290
G1 X45.000 Y138.750
G1 X45.102 Y138.690
G1 X45.140 Y138.525
G1 X45.045 Y138.215
G1 X44.575 Y137.780
G1 X44.301 Y137.653
G1 X43.990 Y137.610
G1 X43.544 Y137.700
G1 X43.225 Y137.969
G1 X43.034 Y138.417
G1 X42.985 Y139.490
G1 X42.587 Y139.545
G1 X42.535 Y139.720
G1 X42.591 Y139.930
G1 X42.760 Y140.000
G0 Z5.000 F500.000
G0 X43.645 Y140.075 F3000.000
G1 Z1.000 F500.000
G4 P100
G1 X44.087 Y140.648 F1000.000
G1 X44.235 Y141.225
G1 X44.207 Y141.446
G1 X44.125 Y141.520
G1 X43.957 Y141.333
G1 X43.782 Y140.812
G1 X43.645 Y140.075
G0 Z5.000 F500.000
G0 X46.255 Y140.513 F3000.000
G1 Z1.000 F500.000
G4 P100
G1 X46.452 Y141.214 F1000.000
G1 X46.722 Y141.803
G1 X47.059 Y142.202
G1 X47.455 Y142.335
G1 X47.663 Y142.286
G1 X47.930 Y141.911
G1 X47.965 Y141.625
G1 X47.810 Y140.810
G1 X47.295 Y139.960
G1 X47.599 Y139.878
G1 X47.840 Y139.683
G1 X48.008 Y139.401
G1 X48.090 Y139.060
G1 X48.720 Y139.170
G1 X48.820 Y139.105
G1 X48.820 Y138.748
G1 X48.710 Y138.655
G1 X48.050 Y138.535
G1 X47.906 Y138.160
G1 X47.672 Y137.865
G1 X47.381 Y137.674
G1 X47.060 Y137.610
G1 X46.624 Y137.706
G1 X46.325 Y137.995
G1 X46.153 Y138.466
G1 X46.095 Y139.110
G1 X46.255 Y140.513
G0 Z5.000 F500.000
G0 X46.754 Y139.031 F3000.000
G1 Z1.000 F500.000
G4 P100
G1 X46.720 Y138.725 F1000.000
G1 X46.828 Y138.290
G1 X47.080 Y138.140
G1 X47.355 Y138.270
G1 X47.515 Y138.645
G1 X47.278 Y138.920
G1 X47.215 Y139.470
G1 X47.016 Y139.419
G1 X46.754 Y139.031
G0 Z5.000 F500.000
G0 X46.755 Y139.620 F3000.000
G1 Z1.000 F500.000
G4 P100
G1 X47.431 Y141.124 F1000.000
G1 X47.480 Y141.510
G1 X47.443 Y141.755
G1 X47.340 Y141.840
G1 X47.123 Y141.543
G1 X46.905 Y140.735
G1 X46.755 Y139.620
G0 Z5.000 F500.000
G0 X48.640 Y139.685 F3000.000
G1 Z1.000 F500.000
G4 P100
G1 X48.780 Y139.900 F1000.000
G1 X49.065 Y139.965
G1 X49.218 Y139.930
G1 X49.260 Y139.825
G1 X49.025 Y138.520
G1 X49.130 Y138.330
G1 X49.318 Y138.480
G1 X49.558 Y138.935
G1 X49.928 Y139.900
G1 X50.335 Y139.938
G1 X50.380 Y139.835
G1 X50.115 Y138.360
G1 X50.155 Y138.213
G1 X50.260 Y138.160
G1 X50.498 Y138.282
G1 X51.000 Y138.750
G1 X51.103 Y138.690
G1 X51.140 Y138.525
G1 X51.045 Y138.215
G1 X50.583 Y137.780
G1 X50.020 Y137.610
G1 X49.812 Y137.656
G1 X49.668 Y137.795
G1 X49.555 Y138.315
G1 X49.300 Y137.793
G1 X48.935 Y137.610
G1 X48.731 Y137.662
G1 X48.461 Y138.051
G1 X48.425 Y138.335
G1 X48.475 Y139.023
G1 X48.640 Y139.685
G0 Z5.000 F500.000
G0 X50.500 Y139.720 F3000.000
G1 Z1.000 F500.000
G4 P100
G1 X50.556 Y139.930 F1000.000
G1 X51.010 Y140.000
G1 X51.270 Y141.005
G1 X51.693 Y141.730
G1 X51.949 Y141.933
G1 X52.225 Y142.000
G1 X52.413 Y141.954
G1 X52.555 Y141.815
G1 X52.675 Y141.350
G1 X52.634 Y140.975
G1 X52.513 Y140.625
G1 X52.025 Y140.000
G1 X52.700 Y139.965
G1 X52.700 Y139.684
G1 X52.594 Y139.576
G1 X52.170 Y139.490
G1 X51.560 Y139.490
G1 X51.581 Y138.657
G1 X51.672 Y138.370
G1 X51.831 Y138.213
G1 X52.060 Y138.160
G1 X52.440 Y138.290
G1 X52.965 Y138.750
G1 X53.068 Y138.690
G1 X53.105 Y138.525
G1 X53.010 Y138.215
G1 X52.540 Y137.780
G1 X52.266 Y137.653
G1 X51.955 Y137.610
G1 X51.509 Y137.700
G1 X51.190 Y137.969
G1 X50.999 Y138.417
G1 X50.950 Y139.490
G1 X50.553 Y139.545
G1 X50.500 Y139.720
G0 Z5.000 F500.000
G0 X51.610 Y140.075 F3000.000
G1 Z1.000 F500.000
G4 P100
G1 X52.053 Y140.648 F1000.000
G1 X52.200 Y141.225
G1 X52.172 Y141.446
G1 X52.090 Y141.520
G1 X51.923 Y141.333
G1 X51.748 Y140.812
G1 X51.610 Y140.075
G0 Z5.000 F500.000
G0 X54.220 Y139.685 F3000.000
G1 Z1.000 F500.000
G4 P100
G1 X54.368 Y139.898 F1000.000
G1 X54.795 Y139.940
G1 X54.835 Y139.845
G1 X54.630 Y138.770
G1 X54.953 Y139.430
G1 X55.338 Y139.833
G1 X55.710 Y139.965
G1 X55.958 Y139.885
G1 X56.030 Y139.640
G1 X55.880 Y138.790
G1 X56.144 Y139.321
G1 X56.435 Y139.685
G1 X56.730 Y139.895
G1 X57.005 Y139.965
G1 X57.249 Y139.884
G1 X57.330 Y139.640
G1 X57.125 Y138.360
G1 X57.161 Y138.210
G1 X57.270 Y138.160
G1 X57.508 Y138.282
G1 X58.010 Y138.750
G1 X58.113 Y138.690
G1 X58.150 Y138.525
G1 X58.055 Y138.215
G1 X57.593 Y137.780
G1 X57.328 Y137.653
G1 X56.806 Y137.647
G1 X56.548 Y137.938
G1 X56.515 Y138.185
G1 X56.650 Y139.120
G1 X56.595 Y139.200
G1 X56.410 Y139.032
G1 X56.170 Y138.590
G1 X55.848 Y137.690
G1 X55.615 Y137.610
G1 X55.471 Y137.649
G1 X55.368 Y137.768
G1 X55.285 Y138.150
G1 X55.375 Y139.120
G1 X55.320 Y139.200
G1 X55.130 Y139.020
G1 X54.908 Y138.560
G1 X54.608 Y137.692
G1 X54.380 Y137.610
G1 X54.218 Y137.660
G1 X54.113 Y137.810
G1 X54.035 Y138.450
G1 X54.220 Y139.685
G0 Z5.000 F500.000
G0 X57.795 Y139.023 F3000.000
G1 Z1.000 F500.000
G4 P100
G1 X57.960 Y139.685 F1000.000
G1 X58.100 Y139.900
G1 X58.538 Y139.930
G1 X58.580 Y139.825
G1 X58.345 Y138.520
G1 X58.450 Y138.330
G1 X58.638 Y138.480
G1 X58.878 Y138.935
G1 X59.248 Y139.900
G1 X59.655 Y139.938
G1 X59.700 Y139.835
G1 X59.435 Y138.360
G1 X59.475 Y138.213
G1 X59.580 Y138.160
G1 X59.818 Y138.282
G1 X60.320 Y138.750
G1 X60.423 Y138.690
G1 X60.460 Y138.525
G1 X60.365 Y138.215
G1 X59.903 Y137.780
G1 X59.638 Y137.653
G1 X59.132 Y137.656
G1 X58.988 Y137.795
G1 X58.875 Y138.315
G1 X58.620 Y137.793
G1 X58.255 Y137.610
G1 X58.051 Y137.662
G1 X57.781 Y138.051
G1 X57.795 Y139.023
G0 Z5.000 F500.000
G0 X59.760 Y138.085 F3000.000
G1 Z1.000 F500.000
G4 P100
G1 X60.310 Y138.910 F1000.000
G1 X60.735 Y139.800
G1 X60.881 Y139.965
G1 X61.130 Y140.020
G1 X61.325 Y139.995
G1 X61.380 Y139.915
G1 X61.215 Y139.385
G1 X61.673 Y138.638
G1 X61.745 Y138.175
G1 X62.455 Y138.750
G1 X62.558 Y138.690
G1 X62.595 Y138.525
G1 X62.500 Y138.215
G1 X62.023 Y137.793
G1 X60.985 Y137.500
G1 X60.588 Y137.620
G1 X60.450 Y137.890
G1 X60.545 Y138.115
G1 X60.825 Y138.210
G1 X61.110 Y138.180
G1 X61.053 Y138.425
G1 X60.770 Y138.835
G1 X60.130 Y137.975
G1 X59.940 Y137.885
G1 X59.810 Y137.942
G1 X59.760 Y138.085
G0 Z5.000 F500.000
G0 X62.454 Y138.417 F3000.000
G1 Z1.000 F500.000
G4 P100
G1 X62.405 Y139.490 F1000.000
G1 X62.008 Y139.545
G1 X61.955 Y139.720
G1 X62.011 Y139.930
G1 X62.465 Y140.000
G1 X62.725 Y141.005
G1 X63.148 Y141.730
G1 X63.404 Y141.933
G1 X63.680 Y142.000
G1 X63.868 Y141.954
G1 X64.010 Y141.815
G1 X64.130 Y141.350
G1 X64.089 Y140.975
G1 X63.968 Y140.625
G1 X63.480 Y140.000
G1 X64.155 Y139.965
G1 X64.155 Y139.684
G1 X64.049 Y139.576
G1 X63.625 Y139.490
G1 X63.015 Y139.490
G1 X63.036 Y138.657
G1 X63.128 Y138.370
G1 X63.286 Y138.213
G1 X63.515 Y138.160
G1 X63.895 Y138.290
G1 X64.420 Y138.750
G1 X64.523 Y138.690
G1 X64.560 Y138.525
G1 X64.465 Y138.215
G1 X63.995 Y137.780
G1 X63.410 Y137.610
G1 X62.964 Y137.700
G1 X62.645 Y137.969
G1 X62.454 Y138.417
G0 Z5.000 F500.000
G0 X63.065 Y140.075 F3000.000
G1 Z1.000 F500.000
G4 P100
G1 X63.508 Y140.648 F1000.000
G1 X63.655 Y141.225
G1 X63.628 Y141.446
G1 X63.545 Y141.520
G1 X63.378 Y141.333
G1 X63.203 Y140.812
G1 X63.065 Y140.075
G0 Z5.000 F500.000
G0 X65.675 Y139.685 F3000.000
G1 Z1.000 F500.000
G4 P100
G1 X65.823 Y139.898 F1000.000
G1 X66.250 Y139.940
G1 X66.290 Y139.845
G1 X66.085 Y138.765
G1 X66.455 Y139.465
G1 X66.858 Y139.850
G1 X67.220 Y139.965
G1 X67.464 Y139.884
G1 X67.545 Y139.640
G1 X67.340 Y138.360
G1 X67.376 Y138.210
G1 X67.485 Y138.160
G1 X67.723 Y138.282
G1 X68.225 Y138.750
G1 X68.328 Y138.690
G1 X68.365 Y138.525
G1 X68.270 Y138.215
G1 X67.808 Y137.780
G1 X67.543 Y137.653
G1 X67.021 Y137.647
G1 X66.763 Y137.938
G1 X66.730 Y138.185
G1 X66.865 Y139.120
G1 X66.810 Y139.200
G1 X66.628 Y139.032
G1 X66.388 Y138.590
G1 X66.063 Y137.692
G1 X65.835 Y137.610
G1 X65.673 Y137.660
G1 X65.568 Y137.810
G1 X65.490 Y138.450
G1 X65.675 Y139.685
G0 Z5.000 F500.000
G0 X67.885 Y138.660 F3000.000
G1 Z1.000 F500.000
G4 P100
G1 X68.030 Y139.338 F1000.000
G1 X68.203 Y139.603
G1 X68.699 Y139.928
G1 X68.995 Y139.970
G1 X69.338 Y139.904
G1 X69.608 Y139.708
G1 X69.792 Y139.414
G1 X69.880 Y139.060
G1 X70.510 Y139.170
G1 X70.610 Y139.105
G1 X70.645 Y138.940
G1 X70.609 Y138.749
G1 X70.500 Y138.655
G1 X69.840 Y138.535
G1 X69.699 Y138.157
G1 X69.465 Y137.863
G1 X69.166 Y137.673
G1 X68.830 Y137.610
G1 X68.318 Y137.755
G1 X67.995 Y138.140
G1 X67.885 Y138.660
G0 Z5.000 F500.000
G0 X68.618 Y138.285 F3000.000
G1 Z1.000 F500.000
G4 P100
G1 X68.870 Y138.140 F1000.000
G1 X69.148 Y138.270
G1 X69.305 Y138.645
G1 X69.068 Y138.920
G1 X69.000 Y139.440
G1 X68.798 Y139.392
G1 X68.643 Y139.248
G1 X68.543 Y139.016
G1 X68.510 Y138.705
G1 X68.618 Y138.285
G0 Z5.000 F500.000
G0 X70.033 Y139.545 F3000.000
G1 Z1.000 F500.000
G4 P100
G1 X69.980 Y139.720 F1000.000
G1 X70.036 Y139.930
G1 X70.490 Y140.000
G1 X70.750 Y141.005
G1 X71.173 Y141.730
G1 X71.429 Y141.933
G1 X71.705 Y142.000
G1 X71.893 Y141.954
G1 X72.035 Y141.815
G1 X72.155 Y141.350
G1 X72.114 Y140.975
G1 X71.993 Y140.625
G1 X71.505 Y140.000
G1 X72.180 Y139.965
G1 X72.180 Y139.684
G1 X72.074 Y139.576
G1 X71.650 Y139.490
G1 X71.040 Y139.490
G1 X71.061 Y138.657
G1 X71.153 Y138.370
G1 X71.311 Y138.213
G1 X71.540 Y138.160
G1 X71.920 Y138.290
G1 X72.445 Y138.750
G1 X72.548 Y138.690
G1 X72.585 Y138.525
G1 X72.490 Y138.215
G1 X72.020 Y137.780
G1 X71.746 Y137.653
G1 X71.435 Y137.610
G1 X70.989 Y137.700
G1 X70.670 Y137.969
G1 X70.479 Y138.417
G1 X70.430 Y139.490
G1 X70.033 Y139.545
G0 Z5.000 F500.000
G0 X71.090 Y140.075 F3000.000
G1 Z1.000 F500.000
G4 P100
G1 X71.533 Y140.648 F1000.000
G1 X71.680 Y141.225
G1 X71.653 Y141.446
G1 X71.570 Y141.520
G1 X71.403 Y141.333
G1 X71.228 Y140.812
G1 X71.090 Y140.075
G0 Z5.000 F500.000
G0 X73.575 Y139.338 F3000.000
G1 Z1.000 F500.000
G4 P100
G1 X73.748 Y139.603 F1000.000
G1 X74.244 Y139.928
G1 X74.540 Y139.970
G1 X74.883 Y139.904
G1 X75.153 Y139.708
G1 X75.337 Y139.414
G1 X75.425 Y139.060
G1 X76.055 Y139.170
G1 X76.155 Y139.105
G1 X76.154 Y138.749
G1 X76.045 Y138.655
G1 X75.385 Y138.535
G1 X75.244 Y138.157
G1 X75.010 Y137.863
G1 X74.711 Y137.673
G1 X74.097 Y137.646
G1 X73.863 Y137.755
G1 X73.540 Y138.140
G1 X73.430 Y138.660
G1 X73.575 Y139.338
G0 Z5.000 F500.000
G0 X74.055 Y138.705 F3000.000
G1 Z1.000 F500.000
G4 P100
G1 X74.163 Y138.285 F1000.000
G1 X74.415 Y138.140
G1 X74.693 Y138.270
G1 X74.850 Y138.645
G1 X74.613 Y138.920
G1 X74.545 Y139.440
G1 X74.343 Y139.392
G1 X74.188 Y139.248
G1 X74.055 Y138.705
G0 Z5.000 F500.000
G0 X75.770 Y139.500 F3000.000
G1 Z1.000 F500.000
G4 P100
G1 X75.860 Y139.905 F1000.000
G1 X76.115 Y139.970
G1 X76.308 Y139.912
G1 X76.440 Y138.225
G1 X76.890 Y138.935
G1 X76.815 Y139.280
G1 X76.890 Y139.610
G1 X77.095 Y139.870
G1 X77.390 Y139.970
G1 X77.625 Y139.868
G1 X77.715 Y139.570
G1 X77.595 Y139.055
G1 X78.285 Y139.160
G1 X78.400 Y139.110
G1 X78.440 Y138.975
G1 X78.380 Y138.733
G1 X78.200 Y138.605
G1 X77.710 Y138.530
G1 X77.295 Y138.590
G1 X76.630 Y137.715
G1 X76.300 Y137.610
G1 X75.978 Y137.770
G1 X75.830 Y138.275
G1 X75.770 Y139.500
G0 Z5.000 F500.000
G0 X77.930 Y138.675 F3000.000
G1 Z1.000 F500.000
G4 P100
G1 X78.075 Y139.317 F1000.000
G1 X78.248 Y139.584
G1 X78.752 Y139.921
G1 X79.060 Y139.965
G1 X79.321 Y139.922
G1 X79.525 Y139.793
G1 X79.656 Y139.589
G1 X79.700 Y139.325
G1 X79.638 Y139.004
G1 X79.453 Y138.733
G1 X79.119 Y138.511
G1 X78.615 Y138.340
G1 X78.796 Y138.167
G1 X79.090 Y138.110
G1 X79.603 Y138.268
G1 X80.235 Y138.750
G1 X80.338 Y138.690
G1 X80.375 Y138.525
G1 X80.280 Y138.215
G1 X79.758 Y137.800
G1 X79.035 Y137.610
G1 X78.569 Y137.681
G1 X78.220 Y137.895
G1 X78.003 Y138.233
G1 X77.930 Y138.675
G0 Z5.000 F500.000
G0 X78.535 Y138.740 F3000.000
G1 Z1.000 F500.000
G4 P100
G1 X79.000 Y138.940 F1000.000
G1 X79.128 Y139.091
G1 X79.118 Y139.418
G1 X78.975 Y139.475
G1 X78.804 Y139.421
G1 X78.663 Y139.260
G1 X78.535 Y138.740
G0 Z5.000 F500.000
G0 X80.026 Y139.084 F3000.000
G1 Z1.000 F500.000
G4 P100
G1 X80.165 Y139.685 F1000.000
G1 X80.313 Y139.898
G1 X80.600 Y139.965
G1 X80.740 Y139.940
G1 X80.780 Y139.845
G1 X80.575 Y138.765
G1 X80.945 Y139.465
G1 X81.348 Y139.850
G1 X81.710 Y139.965
G1 X81.954 Y139.884
G1 X82.035 Y139.640
G1 X81.981 Y138.944
G1 X82.075 Y138.900
G1 X82.570 Y139.185
G1 X82.673 Y139.127
G1 X82.710 Y138.975
G1 X82.610 Y138.685
G1 X82.283 Y138.438
G1 X81.885 Y138.335
G1 X81.652 Y138.369
G1 X81.379 Y138.629
G1 X81.315 Y139.200
G1 X81.118 Y139.032
G1 X80.875 Y138.590
G1 X80.553 Y137.692
G1 X80.325 Y137.610
G1 X80.163 Y137.660
G1 X80.058 Y137.810
G1 X79.980 Y138.450
G1 X80.026 Y139.084
G0 Z5.000 F500.000
G0 X82.333 Y138.469 F3000.000
G1 Z1.000 F500.000
G4 P100
G1 X82.280 Y139.045 F1000.000
G1 X82.438 Y140.435
G1 X82.633 Y141.160
G1 X82.903 Y141.775
G1 X83.239 Y142.195
G1 X83.635 Y142.335
G1 X83.849 Y142.279
G1 X84.013 Y142.113
G1 X84.116 Y141.842
G1 X84.150 Y141.475
G1 X84.068 Y140.833
G1 X83.820 Y140.095
G1 X83.431 Y139.314
G1 X82.925 Y138.540
G1 X83.040 Y138.248
G1 X83.250 Y138.160
G1 X83.610 Y138.278
G1 X84.140 Y138.750
G1 X84.243 Y138.690
G1 X84.280 Y138.525
G1 X84.185 Y138.215
G1 X83.718 Y137.780
G1 X83.145 Y137.610
G1 X82.762 Y137.710
G1 X82.493 Y138.010
G1 X82.333 Y138.469
G0 Z5.000 F500.000
G0 X82.890 Y139.215 F3000.000
G1 Z1.000 F500.000
G4 P100
G1 X83.455 Y140.388 F1000.000
G1 X83.613 Y140.949
G1 X83.665 Y141.460
G1 X83.630 Y141.745
G1 X83.525 Y141.840
G1 X83.265 Y141.425
G1 X83.010 Y140.395
G1 X82.890 Y139.215
G0 Z5.000 F500.000
G0 X84.211 Y139.505 F3000.000
G1 Z1.000 F500.000
G4 P100
G1 X84.804 Y139.921 F1000.000
G1 X85.140 Y139.975
G1 X85.288 Y139.933
G1 X85.350 Y139.780
G1 X85.754 Y139.756
G1 X85.815 Y139.625
G1 X85.625 Y138.325
G1 X85.663 Y138.205
G1 X85.760 Y138.160
G1 X85.990 Y138.282
G1 X86.490 Y138.750
G1 X86.593 Y138.690
G1 X86.630 Y138.525
G1 X86.535 Y138.215
G1 X86.100 Y137.785
G1 X85.655 Y137.610
G1 X85.353 Y137.722
G1 X85.145 Y138.030
G1 X84.851 Y137.715
G1 X84.490 Y137.610
G1 X84.211 Y137.666
G1 X83.995 Y137.835
G1 X83.856 Y138.095
G1 X83.810 Y138.425
G1 X83.856 Y138.814
G1 X84.211 Y139.505
G0 Z5.000 F500.000
G0 X84.540 Y138.950 F3000.000
G1 Z1.000 F500.000
G4 P100
G1 X84.435 Y138.420 F1000.000
G1 X84.498 Y138.190
G1 X84.670 Y138.115
G1 X84.880 Y138.245
G1 X85.025 Y138.590
G1 X85.210 Y139.510
G1 X84.823 Y139.353
G1 X84.540 Y138.950
G0 Z5.000 F500.000
G0 X86.300 Y139.680 F3000.000
G1 Z1.000 F500.000
G4 P100
G1 X86.415 Y139.910 F1000.000
G1 X86.715 Y139.995
G1 X86.868 Y139.953
G1 X86.925 Y139.600
G1 X87.240 Y139.888
G1 X87.570 Y139.975
G1 X87.824 Y139.919
G1 X88.028 Y139.750
G1 X88.161 Y139.490
G1 X88.205 Y139.160
G1 X88.120 Y138.645
G1 X87.885 Y138.190
G1 X88.060 Y138.160
G1 X88.375 Y138.280
G1 X88.895 Y138.750
G1 X88.998 Y138.690
G1 X89.035 Y138.525
G1 X88.940 Y138.215
G1 X88.478 Y137.780
G1 X88.213 Y137.653
G1 X87.675 Y137.657
G1 X87.485 Y137.800
G1 X86.890 Y137.610
G1 X86.784 Y136.724
G1 X86.595 Y135.998
G1 X86.311 Y135.512
G1 X85.920 Y135.350
G1 X85.685 Y135.399
G1 X85.520 Y135.545
G1 X85.390 Y136.085
G1 X85.615 Y137.228
G1 X86.310 Y138.665
G1 X86.300 Y139.680
G0 Z5.000 F500.000
G0 X86.920 Y138.445 F3000.000
G1 Z1.000 F500.000
G4 P100
G1 X86.915 Y138.090 F1000.000
G1 X87.248 Y138.288
G1 X87.490 Y138.678
G1 X87.580 Y139.165
G1 X87.520 Y139.393
G1 X87.360 Y139.470
G1 X87.161 Y139.375
G1 X86.925 Y139.090
G1 X86.920 Y138.445
G0 Z5.000 F500.000
G0 X86.300 Y137.890 F3000.000
G1 Z1.000 F500.000
G4 P100
G1 X85.960 Y136.935 F1000.000
G1 X85.835 Y136.170
G1 X85.873 Y135.925
G1 X85.960 Y135.840
G1 X86.084 Y135.987
G1 X86.185 Y136.428
G1 X86.300 Y137.890
G0 Z5.000 F500.000
G0 X90.410 Y137.969 F3000.000
G1 Z1.000 F500.000
G4 P100
G1 X90.219 Y138.417 F1000.000
G1 X90.170 Y139.490
G1 X89.773 Y139.545
G1 X89.720 Y139.720
G1 X89.776 Y139.930
G1 X90.230 Y140.000
G1 X90.490 Y141.005
G1 X90.913 Y141.730
G1 X91.169 Y141.933
G1 X91.445 Y142.000
G1 X91.633 Y141.954
G1 X91.775 Y141.815
G1 X91.895 Y141.350
G1 X91.854 Y140.975
G1 X91.733 Y140.625
G1 X91.245 Y140.000
G1 X91.920 Y139.965
G1 X91.920 Y139.684
G1 X91.814 Y139.576
G1 X91.390 Y139.490
G1 X90.780 Y139.490
G1 X90.801 Y138.657
G1 X90.893 Y138.370
G1 X91.051 Y138.213
G1 X91.280 Y138.160
G1 X91.660 Y138.290
G1 X92.185 Y138.750
G1 X92.288 Y138.690
G1 X92.325 Y138.525
G1 X92.230 Y138.215
G1 X91.760 Y137.780
G1 X91.175 Y137.610
G1 X90.729 Y137.700
G1 X90.410 Y137.969
G0 Z5.000 F500.000
G0 X90.830 Y140.075 F3000.000
G1 Z1.000 F500.000
G4 P100
G1 X91.273 Y140.648 F1000.000
G1 X91.420 Y141.225
G1 X91.393 Y141.446
G1 X91.310 Y141.520
G1 X91.143 Y141.333
G1 X90.968 Y140.812
G1 X90.830 Y140.075
G0 Z5.000 F500.000
G0 X92.163 Y139.584 F3000.000
G1 Z1.000 F500.000
G4 P100
G1 X92.667 Y139.921 F1000.000
G1 X93.236 Y139.922
G1 X93.440 Y139.793
G1 X93.571 Y139.589
G1 X93.615 Y139.325
G1 X93.553 Y139.004
G1 X93.368 Y138.733
G1 X93.034 Y138.511
G1 X92.530 Y138.340
G1 X92.711 Y138.167
G1 X93.005 Y138.110
G1 X93.518 Y138.268
G1 X94.150 Y138.750
G1 X94.253 Y138.690
G1 X94.290 Y138.525
G1 X94.195 Y138.215
G1 X93.673 Y137.800
G1 X93.323 Y137.657
G1 X92.950 Y137.610
G1 X92.484 Y137.681
G1 X92.135 Y137.895
G1 X91.918 Y138.233
G1 X91.845 Y138.675
G1 X91.990 Y139.317
G1 X92.163 Y139.584
G0 Z5.000 F500.000
G0 X92.578 Y139.260 F3000.000
G1 Z1.000 F500.000
G4 P100
G1 X92.450 Y138.740 F1000.000
G1 X92.915 Y138.940
G1 X93.085 Y139.265
G1 X93.033 Y139.418
G1 X92.890 Y139.475
G1 X92.719 Y139.421
G1 X92.578 Y139.260
G0 Z5.000 F500.000
G0 X94.060 Y139.440 F3000.000
G1 Z1.000 F500.000
G4 P100
G1 X94.099 Y139.668 F1000.000
G1 X94.393 Y139.949
G1 X94.615 Y139.985
G1 X94.995 Y139.882
G1 X95.255 Y139.585
G1 X95.593 Y139.885
G1 X95.960 Y139.985
G1 X96.258 Y139.895
G1 X96.360 Y139.605
G1 X96.275 Y139.252
G1 X96.070 Y139.125
G1 X95.920 Y139.170
G1 X95.760 Y139.420
G1 X95.633 Y139.308
G1 X95.470 Y138.625
G1 X95.583 Y138.262
G1 X95.890 Y138.135
G1 X96.258 Y138.268
G1 X96.795 Y138.750
G1 X96.898 Y138.690
G1 X96.935 Y138.525
G1 X96.840 Y138.215
G1 X96.358 Y137.782
G1 X96.078 Y137.653
G1 X95.765 Y137.610
G1 X95.313 Y137.705
G1 X95.000 Y137.975
G1 X94.689 Y137.705
G1 X94.325 Y137.615
G1 X94.079 Y137.655
G1 X93.770 Y137.961
G1 X93.730 Y138.200
G1 X93.845 Y138.605
G1 X93.984 Y138.721
G1 X94.305 Y138.726
G1 X94.325 Y138.295
G1 X94.455 Y138.145
G1 X94.638 Y138.257
G1 X94.783 Y138.565
G1 X94.840 Y138.995
G1 X94.795 Y139.298
G1 X94.685 Y139.420
G1 X94.475 Y139.173
G1 X94.300 Y139.125
G1 X94.125 Y139.202
G1 X94.060 Y139.440
G0 Z5.000 F500.000
G0 X96.295 Y139.720 F3000.000
G1 Z1.000 F500.000
G4 P100
G1 X96.351 Y139.930 F1000.000
G1 X96.805 Y140.000
G1 X97.065 Y141.005
G1 X97.488 Y141.730
G1 X97.744 Y141.933
G1 X98.020 Y142.000
G1 X98.208 Y141.954
G1 X98.350 Y141.815
G1 X98.470 Y141.350
G1 X98.429 Y140.975
G1 X98.308 Y140.625
G1 X97.820 Y140.000
G1 X98.495 Y139.965
G1 X98.495 Y139.684
G1 X98.389 Y139.576
G1 X97.965 Y139.490
G1 X97.355 Y139.490
G1 X97.376 Y138.657
G1 X97.468 Y138.370
G1 X97.626 Y138.213
G1 X97.855 Y138.160
G1 X98.235 Y138.290
G1 X98.760 Y138.750
G1 X98.863 Y138.690
G1 X98.900 Y138.525
G1 X98.805 Y138.215
G1 X98.335 Y137.780
G1 X98.061 Y137.653
G1 X97.750 Y137.610
G1 X97.304 Y137.700
G1 X96.985 Y137.969
G1 X96.794 Y138.417
G1 X96.745 Y139.490
G1 X96.348 Y139.545
G1 X96.295 Y139.720
G0 Z5.000 F500.000
G0 X97.405 Y140.075 F3000.000
G1 Z1.000 F500.000
G4 P100
G1 X97.848 Y140.648 F1000.000
G1 X97.995 Y141.225
G1 X97.968 Y141.446
G1 X97.885 Y141.520
G1 X97.718 Y141.333
G1 X97.543 Y140.812
G1 X97.405 Y140.075
G0 Z5.000 F500.000
G0 X98.676 Y138.506 F3000.000
G1 Z1.000 F500.000
G4 P100
G1 X98.880 Y138.540 F1000.000
G1 X99.213 Y138.433
G1 X99.325 Y138.115
G1 X99.195 Y137.748
G1 X99.041 Y137.644
G1 X98.840 Y137.610
G1 X98.508 Y137.730
G1 X98.395 Y138.045
G1 X98.523 Y138.405
G1 X98.676 Y138.506
G0 Z5.000 F500.000
G0 X24.515 Y128.030 F3000.000
G1 Z1.000 F500.000
G4 P100
G1 X24.422 Y127.790 F1000.000
G1 X24.130 Y127.730
G1 X22.765 Y127.795
G1 X22.230 Y124.435
G1 X22.110 Y124.213
G1 X21.845 Y124.135
G1 X21.590 Y124.215
G1 X21.500 Y124.425
G1 X21.538 Y124.823
G1 X22.055 Y127.790
G1 X21.285 Y127.710
G1 X20.887 Y127.528
G1 X20.770 Y127.225
G1 X20.890 Y126.825
G1 X20.777 Y126.648
G1 X20.545 Y126.565
G1 X20.405 Y126.615
G1 X20.240 Y126.858
G1 X20.175 Y127.215
G1 X20.244 Y127.598
G1 X20.453 Y127.898
G1 X20.803 Y128.121
G1 X21.297 Y128.275
G1 X22.755 Y128.395
G1 X24.205 Y128.310
G1 X24.438 Y128.205
G1 X24.515 Y128.030
G0 Z5.000 F500.000
G0 X24.780 Y126.490 F3000.000
G1 Z1.000 F500.000
G4 P100
G1 X25.041 Y126.447 F1000.000
G1 X25.245 Y126.318
G1 X25.376 Y126.114
G1 X25.420 Y125.850
G1 X25.358 Y125.529
G1 X25.172 Y125.258
G1 X24.839 Y125.036
G1 X24.335 Y124.865
G1 X24.516 Y124.692
G1 X24.810 Y124.635
G1 X25.322 Y124.793
G1 X25.955 Y125.275
G1 X26.057 Y125.215
G1 X26.095 Y125.050
G1 X26.000 Y124.740
G1 X25.477 Y124.325
G1 X24.755 Y124.135
G1 X24.289 Y124.206
G1 X23.940 Y124.420
G1 X23.722 Y124.758
G1 X23.650 Y125.200
G1 X23.795 Y125.843
G1 X23.968 Y126.109
G1 X24.472 Y126.446
G1 X24.780 Y126.490
G0 Z5.000 F500.000
G0 X24.695 Y126.000 F3000.000
G1 Z1.000 F500.000
G4 P100
G1 X24.524 Y125.946 F1000.000
G1 X24.383 Y125.785
G1 X24.255 Y125.265
G1 X24.720 Y125.465
G1 X24.848 Y125.616
G1 X24.837 Y125.943
G1 X24.695 Y126.000
G0 Z5.000 F500.000
G0 X25.746 Y125.609 F3000.000
G1 Z1.000 F500.000
G4 P100
G1 X25.885 Y126.210 F1000.000
G1 X26.032 Y126.423
G1 X26.320 Y126.490
G1 X26.460 Y126.465
G1 X26.500 Y126.370
G1 X26.285 Y125.190
G1 X26.489 Y125.790
G1 X26.740 Y126.190
G1 X27.044 Y126.415
G1 X27.405 Y126.490
G1 X27.637 Y126.449
G1 X27.923 Y126.142
G1 X27.960 Y125.910
G1 X27.867 Y125.555
G1 X27.625 Y125.410
G1 X27.473 Y125.455
G1 X27.432 Y125.966
G1 X27.335 Y126.000
G1 X27.140 Y125.898
G1 X26.987 Y125.623
G1 X26.930 Y125.250
G1 X27.055 Y124.818
G1 X27.415 Y124.655
G1 X27.745 Y124.778
G1 X28.280 Y125.275
G1 X28.383 Y125.215
G1 X28.420 Y125.050
G1 X28.325 Y124.740
G1 X27.875 Y124.303
G1 X27.635 Y124.177
G1 X27.365 Y124.135
G1 X26.938 Y124.238
G1 X26.625 Y124.485
G1 X26.470 Y124.765
G1 X26.267 Y124.210
G1 X26.045 Y124.135
G1 X25.883 Y124.185
G1 X25.777 Y124.335
G1 X25.700 Y124.975
G1 X25.746 Y125.609
G0 Z5.000 F500.000
G0 X27.935 Y125.145 F3000.000
G1 Z1.000 F500.000
G4 P100
G1 X27.975 Y125.525 F1000.000
G1 X28.279 Y126.125
G1 X28.510 Y126.325
G1 X29.045 Y126.490
G1 X29.473 Y126.328
G1 X29.625 Y125.910
G1 X29.532 Y125.555
G1 X29.290 Y125.410
G1 X29.137 Y125.455
G1 X29.080 Y125.580
G1 X29.097 Y125.965
G1 X29.005 Y126.000
G1 X28.790 Y125.898
G1 X28.630 Y125.620
G1 X28.570 Y125.235
G1 X28.696 Y124.800
G1 X29.075 Y124.655
G1 X29.517 Y124.793
G1 X30.120 Y125.275
G1 X30.222 Y125.215
G1 X30.260 Y125.050
G1 X30.165 Y124.740
G1 X29.907 Y124.483
G1 X29.602 Y124.293
G1 X28.970 Y124.135
G1 X28.534 Y124.204
G1 X28.207 Y124.413
G1 X28.003 Y124.734
G1 X27.935 Y125.145
G0 Z5.000 F500.000
G0 X29.865 Y124.975 F3000.000
G1 Z1.000 F500.000
G4 P100
G1 X30.050 Y126.210 F1000.000
G1 X30.197 Y126.423
G1 X30.485 Y126.490
G1 X30.625 Y126.465
G1 X30.665 Y126.370
G1 X30.460 Y125.295
G1 X30.782 Y125.955
G1 X31.167 Y126.358
G1 X31.540 Y126.490
G1 X31.788 Y126.410
G1 X31.860 Y126.165
G1 X31.710 Y125.315
G1 X31.974 Y125.846
G1 X32.265 Y126.210
G1 X32.560 Y126.420
G1 X32.835 Y126.490
G1 X33.079 Y126.409
G1 X33.160 Y126.165
G1 X32.955 Y124.885
G1 X32.991 Y124.735
G1 X33.100 Y124.685
G1 X33.337 Y124.808
G1 X33.840 Y125.275
G1 X33.942 Y125.215
G1 X33.980 Y125.050
G1 X33.885 Y124.740
G1 X33.422 Y124.305
G1 X32.860 Y124.135
G1 X32.636 Y124.172
G1 X32.377 Y124.463
G1 X32.345 Y124.710
G1 X32.480 Y125.645
G1 X32.425 Y125.725
G1 X32.240 Y125.558
G1 X32.000 Y125.115
G1 X31.677 Y124.215
G1 X31.445 Y124.135
G1 X31.197 Y124.293
G1 X31.115 Y124.675
G1 X31.205 Y125.645
G1 X31.150 Y125.725
G1 X30.960 Y125.545
G1 X30.737 Y125.085
G1 X30.438 Y124.218
G1 X30.210 Y124.135
G1 X30.048 Y124.185
G1 X29.942 Y124.335
G1 X29.865 Y124.975
G0 Z5.000 F500.000
G0 X34.912 Y124.950 F3000.000
G1 Z1.000 F500.000
G4 P100
G1 X34.958 Y125.339 F1000.000
G1 X35.313 Y126.030
G1 X35.907 Y126.446
G1 X36.242 Y126.500
G1 X36.390 Y126.458
G1 X36.452 Y126.305
G1 X36.850 Y126.288
G1 X36.902 Y126.140
G1 X36.682 Y124.695
G1 X37.422 Y125.225
G1 X37.537 Y125.265
G1 X37.640 Y125.203
G1 X37.677 Y125.045
G1 X37.532 Y124.750
G1 X36.582 Y124.105
G1 X36.363 Y123.181
G1 X36.085 Y122.478
G1 X35.735 Y122.033
G1 X35.302 Y121.885
G1 X35.071 Y121.924
G1 X34.767 Y122.224
G1 X34.727 Y122.455
G1 X34.797 Y122.823
G1 X35.007 Y123.218
G1 X35.410 Y123.672
G1 X36.057 Y124.220
G1 X36.087 Y124.415
G1 X35.865 Y124.208
G1 X35.592 Y124.135
G1 X35.313 Y124.191
G1 X35.097 Y124.360
G1 X34.958 Y124.620
G1 X34.912 Y124.950
G0 Z5.000 F500.000
G0 X35.600 Y124.715 F3000.000
G1 Z1.000 F500.000
G4 P100
G1 X35.772 Y124.640 F1000.000
G1 X35.992 Y124.780
G1 X36.302 Y126.035
G1 X35.922 Y125.878
G1 X35.642 Y125.475
G1 X35.537 Y124.945
G1 X35.600 Y124.715
G0 Z5.000 F500.000
G0 X35.942 Y123.625 F3000.000
G1 Z1.000 F500.000
G4 P100
G1 X35.387 Y123.030 F1000.000
G1 X35.217 Y122.565
G1 X35.250 Y122.425
G1 X35.357 Y122.370
G1 X35.490 Y122.445
G1 X35.640 Y122.670
G1 X35.942 Y123.625
G0 Z5.000 F500.000
G0 X37.282 Y124.325 F3000.000
G1 Z1.000 F500.000
G4 P100
G1 X37.137 Y124.790 F1000.000
G1 X37.252 Y125.195
G1 X37.391 Y125.311
G1 X37.720 Y125.310
G1 X37.740 Y124.735
G1 X37.807 Y124.690
G1 X37.920 Y124.765
G1 X38.757 Y126.403
G1 X39.057 Y126.480
G1 X39.337 Y126.405
G1 X39.427 Y126.160
G1 X39.451 Y124.791
G1 X39.612 Y124.660
G1 X39.790 Y124.745
G1 X40.187 Y125.205
G1 X40.322 Y125.275
G1 X40.425 Y125.215
G1 X40.462 Y125.050
G1 X40.367 Y124.740
G1 X39.780 Y124.223
G1 X39.377 Y124.135
G1 X39.125 Y124.193
G1 X38.957 Y124.368
G1 X38.863 Y124.659
G1 X38.852 Y125.525
G1 X38.622 Y124.936
G1 X38.350 Y124.500
G1 X38.037 Y124.230
G1 X37.682 Y124.140
G1 X37.455 Y124.186
G1 X37.282 Y124.325
G0 Z5.000 F500.000
G0 X39.930 Y124.524 F3000.000
G1 Z1.000 F500.000
G4 P100
G1 X39.882 Y124.790 F1000.000
G1 X40.000 Y125.200
G1 X40.139 Y125.312
G1 X40.457 Y125.314
G1 X40.552 Y124.750
G1 X40.742 Y124.645
G1 X41.057 Y124.743
G1 X41.372 Y125.020
G1 X41.038 Y125.068
G1 X40.830 Y125.210
G1 X40.697 Y125.433
G1 X40.706 Y126.048
G1 X40.867 Y126.293
G1 X41.125 Y126.444
G1 X41.467 Y126.495
G1 X42.022 Y126.410
G1 X42.252 Y126.485
G1 X42.410 Y126.438
G1 X42.457 Y126.310
G1 X42.252 Y125.315
G1 X42.250 Y124.738
G1 X42.357 Y124.685
G1 X42.587 Y124.800
G1 X43.097 Y125.275
G1 X43.200 Y125.215
G1 X43.237 Y125.050
G1 X43.142 Y124.740
G1 X42.642 Y124.285
G1 X42.167 Y124.135
G1 X41.852 Y124.280
G1 X41.742 Y124.695
G1 X41.772 Y125.010
G1 X41.519 Y124.627
G1 X41.236 Y124.354
G1 X40.922 Y124.190
G1 X40.297 Y124.180
G1 X40.075 Y124.315
G1 X39.930 Y124.524
G0 Z5.000 F500.000
G0 X41.260 Y125.490 F3000.000
G1 Z1.000 F500.000
G4 P100
G1 X41.637 Y125.405 F1000.000
G1 X41.907 Y126.035
G1 X41.587 Y126.090
G1 X41.277 Y125.995
G1 X41.167 Y125.725
G1 X41.260 Y125.490
G0 Z5.000 F500.000
G0 X44.291 Y125.609 F3000.000
G1 Z1.000 F500.000
G4 P100
G1 X44.429 Y126.210 F1000.000
G1 X44.577 Y126.423
G1 X44.864 Y126.490
G1 X45.004 Y126.465
G1 X45.044 Y126.370
G1 X44.839 Y125.290
G1 X45.209 Y125.990
G1 X45.612 Y126.375
G1 X45.974 Y126.490
G1 X46.218 Y126.409
G1 X46.299 Y126.165
G1 X46.094 Y124.885
G1 X46.131 Y124.735
G1 X46.239 Y124.685
G1 X46.477 Y124.808
G1 X46.979 Y125.275
G1 X47.082 Y125.215
G1 X47.119 Y125.050
G1 X47.024 Y124.740
G1 X46.562 Y124.305
G1 X46.297 Y124.178
G1 X45.776 Y124.172
G1 X45.517 Y124.463
G1 X45.484 Y124.710
G1 X45.619 Y125.645
G1 X45.564 Y125.725
G1 X45.382 Y125.558
G1 X45.142 Y125.115
G1 X44.817 Y124.218
G1 X44.589 Y124.135
G1 X44.427 Y124.185
G1 X44.322 Y124.335
G1 X44.244 Y124.975
G1 X44.291 Y125.609
G0 Z5.000 F500.000
G0 X46.391 Y124.438 F3000.000
G1 Z1.000 F500.000
G4 P100
G1 X46.799 Y125.190 F1000.000
G1 X46.789 Y126.205
G1 X46.904 Y126.435
G1 X47.204 Y126.520
G1 X47.357 Y126.478
G1 X47.414 Y126.125
G1 X47.729 Y126.413
G1 X48.059 Y126.500
G1 X48.314 Y126.444
G1 X48.517 Y126.275
G1 X48.650 Y126.015
G1 X48.694 Y125.685
G1 X48.609 Y125.170
G1 X48.374 Y124.715
G1 X48.549 Y124.685
G1 X48.864 Y124.805
G1 X49.384 Y125.275
G1 X49.487 Y125.215
G1 X49.524 Y125.050
G1 X49.429 Y124.740
G1 X48.967 Y124.305
G1 X48.702 Y124.178
G1 X48.164 Y124.183
G1 X47.974 Y124.325
G1 X47.379 Y124.135
G1 X47.273 Y123.249
G1 X47.084 Y122.523
G1 X46.801 Y122.037
G1 X46.409 Y121.875
G1 X46.174 Y121.924
G1 X46.009 Y122.070
G1 X45.879 Y122.610
G1 X46.104 Y123.753
G1 X46.391 Y124.438
G0 Z5.000 F500.000
G0 X46.449 Y123.460 F3000.000
G1 Z1.000 F500.000
G4 P100
G1 X46.324 Y122.695 F1000.000
G1 X46.362 Y122.450
G1 X46.449 Y122.365
G1 X46.573 Y122.512
G1 X46.674 Y122.953
G1 X46.789 Y124.415
G1 X46.449 Y123.460
G0 Z5.000 F500.000
G0 X47.404 Y124.615 F3000.000
G1 Z1.000 F500.000
G4 P100
G1 X47.737 Y124.813 F1000.000
G1 X47.979 Y125.203
G1 X48.069 Y125.690
G1 X48.009 Y125.918
G1 X47.849 Y125.995
G1 X47.651 Y125.900
G1 X47.414 Y125.615
G1 X47.404 Y124.615
G0 Z5.000 F500.000
G0 X49.044 Y125.185 F3000.000
G1 Z1.000 F500.000
G4 P100
G1 X49.189 Y125.863 F1000.000
G1 X49.362 Y126.128
G1 X49.858 Y126.453
G1 X50.154 Y126.495
G1 X50.497 Y126.429
G1 X50.767 Y126.233
G1 X50.951 Y125.939
G1 X51.039 Y125.585
G1 X51.669 Y125.695
G1 X51.769 Y125.630
G1 X51.804 Y125.465
G1 X51.768 Y125.274
G1 X51.659 Y125.180
G1 X50.999 Y125.060
G1 X50.858 Y124.682
G1 X50.624 Y124.388
G1 X50.326 Y124.198
G1 X49.989 Y124.135
G1 X49.477 Y124.280
G1 X49.154 Y124.665
G1 X49.044 Y125.185
G0 Z5.000 F500.000
G0 X49.777 Y124.810 F3000.000
G1 Z1.000 F500.000
G4 P100
G1 X50.029 Y124.665 F1000.000
G1 X50.307 Y124.795
G1 X50.464 Y125.170
G1 X50.227 Y125.445
G1 X50.159 Y125.965
G1 X49.957 Y125.917
G1 X49.802 Y125.773
G1 X49.702 Y125.541
G1 X49.669 Y125.230
G1 X49.777 Y124.810
G0 Z5.000 F500.000
G0 X51.409 Y125.635 F3000.000
G1 Z1.000 F500.000
G4 P100
G1 X51.569 Y127.038 F1000.000
G1 X51.766 Y127.739
G1 X52.037 Y128.328
G1 X52.374 Y128.727
G1 X52.769 Y128.860
G1 X52.977 Y128.811
G1 X53.244 Y128.436
G1 X53.279 Y128.150
G1 X53.124 Y127.335
G1 X52.609 Y126.485
G1 X52.913 Y126.403
G1 X53.154 Y126.208
G1 X53.322 Y125.926
G1 X53.404 Y125.585
G1 X54.034 Y125.695
G1 X54.134 Y125.630
G1 X54.134 Y125.273
G1 X54.024 Y125.180
G1 X53.364 Y125.060
G1 X53.220 Y124.685
G1 X52.987 Y124.390
G1 X52.695 Y124.199
G1 X52.374 Y124.135
G1 X51.938 Y124.231
G1 X51.639 Y124.520
G1 X51.467 Y124.991
G1 X51.409 Y125.635
G0 Z5.000 F500.000
G0 X52.034 Y125.250 F3000.000
G1 Z1.000 F500.000
G4 P100
G1 X52.142 Y124.815 F1000.000
G1 X52.394 Y124.665
G1 X52.669 Y124.795
G1 X52.829 Y125.170
G1 X52.592 Y125.445
G1 X52.529 Y125.995
G1 X52.330 Y125.944
G1 X52.172 Y125.793
G1 X52.034 Y125.250
G0 Z5.000 F500.000
G0 X52.069 Y126.145 F3000.000
G1 Z1.000 F500.000
G4 P100
G1 X52.745 Y127.649 F1000.000
G1 X52.794 Y128.035
G1 X52.757 Y128.280
G1 X52.654 Y128.365
G1 X52.437 Y128.067
G1 X52.219 Y127.260
G1 X52.069 Y126.145
G0 Z5.000 F500.000
G0 X53.982 Y126.109 F3000.000
G1 Z1.000 F500.000
G4 P100
G1 X54.486 Y126.446 F1000.000
G1 X55.056 Y126.447
G1 X55.259 Y126.318
G1 X55.391 Y126.114
G1 X55.434 Y125.850
G1 X55.372 Y125.529
G1 X55.187 Y125.258
G1 X54.854 Y125.036
G1 X54.349 Y124.865
G1 X54.531 Y124.692
G1 X54.824 Y124.635
G1 X55.337 Y124.793
G1 X55.969 Y125.275
G1 X56.072 Y125.215
G1 X56.109 Y125.050
G1 X56.014 Y124.740
G1 X55.492 Y124.325
G1 X55.142 Y124.183
G1 X54.769 Y124.135
G1 X54.303 Y124.206
G1 X53.954 Y124.420
G1 X53.737 Y124.758
G1 X53.664 Y125.200
G1 X53.809 Y125.843
G1 X53.982 Y126.109
G0 Z5.000 F500.000
G0 X54.397 Y125.785 F3000.000
G1 Z1.000 F500.000
G4 P100
G1 X54.269 Y125.265 F1000.000
G1 X54.734 Y125.465
G1 X54.904 Y125.790
G1 X54.852 Y125.943
G1 X54.709 Y126.000
G1 X54.539 Y125.946
G1 X54.397 Y125.785
G0 Z5.000 F500.000
G0 X55.779 Y126.205 F3000.000
G1 Z1.000 F500.000
G4 P100
G1 X55.894 Y126.435 F1000.000
G1 X56.194 Y126.520
G1 X56.347 Y126.478
G1 X56.404 Y126.125
G1 X56.719 Y126.413
G1 X57.049 Y126.500
G1 X57.304 Y126.444
G1 X57.507 Y126.275
G1 X57.640 Y126.015
G1 X57.684 Y125.685
G1 X57.599 Y125.170
G1 X57.364 Y124.715
G1 X57.539 Y124.685
G1 X57.854 Y124.805
G1 X58.374 Y125.275
G1 X58.477 Y125.215
G1 X58.514 Y125.050
G1 X58.419 Y124.740
G1 X57.957 Y124.305
G1 X57.692 Y124.178
G1 X57.154 Y124.183
G1 X56.964 Y124.325
G1 X56.369 Y124.135
G1 X56.263 Y123.249
G1 X56.074 Y122.523
G1 X55.791 Y122.037
G1 X55.399 Y121.875
G1 X55.164 Y121.924
G1 X54.999 Y122.070
G1 X54.869 Y122.610
G1 X55.094 Y123.753
G1 X55.789 Y125.190
G1 X55.779 Y126.205
G0 Z5.000 F500.000
G0 X56.399 Y124.970 F3000.000
G1 Z1.000 F500.000
G4 P100
G1 X56.394 Y124.615 F1000.000
G1 X56.727 Y124.813
G1 X56.969 Y125.203
G1 X57.059 Y125.690
G1 X56.999 Y125.918
G1 X56.839 Y125.995
G1 X56.641 Y125.900
G1 X56.404 Y125.615
G1 X56.399 Y124.970
G0 Z5.000 F500.000
G0 X55.779 Y124.415 F3000.000
G1 Z1.000 F500.000
G4 P100
G1 X55.439 Y123.460 F1000.000
G1 X55.314 Y122.695
G1 X55.352 Y122.450
G1 X55.439 Y122.365
G1 X55.563 Y122.512
G1 X55.664 Y122.953
G1 X55.779 Y124.415
G0 Z5.000 F500.000
G0 X58.197 Y124.335 F3000.000
G1 Z1.000 F500.000
G4 P100
G1 X58.119 Y124.975 F1000.000
G1 X58.166 Y125.609
G1 X58.304 Y126.210
G1 X58.452 Y126.423
G1 X58.739 Y126.490
G1 X58.879 Y126.465
G1 X58.919 Y126.370
G1 X58.704 Y125.190
G1 X58.908 Y125.790
G1 X59.159 Y126.190
G1 X59.463 Y126.415
G1 X59.824 Y126.490
G1 X60.232 Y126.328
G1 X60.379 Y125.910
G1 X60.287 Y125.555
G1 X60.044 Y125.410
G1 X59.892 Y125.455
G1 X59.834 Y125.580
G1 X59.884 Y125.865
G1 X59.754 Y126.000
G1 X59.559 Y125.898
G1 X59.407 Y125.623
G1 X59.349 Y125.250
G1 X59.474 Y124.818
G1 X59.834 Y124.655
G1 X60.164 Y124.778
G1 X60.699 Y125.275
G1 X60.802 Y125.215
G1 X60.839 Y125.050
G1 X60.744 Y124.740
G1 X60.294 Y124.303
G1 X60.054 Y124.177
G1 X59.784 Y124.135
G1 X59.357 Y124.238
G1 X59.044 Y124.485
G1 X58.889 Y124.765
G1 X58.687 Y124.210
G1 X58.464 Y124.135
G1 X58.302 Y124.185
G1 X58.197 Y124.335
G0 Z5.000 F500.000
G0 X60.470 Y124.576 F3000.000
G1 Z1.000 F500.000
G4 P100
G1 X60.484 Y125.548 F1000.000
G1 X60.649 Y126.210
G1 X60.789 Y126.425
G1 X61.074 Y126.490
G1 X61.227 Y126.455
G1 X61.269 Y126.350
G1 X61.059 Y124.898
G1 X61.139 Y124.855
G1 X61.327 Y125.005
G1 X61.937 Y126.425
G1 X62.184 Y126.490
G1 X62.344 Y126.463
G1 X62.389 Y126.360
G1 X62.124 Y124.885
G1 X62.164 Y124.738
G1 X62.269 Y124.685
G1 X62.507 Y124.808
G1 X63.009 Y125.275
G1 X63.112 Y125.215
G1 X63.149 Y125.050
G1 X63.054 Y124.740
G1 X62.592 Y124.305
G1 X62.327 Y124.178
G1 X61.821 Y124.181
G1 X61.677 Y124.320
G1 X61.564 Y124.840
G1 X61.309 Y124.318
G1 X60.944 Y124.135
G1 X60.740 Y124.187
G1 X60.470 Y124.576
G0 Z5.000 F500.000
G0 X64.071 Y125.185 F3000.000
G1 Z1.000 F500.000
G4 P100
G1 X64.216 Y125.863 F1000.000
G1 X64.389 Y126.128
G1 X64.885 Y126.453
G1 X65.181 Y126.495
G1 X65.525 Y126.429
G1 X65.794 Y126.233
G1 X65.978 Y125.939
G1 X66.066 Y125.585
G1 X66.696 Y125.695
G1 X66.796 Y125.630
G1 X66.831 Y125.465
G1 X66.795 Y125.274
G1 X66.686 Y125.180
G1 X66.026 Y125.060
G1 X65.885 Y124.682
G1 X65.651 Y124.388
G1 X65.353 Y124.198
G1 X65.016 Y124.135
G1 X64.504 Y124.280
G1 X64.181 Y124.665
G1 X64.071 Y125.185
G0 Z5.000 F500.000
G0 X64.804 Y124.810 F3000.000
G1 Z1.000 F500.000
G4 P100
G1 X65.056 Y124.665 F1000.000
G1 X65.334 Y124.795
G1 X65.491 Y125.170
G1 X65.254 Y125.445
G1 X65.186 Y125.965
G1 X64.985 Y125.917
G1 X64.829 Y125.773
G1 X64.730 Y125.541
G1 X64.696 Y125.230
G1 X64.804 Y124.810
G0 Z5.000 F500.000
G0 X66.356 Y125.125 F3000.000
G1 Z1.000 F500.000
G4 P100
G1 X66.494 Y125.798 F1000.000
G1 X66.866 Y126.263
G1 X67.386 Y126.430
G1 X67.646 Y126.375
G1 X66.811 Y127.458
G1 X66.741 Y127.775
G1 X66.871 Y128.143
G1 X67.191 Y128.350
G1 X68.361 Y128.700
G1 X68.474 Y128.610
G1 X68.516 Y128.400
G1 X68.421 Y128.150
G1 X67.429 Y127.883
G1 X67.321 Y127.720
G1 X68.274 Y126.373
G1 X68.376 Y125.580
G1 X69.061 Y125.695
G1 X69.161 Y125.630
G1 X69.161 Y125.273
G1 X69.051 Y125.180
G1 X68.291 Y125.055
G1 X68.125 Y124.663
G1 X67.884 Y124.375
G1 X67.581 Y124.199
G1 X67.226 Y124.140
G1 X66.861 Y124.201
G1 X66.586 Y124.383
G1 X66.414 Y124.689
G1 X66.356 Y125.125
G0 Z5.000 F500.000
G0 X67.039 Y124.785 F3000.000
G1 Z1.000 F500.000
G4 P100
G1 X67.226 Y124.665 F1000.000
G1 X67.514 Y124.838
G1 X67.726 Y125.285
G1 X67.584 Y125.525
G1 X67.546 Y125.940
G1 X67.219 Y125.840
G1 X67.046 Y125.548
G1 X66.981 Y125.125
G1 X67.039 Y124.785
G0 Z5.000 F500.000
G0 X68.776 Y124.975 F3000.000
G1 Z1.000 F500.000
G4 P100
G1 X68.961 Y126.210 F1000.000
G1 X69.109 Y126.423
G1 X69.396 Y126.490
G1 X69.536 Y126.465
G1 X69.576 Y126.370
G1 X69.371 Y125.295
G1 X69.694 Y125.955
G1 X70.079 Y126.358
G1 X70.451 Y126.490
G1 X70.699 Y126.410
G1 X70.771 Y126.165
G1 X70.621 Y125.315
G1 X70.885 Y125.846
G1 X71.176 Y126.210
G1 X71.471 Y126.420
G1 X71.746 Y126.490
G1 X71.990 Y126.409
G1 X72.071 Y126.165
G1 X71.866 Y124.885
G1 X71.903 Y124.735
G1 X72.011 Y124.685
G1 X72.249 Y124.808
G1 X72.751 Y125.275
G1 X72.854 Y125.215
G1 X72.891 Y125.050
G1 X72.796 Y124.740
G1 X72.334 Y124.305
G1 X71.771 Y124.135
G1 X71.548 Y124.172
G1 X71.289 Y124.463
G1 X71.256 Y124.710
G1 X71.391 Y125.645
G1 X71.336 Y125.725
G1 X71.151 Y125.558
G1 X70.911 Y125.115
G1 X70.589 Y124.215
G1 X70.356 Y124.135
G1 X70.109 Y124.293
G1 X70.026 Y124.675
G1 X70.116 Y125.645
G1 X70.061 Y125.725
G1 X69.871 Y125.545
G1 X69.649 Y125.085
G1 X69.349 Y124.218
G1 X69.121 Y124.135
G1 X68.960 Y124.185
G1 X68.854 Y124.335
G1 X68.776 Y124.975
G0 Z5.000 F500.000
G0 X72.484 Y124.758 F3000.000
G1 Z1.000 F500.000
G4 P100
G1 X72.411 Y125.200 F1000.000
G1 X72.556 Y125.843
G1 X72.959 Y126.315
G1 X73.541 Y126.490
G1 X73.803 Y126.447
G1 X74.006 Y126.318
G1 X74.138 Y126.114
G1 X74.181 Y125.850
G1 X74.120 Y125.529
G1 X73.934 Y125.258
G1 X73.601 Y125.036
G1 X73.096 Y124.865
G1 X73.278 Y124.692
G1 X73.571 Y124.635
G1 X74.084 Y124.793
G1 X74.716 Y125.275
G1 X74.819 Y125.215
G1 X74.856 Y125.050
G1 X74.761 Y124.740
G1 X74.239 Y124.325
G1 X73.516 Y124.135
G1 X73.050 Y124.206
G1 X72.701 Y124.420
G1 X72.484 Y124.758
G0 Z5.000 F500.000
G0 X73.016 Y125.265 F3000.000
G1 Z1.000 F500.000
G4 P100
G1 X73.481 Y125.465 F1000.000
G1 X73.609 Y125.616
G1 X73.599 Y125.943
G1 X73.456 Y126.000
G1 X73.286 Y125.946
G1 X73.144 Y125.785
G1 X73.016 Y125.265
G0 Z5.000 F500.000
G0 X74.508 Y125.609 F3000.000
G1 Z1.000 F500.000
G4 P100
G1 X74.646 Y126.210 F1000.000
G1 X74.794 Y126.423
G1 X75.081 Y126.490
G1 X75.221 Y126.465
G1 X75.261 Y126.370
G1 X75.046 Y125.190
G1 X75.250 Y125.790
G1 X75.501 Y126.190
G1 X75.805 Y126.415
G1 X76.166 Y126.490
G1 X76.398 Y126.449
G1 X76.685 Y126.142
G1 X76.721 Y125.910
G1 X76.629 Y125.555
G1 X76.386 Y125.410
G1 X76.234 Y125.455
G1 X76.194 Y125.966
G1 X76.096 Y126.000
G1 X75.901 Y125.898
G1 X75.749 Y125.623
G1 X75.691 Y125.250
G1 X75.816 Y124.818
G1 X76.176 Y124.655
G1 X76.506 Y124.778
G1 X77.041 Y125.275
G1 X77.144 Y125.215
G1 X77.181 Y125.050
G1 X77.086 Y124.740
G1 X76.636 Y124.303
G1 X76.396 Y124.177
G1 X76.126 Y124.135
G1 X75.699 Y124.238
G1 X75.386 Y124.485
G1 X75.231 Y124.765
G1 X75.029 Y124.210
G1 X74.806 Y124.135
G1 X74.645 Y124.185
G1 X74.539 Y124.335
G1 X74.461 Y124.975
G1 X74.508 Y125.609
G0 Z5.000 F500.000
G0 X76.711 Y124.950 F3000.000
G1 Z1.000 F500.000
G4 P100
G1 X76.758 Y125.339 F1000.000
G1 X77.112 Y126.030
G1 X77.706 Y126.446
G1 X78.041 Y126.500
G1 X78.189 Y126.458
G1 X78.251 Y126.305
G1 X78.655 Y126.281
G1 X78.716 Y126.150
G1 X78.526 Y124.850
G1 X78.564 Y124.730
G1 X78.661 Y124.685
G1 X78.891 Y124.808
G1 X79.391 Y125.275
G1 X79.494 Y125.215
G1 X79.531 Y125.050
G1 X79.436 Y124.740
G1 X79.001 Y124.310
G1 X78.556 Y124.135
G1 X78.254 Y124.248
G1 X78.046 Y124.555
G1 X77.753 Y124.240
G1 X77.391 Y124.135
G1 X77.113 Y124.191
G1 X76.896 Y124.360
G1 X76.758 Y124.620
G1 X76.711 Y124.950
G0 Z5.000 F500.000
G0 X77.399 Y124.715 F3000.000
G1 Z1.000 F500.000
G4 P100
G1 X77.571 Y124.640 F1000.000
G1 X77.781 Y124.770
G1 X77.926 Y125.115
G1 X78.111 Y126.035
G1 X77.724 Y125.878
G1 X77.441 Y125.475
G1 X77.336 Y124.945
G1 X77.399 Y124.715
G0 Z5.000 F500.000
G0 X79.136 Y124.975 F3000.000
G1 Z1.000 F500.000
G4 P100
G1 X79.321 Y126.210 F1000.000
G1 X79.466 Y126.423
G1 X79.756 Y126.490
G1 X79.896 Y126.465
G1 X79.936 Y126.370
G1 X79.786 Y125.610
G1 X80.426 Y125.610
G1 X80.694 Y126.425
G1 X81.101 Y126.463
G1 X81.146 Y126.360
G1 X80.881 Y124.885
G1 X80.921 Y124.738
G1 X81.026 Y124.685
G1 X81.264 Y124.808
G1 X81.766 Y125.275
G1 X81.869 Y125.215
G1 X81.906 Y125.050
G1 X81.811 Y124.740
G1 X81.339 Y124.305
G1 X80.786 Y124.135
G1 X80.565 Y124.175
G1 X80.421 Y124.295
G1 X80.316 Y124.775
G1 X80.341 Y125.100
G1 X79.731 Y125.110
G1 X79.706 Y124.375
G1 X79.646 Y124.193
G1 X79.481 Y124.135
G1 X79.320 Y124.185
G1 X79.214 Y124.335
G1 X79.136 Y124.975
G0 Z5.000 F500.000
G0 X81.537 Y124.576 F3000.000
G1 Z1.000 F500.000
G4 P100
G1 X81.551 Y125.548 F1000.000
G1 X81.716 Y126.210
G1 X81.856 Y126.425
G1 X82.141 Y126.490
G1 X82.294 Y126.455
G1 X82.336 Y126.350
G1 X82.126 Y124.898
G1 X82.206 Y124.855
G1 X82.394 Y125.005
G1 X83.004 Y126.425
G1 X83.251 Y126.490
G1 X83.411 Y126.463
G1 X83.456 Y126.360
G1 X83.191 Y124.885
G1 X83.231 Y124.738
G1 X83.336 Y124.685
G1 X83.574 Y124.808
G1 X84.076 Y125.275
G1 X84.179 Y125.215
G1 X84.216 Y125.050
G1 X84.121 Y124.740
G1 X83.659 Y124.305
G1 X83.395 Y124.178
G1 X82.888 Y124.181
G1 X82.744 Y124.320
G1 X82.631 Y124.840
G1 X82.376 Y124.318
G1 X82.011 Y124.135
G1 X81.807 Y124.187
G1 X81.537 Y124.576
G0 Z5.000 F500.000
G0 X83.576 Y124.790 F3000.000
G1 Z1.000 F500.000
G4 P100
G1 X83.694 Y125.200 F1000.000
G1 X84.016 Y125.350
G1 X84.151 Y125.314
G1 X84.196 Y125.205
G1 X84.246 Y124.750
G1 X84.436 Y124.645
G1 X84.751 Y124.743
G1 X85.066 Y125.020
G1 X84.732 Y125.068
G1 X84.524 Y125.210
G1 X84.391 Y125.433
G1 X84.346 Y125.720
G1 X84.400 Y126.048
G1 X84.561 Y126.293
G1 X84.819 Y126.444
G1 X85.161 Y126.495
G1 X85.716 Y126.410
G1 X85.946 Y126.485
G1 X86.104 Y126.438
G1 X86.151 Y126.310
G1 X85.946 Y125.315
G1 X85.944 Y124.738
G1 X86.051 Y124.685
G1 X86.281 Y124.800
G1 X86.791 Y125.275
G1 X86.894 Y125.215
G1 X86.931 Y125.050
G1 X86.836 Y124.740
G1 X86.336 Y124.285
G1 X85.861 Y124.135
G1 X85.546 Y124.280
G1 X85.436 Y124.695
G1 X85.466 Y125.010
G1 X84.930 Y124.354
G1 X84.616 Y124.190
G1 X84.271 Y124.135
G1 X83.991 Y124.180
G1 X83.769 Y124.315
G1 X83.625 Y124.524
G1 X83.576 Y124.790
G0 Z5.000 F500.000
G0 X84.954 Y125.490 F3000.000
G1 Z1.000 F500.000
G4 P100
G1 X85.331 Y125.405 F1000.000
G1 X85.601 Y126.035
G1 X85.281 Y126.090
G1 X84.971 Y125.995
G1 X84.861 Y125.725
G1 X84.954 Y125.490
G0 Z5.000 F500.000
G0 X87.605 Y124.438 F3000.000
G1 Z1.000 F500.000
G4 P100
G1 X88.014 Y125.190 F1000.000
G1 X88.004 Y126.205
G1 X88.119 Y126.435
G1 X88.419 Y126.520
G1 X88.571 Y126.478
G1 X88.629 Y126.125
G1 X88.944 Y126.413
G1 X89.274 Y126.500
G1 X89.528 Y126.444
G1 X89.731 Y126.275
G1 X89.864 Y126.015
G1 X89.909 Y125.685
G1 X89.824 Y125.170
G1 X89.589 Y124.715
G1 X89.764 Y124.685
G1 X90.079 Y124.805
G1 X90.599 Y125.275
G1 X90.701 Y125.215
G1 X90.739 Y125.050
G1 X90.644 Y124.740
G1 X90.181 Y124.305
G1 X89.917 Y124.178
G1 X89.379 Y124.183
G1 X89.189 Y124.325
G1 X88.594 Y124.135
G1 X88.487 Y123.249
G1 X88.299 Y122.523
G1 X88.015 Y122.037
G1 X87.624 Y121.875
G1 X87.389 Y121.924
G1 X87.224 Y122.070
G1 X87.094 Y122.610
G1 X87.319 Y123.753
G1 X87.605 Y124.438
G0 Z5.000 F500.000
G0 X87.664 Y123.460 F3000.000
G1 Z1.000 F500.000
G4 P100
G1 X87.539 Y122.695 F1000.000
G1 X87.576 Y122.450
G1 X87.664 Y122.365
G1 X87.787 Y122.512
G1 X87.889 Y122.953
G1 X88.004 Y124.415
G1 X87.664 Y123.460
G0 Z5.000 F500.000
G0 X88.619 Y124.615 F3000.000
G1 Z1.000 F500.000
G4 P100
G1 X88.951 Y124.813 F1000.000
G1 X89.194 Y125.203
G1 X89.284 Y125.690
G1 X89.224 Y125.918
G1 X89.064 Y125.995
G1 X88.865 Y125.900
G1 X88.629 Y125.615
G1 X88.619 Y124.615
G0 Z5.000 F500.000
G0 X90.334 Y124.860 F3000.000
G1 Z1.000 F500.000
G4 P100
G1 X90.384 Y125.548 F1000.000
G1 X90.549 Y126.210
G1 X90.689 Y126.425
G1 X90.974 Y126.490
G1 X91.126 Y126.455
G1 X91.169 Y126.350
G1 X90.959 Y124.898
G1 X91.039 Y124.855
G1 X91.226 Y125.005
G1 X91.836 Y126.425
G1 X92.084 Y126.490
G1 X92.244 Y126.463
G1 X92.289 Y126.360
G1 X92.024 Y124.885
G1 X92.064 Y124.738
G1 X92.169 Y124.685
G1 X92.406 Y124.808
G1 X92.909 Y125.275
G1 X93.011 Y125.215
G1 X93.049 Y125.050
G1 X92.954 Y124.740
G1 X92.491 Y124.305
G1 X91.929 Y124.135
G1 X91.720 Y124.181
G1 X91.576 Y124.320
G1 X91.464 Y124.840
G1 X91.209 Y124.318
G1 X90.844 Y124.135
G1 X90.639 Y124.187
G1 X90.369 Y124.576
G1 X90.334 Y124.860
G0 Z5.000 F500.000
G0 X92.564 Y125.145 F3000.000
G1 Z1.000 F500.000
G4 P100
G1 X92.604 Y125.525 F1000.000
G1 X92.907 Y126.125
G1 X93.139 Y126.325
G1 X93.674 Y126.490
G1 X94.101 Y126.328
G1 X94.254 Y125.910
G1 X94.161 Y125.555
G1 X93.919 Y125.410
G1 X93.766 Y125.455
G1 X93.709 Y125.580
G1 X93.726 Y125.965
G1 X93.634 Y126.000
G1 X93.419 Y125.898
G1 X93.259 Y125.620
G1 X93.199 Y125.235
G1 X93.325 Y124.800
G1 X93.704 Y124.655
G1 X94.146 Y124.793
G1 X94.749 Y125.275
G1 X94.851 Y125.215
G1 X94.889 Y125.050
G1 X94.794 Y124.740
G1 X94.535 Y124.483
G1 X94.231 Y124.293
G1 X93.599 Y124.135
G1 X93.163 Y124.204
G1 X92.836 Y124.413
G1 X92.632 Y124.734
G1 X92.564 Y125.145
G0 Z5.000 F500.000
G0 X94.484 Y124.860 F3000.000
G1 Z1.000 F500.000
G4 P100
G1 X94.534 Y125.548 F1000.000
G1 X94.699 Y126.210
G1 X94.839 Y126.425
G1 X95.124 Y126.490
G1 X95.276 Y126.455
G1 X95.319 Y126.350
G1 X95.114 Y125.353
G1 X95.110 Y124.903
G1 X95.189 Y124.855
G1 X95.376 Y125.005
G1 X95.986 Y126.425
G1 X96.234 Y126.490
G1 X96.394 Y126.460
G1 X96.439 Y126.360
G1 X96.179 Y124.695
G1 X96.929 Y125.225
G1 X97.044 Y125.265
G1 X97.146 Y125.203
G1 X97.184 Y125.045
G1 X97.039 Y124.750
G1 X96.079 Y124.105
G1 X95.859 Y123.181
G1 X95.581 Y122.478
G1 X95.232 Y122.033
G1 X94.799 Y121.885
G1 X94.567 Y121.924
G1 X94.264 Y122.224
G1 X94.224 Y122.455
G1 X94.331 Y122.935
G1 X94.731 Y123.498
G1 X95.559 Y124.225
G1 X95.654 Y124.870
G1 X95.374 Y124.323
G1 X94.994 Y124.135
G1 X94.789 Y124.187
G1 X94.626 Y124.343
G1 X94.484 Y124.860
G0 Z5.000 F500.000
G0 X95.444 Y123.625 F3000.000
G1 Z1.000 F500.000
G4 P100
G1 X94.886 Y123.033 F1000.000
G1 X94.714 Y122.565
G1 X94.746 Y122.425
G1 X94.854 Y122.370
G1 X94.986 Y122.443
G1 X95.134 Y122.660
G1 X95.444 Y123.625
G0 Z5.000 F500.000
G0 X97.072 Y124.185 F3000.000
G1 Z1.000 F500.000
G4 P100
G1 X96.966 Y124.335 F1000.000
G1 X96.889 Y124.975
G1 X96.935 Y125.609
G1 X97.074 Y126.210
G1 X97.219 Y126.423
G1 X97.509 Y126.490
G1 X97.649 Y126.465
G1 X97.689 Y126.370
G1 X97.539 Y125.610
G1 X98.179 Y125.610
G1 X98.446 Y126.425
G1 X98.854 Y126.463
G1 X98.899 Y126.360
G1 X98.634 Y124.885
G1 X98.674 Y124.738
G1 X98.779 Y124.685
G1 X99.016 Y124.808
G1 X99.519 Y125.275
G1 X99.621 Y125.215
G1 X99.659 Y125.050
G1 X99.564 Y124.740
G1 X99.091 Y124.305
G1 X98.539 Y124.135
G1 X98.317 Y124.175
G1 X98.174 Y124.295
G1 X98.069 Y124.775
G1 X98.094 Y125.100
G1 X97.484 Y125.110
G1 X97.399 Y124.193
G1 X97.234 Y124.135
G1 X97.072 Y124.185
G0 Z5.000 F500.000
G0 X99.341 Y124.335 F3000.000
G1 Z1.000 F500.000
G4 P100
G1 X99.264 Y124.975 F1000.000
G1 X99.310 Y125.609
G1 X99.449 Y126.210
G1 X99.596 Y126.423
G1 X99.884 Y126.490
G1 X100.024 Y126.465
G1 X100.064 Y126.370
G1 X99.849 Y125.190
G1 X100.052 Y125.790
G1 X100.304 Y126.190
G1 X100.607 Y126.415
G1 X100.969 Y126.490
G1 X101.376 Y126.328
G1 X101.524 Y125.910
G1 X101.431 Y125.555
G1 X101.189 Y125.410
G1 X101.036 Y125.455
G1 X100.979 Y125.580
G1 X101.029 Y125.865
G1 X100.899 Y126.000
G1 X100.704 Y125.898
G1 X100.551 Y125.623
G1 X100.494 Y125.250
G1 X100.619 Y124.818
G1 X100.979 Y124.655
G1 X101.309 Y124.778
G1 X101.844 Y125.275
G1 X101.946 Y125.215
G1 X101.984 Y125.050
G1 X101.889 Y124.740
G1 X101.439 Y124.303
G1 X101.199 Y124.177
G1 X100.929 Y124.135
G1 X100.501 Y124.238
G1 X100.189 Y124.485
G1 X100.034 Y124.765
G1 X99.831 Y124.210
G1 X99.609 Y124.135
G1 X99.447 Y124.185
G1 X99.341 Y124.335
G0 Z5.000 F500.000
G0 X101.560 Y124.620 F3000.000
G1 Z1.000 F500.000
G4 P100
G1 X101.560 Y125.339 F1000.000
G1 X101.914 Y126.030
G1 X102.508 Y126.446
G1 X102.844 Y126.500
G1 X102.991 Y126.458
G1 X103.054 Y126.305
G1 X103.457 Y126.281
G1 X103.519 Y126.150
G1 X103.329 Y124.850
G1 X103.366 Y124.730
G1 X103.464 Y124.685
G1 X103.694 Y124.808
G1 X104.194 Y125.275
G1 X104.296 Y125.215
G1 X104.334 Y125.050
G1 X104.239 Y124.740
G1 X103.804 Y124.310
G1 X103.359 Y124.135
G1 X103.056 Y124.248
G1 X102.849 Y124.555
G1 X102.555 Y124.240
G1 X102.194 Y124.135
G1 X101.915 Y124.191
G1 X101.699 Y124.360
G1 X101.560 Y124.620
G0 Z5.000 F500.000
G0 X102.201 Y124.715 F3000.000
G1 Z1.000 F500.000
G4 P100
G1 X102.374 Y124.640 F1000.000
G1 X102.584 Y124.770
G1 X102.729 Y125.115
G1 X102.914 Y126.035
G1 X102.526 Y125.878
G1 X102.244 Y125.475
G1 X102.139 Y124.945
G1 X102.201 Y124.715
G0 Z5.000 F500.000
G0 X103.829 Y124.570 F3000.000
G1 Z1.000 F500.000
G4 P100
G1 X103.956 Y124.930 F1000.000
G1 X104.314 Y125.065
G1 X104.646 Y124.958
G1 X104.759 Y124.640
G1 X104.629 Y124.273
G1 X104.274 Y124.135
G1 X103.941 Y124.255
G1 X103.829 Y124.570
G0 Z5.000 F500.000
G0 X104.449 Y125.560 F3000.000
G1 Z1.000 F500.000
G4 P100
G1 X104.116 Y125.680 F1000.000
G1 X104.004 Y125.995
G1 X104.131 Y126.355
G1 X104.489 Y126.490
G1 X104.821 Y126.383
G1 X104.934 Y126.065
G1 X104.804 Y125.698
G1 X104.449 Y125.560
G0 Z5.000 F500.000
G0 X106.672 Y125.609 F3000.000
G1 Z1.000 F500.000
G4 P100
G1 X106.811 Y126.210 F1000.000
G1 X106.958 Y126.423
G1 X107.246 Y126.490
G1 X107.386 Y126.465
G1 X107.426 Y126.370
G1 X107.221 Y125.290
G1 X107.591 Y125.990
G1 X107.993 Y126.375
G1 X108.356 Y126.490
G1 X108.599 Y126.409
G1 X108.681 Y126.165
G1 X108.476 Y124.885
G1 X108.512 Y124.735
G1 X108.621 Y124.685
G1 X108.858 Y124.808
G1 X109.361 Y125.275
G1 X109.463 Y125.215
G1 X109.501 Y125.050
G1 X109.406 Y124.740
G1 X108.943 Y124.305
G1 X108.679 Y124.178
G1 X108.157 Y124.172
G1 X107.898 Y124.463
G1 X107.866 Y124.710
G1 X108.001 Y125.645
G1 X107.946 Y125.725
G1 X107.763 Y125.558
G1 X107.523 Y125.115
G1 X107.198 Y124.218
G1 X106.971 Y124.135
G1 X106.809 Y124.185
G1 X106.703 Y124.335
G1 X106.626 Y124.975
G1 X106.672 Y125.609
G0 Z5.000 F500.000
G0 X109.021 Y125.185 F3000.000
G1 Z1.000 F500.000
G4 P100
G1 X109.166 Y125.863 F1000.000
G1 X109.338 Y126.128
G1 X109.834 Y126.453
G1 X110.131 Y126.495
G1 X110.474 Y126.429
G1 X110.743 Y126.233
G1 X110.928 Y125.939
G1 X111.016 Y125.585
G1 X111.646 Y125.695
G1 X111.746 Y125.630
G1 X111.781 Y125.465
G1 X111.744 Y125.274
G1 X111.636 Y125.180
G1 X110.976 Y125.060
G1 X110.834 Y124.682
G1 X110.601 Y124.388
G1 X110.302 Y124.198
G1 X109.966 Y124.135
G1 X109.453 Y124.280
G1 X109.131 Y124.665
G1 X109.021 Y125.185
G0 Z5.000 F500.000
G0 X109.753 Y124.810 F3000.000
G1 Z1.000 F500.000
G4 P100
G1 X110.006 Y124.665 F1000.000
G1 X110.283 Y124.795
G1 X110.441 Y125.170
G1 X110.203 Y125.445
G1 X110.136 Y125.965
G1 X109.934 Y125.917
G1 X109.778 Y125.773
G1 X109.679 Y125.541
G1 X109.646 Y125.230
G1 X109.753 Y124.810
G0 Z5.000 F500.000
G0 X111.116 Y124.790 F3000.000
G1 Z1.000 F500.000
G4 P100
G1 X111.231 Y125.195 F1000.000
G1 X111.556 Y125.350
G1 X111.698 Y125.310
G1 X111.736 Y125.200
G1 X111.718 Y124.735
G1 X111.786 Y124.690
G1 X111.898 Y124.765
G1 X112.736 Y126.403
G1 X113.036 Y126.480
G1 X113.316 Y126.405
G1 X113.406 Y126.160
G1 X113.429 Y124.791
G1 X113.591 Y124.660
G1 X113.768 Y124.745
G1 X114.301 Y125.275
G1 X114.403 Y125.215
G1 X114.441 Y125.050
G1 X114.346 Y124.740
G1 X114.058 Y124.428
G1 X113.758 Y124.223
G1 X113.356 Y124.135
G1 X113.103 Y124.193
G1 X112.936 Y124.368
G1 X112.842 Y124.659
G1 X112.831 Y125.525
G1 X112.600 Y124.936
G1 X112.328 Y124.500
G1 X112.015 Y124.230
G1 X111.661 Y124.140
G1 X111.433 Y124.186
G1 X111.261 Y124.325
G1 X111.116 Y124.790
G0 Z5.000 F500.000
G0 X114.021 Y125.185 F3000.000
G1 Z1.000 F500.000
G4 P100
G1 X114.166 Y125.863 F1000.000
G1 X114.338 Y126.128
G1 X114.834 Y126.453
G1 X115.131 Y126.495
G1 X115.474 Y126.429
G1 X115.743 Y126.233
G1 X115.928 Y125.939
G1 X116.016 Y125.585
G1 X116.646 Y125.695
G1 X116.746 Y125.630
G1 X116.781 Y125.465
G1 X116.744 Y125.274
G1 X116.636 Y125.180
G1 X115.976 Y125.060
G1 X115.834 Y124.682
G1 X115.601 Y124.388
G1 X115.302 Y124.198
G1 X114.966 Y124.135
G1 X114.453 Y124.280
G1 X114.131 Y124.665
G1 X114.021 Y125.185
G0 Z5.000 F500.000
G0 X114.753 Y124.810 F3000.000
G1 Z1.000 F500.000
G4 P100
G1 X115.006 Y124.665 F1000.000
G1 X115.283 Y124.795
G1 X115.441 Y125.170
G1 X115.203 Y125.445
G1 X115.136 Y125.965
G1 X114.934 Y125.917
G1 X114.778 Y125.773
G1 X114.679 Y125.541
G1 X114.646 Y125.230
G1 X114.753 Y124.810
G0 Z5.000 F500.000
G0 X116.196 Y124.725 F3000.000
G1 Z1.000 F500.000
G4 P100
G1 X116.311 Y125.130 F1000.000
G1 X116.636 Y125.285
G1 X116.771 Y125.251
G1 X116.816 Y125.150
G1 X116.823 Y124.708
G1 X116.921 Y124.670
G1 X117.103 Y124.783
G1 X117.248 Y125.090
G1 X117.306 Y125.520
G1 X117.261 Y125.823
G1 X117.151 Y125.945
G1 X117.071 Y125.918
G1 X116.941 Y125.698
G1 X116.766 Y125.650
G1 X116.591 Y125.728
G1 X116.526 Y125.965
G1 X116.688 Y126.363
G1 X117.096 Y126.510
G1 X117.498 Y126.323
G1 X117.781 Y125.750
G1 X117.866 Y126.255
G1 X117.996 Y126.440
G1 X118.391 Y126.460
G1 X118.431 Y126.360
G1 X118.231 Y125.190
G1 X118.531 Y125.958
G1 X118.878 Y126.365
G1 X119.326 Y126.490
G1 X119.558 Y126.449
G1 X119.844 Y126.142
G1 X119.881 Y125.910
G1 X119.788 Y125.555
G1 X119.546 Y125.410
G1 X119.393 Y125.455
G1 X119.353 Y125.966
G1 X119.256 Y126.000
G1 X119.061 Y125.898
G1 X118.908 Y125.623
G1 X118.851 Y125.250
G1 X118.976 Y124.818
G1 X119.336 Y124.655
G1 X119.666 Y124.778
G1 X120.201 Y125.275
G1 X120.303 Y125.215
G1 X120.341 Y125.050
G1 X120.246 Y124.740
G1 X119.796 Y124.303
G1 X119.286 Y124.135
G1 X118.856 Y124.255
G1 X118.551 Y124.558
G1 X118.401 Y124.925
G1 X118.241 Y124.305
G1 X118.138 Y124.175
G1 X117.986 Y124.135
G1 X117.816 Y124.220
G1 X117.766 Y124.490
G1 X117.876 Y125.370
G1 X117.598 Y124.725
G1 X117.278 Y124.310
G1 X117.058 Y124.183
G1 X116.544 Y124.180
G1 X116.236 Y124.486
G1 X116.196 Y124.725
G0 Z5.000 F500.000
G0 X119.861 Y125.200 F3000.000
G1 Z1.000 F500.000
G4 P100
G1 X120.006 Y125.843 F1000.000
G1 X120.179 Y126.109
G1 X120.683 Y126.446
G1 X120.991 Y126.490
G1 X121.252 Y126.447
G1 X121.456 Y126.318
G1 X121.587 Y126.114
G1 X121.631 Y125.850
G1 X121.569 Y125.529
G1 X121.383 Y125.258
G1 X121.050 Y125.036
G1 X120.546 Y124.865
G1 X120.727 Y124.692
G1 X121.021 Y124.635
G1 X121.533 Y124.793
G1 X122.166 Y125.275
G1 X122.268 Y125.215
G1 X122.306 Y125.050
G1 X122.211 Y124.740
G1 X121.688 Y124.325
G1 X120.966 Y124.135
G1 X120.499 Y124.206
G1 X120.151 Y124.420
G1 X119.933 Y124.758
G1 X119.861 Y125.200
G0 Z5.000 F500.000
G0 X120.466 Y125.265 F3000.000
G1 Z1.000 F500.000
G4 P100
G1 X120.931 Y125.465 F1000.000
G1 X121.058 Y125.616
G1 X121.048 Y125.943
G1 X120.906 Y126.000
G1 X120.735 Y125.946
G1 X120.593 Y125.785
G1 X120.466 Y125.265
G0 Z5.000 F500.000
G0 X121.957 Y125.609 F3000.000
G1 Z1.000 F500.000
G4 P100
G1 X122.096 Y126.210 F1000.000
G1 X122.241 Y126.423
G1 X122.531 Y126.490
G1 X122.671 Y126.465
G1 X122.711 Y126.370
G1 X122.561 Y125.610
G1 X123.201 Y125.610
G1 X123.468 Y126.425
G1 X123.876 Y126.463
G1 X123.921 Y126.360
G1 X123.656 Y124.885
G1 X123.696 Y124.738
G1 X123.801 Y124.685
G1 X124.038 Y124.808
G1 X124.541 Y125.275
G1 X124.643 Y125.215
G1 X124.681 Y125.050
G1 X124.586 Y124.740
G1 X124.113 Y124.305
G1 X123.561 Y124.135
G1 X123.339 Y124.175
G1 X123.196 Y124.295
G1 X123.091 Y124.775
G1 X123.116 Y125.100
G1 X122.506 Y125.110
G1 X122.481 Y124.375
G1 X122.421 Y124.193
G1 X122.256 Y124.135
G1 X122.094 Y124.185
G1 X121.988 Y124.335
G1 X121.911 Y124.975
G1 X121.957 Y125.609
G0 Z5.000 F500.000
G0 X124.276 Y124.860 F3000.000
G1 Z1.000 F500.000
G4 P100
G1 X124.326 Y125.548 F1000.000
G1 X124.491 Y126.210
G1 X124.631 Y126.425
G1 X124.916 Y126.490
G1 X125.068 Y126.455
G1 X125.111 Y126.350
G1 X124.901 Y124.898
G1 X124.981 Y124.855
G1 X125.168 Y125.005
G1 X125.778 Y126.425
G1 X126.026 Y126.490
G1 X126.186 Y126.463
G1 X126.231 Y126.360
G1 X125.966 Y124.885
G1 X126.006 Y124.738
G1 X126.111 Y124.685
G1 X126.348 Y124.808
G1 X126.851 Y125.275
G1 X126.953 Y125.215
G1 X126.991 Y125.050
G1 X126.896 Y124.740
G1 X126.433 Y124.305
G1 X125.871 Y124.135
G1 X125.663 Y124.181
G1 X125.518 Y124.320
G1 X125.406 Y124.840
G1 X125.151 Y124.318
G1 X124.786 Y124.135
G1 X124.581 Y124.187
G1 X124.311 Y124.576
G1 X124.276 Y124.860
G0 Z5.000 F500.000
G0 X126.583 Y124.758 F3000.000
G1 Z1.000 F500.000
G4 P100
G1 X126.511 Y125.200 F1000.000
G1 X126.656 Y125.843
G1 X127.058 Y126.315
G1 X127.641 Y126.490
G1 X127.902 Y126.447
G1 X128.106 Y126.318
G1 X128.237 Y126.114
G1 X128.281 Y125.850
G1 X128.219 Y125.529
G1 X128.033 Y125.258
G1 X127.700 Y125.036
G1 X127.196 Y124.865
G1 X127.377 Y124.692
G1 X127.671 Y124.635
G1 X128.183 Y124.793
G1 X128.816 Y125.275
G1 X128.918 Y125.215
G1 X128.956 Y125.050
G1 X128.861 Y124.740
G1 X128.338 Y124.325
G1 X127.616 Y124.135
G1 X127.149 Y124.206
G1 X126.801 Y124.420
G1 X126.583 Y124.758
G0 Z5.000 F500.000
G0 X127.116 Y125.265 F3000.000
G1 Z1.000 F500.000
G4 P100
G1 X127.581 Y125.465 F1000.000
G1 X127.708 Y125.616
G1 X127.698 Y125.943
G1 X127.556 Y126.000
G1 X127.385 Y125.946
G1 X127.243 Y125.785
G1 X127.116 Y125.265
G0 Z5.000 F500.000
G0 X129.913 Y125.525 F3000.000
G1 Z1.000 F500.000
G4 P100
G1 X130.033 Y125.855 F1000.000
G1 X130.448 Y126.325
G1 X130.709 Y126.449
G1 X131.227 Y126.449
G1 X131.525 Y126.142
G1 X131.563 Y125.910
G1 X131.470 Y125.555
G1 X131.228 Y125.410
G1 X131.075 Y125.455
G1 X131.035 Y125.965
G1 X130.943 Y126.000
G1 X130.728 Y125.898
G1 X130.568 Y125.620
G1 X130.508 Y125.235
G1 X130.634 Y124.800
G1 X131.013 Y124.655
G1 X131.455 Y124.793
G1 X132.058 Y125.275
G1 X132.160 Y125.215
G1 X132.198 Y125.050
G1 X132.103 Y124.740
G1 X131.540 Y124.293
G1 X130.908 Y124.135
G1 X130.472 Y124.204
G1 X130.145 Y124.413
G1 X129.941 Y124.734
G1 X129.873 Y125.145
G1 X129.913 Y125.525
G0 Z5.000 F500.000
G0 X131.803 Y124.975 F3000.000
G1 Z1.000 F500.000
G4 P100
G1 X131.988 Y126.210 F1000.000
G1 X132.135 Y126.423
G1 X132.423 Y126.490
G1 X132.563 Y126.465
G1 X132.603 Y126.370
G1 X132.398 Y125.295
G1 X132.720 Y125.955
G1 X133.105 Y126.358
G1 X133.478 Y126.490
G1 X133.725 Y126.410
G1 X133.798 Y126.165
G1 X133.648 Y125.315
G1 X133.912 Y125.846
G1 X134.203 Y126.210
G1 X134.498 Y126.420
G1 X134.773 Y126.490
G1 X135.017 Y126.409
G1 X135.098 Y126.165
G1 X134.893 Y124.885
G1 X134.929 Y124.735
G1 X135.038 Y124.685
G1 X135.275 Y124.808
G1 X135.778 Y125.275
G1 X135.880 Y125.215
G1 X135.918 Y125.050
G1 X135.823 Y124.740
G1 X135.360 Y124.305
G1 X134.798 Y124.135
G1 X134.574 Y124.172
G1 X134.315 Y124.463
G1 X134.283 Y124.710
G1 X134.418 Y125.645
G1 X134.363 Y125.725
G1 X134.178 Y125.558
G1 X133.938 Y125.115
G1 X133.615 Y124.215
G1 X133.383 Y124.135
G1 X133.135 Y124.293
G1 X133.053 Y124.675
G1 X133.143 Y125.645
G1 X133.088 Y125.725
G1 X132.898 Y125.545
G1 X132.675 Y125.085
G1 X132.375 Y124.218
G1 X132.148 Y124.135
G1 X131.986 Y124.185
G1 X131.880 Y124.335
G1 X131.803 Y124.975
G0 Z5.000 F500.000
G0 X134.903 Y123.753 F3000.000
G1 Z1.000 F500.000
G4 P100
G1 X135.598 Y125.190 F1000.000
G1 X135.588 Y126.205
G1 X135.703 Y126.435
G1 X136.003 Y126.520
G1 X136.155 Y126.478
G1 X136.213 Y126.125
G1 X136.528 Y126.413
G1 X136.858 Y126.500
G1 X137.112 Y126.444
G1 X137.315 Y126.275
G1 X137.448 Y126.015
G1 X137.493 Y125.685
G1 X137.408 Y125.170
G1 X137.173 Y124.715
G1 X137.348 Y124.685
G1 X137.663 Y124.805
G1 X138.048 Y125.205
G1 X138.183 Y125.275
G1 X138.285 Y125.215
G1 X138.323 Y125.050
G1 X138.228 Y124.740
G1 X137.765 Y124.305
G1 X137.203 Y124.135
G1 X136.963 Y124.183
G1 X136.773 Y124.325
G1 X136.178 Y124.135
G1 X136.072 Y123.249
G1 X135.883 Y122.523
G1 X135.599 Y122.037
G1 X135.417 Y121.915
G1 X134.973 Y121.924
G1 X134.808 Y122.070
G1 X134.710 Y122.303
G1 X134.734 Y123.141
G1 X134.903 Y123.753
G0 Z5.000 F500.000
G0 X135.123 Y122.695 F3000.000
G1 Z1.000 F500.000
G4 P100
G1 X135.160 Y122.450 F1000.000
G1 X135.248 Y122.365
G1 X135.372 Y122.512
G1 X135.473 Y122.953
G1 X135.588 Y124.415
G1 X135.248 Y123.460
G1 X135.123 Y122.695
G0 Z5.000 F500.000
G0 X136.203 Y124.615 F3000.000
G1 Z1.000 F500.000
G4 P100
G1 X136.535 Y124.813 F1000.000
G1 X136.778 Y125.203
G1 X136.868 Y125.690
G1 X136.808 Y125.918
G1 X136.648 Y125.995
G1 X136.449 Y125.900
G1 X136.213 Y125.615
G1 X136.203 Y124.615
G0 Z5.000 F500.000
G0 X137.843 Y125.185 F3000.000
G1 Z1.000 F500.000
G4 P100
G1 X137.988 Y125.863 F1000.000
G1 X138.160 Y126.128
G1 X138.657 Y126.453
G1 X138.953 Y126.495
G1 X139.296 Y126.429
G1 X139.565 Y126.233
G1 X139.750 Y125.939
G1 X139.838 Y125.585
G1 X140.468 Y125.695
G1 X140.568 Y125.630
G1 X140.603 Y125.465
G1 X140.567 Y125.274
G1 X140.458 Y125.180
G1 X139.798 Y125.060
G1 X139.657 Y124.682
G1 X139.423 Y124.388
G1 X139.124 Y124.198
G1 X138.788 Y124.135
G1 X138.275 Y124.280
G1 X137.953 Y124.665
G1 X137.843 Y125.185
G0 Z5.000 F500.000
G0 X138.575 Y124.810 F3000.000
G1 Z1.000 F500.000
G4 P100
G1 X138.828 Y124.665 F1000.000
G1 X139.105 Y124.795
G1 X139.263 Y125.170
G1 X139.025 Y125.445
G1 X138.958 Y125.965
G1 X138.756 Y125.917
G1 X138.600 Y125.773
G1 X138.501 Y125.541
G1 X138.468 Y125.230
G1 X138.575 Y124.810
G0 Z5.000 F500.000
G0 X140.183 Y124.975 F3000.000
G1 Z1.000 F500.000
G4 P100
G1 X140.368 Y126.210 F1000.000
G1 X140.515 Y126.423
G1 X140.803 Y126.490
G1 X140.943 Y126.465
G1 X140.983 Y126.370
G1 X140.768 Y125.190
G1 X140.972 Y125.790
G1 X141.223 Y126.190
G1 X141.527 Y126.415
G1 X141.888 Y126.490
G1 X142.295 Y126.328
G1 X142.443 Y125.910
G1 X142.350 Y125.555
G1 X142.108 Y125.410
G1 X141.955 Y125.455
G1 X141.898 Y125.580
G1 X141.915 Y125.966
G1 X141.818 Y126.000
G1 X141.623 Y125.898
G1 X141.470 Y125.623
G1 X141.413 Y125.250
G1 X141.538 Y124.818
G1 X141.898 Y124.655
G1 X142.228 Y124.778
G1 X142.763 Y125.275
G1 X142.865 Y125.215
G1 X142.903 Y125.050
G1 X142.808 Y124.740
G1 X142.358 Y124.303
G1 X141.848 Y124.135
G1 X141.420 Y124.238
G1 X141.108 Y124.485
G1 X140.953 Y124.765
G1 X140.750 Y124.210
G1 X140.528 Y124.135
G1 X140.366 Y124.185
G1 X140.260 Y124.335
G1 X140.183 Y124.975
G0 Z5.000 F500.000
G0 X143.910 Y124.975 F3000.000
G1 Z1.000 F500.000
G4 P100
G1 X144.095 Y126.210 F1000.000
G1 X144.240 Y126.423
G1 X144.530 Y126.490
G1 X144.670 Y126.465
G1 X144.710 Y126.370
G1 X144.560 Y125.610
G1 X145.200 Y125.610
G1 X145.467 Y126.425
G1 X145.875 Y126.463
G1 X145.920 Y126.360
G1 X145.655 Y124.885
G1 X145.695 Y124.738
G1 X145.800 Y124.685
G1 X146.037 Y124.808
G1 X146.540 Y125.275
G1 X146.642 Y125.215
G1 X146.680 Y125.050
G1 X146.585 Y124.740
G1 X146.113 Y124.305
G1 X145.560 Y124.135
G1 X145.339 Y124.175
G1 X145.195 Y124.295
G1 X145.090 Y124.775
G1 X145.115 Y125.100
G1 X144.505 Y125.110
G1 X144.480 Y124.375
G1 X144.420 Y124.193
G1 X144.255 Y124.135
G1 X144.093 Y124.185
G1 X143.988 Y124.335
G1 X143.910 Y124.975
G0 Z5.000 F500.000
G0 X146.272 Y124.758 F3000.000
G1 Z1.000 F500.000
G4 P100
G1 X146.200 Y125.200 F1000.000
G1 X146.345 Y125.843
G1 X146.748 Y126.315
G1 X147.330 Y126.490
G1 X147.591 Y126.447
G1 X147.795 Y126.318
G1 X147.926 Y126.114
G1 X147.970 Y125.850
G1 X147.908 Y125.529
G1 X147.722 Y125.258
G1 X147.389 Y125.036
G1 X146.885 Y124.865
G1 X147.066 Y124.692
G1 X147.360 Y124.635
G1 X147.873 Y124.793
G1 X148.505 Y125.275
G1 X148.608 Y125.215
G1 X148.645 Y125.050
G1 X148.550 Y124.740
G1 X148.028 Y124.325
G1 X147.305 Y124.135
G1 X146.839 Y124.206
G1 X146.490 Y124.420
G1 X146.272 Y124.758
G0 Z5.000 F500.000
G0 X146.805 Y125.265 F3000.000
G1 Z1.000 F500.000
G4 P100
G1 X147.270 Y125.465 F1000.000
G1 X147.397 Y125.616
G1 X147.387 Y125.943
G1 X147.245 Y126.000
G1 X147.074 Y125.946
G1 X146.933 Y125.785
G1 X146.805 Y125.265
G0 Z5.000 F500.000
G0 X22.940 Y114.948 F3000.000
G1 Z1.000 F500.000
G4 P100
G1 X22.795 Y114.653 F1000.000
G1 X21.845 Y114.008
G1 X21.626 Y113.084
G1 X21.348 Y112.381
G1 X20.998 Y111.936
G1 X20.565 Y111.788
G1 X20.150 Y111.946
G1 X19.990 Y112.358
G1 X20.060 Y112.726
G1 X20.270 Y113.121
G1 X20.672 Y113.575
G1 X21.320 Y114.123
G1 X21.350 Y114.318
G1 X21.128 Y114.111
G1 X20.855 Y114.038
G1 X20.576 Y114.094
G1 X20.360 Y114.263
G1 X20.221 Y114.523
G1 X20.221 Y115.242
G1 X20.576 Y115.933
G1 X21.169 Y116.349
G1 X21.505 Y116.403
G1 X21.652 Y116.361
G1 X21.715 Y116.208
G1 X22.113 Y116.191
G1 X22.160 Y115.948
G1 X21.945 Y114.598
G1 X22.685 Y115.128
G1 X22.800 Y115.168
G1 X22.902 Y115.106
G1 X22.940 Y114.948
G0 Z5.000 F500.000
G0 X21.405 Y115.083 F3000.000
G1 Z1.000 F500.000
G4 P100
G1 X21.565 Y115.938 F1000.000
G1 X21.185 Y115.781
G1 X20.905 Y115.378
G1 X20.800 Y114.848
G1 X20.863 Y114.618
G1 X21.035 Y114.543
G1 X21.255 Y114.683
G1 X21.405 Y115.083
G0 Z5.000 F500.000
G0 X21.205 Y113.528 F3000.000
G1 Z1.000 F500.000
G4 P100
G1 X20.650 Y112.933 F1000.000
G1 X20.480 Y112.468
G1 X20.512 Y112.328
G1 X20.620 Y112.273
G1 X20.753 Y112.348
G1 X20.902 Y112.573
G1 X21.205 Y113.528
G0 Z5.000 F500.000
G0 X22.992 Y114.183 F3000.000
G1 Z1.000 F500.000
G4 P100
G1 X22.670 Y114.568 F1000.000
G1 X22.560 Y115.088
G1 X22.705 Y115.766
G1 X23.105 Y116.231
G1 X23.670 Y116.398
G1 X24.013 Y116.332
G1 X24.282 Y116.136
G1 X24.467 Y115.842
G1 X24.555 Y115.488
G1 X25.185 Y115.598
G1 X25.285 Y115.533
G1 X25.284 Y115.177
G1 X25.175 Y115.083
G1 X24.515 Y114.963
G1 X24.374 Y114.585
G1 X24.140 Y114.291
G1 X23.841 Y114.101
G1 X23.505 Y114.038
G1 X22.992 Y114.183
G0 Z5.000 F500.000
G0 X23.545 Y114.568 F3000.000
G1 Z1.000 F500.000
G4 P100
G1 X23.822 Y114.698 F1000.000
G1 X23.980 Y115.073
G1 X23.742 Y115.348
G1 X23.675 Y115.868
G1 X23.473 Y115.820
G1 X23.317 Y115.676
G1 X23.185 Y115.133
G1 X23.293 Y114.713
G1 X23.545 Y114.568
G0 Z5.000 F500.000
G0 X24.655 Y114.693 F3000.000
G1 Z1.000 F500.000
G4 P100
G1 X24.770 Y115.098 F1000.000
G1 X25.095 Y115.253
G1 X25.237 Y115.213
G1 X25.275 Y115.103
G1 X25.258 Y114.638
G1 X25.325 Y114.593
G1 X25.438 Y114.668
G1 X26.275 Y116.306
G1 X26.575 Y116.383
G1 X26.855 Y116.308
G1 X26.945 Y116.063
G1 X26.969 Y114.694
G1 X27.130 Y114.563
G1 X27.307 Y114.648
G1 X27.840 Y115.178
G1 X27.942 Y115.118
G1 X27.980 Y114.953
G1 X27.885 Y114.643
G1 X27.597 Y114.331
G1 X27.297 Y114.126
G1 X26.895 Y114.038
G1 X26.642 Y114.096
G1 X26.475 Y114.271
G1 X26.381 Y114.562
G1 X26.370 Y115.428
G1 X26.139 Y114.839
G1 X25.867 Y114.403
G1 X25.554 Y114.133
G1 X25.200 Y114.043
G1 X24.972 Y114.089
G1 X24.800 Y114.228
G1 X24.655 Y114.693
G0 Z5.000 F500.000
G0 X27.480 Y114.628 F3000.000
G1 Z1.000 F500.000
G4 P100
G1 X27.595 Y115.033 F1000.000
G1 X27.920 Y115.188
G1 X28.055 Y115.154
G1 X28.100 Y115.053
G1 X28.108 Y114.611
G1 X28.205 Y114.573
G1 X28.388 Y114.686
G1 X28.532 Y114.993
G1 X28.590 Y115.423
G1 X28.545 Y115.726
G1 X28.435 Y115.848
G1 X28.355 Y115.821
G1 X28.225 Y115.601
G1 X28.050 Y115.553
G1 X27.875 Y115.631
G1 X27.810 Y115.868
G1 X27.972 Y116.266
G1 X28.380 Y116.413
G1 X28.782 Y116.226
G1 X29.065 Y115.653
G1 X29.150 Y116.158
G1 X29.280 Y116.343
G1 X29.675 Y116.363
G1 X29.715 Y116.263
G1 X29.515 Y115.093
G1 X29.815 Y115.861
G1 X30.163 Y116.268
G1 X30.610 Y116.393
G1 X30.842 Y116.352
G1 X31.128 Y116.045
G1 X31.165 Y115.813
G1 X31.072 Y115.458
G1 X30.830 Y115.313
G1 X30.678 Y115.358
G1 X30.637 Y115.869
G1 X30.540 Y115.903
G1 X30.345 Y115.801
G1 X30.192 Y115.526
G1 X30.135 Y115.153
G1 X30.260 Y114.721
G1 X30.620 Y114.558
G1 X30.950 Y114.681
G1 X31.485 Y115.178
G1 X31.587 Y115.118
G1 X31.625 Y114.953
G1 X31.530 Y114.643
G1 X31.080 Y114.206
G1 X30.570 Y114.038
G1 X30.140 Y114.158
G1 X29.835 Y114.461
G1 X29.685 Y114.828
G1 X29.525 Y114.208
G1 X29.422 Y114.078
G1 X29.270 Y114.038
G1 X29.100 Y114.123
G1 X29.050 Y114.393
G1 X29.160 Y115.273
G1 X28.883 Y114.628
G1 X28.562 Y114.213
G1 X28.342 Y114.086
G1 X27.829 Y114.083
G1 X27.520 Y114.389
G1 X27.480 Y114.628
G0 Z5.000 F500.000
G0 X31.230 Y114.878 F3000.000
G1 Z1.000 F500.000
G4 P100
G1 X31.415 Y116.113 F1000.000
G1 X31.560 Y116.326
G1 X31.850 Y116.393
G1 X31.990 Y116.368
G1 X32.030 Y116.273
G1 X31.880 Y115.513
G1 X32.520 Y115.513
G1 X32.788 Y116.328
G1 X33.195 Y116.366
G1 X33.240 Y116.263
G1 X32.975 Y114.788
G1 X33.015 Y114.641
G1 X33.120 Y114.588
G1 X33.358 Y114.711
G1 X33.860 Y115.178
G1 X33.962 Y115.118
G1 X34.000 Y114.953
G1 X33.905 Y114.643
G1 X33.433 Y114.208
G1 X32.880 Y114.038
G1 X32.659 Y114.078
G1 X32.515 Y114.198
G1 X32.410 Y114.678
G1 X32.435 Y115.003
G1 X31.825 Y115.013
G1 X31.800 Y114.278
G1 X31.740 Y114.096
G1 X31.575 Y114.038
G1 X31.413 Y114.088
G1 X31.308 Y114.238
G1 X31.230 Y114.878
G0 Z5.000 F500.000
G0 X33.630 Y114.568 F3000.000
G1 Z1.000 F500.000
G4 P100
G1 X33.520 Y115.088 F1000.000
G1 X33.665 Y115.766
G1 X33.837 Y116.031
G1 X34.334 Y116.356
G1 X34.630 Y116.398
G1 X34.973 Y116.332
G1 X35.242 Y116.136
G1 X35.427 Y115.842
G1 X35.515 Y115.488
G1 X36.145 Y115.598
G1 X36.245 Y115.533
G1 X36.244 Y115.177
G1 X36.135 Y115.083
G1 X35.475 Y114.963
G1 X35.334 Y114.585
G1 X35.100 Y114.291
G1 X34.801 Y114.101
G1 X34.187 Y114.074
G1 X33.953 Y114.183
G1 X33.630 Y114.568
G0 Z5.000 F500.000
G0 X34.252 Y114.713 F3000.000
G1 Z1.000 F500.000
G4 P100
G1 X34.505 Y114.568 F1000.000
G1 X34.782 Y114.698
G1 X34.940 Y115.073
G1 X34.703 Y115.348
G1 X34.635 Y115.868
G1 X34.433 Y115.820
G1 X34.278 Y115.676
G1 X34.178 Y115.444
G1 X34.145 Y115.133
G1 X34.252 Y114.713
G0 Z5.000 F500.000
G0 X41.185 Y114.878 F3000.000
G1 Z1.000 F500.000
G4 P100
G1 X41.370 Y116.113 F1000.000
G1 X41.517 Y116.326
G1 X41.805 Y116.393
G1 X41.945 Y116.368
G1 X41.985 Y116.273
G1 X41.780 Y115.193
G1 X42.150 Y115.893
G1 X42.552 Y116.278
G1 X42.915 Y116.393
G1 X43.159 Y116.312
G1 X43.240 Y116.068
G1 X43.035 Y114.788
G1 X43.071 Y114.638
G1 X43.180 Y114.588
G1 X43.418 Y114.711
G1 X43.920 Y115.178
G1 X44.023 Y115.118
G1 X44.060 Y114.953
G1 X43.965 Y114.643
G1 X43.502 Y114.208
G1 X42.940 Y114.038
G1 X42.716 Y114.075
G1 X42.457 Y114.366
G1 X42.425 Y114.613
G1 X42.560 Y115.548
G1 X42.505 Y115.628
G1 X42.322 Y115.461
G1 X42.082 Y115.018
G1 X41.758 Y114.121
G1 X41.530 Y114.038
G1 X41.368 Y114.088
G1 X41.263 Y114.238
G1 X41.185 Y114.878
G0 Z5.000 F500.000
G0 X43.652 Y114.661 F3000.000
G1 Z1.000 F500.000
G4 P100
G1 X43.580 Y115.103 F1000.000
G1 X43.725 Y115.746
G1 X44.127 Y116.218
G1 X44.710 Y116.393
G1 X44.971 Y116.350
G1 X45.175 Y116.221
G1 X45.306 Y116.017
G1 X45.350 Y115.753
G1 X45.288 Y115.432
G1 X45.102 Y115.161
G1 X44.769 Y114.939
G1 X44.265 Y114.768
G1 X44.446 Y114.596
G1 X44.740 Y114.538
G1 X45.252 Y114.696
G1 X45.885 Y115.178
G1 X45.987 Y115.118
G1 X46.025 Y114.953
G1 X45.930 Y114.643
G1 X45.407 Y114.228
G1 X44.685 Y114.038
G1 X44.219 Y114.109
G1 X43.870 Y114.323
G1 X43.652 Y114.661
G0 Z5.000 F500.000
G0 X44.185 Y115.168 F3000.000
G1 Z1.000 F500.000
G4 P100
G1 X44.650 Y115.368 F1000.000
G1 X44.778 Y115.519
G1 X44.767 Y115.846
G1 X44.625 Y115.903
G1 X44.454 Y115.849
G1 X44.312 Y115.688
G1 X44.185 Y115.168
G0 Z5.000 F500.000
G0 X45.695 Y116.108 F3000.000
G1 Z1.000 F500.000
G4 P100
G1 X45.810 Y116.338 F1000.000
G1 X46.110 Y116.423
G1 X46.262 Y116.381
G1 X46.320 Y116.028
G1 X46.635 Y116.316
G1 X46.965 Y116.403
G1 X47.219 Y116.347
G1 X47.422 Y116.178
G1 X47.556 Y115.918
G1 X47.600 Y115.588
G1 X47.515 Y115.073
G1 X47.280 Y114.618
G1 X47.455 Y114.588
G1 X47.770 Y114.708
G1 X48.290 Y115.178
G1 X48.392 Y115.118
G1 X48.430 Y114.953
G1 X48.335 Y114.643
G1 X47.872 Y114.208
G1 X47.608 Y114.081
G1 X47.070 Y114.086
G1 X46.880 Y114.228
G1 X46.285 Y114.038
G1 X46.179 Y113.152
G1 X45.990 Y112.426
G1 X45.706 Y111.940
G1 X45.315 Y111.778
G1 X45.080 Y111.827
G1 X44.915 Y111.973
G1 X44.785 Y112.513
G1 X45.010 Y113.656
G1 X45.705 Y115.093
G1 X45.695 Y116.108
G0 Z5.000 F500.000
G0 X46.315 Y114.873 F3000.000
G1 Z1.000 F500.000
G4 P100
G1 X46.310 Y114.518 F1000.000
G1 X46.642 Y114.716
G1 X46.885 Y115.106
G1 X46.975 Y115.593
G1 X46.915 Y115.821
G1 X46.755 Y115.898
G1 X46.556 Y115.803
G1 X46.320 Y115.518
G1 X46.315 Y114.873
G0 Z5.000 F500.000
G0 X45.695 Y114.318 F3000.000
G1 Z1.000 F500.000
G4 P100
G1 X45.355 Y113.363 F1000.000
G1 X45.230 Y112.598
G1 X45.267 Y112.353
G1 X45.355 Y112.268
G1 X45.479 Y112.415
G1 X45.580 Y112.856
G1 X45.695 Y114.318
G0 Z5.000 F500.000
G0 X48.022 Y114.661 F3000.000
G1 Z1.000 F500.000
G4 P100
G1 X47.950 Y115.103 F1000.000
G1 X48.095 Y115.746
G1 X48.497 Y116.218
G1 X49.080 Y116.393
G1 X49.341 Y116.350
G1 X49.545 Y116.221
G1 X49.676 Y116.017
G1 X49.720 Y115.753
G1 X49.658 Y115.432
G1 X49.472 Y115.161
G1 X49.139 Y114.939
G1 X48.635 Y114.768
G1 X48.816 Y114.596
G1 X49.110 Y114.538
G1 X49.622 Y114.696
G1 X50.255 Y115.178
G1 X50.357 Y115.118
G1 X50.395 Y114.953
G1 X50.300 Y114.643
G1 X49.777 Y114.228
G1 X49.055 Y114.038
G1 X48.589 Y114.109
G1 X48.240 Y114.323
G1 X48.022 Y114.661
G0 Z5.000 F500.000
G0 X48.555 Y115.168 F3000.000
G1 Z1.000 F500.000
G4 P100
G1 X49.020 Y115.368 F1000.000
G1 X49.147 Y115.519
G1 X49.137 Y115.846
G1 X48.995 Y115.903
G1 X48.824 Y115.849
G1 X48.682 Y115.688
G1 X48.555 Y115.168
G0 Z5.000 F500.000
G0 X49.950 Y115.428 F3000.000
G1 Z1.000 F500.000
G4 P100
G1 X50.070 Y115.758 F1000.000
G1 X50.485 Y116.228
G1 X50.746 Y116.352
G1 X51.264 Y116.352
G1 X51.562 Y116.045
G1 X51.600 Y115.813
G1 X51.508 Y115.458
G1 X51.265 Y115.313
G1 X51.112 Y115.358
G1 X51.072 Y115.868
G1 X50.980 Y115.903
G1 X50.765 Y115.801
G1 X50.605 Y115.523
G1 X50.545 Y115.138
G1 X50.671 Y114.703
G1 X51.050 Y114.558
G1 X51.492 Y114.696
G1 X52.095 Y115.178
G1 X52.197 Y115.118
G1 X52.235 Y114.953
G1 X52.140 Y114.643
G1 X51.578 Y114.196
G1 X50.945 Y114.038
G1 X50.509 Y114.107
G1 X50.182 Y114.316
G1 X49.978 Y114.637
G1 X49.910 Y115.048
G1 X49.950 Y115.428
G0 Z5.000 F500.000
G0 X51.755 Y115.103 F3000.000
G1 Z1.000 F500.000
G4 P100
G1 X51.900 Y115.746 F1000.000
G1 X52.073 Y116.012
G1 X52.577 Y116.349
G1 X52.885 Y116.393
G1 X53.146 Y116.350
G1 X53.350 Y116.221
G1 X53.481 Y116.017
G1 X53.525 Y115.753
G1 X53.463 Y115.432
G1 X53.278 Y115.161
G1 X52.944 Y114.939
G1 X52.440 Y114.768
G1 X52.621 Y114.596
G1 X52.915 Y114.538
G1 X53.428 Y114.696
G1 X54.060 Y115.178
G1 X54.163 Y115.118
G1 X54.200 Y114.953
G1 X54.105 Y114.643
G1 X53.583 Y114.228
G1 X52.860 Y114.038
G1 X52.394 Y114.109
G1 X52.045 Y114.323
G1 X51.828 Y114.661
G1 X51.755 Y115.103
G0 Z5.000 F500.000
G0 X52.360 Y115.168 F3000.000
G1 Z1.000 F500.000
G4 P100
G1 X52.825 Y115.368 F1000.000
G1 X52.953 Y115.519
G1 X52.943 Y115.846
G1 X52.800 Y115.903
G1 X52.629 Y115.849
G1 X52.488 Y115.688
G1 X52.360 Y115.168
G0 Z5.000 F500.000
G0 X53.851 Y115.512 F3000.000
G1 Z1.000 F500.000
G4 P100
G1 X53.990 Y116.113 F1000.000
G1 X54.138 Y116.326
G1 X54.425 Y116.393
G1 X54.565 Y116.368
G1 X54.605 Y116.273
G1 X54.390 Y115.093
G1 X54.594 Y115.693
G1 X54.845 Y116.093
G1 X55.149 Y116.318
G1 X55.510 Y116.393
G1 X55.742 Y116.352
G1 X56.028 Y116.045
G1 X56.065 Y115.813
G1 X55.973 Y115.458
G1 X55.730 Y115.313
G1 X55.578 Y115.358
G1 X55.538 Y115.869
G1 X55.440 Y115.903
G1 X55.245 Y115.801
G1 X55.093 Y115.526
G1 X55.035 Y115.153
G1 X55.160 Y114.721
G1 X55.520 Y114.558
G1 X55.850 Y114.681
G1 X56.385 Y115.178
G1 X56.488 Y115.118
G1 X56.525 Y114.953
G1 X56.430 Y114.643
G1 X55.980 Y114.206
G1 X55.740 Y114.080
G1 X55.470 Y114.038
G1 X55.043 Y114.141
G1 X54.730 Y114.388
G1 X54.575 Y114.668
G1 X54.373 Y114.113
G1 X54.150 Y114.038
G1 X53.988 Y114.088
G1 X53.883 Y114.238
G1 X53.805 Y114.878
G1 X53.851 Y115.512
G0 Z5.000 F500.000
G0 X56.055 Y114.853 F3000.000
G1 Z1.000 F500.000
G4 P100
G1 X56.101 Y115.242 F1000.000
G1 X56.456 Y115.933
G1 X57.049 Y116.349
G1 X57.385 Y116.403
G1 X57.533 Y116.361
G1 X57.595 Y116.208
G1 X57.999 Y116.184
G1 X58.060 Y116.053
G1 X57.870 Y114.753
G1 X57.908 Y114.633
G1 X58.005 Y114.588
G1 X58.235 Y114.711
G1 X58.735 Y115.178
G1 X58.838 Y115.118
G1 X58.875 Y114.953
G1 X58.780 Y114.643
G1 X58.345 Y114.213
G1 X57.900 Y114.038
G1 X57.598 Y114.151
G1 X57.390 Y114.458
G1 X57.096 Y114.143
G1 X56.735 Y114.038
G1 X56.456 Y114.094
G1 X56.240 Y114.263
G1 X56.101 Y114.523
G1 X56.055 Y114.853
G0 Z5.000 F500.000
G0 X56.743 Y114.618 F3000.000
G1 Z1.000 F500.000
G4 P100
G1 X56.915 Y114.543 F1000.000
G1 X57.125 Y114.673
G1 X57.270 Y115.018
G1 X57.455 Y115.938
G1 X57.068 Y115.781
G1 X56.785 Y115.378
G1 X56.680 Y114.848
G1 X56.743 Y114.618
G0 Z5.000 F500.000
G0 X58.480 Y114.878 F3000.000
G1 Z1.000 F500.000
G4 P100
G1 X58.665 Y116.113 F1000.000
G1 X58.813 Y116.326
G1 X59.100 Y116.393
G1 X59.240 Y116.368
G1 X59.280 Y116.273
G1 X59.075 Y115.198
G1 X59.398 Y115.858
G1 X59.783 Y116.261
G1 X60.155 Y116.393
G1 X60.403 Y116.313
G1 X60.475 Y116.068
G1 X60.325 Y115.218
G1 X60.589 Y115.749
G1 X60.880 Y116.113
G1 X61.175 Y116.323
G1 X61.450 Y116.393
G1 X61.694 Y116.312
G1 X61.775 Y116.068
G1 X61.570 Y114.788
G1 X61.606 Y114.638
G1 X61.715 Y114.588
G1 X61.953 Y114.711
G1 X62.455 Y115.178
G1 X62.558 Y115.118
G1 X62.595 Y114.953
G1 X62.500 Y114.643
G1 X62.038 Y114.208
G1 X61.475 Y114.038
G1 X61.251 Y114.075
G1 X60.993 Y114.366
G1 X60.960 Y114.613
G1 X61.095 Y115.548
G1 X61.040 Y115.628
G1 X60.855 Y115.461
G1 X60.615 Y115.018
G1 X60.293 Y114.118
G1 X60.060 Y114.038
G1 X59.813 Y114.196
G1 X59.730 Y114.578
G1 X59.820 Y115.548
G1 X59.765 Y115.628
G1 X59.575 Y115.448
G1 X59.353 Y114.988
G1 X59.053 Y114.121
G1 X58.825 Y114.038
G1 X58.663 Y114.088
G1 X58.558 Y114.238
G1 X58.480 Y114.878
G0 Z5.000 F500.000
G0 X62.210 Y114.968 F3000.000
G1 Z1.000 F500.000
G4 P100
G1 X62.395 Y116.113 F1000.000
G1 X62.543 Y116.326
G1 X62.840 Y116.393
G1 X63.009 Y116.363
G1 X63.065 Y116.273
G1 X62.885 Y115.463
G1 X63.208 Y115.686
G1 X63.590 Y115.773
G1 X63.863 Y115.723
G1 X64.073 Y115.573
G1 X64.206 Y115.346
G1 X64.250 Y115.063
G1 X64.135 Y114.593
G1 X64.520 Y114.708
G1 X65.040 Y115.178
G1 X65.143 Y115.118
G1 X65.180 Y114.953
G1 X65.085 Y114.643
G1 X64.613 Y114.208
G1 X64.353 Y114.081
G1 X64.060 Y114.038
G1 X63.700 Y114.158
G1 X63.180 Y114.038
G1 X62.774 Y114.102
G1 X62.468 Y114.296
G1 X62.274 Y114.592
G1 X62.210 Y114.968
G0 Z5.000 F500.000
G0 X62.840 Y114.938 F3000.000
G1 Z1.000 F500.000
G4 P100
G1 X62.945 Y114.663 F1000.000
G1 X63.205 Y114.568
G1 X63.515 Y114.678
G1 X63.625 Y114.983
G1 X63.554 Y115.182
G1 X63.340 Y115.248
G1 X63.048 Y115.153
G1 X62.840 Y114.938
G0 Z5.000 F500.000
G0 X70.025 Y115.088 F3000.000
G1 Z1.000 F500.000
G4 P100
G1 X70.170 Y115.766 F1000.000
G1 X70.343 Y116.031
G1 X70.839 Y116.356
G1 X71.135 Y116.398
G1 X71.478 Y116.332
G1 X71.748 Y116.136
G1 X71.932 Y115.842
G1 X72.020 Y115.488
G1 X72.650 Y115.598
G1 X72.750 Y115.533
G1 X72.785 Y115.368
G1 X72.749 Y115.177
G1 X72.640 Y115.083
G1 X71.980 Y114.963
G1 X71.839 Y114.585
G1 X71.605 Y114.291
G1 X71.306 Y114.101
G1 X70.970 Y114.038
G1 X70.458 Y114.183
G1 X70.135 Y114.568
G1 X70.025 Y115.088
G0 Z5.000 F500.000
G0 X70.758 Y114.713 F3000.000
G1 Z1.000 F500.000
G4 P100
G1 X71.010 Y114.568 F1000.000
G1 X71.288 Y114.698
G1 X71.445 Y115.073
G1 X71.208 Y115.348
G1 X71.140 Y115.868
G1 X70.938 Y115.820
G1 X70.783 Y115.676
G1 X70.683 Y115.444
G1 X70.650 Y115.133
G1 X70.758 Y114.713
G0 Z5.000 F500.000
G0 X72.310 Y115.028 F3000.000
G1 Z1.000 F500.000
G4 P100
G1 X72.448 Y115.701 F1000.000
G1 X72.820 Y116.166
G1 X73.340 Y116.333
G1 X73.600 Y116.278
G1 X72.765 Y117.361
G1 X72.695 Y117.678
G1 X72.825 Y118.046
G1 X73.145 Y118.253
G1 X74.315 Y118.603
G1 X74.428 Y118.513
G1 X74.470 Y118.303
G1 X74.375 Y118.053
G1 X73.383 Y117.786
G1 X73.275 Y117.623
G1 X74.228 Y116.276
G1 X74.330 Y115.483
G1 X75.015 Y115.598
G1 X75.115 Y115.533
G1 X75.115 Y115.176
G1 X75.005 Y115.083
G1 X74.245 Y114.958
G1 X74.078 Y114.566
G1 X73.838 Y114.278
G1 X73.534 Y114.102
G1 X73.180 Y114.043
G1 X72.815 Y114.104
G1 X72.540 Y114.286
G1 X72.368 Y114.592
G1 X72.310 Y115.028
G0 Z5.000 F500.000
G0 X72.993 Y114.688 F3000.000
G1 Z1.000 F500.000
G4 P100
G1 X73.180 Y114.568 F1000.000
G1 X73.468 Y114.741
G1 X73.680 Y115.188
G1 X73.538 Y115.428
G1 X73.500 Y115.843
G1 X73.173 Y115.743
G1 X73.000 Y115.451
G1 X72.935 Y115.028
G1 X72.993 Y114.688
G0 Z5.000 F500.000
G0 X74.485 Y114.693 F3000.000
G1 Z1.000 F500.000
G4 P100
G1 X74.600 Y115.098 F1000.000
G1 X74.925 Y115.253
G1 X75.068 Y115.213
G1 X75.105 Y115.103
G1 X75.088 Y114.638
G1 X75.155 Y114.593
G1 X75.268 Y114.668
G1 X76.105 Y116.306
G1 X76.405 Y116.383
G1 X76.685 Y116.308
G1 X76.775 Y116.063
G1 X76.799 Y114.694
G1 X76.960 Y114.563
G1 X77.138 Y114.648
G1 X77.670 Y115.178
G1 X77.773 Y115.118
G1 X77.810 Y114.953
G1 X77.715 Y114.643
G1 X77.428 Y114.331
G1 X77.128 Y114.126
G1 X76.725 Y114.038
G1 X76.473 Y114.096
G1 X76.305 Y114.271
G1 X76.211 Y114.562
G1 X76.200 Y115.428
G1 X75.969 Y114.839
G1 X75.698 Y114.403
G1 X75.384 Y114.133
G1 X75.030 Y114.043
G1 X74.803 Y114.089
G1 X74.630 Y114.228
G1 X74.485 Y114.693
G0 Z5.000 F500.000
G0 X77.400 Y114.853 F3000.000
G1 Z1.000 F500.000
G4 P100
G1 X77.446 Y115.242 F1000.000
G1 X77.801 Y115.933
G1 X78.394 Y116.349
G1 X78.730 Y116.403
G1 X78.878 Y116.361
G1 X78.940 Y116.208
G1 X79.344 Y116.184
G1 X79.405 Y116.053
G1 X79.215 Y114.753
G1 X79.253 Y114.633
G1 X79.350 Y114.588
G1 X79.580 Y114.711
G1 X80.080 Y115.178
G1 X80.183 Y115.118
G1 X80.220 Y114.953
G1 X80.125 Y114.643
G1 X79.690 Y114.213
G1 X79.245 Y114.038
G1 X78.943 Y114.151
G1 X78.735 Y114.458
G1 X78.441 Y114.143
G1 X78.080 Y114.038
G1 X77.801 Y114.094
G1 X77.585 Y114.263
G1 X77.446 Y114.523
G1 X77.400 Y114.853
G0 Z5.000 F500.000
G0 X78.088 Y114.618 F3000.000
G1 Z1.000 F500.000
G4 P100
G1 X78.260 Y114.543 F1000.000
G1 X78.470 Y114.673
G1 X78.615 Y115.018
G1 X78.800 Y115.938
G1 X78.413 Y115.781
G1 X78.130 Y115.378
G1 X78.025 Y114.848
G1 X78.088 Y114.618
G0 Z5.000 F500.000
G0 X79.735 Y115.048 F3000.000
G1 Z1.000 F500.000
G4 P100
G1 X79.775 Y115.428 F1000.000
G1 X80.079 Y116.028
G1 X80.310 Y116.228
G1 X80.845 Y116.393
G1 X81.273 Y116.231
G1 X81.425 Y115.813
G1 X81.333 Y115.458
G1 X81.090 Y115.313
G1 X80.938 Y115.358
G1 X80.880 Y115.483
G1 X80.898 Y115.868
G1 X80.805 Y115.903
G1 X80.590 Y115.801
G1 X80.430 Y115.523
G1 X80.370 Y115.138
G1 X80.496 Y114.703
G1 X80.875 Y114.558
G1 X81.318 Y114.696
G1 X81.920 Y115.178
G1 X82.023 Y115.118
G1 X82.060 Y114.953
G1 X81.965 Y114.643
G1 X81.707 Y114.386
G1 X81.403 Y114.196
G1 X80.770 Y114.038
G1 X80.334 Y114.107
G1 X80.008 Y114.316
G1 X79.803 Y114.637
G1 X79.735 Y115.048
G0 Z5.000 F500.000
G0 X81.665 Y114.878 F3000.000
G1 Z1.000 F500.000
G4 P100
G1 X81.850 Y116.113 F1000.000
G1 X81.998 Y116.326
G1 X82.285 Y116.393
G1 X82.425 Y116.368
G1 X82.465 Y116.273
G1 X82.260 Y115.198
G1 X82.583 Y115.858
G1 X82.968 Y116.261
G1 X83.340 Y116.393
G1 X83.588 Y116.313
G1 X83.660 Y116.068
G1 X83.510 Y115.218
G1 X83.774 Y115.749
G1 X84.065 Y116.113
G1 X84.360 Y116.323
G1 X84.635 Y116.393
G1 X84.879 Y116.312
G1 X84.960 Y116.068
G1 X84.755 Y114.788
G1 X84.791 Y114.638
G1 X84.900 Y114.588
G1 X85.138 Y114.711
G1 X85.640 Y115.178
G1 X85.743 Y115.118
G1 X85.780 Y114.953
G1 X85.685 Y114.643
G1 X85.223 Y114.208
G1 X84.660 Y114.038
G1 X84.436 Y114.075
G1 X84.178 Y114.366
G1 X84.145 Y114.613
G1 X84.280 Y115.548
G1 X84.225 Y115.628
G1 X84.040 Y115.461
G1 X83.800 Y115.018
G1 X83.478 Y114.118
G1 X83.245 Y114.038
G1 X82.998 Y114.196
G1 X82.915 Y114.578
G1 X83.005 Y115.548
G1 X82.950 Y115.628
G1 X82.760 Y115.448
G1 X82.538 Y114.988
G1 X82.238 Y114.121
G1 X82.010 Y114.038
G1 X81.848 Y114.088
G1 X81.743 Y114.238
G1 X81.665 Y114.878
G0 Z5.000 F500.000
G0 X85.395 Y114.968 F3000.000
G1 Z1.000 F500.000
G4 P100
G1 X85.580 Y116.113 F1000.000
G1 X85.728 Y116.326
G1 X86.025 Y116.393
G1 X86.194 Y116.363
G1 X86.250 Y116.273
G1 X86.070 Y115.463
G1 X86.393 Y115.686
G1 X86.775 Y115.773
G1 X87.048 Y115.723
G1 X87.258 Y115.573
G1 X87.391 Y115.346
G1 X87.435 Y115.063
G1 X87.320 Y114.593
G1 X87.705 Y114.708
G1 X88.225 Y115.178
G1 X88.328 Y115.118
G1 X88.365 Y114.953
G1 X88.270 Y114.643
G1 X87.798 Y114.208
G1 X87.538 Y114.081
G1 X87.245 Y114.038
G1 X86.885 Y114.158
G1 X86.365 Y114.038
G1 X85.959 Y114.102
G1 X85.653 Y114.296
G1 X85.459 Y114.592
G1 X85.395 Y114.968
G0 Z5.000 F500.000
G0 X86.025 Y114.938 F3000.000
G1 Z1.000 F500.000
G4 P100
G1 X86.130 Y114.663 F1000.000
G1 X86.390 Y114.568
G1 X86.700 Y114.678
G1 X86.810 Y114.983
G1 X86.739 Y115.182
G1 X86.525 Y115.248
G1 X86.233 Y115.153
G1 X86.025 Y114.938
G0 Z5.000 F500.000
G0 X93.285 Y114.763 F3000.000
G1 Z1.000 F500.000
G4 P100
G1 X93.335 Y115.451 F1000.000
G1 X93.500 Y116.113
G1 X93.640 Y116.328
G1 X93.925 Y116.393
G1 X94.078 Y116.358
G1 X94.120 Y116.253
G1 X93.910 Y114.801
G1 X93.990 Y114.758
G1 X94.178 Y114.908
G1 X94.788 Y116.328
G1 X95.035 Y116.393
G1 X95.195 Y116.366
G1 X95.240 Y116.263
G1 X94.975 Y114.788
G1 X95.015 Y114.641
G1 X95.120 Y114.588
G1 X95.358 Y114.711
G1 X95.860 Y115.178
G1 X95.963 Y115.118
G1 X96.000 Y114.953
G1 X95.905 Y114.643
G1 X95.443 Y114.208
G1 X94.880 Y114.038
G1 X94.672 Y114.084
G1 X94.528 Y114.223
G1 X94.415 Y114.743
G1 X94.160 Y114.221
G1 X93.795 Y114.038
G1 X93.591 Y114.090
G1 X93.321 Y114.479
G1 X93.285 Y114.763
G0 Z5.000 F500.000
G0 X95.625 Y114.708 F3000.000
G1 Z1.000 F500.000
G4 P100
G1 X95.725 Y114.958 F1000.000
G1 X96.438 Y115.256
G1 X96.723 Y115.463
G1 X96.845 Y115.778
G1 X96.785 Y115.938
G1 X96.585 Y115.993
G1 X96.033 Y115.796
G1 X95.769 Y115.821
G1 X95.720 Y115.963
G1 X95.833 Y116.198
G1 X96.155 Y116.373
G1 X96.645 Y116.438
G1 X96.954 Y116.396
G1 X97.173 Y116.268
G1 X97.302 Y116.072
G1 X97.345 Y115.823
G1 X97.266 Y115.442
G1 X97.028 Y115.138
G1 X96.210 Y114.728
G1 X96.735 Y114.418
G1 X97.820 Y115.128
G1 X97.935 Y115.168
G1 X98.038 Y115.108
G1 X98.075 Y114.948
G1 X97.935 Y114.653
G1 X96.925 Y114.023
G1 X96.917 Y113.237
G1 X96.586 Y112.389
G1 X96.328 Y112.068
G1 X96.032 Y111.858
G1 X95.720 Y111.788
G1 X95.476 Y111.826
G1 X95.183 Y112.125
G1 X95.209 Y112.792
G1 X95.400 Y113.198
G1 X95.751 Y113.623
G1 X96.295 Y114.098
G1 X95.705 Y114.498
G1 X95.625 Y114.708
G0 Z5.000 F500.000
G0 X96.395 Y113.623 F3000.000
G1 Z1.000 F500.000
G4 P100
G1 X95.825 Y113.012 F1000.000
G1 X95.683 Y112.728
G1 X95.670 Y112.308
G1 X95.775 Y112.258
G1 X96.043 Y112.481
G1 X96.293 Y113.018
G1 X96.395 Y113.623
G0 Z5.000 F500.000
G0 X97.805 Y114.568 F3000.000
G1 Z1.000 F500.000
G4 P100
G1 X97.695 Y115.088 F1000.000
G1 X97.840 Y115.766
G1 X98.013 Y116.031
G1 X98.509 Y116.356
G1 X98.805 Y116.398
G1 X99.148 Y116.332
G1 X99.418 Y116.136
G1 X99.602 Y115.842
G1 X99.690 Y115.488
G1 X100.320 Y115.598
G1 X100.420 Y115.533
G1 X100.419 Y115.177
G1 X100.310 Y115.083
G1 X99.650 Y114.963
G1 X99.509 Y114.585
G1 X99.275 Y114.291
G1 X98.976 Y114.101
G1 X98.362 Y114.074
G1 X98.128 Y114.183
G1 X97.805 Y114.568
G0 Z5.000 F500.000
G0 X98.428 Y114.713 F3000.000
G1 Z1.000 F500.000
G4 P100
G1 X98.680 Y114.568 F1000.000
G1 X98.958 Y114.698
G1 X99.115 Y115.073
G1 X98.878 Y115.348
G1 X98.810 Y115.868
G1 X98.608 Y115.820
G1 X98.453 Y115.676
G1 X98.353 Y115.444
G1 X98.320 Y115.133
G1 X98.428 Y114.713
G0 Z5.000 F500.000
G0 X99.980 Y115.028 F3000.000
G1 Z1.000 F500.000
G4 P100
G1 X100.118 Y115.701 F1000.000
G1 X100.490 Y116.166
G1 X101.010 Y116.333
G1 X101.270 Y116.278
G1 X100.435 Y117.361
G1 X100.365 Y117.678
G1 X100.495 Y118.046
G1 X100.815 Y118.253
G1 X101.985 Y118.603
G1 X102.098 Y118.513
G1 X102.140 Y118.303
G1 X102.045 Y118.053
G1 X101.053 Y117.786
G1 X100.945 Y117.623
G1 X101.898 Y116.276
G1 X102.000 Y115.483
G1 X102.685 Y115.598
G1 X102.785 Y115.533
G1 X102.785 Y115.176
G1 X102.675 Y115.083
G1 X101.915 Y114.958
G1 X101.748 Y114.566
G1 X101.508 Y114.278
G1 X101.204 Y114.102
G1 X100.850 Y114.043
G1 X100.485 Y114.104
G1 X100.210 Y114.286
G1 X100.037 Y114.592
G1 X99.980 Y115.028
G0 Z5.000 F500.000
G0 X100.663 Y114.688 F3000.000
G1 Z1.000 F500.000
G4 P100
G1 X100.850 Y114.568 F1000.000
G1 X101.138 Y114.741
G1 X101.350 Y115.188
G1 X101.208 Y115.428
G1 X101.170 Y115.843
G1 X100.843 Y115.743
G1 X100.670 Y115.451
G1 X100.605 Y115.028
G1 X100.663 Y114.688
G0 Z5.000 F500.000
G0 X102.066 Y114.341 F3000.000
G1 Z1.000 F500.000
G4 P100
G1 X102.475 Y115.093 F1000.000
G1 X102.465 Y116.108
G1 X102.580 Y116.338
G1 X102.880 Y116.423
G1 X103.032 Y116.381
G1 X103.090 Y116.028
G1 X103.405 Y116.316
G1 X103.735 Y116.403
G1 X103.989 Y116.347
G1 X104.192 Y116.178
G1 X104.326 Y115.918
G1 X104.370 Y115.588
G1 X104.285 Y115.073
G1 X104.050 Y114.618
G1 X104.225 Y114.588
G1 X104.540 Y114.708
G1 X105.060 Y115.178
G1 X105.162 Y115.118
G1 X105.200 Y114.953
G1 X105.105 Y114.643
G1 X104.643 Y114.208
G1 X104.378 Y114.081
G1 X103.840 Y114.086
G1 X103.650 Y114.228
G1 X103.055 Y114.038
G1 X102.949 Y113.152
G1 X102.760 Y112.426
G1 X102.476 Y111.940
G1 X102.085 Y111.778
G1 X101.850 Y111.827
G1 X101.685 Y111.973
G1 X101.555 Y112.513
G1 X101.780 Y113.656
G1 X102.066 Y114.341
G0 Z5.000 F500.000
G0 X102.125 Y113.363 F3000.000
G1 Z1.000 F500.000
G4 P100
G1 X102.000 Y112.598 F1000.000
G1 X102.037 Y112.353
G1 X102.125 Y112.268
G1 X102.249 Y112.415
G1 X102.350 Y112.856
G1 X102.465 Y114.318
G1 X102.125 Y113.363
G0 Z5.000 F500.000
G0 X103.080 Y114.518 F3000.000
G1 Z1.000 F500.000
G4 P100
G1 X103.413 Y114.716 F1000.000
G1 X103.655 Y115.106
G1 X103.745 Y115.593
G1 X103.685 Y115.821
G1 X103.525 Y115.898
G1 X103.326 Y115.803
G1 X103.090 Y115.518
G1 X103.080 Y114.518
G0 Z5.000 F500.000
G0 X104.730 Y114.853 F3000.000
G1 Z1.000 F500.000
G4 P100
G1 X104.776 Y115.242 F1000.000
G1 X105.131 Y115.933
G1 X105.724 Y116.349
G1 X106.060 Y116.403
G1 X106.208 Y116.361
G1 X106.270 Y116.208
G1 X106.674 Y116.184
G1 X106.735 Y116.053
G1 X106.545 Y114.753
G1 X106.583 Y114.633
G1 X106.680 Y114.588
G1 X106.910 Y114.711
G1 X107.410 Y115.178
G1 X107.513 Y115.118
G1 X107.550 Y114.953
G1 X107.455 Y114.643
G1 X107.020 Y114.213
G1 X106.575 Y114.038
G1 X106.273 Y114.151
G1 X106.065 Y114.458
G1 X105.771 Y114.143
G1 X105.410 Y114.038
G1 X105.131 Y114.094
G1 X104.915 Y114.263
G1 X104.776 Y114.523
G1 X104.730 Y114.853
G0 Z5.000 F500.000
G0 X105.418 Y114.618 F3000.000
G1 Z1.000 F500.000
G4 P100
G1 X105.590 Y114.543 F1000.000
G1 X105.800 Y114.673
G1 X105.945 Y115.018
G1 X106.130 Y115.938
G1 X105.743 Y115.781
G1 X105.460 Y115.378
G1 X105.355 Y114.848
G1 X105.418 Y114.618
G0 Z5.000 F500.000
G0 X106.990 Y114.628 F3000.000
G1 Z1.000 F500.000
G4 P100
G1 X107.105 Y115.033 F1000.000
G1 X107.430 Y115.188
G1 X107.565 Y115.154
G1 X107.610 Y115.053
G1 X107.618 Y114.611
G1 X107.715 Y114.573
G1 X107.898 Y114.686
G1 X108.042 Y114.993
G1 X108.100 Y115.423
G1 X108.055 Y115.726
G1 X107.945 Y115.848
G1 X107.865 Y115.821
G1 X107.735 Y115.601
G1 X107.560 Y115.553
G1 X107.385 Y115.631
G1 X107.320 Y115.868
G1 X107.483 Y116.266
G1 X107.890 Y116.413
G1 X108.293 Y116.226
G1 X108.575 Y115.653
G1 X108.660 Y116.158
G1 X108.790 Y116.343
G1 X109.185 Y116.363
G1 X109.225 Y116.263
G1 X109.025 Y115.093
G1 X109.325 Y115.861
G1 X109.672 Y116.268
G1 X110.120 Y116.393
G1 X110.352 Y116.352
G1 X110.638 Y116.045
G1 X110.675 Y115.813
G1 X110.582 Y115.458
G1 X110.340 Y115.313
G1 X110.188 Y115.358
G1 X110.148 Y115.869
G1 X110.050 Y115.903
G1 X109.855 Y115.801
G1 X109.703 Y115.526
G1 X109.645 Y115.153
G1 X109.770 Y114.721
G1 X110.130 Y114.558
G1 X110.460 Y114.681
G1 X110.995 Y115.178
G1 X111.097 Y115.118
G1 X111.135 Y114.953
G1 X111.040 Y114.643
G1 X110.590 Y114.206
G1 X110.080 Y114.038
G1 X109.650 Y114.158
G1 X109.345 Y114.461
G1 X109.195 Y114.828
G1 X109.035 Y114.208
G1 X108.933 Y114.078
G1 X108.780 Y114.038
G1 X108.610 Y114.123
G1 X108.560 Y114.393
G1 X108.670 Y115.273
G1 X108.392 Y114.628
G1 X108.072 Y114.213
G1 X107.852 Y114.086
G1 X107.339 Y114.083
G1 X107.030 Y114.389
G1 X106.990 Y114.628
G0 Z5.000 F500.000
G0 X110.655 Y115.103 F3000.000
G1 Z1.000 F500.000
G4 P100
G1 X110.800 Y115.746 F1000.000
G1 X110.973 Y116.012
G1 X111.477 Y116.349
G1 X111.785 Y116.393
G1 X112.046 Y116.350
G1 X112.250 Y116.221
G1 X112.381 Y116.017
G1 X112.425 Y115.753
G1 X112.363 Y115.432
G1 X112.177 Y115.161
G1 X111.844 Y114.939
G1 X111.340 Y114.768
G1 X111.521 Y114.596
G1 X111.815 Y114.538
G1 X112.327 Y114.696
G1 X112.960 Y115.178
G1 X113.062 Y115.118
G1 X113.100 Y114.953
G1 X113.005 Y114.643
G1 X112.482 Y114.228
G1 X111.760 Y114.038
G1 X111.294 Y114.109
G1 X110.945 Y114.323
G1 X110.727 Y114.661
G1 X110.655 Y115.103
G0 Z5.000 F500.000
G0 X111.260 Y115.168 F3000.000
G1 Z1.000 F500.000
G4 P100
G1 X111.725 Y115.368 F1000.000
G1 X111.852 Y115.519
G1 X111.843 Y115.846
G1 X111.700 Y115.903
G1 X111.529 Y115.849
G1 X111.387 Y115.688
G1 X111.260 Y115.168
G0 Z5.000 F500.000
G0 X112.751 Y115.512 F3000.000
G1 Z1.000 F500.000
G4 P100
G1 X112.890 Y116.113 F1000.000
G1 X113.035 Y116.326
G1 X113.325 Y116.393
G1 X113.465 Y116.368
G1 X113.505 Y116.273
G1 X113.355 Y115.513
G1 X113.995 Y115.513
G1 X114.262 Y116.328
G1 X114.670 Y116.366
G1 X114.715 Y116.263
G1 X114.450 Y114.788
G1 X114.490 Y114.641
G1 X114.595 Y114.588
G1 X114.832 Y114.711
G1 X115.335 Y115.178
G1 X115.438 Y115.118
G1 X115.475 Y114.953
G1 X115.380 Y114.643
G1 X114.907 Y114.208
G1 X114.355 Y114.038
G1 X114.134 Y114.078
G1 X113.990 Y114.198
G1 X113.885 Y114.678
G1 X113.910 Y115.003
G1 X113.300 Y115.013
G1 X113.275 Y114.278
G1 X113.215 Y114.096
G1 X113.050 Y114.038
G1 X112.888 Y114.088
G1 X112.782 Y114.238
G1 X112.705 Y114.878
G1 X112.751 Y115.512
G0 Z5.000 F500.000
G0 X115.070 Y114.763 F3000.000
G1 Z1.000 F500.000
G4 P100
G1 X115.120 Y115.451 F1000.000
G1 X115.285 Y116.113
G1 X115.425 Y116.328
G1 X115.710 Y116.393
G1 X115.862 Y116.358
G1 X115.905 Y116.253
G1 X115.695 Y114.801
G1 X115.775 Y114.758
G1 X115.963 Y114.908
G1 X116.572 Y116.328
G1 X116.820 Y116.393
G1 X116.980 Y116.366
G1 X117.025 Y116.263
G1 X116.760 Y114.788
G1 X116.800 Y114.641
G1 X116.905 Y114.588
G1 X117.142 Y114.711
G1 X117.645 Y115.178
G1 X117.748 Y115.118
G1 X117.785 Y114.953
G1 X117.690 Y114.643
G1 X117.227 Y114.208
G1 X116.665 Y114.038
G1 X116.457 Y114.084
G1 X116.312 Y114.223
G1 X116.200 Y114.743
G1 X115.945 Y114.221
G1 X115.580 Y114.038
G1 X115.376 Y114.090
G1 X115.106 Y114.479
G1 X115.070 Y114.763
G0 Z5.000 F500.000
G0 X117.145 Y114.693 F3000.000
G1 Z1.000 F500.000
G4 P100
G1 X117.262 Y115.103 F1000.000
G1 X117.585 Y115.253
G1 X117.720 Y115.217
G1 X117.765 Y115.108
G1 X117.815 Y114.653
G1 X118.005 Y114.548
G1 X118.320 Y114.646
G1 X118.635 Y114.923
G1 X118.301 Y114.971
G1 X118.093 Y115.113
G1 X117.959 Y115.336
G1 X117.915 Y115.623
G1 X117.969 Y115.951
G1 X118.130 Y116.196
G1 X118.387 Y116.347
G1 X118.730 Y116.398
G1 X119.285 Y116.313
G1 X119.515 Y116.388
G1 X119.672 Y116.341
G1 X119.720 Y116.213
G1 X119.515 Y115.218
G1 X119.512 Y114.641
G1 X119.620 Y114.588
G1 X119.850 Y114.703
G1 X120.360 Y115.178
G1 X120.463 Y115.118
G1 X120.500 Y114.953
G1 X120.405 Y114.643
G1 X119.905 Y114.188
G1 X119.430 Y114.038
G1 X119.115 Y114.183
G1 X119.005 Y114.598
G1 X119.035 Y114.913
G1 X118.499 Y114.257
G1 X118.185 Y114.093
G1 X117.840 Y114.038
G1 X117.559 Y114.083
G1 X117.338 Y114.218
G1 X117.193 Y114.427
G1 X117.145 Y114.693
G0 Z5.000 F500.000
G0 X118.523 Y115.393 F3000.000
G1 Z1.000 F500.000
G4 P100
G1 X118.900 Y115.308 F1000.000
G1 X119.170 Y115.938
G1 X118.850 Y115.993
G1 X118.540 Y115.898
G1 X118.430 Y115.628
G1 X118.523 Y115.393
G0 Z5.000 F500.000
G0 X120.178 Y114.833 F3000.000
G1 Z1.000 F500.000
G4 P100
G1 X120.480 Y114.968 F1000.000
G1 X120.752 Y114.871
G1 X120.845 Y114.608
G1 X120.740 Y114.143
G1 X120.485 Y113.578
G1 X120.328 Y113.333
G1 X120.175 Y113.273
G1 X120.000 Y113.323
G1 X119.935 Y113.483
G1 X120.178 Y114.833
G0 Z5.000 F500.000
G0 X126.640 Y114.853 F3000.000
G1 Z1.000 F500.000
G4 P100
G1 X126.686 Y115.242 F1000.000
G1 X127.041 Y115.933
G1 X127.634 Y116.349
G1 X127.970 Y116.403
G1 X128.118 Y116.361
G1 X128.180 Y116.208
G1 X128.584 Y116.184
G1 X128.645 Y116.053
G1 X128.455 Y114.753
G1 X128.493 Y114.633
G1 X128.590 Y114.588
G1 X128.820 Y114.711
G1 X129.320 Y115.178
G1 X129.423 Y115.118
G1 X129.460 Y114.953
G1 X129.365 Y114.643
G1 X128.930 Y114.213
G1 X128.485 Y114.038
G1 X128.183 Y114.151
G1 X127.975 Y114.458
G1 X127.681 Y114.143
G1 X127.320 Y114.038
G1 X127.041 Y114.094
G1 X126.825 Y114.263
G1 X126.686 Y114.523
G1 X126.640 Y114.853
G0 Z5.000 F500.000
G0 X127.328 Y114.618 F3000.000
G1 Z1.000 F500.000
G4 P100
G1 X127.500 Y114.543 F1000.000
G1 X127.710 Y114.673
G1 X127.855 Y115.018
G1 X128.040 Y115.938
G1 X127.653 Y115.781
G1 X127.370 Y115.378
G1 X127.265 Y114.848
G1 X127.328 Y114.618
G0 Z5.000 F500.000
G0 X134.390 Y114.878 F3000.000
G1 Z1.000 F500.000
G4 P100
G1 X134.575 Y116.113 F1000.000
G1 X134.722 Y116.326
G1 X135.010 Y116.393
G1 X135.150 Y116.368
G1 X135.190 Y116.273
G1 X134.985 Y115.193
G1 X135.355 Y115.893
G1 X135.757 Y116.278
G1 X136.120 Y116.393
G1 X136.364 Y116.312
G1 X136.445 Y116.068
G1 X136.240 Y114.788
G1 X136.276 Y114.638
G1 X136.385 Y114.588
G1 X136.623 Y114.711
G1 X137.125 Y115.178
G1 X137.227 Y115.118
G1 X137.265 Y114.953
G1 X137.170 Y114.643
G1 X136.707 Y114.208
G1 X136.145 Y114.038
G1 X135.921 Y114.075
G1 X135.662 Y114.366
G1 X135.630 Y114.613
G1 X135.765 Y115.548
G1 X135.710 Y115.628
G1 X135.528 Y115.461
G1 X135.287 Y115.018
G1 X134.963 Y114.121
G1 X134.735 Y114.038
G1 X134.573 Y114.088
G1 X134.468 Y114.238
G1 X134.390 Y114.878
G0 Z5.000 F500.000
G0 X136.895 Y114.568 F3000.000
G1 Z1.000 F500.000
G4 P100
G1 X136.785 Y115.088 F1000.000
G1 X136.930 Y115.766
G1 X137.103 Y116.031
G1 X137.599 Y116.356
G1 X137.895 Y116.398
G1 X138.238 Y116.332
G1 X138.507 Y116.136
G1 X138.692 Y115.842
G1 X138.780 Y115.488
G1 X139.410 Y115.598
G1 X139.510 Y115.533
G1 X139.509 Y115.177
G1 X139.400 Y115.083
G1 X138.740 Y114.963
G1 X138.599 Y114.585
G1 X138.365 Y114.291
G1 X138.066 Y114.101
G1 X137.452 Y114.074
G1 X137.218 Y114.183
G1 X136.895 Y114.568
G0 Z5.000 F500.000
G0 X137.518 Y114.713 F3000.000
G1 Z1.000 F500.000
G4 P100
G1 X137.770 Y114.568 F1000.000
G1 X138.048 Y114.698
G1 X138.205 Y115.073
G1 X137.968 Y115.348
G1 X137.900 Y115.868
G1 X137.698 Y115.820
G1 X137.543 Y115.676
G1 X137.443 Y115.444
G1 X137.410 Y115.133
G1 X137.518 Y114.713
G0 Z5.000 F500.000
G0 X139.035 Y115.048 F3000.000
G1 Z1.000 F500.000
G4 P100
G1 X139.075 Y115.428 F1000.000
G1 X139.379 Y116.028
G1 X139.610 Y116.228
G1 X140.145 Y116.393
G1 X140.572 Y116.231
G1 X140.725 Y115.813
G1 X140.632 Y115.458
G1 X140.390 Y115.313
G1 X140.238 Y115.358
G1 X140.180 Y115.483
G1 X140.197 Y115.868
G1 X140.105 Y115.903
G1 X139.890 Y115.801
G1 X139.730 Y115.523
G1 X139.670 Y115.138
G1 X139.796 Y114.703
G1 X140.175 Y114.558
G1 X140.618 Y114.696
G1 X141.220 Y115.178
G1 X141.322 Y115.118
G1 X141.360 Y114.953
G1 X141.265 Y114.643
G1 X141.007 Y114.386
G1 X140.702 Y114.196
G1 X140.070 Y114.038
G1 X139.634 Y114.107
G1 X139.308 Y114.316
G1 X139.103 Y114.637
G1 X139.035 Y115.048
G0 Z5.000 F500.000
G0 X140.720 Y114.693 F3000.000
G1 Z1.000 F500.000
G4 P100
G1 X140.835 Y115.098 F1000.000
G1 X141.160 Y115.253
G1 X141.303 Y115.213
G1 X141.340 Y115.103
G1 X141.323 Y114.638
G1 X141.390 Y114.593
G1 X141.502 Y114.668
G1 X142.340 Y116.306
G1 X142.640 Y116.383
G1 X142.920 Y116.308
G1 X143.010 Y116.063
G1 X143.034 Y114.694
G1 X143.195 Y114.563
G1 X143.373 Y114.648
G1 X143.905 Y115.178
G1 X144.007 Y115.118
G1 X144.045 Y114.953
G1 X143.950 Y114.643
G1 X143.662 Y114.331
G1 X143.363 Y114.126
G1 X142.960 Y114.038
G1 X142.707 Y114.096
G1 X142.540 Y114.271
G1 X142.446 Y114.562
G1 X142.435 Y115.428
G1 X142.204 Y114.839
G1 X141.933 Y114.403
G1 X141.619 Y114.133
G1 X141.265 Y114.043
G1 X141.037 Y114.089
G1 X140.865 Y114.228
G1 X140.720 Y114.693
G0 Z5.000 F500.000
G0 X143.625 Y115.103 F3000.000
G1 Z1.000 F500.000
G4 P100
G1 X143.770 Y115.746 F1000.000
G1 X143.943 Y116.012
G1 X144.447 Y116.349
G1 X144.755 Y116.393
G1 X145.016 Y116.350
G1 X145.220 Y116.221
G1 X145.351 Y116.017
G1 X145.395 Y115.753
G1 X145.333 Y115.432
G1 X145.148 Y115.161
G1 X144.814 Y114.939
G1 X144.310 Y114.768
G1 X144.491 Y114.596
G1 X144.785 Y114.538
G1 X145.298 Y114.696
G1 X145.930 Y115.178
G1 X146.033 Y115.118
G1 X146.070 Y114.953
G1 X145.975 Y114.643
G1 X145.453 Y114.228
G1 X144.730 Y114.038
G1 X144.264 Y114.109
G1 X143.915 Y114.323
G1 X143.697 Y114.661
G1 X143.625 Y115.103
G0 Z5.000 F500.000
G0 X144.230 Y115.168 F3000.000
G1 Z1.000 F500.000
G4 P100
G1 X144.695 Y115.368 F1000.000
G1 X144.822 Y115.519
G1 X144.812 Y115.846
G1 X144.670 Y115.903
G1 X144.499 Y115.849
G1 X144.358 Y115.688
G1 X144.230 Y115.168
G0 Z5.000 F500.000
G0 X22.925 Y105.271 F3000.000
G1 Z1.000 F500.000
G4 P100
G1 X22.889 Y105.080 F1000.000
G1 X22.780 Y104.986
G1 X22.120 Y104.866
G1 X21.979 Y104.488
G1 X21.745 Y104.194
G1 X21.446 Y104.004
G1 X21.110 Y103.941
G1 X20.598 Y104.086
G1 X20.275 Y104.471
G1 X20.165 Y104.991
G1 X20.310 Y105.669
G1 X20.483 Y105.934
G1 X20.979 Y106.259
G1 X21.275 Y106.301
G1 X21.618 Y106.235
G1 X21.887 Y106.039
G1 X22.072 Y105.745
G1 X22.160 Y105.391
G1 X22.790 Y105.501
G1 X22.890 Y105.436
G1 X22.925 Y105.271
G0 Z5.000 F500.000
G0 X21.585 Y104.976 F3000.000
G1 Z1.000 F500.000
G4 P100
G1 X21.348 Y105.251 F1000.000
G1 X21.280 Y105.771
G1 X21.078 Y105.723
G1 X20.823 Y105.347
G1 X20.790 Y105.036
G1 X20.898 Y104.616
G1 X21.150 Y104.471
G1 X21.428 Y104.601
G1 X21.585 Y104.976
G0 Z5.000 F500.000
G0 X22.505 Y104.781 F3000.000
G1 Z1.000 F500.000
G4 P100
G1 X22.690 Y106.016 F1000.000
G1 X22.837 Y106.229
G1 X23.125 Y106.296
G1 X23.265 Y106.271
G1 X23.305 Y106.176
G1 X23.090 Y104.996
G1 X23.294 Y105.596
G1 X23.545 Y105.996
G1 X23.849 Y106.221
G1 X24.210 Y106.296
G1 X24.617 Y106.134
G1 X24.765 Y105.716
G1 X24.672 Y105.361
G1 X24.430 Y105.216
G1 X24.277 Y105.261
G1 X24.220 Y105.386
G1 X24.237 Y105.772
G1 X24.140 Y105.806
G1 X23.945 Y105.704
G1 X23.793 Y105.429
G1 X23.735 Y105.056
G1 X23.860 Y104.624
G1 X24.220 Y104.461
G1 X24.550 Y104.584
G1 X25.085 Y105.081
G1 X25.188 Y105.021
G1 X25.225 Y104.856
G1 X25.130 Y104.546
G1 X24.680 Y104.109
G1 X24.170 Y103.941
G1 X23.742 Y104.044
G1 X23.430 Y104.291
G1 X23.275 Y104.571
G1 X23.072 Y104.016
G1 X22.850 Y103.941
G1 X22.688 Y103.991
G1 X22.582 Y104.141
G1 X22.505 Y104.781
G0 Z5.000 F500.000
G0 X24.855 Y104.471 F3000.000
G1 Z1.000 F500.000
G4 P100
G1 X24.745 Y104.991 F1000.000
G1 X24.890 Y105.669
G1 X25.062 Y105.934
G1 X25.559 Y106.259
G1 X25.855 Y106.301
G1 X26.198 Y106.235
G1 X26.468 Y106.039
G1 X26.652 Y105.745
G1 X26.740 Y105.391
G1 X27.370 Y105.501
G1 X27.470 Y105.436
G1 X27.469 Y105.080
G1 X27.360 Y104.986
G1 X26.700 Y104.866
G1 X26.559 Y104.488
G1 X26.325 Y104.194
G1 X26.026 Y104.004
G1 X25.412 Y103.977
G1 X25.177 Y104.086
G1 X24.855 Y104.471
G0 Z5.000 F500.000
G0 X25.477 Y104.616 F3000.000
G1 Z1.000 F500.000
G4 P100
G1 X25.730 Y104.471 F1000.000
G1 X26.008 Y104.601
G1 X26.165 Y104.976
G1 X25.927 Y105.251
G1 X25.860 Y105.771
G1 X25.658 Y105.723
G1 X25.502 Y105.579
G1 X25.403 Y105.347
G1 X25.370 Y105.036
G1 X25.477 Y104.616
G0 Z5.000 F500.000
G0 X27.085 Y104.781 F3000.000
G1 Z1.000 F500.000
G4 P100
G1 X27.270 Y106.016 F1000.000
G1 X27.415 Y106.229
G1 X27.705 Y106.296
G1 X27.845 Y106.271
G1 X27.885 Y106.176
G1 X27.735 Y105.416
G1 X28.375 Y105.416
G1 X28.642 Y106.231
G1 X29.050 Y106.269
G1 X29.095 Y106.166
G1 X28.830 Y104.691
G1 X28.870 Y104.544
G1 X28.975 Y104.491
G1 X29.212 Y104.614
G1 X29.715 Y105.081
G1 X29.817 Y105.021
G1 X29.855 Y104.856
G1 X29.760 Y104.546
G1 X29.287 Y104.111
G1 X28.735 Y103.941
G1 X28.514 Y103.981
G1 X28.370 Y104.101
G1 X28.265 Y104.581
G1 X28.290 Y104.906
G1 X27.680 Y104.916
G1 X27.655 Y104.181
G1 X27.595 Y103.999
G1 X27.430 Y103.941
G1 X27.268 Y103.991
G1 X27.162 Y104.141
G1 X27.085 Y104.781
G0 Z5.000 F500.000
G0 X29.155 Y104.421 F3000.000
G1 Z1.000 F500.000
G4 P100
G1 X29.720 Y105.241 F1000.000
G1 X30.280 Y106.507
G1 X30.540 Y106.591
G1 X30.731 Y106.540
G1 X30.992 Y106.209
G1 X31.250 Y106.151
G1 X31.870 Y106.306
G1 X32.005 Y106.256
G1 X32.055 Y106.106
G1 X32.010 Y105.899
G1 X31.875 Y105.736
G1 X31.192 Y105.139
G1 X31.044 Y104.917
G1 X30.995 Y104.696
G1 X31.072 Y104.509
G1 X31.305 Y104.446
G1 X31.845 Y104.599
G1 X32.495 Y105.081
G1 X32.597 Y105.021
G1 X32.635 Y104.856
G1 X32.540 Y104.546
G1 X31.950 Y104.064
G1 X31.240 Y103.891
G1 X30.866 Y103.935
G1 X30.592 Y104.069
G1 X30.426 Y104.289
G1 X30.370 Y104.596
G1 X30.426 Y104.915
G1 X30.592 Y105.194
G1 X31.235 Y105.741
G1 X31.010 Y105.706
G1 X30.732 Y105.791
G1 X30.550 Y106.046
G1 X30.225 Y105.166
G1 X29.887 Y104.694
G1 X29.525 Y104.311
G1 X29.335 Y104.221
G1 X29.205 Y104.279
G1 X29.155 Y104.421
G0 Z5.000 F500.000
G0 X32.160 Y104.756 F3000.000
G1 Z1.000 F500.000
G4 P100
G1 X32.206 Y105.145 F1000.000
G1 X32.561 Y105.836
G1 X33.154 Y106.252
G1 X33.490 Y106.306
G1 X33.637 Y106.264
G1 X33.700 Y106.111
G1 X34.104 Y106.087
G1 X34.165 Y105.956
G1 X33.975 Y104.656
G1 X34.012 Y104.536
G1 X34.110 Y104.491
G1 X34.340 Y104.614
G1 X34.840 Y105.081
G1 X34.942 Y105.021
G1 X34.980 Y104.856
G1 X34.885 Y104.546
G1 X34.450 Y104.116
G1 X34.005 Y103.941
G1 X33.703 Y104.054
G1 X33.495 Y104.361
G1 X33.201 Y104.046
G1 X32.840 Y103.941
G1 X32.561 Y103.997
G1 X32.345 Y104.166
G1 X32.206 Y104.426
G1 X32.160 Y104.756
G0 Z5.000 F500.000
G0 X32.847 Y104.521 F3000.000
G1 Z1.000 F500.000
G4 P100
G1 X33.020 Y104.446 F1000.000
G1 X33.230 Y104.576
G1 X33.375 Y104.921
G1 X33.560 Y105.841
G1 X33.172 Y105.684
G1 X32.890 Y105.281
G1 X32.785 Y104.751
G1 X32.847 Y104.521
G0 Z5.000 F500.000
G0 X34.585 Y104.781 F3000.000
G1 Z1.000 F500.000
G4 P100
G1 X34.770 Y106.016 F1000.000
G1 X34.915 Y106.229
G1 X35.205 Y106.296
G1 X35.345 Y106.271
G1 X35.385 Y106.176
G1 X35.235 Y105.416
G1 X35.875 Y105.416
G1 X36.142 Y106.231
G1 X36.550 Y106.269
G1 X36.595 Y106.166
G1 X36.330 Y104.691
G1 X36.370 Y104.544
G1 X36.475 Y104.491
G1 X36.712 Y104.614
G1 X37.215 Y105.081
G1 X37.317 Y105.021
G1 X37.355 Y104.856
G1 X37.260 Y104.546
G1 X36.787 Y104.111
G1 X36.235 Y103.941
G1 X36.014 Y103.981
G1 X35.870 Y104.101
G1 X35.765 Y104.581
G1 X35.790 Y104.906
G1 X35.180 Y104.916
G1 X35.155 Y104.181
G1 X35.095 Y103.999
G1 X34.930 Y103.941
G1 X34.768 Y103.991
G1 X34.662 Y104.141
G1 X34.585 Y104.781
G0 Z5.000 F500.000
G0 X36.986 Y104.382 F3000.000
G1 Z1.000 F500.000
G4 P100
G1 X37.000 Y105.354 F1000.000
G1 X37.165 Y106.016
G1 X37.305 Y106.231
G1 X37.590 Y106.296
G1 X37.742 Y106.261
G1 X37.785 Y106.156
G1 X37.575 Y104.704
G1 X37.655 Y104.661
G1 X37.843 Y104.811
G1 X38.453 Y106.231
G1 X38.700 Y106.296
G1 X38.860 Y106.269
G1 X38.905 Y106.166
G1 X38.640 Y104.691
G1 X38.680 Y104.544
G1 X38.785 Y104.491
G1 X39.022 Y104.614
G1 X39.525 Y105.081
G1 X39.627 Y105.021
G1 X39.665 Y104.856
G1 X39.570 Y104.546
G1 X39.107 Y104.111
G1 X38.843 Y103.984
G1 X38.337 Y103.987
G1 X38.192 Y104.126
G1 X38.080 Y104.646
G1 X37.825 Y104.124
G1 X37.460 Y103.941
G1 X37.256 Y103.993
G1 X36.986 Y104.382
G0 Z5.000 F500.000
G0 X39.025 Y104.596 F3000.000
G1 Z1.000 F500.000
G4 P100
G1 X39.142 Y105.006 F1000.000
G1 X39.465 Y105.156
G1 X39.600 Y105.120
G1 X39.645 Y105.011
G1 X39.695 Y104.556
G1 X39.885 Y104.451
G1 X40.200 Y104.549
G1 X40.515 Y104.826
G1 X40.181 Y104.874
G1 X39.972 Y105.016
G1 X39.839 Y105.239
G1 X39.795 Y105.526
G1 X39.849 Y105.854
G1 X40.010 Y106.099
G1 X40.267 Y106.250
G1 X40.610 Y106.301
G1 X41.165 Y106.216
G1 X41.395 Y106.291
G1 X41.552 Y106.244
G1 X41.600 Y106.116
G1 X41.395 Y105.121
G1 X41.392 Y104.544
G1 X41.500 Y104.491
G1 X41.730 Y104.606
G1 X42.240 Y105.081
G1 X42.342 Y105.021
G1 X42.380 Y104.856
G1 X42.285 Y104.546
G1 X41.785 Y104.091
G1 X41.310 Y103.941
G1 X40.995 Y104.086
G1 X40.885 Y104.501
G1 X40.915 Y104.816
G1 X40.379 Y104.160
G1 X40.065 Y103.996
G1 X39.720 Y103.941
G1 X39.439 Y103.986
G1 X39.217 Y104.121
G1 X39.073 Y104.330
G1 X39.025 Y104.596
G0 Z5.000 F500.000
G0 X40.402 Y105.296 F3000.000
G1 Z1.000 F500.000
G4 P100
G1 X40.780 Y105.211 F1000.000
G1 X41.050 Y105.841
G1 X40.730 Y105.896
G1 X40.420 Y105.801
G1 X40.310 Y105.531
G1 X40.402 Y105.296
G0 Z5.000 F500.000
G0 X45.835 Y103.559 F3000.000
G1 Z1.000 F500.000
G4 P100
G1 X46.530 Y104.996 F1000.000
G1 X46.520 Y106.011
G1 X46.635 Y106.241
G1 X46.935 Y106.326
G1 X47.087 Y106.284
G1 X47.145 Y105.931
G1 X47.460 Y106.219
G1 X47.790 Y106.306
G1 X48.044 Y106.250
G1 X48.248 Y106.081
G1 X48.381 Y105.821
G1 X48.425 Y105.491
G1 X48.340 Y104.976
G1 X48.105 Y104.521
G1 X48.280 Y104.491
G1 X48.595 Y104.611
G1 X48.980 Y105.011
G1 X49.115 Y105.081
G1 X49.218 Y105.021
G1 X49.255 Y104.856
G1 X49.160 Y104.546
G1 X48.697 Y104.111
G1 X48.135 Y103.941
G1 X47.895 Y103.989
G1 X47.705 Y104.131
G1 X47.110 Y103.941
G1 X47.004 Y103.055
G1 X46.815 Y102.329
G1 X46.531 Y101.843
G1 X46.349 Y101.721
G1 X45.905 Y101.730
G1 X45.740 Y101.876
G1 X45.642 Y102.109
G1 X45.666 Y102.947
G1 X45.835 Y103.559
G0 Z5.000 F500.000
G0 X46.055 Y102.501 F3000.000
G1 Z1.000 F500.000
G4 P100
G1 X46.093 Y102.256 F1000.000
G1 X46.180 Y102.171
G1 X46.304 Y102.318
G1 X46.405 Y102.759
G1 X46.520 Y104.221
G1 X46.180 Y103.266
G1 X46.055 Y102.501
G0 Z5.000 F500.000
G0 X47.135 Y104.421 F3000.000
G1 Z1.000 F500.000
G4 P100
G1 X47.468 Y104.619 F1000.000
G1 X47.710 Y105.009
G1 X47.800 Y105.496
G1 X47.740 Y105.724
G1 X47.580 Y105.801
G1 X47.381 Y105.706
G1 X47.145 Y105.421
G1 X47.135 Y104.421
G0 Z5.000 F500.000
G0 X48.850 Y104.666 F3000.000
G1 Z1.000 F500.000
G4 P100
G1 X48.900 Y105.354 F1000.000
G1 X49.065 Y106.016
G1 X49.205 Y106.231
G1 X49.490 Y106.296
G1 X49.642 Y106.261
G1 X49.685 Y106.156
G1 X49.475 Y104.704
G1 X49.555 Y104.661
G1 X49.742 Y104.811
G1 X50.352 Y106.231
G1 X50.600 Y106.296
G1 X50.760 Y106.269
G1 X50.805 Y106.166
G1 X50.540 Y104.691
G1 X50.580 Y104.544
G1 X50.685 Y104.491
G1 X50.922 Y104.614
G1 X51.425 Y105.081
G1 X51.528 Y105.021
G1 X51.565 Y104.856
G1 X51.470 Y104.546
G1 X51.008 Y104.111
G1 X50.445 Y103.941
G1 X50.237 Y103.987
G1 X50.093 Y104.126
G1 X49.980 Y104.646
G1 X49.725 Y104.124
G1 X49.360 Y103.941
G1 X49.156 Y103.993
G1 X48.886 Y104.382
G1 X48.850 Y104.666
G0 Z5.000 F500.000
G0 X51.080 Y104.951 F3000.000
G1 Z1.000 F500.000
G4 P100
G1 X51.120 Y105.331 F1000.000
G1 X51.424 Y105.931
G1 X51.655 Y106.131
G1 X52.190 Y106.296
G1 X52.618 Y106.134
G1 X52.770 Y105.716
G1 X52.678 Y105.361
G1 X52.435 Y105.216
G1 X52.282 Y105.261
G1 X52.225 Y105.386
G1 X52.242 Y105.771
G1 X52.150 Y105.806
G1 X51.935 Y105.704
G1 X51.775 Y105.426
G1 X51.715 Y105.041
G1 X51.841 Y104.606
G1 X52.220 Y104.461
G1 X52.663 Y104.599
G1 X53.265 Y105.081
G1 X53.367 Y105.021
G1 X53.405 Y104.856
G1 X53.310 Y104.546
G1 X53.052 Y104.289
G1 X52.748 Y104.099
G1 X52.115 Y103.941
G1 X51.679 Y104.010
G1 X51.352 Y104.219
G1 X51.148 Y104.540
G1 X51.080 Y104.951
G0 Z5.000 F500.000
G0 X53.000 Y104.666 F3000.000
G1 Z1.000 F500.000
G4 P100
G1 X53.050 Y105.354 F1000.000
G1 X53.215 Y106.016
G1 X53.355 Y106.231
G1 X53.640 Y106.296
G1 X53.793 Y106.261
G1 X53.835 Y106.156
G1 X53.630 Y105.159
G1 X53.626 Y104.709
G1 X53.705 Y104.661
G1 X53.893 Y104.811
G1 X54.503 Y106.231
G1 X54.750 Y106.296
G1 X54.910 Y106.266
G1 X54.955 Y106.166
G1 X54.695 Y104.501
G1 X55.445 Y105.031
G1 X55.560 Y105.071
G1 X55.663 Y105.009
G1 X55.700 Y104.851
G1 X55.555 Y104.556
G1 X54.595 Y103.911
G1 X54.376 Y102.987
G1 X54.098 Y102.284
G1 X53.748 Y101.839
G1 X53.315 Y101.691
G1 X53.084 Y101.730
G1 X52.780 Y102.030
G1 X52.740 Y102.261
G1 X52.848 Y102.741
G1 X53.248 Y103.304
G1 X54.075 Y104.031
G1 X54.170 Y104.676
G1 X53.890 Y104.129
G1 X53.510 Y103.941
G1 X53.306 Y103.993
G1 X53.143 Y104.149
G1 X53.000 Y104.666
G0 Z5.000 F500.000
G0 X53.960 Y103.431 F3000.000
G1 Z1.000 F500.000
G4 P100
G1 X53.403 Y102.839 F1000.000
G1 X53.230 Y102.371
G1 X53.263 Y102.231
G1 X53.370 Y102.176
G1 X53.503 Y102.249
G1 X53.650 Y102.466
G1 X53.960 Y103.431
G0 Z5.000 F500.000
G0 X55.588 Y103.991 F3000.000
G1 Z1.000 F500.000
G4 P100
G1 X55.483 Y104.141 F1000.000
G1 X55.405 Y104.781
G1 X55.451 Y105.415
G1 X55.590 Y106.016
G1 X55.735 Y106.229
G1 X56.025 Y106.296
G1 X56.165 Y106.271
G1 X56.205 Y106.176
G1 X56.055 Y105.416
G1 X56.695 Y105.416
G1 X56.963 Y106.231
G1 X57.370 Y106.269
G1 X57.415 Y106.166
G1 X57.150 Y104.691
G1 X57.190 Y104.544
G1 X57.295 Y104.491
G1 X57.533 Y104.614
G1 X58.035 Y105.081
G1 X58.138 Y105.021
G1 X58.175 Y104.856
G1 X58.080 Y104.546
G1 X57.608 Y104.111
G1 X57.055 Y103.941
G1 X56.834 Y103.981
G1 X56.690 Y104.101
G1 X56.585 Y104.581
G1 X56.610 Y104.906
G1 X56.000 Y104.916
G1 X55.915 Y103.999
G1 X55.750 Y103.941
G1 X55.588 Y103.991
G0 Z5.000 F500.000
G0 X57.858 Y104.141 F3000.000
G1 Z1.000 F500.000
G4 P100
G1 X57.780 Y104.781 F1000.000
G1 X57.826 Y105.415
G1 X57.965 Y106.016
G1 X58.113 Y106.229
G1 X58.400 Y106.296
G1 X58.540 Y106.271
G1 X58.580 Y106.176
G1 X58.365 Y104.996
G1 X58.569 Y105.596
G1 X58.820 Y105.996
G1 X59.124 Y106.221
G1 X59.485 Y106.296
G1 X59.893 Y106.134
G1 X60.040 Y105.716
G1 X59.948 Y105.361
G1 X59.705 Y105.216
G1 X59.553 Y105.261
G1 X59.495 Y105.386
G1 X59.545 Y105.671
G1 X59.415 Y105.806
G1 X59.220 Y105.704
G1 X59.068 Y105.429
G1 X59.010 Y105.056
G1 X59.135 Y104.624
G1 X59.495 Y104.461
G1 X59.825 Y104.584
G1 X60.360 Y105.081
G1 X60.463 Y105.021
G1 X60.500 Y104.856
G1 X60.405 Y104.546
G1 X59.955 Y104.109
G1 X59.715 Y103.983
G1 X59.445 Y103.941
G1 X59.018 Y104.044
G1 X58.705 Y104.291
G1 X58.550 Y104.571
G1 X58.348 Y104.016
G1 X58.125 Y103.941
G1 X57.963 Y103.991
G1 X57.858 Y104.141
G0 Z5.000 F500.000
G0 X60.076 Y104.426 F3000.000
G1 Z1.000 F500.000
G4 P100
G1 X60.076 Y105.145 F1000.000
G1 X60.431 Y105.836
G1 X61.024 Y106.252
G1 X61.360 Y106.306
G1 X61.508 Y106.264
G1 X61.570 Y106.111
G1 X61.974 Y106.087
G1 X62.035 Y105.956
G1 X61.845 Y104.656
G1 X61.883 Y104.536
G1 X61.980 Y104.491
G1 X62.210 Y104.614
G1 X62.710 Y105.081
G1 X62.813 Y105.021
G1 X62.850 Y104.856
G1 X62.755 Y104.546
G1 X62.320 Y104.116
G1 X61.875 Y103.941
G1 X61.573 Y104.054
G1 X61.365 Y104.361
G1 X61.071 Y104.046
G1 X60.710 Y103.941
G1 X60.431 Y103.997
G1 X60.215 Y104.166
G1 X60.076 Y104.426
G0 Z5.000 F500.000
G0 X60.718 Y104.521 F3000.000
G1 Z1.000 F500.000
G4 P100
G1 X60.890 Y104.446 F1000.000
G1 X61.100 Y104.576
G1 X61.245 Y104.921
G1 X61.430 Y105.841
G1 X61.043 Y105.684
G1 X60.760 Y105.281
G1 X60.655 Y104.751
G1 X60.718 Y104.521
G0 Z5.000 F500.000
G0 X66.850 Y104.756 F3000.000
G1 Z1.000 F500.000
G4 P100
G1 X66.896 Y105.145 F1000.000
G1 X67.251 Y105.836
G1 X67.844 Y106.252
G1 X68.180 Y106.306
G1 X68.328 Y106.264
G1 X68.390 Y106.111
G1 X68.794 Y106.087
G1 X68.855 Y105.956
G1 X68.665 Y104.656
G1 X68.703 Y104.536
G1 X68.800 Y104.491
G1 X69.030 Y104.614
G1 X69.530 Y105.081
G1 X69.633 Y105.021
G1 X69.670 Y104.856
G1 X69.575 Y104.546
G1 X69.140 Y104.116
G1 X68.695 Y103.941
G1 X68.393 Y104.054
G1 X68.185 Y104.361
G1 X67.891 Y104.046
G1 X67.530 Y103.941
G1 X67.251 Y103.997
G1 X67.035 Y104.166
G1 X66.896 Y104.426
G1 X66.850 Y104.756
G0 Z5.000 F500.000
G0 X67.538 Y104.521 F3000.000
G1 Z1.000 F500.000
G4 P100
G1 X67.710 Y104.446 F1000.000
G1 X67.920 Y104.576
G1 X68.065 Y104.921
G1 X68.250 Y105.841
G1 X67.863 Y105.684
G1 X67.580 Y105.281
G1 X67.475 Y104.751
G1 X67.538 Y104.521
G0 Z5.000 F500.000
G0 X69.220 Y104.931 F3000.000
G1 Z1.000 F500.000
G4 P100
G1 X69.358 Y105.604 F1000.000
G1 X69.730 Y106.069
G1 X70.250 Y106.236
G1 X70.510 Y106.181
G1 X69.675 Y107.264
G1 X69.605 Y107.581
G1 X69.735 Y107.949
G1 X70.055 Y108.156
G1 X71.225 Y108.506
G1 X71.338 Y108.416
G1 X71.380 Y108.206
G1 X71.285 Y107.956
G1 X70.293 Y107.689
G1 X70.185 Y107.526
G1 X71.138 Y106.179
G1 X71.240 Y105.386
G1 X71.925 Y105.501
G1 X72.025 Y105.436
G1 X72.025 Y105.079
G1 X71.915 Y104.986
G1 X71.155 Y104.861
G1 X70.988 Y104.469
G1 X70.748 Y104.181
G1 X70.444 Y104.005
G1 X70.090 Y103.946
G1 X69.725 Y104.007
G1 X69.450 Y104.189
G1 X69.278 Y104.495
G1 X69.220 Y104.931
G0 Z5.000 F500.000
G0 X69.903 Y104.591 F3000.000
G1 Z1.000 F500.000
G4 P100
G1 X70.090 Y104.471 F1000.000
G1 X70.378 Y104.644
G1 X70.590 Y105.091
G1 X70.448 Y105.331
G1 X70.410 Y105.746
G1 X70.083 Y105.646
G1 X69.910 Y105.354
G1 X69.845 Y104.931
G1 X69.903 Y104.591
G0 Z5.000 F500.000
G0 X71.660 Y104.611 F3000.000
G1 Z1.000 F500.000
G4 P100
G1 X71.760 Y104.861 F1000.000
G1 X72.473 Y105.159
G1 X72.758 Y105.366
G1 X72.880 Y105.681
G1 X72.820 Y105.841
G1 X72.620 Y105.896
G1 X72.068 Y105.699
G1 X71.804 Y105.724
G1 X71.755 Y105.866
G1 X71.868 Y106.101
G1 X72.190 Y106.276
G1 X72.680 Y106.341
G1 X72.989 Y106.299
G1 X73.208 Y106.171
G1 X73.337 Y105.975
G1 X73.380 Y105.726
G1 X73.301 Y105.345
G1 X73.063 Y105.041
G1 X72.245 Y104.631
G1 X72.770 Y104.321
G1 X73.855 Y105.031
G1 X73.970 Y105.071
G1 X74.073 Y105.011
G1 X74.110 Y104.851
G1 X73.970 Y104.556
G1 X72.960 Y103.926
G1 X72.952 Y103.140
G1 X72.621 Y102.292
G1 X72.363 Y101.971
G1 X72.067 Y101.761
G1 X71.755 Y101.691
G1 X71.511 Y101.729
G1 X71.218 Y102.028
G1 X71.244 Y102.695
G1 X71.435 Y103.101
G1 X71.786 Y103.526
G1 X72.330 Y104.001
G1 X71.740 Y104.401
G1 X71.660 Y104.611
G0 Z5.000 F500.000
G0 X72.430 Y103.526 F3000.000
G1 Z1.000 F500.000
G4 P100
G1 X71.860 Y102.915 F1000.000
G1 X71.718 Y102.631
G1 X71.705 Y102.211
G1 X71.810 Y102.161
G1 X72.078 Y102.384
G1 X72.328 Y102.921
G1 X72.430 Y103.526
G0 Z5.000 F500.000
G0 X73.925 Y104.166 F3000.000
G1 Z1.000 F500.000
G4 P100
G1 X73.786 Y104.426 F1000.000
G1 X73.740 Y104.756
G1 X73.925 Y105.514
G1 X74.141 Y105.836
G1 X74.734 Y106.252
G1 X75.070 Y106.306
G1 X75.218 Y106.264
G1 X75.280 Y106.111
G1 X75.684 Y106.087
G1 X75.745 Y105.956
G1 X75.555 Y104.656
G1 X75.593 Y104.536
G1 X75.690 Y104.491
G1 X75.920 Y104.614
G1 X76.285 Y105.011
G1 X76.420 Y105.081
G1 X76.523 Y105.021
G1 X76.560 Y104.856
G1 X76.465 Y104.546
G1 X76.030 Y104.116
G1 X75.585 Y103.941
G1 X75.283 Y104.054
G1 X75.075 Y104.361
G1 X74.781 Y104.046
G1 X74.420 Y103.941
G1 X74.141 Y103.997
G1 X73.925 Y104.166
G0 Z5.000 F500.000
G0 X74.428 Y104.521 F3000.000
G1 Z1.000 F500.000
G4 P100
G1 X74.600 Y104.446 F1000.000
G1 X74.810 Y104.576
G1 X74.955 Y104.921
G1 X75.140 Y105.841
G1 X74.753 Y105.684
G1 X74.470 Y105.281
G1 X74.365 Y104.751
G1 X74.428 Y104.521
G0 Z5.000 F500.000
G0 X76.155 Y104.666 F3000.000
G1 Z1.000 F500.000
G4 P100
G1 X76.205 Y105.349 F1000.000
G1 X76.370 Y106.016
G1 X76.513 Y106.234
G1 X76.795 Y106.296
G1 X76.945 Y106.264
G1 X76.990 Y106.156
G1 X76.755 Y104.851
G1 X76.860 Y104.661
G1 X77.009 Y104.756
G1 X77.185 Y105.041
G1 X77.660 Y106.234
G1 X77.905 Y106.296
G1 X78.065 Y106.269
G1 X78.110 Y106.166
G1 X77.885 Y105.061
G1 X77.865 Y104.614
G1 X78.088 Y104.551
G1 X78.100 Y104.411
G1 X78.795 Y104.846
G1 X78.898 Y104.786
G1 X78.935 Y104.626
G1 X78.790 Y104.346
G1 X78.070 Y103.896
G1 X77.790 Y102.979
G1 X77.575 Y102.686
G1 X77.313 Y102.506
G1 X77.015 Y102.446
G1 X76.668 Y102.586
G1 X76.530 Y102.936
G1 X76.618 Y103.279
G1 X76.938 Y103.641
G1 X77.595 Y104.096
G1 X77.368 Y104.274
G1 X77.285 Y104.646
G1 X77.038 Y104.131
G1 X76.861 Y103.989
G1 X76.464 Y103.992
G1 X76.191 Y104.379
G1 X76.155 Y104.666
G0 Z5.000 F500.000
G0 X77.145 Y103.310 F3000.000
G1 Z1.000 F500.000
G4 P100
G1 X77.015 Y103.026 F1000.000
G1 X77.120 Y102.916
G1 X77.370 Y103.106
G1 X77.535 Y103.611
G1 X77.145 Y103.310
G0 Z5.000 F500.000
G0 X82.950 Y102.629 F3000.000
G1 Z1.000 F500.000
G4 P100
G1 X83.160 Y103.024 F1000.000
G1 X83.563 Y103.478
G1 X84.210 Y104.026
G1 X84.240 Y104.221
G1 X84.018 Y104.014
G1 X83.745 Y103.941
G1 X83.466 Y103.997
G1 X83.250 Y104.166
G1 X83.111 Y104.426
G1 X83.065 Y104.756
G1 X83.250 Y105.514
G1 X83.466 Y105.836
G1 X84.059 Y106.252
G1 X84.395 Y106.306
G1 X84.543 Y106.264
G1 X84.605 Y106.111
G1 X85.003 Y106.094
G1 X85.050 Y105.851
G1 X84.835 Y104.501
G1 X85.690 Y105.071
G1 X85.793 Y105.009
G1 X85.795 Y104.671
G1 X84.735 Y103.911
G1 X84.516 Y102.987
G1 X84.238 Y102.284
G1 X83.888 Y101.839
G1 X83.455 Y101.691
G1 X83.040 Y101.849
G1 X82.880 Y102.261
G1 X82.950 Y102.629
G0 Z5.000 F500.000
G0 X83.370 Y102.371 F3000.000
G1 Z1.000 F500.000
G4 P100
G1 X83.403 Y102.231 F1000.000
G1 X83.510 Y102.176
G1 X83.643 Y102.251
G1 X83.793 Y102.476
G1 X84.095 Y103.431
G1 X83.540 Y102.836
G1 X83.370 Y102.371
G0 Z5.000 F500.000
G0 X83.925 Y104.446 F3000.000
G1 Z1.000 F500.000
G4 P100
G1 X84.145 Y104.586 F1000.000
G1 X84.455 Y105.841
G1 X84.075 Y105.684
G1 X83.795 Y105.281
G1 X83.690 Y104.751
G1 X83.753 Y104.521
G1 X83.925 Y104.446
G0 Z5.000 F500.000
G0 X85.450 Y104.991 F3000.000
G1 Z1.000 F500.000
G4 P100
G1 X85.595 Y105.669 F1000.000
G1 X85.768 Y105.934
G1 X86.264 Y106.259
G1 X86.560 Y106.301
G1 X86.903 Y106.235
G1 X87.173 Y106.039
G1 X87.357 Y105.745
G1 X87.445 Y105.391
G1 X88.075 Y105.501
G1 X88.175 Y105.436
G1 X88.210 Y105.271
G1 X88.174 Y105.080
G1 X88.065 Y104.986
G1 X87.405 Y104.866
G1 X87.264 Y104.488
G1 X87.030 Y104.194
G1 X86.731 Y104.004
G1 X86.395 Y103.941
G1 X85.883 Y104.086
G1 X85.560 Y104.471
G1 X85.450 Y104.991
G0 Z5.000 F500.000
G0 X86.183 Y104.616 F3000.000
G1 Z1.000 F500.000
G4 P100
G1 X86.435 Y104.471 F1000.000
G1 X86.713 Y104.601
G1 X86.870 Y104.976
G1 X86.633 Y105.251
G1 X86.565 Y105.771
G1 X86.363 Y105.723
G1 X86.208 Y105.579
G1 X86.108 Y105.347
G1 X86.075 Y105.036
G1 X86.183 Y104.616
G0 Z5.000 F500.000
G0 X87.545 Y104.596 F3000.000
G1 Z1.000 F500.000
G4 P100
G1 X87.660 Y105.001 F1000.000
G1 X87.985 Y105.156
G1 X88.128 Y105.116
G1 X88.165 Y105.006
G1 X88.148 Y104.541
G1 X88.215 Y104.496
G1 X88.328 Y104.571
G1 X89.165 Y106.209
G1 X89.465 Y106.286
G1 X89.745 Y106.211
G1 X89.835 Y105.966
G1 X89.859 Y104.597
G1 X90.020 Y104.466
G1 X90.198 Y104.551
G1 X90.730 Y105.081
G1 X90.833 Y105.021
G1 X90.870 Y104.856
G1 X90.775 Y104.546
G1 X90.488 Y104.234
G1 X90.188 Y104.029
G1 X89.785 Y103.941
G1 X89.533 Y103.999
G1 X89.365 Y104.174
G1 X89.271 Y104.465
G1 X89.260 Y105.331
G1 X89.029 Y104.742
G1 X88.758 Y104.306
G1 X88.444 Y104.036
G1 X88.090 Y103.946
G1 X87.863 Y103.992
G1 X87.690 Y104.131
G1 X87.545 Y104.596
G0 Z5.000 F500.000
G0 X90.370 Y104.531 F3000.000
G1 Z1.000 F500.000
G4 P100
G1 X90.485 Y104.936 F1000.000
G1 X90.810 Y105.091
G1 X90.945 Y105.057
G1 X90.990 Y104.956
G1 X90.998 Y104.514
G1 X91.095 Y104.476
G1 X91.278 Y104.589
G1 X91.423 Y104.896
G1 X91.480 Y105.326
G1 X91.435 Y105.629
G1 X91.325 Y105.751
G1 X91.245 Y105.724
G1 X91.115 Y105.504
G1 X90.940 Y105.456
G1 X90.765 Y105.534
G1 X90.700 Y105.771
G1 X90.863 Y106.169
G1 X91.270 Y106.316
G1 X91.673 Y106.129
G1 X91.955 Y105.556
G1 X92.040 Y106.061
G1 X92.170 Y106.246
G1 X92.565 Y106.266
G1 X92.605 Y106.166
G1 X92.405 Y104.996
G1 X92.705 Y105.764
G1 X93.053 Y106.171
G1 X93.500 Y106.296
G1 X93.732 Y106.255
G1 X94.018 Y105.948
G1 X94.055 Y105.716
G1 X93.963 Y105.361
G1 X93.720 Y105.216
G1 X93.568 Y105.261
G1 X93.528 Y105.772
G1 X93.430 Y105.806
G1 X93.235 Y105.704
G1 X93.083 Y105.429
G1 X93.025 Y105.056
G1 X93.150 Y104.624
G1 X93.510 Y104.461
G1 X93.840 Y104.584
G1 X94.375 Y105.081
G1 X94.478 Y105.021
G1 X94.515 Y104.856
G1 X94.420 Y104.546
G1 X93.970 Y104.109
G1 X93.460 Y103.941
G1 X93.030 Y104.061
G1 X92.725 Y104.364
G1 X92.575 Y104.731
G1 X92.415 Y104.111
G1 X92.313 Y103.981
G1 X92.160 Y103.941
G1 X91.990 Y104.026
G1 X91.940 Y104.296
G1 X92.050 Y105.176
G1 X91.773 Y104.531
G1 X91.453 Y104.116
G1 X91.232 Y103.989
G1 X90.719 Y103.986
G1 X90.410 Y104.292
G1 X90.370 Y104.531
G0 Z5.000 F500.000
G0 X94.035 Y105.006 F3000.000
G1 Z1.000 F500.000
G4 P100
G1 X94.180 Y105.649 F1000.000
G1 X94.353 Y105.915
G1 X94.857 Y106.252
G1 X95.165 Y106.296
G1 X95.426 Y106.253
G1 X95.630 Y106.124
G1 X95.761 Y105.920
G1 X95.805 Y105.656
G1 X95.743 Y105.335
G1 X95.558 Y105.064
G1 X95.224 Y104.842
G1 X94.720 Y104.671
G1 X94.901 Y104.499
G1 X95.195 Y104.441
G1 X95.708 Y104.599
G1 X96.340 Y105.081
G1 X96.443 Y105.021
G1 X96.480 Y104.856
G1 X96.385 Y104.546
G1 X95.863 Y104.131
G1 X95.140 Y103.941
G1 X94.674 Y104.012
G1 X94.325 Y104.226
G1 X94.108 Y104.564
G1 X94.035 Y105.006
G0 Z5.000 F500.000
G0 X94.640 Y105.071 F3000.000
G1 Z1.000 F500.000
G4 P100
G1 X95.105 Y105.271 F1000.000
G1 X95.233 Y105.422
G1 X95.223 Y105.749
G1 X95.080 Y105.806
G1 X94.909 Y105.752
G1 X94.768 Y105.591
G1 X94.640 Y105.071
G0 Z5.000 F500.000
G0 X96.131 Y105.415 F3000.000
G1 Z1.000 F500.000
G4 P100
G1 X96.270 Y106.016 F1000.000
G1 X96.415 Y106.229
G1 X96.705 Y106.296
G1 X96.845 Y106.271
G1 X96.885 Y106.176
G1 X96.735 Y105.416
G1 X97.375 Y105.416
G1 X97.643 Y106.231
G1 X98.050 Y106.269
G1 X98.095 Y106.166
G1 X97.830 Y104.691
G1 X97.870 Y104.544
G1 X97.975 Y104.491
G1 X98.213 Y104.614
G1 X98.715 Y105.081
G1 X98.818 Y105.021
G1 X98.855 Y104.856
G1 X98.760 Y104.546
G1 X98.288 Y104.111
G1 X97.735 Y103.941
G1 X97.514 Y103.981
G1 X97.370 Y104.101
G1 X97.265 Y104.581
G1 X97.290 Y104.906
G1 X96.680 Y104.916
G1 X96.655 Y104.181
G1 X96.595 Y103.999
G1 X96.430 Y103.941
G1 X96.268 Y103.991
G1 X96.163 Y104.141
G1 X96.085 Y104.781
G1 X96.131 Y105.415
G0 Z5.000 F500.000
G0 X102.840 Y104.951 F3000.000
G1 Z1.000 F500.000
G4 P100
G1 X102.880 Y105.331 F1000.000
G1 X103.184 Y105.931
G1 X103.415 Y106.131
G1 X103.950 Y106.296
G1 X104.378 Y106.134
G1 X104.530 Y105.716
G1 X104.438 Y105.361
G1 X104.195 Y105.216
G1 X104.043 Y105.261
G1 X103.985 Y105.386
G1 X104.003 Y105.771
G1 X103.910 Y105.806
G1 X103.695 Y105.704
G1 X103.535 Y105.426
G1 X103.475 Y105.041
G1 X103.601 Y104.606
G1 X103.980 Y104.461
G1 X104.423 Y104.599
G1 X105.025 Y105.081
G1 X105.128 Y105.021
G1 X105.165 Y104.856
G1 X105.070 Y104.546
G1 X104.812 Y104.289
G1 X104.508 Y104.099
G1 X103.875 Y103.941
G1 X103.439 Y104.010
G1 X103.113 Y104.219
G1 X102.908 Y104.540
G1 X102.840 Y104.951
G0 Z5.000 F500.000
G0 X104.770 Y104.781 F3000.000
G1 Z1.000 F500.000
G4 P100
G1 X104.955 Y106.016 F1000.000
G1 X105.100 Y106.229
G1 X105.390 Y106.296
G1 X105.530 Y106.271
G1 X105.570 Y106.176
G1 X105.420 Y105.416
G1 X106.060 Y105.416
G1 X106.328 Y106.231
G1 X106.735 Y106.269
G1 X106.780 Y106.166
G1 X106.515 Y104.691
G1 X106.555 Y104.544
G1 X106.660 Y104.491
G1 X106.898 Y104.614
G1 X107.400 Y105.081
G1 X107.503 Y105.021
G1 X107.540 Y104.856
G1 X107.445 Y104.546
G1 X106.973 Y104.111
G1 X106.420 Y103.941
G1 X106.199 Y103.981
G1 X106.055 Y104.101
G1 X105.950 Y104.581
G1 X105.975 Y104.906
G1 X105.365 Y104.916
G1 X105.340 Y104.181
G1 X105.280 Y103.999
G1 X105.115 Y103.941
G1 X104.953 Y103.991
G1 X104.848 Y104.141
G1 X104.770 Y104.781
G0 Z5.000 F500.000
G0 X107.170 Y104.471 F3000.000
G1 Z1.000 F500.000
G4 P100
G1 X107.060 Y104.991 F1000.000
G1 X107.205 Y105.669
G1 X107.378 Y105.934
G1 X107.874 Y106.259
G1 X108.170 Y106.301
G1 X108.513 Y106.235
G1 X108.783 Y106.039
G1 X108.967 Y105.745
G1 X109.055 Y105.391
G1 X109.685 Y105.501
G1 X109.785 Y105.436
G1 X109.784 Y105.080
G1 X109.675 Y104.986
G1 X109.015 Y104.866
G1 X108.874 Y104.488
G1 X108.640 Y104.194
G1 X108.341 Y104.004
G1 X107.727 Y103.977
G1 X107.493 Y104.086
G1 X107.170 Y104.471
G0 Z5.000 F500.000
G0 X107.793 Y104.616 F3000.000
G1 Z1.000 F500.000
G4 P100
G1 X108.045 Y104.471 F1000.000
G1 X108.323 Y104.601
G1 X108.480 Y104.976
G1 X108.243 Y105.251
G1 X108.175 Y105.771
G1 X107.973 Y105.723
G1 X107.818 Y105.579
G1 X107.718 Y105.347
G1 X107.685 Y105.036
G1 X107.793 Y104.616
G0 Z5.000 F500.000
G0 X109.425 Y105.441 F3000.000
G1 Z1.000 F500.000
G4 P100
G1 X109.585 Y106.844 F1000.000
G1 X109.782 Y107.545
G1 X110.053 Y108.134
G1 X110.389 Y108.533
G1 X110.785 Y108.666
G1 X110.993 Y108.617
G1 X111.260 Y108.242
G1 X111.295 Y107.956
G1 X111.140 Y107.141
G1 X110.625 Y106.291
G1 X110.929 Y106.209
G1 X111.170 Y106.014
G1 X111.338 Y105.732
G1 X111.420 Y105.391
G1 X112.050 Y105.501
G1 X112.150 Y105.436
G1 X112.150 Y105.079
G1 X112.040 Y104.986
G1 X111.380 Y104.866
G1 X111.236 Y104.491
G1 X111.003 Y104.196
G1 X110.711 Y104.005
G1 X110.390 Y103.941
G1 X109.954 Y104.037
G1 X109.655 Y104.326
G1 X109.483 Y104.797
G1 X109.425 Y105.441
G0 Z5.000 F500.000
G0 X110.050 Y105.056 F3000.000
G1 Z1.000 F500.000
G4 P100
G1 X110.158 Y104.621 F1000.000
G1 X110.410 Y104.471
G1 X110.685 Y104.601
G1 X110.845 Y104.976
G1 X110.608 Y105.251
G1 X110.545 Y105.801
G1 X110.346 Y105.750
G1 X110.188 Y105.599
G1 X110.050 Y105.056
G0 Z5.000 F500.000
G0 X110.085 Y105.951 F3000.000
G1 Z1.000 F500.000
G4 P100
G1 X110.761 Y107.455 F1000.000
G1 X110.810 Y107.841
G1 X110.773 Y108.086
G1 X110.670 Y108.171
G1 X110.453 Y107.874
G1 X110.235 Y107.066
G1 X110.085 Y105.951
G0 Z5.000 F500.000
G0 X112.091 Y105.836 F3000.000
G1 Z1.000 F500.000
G4 P100
G1 X112.684 Y106.252 F1000.000
G1 X113.020 Y106.306
G1 X113.168 Y106.264
G1 X113.230 Y106.111
G1 X113.634 Y106.087
G1 X113.695 Y105.956
G1 X113.505 Y104.656
G1 X113.543 Y104.536
G1 X113.640 Y104.491
G1 X113.870 Y104.614
G1 X114.370 Y105.081
G1 X114.473 Y105.021
G1 X114.510 Y104.856
G1 X114.415 Y104.546
G1 X113.980 Y104.116
G1 X113.535 Y103.941
G1 X113.233 Y104.054
G1 X113.025 Y104.361
G1 X112.731 Y104.046
G1 X112.370 Y103.941
G1 X112.091 Y103.997
G1 X111.875 Y104.166
G1 X111.736 Y104.426
G1 X111.690 Y104.756
G1 X111.736 Y105.145
G1 X112.091 Y105.836
G0 Z5.000 F500.000
G0 X112.420 Y105.281 F3000.000
G1 Z1.000 F500.000
G4 P100
G1 X112.315 Y104.751 F1000.000
G1 X112.378 Y104.521
G1 X112.550 Y104.446
G1 X112.760 Y104.576
G1 X112.905 Y104.921
G1 X113.090 Y105.841
G1 X112.703 Y105.684
G1 X112.420 Y105.281
G0 Z5.000 F500.000
G0 X118.625 Y105.354 F3000.000
G1 Z1.000 F500.000
G4 P100
G1 X118.790 Y106.016 F1000.000
G1 X118.930 Y106.231
G1 X119.368 Y106.261
G1 X119.410 Y106.156
G1 X119.175 Y104.851
G1 X119.280 Y104.661
G1 X119.468 Y104.811
G1 X119.708 Y105.266
G1 X120.078 Y106.231
G1 X120.485 Y106.269
G1 X120.530 Y106.166
G1 X120.265 Y104.691
G1 X120.305 Y104.544
G1 X120.410 Y104.491
G1 X120.648 Y104.614
G1 X121.150 Y105.081
G1 X121.253 Y105.021
G1 X121.290 Y104.856
G1 X121.195 Y104.546
G1 X120.733 Y104.111
G1 X120.468 Y103.984
G1 X119.962 Y103.987
G1 X119.818 Y104.126
G1 X119.705 Y104.646
G1 X119.450 Y104.124
G1 X119.085 Y103.941
G1 X118.881 Y103.993
G1 X118.611 Y104.382
G1 X118.625 Y105.354
G0 Z5.000 F500.000
G0 X120.805 Y104.951 F3000.000
G1 Z1.000 F500.000
G4 P100
G1 X120.845 Y105.331 F1000.000
G1 X121.149 Y105.931
G1 X121.380 Y106.131
G1 X121.915 Y106.296
G1 X122.343 Y106.134
G1 X122.495 Y105.716
G1 X122.403 Y105.361
G1 X122.160 Y105.216
G1 X122.008 Y105.261
G1 X121.950 Y105.386
G1 X121.968 Y105.771
G1 X121.875 Y105.806
G1 X121.660 Y105.704
G1 X121.500 Y105.426
G1 X121.440 Y105.041
G1 X121.566 Y104.606
G1 X121.945 Y104.461
G1 X122.388 Y104.599
G1 X122.990 Y105.081
G1 X123.093 Y105.021
G1 X123.130 Y104.856
G1 X123.035 Y104.546
G1 X122.777 Y104.289
G1 X122.473 Y104.099
G1 X121.840 Y103.941
G1 X121.404 Y104.010
G1 X121.078 Y104.219
G1 X120.873 Y104.540
G1 X120.805 Y104.951
G0 Z5.000 F500.000
G0 X122.735 Y104.781 F3000.000
G1 Z1.000 F500.000
G4 P100
G1 X122.920 Y106.016 F1000.000
G1 X123.068 Y106.229
G1 X123.355 Y106.296
G1 X123.495 Y106.271
G1 X123.535 Y106.176
G1 X123.330 Y105.096
G1 X123.700 Y105.796
G1 X124.103 Y106.181
G1 X124.465 Y106.296
G1 X124.709 Y106.215
G1 X124.790 Y105.971
G1 X124.585 Y104.691
G1 X124.621 Y104.541
G1 X124.730 Y104.491
G1 X124.968 Y104.614
G1 X125.470 Y105.081
G1 X125.573 Y105.021
G1 X125.610 Y104.856
G1 X125.515 Y104.546
G1 X125.053 Y104.111
G1 X124.490 Y103.941
G1 X124.266 Y103.978
G1 X124.008 Y104.269
G1 X123.975 Y104.516
G1 X124.110 Y105.451
G1 X124.055 Y105.531
G1 X123.873 Y105.364
G1 X123.633 Y104.921
G1 X123.308 Y104.024
G1 X123.080 Y103.941
G1 X122.918 Y103.991
G1 X122.813 Y104.141
G1 X122.735 Y104.781
G0 Z5.000 F500.000
G0 X125.240 Y104.471 F3000.000
G1 Z1.000 F500.000
G4 P100
G1 X125.130 Y104.991 F1000.000
G1 X125.275 Y105.669
G1 X125.448 Y105.934
G1 X125.944 Y106.259
G1 X126.240 Y106.301
G1 X126.583 Y106.235
G1 X126.853 Y106.039
G1 X127.037 Y105.745
G1 X127.125 Y105.391
G1 X127.755 Y105.501
G1 X127.855 Y105.436
G1 X127.854 Y105.080
G1 X127.745 Y104.986
G1 X127.085 Y104.866
G1 X126.944 Y104.488
G1 X126.710 Y104.194
G1 X126.411 Y104.004
G1 X125.797 Y103.977
G1 X125.563 Y104.086
G1 X125.240 Y104.471
G0 Z5.000 F500.000
G0 X125.863 Y104.616 F3000.000
G1 Z1.000 F500.000
G4 P100
G1 X126.115 Y104.471 F1000.000
G1 X126.393 Y104.601
G1 X126.550 Y104.976
G1 X126.313 Y105.251
G1 X126.245 Y105.771
G1 X126.043 Y105.723
G1 X125.888 Y105.579
G1 X125.788 Y105.347
G1 X125.755 Y105.036
G1 X125.863 Y104.616
G0 Z5.000 F500.000
G0 X127.225 Y104.596 F3000.000
G1 Z1.000 F500.000
G4 P100
G1 X127.340 Y105.001 F1000.000
G1 X127.665 Y105.156
G1 X127.808 Y105.116
G1 X127.845 Y105.006
G1 X127.828 Y104.541
G1 X127.895 Y104.496
G1 X128.008 Y104.571
G1 X128.845 Y106.209
G1 X129.145 Y106.286
G1 X129.425 Y106.211
G1 X129.515 Y105.966
G1 X129.539 Y104.597
G1 X129.700 Y104.466
G1 X129.878 Y104.551
G1 X130.410 Y105.081
G1 X130.513 Y105.021
G1 X130.550 Y104.856
G1 X130.455 Y104.546
G1 X130.168 Y104.234
G1 X129.868 Y104.029
G1 X129.465 Y103.941
G1 X129.213 Y103.999
G1 X129.045 Y104.174
G1 X128.951 Y104.465
G1 X128.940 Y105.331
G1 X128.709 Y104.742
G1 X128.438 Y104.306
G1 X128.124 Y104.036
G1 X127.770 Y103.946
G1 X127.543 Y103.992
G1 X127.370 Y104.131
G1 X127.225 Y104.596
G0 Z5.000 F500.000
G0 X130.225 Y104.871 F3000.000
G1 Z1.000 F500.000
G4 P100
G1 X130.410 Y106.016 F1000.000
G1 X130.558 Y106.229
G1 X130.855 Y106.296
G1 X131.024 Y106.266
G1 X131.080 Y106.176
G1 X130.900 Y105.366
G1 X131.223 Y105.589
G1 X131.605 Y105.676
G1 X131.878 Y105.626
G1 X132.088 Y105.476
G1 X132.221 Y105.249
G1 X132.265 Y104.966
G1 X132.150 Y104.496
G1 X132.535 Y104.611
G1 X133.055 Y105.081
G1 X133.158 Y105.021
G1 X133.195 Y104.856
G1 X133.100 Y104.546
G1 X132.628 Y104.111
G1 X132.368 Y103.984
G1 X132.075 Y103.941
G1 X131.715 Y104.061
G1 X131.195 Y103.941
G1 X130.789 Y104.005
G1 X130.483 Y104.199
G1 X130.289 Y104.495
G1 X130.225 Y104.871
G0 Z5.000 F500.000
G0 X130.855 Y104.841 F3000.000
G1 Z1.000 F500.000
G4 P100
G1 X130.960 Y104.566 F1000.000
G1 X131.220 Y104.471
G1 X131.530 Y104.581
G1 X131.640 Y104.886
G1 X131.569 Y105.085
G1 X131.355 Y105.151
G1 X131.063 Y105.056
G1 X130.855 Y104.841
G0 Z5.000 F500.000
G0 X132.820 Y104.611 F3000.000
G1 Z1.000 F500.000
G4 P100
G1 X132.920 Y104.861 F1000.000
G1 X133.633 Y105.159
G1 X133.918 Y105.366
G1 X134.040 Y105.681
G1 X133.980 Y105.841
G1 X133.780 Y105.896
G1 X133.228 Y105.699
G1 X132.964 Y105.724
G1 X132.915 Y105.866
G1 X133.028 Y106.101
G1 X133.350 Y106.276
G1 X133.840 Y106.341
G1 X134.149 Y106.299
G1 X134.368 Y106.171
G1 X134.497 Y105.975
G1 X134.540 Y105.726
G1 X134.461 Y105.345
G1 X134.223 Y105.041
G1 X133.405 Y104.631
G1 X133.930 Y104.321
G1 X135.015 Y105.031
G1 X135.130 Y105.071
G1 X135.233 Y105.011
G1 X135.270 Y104.851
G1 X135.130 Y104.556
G1 X134.120 Y103.926
G1 X134.112 Y103.140
G1 X133.781 Y102.292
G1 X133.523 Y101.971
G1 X133.227 Y101.761
G1 X132.915 Y101.691
G1 X132.671 Y101.729
G1 X132.378 Y102.028
G1 X132.404 Y102.695
G1 X132.595 Y103.101
G1 X132.946 Y103.526
G1 X133.490 Y104.001
G1 X132.900 Y104.401
G1 X132.820 Y104.611
G0 Z5.000 F500.000
G0 X133.590 Y103.526 F3000.000
G1 Z1.000 F500.000
G4 P100
G1 X133.020 Y102.915 F1000.000
G1 X132.878 Y102.631
G1 X132.865 Y102.211
G1 X132.970 Y102.161
G1 X133.238 Y102.384
G1 X133.488 Y102.921
G1 X133.590 Y103.526
G0 Z5.000 F500.000
G0 X135.000 Y104.471 F3000.000
G1 Z1.000 F500.000
G4 P100
G1 X134.890 Y104.991 F1000.000
G1 X135.035 Y105.669
G1 X135.208 Y105.934
G1 X135.704 Y106.259
G1 X136.000 Y106.301
G1 X136.343 Y106.235
G1 X136.613 Y106.039
G1 X136.797 Y105.745
G1 X136.885 Y105.391
G1 X137.515 Y105.501
G1 X137.615 Y105.436
G1 X137.614 Y105.080
G1 X137.505 Y104.986
G1 X136.845 Y104.866
G1 X136.704 Y104.488
G1 X136.470 Y104.194
G1 X136.171 Y104.004
G1 X135.557 Y103.977
G1 X135.323 Y104.086
G1 X135.000 Y104.471
G0 Z5.000 F500.000
G0 X135.623 Y104.616 F3000.000
G1 Z1.000 F500.000
G4 P100
G1 X135.875 Y104.471 F1000.000
G1 X136.153 Y104.601
G1 X136.310 Y104.976
G1 X136.073 Y105.251
G1 X136.005 Y105.771
G1 X135.803 Y105.723
G1 X135.648 Y105.579
G1 X135.548 Y105.347
G1 X135.515 Y105.036
G1 X135.623 Y104.616
G0 Z5.000 F500.000
G0 X137.255 Y105.441 F3000.000
G1 Z1.000 F500.000
G4 P100
G1 X137.415 Y106.844 F1000.000
G1 X137.612 Y107.545
G1 X137.883 Y108.134
G1 X138.219 Y108.533
G1 X138.615 Y108.666
G1 X138.823 Y108.617
G1 X139.090 Y108.242
G1 X139.125 Y107.956
G1 X138.970 Y107.141
G1 X138.455 Y106.291
G1 X138.759 Y106.209
G1 X139.000 Y106.014
G1 X139.168 Y105.732
G1 X139.250 Y105.391
G1 X139.880 Y105.501
G1 X139.980 Y105.436
G1 X139.980 Y105.079
G1 X139.870 Y104.986
G1 X139.210 Y104.866
G1 X139.066 Y104.491
G1 X138.833 Y104.196
G1 X138.541 Y104.005
G1 X138.220 Y103.941
G1 X137.784 Y104.037
G1 X137.485 Y104.326
G1 X137.313 Y104.797
G1 X137.255 Y105.441
G0 Z5.000 F500.000
G0 X137.880 Y105.056 F3000.000
G1 Z1.000 F500.000
G4 P100
G1 X137.988 Y104.621 F1000.000
G1 X138.240 Y104.471
G1 X138.515 Y104.601
G1 X138.675 Y104.976
G1 X138.438 Y105.251
G1 X138.375 Y105.801
G1 X138.176 Y105.750
G1 X138.018 Y105.599
G1 X137.880 Y105.056
G0 Z5.000 F500.000
G0 X137.915 Y105.951 F3000.000
G1 Z1.000 F500.000
G4 P100
G1 X138.591 Y107.455 F1000.000
G1 X138.640 Y107.841
G1 X138.603 Y108.086
G1 X138.500 Y108.171
G1 X138.283 Y107.874
G1 X138.065 Y107.066
G1 X137.915 Y105.951
G0 Z5.000 F500.000
G0 X139.921 Y105.836 F3000.000
G1 Z1.000 F500.000
G4 P100
G1 X140.514 Y106.252 F1000.000
G1 X140.850 Y106.306
G1 X140.998 Y106.264
G1 X141.060 Y106.111
G1 X141.464 Y106.087
G1 X141.525 Y105.956
G1 X141.335 Y104.656
G1 X141.373 Y104.536
G1 X141.470 Y104.491
G1 X141.700 Y104.614
G1 X142.200 Y105.081
G1 X142.303 Y105.021
G1 X142.340 Y104.856
G1 X142.245 Y104.546
G1 X141.810 Y104.116
G1 X141.365 Y103.941
G1 X141.063 Y104.054
G1 X140.855 Y104.361
G1 X140.561 Y104.046
G1 X140.200 Y103.941
G1 X139.921 Y103.997
G1 X139.705 Y104.166
G1 X139.566 Y104.426
G1 X139.520 Y104.756
G1 X139.566 Y105.145
G1 X139.921 Y105.836
G0 Z5.000 F500.000
G0 X140.250 Y105.281 F3000.000
G1 Z1.000 F500.000
G4 P100
G1 X140.145 Y104.751 F1000.000
G1 X140.208 Y104.521
G1 X140.380 Y104.446
G1 X140.590 Y104.576
G1 X140.735 Y104.921
G1 X140.920 Y105.841
G1 X140.533 Y105.684
G1 X140.250 Y105.281
G0 Z5.000 F500.000
G0 X141.991 Y105.415 F3000.000
G1 Z1.000 F500.000
G4 P100
G1 X142.130 Y106.016 F1000.000
G1 X142.277 Y106.229
G1 X142.565 Y106.296
G1 X142.705 Y106.271
G1 X142.745 Y106.176
G1 X142.540 Y105.101
G1 X142.862 Y105.761
G1 X143.248 Y106.164
G1 X143.620 Y106.296
G1 X143.868 Y106.216
G1 X143.940 Y105.971
G1 X143.790 Y105.121
G1 X144.054 Y105.652
G1 X144.345 Y106.016
G1 X144.640 Y106.226
G1 X144.915 Y106.296
G1 X145.159 Y106.215
G1 X145.240 Y105.971
G1 X145.035 Y104.691
G1 X145.071 Y104.541
G1 X145.180 Y104.491
G1 X145.418 Y104.614
G1 X145.920 Y105.081
G1 X146.022 Y105.021
G1 X146.060 Y104.856
G1 X145.965 Y104.546
G1 X145.502 Y104.111
G1 X145.238 Y103.984
G1 X144.716 Y103.978
G1 X144.457 Y104.269
G1 X144.425 Y104.516
G1 X144.560 Y105.451
G1 X144.505 Y105.531
G1 X144.320 Y105.364
G1 X144.080 Y104.921
G1 X143.757 Y104.021
G1 X143.525 Y103.941
G1 X143.277 Y104.099
G1 X143.195 Y104.481
G1 X143.285 Y105.451
G1 X143.230 Y105.531
G1 X143.040 Y105.351
G1 X142.817 Y104.891
G1 X142.517 Y104.024
G1 X142.290 Y103.941
G1 X142.128 Y103.991
G1 X142.022 Y104.141
G1 X141.945 Y104.781
G1 X141.991 Y105.415
G0 Z5.000 F500.000
G0 X145.675 Y104.871 F3000.000
G1 Z1.000 F500.000
G4 P100
G1 X145.860 Y106.016 F1000.000
G1 X146.008 Y106.229
G1 X146.305 Y106.296
G1 X146.474 Y106.266
G1 X146.530 Y106.176
G1 X146.350 Y105.366
G1 X146.673 Y105.589
G1 X147.055 Y105.676
G1 X147.328 Y105.626
G1 X147.538 Y105.476
G1 X147.671 Y105.249
G1 X147.715 Y104.966
G1 X147.600 Y104.496
G1 X147.985 Y104.611
G1 X148.505 Y105.081
G1 X148.608 Y105.021
G1 X148.645 Y104.856
G1 X148.550 Y104.546
G1 X148.078 Y104.111
G1 X147.818 Y103.984
G1 X147.525 Y103.941
G1 X147.165 Y104.061
G1 X146.645 Y103.941
G1 X146.239 Y104.005
G1 X145.933 Y104.199
G1 X145.739 Y104.495
G1 X145.675 Y104.871
G0 Z5.000 F500.000
G0 X146.305 Y104.841 F3000.000
G1 Z1.000 F500.000
G4 P100
G1 X146.410 Y104.566 F1000.000
G1 X146.670 Y104.471
G1 X146.980 Y104.581
G1 X147.090 Y104.886
G1 X147.019 Y105.085
G1 X146.805 Y105.151
G1 X146.513 Y105.056
G1 X146.305 Y104.841
G0 Z5.000 F500.000
G0 X23.125 Y94.759 F3000.000
G1 Z1.000 F500.000
G4 P100
G1 X23.030 Y94.449 F1000.000
G1 X22.567 Y94.014
G1 X22.303 Y93.887
G1 X21.781 Y93.881
G1 X21.523 Y94.172
G1 X21.490 Y94.419
G1 X21.625 Y95.354
G1 X21.570 Y95.434
G1 X21.387 Y95.267
G1 X21.148 Y94.824
G1 X20.822 Y93.927
G1 X20.595 Y93.844
G1 X20.433 Y93.894
G1 X20.328 Y94.044
G1 X20.250 Y94.684
G1 X20.435 Y95.919
G1 X20.582 Y96.132
G1 X21.010 Y96.174
G1 X21.050 Y96.079
G1 X20.845 Y94.999
G1 X21.215 Y95.699
G1 X21.617 Y96.084
G1 X21.980 Y96.199
G1 X22.224 Y96.118
G1 X22.305 Y95.874
G1 X22.100 Y94.594
G1 X22.136 Y94.444
G1 X22.245 Y94.394
G1 X22.483 Y94.517
G1 X22.985 Y94.984
G1 X23.087 Y94.924
G1 X23.125 Y94.759
G0 Z5.000 F500.000
G0 X23.270 Y94.939 F3000.000
G1 Z1.000 F500.000
G4 P100
G1 X23.378 Y94.519 F1000.000
G1 X23.630 Y94.374
G1 X23.907 Y94.504
G1 X24.065 Y94.879
G1 X23.828 Y95.154
G1 X23.760 Y95.674
G1 X23.558 Y95.626
G1 X23.402 Y95.482
G1 X23.270 Y94.939
G0 Z5.000 F500.000
G0 X22.790 Y95.572 F3000.000
G1 Z1.000 F500.000
G4 P100
G1 X22.962 Y95.837 F1000.000
G1 X23.459 Y96.162
G1 X23.755 Y96.204
G1 X24.098 Y96.138
G1 X24.367 Y95.942
G1 X24.552 Y95.648
G1 X24.640 Y95.294
G1 X25.270 Y95.404
G1 X25.370 Y95.339
G1 X25.369 Y94.983
G1 X25.260 Y94.889
G1 X24.600 Y94.769
G1 X24.459 Y94.391
G1 X24.225 Y94.097
G1 X23.926 Y93.907
G1 X23.312 Y93.880
G1 X23.078 Y93.989
G1 X22.755 Y94.374
G1 X22.645 Y94.894
G1 X22.790 Y95.572
G0 Z5.000 F500.000
G0 X24.740 Y94.499 F3000.000
G1 Z1.000 F500.000
G4 P100
G1 X24.855 Y94.904 F1000.000
G1 X25.180 Y95.059
G1 X25.322 Y95.019
G1 X25.360 Y94.909
G1 X25.343 Y94.444
G1 X25.410 Y94.399
G1 X25.523 Y94.474
G1 X26.360 Y96.112
G1 X26.660 Y96.189
G1 X26.940 Y96.114
G1 X27.030 Y95.869
G1 X27.054 Y94.500
G1 X27.215 Y94.369
G1 X27.392 Y94.454
G1 X27.925 Y94.984
G1 X28.027 Y94.924
G1 X28.065 Y94.759
G1 X27.970 Y94.449
G1 X27.682 Y94.137
G1 X27.383 Y93.932
G1 X26.980 Y93.844
G1 X26.727 Y93.902
G1 X26.560 Y94.077
G1 X26.466 Y94.368
G1 X26.455 Y95.234
G1 X26.224 Y94.645
G1 X25.953 Y94.209
G1 X25.639 Y93.939
G1 X25.285 Y93.849
G1 X25.057 Y93.895
G1 X24.885 Y94.034
G1 X24.740 Y94.499
G0 Z5.000 F500.000
G0 X27.730 Y94.684 F3000.000
G1 Z1.000 F500.000
G4 P100
G1 X27.915 Y95.919 F1000.000
G1 X28.060 Y96.132
G1 X28.350 Y96.199
G1 X28.490 Y96.174
G1 X28.530 Y96.079
G1 X28.380 Y95.319
G1 X29.020 Y95.319
G1 X29.288 Y96.134
G1 X29.695 Y96.172
G1 X29.740 Y96.069
G1 X29.475 Y94.594
G1 X29.515 Y94.447
G1 X29.620 Y94.394
G1 X29.858 Y94.517
G1 X30.360 Y94.984
G1 X30.462 Y94.924
G1 X30.500 Y94.759
G1 X30.405 Y94.449
G1 X29.933 Y94.014
G1 X29.380 Y93.844
G1 X29.159 Y93.884
G1 X29.015 Y94.004
G1 X28.910 Y94.484
G1 X28.935 Y94.809
G1 X28.325 Y94.819
G1 X28.300 Y94.084
G1 X28.240 Y93.902
G1 X28.075 Y93.844
G1 X27.913 Y93.894
G1 X27.808 Y94.044
G1 X27.730 Y94.684
G0 Z5.000 F500.000
G0 X30.131 Y94.285 F3000.000
G1 Z1.000 F500.000
G4 P100
G1 X30.145 Y95.257 F1000.000
G1 X30.310 Y95.919
G1 X30.450 Y96.134
G1 X30.735 Y96.199
G1 X30.887 Y96.164
G1 X30.930 Y96.059
G1 X30.725 Y95.062
G1 X30.721 Y94.612
G1 X30.800 Y94.564
G1 X30.988 Y94.714
G1 X31.598 Y96.134
G1 X31.845 Y96.199
G1 X32.005 Y96.169
G1 X32.050 Y96.069
G1 X31.790 Y94.404
G1 X32.540 Y94.934
G1 X32.655 Y94.974
G1 X32.758 Y94.912
G1 X32.795 Y94.754
G1 X32.650 Y94.459
G1 X31.690 Y93.814
G1 X31.471 Y92.890
G1 X31.193 Y92.187
G1 X30.843 Y91.742
G1 X30.410 Y91.594
G1 X30.179 Y91.633
G1 X29.875 Y91.933
G1 X29.835 Y92.164
G1 X29.943 Y92.644
G1 X30.343 Y93.207
G1 X31.170 Y93.934
G1 X31.265 Y94.579
G1 X30.985 Y94.032
G1 X30.800 Y93.891
G1 X30.401 Y93.896
G1 X30.131 Y94.285
G0 Z5.000 F500.000
G0 X31.055 Y93.334 F3000.000
G1 Z1.000 F500.000
G4 P100
G1 X30.498 Y92.742 F1000.000
G1 X30.325 Y92.274
G1 X30.358 Y92.134
G1 X30.465 Y92.079
G1 X30.597 Y92.152
G1 X30.745 Y92.369
G1 X31.055 Y93.334
G0 Z5.000 F500.000
G0 X32.683 Y93.894 F3000.000
G1 Z1.000 F500.000
G4 P100
G1 X32.578 Y94.044 F1000.000
G1 X32.500 Y94.684
G1 X32.546 Y95.318
G1 X32.685 Y95.919
G1 X32.832 Y96.132
G1 X33.120 Y96.199
G1 X33.260 Y96.174
G1 X33.300 Y96.079
G1 X33.150 Y95.319
G1 X33.595 Y95.319
G1 X33.745 Y95.683
G1 X33.985 Y95.964
G1 X34.294 Y96.144
G1 X34.650 Y96.204
G1 X34.993 Y96.138
G1 X35.263 Y95.942
G1 X35.447 Y95.648
G1 X35.535 Y95.294
G1 X36.165 Y95.404
G1 X36.265 Y95.339
G1 X36.264 Y94.983
G1 X36.155 Y94.889
G1 X35.495 Y94.769
G1 X35.354 Y94.391
G1 X35.120 Y94.097
G1 X34.821 Y93.907
G1 X34.485 Y93.844
G1 X33.992 Y93.977
G1 X33.672 Y94.327
G1 X33.545 Y94.809
G1 X33.090 Y94.809
G1 X33.010 Y93.902
G1 X32.845 Y93.844
G1 X32.683 Y93.894
G0 Z5.000 F500.000
G0 X34.273 Y94.519 F3000.000
G1 Z1.000 F500.000
G4 P100
G1 X34.525 Y94.374 F1000.000
G1 X34.803 Y94.504
G1 X34.960 Y94.879
G1 X34.722 Y95.154
G1 X34.655 Y95.674
G1 X34.453 Y95.626
G1 X34.297 Y95.482
G1 X34.198 Y95.250
G1 X34.165 Y94.939
G1 X34.273 Y94.519
G0 Z5.000 F500.000
G0 X38.053 Y94.569 F3000.000
G1 Z1.000 F500.000
G4 P100
G1 X38.103 Y95.257 F1000.000
G1 X38.268 Y95.919
G1 X38.408 Y96.134
G1 X38.693 Y96.199
G1 X38.846 Y96.164
G1 X38.888 Y96.059
G1 X38.653 Y94.754
G1 X38.758 Y94.564
G1 X38.921 Y94.657
G1 X39.081 Y94.937
G1 X39.528 Y96.122
G1 X39.748 Y96.174
G1 X39.928 Y96.132
G1 X39.978 Y95.984
G1 X39.833 Y94.607
G1 X39.913 Y94.564
G1 X40.101 Y94.714
G1 X40.711 Y96.134
G1 X40.958 Y96.199
G1 X41.118 Y96.172
G1 X41.163 Y96.069
G1 X40.898 Y94.594
G1 X40.938 Y94.447
G1 X41.043 Y94.394
G1 X41.281 Y94.517
G1 X41.783 Y94.984
G1 X41.886 Y94.924
G1 X41.923 Y94.759
G1 X41.828 Y94.449
G1 X41.356 Y94.014
G1 X40.803 Y93.844
G1 X40.595 Y93.891
G1 X40.448 Y94.032
G1 X40.338 Y94.549
G1 X40.083 Y94.027
G1 X39.907 Y93.890
G1 X39.519 Y93.878
G1 X39.377 Y93.979
G1 X39.278 Y94.584
G1 X38.958 Y94.034
G1 X38.775 Y93.892
G1 X38.359 Y93.896
G1 X38.089 Y94.285
G1 X38.053 Y94.569
G0 Z5.000 F500.000
G0 X41.518 Y94.569 F3000.000
G1 Z1.000 F500.000
G4 P100
G1 X41.568 Y95.257 F1000.000
G1 X41.733 Y95.919
G1 X41.873 Y96.134
G1 X42.158 Y96.199
G1 X42.311 Y96.164
G1 X42.353 Y96.059
G1 X42.143 Y94.607
G1 X42.223 Y94.564
G1 X42.411 Y94.714
G1 X43.021 Y96.134
G1 X43.268 Y96.199
G1 X43.428 Y96.172
G1 X43.473 Y96.069
G1 X43.208 Y94.594
G1 X43.248 Y94.447
G1 X43.353 Y94.394
G1 X43.591 Y94.517
G1 X44.093 Y94.984
G1 X44.196 Y94.924
G1 X44.233 Y94.759
G1 X44.138 Y94.449
G1 X43.676 Y94.014
G1 X43.113 Y93.844
G1 X42.905 Y93.890
G1 X42.761 Y94.029
G1 X42.648 Y94.549
G1 X42.393 Y94.027
G1 X42.028 Y93.844
G1 X41.824 Y93.896
G1 X41.554 Y94.285
G1 X41.518 Y94.569
G0 Z5.000 F500.000
G0 X43.218 Y93.462 F3000.000
G1 Z1.000 F500.000
G4 P100
G1 X43.913 Y94.899 F1000.000
G1 X43.903 Y95.914
G1 X44.018 Y96.144
G1 X44.318 Y96.229
G1 X44.471 Y96.187
G1 X44.528 Y95.834
G1 X44.843 Y96.122
G1 X45.173 Y96.209
G1 X45.428 Y96.153
G1 X45.631 Y95.984
G1 X45.764 Y95.724
G1 X45.808 Y95.394
G1 X45.723 Y94.879
G1 X45.488 Y94.424
G1 X45.663 Y94.394
G1 X45.978 Y94.514
G1 X46.363 Y94.914
G1 X46.498 Y94.984
G1 X46.601 Y94.924
G1 X46.638 Y94.759
G1 X46.543 Y94.449
G1 X46.081 Y94.014
G1 X45.518 Y93.844
G1 X45.278 Y93.892
G1 X45.088 Y94.034
G1 X44.493 Y93.844
G1 X44.387 Y92.958
G1 X44.198 Y92.232
G1 X43.915 Y91.746
G1 X43.732 Y91.624
G1 X43.288 Y91.633
G1 X43.123 Y91.779
G1 X43.026 Y92.012
G1 X43.050 Y92.850
G1 X43.218 Y93.462
G0 Z5.000 F500.000
G0 X43.438 Y92.404 F3000.000
G1 Z1.000 F500.000
G4 P100
G1 X43.476 Y92.159 F1000.000
G1 X43.563 Y92.074
G1 X43.687 Y92.221
G1 X43.788 Y92.662
G1 X43.903 Y94.124
G1 X43.563 Y93.169
G1 X43.438 Y92.404
G0 Z5.000 F500.000
G0 X44.518 Y94.324 F3000.000
G1 Z1.000 F500.000
G4 P100
G1 X44.851 Y94.522 F1000.000
G1 X45.093 Y94.912
G1 X45.183 Y95.399
G1 X45.123 Y95.627
G1 X44.963 Y95.704
G1 X44.765 Y95.609
G1 X44.528 Y95.324
G1 X44.518 Y94.324
G0 Z5.000 F500.000
G0 X46.233 Y94.569 F3000.000
G1 Z1.000 F500.000
G4 P100
G1 X46.283 Y95.257 F1000.000
G1 X46.448 Y95.919
G1 X46.588 Y96.134
G1 X46.873 Y96.199
G1 X47.026 Y96.164
G1 X47.068 Y96.059
G1 X46.858 Y94.607
G1 X46.938 Y94.564
G1 X47.126 Y94.714
G1 X47.736 Y96.134
G1 X47.983 Y96.199
G1 X48.143 Y96.172
G1 X48.188 Y96.069
G1 X47.923 Y94.594
G1 X47.963 Y94.447
G1 X48.068 Y94.394
G1 X48.306 Y94.517
G1 X48.808 Y94.984
G1 X48.911 Y94.924
G1 X48.948 Y94.759
G1 X48.853 Y94.449
G1 X48.391 Y94.014
G1 X47.828 Y93.844
G1 X47.620 Y93.890
G1 X47.476 Y94.029
G1 X47.363 Y94.549
G1 X47.108 Y94.027
G1 X46.743 Y93.844
G1 X46.539 Y93.896
G1 X46.269 Y94.285
G1 X46.233 Y94.569
G0 Z5.000 F500.000
G0 X48.553 Y94.684 F3000.000
G1 Z1.000 F500.000
G4 P100
G1 X48.738 Y95.919 F1000.000
G1 X48.883 Y96.132
G1 X49.173 Y96.199
G1 X49.313 Y96.174
G1 X49.353 Y96.079
G1 X49.203 Y95.319
G1 X49.843 Y95.319
G1 X50.111 Y96.134
G1 X50.518 Y96.172
G1 X50.563 Y96.069
G1 X50.298 Y94.594
G1 X50.338 Y94.447
G1 X50.443 Y94.394
G1 X50.681 Y94.517
G1 X51.183 Y94.984
G1 X51.286 Y94.924
G1 X51.323 Y94.759
G1 X51.228 Y94.449
G1 X50.756 Y94.014
G1 X50.203 Y93.844
G1 X49.982 Y93.884
G1 X49.838 Y94.004
G1 X49.733 Y94.484
G1 X49.758 Y94.809
G1 X49.148 Y94.819
G1 X49.123 Y94.084
G1 X49.063 Y93.902
G1 X48.898 Y93.844
G1 X48.736 Y93.894
G1 X48.631 Y94.044
G1 X48.553 Y94.684
G0 Z5.000 F500.000
G0 X50.954 Y94.285 F3000.000
G1 Z1.000 F500.000
G4 P100
G1 X50.968 Y95.257 F1000.000
G1 X51.133 Y95.919
G1 X51.273 Y96.134
G1 X51.558 Y96.199
G1 X51.711 Y96.164
G1 X51.753 Y96.059
G1 X51.548 Y95.062
G1 X51.545 Y94.612
G1 X51.623 Y94.564
G1 X51.811 Y94.714
G1 X52.421 Y96.134
G1 X52.668 Y96.199
G1 X52.828 Y96.169
G1 X52.873 Y96.069
G1 X52.613 Y94.404
G1 X53.363 Y94.934
G1 X53.478 Y94.974
G1 X53.581 Y94.912
G1 X53.618 Y94.754
G1 X53.473 Y94.459
G1 X52.513 Y93.814
G1 X52.294 Y92.890
G1 X52.016 Y92.187
G1 X51.666 Y91.742
G1 X51.233 Y91.594
G1 X51.002 Y91.633
G1 X50.698 Y91.933
G1 X50.658 Y92.164
G1 X50.766 Y92.644
G1 X51.166 Y93.207
G1 X51.993 Y93.934
G1 X52.088 Y94.579
G1 X51.808 Y94.032
G1 X51.623 Y93.891
G1 X51.224 Y93.896
G1 X50.954 Y94.285
G0 Z5.000 F500.000
G0 X51.878 Y93.334 F3000.000
G1 Z1.000 F500.000
G4 P100
G1 X51.321 Y92.742 F1000.000
G1 X51.148 Y92.274
G1 X51.181 Y92.134
G1 X51.288 Y92.079
G1 X51.421 Y92.152
G1 X51.568 Y92.369
G1 X51.878 Y93.334
G0 Z5.000 F500.000
G0 X55.485 Y94.443 F3000.000
G1 Z1.000 F500.000
G4 P100
G1 X55.417 Y94.854 F1000.000
G1 X55.577 Y95.564
G1 X55.992 Y96.034
G1 X56.527 Y96.199
G1 X56.954 Y96.037
G1 X57.107 Y95.619
G1 X57.014 Y95.264
G1 X56.772 Y95.119
G1 X56.619 Y95.164
G1 X56.562 Y95.289
G1 X56.579 Y95.674
G1 X56.487 Y95.709
G1 X56.272 Y95.607
G1 X56.112 Y95.329
G1 X56.052 Y94.944
G1 X56.178 Y94.509
G1 X56.557 Y94.364
G1 X56.999 Y94.502
G1 X57.602 Y94.984
G1 X57.704 Y94.924
G1 X57.742 Y94.759
G1 X57.647 Y94.449
G1 X57.389 Y94.192
G1 X57.084 Y94.002
G1 X56.452 Y93.844
G1 X56.016 Y93.913
G1 X55.689 Y94.122
G1 X55.485 Y94.443
G0 Z5.000 F500.000
G0 X57.424 Y94.044 F3000.000
G1 Z1.000 F500.000
G4 P100
G1 X57.347 Y94.684 F1000.000
G1 X57.532 Y95.919
G1 X57.679 Y96.132
G1 X57.967 Y96.199
G1 X58.107 Y96.174
G1 X58.147 Y96.079
G1 X57.942 Y95.004
G1 X58.264 Y95.664
G1 X58.649 Y96.067
G1 X59.022 Y96.199
G1 X59.269 Y96.119
G1 X59.342 Y95.874
G1 X59.192 Y95.024
G1 X59.455 Y95.555
G1 X59.747 Y95.919
G1 X60.042 Y96.129
G1 X60.317 Y96.199
G1 X60.560 Y96.118
G1 X60.642 Y95.874
G1 X60.437 Y94.594
G1 X60.473 Y94.444
G1 X60.582 Y94.394
G1 X60.819 Y94.517
G1 X61.322 Y94.984
G1 X61.424 Y94.924
G1 X61.462 Y94.759
G1 X61.367 Y94.449
G1 X60.904 Y94.014
G1 X60.640 Y93.887
G1 X60.118 Y93.881
G1 X59.859 Y94.172
G1 X59.827 Y94.419
G1 X59.962 Y95.354
G1 X59.907 Y95.434
G1 X59.722 Y95.267
G1 X59.482 Y94.824
G1 X59.159 Y93.924
G1 X58.927 Y93.844
G1 X58.679 Y94.002
G1 X58.597 Y94.384
G1 X58.687 Y95.354
G1 X58.632 Y95.434
G1 X58.442 Y95.254
G1 X58.219 Y94.794
G1 X57.919 Y93.927
G1 X57.692 Y93.844
G1 X57.530 Y93.894
G1 X57.424 Y94.044
G0 Z5.000 F500.000
G0 X60.278 Y92.850 F3000.000
G1 Z1.000 F500.000
G4 P100
G1 X60.733 Y94.147 F1000.000
G1 X61.142 Y94.899
G1 X61.132 Y95.914
G1 X61.247 Y96.144
G1 X61.547 Y96.229
G1 X61.699 Y96.187
G1 X61.757 Y95.834
G1 X62.072 Y96.122
G1 X62.402 Y96.209
G1 X62.656 Y96.153
G1 X62.859 Y95.984
G1 X62.992 Y95.724
G1 X63.037 Y95.394
G1 X62.952 Y94.879
G1 X62.717 Y94.424
G1 X62.892 Y94.394
G1 X63.207 Y94.514
G1 X63.592 Y94.914
G1 X63.727 Y94.984
G1 X63.829 Y94.924
G1 X63.867 Y94.759
G1 X63.772 Y94.449
G1 X63.309 Y94.014
G1 X62.747 Y93.844
G1 X62.507 Y93.892
G1 X62.317 Y94.034
G1 X61.722 Y93.844
G1 X61.615 Y92.958
G1 X61.427 Y92.232
G1 X61.143 Y91.746
G1 X60.961 Y91.624
G1 X60.517 Y91.633
G1 X60.352 Y91.779
G1 X60.222 Y92.319
G1 X60.278 Y92.850
G0 Z5.000 F500.000
G0 X60.667 Y92.404 F3000.000
G1 Z1.000 F500.000
G4 P100
G1 X60.704 Y92.159 F1000.000
G1 X60.792 Y92.074
G1 X60.915 Y92.221
G1 X61.017 Y92.662
G1 X61.132 Y94.124
G1 X60.792 Y93.169
G1 X60.667 Y92.404
G0 Z5.000 F500.000
G0 X61.747 Y94.324 F3000.000
G1 Z1.000 F500.000
G4 P100
G1 X62.079 Y94.522 F1000.000
G1 X62.322 Y94.912
G1 X62.412 Y95.399
G1 X62.352 Y95.627
G1 X62.192 Y95.704
G1 X61.993 Y95.609
G1 X61.757 Y95.324
G1 X61.747 Y94.324
G0 Z5.000 F500.000
G0 X63.387 Y94.894 F3000.000
G1 Z1.000 F500.000
G4 P100
G1 X63.532 Y95.572 F1000.000
G1 X63.704 Y95.837
G1 X64.200 Y96.162
G1 X64.497 Y96.204
G1 X64.840 Y96.138
G1 X65.109 Y95.942
G1 X65.294 Y95.648
G1 X65.382 Y95.294
G1 X66.012 Y95.404
G1 X66.112 Y95.339
G1 X66.147 Y95.174
G1 X66.110 Y94.983
G1 X66.002 Y94.889
G1 X65.342 Y94.769
G1 X65.200 Y94.391
G1 X64.967 Y94.097
G1 X64.668 Y93.907
G1 X64.332 Y93.844
G1 X63.819 Y93.989
G1 X63.497 Y94.374
G1 X63.387 Y94.894
G0 Z5.000 F500.000
G0 X64.119 Y94.519 F3000.000
G1 Z1.000 F500.000
G4 P100
G1 X64.372 Y94.374 F1000.000
G1 X64.649 Y94.504
G1 X64.807 Y94.879
G1 X64.569 Y95.154
G1 X64.502 Y95.674
G1 X64.300 Y95.626
G1 X64.144 Y95.482
G1 X64.045 Y95.250
G1 X64.012 Y94.939
G1 X64.119 Y94.519
G0 Z5.000 F500.000
G0 X65.727 Y94.684 F3000.000
G1 Z1.000 F500.000
G4 P100
G1 X65.912 Y95.919 F1000.000
G1 X66.059 Y96.132
G1 X66.347 Y96.199
G1 X66.487 Y96.174
G1 X66.527 Y96.079
G1 X66.312 Y94.899
G1 X66.515 Y95.499
G1 X66.767 Y95.899
G1 X67.070 Y96.124
G1 X67.432 Y96.199
G1 X67.839 Y96.037
G1 X67.987 Y95.619
G1 X67.894 Y95.264
G1 X67.652 Y95.119
G1 X67.499 Y95.164
G1 X67.442 Y95.289
G1 X67.459 Y95.675
G1 X67.362 Y95.709
G1 X67.167 Y95.607
G1 X67.014 Y95.332
G1 X66.957 Y94.959
G1 X67.082 Y94.527
G1 X67.442 Y94.364
G1 X67.772 Y94.487
G1 X68.307 Y94.984
G1 X68.409 Y94.924
G1 X68.447 Y94.759
G1 X68.352 Y94.449
G1 X67.902 Y94.012
G1 X67.392 Y93.844
G1 X66.964 Y93.947
G1 X66.652 Y94.194
G1 X66.497 Y94.474
G1 X66.294 Y93.919
G1 X66.072 Y93.844
G1 X65.910 Y93.894
G1 X65.804 Y94.044
G1 X65.727 Y94.684
G0 Z5.000 F500.000
G0 X68.077 Y94.285 F3000.000
G1 Z1.000 F500.000
G4 P100
G1 X68.092 Y95.257 F1000.000
G1 X68.257 Y95.919
G1 X68.397 Y96.134
G1 X68.682 Y96.199
G1 X68.834 Y96.164
G1 X68.877 Y96.059
G1 X68.667 Y94.607
G1 X68.747 Y94.564
G1 X68.934 Y94.714
G1 X69.544 Y96.134
G1 X69.792 Y96.199
G1 X69.952 Y96.172
G1 X69.997 Y96.069
G1 X69.732 Y94.594
G1 X69.772 Y94.447
G1 X69.877 Y94.394
G1 X70.114 Y94.517
G1 X70.617 Y94.984
G1 X70.719 Y94.924
G1 X70.757 Y94.759
G1 X70.662 Y94.449
G1 X70.199 Y94.014
G1 X69.935 Y93.887
G1 X69.429 Y93.890
G1 X69.284 Y94.029
G1 X69.172 Y94.549
G1 X68.917 Y94.027
G1 X68.552 Y93.844
G1 X68.347 Y93.896
G1 X68.077 Y94.285
G0 Z5.000 F500.000
G0 X70.252 Y94.279 F3000.000
G1 Z1.000 F500.000
G4 P100
G1 X70.379 Y94.639 F1000.000
G1 X70.737 Y94.774
G1 X71.069 Y94.667
G1 X71.182 Y94.349
G1 X71.052 Y93.982
G1 X70.697 Y93.844
G1 X70.364 Y93.964
G1 X70.252 Y94.279
G0 Z5.000 F500.000
G0 X74.315 Y94.124 F3000.000
G1 Z1.000 F500.000
G4 P100
G1 X74.610 Y95.464 F1000.000
G1 X74.130 Y95.512
G1 X74.055 Y95.699
G1 X74.150 Y95.942
G1 X74.730 Y96.039
G1 X74.860 Y97.114
G1 X74.790 Y97.434
G1 X74.605 Y97.519
G1 X74.232 Y97.373
G1 X73.670 Y96.849
G1 X73.550 Y96.914
G1 X73.500 Y97.079
G1 X73.625 Y97.409
G1 X74.180 Y97.912
G1 X74.517 Y98.060
G1 X74.860 Y98.109
G1 X75.148 Y98.053
G1 X75.362 Y97.887
G1 X75.496 Y97.602
G1 X75.540 Y97.194
G1 X75.420 Y96.069
G1 X76.450 Y96.144
G1 X76.725 Y97.174
G1 X77.185 Y97.954
G1 X77.476 Y98.179
G1 X77.800 Y98.254
G1 X78.024 Y98.205
G1 X78.195 Y98.057
G1 X78.340 Y97.539
G1 X78.261 Y96.967
G1 X78.024 Y96.489
G1 X77.628 Y96.107
G1 X77.075 Y95.819
G1 X77.092 Y94.955
G1 X77.190 Y94.659
G1 X77.346 Y94.494
G1 X77.555 Y94.439
G1 X77.930 Y94.547
G1 X78.450 Y94.984
G1 X78.552 Y94.924
G1 X78.590 Y94.759
G1 X78.495 Y94.449
G1 X77.984 Y93.995
G1 X77.440 Y93.844
G1 X77.004 Y93.938
G1 X76.665 Y94.219
G1 X76.447 Y94.675
G1 X76.390 Y95.634
G1 X75.315 Y95.519
G1 X75.035 Y94.269
G1 X74.882 Y93.943
G1 X74.635 Y93.834
G1 X74.395 Y93.907
G1 X74.315 Y94.124
G0 Z5.000 F500.000
G0 X77.135 Y96.319 F3000.000
G1 Z1.000 F500.000
G4 P100
G1 X77.482 Y96.519 F1000.000
G1 X77.725 Y96.789
G1 X77.867 Y97.138
G1 X77.915 Y97.574
G1 X77.875 Y97.754
G1 X77.775 Y97.819
G1 X77.542 Y97.619
G1 X77.310 Y97.074
G1 X77.135 Y96.319
G0 Z5.000 F500.000
G0 X78.540 Y96.134 F3000.000
G1 Z1.000 F500.000
G4 P100
G1 X78.825 Y96.199 F1000.000
G1 X78.977 Y96.164
G1 X79.020 Y96.059
G1 X78.785 Y94.754
G1 X78.890 Y94.564
G1 X79.077 Y94.714
G1 X79.317 Y95.169
G1 X79.687 Y96.134
G1 X79.935 Y96.199
G1 X80.095 Y96.169
G1 X80.140 Y96.069
G1 X79.880 Y94.404
G1 X80.630 Y94.934
G1 X80.745 Y94.974
G1 X80.847 Y94.912
G1 X80.885 Y94.754
G1 X80.740 Y94.459
G1 X79.780 Y93.814
G1 X79.561 Y92.890
G1 X79.282 Y92.187
G1 X78.933 Y91.742
G1 X78.500 Y91.594
G1 X78.269 Y91.633
G1 X77.965 Y91.933
G1 X77.925 Y92.164
G1 X78.032 Y92.644
G1 X78.432 Y93.207
G1 X79.260 Y93.934
G1 X79.355 Y94.579
G1 X79.075 Y94.032
G1 X78.890 Y93.891
G1 X78.491 Y93.896
G1 X78.327 Y94.052
G1 X78.185 Y94.569
G1 X78.235 Y95.257
G1 X78.400 Y95.919
G1 X78.540 Y96.134
G0 Z5.000 F500.000
G0 X79.145 Y93.334 F3000.000
G1 Z1.000 F500.000
G4 P100
G1 X78.587 Y92.742 F1000.000
G1 X78.415 Y92.274
G1 X78.447 Y92.134
G1 X78.555 Y92.079
G1 X78.687 Y92.152
G1 X78.835 Y92.369
G1 X79.145 Y93.334
G0 Z5.000 F500.000
G0 X80.845 Y94.229 F3000.000
G1 Z1.000 F500.000
G4 P100
G1 X80.672 Y94.700 F1000.000
G1 X80.615 Y95.344
G1 X80.775 Y96.747
G1 X80.972 Y97.448
G1 X81.242 Y98.037
G1 X81.579 Y98.436
G1 X81.975 Y98.569
G1 X82.182 Y98.520
G1 X82.450 Y98.145
G1 X82.485 Y97.859
G1 X82.330 Y97.044
G1 X81.815 Y96.194
G1 X82.119 Y96.112
G1 X82.360 Y95.917
G1 X82.527 Y95.635
G1 X82.610 Y95.294
G1 X83.240 Y95.404
G1 X83.340 Y95.339
G1 X83.340 Y94.982
G1 X83.230 Y94.889
G1 X82.570 Y94.769
G1 X82.426 Y94.394
G1 X82.192 Y94.099
G1 X81.901 Y93.908
G1 X81.580 Y93.844
G1 X81.144 Y93.940
G1 X80.845 Y94.229
G0 Z5.000 F500.000
G0 X81.347 Y94.524 F3000.000
G1 Z1.000 F500.000
G4 P100
G1 X81.600 Y94.374 F1000.000
G1 X81.875 Y94.504
G1 X82.035 Y94.879
G1 X81.797 Y95.154
G1 X81.735 Y95.704
G1 X81.536 Y95.653
G1 X81.274 Y95.265
G1 X81.240 Y94.959
G1 X81.347 Y94.524
G0 Z5.000 F500.000
G0 X81.275 Y95.854 F3000.000
G1 Z1.000 F500.000
G4 P100
G1 X81.951 Y97.358 F1000.000
G1 X82.000 Y97.744
G1 X81.962 Y97.989
G1 X81.860 Y98.074
G1 X81.642 Y97.777
G1 X81.425 Y96.969
G1 X81.275 Y95.854
G0 Z5.000 F500.000
G0 X83.140 Y95.919 F3000.000
G1 Z1.000 F500.000
G4 P100
G1 X83.287 Y96.132 F1000.000
G1 X83.715 Y96.174
G1 X83.755 Y96.079
G1 X83.550 Y94.999
G1 X83.920 Y95.699
G1 X84.322 Y96.084
G1 X84.685 Y96.199
G1 X84.929 Y96.118
G1 X85.010 Y95.874
G1 X84.956 Y95.178
G1 X85.050 Y95.134
G1 X85.545 Y95.419
G1 X85.647 Y95.362
G1 X85.685 Y95.209
G1 X85.585 Y94.919
G1 X85.257 Y94.672
G1 X84.860 Y94.569
G1 X84.627 Y94.603
G1 X84.354 Y94.863
G1 X84.290 Y95.434
G1 X84.092 Y95.267
G1 X83.850 Y94.824
G1 X83.527 Y93.927
G1 X83.300 Y93.844
G1 X83.138 Y93.894
G1 X83.032 Y94.044
G1 X82.955 Y94.684
G1 X83.140 Y95.919
G0 Z5.000 F500.000
G0 X85.272 Y95.262 F3000.000
G1 Z1.000 F500.000
G4 P100
G1 X85.420 Y95.919 F1000.000
G1 X85.540 Y96.139
G1 X85.780 Y96.199
G1 X85.971 Y96.157
G1 X86.035 Y96.029
G1 X85.820 Y94.704
G1 X85.860 Y94.474
G1 X85.995 Y94.394
G1 X86.220 Y94.519
G1 X86.715 Y94.984
G1 X86.817 Y94.924
G1 X86.855 Y94.759
G1 X86.760 Y94.449
G1 X86.281 Y93.995
G1 X85.835 Y93.844
G1 X85.554 Y93.902
G1 X85.362 Y94.074
G1 X85.252 Y94.342
G1 X85.272 Y95.262
G0 Z5.000 F500.000
G0 X85.875 Y96.529 F3000.000
G1 Z1.000 F500.000
G4 P100
G1 X85.560 Y96.627 F1000.000
G1 X85.455 Y96.899
G1 X85.592 Y97.192
G1 X85.935 Y97.309
G1 X86.235 Y97.219
G1 X86.350 Y96.964
G1 X86.220 Y96.647
G1 X85.875 Y96.529
G0 Z5.000 F500.000
G0 X87.022 Y95.967 F3000.000
G1 Z1.000 F500.000
G4 P100
G1 X87.690 Y96.224 F1000.000
G1 X87.828 Y97.123
G1 X88.052 Y97.882
G1 X88.362 Y98.397
G1 X88.548 Y98.526
G1 X88.952 Y98.520
G1 X89.112 Y98.374
G1 X89.219 Y98.129
G1 X89.186 Y97.177
G1 X88.980 Y96.474
G1 X88.245 Y94.934
G1 X88.332 Y94.519
G1 X88.505 Y94.394
G1 X88.780 Y94.514
G1 X89.290 Y94.984
G1 X89.392 Y94.924
G1 X89.430 Y94.759
G1 X89.335 Y94.449
G1 X88.641 Y93.888
G1 X88.400 Y93.844
G1 X88.065 Y93.955
G1 X87.820 Y94.289
G1 X87.452 Y93.934
G1 X87.085 Y93.844
G1 X86.807 Y93.901
G1 X86.582 Y94.072
G1 X86.434 Y94.333
G1 X86.385 Y94.664
G1 X86.555 Y95.407
G1 X87.022 Y95.967
G0 Z5.000 F500.000
G0 X87.192 Y95.342 F3000.000
G1 Z1.000 F500.000
G4 P100
G1 X87.010 Y94.714 F1000.000
G1 X87.072 Y94.440
G1 X87.260 Y94.349
G1 X87.450 Y94.427
G1 X87.690 Y94.714
G1 X87.650 Y95.709
G1 X87.398 Y95.575
G1 X87.192 Y95.342
G0 Z5.000 F500.000
G0 X88.250 Y95.719 F3000.000
G1 Z1.000 F500.000
G4 P100
G1 X88.670 Y96.819 F1000.000
G1 X88.810 Y97.679
G1 X88.700 Y98.079
G1 X88.510 Y97.742
G1 X88.250 Y95.719
G0 Z5.000 F500.000
G0 X88.900 Y94.384 F3000.000
G1 Z1.000 F500.000
G4 P100
G1 X90.995 Y98.319 F1000.000
G1 X91.132 Y98.489
G1 X91.290 Y98.544
G1 X91.487 Y98.452
G1 X91.570 Y98.224
G1 X91.515 Y98.019
G1 X89.262 Y93.884
G1 X89.120 Y93.844
G1 X88.917 Y93.927
G1 X88.830 Y94.144
G1 X88.900 Y94.384
G0 Z5.000 F500.000
G0 X90.960 Y93.462 F3000.000
G1 Z1.000 F500.000
G4 P100
G1 X91.655 Y94.899 F1000.000
G1 X91.645 Y95.914
G1 X91.760 Y96.144
G1 X92.060 Y96.229
G1 X92.212 Y96.187
G1 X92.270 Y95.834
G1 X92.585 Y96.122
G1 X92.915 Y96.209
G1 X93.169 Y96.153
G1 X93.372 Y95.984
G1 X93.506 Y95.724
G1 X93.550 Y95.394
G1 X93.465 Y94.879
G1 X93.230 Y94.424
G1 X93.405 Y94.394
G1 X93.720 Y94.514
G1 X94.105 Y94.914
G1 X94.240 Y94.984
G1 X94.342 Y94.924
G1 X94.380 Y94.759
G1 X94.285 Y94.449
G1 X93.822 Y94.014
G1 X93.260 Y93.844
G1 X93.020 Y93.892
G1 X92.830 Y94.034
G1 X92.235 Y93.844
G1 X92.129 Y92.958
G1 X91.940 Y92.232
G1 X91.656 Y91.746
G1 X91.474 Y91.624
G1 X91.030 Y91.633
G1 X90.865 Y91.779
G1 X90.767 Y92.012
G1 X90.791 Y92.850
G1 X90.960 Y93.462
G0 Z5.000 F500.000
G0 X91.180 Y92.404 F3000.000
G1 Z1.000 F500.000
G4 P100
G1 X91.217 Y92.159 F1000.000
G1 X91.305 Y92.074
G1 X91.429 Y92.221
G1 X91.530 Y92.662
G1 X91.645 Y94.124
G1 X91.305 Y93.169
G1 X91.180 Y92.404
G0 Z5.000 F500.000
G0 X92.260 Y94.324 F3000.000
G1 Z1.000 F500.000
G4 P100
G1 X92.592 Y94.522 F1000.000
G1 X92.835 Y94.912
G1 X92.925 Y95.399
G1 X92.865 Y95.627
G1 X92.705 Y95.704
G1 X92.506 Y95.609
G1 X92.270 Y95.324
G1 X92.260 Y94.324
G0 Z5.000 F500.000
G0 X93.985 Y94.684 F3000.000
G1 Z1.000 F500.000
G4 P100
G1 X94.170 Y95.919 F1000.000
G1 X94.317 Y96.132
G1 X94.605 Y96.199
G1 X94.745 Y96.174
G1 X94.785 Y96.079
G1 X94.580 Y94.999
G1 X94.950 Y95.699
G1 X95.352 Y96.084
G1 X95.715 Y96.199
G1 X95.959 Y96.118
G1 X96.040 Y95.874
G1 X95.986 Y95.178
G1 X96.080 Y95.134
G1 X96.575 Y95.419
G1 X96.677 Y95.362
G1 X96.715 Y95.209
G1 X96.615 Y94.919
G1 X96.287 Y94.672
G1 X95.890 Y94.569
G1 X95.657 Y94.603
G1 X95.384 Y94.863
G1 X95.320 Y95.434
G1 X95.122 Y95.267
G1 X94.880 Y94.824
G1 X94.557 Y93.927
G1 X94.330 Y93.844
G1 X94.168 Y93.894
G1 X94.062 Y94.044
G1 X93.985 Y94.684
G0 Z5.000 F500.000
G0 X96.248 Y94.467 F3000.000
G1 Z1.000 F500.000
G4 P100
G1 X96.175 Y94.909 F1000.000
G1 X96.320 Y95.552
G1 X96.722 Y96.024
G1 X97.305 Y96.199
G1 X97.566 Y96.156
G1 X97.770 Y96.027
G1 X97.901 Y95.823
G1 X97.945 Y95.559
G1 X97.883 Y95.238
G1 X97.697 Y94.967
G1 X97.364 Y94.745
G1 X96.860 Y94.574
G1 X97.041 Y94.402
G1 X97.335 Y94.344
G1 X97.847 Y94.502
G1 X98.480 Y94.984
G1 X98.582 Y94.924
G1 X98.620 Y94.759
G1 X98.525 Y94.449
G1 X98.002 Y94.034
G1 X97.280 Y93.844
G1 X96.814 Y93.915
G1 X96.465 Y94.129
G1 X96.248 Y94.467
G0 Z5.000 F500.000
G0 X96.780 Y94.974 F3000.000
G1 Z1.000 F500.000
G4 P100
G1 X97.245 Y95.174 F1000.000
G1 X97.372 Y95.325
G1 X97.362 Y95.652
G1 X97.220 Y95.709
G1 X97.049 Y95.655
G1 X96.907 Y95.494
G1 X96.780 Y94.974
G0 Z5.000 F500.000
G0 X98.055 Y94.584 F3000.000
G1 Z1.000 F500.000
G4 P100
G1 X98.470 Y95.144 F1000.000
G1 X98.895 Y96.034
G1 X99.041 Y96.199
G1 X99.290 Y96.254
G1 X99.485 Y96.229
G1 X99.540 Y96.149
G1 X99.375 Y95.619
G1 X99.832 Y94.872
G1 X99.905 Y94.409
G1 X100.615 Y94.984
G1 X100.718 Y94.924
G1 X100.755 Y94.759
G1 X100.660 Y94.449
G1 X100.183 Y94.027
G1 X99.145 Y93.734
G1 X98.748 Y93.854
G1 X98.610 Y94.124
G1 X98.705 Y94.349
G1 X98.985 Y94.444
G1 X99.270 Y94.414
G1 X99.213 Y94.659
G1 X98.930 Y95.069
G1 X98.623 Y94.579
G1 X98.290 Y94.209
G1 X98.100 Y94.119
G1 X97.970 Y94.177
G1 X97.920 Y94.319
G1 X98.055 Y94.584
G0 Z5.000 F500.000
G0 X100.275 Y94.909 F3000.000
G1 Z1.000 F500.000
G4 P100
G1 X100.420 Y95.552 F1000.000
G1 X100.593 Y95.818
G1 X101.097 Y96.155
G1 X101.405 Y96.199
G1 X101.666 Y96.156
G1 X101.870 Y96.027
G1 X102.001 Y95.823
G1 X102.045 Y95.559
G1 X101.983 Y95.238
G1 X101.797 Y94.967
G1 X101.464 Y94.745
G1 X100.960 Y94.574
G1 X101.141 Y94.402
G1 X101.435 Y94.344
G1 X101.947 Y94.502
G1 X102.580 Y94.984
G1 X102.683 Y94.924
G1 X102.720 Y94.759
G1 X102.625 Y94.449
G1 X102.102 Y94.034
G1 X101.380 Y93.844
G1 X100.914 Y93.915
G1 X100.565 Y94.129
G1 X100.347 Y94.467
G1 X100.275 Y94.909
G0 Z5.000 F500.000
G0 X100.880 Y94.974 F3000.000
G1 Z1.000 F500.000
G4 P100
G1 X101.345 Y95.174 F1000.000
G1 X101.472 Y95.325
G1 X101.463 Y95.652
G1 X101.320 Y95.709
G1 X101.149 Y95.655
G1 X101.007 Y95.494
G1 X100.880 Y94.974
G0 Z5.000 F500.000
G0 X102.371 Y95.318 F3000.000
G1 Z1.000 F500.000
G4 P100
G1 X102.510 Y95.919 F1000.000
G1 X102.657 Y96.132
G1 X102.945 Y96.199
G1 X103.085 Y96.174
G1 X103.125 Y96.079
G1 X102.920 Y94.999
G1 X103.290 Y95.699
G1 X103.692 Y96.084
G1 X104.055 Y96.199
G1 X104.299 Y96.118
G1 X104.380 Y95.874
G1 X104.326 Y95.178
G1 X104.420 Y95.134
G1 X104.915 Y95.419
G1 X105.018 Y95.362
G1 X105.055 Y95.209
G1 X104.955 Y94.919
G1 X104.627 Y94.672
G1 X104.230 Y94.569
G1 X103.997 Y94.603
G1 X103.724 Y94.863
G1 X103.660 Y95.434
G1 X103.463 Y95.267
G1 X103.220 Y94.824
G1 X102.898 Y93.927
G1 X102.670 Y93.844
G1 X102.508 Y93.894
G1 X102.403 Y94.044
G1 X102.325 Y94.684
G1 X102.371 Y95.318
G0 Z5.000 F500.000
G0 X104.660 Y94.509 F3000.000
G1 Z1.000 F500.000
G4 P100
G1 X104.600 Y95.909 F1000.000
G1 X104.690 Y96.139
G1 X104.945 Y96.204
G1 X105.138 Y96.147
G1 X105.270 Y94.459
G1 X105.720 Y95.169
G1 X105.645 Y95.514
G1 X105.720 Y95.844
G1 X105.925 Y96.104
G1 X106.220 Y96.204
G1 X106.455 Y96.102
G1 X106.545 Y95.804
G1 X106.425 Y95.289
G1 X107.115 Y95.394
G1 X107.230 Y95.344
G1 X107.210 Y94.967
G1 X107.030 Y94.839
G1 X106.540 Y94.764
G1 X106.125 Y94.824
G1 X105.460 Y93.949
G1 X105.130 Y93.844
G1 X104.947 Y93.884
G1 X104.808 Y94.004
G1 X104.660 Y94.509
G0 Z5.000 F500.000
G0 X106.833 Y94.467 F3000.000
G1 Z1.000 F500.000
G4 P100
G1 X106.760 Y94.909 F1000.000
G1 X106.905 Y95.552
G1 X107.308 Y96.024
G1 X107.890 Y96.199
G1 X108.151 Y96.156
G1 X108.355 Y96.027
G1 X108.486 Y95.823
G1 X108.530 Y95.559
G1 X108.468 Y95.238
G1 X108.283 Y94.967
G1 X107.949 Y94.745
G1 X107.445 Y94.574
G1 X107.626 Y94.402
G1 X107.920 Y94.344
G1 X108.433 Y94.502
G1 X109.065 Y94.984
G1 X109.168 Y94.924
G1 X109.205 Y94.759
G1 X109.110 Y94.449
G1 X108.588 Y94.034
G1 X107.865 Y93.844
G1 X107.399 Y93.915
G1 X107.050 Y94.129
G1 X106.833 Y94.467
G0 Z5.000 F500.000
G0 X107.365 Y94.974 F3000.000
G1 Z1.000 F500.000
G4 P100
G1 X107.830 Y95.174 F1000.000
G1 X107.958 Y95.325
G1 X107.948 Y95.652
G1 X107.805 Y95.709
G1 X107.634 Y95.655
G1 X107.493 Y95.494
G1 X107.365 Y94.974
G0 Z5.000 F500.000
G0 X111.040 Y95.318 F3000.000
G1 Z1.000 F500.000
G4 P100
G1 X111.178 Y95.919 F1000.000
G1 X111.326 Y96.132
G1 X111.613 Y96.199
G1 X111.753 Y96.174
G1 X111.793 Y96.079
G1 X111.588 Y95.004
G1 X111.911 Y95.664
G1 X112.296 Y96.067
G1 X112.668 Y96.199
G1 X112.916 Y96.119
G1 X112.988 Y95.874
G1 X112.838 Y95.024
G1 X113.102 Y95.555
G1 X113.393 Y95.919
G1 X113.688 Y96.129
G1 X113.963 Y96.199
G1 X114.207 Y96.118
G1 X114.288 Y95.874
G1 X114.083 Y94.594
G1 X114.120 Y94.444
G1 X114.228 Y94.394
G1 X114.466 Y94.517
G1 X114.968 Y94.984
G1 X115.071 Y94.924
G1 X115.108 Y94.759
G1 X115.013 Y94.449
G1 X114.551 Y94.014
G1 X114.286 Y93.887
G1 X113.765 Y93.881
G1 X113.506 Y94.172
G1 X113.473 Y94.419
G1 X113.608 Y95.354
G1 X113.553 Y95.434
G1 X113.368 Y95.267
G1 X113.128 Y94.824
G1 X112.806 Y93.924
G1 X112.573 Y93.844
G1 X112.326 Y94.002
G1 X112.243 Y94.384
G1 X112.333 Y95.354
G1 X112.278 Y95.434
G1 X112.088 Y95.254
G1 X111.866 Y94.794
G1 X111.566 Y93.927
G1 X111.338 Y93.844
G1 X111.176 Y93.894
G1 X111.071 Y94.044
G1 X110.993 Y94.684
G1 X111.040 Y95.318
G0 Z5.000 F500.000
G0 X114.628 Y94.894 F3000.000
G1 Z1.000 F500.000
G4 P100
G1 X114.773 Y95.572 F1000.000
G1 X114.946 Y95.837
G1 X115.442 Y96.162
G1 X115.738 Y96.204
G1 X116.081 Y96.138
G1 X116.351 Y95.942
G1 X116.535 Y95.648
G1 X116.623 Y95.294
G1 X117.253 Y95.404
G1 X117.353 Y95.339
G1 X117.388 Y95.174
G1 X117.352 Y94.983
G1 X117.243 Y94.889
G1 X116.583 Y94.769
G1 X116.442 Y94.391
G1 X116.208 Y94.097
G1 X115.910 Y93.907
G1 X115.573 Y93.844
G1 X115.061 Y93.989
G1 X114.738 Y94.374
G1 X114.628 Y94.894
G0 Z5.000 F500.000
G0 X115.361 Y94.519 F3000.000
G1 Z1.000 F500.000
G4 P100
G1 X115.613 Y94.374 F1000.000
G1 X115.891 Y94.504
G1 X116.048 Y94.879
G1 X115.811 Y95.154
G1 X115.743 Y95.674
G1 X115.541 Y95.626
G1 X115.386 Y95.482
G1 X115.286 Y95.250
G1 X115.253 Y94.939
G1 X115.361 Y94.519
G0 Z5.000 F500.000
G0 X116.893 Y94.664 F3000.000
G1 Z1.000 F500.000
G4 P100
G1 X116.936 Y95.050 F1000.000
G1 X117.265 Y95.718
G1 X117.846 Y96.140
G1 X118.198 Y96.224
G1 X118.336 Y97.123
G1 X118.561 Y97.882
G1 X118.870 Y98.397
G1 X119.056 Y98.526
G1 X119.460 Y98.520
G1 X119.621 Y98.374
G1 X119.728 Y98.129
G1 X119.695 Y97.177
G1 X119.488 Y96.474
G1 X118.753 Y94.934
G1 X118.841 Y94.519
G1 X119.013 Y94.394
G1 X119.288 Y94.514
G1 X119.798 Y94.984
G1 X119.901 Y94.924
G1 X119.938 Y94.759
G1 X119.843 Y94.449
G1 X119.150 Y93.888
G1 X118.908 Y93.844
G1 X118.573 Y93.955
G1 X118.328 Y94.289
G1 X117.961 Y93.934
G1 X117.593 Y93.844
G1 X117.315 Y93.901
G1 X117.091 Y94.072
G1 X116.943 Y94.333
G1 X116.893 Y94.664
G0 Z5.000 F500.000
G0 X117.581 Y94.440 F3000.000
G1 Z1.000 F500.000
G4 P100
G1 X117.768 Y94.349 F1000.000
G1 X117.958 Y94.427
G1 X118.198 Y94.714
G1 X118.158 Y95.709
G1 X117.906 Y95.575
G1 X117.564 Y95.043
G1 X117.518 Y94.714
G1 X117.581 Y94.440
G0 Z5.000 F500.000
G0 X118.758 Y95.719 F3000.000
G1 Z1.000 F500.000
G4 P100
G1 X119.178 Y96.819 F1000.000
G1 X119.318 Y97.679
G1 X119.208 Y98.079
G1 X119.018 Y97.742
G1 X118.758 Y95.719
G0 Z5.000 F500.000
G0 X119.776 Y95.818 F3000.000
G1 Z1.000 F500.000
G4 P100
G1 X120.280 Y96.155 F1000.000
G1 X120.850 Y96.156
G1 X121.053 Y96.027
G1 X121.185 Y95.823
G1 X121.228 Y95.559
G1 X121.166 Y95.238
G1 X120.981 Y94.967
G1 X120.648 Y94.745
G1 X120.143 Y94.574
G1 X120.325 Y94.402
G1 X120.618 Y94.344
G1 X121.131 Y94.502
G1 X121.763 Y94.984
G1 X121.866 Y94.924
G1 X121.903 Y94.759
G1 X121.808 Y94.449
G1 X121.286 Y94.034
G1 X120.936 Y93.892
G1 X120.563 Y93.844
G1 X120.097 Y93.915
G1 X119.748 Y94.129
G1 X119.531 Y94.467
G1 X119.458 Y94.909
G1 X119.603 Y95.552
G1 X119.776 Y95.818
G0 Z5.000 F500.000
G0 X120.191 Y95.494 F3000.000
G1 Z1.000 F500.000
G4 P100
G1 X120.063 Y94.974 F1000.000
G1 X120.528 Y95.174
G1 X120.698 Y95.499
G1 X120.646 Y95.652
G1 X120.503 Y95.709
G1 X120.333 Y95.655
G1 X120.191 Y95.494
G0 Z5.000 F500.000
G0 X123.457 Y94.504 F3000.000
G1 Z1.000 F500.000
G4 P100
G1 X123.937 Y95.144 F1000.000
G1 X124.362 Y96.034
G1 X124.508 Y96.199
G1 X124.757 Y96.254
G1 X124.952 Y96.229
G1 X125.007 Y96.149
G1 X124.842 Y95.619
G1 X125.299 Y94.872
G1 X125.372 Y94.409
G1 X126.082 Y94.984
G1 X126.184 Y94.924
G1 X126.222 Y94.759
G1 X126.127 Y94.449
G1 X125.649 Y94.027
G1 X124.612 Y93.734
G1 X124.214 Y93.854
G1 X124.077 Y94.124
G1 X124.172 Y94.349
G1 X124.452 Y94.444
G1 X124.737 Y94.414
G1 X124.679 Y94.659
G1 X124.397 Y95.069
G1 X123.757 Y94.209
G1 X123.567 Y94.119
G1 X123.437 Y94.177
G1 X123.387 Y94.319
G1 X123.457 Y94.504
G0 Z5.000 F500.000
G0 X125.842 Y94.339 F3000.000
G1 Z1.000 F500.000
G4 P100
G1 X126.009 Y96.599 F1000.000
G1 X126.204 Y97.367
G1 X126.474 Y98.002
G1 X126.812 Y98.427
G1 X127.212 Y98.569
G1 X127.420 Y98.520
G1 X127.691 Y98.145
G1 X127.653 Y97.345
G1 X127.432 Y96.812
G1 X126.472 Y95.544
G1 X126.457 Y95.009
G1 X126.824 Y95.702
G1 X127.224 Y96.084
G1 X127.587 Y96.199
G1 X127.830 Y96.118
G1 X127.912 Y95.874
G1 X127.707 Y94.594
G1 X127.743 Y94.444
G1 X127.852 Y94.394
G1 X128.089 Y94.517
G1 X128.592 Y94.984
G1 X128.694 Y94.924
G1 X128.732 Y94.759
G1 X128.637 Y94.449
G1 X128.164 Y94.014
G1 X127.905 Y93.887
G1 X127.388 Y93.881
G1 X127.129 Y94.172
G1 X127.097 Y94.419
G1 X127.232 Y95.354
G1 X127.177 Y95.434
G1 X126.992 Y95.267
G1 X126.752 Y94.824
G1 X126.392 Y93.944
G1 X126.087 Y93.844
G1 X125.889 Y93.952
G1 X125.842 Y94.339
G0 Z5.000 F500.000
G0 X126.527 Y96.169 F3000.000
G1 Z1.000 F500.000
G4 P100
G1 X127.039 Y96.964 F1000.000
G1 X127.191 Y97.374
G1 X127.242 Y97.744
G1 X127.207 Y97.989
G1 X127.107 Y98.074
G1 X126.907 Y97.817
G1 X126.694 Y97.122
G1 X126.527 Y96.169
G0 Z5.000 F500.000
G0 X128.569 Y95.837 F3000.000
G1 Z1.000 F500.000
G4 P100
G1 X129.065 Y96.162 F1000.000
G1 X129.362 Y96.204
G1 X129.705 Y96.138
G1 X129.974 Y95.942
G1 X130.159 Y95.648
G1 X130.247 Y95.294
G1 X130.877 Y95.404
G1 X130.977 Y95.339
G1 X130.975 Y94.983
G1 X130.867 Y94.889
G1 X130.207 Y94.769
G1 X130.065 Y94.391
G1 X129.832 Y94.097
G1 X129.533 Y93.907
G1 X128.919 Y93.880
G1 X128.684 Y93.989
G1 X128.362 Y94.374
G1 X128.252 Y94.894
G1 X128.397 Y95.572
G1 X128.569 Y95.837
G0 Z5.000 F500.000
G0 X128.910 Y95.250 F3000.000
G1 Z1.000 F500.000
G4 P100
G1 X128.877 Y94.939 F1000.000
G1 X128.984 Y94.519
G1 X129.237 Y94.374
G1 X129.514 Y94.504
G1 X129.672 Y94.879
G1 X129.434 Y95.154
G1 X129.367 Y95.674
G1 X129.165 Y95.626
G1 X129.009 Y95.482
G1 X128.910 Y95.250
G0 Z5.000 F500.000
G0 X130.632 Y95.257 F3000.000
G1 Z1.000 F500.000
G4 P100
G1 X130.797 Y95.919 F1000.000
G1 X130.937 Y96.134
G1 X131.374 Y96.164
G1 X131.417 Y96.059
G1 X131.182 Y94.754
G1 X131.287 Y94.564
G1 X131.474 Y94.714
G1 X131.714 Y95.169
G1 X132.084 Y96.134
G1 X132.492 Y96.172
G1 X132.537 Y96.069
G1 X132.272 Y94.594
G1 X132.312 Y94.447
G1 X132.417 Y94.394
G1 X132.654 Y94.517
G1 X133.157 Y94.984
G1 X133.259 Y94.924
G1 X133.297 Y94.759
G1 X133.202 Y94.449
G1 X132.739 Y94.014
G1 X132.475 Y93.887
G1 X131.969 Y93.890
G1 X131.824 Y94.029
G1 X131.712 Y94.549
G1 X131.457 Y94.027
G1 X131.092 Y93.844
G1 X130.887 Y93.896
G1 X130.617 Y94.285
G1 X130.632 Y95.257
G0 Z5.000 F500.000
G0 X132.980 Y94.703 F3000.000
G1 Z1.000 F500.000
G4 P100
G1 X132.927 Y95.279 F1000.000
G1 X133.084 Y96.669
G1 X133.279 Y97.394
G1 X133.549 Y98.009
G1 X133.886 Y98.429
G1 X134.282 Y98.569
G1 X134.496 Y98.513
G1 X134.659 Y98.347
G1 X134.762 Y98.076
G1 X134.797 Y97.709
G1 X134.714 Y97.067
G1 X134.467 Y96.329
G1 X134.078 Y95.548
G1 X133.572 Y94.774
G1 X133.687 Y94.482
G1 X133.897 Y94.394
G1 X134.257 Y94.512
G1 X134.787 Y94.984
G1 X134.889 Y94.924
G1 X134.927 Y94.759
G1 X134.832 Y94.449
G1 X134.364 Y94.014
G1 X133.792 Y93.844
G1 X133.409 Y93.944
G1 X133.139 Y94.244
G1 X132.980 Y94.703
G0 Z5.000 F500.000
G0 X133.537 Y95.449 F3000.000
G1 Z1.000 F500.000
G4 P100
G1 X134.102 Y96.622 F1000.000
G1 X134.259 Y97.183
G1 X134.312 Y97.694
G1 X134.277 Y97.979
G1 X134.172 Y98.074
G1 X133.912 Y97.659
G1 X133.657 Y96.629
G1 X133.537 Y95.449
G0 Z5.000 F500.000
G0 X134.829 Y95.718 F3000.000
G1 Z1.000 F500.000
G4 P100
G1 X135.410 Y96.140 F1000.000
G1 X135.762 Y96.224
G1 X135.900 Y97.123
G1 X136.124 Y97.882
G1 X136.434 Y98.397
G1 X136.620 Y98.526
G1 X137.024 Y98.520
G1 X137.184 Y98.374
G1 X137.291 Y98.129
G1 X137.258 Y97.177
G1 X137.052 Y96.474
G1 X136.317 Y94.934
G1 X136.404 Y94.519
G1 X136.577 Y94.394
G1 X136.852 Y94.514
G1 X137.362 Y94.984
G1 X137.464 Y94.924
G1 X137.502 Y94.759
G1 X137.407 Y94.449
G1 X136.713 Y93.888
G1 X136.472 Y93.844
G1 X136.137 Y93.955
G1 X135.892 Y94.289
G1 X135.524 Y93.934
G1 X135.157 Y93.844
G1 X134.879 Y93.901
G1 X134.654 Y94.072
G1 X134.506 Y94.333
G1 X134.457 Y94.664
G1 X134.499 Y95.050
G1 X134.829 Y95.718
G0 Z5.000 F500.000
G0 X135.127 Y95.043 F3000.000
G1 Z1.000 F500.000
G4 P100
G1 X135.082 Y94.714 F1000.000
G1 X135.144 Y94.440
G1 X135.332 Y94.349
G1 X135.522 Y94.427
G1 X135.762 Y94.714
G1 X135.722 Y95.709
G1 X135.470 Y95.575
G1 X135.127 Y95.043
G0 Z5.000 F500.000
G0 X136.322 Y95.719 F3000.000
G1 Z1.000 F500.000
G4 P100
G1 X136.742 Y96.819 F1000.000
G1 X136.882 Y97.679
G1 X136.772 Y98.079
G1 X136.582 Y97.742
G1 X136.322 Y95.719
G0 Z5.000 F500.000
G0 X139.472 Y96.599 F3000.000
G1 Z1.000 F500.000
G4 P100
G1 X139.667 Y97.367 F1000.000
G1 X139.938 Y98.002
G1 X140.276 Y98.427
G1 X140.675 Y98.569
G1 X140.883 Y98.520
G1 X141.154 Y98.145
G1 X141.116 Y97.345
G1 X140.895 Y96.812
G1 X139.935 Y95.544
G1 X139.920 Y95.009
G1 X140.178 Y95.548
G1 X140.470 Y95.917
G1 X140.770 Y96.128
G1 X141.050 Y96.199
G1 X141.276 Y96.157
G1 X141.567 Y95.839
G1 X141.605 Y95.609
G1 X141.465 Y95.104
G1 X140.985 Y94.694
G1 X141.107 Y94.477
G1 X141.355 Y94.394
G1 X141.655 Y94.514
G1 X142.170 Y94.984
G1 X142.272 Y94.924
G1 X142.310 Y94.759
G1 X142.215 Y94.449
G1 X141.760 Y94.009
G1 X141.509 Y93.885
G1 X140.867 Y93.899
G1 X140.595 Y94.064
G1 X140.419 Y94.320
G1 X140.360 Y94.649
G1 X140.410 Y94.817
G1 X140.875 Y95.132
G1 X140.970 Y95.394
G1 X140.840 Y95.574
G1 X140.542 Y95.379
G1 X140.240 Y94.877
G1 X139.892 Y93.927
G1 X139.665 Y93.844
G1 X139.438 Y93.957
G1 X139.340 Y94.304
G1 X139.315 Y94.994
G1 X139.472 Y96.599
G0 Z5.000 F500.000
G0 X139.990 Y96.169 F3000.000
G1 Z1.000 F500.000
G4 P100
G1 X140.502 Y96.964 F1000.000
G1 X140.654 Y97.374
G1 X140.705 Y97.744
G1 X140.670 Y97.989
G1 X140.570 Y98.074
G1 X140.370 Y97.817
G1 X140.157 Y97.122
G1 X139.990 Y96.169
G0 Z5.000 F500.000
G0 X142.148 Y95.818 F3000.000
G1 Z1.000 F500.000
G4 P100
G1 X142.652 Y96.155 F1000.000
G1 X143.221 Y96.156
G1 X143.425 Y96.027
G1 X143.556 Y95.823
G1 X143.600 Y95.559
G1 X143.538 Y95.238
G1 X143.352 Y94.967
G1 X143.019 Y94.745
G1 X142.515 Y94.574
G1 X142.696 Y94.402
G1 X142.990 Y94.344
G1 X143.502 Y94.502
G1 X144.135 Y94.984
G1 X144.238 Y94.924
G1 X144.275 Y94.759
G1 X144.180 Y94.449
G1 X143.657 Y94.034
G1 X143.308 Y93.892
G1 X142.935 Y93.844
G1 X142.469 Y93.915
G1 X142.120 Y94.129
G1 X141.902 Y94.467
G1 X141.830 Y94.909
G1 X141.975 Y95.552
G1 X142.148 Y95.818
G0 Z5.000 F500.000
G0 X142.562 Y95.494 F3000.000
G1 Z1.000 F500.000
G4 P100
G1 X142.435 Y94.974 F1000.000
G1 X142.900 Y95.174
G1 X143.070 Y95.499
G1 X143.017 Y95.652
G1 X142.875 Y95.709
G1 X142.704 Y95.655
G1 X142.562 Y95.494
G0 Z5.000 F500.000
G0 X143.940 Y95.552 F3000.000
G1 Z1.000 F500.000
G4 P100
G1 X144.343 Y96.024 F1000.000
G1 X144.617 Y96.155
G1 X145.186 Y96.156
G1 X145.390 Y96.027
G1 X145.521 Y95.823
G1 X145.565 Y95.559
G1 X145.503 Y95.238
G1 X145.317 Y94.967
G1 X144.984 Y94.745
G1 X144.480 Y94.574
G1 X144.661 Y94.402
G1 X144.955 Y94.344
G1 X145.468 Y94.502
G1 X146.100 Y94.984
G1 X146.202 Y94.924
G1 X146.240 Y94.759
G1 X146.145 Y94.449
G1 X145.623 Y94.034
G1 X145.273 Y93.892
G1 X144.900 Y93.844
G1 X144.434 Y93.915
G1 X144.085 Y94.129
G1 X143.868 Y94.467
G1 X143.795 Y94.909
G1 X143.940 Y95.552
G0 Z5.000 F500.000
G0 X144.400 Y94.974 F3000.000
G1 Z1.000 F500.000
G4 P100
G1 X144.865 Y95.174 F1000.000
G1 X144.993 Y95.325
G1 X144.983 Y95.652
G1 X144.840 Y95.709
G1 X144.669 Y95.655
G1 X144.528 Y95.494
G1 X144.400 Y94.974
G0 Z5.000 F500.000
G0 X145.910 Y95.914 F3000.000
G1 Z1.000 F500.000
G4 P100
G1 X146.025 Y96.144 F1000.000
G1 X146.325 Y96.229
G1 X146.478 Y96.187
G1 X146.535 Y95.834
G1 X146.850 Y96.122
G1 X147.180 Y96.209
G1 X147.434 Y96.153
G1 X147.637 Y95.984
G1 X147.771 Y95.724
G1 X147.815 Y95.394
G1 X147.730 Y94.879
G1 X147.495 Y94.424
G1 X147.670 Y94.394
G1 X147.985 Y94.514
G1 X148.505 Y94.984
G1 X148.608 Y94.924
G1 X148.645 Y94.759
G1 X148.550 Y94.449
G1 X148.088 Y94.014
G1 X147.823 Y93.887
G1 X147.285 Y93.892
G1 X147.095 Y94.034
G1 X146.500 Y93.844
G1 X146.394 Y92.958
G1 X146.205 Y92.232
G1 X145.921 Y91.746
G1 X145.530 Y91.584
G1 X145.295 Y91.633
G1 X145.130 Y91.779
G1 X145.000 Y92.319
G1 X145.225 Y93.462
G1 X145.920 Y94.899
G1 X145.910 Y95.914
G0 Z5.000 F500.000
G0 X146.530 Y94.679 F3000.000
G1 Z1.000 F500.000
G4 P100
G1 X146.525 Y94.324 F1000.000
G1 X146.858 Y94.522
G1 X147.100 Y94.912
G1 X147.190 Y95.399
G1 X147.130 Y95.627
G1 X146.970 Y95.704
G1 X146.771 Y95.609
G1 X146.535 Y95.324
G1 X146.530 Y94.679
G0 Z5.000 F500.000
G0 X145.910 Y94.124 F3000.000
G1 Z1.000 F500.000
G4 P100
G1 X145.570 Y93.169 F1000.000
G1 X145.445 Y92.404
G1 X145.483 Y92.159
G1 X145.570 Y92.074
G1 X145.694 Y92.221
G1 X145.795 Y92.662
G1 X145.910 Y94.124
G0 Z5.000 F500.000
G0 X22.610 Y84.662 F3000.000
G1 Z1.000 F500.000
G4 P100
G1 X22.515 Y84.352 F1000.000
G1 X22.045 Y83.917
G1 X21.460 Y83.747
G1 X21.014 Y83.837
G1 X20.695 Y84.106
G1 X20.504 Y84.554
G1 X20.455 Y85.627
G1 X20.058 Y85.682
G1 X20.005 Y85.857
G1 X20.061 Y86.067
G1 X20.515 Y86.137
G1 X20.775 Y87.142
G1 X21.197 Y87.867
G1 X21.454 Y88.070
G1 X21.730 Y88.137
G1 X21.918 Y88.091
G1 X22.060 Y87.952
G1 X22.180 Y87.487
G1 X22.017 Y86.762
G1 X21.530 Y86.137
G1 X22.090 Y86.137
G1 X22.205 Y86.102
G1 X22.240 Y85.972
G1 X22.099 Y85.713
G1 X21.675 Y85.627
G1 X21.065 Y85.627
G1 X21.086 Y84.795
G1 X21.178 Y84.507
G1 X21.336 Y84.350
G1 X21.565 Y84.297
G1 X21.945 Y84.427
G1 X22.470 Y84.887
G1 X22.572 Y84.827
G1 X22.610 Y84.662
G0 Z5.000 F500.000
G0 X21.115 Y86.212 F3000.000
G1 Z1.000 F500.000
G4 P100
G1 X21.558 Y86.785 F1000.000
G1 X21.705 Y87.362
G1 X21.678 Y87.583
G1 X21.595 Y87.657
G1 X21.428 Y87.470
G1 X21.253 Y86.950
G1 X21.115 Y86.212
G0 Z5.000 F500.000
G0 X22.398 Y86.502 F3000.000
G1 Z1.000 F500.000
G4 P100
G1 X22.593 Y87.270 F1000.000
G1 X22.863 Y87.905
G1 X23.201 Y88.330
G1 X23.600 Y88.472
G1 X23.808 Y88.423
G1 X24.079 Y88.048
G1 X24.041 Y87.248
G1 X23.820 Y86.715
G1 X22.860 Y85.447
G1 X22.845 Y84.912
G1 X23.212 Y85.605
G1 X23.613 Y85.987
G1 X23.975 Y86.102
G1 X24.219 Y86.021
G1 X24.300 Y85.777
G1 X24.095 Y84.497
G1 X24.131 Y84.347
G1 X24.240 Y84.297
G1 X24.477 Y84.420
G1 X24.980 Y84.887
G1 X25.082 Y84.827
G1 X25.120 Y84.662
G1 X25.025 Y84.352
G1 X24.553 Y83.917
G1 X24.293 Y83.790
G1 X23.776 Y83.784
G1 X23.517 Y84.075
G1 X23.485 Y84.322
G1 X23.620 Y85.257
G1 X23.565 Y85.337
G1 X23.380 Y85.170
G1 X23.140 Y84.727
G1 X22.780 Y83.847
G1 X22.475 Y83.747
G1 X22.277 Y83.855
G1 X22.240 Y84.897
G1 X22.398 Y86.502
G0 Z5.000 F500.000
G0 X22.915 Y86.072 F3000.000
G1 Z1.000 F500.000
G4 P100
G1 X23.427 Y86.867 F1000.000
G1 X23.579 Y87.277
G1 X23.630 Y87.647
G1 X23.595 Y87.892
G1 X23.495 Y87.977
G1 X23.295 Y87.720
G1 X23.082 Y87.025
G1 X22.915 Y86.072
G0 Z5.000 F500.000
G0 X24.958 Y85.721 F3000.000
G1 Z1.000 F500.000
G4 P100
G1 X25.462 Y86.058 F1000.000
G1 X26.031 Y86.059
G1 X26.235 Y85.930
G1 X26.366 Y85.726
G1 X26.410 Y85.462
G1 X26.348 Y85.141
G1 X26.163 Y84.870
G1 X25.829 Y84.648
G1 X25.325 Y84.477
G1 X25.506 Y84.305
G1 X25.800 Y84.247
G1 X26.312 Y84.405
G1 X26.945 Y84.887
G1 X27.047 Y84.827
G1 X27.085 Y84.662
G1 X26.990 Y84.352
G1 X26.468 Y83.937
G1 X26.118 Y83.795
G1 X25.745 Y83.747
G1 X25.279 Y83.818
G1 X24.930 Y84.032
G1 X24.712 Y84.370
G1 X24.640 Y84.812
G1 X24.785 Y85.455
G1 X24.958 Y85.721
G0 Z5.000 F500.000
G0 X25.372 Y85.397 F3000.000
G1 Z1.000 F500.000
G4 P100
G1 X25.245 Y84.877 F1000.000
G1 X25.710 Y85.077
G1 X25.880 Y85.402
G1 X25.828 Y85.555
G1 X25.685 Y85.612
G1 X25.514 Y85.558
G1 X25.372 Y85.397
G0 Z5.000 F500.000
G0 X28.343 Y85.165 F3000.000
G1 Z1.000 F500.000
G4 P100
G1 X28.491 Y85.822 F1000.000
G1 X28.611 Y86.042
G1 X28.851 Y86.102
G1 X29.042 Y86.060
G1 X29.106 Y85.932
G1 X28.891 Y84.607
G1 X28.931 Y84.377
G1 X29.066 Y84.297
G1 X29.291 Y84.422
G1 X29.786 Y84.887
G1 X29.888 Y84.827
G1 X29.926 Y84.662
G1 X29.831 Y84.352
G1 X29.352 Y83.898
G1 X28.906 Y83.747
G1 X28.625 Y83.805
G1 X28.433 Y83.977
G1 X28.323 Y84.245
G1 X28.343 Y85.165
G0 Z5.000 F500.000
G0 X28.946 Y86.432 F3000.000
G1 Z1.000 F500.000
G4 P100
G1 X28.631 Y86.530 F1000.000
G1 X28.526 Y86.802
G1 X28.663 Y87.095
G1 X29.006 Y87.212
G1 X29.306 Y87.122
G1 X29.421 Y86.867
G1 X29.291 Y86.550
G1 X28.946 Y86.432
G0 Z5.000 F500.000
G0 X29.863 Y86.035 F3000.000
G1 Z1.000 F500.000
G4 P100
G1 X30.151 Y86.102 F1000.000
G1 X30.291 Y86.077
G1 X30.331 Y85.982
G1 X30.126 Y84.907
G1 X30.448 Y85.567
G1 X30.833 Y85.970
G1 X31.206 Y86.102
G1 X31.453 Y86.022
G1 X31.526 Y85.777
G1 X31.376 Y84.927
G1 X31.640 Y85.458
G1 X31.931 Y85.822
G1 X32.226 Y86.032
G1 X32.501 Y86.102
G1 X32.745 Y86.021
G1 X32.826 Y85.777
G1 X32.621 Y84.497
G1 X32.657 Y84.347
G1 X32.766 Y84.297
G1 X33.003 Y84.420
G1 X33.506 Y84.887
G1 X33.608 Y84.827
G1 X33.646 Y84.662
G1 X33.551 Y84.352
G1 X33.088 Y83.917
G1 X32.824 Y83.790
G1 X32.302 Y83.784
G1 X32.043 Y84.075
G1 X32.011 Y84.322
G1 X32.146 Y85.257
G1 X32.091 Y85.337
G1 X31.906 Y85.170
G1 X31.666 Y84.727
G1 X31.343 Y83.827
G1 X31.111 Y83.747
G1 X30.967 Y83.786
G1 X30.863 Y83.905
G1 X30.781 Y84.287
G1 X30.871 Y85.257
G1 X30.816 Y85.337
G1 X30.626 Y85.157
G1 X30.403 Y84.697
G1 X30.103 Y83.830
G1 X29.876 Y83.747
G1 X29.714 Y83.797
G1 X29.608 Y83.947
G1 X29.531 Y84.587
G1 X29.577 Y85.221
G1 X29.716 Y85.822
G1 X29.863 Y86.035
G0 Z5.000 F500.000
G0 X33.222 Y84.951 F3000.000
G1 Z1.000 F500.000
G4 P100
G1 X33.577 Y85.642 F1000.000
G1 X33.853 Y85.895
G1 X34.170 Y86.058
G1 X34.506 Y86.112
G1 X34.653 Y86.070
G1 X34.716 Y85.917
G1 X35.120 Y85.893
G1 X35.181 Y85.762
G1 X34.991 Y84.462
G1 X35.028 Y84.342
G1 X35.126 Y84.297
G1 X35.356 Y84.420
G1 X35.856 Y84.887
G1 X35.958 Y84.827
G1 X35.996 Y84.662
G1 X35.901 Y84.352
G1 X35.466 Y83.922
G1 X35.021 Y83.747
G1 X34.718 Y83.860
G1 X34.511 Y84.167
G1 X34.217 Y83.852
G1 X33.856 Y83.747
G1 X33.577 Y83.803
G1 X33.361 Y83.972
G1 X33.222 Y84.232
G1 X33.222 Y84.951
G0 Z5.000 F500.000
G0 X33.801 Y84.557 F3000.000
G1 Z1.000 F500.000
G4 P100
G1 X33.863 Y84.327 F1000.000
G1 X34.036 Y84.252
G1 X34.246 Y84.382
G1 X34.391 Y84.727
G1 X34.576 Y85.647
G1 X34.188 Y85.490
G1 X33.906 Y85.087
G1 X33.801 Y84.557
G0 Z5.000 F500.000
G0 X35.572 Y84.951 F3000.000
G1 Z1.000 F500.000
G4 P100
G1 X35.927 Y85.642 F1000.000
G1 X36.203 Y85.895
G1 X36.520 Y86.058
G1 X36.856 Y86.112
G1 X37.003 Y86.070
G1 X37.066 Y85.917
G1 X37.463 Y85.900
G1 X37.516 Y85.752
G1 X37.296 Y84.307
G1 X38.036 Y84.837
G1 X38.151 Y84.877
G1 X38.253 Y84.815
G1 X38.291 Y84.657
G1 X38.146 Y84.362
G1 X37.196 Y83.717
G1 X36.977 Y82.793
G1 X36.698 Y82.090
G1 X36.349 Y81.645
G1 X35.916 Y81.497
G1 X35.685 Y81.536
G1 X35.381 Y81.836
G1 X35.341 Y82.067
G1 X35.411 Y82.435
G1 X35.621 Y82.830
G1 X36.023 Y83.284
G1 X36.671 Y83.832
G1 X36.701 Y84.027
G1 X36.478 Y83.820
G1 X36.206 Y83.747
G1 X35.927 Y83.803
G1 X35.711 Y83.972
G1 X35.572 Y84.232
G1 X35.572 Y84.951
G0 Z5.000 F500.000
G0 X36.151 Y84.557 F3000.000
G1 Z1.000 F500.000
G4 P100
G1 X36.213 Y84.327 F1000.000
G1 X36.386 Y84.252
G1 X36.606 Y84.392
G1 X36.916 Y85.647
G1 X36.536 Y85.490
G1 X36.256 Y85.087
G1 X36.151 Y84.557
G0 Z5.000 F500.000
G0 X36.556 Y83.237 F3000.000
G1 Z1.000 F500.000
G4 P100
G1 X36.001 Y82.642 F1000.000
G1 X35.831 Y82.177
G1 X35.863 Y82.037
G1 X35.971 Y81.982
G1 X36.104 Y82.057
G1 X36.253 Y82.282
G1 X36.556 Y83.237
G0 Z5.000 F500.000
G0 X38.201 Y84.032 F3000.000
G1 Z1.000 F500.000
G4 P100
G1 X37.983 Y84.370 F1000.000
G1 X37.911 Y84.812
G1 X38.056 Y85.455
G1 X38.458 Y85.927
G1 X38.733 Y86.058
G1 X39.302 Y86.059
G1 X39.506 Y85.930
G1 X39.637 Y85.726
G1 X39.681 Y85.462
G1 X39.619 Y85.141
G1 X39.433 Y84.870
G1 X39.100 Y84.648
G1 X38.596 Y84.477
G1 X38.777 Y84.305
G1 X39.071 Y84.247
G1 X39.583 Y84.405
G1 X40.216 Y84.887
G1 X40.318 Y84.827
G1 X40.356 Y84.662
G1 X40.261 Y84.352
G1 X39.738 Y83.937
G1 X39.389 Y83.795
G1 X39.016 Y83.747
G1 X38.550 Y83.818
G1 X38.201 Y84.032
G0 Z5.000 F500.000
G0 X38.516 Y84.877 F3000.000
G1 Z1.000 F500.000
G4 P100
G1 X38.981 Y85.077 F1000.000
G1 X39.108 Y85.228
G1 X39.098 Y85.555
G1 X38.956 Y85.612
G1 X38.785 Y85.558
G1 X38.643 Y85.397
G1 X38.516 Y84.877
G0 Z5.000 F500.000
G0 X41.522 Y85.137 F3000.000
G1 Z1.000 F500.000
G4 P100
G1 X41.642 Y85.467 F1000.000
G1 X42.057 Y85.937
G1 X42.318 Y86.061
G1 X42.836 Y86.061
G1 X43.134 Y85.754
G1 X43.172 Y85.522
G1 X43.079 Y85.167
G1 X42.837 Y85.022
G1 X42.684 Y85.067
G1 X42.644 Y85.577
G1 X42.552 Y85.612
G1 X42.337 Y85.510
G1 X42.177 Y85.232
G1 X42.117 Y84.847
G1 X42.243 Y84.412
G1 X42.622 Y84.267
G1 X43.064 Y84.405
G1 X43.667 Y84.887
G1 X43.769 Y84.827
G1 X43.807 Y84.662
G1 X43.712 Y84.352
G1 X43.149 Y83.905
G1 X42.517 Y83.747
G1 X42.081 Y83.816
G1 X41.754 Y84.025
G1 X41.550 Y84.346
G1 X41.482 Y84.757
G1 X41.522 Y85.137
G0 Z5.000 F500.000
G0 X43.437 Y85.182 F3000.000
G1 Z1.000 F500.000
G4 P100
G1 X43.594 Y86.572 F1000.000
G1 X43.789 Y87.297
G1 X44.059 Y87.912
G1 X44.396 Y88.332
G1 X44.792 Y88.472
G1 X45.006 Y88.416
G1 X45.169 Y88.250
G1 X45.272 Y87.979
G1 X45.307 Y87.612
G1 X45.224 Y86.970
G1 X44.977 Y86.232
G1 X44.588 Y85.451
G1 X44.082 Y84.677
G1 X44.197 Y84.385
G1 X44.407 Y84.297
G1 X44.767 Y84.415
G1 X45.297 Y84.887
G1 X45.399 Y84.827
G1 X45.437 Y84.662
G1 X45.342 Y84.352
G1 X44.874 Y83.917
G1 X44.605 Y83.790
G1 X44.302 Y83.747
G1 X43.919 Y83.847
G1 X43.649 Y84.147
G1 X43.490 Y84.606
G1 X43.437 Y85.182
G0 Z5.000 F500.000
G0 X44.047 Y85.352 F3000.000
G1 Z1.000 F500.000
G4 P100
G1 X44.612 Y86.525 F1000.000
G1 X44.769 Y87.086
G1 X44.822 Y87.597
G1 X44.787 Y87.882
G1 X44.682 Y87.977
G1 X44.422 Y87.562
G1 X44.167 Y86.532
G1 X44.047 Y85.352
G0 Z5.000 F500.000
G0 X45.274 Y85.740 F3000.000
G1 Z1.000 F500.000
G4 P100
G1 X45.771 Y86.065 F1000.000
G1 X46.067 Y86.107
G1 X46.410 Y86.041
G1 X46.679 Y85.845
G1 X46.864 Y85.551
G1 X46.952 Y85.197
G1 X47.582 Y85.307
G1 X47.682 Y85.242
G1 X47.681 Y84.886
G1 X47.572 Y84.792
G1 X46.912 Y84.672
G1 X46.771 Y84.294
G1 X46.537 Y84.000
G1 X46.238 Y83.810
G1 X45.624 Y83.783
G1 X45.389 Y83.892
G1 X45.067 Y84.277
G1 X44.957 Y84.797
G1 X45.102 Y85.475
G1 X45.274 Y85.740
G0 Z5.000 F500.000
G0 X45.615 Y85.153 F3000.000
G1 Z1.000 F500.000
G4 P100
G1 X45.582 Y84.842 F1000.000
G1 X45.689 Y84.422
G1 X45.942 Y84.277
G1 X46.219 Y84.407
G1 X46.377 Y84.782
G1 X46.139 Y85.057
G1 X46.072 Y85.577
G1 X45.870 Y85.529
G1 X45.714 Y85.385
G1 X45.615 Y85.153
G0 Z5.000 F500.000
G0 X47.062 Y84.407 F3000.000
G1 Z1.000 F500.000
G4 P100
G1 X47.542 Y85.047 F1000.000
G1 X47.967 Y85.937
G1 X48.113 Y86.102
G1 X48.362 Y86.157
G1 X48.557 Y86.132
G1 X48.612 Y86.052
G1 X48.447 Y85.522
G1 X48.904 Y84.775
G1 X48.977 Y84.312
G1 X49.687 Y84.887
G1 X49.789 Y84.827
G1 X49.827 Y84.662
G1 X49.732 Y84.352
G1 X49.254 Y83.930
G1 X48.217 Y83.637
G1 X47.819 Y83.757
G1 X47.682 Y84.027
G1 X47.777 Y84.252
G1 X48.057 Y84.347
G1 X48.342 Y84.317
G1 X48.284 Y84.562
G1 X48.002 Y84.972
G1 X47.362 Y84.112
G1 X47.172 Y84.022
G1 X47.042 Y84.080
G1 X46.992 Y84.222
G1 X47.062 Y84.407
G0 Z5.000 F500.000
G0 X49.347 Y84.812 F3000.000
G1 Z1.000 F500.000
G4 P100
G1 X49.492 Y85.455 F1000.000
G1 X49.665 Y85.721
G1 X50.169 Y86.058
G1 X50.477 Y86.102
G1 X50.738 Y86.059
G1 X50.942 Y85.930
G1 X51.073 Y85.726
G1 X51.117 Y85.462
G1 X51.055 Y85.141
G1 X50.869 Y84.870
G1 X50.536 Y84.648
G1 X50.032 Y84.477
G1 X50.213 Y84.305
G1 X50.507 Y84.247
G1 X51.019 Y84.405
G1 X51.652 Y84.887
G1 X51.754 Y84.827
G1 X51.792 Y84.662
G1 X51.697 Y84.352
G1 X51.174 Y83.937
G1 X50.452 Y83.747
G1 X49.986 Y83.818
G1 X49.637 Y84.032
G1 X49.419 Y84.370
G1 X49.347 Y84.812
G0 Z5.000 F500.000
G0 X49.952 Y84.877 F3000.000
G1 Z1.000 F500.000
G4 P100
G1 X50.417 Y85.077 F1000.000
G1 X50.544 Y85.228
G1 X50.534 Y85.555
G1 X50.392 Y85.612
G1 X50.221 Y85.558
G1 X50.079 Y85.397
G1 X49.952 Y84.877
G0 Z5.000 F500.000
G0 X52.763 Y85.857 F3000.000
G1 Z1.000 F500.000
G4 P100
G1 X52.819 Y86.067 F1000.000
G1 X53.273 Y86.137
G1 X53.533 Y87.142
G1 X53.955 Y87.867
G1 X54.212 Y88.070
G1 X54.488 Y88.137
G1 X54.675 Y88.091
G1 X54.818 Y87.952
G1 X54.938 Y87.487
G1 X54.897 Y87.112
G1 X54.775 Y86.762
G1 X54.288 Y86.137
G1 X54.963 Y86.102
G1 X54.962 Y85.821
G1 X54.856 Y85.713
G1 X54.433 Y85.627
G1 X53.823 Y85.627
G1 X53.843 Y84.795
G1 X53.935 Y84.507
G1 X54.093 Y84.350
G1 X54.323 Y84.297
G1 X54.703 Y84.427
G1 X55.228 Y84.887
G1 X55.330 Y84.827
G1 X55.368 Y84.662
G1 X55.273 Y84.352
G1 X54.803 Y83.917
G1 X54.529 Y83.790
G1 X54.218 Y83.747
G1 X53.771 Y83.837
G1 X53.453 Y84.106
G1 X53.261 Y84.554
G1 X53.213 Y85.627
G1 X52.815 Y85.682
G1 X52.763 Y85.857
G0 Z5.000 F500.000
G0 X53.873 Y86.212 F3000.000
G1 Z1.000 F500.000
G4 P100
G1 X54.315 Y86.785 F1000.000
G1 X54.463 Y87.362
G1 X54.435 Y87.583
G1 X54.353 Y87.657
G1 X54.185 Y87.470
G1 X54.010 Y86.950
G1 X53.873 Y86.212
G0 Z5.000 F500.000
G0 X55.205 Y85.740 F3000.000
G1 Z1.000 F500.000
G4 P100
G1 X55.701 Y86.065 F1000.000
G1 X55.998 Y86.107
G1 X56.341 Y86.041
G1 X56.610 Y85.845
G1 X56.795 Y85.551
G1 X56.883 Y85.197
G1 X57.513 Y85.307
G1 X57.613 Y85.242
G1 X57.611 Y84.886
G1 X57.503 Y84.792
G1 X56.843 Y84.672
G1 X56.701 Y84.294
G1 X56.468 Y84.000
G1 X56.169 Y83.810
G1 X55.555 Y83.783
G1 X55.320 Y83.892
G1 X54.998 Y84.277
G1 X54.888 Y84.797
G1 X55.033 Y85.475
G1 X55.205 Y85.740
G0 Z5.000 F500.000
G0 X55.546 Y85.153 F3000.000
G1 Z1.000 F500.000
G4 P100
G1 X55.513 Y84.842 F1000.000
G1 X55.620 Y84.422
G1 X55.873 Y84.277
G1 X56.150 Y84.407
G1 X56.308 Y84.782
G1 X56.070 Y85.057
G1 X56.003 Y85.577
G1 X55.801 Y85.529
G1 X55.645 Y85.385
G1 X55.546 Y85.153
G0 Z5.000 F500.000
G0 X58.881 Y85.165 F3000.000
G1 Z1.000 F500.000
G4 P100
G1 X59.029 Y85.822 F1000.000
G1 X59.149 Y86.042
G1 X59.389 Y86.102
G1 X59.580 Y86.060
G1 X59.644 Y85.932
G1 X59.429 Y84.607
G1 X59.469 Y84.377
G1 X59.604 Y84.297
G1 X59.829 Y84.422
G1 X60.324 Y84.887
G1 X60.426 Y84.827
G1 X60.464 Y84.662
G1 X60.369 Y84.352
G1 X59.890 Y83.898
G1 X59.444 Y83.747
G1 X59.163 Y83.805
G1 X58.971 Y83.977
G1 X58.861 Y84.245
G1 X58.881 Y85.165
G0 Z5.000 F500.000
G0 X59.484 Y86.432 F3000.000
G1 Z1.000 F500.000
G4 P100
G1 X59.169 Y86.530 F1000.000
G1 X59.064 Y86.802
G1 X59.201 Y87.095
G1 X59.544 Y87.212
G1 X59.844 Y87.122
G1 X59.959 Y86.867
G1 X59.829 Y86.550
G1 X59.484 Y86.432
G0 Z5.000 F500.000
G0 X60.049 Y86.137 F3000.000
G1 Z1.000 F500.000
G4 P100
G1 X60.334 Y86.137 F1000.000
G1 X60.594 Y87.142
G1 X61.016 Y87.867
G1 X61.273 Y88.070
G1 X61.549 Y88.137
G1 X61.736 Y88.091
G1 X61.879 Y87.952
G1 X61.999 Y87.487
G1 X61.958 Y87.112
G1 X61.836 Y86.762
G1 X61.349 Y86.137
G1 X62.024 Y86.102
G1 X62.023 Y85.821
G1 X61.917 Y85.713
G1 X61.494 Y85.627
G1 X60.884 Y85.627
G1 X60.904 Y84.795
G1 X60.996 Y84.507
G1 X61.154 Y84.350
G1 X61.384 Y84.297
G1 X61.764 Y84.427
G1 X62.289 Y84.887
G1 X62.391 Y84.827
G1 X62.429 Y84.662
G1 X62.334 Y84.352
G1 X61.864 Y83.917
G1 X61.590 Y83.790
G1 X61.279 Y83.747
G1 X60.832 Y83.837
G1 X60.514 Y84.106
G1 X60.322 Y84.554
G1 X60.274 Y85.627
G1 X59.876 Y85.682
G1 X59.824 Y85.857
G1 X59.880 Y86.067
G1 X60.049 Y86.137
G0 Z5.000 F500.000
G0 X60.934 Y86.212 F3000.000
G1 Z1.000 F500.000
G4 P100
G1 X61.376 Y86.785 F1000.000
G1 X61.524 Y87.362
G1 X61.496 Y87.583
G1 X61.414 Y87.657
G1 X61.246 Y87.470
G1 X61.071 Y86.950
G1 X60.934 Y86.212
G0 Z5.000 F500.000
G0 X62.704 Y85.937 F3000.000
G1 Z1.000 F500.000
G4 P100
G1 X62.850 Y86.102 F1000.000
G1 X63.099 Y86.157
G1 X63.294 Y86.132
G1 X63.349 Y86.052
G1 X63.184 Y85.522
G1 X63.641 Y84.775
G1 X63.714 Y84.312
G1 X64.289 Y84.817
G1 X64.424 Y84.887
G1 X64.526 Y84.827
G1 X64.564 Y84.662
G1 X64.469 Y84.352
G1 X63.991 Y83.930
G1 X62.954 Y83.637
G1 X62.556 Y83.757
G1 X62.419 Y84.027
G1 X62.514 Y84.252
G1 X62.794 Y84.347
G1 X63.079 Y84.317
G1 X63.021 Y84.562
G1 X62.739 Y84.972
G1 X62.099 Y84.112
G1 X61.909 Y84.022
G1 X61.779 Y84.080
G1 X61.729 Y84.222
G1 X61.799 Y84.407
G1 X62.279 Y85.047
G1 X62.704 Y85.937
G0 Z5.000 F500.000
G0 X65.695 Y84.797 F3000.000
G1 Z1.000 F500.000
G4 P100
G1 X65.840 Y85.475 F1000.000
G1 X66.012 Y85.740
G1 X66.508 Y86.065
G1 X66.805 Y86.107
G1 X67.148 Y86.041
G1 X67.417 Y85.845
G1 X67.601 Y85.551
G1 X67.690 Y85.197
G1 X68.320 Y85.307
G1 X68.420 Y85.242
G1 X68.455 Y85.077
G1 X68.418 Y84.886
G1 X68.310 Y84.792
G1 X67.650 Y84.672
G1 X67.508 Y84.294
G1 X67.275 Y84.000
G1 X66.976 Y83.810
G1 X66.640 Y83.747
G1 X66.127 Y83.892
G1 X65.805 Y84.277
G1 X65.695 Y84.797
G0 Z5.000 F500.000
G0 X66.427 Y84.422 F3000.000
G1 Z1.000 F500.000
G4 P100
G1 X66.680 Y84.277 F1000.000
G1 X66.957 Y84.407
G1 X67.115 Y84.782
G1 X66.877 Y85.057
G1 X66.810 Y85.577
G1 X66.608 Y85.529
G1 X66.452 Y85.385
G1 X66.353 Y85.153
G1 X66.320 Y84.842
G1 X66.427 Y84.422
G0 Z5.000 F500.000
G0 X68.035 Y84.587 F3000.000
G1 Z1.000 F500.000
G4 P100
G1 X68.220 Y85.822 F1000.000
G1 X68.367 Y86.035
G1 X68.655 Y86.102
G1 X68.795 Y86.077
G1 X68.835 Y85.982
G1 X68.630 Y84.902
G1 X69.000 Y85.602
G1 X69.402 Y85.987
G1 X69.765 Y86.102
G1 X70.008 Y86.021
G1 X70.090 Y85.777
G1 X70.036 Y85.081
G1 X70.130 Y85.037
G1 X70.625 Y85.322
G1 X70.727 Y85.265
G1 X70.765 Y85.112
G1 X70.665 Y84.822
G1 X70.337 Y84.575
G1 X69.940 Y84.472
G1 X69.706 Y84.506
G1 X69.434 Y84.766
G1 X69.370 Y85.337
G1 X69.172 Y85.170
G1 X68.930 Y84.727
G1 X68.607 Y83.830
G1 X68.380 Y83.747
G1 X68.218 Y83.797
G1 X68.112 Y83.947
G1 X68.035 Y84.587
G0 Z5.000 F500.000
G0 X70.331 Y84.245 F3000.000
G1 Z1.000 F500.000
G4 P100
G1 X70.352 Y85.165 F1000.000
G1 X70.500 Y85.822
G1 X70.620 Y86.042
G1 X70.860 Y86.102
G1 X71.051 Y86.060
G1 X71.115 Y85.932
G1 X70.900 Y84.607
G1 X70.940 Y84.377
G1 X71.075 Y84.297
G1 X71.300 Y84.422
G1 X71.795 Y84.887
G1 X71.897 Y84.827
G1 X71.935 Y84.662
G1 X71.840 Y84.352
G1 X71.361 Y83.898
G1 X70.915 Y83.747
G1 X70.634 Y83.805
G1 X70.442 Y83.977
G1 X70.331 Y84.245
G0 Z5.000 F500.000
G0 X70.955 Y86.432 F3000.000
G1 Z1.000 F500.000
G4 P100
G1 X70.640 Y86.530 F1000.000
G1 X70.535 Y86.802
G1 X70.672 Y87.095
G1 X71.015 Y87.212
G1 X71.315 Y87.122
G1 X71.430 Y86.867
G1 X71.300 Y86.550
G1 X70.955 Y86.432
G0 Z5.000 F500.000
G0 X72.142 Y85.895 F3000.000
G1 Z1.000 F500.000
G4 P100
G1 X72.459 Y86.058 F1000.000
G1 X72.795 Y86.112
G1 X72.942 Y86.070
G1 X73.005 Y85.917
G1 X73.402 Y85.900
G1 X73.450 Y85.657
G1 X73.235 Y84.307
G1 X73.975 Y84.837
G1 X74.090 Y84.877
G1 X74.192 Y84.815
G1 X74.230 Y84.657
G1 X74.085 Y84.362
G1 X73.135 Y83.717
G1 X72.915 Y82.793
G1 X72.637 Y82.090
G1 X72.288 Y81.645
G1 X71.855 Y81.497
G1 X71.623 Y81.536
G1 X71.320 Y81.836
G1 X71.280 Y82.067
G1 X71.350 Y82.435
G1 X71.560 Y82.830
G1 X71.962 Y83.284
G1 X72.610 Y83.832
G1 X72.640 Y84.027
G1 X72.417 Y83.820
G1 X72.145 Y83.747
G1 X71.866 Y83.803
G1 X71.650 Y83.972
G1 X71.511 Y84.232
G1 X71.511 Y84.951
G1 X71.650 Y85.320
G1 X72.142 Y85.895
G0 Z5.000 F500.000
G0 X72.475 Y85.490 F3000.000
G1 Z1.000 F500.000
G4 P100
G1 X72.195 Y85.087 F1000.000
G1 X72.090 Y84.557
G1 X72.152 Y84.327
G1 X72.325 Y84.252
G1 X72.545 Y84.392
G1 X72.855 Y85.647
G1 X72.475 Y85.490
G0 Z5.000 F500.000
G0 X72.495 Y83.237 F3000.000
G1 Z1.000 F500.000
G4 P100
G1 X71.940 Y82.642 F1000.000
G1 X71.770 Y82.177
G1 X71.802 Y82.037
G1 X71.910 Y81.982
G1 X72.043 Y82.057
G1 X72.192 Y82.282
G1 X72.495 Y83.237
G0 Z5.000 F500.000
G0 X74.067 Y83.977 F3000.000
G1 Z1.000 F500.000
G4 P100
G1 X73.920 Y84.587 F1000.000
G1 X74.125 Y85.822
G1 X74.245 Y86.042
G1 X74.485 Y86.102
G1 X74.676 Y86.060
G1 X74.740 Y85.932
G1 X74.525 Y84.607
G1 X74.565 Y84.377
G1 X74.700 Y84.297
G1 X74.925 Y84.422
G1 X75.420 Y84.887
G1 X75.522 Y84.827
G1 X75.560 Y84.662
G1 X75.465 Y84.352
G1 X74.986 Y83.898
G1 X74.540 Y83.747
G1 X74.259 Y83.805
G1 X74.067 Y83.977
G0 Z5.000 F500.000
G0 X74.580 Y86.432 F3000.000
G1 Z1.000 F500.000
G4 P100
G1 X74.265 Y86.530 F1000.000
G1 X74.160 Y86.802
G1 X74.297 Y87.095
G1 X74.640 Y87.212
G1 X74.940 Y87.122
G1 X75.055 Y86.867
G1 X74.925 Y86.550
G1 X74.580 Y86.432
G0 Z5.000 F500.000
G0 X75.497 Y86.035 F3000.000
G1 Z1.000 F500.000
G4 P100
G1 X75.785 Y86.102 F1000.000
G1 X75.925 Y86.077
G1 X75.965 Y85.982
G1 X75.760 Y84.902
G1 X76.130 Y85.602
G1 X76.532 Y85.987
G1 X76.895 Y86.102
G1 X77.138 Y86.021
G1 X77.220 Y85.777
G1 X77.015 Y84.497
G1 X77.051 Y84.347
G1 X77.160 Y84.297
G1 X77.397 Y84.420
G1 X77.900 Y84.887
G1 X78.002 Y84.827
G1 X78.040 Y84.662
G1 X77.945 Y84.352
G1 X77.482 Y83.917
G1 X77.218 Y83.790
G1 X76.696 Y83.784
G1 X76.437 Y84.075
G1 X76.405 Y84.322
G1 X76.540 Y85.257
G1 X76.485 Y85.337
G1 X76.302 Y85.170
G1 X76.062 Y84.727
G1 X75.737 Y83.830
G1 X75.510 Y83.747
G1 X75.348 Y83.797
G1 X75.242 Y83.947
G1 X75.165 Y84.587
G1 X75.211 Y85.221
G1 X75.350 Y85.822
G1 X75.497 Y86.035
G0 Z5.000 F500.000
G0 X77.616 Y84.951 F3000.000
G1 Z1.000 F500.000
G4 P100
G1 X77.970 Y85.642 F1000.000
G1 X78.247 Y85.895
G1 X78.564 Y86.058
G1 X78.900 Y86.112
G1 X79.047 Y86.070
G1 X79.110 Y85.917
G1 X79.513 Y85.893
G1 X79.575 Y85.762
G1 X79.385 Y84.462
G1 X79.422 Y84.342
G1 X79.520 Y84.297
G1 X79.750 Y84.420
G1 X80.250 Y84.887
G1 X80.352 Y84.827
G1 X80.390 Y84.662
G1 X80.295 Y84.352
G1 X79.860 Y83.922
G1 X79.415 Y83.747
G1 X79.112 Y83.860
G1 X78.905 Y84.167
G1 X78.611 Y83.852
G1 X78.250 Y83.747
G1 X77.971 Y83.803
G1 X77.755 Y83.972
G1 X77.616 Y84.232
G1 X77.616 Y84.951
G0 Z5.000 F500.000
G0 X78.195 Y84.557 F3000.000
G1 Z1.000 F500.000
G4 P100
G1 X78.257 Y84.327 F1000.000
G1 X78.430 Y84.252
G1 X78.640 Y84.382
G1 X78.785 Y84.727
G1 X78.970 Y85.647
G1 X78.582 Y85.490
G1 X78.300 Y85.087
G1 X78.195 Y84.557
G0 Z5.000 F500.000
G0 X80.020 Y85.182 F3000.000
G1 Z1.000 F500.000
G4 P100
G1 X80.177 Y86.572 F1000.000
G1 X80.372 Y87.297
G1 X80.642 Y87.912
G1 X80.979 Y88.332
G1 X81.375 Y88.472
G1 X81.589 Y88.416
G1 X81.752 Y88.250
G1 X81.855 Y87.979
G1 X81.890 Y87.612
G1 X81.807 Y86.970
G1 X81.560 Y86.232
G1 X81.171 Y85.451
G1 X80.665 Y84.677
G1 X80.780 Y84.385
G1 X80.990 Y84.297
G1 X81.350 Y84.415
G1 X81.880 Y84.887
G1 X81.982 Y84.827
G1 X82.020 Y84.662
G1 X81.925 Y84.352
G1 X81.457 Y83.917
G1 X81.188 Y83.790
G1 X80.885 Y83.747
G1 X80.501 Y83.847
G1 X80.232 Y84.147
G1 X80.073 Y84.606
G1 X80.020 Y85.182
G0 Z5.000 F500.000
G0 X80.630 Y85.352 F3000.000
G1 Z1.000 F500.000
G4 P100
G1 X81.195 Y86.525 F1000.000
G1 X81.352 Y87.086
G1 X81.405 Y87.597
G1 X81.370 Y87.882
G1 X81.265 Y87.977
G1 X81.005 Y87.562
G1 X80.750 Y86.532
G1 X80.630 Y85.352
G0 Z5.000 F500.000
G0 X83.345 Y85.320 F3000.000
G1 Z1.000 F500.000
G4 P100
G1 X83.561 Y85.642 F1000.000
G1 X84.155 Y86.058
G1 X84.490 Y86.112
G1 X84.638 Y86.070
G1 X84.700 Y85.917
G1 X85.104 Y85.893
G1 X85.165 Y85.762
G1 X84.975 Y84.462
G1 X85.013 Y84.342
G1 X85.110 Y84.297
G1 X85.340 Y84.420
G1 X85.840 Y84.887
G1 X85.943 Y84.827
G1 X85.980 Y84.662
G1 X85.885 Y84.352
G1 X85.450 Y83.922
G1 X85.005 Y83.747
G1 X84.703 Y83.860
G1 X84.495 Y84.167
G1 X84.202 Y83.852
G1 X83.840 Y83.747
G1 X83.562 Y83.803
G1 X83.345 Y83.972
G1 X83.207 Y84.232
G1 X83.207 Y84.951
G1 X83.345 Y85.320
G0 Z5.000 F500.000
G0 X83.890 Y85.087 F3000.000
G1 Z1.000 F500.000
G4 P100
G1 X83.785 Y84.557 F1000.000
G1 X83.848 Y84.327
G1 X84.020 Y84.252
G1 X84.230 Y84.382
G1 X84.375 Y84.727
G1 X84.560 Y85.647
G1 X84.173 Y85.490
G1 X83.890 Y85.087
G0 Z5.000 F500.000
G0 X85.632 Y85.221 F3000.000
G1 Z1.000 F500.000
G4 P100
G1 X85.770 Y85.822 F1000.000
G1 X85.918 Y86.035
G1 X86.205 Y86.102
G1 X86.345 Y86.077
G1 X86.385 Y85.982
G1 X86.180 Y84.902
G1 X86.550 Y85.602
G1 X86.953 Y85.987
G1 X87.315 Y86.102
G1 X87.559 Y86.021
G1 X87.640 Y85.777
G1 X87.435 Y84.497
G1 X87.472 Y84.347
G1 X87.580 Y84.297
G1 X87.818 Y84.420
G1 X88.320 Y84.887
G1 X88.423 Y84.827
G1 X88.460 Y84.662
G1 X88.365 Y84.352
G1 X87.903 Y83.917
G1 X87.639 Y83.790
G1 X87.117 Y83.784
G1 X86.858 Y84.075
G1 X86.825 Y84.322
G1 X86.960 Y85.257
G1 X86.905 Y85.337
G1 X86.723 Y85.170
G1 X86.483 Y84.727
G1 X86.158 Y83.830
G1 X85.930 Y83.747
G1 X85.769 Y83.797
G1 X85.663 Y83.947
G1 X85.585 Y84.587
G1 X85.632 Y85.221
G0 Z5.000 F500.000
G0 X87.975 Y84.757 F3000.000
G1 Z1.000 F500.000
G4 P100
G1 X88.015 Y85.137 F1000.000
G1 X88.319 Y85.737
G1 X88.550 Y85.937
G1 X89.085 Y86.102
G1 X89.513 Y85.940
G1 X89.665 Y85.522
G1 X89.573 Y85.167
G1 X89.330 Y85.022
G1 X89.178 Y85.067
G1 X89.120 Y85.192
G1 X89.138 Y85.577
G1 X89.045 Y85.612
G1 X88.830 Y85.510
G1 X88.670 Y85.232
G1 X88.610 Y84.847
G1 X88.737 Y84.412
G1 X89.115 Y84.267
G1 X89.558 Y84.405
G1 X90.160 Y84.887
G1 X90.263 Y84.827
G1 X90.300 Y84.662
G1 X90.205 Y84.352
G1 X89.947 Y84.095
G1 X89.643 Y83.905
G1 X89.010 Y83.747
G1 X88.575 Y83.816
G1 X88.248 Y84.025
G1 X88.044 Y84.346
G1 X87.975 Y84.757
G0 Z5.000 F500.000
G0 X89.920 Y84.242 F3000.000
G1 Z1.000 F500.000
G4 P100
G1 X90.088 Y86.502 F1000.000
G1 X90.283 Y87.270
G1 X90.553 Y87.905
G1 X90.891 Y88.330
G1 X91.290 Y88.472
G1 X91.499 Y88.423
G1 X91.770 Y88.048
G1 X91.732 Y87.248
G1 X91.510 Y86.715
G1 X90.550 Y85.447
G1 X90.535 Y84.912
G1 X90.903 Y85.605
G1 X91.303 Y85.987
G1 X91.665 Y86.102
G1 X91.909 Y86.021
G1 X91.990 Y85.777
G1 X91.785 Y84.497
G1 X91.822 Y84.347
G1 X91.930 Y84.297
G1 X92.168 Y84.420
G1 X92.670 Y84.887
G1 X92.773 Y84.827
G1 X92.810 Y84.662
G1 X92.715 Y84.352
G1 X92.243 Y83.917
G1 X91.984 Y83.790
G1 X91.467 Y83.784
G1 X91.208 Y84.075
G1 X91.175 Y84.322
G1 X91.310 Y85.257
G1 X91.255 Y85.337
G1 X91.070 Y85.170
G1 X90.830 Y84.727
G1 X90.470 Y83.847
G1 X90.165 Y83.747
G1 X89.968 Y83.855
G1 X89.920 Y84.242
G0 Z5.000 F500.000
G0 X90.605 Y86.072 F3000.000
G1 Z1.000 F500.000
G4 P100
G1 X91.118 Y86.867 F1000.000
G1 X91.270 Y87.277
G1 X91.320 Y87.647
G1 X91.285 Y87.892
G1 X91.185 Y87.977
G1 X90.985 Y87.720
G1 X90.773 Y87.025
G1 X90.605 Y86.072
G0 Z5.000 F500.000
G0 X92.648 Y85.740 F3000.000
G1 Z1.000 F500.000
G4 P100
G1 X93.144 Y86.065 F1000.000
G1 X93.440 Y86.107
G1 X93.784 Y86.041
G1 X94.053 Y85.845
G1 X94.237 Y85.551
G1 X94.325 Y85.197
G1 X94.955 Y85.307
G1 X95.055 Y85.242
G1 X95.054 Y84.886
G1 X94.945 Y84.792
G1 X94.285 Y84.672
G1 X94.144 Y84.294
G1 X93.910 Y84.000
G1 X93.612 Y83.810
G1 X92.997 Y83.783
G1 X92.763 Y83.892
G1 X92.440 Y84.277
G1 X92.330 Y84.797
G1 X92.475 Y85.475
G1 X92.648 Y85.740
G0 Z5.000 F500.000
G0 X92.989 Y85.153 F3000.000
G1 Z1.000 F500.000
G4 P100
G1 X92.955 Y84.842 F1000.000
G1 X93.063 Y84.422
G1 X93.315 Y84.277
G1 X93.593 Y84.407
G1 X93.750 Y84.782
G1 X93.513 Y85.057
G1 X93.445 Y85.577
G1 X93.244 Y85.529
G1 X93.088 Y85.385
G1 X92.989 Y85.153
G0 Z5.000 F500.000
G0 X94.717 Y85.221 F3000.000
G1 Z1.000 F500.000
G4 P100
G1 X94.855 Y85.822 F1000.000
G1 X95.003 Y86.035
G1 X95.290 Y86.102
G1 X95.430 Y86.077
G1 X95.470 Y85.982
G1 X95.265 Y84.902
G1 X95.635 Y85.602
G1 X96.038 Y85.987
G1 X96.400 Y86.102
G1 X96.644 Y86.021
G1 X96.725 Y85.777
G1 X96.672 Y85.081
G1 X96.765 Y85.037
G1 X97.260 Y85.322
G1 X97.363 Y85.265
G1 X97.400 Y85.112
G1 X97.300 Y84.822
G1 X96.973 Y84.575
G1 X96.575 Y84.472
G1 X96.342 Y84.506
G1 X96.070 Y84.766
G1 X96.005 Y85.337
G1 X95.808 Y85.170
G1 X95.565 Y84.727
G1 X95.243 Y83.830
G1 X95.015 Y83.747
G1 X94.854 Y83.797
G1 X94.748 Y83.947
G1 X94.670 Y84.587
G1 X94.717 Y85.221
G0 Z5.000 F500.000
G0 X96.900 Y84.157 F3000.000
G1 Z1.000 F500.000
G4 P100
G1 X97.018 Y84.542 F1000.000
G1 X97.320 Y84.677
G1 X97.593 Y84.580
G1 X97.685 Y84.317
G1 X97.580 Y83.852
G1 X97.168 Y83.042
G1 X97.015 Y82.982
G1 X96.840 Y83.032
G1 X96.775 Y83.192
G1 X96.900 Y84.157
G0 Z5.000 F500.000
G0 X97.455 Y85.172 F3000.000
G1 Z1.000 F500.000
G4 P100
G1 X97.123 Y85.292 F1000.000
G1 X97.010 Y85.607
G1 X97.138 Y85.967
G1 X97.495 Y86.102
G1 X97.828 Y85.995
G1 X97.940 Y85.677
G1 X97.810 Y85.310
G1 X97.455 Y85.172
G0 Z5.000 F500.000
G0 X99.888 Y85.221 F3000.000
G1 Z1.000 F500.000
G4 P100
G1 X100.026 Y85.822 F1000.000
G1 X100.174 Y86.035
G1 X100.461 Y86.102
G1 X100.601 Y86.077
G1 X100.641 Y85.982
G1 X100.436 Y84.902
G1 X100.806 Y85.602
G1 X101.209 Y85.987
G1 X101.571 Y86.102
G1 X101.815 Y86.021
G1 X101.896 Y85.777
G1 X101.843 Y85.081
G1 X101.936 Y85.037
G1 X102.431 Y85.322
G1 X102.534 Y85.265
G1 X102.571 Y85.112
G1 X102.471 Y84.822
G1 X102.144 Y84.575
G1 X101.746 Y84.472
G1 X101.513 Y84.506
G1 X101.241 Y84.766
G1 X101.176 Y85.337
G1 X100.979 Y85.170
G1 X100.736 Y84.727
G1 X100.414 Y83.830
G1 X100.186 Y83.747
G1 X100.024 Y83.797
G1 X99.919 Y83.947
G1 X99.841 Y84.587
G1 X99.888 Y85.221
G0 Z5.000 F500.000
G0 X102.031 Y84.812 F3000.000
G1 Z1.000 F500.000
G4 P100
G1 X102.176 Y85.455 F1000.000
G1 X102.349 Y85.721
G1 X102.853 Y86.058
G1 X103.161 Y86.102
G1 X103.423 Y86.059
G1 X103.626 Y85.930
G1 X103.758 Y85.726
G1 X103.801 Y85.462
G1 X103.739 Y85.141
G1 X103.554 Y84.870
G1 X103.221 Y84.648
G1 X102.716 Y84.477
G1 X102.898 Y84.305
G1 X103.191 Y84.247
G1 X103.704 Y84.405
G1 X104.336 Y84.887
G1 X104.439 Y84.827
G1 X104.476 Y84.662
G1 X104.381 Y84.352
G1 X103.859 Y83.937
G1 X103.136 Y83.747
G1 X102.670 Y83.818
G1 X102.321 Y84.032
G1 X102.104 Y84.370
G1 X102.031 Y84.812
G0 Z5.000 F500.000
G0 X102.636 Y84.877 F3000.000
G1 Z1.000 F500.000
G4 P100
G1 X103.101 Y85.077 F1000.000
G1 X103.229 Y85.228
G1 X103.219 Y85.555
G1 X103.076 Y85.612
G1 X102.906 Y85.558
G1 X102.764 Y85.397
G1 X102.636 Y84.877
G0 Z5.000 F500.000
G0 X104.143 Y85.209 F3000.000
G1 Z1.000 F500.000
G4 P100
G1 X104.299 Y86.190 F1000.000
G1 X104.545 Y87.092
G1 X104.869 Y87.825
G1 X105.249 Y88.310
G1 X105.666 Y88.472
G1 X105.876 Y88.420
G1 X106.133 Y88.016
G1 X106.166 Y87.697
G1 X106.079 Y87.096
G1 X105.815 Y86.470
G1 X105.376 Y85.816
G1 X104.761 Y85.137
G1 X104.746 Y83.220
G1 X104.861 Y82.677
G1 X104.974 Y82.807
G1 X105.011 Y83.197
G1 X104.816 Y84.722
G1 X104.859 Y84.887
G1 X105.101 Y85.137
G1 X106.066 Y85.172
G1 X106.171 Y85.120
G1 X106.206 Y84.962
G1 X106.051 Y84.666
G1 X105.586 Y84.567
G1 X105.241 Y84.612
G1 X105.391 Y83.302
G1 X105.348 Y82.826
G1 X105.216 Y82.477
G1 X105.014 Y82.263
G1 X104.756 Y82.192
G1 X104.448 Y82.320
G1 X104.244 Y82.702
G1 X104.129 Y83.342
G1 X104.091 Y84.242
G1 X104.143 Y85.209
G0 Z5.000 F500.000
G0 X104.851 Y85.802 F3000.000
G1 Z1.000 F500.000
G4 P100
G1 X105.205 Y86.266 F1000.000
G1 X105.629 Y87.226
G1 X105.686 Y87.672
G1 X105.655 Y87.901
G1 X105.561 Y87.977
G1 X105.339 Y87.672
G1 X105.076 Y86.865
G1 X104.851 Y85.802
G0 Z5.000 F500.000
G0 X106.119 Y86.572 F3000.000
G1 Z1.000 F500.000
G4 P100
G1 X106.314 Y87.297 F1000.000
G1 X106.584 Y87.912
G1 X106.921 Y88.332
G1 X107.316 Y88.472
G1 X107.531 Y88.416
G1 X107.694 Y88.250
G1 X107.797 Y87.979
G1 X107.831 Y87.612
G1 X107.749 Y86.970
G1 X107.501 Y86.232
G1 X107.113 Y85.451
G1 X106.606 Y84.677
G1 X106.721 Y84.385
G1 X106.931 Y84.297
G1 X107.291 Y84.415
G1 X107.821 Y84.887
G1 X107.924 Y84.827
G1 X107.961 Y84.662
G1 X107.866 Y84.352
G1 X107.399 Y83.917
G1 X107.129 Y83.790
G1 X106.826 Y83.747
G1 X106.443 Y83.847
G1 X106.174 Y84.147
G1 X106.014 Y84.606
G1 X105.961 Y85.182
G1 X106.119 Y86.572
G0 Z5.000 F500.000
G0 X106.571 Y85.352 F3000.000
G1 Z1.000 F500.000
G4 P100
G1 X107.136 Y86.525 F1000.000
G1 X107.294 Y87.086
G1 X107.346 Y87.597
G1 X107.311 Y87.882
G1 X107.206 Y87.977
G1 X106.946 Y87.562
G1 X106.691 Y86.532
G1 X106.571 Y85.352
G0 Z5.000 F500.000
G0 X107.799 Y85.740 F3000.000
G1 Z1.000 F500.000
G4 P100
G1 X108.295 Y86.065 F1000.000
G1 X108.591 Y86.107
G1 X108.934 Y86.041
G1 X109.204 Y85.845
G1 X109.388 Y85.551
G1 X109.476 Y85.197
G1 X110.106 Y85.307
G1 X110.206 Y85.242
G1 X110.205 Y84.886
G1 X110.096 Y84.792
G1 X109.436 Y84.672
G1 X109.295 Y84.294
G1 X109.061 Y84.000
G1 X108.763 Y83.810
G1 X108.148 Y83.783
G1 X107.914 Y83.892
G1 X107.591 Y84.277
G1 X107.481 Y84.797
G1 X107.626 Y85.475
G1 X107.799 Y85.740
G0 Z5.000 F500.000
G0 X108.139 Y85.153 F3000.000
G1 Z1.000 F500.000
G4 P100
G1 X108.106 Y84.842 F1000.000
G1 X108.214 Y84.422
G1 X108.466 Y84.277
G1 X108.744 Y84.407
G1 X108.901 Y84.782
G1 X108.664 Y85.057
G1 X108.596 Y85.577
G1 X108.394 Y85.529
G1 X108.239 Y85.385
G1 X108.139 Y85.153
G0 Z5.000 F500.000
G0 X109.821 Y85.637 F3000.000
G1 Z1.000 F500.000
G4 P100
G1 X109.911 Y86.042 F1000.000
G1 X110.166 Y86.107
G1 X110.359 Y86.050
G1 X110.491 Y84.362
G1 X111.116 Y85.852
G1 X111.249 Y86.055
G1 X111.436 Y86.107
G1 X111.624 Y86.052
G1 X111.676 Y85.857
G1 X111.746 Y84.362
G1 X112.196 Y85.072
G1 X112.121 Y85.417
G1 X112.196 Y85.747
G1 X112.401 Y86.007
G1 X112.696 Y86.107
G1 X112.931 Y86.005
G1 X113.021 Y85.707
G1 X112.901 Y85.192
G1 X113.591 Y85.297
G1 X113.706 Y85.247
G1 X113.746 Y85.112
G1 X113.686 Y84.870
G1 X113.506 Y84.742
G1 X113.016 Y84.667
G1 X112.601 Y84.727
G1 X111.939 Y83.852
G1 X111.616 Y83.747
G1 X111.314 Y83.902
G1 X111.161 Y84.777
G1 X110.884 Y84.137
G1 X110.639 Y83.832
G1 X110.351 Y83.747
G1 X110.029 Y83.907
G1 X109.881 Y84.412
G1 X109.821 Y85.637
G0 Z5.000 F500.000
G0 X114.932 Y84.587 F3000.000
G1 Z1.000 F500.000
G4 P100
G1 X115.117 Y85.822 F1000.000
G1 X115.265 Y86.035
G1 X115.552 Y86.102
G1 X115.692 Y86.077
G1 X115.732 Y85.982
G1 X115.527 Y84.907
G1 X115.850 Y85.567
G1 X116.235 Y85.970
G1 X116.607 Y86.102
G1 X116.855 Y86.022
G1 X116.927 Y85.777
G1 X116.777 Y84.927
G1 X117.041 Y85.458
G1 X117.332 Y85.822
G1 X117.627 Y86.032
G1 X117.902 Y86.102
G1 X118.146 Y86.021
G1 X118.227 Y85.777
G1 X118.022 Y84.497
G1 X118.059 Y84.347
G1 X118.167 Y84.297
G1 X118.405 Y84.420
G1 X118.907 Y84.887
G1 X119.010 Y84.827
G1 X119.047 Y84.662
G1 X118.952 Y84.352
G1 X118.490 Y83.917
G1 X117.927 Y83.747
G1 X117.704 Y83.784
G1 X117.445 Y84.075
G1 X117.412 Y84.322
G1 X117.547 Y85.257
G1 X117.492 Y85.337
G1 X117.307 Y85.170
G1 X117.067 Y84.727
G1 X116.745 Y83.827
G1 X116.512 Y83.747
G1 X116.265 Y83.905
G1 X116.182 Y84.287
G1 X116.272 Y85.257
G1 X116.217 Y85.337
G1 X116.027 Y85.157
G1 X115.805 Y84.697
G1 X115.505 Y83.830
G1 X115.277 Y83.747
G1 X115.115 Y83.797
G1 X115.010 Y83.947
G1 X114.932 Y84.587
G0 Z5.000 F500.000
G0 X118.577 Y84.562 F3000.000
G1 Z1.000 F500.000
G4 P100
G1 X118.624 Y84.951 F1000.000
G1 X118.978 Y85.642
G1 X119.572 Y86.058
G1 X119.907 Y86.112
G1 X120.055 Y86.070
G1 X120.117 Y85.917
G1 X120.521 Y85.893
G1 X120.582 Y85.762
G1 X120.392 Y84.462
G1 X120.430 Y84.342
G1 X120.527 Y84.297
G1 X120.757 Y84.420
G1 X121.257 Y84.887
G1 X121.360 Y84.827
G1 X121.397 Y84.662
G1 X121.302 Y84.352
G1 X120.867 Y83.922
G1 X120.422 Y83.747
G1 X120.120 Y83.860
G1 X119.912 Y84.167
G1 X119.619 Y83.852
G1 X119.257 Y83.747
G1 X118.979 Y83.803
G1 X118.762 Y83.972
G1 X118.624 Y84.232
G1 X118.577 Y84.562
G0 Z5.000 F500.000
G0 X119.265 Y84.327 F3000.000
G1 Z1.000 F500.000
G4 P100
G1 X119.437 Y84.252 F1000.000
G1 X119.647 Y84.382
G1 X119.792 Y84.727
G1 X119.977 Y85.647
G1 X119.590 Y85.490
G1 X119.307 Y85.087
G1 X119.202 Y84.557
G1 X119.265 Y84.327
G0 Z5.000 F500.000
G0 X120.992 Y84.472 F3000.000
G1 Z1.000 F500.000
G4 P100
G1 X121.042 Y85.160 F1000.000
G1 X121.207 Y85.822
G1 X121.347 Y86.037
G1 X121.632 Y86.102
G1 X121.785 Y86.067
G1 X121.827 Y85.962
G1 X121.622 Y84.965
G1 X121.619 Y84.515
G1 X121.697 Y84.467
G1 X121.885 Y84.617
G1 X122.495 Y86.037
G1 X122.742 Y86.102
G1 X122.902 Y86.072
G1 X122.947 Y85.972
G1 X122.687 Y84.307
G1 X123.437 Y84.837
G1 X123.552 Y84.877
G1 X123.655 Y84.815
G1 X123.692 Y84.657
G1 X123.547 Y84.362
G1 X122.587 Y83.717
G1 X122.368 Y82.793
G1 X122.090 Y82.090
G1 X121.740 Y81.645
G1 X121.307 Y81.497
G1 X121.076 Y81.536
G1 X120.772 Y81.836
G1 X120.732 Y82.067
G1 X120.840 Y82.547
G1 X121.240 Y83.110
G1 X122.067 Y83.837
G1 X122.162 Y84.482
G1 X121.882 Y83.935
G1 X121.502 Y83.747
G1 X121.298 Y83.799
G1 X121.135 Y83.955
G1 X120.992 Y84.472
G0 Z5.000 F500.000
G0 X121.952 Y83.237 F3000.000
G1 Z1.000 F500.000
G4 P100
G1 X121.395 Y82.645 F1000.000
G1 X121.222 Y82.177
G1 X121.255 Y82.037
G1 X121.362 Y81.982
G1 X121.495 Y82.055
G1 X121.642 Y82.272
G1 X121.952 Y83.237
G0 Z5.000 F500.000
G0 X125.086 Y83.947 F3000.000
G1 Z1.000 F500.000
G4 P100
G1 X125.008 Y84.587 F1000.000
G1 X125.193 Y85.822
G1 X125.341 Y86.035
G1 X125.628 Y86.102
G1 X125.768 Y86.077
G1 X125.808 Y85.982
G1 X125.603 Y84.907
G1 X125.926 Y85.567
G1 X126.311 Y85.970
G1 X126.683 Y86.102
G1 X126.931 Y86.022
G1 X127.003 Y85.777
G1 X126.853 Y84.927
G1 X127.117 Y85.458
G1 X127.408 Y85.822
G1 X127.703 Y86.032
G1 X127.978 Y86.102
G1 X128.222 Y86.021
G1 X128.303 Y85.777
G1 X128.098 Y84.497
G1 X128.134 Y84.347
G1 X128.243 Y84.297
G1 X128.481 Y84.420
G1 X128.983 Y84.887
G1 X129.086 Y84.827
G1 X129.123 Y84.662
G1 X129.028 Y84.352
G1 X128.566 Y83.917
G1 X128.301 Y83.790
G1 X127.779 Y83.784
G1 X127.521 Y84.075
G1 X127.488 Y84.322
G1 X127.623 Y85.257
G1 X127.568 Y85.337
G1 X127.383 Y85.170
G1 X127.143 Y84.727
G1 X126.821 Y83.827
G1 X126.588 Y83.747
G1 X126.341 Y83.905
G1 X126.258 Y84.287
G1 X126.348 Y85.257
G1 X126.293 Y85.337
G1 X126.103 Y85.157
G1 X125.881 Y84.697
G1 X125.581 Y83.830
G1 X125.353 Y83.747
G1 X125.191 Y83.797
G1 X125.086 Y83.947
G0 Z5.000 F500.000
G0 X128.643 Y84.797 F3000.000
G1 Z1.000 F500.000
G4 P100
G1 X128.788 Y85.475 F1000.000
G1 X128.961 Y85.740
G1 X129.457 Y86.065
G1 X129.753 Y86.107
G1 X130.096 Y86.041
G1 X130.366 Y85.845
G1 X130.550 Y85.551
G1 X130.638 Y85.197
G1 X131.268 Y85.307
G1 X131.368 Y85.242
G1 X131.403 Y85.077
G1 X131.367 Y84.886
G1 X131.258 Y84.792
G1 X130.598 Y84.672
G1 X130.457 Y84.294
G1 X130.223 Y84.000
G1 X129.924 Y83.810
G1 X129.588 Y83.747
G1 X129.076 Y83.892
G1 X128.753 Y84.277
G1 X128.643 Y84.797
G0 Z5.000 F500.000
G0 X129.376 Y84.422 F3000.000
G1 Z1.000 F500.000
G4 P100
G1 X129.628 Y84.277 F1000.000
G1 X129.906 Y84.407
G1 X130.063 Y84.782
G1 X129.826 Y85.057
G1 X129.758 Y85.577
G1 X129.556 Y85.529
G1 X129.401 Y85.385
G1 X129.301 Y85.153
G1 X129.268 Y84.842
G1 X129.376 Y84.422
G0 Z5.000 F500.000
G0 X131.043 Y84.412 F3000.000
G1 Z1.000 F500.000
G4 P100
G1 X130.983 Y85.812 F1000.000
G1 X131.073 Y86.042
G1 X131.328 Y86.107
G1 X131.521 Y86.050
G1 X131.653 Y84.362
G1 X132.103 Y85.072
G1 X132.028 Y85.417
G1 X132.103 Y85.747
G1 X132.308 Y86.007
G1 X132.603 Y86.107
G1 X132.838 Y86.005
G1 X132.928 Y85.707
G1 X132.808 Y85.192
G1 X133.498 Y85.297
G1 X133.613 Y85.247
G1 X133.593 Y84.870
G1 X133.413 Y84.742
G1 X132.923 Y84.667
G1 X132.508 Y84.727
G1 X131.843 Y83.852
G1 X131.513 Y83.747
G1 X131.330 Y83.787
G1 X131.191 Y83.907
G1 X131.043 Y84.412
G0 Z5.000 F500.000
G0 X133.216 Y84.370 F3000.000
G1 Z1.000 F500.000
G4 P100
G1 X133.143 Y84.812 F1000.000
G1 X133.288 Y85.455
G1 X133.691 Y85.927
G1 X134.273 Y86.102
G1 X134.534 Y86.059
G1 X134.738 Y85.930
G1 X134.869 Y85.726
G1 X134.913 Y85.462
G1 X134.851 Y85.141
G1 X134.666 Y84.870
G1 X134.333 Y84.648
G1 X133.828 Y84.477
G1 X134.009 Y84.305
G1 X134.303 Y84.247
G1 X134.816 Y84.405
G1 X135.448 Y84.887
G1 X135.551 Y84.827
G1 X135.588 Y84.662
G1 X135.493 Y84.352
G1 X134.971 Y83.937
G1 X134.248 Y83.747
G1 X133.782 Y83.818
G1 X133.433 Y84.032
G1 X133.216 Y84.370
G0 Z5.000 F500.000
G0 X133.748 Y84.877 F3000.000
G1 Z1.000 F500.000
G4 P100
G1 X134.213 Y85.077 F1000.000
G1 X134.341 Y85.228
G1 X134.331 Y85.555
G1 X134.188 Y85.612
G1 X134.018 Y85.558
G1 X133.876 Y85.397
G1 X133.748 Y84.877
G0 Z5.000 F500.000
G0 X136.847 Y85.165 F3000.000
G1 Z1.000 F500.000
G4 P100
G1 X136.994 Y85.822 F1000.000
G1 X137.114 Y86.042
G1 X137.354 Y86.102
G1 X137.545 Y86.060
G1 X137.609 Y85.932
G1 X137.394 Y84.607
G1 X137.434 Y84.377
G1 X137.569 Y84.297
G1 X137.794 Y84.422
G1 X138.289 Y84.887
G1 X138.392 Y84.827
G1 X138.429 Y84.662
G1 X138.334 Y84.352
G1 X137.855 Y83.898
G1 X137.409 Y83.747
G1 X137.128 Y83.805
G1 X136.937 Y83.977
G1 X136.826 Y84.245
G1 X136.847 Y85.165
G0 Z5.000 F500.000
G0 X137.449 Y86.432 F3000.000
G1 Z1.000 F500.000
G4 P100
G1 X137.134 Y86.530 F1000.000
G1 X137.029 Y86.802
G1 X137.167 Y87.095
G1 X137.509 Y87.212
G1 X137.809 Y87.122
G1 X137.924 Y86.867
G1 X137.794 Y86.550
G1 X137.449 Y86.432
G0 Z5.000 F500.000
G0 X138.014 Y86.137 F3000.000
G1 Z1.000 F500.000
G4 P100
G1 X138.299 Y86.137 F1000.000
G1 X138.559 Y87.142
G1 X138.982 Y87.867
G1 X139.238 Y88.070
G1 X139.514 Y88.137
G1 X139.702 Y88.091
G1 X139.844 Y87.952
G1 X139.964 Y87.487
G1 X139.923 Y87.112
G1 X139.802 Y86.762
G1 X139.314 Y86.137
G1 X139.989 Y86.102
G1 X139.989 Y85.821
G1 X139.883 Y85.713
G1 X139.459 Y85.627
G1 X138.849 Y85.627
G1 X138.870 Y84.795
G1 X138.962 Y84.507
G1 X139.120 Y84.350
G1 X139.349 Y84.297
G1 X139.729 Y84.427
G1 X140.254 Y84.887
G1 X140.357 Y84.827
G1 X140.394 Y84.662
G1 X140.299 Y84.352
G1 X139.829 Y83.917
G1 X139.555 Y83.790
G1 X139.244 Y83.747
G1 X138.798 Y83.837
G1 X138.479 Y84.106
G1 X138.288 Y84.554
G1 X138.239 Y85.627
G1 X137.842 Y85.682
G1 X137.789 Y85.857
G1 X137.845 Y86.067
G1 X138.014 Y86.137
G0 Z5.000 F500.000
G0 X138.899 Y86.212 F3000.000
G1 Z1.000 F500.000
G4 P100
G1 X139.342 Y86.785 F1000.000
G1 X139.489 Y87.362
G1 X139.462 Y87.583
G1 X139.379 Y87.657
G1 X139.212 Y87.470
G1 X139.037 Y86.950
G1 X138.899 Y86.212
G0 Z5.000 F500.000
G0 X141.795 Y86.650 F3000.000
G1 Z1.000 F500.000
G4 P100
G1 X141.992 Y87.351 F1000.000
G1 X142.262 Y87.940
G1 X142.599 Y88.339
G1 X142.995 Y88.472
G1 X143.202 Y88.423
G1 X143.470 Y88.048
G1 X143.505 Y87.762
G1 X143.350 Y86.947
G1 X142.835 Y86.097
G1 X143.139 Y86.015
G1 X143.380 Y85.820
G1 X143.547 Y85.538
G1 X143.630 Y85.197
G1 X144.260 Y85.307
G1 X144.360 Y85.242
G1 X144.360 Y84.885
G1 X144.250 Y84.792
G1 X143.590 Y84.672
G1 X143.446 Y84.297
G1 X143.212 Y84.002
G1 X142.921 Y83.811
G1 X142.600 Y83.747
G1 X142.164 Y83.843
G1 X141.865 Y84.132
G1 X141.692 Y84.603
G1 X141.635 Y85.247
G1 X141.795 Y86.650
G0 Z5.000 F500.000
G0 X142.294 Y85.168 F3000.000
G1 Z1.000 F500.000
G4 P100
G1 X142.260 Y84.862 F1000.000
G1 X142.368 Y84.427
G1 X142.620 Y84.277
G1 X142.895 Y84.407
G1 X143.055 Y84.782
G1 X142.817 Y85.057
G1 X142.755 Y85.607
G1 X142.556 Y85.556
G1 X142.294 Y85.168
G0 Z5.000 F500.000
G0 X142.295 Y85.757 F3000.000
G1 Z1.000 F500.000
G4 P100
G1 X142.971 Y87.261 F1000.000
G1 X143.020 Y87.647
G1 X142.982 Y87.892
G1 X142.880 Y87.977
G1 X142.662 Y87.680
G1 X142.445 Y86.872
G1 X142.295 Y85.757
G0 Z5.000 F500.000
G0 X144.180 Y85.822 F3000.000
G1 Z1.000 F500.000
G4 P100
G1 X144.320 Y86.037 F1000.000
G1 X144.605 Y86.102
G1 X144.757 Y86.067
G1 X144.800 Y85.962
G1 X144.565 Y84.657
G1 X144.670 Y84.467
G1 X144.858 Y84.617
G1 X145.097 Y85.072
G1 X145.467 Y86.037
G1 X145.875 Y86.075
G1 X145.920 Y85.972
G1 X145.655 Y84.497
G1 X145.695 Y84.350
G1 X145.800 Y84.297
G1 X146.037 Y84.420
G1 X146.540 Y84.887
G1 X146.642 Y84.827
G1 X146.680 Y84.662
G1 X146.585 Y84.352
G1 X146.123 Y83.917
G1 X145.560 Y83.747
G1 X145.352 Y83.793
G1 X145.207 Y83.932
G1 X145.095 Y84.452
G1 X144.840 Y83.930
G1 X144.475 Y83.747
G1 X144.271 Y83.799
G1 X144.001 Y84.188
G1 X143.965 Y84.472
G1 X144.015 Y85.160
G1 X144.180 Y85.822
G0 Z5.000 F500.000
G0 X146.040 Y85.857 F3000.000
G1 Z1.000 F500.000
G4 P100
G1 X146.096 Y86.067 F1000.000
G1 X146.550 Y86.137
G1 X146.810 Y87.142
G1 X147.232 Y87.867
G1 X147.489 Y88.070
G1 X147.765 Y88.137
G1 X147.952 Y88.091
G1 X148.095 Y87.952
G1 X148.215 Y87.487
G1 X148.174 Y87.112
G1 X148.053 Y86.762
G1 X147.565 Y86.137
G1 X148.240 Y86.102
G1 X148.240 Y85.821
G1 X148.134 Y85.713
G1 X147.710 Y85.627
G1 X147.100 Y85.627
G1 X147.121 Y84.795
G1 X147.213 Y84.507
G1 X147.371 Y84.350
G1 X147.600 Y84.297
G1 X147.980 Y84.427
G1 X148.505 Y84.887
G1 X148.608 Y84.827
G1 X148.645 Y84.662
G1 X148.550 Y84.352
G1 X148.080 Y83.917
G1 X147.806 Y83.790
G1 X147.495 Y83.747
G1 X147.049 Y83.837
G1 X146.730 Y84.106
G1 X146.539 Y84.554
G1 X146.490 Y85.627
G1 X146.093 Y85.682
G1 X146.040 Y85.857
G0 Z5.000 F500.000
G0 X147.150 Y86.212 F3000.000
G1 Z1.000 F500.000
G4 P100
G1 X147.593 Y86.785 F1000.000
G1 X147.740 Y87.362
G1 X147.713 Y87.583
G1 X147.630 Y87.657
G1 X147.463 Y87.470
G1 X147.287 Y86.950
G1 X147.150 Y86.212
G0 Z5.000 F500.000
G0 X24.365 Y74.565 F3000.000
G1 Z1.000 F500.000
G4 P100
G1 X24.270 Y74.255 F1000.000
G1 X23.808 Y73.820
G1 X23.245 Y73.650
G1 X23.021 Y73.687
G1 X22.762 Y73.978
G1 X22.730 Y74.225
G1 X22.865 Y75.160
G1 X22.810 Y75.240
G1 X22.625 Y75.072
G1 X22.385 Y74.630
G1 X22.062 Y73.730
G1 X21.830 Y73.650
G1 X21.582 Y73.808
G1 X21.500 Y74.190
G1 X21.590 Y75.160
G1 X21.535 Y75.240
G1 X21.345 Y75.060
G1 X21.123 Y74.600
G1 X20.822 Y73.733
G1 X20.595 Y73.650
G1 X20.433 Y73.700
G1 X20.328 Y73.850
G1 X20.250 Y74.490
G1 X20.435 Y75.725
G1 X20.582 Y75.938
G1 X20.870 Y76.005
G1 X21.010 Y75.980
G1 X21.050 Y75.885
G1 X20.845 Y74.810
G1 X21.168 Y75.470
G1 X21.553 Y75.873
G1 X21.925 Y76.005
G1 X22.172 Y75.925
G1 X22.245 Y75.680
G1 X22.095 Y74.830
G1 X22.359 Y75.361
G1 X22.650 Y75.725
G1 X22.945 Y75.935
G1 X23.220 Y76.005
G1 X23.464 Y75.924
G1 X23.545 Y75.680
G1 X23.340 Y74.400
G1 X23.376 Y74.250
G1 X23.485 Y74.200
G1 X23.723 Y74.323
G1 X24.225 Y74.790
G1 X24.328 Y74.730
G1 X24.365 Y74.565
G0 Z5.000 F500.000
G0 X24.560 Y74.560 F3000.000
G1 Z1.000 F500.000
G4 P100
G1 X24.665 Y74.370 F1000.000
G1 X24.852 Y74.520
G1 X25.462 Y75.940
G1 X25.710 Y76.005
G1 X25.870 Y75.978
G1 X25.915 Y75.875
G1 X25.650 Y74.400
G1 X25.690 Y74.252
G1 X25.795 Y74.200
G1 X26.033 Y74.323
G1 X26.535 Y74.790
G1 X26.638 Y74.730
G1 X26.675 Y74.565
G1 X26.580 Y74.255
G1 X26.117 Y73.820
G1 X25.853 Y73.692
G1 X25.347 Y73.696
G1 X25.203 Y73.835
G1 X25.090 Y74.355
G1 X24.835 Y73.833
G1 X24.470 Y73.650
G1 X24.266 Y73.702
G1 X23.996 Y74.091
G1 X24.010 Y75.062
G1 X24.175 Y75.725
G1 X24.315 Y75.940
G1 X24.600 Y76.005
G1 X24.753 Y75.970
G1 X24.795 Y75.865
G1 X24.560 Y74.560
G0 Z5.000 F500.000
G0 X26.045 Y74.310 F3000.000
G1 Z1.000 F500.000
G4 P100
G1 X26.525 Y74.950 F1000.000
G1 X26.950 Y75.840
G1 X27.096 Y76.005
G1 X27.345 Y76.060
G1 X27.540 Y76.035
G1 X27.595 Y75.955
G1 X27.430 Y75.425
G1 X27.888 Y74.678
G1 X27.960 Y74.215
G1 X28.670 Y74.790
G1 X28.773 Y74.730
G1 X28.810 Y74.565
G1 X28.715 Y74.255
G1 X28.238 Y73.833
G1 X27.200 Y73.540
G1 X26.803 Y73.660
G1 X26.665 Y73.930
G1 X26.760 Y74.155
G1 X27.040 Y74.250
G1 X27.325 Y74.220
G1 X27.267 Y74.465
G1 X26.985 Y74.875
G1 X26.345 Y74.015
G1 X26.155 Y73.925
G1 X26.025 Y73.983
G1 X25.975 Y74.125
G1 X26.045 Y74.310
G0 Z5.000 F500.000
G0 X28.223 Y75.585 F3000.000
G1 Z1.000 F500.000
G4 P100
G1 X28.170 Y75.760 F1000.000
G1 X28.226 Y75.970
G1 X28.680 Y76.040
G1 X28.940 Y77.045
G1 X29.363 Y77.770
G1 X29.619 Y77.973
G1 X29.895 Y78.040
G1 X30.083 Y77.994
G1 X30.225 Y77.855
G1 X30.345 Y77.390
G1 X30.304 Y77.015
G1 X30.183 Y76.665
G1 X29.695 Y76.040
G1 X30.370 Y76.005
G1 X30.370 Y75.724
G1 X30.264 Y75.616
G1 X29.840 Y75.530
G1 X29.230 Y75.530
G1 X29.251 Y74.697
G1 X29.343 Y74.410
G1 X29.501 Y74.252
G1 X29.730 Y74.200
G1 X30.110 Y74.330
G1 X30.635 Y74.790
G1 X30.738 Y74.730
G1 X30.775 Y74.565
G1 X30.680 Y74.255
G1 X30.210 Y73.820
G1 X29.936 Y73.692
G1 X29.625 Y73.650
G1 X29.179 Y73.740
G1 X28.860 Y74.009
G1 X28.669 Y74.457
G1 X28.620 Y75.530
G1 X28.223 Y75.585
G0 Z5.000 F500.000
G0 X29.280 Y76.115 F3000.000
G1 Z1.000 F500.000
G4 P100
G1 X29.723 Y76.688 F1000.000
G1 X29.870 Y77.265
G1 X29.843 Y77.486
G1 X29.760 Y77.560
G1 X29.593 Y77.373
G1 X29.418 Y76.853
G1 X29.280 Y76.115
G0 Z5.000 F500.000
G0 X31.890 Y75.725 F3000.000
G1 Z1.000 F500.000
G4 P100
G1 X32.038 Y75.938 F1000.000
G1 X32.465 Y75.980
G1 X32.505 Y75.885
G1 X32.300 Y74.805
G1 X32.670 Y75.505
G1 X33.073 Y75.890
G1 X33.435 Y76.005
G1 X33.679 Y75.924
G1 X33.760 Y75.680
G1 X33.555 Y74.400
G1 X33.591 Y74.250
G1 X33.700 Y74.200
G1 X33.938 Y74.323
G1 X34.440 Y74.790
G1 X34.543 Y74.730
G1 X34.580 Y74.565
G1 X34.485 Y74.255
G1 X34.023 Y73.820
G1 X33.758 Y73.692
G1 X33.236 Y73.687
G1 X32.977 Y73.978
G1 X32.945 Y74.225
G1 X33.080 Y75.160
G1 X33.025 Y75.240
G1 X32.843 Y75.072
G1 X32.602 Y74.630
G1 X32.278 Y73.733
G1 X32.050 Y73.650
G1 X31.888 Y73.700
G1 X31.783 Y73.850
G1 X31.705 Y74.490
G1 X31.890 Y75.725
G0 Z5.000 F500.000
G0 X34.100 Y74.700 F3000.000
G1 Z1.000 F500.000
G4 P100
G1 X34.245 Y75.377 F1000.000
G1 X34.418 Y75.643
G1 X34.914 Y75.968
G1 X35.210 Y76.010
G1 X35.553 Y75.944
G1 X35.823 Y75.748
G1 X36.007 Y75.454
G1 X36.095 Y75.100
G1 X36.725 Y75.210
G1 X36.825 Y75.145
G1 X36.860 Y74.980
G1 X36.824 Y74.789
G1 X36.715 Y74.695
G1 X36.055 Y74.575
G1 X35.914 Y74.197
G1 X35.680 Y73.903
G1 X35.381 Y73.713
G1 X35.045 Y73.650
G1 X34.532 Y73.795
G1 X34.210 Y74.180
G1 X34.100 Y74.700
G0 Z5.000 F500.000
G0 X34.833 Y74.325 F3000.000
G1 Z1.000 F500.000
G4 P100
G1 X35.085 Y74.180 F1000.000
G1 X35.363 Y74.310
G1 X35.520 Y74.685
G1 X35.282 Y74.960
G1 X35.215 Y75.480
G1 X35.013 Y75.432
G1 X34.858 Y75.288
G1 X34.758 Y75.056
G1 X34.725 Y74.745
G1 X34.833 Y74.325
G0 Z5.000 F500.000
G0 X36.248 Y75.585 F3000.000
G1 Z1.000 F500.000
G4 P100
G1 X36.195 Y75.760 F1000.000
G1 X36.251 Y75.970
G1 X36.705 Y76.040
G1 X36.965 Y77.045
G1 X37.388 Y77.770
G1 X37.644 Y77.973
G1 X37.920 Y78.040
G1 X38.108 Y77.994
G1 X38.250 Y77.855
G1 X38.370 Y77.390
G1 X38.329 Y77.015
G1 X38.208 Y76.665
G1 X37.720 Y76.040
G1 X38.395 Y76.005
G1 X38.395 Y75.724
G1 X38.289 Y75.616
G1 X37.865 Y75.530
G1 X37.255 Y75.530
G1 X37.276 Y74.697
G1 X37.367 Y74.410
G1 X37.526 Y74.252
G1 X37.755 Y74.200
G1 X38.135 Y74.330
G1 X38.660 Y74.790
G1 X38.763 Y74.730
G1 X38.800 Y74.565
G1 X38.705 Y74.255
G1 X38.235 Y73.820
G1 X37.961 Y73.692
G1 X37.650 Y73.650
G1 X37.204 Y73.740
G1 X36.885 Y74.009
G1 X36.694 Y74.457
G1 X36.645 Y75.530
G1 X36.248 Y75.585
G0 Z5.000 F500.000
G0 X37.305 Y76.115 F3000.000
G1 Z1.000 F500.000
G4 P100
G1 X37.748 Y76.688 F1000.000
G1 X37.895 Y77.265
G1 X37.868 Y77.486
G1 X37.785 Y77.560
G1 X37.617 Y77.373
G1 X37.443 Y76.853
G1 X37.305 Y76.115
G0 Z5.000 F500.000
G0 X39.790 Y75.377 F3000.000
G1 Z1.000 F500.000
G4 P100
G1 X39.962 Y75.643 F1000.000
G1 X40.459 Y75.968
G1 X40.755 Y76.010
G1 X41.098 Y75.944
G1 X41.367 Y75.748
G1 X41.552 Y75.454
G1 X41.640 Y75.100
G1 X42.270 Y75.210
G1 X42.370 Y75.145
G1 X42.369 Y74.789
G1 X42.260 Y74.695
G1 X41.600 Y74.575
G1 X41.459 Y74.197
G1 X41.225 Y73.903
G1 X40.926 Y73.713
G1 X40.312 Y73.686
G1 X40.078 Y73.795
G1 X39.755 Y74.180
G1 X39.645 Y74.700
G1 X39.790 Y75.377
G0 Z5.000 F500.000
G0 X40.270 Y74.745 F3000.000
G1 Z1.000 F500.000
G4 P100
G1 X40.377 Y74.325 F1000.000
G1 X40.630 Y74.180
G1 X40.907 Y74.310
G1 X41.065 Y74.685
G1 X40.828 Y74.960
G1 X40.760 Y75.480
G1 X40.558 Y75.432
G1 X40.403 Y75.288
G1 X40.270 Y74.745
G0 Z5.000 F500.000
G0 X41.985 Y75.540 F3000.000
G1 Z1.000 F500.000
G4 P100
G1 X42.075 Y75.945 F1000.000
G1 X42.330 Y76.010
G1 X42.523 Y75.953
G1 X42.655 Y74.265
G1 X43.105 Y74.975
G1 X43.030 Y75.320
G1 X43.105 Y75.650
G1 X43.310 Y75.910
G1 X43.605 Y76.010
G1 X43.840 Y75.908
G1 X43.930 Y75.610
G1 X43.810 Y75.095
G1 X44.500 Y75.200
G1 X44.615 Y75.150
G1 X44.655 Y75.015
G1 X44.595 Y74.773
G1 X44.415 Y74.645
G1 X43.925 Y74.570
G1 X43.510 Y74.630
G1 X42.845 Y73.755
G1 X42.515 Y73.650
G1 X42.193 Y73.810
G1 X42.045 Y74.315
G1 X41.985 Y75.540
G0 Z5.000 F500.000
G0 X44.145 Y74.715 F3000.000
G1 Z1.000 F500.000
G4 P100
G1 X44.290 Y75.358 F1000.000
G1 X44.463 Y75.624
G1 X44.967 Y75.961
G1 X45.275 Y76.005
G1 X45.536 Y75.962
G1 X45.740 Y75.833
G1 X45.871 Y75.629
G1 X45.915 Y75.365
G1 X45.853 Y75.044
G1 X45.667 Y74.773
G1 X45.334 Y74.551
G1 X44.830 Y74.380
G1 X45.011 Y74.208
G1 X45.305 Y74.150
G1 X45.817 Y74.308
G1 X46.450 Y74.790
G1 X46.552 Y74.730
G1 X46.590 Y74.565
G1 X46.495 Y74.255
G1 X45.972 Y73.840
G1 X45.250 Y73.650
G1 X44.784 Y73.721
G1 X44.435 Y73.935
G1 X44.217 Y74.272
G1 X44.145 Y74.715
G0 Z5.000 F500.000
G0 X44.750 Y74.780 F3000.000
G1 Z1.000 F500.000
G4 P100
G1 X45.215 Y74.980 F1000.000
G1 X45.343 Y75.131
G1 X45.332 Y75.458
G1 X45.190 Y75.515
G1 X45.019 Y75.461
G1 X44.877 Y75.300
G1 X44.750 Y74.780
G0 Z5.000 F500.000
G0 X46.241 Y75.124 F3000.000
G1 Z1.000 F500.000
G4 P100
G1 X46.380 Y75.725 F1000.000
G1 X46.528 Y75.938
G1 X46.815 Y76.005
G1 X46.955 Y75.980
G1 X46.995 Y75.885
G1 X46.790 Y74.805
G1 X47.160 Y75.505
G1 X47.562 Y75.890
G1 X47.925 Y76.005
G1 X48.169 Y75.924
G1 X48.250 Y75.680
G1 X48.196 Y74.984
G1 X48.290 Y74.940
G1 X48.785 Y75.225
G1 X48.888 Y75.168
G1 X48.925 Y75.015
G1 X48.825 Y74.725
G1 X48.498 Y74.478
G1 X48.100 Y74.375
G1 X47.867 Y74.409
G1 X47.594 Y74.669
G1 X47.530 Y75.240
G1 X47.332 Y75.072
G1 X47.090 Y74.630
G1 X46.767 Y73.733
G1 X46.540 Y73.650
G1 X46.378 Y73.700
G1 X46.273 Y73.850
G1 X46.195 Y74.490
G1 X46.241 Y75.124
G0 Z5.000 F500.000
G0 X48.548 Y74.509 F3000.000
G1 Z1.000 F500.000
G4 P100
G1 X48.495 Y75.085 F1000.000
G1 X48.653 Y76.475
G1 X48.848 Y77.200
G1 X49.117 Y77.815
G1 X49.454 Y78.235
G1 X49.850 Y78.375
G1 X50.064 Y78.319
G1 X50.227 Y78.153
G1 X50.331 Y77.882
G1 X50.365 Y77.515
G1 X50.282 Y76.873
G1 X50.035 Y76.135
G1 X49.646 Y75.354
G1 X49.140 Y74.580
G1 X49.255 Y74.288
G1 X49.465 Y74.200
G1 X49.825 Y74.317
G1 X50.355 Y74.790
G1 X50.457 Y74.730
G1 X50.495 Y74.565
G1 X50.400 Y74.255
G1 X49.933 Y73.820
G1 X49.360 Y73.650
G1 X48.977 Y73.750
G1 X48.707 Y74.050
G1 X48.548 Y74.509
G0 Z5.000 F500.000
G0 X49.105 Y75.255 F3000.000
G1 Z1.000 F500.000
G4 P100
G1 X49.670 Y76.428 F1000.000
G1 X49.828 Y76.989
G1 X49.880 Y77.500
G1 X49.845 Y77.785
G1 X49.740 Y77.880
G1 X49.480 Y77.465
G1 X49.225 Y76.435
G1 X49.105 Y75.255
G0 Z5.000 F500.000
G0 X50.426 Y75.545 F3000.000
G1 Z1.000 F500.000
G4 P100
G1 X51.019 Y75.961 F1000.000
G1 X51.355 Y76.015
G1 X51.502 Y75.973
G1 X51.565 Y75.820
G1 X51.969 Y75.796
G1 X52.030 Y75.665
G1 X51.840 Y74.365
G1 X51.877 Y74.245
G1 X51.975 Y74.200
G1 X52.205 Y74.323
G1 X52.705 Y74.790
G1 X52.808 Y74.730
G1 X52.845 Y74.565
G1 X52.750 Y74.255
G1 X52.315 Y73.825
G1 X51.870 Y73.650
G1 X51.567 Y73.762
G1 X51.360 Y74.070
G1 X51.066 Y73.755
G1 X50.705 Y73.650
G1 X50.426 Y73.706
G1 X50.210 Y73.875
G1 X50.071 Y74.135
G1 X50.025 Y74.465
G1 X50.071 Y74.854
G1 X50.426 Y75.545
G0 Z5.000 F500.000
G0 X50.755 Y74.990 F3000.000
G1 Z1.000 F500.000
G4 P100
G1 X50.650 Y74.460 F1000.000
G1 X50.712 Y74.230
G1 X50.885 Y74.155
G1 X51.095 Y74.285
G1 X51.240 Y74.630
G1 X51.425 Y75.550
G1 X51.038 Y75.393
G1 X50.755 Y74.990
G0 Z5.000 F500.000
G0 X52.515 Y75.720 F3000.000
G1 Z1.000 F500.000
G4 P100
G1 X52.630 Y75.950 F1000.000
G1 X52.930 Y76.035
G1 X53.083 Y75.993
G1 X53.140 Y75.640
G1 X53.455 Y75.928
G1 X53.785 Y76.015
G1 X54.039 Y75.959
G1 X54.243 Y75.790
G1 X54.376 Y75.530
G1 X54.420 Y75.200
G1 X54.335 Y74.685
G1 X54.100 Y74.230
G1 X54.275 Y74.200
G1 X54.590 Y74.320
G1 X55.110 Y74.790
G1 X55.213 Y74.730
G1 X55.250 Y74.565
G1 X55.155 Y74.255
G1 X54.693 Y73.820
G1 X54.428 Y73.692
G1 X53.890 Y73.697
G1 X53.700 Y73.840
G1 X53.105 Y73.650
G1 X52.999 Y72.764
G1 X52.810 Y72.038
G1 X52.526 Y71.552
G1 X52.135 Y71.390
G1 X51.900 Y71.439
G1 X51.735 Y71.585
G1 X51.605 Y72.125
G1 X51.830 Y73.268
G1 X52.525 Y74.705
G1 X52.515 Y75.720
G0 Z5.000 F500.000
G0 X53.135 Y74.485 F3000.000
G1 Z1.000 F500.000
G4 P100
G1 X53.130 Y74.130 F1000.000
G1 X53.463 Y74.328
G1 X53.705 Y74.718
G1 X53.795 Y75.205
G1 X53.735 Y75.433
G1 X53.575 Y75.510
G1 X53.376 Y75.415
G1 X53.140 Y75.130
G1 X53.135 Y74.485
G0 Z5.000 F500.000
G0 X52.515 Y73.930 F3000.000
G1 Z1.000 F500.000
G4 P100
G1 X52.175 Y72.975 F1000.000
G1 X52.050 Y72.210
G1 X52.088 Y71.965
G1 X52.175 Y71.880
G1 X52.299 Y72.027
G1 X52.400 Y72.468
G1 X52.515 Y73.930
G0 Z5.000 F500.000
G0 X56.625 Y74.009 F3000.000
G1 Z1.000 F500.000
G4 P100
G1 X56.434 Y74.457 F1000.000
G1 X56.385 Y75.530
G1 X55.988 Y75.585
G1 X55.935 Y75.760
G1 X55.991 Y75.970
G1 X56.445 Y76.040
G1 X56.705 Y77.045
G1 X57.128 Y77.770
G1 X57.384 Y77.973
G1 X57.660 Y78.040
G1 X57.848 Y77.994
G1 X57.990 Y77.855
G1 X58.110 Y77.390
G1 X58.069 Y77.015
G1 X57.948 Y76.665
G1 X57.460 Y76.040
G1 X58.135 Y76.005
G1 X58.135 Y75.724
G1 X58.029 Y75.616
G1 X57.605 Y75.530
G1 X56.995 Y75.530
G1 X57.016 Y74.697
G1 X57.108 Y74.410
G1 X57.266 Y74.252
G1 X57.495 Y74.200
G1 X57.875 Y74.330
G1 X58.400 Y74.790
G1 X58.503 Y74.730
G1 X58.540 Y74.565
G1 X58.445 Y74.255
G1 X57.975 Y73.820
G1 X57.390 Y73.650
G1 X56.944 Y73.740
G1 X56.625 Y74.009
G0 Z5.000 F500.000
G0 X57.045 Y76.115 F3000.000
G1 Z1.000 F500.000
G4 P100
G1 X57.488 Y76.688 F1000.000
G1 X57.635 Y77.265
G1 X57.608 Y77.486
G1 X57.525 Y77.560
G1 X57.358 Y77.373
G1 X57.183 Y76.853
G1 X57.045 Y76.115
G0 Z5.000 F500.000
G0 X58.378 Y75.624 F3000.000
G1 Z1.000 F500.000
G4 P100
G1 X58.882 Y75.961 F1000.000
G1 X59.451 Y75.962
G1 X59.655 Y75.833
G1 X59.786 Y75.629
G1 X59.830 Y75.365
G1 X59.768 Y75.044
G1 X59.583 Y74.773
G1 X59.249 Y74.551
G1 X58.745 Y74.380
G1 X58.926 Y74.208
G1 X59.220 Y74.150
G1 X59.733 Y74.308
G1 X60.365 Y74.790
G1 X60.468 Y74.730
G1 X60.505 Y74.565
G1 X60.410 Y74.255
G1 X59.888 Y73.840
G1 X59.538 Y73.697
G1 X59.165 Y73.650
G1 X58.699 Y73.721
G1 X58.350 Y73.935
G1 X58.133 Y74.272
G1 X58.060 Y74.715
G1 X58.205 Y75.358
G1 X58.378 Y75.624
G0 Z5.000 F500.000
G0 X58.793 Y75.300 F3000.000
G1 Z1.000 F500.000
G4 P100
G1 X58.665 Y74.780 F1000.000
G1 X59.130 Y74.980
G1 X59.300 Y75.305
G1 X59.248 Y75.458
G1 X59.105 Y75.515
G1 X58.934 Y75.461
G1 X58.793 Y75.300
G0 Z5.000 F500.000
G0 X60.275 Y75.480 F3000.000
G1 Z1.000 F500.000
G4 P100
G1 X60.314 Y75.708 F1000.000
G1 X60.608 Y75.989
G1 X60.830 Y76.025
G1 X61.210 Y75.923
G1 X61.470 Y75.625
G1 X61.808 Y75.925
G1 X62.175 Y76.025
G1 X62.473 Y75.935
G1 X62.575 Y75.645
G1 X62.490 Y75.293
G1 X62.285 Y75.165
G1 X62.135 Y75.210
G1 X61.975 Y75.460
G1 X61.848 Y75.348
G1 X61.685 Y74.665
G1 X61.798 Y74.303
G1 X62.105 Y74.175
G1 X62.473 Y74.308
G1 X63.010 Y74.790
G1 X63.113 Y74.730
G1 X63.150 Y74.565
G1 X63.055 Y74.255
G1 X62.573 Y73.822
G1 X62.293 Y73.693
G1 X61.980 Y73.650
G1 X61.528 Y73.745
G1 X61.215 Y74.015
G1 X60.904 Y73.745
G1 X60.540 Y73.655
G1 X60.294 Y73.695
G1 X59.985 Y74.001
G1 X59.945 Y74.240
G1 X60.060 Y74.645
G1 X60.199 Y74.761
G1 X60.520 Y74.766
G1 X60.540 Y74.335
G1 X60.670 Y74.185
G1 X60.853 Y74.298
G1 X60.998 Y74.605
G1 X61.055 Y75.035
G1 X61.010 Y75.338
G1 X60.900 Y75.460
G1 X60.690 Y75.213
G1 X60.515 Y75.165
G1 X60.340 Y75.243
G1 X60.275 Y75.480
G0 Z5.000 F500.000
G0 X62.510 Y75.760 F3000.000
G1 Z1.000 F500.000
G4 P100
G1 X62.566 Y75.970 F1000.000
G1 X63.020 Y76.040
G1 X63.280 Y77.045
G1 X63.703 Y77.770
G1 X63.959 Y77.973
G1 X64.235 Y78.040
G1 X64.423 Y77.994
G1 X64.565 Y77.855
G1 X64.685 Y77.390
G1 X64.644 Y77.015
G1 X64.523 Y76.665
G1 X64.035 Y76.040
G1 X64.710 Y76.005
G1 X64.710 Y75.724
G1 X64.604 Y75.616
G1 X64.180 Y75.530
G1 X63.570 Y75.530
G1 X63.591 Y74.697
G1 X63.683 Y74.410
G1 X63.841 Y74.252
G1 X64.070 Y74.200
G1 X64.450 Y74.330
G1 X64.975 Y74.790
G1 X65.078 Y74.730
G1 X65.115 Y74.565
G1 X65.020 Y74.255
G1 X64.550 Y73.820
G1 X64.276 Y73.692
G1 X63.965 Y73.650
G1 X63.519 Y73.740
G1 X63.200 Y74.009
G1 X63.009 Y74.457
G1 X62.960 Y75.530
G1 X62.563 Y75.585
G1 X62.510 Y75.760
G0 Z5.000 F500.000
G0 X63.620 Y76.115 F3000.000
G1 Z1.000 F500.000
G4 P100
G1 X64.063 Y76.688 F1000.000
G1 X64.210 Y77.265
G1 X64.183 Y77.486
G1 X64.100 Y77.560
G1 X63.933 Y77.373
G1 X63.758 Y76.853
G1 X63.620 Y76.115
G0 Z5.000 F500.000
G0 X64.891 Y74.546 F3000.000
G1 Z1.000 F500.000
G4 P100
G1 X65.095 Y74.580 F1000.000
G1 X65.428 Y74.473
G1 X65.540 Y74.155
G1 X65.410 Y73.788
G1 X65.256 Y73.684
G1 X65.055 Y73.650
G1 X64.723 Y73.770
G1 X64.610 Y74.085
G1 X64.738 Y74.445
G1 X64.891 Y74.546
G0 Z5.000 F500.000
G0 X24.515 Y63.920 F3000.000
G1 Z1.000 F500.000
G4 P100
G1 X24.422 Y63.680 F1000.000
G1 X24.130 Y63.620
G1 X22.765 Y63.685
G1 X22.230 Y60.325
G1 X22.110 Y60.103
G1 X21.845 Y60.025
G1 X21.590 Y60.105
G1 X21.500 Y60.315
G1 X21.538 Y60.713
G1 X22.055 Y63.680
G1 X21.285 Y63.600
G1 X20.887 Y63.418
G1 X20.770 Y63.115
G1 X20.890 Y62.715
G1 X20.777 Y62.538
G1 X20.545 Y62.455
G1 X20.405 Y62.505
G1 X20.240 Y62.748
G1 X20.175 Y63.105
G1 X20.244 Y63.488
G1 X20.453 Y63.788
G1 X20.803 Y64.011
G1 X21.297 Y64.165
G1 X22.755 Y64.285
G1 X24.205 Y64.200
G1 X24.438 Y64.095
G1 X24.515 Y63.920
G0 Z5.000 F500.000
G0 X24.780 Y62.380 F3000.000
G1 Z1.000 F500.000
G4 P100
G1 X25.041 Y62.337 F1000.000
G1 X25.245 Y62.208
G1 X25.376 Y62.005
G1 X25.420 Y61.740
G1 X25.358 Y61.420
G1 X25.172 Y61.148
G1 X24.839 Y60.926
G1 X24.335 Y60.755
G1 X24.516 Y60.583
G1 X24.810 Y60.525
G1 X25.322 Y60.683
G1 X25.955 Y61.165
G1 X26.057 Y61.105
G1 X26.095 Y60.940
G1 X26.000 Y60.630
G1 X25.477 Y60.215
G1 X24.755 Y60.025
G1 X24.289 Y60.096
G1 X23.940 Y60.310
G1 X23.722 Y60.648
G1 X23.650 Y61.090
G1 X23.795 Y61.733
G1 X23.968 Y62.000
G1 X24.472 Y62.336
G1 X24.780 Y62.380
G0 Z5.000 F500.000
G0 X24.695 Y61.890 F3000.000
G1 Z1.000 F500.000
G4 P100
G1 X24.524 Y61.836 F1000.000
G1 X24.383 Y61.675
G1 X24.255 Y61.155
G1 X24.720 Y61.355
G1 X24.848 Y61.506
G1 X24.837 Y61.833
G1 X24.695 Y61.890
G0 Z5.000 F500.000
G0 X25.746 Y61.499 F3000.000
G1 Z1.000 F500.000
G4 P100
G1 X25.885 Y62.100 F1000.000
G1 X26.032 Y62.313
G1 X26.320 Y62.380
G1 X26.460 Y62.355
G1 X26.500 Y62.260
G1 X26.285 Y61.080
G1 X26.489 Y61.680
G1 X26.740 Y62.080
G1 X27.044 Y62.305
G1 X27.405 Y62.380
G1 X27.637 Y62.340
G1 X27.923 Y62.032
G1 X27.960 Y61.800
G1 X27.867 Y61.445
G1 X27.625 Y61.300
G1 X27.473 Y61.345
G1 X27.432 Y61.856
G1 X27.335 Y61.890
G1 X27.140 Y61.788
G1 X26.987 Y61.513
G1 X26.930 Y61.140
G1 X27.055 Y60.708
G1 X27.415 Y60.545
G1 X27.745 Y60.668
G1 X28.280 Y61.165
G1 X28.383 Y61.105
G1 X28.420 Y60.940
G1 X28.325 Y60.630
G1 X27.875 Y60.193
G1 X27.635 Y60.067
G1 X27.365 Y60.025
G1 X26.938 Y60.128
G1 X26.625 Y60.375
G1 X26.470 Y60.655
G1 X26.267 Y60.100
G1 X26.045 Y60.025
G1 X25.883 Y60.075
G1 X25.777 Y60.225
G1 X25.700 Y60.865
G1 X25.746 Y61.499
G0 Z5.000 F500.000
G0 X27.935 Y61.035 F3000.000
G1 Z1.000 F500.000
G4 P100
G1 X27.975 Y61.415 F1000.000
G1 X28.279 Y62.015
G1 X28.510 Y62.215
G1 X29.045 Y62.380
G1 X29.473 Y62.218
G1 X29.625 Y61.800
G1 X29.532 Y61.445
G1 X29.290 Y61.300
G1 X29.137 Y61.345
G1 X29.080 Y61.470
G1 X29.097 Y61.855
G1 X29.005 Y61.890
G1 X28.790 Y61.788
G1 X28.630 Y61.510
G1 X28.570 Y61.125
G1 X28.696 Y60.690
G1 X29.075 Y60.545
G1 X29.517 Y60.683
G1 X30.120 Y61.165
G1 X30.222 Y61.105
G1 X30.260 Y60.940
G1 X30.165 Y60.630
G1 X29.907 Y60.373
G1 X29.602 Y60.183
G1 X28.970 Y60.025
G1 X28.534 Y60.095
G1 X28.207 Y60.303
G1 X28.003 Y60.625
G1 X27.935 Y61.035
G0 Z5.000 F500.000
G0 X29.865 Y60.865 F3000.000
G1 Z1.000 F500.000
G4 P100
G1 X30.050 Y62.100 F1000.000
G1 X30.197 Y62.313
G1 X30.485 Y62.380
G1 X30.625 Y62.355
G1 X30.665 Y62.260
G1 X30.460 Y61.185
G1 X30.782 Y61.845
G1 X31.167 Y62.248
G1 X31.540 Y62.380
G1 X31.788 Y62.300
G1 X31.860 Y62.055
G1 X31.710 Y61.205
G1 X31.974 Y61.736
G1 X32.265 Y62.100
G1 X32.560 Y62.310
G1 X32.835 Y62.380
G1 X33.079 Y62.299
G1 X33.160 Y62.055
G1 X32.955 Y60.775
G1 X32.991 Y60.625
G1 X33.100 Y60.575
G1 X33.337 Y60.698
G1 X33.840 Y61.165
G1 X33.942 Y61.105
G1 X33.980 Y60.940
G1 X33.885 Y60.630
G1 X33.422 Y60.195
G1 X32.860 Y60.025
G1 X32.636 Y60.062
G1 X32.377 Y60.353
G1 X32.345 Y60.600
G1 X32.480 Y61.535
G1 X32.425 Y61.615
G1 X32.240 Y61.448
G1 X32.000 Y61.005
G1 X31.677 Y60.105
G1 X31.445 Y60.025
G1 X31.197 Y60.183
G1 X31.115 Y60.565
G1 X31.205 Y61.535
G1 X31.150 Y61.615
G1 X30.960 Y61.435
G1 X30.737 Y60.975
G1 X30.438 Y60.108
G1 X30.210 Y60.025
G1 X30.048 Y60.075
G1 X29.942 Y60.225
G1 X29.865 Y60.865
G0 Z5.000 F500.000
G0 X34.912 Y60.840 F3000.000
G1 Z1.000 F500.000
G4 P100
G1 X34.958 Y61.230 F1000.000
G1 X35.313 Y61.920
G1 X35.907 Y62.336
G1 X36.242 Y62.390
G1 X36.390 Y62.348
G1 X36.452 Y62.195
G1 X36.850 Y62.178
G1 X36.902 Y62.030
G1 X36.682 Y60.585
G1 X37.422 Y61.115
G1 X37.537 Y61.155
G1 X37.640 Y61.093
G1 X37.677 Y60.935
G1 X37.532 Y60.640
G1 X36.582 Y59.995
G1 X36.363 Y59.071
G1 X36.085 Y58.368
G1 X35.735 Y57.923
G1 X35.302 Y57.775
G1 X35.071 Y57.815
G1 X34.767 Y58.115
G1 X34.727 Y58.345
G1 X34.797 Y58.713
G1 X35.007 Y59.108
G1 X35.410 Y59.562
G1 X36.057 Y60.110
G1 X36.087 Y60.305
G1 X35.865 Y60.098
G1 X35.592 Y60.025
G1 X35.313 Y60.081
G1 X35.097 Y60.250
G1 X34.958 Y60.510
G1 X34.912 Y60.840
G0 Z5.000 F500.000
G0 X35.600 Y60.605 F3000.000
G1 Z1.000 F500.000
G4 P100
G1 X35.772 Y60.530 F1000.000
G1 X35.992 Y60.670
G1 X36.302 Y61.925
G1 X35.922 Y61.768
G1 X35.642 Y61.365
G1 X35.537 Y60.835
G1 X35.600 Y60.605
G0 Z5.000 F500.000
G0 X35.942 Y59.515 F3000.000
G1 Z1.000 F500.000
G4 P100
G1 X35.387 Y58.920 F1000.000
G1 X35.217 Y58.455
G1 X35.250 Y58.315
G1 X35.357 Y58.260
G1 X35.490 Y58.335
G1 X35.640 Y58.560
G1 X35.942 Y59.515
G0 Z5.000 F500.000
G0 X37.282 Y60.215 F3000.000
G1 Z1.000 F500.000
G4 P100
G1 X37.137 Y60.680 F1000.000
G1 X37.252 Y61.085
G1 X37.391 Y61.201
G1 X37.720 Y61.200
G1 X37.740 Y60.625
G1 X37.807 Y60.580
G1 X37.920 Y60.655
G1 X38.757 Y62.293
G1 X39.057 Y62.370
G1 X39.337 Y62.295
G1 X39.427 Y62.050
G1 X39.451 Y60.681
G1 X39.612 Y60.550
G1 X39.790 Y60.635
G1 X40.187 Y61.095
G1 X40.322 Y61.165
G1 X40.425 Y61.105
G1 X40.462 Y60.940
G1 X40.367 Y60.630
G1 X39.780 Y60.113
G1 X39.377 Y60.025
G1 X39.125 Y60.083
G1 X38.957 Y60.258
G1 X38.863 Y60.550
G1 X38.852 Y61.415
G1 X38.622 Y60.826
G1 X38.350 Y60.390
G1 X38.037 Y60.120
G1 X37.682 Y60.030
G1 X37.455 Y60.076
G1 X37.282 Y60.215
G0 Z5.000 F500.000
G0 X39.930 Y60.414 F3000.000
G1 Z1.000 F500.000
G4 P100
G1 X39.882 Y60.680 F1000.000
G1 X40.000 Y61.090
G1 X40.139 Y61.203
G1 X40.457 Y61.204
G1 X40.552 Y60.640
G1 X40.742 Y60.535
G1 X41.057 Y60.633
G1 X41.372 Y60.910
G1 X41.038 Y60.958
G1 X40.830 Y61.100
G1 X40.697 Y61.323
G1 X40.706 Y61.938
G1 X40.867 Y62.183
G1 X41.125 Y62.335
G1 X41.467 Y62.385
G1 X42.022 Y62.300
G1 X42.252 Y62.375
G1 X42.410 Y62.328
G1 X42.457 Y62.200
G1 X42.252 Y61.205
G1 X42.250 Y60.628
G1 X42.357 Y60.575
G1 X42.587 Y60.690
G1 X43.097 Y61.165
G1 X43.200 Y61.105
G1 X43.237 Y60.940
G1 X43.142 Y60.630
G1 X42.642 Y60.175
G1 X42.167 Y60.025
G1 X41.852 Y60.170
G1 X41.742 Y60.585
G1 X41.772 Y60.900
G1 X41.519 Y60.517
G1 X41.236 Y60.244
G1 X40.922 Y60.080
G1 X40.297 Y60.070
G1 X40.075 Y60.205
G1 X39.930 Y60.414
G0 Z5.000 F500.000
G0 X41.260 Y61.380 F3000.000
G1 Z1.000 F500.000
G4 P100
G1 X41.637 Y61.295 F1000.000
G1 X41.907 Y61.925
G1 X41.587 Y61.980
G1 X41.277 Y61.885
G1 X41.167 Y61.615
G1 X41.260 Y61.380
G0 Z5.000 F500.000
G0 X44.291 Y61.499 F3000.000
G1 Z1.000 F500.000
G4 P100
G1 X44.429 Y62.100 F1000.000
G1 X44.577 Y62.313
G1 X44.864 Y62.380
G1 X45.004 Y62.355
G1 X45.044 Y62.260
G1 X44.839 Y61.180
G1 X45.209 Y61.880
G1 X45.612 Y62.265
G1 X45.974 Y62.380
G1 X46.218 Y62.299
G1 X46.299 Y62.055
G1 X46.094 Y60.775
G1 X46.131 Y60.625
G1 X46.239 Y60.575
G1 X46.477 Y60.698
G1 X46.979 Y61.165
G1 X47.082 Y61.105
G1 X47.119 Y60.940
G1 X47.024 Y60.630
G1 X46.562 Y60.195
G1 X46.297 Y60.068
G1 X45.776 Y60.062
G1 X45.517 Y60.353
G1 X45.484 Y60.600
G1 X45.619 Y61.535
G1 X45.564 Y61.615
G1 X45.382 Y61.448
G1 X45.142 Y61.005
G1 X44.817 Y60.108
G1 X44.589 Y60.025
G1 X44.427 Y60.075
G1 X44.322 Y60.225
G1 X44.244 Y60.865
G1 X44.291 Y61.499
G0 Z5.000 F500.000
G0 X46.391 Y60.328 F3000.000
G1 Z1.000 F500.000
G4 P100
G1 X46.799 Y61.080 F1000.000
G1 X46.789 Y62.095
G1 X46.904 Y62.325
G1 X47.204 Y62.410
G1 X47.357 Y62.368
G1 X47.414 Y62.015
G1 X47.729 Y62.303
G1 X48.059 Y62.390
G1 X48.314 Y62.334
G1 X48.517 Y62.165
G1 X48.650 Y61.905
G1 X48.694 Y61.575
G1 X48.609 Y61.060
G1 X48.374 Y60.605
G1 X48.549 Y60.575
G1 X48.864 Y60.695
G1 X49.384 Y61.165
G1 X49.487 Y61.105
G1 X49.524 Y60.940
G1 X49.429 Y60.630
G1 X48.967 Y60.195
G1 X48.702 Y60.068
G1 X48.164 Y60.073
G1 X47.974 Y60.215
G1 X47.379 Y60.025
G1 X47.273 Y59.140
G1 X47.084 Y58.413
G1 X46.801 Y57.927
G1 X46.409 Y57.765
G1 X46.174 Y57.814
G1 X46.009 Y57.960
G1 X45.879 Y58.500
G1 X46.104 Y59.643
G1 X46.391 Y60.328
G0 Z5.000 F500.000
G0 X46.449 Y59.350 F3000.000
G1 Z1.000 F500.000
G4 P100
G1 X46.324 Y58.585 F1000.000
G1 X46.362 Y58.340
G1 X46.449 Y58.255
G1 X46.573 Y58.402
G1 X46.674 Y58.843
G1 X46.789 Y60.305
G1 X46.449 Y59.350
G0 Z5.000 F500.000
G0 X47.404 Y60.505 F3000.000
G1 Z1.000 F500.000
G4 P100
G1 X47.737 Y60.703 F1000.000
G1 X47.979 Y61.093
G1 X48.069 Y61.580
G1 X48.009 Y61.808
G1 X47.849 Y61.885
G1 X47.651 Y61.790
G1 X47.414 Y61.505
G1 X47.404 Y60.505
G0 Z5.000 F500.000
G0 X49.044 Y61.075 F3000.000
G1 Z1.000 F500.000
G4 P100
G1 X49.189 Y61.753 F1000.000
G1 X49.362 Y62.018
G1 X49.858 Y62.343
G1 X50.154 Y62.385
G1 X50.497 Y62.320
G1 X50.767 Y62.123
G1 X50.951 Y61.830
G1 X51.039 Y61.475
G1 X51.669 Y61.585
G1 X51.769 Y61.520
G1 X51.804 Y61.355
G1 X51.768 Y61.164
G1 X51.659 Y61.070
G1 X50.999 Y60.950
G1 X50.858 Y60.572
G1 X50.624 Y60.278
G1 X50.326 Y60.088
G1 X49.989 Y60.025
G1 X49.477 Y60.170
G1 X49.154 Y60.555
G1 X49.044 Y61.075
G0 Z5.000 F500.000
G0 X49.777 Y60.700 F3000.000
G1 Z1.000 F500.000
G4 P100
G1 X50.029 Y60.555 F1000.000
G1 X50.307 Y60.685
G1 X50.464 Y61.060
G1 X50.227 Y61.335
G1 X50.159 Y61.855
G1 X49.957 Y61.807
G1 X49.802 Y61.663
G1 X49.702 Y61.431
G1 X49.669 Y61.120
G1 X49.777 Y60.700
G0 Z5.000 F500.000
G0 X51.409 Y61.525 F3000.000
G1 Z1.000 F500.000
G4 P100
G1 X51.569 Y62.928 F1000.000
G1 X51.766 Y63.629
G1 X52.037 Y64.218
G1 X52.374 Y64.617
G1 X52.769 Y64.750
G1 X52.977 Y64.701
G1 X53.244 Y64.326
G1 X53.279 Y64.040
G1 X53.124 Y63.225
G1 X52.609 Y62.375
G1 X52.913 Y62.293
G1 X53.154 Y62.098
G1 X53.322 Y61.816
G1 X53.404 Y61.475
G1 X54.034 Y61.585
G1 X54.134 Y61.520
G1 X54.134 Y61.163
G1 X54.024 Y61.070
G1 X53.364 Y60.950
G1 X53.220 Y60.575
G1 X52.987 Y60.280
G1 X52.695 Y60.089
G1 X52.374 Y60.025
G1 X51.938 Y60.121
G1 X51.639 Y60.410
G1 X51.467 Y60.881
G1 X51.409 Y61.525
G0 Z5.000 F500.000
G0 X52.034 Y61.140 F3000.000
G1 Z1.000 F500.000
G4 P100
G1 X52.142 Y60.705 F1000.000
G1 X52.394 Y60.555
G1 X52.669 Y60.685
G1 X52.829 Y61.060
G1 X52.592 Y61.335
G1 X52.529 Y61.885
G1 X52.330 Y61.835
G1 X52.172 Y61.683
G1 X52.034 Y61.140
G0 Z5.000 F500.000
G0 X52.069 Y62.035 F3000.000
G1 Z1.000 F500.000
G4 P100
G1 X52.745 Y63.540 F1000.000
G1 X52.794 Y63.925
G1 X52.757 Y64.170
G1 X52.654 Y64.255
G1 X52.437 Y63.958
G1 X52.219 Y63.150
G1 X52.069 Y62.035
G0 Z5.000 F500.000
G0 X53.982 Y62.000 F3000.000
G1 Z1.000 F500.000
G4 P100
G1 X54.486 Y62.336 F1000.000
G1 X55.056 Y62.337
G1 X55.259 Y62.208
G1 X55.391 Y62.005
G1 X55.434 Y61.740
G1 X55.372 Y61.420
G1 X55.187 Y61.148
G1 X54.854 Y60.926
G1 X54.349 Y60.755
G1 X54.531 Y60.583
G1 X54.824 Y60.525
G1 X55.337 Y60.683
G1 X55.969 Y61.165
G1 X56.072 Y61.105
G1 X56.109 Y60.940
G1 X56.014 Y60.630
G1 X55.492 Y60.215
G1 X55.142 Y60.073
G1 X54.769 Y60.025
G1 X54.303 Y60.096
G1 X53.954 Y60.310
G1 X53.737 Y60.648
G1 X53.664 Y61.090
G1 X53.809 Y61.733
G1 X53.982 Y62.000
G0 Z5.000 F500.000
G0 X54.397 Y61.675 F3000.000
G1 Z1.000 F500.000
G4 P100
G1 X54.269 Y61.155 F1000.000
G1 X54.734 Y61.355
G1 X54.904 Y61.680
G1 X54.852 Y61.833
G1 X54.709 Y61.890
G1 X54.539 Y61.836
G1 X54.397 Y61.675
G0 Z5.000 F500.000
G0 X55.779 Y62.095 F3000.000
G1 Z1.000 F500.000
G4 P100
G1 X55.894 Y62.325 F1000.000
G1 X56.194 Y62.410
G1 X56.347 Y62.368
G1 X56.404 Y62.015
G1 X56.719 Y62.303
G1 X57.049 Y62.390
G1 X57.304 Y62.334
G1 X57.507 Y62.165
G1 X57.640 Y61.905
G1 X57.684 Y61.575
G1 X57.599 Y61.060
G1 X57.364 Y60.605
G1 X57.539 Y60.575
G1 X57.854 Y60.695
G1 X58.374 Y61.165
G1 X58.477 Y61.105
G1 X58.514 Y60.940
G1 X58.419 Y60.630
G1 X57.957 Y60.195
G1 X57.692 Y60.068
G1 X57.154 Y60.073
G1 X56.964 Y60.215
G1 X56.369 Y60.025
G1 X56.263 Y59.140
G1 X56.074 Y58.413
G1 X55.791 Y57.927
G1 X55.399 Y57.765
G1 X55.164 Y57.814
G1 X54.999 Y57.960
G1 X54.869 Y58.500
G1 X55.094 Y59.643
G1 X55.789 Y61.080
G1 X55.779 Y62.095
G0 Z5.000 F500.000
G0 X56.399 Y60.860 F3000.000
G1 Z1.000 F500.000
G4 P100
G1 X56.394 Y60.505 F1000.000
G1 X56.727 Y60.703
G1 X56.969 Y61.093
G1 X57.059 Y61.580
G1 X56.999 Y61.808
G1 X56.839 Y61.885
G1 X56.641 Y61.790
G1 X56.404 Y61.505
G1 X56.399 Y60.860
G0 Z5.000 F500.000
G0 X55.779 Y60.305 F3000.000
G1 Z1.000 F500.000
G4 P100
G1 X55.439 Y59.350 F1000.000
G1 X55.314 Y58.585
G1 X55.352 Y58.340
G1 X55.439 Y58.255
G1 X55.563 Y58.402
G1 X55.664 Y58.843
G1 X55.779 Y60.305
G0 Z5.000 F500.000
G0 X58.197 Y60.225 F3000.000
G1 Z1.000 F500.000
G4 P100
G1 X58.119 Y60.865 F1000.000
G1 X58.166 Y61.499
G1 X58.304 Y62.100
G1 X58.452 Y62.313
G1 X58.739 Y62.380
G1 X58.879 Y62.355
G1 X58.919 Y62.260
G1 X58.704 Y61.080
G1 X58.908 Y61.680
G1 X59.159 Y62.080
G1 X59.463 Y62.305
G1 X59.824 Y62.380
G1 X60.232 Y62.218
G1 X60.379 Y61.800
G1 X60.287 Y61.445
G1 X60.044 Y61.300
G1 X59.892 Y61.345
G1 X59.834 Y61.470
G1 X59.884 Y61.755
G1 X59.754 Y61.890
G1 X59.559 Y61.788
G1 X59.407 Y61.513
G1 X59.349 Y61.140
G1 X59.474 Y60.708
G1 X59.834 Y60.545
G1 X60.164 Y60.668
G1 X60.699 Y61.165
G1 X60.802 Y61.105
G1 X60.839 Y60.940
G1 X60.744 Y60.630
G1 X60.294 Y60.193
G1 X60.054 Y60.067
G1 X59.784 Y60.025
G1 X59.357 Y60.128
G1 X59.044 Y60.375
G1 X58.889 Y60.655
G1 X58.687 Y60.100
G1 X58.464 Y60.025
G1 X58.302 Y60.075
G1 X58.197 Y60.225
G0 Z5.000 F500.000
G0 X60.470 Y60.466 F3000.000
G1 Z1.000 F500.000
G4 P100
G1 X60.484 Y61.438 F1000.000
G1 X60.649 Y62.100
G1 X60.789 Y62.315
G1 X61.074 Y62.380
G1 X61.227 Y62.345
G1 X61.269 Y62.240
G1 X61.059 Y60.788
G1 X61.139 Y60.745
G1 X61.327 Y60.895
G1 X61.937 Y62.315
G1 X62.184 Y62.380
G1 X62.344 Y62.353
G1 X62.389 Y62.250
G1 X62.124 Y60.775
G1 X62.164 Y60.628
G1 X62.269 Y60.575
G1 X62.507 Y60.698
G1 X63.009 Y61.165
G1 X63.112 Y61.105
G1 X63.149 Y60.940
G1 X63.054 Y60.630
G1 X62.592 Y60.195
G1 X62.327 Y60.068
G1 X61.821 Y60.071
G1 X61.677 Y60.210
G1 X61.564 Y60.730
G1 X61.309 Y60.208
G1 X60.944 Y60.025
G1 X60.740 Y60.077
G1 X60.470 Y60.466
G0 Z5.000 F500.000
G0 X64.071 Y61.075 F3000.000
G1 Z1.000 F500.000
G4 P100
G1 X64.216 Y61.753 F1000.000
G1 X64.389 Y62.018
G1 X64.885 Y62.343
G1 X65.181 Y62.385
G1 X65.525 Y62.320
G1 X65.794 Y62.123
G1 X65.978 Y61.830
G1 X66.066 Y61.475
G1 X66.696 Y61.585
G1 X66.796 Y61.520
G1 X66.831 Y61.355
G1 X66.795 Y61.164
G1 X66.686 Y61.070
G1 X66.026 Y60.950
G1 X65.885 Y60.572
G1 X65.651 Y60.278
G1 X65.353 Y60.088
G1 X65.016 Y60.025
G1 X64.504 Y60.170
G1 X64.181 Y60.555
G1 X64.071 Y61.075
G0 Z5.000 F500.000
G0 X64.804 Y60.700 F3000.000
G1 Z1.000 F500.000
G4 P100
G1 X65.056 Y60.555 F1000.000
G1 X65.334 Y60.685
G1 X65.491 Y61.060
G1 X65.254 Y61.335
G1 X65.186 Y61.855
G1 X64.985 Y61.807
G1 X64.829 Y61.663
G1 X64.730 Y61.431
G1 X64.696 Y61.120
G1 X64.804 Y60.700
G0 Z5.000 F500.000
G0 X66.356 Y61.015 F3000.000
G1 Z1.000 F500.000
G4 P100
G1 X66.494 Y61.688 F1000.000
G1 X66.866 Y62.153
G1 X67.386 Y62.320
G1 X67.646 Y62.265
G1 X66.811 Y63.348
G1 X66.741 Y63.665
G1 X66.871 Y64.033
G1 X67.191 Y64.240
G1 X68.361 Y64.590
G1 X68.474 Y64.500
G1 X68.516 Y64.290
G1 X68.421 Y64.040
G1 X67.429 Y63.773
G1 X67.321 Y63.610
G1 X68.274 Y62.263
G1 X68.376 Y61.470
G1 X69.061 Y61.585
G1 X69.161 Y61.520
G1 X69.161 Y61.163
G1 X69.051 Y61.070
G1 X68.291 Y60.945
G1 X68.125 Y60.553
G1 X67.884 Y60.265
G1 X67.581 Y60.089
G1 X67.226 Y60.030
G1 X66.861 Y60.091
G1 X66.586 Y60.273
G1 X66.414 Y60.580
G1 X66.356 Y61.015
G0 Z5.000 F500.000
G0 X67.039 Y60.675 F3000.000
G1 Z1.000 F500.000
G4 P100
G1 X67.226 Y60.555 F1000.000
G1 X67.514 Y60.728
G1 X67.726 Y61.175
G1 X67.584 Y61.415
G1 X67.546 Y61.830
G1 X67.219 Y61.730
G1 X67.046 Y61.438
G1 X66.981 Y61.015
G1 X67.039 Y60.675
G0 Z5.000 F500.000
G0 X68.776 Y60.865 F3000.000
G1 Z1.000 F500.000
G4 P100
G1 X68.961 Y62.100 F1000.000
G1 X69.109 Y62.313
G1 X69.396 Y62.380
G1 X69.536 Y62.355
G1 X69.576 Y62.260
G1 X69.371 Y61.185
G1 X69.694 Y61.845
G1 X70.079 Y62.248
G1 X70.451 Y62.380
G1 X70.699 Y62.300
G1 X70.771 Y62.055
G1 X70.621 Y61.205
G1 X70.885 Y61.736
G1 X71.176 Y62.100
G1 X71.471 Y62.310
G1 X71.746 Y62.380
G1 X71.990 Y62.299
G1 X72.071 Y62.055
G1 X71.866 Y60.775
G1 X71.903 Y60.625
G1 X72.011 Y60.575
G1 X72.249 Y60.698
G1 X72.751 Y61.165
G1 X72.854 Y61.105
G1 X72.891 Y60.940
G1 X72.796 Y60.630
G1 X72.334 Y60.195
G1 X71.771 Y60.025
G1 X71.548 Y60.062
G1 X71.289 Y60.353
G1 X71.256 Y60.600
G1 X71.391 Y61.535
G1 X71.336 Y61.615
G1 X71.151 Y61.448
G1 X70.911 Y61.005
G1 X70.589 Y60.105
G1 X70.356 Y60.025
G1 X70.109 Y60.183
G1 X70.026 Y60.565
G1 X70.116 Y61.535
G1 X70.061 Y61.615
G1 X69.871 Y61.435
G1 X69.649 Y60.975
G1 X69.349 Y60.108
G1 X69.121 Y60.025
G1 X68.960 Y60.075
G1 X68.854 Y60.225
G1 X68.776 Y60.865
G0 Z5.000 F500.000
G0 X72.484 Y60.648 F3000.000
G1 Z1.000 F500.000
G4 P100
G1 X72.411 Y61.090 F1000.000
G1 X72.556 Y61.733
G1 X72.959 Y62.205
G1 X73.541 Y62.380
G1 X73.803 Y62.337
G1 X74.006 Y62.208
G1 X74.138 Y62.005
G1 X74.181 Y61.740
G1 X74.120 Y61.420
G1 X73.934 Y61.148
G1 X73.601 Y60.926
G1 X73.096 Y60.755
G1 X73.278 Y60.583
G1 X73.571 Y60.525
G1 X74.084 Y60.683
G1 X74.716 Y61.165
G1 X74.819 Y61.105
G1 X74.856 Y60.940
G1 X74.761 Y60.630
G1 X74.239 Y60.215
G1 X73.516 Y60.025
G1 X73.050 Y60.096
G1 X72.701 Y60.310
G1 X72.484 Y60.648
G0 Z5.000 F500.000
G0 X73.016 Y61.155 F3000.000
G1 Z1.000 F500.000
G4 P100
G1 X73.481 Y61.355 F1000.000
G1 X73.609 Y61.506
G1 X73.599 Y61.833
G1 X73.456 Y61.890
G1 X73.286 Y61.836
G1 X73.144 Y61.675
G1 X73.016 Y61.155
G0 Z5.000 F500.000
G0 X74.508 Y61.499 F3000.000
G1 Z1.000 F500.000
G4 P100
G1 X74.646 Y62.100 F1000.000
G1 X74.794 Y62.313
G1 X75.081 Y62.380
G1 X75.221 Y62.355
G1 X75.261 Y62.260
G1 X75.046 Y61.080
G1 X75.250 Y61.680
G1 X75.501 Y62.080
G1 X75.805 Y62.305
G1 X76.166 Y62.380
G1 X76.398 Y62.340
G1 X76.685 Y62.032
G1 X76.721 Y61.800
G1 X76.629 Y61.445
G1 X76.386 Y61.300
G1 X76.234 Y61.345
G1 X76.194 Y61.856
G1 X76.096 Y61.890
G1 X75.901 Y61.788
G1 X75.749 Y61.513
G1 X75.691 Y61.140
G1 X75.816 Y60.708
G1 X76.176 Y60.545
G1 X76.506 Y60.668
G1 X77.041 Y61.165
G1 X77.144 Y61.105
G1 X77.181 Y60.940
G1 X77.086 Y60.630
G1 X76.636 Y60.193
G1 X76.396 Y60.067
G1 X76.126 Y60.025
G1 X75.699 Y60.128
G1 X75.386 Y60.375
G1 X75.231 Y60.655
G1 X75.029 Y60.100
G1 X74.806 Y60.025
G1 X74.645 Y60.075
G1 X74.539 Y60.225
G1 X74.461 Y60.865
G1 X74.508 Y61.499
G0 Z5.000 F500.000
G0 X76.711 Y60.840 F3000.000
G1 Z1.000 F500.000
G4 P100
G1 X76.758 Y61.230 F1000.000
G1 X77.112 Y61.920
G1 X77.706 Y62.336
G1 X78.041 Y62.390
G1 X78.189 Y62.348
G1 X78.251 Y62.195
G1 X78.655 Y62.171
G1 X78.716 Y62.040
G1 X78.526 Y60.740
G1 X78.564 Y60.620
G1 X78.661 Y60.575
G1 X78.891 Y60.698
G1 X79.391 Y61.165
G1 X79.494 Y61.105
G1 X79.531 Y60.940
G1 X79.436 Y60.630
G1 X79.001 Y60.200
G1 X78.556 Y60.025
G1 X78.254 Y60.138
G1 X78.046 Y60.445
G1 X77.753 Y60.130
G1 X77.391 Y60.025
G1 X77.113 Y60.081
G1 X76.896 Y60.250
G1 X76.758 Y60.510
G1 X76.711 Y60.840
G0 Z5.000 F500.000
G0 X77.399 Y60.605 F3000.000
G1 Z1.000 F500.000
G4 P100
G1 X77.571 Y60.530 F1000.000
G1 X77.781 Y60.660
G1 X77.926 Y61.005
G1 X78.111 Y61.925
G1 X77.724 Y61.768
G1 X77.441 Y61.365
G1 X77.336 Y60.835
G1 X77.399 Y60.605
G0 Z5.000 F500.000
G0 X79.136 Y60.865 F3000.000
G1 Z1.000 F500.000
G4 P100
G1 X79.321 Y62.100 F1000.000
G1 X79.466 Y62.313
G1 X79.756 Y62.380
G1 X79.896 Y62.355
G1 X79.936 Y62.260
G1 X79.786 Y61.500
G1 X80.426 Y61.500
G1 X80.694 Y62.315
G1 X81.101 Y62.353
G1 X81.146 Y62.250
G1 X80.881 Y60.775
G1 X80.921 Y60.628
G1 X81.026 Y60.575
G1 X81.264 Y60.698
G1 X81.766 Y61.165
G1 X81.869 Y61.105
G1 X81.906 Y60.940
G1 X81.811 Y60.630
G1 X81.339 Y60.195
G1 X80.786 Y60.025
G1 X80.565 Y60.065
G1 X80.421 Y60.185
G1 X80.316 Y60.665
G1 X80.341 Y60.990
G1 X79.731 Y61.000
G1 X79.706 Y60.265
G1 X79.646 Y60.083
G1 X79.481 Y60.025
G1 X79.320 Y60.075
G1 X79.214 Y60.225
G1 X79.136 Y60.865
G0 Z5.000 F500.000
G0 X81.537 Y60.466 F3000.000
G1 Z1.000 F500.000
G4 P100
G1 X81.551 Y61.438 F1000.000
G1 X81.716 Y62.100
G1 X81.856 Y62.315
G1 X82.141 Y62.380
G1 X82.294 Y62.345
G1 X82.336 Y62.240
G1 X82.126 Y60.788
G1 X82.206 Y60.745
G1 X82.394 Y60.895
G1 X83.004 Y62.315
G1 X83.251 Y62.380
G1 X83.411 Y62.353
G1 X83.456 Y62.250
G1 X83.191 Y60.775
G1 X83.231 Y60.628
G1 X83.336 Y60.575
G1 X83.574 Y60.698
G1 X84.076 Y61.165
G1 X84.179 Y61.105
G1 X84.216 Y60.940
G1 X84.121 Y60.630
G1 X83.659 Y60.195
G1 X83.395 Y60.068
G1 X82.888 Y60.071
G1 X82.744 Y60.210
G1 X82.631 Y60.730
G1 X82.376 Y60.208
G1 X82.011 Y60.025
G1 X81.807 Y60.077
G1 X81.537 Y60.466
G0 Z5.000 F500.000
G0 X83.576 Y60.680 F3000.000
G1 Z1.000 F500.000
G4 P100
G1 X83.694 Y61.090 F1000.000
G1 X84.016 Y61.240
G1 X84.151 Y61.204
G1 X84.196 Y61.095
G1 X84.246 Y60.640
G1 X84.436 Y60.535
G1 X84.751 Y60.633
G1 X85.066 Y60.910
G1 X84.732 Y60.958
G1 X84.524 Y61.100
G1 X84.391 Y61.323
G1 X84.346 Y61.610
G1 X84.400 Y61.938
G1 X84.561 Y62.183
G1 X84.819 Y62.335
G1 X85.161 Y62.385
G1 X85.716 Y62.300
G1 X85.946 Y62.375
G1 X86.104 Y62.328
G1 X86.151 Y62.200
G1 X85.946 Y61.205
G1 X85.944 Y60.628
G1 X86.051 Y60.575
G1 X86.281 Y60.690
G1 X86.791 Y61.165
G1 X86.894 Y61.105
G1 X86.931 Y60.940
G1 X86.836 Y60.630
G1 X86.336 Y60.175
G1 X85.861 Y60.025
G1 X85.546 Y60.170
G1 X85.436 Y60.585
G1 X85.466 Y60.900
G1 X84.930 Y60.244
G1 X84.616 Y60.080
G1 X84.271 Y60.025
G1 X83.991 Y60.070
G1 X83.769 Y60.205
G1 X83.625 Y60.414
G1 X83.576 Y60.680
G0 Z5.000 F500.000
G0 X84.954 Y61.380 F3000.000
G1 Z1.000 F500.000
G4 P100
G1 X85.331 Y61.295 F1000.000
G1 X85.601 Y61.925
G1 X85.281 Y61.980
G1 X84.971 Y61.885
G1 X84.861 Y61.615
G1 X84.954 Y61.380
G0 Z5.000 F500.000
G0 X87.605 Y60.328 F3000.000
G1 Z1.000 F500.000
G4 P100
G1 X88.014 Y61.080 F1000.000
G1 X88.004 Y62.095
G1 X88.119 Y62.325
G1 X88.419 Y62.410
G1 X88.571 Y62.368
G1 X88.629 Y62.015
G1 X88.944 Y62.303
G1 X89.274 Y62.390
G1 X89.528 Y62.334
G1 X89.731 Y62.165
G1 X89.864 Y61.905
G1 X89.909 Y61.575
G1 X89.824 Y61.060
G1 X89.589 Y60.605
G1 X89.764 Y60.575
G1 X90.079 Y60.695
G1 X90.599 Y61.165
G1 X90.701 Y61.105
G1 X90.739 Y60.940
G1 X90.644 Y60.630
G1 X90.181 Y60.195
G1 X89.917 Y60.068
G1 X89.379 Y60.073
G1 X89.189 Y60.215
G1 X88.594 Y60.025
G1 X88.487 Y59.140
G1 X88.299 Y58.413
G1 X88.015 Y57.927
G1 X87.624 Y57.765
G1 X87.389 Y57.814
G1 X87.224 Y57.960
G1 X87.094 Y58.500
G1 X87.319 Y59.643
G1 X87.605 Y60.328
G0 Z5.000 F500.000
G0 X87.664 Y59.350 F3000.000
G1 Z1.000 F500.000
G4 P100
G1 X87.539 Y58.585 F1000.000
G1 X87.576 Y58.340
G1 X87.664 Y58.255
G1 X87.787 Y58.402
G1 X87.889 Y58.843
G1 X88.004 Y60.305
G1 X87.664 Y59.350
G0 Z5.000 F500.000
G0 X88.619 Y60.505 F3000.000
G1 Z1.000 F500.000
G4 P100
G1 X88.951 Y60.703 F1000.000
G1 X89.194 Y61.093
G1 X89.284 Y61.580
G1 X89.224 Y61.808
G1 X89.064 Y61.885
G1 X88.865 Y61.790
G1 X88.629 Y61.505
G1 X88.619 Y60.505
G0 Z5.000 F500.000
G0 X90.334 Y60.750 F3000.000
G1 Z1.000 F500.000
G4 P100
G1 X90.384 Y61.438 F1000.000
G1 X90.549 Y62.100
G1 X90.689 Y62.315
G1 X90.974 Y62.380
G1 X91.126 Y62.345
G1 X91.169 Y62.240
G1 X90.959 Y60.788
G1 X91.039 Y60.745
G1 X91.226 Y60.895
G1 X91.836 Y62.315
G1 X92.084 Y62.380
G1 X92.244 Y62.353
G1 X92.289 Y62.250
G1 X92.024 Y60.775
G1 X92.064 Y60.628
G1 X92.169 Y60.575
G1 X92.406 Y60.698
G1 X92.909 Y61.165
G1 X93.011 Y61.105
G1 X93.049 Y60.940
G1 X92.954 Y60.630
G1 X92.491 Y60.195
G1 X91.929 Y60.025
G1 X91.720 Y60.071
G1 X91.576 Y60.210
G1 X91.464 Y60.730
G1 X91.209 Y60.208
G1 X90.844 Y60.025
G1 X90.639 Y60.077
G1 X90.369 Y60.466
G1 X90.334 Y60.750
G0 Z5.000 F500.000
G0 X92.564 Y61.035 F3000.000
G1 Z1.000 F500.000
G4 P100
G1 X92.604 Y61.415 F1000.000
G1 X92.907 Y62.015
G1 X93.139 Y62.215
G1 X93.674 Y62.380
G1 X94.101 Y62.218
G1 X94.254 Y61.800
G1 X94.161 Y61.445
G1 X93.919 Y61.300
G1 X93.766 Y61.345
G1 X93.709 Y61.470
G1 X93.726 Y61.855
G1 X93.634 Y61.890
G1 X93.419 Y61.788
G1 X93.259 Y61.510
G1 X93.199 Y61.125
G1 X93.325 Y60.690
G1 X93.704 Y60.545
G1 X94.146 Y60.683
G1 X94.749 Y61.165
G1 X94.851 Y61.105
G1 X94.889 Y60.940
G1 X94.794 Y60.630
G1 X94.535 Y60.373
G1 X94.231 Y60.183
G1 X93.599 Y60.025
G1 X93.163 Y60.095
G1 X92.836 Y60.303
G1 X92.632 Y60.625
G1 X92.564 Y61.035
G0 Z5.000 F500.000
G0 X94.484 Y60.750 F3000.000
G1 Z1.000 F500.000
G4 P100
G1 X94.534 Y61.438 F1000.000
G1 X94.699 Y62.100
G1 X94.839 Y62.315
G1 X95.124 Y62.380
G1 X95.276 Y62.345
G1 X95.319 Y62.240
G1 X95.114 Y61.243
G1 X95.110 Y60.793
G1 X95.189 Y60.745
G1 X95.376 Y60.895
G1 X95.986 Y62.315
G1 X96.234 Y62.380
G1 X96.394 Y62.350
G1 X96.439 Y62.250
G1 X96.179 Y60.585
G1 X96.929 Y61.115
G1 X97.044 Y61.155
G1 X97.146 Y61.093
G1 X97.184 Y60.935
G1 X97.039 Y60.640
G1 X96.079 Y59.995
G1 X95.859 Y59.071
G1 X95.581 Y58.368
G1 X95.232 Y57.923
G1 X94.799 Y57.775
G1 X94.567 Y57.815
G1 X94.264 Y58.115
G1 X94.224 Y58.345
G1 X94.331 Y58.825
G1 X94.731 Y59.388
G1 X95.559 Y60.115
G1 X95.654 Y60.760
G1 X95.374 Y60.213
G1 X94.994 Y60.025
G1 X94.789 Y60.077
G1 X94.626 Y60.233
G1 X94.484 Y60.750
G0 Z5.000 F500.000
G0 X95.444 Y59.515 F3000.000
G1 Z1.000 F500.000
G4 P100
G1 X94.886 Y58.923 F1000.000
G1 X94.714 Y58.455
G1 X94.746 Y58.315
G1 X94.854 Y58.260
G1 X94.986 Y58.333
G1 X95.134 Y58.550
G1 X95.444 Y59.515
G0 Z5.000 F500.000
G0 X97.072 Y60.075 F3000.000
G1 Z1.000 F500.000
G4 P100
G1 X96.966 Y60.225 F1000.000
G1 X96.889 Y60.865
G1 X96.935 Y61.499
G1 X97.074 Y62.100
G1 X97.219 Y62.313
G1 X97.509 Y62.380
G1 X97.649 Y62.355
G1 X97.689 Y62.260
G1 X97.539 Y61.500
G1 X98.179 Y61.500
G1 X98.446 Y62.315
G1 X98.854 Y62.353
G1 X98.899 Y62.250
G1 X98.634 Y60.775
G1 X98.674 Y60.628
G1 X98.779 Y60.575
G1 X99.016 Y60.698
G1 X99.519 Y61.165
G1 X99.621 Y61.105
G1 X99.659 Y60.940
G1 X99.564 Y60.630
G1 X99.091 Y60.195
G1 X98.539 Y60.025
G1 X98.317 Y60.065
G1 X98.174 Y60.185
G1 X98.069 Y60.665
G1 X98.094 Y60.990
G1 X97.484 Y61.000
G1 X97.399 Y60.083
G1 X97.234 Y60.025
G1 X97.072 Y60.075
G0 Z5.000 F500.000
G0 X99.341 Y60.225 F3000.000
G1 Z1.000 F500.000
G4 P100
G1 X99.264 Y60.865 F1000.000
G1 X99.310 Y61.499
G1 X99.449 Y62.100
G1 X99.596 Y62.313
G1 X99.884 Y62.380
G1 X100.024 Y62.355
G1 X100.064 Y62.260
G1 X99.849 Y61.080
G1 X100.052 Y61.680
G1 X100.304 Y62.080
G1 X100.607 Y62.305
G1 X100.969 Y62.380
G1 X101.376 Y62.218
G1 X101.524 Y61.800
G1 X101.431 Y61.445
G1 X101.189 Y61.300
G1 X101.036 Y61.345
G1 X100.979 Y61.470
G1 X101.029 Y61.755
G1 X100.899 Y61.890
G1 X100.704 Y61.788
G1 X100.551 Y61.513
G1 X100.494 Y61.140
G1 X100.619 Y60.708
G1 X100.979 Y60.545
G1 X101.309 Y60.668
G1 X101.844 Y61.165
G1 X101.946 Y61.105
G1 X101.984 Y60.940
G1 X101.889 Y60.630
G1 X101.439 Y60.193
G1 X101.199 Y60.067
G1 X100.929 Y60.025
G1 X100.501 Y60.128
G1 X100.189 Y60.375
G1 X100.034 Y60.655
G1 X99.831 Y60.100
G1 X99.609 Y60.025
G1 X99.447 Y60.075
G1 X99.341 Y60.225
G0 Z5.000 F500.000
G0 X101.560 Y60.510 F3000.000
G1 Z1.000 F500.000
G4 P100
G1 X101.560 Y61.230 F1000.000
G1 X101.914 Y61.920
G1 X102.508 Y62.336
G1 X102.844 Y62.390
G1 X102.991 Y62.348
G1 X103.054 Y62.195
G1 X103.457 Y62.171
G1 X103.519 Y62.040
G1 X103.329 Y60.740
G1 X103.366 Y60.620
G1 X103.464 Y60.575
G1 X103.694 Y60.698
G1 X104.194 Y61.165
G1 X104.296 Y61.105
G1 X104.334 Y60.940
G1 X104.239 Y60.630
G1 X103.804 Y60.200
G1 X103.359 Y60.025
G1 X103.056 Y60.138
G1 X102.849 Y60.445
G1 X102.555 Y60.130
G1 X102.194 Y60.025
G1 X101.915 Y60.081
G1 X101.699 Y60.250
G1 X101.560 Y60.510
G0 Z5.000 F500.000
G0 X102.201 Y60.605 F3000.000
G1 Z1.000 F500.000
G4 P100
G1 X102.374 Y60.530 F1000.000
G1 X102.584 Y60.660
G1 X102.729 Y61.005
G1 X102.914 Y61.925
G1 X102.526 Y61.768
G1 X102.244 Y61.365
G1 X102.139 Y60.835
G1 X102.201 Y60.605
G0 Z5.000 F500.000
G0 X103.829 Y60.460 F3000.000
G1 Z1.000 F500.000
G4 P100
G1 X103.956 Y60.820 F1000.000
G1 X104.314 Y60.955
G1 X104.646 Y60.848
G1 X104.759 Y60.530
G1 X104.629 Y60.163
G1 X104.274 Y60.025
G1 X103.941 Y60.145
G1 X103.829 Y60.460
G0 Z5.000 F500.000
G0 X104.449 Y61.450 F3000.000
G1 Z1.000 F500.000
G4 P100
G1 X104.116 Y61.570 F1000.000
G1 X104.004 Y61.885
G1 X104.131 Y62.245
G1 X104.489 Y62.380
G1 X104.821 Y62.273
G1 X104.934 Y61.955
G1 X104.804 Y61.588
G1 X104.449 Y61.450
G0 Z5.000 F500.000
G0 X106.672 Y61.499 F3000.000
G1 Z1.000 F500.000
G4 P100
G1 X106.811 Y62.100 F1000.000
G1 X106.958 Y62.313
G1 X107.246 Y62.380
G1 X107.386 Y62.355
G1 X107.426 Y62.260
G1 X107.221 Y61.180
G1 X107.591 Y61.880
G1 X107.993 Y62.265
G1 X108.356 Y62.380
G1 X108.599 Y62.299
G1 X108.681 Y62.055
G1 X108.476 Y60.775
G1 X108.512 Y60.625
G1 X108.621 Y60.575
G1 X108.858 Y60.698
G1 X109.361 Y61.165
G1 X109.463 Y61.105
G1 X109.501 Y60.940
G1 X109.406 Y60.630
G1 X108.943 Y60.195
G1 X108.679 Y60.068
G1 X108.157 Y60.062
G1 X107.898 Y60.353
G1 X107.866 Y60.600
G1 X108.001 Y61.535
G1 X107.946 Y61.615
G1 X107.763 Y61.448
G1 X107.523 Y61.005
G1 X107.198 Y60.108
G1 X106.971 Y60.025
G1 X106.809 Y60.075
G1 X106.703 Y60.225
G1 X106.626 Y60.865
G1 X106.672 Y61.499
G0 Z5.000 F500.000
G0 X109.021 Y61.075 F3000.000
G1 Z1.000 F500.000
G4 P100
G1 X109.166 Y61.753 F1000.000
G1 X109.338 Y62.018
G1 X109.834 Y62.343
G1 X110.131 Y62.385
G1 X110.474 Y62.320
G1 X110.743 Y62.123
G1 X110.928 Y61.830
G1 X111.016 Y61.475
G1 X111.646 Y61.585
G1 X111.746 Y61.520
G1 X111.781 Y61.355
G1 X111.744 Y61.164
G1 X111.636 Y61.070
G1 X110.976 Y60.950
G1 X110.834 Y60.572
G1 X110.601 Y60.278
G1 X110.302 Y60.088
G1 X109.966 Y60.025
G1 X109.453 Y60.170
G1 X109.131 Y60.555
G1 X109.021 Y61.075
G0 Z5.000 F500.000
G0 X109.753 Y60.700 F3000.000
G1 Z1.000 F500.000
G4 P100
G1 X110.006 Y60.555 F1000.000
G1 X110.283 Y60.685
G1 X110.441 Y61.060
G1 X110.203 Y61.335
G1 X110.136 Y61.855
G1 X109.934 Y61.807
G1 X109.778 Y61.663
G1 X109.679 Y61.431
G1 X109.646 Y61.120
G1 X109.753 Y60.700
G0 Z5.000 F500.000
G0 X111.116 Y60.680 F3000.000
G1 Z1.000 F500.000
G4 P100
G1 X111.231 Y61.085 F1000.000
G1 X111.556 Y61.240
G1 X111.698 Y61.200
G1 X111.736 Y61.090
G1 X111.718 Y60.625
G1 X111.786 Y60.580
G1 X111.898 Y60.655
G1 X112.736 Y62.293
G1 X113.036 Y62.370
G1 X113.316 Y62.295
G1 X113.406 Y62.050
G1 X113.429 Y60.681
G1 X113.591 Y60.550
G1 X113.768 Y60.635
G1 X114.301 Y61.165
G1 X114.403 Y61.105
G1 X114.441 Y60.940
G1 X114.346 Y60.630
G1 X114.058 Y60.318
G1 X113.758 Y60.113
G1 X113.356 Y60.025
G1 X113.103 Y60.083
G1 X112.936 Y60.258
G1 X112.842 Y60.550
G1 X112.831 Y61.415
G1 X112.600 Y60.826
G1 X112.328 Y60.390
G1 X112.015 Y60.120
G1 X111.661 Y60.030
G1 X111.433 Y60.076
G1 X111.261 Y60.215
G1 X111.116 Y60.680
G0 Z5.000 F500.000
G0 X114.021 Y61.075 F3000.000
G1 Z1.000 F500.000
G4 P100
G1 X114.166 Y61.753 F1000.000
G1 X114.338 Y62.018
G1 X114.834 Y62.343
G1 X115.131 Y62.385
G1 X115.474 Y62.320
G1 X115.743 Y62.123
G1 X115.928 Y61.830
G1 X116.016 Y61.475
G1 X116.646 Y61.585
G1 X116.746 Y61.520
G1 X116.781 Y61.355
G1 X116.744 Y61.164
G1 X116.636 Y61.070
G1 X115.976 Y60.950
G1 X115.834 Y60.572
G1 X115.601 Y60.278
G1 X115.302 Y60.088
G1 X114.966 Y60.025
G1 X114.453 Y60.170
G1 X114.131 Y60.555
G1 X114.021 Y61.075
G0 Z5.000 F500.000
G0 X114.753 Y60.700 F3000.000
G1 Z1.000 F500.000
G4 P100
G1 X115.006 Y60.555 F1000.000
G1 X115.283 Y60.685
G1 X115.441 Y61.060
G1 X115.203 Y61.335
G1 X115.136 Y61.855
G1 X114.934 Y61.807
G1 X114.778 Y61.663
G1 X114.679 Y61.431
G1 X114.646 Y61.120
G1 X114.753 Y60.700
G0 Z5.000 F500.000
G0 X116.196 Y60.615 F3000.000
G1 Z1.000 F500.000
G4 P100
G1 X116.311 Y61.020 F1000.000
G1 X116.636 Y61.175
G1 X116.771 Y61.141
G1 X116.816 Y61.040
G1 X116.823 Y60.598
G1 X116.921 Y60.560
G1 X117.103 Y60.673
G1 X117.248 Y60.980
G1 X117.306 Y61.410
G1 X117.261 Y61.713
G1 X117.151 Y61.835
G1 X117.071 Y61.808
G1 X116.941 Y61.588
G1 X116.766 Y61.540
G1 X116.591 Y61.618
G1 X116.526 Y61.855
G1 X116.688 Y62.253
G1 X117.096 Y62.400
G1 X117.498 Y62.213
G1 X117.781 Y61.640
G1 X117.866 Y62.145
G1 X117.996 Y62.330
G1 X118.391 Y62.350
G1 X118.431 Y62.250
G1 X118.231 Y61.080
G1 X118.531 Y61.848
G1 X118.878 Y62.255
G1 X119.326 Y62.380
G1 X119.558 Y62.340
G1 X119.844 Y62.032
G1 X119.881 Y61.800
G1 X119.788 Y61.445
G1 X119.546 Y61.300
G1 X119.393 Y61.345
G1 X119.353 Y61.856
G1 X119.256 Y61.890
G1 X119.061 Y61.788
G1 X118.908 Y61.513
G1 X118.851 Y61.140
G1 X118.976 Y60.708
G1 X119.336 Y60.545
G1 X119.666 Y60.668
G1 X120.201 Y61.165
G1 X120.303 Y61.105
G1 X120.341 Y60.940
G1 X120.246 Y60.630
G1 X119.796 Y60.193
G1 X119.286 Y60.025
G1 X118.856 Y60.145
G1 X118.551 Y60.448
G1 X118.401 Y60.815
G1 X118.241 Y60.195
G1 X118.138 Y60.065
G1 X117.986 Y60.025
G1 X117.816 Y60.110
G1 X117.766 Y60.380
G1 X117.876 Y61.260
G1 X117.598 Y60.615
G1 X117.278 Y60.200
G1 X117.058 Y60.073
G1 X116.544 Y60.070
G1 X116.236 Y60.376
G1 X116.196 Y60.615
G0 Z5.000 F500.000
G0 X119.861 Y61.090 F3000.000
G1 Z1.000 F500.000
G4 P100
G1 X120.006 Y61.733 F1000.000
G1 X120.179 Y62.000
G1 X120.683 Y62.336
G1 X120.991 Y62.380
G1 X121.252 Y62.337
G1 X121.456 Y62.208
G1 X121.587 Y62.005
G1 X121.631 Y61.740
G1 X121.569 Y61.420
G1 X121.383 Y61.148
G1 X121.050 Y60.926
G1 X120.546 Y60.755
G1 X120.727 Y60.583
G1 X121.021 Y60.525
G1 X121.533 Y60.683
G1 X122.166 Y61.165
G1 X122.268 Y61.105
G1 X122.306 Y60.940
G1 X122.211 Y60.630
G1 X121.688 Y60.215
G1 X120.966 Y60.025
G1 X120.499 Y60.096
G1 X120.151 Y60.310
G1 X119.933 Y60.648
G1 X119.861 Y61.090
G0 Z5.000 F500.000
G0 X120.466 Y61.155 F3000.000
G1 Z1.000 F500.000
G4 P100
G1 X120.931 Y61.355 F1000.000
G1 X121.058 Y61.506
G1 X121.048 Y61.833
G1 X120.906 Y61.890
G1 X120.735 Y61.836
G1 X120.593 Y61.675
G1 X120.466 Y61.155
G0 Z5.000 F500.000
G0 X121.957 Y61.499 F3000.000
G1 Z1.000 F500.000
G4 P100
G1 X122.096 Y62.100 F1000.000
G1 X122.241 Y62.313
G1 X122.531 Y62.380
G1 X122.671 Y62.355
G1 X122.711 Y62.260
G1 X122.561 Y61.500
G1 X123.201 Y61.500
G1 X123.468 Y62.315
G1 X123.876 Y62.353
G1 X123.921 Y62.250
G1 X123.656 Y60.775
G1 X123.696 Y60.628
G1 X123.801 Y60.575
G1 X124.038 Y60.698
G1 X124.541 Y61.165
G1 X124.643 Y61.105
G1 X124.681 Y60.940
G1 X124.586 Y60.630
G1 X124.113 Y60.195
G1 X123.561 Y60.025
G1 X123.339 Y60.065
G1 X123.196 Y60.185
G1 X123.091 Y60.665
G1 X123.116 Y60.990
G1 X122.506 Y61.000
G1 X122.481 Y60.265
G1 X122.421 Y60.083
G1 X122.256 Y60.025
G1 X122.094 Y60.075
G1 X121.988 Y60.225
G1 X121.911 Y60.865
G1 X121.957 Y61.499
G0 Z5.000 F500.000
G0 X124.276 Y60.750 F3000.000
G1 Z1.000 F500.000
G4 P100
G1 X124.326 Y61.438 F1000.000
G1 X124.491 Y62.100
G1 X124.631 Y62.315
G1 X124.916 Y62.380
G1 X125.068 Y62.345
G1 X125.111 Y62.240
G1 X124.901 Y60.788
G1 X124.981 Y60.745
G1 X125.168 Y60.895
G1 X125.778 Y62.315
G1 X126.026 Y62.380
G1 X126.186 Y62.353
G1 X126.231 Y62.250
G1 X125.966 Y60.775
G1 X126.006 Y60.628
G1 X126.111 Y60.575
G1 X126.348 Y60.698
G1 X126.851 Y61.165
G1 X126.953 Y61.105
G1 X126.991 Y60.940
G1 X126.896 Y60.630
G1 X126.433 Y60.195
G1 X125.871 Y60.025
G1 X125.663 Y60.071
G1 X125.518 Y60.210
G1 X125.406 Y60.730
G1 X125.151 Y60.208
G1 X124.786 Y60.025
G1 X124.581 Y60.077
G1 X124.311 Y60.466
G1 X124.276 Y60.750
G0 Z5.000 F500.000
G0 X126.583 Y60.648 F3000.000
G1 Z1.000 F500.000
G4 P100
G1 X126.511 Y61.090 F1000.000
G1 X126.656 Y61.733
G1 X127.058 Y62.205
G1 X127.641 Y62.380
G1 X127.902 Y62.337
G1 X128.106 Y62.208
G1 X128.237 Y62.005
G1 X128.281 Y61.740
G1 X128.219 Y61.420
G1 X128.033 Y61.148
G1 X127.700 Y60.926
G1 X127.196 Y60.755
G1 X127.377 Y60.583
G1 X127.671 Y60.525
G1 X128.183 Y60.683
G1 X128.816 Y61.165
G1 X128.918 Y61.105
G1 X128.956 Y60.940
G1 X128.861 Y60.630
G1 X128.338 Y60.215
G1 X127.616 Y60.025
G1 X127.149 Y60.096
G1 X126.801 Y60.310
G1 X126.583 Y60.648
G0 Z5.000 F500.000
G0 X127.116 Y61.155 F3000.000
G1 Z1.000 F500.000
G4 P100
G1 X127.581 Y61.355 F1000.000
G1 X127.708 Y61.506
G1 X127.698 Y61.833
G1 X127.556 Y61.890
G1 X127.385 Y61.836
G1 X127.243 Y61.675
G1 X127.116 Y61.155
G0 Z5.000 F500.000
G0 X129.913 Y61.415 F3000.000
G1 Z1.000 F500.000
G4 P100
G1 X130.033 Y61.745 F1000.000
G1 X130.448 Y62.215
G1 X130.709 Y62.339
G1 X131.227 Y62.340
G1 X131.525 Y62.032
G1 X131.563 Y61.800
G1 X131.470 Y61.445
G1 X131.228 Y61.300
G1 X131.075 Y61.345
G1 X131.035 Y61.855
G1 X130.943 Y61.890
G1 X130.728 Y61.788
G1 X130.568 Y61.510
G1 X130.508 Y61.125
G1 X130.634 Y60.690
G1 X131.013 Y60.545
G1 X131.455 Y60.683
G1 X132.058 Y61.165
G1 X132.160 Y61.105
G1 X132.198 Y60.940
G1 X132.103 Y60.630
G1 X131.540 Y60.183
G1 X130.908 Y60.025
G1 X130.472 Y60.095
G1 X130.145 Y60.303
G1 X129.941 Y60.625
G1 X129.873 Y61.035
G1 X129.913 Y61.415
G0 Z5.000 F500.000
G0 X131.803 Y60.865 F3000.000
G1 Z1.000 F500.000
G4 P100
G1 X131.988 Y62.100 F1000.000
G1 X132.135 Y62.313
G1 X132.423 Y62.380
G1 X132.563 Y62.355
G1 X132.603 Y62.260
G1 X132.398 Y61.185
G1 X132.720 Y61.845
G1 X133.105 Y62.248
G1 X133.478 Y62.380
G1 X133.725 Y62.300
G1 X133.798 Y62.055
G1 X133.648 Y61.205
G1 X133.912 Y61.736
G1 X134.203 Y62.100
G1 X134.498 Y62.310
G1 X134.773 Y62.380
G1 X135.017 Y62.299
G1 X135.098 Y62.055
G1 X134.893 Y60.775
G1 X134.929 Y60.625
G1 X135.038 Y60.575
G1 X135.275 Y60.698
G1 X135.778 Y61.165
G1 X135.880 Y61.105
G1 X135.918 Y60.940
G1 X135.823 Y60.630
G1 X135.360 Y60.195
G1 X134.798 Y60.025
G1 X134.574 Y60.062
G1 X134.315 Y60.353
G1 X134.283 Y60.600
G1 X134.418 Y61.535
G1 X134.363 Y61.615
G1 X134.178 Y61.448
G1 X133.938 Y61.005
G1 X133.615 Y60.105
G1 X133.383 Y60.025
G1 X133.135 Y60.183
G1 X133.053 Y60.565
G1 X133.143 Y61.535
G1 X133.088 Y61.615
G1 X132.898 Y61.435
G1 X132.675 Y60.975
G1 X132.375 Y60.108
G1 X132.148 Y60.025
G1 X131.986 Y60.075
G1 X131.880 Y60.225
G1 X131.803 Y60.865
G0 Z5.000 F500.000
G0 X134.903 Y59.643 F3000.000
G1 Z1.000 F500.000
G4 P100
G1 X135.598 Y61.080 F1000.000
G1 X135.588 Y62.095
G1 X135.703 Y62.325
G1 X136.003 Y62.410
G1 X136.155 Y62.368
G1 X136.213 Y62.015
G1 X136.528 Y62.303
G1 X136.858 Y62.390
G1 X137.112 Y62.334
G1 X137.315 Y62.165
G1 X137.448 Y61.905
G1 X137.493 Y61.575
G1 X137.408 Y61.060
G1 X137.173 Y60.605
G1 X137.348 Y60.575
G1 X137.663 Y60.695
G1 X138.048 Y61.095
G1 X138.183 Y61.165
G1 X138.285 Y61.105
G1 X138.323 Y60.940
G1 X138.228 Y60.630
G1 X137.765 Y60.195
G1 X137.203 Y60.025
G1 X136.963 Y60.073
G1 X136.773 Y60.215
G1 X136.178 Y60.025
G1 X136.072 Y59.140
G1 X135.883 Y58.413
G1 X135.599 Y57.927
G1 X135.417 Y57.806
G1 X134.973 Y57.814
G1 X134.808 Y57.960
G1 X134.710 Y58.193
G1 X134.734 Y59.031
G1 X134.903 Y59.643
G0 Z5.000 F500.000
G0 X135.123 Y58.585 F3000.000
G1 Z1.000 F500.000
G4 P100
G1 X135.160 Y58.340 F1000.000
G1 X135.248 Y58.255
G1 X135.372 Y58.402
G1 X135.473 Y58.843
G1 X135.588 Y60.305
G1 X135.248 Y59.350
G1 X135.123 Y58.585
G0 Z5.000 F500.000
G0 X136.203 Y60.505 F3000.000
G1 Z1.000 F500.000
G4 P100
G1 X136.535 Y60.703 F1000.000
G1 X136.778 Y61.093
G1 X136.868 Y61.580
G1 X136.808 Y61.808
G1 X136.648 Y61.885
G1 X136.449 Y61.790
G1 X136.213 Y61.505
G1 X136.203 Y60.505
G0 Z5.000 F500.000
G0 X137.843 Y61.075 F3000.000
G1 Z1.000 F500.000
G4 P100
G1 X137.988 Y61.753 F1000.000
G1 X138.160 Y62.018
G1 X138.657 Y62.343
G1 X138.953 Y62.385
G1 X139.296 Y62.320
G1 X139.565 Y62.123
G1 X139.750 Y61.830
G1 X139.838 Y61.475
G1 X140.468 Y61.585
G1 X140.568 Y61.520
G1 X140.603 Y61.355
G1 X140.567 Y61.164
G1 X140.458 Y61.070
G1 X139.798 Y60.950
G1 X139.657 Y60.572
G1 X139.423 Y60.278
G1 X139.124 Y60.088
G1 X138.788 Y60.025
G1 X138.275 Y60.170
G1 X137.953 Y60.555
G1 X137.843 Y61.075
G0 Z5.000 F500.000
G0 X138.575 Y60.700 F3000.000
G1 Z1.000 F500.000
G4 P100
G1 X138.828 Y60.555 F1000.000
G1 X139.105 Y60.685
G1 X139.263 Y61.060
G1 X139.025 Y61.335
G1 X138.958 Y61.855
G1 X138.756 Y61.807
G1 X138.600 Y61.663
G1 X138.501 Y61.431
G1 X138.468 Y61.120
G1 X138.575 Y60.700
G0 Z5.000 F500.000
G0 X140.183 Y60.865 F3000.000
G1 Z1.000 F500.000
G4 P100
G1 X140.368 Y62.100 F1000.000
G1 X140.515 Y62.313
G1 X140.803 Y62.380
G1 X140.943 Y62.355
G1 X140.983 Y62.260
G1 X140.768 Y61.080
G1 X140.972 Y61.680
G1 X141.223 Y62.080
G1 X141.527 Y62.305
G1 X141.888 Y62.380
G1 X142.295 Y62.218
G1 X142.443 Y61.800
G1 X142.350 Y61.445
G1 X142.108 Y61.300
G1 X141.955 Y61.345
G1 X141.898 Y61.470
G1 X141.915 Y61.856
G1 X141.818 Y61.890
G1 X141.623 Y61.788
G1 X141.470 Y61.513
G1 X141.413 Y61.140
G1 X141.538 Y60.708
G1 X141.898 Y60.545
G1 X142.228 Y60.668
G1 X142.763 Y61.165
G1 X142.865 Y61.105
G1 X142.903 Y60.940
G1 X142.808 Y60.630
G1 X142.358 Y60.193
G1 X141.848 Y60.025
G1 X141.420 Y60.128
G1 X141.108 Y60.375
G1 X140.953 Y60.655
G1 X140.750 Y60.100
G1 X140.528 Y60.025
G1 X140.366 Y60.075
G1 X140.260 Y60.225
G1 X140.183 Y60.865
G0 Z5.000 F500.000
G0 X143.910 Y60.865 F3000.000
G1 Z1.000 F500.000
G4 P100
G1 X144.095 Y62.100 F1000.000
G1 X144.240 Y62.313
G1 X144.530 Y62.380
G1 X144.670 Y62.355
G1 X144.710 Y62.260
G1 X144.560 Y61.500
G1 X145.200 Y61.500
G1 X145.467 Y62.315
G1 X145.875 Y62.353
G1 X145.920 Y62.250
G1 X145.655 Y60.775
G1 X145.695 Y60.628
G1 X145.800 Y60.575
G1 X146.037 Y60.698
G1 X146.540 Y61.165
G1 X146.642 Y61.105
G1 X146.680 Y60.940
G1 X146.585 Y60.630
G1 X146.113 Y60.195
G1 X145.560 Y60.025
G1 X145.339 Y60.065
G1 X145.195 Y60.185
G1 X145.090 Y60.665
G1 X145.115 Y60.990
G1 X144.505 Y61.000
G1 X144.480 Y60.265
G1 X144.420 Y60.083
G1 X144.255 Y60.025
G1 X144.093 Y60.075
G1 X143.988 Y60.225
G1 X143.910 Y60.865
G0 Z5.000 F500.000
G0 X146.272 Y60.648 F3000.000
G1 Z1.000 F500.000
G4 P100
G1 X146.200 Y61.090 F1000.000
G1 X146.345 Y61.733
G1 X146.748 Y62.205
G1 X147.330 Y62.380
G1 X147.591 Y62.337
G1 X147.795 Y62.208
G1 X147.926 Y62.005
G1 X147.970 Y61.740
G1 X147.908 Y61.420
G1 X147.722 Y61.148
G1 X147.389 Y60.926
G1 X146.885 Y60.755
G1 X147.066 Y60.583
G1 X147.360 Y60.525
G1 X147.873 Y60.683
G1 X148.505 Y61.165
G1 X148.608 Y61.105
G1 X148.645 Y60.940
G1 X148.550 Y60.630
G1 X148.028 Y60.215
G1 X147.305 Y60.025
G1 X146.839 Y60.096
G1 X146.490 Y60.310
G1 X146.272 Y60.648
G0 Z5.000 F500.000
G0 X146.805 Y61.155 F3000.000
G1 Z1.000 F500.000
G4 P100
G1 X147.270 Y61.355 F1000.000
G1 X147.397 Y61.506
G1 X147.387 Y61.833
G1 X147.245 Y61.890
G1 X147.074 Y61.836
G1 X146.933 Y61.675
G1 X146.805 Y61.155
G0 Z5.000 F500.000
G0 X22.940 Y50.838 F3000.000
G1 Z1.000 F500.000
G4 P100
G1 X22.795 Y50.543 F1000.000
G1 X21.845 Y49.898
G1 X21.626 Y48.974
G1 X21.348 Y48.271
G1 X20.998 Y47.826
G1 X20.565 Y47.678
G1 X20.150 Y47.836
G1 X19.990 Y48.248
G1 X20.060 Y48.616
G1 X20.270 Y49.011
G1 X20.672 Y49.465
G1 X21.320 Y50.013
G1 X21.350 Y50.208
G1 X21.128 Y50.001
G1 X20.855 Y49.928
G1 X20.576 Y49.984
G1 X20.360 Y50.153
G1 X20.221 Y50.413
G1 X20.221 Y51.133
G1 X20.576 Y51.823
G1 X21.169 Y52.239
G1 X21.505 Y52.293
G1 X21.652 Y52.251
G1 X21.715 Y52.098
G1 X22.113 Y52.081
G1 X22.160 Y51.838
G1 X21.945 Y50.488
G1 X22.685 Y51.018
G1 X22.800 Y51.058
G1 X22.902 Y50.996
G1 X22.940 Y50.838
G0 Z5.000 F500.000
G0 X21.405 Y50.973 F3000.000
G1 Z1.000 F500.000
G4 P100
G1 X21.565 Y51.828 F1000.000
G1 X21.185 Y51.671
G1 X20.905 Y51.268
G1 X20.800 Y50.738
G1 X20.863 Y50.508
G1 X21.035 Y50.433
G1 X21.255 Y50.573
G1 X21.405 Y50.973
G0 Z5.000 F500.000
G0 X21.205 Y49.418 F3000.000
G1 Z1.000 F500.000
G4 P100
G1 X20.650 Y48.823 F1000.000
G1 X20.480 Y48.358
G1 X20.512 Y48.218
G1 X20.620 Y48.163
G1 X20.753 Y48.238
G1 X20.902 Y48.463
G1 X21.205 Y49.418
G0 Z5.000 F500.000
G0 X22.992 Y50.073 F3000.000
G1 Z1.000 F500.000
G4 P100
G1 X22.670 Y50.458 F1000.000
G1 X22.560 Y50.978
G1 X22.705 Y51.656
G1 X23.105 Y52.121
G1 X23.670 Y52.288
G1 X24.013 Y52.223
G1 X24.282 Y52.026
G1 X24.467 Y51.733
G1 X24.555 Y51.378
G1 X25.185 Y51.488
G1 X25.285 Y51.423
G1 X25.284 Y51.067
G1 X25.175 Y50.973
G1 X24.515 Y50.853
G1 X24.374 Y50.475
G1 X24.140 Y50.181
G1 X23.841 Y49.991
G1 X23.505 Y49.928
G1 X22.992 Y50.073
G0 Z5.000 F500.000
G0 X23.545 Y50.458 F3000.000
G1 Z1.000 F500.000
G4 P100
G1 X23.822 Y50.588 F1000.000
G1 X23.980 Y50.963
G1 X23.742 Y51.238
G1 X23.675 Y51.758
G1 X23.473 Y51.710
G1 X23.317 Y51.566
G1 X23.185 Y51.023
G1 X23.293 Y50.603
G1 X23.545 Y50.458
G0 Z5.000 F500.000
G0 X24.655 Y50.583 F3000.000
G1 Z1.000 F500.000
G4 P100
G1 X24.770 Y50.988 F1000.000
G1 X25.095 Y51.143
G1 X25.237 Y51.103
G1 X25.275 Y50.993
G1 X25.258 Y50.528
G1 X25.325 Y50.483
G1 X25.438 Y50.558
G1 X26.275 Y52.196
G1 X26.575 Y52.273
G1 X26.855 Y52.198
G1 X26.945 Y51.953
G1 X26.969 Y50.584
G1 X27.130 Y50.453
G1 X27.307 Y50.538
G1 X27.840 Y51.068
G1 X27.942 Y51.008
G1 X27.980 Y50.843
G1 X27.885 Y50.533
G1 X27.597 Y50.221
G1 X27.297 Y50.016
G1 X26.895 Y49.928
G1 X26.642 Y49.986
G1 X26.475 Y50.161
G1 X26.381 Y50.453
G1 X26.370 Y51.318
G1 X26.139 Y50.729
G1 X25.867 Y50.293
G1 X25.554 Y50.023
G1 X25.200 Y49.933
G1 X24.972 Y49.979
G1 X24.800 Y50.118
G1 X24.655 Y50.583
G0 Z5.000 F500.000
G0 X27.480 Y50.518 F3000.000
G1 Z1.000 F500.000
G4 P100
G1 X27.595 Y50.923 F1000.000
G1 X27.920 Y51.078
G1 X28.055 Y51.044
G1 X28.100 Y50.943
G1 X28.108 Y50.501
G1 X28.205 Y50.463
G1 X28.388 Y50.576
G1 X28.532 Y50.883
G1 X28.590 Y51.313
G1 X28.545 Y51.616
G1 X28.435 Y51.738
G1 X28.355 Y51.711
G1 X28.225 Y51.491
G1 X28.050 Y51.443
G1 X27.875 Y51.521
G1 X27.810 Y51.758
G1 X27.972 Y52.156
G1 X28.380 Y52.303
G1 X28.782 Y52.116
G1 X29.065 Y51.543
G1 X29.150 Y52.048
G1 X29.280 Y52.233
G1 X29.675 Y52.253
G1 X29.715 Y52.153
G1 X29.515 Y50.983
G1 X29.815 Y51.751
G1 X30.163 Y52.158
G1 X30.610 Y52.283
G1 X30.842 Y52.243
G1 X31.128 Y51.935
G1 X31.165 Y51.703
G1 X31.072 Y51.348
G1 X30.830 Y51.203
G1 X30.678 Y51.248
G1 X30.637 Y51.759
G1 X30.540 Y51.793
G1 X30.345 Y51.691
G1 X30.192 Y51.416
G1 X30.135 Y51.043
G1 X30.260 Y50.611
G1 X30.620 Y50.448
G1 X30.950 Y50.571
G1 X31.485 Y51.068
G1 X31.587 Y51.008
G1 X31.625 Y50.843
G1 X31.530 Y50.533
G1 X31.080 Y50.096
G1 X30.570 Y49.928
G1 X30.140 Y50.048
G1 X29.835 Y50.351
G1 X29.685 Y50.718
G1 X29.525 Y50.098
G1 X29.422 Y49.968
G1 X29.270 Y49.928
G1 X29.100 Y50.013
G1 X29.050 Y50.283
G1 X29.160 Y51.163
G1 X28.883 Y50.518
G1 X28.562 Y50.103
G1 X28.342 Y49.976
G1 X27.829 Y49.973
G1 X27.520 Y50.279
G1 X27.480 Y50.518
G0 Z5.000 F500.000
G0 X31.230 Y50.768 F3000.000
G1 Z1.000 F500.000
G4 P100
G1 X31.415 Y52.003 F1000.000
G1 X31.560 Y52.216
G1 X31.850 Y52.283
G1 X31.990 Y52.258
G1 X32.030 Y52.163
G1 X31.880 Y51.403
G1 X32.520 Y51.403
G1 X32.788 Y52.218
G1 X33.195 Y52.256
G1 X33.240 Y52.153
G1 X32.975 Y50.678
G1 X33.015 Y50.531
G1 X33.120 Y50.478
G1 X33.358 Y50.601
G1 X33.860 Y51.068
G1 X33.962 Y51.008
G1 X34.000 Y50.843
G1 X33.905 Y50.533
G1 X33.433 Y50.098
G1 X32.880 Y49.928
G1 X32.659 Y49.968
G1 X32.515 Y50.088
G1 X32.410 Y50.568
G1 X32.435 Y50.893
G1 X31.825 Y50.903
G1 X31.800 Y50.168
G1 X31.740 Y49.986
G1 X31.575 Y49.928
G1 X31.413 Y49.978
G1 X31.308 Y50.128
G1 X31.230 Y50.768
G0 Z5.000 F500.000
G0 X33.630 Y50.458 F3000.000
G1 Z1.000 F500.000
G4 P100
G1 X33.520 Y50.978 F1000.000
G1 X33.665 Y51.656
G1 X33.837 Y51.921
G1 X34.334 Y52.246
G1 X34.630 Y52.288
G1 X34.973 Y52.223
G1 X35.242 Y52.026
G1 X35.427 Y51.733
G1 X35.515 Y51.378
G1 X36.145 Y51.488
G1 X36.245 Y51.423
G1 X36.244 Y51.067
G1 X36.135 Y50.973
G1 X35.475 Y50.853
G1 X35.334 Y50.475
G1 X35.100 Y50.181
G1 X34.801 Y49.991
G1 X34.187 Y49.964
G1 X33.953 Y50.073
G1 X33.630 Y50.458
G0 Z5.000 F500.000
G0 X34.252 Y50.603 F3000.000
G1 Z1.000 F500.000
G4 P100
G1 X34.505 Y50.458 F1000.000
G1 X34.782 Y50.588
G1 X34.940 Y50.963
G1 X34.703 Y51.238
G1 X34.635 Y51.758
G1 X34.433 Y51.710
G1 X34.278 Y51.566
G1 X34.178 Y51.334
G1 X34.145 Y51.023
G1 X34.252 Y50.603
G0 Z5.000 F500.000
G0 X41.185 Y50.768 F3000.000
G1 Z1.000 F500.000
G4 P100
G1 X41.370 Y52.003 F1000.000
G1 X41.517 Y52.216
G1 X41.805 Y52.283
G1 X41.945 Y52.258
G1 X41.985 Y52.163
G1 X41.780 Y51.083
G1 X42.150 Y51.783
G1 X42.552 Y52.168
G1 X42.915 Y52.283
G1 X43.159 Y52.202
G1 X43.240 Y51.958
G1 X43.035 Y50.678
G1 X43.071 Y50.528
G1 X43.180 Y50.478
G1 X43.418 Y50.601
G1 X43.920 Y51.068
G1 X44.023 Y51.008
G1 X44.060 Y50.843
G1 X43.965 Y50.533
G1 X43.502 Y50.098
G1 X42.940 Y49.928
G1 X42.716 Y49.965
G1 X42.457 Y50.256
G1 X42.425 Y50.503
G1 X42.560 Y51.438
G1 X42.505 Y51.518
G1 X42.322 Y51.351
G1 X42.082 Y50.908
G1 X41.758 Y50.011
G1 X41.530 Y49.928
G1 X41.368 Y49.978
G1 X41.263 Y50.128
G1 X41.185 Y50.768
G0 Z5.000 F500.000
G0 X43.652 Y50.551 F3000.000
G1 Z1.000 F500.000
G4 P100
G1 X43.580 Y50.993 F1000.000
G1 X43.725 Y51.636
G1 X44.127 Y52.108
G1 X44.710 Y52.283
G1 X44.971 Y52.240
G1 X45.175 Y52.111
G1 X45.306 Y51.908
G1 X45.350 Y51.643
G1 X45.288 Y51.323
G1 X45.102 Y51.051
G1 X44.769 Y50.829
G1 X44.265 Y50.658
G1 X44.446 Y50.486
G1 X44.740 Y50.428
G1 X45.252 Y50.586
G1 X45.885 Y51.068
G1 X45.987 Y51.008
G1 X46.025 Y50.843
G1 X45.930 Y50.533
G1 X45.407 Y50.118
G1 X44.685 Y49.928
G1 X44.219 Y49.999
G1 X43.870 Y50.213
G1 X43.652 Y50.551
G0 Z5.000 F500.000
G0 X44.185 Y51.058 F3000.000
G1 Z1.000 F500.000
G4 P100
G1 X44.650 Y51.258 F1000.000
G1 X44.778 Y51.409
G1 X44.767 Y51.736
G1 X44.625 Y51.793
G1 X44.454 Y51.739
G1 X44.312 Y51.578
G1 X44.185 Y51.058
G0 Z5.000 F500.000
G0 X45.695 Y51.998 F3000.000
G1 Z1.000 F500.000
G4 P100
G1 X45.810 Y52.228 F1000.000
G1 X46.110 Y52.313
G1 X46.262 Y52.271
G1 X46.320 Y51.918
G1 X46.635 Y52.206
G1 X46.965 Y52.293
G1 X47.219 Y52.237
G1 X47.422 Y52.068
G1 X47.556 Y51.808
G1 X47.600 Y51.478
G1 X47.515 Y50.963
G1 X47.280 Y50.508
G1 X47.455 Y50.478
G1 X47.770 Y50.598
G1 X48.290 Y51.068
G1 X48.392 Y51.008
G1 X48.430 Y50.843
G1 X48.335 Y50.533
G1 X47.872 Y50.098
G1 X47.608 Y49.971
G1 X47.070 Y49.976
G1 X46.880 Y50.118
G1 X46.285 Y49.928
G1 X46.179 Y49.043
G1 X45.990 Y48.316
G1 X45.706 Y47.830
G1 X45.315 Y47.668
G1 X45.080 Y47.717
G1 X44.915 Y47.863
G1 X44.785 Y48.403
G1 X45.010 Y49.546
G1 X45.705 Y50.983
G1 X45.695 Y51.998
G0 Z5.000 F500.000
G0 X46.315 Y50.763 F3000.000
G1 Z1.000 F500.000
G4 P100
G1 X46.310 Y50.408 F1000.000
G1 X46.642 Y50.606
G1 X46.885 Y50.996
G1 X46.975 Y51.483
G1 X46.915 Y51.711
G1 X46.755 Y51.788
G1 X46.556 Y51.693
G1 X46.320 Y51.408
G1 X46.315 Y50.763
G0 Z5.000 F500.000
G0 X45.695 Y50.208 F3000.000
G1 Z1.000 F500.000
G4 P100
G1 X45.355 Y49.253 F1000.000
G1 X45.230 Y48.488
G1 X45.267 Y48.243
G1 X45.355 Y48.158
G1 X45.479 Y48.305
G1 X45.580 Y48.746
G1 X45.695 Y50.208
G0 Z5.000 F500.000
G0 X48.022 Y50.551 F3000.000
G1 Z1.000 F500.000
G4 P100
G1 X47.950 Y50.993 F1000.000
G1 X48.095 Y51.636
G1 X48.497 Y52.108
G1 X49.080 Y52.283
G1 X49.341 Y52.240
G1 X49.545 Y52.111
G1 X49.676 Y51.908
G1 X49.720 Y51.643
G1 X49.658 Y51.323
G1 X49.472 Y51.051
G1 X49.139 Y50.829
G1 X48.635 Y50.658
G1 X48.816 Y50.486
G1 X49.110 Y50.428
G1 X49.622 Y50.586
G1 X50.255 Y51.068
G1 X50.357 Y51.008
G1 X50.395 Y50.843
G1 X50.300 Y50.533
G1 X49.777 Y50.118
G1 X49.055 Y49.928
G1 X48.589 Y49.999
G1 X48.240 Y50.213
G1 X48.022 Y50.551
G0 Z5.000 F500.000
G0 X48.555 Y51.058 F3000.000
G1 Z1.000 F500.000
G4 P100
G1 X49.020 Y51.258 F1000.000
G1 X49.147 Y51.409
G1 X49.137 Y51.736
G1 X48.995 Y51.793
G1 X48.824 Y51.739
G1 X48.682 Y51.578
G1 X48.555 Y51.058
G0 Z5.000 F500.000
G0 X49.950 Y51.318 F3000.000
G1 Z1.000 F500.000
G4 P100
G1 X50.070 Y51.648 F1000.000
G1 X50.485 Y52.118
G1 X50.746 Y52.242
G1 X51.264 Y52.243
G1 X51.562 Y51.935
G1 X51.600 Y51.703
G1 X51.508 Y51.348
G1 X51.265 Y51.203
G1 X51.112 Y51.248
G1 X51.072 Y51.758
G1 X50.980 Y51.793
G1 X50.765 Y51.691
G1 X50.605 Y51.413
G1 X50.545 Y51.028
G1 X50.671 Y50.593
G1 X51.050 Y50.448
G1 X51.492 Y50.586
G1 X52.095 Y51.068
G1 X52.197 Y51.008
G1 X52.235 Y50.843
G1 X52.140 Y50.533
G1 X51.578 Y50.086
G1 X50.945 Y49.928
G1 X50.509 Y49.998
G1 X50.182 Y50.206
G1 X49.978 Y50.528
G1 X49.910 Y50.938
G1 X49.950 Y51.318
G0 Z5.000 F500.000
G0 X51.755 Y50.993 F3000.000
G1 Z1.000 F500.000
G4 P100
G1 X51.900 Y51.636 F1000.000
G1 X52.073 Y51.903
G1 X52.577 Y52.239
G1 X52.885 Y52.283
G1 X53.146 Y52.240
G1 X53.350 Y52.111
G1 X53.481 Y51.908
G1 X53.525 Y51.643
G1 X53.463 Y51.323
G1 X53.278 Y51.051
G1 X52.944 Y50.829
G1 X52.440 Y50.658
G1 X52.621 Y50.486
G1 X52.915 Y50.428
G1 X53.428 Y50.586
G1 X54.060 Y51.068
G1 X54.163 Y51.008
G1 X54.200 Y50.843
G1 X54.105 Y50.533
G1 X53.583 Y50.118
G1 X52.860 Y49.928
G1 X52.394 Y49.999
G1 X52.045 Y50.213
G1 X51.828 Y50.551
G1 X51.755 Y50.993
G0 Z5.000 F500.000
G0 X52.360 Y51.058 F3000.000
G1 Z1.000 F500.000
G4 P100
G1 X52.825 Y51.258 F1000.000
G1 X52.953 Y51.409
G1 X52.943 Y51.736
G1 X52.800 Y51.793
G1 X52.629 Y51.739
G1 X52.488 Y51.578
G1 X52.360 Y51.058
G0 Z5.000 F500.000
G0 X53.851 Y51.402 F3000.000
G1 Z1.000 F500.000
G4 P100
G1 X53.990 Y52.003 F1000.000
G1 X54.138 Y52.216
G1 X54.425 Y52.283
G1 X54.565 Y52.258
G1 X54.605 Y52.163
G1 X54.390 Y50.983
G1 X54.594 Y51.583
G1 X54.845 Y51.983
G1 X55.149 Y52.208
G1 X55.510 Y52.283
G1 X55.742 Y52.243
G1 X56.028 Y51.935
G1 X56.065 Y51.703
G1 X55.973 Y51.348
G1 X55.730 Y51.203
G1 X55.578 Y51.248
G1 X55.538 Y51.759
G1 X55.440 Y51.793
G1 X55.245 Y51.691
G1 X55.093 Y51.416
G1 X55.035 Y51.043
G1 X55.160 Y50.611
G1 X55.520 Y50.448
G1 X55.850 Y50.571
G1 X56.385 Y51.068
G1 X56.488 Y51.008
G1 X56.525 Y50.843
G1 X56.430 Y50.533
G1 X55.980 Y50.096
G1 X55.740 Y49.970
G1 X55.470 Y49.928
G1 X55.043 Y50.031
G1 X54.730 Y50.278
G1 X54.575 Y50.558
G1 X54.373 Y50.003
G1 X54.150 Y49.928
G1 X53.988 Y49.978
G1 X53.883 Y50.128
G1 X53.805 Y50.768
G1 X53.851 Y51.402
G0 Z5.000 F500.000
G0 X56.055 Y50.743 F3000.000
G1 Z1.000 F500.000
G4 P100
G1 X56.101 Y51.133 F1000.000
G1 X56.456 Y51.823
G1 X57.049 Y52.239
G1 X57.385 Y52.293
G1 X57.533 Y52.251
G1 X57.595 Y52.098
G1 X57.999 Y52.074
G1 X58.060 Y51.943
G1 X57.870 Y50.643
G1 X57.908 Y50.523
G1 X58.005 Y50.478
G1 X58.235 Y50.601
G1 X58.735 Y51.068
G1 X58.838 Y51.008
G1 X58.875 Y50.843
G1 X58.780 Y50.533
G1 X58.345 Y50.103
G1 X57.900 Y49.928
G1 X57.598 Y50.041
G1 X57.390 Y50.348
G1 X57.096 Y50.033
G1 X56.735 Y49.928
G1 X56.456 Y49.984
G1 X56.240 Y50.153
G1 X56.101 Y50.413
G1 X56.055 Y50.743
G0 Z5.000 F500.000
G0 X56.743 Y50.508 F3000.000
G1 Z1.000 F500.000
G4 P100
G1 X56.915 Y50.433 F1000.000
G1 X57.125 Y50.563
G1 X57.270 Y50.908
G1 X57.455 Y51.828
G1 X57.068 Y51.671
G1 X56.785 Y51.268
G1 X56.680 Y50.738
G1 X56.743 Y50.508
G0 Z5.000 F500.000
G0 X58.480 Y50.768 F3000.000
G1 Z1.000 F500.000
G4 P100
G1 X58.665 Y52.003 F1000.000
G1 X58.813 Y52.216
G1 X59.100 Y52.283
G1 X59.240 Y52.258
G1 X59.280 Y52.163
G1 X59.075 Y51.088
G1 X59.398 Y51.748
G1 X59.783 Y52.151
G1 X60.155 Y52.283
G1 X60.403 Y52.203
G1 X60.475 Y51.958
G1 X60.325 Y51.108
G1 X60.589 Y51.639
G1 X60.880 Y52.003
G1 X61.175 Y52.213
G1 X61.450 Y52.283
G1 X61.694 Y52.202
G1 X61.775 Y51.958
G1 X61.570 Y50.678
G1 X61.606 Y50.528
G1 X61.715 Y50.478
G1 X61.953 Y50.601
G1 X62.455 Y51.068
G1 X62.558 Y51.008
G1 X62.595 Y50.843
G1 X62.500 Y50.533
G1 X62.038 Y50.098
G1 X61.475 Y49.928
G1 X61.251 Y49.965
G1 X60.993 Y50.256
G1 X60.960 Y50.503
G1 X61.095 Y51.438
G1 X61.040 Y51.518
G1 X60.855 Y51.351
G1 X60.615 Y50.908
G1 X60.293 Y50.008
G1 X60.060 Y49.928
G1 X59.813 Y50.086
G1 X59.730 Y50.468
G1 X59.820 Y51.438
G1 X59.765 Y51.518
G1 X59.575 Y51.338
G1 X59.353 Y50.878
G1 X59.053 Y50.011
G1 X58.825 Y49.928
G1 X58.663 Y49.978
G1 X58.558 Y50.128
G1 X58.480 Y50.768
G0 Z5.000 F500.000
G0 X62.210 Y50.858 F3000.000
G1 Z1.000 F500.000
G4 P100
G1 X62.395 Y52.003 F1000.000
G1 X62.543 Y52.216
G1 X62.840 Y52.283
G1 X63.009 Y52.253
G1 X63.065 Y52.163
G1 X62.885 Y51.353
G1 X63.208 Y51.576
G1 X63.590 Y51.663
G1 X63.863 Y51.613
G1 X64.073 Y51.463
G1 X64.206 Y51.236
G1 X64.250 Y50.953
G1 X64.135 Y50.483
G1 X64.520 Y50.598
G1 X65.040 Y51.068
G1 X65.143 Y51.008
G1 X65.180 Y50.843
G1 X65.085 Y50.533
G1 X64.613 Y50.098
G1 X64.353 Y49.971
G1 X64.060 Y49.928
G1 X63.700 Y50.048
G1 X63.180 Y49.928
G1 X62.774 Y49.993
G1 X62.468 Y50.186
G1 X62.274 Y50.483
G1 X62.210 Y50.858
G0 Z5.000 F500.000
G0 X62.840 Y50.828 F3000.000
G1 Z1.000 F500.000
G4 P100
G1 X62.945 Y50.553 F1000.000
G1 X63.205 Y50.458
G1 X63.515 Y50.568
G1 X63.625 Y50.873
G1 X63.554 Y51.072
G1 X63.340 Y51.138
G1 X63.048 Y51.043
G1 X62.840 Y50.828
G0 Z5.000 F500.000
G0 X70.025 Y50.978 F3000.000
G1 Z1.000 F500.000
G4 P100
G1 X70.170 Y51.656 F1000.000
G1 X70.343 Y51.921
G1 X70.839 Y52.246
G1 X71.135 Y52.288
G1 X71.478 Y52.223
G1 X71.748 Y52.026
G1 X71.932 Y51.733
G1 X72.020 Y51.378
G1 X72.650 Y51.488
G1 X72.750 Y51.423
G1 X72.785 Y51.258
G1 X72.749 Y51.067
G1 X72.640 Y50.973
G1 X71.980 Y50.853
G1 X71.839 Y50.475
G1 X71.605 Y50.181
G1 X71.306 Y49.991
G1 X70.970 Y49.928
G1 X70.458 Y50.073
G1 X70.135 Y50.458
G1 X70.025 Y50.978
G0 Z5.000 F500.000
G0 X70.758 Y50.603 F3000.000
G1 Z1.000 F500.000
G4 P100
G1 X71.010 Y50.458 F1000.000
G1 X71.288 Y50.588
G1 X71.445 Y50.963
G1 X71.208 Y51.238
G1 X71.140 Y51.758
G1 X70.938 Y51.710
G1 X70.783 Y51.566
G1 X70.683 Y51.334
G1 X70.650 Y51.023
G1 X70.758 Y50.603
G0 Z5.000 F500.000
G0 X72.310 Y50.918 F3000.000
G1 Z1.000 F500.000
G4 P100
G1 X72.448 Y51.591 F1000.000
G1 X72.820 Y52.056
G1 X73.340 Y52.223
G1 X73.600 Y52.168
G1 X72.765 Y53.251
G1 X72.695 Y53.568
G1 X72.825 Y53.936
G1 X73.145 Y54.143
G1 X74.315 Y54.493
G1 X74.428 Y54.403
G1 X74.470 Y54.193
G1 X74.375 Y53.943
G1 X73.383 Y53.676
G1 X73.275 Y53.513
G1 X74.228 Y52.166
G1 X74.330 Y51.373
G1 X75.015 Y51.488
G1 X75.115 Y51.423
G1 X75.115 Y51.066
G1 X75.005 Y50.973
G1 X74.245 Y50.848
G1 X74.078 Y50.456
G1 X73.838 Y50.168
G1 X73.534 Y49.992
G1 X73.180 Y49.933
G1 X72.815 Y49.994
G1 X72.540 Y50.176
G1 X72.368 Y50.483
G1 X72.310 Y50.918
G0 Z5.000 F500.000
G0 X72.993 Y50.578 F3000.000
G1 Z1.000 F500.000
G4 P100
G1 X73.180 Y50.458 F1000.000
G1 X73.468 Y50.631
G1 X73.680 Y51.078
G1 X73.538 Y51.318
G1 X73.500 Y51.733
G1 X73.173 Y51.633
G1 X73.000 Y51.341
G1 X72.935 Y50.918
G1 X72.993 Y50.578
G0 Z5.000 F500.000
G0 X74.485 Y50.583 F3000.000
G1 Z1.000 F500.000
G4 P100
G1 X74.600 Y50.988 F1000.000
G1 X74.925 Y51.143
G1 X75.068 Y51.103
G1 X75.105 Y50.993
G1 X75.088 Y50.528
G1 X75.155 Y50.483
G1 X75.268 Y50.558
G1 X76.105 Y52.196
G1 X76.405 Y52.273
G1 X76.685 Y52.198
G1 X76.775 Y51.953
G1 X76.799 Y50.584
G1 X76.960 Y50.453
G1 X77.138 Y50.538
G1 X77.670 Y51.068
G1 X77.773 Y51.008
G1 X77.810 Y50.843
G1 X77.715 Y50.533
G1 X77.428 Y50.221
G1 X77.128 Y50.016
G1 X76.725 Y49.928
G1 X76.473 Y49.986
G1 X76.305 Y50.161
G1 X76.211 Y50.453
G1 X76.200 Y51.318
G1 X75.969 Y50.729
G1 X75.698 Y50.293
G1 X75.384 Y50.023
G1 X75.030 Y49.933
G1 X74.803 Y49.979
G1 X74.630 Y50.118
G1 X74.485 Y50.583
G0 Z5.000 F500.000
G0 X77.400 Y50.743 F3000.000
G1 Z1.000 F500.000
G4 P100
G1 X77.446 Y51.133 F1000.000
G1 X77.801 Y51.823
G1 X78.394 Y52.239
G1 X78.730 Y52.293
G1 X78.878 Y52.251
G1 X78.940 Y52.098
G1 X79.344 Y52.074
G1 X79.405 Y51.943
G1 X79.215 Y50.643
G1 X79.253 Y50.523
G1 X79.350 Y50.478
G1 X79.580 Y50.601
G1 X80.080 Y51.068
G1 X80.183 Y51.008
G1 X80.220 Y50.843
G1 X80.125 Y50.533
G1 X79.690 Y50.103
G1 X79.245 Y49.928
G1 X78.943 Y50.041
G1 X78.735 Y50.348
G1 X78.441 Y50.033
G1 X78.080 Y49.928
G1 X77.801 Y49.984
G1 X77.585 Y50.153
G1 X77.446 Y50.413
G1 X77.400 Y50.743
G0 Z5.000 F500.000
G0 X78.088 Y50.508 F3000.000
G1 Z1.000 F500.000
G4 P100
G1 X78.260 Y50.433 F1000.000
G1 X78.470 Y50.563
G1 X78.615 Y50.908
G1 X78.800 Y51.828
G1 X78.413 Y51.671
G1 X78.130 Y51.268
G1 X78.025 Y50.738
G1 X78.088 Y50.508
G0 Z5.000 F500.000
G0 X79.735 Y50.938 F3000.000
G1 Z1.000 F500.000
G4 P100
G1 X79.775 Y51.318 F1000.000
G1 X80.079 Y51.918
G1 X80.310 Y52.118
G1 X80.845 Y52.283
G1 X81.273 Y52.121
G1 X81.425 Y51.703
G1 X81.333 Y51.348
G1 X81.090 Y51.203
G1 X80.938 Y51.248
G1 X80.880 Y51.373
G1 X80.898 Y51.758
G1 X80.805 Y51.793
G1 X80.590 Y51.691
G1 X80.430 Y51.413
G1 X80.370 Y51.028
G1 X80.496 Y50.593
G1 X80.875 Y50.448
G1 X81.318 Y50.586
G1 X81.920 Y51.068
G1 X82.023 Y51.008
G1 X82.060 Y50.843
G1 X81.965 Y50.533
G1 X81.707 Y50.276
G1 X81.403 Y50.086
G1 X80.770 Y49.928
G1 X80.334 Y49.998
G1 X80.008 Y50.206
G1 X79.803 Y50.528
G1 X79.735 Y50.938
G0 Z5.000 F500.000
G0 X81.665 Y50.768 F3000.000
G1 Z1.000 F500.000
G4 P100
G1 X81.850 Y52.003 F1000.000
G1 X81.998 Y52.216
G1 X82.285 Y52.283
G1 X82.425 Y52.258
G1 X82.465 Y52.163
G1 X82.260 Y51.088
G1 X82.583 Y51.748
G1 X82.968 Y52.151
G1 X83.340 Y52.283
G1 X83.588 Y52.203
G1 X83.660 Y51.958
G1 X83.510 Y51.108
G1 X83.774 Y51.639
G1 X84.065 Y52.003
G1 X84.360 Y52.213
G1 X84.635 Y52.283
G1 X84.879 Y52.202
G1 X84.960 Y51.958
G1 X84.755 Y50.678
G1 X84.791 Y50.528
G1 X84.900 Y50.478
G1 X85.138 Y50.601
G1 X85.640 Y51.068
G1 X85.743 Y51.008
G1 X85.780 Y50.843
G1 X85.685 Y50.533
G1 X85.223 Y50.098
G1 X84.660 Y49.928
G1 X84.436 Y49.965
G1 X84.178 Y50.256
G1 X84.145 Y50.503
G1 X84.280 Y51.438
G1 X84.225 Y51.518
G1 X84.040 Y51.351
G1 X83.800 Y50.908
G1 X83.478 Y50.008
G1 X83.245 Y49.928
G1 X82.998 Y50.086
G1 X82.915 Y50.468
G1 X83.005 Y51.438
G1 X82.950 Y51.518
G1 X82.760 Y51.338
G1 X82.538 Y50.878
G1 X82.238 Y50.011
G1 X82.010 Y49.928
G1 X81.848 Y49.978
G1 X81.743 Y50.128
G1 X81.665 Y50.768
G0 Z5.000 F500.000
G0 X85.395 Y50.858 F3000.000
G1 Z1.000 F500.000
G4 P100
G1 X85.580 Y52.003 F1000.000
G1 X85.728 Y52.216
G1 X86.025 Y52.283
G1 X86.194 Y52.253
G1 X86.250 Y52.163
G1 X86.070 Y51.353
G1 X86.393 Y51.576
G1 X86.775 Y51.663
G1 X87.048 Y51.613
G1 X87.258 Y51.463
G1 X87.391 Y51.236
G1 X87.435 Y50.953
G1 X87.320 Y50.483
G1 X87.705 Y50.598
G1 X88.225 Y51.068
G1 X88.328 Y51.008
G1 X88.365 Y50.843
G1 X88.270 Y50.533
G1 X87.798 Y50.098
G1 X87.538 Y49.971
G1 X87.245 Y49.928
G1 X86.885 Y50.048
G1 X86.365 Y49.928
G1 X85.959 Y49.993
G1 X85.653 Y50.186
G1 X85.459 Y50.483
G1 X85.395 Y50.858
G0 Z5.000 F500.000
G0 X86.025 Y50.828 F3000.000
G1 Z1.000 F500.000
G4 P100
G1 X86.130 Y50.553 F1000.000
G1 X86.390 Y50.458
G1 X86.700 Y50.568
G1 X86.810 Y50.873
G1 X86.739 Y51.072
G1 X86.525 Y51.138
G1 X86.233 Y51.043
G1 X86.025 Y50.828
G0 Z5.000 F500.000
G0 X93.285 Y50.653 F3000.000
G1 Z1.000 F500.000
G4 P100
G1 X93.335 Y51.341 F1000.000
G1 X93.500 Y52.003
G1 X93.640 Y52.218
G1 X93.925 Y52.283
G1 X94.078 Y52.248
G1 X94.120 Y52.143
G1 X93.910 Y50.691
G1 X93.990 Y50.648
G1 X94.178 Y50.798
G1 X94.788 Y52.218
G1 X95.035 Y52.283
G1 X95.195 Y52.256
G1 X95.240 Y52.153
G1 X94.975 Y50.678
G1 X95.015 Y50.531
G1 X95.120 Y50.478
G1 X95.358 Y50.601
G1 X95.860 Y51.068
G1 X95.963 Y51.008
G1 X96.000 Y50.843
G1 X95.905 Y50.533
G1 X95.443 Y50.098
G1 X94.880 Y49.928
G1 X94.672 Y49.974
G1 X94.528 Y50.113
G1 X94.415 Y50.633
G1 X94.160 Y50.111
G1 X93.795 Y49.928
G1 X93.591 Y49.980
G1 X93.321 Y50.369
G1 X93.285 Y50.653
G0 Z5.000 F500.000
G0 X95.625 Y50.598 F3000.000
G1 Z1.000 F500.000
G4 P100
G1 X95.725 Y50.848 F1000.000
G1 X96.438 Y51.146
G1 X96.723 Y51.353
G1 X96.845 Y51.668
G1 X96.785 Y51.828
G1 X96.585 Y51.883
G1 X96.033 Y51.686
G1 X95.769 Y51.711
G1 X95.720 Y51.853
G1 X95.833 Y52.088
G1 X96.155 Y52.263
G1 X96.645 Y52.328
G1 X96.954 Y52.286
G1 X97.173 Y52.158
G1 X97.302 Y51.962
G1 X97.345 Y51.713
G1 X97.266 Y51.332
G1 X97.028 Y51.028
G1 X96.210 Y50.618
G1 X96.735 Y50.308
G1 X97.820 Y51.018
G1 X97.935 Y51.058
G1 X98.038 Y50.998
G1 X98.075 Y50.838
G1 X97.935 Y50.543
G1 X96.925 Y49.913
G1 X96.917 Y49.128
G1 X96.586 Y48.279
G1 X96.328 Y47.958
G1 X96.032 Y47.748
G1 X95.720 Y47.678
G1 X95.476 Y47.716
G1 X95.183 Y48.015
G1 X95.209 Y48.682
G1 X95.400 Y49.088
G1 X95.751 Y49.513
G1 X96.295 Y49.988
G1 X95.705 Y50.388
G1 X95.625 Y50.598
G0 Z5.000 F500.000
G0 X96.395 Y49.513 F3000.000
G1 Z1.000 F500.000
G4 P100
G1 X95.825 Y48.902 F1000.000
G1 X95.683 Y48.618
G1 X95.670 Y48.198
G1 X95.775 Y48.148
G1 X96.043 Y48.371
G1 X96.293 Y48.908
G1 X96.395 Y49.513
G0 Z5.000 F500.000
G0 X97.805 Y50.458 F3000.000
G1 Z1.000 F500.000
G4 P100
G1 X97.695 Y50.978 F1000.000
G1 X97.840 Y51.656
G1 X98.013 Y51.921
G1 X98.509 Y52.246
G1 X98.805 Y52.288
G1 X99.148 Y52.223
G1 X99.418 Y52.026
G1 X99.602 Y51.733
G1 X99.690 Y51.378
G1 X100.320 Y51.488
G1 X100.420 Y51.423
G1 X100.419 Y51.067
G1 X100.310 Y50.973
G1 X99.650 Y50.853
G1 X99.509 Y50.475
G1 X99.275 Y50.181
G1 X98.976 Y49.991
G1 X98.362 Y49.964
G1 X98.128 Y50.073
G1 X97.805 Y50.458
G0 Z5.000 F500.000
G0 X98.428 Y50.603 F3000.000
G1 Z1.000 F500.000
G4 P100
G1 X98.680 Y50.458 F1000.000
G1 X98.958 Y50.588
G1 X99.115 Y50.963
G1 X98.878 Y51.238
G1 X98.810 Y51.758
G1 X98.608 Y51.710
G1 X98.453 Y51.566
G1 X98.353 Y51.334
G1 X98.320 Y51.023
G1 X98.428 Y50.603
G0 Z5.000 F500.000
G0 X99.980 Y50.918 F3000.000
G1 Z1.000 F500.000
G4 P100
G1 X100.118 Y51.591 F1000.000
G1 X100.490 Y52.056
G1 X101.010 Y52.223
G1 X101.270 Y52.168
G1 X100.435 Y53.251
G1 X100.365 Y53.568
G1 X100.495 Y53.936
G1 X100.815 Y54.143
G1 X101.985 Y54.493
G1 X102.098 Y54.403
G1 X102.140 Y54.193
G1 X102.045 Y53.943
G1 X101.053 Y53.676
G1 X100.945 Y53.513
G1 X101.898 Y52.166
G1 X102.000 Y51.373
G1 X102.685 Y51.488
G1 X102.785 Y51.423
G1 X102.785 Y51.066
G1 X102.675 Y50.973
G1 X101.915 Y50.848
G1 X101.748 Y50.456
G1 X101.508 Y50.168
G1 X101.204 Y49.992
G1 X100.850 Y49.933
G1 X100.485 Y49.994
G1 X100.210 Y50.176
G1 X100.037 Y50.483
G1 X99.980 Y50.918
G0 Z5.000 F500.000
G0 X100.663 Y50.578 F3000.000
G1 Z1.000 F500.000
G4 P100
G1 X100.850 Y50.458 F1000.000
G1 X101.138 Y50.631
G1 X101.350 Y51.078
G1 X101.208 Y51.318
G1 X101.170 Y51.733
G1 X100.843 Y51.633
G1 X100.670 Y51.341
G1 X100.605 Y50.918
G1 X100.663 Y50.578
G0 Z5.000 F500.000
G0 X102.066 Y50.231 F3000.000
G1 Z1.000 F500.000
G4 P100
G1 X102.475 Y50.983 F1000.000
G1 X102.465 Y51.998
G1 X102.580 Y52.228
G1 X102.880 Y52.313
G1 X103.032 Y52.271
G1 X103.090 Y51.918
G1 X103.405 Y52.206
G1 X103.735 Y52.293
G1 X103.989 Y52.237
G1 X104.192 Y52.068
G1 X104.326 Y51.808
G1 X104.370 Y51.478
G1 X104.285 Y50.963
G1 X104.050 Y50.508
G1 X104.225 Y50.478
G1 X104.540 Y50.598
G1 X105.060 Y51.068
G1 X105.162 Y51.008
G1 X105.200 Y50.843
G1 X105.105 Y50.533
G1 X104.643 Y50.098
G1 X104.378 Y49.971
G1 X103.840 Y49.976
G1 X103.650 Y50.118
G1 X103.055 Y49.928
G1 X102.949 Y49.043
G1 X102.760 Y48.316
G1 X102.476 Y47.830
G1 X102.085 Y47.668
G1 X101.850 Y47.717
G1 X101.685 Y47.863
G1 X101.555 Y48.403
G1 X101.780 Y49.546
G1 X102.066 Y50.231
G0 Z5.000 F500.000
G0 X102.125 Y49.253 F3000.000
G1 Z1.000 F500.000
G4 P100
G1 X102.000 Y48.488 F1000.000
G1 X102.037 Y48.243
G1 X102.125 Y48.158
G1 X102.249 Y48.305
G1 X102.350 Y48.746
G1 X102.465 Y50.208
G1 X102.125 Y49.253
G0 Z5.000 F500.000
G0 X103.080 Y50.408 F3000.000
G1 Z1.000 F500.000
G4 P100
G1 X103.413 Y50.606 F1000.000
G1 X103.655 Y50.996
G1 X103.745 Y51.483
G1 X103.685 Y51.711
G1 X103.525 Y51.788
G1 X103.326 Y51.693
G1 X103.090 Y51.408
G1 X103.080 Y50.408
G0 Z5.000 F500.000
G0 X104.730 Y50.743 F3000.000
G1 Z1.000 F500.000
G4 P100
G1 X104.776 Y51.133 F1000.000
G1 X105.131 Y51.823
G1 X105.724 Y52.239
G1 X106.060 Y52.293
G1 X106.208 Y52.251
G1 X106.270 Y52.098
G1 X106.674 Y52.074
G1 X106.735 Y51.943
G1 X106.545 Y50.643
G1 X106.583 Y50.523
G1 X106.680 Y50.478
G1 X106.910 Y50.601
G1 X107.410 Y51.068
G1 X107.513 Y51.008
G1 X107.550 Y50.843
G1 X107.455 Y50.533
G1 X107.020 Y50.103
G1 X106.575 Y49.928
G1 X106.273 Y50.041
G1 X106.065 Y50.348
G1 X105.771 Y50.033
G1 X105.410 Y49.928
G1 X105.131 Y49.984
G1 X104.915 Y50.153
G1 X104.776 Y50.413
G1 X104.730 Y50.743
G0 Z5.000 F500.000
G0 X105.418 Y50.508 F3000.000
G1 Z1.000 F500.000
G4 P100
G1 X105.590 Y50.433 F1000.000
G1 X105.800 Y50.563
G1 X105.945 Y50.908
G1 X106.130 Y51.828
G1 X105.743 Y51.671
G1 X105.460 Y51.268
G1 X105.355 Y50.738
G1 X105.418 Y50.508
G0 Z5.000 F500.000
G0 X106.990 Y50.518 F3000.000
G1 Z1.000 F500.000
G4 P100
G1 X107.105 Y50.923 F1000.000
G1 X107.430 Y51.078
G1 X107.565 Y51.044
G1 X107.610 Y50.943
G1 X107.618 Y50.501
G1 X107.715 Y50.463
G1 X107.898 Y50.576
G1 X108.042 Y50.883
G1 X108.100 Y51.313
G1 X108.055 Y51.616
G1 X107.945 Y51.738
G1 X107.865 Y51.711
G1 X107.735 Y51.491
G1 X107.560 Y51.443
G1 X107.385 Y51.521
G1 X107.320 Y51.758
G1 X107.483 Y52.156
G1 X107.890 Y52.303
G1 X108.293 Y52.116
G1 X108.575 Y51.543
G1 X108.660 Y52.048
G1 X108.790 Y52.233
G1 X109.185 Y52.253
G1 X109.225 Y52.153
G1 X109.025 Y50.983
G1 X109.325 Y51.751
G1 X109.672 Y52.158
G1 X110.120 Y52.283
G1 X110.352 Y52.243
G1 X110.638 Y51.935
G1 X110.675 Y51.703
G1 X110.582 Y51.348
G1 X110.340 Y51.203
G1 X110.188 Y51.248
G1 X110.148 Y51.759
G1 X110.050 Y51.793
G1 X109.855 Y51.691
G1 X109.703 Y51.416
G1 X109.645 Y51.043
G1 X109.770 Y50.611
G1 X110.130 Y50.448
G1 X110.460 Y50.571
G1 X110.995 Y51.068
G1 X111.097 Y51.008
G1 X111.135 Y50.843
G1 X111.040 Y50.533
G1 X110.590 Y50.096
G1 X110.080 Y49.928
G1 X109.650 Y50.048
G1 X109.345 Y50.351
G1 X109.195 Y50.718
G1 X109.035 Y50.098
G1 X108.933 Y49.968
G1 X108.780 Y49.928
G1 X108.610 Y50.013
G1 X108.560 Y50.283
G1 X108.670 Y51.163
G1 X108.392 Y50.518
G1 X108.072 Y50.103
G1 X107.852 Y49.976
G1 X107.339 Y49.973
G1 X107.030 Y50.279
G1 X106.990 Y50.518
G0 Z5.000 F500.000
G0 X110.655 Y50.993 F3000.000
G1 Z1.000 F500.000
G4 P100
G1 X110.800 Y51.636 F1000.000
G1 X110.973 Y51.903
G1 X111.477 Y52.239
G1 X111.785 Y52.283
G1 X112.046 Y52.240
G1 X112.250 Y52.111
G1 X112.381 Y51.908
G1 X112.425 Y51.643
G1 X112.363 Y51.323
G1 X112.177 Y51.051
G1 X111.844 Y50.829
G1 X111.340 Y50.658
G1 X111.521 Y50.486
G1 X111.815 Y50.428
G1 X112.327 Y50.586
G1 X112.960 Y51.068
G1 X113.062 Y51.008
G1 X113.100 Y50.843
G1 X113.005 Y50.533
G1 X112.482 Y50.118
G1 X111.760 Y49.928
G1 X111.294 Y49.999
G1 X110.945 Y50.213
G1 X110.727 Y50.551
G1 X110.655 Y50.993
G0 Z5.000 F500.000
G0 X111.260 Y51.058 F3000.000
G1 Z1.000 F500.000
G4 P100
G1 X111.725 Y51.258 F1000.000
G1 X111.852 Y51.409
G1 X111.843 Y51.736
G1 X111.700 Y51.793
G1 X111.529 Y51.739
G1 X111.387 Y51.578
G1 X111.260 Y51.058
G0 Z5.000 F500.000
G0 X112.751 Y51.402 F3000.000
G1 Z1.000 F500.000
G4 P100
G1 X112.890 Y52.003 F1000.000
G1 X113.035 Y52.216
G1 X113.325 Y52.283
G1 X113.465 Y52.258
G1 X113.505 Y52.163
G1 X113.355 Y51.403
G1 X113.995 Y51.403
G1 X114.262 Y52.218
G1 X114.670 Y52.256
G1 X114.715 Y52.153
G1 X114.450 Y50.678
G1 X114.490 Y50.531
G1 X114.595 Y50.478
G1 X114.832 Y50.601
G1 X115.335 Y51.068
G1 X115.438 Y51.008
G1 X115.475 Y50.843
G1 X115.380 Y50.533
G1 X114.907 Y50.098
G1 X114.355 Y49.928
G1 X114.134 Y49.968
G1 X113.990 Y50.088
G1 X113.885 Y50.568
G1 X113.910 Y50.893
G1 X113.300 Y50.903
G1 X113.275 Y50.168
G1 X113.215 Y49.986
G1 X113.050 Y49.928
G1 X112.888 Y49.978
G1 X112.782 Y50.128
G1 X112.705 Y50.768
G1 X112.751 Y51.402
G0 Z5.000 F500.000
G0 X115.070 Y50.653 F3000.000
G1 Z1.000 F500.000
G4 P100
G1 X115.120 Y51.341 F1000.000
G1 X115.285 Y52.003
G1 X115.425 Y52.218
G1 X115.710 Y52.283
G1 X115.862 Y52.248
G1 X115.905 Y52.143
G1 X115.695 Y50.691
G1 X115.775 Y50.648
G1 X115.963 Y50.798
G1 X116.572 Y52.218
G1 X116.820 Y52.283
G1 X116.980 Y52.256
G1 X117.025 Y52.153
G1 X116.760 Y50.678
G1 X116.800 Y50.531
G1 X116.905 Y50.478
G1 X117.142 Y50.601
G1 X117.645 Y51.068
G1 X117.748 Y51.008
G1 X117.785 Y50.843
G1 X117.690 Y50.533
G1 X117.227 Y50.098
G1 X116.665 Y49.928
G1 X116.457 Y49.974
G1 X116.312 Y50.113
G1 X116.200 Y50.633
G1 X115.945 Y50.111
G1 X115.580 Y49.928
G1 X115.376 Y49.980
G1 X115.106 Y50.369
G1 X115.070 Y50.653
G0 Z5.000 F500.000
G0 X117.145 Y50.583 F3000.000
G1 Z1.000 F500.000
G4 P100
G1 X117.262 Y50.993 F1000.000
G1 X117.585 Y51.143
G1 X117.720 Y51.107
G1 X117.765 Y50.998
G1 X117.815 Y50.543
G1 X118.005 Y50.438
G1 X118.320 Y50.536
G1 X118.635 Y50.813
G1 X118.301 Y50.861
G1 X118.093 Y51.003
G1 X117.959 Y51.226
G1 X117.915 Y51.513
G1 X117.969 Y51.841
G1 X118.130 Y52.086
G1 X118.387 Y52.238
G1 X118.730 Y52.288
G1 X119.285 Y52.203
G1 X119.515 Y52.278
G1 X119.672 Y52.231
G1 X119.720 Y52.103
G1 X119.515 Y51.108
G1 X119.512 Y50.531
G1 X119.620 Y50.478
G1 X119.850 Y50.593
G1 X120.360 Y51.068
G1 X120.463 Y51.008
G1 X120.500 Y50.843
G1 X120.405 Y50.533
G1 X119.905 Y50.078
G1 X119.430 Y49.928
G1 X119.115 Y50.073
G1 X119.005 Y50.488
G1 X119.035 Y50.803
G1 X118.499 Y50.147
G1 X118.185 Y49.983
G1 X117.840 Y49.928
G1 X117.559 Y49.973
G1 X117.338 Y50.108
G1 X117.193 Y50.317
G1 X117.145 Y50.583
G0 Z5.000 F500.000
G0 X118.523 Y51.283 F3000.000
G1 Z1.000 F500.000
G4 P100
G1 X118.900 Y51.198 F1000.000
G1 X119.170 Y51.828
G1 X118.850 Y51.883
G1 X118.540 Y51.788
G1 X118.430 Y51.518
G1 X118.523 Y51.283
G0 Z5.000 F500.000
G0 X120.178 Y50.723 F3000.000
G1 Z1.000 F500.000
G4 P100
G1 X120.480 Y50.858 F1000.000
G1 X120.752 Y50.761
G1 X120.845 Y50.498
G1 X120.740 Y50.033
G1 X120.485 Y49.468
G1 X120.328 Y49.223
G1 X120.175 Y49.163
G1 X120.000 Y49.213
G1 X119.935 Y49.373
G1 X120.178 Y50.723
G0 Z5.000 F500.000
G0 X126.640 Y50.743 F3000.000
G1 Z1.000 F500.000
G4 P100
G1 X126.686 Y51.133 F1000.000
G1 X127.041 Y51.823
G1 X127.634 Y52.239
G1 X127.970 Y52.293
G1 X128.118 Y52.251
G1 X128.180 Y52.098
G1 X128.584 Y52.074
G1 X128.645 Y51.943
G1 X128.455 Y50.643
G1 X128.493 Y50.523
G1 X128.590 Y50.478
G1 X128.820 Y50.601
G1 X129.320 Y51.068
G1 X129.423 Y51.008
G1 X129.460 Y50.843
G1 X129.365 Y50.533
G1 X128.930 Y50.103
G1 X128.485 Y49.928
G1 X128.183 Y50.041
G1 X127.975 Y50.348
G1 X127.681 Y50.033
G1 X127.320 Y49.928
G1 X127.041 Y49.984
G1 X126.825 Y50.153
G1 X126.686 Y50.413
G1 X126.640 Y50.743
G0 Z5.000 F500.000
G0 X127.328 Y50.508 F3000.000
G1 Z1.000 F500.000
G4 P100
G1 X127.500 Y50.433 F1000.000
G1 X127.710 Y50.563
G1 X127.855 Y50.908
G1 X128.040 Y51.828
G1 X127.653 Y51.671
G1 X127.370 Y51.268
G1 X127.265 Y50.738
G1 X127.328 Y50.508
G0 Z5.000 F500.000
G0 X134.390 Y50.768 F3000.000
G1 Z1.000 F500.000
G4 P100
G1 X134.575 Y52.003 F1000.000
G1 X134.722 Y52.216
G1 X135.010 Y52.283
G1 X135.150 Y52.258
G1 X135.190 Y52.163
G1 X134.985 Y51.083
G1 X135.355 Y51.783
G1 X135.757 Y52.168
G1 X136.120 Y52.283
G1 X136.364 Y52.202
G1 X136.445 Y51.958
G1 X136.240 Y50.678
G1 X136.276 Y50.528
G1 X136.385 Y50.478
G1 X136.623 Y50.601
G1 X137.125 Y51.068
G1 X137.227 Y51.008
G1 X137.265 Y50.843
G1 X137.170 Y50.533
G1 X136.707 Y50.098
G1 X136.145 Y49.928
G1 X135.921 Y49.965
G1 X135.662 Y50.256
G1 X135.630 Y50.503
G1 X135.765 Y51.438
G1 X135.710 Y51.518
G1 X135.528 Y51.351
G1 X135.287 Y50.908
G1 X134.963 Y50.011
G1 X134.735 Y49.928
G1 X134.573 Y49.978
G1 X134.468 Y50.128
G1 X134.390 Y50.768
G0 Z5.000 F500.000
G0 X136.895 Y50.458 F3000.000
G1 Z1.000 F500.000
G4 P100
G1 X136.785 Y50.978 F1000.000
G1 X136.930 Y51.656
G1 X137.103 Y51.921
G1 X137.599 Y52.246
G1 X137.895 Y52.288
G1 X138.238 Y52.223
G1 X138.507 Y52.026
G1 X138.692 Y51.733
G1 X138.780 Y51.378
G1 X139.410 Y51.488
G1 X139.510 Y51.423
G1 X139.509 Y51.067
G1 X139.400 Y50.973
G1 X138.740 Y50.853
G1 X138.599 Y50.475
G1 X138.365 Y50.181
G1 X138.066 Y49.991
G1 X137.452 Y49.964
G1 X137.218 Y50.073
G1 X136.895 Y50.458
G0 Z5.000 F500.000
G0 X137.518 Y50.603 F3000.000
G1 Z1.000 F500.000
G4 P100
G1 X137.770 Y50.458 F1000.000
G1 X138.048 Y50.588
G1 X138.205 Y50.963
G1 X137.968 Y51.238
G1 X137.900 Y51.758
G1 X137.698 Y51.710
G1 X137.543 Y51.566
G1 X137.443 Y51.334
G1 X137.410 Y51.023
G1 X137.518 Y50.603
G0 Z5.000 F500.000
G0 X139.035 Y50.938 F3000.000
G1 Z1.000 F500.000
G4 P100
G1 X139.075 Y51.318 F1000.000
G1 X139.379 Y51.918
G1 X139.610 Y52.118
G1 X140.145 Y52.283
G1 X140.572 Y52.121
G1 X140.725 Y51.703
G1 X140.632 Y51.348
G1 X140.390 Y51.203
G1 X140.238 Y51.248
G1 X140.180 Y51.373
G1 X140.197 Y51.758
G1 X140.105 Y51.793
G1 X139.890 Y51.691
G1 X139.730 Y51.413
G1 X139.670 Y51.028
G1 X139.796 Y50.593
G1 X140.175 Y50.448
G1 X140.618 Y50.586
G1 X141.220 Y51.068
G1 X141.322 Y51.008
G1 X141.360 Y50.843
G1 X141.265 Y50.533
G1 X141.007 Y50.276
G1 X140.702 Y50.086
G1 X140.070 Y49.928
G1 X139.634 Y49.998
G1 X139.308 Y50.206
G1 X139.103 Y50.528
G1 X139.035 Y50.938
G0 Z5.000 F500.000
G0 X140.720 Y50.583 F3000.000
G1 Z1.000 F500.000
G4 P100
G1 X140.835 Y50.988 F1000.000
G1 X141.160 Y51.143
G1 X141.303 Y51.103
G1 X141.340 Y50.993
G1 X141.323 Y50.528
G1 X141.390 Y50.483
G1 X141.502 Y50.558
G1 X142.340 Y52.196
G1 X142.640 Y52.273
G1 X142.920 Y52.198
G1 X143.010 Y51.953
G1 X143.034 Y50.584
G1 X143.195 Y50.453
G1 X143.373 Y50.538
G1 X143.905 Y51.068
G1 X144.007 Y51.008
G1 X144.045 Y50.843
G1 X143.950 Y50.533
G1 X143.662 Y50.221
G1 X143.363 Y50.016
G1 X142.960 Y49.928
G1 X142.707 Y49.986
G1 X142.540 Y50.161
G1 X142.446 Y50.453
G1 X142.435 Y51.318
G1 X142.204 Y50.729
G1 X141.933 Y50.293
G1 X141.619 Y50.023
G1 X141.265 Y49.933
G1 X141.037 Y49.979
G1 X140.865 Y50.118
G1 X140.720 Y50.583
G0 Z5.000 F500.000
G0 X143.625 Y50.993 F3000.000
G1 Z1.000 F500.000
G4 P100
G1 X143.770 Y51.636 F1000.000
G1 X143.943 Y51.903
G1 X144.447 Y52.239
G1 X144.755 Y52.283
G1 X145.016 Y52.240
G1 X145.220 Y52.111
G1 X145.351 Y51.908
G1 X145.395 Y51.643
G1 X145.333 Y51.323
G1 X145.148 Y51.051
G1 X144.814 Y50.829
G1 X144.310 Y50.658
G1 X144.491 Y50.486
G1 X144.785 Y50.428
G1 X145.298 Y50.586
G1 X145.930 Y51.068
G1 X146.033 Y51.008
G1 X146.070 Y50.843
G1 X145.975 Y50.533
G1 X145.453 Y50.118
G1 X144.730 Y49.928
G1 X144.264 Y49.999
G1 X143.915 Y50.213
G1 X143.697 Y50.551
G1 X143.625 Y50.993
G0 Z5.000 F500.000
G0 X144.230 Y51.058 F3000.000
G1 Z1.000 F500.000
G4 P100
G1 X144.695 Y51.258 F1000.000
G1 X144.822 Y51.409
G1 X144.812 Y51.736
G1 X144.670 Y51.793
G1 X144.499 Y51.739
G1 X144.358 Y51.578
G1 X144.230 Y51.058
G0 Z5.000 F500.000
G0 X22.925 Y41.161 F3000.000
G1 Z1.000 F500.000
G4 P100
G1 X22.889 Y40.970 F1000.000
G1 X22.780 Y40.876
G1 X22.120 Y40.756
G1 X21.979 Y40.378
G1 X21.745 Y40.084
G1 X21.446 Y39.894
G1 X21.110 Y39.831
G1 X20.598 Y39.976
G1 X20.275 Y40.361
G1 X20.165 Y40.881
G1 X20.310 Y41.559
G1 X20.483 Y41.824
G1 X20.979 Y42.149
G1 X21.275 Y42.191
G1 X21.618 Y42.126
G1 X21.887 Y41.929
G1 X22.072 Y41.636
G1 X22.160 Y41.281
G1 X22.790 Y41.391
G1 X22.890 Y41.326
G1 X22.925 Y41.161
G0 Z5.000 F500.000
G0 X21.585 Y40.866 F3000.000
G1 Z1.000 F500.000
G4 P100
G1 X21.348 Y41.141 F1000.000
G1 X21.280 Y41.661
G1 X21.078 Y41.613
G1 X20.823 Y41.237
G1 X20.790 Y40.926
G1 X20.898 Y40.506
G1 X21.150 Y40.361
G1 X21.428 Y40.491
G1 X21.585 Y40.866
G0 Z5.000 F500.000
G0 X22.505 Y40.671 F3000.000
G1 Z1.000 F500.000
G4 P100
G1 X22.690 Y41.906 F1000.000
G1 X22.837 Y42.119
G1 X23.125 Y42.186
G1 X23.265 Y42.161
G1 X23.305 Y42.066
G1 X23.090 Y40.886
G1 X23.294 Y41.486
G1 X23.545 Y41.886
G1 X23.849 Y42.111
G1 X24.210 Y42.186
G1 X24.617 Y42.024
G1 X24.765 Y41.606
G1 X24.672 Y41.251
G1 X24.430 Y41.106
G1 X24.277 Y41.151
G1 X24.220 Y41.276
G1 X24.237 Y41.662
G1 X24.140 Y41.696
G1 X23.945 Y41.594
G1 X23.793 Y41.319
G1 X23.735 Y40.946
G1 X23.860 Y40.514
G1 X24.220 Y40.351
G1 X24.550 Y40.474
G1 X25.085 Y40.971
G1 X25.188 Y40.911
G1 X25.225 Y40.746
G1 X25.130 Y40.436
G1 X24.680 Y39.999
G1 X24.170 Y39.831
G1 X23.742 Y39.934
G1 X23.430 Y40.181
G1 X23.275 Y40.461
G1 X23.072 Y39.906
G1 X22.850 Y39.831
G1 X22.688 Y39.881
G1 X22.582 Y40.031
G1 X22.505 Y40.671
G0 Z5.000 F500.000
G0 X24.855 Y40.361 F3000.000
G1 Z1.000 F500.000
G4 P100
G1 X24.745 Y40.881 F1000.000
G1 X24.890 Y41.559
G1 X25.062 Y41.824
G1 X25.559 Y42.149
G1 X25.855 Y42.191
G1 X26.198 Y42.126
G1 X26.468 Y41.929
G1 X26.652 Y41.636
G1 X26.740 Y41.281
G1 X27.370 Y41.391
G1 X27.470 Y41.326
G1 X27.469 Y40.970
G1 X27.360 Y40.876
G1 X26.700 Y40.756
G1 X26.559 Y40.378
G1 X26.325 Y40.084
G1 X26.026 Y39.894
G1 X25.412 Y39.867
G1 X25.177 Y39.976
G1 X24.855 Y40.361
G0 Z5.000 F500.000
G0 X25.477 Y40.506 F3000.000
G1 Z1.000 F500.000
G4 P100
G1 X25.730 Y40.361 F1000.000
G1 X26.008 Y40.491
G1 X26.165 Y40.866
G1 X25.927 Y41.141
G1 X25.860 Y41.661
G1 X25.658 Y41.613
G1 X25.502 Y41.469
G1 X25.403 Y41.237
G1 X25.370 Y40.926
G1 X25.477 Y40.506
G0 Z5.000 F500.000
G0 X27.085 Y40.671 F3000.000
G1 Z1.000 F500.000
G4 P100
G1 X27.270 Y41.906 F1000.000
G1 X27.415 Y42.119
G1 X27.705 Y42.186
G1 X27.845 Y42.161
G1 X27.885 Y42.066
G1 X27.735 Y41.306
G1 X28.375 Y41.306
G1 X28.642 Y42.121
G1 X29.050 Y42.159
G1 X29.095 Y42.056
G1 X28.830 Y40.581
G1 X28.870 Y40.434
G1 X28.975 Y40.381
G1 X29.212 Y40.504
G1 X29.715 Y40.971
G1 X29.817 Y40.911
G1 X29.855 Y40.746
G1 X29.760 Y40.436
G1 X29.287 Y40.001
G1 X28.735 Y39.831
G1 X28.514 Y39.871
G1 X28.370 Y39.991
G1 X28.265 Y40.471
G1 X28.290 Y40.796
G1 X27.680 Y40.806
G1 X27.655 Y40.071
G1 X27.595 Y39.889
G1 X27.430 Y39.831
G1 X27.268 Y39.881
G1 X27.162 Y40.031
G1 X27.085 Y40.671
G0 Z5.000 F500.000
G0 X29.155 Y40.311 F3000.000
G1 Z1.000 F500.000
G4 P100
G1 X29.720 Y41.131 F1000.000
G1 X30.280 Y42.397
G1 X30.540 Y42.481
G1 X30.731 Y42.430
G1 X30.992 Y42.099
G1 X31.250 Y42.041
G1 X31.870 Y42.196
G1 X32.005 Y42.146
G1 X32.055 Y41.996
G1 X32.010 Y41.789
G1 X31.875 Y41.626
G1 X31.192 Y41.029
G1 X31.044 Y40.807
G1 X30.995 Y40.586
G1 X31.072 Y40.399
G1 X31.305 Y40.336
G1 X31.845 Y40.489
G1 X32.495 Y40.971
G1 X32.597 Y40.911
G1 X32.635 Y40.746
G1 X32.540 Y40.436
G1 X31.950 Y39.954
G1 X31.240 Y39.781
G1 X30.866 Y39.826
G1 X30.592 Y39.959
G1 X30.426 Y40.179
G1 X30.370 Y40.486
G1 X30.426 Y40.806
G1 X30.592 Y41.084
G1 X31.235 Y41.631
G1 X31.010 Y41.596
G1 X30.732 Y41.681
G1 X30.550 Y41.936
G1 X30.225 Y41.056
G1 X29.887 Y40.584
G1 X29.525 Y40.201
G1 X29.335 Y40.111
G1 X29.205 Y40.169
G1 X29.155 Y40.311
G0 Z5.000 F500.000
G0 X32.160 Y40.646 F3000.000
G1 Z1.000 F500.000
G4 P100
G1 X32.206 Y41.036 F1000.000
G1 X32.561 Y41.726
G1 X33.154 Y42.142
G1 X33.490 Y42.196
G1 X33.637 Y42.154
G1 X33.700 Y42.001
G1 X34.104 Y41.977
G1 X34.165 Y41.846
G1 X33.975 Y40.546
G1 X34.012 Y40.426
G1 X34.110 Y40.381
G1 X34.340 Y40.504
G1 X34.840 Y40.971
G1 X34.942 Y40.911
G1 X34.980 Y40.746
G1 X34.885 Y40.436
G1 X34.450 Y40.006
G1 X34.005 Y39.831
G1 X33.703 Y39.944
G1 X33.495 Y40.251
G1 X33.201 Y39.936
G1 X32.840 Y39.831
G1 X32.561 Y39.887
G1 X32.345 Y40.056
G1 X32.206 Y40.316
G1 X32.160 Y40.646
G0 Z5.000 F500.000
G0 X32.847 Y40.411 F3000.000
G1 Z1.000 F500.000
G4 P100
G1 X33.020 Y40.336 F1000.000
G1 X33.230 Y40.466
G1 X33.375 Y40.811
G1 X33.560 Y41.731
G1 X33.172 Y41.574
G1 X32.890 Y41.171
G1 X32.785 Y40.641
G1 X32.847 Y40.411
G0 Z5.000 F500.000
G0 X34.585 Y40.671 F3000.000
G1 Z1.000 F500.000
G4 P100
G1 X34.770 Y41.906 F1000.000
G1 X34.915 Y42.119
G1 X35.205 Y42.186
G1 X35.345 Y42.161
G1 X35.385 Y42.066
G1 X35.235 Y41.306
G1 X35.875 Y41.306
G1 X36.142 Y42.121
G1 X36.550 Y42.159
G1 X36.595 Y42.056
G1 X36.330 Y40.581
G1 X36.370 Y40.434
G1 X36.475 Y40.381
G1 X36.712 Y40.504
G1 X37.215 Y40.971
G1 X37.317 Y40.911
G1 X37.355 Y40.746
G1 X37.260 Y40.436
G1 X36.787 Y40.001
G1 X36.235 Y39.831
G1 X36.014 Y39.871
G1 X35.870 Y39.991
G1 X35.765 Y40.471
G1 X35.790 Y40.796
G1 X35.180 Y40.806
G1 X35.155 Y40.071
G1 X35.095 Y39.889
G1 X34.930 Y39.831
G1 X34.768 Y39.881
G1 X34.662 Y40.031
G1 X34.585 Y40.671
G0 Z5.000 F500.000
G0 X36.986 Y40.272 F3000.000
G1 Z1.000 F500.000
G4 P100
G1 X37.000 Y41.244 F1000.000
G1 X37.165 Y41.906
G1 X37.305 Y42.121
G1 X37.590 Y42.186
G1 X37.742 Y42.151
G1 X37.785 Y42.046
G1 X37.575 Y40.594
G1 X37.655 Y40.551
G1 X37.843 Y40.701
G1 X38.453 Y42.121
G1 X38.700 Y42.186
G1 X38.860 Y42.159
G1 X38.905 Y42.056
G1 X38.640 Y40.581
G1 X38.680 Y40.434
G1 X38.785 Y40.381
G1 X39.022 Y40.504
G1 X39.525 Y40.971
G1 X39.627 Y40.911
G1 X39.665 Y40.746
G1 X39.570 Y40.436
G1 X39.107 Y40.001
G1 X38.843 Y39.874
G1 X38.337 Y39.877
G1 X38.192 Y40.016
G1 X38.080 Y40.536
G1 X37.825 Y40.014
G1 X37.460 Y39.831
G1 X37.256 Y39.883
G1 X36.986 Y40.272
G0 Z5.000 F500.000
G0 X39.025 Y40.486 F3000.000
G1 Z1.000 F500.000
G4 P100
G1 X39.142 Y40.896 F1000.000
G1 X39.465 Y41.046
G1 X39.600 Y41.010
G1 X39.645 Y40.901
G1 X39.695 Y40.446
G1 X39.885 Y40.341
G1 X40.200 Y40.439
G1 X40.515 Y40.716
G1 X40.181 Y40.764
G1 X39.972 Y40.906
G1 X39.839 Y41.129
G1 X39.795 Y41.416
G1 X39.849 Y41.744
G1 X40.010 Y41.989
G1 X40.267 Y42.141
G1 X40.610 Y42.191
G1 X41.165 Y42.106
G1 X41.395 Y42.181
G1 X41.552 Y42.134
G1 X41.600 Y42.006
G1 X41.395 Y41.011
G1 X41.392 Y40.434
G1 X41.500 Y40.381
G1 X41.730 Y40.496
G1 X42.240 Y40.971
G1 X42.342 Y40.911
G1 X42.380 Y40.746
G1 X42.285 Y40.436
G1 X41.785 Y39.981
G1 X41.310 Y39.831
G1 X40.995 Y39.976
G1 X40.885 Y40.391
G1 X40.915 Y40.706
G1 X40.379 Y40.050
G1 X40.065 Y39.886
G1 X39.720 Y39.831
G1 X39.439 Y39.876
G1 X39.217 Y40.011
G1 X39.073 Y40.220
G1 X39.025 Y40.486
G0 Z5.000 F500.000
G0 X40.402 Y41.186 F3000.000
G1 Z1.000 F500.000
G4 P100
G1 X40.780 Y41.101 F1000.000
G1 X41.050 Y41.731
G1 X40.730 Y41.786
G1 X40.420 Y41.691
G1 X40.310 Y41.421
G1 X40.402 Y41.186
G0 Z5.000 F500.000
G0 X45.835 Y39.449 F3000.000
G1 Z1.000 F500.000
G4 P100
G1 X46.530 Y40.886 F1000.000
G1 X46.520 Y41.901
G1 X46.635 Y42.131
G1 X46.935 Y42.216
G1 X47.087 Y42.174
G1 X47.145 Y41.821
G1 X47.460 Y42.109
G1 X47.790 Y42.196
G1 X48.044 Y42.140
G1 X48.248 Y41.971
G1 X48.381 Y41.711
G1 X48.425 Y41.381
G1 X48.340 Y40.866
G1 X48.105 Y40.411
G1 X48.280 Y40.381
G1 X48.595 Y40.501
G1 X48.980 Y40.901
G1 X49.115 Y40.971
G1 X49.218 Y40.911
G1 X49.255 Y40.746
G1 X49.160 Y40.436
G1 X48.697 Y40.001
G1 X48.135 Y39.831
G1 X47.895 Y39.879
G1 X47.705 Y40.021
G1 X47.110 Y39.831
G1 X47.004 Y38.946
G1 X46.815 Y38.219
G1 X46.531 Y37.733
G1 X46.349 Y37.612
G1 X45.905 Y37.620
G1 X45.740 Y37.766
G1 X45.642 Y37.999
G1 X45.666 Y38.837
G1 X45.835 Y39.449
G0 Z5.000 F500.000
G0 X46.055 Y38.391 F3000.000
G1 Z1.000 F500.000
G4 P100
G1 X46.093 Y38.146 F1000.000
G1 X46.180 Y38.061
G1 X46.304 Y38.208
G1 X46.405 Y38.649
G1 X46.520 Y40.111
G1 X46.180 Y39.156
G1 X46.055 Y38.391
G0 Z5.000 F500.000
G0 X47.135 Y40.311 F3000.000
G1 Z1.000 F500.000
G4 P100
G1 X47.468 Y40.509 F1000.000
G1 X47.710 Y40.899
G1 X47.800 Y41.386
G1 X47.740 Y41.614
G1 X47.580 Y41.691
G1 X47.381 Y41.596
G1 X47.145 Y41.311
G1 X47.135 Y40.311
G0 Z5.000 F500.000
G0 X48.850 Y40.556 F3000.000
G1 Z1.000 F500.000
G4 P100
G1 X48.900 Y41.244 F1000.000
G1 X49.065 Y41.906
G1 X49.205 Y42.121
G1 X49.490 Y42.186
G1 X49.642 Y42.151
G1 X49.685 Y42.046
G1 X49.475 Y40.594
G1 X49.555 Y40.551
G1 X49.742 Y40.701
G1 X50.352 Y42.121
G1 X50.600 Y42.186
G1 X50.760 Y42.159
G1 X50.805 Y42.056
G1 X50.540 Y40.581
G1 X50.580 Y40.434
G1 X50.685 Y40.381
G1 X50.922 Y40.504
G1 X51.425 Y40.971
G1 X51.528 Y40.911
G1 X51.565 Y40.746
G1 X51.470 Y40.436
G1 X51.008 Y40.001
G1 X50.445 Y39.831
G1 X50.237 Y39.877
G1 X50.093 Y40.016
G1 X49.980 Y40.536
G1 X49.725 Y40.014
G1 X49.360 Y39.831
G1 X49.156 Y39.883
G1 X48.886 Y40.272
G1 X48.850 Y40.556
G0 Z5.000 F500.000
G0 X51.080 Y40.841 F3000.000
G1 Z1.000 F500.000
G4 P100
G1 X51.120 Y41.221 F1000.000
G1 X51.424 Y41.821
G1 X51.655 Y42.021
G1 X52.190 Y42.186
G1 X52.618 Y42.024
G1 X52.770 Y41.606
G1 X52.678 Y41.251
G1 X52.435 Y41.106
G1 X52.282 Y41.151
G1 X52.225 Y41.276
G1 X52.242 Y41.661
G1 X52.150 Y41.696
G1 X51.935 Y41.594
G1 X51.775 Y41.316
G1 X51.715 Y40.931
G1 X51.841 Y40.496
G1 X52.220 Y40.351
G1 X52.663 Y40.489
G1 X53.265 Y40.971
G1 X53.367 Y40.911
G1 X53.405 Y40.746
G1 X53.310 Y40.436
G1 X53.052 Y40.179
G1 X52.748 Y39.989
G1 X52.115 Y39.831
G1 X51.679 Y39.901
G1 X51.352 Y40.109
G1 X51.148 Y40.431
G1 X51.080 Y40.841
G0 Z5.000 F500.000
G0 X53.000 Y40.556 F3000.000
G1 Z1.000 F500.000
G4 P100
G1 X53.050 Y41.244 F1000.000
G1 X53.215 Y41.906
G1 X53.355 Y42.121
G1 X53.640 Y42.186
G1 X53.793 Y42.151
G1 X53.835 Y42.046
G1 X53.630 Y41.049
G1 X53.626 Y40.599
G1 X53.705 Y40.551
G1 X53.893 Y40.701
G1 X54.503 Y42.121
G1 X54.750 Y42.186
G1 X54.910 Y42.156
G1 X54.955 Y42.056
G1 X54.695 Y40.391
G1 X55.445 Y40.921
G1 X55.560 Y40.961
G1 X55.663 Y40.899
G1 X55.700 Y40.741
G1 X55.555 Y40.446
G1 X54.595 Y39.801
G1 X54.376 Y38.877
G1 X54.098 Y38.174
G1 X53.748 Y37.729
G1 X53.315 Y37.581
G1 X53.084 Y37.621
G1 X52.780 Y37.921
G1 X52.740 Y38.151
G1 X52.848 Y38.631
G1 X53.248 Y39.194
G1 X54.075 Y39.921
G1 X54.170 Y40.566
G1 X53.890 Y40.019
G1 X53.510 Y39.831
G1 X53.306 Y39.883
G1 X53.143 Y40.039
G1 X53.000 Y40.556
G0 Z5.000 F500.000
G0 X53.960 Y39.321 F3000.000
G1 Z1.000 F500.000
G4 P100
G1 X53.403 Y38.729 F1000.000
G1 X53.230 Y38.261
G1 X53.263 Y38.121
G1 X53.370 Y38.066
G1 X53.503 Y38.139
G1 X53.650 Y38.356
G1 X53.960 Y39.321
G0 Z5.000 F500.000
G0 X55.588 Y39.881 F3000.000
G1 Z1.000 F500.000
G4 P100
G1 X55.483 Y40.031 F1000.000
G1 X55.405 Y40.671
G1 X55.451 Y41.305
G1 X55.590 Y41.906
G1 X55.735 Y42.119
G1 X56.025 Y42.186
G1 X56.165 Y42.161
G1 X56.205 Y42.066
G1 X56.055 Y41.306
G1 X56.695 Y41.306
G1 X56.963 Y42.121
G1 X57.370 Y42.159
G1 X57.415 Y42.056
G1 X57.150 Y40.581
G1 X57.190 Y40.434
G1 X57.295 Y40.381
G1 X57.533 Y40.504
G1 X58.035 Y40.971
G1 X58.138 Y40.911
G1 X58.175 Y40.746
G1 X58.080 Y40.436
G1 X57.608 Y40.001
G1 X57.055 Y39.831
G1 X56.834 Y39.871
G1 X56.690 Y39.991
G1 X56.585 Y40.471
G1 X56.610 Y40.796
G1 X56.000 Y40.806
G1 X55.915 Y39.889
G1 X55.750 Y39.831
G1 X55.588 Y39.881
G0 Z5.000 F500.000
G0 X57.858 Y40.031 F3000.000
G1 Z1.000 F500.000
G4 P100
G1 X57.780 Y40.671 F1000.000
G1 X57.826 Y41.305
G1 X57.965 Y41.906
G1 X58.113 Y42.119
G1 X58.400 Y42.186
G1 X58.540 Y42.161
G1 X58.580 Y42.066
G1 X58.365 Y40.886
G1 X58.569 Y41.486
G1 X58.820 Y41.886
G1 X59.124 Y42.111
G1 X59.485 Y42.186
G1 X59.893 Y42.024
G1 X60.040 Y41.606
G1 X59.948 Y41.251
G1 X59.705 Y41.106
G1 X59.553 Y41.151
G1 X59.495 Y41.276
G1 X59.545 Y41.561
G1 X59.415 Y41.696
G1 X59.220 Y41.594
G1 X59.068 Y41.319
G1 X59.010 Y40.946
G1 X59.135 Y40.514
G1 X59.495 Y40.351
G1 X59.825 Y40.474
G1 X60.360 Y40.971
G1 X60.463 Y40.911
G1 X60.500 Y40.746
G1 X60.405 Y40.436
G1 X59.955 Y39.999
G1 X59.715 Y39.873
G1 X59.445 Y39.831
G1 X59.018 Y39.934
G1 X58.705 Y40.181
G1 X58.550 Y40.461
G1 X58.348 Y39.906
G1 X58.125 Y39.831
G1 X57.963 Y39.881
G1 X57.858 Y40.031
G0 Z5.000 F500.000
G0 X60.076 Y40.316 F3000.000
G1 Z1.000 F500.000
G4 P100
G1 X60.076 Y41.036 F1000.000
G1 X60.431 Y41.726
G1 X61.024 Y42.142
G1 X61.360 Y42.196
G1 X61.508 Y42.154
G1 X61.570 Y42.001
G1 X61.974 Y41.977
G1 X62.035 Y41.846
G1 X61.845 Y40.546
G1 X61.883 Y40.426
G1 X61.980 Y40.381
G1 X62.210 Y40.504
G1 X62.710 Y40.971
G1 X62.813 Y40.911
G1 X62.850 Y40.746
G1 X62.755 Y40.436
G1 X62.320 Y40.006
G1 X61.875 Y39.831
G1 X61.573 Y39.944
G1 X61.365 Y40.251
G1 X61.071 Y39.936
G1 X60.710 Y39.831
G1 X60.431 Y39.887
G1 X60.215 Y40.056
G1 X60.076 Y40.316
G0 Z5.000 F500.000
G0 X60.718 Y40.411 F3000.000
G1 Z1.000 F500.000
G4 P100
G1 X60.890 Y40.336 F1000.000
G1 X61.100 Y40.466
G1 X61.245 Y40.811
G1 X61.430 Y41.731
G1 X61.043 Y41.574
G1 X60.760 Y41.171
G1 X60.655 Y40.641
G1 X60.718 Y40.411
G0 Z5.000 F500.000
G0 X66.850 Y40.646 F3000.000
G1 Z1.000 F500.000
G4 P100
G1 X66.896 Y41.036 F1000.000
G1 X67.251 Y41.726
G1 X67.844 Y42.142
G1 X68.180 Y42.196
G1 X68.328 Y42.154
G1 X68.390 Y42.001
G1 X68.794 Y41.977
G1 X68.855 Y41.846
G1 X68.665 Y40.546
G1 X68.703 Y40.426
G1 X68.800 Y40.381
G1 X69.030 Y40.504
G1 X69.530 Y40.971
G1 X69.633 Y40.911
G1 X69.670 Y40.746
G1 X69.575 Y40.436
G1 X69.140 Y40.006
G1 X68.695 Y39.831
G1 X68.393 Y39.944
G1 X68.185 Y40.251
G1 X67.891 Y39.936
G1 X67.530 Y39.831
G1 X67.251 Y39.887
G1 X67.035 Y40.056
G1 X66.896 Y40.316
G1 X66.850 Y40.646
G0 Z5.000 F500.000
G0 X67.538 Y40.411 F3000.000
G1 Z1.000 F500.000
G4 P100
G1 X67.710 Y40.336 F1000.000
G1 X67.920 Y40.466
G1 X68.065 Y40.811
G1 X68.250 Y41.731
G1 X67.863 Y41.574
G1 X67.580 Y41.171
G1 X67.475 Y40.641
G1 X67.538 Y40.411
G0 Z5.000 F500.000
G0 X69.220 Y40.821 F3000.000
G1 Z1.000 F500.000
G4 P100
G1 X69.358 Y41.494 F1000.000
G1 X69.730 Y41.959
G1 X70.250 Y42.126
G1 X70.510 Y42.071
G1 X69.675 Y43.154
G1 X69.605 Y43.471
G1 X69.735 Y43.839
G1 X70.055 Y44.046
G1 X71.225 Y44.396
G1 X71.338 Y44.306
G1 X71.380 Y44.096
G1 X71.285 Y43.846
G1 X70.293 Y43.579
G1 X70.185 Y43.416
G1 X71.138 Y42.069
G1 X71.240 Y41.276
G1 X71.925 Y41.391
G1 X72.025 Y41.326
G1 X72.025 Y40.969
G1 X71.915 Y40.876
G1 X71.155 Y40.751
G1 X70.988 Y40.359
G1 X70.748 Y40.071
G1 X70.444 Y39.895
G1 X70.090 Y39.836
G1 X69.725 Y39.897
G1 X69.450 Y40.079
G1 X69.278 Y40.386
G1 X69.220 Y40.821
G0 Z5.000 F500.000
G0 X69.903 Y40.481 F3000.000
G1 Z1.000 F500.000
G4 P100
G1 X70.090 Y40.361 F1000.000
G1 X70.378 Y40.534
G1 X70.590 Y40.981
G1 X70.448 Y41.221
G1 X70.410 Y41.636
G1 X70.083 Y41.536
G1 X69.910 Y41.244
G1 X69.845 Y40.821
G1 X69.903 Y40.481
G0 Z5.000 F500.000
G0 X71.660 Y40.501 F3000.000
G1 Z1.000 F500.000
G4 P100
G1 X71.760 Y40.751 F1000.000
G1 X72.473 Y41.049
G1 X72.758 Y41.256
G1 X72.880 Y41.571
G1 X72.820 Y41.731
G1 X72.620 Y41.786
G1 X72.068 Y41.589
G1 X71.804 Y41.614
G1 X71.755 Y41.756
G1 X71.868 Y41.991
G1 X72.190 Y42.166
G1 X72.680 Y42.231
G1 X72.989 Y42.189
G1 X73.208 Y42.061
G1 X73.337 Y41.865
G1 X73.380 Y41.616
G1 X73.301 Y41.235
G1 X73.063 Y40.931
G1 X72.245 Y40.521
G1 X72.770 Y40.211
G1 X73.855 Y40.921
G1 X73.970 Y40.961
G1 X74.073 Y40.901
G1 X74.110 Y40.741
G1 X73.970 Y40.446
G1 X72.960 Y39.816
G1 X72.952 Y39.031
G1 X72.621 Y38.182
G1 X72.363 Y37.861
G1 X72.067 Y37.651
G1 X71.755 Y37.581
G1 X71.511 Y37.619
G1 X71.218 Y37.918
G1 X71.244 Y38.585
G1 X71.435 Y38.991
G1 X71.786 Y39.416
G1 X72.330 Y39.891
G1 X71.740 Y40.291
G1 X71.660 Y40.501
G0 Z5.000 F500.000
G0 X72.430 Y39.416 F3000.000
G1 Z1.000 F500.000
G4 P100
G1 X71.860 Y38.805 F1000.000
G1 X71.718 Y38.521
G1 X71.705 Y38.101
G1 X71.810 Y38.051
G1 X72.078 Y38.274
G1 X72.328 Y38.811
G1 X72.430 Y39.416
G0 Z5.000 F500.000
G0 X73.925 Y40.056 F3000.000
G1 Z1.000 F500.000
G4 P100
G1 X73.786 Y40.316 F1000.000
G1 X73.740 Y40.646
G1 X73.925 Y41.404
G1 X74.141 Y41.726
G1 X74.734 Y42.142
G1 X75.070 Y42.196
G1 X75.218 Y42.154
G1 X75.280 Y42.001
G1 X75.684 Y41.977
G1 X75.745 Y41.846
G1 X75.555 Y40.546
G1 X75.593 Y40.426
G1 X75.690 Y40.381
G1 X75.920 Y40.504
G1 X76.285 Y40.901
G1 X76.420 Y40.971
G1 X76.523 Y40.911
G1 X76.560 Y40.746
G1 X76.465 Y40.436
G1 X76.030 Y40.006
G1 X75.585 Y39.831
G1 X75.283 Y39.944
G1 X75.075 Y40.251
G1 X74.781 Y39.936
G1 X74.420 Y39.831
G1 X74.141 Y39.887
G1 X73.925 Y40.056
G0 Z5.000 F500.000
G0 X74.428 Y40.411 F3000.000
G1 Z1.000 F500.000
G4 P100
G1 X74.600 Y40.336 F1000.000
G1 X74.810 Y40.466
G1 X74.955 Y40.811
G1 X75.140 Y41.731
G1 X74.753 Y41.574
G1 X74.470 Y41.171
G1 X74.365 Y40.641
G1 X74.428 Y40.411
G0 Z5.000 F500.000
G0 X76.155 Y40.556 F3000.000
G1 Z1.000 F500.000
G4 P100
G1 X76.205 Y41.239 F1000.000
G1 X76.370 Y41.906
G1 X76.513 Y42.124
G1 X76.795 Y42.186
G1 X76.945 Y42.154
G1 X76.990 Y42.046
G1 X76.755 Y40.741
G1 X76.860 Y40.551
G1 X77.009 Y40.646
G1 X77.185 Y40.931
G1 X77.660 Y42.124
G1 X77.905 Y42.186
G1 X78.065 Y42.159
G1 X78.110 Y42.056
G1 X77.885 Y40.951
G1 X77.865 Y40.504
G1 X78.088 Y40.441
G1 X78.100 Y40.301
G1 X78.795 Y40.736
G1 X78.898 Y40.676
G1 X78.935 Y40.516
G1 X78.790 Y40.236
G1 X78.070 Y39.786
G1 X77.790 Y38.869
G1 X77.575 Y38.576
G1 X77.313 Y38.396
G1 X77.015 Y38.336
G1 X76.668 Y38.476
G1 X76.530 Y38.826
G1 X76.618 Y39.169
G1 X76.938 Y39.531
G1 X77.595 Y39.986
G1 X77.368 Y40.164
G1 X77.285 Y40.536
G1 X77.038 Y40.021
G1 X76.861 Y39.879
G1 X76.464 Y39.882
G1 X76.191 Y40.269
G1 X76.155 Y40.556
G0 Z5.000 F500.000
G0 X77.145 Y39.200 F3000.000
G1 Z1.000 F500.000
G4 P100
G1 X77.015 Y38.916 F1000.000
G1 X77.120 Y38.806
G1 X77.370 Y38.996
G1 X77.535 Y39.501
G1 X77.145 Y39.200
G0 Z5.000 F500.000
G0 X82.950 Y38.519 F3000.000
G1 Z1.000 F500.000
G4 P100
G1 X83.160 Y38.914 F1000.000
G1 X83.563 Y39.368
G1 X84.210 Y39.916
G1 X84.240 Y40.111
G1 X84.018 Y39.904
G1 X83.745 Y39.831
G1 X83.466 Y39.887
G1 X83.250 Y40.056
G1 X83.111 Y40.316
G1 X83.065 Y40.646
G1 X83.250 Y41.404
G1 X83.466 Y41.726
G1 X84.059 Y42.142
G1 X84.395 Y42.196
G1 X84.543 Y42.154
G1 X84.605 Y42.001
G1 X85.003 Y41.984
G1 X85.050 Y41.741
G1 X84.835 Y40.391
G1 X85.690 Y40.961
G1 X85.793 Y40.899
G1 X85.795 Y40.561
G1 X84.735 Y39.801
G1 X84.516 Y38.877
G1 X84.238 Y38.174
G1 X83.888 Y37.729
G1 X83.455 Y37.581
G1 X83.040 Y37.739
G1 X82.880 Y38.151
G1 X82.950 Y38.519
G0 Z5.000 F500.000
G0 X83.370 Y38.261 F3000.000
G1 Z1.000 F500.000
G4 P100
G1 X83.403 Y38.121 F1000.000
G1 X83.510 Y38.066
G1 X83.643 Y38.141
G1 X83.793 Y38.366
G1 X84.095 Y39.321
G1 X83.540 Y38.726
G1 X83.370 Y38.261
G0 Z5.000 F500.000
G0 X83.925 Y40.336 F3000.000
G1 Z1.000 F500.000
G4 P100
G1 X84.145 Y40.476 F1000.000
G1 X84.455 Y41.731
G1 X84.075 Y41.574
G1 X83.795 Y41.171
G1 X83.690 Y40.641
G1 X83.753 Y40.411
G1 X83.925 Y40.336
G0 Z5.000 F500.000
G0 X85.450 Y40.881 F3000.000
G1 Z1.000 F500.000
G4 P100
G1 X85.595 Y41.559 F1000.000
G1 X85.768 Y41.824
G1 X86.264 Y42.149
G1 X86.560 Y42.191
G1 X86.903 Y42.126
G1 X87.173 Y41.929
G1 X87.357 Y41.636
G1 X87.445 Y41.281
G1 X88.075 Y41.391
G1 X88.175 Y41.326
G1 X88.210 Y41.161
G1 X88.174 Y40.970
G1 X88.065 Y40.876
G1 X87.405 Y40.756
G1 X87.264 Y40.378
G1 X87.030 Y40.084
G1 X86.731 Y39.894
G1 X86.395 Y39.831
G1 X85.883 Y39.976
G1 X85.560 Y40.361
G1 X85.450 Y40.881
G0 Z5.000 F500.000
G0 X86.183 Y40.506 F3000.000
G1 Z1.000 F500.000
G4 P100
G1 X86.435 Y40.361 F1000.000
G1 X86.713 Y40.491
G1 X86.870 Y40.866
G1 X86.633 Y41.141
G1 X86.565 Y41.661
G1 X86.363 Y41.613
G1 X86.208 Y41.469
G1 X86.108 Y41.237
G1 X86.075 Y40.926
G1 X86.183 Y40.506
G0 Z5.000 F500.000
G0 X87.545 Y40.486 F3000.000
G1 Z1.000 F500.000
G4 P100
G1 X87.660 Y40.891 F1000.000
G1 X87.985 Y41.046
G1 X88.128 Y41.006
G1 X88.165 Y40.896
G1 X88.148 Y40.431
G1 X88.215 Y40.386
G1 X88.328 Y40.461
G1 X89.165 Y42.099
G1 X89.465 Y42.176
G1 X89.745 Y42.101
G1 X89.835 Y41.856
G1 X89.859 Y40.487
G1 X90.020 Y40.356
G1 X90.198 Y40.441
G1 X90.730 Y40.971
G1 X90.833 Y40.911
G1 X90.870 Y40.746
G1 X90.775 Y40.436
G1 X90.488 Y40.124
G1 X90.188 Y39.919
G1 X89.785 Y39.831
G1 X89.533 Y39.889
G1 X89.365 Y40.064
G1 X89.271 Y40.356
G1 X89.260 Y41.221
G1 X89.029 Y40.632
G1 X88.758 Y40.196
G1 X88.444 Y39.926
G1 X88.090 Y39.836
G1 X87.863 Y39.882
G1 X87.690 Y40.021
G1 X87.545 Y40.486
G0 Z5.000 F500.000
G0 X90.370 Y40.421 F3000.000
G1 Z1.000 F500.000
G4 P100
G1 X90.485 Y40.826 F1000.000
G1 X90.810 Y40.981
G1 X90.945 Y40.947
G1 X90.990 Y40.846
G1 X90.998 Y40.404
G1 X91.095 Y40.366
G1 X91.278 Y40.479
G1 X91.423 Y40.786
G1 X91.480 Y41.216
G1 X91.435 Y41.519
G1 X91.325 Y41.641
G1 X91.245 Y41.614
G1 X91.115 Y41.394
G1 X90.940 Y41.346
G1 X90.765 Y41.424
G1 X90.700 Y41.661
G1 X90.863 Y42.059
G1 X91.270 Y42.206
G1 X91.673 Y42.019
G1 X91.955 Y41.446
G1 X92.040 Y41.951
G1 X92.170 Y42.136
G1 X92.565 Y42.156
G1 X92.605 Y42.056
G1 X92.405 Y40.886
G1 X92.705 Y41.654
G1 X93.053 Y42.061
G1 X93.500 Y42.186
G1 X93.732 Y42.146
G1 X94.018 Y41.838
G1 X94.055 Y41.606
G1 X93.963 Y41.251
G1 X93.720 Y41.106
G1 X93.568 Y41.151
G1 X93.528 Y41.662
G1 X93.430 Y41.696
G1 X93.235 Y41.594
G1 X93.083 Y41.319
G1 X93.025 Y40.946
G1 X93.150 Y40.514
G1 X93.510 Y40.351
G1 X93.840 Y40.474
G1 X94.375 Y40.971
G1 X94.478 Y40.911
G1 X94.515 Y40.746
G1 X94.420 Y40.436
G1 X93.970 Y39.999
G1 X93.460 Y39.831
G1 X93.030 Y39.951
G1 X92.725 Y40.254
G1 X92.575 Y40.621
G1 X92.415 Y40.001
G1 X92.313 Y39.871
G1 X92.160 Y39.831
G1 X91.990 Y39.916
G1 X91.940 Y40.186
G1 X92.050 Y41.066
G1 X91.773 Y40.421
G1 X91.453 Y40.006
G1 X91.232 Y39.879
G1 X90.719 Y39.876
G1 X90.410 Y40.182
G1 X90.370 Y40.421
G0 Z5.000 F500.000
G0 X94.035 Y40.896 F3000.000
G1 Z1.000 F500.000
G4 P100
G1 X94.180 Y41.539 F1000.000
G1 X94.353 Y41.806
G1 X94.857 Y42.142
G1 X95.165 Y42.186
G1 X95.426 Y42.143
G1 X95.630 Y42.014
G1 X95.761 Y41.811
G1 X95.805 Y41.546
G1 X95.743 Y41.226
G1 X95.558 Y40.954
G1 X95.224 Y40.732
G1 X94.720 Y40.561
G1 X94.901 Y40.389
G1 X95.195 Y40.331
G1 X95.708 Y40.489
G1 X96.340 Y40.971
G1 X96.443 Y40.911
G1 X96.480 Y40.746
G1 X96.385 Y40.436
G1 X95.863 Y40.021
G1 X95.140 Y39.831
G1 X94.674 Y39.902
G1 X94.325 Y40.116
G1 X94.108 Y40.454
G1 X94.035 Y40.896
G0 Z5.000 F500.000
G0 X94.640 Y40.961 F3000.000
G1 Z1.000 F500.000
G4 P100
G1 X95.105 Y41.161 F1000.000
G1 X95.233 Y41.312
G1 X95.223 Y41.639
G1 X95.080 Y41.696
G1 X94.909 Y41.642
G1 X94.768 Y41.481
G1 X94.640 Y40.961
G0 Z5.000 F500.000
G0 X96.131 Y41.305 F3000.000
G1 Z1.000 F500.000
G4 P100
G1 X96.270 Y41.906 F1000.000
G1 X96.415 Y42.119
G1 X96.705 Y42.186
G1 X96.845 Y42.161
G1 X96.885 Y42.066
G1 X96.735 Y41.306
G1 X97.375 Y41.306
G1 X97.643 Y42.121
G1 X98.050 Y42.159
G1 X98.095 Y42.056
G1 X97.830 Y40.581
G1 X97.870 Y40.434
G1 X97.975 Y40.381
G1 X98.213 Y40.504
G1 X98.715 Y40.971
G1 X98.818 Y40.911
G1 X98.855 Y40.746
G1 X98.760 Y40.436
G1 X98.288 Y40.001
G1 X97.735 Y39.831
G1 X97.514 Y39.871
G1 X97.370 Y39.991
G1 X97.265 Y40.471
G1 X97.290 Y40.796
G1 X96.680 Y40.806
G1 X96.655 Y40.071
G1 X96.595 Y39.889
G1 X96.430 Y39.831
G1 X96.268 Y39.881
G1 X96.163 Y40.031
G1 X96.085 Y40.671
G1 X96.131 Y41.305
G0 Z5.000 F500.000
G0 X102.840 Y40.841 F3000.000
G1 Z1.000 F500.000
G4 P100
G1 X102.880 Y41.221 F1000.000
G1 X103.184 Y41.821
G1 X103.415 Y42.021
G1 X103.950 Y42.186
G1 X104.378 Y42.024
G1 X104.530 Y41.606
G1 X104.438 Y41.251
G1 X104.195 Y41.106
G1 X104.043 Y41.151
G1 X103.985 Y41.276
G1 X104.003 Y41.661
G1 X103.910 Y41.696
G1 X103.695 Y41.594
G1 X103.535 Y41.316
G1 X103.475 Y40.931
G1 X103.601 Y40.496
G1 X103.980 Y40.351
G1 X104.423 Y40.489
G1 X105.025 Y40.971
G1 X105.128 Y40.911
G1 X105.165 Y40.746
G1 X105.070 Y40.436
G1 X104.812 Y40.179
G1 X104.508 Y39.989
G1 X103.875 Y39.831
G1 X103.439 Y39.901
G1 X103.113 Y40.109
G1 X102.908 Y40.431
G1 X102.840 Y40.841
G0 Z5.000 F500.000
G0 X104.770 Y40.671 F3000.000
G1 Z1.000 F500.000
G4 P100
G1 X104.955 Y41.906 F1000.000
G1 X105.100 Y42.119
G1 X105.390 Y42.186
G1 X105.530 Y42.161
G1 X105.570 Y42.066
G1 X105.420 Y41.306
G1 X106.060 Y41.306
G1 X106.328 Y42.121
G1 X106.735 Y42.159
G1 X106.780 Y42.056
G1 X106.515 Y40.581
G1 X106.555 Y40.434
G1 X106.660 Y40.381
G1 X106.898 Y40.504
G1 X107.400 Y40.971
G1 X107.503 Y40.911
G1 X107.540 Y40.746
G1 X107.445 Y40.436
G1 X106.973 Y40.001
G1 X106.420 Y39.831
G1 X106.199 Y39.871
G1 X106.055 Y39.991
G1 X105.950 Y40.471
G1 X105.975 Y40.796
G1 X105.365 Y40.806
G1 X105.340 Y40.071
G1 X105.280 Y39.889
G1 X105.115 Y39.831
G1 X104.953 Y39.881
G1 X104.848 Y40.031
G1 X104.770 Y40.671
G0 Z5.000 F500.000
G0 X107.170 Y40.361 F3000.000
G1 Z1.000 F500.000
G4 P100
G1 X107.060 Y40.881 F1000.000
G1 X107.205 Y41.559
G1 X107.378 Y41.824
G1 X107.874 Y42.149
G1 X108.170 Y42.191
G1 X108.513 Y42.126
G1 X108.783 Y41.929
G1 X108.967 Y41.636
G1 X109.055 Y41.281
G1 X109.685 Y41.391
G1 X109.785 Y41.326
G1 X109.784 Y40.970
G1 X109.675 Y40.876
G1 X109.015 Y40.756
G1 X108.874 Y40.378
G1 X108.640 Y40.084
G1 X108.341 Y39.894
G1 X107.727 Y39.867
G1 X107.493 Y39.976
G1 X107.170 Y40.361
G0 Z5.000 F500.000
G0 X107.793 Y40.506 F3000.000
G1 Z1.000 F500.000
G4 P100
G1 X108.045 Y40.361 F1000.000
G1 X108.323 Y40.491
G1 X108.480 Y40.866
G1 X108.243 Y41.141
G1 X108.175 Y41.661
G1 X107.973 Y41.613
G1 X107.818 Y41.469
G1 X107.718 Y41.237
G1 X107.685 Y40.926
G1 X107.793 Y40.506
G0 Z5.000 F500.000
G0 X109.425 Y41.331 F3000.000
G1 Z1.000 F500.000
G4 P100
G1 X109.585 Y42.734 F1000.000
G1 X109.782 Y43.435
G1 X110.053 Y44.024
G1 X110.389 Y44.423
G1 X110.785 Y44.556
G1 X110.993 Y44.507
G1 X111.260 Y44.132
G1 X111.295 Y43.846
G1 X111.140 Y43.031
G1 X110.625 Y42.181
G1 X110.929 Y42.099
G1 X111.170 Y41.904
G1 X111.338 Y41.622
G1 X111.420 Y41.281
G1 X112.050 Y41.391
G1 X112.150 Y41.326
G1 X112.150 Y40.969
G1 X112.040 Y40.876
G1 X111.380 Y40.756
G1 X111.236 Y40.381
G1 X111.003 Y40.086
G1 X110.711 Y39.895
G1 X110.390 Y39.831
G1 X109.954 Y39.927
G1 X109.655 Y40.216
G1 X109.483 Y40.687
G1 X109.425 Y41.331
G0 Z5.000 F500.000
G0 X110.050 Y40.946 F3000.000
G1 Z1.000 F500.000
G4 P100
G1 X110.158 Y40.511 F1000.000
G1 X110.410 Y40.361
G1 X110.685 Y40.491
G1 X110.845 Y40.866
G1 X110.608 Y41.141
G1 X110.545 Y41.691
G1 X110.346 Y41.641
G1 X110.188 Y41.489
G1 X110.050 Y40.946
G0 Z5.000 F500.000
G0 X110.085 Y41.841 F3000.000
G1 Z1.000 F500.000
G4 P100
G1 X110.761 Y43.346 F1000.000
G1 X110.810 Y43.731
G1 X110.773 Y43.976
G1 X110.670 Y44.061
G1 X110.453 Y43.764
G1 X110.235 Y42.956
G1 X110.085 Y41.841
G0 Z5.000 F500.000
G0 X112.091 Y41.726 F3000.000
G1 Z1.000 F500.000
G4 P100
G1 X112.684 Y42.142 F1000.000
G1 X113.020 Y42.196
G1 X113.168 Y42.154
G1 X113.230 Y42.001
G1 X113.634 Y41.977
G1 X113.695 Y41.846
G1 X113.505 Y40.546
G1 X113.543 Y40.426
G1 X113.640 Y40.381
G1 X113.870 Y40.504
G1 X114.370 Y40.971
G1 X114.473 Y40.911
G1 X114.510 Y40.746
G1 X114.415 Y40.436
G1 X113.980 Y40.006
G1 X113.535 Y39.831
G1 X113.233 Y39.944
G1 X113.025 Y40.251
G1 X112.731 Y39.936
G1 X112.370 Y39.831
G1 X112.091 Y39.887
G1 X111.875 Y40.056
G1 X111.736 Y40.316
G1 X111.690 Y40.646
G1 X111.736 Y41.036
G1 X112.091 Y41.726
G0 Z5.000 F500.000
G0 X112.420 Y41.171 F3000.000
G1 Z1.000 F500.000
G4 P100
G1 X112.315 Y40.641 F1000.000
G1 X112.378 Y40.411
G1 X112.550 Y40.336
G1 X112.760 Y40.466
G1 X112.905 Y40.811
G1 X113.090 Y41.731
G1 X112.703 Y41.574
G1 X112.420 Y41.171
G0 Z5.000 F500.000
G0 X118.625 Y41.244 F3000.000
G1 Z1.000 F500.000
G4 P100
G1 X118.790 Y41.906 F1000.000
G1 X118.930 Y42.121
G1 X119.368 Y42.151
G1 X119.410 Y42.046
G1 X119.175 Y40.741
G1 X119.280 Y40.551
G1 X119.468 Y40.701
G1 X119.708 Y41.156
G1 X120.078 Y42.121
G1 X120.485 Y42.159
G1 X120.530 Y42.056
G1 X120.265 Y40.581
G1 X120.305 Y40.434
G1 X120.410 Y40.381
G1 X120.648 Y40.504
G1 X121.150 Y40.971
G1 X121.253 Y40.911
G1 X121.290 Y40.746
G1 X121.195 Y40.436
G1 X120.733 Y40.001
G1 X120.468 Y39.874
G1 X119.962 Y39.877
G1 X119.818 Y40.016
G1 X119.705 Y40.536
G1 X119.450 Y40.014
G1 X119.085 Y39.831
G1 X118.881 Y39.883
G1 X118.611 Y40.272
G1 X118.625 Y41.244
G0 Z5.000 F500.000
G0 X120.805 Y40.841 F3000.000
G1 Z1.000 F500.000
G4 P100
G1 X120.845 Y41.221 F1000.000
G1 X121.149 Y41.821
G1 X121.380 Y42.021
G1 X121.915 Y42.186
G1 X122.343 Y42.024
G1 X122.495 Y41.606
G1 X122.403 Y41.251
G1 X122.160 Y41.106
G1 X122.008 Y41.151
G1 X121.950 Y41.276
G1 X121.968 Y41.661
G1 X121.875 Y41.696
G1 X121.660 Y41.594
G1 X121.500 Y41.316
G1 X121.440 Y40.931
G1 X121.566 Y40.496
G1 X121.945 Y40.351
G1 X122.388 Y40.489
G1 X122.990 Y40.971
G1 X123.093 Y40.911
G1 X123.130 Y40.746
G1 X123.035 Y40.436
G1 X122.777 Y40.179
G1 X122.473 Y39.989
G1 X121.840 Y39.831
G1 X121.404 Y39.901
G1 X121.078 Y40.109
G1 X120.873 Y40.431
G1 X120.805 Y40.841
G0 Z5.000 F500.000
G0 X122.735 Y40.671 F3000.000
G1 Z1.000 F500.000
G4 P100
G1 X122.920 Y41.906 F1000.000
G1 X123.068 Y42.119
G1 X123.355 Y42.186
G1 X123.495 Y42.161
G1 X123.535 Y42.066
G1 X123.330 Y40.986
G1 X123.700 Y41.686
G1 X124.103 Y42.071
G1 X124.465 Y42.186
G1 X124.709 Y42.105
G1 X124.790 Y41.861
G1 X124.585 Y40.581
G1 X124.621 Y40.431
G1 X124.730 Y40.381
G1 X124.968 Y40.504
G1 X125.470 Y40.971
G1 X125.573 Y40.911
G1 X125.610 Y40.746
G1 X125.515 Y40.436
G1 X125.053 Y40.001
G1 X124.490 Y39.831
G1 X124.266 Y39.868
G1 X124.008 Y40.159
G1 X123.975 Y40.406
G1 X124.110 Y41.341
G1 X124.055 Y41.421
G1 X123.873 Y41.254
G1 X123.633 Y40.811
G1 X123.308 Y39.914
G1 X123.080 Y39.831
G1 X122.918 Y39.881
G1 X122.813 Y40.031
G1 X122.735 Y40.671
G0 Z5.000 F500.000
G0 X125.240 Y40.361 F3000.000
G1 Z1.000 F500.000
G4 P100
G1 X125.130 Y40.881 F1000.000
G1 X125.275 Y41.559
G1 X125.448 Y41.824
G1 X125.944 Y42.149
G1 X126.240 Y42.191
G1 X126.583 Y42.126
G1 X126.853 Y41.929
G1 X127.037 Y41.636
G1 X127.125 Y41.281
G1 X127.755 Y41.391
G1 X127.855 Y41.326
G1 X127.854 Y40.970
G1 X127.745 Y40.876
G1 X127.085 Y40.756
G1 X126.944 Y40.378
G1 X126.710 Y40.084
G1 X126.411 Y39.894
G1 X125.797 Y39.867
G1 X125.563 Y39.976
G1 X125.240 Y40.361
G0 Z5.000 F500.000
G0 X125.863 Y40.506 F3000.000
G1 Z1.000 F500.000
G4 P100
G1 X126.115 Y40.361 F1000.000
G1 X126.393 Y40.491
G1 X126.550 Y40.866
G1 X126.313 Y41.141
G1 X126.245 Y41.661
G1 X126.043 Y41.613
G1 X125.888 Y41.469
G1 X125.788 Y41.237
G1 X125.755 Y40.926
G1 X125.863 Y40.506
G0 Z5.000 F500.000
G0 X127.225 Y40.486 F3000.000
G1 Z1.000 F500.000
G4 P100
G1 X127.340 Y40.891 F1000.000
G1 X127.665 Y41.046
G1 X127.808 Y41.006
G1 X127.845 Y40.896
G1 X127.828 Y40.431
G1 X127.895 Y40.386
G1 X128.008 Y40.461
G1 X128.845 Y42.099
G1 X129.145 Y42.176
G1 X129.425 Y42.101
G1 X129.515 Y41.856
G1 X129.539 Y40.487
G1 X129.700 Y40.356
G1 X129.878 Y40.441
G1 X130.410 Y40.971
G1 X130.513 Y40.911
G1 X130.550 Y40.746
G1 X130.455 Y40.436
G1 X130.168 Y40.124
G1 X129.868 Y39.919
G1 X129.465 Y39.831
G1 X129.213 Y39.889
G1 X129.045 Y40.064
G1 X128.951 Y40.356
G1 X128.940 Y41.221
G1 X128.709 Y40.632
G1 X128.438 Y40.196
G1 X128.124 Y39.926
G1 X127.770 Y39.836
G1 X127.543 Y39.882
G1 X127.370 Y40.021
G1 X127.225 Y40.486
G0 Z5.000 F500.000
G0 X130.225 Y40.761 F3000.000
G1 Z1.000 F500.000
G4 P100
G1 X130.410 Y41.906 F1000.000
G1 X130.558 Y42.119
G1 X130.855 Y42.186
G1 X131.024 Y42.156
G1 X131.080 Y42.066
G1 X130.900 Y41.256
G1 X131.223 Y41.479
G1 X131.605 Y41.566
G1 X131.878 Y41.516
G1 X132.088 Y41.366
G1 X132.221 Y41.139
G1 X132.265 Y40.856
G1 X132.150 Y40.386
G1 X132.535 Y40.501
G1 X133.055 Y40.971
G1 X133.158 Y40.911
G1 X133.195 Y40.746
G1 X133.100 Y40.436
G1 X132.628 Y40.001
G1 X132.368 Y39.874
G1 X132.075 Y39.831
G1 X131.715 Y39.951
G1 X131.195 Y39.831
G1 X130.789 Y39.896
G1 X130.483 Y40.089
G1 X130.289 Y40.386
G1 X130.225 Y40.761
G0 Z5.000 F500.000
G0 X130.855 Y40.731 F3000.000
G1 Z1.000 F500.000
G4 P100
G1 X130.960 Y40.456 F1000.000
G1 X131.220 Y40.361
G1 X131.530 Y40.471
G1 X131.640 Y40.776
G1 X131.569 Y40.975
G1 X131.355 Y41.041
G1 X131.063 Y40.946
G1 X130.855 Y40.731
G0 Z5.000 F500.000
G0 X132.820 Y40.501 F3000.000
G1 Z1.000 F500.000
G4 P100
G1 X132.920 Y40.751 F1000.000
G1 X133.633 Y41.049
G1 X133.918 Y41.256
G1 X134.040 Y41.571
G1 X133.980 Y41.731
G1 X133.780 Y41.786
G1 X133.228 Y41.589
G1 X132.964 Y41.614
G1 X132.915 Y41.756
G1 X133.028 Y41.991
G1 X133.350 Y42.166
G1 X133.840 Y42.231
G1 X134.149 Y42.189
G1 X134.368 Y42.061
G1 X134.497 Y41.865
G1 X134.540 Y41.616
G1 X134.461 Y41.235
G1 X134.223 Y40.931
G1 X133.405 Y40.521
G1 X133.930 Y40.211
G1 X135.015 Y40.921
G1 X135.130 Y40.961
G1 X135.233 Y40.901
G1 X135.270 Y40.741
G1 X135.130 Y40.446
G1 X134.120 Y39.816
G1 X134.112 Y39.031
G1 X133.781 Y38.182
G1 X133.523 Y37.861
G1 X133.227 Y37.651
G1 X132.915 Y37.581
G1 X132.671 Y37.619
G1 X132.378 Y37.918
G1 X132.404 Y38.585
G1 X132.595 Y38.991
G1 X132.946 Y39.416
G1 X133.490 Y39.891
G1 X132.900 Y40.291
G1 X132.820 Y40.501
G0 Z5.000 F500.000
G0 X133.590 Y39.416 F3000.000
G1 Z1.000 F500.000
G4 P100
G1 X133.020 Y38.805 F1000.000
G1 X132.878 Y38.521
G1 X132.865 Y38.101
G1 X132.970 Y38.051
G1 X133.238 Y38.274
G1 X133.488 Y38.811
G1 X133.590 Y39.416
G0 Z5.000 F500.000
G0 X135.000 Y40.361 F3000.000
G1 Z1.000 F500.000
G4 P100
G1 X134.890 Y40.881 F1000.000
G1 X135.035 Y41.559
G1 X135.208 Y41.824
G1 X135.704 Y42.149
G1 X136.000 Y42.191
G1 X136.343 Y42.126
G1 X136.613 Y41.929
G1 X136.797 Y41.636
G1 X136.885 Y41.281
G1 X137.515 Y41.391
G1 X137.615 Y41.326
G1 X137.614 Y40.970
G1 X137.505 Y40.876
G1 X136.845 Y40.756
G1 X136.704 Y40.378
G1 X136.470 Y40.084
G1 X136.171 Y39.894
G1 X135.557 Y39.867
G1 X135.323 Y39.976
G1 X135.000 Y40.361
G0 Z5.000 F500.000
G0 X135.623 Y40.506 F3000.000
G1 Z1.000 F500.000
G4 P100
G1 X135.875 Y40.361 F1000.000
G1 X136.153 Y40.491
G1 X136.310 Y40.866
G1 X136.073 Y41.141
G1 X136.005 Y41.661
G1 X135.803 Y41.613
G1 X135.648 Y41.469
G1 X135.548 Y41.237
G1 X135.515 Y40.926
G1 X135.623 Y40.506
G0 Z5.000 F500.000
G0 X137.255 Y41.331 F3000.000
G1 Z1.000 F500.000
G4 P100
G1 X137.415 Y42.734 F1000.000
G1 X137.612 Y43.435
G1 X137.883 Y44.024
G1 X138.219 Y44.423
G1 X138.615 Y44.556
G1 X138.823 Y44.507
G1 X139.090 Y44.132
G1 X139.125 Y43.846
G1 X138.970 Y43.031
G1 X138.455 Y42.181
G1 X138.759 Y42.099
G1 X139.000 Y41.904
G1 X139.168 Y41.622
G1 X139.250 Y41.281
G1 X139.880 Y41.391
G1 X139.980 Y41.326
G1 X139.980 Y40.969
G1 X139.870 Y40.876
G1 X139.210 Y40.756
G1 X139.066 Y40.381
G1 X138.833 Y40.086
G1 X138.541 Y39.895
G1 X138.220 Y39.831
G1 X137.784 Y39.927
G1 X137.485 Y40.216
G1 X137.313 Y40.687
G1 X137.255 Y41.331
G0 Z5.000 F500.000
G0 X137.880 Y40.946 F3000.000
G1 Z1.000 F500.000
G4 P100
G1 X137.988 Y40.511 F1000.000
G1 X138.240 Y40.361
G1 X138.515 Y40.491
G1 X138.675 Y40.866
G1 X138.438 Y41.141
G1 X138.375 Y41.691
G1 X138.176 Y41.641
G1 X138.018 Y41.489
G1 X137.880 Y40.946
G0 Z5.000 F500.000
G0 X137.915 Y41.841 F3000.000
G1 Z1.000 F500.000
G4 P100
G1 X138.591 Y43.346 F1000.000
G1 X138.640 Y43.731
G1 X138.603 Y43.976
G1 X138.500 Y44.061
G1 X138.283 Y43.764
G1 X138.065 Y42.956
G1 X137.915 Y41.841
G0 Z5.000 F500.000
G0 X139.921 Y41.726 F3000.000
G1 Z1.000 F500.000
G4 P100
G1 X140.514 Y42.142 F1000.000
G1 X140.850 Y42.196
G1 X140.998 Y42.154
G1 X141.060 Y42.001
G1 X141.464 Y41.977
G1 X141.525 Y41.846
G1 X141.335 Y40.546
G1 X141.373 Y40.426
G1 X141.470 Y40.381
G1 X141.700 Y40.504
G1 X142.200 Y40.971
G1 X142.303 Y40.911
G1 X142.340 Y40.746
G1 X142.245 Y40.436
G1 X141.810 Y40.006
G1 X141.365 Y39.831
G1 X141.063 Y39.944
G1 X140.855 Y40.251
G1 X140.561 Y39.936
G1 X140.200 Y39.831
G1 X139.921 Y39.887
G1 X139.705 Y40.056
G1 X139.566 Y40.316
G1 X139.520 Y40.646
G1 X139.566 Y41.036
G1 X139.921 Y41.726
G0 Z5.000 F500.000
G0 X140.250 Y41.171 F3000.000
G1 Z1.000 F500.000
G4 P100
G1 X140.145 Y40.641 F1000.000
G1 X140.208 Y40.411
G1 X140.380 Y40.336
G1 X140.590 Y40.466
G1 X140.735 Y40.811
G1 X140.920 Y41.731
G1 X140.533 Y41.574
G1 X140.250 Y41.171
G0 Z5.000 F500.000
G0 X141.991 Y41.305 F3000.000
G1 Z1.000 F500.000
G4 P100
G1 X142.130 Y41.906 F1000.000
G1 X142.277 Y42.119
G1 X142.565 Y42.186
G1 X142.705 Y42.161
G1 X142.745 Y42.066
G1 X142.540 Y40.991
G1 X142.862 Y41.651
G1 X143.248 Y42.054
G1 X143.620 Y42.186
G1 X143.868 Y42.106
G1 X143.940 Y41.861
G1 X143.790 Y41.011
G1 X144.054 Y41.542
G1 X144.345 Y41.906
G1 X144.640 Y42.116
G1 X144.915 Y42.186
G1 X145.159 Y42.105
G1 X145.240 Y41.861
G1 X145.035 Y40.581
G1 X145.071 Y40.431
G1 X145.180 Y40.381
G1 X145.418 Y40.504
G1 X145.920 Y40.971
G1 X146.022 Y40.911
G1 X146.060 Y40.746
G1 X145.965 Y40.436
G1 X145.502 Y40.001
G1 X145.238 Y39.874
G1 X144.716 Y39.868
G1 X144.457 Y40.159
G1 X144.425 Y40.406
G1 X144.560 Y41.341
G1 X144.505 Y41.421
G1 X144.320 Y41.254
G1 X144.080 Y40.811
G1 X143.757 Y39.911
G1 X143.525 Y39.831
G1 X143.277 Y39.989
G1 X143.195 Y40.371
G1 X143.285 Y41.341
G1 X143.230 Y41.421
G1 X143.040 Y41.241
G1 X142.817 Y40.781
G1 X142.517 Y39.914
G1 X142.290 Y39.831
G1 X142.128 Y39.881
G1 X142.022 Y40.031
G1 X141.945 Y40.671
G1 X141.991 Y41.305
G0 Z5.000 F500.000
G0 X145.675 Y40.761 F3000.000
G1 Z1.000 F500.000
G4 P100
G1 X145.860 Y41.906 F1000.000
G1 X146.008 Y42.119
G1 X146.305 Y42.186
G1 X146.474 Y42.156
G1 X146.530 Y42.066
G1 X146.350 Y41.256
G1 X146.673 Y41.479
G1 X147.055 Y41.566
G1 X147.328 Y41.516
G1 X147.538 Y41.366
G1 X147.671 Y41.139
G1 X147.715 Y40.856
G1 X147.600 Y40.386
G1 X147.985 Y40.501
G1 X148.505 Y40.971
G1 X148.608 Y40.911
G1 X148.645 Y40.746
G1 X148.550 Y40.436
G1 X148.078 Y40.001
G1 X147.818 Y39.874
G1 X147.525 Y39.831
G1 X147.165 Y39.951
G1 X146.645 Y39.831
G1 X146.239 Y39.896
G1 X145.933 Y40.089
G1 X145.739 Y40.386
G1 X145.675 Y40.761
G0 Z5.000 F500.000
G0 X146.305 Y40.731 F3000.000
G1 Z1.000 F500.000
G4 P100
G1 X146.410 Y40.456 F1000.000
G1 X146.670 Y40.361
G1 X146.980 Y40.471
G1 X147.090 Y40.776
G1 X147.019 Y40.975
G1 X146.805 Y41.041
G1 X146.513 Y40.946
G1 X146.305 Y40.731
G0 Z5.000 F500.000
G0 X83.404 Y16.566 F3000.000
G1 Z1.000 F500.000
G4 P100
G1 X84.271 Y16.575 F1000.000
G1 X84.604 Y16.466
G1 X84.856 Y16.589
G1 X84.604 Y16.466
G1 X84.047 Y15.743
G1 X83.838 Y15.255
G1 X83.764 Y14.741
G0 Z5.000 F500.000
G0 X95.689 Y191.460 F3000.000
G1 Z1.000 F500.000
G4 P100
G1 X97.860 Y191.496 F1000.000
G0 Z5.000 F500.000
G0 X100.104 Y191.460 F3000.000
G1 Z1.000 F500.000
G4 P100
G1 X102.275 Y191.496 F1000.000
G0 Z5.000 F500.000
G0 X104.557 Y191.460 F3000.000
G1 Z1.000 F500.000
G4 P100
G1 X106.654 Y191.460 F1000.000
G0 Z5.000 F500.000
G0 X103.563 Y194.886 F3000.000
G1 Z1.000 F500.000
G4 P100
G1 X106.654 Y199.601 F1000.000
G0 Z5.000 F500.000
G0 X106.654 Y199.638 F3000.000
G1 Z1.000 F500.000
G4 P100
G1 X106.544 Y199.711 F1000.000
G1 X106.066 Y199.564
G1 X102.275 Y197.869
G1 X100.509 Y197.354
G1 X98.301 Y197.280
G1 X97.565 Y197.427
G0 Z5.000 F500.000
G0 X97.565 Y197.501 F3000.000
G1 Z1.000 F500.000
G4 P100
G1 X101.981 Y202.437 F1000.000
G0 Z5.000 F500.000
G0 X106.691 Y199.638 F3000.000
G1 Z1.000 F500.000
G4 P100
G1 X107.133 Y200.080 F1000.000
G1 X107.501 Y199.969
G0 Z5.000 F500.000
G0 X107.538 Y199.969 F3000.000
G1 Z1.000 F500.000
G4 P100
G1 X108.310 Y200.227 F1000.000
G1 X109.966 Y200.301
G1 X111.144 Y200.153
G1 X112.505 Y199.675
G0 Z5.000 F500.000
G0 X112.505 Y199.638 F3000.000
G1 Z1.000 F500.000
G4 P100
G1 X110.886 Y196.396 F1000.000
G0 Z5.000 F500.000
G0 X110.813 Y196.396 F3000.000
G1 Z1.000 F500.000
G4 P100
G1 X110.150 Y196.985 F1000.000
G1 X107.538 Y199.932
G0 Z5.000 F500.000
G0 X112.652 Y199.748 F3000.000
G1 Z1.000 F500.000
G4 P100
G1 X114.456 Y203.432 F1000.000
G0 Z5.000 F500.000
G0 X112.652 Y199.711 F3000.000
G1 Z1.000 F500.000
G4 P100
G1 X116.958 Y197.869 F1000.000
G0 Z5.000 F500.000
G0 X116.995 Y197.906 F3000.000
G1 Z1.000 F500.000
G4 P100
G1 X116.553 Y199.011 F1000.000
G1 X116.443 Y199.675
G1 X116.553 Y200.780
G1 X116.884 Y201.627
G1 X117.215 Y202.106
G1 X118.135 Y202.953
G1 X119.166 Y203.395
G1 X119.828 Y203.506
G1 X120.932 Y203.395
G1 X121.852 Y203.027
G1 X123.066 Y201.848
G1 X123.434 Y201.111
G1 X123.618 Y200.338
G1 X123.582 Y199.196
G1 X123.140 Y198.017
G0 Z5.000 F500.000
G0 X123.140 Y198.017 F3000.000
G1 Z1.000 F500.000
G4 P100
G1 X123.324 Y197.980 F1000.000
G1 X125.201 Y198.790
G0 Z5.000 F500.000
G0 X125.201 Y198.790 F3000.000
G1 Z1.000 F500.000
G4 P100
G1 X125.274 Y196.985 F1000.000
G1 X129.911 Y196.985
G1 X129.948 Y202.585
G1 X125.274 Y202.622
G1 X125.237 Y198.901
G0 Z5.000 F500.000
G0 X125.274 Y198.864 F3000.000
G1 Z1.000 F500.000
G4 P100
G1 X127.261 Y199.711 F1000.000
G1 X129.432 Y200.264
G0 Z5.000 F500.000
G0 X129.432 Y194.922 F3000.000
G1 Z1.000 F500.000
G4 P100
G1 X128.181 Y193.670 F1000.000
G0 Z5.000 F500.000
G0 X128.144 Y193.633 F3000.000
G1 Z1.000 F500.000
G4 P100
G1 X126.893 Y194.886 F1000.000
G0 Z5.000 F500.000
G0 X128.108 Y193.596 F3000.000
G1 Z1.000 F500.000
G4 P100
G1 X127.519 Y192.933 F1000.000
G0 Z5.000 F500.000
G0 X127.556 Y192.896 F3000.000
G1 Z1.000 F500.000
G4 P100
G1 X128.733 Y192.896 F1000.000
G0 Z5.000 F500.000
G0 X128.770 Y192.933 F3000.000
G1 Z1.000 F500.000
G4 P100
G1 X128.181 Y193.596 F1000.000
G0 Z5.000 F500.000
G0 X129.028 Y192.859 F3000.000
G1 Z1.000 F500.000
G4 P100
G1 X129.432 Y192.344 F1000.000
G0 Z5.000 F500.000
G0 X127.298 Y192.859 F3000.000
G1 Z1.000 F500.000
G4 P100
G1 X126.893 Y192.381 F1000.000
G0 Z5.000 F500.000
G0 X127.261 Y192.896 F3000.000
G1 Z1.000 F500.000
G4 P100
G1 X93.223 Y192.896 F1000.000
G1 X93.186 Y204.685
G0 Z5.000 F500.000
G0 X90.721 Y206.821 F3000.000
G1 Z1.000 F500.000
G4 P100
G1 X132.450 Y206.821 F1000.000
G1 X132.487 Y190.060
G1 X90.721 Y190.023
G1 X90.721 Y206.821
G0 Z5.000 F500.000
G0 X93.959 Y198.754 F3000.000
G1 Z1.000 F500.000
G4 P100
G1 X96.388 Y197.722 F1000.000
G1 X97.381 Y197.464
G0 Z5.000 F500.000
G0 X97.418 Y197.427 F3000.000
G1 Z1.000 F500.000
G4 P100
G1 X95.026 Y194.738 F1000.000
G0 Z5.000 F500.000
G0 X117.031 Y197.869 F3000.000
G1 Z1.000 F500.000
G4 P100
G1 X117.326 Y197.648 F1000.000
G0 Z5.000 F500.000
G0 X117.363 Y197.612 F3000.000
G1 Z1.000 F500.000
G4 P100
G1 X117.841 Y197.059 F1000.000
G1 X118.651 Y196.580
G1 X119.607 Y196.322
G1 X120.490 Y196.322
G1 X121.889 Y196.801
G1 X122.367 Y197.133
G1 X122.846 Y197.722
G0 Z5.000 F500.000
G0 X122.846 Y197.759 F3000.000
G1 Z1.000 F500.000
G4 P100
G1 X120.822 Y197.280 F1000.000
G1 X119.129 Y197.280
G1 X117.399 Y197.648
G0 Z5.000 F500.000
G0 X122.882 Y197.759 F3000.000
G1 Z1.000 F500.000
G4 P100
G1 X123.140 Y198.017 F1000.000
G0 Z5.000 F500.000
M400
M84
; End
