; Generated by plotter-processor
; Page 18/20
; Motion profile: safe
; Draw feed: 1000.000 mm/min
; Travel feed: 3000.000 mm/min
; Z feed: 500.000 mm/min
; Pen Z: down=1.000 up=5.000
; Down settle: 100 ms
; Estimated ideal time: 731.49949 s
G21
G90
G0 Z5.000 F500.000
G0 X27.022 Y205.620 F3000.000
G1 Z1.000 F500.000
G4 P100
G1 X26.824 Y204.546 F1000.000
G1 X27.415 Y204.458
G1 X28.306 Y205.089
G1 X28.496 Y205.480
G1 X28.513 Y205.896
G1 X28.403 Y206.180
G1 X28.189 Y206.400
G1 X27.491 Y206.612
G1 X26.670 Y206.495
G1 X26.005 Y206.053
G1 X25.584 Y205.354
G1 X25.405 Y204.439
G1 X25.484 Y203.569
G1 X25.826 Y203.034
G1 X26.263 Y202.940
G1 X26.537 Y203.186
G1 X26.731 Y204.441
G1 X26.350 Y204.495
G1 X26.731 Y204.441
G1 X26.824 Y204.546
G1 X27.415 Y204.458
G1 X27.856 Y203.979
G1 X28.348 Y203.144
G1 X28.862 Y202.936
G1 X29.245 Y203.040
G1 X29.637 Y203.388
G1 X29.841 Y204.245
G1 X30.074 Y204.585
G1 X30.540 Y204.705
G1 X30.922 Y204.517
G1 X31.091 Y203.835
G1 X30.985 Y203.352
G1 X30.767 Y203.045
G1 X30.374 Y202.924
G1 X30.062 Y202.985
G1 X29.856 Y203.204
G1 X29.753 Y203.605
G0 Z5.000 F500.000
G0 X32.124 Y204.754 F3000.000
G1 Z1.000 F500.000
G4 P100
G1 X32.062 Y204.684 F1000.000
G1 X32.126 Y203.290
G1 X32.191 Y203.052
G1 X32.342 Y202.954
G1 X32.616 Y203.114
G1 X33.037 Y203.934
G1 X33.247 Y204.065
G1 X33.561 Y204.060
G1 X33.365 Y204.603
G1 X33.398 Y204.732
G1 X33.367 Y204.593
G1 X33.571 Y204.101
G1 X33.496 Y204.023
G1 X33.247 Y204.065
G1 X33.380 Y203.775
G1 X33.414 Y203.177
G1 X33.541 Y202.960
G1 X33.789 Y203.013
G1 X34.717 Y204.724
G0 Z5.000 F500.000
G0 X57.008 Y205.620 F3000.000
G1 Z1.000 F500.000
G4 P100
G1 X56.811 Y204.546 F1000.000
G1 X57.402 Y204.458
G1 X58.292 Y205.089
G1 X58.483 Y205.480
G1 X58.500 Y205.896
G1 X58.390 Y206.180
G1 X58.176 Y206.400
G1 X57.478 Y206.612
G1 X56.657 Y206.495
G1 X55.992 Y206.053
G1 X55.571 Y205.354
G1 X55.392 Y204.439
G1 X55.471 Y203.569
G1 X55.813 Y203.034
G1 X56.250 Y202.940
G1 X56.524 Y203.186
G1 X56.718 Y204.441
G1 X56.337 Y204.495
G1 X56.718 Y204.441
G1 X56.811 Y204.546
G1 X57.402 Y204.458
G1 X57.843 Y203.979
G1 X58.291 Y203.193
G1 X58.646 Y202.961
G1 X58.951 Y202.943
G1 X59.244 Y203.047
G1 X59.583 Y203.337
G1 X59.728 Y203.611
G0 Z5.000 F500.000
G0 X60.144 Y204.822 F3000.000
G1 Z1.000 F500.000
G4 P100
G1 X59.982 Y204.659 F1000.000
G1 X59.854 Y204.147
G1 X59.829 Y203.193
G1 X59.956 Y203.026
G1 X60.125 Y203.036
G1 X60.560 Y203.482
G1 X60.888 Y203.597
G1 X60.932 Y202.957
G1 X60.888 Y203.597
G1 X61.189 Y204.747
G1 X61.335 Y204.791
G1 X61.412 Y204.652
G1 X61.599 Y203.055
G1 X62.376 Y204.051
G1 X62.608 Y204.214
G1 X62.722 Y204.694
G1 X62.888 Y204.849
G1 X62.722 Y204.694
G1 X62.608 Y204.214
G1 X63.078 Y203.591
G1 X63.158 Y203.191
G1 X62.936 Y202.900
G1 X62.527 Y202.901
G0 Z5.000 F500.000
G0 X63.825 Y203.108 F3000.000
G1 Z1.000 F500.000
G4 P100
G1 X64.502 Y204.040 F1000.000
G1 X64.743 Y204.214
G1 X64.857 Y204.694
G1 X65.023 Y204.849
G1 X64.857 Y204.694
G1 X64.743 Y204.214
G1 X65.213 Y203.591
G1 X65.293 Y203.191
G1 X65.071 Y202.900
G1 X64.662 Y202.901
G0 Z5.000 F500.000
G0 X66.253 Y202.896 F3000.000
G1 Z1.000 F500.000
G4 P100
G1 X66.555 Y204.603 F1000.000
G1 X66.653 Y204.742
G0 Z5.000 F500.000
G0 X68.691 Y203.260 F3000.000
G1 Z1.000 F500.000
G4 P100
G1 X68.915 Y204.506 F1000.000
G1 X68.480 Y204.758
G1 X68.098 Y204.601
G1 X67.777 Y204.261
G1 X67.580 Y203.807
G1 X67.543 Y203.327
G1 X67.640 Y203.054
G1 X67.832 Y202.913
G1 X68.076 Y202.924
G1 X68.386 Y203.185
G1 X68.691 Y203.260
G1 X68.728 Y202.964
G0 Z5.000 F500.000
G0 X70.260 Y204.810 F3000.000
G1 Z1.000 F500.000
G4 P100
G1 X70.097 Y204.556 F1000.000
G1 X69.984 Y204.034
G1 X70.011 Y202.935
G1 X70.018 Y203.457
G1 X70.390 Y203.685
G1 X70.767 Y204.349
G1 X71.329 Y204.539
G1 X71.351 Y204.634
G1 X71.217 Y202.972
G0 Z5.000 F500.000
G0 X66.704 Y205.694 F3000.000
G1 Z1.000 F500.000
G4 P100
G1 X66.839 Y205.716 F1000.000
G0 Z5.000 F500.000
G0 X54.980 Y193.011 F3000.000
G1 Z1.000 F500.000
G4 P100
G1 X55.657 Y193.943 F1000.000
G1 X55.898 Y194.117
G1 X56.012 Y194.597
G1 X56.178 Y194.752
G1 X56.012 Y194.597
G1 X55.898 Y194.117
G1 X56.368 Y193.494
G1 X56.448 Y193.094
G1 X56.226 Y192.803
G1 X55.817 Y192.804
G0 Z5.000 F500.000
G0 X58.616 Y193.163 F3000.000
G1 Z1.000 F500.000
G4 P100
G1 X58.840 Y194.409 F1000.000
G1 X58.405 Y194.661
G1 X58.023 Y194.504
G1 X57.702 Y194.164
G1 X57.505 Y193.710
G1 X57.468 Y193.230
G1 X57.565 Y192.957
G1 X57.757 Y192.816
G1 X58.001 Y192.827
G1 X58.311 Y193.088
G1 X58.616 Y193.163
G1 X58.653 Y192.867
G0 Z5.000 F500.000
G0 X60.214 Y194.735 F3000.000
G1 Z1.000 F500.000
G4 P100
G1 X60.038 Y194.546 F1000.000
G1 X59.902 Y193.933
G1 X59.933 Y192.850
G1 X59.977 Y193.368
G1 X60.281 Y193.566
G1 X60.690 Y194.278
G1 X61.096 Y194.446
G1 X61.200 Y194.224
G1 X61.157 Y193.680
G1 X61.242 Y193.395
G1 X61.171 Y192.835
G1 X61.242 Y193.395
G1 X61.538 Y193.589
G1 X61.987 Y194.303
G1 X62.445 Y194.428
G1 X62.498 Y194.059
G1 X62.382 Y192.857
G0 Z5.000 F500.000
G0 X63.729 Y194.281 F3000.000
G1 Z1.000 F500.000
G4 P100
G1 X63.992 Y194.340 F1000.000
G1 X64.385 Y194.613
G1 X64.694 Y194.605
G1 X64.926 Y194.310
G1 X64.921 Y193.782
G1 X64.682 Y193.237
G1 X64.274 Y192.867
G1 X63.712 Y192.789
G1 X63.573 Y193.141
G1 X63.188 Y192.886
G1 X62.849 Y192.028
G1 X62.684 Y191.285
G1 X62.712 Y190.754
G1 X62.935 Y190.526
G1 X63.129 Y190.550
G1 X63.290 Y190.695
G1 X63.517 Y191.387
G1 X63.712 Y192.789
G1 X63.573 Y193.141
G1 X63.729 Y194.281
G1 X63.667 Y194.572
G1 X63.744 Y194.684
G0 Z5.000 F500.000
G0 X66.129 Y193.812 F3000.000
G1 Z1.000 F500.000
G4 P100
G1 X66.382 Y193.908 F1000.000
G1 X66.561 Y194.104
G1 X67.221 Y195.562
G1 X67.344 Y196.580
G1 X67.248 Y196.887
G1 X67.060 Y197.008
G1 X66.810 Y196.940
G1 X66.602 Y196.689
G1 X66.202 Y195.515
G1 X66.031 Y194.173
G1 X66.129 Y193.812
G1 X66.079 Y193.418
G1 X66.196 Y193.088
G1 X66.470 Y192.848
G1 X66.865 Y192.836
G1 X67.104 Y192.958
G1 X67.444 Y193.346
G1 X68.473 Y193.709
G1 X68.706 Y193.994
G1 X68.739 Y194.334
G1 X68.585 Y194.573
G1 X68.261 Y194.644
G1 X67.887 Y194.477
G1 X67.622 Y194.078
G1 X67.548 Y193.625
G1 X67.682 Y193.081
G1 X68.014 Y192.829
G1 X68.485 Y192.802
G1 X68.878 Y192.999
G1 X69.095 Y193.365
G0 Z5.000 F500.000
G0 X88.099 Y205.518 F3000.000
G1 Z1.000 F500.000
G4 P100
G1 X88.141 Y206.113 F1000.000
G1 X87.817 Y206.519
G1 X87.152 Y206.605
G1 X86.539 Y206.353
G1 X86.240 Y206.013
G1 X86.060 Y205.559
G1 X85.843 Y203.435
G1 X85.513 Y203.199
G1 X85.074 Y203.103
G1 X85.513 Y203.199
G1 X85.843 Y203.435
G1 X87.218 Y203.013
G1 X87.822 Y202.976
G1 X88.362 Y203.201
G1 X88.680 Y203.614
G0 Z5.000 F500.000
G0 X89.833 Y203.260 F3000.000
G1 Z1.000 F500.000
G4 P100
G1 X90.057 Y204.506 F1000.000
G1 X89.622 Y204.758
G1 X89.240 Y204.601
G1 X88.919 Y204.261
G1 X88.722 Y203.807
G1 X88.685 Y203.327
G1 X88.782 Y203.054
G1 X88.974 Y202.913
G1 X89.218 Y202.924
G1 X89.528 Y203.185
G1 X89.833 Y203.260
G1 X89.870 Y202.964
G0 Z5.000 F500.000
G0 X90.782 Y204.749 F3000.000
G1 Z1.000 F500.000
G4 P100
G1 X91.254 Y204.718 F1000.000
G1 X91.387 Y204.829
G1 X91.397 Y205.316
G1 X91.650 Y206.202
G1 X91.912 Y206.640
G1 X92.202 Y206.778
G1 X92.443 Y206.589
G1 X92.461 Y206.060
G1 X92.307 Y205.619
G1 X91.900 Y205.076
G1 X91.826 Y204.832
G1 X92.177 Y204.761
G1 X92.598 Y204.842
G1 X92.177 Y204.761
G1 X91.387 Y204.829
G1 X91.299 Y204.734
G1 X91.316 Y203.632
G1 X91.532 Y203.074
G1 X92.005 Y202.912
G1 X92.282 Y203.000
G1 X92.449 Y203.169
G1 X92.982 Y202.914
G1 X93.161 Y204.193
G1 X93.340 Y204.742
G0 Z5.000 F500.000
G0 X94.597 Y204.810 F3000.000
G1 Z1.000 F500.000
G4 P100
G1 X94.434 Y204.556 F1000.000
G1 X94.321 Y204.034
G1 X94.348 Y202.935
G1 X94.355 Y203.457
G1 X94.727 Y203.685
G1 X95.104 Y204.349
G1 X95.666 Y204.539
G1 X95.688 Y204.634
G1 X95.554 Y202.972
G0 Z5.000 F500.000
G0 X97.681 Y203.108 F3000.000
G1 Z1.000 F500.000
G4 P100
G1 X98.359 Y204.040 F1000.000
G1 X98.599 Y204.214
G1 X98.714 Y204.694
G1 X98.880 Y204.849
G1 X98.714 Y204.694
G1 X98.599 Y204.214
G1 X99.069 Y203.591
G1 X99.149 Y203.191
G1 X98.927 Y202.900
G1 X98.519 Y202.901
G0 Z5.000 F500.000
G0 X101.318 Y203.260 F3000.000
G1 Z1.000 F500.000
G4 P100
G1 X101.542 Y204.506 F1000.000
G1 X101.107 Y204.758
G1 X100.725 Y204.601
G1 X100.404 Y204.261
G1 X100.207 Y203.807
G1 X100.170 Y203.327
G1 X100.267 Y203.054
G1 X100.459 Y202.913
G1 X100.703 Y202.924
G1 X101.013 Y203.185
G1 X101.318 Y203.260
G1 X101.355 Y202.964
G0 Z5.000 F500.000
G0 X102.916 Y204.832 F3000.000
G1 Z1.000 F500.000
G4 P100
G1 X102.740 Y204.643 F1000.000
G1 X102.604 Y204.030
G1 X102.635 Y202.947
G1 X102.679 Y203.465
G1 X102.982 Y203.663
G1 X103.392 Y204.375
G1 X103.798 Y204.543
G1 X103.901 Y204.321
G1 X103.859 Y203.777
G1 X103.944 Y203.492
G1 X103.873 Y202.932
G1 X103.944 Y203.492
G1 X104.240 Y203.686
G1 X104.689 Y204.400
G1 X105.147 Y204.525
G1 X105.200 Y204.156
G1 X105.084 Y202.954
G0 Z5.000 F500.000
G0 X106.431 Y204.378 F3000.000
G1 Z1.000 F500.000
G4 P100
G1 X106.694 Y204.437 F1000.000
G1 X107.086 Y204.710
G1 X107.396 Y204.702
G1 X107.628 Y204.407
G1 X107.623 Y203.879
G1 X107.384 Y203.334
G1 X106.976 Y202.964
G1 X106.414 Y202.886
G1 X106.275 Y203.238
G1 X105.890 Y202.983
G1 X105.551 Y202.125
G1 X105.386 Y201.382
G1 X105.414 Y200.851
G1 X105.637 Y200.623
G1 X105.831 Y200.647
G1 X105.992 Y200.792
G1 X106.219 Y201.484
G1 X106.414 Y202.886
G1 X106.275 Y203.238
G1 X106.431 Y204.378
G1 X106.369 Y204.669
G1 X106.446 Y204.781
G0 Z5.000 F500.000
G0 X108.831 Y203.909 F3000.000
G1 Z1.000 F500.000
G4 P100
G1 X109.083 Y204.005 F1000.000
G1 X109.262 Y204.201
G1 X109.922 Y205.659
G1 X110.046 Y206.677
G1 X109.950 Y206.984
G1 X109.762 Y207.105
G1 X109.512 Y207.037
G1 X109.304 Y206.786
G1 X108.904 Y205.612
G1 X108.732 Y204.270
G1 X108.831 Y203.909
G1 X108.781 Y203.515
G1 X108.898 Y203.185
G1 X109.171 Y202.945
G1 X109.567 Y202.933
G1 X109.806 Y203.055
G1 X110.145 Y203.443
G1 X111.175 Y203.806
G1 X111.408 Y204.091
G1 X111.440 Y204.431
G1 X111.287 Y204.670
G1 X110.963 Y204.741
G1 X110.588 Y204.574
G1 X110.324 Y204.175
G1 X110.250 Y203.722
G1 X110.384 Y203.178
G1 X110.716 Y202.926
G1 X111.187 Y202.899
G1 X111.580 Y203.096
G1 X111.796 Y203.462
G0 Z5.000 F500.000
G0 X93.391 Y205.694 F3000.000
G1 Z1.000 F500.000
G4 P100
G1 X93.525 Y205.716 F1000.000
G0 Z5.000 F500.000
G0 X114.990 Y205.816 F3000.000
G1 Z1.000 F500.000
G4 P100
G1 X115.265 Y206.222 F1000.000
G1 X115.659 Y206.511
G1 X116.040 Y206.571
G1 X116.278 Y206.400
G1 X116.265 Y205.408
G1 X116.350 Y205.115
G1 X115.971 Y202.976
G1 X116.350 Y205.115
G1 X116.665 Y205.320
G1 X117.221 Y206.275
G1 X117.780 Y206.571
G1 X118.095 Y206.527
G1 X118.283 Y206.331
G1 X118.410 Y205.286
G1 X117.976 Y202.979
G1 X118.410 Y205.286
G1 X118.727 Y205.476
G1 X119.241 Y206.305
G1 X119.701 Y206.560
G1 X120.152 Y206.478
G1 X120.331 Y206.090
G1 X119.935 Y203.817
G1 X120.016 Y203.210
G1 X120.327 Y202.968
G1 X120.773 Y202.967
G1 X121.187 Y203.209
G1 X121.462 Y203.614
G0 Z5.000 F500.000
G0 X121.504 Y203.506 F3000.000
G1 Z1.000 F500.000
G4 P100
G1 X122.146 Y203.677 F1000.000
G1 X122.535 Y203.977
G1 X122.630 Y204.438
G1 X122.359 Y204.724
G1 X121.943 Y204.682
G1 X121.604 Y204.360
G1 X121.445 Y203.853
G1 X121.512 Y203.317
G1 X121.709 Y203.034
G1 X122.057 Y202.891
G1 X122.477 Y202.925
G1 X122.808 Y203.132
G1 X122.987 Y203.455
G1 X123.073 Y204.607
G1 X123.234 Y204.788
G1 X123.645 Y204.717
G1 X123.784 Y204.829
G1 X123.798 Y205.337
G1 X124.062 Y206.235
G1 X124.324 Y206.656
G1 X124.628 Y206.777
G1 X124.846 Y206.568
G1 X124.854 Y206.038
G1 X124.697 Y205.606
G1 X124.297 Y205.076
G1 X124.223 Y204.832
G1 X124.574 Y204.761
G1 X124.995 Y204.842
G1 X124.574 Y204.761
G1 X123.784 Y204.829
G1 X123.696 Y204.734
G1 X123.691 Y203.858
G1 X123.795 Y203.300
G1 X124.036 Y202.987
G1 X124.489 Y202.926
G1 X124.846 Y203.169
G0 Z5.000 F500.000
G0 X125.776 Y204.817 F3000.000
G1 Z1.000 F500.000
G4 P100
G1 X125.625 Y204.661 F1000.000
G1 X125.470 Y203.978
G1 X125.556 Y203.457
G1 X125.512 Y202.930
G1 X125.556 Y203.457
G1 X125.855 Y203.647
G1 X126.302 Y204.379
G1 X126.838 Y204.649
G1 X126.750 Y204.539
G1 X126.938 Y203.933
G1 X126.891 Y203.841
G1 X126.938 Y203.933
G1 X127.253 Y204.025
G1 X127.485 Y202.919
G1 X127.666 Y202.939
G1 X127.927 Y204.653
G1 X128.179 Y204.789
G1 X128.548 Y204.684
G1 X129.659 Y204.003
G1 X129.964 Y204.171
G1 X129.963 Y204.581
G1 X129.774 Y204.728
G1 X129.478 Y204.716
G1 X129.211 Y204.551
G1 X129.005 Y204.260
G1 X128.899 Y203.495
G1 X129.009 Y203.194
G1 X129.217 Y202.994
G1 X129.566 Y202.893
G1 X129.931 Y202.956
G1 X130.219 Y203.165
G1 X130.372 Y203.477
G0 Z5.000 F500.000
G0 X128.063 Y205.694 F3000.000
G1 Z1.000 F500.000
G4 P100
G1 X128.197 Y205.716 F1000.000
G0 Z5.000 F500.000
G0 X25.391 Y179.685 F3000.000
G1 Z1.000 F500.000
G4 P100
G1 X26.062 Y179.834 F1000.000
G1 X26.149 Y179.698
G1 X25.845 Y177.612
G0 Z5.000 F500.000
G0 X27.376 Y178.516 F3000.000
G1 Z1.000 F500.000
G4 P100
G1 X28.110 Y178.819 F1000.000
G1 X28.629 Y178.688
G1 X28.799 Y178.454
G1 X28.831 Y178.136
G1 X28.725 Y177.834
G1 X28.502 Y177.618
G1 X27.952 Y177.507
G1 X27.498 Y177.746
G1 X27.350 Y178.145
G1 X27.366 Y179.081
G1 X27.640 Y179.634
G1 X28.091 Y179.921
G1 X28.687 Y179.891
G1 X29.007 Y179.524
G0 Z5.000 F500.000
G0 X55.414 Y179.983 F3000.000
G1 Z1.000 F500.000
G4 P100
G1 X55.315 Y180.272 F1000.000
G1 X55.360 Y180.623
G1 X55.537 Y180.870
G1 X55.840 Y181.044
G1 X56.388 Y181.168
G1 X56.789 Y181.086
G1 X57.135 Y181.210
G1 X58.849 Y181.277
G1 X57.135 Y181.210
G1 X56.789 Y181.086
G1 X56.230 Y177.595
G0 Z5.000 F500.000
G0 X59.585 Y177.773 F3000.000
G1 Z1.000 F500.000
G4 P100
G1 X59.898 Y178.541 F1000.000
G1 X59.843 Y179.161
G1 X59.669 Y179.324
G1 X59.440 Y179.353
G1 X58.699 Y179.001
G1 X58.660 Y179.341
G1 X58.642 Y178.264
G1 X58.543 Y177.861
G1 X58.682 Y177.510
G1 X58.470 Y176.028
G1 X58.219 Y175.363
G1 X58.024 Y175.246
G1 X57.811 Y175.285
G1 X57.651 Y175.619
G1 X57.684 Y176.209
G1 X57.914 Y177.026
G1 X58.248 Y177.721
G1 X58.543 Y177.861
G1 X58.682 Y177.510
G1 X58.775 Y177.497
G1 X59.130 Y177.534
G1 X59.585 Y177.773
G1 X59.834 Y177.562
G1 X60.160 Y177.547
G1 X60.612 Y177.804
G1 X60.911 Y178.245
G0 Z5.000 F500.000
G0 X62.076 Y177.969 F3000.000
G1 Z1.000 F500.000
G4 P100
G1 X62.291 Y179.148 F1000.000
G1 X61.795 Y179.372
G1 X61.341 Y179.118
G1 X61.014 Y178.629
G1 X60.908 Y177.999
G1 X61.087 Y177.605
G1 X61.511 Y177.544
G1 X62.076 Y177.969
G1 X62.305 Y177.596
G1 X62.596 Y177.552
G1 X63.022 Y177.855
G1 X63.257 Y178.235
G0 Z5.000 F500.000
G0 X63.642 Y179.441 F3000.000
G1 Z1.000 F500.000
G4 P100
G1 X63.491 Y179.286 F1000.000
G1 X63.379 Y178.810
G1 X63.344 Y177.505
G1 X63.311 Y178.152
G1 X63.393 Y178.503
G1 X64.482 Y178.440
G1 X64.797 Y179.390
G1 X64.482 Y178.440
G1 X64.568 Y177.624
G1 X64.826 Y177.542
G1 X65.109 Y177.625
G1 X65.499 Y177.967
G1 X65.632 Y178.232
G0 Z5.000 F500.000
G0 X66.049 Y179.446 F3000.000
G1 Z1.000 F500.000
G4 P100
G1 X65.870 Y179.241 F1000.000
G1 X65.698 Y178.365
G1 X65.705 Y177.920
G1 X65.861 Y177.652
G1 X66.127 Y177.708
G1 X66.450 Y178.090
G1 X66.737 Y178.210
G1 X67.011 Y179.243
G1 X67.135 Y179.414
G1 X67.011 Y179.243
G1 X66.737 Y178.210
G1 X66.880 Y177.641
G1 X67.112 Y177.543
G1 X67.412 Y177.618
G1 X67.812 Y177.971
G1 X67.941 Y178.230
G0 Z5.000 F500.000
G0 X68.359 Y179.446 F3000.000
G1 Z1.000 F500.000
G4 P100
G1 X68.177 Y179.227 F1000.000
G1 X67.999 Y178.284
G1 X68.034 Y177.850
G1 X68.224 Y177.634
G1 X68.507 Y177.760
G1 X68.789 Y178.111
G1 X69.040 Y178.208
G1 X69.448 Y179.417
G1 X69.040 Y178.208
G1 X69.153 Y177.763
G1 X69.445 Y177.480
G1 X69.279 Y177.144
G1 X69.245 Y176.657
G1 X68.897 Y176.094
G1 X68.648 Y175.999
G1 X68.419 Y176.057
G1 X68.318 Y176.370
G1 X68.530 Y176.746
G1 X68.969 Y177.085
G1 X69.279 Y177.144
G1 X69.445 Y177.480
G1 X69.788 Y177.561
G1 X70.292 Y177.947
G0 Z5.000 F500.000
G0 X73.046 Y179.370 F3000.000
G1 Z1.000 F500.000
G4 P100
G1 X72.705 Y178.511 F1000.000
G1 X71.999 Y178.137
G1 X72.062 Y178.186
G1 X71.894 Y178.196
G1 X71.852 Y178.499
G1 X71.725 Y178.663
G1 X71.405 Y178.713
G1 X71.020 Y178.562
G1 X70.632 Y178.948
G1 X70.721 Y179.289
G1 X70.874 Y179.424
G1 X70.710 Y179.262
G1 X70.585 Y178.520
G1 X70.648 Y178.418
G1 X71.020 Y178.562
G1 X70.601 Y178.446
G1 X70.537 Y178.095
G1 X70.641 Y177.790
G1 X70.976 Y177.546
G1 X71.439 Y177.557
G1 X71.768 Y177.768
G1 X71.999 Y178.137
G1 X72.705 Y178.511
G1 X72.845 Y177.735
G1 X73.157 Y177.526
G1 X73.602 Y177.739
G1 X73.957 Y178.235
G0 Z5.000 F500.000
G0 X55.729 Y169.359 F3000.000
G1 Z1.000 F500.000
G4 P100
G1 X55.553 Y169.169 F1000.000
G1 X55.419 Y168.570
G1 X55.448 Y167.474
G1 X55.492 Y167.991
G1 X55.796 Y168.189
G1 X56.190 Y168.887
G1 X56.529 Y169.061
G1 X56.674 Y169.049
G1 X56.717 Y168.828
G1 X56.686 Y167.459
G1 X56.757 Y168.018
G1 X57.029 Y168.186
G1 X57.397 Y168.815
G1 X57.705 Y169.037
G1 X57.986 Y169.001
G1 X57.879 Y167.833
G1 X57.984 Y167.510
G1 X58.260 Y167.445
G1 X58.534 Y167.531
G1 X58.908 Y167.868
G1 X59.047 Y168.138
G0 Z5.000 F500.000
G0 X60.216 Y167.872 F3000.000
G1 Z1.000 F500.000
G4 P100
G1 X60.431 Y169.051 F1000.000
G1 X59.935 Y169.275
G1 X59.481 Y169.021
G1 X59.154 Y168.532
G1 X59.048 Y167.902
G1 X59.227 Y167.508
G1 X59.651 Y167.447
G1 X60.216 Y167.872
G1 X60.445 Y167.499
G1 X60.736 Y167.455
G1 X61.162 Y167.758
G1 X61.397 Y168.138
G0 Z5.000 F500.000
G0 X63.017 Y171.426 F3000.000
G1 Z1.000 F500.000
G4 P100
G1 X62.022 Y171.124 F1000.000
G1 X61.780 Y170.818
G1 X61.887 Y170.453
G1 X62.682 Y169.430
G1 X62.717 Y168.693
G1 X62.837 Y168.382
G1 X62.672 Y167.961
G1 X62.410 Y167.593
G1 X62.057 Y167.430
G1 X61.675 Y167.505
G1 X61.457 Y167.804
G1 X61.418 Y168.241
G1 X61.507 Y168.676
G1 X61.711 Y169.004
G1 X61.998 Y169.186
G1 X62.681 Y169.112
G1 X62.837 Y168.382
G1 X63.266 Y168.351
G1 X63.735 Y168.492
G0 Z5.000 F500.000
G0 X63.734 Y168.214 F3000.000
G1 Z1.000 F500.000
G4 P100
G1 X63.582 Y167.974 F1000.000
G1 X63.610 Y167.628
G1 X63.781 Y167.460
G1 X64.054 Y167.476
G1 X64.339 Y167.740
G1 X64.799 Y168.702
G1 X65.187 Y169.124
G1 X65.121 Y168.968
G1 X65.264 Y168.643
G1 X65.271 Y167.884
G1 X65.421 Y167.503
G1 X65.679 Y167.432
G1 X65.962 Y167.521
G1 X66.329 Y167.886
G1 X66.447 Y168.135
G0 Z5.000 F500.000
G0 X66.924 Y169.349 F3000.000
G1 Z1.000 F500.000
G4 P100
G1 X66.745 Y169.144 F1000.000
G1 X66.573 Y168.268
G1 X66.580 Y167.823
G1 X66.736 Y167.555
G1 X67.002 Y167.611
G1 X67.325 Y167.993
G1 X67.612 Y168.113
G1 X67.886 Y169.146
G1 X68.010 Y169.317
G1 X67.886 Y169.146
G1 X67.612 Y168.113
G1 X67.755 Y167.544
G1 X67.987 Y167.446
G1 X68.287 Y167.521
G1 X68.687 Y167.874
G1 X68.816 Y168.133
G0 Z5.000 F500.000
G0 X69.234 Y169.349 F3000.000
G1 Z1.000 F500.000
G4 P100
G1 X69.052 Y169.130 F1000.000
G1 X68.874 Y168.187
G1 X68.909 Y167.753
G1 X69.099 Y167.537
G1 X69.382 Y167.663
G1 X69.664 Y168.014
G1 X69.915 Y168.111
G1 X70.323 Y169.320
G1 X69.915 Y168.111
G1 X70.028 Y167.666
G1 X70.320 Y167.383
G1 X70.154 Y167.047
G1 X70.120 Y166.560
G1 X69.772 Y165.997
G1 X69.523 Y165.902
G1 X69.294 Y165.960
G1 X69.193 Y166.273
G1 X69.405 Y166.649
G1 X69.844 Y166.988
G1 X70.154 Y167.047
G1 X70.320 Y167.383
G1 X70.663 Y167.464
G1 X71.167 Y167.850
G0 Z5.000 F500.000
G0 X73.921 Y169.273 F3000.000
G1 Z1.000 F500.000
G4 P100
G1 X73.580 Y168.414 F1000.000
G1 X72.874 Y168.040
G1 X72.937 Y168.089
G1 X72.769 Y168.099
G1 X72.727 Y168.402
G1 X72.600 Y168.566
G1 X72.280 Y168.616
G1 X71.895 Y168.465
G1 X71.507 Y168.851
G1 X71.596 Y169.192
G1 X71.749 Y169.327
G1 X71.585 Y169.165
G1 X71.460 Y168.423
G1 X71.523 Y168.321
G1 X71.895 Y168.465
G1 X71.476 Y168.349
G1 X71.412 Y167.998
G1 X71.516 Y167.693
G1 X71.851 Y167.449
G1 X72.314 Y167.460
G1 X72.643 Y167.671
G1 X72.874 Y168.040
G1 X73.580 Y168.414
G1 X73.720 Y167.638
G1 X74.032 Y167.429
G1 X74.477 Y167.642
G1 X74.832 Y168.138
G0 Z5.000 F500.000
G0 X76.542 Y169.344 F3000.000
G1 Z1.000 F500.000
G4 P100
G1 X76.391 Y169.189 F1000.000
G1 X76.279 Y168.713
G1 X76.244 Y167.408
G1 X76.211 Y168.055
G1 X76.293 Y168.406
G1 X77.382 Y168.343
G1 X77.697 Y169.293
G1 X77.382 Y168.343
G1 X77.468 Y167.527
G1 X77.726 Y167.445
G1 X78.009 Y167.528
G1 X78.399 Y167.870
G1 X78.532 Y168.135
G0 Z5.000 F500.000
G0 X78.578 Y168.028 F3000.000
G1 Z1.000 F500.000
G4 P100
G1 X79.264 Y168.226 F1000.000
G1 X79.645 Y168.565
G1 X79.716 Y168.833
G1 X79.657 Y169.080
G1 X79.499 Y169.225
G1 X79.249 Y169.270
G1 X78.836 Y169.087
G1 X78.565 Y168.633
G1 X78.522 Y168.178
G1 X78.601 Y167.812
G1 X78.748 Y167.606
G1 X79.155 Y167.422
G1 X79.676 Y167.460
G1 X80.255 Y167.782
G1 X80.497 Y168.135
G0 Z5.000 F500.000
G0 X56.281 Y156.801 F3000.000
G1 Z1.000 F500.000
G4 P100
G1 X56.277 Y156.383 F1000.000
G1 X55.900 Y155.387
G1 X55.590 Y155.086
G1 X55.230 Y155.110
G1 X55.075 Y155.439
G1 X55.236 Y155.949
G1 X55.901 Y156.683
G1 X56.281 Y156.801
G1 X56.540 Y157.360
G1 X56.432 Y157.582
G1 X56.705 Y158.927
G1 X56.266 Y159.189
G1 X55.944 Y159.067
G1 X55.656 Y158.811
G1 X55.420 Y158.399
G1 X55.326 Y157.928
G1 X55.381 Y157.576
G1 X55.595 Y157.357
G1 X55.871 Y157.339
G1 X56.432 Y157.582
G1 X56.542 Y157.367
G1 X56.788 Y157.390
G1 X57.594 Y157.977
G0 Z5.000 F500.000
G0 X59.135 Y158.270 F3000.000
G1 Z1.000 F500.000
G4 P100
G1 X58.951 Y157.680 F1000.000
G1 X58.593 Y157.369
G1 X58.116 Y157.379
G1 X57.777 Y157.747
G1 X57.711 Y158.179
G1 X57.795 Y158.630
G1 X58.004 Y158.954
G1 X58.310 Y159.133
G1 X58.572 Y159.152
G1 X58.783 Y159.045
G1 X59.135 Y158.270
G1 X59.533 Y158.263
G1 X59.941 Y158.383
G0 Z5.000 F500.000
G0 X59.949 Y158.117 F3000.000
G1 Z1.000 F500.000
G4 P100
G1 X59.797 Y157.877 F1000.000
G1 X59.825 Y157.531
G1 X59.996 Y157.363
G1 X60.269 Y157.379
G1 X60.554 Y157.643
G1 X61.014 Y158.605
G1 X61.402 Y159.027
G1 X61.336 Y158.871
G1 X61.475 Y158.575
G1 X61.482 Y157.816
G1 X61.615 Y157.425
G1 X61.872 Y157.335
G1 X62.158 Y157.413
G1 X62.540 Y157.784
G1 X62.660 Y158.031
G1 X62.671 Y157.487
G1 X62.841 Y157.357
G1 X63.102 Y157.349
G1 X63.481 Y157.684
G1 X63.730 Y158.444
G1 X63.422 Y159.091
G1 X63.175 Y159.151
G1 X62.965 Y159.020
G1 X62.904 Y158.827
G1 X63.077 Y159.120
G1 X63.422 Y159.091
G1 X63.730 Y158.444
G1 X64.128 Y158.534
G1 X64.247 Y159.114
G1 X64.384 Y159.252
G1 X64.247 Y159.114
G1 X64.128 Y158.534
G1 X64.225 Y157.855
G1 X64.130 Y157.294
G1 X64.225 Y157.855
G1 X64.672 Y158.097
G1 X64.879 Y158.801
G1 X65.247 Y159.148
G1 X65.644 Y159.096
G1 X65.751 Y158.726
G1 X65.690 Y158.563
G1 X65.738 Y158.951
G1 X65.487 Y159.167
G1 X65.180 Y159.120
G1 X64.924 Y158.877
G1 X64.672 Y158.097
G1 X64.956 Y157.525
G1 X65.288 Y157.336
G1 X65.670 Y157.366
G1 X66.123 Y157.717
G1 X66.308 Y158.043
G0 Z5.000 F500.000
G0 X66.692 Y159.247 F3000.000
G1 Z1.000 F500.000
G4 P100
G1 X66.541 Y159.092 F1000.000
G1 X66.429 Y158.616
G1 X66.394 Y157.311
G1 X66.361 Y157.958
G1 X66.443 Y158.309
G1 X67.532 Y158.246
G1 X67.847 Y159.196
G1 X67.532 Y158.246
G1 X67.618 Y157.430
G1 X67.876 Y157.348
G1 X68.159 Y157.431
G1 X68.549 Y157.773
G1 X68.682 Y158.038
G0 Z5.000 F500.000
G0 X71.281 Y159.176 F3000.000
G1 Z1.000 F500.000
G4 P100
G1 X70.940 Y158.317 F1000.000
G1 X70.234 Y157.943
G1 X70.297 Y157.992
G1 X70.129 Y158.002
G1 X70.087 Y158.305
G1 X69.960 Y158.469
G1 X69.640 Y158.519
G1 X69.255 Y158.368
G1 X68.867 Y158.754
G1 X68.956 Y159.095
G1 X69.109 Y159.230
G1 X68.945 Y159.068
G1 X68.820 Y158.326
G1 X68.883 Y158.224
G1 X69.255 Y158.368
G1 X68.836 Y158.252
G1 X68.772 Y157.901
G1 X68.876 Y157.596
G1 X69.211 Y157.352
G1 X69.674 Y157.363
G1 X70.003 Y157.574
G1 X70.234 Y157.943
G1 X70.940 Y158.317
G1 X71.080 Y157.541
G1 X71.392 Y157.332
G1 X71.837 Y157.545
G1 X72.192 Y158.041
G0 Z5.000 F500.000
G0 X55.729 Y149.165 F3000.000
G1 Z1.000 F500.000
G4 P100
G1 X55.552 Y148.975 F1000.000
G1 X55.415 Y148.360
G1 X55.495 Y147.788
G1 X55.448 Y147.280
G1 X55.495 Y147.788
G1 X55.774 Y147.958
G1 X56.157 Y148.621
G1 X56.479 Y148.849
G1 X56.692 Y148.873
G1 X56.746 Y148.782
G1 X56.639 Y147.636
G1 X56.748 Y147.315
G1 X57.023 Y147.251
G1 X57.299 Y147.340
G1 X57.669 Y147.671
G1 X57.807 Y147.941
G0 Z5.000 F500.000
G0 X57.853 Y147.834 F3000.000
G1 Z1.000 F500.000
G4 P100
G1 X58.539 Y148.032 F1000.000
G1 X58.920 Y148.371
G1 X58.991 Y148.639
G1 X58.932 Y148.886
G1 X58.774 Y149.031
G1 X58.524 Y149.076
G1 X58.111 Y148.893
G1 X57.840 Y148.439
G1 X57.797 Y147.984
G1 X57.876 Y147.618
G1 X58.023 Y147.412
G1 X58.430 Y147.228
G1 X58.951 Y147.266
G1 X59.530 Y147.588
G1 X59.772 Y147.941
G0 Z5.000 F500.000
G0 X60.855 Y147.482 F3000.000
G1 Z1.000 F500.000
G4 P100
G1 X61.168 Y148.250 F1000.000
G1 X61.113 Y148.870
G1 X60.939 Y149.033
G1 X60.710 Y149.062
G1 X59.969 Y148.710
G1 X59.930 Y149.050
G1 X59.912 Y147.973
G1 X59.813 Y147.570
G1 X59.952 Y147.219
G1 X59.740 Y145.737
G1 X59.489 Y145.072
G1 X59.294 Y144.955
G1 X59.081 Y144.994
G1 X58.921 Y145.328
G1 X58.954 Y145.918
G1 X59.184 Y146.735
G1 X59.518 Y147.430
G1 X59.813 Y147.570
G1 X59.952 Y147.219
G1 X60.045 Y147.206
G1 X60.400 Y147.243
G1 X60.855 Y147.482
G1 X61.104 Y147.271
G1 X61.430 Y147.256
G1 X61.882 Y147.513
G1 X62.181 Y147.954
G0 Z5.000 F500.000
G0 X62.223 Y147.834 F3000.000
G1 Z1.000 F500.000
G4 P100
G1 X62.909 Y148.032 F1000.000
G1 X63.290 Y148.371
G1 X63.361 Y148.639
G1 X63.302 Y148.886
G1 X63.144 Y149.031
G1 X62.894 Y149.076
G1 X62.481 Y148.893
G1 X62.210 Y148.439
G1 X62.167 Y147.984
G1 X62.246 Y147.618
G1 X62.393 Y147.412
G1 X62.800 Y147.228
G1 X63.321 Y147.266
G1 X63.900 Y147.588
G1 X64.142 Y147.941
G0 Z5.000 F500.000
G0 X65.167 Y148.464 F3000.000
G1 Z1.000 F500.000
G4 P100
G1 X65.232 Y148.809 F1000.000
G1 X65.077 Y149.030
G1 X64.625 Y149.003
G1 X64.341 Y148.737
G1 X64.150 Y147.959
G1 X64.244 Y147.571
G1 X64.449 Y147.338
G1 X64.834 Y147.238
G1 X65.363 Y147.339
G1 X65.823 Y147.658
G1 X65.992 Y147.976
G0 Z5.000 F500.000
G0 X66.028 Y147.834 F3000.000
G1 Z1.000 F500.000
G4 P100
G1 X66.714 Y148.032 F1000.000
G1 X67.095 Y148.371
G1 X67.166 Y148.639
G1 X67.107 Y148.886
G1 X66.949 Y149.031
G1 X66.699 Y149.076
G1 X66.286 Y148.893
G1 X66.015 Y148.439
G1 X65.972 Y147.984
G1 X66.051 Y147.618
G1 X66.198 Y147.412
G1 X66.605 Y147.228
G1 X67.126 Y147.266
G1 X67.705 Y147.588
G1 X67.947 Y147.941
G0 Z5.000 F500.000
G0 X69.633 Y148.444 F3000.000
G1 Z1.000 F500.000
G4 P100
G1 X69.723 Y148.738 F1000.000
G1 X69.609 Y148.999
G1 X69.340 Y149.075
G1 X69.051 Y148.966
G1 X68.756 Y148.562
G1 X68.608 Y147.900
G1 X68.105 Y147.712
G1 X68.071 Y147.287
G1 X68.043 Y148.414
G1 X68.172 Y148.976
G1 X68.349 Y149.165
G1 X68.175 Y148.983
G1 X68.052 Y148.471
G1 X68.007 Y148.007
G1 X68.105 Y147.712
G1 X68.608 Y147.900
G1 X68.962 Y147.370
G1 X69.471 Y147.228
G1 X69.920 Y147.454
G1 X70.273 Y147.944
G0 Z5.000 F500.000
G0 X71.441 Y147.678 F3000.000
G1 Z1.000 F500.000
G4 P100
G1 X71.656 Y148.857 F1000.000
G1 X71.160 Y149.081
G1 X70.706 Y148.827
G1 X70.379 Y148.338
G1 X70.273 Y147.708
G1 X70.452 Y147.314
G1 X70.876 Y147.253
G1 X71.441 Y147.678
G1 X71.670 Y147.305
G1 X71.961 Y147.261
G1 X72.387 Y147.564
G1 X72.622 Y147.944
G0 Z5.000 F500.000
G0 X73.024 Y149.165 F3000.000
G1 Z1.000 F500.000
G4 P100
G1 X72.848 Y148.975 F1000.000
G1 X72.714 Y148.376
G1 X72.743 Y147.280
G1 X72.787 Y147.797
G1 X73.091 Y147.995
G1 X73.485 Y148.693
G1 X73.824 Y148.867
G1 X73.969 Y148.855
G1 X74.012 Y148.634
G1 X73.981 Y147.265
G1 X74.052 Y147.824
G1 X74.324 Y147.992
G1 X74.692 Y148.621
G1 X75.000 Y148.843
G1 X75.281 Y148.807
G1 X75.174 Y147.639
G1 X75.279 Y147.316
G1 X75.555 Y147.251
G1 X75.829 Y147.337
G1 X76.203 Y147.674
G1 X76.342 Y147.944
G0 Z5.000 F500.000
G0 X77.711 Y147.414 F3000.000
G1 Z1.000 F500.000
G4 P100
G1 X77.853 Y147.952 F1000.000
G1 X77.781 Y148.218
G1 X77.512 Y148.413
G1 X77.199 Y148.402
G1 X76.918 Y148.269
G1 X76.726 Y148.438
G1 X76.524 Y148.662
G1 X76.615 Y148.997
G1 X76.769 Y149.133
G1 X76.605 Y148.970
G1 X76.480 Y148.230
G1 X76.557 Y148.114
G1 X76.918 Y148.269
G1 X76.557 Y148.114
G1 X76.500 Y148.161
G1 X76.426 Y147.891
G1 X76.514 Y147.540
G1 X76.736 Y147.313
G1 X77.114 Y147.215
G1 X77.679 Y147.434
G1 X77.917 Y147.257
G1 X78.235 Y147.271
G1 X78.665 Y147.549
G1 X78.927 Y147.941
G0 Z5.000 F500.000
G0 X55.729 Y139.068 F3000.000
G1 Z1.000 F500.000
G4 P100
G1 X55.553 Y138.878 F1000.000
G1 X55.419 Y138.279
G1 X55.448 Y137.183
G1 X55.492 Y137.700
G1 X55.796 Y137.898
G1 X56.190 Y138.596
G1 X56.529 Y138.770
G1 X56.674 Y138.758
G1 X56.717 Y138.537
G1 X56.686 Y137.168
G1 X56.757 Y137.727
G1 X57.029 Y137.895
G1 X57.397 Y138.524
G1 X57.705 Y138.746
G1 X57.986 Y138.710
G1 X57.879 Y137.542
G1 X57.984 Y137.219
G1 X58.260 Y137.154
G1 X58.534 Y137.240
G1 X58.908 Y137.577
G1 X59.047 Y137.847
G0 Z5.000 F500.000
G0 X59.093 Y137.737 F3000.000
G1 Z1.000 F500.000
G4 P100
G1 X59.779 Y137.935 F1000.000
G1 X60.160 Y138.274
G1 X60.231 Y138.542
G1 X60.172 Y138.789
G1 X60.014 Y138.934
G1 X59.764 Y138.979
G1 X59.351 Y138.796
G1 X59.080 Y138.342
G1 X59.037 Y137.887
G1 X59.116 Y137.521
G1 X59.263 Y137.315
G1 X59.670 Y137.131
G1 X60.191 Y137.169
G1 X60.770 Y137.491
G1 X61.012 Y137.844
G0 Z5.000 F500.000
G0 X62.698 Y138.347 F3000.000
G1 Z1.000 F500.000
G4 P100
G1 X62.788 Y138.641 F1000.000
G1 X62.674 Y138.902
G1 X62.405 Y138.978
G1 X62.116 Y138.869
G1 X61.821 Y138.465
G1 X61.673 Y137.803
G1 X61.170 Y137.615
G1 X61.136 Y137.190
G1 X61.108 Y138.317
G1 X61.237 Y138.879
G1 X61.414 Y139.068
G1 X61.240 Y138.886
G1 X61.117 Y138.374
G1 X61.072 Y137.910
G1 X61.170 Y137.615
G1 X61.673 Y137.803
G1 X62.027 Y137.273
G1 X62.536 Y137.131
G1 X62.985 Y137.357
G1 X63.338 Y137.847
G0 Z5.000 F500.000
G0 X64.362 Y138.367 F3000.000
G1 Z1.000 F500.000
G4 P100
G1 X64.427 Y138.712 F1000.000
G1 X64.272 Y138.933
G1 X63.820 Y138.906
G1 X63.536 Y138.640
G1 X63.345 Y137.862
G1 X63.439 Y137.474
G1 X63.644 Y137.241
G1 X64.029 Y137.141
G1 X64.558 Y137.242
G1 X65.018 Y137.561
G1 X65.187 Y137.879
G0 Z5.000 F500.000
G0 X65.579 Y139.068 F3000.000
G1 Z1.000 F500.000
G4 P100
G1 X65.403 Y138.878 F1000.000
G1 X65.269 Y138.279
G1 X65.298 Y137.183
G1 X65.342 Y137.700
G1 X65.646 Y137.898
G1 X66.040 Y138.596
G1 X66.379 Y138.770
G1 X66.524 Y138.758
G1 X66.567 Y138.537
G1 X66.536 Y137.168
G1 X66.607 Y137.727
G1 X66.879 Y137.895
G1 X67.247 Y138.524
G1 X67.555 Y138.746
G1 X67.836 Y138.710
G1 X67.729 Y137.542
G1 X67.834 Y137.219
G1 X68.110 Y137.154
G1 X68.384 Y137.240
G1 X68.758 Y137.577
G1 X68.897 Y137.847
G0 Z5.000 F500.000
G0 X55.280 Y127.808 F3000.000
G1 Z1.000 F500.000
G4 P100
G1 X55.153 Y127.439 F1000.000
G1 X55.366 Y127.099
G1 X55.786 Y127.045
G1 X56.221 Y127.275
G1 X56.475 Y127.558
G1 X56.530 Y127.789
G1 X55.995 Y128.001
G1 X55.880 Y128.482
G1 X56.077 Y128.813
G1 X56.516 Y128.929
G1 X57.117 Y128.783
G1 X56.889 Y127.916
G1 X56.530 Y127.789
G1 X56.889 Y127.916
G1 X57.061 Y127.099
G1 X57.293 Y127.060
G1 X57.563 Y127.166
G1 X57.917 Y127.494
G1 X58.044 Y127.755
G0 Z5.000 F500.000
G0 X57.695 Y127.252 F3000.000
G1 Z1.000 F500.000
G4 P100
G1 X58.293 Y127.997 F1000.000
G1 X58.704 Y129.017
G1 X58.855 Y129.145
G1 X59.259 Y128.799
G1 X59.855 Y128.690
G1 X60.195 Y128.927
G1 X59.855 Y128.690
G1 X59.748 Y128.460
G1 X59.122 Y127.821
G1 X59.029 Y127.414
G1 X59.188 Y127.114
G1 X59.599 Y126.998
G1 X60.105 Y127.099
G1 X60.612 Y127.416
G1 X60.825 Y127.757
G0 Z5.000 F500.000
G0 X60.863 Y127.640 F3000.000
G1 Z1.000 F500.000
G4 P100
G1 X61.549 Y127.838 F1000.000
G1 X61.930 Y128.177
G1 X62.001 Y128.445
G1 X61.942 Y128.692
G1 X61.784 Y128.837
G1 X61.534 Y128.882
G1 X61.121 Y128.699
G1 X60.850 Y128.245
G1 X60.807 Y127.790
G1 X60.886 Y127.424
G1 X61.033 Y127.218
G1 X61.440 Y127.034
G1 X61.961 Y127.072
G1 X62.540 Y127.394
G1 X62.782 Y127.747
G0 Z5.000 F500.000
G0 X63.199 Y128.961 F3000.000
G1 Z1.000 F500.000
G4 P100
G1 X63.020 Y128.756 F1000.000
G1 X62.848 Y127.880
G1 X62.855 Y127.435
G1 X63.011 Y127.167
G1 X63.277 Y127.223
G1 X63.600 Y127.605
G1 X63.887 Y127.725
G1 X64.161 Y128.758
G1 X64.285 Y128.929
G1 X64.161 Y128.758
G1 X63.887 Y127.725
G1 X64.030 Y127.156
G1 X64.262 Y127.058
G1 X64.562 Y127.133
G1 X64.962 Y127.486
G1 X65.091 Y127.745
G0 Z5.000 F500.000
G0 X66.778 Y128.250 F3000.000
G1 Z1.000 F500.000
G4 P100
G1 X66.868 Y128.544 F1000.000
G1 X66.754 Y128.805
G1 X66.485 Y128.881
G1 X66.196 Y128.772
G1 X65.901 Y128.368
G1 X65.753 Y127.706
G1 X65.250 Y127.518
G1 X65.216 Y127.093
G1 X65.188 Y128.220
G1 X65.317 Y128.782
G1 X65.494 Y128.971
G1 X65.320 Y128.789
G1 X65.197 Y128.277
G1 X65.152 Y127.813
G1 X65.250 Y127.518
G1 X65.753 Y127.706
G1 X66.107 Y127.176
G1 X66.616 Y127.034
G1 X67.065 Y127.260
G1 X67.418 Y127.750
G0 Z5.000 F500.000
G0 X67.834 Y128.961 F3000.000
G1 Z1.000 F500.000
G4 P100
G1 X67.655 Y128.756 F1000.000
G1 X67.483 Y127.880
G1 X67.490 Y127.435
G1 X67.646 Y127.167
G1 X67.912 Y127.223
G1 X68.235 Y127.605
G1 X68.522 Y127.725
G1 X68.796 Y128.758
G1 X68.920 Y128.929
G1 X68.796 Y128.758
G1 X68.522 Y127.725
G1 X68.665 Y127.156
G1 X68.897 Y127.058
G1 X69.197 Y127.133
G1 X69.597 Y127.486
G1 X69.726 Y127.745
G0 Z5.000 F500.000
G0 X69.829 Y127.223 F3000.000
G1 Z1.000 F500.000
G4 P100
G1 X69.865 Y127.259 F1000.000
G0 Z5.000 F500.000
G0 X64.520 Y130.387 F3000.000
G1 Z1.000 F500.000
G4 P100
G1 X64.245 Y129.934 F1000.000
G1 X63.801 Y129.709
G1 X63.318 Y129.777
G1 X63.096 Y130.130
G0 Z5.000 F500.000
G0 X86.346 Y178.740 F3000.000
G1 Z1.000 F500.000
G4 P100
G1 X86.427 Y179.066 F1000.000
G1 X86.266 Y179.322
G1 X85.931 Y179.350
G1 X85.603 Y179.149
G1 X85.313 Y178.491
G1 X85.320 Y178.104
G1 X85.439 Y177.800
G1 X85.762 Y177.559
G1 X86.210 Y177.535
G1 X86.592 Y177.741
G1 X86.790 Y178.101
G0 Z5.000 F500.000
G0 X87.571 Y179.446 F3000.000
G1 Z1.000 F500.000
G4 P100
G1 X87.408 Y179.282 F1000.000
G1 X87.281 Y178.771
G1 X87.256 Y177.817
G1 X87.382 Y177.650
G1 X87.551 Y177.660
G1 X87.987 Y178.105
G1 X88.315 Y178.220
G1 X88.359 Y177.581
G1 X88.315 Y178.220
G1 X88.640 Y179.390
G0 Z5.000 F500.000
G0 X89.849 Y179.441 F3000.000
G1 Z1.000 F500.000
G4 P100
G1 X89.699 Y179.285 F1000.000
G1 X89.543 Y178.601
G1 X89.629 Y178.081
G1 X89.585 Y177.554
G1 X89.629 Y178.081
G1 X89.923 Y178.265
G1 X90.455 Y179.066
G1 X90.823 Y179.163
G1 X90.911 Y179.272
G1 X90.823 Y179.163
G1 X91.011 Y178.557
G1 X90.965 Y178.464
G1 X91.216 Y178.645
G0 Z5.000 F500.000
G0 X91.836 Y179.351 F3000.000
G1 Z1.000 F500.000
G4 P100
G1 X91.865 Y177.881 F1000.000
G1 X91.951 Y177.641
G1 X92.097 Y177.573
G1 X92.420 Y177.768
G1 X93.252 Y179.363
G1 X93.381 Y179.385
G1 X93.475 Y179.274
G1 X93.760 Y178.329
G1 X94.027 Y178.130
G1 X94.629 Y178.283
G1 X95.009 Y178.538
G1 X95.168 Y178.916
G1 X95.042 Y179.262
G1 X94.598 Y179.352
G1 X94.185 Y179.069
G1 X93.974 Y178.528
G1 X94.038 Y177.934
G1 X94.357 Y177.581
G1 X94.902 Y177.523
G1 X95.295 Y177.720
G1 X95.586 Y178.224
G1 X95.714 Y178.272
G1 X96.078 Y178.146
G1 X96.700 Y177.612
G1 X97.102 Y176.985
G1 X97.118 Y176.661
G1 X96.738 Y175.596
G1 X96.515 Y175.337
G1 X96.256 Y175.247
G1 X95.941 Y175.423
G1 X95.939 Y175.888
G1 X96.462 Y176.647
G1 X96.802 Y176.934
G1 X97.102 Y176.985
G1 X97.194 Y177.135
G1 X97.497 Y179.245
G1 X97.603 Y179.385
G0 Z5.000 F500.000
G0 X98.828 Y179.165 F3000.000
G1 Z1.000 F500.000
G4 P100
G1 X99.062 Y179.294 F1000.000
G1 X99.416 Y179.319
G1 X99.649 Y179.220
G1 X99.811 Y178.989
G1 X99.898 Y178.546
G1 X99.836 Y178.121
G1 X99.686 Y177.790
G1 X99.457 Y177.603
G1 X98.946 Y177.573
G1 X98.635 Y177.881
G1 X98.561 Y178.498
G1 X98.655 Y178.896
G1 X98.828 Y179.165
G0 Z5.000 F500.000
G0 X100.744 Y177.520 F3000.000
G1 Z1.000 F500.000
G4 P100
G1 X101.047 Y179.227 F1000.000
G1 X101.145 Y179.365
G0 Z5.000 F500.000
G0 X102.402 Y179.434 F3000.000
G1 Z1.000 F500.000
G4 P100
G1 X102.239 Y179.180 F1000.000
G1 X102.126 Y178.658
G1 X102.153 Y177.559
G1 X102.160 Y178.081
G1 X102.532 Y178.309
G1 X102.909 Y178.972
G1 X103.471 Y179.163
G1 X103.493 Y179.258
G1 X103.359 Y177.595
G0 Z5.000 F500.000
G0 X97.542 Y180.317 F3000.000
G1 Z1.000 F500.000
G4 P100
G1 X97.676 Y180.339 F1000.000
G0 Z5.000 F500.000
G0 X101.196 Y180.317 F3000.000
G1 Z1.000 F500.000
G4 P100
G1 X101.330 Y180.339 F1000.000
G0 Z5.000 F500.000
G0 X85.067 Y169.276 F3000.000
G1 Z1.000 F500.000
G4 P100
G1 X85.539 Y169.244 F1000.000
G1 X85.672 Y169.356
G1 X85.694 Y169.900
G1 X85.977 Y170.822
G1 X86.250 Y171.216
G1 X86.573 Y171.290
G1 X86.749 Y171.038
G1 X86.732 Y170.522
G1 X86.111 Y169.359
G1 X86.462 Y169.288
G1 X86.883 Y169.368
G1 X86.462 Y169.288
G1 X85.672 Y169.356
G1 X85.584 Y169.261
G1 X85.593 Y168.224
G1 X85.767 Y167.663
G1 X86.037 Y167.463
G1 X86.405 Y167.459
G1 X86.985 Y167.926
G1 X88.173 Y168.324
G1 X88.415 Y168.611
G1 X88.450 Y168.958
G1 X88.290 Y169.200
G1 X87.966 Y169.267
G1 X87.593 Y169.096
G1 X87.332 Y168.695
G1 X87.261 Y168.241
G1 X87.398 Y167.699
G1 X87.733 Y167.451
G1 X88.204 Y167.427
G1 X88.590 Y167.623
G1 X88.806 Y167.989
G0 Z5.000 F500.000
G0 X88.896 Y167.635 F3000.000
G1 Z1.000 F500.000
G4 P100
G1 X89.574 Y168.567 F1000.000
G1 X89.814 Y168.741
G1 X89.929 Y169.220
G1 X90.095 Y169.376
G1 X89.929 Y169.220
G1 X89.814 Y168.741
G1 X90.284 Y168.118
G1 X90.364 Y167.717
G1 X90.142 Y167.426
G1 X89.734 Y167.427
G0 Z5.000 F500.000
G0 X91.132 Y169.276 F3000.000
G1 Z1.000 F500.000
G4 P100
G1 X91.604 Y169.244 F1000.000
G1 X91.737 Y169.356
G1 X91.768 Y169.943
G1 X92.074 Y170.888
G1 X92.369 Y171.253
G1 X92.701 Y171.255
G1 X92.828 Y170.943
G1 X92.785 Y170.472
G1 X92.176 Y169.359
G1 X92.527 Y169.288
G1 X92.948 Y169.368
G1 X92.527 Y169.288
G1 X91.737 Y169.356
G1 X91.649 Y169.261
G1 X91.639 Y168.487
G1 X91.731 Y167.875
G1 X91.964 Y167.529
G1 X92.428 Y167.449
G1 X92.799 Y167.696
G0 Z5.000 F500.000
G0 X94.719 Y169.588 F3000.000
G1 Z1.000 F500.000
G4 P100
G1 X95.391 Y169.737 F1000.000
G1 X95.477 Y169.601
G1 X95.173 Y167.515
G0 Z5.000 F500.000
G0 X96.704 Y168.419 F3000.000
G1 Z1.000 F500.000
G4 P100
G1 X97.438 Y168.722 F1000.000
G1 X97.958 Y168.591
G1 X98.127 Y168.357
G1 X98.159 Y168.039
G1 X98.053 Y167.737
G1 X97.830 Y167.521
G1 X97.280 Y167.410
G1 X96.827 Y167.649
G1 X96.678 Y168.048
G1 X96.694 Y168.984
G1 X96.968 Y169.537
G1 X97.419 Y169.824
G1 X98.016 Y169.794
G1 X98.335 Y169.427
G0 Z5.000 F500.000
G0 X99.527 Y169.034 F3000.000
G1 Z1.000 F500.000
G4 P100
G1 X99.568 Y169.073 F1000.000
G0 Z5.000 F500.000
G0 X99.392 Y167.647 F3000.000
G1 Z1.000 F500.000
G4 P100
G1 X99.356 Y167.611 F1000.000
G0 Z5.000 F500.000
G0 X85.716 Y159.262 F3000.000
G1 Z1.000 F500.000
G4 P100
G1 X85.540 Y159.072 F1000.000
G1 X85.404 Y158.459
G1 X85.435 Y157.377
G1 X85.479 Y157.894
G1 X85.778 Y158.087
G1 X86.059 Y158.640
G1 X86.283 Y158.878
G1 X86.583 Y158.972
G1 X86.673 Y158.909
G1 X86.660 Y158.192
G1 X86.744 Y157.921
G1 X86.673 Y157.362
G1 X86.744 Y157.921
G1 X87.040 Y158.116
G1 X87.478 Y158.820
G1 X87.911 Y158.970
G1 X88.001 Y158.622
G1 X87.884 Y157.384
G1 X87.941 Y157.243
G1 X88.305 Y157.163
G1 X89.030 Y157.356
G1 X89.196 Y158.594
G1 X89.380 Y159.171
G0 Z5.000 F500.000
G0 X90.637 Y159.240 F3000.000
G1 Z1.000 F500.000
G4 P100
G1 X90.474 Y158.986 F1000.000
G1 X90.361 Y158.464
G1 X90.388 Y157.365
G1 X90.395 Y157.887
G1 X90.767 Y158.115
G1 X91.144 Y158.778
G1 X91.706 Y158.969
G1 X91.728 Y159.064
G1 X91.583 Y157.432
G1 X91.690 Y157.264
G1 X92.057 Y157.177
G1 X92.740 Y157.356
G1 X92.906 Y158.594
G1 X93.090 Y159.171
G0 Z5.000 F500.000
G0 X94.376 Y159.262 F3000.000
G1 Z1.000 F500.000
G4 P100
G1 X94.200 Y159.072 F1000.000
G1 X94.064 Y158.459
G1 X94.095 Y157.377
G1 X94.139 Y157.894
G1 X94.442 Y158.093
G1 X94.852 Y158.805
G1 X95.258 Y158.972
G1 X95.361 Y158.751
G1 X95.319 Y158.206
G1 X95.404 Y157.921
G1 X95.333 Y157.362
G1 X95.404 Y157.921
G1 X95.700 Y158.116
G1 X96.149 Y158.830
G1 X96.607 Y158.955
G1 X96.660 Y158.586
G1 X96.544 Y157.384
G0 Z5.000 F500.000
G0 X98.111 Y159.252 F3000.000
G1 Z1.000 F500.000
G4 P100
G1 X97.948 Y159.088 F1000.000
G1 X97.821 Y158.577
G1 X97.796 Y157.623
G1 X97.922 Y157.456
G1 X98.091 Y157.466
G1 X98.527 Y157.911
G1 X98.855 Y158.026
G1 X98.899 Y157.387
G1 X98.855 Y158.026
G1 X99.180 Y159.196
G0 Z5.000 F500.000
G0 X100.406 Y159.262 F3000.000
G1 Z1.000 F500.000
G4 P100
G1 X100.230 Y159.072 F1000.000
G1 X100.094 Y158.459
G1 X100.125 Y157.377
G1 X100.169 Y157.894
G1 X100.472 Y158.093
G1 X100.882 Y158.805
G1 X101.288 Y158.972
G1 X101.391 Y158.751
G1 X101.349 Y158.206
G1 X101.434 Y157.921
G1 X101.363 Y157.362
G1 X101.434 Y157.921
G1 X101.730 Y158.116
G1 X102.179 Y158.830
G1 X102.637 Y158.955
G1 X102.690 Y158.586
G1 X102.574 Y157.384
G0 Z5.000 F500.000
G0 X105.246 Y158.807 F3000.000
G1 Z1.000 F500.000
G4 P100
G1 X105.509 Y158.866 F1000.000
G1 X105.901 Y159.139
G1 X106.211 Y159.131
G1 X106.443 Y158.837
G1 X106.438 Y158.309
G1 X106.199 Y157.763
G1 X105.791 Y157.393
G1 X105.229 Y157.316
G1 X105.090 Y157.667
G1 X104.705 Y157.413
G1 X104.366 Y156.555
G1 X104.201 Y155.812
G1 X104.229 Y155.281
G1 X104.452 Y155.053
G1 X104.646 Y155.076
G1 X104.807 Y155.222
G1 X105.034 Y155.914
G1 X105.229 Y157.316
G1 X105.090 Y157.667
G1 X105.246 Y158.807
G1 X105.184 Y159.099
G1 X105.261 Y159.210
G0 Z5.000 F500.000
G0 X107.497 Y157.936 F3000.000
G1 Z1.000 F500.000
G4 P100
G1 X108.172 Y158.122 F1000.000
G1 X108.560 Y158.455
G1 X108.637 Y158.707
G1 X108.592 Y158.957
G1 X108.453 Y159.111
G1 X108.222 Y159.174
G1 X107.824 Y159.045
G1 X107.531 Y158.659
G1 X107.434 Y158.173
G1 X107.557 Y157.627
G1 X107.887 Y157.361
G1 X108.364 Y157.327
G1 X108.765 Y157.526
G1 X108.981 Y157.892
G0 Z5.000 F500.000
G0 X109.792 Y159.240 F3000.000
G1 Z1.000 F500.000
G4 P100
G1 X109.629 Y158.986 F1000.000
G1 X109.516 Y158.464
G1 X109.543 Y157.365
G1 X109.550 Y157.887
G1 X109.922 Y158.115
G1 X110.299 Y158.778
G1 X110.861 Y158.969
G1 X110.883 Y159.064
G1 X110.749 Y157.401
G0 Z5.000 F500.000
G0 X89.431 Y160.123 F3000.000
G1 Z1.000 F500.000
G4 P100
G1 X89.565 Y160.145 F1000.000
G0 Z5.000 F500.000
G0 X93.141 Y160.123 F3000.000
G1 Z1.000 F500.000
G4 P100
G1 X93.275 Y160.145 F1000.000
G0 Z5.000 F500.000
G0 X85.506 Y148.242 F3000.000
G1 Z1.000 F500.000
G4 P100
G1 X85.782 Y148.354 F1000.000
G1 X85.975 Y148.597
G1 X86.417 Y149.482
G1 X86.666 Y150.261
G1 X86.730 Y150.849
G1 X86.657 Y151.258
G1 X86.452 Y151.436
G1 X86.164 Y151.353
G1 X85.847 Y150.841
G1 X85.552 Y149.816
G1 X85.409 Y148.669
G1 X85.506 Y148.242
G1 X85.458 Y147.834
G1 X85.604 Y147.468
G1 X85.826 Y147.286
G1 X86.256 Y147.270
G1 X86.573 Y147.509
G1 X86.889 Y147.229
G1 X87.243 Y149.045
G1 X87.468 Y149.118
G1 X88.240 Y148.780
G1 X88.614 Y148.759
G1 X88.890 Y148.927
G1 X89.336 Y149.535
G1 X89.646 Y150.174
G1 X89.777 Y150.772
G1 X89.723 Y151.256
G1 X89.475 Y151.441
G1 X89.188 Y151.311
G1 X88.917 Y150.878
G1 X88.411 Y149.153
G1 X88.439 Y148.742
G1 X88.272 Y147.995
G1 X88.270 Y146.876
G1 X88.370 Y145.990
G1 X88.557 Y145.680
G1 X88.863 Y145.739
G1 X89.033 Y146.111
G1 X88.916 Y147.984
G1 X89.027 Y148.087
G1 X89.816 Y148.142
G0 Z5.000 F500.000
G0 X89.782 Y149.082 F3000.000
G1 Z1.000 F500.000
G4 P100
G1 X90.254 Y149.050 F1000.000
G1 X90.387 Y149.162
G1 X90.416 Y149.742
G1 X90.717 Y150.681
G1 X91.007 Y151.052
G1 X91.340 Y151.070
G1 X91.477 Y150.764
G1 X91.437 Y150.285
G1 X90.826 Y149.165
G1 X91.177 Y149.094
G1 X91.598 Y149.174
G1 X91.177 Y149.094
G1 X90.387 Y149.162
G1 X90.299 Y149.067
G1 X90.366 Y147.729
G1 X90.532 Y147.406
G1 X90.801 Y147.255
G1 X91.183 Y147.286
G1 X91.449 Y147.502
G1 X91.646 Y147.441
G1 X92.324 Y148.373
G1 X92.564 Y148.547
G1 X92.679 Y149.026
G1 X92.845 Y149.182
G1 X92.679 Y149.026
G1 X92.564 Y148.547
G1 X93.034 Y147.924
G1 X93.114 Y147.523
G1 X92.892 Y147.232
G1 X92.484 Y147.233
G0 Z5.000 F500.000
G0 X96.608 Y147.592 F3000.000
G1 Z1.000 F500.000
G4 P100
G1 X96.832 Y148.839 F1000.000
G1 X96.397 Y149.091
G1 X96.015 Y148.933
G1 X95.694 Y148.594
G1 X95.497 Y148.140
G1 X95.460 Y147.660
G1 X95.557 Y147.387
G1 X95.749 Y147.245
G1 X95.993 Y147.257
G1 X96.303 Y147.517
G1 X96.608 Y147.592
G1 X96.645 Y147.297
G0 Z5.000 F500.000
G0 X98.177 Y149.143 F3000.000
G1 Z1.000 F500.000
G4 P100
G1 X98.014 Y148.889 F1000.000
G1 X97.901 Y148.367
G1 X97.928 Y147.268
G1 X97.935 Y147.790
G1 X98.307 Y148.018
G1 X98.684 Y148.681
G1 X99.246 Y148.872
G1 X99.268 Y148.967
G1 X99.134 Y147.304
G0 Z5.000 F500.000
G0 X101.536 Y149.038 F3000.000
G1 Z1.000 F500.000
G4 P100
G1 X101.917 Y151.051 F1000.000
G1 X102.106 Y151.359
G1 X102.446 Y151.391
G1 X102.601 Y151.045
G1 X102.572 Y150.411
G1 X102.037 Y148.808
G1 X101.572 Y148.530
G1 X101.461 Y148.721
G1 X101.495 Y149.082
G1 X101.025 Y149.024
G1 X100.707 Y148.818
G1 X100.458 Y148.486
G1 X100.332 Y148.097
G1 X100.309 Y147.719
G1 X100.470 Y147.319
G1 X100.684 Y147.237
G1 X101.005 Y147.310
G1 X101.577 Y147.656
G1 X101.763 Y147.221
G1 X101.576 Y147.663
G1 X101.572 Y148.530
G0 Z5.000 F500.000
G0 X87.341 Y150.026 F3000.000
G1 Z1.000 F500.000
G4 P100
G1 X87.475 Y150.048 F1000.000
G0 Z5.000 F500.000
G0 X84.966 Y137.344 F3000.000
G1 Z1.000 F500.000
G4 P100
G1 X85.644 Y138.276 F1000.000
G1 X85.884 Y138.450
G1 X85.999 Y138.929
G1 X86.165 Y139.085
G1 X85.999 Y138.929
G1 X85.884 Y138.450
G1 X86.354 Y137.827
G1 X86.434 Y137.426
G1 X86.212 Y137.135
G1 X85.804 Y137.136
G0 Z5.000 F500.000
G0 X87.202 Y138.985 F3000.000
G1 Z1.000 F500.000
G4 P100
G1 X87.674 Y138.953 F1000.000
G1 X87.807 Y139.065
G1 X87.838 Y139.652
G1 X88.144 Y140.597
G1 X88.439 Y140.962
G1 X88.771 Y140.964
G1 X88.898 Y140.652
G1 X88.855 Y140.181
G1 X88.246 Y139.068
G1 X88.597 Y138.997
G1 X89.018 Y139.077
G1 X88.597 Y138.997
G1 X87.807 Y139.065
G1 X87.719 Y138.970
G1 X87.709 Y138.196
G1 X87.801 Y137.584
G1 X88.034 Y137.238
G1 X88.498 Y137.158
G1 X88.869 Y137.405
G0 Z5.000 F500.000
G0 X90.568 Y137.495 F3000.000
G1 Z1.000 F500.000
G4 P100
G1 X90.792 Y138.742 F1000.000
G1 X90.357 Y138.994
G1 X89.975 Y138.836
G1 X89.654 Y138.497
G1 X89.457 Y138.043
G1 X89.420 Y137.563
G1 X89.517 Y137.290
G1 X89.709 Y137.148
G1 X89.953 Y137.160
G1 X90.263 Y137.420
G1 X90.568 Y137.495
G1 X90.605 Y137.200
G0 Z5.000 F500.000
G0 X91.939 Y138.640 F3000.000
G1 Z1.000 F500.000
G4 P100
G1 X92.243 Y138.718 F1000.000
G1 X92.593 Y138.980
G1 X92.906 Y138.881
G1 X93.112 Y138.680
G1 X93.236 Y138.313
G1 X93.217 Y137.862
G1 X93.077 Y137.487
G1 X92.831 Y137.231
G1 X92.461 Y137.140
G1 X92.118 Y137.287
G1 X91.925 Y137.634
G1 X91.870 Y138.173
G1 X91.950 Y139.384
G1 X92.197 Y140.482
G1 X92.517 Y141.162
G1 X92.889 Y141.341
G1 X93.132 Y141.124
G1 X93.167 Y140.618
G1 X93.014 Y140.039
G1 X92.594 Y139.253
G1 X92.593 Y138.980
G0 Z5.000 F500.000
G0 X94.321 Y138.145 F3000.000
G1 Z1.000 F500.000
G4 P100
G1 X94.573 Y138.240 F1000.000
G1 X94.752 Y138.437
G1 X95.412 Y139.894
G1 X95.536 Y140.913
G1 X95.440 Y141.220
G1 X95.252 Y141.341
G1 X95.002 Y141.273
G1 X94.794 Y141.022
G1 X94.394 Y139.848
G1 X94.222 Y138.506
G1 X94.321 Y138.145
G1 X94.271 Y137.751
G1 X94.388 Y137.421
G1 X94.661 Y137.181
G1 X95.057 Y137.169
G1 X95.296 Y137.291
G1 X95.635 Y137.679
G1 X96.665 Y138.042
G1 X96.898 Y138.327
G1 X96.930 Y138.667
G1 X96.777 Y138.905
G1 X96.453 Y138.977
G1 X96.078 Y138.810
G1 X95.814 Y138.410
G1 X95.740 Y137.957
G1 X95.874 Y137.414
G1 X96.206 Y137.162
G1 X96.677 Y137.135
G1 X97.070 Y137.332
G1 X97.286 Y137.698
G0 Z5.000 F500.000
G0 X85.489 Y128.543 F3000.000
G1 Z1.000 F500.000
G4 P100
G1 X85.793 Y128.621 F1000.000
G1 X86.143 Y128.883
G1 X86.456 Y128.784
G1 X86.662 Y128.583
G1 X86.786 Y128.216
G1 X86.767 Y127.765
G1 X86.627 Y127.390
G1 X86.381 Y127.134
G1 X86.011 Y127.043
G1 X85.668 Y127.190
G1 X85.475 Y127.537
G1 X85.420 Y128.076
G1 X85.500 Y129.287
G1 X85.747 Y130.385
G1 X86.067 Y131.065
G1 X86.439 Y131.244
G1 X86.682 Y131.027
G1 X86.717 Y130.521
G1 X86.564 Y129.942
G1 X86.144 Y129.156
G1 X86.143 Y128.883
G0 Z5.000 F500.000
G0 X88.833 Y127.398 F3000.000
G1 Z1.000 F500.000
G4 P100
G1 X89.053 Y128.658 F1000.000
G1 X88.666 Y128.900
G1 X88.198 Y128.709
G1 X87.923 Y128.406
G1 X87.744 Y128.023
G1 X87.676 Y127.590
G1 X87.752 Y127.242
G1 X87.913 Y127.077
G1 X88.133 Y127.040
G1 X88.535 Y127.327
G1 X88.833 Y127.398
G1 X88.937 Y126.991
G1 X89.107 Y126.971
G1 X89.681 Y127.247
G1 X90.359 Y128.179
G1 X90.599 Y128.353
G1 X90.714 Y128.832
G1 X90.880 Y128.988
G1 X90.714 Y128.832
G1 X90.599 Y128.353
G1 X91.069 Y127.730
G1 X91.149 Y127.329
G1 X90.927 Y127.038
G1 X90.519 Y127.039
G0 Z5.000 F500.000
G0 X92.207 Y127.645 F3000.000
G1 Z1.000 F500.000
G4 P100
G1 X92.915 Y127.848 F1000.000
G1 X93.294 Y128.210
G1 X93.347 Y128.490
G1 X93.256 Y128.740
G1 X93.048 Y128.866
G1 X92.771 Y128.865
G1 X92.347 Y128.560
G1 X92.148 Y127.985
G1 X92.253 Y127.361
G1 X92.625 Y127.060
G1 X92.995 Y127.025
G1 X93.334 Y127.131
G1 X93.933 Y127.901
G1 X94.690 Y128.251
G1 X95.243 Y129.315
G1 X95.518 Y130.277
G1 X95.478 Y131.050
G1 X95.335 Y131.219
G1 X95.113 Y131.232
G1 X94.887 Y131.065
G1 X94.679 Y130.688
G1 X94.310 Y129.298
G1 X94.223 Y128.446
G1 X94.321 Y128.048
G1 X94.265 Y127.704
G1 X94.488 Y127.190
G1 X94.963 Y127.053
G1 X95.232 Y127.147
G1 X95.388 Y127.315
G1 X95.747 Y127.053
G1 X95.926 Y128.331
G1 X96.105 Y128.880
G0 Z5.000 F500.000
G0 X97.362 Y128.949 F3000.000
G1 Z1.000 F500.000
G4 P100
G1 X97.199 Y128.695 F1000.000
G1 X97.086 Y128.173
G1 X97.113 Y127.074
G1 X97.120 Y127.596
G1 X97.492 Y127.824
G1 X97.869 Y128.487
G1 X98.431 Y128.678
G1 X98.453 Y128.773
G1 X98.306 Y127.163
G1 X98.403 Y127.005
G1 X99.317 Y127.572
G1 X100.107 Y127.795
G1 X100.494 Y128.053
G1 X100.645 Y128.357
G1 X100.604 Y128.673
G1 X100.402 Y128.851
G1 X100.083 Y128.867
G1 X99.731 Y128.657
G1 X99.503 Y128.251
G1 X99.452 Y127.831
G1 X99.601 Y127.293
G1 X99.937 Y127.058
G1 X100.408 Y127.042
G1 X100.791 Y127.245
G1 X100.996 Y127.601
G0 Z5.000 F500.000
G0 X96.156 Y129.832 F3000.000
G1 Z1.000 F500.000
G4 P100
G1 X96.290 Y129.854 F1000.000
G0 Z5.000 F500.000
G0 X115.327 Y177.998 F3000.000
G1 Z1.000 F500.000
G4 P100
G1 X115.453 Y177.696 F1000.000
G1 X115.848 Y177.505
G1 X116.350 Y177.513
G1 X116.717 Y177.732
G1 X116.866 Y178.059
G1 X116.799 Y178.413
G1 X116.432 Y178.693
G1 X115.594 Y178.904
G1 X115.705 Y179.822
G1 X115.434 Y179.871
G1 X117.050 Y179.902
G0 Z5.000 F500.000
G0 X117.907 Y177.932 F3000.000
G1 Z1.000 F500.000
G4 P100
G1 X118.212 Y177.574 F1000.000
G1 X118.801 Y177.532
G1 X119.259 Y177.814
G1 X119.535 Y178.348
G1 X119.533 Y178.940
G1 X118.740 Y178.634
G1 X118.423 Y178.685
G1 X118.184 Y178.873
G1 X118.083 Y179.111
G1 X118.098 Y179.419
G1 X118.411 Y179.842
G1 X118.880 Y179.957
G1 X119.310 Y179.814
G1 X119.535 Y179.455
G1 X119.533 Y178.940
G0 Z5.000 F500.000
G0 X120.697 Y177.708 F3000.000
G1 Z1.000 F500.000
G4 P100
G1 X120.734 Y177.744 F1000.000
G0 Z5.000 F500.000
G0 X122.097 Y179.260 F3000.000
G1 Z1.000 F500.000
G4 P100
G1 X122.271 Y179.721 F1000.000
G1 X122.744 Y179.949
G1 X123.306 Y179.867
G1 X123.575 Y179.463
G1 X123.517 Y179.031
G1 X123.223 Y178.570
G1 X122.454 Y177.956
G1 X122.290 Y177.700
G1 X121.892 Y177.532
G1 X122.290 Y177.700
G1 X122.800 Y177.543
G1 X123.711 Y177.568
G0 Z5.000 F500.000
G0 X20.623 Y103.476 F3000.000
G1 Z1.000 F500.000
G4 P100
G1 X21.977 Y103.491 F1000.000
G1 X22.496 Y103.321
G1 X22.890 Y103.513
G1 X22.496 Y103.321
G1 X22.361 Y103.033
G1 X21.626 Y102.191
G1 X21.300 Y101.428
G1 X21.184 Y100.626
G0 Z5.000 F500.000
G0 X23.842 Y100.782 F3000.000
G1 Z1.000 F500.000
G4 P100
G1 X23.887 Y100.827 F1000.000
G0 Z5.000 F500.000
G0 X30.226 Y103.809 F3000.000
G1 Z1.000 F500.000
G4 P100
G1 X30.328 Y104.145 F1000.000
G1 X30.299 Y104.571
G1 X30.156 Y104.867
G1 X29.895 Y105.078
G1 X29.528 Y105.184
G1 X29.081 Y105.177
G1 X28.249 Y104.836
G1 X27.713 Y104.271
G1 X27.361 Y103.504
G1 X27.227 Y102.532
G1 X27.344 Y101.737
G1 X27.562 Y101.327
G1 X27.887 Y100.994
G1 X28.309 Y100.758
G1 X28.812 Y100.625
G1 X29.469 Y100.597
G1 X30.193 Y100.699
G1 X30.956 Y100.954
G1 X31.194 Y101.160
G0 Z5.000 F500.000
G0 X31.319 Y101.190 F3000.000
G1 Z1.000 F500.000
G4 P100
G1 X31.327 Y102.004 F1000.000
G1 X31.594 Y102.577
G1 X31.816 Y102.734
G1 X32.200 Y102.811
G1 X32.673 Y102.648
G1 X32.871 Y102.324
G1 X32.958 Y101.793
G1 X32.851 Y101.202
G1 X32.634 Y100.813
G1 X32.327 Y100.626
G1 X31.794 Y100.605
G1 X31.492 Y100.802
G1 X31.319 Y101.190
G0 Z5.000 F500.000
G0 X34.549 Y102.939 F3000.000
G1 Z1.000 F500.000
G4 P100
G1 X34.345 Y102.622 F1000.000
G1 X34.204 Y101.969
G1 X34.150 Y101.379
G1 X34.247 Y101.249
G1 X34.238 Y100.595
G1 X34.247 Y101.249
G1 X34.712 Y101.533
G1 X35.184 Y102.362
G1 X35.886 Y102.600
G1 X35.913 Y102.719
G1 X35.746 Y100.641
G0 Z5.000 F500.000
G0 X37.649 Y102.939 F3000.000
G1 Z1.000 F500.000
G4 P100
G1 X37.445 Y102.622 F1000.000
G1 X37.304 Y101.969
G1 X37.250 Y101.379
G1 X37.347 Y101.249
G1 X37.338 Y100.595
G1 X37.347 Y101.249
G1 X37.812 Y101.533
G1 X38.284 Y102.362
G1 X38.986 Y102.600
G1 X39.013 Y102.719
G1 X38.830 Y100.708
G1 X38.922 Y100.524
G1 X39.185 Y100.565
G1 X40.150 Y101.247
G1 X41.065 Y101.491
G1 X41.558 Y101.813
G1 X41.751 Y102.190
G1 X41.706 Y102.586
G1 X41.458 Y102.814
G1 X41.060 Y102.839
G1 X40.617 Y102.581
G1 X40.329 Y102.076
G1 X40.263 Y101.542
G1 X40.448 Y100.870
G1 X40.868 Y100.576
G1 X41.457 Y100.556
G1 X41.936 Y100.809
G1 X42.193 Y101.255
G0 Z5.000 F500.000
G0 X44.029 Y102.073 F3000.000
G1 Z1.000 F500.000
G4 P100
G1 X44.123 Y102.525 F1000.000
G1 X43.864 Y102.829
G1 X43.390 Y102.791
G1 X42.975 Y102.426
G1 X42.777 Y101.968
G1 X42.728 Y101.422
G1 X42.844 Y100.983
G1 X43.103 Y100.693
G1 X43.442 Y100.559
G1 X43.833 Y100.561
G1 X44.179 Y100.697
G1 X44.444 Y100.949
G1 X44.607 Y101.476
G1 X44.542 Y102.337
G1 X44.617 Y102.712
G1 X44.809 Y102.914
G1 X45.313 Y102.823
G1 X45.487 Y102.964
G1 X45.493 Y103.536
G1 X45.779 Y104.586
G1 X46.089 Y105.165
G1 X46.424 Y105.391
G1 X46.639 Y105.371
G1 X46.781 Y105.222
G1 X46.839 Y104.556
G1 X46.645 Y103.966
G1 X46.128 Y103.272
G1 X46.036 Y102.967
G1 X46.475 Y102.878
G1 X47.001 Y102.979
G1 X46.475 Y102.878
G1 X45.487 Y102.964
G1 X45.377 Y102.845
G1 X45.399 Y101.467
G1 X45.668 Y100.769
G1 X45.935 Y100.600
G1 X46.269 Y100.567
G1 X46.927 Y100.909
G1 X47.257 Y100.589
G1 X47.481 Y100.570
G1 X47.705 Y102.168
G1 X47.817 Y102.725
G1 X47.928 Y102.854
G0 Z5.000 F500.000
G0 X49.416 Y102.628 F3000.000
G1 Z1.000 F500.000
G4 P100
G1 X49.761 Y102.784 F1000.000
G1 X50.160 Y102.789
G1 X50.435 Y102.654
G1 X50.624 Y102.366
G1 X50.726 Y101.821
G1 X50.643 Y101.280
G1 X50.455 Y100.877
G1 X50.166 Y100.647
G1 X49.519 Y100.619
G1 X49.285 Y100.774
G1 X49.137 Y101.024
G1 X49.068 Y101.851
G1 X49.190 Y102.310
G1 X49.416 Y102.628
G0 Z5.000 F500.000
G0 X52.318 Y102.939 F3000.000
G1 Z1.000 F500.000
G4 P100
G1 X52.114 Y102.622 F1000.000
G1 X51.973 Y101.969
G1 X51.919 Y101.379
G1 X52.016 Y101.249
G1 X52.007 Y100.595
G1 X52.016 Y101.249
G1 X52.481 Y101.533
G1 X52.952 Y102.362
G1 X53.655 Y102.600
G1 X53.682 Y102.719
G1 X53.514 Y100.641
G0 Z5.000 F500.000
G0 X47.992 Y104.044 F3000.000
G1 Z1.000 F500.000
G4 P100
G1 X48.160 Y104.071 F1000.000
G0 Z5.000 F500.000
G0 X58.051 Y101.001 F3000.000
G1 Z1.000 F500.000
G4 P100
G1 X58.331 Y102.559 F1000.000
G1 X57.787 Y102.875
G1 X57.309 Y102.678
G1 X56.908 Y102.253
G1 X56.662 Y101.686
G1 X56.616 Y101.086
G1 X56.737 Y100.744
G1 X56.977 Y100.568
G1 X57.282 Y100.582
G1 X57.670 Y100.908
G1 X58.051 Y101.001
G1 X58.097 Y100.632
G0 Z5.000 F500.000
G0 X60.012 Y102.939 F3000.000
G1 Z1.000 F500.000
G4 P100
G1 X59.808 Y102.622 F1000.000
G1 X59.667 Y101.969
G1 X59.612 Y101.379
G1 X59.710 Y101.249
G1 X59.700 Y100.595
G1 X59.710 Y101.249
G1 X60.174 Y101.533
G1 X60.646 Y102.362
G1 X61.348 Y102.600
G1 X61.376 Y102.719
G1 X61.208 Y100.641
G0 Z5.000 F500.000
G0 X64.210 Y102.808 F3000.000
G1 Z1.000 F500.000
G4 P100
G1 X64.417 Y104.303 F1000.000
G1 X64.687 Y105.325
G1 X64.923 Y105.710
G1 X65.349 Y105.749
G1 X65.542 Y105.317
G1 X65.506 Y104.525
G1 X65.310 Y103.718
G1 X64.837 Y102.521
G1 X64.705 Y102.372
G1 X64.256 Y102.173
G1 X64.117 Y102.412
G1 X64.160 Y102.863
G1 X63.572 Y102.791
G1 X63.175 Y102.534
G1 X62.863 Y102.118
G1 X62.706 Y101.633
G1 X62.677 Y101.160
G1 X62.878 Y100.660
G1 X63.146 Y100.558
G1 X63.547 Y100.649
G1 X64.262 Y101.081
G1 X64.494 Y100.537
G1 X64.261 Y101.090
G1 X64.256 Y102.173
G0 Z5.000 F500.000
G0 X67.794 Y102.784 F3000.000
G1 Z1.000 F500.000
G4 P100
G1 X68.273 Y102.975 F1000.000
G1 X68.765 Y103.635
G1 X69.108 Y104.292
G1 X69.294 Y105.266
G1 X69.214 Y105.591
G1 X69.020 Y105.790
G1 X68.749 Y105.789
G1 X68.511 Y105.624
G1 X68.097 Y104.793
G1 X67.763 Y103.377
G1 X67.794 Y102.784
G1 X67.663 Y102.416
G1 X67.633 Y101.714
G1 X67.767 Y101.258
G1 X67.709 Y100.623
G1 X67.767 Y101.258
G1 X68.149 Y101.500
G1 X68.720 Y102.420
G1 X68.970 Y102.565
G1 X69.286 Y102.593
G1 X69.370 Y102.168
G1 X69.220 Y100.620
G0 Z5.000 F500.000
G0 X72.101 Y101.001 F3000.000
G1 Z1.000 F500.000
G4 P100
G1 X72.381 Y102.559 F1000.000
G1 X71.837 Y102.875
G1 X71.359 Y102.678
G1 X70.958 Y102.253
G1 X70.712 Y101.686
G1 X70.666 Y101.086
G1 X70.787 Y100.744
G1 X71.027 Y100.568
G1 X71.332 Y100.582
G1 X71.720 Y100.908
G1 X72.101 Y101.001
G1 X72.147 Y100.632
G0 Z5.000 F500.000
G0 X74.062 Y102.939 F3000.000
G1 Z1.000 F500.000
G4 P100
G1 X73.858 Y102.622 F1000.000
G1 X73.717 Y101.969
G1 X73.662 Y101.379
G1 X73.760 Y101.249
G1 X73.750 Y100.595
G1 X73.760 Y101.249
G1 X74.224 Y101.533
G1 X74.696 Y102.362
G1 X75.398 Y102.600
G1 X75.426 Y102.719
G1 X75.258 Y100.641
G0 Z5.000 F500.000
G0 X78.260 Y102.808 F3000.000
G1 Z1.000 F500.000
G4 P100
G1 X78.467 Y104.303 F1000.000
G1 X78.737 Y105.325
G1 X78.973 Y105.710
G1 X79.399 Y105.749
G1 X79.592 Y105.317
G1 X79.556 Y104.525
G1 X79.360 Y103.718
G1 X78.887 Y102.521
G1 X78.755 Y102.372
G1 X78.306 Y102.173
G1 X78.167 Y102.412
G1 X78.210 Y102.863
G1 X77.622 Y102.791
G1 X77.225 Y102.534
G1 X76.913 Y102.118
G1 X76.756 Y101.633
G1 X76.727 Y101.160
G1 X76.928 Y100.660
G1 X77.196 Y100.558
G1 X77.597 Y100.649
G1 X78.312 Y101.081
G1 X78.544 Y100.537
G1 X78.311 Y101.090
G1 X78.306 Y102.173
G0 Z5.000 F500.000
G0 X80.075 Y102.869 F3000.000
G1 Z1.000 F500.000
G4 P100
G1 X79.997 Y102.782 F1000.000
G1 X80.078 Y101.039
G1 X80.159 Y100.742
G1 X80.348 Y100.619
G1 X80.691 Y100.819
G1 X81.216 Y101.845
G1 X81.479 Y102.008
G1 X81.872 Y102.002
G1 X81.626 Y102.680
G1 X81.668 Y102.842
G1 X81.630 Y102.668
G1 X81.884 Y102.053
G1 X81.790 Y101.956
G1 X81.479 Y102.008
G1 X81.645 Y101.645
G1 X81.688 Y100.898
G1 X81.846 Y100.627
G1 X82.157 Y100.693
G1 X82.644 Y101.440
G1 X83.316 Y102.832
G0 Z5.000 F500.000
G0 X84.771 Y102.948 F3000.000
G1 Z1.000 F500.000
G4 P100
G1 X84.583 Y102.753 F1000.000
G1 X84.388 Y101.899
G1 X84.385 Y101.537
G1 X84.496 Y101.249
G1 X84.441 Y100.589
G1 X84.496 Y101.249
G1 X84.870 Y101.486
G1 X85.429 Y102.400
G1 X85.691 Y102.562
G1 X85.988 Y102.600
G1 X86.098 Y102.738
G1 X85.988 Y102.600
G1 X86.223 Y101.844
G1 X86.165 Y101.728
G1 X86.223 Y101.844
G1 X86.604 Y101.970
G1 X86.835 Y100.722
G1 X86.923 Y100.561
G1 X87.092 Y100.553
G1 X87.480 Y102.782
G1 X87.760 Y102.885
G1 X88.188 Y102.803
G1 X88.482 Y102.921
G1 X89.009 Y102.845
G1 X89.118 Y102.964
G1 X89.138 Y103.608
G1 X89.473 Y104.738
G1 X89.787 Y105.240
G1 X90.138 Y105.400
G1 X90.324 Y105.338
G1 X90.438 Y105.163
G1 X90.461 Y104.502
G1 X90.268 Y103.950
G1 X89.760 Y103.272
G1 X89.668 Y102.967
G1 X90.106 Y102.878
G1 X90.632 Y102.979
G1 X90.106 Y102.878
G1 X89.118 Y102.964
G1 X89.009 Y102.845
G1 X89.030 Y101.467
G1 X89.299 Y100.769
G1 X89.566 Y100.600
G1 X89.900 Y100.567
G1 X90.559 Y100.909
G1 X90.888 Y100.589
G1 X91.112 Y100.570
G1 X91.336 Y102.168
G1 X91.448 Y102.725
G1 X91.559 Y102.854
G0 Z5.000 F500.000
G0 X93.130 Y102.939 F3000.000
G1 Z1.000 F500.000
G4 P100
G1 X92.927 Y102.622 F1000.000
G1 X92.785 Y101.969
G1 X92.731 Y101.379
G1 X92.828 Y101.249
G1 X92.819 Y100.595
G1 X92.828 Y101.249
G1 X93.293 Y101.533
G1 X93.765 Y102.362
G1 X94.467 Y102.600
G1 X94.495 Y102.719
G1 X94.327 Y100.641
G0 Z5.000 F500.000
G0 X96.957 Y99.891 F3000.000
G1 Z1.000 F500.000
G4 P100
G1 X96.538 Y99.790 F1000.000
G1 X95.688 Y98.889
G1 X95.450 Y98.215
G1 X95.493 Y97.954
G1 X95.644 Y97.776
G1 X96.025 Y97.724
G1 X96.371 Y97.965
G1 X96.673 Y98.496
G1 X96.956 Y99.387
G1 X96.957 Y99.891
G1 X97.175 Y100.461
G1 X97.137 Y100.864
G1 X96.469 Y100.571
G1 X96.170 Y100.563
G1 X95.870 Y100.788
G1 X95.762 Y101.237
G1 X95.852 Y101.805
G1 X96.109 Y102.318
G1 X96.500 Y102.701
G1 X96.950 Y102.877
G1 X97.478 Y102.559
G1 X97.137 Y100.864
G0 Z5.000 F500.000
G0 X87.630 Y104.044 F3000.000
G1 Z1.000 F500.000
G4 P100
G1 X87.798 Y104.071 F1000.000
G0 Z5.000 F500.000
G0 X91.623 Y104.044 F3000.000
G1 Z1.000 F500.000
G4 P100
G1 X91.791 Y104.071 F1000.000
G0 Z5.000 F500.000
G0 X99.980 Y100.812 F3000.000
G1 Z1.000 F500.000
G4 P100
G1 X100.827 Y101.977 F1000.000
G1 X101.128 Y102.195
G1 X101.270 Y102.794
G1 X101.479 Y102.988
G1 X101.270 Y102.794
G1 X101.128 Y102.195
G1 X101.715 Y101.415
G1 X101.815 Y100.915
G1 X101.538 Y100.551
G1 X101.027 Y100.553
G0 Z5.000 F500.000
G0 X102.774 Y102.863 F3000.000
G1 Z1.000 F500.000
G4 P100
G1 X102.932 Y102.920 F1000.000
G1 X103.365 Y102.824
G1 X103.531 Y102.964
G1 X103.569 Y103.697
G1 X103.952 Y104.879
G1 X104.321 Y105.335
G1 X104.541 Y105.400
G1 X104.736 Y105.338
G1 X104.895 Y104.947
G1 X104.840 Y104.359
G1 X104.604 Y103.815
G1 X104.159 Y103.248
G1 X104.080 Y102.967
G1 X104.519 Y102.878
G1 X105.045 Y102.979
G1 X104.519 Y102.878
G1 X103.531 Y102.964
G1 X103.421 Y102.845
G1 X103.409 Y101.877
G1 X103.523 Y101.112
G1 X103.815 Y100.680
G1 X104.394 Y100.580
G1 X104.688 Y100.701
G1 X104.858 Y100.888
G0 Z5.000 F500.000
G0 X106.021 Y102.948 F3000.000
G1 Z1.000 F500.000
G4 P100
G1 X105.833 Y102.753 F1000.000
G1 X105.638 Y101.899
G1 X105.635 Y101.537
G1 X105.746 Y101.249
G1 X105.691 Y100.589
G1 X105.746 Y101.249
G1 X106.120 Y101.486
G1 X106.679 Y102.400
G1 X106.941 Y102.562
G1 X107.238 Y102.600
G1 X107.348 Y102.738
G1 X107.238 Y102.600
G1 X107.473 Y101.844
G1 X107.415 Y101.728
G1 X107.473 Y101.844
G1 X107.872 Y101.953
G1 X108.268 Y101.375
G1 X108.437 Y101.310
G1 X109.165 Y101.491
G1 X109.633 Y101.787
G1 X109.856 Y102.218
G1 X109.765 Y102.657
G1 X109.479 Y102.839
G1 X109.088 Y102.820
G1 X108.749 Y102.613
G1 X108.494 Y102.247
G1 X108.360 Y101.679
G1 X108.439 Y101.109
G1 X108.576 Y100.833
G1 X108.833 Y100.631
G1 X109.275 Y100.528
G1 X109.739 Y100.614
G1 X110.099 Y100.876
G1 X110.293 Y101.255
G0 Z5.000 F500.000
G0 X110.405 Y100.812 F3000.000
G1 Z1.000 F500.000
G4 P100
G1 X111.252 Y101.977 F1000.000
G1 X111.553 Y102.195
G1 X111.695 Y102.794
G1 X111.904 Y102.988
G1 X111.695 Y102.794
G1 X111.553 Y102.195
G1 X112.140 Y101.415
G1 X112.240 Y100.915
G1 X111.963 Y100.551
G1 X111.452 Y100.553
G0 Z5.000 F500.000
G0 X113.074 Y100.812 F3000.000
G1 Z1.000 F500.000
G4 P100
G1 X113.920 Y101.977 F1000.000
G1 X114.221 Y102.195
G1 X114.364 Y102.794
G1 X114.572 Y102.988
G1 X114.364 Y102.794
G1 X114.221 Y102.195
G1 X114.809 Y101.415
G1 X114.909 Y100.915
G1 X114.631 Y100.551
G1 X114.121 Y100.553
G0 Z5.000 F500.000
G0 X119.123 Y102.073 F3000.000
G1 Z1.000 F500.000
G4 P100
G1 X119.225 Y102.480 F1000.000
G1 X119.024 Y102.799
G1 X118.605 Y102.834
G1 X118.195 Y102.583
G1 X117.955 Y102.219
G1 X117.832 Y101.761
G1 X117.840 Y101.278
G1 X117.990 Y100.897
G1 X118.393 Y100.596
G1 X118.953 Y100.567
G1 X119.430 Y100.823
G1 X119.679 Y101.273
G0 Z5.000 F500.000
G0 X120.160 Y101.342 F3000.000
G1 Z1.000 F500.000
G4 P100
G1 X120.225 Y102.129 F1000.000
G1 X120.516 Y102.628
G1 X121.069 Y102.811
G1 X121.374 Y102.756
G1 X121.580 Y102.608
G1 X121.756 Y102.271
G1 X121.825 Y101.757
G1 X121.702 Y101.150
G1 X121.451 Y100.762
G1 X120.989 Y100.589
G1 X120.577 Y100.637
G1 X120.304 Y100.884
G1 X120.160 Y101.342
G0 Z5.000 F500.000
G0 X123.433 Y102.948 F3000.000
G1 Z1.000 F500.000
G4 P100
G1 X123.245 Y102.753 F1000.000
G1 X123.051 Y101.899
G1 X123.048 Y101.537
G1 X123.159 Y101.249
G1 X123.104 Y100.589
G1 X123.159 Y101.249
G1 X123.532 Y101.486
G1 X124.091 Y102.400
G1 X124.353 Y102.562
G1 X124.651 Y102.600
G1 X124.761 Y102.738
G1 X124.651 Y102.600
G1 X124.886 Y101.844
G1 X124.828 Y101.728
G1 X124.886 Y101.844
G1 X125.569 Y102.240
G1 X126.346 Y102.461
G1 X126.896 Y102.825
G1 X127.297 Y102.780
G1 X127.530 Y102.462
G1 X127.568 Y102.038
G1 X127.477 Y101.573
G1 X127.264 Y101.139
G1 X126.965 Y100.795
G1 X126.546 Y100.558
G1 X126.093 Y100.520
G1 X125.847 Y100.974
G1 X125.528 Y100.838
G1 X125.326 Y100.584
G1 X124.905 Y99.461
G1 X124.725 Y98.536
G1 X124.798 Y97.922
G1 X125.123 Y97.697
G1 X125.348 Y97.767
G1 X125.527 Y97.971
G1 X125.796 Y98.881
G1 X126.021 Y100.534
G1 X125.847 Y100.974
G1 X126.042 Y102.399
G1 X125.965 Y102.763
G1 X126.060 Y102.903
G0 Z5.000 F500.000
G0 X129.323 Y102.954 F3000.000
G1 Z1.000 F500.000
G4 P100
G1 X129.120 Y102.750 F1000.000
G1 X128.961 Y102.111
G1 X128.867 Y101.386
G1 X128.930 Y100.919
G1 X129.088 Y100.709
G1 X129.299 Y100.722
G1 X129.548 Y100.888
G1 X129.843 Y101.279
G1 X130.254 Y101.422
G1 X130.309 Y100.623
G1 X130.254 Y101.422
G1 X130.660 Y102.884
G0 Z5.000 F500.000
G0 X131.255 Y100.812 F3000.000
G1 Z1.000 F500.000
G4 P100
G1 X132.102 Y101.977 F1000.000
G1 X132.403 Y102.195
G1 X132.545 Y102.794
G1 X132.754 Y102.988
G1 X132.545 Y102.794
G1 X132.403 Y102.195
G1 X132.990 Y101.415
G1 X133.090 Y100.915
G1 X132.813 Y100.551
G1 X132.302 Y100.553
G0 Z5.000 F500.000
G0 X27.540 Y91.660 F3000.000
G1 Z1.000 F500.000
G4 P100
G1 X28.211 Y91.809 F1000.000
G1 X28.298 Y91.673
G1 X27.994 Y89.587
G0 Z5.000 F500.000
G0 X29.471 Y89.683 F3000.000
G1 Z1.000 F500.000
G4 P100
G1 X29.508 Y89.719 F1000.000
G0 Z5.000 F500.000
G0 X31.935 Y90.281 F3000.000
G1 Z1.000 F500.000
G4 P100
G1 X31.799 Y90.015 F1000.000
G1 X31.845 Y89.669
G1 X32.033 Y89.523
G1 X32.306 Y89.557
G1 X32.566 Y89.836
G1 X32.934 Y90.861
G1 X33.250 Y91.279
G1 X33.171 Y91.131
G1 X33.347 Y90.817
G1 X33.370 Y90.185
G1 X33.541 Y89.878
G1 X33.512 Y89.504
G1 X33.541 Y89.878
G1 X33.778 Y90.100
G1 X34.149 Y90.942
G1 X34.485 Y91.189
G1 X34.615 Y90.881
G1 X34.586 Y89.824
G1 X34.662 Y89.611
G1 X34.798 Y89.522
G1 X35.066 Y89.533
G1 X35.324 Y89.695
G1 X35.586 Y89.998
G1 X35.745 Y90.396
G1 X35.922 Y90.529
G1 X36.673 Y90.702
G1 X37.028 Y90.583
G1 X37.027 Y90.253
G1 X36.863 Y89.824
G1 X36.626 Y89.590
G1 X36.319 Y89.496
G1 X35.879 Y89.658
G1 X35.655 Y90.101
G1 X35.707 Y90.758
G1 X36.033 Y91.206
G1 X36.374 Y91.328
G1 X36.666 Y91.252
G1 X37.062 Y90.439
G1 X37.460 Y90.432
G1 X37.868 Y90.552
G0 Z5.000 F500.000
G0 X37.877 Y90.286 F3000.000
G1 Z1.000 F500.000
G4 P100
G1 X37.724 Y90.046 F1000.000
G1 X37.752 Y89.700
G1 X37.923 Y89.532
G1 X38.196 Y89.548
G1 X38.482 Y89.812
G1 X38.941 Y90.774
G1 X39.329 Y91.196
G1 X39.263 Y91.040
G1 X39.407 Y90.715
G1 X39.413 Y89.956
G1 X39.563 Y89.575
G1 X39.821 Y89.504
G1 X40.104 Y89.593
G1 X40.471 Y89.958
G1 X40.589 Y90.207
G0 Z5.000 F500.000
G0 X42.062 Y90.439 F3000.000
G1 Z1.000 F500.000
G4 P100
G1 X41.879 Y89.849 F1000.000
G1 X41.520 Y89.538
G1 X41.043 Y89.548
G1 X40.704 Y89.916
G1 X40.638 Y90.348
G1 X40.722 Y90.799
G1 X40.931 Y91.123
G1 X41.237 Y91.302
G1 X41.499 Y91.321
G1 X41.710 Y91.214
G1 X42.062 Y90.439
G1 X42.460 Y90.432
G1 X42.868 Y90.552
G0 Z5.000 F500.000
G0 X44.590 Y90.710 F3000.000
G1 Z1.000 F500.000
G4 P100
G1 X44.680 Y91.004 F1000.000
G1 X44.566 Y91.265
G1 X44.298 Y91.341
G1 X44.008 Y91.232
G1 X43.714 Y90.828
G1 X43.565 Y90.166
G1 X43.062 Y89.978
G1 X43.028 Y89.553
G1 X43.000 Y90.680
G1 X43.129 Y91.242
G1 X43.306 Y91.431
G1 X43.135 Y91.255
G1 X43.029 Y90.845
G1 X43.019 Y90.054
G1 X43.062 Y89.978
G1 X43.565 Y90.166
G1 X43.848 Y89.700
G1 X44.202 Y89.506
G1 X44.727 Y89.603
G1 X45.119 Y89.974
G1 X45.329 Y90.371
G1 X46.012 Y90.674
G1 X46.473 Y90.667
G1 X46.610 Y90.583
G1 X46.577 Y90.132
G1 X46.368 Y89.725
G1 X46.086 Y89.533
G1 X45.754 Y89.506
G1 X45.465 Y89.653
G1 X45.279 Y89.930
G1 X45.218 Y90.348
G1 X45.300 Y90.792
G1 X45.501 Y91.113
G1 X45.803 Y91.298
G1 X46.071 Y91.323
G1 X46.290 Y91.214
G1 X46.642 Y90.439
G1 X47.040 Y90.432
G1 X47.448 Y90.552
G0 Z5.000 F500.000
G0 X48.765 Y90.281 F3000.000
G1 Z1.000 F500.000
G4 P100
G1 X48.629 Y90.015 F1000.000
G1 X48.675 Y89.669
G1 X48.863 Y89.523
G1 X49.136 Y89.557
G1 X49.396 Y89.836
G1 X49.764 Y90.861
G1 X50.080 Y91.279
G1 X50.001 Y91.131
G1 X50.177 Y90.817
G1 X50.200 Y90.185
G1 X50.371 Y89.878
G1 X50.342 Y89.504
G1 X50.371 Y89.878
G1 X50.608 Y90.100
G1 X51.006 Y90.986
G1 X51.267 Y91.182
G1 X51.441 Y90.918
G1 X51.399 Y89.969
G1 X51.536 Y89.563
G1 X51.797 Y89.511
G1 X52.056 Y89.616
G1 X52.383 Y89.949
G1 X52.490 Y90.234
G0 Z5.000 F500.000
G0 X53.648 Y89.944 F3000.000
G1 Z1.000 F500.000
G4 P100
G1 X53.863 Y91.123 F1000.000
G1 X53.367 Y91.348
G1 X52.913 Y91.093
G1 X52.586 Y90.604
G1 X52.480 Y89.974
G1 X52.659 Y89.580
G1 X53.083 Y89.519
G1 X53.648 Y89.944
G1 X53.877 Y89.571
G1 X54.168 Y89.527
G1 X54.594 Y89.830
G1 X54.830 Y90.210
G0 Z5.000 F500.000
G0 X55.219 Y91.399 F3000.000
G1 Z1.000 F500.000
G4 P100
G1 X55.060 Y91.199 F1000.000
G1 X54.885 Y90.232
G1 X54.917 Y89.840
G1 X55.082 Y89.616
G1 X55.380 Y89.704
G1 X55.746 Y90.145
G1 X56.182 Y90.384
G1 X56.181 Y91.148
G1 X56.288 Y91.345
G1 X56.180 Y91.133
G1 X56.218 Y90.461
G1 X55.978 Y90.269
G1 X56.207 Y89.624
G1 X56.487 Y89.689
G1 X56.802 Y90.065
G1 X57.089 Y90.186
G1 X57.433 Y91.340
G1 X57.089 Y90.186
G1 X57.240 Y89.603
G1 X57.478 Y89.518
G1 X57.763 Y89.595
G1 X58.168 Y89.952
G1 X58.293 Y90.205
G0 Z5.000 F500.000
G0 X58.711 Y91.421 F3000.000
G1 Z1.000 F500.000
G4 P100
G1 X58.533 Y91.217 F1000.000
G1 X58.360 Y90.340
G1 X58.367 Y89.895
G1 X58.523 Y89.627
G1 X58.789 Y89.683
G1 X59.112 Y90.065
G1 X59.399 Y90.186
G1 X59.673 Y91.219
G1 X59.797 Y91.389
G1 X59.673 Y91.219
G1 X59.399 Y90.186
G1 X59.543 Y89.616
G1 X59.775 Y89.518
G1 X60.075 Y89.593
G1 X60.474 Y89.946
G1 X60.603 Y90.205
G0 Z5.000 F500.000
G0 X60.989 Y91.416 F3000.000
G1 Z1.000 F500.000
G4 P100
G1 X60.838 Y91.261 F1000.000
G1 X60.726 Y90.785
G1 X60.691 Y89.480
G1 X60.658 Y90.127
G1 X60.741 Y90.478
G1 X61.829 Y90.415
G1 X62.144 Y91.365
G1 X61.829 Y90.415
G1 X61.915 Y89.599
G1 X62.173 Y89.517
G1 X62.456 Y89.601
G1 X62.846 Y89.942
G1 X62.979 Y90.207
G0 Z5.000 F500.000
G0 X64.148 Y89.944 F3000.000
G1 Z1.000 F500.000
G4 P100
G1 X64.363 Y91.123 F1000.000
G1 X63.867 Y91.348
G1 X63.413 Y91.093
G1 X63.086 Y90.604
G1 X62.980 Y89.974
G1 X63.159 Y89.580
G1 X63.583 Y89.519
G1 X64.148 Y89.944
G1 X64.377 Y89.571
G1 X64.668 Y89.527
G1 X65.094 Y89.830
G1 X65.330 Y90.210
G0 Z5.000 F500.000
G0 X67.044 Y91.399 F3000.000
G1 Z1.000 F500.000
G4 P100
G1 X66.885 Y91.199 F1000.000
G1 X66.710 Y90.232
G1 X66.742 Y89.840
G1 X66.907 Y89.616
G1 X67.205 Y89.704
G1 X67.571 Y90.145
G1 X68.007 Y90.384
G1 X68.006 Y91.148
G1 X68.113 Y91.345
G1 X68.005 Y91.133
G1 X68.043 Y90.461
G1 X67.803 Y90.269
G1 X68.032 Y89.624
G1 X68.312 Y89.689
G1 X68.627 Y90.065
G1 X68.914 Y90.186
G1 X69.258 Y91.340
G1 X68.914 Y90.186
G1 X69.065 Y89.603
G1 X69.303 Y89.518
G1 X69.588 Y89.595
G1 X69.993 Y89.952
G1 X70.118 Y90.205
G0 Z5.000 F500.000
G0 X71.805 Y90.710 F3000.000
G1 Z1.000 F500.000
G4 P100
G1 X71.895 Y91.004 F1000.000
G1 X71.781 Y91.265
G1 X71.513 Y91.341
G1 X71.223 Y91.232
G1 X70.929 Y90.828
G1 X70.780 Y90.166
G1 X70.277 Y89.978
G1 X70.243 Y89.553
G1 X70.215 Y90.680
G1 X70.344 Y91.242
G1 X70.521 Y91.431
G1 X70.350 Y91.255
G1 X70.244 Y90.845
G1 X70.234 Y90.054
G1 X70.277 Y89.978
G1 X70.780 Y90.166
G1 X71.063 Y89.700
G1 X71.417 Y89.506
G1 X71.942 Y89.603
G1 X72.334 Y89.974
G1 X72.544 Y90.371
G1 X73.227 Y90.674
G1 X73.688 Y90.667
G1 X73.825 Y90.583
G1 X73.792 Y90.132
G1 X73.583 Y89.725
G1 X73.301 Y89.533
G1 X72.969 Y89.506
G1 X72.680 Y89.653
G1 X72.494 Y89.930
G1 X72.433 Y90.348
G1 X72.515 Y90.792
G1 X72.716 Y91.113
G1 X73.018 Y91.298
G1 X73.286 Y91.323
G1 X73.505 Y91.214
G1 X73.857 Y90.439
G1 X74.255 Y90.432
G1 X74.663 Y90.552
G0 Z5.000 F500.000
G0 X74.672 Y90.286 F3000.000
G1 Z1.000 F500.000
G4 P100
G1 X74.519 Y90.046 F1000.000
G1 X74.547 Y89.700
G1 X74.718 Y89.532
G1 X74.991 Y89.548
G1 X75.277 Y89.812
G1 X75.736 Y90.774
G1 X76.124 Y91.196
G1 X76.058 Y91.040
G1 X76.202 Y90.715
G1 X76.208 Y89.956
G1 X76.358 Y89.575
G1 X76.616 Y89.504
G1 X76.899 Y89.593
G1 X77.266 Y89.958
G1 X77.384 Y90.207
G0 Z5.000 F500.000
G0 X78.613 Y89.944 F3000.000
G1 Z1.000 F500.000
G4 P100
G1 X78.828 Y91.123 F1000.000
G1 X78.332 Y91.348
G1 X77.878 Y91.093
G1 X77.551 Y90.604
G1 X77.445 Y89.974
G1 X77.624 Y89.580
G1 X78.048 Y89.519
G1 X78.613 Y89.944
G1 X78.842 Y89.571
G1 X79.133 Y89.527
G1 X79.559 Y89.830
G1 X79.795 Y90.210
G0 Z5.000 F500.000
G0 X82.202 Y89.749 F3000.000
G1 Z1.000 F500.000
G4 P100
G1 X82.515 Y90.516 F1000.000
G1 X82.460 Y91.137
G1 X82.286 Y91.299
G1 X82.057 Y91.328
G1 X81.316 Y90.977
G1 X81.277 Y91.316
G1 X81.259 Y90.239
G1 X81.160 Y89.836
G1 X81.299 Y89.485
G1 X81.088 Y88.003
G1 X80.836 Y87.338
G1 X80.641 Y87.221
G1 X80.429 Y87.260
G1 X80.268 Y87.594
G1 X80.301 Y88.184
G1 X80.531 Y89.001
G1 X80.865 Y89.696
G1 X81.160 Y89.836
G1 X81.299 Y89.485
G1 X81.392 Y89.472
G1 X81.747 Y89.509
G1 X82.202 Y89.749
G1 X82.451 Y89.537
G1 X82.777 Y89.522
G1 X83.229 Y89.779
G1 X83.528 Y90.220
G0 Z5.000 F500.000
G0 X84.693 Y89.944 F3000.000
G1 Z1.000 F500.000
G4 P100
G1 X84.908 Y91.123 F1000.000
G1 X84.412 Y91.348
G1 X83.958 Y91.093
G1 X83.631 Y90.604
G1 X83.525 Y89.974
G1 X83.704 Y89.580
G1 X84.128 Y89.519
G1 X84.693 Y89.944
G1 X84.922 Y89.571
G1 X85.213 Y89.527
G1 X85.639 Y89.830
G1 X85.875 Y90.210
G0 Z5.000 F500.000
G0 X87.495 Y93.499 F3000.000
G1 Z1.000 F500.000
G4 P100
G1 X86.499 Y93.196 F1000.000
G1 X86.258 Y92.890
G1 X86.364 Y92.525
G1 X87.159 Y91.502
G1 X87.194 Y90.765
G1 X87.314 Y90.454
G1 X87.149 Y90.033
G1 X86.888 Y89.665
G1 X86.535 Y89.502
G1 X86.153 Y89.577
G1 X85.934 Y89.876
G1 X85.895 Y90.313
G1 X85.984 Y90.748
G1 X86.189 Y91.076
G1 X86.475 Y91.258
G1 X87.158 Y91.184
G1 X87.314 Y90.454
G1 X87.743 Y90.423
G1 X88.212 Y90.564
G0 Z5.000 F500.000
G0 X89.652 Y90.439 F3000.000
G1 Z1.000 F500.000
G4 P100
G1 X89.469 Y89.849 F1000.000
G1 X89.110 Y89.538
G1 X88.633 Y89.548
G1 X88.294 Y89.916
G1 X88.228 Y90.348
G1 X88.312 Y90.799
G1 X88.521 Y91.123
G1 X88.827 Y91.302
G1 X89.089 Y91.321
G1 X89.300 Y91.214
G1 X89.652 Y90.439
G1 X90.050 Y90.432
G1 X90.458 Y90.552
G0 Z5.000 F500.000
G0 X90.896 Y91.431 F3000.000
G1 Z1.000 F500.000
G4 P100
G1 X90.720 Y91.241 F1000.000
G1 X90.587 Y90.642
G1 X90.616 Y89.546
G1 X90.659 Y90.063
G1 X90.963 Y90.261
G1 X91.357 Y90.959
G1 X91.697 Y91.134
G1 X91.841 Y91.121
G1 X91.884 Y90.900
G1 X91.853 Y89.531
G1 X91.924 Y90.090
G1 X92.196 Y90.258
G1 X92.564 Y90.887
G1 X92.872 Y91.109
G1 X93.154 Y91.073
G1 X93.046 Y89.905
G1 X93.151 Y89.582
G1 X93.427 Y89.517
G1 X93.701 Y89.604
G1 X94.075 Y89.940
G1 X94.214 Y90.210
G0 Z5.000 F500.000
G0 X95.383 Y89.944 F3000.000
G1 Z1.000 F500.000
G4 P100
G1 X95.598 Y91.123 F1000.000
G1 X95.102 Y91.348
G1 X94.648 Y91.093
G1 X94.321 Y90.604
G1 X94.215 Y89.974
G1 X94.394 Y89.580
G1 X94.818 Y89.519
G1 X95.383 Y89.944
G1 X95.612 Y89.571
G1 X95.903 Y89.527
G1 X96.329 Y89.830
G1 X96.565 Y90.210
G0 Z5.000 F500.000
G0 X98.291 Y91.431 F3000.000
G1 Z1.000 F500.000
G4 P100
G1 X98.114 Y91.241 F1000.000
G1 X97.977 Y90.626
G1 X98.057 Y90.054
G1 X98.011 Y89.546
G1 X98.057 Y90.054
G1 X98.336 Y90.224
G1 X98.719 Y90.887
G1 X99.041 Y91.115
G1 X99.255 Y91.139
G1 X99.308 Y91.049
G1 X99.201 Y89.902
G1 X99.310 Y89.581
G1 X99.585 Y89.517
G1 X99.861 Y89.606
G1 X100.231 Y89.937
G1 X100.369 Y90.207
G0 Z5.000 F500.000
G0 X100.342 Y90.286 F3000.000
G1 Z1.000 F500.000
G4 P100
G1 X100.189 Y90.046 F1000.000
G1 X100.217 Y89.700
G1 X100.388 Y89.532
G1 X100.661 Y89.548
G1 X100.947 Y89.812
G1 X101.406 Y90.774
G1 X101.794 Y91.196
G1 X101.728 Y91.040
G1 X101.872 Y90.715
G1 X101.878 Y89.956
G1 X102.028 Y89.575
G1 X102.286 Y89.504
G1 X102.569 Y89.593
G1 X102.936 Y89.958
G1 X103.054 Y90.207
G0 Z5.000 F500.000
G0 X104.527 Y90.439 F3000.000
G1 Z1.000 F500.000
G4 P100
G1 X104.344 Y89.849 F1000.000
G1 X103.985 Y89.538
G1 X103.508 Y89.548
G1 X103.169 Y89.916
G1 X103.103 Y90.348
G1 X103.187 Y90.799
G1 X103.396 Y91.123
G1 X103.702 Y91.302
G1 X103.964 Y91.321
G1 X104.175 Y91.214
G1 X104.527 Y90.439
G1 X104.925 Y90.432
G1 X105.333 Y90.552
G0 Z5.000 F500.000
G0 X105.759 Y91.394 F3000.000
G1 Z1.000 F500.000
G4 P100
G1 X105.580 Y91.080 F1000.000
G1 X105.430 Y90.188
G1 X105.470 Y89.783
G1 X105.632 Y89.651
G1 X106.009 Y89.787
G1 X106.230 Y90.090
G1 X106.548 Y90.238
G1 X106.802 Y91.299
G1 X106.540 Y90.353
G1 X106.631 Y90.154
G1 X106.619 Y89.794
G1 X106.772 Y89.651
G1 X107.146 Y89.797
G1 X107.320 Y90.043
G1 X107.671 Y90.200
G1 X107.634 Y90.294
G1 X108.025 Y91.382
G1 X107.633 Y90.287
G1 X107.745 Y89.730
G1 X107.953 Y89.630
G1 X107.954 Y89.528
G1 X108.173 Y90.519
G1 X107.820 Y88.639
G1 X107.496 Y88.085
G1 X107.026 Y88.020
G1 X106.916 Y88.280
G1 X107.117 Y88.726
G1 X107.559 Y89.060
G1 X107.888 Y89.116
G1 X107.969 Y89.456
G1 X108.426 Y89.574
G1 X108.838 Y89.855
G1 X108.904 Y90.002
G0 Z5.000 F500.000
G0 X110.198 Y89.944 F3000.000
G1 Z1.000 F500.000
G4 P100
G1 X110.413 Y91.123 F1000.000
G1 X109.917 Y91.348
G1 X109.463 Y91.093
G1 X109.136 Y90.604
G1 X109.030 Y89.974
G1 X109.209 Y89.580
G1 X109.633 Y89.519
G1 X110.198 Y89.944
G1 X110.427 Y89.571
G1 X110.718 Y89.527
G1 X111.144 Y89.830
G1 X111.380 Y90.210
G0 Z5.000 F500.000
G0 X112.333 Y88.970 F3000.000
G1 Z1.000 F500.000
G4 P100
G1 X112.329 Y88.552 F1000.000
G1 X111.952 Y87.556
G1 X111.642 Y87.255
G1 X111.282 Y87.279
G1 X111.127 Y87.608
G1 X111.288 Y88.118
G1 X111.953 Y88.852
G1 X112.333 Y88.970
G1 X112.592 Y89.529
G1 X112.484 Y89.751
G1 X112.758 Y91.096
G1 X112.318 Y91.358
G1 X111.996 Y91.236
G1 X111.708 Y90.980
G1 X111.472 Y90.568
G1 X111.379 Y90.097
G1 X111.433 Y89.745
G1 X111.648 Y89.526
G1 X111.923 Y89.509
G1 X112.484 Y89.751
G1 X112.594 Y89.536
G1 X112.840 Y89.559
G1 X113.647 Y90.146
G0 Z5.000 F500.000
G0 X115.143 Y89.680 F3000.000
G1 Z1.000 F500.000
G4 P100
G1 X115.285 Y90.218 F1000.000
G1 X115.213 Y90.484
G1 X114.944 Y90.679
G1 X114.631 Y90.668
G1 X114.350 Y90.535
G1 X114.158 Y90.704
G1 X113.956 Y90.928
G1 X114.047 Y91.263
G1 X114.201 Y91.399
G1 X114.037 Y91.236
G1 X113.912 Y90.496
G1 X113.989 Y90.380
G1 X114.350 Y90.535
G1 X113.989 Y90.380
G1 X113.932 Y90.427
G1 X113.858 Y90.157
G1 X113.946 Y89.806
G1 X114.168 Y89.579
G1 X114.547 Y89.481
G1 X115.111 Y89.700
G1 X115.350 Y89.523
G1 X115.667 Y89.537
G1 X116.097 Y89.815
G1 X116.359 Y90.207
G0 Z5.000 F500.000
G0 X119.097 Y90.439 F3000.000
G1 Z1.000 F500.000
G4 P100
G1 X118.914 Y89.849 F1000.000
G1 X118.555 Y89.538
G1 X118.078 Y89.548
G1 X117.739 Y89.916
G1 X117.673 Y90.348
G1 X117.757 Y90.799
G1 X117.966 Y91.123
G1 X118.272 Y91.302
G1 X118.534 Y91.321
G1 X118.745 Y91.214
G1 X119.097 Y90.439
G1 X119.495 Y90.432
G1 X119.903 Y90.552
G0 Z5.000 F500.000
G0 X121.560 Y93.499 F3000.000
G1 Z1.000 F500.000
G4 P100
G1 X120.564 Y93.196 F1000.000
G1 X120.323 Y92.890
G1 X120.429 Y92.525
G1 X121.224 Y91.502
G1 X121.259 Y90.765
G1 X121.379 Y90.454
G1 X121.214 Y90.033
G1 X120.953 Y89.665
G1 X120.600 Y89.502
G1 X120.218 Y89.577
G1 X119.999 Y89.876
G1 X119.960 Y90.313
G1 X120.049 Y90.748
G1 X120.254 Y91.076
G1 X120.540 Y91.258
G1 X121.223 Y91.184
G1 X121.379 Y90.454
G1 X121.808 Y90.423
G1 X122.277 Y90.564
G0 Z5.000 F500.000
G0 X123.810 Y89.680 F3000.000
G1 Z1.000 F500.000
G4 P100
G1 X123.941 Y90.203 F1000.000
G1 X123.818 Y90.557
G1 X123.470 Y90.699
G1 X123.058 Y90.574
G1 X122.721 Y90.911
G1 X122.855 Y91.238
G1 X123.270 Y91.394
G1 X122.855 Y91.238
G1 X122.272 Y91.448
G1 X122.855 Y91.238
G1 X122.619 Y90.727
G1 X122.618 Y90.478
G1 X123.058 Y90.574
G1 X122.608 Y90.474
G1 X122.538 Y90.278
G1 X122.564 Y89.873
G1 X122.840 Y89.562
G1 X123.198 Y89.486
G1 X123.810 Y89.680
G1 X124.018 Y89.524
G1 X124.345 Y89.542
G1 X124.765 Y89.828
G1 X125.013 Y90.205
G0 Z5.000 F500.000
G0 X125.060 Y90.100 F3000.000
G1 Z1.000 F500.000
G4 P100
G1 X125.747 Y90.298 F1000.000
G1 X126.128 Y90.637
G1 X126.198 Y90.905
G1 X126.139 Y91.152
G1 X125.981 Y91.297
G1 X125.731 Y91.342
G1 X125.318 Y91.159
G1 X125.047 Y90.706
G1 X125.004 Y90.250
G1 X125.083 Y89.884
G1 X125.230 Y89.678
G1 X125.637 Y89.494
G1 X126.158 Y89.532
G1 X126.737 Y89.854
G1 X126.979 Y90.207
G0 Z5.000 F500.000
G0 X126.935 Y90.281 F3000.000
G1 Z1.000 F500.000
G4 P100
G1 X126.799 Y90.015 F1000.000
G1 X126.845 Y89.669
G1 X127.033 Y89.523
G1 X127.306 Y89.557
G1 X127.566 Y89.836
G1 X127.934 Y90.861
G1 X128.250 Y91.279
G1 X128.171 Y91.131
G1 X128.347 Y90.817
G1 X128.370 Y90.185
G1 X128.541 Y89.878
G1 X128.512 Y89.504
G1 X128.541 Y89.878
G1 X128.778 Y90.100
G1 X129.176 Y90.986
G1 X129.437 Y91.182
G1 X129.611 Y90.918
G1 X129.569 Y89.969
G1 X129.706 Y89.563
G1 X129.967 Y89.511
G1 X130.226 Y89.616
G1 X130.553 Y89.949
G1 X130.660 Y90.234
G0 Z5.000 F500.000
G0 X126.420 Y92.270 F3000.000
G1 Z1.000 F500.000
G4 P100
G1 X126.437 Y92.336 F1000.000
G0 Z5.000 F500.000
G0 X125.397 Y92.336 F3000.000
G1 Z1.000 F500.000
G4 P100
G1 X125.392 Y92.285 F1000.000
G0 Z5.000 F500.000
G0 X132.376 Y91.431 F3000.000
G1 Z1.000 F500.000
G4 P100
G1 X132.199 Y91.241 F1000.000
G1 X132.062 Y90.626
G1 X132.142 Y90.054
G1 X132.096 Y89.546
G1 X132.142 Y90.054
G1 X132.445 Y90.252
G1 X132.866 Y90.959
G1 X133.162 Y91.124
G1 X133.386 Y91.079
G1 X133.292 Y89.806
G1 X133.367 Y89.604
G1 X133.561 Y89.523
G1 X133.989 Y89.633
G1 X134.343 Y89.971
G1 X134.553 Y90.369
G1 X135.236 Y90.673
G1 X135.697 Y90.667
G1 X135.834 Y90.583
G1 X135.810 Y90.160
G1 X135.612 Y89.748
G1 X135.339 Y89.544
G1 X135.000 Y89.502
G1 X134.706 Y89.639
G1 X134.509 Y89.916
G1 X134.443 Y90.334
G1 X134.522 Y90.785
G1 X134.721 Y91.108
G1 X135.021 Y91.296
G1 X135.289 Y91.324
G1 X135.510 Y91.219
G1 X135.867 Y90.439
G1 X136.265 Y90.432
G1 X136.673 Y90.552
G0 Z5.000 F500.000
G0 X137.663 Y88.970 F3000.000
G1 Z1.000 F500.000
G4 P100
G1 X137.659 Y88.552 F1000.000
G1 X137.282 Y87.556
G1 X136.972 Y87.255
G1 X136.612 Y87.279
G1 X136.457 Y87.608
G1 X136.618 Y88.118
G1 X137.283 Y88.852
G1 X137.663 Y88.970
G1 X137.922 Y89.529
G1 X137.814 Y89.751
G1 X138.088 Y91.096
G1 X137.648 Y91.358
G1 X137.326 Y91.236
G1 X137.038 Y90.980
G1 X136.802 Y90.568
G1 X136.709 Y90.097
G1 X136.763 Y89.745
G1 X136.978 Y89.526
G1 X137.253 Y89.509
G1 X137.814 Y89.751
G1 X137.924 Y89.536
G1 X138.170 Y89.559
G1 X138.977 Y90.146
G0 Z5.000 F500.000
G0 X140.610 Y89.680 F3000.000
G1 Z1.000 F500.000
G4 P100
G1 X140.741 Y90.203 F1000.000
G1 X140.618 Y90.557
G1 X140.270 Y90.699
G1 X139.858 Y90.574
G1 X139.521 Y90.911
G1 X139.655 Y91.238
G1 X140.070 Y91.394
G1 X139.655 Y91.238
G1 X139.072 Y91.448
G1 X139.655 Y91.238
G1 X139.419 Y90.727
G1 X139.418 Y90.478
G1 X139.858 Y90.574
G1 X139.408 Y90.474
G1 X139.338 Y90.278
G1 X139.364 Y89.873
G1 X139.640 Y89.562
G1 X139.998 Y89.486
G1 X140.610 Y89.680
G1 X140.818 Y89.524
G1 X141.145 Y89.542
G1 X141.565 Y89.828
G1 X141.813 Y90.205
G0 Z5.000 F500.000
G0 X141.860 Y90.100 F3000.000
G1 Z1.000 F500.000
G4 P100
G1 X142.547 Y90.298 F1000.000
G1 X142.928 Y90.637
G1 X142.998 Y90.905
G1 X142.939 Y91.152
G1 X142.781 Y91.297
G1 X142.531 Y91.342
G1 X142.118 Y91.159
G1 X141.847 Y90.706
G1 X141.804 Y90.250
G1 X141.883 Y89.884
G1 X142.030 Y89.678
G1 X142.437 Y89.494
G1 X142.958 Y89.532
G1 X143.537 Y89.854
G1 X143.779 Y90.207
G0 Z5.000 F500.000
G0 X143.735 Y90.281 F3000.000
G1 Z1.000 F500.000
G4 P100
G1 X143.599 Y90.015 F1000.000
G1 X143.645 Y89.669
G1 X143.833 Y89.523
G1 X144.106 Y89.557
G1 X144.366 Y89.836
G1 X144.734 Y90.861
G1 X145.050 Y91.279
G1 X144.971 Y91.131
G1 X145.147 Y90.817
G1 X145.170 Y90.185
G1 X145.341 Y89.878
G1 X145.312 Y89.504
G1 X145.341 Y89.878
G1 X145.578 Y90.100
G1 X145.976 Y90.986
G1 X146.237 Y91.182
G1 X146.411 Y90.918
G1 X146.369 Y89.969
G1 X146.506 Y89.563
G1 X146.767 Y89.511
G1 X147.026 Y89.616
G1 X147.353 Y89.949
G1 X147.460 Y90.234
G0 Z5.000 F500.000
G0 X143.220 Y92.270 F3000.000
G1 Z1.000 F500.000
G4 P100
G1 X143.237 Y92.336 F1000.000
G0 Z5.000 F500.000
G0 X142.197 Y92.336 F3000.000
G1 Z1.000 F500.000
G4 P100
G1 X142.192 Y92.285 F1000.000
G0 Z5.000 F500.000
G0 X20.442 Y80.184 F3000.000
G1 Z1.000 F500.000
G4 P100
G1 X20.307 Y79.918 F1000.000
G1 X20.353 Y79.572
G1 X20.540 Y79.426
G1 X20.813 Y79.460
G1 X21.073 Y79.739
G1 X21.442 Y80.764
G1 X21.758 Y81.182
G1 X21.678 Y81.034
G1 X21.854 Y80.720
G1 X21.877 Y80.088
G1 X22.048 Y79.781
G1 X22.019 Y79.407
G1 X22.048 Y79.781
G1 X22.286 Y80.003
G1 X22.683 Y80.889
G1 X22.944 Y81.085
G1 X23.118 Y80.821
G1 X23.076 Y79.872
G1 X23.213 Y79.466
G1 X23.474 Y79.414
G1 X23.734 Y79.519
G1 X24.061 Y79.852
G1 X24.167 Y80.137
G0 Z5.000 F500.000
G0 X26.756 Y81.248 F3000.000
G1 Z1.000 F500.000
G4 P100
G1 X26.414 Y80.389 F1000.000
G1 X25.709 Y80.015
G1 X25.772 Y80.064
G1 X25.604 Y80.074
G1 X25.562 Y80.377
G1 X25.434 Y80.541
G1 X25.115 Y80.591
G1 X24.730 Y80.440
G1 X24.341 Y80.826
G1 X24.430 Y81.167
G1 X24.583 Y81.302
G1 X24.419 Y81.140
G1 X24.294 Y80.398
G1 X24.358 Y80.296
G1 X24.730 Y80.440
G1 X24.310 Y80.324
G1 X24.246 Y79.973
G1 X24.351 Y79.669
G1 X24.685 Y79.424
G1 X25.149 Y79.435
G1 X25.477 Y79.646
G1 X25.709 Y80.015
G1 X26.414 Y80.389
G1 X26.555 Y79.613
G1 X26.867 Y79.404
G1 X27.311 Y79.617
G1 X27.667 Y80.113
G0 Z5.000 F500.000
G0 X28.056 Y81.302 F3000.000
G1 Z1.000 F500.000
G4 P100
G1 X27.897 Y81.102 F1000.000
G1 X27.722 Y80.135
G1 X27.754 Y79.743
G1 X27.919 Y79.519
G1 X28.218 Y79.607
G1 X28.584 Y80.048
G1 X29.019 Y80.287
G1 X29.019 Y81.051
G1 X29.126 Y81.248
G1 X29.017 Y81.036
G1 X29.056 Y80.364
G1 X28.816 Y80.172
G1 X29.044 Y79.527
G1 X29.325 Y79.592
G1 X29.639 Y79.968
G1 X29.927 Y80.089
G1 X30.271 Y81.243
G1 X29.927 Y80.089
G1 X30.077 Y79.506
G1 X30.315 Y79.421
G1 X30.600 Y79.498
G1 X31.006 Y79.855
G1 X31.130 Y80.108
G0 Z5.000 F500.000
G0 X32.500 Y79.583 F3000.000
G1 Z1.000 F500.000
G4 P100
G1 X32.642 Y80.121 F1000.000
G1 X32.570 Y80.387
G1 X32.302 Y80.582
G1 X31.989 Y80.571
G1 X31.707 Y80.438
G1 X31.515 Y80.607
G1 X31.314 Y80.831
G1 X31.405 Y81.166
G1 X31.558 Y81.302
G1 X31.394 Y81.139
G1 X31.269 Y80.399
G1 X31.346 Y80.283
G1 X31.707 Y80.438
G1 X31.346 Y80.283
G1 X31.290 Y80.330
G1 X31.215 Y80.060
G1 X31.303 Y79.709
G1 X31.526 Y79.482
G1 X31.904 Y79.384
G1 X32.468 Y79.603
G1 X32.707 Y79.426
G1 X33.025 Y79.440
G1 X33.455 Y79.718
G1 X33.716 Y80.110
G0 Z5.000 F500.000
G0 X35.444 Y81.334 F3000.000
G1 Z1.000 F500.000
G4 P100
G1 X35.268 Y81.144 F1000.000
G1 X35.134 Y80.545
G1 X35.163 Y79.449
G1 X35.207 Y79.966
G1 X35.510 Y80.164
G1 X35.905 Y80.862
G1 X36.244 Y81.037
G1 X36.388 Y81.024
G1 X36.432 Y80.803
G1 X36.401 Y79.434
G1 X36.472 Y79.993
G1 X36.743 Y80.161
G1 X37.112 Y80.790
G1 X37.420 Y81.012
G1 X37.701 Y80.976
G1 X37.593 Y79.808
G1 X37.699 Y79.485
G1 X37.974 Y79.420
G1 X38.248 Y79.507
G1 X38.622 Y79.843
G1 X38.762 Y80.113
G0 Z5.000 F500.000
G0 X39.178 Y81.324 F3000.000
G1 Z1.000 F500.000
G4 P100
G1 X39.000 Y81.120 F1000.000
G1 X38.827 Y80.243
G1 X38.834 Y79.798
G1 X38.990 Y79.530
G1 X39.257 Y79.586
G1 X39.579 Y79.968
G1 X39.867 Y80.089
G1 X40.140 Y81.122
G1 X40.265 Y81.292
G1 X40.140 Y81.122
G1 X39.867 Y80.089
G1 X40.010 Y79.519
G1 X40.242 Y79.421
G1 X40.542 Y79.496
G1 X40.941 Y79.849
G1 X41.070 Y80.108
G0 Z5.000 F500.000
G0 X41.461 Y81.302 F3000.000
G1 Z1.000 F500.000
G4 P100
G1 X41.302 Y81.102 F1000.000
G1 X41.127 Y80.135
G1 X41.159 Y79.743
G1 X41.324 Y79.519
G1 X41.623 Y79.607
G1 X41.989 Y80.048
G1 X42.424 Y80.287
G1 X42.424 Y81.051
G1 X42.531 Y81.248
G1 X42.422 Y81.036
G1 X42.461 Y80.364
G1 X42.221 Y80.172
G1 X42.449 Y79.527
G1 X42.730 Y79.592
G1 X43.044 Y79.968
G1 X43.332 Y80.089
G1 X43.676 Y81.243
G1 X43.332 Y80.089
G1 X43.482 Y79.506
G1 X43.720 Y79.421
G1 X44.005 Y79.498
G1 X44.411 Y79.855
G1 X44.535 Y80.108
G0 Z5.000 F500.000
G0 X45.905 Y79.583 F3000.000
G1 Z1.000 F500.000
G4 P100
G1 X46.047 Y80.121 F1000.000
G1 X45.975 Y80.387
G1 X45.707 Y80.582
G1 X45.394 Y80.571
G1 X45.112 Y80.438
G1 X44.920 Y80.607
G1 X44.719 Y80.831
G1 X44.810 Y81.166
G1 X44.963 Y81.302
G1 X44.799 Y81.139
G1 X44.674 Y80.399
G1 X44.751 Y80.283
G1 X45.112 Y80.438
G1 X44.751 Y80.283
G1 X44.695 Y80.330
G1 X44.620 Y80.060
G1 X44.708 Y79.709
G1 X44.931 Y79.482
G1 X45.309 Y79.384
G1 X45.873 Y79.603
G1 X46.112 Y79.426
G1 X46.430 Y79.440
G1 X46.860 Y79.718
G1 X47.121 Y80.110
G0 Z5.000 F500.000
G0 X50.067 Y83.402 F3000.000
G1 Z1.000 F500.000
G4 P100
G1 X49.072 Y83.099 F1000.000
G1 X48.830 Y82.793
G1 X48.937 Y82.428
G1 X49.731 Y81.405
G1 X49.767 Y80.668
G1 X49.886 Y80.357
G1 X49.721 Y79.936
G1 X49.460 Y79.568
G1 X49.107 Y79.405
G1 X48.725 Y79.480
G1 X48.507 Y79.779
G1 X48.468 Y80.216
G1 X48.557 Y80.651
G1 X48.761 Y80.979
G1 X49.047 Y81.161
G1 X49.730 Y81.087
G1 X49.886 Y80.357
G1 X50.315 Y80.326
G1 X50.785 Y80.467
G0 Z5.000 F500.000
G0 X52.224 Y80.342 F3000.000
G1 Z1.000 F500.000
G4 P100
G1 X52.041 Y79.752 F1000.000
G1 X51.683 Y79.441
G1 X51.205 Y79.451
G1 X50.867 Y79.819
G1 X50.801 Y80.251
G1 X50.885 Y80.702
G1 X51.094 Y81.026
G1 X51.399 Y81.205
G1 X51.661 Y81.224
G1 X51.872 Y81.117
G1 X52.224 Y80.342
G1 X52.622 Y80.335
G1 X53.030 Y80.455
G0 Z5.000 F500.000
G0 X53.039 Y80.189 F3000.000
G1 Z1.000 F500.000
G4 P100
G1 X52.886 Y79.949 F1000.000
G1 X52.914 Y79.603
G1 X53.085 Y79.435
G1 X53.359 Y79.451
G1 X53.644 Y79.715
G1 X54.103 Y80.677
G1 X54.492 Y81.099
G1 X54.426 Y80.943
G1 X54.569 Y80.618
G1 X54.576 Y79.859
G1 X54.726 Y79.478
G1 X54.983 Y79.407
G1 X55.266 Y79.496
G1 X55.634 Y79.861
G1 X55.751 Y80.110
G0 Z5.000 F500.000
G0 X57.180 Y79.583 F3000.000
G1 Z1.000 F500.000
G4 P100
G1 X57.322 Y80.121 F1000.000
G1 X57.250 Y80.387
G1 X56.982 Y80.582
G1 X56.669 Y80.571
G1 X56.387 Y80.438
G1 X56.195 Y80.607
G1 X55.994 Y80.831
G1 X56.085 Y81.166
G1 X56.238 Y81.302
G1 X56.074 Y81.139
G1 X55.949 Y80.399
G1 X56.026 Y80.283
G1 X56.387 Y80.438
G1 X56.026 Y80.283
G1 X55.970 Y80.330
G1 X55.895 Y80.060
G1 X55.983 Y79.709
G1 X56.206 Y79.482
G1 X56.584 Y79.384
G1 X57.148 Y79.603
G1 X57.387 Y79.426
G1 X57.705 Y79.440
G1 X58.135 Y79.718
G1 X58.396 Y80.110
G0 Z5.000 F500.000
G0 X58.786 Y81.302 F3000.000
G1 Z1.000 F500.000
G4 P100
G1 X58.627 Y81.102 F1000.000
G1 X58.450 Y80.106
G1 X58.496 Y79.709
G1 X58.676 Y79.511
G1 X58.960 Y79.616
G1 X59.308 Y80.044
G1 X59.753 Y80.293
G1 X59.749 Y81.051
G1 X59.856 Y81.248
G1 X59.747 Y81.036
G1 X59.786 Y80.364
G1 X59.546 Y80.172
G1 X59.807 Y79.515
G1 X60.067 Y79.599
G1 X60.369 Y79.968
G1 X60.657 Y80.089
G1 X61.001 Y81.243
G1 X60.657 Y80.089
G1 X60.760 Y79.590
G1 X60.914 Y79.438
G1 X61.374 Y79.525
G1 X61.754 Y79.877
G1 X61.958 Y80.270
G1 X62.642 Y80.575
G1 X63.104 Y80.570
G1 X63.242 Y80.487
G1 X63.213 Y80.049
G1 X63.010 Y79.639
G1 X62.733 Y79.441
G1 X62.393 Y79.407
G1 X62.102 Y79.551
G1 X61.912 Y79.833
G1 X61.851 Y80.251
G1 X61.932 Y80.695
G1 X62.133 Y81.016
G1 X62.435 Y81.201
G1 X62.704 Y81.226
G1 X62.922 Y81.117
G1 X63.274 Y80.342
G1 X63.672 Y80.335
G1 X64.080 Y80.455
G0 Z5.000 F500.000
G0 X64.533 Y81.324 F3000.000
G1 Z1.000 F500.000
G4 P100
G1 X64.355 Y81.120 F1000.000
G1 X64.182 Y80.243
G1 X64.189 Y79.798
G1 X64.345 Y79.530
G1 X64.612 Y79.586
G1 X64.934 Y79.968
G1 X65.222 Y80.089
G1 X65.495 Y81.122
G1 X65.620 Y81.292
G1 X65.495 Y81.122
G1 X65.222 Y80.089
G1 X65.365 Y79.519
G1 X65.597 Y79.421
G1 X65.897 Y79.496
G1 X66.296 Y79.849
G1 X66.425 Y80.108
G0 Z5.000 F500.000
G0 X66.528 Y79.586 F3000.000
G1 Z1.000 F500.000
G4 P100
G1 X66.565 Y79.622 F1000.000
G0 Z5.000 F500.000
G0 X65.854 Y82.750 F3000.000
G1 Z1.000 F500.000
G4 P100
G1 X65.580 Y82.297 F1000.000
G1 X65.136 Y82.072
G1 X64.653 Y82.140
G1 X64.431 Y82.493
G0 Z5.000 F500.000
G0 X70.017 Y79.500 F3000.000
G1 Z1.000 F500.000
G4 P100
G1 X70.553 Y82.804 F1000.000
G1 X70.464 Y82.990
G1 X70.033 Y83.013
G1 X69.471 Y82.853
G1 X69.146 Y82.610
G1 X69.021 Y82.244
G1 X69.116 Y81.854
G1 X69.021 Y82.193
G1 X69.101 Y82.544
G1 X69.355 Y82.792
G1 X69.768 Y82.954
G1 X70.235 Y83.032
G1 X70.542 Y82.950
G1 X70.812 Y83.075
G1 X71.294 Y83.097
G1 X72.127 Y83.077
G1 X72.444 Y82.952
G1 X72.769 Y83.027
G1 X73.372 Y82.950
G1 X72.769 Y83.027
G1 X72.444 Y82.952
G1 X71.968 Y80.047
G1 X72.158 Y79.587
G1 X72.628 Y79.437
G1 X73.124 Y79.628
G1 X73.496 Y80.110
G0 Z5.000 F500.000
G0 X73.542 Y80.003 F3000.000
G1 Z1.000 F500.000
G4 P100
G1 X74.229 Y80.201 F1000.000
G1 X74.610 Y80.540
G1 X74.681 Y80.808
G1 X74.621 Y81.055
G1 X74.464 Y81.200
G1 X74.214 Y81.245
G1 X73.801 Y81.062
G1 X73.529 Y80.609
G1 X73.486 Y80.153
G1 X73.565 Y79.787
G1 X73.712 Y79.581
G1 X74.120 Y79.397
G1 X74.640 Y79.435
G1 X75.219 Y79.757
G1 X75.461 Y80.110
G0 Z5.000 F500.000
G0 X76.545 Y79.652 F3000.000
G1 Z1.000 F500.000
G4 P100
G1 X76.858 Y80.419 F1000.000
G1 X76.802 Y81.040
G1 X76.628 Y81.202
G1 X76.399 Y81.231
G1 X75.659 Y80.880
G1 X75.620 Y81.219
G1 X75.601 Y80.142
G1 X75.502 Y79.739
G1 X75.642 Y79.388
G1 X75.430 Y77.906
G1 X75.178 Y77.241
G1 X74.983 Y77.124
G1 X74.771 Y77.163
G1 X74.607 Y77.519
G1 X74.657 Y78.159
G1 X75.047 Y79.339
G1 X75.277 Y79.652
G1 X75.502 Y79.739
G1 X75.705 Y79.378
G1 X76.075 Y79.407
G1 X76.545 Y79.652
G1 X76.800 Y79.437
G1 X77.148 Y79.431
G1 X77.625 Y79.734
G1 X77.968 Y80.284
G1 X78.152 Y80.417
G1 X78.649 Y80.581
G1 X79.110 Y80.570
G1 X79.279 Y80.342
G1 X79.212 Y80.028
G1 X79.051 Y79.685
G1 X78.792 Y79.465
G1 X78.485 Y79.398
G1 X78.196 Y79.486
G1 X77.976 Y79.708
G1 X77.868 Y80.033
G1 X77.875 Y80.462
G1 X77.999 Y80.828
G1 X78.226 Y81.092
G1 X78.533 Y81.224
G1 X78.942 Y81.101
G1 X79.279 Y80.342
G1 X79.677 Y80.335
G1 X80.085 Y80.455
G0 Z5.000 F500.000
G0 X81.431 Y80.054 F3000.000
G1 Z1.000 F500.000
G4 P100
G1 X81.341 Y79.753 F1000.000
G1 X81.441 Y79.503
G1 X81.711 Y79.407
G1 X81.995 Y79.504
G1 X82.262 Y79.866
G1 X82.454 Y80.516
G1 X82.147 Y81.164
G1 X81.892 Y81.222
G1 X81.681 Y81.080
G1 X81.629 Y80.899
G1 X81.801 Y81.192
G1 X82.147 Y81.164
G1 X82.454 Y80.516
G1 X82.852 Y80.606
G1 X82.972 Y81.186
G1 X83.108 Y81.324
G1 X82.972 Y81.186
G1 X82.852 Y80.606
G1 X82.950 Y79.927
G1 X82.855 Y79.366
G1 X82.950 Y79.927
G1 X83.397 Y80.169
G1 X83.603 Y80.873
G1 X83.972 Y81.220
G1 X84.369 Y81.168
G1 X84.476 Y80.798
G1 X84.415 Y80.635
G1 X84.462 Y81.023
G1 X84.212 Y81.239
G1 X83.905 Y81.192
G1 X83.648 Y80.949
G1 X83.397 Y80.169
G1 X83.680 Y79.597
G1 X84.012 Y79.408
G1 X84.394 Y79.438
G1 X84.848 Y79.789
G1 X85.032 Y80.115
G0 Z5.000 F500.000
G0 X85.077 Y80.003 F3000.000
G1 Z1.000 F500.000
G4 P100
G1 X85.764 Y80.201 F1000.000
G1 X86.145 Y80.540
G1 X86.216 Y80.808
G1 X86.156 Y81.055
G1 X85.999 Y81.200
G1 X85.749 Y81.245
G1 X85.336 Y81.062
G1 X85.064 Y80.609
G1 X85.021 Y80.153
G1 X85.100 Y79.787
G1 X85.247 Y79.581
G1 X85.655 Y79.397
G1 X86.175 Y79.435
G1 X86.754 Y79.757
G1 X86.996 Y80.110
G0 Z5.000 F500.000
G0 X86.969 Y80.189 F3000.000
G1 Z1.000 F500.000
G4 P100
G1 X86.816 Y79.949 F1000.000
G1 X86.844 Y79.603
G1 X87.015 Y79.435
G1 X87.289 Y79.451
G1 X87.574 Y79.715
G1 X88.033 Y80.677
G1 X88.422 Y81.099
G1 X88.356 Y80.943
G1 X88.499 Y80.618
G1 X88.506 Y79.859
G1 X88.656 Y79.478
G1 X88.913 Y79.407
G1 X89.196 Y79.496
G1 X89.564 Y79.861
G1 X89.681 Y80.110
G0 Z5.000 F500.000
G0 X90.910 Y79.847 F3000.000
G1 Z1.000 F500.000
G4 P100
G1 X91.125 Y81.026 F1000.000
G1 X90.630 Y81.251
G1 X90.175 Y80.996
G1 X89.848 Y80.507
G1 X89.742 Y79.877
G1 X89.921 Y79.483
G1 X90.346 Y79.422
G1 X90.910 Y79.847
G1 X91.140 Y79.474
G1 X91.431 Y79.430
G1 X91.856 Y79.733
G1 X92.092 Y80.113
G0 Z5.000 F500.000
G0 X92.494 Y81.334 F3000.000
G1 Z1.000 F500.000
G4 P100
G1 X92.318 Y81.144 F1000.000
G1 X92.184 Y80.545
G1 X92.213 Y79.449
G1 X92.257 Y79.966
G1 X92.560 Y80.164
G1 X92.955 Y80.862
G1 X93.294 Y81.037
G1 X93.438 Y81.024
G1 X93.482 Y80.803
G1 X93.451 Y79.434
G1 X93.522 Y79.993
G1 X93.793 Y80.161
G1 X94.162 Y80.790
G1 X94.470 Y81.012
G1 X94.751 Y80.976
G1 X94.643 Y79.808
G1 X94.749 Y79.485
G1 X95.024 Y79.420
G1 X95.298 Y79.507
G1 X95.672 Y79.843
G1 X95.812 Y80.113
G0 Z5.000 F500.000
G0 X95.857 Y80.003 F3000.000
G1 Z1.000 F500.000
G4 P100
G1 X96.544 Y80.201 F1000.000
G1 X96.925 Y80.540
G1 X96.996 Y80.808
G1 X96.936 Y81.055
G1 X96.779 Y81.200
G1 X96.529 Y81.245
G1 X96.116 Y81.062
G1 X95.844 Y80.609
G1 X95.801 Y80.153
G1 X95.880 Y79.787
G1 X96.027 Y79.581
G1 X96.435 Y79.397
G1 X96.955 Y79.435
G1 X97.534 Y79.757
G1 X97.776 Y80.110
G0 Z5.000 F500.000
G0 X97.749 Y80.189 F3000.000
G1 Z1.000 F500.000
G4 P100
G1 X97.596 Y79.949 F1000.000
G1 X97.624 Y79.603
G1 X97.795 Y79.435
G1 X98.069 Y79.451
G1 X98.354 Y79.715
G1 X98.813 Y80.677
G1 X99.202 Y81.099
G1 X99.136 Y80.943
G1 X99.279 Y80.618
G1 X99.286 Y79.859
G1 X99.436 Y79.478
G1 X99.693 Y79.407
G1 X99.976 Y79.496
G1 X100.344 Y79.861
G1 X100.461 Y80.110
G0 Z5.000 F500.000
G0 X101.890 Y79.583 F3000.000
G1 Z1.000 F500.000
G4 P100
G1 X102.032 Y80.121 F1000.000
G1 X101.960 Y80.387
G1 X101.692 Y80.582
G1 X101.379 Y80.571
G1 X101.097 Y80.438
G1 X100.905 Y80.607
G1 X100.704 Y80.831
G1 X100.795 Y81.166
G1 X100.948 Y81.302
G1 X100.784 Y81.139
G1 X100.659 Y80.399
G1 X100.736 Y80.283
G1 X101.097 Y80.438
G1 X100.736 Y80.283
G1 X100.680 Y80.330
G1 X100.605 Y80.060
G1 X100.693 Y79.709
G1 X100.916 Y79.482
G1 X101.294 Y79.384
G1 X101.858 Y79.603
G1 X102.097 Y79.426
G1 X102.415 Y79.440
G1 X102.845 Y79.718
G1 X103.106 Y80.110
G0 Z5.000 F500.000
G0 X103.492 Y81.319 F3000.000
G1 Z1.000 F500.000
G4 P100
G1 X103.341 Y81.164 F1000.000
G1 X103.229 Y80.688
G1 X103.194 Y79.383
G1 X103.161 Y80.030
G1 X103.243 Y80.381
G1 X104.331 Y80.318
G1 X104.646 Y81.268
G1 X104.331 Y80.318
G1 X104.348 Y79.680
G1 X104.521 Y79.442
G1 X104.996 Y79.527
G1 X105.371 Y79.874
G1 X105.581 Y80.272
G1 X106.265 Y80.576
G1 X106.725 Y80.569
G1 X106.862 Y80.486
G1 X106.831 Y80.042
G1 X106.625 Y79.634
G1 X106.346 Y79.439
G1 X106.013 Y79.407
G1 X105.722 Y79.551
G1 X105.532 Y79.833
G1 X105.471 Y80.251
G1 X105.552 Y80.695
G1 X105.753 Y81.016
G1 X106.055 Y81.201
G1 X106.324 Y81.226
G1 X106.542 Y81.117
G1 X106.894 Y80.342
G1 X107.292 Y80.335
G1 X107.700 Y80.455
G0 Z5.000 F500.000
G0 X109.447 Y81.319 F3000.000
G1 Z1.000 F500.000
G4 P100
G1 X109.296 Y81.164 F1000.000
G1 X109.184 Y80.688
G1 X109.149 Y79.383
G1 X109.116 Y80.030
G1 X109.198 Y80.381
G1 X110.286 Y80.318
G1 X110.601 Y81.268
G1 X110.286 Y80.318
G1 X110.372 Y79.502
G1 X110.630 Y79.420
G1 X110.914 Y79.504
G1 X111.303 Y79.845
G1 X111.436 Y80.110
G0 Z5.000 F500.000
G0 X111.482 Y80.003 F3000.000
G1 Z1.000 F500.000
G4 P100
G1 X112.169 Y80.201 F1000.000
G1 X112.550 Y80.540
G1 X112.621 Y80.808
G1 X112.561 Y81.055
G1 X112.404 Y81.200
G1 X112.154 Y81.245
G1 X111.741 Y81.062
G1 X111.469 Y80.609
G1 X111.426 Y80.153
G1 X111.505 Y79.787
G1 X111.652 Y79.581
G1 X112.060 Y79.397
G1 X112.580 Y79.435
G1 X113.159 Y79.757
G1 X113.401 Y80.110
G0 Z5.000 F500.000
G0 X115.129 Y81.334 F3000.000
G1 Z1.000 F500.000
G4 P100
G1 X114.952 Y81.144 F1000.000
G1 X114.814 Y80.529
G1 X114.894 Y79.957
G1 X114.848 Y79.449
G1 X114.894 Y79.957
G1 X115.197 Y80.155
G1 X115.619 Y80.862
G1 X115.914 Y81.027
G1 X116.139 Y80.982
G1 X116.044 Y79.709
G1 X116.120 Y79.507
G1 X116.313 Y79.426
G1 X116.741 Y79.536
G1 X117.096 Y79.874
G1 X117.305 Y80.272
G1 X117.989 Y80.576
G1 X118.450 Y80.570
G1 X118.587 Y80.486
G1 X118.562 Y80.063
G1 X118.364 Y79.651
G1 X118.091 Y79.447
G1 X117.753 Y79.405
G1 X117.459 Y79.542
G1 X117.262 Y79.819
G1 X117.195 Y80.237
G1 X117.274 Y80.688
G1 X117.473 Y81.011
G1 X117.773 Y81.199
G1 X118.042 Y81.227
G1 X118.262 Y81.122
G1 X118.619 Y80.342
G1 X119.017 Y80.335
G1 X119.425 Y80.455
G0 Z5.000 F500.000
G0 X120.415 Y78.873 F3000.000
G1 Z1.000 F500.000
G4 P100
G1 X120.411 Y78.455 F1000.000
G1 X120.035 Y77.459
G1 X119.724 Y77.158
G1 X119.364 Y77.182
G1 X119.210 Y77.511
G1 X119.370 Y78.021
G1 X120.035 Y78.755
G1 X120.415 Y78.873
G1 X120.674 Y79.432
G1 X120.567 Y79.654
G1 X120.840 Y80.999
G1 X120.400 Y81.261
G1 X120.079 Y81.139
G1 X119.790 Y80.883
G1 X119.555 Y80.471
G1 X119.461 Y80.000
G1 X119.516 Y79.648
G1 X119.730 Y79.429
G1 X120.006 Y79.412
G1 X120.567 Y79.654
G1 X120.677 Y79.439
G1 X120.923 Y79.462
G1 X121.729 Y80.049
G0 Z5.000 F500.000
G0 X122.242 Y81.319 F3000.000
G1 Z1.000 F500.000
G4 P100
G1 X122.091 Y81.164 F1000.000
G1 X121.979 Y80.688
G1 X121.944 Y79.383
G1 X121.911 Y80.030
G1 X121.993 Y80.381
G1 X123.081 Y80.318
G1 X123.396 Y81.268
G1 X123.081 Y80.318
G1 X123.167 Y79.502
G1 X123.425 Y79.420
G1 X123.709 Y79.504
G1 X124.098 Y79.845
G1 X124.231 Y80.110
G0 Z5.000 F500.000
G0 X124.648 Y81.324 F3000.000
G1 Z1.000 F500.000
G4 P100
G1 X124.470 Y81.120 F1000.000
G1 X124.297 Y80.243
G1 X124.304 Y79.798
G1 X124.460 Y79.530
G1 X124.727 Y79.586
G1 X125.049 Y79.968
G1 X125.337 Y80.089
G1 X125.610 Y81.122
G1 X125.735 Y81.292
G1 X125.610 Y81.122
G1 X125.337 Y80.089
G1 X125.480 Y79.519
G1 X125.712 Y79.421
G1 X126.012 Y79.496
G1 X126.411 Y79.849
G1 X126.540 Y80.108
G0 Z5.000 F500.000
G0 X126.497 Y80.184 F3000.000
G1 Z1.000 F500.000
G4 P100
G1 X126.362 Y79.918 F1000.000
G1 X126.408 Y79.572
G1 X126.595 Y79.426
G1 X126.868 Y79.460
G1 X127.128 Y79.739
G1 X127.497 Y80.764
G1 X127.813 Y81.182
G1 X127.733 Y81.034
G1 X127.909 Y80.720
G1 X127.932 Y80.088
G1 X128.103 Y79.781
G1 X128.074 Y79.407
G1 X128.103 Y79.781
G1 X128.341 Y80.003
G1 X128.738 Y80.889
G1 X128.999 Y81.085
G1 X129.173 Y80.821
G1 X129.131 Y79.872
G1 X129.268 Y79.466
G1 X129.529 Y79.414
G1 X129.789 Y79.519
G1 X130.116 Y79.852
G1 X130.222 Y80.137
G0 Z5.000 F500.000
G0 X131.380 Y79.847 F3000.000
G1 Z1.000 F500.000
G4 P100
G1 X131.595 Y81.026 F1000.000
G1 X131.100 Y81.251
G1 X130.645 Y80.996
G1 X130.318 Y80.507
G1 X130.212 Y79.877
G1 X130.391 Y79.483
G1 X130.816 Y79.422
G1 X131.380 Y79.847
G1 X131.610 Y79.474
G1 X131.901 Y79.430
G1 X132.326 Y79.733
G1 X132.562 Y80.113
G0 Z5.000 F500.000
G0 X132.964 Y81.334 F3000.000
G1 Z1.000 F500.000
G4 P100
G1 X132.788 Y81.144 F1000.000
G1 X132.654 Y80.545
G1 X132.683 Y79.449
G1 X132.727 Y79.966
G1 X133.030 Y80.164
G1 X133.425 Y80.862
G1 X133.764 Y81.037
G1 X133.908 Y81.024
G1 X133.952 Y80.803
G1 X133.921 Y79.434
G1 X133.992 Y79.993
G1 X134.263 Y80.161
G1 X134.632 Y80.790
G1 X134.940 Y81.012
G1 X135.221 Y80.976
G1 X135.113 Y79.808
G1 X135.219 Y79.485
G1 X135.494 Y79.420
G1 X135.768 Y79.507
G1 X136.142 Y79.843
G1 X136.282 Y80.113
G0 Z5.000 F500.000
G0 X137.650 Y79.583 F3000.000
G1 Z1.000 F500.000
G4 P100
G1 X137.792 Y80.121 F1000.000
G1 X137.720 Y80.387
G1 X137.452 Y80.582
G1 X137.139 Y80.571
G1 X136.857 Y80.438
G1 X136.665 Y80.607
G1 X136.464 Y80.831
G1 X136.555 Y81.166
G1 X136.708 Y81.302
G1 X136.544 Y81.139
G1 X136.419 Y80.399
G1 X136.496 Y80.283
G1 X136.857 Y80.438
G1 X136.496 Y80.283
G1 X136.440 Y80.330
G1 X136.365 Y80.060
G1 X136.453 Y79.709
G1 X136.676 Y79.482
G1 X137.054 Y79.384
G1 X137.618 Y79.603
G1 X137.857 Y79.426
G1 X138.175 Y79.440
G1 X138.605 Y79.718
G1 X138.866 Y80.110
G0 Z5.000 F500.000
G0 X22.009 Y70.245 F3000.000
G1 Z1.000 F500.000
G4 P100
G1 X21.693 Y70.988 F1000.000
G1 X21.299 Y71.228
G1 X21.330 Y71.457
G1 X21.759 Y72.264
G1 X21.894 Y72.825
G1 X21.830 Y73.349
G1 X21.701 Y73.484
G1 X21.522 Y73.508
G1 X21.308 Y73.404
G1 X21.126 Y73.157
G1 X20.779 Y72.134
G1 X20.627 Y71.180
G1 X20.662 Y70.805
G1 X20.969 Y70.889
G1 X21.311 Y71.171
G1 X20.969 Y70.889
G1 X20.662 Y70.805
G1 X20.592 Y70.218
G1 X20.686 Y69.701
G1 X20.981 Y69.362
G1 X21.417 Y69.327
G1 X21.811 Y69.637
G1 X22.009 Y70.245
G1 X22.805 Y70.346
G0 Z5.000 F500.000
G0 X23.237 Y71.222 F3000.000
G1 Z1.000 F500.000
G4 P100
G1 X23.086 Y71.067 F1000.000
G1 X22.974 Y70.591
G1 X22.939 Y69.286
G1 X22.906 Y69.933
G1 X22.988 Y70.284
G1 X24.076 Y70.221
G1 X24.391 Y71.171
G1 X24.076 Y70.221
G1 X24.162 Y69.405
G1 X24.420 Y69.323
G1 X24.704 Y69.407
G1 X25.093 Y69.748
G1 X25.226 Y70.013
G0 Z5.000 F500.000
G0 X25.616 Y71.205 F3000.000
G1 Z1.000 F500.000
G4 P100
G1 X25.452 Y70.983 F1000.000
G1 X25.281 Y70.017
G1 X25.325 Y69.619
G1 X25.515 Y69.416
G1 X25.765 Y69.510
G1 X26.073 Y69.895
G1 X26.366 Y70.023
G1 X26.720 Y71.185
G1 X26.366 Y70.023
G1 X26.444 Y69.342
G1 X26.171 Y68.778
G1 X26.190 Y68.448
G1 X25.966 Y67.719
G1 X25.584 Y67.121
G1 X25.349 Y67.030
G1 X25.117 Y67.086
G1 X24.983 Y67.270
G1 X24.977 Y67.555
G1 X25.309 Y68.189
G1 X25.836 Y68.696
G1 X26.171 Y68.778
G1 X26.444 Y69.342
G1 X26.821 Y69.428
G1 X27.494 Y69.952
G0 Z5.000 F500.000
G0 X28.024 Y71.237 F3000.000
G1 Z1.000 F500.000
G4 P100
G1 X27.848 Y71.047 F1000.000
G1 X27.714 Y70.448
G1 X27.743 Y69.352
G1 X27.787 Y69.869
G1 X28.090 Y70.067
G1 X28.485 Y70.765
G1 X28.824 Y70.940
G1 X28.968 Y70.927
G1 X29.012 Y70.706
G1 X28.981 Y69.337
G1 X29.052 Y69.896
G1 X29.323 Y70.064
G1 X29.692 Y70.693
G1 X30.000 Y70.915
G1 X30.281 Y70.879
G1 X30.173 Y69.711
G1 X30.279 Y69.388
G1 X30.554 Y69.323
G1 X30.828 Y69.410
G1 X31.202 Y69.746
G1 X31.342 Y70.016
G0 Z5.000 F500.000
G0 X32.425 Y69.555 F3000.000
G1 Z1.000 F500.000
G4 P100
G1 X32.738 Y70.322 F1000.000
G1 X32.682 Y70.943
G1 X32.508 Y71.105
G1 X32.279 Y71.134
G1 X31.539 Y70.783
G1 X31.500 Y71.122
G1 X31.481 Y70.045
G1 X31.382 Y69.642
G1 X31.522 Y69.291
G1 X31.310 Y67.809
G1 X31.058 Y67.144
G1 X30.863 Y67.027
G1 X30.651 Y67.066
G1 X30.490 Y67.400
G1 X30.523 Y67.990
G1 X30.754 Y68.807
G1 X31.088 Y69.502
G1 X31.382 Y69.642
G1 X31.522 Y69.291
G1 X31.614 Y69.278
G1 X31.969 Y69.315
G1 X32.425 Y69.555
G1 X32.673 Y69.343
G1 X32.999 Y69.328
G1 X33.451 Y69.585
G1 X33.751 Y70.026
G0 Z5.000 F500.000
G0 X34.163 Y71.227 F3000.000
G1 Z1.000 F500.000
G4 P100
G1 X33.985 Y71.023 F1000.000
G1 X33.812 Y70.146
G1 X33.819 Y69.701
G1 X33.975 Y69.433
G1 X34.242 Y69.489
G1 X34.564 Y69.871
G1 X34.852 Y69.992
G1 X35.125 Y71.025
G1 X35.250 Y71.195
G1 X35.125 Y71.025
G1 X34.852 Y69.992
G1 X34.995 Y69.422
G1 X35.227 Y69.324
G1 X35.527 Y69.399
G1 X35.926 Y69.752
G1 X36.055 Y70.011
G0 Z5.000 F500.000
G0 X38.406 Y70.536 F3000.000
G1 Z1.000 F500.000
G4 P100
G1 X38.471 Y70.881 F1000.000
G1 X38.316 Y71.102
G1 X37.864 Y71.075
G1 X37.581 Y70.809
G1 X37.389 Y70.031
G1 X37.483 Y69.643
G1 X37.689 Y69.410
G1 X38.074 Y69.310
G1 X38.602 Y69.411
G1 X39.062 Y69.730
G1 X39.231 Y70.048
G0 Z5.000 F500.000
G0 X40.744 Y70.245 F3000.000
G1 Z1.000 F500.000
G4 P100
G1 X40.428 Y70.988 F1000.000
G1 X40.034 Y71.228
G1 X40.065 Y71.457
G1 X40.494 Y72.264
G1 X40.629 Y72.825
G1 X40.565 Y73.349
G1 X40.436 Y73.484
G1 X40.257 Y73.508
G1 X40.043 Y73.404
G1 X39.861 Y73.157
G1 X39.514 Y72.134
G1 X39.362 Y71.180
G1 X39.397 Y70.805
G1 X39.704 Y70.889
G1 X40.046 Y71.171
G1 X39.704 Y70.889
G1 X39.397 Y70.805
G1 X39.327 Y70.218
G1 X39.421 Y69.701
G1 X39.716 Y69.362
G1 X40.152 Y69.327
G1 X40.546 Y69.637
G1 X40.744 Y70.245
G1 X41.540 Y70.346
G0 Z5.000 F500.000
G0 X41.539 Y70.075 F3000.000
G1 Z1.000 F500.000
G4 P100
G1 X41.409 Y69.749 F1000.000
G1 X41.559 Y69.411
G1 X41.908 Y69.297
G1 X42.311 Y69.416
G1 X42.702 Y69.776
G1 X42.789 Y70.055
G1 X42.397 Y70.165
G1 X42.214 Y70.318
G1 X42.129 Y70.625
G1 X42.208 Y70.941
G1 X42.622 Y71.186
G1 X43.295 Y71.097
G1 X43.372 Y70.917
G1 X43.148 Y70.182
G1 X42.789 Y70.055
G1 X43.148 Y70.182
G1 X43.274 Y69.421
G1 X43.618 Y69.338
G1 X43.939 Y69.522
G1 X44.257 Y69.882
G1 X44.294 Y70.830
G1 X44.394 Y70.986
G1 X44.955 Y71.212
G1 X45.261 Y71.194
G1 X45.462 Y71.078
G1 X45.554 Y70.741
G1 X45.414 Y70.385
G1 X44.382 Y69.738
G1 X45.077 Y69.117
G1 X45.132 Y68.479
G1 X45.010 Y67.930
G1 X44.770 Y67.430
G1 X44.474 Y67.109
G1 X44.185 Y67.023
G1 X43.930 Y67.135
G1 X43.850 Y67.402
G1 X43.916 Y67.798
G1 X44.137 Y68.199
G1 X44.681 Y68.760
G1 X45.048 Y68.908
G1 X45.077 Y69.117
G1 X46.342 Y69.940
G0 Z5.000 F500.000
G0 X46.862 Y71.222 F3000.000
G1 Z1.000 F500.000
G4 P100
G1 X46.711 Y71.067 F1000.000
G1 X46.599 Y70.591
G1 X46.564 Y69.286
G1 X46.531 Y69.933
G1 X46.613 Y70.284
G1 X47.701 Y70.221
G1 X48.016 Y71.171
G1 X47.701 Y70.221
G1 X47.736 Y69.519
G1 X47.812 Y69.380
G1 X47.994 Y69.326
G1 X48.477 Y69.514
G1 X49.136 Y70.310
G1 X49.635 Y70.479
G1 X50.095 Y70.472
G1 X50.232 Y70.389
G1 X50.203 Y69.952
G1 X50.000 Y69.542
G1 X49.709 Y69.339
G1 X49.362 Y69.315
G1 X49.065 Y69.479
G1 X48.886 Y69.785
G1 X48.845 Y70.235
G1 X48.957 Y70.679
G1 X49.194 Y70.982
G1 X49.533 Y71.129
G1 X49.902 Y71.030
G1 X50.190 Y70.337
G1 X50.474 Y70.226
G1 X51.057 Y70.339
G1 X51.060 Y70.885
G1 X51.216 Y71.104
G1 X51.690 Y71.210
G1 X52.078 Y71.078
G1 X52.163 Y70.877
G1 X52.068 Y70.604
G1 X51.321 Y70.095
G1 X51.137 Y69.821
G1 X51.191 Y69.443
G1 X51.564 Y69.276
G1 X52.009 Y69.285
G1 X52.426 Y69.419
G1 X52.850 Y69.729
G1 X53.109 Y70.180
G1 X53.291 Y70.314
G1 X54.039 Y70.501
G1 X54.387 Y70.389
G1 X54.419 Y70.245
G1 X54.299 Y69.778
G1 X54.088 Y69.474
G1 X53.800 Y69.320
G1 X53.482 Y69.324
G1 X53.205 Y69.495
G1 X53.043 Y69.778
G1 X52.997 Y70.198
G1 X53.088 Y70.625
G1 X53.294 Y70.934
G1 X53.594 Y71.108
G1 X53.856 Y71.127
G1 X54.067 Y71.020
G1 X54.419 Y70.245
G1 X54.817 Y70.238
G1 X55.225 Y70.358
G0 Z5.000 F500.000
G0 X57.611 Y70.536 F3000.000
G1 Z1.000 F500.000
G4 P100
G1 X57.676 Y70.881 F1000.000
G1 X57.521 Y71.102
G1 X57.069 Y71.075
G1 X56.786 Y70.809
G1 X56.594 Y70.031
G1 X56.688 Y69.643
G1 X56.894 Y69.410
G1 X57.286 Y69.310
G1 X57.834 Y69.423
G1 X58.331 Y69.800
G1 X58.430 Y69.959
G1 X58.392 Y70.088
G1 X58.243 Y69.838
G1 X58.283 Y69.486
G1 X58.473 Y69.330
G1 X58.752 Y69.370
G1 X59.063 Y69.711
G1 X59.475 Y70.599
G1 X59.852 Y71.002
G1 X59.786 Y70.846
G1 X59.929 Y70.521
G1 X59.936 Y69.762
G1 X60.086 Y69.381
G1 X60.343 Y69.310
G1 X60.626 Y69.399
G1 X60.994 Y69.764
G1 X61.111 Y70.013
G0 Z5.000 F500.000
G0 X62.584 Y70.245 F3000.000
G1 Z1.000 F500.000
G4 P100
G1 X62.401 Y69.655 F1000.000
G1 X62.043 Y69.344
G1 X61.565 Y69.354
G1 X61.227 Y69.722
G1 X61.161 Y70.154
G1 X61.245 Y70.605
G1 X61.454 Y70.929
G1 X61.759 Y71.108
G1 X62.021 Y71.127
G1 X62.232 Y71.020
G1 X62.584 Y70.245
G1 X62.982 Y70.238
G1 X63.390 Y70.358
G0 Z5.000 F500.000
G0 X64.949 Y70.245 F3000.000
G1 Z1.000 F500.000
G4 P100
G1 X64.633 Y70.988 F1000.000
G1 X64.239 Y71.228
G1 X64.270 Y71.457
G1 X64.699 Y72.264
G1 X64.834 Y72.825
G1 X64.770 Y73.349
G1 X64.641 Y73.484
G1 X64.462 Y73.508
G1 X64.248 Y73.404
G1 X64.066 Y73.157
G1 X63.719 Y72.134
G1 X63.567 Y71.180
G1 X63.602 Y70.805
G1 X63.909 Y70.889
G1 X64.251 Y71.171
G1 X63.909 Y70.889
G1 X63.602 Y70.805
G1 X63.532 Y70.218
G1 X63.626 Y69.701
G1 X63.921 Y69.362
G1 X64.357 Y69.327
G1 X64.751 Y69.637
G1 X64.949 Y70.245
G1 X65.745 Y70.346
G0 Z5.000 F500.000
G0 X66.960 Y69.750 F3000.000
G1 Z1.000 F500.000
G4 P100
G1 X67.175 Y70.929 F1000.000
G1 X66.680 Y71.154
G1 X66.225 Y70.899
G1 X65.898 Y70.410
G1 X65.792 Y69.780
G1 X65.971 Y69.386
G1 X66.396 Y69.325
G1 X66.960 Y69.750
G1 X67.190 Y69.377
G1 X67.481 Y69.333
G1 X67.906 Y69.636
G1 X68.142 Y70.016
G0 Z5.000 F500.000
G0 X67.968 Y68.505 F3000.000
G1 Z1.000 F500.000
G4 P100
G1 X68.268 Y69.591 F1000.000
G0 Z5.000 F500.000
G0 X70.797 Y69.906 F3000.000
G1 Z1.000 F500.000
G4 P100
G1 X71.484 Y70.104 F1000.000
G1 X71.865 Y70.443
G1 X71.936 Y70.711
G1 X71.876 Y70.958
G1 X71.719 Y71.103
G1 X71.469 Y71.148
G1 X71.056 Y70.965
G1 X70.784 Y70.512
G1 X70.741 Y70.056
G1 X70.820 Y69.690
G1 X70.967 Y69.484
G1 X71.375 Y69.300
G1 X71.895 Y69.338
G1 X72.474 Y69.660
G1 X72.716 Y70.013
G0 Z5.000 F500.000
G0 X73.741 Y70.536 F3000.000
G1 Z1.000 F500.000
G4 P100
G1 X73.806 Y70.881 F1000.000
G1 X73.651 Y71.102
G1 X73.199 Y71.075
G1 X72.916 Y70.809
G1 X72.724 Y70.031
G1 X72.818 Y69.643
G1 X73.024 Y69.410
G1 X73.416 Y69.310
G1 X73.964 Y69.423
G1 X74.461 Y69.800
G1 X74.560 Y69.959
G1 X74.522 Y70.088
G1 X74.373 Y69.838
G1 X74.413 Y69.486
G1 X74.603 Y69.330
G1 X74.882 Y69.370
G1 X75.193 Y69.711
G1 X75.605 Y70.599
G1 X75.982 Y71.002
G1 X75.916 Y70.846
G1 X76.059 Y70.521
G1 X76.066 Y69.762
G1 X76.216 Y69.381
G1 X76.473 Y69.310
G1 X76.756 Y69.399
G1 X77.124 Y69.764
G1 X77.241 Y70.013
G0 Z5.000 F500.000
G0 X77.718 Y71.227 F3000.000
G1 Z1.000 F500.000
G4 P100
G1 X77.540 Y71.023 F1000.000
G1 X77.367 Y70.146
G1 X77.374 Y69.701
G1 X77.530 Y69.433
G1 X77.797 Y69.489
G1 X78.119 Y69.871
G1 X78.407 Y69.992
G1 X78.680 Y71.025
G1 X78.805 Y71.195
G1 X78.680 Y71.025
G1 X78.407 Y69.992
G1 X78.550 Y69.422
G1 X78.782 Y69.324
G1 X79.082 Y69.399
G1 X79.481 Y69.752
G1 X79.610 Y70.011
G0 Z5.000 F500.000
G0 X80.946 Y71.032 F3000.000
G1 Z1.000 F500.000
G4 P100
G1 X81.223 Y71.173 F1000.000
G1 X81.578 Y71.207
G1 X81.868 Y71.110
G1 X81.991 Y70.922
G1 X81.851 Y70.549
G1 X81.012 Y69.928
G1 X80.955 Y69.587
G1 X81.134 Y69.352
G1 X81.613 Y69.264
G1 X82.142 Y69.369
G1 X82.633 Y69.683
G1 X82.843 Y70.018
G0 Z5.000 F500.000
G0 X82.882 Y69.906 F3000.000
G1 Z1.000 F500.000
G4 P100
G1 X83.576 Y70.107 F1000.000
G1 X83.957 Y70.456
G1 X84.021 Y70.726
G1 X83.954 Y70.970
G1 X83.784 Y71.112
G1 X83.524 Y71.145
G1 X83.043 Y70.856
G1 X82.819 Y70.230
G1 X82.948 Y69.606
G1 X83.402 Y69.311
G1 X83.795 Y69.298
G1 X84.190 Y69.421
G1 X84.640 Y69.733
G1 X84.896 Y70.176
G1 X85.079 Y70.312
G1 X85.831 Y70.501
G1 X86.181 Y70.390
G1 X86.214 Y70.245
G1 X86.094 Y69.778
G1 X85.883 Y69.474
G1 X85.595 Y69.320
G1 X85.277 Y69.324
G1 X85.000 Y69.495
G1 X84.836 Y69.785
G1 X84.793 Y70.205
G1 X84.886 Y70.632
G1 X85.094 Y70.939
G1 X85.396 Y71.111
G1 X85.658 Y71.126
G1 X85.862 Y71.020
G1 X86.214 Y70.245
G1 X86.612 Y70.238
G1 X87.020 Y70.358
G0 Z5.000 F500.000
G0 X87.012 Y70.087 F3000.000
G1 Z1.000 F500.000
G4 P100
G1 X86.877 Y69.821 F1000.000
G1 X86.923 Y69.475
G1 X87.110 Y69.329
G1 X87.383 Y69.363
G1 X87.643 Y69.642
G1 X88.012 Y70.667
G1 X88.328 Y71.085
G1 X88.248 Y70.937
G1 X88.424 Y70.623
G1 X88.447 Y69.991
G1 X88.618 Y69.684
G1 X88.589 Y69.310
G1 X88.618 Y69.684
G1 X88.856 Y69.906
G1 X89.253 Y70.792
G1 X89.514 Y70.988
G1 X89.688 Y70.724
G1 X89.646 Y69.775
G1 X89.783 Y69.369
G1 X90.044 Y69.317
G1 X90.304 Y69.422
G1 X90.631 Y69.755
G1 X90.737 Y70.040
G0 Z5.000 F500.000
G0 X90.772 Y69.906 F3000.000
G1 Z1.000 F500.000
G4 P100
G1 X91.459 Y70.104 F1000.000
G1 X91.840 Y70.443
G1 X91.911 Y70.711
G1 X91.851 Y70.958
G1 X91.694 Y71.103
G1 X91.444 Y71.148
G1 X91.031 Y70.965
G1 X90.759 Y70.512
G1 X90.716 Y70.056
G1 X90.795 Y69.690
G1 X90.942 Y69.484
G1 X91.350 Y69.300
G1 X91.870 Y69.338
G1 X92.449 Y69.660
G1 X92.691 Y70.013
G0 Z5.000 F500.000
G0 X93.094 Y71.237 F3000.000
G1 Z1.000 F500.000
G4 P100
G1 X92.918 Y71.047 F1000.000
G1 X92.784 Y70.448
G1 X92.813 Y69.352
G1 X92.857 Y69.869
G1 X93.160 Y70.067
G1 X93.555 Y70.765
G1 X93.894 Y70.940
G1 X94.038 Y70.927
G1 X94.082 Y70.706
G1 X94.051 Y69.337
G1 X94.122 Y69.896
G1 X94.393 Y70.064
G1 X94.762 Y70.693
G1 X95.070 Y70.915
G1 X95.351 Y70.879
G1 X95.243 Y69.711
G1 X95.349 Y69.388
G1 X95.624 Y69.323
G1 X95.898 Y69.410
G1 X96.272 Y69.746
G1 X96.412 Y70.016
G0 Z5.000 F500.000
G0 X97.495 Y69.555 F3000.000
G1 Z1.000 F500.000
G4 P100
G1 X97.808 Y70.322 F1000.000
G1 X97.752 Y70.943
G1 X97.578 Y71.105
G1 X97.349 Y71.134
G1 X96.609 Y70.783
G1 X96.570 Y71.122
G1 X96.551 Y70.045
G1 X96.452 Y69.642
G1 X96.592 Y69.291
G1 X96.380 Y67.809
G1 X96.128 Y67.144
G1 X95.933 Y67.027
G1 X95.721 Y67.066
G1 X95.560 Y67.400
G1 X95.593 Y67.990
G1 X95.824 Y68.807
G1 X96.158 Y69.502
G1 X96.452 Y69.642
G1 X96.592 Y69.291
G1 X96.684 Y69.278
G1 X97.039 Y69.315
G1 X97.495 Y69.555
G1 X97.743 Y69.343
G1 X98.069 Y69.328
G1 X98.521 Y69.585
G1 X98.821 Y70.026
G0 Z5.000 F500.000
G0 X99.233 Y71.227 F3000.000
G1 Z1.000 F500.000
G4 P100
G1 X99.053 Y71.015 F1000.000
G1 X98.875 Y70.073
G1 X98.903 Y69.652
G1 X99.077 Y69.419
G1 X99.324 Y69.497
G1 X99.634 Y69.871
G1 X99.922 Y69.992
G1 X100.195 Y71.025
G1 X100.320 Y71.195
G1 X100.195 Y71.025
G1 X99.922 Y69.992
G1 X100.020 Y69.513
G1 X100.152 Y69.349
G1 X100.435 Y69.336
G1 X100.713 Y69.477
G1 X101.049 Y69.822
G1 X101.074 Y70.070
G1 X100.954 Y69.690
G1 X101.171 Y69.362
G1 X101.599 Y69.314
G1 X102.032 Y69.551
G1 X102.274 Y69.824
G1 X102.329 Y70.055
G1 X101.815 Y70.246
G1 X101.670 Y70.676
G1 X101.799 Y71.012
G1 X102.133 Y71.181
G1 X102.914 Y71.056
G1 X102.688 Y70.182
G1 X102.329 Y70.055
G1 X102.688 Y70.182
G1 X102.757 Y69.579
G1 X102.872 Y69.356
G1 X103.107 Y69.328
G1 X103.368 Y69.437
G1 X103.716 Y69.760
G1 X103.843 Y70.021
G0 Z5.000 F500.000
G0 X105.176 Y71.032 F3000.000
G1 Z1.000 F500.000
G4 P100
G1 X105.453 Y71.173 F1000.000
G1 X105.808 Y71.207
G1 X106.098 Y71.110
G1 X106.221 Y70.922
G1 X106.081 Y70.549
G1 X105.242 Y69.928
G1 X105.185 Y69.587
G1 X105.364 Y69.352
G1 X105.843 Y69.264
G1 X106.372 Y69.369
G1 X106.863 Y69.683
G1 X107.073 Y70.018
G0 Z5.000 F500.000
G0 X107.039 Y70.092 F3000.000
G1 Z1.000 F500.000
G4 P100
G1 X106.886 Y69.852 F1000.000
G1 X106.914 Y69.506
G1 X107.085 Y69.338
G1 X107.359 Y69.354
G1 X107.644 Y69.618
G1 X108.103 Y70.580
G1 X108.492 Y71.002
G1 X108.426 Y70.846
G1 X108.569 Y70.521
G1 X108.576 Y69.762
G1 X108.726 Y69.381
G1 X108.983 Y69.310
G1 X109.266 Y69.399
G1 X109.634 Y69.764
G1 X109.751 Y70.013
G0 Z5.000 F500.000
G0 X110.228 Y71.227 F3000.000
G1 Z1.000 F500.000
G4 P100
G1 X110.050 Y71.023 F1000.000
G1 X109.877 Y70.146
G1 X109.884 Y69.701
G1 X110.040 Y69.433
G1 X110.307 Y69.489
G1 X110.629 Y69.871
G1 X110.917 Y69.992
G1 X111.190 Y71.025
G1 X111.315 Y71.195
G1 X111.190 Y71.025
G1 X110.917 Y69.992
G1 X111.060 Y69.422
G1 X111.292 Y69.324
G1 X111.592 Y69.399
G1 X111.991 Y69.752
G1 X112.120 Y70.011
G0 Z5.000 F500.000
G0 X113.285 Y67.682 F3000.000
G1 Z1.000 F500.000
G4 P100
G1 X113.313 Y68.908 F1000.000
G1 X113.407 Y69.308
G1 X113.334 Y69.779
G1 X113.517 Y70.663
G1 X113.453 Y71.103
G1 X113.005 Y71.152
G1 X112.567 Y70.912
G1 X112.262 Y70.485
G1 X112.124 Y69.965
G1 X112.181 Y69.542
G1 X112.430 Y69.318
G1 X112.749 Y69.350
G1 X113.334 Y69.779
G1 X113.428 Y69.302
G1 X113.883 Y69.297
G1 X114.401 Y69.555
G1 X114.642 Y69.345
G1 X114.968 Y69.327
G1 X115.361 Y69.527
G1 X115.737 Y69.966
G1 X115.212 Y69.421
G1 X114.662 Y69.338
G1 X114.401 Y69.555
G1 X114.715 Y70.369
G1 X114.720 Y70.748
G1 X114.613 Y71.001
G1 X114.418 Y71.125
G1 X114.179 Y71.118
G1 X113.517 Y70.663
G1 X113.447 Y71.124
G1 X113.879 Y72.726
G0 Z5.000 F500.000
G0 X116.895 Y69.750 F3000.000
G1 Z1.000 F500.000
G4 P100
G1 X117.110 Y70.929 F1000.000
G1 X116.615 Y71.154
G1 X116.160 Y70.899
G1 X115.833 Y70.410
G1 X115.727 Y69.780
G1 X115.906 Y69.386
G1 X116.331 Y69.325
G1 X116.895 Y69.750
G1 X117.125 Y69.377
G1 X117.416 Y69.333
G1 X117.841 Y69.636
G1 X118.077 Y70.016
G0 Z5.000 F500.000
G0 X119.818 Y71.227 F3000.000
G1 Z1.000 F500.000
G4 P100
G1 X119.640 Y71.023 F1000.000
G1 X119.467 Y70.146
G1 X119.474 Y69.701
G1 X119.630 Y69.433
G1 X119.897 Y69.489
G1 X120.219 Y69.871
G1 X120.507 Y69.992
G1 X120.780 Y71.025
G1 X120.905 Y71.195
G1 X120.780 Y71.025
G1 X120.507 Y69.992
G1 X120.650 Y69.422
G1 X120.882 Y69.324
G1 X121.182 Y69.399
G1 X121.581 Y69.752
G1 X121.710 Y70.011
G0 Z5.000 F500.000
G0 X20.139 Y59.416 F3000.000
G1 Z1.000 F500.000
G4 P100
G1 X20.816 Y60.348 F1000.000
G1 X21.057 Y60.522
G1 X21.171 Y61.001
G1 X21.338 Y61.157
G1 X21.171 Y61.001
G1 X21.057 Y60.522
G1 X21.527 Y59.899
G1 X21.607 Y59.499
G1 X21.385 Y59.207
G1 X20.977 Y59.208
G0 Z5.000 F500.000
G0 X23.776 Y59.567 F3000.000
G1 Z1.000 F500.000
G4 P100
G1 X24.000 Y60.814 F1000.000
G1 X23.565 Y61.066
G1 X23.182 Y60.908
G1 X22.862 Y60.569
G1 X22.665 Y60.115
G1 X22.627 Y59.635
G1 X22.725 Y59.362
G1 X22.917 Y59.220
G1 X23.160 Y59.232
G1 X23.471 Y59.492
G1 X23.776 Y59.567
G1 X23.812 Y59.272
G0 Z5.000 F500.000
G0 X25.237 Y60.717 F3000.000
G1 Z1.000 F500.000
G4 P100
G1 X25.496 Y60.761 F1000.000
G1 X25.698 Y60.913
G1 X26.383 Y61.992
G1 X26.579 Y62.894
G1 X26.527 Y63.218
G1 X26.365 Y63.398
G1 X26.046 Y63.338
G1 X25.770 Y62.965
G1 X25.474 Y62.217
G1 X25.213 Y61.149
G1 X25.237 Y60.717
G1 X25.068 Y59.940
G1 X25.072 Y58.756
G1 X25.178 Y57.922
G1 X25.382 Y57.644
G1 X25.666 Y57.719
G1 X25.827 Y58.064
G1 X25.842 Y58.780
G1 X25.694 Y59.830
G1 X25.798 Y60.051
G1 X26.614 Y60.117
G1 X26.870 Y59.814
G1 X27.591 Y60.023
G1 X27.897 Y60.279
G1 X28.010 Y60.600
G1 X27.914 Y60.915
G1 X27.639 Y61.049
G1 X27.227 Y60.944
G1 X26.918 Y60.570
G1 X26.807 Y60.066
G1 X26.923 Y59.518
G1 X27.246 Y59.244
G1 X27.723 Y59.203
G1 X28.132 Y59.399
G1 X28.354 Y59.770
G0 Z5.000 F500.000
G0 X28.871 Y60.483 F3000.000
G1 Z1.000 F500.000
G4 P100
G1 X29.855 Y60.578 F1000.000
G0 Z5.000 F500.000
G0 X31.839 Y60.424 F3000.000
G1 Z1.000 F500.000
G4 P100
G1 X31.920 Y60.750 F1000.000
G1 X31.759 Y61.006
G1 X31.424 Y61.034
G1 X31.096 Y60.833
G1 X30.806 Y60.175
G1 X30.812 Y59.788
G1 X30.932 Y59.484
G1 X31.255 Y59.243
G1 X31.703 Y59.220
G1 X32.084 Y59.425
G1 X32.283 Y59.785
G0 Z5.000 F500.000
G0 X32.668 Y59.840 F3000.000
G1 Z1.000 F500.000
G4 P100
G1 X32.720 Y60.470 F1000.000
G1 X32.952 Y60.869
G1 X33.395 Y61.015
G1 X33.804 Y60.853
G1 X33.945 Y60.583
G1 X34.000 Y60.172
G1 X33.902 Y59.686
G1 X33.701 Y59.376
G1 X33.331 Y59.237
G1 X33.001 Y59.276
G1 X32.783 Y59.473
G1 X32.668 Y59.840
G0 Z5.000 F500.000
G0 X35.274 Y61.118 F3000.000
G1 Z1.000 F500.000
G4 P100
G1 X35.111 Y60.864 F1000.000
G1 X34.998 Y60.342
G1 X35.025 Y59.243
G1 X35.033 Y59.765
G1 X35.405 Y59.993
G1 X35.782 Y60.656
G1 X36.344 Y60.847
G1 X36.366 Y60.942
G1 X36.231 Y59.279
G0 Z5.000 F500.000
G0 X37.754 Y61.118 F3000.000
G1 Z1.000 F500.000
G4 P100
G1 X37.591 Y60.864 F1000.000
G1 X37.478 Y60.342
G1 X37.505 Y59.243
G1 X37.513 Y59.765
G1 X37.885 Y59.993
G1 X38.262 Y60.656
G1 X38.824 Y60.847
G1 X38.846 Y60.942
G1 X38.699 Y59.332
G1 X38.796 Y59.174
G1 X39.710 Y59.741
G1 X40.500 Y59.964
G1 X40.886 Y60.222
G1 X41.037 Y60.526
G1 X40.996 Y60.842
G1 X40.794 Y61.020
G1 X40.475 Y61.036
G1 X40.124 Y60.826
G1 X39.896 Y60.420
G1 X39.845 Y60.000
G1 X39.993 Y59.462
G1 X40.329 Y59.227
G1 X40.801 Y59.211
G1 X41.183 Y59.414
G1 X41.389 Y59.770
G0 Z5.000 F500.000
G0 X42.859 Y60.424 F3000.000
G1 Z1.000 F500.000
G4 P100
G1 X42.934 Y60.786 F1000.000
G1 X42.726 Y61.029
G1 X42.347 Y60.999
G1 X42.015 Y60.707
G1 X41.856 Y60.341
G1 X41.818 Y59.904
G1 X41.910 Y59.553
G1 X42.117 Y59.321
G1 X42.701 Y59.215
G1 X43.190 Y59.525
G1 X43.321 Y59.971
G1 X43.320 Y60.916
G1 X43.475 Y61.096
G1 X43.886 Y61.025
G1 X44.025 Y61.137
G1 X44.030 Y61.595
G1 X44.258 Y62.435
G1 X44.506 Y62.899
G1 X44.774 Y63.079
G1 X45.060 Y62.944
G1 X45.107 Y62.411
G1 X44.951 Y61.939
G1 X44.538 Y61.384
G1 X44.464 Y61.140
G1 X44.815 Y61.069
G1 X45.236 Y61.149
G1 X44.815 Y61.069
G1 X44.025 Y61.137
G1 X43.937 Y61.042
G1 X43.954 Y59.940
G1 X44.169 Y59.381
G1 X44.643 Y59.219
G1 X44.919 Y59.308
G1 X45.087 Y59.477
G1 X45.620 Y59.222
G1 X45.799 Y60.500
G1 X45.978 Y61.049
G0 Z5.000 F500.000
G0 X47.167 Y60.869 F3000.000
G1 Z1.000 F500.000
G4 P100
G1 X47.444 Y60.993 F1000.000
G1 X47.763 Y60.997
G1 X47.983 Y60.890
G1 X48.134 Y60.659
G1 X48.216 Y60.223
G1 X48.150 Y59.791
G1 X47.999 Y59.468
G1 X47.768 Y59.284
G1 X47.250 Y59.262
G1 X46.945 Y59.586
G1 X46.890 Y60.247
G1 X46.987 Y60.614
G1 X47.167 Y60.869
G0 Z5.000 F500.000
G0 X49.489 Y61.118 F3000.000
G1 Z1.000 F500.000
G4 P100
G1 X49.326 Y60.864 F1000.000
G1 X49.213 Y60.342
G1 X49.240 Y59.243
G1 X49.248 Y59.765
G1 X49.620 Y59.993
G1 X49.997 Y60.656
G1 X50.559 Y60.847
G1 X50.581 Y60.942
G1 X50.446 Y59.279
G0 Z5.000 F500.000
G0 X46.029 Y62.001 F3000.000
G1 Z1.000 F500.000
G4 P100
G1 X46.163 Y62.023 F1000.000
G0 Z5.000 F500.000
G0 X53.324 Y61.140 F3000.000
G1 Z1.000 F500.000
G4 P100
G1 X53.147 Y60.950 F1000.000
G1 X53.009 Y60.335
G1 X53.089 Y59.763
G1 X53.043 Y59.255
G1 X53.089 Y59.763
G1 X53.368 Y59.933
G1 X53.751 Y60.596
G1 X54.066 Y60.822
G1 X54.334 Y60.788
G1 X54.238 Y59.523
G1 X54.305 Y59.323
G1 X54.486 Y59.236
G1 X54.746 Y59.249
G1 X55.006 Y59.395
G1 X55.685 Y60.214
G1 X56.435 Y60.404
G1 X56.782 Y60.292
G1 X56.776 Y59.948
G1 X56.611 Y59.527
G1 X56.372 Y59.295
G1 X56.064 Y59.204
G1 X55.626 Y59.372
G1 X55.405 Y59.824
G1 X55.464 Y60.481
G1 X55.797 Y60.923
G1 X56.112 Y61.036
G1 X56.395 Y60.977
G1 X56.771 Y60.199
G1 X57.075 Y60.129
G1 X57.602 Y60.236
G1 X57.675 Y60.751
G1 X57.932 Y61.009
G1 X58.428 Y61.119
G1 X58.807 Y60.992
G1 X58.910 Y60.659
G1 X58.769 Y60.288
G1 X57.737 Y59.641
G1 X58.432 Y59.020
G1 X58.486 Y58.368
G1 X58.355 Y57.806
G1 X58.108 Y57.309
G1 X57.811 Y57.000
G1 X57.511 Y56.928
G1 X57.316 Y57.007
G1 X57.222 Y57.167
G1 X57.303 Y57.782
G1 X57.864 Y58.515
G1 X58.155 Y58.747
G1 X58.403 Y58.811
G1 X58.432 Y59.020
G1 X59.586 Y59.721
G1 X59.837 Y59.970
G1 X61.405 Y60.044
G1 X61.038 Y60.891
G1 X60.646 Y61.116
G1 X60.673 Y61.353
G1 X61.119 Y62.208
G1 X61.245 Y62.801
G1 X61.134 Y63.314
G1 X60.978 Y63.410
G1 X60.768 Y63.383
G1 X60.404 Y62.921
G1 X60.081 Y61.828
G1 X59.965 Y61.002
G1 X60.007 Y60.708
G1 X60.314 Y60.792
G1 X60.656 Y61.074
G1 X60.321 Y60.795
G1 X60.004 Y60.701
G1 X59.938 Y60.092
G1 X60.043 Y59.577
G1 X60.339 Y59.258
G1 X60.769 Y59.232
G1 X61.160 Y59.546
G1 X61.354 Y60.148
G1 X62.150 Y60.249
G0 Z5.000 F500.000
G0 X63.609 Y60.148 F3000.000
G1 Z1.000 F500.000
G4 P100
G1 X63.426 Y59.558 F1000.000
G1 X63.068 Y59.247
G1 X62.590 Y59.257
G1 X62.252 Y59.625
G1 X62.186 Y60.057
G1 X62.270 Y60.508
G1 X62.479 Y60.832
G1 X62.784 Y61.011
G1 X63.046 Y61.030
G1 X63.257 Y60.923
G1 X63.609 Y60.148
G1 X64.007 Y60.141
G1 X64.415 Y60.261
G0 Z5.000 F500.000
G0 X64.424 Y59.995 F3000.000
G1 Z1.000 F500.000
G4 P100
G1 X64.271 Y59.755 F1000.000
G1 X64.299 Y59.409
G1 X64.470 Y59.241
G1 X64.744 Y59.257
G1 X65.029 Y59.521
G1 X65.488 Y60.483
G1 X65.877 Y60.905
G1 X65.811 Y60.749
G1 X65.954 Y60.424
G1 X65.960 Y59.672
G1 X66.100 Y59.293
G1 X66.368 Y59.213
G1 X66.663 Y59.310
G1 X67.036 Y59.691
G1 X67.144 Y59.973
G1 X67.020 Y59.704
G1 X67.115 Y59.372
G1 X67.366 Y59.217
G1 X67.712 Y59.228
G1 X68.144 Y59.494
G1 X68.400 Y59.906
G1 X67.832 Y60.209
G1 X67.742 Y60.470
G1 X67.777 Y60.758
G1 X67.990 Y61.010
G1 X68.379 Y61.098
G1 X68.986 Y60.952
G1 X68.758 Y60.085
G1 X68.399 Y59.958
G1 X68.758 Y60.085
G1 X68.930 Y59.268
G1 X69.163 Y59.229
G1 X69.432 Y59.336
G1 X69.786 Y59.663
G1 X69.913 Y59.924
G0 Z5.000 F500.000
G0 X69.999 Y59.189 F3000.000
G1 Z1.000 F500.000
G4 P100
G1 X69.966 Y59.861 F1000.000
G1 X70.052 Y60.190
G1 X70.983 Y60.136
G1 X71.223 Y60.721
G1 X71.602 Y61.006
G1 X71.883 Y61.030
G1 X72.095 Y60.926
G1 X72.450 Y60.146
G1 X72.901 Y60.148
G1 X73.261 Y60.260
G1 X72.901 Y60.148
G1 X72.450 Y60.146
G1 X72.332 Y59.687
G1 X72.138 Y59.397
G1 X71.838 Y59.224
G1 X71.505 Y59.230
G1 X71.142 Y59.520
G1 X70.983 Y60.136
G1 X70.052 Y60.190
G1 X70.126 Y60.915
G1 X70.314 Y61.140
G0 Z5.000 F500.000
G0 X73.694 Y61.140 F3000.000
G1 Z1.000 F500.000
G4 P100
G1 X73.518 Y60.950 F1000.000
G1 X73.384 Y60.351
G1 X73.413 Y59.255
G1 X73.457 Y59.772
G1 X73.760 Y59.970
G1 X74.155 Y60.668
G1 X74.494 Y60.843
G1 X74.638 Y60.830
G1 X74.682 Y60.609
G1 X74.651 Y59.240
G1 X74.722 Y59.799
G1 X74.993 Y59.967
G1 X75.362 Y60.596
G1 X75.670 Y60.818
G1 X75.951 Y60.782
G1 X75.843 Y59.614
G1 X75.949 Y59.291
G1 X76.224 Y59.226
G1 X76.498 Y59.313
G1 X76.872 Y59.649
G1 X77.012 Y59.919
G0 Z5.000 F500.000
G0 X79.361 Y60.439 F3000.000
G1 Z1.000 F500.000
G4 P100
G1 X79.426 Y60.784 F1000.000
G1 X79.271 Y61.005
G1 X78.819 Y60.978
G1 X78.536 Y60.712
G1 X78.344 Y59.934
G1 X78.438 Y59.546
G1 X78.644 Y59.313
G1 X79.029 Y59.213
G1 X79.557 Y59.314
G1 X80.017 Y59.633
G1 X80.186 Y59.951
G0 Z5.000 F500.000
G0 X81.589 Y60.148 F3000.000
G1 Z1.000 F500.000
G4 P100
G1 X81.406 Y59.558 F1000.000
G1 X81.048 Y59.247
G1 X80.570 Y59.257
G1 X80.232 Y59.625
G1 X80.166 Y60.057
G1 X80.250 Y60.508
G1 X80.459 Y60.832
G1 X80.764 Y61.011
G1 X81.026 Y61.030
G1 X81.237 Y60.923
G1 X81.589 Y60.148
G1 X81.987 Y60.141
G1 X82.395 Y60.261
G0 Z5.000 F500.000
G0 X82.477 Y59.809 F3000.000
G1 Z1.000 F500.000
G4 P100
G1 X83.164 Y60.007 F1000.000
G1 X83.545 Y60.346
G1 X83.616 Y60.614
G1 X83.556 Y60.861
G1 X83.399 Y61.006
G1 X83.149 Y61.051
G1 X82.736 Y60.868
G1 X82.464 Y60.415
G1 X82.421 Y59.959
G1 X82.500 Y59.593
G1 X82.647 Y59.387
G1 X83.055 Y59.203
G1 X83.575 Y59.241
G1 X84.154 Y59.563
G1 X84.396 Y59.916
G0 Z5.000 F500.000
G0 X85.350 Y58.679 F3000.000
G1 Z1.000 F500.000
G4 P100
G1 X85.346 Y58.261 F1000.000
G1 X84.970 Y57.265
G1 X84.659 Y56.964
G1 X84.299 Y56.988
G1 X84.145 Y57.317
G1 X84.305 Y57.827
G1 X84.970 Y58.561
G1 X85.350 Y58.679
G1 X85.609 Y59.238
G1 X85.502 Y59.460
G1 X85.775 Y60.805
G1 X85.335 Y61.067
G1 X85.014 Y60.945
G1 X84.725 Y60.689
G1 X84.490 Y60.277
G1 X84.396 Y59.806
G1 X84.451 Y59.454
G1 X84.665 Y59.235
G1 X84.941 Y59.218
G1 X85.502 Y59.460
G1 X85.612 Y59.245
G1 X85.858 Y59.268
G1 X86.664 Y59.855
G0 Z5.000 F500.000
G0 X87.208 Y61.130 F3000.000
G1 Z1.000 F500.000
G4 P100
G1 X87.030 Y60.926 F1000.000
G1 X86.857 Y60.049
G1 X86.864 Y59.604
G1 X87.020 Y59.336
G1 X87.287 Y59.392
G1 X87.609 Y59.774
G1 X87.897 Y59.895
G1 X88.170 Y60.928
G1 X88.295 Y61.098
G1 X88.170 Y60.928
G1 X87.897 Y59.895
G1 X88.040 Y59.325
G1 X88.272 Y59.227
G1 X88.572 Y59.302
G1 X88.971 Y59.655
G1 X89.100 Y59.914
G0 Z5.000 F500.000
G0 X89.487 Y61.125 F3000.000
G1 Z1.000 F500.000
G4 P100
G1 X89.336 Y60.970 F1000.000
G1 X89.224 Y60.494
G1 X89.189 Y59.189
G1 X89.156 Y59.836
G1 X89.238 Y60.187
G1 X90.326 Y60.124
G1 X90.641 Y61.074
G1 X90.326 Y60.124
G1 X90.412 Y59.308
G1 X90.670 Y59.226
G1 X90.954 Y59.310
G1 X91.343 Y59.651
G1 X91.476 Y59.916
G0 Z5.000 F500.000
G0 X91.522 Y59.809 F3000.000
G1 Z1.000 F500.000
G4 P100
G1 X92.209 Y60.007 F1000.000
G1 X92.590 Y60.346
G1 X92.661 Y60.614
G1 X92.601 Y60.861
G1 X92.444 Y61.006
G1 X92.194 Y61.051
G1 X91.781 Y60.868
G1 X91.509 Y60.415
G1 X91.466 Y59.959
G1 X91.545 Y59.593
G1 X91.692 Y59.387
G1 X92.100 Y59.203
G1 X92.620 Y59.241
G1 X93.199 Y59.563
G1 X93.441 Y59.916
G0 Z5.000 F500.000
G0 X93.827 Y61.125 F3000.000
G1 Z1.000 F500.000
G4 P100
G1 X93.676 Y60.970 F1000.000
G1 X93.564 Y60.494
G1 X93.529 Y59.189
G1 X93.496 Y59.836
G1 X93.578 Y60.187
G1 X94.666 Y60.124
G1 X94.981 Y61.074
G1 X94.666 Y60.124
G1 X94.752 Y59.308
G1 X95.010 Y59.226
G1 X95.294 Y59.310
G1 X95.683 Y59.651
G1 X95.816 Y59.916
G0 Z5.000 F500.000
G0 X96.233 Y61.130 F3000.000
G1 Z1.000 F500.000
G4 P100
G1 X96.055 Y60.926 F1000.000
G1 X95.882 Y60.049
G1 X95.889 Y59.604
G1 X96.045 Y59.336
G1 X96.312 Y59.392
G1 X96.634 Y59.774
G1 X96.922 Y59.895
G1 X97.195 Y60.928
G1 X97.320 Y61.098
G1 X97.195 Y60.928
G1 X96.922 Y59.895
G1 X97.065 Y59.325
G1 X97.297 Y59.227
G1 X97.597 Y59.302
G1 X97.996 Y59.655
G1 X98.125 Y59.914
G0 Z5.000 F500.000
G0 X98.172 Y59.809 F3000.000
G1 Z1.000 F500.000
G4 P100
G1 X98.859 Y60.007 F1000.000
G1 X99.240 Y60.346
G1 X99.311 Y60.614
G1 X99.251 Y60.861
G1 X99.094 Y61.006
G1 X98.844 Y61.051
G1 X98.431 Y60.868
G1 X98.159 Y60.415
G1 X98.116 Y59.959
G1 X98.195 Y59.593
G1 X98.342 Y59.387
G1 X98.750 Y59.203
G1 X99.270 Y59.241
G1 X99.849 Y59.563
G1 X100.091 Y59.916
G0 Z5.000 F500.000
G0 X100.193 Y59.392 F3000.000
G1 Z1.000 F500.000
G4 P100
G1 X100.230 Y59.428 F1000.000
G0 Z5.000 F500.000
G0 X27.706 Y47.320 F3000.000
G1 Z1.000 F500.000
G4 P100
G1 X27.880 Y47.780 F1000.000
G1 X28.352 Y48.008
G1 X28.915 Y47.926
G1 X29.183 Y47.522
G1 X29.126 Y47.090
G1 X28.832 Y46.629
G1 X28.063 Y46.016
G1 X27.899 Y45.759
G1 X27.501 Y45.591
G1 X27.899 Y45.759
G1 X28.409 Y45.602
G1 X29.320 Y45.628
G0 Z5.000 F500.000
G0 X30.391 Y45.767 F3000.000
G1 Z1.000 F500.000
G4 P100
G1 X30.428 Y45.803 F1000.000
G0 Z5.000 F500.000
G0 X34.520 Y49.583 F3000.000
G1 Z1.000 F500.000
G4 P100
G1 X33.524 Y49.281 F1000.000
G1 X33.283 Y48.974
G1 X33.389 Y48.609
G1 X34.184 Y47.586
G1 X34.219 Y46.850
G1 X34.339 Y46.538
G1 X34.174 Y46.117
G1 X33.913 Y45.749
G1 X33.560 Y45.587
G1 X33.178 Y45.661
G1 X32.959 Y45.960
G1 X32.920 Y46.397
G1 X33.009 Y46.832
G1 X33.214 Y47.160
G1 X33.500 Y47.343
G1 X34.183 Y47.268
G1 X34.339 Y46.538
G1 X34.768 Y46.507
G1 X35.237 Y46.648
G0 Z5.000 F500.000
G0 X37.864 Y47.429 F3000.000
G1 Z1.000 F500.000
G4 P100
G1 X37.522 Y46.570 F1000.000
G1 X36.816 Y46.196
G1 X36.879 Y46.245
G1 X36.711 Y46.255
G1 X36.670 Y46.559
G1 X36.542 Y46.722
G1 X36.223 Y46.772
G1 X35.837 Y46.621
G1 X35.449 Y47.007
G1 X35.538 Y47.348
G1 X35.691 Y47.483
G1 X35.527 Y47.321
G1 X35.402 Y46.579
G1 X35.465 Y46.478
G1 X35.837 Y46.621
G1 X35.418 Y46.505
G1 X35.354 Y46.154
G1 X35.458 Y45.850
G1 X35.793 Y45.606
G1 X36.257 Y45.616
G1 X36.585 Y45.828
G1 X36.816 Y46.196
G1 X37.522 Y46.570
G1 X37.662 Y45.794
G1 X37.975 Y45.586
G1 X38.419 Y45.798
G1 X38.774 Y46.294
G0 Z5.000 F500.000
G0 X39.799 Y46.814 F3000.000
G1 Z1.000 F500.000
G4 P100
G1 X39.864 Y47.160 F1000.000
G1 X39.709 Y47.381
G1 X39.257 Y47.354
G1 X38.974 Y47.087
G1 X38.782 Y46.309
G1 X38.876 Y45.921
G1 X39.082 Y45.688
G1 X39.466 Y45.589
G1 X39.995 Y45.689
G1 X40.455 Y46.009
G1 X40.624 Y46.326
G0 Z5.000 F500.000
G0 X41.016 Y47.515 F3000.000
G1 Z1.000 F500.000
G4 P100
G1 X40.840 Y47.325 F1000.000
G1 X40.707 Y46.727
G1 X40.736 Y45.630
G1 X40.779 Y46.148
G1 X41.083 Y46.346
G1 X41.477 Y47.043
G1 X41.817 Y47.218
G1 X41.961 Y47.205
G1 X42.004 Y46.984
G1 X41.973 Y45.615
G1 X42.044 Y46.175
G1 X42.316 Y46.342
G1 X42.684 Y46.971
G1 X42.992 Y47.193
G1 X43.274 Y47.157
G1 X43.166 Y45.989
G1 X43.271 Y45.666
G1 X43.547 Y45.601
G1 X43.821 Y45.688
G1 X44.195 Y46.024
G1 X44.334 Y46.294
G0 Z5.000 F500.000
G0 X45.417 Y45.833 F3000.000
G1 Z1.000 F500.000
G4 P100
G1 X45.730 Y46.600 F1000.000
G1 X45.675 Y47.221
G1 X45.501 Y47.383
G1 X45.272 Y47.412
G1 X44.531 Y47.061
G1 X44.492 Y47.400
G1 X44.474 Y46.324
G1 X44.375 Y45.921
G1 X44.514 Y45.569
G1 X44.303 Y44.087
G1 X44.051 Y43.422
G1 X43.856 Y43.306
G1 X43.644 Y43.344
G1 X43.483 Y43.678
G1 X43.516 Y44.268
G1 X43.746 Y45.085
G1 X44.080 Y45.780
G1 X44.375 Y45.921
G1 X44.514 Y45.569
G1 X44.607 Y45.556
G1 X44.962 Y45.593
G1 X45.417 Y45.833
G1 X45.666 Y45.621
G1 X45.992 Y45.606
G1 X46.444 Y45.864
G1 X46.743 Y46.304
G0 Z5.000 F500.000
G0 X49.339 Y47.429 F3000.000
G1 Z1.000 F500.000
G4 P100
G1 X48.997 Y46.570 F1000.000
G1 X48.291 Y46.196
G1 X48.354 Y46.245
G1 X48.186 Y46.255
G1 X48.145 Y46.559
G1 X48.017 Y46.722
G1 X47.698 Y46.772
G1 X47.312 Y46.621
G1 X46.924 Y47.007
G1 X47.013 Y47.348
G1 X47.166 Y47.483
G1 X47.002 Y47.321
G1 X46.877 Y46.579
G1 X46.940 Y46.478
G1 X47.312 Y46.621
G1 X46.893 Y46.505
G1 X46.829 Y46.154
G1 X46.933 Y45.850
G1 X47.268 Y45.606
G1 X47.732 Y45.616
G1 X48.060 Y45.828
G1 X48.291 Y46.196
G1 X48.997 Y46.570
G1 X49.137 Y45.794
G1 X49.450 Y45.586
G1 X49.894 Y45.798
G1 X50.249 Y46.294
G0 Z5.000 F500.000
G0 X50.666 Y47.505 F3000.000
G1 Z1.000 F500.000
G4 P100
G1 X50.488 Y47.301 F1000.000
G1 X50.315 Y46.424
G1 X50.322 Y45.979
G1 X50.478 Y45.712
G1 X50.744 Y45.767
G1 X51.067 Y46.149
G1 X51.354 Y46.270
G1 X51.628 Y47.303
G1 X51.752 Y47.473
G1 X51.628 Y47.303
G1 X51.354 Y46.270
G1 X51.498 Y45.700
G1 X51.730 Y45.603
G1 X52.030 Y45.678
G1 X52.429 Y46.030
G1 X52.558 Y46.289
G0 Z5.000 F500.000
G0 X51.987 Y48.931 F3000.000
G1 Z1.000 F500.000
G4 P100
G1 X51.712 Y48.479 F1000.000
G1 X51.268 Y48.253
G1 X50.785 Y48.321
G1 X50.563 Y48.675
G0 Z5.000 F500.000
G0 X54.967 Y45.833 F3000.000
G1 Z1.000 F500.000
G4 P100
G1 X55.280 Y46.600 F1000.000
G1 X55.225 Y47.221
G1 X55.051 Y47.383
G1 X54.822 Y47.412
G1 X54.081 Y47.061
G1 X54.042 Y47.400
G1 X54.024 Y46.324
G1 X53.925 Y45.921
G1 X54.064 Y45.569
G1 X53.853 Y44.087
G1 X53.601 Y43.422
G1 X53.406 Y43.306
G1 X53.194 Y43.344
G1 X53.033 Y43.678
G1 X53.066 Y44.268
G1 X53.296 Y45.085
G1 X53.630 Y45.780
G1 X53.925 Y45.921
G1 X54.064 Y45.569
G1 X54.157 Y45.556
G1 X54.512 Y45.593
G1 X54.967 Y45.833
G1 X55.216 Y45.621
G1 X55.542 Y45.606
G1 X55.994 Y45.864
G1 X56.293 Y46.304
G0 Z5.000 F500.000
G0 X58.889 Y47.429 F3000.000
G1 Z1.000 F500.000
G4 P100
G1 X58.547 Y46.570 F1000.000
G1 X57.841 Y46.196
G1 X57.904 Y46.245
G1 X57.736 Y46.255
G1 X57.695 Y46.559
G1 X57.567 Y46.722
G1 X57.248 Y46.772
G1 X56.862 Y46.621
G1 X56.474 Y47.007
G1 X56.563 Y47.348
G1 X56.716 Y47.483
G1 X56.552 Y47.321
G1 X56.427 Y46.579
G1 X56.490 Y46.478
G1 X56.862 Y46.621
G1 X56.443 Y46.505
G1 X56.379 Y46.154
G1 X56.483 Y45.850
G1 X56.818 Y45.606
G1 X57.282 Y45.616
G1 X57.610 Y45.828
G1 X57.841 Y46.196
G1 X58.547 Y46.570
G1 X58.651 Y45.890
G1 X58.806 Y45.649
G1 X59.000 Y45.586
G1 X59.310 Y45.696
G1 X59.682 Y46.046
G1 X59.801 Y46.286
G1 X59.697 Y46.008
G1 X59.744 Y45.746
G1 X59.932 Y45.606
G1 X60.207 Y45.611
G1 X60.569 Y45.956
G1 X60.807 Y46.697
G1 X60.499 Y47.345
G1 X60.252 Y47.405
G1 X60.042 Y47.274
G1 X59.982 Y47.080
G1 X60.154 Y47.373
G1 X60.499 Y47.345
G1 X60.807 Y46.697
G1 X61.205 Y46.787
G1 X61.325 Y47.367
G1 X61.461 Y47.505
G1 X61.325 Y47.367
G1 X61.205 Y46.787
G1 X61.302 Y46.109
G1 X61.207 Y45.547
G1 X61.302 Y46.109
G1 X61.749 Y46.350
G1 X61.956 Y47.055
G1 X62.324 Y47.401
G1 X62.721 Y47.349
G1 X62.828 Y46.979
G1 X62.767 Y46.817
G1 X62.815 Y47.205
G1 X62.564 Y47.420
G1 X62.257 Y47.373
G1 X62.001 Y47.130
G1 X61.749 Y46.350
G1 X62.033 Y45.779
G1 X62.365 Y45.589
G1 X62.747 Y45.619
G1 X63.200 Y45.971
G1 X63.385 Y46.297
G0 Z5.000 F500.000
G0 X63.801 Y47.505 F3000.000
G1 Z1.000 F500.000
G4 P100
G1 X63.623 Y47.301 F1000.000
G1 X63.450 Y46.424
G1 X63.457 Y45.979
G1 X63.613 Y45.712
G1 X63.879 Y45.767
G1 X64.202 Y46.149
G1 X64.489 Y46.270
G1 X64.763 Y47.303
G1 X64.887 Y47.473
G1 X64.763 Y47.303
G1 X64.489 Y46.270
G1 X64.633 Y45.700
G1 X64.865 Y45.603
G1 X65.165 Y45.678
G1 X65.564 Y46.030
G1 X65.693 Y46.289
G0 Z5.000 F500.000
G0 X66.111 Y47.505 F3000.000
G1 Z1.000 F500.000
G4 P100
G1 X65.933 Y47.301 F1000.000
G1 X65.760 Y46.424
G1 X65.767 Y45.979
G1 X65.923 Y45.712
G1 X66.189 Y45.767
G1 X66.512 Y46.149
G1 X66.799 Y46.270
G1 X67.073 Y47.303
G1 X67.197 Y47.473
G1 X67.073 Y47.303
G1 X66.799 Y46.270
G1 X66.943 Y45.700
G1 X67.175 Y45.603
G1 X67.475 Y45.678
G1 X67.874 Y46.030
G1 X68.003 Y46.289
G0 Z5.000 F500.000
G0 X67.432 Y48.931 F3000.000
G1 Z1.000 F500.000
G4 P100
G1 X67.157 Y48.479 F1000.000
G1 X66.713 Y48.253
G1 X66.230 Y48.321
G1 X66.008 Y48.675
G0 Z5.000 F500.000
G0 X69.302 Y46.370 F3000.000
G1 Z1.000 F500.000
G4 P100
G1 X69.149 Y46.131 F1000.000
G1 X69.177 Y45.784
G1 X69.348 Y45.617
G1 X69.621 Y45.632
G1 X69.907 Y45.896
G1 X70.366 Y46.858
G1 X70.754 Y47.280
G1 X70.688 Y47.124
G1 X70.832 Y46.799
G1 X70.838 Y46.040
G1 X70.988 Y45.659
G1 X71.246 Y45.588
G1 X71.529 Y45.677
G1 X71.896 Y46.043
G1 X72.014 Y46.292
G0 Z5.000 F500.000
G0 X72.491 Y47.505 F3000.000
G1 Z1.000 F500.000
G4 P100
G1 X72.313 Y47.301 F1000.000
G1 X72.140 Y46.424
G1 X72.147 Y45.979
G1 X72.303 Y45.712
G1 X72.569 Y45.767
G1 X72.892 Y46.149
G1 X73.179 Y46.270
G1 X73.453 Y47.303
G1 X73.577 Y47.473
G1 X73.453 Y47.303
G1 X73.179 Y46.270
G1 X73.323 Y45.700
G1 X73.555 Y45.603
G1 X73.855 Y45.678
G1 X74.254 Y46.030
G1 X74.383 Y46.289
G0 Z5.000 F500.000
G0 X75.409 Y46.814 F3000.000
G1 Z1.000 F500.000
G4 P100
G1 X75.474 Y47.160 F1000.000
G1 X75.319 Y47.381
G1 X74.867 Y47.354
G1 X74.584 Y47.087
G1 X74.392 Y46.309
G1 X74.486 Y45.921
G1 X74.692 Y45.688
G1 X75.076 Y45.589
G1 X75.605 Y45.689
G1 X76.065 Y46.009
G1 X76.234 Y46.326
G0 Z5.000 F500.000
G0 X76.270 Y46.184 F3000.000
G1 Z1.000 F500.000
G4 P100
G1 X76.957 Y46.382 F1000.000
G1 X77.338 Y46.722
G1 X77.408 Y46.990
G1 X77.349 Y47.236
G1 X77.191 Y47.381
G1 X76.941 Y47.426
G1 X76.528 Y47.243
G1 X76.257 Y46.790
G1 X76.214 Y46.334
G1 X76.293 Y45.969
G1 X76.440 Y45.762
G1 X76.847 Y45.578
G1 X77.368 Y45.616
G1 X77.947 Y45.938
G1 X78.189 Y46.292
G0 Z5.000 F500.000
G0 X78.574 Y47.500 F3000.000
G1 Z1.000 F500.000
G4 P100
G1 X78.423 Y47.345 F1000.000
G1 X78.311 Y46.869
G1 X78.276 Y45.564
G1 X78.243 Y46.211
G1 X78.326 Y46.562
G1 X79.414 Y46.499
G1 X79.729 Y47.449
G1 X79.414 Y46.499
G1 X79.431 Y45.861
G1 X79.604 Y45.623
G1 X80.079 Y45.708
G1 X80.454 Y46.055
G1 X80.664 Y46.453
G1 X81.347 Y46.757
G1 X81.808 Y46.751
G1 X81.945 Y46.668
G1 X81.914 Y46.223
G1 X81.707 Y45.815
G1 X81.428 Y45.620
G1 X81.096 Y45.589
G1 X80.805 Y45.732
G1 X80.614 Y46.014
G1 X80.553 Y46.433
G1 X80.635 Y46.876
G1 X80.836 Y47.197
G1 X81.138 Y47.382
G1 X81.406 Y47.407
G1 X81.625 Y47.298
G1 X81.977 Y46.524
G1 X82.375 Y46.516
G1 X82.783 Y46.636
G0 Z5.000 F500.000
G0 X84.505 Y46.795 F3000.000
G1 Z1.000 F500.000
G4 P100
G1 X84.595 Y47.088 F1000.000
G1 X84.481 Y47.349
G1 X84.213 Y47.425
G1 X83.923 Y47.317
G1 X83.629 Y46.912
G1 X83.480 Y46.250
G1 X82.977 Y46.062
G1 X82.943 Y45.637
G1 X82.915 Y46.764
G1 X83.044 Y47.326
G1 X83.221 Y47.515
G1 X83.047 Y47.333
G1 X82.924 Y46.822
G1 X82.879 Y46.357
G1 X82.977 Y46.062
G1 X83.480 Y46.250
G1 X83.834 Y45.721
G1 X84.343 Y45.579
G1 X84.792 Y45.804
G1 X85.145 Y46.294
G0 Z5.000 F500.000
G0 X77.630 Y48.355 F3000.000
G1 Z1.000 F500.000
G4 P100
G1 X77.647 Y48.421 F1000.000
G0 Z5.000 F500.000
G0 X76.607 Y48.421 F3000.000
G1 Z1.000 F500.000
G4 P100
G1 X76.602 Y48.369 F1000.000
G0 Z5.000 F500.000
G0 X86.871 Y47.515 F3000.000
G1 Z1.000 F500.000
G4 P100
G1 X86.694 Y47.325 F1000.000
G1 X86.557 Y46.710
G1 X86.637 Y46.138
G1 X86.591 Y45.630
G1 X86.637 Y46.138
G1 X86.916 Y46.308
G1 X87.299 Y46.971
G1 X87.621 Y47.199
G1 X87.835 Y47.223
G1 X87.888 Y47.133
G1 X87.781 Y45.986
G1 X87.890 Y45.665
G1 X88.165 Y45.601
G1 X88.441 Y45.690
G1 X88.811 Y46.021
G1 X88.949 Y46.292
G0 Z5.000 F500.000
G0 X88.995 Y46.184 F3000.000
G1 Z1.000 F500.000
G4 P100
G1 X89.682 Y46.382 F1000.000
G1 X90.063 Y46.722
G1 X90.133 Y46.990
G1 X90.074 Y47.236
G1 X89.916 Y47.381
G1 X89.666 Y47.426
G1 X89.253 Y47.243
G1 X88.982 Y46.790
G1 X88.939 Y46.334
G1 X89.018 Y45.969
G1 X89.165 Y45.762
G1 X89.572 Y45.578
G1 X90.093 Y45.616
G1 X90.672 Y45.938
G1 X90.914 Y46.292
G0 Z5.000 F500.000
G0 X91.997 Y45.833 F3000.000
G1 Z1.000 F500.000
G4 P100
G1 X92.310 Y46.600 F1000.000
G1 X92.255 Y47.221
G1 X92.081 Y47.383
G1 X91.852 Y47.412
G1 X91.111 Y47.061
G1 X91.072 Y47.400
G1 X91.054 Y46.324
G1 X90.955 Y45.921
G1 X91.094 Y45.569
G1 X90.883 Y44.087
G1 X90.631 Y43.422
G1 X90.436 Y43.306
G1 X90.224 Y43.344
G1 X90.063 Y43.678
G1 X90.096 Y44.268
G1 X90.326 Y45.085
G1 X90.660 Y45.780
G1 X90.955 Y45.921
G1 X91.094 Y45.569
G1 X91.187 Y45.556
G1 X91.542 Y45.593
G1 X91.997 Y45.833
G1 X92.246 Y45.621
G1 X92.572 Y45.606
G1 X93.024 Y45.864
G1 X93.323 Y46.304
G0 Z5.000 F500.000
G0 X93.365 Y46.184 F3000.000
G1 Z1.000 F500.000
G4 P100
G1 X94.052 Y46.382 F1000.000
G1 X94.433 Y46.722
G1 X94.503 Y46.990
G1 X94.444 Y47.236
G1 X94.286 Y47.381
G1 X94.036 Y47.426
G1 X93.623 Y47.243
G1 X93.352 Y46.790
G1 X93.309 Y46.334
G1 X93.388 Y45.969
G1 X93.535 Y45.762
G1 X93.942 Y45.578
G1 X94.463 Y45.616
G1 X95.042 Y45.938
G1 X95.284 Y46.292
G0 Z5.000 F500.000
G0 X95.686 Y47.515 F3000.000
G1 Z1.000 F500.000
G4 P100
G1 X95.509 Y47.325 F1000.000
G1 X95.372 Y46.710
G1 X95.452 Y46.138
G1 X95.406 Y45.630
G1 X95.452 Y46.138
G1 X95.731 Y46.308
G1 X96.114 Y46.971
G1 X96.436 Y47.199
G1 X96.650 Y47.223
G1 X96.703 Y47.133
G1 X96.596 Y45.986
G1 X96.705 Y45.665
G1 X96.980 Y45.601
G1 X97.256 Y45.690
G1 X97.626 Y46.021
G1 X97.764 Y46.292
G0 Z5.000 F500.000
G0 X98.847 Y45.833 F3000.000
G1 Z1.000 F500.000
G4 P100
G1 X99.160 Y46.600 F1000.000
G1 X99.105 Y47.221
G1 X98.931 Y47.383
G1 X98.702 Y47.412
G1 X97.961 Y47.061
G1 X97.922 Y47.400
G1 X97.904 Y46.324
G1 X97.805 Y45.921
G1 X97.944 Y45.569
G1 X97.733 Y44.087
G1 X97.481 Y43.422
G1 X97.286 Y43.306
G1 X97.074 Y43.344
G1 X96.913 Y43.678
G1 X96.946 Y44.268
G1 X97.176 Y45.085
G1 X97.510 Y45.780
G1 X97.805 Y45.921
G1 X97.944 Y45.569
G1 X98.037 Y45.556
G1 X98.392 Y45.593
G1 X98.847 Y45.833
G1 X99.096 Y45.621
G1 X99.422 Y45.606
G1 X99.874 Y45.864
G1 X100.173 Y46.304
G0 Z5.000 F500.000
G0 X102.769 Y47.429 F3000.000
G1 Z1.000 F500.000
G4 P100
G1 X102.427 Y46.570 F1000.000
G1 X101.721 Y46.196
G1 X101.784 Y46.245
G1 X101.616 Y46.255
G1 X101.575 Y46.559
G1 X101.447 Y46.722
G1 X101.128 Y46.772
G1 X100.742 Y46.621
G1 X100.354 Y47.007
G1 X100.443 Y47.348
G1 X100.596 Y47.483
G1 X100.432 Y47.321
G1 X100.307 Y46.579
G1 X100.370 Y46.478
G1 X100.742 Y46.621
G1 X100.323 Y46.505
G1 X100.259 Y46.154
G1 X100.363 Y45.850
G1 X100.698 Y45.606
G1 X101.162 Y45.616
G1 X101.490 Y45.828
G1 X101.721 Y46.196
G1 X102.427 Y46.570
G1 X102.606 Y45.724
G1 X102.863 Y45.587
G1 X103.088 Y45.641
G1 X103.403 Y45.874
G1 X103.665 Y46.231
G1 X103.610 Y47.175
G1 X103.769 Y47.371
G1 X104.160 Y47.486
G1 X104.617 Y47.384
G1 X104.727 Y47.074
G1 X104.556 Y46.792
G1 X103.777 Y46.244
G1 X103.690 Y45.931
G1 X103.809 Y45.674
G1 X104.260 Y45.543
G1 X104.830 Y45.626
G1 X105.348 Y45.937
G1 X105.585 Y46.297
G0 Z5.000 F500.000
G0 X105.996 Y47.505 F3000.000
G1 Z1.000 F500.000
G4 P100
G1 X105.818 Y47.301 F1000.000
G1 X105.645 Y46.424
G1 X105.652 Y45.979
G1 X105.808 Y45.712
G1 X106.074 Y45.767
G1 X106.397 Y46.149
G1 X106.684 Y46.270
G1 X106.958 Y47.303
G1 X107.082 Y47.473
G1 X106.958 Y47.303
G1 X106.684 Y46.270
G1 X106.828 Y45.700
G1 X107.060 Y45.603
G1 X107.360 Y45.678
G1 X107.759 Y46.030
G1 X107.888 Y46.289
G0 Z5.000 F500.000
G0 X109.412 Y46.524 F3000.000
G1 Z1.000 F500.000
G4 P100
G1 X109.096 Y47.266 F1000.000
G1 X108.701 Y47.506
G1 X108.733 Y47.735
G1 X109.162 Y48.542
G1 X109.297 Y49.103
G1 X109.232 Y49.627
G1 X109.104 Y49.762
G1 X108.924 Y49.787
G1 X108.711 Y49.682
G1 X108.529 Y49.435
G1 X108.182 Y48.412
G1 X108.029 Y47.458
G1 X108.064 Y47.083
G1 X108.372 Y47.167
G1 X108.714 Y47.449
G1 X108.372 Y47.167
G1 X108.064 Y47.083
G1 X107.995 Y46.497
G1 X108.089 Y45.979
G1 X108.384 Y45.640
G1 X108.819 Y45.605
G1 X109.214 Y45.915
G1 X109.412 Y46.524
G1 X110.208 Y46.624
G0 Z5.000 F500.000
G0 X111.423 Y46.028 F3000.000
G1 Z1.000 F500.000
G4 P100
G1 X111.638 Y47.207 F1000.000
G1 X111.142 Y47.432
G1 X110.688 Y47.177
G1 X110.361 Y46.688
G1 X110.255 Y46.059
G1 X110.434 Y45.664
G1 X110.858 Y45.603
G1 X111.423 Y46.028
G1 X111.652 Y45.656
G1 X111.943 Y45.611
G1 X112.369 Y45.914
G1 X112.605 Y46.294
G0 Z5.000 F500.000
G0 X112.650 Y46.184 F3000.000
G1 Z1.000 F500.000
G4 P100
G1 X113.337 Y46.382 F1000.000
G1 X113.718 Y46.722
G1 X113.788 Y46.990
G1 X113.729 Y47.236
G1 X113.571 Y47.381
G1 X113.321 Y47.426
G1 X112.908 Y47.243
G1 X112.637 Y46.790
G1 X112.594 Y46.334
G1 X112.673 Y45.969
G1 X112.820 Y45.762
G1 X113.227 Y45.578
G1 X113.748 Y45.616
G1 X114.327 Y45.938
G1 X114.569 Y46.292
G0 Z5.000 F500.000
G0 X114.971 Y47.515 F3000.000
G1 Z1.000 F500.000
G4 P100
G1 X114.795 Y47.325 F1000.000
G1 X114.662 Y46.727
G1 X114.691 Y45.630
G1 X114.734 Y46.148
G1 X115.038 Y46.346
G1 X115.432 Y47.043
G1 X115.772 Y47.218
G1 X115.916 Y47.205
G1 X115.959 Y46.984
G1 X115.928 Y45.615
G1 X115.999 Y46.175
G1 X116.271 Y46.342
G1 X116.639 Y46.971
G1 X116.947 Y47.193
G1 X117.229 Y47.157
G1 X117.121 Y45.989
G1 X117.226 Y45.666
G1 X117.502 Y45.601
G1 X117.776 Y45.688
G1 X118.150 Y46.024
G1 X118.289 Y46.294
G0 Z5.000 F500.000
G0 X119.267 Y45.796 F3000.000
G1 Z1.000 F500.000
G4 P100
G1 X119.866 Y46.541 F1000.000
G1 X120.276 Y47.562
G1 X120.427 Y47.690
G1 X120.831 Y47.343
G1 X121.427 Y47.234
G1 X121.767 Y47.471
G1 X121.427 Y47.234
G1 X121.320 Y47.004
G1 X120.694 Y46.365
G1 X120.601 Y45.958
G1 X120.760 Y45.658
G1 X121.171 Y45.542
G1 X121.677 Y45.644
G1 X122.184 Y45.960
G1 X122.397 Y46.301
G0 Z5.000 F500.000
G0 X122.435 Y46.184 F3000.000
G1 Z1.000 F500.000
G4 P100
G1 X123.122 Y46.382 F1000.000
G1 X123.503 Y46.722
G1 X123.573 Y46.990
G1 X123.514 Y47.236
G1 X123.356 Y47.381
G1 X123.106 Y47.426
G1 X122.693 Y47.243
G1 X122.422 Y46.790
G1 X122.379 Y46.334
G1 X122.458 Y45.969
G1 X122.605 Y45.762
G1 X123.012 Y45.578
G1 X123.533 Y45.616
G1 X124.112 Y45.938
G1 X124.354 Y46.292
G0 Z5.000 F500.000
G0 X125.437 Y45.833 F3000.000
G1 Z1.000 F500.000
G4 P100
G1 X125.750 Y46.600 F1000.000
G1 X125.695 Y47.221
G1 X125.521 Y47.383
G1 X125.292 Y47.412
G1 X124.551 Y47.061
G1 X124.512 Y47.400
G1 X124.494 Y46.324
G1 X124.395 Y45.921
G1 X124.534 Y45.569
G1 X124.323 Y44.087
G1 X124.071 Y43.422
G1 X123.876 Y43.306
G1 X123.664 Y43.344
G1 X123.503 Y43.678
G1 X123.536 Y44.268
G1 X123.766 Y45.085
G1 X124.100 Y45.780
G1 X124.395 Y45.921
G1 X124.534 Y45.569
G1 X124.627 Y45.556
G1 X124.982 Y45.593
G1 X125.437 Y45.833
G1 X125.686 Y45.621
G1 X126.012 Y45.606
G1 X126.464 Y45.864
G1 X126.763 Y46.304
G0 Z5.000 F500.000
G0 X126.805 Y46.184 F3000.000
G1 Z1.000 F500.000
G4 P100
G1 X127.530 Y46.402 F1000.000
G1 X127.901 Y46.781
G1 X127.939 Y47.071
G1 X127.827 Y47.311
G1 X127.594 Y47.421
G1 X127.296 Y47.388
G1 X126.878 Y46.999
G1 X126.744 Y46.363
G1 X126.943 Y45.793
G1 X127.192 Y45.630
G1 X127.521 Y45.565
G1 X128.086 Y45.687
G1 X128.626 Y46.082
G1 X128.724 Y46.292
G1 X128.715 Y47.107
G1 X128.868 Y47.304
G1 X129.466 Y47.494
G1 X129.739 Y47.454
G1 X129.915 Y47.316
G1 X129.973 Y46.983
G1 X129.823 Y46.646
G1 X128.805 Y46.016
G1 X129.500 Y45.396
G1 X129.555 Y44.772
G1 X129.440 Y44.229
G1 X129.208 Y43.733
G1 X128.915 Y43.400
G1 X128.629 Y43.301
G1 X128.368 Y43.397
G1 X128.273 Y43.659
G1 X128.334 Y44.062
G1 X128.555 Y44.471
G1 X129.104 Y45.038
G1 X129.471 Y45.186
G1 X129.500 Y45.396
G1 X130.764 Y46.218
G0 Z5.000 F500.000
G0 X20.459 Y36.273 F3000.000
G1 Z1.000 F500.000
G4 P100
G1 X20.306 Y36.034 F1000.000
G1 X20.334 Y35.687
G1 X20.505 Y35.520
G1 X20.779 Y35.535
G1 X21.064 Y35.799
G1 X21.523 Y36.761
G1 X21.912 Y37.183
G1 X21.846 Y37.027
G1 X21.987 Y36.717
G1 X22.056 Y35.700
G1 X22.222 Y35.521
G1 X22.541 Y35.514
G1 X22.874 Y35.742
G1 X23.171 Y36.195
G1 X23.277 Y36.087
G1 X23.712 Y36.186
G1 X24.285 Y36.534
G1 X24.406 Y36.797
G1 X24.387 Y37.073
G1 X24.243 Y37.259
G1 X23.993 Y37.330
G1 X23.563 Y37.170
G1 X23.275 Y36.728
G1 X23.219 Y36.251
G1 X23.436 Y35.675
G1 X23.847 Y35.482
G1 X24.368 Y35.517
G1 X24.948 Y35.837
G1 X25.196 Y36.195
G0 Z5.000 F500.000
G0 X25.582 Y37.403 F3000.000
G1 Z1.000 F500.000
G4 P100
G1 X25.431 Y37.248 F1000.000
G1 X25.319 Y36.772
G1 X25.284 Y35.467
G1 X25.251 Y36.114
G1 X25.333 Y36.465
G1 X26.421 Y36.402
G1 X26.736 Y37.352
G1 X26.421 Y36.402
G1 X26.507 Y35.587
G1 X26.765 Y35.504
G1 X27.049 Y35.588
G1 X27.438 Y35.930
G1 X27.571 Y36.195
G0 Z5.000 F500.000
G0 X27.988 Y37.408 F3000.000
G1 Z1.000 F500.000
G4 P100
G1 X27.810 Y37.204 F1000.000
G1 X27.637 Y36.327
G1 X27.644 Y35.882
G1 X27.800 Y35.615
G1 X28.067 Y35.670
G1 X28.389 Y36.052
G1 X28.677 Y36.173
G1 X28.950 Y37.206
G1 X29.075 Y37.376
G1 X28.950 Y37.206
G1 X28.677 Y36.173
G1 X28.820 Y35.603
G1 X29.052 Y35.506
G1 X29.352 Y35.581
G1 X29.751 Y35.933
G1 X29.880 Y36.192
G0 Z5.000 F500.000
G0 X31.404 Y36.427 F3000.000
G1 Z1.000 F500.000
G4 P100
G1 X31.088 Y37.169 F1000.000
G1 X30.694 Y37.409
G1 X30.725 Y37.638
G1 X31.154 Y38.445
G1 X31.289 Y39.006
G1 X31.225 Y39.530
G1 X31.096 Y39.665
G1 X30.917 Y39.690
G1 X30.703 Y39.585
G1 X30.521 Y39.338
G1 X30.174 Y38.315
G1 X30.022 Y37.361
G1 X30.057 Y36.986
G1 X30.364 Y37.070
G1 X30.706 Y37.352
G1 X30.364 Y37.070
G1 X30.057 Y36.986
G1 X29.987 Y36.400
G1 X30.081 Y35.882
G1 X30.376 Y35.543
G1 X30.812 Y35.508
G1 X31.206 Y35.818
G1 X31.404 Y36.427
G1 X32.200 Y36.527
G0 Z5.000 F500.000
G0 X32.636 Y37.386 F3000.000
G1 Z1.000 F500.000
G4 P100
G1 X32.472 Y37.164 F1000.000
G1 X32.301 Y36.198
G1 X32.345 Y35.801
G1 X32.535 Y35.597
G1 X32.785 Y35.691
G1 X33.093 Y36.076
G1 X33.386 Y36.204
G1 X33.740 Y37.367
G1 X33.386 Y36.204
G1 X33.464 Y35.523
G1 X33.191 Y34.959
G1 X33.210 Y34.629
G1 X32.986 Y33.900
G1 X32.604 Y33.303
G1 X32.369 Y33.211
G1 X32.137 Y33.267
G1 X32.003 Y33.451
G1 X31.997 Y33.736
G1 X32.329 Y34.370
G1 X32.856 Y34.878
G1 X33.191 Y34.959
G1 X33.464 Y35.523
G1 X33.841 Y35.609
G1 X34.514 Y36.134
G0 Z5.000 F500.000
G0 X34.729 Y35.467 F3000.000
G1 Z1.000 F500.000
G4 P100
G1 X34.696 Y36.139 F1000.000
G1 X34.782 Y36.468
G1 X35.713 Y36.414
G1 X35.953 Y36.999
G1 X36.332 Y37.284
G1 X36.613 Y37.308
G1 X36.825 Y37.204
G1 X37.180 Y36.424
G1 X37.631 Y36.426
G1 X37.991 Y36.538
G1 X37.631 Y36.426
G1 X37.180 Y36.424
G1 X37.062 Y35.965
G1 X36.868 Y35.675
G1 X36.568 Y35.503
G1 X36.235 Y35.508
G1 X35.872 Y35.798
G1 X35.713 Y36.414
G1 X34.782 Y36.468
G1 X34.856 Y37.193
G1 X35.044 Y37.418
G0 Z5.000 F500.000
G0 X40.371 Y36.717 F3000.000
G1 Z1.000 F500.000
G4 P100
G1 X40.436 Y37.063 F1000.000
G1 X40.281 Y37.284
G1 X39.829 Y37.257
G1 X39.546 Y36.990
G1 X39.354 Y36.212
G1 X39.448 Y35.824
G1 X39.654 Y35.591
G1 X40.039 Y35.492
G1 X40.567 Y35.592
G1 X41.027 Y35.912
G1 X41.196 Y36.229
G0 Z5.000 F500.000
G0 X42.599 Y36.427 F3000.000
G1 Z1.000 F500.000
G4 P100
G1 X42.416 Y35.836 F1000.000
G1 X42.058 Y35.526
G1 X41.580 Y35.536
G1 X41.242 Y35.904
G1 X41.176 Y36.336
G1 X41.260 Y36.786
G1 X41.469 Y37.110
G1 X41.774 Y37.290
G1 X42.036 Y37.309
G1 X42.247 Y37.201
G1 X42.599 Y36.427
G1 X42.997 Y36.419
G1 X43.405 Y36.539
G0 Z5.000 F500.000
G0 X45.062 Y39.486 F3000.000
G1 Z1.000 F500.000
G4 P100
G1 X44.067 Y39.184 F1000.000
G1 X43.825 Y38.877
G1 X43.932 Y38.512
G1 X44.726 Y37.489
G1 X44.762 Y36.753
G1 X44.881 Y36.441
G1 X44.716 Y36.020
G1 X44.455 Y35.652
G1 X44.102 Y35.490
G1 X43.720 Y35.564
G1 X43.502 Y35.863
G1 X43.463 Y36.300
G1 X43.552 Y36.735
G1 X43.756 Y37.063
G1 X44.042 Y37.246
G1 X44.725 Y37.171
G1 X44.881 Y36.441
G1 X45.310 Y36.410
G1 X45.780 Y36.551
G0 Z5.000 F500.000
G0 X46.975 Y35.931 F3000.000
G1 Z1.000 F500.000
G4 P100
G1 X47.190 Y37.110 F1000.000
G1 X46.695 Y37.335
G1 X46.240 Y37.080
G1 X45.913 Y36.591
G1 X45.807 Y35.962
G1 X45.986 Y35.567
G1 X46.411 Y35.506
G1 X46.975 Y35.931
G1 X47.205 Y35.559
G1 X47.496 Y35.514
G1 X47.921 Y35.817
G1 X48.157 Y36.197
G0 Z5.000 F500.000
G0 X49.843 Y36.698 F3000.000
G1 Z1.000 F500.000
G4 P100
G1 X49.933 Y36.991 F1000.000
G1 X49.818 Y37.252
G1 X49.550 Y37.328
G1 X49.260 Y37.220
G1 X48.966 Y36.815
G1 X48.817 Y36.153
G1 X48.315 Y35.965
G1 X48.280 Y35.540
G1 X48.252 Y36.667
G1 X48.382 Y37.229
G1 X48.559 Y37.418
G1 X48.385 Y37.236
G1 X48.261 Y36.725
G1 X48.217 Y36.260
G1 X48.315 Y35.965
G1 X48.817 Y36.153
G1 X49.171 Y35.624
G1 X49.680 Y35.482
G1 X50.130 Y35.707
G1 X50.483 Y36.197
G0 Z5.000 F500.000
G0 X50.871 Y37.386 F3000.000
G1 Z1.000 F500.000
G4 P100
G1 X50.707 Y37.164 F1000.000
G1 X50.536 Y36.198
G1 X50.580 Y35.801
G1 X50.770 Y35.597
G1 X51.020 Y35.691
G1 X51.328 Y36.076
G1 X51.621 Y36.204
G1 X51.975 Y37.367
G1 X51.621 Y36.204
G1 X51.699 Y35.523
G1 X51.426 Y34.959
G1 X51.445 Y34.629
G1 X51.221 Y33.900
G1 X50.839 Y33.303
G1 X50.604 Y33.211
G1 X50.372 Y33.267
G1 X50.238 Y33.451
G1 X50.232 Y33.736
G1 X50.564 Y34.370
G1 X51.091 Y34.878
G1 X51.426 Y34.959
G1 X51.699 Y35.523
G1 X52.076 Y35.609
G1 X52.749 Y36.134
G0 Z5.000 F500.000
G0 X52.978 Y35.670 F3000.000
G1 Z1.000 F500.000
G4 P100
G1 X53.015 Y35.706 F1000.000
G0 Z5.000 F500.000
G0 X56.467 Y35.584 F3000.000
G1 Z1.000 F500.000
G4 P100
G1 X57.003 Y38.888 F1000.000
G1 X56.914 Y39.074
G1 X56.483 Y39.097
G1 X55.921 Y38.937
G1 X55.596 Y38.694
G1 X55.471 Y38.329
G1 X55.566 Y37.938
G1 X55.471 Y38.277
G1 X55.551 Y38.628
G1 X55.805 Y38.876
G1 X56.218 Y39.038
G1 X56.685 Y39.116
G1 X56.992 Y39.034
G1 X57.262 Y39.160
G1 X57.744 Y39.181
G1 X58.577 Y39.162
G1 X58.894 Y39.037
G1 X59.219 Y39.111
G1 X59.822 Y39.034
G1 X59.219 Y39.111
G1 X58.894 Y39.037
G1 X58.418 Y36.131
G1 X58.608 Y35.671
G1 X59.078 Y35.521
G1 X59.574 Y35.712
G1 X59.946 Y36.195
G0 Z5.000 F500.000
G0 X59.992 Y36.087 F3000.000
G1 Z1.000 F500.000
G4 P100
G1 X60.679 Y36.285 F1000.000
G1 X61.060 Y36.625
G1 X61.131 Y36.893
G1 X61.071 Y37.139
G1 X60.914 Y37.284
G1 X60.664 Y37.329
G1 X60.251 Y37.146
G1 X59.979 Y36.693
G1 X59.936 Y36.237
G1 X60.015 Y35.872
G1 X60.162 Y35.665
G1 X60.570 Y35.481
G1 X61.090 Y35.519
G1 X61.669 Y35.841
G1 X61.911 Y36.195
G0 Z5.000 F500.000
G0 X62.995 Y35.736 F3000.000
G1 Z1.000 F500.000
G4 P100
G1 X63.308 Y36.503 F1000.000
G1 X63.252 Y37.124
G1 X63.078 Y37.286
G1 X62.849 Y37.315
G1 X62.109 Y36.964
G1 X62.070 Y37.303
G1 X62.051 Y36.227
G1 X61.952 Y35.824
G1 X62.092 Y35.472
G1 X61.880 Y33.990
G1 X61.628 Y33.325
G1 X61.433 Y33.209
G1 X61.221 Y33.247
G1 X61.057 Y33.603
G1 X61.107 Y34.243
G1 X61.497 Y35.424
G1 X61.727 Y35.736
G1 X61.952 Y35.824
G1 X62.155 Y35.462
G1 X62.525 Y35.492
G1 X62.995 Y35.736
G1 X63.250 Y35.522
G1 X63.598 Y35.516
G1 X64.075 Y35.818
G1 X64.418 Y36.368
G1 X64.602 Y36.501
G1 X65.099 Y36.665
G1 X65.560 Y36.655
G1 X65.729 Y36.427
G1 X65.662 Y36.112
G1 X65.501 Y35.769
G1 X65.242 Y35.549
G1 X64.935 Y35.482
G1 X64.646 Y35.570
G1 X64.426 Y35.792
G1 X64.318 Y36.117
G1 X64.325 Y36.547
G1 X64.449 Y36.912
G1 X64.676 Y37.176
G1 X64.983 Y37.308
G1 X65.392 Y37.185
G1 X65.729 Y36.427
G1 X66.127 Y36.419
G1 X66.535 Y36.539
G0 Z5.000 F500.000
G0 X67.881 Y36.139 F3000.000
G1 Z1.000 F500.000
G4 P100
G1 X67.791 Y35.837 F1000.000
G1 X67.891 Y35.587
G1 X68.161 Y35.491
G1 X68.445 Y35.588
G1 X68.712 Y35.950
G1 X68.904 Y36.600
G1 X68.597 Y37.248
G1 X68.342 Y37.306
G1 X68.131 Y37.164
G1 X68.079 Y36.983
G1 X68.251 Y37.276
G1 X68.597 Y37.248
G1 X68.904 Y36.600
G1 X69.302 Y36.690
G1 X69.422 Y37.270
G1 X69.558 Y37.408
G1 X69.422 Y37.270
G1 X69.302 Y36.690
G1 X69.400 Y36.012
G1 X69.305 Y35.450
G1 X69.400 Y36.012
G1 X69.847 Y36.253
G1 X70.053 Y36.958
G1 X70.422 Y37.304
G1 X70.819 Y37.252
G1 X70.926 Y36.882
G1 X70.865 Y36.720
G1 X70.912 Y37.108
G1 X70.662 Y37.323
G1 X70.355 Y37.276
G1 X70.098 Y37.033
G1 X69.847 Y36.253
G1 X70.130 Y35.682
G1 X70.462 Y35.492
G1 X70.844 Y35.522
G1 X71.298 Y35.874
G1 X71.482 Y36.200
G0 Z5.000 F500.000
G0 X71.527 Y36.087 F3000.000
G1 Z1.000 F500.000
G4 P100
G1 X72.214 Y36.285 F1000.000
G1 X72.595 Y36.625
G1 X72.666 Y36.893
G1 X72.606 Y37.139
G1 X72.449 Y37.284
G1 X72.199 Y37.329
G1 X71.786 Y37.146
G1 X71.514 Y36.693
G1 X71.471 Y36.237
G1 X71.550 Y35.872
G1 X71.697 Y35.665
G1 X72.105 Y35.481
G1 X72.625 Y35.519
G1 X73.204 Y35.841
G1 X73.446 Y36.195
G0 Z5.000 F500.000
G0 X73.419 Y36.273 F3000.000
G1 Z1.000 F500.000
G4 P100
G1 X73.266 Y36.034 F1000.000
G1 X73.294 Y35.687
G1 X73.465 Y35.520
G1 X73.739 Y35.535
G1 X74.024 Y35.799
G1 X74.483 Y36.761
G1 X74.872 Y37.183
G1 X74.806 Y37.027
G1 X74.949 Y36.702
G1 X74.956 Y35.943
G1 X75.106 Y35.562
G1 X75.363 Y35.491
G1 X75.646 Y35.580
G1 X76.014 Y35.946
G1 X76.131 Y36.195
G0 Z5.000 F500.000
G0 X77.360 Y35.931 F3000.000
G1 Z1.000 F500.000
G4 P100
G1 X77.575 Y37.110 F1000.000
G1 X77.080 Y37.335
G1 X76.625 Y37.080
G1 X76.298 Y36.591
G1 X76.192 Y35.962
G1 X76.371 Y35.567
G1 X76.796 Y35.506
G1 X77.360 Y35.931
G1 X77.590 Y35.559
G1 X77.881 Y35.514
G1 X78.306 Y35.817
G1 X78.542 Y36.197
G0 Z5.000 F500.000
G0 X78.944 Y37.418 F3000.000
G1 Z1.000 F500.000
G4 P100
G1 X78.768 Y37.228 F1000.000
G1 X78.634 Y36.630
G1 X78.663 Y35.533
G1 X78.707 Y36.051
G1 X79.010 Y36.249
G1 X79.405 Y36.946
G1 X79.744 Y37.121
G1 X79.888 Y37.108
G1 X79.932 Y36.887
G1 X79.901 Y35.518
G1 X79.972 Y36.078
G1 X80.243 Y36.245
G1 X80.612 Y36.874
G1 X80.920 Y37.096
G1 X81.201 Y37.060
G1 X81.093 Y35.892
G1 X81.199 Y35.569
G1 X81.474 Y35.504
G1 X81.748 Y35.591
G1 X82.122 Y35.927
G1 X82.262 Y36.197
G0 Z5.000 F500.000
G0 X82.307 Y36.087 F3000.000
G1 Z1.000 F500.000
G4 P100
G1 X82.994 Y36.285 F1000.000
G1 X83.375 Y36.625
G1 X83.446 Y36.893
G1 X83.386 Y37.139
G1 X83.229 Y37.284
G1 X82.979 Y37.329
G1 X82.566 Y37.146
G1 X82.294 Y36.693
G1 X82.251 Y36.237
G1 X82.330 Y35.872
G1 X82.477 Y35.665
G1 X82.885 Y35.481
G1 X83.405 Y35.519
G1 X83.984 Y35.841
G1 X84.226 Y36.195
G0 Z5.000 F500.000
G0 X84.199 Y36.273 F3000.000
G1 Z1.000 F500.000
G4 P100
G1 X84.046 Y36.034 F1000.000
G1 X84.074 Y35.687
G1 X84.245 Y35.520
G1 X84.519 Y35.535
G1 X84.804 Y35.799
G1 X85.263 Y36.761
G1 X85.652 Y37.183
G1 X85.586 Y37.027
G1 X85.729 Y36.702
G1 X85.736 Y35.943
G1 X85.886 Y35.562
G1 X86.143 Y35.491
G1 X86.426 Y35.580
G1 X86.794 Y35.946
G1 X86.911 Y36.195
G0 Z5.000 F500.000
G0 X88.340 Y35.667 F3000.000
G1 Z1.000 F500.000
G4 P100
G1 X88.482 Y36.205 F1000.000
G1 X88.410 Y36.471
G1 X88.142 Y36.666
G1 X87.829 Y36.656
G1 X87.547 Y36.522
G1 X87.355 Y36.691
G1 X87.154 Y36.915
G1 X87.245 Y37.251
G1 X87.398 Y37.386
G1 X87.234 Y37.224
G1 X87.109 Y36.483
G1 X87.186 Y36.367
G1 X87.547 Y36.522
G1 X87.186 Y36.367
G1 X87.130 Y36.414
G1 X87.055 Y36.144
G1 X87.143 Y35.793
G1 X87.366 Y35.567
G1 X87.744 Y35.468
G1 X88.308 Y35.688
G1 X88.547 Y35.511
G1 X88.865 Y35.524
G1 X89.295 Y35.802
G1 X89.556 Y36.195
G0 Z5.000 F500.000
G0 X89.942 Y37.403 F3000.000
G1 Z1.000 F500.000
G4 P100
G1 X89.791 Y37.248 F1000.000
G1 X89.679 Y36.772
G1 X89.644 Y35.467
G1 X89.611 Y36.114
G1 X89.693 Y36.465
G1 X90.781 Y36.402
G1 X91.096 Y37.352
G1 X90.781 Y36.402
G1 X90.798 Y35.764
G1 X90.971 Y35.526
G1 X91.446 Y35.611
G1 X91.821 Y35.958
G1 X92.031 Y36.356
G1 X92.715 Y36.660
G1 X93.175 Y36.654
G1 X93.312 Y36.571
G1 X93.281 Y36.126
G1 X93.075 Y35.718
G1 X92.796 Y35.523
G1 X92.463 Y35.492
G1 X92.172 Y35.635
G1 X91.982 Y35.917
G1 X91.921 Y36.336
G1 X92.002 Y36.779
G1 X92.203 Y37.100
G1 X92.505 Y37.285
G1 X92.774 Y37.310
G1 X92.992 Y37.201
G1 X93.344 Y36.427
G1 X93.742 Y36.419
G1 X94.150 Y36.539
G0 Z5.000 F500.000
G0 X95.897 Y37.403 F3000.000
G1 Z1.000 F500.000
G4 P100
G1 X95.746 Y37.248 F1000.000
G1 X95.634 Y36.772
G1 X95.599 Y35.467
G1 X95.566 Y36.114
G1 X95.648 Y36.465
G1 X96.736 Y36.402
G1 X97.051 Y37.352
G1 X96.736 Y36.402
G1 X96.822 Y35.587
G1 X97.080 Y35.504
G1 X97.364 Y35.588
G1 X97.753 Y35.930
G1 X97.886 Y36.195
G0 Z5.000 F500.000
G0 X97.932 Y36.087 F3000.000
G1 Z1.000 F500.000
G4 P100
G1 X98.619 Y36.285 F1000.000
G1 X99.000 Y36.625
G1 X99.071 Y36.893
G1 X99.011 Y37.139
G1 X98.854 Y37.284
G1 X98.604 Y37.329
G1 X98.191 Y37.146
G1 X97.919 Y36.693
G1 X97.876 Y36.237
G1 X97.955 Y35.872
G1 X98.102 Y35.665
G1 X98.510 Y35.481
G1 X99.030 Y35.519
G1 X99.609 Y35.841
G1 X99.851 Y36.195
G0 Z5.000 F500.000
G0 X101.579 Y37.418 F3000.000
G1 Z1.000 F500.000
G4 P100
G1 X101.402 Y37.228 F1000.000
G1 X101.264 Y36.613
G1 X101.344 Y36.041
G1 X101.298 Y35.533
G1 X101.344 Y36.041
G1 X101.647 Y36.239
G1 X102.069 Y36.946
G1 X102.364 Y37.111
G1 X102.589 Y37.066
G1 X102.494 Y35.793
G1 X102.570 Y35.591
G1 X102.763 Y35.510
G1 X103.191 Y35.620
G1 X103.546 Y35.958
G1 X103.755 Y36.357
G1 X104.439 Y36.660
G1 X104.900 Y36.654
G1 X105.037 Y36.571
G1 X105.012 Y36.147
G1 X104.814 Y35.735
G1 X104.541 Y35.531
G1 X104.203 Y35.489
G1 X103.909 Y35.626
G1 X103.712 Y35.904
G1 X103.645 Y36.321
G1 X103.724 Y36.773
G1 X103.923 Y37.095
G1 X104.223 Y37.283
G1 X104.492 Y37.311
G1 X104.712 Y37.206
G1 X105.069 Y36.427
G1 X105.467 Y36.419
G1 X105.875 Y36.539
G0 Z5.000 F500.000
G0 X106.865 Y34.957 F3000.000
G1 Z1.000 F500.000
G4 P100
G1 X106.861 Y34.540 F1000.000
G1 X106.485 Y33.543
G1 X106.174 Y33.243
G1 X105.814 Y33.266
G1 X105.660 Y33.595
G1 X105.820 Y34.106
G1 X106.485 Y34.840
G1 X106.865 Y34.957
G1 X107.124 Y35.516
G1 X107.017 Y35.738
G1 X107.290 Y37.084
G1 X106.850 Y37.346
G1 X106.529 Y37.223
G1 X106.240 Y36.967
G1 X106.005 Y36.556
G1 X105.911 Y36.084
G1 X105.966 Y35.733
G1 X106.180 Y35.513
G1 X106.456 Y35.496
G1 X107.017 Y35.738
G1 X107.127 Y35.523
G1 X107.373 Y35.546
G1 X108.179 Y36.134
G0 Z5.000 F500.000
G0 X108.692 Y37.403 F3000.000
G1 Z1.000 F500.000
G4 P100
G1 X108.541 Y37.248 F1000.000
G1 X108.429 Y36.772
G1 X108.394 Y35.467
G1 X108.361 Y36.114
G1 X108.443 Y36.465
G1 X109.531 Y36.402
G1 X109.846 Y37.352
G1 X109.531 Y36.402
G1 X109.617 Y35.587
G1 X109.875 Y35.504
G1 X110.159 Y35.588
G1 X110.548 Y35.930
G1 X110.681 Y36.195
G0 Z5.000 F500.000
G0 X111.098 Y37.408 F3000.000
G1 Z1.000 F500.000
G4 P100
G1 X110.920 Y37.204 F1000.000
G1 X110.747 Y36.327
G1 X110.754 Y35.882
G1 X110.910 Y35.615
G1 X111.177 Y35.670
G1 X111.499 Y36.052
G1 X111.787 Y36.173
G1 X112.060 Y37.206
G1 X112.185 Y37.376
G1 X112.060 Y37.206
G1 X111.787 Y36.173
G1 X111.930 Y35.603
G1 X112.162 Y35.506
G1 X112.462 Y35.581
G1 X112.861 Y35.933
G1 X112.990 Y36.192
G0 Z5.000 F500.000
G0 X112.947 Y36.268 F3000.000
G1 Z1.000 F500.000
G4 P100
G1 X112.812 Y36.002 F1000.000
G1 X112.858 Y35.656
G1 X113.045 Y35.510
G1 X113.318 Y35.544
G1 X113.578 Y35.823
G1 X113.947 Y36.849
G1 X114.263 Y37.266
G1 X114.183 Y37.118
G1 X114.359 Y36.805
G1 X114.382 Y36.172
G1 X114.553 Y35.865
G1 X114.524 Y35.492
G1 X114.553 Y35.865
G1 X114.791 Y36.087
G1 X115.188 Y36.973
G1 X115.449 Y37.170
G1 X115.623 Y36.905
G1 X115.581 Y35.956
G1 X115.718 Y35.550
G1 X115.979 Y35.498
G1 X116.239 Y35.604
G1 X116.566 Y35.936
G1 X116.672 Y36.222
G0 Z5.000 F500.000
G0 X117.830 Y35.931 F3000.000
G1 Z1.000 F500.000
G4 P100
G1 X118.045 Y37.110 F1000.000
G1 X117.550 Y37.335
G1 X117.095 Y37.080
G1 X116.768 Y36.591
G1 X116.662 Y35.962
G1 X116.841 Y35.567
G1 X117.266 Y35.506
G1 X117.830 Y35.931
G1 X118.060 Y35.559
G1 X118.351 Y35.514
G1 X118.776 Y35.817
G1 X119.012 Y36.197
G0 Z5.000 F500.000
G0 X119.414 Y37.418 F3000.000
G1 Z1.000 F500.000
G4 P100
G1 X119.238 Y37.228 F1000.000
G1 X119.104 Y36.630
G1 X119.133 Y35.533
G1 X119.177 Y36.051
G1 X119.480 Y36.249
G1 X119.875 Y36.946
G1 X120.214 Y37.121
G1 X120.358 Y37.108
G1 X120.402 Y36.887
G1 X120.371 Y35.518
G1 X120.442 Y36.078
G1 X120.713 Y36.245
G1 X121.082 Y36.874
G1 X121.390 Y37.096
G1 X121.671 Y37.060
G1 X121.563 Y35.892
G1 X121.669 Y35.569
G1 X121.944 Y35.504
G1 X122.218 Y35.591
G1 X122.592 Y35.927
G1 X122.732 Y36.197
G0 Z5.000 F500.000
G0 X124.100 Y35.667 F3000.000
G1 Z1.000 F500.000
G4 P100
G1 X124.242 Y36.205 F1000.000
G1 X124.170 Y36.471
G1 X123.902 Y36.666
G1 X123.589 Y36.656
G1 X123.307 Y36.522
G1 X123.115 Y36.691
G1 X122.914 Y36.915
G1 X123.005 Y37.251
G1 X123.158 Y37.386
G1 X122.994 Y37.224
G1 X122.869 Y36.483
G1 X122.946 Y36.367
G1 X123.307 Y36.522
G1 X122.946 Y36.367
G1 X122.890 Y36.414
G1 X122.815 Y36.144
G1 X122.903 Y35.793
G1 X123.126 Y35.567
G1 X123.504 Y35.468
G1 X124.068 Y35.688
G1 X124.307 Y35.511
G1 X124.625 Y35.524
G1 X125.055 Y35.802
G1 X125.316 Y36.195
G0 Z5.000 F500.000
G0 X128.164 Y36.427 F3000.000
G1 Z1.000 F500.000
G4 P100
G1 X127.848 Y37.169 F1000.000
G1 X127.454 Y37.409
G1 X127.485 Y37.638
G1 X127.914 Y38.445
G1 X128.049 Y39.006
G1 X127.985 Y39.530
G1 X127.856 Y39.665
G1 X127.677 Y39.690
G1 X127.463 Y39.585
G1 X127.281 Y39.338
G1 X126.934 Y38.315
G1 X126.782 Y37.361
G1 X126.817 Y36.986
G1 X127.124 Y37.070
G1 X127.466 Y37.352
G1 X127.124 Y37.070
G1 X126.817 Y36.986
G1 X126.747 Y36.400
G1 X126.841 Y35.882
G1 X127.136 Y35.543
G1 X127.572 Y35.508
G1 X127.966 Y35.818
G1 X128.164 Y36.427
G1 X128.960 Y36.527
G0 Z5.000 F500.000
G0 X129.392 Y37.403 F3000.000
G1 Z1.000 F500.000
G4 P100
G1 X129.241 Y37.248 F1000.000
G1 X129.129 Y36.772
G1 X129.094 Y35.467
G1 X129.061 Y36.114
G1 X129.143 Y36.465
G1 X130.231 Y36.402
G1 X130.546 Y37.352
G1 X130.231 Y36.402
G1 X130.317 Y35.587
G1 X130.575 Y35.504
G1 X130.859 Y35.588
G1 X131.248 Y35.930
G1 X131.381 Y36.195
G0 Z5.000 F500.000
G0 X131.771 Y37.386 F3000.000
G1 Z1.000 F500.000
G4 P100
G1 X131.607 Y37.164 F1000.000
G1 X131.436 Y36.198
G1 X131.480 Y35.801
G1 X131.670 Y35.597
G1 X131.920 Y35.691
G1 X132.228 Y36.076
G1 X132.521 Y36.204
G1 X132.875 Y37.367
G1 X132.521 Y36.204
G1 X132.599 Y35.523
G1 X132.326 Y34.959
G1 X132.345 Y34.629
G1 X132.121 Y33.900
G1 X131.739 Y33.303
G1 X131.504 Y33.211
G1 X131.272 Y33.267
G1 X131.138 Y33.451
G1 X131.132 Y33.736
G1 X131.464 Y34.370
G1 X131.991 Y34.878
G1 X132.326 Y34.959
G1 X132.599 Y35.523
G1 X132.976 Y35.609
G1 X133.649 Y36.134
G0 Z5.000 F500.000
G0 X134.179 Y37.418 F3000.000
G1 Z1.000 F500.000
G4 P100
G1 X134.003 Y37.228 F1000.000
G1 X133.869 Y36.630
G1 X133.898 Y35.533
G1 X133.942 Y36.051
G1 X134.245 Y36.249
G1 X134.640 Y36.946
G1 X134.979 Y37.121
G1 X135.123 Y37.108
G1 X135.167 Y36.887
G1 X135.136 Y35.518
G1 X135.207 Y36.078
G1 X135.478 Y36.245
G1 X135.847 Y36.874
G1 X136.155 Y37.096
G1 X136.436 Y37.060
G1 X136.328 Y35.892
G1 X136.434 Y35.569
G1 X136.709 Y35.504
G1 X136.983 Y35.591
G1 X137.357 Y35.927
G1 X137.497 Y36.197
G0 Z5.000 F500.000
G0 X138.580 Y35.736 F3000.000
G1 Z1.000 F500.000
G4 P100
G1 X138.893 Y36.503 F1000.000
G1 X138.837 Y37.124
G1 X138.663 Y37.286
G1 X138.434 Y37.315
G1 X137.694 Y36.964
G1 X137.655 Y37.303
G1 X137.636 Y36.227
G1 X137.537 Y35.824
G1 X137.677 Y35.472
G1 X137.465 Y33.990
G1 X137.213 Y33.325
G1 X137.018 Y33.209
G1 X136.806 Y33.247
G1 X136.645 Y33.581
G1 X136.678 Y34.171
G1 X136.909 Y34.988
G1 X137.243 Y35.683
G1 X137.537 Y35.824
G1 X137.677 Y35.472
G1 X137.769 Y35.459
G1 X138.124 Y35.496
G1 X138.580 Y35.736
G1 X138.828 Y35.524
G1 X139.154 Y35.509
G1 X139.606 Y35.767
G1 X139.906 Y36.207
G0 Z5.000 F500.000
G0 X140.318 Y37.408 F3000.000
G1 Z1.000 F500.000
G4 P100
G1 X140.140 Y37.204 F1000.000
G1 X139.967 Y36.327
G1 X139.974 Y35.882
G1 X140.130 Y35.615
G1 X140.397 Y35.670
G1 X140.719 Y36.052
G1 X141.007 Y36.173
G1 X141.280 Y37.206
G1 X141.405 Y37.376
G1 X141.280 Y37.206
G1 X141.007 Y36.173
G1 X141.150 Y35.603
G1 X141.382 Y35.506
G1 X141.682 Y35.581
G1 X142.081 Y35.933
G1 X142.210 Y36.192
G0 Z5.000 F500.000
G0 X84.980 Y15.630 F3000.000
G1 Z1.000 F500.000
G4 P100
G1 X85.389 Y16.072 F1000.000
G1 X85.410 Y16.404
G1 X85.089 Y16.626
G1 X84.559 Y16.577
G1 X84.349 Y16.406
G1 X84.279 Y16.161
G1 X84.578 Y15.698
G1 X84.209 Y15.314
G1 X84.127 Y15.073
G1 X84.240 Y14.819
G1 X84.548 Y14.687
G1 X85.133 Y14.757
G1 X85.314 Y14.911
G1 X85.384 Y15.114
G1 X85.307 Y15.347
G1 X84.980 Y15.630
G1 X84.578 Y15.698
G0 Z5.000 F500.000
G0 X83.017 Y14.765 F3000.000
G1 Z1.000 F500.000
G4 P100
G1 X83.260 Y16.434 F1000.000
G1 X83.191 Y16.542
G1 X82.654 Y16.423
G0 Z5.000 F500.000
G0 X84.000 Y118.859 F3000.000
G1 Z1.000 F500.000
G4 P100
G1 X113.987 Y118.859 F1000.000
G0 Z5.000 F500.000
G0 X113.987 Y118.859 F3000.000
G1 Z1.000 F500.000
G4 P100
G1 X143.974 Y118.859 F1000.000
G0 Z5.000 F500.000
G0 X143.974 Y184.624 F3000.000
G1 Z1.000 F500.000
G4 P100
G1 X143.974 Y118.859 F1000.000
G0 Z5.000 F500.000
G0 X113.987 Y184.624 F3000.000
G1 Z1.000 F500.000
G4 P100
G1 X113.987 Y118.859 F1000.000
G0 Z5.000 F500.000
G0 X54.013 Y118.859 F3000.000
G1 Z1.000 F500.000
G4 P100
G1 X84.000 Y118.859 F1000.000
G0 Z5.000 F500.000
G0 X24.026 Y118.859 F3000.000
G1 Z1.000 F500.000
G4 P100
G1 X54.013 Y118.859 F1000.000
G0 Z5.000 F500.000
G0 X54.013 Y184.624 F3000.000
G1 Z1.000 F500.000
G4 P100
G1 X54.013 Y118.859 F1000.000
G0 Z5.000 F500.000
G0 X54.013 Y184.624 F3000.000
G1 Z1.000 F500.000
G4 P100
G1 X84.000 Y184.624 F1000.000
G0 Z5.000 F500.000
G0 X84.000 Y184.624 F3000.000
G1 Z1.000 F500.000
G4 P100
G1 X84.000 Y118.859 F1000.000
G0 Z5.000 F500.000
G0 X84.000 Y184.624 F3000.000
G1 Z1.000 F500.000
G4 P100
G1 X113.987 Y184.624 F1000.000
G0 Z5.000 F500.000
G0 X113.987 Y184.624 F3000.000
G1 Z1.000 F500.000
G4 P100
G1 X143.974 Y184.624 F1000.000
G0 Z5.000 F500.000
G0 X143.974 Y210.000 F3000.000
G1 Z1.000 F500.000
G4 P100
G1 X143.974 Y184.624 F1000.000
G0 Z5.000 F500.000
G0 X113.987 Y210.000 F3000.000
G1 Z1.000 F500.000
G4 P100
G1 X113.987 Y184.624 F1000.000
G0 Z5.000 F500.000
G0 X113.987 Y210.000 F3000.000
G1 Z1.000 F500.000
G4 P100
G1 X143.974 Y210.000 F1000.000
G0 Z5.000 F500.000
G0 X84.000 Y210.000 F3000.000
G1 Z1.000 F500.000
G4 P100
G1 X84.000 Y184.624 F1000.000
G0 Z5.000 F500.000
G0 X84.000 Y210.000 F3000.000
G1 Z1.000 F500.000
G4 P100
G1 X113.987 Y210.000 F1000.000
G0 Z5.000 F500.000
G0 X54.013 Y210.000 F3000.000
G1 Z1.000 F500.000
G4 P100
G1 X54.013 Y184.624 F1000.000
G0 Z5.000 F500.000
G0 X54.013 Y210.000 F3000.000
G1 Z1.000 F500.000
G4 P100
G1 X84.000 Y210.000 F1000.000
G0 Z5.000 F500.000
G0 X24.026 Y210.000 F3000.000
G1 Z1.000 F500.000
G4 P100
G1 X24.026 Y184.624 F1000.000
G0 Z5.000 F500.000
G0 X24.026 Y184.624 F3000.000
G1 Z1.000 F500.000
G4 P100
G1 X24.026 Y118.859 F1000.000
G0 Z5.000 F500.000
G0 X24.026 Y184.624 F3000.000
G1 Z1.000 F500.000
G4 P100
G1 X54.013 Y184.624 F1000.000
G0 Z5.000 F500.000
G0 X24.026 Y210.000 F3000.000
G1 Z1.000 F500.000
G4 P100
G1 X54.013 Y210.000 F1000.000
G0 Z5.000 F500.000
M400
M84
; End
